{
  "type": "FeatureCollection",
  "features": [
    {
      "type": "Feature",
      "geometry": {
        "type": "GeometryCollection",
        "geometries": [
          {
            "type": "MultiLineString",
            "coordinates": [
              [
                [
                  -34.896566732,
                  -8.06678174
                ],
                [
                  -34.896782618,
                  -8.066473415
                ]
              ],
              [
                [
                  -34.897684903,
                  -8.066619119
                ],
                [
                  -34.897589376,
                  -8.066418496
                ]
              ],
              [
                [
                  -34.896782618,
                  -8.066473415
                ],
                [
                  -34.897234663,
                  -8.06661265
                ],
                [
                  -34.897649397,
                  -8.066332467
                ],
                [
                  -34.897715275,
                  -8.065964982
                ],
                [
                  -34.897484047,
                  -8.065467291
                ],
                [
                  -34.897265523,
                  -8.06549462
                ],
                [
                  -34.89715872,
                  -8.065755974
                ]
              ],
              [
                [
                  -34.896782618,
                  -8.066473415
                ],
                [
                  -34.896795377,
                  -8.066075099
                ],
                [
                  -34.896547894,
                  -8.065990555
                ],
                [
                  -34.896877348,
                  -8.065756295
                ],
                [
                  -34.897256816,
                  -8.062268417
                ]
              ],
              [
                [
                  -34.89701115,
                  -8.065800136
                ],
                [
                  -34.897744167,
                  -8.059028126
                ],
                [
                  -34.897617782,
                  -8.055512137
                ],
                [
                  -34.894938386,
                  -8.051597132
                ],
                [
                  -34.890210431,
                  -8.045672742
                ]
              ],
              [
                [
                  -34.89715872,
                  -8.065755974
                ],
                [
                  -34.897147776,
                  -8.065837798
                ]
              ],
              [
                [
                  -34.89715872,
                  -8.065755974
                ],
                [
                  -34.89715852,
                  -8.065756464
                ]
              ],
              [
                [
                  -34.89715872,
                  -8.065755974
                ],
                [
                  -34.897499256,
                  -8.06465188
                ],
                [
                  -34.898034718,
                  -8.059286009
                ],
                [
                  -34.898028128,
                  -8.055523092
                ],
                [
                  -34.897630792,
                  -8.05468055
                ],
                [
                  -34.895337269,
                  -8.051486387
                ],
                [
                  -34.891387468,
                  -8.046411854
                ]
              ],
              [
                [
                  -34.897256816,
                  -8.062268417
                ],
                [
                  -34.897652324,
                  -8.058812755
                ],
                [
                  -34.897529836,
                  -8.05553259
                ],
                [
                  -34.894983914,
                  -8.051773358
                ],
                [
                  -34.892739714,
                  -8.048904408
                ]
              ],
              [
                [
                  -34.897231471,
                  -8.062103803
                ],
                [
                  -34.897256816,
                  -8.062268417
                ]
              ],
              [
                [
                  -34.89807152,
                  -8.060381478
                ],
                [
                  -34.89758897,
                  -8.064714679
                ],
                [
                  -34.898084394,
                  -8.066086668
                ],
                [
                  -34.898057266,
                  -8.066538727
                ]
              ],
              [
                [
                  -34.898288323,
                  -8.060364507
                ],
                [
                  -34.89807152,
                  -8.060381478
                ]
              ],
              [
                [
                  -34.898243594,
                  -8.05747143
                ],
                [
                  -34.898211393,
                  -8.055937697
                ],
                [
                  -34.897975333,
                  -8.055043706
                ],
                [
                  -34.895320482,
                  -8.051263784
                ]
              ],
              [
                [
                  -34.898237323,
                  -8.057471323
                ],
                [
                  -34.89807152,
                  -8.060381478
                ]
              ],
              [
                [
                  -34.895318305,
                  -8.051266181
                ],
                [
                  -34.89162314,
                  -8.046524516
                ]
              ],
              [
                [
                  -34.892639114,
                  -8.048830588
                ],
                [
                  -34.890210431,
                  -8.045672742
                ]
              ],
              [
                [
                  -34.891623026,
                  -8.046524609
                ],
                [
                  -34.890780874,
                  -8.045431731
                ]
              ],
              [
                [
                  -34.891387468,
                  -8.046411854
                ],
                [
                  -34.891272391,
                  -8.046304907
                ]
              ],
              [
                [
                  -34.890210431,
                  -8.045672742
                ],
                [
                  -34.889986514,
                  -8.045804865
                ]
              ],
              [
                [
                  -34.88958596,
                  -8.04532299
                ],
                [
                  -34.886447012,
                  -8.043838704
                ]
              ],
              [
                [
                  -34.88958596,
                  -8.04532299
                ],
                [
                  -34.889944339,
                  -8.045521052
                ],
                [
                  -34.889977428,
                  -8.045110931
                ]
              ],
              [
                [
                  -34.88958596,
                  -8.04532299
                ],
                [
                  -34.889816993,
                  -8.045186789
                ],
                [
                  -34.888439889,
                  -8.04436826
                ]
              ],
              [
                [
                  -34.89009558,
                  -8.044798597
                ],
                [
                  -34.891387468,
                  -8.046411854
                ]
              ],
              [
                [
                  -34.8884423,
                  -8.044368221
                ],
                [
                  -34.887329377,
                  -8.043864241
                ]
              ],
              [
                [
                  -34.890125826,
                  -8.044302019
                ],
                [
                  -34.889869744,
                  -8.044288646
                ]
              ],
              [
                [
                  -34.889869744,
                  -8.044288646
                ],
                [
                  -34.88972737,
                  -8.044530989
                ],
                [
                  -34.887478901,
                  -8.04357156
                ]
              ],
              [
                [
                  -34.889869744,
                  -8.044288646
                ],
                [
                  -34.886844146,
                  -8.042861383
                ]
              ],
              [
                [
                  -34.887329377,
                  -8.043864241
                ],
                [
                  -34.886594668,
                  -8.043531531
                ]
              ],
              [
                [
                  -34.886308582,
                  -8.043773629
                ],
                [
                  -34.886447012,
                  -8.043838704
                ]
              ],
              [
                [
                  -34.886308582,
                  -8.043773629
                ],
                [
                  -34.886423117,
                  -8.043453844
                ]
              ],
              [
                [
                  -34.887478901,
                  -8.04357156
                ],
                [
                  -34.887329377,
                  -8.043864241
                ]
              ],
              [
                [
                  -34.887478901,
                  -8.04357156
                ],
                [
                  -34.886687237,
                  -8.043197223
                ]
              ],
              [
                [
                  -34.887479512,
                  -8.043570363
                ],
                [
                  -34.887478901,
                  -8.04357156
                ]
              ],
              [
                [
                  -34.886594668,
                  -8.043531531
                ],
                [
                  -34.886447012,
                  -8.043838704
                ]
              ],
              [
                [
                  -34.886594668,
                  -8.043531531
                ],
                [
                  -34.886423117,
                  -8.043453844
                ]
              ],
              [
                [
                  -34.886423117,
                  -8.043453844
                ],
                [
                  -34.882544094,
                  -8.041650187
                ]
              ],
              [
                [
                  -34.886687237,
                  -8.043197223
                ],
                [
                  -34.886609192,
                  -8.04316023
                ]
              ],
              [
                [
                  -34.886609192,
                  -8.04316023
                ],
                [
                  -34.885458914,
                  -8.042614996
                ]
              ],
              [
                [
                  -34.886609192,
                  -8.04316023
                ],
                [
                  -34.886844146,
                  -8.042861383
                ]
              ],
              [
                [
                  -34.884666038,
                  -8.043001695
                ],
                [
                  -34.886308582,
                  -8.043773629
                ]
              ],
              [
                [
                  -34.884666038,
                  -8.043001695
                ],
                [
                  -34.884756636,
                  -8.042801405
                ]
              ],
              [
                [
                  -34.884418696,
                  -8.042955769
                ],
                [
                  -34.884666038,
                  -8.043001695
                ]
              ],
              [
                [
                  -34.886844146,
                  -8.042861383
                ],
                [
                  -34.886687237,
                  -8.043197223
                ]
              ],
              [
                [
                  -34.886774058,
                  -8.042828891
                ],
                [
                  -34.885266408,
                  -8.042147976
                ],
                [
                  -34.885458914,
                  -8.042614996
                ]
              ],
              [
                [
                  -34.884038327,
                  -8.042681179
                ],
                [
                  -34.884157878,
                  -8.042837142
                ]
              ],
              [
                [
                  -34.884038327,
                  -8.042681179
                ],
                [
                  -34.884185193,
                  -8.04256547
                ]
              ],
              [
                [
                  -34.885458914,
                  -8.042614996
                ],
                [
                  -34.885459247,
                  -8.042615328
                ]
              ],
              [
                [
                  -34.885458914,
                  -8.042614996
                ],
                [
                  -34.884333183,
                  -8.042065424
                ]
              ],
              [
                [
                  -34.883197676,
                  -8.042322216
                ],
                [
                  -34.884038327,
                  -8.042681179
                ]
              ],
              [
                [
                  -34.883197676,
                  -8.042322216
                ],
                [
                  -34.883329117,
                  -8.04253523
                ]
              ],
              [
                [
                  -34.883197676,
                  -8.042322216
                ],
                [
                  -34.882394675,
                  -8.041944706
                ]
              ],
              [
                [
                  -34.88460154,
                  -8.042109532
                ],
                [
                  -34.884600085,
                  -8.042109342
                ]
              ],
              [
                [
                  -34.88460154,
                  -8.042109532
                ],
                [
                  -34.884333183,
                  -8.042065424
                ]
              ],
              [
                [
                  -34.884333183,
                  -8.042065424
                ],
                [
                  -34.88270273,
                  -8.041308598
                ]
              ],
              [
                [
                  -34.882394675,
                  -8.041944706
                ],
                [
                  -34.882325214,
                  -8.041912435
                ]
              ],
              [
                [
                  -34.884790284,
                  -8.041929603
                ],
                [
                  -34.884998586,
                  -8.042026908
                ],
                [
                  -34.88460154,
                  -8.042109532
                ]
              ],
              [
                [
                  -34.884790284,
                  -8.041929603
                ],
                [
                  -34.88460154,
                  -8.042109532
                ]
              ],
              [
                [
                  -34.882325214,
                  -8.041912435
                ],
                [
                  -34.878821453,
                  -8.040291845
                ],
                [
                  -34.879382555,
                  -8.040166889
                ]
              ],
              [
                [
                  -34.882544094,
                  -8.041650187
                ],
                [
                  -34.882394675,
                  -8.041944706
                ]
              ],
              [
                [
                  -34.882544094,
                  -8.041650187
                ],
                [
                  -34.882467671,
                  -8.041613122
                ]
              ],
              [
                [
                  -34.882467671,
                  -8.041613122
                ],
                [
                  -34.882325214,
                  -8.041912435
                ]
              ],
              [
                [
                  -34.882467671,
                  -8.041613122
                ],
                [
                  -34.879382555,
                  -8.040166889
                ]
              ],
              [
                [
                  -34.88270273,
                  -8.041308598
                ],
                [
                  -34.882626137,
                  -8.041272933
                ]
              ],
              [
                [
                  -34.882626137,
                  -8.041272933
                ],
                [
                  -34.881369417,
                  -8.040720231
                ]
              ],
              [
                [
                  -34.882846674,
                  -8.041006523
                ],
                [
                  -34.884790284,
                  -8.041929603
                ]
              ],
              [
                [
                  -34.882846674,
                  -8.041006523
                ],
                [
                  -34.88270273,
                  -8.041308598
                ]
              ],
              [
                [
                  -34.882773022,
                  -8.040970116
                ],
                [
                  -34.882846674,
                  -8.041006523
                ]
              ],
              [
                [
                  -34.882773022,
                  -8.040970116
                ],
                [
                  -34.882626137,
                  -8.041272933
                ]
              ],
              [
                [
                  -34.881369417,
                  -8.040720231
                ],
                [
                  -34.879560862,
                  -8.039860478
                ]
              ],
              [
                [
                  -34.881683843,
                  -8.040471366
                ],
                [
                  -34.881369417,
                  -8.040720231
                ]
              ],
              [
                [
                  -34.878225185,
                  -8.040007059
                ],
                [
                  -34.878465892,
                  -8.040297033
                ]
              ],
              [
                [
                  -34.878364217,
                  -8.039723403
                ],
                [
                  -34.878553092,
                  -8.040113848
                ]
              ],
              [
                [
                  -34.878364217,
                  -8.039723403
                ],
                [
                  -34.878392998,
                  -8.039925017
                ],
                [
                  -34.878225185,
                  -8.040007059
                ]
              ],
              [
                [
                  -34.877478749,
                  -8.039663304
                ],
                [
                  -34.878225185,
                  -8.040007059
                ]
              ],
              [
                [
                  -34.878236644,
                  -8.039637122
                ],
                [
                  -34.879382555,
                  -8.040166889
                ]
              ],
              [
                [
                  -34.878236644,
                  -8.039637122
                ],
                [
                  -34.878364217,
                  -8.039723403
                ]
              ],
              [
                [
                  -34.878891789,
                  -8.039603648
                ],
                [
                  -34.87890874,
                  -8.039562235
                ]
              ],
              [
                [
                  -34.879232466,
                  -8.039593414
                ],
                [
                  -34.879560862,
                  -8.039860478
                ]
              ],
              [
                [
                  -34.879232466,
                  -8.039593414
                ],
                [
                  -34.879385895,
                  -8.039394247
                ]
              ],
              [
                [
                  -34.879232466,
                  -8.039593414
                ],
                [
                  -34.879180206,
                  -8.039136881
                ],
                [
                  -34.879385895,
                  -8.039394247
                ]
              ],
              [
                [
                  -34.87890874,
                  -8.039562235
                ],
                [
                  -34.879560862,
                  -8.039860478
                ]
              ],
              [
                [
                  -34.87890874,
                  -8.039562235
                ],
                [
                  -34.878274493,
                  -8.039263944
                ]
              ],
              [
                [
                  -34.87890874,
                  -8.039562235
                ],
                [
                  -34.879044912,
                  -8.039229924
                ]
              ],
              [
                [
                  -34.879385895,
                  -8.039394247
                ],
                [
                  -34.882773022,
                  -8.040970116
                ]
              ],
              [
                [
                  -34.877641865,
                  -8.039362149
                ],
                [
                  -34.878236644,
                  -8.039637122
                ]
              ],
              [
                [
                  -34.877641865,
                  -8.039362149
                ],
                [
                  -34.877478749,
                  -8.039663304
                ]
              ],
              [
                [
                  -34.878630176,
                  -8.039303897
                ],
                [
                  -34.878274493,
                  -8.039263944
                ]
              ],
              [
                [
                  -34.878274493,
                  -8.039263944
                ],
                [
                  -34.878142469,
                  -8.039201852
                ]
              ],
              [
                [
                  -34.877332693,
                  -8.039219215
                ],
                [
                  -34.877641865,
                  -8.039362149
                ]
              ],
              [
                [
                  -34.877332693,
                  -8.039219215
                ],
                [
                  -34.876477845,
                  -8.039196585
                ]
              ],
              [
                [
                  -34.878142469,
                  -8.039201852
                ],
                [
                  -34.874538271,
                  -8.037506736
                ]
              ],
              [
                [
                  -34.876477845,
                  -8.039196585
                ],
                [
                  -34.877478749,
                  -8.039663304
                ]
              ],
              [
                [
                  -34.876477845,
                  -8.039196585
                ],
                [
                  -34.873695542,
                  -8.037809372
                ],
                [
                  -34.874520447,
                  -8.037903871
                ]
              ],
              [
                [
                  -34.878980646,
                  -8.039094609
                ],
                [
                  -34.878630176,
                  -8.039303897
                ]
              ],
              [
                [
                  -34.878654715,
                  -8.039062436
                ],
                [
                  -34.87898143,
                  -8.039092845
                ]
              ],
              [
                [
                  -34.878654715,
                  -8.039062436
                ],
                [
                  -34.878630176,
                  -8.039303897
                ]
              ],
              [
                [
                  -34.878197908,
                  -8.038853749
                ],
                [
                  -34.878654715,
                  -8.039062436
                ]
              ],
              [
                [
                  -34.878197908,
                  -8.038853749
                ],
                [
                  -34.878016436,
                  -8.038954756
                ],
                [
                  -34.878142469,
                  -8.039201852
                ]
              ],
              [
                [
                  -34.878197908,
                  -8.038853749
                ],
                [
                  -34.874691458,
                  -8.037208472
                ]
              ],
              [
                [
                  -34.870266502,
                  -8.038055542
                ],
                [
                  -34.870299482,
                  -8.037574078
                ]
              ],
              [
                [
                  -34.874520447,
                  -8.037903871
                ],
                [
                  -34.877332693,
                  -8.039219215
                ]
              ],
              [
                [
                  -34.870299482,
                  -8.037574078
                ],
                [
                  -34.870665066,
                  -8.036742423
                ]
              ],
              [
                [
                  -34.874538271,
                  -8.037506736
                ],
                [
                  -34.874471002,
                  -8.037475098
                ]
              ],
              [
                [
                  -34.874471002,
                  -8.037475098
                ],
                [
                  -34.872660188,
                  -8.036634416
                ]
              ],
              [
                [
                  -34.873152812,
                  -8.037260864
                ],
                [
                  -34.874520447,
                  -8.037903871
                ]
              ],
              [
                [
                  -34.873152812,
                  -8.037260864
                ],
                [
                  -34.871364284,
                  -8.036554189
                ]
              ],
              [
                [
                  -34.874691458,
                  -8.037208472
                ],
                [
                  -34.874538271,
                  -8.037506736
                ]
              ],
              [
                [
                  -34.874691458,
                  -8.037208472
                ],
                [
                  -34.87460576,
                  -8.037175033
                ]
              ],
              [
                [
                  -34.87460576,
                  -8.037175033
                ],
                [
                  -34.874471002,
                  -8.037475098
                ]
              ],
              [
                [
                  -34.87460576,
                  -8.037175033
                ],
                [
                  -34.872660188,
                  -8.036634416
                ]
              ],
              [
                [
                  -34.872113812,
                  -8.036772361
                ],
                [
                  -34.873152812,
                  -8.037260864
                ]
              ],
              [
                [
                  -34.870665066,
                  -8.036742423
                ],
                [
                  -34.870029338,
                  -8.037096932
                ],
                [
                  -34.869365157,
                  -8.036878385
                ]
              ],
              [
                [
                  -34.870665066,
                  -8.036742423
                ],
                [
                  -34.870827775,
                  -8.036167705
                ]
              ],
              [
                [
                  -34.872660188,
                  -8.036634416
                ],
                [
                  -34.871168635,
                  -8.035904779
                ]
              ],
              [
                [
                  -34.871364284,
                  -8.036554189
                ],
                [
                  -34.870896699,
                  -8.036580254
                ],
                [
                  -34.870299482,
                  -8.037574078
                ]
              ],
              [
                [
                  -34.871364284,
                  -8.036554189
                ],
                [
                  -34.871311148,
                  -8.036318899
                ],
                [
                  -34.871484313,
                  -8.036200603
                ],
                [
                  -34.872660188,
                  -8.036634416
                ]
              ],
              [
                [
                  -34.871257503,
                  -8.035868784
                ],
                [
                  -34.872660188,
                  -8.036634416
                ]
              ]
            ]
          }
        ]
      },
      "properties": {
        "street_code": 1155,
        "street_name": "Avenida Governador Agamenon Magalhães",
        "total_violations": 644802,
        "extension_km": 21.99,
        "violations_per_km": 29326.16,
        "by_year": {
          "2007": 15254,
          "2008": 20334,
          "2009": 17443,
          "2010": 12530,
          "2011": 14458,
          "2012": 16023,
          "2013": 18257,
          "2014": 20368,
          "2015": 39839,
          "2016": 39790,
          "2017": 41912,
          "2018": 47949,
          "2019": 50532,
          "2020": 37047,
          "2021": 36971,
          "2022": 91024,
          "2023": 59690,
          "2024": 48653,
          "2025": 16728
        },
        "top_violation": {
          "description": "Transitar em velocidade superior à máxima permitida para o local, medida por instrumento ou equipamento hábil — quando a velocidade for superior à máxima em até 20% (vinte por cento).",
          "percentage": 28
        }
      }
    },
    {
      "type": "Feature",
      "geometry": {
        "type": "GeometryCollection",
        "geometries": [
          {
            "type": "MultiLineString",
            "coordinates": [
              [
                [
                  -34.918075025,
                  -8.143099216
                ],
                [
                  -34.915932924,
                  -8.129922671
                ]
              ],
              [
                [
                  -34.916962228,
                  -8.137178197
                ],
                [
                  -34.917978555,
                  -8.143149782
                ]
              ],
              [
                [
                  -34.916962228,
                  -8.137178197
                ],
                [
                  -34.916122726,
                  -8.136346552
                ],
                [
                  -34.916536528,
                  -8.135176992
                ],
                [
                  -34.916445615,
                  -8.134049309
                ]
              ],
              [
                [
                  -34.916962228,
                  -8.137178197
                ],
                [
                  -34.916445615,
                  -8.134049309
                ]
              ],
              [
                [
                  -34.916445615,
                  -8.134049309
                ],
                [
                  -34.916022356,
                  -8.131447033
                ]
              ],
              [
                [
                  -34.916588933,
                  -8.132454053
                ],
                [
                  -34.916300094,
                  -8.131563597
                ],
                [
                  -34.916297974,
                  -8.130263558
                ],
                [
                  -34.915932924,
                  -8.129922671
                ]
              ],
              [
                [
                  -34.915574524,
                  -8.132400637
                ],
                [
                  -34.915996076,
                  -8.13188618
                ],
                [
                  -34.915899725,
                  -8.131399433
                ],
                [
                  -34.915309353,
                  -8.130434448
                ],
                [
                  -34.915619878,
                  -8.129027743
                ]
              ],
              [
                [
                  -34.916022356,
                  -8.131447033
                ],
                [
                  -34.915769368,
                  -8.129931858
                ]
              ],
              [
                [
                  -34.915769368,
                  -8.129931858
                ],
                [
                  -34.915509117,
                  -8.13008819
                ],
                [
                  -34.915401092,
                  -8.130442724
                ],
                [
                  -34.916022356,
                  -8.131447033
                ]
              ],
              [
                [
                  -34.915769368,
                  -8.129931858
                ],
                [
                  -34.915619878,
                  -8.129027743
                ]
              ],
              [
                [
                  -34.915932924,
                  -8.129922671
                ],
                [
                  -34.915769368,
                  -8.129931858
                ]
              ],
              [
                [
                  -34.915932924,
                  -8.129922671
                ],
                [
                  -34.913978989,
                  -8.119307246
                ]
              ],
              [
                [
                  -34.91500316,
                  -8.121882591
                ],
                [
                  -34.914452986,
                  -8.121651454
                ]
              ],
              [
                [
                  -34.913855908,
                  -8.119333363
                ],
                [
                  -34.915619878,
                  -8.129027743
                ]
              ],
              [
                [
                  -34.913978989,
                  -8.119307246
                ],
                [
                  -34.913855908,
                  -8.119333363
                ]
              ],
              [
                [
                  -34.912681998,
                  -8.112501393
                ],
                [
                  -34.913978989,
                  -8.119307246
                ]
              ],
              [
                [
                  -34.912681998,
                  -8.112501393
                ],
                [
                  -34.912520982,
                  -8.112461342
                ]
              ],
              [
                [
                  -34.912681998,
                  -8.112501393
                ],
                [
                  -34.910458263,
                  -8.101389669
                ],
                [
                  -34.90995752,
                  -8.097221515
                ],
                [
                  -34.906976824,
                  -8.084028041
                ]
              ],
              [
                [
                  -34.912520982,
                  -8.112461342
                ],
                [
                  -34.913855908,
                  -8.119333363
                ]
              ],
              [
                [
                  -34.912520982,
                  -8.112461342
                ],
                [
                  -34.910283571,
                  -8.101280666
                ],
                [
                  -34.909830722,
                  -8.097378188
                ],
                [
                  -34.906896732,
                  -8.084119797
                ]
              ]
            ]
          }
        ]
      },
      "properties": {
        "street_code": 43451,
        "street_name": "Avenida Marechal Mascarenhas de Moraes",
        "total_violations": 574139,
        "extension_km": 14.75,
        "violations_per_km": 38924.23,
        "by_year": {
          "2007": 3602,
          "2008": 3699,
          "2009": 5662,
          "2010": 5705,
          "2011": 4415,
          "2012": 3727,
          "2013": 4384,
          "2014": 7527,
          "2015": 89187,
          "2016": 84143,
          "2017": 78093,
          "2018": 72982,
          "2019": 72925,
          "2020": 36185,
          "2021": 24355,
          "2022": 26323,
          "2023": 20791,
          "2024": 18184,
          "2025": 12250
        },
        "top_violation": {
          "description": "Transitar em velocidade superior à máxima permitida para o local, medida por instrumento ou equipamento hábil — quando a velocidade for superior à máxima em até 20% (vinte por cento).",
          "percentage": 54.49
        }
      }
    },
    {
      "type": "Feature",
      "geometry": {
        "type": "GeometryCollection",
        "geometries": [
          {
            "type": "MultiLineString",
            "coordinates": [
              [
                [
                  -34.912768997,
                  -8.101013959
                ],
                [
                  -34.912283286,
                  -8.098023047
                ],
                [
                  -34.910732525,
                  -8.091049408
                ]
              ],
              [
                [
                  -34.910732525,
                  -8.091049408
                ],
                [
                  -34.910692535,
                  -8.090902148
                ]
              ],
              [
                [
                  -34.910668301,
                  -8.091036534
                ],
                [
                  -34.910732525,
                  -8.091049408
                ]
              ],
              [
                [
                  -34.910442712,
                  -8.09102681
                ],
                [
                  -34.910668301,
                  -8.091036534
                ]
              ],
              [
                [
                  -34.910692535,
                  -8.090902148
                ],
                [
                  -34.910668301,
                  -8.091036534
                ]
              ],
              [
                [
                  -34.910388068,
                  -8.089588707
                ],
                [
                  -34.910692535,
                  -8.090902148
                ]
              ],
              [
                [
                  -34.910344443,
                  -8.089201235
                ],
                [
                  -34.91042115,
                  -8.089545146
                ]
              ],
              [
                [
                  -34.909945472,
                  -8.087577508
                ],
                [
                  -34.910301903,
                  -8.089206332
                ]
              ],
              [
                [
                  -34.909052335,
                  -8.083611789
                ],
                [
                  -34.909945073,
                  -8.08757955
                ]
              ]
            ]
          }
        ]
      },
      "properties": {
        "street_code": 40029,
        "street_name": "Rua Arquiteto Luiz Nunes",
        "total_violations": 328753,
        "extension_km": 2.02,
        "violations_per_km": 162352.94,
        "by_year": {
          "2007": 36,
          "2008": 54,
          "2009": 155,
          "2010": 41237,
          "2011": 33852,
          "2012": 13754,
          "2013": 17226,
          "2014": 36592,
          "2015": 23528,
          "2016": 20664,
          "2017": 160,
          "2018": 25306,
          "2019": 25216,
          "2020": 26708,
          "2021": 22462,
          "2022": 20157,
          "2023": 9762,
          "2024": 4301,
          "2025": 7583
        },
        "top_violation": {
          "description": "Transitar em velocidade superior à máxima permitida para o local, medida por instrumento ou equipamento hábil — quando a velocidade for superior à máxima em até 20% (vinte por cento).",
          "percentage": 80.84
        }
      }
    },
    {
      "type": "Feature",
      "geometry": {
        "type": "GeometryCollection",
        "geometries": [
          {
            "type": "MultiLineString",
            "coordinates": [
              [
                [
                  -34.940767386,
                  -8.066215267
                ],
                [
                  -34.927653439,
                  -8.060728711
                ],
                [
                  -34.926582117,
                  -8.060447703
                ],
                [
                  -34.918034232,
                  -8.062397691
                ],
                [
                  -34.916430102,
                  -8.062512888
                ],
                [
                  -34.911697816,
                  -8.062628013
                ],
                [
                  -34.905085659,
                  -8.061237444
                ]
              ],
              [
                [
                  -34.940776854,
                  -8.06610243
                ],
                [
                  -34.926863598,
                  -8.060343727
                ],
                [
                  -34.926037008,
                  -8.060367869
                ],
                [
                  -34.918104801,
                  -8.062278769
                ],
                [
                  -34.916634014,
                  -8.062393569
                ],
                [
                  -34.911639853,
                  -8.062523256
                ],
                [
                  -34.904991481,
                  -8.060996118
                ]
              ],
              [
                [
                  -34.929964522,
                  -8.061400655
                ],
                [
                  -34.929049848,
                  -8.061082474
                ]
              ],
              [
                [
                  -34.905081422,
                  -8.061238653
                ],
                [
                  -34.905085659,
                  -8.061237444
                ]
              ],
              [
                [
                  -34.905085659,
                  -8.061237444
                ],
                [
                  -34.904890876,
                  -8.061205493
                ]
              ],
              [
                [
                  -34.929050016,
                  -8.06108207
                ],
                [
                  -34.926888275,
                  -8.060161352
                ]
              ]
            ]
          }
        ]
      },
      "properties": {
        "street_code": 175,
        "street_name": "Avenida Engenheiro Abdias de Carvalho",
        "total_violations": 323345,
        "extension_km": 8.62,
        "violations_per_km": 37528.4,
        "by_year": {
          "2007": 1836,
          "2008": 2504,
          "2009": 3171,
          "2010": 2643,
          "2011": 1725,
          "2012": 2061,
          "2013": 2994,
          "2014": 6364,
          "2015": 32932,
          "2016": 31849,
          "2017": 38213,
          "2018": 43758,
          "2019": 40366,
          "2020": 34292,
          "2021": 20951,
          "2022": 19155,
          "2023": 17899,
          "2024": 13657,
          "2025": 6975
        },
        "top_violation": {
          "description": "Transitar em velocidade superior à máxima permitida para o local, medida por instrumento ou equipamento hábil — quando a velocidade for superior à máxima em até 20% (vinte por cento).",
          "percentage": 69.22
        }
      }
    },
    {
      "type": "Feature",
      "geometry": {
        "type": "GeometryCollection",
        "geometries": [
          {
            "type": "MultiLineString",
            "coordinates": [
              [
                [
                  -34.881662402,
                  -8.062084614
                ],
                [
                  -34.886642007,
                  -8.059519581
                ],
                [
                  -34.890050111,
                  -8.057550131
                ],
                [
                  -34.894915337,
                  -8.055981296
                ]
              ],
              [
                [
                  -34.892681844,
                  -8.056636763
                ],
                [
                  -34.889875132,
                  -8.05754906
                ],
                [
                  -34.886455023,
                  -8.059548905
                ],
                [
                  -34.881599417,
                  -8.062000046
                ]
              ],
              [
                [
                  -34.894915337,
                  -8.055981296
                ],
                [
                  -34.895360386,
                  -8.055979872
                ]
              ],
              [
                [
                  -34.894915337,
                  -8.055981296
                ],
                [
                  -34.894643496,
                  -8.055954613
                ]
              ],
              [
                [
                  -34.894643496,
                  -8.055954613
                ],
                [
                  -34.892649575,
                  -8.056583072
                ]
              ],
              [
                [
                  -34.895524222,
                  -8.055542348
                ],
                [
                  -34.894643496,
                  -8.055954613
                ]
              ]
            ]
          }
        ]
      },
      "properties": {
        "street_code": 11738,
        "street_name": "Avenida Conde da Boa Vista",
        "total_violations": 274512,
        "extension_km": 3.4,
        "violations_per_km": 80787.37,
        "by_year": {
          "2007": 5186,
          "2008": 5797,
          "2009": 8504,
          "2010": 4459,
          "2011": 3019,
          "2012": 2855,
          "2013": 7401,
          "2014": 3061,
          "2015": 26073,
          "2016": 44363,
          "2017": 14961,
          "2018": 15362,
          "2019": 9283,
          "2020": 18890,
          "2021": 23108,
          "2022": 22904,
          "2023": 25143,
          "2024": 26865,
          "2025": 7278
        },
        "top_violation": {
          "description": "Transitar em locais e horários não permitidos pela regulamentação estabelecida pela autoridade competente — para todos os tipos de veículos.",
          "percentage": 75.71
        }
      }
    },
    {
      "type": "Feature",
      "geometry": {
        "type": "GeometryCollection",
        "geometries": [
          {
            "type": "MultiLineString",
            "coordinates": [
              [
                [
                  -34.909265272,
                  -8.057117583
                ],
                [
                  -34.909521857,
                  -8.056944177
                ]
              ],
              [
                [
                  -34.909521857,
                  -8.056944177
                ],
                [
                  -34.909401877,
                  -8.056929641
                ],
                [
                  -34.909558967,
                  -8.056728547
                ]
              ],
              [
                [
                  -34.909521857,
                  -8.056944177
                ],
                [
                  -34.91070294,
                  -8.056270874
                ]
              ],
              [
                [
                  -34.909558967,
                  -8.056728547
                ],
                [
                  -34.909375972,
                  -8.056778803
                ]
              ],
              [
                [
                  -34.910062101,
                  -8.056459174
                ],
                [
                  -34.909558967,
                  -8.056728547
                ]
              ],
              [
                [
                  -34.91070294,
                  -8.056270874
                ],
                [
                  -34.911206222,
                  -8.055997352
                ]
              ],
              [
                [
                  -34.910605383,
                  -8.056156459
                ],
                [
                  -34.910062101,
                  -8.056459174
                ]
              ],
              [
                [
                  -34.910605383,
                  -8.056156459
                ],
                [
                  -34.910062101,
                  -8.056459174
                ]
              ],
              [
                [
                  -34.911206222,
                  -8.055997352
                ],
                [
                  -34.91070294,
                  -8.056270874
                ]
              ],
              [
                [
                  -34.911206222,
                  -8.055997352
                ],
                [
                  -34.91390896,
                  -8.054492072
                ]
              ],
              [
                [
                  -34.913197288,
                  -8.054716336
                ],
                [
                  -34.910605383,
                  -8.056156459
                ]
              ],
              [
                [
                  -34.91390896,
                  -8.054492072
                ],
                [
                  -34.914439454,
                  -8.054200727
                ]
              ],
              [
                [
                  -34.913769705,
                  -8.054403322
                ],
                [
                  -34.913197288,
                  -8.054716336
                ]
              ],
              [
                [
                  -34.913769705,
                  -8.054403322
                ],
                [
                  -34.913197288,
                  -8.054716336
                ]
              ],
              [
                [
                  -34.914439454,
                  -8.054200727
                ],
                [
                  -34.91390896,
                  -8.054492072
                ]
              ],
              [
                [
                  -34.914439454,
                  -8.054200727
                ],
                [
                  -34.916874075,
                  -8.052863176
                ]
              ],
              [
                [
                  -34.916140863,
                  -8.053067083
                ],
                [
                  -34.913769705,
                  -8.054403322
                ]
              ],
              [
                [
                  -34.916874075,
                  -8.052863176
                ],
                [
                  -34.917450376,
                  -8.052559216
                ]
              ],
              [
                [
                  -34.916874075,
                  -8.052863176
                ],
                [
                  -34.917450376,
                  -8.052559216
                ]
              ],
              [
                [
                  -34.916290932,
                  -8.052851877
                ],
                [
                  -34.915706545,
                  -8.053187328
                ]
              ],
              [
                [
                  -34.916774913,
                  -8.052726106
                ],
                [
                  -34.916140863,
                  -8.053067083
                ]
              ],
              [
                [
                  -34.916774913,
                  -8.052726106
                ],
                [
                  -34.916140863,
                  -8.053067083
                ]
              ],
              [
                [
                  -34.917450376,
                  -8.052559216
                ],
                [
                  -34.924546231,
                  -8.048628357
                ]
              ],
              [
                [
                  -34.923899158,
                  -8.048799206
                ],
                [
                  -34.916774913,
                  -8.052726106
                ]
              ],
              [
                [
                  -34.924546231,
                  -8.048628357
                ],
                [
                  -34.925074311,
                  -8.04833795
                ]
              ],
              [
                [
                  -34.924546231,
                  -8.048628357
                ],
                [
                  -34.925074311,
                  -8.04833795
                ]
              ],
              [
                [
                  -34.924443131,
                  -8.04850951
                ],
                [
                  -34.923899158,
                  -8.048799206
                ]
              ],
              [
                [
                  -34.924443131,
                  -8.04850951
                ],
                [
                  -34.923899158,
                  -8.048799206
                ]
              ],
              [
                [
                  -34.925074311,
                  -8.04833795
                ],
                [
                  -34.927006083,
                  -8.047258533
                ]
              ],
              [
                [
                  -34.926445534,
                  -8.047386412
                ],
                [
                  -34.924443131,
                  -8.04850951
                ]
              ],
              [
                [
                  -34.926445534,
                  -8.047386412
                ],
                [
                  -34.927044763,
                  -8.047064049
                ]
              ],
              [
                [
                  -34.927005847,
                  -8.047258641
                ],
                [
                  -34.927171855,
                  -8.047168935
                ]
              ],
              [
                [
                  -34.927171855,
                  -8.047168935
                ],
                [
                  -34.927708473,
                  -8.046878902
                ]
              ],
              [
                [
                  -34.927171855,
                  -8.047168935
                ],
                [
                  -34.927708473,
                  -8.046878902
                ]
              ],
              [
                [
                  -34.927044763,
                  -8.047064049
                ],
                [
                  -34.926445534,
                  -8.047386412
                ]
              ],
              [
                [
                  -34.927708473,
                  -8.046878902
                ],
                [
                  -34.945804021,
                  -8.036866183
                ]
              ],
              [
                [
                  -34.929200123,
                  -8.045871708
                ],
                [
                  -34.927044763,
                  -8.047064049
                ]
              ],
              [
                [
                  -34.92972197,
                  -8.045595091
                ],
                [
                  -34.929200123,
                  -8.045871708
                ]
              ],
              [
                [
                  -34.92972197,
                  -8.045595091
                ],
                [
                  -34.929200123,
                  -8.045871708
                ]
              ],
              [
                [
                  -34.938137854,
                  -8.040936455
                ],
                [
                  -34.92972197,
                  -8.045595091
                ]
              ],
              [
                [
                  -34.945804021,
                  -8.036866183
                ],
                [
                  -34.945978737,
                  -8.036779274
                ]
              ],
              [
                [
                  -34.945804021,
                  -8.036866183
                ],
                [
                  -34.946378053,
                  -8.036562873
                ]
              ],
              [
                [
                  -34.945979599,
                  -8.036781171
                ],
                [
                  -34.946378053,
                  -8.036562873
                ]
              ],
              [
                [
                  -34.946378053,
                  -8.036562873
                ],
                [
                  -34.94945492,
                  -8.034860457
                ]
              ],
              [
                [
                  -34.94844351,
                  -8.035231418
                ],
                [
                  -34.938138188,
                  -8.040937068
                ]
              ],
              [
                [
                  -34.94844351,
                  -8.035231418
                ],
                [
                  -34.949001842,
                  -8.034920717
                ]
              ],
              [
                [
                  -34.949001842,
                  -8.034920717
                ],
                [
                  -34.94844351,
                  -8.035231418
                ]
              ],
              [
                [
                  -34.949001842,
                  -8.034920717
                ],
                [
                  -34.956249424,
                  -8.030906628
                ]
              ],
              [
                [
                  -34.94945492,
                  -8.034860457
                ],
                [
                  -34.949796878,
                  -8.034673776
                ]
              ],
              [
                [
                  -34.94945492,
                  -8.034860457
                ],
                [
                  -34.949989114,
                  -8.034563324
                ]
              ],
              [
                [
                  -34.949989114,
                  -8.034563324
                ],
                [
                  -34.949796878,
                  -8.034673776
                ]
              ],
              [
                [
                  -34.951752168,
                  -8.033562892
                ],
                [
                  -34.951599233,
                  -8.034020961
                ],
                [
                  -34.950451029,
                  -8.034649911
                ],
                [
                  -34.949796878,
                  -8.034673776
                ]
              ],
              [
                [
                  -34.951752168,
                  -8.033562892
                ],
                [
                  -34.949989114,
                  -8.034563324
                ]
              ],
              [
                [
                  -34.952745389,
                  -8.033014439
                ],
                [
                  -34.951752168,
                  -8.033562892
                ]
              ],
              [
                [
                  -34.952760108,
                  -8.033006309
                ],
                [
                  -34.953153615,
                  -8.032818146
                ]
              ],
              [
                [
                  -34.953153615,
                  -8.032818146
                ],
                [
                  -34.953683357,
                  -8.032530403
                ]
              ],
              [
                [
                  -34.953153615,
                  -8.032818146
                ],
                [
                  -34.953683357,
                  -8.032530403
                ]
              ],
              [
                [
                  -34.953683357,
                  -8.032530403
                ],
                [
                  -34.956291397,
                  -8.031076434
                ]
              ]
            ]
          }
        ]
      },
      "properties": {
        "street_code": 15903,
        "street_name": "Avenida Caxangá",
        "total_violations": 250157,
        "extension_km": 13.35,
        "violations_per_km": 18733.97,
        "by_year": {
          "2007": 3844,
          "2008": 4004,
          "2009": 14034,
          "2010": 13255,
          "2011": 13057,
          "2012": 5743,
          "2013": 2568,
          "2014": 6257,
          "2015": 7494,
          "2016": 5199,
          "2017": 10067,
          "2018": 7611,
          "2019": 11761,
          "2020": 13910,
          "2021": 19639,
          "2022": 42811,
          "2023": 20566,
          "2024": 38833,
          "2025": 9504
        },
        "top_violation": {
          "description": "Transitar com o veículo na faixa ou via de trânsito exclusivo, regulamentada com circulação destinada aos veículos de transporte público coletivo de passageiros, salvo casos de força maior e com autorização do poder público competente.",
          "percentage": 37.94
        }
      }
    },
    {
      "type": "Feature",
      "geometry": {
        "type": "GeometryCollection",
        "geometries": [
          {
            "type": "MultiLineString",
            "coordinates": [
              [
                [
                  -34.877567683,
                  -8.068866913
                ],
                [
                  -34.878080773,
                  -8.070039759
                ],
                [
                  -34.879259235,
                  -8.071820197
                ]
              ]
            ]
          }
        ]
      },
      "properties": {
        "street_code": 58750,
        "street_name": "Rua de Santa Rita",
        "total_violations": 226177,
        "extension_km": 0.38,
        "violations_per_km": 599165.05,
        "by_year": {
          "2007": 1283,
          "2008": 1295,
          "2009": 1457,
          "2010": 1520,
          "2011": 1551,
          "2012": 1778,
          "2013": 5053,
          "2014": 20068,
          "2015": 30922,
          "2016": 16596,
          "2017": 6806,
          "2018": 36836,
          "2019": 24413,
          "2020": 10370,
          "2021": 18518,
          "2022": 23481,
          "2023": 15066,
          "2024": 6345,
          "2025": 2819
        },
        "top_violation": {
          "description": "Transitar em velocidade superior à máxima permitida para o local, medida por instrumento ou equipamento hábil — quando a velocidade for superior à máxima em até 20% (vinte por cento).",
          "percentage": 69.31
        }
      }
    },
    {
      "type": "Feature",
      "geometry": {
        "type": "GeometryCollection",
        "geometries": [
          {
            "type": "MultiLineString",
            "coordinates": [
              [
                [
                  -34.921184085,
                  -8.119720784
                ],
                [
                  -34.92137154,
                  -8.119142741
                ]
              ],
              [
                [
                  -34.920959165,
                  -8.119492066
                ],
                [
                  -34.92137154,
                  -8.119142741
                ]
              ],
              [
                [
                  -34.920891103,
                  -8.119419843
                ],
                [
                  -34.925861569,
                  -8.113819175
                ],
                [
                  -34.926261305,
                  -8.113080068
                ],
                [
                  -34.929770332,
                  -8.088570133
                ],
                [
                  -34.930175472,
                  -8.087647226
                ],
                [
                  -34.930633953,
                  -8.087124706
                ]
              ],
              [
                [
                  -34.92137154,
                  -8.119142741
                ],
                [
                  -34.926195344,
                  -8.113492729
                ]
              ],
              [
                [
                  -34.926195344,
                  -8.113492729
                ],
                [
                  -34.926410699,
                  -8.112935489
                ]
              ],
              [
                [
                  -34.926410699,
                  -8.112935489
                ],
                [
                  -34.926612755,
                  -8.113141797
                ],
                [
                  -34.926195344,
                  -8.113492729
                ]
              ],
              [
                [
                  -34.926410699,
                  -8.112935489
                ],
                [
                  -34.928784704,
                  -8.096280068
                ]
              ],
              [
                [
                  -34.929050273,
                  -8.096201653
                ],
                [
                  -34.928784704,
                  -8.096280068
                ]
              ],
              [
                [
                  -34.930036835,
                  -8.087527386
                ],
                [
                  -34.931412448,
                  -8.086099064
                ]
              ],
              [
                [
                  -34.930718094,
                  -8.087297249
                ],
                [
                  -34.931199698,
                  -8.086904422
                ],
                [
                  -34.931705895,
                  -8.086133076
                ]
              ],
              [
                [
                  -34.930688585,
                  -8.087227545
                ],
                [
                  -34.930215296,
                  -8.08775967
                ],
                [
                  -34.929840828,
                  -8.088692944
                ],
                [
                  -34.928784704,
                  -8.096280068
                ]
              ],
              [
                [
                  -34.934652051,
                  -8.077778256
                ],
                [
                  -34.933982781,
                  -8.079199516
                ],
                [
                  -34.93252704,
                  -8.083760215
                ],
                [
                  -34.931621049,
                  -8.085941641
                ]
              ],
              [
                [
                  -34.936418313,
                  -8.075111642
                ],
                [
                  -34.934724034,
                  -8.077666466
                ]
              ],
              [
                [
                  -34.936418313,
                  -8.075111642
                ],
                [
                  -34.936313885,
                  -8.074634459
                ],
                [
                  -34.936612253,
                  -8.074633322
                ],
                [
                  -34.936941899,
                  -8.074320622
                ]
              ],
              [
                [
                  -34.936418313,
                  -8.075111642
                ],
                [
                  -34.944420141,
                  -8.063507926
                ],
                [
                  -34.945400034,
                  -8.061243227
                ],
                [
                  -34.945602603,
                  -8.060281444
                ]
              ],
              [
                [
                  -34.944659631,
                  -8.06340128
                ],
                [
                  -34.942095092,
                  -8.066938852
                ],
                [
                  -34.934643557,
                  -8.077952425
                ],
                [
                  -34.934108841,
                  -8.079187644
                ],
                [
                  -34.932495946,
                  -8.084163293
                ],
                [
                  -34.931707763,
                  -8.085994221
                ]
              ]
            ]
          }
        ]
      },
      "properties": {
        "street_code": 56871,
        "street_name": "Avenida Recife",
        "total_violations": 187442,
        "extension_km": 14.57,
        "violations_per_km": 12864.73,
        "by_year": {
          "2007": 5863,
          "2008": 6501,
          "2009": 10457,
          "2010": 6245,
          "2011": 4280,
          "2012": 4510,
          "2013": 7970,
          "2014": 3342,
          "2015": 34829,
          "2016": 16746,
          "2017": 15789,
          "2018": 11904,
          "2019": 17321,
          "2020": 7439,
          "2021": 5090,
          "2022": 8090,
          "2023": 7313,
          "2024": 8359,
          "2025": 5394
        },
        "top_violation": {
          "description": "Transitar em velocidade superior à máxima permitida para o local, medida por instrumento ou equipamento hábil — quando a velocidade for superior à máxima em até 20% (vinte por cento).",
          "percentage": 46.41
        }
      }
    },
    {
      "type": "Feature",
      "geometry": {
        "type": "GeometryCollection",
        "geometries": [
          {
            "type": "MultiLineString",
            "coordinates": [
              [
                [
                  -34.907792977,
                  -8.151111615
                ],
                [
                  -34.906421395,
                  -8.147778204
                ],
                [
                  -34.903523394,
                  -8.14183673
                ],
                [
                  -34.901185455,
                  -8.134818908
                ],
                [
                  -34.898117693,
                  -8.128077202
                ],
                [
                  -34.896295387,
                  -8.122580037
                ],
                [
                  -34.894901508,
                  -8.119900824
                ],
                [
                  -34.890157865,
                  -8.112206918
                ],
                [
                  -34.888803006,
                  -8.109245385
                ]
              ],
              [
                [
                  -34.888803006,
                  -8.109245385
                ],
                [
                  -34.88873589,
                  -8.10864568
                ],
                [
                  -34.887955841,
                  -8.107278986
                ]
              ],
              [
                [
                  -34.887955841,
                  -8.107278986
                ],
                [
                  -34.888803006,
                  -8.109245385
                ]
              ],
              [
                [
                  -34.887955841,
                  -8.107278986
                ],
                [
                  -34.88748416,
                  -8.106287906
                ]
              ],
              [
                [
                  -34.88748416,
                  -8.106287906
                ],
                [
                  -34.886306853,
                  -8.103756712
                ]
              ],
              [
                [
                  -34.88748416,
                  -8.106287906
                ],
                [
                  -34.887524173,
                  -8.105512567
                ],
                [
                  -34.887291672,
                  -8.104806417
                ],
                [
                  -34.886862032,
                  -8.104125571
                ],
                [
                  -34.886306853,
                  -8.103756712
                ]
              ],
              [
                [
                  -34.886306853,
                  -8.103756712
                ],
                [
                  -34.886028439,
                  -8.103186932
                ]
              ],
              [
                [
                  -34.886028439,
                  -8.103186932
                ],
                [
                  -34.885329447,
                  -8.101240677
                ],
                [
                  -34.884880463,
                  -8.100747951
                ]
              ],
              [
                [
                  -34.884880463,
                  -8.100747951
                ],
                [
                  -34.886028439,
                  -8.103186932
                ]
              ],
              [
                [
                  -34.882302303,
                  -8.092571149
                ],
                [
                  -34.883646214,
                  -8.098024674
                ],
                [
                  -34.884880463,
                  -8.100747951
                ]
              ],
              [
                [
                  -34.882349539,
                  -8.092347509
                ],
                [
                  -34.882302303,
                  -8.092571149
                ]
              ],
              [
                [
                  -34.882349539,
                  -8.092347509
                ],
                [
                  -34.882220795,
                  -8.091734192
                ]
              ],
              [
                [
                  -34.882362848,
                  -8.091737998
                ],
                [
                  -34.882349539,
                  -8.092347509
                ]
              ],
              [
                [
                  -34.881912992,
                  -8.090529026
                ],
                [
                  -34.882130749,
                  -8.091645754
                ]
              ],
              [
                [
                  -34.881784788,
                  -8.090483437
                ],
                [
                  -34.882302303,
                  -8.092571149
                ]
              ]
            ]
          }
        ]
      },
      "properties": {
        "street_code": 11720,
        "street_name": "Avenida Boa Viagem",
        "total_violations": 185388,
        "extension_km": 8.5,
        "violations_per_km": 21815,
        "by_year": {
          "2007": 10046,
          "2008": 7229,
          "2009": 17141,
          "2010": 10063,
          "2011": 4525,
          "2012": 4858,
          "2013": 5263,
          "2014": 5941,
          "2015": 19365,
          "2016": 13044,
          "2017": 13403,
          "2018": 13506,
          "2019": 13315,
          "2020": 12450,
          "2021": 13718,
          "2022": 7430,
          "2023": 5782,
          "2024": 5616,
          "2025": 2693
        },
        "top_violation": {
          "description": "Transitar em velocidade superior à máxima permitida para o local, medida por instrumento ou equipamento hábil — quando a velocidade for superior à máxima em até 20% (vinte por cento).",
          "percentage": 36.77
        }
      }
    },
    {
      "type": "Feature",
      "geometry": {
        "type": "GeometryCollection",
        "geometries": [
          {
            "type": "MultiLineString",
            "coordinates": [
              [
                [
                  -34.873318553,
                  -8.066178587
                ],
                [
                  -34.873814713,
                  -8.062387165
                ]
              ]
            ]
          }
        ]
      },
      "properties": {
        "street_code": 19429,
        "street_name": "Rua Madre de Deus",
        "total_violations": 166533,
        "extension_km": 0.42,
        "violations_per_km": 392951.48,
        "by_year": {
          "2007": 371,
          "2008": 44,
          "2009": 21,
          "2010": 29,
          "2011": 30,
          "2012": 48,
          "2013": 16,
          "2014": 26699,
          "2015": 18033,
          "2016": 19587,
          "2017": 13381,
          "2018": 14703,
          "2019": 16959,
          "2020": 14305,
          "2021": 15607,
          "2022": 13661,
          "2023": 12999,
          "2024": 31,
          "2025": 9
        },
        "top_violation": {
          "description": "Transitar em velocidade superior à máxima permitida para o local, medida por instrumento ou equipamento hábil — quando a velocidade for superior à máxima em até 20% (vinte por cento).",
          "percentage": 66.36
        }
      }
    },
    {
      "type": "Feature",
      "geometry": {
        "type": "GeometryCollection",
        "geometries": [
          {
            "type": "MultiLineString",
            "coordinates": [
              [
                [
                  -34.902431304,
                  -8.131762154
                ],
                [
                  -34.901777205,
                  -8.128984204
                ],
                [
                  -34.898887657,
                  -8.121371585
                ],
                [
                  -34.890965693,
                  -8.108348122
                ],
                [
                  -34.886308011,
                  -8.098267798
                ],
                [
                  -34.885833617,
                  -8.097051565
                ],
                [
                  -34.885895887,
                  -8.095713767
                ],
                [
                  -34.88508442,
                  -8.092090161
                ]
              ],
              [
                [
                  -34.902639793,
                  -8.130712535
                ],
                [
                  -34.902190036,
                  -8.129317672
                ]
              ],
              [
                [
                  -34.902190036,
                  -8.129317672
                ],
                [
                  -34.901901933,
                  -8.127787192
                ]
              ],
              [
                [
                  -34.901480261,
                  -8.127949303
                ],
                [
                  -34.902190036,
                  -8.129317672
                ]
              ],
              [
                [
                  -34.901480261,
                  -8.127949303
                ],
                [
                  -34.901480591,
                  -8.127950081
                ]
              ],
              [
                [
                  -34.88508442,
                  -8.092090161
                ],
                [
                  -34.885775612,
                  -8.09442132
                ],
                [
                  -34.886568579,
                  -8.098630595
                ],
                [
                  -34.888525888,
                  -8.102928672
                ],
                [
                  -34.891042384,
                  -8.108334051
                ],
                [
                  -34.898857324,
                  -8.121144627
                ],
                [
                  -34.901480261,
                  -8.127949303
                ]
              ],
              [
                [
                  -34.884754761,
                  -8.090906202
                ],
                [
                  -34.884754297,
                  -8.090904763
                ]
              ],
              [
                [
                  -34.884754297,
                  -8.090904763
                ],
                [
                  -34.88508442,
                  -8.092090161
                ]
              ],
              [
                [
                  -34.884754297,
                  -8.090904763
                ],
                [
                  -34.884534644,
                  -8.09018819
                ]
              ],
              [
                [
                  -34.884116899,
                  -8.090020991
                ],
                [
                  -34.884534644,
                  -8.09018819
                ]
              ],
              [
                [
                  -34.884606572,
                  -8.089431745
                ],
                [
                  -34.884534644,
                  -8.09018819
                ]
              ]
            ]
          }
        ]
      },
      "properties": {
        "street_code": 20184,
        "street_name": "Avenida Engenheiro Domingos Ferreira",
        "total_violations": 154050,
        "extension_km": 10.09,
        "violations_per_km": 15266.62,
        "by_year": {
          "2007": 4596,
          "2008": 4520,
          "2009": 4723,
          "2010": 3870,
          "2011": 3920,
          "2012": 3408,
          "2013": 6060,
          "2014": 6211,
          "2015": 20174,
          "2016": 13550,
          "2017": 9953,
          "2018": 11033,
          "2019": 10996,
          "2020": 6153,
          "2021": 12751,
          "2022": 11203,
          "2023": 9012,
          "2024": 7661,
          "2025": 4256
        },
        "top_violation": {
          "description": "Transitar em velocidade superior à máxima permitida para o local, medida por instrumento ou equipamento hábil — quando a velocidade for superior à máxima em até 20% (vinte por cento).",
          "percentage": 49.54
        }
      }
    },
    {
      "type": "Feature",
      "geometry": {
        "type": "GeometryCollection",
        "geometries": [
          {
            "type": "MultiLineString",
            "coordinates": [
              [
                [
                  -34.873559748,
                  -8.050216814
                ],
                [
                  -34.873875997,
                  -8.049962912
                ]
              ],
              [
                [
                  -34.873875997,
                  -8.049962912
                ],
                [
                  -34.880569493,
                  -8.044794041
                ],
                [
                  -34.883869772,
                  -8.043300036
                ]
              ],
              [
                [
                  -34.873875997,
                  -8.049962912
                ],
                [
                  -34.88052876,
                  -8.04474582
                ],
                [
                  -34.883998599,
                  -8.043116184
                ]
              ],
              [
                [
                  -34.876295822,
                  -8.047939022
                ],
                [
                  -34.875988426,
                  -8.048183438
                ]
              ],
              [
                [
                  -34.881665764,
                  -8.044142442
                ],
                [
                  -34.88234538,
                  -8.043822497
                ]
              ],
              [
                [
                  -34.883869772,
                  -8.043300036
                ],
                [
                  -34.884602702,
                  -8.042833205
                ],
                [
                  -34.885066627,
                  -8.042839557
                ]
              ],
              [
                [
                  -34.883869772,
                  -8.043300036
                ],
                [
                  -34.88403638,
                  -8.043166873
                ]
              ],
              [
                [
                  -34.884006745,
                  -8.042359583
                ],
                [
                  -34.884193443,
                  -8.042743166
                ],
                [
                  -34.883776985,
                  -8.043177683
                ]
              ],
              [
                [
                  -34.885266408,
                  -8.042147976
                ],
                [
                  -34.885792936,
                  -8.041568613
                ]
              ],
              [
                [
                  -34.885654369,
                  -8.041526289
                ],
                [
                  -34.886965102,
                  -8.040266599
                ],
                [
                  -34.887913764,
                  -8.039664538
                ],
                [
                  -34.888801775,
                  -8.039338642
                ],
                [
                  -34.89128607,
                  -8.03883967
                ],
                [
                  -34.892764472,
                  -8.03821951
                ],
                [
                  -34.89357503,
                  -8.037702315
                ],
                [
                  -34.894760974,
                  -8.036451021
                ],
                [
                  -34.896945606,
                  -8.032710122
                ],
                [
                  -34.898580578,
                  -8.030951123
                ],
                [
                  -34.906067437,
                  -8.02580568
                ],
                [
                  -34.90740104,
                  -8.025262133
                ],
                [
                  -34.912116728,
                  -8.023980351
                ],
                [
                  -34.915452036,
                  -8.022062756
                ],
                [
                  -34.917602055,
                  -8.021259692
                ],
                [
                  -34.92515164,
                  -8.020382297
                ],
                [
                  -34.926618216,
                  -8.01980842
                ]
              ],
              [
                [
                  -34.885554137,
                  -8.041480535
                ],
                [
                  -34.884998586,
                  -8.042026908
                ]
              ],
              [
                [
                  -34.926763638,
                  -8.020016812
                ],
                [
                  -34.926183845,
                  -8.020701605
                ],
                [
                  -34.92465639,
                  -8.02050982
                ],
                [
                  -34.917566306,
                  -8.02134684
                ],
                [
                  -34.915753156,
                  -8.02198709
                ],
                [
                  -34.912364569,
                  -8.023954161
                ],
                [
                  -34.907254772,
                  -8.025381286
                ],
                [
                  -34.9061302,
                  -8.0258614
                ],
                [
                  -34.899064449,
                  -8.030657327
                ],
                [
                  -34.898052719,
                  -8.031537402
                ],
                [
                  -34.896972867,
                  -8.032772594
                ],
                [
                  -34.894681414,
                  -8.036663769
                ],
                [
                  -34.893615335,
                  -8.037746482
                ],
                [
                  -34.891355601,
                  -8.038878817
                ],
                [
                  -34.887972825,
                  -8.039688408
                ],
                [
                  -34.887061268,
                  -8.04026055
                ],
                [
                  -34.885745213,
                  -8.04153579
                ]
              ],
              [
                [
                  -34.926763638,
                  -8.020016812
                ],
                [
                  -34.931204892,
                  -8.015564438
                ],
                [
                  -34.931493436,
                  -8.014923588
                ],
                [
                  -34.931660051,
                  -8.01297689
                ],
                [
                  -34.931897818,
                  -8.012570423
                ],
                [
                  -34.934018507,
                  -8.011810288
                ],
                [
                  -34.936294642,
                  -8.009584096
                ],
                [
                  -34.936602269,
                  -8.009465413
                ]
              ],
              [
                [
                  -34.926618216,
                  -8.01980842
                ],
                [
                  -34.926763638,
                  -8.020016812
                ]
              ],
              [
                [
                  -34.926618216,
                  -8.01980842
                ],
                [
                  -34.928497897,
                  -8.018094457
                ],
                [
                  -34.929574133,
                  -8.016813687
                ],
                [
                  -34.931217928,
                  -8.015419077
                ],
                [
                  -34.931432578,
                  -8.014775006
                ],
                [
                  -34.931581119,
                  -8.013020455
                ],
                [
                  -34.931865457,
                  -8.012517069
                ],
                [
                  -34.933804274,
                  -8.011833289
                ],
                [
                  -34.934503929,
                  -8.011359256
                ],
                [
                  -34.936849535,
                  -8.008751649
                ],
                [
                  -34.937234082,
                  -8.008066725
                ],
                [
                  -34.937516335,
                  -8.007080169
                ]
              ]
            ]
          }
        ]
      },
      "properties": {
        "street_code": 46540,
        "street_name": "Avenida Norte Miguel Arraes de Alencar",
        "total_violations": 150952,
        "extension_km": 17.67,
        "violations_per_km": 8544.45,
        "by_year": {
          "2007": 4522,
          "2008": 2350,
          "2009": 2282,
          "2010": 3762,
          "2011": 4798,
          "2012": 4089,
          "2013": 4065,
          "2014": 2978,
          "2015": 5760,
          "2016": 5206,
          "2017": 13304,
          "2018": 28230,
          "2019": 18478,
          "2020": 15334,
          "2021": 9543,
          "2022": 9255,
          "2023": 8831,
          "2024": 5171,
          "2025": 2994
        },
        "top_violation": {
          "description": "Transitar em velocidade superior à máxima permitida para o local, medida por instrumento ou equipamento hábil — quando a velocidade for superior à máxima em até 20% (vinte por cento).",
          "percentage": 18.4
        }
      }
    },
    {
      "type": "Feature",
      "geometry": {
        "type": "GeometryCollection",
        "geometries": [
          {
            "type": "MultiLineString",
            "coordinates": [
              [
                [
                  -34.896378521,
                  -8.052060727
                ],
                [
                  -34.896178908,
                  -8.052498518
                ]
              ],
              [
                [
                  -34.896378521,
                  -8.052060727
                ],
                [
                  -34.896038414,
                  -8.052279974
                ]
              ],
              [
                [
                  -34.896378521,
                  -8.052060727
                ],
                [
                  -34.899515301,
                  -8.047870239
                ],
                [
                  -34.901816945,
                  -8.046185561
                ],
                [
                  -34.90198898,
                  -8.04583688
                ],
                [
                  -34.902537775,
                  -8.042433228
                ],
                [
                  -34.903003883,
                  -8.041823366
                ]
              ],
              [
                [
                  -34.903003883,
                  -8.041823366
                ],
                [
                  -34.903446751,
                  -8.041438853
                ],
                [
                  -34.903459666,
                  -8.040880479
                ]
              ],
              [
                [
                  -34.903459666,
                  -8.040880479
                ],
                [
                  -34.903003883,
                  -8.041823366
                ]
              ],
              [
                [
                  -34.906853516,
                  -8.035839228
                ],
                [
                  -34.905711772,
                  -8.03769833
                ],
                [
                  -34.903621164,
                  -8.040408303
                ],
                [
                  -34.903459666,
                  -8.040880479
                ]
              ]
            ]
          }
        ]
      },
      "properties": {
        "street_code": 59595,
        "street_name": "Avenida Rui Barbosa",
        "total_violations": 134575,
        "extension_km": 2.42,
        "violations_per_km": 55515.01,
        "by_year": {
          "2007": 757,
          "2008": 799,
          "2009": 1087,
          "2010": 463,
          "2011": 1216,
          "2012": 1153,
          "2013": 23112,
          "2014": 15066,
          "2015": 13572,
          "2016": 10898,
          "2017": 3927,
          "2018": 17522,
          "2019": 11842,
          "2020": 9580,
          "2021": 8845,
          "2022": 8163,
          "2023": 4018,
          "2024": 1589,
          "2025": 966
        },
        "top_violation": {
          "description": "Transitar em velocidade superior à máxima permitida para o local, medida por instrumento ou equipamento hábil — quando a velocidade for superior à máxima em até 20% (vinte por cento).",
          "percentage": 71.15
        }
      }
    },
    {
      "type": "Feature",
      "geometry": {
        "type": "GeometryCollection",
        "geometries": [
          {
            "type": "MultiLineString",
            "coordinates": [
              [
                [
                  -34.909375972,
                  -8.056778803
                ],
                [
                  -34.909186724,
                  -8.05658721
                ]
              ],
              [
                [
                  -34.909186724,
                  -8.05658721
                ],
                [
                  -34.909265272,
                  -8.057117583
                ]
              ],
              [
                [
                  -34.908891469,
                  -8.054868322
                ],
                [
                  -34.909186724,
                  -8.05658721
                ]
              ],
              [
                [
                  -34.908891469,
                  -8.054868322
                ],
                [
                  -34.908920553,
                  -8.052626839
                ],
                [
                  -34.908789311,
                  -8.052017966
                ],
                [
                  -34.908436297,
                  -8.051324262
                ],
                [
                  -34.908270571,
                  -8.051273507
                ]
              ],
              [
                [
                  -34.908270571,
                  -8.051273507
                ],
                [
                  -34.908891469,
                  -8.054868322
                ]
              ],
              [
                [
                  -34.909851968,
                  -8.044930793
                ],
                [
                  -34.909895498,
                  -8.045295104
                ],
                [
                  -34.90821548,
                  -8.050384895
                ],
                [
                  -34.908270571,
                  -8.051273507
                ]
              ],
              [
                [
                  -34.909869995,
                  -8.044919962
                ],
                [
                  -34.910127379,
                  -8.044686879
                ]
              ],
              [
                [
                  -34.910127379,
                  -8.044686879
                ],
                [
                  -34.909888715,
                  -8.045317592
                ]
              ],
              [
                [
                  -34.910127379,
                  -8.044686879
                ],
                [
                  -34.911149377,
                  -8.041580359
                ]
              ]
            ]
          }
        ]
      },
      "properties": {
        "street_code": 56839,
        "street_name": "Rua Real da Torre",
        "total_violations": 129401,
        "extension_km": 2.32,
        "violations_per_km": 55786.22,
        "by_year": {
          "2007": 388,
          "2008": 758,
          "2009": 459,
          "2010": 445,
          "2011": 484,
          "2012": 1043,
          "2013": 1653,
          "2014": 1506,
          "2015": 5782,
          "2016": 20961,
          "2017": 29167,
          "2018": 15253,
          "2019": 6487,
          "2020": 2715,
          "2021": 9938,
          "2022": 5432,
          "2023": 7795,
          "2024": 9241,
          "2025": 9894
        },
        "top_violation": {
          "description": "Transitar em velocidade superior à máxima permitida para o local, medida por instrumento ou equipamento hábil — quando a velocidade for superior à máxima em até 20% (vinte por cento).",
          "percentage": 62.3
        }
      }
    },
    {
      "type": "Feature",
      "geometry": {
        "type": "GeometryCollection",
        "geometries": [
          {
            "type": "MultiLineString",
            "coordinates": [
              [
                [
                  -34.916885186,
                  -8.135499456
                ],
                [
                  -34.917592636,
                  -8.133154628
                ],
                [
                  -34.916945509,
                  -8.1327841
                ],
                [
                  -34.916309443,
                  -8.13204203
                ]
              ]
            ]
          }
        ]
      },
      "properties": {
        "street_code": 66923,
        "street_name": "Praça Ministro Salgado Filho",
        "total_violations": 127772,
        "extension_km": 0.47,
        "violations_per_km": 274242.45,
        "by_year": {
          "2007": 869,
          "2008": 3153,
          "2009": 2421,
          "2010": 5598,
          "2011": 7051,
          "2012": 17952,
          "2013": 14298,
          "2014": 12861,
          "2015": 6988,
          "2016": 1367,
          "2017": 3492,
          "2018": 2785,
          "2019": 10006,
          "2020": 6006,
          "2021": 7128,
          "2022": 5626,
          "2023": 7068,
          "2024": 10961,
          "2025": 2142
        },
        "top_violation": {
          "description": "Estacionar o veículo em locais e horários proibidos especificamente pela sinalização (placa — Proibido Estacionar).",
          "percentage": 49.17
        }
      }
    },
    {
      "type": "Feature",
      "geometry": {
        "type": "GeometryCollection",
        "geometries": [
          {
            "type": "MultiLineString",
            "coordinates": [
              [
                [
                  -34.883465474,
                  -8.088873038
                ],
                [
                  -34.881912992,
                  -8.090529026
                ]
              ],
              [
                [
                  -34.883465474,
                  -8.088873038
                ],
                [
                  -34.883367954,
                  -8.088778992
                ]
              ],
              [
                [
                  -34.883367954,
                  -8.088778992
                ],
                [
                  -34.881784788,
                  -8.090483437
                ]
              ],
              [
                [
                  -34.884455992,
                  -8.08784202
                ],
                [
                  -34.883465474,
                  -8.088873038
                ]
              ],
              [
                [
                  -34.884455992,
                  -8.08784202
                ],
                [
                  -34.884360742,
                  -8.087751539
                ]
              ],
              [
                [
                  -34.884360742,
                  -8.087751539
                ],
                [
                  -34.883367954,
                  -8.088778992
                ]
              ],
              [
                [
                  -34.884360742,
                  -8.087751539
                ],
                [
                  -34.885352112,
                  -8.086717055
                ]
              ],
              [
                [
                  -34.885453223,
                  -8.086804613
                ],
                [
                  -34.884455992,
                  -8.08784202
                ]
              ],
              [
                [
                  -34.885453223,
                  -8.086804613
                ],
                [
                  -34.885352112,
                  -8.086717055
                ]
              ],
              [
                [
                  -34.885352112,
                  -8.086717055
                ],
                [
                  -34.888329812,
                  -8.08364851
                ]
              ],
              [
                [
                  -34.88838002,
                  -8.083693371
                ],
                [
                  -34.885453223,
                  -8.086804613
                ]
              ]
            ]
          }
        ]
      },
      "properties": {
        "street_code": 5770,
        "street_name": "Avenida  Antônio de Goes",
        "total_violations": 124643,
        "extension_km": 2.13,
        "violations_per_km": 58530.51,
        "by_year": {
          "2007": 303,
          "2008": 323,
          "2009": 247,
          "2010": 346,
          "2011": 333,
          "2012": 401,
          "2013": 9054,
          "2014": 15400,
          "2015": 12904,
          "2016": 6987,
          "2017": 4087,
          "2018": 19268,
          "2019": 15798,
          "2020": 11563,
          "2021": 10129,
          "2022": 9300,
          "2023": 6002,
          "2024": 1058,
          "2025": 1140
        },
        "top_violation": {
          "description": "Transitar em velocidade superior à máxima permitida para o local, medida por instrumento ou equipamento hábil — quando a velocidade for superior à máxima em até 20% (vinte por cento).",
          "percentage": 61.62
        }
      }
    },
    {
      "type": "Feature",
      "geometry": {
        "type": "GeometryCollection",
        "geometries": [
          {
            "type": "MultiLineString",
            "coordinates": [
              [
                [
                  -34.890214802,
                  -8.081695977
                ],
                [
                  -34.891774488,
                  -8.080044382
                ],
                [
                  -34.891957394,
                  -8.079309113
                ]
              ],
              [
                [
                  -34.891957394,
                  -8.079309113
                ],
                [
                  -34.892009667,
                  -8.079701979
                ],
                [
                  -34.891789195,
                  -8.080140881
                ],
                [
                  -34.890233148,
                  -8.081772839
                ]
              ],
              [
                [
                  -34.891957394,
                  -8.079309113
                ],
                [
                  -34.890500273,
                  -8.077044454
                ]
              ],
              [
                [
                  -34.893896689,
                  -8.078160783
                ],
                [
                  -34.893307233,
                  -8.077963889
                ]
              ],
              [
                [
                  -34.892574366,
                  -8.078143024
                ],
                [
                  -34.892820864,
                  -8.077978644
                ]
              ],
              [
                [
                  -34.892820864,
                  -8.077978644
                ],
                [
                  -34.893108932,
                  -8.078167565
                ],
                [
                  -34.893157064,
                  -8.07838675
                ]
              ],
              [
                [
                  -34.892820864,
                  -8.077978644
                ],
                [
                  -34.890500273,
                  -8.077044454
                ]
              ],
              [
                [
                  -34.893017441,
                  -8.077947138
                ],
                [
                  -34.893228609,
                  -8.078199499
                ]
              ],
              [
                [
                  -34.893017441,
                  -8.077947138
                ],
                [
                  -34.881371807,
                  -8.073377301
                ]
              ],
              [
                [
                  -34.893381612,
                  -8.077687629
                ],
                [
                  -34.893017441,
                  -8.077947138
                ]
              ],
              [
                [
                  -34.890500273,
                  -8.077044454
                ],
                [
                  -34.881352467,
                  -8.073422163
                ]
              ]
            ]
          }
        ]
      },
      "properties": {
        "street_code": 35807,
        "street_name": "Avenida Engenheiro José Estelita",
        "total_violations": 121168,
        "extension_km": 3.98,
        "violations_per_km": 30415.18,
        "by_year": {
          "2007": 68,
          "2008": 51,
          "2009": 34,
          "2010": 41,
          "2011": 71,
          "2012": 9961,
          "2013": 26110,
          "2014": 26060,
          "2015": 8060,
          "2016": 5260,
          "2017": 3315,
          "2018": 14807,
          "2019": 5238,
          "2020": 2533,
          "2021": 4986,
          "2022": 6759,
          "2023": 4433,
          "2024": 1656,
          "2025": 1725
        },
        "top_violation": {
          "description": "Transitar em velocidade superior à máxima permitida para o local, medida por instrumento ou equipamento hábil — quando a velocidade for superior à máxima em até 20% (vinte por cento).",
          "percentage": 79.27
        }
      }
    },
    {
      "type": "Feature",
      "geometry": {
        "type": "GeometryCollection",
        "geometries": [
          {
            "type": "MultiLineString",
            "coordinates": [
              [
                [
                  -34.890995888,
                  -8.037226722
                ],
                [
                  -34.894704672,
                  -8.019770146
                ],
                [
                  -34.893349033,
                  -8.018581464
                ]
              ],
              [
                [
                  -34.893349033,
                  -8.018581464
                ],
                [
                  -34.889935787,
                  -8.014724782
                ],
                [
                  -34.889595403,
                  -8.014051369
                ],
                [
                  -34.889432957,
                  -8.013431378
                ],
                [
                  -34.889511397,
                  -8.012227819
                ],
                [
                  -34.889092602,
                  -8.010503451
                ],
                [
                  -34.889139198,
                  -8.009232057
                ],
                [
                  -34.889476602,
                  -8.008574456
                ],
                [
                  -34.890503764,
                  -8.007313039
                ],
                [
                  -34.891828683,
                  -8.006180883
                ],
                [
                  -34.893091141,
                  -8.005570905
                ],
                [
                  -34.893927193,
                  -8.004477065
                ],
                [
                  -34.894390971,
                  -8.004350909
                ],
                [
                  -34.896506349,
                  -8.004734656
                ],
                [
                  -34.896844813,
                  -8.004498102
                ],
                [
                  -34.89737129,
                  -8.003576954
                ],
                [
                  -34.897702008,
                  -8.003313993
                ]
              ],
              [
                [
                  -34.893349033,
                  -8.018581464
                ],
                [
                  -34.889366376,
                  -8.014165446
                ],
                [
                  -34.889261378,
                  -8.013609458
                ],
                [
                  -34.889436645,
                  -8.012410443
                ],
                [
                  -34.888990484,
                  -8.010473447
                ],
                [
                  -34.889011673,
                  -8.009640086
                ]
              ],
              [
                [
                  -34.889011673,
                  -8.009640086
                ],
                [
                  -34.888879096,
                  -8.009726705
                ],
                [
                  -34.888632329,
                  -8.00957168
                ]
              ],
              [
                [
                  -34.889011673,
                  -8.009640086
                ],
                [
                  -34.889337945,
                  -8.008663147
                ],
                [
                  -34.890260544,
                  -8.007497905
                ],
                [
                  -34.891789662,
                  -8.006148044
                ],
                [
                  -34.893107418,
                  -8.00552152
                ],
                [
                  -34.893947573,
                  -8.004425274
                ],
                [
                  -34.894482489,
                  -8.004326507
                ],
                [
                  -34.896267143,
                  -8.004730233
                ],
                [
                  -34.896706604,
                  -8.004580383
                ],
                [
                  -34.897647351,
                  -8.002982881
                ],
                [
                  -34.897382103,
                  -8.00258146
                ]
              ],
              [
                [
                  -34.897701912,
                  -8.00331392
                ],
                [
                  -34.898103092,
                  -8.003035849
                ]
              ]
            ]
          }
        ]
      },
      "properties": {
        "street_code": 10529,
        "street_name": "Avenida Beberibe",
        "total_violations": 117330,
        "extension_km": 7.31,
        "violations_per_km": 16051.21,
        "by_year": {
          "2007": 693,
          "2008": 587,
          "2009": 618,
          "2010": 1130,
          "2011": 1371,
          "2012": 760,
          "2013": 3279,
          "2014": 2548,
          "2015": 3276,
          "2016": 3368,
          "2017": 3472,
          "2018": 22846,
          "2019": 25020,
          "2020": 16341,
          "2021": 14777,
          "2022": 5446,
          "2023": 4869,
          "2024": 4326,
          "2025": 2603
        },
        "top_violation": {
          "description": "Transitar em velocidade superior à máxima permitida para o local, medida por instrumento ou equipamento hábil — quando a velocidade for superior à máxima em até 20% (vinte por cento).",
          "percentage": 56.66
        }
      }
    },
    {
      "type": "Feature",
      "geometry": {
        "type": "GeometryCollection",
        "geometries": [
          {
            "type": "MultiLineString",
            "coordinates": [
              [
                [
                  -34.908920331,
                  -8.120537061
                ],
                [
                  -34.907924252,
                  -8.11908803
                ],
                [
                  -34.905796351,
                  -8.117874091
                ],
                [
                  -34.904053263,
                  -8.116050546
                ],
                [
                  -34.902568134,
                  -8.114338368
                ],
                [
                  -34.901853491,
                  -8.112907015
                ],
                [
                  -34.901518753,
                  -8.112681699
                ],
                [
                  -34.900412587,
                  -8.113219092
                ]
              ],
              [
                [
                  -34.909289831,
                  -8.120421762
                ],
                [
                  -34.90817029,
                  -8.118813759
                ],
                [
                  -34.906016192,
                  -8.117523683
                ],
                [
                  -34.903288318,
                  -8.114607925
                ],
                [
                  -34.902115005,
                  -8.112396283
                ]
              ]
            ]
          }
        ]
      },
      "properties": {
        "street_code": 68012,
        "street_name": "Avenida Dom João VI",
        "total_violations": 112473,
        "extension_km": 2.57,
        "violations_per_km": 43823.53,
        "by_year": {
          "2007": 26,
          "2008": 25,
          "2009": 33,
          "2010": 59,
          "2011": 164,
          "2012": 116,
          "2013": 86,
          "2014": 146,
          "2015": 1984,
          "2016": 1763,
          "2017": 2016,
          "2018": 16756,
          "2019": 22203,
          "2020": 30096,
          "2021": 16323,
          "2022": 6641,
          "2023": 5133,
          "2024": 6781,
          "2025": 2122
        },
        "top_violation": {
          "description": "Transitar em velocidade superior à máxima permitida para o local, medida por instrumento ou equipamento hábil — quando a velocidade for superior à máxima em até 20% (vinte por cento).",
          "percentage": 85.26
        }
      }
    },
    {
      "type": "Feature",
      "geometry": {
        "type": "GeometryCollection",
        "geometries": [
          {
            "type": "MultiLineString",
            "coordinates": [
              [
                [
                  -34.911026373,
                  -8.154632291
                ],
                [
                  -34.909754304,
                  -8.152178486
                ],
                [
                  -34.908247058,
                  -8.148415605
                ],
                [
                  -34.90478587,
                  -8.140967227
                ]
              ],
              [
                [
                  -34.906231828,
                  -8.144523796
                ],
                [
                  -34.904721861,
                  -8.141045391
                ]
              ],
              [
                [
                  -34.906712876,
                  -8.144285041
                ],
                [
                  -34.904551001,
                  -8.139001167
                ],
                [
                  -34.902917107,
                  -8.133589335
                ],
                [
                  -34.902881455,
                  -8.132619854
                ]
              ],
              [
                [
                  -34.904721861,
                  -8.141045391
                ],
                [
                  -34.90478587,
                  -8.140967227
                ]
              ],
              [
                [
                  -34.904721861,
                  -8.141045391
                ],
                [
                  -34.903862623,
                  -8.138591235
                ],
                [
                  -34.903713122,
                  -8.137761156
                ]
              ],
              [
                [
                  -34.90478587,
                  -8.140967227
                ],
                [
                  -34.903713122,
                  -8.137761156
                ]
              ],
              [
                [
                  -34.903713122,
                  -8.137761156
                ],
                [
                  -34.902523784,
                  -8.133604603
                ]
              ],
              [
                [
                  -34.902523784,
                  -8.133604603
                ],
                [
                  -34.90253914,
                  -8.134164911
                ],
                [
                  -34.90339526,
                  -8.137064649
                ]
              ],
              [
                [
                  -34.902523784,
                  -8.133604603
                ],
                [
                  -34.902617632,
                  -8.132446498
                ],
                [
                  -34.902431304,
                  -8.131762154
                ]
              ],
              [
                [
                  -34.902881455,
                  -8.132619854
                ],
                [
                  -34.902845459,
                  -8.1338581
                ],
                [
                  -34.90483111,
                  -8.14021466
                ],
                [
                  -34.910096962,
                  -8.152204138
                ],
                [
                  -34.91127494,
                  -8.154572898
                ]
              ],
              [
                [
                  -34.902881455,
                  -8.132619854
                ],
                [
                  -34.902902767,
                  -8.131722087
                ],
                [
                  -34.902639793,
                  -8.130712535
                ]
              ],
              [
                [
                  -34.90251782,
                  -8.130335281
                ],
                [
                  -34.902643469,
                  -8.129370964
                ],
                [
                  -34.903711192,
                  -8.126691673
                ],
                [
                  -34.903989183,
                  -8.120992735
                ]
              ]
            ]
          }
        ]
      },
      "properties": {
        "street_code": 32972,
        "street_name": "Rua Visconde de Jequitinhonha",
        "total_violations": 104179,
        "extension_km": 9.2,
        "violations_per_km": 11328.63,
        "by_year": {
          "2007": 577,
          "2008": 730,
          "2009": 1178,
          "2010": 689,
          "2011": 581,
          "2012": 2066,
          "2013": 4245,
          "2014": 4361,
          "2015": 3016,
          "2016": 1307,
          "2017": 2928,
          "2018": 15004,
          "2019": 9030,
          "2020": 9644,
          "2021": 10582,
          "2022": 15589,
          "2023": 12575,
          "2024": 6696,
          "2025": 3381
        },
        "top_violation": {
          "description": "Transitar em velocidade superior à máxima permitida para o local, medida por instrumento ou equipamento hábil — quando a velocidade for superior à máxima em até 20% (vinte por cento).",
          "percentage": 54.69
        }
      }
    },
    {
      "type": "Feature",
      "geometry": {
        "type": "GeometryCollection",
        "geometries": [
          {
            "type": "MultiLineString",
            "coordinates": [
              [
                [
                  -34.882130749,
                  -8.091645754
                ],
                [
                  -34.882470112,
                  -8.091660311
                ],
                [
                  -34.888937701,
                  -8.084911281
                ]
              ],
              [
                [
                  -34.883669934,
                  -8.090503829
                ],
                [
                  -34.884116899,
                  -8.090020991
                ]
              ]
            ]
          }
        ]
      },
      "properties": {
        "street_code": 28932,
        "street_name": "Avenida Herculano Bandeira",
        "total_violations": 102690,
        "extension_km": 1.15,
        "violations_per_km": 89225.65,
        "by_year": {
          "2007": 3935,
          "2008": 5371,
          "2009": 6947,
          "2010": 7210,
          "2011": 6104,
          "2012": 1940,
          "2013": 3123,
          "2014": 2285,
          "2015": 8197,
          "2016": 7373,
          "2017": 10758,
          "2018": 7275,
          "2019": 6967,
          "2020": 4929,
          "2021": 5033,
          "2022": 5707,
          "2023": 6073,
          "2024": 2860,
          "2025": 603
        },
        "top_violation": {
          "description": "Avançar o sinal vermelho do semáforo - fiscalização eletrônica.",
          "percentage": 49.43
        }
      }
    },
    {
      "type": "Feature",
      "geometry": {
        "type": "GeometryCollection",
        "geometries": [
          {
            "type": "MultiLineString",
            "coordinates": [
              [
                [
                  -34.884574924,
                  -8.073335488
                ],
                [
                  -34.883999619,
                  -8.072415826
                ]
              ],
              [
                [
                  -34.885026314,
                  -8.073292665
                ],
                [
                  -34.880287291,
                  -8.067598185
                ]
              ],
              [
                [
                  -34.881709773,
                  -8.06918058
                ],
                [
                  -34.88417299,
                  -8.072229438
                ]
              ],
              [
                [
                  -34.880287291,
                  -8.067598185
                ],
                [
                  -34.879687755,
                  -8.066458645
                ],
                [
                  -34.879751356,
                  -8.065780332
                ]
              ],
              [
                [
                  -34.880287291,
                  -8.067598185
                ],
                [
                  -34.879508675,
                  -8.066772375
                ],
                [
                  -34.879084917,
                  -8.065896547
                ],
                [
                  -34.878651265,
                  -8.064836612
                ],
                [
                  -34.878572936,
                  -8.063862711
                ]
              ],
              [
                [
                  -34.878570888,
                  -8.063863889
                ],
                [
                  -34.878186716,
                  -8.061443251
                ],
                [
                  -34.878280503,
                  -8.061243804
                ]
              ],
              [
                [
                  -34.878097502,
                  -8.061287361
                ],
                [
                  -34.878576104,
                  -8.065024515
                ],
                [
                  -34.87930466,
                  -8.066590201
                ],
                [
                  -34.8800723,
                  -8.067737348
                ],
                [
                  -34.883904699,
                  -8.072486565
                ]
              ]
            ]
          }
        ]
      },
      "properties": {
        "street_code": 19054,
        "street_name": "Avenida Dantas Barreto",
        "total_violations": 102020,
        "extension_km": 3.81,
        "violations_per_km": 26786.19,
        "by_year": {
          "2007": 1715,
          "2008": 1738,
          "2009": 2643,
          "2010": 2447,
          "2011": 3489,
          "2012": 3903,
          "2013": 3989,
          "2014": 5305,
          "2015": 7970,
          "2016": 8113,
          "2017": 9283,
          "2018": 11145,
          "2019": 12160,
          "2020": 7293,
          "2021": 6420,
          "2022": 4489,
          "2023": 5139,
          "2024": 3512,
          "2025": 1267
        },
        "top_violation": {
          "description": "Estacionar o veículo em desacordo com as condições regulamentadas - estacionamento rotativo.",
          "percentage": 34.65
        }
      }
    },
    {
      "type": "Feature",
      "geometry": {
        "type": "GeometryCollection",
        "geometries": [
          {
            "type": "MultiLineString",
            "coordinates": [
              [
                [
                  -34.901430532,
                  -8.131547751
                ],
                [
                  -34.90038691,
                  -8.128294492
                ],
                [
                  -34.897924333,
                  -8.121785142
                ],
                [
                  -34.890690321,
                  -8.109679475
                ],
                [
                  -34.885858017,
                  -8.099086512
                ],
                [
                  -34.885228601,
                  -8.097649731
                ],
                [
                  -34.883867599,
                  -8.092738079
                ],
                [
                  -34.883669934,
                  -8.090503829
                ],
                [
                  -34.882699236,
                  -8.08949056
                ]
              ]
            ]
          }
        ]
      },
      "properties": {
        "street_code": 1465,
        "street_name": "Avenida Conselheiro Aguiar",
        "total_violations": 100254,
        "extension_km": 5.13,
        "violations_per_km": 19526.28,
        "by_year": {
          "2007": 1720,
          "2008": 977,
          "2009": 1502,
          "2010": 1852,
          "2011": 1541,
          "2012": 2353,
          "2013": 15375,
          "2014": 11082,
          "2015": 5752,
          "2016": 4255,
          "2017": 3934,
          "2018": 7714,
          "2019": 11366,
          "2020": 11116,
          "2021": 8217,
          "2022": 5900,
          "2023": 3175,
          "2024": 1376,
          "2025": 1047
        },
        "top_violation": {
          "description": "Estacionar o veículo no passeio.",
          "percentage": 24.63
        }
      }
    },
    {
      "type": "Feature",
      "geometry": {
        "type": "GeometryCollection",
        "geometries": [
          {
            "type": "MultiLineString",
            "coordinates": [
              [
                [
                  -34.891795849,
                  -8.088960943
                ],
                [
                  -34.891036701,
                  -8.086156631
                ]
              ],
              [
                [
                  -34.891764769,
                  -8.088918332
                ],
                [
                  -34.890606545,
                  -8.08582957
                ],
                [
                  -34.888937701,
                  -8.084911281
                ]
              ]
            ]
          }
        ]
      },
      "properties": {
        "street_code": 57150,
        "street_name": "Avenida Republica do Libano",
        "total_violations": 73323,
        "extension_km": 0.9,
        "violations_per_km": 81104.98,
        "by_year": {
          "2008": 4,
          "2009": 29,
          "2010": 14,
          "2011": 13,
          "2012": 105,
          "2013": 294,
          "2014": 9728,
          "2015": 3521,
          "2016": 2776,
          "2017": 2302,
          "2018": 10115,
          "2019": 9630,
          "2020": 15677,
          "2021": 8638,
          "2022": 4401,
          "2023": 2553,
          "2024": 2582,
          "2025": 941
        },
        "top_violation": {
          "description": "Transitar em velocidade superior à máxima permitida para o local, medida por instrumento ou equipamento hábil — quando a velocidade for superior à máxima em até 20% (vinte por cento).",
          "percentage": 83.24
        }
      }
    },
    {
      "type": "Feature",
      "geometry": {
        "type": "GeometryCollection",
        "geometries": [
          {
            "type": "MultiLineString",
            "coordinates": [
              [
                [
                  -34.937697018,
                  -8.092508304
                ],
                [
                  -34.937545619,
                  -8.092259447
                ]
              ],
              [
                [
                  -34.937545619,
                  -8.092259447
                ],
                [
                  -34.936702614,
                  -8.092086326
                ],
                [
                  -34.936072692,
                  -8.091763495
                ],
                [
                  -34.929497097,
                  -8.085196675
                ],
                [
                  -34.925529323,
                  -8.083748281
                ]
              ],
              [
                [
                  -34.957306421,
                  -8.090932205
                ],
                [
                  -34.953300809,
                  -8.089992832
                ],
                [
                  -34.944463635,
                  -8.093454695
                ],
                [
                  -34.942537505,
                  -8.092879381
                ],
                [
                  -34.940398989,
                  -8.093000383
                ],
                [
                  -34.937545619,
                  -8.092259447
                ]
              ]
            ]
          }
        ]
      },
      "properties": {
        "street_code": 36641,
        "street_name": "Avenida Doutor José Rufino",
        "total_violations": 68525,
        "extension_km": 3.99,
        "violations_per_km": 17189.54,
        "by_year": {
          "2007": 681,
          "2008": 391,
          "2009": 425,
          "2010": 512,
          "2011": 2279,
          "2012": 7177,
          "2013": 4617,
          "2014": 1550,
          "2015": 4236,
          "2016": 3415,
          "2017": 3312,
          "2018": 4114,
          "2019": 4240,
          "2020": 2458,
          "2021": 6208,
          "2022": 6139,
          "2023": 5352,
          "2024": 9249,
          "2025": 2170
        },
        "top_violation": {
          "description": "Avançar o sinal vermelho do semáforo - fiscalização eletrônica.",
          "percentage": 41.1
        }
      }
    },
    {
      "type": "Feature",
      "geometry": {
        "type": "GeometryCollection",
        "geometries": [
          {
            "type": "MultiLineString",
            "coordinates": [
              [
                [
                  -34.911169285,
                  -8.132831362
                ],
                [
                  -34.91004384,
                  -8.125947742
                ],
                [
                  -34.909855719,
                  -8.121492368
                ]
              ],
              [
                [
                  -34.910814488,
                  -8.132787826
                ],
                [
                  -34.909763094,
                  -8.12641728
                ],
                [
                  -34.909350413,
                  -8.121568189
                ]
              ],
              [
                [
                  -34.909350413,
                  -8.121568189
                ],
                [
                  -34.909855719,
                  -8.121492368
                ]
              ],
              [
                [
                  -34.909350413,
                  -8.121568189
                ],
                [
                  -34.909300861,
                  -8.121146865
                ],
                [
                  -34.908920331,
                  -8.120537061
                ]
              ],
              [
                [
                  -34.909855719,
                  -8.121492368
                ],
                [
                  -34.909289831,
                  -8.120421762
                ]
              ]
            ]
          }
        ]
      },
      "properties": {
        "street_code": 36374,
        "street_name": "Avenida Desembargador José Neves",
        "total_violations": 63522,
        "extension_km": 2.84,
        "violations_per_km": 22348.64,
        "by_year": {
          "2007": 16,
          "2008": 7,
          "2009": 19,
          "2010": 11,
          "2011": 8,
          "2012": 9,
          "2013": 53,
          "2014": 241,
          "2015": 166,
          "2016": 1824,
          "2017": 16884,
          "2018": 9533,
          "2019": 10032,
          "2020": 4132,
          "2021": 2538,
          "2022": 4462,
          "2023": 6490,
          "2024": 4546,
          "2025": 2551
        },
        "top_violation": {
          "description": "Avançar o sinal vermelho do semáforo - fiscalização eletrônica.",
          "percentage": 46.5
        }
      }
    },
    {
      "type": "Feature",
      "geometry": {
        "type": "GeometryCollection",
        "geometries": [
          {
            "type": "MultiLineString",
            "coordinates": [
              [
                [
                  -34.900881066,
                  -8.057582755
                ],
                [
                  -34.901164125,
                  -8.057768797
                ]
              ],
              [
                [
                  -34.898083391,
                  -8.057482633
                ],
                [
                  -34.900097001,
                  -8.05751399
                ]
              ],
              [
                [
                  -34.900034731,
                  -8.057024777
                ],
                [
                  -34.900881066,
                  -8.057582755
                ]
              ],
              [
                [
                  -34.899600716,
                  -8.056764089
                ],
                [
                  -34.898110774,
                  -8.056727468
                ]
              ],
              [
                [
                  -34.899600427,
                  -8.056763917
                ],
                [
                  -34.900034621,
                  -8.057025369
                ]
              ],
              [
                [
                  -34.899600427,
                  -8.056763917
                ],
                [
                  -34.898024245,
                  -8.056661412
                ]
              ],
              [
                [
                  -34.899600427,
                  -8.056763917
                ],
                [
                  -34.900066881,
                  -8.056309415
                ]
              ],
              [
                [
                  -34.90081762,
                  -8.056734219
                ],
                [
                  -34.900881066,
                  -8.057582755
                ]
              ],
              [
                [
                  -34.90081762,
                  -8.056734219
                ],
                [
                  -34.900119131,
                  -8.056729983
                ]
              ],
              [
                [
                  -34.900914702,
                  -8.056105404
                ],
                [
                  -34.901328468,
                  -8.056103976
                ],
                [
                  -34.90137646,
                  -8.055959819
                ]
              ],
              [
                [
                  -34.90137646,
                  -8.055959819
                ],
                [
                  -34.9021806,
                  -8.056417785
                ]
              ],
              [
                [
                  -34.900066711,
                  -8.055934825
                ],
                [
                  -34.898211393,
                  -8.055937697
                ]
              ],
              [
                [
                  -34.900802902,
                  -8.055611073
                ],
                [
                  -34.90137646,
                  -8.055959819
                ]
              ],
              [
                [
                  -34.900802902,
                  -8.055611073
                ],
                [
                  -34.90081762,
                  -8.056734219
                ]
              ],
              [
                [
                  -34.900120346,
                  -8.055278938
                ],
                [
                  -34.900685306,
                  -8.055301669
                ],
                [
                  -34.900802902,
                  -8.055611073
                ]
              ]
            ]
          }
        ]
      },
      "properties": {
        "street_code": 66290,
        "street_name": "Praça do Derby",
        "total_violations": 57278,
        "extension_km": 1.68,
        "violations_per_km": 34071.08,
        "by_year": {
          "2007": 512,
          "2008": 231,
          "2009": 247,
          "2010": 352,
          "2011": 460,
          "2012": 445,
          "2013": 604,
          "2014": 1533,
          "2015": 1740,
          "2016": 1036,
          "2017": 6838,
          "2018": 5249,
          "2019": 5763,
          "2020": 4278,
          "2021": 4521,
          "2022": 6960,
          "2023": 9314,
          "2024": 4888,
          "2025": 2307
        },
        "top_violation": {
          "description": "Transitar em locais e horários não permitidos pela regulamentação estabelecida pela autoridade competente — para todos os tipos de veículos.",
          "percentage": 31.97
        }
      }
    },
    {
      "type": "Feature",
      "geometry": {
        "type": "GeometryCollection",
        "geometries": [
          {
            "type": "MultiLineString",
            "coordinates": [
              [
                [
                  -34.874433027,
                  -8.063769527
                ],
                [
                  -34.871510269,
                  -8.063230539
                ]
              ]
            ]
          }
        ]
      },
      "properties": {
        "street_code": 47406,
        "street_name": "Avenida Marquês de Olinda",
        "total_violations": 50546,
        "extension_km": 0.33,
        "violations_per_km": 154256.42,
        "by_year": {
          "2007": 612,
          "2008": 329,
          "2009": 244,
          "2010": 454,
          "2011": 363,
          "2012": 406,
          "2013": 296,
          "2014": 1574,
          "2015": 9925,
          "2016": 4831,
          "2017": 4051,
          "2018": 3155,
          "2019": 5797,
          "2020": 4060,
          "2021": 4252,
          "2022": 4265,
          "2023": 5285,
          "2024": 585,
          "2025": 62
        },
        "top_violation": {
          "description": "Transitar em velocidade superior à máxima permitida para o local, medida por instrumento ou equipamento hábil — quando a velocidade for superior à máxima em até 20% (vinte por cento).",
          "percentage": 54.21
        }
      }
    },
    {
      "type": "Feature",
      "geometry": {
        "type": "GeometryCollection",
        "geometries": [
          {
            "type": "MultiLineString",
            "coordinates": [
              [
                [
                  -34.90107202,
                  -8.112896581
                ],
                [
                  -34.901484158,
                  -8.112509457
                ],
                [
                  -34.901488549,
                  -8.112109538
                ],
                [
                  -34.901011324,
                  -8.111452783
                ],
                [
                  -34.899883265,
                  -8.11047589
                ]
              ],
              [
                [
                  -34.900776052,
                  -8.111217887
                ],
                [
                  -34.901272926,
                  -8.111665903
                ],
                [
                  -34.901795772,
                  -8.112549095
                ]
              ],
              [
                [
                  -34.900819761,
                  -8.110750459
                ],
                [
                  -34.901466348,
                  -8.111356372
                ],
                [
                  -34.90208103,
                  -8.112412548
                ]
              ],
              [
                [
                  -34.900819761,
                  -8.110750459
                ],
                [
                  -34.901335324,
                  -8.111379073
                ],
                [
                  -34.901744954,
                  -8.112223936
                ],
                [
                  -34.902056157,
                  -8.112424453
                ]
              ],
              [
                [
                  -34.899883265,
                  -8.11047589
                ],
                [
                  -34.900225692,
                  -8.111515169
                ],
                [
                  -34.900348692,
                  -8.113250341
                ]
              ],
              [
                [
                  -34.899883265,
                  -8.11047589
                ],
                [
                  -34.897450675,
                  -8.107898239
                ],
                [
                  -34.896606005,
                  -8.107694064
                ],
                [
                  -34.894699616,
                  -8.107836886
                ],
                [
                  -34.894066263,
                  -8.107600389
                ],
                [
                  -34.891503851,
                  -8.105384914
                ],
                [
                  -34.889328776,
                  -8.103082668
                ],
                [
                  -34.889061541,
                  -8.100904862
                ],
                [
                  -34.889192554,
                  -8.100175161
                ],
                [
                  -34.890533324,
                  -8.098587077
                ],
                [
                  -34.890745889,
                  -8.097069082
                ],
                [
                  -34.891055219,
                  -8.096283807
                ],
                [
                  -34.892677047,
                  -8.095048887
                ],
                [
                  -34.893411193,
                  -8.094207075
                ],
                [
                  -34.894028792,
                  -8.093079953
                ],
                [
                  -34.894312671,
                  -8.091988542
                ],
                [
                  -34.894234847,
                  -8.091256942
                ],
                [
                  -34.893925497,
                  -8.090698146
                ],
                [
                  -34.892195939,
                  -8.08981986
                ],
                [
                  -34.891407435,
                  -8.088538102
                ],
                [
                  -34.890938744,
                  -8.088340147
                ],
                [
                  -34.889826399,
                  -8.088258354
                ]
              ],
              [
                [
                  -34.899506797,
                  -8.109849334
                ],
                [
                  -34.900819761,
                  -8.110750459
                ]
              ],
              [
                [
                  -34.899506797,
                  -8.109849334
                ],
                [
                  -34.899883265,
                  -8.11047589
                ]
              ],
              [
                [
                  -34.891764769,
                  -8.088918332
                ],
                [
                  -34.892232507,
                  -8.089758197
                ],
                [
                  -34.893663145,
                  -8.090390089
                ],
                [
                  -34.894105775,
                  -8.090791979
                ],
                [
                  -34.894374208,
                  -8.091545731
                ],
                [
                  -34.894344601,
                  -8.092401019
                ],
                [
                  -34.893911791,
                  -8.093521303
                ],
                [
                  -34.893312802,
                  -8.094468262
                ],
                [
                  -34.892497044,
                  -8.095309258
                ],
                [
                  -34.891319811,
                  -8.096100499
                ],
                [
                  -34.890955134,
                  -8.096649965
                ],
                [
                  -34.890626823,
                  -8.098945891
                ],
                [
                  -34.889486737,
                  -8.100036708
                ],
                [
                  -34.889192524,
                  -8.100564797
                ],
                [
                  -34.889392498,
                  -8.102989398
                ],
                [
                  -34.889747927,
                  -8.103543182
                ],
                [
                  -34.891756148,
                  -8.10517616
                ],
                [
                  -34.894070037,
                  -8.107500202
                ],
                [
                  -34.894749594,
                  -8.107752028
                ],
                [
                  -34.896733847,
                  -8.107604409
                ],
                [
                  -34.897388159,
                  -8.107741926
                ],
                [
                  -34.897921574,
                  -8.108113795
                ],
                [
                  -34.899506797,
                  -8.109849334
                ]
              ]
            ]
          }
        ]
      },
      "properties": {
        "street_code": 119423,
        "street_name": "Avenida Celso Furtado",
        "total_violations": 49269,
        "extension_km": 8.61,
        "violations_per_km": 5722.83,
        "by_year": {
          "2014": 620,
          "2015": 3011,
          "2016": 6319,
          "2017": 2164,
          "2018": 8937,
          "2019": 6102,
          "2020": 7816,
          "2021": 5309,
          "2022": 3524,
          "2023": 2290,
          "2024": 1971,
          "2025": 1206
        },
        "top_violation": {
          "description": "Transitar em velocidade superior à máxima permitida para o local, medida por instrumento ou equipamento hábil — quando a velocidade for superior à máxima em até 20% (vinte por cento).",
          "percentage": 90.57
        }
      }
    },
    {
      "type": "Feature",
      "geometry": {
        "type": "GeometryCollection",
        "geometries": [
          {
            "type": "MultiLineString",
            "coordinates": [
              [
                [
                  -34.901811242,
                  -8.05465445
                ],
                [
                  -34.902288565,
                  -8.052869415
                ],
                [
                  -34.90197856,
                  -8.050785801
                ]
              ]
            ]
          }
        ]
      },
      "properties": {
        "street_code": 28290,
        "street_name": "Rua Guilherme Pinto",
        "total_violations": 48443,
        "extension_km": 0.44,
        "violations_per_km": 110727.7,
        "by_year": {
          "2007": 1914,
          "2008": 1304,
          "2009": 1281,
          "2010": 1664,
          "2011": 1052,
          "2012": 1450,
          "2013": 1595,
          "2014": 1213,
          "2015": 3852,
          "2016": 2747,
          "2017": 2559,
          "2018": 2895,
          "2019": 2237,
          "2020": 4441,
          "2021": 3756,
          "2022": 3373,
          "2023": 5650,
          "2024": 4349,
          "2025": 1111
        },
        "top_violation": {
          "description": "Transitar em velocidade superior à máxima permitida para o local, medida por instrumento ou equipamento hábil — quando a velocidade for superior à máxima em até 20% (vinte por cento).",
          "percentage": 53.85
        }
      }
    },
    {
      "type": "Feature",
      "geometry": {
        "type": "GeometryCollection",
        "geometries": [
          {
            "type": "MultiLineString",
            "coordinates": [
              [
                [
                  -34.880063745,
                  -8.063158912
                ],
                [
                  -34.881356102,
                  -8.067355521
                ],
                [
                  -34.881914164,
                  -8.068429496
                ]
              ]
            ]
          }
        ]
      },
      "properties": {
        "street_code": 48585,
        "street_name": "Rua da Palma",
        "total_violations": 47431,
        "extension_km": 0.62,
        "violations_per_km": 76575.19,
        "by_year": {
          "2007": 2192,
          "2008": 1926,
          "2009": 2362,
          "2010": 2011,
          "2011": 2381,
          "2012": 2648,
          "2013": 1996,
          "2014": 2256,
          "2015": 4162,
          "2016": 4191,
          "2017": 2974,
          "2018": 2788,
          "2019": 4085,
          "2020": 2862,
          "2021": 1923,
          "2022": 1906,
          "2023": 2247,
          "2024": 1878,
          "2025": 643
        },
        "top_violation": {
          "description": "Estacionar o veículo em desacordo com as condições regulamentadas - estacionamento rotativo.",
          "percentage": 52.59
        }
      }
    },
    {
      "type": "Feature",
      "geometry": {
        "type": "GeometryCollection",
        "geometries": [
          {
            "type": "MultiLineString",
            "coordinates": [
              [
                [
                  -34.907361329,
                  -8.075859256
                ],
                [
                  -34.906623338,
                  -8.080250848
                ]
              ],
              [
                [
                  -34.907531084,
                  -8.075632904
                ],
                [
                  -34.907361329,
                  -8.075859256
                ]
              ],
              [
                [
                  -34.908082707,
                  -8.06549244
                ],
                [
                  -34.908467283,
                  -8.068901039
                ],
                [
                  -34.907361329,
                  -8.075859256
                ]
              ],
              [
                [
                  -34.907143644,
                  -8.058121176
                ],
                [
                  -34.908048905,
                  -8.065238111
                ]
              ]
            ]
          }
        ]
      },
      "properties": {
        "street_code": 57061,
        "street_name": "Estrada dos Remédios",
        "total_violations": 46933,
        "extension_km": 2.48,
        "violations_per_km": 18951.31,
        "by_year": {
          "2007": 571,
          "2008": 934,
          "2009": 892,
          "2010": 887,
          "2011": 1255,
          "2012": 968,
          "2013": 1514,
          "2014": 1693,
          "2015": 1885,
          "2016": 2271,
          "2017": 5303,
          "2018": 5102,
          "2019": 7657,
          "2020": 6919,
          "2021": 3685,
          "2022": 1599,
          "2023": 917,
          "2024": 2270,
          "2025": 611
        },
        "top_violation": {
          "description": "Estacionar o veículo em locais e horários proibidos especificamente pela sinalização (placa — Proibido Estacionar).",
          "percentage": 28.65
        }
      }
    },
    {
      "type": "Feature",
      "geometry": {
        "type": "GeometryCollection",
        "geometries": [
          {
            "type": "MultiLineString",
            "coordinates": [
              [
                [
                  -34.876766794,
                  -8.065097132
                ],
                [
                  -34.876691197,
                  -8.066140846
                ]
              ],
              [
                [
                  -34.876766337,
                  -8.065097069
                ],
                [
                  -34.877118374,
                  -8.061521075
                ]
              ]
            ]
          }
        ]
      },
      "properties": {
        "street_code": 50393,
        "street_name": "Rua Imperador Dom Pedro II",
        "total_violations": 45781,
        "extension_km": 0.51,
        "violations_per_km": 89196.58,
        "by_year": {
          "2007": 1766,
          "2008": 2099,
          "2009": 3869,
          "2010": 3965,
          "2011": 2841,
          "2012": 3568,
          "2013": 2294,
          "2014": 2723,
          "2015": 2978,
          "2016": 3393,
          "2017": 2844,
          "2018": 2442,
          "2019": 3052,
          "2020": 2079,
          "2021": 1590,
          "2022": 1569,
          "2023": 1552,
          "2024": 893,
          "2025": 264
        },
        "top_violation": {
          "description": "Estacionar o veículo em desacordo com as condições regulamentadas - estacionamento rotativo.",
          "percentage": 42.17
        }
      }
    },
    {
      "type": "Feature",
      "geometry": {
        "type": "GeometryCollection",
        "geometries": [
          {
            "type": "MultiLineString",
            "coordinates": [
              [
                [
                  -34.911818873,
                  -8.10895985
                ],
                [
                  -34.907571042,
                  -8.109784524
                ],
                [
                  -34.901518753,
                  -8.112681699
                ]
              ]
            ]
          }
        ]
      },
      "properties": {
        "street_code": 40371,
        "street_name": "Avenida General Mac Arthur",
        "total_violations": 40125,
        "extension_km": 1.22,
        "violations_per_km": 32966.16,
        "by_year": {
          "2007": 121,
          "2008": 70,
          "2009": 104,
          "2010": 66,
          "2011": 102,
          "2012": 1277,
          "2013": 2808,
          "2014": 14551,
          "2015": 5287,
          "2016": 572,
          "2017": 435,
          "2018": 319,
          "2019": 5978,
          "2020": 4309,
          "2021": 2008,
          "2022": 1654,
          "2023": 115,
          "2024": 197,
          "2025": 152
        },
        "top_violation": {
          "description": "Transitar em velocidade superior à máxima permitida para o local, medida por instrumento ou equipamento hábil — quando a velocidade for superior à máxima em até 20% (vinte por cento).",
          "percentage": 58.83
        }
      }
    },
    {
      "type": "Feature",
      "geometry": {
        "type": "GeometryCollection",
        "geometries": [
          {
            "type": "MultiLineString",
            "coordinates": [
              [
                [
                  -34.910376299,
                  -8.03779095
                ],
                [
                  -34.910810894,
                  -8.0371559
                ]
              ],
              [
                [
                  -34.910810894,
                  -8.0371559
                ],
                [
                  -34.911078963,
                  -8.03707856
                ]
              ],
              [
                [
                  -34.911078963,
                  -8.03707856
                ],
                [
                  -34.9138345,
                  -8.036591439
                ]
              ],
              [
                [
                  -34.911040256,
                  -8.036922945
                ],
                [
                  -34.910810894,
                  -8.0371559
                ]
              ],
              [
                [
                  -34.911040256,
                  -8.036922945
                ],
                [
                  -34.911050739,
                  -8.036920961
                ]
              ],
              [
                [
                  -34.911050739,
                  -8.036920961
                ],
                [
                  -34.911078963,
                  -8.03707856
                ]
              ],
              [
                [
                  -34.911050739,
                  -8.036920961
                ],
                [
                  -34.913524668,
                  -8.036433105
                ]
              ],
              [
                [
                  -34.910671222,
                  -8.036814029
                ],
                [
                  -34.911040256,
                  -8.036922945
                ]
              ],
              [
                [
                  -34.913524668,
                  -8.036433105
                ],
                [
                  -34.913812385,
                  -8.03637592
                ]
              ],
              [
                [
                  -34.913524668,
                  -8.036433105
                ],
                [
                  -34.913565067,
                  -8.036155308
                ]
              ]
            ]
          }
        ]
      },
      "properties": {
        "street_code": 97403,
        "street_name": "Rua Dr João Santos Filho",
        "total_violations": 40118,
        "extension_km": 0.87,
        "violations_per_km": 46097.57,
        "by_year": {
          "2007": 152,
          "2008": 260,
          "2009": 1249,
          "2010": 1768,
          "2011": 1065,
          "2012": 1269,
          "2013": 529,
          "2014": 943,
          "2015": 1092,
          "2016": 1681,
          "2017": 3656,
          "2018": 250,
          "2019": 4988,
          "2020": 6578,
          "2021": 2520,
          "2022": 5532,
          "2023": 4632,
          "2024": 1659,
          "2025": 295
        },
        "top_violation": {
          "description": "Estacionar o veículo em desacordo com as condições regulamentadas - estacionamento rotativo.",
          "percentage": 54.99
        }
      }
    },
    {
      "type": "Feature",
      "geometry": {
        "type": "GeometryCollection",
        "geometries": [
          {
            "type": "MultiLineString",
            "coordinates": [
              [
                [
                  -34.881157052,
                  -8.064878816
                ],
                [
                  -34.882331628,
                  -8.06878897
                ],
                [
                  -34.884596977,
                  -8.071918876
                ]
              ]
            ]
          }
        ]
      },
      "properties": {
        "street_code": 17264,
        "street_name": "Rua da Concórdia",
        "total_violations": 39215,
        "extension_km": 0.88,
        "violations_per_km": 44640.9,
        "by_year": {
          "2007": 1486,
          "2008": 1146,
          "2009": 1676,
          "2010": 1313,
          "2011": 1485,
          "2012": 2684,
          "2013": 2106,
          "2014": 2109,
          "2015": 2681,
          "2016": 2739,
          "2017": 2618,
          "2018": 2952,
          "2019": 3985,
          "2020": 2574,
          "2021": 2134,
          "2022": 1973,
          "2023": 1524,
          "2024": 1536,
          "2025": 494
        },
        "top_violation": {
          "description": "Estacionar o veículo em desacordo com as condições regulamentadas - estacionamento rotativo.",
          "percentage": 40.74
        }
      }
    },
    {
      "type": "Feature",
      "geometry": {
        "type": "GeometryCollection",
        "geometries": [
          {
            "type": "MultiLineString",
            "coordinates": [
              [
                [
                  -34.901129157,
                  -8.117423057
                ],
                [
                  -34.900412587,
                  -8.113219092
                ]
              ]
            ]
          }
        ]
      },
      "properties": {
        "street_code": 80438,
        "street_name": "Rua Professor Arnaldo Carneiro Leão",
        "total_violations": 38295,
        "extension_km": 0.47,
        "violations_per_km": 81064.68,
        "by_year": {
          "2007": 128,
          "2008": 32,
          "2009": 3,
          "2010": 7,
          "2011": 2,
          "2012": 4,
          "2013": 17,
          "2014": 299,
          "2015": 4285,
          "2016": 2860,
          "2017": 3811,
          "2018": 5066,
          "2019": 9040,
          "2020": 1334,
          "2021": 598,
          "2022": 1467,
          "2023": 2312,
          "2024": 4795,
          "2025": 2235
        },
        "top_violation": {
          "description": "Executar operação de conversão à direita ou à esquerda em locais proibidos pela sinalização.",
          "percentage": 43
        }
      }
    },
    {
      "type": "Feature",
      "geometry": {
        "type": "GeometryCollection",
        "geometries": [
          {
            "type": "MultiLineString",
            "coordinates": [
              [
                [
                  -34.873437018,
                  -8.066599719
                ],
                [
                  -34.873074322,
                  -8.066101181
                ]
              ],
              [
                [
                  -34.873323966,
                  -8.066177213
                ],
                [
                  -34.873074322,
                  -8.066101181
                ]
              ],
              [
                [
                  -34.873074322,
                  -8.066101181
                ],
                [
                  -34.872524782,
                  -8.065476373
                ],
                [
                  -34.871472435,
                  -8.063502248
                ],
                [
                  -34.87150489,
                  -8.063053181
                ],
                [
                  -34.871118829,
                  -8.062698667
                ],
                [
                  -34.869637286,
                  -8.05834275
                ]
              ]
            ]
          }
        ]
      },
      "properties": {
        "street_code": 2496,
        "street_name": "Avenida Alfredo Lisboa",
        "total_violations": 37854,
        "extension_km": 1.06,
        "violations_per_km": 35740.82,
        "by_year": {
          "2007": 1761,
          "2008": 1236,
          "2009": 2996,
          "2010": 2251,
          "2011": 1910,
          "2012": 1304,
          "2013": 869,
          "2014": 1386,
          "2015": 1883,
          "2016": 1935,
          "2017": 1489,
          "2018": 4149,
          "2019": 4385,
          "2020": 3905,
          "2021": 2645,
          "2022": 2186,
          "2023": 1241,
          "2024": 222,
          "2025": 101
        },
        "top_violation": {
          "description": "Transitar em velocidade superior à máxima permitida para o local, medida por instrumento ou equipamento hábil — quando a velocidade for superior à máxima em até 20% (vinte por cento).",
          "percentage": 41.06
        }
      }
    },
    {
      "type": "Feature",
      "geometry": {
        "type": "GeometryCollection",
        "geometries": [
          {
            "type": "MultiLineString",
            "coordinates": [
              [
                [
                  -34.877133985,
                  -8.047775398
                ],
                [
                  -34.881543882,
                  -8.053931899
                ]
              ],
              [
                [
                  -34.876884703,
                  -8.047582729
                ],
                [
                  -34.876490214,
                  -8.04703852
                ]
              ],
              [
                [
                  -34.877255931,
                  -8.047377707
                ],
                [
                  -34.877133985,
                  -8.047775398
                ]
              ],
              [
                [
                  -34.87639941,
                  -8.046984671
                ],
                [
                  -34.87601385,
                  -8.046224053
                ]
              ],
              [
                [
                  -34.87601385,
                  -8.046224053
                ],
                [
                  -34.877133985,
                  -8.047775398
                ]
              ],
              [
                [
                  -34.873483296,
                  -8.042710838
                ],
                [
                  -34.87601385,
                  -8.046224053
                ]
              ],
              [
                [
                  -34.873483296,
                  -8.042710838
                ],
                [
                  -34.870320251,
                  -8.038165918
                ],
                [
                  -34.87013368,
                  -8.037230488
                ],
                [
                  -34.869867784,
                  -8.037360537
                ],
                [
                  -34.869936855,
                  -8.037740166
                ]
              ],
              [
                [
                  -34.869936855,
                  -8.037740166
                ],
                [
                  -34.873483296,
                  -8.042710838
                ]
              ],
              [
                [
                  -34.869293169,
                  -8.036769869
                ],
                [
                  -34.869936855,
                  -8.037740166
                ]
              ]
            ]
          }
        ]
      },
      "properties": {
        "street_code": 18481,
        "street_name": "Avenida Cruz Cabuga",
        "total_violations": 34392,
        "extension_km": 3.35,
        "violations_per_km": 10261.48,
        "by_year": {
          "2007": 2108,
          "2008": 1110,
          "2009": 1519,
          "2010": 2083,
          "2011": 1367,
          "2012": 1842,
          "2013": 3257,
          "2014": 1748,
          "2015": 567,
          "2016": 1192,
          "2017": 2937,
          "2018": 2541,
          "2019": 3448,
          "2020": 3744,
          "2021": 1102,
          "2022": 1104,
          "2023": 1210,
          "2024": 965,
          "2025": 548
        },
        "top_violation": {
          "description": "Avançar o sinal vermelho do semáforo - fiscalização eletrônica.",
          "percentage": 26.63
        }
      }
    },
    {
      "type": "Feature",
      "geometry": {
        "type": "GeometryCollection",
        "geometries": [
          {
            "type": "MultiLineString",
            "coordinates": [
              [
                [
                  -34.911100173,
                  -8.034008069
                ],
                [
                  -34.910639994,
                  -8.033529733
                ],
                [
                  -34.91003724,
                  -8.033480691
                ]
              ],
              [
                [
                  -34.910573228,
                  -8.033224766
                ],
                [
                  -34.911100173,
                  -8.034008069
                ]
              ],
              [
                [
                  -34.928756866,
                  -8.027827021
                ],
                [
                  -34.927863328,
                  -8.028026885
                ],
                [
                  -34.927761647,
                  -8.027777299
                ]
              ],
              [
                [
                  -34.928756866,
                  -8.027827021
                ],
                [
                  -34.928756459,
                  -8.02782674
                ]
              ],
              [
                [
                  -34.92898536,
                  -8.027812404
                ],
                [
                  -34.928756866,
                  -8.027827021
                ]
              ],
              [
                [
                  -34.927761647,
                  -8.027777299
                ],
                [
                  -34.92702334,
                  -8.027859207
                ],
                [
                  -34.926351569,
                  -8.028387716
                ],
                [
                  -34.925890714,
                  -8.029316388
                ],
                [
                  -34.92445909,
                  -8.030932002
                ],
                [
                  -34.922638395,
                  -8.033536299
                ],
                [
                  -34.921086386,
                  -8.034499426
                ],
                [
                  -34.920038913,
                  -8.035980718
                ],
                [
                  -34.919934135,
                  -8.036631863
                ],
                [
                  -34.91913106,
                  -8.037574917
                ],
                [
                  -34.918679882,
                  -8.037865577
                ],
                [
                  -34.916085036,
                  -8.037839102
                ],
                [
                  -34.915045902,
                  -8.037531382
                ],
                [
                  -34.913504126,
                  -8.036103714
                ],
                [
                  -34.911699368,
                  -8.034805831
                ],
                [
                  -34.911100173,
                  -8.034008069
                ]
              ],
              [
                [
                  -34.928755605,
                  -8.027689598
                ],
                [
                  -34.928756866,
                  -8.027827021
                ]
              ],
              [
                [
                  -34.928755605,
                  -8.027689598
                ],
                [
                  -34.927761647,
                  -8.027777299
                ]
              ],
              [
                [
                  -34.929353838,
                  -8.027542323
                ],
                [
                  -34.928755605,
                  -8.027689598
                ]
              ]
            ]
          }
        ]
      },
      "properties": {
        "street_code": 19526,
        "street_name": "Avenida Dezessete de Agosto",
        "total_violations": 32432,
        "extension_km": 3.16,
        "violations_per_km": 10273.94,
        "by_year": {
          "2007": 855,
          "2008": 911,
          "2009": 984,
          "2010": 844,
          "2011": 479,
          "2012": 1070,
          "2013": 1595,
          "2014": 989,
          "2015": 2457,
          "2016": 2630,
          "2017": 4646,
          "2018": 3324,
          "2019": 4485,
          "2020": 2836,
          "2021": 1606,
          "2022": 914,
          "2023": 380,
          "2024": 1226,
          "2025": 201
        },
        "top_violation": {
          "description": "Transitar em velocidade superior à máxima permitida para o local, medida por instrumento ou equipamento hábil — quando a velocidade for superior à máxima em até 20% (vinte por cento).",
          "percentage": 15.23
        }
      }
    },
    {
      "type": "Feature",
      "geometry": {
        "type": "GeometryCollection",
        "geometries": [
          {
            "type": "MultiLineString",
            "coordinates": [
              [
                [
                  -34.875958039,
                  -8.067004394
                ],
                [
                  -34.876203637,
                  -8.066565096
                ],
                [
                  -34.876336113,
                  -8.064894062
                ]
              ],
              [
                [
                  -34.876336113,
                  -8.064894062
                ],
                [
                  -34.875834877,
                  -8.06691738
                ]
              ],
              [
                [
                  -34.876336113,
                  -8.064894062
                ],
                [
                  -34.876413451,
                  -8.064078779
                ]
              ],
              [
                [
                  -34.876413451,
                  -8.064078779
                ],
                [
                  -34.876483902,
                  -8.06334627
                ]
              ],
              [
                [
                  -34.876535795,
                  -8.061637889
                ],
                [
                  -34.876413451,
                  -8.064078779
                ]
              ]
            ]
          }
        ]
      },
      "properties": {
        "street_code": 43370,
        "street_name": "Avenida Martins de Barros",
        "total_violations": 32243,
        "extension_km": 0.92,
        "violations_per_km": 35028.75,
        "by_year": {
          "2007": 552,
          "2008": 565,
          "2009": 1178,
          "2010": 1296,
          "2011": 1487,
          "2012": 1659,
          "2013": 1345,
          "2014": 1329,
          "2015": 2444,
          "2016": 2809,
          "2017": 2927,
          "2018": 3613,
          "2019": 3579,
          "2020": 1476,
          "2021": 1370,
          "2022": 1055,
          "2023": 1619,
          "2024": 1678,
          "2025": 262
        },
        "top_violation": {
          "description": "Executar operação de conversão à direita ou à esquerda em locais proibidos pela sinalização.",
          "percentage": 20.37
        }
      }
    },
    {
      "type": "Feature",
      "geometry": {
        "type": "GeometryCollection",
        "geometries": [
          {
            "type": "MultiLineString",
            "coordinates": [
              [
                [
                  -34.882612085,
                  -8.053421734
                ],
                [
                  -34.888030664,
                  -8.062175087
                ]
              ]
            ]
          }
        ]
      },
      "properties": {
        "street_code": 26565,
        "street_name": "Rua Gervásio Pires",
        "total_violations": 29493,
        "extension_km": 1.14,
        "violations_per_km": 25923.71,
        "by_year": {
          "2007": 1159,
          "2008": 1313,
          "2009": 788,
          "2010": 1013,
          "2011": 1158,
          "2012": 1529,
          "2013": 1173,
          "2014": 972,
          "2015": 1504,
          "2016": 1680,
          "2017": 2945,
          "2018": 2721,
          "2019": 4079,
          "2020": 2455,
          "2021": 2042,
          "2022": 1364,
          "2023": 942,
          "2024": 541,
          "2025": 115
        },
        "top_violation": {
          "description": "Estacionar o veículo em desacordo com as condições regulamentadas - estacionamento rotativo.",
          "percentage": 20.46
        }
      }
    },
    {
      "type": "Feature",
      "geometry": {
        "type": "GeometryCollection",
        "geometries": [
          {
            "type": "MultiLineString",
            "coordinates": [
              [
                [
                  -34.916832378,
                  -8.143762959
                ],
                [
                  -34.914652425,
                  -8.134547273
                ]
              ],
              [
                [
                  -34.914675609,
                  -8.13364814
                ],
                [
                  -34.914466459,
                  -8.132772594
                ]
              ],
              [
                [
                  -34.914360732,
                  -8.132806311
                ],
                [
                  -34.914212619,
                  -8.132116342
                ]
              ],
              [
                [
                  -34.913675697,
                  -8.129575859
                ],
                [
                  -34.913562433,
                  -8.129387401
                ]
              ],
              [
                [
                  -34.913562433,
                  -8.129387401
                ],
                [
                  -34.913587182,
                  -8.129962607
                ],
                [
                  -34.914212557,
                  -8.132116471
                ]
              ],
              [
                [
                  -34.913562433,
                  -8.129387401
                ],
                [
                  -34.912729567,
                  -8.125972776
                ]
              ],
              [
                [
                  -34.913190272,
                  -8.127009669
                ],
                [
                  -34.912933867,
                  -8.125936309
                ]
              ],
              [
                [
                  -34.912612681,
                  -8.126339025
                ],
                [
                  -34.912341553,
                  -8.125075495
                ]
              ],
              [
                [
                  -34.912729567,
                  -8.125972776
                ],
                [
                  -34.912933867,
                  -8.125936309
                ]
              ],
              [
                [
                  -34.912729567,
                  -8.125972776
                ],
                [
                  -34.912067777,
                  -8.123301779
                ]
              ],
              [
                [
                  -34.912933867,
                  -8.125936309
                ],
                [
                  -34.912434907,
                  -8.123780348
                ]
              ],
              [
                [
                  -34.912434907,
                  -8.123780348
                ],
                [
                  -34.912633115,
                  -8.123309885
                ]
              ],
              [
                [
                  -34.912434907,
                  -8.123780348
                ],
                [
                  -34.911701895,
                  -8.120557144
                ],
                [
                  -34.911782616,
                  -8.120329224
                ]
              ],
              [
                [
                  -34.912089551,
                  -8.123150751
                ],
                [
                  -34.910715623,
                  -8.116665807
                ],
                [
                  -34.910806533,
                  -8.115937109
                ],
                [
                  -34.910396266,
                  -8.115043583
                ],
                [
                  -34.90940637,
                  -8.110629402
                ]
              ],
              [
                [
                  -34.909065024,
                  -8.110614951
                ],
                [
                  -34.907406503,
                  -8.103087688
                ],
                [
                  -34.907397797,
                  -8.100409727
                ],
                [
                  -34.908034376,
                  -8.096781263
                ],
                [
                  -34.908187297,
                  -8.094746455
                ],
                [
                  -34.908044522,
                  -8.092107963
                ],
                [
                  -34.907550805,
                  -8.09054981
                ]
              ],
              [
                [
                  -34.909129449,
                  -8.109479644
                ],
                [
                  -34.908859341,
                  -8.108132788
                ]
              ],
              [
                [
                  -34.907376885,
                  -8.090588659
                ],
                [
                  -34.906412129,
                  -8.08665076
                ]
              ],
              [
                [
                  -34.907753951,
                  -8.090504433
                ],
                [
                  -34.906605262,
                  -8.085020277
                ]
              ],
              [
                [
                  -34.906367414,
                  -8.086624218
                ],
                [
                  -34.906019234,
                  -8.085244042
                ]
              ],
              [
                [
                  -34.906753616,
                  -8.083461117
                ],
                [
                  -34.906640601,
                  -8.083140194
                ],
                [
                  -34.905888877,
                  -8.082677073
                ],
                [
                  -34.905591201,
                  -8.082086835
                ]
              ],
              [
                [
                  -34.905591201,
                  -8.082086835
                ],
                [
                  -34.906075446,
                  -8.082672964
                ],
                [
                  -34.906640357,
                  -8.082690503
                ]
              ],
              [
                [
                  -34.905591201,
                  -8.082086835
                ],
                [
                  -34.904595405,
                  -8.08065327
                ],
                [
                  -34.903762909,
                  -8.080036855
                ],
                [
                  -34.902284769,
                  -8.079413008
                ]
              ],
              [
                [
                  -34.902066654,
                  -8.079404916
                ],
                [
                  -34.889711827,
                  -8.075220565
                ],
                [
                  -34.886956995,
                  -8.07391573
                ],
                [
                  -34.885123301,
                  -8.073376398
                ],
                [
                  -34.883724064,
                  -8.073256335
                ],
                [
                  -34.881362438,
                  -8.072520259
                ],
                [
                  -34.878890394,
                  -8.072199767
                ]
              ],
              [
                [
                  -34.887392254,
                  -8.07396407
                ],
                [
                  -34.890963334,
                  -8.075552007
                ],
                [
                  -34.901653753,
                  -8.07918001
                ]
              ],
              [
                [
                  -34.887392254,
                  -8.07396407
                ],
                [
                  -34.885026314,
                  -8.073292665
                ]
              ],
              [
                [
                  -34.887481514,
                  -8.073699879
                ],
                [
                  -34.887392254,
                  -8.07396407
                ]
              ]
            ]
          }
        ]
      },
      "properties": {
        "street_code": 56391,
        "street_name": "Avenida Sul Gov. Cid Sampaio",
        "total_violations": 29429,
        "extension_km": 13.83,
        "violations_per_km": 2128.12,
        "by_year": {
          "2007": 1761,
          "2008": 1428,
          "2009": 1449,
          "2010": 2992,
          "2011": 2027,
          "2012": 2086,
          "2013": 1640,
          "2014": 1954,
          "2015": 1188,
          "2016": 1573,
          "2017": 1835,
          "2018": 1295,
          "2019": 780,
          "2020": 1698,
          "2021": 1752,
          "2022": 1312,
          "2023": 1146,
          "2024": 1154,
          "2025": 359
        },
        "top_violation": {
          "description": "Avançar o sinal vermelho do semáforo - fiscalização eletrônica.",
          "percentage": 23.04
        }
      }
    },
    {
      "type": "Feature",
      "geometry": {
        "type": "GeometryCollection",
        "geometries": [
          {
            "type": "MultiLineString",
            "coordinates": [
              [
                [
                  -34.882530542,
                  -8.063431226
                ],
                [
                  -34.879336192,
                  -8.058497778
                ]
              ],
              [
                [
                  -34.873818598,
                  -8.050008995
                ],
                [
                  -34.879336192,
                  -8.058497778
                ]
              ],
              [
                [
                  -34.873875997,
                  -8.049962912
                ],
                [
                  -34.879336192,
                  -8.058497778
                ]
              ]
            ]
          }
        ]
      },
      "properties": {
        "street_code": 9164,
        "street_name": "Rua da Aurora",
        "total_violations": 29416,
        "extension_km": 2.89,
        "violations_per_km": 10179.09,
        "by_year": {
          "2007": 399,
          "2008": 729,
          "2009": 986,
          "2010": 2965,
          "2011": 1962,
          "2012": 2162,
          "2013": 962,
          "2014": 1625,
          "2015": 1158,
          "2016": 2411,
          "2017": 2614,
          "2018": 3263,
          "2019": 3330,
          "2020": 2265,
          "2021": 796,
          "2022": 701,
          "2023": 333,
          "2024": 646,
          "2025": 109
        },
        "top_violation": {
          "description": "Avançar o sinal vermelho do semáforo - fiscalização eletrônica.",
          "percentage": 26.5
        }
      }
    },
    {
      "type": "Feature",
      "geometry": {
        "type": "GeometryCollection",
        "geometries": [
          {
            "type": "MultiLineString",
            "coordinates": [
              [
                [
                  -34.896968337,
                  -8.047623528
                ],
                [
                  -34.895979197,
                  -8.046881164
                ],
                [
                  -34.895153838,
                  -8.04555637
                ],
                [
                  -34.892614981,
                  -8.042384669
                ],
                [
                  -34.891445786,
                  -8.041306361
                ]
              ]
            ]
          }
        ]
      },
      "properties": {
        "street_code": 22713,
        "street_name": "Rua do Espinheiro",
        "total_violations": 29243,
        "extension_km": 0.93,
        "violations_per_km": 31295.43,
        "by_year": {
          "2007": 64,
          "2008": 86,
          "2009": 94,
          "2010": 232,
          "2011": 278,
          "2012": 351,
          "2013": 385,
          "2014": 296,
          "2015": 1051,
          "2016": 2778,
          "2017": 4634,
          "2018": 5125,
          "2019": 5570,
          "2020": 3115,
          "2021": 2907,
          "2022": 1426,
          "2023": 537,
          "2024": 248,
          "2025": 66
        },
        "top_violation": {
          "description": "Estacionar o veículo em locais e horários proibidos especificamente pela sinalização (placa — Proibido Estacionar).",
          "percentage": 82.9
        }
      }
    },
    {
      "type": "Feature",
      "geometry": {
        "type": "GeometryCollection",
        "geometries": [
          {
            "type": "MultiLineString",
            "coordinates": [
              [
                [
                  -34.892633065,
                  -8.079866981
                ],
                [
                  -34.893654533,
                  -8.076827969
                ]
              ],
              [
                [
                  -34.894007119,
                  -8.075823873
                ],
                [
                  -34.893785436,
                  -8.076480363
                ]
              ]
            ]
          }
        ]
      },
      "properties": {
        "street_code": 54232,
        "street_name": "Avenida Saturnino de Brito",
        "total_violations": 29035,
        "extension_km": 0.43,
        "violations_per_km": 67188.29,
        "by_year": {
          "2007": 994,
          "2008": 1589,
          "2009": 2406,
          "2010": 1329,
          "2011": 679,
          "2012": 576,
          "2013": 1417,
          "2014": 1019,
          "2015": 1120,
          "2016": 613,
          "2017": 624,
          "2018": 2892,
          "2019": 2343,
          "2020": 4308,
          "2021": 3806,
          "2022": 1959,
          "2023": 728,
          "2024": 175,
          "2025": 458
        },
        "top_violation": {
          "description": "Transitar em velocidade superior à máxima permitida para o local, medida por instrumento ou equipamento hábil — quando a velocidade for superior à máxima em até 20% (vinte por cento).",
          "percentage": 95
        }
      }
    },
    {
      "type": "Feature",
      "geometry": {
        "type": "GeometryCollection",
        "geometries": [
          {
            "type": "MultiLineString",
            "coordinates": [
              [
                [
                  -34.873830282,
                  -8.062484654
                ],
                [
                  -34.874371094,
                  -8.063368941
                ],
                [
                  -34.874433027,
                  -8.063769527
                ]
              ],
              [
                [
                  -34.873814713,
                  -8.062387165
                ],
                [
                  -34.873796495,
                  -8.062271541
                ]
              ],
              [
                [
                  -34.873796495,
                  -8.062271541
                ],
                [
                  -34.872686923,
                  -8.060350438
                ],
                [
                  -34.871816713,
                  -8.053984224
                ],
                [
                  -34.871613796,
                  -8.053655114
                ],
                [
                  -34.871719401,
                  -8.053504156
                ],
                [
                  -34.871870023,
                  -8.053602143
                ],
                [
                  -34.872811611,
                  -8.060386208
                ],
                [
                  -34.873796495,
                  -8.062271541
                ]
              ]
            ]
          }
        ]
      },
      "properties": {
        "street_code": 6564,
        "street_name": "Cais do Apolo",
        "total_violations": 28064,
        "extension_km": 2.21,
        "violations_per_km": 12689.34,
        "by_year": {
          "2007": 1819,
          "2008": 764,
          "2009": 440,
          "2010": 1510,
          "2011": 1818,
          "2012": 1003,
          "2013": 1395,
          "2014": 1499,
          "2015": 964,
          "2016": 418,
          "2017": 1365,
          "2018": 4059,
          "2019": 2608,
          "2020": 1991,
          "2021": 1829,
          "2022": 961,
          "2023": 1125,
          "2024": 1732,
          "2025": 764
        },
        "top_violation": {
          "description": "Dirigir o veículo segurando ou manuseando telefone celular.",
          "percentage": 28.77
        }
      }
    },
    {
      "type": "Feature",
      "geometry": {
        "type": "GeometryCollection",
        "geometries": [
          {
            "type": "MultiLineString",
            "coordinates": [
              [
                [
                  -34.881900461,
                  -8.071359023
                ],
                [
                  -34.882335679,
                  -8.072044573
                ]
              ],
              [
                [
                  -34.881545883,
                  -8.071222632
                ],
                [
                  -34.881900461,
                  -8.071359023
                ]
              ],
              [
                [
                  -34.880465561,
                  -8.069003319
                ],
                [
                  -34.881900461,
                  -8.071359023
                ]
              ]
            ]
          }
        ]
      },
      "properties": {
        "street_code": 64530,
        "street_name": "Rua Vidal de Negreiros",
        "total_violations": 27281,
        "extension_km": 0.44,
        "violations_per_km": 61944.38,
        "by_year": {
          "2007": 931,
          "2008": 776,
          "2009": 702,
          "2010": 868,
          "2011": 766,
          "2012": 1040,
          "2013": 839,
          "2014": 1554,
          "2015": 1829,
          "2016": 1914,
          "2017": 1526,
          "2018": 2022,
          "2019": 2909,
          "2020": 2306,
          "2021": 1804,
          "2022": 1624,
          "2023": 1913,
          "2024": 1457,
          "2025": 501
        },
        "top_violation": {
          "description": "Estacionar o veículo em desacordo com as condições regulamentadas - estacionamento rotativo.",
          "percentage": 63.63
        }
      }
    },
    {
      "type": "Feature",
      "geometry": {
        "type": "GeometryCollection",
        "geometries": [
          {
            "type": "MultiLineString",
            "coordinates": [
              [
                [
                  -34.903551621,
                  -8.033145831
                ],
                [
                  -34.905379158,
                  -8.031075582
                ],
                [
                  -34.906330406,
                  -8.030406985
                ]
              ],
              [
                [
                  -34.90634736,
                  -8.030399893
                ],
                [
                  -34.908695823,
                  -8.029131415
                ],
                [
                  -34.909843862,
                  -8.028679984
                ],
                [
                  -34.916514254,
                  -8.026682329
                ],
                [
                  -34.917808257,
                  -8.026778439
                ],
                [
                  -34.918991694,
                  -8.02750178
                ],
                [
                  -34.921634714,
                  -8.028622769
                ],
                [
                  -34.923095825,
                  -8.02849673
                ],
                [
                  -34.924624686,
                  -8.027628441
                ],
                [
                  -34.926356284,
                  -8.027409476
                ],
                [
                  -34.927098829,
                  -8.027828849
                ]
              ]
            ]
          }
        ]
      },
      "properties": {
        "street_code": 8222,
        "street_name": "Estrada do Arraial",
        "total_violations": 24958,
        "extension_km": 2.9,
        "violations_per_km": 8615.52,
        "by_year": {
          "2007": 346,
          "2008": 331,
          "2009": 384,
          "2010": 635,
          "2011": 538,
          "2012": 1736,
          "2013": 1153,
          "2014": 777,
          "2015": 1281,
          "2016": 1482,
          "2017": 1451,
          "2018": 2794,
          "2019": 4960,
          "2020": 2467,
          "2021": 1911,
          "2022": 877,
          "2023": 745,
          "2024": 671,
          "2025": 419
        },
        "top_violation": {
          "description": "Estacionar o veículo em locais e horários proibidos especificamente pela sinalização (placa — Proibido Estacionar).",
          "percentage": 26.44
        }
      }
    },
    {
      "type": "Feature",
      "geometry": {
        "type": "GeometryCollection",
        "geometries": [
          {
            "type": "MultiLineString",
            "coordinates": [
              [
                [
                  -34.877470166,
                  -8.0642914
                ],
                [
                  -34.87641992,
                  -8.064121646
                ]
              ]
            ]
          }
        ]
      },
      "properties": {
        "street_code": 52663,
        "street_name": "Rua Primeiro de Março",
        "total_violations": 24790,
        "extension_km": 0.12,
        "violations_per_km": 211339.65,
        "by_year": {
          "2007": 71,
          "2008": 79,
          "2009": 274,
          "2010": 178,
          "2011": 320,
          "2012": 387,
          "2013": 365,
          "2014": 324,
          "2015": 1556,
          "2016": 3631,
          "2017": 4756,
          "2018": 4854,
          "2019": 4729,
          "2020": 1751,
          "2021": 1175,
          "2022": 290,
          "2023": 45,
          "2024": 2,
          "2025": 3
        },
        "top_violation": {
          "description": "Transitar em locais e horários não permitidos pela regulamentação estabelecida pela autoridade competente — para todos os tipos de veículos.",
          "percentage": 93.01
        }
      }
    },
    {
      "type": "Feature",
      "geometry": {
        "type": "GeometryCollection",
        "geometries": [
          {
            "type": "MultiLineString",
            "coordinates": [
              [
                [
                  -34.928925843,
                  -8.071490978
                ],
                [
                  -34.929220124,
                  -8.072552969
                ],
                [
                  -34.930302065,
                  -8.075058524
                ]
              ],
              [
                [
                  -34.928925843,
                  -8.071490978
                ],
                [
                  -34.928962905,
                  -8.071285597
                ]
              ],
              [
                [
                  -34.928786549,
                  -8.071338818
                ],
                [
                  -34.928925843,
                  -8.071490978
                ]
              ],
              [
                [
                  -34.928786549,
                  -8.071338818
                ],
                [
                  -34.928962905,
                  -8.071285597
                ]
              ],
              [
                [
                  -34.928786549,
                  -8.071338818
                ],
                [
                  -34.928480833,
                  -8.071111988
                ],
                [
                  -34.928604946,
                  -8.070754687
                ]
              ],
              [
                [
                  -34.928962905,
                  -8.071285597
                ],
                [
                  -34.929105495,
                  -8.070943117
                ],
                [
                  -34.928851417,
                  -8.070700973
                ]
              ],
              [
                [
                  -34.928604946,
                  -8.070754687
                ],
                [
                  -34.928851417,
                  -8.070700973
                ]
              ],
              [
                [
                  -34.928604946,
                  -8.070754687
                ],
                [
                  -34.928633834,
                  -8.070640619
                ]
              ],
              [
                [
                  -34.928851417,
                  -8.070700973
                ],
                [
                  -34.928654549,
                  -8.07055003
                ],
                [
                  -34.927284092,
                  -8.06538511
                ],
                [
                  -34.925190946,
                  -8.058717385
                ],
                [
                  -34.92405898,
                  -8.055625244
                ],
                [
                  -34.921079171,
                  -8.050526574
                ]
              ]
            ]
          }
        ]
      },
      "properties": {
        "street_code": 53775,
        "street_name": "Avenida General San Martin",
        "total_violations": 24590,
        "extension_km": 3.12,
        "violations_per_km": 7891.54,
        "by_year": {
          "2007": 366,
          "2008": 338,
          "2009": 695,
          "2010": 635,
          "2011": 571,
          "2012": 419,
          "2013": 658,
          "2014": 397,
          "2015": 352,
          "2016": 257,
          "2017": 1758,
          "2018": 4095,
          "2019": 3473,
          "2020": 3088,
          "2021": 2801,
          "2022": 1366,
          "2023": 2618,
          "2024": 359,
          "2025": 344
        },
        "top_violation": {
          "description": "Transitar em velocidade superior à máxima permitida para o local, medida por instrumento ou equipamento hábil — quando a velocidade for superior à máxima em até 20% (vinte por cento).",
          "percentage": 20.68
        }
      }
    },
    {
      "type": "Feature",
      "geometry": {
        "type": "GeometryCollection",
        "geometries": [
          {
            "type": "MultiLineString",
            "coordinates": [
              [
                [
                  -34.885329853,
                  -8.062652
                ],
                [
                  -34.884560354,
                  -8.061954191
                ],
                [
                  -34.884061297,
                  -8.060861265
                ]
              ],
              [
                [
                  -34.88340633,
                  -8.058690303
                ],
                [
                  -34.88402017,
                  -8.060770033
                ]
              ],
              [
                [
                  -34.88340633,
                  -8.058690303
                ],
                [
                  -34.88343008,
                  -8.057828401
                ],
                [
                  -34.883063478,
                  -8.057782656
                ]
              ],
              [
                [
                  -34.88340633,
                  -8.058690303
                ],
                [
                  -34.883008486,
                  -8.057935677
                ],
                [
                  -34.883063478,
                  -8.057782656
                ]
              ],
              [
                [
                  -34.883646539,
                  -8.057826042
                ],
                [
                  -34.883336777,
                  -8.05695193
                ],
                [
                  -34.882771262,
                  -8.05624723
                ]
              ],
              [
                [
                  -34.883063478,
                  -8.057782656
                ],
                [
                  -34.883343999,
                  -8.05765155
                ],
                [
                  -34.883369153,
                  -8.057457788
                ],
                [
                  -34.882771262,
                  -8.05624723
                ]
              ],
              [
                [
                  -34.883063478,
                  -8.057782656
                ],
                [
                  -34.882886648,
                  -8.057576606
                ],
                [
                  -34.882397251,
                  -8.055378255
                ]
              ],
              [
                [
                  -34.882771262,
                  -8.05624723
                ],
                [
                  -34.882397251,
                  -8.055378255
                ]
              ],
              [
                [
                  -34.882397251,
                  -8.055378255
                ],
                [
                  -34.881543882,
                  -8.053931899
                ]
              ]
            ]
          }
        ]
      },
      "properties": {
        "street_code": 29335,
        "street_name": "Rua do Hospício",
        "total_violations": 23598,
        "extension_km": 1.73,
        "violations_per_km": 13678.75,
        "by_year": {
          "2007": 1016,
          "2008": 833,
          "2009": 605,
          "2010": 1059,
          "2011": 1236,
          "2012": 1399,
          "2013": 849,
          "2014": 794,
          "2015": 1343,
          "2016": 1193,
          "2017": 1137,
          "2018": 1918,
          "2019": 3576,
          "2020": 2891,
          "2021": 1404,
          "2022": 968,
          "2023": 635,
          "2024": 487,
          "2025": 255
        },
        "top_violation": {
          "description": "Estacionar o veículo em locais e horários proibidos especificamente pela sinalização (placa — Proibido Estacionar).",
          "percentage": 28.88
        }
      }
    },
    {
      "type": "Feature",
      "geometry": {
        "type": "GeometryCollection",
        "geometries": [
          {
            "type": "MultiLineString",
            "coordinates": [
              [
                [
                  -34.956008371,
                  -8.113011207
                ],
                [
                  -34.95446286,
                  -8.111827256
                ]
              ]
            ]
          }
        ]
      },
      "properties": {
        "street_code": 63517,
        "street_name": "Rua Siqueira Campos",
        "total_violations": 22828,
        "extension_km": 0.21,
        "violations_per_km": 106196.81,
        "by_year": {
          "2007": 424,
          "2008": 450,
          "2009": 970,
          "2010": 672,
          "2011": 1220,
          "2012": 1320,
          "2013": 1351,
          "2014": 2630,
          "2015": 3608,
          "2016": 2138,
          "2017": 2179,
          "2018": 2478,
          "2019": 1498,
          "2020": 353,
          "2021": 280,
          "2022": 273,
          "2023": 313,
          "2024": 352,
          "2025": 319
        },
        "top_violation": {
          "description": "Estacionar o veículo em locais e horários proibidos especificamente pela sinalização (placa — Proibido Estacionar).",
          "percentage": 63.68
        }
      }
    },
    {
      "type": "Feature",
      "geometry": {
        "type": "GeometryCollection",
        "geometries": [
          {
            "type": "MultiLineString",
            "coordinates": [
              [
                [
                  -34.893093834,
                  -8.066052104
                ],
                [
                  -34.893051099,
                  -8.065953479
                ]
              ],
              [
                [
                  -34.893051099,
                  -8.065953479
                ],
                [
                  -34.89315382,
                  -8.065963238
                ]
              ],
              [
                [
                  -34.893051099,
                  -8.065953479
                ],
                [
                  -34.892001891,
                  -8.065205525
                ],
                [
                  -34.89007959,
                  -8.063207601
                ],
                [
                  -34.888769109,
                  -8.061237355
                ],
                [
                  -34.887541324,
                  -8.059000482
                ]
              ]
            ]
          }
        ]
      },
      "properties": {
        "street_code": 35190,
        "street_name": "Rua José de Alencar",
        "total_violations": 22512,
        "extension_km": 1.02,
        "violations_per_km": 22138.61,
        "by_year": {
          "2007": 97,
          "2008": 262,
          "2009": 337,
          "2010": 612,
          "2011": 496,
          "2012": 421,
          "2013": 417,
          "2014": 1237,
          "2015": 2542,
          "2016": 2112,
          "2017": 2694,
          "2018": 2598,
          "2019": 2292,
          "2020": 1270,
          "2021": 1923,
          "2022": 1484,
          "2023": 758,
          "2024": 702,
          "2025": 258
        },
        "top_violation": {
          "description": "Estacionar o veículo em locais e horários proibidos especificamente pela sinalização (placa — Proibido Estacionar).",
          "percentage": 68.45
        }
      }
    },
    {
      "type": "Feature",
      "geometry": {
        "type": "GeometryCollection",
        "geometries": [
          {
            "type": "MultiLineString",
            "coordinates": [
              [
                [
                  -34.909903316,
                  -8.123110681
                ],
                [
                  -34.903817817,
                  -8.12298219
                ],
                [
                  -34.896772471,
                  -8.124045765
                ]
              ]
            ]
          }
        ]
      },
      "properties": {
        "street_code": 57398,
        "street_name": "Rua Ribeiro de Brito",
        "total_violations": 21655,
        "extension_km": 1.46,
        "violations_per_km": 14868.09,
        "by_year": {
          "2007": 106,
          "2008": 86,
          "2009": 230,
          "2010": 156,
          "2011": 142,
          "2012": 335,
          "2013": 1247,
          "2014": 719,
          "2015": 1237,
          "2016": 850,
          "2017": 3148,
          "2018": 2533,
          "2019": 2777,
          "2020": 4428,
          "2021": 1789,
          "2022": 1228,
          "2023": 433,
          "2024": 162,
          "2025": 49
        },
        "top_violation": {
          "description": "Dirigir o veículo segurando ou manuseando telefone celular.",
          "percentage": 32.78
        }
      }
    },
    {
      "type": "Feature",
      "geometry": {
        "type": "GeometryCollection",
        "geometries": [
          {
            "type": "MultiLineString",
            "coordinates": [
              [
                [
                  -34.89995141,
                  -8.053382046
                ],
                [
                  -34.897837661,
                  -8.054767981
                ]
              ]
            ]
          }
        ]
      },
      "properties": {
        "street_code": 49727,
        "street_name": "Rua Jornalista Paulo Bittencourt",
        "total_violations": 20203,
        "extension_km": 0.28,
        "violations_per_km": 72423.15,
        "by_year": {
          "2007": 2,
          "2008": 8,
          "2009": 114,
          "2010": 138,
          "2011": 382,
          "2012": 298,
          "2013": 492,
          "2014": 995,
          "2015": 542,
          "2016": 654,
          "2017": 2485,
          "2018": 1987,
          "2019": 1665,
          "2020": 2477,
          "2021": 2177,
          "2022": 1801,
          "2023": 1905,
          "2024": 1636,
          "2025": 445
        },
        "top_violation": {
          "description": "Estacionar o veículo em desacordo com as condições regulamentadas - estacionamento rotativo.",
          "percentage": 64.46
        }
      }
    },
    {
      "type": "Feature",
      "geometry": {
        "type": "GeometryCollection",
        "geometries": [
          {
            "type": "MultiLineString",
            "coordinates": [
              [
                [
                  -34.897718504,
                  -8.062371407
                ],
                [
                  -34.900379005,
                  -8.061891768
                ]
              ],
              [
                [
                  -34.897231471,
                  -8.062103803
                ],
                [
                  -34.894058815,
                  -8.059426564
                ]
              ],
              [
                [
                  -34.900369062,
                  -8.061955254
                ],
                [
                  -34.897834385,
                  -8.062523747
                ]
              ]
            ]
          }
        ]
      },
      "properties": {
        "street_code": 48500,
        "street_name": "Rua Paissandú",
        "total_violations": 19988,
        "extension_km": 1.05,
        "violations_per_km": 19118.09,
        "by_year": {
          "2007": 1010,
          "2008": 2074,
          "2009": 1580,
          "2010": 890,
          "2011": 973,
          "2012": 563,
          "2013": 795,
          "2014": 931,
          "2015": 484,
          "2016": 623,
          "2017": 731,
          "2018": 819,
          "2019": 956,
          "2020": 1181,
          "2021": 1205,
          "2022": 1947,
          "2023": 1303,
          "2024": 1491,
          "2025": 432
        },
        "top_violation": {
          "description": "Dirigir o veículo utilizando-se de fones nos ouvidos conectados a aparelhagem sonora ou de telefone celular.",
          "percentage": 18.62
        }
      }
    },
    {
      "type": "Feature",
      "geometry": {
        "type": "GeometryCollection",
        "geometries": [
          {
            "type": "MultiLineString",
            "coordinates": [
              [
                [
                  -34.889837015,
                  -8.053847921
                ],
                [
                  -34.889610302,
                  -8.054815326
                ]
              ],
              [
                [
                  -34.889807134,
                  -8.047941194
                ],
                [
                  -34.890040871,
                  -8.050361885
                ],
                [
                  -34.889836973,
                  -8.053848007
                ]
              ],
              [
                [
                  -34.889944339,
                  -8.045521052
                ],
                [
                  -34.889807134,
                  -8.047941194
                ]
              ],
              [
                [
                  -34.890045645,
                  -8.045171517
                ],
                [
                  -34.889807134,
                  -8.047941194
                ]
              ],
              [
                [
                  -34.889990588,
                  -8.044946328
                ],
                [
                  -34.890125826,
                  -8.044302019
                ],
                [
                  -34.88972737,
                  -8.044530989
                ]
              ],
              [
                [
                  -34.890135587,
                  -8.044264596
                ],
                [
                  -34.892242257,
                  -8.039602187
                ],
                [
                  -34.892039062,
                  -8.03859652
                ],
                [
                  -34.891731207,
                  -8.038139349
                ]
              ],
              [
                [
                  -34.891731207,
                  -8.038139349
                ],
                [
                  -34.891213166,
                  -8.037326444
                ]
              ],
              [
                [
                  -34.891731207,
                  -8.038139349
                ],
                [
                  -34.890995888,
                  -8.037226722
                ],
                [
                  -34.891213166,
                  -8.037326444
                ]
              ],
              [
                [
                  -34.891146576,
                  -8.036619036
                ],
                [
                  -34.891213166,
                  -8.037326444
                ]
              ]
            ]
          }
        ]
      },
      "properties": {
        "street_code": 33405,
        "street_name": "Avenida João de Barros",
        "total_violations": 19777,
        "extension_km": 2.56,
        "violations_per_km": 7726.29,
        "by_year": {
          "2007": 346,
          "2008": 390,
          "2009": 287,
          "2010": 419,
          "2011": 692,
          "2012": 736,
          "2013": 1147,
          "2014": 706,
          "2015": 2018,
          "2016": 1270,
          "2017": 1539,
          "2018": 1755,
          "2019": 2365,
          "2020": 2585,
          "2021": 1128,
          "2022": 816,
          "2023": 870,
          "2024": 572,
          "2025": 136
        },
        "top_violation": {
          "description": "Estacionar o veículo em locais e horários proibidos especificamente pela sinalização (placa — Proibido Estacionar).",
          "percentage": 15.08
        }
      }
    },
    {
      "type": "Feature",
      "geometry": {
        "type": "GeometryCollection",
        "geometries": [
          {
            "type": "MultiLineString",
            "coordinates": [
              [
                [
                  -34.88340633,
                  -8.058690303
                ],
                [
                  -34.883396835,
                  -8.059175131
                ],
                [
                  -34.88080936,
                  -8.06079131
                ]
              ],
              [
                [
                  -34.886885446,
                  -8.05762033
                ],
                [
                  -34.88557804,
                  -8.058367765
                ],
                [
                  -34.883536235,
                  -8.05913043
                ],
                [
                  -34.880858613,
                  -8.060863587
                ]
              ]
            ]
          }
        ]
      },
      "properties": {
        "street_code": 57266,
        "street_name": "Rua do Riachuelo",
        "total_violations": 19736,
        "extension_km": 1.15,
        "violations_per_km": 17150.6,
        "by_year": {
          "2007": 356,
          "2008": 495,
          "2009": 488,
          "2010": 373,
          "2011": 472,
          "2012": 663,
          "2013": 660,
          "2014": 950,
          "2015": 1484,
          "2016": 1264,
          "2017": 1673,
          "2018": 1730,
          "2019": 2216,
          "2020": 2452,
          "2021": 1449,
          "2022": 1058,
          "2023": 1234,
          "2024": 608,
          "2025": 111
        },
        "top_violation": {
          "description": "Estacionar o veículo em desacordo com as condições regulamentadas - estacionamento rotativo.",
          "percentage": 55.52
        }
      }
    },
    {
      "type": "Feature",
      "geometry": {
        "type": "GeometryCollection",
        "geometries": [
          {
            "type": "MultiLineString",
            "coordinates": [
              [
                [
                  -34.880007343,
                  -8.071154196
                ],
                [
                  -34.879185918,
                  -8.071705925
                ]
              ]
            ]
          }
        ]
      },
      "properties": {
        "street_code": 75183,
        "street_name": "Travessa do Forte",
        "total_violations": 19335,
        "extension_km": 0.11,
        "violations_per_km": 177064.65,
        "by_year": {
          "2007": 549,
          "2008": 447,
          "2009": 445,
          "2010": 348,
          "2011": 541,
          "2012": 451,
          "2013": 603,
          "2014": 764,
          "2015": 1495,
          "2016": 1380,
          "2017": 1051,
          "2018": 1168,
          "2019": 1887,
          "2020": 1277,
          "2021": 1343,
          "2022": 1872,
          "2023": 1941,
          "2024": 1371,
          "2025": 402
        },
        "top_violation": {
          "description": "Estacionar o veículo em desacordo com as condições regulamentadas - estacionamento rotativo.",
          "percentage": 46.61
        }
      }
    },
    {
      "type": "Feature",
      "geometry": {
        "type": "GeometryCollection",
        "geometries": [
          {
            "type": "MultiLineString",
            "coordinates": [
              [
                [
                  -34.917741161,
                  -8.02676246
                ],
                [
                  -34.917816252,
                  -8.025413486
                ]
              ],
              [
                [
                  -34.917816247,
                  -8.025413302
                ],
                [
                  -34.917909745,
                  -8.02438617
                ],
                [
                  -34.918779672,
                  -8.023019259
                ],
                [
                  -34.920780573,
                  -8.021668855
                ],
                [
                  -34.921688791,
                  -8.020849405
                ]
              ]
            ]
          }
        ]
      },
      "properties": {
        "street_code": 38482,
        "street_name": "Rua Padre Lemos",
        "total_violations": 19259,
        "extension_km": 0.85,
        "violations_per_km": 22695.81,
        "by_year": {
          "2007": 183,
          "2008": 121,
          "2009": 161,
          "2010": 189,
          "2011": 206,
          "2012": 334,
          "2013": 1568,
          "2014": 550,
          "2015": 758,
          "2016": 1092,
          "2017": 1048,
          "2018": 2480,
          "2019": 3017,
          "2020": 3143,
          "2021": 2050,
          "2022": 695,
          "2023": 446,
          "2024": 768,
          "2025": 450
        },
        "top_violation": {
          "description": "Estacionar o veículo em locais e horários proibidos especificamente pela sinalização (placa — Proibido Estacionar).",
          "percentage": 53.65
        }
      }
    },
    {
      "type": "Feature",
      "geometry": {
        "type": "GeometryCollection",
        "geometries": [
          {
            "type": "MultiLineString",
            "coordinates": [
              [
                [
                  -34.88590707,
                  -8.062082436
                ],
                [
                  -34.889973132,
                  -8.059592336
                ],
                [
                  -34.892999935,
                  -8.059000818
                ],
                [
                  -34.894058815,
                  -8.059426564
                ]
              ]
            ]
          }
        ]
      },
      "properties": {
        "street_code": 41459,
        "street_name": "Avenida Manoel Borba",
        "total_violations": 19083,
        "extension_km": 0.99,
        "violations_per_km": 19219.52,
        "by_year": {
          "2007": 507,
          "2008": 417,
          "2009": 428,
          "2010": 363,
          "2011": 492,
          "2012": 433,
          "2013": 566,
          "2014": 643,
          "2015": 1019,
          "2016": 1253,
          "2017": 1487,
          "2018": 1892,
          "2019": 2552,
          "2020": 2240,
          "2021": 1962,
          "2022": 940,
          "2023": 960,
          "2024": 762,
          "2025": 167
        },
        "top_violation": {
          "description": "Estacionar o veículo em desacordo com as condições regulamentadas - estacionamento rotativo.",
          "percentage": 30.62
        }
      }
    },
    {
      "type": "Feature",
      "geometry": {
        "type": "GeometryCollection",
        "geometries": [
          {
            "type": "MultiLineString",
            "coordinates": [
              [
                [
                  -34.903750356,
                  -8.052975065
                ],
                [
                  -34.899001574,
                  -8.052426356
                ],
                [
                  -34.897159507,
                  -8.052902653
                ],
                [
                  -34.896522593,
                  -8.053310442
                ]
              ]
            ]
          }
        ]
      },
      "properties": {
        "street_code": 34720,
        "street_name": "Rua Joaquim Nabuco",
        "total_violations": 18909,
        "extension_km": 0.82,
        "violations_per_km": 23009.17,
        "by_year": {
          "2007": 493,
          "2008": 591,
          "2009": 555,
          "2010": 482,
          "2011": 677,
          "2012": 871,
          "2013": 838,
          "2014": 625,
          "2015": 369,
          "2016": 714,
          "2017": 1623,
          "2018": 1294,
          "2019": 1642,
          "2020": 3314,
          "2021": 1405,
          "2022": 1632,
          "2023": 1365,
          "2024": 333,
          "2025": 86
        },
        "top_violation": {
          "description": "Dirigir o veículo segurando ou manuseando telefone celular.",
          "percentage": 30.57
        }
      }
    },
    {
      "type": "Feature",
      "geometry": {
        "type": "GeometryCollection",
        "geometries": [
          {
            "type": "MultiLineString",
            "coordinates": [
              [
                [
                  -34.891909799,
                  -8.053457747
                ],
                [
                  -34.89265582,
                  -8.053905168
                ],
                [
                  -34.893828546,
                  -8.053945872
                ],
                [
                  -34.894245749,
                  -8.05607411
                ]
              ]
            ]
          }
        ]
      },
      "properties": {
        "street_code": 30341,
        "street_name": "Rua Padre Inglês",
        "total_violations": 18505,
        "extension_km": 0.47,
        "violations_per_km": 39495.59,
        "by_year": {
          "2007": 3,
          "2008": 7,
          "2009": 7,
          "2010": 11,
          "2011": 24,
          "2012": 13,
          "2013": 108,
          "2014": 339,
          "2015": 272,
          "2016": 175,
          "2017": 2543,
          "2018": 2823,
          "2019": 3884,
          "2020": 2646,
          "2021": 2031,
          "2022": 1975,
          "2023": 665,
          "2024": 766,
          "2025": 213
        },
        "top_violation": {
          "description": "Estacionar o veículo em locais e horários proibidos especificamente pela sinalização (placa — Proibido Estacionar).",
          "percentage": 68.04
        }
      }
    },
    {
      "type": "Feature",
      "geometry": {
        "type": "GeometryCollection",
        "geometries": [
          {
            "type": "MultiLineString",
            "coordinates": [
              [
                [
                  -34.912768997,
                  -8.101013959
                ],
                [
                  -34.91373997,
                  -8.105961539
                ]
              ],
              [
                [
                  -34.913384162,
                  -8.099674983
                ],
                [
                  -34.913171959,
                  -8.099722628
                ],
                [
                  -34.912977139,
                  -8.100082642
                ],
                [
                  -34.912898562,
                  -8.100715245
                ]
              ]
            ]
          }
        ]
      },
      "properties": {
        "street_code": 49310,
        "street_name": "Rua Paris",
        "total_violations": 18014,
        "extension_km": 0.7,
        "violations_per_km": 25721.85,
        "by_year": {
          "2009": 1,
          "2010": 2,
          "2011": 2,
          "2012": 4,
          "2013": 9,
          "2014": 1,
          "2015": 1,
          "2016": 1,
          "2017": 13,
          "2018": 3763,
          "2019": 1584,
          "2020": 1288,
          "2021": 3163,
          "2022": 3826,
          "2023": 760,
          "2024": 1247,
          "2025": 2349
        },
        "top_violation": {
          "description": "Transitar em velocidade superior à máxima permitida para o local, medida por instrumento ou equipamento hábil — quando a velocidade for superior à máxima em até 20% (vinte por cento).",
          "percentage": 86.38
        }
      }
    },
    {
      "type": "Feature",
      "geometry": {
        "type": "GeometryCollection",
        "geometries": [
          {
            "type": "MultiLineString",
            "coordinates": [
              [
                [
                  -34.900389721,
                  -8.131831974
                ],
                [
                  -34.896680059,
                  -8.121728439
                ],
                [
                  -34.890680798,
                  -8.111431659
                ],
                [
                  -34.88981384,
                  -8.109550406
                ],
                [
                  -34.889655032,
                  -8.10882355
                ],
                [
                  -34.890062531,
                  -8.108340431
                ]
              ]
            ]
          }
        ]
      },
      "properties": {
        "street_code": 45810,
        "street_name": "Rua dos Navegantes",
        "total_violations": 17598,
        "extension_km": 2.89,
        "violations_per_km": 6083.71,
        "by_year": {
          "2007": 112,
          "2008": 259,
          "2009": 250,
          "2010": 152,
          "2011": 970,
          "2012": 1332,
          "2013": 2485,
          "2014": 1582,
          "2015": 542,
          "2016": 357,
          "2017": 477,
          "2018": 2256,
          "2019": 2992,
          "2020": 1448,
          "2021": 652,
          "2022": 489,
          "2023": 541,
          "2024": 416,
          "2025": 286
        },
        "top_violation": {
          "description": "Estacionar o veículo em locais e horários proibidos especificamente pela sinalização (placa — Proibido Estacionar).",
          "percentage": 36.99
        }
      }
    },
    {
      "type": "Feature",
      "geometry": {
        "type": "GeometryCollection",
        "geometries": [
          {
            "type": "MultiLineString",
            "coordinates": [
              [
                [
                  -34.886201731,
                  -8.05924057
                ],
                [
                  -34.887191115,
                  -8.057437496
                ]
              ]
            ]
          }
        ]
      },
      "properties": {
        "street_code": 17671,
        "street_name": "Rua Corredor do Bispo",
        "total_violations": 17408,
        "extension_km": 0.23,
        "violations_per_km": 76457.04,
        "by_year": {
          "2007": 257,
          "2008": 272,
          "2009": 191,
          "2010": 123,
          "2011": 252,
          "2012": 512,
          "2013": 860,
          "2014": 2291,
          "2015": 1947,
          "2016": 2237,
          "2017": 1384,
          "2018": 1505,
          "2019": 1329,
          "2020": 1074,
          "2021": 1024,
          "2022": 992,
          "2023": 808,
          "2024": 318,
          "2025": 32
        },
        "top_violation": {
          "description": "Estacionar o veículo em desacordo com as condições regulamentadas - estacionamento rotativo.",
          "percentage": 45.72
        }
      }
    },
    {
      "type": "Feature",
      "geometry": {
        "type": "GeometryCollection",
        "geometries": [
          {
            "type": "MultiLineString",
            "coordinates": [
              [
                [
                  -34.896459245,
                  -8.049081937
                ],
                [
                  -34.896246959,
                  -8.048851965
                ]
              ],
              [
                [
                  -34.896525379,
                  -8.048871153
                ],
                [
                  -34.896246959,
                  -8.048851965
                ]
              ],
              [
                [
                  -34.896246959,
                  -8.048851965
                ],
                [
                  -34.896246482,
                  -8.048851826
                ]
              ],
              [
                [
                  -34.896246959,
                  -8.048851965
                ],
                [
                  -34.895396147,
                  -8.048052103
                ],
                [
                  -34.893104688,
                  -8.044113433
                ],
                [
                  -34.891080935,
                  -8.042073096
                ]
              ]
            ]
          }
        ]
      },
      "properties": {
        "street_code": 29238,
        "street_name": "Rua da Hora",
        "total_violations": 17280,
        "extension_km": 1.02,
        "violations_per_km": 16999.72,
        "by_year": {
          "2007": 323,
          "2008": 190,
          "2009": 370,
          "2010": 388,
          "2011": 601,
          "2012": 1470,
          "2013": 1090,
          "2014": 668,
          "2015": 587,
          "2016": 844,
          "2017": 2052,
          "2018": 2089,
          "2019": 2474,
          "2020": 2188,
          "2021": 1219,
          "2022": 404,
          "2023": 200,
          "2024": 101,
          "2025": 22
        },
        "top_violation": {
          "description": "Estacionar o veículo em locais e horários proibidos especificamente pela sinalização (placa — Proibido Estacionar).",
          "percentage": 75.94
        }
      }
    },
    {
      "type": "Feature",
      "geometry": {
        "type": "GeometryCollection",
        "geometries": [
          {
            "type": "MultiLineString",
            "coordinates": [
              [
                [
                  -34.898479168,
                  -8.027500734
                ],
                [
                  -34.900512716,
                  -8.029662826
                ]
              ],
              [
                [
                  -34.897127991,
                  -8.023901994
                ],
                [
                  -34.897817583,
                  -8.026640528
                ],
                [
                  -34.898479168,
                  -8.027500734
                ]
              ],
              [
                [
                  -34.894704672,
                  -8.019770146
                ],
                [
                  -34.896078201,
                  -8.020827653
                ],
                [
                  -34.896641422,
                  -8.02146552
                ],
                [
                  -34.897847258,
                  -8.026421412
                ],
                [
                  -34.898479168,
                  -8.027500734
                ]
              ]
            ]
          }
        ]
      },
      "properties": {
        "street_code": 62952,
        "street_name": "Estrada Velha de Água Fria",
        "total_violations": 17233,
        "extension_km": 1.75,
        "violations_per_km": 9833.68,
        "by_year": {
          "2007": 74,
          "2008": 64,
          "2009": 80,
          "2010": 116,
          "2011": 148,
          "2012": 133,
          "2013": 282,
          "2014": 197,
          "2015": 247,
          "2016": 330,
          "2017": 497,
          "2018": 947,
          "2019": 1436,
          "2020": 1130,
          "2021": 290,
          "2022": 6571,
          "2023": 3456,
          "2024": 1073,
          "2025": 162
        },
        "top_violation": {
          "description": "Avançar o sinal vermelho do semáforo - fiscalização eletrônica.",
          "percentage": 48.18
        }
      }
    },
    {
      "type": "Feature",
      "geometry": {
        "type": "GeometryCollection",
        "geometries": [
          {
            "type": "MultiLineString",
            "coordinates": [
              [
                [
                  -34.965879668,
                  -8.09472285
                ],
                [
                  -34.961443094,
                  -8.092017843
                ],
                [
                  -34.957306421,
                  -8.090932205
                ]
              ]
            ]
          }
        ]
      },
      "properties": {
        "street_code": 23566,
        "street_name": "Rua Falcão de Lacerda",
        "total_violations": 16936,
        "extension_km": 1.05,
        "violations_per_km": 16197.83,
        "by_year": {
          "2007": 5,
          "2008": 24,
          "2009": 22,
          "2010": 32,
          "2011": 29,
          "2012": 14,
          "2013": 37,
          "2014": 27,
          "2015": 17,
          "2016": 10,
          "2017": 56,
          "2018": 5391,
          "2019": 302,
          "2020": 2022,
          "2021": 485,
          "2022": 1635,
          "2023": 2350,
          "2024": 3014,
          "2025": 1464
        },
        "top_violation": {
          "description": "Avançar o sinal vermelho do semáforo - fiscalização eletrônica.",
          "percentage": 58.1
        }
      }
    },
    {
      "type": "Feature",
      "geometry": {
        "type": "GeometryCollection",
        "geometries": [
          {
            "type": "MultiLineString",
            "coordinates": [
              [
                [
                  -34.872333422,
                  -8.040671751
                ],
                [
                  -34.871893304,
                  -8.039563321
                ],
                [
                  -34.871473297,
                  -8.039811069
                ]
              ]
            ]
          }
        ]
      },
      "properties": {
        "street_code": 66230,
        "street_name": "Praca General Carlos Pinto",
        "total_violations": 16722,
        "extension_km": 0.19,
        "violations_per_km": 89858.83,
        "by_year": {
          "2007": 7,
          "2008": 4,
          "2009": 107,
          "2010": 231,
          "2011": 296,
          "2012": 68,
          "2013": 304,
          "2014": 378,
          "2015": 344,
          "2016": 283,
          "2017": 1989,
          "2018": 1683,
          "2019": 4131,
          "2020": 1710,
          "2021": 934,
          "2022": 1206,
          "2023": 1699,
          "2024": 600,
          "2025": 748
        },
        "top_violation": {
          "description": "Estacionar o veículo em locais e horários proibidos especificamente pela sinalização (placa — Proibido Estacionar).",
          "percentage": 50.5
        }
      }
    },
    {
      "type": "Feature",
      "geometry": {
        "type": "GeometryCollection",
        "geometries": [
          {
            "type": "MultiLineString",
            "coordinates": [
              [
                [
                  -34.915574524,
                  -8.132400637
                ],
                [
                  -34.913178155,
                  -8.133083002
                ],
                [
                  -34.909243921,
                  -8.132580203
                ],
                [
                  -34.903707193,
                  -8.13147781
                ],
                [
                  -34.90291364,
                  -8.131600406
                ],
                [
                  -34.900129014,
                  -8.132526611
                ]
              ]
            ]
          }
        ]
      },
      "properties": {
        "street_code": 56260,
        "street_name": "Rua Barão de Souza Leão",
        "total_violations": 16372,
        "extension_km": 1.75,
        "violations_per_km": 9366.42,
        "by_year": {
          "2007": 176,
          "2008": 230,
          "2009": 192,
          "2010": 275,
          "2011": 247,
          "2012": 225,
          "2013": 538,
          "2014": 737,
          "2015": 760,
          "2016": 1396,
          "2017": 2224,
          "2018": 3087,
          "2019": 2627,
          "2020": 1128,
          "2021": 1009,
          "2022": 494,
          "2023": 394,
          "2024": 440,
          "2025": 193
        },
        "top_violation": {
          "description": "Estacionar o veículo no passeio.",
          "percentage": 53.8
        }
      }
    },
    {
      "type": "Feature",
      "geometry": {
        "type": "GeometryCollection",
        "geometries": [
          {
            "type": "MultiLineString",
            "coordinates": [
              [
                [
                  -34.884244224,
                  -8.065958743
                ],
                [
                  -34.882375007,
                  -8.065346025
                ]
              ]
            ]
          }
        ]
      },
      "properties": {
        "street_code": 19380,
        "street_name": "Cais da Detenção",
        "total_violations": 16270,
        "extension_km": 0.22,
        "violations_per_km": 74992.74,
        "by_year": {
          "2007": 237,
          "2008": 203,
          "2009": 367,
          "2010": 447,
          "2011": 621,
          "2012": 869,
          "2013": 628,
          "2014": 4871,
          "2015": 2988,
          "2016": 1015,
          "2017": 858,
          "2018": 381,
          "2019": 288,
          "2020": 505,
          "2021": 460,
          "2022": 674,
          "2023": 641,
          "2024": 190,
          "2025": 27
        },
        "top_violation": {
          "description": "Estacionar o veículo em locais e horários proibidos especificamente pela sinalização (placa — Proibido Estacionar).",
          "percentage": 49.73
        }
      }
    },
    {
      "type": "Feature",
      "geometry": {
        "type": "GeometryCollection",
        "geometries": [
          {
            "type": "MultiLineString",
            "coordinates": [
              [
                [
                  -34.891311431,
                  -8.063550053
                ],
                [
                  -34.893217185,
                  -8.06318336
                ]
              ],
              [
                [
                  -34.893679652,
                  -8.063199041
                ],
                [
                  -34.893830326,
                  -8.06307584
                ]
              ],
              [
                [
                  -34.893217185,
                  -8.06318336
                ],
                [
                  -34.893389824,
                  -8.063223482
                ]
              ],
              [
                [
                  -34.893381536,
                  -8.063106344
                ],
                [
                  -34.893217185,
                  -8.06318336
                ]
              ],
              [
                [
                  -34.893830326,
                  -8.06307584
                ],
                [
                  -34.893477124,
                  -8.06300838
                ]
              ],
              [
                [
                  -34.893830326,
                  -8.06307584
                ],
                [
                  -34.897718504,
                  -8.062371407
                ]
              ]
            ]
          }
        ]
      },
      "properties": {
        "street_code": 34703,
        "street_name": "Rua General Joaquim Inácio",
        "total_violations": 16243,
        "extension_km": 0.76,
        "violations_per_km": 21428.86,
        "by_year": {
          "2007": 109,
          "2008": 207,
          "2009": 131,
          "2010": 290,
          "2011": 377,
          "2012": 381,
          "2013": 485,
          "2014": 496,
          "2015": 476,
          "2016": 1945,
          "2017": 1811,
          "2018": 1409,
          "2019": 1857,
          "2020": 1890,
          "2021": 1800,
          "2022": 966,
          "2023": 877,
          "2024": 583,
          "2025": 153
        },
        "top_violation": {
          "description": "Dirigir o veículo segurando ou manuseando telefone celular.",
          "percentage": 16.83
        }
      }
    },
    {
      "type": "Feature",
      "geometry": {
        "type": "GeometryCollection",
        "geometries": [
          {
            "type": "MultiLineString",
            "coordinates": [
              [
                [
                  -34.895198471,
                  -8.056416751
                ],
                [
                  -34.894086651,
                  -8.059377369
                ],
                [
                  -34.893549955,
                  -8.060213759
                ],
                [
                  -34.893056572,
                  -8.060658835
                ],
                [
                  -34.892057538,
                  -8.061129887
                ]
              ],
              [
                [
                  -34.895198471,
                  -8.056416751
                ],
                [
                  -34.895165965,
                  -8.056118915
                ],
                [
                  -34.894915337,
                  -8.055981296
                ]
              ],
              [
                [
                  -34.895198471,
                  -8.056416751
                ],
                [
                  -34.896326173,
                  -8.05357296
                ]
              ]
            ]
          }
        ]
      },
      "properties": {
        "street_code": 12165,
        "street_name": "Rua Dom Bosco",
        "total_violations": 16046,
        "extension_km": 1.06,
        "violations_per_km": 15133.44,
        "by_year": {
          "2007": 547,
          "2008": 444,
          "2009": 768,
          "2010": 358,
          "2011": 784,
          "2012": 908,
          "2013": 1105,
          "2014": 929,
          "2015": 314,
          "2016": 627,
          "2017": 1564,
          "2018": 992,
          "2019": 1327,
          "2020": 1032,
          "2021": 545,
          "2022": 1473,
          "2023": 1554,
          "2024": 658,
          "2025": 117
        },
        "top_violation": {
          "description": "Dirigir o veículo segurando ou manuseando telefone celular.",
          "percentage": 18.62
        }
      }
    },
    {
      "type": "Feature",
      "geometry": {
        "type": "GeometryCollection",
        "geometries": [
          {
            "type": "MultiLineString",
            "coordinates": [
              [
                [
                  -34.882601016,
                  -8.0661652
                ],
                [
                  -34.88041199,
                  -8.066101986
                ]
              ]
            ]
          }
        ]
      },
      "properties": {
        "street_code": 29025,
        "street_name": "Rua Marquês do Herval",
        "total_violations": 15725,
        "extension_km": 0.24,
        "violations_per_km": 65135.54,
        "by_year": {
          "2007": 400,
          "2008": 299,
          "2009": 330,
          "2010": 329,
          "2011": 369,
          "2012": 497,
          "2013": 344,
          "2014": 513,
          "2015": 987,
          "2016": 1000,
          "2017": 1136,
          "2018": 1367,
          "2019": 1536,
          "2020": 1312,
          "2021": 1162,
          "2022": 1400,
          "2023": 1351,
          "2024": 1062,
          "2025": 331
        },
        "top_violation": {
          "description": "Estacionar o veículo em desacordo com as condições regulamentadas - estacionamento rotativo.",
          "percentage": 73.84
        }
      }
    },
    {
      "type": "Feature",
      "geometry": {
        "type": "GeometryCollection",
        "geometries": [
          {
            "type": "MultiLineString",
            "coordinates": [
              [
                [
                  -34.895109203,
                  -8.028274781
                ],
                [
                  -34.895174593,
                  -8.028283361
                ]
              ],
              [
                [
                  -34.895109203,
                  -8.028274781
                ],
                [
                  -34.897737997,
                  -8.026999569
                ],
                [
                  -34.899006675,
                  -8.026561913
                ],
                [
                  -34.903246106,
                  -8.026634937
                ],
                [
                  -34.90465805,
                  -8.026306938
                ],
                [
                  -34.905245663,
                  -8.026314306
                ]
              ],
              [
                [
                  -34.895109203,
                  -8.028274781
                ],
                [
                  -34.888200287,
                  -8.027657298
                ],
                [
                  -34.885317878,
                  -8.025847812
                ],
                [
                  -34.880746065,
                  -8.023705709
                ],
                [
                  -34.874523006,
                  -8.020223193
                ],
                [
                  -34.873516436,
                  -8.020467093
                ]
              ],
              [
                [
                  -34.89480801,
                  -8.028248117
                ],
                [
                  -34.894774527,
                  -8.028389803
                ]
              ],
              [
                [
                  -34.905536751,
                  -8.026219054
                ],
                [
                  -34.90679736,
                  -8.026377402
                ],
                [
                  -34.908172245,
                  -8.027125575
                ],
                [
                  -34.909589183,
                  -8.027187348
                ]
              ],
              [
                [
                  -34.905554596,
                  -8.026111631
                ],
                [
                  -34.904919446,
                  -8.025956982
                ],
                [
                  -34.903278804,
                  -8.026311588
                ],
                [
                  -34.898912857,
                  -8.026240969
                ],
                [
                  -34.894972031,
                  -8.027948658
                ],
                [
                  -34.889014942,
                  -8.027450319
                ],
                [
                  -34.887713192,
                  -8.026957873
                ],
                [
                  -34.885432622,
                  -8.025463389
                ],
                [
                  -34.879419579,
                  -8.022554133
                ],
                [
                  -34.874699648,
                  -8.019809752
                ]
              ],
              [
                [
                  -34.913329018,
                  -8.025999307
                ],
                [
                  -34.912659283,
                  -8.02685768
                ],
                [
                  -34.911855838,
                  -8.026999144
                ]
              ]
            ]
          }
        ]
      },
      "properties": {
        "street_code": 35270,
        "street_name": "Avenida Professor José dos Anjos",
        "total_violations": 15656,
        "extension_km": 8.14,
        "violations_per_km": 1922.38,
        "by_year": {
          "2007": 83,
          "2008": 79,
          "2009": 111,
          "2010": 137,
          "2011": 292,
          "2012": 203,
          "2013": 394,
          "2014": 340,
          "2015": 914,
          "2016": 5284,
          "2017": 868,
          "2018": 733,
          "2019": 2898,
          "2020": 702,
          "2021": 422,
          "2022": 536,
          "2023": 587,
          "2024": 837,
          "2025": 236
        },
        "top_violation": {
          "description": "Transitar em velocidade superior à máxima permitida para o local, medida por instrumento ou equipamento hábil — quando a velocidade for superior à máxima em até 20% (vinte por cento).",
          "percentage": 32.25
        }
      }
    },
    {
      "type": "Feature",
      "geometry": {
        "type": "GeometryCollection",
        "geometries": [
          {
            "type": "MultiLineString",
            "coordinates": [
              [
                [
                  -34.89342815,
                  -8.065989351
                ],
                [
                  -34.89516579,
                  -8.062947755
                ]
              ],
              [
                [
                  -34.89516579,
                  -8.062947755
                ],
                [
                  -34.895185797,
                  -8.062822952
                ]
              ],
              [
                [
                  -34.895092125,
                  -8.06288202
                ],
                [
                  -34.89516579,
                  -8.062947755
                ]
              ]
            ]
          }
        ]
      },
      "properties": {
        "street_code": 22780,
        "street_name": "Rua Estado de Israel",
        "total_violations": 15330,
        "extension_km": 0.42,
        "violations_per_km": 36478.55,
        "by_year": {
          "2007": 15,
          "2008": 7,
          "2009": 61,
          "2010": 145,
          "2011": 170,
          "2012": 280,
          "2013": 329,
          "2014": 725,
          "2015": 1116,
          "2016": 1277,
          "2017": 844,
          "2018": 568,
          "2019": 674,
          "2020": 2212,
          "2021": 2356,
          "2022": 1429,
          "2023": 1462,
          "2024": 1371,
          "2025": 289
        },
        "top_violation": {
          "description": "Estacionar o veículo em desacordo com as condições regulamentadas - estacionamento rotativo.",
          "percentage": 42.46
        }
      }
    },
    {
      "type": "Feature",
      "geometry": {
        "type": "GeometryCollection",
        "geometries": [
          {
            "type": "MultiLineString",
            "coordinates": [
              [
                [
                  -34.900364814,
                  -8.059259854
                ],
                [
                  -34.898214816,
                  -8.058947725
                ]
              ],
              [
                [
                  -34.896621313,
                  -8.058709964
                ],
                [
                  -34.897648769,
                  -8.058871168
                ]
              ],
              [
                [
                  -34.894565642,
                  -8.058066863
                ],
                [
                  -34.896621333,
                  -8.058710006
                ]
              ]
            ]
          }
        ]
      },
      "properties": {
        "street_code": 28711,
        "street_name": "Rua Henrique Dias",
        "total_violations": 14837,
        "extension_km": 0.59,
        "violations_per_km": 25029.71,
        "by_year": {
          "2007": 472,
          "2008": 527,
          "2009": 307,
          "2010": 191,
          "2011": 582,
          "2012": 750,
          "2013": 314,
          "2014": 648,
          "2015": 379,
          "2016": 395,
          "2017": 521,
          "2018": 1056,
          "2019": 867,
          "2020": 2652,
          "2021": 1890,
          "2022": 943,
          "2023": 1368,
          "2024": 844,
          "2025": 131
        },
        "top_violation": {
          "description": "Avançar o sinal vermelho do semáforo.",
          "percentage": 31.55
        }
      }
    },
    {
      "type": "Feature",
      "geometry": {
        "type": "GeometryCollection",
        "geometries": [
          {
            "type": "MultiLineString",
            "coordinates": [
              [
                [
                  -34.91372342,
                  -8.054125279
                ],
                [
                  -34.914216153,
                  -8.054161895
                ]
              ],
              [
                [
                  -34.91372342,
                  -8.054125279
                ],
                [
                  -34.913852736,
                  -8.054357916
                ]
              ],
              [
                [
                  -34.91372342,
                  -8.054125279
                ],
                [
                  -34.904392922,
                  -8.053047665
                ]
              ]
            ]
          }
        ]
      },
      "properties": {
        "street_code": 36420,
        "street_name": "Rua José Osório",
        "total_violations": 14791,
        "extension_km": 1.12,
        "violations_per_km": 13152.5,
        "by_year": {
          "2007": 128,
          "2008": 98,
          "2009": 91,
          "2010": 138,
          "2011": 351,
          "2012": 722,
          "2013": 1076,
          "2014": 971,
          "2015": 1055,
          "2016": 881,
          "2017": 427,
          "2018": 1270,
          "2019": 3325,
          "2020": 2035,
          "2021": 1776,
          "2022": 281,
          "2023": 104,
          "2024": 43,
          "2025": 19
        },
        "top_violation": {
          "description": "Dirigir o veículo segurando ou manuseando telefone celular.",
          "percentage": 18.09
        }
      }
    },
    {
      "type": "Feature",
      "geometry": {
        "type": "GeometryCollection",
        "geometries": [
          {
            "type": "MultiLineString",
            "coordinates": [
              [
                [
                  -34.896719816,
                  -8.050224784
                ],
                [
                  -34.896891251,
                  -8.050907793
                ],
                [
                  -34.896808106,
                  -8.051346928
                ]
              ],
              [
                [
                  -34.896719816,
                  -8.050224784
                ],
                [
                  -34.896484886,
                  -8.049394877
                ],
                [
                  -34.896520808,
                  -8.048882579
                ]
              ],
              [
                [
                  -34.89671983,
                  -8.050224732
                ],
                [
                  -34.896719816,
                  -8.050224784
                ]
              ],
              [
                [
                  -34.896521093,
                  -8.048882097
                ],
                [
                  -34.897079758,
                  -8.046965063
                ],
                [
                  -34.897092808,
                  -8.044445693
                ],
                [
                  -34.898034818,
                  -8.041706595
                ],
                [
                  -34.899098509,
                  -8.039945908
                ],
                [
                  -34.901550321,
                  -8.036988979
                ],
                [
                  -34.90254844,
                  -8.03470188
                ],
                [
                  -34.903551621,
                  -8.033145831
                ]
              ]
            ]
          }
        ]
      },
      "properties": {
        "street_code": 59382,
        "street_name": "Avenida Conselheiro Rosa e Silva",
        "total_violations": 14262,
        "extension_km": 2.24,
        "violations_per_km": 6355.98,
        "by_year": {
          "2007": 525,
          "2008": 588,
          "2009": 416,
          "2010": 660,
          "2011": 1247,
          "2012": 1484,
          "2013": 746,
          "2014": 290,
          "2015": 289,
          "2016": 357,
          "2017": 439,
          "2018": 1263,
          "2019": 1368,
          "2020": 2722,
          "2021": 631,
          "2022": 349,
          "2023": 418,
          "2024": 348,
          "2025": 122
        },
        "top_violation": {
          "description": "Dirigir o veículo utilizando-se de fones nos ouvidos conectados a aparelhagem sonora ou de telefone celular.",
          "percentage": 20.89
        }
      }
    },
    {
      "type": "Feature",
      "geometry": {
        "type": "GeometryCollection",
        "geometries": [
          {
            "type": "MultiLineString",
            "coordinates": [
              [
                [
                  -34.902156317,
                  -8.031536048
                ],
                [
                  -34.902745431,
                  -8.032622613
                ],
                [
                  -34.903492701,
                  -8.033234591
                ]
              ],
              [
                [
                  -34.902339153,
                  -8.03138826
                ],
                [
                  -34.902812738,
                  -8.032531658
                ],
                [
                  -34.903551621,
                  -8.033145831
                ]
              ],
              [
                [
                  -34.902339153,
                  -8.03138826
                ],
                [
                  -34.9021693,
                  -8.031373968
                ],
                [
                  -34.902156317,
                  -8.031536048
                ]
              ],
              [
                [
                  -34.901981583,
                  -8.031273853
                ],
                [
                  -34.902156317,
                  -8.031536048
                ]
              ],
              [
                [
                  -34.901981583,
                  -8.031273853
                ],
                [
                  -34.900512716,
                  -8.029662826
                ],
                [
                  -34.902134469,
                  -8.031117861
                ]
              ],
              [
                [
                  -34.902134469,
                  -8.031117861
                ],
                [
                  -34.902339153,
                  -8.03138826
                ]
              ],
              [
                [
                  -34.902134469,
                  -8.031117861
                ],
                [
                  -34.902133946,
                  -8.031290092
                ],
                [
                  -34.901981583,
                  -8.031273853
                ]
              ]
            ]
          }
        ]
      },
      "properties": {
        "street_code": 9814,
        "street_name": "Rua Cônego Barata",
        "total_violations": 14240,
        "extension_km": 1.13,
        "violations_per_km": 12645.55,
        "by_year": {
          "2007": 119,
          "2008": 90,
          "2009": 84,
          "2010": 111,
          "2011": 252,
          "2012": 354,
          "2013": 313,
          "2014": 141,
          "2015": 143,
          "2016": 102,
          "2017": 195,
          "2018": 1911,
          "2019": 3362,
          "2020": 2165,
          "2021": 1883,
          "2022": 839,
          "2023": 1273,
          "2024": 637,
          "2025": 266
        },
        "top_violation": {
          "description": "Transitar em velocidade superior à máxima permitida para o local, medida por instrumento ou equipamento hábil — quando a velocidade for superior à máxima em até 20% (vinte por cento).",
          "percentage": 69.71
        }
      }
    },
    {
      "type": "Feature",
      "geometry": {
        "type": "GeometryCollection",
        "geometries": [
          {
            "type": "MultiLineString",
            "coordinates": [
              [
                [
                  -34.892222527,
                  -8.070783891
                ],
                [
                  -34.89155781,
                  -8.07066827
                ]
              ],
              [
                [
                  -34.903040143,
                  -8.055388744
                ],
                [
                  -34.903402542,
                  -8.054104804
                ]
              ],
              [
                [
                  -34.903678505,
                  -8.052966847
                ],
                [
                  -34.903896304,
                  -8.050691677
                ],
                [
                  -34.903749685,
                  -8.050616066
                ],
                [
                  -34.903669335,
                  -8.049615898
                ],
                [
                  -34.903227642,
                  -8.048577837
                ]
              ],
              [
                [
                  -34.902966953,
                  -8.045195291
                ],
                [
                  -34.90298167,
                  -8.045500323
                ],
                [
                  -34.90267811,
                  -8.046054888
                ],
                [
                  -34.902715806,
                  -8.046944098
                ],
                [
                  -34.903239589,
                  -8.048588117
                ]
              ],
              [
                [
                  -34.902966953,
                  -8.045195291
                ],
                [
                  -34.902675028,
                  -8.045297852
                ]
              ],
              [
                [
                  -34.903472337,
                  -8.044112368
                ],
                [
                  -34.902966953,
                  -8.045195291
                ]
              ],
              [
                [
                  -34.916607426,
                  -8.043363485
                ],
                [
                  -34.91662253,
                  -8.04269895
                ],
                [
                  -34.915659948,
                  -8.042664726
                ],
                [
                  -34.915298355,
                  -8.042404016
                ]
              ],
              [
                [
                  -34.909577392,
                  -8.038685606
                ],
                [
                  -34.909108396,
                  -8.038240712
                ],
                [
                  -34.908446285,
                  -8.03804292
                ]
              ]
            ]
          }
        ]
      },
      "properties": {
        "street_code": 10596,
        "street_name": "Avenida Beira Rio",
        "total_violations": 14203,
        "extension_km": 1.69,
        "violations_per_km": 8414.29,
        "by_year": {
          "2007": 140,
          "2008": 74,
          "2009": 48,
          "2010": 81,
          "2011": 236,
          "2012": 354,
          "2013": 448,
          "2014": 214,
          "2015": 948,
          "2016": 5081,
          "2017": 316,
          "2018": 1507,
          "2019": 2267,
          "2020": 1335,
          "2021": 463,
          "2022": 243,
          "2023": 177,
          "2024": 259,
          "2025": 12
        },
        "top_violation": {
          "description": "Transitar em velocidade superior à máxima permitida para o local, medida por instrumento ou equipamento hábil — quando a velocidade for superior à máxima em até 20% (vinte por cento).",
          "percentage": 26.08
        }
      }
    },
    {
      "type": "Feature",
      "geometry": {
        "type": "GeometryCollection",
        "geometries": [
          {
            "type": "MultiLineString",
            "coordinates": [
              [
                [
                  -34.895096656,
                  -8.120238528
                ],
                [
                  -34.904123582,
                  -8.116123518
                ]
              ]
            ]
          }
        ]
      },
      "properties": {
        "street_code": 14702,
        "street_name": "Rua Padre Carapuceiro",
        "total_violations": 14169,
        "extension_km": 1.1,
        "violations_per_km": 12930.83,
        "by_year": {
          "2007": 77,
          "2008": 67,
          "2009": 174,
          "2010": 109,
          "2011": 535,
          "2012": 1135,
          "2013": 563,
          "2014": 156,
          "2015": 493,
          "2016": 460,
          "2017": 235,
          "2018": 440,
          "2019": 1014,
          "2020": 1111,
          "2021": 2704,
          "2022": 3228,
          "2023": 862,
          "2024": 588,
          "2025": 218
        },
        "top_violation": {
          "description": "Estacionar o veículo em desacordo com as condições regulamentadas - estacionamento rotativo.",
          "percentage": 40.11
        }
      }
    },
    {
      "type": "Feature",
      "geometry": {
        "type": "GeometryCollection",
        "geometries": [
          {
            "type": "MultiLineString",
            "coordinates": [
              [
                [
                  -34.898140964,
                  -8.054567263
                ],
                [
                  -34.899330874,
                  -8.055209208
                ],
                [
                  -34.900120346,
                  -8.055278938
                ]
              ]
            ]
          }
        ]
      },
      "properties": {
        "street_code": 9652,
        "street_name": "Rua da Baixa Verde",
        "total_violations": 13755,
        "extension_km": 0.24,
        "violations_per_km": 58042.24,
        "by_year": {
          "2007": 5,
          "2008": 4,
          "2009": 6,
          "2010": 24,
          "2011": 18,
          "2012": 11,
          "2013": 7,
          "2014": 11,
          "2015": 11,
          "2016": 14,
          "2017": 101,
          "2018": 50,
          "2019": 545,
          "2020": 2553,
          "2021": 2884,
          "2022": 2106,
          "2023": 2549,
          "2024": 2275,
          "2025": 581
        },
        "top_violation": {
          "description": "Estacionar o veículo em desacordo com as condições regulamentadas - estacionamento rotativo.",
          "percentage": 91.04
        }
      }
    },
    {
      "type": "Feature",
      "geometry": {
        "type": "GeometryCollection",
        "geometries": [
          {
            "type": "MultiLineString",
            "coordinates": [
              [
                [
                  -34.89555274,
                  -8.066450331
                ],
                [
                  -34.895379433,
                  -8.066316215
                ]
              ],
              [
                [
                  -34.895379433,
                  -8.066316215
                ],
                [
                  -34.895306966,
                  -8.066466822
                ]
              ],
              [
                [
                  -34.895379433,
                  -8.066316215
                ],
                [
                  -34.896596674,
                  -8.062566191
                ]
              ]
            ]
          }
        ]
      },
      "properties": {
        "street_code": 56278,
        "street_name": "Rua Frei Matias Tévis",
        "total_violations": 13621,
        "extension_km": 0.49,
        "violations_per_km": 27988.93,
        "by_year": {
          "2007": 27,
          "2008": 32,
          "2009": 69,
          "2010": 54,
          "2011": 48,
          "2012": 36,
          "2013": 228,
          "2014": 181,
          "2015": 1029,
          "2016": 637,
          "2017": 459,
          "2018": 315,
          "2019": 534,
          "2020": 2453,
          "2021": 2069,
          "2022": 1543,
          "2023": 1686,
          "2024": 1725,
          "2025": 496
        },
        "top_violation": {
          "description": "Estacionar o veículo em desacordo com as condições regulamentadas - estacionamento rotativo.",
          "percentage": 52.13
        }
      }
    },
    {
      "type": "Feature",
      "geometry": {
        "type": "GeometryCollection",
        "geometries": [
          {
            "type": "MultiLineString",
            "coordinates": [
              [
                [
                  -34.887418695,
                  -8.061841566
                ],
                [
                  -34.886071151,
                  -8.062417386
                ]
              ]
            ]
          }
        ]
      },
      "properties": {
        "street_code": 7013,
        "street_name": "Rua do Aragão",
        "total_violations": 13324,
        "extension_km": 0.16,
        "violations_per_km": 82429.08,
        "by_year": {
          "2007": 580,
          "2008": 497,
          "2009": 432,
          "2010": 286,
          "2011": 391,
          "2012": 543,
          "2013": 400,
          "2014": 543,
          "2015": 958,
          "2016": 692,
          "2017": 773,
          "2018": 1017,
          "2019": 1154,
          "2020": 1071,
          "2021": 1038,
          "2022": 868,
          "2023": 1126,
          "2024": 838,
          "2025": 117
        },
        "top_violation": {
          "description": "Estacionar o veículo em desacordo com as condições regulamentadas - estacionamento rotativo.",
          "percentage": 77.53
        }
      }
    },
    {
      "type": "Feature",
      "geometry": {
        "type": "GeometryCollection",
        "geometries": [
          {
            "type": "MultiLineString",
            "coordinates": [
              [
                [
                  -34.990535493,
                  -8.068317996
                ],
                [
                  -34.990016655,
                  -8.068134301
                ],
                [
                  -34.987164589,
                  -8.068821
                ],
                [
                  -34.985878371,
                  -8.068803789
                ],
                [
                  -34.984558544,
                  -8.068258424
                ],
                [
                  -34.982868634,
                  -8.066858224
                ]
              ],
              [
                [
                  -34.982868634,
                  -8.066858224
                ],
                [
                  -34.982994321,
                  -8.066642504
                ]
              ],
              [
                [
                  -34.982868634,
                  -8.066858224
                ],
                [
                  -34.982537026,
                  -8.06658481
                ],
                [
                  -34.982844698,
                  -8.066572124
                ],
                [
                  -34.983037401,
                  -8.066329088
                ]
              ],
              [
                [
                  -34.983100609,
                  -8.066649859
                ],
                [
                  -34.983106993,
                  -8.066650301
                ]
              ],
              [
                [
                  -34.983100609,
                  -8.066649859
                ],
                [
                  -34.983426014,
                  -8.067194228
                ],
                [
                  -34.984430927,
                  -8.06802559
                ],
                [
                  -34.985898637,
                  -8.068683096
                ],
                [
                  -34.987305882,
                  -8.068663351
                ],
                [
                  -34.989724362,
                  -8.068063673
                ],
                [
                  -34.990094099,
                  -8.067693632
                ]
              ],
              [
                [
                  -34.982994321,
                  -8.066642504
                ],
                [
                  -34.983100609,
                  -8.066649859
                ]
              ],
              [
                [
                  -34.982994321,
                  -8.066642504
                ],
                [
                  -34.983037401,
                  -8.066329088
                ]
              ],
              [
                [
                  -34.983037401,
                  -8.066329088
                ],
                [
                  -34.983100609,
                  -8.066649859
                ]
              ],
              [
                [
                  -34.983037401,
                  -8.066329088
                ],
                [
                  -34.983409469,
                  -8.06422618
                ],
                [
                  -34.983661333,
                  -8.063869075
                ],
                [
                  -34.986264053,
                  -8.06350782
                ],
                [
                  -34.987962331,
                  -8.063917373
                ]
              ],
              [
                [
                  -34.989976811,
                  -8.0656793
                ],
                [
                  -34.989704641,
                  -8.065067274
                ],
                [
                  -34.987962331,
                  -8.063917373
                ]
              ],
              [
                [
                  -34.987962331,
                  -8.063917373
                ],
                [
                  -34.989020879,
                  -8.064398701
                ],
                [
                  -34.988787446,
                  -8.06380257
                ],
                [
                  -34.989416578,
                  -8.063272632
                ],
                [
                  -34.989789357,
                  -8.063353666
                ],
                [
                  -34.990007418,
                  -8.063909877
                ]
              ],
              [
                [
                  -34.99040324,
                  -8.062021977
                ],
                [
                  -34.989796432,
                  -8.062760473
                ],
                [
                  -34.988505083,
                  -8.063853647
                ],
                [
                  -34.987962331,
                  -8.063917373
                ]
              ]
            ]
          }
        ]
      },
      "properties": {
        "street_code": 16390,
        "street_name": "Avenida Prefeito Antônio Pereira",
        "total_violations": 13098,
        "extension_km": 3.91,
        "violations_per_km": 3349.99,
        "by_year": {
          "2011": 3,
          "2013": 100,
          "2014": 65,
          "2015": 130,
          "2016": 79,
          "2017": 1031,
          "2018": 2122,
          "2019": 2844,
          "2020": 1365,
          "2021": 897,
          "2022": 516,
          "2023": 1249,
          "2024": 1836,
          "2025": 861
        },
        "top_violation": {
          "description": "Estacionar o veículo em locais e horários proibidos especificamente pela sinalização (placa — Proibido Estacionar).",
          "percentage": 60.26
        }
      }
    },
    {
      "type": "Feature",
      "geometry": {
        "type": "GeometryCollection",
        "geometries": [
          {
            "type": "MultiLineString",
            "coordinates": [
              [
                [
                  -34.946560025,
                  -8.114191352
                ],
                [
                  -34.945468551,
                  -8.113629675
                ]
              ]
            ]
          }
        ]
      },
      "properties": {
        "street_code": 8753,
        "street_name": "Rua Madre Deus",
        "total_violations": 12909,
        "extension_km": 0.14,
        "violations_per_km": 93861.01,
        "by_year": {
          "2007": 457,
          "2008": 353,
          "2009": 503,
          "2010": 1043,
          "2011": 510,
          "2012": 773,
          "2013": 321,
          "2014": 522,
          "2015": 760,
          "2016": 959,
          "2017": 1207,
          "2018": 1681,
          "2019": 1224,
          "2020": 709,
          "2021": 548,
          "2022": 392,
          "2023": 497,
          "2024": 374,
          "2025": 76
        },
        "top_violation": {
          "description": "Estacionar o veículo em desacordo com as condições regulamentadas - estacionamento rotativo.",
          "percentage": 24.82
        }
      }
    },
    {
      "type": "Feature",
      "geometry": {
        "type": "GeometryCollection",
        "geometries": [
          {
            "type": "MultiLineString",
            "coordinates": [
              [
                [
                  -34.913776489,
                  -8.106138834
                ],
                [
                  -34.924525608,
                  -8.115374652
                ]
              ],
              [
                [
                  -34.91373997,
                  -8.105961539
                ],
                [
                  -34.911454414,
                  -8.106387825
                ]
              ]
            ]
          }
        ]
      },
      "properties": {
        "street_code": 32921,
        "street_name": "Rua Jean Emile Favre",
        "total_violations": 12732,
        "extension_km": 1.82,
        "violations_per_km": 6983.07,
        "by_year": {
          "2007": 166,
          "2008": 128,
          "2009": 206,
          "2010": 219,
          "2011": 159,
          "2012": 307,
          "2013": 233,
          "2014": 544,
          "2015": 698,
          "2016": 488,
          "2017": 899,
          "2018": 805,
          "2019": 1002,
          "2020": 1290,
          "2021": 1419,
          "2022": 972,
          "2023": 2834,
          "2024": 152,
          "2025": 211
        },
        "top_violation": {
          "description": "Estacionar o veículo em locais e horários proibidos especificamente pela sinalização (placa — Proibido Estacionar).",
          "percentage": 23.74
        }
      }
    },
    {
      "type": "Feature",
      "geometry": {
        "type": "GeometryCollection",
        "geometries": [
          {
            "type": "MultiLineString",
            "coordinates": [
              [
                [
                  -34.905584264,
                  -8.078119245
                ],
                [
                  -34.90607779,
                  -8.078428298
                ],
                [
                  -34.907721332,
                  -8.078705088
                ]
              ]
            ]
          }
        ]
      },
      "properties": {
        "street_code": 566,
        "street_name": "Rua do Acre",
        "total_violations": 12632,
        "extension_km": 0.25,
        "violations_per_km": 50779.7,
        "by_year": {
          "2007": 202,
          "2008": 65,
          "2009": 127,
          "2010": 228,
          "2011": 142,
          "2012": 67,
          "2013": 91,
          "2014": 127,
          "2015": 205,
          "2016": 115,
          "2017": 446,
          "2018": 1334,
          "2019": 1437,
          "2020": 1519,
          "2021": 1137,
          "2022": 460,
          "2023": 1034,
          "2024": 2478,
          "2025": 1418
        },
        "top_violation": {
          "description": "Estacionar o veículo impedindo a movimentação de outro veículo.",
          "percentage": 41.22
        }
      }
    },
    {
      "type": "Feature",
      "geometry": {
        "type": "GeometryCollection",
        "geometries": [
          {
            "type": "MultiLineString",
            "coordinates": [
              [
                [
                  -34.896621313,
                  -8.058709964
                ],
                [
                  -34.897185625,
                  -8.060152583
                ],
                [
                  -34.896269983,
                  -8.06126301
                ]
              ]
            ]
          }
        ]
      },
      "properties": {
        "street_code": 25798,
        "street_name": "Rua das Fronteiras",
        "total_violations": 12447,
        "extension_km": 0.33,
        "violations_per_km": 37634.55,
        "by_year": {
          "2007": 11,
          "2008": 20,
          "2009": 40,
          "2010": 58,
          "2011": 105,
          "2012": 291,
          "2013": 856,
          "2014": 1692,
          "2015": 807,
          "2016": 783,
          "2017": 1352,
          "2018": 1137,
          "2019": 636,
          "2020": 606,
          "2021": 647,
          "2022": 348,
          "2023": 815,
          "2024": 1793,
          "2025": 450
        },
        "top_violation": {
          "description": "Estacionar o veículo em locais e horários proibidos especificamente pela sinalização (placa — Proibido Estacionar).",
          "percentage": 52.76
        }
      }
    },
    {
      "type": "Feature",
      "geometry": {
        "type": "GeometryCollection",
        "geometries": [
          {
            "type": "MultiLineString",
            "coordinates": [
              [
                [
                  -34.873171923,
                  -8.06257272
                ],
                [
                  -34.872659855,
                  -8.065679616
                ]
              ]
            ]
          }
        ]
      },
      "properties": {
        "street_code": 43206,
        "street_name": "Rua Mariz e Barros",
        "total_violations": 12278,
        "extension_km": 0.35,
        "violations_per_km": 35199.39,
        "by_year": {
          "2007": 244,
          "2008": 152,
          "2009": 199,
          "2010": 206,
          "2011": 486,
          "2012": 928,
          "2013": 528,
          "2014": 1169,
          "2015": 1168,
          "2016": 1311,
          "2017": 949,
          "2018": 933,
          "2019": 1129,
          "2020": 710,
          "2021": 511,
          "2022": 565,
          "2023": 685,
          "2024": 316,
          "2025": 89
        },
        "top_violation": {
          "description": "Estacionar o veículo em desacordo com as condições regulamentadas - vaga de carga/descarga.",
          "percentage": 34.36
        }
      }
    },
    {
      "type": "Feature",
      "geometry": {
        "type": "GeometryCollection",
        "geometries": [
          {
            "type": "MultiLineString",
            "coordinates": [
              [
                [
                  -34.928872119,
                  -8.088915289
                ],
                [
                  -34.928312758,
                  -8.088840936
                ],
                [
                  -34.927996522,
                  -8.088974113
                ],
                [
                  -34.927775283,
                  -8.089350917
                ],
                [
                  -34.927149911,
                  -8.089599641
                ]
              ]
            ]
          }
        ]
      },
      "properties": {
        "street_code": 116610,
        "street_name": "Rua Aurora",
        "total_violations": 12142,
        "extension_km": 0.23,
        "violations_per_km": 53763.87,
        "by_year": {
          "2007": 291,
          "2008": 279,
          "2009": 362,
          "2010": 354,
          "2011": 649,
          "2012": 601,
          "2013": 713,
          "2014": 413,
          "2015": 1016,
          "2016": 542,
          "2017": 1102,
          "2018": 789,
          "2019": 1026,
          "2020": 1775,
          "2021": 468,
          "2022": 396,
          "2023": 551,
          "2024": 708,
          "2025": 107
        },
        "top_violation": {
          "description": "Dirigir o veículo segurando ou manuseando telefone celular.",
          "percentage": 11.99
        }
      }
    },
    {
      "type": "Feature",
      "geometry": {
        "type": "GeometryCollection",
        "geometries": [
          {
            "type": "MultiLineString",
            "coordinates": [
              [
                [
                  -34.902130628,
                  -8.078502613
                ],
                [
                  -34.885547039,
                  -8.073077137
                ]
              ],
              [
                [
                  -34.882335679,
                  -8.072044573
                ],
                [
                  -34.883904699,
                  -8.072486565
                ]
              ]
            ]
          }
        ]
      },
      "properties": {
        "street_code": 30104,
        "street_name": "Rua Imperial",
        "total_violations": 12082,
        "extension_km": 2.11,
        "violations_per_km": 5736.38,
        "by_year": {
          "2007": 159,
          "2008": 160,
          "2009": 205,
          "2010": 226,
          "2011": 419,
          "2012": 343,
          "2013": 506,
          "2014": 825,
          "2015": 673,
          "2016": 1087,
          "2017": 842,
          "2018": 1165,
          "2019": 1825,
          "2020": 1436,
          "2021": 996,
          "2022": 565,
          "2023": 307,
          "2024": 251,
          "2025": 92
        },
        "top_violation": {
          "description": "Dirigir o veículo segurando ou manuseando telefone celular.",
          "percentage": 23
        }
      }
    },
    {
      "type": "Feature",
      "geometry": {
        "type": "GeometryCollection",
        "geometries": [
          {
            "type": "MultiLineString",
            "coordinates": [
              [
                [
                  -34.872481167,
                  -8.063026906
                ],
                [
                  -34.874371094,
                  -8.063368941
                ]
              ]
            ]
          }
        ]
      },
      "properties": {
        "street_code": 3638,
        "street_name": "Rua Álvares Cabral",
        "total_violations": 12049,
        "extension_km": 0.21,
        "violations_per_km": 56901.16,
        "by_year": {
          "2007": 349,
          "2008": 231,
          "2009": 155,
          "2010": 195,
          "2011": 329,
          "2012": 614,
          "2013": 357,
          "2014": 402,
          "2015": 637,
          "2016": 440,
          "2017": 1018,
          "2018": 1107,
          "2019": 1229,
          "2020": 1037,
          "2021": 748,
          "2022": 986,
          "2023": 1294,
          "2024": 858,
          "2025": 63
        },
        "top_violation": {
          "description": "Estacionar o veículo em desacordo com as condições regulamentadas - estacionamento rotativo.",
          "percentage": 70.04
        }
      }
    },
    {
      "type": "Feature",
      "geometry": {
        "type": "GeometryCollection",
        "geometries": [
          {
            "type": "MultiLineString",
            "coordinates": [
              [
                [
                  -34.960807563,
                  -8.043543831
                ],
                [
                  -34.961655747,
                  -8.045183644
                ],
                [
                  -34.961435513,
                  -8.045389711
                ]
              ]
            ]
          }
        ]
      },
      "properties": {
        "street_code": 7005,
        "street_name": "Avenida Liberdade",
        "total_violations": 12024,
        "extension_km": 0.24,
        "violations_per_km": 50103.36,
        "by_year": {
          "2007": 1,
          "2009": 3,
          "2010": 11,
          "2011": 4,
          "2012": 15,
          "2013": 49,
          "2014": 12,
          "2015": 4,
          "2016": 1,
          "2017": 31,
          "2018": 2103,
          "2019": 624,
          "2020": 1218,
          "2021": 1386,
          "2022": 2022,
          "2023": 2246,
          "2024": 1954,
          "2025": 340
        },
        "top_violation": {
          "description": "Avançar o sinal vermelho do semáforo - fiscalização eletrônica.",
          "percentage": 46.05
        }
      }
    },
    {
      "type": "Feature",
      "geometry": {
        "type": "GeometryCollection",
        "geometries": [
          {
            "type": "MultiLineString",
            "coordinates": [
              [
                [
                  -34.891782071,
                  -8.088965127
                ],
                [
                  -34.890341983,
                  -8.088855142
                ],
                [
                  -34.889633459,
                  -8.088343542
                ]
              ],
              [
                [
                  -34.889631434,
                  -8.088341745
                ],
                [
                  -34.889633459,
                  -8.088343542
                ]
              ],
              [
                [
                  -34.889697476,
                  -8.088211991
                ],
                [
                  -34.889829673,
                  -8.088259531
                ]
              ],
              [
                [
                  -34.886129055,
                  -8.084991585
                ],
                [
                  -34.889633459,
                  -8.088343542
                ]
              ]
            ]
          }
        ]
      },
      "properties": {
        "street_code": 41483,
        "street_name": "Rua Manoel de Brito",
        "total_violations": 11990,
        "extension_km": 0.81,
        "violations_per_km": 14793.16,
        "by_year": {
          "2007": 6,
          "2008": 2,
          "2009": 1,
          "2010": 4,
          "2011": 10,
          "2012": 73,
          "2013": 139,
          "2014": 6,
          "2015": 69,
          "2016": 144,
          "2017": 1454,
          "2018": 1320,
          "2019": 3156,
          "2020": 1894,
          "2021": 565,
          "2022": 549,
          "2023": 1118,
          "2024": 1158,
          "2025": 322
        },
        "top_violation": {
          "description": "Dirigir o veículo segurando ou manuseando telefone celular.",
          "percentage": 36.09
        }
      }
    },
    {
      "type": "Feature",
      "geometry": {
        "type": "GeometryCollection",
        "geometries": [
          {
            "type": "MultiLineString",
            "coordinates": [
              [
                [
                  -34.908438142,
                  -8.042337815
                ],
                [
                  -34.909099789,
                  -8.040164506
                ],
                [
                  -34.909701081,
                  -8.038949497
                ],
                [
                  -34.909652745,
                  -8.038732779
                ]
              ],
              [
                [
                  -34.90948826,
                  -8.038627525
                ],
                [
                  -34.906387237,
                  -8.048087127
                ],
                [
                  -34.906479428,
                  -8.049331117
                ],
                [
                  -34.908335753,
                  -8.050044697
                ]
              ]
            ]
          }
        ]
      },
      "properties": {
        "street_code": 35467,
        "street_name": "Rua José Bonifácio",
        "total_violations": 11923,
        "extension_km": 1.89,
        "violations_per_km": 6304.69,
        "by_year": {
          "2007": 1898,
          "2008": 2203,
          "2009": 1911,
          "2010": 861,
          "2011": 835,
          "2012": 707,
          "2013": 92,
          "2014": 59,
          "2015": 188,
          "2016": 30,
          "2017": 72,
          "2018": 999,
          "2019": 1751,
          "2020": 126,
          "2021": 68,
          "2022": 50,
          "2023": 35,
          "2024": 26,
          "2025": 12
        },
        "top_violation": {
          "description": "Avançar o sinal vermelho do semáforo - fiscalização eletrônica.",
          "percentage": 41.7
        }
      }
    },
    {
      "type": "Feature",
      "geometry": {
        "type": "GeometryCollection",
        "geometries": [
          {
            "type": "MultiLineString",
            "coordinates": [
              [
                [
                  -34.880351546,
                  -8.069929629
                ],
                [
                  -34.8802136,
                  -8.070144647
                ],
                [
                  -34.880226925,
                  -8.071171487
                ]
              ]
            ]
          }
        ]
      },
      "properties": {
        "street_code": 32735,
        "street_name": "Rua do Jardim",
        "total_violations": 11713,
        "extension_km": 0.14,
        "violations_per_km": 82458.38,
        "by_year": {
          "2007": 554,
          "2008": 669,
          "2009": 393,
          "2010": 509,
          "2011": 480,
          "2012": 626,
          "2013": 589,
          "2014": 770,
          "2015": 1144,
          "2016": 1214,
          "2017": 541,
          "2018": 664,
          "2019": 751,
          "2020": 619,
          "2021": 496,
          "2022": 536,
          "2023": 543,
          "2024": 479,
          "2025": 136
        },
        "top_violation": {
          "description": "Estacionar o veículo em desacordo com as condições regulamentadas - estacionamento rotativo.",
          "percentage": 57.03
        }
      }
    },
    {
      "type": "Feature",
      "geometry": {
        "type": "GeometryCollection",
        "geometries": [
          {
            "type": "MultiLineString",
            "coordinates": [
              [
                [
                  -34.885638768,
                  -8.071194317
                ],
                [
                  -34.882942039,
                  -8.067316667
                ],
                [
                  -34.882375007,
                  -8.065346025
                ],
                [
                  -34.881619868,
                  -8.064722539
                ]
              ]
            ]
          }
        ]
      },
      "properties": {
        "street_code": 24864,
        "street_name": "Rua Floriano Peixoto",
        "total_violations": 11709,
        "extension_km": 0.86,
        "violations_per_km": 13652.33,
        "by_year": {
          "2007": 100,
          "2008": 137,
          "2009": 232,
          "2010": 236,
          "2011": 454,
          "2012": 572,
          "2013": 617,
          "2014": 725,
          "2015": 1045,
          "2016": 809,
          "2017": 663,
          "2018": 862,
          "2019": 2464,
          "2020": 1153,
          "2021": 1005,
          "2022": 349,
          "2023": 165,
          "2024": 97,
          "2025": 24
        },
        "top_violation": {
          "description": "Estacionar o veículo em locais e horários proibidos especificamente pela sinalização (placa — Proibido Estacionar).",
          "percentage": 33.45
        }
      }
    },
    {
      "type": "Feature",
      "geometry": {
        "type": "GeometryCollection",
        "geometries": [
          {
            "type": "MultiLineString",
            "coordinates": [
              [
                [
                  -34.878332689,
                  -8.068479188
                ],
                [
                  -34.877395434,
                  -8.068943072
                ],
                [
                  -34.877213859,
                  -8.068333848
                ],
                [
                  -34.878092101,
                  -8.067958852
                ]
              ],
              [
                [
                  -34.878332689,
                  -8.068479188
                ],
                [
                  -34.878092101,
                  -8.067958852
                ]
              ],
              [
                [
                  -34.878092101,
                  -8.067958852
                ],
                [
                  -34.878309841,
                  -8.067780656
                ],
                [
                  -34.878624996,
                  -8.068325559
                ],
                [
                  -34.878332689,
                  -8.068479188
                ]
              ]
            ]
          }
        ]
      },
      "properties": {
        "street_code": 67075,
        "street_name": "Praça Dom Vital",
        "total_violations": 11598,
        "extension_km": 0.49,
        "violations_per_km": 23465.77,
        "by_year": {
          "2007": 703,
          "2008": 762,
          "2009": 756,
          "2010": 567,
          "2011": 533,
          "2012": 1155,
          "2013": 626,
          "2014": 548,
          "2015": 622,
          "2016": 651,
          "2017": 333,
          "2018": 519,
          "2019": 461,
          "2020": 757,
          "2021": 690,
          "2022": 720,
          "2023": 600,
          "2024": 375,
          "2025": 220
        },
        "top_violation": {
          "description": "Estacionar o veículo em desacordo com as condições regulamentadas - estacionamento rotativo.",
          "percentage": 34.38
        }
      }
    },
    {
      "type": "Feature",
      "geometry": {
        "type": "GeometryCollection",
        "geometries": [
          {
            "type": "MultiLineString",
            "coordinates": [
              [
                [
                  -34.951164433,
                  -8.128642047
                ],
                [
                  -34.951366664,
                  -8.129006797
                ],
                [
                  -34.951216067,
                  -8.12957076
                ],
                [
                  -34.951321234,
                  -8.130304998
                ],
                [
                  -34.951193769,
                  -8.130397165
                ]
              ]
            ]
          }
        ]
      },
      "properties": {
        "street_code": 116882,
        "street_name": "Rua São João",
        "total_violations": 11522,
        "extension_km": 0.21,
        "violations_per_km": 54445.49,
        "by_year": {
          "2007": 52,
          "2008": 45,
          "2009": 78,
          "2010": 91,
          "2011": 136,
          "2012": 147,
          "2013": 111,
          "2014": 160,
          "2015": 639,
          "2016": 993,
          "2017": 962,
          "2018": 1052,
          "2019": 1976,
          "2020": 1117,
          "2021": 1079,
          "2022": 930,
          "2023": 955,
          "2024": 775,
          "2025": 224
        },
        "top_violation": {
          "description": "Estacionar o veículo em desacordo com as condições regulamentadas - estacionamento rotativo.",
          "percentage": 61.18
        }
      }
    },
    {
      "type": "Feature",
      "geometry": {
        "type": "GeometryCollection",
        "geometries": [
          {
            "type": "MultiLineString",
            "coordinates": [
              [
                [
                  -34.89989034,
                  -8.132005205
                ],
                [
                  -34.901430532,
                  -8.131547751
                ]
              ]
            ]
          }
        ]
      },
      "properties": {
        "street_code": 46256,
        "street_name": "Rua Dr Nylo Dornellas Câmara",
        "total_violations": 11487,
        "extension_km": 0.18,
        "violations_per_km": 64222.02,
        "by_year": {
          "2008": 12,
          "2009": 26,
          "2010": 73,
          "2011": 16,
          "2012": 120,
          "2013": 178,
          "2014": 903,
          "2015": 470,
          "2016": 262,
          "2017": 1782,
          "2018": 2961,
          "2019": 2740,
          "2020": 936,
          "2021": 542,
          "2022": 276,
          "2023": 55,
          "2024": 71,
          "2025": 64
        },
        "top_violation": {
          "description": "Estacionar o veículo em locais e horários proibidos especificamente pela sinalização (placa — Proibido Estacionar).",
          "percentage": 30.27
        }
      }
    },
    {
      "type": "Feature",
      "geometry": {
        "type": "GeometryCollection",
        "geometries": [
          {
            "type": "MultiLineString",
            "coordinates": [
              [
                [
                  -34.888775423,
                  -8.059454933
                ],
                [
                  -34.887001811,
                  -8.06052446
                ]
              ]
            ]
          }
        ]
      },
      "properties": {
        "street_code": 26689,
        "street_name": "Rua do Giriquiti",
        "total_violations": 11461,
        "extension_km": 0.23,
        "violations_per_km": 50067.84,
        "by_year": {
          "2007": 222,
          "2008": 196,
          "2009": 266,
          "2010": 212,
          "2011": 260,
          "2012": 609,
          "2013": 626,
          "2014": 683,
          "2015": 861,
          "2016": 1728,
          "2017": 1359,
          "2018": 1067,
          "2019": 1116,
          "2020": 610,
          "2021": 413,
          "2022": 369,
          "2023": 416,
          "2024": 382,
          "2025": 66
        },
        "top_violation": {
          "description": "Estacionar o veículo em locais e horários proibidos especificamente pela sinalização (placa — Proibido Estacionar).",
          "percentage": 38.82
        }
      }
    },
    {
      "type": "Feature",
      "geometry": {
        "type": "GeometryCollection",
        "geometries": [
          {
            "type": "MultiLineString",
            "coordinates": [
              [
                [
                  -34.878531274,
                  -8.063734865
                ],
                [
                  -34.878386217,
                  -8.063815516
                ]
              ],
              [
                [
                  -34.879730701,
                  -8.063196089
                ],
                [
                  -34.878570888,
                  -8.063863889
                ]
              ],
              [
                [
                  -34.880523077,
                  -8.062882469
                ],
                [
                  -34.879809081,
                  -8.063291717
                ],
                [
                  -34.879730701,
                  -8.063196089
                ]
              ],
              [
                [
                  -34.880461234,
                  -8.062775471
                ],
                [
                  -34.879730701,
                  -8.063196089
                ]
              ],
              [
                [
                  -34.880411424,
                  -8.0626895
                ],
                [
                  -34.87853174,
                  -8.063734605
                ]
              ],
              [
                [
                  -34.880322804,
                  -8.062536044
                ],
                [
                  -34.879603289,
                  -8.062951954
                ]
              ]
            ]
          }
        ]
      },
      "properties": {
        "street_code": 28010,
        "street_name": "Avenida Guararapes",
        "total_violations": 11437,
        "extension_km": 0.69,
        "violations_per_km": 16516.57,
        "by_year": {
          "2007": 84,
          "2008": 250,
          "2009": 536,
          "2010": 387,
          "2011": 606,
          "2012": 786,
          "2013": 613,
          "2014": 434,
          "2015": 854,
          "2016": 709,
          "2017": 1253,
          "2018": 1609,
          "2019": 1835,
          "2020": 790,
          "2021": 210,
          "2022": 183,
          "2023": 155,
          "2024": 134,
          "2025": 9
        },
        "top_violation": {
          "description": "Transitar em locais e horários não permitidos pela regulamentação estabelecida pela autoridade competente — para todos os tipos de veículos.",
          "percentage": 51.31
        }
      }
    },
    {
      "type": "Feature",
      "geometry": {
        "type": "GeometryCollection",
        "geometries": [
          {
            "type": "MultiLineString",
            "coordinates": [
              [
                [
                  -34.892209548,
                  -8.039709655
                ],
                [
                  -34.8945489,
                  -8.042452977
                ],
                [
                  -34.896531772,
                  -8.043463022
                ],
                [
                  -34.89734098,
                  -8.043672768
                ]
              ]
            ]
          }
        ]
      },
      "properties": {
        "street_code": 52221,
        "street_name": "Rua Conselheiro Portela",
        "total_violations": 11360,
        "extension_km": 0.74,
        "violations_per_km": 15408,
        "by_year": {
          "2007": 312,
          "2008": 310,
          "2009": 160,
          "2010": 282,
          "2011": 989,
          "2012": 437,
          "2013": 823,
          "2014": 272,
          "2015": 264,
          "2016": 328,
          "2017": 833,
          "2018": 797,
          "2019": 1815,
          "2020": 2561,
          "2021": 515,
          "2022": 230,
          "2023": 193,
          "2024": 178,
          "2025": 61
        },
        "top_violation": {
          "description": "Estacionar o veículo em locais e horários proibidos especificamente pela sinalização (placa — Proibido Estacionar).",
          "percentage": 29.36
        }
      }
    },
    {
      "type": "Feature",
      "geometry": {
        "type": "GeometryCollection",
        "geometries": [
          {
            "type": "MultiLineString",
            "coordinates": [
              [
                [
                  -34.90007045,
                  -8.05922718
                ],
                [
                  -34.90015968,
                  -8.055281043
                ]
              ],
              [
                [
                  -34.900036101,
                  -8.057026278
                ],
                [
                  -34.899991228,
                  -8.059215327
                ]
              ],
              [
                [
                  -34.90006688,
                  -8.056309378
                ],
                [
                  -34.900035222,
                  -8.057027161
                ]
              ],
              [
                [
                  -34.900066711,
                  -8.055934825
                ],
                [
                  -34.900066844,
                  -8.056309444
                ]
              ],
              [
                [
                  -34.900076709,
                  -8.055284563
                ],
                [
                  -34.900068976,
                  -8.055933304
                ]
              ],
              [
                [
                  -34.900087082,
                  -8.054432175
                ],
                [
                  -34.900080822,
                  -8.055277927
                ]
              ],
              [
                [
                  -34.900254245,
                  -8.054178337
                ],
                [
                  -34.900156858,
                  -8.055282538
                ]
              ]
            ]
          }
        ]
      },
      "properties": {
        "street_code": 32956,
        "street_name": "Rua Jener de Souza",
        "total_violations": 11089,
        "extension_km": 1.09,
        "violations_per_km": 10179.42,
        "by_year": {
          "2007": 277,
          "2008": 145,
          "2009": 268,
          "2010": 118,
          "2011": 145,
          "2012": 71,
          "2013": 60,
          "2014": 1010,
          "2015": 238,
          "2016": 758,
          "2017": 765,
          "2018": 1864,
          "2019": 2283,
          "2020": 1580,
          "2021": 514,
          "2022": 282,
          "2023": 247,
          "2024": 436,
          "2025": 28
        },
        "top_violation": {
          "description": "Executar operação de conversão à direita ou à esquerda em locais proibidos pela sinalização.",
          "percentage": 51.95
        }
      }
    },
    {
      "type": "Feature",
      "geometry": {
        "type": "GeometryCollection",
        "geometries": [
          {
            "type": "MultiLineString",
            "coordinates": [
              [
                [
                  -34.887001811,
                  -8.06052446
                ],
                [
                  -34.885776811,
                  -8.061819825
                ],
                [
                  -34.88590707,
                  -8.062082436
                ]
              ]
            ]
          }
        ]
      },
      "properties": {
        "street_code": 17221,
        "street_name": "Rua da Conceição",
        "total_violations": 10885,
        "extension_km": 0.24,
        "violations_per_km": 45536.82,
        "by_year": {
          "2007": 423,
          "2008": 338,
          "2009": 408,
          "2010": 345,
          "2011": 409,
          "2012": 458,
          "2013": 367,
          "2014": 362,
          "2015": 590,
          "2016": 501,
          "2017": 532,
          "2018": 769,
          "2019": 1079,
          "2020": 1054,
          "2021": 1048,
          "2022": 819,
          "2023": 744,
          "2024": 560,
          "2025": 79
        },
        "top_violation": {
          "description": "Estacionar o veículo em desacordo com as condições regulamentadas - estacionamento rotativo.",
          "percentage": 70.14
        }
      }
    },
    {
      "type": "Feature",
      "geometry": {
        "type": "GeometryCollection",
        "geometries": [
          {
            "type": "MultiLineString",
            "coordinates": [
              [
                [
                  -34.879342134,
                  -8.068370276
                ],
                [
                  -34.880797851,
                  -8.067286735
                ],
                [
                  -34.882755724,
                  -8.066705546
                ]
              ]
            ]
          }
        ]
      },
      "properties": {
        "street_code": 61093,
        "street_name": "Rua Tobias Barreto",
        "total_violations": 10840,
        "extension_km": 0.43,
        "violations_per_km": 25372.89,
        "by_year": {
          "2007": 372,
          "2008": 300,
          "2009": 376,
          "2010": 358,
          "2011": 330,
          "2012": 363,
          "2013": 304,
          "2014": 391,
          "2015": 698,
          "2016": 950,
          "2017": 1001,
          "2018": 951,
          "2019": 628,
          "2020": 911,
          "2021": 762,
          "2022": 772,
          "2023": 695,
          "2024": 478,
          "2025": 200
        },
        "top_violation": {
          "description": "Estacionar o veículo em desacordo com as condições regulamentadas - estacionamento rotativo.",
          "percentage": 59.82
        }
      }
    },
    {
      "type": "Feature",
      "geometry": {
        "type": "GeometryCollection",
        "geometries": [
          {
            "type": "MultiLineString",
            "coordinates": [
              [
                [
                  -34.88006873,
                  -8.071240156
                ],
                [
                  -34.878624996,
                  -8.068325559
                ]
              ]
            ]
          }
        ]
      },
      "properties": {
        "street_code": 13439,
        "street_name": "Rua das Calçadas",
        "total_violations": 10740,
        "extension_km": 0.36,
        "violations_per_km": 29850.28,
        "by_year": {
          "2007": 315,
          "2008": 499,
          "2009": 590,
          "2010": 649,
          "2011": 630,
          "2012": 862,
          "2013": 604,
          "2014": 406,
          "2015": 729,
          "2016": 975,
          "2017": 651,
          "2018": 608,
          "2019": 630,
          "2020": 700,
          "2021": 663,
          "2022": 433,
          "2023": 373,
          "2024": 315,
          "2025": 108
        },
        "top_violation": {
          "description": "Estacionar o veículo em locais e horários proibidos especificamente pela sinalização (placa — Proibido Estacionar).",
          "percentage": 26.42
        }
      }
    },
    {
      "type": "Feature",
      "geometry": {
        "type": "GeometryCollection",
        "geometries": [
          {
            "type": "MultiLineString",
            "coordinates": [
              [
                [
                  -34.88281409,
                  -8.06138286
                ],
                [
                  -34.879159954,
                  -8.055605621
                ]
              ]
            ]
          }
        ]
      },
      "properties": {
        "street_code": 54275,
        "street_name": "Rua da Saudade",
        "total_violations": 10680,
        "extension_km": 0.76,
        "violations_per_km": 14136.4,
        "by_year": {
          "2007": 485,
          "2008": 417,
          "2009": 384,
          "2010": 328,
          "2011": 489,
          "2012": 633,
          "2013": 451,
          "2014": 365,
          "2015": 892,
          "2016": 683,
          "2017": 626,
          "2018": 770,
          "2019": 944,
          "2020": 686,
          "2021": 402,
          "2022": 548,
          "2023": 1085,
          "2024": 448,
          "2025": 44
        },
        "top_violation": {
          "description": "Estacionar o veículo em desacordo com as condições regulamentadas - estacionamento rotativo.",
          "percentage": 64.59
        }
      }
    },
    {
      "type": "Feature",
      "geometry": {
        "type": "GeometryCollection",
        "geometries": [
          {
            "type": "MultiLineString",
            "coordinates": [
              [
                [
                  -34.901380234,
                  -8.062115152
                ],
                [
                  -34.901237102,
                  -8.061213284
                ],
                [
                  -34.90135368,
                  -8.060903426
                ]
              ],
              [
                [
                  -34.90135368,
                  -8.060903426
                ],
                [
                  -34.901821104,
                  -8.061255852
                ],
                [
                  -34.901975828,
                  -8.061580263
                ]
              ],
              [
                [
                  -34.90135368,
                  -8.060903426
                ],
                [
                  -34.902382092,
                  -8.058975103
                ]
              ],
              [
                [
                  -34.902382092,
                  -8.058975103
                ],
                [
                  -34.902778657,
                  -8.058763043
                ],
                [
                  -34.903633722,
                  -8.058758615
                ],
                [
                  -34.904493999,
                  -8.057987606
                ]
              ],
              [
                [
                  -34.902437546,
                  -8.058588508
                ],
                [
                  -34.902871498,
                  -8.058753794
                ]
              ],
              [
                [
                  -34.902437546,
                  -8.058588508
                ],
                [
                  -34.902382092,
                  -8.058975103
                ]
              ],
              [
                [
                  -34.902963305,
                  -8.058484921
                ],
                [
                  -34.903065543,
                  -8.058751456
                ]
              ],
              [
                [
                  -34.902963305,
                  -8.058484921
                ],
                [
                  -34.902437546,
                  -8.058588508
                ]
              ],
              [
                [
                  -34.902963305,
                  -8.058484921
                ],
                [
                  -34.903664771,
                  -8.058010291
                ],
                [
                  -34.904493999,
                  -8.057987606
                ]
              ],
              [
                [
                  -34.904493999,
                  -8.057987606
                ],
                [
                  -34.907989909,
                  -8.058103029
                ],
                [
                  -34.908606537,
                  -8.057735017
                ]
              ],
              [
                [
                  -34.908606537,
                  -8.057735017
                ],
                [
                  -34.909177926,
                  -8.057199998
                ]
              ],
              [
                [
                  -34.909177926,
                  -8.057199998
                ],
                [
                  -34.908882742,
                  -8.057184126
                ],
                [
                  -34.908606537,
                  -8.057735017
                ]
              ],
              [
                [
                  -34.909177926,
                  -8.057199998
                ],
                [
                  -34.909265272,
                  -8.057117583
                ]
              ]
            ]
          }
        ]
      },
      "properties": {
        "street_code": 10910,
        "street_name": "Rua Benfica",
        "total_violations": 10655,
        "extension_km": 1.81,
        "violations_per_km": 5882.39,
        "by_year": {
          "2007": 113,
          "2008": 1198,
          "2009": 522,
          "2010": 90,
          "2011": 395,
          "2012": 355,
          "2013": 208,
          "2014": 74,
          "2015": 117,
          "2016": 101,
          "2017": 128,
          "2018": 1598,
          "2019": 920,
          "2020": 1887,
          "2021": 1430,
          "2022": 1249,
          "2023": 136,
          "2024": 103,
          "2025": 31
        },
        "top_violation": {
          "description": "Transitar com o veículo na faixa ou via de trânsito exclusivo, regulamentada com circulação destinada aos veículos de transporte público coletivo de passageiros, salvo casos de força maior e com autorização do poder público competente.",
          "percentage": 27.87
        }
      }
    },
    {
      "type": "Feature",
      "geometry": {
        "type": "GeometryCollection",
        "geometries": [
          {
            "type": "MultiLineString",
            "coordinates": [
              [
                [
                  -34.880514072,
                  -8.069947055
                ],
                [
                  -34.880890434,
                  -8.071076609
                ]
              ]
            ]
          }
        ]
      },
      "properties": {
        "street_code": 24996,
        "street_name": "Rua do Forte",
        "total_violations": 10622,
        "extension_km": 0.13,
        "violations_per_km": 79623.53,
        "by_year": {
          "2007": 683,
          "2008": 709,
          "2009": 418,
          "2010": 562,
          "2011": 361,
          "2012": 742,
          "2013": 467,
          "2014": 508,
          "2015": 693,
          "2016": 568,
          "2017": 430,
          "2018": 443,
          "2019": 838,
          "2020": 660,
          "2021": 511,
          "2022": 592,
          "2023": 630,
          "2024": 661,
          "2025": 146
        },
        "top_violation": {
          "description": "Estacionar o veículo em desacordo com as condições regulamentadas - estacionamento rotativo.",
          "percentage": 44.15
        }
      }
    },
    {
      "type": "Feature",
      "geometry": {
        "type": "GeometryCollection",
        "geometries": [
          {
            "type": "MultiLineString",
            "coordinates": [
              [
                [
                  -34.901652871,
                  -8.127834291
                ],
                [
                  -34.901694639,
                  -8.128444476
                ]
              ],
              [
                [
                  -34.901652871,
                  -8.127834291
                ],
                [
                  -34.901480588,
                  -8.127950039
                ]
              ],
              [
                [
                  -34.901652871,
                  -8.127834291
                ],
                [
                  -34.900866744,
                  -8.117538087
                ]
              ]
            ]
          }
        ]
      },
      "properties": {
        "street_code": 34045,
        "street_name": "Avenida Professor João Medeiros",
        "total_violations": 10611,
        "extension_km": 1.23,
        "violations_per_km": 8599.12,
        "by_year": {
          "2007": 26,
          "2008": 15,
          "2009": 81,
          "2010": 90,
          "2011": 10,
          "2012": 42,
          "2013": 247,
          "2014": 461,
          "2015": 269,
          "2016": 729,
          "2017": 2116,
          "2018": 440,
          "2019": 745,
          "2020": 65,
          "2021": 136,
          "2022": 2003,
          "2023": 2866,
          "2024": 131,
          "2025": 139
        },
        "top_violation": {
          "description": "Executar operação de conversão à direita ou à esquerda em locais proibidos pela sinalização.",
          "percentage": 32
        }
      }
    },
    {
      "type": "Feature",
      "geometry": {
        "type": "GeometryCollection",
        "geometries": [
          {
            "type": "MultiLineString",
            "coordinates": [
              [
                [
                  -34.881418584,
                  -8.069390521
                ],
                [
                  -34.880514072,
                  -8.069947055
                ]
              ],
              [
                [
                  -34.881575361,
                  -8.069201874
                ],
                [
                  -34.88194287,
                  -8.069045438
                ]
              ],
              [
                [
                  -34.88194287,
                  -8.069045438
                ],
                [
                  -34.881801746,
                  -8.068884115
                ]
              ],
              [
                [
                  -34.88194287,
                  -8.069045438
                ],
                [
                  -34.883439899,
                  -8.068044467
                ]
              ]
            ]
          }
        ]
      },
      "properties": {
        "street_code": 49468,
        "street_name": "Rua Passo da Pátria",
        "total_violations": 10501,
        "extension_km": 0.38,
        "violations_per_km": 27314.23,
        "by_year": {
          "2007": 213,
          "2008": 187,
          "2009": 168,
          "2010": 153,
          "2011": 171,
          "2012": 303,
          "2013": 237,
          "2014": 221,
          "2015": 806,
          "2016": 890,
          "2017": 900,
          "2018": 1043,
          "2019": 1396,
          "2020": 979,
          "2021": 647,
          "2022": 627,
          "2023": 831,
          "2024": 569,
          "2025": 160
        },
        "top_violation": {
          "description": "Estacionar o veículo em desacordo com as condições regulamentadas - estacionamento rotativo.",
          "percentage": 64.55
        }
      }
    },
    {
      "type": "Feature",
      "geometry": {
        "type": "GeometryCollection",
        "geometries": [
          {
            "type": "MultiLineString",
            "coordinates": [
              [
                [
                  -34.897801384,
                  -8.05666116
                ],
                [
                  -34.895349612,
                  -8.056008945
                ]
              ],
              [
                [
                  -34.897618205,
                  -8.056561485
                ],
                [
                  -34.895374529,
                  -8.055941712
                ]
              ]
            ]
          }
        ]
      },
      "properties": {
        "street_code": 15024,
        "street_name": "Avenida Governador Carlos de Lima Cavalcanti",
        "total_violations": 10478,
        "extension_km": 0.54,
        "violations_per_km": 19524.61,
        "by_year": {
          "2007": 649,
          "2008": 708,
          "2009": 463,
          "2010": 249,
          "2011": 353,
          "2012": 276,
          "2013": 869,
          "2014": 742,
          "2015": 560,
          "2016": 631,
          "2017": 1023,
          "2018": 1231,
          "2019": 1448,
          "2020": 460,
          "2021": 252,
          "2022": 194,
          "2023": 183,
          "2024": 150,
          "2025": 37
        },
        "top_violation": {
          "description": "Dirigir o veículo segurando ou manuseando telefone celular.",
          "percentage": 15.68
        }
      }
    },
    {
      "type": "Feature",
      "geometry": {
        "type": "GeometryCollection",
        "geometries": [
          {
            "type": "MultiLineString",
            "coordinates": [
              [
                [
                  -34.878478138,
                  -8.081272826
                ],
                [
                  -34.877756169,
                  -8.080779953
                ]
              ]
            ]
          }
        ]
      },
      "properties": {
        "street_code": 11584,
        "street_name": "Rua do Sol",
        "total_violations": 10398,
        "extension_km": 0.1,
        "violations_per_km": 107672.82,
        "by_year": {
          "2007": 369,
          "2008": 536,
          "2009": 764,
          "2010": 612,
          "2011": 508,
          "2012": 302,
          "2013": 269,
          "2014": 221,
          "2015": 326,
          "2016": 253,
          "2017": 739,
          "2018": 961,
          "2019": 1624,
          "2020": 643,
          "2021": 343,
          "2022": 206,
          "2023": 586,
          "2024": 853,
          "2025": 283
        },
        "top_violation": {
          "description": "Dirigir o veículo utilizando-se de fones nos ouvidos conectados a aparelhagem sonora ou de telefone celular.",
          "percentage": 12.35
        }
      }
    },
    {
      "type": "Feature",
      "geometry": {
        "type": "GeometryCollection",
        "geometries": [
          {
            "type": "MultiLineString",
            "coordinates": [
              [
                [
                  -34.878383801,
                  -8.071225306
                ],
                [
                  -34.877859105,
                  -8.070567065
                ],
                [
                  -34.877395434,
                  -8.068943072
                ]
              ]
            ]
          }
        ]
      },
      "properties": {
        "street_code": 45390,
        "street_name": "Rua Padre Muniz",
        "total_violations": 10356,
        "extension_km": 0.28,
        "violations_per_km": 36797.13,
        "by_year": {
          "2007": 401,
          "2008": 373,
          "2009": 278,
          "2010": 268,
          "2011": 159,
          "2012": 339,
          "2013": 133,
          "2014": 92,
          "2015": 137,
          "2016": 224,
          "2017": 121,
          "2018": 282,
          "2019": 1255,
          "2020": 1487,
          "2021": 1340,
          "2022": 1512,
          "2023": 1183,
          "2024": 607,
          "2025": 165
        },
        "top_violation": {
          "description": "Estacionar o veículo em desacordo com as condições regulamentadas - estacionamento rotativo.",
          "percentage": 84.38
        }
      }
    },
    {
      "type": "Feature",
      "geometry": {
        "type": "GeometryCollection",
        "geometries": [
          {
            "type": "MultiLineString",
            "coordinates": [
              [
                [
                  -34.878331324,
                  -8.063398823
                ],
                [
                  -34.876399813,
                  -8.063343878
                ]
              ]
            ]
          }
        ]
      },
      "properties": {
        "street_code": 56880,
        "street_name": "Rua Marquês do Recife",
        "total_violations": 10343,
        "extension_km": 0.21,
        "violations_per_km": 48554.7,
        "by_year": {
          "2007": 314,
          "2008": 340,
          "2009": 390,
          "2010": 310,
          "2011": 298,
          "2012": 443,
          "2013": 258,
          "2014": 277,
          "2015": 487,
          "2016": 641,
          "2017": 608,
          "2018": 804,
          "2019": 998,
          "2020": 744,
          "2021": 715,
          "2022": 994,
          "2023": 810,
          "2024": 681,
          "2025": 231
        },
        "top_violation": {
          "description": "Estacionar o veículo em desacordo com as condições regulamentadas - estacionamento rotativo.",
          "percentage": 68.74
        }
      }
    },
    {
      "type": "Feature",
      "geometry": {
        "type": "GeometryCollection",
        "geometries": [
          {
            "type": "MultiLineString",
            "coordinates": [
              [
                [
                  -34.876101755,
                  -8.036458756
                ],
                [
                  -34.875707189,
                  -8.03735129
                ]
              ]
            ]
          }
        ]
      },
      "properties": {
        "street_code": 107247,
        "street_name": "Rua Futuro",
        "total_violations": 10081,
        "extension_km": 0.11,
        "violations_per_km": 92757.2,
        "by_year": {
          "2007": 67,
          "2008": 160,
          "2009": 187,
          "2010": 180,
          "2011": 317,
          "2012": 563,
          "2013": 746,
          "2014": 911,
          "2015": 584,
          "2016": 1035,
          "2017": 775,
          "2018": 963,
          "2019": 1406,
          "2020": 619,
          "2021": 736,
          "2022": 191,
          "2023": 224,
          "2024": 173,
          "2025": 244
        },
        "top_violation": {
          "description": "Estacionar o veículo em locais e horários proibidos especificamente pela sinalização (placa — Proibido Estacionar).",
          "percentage": 35.4
        }
      }
    },
    {
      "type": "Feature",
      "geometry": {
        "type": "GeometryCollection",
        "geometries": [
          {
            "type": "MultiLineString",
            "coordinates": [
              [
                [
                  -34.91003724,
                  -8.033480691
                ],
                [
                  -34.906853516,
                  -8.035839228
                ]
              ]
            ]
          }
        ]
      },
      "properties": {
        "street_code": 49352,
        "street_name": "Avenida Parnamirim",
        "total_violations": 9890,
        "extension_km": 0.44,
        "violations_per_km": 22575.85,
        "by_year": {
          "2007": 94,
          "2008": 63,
          "2009": 88,
          "2010": 158,
          "2011": 168,
          "2012": 268,
          "2013": 515,
          "2014": 467,
          "2015": 916,
          "2016": 1073,
          "2017": 705,
          "2018": 542,
          "2019": 1520,
          "2020": 2569,
          "2021": 304,
          "2022": 258,
          "2023": 89,
          "2024": 74,
          "2025": 19
        },
        "top_violation": {
          "description": "Dirigir o veículo segurando ou manuseando telefone celular.",
          "percentage": 23.31
        }
      }
    },
    {
      "type": "Feature",
      "geometry": {
        "type": "GeometryCollection",
        "geometries": [
          {
            "type": "MultiLineString",
            "coordinates": [
              [
                [
                  -34.874378035,
                  -8.064046207
                ],
                [
                  -34.872564205,
                  -8.063878232
                ],
                [
                  -34.871492058,
                  -8.063536453
                ]
              ]
            ]
          }
        ]
      },
      "properties": {
        "street_code": 60500,
        "street_name": "Rua Vigário Tenório",
        "total_violations": 9790,
        "extension_km": 0.33,
        "violations_per_km": 29989.03,
        "by_year": {
          "2007": 286,
          "2008": 190,
          "2009": 238,
          "2010": 220,
          "2011": 232,
          "2012": 431,
          "2013": 277,
          "2014": 502,
          "2015": 815,
          "2016": 724,
          "2017": 612,
          "2018": 888,
          "2019": 998,
          "2020": 935,
          "2021": 609,
          "2022": 575,
          "2023": 691,
          "2024": 508,
          "2025": 59
        },
        "top_violation": {
          "description": "Estacionar o veículo em desacordo com as condições regulamentadas - estacionamento rotativo.",
          "percentage": 57.43
        }
      }
    },
    {
      "type": "Feature",
      "geometry": {
        "type": "GeometryCollection",
        "geometries": [
          {
            "type": "MultiLineString",
            "coordinates": [
              [
                [
                  -34.877118374,
                  -8.061521075
                ],
                [
                  -34.87717386,
                  -8.060425757
                ]
              ],
              [
                [
                  -34.877930551,
                  -8.061327299
                ],
                [
                  -34.877118374,
                  -8.061521075
                ]
              ],
              [
                [
                  -34.877930551,
                  -8.061327299
                ],
                [
                  -34.878051023,
                  -8.061100608
                ]
              ],
              [
                [
                  -34.878280503,
                  -8.061243804
                ],
                [
                  -34.877930551,
                  -8.061327299
                ]
              ],
              [
                [
                  -34.878280503,
                  -8.061243804
                ],
                [
                  -34.878051023,
                  -8.061100608
                ]
              ],
              [
                [
                  -34.878051023,
                  -8.061100608
                ],
                [
                  -34.877954231,
                  -8.060336242
                ]
              ],
              [
                [
                  -34.879289826,
                  -8.061032665
                ],
                [
                  -34.878955875,
                  -8.06108296
                ]
              ],
              [
                [
                  -34.879049131,
                  -8.0607473
                ],
                [
                  -34.878956635,
                  -8.061082485
                ],
                [
                  -34.878280503,
                  -8.061243804
                ]
              ],
              [
                [
                  -34.87717386,
                  -8.060425757
                ],
                [
                  -34.876613675,
                  -8.060515703
                ],
                [
                  -34.876535795,
                  -8.061637889
                ],
                [
                  -34.877118374,
                  -8.061521075
                ]
              ],
              [
                [
                  -34.87717386,
                  -8.060425757
                ],
                [
                  -34.877954231,
                  -8.060336242
                ]
              ],
              [
                [
                  -34.878674139,
                  -8.060345388
                ],
                [
                  -34.877954231,
                  -8.060336242
                ]
              ]
            ]
          }
        ]
      },
      "properties": {
        "street_code": 66877,
        "street_name": "Praça da República",
        "total_violations": 9747,
        "extension_km": 0.98,
        "violations_per_km": 9978.67,
        "by_year": {
          "2007": 120,
          "2008": 139,
          "2009": 248,
          "2010": 271,
          "2011": 407,
          "2012": 830,
          "2013": 497,
          "2014": 620,
          "2015": 875,
          "2016": 816,
          "2017": 843,
          "2018": 973,
          "2019": 1264,
          "2020": 324,
          "2021": 177,
          "2022": 239,
          "2023": 509,
          "2024": 463,
          "2025": 132
        },
        "top_violation": {
          "description": "Estacionar o veículo em desacordo com as condições regulamentadas - estacionamento rotativo.",
          "percentage": 31.69
        }
      }
    },
    {
      "type": "Feature",
      "geometry": {
        "type": "GeometryCollection",
        "geometries": [
          {
            "type": "MultiLineString",
            "coordinates": [
              [
                [
                  -34.893952068,
                  -8.067861302
                ],
                [
                  -34.893236251,
                  -8.066344119
                ]
              ],
              [
                [
                  -34.894185375,
                  -8.067759816
                ],
                [
                  -34.893470391,
                  -8.066253121
                ]
              ],
              [
                [
                  -34.893236251,
                  -8.066344119
                ],
                [
                  -34.893276681,
                  -8.066303626
                ]
              ],
              [
                [
                  -34.893276681,
                  -8.066303626
                ],
                [
                  -34.893204445,
                  -8.066289072
                ]
              ],
              [
                [
                  -34.893204445,
                  -8.066289072
                ],
                [
                  -34.893236251,
                  -8.066344119
                ]
              ],
              [
                [
                  -34.893204445,
                  -8.066289072
                ],
                [
                  -34.893137226,
                  -8.066242978
                ]
              ],
              [
                [
                  -34.893470391,
                  -8.066253121
                ],
                [
                  -34.893462822,
                  -8.066168062
                ]
              ],
              [
                [
                  -34.893416165,
                  -8.066245873
                ],
                [
                  -34.893276681,
                  -8.066303626
                ]
              ],
              [
                [
                  -34.893416165,
                  -8.066245873
                ],
                [
                  -34.893470391,
                  -8.066253121
                ]
              ],
              [
                [
                  -34.893462822,
                  -8.066168062
                ],
                [
                  -34.893416165,
                  -8.066245873
                ]
              ],
              [
                [
                  -34.893092138,
                  -8.066163974
                ],
                [
                  -34.893137226,
                  -8.066242978
                ]
              ],
              [
                [
                  -34.893092138,
                  -8.066163974
                ],
                [
                  -34.893137226,
                  -8.066242978
                ]
              ],
              [
                [
                  -34.893470392,
                  -8.06608979
                ],
                [
                  -34.893462822,
                  -8.066168062
                ]
              ],
              [
                [
                  -34.893470392,
                  -8.06608979
                ],
                [
                  -34.893514865,
                  -8.06597088
                ]
              ],
              [
                [
                  -34.893470392,
                  -8.06608979
                ],
                [
                  -34.893240301,
                  -8.065921742
                ],
                [
                  -34.893092138,
                  -8.066163974
                ]
              ]
            ]
          }
        ]
      },
      "properties": {
        "street_code": 66672,
        "street_name": "Praça Miguel de Cervantes",
        "total_violations": 9747,
        "extension_km": 0.57,
        "violations_per_km": 17238.46,
        "by_year": {
          "2007": 33,
          "2008": 6,
          "2009": 32,
          "2010": 142,
          "2011": 7,
          "2012": 21,
          "2013": 6,
          "2014": 729,
          "2015": 1012,
          "2016": 1020,
          "2017": 1311,
          "2018": 1276,
          "2019": 762,
          "2020": 166,
          "2021": 104,
          "2022": 298,
          "2023": 1011,
          "2024": 1489,
          "2025": 322
        },
        "top_violation": {
          "description": "Estacionar o veículo em locais e horários proibidos especificamente pela sinalização (placa — Proibido Estacionar).",
          "percentage": 65.85
        }
      }
    },
    {
      "type": "Feature",
      "geometry": {
        "type": "GeometryCollection",
        "geometries": [
          {
            "type": "MultiLineString",
            "coordinates": [
              [
                [
                  -34.939107228,
                  -7.998383273
                ],
                [
                  -34.938500009,
                  -7.998173932
                ]
              ]
            ]
          }
        ]
      },
      "properties": {
        "street_code": 110922,
        "street_name": "Rua das Flores",
        "total_violations": 9718,
        "extension_km": 0.07,
        "violations_per_km": 136946.17,
        "by_year": {
          "2007": 36,
          "2008": 88,
          "2009": 181,
          "2010": 726,
          "2011": 1185,
          "2012": 613,
          "2013": 833,
          "2014": 975,
          "2015": 1385,
          "2016": 1127,
          "2017": 792,
          "2018": 571,
          "2019": 276,
          "2020": 172,
          "2021": 176,
          "2022": 185,
          "2023": 142,
          "2024": 206,
          "2025": 49
        },
        "top_violation": {
          "description": "Estacionar o veículo em locais e horários proibidos especificamente pela sinalização (placa — Proibido Estacionar).",
          "percentage": 83
        }
      }
    },
    {
      "type": "Feature",
      "geometry": {
        "type": "GeometryCollection",
        "geometries": [
          {
            "type": "MultiLineString",
            "coordinates": [
              [
                [
                  -34.891606145,
                  -8.03695312
                ],
                [
                  -34.891443964,
                  -8.03720538
                ],
                [
                  -34.891680301,
                  -8.037547598
                ],
                [
                  -34.892902101,
                  -8.037388359
                ],
                [
                  -34.897822188,
                  -8.03552316
                ],
                [
                  -34.90254844,
                  -8.03470188
                ]
              ]
            ]
          }
        ]
      },
      "properties": {
        "street_code": 36196,
        "street_name": "Rua Doutor José Maria",
        "total_violations": 9667,
        "extension_km": 1.33,
        "violations_per_km": 7259.88,
        "by_year": {
          "2007": 97,
          "2008": 32,
          "2009": 24,
          "2010": 47,
          "2011": 692,
          "2012": 431,
          "2013": 202,
          "2014": 277,
          "2015": 185,
          "2016": 186,
          "2017": 339,
          "2018": 929,
          "2019": 866,
          "2020": 1971,
          "2021": 477,
          "2022": 1314,
          "2023": 939,
          "2024": 576,
          "2025": 83
        },
        "top_violation": {
          "description": "Estacionar o veículo em desacordo com as condições regulamentadas - estacionamento rotativo.",
          "percentage": 60.04
        }
      }
    },
    {
      "type": "Feature",
      "geometry": {
        "type": "GeometryCollection",
        "geometries": [
          {
            "type": "MultiLineString",
            "coordinates": [
              [
                [
                  -34.945065478,
                  -8.114940867
                ],
                [
                  -34.945976407,
                  -8.115411332
                ]
              ]
            ]
          }
        ]
      },
      "properties": {
        "street_code": 9032,
        "street_name": "Rua São Miguel",
        "total_violations": 9569,
        "extension_km": 0.12,
        "violations_per_km": 81572.55,
        "by_year": {
          "2007": 1209,
          "2008": 2019,
          "2009": 1168,
          "2010": 1068,
          "2011": 1100,
          "2012": 500,
          "2013": 871,
          "2014": 246,
          "2015": 130,
          "2016": 268,
          "2017": 216,
          "2018": 83,
          "2019": 152,
          "2020": 124,
          "2021": 136,
          "2022": 96,
          "2023": 83,
          "2024": 88,
          "2025": 12
        },
        "top_violation": {
          "description": "Avançar o sinal vermelho do semáforo - fiscalização eletrônica.",
          "percentage": 55.55
        }
      }
    },
    {
      "type": "Feature",
      "geometry": {
        "type": "GeometryCollection",
        "geometries": [
          {
            "type": "MultiLineString",
            "coordinates": [
              [
                [
                  -34.875031196,
                  -8.040500786
                ],
                [
                  -34.87542577,
                  -8.040366995
                ]
              ]
            ]
          }
        ]
      },
      "properties": {
        "street_code": 20613,
        "street_name": "Rua Sete de Setembro",
        "total_violations": 9455,
        "extension_km": 0.05,
        "violations_per_km": 205596.86,
        "by_year": {
          "2007": 683,
          "2008": 590,
          "2009": 640,
          "2010": 469,
          "2011": 697,
          "2012": 720,
          "2013": 422,
          "2014": 359,
          "2015": 905,
          "2016": 630,
          "2017": 445,
          "2018": 306,
          "2019": 286,
          "2020": 597,
          "2021": 481,
          "2022": 330,
          "2023": 527,
          "2024": 309,
          "2025": 59
        },
        "top_violation": {
          "description": "Estacionar o veículo em desacordo com as condições regulamentadas - estacionamento rotativo.",
          "percentage": 43.66
        }
      }
    },
    {
      "type": "Feature",
      "geometry": {
        "type": "GeometryCollection",
        "geometries": [
          {
            "type": "MultiLineString",
            "coordinates": [
              [
                [
                  -34.911382992,
                  -8.018372214
                ],
                [
                  -34.911591412,
                  -8.018082382
                ],
                [
                  -34.91241795,
                  -8.017607459
                ],
                [
                  -34.913011846,
                  -8.016635731
                ],
                [
                  -34.913137669,
                  -8.013554452
                ],
                [
                  -34.913369866,
                  -8.012667773
                ]
              ],
              [
                [
                  -34.913369866,
                  -8.012667745
                ],
                [
                  -34.913355088,
                  -8.010518201
                ],
                [
                  -34.912375562,
                  -8.008192154
                ],
                [
                  -34.912311942,
                  -8.007460648
                ]
              ]
            ]
          }
        ]
      },
      "properties": {
        "street_code": 3204,
        "street_name": "Rua Alto José Bonifácio",
        "total_violations": 9421,
        "extension_km": 1.32,
        "violations_per_km": 7148.92,
        "by_year": {
          "2007": 163,
          "2008": 89,
          "2009": 93,
          "2010": 164,
          "2011": 153,
          "2012": 103,
          "2013": 530,
          "2014": 251,
          "2015": 411,
          "2016": 225,
          "2017": 288,
          "2018": 434,
          "2019": 719,
          "2020": 862,
          "2021": 1450,
          "2022": 469,
          "2023": 330,
          "2024": 2115,
          "2025": 572
        },
        "top_violation": {
          "description": "Transitar com o veículo na faixa ou via de trânsito exclusivo, regulamentada com circulação destinada aos veículos de transporte público coletivo de passageiros, salvo casos de força maior e com autorização do poder público competente.",
          "percentage": 36.94
        }
      }
    },
    {
      "type": "Feature",
      "geometry": {
        "type": "GeometryCollection",
        "geometries": [
          {
            "type": "MultiLineString",
            "coordinates": [
              [
                [
                  -34.874292131,
                  -8.064513548
                ],
                [
                  -34.873555786,
                  -8.06440498
                ]
              ]
            ]
          }
        ]
      },
      "properties": {
        "street_code": 2348,
        "street_name": "Rua Alfândega",
        "total_violations": 9418,
        "extension_km": 0.08,
        "violations_per_km": 114772.29,
        "by_year": {
          "2007": 587,
          "2008": 374,
          "2009": 348,
          "2010": 299,
          "2011": 938,
          "2012": 983,
          "2013": 420,
          "2014": 500,
          "2015": 733,
          "2016": 462,
          "2017": 720,
          "2018": 711,
          "2019": 764,
          "2020": 438,
          "2021": 209,
          "2022": 126,
          "2023": 414,
          "2024": 365,
          "2025": 27
        },
        "top_violation": {
          "description": "Estacionar o veículo em desacordo com as condições regulamentadas - estacionamento rotativo.",
          "percentage": 41.55
        }
      }
    },
    {
      "type": "Feature",
      "geometry": {
        "type": "GeometryCollection",
        "geometries": [
          {
            "type": "MultiLineString",
            "coordinates": [
              [
                [
                  -34.92282631,
                  -8.004867562
                ],
                [
                  -34.922505263,
                  -8.004874163
                ],
                [
                  -34.922325367,
                  -8.004548791
                ]
              ]
            ]
          }
        ]
      },
      "properties": {
        "street_code": 112488,
        "street_name": "Travessa Vasco da Gama",
        "total_violations": 9235,
        "extension_km": 0.08,
        "violations_per_km": 120186.39,
        "by_year": {
          "2007": 96,
          "2008": 38,
          "2009": 29,
          "2010": 112,
          "2011": 105,
          "2012": 105,
          "2013": 458,
          "2014": 294,
          "2015": 594,
          "2016": 368,
          "2017": 308,
          "2018": 1179,
          "2019": 1672,
          "2020": 2096,
          "2021": 826,
          "2022": 406,
          "2023": 226,
          "2024": 237,
          "2025": 86
        },
        "top_violation": {
          "description": "Estacionar o veículo em locais e horários proibidos especificamente pela sinalização (placa — Proibido Estacionar).",
          "percentage": 52.01
        }
      }
    },
    {
      "type": "Feature",
      "geometry": {
        "type": "GeometryCollection",
        "geometries": [
          {
            "type": "MultiLineString",
            "coordinates": [
              [
                [
                  -34.890780874,
                  -8.045431731
                ],
                [
                  -34.890821756,
                  -8.045340735
                ]
              ],
              [
                [
                  -34.890821756,
                  -8.045340735
                ],
                [
                  -34.894695785,
                  -8.042556073
                ]
              ],
              [
                [
                  -34.890649531,
                  -8.04528668
                ],
                [
                  -34.890821756,
                  -8.045340735
                ]
              ]
            ]
          }
        ]
      },
      "properties": {
        "street_code": 31135,
        "street_name": "Rua Barão de Itamaracá",
        "total_violations": 9165,
        "extension_km": 0.56,
        "violations_per_km": 16336.22,
        "by_year": {
          "2007": 41,
          "2008": 40,
          "2009": 68,
          "2010": 82,
          "2011": 62,
          "2012": 72,
          "2013": 122,
          "2014": 242,
          "2015": 515,
          "2016": 563,
          "2017": 1150,
          "2018": 1220,
          "2019": 1613,
          "2020": 1354,
          "2021": 1079,
          "2022": 591,
          "2023": 243,
          "2024": 74,
          "2025": 34
        },
        "top_violation": {
          "description": "Estacionar o veículo em locais e horários proibidos especificamente pela sinalização (placa — Proibido Estacionar).",
          "percentage": 78.79
        }
      }
    },
    {
      "type": "Feature",
      "geometry": {
        "type": "GeometryCollection",
        "geometries": [
          {
            "type": "MultiLineString",
            "coordinates": [
              [
                [
                  -34.927521103,
                  -8.010227955
                ],
                [
                  -34.92724471,
                  -8.010199235
                ]
              ],
              [
                [
                  -34.92724471,
                  -8.010199235
                ],
                [
                  -34.927198568,
                  -8.010370737
                ]
              ],
              [
                [
                  -34.92724471,
                  -8.010199235
                ],
                [
                  -34.92690124,
                  -8.010072831
                ]
              ]
            ]
          }
        ]
      },
      "properties": {
        "street_code": 117714,
        "street_name": "Rua Treze de Março",
        "total_violations": 9143,
        "extension_km": 0.09,
        "violations_per_km": 100617.11,
        "by_year": {
          "2007": 35,
          "2008": 36,
          "2009": 18,
          "2010": 23,
          "2011": 34,
          "2012": 37,
          "2013": 78,
          "2014": 43,
          "2015": 1410,
          "2016": 2477,
          "2017": 2353,
          "2018": 1045,
          "2019": 1052,
          "2020": 264,
          "2021": 158,
          "2022": 34,
          "2023": 36,
          "2024": 6,
          "2025": 4
        },
        "top_violation": {
          "description": "Transitar em locais e horários não permitidos pela regulamentação estabelecida pela autoridade competente — para todos os tipos de veículos.",
          "percentage": 91.04
        }
      }
    },
    {
      "type": "Feature",
      "geometry": {
        "type": "GeometryCollection",
        "geometries": [
          {
            "type": "MultiLineString",
            "coordinates": [
              [
                [
                  -34.897011111,
                  -8.06446577
                ],
                [
                  -34.894548275,
                  -8.06414742
                ],
                [
                  -34.893946393,
                  -8.063800337
                ],
                [
                  -34.893615615,
                  -8.063387389
                ]
              ],
              [
                [
                  -34.893615615,
                  -8.063387389
                ],
                [
                  -34.893620068,
                  -8.063281808
                ]
              ],
              [
                [
                  -34.893542566,
                  -8.063309864
                ],
                [
                  -34.893615615,
                  -8.063387389
                ]
              ],
              [
                [
                  -34.893542566,
                  -8.063309864
                ],
                [
                  -34.893500857,
                  -8.063307694
                ]
              ],
              [
                [
                  -34.893620068,
                  -8.063281808
                ],
                [
                  -34.893542566,
                  -8.063309864
                ]
              ],
              [
                [
                  -34.893633896,
                  -8.063038633
                ],
                [
                  -34.893620068,
                  -8.063281808
                ]
              ]
            ]
          }
        ]
      },
      "properties": {
        "street_code": 61336,
        "street_name": "Rua Jornalista Trajano Chacon",
        "total_violations": 8855,
        "extension_km": 0.48,
        "violations_per_km": 18536.95,
        "by_year": {
          "2008": 2,
          "2009": 14,
          "2010": 52,
          "2011": 26,
          "2012": 107,
          "2013": 210,
          "2014": 209,
          "2015": 262,
          "2016": 116,
          "2017": 232,
          "2018": 426,
          "2019": 545,
          "2020": 2035,
          "2021": 1598,
          "2022": 856,
          "2023": 1147,
          "2024": 877,
          "2025": 141
        },
        "top_violation": {
          "description": "Estacionar o veículo em desacordo com as condições regulamentadas - estacionamento rotativo.",
          "percentage": 66.62
        }
      }
    },
    {
      "type": "Feature",
      "geometry": {
        "type": "GeometryCollection",
        "geometries": [
          {
            "type": "MultiLineString",
            "coordinates": [
              [
                [
                  -34.901901933,
                  -8.127787192
                ],
                [
                  -34.901129157,
                  -8.117423057
                ]
              ]
            ]
          }
        ]
      },
      "properties": {
        "street_code": 24228,
        "street_name": "Avenida Fernando Simões Barbosa",
        "total_violations": 8782,
        "extension_km": 1.15,
        "violations_per_km": 7637.08,
        "by_year": {
          "2007": 1621,
          "2008": 1209,
          "2009": 686,
          "2010": 796,
          "2011": 297,
          "2012": 62,
          "2013": 78,
          "2014": 644,
          "2015": 271,
          "2016": 177,
          "2017": 289,
          "2018": 344,
          "2019": 737,
          "2020": 350,
          "2021": 315,
          "2022": 323,
          "2023": 451,
          "2024": 97,
          "2025": 35
        },
        "top_violation": {
          "description": "Executar operação de conversão à direita ou à esquerda em locais proibidos pela sinalização.",
          "percentage": 32.83
        }
      }
    },
    {
      "type": "Feature",
      "geometry": {
        "type": "GeometryCollection",
        "geometries": [
          {
            "type": "MultiLineString",
            "coordinates": [
              [
                [
                  -34.901662096,
                  -8.12866297
                ],
                [
                  -34.900655307,
                  -8.12904351
                ]
              ]
            ]
          }
        ]
      },
      "properties": {
        "street_code": 77488,
        "street_name": "Rua Professor Aloisio Pessoa de Araujo",
        "total_violations": 8738,
        "extension_km": 0.12,
        "violations_per_km": 73622.07,
        "by_year": {
          "2013": 9,
          "2014": 216,
          "2015": 975,
          "2016": 567,
          "2017": 729,
          "2018": 1005,
          "2019": 1430,
          "2020": 733,
          "2021": 779,
          "2022": 726,
          "2023": 820,
          "2024": 538,
          "2025": 211
        },
        "top_violation": {
          "description": "Estacionar o veículo em locais e horários proibidos especificamente pela sinalização (placa — Proibido Estacionar).",
          "percentage": 91.3
        }
      }
    },
    {
      "type": "Feature",
      "geometry": {
        "type": "GeometryCollection",
        "geometries": [
          {
            "type": "MultiLineString",
            "coordinates": [
              [
                [
                  -34.880074052,
                  -8.07267429
                ],
                [
                  -34.875996899,
                  -8.071001611
                ],
                [
                  -34.874723842,
                  -8.068150477
                ]
              ],
              [
                [
                  -34.878018168,
                  -8.071680241
                ],
                [
                  -34.878868149,
                  -8.072018107
                ],
                [
                  -34.879259235,
                  -8.071820197
                ]
              ],
              [
                [
                  -34.878018168,
                  -8.071680241
                ],
                [
                  -34.876548107,
                  -8.071116215
                ]
              ],
              [
                [
                  -34.877617858,
                  -8.071292307
                ],
                [
                  -34.878018168,
                  -8.071680241
                ]
              ],
              [
                [
                  -34.877617858,
                  -8.071292307
                ],
                [
                  -34.877532251,
                  -8.071427127
                ],
                [
                  -34.877081219,
                  -8.071171369
                ],
                [
                  -34.876094546,
                  -8.069210054
                ]
              ],
              [
                [
                  -34.877617858,
                  -8.071292307
                ],
                [
                  -34.876401094,
                  -8.068608062
                ],
                [
                  -34.875958039,
                  -8.067004394
                ],
                [
                  -34.875386679,
                  -8.067621858
                ]
              ],
              [
                [
                  -34.876548107,
                  -8.071116215
                ],
                [
                  -34.876062552,
                  -8.070865501
                ],
                [
                  -34.875399866,
                  -8.069534013
                ]
              ],
              [
                [
                  -34.875399866,
                  -8.069534013
                ],
                [
                  -34.874839738,
                  -8.068267173
                ]
              ],
              [
                [
                  -34.875738546,
                  -8.069376072
                ],
                [
                  -34.876548107,
                  -8.071116215
                ]
              ],
              [
                [
                  -34.875738546,
                  -8.069376072
                ],
                [
                  -34.875399866,
                  -8.069534013
                ]
              ],
              [
                [
                  -34.876094546,
                  -8.069210054
                ],
                [
                  -34.875738546,
                  -8.069376072
                ]
              ],
              [
                [
                  -34.874839738,
                  -8.068267173
                ],
                [
                  -34.874723842,
                  -8.068150477
                ]
              ],
              [
                [
                  -34.875386679,
                  -8.067621858
                ],
                [
                  -34.876094546,
                  -8.069210054
                ]
              ],
              [
                [
                  -34.875386679,
                  -8.067621858
                ],
                [
                  -34.874839738,
                  -8.068267173
                ]
              ],
              [
                [
                  -34.875834877,
                  -8.06691738
                ],
                [
                  -34.875627193,
                  -8.067323558
                ],
                [
                  -34.874723842,
                  -8.068150477
                ]
              ]
            ]
          }
        ]
      },
      "properties": {
        "street_code": 75396,
        "street_name": "Cais Santa Rita",
        "total_violations": 8718,
        "extension_km": 3.32,
        "violations_per_km": 2625.07,
        "by_year": {
          "2007": 337,
          "2008": 427,
          "2009": 344,
          "2010": 398,
          "2011": 545,
          "2012": 412,
          "2013": 275,
          "2014": 368,
          "2015": 157,
          "2016": 85,
          "2017": 265,
          "2018": 252,
          "2019": 477,
          "2020": 2191,
          "2021": 1264,
          "2022": 245,
          "2023": 293,
          "2024": 298,
          "2025": 85
        },
        "top_violation": {
          "description": "Executar operação de retorno em locais proibidos pela sinalização.",
          "percentage": 33.47
        }
      }
    },
    {
      "type": "Feature",
      "geometry": {
        "type": "GeometryCollection",
        "geometries": [
          {
            "type": "MultiLineString",
            "coordinates": [
              [
                [
                  -34.926618216,
                  -8.01980842
                ],
                [
                  -34.926086541,
                  -8.018571809
                ],
                [
                  -34.9263724,
                  -8.017956047
                ],
                [
                  -34.926049736,
                  -8.015738658
                ],
                [
                  -34.924859364,
                  -8.012359309
                ],
                [
                  -34.92439489,
                  -8.010463143
                ],
                [
                  -34.925337439,
                  -8.008310943
                ],
                [
                  -34.924509697,
                  -8.007315555
                ],
                [
                  -34.924003646,
                  -8.005818332
                ],
                [
                  -34.923164172,
                  -8.004111961
                ],
                [
                  -34.92365708,
                  -8.002236228
                ],
                [
                  -34.923656854,
                  -8.001452173
                ],
                [
                  -34.923279412,
                  -8.000985163
                ],
                [
                  -34.922388621,
                  -8.000684476
                ]
              ],
              [
                [
                  -34.926274177,
                  -8.018216242
                ],
                [
                  -34.926231115,
                  -8.018818325
                ]
              ]
            ]
          }
        ]
      },
      "properties": {
        "street_code": 46663,
        "street_name": "Rua Nova Descoberta",
        "total_violations": 8628,
        "extension_km": 2.43,
        "violations_per_km": 3556.19,
        "by_year": {
          "2007": 197,
          "2008": 196,
          "2009": 51,
          "2010": 123,
          "2011": 97,
          "2012": 112,
          "2013": 518,
          "2014": 226,
          "2015": 553,
          "2016": 701,
          "2017": 707,
          "2018": 1197,
          "2019": 1414,
          "2020": 1087,
          "2021": 561,
          "2022": 203,
          "2023": 381,
          "2024": 142,
          "2025": 162
        },
        "top_violation": {
          "description": "Estacionar o veículo em locais e horários proibidos especificamente pela sinalização (placa — Proibido Estacionar).",
          "percentage": 38.33
        }
      }
    },
    {
      "type": "Feature",
      "geometry": {
        "type": "GeometryCollection",
        "geometries": [
          {
            "type": "MultiLineString",
            "coordinates": [
              [
                [
                  -34.957548363,
                  -8.040614871
                ],
                [
                  -34.957723336,
                  -8.041252156
                ]
              ]
            ]
          }
        ]
      },
      "properties": {
        "street_code": 75329,
        "street_name": "Travessa Afonso Olindense",
        "total_violations": 8439,
        "extension_km": 0.07,
        "violations_per_km": 115466.41,
        "by_year": {
          "2007": 150,
          "2008": 222,
          "2009": 467,
          "2010": 426,
          "2011": 197,
          "2012": 105,
          "2013": 306,
          "2014": 199,
          "2015": 333,
          "2016": 318,
          "2017": 252,
          "2018": 707,
          "2019": 1104,
          "2020": 1353,
          "2021": 1162,
          "2022": 508,
          "2023": 249,
          "2024": 249,
          "2025": 132
        },
        "top_violation": {
          "description": "Transitar em velocidade superior à máxima permitida para o local, medida por instrumento ou equipamento hábil — quando a velocidade for superior à máxima em até 20% (vinte por cento).",
          "percentage": 38.54
        }
      }
    },
    {
      "type": "Feature",
      "geometry": {
        "type": "GeometryCollection",
        "geometries": [
          {
            "type": "MultiLineString",
            "coordinates": [
              [
                [
                  -34.901307568,
                  -8.061711903
                ],
                [
                  -34.904290851,
                  -8.06113142
                ],
                [
                  -34.904728982,
                  -8.060839308
                ],
                [
                  -34.905107735,
                  -8.060811723
                ]
              ],
              [
                [
                  -34.90487243,
                  -8.061397418
                ],
                [
                  -34.904506613,
                  -8.061216107
                ]
              ],
              [
                [
                  -34.90487243,
                  -8.061397418
                ],
                [
                  -34.905081422,
                  -8.061238653
                ]
              ],
              [
                [
                  -34.90487243,
                  -8.061397418
                ],
                [
                  -34.904506613,
                  -8.061216107
                ]
              ],
              [
                [
                  -34.904506613,
                  -8.061216107
                ],
                [
                  -34.901318475,
                  -8.061772432
                ]
              ],
              [
                [
                  -34.904890876,
                  -8.061205493
                ],
                [
                  -34.904506613,
                  -8.061216107
                ]
              ]
            ]
          }
        ]
      },
      "properties": {
        "street_code": 43621,
        "street_name": "Avenida Sport Clube do Recife",
        "total_violations": 8372,
        "extension_km": 0.96,
        "violations_per_km": 8720.11,
        "by_year": {
          "2007": 1504,
          "2008": 1392,
          "2009": 904,
          "2010": 379,
          "2011": 609,
          "2012": 521,
          "2013": 375,
          "2014": 146,
          "2015": 88,
          "2016": 89,
          "2017": 139,
          "2018": 881,
          "2019": 218,
          "2020": 666,
          "2021": 200,
          "2022": 84,
          "2023": 87,
          "2024": 52,
          "2025": 38
        },
        "top_violation": {
          "description": "Avançar o sinal vermelho do semáforo - fiscalização eletrônica.",
          "percentage": 32.74
        }
      }
    },
    {
      "type": "Feature",
      "geometry": {
        "type": "GeometryCollection",
        "geometries": [
          {
            "type": "MultiLineString",
            "coordinates": [
              [
                [
                  -34.873171923,
                  -8.06257272
                ],
                [
                  -34.872669002,
                  -8.06200248
                ],
                [
                  -34.871830874,
                  -8.060550906
                ]
              ]
            ]
          }
        ]
      },
      "properties": {
        "street_code": 6572,
        "street_name": "Rua do Apolo",
        "total_violations": 8342,
        "extension_km": 0.27,
        "violations_per_km": 30698.38,
        "by_year": {
          "2007": 392,
          "2008": 248,
          "2009": 141,
          "2010": 113,
          "2011": 210,
          "2012": 330,
          "2013": 316,
          "2014": 465,
          "2015": 678,
          "2016": 622,
          "2017": 588,
          "2018": 799,
          "2019": 908,
          "2020": 697,
          "2021": 361,
          "2022": 421,
          "2023": 626,
          "2024": 364,
          "2025": 63
        },
        "top_violation": {
          "description": "Estacionar o veículo em desacordo com as condições regulamentadas - estacionamento rotativo.",
          "percentage": 55.85
        }
      }
    },
    {
      "type": "Feature",
      "geometry": {
        "type": "GeometryCollection",
        "geometries": [
          {
            "type": "MultiLineString",
            "coordinates": [
              [
                [
                  -34.877269175,
                  -8.066199163
                ],
                [
                  -34.877577539,
                  -8.068215014
                ]
              ]
            ]
          }
        ]
      },
      "properties": {
        "street_code": 56650,
        "street_name": "Rua do Rangel",
        "total_violations": 8273,
        "extension_km": 0.23,
        "violations_per_km": 36576.91,
        "by_year": {
          "2007": 359,
          "2008": 290,
          "2009": 206,
          "2010": 142,
          "2011": 222,
          "2012": 272,
          "2013": 252,
          "2014": 423,
          "2015": 455,
          "2016": 513,
          "2017": 446,
          "2018": 715,
          "2019": 891,
          "2020": 484,
          "2021": 583,
          "2022": 557,
          "2023": 606,
          "2024": 608,
          "2025": 249
        },
        "top_violation": {
          "description": "Estacionar o veículo em desacordo com as condições regulamentadas - estacionamento rotativo.",
          "percentage": 70.53
        }
      }
    },
    {
      "type": "Feature",
      "geometry": {
        "type": "GeometryCollection",
        "geometries": [
          {
            "type": "MultiLineString",
            "coordinates": [
              [
                [
                  -34.871438852,
                  -8.060642707
                ],
                [
                  -34.872686923,
                  -8.060350438
                ]
              ]
            ]
          }
        ]
      },
      "properties": {
        "street_code": 47074,
        "street_name": "Rua do Observatório",
        "total_violations": 8087,
        "extension_km": 0.14,
        "violations_per_km": 57218.48,
        "by_year": {
          "2007": 467,
          "2008": 206,
          "2009": 164,
          "2010": 139,
          "2011": 385,
          "2012": 567,
          "2013": 377,
          "2014": 705,
          "2015": 577,
          "2016": 538,
          "2017": 716,
          "2018": 914,
          "2019": 719,
          "2020": 265,
          "2021": 233,
          "2022": 283,
          "2023": 420,
          "2024": 343,
          "2025": 69
        },
        "top_violation": {
          "description": "Estacionar o veículo em desacordo com as condições regulamentadas - estacionamento rotativo.",
          "percentage": 36.81
        }
      }
    },
    {
      "type": "Feature",
      "geometry": {
        "type": "GeometryCollection",
        "geometries": [
          {
            "type": "MultiLineString",
            "coordinates": [
              [
                [
                  -34.903749685,
                  -8.050616066
                ],
                [
                  -34.900592471,
                  -8.050947586
                ],
                [
                  -34.899132197,
                  -8.051763868
                ]
              ]
            ]
          }
        ]
      },
      "properties": {
        "street_code": 50849,
        "street_name": "Rua das Pernambucanas",
        "total_violations": 8057,
        "extension_km": 0.54,
        "violations_per_km": 15057.03,
        "by_year": {
          "2007": 666,
          "2008": 437,
          "2009": 323,
          "2010": 451,
          "2011": 320,
          "2012": 796,
          "2013": 361,
          "2014": 268,
          "2015": 287,
          "2016": 1008,
          "2017": 1136,
          "2018": 626,
          "2019": 711,
          "2020": 110,
          "2021": 122,
          "2022": 73,
          "2023": 143,
          "2024": 181,
          "2025": 38
        },
        "top_violation": {
          "description": "Estacionar o veículo em locais e horários proibidos especificamente pela sinalização (placa — Proibido Estacionar).",
          "percentage": 38.28
        }
      }
    },
    {
      "type": "Feature",
      "geometry": {
        "type": "GeometryCollection",
        "geometries": [
          {
            "type": "MultiLineString",
            "coordinates": [
              [
                [
                  -34.888030664,
                  -8.062175087
                ],
                [
                  -34.889051551,
                  -8.06380174
                ]
              ]
            ]
          }
        ]
      },
      "properties": {
        "street_code": 53805,
        "street_name": "Rua da Santa Cruz",
        "total_violations": 7704,
        "extension_km": 0.21,
        "violations_per_km": 36297.99,
        "by_year": {
          "2007": 35,
          "2008": 36,
          "2009": 29,
          "2010": 51,
          "2011": 47,
          "2012": 262,
          "2013": 183,
          "2014": 275,
          "2015": 278,
          "2016": 223,
          "2017": 555,
          "2018": 1123,
          "2019": 970,
          "2020": 322,
          "2021": 189,
          "2022": 139,
          "2023": 86,
          "2024": 22,
          "2025": 2879
        },
        "top_violation": {
          "description": "Estacionar o veículo em locais e horários proibidos especificamente pela sinalização (placa — Proibido Estacionar).",
          "percentage": 47.98
        }
      }
    },
    {
      "type": "Feature",
      "geometry": {
        "type": "GeometryCollection",
        "geometries": [
          {
            "type": "MultiLineString",
            "coordinates": [
              [
                [
                  -34.916399524,
                  -7.982674348
                ],
                [
                  -34.915106754,
                  -7.982063275
                ],
                [
                  -34.914942471,
                  -7.981801547
                ]
              ]
            ]
          }
        ]
      },
      "properties": {
        "street_code": 46620,
        "street_name": "Rua Benfica",
        "total_violations": 7591,
        "extension_km": 0.19,
        "violations_per_km": 38994.77,
        "by_year": {
          "2007": 538,
          "2008": 416,
          "2009": 306,
          "2010": 227,
          "2011": 263,
          "2012": 575,
          "2013": 369,
          "2014": 176,
          "2015": 141,
          "2016": 179,
          "2017": 900,
          "2018": 1563,
          "2019": 775,
          "2020": 357,
          "2021": 379,
          "2022": 129,
          "2023": 154,
          "2024": 128,
          "2025": 16
        },
        "top_violation": {
          "description": "Estacionar o veículo em locais e horários proibidos especificamente pela sinalização (placa — Proibido Estacionar).",
          "percentage": 13.7
        }
      }
    },
    {
      "type": "Feature",
      "geometry": {
        "type": "GeometryCollection",
        "geometries": [
          {
            "type": "MultiLineString",
            "coordinates": [
              [
                [
                  -34.88991734,
                  -8.090402583
                ],
                [
                  -34.890015286,
                  -8.090149259
                ]
              ]
            ]
          }
        ]
      },
      "properties": {
        "street_code": 94340,
        "street_name": "Travessa São Miguel",
        "total_violations": 7516,
        "extension_km": 0.03,
        "violations_per_km": 249860.05,
        "by_year": {
          "2007": 240,
          "2008": 204,
          "2009": 190,
          "2010": 268,
          "2011": 218,
          "2012": 185,
          "2013": 1062,
          "2014": 481,
          "2015": 433,
          "2016": 483,
          "2017": 981,
          "2018": 393,
          "2019": 410,
          "2020": 881,
          "2021": 573,
          "2022": 199,
          "2023": 161,
          "2024": 125,
          "2025": 29
        },
        "top_violation": {
          "description": "Estacionar o veículo no passeio.",
          "percentage": 17.63
        }
      }
    },
    {
      "type": "Feature",
      "geometry": {
        "type": "GeometryCollection",
        "geometries": [
          {
            "type": "MultiLineString",
            "coordinates": [
              [
                [
                  -34.877069991,
                  -8.062135953
                ],
                [
                  -34.876511279,
                  -8.0620893
                ]
              ]
            ]
          }
        ]
      },
      "properties": {
        "street_code": 75566,
        "street_name": "Rua Doutor Moacir Baracho",
        "total_violations": 7460,
        "extension_km": 0.06,
        "violations_per_km": 120695.07,
        "by_year": {
          "2007": 17,
          "2009": 605,
          "2010": 691,
          "2011": 701,
          "2012": 894,
          "2013": 638,
          "2014": 917,
          "2015": 972,
          "2016": 313,
          "2017": 405,
          "2018": 247,
          "2019": 261,
          "2020": 164,
          "2021": 120,
          "2022": 161,
          "2023": 202,
          "2024": 113,
          "2025": 39
        },
        "top_violation": {
          "description": "Estacionar o veículo em locais e horários proibidos especificamente pela sinalização (placa — Proibido Estacionar).",
          "percentage": 58.04
        }
      }
    },
    {
      "type": "Feature",
      "geometry": {
        "type": "GeometryCollection",
        "geometries": [
          {
            "type": "MultiLineString",
            "coordinates": [
              [
                [
                  -34.925379581,
                  -8.028297107
                ],
                [
                  -34.910461175,
                  -8.03307574
                ]
              ]
            ]
          }
        ]
      },
      "properties": {
        "street_code": 21385,
        "street_name": "Estrada do Encanamento",
        "total_violations": 7430,
        "extension_km": 1.73,
        "violations_per_km": 4300.27,
        "by_year": {
          "2007": 241,
          "2008": 156,
          "2009": 91,
          "2010": 112,
          "2011": 75,
          "2012": 637,
          "2013": 259,
          "2014": 423,
          "2015": 551,
          "2016": 766,
          "2017": 1417,
          "2018": 257,
          "2019": 514,
          "2020": 692,
          "2021": 586,
          "2022": 190,
          "2023": 186,
          "2024": 237,
          "2025": 40
        },
        "top_violation": {
          "description": "Dirigir o veículo segurando ou manuseando telefone celular.",
          "percentage": 19.45
        }
      }
    },
    {
      "type": "Feature",
      "geometry": {
        "type": "GeometryCollection",
        "geometries": [
          {
            "type": "MultiLineString",
            "coordinates": [
              [
                [
                  -34.906479428,
                  -8.049331117
                ],
                [
                  -34.907143644,
                  -8.058121176
                ]
              ]
            ]
          }
        ]
      },
      "properties": {
        "street_code": 1880,
        "street_name": "Avenida Visconde de Albuquerque",
        "total_violations": 7388,
        "extension_km": 0.98,
        "violations_per_km": 7576.89,
        "by_year": {
          "2007": 106,
          "2008": 538,
          "2009": 304,
          "2010": 111,
          "2011": 225,
          "2012": 273,
          "2013": 166,
          "2014": 168,
          "2015": 216,
          "2016": 286,
          "2017": 480,
          "2018": 898,
          "2019": 721,
          "2020": 1079,
          "2021": 1147,
          "2022": 384,
          "2023": 158,
          "2024": 90,
          "2025": 38
        },
        "top_violation": {
          "description": "Estacionar o veículo no passeio.",
          "percentage": 27.41
        }
      }
    },
    {
      "type": "Feature",
      "geometry": {
        "type": "GeometryCollection",
        "geometries": [
          {
            "type": "MultiLineString",
            "coordinates": [
              [
                [
                  -34.896662677,
                  -8.050344968
                ],
                [
                  -34.895173895,
                  -8.051385835
                ]
              ]
            ]
          }
        ]
      },
      "properties": {
        "street_code": 9784,
        "street_name": "Rua Dr Bandeira Filho",
        "total_violations": 7362,
        "extension_km": 0.2,
        "violations_per_km": 36706.19,
        "by_year": {
          "2007": 671,
          "2008": 701,
          "2009": 711,
          "2010": 421,
          "2011": 527,
          "2012": 567,
          "2013": 642,
          "2014": 1068,
          "2015": 448,
          "2016": 107,
          "2017": 325,
          "2018": 211,
          "2019": 288,
          "2020": 433,
          "2021": 119,
          "2022": 35,
          "2023": 51,
          "2024": 26,
          "2025": 11
        },
        "top_violation": {
          "description": "Avançar o sinal vermelho do semáforo - fiscalização eletrônica.",
          "percentage": 33.33
        }
      }
    },
    {
      "type": "Feature",
      "geometry": {
        "type": "GeometryCollection",
        "geometries": [
          {
            "type": "MultiLineString",
            "coordinates": [
              [
                [
                  -34.87641992,
                  -8.064121646
                ],
                [
                  -34.874433027,
                  -8.063769527
                ]
              ]
            ]
          }
        ]
      },
      "properties": {
        "street_code": 67512,
        "street_name": "Ponte Conde Maurício de Nassau",
        "total_violations": 7355,
        "extension_km": 0.22,
        "violations_per_km": 33060.2,
        "by_year": {
          "2007": 1511,
          "2008": 1301,
          "2009": 2073,
          "2010": 1074,
          "2011": 521,
          "2012": 3,
          "2013": 11,
          "2014": 53,
          "2015": 23,
          "2016": 124,
          "2017": 158,
          "2018": 105,
          "2019": 179,
          "2020": 66,
          "2021": 58,
          "2022": 23,
          "2023": 32,
          "2024": 31,
          "2025": 9
        },
        "top_violation": {
          "description": "Transitar em velocidade superior à máxima permitida para o local, medida por instrumento ou equipamento hábil — quando a velocidade for superior à máxima em até 20% (vinte por cento).",
          "percentage": 76.06
        }
      }
    },
    {
      "type": "Feature",
      "geometry": {
        "type": "GeometryCollection",
        "geometries": [
          {
            "type": "MultiLineString",
            "coordinates": [
              [
                [
                  -34.897086863,
                  -8.063764766
                ],
                [
                  -34.894864102,
                  -8.063518882
                ]
              ]
            ]
          }
        ]
      },
      "properties": {
        "street_code": 33359,
        "street_name": "Rua Dr João Asfora",
        "total_violations": 7270,
        "extension_km": 0.25,
        "violations_per_km": 29487.35,
        "by_year": {
          "2007": 20,
          "2008": 31,
          "2009": 21,
          "2010": 45,
          "2011": 32,
          "2012": 3,
          "2013": 32,
          "2014": 74,
          "2015": 85,
          "2016": 272,
          "2017": 1249,
          "2018": 833,
          "2019": 1178,
          "2020": 1051,
          "2021": 851,
          "2022": 552,
          "2023": 550,
          "2024": 311,
          "2025": 80
        },
        "top_violation": {
          "description": "Estacionar o veículo em locais e horários proibidos especificamente pela sinalização (placa — Proibido Estacionar).",
          "percentage": 76.53
        }
      }
    },
    {
      "type": "Feature",
      "geometry": {
        "type": "GeometryCollection",
        "geometries": [
          {
            "type": "MultiLineString",
            "coordinates": [
              [
                [
                  -34.890062031,
                  -8.04500811
                ],
                [
                  -34.890329762,
                  -8.044442699
                ],
                [
                  -34.892490853,
                  -8.042374945
                ],
                [
                  -34.894456262,
                  -8.041008179
                ]
              ],
              [
                [
                  -34.894845869,
                  -8.040020392
                ],
                [
                  -34.894874353,
                  -8.04065266
                ],
                [
                  -34.894456262,
                  -8.041008179
                ]
              ],
              [
                [
                  -34.894845869,
                  -8.040020392
                ],
                [
                  -34.894456262,
                  -8.041008179
                ]
              ],
              [
                [
                  -34.894002113,
                  -8.037426412
                ],
                [
                  -34.894845869,
                  -8.040020392
                ]
              ]
            ]
          }
        ]
      },
      "properties": {
        "street_code": 52833,
        "street_name": "Rua Quarenta e Oito",
        "total_violations": 7228,
        "extension_km": 1.22,
        "violations_per_km": 5928.94,
        "by_year": {
          "2007": 148,
          "2008": 91,
          "2009": 166,
          "2010": 156,
          "2011": 273,
          "2012": 150,
          "2013": 234,
          "2014": 161,
          "2015": 304,
          "2016": 225,
          "2017": 879,
          "2018": 539,
          "2019": 1065,
          "2020": 2213,
          "2021": 277,
          "2022": 104,
          "2023": 115,
          "2024": 93,
          "2025": 35
        },
        "top_violation": {
          "description": "Dirigir o veículo segurando ou manuseando telefone celular.",
          "percentage": 29.94
        }
      }
    },
    {
      "type": "Feature",
      "geometry": {
        "type": "GeometryCollection",
        "geometries": [
          {
            "type": "MultiLineString",
            "coordinates": [
              [
                [
                  -34.905106487,
                  -8.060807613
                ],
                [
                  -34.908296923,
                  -8.057983394
                ]
              ]
            ]
          }
        ]
      },
      "properties": {
        "street_code": 35971,
        "street_name": "Avenida José Gonçalves de Medeiros",
        "total_violations": 7206,
        "extension_km": 0.47,
        "violations_per_km": 15314.49,
        "by_year": {
          "2007": 84,
          "2008": 41,
          "2009": 52,
          "2010": 46,
          "2011": 108,
          "2012": 194,
          "2013": 89,
          "2014": 59,
          "2015": 31,
          "2016": 25,
          "2017": 381,
          "2018": 1355,
          "2019": 2375,
          "2020": 2122,
          "2021": 129,
          "2022": 20,
          "2023": 47,
          "2024": 33,
          "2025": 15
        },
        "top_violation": {
          "description": "Avançar o sinal vermelho do semáforo.",
          "percentage": 45.67
        }
      }
    },
    {
      "type": "Feature",
      "geometry": {
        "type": "GeometryCollection",
        "geometries": [
          {
            "type": "MultiLineString",
            "coordinates": [
              [
                [
                  -34.898496689,
                  -8.057479918
                ],
                [
                  -34.899202146,
                  -8.059097264
                ]
              ]
            ]
          }
        ]
      },
      "properties": {
        "street_code": 26816,
        "street_name": "Rua Barão de Goiana",
        "total_violations": 7063,
        "extension_km": 0.2,
        "violations_per_km": 36205.15,
        "by_year": {
          "2007": 22,
          "2008": 4,
          "2009": 3,
          "2010": 7,
          "2011": 6,
          "2012": 1,
          "2013": 12,
          "2014": 59,
          "2015": 8,
          "2016": 8,
          "2017": 167,
          "2018": 285,
          "2019": 770,
          "2020": 1217,
          "2021": 1169,
          "2022": 929,
          "2023": 1092,
          "2024": 1023,
          "2025": 281
        },
        "top_violation": {
          "description": "Estacionar o veículo em desacordo com as condições regulamentadas - estacionamento rotativo.",
          "percentage": 81.58
        }
      }
    },
    {
      "type": "Feature",
      "geometry": {
        "type": "GeometryCollection",
        "geometries": [
          {
            "type": "MultiLineString",
            "coordinates": [
              [
                [
                  -34.956730213,
                  -8.030845054
                ],
                [
                  -34.957972241,
                  -8.030145696
                ]
              ],
              [
                [
                  -34.956625011,
                  -8.030693129
                ],
                [
                  -34.957923564,
                  -8.029978957
                ]
              ],
              [
                [
                  -34.95910037,
                  -8.028724913
                ],
                [
                  -34.958646586,
                  -8.029496716
                ],
                [
                  -34.958035829,
                  -8.029918949
                ]
              ],
              [
                [
                  -34.95910037,
                  -8.028724913
                ],
                [
                  -34.959499886,
                  -8.028028306
                ]
              ],
              [
                [
                  -34.959499886,
                  -8.028028306
                ],
                [
                  -34.95910037,
                  -8.028724913
                ]
              ],
              [
                [
                  -34.959728564,
                  -8.027975601
                ],
                [
                  -34.958794454,
                  -8.029561785
                ],
                [
                  -34.958125952,
                  -8.030058267
                ]
              ],
              [
                [
                  -34.959728564,
                  -8.027975601
                ],
                [
                  -34.960146702,
                  -8.027277525
                ]
              ],
              [
                [
                  -34.95994404,
                  -8.027292656
                ],
                [
                  -34.959499886,
                  -8.028028306
                ]
              ],
              [
                [
                  -34.960841838,
                  -8.025765773
                ],
                [
                  -34.959942927,
                  -8.027291157
                ]
              ],
              [
                [
                  -34.960841838,
                  -8.025765773
                ],
                [
                  -34.961268099,
                  -8.025086304
                ]
              ],
              [
                [
                  -34.961268099,
                  -8.025086304
                ],
                [
                  -34.960841838,
                  -8.025765773
                ]
              ],
              [
                [
                  -34.961481538,
                  -8.025069881
                ],
                [
                  -34.961914007,
                  -8.024391769
                ]
              ],
              [
                [
                  -34.961914007,
                  -8.024391769
                ],
                [
                  -34.959728564,
                  -8.027975601
                ]
              ],
              [
                [
                  -34.961914007,
                  -8.024391769
                ],
                [
                  -34.961914032,
                  -8.024391761
                ]
              ],
              [
                [
                  -34.961914137,
                  -8.024391564
                ],
                [
                  -34.961914032,
                  -8.024391761
                ]
              ],
              [
                [
                  -34.961914137,
                  -8.024391564
                ],
                [
                  -34.961914007,
                  -8.024391769
                ]
              ],
              [
                [
                  -34.962761075,
                  -8.023011234
                ],
                [
                  -34.962572894,
                  -8.023969125
                ],
                [
                  -34.961914032,
                  -8.024391761
                ]
              ],
              [
                [
                  -34.962761075,
                  -8.023011234
                ],
                [
                  -34.961914137,
                  -8.024391564
                ]
              ],
              [
                [
                  -34.963697329,
                  -8.022013674
                ],
                [
                  -34.962821307,
                  -8.022633679
                ],
                [
                  -34.961268099,
                  -8.025086304
                ]
              ],
              [
                [
                  -34.963697329,
                  -8.022013674
                ],
                [
                  -34.964432193,
                  -8.021681639
                ]
              ],
              [
                [
                  -34.964432193,
                  -8.021681639
                ],
                [
                  -34.963697329,
                  -8.022013674
                ]
              ],
              [
                [
                  -34.966514366,
                  -8.020916215
                ],
                [
                  -34.963408142,
                  -8.022327795
                ],
                [
                  -34.962761075,
                  -8.023011234
                ]
              ],
              [
                [
                  -34.966448396,
                  -8.020794948
                ],
                [
                  -34.964432193,
                  -8.021681639
                ]
              ]
            ]
          }
        ]
      },
      "properties": {
        "street_code": 34797,
        "street_name": "Avenida Joaquim Ribeiro",
        "total_violations": 6949,
        "extension_km": 3.83,
        "violations_per_km": 1812.41,
        "by_year": {
          "2007": 5,
          "2008": 11,
          "2009": 17,
          "2010": 28,
          "2011": 13,
          "2012": 17,
          "2013": 21,
          "2014": 14,
          "2015": 56,
          "2016": 20,
          "2017": 86,
          "2018": 330,
          "2019": 479,
          "2020": 1963,
          "2021": 1355,
          "2022": 1515,
          "2023": 694,
          "2024": 282,
          "2025": 43
        },
        "top_violation": {
          "description": "Dirigir o veículo segurando ou manuseando telefone celular.",
          "percentage": 29.75
        }
      }
    },
    {
      "type": "Feature",
      "geometry": {
        "type": "GeometryCollection",
        "geometries": [
          {
            "type": "MultiLineString",
            "coordinates": [
              [
                [
                  -34.90008735,
                  -8.054432366
                ],
                [
                  -34.898758528,
                  -8.055935285
                ]
              ]
            ]
          }
        ]
      },
      "properties": {
        "street_code": 23744,
        "street_name": "Rua Feliciano Gomes",
        "total_violations": 6909,
        "extension_km": 0.22,
        "violations_per_km": 30865.94,
        "by_year": {
          "2007": 4,
          "2008": 7,
          "2009": 1,
          "2010": 32,
          "2011": 40,
          "2012": 9,
          "2013": 7,
          "2014": 12,
          "2015": 14,
          "2016": 29,
          "2017": 122,
          "2018": 61,
          "2019": 339,
          "2020": 1516,
          "2021": 1283,
          "2022": 1014,
          "2023": 1170,
          "2024": 947,
          "2025": 302
        },
        "top_violation": {
          "description": "Estacionar o veículo em desacordo com as condições regulamentadas - estacionamento rotativo.",
          "percentage": 91.45
        }
      }
    },
    {
      "type": "Feature",
      "geometry": {
        "type": "GeometryCollection",
        "geometries": [
          {
            "type": "MultiLineString",
            "coordinates": [
              [
                [
                  -34.903001024,
                  -8.045349094
                ],
                [
                  -34.899508571,
                  -8.044935825
                ],
                [
                  -34.895886117,
                  -8.045713202
                ],
                [
                  -34.894339542,
                  -8.046201517
                ]
              ]
            ]
          }
        ]
      },
      "properties": {
        "street_code": 73237,
        "street_name": "Rua Amélia",
        "total_violations": 6883,
        "extension_km": 0.98,
        "violations_per_km": 7047.55,
        "by_year": {
          "2007": 140,
          "2008": 121,
          "2009": 246,
          "2010": 132,
          "2011": 140,
          "2012": 181,
          "2013": 196,
          "2014": 134,
          "2015": 92,
          "2016": 123,
          "2017": 261,
          "2018": 246,
          "2019": 759,
          "2020": 1782,
          "2021": 228,
          "2022": 820,
          "2023": 253,
          "2024": 241,
          "2025": 788
        },
        "top_violation": {
          "description": "Dirigir o veículo segurando ou manuseando telefone celular.",
          "percentage": 16.8
        }
      }
    },
    {
      "type": "Feature",
      "geometry": {
        "type": "GeometryCollection",
        "geometries": [
          {
            "type": "MultiLineString",
            "coordinates": [
              [
                [
                  -34.880980353,
                  -8.064019024
                ],
                [
                  -34.880903818,
                  -8.063880877
                ]
              ],
              [
                [
                  -34.880980353,
                  -8.064019024
                ],
                [
                  -34.881587657,
                  -8.064766774
                ],
                [
                  -34.881157052,
                  -8.064878816
                ],
                [
                  -34.880980353,
                  -8.064019024
                ]
              ]
            ]
          }
        ]
      },
      "properties": {
        "street_code": 66575,
        "street_name": "Praça Joaquim Nabuco",
        "total_violations": 6866,
        "extension_km": 0.28,
        "violations_per_km": 24862.92,
        "by_year": {
          "2007": 4,
          "2008": 8,
          "2009": 31,
          "2010": 99,
          "2011": 163,
          "2012": 147,
          "2013": 185,
          "2014": 322,
          "2015": 635,
          "2016": 591,
          "2017": 350,
          "2018": 456,
          "2019": 708,
          "2020": 1733,
          "2021": 855,
          "2022": 311,
          "2023": 145,
          "2024": 99,
          "2025": 24
        },
        "top_violation": {
          "description": "Estacionar o veículo em desacordo com as condições regulamentadas - estacionamento rotativo.",
          "percentage": 53.9
        }
      }
    },
    {
      "type": "Feature",
      "geometry": {
        "type": "GeometryCollection",
        "geometries": [
          {
            "type": "MultiLineString",
            "coordinates": [
              [
                [
                  -34.890062695,
                  -8.060367448
                ],
                [
                  -34.890154522,
                  -8.059926153
                ],
                [
                  -34.889864391,
                  -8.058458091
                ],
                [
                  -34.889894365,
                  -8.05624188
                ]
              ]
            ]
          }
        ]
      },
      "properties": {
        "street_code": 56073,
        "street_name": "Rua da Soledade",
        "total_violations": 6857,
        "extension_km": 0.47,
        "violations_per_km": 14702.92,
        "by_year": {
          "2007": 101,
          "2008": 430,
          "2009": 359,
          "2010": 483,
          "2011": 443,
          "2012": 827,
          "2013": 411,
          "2014": 150,
          "2015": 237,
          "2016": 199,
          "2017": 197,
          "2018": 194,
          "2019": 810,
          "2020": 859,
          "2021": 496,
          "2022": 440,
          "2023": 90,
          "2024": 90,
          "2025": 41
        },
        "top_violation": {
          "description": "Estacionar o veículo em locais e horários proibidos especificamente pela sinalização (placa — Proibido Estacionar).",
          "percentage": 19.61
        }
      }
    },
    {
      "type": "Feature",
      "geometry": {
        "type": "GeometryCollection",
        "geometries": [
          {
            "type": "MultiLineString",
            "coordinates": [
              [
                [
                  -34.896935974,
                  -8.065177778
                ],
                [
                  -34.893910536,
                  -8.065265375
                ]
              ]
            ]
          }
        ]
      },
      "properties": {
        "street_code": 36005,
        "street_name": "Rua Senador José Henrique",
        "total_violations": 6857,
        "extension_km": 0.33,
        "violations_per_km": 20541.41,
        "by_year": {
          "2008": 2,
          "2009": 1,
          "2010": 5,
          "2011": 26,
          "2012": 6,
          "2013": 42,
          "2014": 55,
          "2015": 64,
          "2016": 51,
          "2017": 62,
          "2018": 88,
          "2019": 331,
          "2020": 2177,
          "2021": 1639,
          "2022": 1000,
          "2023": 686,
          "2024": 490,
          "2025": 132
        },
        "top_violation": {
          "description": "Estacionar o veículo em desacordo com as condições regulamentadas - estacionamento rotativo.",
          "percentage": 83.55
        }
      }
    },
    {
      "type": "Feature",
      "geometry": {
        "type": "GeometryCollection",
        "geometries": [
          {
            "type": "MultiLineString",
            "coordinates": [
              [
                [
                  -34.907055109,
                  -8.084921361
                ],
                [
                  -34.906605262,
                  -8.085020277
                ]
              ]
            ]
          }
        ]
      },
      "properties": {
        "street_code": 45870,
        "street_name": "Travessa Mascarenhas de Moraes",
        "total_violations": 6786,
        "extension_km": 0.05,
        "violations_per_km": 131770.06,
        "by_year": {
          "2007": 1114,
          "2008": 1426,
          "2009": 1580,
          "2010": 731,
          "2011": 868,
          "2012": 601,
          "2013": 173,
          "2014": 132,
          "2015": 82,
          "2016": 22,
          "2017": 25,
          "2018": 22,
          "2019": 1,
          "2020": 1,
          "2021": 2,
          "2022": 2,
          "2024": 1,
          "2025": 3
        },
        "top_violation": {
          "description": "Dirigir o veículo utilizando-se de fones nos ouvidos conectados a aparelhagem sonora ou de telefone celular.",
          "percentage": 37.22
        }
      }
    },
    {
      "type": "Feature",
      "geometry": {
        "type": "GeometryCollection",
        "geometries": [
          {
            "type": "MultiLineString",
            "coordinates": [
              [
                [
                  -34.957924345,
                  -8.109509591
                ],
                [
                  -34.957604579,
                  -8.109482339
                ],
                [
                  -34.956556167,
                  -8.108407475
                ]
              ]
            ]
          }
        ]
      },
      "properties": {
        "street_code": 101508,
        "street_name": "Rua da Paz",
        "total_violations": 6741,
        "extension_km": 0.2,
        "violations_per_km": 32939.39,
        "by_year": {
          "2007": 136,
          "2008": 143,
          "2009": 135,
          "2010": 244,
          "2011": 298,
          "2012": 177,
          "2013": 343,
          "2014": 326,
          "2015": 329,
          "2016": 376,
          "2017": 919,
          "2018": 790,
          "2019": 708,
          "2020": 923,
          "2021": 593,
          "2022": 103,
          "2023": 81,
          "2024": 90,
          "2025": 27
        },
        "top_violation": {
          "description": "Estacionar o veículo no passeio.",
          "percentage": 39.56
        }
      }
    },
    {
      "type": "Feature",
      "geometry": {
        "type": "GeometryCollection",
        "geometries": [
          {
            "type": "MultiLineString",
            "coordinates": [
              [
                [
                  -34.889894365,
                  -8.05624188
                ],
                [
                  -34.890183995,
                  -8.056171761
                ],
                [
                  -34.892584285,
                  -8.052303001
                ],
                [
                  -34.894071928,
                  -8.051833114
                ],
                [
                  -34.895437981,
                  -8.052442232
                ]
              ],
              [
                [
                  -34.893909502,
                  -8.051670686
                ],
                [
                  -34.894721467,
                  -8.051850616
                ]
              ]
            ]
          }
        ]
      },
      "properties": {
        "street_code": 33758,
        "street_name": "Rua João Fernandes Vieira",
        "total_violations": 6694,
        "extension_km": 0.98,
        "violations_per_km": 6853.93,
        "by_year": {
          "2007": 90,
          "2008": 94,
          "2009": 133,
          "2010": 235,
          "2011": 273,
          "2012": 369,
          "2013": 284,
          "2014": 261,
          "2015": 171,
          "2016": 270,
          "2017": 469,
          "2018": 299,
          "2019": 496,
          "2020": 349,
          "2021": 226,
          "2022": 600,
          "2023": 1188,
          "2024": 605,
          "2025": 282
        },
        "top_violation": {
          "description": "Estacionar o veículo em locais e horários proibidos especificamente pela sinalização (placa — Proibido Estacionar).",
          "percentage": 30.61
        }
      }
    },
    {
      "type": "Feature",
      "geometry": {
        "type": "GeometryCollection",
        "geometries": [
          {
            "type": "MultiLineString",
            "coordinates": [
              [
                [
                  -34.871438852,
                  -8.060642707
                ],
                [
                  -34.871653035,
                  -8.06129077
                ],
                [
                  -34.872514295,
                  -8.062763172
                ]
              ]
            ]
          }
        ]
      },
      "properties": {
        "street_code": 28215,
        "street_name": "Rua da Guia",
        "total_violations": 6658,
        "extension_km": 0.26,
        "violations_per_km": 25197.48,
        "by_year": {
          "2007": 315,
          "2008": 374,
          "2009": 147,
          "2010": 124,
          "2011": 361,
          "2012": 664,
          "2013": 453,
          "2014": 595,
          "2015": 671,
          "2016": 464,
          "2017": 473,
          "2018": 415,
          "2019": 500,
          "2020": 396,
          "2021": 211,
          "2022": 128,
          "2023": 184,
          "2024": 157,
          "2025": 26
        },
        "top_violation": {
          "description": "Estacionar o veículo em desacordo com as condições regulamentadas - estacionamento rotativo.",
          "percentage": 37.47
        }
      }
    },
    {
      "type": "Feature",
      "geometry": {
        "type": "GeometryCollection",
        "geometries": [
          {
            "type": "MultiLineString",
            "coordinates": [
              [
                [
                  -34.889583225,
                  -8.066395996
                ],
                [
                  -34.891313947,
                  -8.069292519
                ]
              ],
              [
                [
                  -34.889480622,
                  -8.066328169
                ],
                [
                  -34.889583225,
                  -8.066395996
                ]
              ],
              [
                [
                  -34.889539359,
                  -8.06522873
                ],
                [
                  -34.889465978,
                  -8.066176373
                ],
                [
                  -34.889583225,
                  -8.066395996
                ]
              ]
            ]
          }
        ]
      },
      "properties": {
        "street_code": 17043,
        "street_name": "Rua dos Coelhos",
        "total_violations": 6653,
        "extension_km": 0.53,
        "violations_per_km": 12644.76,
        "by_year": {
          "2007": 156,
          "2008": 113,
          "2009": 198,
          "2010": 134,
          "2011": 134,
          "2012": 77,
          "2013": 115,
          "2014": 181,
          "2015": 296,
          "2016": 209,
          "2017": 263,
          "2018": 1280,
          "2019": 822,
          "2020": 1051,
          "2021": 733,
          "2022": 354,
          "2023": 326,
          "2024": 155,
          "2025": 56
        },
        "top_violation": {
          "description": "Estacionar o veículo em locais e horários proibidos especificamente pela sinalização (placa — Proibido Estacionar).",
          "percentage": 24.14
        }
      }
    },
    {
      "type": "Feature",
      "geometry": {
        "type": "GeometryCollection",
        "geometries": [
          {
            "type": "MultiLineString",
            "coordinates": [
              [
                [
                  -34.90932718,
                  -8.122080712
                ],
                [
                  -34.905880149,
                  -8.122033351
                ]
              ],
              [
                [
                  -34.905234329,
                  -8.122050972
                ],
                [
                  -34.905880148,
                  -8.122033386
                ]
              ],
              [
                [
                  -34.905234774,
                  -8.122020302
                ],
                [
                  -34.904603606,
                  -8.122048774
                ],
                [
                  -34.904384567,
                  -8.121916041
                ],
                [
                  -34.904308982,
                  -8.122074627
                ],
                [
                  -34.901488202,
                  -8.122343689
                ]
              ]
            ]
          }
        ]
      },
      "properties": {
        "street_code": 35092,
        "street_name": "Rua Jorge Couceiro da Costa Eiras",
        "total_violations": 6577,
        "extension_km": 0.91,
        "violations_per_km": 7226.59,
        "by_year": {
          "2008": 1,
          "2009": 141,
          "2010": 195,
          "2011": 134,
          "2012": 140,
          "2013": 196,
          "2014": 267,
          "2015": 371,
          "2016": 290,
          "2017": 435,
          "2018": 463,
          "2019": 840,
          "2020": 769,
          "2021": 809,
          "2022": 845,
          "2023": 425,
          "2024": 177,
          "2025": 79
        },
        "top_violation": {
          "description": "Estacionar o veículo no passeio.",
          "percentage": 86.59
        }
      }
    },
    {
      "type": "Feature",
      "geometry": {
        "type": "GeometryCollection",
        "geometries": [
          {
            "type": "MultiLineString",
            "coordinates": [
              [
                [
                  -34.920686494,
                  -8.025350845
                ],
                [
                  -34.920342125,
                  -8.025395215
                ],
                [
                  -34.918911163,
                  -8.026459685
                ]
              ]
            ]
          }
        ]
      },
      "properties": {
        "street_code": 15423,
        "street_name": "Rua Casa Amarela",
        "total_violations": 6560,
        "extension_km": 0.24,
        "violations_per_km": 27508.91,
        "by_year": {
          "2007": 35,
          "2008": 8,
          "2009": 10,
          "2010": 17,
          "2011": 27,
          "2012": 32,
          "2013": 106,
          "2014": 35,
          "2015": 61,
          "2016": 51,
          "2017": 396,
          "2018": 1868,
          "2019": 863,
          "2020": 1566,
          "2021": 714,
          "2022": 117,
          "2023": 545,
          "2024": 98,
          "2025": 11
        },
        "top_violation": {
          "description": "Estacionar o veículo em desacordo com as condições regulamentadas - estacionamento rotativo.",
          "percentage": 66.55
        }
      }
    },
    {
      "type": "Feature",
      "geometry": {
        "type": "GeometryCollection",
        "geometries": [
          {
            "type": "MultiLineString",
            "coordinates": [
              [
                [
                  -34.884465832,
                  -8.069510451
                ],
                [
                  -34.883348089,
                  -8.070224405
                ]
              ]
            ]
          }
        ]
      },
      "properties": {
        "street_code": 38032,
        "street_name": "Rua Lambari",
        "total_violations": 6560,
        "extension_km": 0.15,
        "violations_per_km": 44822.95,
        "by_year": {
          "2007": 133,
          "2008": 99,
          "2009": 56,
          "2010": 91,
          "2011": 104,
          "2012": 115,
          "2013": 95,
          "2014": 51,
          "2015": 146,
          "2016": 216,
          "2017": 276,
          "2018": 374,
          "2019": 803,
          "2020": 950,
          "2021": 828,
          "2022": 770,
          "2023": 657,
          "2024": 611,
          "2025": 185
        },
        "top_violation": {
          "description": "Estacionar o veículo em desacordo com as condições regulamentadas - estacionamento rotativo.",
          "percentage": 82.74
        }
      }
    },
    {
      "type": "Feature",
      "geometry": {
        "type": "GeometryCollection",
        "geometries": [
          {
            "type": "MultiLineString",
            "coordinates": [
              [
                [
                  -34.876928029,
                  -8.067197295
                ],
                [
                  -34.876069957,
                  -8.067411388
                ]
              ]
            ]
          }
        ]
      },
      "properties": {
        "street_code": 14826,
        "street_name": "Rua da Carioca",
        "total_violations": 6387,
        "extension_km": 0.1,
        "violations_per_km": 65499.32,
        "by_year": {
          "2007": 237,
          "2008": 162,
          "2009": 143,
          "2010": 123,
          "2011": 133,
          "2012": 195,
          "2013": 141,
          "2014": 137,
          "2015": 336,
          "2016": 319,
          "2017": 404,
          "2018": 535,
          "2019": 726,
          "2020": 675,
          "2021": 493,
          "2022": 487,
          "2023": 561,
          "2024": 389,
          "2025": 191
        },
        "top_violation": {
          "description": "Estacionar o veículo em desacordo com as condições regulamentadas - estacionamento rotativo.",
          "percentage": 80.44
        }
      }
    },
    {
      "type": "Feature",
      "geometry": {
        "type": "GeometryCollection",
        "geometries": [
          {
            "type": "MultiLineString",
            "coordinates": [
              [
                [
                  -34.953916252,
                  -8.106594159
                ],
                [
                  -34.953723471,
                  -8.105535411
                ]
              ]
            ]
          }
        ]
      },
      "properties": {
        "street_code": 110990,
        "street_name": "Rua Cantor Francisco Alves",
        "total_violations": 6353,
        "extension_km": 0.12,
        "violations_per_km": 53327.21,
        "by_year": {
          "2007": 42,
          "2008": 52,
          "2009": 134,
          "2010": 76,
          "2011": 91,
          "2012": 53,
          "2013": 69,
          "2014": 85,
          "2015": 111,
          "2016": 109,
          "2017": 325,
          "2018": 1026,
          "2019": 942,
          "2020": 1219,
          "2021": 1110,
          "2022": 198,
          "2023": 425,
          "2024": 217,
          "2025": 69
        },
        "top_violation": {
          "description": "Estacionar o veículo em desacordo com as condições regulamentadas - estacionamento rotativo.",
          "percentage": 30.4
        }
      }
    },
    {
      "type": "Feature",
      "geometry": {
        "type": "GeometryCollection",
        "geometries": [
          {
            "type": "MultiLineString",
            "coordinates": [
              [
                [
                  -34.912276087,
                  -8.007231639
                ],
                [
                  -34.911400028,
                  -8.00756851
                ]
              ],
              [
                [
                  -34.897511432,
                  -8.002420829
                ],
                [
                  -34.89953768,
                  -8.004139362
                ],
                [
                  -34.900065951,
                  -8.00569235
                ],
                [
                  -34.901938715,
                  -8.006611076
                ],
                [
                  -34.90339762,
                  -8.008066978
                ],
                [
                  -34.903977322,
                  -8.008402547
                ],
                [
                  -34.906013184,
                  -8.008585813
                ],
                [
                  -34.907592226,
                  -8.00818802
                ],
                [
                  -34.909704362,
                  -8.008033502
                ],
                [
                  -34.911261579,
                  -8.007579592
                ]
              ]
            ]
          }
        ]
      },
      "properties": {
        "street_code": 62405,
        "street_name": "Rua Uriel de Holanda",
        "total_violations": 6307,
        "extension_km": 1.93,
        "violations_per_km": 3260.48,
        "by_year": {
          "2007": 20,
          "2008": 26,
          "2009": 32,
          "2010": 113,
          "2011": 59,
          "2012": 63,
          "2013": 353,
          "2014": 276,
          "2015": 135,
          "2016": 104,
          "2017": 192,
          "2018": 848,
          "2019": 1424,
          "2020": 1218,
          "2021": 790,
          "2022": 345,
          "2023": 152,
          "2024": 79,
          "2025": 78
        },
        "top_violation": {
          "description": "Estacionar o veículo em locais e horários proibidos especificamente pela sinalização (placa — Proibido Estacionar).",
          "percentage": 23.56
        }
      }
    },
    {
      "type": "Feature",
      "geometry": {
        "type": "GeometryCollection",
        "geometries": [
          {
            "type": "MultiLineString",
            "coordinates": [
              [
                [
                  -34.88196658,
                  -8.071920792
                ],
                [
                  -34.882335679,
                  -8.072044573
                ]
              ],
              [
                [
                  -34.88196658,
                  -8.071920792
                ],
                [
                  -34.881114636,
                  -8.072472858
                ]
              ],
              [
                [
                  -34.882092813,
                  -8.071653915
                ],
                [
                  -34.88196658,
                  -8.071920792
                ]
              ]
            ]
          }
        ]
      },
      "properties": {
        "street_code": 75540,
        "street_name": "Praça Frei Caneca",
        "total_violations": 6230,
        "extension_km": 0.19,
        "violations_per_km": 32901.74,
        "by_year": {
          "2007": 109,
          "2008": 83,
          "2009": 112,
          "2010": 165,
          "2011": 205,
          "2012": 416,
          "2013": 507,
          "2014": 792,
          "2015": 1035,
          "2016": 618,
          "2017": 357,
          "2018": 388,
          "2019": 419,
          "2020": 189,
          "2021": 177,
          "2022": 187,
          "2023": 239,
          "2024": 165,
          "2025": 67
        },
        "top_violation": {
          "description": "Estacionar o veículo em desacordo com as condições regulamentadas - vaga de carga/descarga.",
          "percentage": 27.95
        }
      }
    },
    {
      "type": "Feature",
      "geometry": {
        "type": "GeometryCollection",
        "geometries": [
          {
            "type": "MultiLineString",
            "coordinates": [
              [
                [
                  -34.936195484,
                  -8.020680268
                ],
                [
                  -34.938589922,
                  -8.020868419
                ],
                [
                  -34.940586262,
                  -8.019814141
                ],
                [
                  -34.940964788,
                  -8.019085302
                ],
                [
                  -34.940743215,
                  -8.017859249
                ],
                [
                  -34.940800708,
                  -8.017316868
                ],
                [
                  -34.941127929,
                  -8.016690283
                ],
                [
                  -34.941670664,
                  -8.016288234
                ],
                [
                  -34.94439258,
                  -8.015132902
                ],
                [
                  -34.944984976,
                  -8.01615327
                ]
              ]
            ]
          }
        ]
      },
      "properties": {
        "street_code": 20001,
        "street_name": "Rua Dois Irmãos",
        "total_violations": 6159,
        "extension_km": 1.42,
        "violations_per_km": 4325.58,
        "by_year": {
          "2007": 90,
          "2008": 94,
          "2009": 101,
          "2010": 84,
          "2011": 129,
          "2012": 110,
          "2013": 132,
          "2014": 290,
          "2015": 211,
          "2016": 269,
          "2017": 280,
          "2018": 487,
          "2019": 762,
          "2020": 669,
          "2021": 1303,
          "2022": 896,
          "2023": 105,
          "2024": 121,
          "2025": 26
        },
        "top_violation": {
          "description": "Dirigir o veículo segurando ou manuseando telefone celular.",
          "percentage": 14.6
        }
      }
    },
    {
      "type": "Feature",
      "geometry": {
        "type": "GeometryCollection",
        "geometries": [
          {
            "type": "MultiLineString",
            "coordinates": [
              [
                [
                  -34.925832284,
                  -8.047916928
                ],
                [
                  -34.930048793,
                  -8.055499447
                ],
                [
                  -34.930117752,
                  -8.056257611
                ],
                [
                  -34.931807824,
                  -8.059416101
                ],
                [
                  -34.932337586,
                  -8.062562999
                ]
              ]
            ]
          }
        ]
      },
      "properties": {
        "street_code": 24988,
        "street_name": "Estrada do Forte do Arraial Novo do Bom Jesus",
        "total_violations": 6094,
        "extension_km": 1.79,
        "violations_per_km": 3396.57,
        "by_year": {
          "2007": 992,
          "2008": 157,
          "2009": 63,
          "2010": 327,
          "2011": 206,
          "2012": 89,
          "2013": 220,
          "2014": 250,
          "2015": 232,
          "2016": 233,
          "2017": 248,
          "2018": 373,
          "2019": 529,
          "2020": 681,
          "2021": 743,
          "2022": 479,
          "2023": 97,
          "2024": 116,
          "2025": 59
        },
        "top_violation": {
          "description": "Estacionar o veículo no passeio.",
          "percentage": 18.03
        }
      }
    },
    {
      "type": "Feature",
      "geometry": {
        "type": "GeometryCollection",
        "geometries": [
          {
            "type": "MultiLineString",
            "coordinates": [
              [
                [
                  -34.897053277,
                  -8.12026441
                ],
                [
                  -34.900951894,
                  -8.118502642
                ]
              ]
            ]
          }
        ]
      },
      "properties": {
        "street_code": 18996,
        "street_name": "Rua Dhália",
        "total_violations": 6075,
        "extension_km": 0.47,
        "violations_per_km": 12868.7,
        "by_year": {
          "2007": 3,
          "2008": 1,
          "2009": 5,
          "2010": 3,
          "2011": 3,
          "2012": 23,
          "2013": 212,
          "2014": 142,
          "2015": 153,
          "2016": 133,
          "2017": 569,
          "2018": 740,
          "2019": 839,
          "2020": 380,
          "2021": 970,
          "2022": 799,
          "2023": 914,
          "2024": 150,
          "2025": 36
        },
        "top_violation": {
          "description": "Estacionar o veículo em locais e horários proibidos especificamente pela sinalização (placa — Proibido Estacionar).",
          "percentage": 88.21
        }
      }
    },
    {
      "type": "Feature",
      "geometry": {
        "type": "GeometryCollection",
        "geometries": [
          {
            "type": "MultiLineString",
            "coordinates": [
              [
                [
                  -34.880526125,
                  -8.039926068
                ],
                [
                  -34.88050183,
                  -8.039526571
                ],
                [
                  -34.880699715,
                  -8.039490963
                ]
              ]
            ]
          }
        ]
      },
      "properties": {
        "street_code": 76007,
        "street_name": "Rua Dois Rios",
        "total_violations": 6069,
        "extension_km": 0.07,
        "violations_per_km": 91283.49,
        "by_year": {
          "2007": 40,
          "2008": 49,
          "2009": 72,
          "2010": 112,
          "2011": 212,
          "2012": 280,
          "2013": 416,
          "2014": 369,
          "2015": 255,
          "2016": 106,
          "2017": 256,
          "2018": 226,
          "2019": 297,
          "2020": 635,
          "2021": 532,
          "2022": 388,
          "2023": 328,
          "2024": 320,
          "2025": 1176
        },
        "top_violation": {
          "description": "Estacionar o veículo em locais e horários proibidos especificamente pela sinalização (placa — Proibido Estacionar).",
          "percentage": 39.81
        }
      }
    },
    {
      "type": "Feature",
      "geometry": {
        "type": "GeometryCollection",
        "geometries": [
          {
            "type": "MultiLineString",
            "coordinates": [
              [
                [
                  -34.88056714,
                  -8.066106794
                ],
                [
                  -34.880771824,
                  -8.067246907
                ],
                [
                  -34.881191341,
                  -8.067890157
                ],
                [
                  -34.88083882,
                  -8.068266858
                ]
              ]
            ]
          }
        ]
      },
      "properties": {
        "street_code": 64874,
        "street_name": "Rua Vinte e Quatro de Maio",
        "total_violations": 5991,
        "extension_km": 0.27,
        "violations_per_km": 21975.63,
        "by_year": {
          "2007": 207,
          "2008": 156,
          "2009": 220,
          "2010": 277,
          "2011": 214,
          "2012": 249,
          "2013": 231,
          "2014": 285,
          "2015": 347,
          "2016": 298,
          "2017": 199,
          "2018": 233,
          "2019": 304,
          "2020": 717,
          "2021": 586,
          "2022": 442,
          "2023": 514,
          "2024": 383,
          "2025": 129
        },
        "top_violation": {
          "description": "Estacionar o veículo em desacordo com as condições regulamentadas - estacionamento rotativo.",
          "percentage": 57.4
        }
      }
    },
    {
      "type": "Feature",
      "geometry": {
        "type": "GeometryCollection",
        "geometries": [
          {
            "type": "MultiLineString",
            "coordinates": [
              [
                [
                  -34.898035234,
                  -8.049912565
                ],
                [
                  -34.899523389,
                  -8.052472925
                ]
              ]
            ]
          }
        ]
      },
      "properties": {
        "street_code": 18252,
        "street_name": "Rua das Creoulas",
        "total_violations": 5917,
        "extension_km": 0.33,
        "violations_per_km": 18043.18,
        "by_year": {
          "2007": 17,
          "2008": 176,
          "2009": 125,
          "2010": 151,
          "2011": 588,
          "2012": 562,
          "2013": 229,
          "2014": 225,
          "2015": 95,
          "2016": 279,
          "2017": 838,
          "2018": 379,
          "2019": 342,
          "2020": 531,
          "2021": 430,
          "2022": 553,
          "2023": 290,
          "2024": 102,
          "2025": 5
        },
        "top_violation": {
          "description": "Estacionar o veículo em locais e horários proibidos especificamente pela sinalização (placa — Proibido Estacionar).",
          "percentage": 34.76
        }
      }
    },
    {
      "type": "Feature",
      "geometry": {
        "type": "GeometryCollection",
        "geometries": [
          {
            "type": "MultiLineString",
            "coordinates": [
              [
                [
                  -34.957745202,
                  -8.108810853
                ],
                [
                  -34.958048199,
                  -8.10928457
                ]
              ],
              [
                [
                  -34.95684655,
                  -8.108063696
                ],
                [
                  -34.957745205,
                  -8.108811378
                ]
              ]
            ]
          }
        ]
      },
      "properties": {
        "street_code": 101516,
        "street_name": "Rua da União",
        "total_violations": 5914,
        "extension_km": 0.2,
        "violations_per_km": 29570,
        "by_year": {
          "2007": 111,
          "2008": 132,
          "2009": 138,
          "2010": 353,
          "2011": 360,
          "2012": 176,
          "2013": 168,
          "2014": 235,
          "2015": 410,
          "2016": 380,
          "2017": 547,
          "2018": 1077,
          "2019": 615,
          "2020": 570,
          "2021": 244,
          "2022": 131,
          "2023": 177,
          "2024": 69,
          "2025": 21
        },
        "top_violation": {
          "description": "Estacionar o veículo em desacordo com as condições regulamentadas - estacionamento rotativo.",
          "percentage": 31.96
        }
      }
    },
    {
      "type": "Feature",
      "geometry": {
        "type": "GeometryCollection",
        "geometries": [
          {
            "type": "MultiLineString",
            "coordinates": [
              [
                [
                  -34.909564063,
                  -8.04631369
                ],
                [
                  -34.903958126,
                  -8.045574143
                ]
              ],
              [
                [
                  -34.909563788,
                  -8.046309186
                ],
                [
                  -34.913296603,
                  -8.046735445
                ]
              ]
            ]
          }
        ]
      },
      "properties": {
        "street_code": 30600,
        "street_name": "Rua Conde de Irajá",
        "total_violations": 5910,
        "extension_km": 1.04,
        "violations_per_km": 5694.91,
        "by_year": {
          "2007": 79,
          "2008": 45,
          "2009": 81,
          "2010": 140,
          "2011": 147,
          "2012": 211,
          "2013": 283,
          "2014": 650,
          "2015": 847,
          "2016": 1141,
          "2017": 786,
          "2018": 212,
          "2019": 552,
          "2020": 239,
          "2021": 252,
          "2022": 96,
          "2023": 60,
          "2024": 73,
          "2025": 16
        },
        "top_violation": {
          "description": "Dirigir o veículo utilizando-se de fones nos ouvidos conectados a aparelhagem sonora ou de telefone celular.",
          "percentage": 34.81
        }
      }
    },
    {
      "type": "Feature",
      "geometry": {
        "type": "GeometryCollection",
        "geometries": [
          {
            "type": "MultiLineString",
            "coordinates": [
              [
                [
                  -34.902794225,
                  -8.118192928
                ],
                [
                  -34.901884867,
                  -8.117261626
                ]
              ]
            ]
          }
        ]
      },
      "properties": {
        "street_code": 1945,
        "street_name": "Rua Antônio Lumack do Monte",
        "total_violations": 5860,
        "extension_km": 0.14,
        "violations_per_km": 40516.42,
        "by_year": {
          "2007": 1,
          "2008": 1,
          "2009": 3,
          "2011": 8,
          "2012": 29,
          "2015": 2,
          "2016": 6,
          "2017": 59,
          "2018": 95,
          "2019": 1662,
          "2020": 629,
          "2021": 986,
          "2022": 405,
          "2023": 735,
          "2024": 886,
          "2025": 353
        },
        "top_violation": {
          "description": "Estacionar o veículo em desacordo com as condições regulamentadas - estacionamento rotativo.",
          "percentage": 36.38
        }
      }
    },
    {
      "type": "Feature",
      "geometry": {
        "type": "GeometryCollection",
        "geometries": [
          {
            "type": "MultiLineString",
            "coordinates": [
              [
                [
                  -34.876401094,
                  -8.068608062
                ],
                [
                  -34.877213859,
                  -8.068333848
                ]
              ]
            ]
          }
        ]
      },
      "properties": {
        "street_code": 52159,
        "street_name": "Rua do Porão",
        "total_violations": 5538,
        "extension_km": 0.09,
        "violations_per_km": 58544.17,
        "by_year": {
          "2007": 14,
          "2008": 58,
          "2009": 152,
          "2010": 54,
          "2011": 79,
          "2012": 119,
          "2013": 105,
          "2014": 205,
          "2015": 424,
          "2016": 319,
          "2017": 311,
          "2018": 391,
          "2019": 508,
          "2020": 471,
          "2021": 359,
          "2022": 435,
          "2023": 578,
          "2024": 712,
          "2025": 244
        },
        "top_violation": {
          "description": "Estacionar o veículo em desacordo com as condições regulamentadas - estacionamento rotativo.",
          "percentage": 72.86
        }
      }
    },
    {
      "type": "Feature",
      "geometry": {
        "type": "GeometryCollection",
        "geometries": [
          {
            "type": "MultiLineString",
            "coordinates": [
              [
                [
                  -34.877978459,
                  -8.064042228
                ],
                [
                  -34.877950911,
                  -8.062736067
                ]
              ]
            ]
          }
        ]
      },
      "properties": {
        "street_code": 62014,
        "street_name": "Rua Engenheiro Ubaldo Gomes de Matos",
        "total_violations": 5491,
        "extension_km": 0.15,
        "violations_per_km": 37798.13,
        "by_year": {
          "2007": 205,
          "2008": 208,
          "2009": 252,
          "2010": 204,
          "2011": 216,
          "2012": 218,
          "2013": 162,
          "2014": 152,
          "2015": 324,
          "2016": 318,
          "2017": 227,
          "2018": 299,
          "2019": 436,
          "2020": 439,
          "2021": 434,
          "2022": 371,
          "2023": 486,
          "2024": 416,
          "2025": 124
        },
        "top_violation": {
          "description": "Estacionar o veículo em desacordo com as condições regulamentadas - estacionamento rotativo.",
          "percentage": 64.25
        }
      }
    },
    {
      "type": "Feature",
      "geometry": {
        "type": "GeometryCollection",
        "geometries": [
          {
            "type": "MultiLineString",
            "coordinates": [
              [
                [
                  -34.909029216,
                  -8.065778447
                ],
                [
                  -34.909065835,
                  -8.066525305
                ],
                [
                  -34.909787274,
                  -8.06823462
                ],
                [
                  -34.909849911,
                  -8.068727229
                ],
                [
                  -34.90893194,
                  -8.074512434
                ],
                [
                  -34.909200034,
                  -8.077019653
                ]
              ],
              [
                [
                  -34.908972737,
                  -8.065278893
                ],
                [
                  -34.909029216,
                  -8.065778447
                ]
              ],
              [
                [
                  -34.909143842,
                  -8.065198901
                ],
                [
                  -34.909029216,
                  -8.065778447
                ]
              ]
            ]
          }
        ]
      },
      "properties": {
        "street_code": 17922,
        "street_name": "Rua Cosme Viana",
        "total_violations": 5404,
        "extension_km": 1.39,
        "violations_per_km": 3882.42,
        "by_year": {
          "2007": 241,
          "2008": 245,
          "2009": 265,
          "2010": 399,
          "2011": 453,
          "2012": 192,
          "2013": 375,
          "2014": 441,
          "2015": 257,
          "2016": 263,
          "2017": 312,
          "2018": 271,
          "2019": 396,
          "2020": 492,
          "2021": 262,
          "2022": 119,
          "2023": 135,
          "2024": 195,
          "2025": 91
        },
        "top_violation": {
          "description": "Dirigir o veículo utilizando-se de fones nos ouvidos conectados a aparelhagem sonora ou de telefone celular.",
          "percentage": 17.84
        }
      }
    },
    {
      "type": "Feature",
      "geometry": {
        "type": "GeometryCollection",
        "geometries": [
          {
            "type": "MultiLineString",
            "coordinates": [
              [
                [
                  -34.882635526,
                  -8.069241666
                ],
                [
                  -34.88204693,
                  -8.069624415
                ]
              ]
            ]
          }
        ]
      },
      "properties": {
        "street_code": 10286,
        "street_name": "Rua Dr Bartolomeu Anacleto",
        "total_violations": 5396,
        "extension_km": 0.08,
        "violations_per_km": 69647,
        "by_year": {
          "2007": 3,
          "2008": 5,
          "2010": 5,
          "2011": 5,
          "2012": 6,
          "2013": 11,
          "2014": 15,
          "2015": 78,
          "2016": 548,
          "2017": 394,
          "2018": 217,
          "2019": 29,
          "2020": 814,
          "2021": 724,
          "2022": 549,
          "2023": 906,
          "2024": 783,
          "2025": 304
        },
        "top_violation": {
          "description": "Estacionar o veículo em desacordo com as condições regulamentadas - estacionamento rotativo.",
          "percentage": 88.27
        }
      }
    },
    {
      "type": "Feature",
      "geometry": {
        "type": "GeometryCollection",
        "geometries": [
          {
            "type": "MultiLineString",
            "coordinates": [
              [
                [
                  -34.926513187,
                  -8.072007681
                ],
                [
                  -34.926308901,
                  -8.071982368
                ]
              ]
            ]
          }
        ]
      },
      "properties": {
        "street_code": 121231,
        "street_name": "Largo Vinte e Um de Abril",
        "total_violations": 5361,
        "extension_km": 0.03,
        "violations_per_km": 207436.72,
        "by_year": {
          "2007": 33,
          "2008": 73,
          "2009": 66,
          "2010": 47,
          "2011": 110,
          "2012": 62,
          "2013": 140,
          "2014": 153,
          "2015": 704,
          "2016": 640,
          "2017": 664,
          "2018": 777,
          "2019": 619,
          "2020": 701,
          "2021": 352,
          "2022": 123,
          "2023": 44,
          "2024": 45,
          "2025": 8
        },
        "top_violation": {
          "description": "Estacionar o veículo em locais e horários proibidos especificamente pela sinalização (placa — Proibido Estacionar).",
          "percentage": 43.22
        }
      }
    },
    {
      "type": "Feature",
      "geometry": {
        "type": "GeometryCollection",
        "geometries": [
          {
            "type": "MultiLineString",
            "coordinates": [
              [
                [
                  -34.936360514,
                  -8.094749708
                ],
                [
                  -34.936855677,
                  -8.093998485
                ]
              ]
            ]
          }
        ]
      },
      "properties": {
        "street_code": 48593,
        "street_name": "Rua Palmares",
        "total_violations": 5323,
        "extension_km": 0.1,
        "violations_per_km": 52803.48,
        "by_year": {
          "2007": 130,
          "2008": 244,
          "2009": 128,
          "2010": 295,
          "2011": 240,
          "2012": 464,
          "2013": 479,
          "2014": 309,
          "2015": 243,
          "2016": 181,
          "2017": 420,
          "2018": 418,
          "2019": 622,
          "2020": 248,
          "2021": 173,
          "2022": 159,
          "2023": 258,
          "2024": 263,
          "2025": 49
        },
        "top_violation": {
          "description": "Estacionar o veículo em locais e horários proibidos especificamente pela sinalização (placa — Proibido Estacionar).",
          "percentage": 15.74
        }
      }
    },
    {
      "type": "Feature",
      "geometry": {
        "type": "GeometryCollection",
        "geometries": [
          {
            "type": "MultiLineString",
            "coordinates": [
              [
                [
                  -34.91198976,
                  -8.059027494
                ],
                [
                  -34.913058432,
                  -8.058549041
                ],
                [
                  -34.924262244,
                  -8.05537671
                ],
                [
                  -34.927865998,
                  -8.054139403
                ],
                [
                  -34.928946536,
                  -8.05353145
                ]
              ]
            ]
          }
        ]
      },
      "properties": {
        "street_code": 27022,
        "street_name": "Rua Gomes Taborda",
        "total_violations": 5236,
        "extension_km": 1.97,
        "violations_per_km": 2656.32,
        "by_year": {
          "2007": 96,
          "2008": 63,
          "2009": 69,
          "2010": 137,
          "2011": 104,
          "2012": 434,
          "2013": 213,
          "2014": 142,
          "2015": 95,
          "2016": 88,
          "2017": 400,
          "2018": 706,
          "2019": 856,
          "2020": 735,
          "2021": 620,
          "2022": 249,
          "2023": 90,
          "2024": 92,
          "2025": 47
        },
        "top_violation": {
          "description": "Estacionar o veículo em locais e horários proibidos especificamente pela sinalização (placa — Proibido Estacionar).",
          "percentage": 22.88
        }
      }
    },
    {
      "type": "Feature",
      "geometry": {
        "type": "GeometryCollection",
        "geometries": [
          {
            "type": "MultiLineString",
            "coordinates": [
              [
                [
                  -34.896005347,
                  -8.121968742
                ],
                [
                  -34.901784829,
                  -8.121331143
                ]
              ],
              [
                [
                  -34.901784829,
                  -8.121331143
                ],
                [
                  -34.901961848,
                  -8.121310837
                ]
              ],
              [
                [
                  -34.903841284,
                  -8.12092128
                ],
                [
                  -34.901784829,
                  -8.121331143
                ]
              ],
              [
                [
                  -34.906544608,
                  -8.120868818
                ],
                [
                  -34.90720843,
                  -8.120872747
                ]
              ],
              [
                [
                  -34.905379743,
                  -8.120743647
                ],
                [
                  -34.903841284,
                  -8.12092128
                ]
              ],
              [
                [
                  -34.905379743,
                  -8.120743647
                ],
                [
                  -34.903841284,
                  -8.12092128
                ]
              ],
              [
                [
                  -34.906131117,
                  -8.120648139
                ],
                [
                  -34.905906844,
                  -8.120758502
                ]
              ],
              [
                [
                  -34.906131117,
                  -8.120648139
                ],
                [
                  -34.905379743,
                  -8.120743647
                ]
              ],
              [
                [
                  -34.908532938,
                  -8.120289415
                ],
                [
                  -34.90784731,
                  -8.120513914
                ],
                [
                  -34.906131117,
                  -8.120648139
                ]
              ],
              [
                [
                  -34.908725096,
                  -8.120265531
                ],
                [
                  -34.908532938,
                  -8.120289415
                ]
              ],
              [
                [
                  -34.908644513,
                  -8.120146316
                ],
                [
                  -34.908532938,
                  -8.120289415
                ]
              ]
            ]
          }
        ]
      },
      "properties": {
        "street_code": 12629,
        "street_name": "Rua Bruno Veloso",
        "total_violations": 5218,
        "extension_km": 1.75,
        "violations_per_km": 2989.66,
        "by_year": {
          "2007": 1317,
          "2008": 1314,
          "2009": 579,
          "2010": 395,
          "2011": 207,
          "2012": 152,
          "2013": 62,
          "2014": 82,
          "2015": 177,
          "2016": 52,
          "2017": 85,
          "2018": 81,
          "2019": 84,
          "2020": 64,
          "2021": 173,
          "2022": 83,
          "2023": 94,
          "2024": 160,
          "2025": 57
        },
        "top_violation": {
          "description": "Dirigir o veículo utilizando-se de fones nos ouvidos conectados a aparelhagem sonora ou de telefone celular.",
          "percentage": 28.56
        }
      }
    },
    {
      "type": "Feature",
      "geometry": {
        "type": "GeometryCollection",
        "geometries": [
          {
            "type": "MultiLineString",
            "coordinates": [
              [
                [
                  -34.894662373,
                  -8.066177814
                ],
                [
                  -34.89522785,
                  -8.064236428
                ]
              ]
            ]
          }
        ]
      },
      "properties": {
        "street_code": 21245,
        "street_name": "Rua Elvira Carreira de Oliveira",
        "total_violations": 5165,
        "extension_km": 0.23,
        "violations_per_km": 22852.31,
        "by_year": {
          "2009": 1,
          "2011": 5,
          "2012": 3,
          "2013": 9,
          "2014": 1,
          "2015": 4,
          "2016": 3,
          "2017": 180,
          "2018": 60,
          "2019": 186,
          "2020": 1341,
          "2021": 1354,
          "2022": 859,
          "2023": 673,
          "2024": 383,
          "2025": 103
        },
        "top_violation": {
          "description": "Estacionar o veículo em desacordo com as condições regulamentadas - estacionamento rotativo.",
          "percentage": 84.12
        }
      }
    },
    {
      "type": "Feature",
      "geometry": {
        "type": "GeometryCollection",
        "geometries": [
          {
            "type": "MultiLineString",
            "coordinates": [
              [
                [
                  -34.8798742,
                  -8.059617001
                ],
                [
                  -34.882747049,
                  -8.057783484
                ],
                [
                  -34.883010198,
                  -8.057762346
                ]
              ]
            ]
          }
        ]
      },
      "properties": {
        "street_code": 31810,
        "street_name": "Rua Princesa Isabel",
        "total_violations": 5085,
        "extension_km": 0.41,
        "violations_per_km": 12547.38,
        "by_year": {
          "2007": 290,
          "2008": 232,
          "2009": 157,
          "2010": 77,
          "2011": 117,
          "2012": 108,
          "2013": 100,
          "2014": 119,
          "2015": 160,
          "2016": 690,
          "2017": 406,
          "2018": 217,
          "2019": 612,
          "2020": 665,
          "2021": 317,
          "2022": 281,
          "2023": 255,
          "2024": 208,
          "2025": 74
        },
        "top_violation": {
          "description": "Dirigir o veículo segurando ou manuseando telefone celular.",
          "percentage": 21.81
        }
      }
    },
    {
      "type": "Feature",
      "geometry": {
        "type": "GeometryCollection",
        "geometries": [
          {
            "type": "MultiLineString",
            "coordinates": [
              [
                [
                  -34.928134445,
                  -8.107570219
                ],
                [
                  -34.92764059,
                  -8.107889803
                ],
                [
                  -34.927166642,
                  -8.10794011
                ]
              ],
              [
                [
                  -34.928134445,
                  -8.107570219
                ],
                [
                  -34.928678057,
                  -8.107306557
                ],
                [
                  -34.92933331,
                  -8.107294259
                ],
                [
                  -34.934670011,
                  -8.108766742
                ],
                [
                  -34.935253745,
                  -8.109116758
                ],
                [
                  -34.934514933,
                  -8.108637501
                ],
                [
                  -34.929295574,
                  -8.107213975
                ],
                [
                  -34.92803024,
                  -8.107082056
                ]
              ],
              [
                [
                  -34.92803024,
                  -8.107082056
                ],
                [
                  -34.928212619,
                  -8.1073116
                ],
                [
                  -34.928134445,
                  -8.107570219
                ]
              ],
              [
                [
                  -34.92803024,
                  -8.107082056
                ],
                [
                  -34.927193454,
                  -8.106966633
                ]
              ]
            ]
          }
        ]
      },
      "properties": {
        "street_code": 96105,
        "street_name": "Avenida Dom Helder Câmara",
        "total_violations": 4995,
        "extension_km": 1.94,
        "violations_per_km": 2578.66,
        "by_year": {
          "2007": 35,
          "2008": 35,
          "2009": 10,
          "2010": 134,
          "2011": 158,
          "2012": 109,
          "2013": 35,
          "2014": 36,
          "2015": 47,
          "2016": 455,
          "2017": 150,
          "2018": 103,
          "2019": 524,
          "2020": 335,
          "2021": 777,
          "2022": 1167,
          "2023": 720,
          "2024": 139,
          "2025": 26
        },
        "top_violation": {
          "description": "Executar operação de conversão à direita ou à esquerda em locais proibidos pela sinalização.",
          "percentage": 26.55
        }
      }
    },
    {
      "type": "Feature",
      "geometry": {
        "type": "GeometryCollection",
        "geometries": [
          {
            "type": "MultiLineString",
            "coordinates": [
              [
                [
                  -34.908192659,
                  -8.135744351
                ],
                [
                  -34.902782179,
                  -8.133010013
                ]
              ]
            ]
          }
        ]
      },
      "properties": {
        "street_code": 65838,
        "street_name": "Rua Capitão Zuzinha",
        "total_violations": 4980,
        "extension_km": 0.67,
        "violations_per_km": 7436.94,
        "by_year": {
          "2007": 43,
          "2008": 46,
          "2009": 186,
          "2010": 53,
          "2011": 57,
          "2012": 114,
          "2013": 137,
          "2014": 161,
          "2015": 81,
          "2016": 63,
          "2017": 100,
          "2018": 96,
          "2019": 289,
          "2020": 539,
          "2021": 901,
          "2022": 1519,
          "2023": 513,
          "2024": 54,
          "2025": 28
        },
        "top_violation": {
          "description": "Dirigir o veículo segurando ou manuseando telefone celular.",
          "percentage": 27.69
        }
      }
    },
    {
      "type": "Feature",
      "geometry": {
        "type": "GeometryCollection",
        "geometries": [
          {
            "type": "MultiLineString",
            "coordinates": [
              [
                [
                  -34.88996602,
                  -8.053163672
                ],
                [
                  -34.892292529,
                  -8.052697403
                ]
              ]
            ]
          }
        ]
      },
      "properties": {
        "street_code": 34657,
        "street_name": "Rua Joaquim Felipe",
        "total_violations": 4967,
        "extension_km": 0.26,
        "violations_per_km": 18891.16,
        "by_year": {
          "2007": 33,
          "2008": 83,
          "2009": 100,
          "2010": 76,
          "2011": 63,
          "2012": 228,
          "2013": 516,
          "2014": 526,
          "2015": 672,
          "2016": 947,
          "2017": 509,
          "2018": 445,
          "2019": 356,
          "2020": 98,
          "2021": 19,
          "2022": 34,
          "2023": 151,
          "2024": 107,
          "2025": 4
        },
        "top_violation": {
          "description": "Estacionar o veículo em locais e horários proibidos especificamente pela sinalização (placa — Proibido Estacionar).",
          "percentage": 42.34
        }
      }
    },
    {
      "type": "Feature",
      "geometry": {
        "type": "GeometryCollection",
        "geometries": [
          {
            "type": "MultiLineString",
            "coordinates": [
              [
                [
                  -34.895956711,
                  -8.052363615
                ],
                [
                  -34.895627629,
                  -8.052573413
                ]
              ]
            ]
          }
        ]
      },
      "properties": {
        "street_code": 88935,
        "street_name": "Ponte Raimundo Farias",
        "total_violations": 4936,
        "extension_km": 0.04,
        "violations_per_km": 114613.46,
        "by_year": {
          "2014": 1,
          "2018": 1,
          "2019": 223,
          "2020": 1169,
          "2021": 1228,
          "2022": 1144,
          "2023": 916,
          "2024": 240,
          "2025": 14
        },
        "top_violation": {
          "description": "Avançar o sinal vermelho do semáforo.",
          "percentage": 63.03
        }
      }
    },
    {
      "type": "Feature",
      "geometry": {
        "type": "GeometryCollection",
        "geometries": [
          {
            "type": "MultiLineString",
            "coordinates": [
              [
                [
                  -34.938023115,
                  -8.029713243
                ],
                [
                  -34.937613014,
                  -8.030286426
                ]
              ]
            ]
          }
        ]
      },
      "properties": {
        "street_code": 108847,
        "street_name": "Rua Bom Jesus",
        "total_violations": 4887,
        "extension_km": 0.08,
        "violations_per_km": 62735.08,
        "by_year": {
          "2007": 371,
          "2008": 264,
          "2009": 201,
          "2010": 149,
          "2011": 294,
          "2012": 398,
          "2013": 220,
          "2014": 236,
          "2015": 724,
          "2016": 627,
          "2017": 368,
          "2018": 315,
          "2019": 300,
          "2020": 253,
          "2021": 70,
          "2022": 16,
          "2023": 39,
          "2024": 35,
          "2025": 7
        },
        "top_violation": {
          "description": "Estacionar o veículo em desacordo com as condições regulamentadas - estacionamento rotativo.",
          "percentage": 44.2
        }
      }
    },
    {
      "type": "Feature",
      "geometry": {
        "type": "GeometryCollection",
        "geometries": [
          {
            "type": "MultiLineString",
            "coordinates": [
              [
                [
                  -34.917337928,
                  -8.029138422
                ],
                [
                  -34.91803914,
                  -8.029503264
                ],
                [
                  -34.91898583,
                  -8.030353926
                ],
                [
                  -34.919238802,
                  -8.030929793
                ],
                [
                  -34.919437584,
                  -8.032161377
                ],
                [
                  -34.920275485,
                  -8.033070563
                ],
                [
                  -34.920819847,
                  -8.033450769
                ],
                [
                  -34.921954248,
                  -8.033716143
                ]
              ]
            ]
          }
        ]
      },
      "properties": {
        "street_code": 61999,
        "street_name": "Estrada das Ubaias",
        "total_violations": 4838,
        "extension_km": 0.78,
        "violations_per_km": 6227.88,
        "by_year": {
          "2007": 40,
          "2008": 10,
          "2009": 43,
          "2010": 39,
          "2011": 25,
          "2012": 145,
          "2013": 80,
          "2014": 26,
          "2015": 147,
          "2016": 392,
          "2017": 1062,
          "2018": 550,
          "2019": 595,
          "2020": 233,
          "2021": 849,
          "2022": 341,
          "2023": 170,
          "2024": 80,
          "2025": 11
        },
        "top_violation": {
          "description": "Estacionar o veículo em locais e horários proibidos especificamente pela sinalização (placa — Proibido Estacionar).",
          "percentage": 34.77
        }
      }
    },
    {
      "type": "Feature",
      "geometry": {
        "type": "GeometryCollection",
        "geometries": [
          {
            "type": "MultiLineString",
            "coordinates": [
              [
                [
                  -34.902029522,
                  -8.118735189
                ],
                [
                  -34.902794225,
                  -8.118192928
                ]
              ]
            ]
          }
        ]
      },
      "properties": {
        "street_code": 29610,
        "street_name": "Rua Cientista Nilson Rezende",
        "total_violations": 4826,
        "extension_km": 0.11,
        "violations_per_km": 44380.54,
        "by_year": {
          "2017": 25,
          "2018": 13,
          "2019": 472,
          "2020": 810,
          "2021": 1096,
          "2022": 993,
          "2023": 1095,
          "2024": 279,
          "2025": 43
        },
        "top_violation": {
          "description": "Estacionar o veículo em desacordo com as condições regulamentadas - estacionamento rotativo.",
          "percentage": 76.27
        }
      }
    },
    {
      "type": "Feature",
      "geometry": {
        "type": "GeometryCollection",
        "geometries": [
          {
            "type": "MultiLineString",
            "coordinates": [
              [
                [
                  -34.909785316,
                  -8.02951663
                ],
                [
                  -34.909005811,
                  -8.029855149
                ],
                [
                  -34.908061168,
                  -8.030655965
                ]
              ]
            ]
          }
        ]
      },
      "properties": {
        "street_code": 28185,
        "street_name": "Rua Guedes Pereira",
        "total_violations": 4735,
        "extension_km": 0.23,
        "violations_per_km": 20532.65,
        "by_year": {
          "2007": 95,
          "2008": 53,
          "2009": 170,
          "2010": 152,
          "2011": 247,
          "2012": 136,
          "2013": 133,
          "2014": 426,
          "2015": 742,
          "2016": 325,
          "2017": 383,
          "2018": 457,
          "2019": 623,
          "2020": 508,
          "2021": 143,
          "2022": 34,
          "2023": 69,
          "2024": 28,
          "2025": 11
        },
        "top_violation": {
          "description": "Estacionar o veículo em locais e horários proibidos especificamente pela sinalização (placa — Proibido Estacionar).",
          "percentage": 93.47
        }
      }
    },
    {
      "type": "Feature",
      "geometry": {
        "type": "GeometryCollection",
        "geometries": [
          {
            "type": "MultiLineString",
            "coordinates": [
              [
                [
                  -34.878697868,
                  -8.065342977
                ],
                [
                  -34.877378952,
                  -8.065170289
                ]
              ],
              [
                [
                  -34.877378546,
                  -8.065170282
                ],
                [
                  -34.877378515,
                  -8.065170291
                ]
              ]
            ]
          }
        ]
      },
      "properties": {
        "street_code": 22950,
        "street_name": "Rua Estreita do Rosário",
        "total_violations": 4588,
        "extension_km": 0.15,
        "violations_per_km": 31242.78,
        "by_year": {
          "2007": 115,
          "2008": 170,
          "2009": 251,
          "2010": 259,
          "2011": 503,
          "2012": 452,
          "2013": 328,
          "2014": 429,
          "2015": 350,
          "2016": 447,
          "2017": 344,
          "2018": 222,
          "2019": 177,
          "2020": 124,
          "2021": 84,
          "2022": 57,
          "2023": 86,
          "2024": 177,
          "2025": 13
        },
        "top_violation": {
          "description": "Estacionar o veículo em locais e horários proibidos especificamente pela sinalização (placa — Proibido Estacionar).",
          "percentage": 49.11
        }
      }
    },
    {
      "type": "Feature",
      "geometry": {
        "type": "GeometryCollection",
        "geometries": [
          {
            "type": "MultiLineString",
            "coordinates": [
              [
                [
                  -34.919041587,
                  -8.027525002
                ],
                [
                  -34.91849481,
                  -8.028293668
                ],
                [
                  -34.917394719,
                  -8.029103824
                ],
                [
                  -34.914058138,
                  -8.030591325
                ]
              ]
            ]
          }
        ]
      },
      "properties": {
        "street_code": 45586,
        "street_name": "Rua Conselheiro Nabuco",
        "total_violations": 4577,
        "extension_km": 0.66,
        "violations_per_km": 6953.07,
        "by_year": {
          "2007": 3,
          "2008": 10,
          "2009": 13,
          "2010": 7,
          "2011": 63,
          "2012": 24,
          "2013": 54,
          "2014": 72,
          "2015": 79,
          "2016": 2133,
          "2017": 1110,
          "2018": 126,
          "2019": 206,
          "2020": 68,
          "2021": 344,
          "2022": 69,
          "2023": 99,
          "2024": 78,
          "2025": 19
        },
        "top_violation": {
          "description": "Executar operação de conversão à direita ou à esquerda em locais proibidos pela sinalização.",
          "percentage": 57.79
        }
      }
    },
    {
      "type": "Feature",
      "geometry": {
        "type": "GeometryCollection",
        "geometries": [
          {
            "type": "MultiLineString",
            "coordinates": [
              [
                [
                  -34.912276087,
                  -8.007231639
                ],
                [
                  -34.913174756,
                  -8.006325334
                ],
                [
                  -34.914825917,
                  -8.005662321
                ],
                [
                  -34.918762754,
                  -8.002771656
                ],
                [
                  -34.921436167,
                  -8.001411005
                ],
                [
                  -34.922388621,
                  -8.000684476
                ],
                [
                  -34.92282927,
                  -7.999841726
                ],
                [
                  -34.924861514,
                  -7.998243456
                ],
                [
                  -34.925087745,
                  -7.997588516
                ]
              ],
              [
                [
                  -34.92508768,
                  -7.997588515
                ],
                [
                  -34.925158226,
                  -7.996944122
                ],
                [
                  -34.925868719,
                  -7.995780313
                ],
                [
                  -34.926575503,
                  -7.994826709
                ],
                [
                  -34.927413537,
                  -7.99405839
                ],
                [
                  -34.928795231,
                  -7.992084948
                ],
                [
                  -34.929526456,
                  -7.991420181
                ],
                [
                  -34.929854513,
                  -7.990128154
                ],
                [
                  -34.930157169,
                  -7.989611954
                ]
              ],
              [
                [
                  -34.934705782,
                  -7.992750515
                ],
                [
                  -34.9346947,
                  -7.9931058
                ],
                [
                  -34.935449358,
                  -7.993922811
                ]
              ],
              [
                [
                  -34.934714132,
                  -7.992733755
                ],
                [
                  -34.93527915,
                  -7.991798202
                ],
                [
                  -34.935255572,
                  -7.991590012
                ],
                [
                  -34.93434206,
                  -7.990984326
                ],
                [
                  -34.933142636,
                  -7.989257608
                ],
                [
                  -34.932205162,
                  -7.988921738
                ],
                [
                  -34.930930143,
                  -7.989138274
                ]
              ],
              [
                [
                  -34.930145156,
                  -7.989615874
                ],
                [
                  -34.930930253,
                  -7.989138492
                ]
              ]
            ]
          }
        ]
      },
      "properties": {
        "street_code": 12408,
        "street_name": "Avenida Vereador Otacílio Azevedo",
        "total_violations": 4571,
        "extension_km": 3.91,
        "violations_per_km": 1169.14,
        "by_year": {
          "2007": 15,
          "2008": 21,
          "2009": 18,
          "2010": 81,
          "2011": 57,
          "2012": 84,
          "2013": 435,
          "2014": 331,
          "2015": 178,
          "2016": 179,
          "2017": 221,
          "2018": 690,
          "2019": 1060,
          "2020": 335,
          "2021": 247,
          "2022": 149,
          "2023": 71,
          "2024": 313,
          "2025": 86
        },
        "top_violation": {
          "description": "Dirigir o veículo usando calçado que não se firme nos pés ou que comprometa a utilização dos pedais.",
          "percentage": 25.4
        }
      }
    },
    {
      "type": "Feature",
      "geometry": {
        "type": "GeometryCollection",
        "geometries": [
          {
            "type": "MultiLineString",
            "coordinates": [
              [
                [
                  -34.932908697,
                  -8.029121318
                ],
                [
                  -34.933012962,
                  -8.029119747
                ]
              ],
              [
                [
                  -34.933012962,
                  -8.029119747
                ],
                [
                  -34.934037756,
                  -8.029092762
                ],
                [
                  -34.936331609,
                  -8.029379412
                ],
                [
                  -34.93834986,
                  -8.030884888
                ],
                [
                  -34.939558066,
                  -8.032065479
                ],
                [
                  -34.939942293,
                  -8.032620797
                ],
                [
                  -34.940136261,
                  -8.033281438
                ],
                [
                  -34.93963919,
                  -8.034851153
                ],
                [
                  -34.941181662,
                  -8.039254849
                ]
              ],
              [
                [
                  -34.933012962,
                  -8.029119747
                ],
                [
                  -34.932652424,
                  -8.028725271
                ]
              ],
              [
                [
                  -34.933180195,
                  -8.028772884
                ],
                [
                  -34.932652424,
                  -8.028725271
                ]
              ],
              [
                [
                  -34.932652424,
                  -8.028725271
                ],
                [
                  -34.932250146,
                  -8.028664661
                ]
              ],
              [
                [
                  -34.93222671,
                  -8.028664025
                ],
                [
                  -34.931576673,
                  -8.028433015
                ]
              ]
            ]
          }
        ]
      },
      "properties": {
        "street_code": 9830,
        "street_name": "Estrada do Barbalho",
        "total_violations": 4566,
        "extension_km": 1.94,
        "violations_per_km": 2354.79,
        "by_year": {
          "2007": 12,
          "2008": 20,
          "2009": 23,
          "2010": 34,
          "2011": 56,
          "2012": 38,
          "2013": 35,
          "2014": 55,
          "2015": 24,
          "2016": 38,
          "2017": 81,
          "2018": 69,
          "2019": 900,
          "2020": 1357,
          "2021": 907,
          "2022": 683,
          "2023": 127,
          "2024": 100,
          "2025": 7
        },
        "top_violation": {
          "description": "Avançar o sinal vermelho do semáforo.",
          "percentage": 42.64
        }
      }
    },
    {
      "type": "Feature",
      "geometry": {
        "type": "GeometryCollection",
        "geometries": [
          {
            "type": "MultiLineString",
            "coordinates": [
              [
                [
                  -34.95801223,
                  -8.115347363
                ],
                [
                  -34.957586474,
                  -8.115524569
                ]
              ]
            ]
          }
        ]
      },
      "properties": {
        "street_code": 77437,
        "street_name": "Rua Mauricio de Nassau",
        "total_violations": 4549,
        "extension_km": 0.05,
        "violations_per_km": 88222.44,
        "by_year": {
          "2007": 54,
          "2008": 40,
          "2009": 46,
          "2010": 125,
          "2011": 101,
          "2012": 389,
          "2013": 608,
          "2014": 272,
          "2015": 254,
          "2016": 186,
          "2017": 93,
          "2018": 310,
          "2019": 276,
          "2020": 142,
          "2021": 400,
          "2022": 493,
          "2023": 263,
          "2024": 318,
          "2025": 179
        },
        "top_violation": {
          "description": "Transitar em velocidade superior à máxima permitida para o local, medida por instrumento ou equipamento hábil — quando a velocidade for superior à máxima em até 20% (vinte por cento).",
          "percentage": 43.77
        }
      }
    },
    {
      "type": "Feature",
      "geometry": {
        "type": "GeometryCollection",
        "geometries": [
          {
            "type": "MultiLineString",
            "coordinates": [
              [
                [
                  -34.894955157,
                  -8.061106066
                ],
                [
                  -34.895185797,
                  -8.062822952
                ]
              ],
              [
                [
                  -34.894955157,
                  -8.061106066
                ],
                [
                  -34.894792933,
                  -8.060423935
                ]
              ],
              [
                [
                  -34.894955157,
                  -8.061106066
                ],
                [
                  -34.895044574,
                  -8.060758052
                ],
                [
                  -34.894792933,
                  -8.060423935
                ]
              ],
              [
                [
                  -34.894792933,
                  -8.060423935
                ],
                [
                  -34.894058815,
                  -8.059426564
                ]
              ]
            ]
          }
        ]
      },
      "properties": {
        "street_code": 39063,
        "street_name": "Avenida Lins Petit",
        "total_violations": 4448,
        "extension_km": 0.5,
        "violations_per_km": 8939.28,
        "by_year": {
          "2007": 24,
          "2008": 13,
          "2009": 39,
          "2010": 45,
          "2011": 40,
          "2012": 39,
          "2013": 27,
          "2014": 59,
          "2015": 41,
          "2016": 1155,
          "2017": 859,
          "2018": 311,
          "2019": 343,
          "2020": 318,
          "2021": 322,
          "2022": 328,
          "2023": 256,
          "2024": 177,
          "2025": 52
        },
        "top_violation": {
          "description": "Dirigir o veículo utilizando-se de fones nos ouvidos conectados a aparelhagem sonora ou de telefone celular.",
          "percentage": 16.52
        }
      }
    },
    {
      "type": "Feature",
      "geometry": {
        "type": "GeometryCollection",
        "geometries": [
          {
            "type": "MultiLineString",
            "coordinates": [
              [
                [
                  -34.961984806,
                  -8.123083249
                ],
                [
                  -34.962121036,
                  -8.12350308
                ]
              ]
            ]
          }
        ]
      },
      "properties": {
        "street_code": 116718,
        "street_name": "5ª Travessa Presidente Dutra",
        "total_violations": 4368,
        "extension_km": 0.05,
        "violations_per_km": 89286.02,
        "by_year": {
          "2009": 3,
          "2010": 9,
          "2011": 70,
          "2012": 37,
          "2013": 7,
          "2014": 8,
          "2015": 20,
          "2016": 49,
          "2017": 76,
          "2018": 431,
          "2019": 282,
          "2020": 186,
          "2021": 170,
          "2022": 468,
          "2023": 653,
          "2024": 1410,
          "2025": 489
        },
        "top_violation": {
          "description": "Conduzir o veículo que não esteja registrado e devidamente licenciado.",
          "percentage": 47.28
        }
      }
    },
    {
      "type": "Feature",
      "geometry": {
        "type": "GeometryCollection",
        "geometries": [
          {
            "type": "MultiLineString",
            "coordinates": [
              [
                [
                  -34.892902101,
                  -8.037388359
                ],
                [
                  -34.892477205,
                  -8.03636429
                ]
              ],
              [
                [
                  -34.892477205,
                  -8.03636429
                ],
                [
                  -34.89237888,
                  -8.036293143
                ]
              ],
              [
                [
                  -34.89237888,
                  -8.036293143
                ],
                [
                  -34.892317487,
                  -8.036246648
                ]
              ],
              [
                [
                  -34.892458797,
                  -8.036220067
                ],
                [
                  -34.892477205,
                  -8.03636429
                ]
              ],
              [
                [
                  -34.892458797,
                  -8.036220067
                ],
                [
                  -34.89237888,
                  -8.036293143
                ]
              ],
              [
                [
                  -34.892391233,
                  -8.036133605
                ],
                [
                  -34.892458797,
                  -8.036220067
                ]
              ],
              [
                [
                  -34.89250136,
                  -8.036071564
                ],
                [
                  -34.892458797,
                  -8.036220067
                ]
              ]
            ]
          }
        ]
      },
      "properties": {
        "street_code": 14915,
        "street_name": "Rua Carlos Borromeu",
        "total_violations": 4361,
        "extension_km": 0.2,
        "violations_per_km": 21312.23,
        "by_year": {
          "2008": 5,
          "2010": 5,
          "2011": 5,
          "2014": 10,
          "2015": 15,
          "2016": 11,
          "2017": 79,
          "2018": 538,
          "2019": 562,
          "2020": 853,
          "2021": 107,
          "2022": 971,
          "2023": 698,
          "2024": 466,
          "2025": 36
        },
        "top_violation": {
          "description": "Estacionar o veículo em desacordo com as condições regulamentadas - estacionamento rotativo.",
          "percentage": 92.75
        }
      }
    },
    {
      "type": "Feature",
      "geometry": {
        "type": "GeometryCollection",
        "geometries": [
          {
            "type": "MultiLineString",
            "coordinates": [
              [
                [
                  -34.897701859,
                  -8.003314027
                ],
                [
                  -34.897532615,
                  -8.003186878
                ]
              ],
              [
                [
                  -34.897383213,
                  -8.002581771
                ],
                [
                  -34.896944797,
                  -8.002184957
                ],
                [
                  -34.897511432,
                  -8.002420829
                ],
                [
                  -34.897381962,
                  -8.002578997
                ]
              ]
            ]
          }
        ]
      },
      "properties": {
        "street_code": 66265,
        "street_name": "Praça da Convenção",
        "total_violations": 4134,
        "extension_km": 0.19,
        "violations_per_km": 22011.62,
        "by_year": {
          "2007": 58,
          "2008": 39,
          "2009": 37,
          "2010": 46,
          "2011": 36,
          "2012": 30,
          "2013": 759,
          "2014": 641,
          "2015": 42,
          "2016": 80,
          "2017": 144,
          "2018": 409,
          "2019": 375,
          "2020": 316,
          "2021": 338,
          "2022": 533,
          "2023": 45,
          "2024": 49,
          "2025": 157
        },
        "top_violation": {
          "description": "Estacionar o veículo em locais e horários proibidos especificamente pela sinalização (placa — Proibido Estacionar).",
          "percentage": 20.63
        }
      }
    },
    {
      "type": "Feature",
      "geometry": {
        "type": "GeometryCollection",
        "geometries": [
          {
            "type": "MultiLineString",
            "coordinates": [
              [
                [
                  -34.956946554,
                  -8.11260801
                ],
                [
                  -34.956539757,
                  -8.112069875
                ]
              ],
              [
                [
                  -34.956215944,
                  -8.109626119
                ],
                [
                  -34.956090275,
                  -8.109184228
                ],
                [
                  -34.955442455,
                  -8.108592512
                ]
              ]
            ]
          }
        ]
      },
      "properties": {
        "street_code": 51276,
        "street_name": "Rua Afonso Pena",
        "total_violations": 4127,
        "extension_km": 0.22,
        "violations_per_km": 18454.22,
        "by_year": {
          "2007": 63,
          "2008": 39,
          "2009": 86,
          "2010": 88,
          "2011": 318,
          "2012": 326,
          "2013": 509,
          "2014": 597,
          "2015": 302,
          "2016": 307,
          "2017": 540,
          "2018": 436,
          "2019": 198,
          "2020": 43,
          "2021": 80,
          "2022": 42,
          "2023": 65,
          "2024": 46,
          "2025": 42
        },
        "top_violation": {
          "description": "Estacionar o veículo em locais e horários proibidos especificamente pela sinalização (placa — Proibido Estacionar).",
          "percentage": 60.53
        }
      }
    },
    {
      "type": "Feature",
      "geometry": {
        "type": "GeometryCollection",
        "geometries": [
          {
            "type": "MultiLineString",
            "coordinates": [
              [
                [
                  -34.873517623,
                  -8.064690111
                ],
                [
                  -34.872028307,
                  -8.064537034
                ]
              ]
            ]
          }
        ]
      },
      "properties": {
        "street_code": 44784,
        "street_name": "Rua da Moeda",
        "total_violations": 4095,
        "extension_km": 0.17,
        "violations_per_km": 24686.8,
        "by_year": {
          "2007": 6,
          "2008": 119,
          "2009": 106,
          "2010": 298,
          "2011": 553,
          "2012": 691,
          "2013": 296,
          "2014": 399,
          "2015": 180,
          "2016": 221,
          "2017": 278,
          "2018": 475,
          "2019": 340,
          "2020": 5,
          "2021": 15,
          "2022": 28,
          "2023": 50,
          "2024": 29,
          "2025": 6
        },
        "top_violation": {
          "description": "Estacionar o veículo em desacordo com as condições regulamentadas - estacionamento rotativo.",
          "percentage": 34.58
        }
      }
    },
    {
      "type": "Feature",
      "geometry": {
        "type": "GeometryCollection",
        "geometries": [
          {
            "type": "MultiLineString",
            "coordinates": [
              [
                [
                  -34.943125075,
                  -8.121506603
                ],
                [
                  -34.943428721,
                  -8.120709147
                ]
              ],
              [
                [
                  -34.943428721,
                  -8.120709147
                ],
                [
                  -34.94316447,
                  -8.120679302
                ],
                [
                  -34.942992442,
                  -8.120426932
                ]
              ],
              [
                [
                  -34.943702386,
                  -8.120311331
                ],
                [
                  -34.943428721,
                  -8.120709147
                ]
              ]
            ]
          }
        ]
      },
      "properties": {
        "street_code": 117021,
        "street_name": "1ª Travessa Dois Rios",
        "total_violations": 4061,
        "extension_km": 0.22,
        "violations_per_km": 18596.03,
        "by_year": {
          "2007": 371,
          "2008": 925,
          "2009": 958,
          "2010": 613,
          "2011": 572,
          "2012": 371,
          "2013": 188,
          "2014": 62,
          "2025": 1
        },
        "top_violation": {
          "description": "Avançar o sinal vermelho do semáforo - fiscalização eletrônica.",
          "percentage": 76.98
        }
      }
    },
    {
      "type": "Feature",
      "geometry": {
        "type": "GeometryCollection",
        "geometries": [
          {
            "type": "MultiLineString",
            "coordinates": [
              [
                [
                  -34.94408847,
                  -8.120908847
                ],
                [
                  -34.943219132,
                  -8.119665385
                ]
              ],
              [
                [
                  -34.943547269,
                  -8.119668228
                ],
                [
                  -34.943219132,
                  -8.119665385
                ]
              ],
              [
                [
                  -34.943219132,
                  -8.119665385
                ],
                [
                  -34.936939124,
                  -8.110476111
                ],
                [
                  -34.935253745,
                  -8.109116758
                ]
              ]
            ]
          }
        ]
      },
      "properties": {
        "street_code": 20052,
        "street_name": "Avenida Dois Rios",
        "total_violations": 3962,
        "extension_km": 1.68,
        "violations_per_km": 2364.05,
        "by_year": {
          "2007": 36,
          "2008": 34,
          "2009": 72,
          "2010": 54,
          "2011": 67,
          "2012": 197,
          "2013": 235,
          "2014": 201,
          "2015": 43,
          "2016": 36,
          "2017": 60,
          "2018": 151,
          "2019": 717,
          "2020": 129,
          "2021": 668,
          "2022": 134,
          "2023": 209,
          "2024": 453,
          "2025": 466
        },
        "top_violation": {
          "description": "Dirigir o veículo usando calçado que não se firme nos pés ou que comprometa a utilização dos pedais.",
          "percentage": 20.04
        }
      }
    },
    {
      "type": "Feature",
      "geometry": {
        "type": "GeometryCollection",
        "geometries": [
          {
            "type": "MultiLineString",
            "coordinates": [
              [
                [
                  -34.905016455,
                  -8.050875861
                ],
                [
                  -34.90733758,
                  -8.050517356
                ]
              ]
            ]
          }
        ]
      },
      "properties": {
        "street_code": 32522,
        "street_name": "Rua Januário Barbosa",
        "total_violations": 3923,
        "extension_km": 0.26,
        "violations_per_km": 15143.72,
        "by_year": {
          "2008": 2,
          "2009": 1,
          "2010": 24,
          "2011": 3,
          "2012": 2,
          "2013": 6,
          "2014": 199,
          "2015": 97,
          "2016": 418,
          "2017": 1331,
          "2018": 1176,
          "2019": 38,
          "2020": 277,
          "2021": 321,
          "2022": 20,
          "2023": 8
        },
        "top_violation": {
          "description": "Estacionar o veículo em locais e horários proibidos especificamente pela sinalização (placa — Proibido Estacionar).",
          "percentage": 80.96
        }
      }
    },
    {
      "type": "Feature",
      "geometry": {
        "type": "GeometryCollection",
        "geometries": [
          {
            "type": "MultiLineString",
            "coordinates": [
              [
                [
                  -34.891606145,
                  -8.03695312
                ],
                [
                  -34.892325564,
                  -8.036261952
                ]
              ],
              [
                [
                  -34.892155558,
                  -8.036129475
                ],
                [
                  -34.892317487,
                  -8.036246648
                ],
                [
                  -34.892464778,
                  -8.03610758
                ],
                [
                  -34.895228708,
                  -8.033202568
                ],
                [
                  -34.895945908,
                  -8.032779484
                ],
                [
                  -34.896911374,
                  -8.032761066
                ]
              ]
            ]
          }
        ]
      },
      "properties": {
        "street_code": 4081,
        "street_name": "Rua Amaro Coutinho",
        "total_violations": 3876,
        "extension_km": 0.8,
        "violations_per_km": 4831.53,
        "by_year": {
          "2007": 30,
          "2008": 32,
          "2009": 39,
          "2010": 92,
          "2011": 44,
          "2012": 16,
          "2013": 56,
          "2014": 64,
          "2015": 90,
          "2016": 92,
          "2017": 127,
          "2018": 449,
          "2019": 691,
          "2020": 243,
          "2021": 62,
          "2022": 854,
          "2023": 536,
          "2024": 325,
          "2025": 34
        },
        "top_violation": {
          "description": "Estacionar o veículo em desacordo com as condições regulamentadas - estacionamento rotativo.",
          "percentage": 69.92
        }
      }
    },
    {
      "type": "Feature",
      "geometry": {
        "type": "GeometryCollection",
        "geometries": [
          {
            "type": "MultiLineString",
            "coordinates": [
              [
                [
                  -34.927995186,
                  -8.090582042
                ],
                [
                  -34.928519721,
                  -8.0903177
                ],
                [
                  -34.928381684,
                  -8.089970896
                ]
              ]
            ]
          }
        ]
      },
      "properties": {
        "street_code": 117498,
        "street_name": "Rua Portugal",
        "total_violations": 3860,
        "extension_km": 0.11,
        "violations_per_km": 36378.18,
        "by_year": {
          "2007": 28,
          "2008": 6,
          "2009": 61,
          "2010": 52,
          "2011": 111,
          "2012": 104,
          "2013": 150,
          "2014": 236,
          "2015": 282,
          "2016": 615,
          "2017": 1198,
          "2018": 340,
          "2019": 108,
          "2020": 98,
          "2021": 226,
          "2022": 96,
          "2023": 105,
          "2024": 27,
          "2025": 17
        },
        "top_violation": {
          "description": "Estacionar o veículo em locais e horários proibidos especificamente pela sinalização (placa — Proibido Estacionar).",
          "percentage": 55.98
        }
      }
    },
    {
      "type": "Feature",
      "geometry": {
        "type": "GeometryCollection",
        "geometries": [
          {
            "type": "MultiLineString",
            "coordinates": [
              [
                [
                  -34.937581589,
                  -8.135142507
                ],
                [
                  -34.938843759,
                  -8.132908197
                ]
              ]
            ]
          }
        ]
      },
      "properties": {
        "street_code": 38946,
        "street_name": "Rua Limoeiro",
        "total_violations": 3807,
        "extension_km": 0.28,
        "violations_per_km": 13412.74,
        "by_year": {
          "2007": 18,
          "2008": 13,
          "2009": 26,
          "2010": 45,
          "2011": 138,
          "2012": 1675,
          "2013": 73,
          "2014": 148,
          "2015": 191,
          "2016": 678,
          "2017": 531,
          "2018": 45,
          "2019": 73,
          "2020": 59,
          "2021": 15,
          "2022": 9,
          "2023": 13,
          "2024": 48,
          "2025": 9
        },
        "top_violation": {
          "description": "Transitar com veículo em marcas de canalização.",
          "percentage": 39.22
        }
      }
    },
    {
      "type": "Feature",
      "geometry": {
        "type": "GeometryCollection",
        "geometries": [
          {
            "type": "MultiLineString",
            "coordinates": [
              [
                [
                  -34.9465736,
                  -8.040923245
                ],
                [
                  -34.943212124,
                  -8.041919209
                ]
              ]
            ]
          }
        ]
      },
      "properties": {
        "street_code": 41726,
        "street_name": "Rua Marechal Manoel Luís Osório",
        "total_violations": 3781,
        "extension_km": 0.39,
        "violations_per_km": 9779.25,
        "by_year": {
          "2007": 2,
          "2008": 11,
          "2009": 23,
          "2010": 11,
          "2011": 4,
          "2012": 6,
          "2013": 1,
          "2014": 4,
          "2015": 6,
          "2016": 2,
          "2017": 2,
          "2018": 6,
          "2019": 125,
          "2020": 633,
          "2021": 1685,
          "2022": 986,
          "2023": 204,
          "2024": 62,
          "2025": 8
        },
        "top_violation": {
          "description": "Estacionar o veículo em locais e horários proibidos especificamente pela sinalização (placa — Proibido Estacionar).",
          "percentage": 68.87
        }
      }
    },
    {
      "type": "Feature",
      "geometry": {
        "type": "GeometryCollection",
        "geometries": [
          {
            "type": "MultiLineString",
            "coordinates": [
              [
                [
                  -34.891590265,
                  -8.109231097
                ],
                [
                  -34.89455095,
                  -8.107804556
                ]
              ]
            ]
          }
        ]
      },
      "properties": {
        "street_code": 71757,
        "street_name": "Rua José Maria de Miranda",
        "total_violations": 3666,
        "extension_km": 0.37,
        "violations_per_km": 9994.77,
        "by_year": {
          "2008": 1,
          "2009": 16,
          "2010": 79,
          "2011": 42,
          "2012": 386,
          "2013": 241,
          "2014": 647,
          "2015": 660,
          "2016": 356,
          "2017": 573,
          "2018": 364,
          "2019": 203,
          "2020": 10,
          "2021": 18,
          "2022": 30,
          "2023": 16,
          "2024": 14,
          "2025": 10
        },
        "top_violation": {
          "description": "Estacionar o veículo no passeio.",
          "percentage": 81.72
        }
      }
    },
    {
      "type": "Feature",
      "geometry": {
        "type": "GeometryCollection",
        "geometries": [
          {
            "type": "MultiLineString",
            "coordinates": [
              [
                [
                  -34.900006235,
                  -8.058367039
                ],
                [
                  -34.898238106,
                  -8.058326319
                ]
              ]
            ]
          }
        ]
      },
      "properties": {
        "street_code": 4162,
        "street_name": "Rua Amauri de Medeiros",
        "total_violations": 3647,
        "extension_km": 0.19,
        "violations_per_km": 18703.17,
        "by_year": {
          "2007": 6,
          "2008": 6,
          "2009": 23,
          "2010": 20,
          "2011": 6,
          "2012": 4,
          "2013": 27,
          "2014": 280,
          "2015": 62,
          "2016": 24,
          "2017": 27,
          "2018": 46,
          "2019": 77,
          "2020": 1389,
          "2021": 1173,
          "2022": 429,
          "2023": 13,
          "2024": 30,
          "2025": 5
        },
        "top_violation": {
          "description": "Transitar pela contramão de direção em vias com duplo sentido de circulação, exceto para ultrapassar outro veículo e apenas pelo tempo necessário, respeitada a preferência do veículo que transitar em sentido contrário.",
          "percentage": 64.46
        }
      }
    },
    {
      "type": "Feature",
      "geometry": {
        "type": "GeometryCollection",
        "geometries": [
          {
            "type": "MultiLineString",
            "coordinates": [
              [
                [
                  -34.893877359,
                  -8.051828002
                ],
                [
                  -34.89275231,
                  -8.048777989
                ]
              ]
            ]
          }
        ]
      },
      "properties": {
        "street_code": 45152,
        "street_name": "Avenida Montevidéu",
        "total_violations": 3280,
        "extension_km": 0.36,
        "violations_per_km": 9000.24,
        "by_year": {
          "2007": 14,
          "2008": 12,
          "2009": 48,
          "2010": 38,
          "2011": 147,
          "2012": 105,
          "2013": 99,
          "2014": 89,
          "2015": 92,
          "2016": 276,
          "2017": 296,
          "2018": 328,
          "2019": 377,
          "2020": 176,
          "2021": 213,
          "2022": 139,
          "2023": 173,
          "2024": 463,
          "2025": 195
        },
        "top_violation": {
          "description": "Estacionar o veículo em locais e horários proibidos especificamente pela sinalização (placa — Proibido Estacionar).",
          "percentage": 50.27
        }
      }
    },
    {
      "type": "Feature",
      "geometry": {
        "type": "GeometryCollection",
        "geometries": [
          {
            "type": "MultiLineString",
            "coordinates": [
              [
                [
                  -34.879146279,
                  -8.06934779
                ],
                [
                  -34.877292664,
                  -8.070572762
                ]
              ]
            ]
          }
        ]
      },
      "properties": {
        "street_code": 46442,
        "street_name": "Rua do Nogueira",
        "total_violations": 3225,
        "extension_km": 0.25,
        "violations_per_km": 13139.65,
        "by_year": {
          "2007": 43,
          "2008": 177,
          "2009": 166,
          "2010": 277,
          "2011": 204,
          "2012": 327,
          "2013": 323,
          "2014": 158,
          "2015": 166,
          "2016": 353,
          "2017": 360,
          "2018": 326,
          "2019": 112,
          "2020": 88,
          "2021": 55,
          "2022": 42,
          "2023": 31,
          "2024": 11,
          "2025": 6
        },
        "top_violation": {
          "description": "Estacionar o veículo no passeio.",
          "percentage": 76.93
        }
      }
    },
    {
      "type": "Feature",
      "geometry": {
        "type": "GeometryCollection",
        "geometries": [
          {
            "type": "MultiLineString",
            "coordinates": [
              [
                [
                  -34.909463223,
                  -8.031941102
                ],
                [
                  -34.911326085,
                  -8.03025153
                ]
              ]
            ]
          }
        ]
      },
      "properties": {
        "street_code": 16926,
        "street_name": "Rua Engenheiro Clóvis Castro",
        "total_violations": 3150,
        "extension_km": 0.28,
        "violations_per_km": 11286.65,
        "by_year": {
          "2011": 1,
          "2013": 3120,
          "2014": 1,
          "2015": 6,
          "2016": 1,
          "2017": 3,
          "2018": 2,
          "2019": 3,
          "2020": 3,
          "2021": 2,
          "2022": 4,
          "2023": 1,
          "2024": 2,
          "2025": 1
        },
        "top_violation": {
          "description": "Transitar em velocidade superior à máxima permitida para o local, medida por instrumento ou equipamento hábil — quando a velocidade for superior à máxima em até 20% (vinte por cento).",
          "percentage": 77.81
        }
      }
    },
    {
      "type": "Feature",
      "geometry": {
        "type": "GeometryCollection",
        "geometries": [
          {
            "type": "MultiLineString",
            "coordinates": [
              [
                [
                  -34.896802987,
                  -8.070829104
                ],
                [
                  -34.897426757,
                  -8.070064079
                ]
              ],
              [
                [
                  -34.896619374,
                  -8.070474687
                ],
                [
                  -34.896149912,
                  -8.070518283
                ]
              ],
              [
                [
                  -34.89832041,
                  -8.069647984
                ],
                [
                  -34.897477265,
                  -8.069948557
                ]
              ],
              [
                [
                  -34.89832041,
                  -8.069647984
                ],
                [
                  -34.898131778,
                  -8.069493629
                ],
                [
                  -34.898378027,
                  -8.069321931
                ]
              ],
              [
                [
                  -34.898532372,
                  -8.069566538
                ],
                [
                  -34.89832041,
                  -8.069647984
                ]
              ],
              [
                [
                  -34.898532372,
                  -8.069566538
                ],
                [
                  -34.901201838,
                  -8.068554727
                ]
              ],
              [
                [
                  -34.89846232,
                  -8.069331145
                ],
                [
                  -34.898532372,
                  -8.069566538
                ]
              ],
              [
                [
                  -34.89846232,
                  -8.069331145
                ],
                [
                  -34.898378027,
                  -8.069321931
                ]
              ],
              [
                [
                  -34.89846232,
                  -8.069331145
                ],
                [
                  -34.898861065,
                  -8.069334451
                ],
                [
                  -34.900339883,
                  -8.068786626
                ]
              ],
              [
                [
                  -34.898378027,
                  -8.069321931
                ],
                [
                  -34.898076541,
                  -8.069087867
                ],
                [
                  -34.89815501,
                  -8.068631123
                ]
              ],
              [
                [
                  -34.8980365,
                  -8.069277522
                ],
                [
                  -34.897844829,
                  -8.068845658
                ],
                [
                  -34.89742162,
                  -8.068945445
                ]
              ],
              [
                [
                  -34.89742162,
                  -8.068945445
                ],
                [
                  -34.897152289,
                  -8.070292722
                ],
                [
                  -34.896688783,
                  -8.070306285
                ],
                [
                  -34.896524044,
                  -8.069791516
                ]
              ],
              [
                [
                  -34.897415365,
                  -8.068899296
                ],
                [
                  -34.89742162,
                  -8.068945445
                ]
              ],
              [
                [
                  -34.897415365,
                  -8.068899296
                ],
                [
                  -34.897494126,
                  -8.068632785
                ]
              ],
              [
                [
                  -34.897139163,
                  -8.068614708
                ],
                [
                  -34.897415365,
                  -8.068899296
                ]
              ]
            ]
          }
        ]
      },
      "properties": {
        "street_code": 98000,
        "street_name": "Avenida Martin Luther King",
        "total_violations": 2965,
        "extension_km": 1.5,
        "violations_per_km": 1981.53,
        "by_year": {
          "2007": 245,
          "2008": 441,
          "2009": 774,
          "2010": 224,
          "2011": 152,
          "2012": 59,
          "2013": 21,
          "2014": 97,
          "2015": 26,
          "2016": 37,
          "2017": 715,
          "2018": 132,
          "2019": 11,
          "2020": 2,
          "2021": 19,
          "2023": 5,
          "2024": 4,
          "2025": 1
        },
        "top_violation": {
          "description": "Dirigir o veículo utilizando-se de fones nos ouvidos conectados a aparelhagem sonora ou de telefone celular.",
          "percentage": 48.87
        }
      }
    },
    {
      "type": "Feature",
      "geometry": {
        "type": "GeometryCollection",
        "geometries": [
          {
            "type": "MultiLineString",
            "coordinates": [
              [
                [
                  -34.903098767,
                  -8.052705754
                ],
                [
                  -34.903084744,
                  -8.052898932
                ]
              ],
              [
                [
                  -34.903098767,
                  -8.052705754
                ],
                [
                  -34.903045905,
                  -8.052534967
                ]
              ],
              [
                [
                  -34.903045905,
                  -8.052534967
                ],
                [
                  -34.903098767,
                  -8.052705754
                ]
              ],
              [
                [
                  -34.902218806,
                  -8.0524114
                ],
                [
                  -34.902911791,
                  -8.05239522
                ],
                [
                  -34.903045905,
                  -8.052534967
                ]
              ]
            ]
          }
        ]
      },
      "properties": {
        "street_code": 24147,
        "street_name": "Rua Fernando Lopes",
        "total_violations": 2917,
        "extension_km": 0.17,
        "violations_per_km": 16808.51,
        "by_year": {
          "2007": 250,
          "2008": 186,
          "2009": 117,
          "2010": 82,
          "2011": 56,
          "2012": 86,
          "2013": 121,
          "2014": 113,
          "2015": 50,
          "2016": 299,
          "2017": 310,
          "2018": 353,
          "2019": 352,
          "2020": 111,
          "2021": 61,
          "2022": 209,
          "2023": 57,
          "2024": 50,
          "2025": 54
        },
        "top_violation": {
          "description": "Estacionar o veículo em locais e horários proibidos especificamente pela sinalização (placa — Proibido Estacionar).",
          "percentage": 52.97
        }
      }
    },
    {
      "type": "Feature",
      "geometry": {
        "type": "GeometryCollection",
        "geometries": [
          {
            "type": "MultiLineString",
            "coordinates": [
              [
                [
                  -34.87146366,
                  -8.063477238
                ],
                [
                  -34.871022695,
                  -8.063684294
                ]
              ],
              [
                [
                  -34.871106119,
                  -8.062664353
                ],
                [
                  -34.870686321,
                  -8.062819844
                ]
              ]
            ]
          }
        ]
      },
      "properties": {
        "street_code": 66869,
        "street_name": "Praça Rio Branco",
        "total_violations": 2897,
        "extension_km": 0.1,
        "violations_per_km": 28073.97,
        "by_year": {
          "2007": 404,
          "2008": 316,
          "2009": 197,
          "2010": 210,
          "2011": 314,
          "2012": 532,
          "2013": 399,
          "2014": 152,
          "2015": 47,
          "2016": 50,
          "2017": 27,
          "2018": 92,
          "2019": 23,
          "2020": 24,
          "2021": 13,
          "2022": 9,
          "2023": 28,
          "2024": 23,
          "2025": 37
        },
        "top_violation": {
          "description": "Estacionar o veículo em desacordo com as condições regulamentadas - estacionamento rotativo.",
          "percentage": 33.86
        }
      }
    },
    {
      "type": "Feature",
      "geometry": {
        "type": "GeometryCollection",
        "geometries": [
          {
            "type": "MultiLineString",
            "coordinates": [
              [
                [
                  -34.894129205,
                  -8.118611611
                ],
                [
                  -34.900681795,
                  -8.115305053
                ]
              ]
            ]
          }
        ]
      },
      "properties": {
        "street_code": 23965,
        "street_name": "Rua Félix de Brito e Melo",
        "total_violations": 2828,
        "extension_km": 0.81,
        "violations_per_km": 3493.06,
        "by_year": {
          "2007": 133,
          "2008": 69,
          "2009": 383,
          "2010": 171,
          "2011": 92,
          "2012": 133,
          "2013": 105,
          "2014": 389,
          "2015": 104,
          "2016": 59,
          "2017": 74,
          "2018": 174,
          "2019": 208,
          "2020": 158,
          "2021": 186,
          "2022": 150,
          "2023": 99,
          "2024": 97,
          "2025": 44
        },
        "top_violation": {
          "description": "Estacionar o veículo em locais e horários proibidos especificamente pela sinalização (placa — Proibido Estacionar).",
          "percentage": 26.06
        }
      }
    },
    {
      "type": "Feature",
      "geometry": {
        "type": "GeometryCollection",
        "geometries": [
          {
            "type": "MultiLineString",
            "coordinates": [
              [
                [
                  -34.909168819,
                  -8.047502601
                ],
                [
                  -34.914756081,
                  -8.048204916
                ]
              ]
            ]
          }
        ]
      },
      "properties": {
        "street_code": 72656,
        "street_name": "Rua Dom Manoel da Costa",
        "total_violations": 2774,
        "extension_km": 0.62,
        "violations_per_km": 4466.55,
        "by_year": {
          "2007": 19,
          "2008": 18,
          "2009": 9,
          "2010": 45,
          "2011": 43,
          "2012": 33,
          "2013": 97,
          "2014": 203,
          "2015": 211,
          "2016": 150,
          "2017": 85,
          "2018": 59,
          "2019": 668,
          "2020": 233,
          "2021": 369,
          "2022": 119,
          "2023": 121,
          "2024": 82,
          "2025": 210
        },
        "top_violation": {
          "description": "Conduzir o veículo que não esteja registrado e devidamente licenciado.",
          "percentage": 23.25
        }
      }
    },
    {
      "type": "Feature",
      "geometry": {
        "type": "GeometryCollection",
        "geometries": [
          {
            "type": "MultiLineString",
            "coordinates": [
              [
                [
                  -34.91467726,
                  -8.067918255
                ],
                [
                  -34.914401367,
                  -8.066965753
                ]
              ],
              [
                [
                  -34.914401367,
                  -8.066965753
                ],
                [
                  -34.914710366,
                  -8.067907696
                ]
              ],
              [
                [
                  -34.912830045,
                  -8.061543585
                ],
                [
                  -34.914401367,
                  -8.066965753
                ]
              ],
              [
                [
                  -34.912579088,
                  -8.061112684
                ],
                [
                  -34.912691383,
                  -8.061521999
                ],
                [
                  -34.912830045,
                  -8.061543585
                ]
              ],
              [
                [
                  -34.91076997,
                  -8.057997083
                ],
                [
                  -34.912101227,
                  -8.059163653
                ],
                [
                  -34.912830045,
                  -8.061543585
                ]
              ],
              [
                [
                  -34.909521857,
                  -8.056944177
                ],
                [
                  -34.910652674,
                  -8.057898915
                ]
              ]
            ]
          }
        ]
      },
      "properties": {
        "street_code": 14982,
        "street_name": "Rua Carlos Gomes",
        "total_violations": 2762,
        "extension_km": 1.54,
        "violations_per_km": 1789.32,
        "by_year": {
          "2007": 48,
          "2008": 50,
          "2009": 203,
          "2010": 97,
          "2011": 30,
          "2012": 475,
          "2013": 266,
          "2014": 185,
          "2015": 383,
          "2016": 128,
          "2017": 99,
          "2018": 105,
          "2019": 106,
          "2020": 196,
          "2021": 151,
          "2022": 70,
          "2023": 75,
          "2024": 73,
          "2025": 22
        },
        "top_violation": {
          "description": "Transitar com o veículo na faixa ou pista da direita, regulamentada como de circulação exclusiva para determinado tipo de veículo, exceto para acesso a imóveis lindeiros ou conversões à direita.",
          "percentage": 14.48
        }
      }
    },
    {
      "type": "Feature",
      "geometry": {
        "type": "GeometryCollection",
        "geometries": [
          {
            "type": "MultiLineString",
            "coordinates": [
              [
                [
                  -34.88196658,
                  -8.071920792
                ],
                [
                  -34.881545883,
                  -8.071222632
                ],
                [
                  -34.880778388,
                  -8.071052243
                ],
                [
                  -34.88006873,
                  -8.071240156
                ],
                [
                  -34.879259235,
                  -8.071820197
                ]
              ]
            ]
          }
        ]
      },
      "properties": {
        "street_code": 66176,
        "street_name": "Praça das Cinco Pontas",
        "total_violations": 2694,
        "extension_km": 0.37,
        "violations_per_km": 7304.65,
        "by_year": {
          "2007": 73,
          "2008": 126,
          "2009": 144,
          "2010": 327,
          "2011": 131,
          "2012": 114,
          "2013": 85,
          "2014": 164,
          "2015": 253,
          "2016": 242,
          "2017": 100,
          "2018": 166,
          "2019": 330,
          "2020": 138,
          "2021": 140,
          "2022": 81,
          "2023": 52,
          "2024": 21,
          "2025": 7
        },
        "top_violation": {
          "description": "Estacionar o veículo em locais e horários proibidos especificamente pela sinalização (placa — Proibido Estacionar).",
          "percentage": 36.64
        }
      }
    },
    {
      "type": "Feature",
      "geometry": {
        "type": "GeometryCollection",
        "geometries": [
          {
            "type": "MultiLineString",
            "coordinates": [
              [
                [
                  -34.882217703,
                  -8.021549666
                ],
                [
                  -34.881860047,
                  -8.02026424
                ]
              ]
            ]
          }
        ]
      },
      "properties": {
        "street_code": 86789,
        "street_name": "Rua Ministro Albuquerque Lima",
        "total_violations": 2577,
        "extension_km": 0.15,
        "violations_per_km": 17464.05,
        "by_year": {
          "2007": 15,
          "2008": 17,
          "2009": 73,
          "2010": 19,
          "2011": 19,
          "2012": 7,
          "2013": 18,
          "2015": 9,
          "2018": 544,
          "2019": 1063,
          "2020": 122,
          "2023": 93,
          "2024": 198,
          "2025": 380
        },
        "top_violation": {
          "description": "Transitar com o veículo na faixa ou via de trânsito exclusivo, regulamentada com circulação destinada aos veículos de transporte público coletivo de passageiros, salvo casos de força maior e com autorização do poder público competente.",
          "percentage": 92.98
        }
      }
    },
    {
      "type": "Feature",
      "geometry": {
        "type": "GeometryCollection",
        "geometries": [
          {
            "type": "MultiLineString",
            "coordinates": [
              [
                [
                  -34.893015395,
                  -8.059001236
                ],
                [
                  -34.892681844,
                  -8.056636763
                ]
              ]
            ]
          }
        ]
      },
      "properties": {
        "street_code": 27138,
        "street_name": "Rua Gonçalves Maia",
        "total_violations": 2512,
        "extension_km": 0.26,
        "violations_per_km": 9499.44,
        "by_year": {
          "2007": 374,
          "2008": 343,
          "2009": 228,
          "2010": 242,
          "2011": 237,
          "2012": 83,
          "2013": 105,
          "2014": 142,
          "2015": 83,
          "2016": 62,
          "2017": 149,
          "2018": 162,
          "2019": 129,
          "2020": 50,
          "2021": 39,
          "2022": 40,
          "2023": 22,
          "2024": 20,
          "2025": 2
        },
        "top_violation": {
          "description": "Estacionar o veículo em locais e horários proibidos especificamente pela sinalização (placa — Proibido Estacionar).",
          "percentage": 34.99
        }
      }
    },
    {
      "type": "Feature",
      "geometry": {
        "type": "GeometryCollection",
        "geometries": [
          {
            "type": "MultiLineString",
            "coordinates": [
              [
                [
                  -34.949090941,
                  -8.112022433
                ],
                [
                  -34.949187324,
                  -8.112808321
                ]
              ]
            ]
          }
        ]
      },
      "properties": {
        "street_code": 7900,
        "street_name": "Rua Vitória",
        "total_violations": 2496,
        "extension_km": 0.09,
        "violations_per_km": 26332.78,
        "by_year": {
          "2007": 131,
          "2008": 500,
          "2009": 366,
          "2010": 120,
          "2011": 154,
          "2012": 112,
          "2013": 103,
          "2014": 120,
          "2015": 160,
          "2016": 107,
          "2017": 81,
          "2018": 98,
          "2019": 137,
          "2020": 91,
          "2021": 92,
          "2022": 38,
          "2023": 39,
          "2024": 42,
          "2025": 5
        },
        "top_violation": {
          "description": "Estacionar o veículo em locais e horários proibidos especificamente pela sinalização (placa — Proibido Estacionar).",
          "percentage": 40.06
        }
      }
    },
    {
      "type": "Feature",
      "geometry": {
        "type": "GeometryCollection",
        "geometries": [
          {
            "type": "MultiLineString",
            "coordinates": [
              [
                [
                  -34.892736391,
                  -8.068565141
                ],
                [
                  -34.892295331,
                  -8.067643959
                ],
                [
                  -34.892577441,
                  -8.066924724
                ],
                [
                  -34.893134625,
                  -8.066312204
                ]
              ],
              [
                [
                  -34.893134625,
                  -8.066312204
                ],
                [
                  -34.893204445,
                  -8.066289072
                ]
              ],
              [
                [
                  -34.893137226,
                  -8.066242978
                ],
                [
                  -34.893134625,
                  -8.066312204
                ]
              ]
            ]
          }
        ]
      },
      "properties": {
        "street_code": 36153,
        "street_name": "Rua Capitão José da Luz",
        "total_violations": 2425,
        "extension_km": 0.31,
        "violations_per_km": 7849.87,
        "by_year": {
          "2007": 12,
          "2008": 12,
          "2009": 22,
          "2010": 65,
          "2011": 61,
          "2012": 10,
          "2013": 54,
          "2014": 32,
          "2015": 347,
          "2016": 20,
          "2017": 35,
          "2018": 154,
          "2019": 122,
          "2020": 50,
          "2021": 47,
          "2022": 37,
          "2023": 360,
          "2024": 764,
          "2025": 221
        },
        "top_violation": {
          "description": "Estacionar o veículo em desacordo com as condições regulamentadas - estacionamento rotativo.",
          "percentage": 45.61
        }
      }
    },
    {
      "type": "Feature",
      "geometry": {
        "type": "GeometryCollection",
        "geometries": [
          {
            "type": "MultiLineString",
            "coordinates": [
              [
                [
                  -34.928571319,
                  -8.07584931
                ],
                [
                  -34.930343345,
                  -8.07542724
                ]
              ]
            ]
          }
        ]
      },
      "properties": {
        "street_code": 119008,
        "street_name": "1ª Travessa João Cabral de Melo Neto",
        "total_violations": 2342,
        "extension_km": 0.2,
        "violations_per_km": 11511.99,
        "by_year": {
          "2007": 45,
          "2008": 13,
          "2009": 19,
          "2010": 29,
          "2011": 70,
          "2012": 433,
          "2013": 873,
          "2014": 192,
          "2015": 52,
          "2016": 34,
          "2017": 28,
          "2018": 32,
          "2019": 40,
          "2020": 46,
          "2021": 82,
          "2022": 105,
          "2023": 74,
          "2024": 170,
          "2025": 5
        },
        "top_violation": {
          "description": "Transitar em velocidade superior à máxima permitida para o local, medida por instrumento ou equipamento hábil — quando a velocidade for superior à máxima em até 20% (vinte por cento).",
          "percentage": 50.38
        }
      }
    },
    {
      "type": "Feature",
      "geometry": {
        "type": "GeometryCollection",
        "geometries": [
          {
            "type": "MultiLineString",
            "coordinates": [
              [
                [
                  -34.872170296,
                  -8.040795828
                ],
                [
                  -34.873649751,
                  -8.039677458
                ],
                [
                  -34.874194153,
                  -8.039765306
                ],
                [
                  -34.874526932,
                  -8.040106303
                ],
                [
                  -34.874906969,
                  -8.041075565
                ],
                [
                  -34.875565039,
                  -8.042062568
                ]
              ]
            ]
          }
        ]
      },
      "properties": {
        "street_code": 15466,
        "street_name": "Rua dos Casados",
        "total_violations": 2333,
        "extension_km": 0.57,
        "violations_per_km": 4086.1,
        "by_year": {
          "2009": 1,
          "2010": 3,
          "2013": 37,
          "2014": 6,
          "2015": 1,
          "2017": 8,
          "2019": 80,
          "2020": 57,
          "2021": 634,
          "2022": 876,
          "2023": 337,
          "2024": 276,
          "2025": 17
        },
        "top_violation": {
          "description": "Estacionar o veículo em desacordo com as condições regulamentadas - estacionamento rotativo.",
          "percentage": 89.41
        }
      }
    },
    {
      "type": "Feature",
      "geometry": {
        "type": "GeometryCollection",
        "geometries": [
          {
            "type": "MultiLineString",
            "coordinates": [
              [
                [
                  -34.906133252,
                  -8.079300182
                ],
                [
                  -34.90624803,
                  -8.078463495
                ]
              ]
            ]
          }
        ]
      },
      "properties": {
        "street_code": 85251,
        "street_name": "Rua General Christóvam Colombo de Souza",
        "total_violations": 2312,
        "extension_km": 0.09,
        "violations_per_km": 24751.41,
        "by_year": {
          "2017": 14,
          "2018": 116,
          "2019": 376,
          "2020": 1335,
          "2021": 348,
          "2022": 27,
          "2023": 18,
          "2024": 52,
          "2025": 26
        },
        "top_violation": {
          "description": "Estacionar o veículo em locais e horários proibidos especificamente pela sinalização (placa — Proibido Estacionar).",
          "percentage": 85.29
        }
      }
    },
    {
      "type": "Feature",
      "geometry": {
        "type": "GeometryCollection",
        "geometries": [
          {
            "type": "MultiLineString",
            "coordinates": [
              [
                [
                  -34.883879668,
                  -8.063055773
                ],
                [
                  -34.884086561,
                  -8.063839786
                ],
                [
                  -34.883930251,
                  -8.064438518
                ]
              ]
            ]
          }
        ]
      },
      "properties": {
        "street_code": 12785,
        "street_name": "Rua Bulhões Marques",
        "total_violations": 2255,
        "extension_km": 0.16,
        "violations_per_km": 14250.45,
        "by_year": {
          "2007": 247,
          "2008": 83,
          "2009": 155,
          "2010": 253,
          "2011": 102,
          "2012": 23,
          "2013": 217,
          "2014": 148,
          "2015": 258,
          "2016": 139,
          "2017": 257,
          "2018": 161,
          "2019": 78,
          "2020": 71,
          "2021": 22,
          "2022": 7,
          "2023": 18,
          "2024": 16
        },
        "top_violation": {
          "description": "Estacionar o veículo em locais e horários proibidos especificamente pela sinalização (placa — Proibido Estacionar).",
          "percentage": 73.66
        }
      }
    },
    {
      "type": "Feature",
      "geometry": {
        "type": "GeometryCollection",
        "geometries": [
          {
            "type": "MultiLineString",
            "coordinates": [
              [
                [
                  -34.880411424,
                  -8.0626895
                ],
                [
                  -34.881599417,
                  -8.062000046
                ]
              ],
              [
                [
                  -34.881662402,
                  -8.062084614
                ],
                [
                  -34.880461234,
                  -8.062775471
                ]
              ]
            ]
          }
        ]
      },
      "properties": {
        "street_code": 67326,
        "street_name": "Ponte Duarte Coelho",
        "total_violations": 2137,
        "extension_km": 0.3,
        "violations_per_km": 7014.29,
        "by_year": {
          "2007": 16,
          "2008": 30,
          "2009": 159,
          "2010": 325,
          "2011": 236,
          "2012": 113,
          "2013": 99,
          "2014": 533,
          "2015": 19,
          "2016": 18,
          "2017": 46,
          "2018": 147,
          "2019": 114,
          "2020": 170,
          "2021": 15,
          "2022": 26,
          "2023": 37,
          "2024": 33,
          "2025": 1
        },
        "top_violation": {
          "description": "Avançar o sinal vermelho do semáforo - fiscalização eletrônica.",
          "percentage": 51.66
        }
      }
    },
    {
      "type": "Feature",
      "geometry": {
        "type": "GeometryCollection",
        "geometries": [
          {
            "type": "MultiLineString",
            "coordinates": [
              [
                [
                  -34.968363701,
                  -8.022484295
                ],
                [
                  -34.968769331,
                  -8.022181783
                ],
                [
                  -34.969464791,
                  -8.022072699
                ],
                [
                  -34.96956144,
                  -8.021715808
                ],
                [
                  -34.969922292,
                  -8.021341614
                ]
              ]
            ]
          }
        ]
      },
      "properties": {
        "street_code": 119202,
        "street_name": "Travessa Pernambuco",
        "total_violations": 2116,
        "extension_km": 0.24,
        "violations_per_km": 8929,
        "by_year": {
          "2007": 3,
          "2008": 5,
          "2009": 48,
          "2010": 33,
          "2011": 78,
          "2012": 38,
          "2013": 51,
          "2014": 58,
          "2015": 47,
          "2016": 34,
          "2017": 40,
          "2018": 39,
          "2019": 38,
          "2020": 72,
          "2021": 44,
          "2022": 271,
          "2023": 57,
          "2024": 947,
          "2025": 213
        },
        "top_violation": {
          "description": "Dirigir o veículo usando calçado que não se firme nos pés ou que comprometa a utilização dos pedais.",
          "percentage": 35.68
        }
      }
    },
    {
      "type": "Feature",
      "geometry": {
        "type": "GeometryCollection",
        "geometries": [
          {
            "type": "MultiLineString",
            "coordinates": [
              [
                [
                  -34.883110325,
                  -8.090994312
                ],
                [
                  -34.883664814,
                  -8.094002146
                ],
                [
                  -34.884737995,
                  -8.097874418
                ]
              ]
            ]
          }
        ]
      },
      "properties": {
        "street_code": 56863,
        "street_name": "Rua Capitão Rebelinho",
        "total_violations": 1933,
        "extension_km": 0.79,
        "violations_per_km": 2444.47,
        "by_year": {
          "2007": 1,
          "2008": 17,
          "2009": 9,
          "2010": 8,
          "2011": 227,
          "2012": 496,
          "2013": 210,
          "2014": 284,
          "2015": 74,
          "2016": 56,
          "2017": 75,
          "2018": 97,
          "2019": 115,
          "2020": 43,
          "2021": 62,
          "2022": 52,
          "2023": 46,
          "2024": 25,
          "2025": 36
        },
        "top_violation": {
          "description": "Estacionar o veículo em locais e horários proibidos especificamente pela sinalização (placa — Proibido Estacionar).",
          "percentage": 49.92
        }
      }
    },
    {
      "type": "Feature",
      "geometry": {
        "type": "GeometryCollection",
        "geometries": [
          {
            "type": "MultiLineString",
            "coordinates": [
              [
                [
                  -34.908848616,
                  -8.082393119
                ],
                [
                  -34.906640357,
                  -8.082690503
                ]
              ]
            ]
          }
        ]
      },
      "properties": {
        "street_code": 9016,
        "street_name": "Rua Professor Augusto Wanderley Filho",
        "total_violations": 1559,
        "extension_km": 0.25,
        "violations_per_km": 6345.71,
        "by_year": {
          "2007": 31,
          "2008": 14,
          "2009": 14,
          "2010": 9,
          "2011": 41,
          "2012": 36,
          "2013": 33,
          "2014": 36,
          "2015": 27,
          "2016": 14,
          "2017": 21,
          "2018": 15,
          "2019": 20,
          "2020": 82,
          "2021": 95,
          "2022": 132,
          "2023": 200,
          "2024": 396,
          "2025": 343
        },
        "top_violation": {
          "description": "Conduzir o veículo que não esteja registrado e devidamente licenciado.",
          "percentage": 40.22
        }
      }
    },
    {
      "type": "Feature",
      "geometry": {
        "type": "GeometryCollection",
        "geometries": [
          {
            "type": "MultiLineString",
            "coordinates": [
              [
                [
                  -34.881015947,
                  -8.01787462
                ],
                [
                  -34.880914438,
                  -8.017338007
                ],
                [
                  -34.880525308,
                  -8.017417075
                ]
              ]
            ]
          }
        ]
      },
      "properties": {
        "street_code": 86983,
        "street_name": "Rua Walmir Moraes",
        "total_violations": 1115,
        "extension_km": 0.1,
        "violations_per_km": 10700.46,
        "by_year": {
          "2007": 129,
          "2008": 42,
          "2009": 69,
          "2010": 288,
          "2011": 81,
          "2012": 135,
          "2013": 280,
          "2014": 34,
          "2015": 30,
          "2016": 27
        },
        "top_violation": {
          "description": "Dirigir o veículo utilizando-se de fones nos ouvidos conectados a aparelhagem sonora ou de telefone celular.",
          "percentage": 30.85
        }
      }
    },
    {
      "type": "Feature",
      "geometry": {
        "type": "GeometryCollection",
        "geometries": [
          {
            "type": "MultiLineString",
            "coordinates": [
              [
                [
                  -34.943164,
                  -8.038174243
                ],
                [
                  -34.942961016,
                  -8.037364311
                ],
                [
                  -34.943269495,
                  -8.036624639
                ],
                [
                  -34.944103646,
                  -8.036164755
                ],
                [
                  -34.944999559,
                  -8.036334662
                ]
              ]
            ]
          }
        ]
      },
      "properties": {
        "street_code": 39950,
        "street_name": "Avenida Luiz de Lacerda",
        "total_violations": 1021,
        "extension_km": 0.39,
        "violations_per_km": 2600.6,
        "by_year": {
          "2010": 10,
          "2014": 2,
          "2015": 2,
          "2016": 18,
          "2017": 4,
          "2018": 10,
          "2019": 35,
          "2020": 28,
          "2021": 16,
          "2022": 24,
          "2023": 129,
          "2024": 622,
          "2025": 121
        },
        "top_violation": {
          "description": "Conduzir o veículo que não esteja registrado e devidamente licenciado.",
          "percentage": 33.99
        }
      }
    },
    {
      "type": "Feature",
      "geometry": {
        "type": "GeometryCollection",
        "geometries": [
          {
            "type": "MultiLineString",
            "coordinates": [
              [
                [
                  -34.927175754,
                  -8.103279177
                ],
                [
                  -34.926531542,
                  -8.1078611
                ]
              ]
            ]
          }
        ]
      },
      "properties": {
        "street_code": 167,
        "street_name": "Rua Abdias Cabral de Moura",
        "total_violations": 970,
        "extension_km": 0.51,
        "violations_per_km": 1895.22,
        "by_year": {
          "2007": 2,
          "2008": 1,
          "2011": 2,
          "2012": 2,
          "2014": 12,
          "2015": 21,
          "2016": 5,
          "2017": 13,
          "2018": 49,
          "2019": 19,
          "2020": 32,
          "2021": 20,
          "2022": 116,
          "2023": 90,
          "2024": 139,
          "2025": 447
        },
        "top_violation": {
          "description": "Transitar pela contramão de direção em vias com sinalização de regulamentação de sentido único de circulação.",
          "percentage": 89.69
        }
      }
    },
    {
      "type": "Feature",
      "geometry": {
        "type": "GeometryCollection",
        "geometries": [
          {
            "type": "MultiLineString",
            "coordinates": [
              [
                [
                  -34.940629728,
                  -8.060057345
                ],
                [
                  -34.939581893,
                  -8.060299353
                ]
              ]
            ]
          }
        ]
      },
      "properties": {
        "street_code": 36749,
        "street_name": "Rua Oito de Março",
        "total_violations": 942,
        "extension_km": 0.12,
        "violations_per_km": 7943.64,
        "by_year": {
          "2007": 191,
          "2008": 266,
          "2009": 69,
          "2010": 57,
          "2011": 82,
          "2012": 140,
          "2013": 69,
          "2014": 36,
          "2015": 28,
          "2016": 1,
          "2017": 1,
          "2019": 2
        },
        "top_violation": {
          "description": "Transitar em locais e horários não permitidos pela regulamentação estabelecida pela autoridade competente — para todos os tipos de veículos.",
          "percentage": 89.38
        }
      }
    },
    {
      "type": "Feature",
      "geometry": {
        "type": "GeometryCollection",
        "geometries": [
          {
            "type": "MultiLineString",
            "coordinates": [
              [
                [
                  -34.933100103,
                  -8.004049532
                ],
                [
                  -34.932982916,
                  -8.003532221
                ]
              ],
              [
                [
                  -34.932982916,
                  -8.003532221
                ],
                [
                  -34.933498272,
                  -8.003356435
                ]
              ],
              [
                [
                  -34.932982916,
                  -8.003532221
                ],
                [
                  -34.932765724,
                  -8.003574605
                ],
                [
                  -34.932170741,
                  -8.003188296
                ]
              ]
            ]
          }
        ]
      },
      "properties": {
        "street_code": 86312,
        "street_name": "Rua Água Santa",
        "total_violations": 740,
        "extension_km": 0.23,
        "violations_per_km": 3282.31,
        "by_year": {
          "2010": 1,
          "2012": 3,
          "2013": 734,
          "2014": 2
        },
        "top_violation": {
          "description": "Transitar em velocidade superior à máxima permitida para o local, medida por instrumento ou equipamento hábil — quando a velocidade for superior à máxima em até 20% (vinte por cento).",
          "percentage": 87.57
        }
      }
    },
    {
      "type": "Feature",
      "geometry": {
        "type": "GeometryCollection",
        "geometries": [
          {
            "type": "MultiLineString",
            "coordinates": [
              [
                [
                  -34.908982854,
                  -8.081889485
                ],
                [
                  -34.908840213,
                  -8.082451923
                ],
                [
                  -34.908913117,
                  -8.082950522
                ]
              ]
            ]
          }
        ]
      },
      "properties": {
        "street_code": 8885,
        "street_name": "Rua Augusto Calheiros",
        "total_violations": 488,
        "extension_km": 0.12,
        "violations_per_km": 4059.99,
        "by_year": {
          "2007": 289,
          "2008": 13,
          "2009": 15,
          "2010": 25,
          "2011": 14,
          "2012": 9,
          "2013": 16,
          "2014": 29,
          "2015": 2,
          "2016": 14,
          "2017": 9,
          "2018": 9,
          "2019": 11,
          "2020": 5,
          "2021": 5,
          "2022": 6,
          "2023": 8,
          "2024": 6,
          "2025": 3
        },
        "top_violation": {
          "description": "Avançar o sinal de parada obrigatória.",
          "percentage": 53.28
        }
      }
    }
  ]
}