{
  "type": "FeatureCollection",
  "generator": "overpass-turbo",
  "copyright": "The data included in this document is from www.openstreetmap.org. The data is made available under ODbL.",
  "timestamp": "2025-10-17T17:39:36Z",
  "features": [
    {
      "type": "Feature",
      "properties": {
        "@id": "way/681772917",
        "access": "yes",
        "amenity": "bicycle_parking",
        "covered": "yes"
      },
      "geometry": {
        "type": "Polygon",
        "coordinates": [
          [
            [
              -34.9813177,
              -8.0639748
            ],
            [
              -34.9813152,
              -8.0639857
            ],
            [
              -34.9813126,
              -8.0639968
            ],
            [
              -34.981295,
              -8.0639928
            ],
            [
              -34.9813001,
              -8.0639708
            ],
            [
              -34.9813177,
              -8.0639748
            ]
          ]
        ]
      },
      "id": "way/681772917"
    },
    {
      "type": "Feature",
      "properties": {
        "@id": "way/730870939",
        "amenity": "bicycle_parking"
      },
      "geometry": {
        "type": "Polygon",
        "coordinates": [
          [
            [
              -34.950594,
              -8.0140292
            ],
            [
              -34.950582,
              -8.014041
            ],
            [
              -34.9505235,
              -8.013991
            ],
            [
              -34.9505355,
              -8.0139765
            ],
            [
              -34.950594,
              -8.0140292
            ]
          ]
        ]
      },
      "id": "way/730870939"
    },
    {
      "type": "Feature",
      "properties": {
        "@id": "way/854077419",
        "access": "yes",
        "amenity": "bicycle_parking",
        "bicycle_parking": "stands",
        "capacity": "50",
        "covered": "yes",
        "fee": "no",
        "operator": "Grupo Big",
        "operator:type": "private"
      },
      "geometry": {
        "type": "Polygon",
        "coordinates": [
          [
            [
              -34.9292632,
              -8.0972552
            ],
            [
              -34.9292357,
              -8.0974607
            ],
            [
              -34.9291156,
              -8.0974449
            ],
            [
              -34.9291431,
              -8.0972394
            ],
            [
              -34.9292632,
              -8.0972552
            ]
          ]
        ]
      },
      "id": "way/854077419"
    },
    {
      "type": "Feature",
      "properties": {
        "@id": "way/895031808",
        "access": "private",
        "amenity": "bicycle_parking",
        "bicycle_parking": "stands",
        "capacity": "1000",
        "covered": "no",
        "fee": "no",
        "level": "0",
        "lit": "yes"
      },
      "geometry": {
        "type": "Polygon",
        "coordinates": [
          [
            [
              -34.925642,
              -8.0610056
            ],
            [
              -34.9256548,
              -8.0610354
            ],
            [
              -34.9250907,
              -8.0612736
            ],
            [
              -34.9250294,
              -8.0612995
            ],
            [
              -34.9249587,
              -8.0613293
            ],
            [
              -34.9249458,
              -8.0612993
            ],
            [
              -34.925642,
              -8.0610056
            ]
          ]
        ]
      },
      "id": "way/895031808"
    },
    {
      "type": "Feature",
      "properties": {
        "@id": "way/942402204",
        "amenity": "bicycle_parking"
      },
      "geometry": {
        "type": "Polygon",
        "coordinates": [
          [
            [
              -34.9102245,
              -8.1211354
            ],
            [
              -34.9101691,
              -8.1211475
            ],
            [
              -34.910031,
              -8.1205274
            ],
            [
              -34.9100864,
              -8.1205153
            ],
            [
              -34.9102245,
              -8.1211354
            ]
          ]
        ]
      },
      "id": "way/942402204"
    },
    {
      "type": "Feature",
      "properties": {
        "@id": "way/942402205",
        "amenity": "bicycle_parking"
      },
      "geometry": {
        "type": "Polygon",
        "coordinates": [
          [
            [
              -34.9102774,
              -8.1213539
            ],
            [
              -34.9102304,
              -8.1213645
            ],
            [
              -34.9101852,
              -8.1211686
            ],
            [
              -34.9102322,
              -8.121158
            ],
            [
              -34.9102774,
              -8.1213539
            ]
          ]
        ]
      },
      "id": "way/942402205"
    },
    {
      "type": "Feature",
      "properties": {
        "@id": "way/942402206",
        "amenity": "bicycle_parking",
        "building": "yes"
      },
      "geometry": {
        "type": "Polygon",
        "coordinates": [
          [
            [
              -34.9103571,
              -8.1216992
            ],
            [
              -34.9103102,
              -8.1217099
            ],
            [
              -34.9102304,
              -8.1213645
            ],
            [
              -34.9102774,
              -8.1213539
            ],
            [
              -34.9103571,
              -8.1216992
            ]
          ]
        ]
      },
      "id": "way/942402206"
    },
    {
      "type": "Feature",
      "properties": {
        "@id": "way/1014955396",
        "access": "yes",
        "amenity": "bicycle_parking",
        "bicycle_parking": "stands",
        "capacity": "10"
      },
      "geometry": {
        "type": "Polygon",
        "coordinates": [
          [
            [
              -34.962692,
              -8.0233073
            ],
            [
              -34.9626866,
              -8.0233441
            ],
            [
              -34.9626388,
              -8.023319
            ],
            [
              -34.9626554,
              -8.0232881
            ],
            [
              -34.962692,
              -8.0233073
            ]
          ]
        ]
      },
      "id": "way/1014955396"
    },
    {
      "type": "Feature",
      "properties": {
        "@id": "way/1018943843",
        "amenity": "bicycle_parking"
      },
      "geometry": {
        "type": "Polygon",
        "coordinates": [
          [
            [
              -34.9495945,
              -8.0587654
            ],
            [
              -34.9496445,
              -8.0589265
            ],
            [
              -34.9495936,
              -8.058942
            ],
            [
              -34.9495436,
              -8.0587809
            ],
            [
              -34.9495945,
              -8.0587654
            ]
          ]
        ]
      },
      "id": "way/1018943843"
    },
    {
      "type": "Feature",
      "properties": {
        "@id": "way/1023664092",
        "access": "private",
        "amenity": "bicycle_parking"
      },
      "geometry": {
        "type": "Polygon",
        "coordinates": [
          [
            [
              -34.8820904,
              -8.0146143
            ],
            [
              -34.8820932,
              -8.0146263
            ],
            [
              -34.8819183,
              -8.0146707
            ],
            [
              -34.8819155,
              -8.0146589
            ],
            [
              -34.8820904,
              -8.0146143
            ]
          ]
        ]
      },
      "id": "way/1023664092"
    },
    {
      "type": "Feature",
      "properties": {
        "@id": "way/1023700590",
        "amenity": "bicycle_parking"
      },
      "geometry": {
        "type": "Polygon",
        "coordinates": [
          [
            [
              -34.882651,
              -8.0140177
            ],
            [
              -34.8825234,
              -8.0140452
            ],
            [
              -34.8825311,
              -8.0140414
            ],
            [
              -34.882535,
              -8.0140385
            ],
            [
              -34.8825377,
              -8.0140346
            ],
            [
              -34.8825392,
              -8.0140284
            ],
            [
              -34.882648,
              -8.0140041
            ],
            [
              -34.882651,
              -8.0140177
            ]
          ]
        ]
      },
      "id": "way/1023700590"
    },
    {
      "type": "Feature",
      "properties": {
        "@id": "way/1023718703",
        "amenity": "bicycle_parking",
        "description": "bicicletário e dock de patinete elétrico"
      },
      "geometry": {
        "type": "Polygon",
        "coordinates": [
          [
            [
              -34.8988062,
              -8.0376193
            ],
            [
              -34.8988766,
              -8.0376182
            ],
            [
              -34.8988768,
              -8.0376351
            ],
            [
              -34.8988625,
              -8.0376353
            ],
            [
              -34.8987915,
              -8.0376362
            ],
            [
              -34.8988062,
              -8.0376193
            ]
          ]
        ]
      },
      "id": "way/1023718703"
    },
    {
      "type": "Feature",
      "properties": {
        "@id": "way/1025570799",
        "amenity": "bicycle_parking"
      },
      "geometry": {
        "type": "Polygon",
        "coordinates": [
          [
            [
              -34.9432273,
              -8.0447883
            ],
            [
              -34.9432363,
              -8.0448098
            ],
            [
              -34.9431898,
              -8.0448278
            ],
            [
              -34.9431796,
              -8.0448022
            ],
            [
              -34.9432159,
              -8.0447878
            ],
            [
              -34.9432174,
              -8.0447922
            ],
            [
              -34.9432273,
              -8.0447883
            ]
          ]
        ]
      },
      "id": "way/1025570799"
    },
    {
      "type": "Feature",
      "properties": {
        "@id": "way/1299581322",
        "amenity": "bicycle_parking"
      },
      "geometry": {
        "type": "Polygon",
        "coordinates": [
          [
            [
              -34.9122897,
              -8.1150662
            ],
            [
              -34.9123107,
              -8.1153472
            ],
            [
              -34.9121073,
              -8.1153822
            ],
            [
              -34.9120832,
              -8.1151618
            ],
            [
              -34.9119973,
              -8.1151724
            ],
            [
              -34.9119889,
              -8.1150987
            ],
            [
              -34.9122897,
              -8.1150662
            ]
          ]
        ]
      },
      "id": "way/1299581322"
    },
    {
      "type": "Feature",
      "properties": {
        "@id": "way/681772917",
        "access": "yes",
        "amenity": "bicycle_parking",
        "covered": "yes",
        "@geometry": "center"
      },
      "geometry": {
        "type": "Point",
        "coordinates": [
          -34.9813063,
          -8.0639838
        ]
      },
      "id": "way/681772917"
    },
    {
      "type": "Feature",
      "properties": {
        "@id": "way/730870939",
        "amenity": "bicycle_parking",
        "@geometry": "center"
      },
      "geometry": {
        "type": "Point",
        "coordinates": [
          -34.9505587,
          -8.0140088
        ]
      },
      "id": "way/730870939"
    },
    {
      "type": "Feature",
      "properties": {
        "@id": "way/854077419",
        "access": "yes",
        "amenity": "bicycle_parking",
        "bicycle_parking": "stands",
        "capacity": "50",
        "covered": "yes",
        "fee": "no",
        "operator": "Grupo Big",
        "operator:type": "private",
        "@geometry": "center"
      },
      "geometry": {
        "type": "Point",
        "coordinates": [
          -34.9291894,
          -8.0973501
        ]
      },
      "id": "way/854077419"
    },
    {
      "type": "Feature",
      "properties": {
        "@id": "way/895031808",
        "access": "private",
        "amenity": "bicycle_parking",
        "bicycle_parking": "stands",
        "capacity": "1000",
        "covered": "no",
        "fee": "no",
        "level": "0",
        "lit": "yes",
        "@geometry": "center"
      },
      "geometry": {
        "type": "Point",
        "coordinates": [
          -34.9253003,
          -8.0611674
        ]
      },
      "id": "way/895031808"
    },
    {
      "type": "Feature",
      "properties": {
        "@id": "way/942402204",
        "amenity": "bicycle_parking",
        "@geometry": "center"
      },
      "geometry": {
        "type": "Point",
        "coordinates": [
          -34.9101278,
          -8.1208314
        ]
      },
      "id": "way/942402204"
    },
    {
      "type": "Feature",
      "properties": {
        "@id": "way/942402205",
        "amenity": "bicycle_parking",
        "@geometry": "center"
      },
      "geometry": {
        "type": "Point",
        "coordinates": [
          -34.9102313,
          -8.1212612
        ]
      },
      "id": "way/942402205"
    },
    {
      "type": "Feature",
      "properties": {
        "@id": "way/942402206",
        "amenity": "bicycle_parking",
        "building": "yes",
        "@geometry": "center"
      },
      "geometry": {
        "type": "Point",
        "coordinates": [
          -34.9102938,
          -8.1215319
        ]
      },
      "id": "way/942402206"
    },
    {
      "type": "Feature",
      "properties": {
        "@id": "way/1014955396",
        "access": "yes",
        "amenity": "bicycle_parking",
        "bicycle_parking": "stands",
        "capacity": "10",
        "@geometry": "center"
      },
      "geometry": {
        "type": "Point",
        "coordinates": [
          -34.9626654,
          -8.0233161
        ]
      },
      "id": "way/1014955396"
    },
    {
      "type": "Feature",
      "properties": {
        "@id": "way/1018943843",
        "amenity": "bicycle_parking",
        "@geometry": "center"
      },
      "geometry": {
        "type": "Point",
        "coordinates": [
          -34.9495941,
          -8.0588537
        ]
      },
      "id": "way/1018943843"
    },
    {
      "type": "Feature",
      "properties": {
        "@id": "way/1023664092",
        "access": "private",
        "amenity": "bicycle_parking",
        "@geometry": "center"
      },
      "geometry": {
        "type": "Point",
        "coordinates": [
          -34.8820044,
          -8.0146425
        ]
      },
      "id": "way/1023664092"
    },
    {
      "type": "Feature",
      "properties": {
        "@id": "way/1023700590",
        "amenity": "bicycle_parking",
        "@geometry": "center"
      },
      "geometry": {
        "type": "Point",
        "coordinates": [
          -34.8825872,
          -8.0140246
        ]
      },
      "id": "way/1023700590"
    },
    {
      "type": "Feature",
      "properties": {
        "@id": "way/1023718703",
        "amenity": "bicycle_parking",
        "description": "bicicletário e dock de patinete elétrico",
        "@geometry": "center"
      },
      "geometry": {
        "type": "Point",
        "coordinates": [
          -34.8988341,
          -8.0376272
        ]
      },
      "id": "way/1023718703"
    },
    {
      "type": "Feature",
      "properties": {
        "@id": "way/1025570799",
        "amenity": "bicycle_parking",
        "@geometry": "center"
      },
      "geometry": {
        "type": "Point",
        "coordinates": [
          -34.943208,
          -8.0448078
        ]
      },
      "id": "way/1025570799"
    },
    {
      "type": "Feature",
      "properties": {
        "@id": "node/1120614474",
        "access": "permissive",
        "amenity": "bicycle_parking",
        "capacity": "30",
        "covered": "no",
        "name": "bicicletário da CHESF"
      },
      "geometry": {
        "type": "Point",
        "coordinates": [
          -34.9305952,
          -8.0653027
        ]
      },
      "id": "node/1120614474"
    },
    {
      "type": "Feature",
      "properties": {
        "@id": "way/1299581322",
        "amenity": "bicycle_parking",
        "@geometry": "center"
      },
      "geometry": {
        "type": "Point",
        "coordinates": [
          -34.9121498,
          -8.1152242
        ]
      },
      "id": "way/1299581322"
    },
    {
      "type": "Feature",
      "properties": {
        "@id": "node/1641806473",
        "amenity": "bicycle_parking",
        "name": "bicicletário do banco santander"
      },
      "geometry": {
        "type": "Point",
        "coordinates": [
          -34.9119148,
          -8.0557354
        ]
      },
      "id": "node/1641806473"
    },
    {
      "type": "Feature",
      "properties": {
        "@id": "node/1678273356",
        "amenity": "bicycle_parking",
        "capacity": "30",
        "covered": "no",
        "fee": "no"
      },
      "geometry": {
        "type": "Point",
        "coordinates": [
          -34.9244554,
          -8.0580881
        ]
      },
      "id": "node/1678273356"
    },
    {
      "type": "Feature",
      "properties": {
        "@id": "node/3717693353",
        "amenity": "bicycle_parking",
        "bicycle_parking": "stands",
        "capacity": "10",
        "covered": "no",
        "fee": "no"
      },
      "geometry": {
        "type": "Point",
        "coordinates": [
          -34.913702,
          -8.0923353
        ]
      },
      "id": "node/3717693353"
    },
    {
      "type": "Feature",
      "properties": {
        "@id": "node/3718586691",
        "amenity": "bicycle_parking",
        "bicycle_parking": "stands",
        "operator": "Club Fitness"
      },
      "geometry": {
        "type": "Point",
        "coordinates": [
          -34.916976,
          -8.0955433
        ]
      },
      "id": "node/3718586691"
    },
    {
      "type": "Feature",
      "properties": {
        "@id": "node/3718670770",
        "amenity": "bicycle_parking",
        "covered": "yes"
      },
      "geometry": {
        "type": "Point",
        "coordinates": [
          -34.9147823,
          -8.1342568
        ]
      },
      "id": "node/3718670770"
    },
    {
      "type": "Feature",
      "properties": {
        "@id": "node/3720515981",
        "amenity": "bicycle_parking",
        "bicycle_parking": "wall_loops",
        "capacity": "7",
        "check_date": "2025-06-21",
        "covered": "no"
      },
      "geometry": {
        "type": "Point",
        "coordinates": [
          -34.870791,
          -8.0627541
        ]
      },
      "id": "node/3720515981"
    },
    {
      "type": "Feature",
      "properties": {
        "@id": "node/3720546957",
        "amenity": "bicycle_parking",
        "bicycle_parking": "stands",
        "capacity": "10",
        "covered": "no"
      },
      "geometry": {
        "type": "Point",
        "coordinates": [
          -34.8742595,
          -8.0650003
        ]
      },
      "id": "node/3720546957"
    },
    {
      "type": "Feature",
      "properties": {
        "@id": "node/3720546958",
        "amenity": "bicycle_parking",
        "bicycle_parking": "stands",
        "capacity": "10",
        "covered": "no"
      },
      "geometry": {
        "type": "Point",
        "coordinates": [
          -34.8744554,
          -8.0641911
        ]
      },
      "id": "node/3720546958"
    },
    {
      "type": "Feature",
      "properties": {
        "@id": "node/3772348324",
        "amenity": "bicycle_parking",
        "bicycle_parking": "stands",
        "capacity": "20"
      },
      "geometry": {
        "type": "Point",
        "coordinates": [
          -34.930183,
          -8.0654948
        ]
      },
      "id": "node/3772348324"
    },
    {
      "type": "Feature",
      "properties": {
        "@id": "node/3772348325",
        "amenity": "bicycle_parking",
        "capacity": "10",
        "name": "Academia Chesf"
      },
      "geometry": {
        "type": "Point",
        "coordinates": [
          -34.9310761,
          -8.0657909
        ]
      },
      "id": "node/3772348325"
    },
    {
      "type": "Feature",
      "properties": {
        "@id": "node/3809963426",
        "access": "permissive",
        "amenity": "bicycle_parking",
        "bicycle_parking": "wall_loops",
        "covered": "no",
        "name": "Cais do Sertão"
      },
      "geometry": {
        "type": "Point",
        "coordinates": [
          -34.8704502,
          -8.0612281
        ]
      },
      "id": "node/3809963426"
    },
    {
      "type": "Feature",
      "properties": {
        "@id": "node/3853310366",
        "access": "permissive",
        "amenity": "bicycle_parking",
        "bicycle_parking": "stands",
        "capacity": "8",
        "check_date:capacity": "2020-12-18",
        "covered": "no",
        "name": "Bicicletário do Edf. Parnamirim"
      },
      "geometry": {
        "type": "Point",
        "coordinates": [
          -34.9131265,
          -8.0322838
        ]
      },
      "id": "node/3853310366"
    },
    {
      "type": "Feature",
      "properties": {
        "@id": "node/3869788783",
        "access": "yes",
        "amenity": "bicycle_parking",
        "bicycle_parking": "wall_loops",
        "capacity": "8",
        "name": "Bicicletário Alepe",
        "supervised": "yes"
      },
      "geometry": {
        "type": "Point",
        "coordinates": [
          -34.8802284,
          -8.0583607
        ]
      },
      "id": "node/3869788783"
    },
    {
      "type": "Feature",
      "properties": {
        "@id": "node/3869788784",
        "access": "permissive",
        "amenity": "bicycle_parking",
        "bicycle_parking": "wall_loops",
        "capacity": "10",
        "name": "Bicicletário Fundarpe",
        "supervised": "yes"
      },
      "geometry": {
        "type": "Point",
        "coordinates": [
          -34.880563,
          -8.0596271
        ]
      },
      "id": "node/3869788784"
    },
    {
      "type": "Feature",
      "properties": {
        "@id": "node/3869788785",
        "access": "yes",
        "amenity": "bicycle_parking",
        "bicycle_parking": "stands",
        "capacity": "10",
        "name": "Bicicletário Parque 13 de Maio"
      },
      "geometry": {
        "type": "Point",
        "coordinates": [
          -34.8819687,
          -8.0579171
        ]
      },
      "id": "node/3869788785"
    },
    {
      "type": "Feature",
      "properties": {
        "@id": "node/3869788786",
        "access": "yes",
        "amenity": "bicycle_parking",
        "bicycle_parking": "stands",
        "capacity": "20",
        "lit": "yes",
        "name": "Bicicletário Prefeitura",
        "supervised": "yes",
        "surface": "gravel"
      },
      "geometry": {
        "type": "Point",
        "coordinates": [
          -34.8725299,
          -8.0547014
        ]
      },
      "id": "node/3869788786"
    },
    {
      "type": "Feature",
      "properties": {
        "@id": "node/3869788787",
        "access": "permissive",
        "amenity": "bicycle_parking",
        "bicycle_parking": "stands",
        "capacity": "14",
        "covered": "no",
        "name": "Bicicletário TRT",
        "supervised": "yes"
      },
      "geometry": {
        "type": "Point",
        "coordinates": [
          -34.8722868,
          -8.0559436
        ]
      },
      "id": "node/3869788787"
    },
    {
      "type": "Feature",
      "properties": {
        "@id": "node/4100497432",
        "amenity": "bicycle_parking",
        "bicycle_parking": "stands",
        "capacity": "14",
        "covered": "no"
      },
      "geometry": {
        "type": "Point",
        "coordinates": [
          -34.8801243,
          -8.0578231
        ]
      },
      "id": "node/4100497432"
    },
    {
      "type": "Feature",
      "properties": {
        "@id": "node/5736473906",
        "amenity": "bicycle_parking",
        "bicycle_parking": "wall_loops",
        "capacity": "8",
        "check_date": "2025-06-16",
        "check_date:capacity": "2025-06-16",
        "covered": "no",
        "operator": "LIFE Academia"
      },
      "geometry": {
        "type": "Point",
        "coordinates": [
          -34.9043463,
          -8.0384136
        ]
      },
      "id": "node/5736473906"
    },
    {
      "type": "Feature",
      "properties": {
        "@id": "node/5900621611",
        "amenity": "bicycle_parking"
      },
      "geometry": {
        "type": "Point",
        "coordinates": [
          -34.8967281,
          -8.0859587
        ]
      },
      "id": "node/5900621611"
    },
    {
      "type": "Feature",
      "properties": {
        "@id": "node/6535987020",
        "amenity": "bicycle_parking"
      },
      "geometry": {
        "type": "Point",
        "coordinates": [
          -34.9357349,
          -8.0426148
        ]
      },
      "id": "node/6535987020"
    },
    {
      "type": "Feature",
      "properties": {
        "@id": "node/7188733279",
        "amenity": "bicycle_parking",
        "bicycle_parking": "stands",
        "capacity": "10"
      },
      "geometry": {
        "type": "Point",
        "coordinates": [
          -34.9045391,
          -8.1422728
        ]
      },
      "id": "node/7188733279"
    },
    {
      "type": "Feature",
      "properties": {
        "@id": "node/7206255941",
        "amenity": "bicycle_parking",
        "bicycle_parking": "stands",
        "capacity": "6",
        "covered": "no"
      },
      "geometry": {
        "type": "Point",
        "coordinates": [
          -34.8960376,
          -8.0643997
        ]
      },
      "id": "node/7206255941"
    },
    {
      "type": "Feature",
      "properties": {
        "@id": "node/7206255942",
        "amenity": "bicycle_parking",
        "bicycle_parking": "stands",
        "capacity": "6",
        "covered": "no"
      },
      "geometry": {
        "type": "Point",
        "coordinates": [
          -34.8957815,
          -8.0652244
        ]
      },
      "id": "node/7206255942"
    },
    {
      "type": "Feature",
      "properties": {
        "@id": "node/7206255943",
        "amenity": "bicycle_parking",
        "bicycle_parking": "stands",
        "capacity": "4",
        "covered": "no"
      },
      "geometry": {
        "type": "Point",
        "coordinates": [
          -34.8946145,
          -8.064104
        ]
      },
      "id": "node/7206255943"
    },
    {
      "type": "Feature",
      "properties": {
        "@id": "node/7206255944",
        "amenity": "bicycle_parking",
        "bicycle_parking": "stands",
        "capacity": "4",
        "covered": "no"
      },
      "geometry": {
        "type": "Point",
        "coordinates": [
          -34.8944844,
          -8.0640562
        ]
      },
      "id": "node/7206255944"
    },
    {
      "type": "Feature",
      "properties": {
        "@id": "node/7206255945",
        "amenity": "bicycle_parking",
        "bicycle_parking": "stands",
        "capacity": "6",
        "covered": "no"
      },
      "geometry": {
        "type": "Point",
        "coordinates": [
          -34.8937543,
          -8.0656248
        ]
      },
      "id": "node/7206255945"
    },
    {
      "type": "Feature",
      "properties": {
        "@id": "node/7206255946",
        "amenity": "bicycle_parking",
        "bicycle_parking": "stands",
        "capacity": "10",
        "covered": "no"
      },
      "geometry": {
        "type": "Point",
        "coordinates": [
          -34.9040629,
          -8.0466061
        ]
      },
      "id": "node/7206255946"
    },
    {
      "type": "Feature",
      "properties": {
        "@id": "node/7206255947",
        "amenity": "bicycle_parking",
        "bicycle_parking": "stands",
        "capacity": "10",
        "check_date": "2025-06-19",
        "covered": "no"
      },
      "geometry": {
        "type": "Point",
        "coordinates": [
          -34.9040936,
          -8.0359854
        ]
      },
      "id": "node/7206255947"
    },
    {
      "type": "Feature",
      "properties": {
        "@id": "node/7206255948",
        "amenity": "bicycle_parking",
        "bicycle_parking": "stands",
        "capacity": "10",
        "covered": "no"
      },
      "geometry": {
        "type": "Point",
        "coordinates": [
          -34.8772143,
          -8.0604911
        ]
      },
      "id": "node/7206255948"
    },
    {
      "type": "Feature",
      "properties": {
        "@id": "node/7206255949",
        "amenity": "bicycle_parking",
        "bicycle_parking": "stands",
        "capacity": "10",
        "covered": "no"
      },
      "geometry": {
        "type": "Point",
        "coordinates": [
          -34.8710321,
          -8.0615194
        ]
      },
      "id": "node/7206255949"
    },
    {
      "type": "Feature",
      "properties": {
        "@id": "node/7206255950",
        "amenity": "bicycle_parking",
        "bicycle_parking": "stands",
        "capacity": "10",
        "covered": "no"
      },
      "geometry": {
        "type": "Point",
        "coordinates": [
          -34.8731067,
          -8.064658
        ]
      },
      "id": "node/7206255950"
    },
    {
      "type": "Feature",
      "properties": {
        "@id": "node/7248461481",
        "amenity": "bicycle_parking",
        "bicycle_parking": "stands",
        "capacity": "20"
      },
      "geometry": {
        "type": "Point",
        "coordinates": [
          -34.872331,
          -8.0588715
        ]
      },
      "id": "node/7248461481"
    },
    {
      "type": "Feature",
      "properties": {
        "@id": "node/7248461482",
        "amenity": "bicycle_parking",
        "bicycle_parking": "stands",
        "capacity": "20"
      },
      "geometry": {
        "type": "Point",
        "coordinates": [
          -34.8717749,
          -8.0589966
        ]
      },
      "id": "node/7248461482"
    },
    {
      "type": "Feature",
      "properties": {
        "@id": "node/7258241646",
        "amenity": "bicycle_parking",
        "bicycle_parking": "stands",
        "capacity": "12"
      },
      "geometry": {
        "type": "Point",
        "coordinates": [
          -34.8716589,
          -8.061846
        ]
      },
      "id": "node/7258241646"
    },
    {
      "type": "Feature",
      "properties": {
        "@id": "node/7258241647",
        "amenity": "bicycle_parking",
        "bicycle_parking": "stands",
        "capacity": "12",
        "check_date": "2025-06-21",
        "covered": "no"
      },
      "geometry": {
        "type": "Point",
        "coordinates": [
          -34.8719089,
          -8.0617926
        ]
      },
      "id": "node/7258241647"
    },
    {
      "type": "Feature",
      "properties": {
        "@id": "node/7258245175",
        "amenity": "bicycle_parking",
        "bicycle_parking": "stands",
        "capacity": "10"
      },
      "geometry": {
        "type": "Point",
        "coordinates": [
          -34.8805384,
          -8.0576397
        ]
      },
      "id": "node/7258245175"
    },
    {
      "type": "Feature",
      "properties": {
        "@id": "node/7258245176",
        "amenity": "bicycle_parking",
        "bicycle_parking": "stands",
        "capacity": "10"
      },
      "geometry": {
        "type": "Point",
        "coordinates": [
          -34.8815322,
          -8.0709069
        ]
      },
      "id": "node/7258245176"
    },
    {
      "type": "Feature",
      "properties": {
        "@id": "node/7258245177",
        "amenity": "bicycle_parking",
        "bicycle_parking": "stands",
        "capacity": "10"
      },
      "geometry": {
        "type": "Point",
        "coordinates": [
          -34.88476,
          -8.0729486
        ]
      },
      "id": "node/7258245177"
    },
    {
      "type": "Feature",
      "properties": {
        "@id": "node/7258245178",
        "amenity": "bicycle_parking",
        "bicycle_parking": "stands",
        "capacity": "20"
      },
      "geometry": {
        "type": "Point",
        "coordinates": [
          -34.8727598,
          -8.0537773
        ]
      },
      "id": "node/7258245178"
    },
    {
      "type": "Feature",
      "properties": {
        "@id": "node/7258245179",
        "amenity": "bicycle_parking",
        "bicycle_parking": "stands",
        "capacity": "10"
      },
      "geometry": {
        "type": "Point",
        "coordinates": [
          -34.9010015,
          -8.1318319
        ]
      },
      "id": "node/7258245179"
    },
    {
      "type": "Feature",
      "properties": {
        "@id": "node/7258245180",
        "amenity": "bicycle_parking",
        "bicycle_parking": "stands",
        "capacity": "10"
      },
      "geometry": {
        "type": "Point",
        "coordinates": [
          -34.9057682,
          -8.0372824
        ]
      },
      "id": "node/7258245180"
    },
    {
      "type": "Feature",
      "properties": {
        "@id": "node/7258245181",
        "amenity": "bicycle_parking",
        "bicycle_parking": "stands",
        "capacity": "10"
      },
      "geometry": {
        "type": "Point",
        "coordinates": [
          -34.9115289,
          -8.0288304
        ]
      },
      "id": "node/7258245181"
    },
    {
      "type": "Feature",
      "properties": {
        "@id": "node/7258245182",
        "amenity": "bicycle_parking",
        "bicycle_parking": "stands",
        "capacity": "8",
        "covered": "no"
      },
      "geometry": {
        "type": "Point",
        "coordinates": [
          -34.8825237,
          -8.0941709
        ]
      },
      "id": "node/7258245182"
    },
    {
      "type": "Feature",
      "properties": {
        "@id": "node/7258245183",
        "amenity": "bicycle_parking",
        "bicycle_parking": "stands",
        "capacity": "8",
        "covered": "no"
      },
      "geometry": {
        "type": "Point",
        "coordinates": [
          -34.8833811,
          -8.0976859
        ]
      },
      "id": "node/7258245183"
    },
    {
      "type": "Feature",
      "properties": {
        "@id": "node/7258245184",
        "amenity": "bicycle_parking",
        "bicycle_parking": "stands",
        "capacity": "8",
        "covered": "no"
      },
      "geometry": {
        "type": "Point",
        "coordinates": [
          -34.8842797,
          -8.1000736
        ]
      },
      "id": "node/7258245184"
    },
    {
      "type": "Feature",
      "properties": {
        "@id": "node/7258254785",
        "amenity": "bicycle_parking",
        "bicycle_parking": "stands",
        "capacity": "8"
      },
      "geometry": {
        "type": "Point",
        "coordinates": [
          -34.8920562,
          -8.1154589
        ]
      },
      "id": "node/7258254785"
    },
    {
      "type": "Feature",
      "properties": {
        "@id": "node/7258254786",
        "amenity": "bicycle_parking",
        "bicycle_parking": "stands",
        "capacity": "8"
      },
      "geometry": {
        "type": "Point",
        "coordinates": [
          -34.8940574,
          -8.1187668
        ]
      },
      "id": "node/7258254786"
    },
    {
      "type": "Feature",
      "properties": {
        "@id": "node/7258254787",
        "amenity": "bicycle_parking",
        "bicycle_parking": "stands",
        "capacity": "8"
      },
      "geometry": {
        "type": "Point",
        "coordinates": [
          -34.8958598,
          -8.1220423
        ]
      },
      "id": "node/7258254787"
    },
    {
      "type": "Feature",
      "properties": {
        "@id": "node/7258254788",
        "amenity": "bicycle_parking",
        "bicycle_parking": "stands",
        "capacity": "8",
        "covered": "no"
      },
      "geometry": {
        "type": "Point",
        "coordinates": [
          -34.9001404,
          -8.1328623
        ]
      },
      "id": "node/7258254788"
    },
    {
      "type": "Feature",
      "properties": {
        "@id": "node/7258254789",
        "amenity": "bicycle_parking",
        "bicycle_parking": "stands",
        "capacity": "8",
        "covered": "no"
      },
      "geometry": {
        "type": "Point",
        "coordinates": [
          -34.9035756,
          -8.1422658
        ]
      },
      "id": "node/7258254789"
    },
    {
      "type": "Feature",
      "properties": {
        "@id": "node/7258254790",
        "amenity": "bicycle_parking",
        "bicycle_parking": "stands",
        "capacity": "2"
      },
      "geometry": {
        "type": "Point",
        "coordinates": [
          -34.9052878,
          -8.1457456
        ]
      },
      "id": "node/7258254790"
    },
    {
      "type": "Feature",
      "properties": {
        "@id": "node/7258301109",
        "amenity": "bicycle_parking",
        "bicycle_parking": "stands",
        "capacity": "24"
      },
      "geometry": {
        "type": "Point",
        "coordinates": [
          -34.9043845,
          -8.0411193
        ]
      },
      "id": "node/7258301109"
    },
    {
      "type": "Feature",
      "properties": {
        "@id": "node/7258641636",
        "amenity": "bicycle_parking",
        "bicycle_parking": "stands",
        "capacity": "16"
      },
      "geometry": {
        "type": "Point",
        "coordinates": [
          -34.8721727,
          -8.0604966
        ]
      },
      "id": "node/7258641636"
    },
    {
      "type": "Feature",
      "properties": {
        "@id": "node/7258969496",
        "amenity": "bicycle_parking",
        "bicycle_parking": "stands",
        "capacity": "50",
        "covered": "no"
      },
      "geometry": {
        "type": "Point",
        "coordinates": [
          -34.9171208,
          -8.0412605
        ]
      },
      "id": "node/7258969496"
    },
    {
      "type": "Feature",
      "properties": {
        "@id": "node/7258969497",
        "amenity": "bicycle_parking",
        "bicycle_parking": "stands",
        "capacity": "30"
      },
      "geometry": {
        "type": "Point",
        "coordinates": [
          -34.9332813,
          -8.0214506
        ]
      },
      "id": "node/7258969497"
    },
    {
      "type": "Feature",
      "properties": {
        "@id": "node/7370270498",
        "access": "private",
        "amenity": "bicycle_parking",
        "covered": "no",
        "fee": "no"
      },
      "geometry": {
        "type": "Point",
        "coordinates": [
          -34.8890073,
          -8.0586149
        ]
      },
      "id": "node/7370270498"
    },
    {
      "type": "Feature",
      "properties": {
        "@id": "node/9306598439",
        "access": "yes",
        "amenity": "bicycle_parking",
        "bicycle_parking": "stands",
        "capacity": "10",
        "covered": "no",
        "fee": "no"
      },
      "geometry": {
        "type": "Point",
        "coordinates": [
          -34.8781455,
          -8.0679147
        ]
      },
      "id": "node/9306598439"
    },
    {
      "type": "Feature",
      "properties": {
        "@id": "node/9492930353",
        "amenity": "bicycle_parking",
        "bicycle_parking": "paraciclo"
      },
      "geometry": {
        "type": "Point",
        "coordinates": [
          -34.9208904,
          -8.0458944
        ]
      },
      "id": "node/9492930353"
    },
    {
      "type": "Feature",
      "properties": {
        "@id": "node/9949967131",
        "amenity": "bicycle_parking",
        "bicycle_parking": "wall_loops",
        "capacity": "6",
        "covered": "no"
      },
      "geometry": {
        "type": "Point",
        "coordinates": [
          -34.899052,
          -8.0353395
        ]
      },
      "id": "node/9949967131"
    },
    {
      "type": "Feature",
      "properties": {
        "@id": "node/10665519922",
        "access": "customers",
        "amenity": "bicycle_parking",
        "bicycle_parking": "shed",
        "capacity": "50",
        "covered": "yes",
        "fee": "yes",
        "payment:none": "yes"
      },
      "geometry": {
        "type": "Point",
        "coordinates": [
          -34.9127856,
          -8.0363807
        ]
      },
      "id": "node/10665519922"
    },
    {
      "type": "Feature",
      "properties": {
        "@id": "node/11040349768",
        "amenity": "bicycle_parking",
        "bicycle_parking": "stands",
        "capacity": "30",
        "covered": "no"
      },
      "geometry": {
        "type": "Point",
        "coordinates": [
          -34.9037822,
          -8.0365287
        ]
      },
      "id": "node/11040349768"
    },
    {
      "type": "Feature",
      "properties": {
        "@id": "node/12542338193",
        "access": "yes",
        "amenity": "bicycle_parking",
        "bicycle_parking": "stands",
        "capacity": "10",
        "fee": "no",
        "operator": "Ameciclo",
        "operator:type": "association"
      },
      "geometry": {
        "type": "Point",
        "coordinates": [
          -34.8801458,
          -8.0593432
        ]
      },
      "id": "node/12542338193"
    },
    {
      "type": "Feature",
      "properties": {
        "@id": "node/12920182370",
        "amenity": "bicycle_parking",
        "capacity": "8",
        "covered": "no"
      },
      "geometry": {
        "type": "Point",
        "coordinates": [
          -34.9002559,
          -8.0351261
        ]
      },
      "id": "node/12920182370"
    },
    {
      "type": "Feature",
      "properties": {
        "@id": "node/12943413192",
        "amenity": "bicycle_parking",
        "bicycle_parking": "stands",
        "capacity": "10",
        "covered": "no"
      },
      "geometry": {
        "type": "Point",
        "coordinates": [
          -34.8702512,
          -8.0607004
        ]
      },
      "id": "node/12943413192"
    },
    {
      "type": "Feature",
      "properties": {
        "@id": "node/12944942693",
        "amenity": "bicycle_parking",
        "bicycle_parking": "stands",
        "capacity": "28",
        "covered": "yes"
      },
      "geometry": {
        "type": "Point",
        "coordinates": [
          -34.9030285,
          -8.0316851
        ]
      },
      "id": "node/12944942693"
    },
    {
      "type": "Feature",
      "properties": {
        "@id": "node/13004799426",
        "access": "yes",
        "amenity": "bicycle_parking",
        "bicycle_parking": "stands",
        "capacity": "10",
        "covered": "no",
        "fee": "no"
      },
      "geometry": {
        "type": "Point",
        "coordinates": [
          -34.9245979,
          -8.1131239
        ]
      },
      "id": "node/13004799426"
    },
    {
      "type": "Feature",
      "properties": {
        "@id": "node/13112920829",
        "access": "yes",
        "amenity": "bicycle_parking",
        "bicycle_parking": "stands",
        "capacity": "10",
        "covered": "no",
        "fee": "no",
        "name": "Estação Werneck",
        "operator": "Prefeitura do Recife",
        "ref": "P540"
      },
      "geometry": {
        "type": "Point",
        "coordinates": [
          -34.9368575,
          -8.0858345
        ]
      },
      "id": "node/13112920829"
    },
    {
      "type": "Feature",
      "properties": {
        "@id": "node/13112920830",
        "access": "yes",
        "amenity": "bicycle_parking",
        "bicycle_parking": "stands",
        "capacity": "10",
        "covered": "no",
        "fee": "no",
        "name": "Creche Dorgiane dos Santos Xavier Souza",
        "operator": "Prefeitura do Recife",
        "ref": "P539"
      },
      "geometry": {
        "type": "Point",
        "coordinates": [
          -34.8771718,
          -8.0198156
        ]
      },
      "id": "node/13112920830"
    },
    {
      "type": "Feature",
      "properties": {
        "@id": "node/13112920831",
        "access": "yes",
        "amenity": "bicycle_parking",
        "bicycle_parking": "stands",
        "capacity": "10",
        "covered": "no",
        "fee": "no",
        "name": "Praça Maestro Milton Rodrigues",
        "operator": "Prefeitura do Recife",
        "ref": "P538"
      },
      "geometry": {
        "type": "Point",
        "coordinates": [
          -34.8827512,
          -8.0476192
        ]
      },
      "id": "node/13112920831"
    },
    {
      "type": "Feature",
      "properties": {
        "@id": "node/13112920832",
        "access": "yes",
        "amenity": "bicycle_parking",
        "bicycle_parking": "stands",
        "capacity": "6",
        "covered": "no",
        "fee": "no",
        "name": "Praça Cabipa",
        "operator": "Prefeitura do Recife",
        "ref": "P537"
      },
      "geometry": {
        "type": "Point",
        "coordinates": [
          -34.8981081,
          -8.0437621
        ]
      },
      "id": "node/13112920832"
    },
    {
      "type": "Feature",
      "properties": {
        "@id": "node/13112920833",
        "access": "yes",
        "amenity": "bicycle_parking",
        "bicycle_parking": "stands",
        "capacity": "6",
        "covered": "no",
        "fee": "no",
        "name": "Praça Juliete Moura",
        "operator": "Prefeitura do Recife",
        "ref": "P536"
      },
      "geometry": {
        "type": "Point",
        "coordinates": [
          -34.9325309,
          -8.0860762
        ]
      },
      "id": "node/13112920833"
    },
    {
      "type": "Feature",
      "properties": {
        "@id": "node/13112920834",
        "access": "yes",
        "amenity": "bicycle_parking",
        "bicycle_parking": "stands",
        "capacity": "6",
        "covered": "no",
        "fee": "no",
        "name": "Banco Bradesco",
        "operator": "Prefeitura do Recife",
        "ref": "P535"
      },
      "geometry": {
        "type": "Point",
        "coordinates": [
          -34.8721835,
          -8.0644766
        ]
      },
      "id": "node/13112920834"
    },
    {
      "type": "Feature",
      "properties": {
        "@id": "node/13112920835",
        "access": "yes",
        "amenity": "bicycle_parking",
        "bicycle_parking": "stands",
        "capacity": "10",
        "covered": "no",
        "fee": "no",
        "name": "Praça Maria Lucia",
        "operator": "Prefeitura do Recife",
        "ref": "P534"
      },
      "geometry": {
        "type": "Point",
        "coordinates": [
          -34.9268831,
          -8.1037652
        ]
      },
      "id": "node/13112920835"
    },
    {
      "type": "Feature",
      "properties": {
        "@id": "node/13112920836",
        "access": "yes",
        "amenity": "bicycle_parking",
        "bicycle_parking": "stands",
        "capacity": "10",
        "covered": "no",
        "fee": "no",
        "name": "Quadra Neópolis",
        "operator": "Prefeitura do Recife",
        "ref": "P533"
      },
      "geometry": {
        "type": "Point",
        "coordinates": [
          -34.9464761,
          -8.1163471
        ]
      },
      "id": "node/13112920836"
    },
    {
      "type": "Feature",
      "properties": {
        "@id": "node/13112920837",
        "access": "yes",
        "amenity": "bicycle_parking",
        "bicycle_parking": "stands",
        "capacity": "6",
        "covered": "no",
        "fee": "no",
        "name": "Praça da Truaca",
        "operator": "Prefeitura do Recife",
        "ref": "P532"
      },
      "geometry": {
        "type": "Point",
        "coordinates": [
          -34.9515212,
          -8.1111243
        ]
      },
      "id": "node/13112920837"
    },
    {
      "type": "Feature",
      "properties": {
        "@id": "node/13112920838",
        "access": "yes",
        "amenity": "bicycle_parking",
        "bicycle_parking": "stands",
        "capacity": "10",
        "covered": "no",
        "fee": "no",
        "name": "Praça Tempo de Crescer",
        "operator": "Prefeitura do Recife",
        "ref": "P531"
      },
      "geometry": {
        "type": "Point",
        "coordinates": [
          -34.9507915,
          -8.1111115
        ]
      },
      "id": "node/13112920838"
    },
    {
      "type": "Feature",
      "properties": {
        "@id": "node/13112920839",
        "access": "yes",
        "amenity": "bicycle_parking",
        "bicycle_parking": "stands",
        "capacity": "10",
        "covered": "no",
        "fee": "no",
        "name": "Praça Raízes",
        "operator": "Prefeitura do Recife",
        "ref": "P530"
      },
      "geometry": {
        "type": "Point",
        "coordinates": [
          -34.9506921,
          -8.1121923
        ]
      },
      "id": "node/13112920839"
    },
    {
      "type": "Feature",
      "properties": {
        "@id": "node/13112920840",
        "access": "yes",
        "amenity": "bicycle_parking",
        "bicycle_parking": "stands",
        "capacity": "10",
        "covered": "no",
        "fee": "no",
        "name": "Praça do Tamarindo",
        "operator": "Prefeitura do Recife",
        "ref": "P529"
      },
      "geometry": {
        "type": "Point",
        "coordinates": [
          -34.950104,
          -8.1143814
        ]
      },
      "id": "node/13112920840"
    },
    {
      "type": "Feature",
      "properties": {
        "@id": "node/13112920841",
        "access": "yes",
        "amenity": "bicycle_parking",
        "bicycle_parking": "stands",
        "capacity": "10",
        "covered": "no",
        "fee": "no",
        "name": "Praça Três Marias",
        "operator": "Prefeitura do Recife",
        "ref": "P528"
      },
      "geometry": {
        "type": "Point",
        "coordinates": [
          -34.9510884,
          -8.1133074
        ]
      },
      "id": "node/13112920841"
    },
    {
      "type": "Feature",
      "properties": {
        "@id": "node/13112920842",
        "access": "yes",
        "amenity": "bicycle_parking",
        "bicycle_parking": "stands",
        "capacity": "10",
        "covered": "no",
        "fee": "no",
        "name": "Praça dos Iburenses",
        "operator": "Prefeitura do Recife",
        "ref": "P527"
      },
      "geometry": {
        "type": "Point",
        "coordinates": [
          -34.9470032,
          -8.117584
        ]
      },
      "id": "node/13112920842"
    },
    {
      "type": "Feature",
      "properties": {
        "@id": "node/13112920843",
        "access": "yes",
        "amenity": "bicycle_parking",
        "bicycle_parking": "stands",
        "capacity": "10",
        "covered": "no",
        "fee": "no",
        "name": "IPHAN",
        "operator": "Prefeitura do Recife",
        "ref": "P526"
      },
      "geometry": {
        "type": "Point",
        "coordinates": [
          -34.8836217,
          -8.0677544
        ]
      },
      "id": "node/13112920843"
    },
    {
      "type": "Feature",
      "properties": {
        "@id": "node/13112920844",
        "access": "yes",
        "amenity": "bicycle_parking",
        "bicycle_parking": "stands",
        "capacity": "10",
        "covered": "no",
        "fee": "no",
        "name": "Praça Padre Romano Zufferey",
        "operator": "Prefeitura do Recife",
        "ref": "P525"
      },
      "geometry": {
        "type": "Point",
        "coordinates": [
          -34.9396992,
          -8.0782211
        ]
      },
      "id": "node/13112920844"
    },
    {
      "type": "Feature",
      "properties": {
        "@id": "node/13112920845",
        "access": "yes",
        "amenity": "bicycle_parking",
        "bicycle_parking": "stands",
        "capacity": "10",
        "covered": "no",
        "fee": "no",
        "name": "Praça de Joana Bezerra",
        "operator": "Prefeitura do Recife",
        "ref": "P524"
      },
      "geometry": {
        "type": "Point",
        "coordinates": [
          -34.8969895,
          -8.0719379
        ]
      },
      "id": "node/13112920845"
    },
    {
      "type": "Feature",
      "properties": {
        "@id": "node/13112920846",
        "access": "yes",
        "amenity": "bicycle_parking",
        "bicycle_parking": "stands",
        "capacity": "10",
        "covered": "no",
        "fee": "no",
        "name": "Praça José da Costa Porto",
        "operator": "Prefeitura do Recife",
        "ref": "P523"
      },
      "geometry": {
        "type": "Point",
        "coordinates": [
          -34.9007637,
          -8.0719222
        ]
      },
      "id": "node/13112920846"
    },
    {
      "type": "Feature",
      "properties": {
        "@id": "node/13112920847",
        "access": "yes",
        "amenity": "bicycle_parking",
        "bicycle_parking": "stands",
        "capacity": "12",
        "covered": "no",
        "fee": "no",
        "name": "Praça do Mangue",
        "operator": "Prefeitura do Recife",
        "ref": "P522"
      },
      "geometry": {
        "type": "Point",
        "coordinates": [
          -34.9165449,
          -8.0850655
        ]
      },
      "id": "node/13112920847"
    },
    {
      "type": "Feature",
      "properties": {
        "@id": "node/13112920848",
        "access": "yes",
        "amenity": "bicycle_parking",
        "bicycle_parking": "stands",
        "capacity": "10",
        "covered": "no",
        "fee": "no",
        "name": "Praça Marcantônio Vilaça",
        "operator": "Prefeitura do Recife",
        "ref": "P521"
      },
      "geometry": {
        "type": "Point",
        "coordinates": [
          -34.8891225,
          -8.0990709
        ]
      },
      "id": "node/13112920848"
    },
    {
      "type": "Feature",
      "properties": {
        "@id": "node/13112920849",
        "access": "yes",
        "amenity": "bicycle_parking",
        "bicycle_parking": "stands",
        "capacity": "14",
        "covered": "no",
        "fee": "no",
        "name": "Porto Terra Nova",
        "operator": "Prefeitura do Recife",
        "ref": "P520"
      },
      "geometry": {
        "type": "Point",
        "coordinates": [
          -34.8760222,
          -8.0781711
        ]
      },
      "id": "node/13112920849"
    },
    {
      "type": "Feature",
      "properties": {
        "@id": "node/13112920850",
        "access": "yes",
        "amenity": "bicycle_parking",
        "bicycle_parking": "stands",
        "capacity": "6",
        "covered": "no",
        "fee": "no",
        "name": "Praça Don Helder",
        "operator": "Prefeitura do Recife",
        "ref": "P519"
      },
      "geometry": {
        "type": "Point",
        "coordinates": [
          -34.953711,
          -8.0815153
        ]
      },
      "id": "node/13112920850"
    },
    {
      "type": "Feature",
      "properties": {
        "@id": "node/13112920851",
        "access": "yes",
        "amenity": "bicycle_parking",
        "bicycle_parking": "stands",
        "capacity": "6",
        "covered": "no",
        "fee": "no",
        "name": "Praça João Vinte e Três",
        "operator": "Prefeitura do Recife",
        "ref": "P518"
      },
      "geometry": {
        "type": "Point",
        "coordinates": [
          -34.9553558,
          -8.0832271
        ]
      },
      "id": "node/13112920851"
    },
    {
      "type": "Feature",
      "properties": {
        "@id": "node/13112920852",
        "access": "yes",
        "amenity": "bicycle_parking",
        "bicycle_parking": "stands",
        "capacity": "6",
        "covered": "no",
        "fee": "no",
        "name": "2a Praça da Vila dos Bancários",
        "operator": "Prefeitura do Recife",
        "ref": "P517"
      },
      "geometry": {
        "type": "Point",
        "coordinates": [
          -34.9556462,
          -8.0818098
        ]
      },
      "id": "node/13112920852"
    },
    {
      "type": "Feature",
      "properties": {
        "@id": "node/13112920853",
        "access": "yes",
        "amenity": "bicycle_parking",
        "bicycle_parking": "stands",
        "capacity": "10",
        "covered": "no",
        "fee": "no",
        "name": "Praça Saberé",
        "operator": "Prefeitura do Recife",
        "ref": "P516"
      },
      "geometry": {
        "type": "Point",
        "coordinates": [
          -34.95243,
          -8.037334
        ]
      },
      "id": "node/13112920853"
    },
    {
      "type": "Feature",
      "properties": {
        "@id": "node/13112920854",
        "access": "yes",
        "amenity": "bicycle_parking",
        "bicycle_parking": "stands",
        "capacity": "10",
        "covered": "no",
        "fee": "no",
        "name": "Praça Mano Marlon Lins",
        "operator": "Prefeitura do Recife",
        "ref": "P515"
      },
      "geometry": {
        "type": "Point",
        "coordinates": [
          -34.962555,
          -8.023725
        ]
      },
      "id": "node/13112920854"
    },
    {
      "type": "Feature",
      "properties": {
        "@id": "node/13112920855",
        "access": "yes",
        "amenity": "bicycle_parking",
        "bicycle_parking": "stands",
        "capacity": "4",
        "covered": "no",
        "fee": "no",
        "name": "Escola Municipal Nova Morada",
        "operator": "Prefeitura do Recife",
        "ref": "P513"
      },
      "geometry": {
        "type": "Point",
        "coordinates": [
          -34.952404,
          -8.025928
        ]
      },
      "id": "node/13112920855"
    },
    {
      "type": "Feature",
      "properties": {
        "@id": "node/13112920856",
        "access": "yes",
        "amenity": "bicycle_parking",
        "bicycle_parking": "stands",
        "capacity": "16",
        "covered": "no",
        "fee": "no",
        "name": "Praça dos Ipês",
        "operator": "Prefeitura do Recife",
        "ref": "P512"
      },
      "geometry": {
        "type": "Point",
        "coordinates": [
          -34.954411,
          -8.026612
        ]
      },
      "id": "node/13112920856"
    },
    {
      "type": "Feature",
      "properties": {
        "@id": "node/13112920857",
        "access": "yes",
        "amenity": "bicycle_parking",
        "bicycle_parking": "stands",
        "capacity": "10",
        "covered": "no",
        "fee": "no",
        "name": "Quadra Sobral",
        "operator": "Prefeitura do Recife",
        "ref": "P511"
      },
      "geometry": {
        "type": "Point",
        "coordinates": [
          -34.932417,
          -8.030682
        ]
      },
      "id": "node/13112920857"
    },
    {
      "type": "Feature",
      "properties": {
        "@id": "node/13112920858",
        "access": "yes",
        "amenity": "bicycle_parking",
        "bicycle_parking": "stands",
        "capacity": "20",
        "covered": "no",
        "fee": "no",
        "name": "COMPAZ Miguel Arraes",
        "operator": "Prefeitura do Recife",
        "ref": "P510"
      },
      "geometry": {
        "type": "Point",
        "coordinates": [
          -34.914461,
          -8.054413
        ]
      },
      "id": "node/13112920858"
    },
    {
      "type": "Feature",
      "properties": {
        "@id": "node/13112920859",
        "access": "yes",
        "amenity": "bicycle_parking",
        "bicycle_parking": "stands",
        "capacity": "10",
        "covered": "no",
        "fee": "no",
        "name": "Praça Professor Calazans",
        "operator": "Prefeitura do Recife",
        "ref": "P509"
      },
      "geometry": {
        "type": "Point",
        "coordinates": [
          -34.910183,
          -8.050529
        ]
      },
      "id": "node/13112920859"
    },
    {
      "type": "Feature",
      "properties": {
        "@id": "node/13112920860",
        "access": "yes",
        "amenity": "bicycle_parking",
        "bicycle_parking": "stands",
        "capacity": "6",
        "covered": "no",
        "fee": "no",
        "name": "Creche Escola Municipal João Amazonas",
        "operator": "Prefeitura do Recife",
        "ref": "P508"
      },
      "geometry": {
        "type": "Point",
        "coordinates": [
          -34.906106,
          -8.002406
        ]
      },
      "id": "node/13112920860"
    },
    {
      "type": "Feature",
      "properties": {
        "@id": "node/13112920861",
        "access": "yes",
        "amenity": "bicycle_parking",
        "bicycle_parking": "stands",
        "capacity": "4",
        "covered": "no",
        "fee": "no",
        "name": "Escola Municipal Olindina Monteiro de Oliveira França",
        "operator": "Prefeitura do Recife",
        "ref": "P507"
      },
      "geometry": {
        "type": "Point",
        "coordinates": [
          -34.906219,
          -8.002599
        ]
      },
      "id": "node/13112920861"
    },
    {
      "type": "Feature",
      "properties": {
        "@id": "node/13112920862",
        "access": "yes",
        "amenity": "bicycle_parking",
        "bicycle_parking": "stands",
        "capacity": "10",
        "covered": "no",
        "fee": "no",
        "name": "Restaurante Pahu Poke",
        "operator": "Prefeitura do Recife",
        "ref": "P506"
      },
      "geometry": {
        "type": "Point",
        "coordinates": [
          -34.89785,
          -8.045637
        ]
      },
      "id": "node/13112920862"
    },
    {
      "type": "Feature",
      "properties": {
        "@id": "node/13112920863",
        "access": "yes",
        "amenity": "bicycle_parking",
        "bicycle_parking": "stands",
        "capacity": "10",
        "covered": "no",
        "fee": "no",
        "name": "Mercado Público de Nova Descoberta",
        "operator": "Prefeitura do Recife",
        "ref": "P505"
      },
      "geometry": {
        "type": "Point",
        "coordinates": [
          -34.922569,
          -8.000434
        ]
      },
      "id": "node/13112920863"
    },
    {
      "type": "Feature",
      "properties": {
        "@id": "node/13112920864",
        "access": "yes",
        "amenity": "bicycle_parking",
        "bicycle_parking": "stands",
        "capacity": "10",
        "covered": "no",
        "fee": "no",
        "name": "Campo de Singapura",
        "operator": "Prefeitura do Recife",
        "ref": "P504"
      },
      "geometry": {
        "type": "Point",
        "coordinates": [
          -34.900691,
          -8.004986
        ]
      },
      "id": "node/13112920864"
    },
    {
      "type": "Feature",
      "properties": {
        "@id": "node/13112920865",
        "access": "yes",
        "amenity": "bicycle_parking",
        "bicycle_parking": "stands",
        "capacity": "4",
        "covered": "no",
        "fee": "no",
        "name": "Escola Municipal Poeta Solano Trindade",
        "operator": "Prefeitura do Recife",
        "ref": "P503"
      },
      "geometry": {
        "type": "Point",
        "coordinates": [
          -34.889038,
          -8.018404
        ]
      },
      "id": "node/13112920865"
    },
    {
      "type": "Feature",
      "properties": {
        "@id": "node/13112920866",
        "access": "yes",
        "amenity": "bicycle_parking",
        "bicycle_parking": "stands",
        "capacity": "6",
        "covered": "no",
        "fee": "no",
        "name": "Escola Municipal Antônio Heráclio do Rego",
        "operator": "Prefeitura do Recife",
        "ref": "P502"
      },
      "geometry": {
        "type": "Point",
        "coordinates": [
          -34.888921,
          -8.018392
        ]
      },
      "id": "node/13112920866"
    },
    {
      "type": "Feature",
      "properties": {
        "@id": "node/13112920867",
        "access": "yes",
        "amenity": "bicycle_parking",
        "bicycle_parking": "stands",
        "capacity": "10",
        "covered": "no",
        "fee": "no",
        "name": "Praça da FEB",
        "operator": "Prefeitura do Recife",
        "ref": "P501"
      },
      "geometry": {
        "type": "Point",
        "coordinates": [
          -34.894823,
          -8.040292
        ]
      },
      "id": "node/13112920867"
    },
    {
      "type": "Feature",
      "properties": {
        "@id": "node/13112920868",
        "access": "yes",
        "amenity": "bicycle_parking",
        "bicycle_parking": "stands",
        "capacity": "10",
        "covered": "no",
        "fee": "no",
        "name": "Largo da Encruzilhada",
        "operator": "Prefeitura do Recife",
        "ref": "P500"
      },
      "geometry": {
        "type": "Point",
        "coordinates": [
          -34.891603,
          -8.037655
        ]
      },
      "id": "node/13112920868"
    },
    {
      "type": "Feature",
      "properties": {
        "@id": "node/13112920869",
        "access": "yes",
        "amenity": "bicycle_parking",
        "bicycle_parking": "stands",
        "capacity": "10",
        "covered": "no",
        "fee": "no",
        "name": "Praça do Rosarinho",
        "operator": "Prefeitura do Recife",
        "ref": "P499"
      },
      "geometry": {
        "type": "Point",
        "coordinates": [
          -34.896367,
          -8.033181
        ]
      },
      "id": "node/13112920869"
    },
    {
      "type": "Feature",
      "properties": {
        "@id": "node/13112920870",
        "access": "yes",
        "amenity": "bicycle_parking",
        "bicycle_parking": "stands",
        "capacity": "10",
        "covered": "no",
        "fee": "no",
        "name": "CRAS Dois Irmãos",
        "operator": "Prefeitura do Recife",
        "ref": "P498"
      },
      "geometry": {
        "type": "Point",
        "coordinates": [
          -34.941218,
          -8.016487
        ]
      },
      "id": "node/13112920870"
    },
    {
      "type": "Feature",
      "properties": {
        "@id": "node/13112920871",
        "access": "yes",
        "amenity": "bicycle_parking",
        "bicycle_parking": "stands",
        "capacity": "10",
        "covered": "no",
        "fee": "no",
        "name": "CRAS Alto do Mandu",
        "operator": "Prefeitura do Recife",
        "ref": "P497"
      },
      "geometry": {
        "type": "Point",
        "coordinates": [
          -34.927204,
          -8.024885
        ]
      },
      "id": "node/13112920871"
    },
    {
      "type": "Feature",
      "properties": {
        "@id": "node/13112920872",
        "access": "yes",
        "amenity": "bicycle_parking",
        "bicycle_parking": "stands",
        "capacity": "10",
        "covered": "no",
        "fee": "no",
        "name": "Baobá",
        "operator": "Prefeitura do Recife",
        "ref": "P496"
      },
      "geometry": {
        "type": "Point",
        "coordinates": [
          -34.904224,
          -8.041909
        ]
      },
      "id": "node/13112920872"
    },
    {
      "type": "Feature",
      "properties": {
        "@id": "node/13112920873",
        "access": "yes",
        "amenity": "bicycle_parking",
        "bicycle_parking": "stands",
        "capacity": "10",
        "covered": "no",
        "fee": "no",
        "name": "Estação La Greca",
        "operator": "Prefeitura do Recife",
        "ref": "P495"
      },
      "geometry": {
        "type": "Point",
        "coordinates": [
          -34.909673,
          -8.037485
        ]
      },
      "id": "node/13112920873"
    },
    {
      "type": "Feature",
      "properties": {
        "@id": "node/13112920874",
        "access": "yes",
        "amenity": "bicycle_parking",
        "bicycle_parking": "stands",
        "capacity": "10",
        "covered": "no",
        "fee": "no",
        "name": "Praça Miguel de Cervantes",
        "operator": "Prefeitura do Recife",
        "ref": "P494"
      },
      "geometry": {
        "type": "Point",
        "coordinates": [
          -34.894031,
          -8.067784
        ]
      },
      "id": "node/13112920874"
    },
    {
      "type": "Feature",
      "properties": {
        "@id": "node/13112920875",
        "access": "yes",
        "amenity": "bicycle_parking",
        "bicycle_parking": "stands",
        "capacity": "10",
        "covered": "no",
        "fee": "no",
        "name": "COMPAZ atriz Leda Alves",
        "operator": "Prefeitura do Recife",
        "ref": "P493"
      },
      "geometry": {
        "type": "Point",
        "coordinates": [
          -34.891015,
          -8.094028
        ]
      },
      "id": "node/13112920875"
    },
    {
      "type": "Feature",
      "properties": {
        "@id": "node/13112920876",
        "access": "yes",
        "amenity": "bicycle_parking",
        "bicycle_parking": "stands",
        "capacity": "10",
        "covered": "no",
        "fee": "no",
        "name": "Secretaria de Meio Ambiente",
        "operator": "Prefeitura do Recife",
        "ref": "P492"
      },
      "geometry": {
        "type": "Point",
        "coordinates": [
          -34.89927,
          -8.039986
        ]
      },
      "id": "node/13112920876"
    },
    {
      "type": "Feature",
      "properties": {
        "@id": "node/13112920877",
        "access": "yes",
        "amenity": "bicycle_parking",
        "bicycle_parking": "stands",
        "capacity": "10",
        "covered": "no",
        "fee": "no",
        "name": "Sá e Souza",
        "operator": "Prefeitura do Recife",
        "ref": "P491"
      },
      "geometry": {
        "type": "Point",
        "coordinates": [
          -34.907579,
          -8.139783
        ]
      },
      "id": "node/13112920877"
    },
    {
      "type": "Feature",
      "properties": {
        "@id": "node/13112920878",
        "access": "yes",
        "amenity": "bicycle_parking",
        "bicycle_parking": "stands",
        "capacity": "10",
        "covered": "no",
        "fee": "no",
        "name": "Praça Jardim América",
        "operator": "Prefeitura do Recife",
        "ref": "P490"
      },
      "geometry": {
        "type": "Point",
        "coordinates": [
          -34.919941,
          -8.105742
        ]
      },
      "id": "node/13112920878"
    },
    {
      "type": "Feature",
      "properties": {
        "@id": "node/13112920879",
        "access": "yes",
        "amenity": "bicycle_parking",
        "bicycle_parking": "stands",
        "capacity": "10",
        "covered": "no",
        "fee": "no",
        "name": "Quadra Imbiribeira",
        "operator": "Prefeitura do Recife",
        "ref": "P489"
      },
      "geometry": {
        "type": "Point",
        "coordinates": [
          -34.910224,
          -8.085383
        ]
      },
      "id": "node/13112920879"
    },
    {
      "type": "Feature",
      "properties": {
        "@id": "node/13112920880",
        "access": "yes",
        "amenity": "bicycle_parking",
        "bicycle_parking": "stands",
        "capacity": "10",
        "covered": "no",
        "fee": "no",
        "name": "Largura",
        "operator": "Prefeitura do Recife",
        "ref": "P488"
      },
      "geometry": {
        "type": "Point",
        "coordinates": [
          -34.917809,
          -8.03228
        ]
      },
      "id": "node/13112920880"
    },
    {
      "type": "Feature",
      "properties": {
        "@id": "node/13112920881",
        "access": "yes",
        "amenity": "bicycle_parking",
        "bicycle_parking": "stands",
        "covered": "no",
        "fee": "no",
        "operator": "Prefeitura do Recife",
        "ref": "P487.2"
      },
      "geometry": {
        "type": "Point",
        "coordinates": [
          -34.904604,
          -8.044202
        ]
      },
      "id": "node/13112920881"
    },
    {
      "type": "Feature",
      "properties": {
        "@id": "node/13112920882",
        "access": "yes",
        "amenity": "bicycle_parking",
        "bicycle_parking": "stands",
        "covered": "no",
        "fee": "no",
        "operator": "Prefeitura do Recife",
        "ref": "P487.1"
      },
      "geometry": {
        "type": "Point",
        "coordinates": [
          -34.904873,
          -8.044362
        ]
      },
      "id": "node/13112920882"
    },
    {
      "type": "Feature",
      "properties": {
        "@id": "node/13112920883",
        "access": "yes",
        "amenity": "bicycle_parking",
        "bicycle_parking": "stands",
        "capacity": "10",
        "covered": "no",
        "fee": "no",
        "name": "Praça José Sales Filho",
        "operator": "Prefeitura do Recife",
        "ref": "P486"
      },
      "geometry": {
        "type": "Point",
        "coordinates": [
          -34.904601,
          -8.045068
        ]
      },
      "id": "node/13112920883"
    },
    {
      "type": "Feature",
      "properties": {
        "@id": "node/13112920884",
        "access": "yes",
        "amenity": "bicycle_parking",
        "bicycle_parking": "stands",
        "capacity": "10",
        "covered": "no",
        "fee": "no",
        "name": "Orora",
        "operator": "Prefeitura do Recife",
        "ref": "P485"
      },
      "geometry": {
        "type": "Point",
        "coordinates": [
          -34.876978,
          -8.054677
        ]
      },
      "id": "node/13112920884"
    },
    {
      "type": "Feature",
      "properties": {
        "@id": "node/13112920885",
        "access": "yes",
        "amenity": "bicycle_parking",
        "bicycle_parking": "stands",
        "capacity": "10",
        "covered": "no",
        "fee": "no",
        "name": "Praça Dona Elizabeth",
        "operator": "Prefeitura do Recife",
        "ref": "P484"
      },
      "geometry": {
        "type": "Point",
        "coordinates": [
          -34.881892,
          -8.04546
        ]
      },
      "id": "node/13112920885"
    },
    {
      "type": "Feature",
      "properties": {
        "@id": "node/13112920886",
        "access": "yes",
        "amenity": "bicycle_parking",
        "bicycle_parking": "stands",
        "capacity": "10",
        "covered": "no",
        "fee": "no",
        "name": "Praça Adulccio Junior",
        "operator": "Prefeitura do Recife",
        "ref": "P483"
      },
      "geometry": {
        "type": "Point",
        "coordinates": [
          -34.88124,
          -8.04595
        ]
      },
      "id": "node/13112920886"
    },
    {
      "type": "Feature",
      "properties": {
        "@id": "node/13112920887",
        "access": "yes",
        "amenity": "bicycle_parking",
        "bicycle_parking": "stands",
        "capacity": "10",
        "covered": "no",
        "fee": "no",
        "name": "Praça Eduardo Campos (Ilha de Deus)",
        "operator": "Prefeitura do Recife",
        "ref": "P482"
      },
      "geometry": {
        "type": "Point",
        "coordinates": [
          -34.9023837,
          -8.0861692
        ]
      },
      "id": "node/13112920887"
    },
    {
      "type": "Feature",
      "properties": {
        "@id": "node/13112920888",
        "access": "yes",
        "amenity": "bicycle_parking",
        "bicycle_parking": "stands",
        "capacity": "10",
        "covered": "no",
        "fee": "no",
        "name": "Polo Academia da Cidade - Jordão Baixo",
        "operator": "Prefeitura do Recife",
        "ref": "P480"
      },
      "geometry": {
        "type": "Point",
        "coordinates": [
          -34.936864,
          -8.136767
        ]
      },
      "id": "node/13112920888"
    },
    {
      "type": "Feature",
      "properties": {
        "@id": "node/13112920889",
        "access": "yes",
        "amenity": "bicycle_parking",
        "bicycle_parking": "stands",
        "covered": "no",
        "fee": "no",
        "operator": "Prefeitura do Recife",
        "ref": "P479.2"
      },
      "geometry": {
        "type": "Point",
        "coordinates": [
          -34.905241,
          -8.087266
        ]
      },
      "id": "node/13112920889"
    },
    {
      "type": "Feature",
      "properties": {
        "@id": "node/13112920890",
        "access": "yes",
        "amenity": "bicycle_parking",
        "bicycle_parking": "stands",
        "covered": "no",
        "fee": "no",
        "operator": "Prefeitura do Recife",
        "ref": "P479.1"
      },
      "geometry": {
        "type": "Point",
        "coordinates": [
          -34.905338,
          -8.086933
        ]
      },
      "id": "node/13112920890"
    },
    {
      "type": "Feature",
      "properties": {
        "@id": "node/13112920891",
        "access": "yes",
        "amenity": "bicycle_parking",
        "bicycle_parking": "stands",
        "capacity": "10",
        "covered": "no",
        "fee": "no",
        "name": "RM",
        "operator": "Prefeitura do Recife",
        "ref": "P478"
      },
      "geometry": {
        "type": "Point",
        "coordinates": [
          -34.907628,
          -8.053024
        ]
      },
      "id": "node/13112920891"
    },
    {
      "type": "Feature",
      "properties": {
        "@id": "node/13112920892",
        "access": "yes",
        "amenity": "bicycle_parking",
        "bicycle_parking": "stands",
        "capacity": "10",
        "covered": "no",
        "fee": "no",
        "name": "Feira agroecológia de Setubal",
        "operator": "Prefeitura do Recife",
        "ref": "P477"
      },
      "geometry": {
        "type": "Point",
        "coordinates": [
          -34.908172,
          -8.137121
        ]
      },
      "id": "node/13112920892"
    },
    {
      "type": "Feature",
      "properties": {
        "@id": "node/13112920893",
        "access": "yes",
        "amenity": "bicycle_parking",
        "bicycle_parking": "stands",
        "capacity": "10",
        "covered": "no",
        "fee": "no",
        "name": "Marco Zero da Ilha de Deus",
        "operator": "Prefeitura do Recife",
        "ref": "P476"
      },
      "geometry": {
        "type": "Point",
        "coordinates": [
          -34.9006234,
          -8.0876702
        ]
      },
      "id": "node/13112920893"
    },
    {
      "type": "Feature",
      "properties": {
        "@id": "node/13112920894",
        "access": "yes",
        "amenity": "bicycle_parking",
        "bicycle_parking": "stands",
        "capacity": "10",
        "covered": "no",
        "fee": "no",
        "name": "Praça do Tourão",
        "operator": "Prefeitura do Recife",
        "ref": "P475"
      },
      "geometry": {
        "type": "Point",
        "coordinates": [
          -34.925466,
          -8.092827
        ]
      },
      "id": "node/13112920894"
    },
    {
      "type": "Feature",
      "properties": {
        "@id": "node/13112920895",
        "access": "yes",
        "amenity": "bicycle_parking",
        "bicycle_parking": "stands",
        "capacity": "10",
        "covered": "no",
        "fee": "no",
        "name": "Praça Prof. Barreto Campelo",
        "operator": "Prefeitura do Recife",
        "ref": "P474"
      },
      "geometry": {
        "type": "Point",
        "coordinates": [
          -34.913412,
          -8.046696
        ]
      },
      "id": "node/13112920895"
    },
    {
      "type": "Feature",
      "properties": {
        "@id": "node/13112920896",
        "access": "yes",
        "amenity": "bicycle_parking",
        "bicycle_parking": "stands",
        "capacity": "10",
        "covered": "no",
        "fee": "no",
        "name": "Douro",
        "operator": "Prefeitura do Recife",
        "ref": "P473"
      },
      "geometry": {
        "type": "Point",
        "coordinates": [
          -34.87934,
          -8.062035
        ]
      },
      "id": "node/13112920896"
    },
    {
      "type": "Feature",
      "properties": {
        "@id": "node/13112920897",
        "access": "yes",
        "amenity": "bicycle_parking",
        "bicycle_parking": "stands",
        "capacity": "10",
        "covered": "no",
        "fee": "no",
        "name": "EREM Clotilde de Oliveira",
        "operator": "Prefeitura do Recife",
        "ref": "P472"
      },
      "geometry": {
        "type": "Point",
        "coordinates": [
          -34.926109,
          -8.020037
        ]
      },
      "id": "node/13112920897"
    },
    {
      "type": "Feature",
      "properties": {
        "@id": "node/13112920898",
        "access": "yes",
        "amenity": "bicycle_parking",
        "bicycle_parking": "stands",
        "capacity": "10",
        "covered": "no",
        "fee": "no",
        "name": "Escola Est. Professor Motta e Albuquerque",
        "operator": "Prefeitura do Recife",
        "ref": "P471"
      },
      "geometry": {
        "type": "Point",
        "coordinates": [
          -34.905053,
          -8.029923
        ]
      },
      "id": "node/13112920898"
    },
    {
      "type": "Feature",
      "properties": {
        "@id": "node/13112920899",
        "access": "yes",
        "amenity": "bicycle_parking",
        "bicycle_parking": "stands",
        "capacity": "10",
        "covered": "no",
        "fee": "no",
        "name": "Bacurau - Galo",
        "operator": "Prefeitura do Recife",
        "ref": "P252"
      },
      "geometry": {
        "type": "Point",
        "coordinates": [
          -34.950044,
          -8.115168
        ]
      },
      "id": "node/13112920899"
    },
    {
      "type": "Feature",
      "properties": {
        "@id": "node/13112920900",
        "access": "yes",
        "amenity": "bicycle_parking",
        "bicycle_parking": "stands",
        "capacity": "10",
        "covered": "no",
        "fee": "no",
        "name": "Conjunto Europa",
        "operator": "Prefeitura do Recife",
        "ref": "P470"
      },
      "geometry": {
        "type": "Point",
        "coordinates": [
          -34.906404,
          -8.134607
        ]
      },
      "id": "node/13112920900"
    },
    {
      "type": "Feature",
      "properties": {
        "@id": "node/13112921001",
        "access": "yes",
        "amenity": "bicycle_parking",
        "bicycle_parking": "stands",
        "capacity": "10",
        "covered": "no",
        "fee": "no",
        "name": "Procuradoria Geral do Estado",
        "operator": "Prefeitura do Recife",
        "ref": "P469"
      },
      "geometry": {
        "type": "Point",
        "coordinates": [
          -34.879806,
          -8.061773
        ]
      },
      "id": "node/13112921001"
    },
    {
      "type": "Feature",
      "properties": {
        "@id": "node/13112921002",
        "access": "yes",
        "amenity": "bicycle_parking",
        "bicycle_parking": "stands",
        "capacity": "10",
        "covered": "no",
        "fee": "no",
        "name": "Vapor",
        "operator": "Prefeitura do Recife",
        "ref": "P468"
      },
      "geometry": {
        "type": "Point",
        "coordinates": [
          -34.87857,
          -8.053736
        ]
      },
      "id": "node/13112921002"
    },
    {
      "type": "Feature",
      "properties": {
        "@id": "node/13112921003",
        "access": "yes",
        "amenity": "bicycle_parking",
        "bicycle_parking": "stands",
        "capacity": "10",
        "covered": "no",
        "fee": "no",
        "name": "Central CadÚnico",
        "operator": "Prefeitura do Recife",
        "ref": "P467"
      },
      "geometry": {
        "type": "Point",
        "coordinates": [
          -34.87932,
          -8.051184
        ]
      },
      "id": "node/13112921003"
    },
    {
      "type": "Feature",
      "properties": {
        "@id": "node/13112921004",
        "access": "yes",
        "amenity": "bicycle_parking",
        "bicycle_parking": "stands",
        "capacity": "10",
        "covered": "no",
        "fee": "no",
        "name": "Travessa Carapuceiro",
        "operator": "Prefeitura do Recife",
        "ref": "P466"
      },
      "geometry": {
        "type": "Point",
        "coordinates": [
          -34.901911,
          -8.118732
        ]
      },
      "id": "node/13112921004"
    },
    {
      "type": "Feature",
      "properties": {
        "@id": "node/13112921005",
        "access": "yes",
        "amenity": "bicycle_parking",
        "bicycle_parking": "stands",
        "capacity": "10",
        "covered": "no",
        "fee": "no",
        "name": "Lagoa do Araçá",
        "operator": "Prefeitura do Recife",
        "ref": "P465"
      },
      "geometry": {
        "type": "Point",
        "coordinates": [
          -34.913271,
          -8.092967
        ]
      },
      "id": "node/13112921005"
    },
    {
      "type": "Feature",
      "properties": {
        "@id": "node/13112921006",
        "access": "yes",
        "amenity": "bicycle_parking",
        "bicycle_parking": "stands",
        "capacity": "10",
        "covered": "no",
        "fee": "no",
        "name": "Lagoa do Araçá",
        "operator": "Prefeitura do Recife",
        "ref": "P464"
      },
      "geometry": {
        "type": "Point",
        "coordinates": [
          -34.915443,
          -8.096513
        ]
      },
      "id": "node/13112921006"
    },
    {
      "type": "Feature",
      "properties": {
        "@id": "node/13112921007",
        "access": "yes",
        "amenity": "bicycle_parking",
        "bicycle_parking": "stands",
        "capacity": "10",
        "covered": "no",
        "fee": "no",
        "name": "Borsoi",
        "operator": "Prefeitura do Recife",
        "ref": "P463"
      },
      "geometry": {
        "type": "Point",
        "coordinates": [
          -34.887765,
          -8.104557
        ]
      },
      "id": "node/13112921007"
    },
    {
      "type": "Feature",
      "properties": {
        "@id": "node/13112921008",
        "access": "yes",
        "amenity": "bicycle_parking",
        "bicycle_parking": "stands",
        "capacity": "10",
        "covered": "no",
        "fee": "no",
        "name": "Sindicato dos Contabilistas",
        "operator": "Prefeitura do Recife",
        "ref": "P462"
      },
      "geometry": {
        "type": "Point",
        "coordinates": [
          -34.892679,
          -8.058173
        ]
      },
      "id": "node/13112921008"
    },
    {
      "type": "Feature",
      "properties": {
        "@id": "node/13112921009",
        "access": "yes",
        "amenity": "bicycle_parking",
        "bicycle_parking": "stands",
        "capacity": "10",
        "covered": "no",
        "fee": "no",
        "name": "Praça da Infãncia Córrego do Morcego",
        "operator": "Prefeitura do Recife",
        "ref": "P461"
      },
      "geometry": {
        "type": "Point",
        "coordinates": [
          -34.907454,
          -8.003033
        ]
      },
      "id": "node/13112921009"
    },
    {
      "type": "Feature",
      "properties": {
        "@id": "node/13112921010",
        "access": "yes",
        "amenity": "bicycle_parking",
        "bicycle_parking": "stands",
        "capacity": "8",
        "covered": "no",
        "fee": "no",
        "name": "Parque Jardim do Poço",
        "operator": "Prefeitura do Recife",
        "ref": "P460"
      },
      "geometry": {
        "type": "Point",
        "coordinates": [
          -34.924598,
          -8.031438
        ]
      },
      "id": "node/13112921010"
    },
    {
      "type": "Feature",
      "properties": {
        "@id": "node/13112921011",
        "access": "yes",
        "amenity": "bicycle_parking",
        "bicycle_parking": "stands",
        "capacity": "8",
        "covered": "no",
        "fee": "no",
        "name": "Parque Jardim do Poço",
        "operator": "Prefeitura do Recife",
        "ref": "P459"
      },
      "geometry": {
        "type": "Point",
        "coordinates": [
          -34.925246,
          -8.032042
        ]
      },
      "id": "node/13112921011"
    },
    {
      "type": "Feature",
      "properties": {
        "@id": "node/13112921012",
        "access": "yes",
        "amenity": "bicycle_parking",
        "bicycle_parking": "stands",
        "capacity": "10",
        "covered": "no",
        "fee": "no",
        "name": "Parcão Sítio da Trindade",
        "operator": "Prefeitura do Recife",
        "ref": "P458"
      },
      "geometry": {
        "type": "Point",
        "coordinates": [
          -34.914133,
          -8.031846
        ]
      },
      "id": "node/13112921012"
    },
    {
      "type": "Feature",
      "properties": {
        "@id": "node/13112921013",
        "access": "yes",
        "amenity": "bicycle_parking",
        "bicycle_parking": "stands",
        "capacity": "10",
        "covered": "no",
        "fee": "no",
        "name": "Rua dos Arcos",
        "operator": "Prefeitura do Recife",
        "ref": "P457"
      },
      "geometry": {
        "type": "Point",
        "coordinates": [
          -34.922842,
          -8.033828
        ]
      },
      "id": "node/13112921013"
    },
    {
      "type": "Feature",
      "properties": {
        "@id": "node/13112921014",
        "access": "yes",
        "amenity": "bicycle_parking",
        "bicycle_parking": "stands",
        "capacity": "10",
        "covered": "no",
        "fee": "no",
        "name": "Dantas Barreto",
        "operator": "Prefeitura do Recife",
        "ref": "P456"
      },
      "geometry": {
        "type": "Point",
        "coordinates": [
          -34.881683,
          -8.069768
        ]
      },
      "id": "node/13112921014"
    },
    {
      "type": "Feature",
      "properties": {
        "@id": "node/13112921015",
        "access": "yes",
        "amenity": "bicycle_parking",
        "bicycle_parking": "stands",
        "capacity": "10",
        "covered": "no",
        "fee": "no",
        "name": "Praça João Pereira Borges",
        "operator": "Prefeitura do Recife",
        "ref": "P455"
      },
      "geometry": {
        "type": "Point",
        "coordinates": [
          -34.901764,
          -8.05432
        ]
      },
      "id": "node/13112921015"
    },
    {
      "type": "Feature",
      "properties": {
        "@id": "node/13112921016",
        "access": "yes",
        "amenity": "bicycle_parking",
        "bicycle_parking": "stands",
        "capacity": "8",
        "covered": "no",
        "fee": "no",
        "name": "UFRPE 2",
        "operator": "Prefeitura do Recife",
        "ref": "P454"
      },
      "geometry": {
        "type": "Point",
        "coordinates": [
          -34.950863,
          -8.016237
        ]
      },
      "id": "node/13112921016"
    },
    {
      "type": "Feature",
      "properties": {
        "@id": "node/13112921017",
        "access": "yes",
        "amenity": "bicycle_parking",
        "bicycle_parking": "stands",
        "capacity": "10",
        "covered": "no",
        "fee": "no",
        "name": "UFRPE",
        "operator": "Prefeitura do Recife",
        "ref": "P453"
      },
      "geometry": {
        "type": "Point",
        "coordinates": [
          -34.945253,
          -8.016447
        ]
      },
      "id": "node/13112921017"
    },
    {
      "type": "Feature",
      "properties": {
        "@id": "node/13112921018",
        "access": "yes",
        "amenity": "bicycle_parking",
        "bicycle_parking": "stands",
        "capacity": "10",
        "covered": "no",
        "fee": "no",
        "name": "Parque Santos Dumont 2",
        "operator": "Prefeitura do Recife",
        "ref": "P452"
      },
      "geometry": {
        "type": "Point",
        "coordinates": [
          -34.908225,
          -8.129184
        ]
      },
      "id": "node/13112921018"
    },
    {
      "type": "Feature",
      "properties": {
        "@id": "node/13112921019",
        "access": "yes",
        "amenity": "bicycle_parking",
        "bicycle_parking": "stands",
        "capacity": "10",
        "covered": "no",
        "fee": "no",
        "name": "Parque Santos Dumont 1",
        "operator": "Prefeitura do Recife",
        "ref": "P451"
      },
      "geometry": {
        "type": "Point",
        "coordinates": [
          -34.907551,
          -8.13028
        ]
      },
      "id": "node/13112921019"
    },
    {
      "type": "Feature",
      "properties": {
        "@id": "node/13112921020",
        "access": "yes",
        "amenity": "bicycle_parking",
        "bicycle_parking": "stands",
        "capacity": "10",
        "covered": "no",
        "fee": "no",
        "name": "Bruno Veloso",
        "operator": "Prefeitura do Recife",
        "ref": "P450"
      },
      "geometry": {
        "type": "Point",
        "coordinates": [
          -34.901952,
          -8.121301
        ]
      },
      "id": "node/13112921020"
    },
    {
      "type": "Feature",
      "properties": {
        "@id": "node/13112921021",
        "access": "yes",
        "amenity": "bicycle_parking",
        "bicycle_parking": "stands",
        "capacity": "10",
        "covered": "no",
        "fee": "no",
        "name": "Parque Ecológico Rio Azul",
        "operator": "Prefeitura do Recife",
        "ref": "P449"
      },
      "geometry": {
        "type": "Point",
        "coordinates": [
          -34.909269,
          -8.134723
        ]
      },
      "id": "node/13112921021"
    },
    {
      "type": "Feature",
      "properties": {
        "@id": "node/13112921022",
        "access": "yes",
        "amenity": "bicycle_parking",
        "bicycle_parking": "stands",
        "capacity": "10",
        "covered": "no",
        "fee": "no",
        "name": "Praça Walt Disney",
        "operator": "Prefeitura do Recife",
        "ref": "P448"
      },
      "geometry": {
        "type": "Point",
        "coordinates": [
          -34.889162,
          -8.107903
        ]
      },
      "id": "node/13112921022"
    },
    {
      "type": "Feature",
      "properties": {
        "@id": "node/13112921023",
        "access": "yes",
        "amenity": "bicycle_parking",
        "bicycle_parking": "stands",
        "capacity": "10",
        "covered": "no",
        "fee": "no",
        "name": "Praça Cidade do Porto",
        "operator": "Prefeitura do Recife",
        "ref": "P447"
      },
      "geometry": {
        "type": "Point",
        "coordinates": [
          -34.889522,
          -8.106064
        ]
      },
      "id": "node/13112921023"
    },
    {
      "type": "Feature",
      "properties": {
        "@id": "node/13112921024",
        "access": "yes",
        "amenity": "bicycle_parking",
        "bicycle_parking": "stands",
        "capacity": "10",
        "covered": "no",
        "fee": "no",
        "name": "Praça Comandante Alex",
        "operator": "Prefeitura do Recife",
        "ref": "P446"
      },
      "geometry": {
        "type": "Point",
        "coordinates": [
          -34.890877,
          -8.106038
        ]
      },
      "id": "node/13112921024"
    },
    {
      "type": "Feature",
      "properties": {
        "@id": "node/13112921025",
        "access": "yes",
        "amenity": "bicycle_parking",
        "bicycle_parking": "stands",
        "capacity": "10",
        "covered": "no",
        "fee": "no",
        "name": "Estação e metrô Antônio Falcão",
        "operator": "Prefeitura do Recife",
        "ref": "P445"
      },
      "geometry": {
        "type": "Point",
        "coordinates": [
          -34.909087,
          -8.109634
        ]
      },
      "id": "node/13112921025"
    },
    {
      "type": "Feature",
      "properties": {
        "@id": "node/13112921026",
        "access": "yes",
        "amenity": "bicycle_parking",
        "bicycle_parking": "stands",
        "capacity": "22",
        "covered": "no",
        "fee": "no",
        "name": "AACD",
        "operator": "Prefeitura do Recife",
        "ref": "P444"
      },
      "geometry": {
        "type": "Point",
        "coordinates": [
          -34.894148,
          -8.071839
        ]
      },
      "id": "node/13112921026"
    },
    {
      "type": "Feature",
      "properties": {
        "@id": "node/13112921027",
        "access": "yes",
        "amenity": "bicycle_parking",
        "bicycle_parking": "stands",
        "capacity": "6",
        "covered": "no",
        "fee": "no",
        "name": "Quadra de Jardim Planalto",
        "operator": "Prefeitura do Recife",
        "ref": "P443"
      },
      "geometry": {
        "type": "Point",
        "coordinates": [
          -34.958396,
          -8.084302
        ]
      },
      "id": "node/13112921027"
    },
    {
      "type": "Feature",
      "properties": {
        "@id": "node/13112921028",
        "access": "yes",
        "amenity": "bicycle_parking",
        "bicycle_parking": "stands",
        "capacity": "6",
        "covered": "no",
        "fee": "no",
        "name": "Escola Municipal de Tejipió",
        "operator": "Prefeitura do Recife",
        "ref": "P442"
      },
      "geometry": {
        "type": "Point",
        "coordinates": [
          -34.964395,
          -8.091995
        ]
      },
      "id": "node/13112921028"
    },
    {
      "type": "Feature",
      "properties": {
        "@id": "node/13112921029",
        "access": "yes",
        "amenity": "bicycle_parking",
        "bicycle_parking": "stands",
        "capacity": "10",
        "covered": "no",
        "fee": "no",
        "name": "Estação Coqueiral",
        "operator": "Prefeitura do Recife",
        "ref": "P441"
      },
      "geometry": {
        "type": "Point",
        "coordinates": [
          -34.964639,
          -8.091186
        ]
      },
      "id": "node/13112921029"
    },
    {
      "type": "Feature",
      "properties": {
        "@id": "node/13112921030",
        "access": "yes",
        "amenity": "bicycle_parking",
        "bicycle_parking": "stands",
        "capacity": "10",
        "covered": "no",
        "fee": "no",
        "name": "Praça do ABC",
        "operator": "Prefeitura do Recife",
        "ref": "P440"
      },
      "geometry": {
        "type": "Point",
        "coordinates": [
          -34.918527,
          -8.073582
        ]
      },
      "id": "node/13112921030"
    },
    {
      "type": "Feature",
      "properties": {
        "@id": "node/13112921031",
        "access": "yes",
        "amenity": "bicycle_parking",
        "bicycle_parking": "stands",
        "capacity": "10",
        "covered": "no",
        "fee": "no",
        "name": "Praça Irmã Douraci Joaguim",
        "operator": "Prefeitura do Recife",
        "ref": "P439"
      },
      "geometry": {
        "type": "Point",
        "coordinates": [
          -34.918298,
          -8.071787
        ]
      },
      "id": "node/13112921031"
    },
    {
      "type": "Feature",
      "properties": {
        "@id": "node/13112921032",
        "access": "yes",
        "amenity": "bicycle_parking",
        "bicycle_parking": "stands",
        "capacity": "10",
        "covered": "no",
        "fee": "no",
        "name": "Praça Zeppelin (Jiquiá)",
        "operator": "Prefeitura do Recife",
        "ref": "P438"
      },
      "geometry": {
        "type": "Point",
        "coordinates": [
          -34.92525,
          -8.083425
        ]
      },
      "id": "node/13112921032"
    },
    {
      "type": "Feature",
      "properties": {
        "@id": "node/13112921033",
        "access": "yes",
        "amenity": "bicycle_parking",
        "bicycle_parking": "stands",
        "capacity": "10",
        "covered": "no",
        "fee": "no",
        "name": "Praça da Sudene",
        "operator": "Prefeitura do Recife",
        "ref": "P437"
      },
      "geometry": {
        "type": "Point",
        "coordinates": [
          -34.921882,
          -8.114094
        ]
      },
      "id": "node/13112921033"
    },
    {
      "type": "Feature",
      "properties": {
        "@id": "node/13112921034",
        "access": "yes",
        "amenity": "bicycle_parking",
        "bicycle_parking": "stands",
        "capacity": "10",
        "covered": "no",
        "fee": "no",
        "name": "Praça Aleixo de Oliveira",
        "operator": "Prefeitura do Recife",
        "ref": "P436"
      },
      "geometry": {
        "type": "Point",
        "coordinates": [
          -34.924747,
          -8.112414
        ]
      },
      "id": "node/13112921034"
    },
    {
      "type": "Feature",
      "properties": {
        "@id": "node/13112921035",
        "access": "yes",
        "amenity": "bicycle_parking",
        "bicycle_parking": "stands",
        "capacity": "10",
        "covered": "no",
        "fee": "no",
        "name": "Praça Vicente Antunes",
        "operator": "Prefeitura do Recife",
        "ref": "P435"
      },
      "geometry": {
        "type": "Point",
        "coordinates": [
          -34.918499,
          -8.11461
        ]
      },
      "id": "node/13112921035"
    },
    {
      "type": "Feature",
      "properties": {
        "@id": "node/13112921036",
        "access": "yes",
        "amenity": "bicycle_parking",
        "bicycle_parking": "stands",
        "capacity": "10",
        "covered": "no",
        "fee": "no",
        "name": "Praça da Lua",
        "operator": "Prefeitura do Recife",
        "ref": "P434"
      },
      "geometry": {
        "type": "Point",
        "coordinates": [
          -34.887377,
          -8.086239
        ]
      },
      "id": "node/13112921036"
    },
    {
      "type": "Feature",
      "properties": {
        "@id": "node/13112921037",
        "access": "yes",
        "amenity": "bicycle_parking",
        "bicycle_parking": "stands",
        "capacity": "10",
        "covered": "no",
        "fee": "no",
        "name": "Barraca de Pingo",
        "operator": "Prefeitura do Recife",
        "ref": "P433"
      },
      "geometry": {
        "type": "Point",
        "coordinates": [
          -34.883828,
          -8.099856
        ]
      },
      "id": "node/13112921037"
    },
    {
      "type": "Feature",
      "properties": {
        "@id": "node/13112921038",
        "access": "yes",
        "amenity": "bicycle_parking",
        "bicycle_parking": "stands",
        "capacity": "10",
        "covered": "no",
        "fee": "no",
        "name": "Praça do Sargento",
        "operator": "Prefeitura do Recife",
        "ref": "P432"
      },
      "geometry": {
        "type": "Point",
        "coordinates": [
          -34.918605,
          -8.115912
        ]
      },
      "id": "node/13112921038"
    },
    {
      "type": "Feature",
      "properties": {
        "@id": "node/13112921039",
        "access": "yes",
        "amenity": "bicycle_parking",
        "bicycle_parking": "stands",
        "capacity": "10",
        "covered": "no",
        "fee": "no",
        "name": "Praça Franco Gomes Coutinho",
        "operator": "Prefeitura do Recife",
        "ref": "P431"
      },
      "geometry": {
        "type": "Point",
        "coordinates": [
          -34.919767,
          -8.07872
        ]
      },
      "id": "node/13112921039"
    },
    {
      "type": "Feature",
      "properties": {
        "@id": "node/13112921040",
        "access": "yes",
        "amenity": "bicycle_parking",
        "bicycle_parking": "stands",
        "capacity": "10",
        "covered": "no",
        "fee": "no",
        "name": "Praça Nossa Senhora de Fátima",
        "operator": "Prefeitura do Recife",
        "ref": "P430"
      },
      "geometry": {
        "type": "Point",
        "coordinates": [
          -34.930639,
          -8.072198
        ]
      },
      "id": "node/13112921040"
    },
    {
      "type": "Feature",
      "properties": {
        "@id": "node/13112921041",
        "access": "yes",
        "amenity": "bicycle_parking",
        "bicycle_parking": "stands",
        "capacity": "10",
        "covered": "no",
        "fee": "no",
        "name": "Praça Zeppelin (San Martin)",
        "operator": "Prefeitura do Recife",
        "ref": "P429"
      },
      "geometry": {
        "type": "Point",
        "coordinates": [
          -34.927955,
          -8.072877
        ]
      },
      "id": "node/13112921041"
    },
    {
      "type": "Feature",
      "properties": {
        "@id": "node/13112921042",
        "access": "yes",
        "amenity": "bicycle_parking",
        "bicycle_parking": "stands",
        "capacity": "10",
        "covered": "no",
        "fee": "no",
        "name": "Praça Professor Paulo Silveira do Nascimento",
        "operator": "Prefeitura do Recife",
        "ref": "P428"
      },
      "geometry": {
        "type": "Point",
        "coordinates": [
          -34.921773,
          -8.083229
        ]
      },
      "id": "node/13112921042"
    },
    {
      "type": "Feature",
      "properties": {
        "@id": "node/13112921043",
        "access": "yes",
        "amenity": "bicycle_parking",
        "bicycle_parking": "stands",
        "capacity": "10",
        "covered": "no",
        "fee": "no",
        "name": "Praça Sargento Max Wolf Filho",
        "operator": "Prefeitura do Recife",
        "ref": "P427"
      },
      "geometry": {
        "type": "Point",
        "coordinates": [
          -34.911402,
          -8.071678
        ]
      },
      "id": "node/13112921043"
    },
    {
      "type": "Feature",
      "properties": {
        "@id": "node/13112921044",
        "access": "yes",
        "amenity": "bicycle_parking",
        "bicycle_parking": "stands",
        "capacity": "6",
        "covered": "no",
        "fee": "no",
        "name": "TI Caxangá",
        "operator": "Prefeitura do Recife",
        "ref": "P426"
      },
      "geometry": {
        "type": "Point",
        "coordinates": [
          -34.954845,
          -8.031226
        ]
      },
      "id": "node/13112921044"
    },
    {
      "type": "Feature",
      "properties": {
        "@id": "node/13112921045",
        "access": "yes",
        "amenity": "bicycle_parking",
        "bicycle_parking": "stands",
        "capacity": "10",
        "covered": "no",
        "fee": "no",
        "name": "Orla de Brasilia Teimosa (Buraco da Véia)",
        "operator": "Prefeitura do Recife",
        "ref": "P425"
      },
      "geometry": {
        "type": "Point",
        "coordinates": [
          -34.876596,
          -8.079951
        ]
      },
      "id": "node/13112921045"
    },
    {
      "type": "Feature",
      "properties": {
        "@id": "node/13112921046",
        "access": "yes",
        "amenity": "bicycle_parking",
        "bicycle_parking": "stands",
        "capacity": "10",
        "covered": "no",
        "fee": "no",
        "name": "Acad. da cidade – Polo Cafezópolis",
        "operator": "Prefeitura do Recife",
        "ref": "P424"
      },
      "geometry": {
        "type": "Point",
        "coordinates": [
          -34.908857,
          -8.099821
        ]
      },
      "id": "node/13112921046"
    },
    {
      "type": "Feature",
      "properties": {
        "@id": "node/13112921047",
        "access": "yes",
        "amenity": "bicycle_parking",
        "bicycle_parking": "stands",
        "capacity": "10",
        "covered": "no",
        "fee": "no",
        "name": "Academia da Cidade Polo Chão de estrelas",
        "operator": "Prefeitura do Recife",
        "ref": "P423"
      },
      "geometry": {
        "type": "Point",
        "coordinates": [
          -34.87587,
          -8.020313
        ]
      },
      "id": "node/13112921047"
    },
    {
      "type": "Feature",
      "properties": {
        "@id": "node/13112921048",
        "access": "yes",
        "amenity": "bicycle_parking",
        "bicycle_parking": "stands",
        "capacity": "10",
        "covered": "no",
        "fee": "no",
        "name": "Buriti",
        "operator": "Prefeitura do Recife",
        "ref": "P422"
      },
      "geometry": {
        "type": "Point",
        "coordinates": [
          -34.929403,
          -8.010254
        ]
      },
      "id": "node/13112921048"
    },
    {
      "type": "Feature",
      "properties": {
        "@id": "node/13112921049",
        "access": "yes",
        "amenity": "bicycle_parking",
        "bicycle_parking": "stands",
        "capacity": "10",
        "covered": "no",
        "fee": "no",
        "name": "CMEI Prof. FRANCISCO do Amaral Lopes",
        "operator": "Prefeitura do Recife",
        "ref": "P421"
      },
      "geometry": {
        "type": "Point",
        "coordinates": [
          -34.888587,
          -8.044902
        ]
      },
      "id": "node/13112921049"
    },
    {
      "type": "Feature",
      "properties": {
        "@id": "node/13112921050",
        "access": "yes",
        "amenity": "bicycle_parking",
        "bicycle_parking": "stands",
        "capacity": "20",
        "covered": "no",
        "fee": "no",
        "name": "Parque das Graças 03",
        "operator": "Prefeitura do Recife",
        "ref": "P420"
      },
      "geometry": {
        "type": "Point",
        "coordinates": [
          -34.902784,
          -8.048016
        ]
      },
      "id": "node/13112921050"
    },
    {
      "type": "Feature",
      "properties": {
        "@id": "node/13112921051",
        "access": "yes",
        "amenity": "bicycle_parking",
        "bicycle_parking": "stands",
        "capacity": "10",
        "covered": "no",
        "fee": "no",
        "name": "Parque das Graças 02",
        "operator": "Prefeitura do Recife",
        "ref": "P419"
      },
      "geometry": {
        "type": "Point",
        "coordinates": [
          -34.903651,
          -8.049569
        ]
      },
      "id": "node/13112921051"
    },
    {
      "type": "Feature",
      "properties": {
        "@id": "node/13112921052",
        "access": "yes",
        "amenity": "bicycle_parking",
        "bicycle_parking": "stands",
        "capacity": "12",
        "covered": "no",
        "fee": "no",
        "name": "Parque das Graças 01",
        "operator": "Prefeitura do Recife",
        "ref": "P418"
      },
      "geometry": {
        "type": "Point",
        "coordinates": [
          -34.902913,
          -8.045406
        ]
      },
      "id": "node/13112921052"
    },
    {
      "type": "Feature",
      "properties": {
        "@id": "node/13112921053",
        "access": "yes",
        "amenity": "bicycle_parking",
        "bicycle_parking": "stands",
        "capacity": "20",
        "covered": "no",
        "fee": "no",
        "name": "TI Getulio Vargas 02",
        "operator": "Prefeitura do Recife",
        "ref": "P417"
      },
      "geometry": {
        "type": "Point",
        "coordinates": [
          -34.921716,
          -8.05029
        ]
      },
      "id": "node/13112921053"
    },
    {
      "type": "Feature",
      "properties": {
        "@id": "node/13112921054",
        "access": "yes",
        "amenity": "bicycle_parking",
        "bicycle_parking": "stands",
        "capacity": "16",
        "covered": "no",
        "fee": "no",
        "name": "TI CDU",
        "operator": "Prefeitura do Recife",
        "ref": "P415"
      },
      "geometry": {
        "type": "Point",
        "coordinates": [
          -34.943299,
          -8.038463
        ]
      },
      "id": "node/13112921054"
    },
    {
      "type": "Feature",
      "properties": {
        "@id": "node/13112921055",
        "access": "yes",
        "amenity": "bicycle_parking",
        "bicycle_parking": "stands",
        "capacity": "10",
        "covered": "no",
        "fee": "no",
        "name": "Mercado de Casa Amarela 04",
        "operator": "Prefeitura do Recife",
        "ref": "P414"
      },
      "geometry": {
        "type": "Point",
        "coordinates": [
          -34.917754,
          -8.025911
        ]
      },
      "id": "node/13112921055"
    },
    {
      "type": "Feature",
      "properties": {
        "@id": "node/13112921056",
        "access": "yes",
        "amenity": "bicycle_parking",
        "bicycle_parking": "stands",
        "capacity": "10",
        "covered": "no",
        "fee": "no",
        "name": "Praça Maciel Pinheiro",
        "operator": "Prefeitura do Recife",
        "ref": "P413"
      },
      "geometry": {
        "type": "Point",
        "coordinates": [
          -34.885148,
          -8.062604
        ]
      },
      "id": "node/13112921056"
    },
    {
      "type": "Feature",
      "properties": {
        "@id": "node/13112921057",
        "access": "yes",
        "amenity": "bicycle_parking",
        "bicycle_parking": "stands",
        "capacity": "10",
        "covered": "no",
        "fee": "no",
        "name": "Praça Eça de Queiroz",
        "operator": "Prefeitura do Recife",
        "ref": "P412"
      },
      "geometry": {
        "type": "Point",
        "coordinates": [
          -34.907299,
          -8.050652
        ]
      },
      "id": "node/13112921057"
    },
    {
      "type": "Feature",
      "properties": {
        "@id": "node/13112921058",
        "access": "yes",
        "amenity": "bicycle_parking",
        "bicycle_parking": "stands",
        "capacity": "10",
        "covered": "no",
        "fee": "no",
        "name": "Dpt. Remo Do Sport Club Do Recife",
        "operator": "Prefeitura do Recife",
        "ref": "P411"
      },
      "geometry": {
        "type": "Point",
        "coordinates": [
          -34.90451,
          -8.053573
        ]
      },
      "id": "node/13112921058"
    },
    {
      "type": "Feature",
      "properties": {
        "@id": "node/13112921059",
        "access": "yes",
        "amenity": "bicycle_parking",
        "bicycle_parking": "stands",
        "capacity": "4",
        "covered": "no",
        "fee": "no",
        "name": "Simonesia",
        "operator": "Prefeitura do Recife",
        "ref": "P410"
      },
      "geometry": {
        "type": "Point",
        "coordinates": [
          -34.932698,
          -8.028989
        ]
      },
      "id": "node/13112921059"
    },
    {
      "type": "Feature",
      "properties": {
        "@id": "node/13112921060",
        "access": "yes",
        "amenity": "bicycle_parking",
        "bicycle_parking": "stands",
        "covered": "no",
        "fee": "no",
        "operator": "Prefeitura do Recife",
        "ref": "P409"
      },
      "geometry": {
        "type": "Point",
        "coordinates": [
          -34.899404,
          -8.068887
        ]
      },
      "id": "node/13112921060"
    },
    {
      "type": "Feature",
      "properties": {
        "@id": "node/13112921061",
        "access": "yes",
        "amenity": "bicycle_parking",
        "bicycle_parking": "stands",
        "capacity": "10",
        "covered": "no",
        "fee": "no",
        "name": "CRAS Campina do Barreto",
        "operator": "Prefeitura do Recife",
        "ref": "P408"
      },
      "geometry": {
        "type": "Point",
        "coordinates": [
          -34.881264,
          -8.015904
        ]
      },
      "id": "node/13112921061"
    },
    {
      "type": "Feature",
      "properties": {
        "@id": "node/13112921062",
        "access": "yes",
        "amenity": "bicycle_parking",
        "bicycle_parking": "stands",
        "capacity": "10",
        "covered": "no",
        "fee": "no",
        "name": "Praça do Burity",
        "operator": "Prefeitura do Recife",
        "ref": "P407"
      },
      "geometry": {
        "type": "Point",
        "coordinates": [
          -34.929304,
          -8.016857
        ]
      },
      "id": "node/13112921062"
    },
    {
      "type": "Feature",
      "properties": {
        "@id": "node/13112921063",
        "access": "yes",
        "amenity": "bicycle_parking",
        "bicycle_parking": "stands",
        "capacity": "6",
        "covered": "no",
        "fee": "no",
        "name": "Academia da Cidade Polo Simão Borba",
        "operator": "Prefeitura do Recife",
        "ref": "P406"
      },
      "geometry": {
        "type": "Point",
        "coordinates": [
          -34.925422,
          -8.096667
        ]
      },
      "id": "node/13112921063"
    },
    {
      "type": "Feature",
      "properties": {
        "@id": "node/13112921064",
        "access": "yes",
        "amenity": "bicycle_parking",
        "bicycle_parking": "stands",
        "capacity": "6",
        "covered": "no",
        "fee": "no",
        "name": "Praça Chora Menino",
        "operator": "Prefeitura do Recife",
        "ref": "P405"
      },
      "geometry": {
        "type": "Point",
        "coordinates": [
          -34.89503,
          -8.060339
        ]
      },
      "id": "node/13112921064"
    },
    {
      "type": "Feature",
      "properties": {
        "@id": "node/13112921065",
        "access": "yes",
        "amenity": "bicycle_parking",
        "bicycle_parking": "stands",
        "capacity": "6",
        "covered": "no",
        "fee": "no",
        "name": "Praça dos Taxistas",
        "operator": "Prefeitura do Recife",
        "ref": "P404"
      },
      "geometry": {
        "type": "Point",
        "coordinates": [
          -34.946227,
          -8.118421
        ]
      },
      "id": "node/13112921065"
    },
    {
      "type": "Feature",
      "properties": {
        "@id": "node/13112921066",
        "access": "yes",
        "amenity": "bicycle_parking",
        "bicycle_parking": "stands",
        "capacity": "6",
        "covered": "no",
        "fee": "no",
        "name": "Praça Dom Miguel Valverde 03",
        "operator": "Prefeitura do Recife",
        "ref": "P403"
      },
      "geometry": {
        "type": "Point",
        "coordinates": [
          -34.892775,
          -8.035682
        ]
      },
      "id": "node/13112921066"
    },
    {
      "type": "Feature",
      "properties": {
        "@id": "node/13112921067",
        "access": "yes",
        "amenity": "bicycle_parking",
        "bicycle_parking": "stands",
        "capacity": "6",
        "covered": "no",
        "fee": "no",
        "name": "Praça Dom Miguel Valverde 02",
        "operator": "Prefeitura do Recife",
        "ref": "P402"
      },
      "geometry": {
        "type": "Point",
        "coordinates": [
          -34.892489,
          -8.035839
        ]
      },
      "id": "node/13112921067"
    },
    {
      "type": "Feature",
      "properties": {
        "@id": "node/13112921068",
        "access": "yes",
        "amenity": "bicycle_parking",
        "bicycle_parking": "stands",
        "capacity": "6",
        "covered": "no",
        "fee": "no",
        "name": "Praça Dom Miguel Valverde 01",
        "operator": "Prefeitura do Recife",
        "ref": "P401"
      },
      "geometry": {
        "type": "Point",
        "coordinates": [
          -34.892587,
          -8.035414
        ]
      },
      "id": "node/13112921068"
    },
    {
      "type": "Feature",
      "properties": {
        "@id": "node/13112921069",
        "access": "yes",
        "amenity": "bicycle_parking",
        "bicycle_parking": "stands",
        "capacity": "10",
        "covered": "no",
        "fee": "no",
        "name": "Praça João Pessoa de Queiroz",
        "operator": "Prefeitura do Recife",
        "ref": "P400"
      },
      "geometry": {
        "type": "Point",
        "coordinates": [
          -34.932783,
          -8.067368
        ]
      },
      "id": "node/13112921069"
    },
    {
      "type": "Feature",
      "properties": {
        "@id": "node/13112921070",
        "access": "yes",
        "amenity": "bicycle_parking",
        "bicycle_parking": "stands",
        "capacity": "10",
        "covered": "no",
        "fee": "no",
        "name": "Praça Prof. Calazans",
        "operator": "Prefeitura do Recife",
        "ref": "P399"
      },
      "geometry": {
        "type": "Point",
        "coordinates": [
          -34.910226,
          -8.050543
        ]
      },
      "id": "node/13112921070"
    },
    {
      "type": "Feature",
      "properties": {
        "@id": "node/13112921071",
        "access": "yes",
        "amenity": "bicycle_parking",
        "bicycle_parking": "stands",
        "capacity": "10",
        "covered": "no",
        "fee": "no",
        "name": "Praça dos Iburenses - Academia Recife",
        "operator": "Prefeitura do Recife",
        "ref": "P398"
      },
      "geometry": {
        "type": "Point",
        "coordinates": [
          -34.94702,
          -8.117503
        ]
      },
      "id": "node/13112921071"
    },
    {
      "type": "Feature",
      "properties": {
        "@id": "node/13112921072",
        "access": "yes",
        "amenity": "bicycle_parking",
        "bicycle_parking": "stands",
        "capacity": "10",
        "covered": "no",
        "fee": "no",
        "name": "Escola Municipal Engenheiro Edinaldo Miranda de Oliveira",
        "operator": "Prefeitura do Recife",
        "ref": "P397"
      },
      "geometry": {
        "type": "Point",
        "coordinates": [
          -34.89256,
          -8.034676
        ]
      },
      "id": "node/13112921072"
    },
    {
      "type": "Feature",
      "properties": {
        "@id": "node/13112921073",
        "access": "yes",
        "amenity": "bicycle_parking",
        "bicycle_parking": "stands",
        "capacity": "10",
        "covered": "no",
        "fee": "no",
        "name": "Academia da Cidade Polo Ilha do Leite",
        "operator": "Prefeitura do Recife",
        "ref": "P396"
      },
      "geometry": {
        "type": "Point",
        "coordinates": [
          -34.893419,
          -8.0666
        ]
      },
      "id": "node/13112921073"
    },
    {
      "type": "Feature",
      "properties": {
        "@id": "node/13112921074",
        "access": "yes",
        "amenity": "bicycle_parking",
        "bicycle_parking": "stands",
        "capacity": "10",
        "covered": "no",
        "fee": "no",
        "name": "Praça Jardim América",
        "operator": "Prefeitura do Recife",
        "ref": "P395"
      },
      "geometry": {
        "type": "Point",
        "coordinates": [
          -34.919859,
          -8.105865
        ]
      },
      "id": "node/13112921074"
    },
    {
      "type": "Feature",
      "properties": {
        "@id": "node/13112921075",
        "access": "yes",
        "amenity": "bicycle_parking",
        "bicycle_parking": "stands",
        "capacity": "6",
        "covered": "no",
        "fee": "no",
        "name": "Praça do Bongi 02",
        "operator": "Prefeitura do Recife",
        "ref": "P394"
      },
      "geometry": {
        "type": "Point",
        "coordinates": [
          -34.921888,
          -8.063776
        ]
      },
      "id": "node/13112921075"
    },
    {
      "type": "Feature",
      "properties": {
        "@id": "node/13112921076",
        "access": "yes",
        "amenity": "bicycle_parking",
        "bicycle_parking": "stands",
        "capacity": "4",
        "covered": "no",
        "fee": "no",
        "name": "Estação Afogados 02",
        "operator": "Prefeitura do Recife",
        "ref": "P393"
      },
      "geometry": {
        "type": "Point",
        "coordinates": [
          -34.906456,
          -8.077713
        ]
      },
      "id": "node/13112921076"
    },
    {
      "type": "Feature",
      "properties": {
        "@id": "node/13112921077",
        "access": "yes",
        "amenity": "bicycle_parking",
        "bicycle_parking": "stands",
        "capacity": "6",
        "covered": "no",
        "fee": "no",
        "name": "Estação Afogados 01",
        "operator": "Prefeitura do Recife",
        "ref": "P392"
      },
      "geometry": {
        "type": "Point",
        "coordinates": [
          -34.90643,
          -8.077317
        ]
      },
      "id": "node/13112921077"
    },
    {
      "type": "Feature",
      "properties": {
        "@id": "node/13112921078",
        "access": "yes",
        "amenity": "bicycle_parking",
        "bicycle_parking": "stands",
        "capacity": "10",
        "covered": "no",
        "fee": "no",
        "name": "Praça da Vitória",
        "operator": "Prefeitura do Recife",
        "ref": "P391"
      },
      "geometry": {
        "type": "Point",
        "coordinates": [
          -34.93423,
          -8.094366
        ]
      },
      "id": "node/13112921078"
    },
    {
      "type": "Feature",
      "properties": {
        "@id": "node/13112921079",
        "access": "yes",
        "amenity": "bicycle_parking",
        "bicycle_parking": "stands",
        "capacity": "10",
        "covered": "no",
        "fee": "no",
        "name": "Praça Jornalista Anibal Fernandes",
        "operator": "Prefeitura do Recife",
        "ref": "P390"
      },
      "geometry": {
        "type": "Point",
        "coordinates": [
          -34.93012,
          -8.093229
        ]
      },
      "id": "node/13112921079"
    },
    {
      "type": "Feature",
      "properties": {
        "@id": "node/13112921080",
        "access": "yes",
        "amenity": "bicycle_parking",
        "bicycle_parking": "stands",
        "capacity": "10",
        "covered": "no",
        "fee": "no",
        "name": "Praça Manfredo Nigro",
        "operator": "Prefeitura do Recife",
        "ref": "P389"
      },
      "geometry": {
        "type": "Point",
        "coordinates": [
          -34.932518,
          -8.093423
        ]
      },
      "id": "node/13112921080"
    },
    {
      "type": "Feature",
      "properties": {
        "@id": "node/13112921081",
        "access": "yes",
        "amenity": "bicycle_parking",
        "bicycle_parking": "stands",
        "capacity": "10",
        "covered": "no",
        "fee": "no",
        "name": "Praça José Cecílio de Lira",
        "operator": "Prefeitura do Recife",
        "ref": "P388"
      },
      "geometry": {
        "type": "Point",
        "coordinates": [
          -34.933347,
          -8.094168
        ]
      },
      "id": "node/13112921081"
    },
    {
      "type": "Feature",
      "properties": {
        "@id": "node/13112921082",
        "access": "yes",
        "amenity": "bicycle_parking",
        "bicycle_parking": "stands",
        "capacity": "10",
        "covered": "no",
        "fee": "no",
        "name": "Praça São Braz",
        "operator": "Prefeitura do Recife",
        "ref": "P387"
      },
      "geometry": {
        "type": "Point",
        "coordinates": [
          -34.931675,
          -8.094303
        ]
      },
      "id": "node/13112921082"
    },
    {
      "type": "Feature",
      "properties": {
        "@id": "node/13112921083",
        "access": "yes",
        "amenity": "bicycle_parking",
        "bicycle_parking": "stands",
        "capacity": "10",
        "covered": "no",
        "fee": "no",
        "name": "Praça Eduardo Cardoso",
        "operator": "Prefeitura do Recife",
        "ref": "P386"
      },
      "geometry": {
        "type": "Point",
        "coordinates": [
          -34.93143,
          -8.09648
        ]
      },
      "id": "node/13112921083"
    },
    {
      "type": "Feature",
      "properties": {
        "@id": "node/13112921084",
        "access": "yes",
        "amenity": "bicycle_parking",
        "bicycle_parking": "stands",
        "capacity": "10",
        "covered": "no",
        "fee": "no",
        "name": "Praça 4 de Outubro",
        "operator": "Prefeitura do Recife",
        "ref": "P385"
      },
      "geometry": {
        "type": "Point",
        "coordinates": [
          -34.938989,
          -8.095365
        ]
      },
      "id": "node/13112921084"
    },
    {
      "type": "Feature",
      "properties": {
        "@id": "node/13112921085",
        "access": "yes",
        "amenity": "bicycle_parking",
        "bicycle_parking": "stands",
        "capacity": "10",
        "covered": "no",
        "fee": "no",
        "name": "Praça Nossa Senhora de Lourdes",
        "operator": "Prefeitura do Recife",
        "ref": "P384"
      },
      "geometry": {
        "type": "Point",
        "coordinates": [
          -34.943836,
          -8.095502
        ]
      },
      "id": "node/13112921085"
    },
    {
      "type": "Feature",
      "properties": {
        "@id": "node/13112921086",
        "access": "yes",
        "amenity": "bicycle_parking",
        "bicycle_parking": "stands",
        "capacity": "10",
        "covered": "no",
        "fee": "no",
        "name": "Mercado de Areias",
        "operator": "Prefeitura do Recife",
        "ref": "P383"
      },
      "geometry": {
        "type": "Point",
        "coordinates": [
          -34.933831,
          -8.089414
        ]
      },
      "id": "node/13112921086"
    },
    {
      "type": "Feature",
      "properties": {
        "@id": "node/13112921087",
        "access": "yes",
        "amenity": "bicycle_parking",
        "bicycle_parking": "stands",
        "capacity": "10",
        "covered": "no",
        "fee": "no",
        "name": "Praça da Lavadeira",
        "operator": "Prefeitura do Recife",
        "ref": "P382"
      },
      "geometry": {
        "type": "Point",
        "coordinates": [
          -34.936713,
          -8.094601
        ]
      },
      "id": "node/13112921087"
    },
    {
      "type": "Feature",
      "properties": {
        "@id": "node/13112921088",
        "access": "yes",
        "amenity": "bicycle_parking",
        "bicycle_parking": "stands",
        "capacity": "10",
        "covered": "no",
        "fee": "no",
        "name": "Campo de Areias",
        "operator": "Prefeitura do Recife",
        "ref": "P381"
      },
      "geometry": {
        "type": "Point",
        "coordinates": [
          -34.936488,
          -8.101343
        ]
      },
      "id": "node/13112921088"
    },
    {
      "type": "Feature",
      "properties": {
        "@id": "node/13112921089",
        "access": "yes",
        "amenity": "bicycle_parking",
        "bicycle_parking": "stands",
        "capacity": "10",
        "covered": "no",
        "fee": "no",
        "name": "Praça João Stanislau",
        "operator": "Prefeitura do Recife",
        "ref": "P380"
      },
      "geometry": {
        "type": "Point",
        "coordinates": [
          -34.938385,
          -8.097552
        ]
      },
      "id": "node/13112921089"
    },
    {
      "type": "Feature",
      "properties": {
        "@id": "node/13112921090",
        "access": "yes",
        "amenity": "bicycle_parking",
        "bicycle_parking": "stands",
        "capacity": "10",
        "covered": "no",
        "fee": "no",
        "name": "Hospital Eduardo Campos da Pessoa Idosa",
        "operator": "Prefeitura do Recife",
        "ref": "P379"
      },
      "geometry": {
        "type": "Point",
        "coordinates": [
          -34.928055,
          -8.10024
        ]
      },
      "id": "node/13112921090"
    },
    {
      "type": "Feature",
      "properties": {
        "@id": "node/13112921091",
        "access": "yes",
        "amenity": "bicycle_parking",
        "bicycle_parking": "stands",
        "capacity": "10",
        "covered": "no",
        "fee": "no",
        "name": "Hospital Otávio de Freitas",
        "operator": "Prefeitura do Recife",
        "ref": "P378"
      },
      "geometry": {
        "type": "Point",
        "coordinates": [
          -34.961801,
          -8.086909
        ]
      },
      "id": "node/13112921091"
    },
    {
      "type": "Feature",
      "properties": {
        "@id": "node/13112921092",
        "access": "yes",
        "amenity": "bicycle_parking",
        "bicycle_parking": "stands",
        "capacity": "10",
        "covered": "no",
        "fee": "no",
        "name": "Escola Municipal Professora Maria da Paz Brandão Alves",
        "operator": "Prefeitura do Recife",
        "ref": "P377"
      },
      "geometry": {
        "type": "Point",
        "coordinates": [
          -34.96149,
          -8.08243
        ]
      },
      "id": "node/13112921092"
    },
    {
      "type": "Feature",
      "properties": {
        "@id": "node/13112921093",
        "access": "yes",
        "amenity": "bicycle_parking",
        "bicycle_parking": "stands",
        "capacity": "10",
        "covered": "no",
        "fee": "no",
        "name": "Estação Tejipió",
        "operator": "Prefeitura do Recife",
        "ref": "P376"
      },
      "geometry": {
        "type": "Point",
        "coordinates": [
          -34.956638,
          -8.090533
        ]
      },
      "id": "node/13112921093"
    },
    {
      "type": "Feature",
      "properties": {
        "@id": "node/13112921094",
        "access": "yes",
        "amenity": "bicycle_parking",
        "bicycle_parking": "stands",
        "capacity": "10",
        "covered": "no",
        "fee": "no",
        "name": "Praça da Cavalaria 02",
        "operator": "Prefeitura do Recife",
        "ref": "P375"
      },
      "geometry": {
        "type": "Point",
        "coordinates": [
          -34.927558,
          -8.065398
        ]
      },
      "id": "node/13112921094"
    },
    {
      "type": "Feature",
      "properties": {
        "@id": "node/13112921095",
        "access": "yes",
        "amenity": "bicycle_parking",
        "bicycle_parking": "stands",
        "capacity": "10",
        "covered": "no",
        "fee": "no",
        "name": "Praça da Cavalaria 01",
        "operator": "Prefeitura do Recife",
        "ref": "P374"
      },
      "geometry": {
        "type": "Point",
        "coordinates": [
          -34.927059,
          -8.065575
        ]
      },
      "id": "node/13112921095"
    },
    {
      "type": "Feature",
      "properties": {
        "@id": "node/13112921096",
        "access": "yes",
        "amenity": "bicycle_parking",
        "bicycle_parking": "stands",
        "capacity": "20",
        "covered": "no",
        "fee": "no",
        "name": "EREM Professora Helena Pugó",
        "operator": "Prefeitura do Recife",
        "ref": "P373"
      },
      "geometry": {
        "type": "Point",
        "coordinates": [
          -34.932112,
          -8.067679
        ]
      },
      "id": "node/13112921096"
    },
    {
      "type": "Feature",
      "properties": {
        "@id": "node/13112921097",
        "access": "yes",
        "amenity": "bicycle_parking",
        "bicycle_parking": "stands",
        "capacity": "10",
        "covered": "no",
        "fee": "no",
        "name": "Praça de San Martin (Praça da Infância)",
        "operator": "Prefeitura do Recife",
        "ref": "P372"
      },
      "geometry": {
        "type": "Point",
        "coordinates": [
          -34.928825,
          -8.071083
        ]
      },
      "id": "node/13112921097"
    },
    {
      "type": "Feature",
      "properties": {
        "@id": "node/13112921098",
        "access": "yes",
        "amenity": "bicycle_parking",
        "bicycle_parking": "stands",
        "capacity": "10",
        "covered": "no",
        "fee": "no",
        "name": "Praça do El Salvador",
        "operator": "Prefeitura do Recife",
        "ref": "P371"
      },
      "geometry": {
        "type": "Point",
        "coordinates": [
          -34.940126,
          -8.08056
        ]
      },
      "id": "node/13112921098"
    },
    {
      "type": "Feature",
      "properties": {
        "@id": "node/13112921099",
        "access": "yes",
        "amenity": "bicycle_parking",
        "bicycle_parking": "stands",
        "capacity": "10",
        "covered": "no",
        "fee": "no",
        "name": "Hospital da Mulher (Emergência)",
        "operator": "Prefeitura do Recife",
        "ref": "P370"
      },
      "geometry": {
        "type": "Point",
        "coordinates": [
          -34.940573,
          -8.071672
        ]
      },
      "id": "node/13112921099"
    },
    {
      "type": "Feature",
      "properties": {
        "@id": "node/13112921100",
        "access": "yes",
        "amenity": "bicycle_parking",
        "bicycle_parking": "stands",
        "capacity": "10",
        "covered": "no",
        "fee": "no",
        "name": "Hospital da Mulher (Acesso Funcionários)",
        "operator": "Prefeitura do Recife",
        "ref": "P369"
      },
      "geometry": {
        "type": "Point",
        "coordinates": [
          -34.94103,
          -8.070992
        ]
      },
      "id": "node/13112921100"
    },
    {
      "type": "Feature",
      "properties": {
        "@id": "node/13112921101",
        "access": "yes",
        "amenity": "bicycle_parking",
        "bicycle_parking": "stands",
        "capacity": "10",
        "covered": "no",
        "fee": "no",
        "name": "Hospital da Mulher (Administração)",
        "operator": "Prefeitura do Recife",
        "ref": "P368"
      },
      "geometry": {
        "type": "Point",
        "coordinates": [
          -34.940774,
          -8.072143
        ]
      },
      "id": "node/13112921101"
    },
    {
      "type": "Feature",
      "properties": {
        "@id": "node/13112921102",
        "access": "yes",
        "amenity": "bicycle_parking",
        "bicycle_parking": "stands",
        "capacity": "10",
        "covered": "no",
        "fee": "no",
        "name": "T.I Largo da Paz",
        "operator": "Prefeitura do Recife",
        "ref": "P367"
      },
      "geometry": {
        "type": "Point",
        "coordinates": [
          -34.904849,
          -8.081301
        ]
      },
      "id": "node/13112921102"
    },
    {
      "type": "Feature",
      "properties": {
        "@id": "node/13112921103",
        "access": "yes",
        "amenity": "bicycle_parking",
        "bicycle_parking": "stands",
        "capacity": "10",
        "covered": "no",
        "fee": "no",
        "name": "Escola Municipal Professor Antônio de Brito Alves",
        "operator": "Prefeitura do Recife",
        "ref": "P366"
      },
      "geometry": {
        "type": "Point",
        "coordinates": [
          -34.917902,
          -8.073999
        ]
      },
      "id": "node/13112921103"
    },
    {
      "type": "Feature",
      "properties": {
        "@id": "node/13112921104",
        "access": "yes",
        "amenity": "bicycle_parking",
        "bicycle_parking": "stands",
        "capacity": "10",
        "covered": "no",
        "fee": "no",
        "name": "Maternidade Professor Bandeira Filho",
        "operator": "Prefeitura do Recife",
        "ref": "P365"
      },
      "geometry": {
        "type": "Point",
        "coordinates": [
          -34.911157,
          -8.079081
        ]
      },
      "id": "node/13112921104"
    },
    {
      "type": "Feature",
      "properties": {
        "@id": "node/13112921105",
        "access": "yes",
        "amenity": "bicycle_parking",
        "bicycle_parking": "stands",
        "capacity": "10",
        "covered": "no",
        "fee": "no",
        "name": "Mercado de Afogados",
        "operator": "Prefeitura do Recife",
        "ref": "P364"
      },
      "geometry": {
        "type": "Point",
        "coordinates": [
          -34.905679,
          -8.07812
        ]
      },
      "id": "node/13112921105"
    },
    {
      "type": "Feature",
      "properties": {
        "@id": "node/13112921106",
        "access": "yes",
        "amenity": "bicycle_parking",
        "bicycle_parking": "stands",
        "capacity": "10",
        "covered": "no",
        "fee": "no",
        "name": "Calçada do metrô de Afogados",
        "operator": "Prefeitura do Recife",
        "ref": "P363"
      },
      "geometry": {
        "type": "Point",
        "coordinates": [
          -34.906812,
          -8.077758
        ]
      },
      "id": "node/13112921106"
    },
    {
      "type": "Feature",
      "properties": {
        "@id": "node/13112921107",
        "access": "yes",
        "amenity": "bicycle_parking",
        "bicycle_parking": "stands",
        "capacity": "10",
        "covered": "no",
        "fee": "no",
        "name": "Calçada do Sport Clube do Recife",
        "operator": "Prefeitura do Recife",
        "ref": "P362"
      },
      "geometry": {
        "type": "Point",
        "coordinates": [
          -34.902053,
          -8.061897
        ]
      },
      "id": "node/13112921107"
    },
    {
      "type": "Feature",
      "properties": {
        "@id": "node/13112921108",
        "access": "yes",
        "amenity": "bicycle_parking",
        "bicycle_parking": "stands",
        "capacity": "10",
        "covered": "no",
        "fee": "no",
        "name": "Restaurante Universitário (UFPE)",
        "operator": "Prefeitura do Recife",
        "ref": "P361"
      },
      "geometry": {
        "type": "Point",
        "coordinates": [
          -34.953117,
          -8.050748
        ]
      },
      "id": "node/13112921108"
    },
    {
      "type": "Feature",
      "properties": {
        "@id": "node/13112921109",
        "access": "yes",
        "amenity": "bicycle_parking",
        "bicycle_parking": "stands",
        "capacity": "10",
        "covered": "no",
        "fee": "no",
        "name": "Reitoria UFPE",
        "operator": "Prefeitura do Recife",
        "ref": "P360"
      },
      "geometry": {
        "type": "Point",
        "coordinates": [
          -34.9457,
          -8.052232
        ]
      },
      "id": "node/13112921109"
    },
    {
      "type": "Feature",
      "properties": {
        "@id": "node/13112921110",
        "access": "yes",
        "amenity": "bicycle_parking",
        "bicycle_parking": "stands",
        "capacity": "10",
        "covered": "no",
        "fee": "no",
        "name": "Cemitério da Várzea",
        "operator": "Prefeitura do Recife",
        "ref": "P359"
      },
      "geometry": {
        "type": "Point",
        "coordinates": [
          -34.952951,
          -8.046323
        ]
      },
      "id": "node/13112921110"
    },
    {
      "type": "Feature",
      "properties": {
        "@id": "node/13112921111",
        "access": "yes",
        "amenity": "bicycle_parking",
        "bicycle_parking": "stands",
        "capacity": "10",
        "covered": "no",
        "fee": "no",
        "name": "Praça da Várzea",
        "operator": "Prefeitura do Recife",
        "ref": "P358"
      },
      "geometry": {
        "type": "Point",
        "coordinates": [
          -34.959424,
          -8.048868
        ]
      },
      "id": "node/13112921111"
    },
    {
      "type": "Feature",
      "properties": {
        "@id": "node/13112921112",
        "access": "yes",
        "amenity": "bicycle_parking",
        "bicycle_parking": "stands",
        "capacity": "10",
        "covered": "no",
        "fee": "no",
        "name": "Praça Pinto Damásio",
        "operator": "Prefeitura do Recife",
        "ref": "P357"
      },
      "geometry": {
        "type": "Point",
        "coordinates": [
          -34.959424,
          -8.048726
        ]
      },
      "id": "node/13112921112"
    },
    {
      "type": "Feature",
      "properties": {
        "@id": "node/13112921113",
        "access": "yes",
        "amenity": "bicycle_parking",
        "bicycle_parking": "stands",
        "capacity": "10",
        "covered": "no",
        "fee": "no",
        "name": "Melhor Cantinho da Cidade",
        "operator": "Prefeitura do Recife",
        "ref": "P356"
      },
      "geometry": {
        "type": "Point",
        "coordinates": [
          -34.95816,
          -8.050249
        ]
      },
      "id": "node/13112921113"
    },
    {
      "type": "Feature",
      "properties": {
        "@id": "node/13112921114",
        "access": "yes",
        "amenity": "bicycle_parking",
        "bicycle_parking": "stands",
        "capacity": "10",
        "covered": "no",
        "fee": "no",
        "name": "Praça do Rosário",
        "operator": "Prefeitura do Recife",
        "ref": "P355"
      },
      "geometry": {
        "type": "Point",
        "coordinates": [
          -34.958382,
          -8.050628
        ]
      },
      "id": "node/13112921114"
    },
    {
      "type": "Feature",
      "properties": {
        "@id": "node/13112921115",
        "access": "yes",
        "amenity": "bicycle_parking",
        "bicycle_parking": "stands",
        "capacity": "10",
        "covered": "no",
        "fee": "no",
        "name": "Ascendino Neves",
        "operator": "Prefeitura do Recife",
        "ref": "P354"
      },
      "geometry": {
        "type": "Point",
        "coordinates": [
          -34.907993,
          -8.04109
        ]
      },
      "id": "node/13112921115"
    },
    {
      "type": "Feature",
      "properties": {
        "@id": "node/13112921116",
        "access": "yes",
        "amenity": "bicycle_parking",
        "bicycle_parking": "stands",
        "capacity": "10",
        "covered": "no",
        "fee": "no",
        "name": "Praça do Bom Pastor",
        "operator": "Prefeitura do Recife",
        "ref": "P353"
      },
      "geometry": {
        "type": "Point",
        "coordinates": [
          -34.940214,
          -8.048151
        ]
      },
      "id": "node/13112921116"
    },
    {
      "type": "Feature",
      "properties": {
        "@id": "node/13112921117",
        "access": "yes",
        "amenity": "bicycle_parking",
        "bicycle_parking": "stands",
        "capacity": "10",
        "covered": "no",
        "fee": "no",
        "name": "Praça Estevão Sá",
        "operator": "Prefeitura do Recife",
        "ref": "P352"
      },
      "geometry": {
        "type": "Point",
        "coordinates": [
          -34.947151,
          -8.036372
        ]
      },
      "id": "node/13112921117"
    },
    {
      "type": "Feature",
      "properties": {
        "@id": "node/13112921118",
        "access": "yes",
        "amenity": "bicycle_parking",
        "bicycle_parking": "stands",
        "capacity": "10",
        "covered": "no",
        "fee": "no",
        "name": "Praça Cosme Viana",
        "operator": "Prefeitura do Recife",
        "ref": "P351"
      },
      "geometry": {
        "type": "Point",
        "coordinates": [
          -34.908901,
          -8.065535
        ]
      },
      "id": "node/13112921118"
    },
    {
      "type": "Feature",
      "properties": {
        "@id": "node/13112921119",
        "access": "yes",
        "amenity": "bicycle_parking",
        "bicycle_parking": "stands",
        "capacity": "10",
        "covered": "no",
        "fee": "no",
        "name": "Escola Professor Leal de Barros",
        "operator": "Prefeitura do Recife",
        "ref": "P350"
      },
      "geometry": {
        "type": "Point",
        "coordinates": [
          -34.943977,
          -8.056172
        ]
      },
      "id": "node/13112921119"
    },
    {
      "type": "Feature",
      "properties": {
        "@id": "node/13112921120",
        "access": "yes",
        "amenity": "bicycle_parking",
        "bicycle_parking": "stands",
        "capacity": "10",
        "covered": "no",
        "fee": "no",
        "name": "Praça Luiz de Lacerda",
        "operator": "Prefeitura do Recife",
        "ref": "P349"
      },
      "geometry": {
        "type": "Point",
        "coordinates": [
          -34.943348,
          -8.03624
        ]
      },
      "id": "node/13112921120"
    },
    {
      "type": "Feature",
      "properties": {
        "@id": "node/13112921121",
        "access": "yes",
        "amenity": "bicycle_parking",
        "bicycle_parking": "stands",
        "capacity": "10",
        "covered": "no",
        "fee": "no",
        "name": "Praça Nova Esperança",
        "operator": "Prefeitura do Recife",
        "ref": "P348"
      },
      "geometry": {
        "type": "Point",
        "coordinates": [
          -34.932589,
          -8.030911
        ]
      },
      "id": "node/13112921121"
    },
    {
      "type": "Feature",
      "properties": {
        "@id": "node/13112921122",
        "access": "yes",
        "amenity": "bicycle_parking",
        "bicycle_parking": "stands",
        "capacity": "10",
        "covered": "no",
        "fee": "no",
        "name": "Praça Cordislândia",
        "operator": "Prefeitura do Recife",
        "ref": "P347"
      },
      "geometry": {
        "type": "Point",
        "coordinates": [
          -34.934944,
          -8.039667
        ]
      },
      "id": "node/13112921122"
    },
    {
      "type": "Feature",
      "properties": {
        "@id": "node/13112921123",
        "access": "yes",
        "amenity": "bicycle_parking",
        "bicycle_parking": "stands",
        "capacity": "10",
        "covered": "no",
        "fee": "no",
        "name": "Praça Professor Coelho de Almeida",
        "operator": "Prefeitura do Recife",
        "ref": "P346"
      },
      "geometry": {
        "type": "Point",
        "coordinates": [
          -34.931443,
          -8.045391
        ]
      },
      "id": "node/13112921123"
    },
    {
      "type": "Feature",
      "properties": {
        "@id": "node/13112921124",
        "access": "yes",
        "amenity": "bicycle_parking",
        "bicycle_parking": "stands",
        "capacity": "10",
        "covered": "no",
        "fee": "no",
        "name": "Praça do Berardo",
        "operator": "Prefeitura do Recife",
        "ref": "P345"
      },
      "geometry": {
        "type": "Point",
        "coordinates": [
          -34.912518,
          -8.056582
        ]
      },
      "id": "node/13112921124"
    },
    {
      "type": "Feature",
      "properties": {
        "@id": "node/13112921125",
        "access": "yes",
        "amenity": "bicycle_parking",
        "bicycle_parking": "stands",
        "capacity": "10",
        "covered": "no",
        "fee": "no",
        "name": "Praça da Chesf",
        "operator": "Prefeitura do Recife",
        "ref": "P344"
      },
      "geometry": {
        "type": "Point",
        "coordinates": [
          -34.931021,
          -8.062798
        ]
      },
      "id": "node/13112921125"
    },
    {
      "type": "Feature",
      "properties": {
        "@id": "node/13112921126",
        "access": "yes",
        "amenity": "bicycle_parking",
        "bicycle_parking": "stands",
        "capacity": "4",
        "covered": "no",
        "fee": "no",
        "name": "Praça Luiz Gonzaga",
        "operator": "Prefeitura do Recife",
        "ref": "P343"
      },
      "geometry": {
        "type": "Point",
        "coordinates": [
          -34.932018,
          -8.06513
        ]
      },
      "id": "node/13112921126"
    },
    {
      "type": "Feature",
      "properties": {
        "@id": "node/13112921127",
        "access": "yes",
        "amenity": "bicycle_parking",
        "bicycle_parking": "stands",
        "capacity": "10",
        "covered": "no",
        "fee": "no",
        "name": "Praça da Paz Arcebispo Dom Helder Câmara",
        "operator": "Prefeitura do Recife",
        "ref": "P342"
      },
      "geometry": {
        "type": "Point",
        "coordinates": [
          -34.933376,
          -8.066907
        ]
      },
      "id": "node/13112921127"
    },
    {
      "type": "Feature",
      "properties": {
        "@id": "node/13112921128",
        "access": "yes",
        "amenity": "bicycle_parking",
        "bicycle_parking": "stands",
        "capacity": "10",
        "covered": "no",
        "fee": "no",
        "name": "Praça da Fé",
        "operator": "Prefeitura do Recife",
        "ref": "P341"
      },
      "geometry": {
        "type": "Point",
        "coordinates": [
          -34.927325,
          -8.056242
        ]
      },
      "id": "node/13112921128"
    },
    {
      "type": "Feature",
      "properties": {
        "@id": "node/13112921129",
        "access": "yes",
        "amenity": "bicycle_parking",
        "bicycle_parking": "stands",
        "capacity": "10",
        "covered": "no",
        "fee": "no",
        "name": "COMPAZ Escritor Ariano Suassuna",
        "operator": "Prefeitura do Recife",
        "ref": "P340"
      },
      "geometry": {
        "type": "Point",
        "coordinates": [
          -34.92624,
          -8.059943
        ]
      },
      "id": "node/13112921129"
    },
    {
      "type": "Feature",
      "properties": {
        "@id": "node/13112921130",
        "access": "yes",
        "amenity": "bicycle_parking",
        "bicycle_parking": "stands",
        "capacity": "10",
        "covered": "no",
        "fee": "no",
        "name": "COMPAZ Escritor Ariano Suassuna",
        "operator": "Prefeitura do Recife",
        "ref": "P339"
      },
      "geometry": {
        "type": "Point",
        "coordinates": [
          -34.926057,
          -8.06
        ]
      },
      "id": "node/13112921130"
    },
    {
      "type": "Feature",
      "properties": {
        "@id": "node/13112921131",
        "access": "yes",
        "amenity": "bicycle_parking",
        "bicycle_parking": "stands",
        "capacity": "10",
        "covered": "no",
        "fee": "no",
        "name": "COMPAZ Escritor Ariano Suassuna",
        "operator": "Prefeitura do Recife",
        "ref": "P338"
      },
      "geometry": {
        "type": "Point",
        "coordinates": [
          -34.926036,
          -8.059568
        ]
      },
      "id": "node/13112921131"
    },
    {
      "type": "Feature",
      "properties": {
        "@id": "node/13112921132",
        "access": "yes",
        "amenity": "bicycle_parking",
        "bicycle_parking": "stands",
        "capacity": "10",
        "covered": "no",
        "fee": "no",
        "name": "Praça Áureo Xavier",
        "operator": "Prefeitura do Recife",
        "ref": "P337"
      },
      "geometry": {
        "type": "Point",
        "coordinates": [
          -34.926897,
          -8.050059
        ]
      },
      "id": "node/13112921132"
    },
    {
      "type": "Feature",
      "properties": {
        "@id": "node/13112921133",
        "access": "yes",
        "amenity": "bicycle_parking",
        "bicycle_parking": "stands",
        "capacity": "10",
        "covered": "no",
        "fee": "no",
        "name": "Praça Dom José Pereira Alves",
        "operator": "Prefeitura do Recife",
        "ref": "P336"
      },
      "geometry": {
        "type": "Point",
        "coordinates": [
          -34.925347,
          -8.049242
        ]
      },
      "id": "node/13112921133"
    },
    {
      "type": "Feature",
      "properties": {
        "@id": "node/13112921134",
        "access": "yes",
        "amenity": "bicycle_parking",
        "bicycle_parking": "stands",
        "capacity": "10",
        "covered": "no",
        "fee": "no",
        "name": "Praça Batista da Silva",
        "operator": "Prefeitura do Recife",
        "ref": "P335"
      },
      "geometry": {
        "type": "Point",
        "coordinates": [
          -34.908331,
          -8.04248
        ]
      },
      "id": "node/13112921134"
    },
    {
      "type": "Feature",
      "properties": {
        "@id": "node/13112921135",
        "access": "yes",
        "amenity": "bicycle_parking",
        "bicycle_parking": "stands",
        "capacity": "10",
        "covered": "no",
        "fee": "no",
        "name": "Praça Gregório Bezerra",
        "operator": "Prefeitura do Recife",
        "ref": "P334"
      },
      "geometry": {
        "type": "Point",
        "coordinates": [
          -34.915332,
          -8.044783
        ]
      },
      "id": "node/13112921135"
    },
    {
      "type": "Feature",
      "properties": {
        "@id": "node/13112921136",
        "access": "yes",
        "amenity": "bicycle_parking",
        "bicycle_parking": "stands",
        "capacity": "10",
        "covered": "no",
        "fee": "no",
        "name": "Praça José da Mota Silveira",
        "operator": "Prefeitura do Recife",
        "ref": "P333"
      },
      "geometry": {
        "type": "Point",
        "coordinates": [
          -34.903803,
          -8.056312
        ]
      },
      "id": "node/13112921136"
    },
    {
      "type": "Feature",
      "properties": {
        "@id": "node/13112921137",
        "access": "yes",
        "amenity": "bicycle_parking",
        "bicycle_parking": "stands",
        "capacity": "10",
        "covered": "no",
        "fee": "no",
        "name": "Praça Domingos Giovanetti",
        "operator": "Prefeitura do Recife",
        "ref": "P332"
      },
      "geometry": {
        "type": "Point",
        "coordinates": [
          -34.904332,
          -8.047389
        ]
      },
      "id": "node/13112921137"
    },
    {
      "type": "Feature",
      "properties": {
        "@id": "node/13112921138",
        "access": "yes",
        "amenity": "bicycle_parking",
        "bicycle_parking": "stands",
        "capacity": "10",
        "covered": "no",
        "fee": "no",
        "name": "Praça Paulo Freire",
        "operator": "Prefeitura do Recife",
        "ref": "P331"
      },
      "geometry": {
        "type": "Point",
        "coordinates": [
          -34.904993,
          -8.049865
        ]
      },
      "id": "node/13112921138"
    },
    {
      "type": "Feature",
      "properties": {
        "@id": "node/13112921139",
        "access": "yes",
        "amenity": "bicycle_parking",
        "bicycle_parking": "stands",
        "capacity": "10",
        "covered": "no",
        "fee": "no",
        "name": "Estádio do Arruda",
        "operator": "Prefeitura do Recife",
        "ref": "P330"
      },
      "geometry": {
        "type": "Point",
        "coordinates": [
          -34.892724,
          -8.026138
        ]
      },
      "id": "node/13112921139"
    },
    {
      "type": "Feature",
      "properties": {
        "@id": "node/13112921140",
        "access": "yes",
        "amenity": "bicycle_parking",
        "bicycle_parking": "stands",
        "capacity": "10",
        "covered": "no",
        "fee": "no",
        "name": "Praça de Campo Grande",
        "operator": "Prefeitura do Recife",
        "ref": "P329"
      },
      "geometry": {
        "type": "Point",
        "coordinates": [
          -34.877331,
          -8.032432
        ]
      },
      "id": "node/13112921140"
    },
    {
      "type": "Feature",
      "properties": {
        "@id": "node/13112921141",
        "access": "yes",
        "amenity": "bicycle_parking",
        "bicycle_parking": "stands",
        "capacity": "10",
        "covered": "no",
        "fee": "no",
        "name": "Campo de Concentração de Treinamento de Futebol Internacional do Brasil",
        "operator": "Prefeitura do Recife",
        "ref": "P328"
      },
      "geometry": {
        "type": "Point",
        "coordinates": [
          -34.922249,
          -8.010314
        ]
      },
      "id": "node/13112921141"
    },
    {
      "type": "Feature",
      "properties": {
        "@id": "node/13112921142",
        "access": "yes",
        "amenity": "bicycle_parking",
        "bicycle_parking": "stands",
        "capacity": "10",
        "covered": "no",
        "fee": "no",
        "name": "Praça Augusto Rodrigues",
        "operator": "Prefeitura do Recife",
        "ref": "P327"
      },
      "geometry": {
        "type": "Point",
        "coordinates": [
          -34.885128,
          -8.039258
        ]
      },
      "id": "node/13112921142"
    },
    {
      "type": "Feature",
      "properties": {
        "@id": "node/13112921143",
        "access": "yes",
        "amenity": "bicycle_parking",
        "bicycle_parking": "stands",
        "capacity": "10",
        "covered": "no",
        "fee": "no",
        "name": "Quadra do Viaduto João Tude Melo",
        "operator": "Prefeitura do Recife",
        "ref": "P326"
      },
      "geometry": {
        "type": "Point",
        "coordinates": [
          -34.910298,
          -8.037617
        ]
      },
      "id": "node/13112921143"
    },
    {
      "type": "Feature",
      "properties": {
        "@id": "node/13112921144",
        "access": "yes",
        "amenity": "bicycle_parking",
        "bicycle_parking": "stands",
        "capacity": "10",
        "covered": "no",
        "fee": "no",
        "name": "Praça Dr. José Vilela 02",
        "operator": "Prefeitura do Recife",
        "ref": "P325"
      },
      "geometry": {
        "type": "Point",
        "coordinates": [
          -34.911385,
          -8.034301
        ]
      },
      "id": "node/13112921144"
    },
    {
      "type": "Feature",
      "properties": {
        "@id": "node/13112921145",
        "access": "yes",
        "amenity": "bicycle_parking",
        "bicycle_parking": "stands",
        "capacity": "10",
        "covered": "no",
        "fee": "no",
        "name": "Praça Dr. José Vilela 01",
        "operator": "Prefeitura do Recife",
        "ref": "P324"
      },
      "geometry": {
        "type": "Point",
        "coordinates": [
          -34.911542,
          -8.034201
        ]
      },
      "id": "node/13112921145"
    },
    {
      "type": "Feature",
      "properties": {
        "@id": "node/13112921146",
        "access": "yes",
        "amenity": "bicycle_parking",
        "bicycle_parking": "stands",
        "capacity": "10",
        "covered": "no",
        "fee": "no",
        "name": "Praça Maria José dos Santos",
        "operator": "Prefeitura do Recife",
        "ref": "P323"
      },
      "geometry": {
        "type": "Point",
        "coordinates": [
          -34.88756,
          -8.01786
        ]
      },
      "id": "node/13112921146"
    },
    {
      "type": "Feature",
      "properties": {
        "@id": "node/13112921147",
        "access": "yes",
        "amenity": "bicycle_parking",
        "bicycle_parking": "stands",
        "capacity": "10",
        "covered": "no",
        "fee": "no",
        "name": "Praça Newton Vaz",
        "operator": "Prefeitura do Recife",
        "ref": "P322"
      },
      "geometry": {
        "type": "Point",
        "coordinates": [
          -34.893929,
          -8.025131
        ]
      },
      "id": "node/13112921147"
    },
    {
      "type": "Feature",
      "properties": {
        "@id": "node/13112921148",
        "access": "yes",
        "amenity": "bicycle_parking",
        "bicycle_parking": "stands",
        "capacity": "10",
        "covered": "no",
        "fee": "no",
        "name": "Praça Maria da Conceição de Barros",
        "operator": "Prefeitura do Recife",
        "ref": "P321"
      },
      "geometry": {
        "type": "Point",
        "coordinates": [
          -34.89415,
          -8.008204
        ]
      },
      "id": "node/13112921148"
    },
    {
      "type": "Feature",
      "properties": {
        "@id": "node/13112921149",
        "access": "yes",
        "amenity": "bicycle_parking",
        "bicycle_parking": "stands",
        "capacity": "10",
        "covered": "no",
        "fee": "no",
        "name": "Escola Embaixador Gilberto Amado",
        "operator": "Prefeitura do Recife",
        "ref": "P320"
      },
      "geometry": {
        "type": "Point",
        "coordinates": [
          -34.887709,
          -8.032715
        ]
      },
      "id": "node/13112921149"
    },
    {
      "type": "Feature",
      "properties": {
        "@id": "node/13112921150",
        "access": "yes",
        "amenity": "bicycle_parking",
        "bicycle_parking": "stands",
        "capacity": "10",
        "covered": "no",
        "fee": "no",
        "name": "Praça de Apipucos",
        "operator": "Prefeitura do Recife",
        "ref": "P319"
      },
      "geometry": {
        "type": "Point",
        "coordinates": [
          -34.93407,
          -8.021096
        ]
      },
      "id": "node/13112921150"
    },
    {
      "type": "Feature",
      "properties": {
        "@id": "node/13112921151",
        "access": "yes",
        "amenity": "bicycle_parking",
        "bicycle_parking": "stands",
        "capacity": "10",
        "covered": "no",
        "fee": "no",
        "name": "Maternidade Professor Bandeira Filho",
        "operator": "Prefeitura do Recife",
        "ref": "P317"
      },
      "geometry": {
        "type": "Point",
        "coordinates": [
          -34.886474,
          -8.031968
        ]
      },
      "id": "node/13112921151"
    },
    {
      "type": "Feature",
      "properties": {
        "@id": "node/13112921152",
        "access": "yes",
        "amenity": "bicycle_parking",
        "bicycle_parking": "stands",
        "capacity": "10",
        "covered": "no",
        "fee": "no",
        "name": "Secretaria Executiva de Vigilência em Saúde SEVS",
        "operator": "Prefeitura do Recife",
        "ref": "P316"
      },
      "geometry": {
        "type": "Point",
        "coordinates": [
          -34.887033,
          -8.051501
        ]
      },
      "id": "node/13112921152"
    },
    {
      "type": "Feature",
      "properties": {
        "@id": "node/13112921153",
        "access": "yes",
        "amenity": "bicycle_parking",
        "bicycle_parking": "stands",
        "capacity": "10",
        "covered": "no",
        "fee": "no",
        "name": "Praça Josenildo Lins",
        "operator": "Prefeitura do Recife",
        "ref": "P315"
      },
      "geometry": {
        "type": "Point",
        "coordinates": [
          -34.909362,
          -8.026665
        ]
      },
      "id": "node/13112921153"
    },
    {
      "type": "Feature",
      "properties": {
        "@id": "node/13112921154",
        "access": "yes",
        "amenity": "bicycle_parking",
        "bicycle_parking": "stands",
        "capacity": "10",
        "covered": "no",
        "fee": "no",
        "name": "Praça Castro Alves",
        "operator": "Prefeitura do Recife",
        "ref": "P314"
      },
      "geometry": {
        "type": "Point",
        "coordinates": [
          -34.887137,
          -8.039819
        ]
      },
      "id": "node/13112921154"
    },
    {
      "type": "Feature",
      "properties": {
        "@id": "node/13112921155",
        "access": "yes",
        "amenity": "bicycle_parking",
        "bicycle_parking": "stands",
        "capacity": "10",
        "covered": "no",
        "fee": "no",
        "name": "Academia da Cidade Polo Torreão",
        "operator": "Prefeitura do Recife",
        "ref": "P313"
      },
      "geometry": {
        "type": "Point",
        "coordinates": [
          -34.883142,
          -8.041221
        ]
      },
      "id": "node/13112921155"
    },
    {
      "type": "Feature",
      "properties": {
        "@id": "node/13112921156",
        "access": "yes",
        "amenity": "bicycle_parking",
        "bicycle_parking": "stands",
        "capacity": "10",
        "covered": "no",
        "fee": "no",
        "name": "Praça de Vinte de Julho",
        "operator": "Prefeitura do Recife",
        "ref": "P312"
      },
      "geometry": {
        "type": "Point",
        "coordinates": [
          -34.879121,
          -8.025585
        ]
      },
      "id": "node/13112921156"
    },
    {
      "type": "Feature",
      "properties": {
        "@id": "node/13112921157",
        "access": "yes",
        "amenity": "bicycle_parking",
        "bicycle_parking": "stands",
        "capacity": "10",
        "covered": "no",
        "fee": "no",
        "name": "Campo Campina de Barreto",
        "operator": "Prefeitura do Recife",
        "ref": "P311"
      },
      "geometry": {
        "type": "Point",
        "coordinates": [
          -34.881429,
          -8.016671
        ]
      },
      "id": "node/13112921157"
    },
    {
      "type": "Feature",
      "properties": {
        "@id": "node/13112921158",
        "access": "yes",
        "amenity": "bicycle_parking",
        "bicycle_parking": "stands",
        "capacity": "10",
        "covered": "no",
        "fee": "no",
        "name": "USF Prof. Antônio Francisco Areias",
        "operator": "Prefeitura do Recife",
        "ref": "P310"
      },
      "geometry": {
        "type": "Point",
        "coordinates": [
          -34.877107,
          -8.02185
        ]
      },
      "id": "node/13112921158"
    },
    {
      "type": "Feature",
      "properties": {
        "@id": "node/13112921159",
        "access": "yes",
        "amenity": "bicycle_parking",
        "bicycle_parking": "stands",
        "capacity": "10",
        "covered": "no",
        "fee": "no",
        "name": "Praça Josélia",
        "operator": "Prefeitura do Recife",
        "ref": "P309"
      },
      "geometry": {
        "type": "Point",
        "coordinates": [
          -34.926694,
          -8.00283
        ]
      },
      "id": "node/13112921159"
    },
    {
      "type": "Feature",
      "properties": {
        "@id": "node/13112921160",
        "access": "yes",
        "amenity": "bicycle_parking",
        "bicycle_parking": "stands",
        "capacity": "10",
        "covered": "no",
        "fee": "no",
        "name": "Praça Desenhista Eulino Santos",
        "operator": "Prefeitura do Recife",
        "ref": "P308"
      },
      "geometry": {
        "type": "Point",
        "coordinates": [
          -34.883099,
          -8.022786
        ]
      },
      "id": "node/13112921160"
    },
    {
      "type": "Feature",
      "properties": {
        "@id": "node/13112921161",
        "access": "yes",
        "amenity": "bicycle_parking",
        "bicycle_parking": "stands",
        "capacity": "10",
        "covered": "no",
        "fee": "no",
        "name": "Calçada da Av. João de Barros",
        "operator": "Prefeitura do Recife",
        "ref": "P307"
      },
      "geometry": {
        "type": "Point",
        "coordinates": [
          -34.891949,
          -8.038326
        ]
      },
      "id": "node/13112921161"
    },
    {
      "type": "Feature",
      "properties": {
        "@id": "node/13112921162",
        "access": "yes",
        "amenity": "bicycle_parking",
        "bicycle_parking": "stands",
        "capacity": "10",
        "covered": "no",
        "fee": "no",
        "name": "Praça Deputado Fabio Correa",
        "operator": "Prefeitura do Recife",
        "ref": "P306"
      },
      "geometry": {
        "type": "Point",
        "coordinates": [
          -34.906336,
          -8.022375
        ]
      },
      "id": "node/13112921162"
    },
    {
      "type": "Feature",
      "properties": {
        "@id": "node/13112921163",
        "access": "yes",
        "amenity": "bicycle_parking",
        "bicycle_parking": "stands",
        "capacity": "10",
        "covered": "no",
        "fee": "no",
        "name": "Quadra do Vasco",
        "operator": "Prefeitura do Recife",
        "ref": "P305"
      },
      "geometry": {
        "type": "Point",
        "coordinates": [
          -34.921227,
          -8.012574
        ]
      },
      "id": "node/13112921163"
    },
    {
      "type": "Feature",
      "properties": {
        "@id": "node/13112921164",
        "access": "yes",
        "amenity": "bicycle_parking",
        "bicycle_parking": "stands",
        "capacity": "10",
        "covered": "no",
        "fee": "no",
        "name": "Praça do Monteiro",
        "operator": "Prefeitura do Recife",
        "ref": "P304"
      },
      "geometry": {
        "type": "Point",
        "coordinates": [
          -34.928384,
          -8.027899
        ]
      },
      "id": "node/13112921164"
    },
    {
      "type": "Feature",
      "properties": {
        "@id": "node/13112921165",
        "access": "yes",
        "amenity": "bicycle_parking",
        "bicycle_parking": "stands",
        "capacity": "10",
        "covered": "no",
        "fee": "no",
        "name": "Praça Jorn. Francisco Pessoa de Queiroz",
        "operator": "Prefeitura do Recife",
        "ref": "P303"
      },
      "geometry": {
        "type": "Point",
        "coordinates": [
          -34.913993,
          -8.037022
        ]
      },
      "id": "node/13112921165"
    },
    {
      "type": "Feature",
      "properties": {
        "@id": "node/13112921166",
        "access": "yes",
        "amenity": "bicycle_parking",
        "bicycle_parking": "stands",
        "capacity": "10",
        "covered": "no",
        "fee": "no",
        "name": "Praça Otávio de Freitas",
        "operator": "Prefeitura do Recife",
        "ref": "P302"
      },
      "geometry": {
        "type": "Point",
        "coordinates": [
          -34.900583,
          -8.057962
        ]
      },
      "id": "node/13112921166"
    },
    {
      "type": "Feature",
      "properties": {
        "@id": "node/13112921167",
        "access": "yes",
        "amenity": "bicycle_parking",
        "bicycle_parking": "stands",
        "capacity": "18",
        "covered": "no",
        "fee": "no",
        "name": "Mercado da Encruzilhada (Belém)",
        "operator": "Prefeitura do Recife",
        "ref": "P301"
      },
      "geometry": {
        "type": "Point",
        "coordinates": [
          -34.892145,
          -8.036484
        ]
      },
      "id": "node/13112921167"
    },
    {
      "type": "Feature",
      "properties": {
        "@id": "node/13112921168",
        "access": "yes",
        "amenity": "bicycle_parking",
        "bicycle_parking": "stands",
        "capacity": "10",
        "covered": "no",
        "fee": "no",
        "name": "Praça Marcelino Champagnat",
        "operator": "Prefeitura do Recife",
        "ref": "P300"
      },
      "geometry": {
        "type": "Point",
        "coordinates": [
          -34.900547,
          -8.041828
        ]
      },
      "id": "node/13112921168"
    },
    {
      "type": "Feature",
      "properties": {
        "@id": "node/13112921169",
        "access": "yes",
        "amenity": "bicycle_parking",
        "bicycle_parking": "stands",
        "capacity": "10",
        "covered": "no",
        "fee": "no",
        "name": "Praça Elvira de Souza",
        "operator": "Prefeitura do Recife",
        "ref": "P299"
      },
      "geometry": {
        "type": "Point",
        "coordinates": [
          -34.901488,
          -8.043824
        ]
      },
      "id": "node/13112921169"
    },
    {
      "type": "Feature",
      "properties": {
        "@id": "node/13112921170",
        "access": "yes",
        "amenity": "bicycle_parking",
        "bicycle_parking": "stands",
        "capacity": "10",
        "covered": "no",
        "fee": "no",
        "name": "Praça Flor de Santana",
        "operator": "Prefeitura do Recife",
        "ref": "P298"
      },
      "geometry": {
        "type": "Point",
        "coordinates": [
          -34.917937,
          -8.038042
        ]
      },
      "id": "node/13112921170"
    },
    {
      "type": "Feature",
      "properties": {
        "@id": "node/13112921171",
        "access": "yes",
        "amenity": "bicycle_parking",
        "bicycle_parking": "stands",
        "capacity": "10",
        "covered": "no",
        "fee": "no",
        "name": "Praça Everaldo Bidou Lambbe",
        "operator": "Prefeitura do Recife",
        "ref": "P297"
      },
      "geometry": {
        "type": "Point",
        "coordinates": [
          -34.911113,
          -8.038094
        ]
      },
      "id": "node/13112921171"
    },
    {
      "type": "Feature",
      "properties": {
        "@id": "node/13112921172",
        "access": "yes",
        "amenity": "bicycle_parking",
        "bicycle_parking": "stands",
        "capacity": "10",
        "covered": "no",
        "fee": "no",
        "name": "Praça Compositor Antônio Maria",
        "operator": "Prefeitura do Recife",
        "ref": "P296"
      },
      "geometry": {
        "type": "Point",
        "coordinates": [
          -34.91385,
          -8.040173
        ]
      },
      "id": "node/13112921172"
    },
    {
      "type": "Feature",
      "properties": {
        "@id": "node/13112921173",
        "access": "yes",
        "amenity": "bicycle_parking",
        "bicycle_parking": "stands",
        "capacity": "10",
        "covered": "no",
        "fee": "no",
        "name": "Praça Vagner Love",
        "operator": "Prefeitura do Recife",
        "ref": "P295"
      },
      "geometry": {
        "type": "Point",
        "coordinates": [
          -34.922475,
          -8.037233
        ]
      },
      "id": "node/13112921173"
    },
    {
      "type": "Feature",
      "properties": {
        "@id": "node/13112921174",
        "access": "yes",
        "amenity": "bicycle_parking",
        "bicycle_parking": "stands",
        "capacity": "10",
        "covered": "no",
        "fee": "no",
        "name": "Escola Municipal da Mangabeira",
        "operator": "Prefeitura do Recife",
        "ref": "P294"
      },
      "geometry": {
        "type": "Point",
        "coordinates": [
          -34.900727,
          -8.02397
        ]
      },
      "id": "node/13112921174"
    },
    {
      "type": "Feature",
      "properties": {
        "@id": "node/13112921175",
        "access": "yes",
        "amenity": "bicycle_parking",
        "bicycle_parking": "stands",
        "capacity": "10",
        "covered": "no",
        "fee": "no",
        "name": "Canteiro Central da Avenida José Américo",
        "operator": "Prefeitura do Recife",
        "ref": "P293"
      },
      "geometry": {
        "type": "Point",
        "coordinates": [
          -34.931229,
          -8.010048
        ]
      },
      "id": "node/13112921175"
    },
    {
      "type": "Feature",
      "properties": {
        "@id": "node/13112921176",
        "access": "yes",
        "amenity": "bicycle_parking",
        "bicycle_parking": "stands",
        "capacity": "10",
        "covered": "no",
        "fee": "no",
        "name": "Praça Sr. Bartolomeu",
        "operator": "Prefeitura do Recife",
        "ref": "P292"
      },
      "geometry": {
        "type": "Point",
        "coordinates": [
          -34.932825,
          -8.0178
        ]
      },
      "id": "node/13112921176"
    },
    {
      "type": "Feature",
      "properties": {
        "@id": "node/13112921177",
        "access": "yes",
        "amenity": "bicycle_parking",
        "bicycle_parking": "stands",
        "capacity": "10",
        "covered": "no",
        "fee": "no",
        "name": "Centro de Saúde Dr. Luiz Wilson",
        "operator": "Prefeitura do Recife",
        "ref": "P291"
      },
      "geometry": {
        "type": "Point",
        "coordinates": [
          -34.904211,
          -8.021005
        ]
      },
      "id": "node/13112921177"
    },
    {
      "type": "Feature",
      "properties": {
        "@id": "node/13112921178",
        "access": "yes",
        "amenity": "bicycle_parking",
        "bicycle_parking": "stands",
        "capacity": "10",
        "covered": "no",
        "fee": "no",
        "name": "Largo Bomba do Hemetério",
        "operator": "Prefeitura do Recife",
        "ref": "P290"
      },
      "geometry": {
        "type": "Point",
        "coordinates": [
          -34.903306,
          -8.020276
        ]
      },
      "id": "node/13112921178"
    },
    {
      "type": "Feature",
      "properties": {
        "@id": "node/13112921179",
        "access": "yes",
        "amenity": "bicycle_parking",
        "bicycle_parking": "stands",
        "capacity": "10",
        "covered": "no",
        "fee": "no",
        "name": "Mercado da Encruzilhada",
        "operator": "Prefeitura do Recife",
        "ref": "P289"
      },
      "geometry": {
        "type": "Point",
        "coordinates": [
          -34.892381,
          -8.036496
        ]
      },
      "id": "node/13112921179"
    },
    {
      "type": "Feature",
      "properties": {
        "@id": "node/13112921180",
        "access": "yes",
        "amenity": "bicycle_parking",
        "bicycle_parking": "stands",
        "capacity": "10",
        "covered": "no",
        "fee": "no",
        "name": "Praça Marcos Bocoiô",
        "operator": "Prefeitura do Recife",
        "ref": "P288"
      },
      "geometry": {
        "type": "Point",
        "coordinates": [
          -34.90648,
          -8.029259
        ]
      },
      "id": "node/13112921180"
    },
    {
      "type": "Feature",
      "properties": {
        "@id": "node/13112921181",
        "access": "yes",
        "amenity": "bicycle_parking",
        "bicycle_parking": "stands",
        "capacity": "10",
        "covered": "no",
        "fee": "no",
        "name": "Praça Amaro Albino Pimentel",
        "operator": "Prefeitura do Recife",
        "ref": "P287"
      },
      "geometry": {
        "type": "Point",
        "coordinates": [
          -34.897958,
          -8.030074
        ]
      },
      "id": "node/13112921181"
    },
    {
      "type": "Feature",
      "properties": {
        "@id": "node/13112921182",
        "access": "yes",
        "amenity": "bicycle_parking",
        "bicycle_parking": "stands",
        "capacity": "10",
        "covered": "no",
        "fee": "no",
        "name": "Praça na Rua Alice Tibiriçá",
        "operator": "Prefeitura do Recife",
        "ref": "P286"
      },
      "geometry": {
        "type": "Point",
        "coordinates": [
          -34.882671,
          -8.009851
        ]
      },
      "id": "node/13112921182"
    },
    {
      "type": "Feature",
      "properties": {
        "@id": "node/13112921183",
        "access": "yes",
        "amenity": "bicycle_parking",
        "bicycle_parking": "stands",
        "capacity": "10",
        "covered": "no",
        "fee": "no",
        "name": "Praça André Antunes",
        "operator": "Prefeitura do Recife",
        "ref": "P285"
      },
      "geometry": {
        "type": "Point",
        "coordinates": [
          -34.883045,
          -8.012874
        ]
      },
      "id": "node/13112921183"
    },
    {
      "type": "Feature",
      "properties": {
        "@id": "node/13112921184",
        "access": "yes",
        "amenity": "bicycle_parking",
        "bicycle_parking": "stands",
        "capacity": "10",
        "covered": "no",
        "fee": "no",
        "name": "Praça USF Irmã Terezinha",
        "operator": "Prefeitura do Recife",
        "ref": "P284"
      },
      "geometry": {
        "type": "Point",
        "coordinates": [
          -34.877927,
          -8.020391
        ]
      },
      "id": "node/13112921184"
    },
    {
      "type": "Feature",
      "properties": {
        "@id": "node/13112921185",
        "access": "yes",
        "amenity": "bicycle_parking",
        "bicycle_parking": "stands",
        "capacity": "10",
        "covered": "no",
        "fee": "no",
        "name": "Praça do Fundão",
        "operator": "Prefeitura do Recife",
        "ref": "P283"
      },
      "geometry": {
        "type": "Point",
        "coordinates": [
          -34.889461,
          -8.014039
        ]
      },
      "id": "node/13112921185"
    },
    {
      "type": "Feature",
      "properties": {
        "@id": "node/13112921186",
        "access": "yes",
        "amenity": "bicycle_parking",
        "bicycle_parking": "stands",
        "capacity": "10",
        "covered": "no",
        "fee": "no",
        "name": "Escola Estadual Prof. José dos Anjos",
        "operator": "Prefeitura do Recife",
        "ref": "P282"
      },
      "geometry": {
        "type": "Point",
        "coordinates": [
          -34.916663,
          -7.989077
        ]
      },
      "id": "node/13112921186"
    },
    {
      "type": "Feature",
      "properties": {
        "@id": "node/13112921187",
        "access": "yes",
        "amenity": "bicycle_parking",
        "bicycle_parking": "stands",
        "capacity": "10",
        "covered": "no",
        "fee": "no",
        "name": "USF/ Praça Alto do Capitão",
        "operator": "Prefeitura do Recife",
        "ref": "P281"
      },
      "geometry": {
        "type": "Point",
        "coordinates": [
          -34.913872,
          -7.999824
        ]
      },
      "id": "node/13112921187"
    },
    {
      "type": "Feature",
      "properties": {
        "@id": "node/13112921188",
        "access": "yes",
        "amenity": "bicycle_parking",
        "bicycle_parking": "stands",
        "capacity": "10",
        "covered": "no",
        "fee": "no",
        "name": "Praça Canavial",
        "operator": "Prefeitura do Recife",
        "ref": "P280"
      },
      "geometry": {
        "type": "Point",
        "coordinates": [
          -34.901627,
          -8.000872
        ]
      },
      "id": "node/13112921188"
    },
    {
      "type": "Feature",
      "properties": {
        "@id": "node/13112921189",
        "access": "yes",
        "amenity": "bicycle_parking",
        "bicycle_parking": "stands",
        "capacity": "10",
        "covered": "no",
        "fee": "no",
        "name": "Praça Paulo Bernardo",
        "operator": "Prefeitura do Recife",
        "ref": "P279"
      },
      "geometry": {
        "type": "Point",
        "coordinates": [
          -34.898421,
          -8.032335
        ]
      },
      "id": "node/13112921189"
    },
    {
      "type": "Feature",
      "properties": {
        "@id": "node/13112921190",
        "access": "yes",
        "amenity": "bicycle_parking",
        "bicycle_parking": "stands",
        "capacity": "10",
        "covered": "no",
        "fee": "no",
        "name": "Praça Ulisses Leon de Oliveira",
        "operator": "Prefeitura do Recife",
        "ref": "P278"
      },
      "geometry": {
        "type": "Point",
        "coordinates": [
          -34.8894026,
          -8.0292462
        ]
      },
      "id": "node/13112921190"
    },
    {
      "type": "Feature",
      "properties": {
        "@id": "node/13112921191",
        "access": "yes",
        "amenity": "bicycle_parking",
        "bicycle_parking": "stands",
        "capacity": "10",
        "covered": "no",
        "fee": "no",
        "name": "Praça da rotatória",
        "operator": "Prefeitura do Recife",
        "ref": "P277"
      },
      "geometry": {
        "type": "Point",
        "coordinates": [
          -34.887623,
          -8.028423
        ]
      },
      "id": "node/13112921191"
    },
    {
      "type": "Feature",
      "properties": {
        "@id": "node/13112921192",
        "access": "yes",
        "amenity": "bicycle_parking",
        "bicycle_parking": "stands",
        "capacity": "10",
        "covered": "no",
        "fee": "no",
        "name": "Praça Sargento Pincel",
        "operator": "Prefeitura do Recife",
        "ref": "P276"
      },
      "geometry": {
        "type": "Point",
        "coordinates": [
          -34.876334,
          -8.025006
        ]
      },
      "id": "node/13112921192"
    },
    {
      "type": "Feature",
      "properties": {
        "@id": "node/13112921193",
        "access": "yes",
        "amenity": "bicycle_parking",
        "bicycle_parking": "stands",
        "capacity": "10",
        "covered": "no",
        "fee": "no",
        "name": "Praça do Lindomar",
        "operator": "Prefeitura do Recife",
        "ref": "P275"
      },
      "geometry": {
        "type": "Point",
        "coordinates": [
          -34.876512,
          -8.025546
        ]
      },
      "id": "node/13112921193"
    },
    {
      "type": "Feature",
      "properties": {
        "@id": "node/13112921194",
        "access": "yes",
        "amenity": "bicycle_parking",
        "bicycle_parking": "stands",
        "capacity": "10",
        "covered": "no",
        "fee": "no",
        "name": "Praça Dalceu",
        "operator": "Prefeitura do Recife",
        "ref": "P274"
      },
      "geometry": {
        "type": "Point",
        "coordinates": [
          -34.881685,
          -8.024248
        ]
      },
      "id": "node/13112921194"
    },
    {
      "type": "Feature",
      "properties": {
        "@id": "node/13112921195",
        "access": "yes",
        "amenity": "bicycle_parking",
        "bicycle_parking": "stands",
        "capacity": "10",
        "covered": "no",
        "fee": "no",
        "name": "Praça Márcio Condonga",
        "operator": "Prefeitura do Recife",
        "ref": "P273"
      },
      "geometry": {
        "type": "Point",
        "coordinates": [
          -34.887708,
          -8.049551
        ]
      },
      "id": "node/13112921195"
    },
    {
      "type": "Feature",
      "properties": {
        "@id": "node/13112921196",
        "access": "yes",
        "amenity": "bicycle_parking",
        "bicycle_parking": "stands",
        "capacity": "10",
        "covered": "no",
        "fee": "no",
        "name": "Canteiro Central da Rua Othon Paraíso",
        "operator": "Prefeitura do Recife",
        "ref": "P272"
      },
      "geometry": {
        "type": "Point",
        "coordinates": [
          -34.88346,
          -8.039759
        ]
      },
      "id": "node/13112921196"
    },
    {
      "type": "Feature",
      "properties": {
        "@id": "node/13112921197",
        "access": "yes",
        "amenity": "bicycle_parking",
        "bicycle_parking": "stands",
        "capacity": "10",
        "covered": "no",
        "fee": "no",
        "name": "Montreal",
        "operator": "Prefeitura do Recife",
        "ref": "P271"
      },
      "geometry": {
        "type": "Point",
        "coordinates": [
          -34.877434,
          -8.055833
        ]
      },
      "id": "node/13112921197"
    },
    {
      "type": "Feature",
      "properties": {
        "@id": "node/13112921198",
        "access": "yes",
        "amenity": "bicycle_parking",
        "bicycle_parking": "stands",
        "capacity": "10",
        "covered": "no",
        "fee": "no",
        "name": "Restaurante Ôge",
        "operator": "Prefeitura do Recife",
        "ref": "P270"
      },
      "geometry": {
        "type": "Point",
        "coordinates": [
          -34.880989,
          -8.060789
        ]
      },
      "id": "node/13112921198"
    },
    {
      "type": "Feature",
      "properties": {
        "@id": "node/13112921199",
        "access": "yes",
        "amenity": "bicycle_parking",
        "bicycle_parking": "stands",
        "capacity": "10",
        "covered": "no",
        "fee": "no",
        "name": "Parque de Esculturas",
        "operator": "Prefeitura do Recife",
        "ref": "P269"
      },
      "geometry": {
        "type": "Point",
        "coordinates": [
          -34.870118,
          -8.066052
        ]
      },
      "id": "node/13112921199"
    },
    {
      "type": "Feature",
      "properties": {
        "@id": "node/13112921200",
        "access": "yes",
        "amenity": "bicycle_parking",
        "bicycle_parking": "stands",
        "capacity": "10",
        "covered": "no",
        "fee": "no",
        "name": "Canteiro Central da Rua Othon Paraíso",
        "operator": "Prefeitura do Recife",
        "ref": "P268"
      },
      "geometry": {
        "type": "Point",
        "coordinates": [
          -34.883362,
          -8.0405
        ]
      },
      "id": "node/13112921200"
    },
    {
      "type": "Feature",
      "properties": {
        "@id": "node/13112921201",
        "access": "yes",
        "amenity": "bicycle_parking",
        "bicycle_parking": "stands",
        "capacity": "6",
        "covered": "no",
        "fee": "no",
        "name": "Le Parc 2",
        "operator": "Prefeitura do Recife",
        "ref": "P267"
      },
      "geometry": {
        "type": "Point",
        "coordinates": [
          -34.9044502,
          -8.109552
        ]
      },
      "id": "node/13112921201"
    },
    {
      "type": "Feature",
      "properties": {
        "@id": "node/13112921202",
        "access": "yes",
        "amenity": "bicycle_parking",
        "bicycle_parking": "stands",
        "capacity": "10",
        "covered": "no",
        "fee": "no",
        "name": "Praça em frente a COMPESA",
        "operator": "Prefeitura do Recife",
        "ref": "P266"
      },
      "geometry": {
        "type": "Point",
        "coordinates": [
          -34.892814,
          -8.07969
        ]
      },
      "id": "node/13112921202"
    },
    {
      "type": "Feature",
      "properties": {
        "@id": "node/13112921203",
        "access": "yes",
        "amenity": "bicycle_parking",
        "bicycle_parking": "stands",
        "capacity": "10",
        "covered": "no",
        "fee": "no",
        "name": "Praça de Joana Bezerra",
        "operator": "Prefeitura do Recife",
        "ref": "P265"
      },
      "geometry": {
        "type": "Point",
        "coordinates": [
          -34.896521,
          -8.070371
        ]
      },
      "id": "node/13112921203"
    },
    {
      "type": "Feature",
      "properties": {
        "@id": "node/13112921204",
        "access": "yes",
        "amenity": "bicycle_parking",
        "bicycle_parking": "stands",
        "capacity": "10",
        "covered": "no",
        "fee": "no",
        "name": "Pontilhão da Paissandu",
        "operator": "Prefeitura do Recife",
        "ref": "P264"
      },
      "geometry": {
        "type": "Point",
        "coordinates": [
          -34.897482,
          -8.062248
        ]
      },
      "id": "node/13112921204"
    },
    {
      "type": "Feature",
      "properties": {
        "@id": "node/13112921205",
        "access": "yes",
        "amenity": "bicycle_parking",
        "bicycle_parking": "stands",
        "capacity": "10",
        "covered": "no",
        "fee": "no",
        "name": "Praça do Derby",
        "operator": "Prefeitura do Recife",
        "ref": "P263"
      },
      "geometry": {
        "type": "Point",
        "coordinates": [
          -34.898268,
          -8.056429
        ]
      },
      "id": "node/13112921205"
    },
    {
      "type": "Feature",
      "properties": {
        "@id": "node/13112921206",
        "access": "yes",
        "amenity": "bicycle_parking",
        "bicycle_parking": "stands",
        "capacity": "10",
        "covered": "no",
        "fee": "no",
        "name": "Catamaran",
        "operator": "Prefeitura do Recife",
        "ref": "P262"
      },
      "geometry": {
        "type": "Point",
        "coordinates": [
          -34.880251,
          -8.072869
        ]
      },
      "id": "node/13112921206"
    },
    {
      "type": "Feature",
      "properties": {
        "@id": "node/13112921207",
        "access": "yes",
        "amenity": "bicycle_parking",
        "bicycle_parking": "stands",
        "capacity": "6",
        "covered": "no",
        "fee": "no",
        "name": "Le Parc",
        "operator": "Prefeitura do Recife",
        "ref": "P261"
      },
      "geometry": {
        "type": "Point",
        "coordinates": [
          -34.9037635,
          -8.1111506
        ]
      },
      "id": "node/13112921207"
    },
    {
      "type": "Feature",
      "properties": {
        "@id": "node/13112921208",
        "access": "yes",
        "amenity": "bicycle_parking",
        "bicycle_parking": "stands",
        "capacity": "10",
        "covered": "no",
        "fee": "no",
        "name": "Rua da Carioca",
        "operator": "Prefeitura do Recife",
        "ref": "P260"
      },
      "geometry": {
        "type": "Point",
        "coordinates": [
          -34.876891,
          -8.067243
        ]
      },
      "id": "node/13112921208"
    },
    {
      "type": "Feature",
      "properties": {
        "@id": "node/13112921209",
        "access": "yes",
        "amenity": "bicycle_parking",
        "bicycle_parking": "stands",
        "capacity": "10",
        "covered": "no",
        "fee": "no",
        "name": "Forte das Cinco Pontas",
        "operator": "Prefeitura do Recife",
        "ref": "P259"
      },
      "geometry": {
        "type": "Point",
        "coordinates": [
          -34.880826,
          -8.071375
        ]
      },
      "id": "node/13112921209"
    },
    {
      "type": "Feature",
      "properties": {
        "@id": "node/13112921210",
        "access": "yes",
        "amenity": "bicycle_parking",
        "bicycle_parking": "stands",
        "capacity": "10",
        "covered": "no",
        "fee": "no",
        "name": "Praça dos Guerreiros",
        "operator": "Prefeitura do Recife",
        "ref": "P258"
      },
      "geometry": {
        "type": "Point",
        "coordinates": [
          -34.950094,
          -8.115151
        ]
      },
      "id": "node/13112921210"
    },
    {
      "type": "Feature",
      "properties": {
        "@id": "node/13112921211",
        "access": "yes",
        "amenity": "bicycle_parking",
        "bicycle_parking": "stands",
        "capacity": "10",
        "covered": "no",
        "fee": "no",
        "name": "Praça da UR5",
        "operator": "Prefeitura do Recife",
        "ref": "P257"
      },
      "geometry": {
        "type": "Point",
        "coordinates": [
          -34.947362,
          -8.130905
        ]
      },
      "id": "node/13112921211"
    },
    {
      "type": "Feature",
      "properties": {
        "@id": "node/13112921212",
        "access": "yes",
        "amenity": "bicycle_parking",
        "bicycle_parking": "stands",
        "capacity": "10",
        "covered": "no",
        "fee": "no",
        "name": "Campo Armador Antônio Moreno",
        "operator": "Prefeitura do Recife",
        "ref": "P255"
      },
      "geometry": {
        "type": "Point",
        "coordinates": [
          -34.886124,
          -8.042649
        ]
      },
      "id": "node/13112921212"
    },
    {
      "type": "Feature",
      "properties": {
        "@id": "node/13112921213",
        "access": "yes",
        "amenity": "bicycle_parking",
        "bicycle_parking": "stands",
        "capacity": "10",
        "covered": "no",
        "fee": "no",
        "name": "Capitão",
        "operator": "Prefeitura do Recife",
        "ref": "P254"
      },
      "geometry": {
        "type": "Point",
        "coordinates": [
          -34.877948,
          -8.054155
        ]
      },
      "id": "node/13112921213"
    },
    {
      "type": "Feature",
      "properties": {
        "@id": "node/13112921214",
        "access": "yes",
        "amenity": "bicycle_parking",
        "bicycle_parking": "stands",
        "capacity": "10",
        "covered": "no",
        "fee": "no",
        "name": "Museu Forte do Brum",
        "operator": "Prefeitura do Recife",
        "ref": "P253"
      },
      "geometry": {
        "type": "Point",
        "coordinates": [
          -34.870974,
          -8.053399
        ]
      },
      "id": "node/13112921214"
    },
    {
      "type": "Feature",
      "properties": {
        "@id": "node/13112921215",
        "access": "yes",
        "amenity": "bicycle_parking",
        "bicycle_parking": "stands",
        "capacity": "10",
        "covered": "no",
        "fee": "no",
        "name": "Bacurau - Galo",
        "operator": "Prefeitura do Recife",
        "ref": "P252"
      },
      "geometry": {
        "type": "Point",
        "coordinates": [
          -34.877703,
          -8.054352
        ]
      },
      "id": "node/13112921215"
    },
    {
      "type": "Feature",
      "properties": {
        "@id": "node/13112921216",
        "access": "yes",
        "amenity": "bicycle_parking",
        "bicycle_parking": "stands",
        "capacity": "4",
        "covered": "no",
        "fee": "no",
        "name": "Rua da Palma",
        "operator": "Prefeitura do Recife",
        "ref": "P251"
      },
      "geometry": {
        "type": "Point",
        "coordinates": [
          -34.880844,
          -8.065571
        ]
      },
      "id": "node/13112921216"
    },
    {
      "type": "Feature",
      "properties": {
        "@id": "node/13112921217",
        "access": "yes",
        "amenity": "bicycle_parking",
        "bicycle_parking": "stands",
        "capacity": "10",
        "covered": "no",
        "fee": "no",
        "name": "Igreja de Nossa Senhora das Fronteiras",
        "operator": "Prefeitura do Recife",
        "ref": "P250"
      },
      "geometry": {
        "type": "Point",
        "coordinates": [
          -34.89641,
          -8.058486
        ]
      },
      "id": "node/13112921217"
    },
    {
      "type": "Feature",
      "properties": {
        "@id": "node/13112921218",
        "access": "yes",
        "amenity": "bicycle_parking",
        "bicycle_parking": "stands",
        "capacity": "10",
        "covered": "no",
        "fee": "no",
        "name": "Rua Imperatriz Tereza Cristina (SECR)",
        "operator": "Prefeitura do Recife",
        "ref": "P249"
      },
      "geometry": {
        "type": "Point",
        "coordinates": [
          -34.883058,
          -8.063276
        ]
      },
      "id": "node/13112921218"
    },
    {
      "type": "Feature",
      "properties": {
        "@id": "node/13112921219",
        "access": "yes",
        "amenity": "bicycle_parking",
        "bicycle_parking": "stands",
        "capacity": "10",
        "covered": "no",
        "fee": "no",
        "name": "Quadra da Praça Joana Bezerra",
        "operator": "Prefeitura do Recife",
        "ref": "P248"
      },
      "geometry": {
        "type": "Point",
        "coordinates": [
          -34.897201,
          -8.069119
        ]
      },
      "id": "node/13112921219"
    },
    {
      "type": "Feature",
      "properties": {
        "@id": "node/13112921220",
        "access": "yes",
        "amenity": "bicycle_parking",
        "bicycle_parking": "stands",
        "capacity": "10",
        "covered": "no",
        "fee": "no",
        "name": "Praça na Rua Velha",
        "operator": "Prefeitura do Recife",
        "ref": "P247"
      },
      "geometry": {
        "type": "Point",
        "coordinates": [
          -34.885324,
          -8.064536
        ]
      },
      "id": "node/13112921220"
    },
    {
      "type": "Feature",
      "properties": {
        "@id": "node/13112921221",
        "access": "yes",
        "amenity": "bicycle_parking",
        "bicycle_parking": "stands",
        "capacity": "10",
        "covered": "no",
        "fee": "no",
        "name": "Praça na Rua Ibiporã",
        "operator": "Prefeitura do Recife",
        "ref": "P246"
      },
      "geometry": {
        "type": "Point",
        "coordinates": [
          -34.899747,
          -8.072545
        ]
      },
      "id": "node/13112921221"
    },
    {
      "type": "Feature",
      "properties": {
        "@id": "node/13112921222",
        "access": "yes",
        "amenity": "bicycle_parking",
        "bicycle_parking": "stands",
        "capacity": "10",
        "covered": "no",
        "fee": "no",
        "name": "Praça Jenner de Souza",
        "operator": "Prefeitura do Recife",
        "ref": "P245"
      },
      "geometry": {
        "type": "Point",
        "coordinates": [
          -34.900287,
          -8.054847
        ]
      },
      "id": "node/13112921222"
    },
    {
      "type": "Feature",
      "properties": {
        "@id": "node/13112921223",
        "access": "yes",
        "amenity": "bicycle_parking",
        "bicycle_parking": "stands",
        "capacity": "4",
        "covered": "no",
        "fee": "no",
        "name": "Praça Dom Bosco 02",
        "operator": "Prefeitura do Recife",
        "ref": "P244"
      },
      "geometry": {
        "type": "Point",
        "coordinates": [
          -34.893497,
          -8.063156
        ]
      },
      "id": "node/13112921223"
    },
    {
      "type": "Feature",
      "properties": {
        "@id": "node/13112921224",
        "access": "yes",
        "amenity": "bicycle_parking",
        "bicycle_parking": "stands",
        "capacity": "10",
        "covered": "no",
        "fee": "no",
        "name": "Praça Cássia Kiss de Lima",
        "operator": "Prefeitura do Recife",
        "ref": "P243"
      },
      "geometry": {
        "type": "Point",
        "coordinates": [
          -34.900274,
          -8.07002
        ]
      },
      "id": "node/13112921224"
    },
    {
      "type": "Feature",
      "properties": {
        "@id": "node/13112921225",
        "access": "yes",
        "amenity": "bicycle_parking",
        "bicycle_parking": "stands",
        "capacity": "4",
        "covered": "no",
        "fee": "no",
        "name": "Praça na Rua Epaminondas de Melo 02",
        "operator": "Prefeitura do Recife",
        "ref": "P242"
      },
      "geometry": {
        "type": "Point",
        "coordinates": [
          -34.898203,
          -8.060148
        ]
      },
      "id": "node/13112921225"
    },
    {
      "type": "Feature",
      "properties": {
        "@id": "node/13112921226",
        "access": "yes",
        "amenity": "bicycle_parking",
        "bicycle_parking": "stands",
        "capacity": "10",
        "covered": "no",
        "fee": "no",
        "name": "Escola Municipal Novo Mangue",
        "operator": "Prefeitura do Recife",
        "ref": "P241"
      },
      "geometry": {
        "type": "Point",
        "coordinates": [
          -34.903516,
          -8.075248
        ]
      },
      "id": "node/13112921226"
    },
    {
      "type": "Feature",
      "properties": {
        "@id": "node/13112921227",
        "access": "yes",
        "amenity": "bicycle_parking",
        "bicycle_parking": "stands",
        "capacity": "10",
        "covered": "no",
        "fee": "no",
        "name": "Rua dos Amores",
        "operator": "Prefeitura do Recife",
        "ref": "P240"
      },
      "geometry": {
        "type": "Point",
        "coordinates": [
          -34.872742,
          -8.061931
        ]
      },
      "id": "node/13112921227"
    },
    {
      "type": "Feature",
      "properties": {
        "@id": "node/13112921228",
        "access": "yes",
        "amenity": "bicycle_parking",
        "bicycle_parking": "stands",
        "capacity": "10",
        "covered": "no",
        "fee": "no",
        "name": "Rua do Bom Jesus",
        "operator": "Prefeitura do Recife",
        "ref": "P239"
      },
      "geometry": {
        "type": "Point",
        "coordinates": [
          -34.871469,
          -8.062339
        ]
      },
      "id": "node/13112921228"
    },
    {
      "type": "Feature",
      "properties": {
        "@id": "node/13112921229",
        "access": "yes",
        "amenity": "bicycle_parking",
        "bicycle_parking": "stands",
        "capacity": "10",
        "covered": "no",
        "fee": "no",
        "name": "Quadra de Futsal da Aurora",
        "operator": "Prefeitura do Recife",
        "ref": "P237"
      },
      "geometry": {
        "type": "Point",
        "coordinates": [
          -34.876785,
          -8.054688
        ]
      },
      "id": "node/13112921229"
    },
    {
      "type": "Feature",
      "properties": {
        "@id": "node/13112921230",
        "access": "yes",
        "amenity": "bicycle_parking",
        "bicycle_parking": "stands",
        "capacity": "10",
        "covered": "no",
        "fee": "no",
        "name": "Praça Aurora",
        "operator": "Prefeitura do Recife",
        "ref": "P236"
      },
      "geometry": {
        "type": "Point",
        "coordinates": [
          -34.874193,
          -8.050858
        ]
      },
      "id": "node/13112921230"
    },
    {
      "type": "Feature",
      "properties": {
        "@id": "node/13112921231",
        "access": "yes",
        "amenity": "bicycle_parking",
        "bicycle_parking": "stands",
        "capacity": "10",
        "covered": "no",
        "fee": "no",
        "name": "Quadra Kássio Rinaldo",
        "operator": "Prefeitura do Recife",
        "ref": "P235"
      },
      "geometry": {
        "type": "Point",
        "coordinates": [
          -34.881934,
          -8.041654
        ]
      },
      "id": "node/13112921231"
    },
    {
      "type": "Feature",
      "properties": {
        "@id": "node/13112921232",
        "access": "yes",
        "amenity": "bicycle_parking",
        "bicycle_parking": "stands",
        "capacity": "10",
        "covered": "no",
        "fee": "no",
        "name": "Praça Agamenon (Ilha do Joaneiro)",
        "operator": "Prefeitura do Recife",
        "ref": "P234"
      },
      "geometry": {
        "type": "Point",
        "coordinates": [
          -34.881279,
          -8.04036
        ]
      },
      "id": "node/13112921232"
    },
    {
      "type": "Feature",
      "properties": {
        "@id": "node/13112921233",
        "access": "yes",
        "amenity": "bicycle_parking",
        "bicycle_parking": "stands",
        "capacity": "10",
        "covered": "no",
        "fee": "no",
        "name": "Ministério do Trabalho e Emprego (MTE)",
        "operator": "Prefeitura do Recife",
        "ref": "P233"
      },
      "geometry": {
        "type": "Point",
        "coordinates": [
          -34.88729,
          -8.043009
        ]
      },
      "id": "node/13112921233"
    },
    {
      "type": "Feature",
      "properties": {
        "@id": "node/13112921234",
        "access": "yes",
        "amenity": "bicycle_parking",
        "bicycle_parking": "stands",
        "capacity": "10",
        "covered": "no",
        "fee": "no",
        "name": "Igreja de Nossa Sra do Rosário dos Pretos",
        "operator": "Prefeitura do Recife",
        "ref": "P232"
      },
      "geometry": {
        "type": "Point",
        "coordinates": [
          -34.877865,
          -8.065145
        ]
      },
      "id": "node/13112921234"
    },
    {
      "type": "Feature",
      "properties": {
        "@id": "node/13112921235",
        "access": "yes",
        "amenity": "bicycle_parking",
        "bicycle_parking": "stands",
        "capacity": "10",
        "covered": "no",
        "fee": "no",
        "name": "Igreja de São Gonçalo",
        "operator": "Prefeitura do Recife",
        "ref": "P231"
      },
      "geometry": {
        "type": "Point",
        "coordinates": [
          -34.889557,
          -8.064563
        ]
      },
      "id": "node/13112921235"
    },
    {
      "type": "Feature",
      "properties": {
        "@id": "node/13112921236",
        "access": "yes",
        "amenity": "bicycle_parking",
        "bicycle_parking": "stands",
        "capacity": "10",
        "covered": "no",
        "fee": "no",
        "name": "CEHAB",
        "operator": "Prefeitura do Recife",
        "ref": "P230"
      },
      "geometry": {
        "type": "Point",
        "coordinates": [
          -34.879605,
          -8.038264
        ]
      },
      "id": "node/13112921236"
    },
    {
      "type": "Feature",
      "properties": {
        "@id": "node/13112921237",
        "access": "yes",
        "amenity": "bicycle_parking",
        "bicycle_parking": "stands",
        "capacity": "10",
        "covered": "no",
        "fee": "no",
        "name": "Casa da Cultura",
        "operator": "Prefeitura do Recife",
        "ref": "P229"
      },
      "geometry": {
        "type": "Point",
        "coordinates": [
          -34.882639,
          -8.066281
        ]
      },
      "id": "node/13112921237"
    },
    {
      "type": "Feature",
      "properties": {
        "@id": "node/13112921238",
        "access": "yes",
        "amenity": "bicycle_parking",
        "bicycle_parking": "stands",
        "capacity": "10",
        "covered": "no",
        "fee": "no",
        "name": "Campo do Onze",
        "operator": "Prefeitura do Recife",
        "ref": "P228"
      },
      "geometry": {
        "type": "Point",
        "coordinates": [
          -34.878633,
          -8.040533
        ]
      },
      "id": "node/13112921238"
    },
    {
      "type": "Feature",
      "properties": {
        "@id": "node/13112921239",
        "access": "yes",
        "amenity": "bicycle_parking",
        "bicycle_parking": "stands",
        "capacity": "10",
        "covered": "no",
        "fee": "no",
        "name": "Agência Caixa (Rua Dr. Leopoldo Lins)",
        "operator": "Prefeitura do Recife",
        "ref": "P227"
      },
      "geometry": {
        "type": "Point",
        "coordinates": [
          -34.89253,
          -8.048825
        ]
      },
      "id": "node/13112921239"
    },
    {
      "type": "Feature",
      "properties": {
        "@id": "node/13112921240",
        "access": "yes",
        "amenity": "bicycle_parking",
        "bicycle_parking": "stands",
        "capacity": "10",
        "covered": "no",
        "fee": "no",
        "name": "Praça Otília",
        "operator": "Prefeitura do Recife",
        "ref": "P226"
      },
      "geometry": {
        "type": "Point",
        "coordinates": [
          -34.893086,
          -8.049572
        ]
      },
      "id": "node/13112921240"
    },
    {
      "type": "Feature",
      "properties": {
        "@id": "node/13112921241",
        "access": "yes",
        "amenity": "bicycle_parking",
        "bicycle_parking": "stands",
        "capacity": "10",
        "covered": "no",
        "fee": "no",
        "name": "Praça Numa Pompilho",
        "operator": "Prefeitura do Recife",
        "ref": "P225"
      },
      "geometry": {
        "type": "Point",
        "coordinates": [
          -34.883053,
          -8.047908
        ]
      },
      "id": "node/13112921241"
    },
    {
      "type": "Feature",
      "properties": {
        "@id": "node/13112921242",
        "access": "yes",
        "amenity": "bicycle_parking",
        "bicycle_parking": "stands",
        "capacity": "10",
        "covered": "no",
        "fee": "no",
        "name": "Praça do Campo Santo (UTEC)",
        "operator": "Prefeitura do Recife",
        "ref": "P223"
      },
      "geometry": {
        "type": "Point",
        "coordinates": [
          -34.882972,
          -8.050882
        ]
      },
      "id": "node/13112921242"
    },
    {
      "type": "Feature",
      "properties": {
        "@id": "node/13112921243",
        "access": "yes",
        "amenity": "bicycle_parking",
        "bicycle_parking": "stands",
        "capacity": "10",
        "covered": "no",
        "fee": "no",
        "name": "INSS (Rua dos Palmares)",
        "operator": "Prefeitura do Recife",
        "ref": "P222"
      },
      "geometry": {
        "type": "Point",
        "coordinates": [
          -34.884051,
          -8.052544
        ]
      },
      "id": "node/13112921243"
    },
    {
      "type": "Feature",
      "properties": {
        "@id": "node/13112921244",
        "access": "yes",
        "amenity": "bicycle_parking",
        "bicycle_parking": "stands",
        "capacity": "10",
        "covered": "no",
        "fee": "no",
        "name": "Rua João Fernandes Vieira",
        "operator": "Prefeitura do Recife",
        "ref": "P220"
      },
      "geometry": {
        "type": "Point",
        "coordinates": [
          -34.890047,
          -8.056195
        ]
      },
      "id": "node/13112921244"
    },
    {
      "type": "Feature",
      "properties": {
        "@id": "node/13112921245",
        "access": "yes",
        "amenity": "bicycle_parking",
        "bicycle_parking": "stands",
        "capacity": "10",
        "covered": "no",
        "fee": "no",
        "name": "Liceu/Nóbrega",
        "operator": "Prefeitura do Recife",
        "ref": "P219"
      },
      "geometry": {
        "type": "Point",
        "coordinates": [
          -34.887995,
          -8.055856
        ]
      },
      "id": "node/13112921245"
    },
    {
      "type": "Feature",
      "properties": {
        "@id": "node/13112921246",
        "access": "yes",
        "amenity": "bicycle_parking",
        "bicycle_parking": "stands",
        "capacity": "10",
        "covered": "no",
        "fee": "no",
        "name": "Rua Corredor do Bispo",
        "operator": "Prefeitura do Recife",
        "ref": "P218"
      },
      "geometry": {
        "type": "Point",
        "coordinates": [
          -34.887004,
          -8.057618
        ]
      },
      "id": "node/13112921246"
    },
    {
      "type": "Feature",
      "properties": {
        "@id": "node/13112921247",
        "access": "yes",
        "amenity": "bicycle_parking",
        "bicycle_parking": "stands",
        "capacity": "10",
        "covered": "no",
        "fee": "no",
        "name": "Rua Duque de Caxias",
        "operator": "Prefeitura do Recife",
        "ref": "P217"
      },
      "geometry": {
        "type": "Point",
        "coordinates": [
          -34.877461,
          -8.064372
        ]
      },
      "id": "node/13112921247"
    },
    {
      "type": "Feature",
      "properties": {
        "@id": "node/13112921248",
        "access": "yes",
        "amenity": "bicycle_parking",
        "bicycle_parking": "stands",
        "capacity": "10",
        "covered": "no",
        "fee": "no",
        "name": "Praça Nelson Ferreira",
        "operator": "Prefeitura do Recife",
        "ref": "P216"
      },
      "geometry": {
        "type": "Point",
        "coordinates": [
          -34.882917,
          -8.052985
        ]
      },
      "id": "node/13112921248"
    },
    {
      "type": "Feature",
      "properties": {
        "@id": "node/13112921249",
        "access": "yes",
        "amenity": "bicycle_parking",
        "bicycle_parking": "stands",
        "capacity": "10",
        "covered": "no",
        "fee": "no",
        "name": "Praça Sérgio Loreto",
        "operator": "Prefeitura do Recife",
        "ref": "P215"
      },
      "geometry": {
        "type": "Point",
        "coordinates": [
          -34.884976,
          -8.072245
        ]
      },
      "id": "node/13112921249"
    },
    {
      "type": "Feature",
      "properties": {
        "@id": "node/13112921250",
        "access": "yes",
        "amenity": "bicycle_parking",
        "bicycle_parking": "stands",
        "capacity": "10",
        "covered": "no",
        "fee": "no",
        "name": "ETE Almirante Soares Dutra",
        "operator": "Prefeitura do Recife",
        "ref": "P213"
      },
      "geometry": {
        "type": "Point",
        "coordinates": [
          -34.875797,
          -8.047268
        ]
      },
      "id": "node/13112921250"
    },
    {
      "type": "Feature",
      "properties": {
        "@id": "node/13112921251",
        "access": "yes",
        "amenity": "bicycle_parking",
        "bicycle_parking": "stands",
        "capacity": "10",
        "covered": "no",
        "fee": "no",
        "name": "Av. Dantas Barreto (Magno Equipamentos)",
        "operator": "Prefeitura do Recife",
        "ref": "P212"
      },
      "geometry": {
        "type": "Point",
        "coordinates": [
          -34.882247,
          -8.070524
        ]
      },
      "id": "node/13112921251"
    },
    {
      "type": "Feature",
      "properties": {
        "@id": "node/13112921252",
        "access": "yes",
        "amenity": "bicycle_parking",
        "bicycle_parking": "stands",
        "capacity": "10",
        "covered": "no",
        "fee": "no",
        "name": "Av. Dantas Barreto (Armarinho Mundial)",
        "operator": "Prefeitura do Recife",
        "ref": "P211"
      },
      "geometry": {
        "type": "Point",
        "coordinates": [
          -34.881156,
          -8.069169
        ]
      },
      "id": "node/13112921252"
    },
    {
      "type": "Feature",
      "properties": {
        "@id": "node/13112921253",
        "access": "yes",
        "amenity": "bicycle_parking",
        "bicycle_parking": "stands",
        "capacity": "10",
        "covered": "no",
        "fee": "no",
        "name": "Travessa do Arsenal da Guerra",
        "operator": "Prefeitura do Recife",
        "ref": "P210"
      },
      "geometry": {
        "type": "Point",
        "coordinates": [
          -34.876882,
          -8.066582
        ]
      },
      "id": "node/13112921253"
    },
    {
      "type": "Feature",
      "properties": {
        "@id": "node/13112921254",
        "access": "yes",
        "amenity": "bicycle_parking",
        "bicycle_parking": "stands",
        "capacity": "10",
        "covered": "no",
        "fee": "no",
        "name": "Teatro Santa Izabel",
        "operator": "Prefeitura do Recife",
        "ref": "P209"
      },
      "geometry": {
        "type": "Point",
        "coordinates": [
          -34.878125,
          -8.060864
        ]
      },
      "id": "node/13112921254"
    },
    {
      "type": "Feature",
      "properties": {
        "@id": "node/13112921255",
        "access": "yes",
        "amenity": "bicycle_parking",
        "bicycle_parking": "stands",
        "capacity": "10",
        "covered": "no",
        "fee": "no",
        "name": "Rua Sete de Setembro",
        "operator": "Prefeitura do Recife",
        "ref": "P208"
      },
      "geometry": {
        "type": "Point",
        "coordinates": [
          -34.883783,
          -8.062773
        ]
      },
      "id": "node/13112921255"
    },
    {
      "type": "Feature",
      "properties": {
        "@id": "node/13112921256",
        "access": "yes",
        "amenity": "bicycle_parking",
        "bicycle_parking": "stands",
        "capacity": "10",
        "covered": "no",
        "fee": "no",
        "name": "Rua Matias de Albuquerque",
        "operator": "Prefeitura do Recife",
        "ref": "P207"
      },
      "geometry": {
        "type": "Point",
        "coordinates": [
          -34.878953,
          -8.063946
        ]
      },
      "id": "node/13112921256"
    },
    {
      "type": "Feature",
      "properties": {
        "@id": "node/13112921257",
        "access": "yes",
        "amenity": "bicycle_parking",
        "bicycle_parking": "stands",
        "capacity": "10",
        "covered": "no",
        "fee": "no",
        "name": "Rua Imperatriz Tereza Cristina (UTEC)",
        "operator": "Prefeitura do Recife",
        "ref": "P206"
      },
      "geometry": {
        "type": "Point",
        "coordinates": [
          -34.884272,
          -8.062917
        ]
      },
      "id": "node/13112921257"
    },
    {
      "type": "Feature",
      "properties": {
        "@id": "node/13112921258",
        "access": "yes",
        "amenity": "bicycle_parking",
        "bicycle_parking": "stands",
        "capacity": "10",
        "covered": "no",
        "fee": "no",
        "name": "Cais do Sertão 02",
        "operator": "Prefeitura do Recife",
        "ref": "P204"
      },
      "geometry": {
        "type": "Point",
        "coordinates": [
          -34.869912,
          -8.0597
        ]
      },
      "id": "node/13112921258"
    },
    {
      "type": "Feature",
      "properties": {
        "@id": "node/13112921259",
        "access": "yes",
        "amenity": "bicycle_parking",
        "bicycle_parking": "stands",
        "capacity": "10",
        "covered": "no",
        "fee": "no",
        "name": "Praça Prof. Agamenon Magalhães",
        "operator": "Prefeitura do Recife",
        "ref": "P203"
      },
      "geometry": {
        "type": "Point",
        "coordinates": [
          -34.882224,
          -8.04375
        ]
      },
      "id": "node/13112921259"
    },
    {
      "type": "Feature",
      "properties": {
        "@id": "node/13112921260",
        "access": "yes",
        "amenity": "bicycle_parking",
        "bicycle_parking": "stands",
        "capacity": "10",
        "covered": "no",
        "fee": "no",
        "name": "Praça Onze de Junho",
        "operator": "Prefeitura do Recife",
        "ref": "P202"
      },
      "geometry": {
        "type": "Point",
        "coordinates": [
          -34.874673,
          -8.044687
        ]
      },
      "id": "node/13112921260"
    },
    {
      "type": "Feature",
      "properties": {
        "@id": "node/13112921261",
        "access": "yes",
        "amenity": "bicycle_parking",
        "bicycle_parking": "stands",
        "capacity": "10",
        "covered": "no",
        "fee": "no",
        "name": "Praça do Pilar",
        "operator": "Prefeitura do Recife",
        "ref": "P201"
      },
      "geometry": {
        "type": "Point",
        "coordinates": [
          -34.869899,
          -8.056903
        ]
      },
      "id": "node/13112921261"
    },
    {
      "type": "Feature",
      "properties": {
        "@id": "node/13112921262",
        "access": "yes",
        "amenity": "bicycle_parking",
        "bicycle_parking": "stands",
        "capacity": "10",
        "covered": "no",
        "fee": "no",
        "name": "Praça Ascenso Ferreira",
        "operator": "Prefeitura do Recife",
        "ref": "P200"
      },
      "geometry": {
        "type": "Point",
        "coordinates": [
          -34.873707,
          -8.06248
        ]
      },
      "id": "node/13112921262"
    },
    {
      "type": "Feature",
      "properties": {
        "@id": "node/13112921263",
        "access": "yes",
        "amenity": "bicycle_parking",
        "bicycle_parking": "stands",
        "capacity": "10",
        "covered": "no",
        "fee": "no",
        "name": "Praça Dezessete",
        "operator": "Prefeitura do Recife",
        "ref": "P199"
      },
      "geometry": {
        "type": "Point",
        "coordinates": [
          -34.876884,
          -8.065236
        ]
      },
      "id": "node/13112921263"
    },
    {
      "type": "Feature",
      "properties": {
        "@id": "node/13112921264",
        "access": "yes",
        "amenity": "bicycle_parking",
        "bicycle_parking": "stands",
        "capacity": "10",
        "covered": "no",
        "fee": "no",
        "name": "Praça 13 de Maio",
        "operator": "Prefeitura do Recife",
        "ref": "P198"
      },
      "geometry": {
        "type": "Point",
        "coordinates": [
          -34.883036,
          -8.057172
        ]
      },
      "id": "node/13112921264"
    },
    {
      "type": "Feature",
      "properties": {
        "@id": "node/13112921265",
        "access": "yes",
        "amenity": "bicycle_parking",
        "bicycle_parking": "stands",
        "capacity": "10",
        "covered": "no",
        "fee": "no",
        "name": "Mercado Público Santo Amaro",
        "operator": "Prefeitura do Recife",
        "ref": "P195"
      },
      "geometry": {
        "type": "Point",
        "coordinates": [
          -34.876554,
          -8.046823
        ]
      },
      "id": "node/13112921265"
    },
    {
      "type": "Feature",
      "properties": {
        "@id": "node/13112921266",
        "access": "yes",
        "amenity": "bicycle_parking",
        "bicycle_parking": "stands",
        "capacity": "10",
        "covered": "no",
        "fee": "no",
        "name": "Escola Sizenando Silveira",
        "operator": "Prefeitura do Recife",
        "ref": "P194"
      },
      "geometry": {
        "type": "Point",
        "coordinates": [
          -34.881862,
          -8.054547
        ]
      },
      "id": "node/13112921266"
    },
    {
      "type": "Feature",
      "properties": {
        "@id": "node/13112921267",
        "access": "yes",
        "amenity": "bicycle_parking",
        "bicycle_parking": "stands",
        "capacity": "10",
        "covered": "no",
        "fee": "no",
        "name": "DER",
        "operator": "Prefeitura do Recife",
        "ref": "P193"
      },
      "geometry": {
        "type": "Point",
        "coordinates": [
          -34.875872,
          -8.045735
        ]
      },
      "id": "node/13112921267"
    },
    {
      "type": "Feature",
      "properties": {
        "@id": "node/13112921268",
        "access": "yes",
        "amenity": "bicycle_parking",
        "bicycle_parking": "stands",
        "capacity": "10",
        "covered": "no",
        "fee": "no",
        "name": "Centro POP",
        "operator": "Prefeitura do Recife",
        "ref": "P192"
      },
      "geometry": {
        "type": "Point",
        "coordinates": [
          -34.876503,
          -8.064019
        ]
      },
      "id": "node/13112921268"
    },
    {
      "type": "Feature",
      "properties": {
        "@id": "node/13112921269",
        "access": "yes",
        "amenity": "bicycle_parking",
        "bicycle_parking": "stands",
        "capacity": "10",
        "covered": "no",
        "fee": "no",
        "name": "Praça VDC",
        "operator": "Prefeitura do Recife",
        "ref": "P191"
      },
      "geometry": {
        "type": "Point",
        "coordinates": [
          -34.932366,
          -8.094894
        ]
      },
      "id": "node/13112921269"
    },
    {
      "type": "Feature",
      "properties": {
        "@id": "node/13112921270",
        "access": "yes",
        "amenity": "bicycle_parking",
        "bicycle_parking": "stands",
        "capacity": "10",
        "covered": "no",
        "fee": "no",
        "name": "Praça do Sena",
        "operator": "Prefeitura do Recife",
        "ref": "P190"
      },
      "geometry": {
        "type": "Point",
        "coordinates": [
          -34.933449,
          -8.095948
        ]
      },
      "id": "node/13112921270"
    },
    {
      "type": "Feature",
      "properties": {
        "@id": "node/13112921271",
        "access": "yes",
        "amenity": "bicycle_parking",
        "bicycle_parking": "stands",
        "capacity": "10",
        "covered": "no",
        "fee": "no",
        "name": "Praça Ministro João Gonçalves de Souza",
        "operator": "Prefeitura do Recife",
        "ref": "P189"
      },
      "geometry": {
        "type": "Point",
        "coordinates": [
          -34.943445,
          -8.047958
        ]
      },
      "id": "node/13112921271"
    },
    {
      "type": "Feature",
      "properties": {
        "@id": "node/13112921272",
        "access": "yes",
        "amenity": "bicycle_parking",
        "bicycle_parking": "stands",
        "capacity": "10",
        "covered": "no",
        "fee": "no",
        "name": "Praça Bom Partor",
        "operator": "Prefeitura do Recife",
        "ref": "P188"
      },
      "geometry": {
        "type": "Point",
        "coordinates": [
          -34.939783,
          -8.049256
        ]
      },
      "id": "node/13112921272"
    },
    {
      "type": "Feature",
      "properties": {
        "@id": "node/13112921273",
        "access": "yes",
        "amenity": "bicycle_parking",
        "bicycle_parking": "stands",
        "capacity": "10",
        "covered": "no",
        "fee": "no",
        "name": "Praça Brasilit (Praça do Caxito - Várzea)",
        "operator": "Prefeitura do Recife",
        "ref": "P187"
      },
      "geometry": {
        "type": "Point",
        "coordinates": [
          -34.950275,
          -8.04175
        ]
      },
      "id": "node/13112921273"
    },
    {
      "type": "Feature",
      "properties": {
        "@id": "node/13112921274",
        "access": "yes",
        "amenity": "bicycle_parking",
        "bicycle_parking": "stands",
        "capacity": "10",
        "covered": "no",
        "fee": "no",
        "name": "Estação Santa Luzia",
        "operator": "Prefeitura do Recife",
        "ref": "P186"
      },
      "geometry": {
        "type": "Point",
        "coordinates": [
          -34.929929,
          -8.084265
        ]
      },
      "id": "node/13112921274"
    },
    {
      "type": "Feature",
      "properties": {
        "@id": "node/13112921275",
        "access": "yes",
        "amenity": "bicycle_parking",
        "bicycle_parking": "stands",
        "capacity": "10",
        "covered": "no",
        "fee": "no",
        "name": "Estação Ipiranga",
        "operator": "Prefeitura do Recife",
        "ref": "P185"
      },
      "geometry": {
        "type": "Point",
        "coordinates": [
          -34.913458,
          -8.077304
        ]
      },
      "id": "node/13112921275"
    },
    {
      "type": "Feature",
      "properties": {
        "@id": "node/13112921276",
        "access": "yes",
        "amenity": "bicycle_parking",
        "bicycle_parking": "stands",
        "capacity": "10",
        "covered": "no",
        "fee": "no",
        "name": "Estação Imbiribeira",
        "operator": "Prefeitura do Recife",
        "ref": "P183"
      },
      "geometry": {
        "type": "Point",
        "coordinates": [
          -34.907617,
          -8.090517
        ]
      },
      "id": "node/13112921276"
    },
    {
      "type": "Feature",
      "properties": {
        "@id": "node/13112921277",
        "access": "yes",
        "amenity": "bicycle_parking",
        "bicycle_parking": "stands",
        "capacity": "10",
        "covered": "no",
        "fee": "no",
        "name": "Praça Oswaldo Cruz",
        "operator": "Prefeitura do Recife",
        "ref": "P182"
      },
      "geometry": {
        "type": "Point",
        "coordinates": [
          -34.891262,
          -8.05476
        ]
      },
      "id": "node/13112921277"
    },
    {
      "type": "Feature",
      "properties": {
        "@id": "node/13112921278",
        "access": "yes",
        "amenity": "bicycle_parking",
        "bicycle_parking": "stands",
        "capacity": "10",
        "covered": "no",
        "fee": "no",
        "name": "Praça General Carlos Pinto (Tacaruna)",
        "operator": "Prefeitura do Recife",
        "ref": "P181"
      },
      "geometry": {
        "type": "Point",
        "coordinates": [
          -34.871947,
          -8.039867
        ]
      },
      "id": "node/13112921278"
    },
    {
      "type": "Feature",
      "properties": {
        "@id": "node/13112921279",
        "access": "yes",
        "amenity": "bicycle_parking",
        "bicycle_parking": "stands",
        "capacity": "10",
        "covered": "no",
        "fee": "no",
        "name": "Praça Souto Filho",
        "operator": "Prefeitura do Recife",
        "ref": "P180"
      },
      "geometry": {
        "type": "Point",
        "coordinates": [
          -34.902955,
          -8.036143
        ]
      },
      "id": "node/13112921279"
    },
    {
      "type": "Feature",
      "properties": {
        "@id": "node/13112921280",
        "access": "yes",
        "amenity": "bicycle_parking",
        "bicycle_parking": "stands",
        "capacity": "10",
        "covered": "no",
        "fee": "no",
        "name": "Praça Parque Amorim",
        "operator": "Prefeitura do Recife",
        "ref": "P179"
      },
      "geometry": {
        "type": "Point",
        "coordinates": [
          -34.894945,
          -8.051925
        ]
      },
      "id": "node/13112921280"
    },
    {
      "type": "Feature",
      "properties": {
        "@id": "node/13112921281",
        "access": "yes",
        "amenity": "bicycle_parking",
        "bicycle_parking": "stands",
        "capacity": "6",
        "covered": "no",
        "fee": "no",
        "name": "Vila do Vintém",
        "operator": "Prefeitura do Recife",
        "ref": "P178"
      },
      "geometry": {
        "type": "Point",
        "coordinates": [
          -34.910353,
          -8.038023
        ]
      },
      "id": "node/13112921281"
    },
    {
      "type": "Feature",
      "properties": {
        "@id": "node/13112921282",
        "access": "yes",
        "amenity": "bicycle_parking",
        "bicycle_parking": "stands",
        "capacity": "6",
        "covered": "no",
        "fee": "no",
        "name": "Creche Escola Dep. Alcides Teixeira",
        "operator": "Prefeitura do Recife",
        "ref": "P177"
      },
      "geometry": {
        "type": "Point",
        "coordinates": [
          -34.882806,
          -8.043896
        ]
      },
      "id": "node/13112921282"
    },
    {
      "type": "Feature",
      "properties": {
        "@id": "node/13112921283",
        "access": "yes",
        "amenity": "bicycle_parking",
        "bicycle_parking": "stands",
        "capacity": "10",
        "covered": "no",
        "fee": "no",
        "name": "Terminal Engenho do Meio",
        "operator": "Prefeitura do Recife",
        "ref": "P176"
      },
      "geometry": {
        "type": "Point",
        "coordinates": [
          -34.945896,
          -8.058707
        ]
      },
      "id": "node/13112921283"
    },
    {
      "type": "Feature",
      "properties": {
        "@id": "node/13112921284",
        "access": "yes",
        "amenity": "bicycle_parking",
        "bicycle_parking": "stands",
        "capacity": "10",
        "covered": "no",
        "fee": "no",
        "name": "Academia da Cidade Polo Heróis da Restauração",
        "operator": "Prefeitura do Recife",
        "ref": "P175"
      },
      "geometry": {
        "type": "Point",
        "coordinates": [
          -34.935715,
          -8.097174
        ]
      },
      "id": "node/13112921284"
    },
    {
      "type": "Feature",
      "properties": {
        "@id": "node/13112921285",
        "access": "yes",
        "amenity": "bicycle_parking",
        "bicycle_parking": "stands",
        "capacity": "10",
        "covered": "no",
        "fee": "no",
        "name": "SESC de Santo Amaro",
        "operator": "Prefeitura do Recife",
        "ref": "P174"
      },
      "geometry": {
        "type": "Point",
        "coordinates": [
          -34.882671,
          -8.049417
        ]
      },
      "id": "node/13112921285"
    },
    {
      "type": "Feature",
      "properties": {
        "@id": "node/13112921286",
        "access": "yes",
        "amenity": "bicycle_parking",
        "bicycle_parking": "stands",
        "capacity": "10",
        "covered": "no",
        "fee": "no",
        "name": "COMPAZ Dom Helder Câmara",
        "operator": "Prefeitura do Recife",
        "ref": "P173"
      },
      "geometry": {
        "type": "Point",
        "coordinates": [
          -34.89552,
          -8.073515
        ]
      },
      "id": "node/13112921286"
    },
    {
      "type": "Feature",
      "properties": {
        "@id": "node/13112921287",
        "access": "yes",
        "amenity": "bicycle_parking",
        "bicycle_parking": "stands",
        "capacity": "10",
        "covered": "no",
        "fee": "no",
        "name": "COMPAZ Dom Helder Câmara",
        "operator": "Prefeitura do Recife",
        "ref": "P172"
      },
      "geometry": {
        "type": "Point",
        "coordinates": [
          -34.895386,
          -8.073605
        ]
      },
      "id": "node/13112921287"
    },
    {
      "type": "Feature",
      "properties": {
        "@id": "node/13112921288",
        "access": "yes",
        "amenity": "bicycle_parking",
        "bicycle_parking": "stands",
        "capacity": "4",
        "covered": "no",
        "fee": "no",
        "name": "Academia da Cidade Polo Jordão",
        "operator": "Prefeitura do Recife",
        "ref": "P171"
      },
      "geometry": {
        "type": "Point",
        "coordinates": [
          -34.936864,
          -8.136465
        ]
      },
      "id": "node/13112921288"
    },
    {
      "type": "Feature",
      "properties": {
        "@id": "node/13112921289",
        "access": "yes",
        "amenity": "bicycle_parking",
        "bicycle_parking": "stands",
        "capacity": "10",
        "covered": "no",
        "fee": "no",
        "name": "Praça Jordão Alto",
        "operator": "Prefeitura do Recife",
        "ref": "P170"
      },
      "geometry": {
        "type": "Point",
        "coordinates": [
          -34.941472,
          -8.134298
        ]
      },
      "id": "node/13112921289"
    },
    {
      "type": "Feature",
      "properties": {
        "@id": "node/13112921290",
        "access": "yes",
        "amenity": "bicycle_parking",
        "bicycle_parking": "stands",
        "capacity": "10",
        "covered": "no",
        "fee": "no",
        "name": "Academia Recife - Polo praça da Várzea",
        "operator": "Prefeitura do Recife",
        "ref": "P169"
      },
      "geometry": {
        "type": "Point",
        "coordinates": [
          -34.959592,
          -8.049448
        ]
      },
      "id": "node/13112921290"
    },
    {
      "type": "Feature",
      "properties": {
        "@id": "node/13112921291",
        "access": "yes",
        "amenity": "bicycle_parking",
        "bicycle_parking": "stands",
        "capacity": "10",
        "covered": "no",
        "fee": "no",
        "name": "Praça Jacarezinho",
        "operator": "Prefeitura do Recife",
        "ref": "P168"
      },
      "geometry": {
        "type": "Point",
        "coordinates": [
          -34.882935,
          -8.018425
        ]
      },
      "id": "node/13112921291"
    },
    {
      "type": "Feature",
      "properties": {
        "@id": "node/13112921292",
        "access": "yes",
        "amenity": "bicycle_parking",
        "bicycle_parking": "stands",
        "capacity": "10",
        "covered": "no",
        "fee": "no",
        "name": "Prefeitura do Recife",
        "operator": "Prefeitura do Recife",
        "ref": "P167"
      },
      "geometry": {
        "type": "Point",
        "coordinates": [
          -34.872014,
          -8.054396
        ]
      },
      "id": "node/13112921292"
    },
    {
      "type": "Feature",
      "properties": {
        "@id": "node/13112921293",
        "access": "yes",
        "amenity": "bicycle_parking",
        "bicycle_parking": "stands",
        "capacity": "10",
        "covered": "no",
        "fee": "no",
        "name": "Praça Caxito (san martin)",
        "operator": "Prefeitura do Recife",
        "ref": "P166"
      },
      "geometry": {
        "type": "Point",
        "coordinates": [
          -34.931499,
          -8.075173
        ]
      },
      "id": "node/13112921293"
    },
    {
      "type": "Feature",
      "properties": {
        "@id": "node/13112921294",
        "access": "yes",
        "amenity": "bicycle_parking",
        "bicycle_parking": "stands",
        "capacity": "10",
        "covered": "no",
        "fee": "no",
        "name": "Orla de Brasília Teimosa 03",
        "operator": "Prefeitura do Recife",
        "ref": "P165"
      },
      "geometry": {
        "type": "Point",
        "coordinates": [
          -34.878013,
          -8.0849
        ]
      },
      "id": "node/13112921294"
    },
    {
      "type": "Feature",
      "properties": {
        "@id": "node/13112921295",
        "access": "yes",
        "amenity": "bicycle_parking",
        "bicycle_parking": "stands",
        "capacity": "10",
        "covered": "no",
        "fee": "no",
        "name": "Orla de Brasília Teimosa 02",
        "operator": "Prefeitura do Recife",
        "ref": "P164"
      },
      "geometry": {
        "type": "Point",
        "coordinates": [
          -34.879131,
          -8.087805
        ]
      },
      "id": "node/13112921295"
    },
    {
      "type": "Feature",
      "properties": {
        "@id": "node/13112921296",
        "access": "yes",
        "amenity": "bicycle_parking",
        "bicycle_parking": "stands",
        "capacity": "10",
        "covered": "no",
        "fee": "no",
        "name": "Orla de Brasília Teimosa 01",
        "operator": "Prefeitura do Recife",
        "ref": "P163"
      },
      "geometry": {
        "type": "Point",
        "coordinates": [
          -34.877466,
          -8.082998
        ]
      },
      "id": "node/13112921296"
    },
    {
      "type": "Feature",
      "properties": {
        "@id": "node/13112921297",
        "access": "yes",
        "amenity": "bicycle_parking",
        "bicycle_parking": "stands",
        "capacity": "10",
        "covered": "no",
        "fee": "no",
        "name": "Largo da Paz",
        "operator": "Prefeitura do Recife",
        "ref": "P162"
      },
      "geometry": {
        "type": "Point",
        "coordinates": [
          -34.906305,
          -8.08061
        ]
      },
      "id": "node/13112921297"
    },
    {
      "type": "Feature",
      "properties": {
        "@id": "node/13112921298",
        "access": "yes",
        "amenity": "bicycle_parking",
        "bicycle_parking": "stands",
        "capacity": "10",
        "covered": "no",
        "fee": "no",
        "name": "Praça Onildo Almeida",
        "operator": "Prefeitura do Recife",
        "ref": "P161"
      },
      "geometry": {
        "type": "Point",
        "coordinates": [
          -34.879427,
          -8.018555
        ]
      },
      "id": "node/13112921298"
    },
    {
      "type": "Feature",
      "properties": {
        "@id": "node/13112921299",
        "access": "yes",
        "amenity": "bicycle_parking",
        "bicycle_parking": "stands",
        "capacity": "10",
        "covered": "no",
        "fee": "no",
        "name": "Praça Capiba - Cajueiro",
        "operator": "Prefeitura do Recife",
        "ref": "P160"
      },
      "geometry": {
        "type": "Point",
        "coordinates": [
          -34.885232,
          -8.008985
        ]
      },
      "id": "node/13112921299"
    },
    {
      "type": "Feature",
      "properties": {
        "@id": "node/13112921300",
        "access": "yes",
        "amenity": "bicycle_parking",
        "bicycle_parking": "stands",
        "capacity": "10",
        "covered": "no",
        "fee": "no",
        "name": "Praça Mago Jefferson",
        "operator": "Prefeitura do Recife",
        "ref": "P159"
      },
      "geometry": {
        "type": "Point",
        "coordinates": [
          -34.879546,
          -8.021061
        ]
      },
      "id": "node/13112921300"
    },
    {
      "type": "Feature",
      "properties": {
        "@id": "node/13112921301",
        "access": "yes",
        "amenity": "bicycle_parking",
        "bicycle_parking": "stands",
        "capacity": "10",
        "covered": "no",
        "fee": "no",
        "name": "Praça do Sebo",
        "operator": "Prefeitura do Recife",
        "ref": "P158"
      },
      "geometry": {
        "type": "Point",
        "coordinates": [
          -34.878815,
          -8.063005
        ]
      },
      "id": "node/13112921301"
    },
    {
      "type": "Feature",
      "properties": {
        "@id": "node/13112921302",
        "access": "yes",
        "amenity": "bicycle_parking",
        "bicycle_parking": "stands",
        "capacity": "10",
        "covered": "no",
        "fee": "no",
        "name": "Rua do Livramento",
        "operator": "Prefeitura do Recife",
        "ref": "P157"
      },
      "geometry": {
        "type": "Point",
        "coordinates": [
          -34.877726,
          -8.066597
        ]
      },
      "id": "node/13112921302"
    },
    {
      "type": "Feature",
      "properties": {
        "@id": "node/13112921303",
        "access": "yes",
        "amenity": "bicycle_parking",
        "bicycle_parking": "stands",
        "capacity": "4",
        "covered": "no",
        "fee": "no",
        "name": "Academia da Cidade Polo Praça do Salgueiro",
        "operator": "Prefeitura do Recife",
        "ref": "P156"
      },
      "geometry": {
        "type": "Point",
        "coordinates": [
          -34.938078,
          -8.042365
        ]
      },
      "id": "node/13112921303"
    },
    {
      "type": "Feature",
      "properties": {
        "@id": "node/13112921304",
        "access": "yes",
        "amenity": "bicycle_parking",
        "bicycle_parking": "stands",
        "capacity": "10",
        "covered": "no",
        "fee": "no",
        "name": "PROCAPE",
        "operator": "Prefeitura do Recife",
        "ref": "P155"
      },
      "geometry": {
        "type": "Point",
        "coordinates": [
          -34.887586,
          -8.049569
        ]
      },
      "id": "node/13112921304"
    },
    {
      "type": "Feature",
      "properties": {
        "@id": "node/13112921305",
        "access": "yes",
        "amenity": "bicycle_parking",
        "bicycle_parking": "stands",
        "capacity": "10",
        "covered": "no",
        "fee": "no",
        "name": "Lagoa do Araçá",
        "operator": "Prefeitura do Recife",
        "ref": "P154"
      },
      "geometry": {
        "type": "Point",
        "coordinates": [
          -34.916198,
          -8.092784
        ]
      },
      "id": "node/13112921305"
    },
    {
      "type": "Feature",
      "properties": {
        "@id": "node/13112921306",
        "access": "yes",
        "amenity": "bicycle_parking",
        "bicycle_parking": "stands",
        "capacity": "10",
        "covered": "no",
        "fee": "no",
        "name": "Praça Jarbas Pernambucano",
        "operator": "Prefeitura do Recife",
        "ref": "P153"
      },
      "geometry": {
        "type": "Point",
        "coordinates": [
          -34.883655,
          -8.011007
        ]
      },
      "id": "node/13112921306"
    },
    {
      "type": "Feature",
      "properties": {
        "@id": "node/13112921307",
        "access": "yes",
        "amenity": "bicycle_parking",
        "bicycle_parking": "stands",
        "capacity": "10",
        "covered": "no",
        "fee": "no",
        "name": "Praça Santos Dumont",
        "operator": "Prefeitura do Recife",
        "ref": "P152"
      },
      "geometry": {
        "type": "Point",
        "coordinates": [
          -34.894812,
          -8.030564
        ]
      },
      "id": "node/13112921307"
    },
    {
      "type": "Feature",
      "properties": {
        "@id": "node/13112921308",
        "access": "yes",
        "amenity": "bicycle_parking",
        "bicycle_parking": "stands",
        "capacity": "10",
        "covered": "no",
        "fee": "no",
        "name": "Instituto Capibaribe",
        "operator": "Prefeitura do Recife",
        "ref": "P151"
      },
      "geometry": {
        "type": "Point",
        "coordinates": [
          -34.901771,
          -8.050326
        ]
      },
      "id": "node/13112921308"
    },
    {
      "type": "Feature",
      "properties": {
        "@id": "node/13112921309",
        "access": "yes",
        "amenity": "bicycle_parking",
        "bicycle_parking": "stands",
        "capacity": "10",
        "covered": "no",
        "fee": "no",
        "name": "Sítio da Trindade",
        "operator": "Prefeitura do Recife",
        "ref": "P150"
      },
      "geometry": {
        "type": "Point",
        "coordinates": [
          -34.912128,
          -8.029036
        ]
      },
      "id": "node/13112921309"
    },
    {
      "type": "Feature",
      "properties": {
        "@id": "node/13112921310",
        "access": "yes",
        "amenity": "bicycle_parking",
        "bicycle_parking": "stands",
        "capacity": "10",
        "covered": "no",
        "fee": "no",
        "name": "Largo Dom Luiz",
        "operator": "Prefeitura do Recife",
        "ref": "P149"
      },
      "geometry": {
        "type": "Point",
        "coordinates": [
          -34.917293,
          -8.02077
        ]
      },
      "id": "node/13112921310"
    },
    {
      "type": "Feature",
      "properties": {
        "@id": "node/13112921311",
        "access": "yes",
        "amenity": "bicycle_parking",
        "bicycle_parking": "stands",
        "capacity": "4",
        "covered": "no",
        "fee": "no",
        "name": "Academia da Cidade Polo Lavadeiras 02",
        "operator": "Prefeitura do Recife",
        "ref": "P148"
      },
      "geometry": {
        "type": "Point",
        "coordinates": [
          -34.937115,
          -8.094025
        ]
      },
      "id": "node/13112921311"
    },
    {
      "type": "Feature",
      "properties": {
        "@id": "node/13112921312",
        "access": "yes",
        "amenity": "bicycle_parking",
        "bicycle_parking": "stands",
        "capacity": "10",
        "covered": "no",
        "fee": "no",
        "name": "Academia Recife - Polo IPSEP",
        "operator": "Prefeitura do Recife",
        "ref": "P147"
      },
      "geometry": {
        "type": "Point",
        "coordinates": [
          -34.918908,
          -8.116744
        ]
      },
      "id": "node/13112921312"
    },
    {
      "type": "Feature",
      "properties": {
        "@id": "node/13112921313",
        "access": "yes",
        "amenity": "bicycle_parking",
        "bicycle_parking": "stands",
        "capacity": "10",
        "covered": "no",
        "fee": "no",
        "name": "Aurora 01",
        "operator": "Prefeitura do Recife",
        "ref": "P146"
      },
      "geometry": {
        "type": "Point",
        "coordinates": [
          -34.879225,
          -8.05854
        ]
      },
      "id": "node/13112921313"
    },
    {
      "type": "Feature",
      "properties": {
        "@id": "node/13112921314",
        "access": "yes",
        "amenity": "bicycle_parking",
        "bicycle_parking": "stands",
        "capacity": "4",
        "covered": "no",
        "fee": "no",
        "name": "Academia da Cidade Polo Vila Um Por Todos",
        "operator": "Prefeitura do Recife",
        "ref": "P145"
      },
      "geometry": {
        "type": "Point",
        "coordinates": [
          -34.922394,
          -8.010338
        ]
      },
      "id": "node/13112921314"
    },
    {
      "type": "Feature",
      "properties": {
        "@id": "node/13112921315",
        "access": "yes",
        "amenity": "bicycle_parking",
        "bicycle_parking": "stands",
        "capacity": "10",
        "covered": "no",
        "fee": "no",
        "name": "Campo do Quinze",
        "operator": "Prefeitura do Recife",
        "ref": "P144"
      },
      "geometry": {
        "type": "Point",
        "coordinates": [
          -34.931329,
          -8.058297
        ]
      },
      "id": "node/13112921315"
    },
    {
      "type": "Feature",
      "properties": {
        "@id": "node/13112921316",
        "access": "yes",
        "amenity": "bicycle_parking",
        "bicycle_parking": "stands",
        "capacity": "10",
        "covered": "no",
        "fee": "no",
        "name": "Parque Arraial Novo do Bom Jesus",
        "operator": "Prefeitura do Recife",
        "ref": "P143"
      },
      "geometry": {
        "type": "Point",
        "coordinates": [
          -34.930798,
          -8.057218
        ]
      },
      "id": "node/13112921316"
    },
    {
      "type": "Feature",
      "properties": {
        "@id": "node/13112921317",
        "access": "yes",
        "amenity": "bicycle_parking",
        "bicycle_parking": "stands",
        "capacity": "10",
        "covered": "no",
        "fee": "no",
        "name": "Creche Municipal Menino Jesus da Bomba Grande",
        "operator": "Prefeitura do Recife",
        "ref": "P141"
      },
      "geometry": {
        "type": "Point",
        "coordinates": [
          -34.927898,
          -8.041813
        ]
      },
      "id": "node/13112921317"
    },
    {
      "type": "Feature",
      "properties": {
        "@id": "node/13112921318",
        "access": "yes",
        "amenity": "bicycle_parking",
        "bicycle_parking": "stands",
        "capacity": "10",
        "covered": "no",
        "fee": "no",
        "name": "Academia da Cidade Polo Lagoa do Araçá",
        "operator": "Prefeitura do Recife",
        "ref": "P140"
      },
      "geometry": {
        "type": "Point",
        "coordinates": [
          -34.913907,
          -8.096051
        ]
      },
      "id": "node/13112921318"
    },
    {
      "type": "Feature",
      "properties": {
        "@id": "node/13112921319",
        "access": "yes",
        "amenity": "bicycle_parking",
        "bicycle_parking": "stands",
        "capacity": "10",
        "covered": "no",
        "fee": "no",
        "name": "Escola Municipal Engenheiro Umberto Gondim",
        "operator": "Prefeitura do Recife",
        "ref": "P139"
      },
      "geometry": {
        "type": "Point",
        "coordinates": [
          -34.884016,
          -8.084774
        ]
      },
      "id": "node/13112921319"
    },
    {
      "type": "Feature",
      "properties": {
        "@id": "node/13112921320",
        "access": "yes",
        "amenity": "bicycle_parking",
        "bicycle_parking": "stands",
        "capacity": "10",
        "covered": "no",
        "fee": "no",
        "name": "Colégio Apoio Recife",
        "operator": "Prefeitura do Recife",
        "ref": "P138"
      },
      "geometry": {
        "type": "Point",
        "coordinates": [
          -34.913769,
          -8.029909
        ]
      },
      "id": "node/13112921320"
    },
    {
      "type": "Feature",
      "properties": {
        "@id": "node/13112921321",
        "access": "yes",
        "amenity": "bicycle_parking",
        "bicycle_parking": "stands",
        "capacity": "8",
        "covered": "no",
        "fee": "no",
        "name": "Sudene / Lindolfo Color",
        "operator": "Prefeitura do Recife",
        "ref": "P137"
      },
      "geometry": {
        "type": "Point",
        "coordinates": [
          -34.944924,
          -8.051418
        ]
      },
      "id": "node/13112921321"
    },
    {
      "type": "Feature",
      "properties": {
        "@id": "node/13112921322",
        "access": "yes",
        "amenity": "bicycle_parking",
        "bicycle_parking": "stands",
        "capacity": "10",
        "covered": "no",
        "fee": "no",
        "name": "Academia da Cidade - Polo San Martin",
        "operator": "Prefeitura do Recife",
        "ref": "P135"
      },
      "geometry": {
        "type": "Point",
        "coordinates": [
          -34.927623,
          -8.067027
        ]
      },
      "id": "node/13112921322"
    },
    {
      "type": "Feature",
      "properties": {
        "@id": "node/13112921323",
        "access": "yes",
        "amenity": "bicycle_parking",
        "bicycle_parking": "stands",
        "capacity": "10",
        "covered": "no",
        "fee": "no",
        "name": "Joana Bezerra",
        "operator": "Prefeitura do Recife",
        "ref": "P134"
      },
      "geometry": {
        "type": "Point",
        "coordinates": [
          -34.896131,
          -8.072979
        ]
      },
      "id": "node/13112921323"
    },
    {
      "type": "Feature",
      "properties": {
        "@id": "node/13112921324",
        "access": "yes",
        "amenity": "bicycle_parking",
        "bicycle_parking": "stands",
        "capacity": "10",
        "covered": "no",
        "fee": "no",
        "name": "Morro da Conceição",
        "operator": "Prefeitura do Recife",
        "ref": "P133"
      },
      "geometry": {
        "type": "Point",
        "coordinates": [
          -34.915053,
          -8.019519
        ]
      },
      "id": "node/13112921324"
    },
    {
      "type": "Feature",
      "properties": {
        "@id": "node/13112921325",
        "access": "yes",
        "amenity": "bicycle_parking",
        "bicycle_parking": "stands",
        "capacity": "10",
        "covered": "no",
        "fee": "no",
        "name": "Encruzilhada / Av. Norte",
        "operator": "Prefeitura do Recife",
        "ref": "P132"
      },
      "geometry": {
        "type": "Point",
        "coordinates": [
          -34.891961,
          -8.038346
        ]
      },
      "id": "node/13112921325"
    },
    {
      "type": "Feature",
      "properties": {
        "@id": "node/13112921326",
        "access": "yes",
        "amenity": "bicycle_parking",
        "bicycle_parking": "stands",
        "capacity": "10",
        "covered": "no",
        "fee": "no",
        "name": "Frei Cassimiro 01",
        "operator": "Prefeitura do Recife",
        "ref": "P131"
      },
      "geometry": {
        "type": "Point",
        "coordinates": [
          -34.881036,
          -8.04607
        ]
      },
      "id": "node/13112921326"
    },
    {
      "type": "Feature",
      "properties": {
        "@id": "node/13112921327",
        "access": "yes",
        "amenity": "bicycle_parking",
        "bicycle_parking": "stands",
        "capacity": "10",
        "covered": "no",
        "fee": "no",
        "name": "Praça Melvin Jones",
        "operator": "Prefeitura do Recife",
        "ref": "P130"
      },
      "geometry": {
        "type": "Point",
        "coordinates": [
          -34.907253,
          -8.032921
        ]
      },
      "id": "node/13112921327"
    },
    {
      "type": "Feature",
      "properties": {
        "@id": "node/13112921328",
        "access": "yes",
        "amenity": "bicycle_parking",
        "bicycle_parking": "stands",
        "capacity": "10",
        "covered": "no",
        "fee": "no",
        "name": "Praça do Trabalho",
        "operator": "Prefeitura do Recife",
        "ref": "P129"
      },
      "geometry": {
        "type": "Point",
        "coordinates": [
          -34.914533,
          -8.023179
        ]
      },
      "id": "node/13112921328"
    },
    {
      "type": "Feature",
      "properties": {
        "@id": "node/13112921329",
        "access": "yes",
        "amenity": "bicycle_parking",
        "bicycle_parking": "stands",
        "capacity": "10",
        "covered": "no",
        "fee": "no",
        "name": "Praça de San Martin",
        "operator": "Prefeitura do Recife",
        "ref": "P128"
      },
      "geometry": {
        "type": "Point",
        "coordinates": [
          -34.928756,
          -8.070869
        ]
      },
      "id": "node/13112921329"
    },
    {
      "type": "Feature",
      "properties": {
        "@id": "node/13112921330",
        "access": "yes",
        "amenity": "bicycle_parking",
        "bicycle_parking": "stands",
        "capacity": "10",
        "covered": "no",
        "fee": "no",
        "name": "Praça Doutor Fernando Figueira",
        "operator": "Prefeitura do Recife",
        "ref": "P127"
      },
      "geometry": {
        "type": "Point",
        "coordinates": [
          -34.893379,
          -8.065171
        ]
      },
      "id": "node/13112921330"
    },
    {
      "type": "Feature",
      "properties": {
        "@id": "node/13112921331",
        "access": "yes",
        "amenity": "bicycle_parking",
        "bicycle_parking": "stands",
        "capacity": "8",
        "covered": "no",
        "fee": "no",
        "name": "Antônio Falcão",
        "operator": "Prefeitura do Recife",
        "ref": "P126"
      },
      "geometry": {
        "type": "Point",
        "coordinates": [
          -34.892993,
          -8.116877
        ]
      },
      "id": "node/13112921331"
    },
    {
      "type": "Feature",
      "properties": {
        "@id": "node/13112921332",
        "access": "yes",
        "amenity": "bicycle_parking",
        "bicycle_parking": "stands",
        "capacity": "10",
        "covered": "no",
        "fee": "no",
        "name": "Academia da Cidade Polo Praça do Poeta",
        "operator": "Prefeitura do Recife",
        "ref": "P125"
      },
      "geometry": {
        "type": "Point",
        "coordinates": [
          -34.950311,
          -8.034472
        ]
      },
      "id": "node/13112921332"
    },
    {
      "type": "Feature",
      "properties": {
        "@id": "node/13112921333",
        "access": "yes",
        "amenity": "bicycle_parking",
        "bicycle_parking": "stands",
        "capacity": "10",
        "covered": "no",
        "fee": "no",
        "name": "IFPE",
        "operator": "Prefeitura do Recife",
        "ref": "P124"
      },
      "geometry": {
        "type": "Point",
        "coordinates": [
          -34.949389,
          -8.058693
        ]
      },
      "id": "node/13112921333"
    },
    {
      "type": "Feature",
      "properties": {
        "@id": "node/13112921334",
        "access": "yes",
        "amenity": "bicycle_parking",
        "bicycle_parking": "stands",
        "capacity": "10",
        "covered": "no",
        "fee": "no",
        "name": "Academia Recife - Polo Engenho do Meio",
        "operator": "Prefeitura do Recife",
        "ref": "P123"
      },
      "geometry": {
        "type": "Point",
        "coordinates": [
          -34.943379,
          -8.057911
        ]
      },
      "id": "node/13112921334"
    },
    {
      "type": "Feature",
      "properties": {
        "@id": "node/13112921335",
        "access": "yes",
        "amenity": "bicycle_parking",
        "bicycle_parking": "stands",
        "capacity": "6",
        "covered": "no",
        "fee": "no",
        "name": "Geraldão",
        "operator": "Prefeitura do Recife",
        "ref": "P122"
      },
      "geometry": {
        "type": "Point",
        "coordinates": [
          -34.912957,
          -8.116765
        ]
      },
      "id": "node/13112921335"
    },
    {
      "type": "Feature",
      "properties": {
        "@id": "node/13112921336",
        "access": "yes",
        "amenity": "bicycle_parking",
        "bicycle_parking": "stands",
        "capacity": "10",
        "covered": "no",
        "fee": "no",
        "name": "Largo da Encruzilhada",
        "operator": "Prefeitura do Recife",
        "ref": "P121"
      },
      "geometry": {
        "type": "Point",
        "coordinates": [
          -34.891521,
          -8.037412
        ]
      },
      "id": "node/13112921336"
    },
    {
      "type": "Feature",
      "properties": {
        "@id": "node/13112921337",
        "access": "yes",
        "amenity": "bicycle_parking",
        "bicycle_parking": "stands",
        "capacity": "4",
        "covered": "no",
        "fee": "no",
        "name": "Academia Recife - Polo Lagoa do Araçá",
        "operator": "Prefeitura do Recife",
        "ref": "P120"
      },
      "geometry": {
        "type": "Point",
        "coordinates": [
          -34.915446,
          -8.096438
        ]
      },
      "id": "node/13112921337"
    },
    {
      "type": "Feature",
      "properties": {
        "@id": "node/13112921338",
        "access": "yes",
        "amenity": "bicycle_parking",
        "bicycle_parking": "stands",
        "capacity": "10",
        "covered": "no",
        "fee": "no",
        "name": "Academia da Cidade Polo Roda de Fogo",
        "operator": "Prefeitura do Recife",
        "ref": "P119"
      },
      "geometry": {
        "type": "Point",
        "coordinates": [
          -34.937166,
          -8.057904
        ]
      },
      "id": "node/13112921338"
    },
    {
      "type": "Feature",
      "properties": {
        "@id": "node/13112921339",
        "access": "yes",
        "amenity": "bicycle_parking",
        "bicycle_parking": "stands",
        "capacity": "10",
        "covered": "no",
        "fee": "no",
        "name": "Academia Recife - Polo Barro",
        "operator": "Prefeitura do Recife",
        "ref": "P118"
      },
      "geometry": {
        "type": "Point",
        "coordinates": [
          -34.940371,
          -8.089444
        ]
      },
      "id": "node/13112921339"
    },
    {
      "type": "Feature",
      "properties": {
        "@id": "node/13112921340",
        "access": "yes",
        "amenity": "bicycle_parking",
        "bicycle_parking": "stands",
        "capacity": "6",
        "covered": "no",
        "fee": "no",
        "name": "Praça do ABC 02",
        "operator": "Prefeitura do Recife",
        "ref": "P117"
      },
      "geometry": {
        "type": "Point",
        "coordinates": [
          -34.918629,
          -8.073318
        ]
      },
      "id": "node/13112921340"
    },
    {
      "type": "Feature",
      "properties": {
        "@id": "node/13112921341",
        "access": "yes",
        "amenity": "bicycle_parking",
        "bicycle_parking": "stands",
        "capacity": "6",
        "covered": "no",
        "fee": "no",
        "name": "Academia da Cidade - Polo Cajueiro",
        "operator": "Prefeitura do Recife",
        "ref": "P116"
      },
      "geometry": {
        "type": "Point",
        "coordinates": [
          -34.883104,
          -8.013948
        ]
      },
      "id": "node/13112921341"
    },
    {
      "type": "Feature",
      "properties": {
        "@id": "node/13112921342",
        "access": "yes",
        "amenity": "bicycle_parking",
        "bicycle_parking": "stands",
        "capacity": "4",
        "covered": "no",
        "fee": "no",
        "name": "Academia Recife - Polo Casa Amarela 02",
        "operator": "Prefeitura do Recife",
        "ref": "P115"
      },
      "geometry": {
        "type": "Point",
        "coordinates": [
          -34.915835,
          -8.022155
        ]
      },
      "id": "node/13112921342"
    },
    {
      "type": "Feature",
      "properties": {
        "@id": "node/13112921343",
        "access": "yes",
        "amenity": "bicycle_parking",
        "bicycle_parking": "stands",
        "capacity": "10",
        "covered": "no",
        "fee": "no",
        "name": "Academia Recife - Polo Água Fria",
        "operator": "Prefeitura do Recife",
        "ref": "P114"
      },
      "geometry": {
        "type": "Point",
        "coordinates": [
          -34.888924,
          -8.009416
        ]
      },
      "id": "node/13112921343"
    },
    {
      "type": "Feature",
      "properties": {
        "@id": "node/13112921344",
        "access": "yes",
        "amenity": "bicycle_parking",
        "bicycle_parking": "stands",
        "capacity": "4",
        "covered": "no",
        "fee": "no",
        "name": "Rua da Palma 02",
        "operator": "Prefeitura do Recife",
        "ref": "P113"
      },
      "geometry": {
        "type": "Point",
        "coordinates": [
          -34.880346,
          -8.064066
        ]
      },
      "id": "node/13112921344"
    },
    {
      "type": "Feature",
      "properties": {
        "@id": "node/13112921345",
        "access": "yes",
        "amenity": "bicycle_parking",
        "bicycle_parking": "stands",
        "capacity": "10",
        "covered": "no",
        "fee": "no",
        "name": "Academia Recife e da Cidade - Polo Coque",
        "operator": "Prefeitura do Recife",
        "ref": "P112"
      },
      "geometry": {
        "type": "Point",
        "coordinates": [
          -34.897055,
          -8.069898
        ]
      },
      "id": "node/13112921345"
    },
    {
      "type": "Feature",
      "properties": {
        "@id": "node/13112921346",
        "access": "yes",
        "amenity": "bicycle_parking",
        "bicycle_parking": "stands",
        "capacity": "10",
        "covered": "no",
        "fee": "no",
        "name": "Academia da Cidade - Polo Santo Amaro",
        "operator": "Prefeitura do Recife",
        "ref": "P111"
      },
      "geometry": {
        "type": "Point",
        "coordinates": [
          -34.877564,
          -8.039529
        ]
      },
      "id": "node/13112921346"
    },
    {
      "type": "Feature",
      "properties": {
        "@id": "node/13112921347",
        "access": "yes",
        "amenity": "bicycle_parking",
        "bicycle_parking": "stands",
        "capacity": "10",
        "covered": "no",
        "fee": "no",
        "name": "Academia Recife - Polo Santo Amaro",
        "operator": "Prefeitura do Recife",
        "ref": "P110"
      },
      "geometry": {
        "type": "Point",
        "coordinates": [
          -34.888056,
          -8.044548
        ]
      },
      "id": "node/13112921347"
    },
    {
      "type": "Feature",
      "properties": {
        "@id": "node/13112921348",
        "access": "yes",
        "amenity": "bicycle_parking",
        "bicycle_parking": "stands",
        "capacity": "4",
        "covered": "no",
        "fee": "no",
        "name": "USF Alto do Capitão/ Academia da Cidade 02",
        "operator": "Prefeitura do Recife",
        "ref": "P109"
      },
      "geometry": {
        "type": "Point",
        "coordinates": [
          -34.914073,
          -7.999891
        ]
      },
      "id": "node/13112921348"
    },
    {
      "type": "Feature",
      "properties": {
        "@id": "node/13112921349",
        "access": "yes",
        "amenity": "bicycle_parking",
        "bicycle_parking": "stands",
        "capacity": "10",
        "covered": "no",
        "fee": "no",
        "name": "Praça do Hipódromo/Academia Recife",
        "operator": "Prefeitura do Recife",
        "ref": "P108"
      },
      "geometry": {
        "type": "Point",
        "coordinates": [
          -34.886958,
          -8.031969
        ]
      },
      "id": "node/13112921349"
    },
    {
      "type": "Feature",
      "properties": {
        "@id": "node/13112921350",
        "access": "yes",
        "amenity": "bicycle_parking",
        "bicycle_parking": "stands",
        "capacity": "10",
        "covered": "no",
        "fee": "no",
        "name": "Pátio Santa Cruz",
        "operator": "Prefeitura do Recife",
        "ref": "P107"
      },
      "geometry": {
        "type": "Point",
        "coordinates": [
          -34.887995,
          -8.062182
        ]
      },
      "id": "node/13112921350"
    },
    {
      "type": "Feature",
      "properties": {
        "@id": "node/13112921351",
        "access": "yes",
        "amenity": "bicycle_parking",
        "bicycle_parking": "stands",
        "capacity": "10",
        "covered": "no",
        "fee": "no",
        "name": "Parque da Macaxeira",
        "operator": "Prefeitura do Recife",
        "ref": "P106"
      },
      "geometry": {
        "type": "Point",
        "coordinates": [
          -34.932187,
          -8.016489
        ]
      },
      "id": "node/13112921351"
    },
    {
      "type": "Feature",
      "properties": {
        "@id": "node/13112921352",
        "access": "yes",
        "amenity": "bicycle_parking",
        "bicycle_parking": "stands",
        "capacity": "10",
        "covered": "no",
        "fee": "no",
        "name": "Praça da Torre",
        "operator": "Prefeitura do Recife",
        "ref": "P105"
      },
      "geometry": {
        "type": "Point",
        "coordinates": [
          -34.913747,
          -8.046486
        ]
      },
      "id": "node/13112921352"
    },
    {
      "type": "Feature",
      "properties": {
        "@id": "node/13112921353",
        "access": "yes",
        "amenity": "bicycle_parking",
        "bicycle_parking": "stands",
        "capacity": "10",
        "covered": "no",
        "fee": "no",
        "name": "Canal do Cavouco 01",
        "operator": "Prefeitura do Recife",
        "ref": "P104"
      },
      "geometry": {
        "type": "Point",
        "coordinates": [
          -34.931581,
          -8.04531
        ]
      },
      "id": "node/13112921353"
    },
    {
      "type": "Feature",
      "properties": {
        "@id": "node/13112921354",
        "access": "yes",
        "amenity": "bicycle_parking",
        "bicycle_parking": "stands",
        "capacity": "10",
        "covered": "no",
        "fee": "no",
        "name": "Praça de Parnamirim",
        "operator": "Prefeitura do Recife",
        "ref": "P103"
      },
      "geometry": {
        "type": "Point",
        "coordinates": [
          -34.910138,
          -8.033238
        ]
      },
      "id": "node/13112921354"
    },
    {
      "type": "Feature",
      "properties": {
        "@id": "node/13112921355",
        "access": "yes",
        "amenity": "bicycle_parking",
        "bicycle_parking": "stands",
        "capacity": "10",
        "covered": "no",
        "fee": "no",
        "name": "UPE/Reitoria",
        "operator": "Prefeitura do Recife",
        "ref": "P102"
      },
      "geometry": {
        "type": "Point",
        "coordinates": [
          -34.886373,
          -8.043641
        ]
      },
      "id": "node/13112921355"
    },
    {
      "type": "Feature",
      "properties": {
        "@id": "node/13112921356",
        "access": "yes",
        "amenity": "bicycle_parking",
        "bicycle_parking": "stands",
        "capacity": "4",
        "covered": "no",
        "fee": "no",
        "name": "Teatro do Parque 02",
        "operator": "Prefeitura do Recife",
        "ref": "P101"
      },
      "geometry": {
        "type": "Point",
        "coordinates": [
          -34.884729,
          -8.062083
        ]
      },
      "id": "node/13112921356"
    },
    {
      "type": "Feature",
      "properties": {
        "@id": "node/13112921357",
        "access": "yes",
        "amenity": "bicycle_parking",
        "bicycle_parking": "stands",
        "capacity": "10",
        "covered": "no",
        "fee": "no",
        "name": "Avenida Guararapes 03 (Canteiro)",
        "operator": "Prefeitura do Recife",
        "ref": "P100"
      },
      "geometry": {
        "type": "Point",
        "coordinates": [
          -34.880218,
          -8.06284
        ]
      },
      "id": "node/13112921357"
    },
    {
      "type": "Feature",
      "properties": {
        "@id": "node/13112921358",
        "access": "yes",
        "amenity": "bicycle_parking",
        "bicycle_parking": "stands",
        "capacity": "4",
        "covered": "no",
        "fee": "no",
        "name": "Avenida Guararapes 02 (Correios)",
        "operator": "Prefeitura do Recife",
        "ref": "P099"
      },
      "geometry": {
        "type": "Point",
        "coordinates": [
          -34.880231,
          -8.062696
        ]
      },
      "id": "node/13112921358"
    },
    {
      "type": "Feature",
      "properties": {
        "@id": "node/13112921359",
        "access": "yes",
        "amenity": "bicycle_parking",
        "bicycle_parking": "stands",
        "capacity": "10",
        "covered": "no",
        "fee": "no",
        "name": "Upinha CHIÉ",
        "operator": "Prefeitura do Recife",
        "ref": "P098"
      },
      "geometry": {
        "type": "Point",
        "coordinates": [
          -34.87419,
          -8.037299
        ]
      },
      "id": "node/13112921359"
    },
    {
      "type": "Feature",
      "properties": {
        "@id": "node/13112921360",
        "access": "yes",
        "amenity": "bicycle_parking",
        "bicycle_parking": "stands",
        "capacity": "10",
        "covered": "no",
        "fee": "no",
        "name": "Soledade",
        "operator": "Prefeitura do Recife",
        "ref": "P097"
      },
      "geometry": {
        "type": "Point",
        "coordinates": [
          -34.889887,
          -8.057979
        ]
      },
      "id": "node/13112921360"
    },
    {
      "type": "Feature",
      "properties": {
        "@id": "node/13112921361",
        "access": "yes",
        "amenity": "bicycle_parking",
        "bicycle_parking": "stands",
        "capacity": "10",
        "covered": "no",
        "fee": "no",
        "name": "Praça do Derby",
        "operator": "Prefeitura do Recife",
        "ref": "P096"
      },
      "geometry": {
        "type": "Point",
        "coordinates": [
          -34.899204,
          -8.055936
        ]
      },
      "id": "node/13112921361"
    },
    {
      "type": "Feature",
      "properties": {
        "@id": "node/13112921362",
        "access": "yes",
        "amenity": "bicycle_parking",
        "bicycle_parking": "stands",
        "capacity": "10",
        "covered": "no",
        "fee": "no",
        "name": "Praça do Rosarinho",
        "operator": "Prefeitura do Recife",
        "ref": "P095"
      },
      "geometry": {
        "type": "Point",
        "coordinates": [
          -34.896634,
          -8.03307
        ]
      },
      "id": "node/13112921362"
    },
    {
      "type": "Feature",
      "properties": {
        "@id": "node/13112921363",
        "access": "yes",
        "amenity": "bicycle_parking",
        "bicycle_parking": "stands",
        "capacity": "8",
        "covered": "no",
        "fee": "no",
        "name": "Academia da Cidade de Campo Grande",
        "operator": "Prefeitura do Recife",
        "ref": "P094"
      },
      "geometry": {
        "type": "Point",
        "coordinates": [
          -34.875846,
          -8.03779
        ]
      },
      "id": "node/13112921363"
    },
    {
      "type": "Feature",
      "properties": {
        "@id": "node/13112921364",
        "access": "yes",
        "amenity": "bicycle_parking",
        "bicycle_parking": "stands",
        "capacity": "10",
        "covered": "no",
        "fee": "no",
        "name": "Praça do Engenho do Meio",
        "operator": "Prefeitura do Recife",
        "ref": "P093"
      },
      "geometry": {
        "type": "Point",
        "coordinates": [
          -34.942139,
          -8.057373
        ]
      },
      "id": "node/13112921364"
    },
    {
      "type": "Feature",
      "properties": {
        "@id": "node/13112921365",
        "access": "yes",
        "amenity": "bicycle_parking",
        "bicycle_parking": "stands",
        "capacity": "10",
        "covered": "no",
        "fee": "no",
        "name": "Praça de Jardim São Paulo 01",
        "operator": "Prefeitura do Recife",
        "ref": "P092"
      },
      "geometry": {
        "type": "Point",
        "coordinates": [
          -34.938746,
          -8.081651
        ]
      },
      "id": "node/13112921365"
    },
    {
      "type": "Feature",
      "properties": {
        "@id": "node/13112921366",
        "access": "yes",
        "amenity": "bicycle_parking",
        "bicycle_parking": "stands",
        "capacity": "20",
        "covered": "no",
        "fee": "no",
        "name": "EREM João Bezerra",
        "operator": "Prefeitura do Recife",
        "ref": "P091"
      },
      "geometry": {
        "type": "Point",
        "coordinates": [
          -34.882871,
          -8.085991
        ]
      },
      "id": "node/13112921366"
    },
    {
      "type": "Feature",
      "properties": {
        "@id": "node/13112921367",
        "access": "yes",
        "amenity": "bicycle_parking",
        "bicycle_parking": "stands",
        "capacity": "6",
        "covered": "no",
        "fee": "no",
        "name": "Redesenho - Rua das Oficinas",
        "operator": "Prefeitura do Recife",
        "ref": "P090"
      },
      "geometry": {
        "type": "Point",
        "coordinates": [
          -34.884067,
          -8.084801
        ]
      },
      "id": "node/13112921367"
    },
    {
      "type": "Feature",
      "properties": {
        "@id": "node/13112921368",
        "access": "yes",
        "amenity": "bicycle_parking",
        "bicycle_parking": "stands",
        "capacity": "10",
        "covered": "no",
        "fee": "no",
        "name": "Sede CTTU",
        "operator": "Prefeitura do Recife",
        "ref": "P089"
      },
      "geometry": {
        "type": "Point",
        "coordinates": [
          -34.879766,
          -8.05152
        ]
      },
      "id": "node/13112921368"
    },
    {
      "type": "Feature",
      "properties": {
        "@id": "node/13112921369",
        "access": "yes",
        "amenity": "bicycle_parking",
        "bicycle_parking": "stands",
        "capacity": "8",
        "covered": "no",
        "fee": "no",
        "name": "Parque 13 de Maio",
        "operator": "Prefeitura do Recife",
        "ref": "P088"
      },
      "geometry": {
        "type": "Point",
        "coordinates": [
          -34.881962,
          -8.056721
        ]
      },
      "id": "node/13112921369"
    },
    {
      "type": "Feature",
      "properties": {
        "@id": "node/13112921370",
        "access": "yes",
        "amenity": "bicycle_parking",
        "bicycle_parking": "stands",
        "capacity": "14",
        "covered": "no",
        "fee": "no",
        "name": "Cais do Imperador",
        "operator": "Prefeitura do Recife",
        "ref": "P086"
      },
      "geometry": {
        "type": "Point",
        "coordinates": [
          -34.876178,
          -8.065162
        ]
      },
      "id": "node/13112921370"
    },
    {
      "type": "Feature",
      "properties": {
        "@id": "node/13112921371",
        "access": "yes",
        "amenity": "bicycle_parking",
        "bicycle_parking": "stands",
        "capacity": "20",
        "covered": "no",
        "fee": "no",
        "name": "Fórum Desembargador Rodolfo Aureliano",
        "operator": "Prefeitura do Recife",
        "ref": "P085"
      },
      "geometry": {
        "type": "Point",
        "coordinates": [
          -34.894387,
          -8.071099
        ]
      },
      "id": "node/13112921371"
    },
    {
      "type": "Feature",
      "properties": {
        "@id": "node/13112921372",
        "access": "yes",
        "amenity": "bicycle_parking",
        "bicycle_parking": "stands",
        "capacity": "10",
        "covered": "no",
        "fee": "no",
        "name": "Centro Esportivo Santos Dumont",
        "operator": "Prefeitura do Recife",
        "ref": "P084"
      },
      "geometry": {
        "type": "Point",
        "coordinates": [
          -34.908555,
          -8.131018
        ]
      },
      "id": "node/13112921372"
    },
    {
      "type": "Feature",
      "properties": {
        "@id": "node/13112921373",
        "access": "yes",
        "amenity": "bicycle_parking",
        "bicycle_parking": "stands",
        "capacity": "4",
        "covered": "no",
        "fee": "no",
        "name": "COMPAZ Escritor Ariano Suassuna",
        "operator": "Prefeitura do Recife",
        "ref": "P080"
      },
      "geometry": {
        "type": "Point",
        "coordinates": [
          -34.92586,
          -8.059966
        ]
      },
      "id": "node/13112921373"
    },
    {
      "type": "Feature",
      "properties": {
        "@id": "node/13112921374",
        "access": "yes",
        "amenity": "bicycle_parking",
        "bicycle_parking": "stands",
        "capacity": "20",
        "covered": "no",
        "fee": "no",
        "name": "Rua da Aurora",
        "operator": "Prefeitura do Recife",
        "ref": "P078"
      },
      "geometry": {
        "type": "Point",
        "coordinates": [
          -34.877185,
          -8.055309
        ]
      },
      "id": "node/13112921374"
    },
    {
      "type": "Feature",
      "properties": {
        "@id": "node/13112921375",
        "access": "yes",
        "amenity": "bicycle_parking",
        "bicycle_parking": "stands",
        "capacity": "8",
        "covered": "no",
        "fee": "no",
        "name": "TI Getúlio Vargas 01",
        "operator": "Prefeitura do Recife",
        "ref": "P077"
      },
      "geometry": {
        "type": "Point",
        "coordinates": [
          -34.921197,
          -8.050516
        ]
      },
      "id": "node/13112921375"
    },
    {
      "type": "Feature",
      "properties": {
        "@id": "node/13112921376",
        "access": "yes",
        "amenity": "bicycle_parking",
        "bicycle_parking": "stands",
        "capacity": "8",
        "covered": "no",
        "fee": "no",
        "name": "Academia Recife - Praça do ABC",
        "operator": "Prefeitura do Recife",
        "ref": "P076"
      },
      "geometry": {
        "type": "Point",
        "coordinates": [
          -34.91878,
          -8.07308
        ]
      },
      "id": "node/13112921376"
    },
    {
      "type": "Feature",
      "properties": {
        "@id": "node/13112921377",
        "access": "yes",
        "amenity": "bicycle_parking",
        "bicycle_parking": "stands",
        "capacity": "18",
        "covered": "no",
        "fee": "no",
        "name": "Jardim Botânico do Recife",
        "operator": "Prefeitura do Recife",
        "ref": "P075"
      },
      "geometry": {
        "type": "Point",
        "coordinates": [
          -34.966685,
          -8.076034
        ]
      },
      "id": "node/13112921377"
    },
    {
      "type": "Feature",
      "properties": {
        "@id": "node/13112921378",
        "access": "yes",
        "amenity": "bicycle_parking",
        "bicycle_parking": "stands",
        "capacity": "4",
        "covered": "no",
        "fee": "no",
        "name": "Mercado da Encruzilhada",
        "operator": "Prefeitura do Recife",
        "ref": "P074"
      },
      "geometry": {
        "type": "Point",
        "coordinates": [
          -34.892143,
          -8.037227
        ]
      },
      "id": "node/13112921378"
    },
    {
      "type": "Feature",
      "properties": {
        "@id": "node/13112921379",
        "access": "yes",
        "amenity": "bicycle_parking",
        "bicycle_parking": "stands",
        "capacity": "4",
        "covered": "no",
        "fee": "no",
        "name": "Parque da Jaqueira",
        "operator": "Prefeitura do Recife",
        "ref": "P072"
      },
      "geometry": {
        "type": "Point",
        "coordinates": [
          -34.90451,
          -8.036719
        ]
      },
      "id": "node/13112921379"
    },
    {
      "type": "Feature",
      "properties": {
        "@id": "node/13112921380",
        "access": "yes",
        "amenity": "bicycle_parking",
        "bicycle_parking": "stands",
        "capacity": "10",
        "covered": "no",
        "fee": "no",
        "name": "Compaz Governador Eduardo Campos",
        "operator": "Prefeitura do Recife",
        "ref": "P071"
      },
      "geometry": {
        "type": "Point",
        "coordinates": [
          -34.90274,
          -8.010439
        ]
      },
      "id": "node/13112921380"
    },
    {
      "type": "Feature",
      "properties": {
        "@id": "node/13112921381",
        "access": "yes",
        "amenity": "bicycle_parking",
        "bicycle_parking": "stands",
        "capacity": "11",
        "covered": "no",
        "fee": "no",
        "name": "Praça Barão de Caiara",
        "operator": "Prefeitura do Recife",
        "ref": "P070"
      },
      "geometry": {
        "type": "Point",
        "coordinates": [
          -34.911451,
          -8.03877
        ]
      },
      "id": "node/13112921381"
    },
    {
      "type": "Feature",
      "properties": {
        "@id": "node/13112921382",
        "access": "yes",
        "amenity": "bicycle_parking",
        "bicycle_parking": "stands",
        "capacity": "34",
        "covered": "no",
        "fee": "no",
        "name": "Parque da Macaxeira",
        "operator": "Prefeitura do Recife",
        "ref": "P067"
      },
      "geometry": {
        "type": "Point",
        "coordinates": [
          -34.9324,
          -8.015638
        ]
      },
      "id": "node/13112921382"
    },
    {
      "type": "Feature",
      "properties": {
        "@id": "node/13112921383",
        "access": "yes",
        "amenity": "bicycle_parking",
        "bicycle_parking": "stands",
        "capacity": "12",
        "covered": "no",
        "fee": "no",
        "name": "ABRE",
        "operator": "Prefeitura do Recife",
        "ref": "P066"
      },
      "geometry": {
        "type": "Point",
        "coordinates": [
          -34.892448,
          -8.056592
        ]
      },
      "id": "node/13112921383"
    },
    {
      "type": "Feature",
      "properties": {
        "@id": "node/13112921384",
        "access": "yes",
        "amenity": "bicycle_parking",
        "bicycle_parking": "stands",
        "capacity": "12",
        "covered": "no",
        "fee": "no",
        "name": "Fafire",
        "operator": "Prefeitura do Recife",
        "ref": "P065"
      },
      "geometry": {
        "type": "Point",
        "coordinates": [
          -34.889372,
          -8.05801
        ]
      },
      "id": "node/13112921384"
    },
    {
      "type": "Feature",
      "properties": {
        "@id": "node/13112921385",
        "access": "yes",
        "amenity": "bicycle_parking",
        "bicycle_parking": "stands",
        "capacity": "12",
        "covered": "no",
        "fee": "no",
        "name": "Shopping Boa Vista",
        "operator": "Prefeitura do Recife",
        "ref": "P063"
      },
      "geometry": {
        "type": "Point",
        "coordinates": [
          -34.887418,
          -8.059141
        ]
      },
      "id": "node/13112921385"
    },
    {
      "type": "Feature",
      "properties": {
        "@id": "node/13112921386",
        "access": "yes",
        "amenity": "bicycle_parking",
        "bicycle_parking": "stands",
        "capacity": "12",
        "covered": "no",
        "fee": "no",
        "name": "Avenida Conde da Boa Vista",
        "operator": "Prefeitura do Recife",
        "ref": "P062"
      },
      "geometry": {
        "type": "Point",
        "coordinates": [
          -34.882883,
          -8.061331
        ]
      },
      "id": "node/13112921386"
    },
    {
      "type": "Feature",
      "properties": {
        "@id": "node/13112921387",
        "access": "yes",
        "amenity": "bicycle_parking",
        "bicycle_parking": "stands",
        "capacity": "12",
        "covered": "no",
        "fee": "no",
        "name": "Avenida Conde da Boa Vista",
        "operator": "Prefeitura do Recife",
        "ref": "P061"
      },
      "geometry": {
        "type": "Point",
        "coordinates": [
          -34.881751,
          -8.061865
        ]
      },
      "id": "node/13112921387"
    },
    {
      "type": "Feature",
      "properties": {
        "@id": "node/13112921388",
        "access": "yes",
        "amenity": "bicycle_parking",
        "bicycle_parking": "stands",
        "capacity": "10",
        "covered": "no",
        "fee": "no",
        "name": "Parque 13 de Maio",
        "operator": "Prefeitura do Recife",
        "ref": "P060"
      },
      "geometry": {
        "type": "Point",
        "coordinates": [
          -34.882549,
          -8.056494
        ]
      },
      "id": "node/13112921388"
    },
    {
      "type": "Feature",
      "properties": {
        "@id": "node/13112921389",
        "access": "yes",
        "amenity": "bicycle_parking",
        "bicycle_parking": "stands",
        "capacity": "52",
        "covered": "no",
        "fee": "no",
        "name": "Senai",
        "operator": "Prefeitura do Recife",
        "ref": "P057"
      },
      "geometry": {
        "type": "Point",
        "coordinates": [
          -34.877902,
          -8.046954
        ]
      },
      "id": "node/13112921389"
    },
    {
      "type": "Feature",
      "properties": {
        "@id": "node/13112921390",
        "access": "yes",
        "amenity": "bicycle_parking",
        "bicycle_parking": "stands",
        "capacity": "10",
        "covered": "no",
        "fee": "no",
        "name": "Mercado Madalena",
        "operator": "Prefeitura do Recife",
        "ref": "P056"
      },
      "geometry": {
        "type": "Point",
        "coordinates": [
          -34.908875,
          -8.052561
        ]
      },
      "id": "node/13112921390"
    },
    {
      "type": "Feature",
      "properties": {
        "@id": "node/13112921391",
        "access": "yes",
        "amenity": "bicycle_parking",
        "bicycle_parking": "stands",
        "capacity": "10",
        "covered": "no",
        "fee": "no",
        "name": "Rua Gen. José Semeão",
        "operator": "Prefeitura do Recife",
        "ref": "P055"
      },
      "geometry": {
        "type": "Point",
        "coordinates": [
          -34.886579,
          -8.055233
        ]
      },
      "id": "node/13112921391"
    },
    {
      "type": "Feature",
      "properties": {
        "@id": "node/13112921392",
        "access": "yes",
        "amenity": "bicycle_parking",
        "bicycle_parking": "stands",
        "capacity": "12",
        "covered": "no",
        "fee": "no",
        "name": "Paço Alfândega",
        "operator": "Prefeitura do Recife",
        "ref": "P048"
      },
      "geometry": {
        "type": "Point",
        "coordinates": [
          -34.873615,
          -8.065165
        ]
      },
      "id": "node/13112921392"
    },
    {
      "type": "Feature",
      "properties": {
        "@id": "node/13112921393",
        "access": "yes",
        "amenity": "bicycle_parking",
        "bicycle_parking": "stands",
        "capacity": "17",
        "covered": "no",
        "fee": "no",
        "name": "Parque Caiara",
        "operator": "Prefeitura do Recife",
        "ref": "P043"
      },
      "geometry": {
        "type": "Point",
        "coordinates": [
          -34.928387,
          -8.03861
        ]
      },
      "id": "node/13112921393"
    },
    {
      "type": "Feature",
      "properties": {
        "@id": "node/13112921394",
        "access": "yes",
        "amenity": "bicycle_parking",
        "bicycle_parking": "stands",
        "capacity": "28",
        "covered": "no",
        "fee": "no",
        "name": "Mercado do Cordeiro",
        "operator": "Prefeitura do Recife",
        "ref": "P042"
      },
      "geometry": {
        "type": "Point",
        "coordinates": [
          -34.921254,
          -8.051709
        ]
      },
      "id": "node/13112921394"
    },
    {
      "type": "Feature",
      "properties": {
        "@id": "node/13112921395",
        "access": "yes",
        "amenity": "bicycle_parking",
        "bicycle_parking": "stands",
        "capacity": "26",
        "covered": "no",
        "fee": "no",
        "name": "Mercado de Água Fria / Beberibe",
        "operator": "Prefeitura do Recife",
        "ref": "P041"
      },
      "geometry": {
        "type": "Point",
        "coordinates": [
          -34.894536,
          -8.019887
        ]
      },
      "id": "node/13112921395"
    },
    {
      "type": "Feature",
      "properties": {
        "@id": "node/13112921396",
        "access": "yes",
        "amenity": "bicycle_parking",
        "bicycle_parking": "stands",
        "covered": "no",
        "fee": "no",
        "operator": "Prefeitura do Recife",
        "ref": "P036"
      },
      "geometry": {
        "type": "Point",
        "coordinates": [
          -34.887297,
          -8.105262
        ]
      },
      "id": "node/13112921396"
    },
    {
      "type": "Feature",
      "properties": {
        "@id": "node/13112921397",
        "access": "yes",
        "amenity": "bicycle_parking",
        "bicycle_parking": "stands",
        "capacity": "8",
        "covered": "no",
        "fee": "no",
        "name": "Orla do Pina - JCPM",
        "operator": "Prefeitura do Recife",
        "ref": "P033"
      },
      "geometry": {
        "type": "Point",
        "coordinates": [
          -34.881748,
          -8.090842
        ]
      },
      "id": "node/13112921397"
    },
    {
      "type": "Feature",
      "properties": {
        "@id": "node/13112921398",
        "access": "yes",
        "amenity": "bicycle_parking",
        "bicycle_parking": "stands",
        "capacity": "10",
        "covered": "no",
        "fee": "no",
        "name": "Parque Dona Lindú 01",
        "operator": "Prefeitura do Recife",
        "ref": "P031"
      },
      "geometry": {
        "type": "Point",
        "coordinates": [
          -34.903987,
          -8.140958
        ]
      },
      "id": "node/13112921398"
    },
    {
      "type": "Feature",
      "properties": {
        "@id": "node/13112921399",
        "access": "yes",
        "amenity": "bicycle_parking",
        "bicycle_parking": "stands",
        "capacity": "2",
        "covered": "no",
        "fee": "no",
        "name": "Rua da Palma",
        "operator": "Prefeitura do Recife",
        "ref": "P029"
      },
      "geometry": {
        "type": "Point",
        "coordinates": [
          -34.880214,
          -8.063604
        ]
      },
      "id": "node/13112921399"
    },
    {
      "type": "Feature",
      "properties": {
        "@id": "node/13112921400",
        "access": "yes",
        "amenity": "bicycle_parking",
        "bicycle_parking": "stands",
        "capacity": "4",
        "covered": "no",
        "fee": "no",
        "name": "Pátio do Carmo",
        "operator": "Prefeitura do Recife",
        "ref": "P028"
      },
      "geometry": {
        "type": "Point",
        "coordinates": [
          -34.879381,
          -8.066437
        ]
      },
      "id": "node/13112921400"
    },
    {
      "type": "Feature",
      "properties": {
        "@id": "node/13112921401",
        "access": "yes",
        "amenity": "bicycle_parking",
        "bicycle_parking": "stands",
        "capacity": "6",
        "covered": "no",
        "fee": "no",
        "name": "Praça Noel Rodrigues",
        "operator": "Prefeitura do Recife",
        "ref": "P027"
      },
      "geometry": {
        "type": "Point",
        "coordinates": [
          -34.927322,
          -8.066792
        ]
      },
      "id": "node/13112921401"
    },
    {
      "type": "Feature",
      "properties": {
        "@id": "node/13112921402",
        "access": "yes",
        "amenity": "bicycle_parking",
        "bicycle_parking": "stands",
        "capacity": "10",
        "covered": "no",
        "fee": "no",
        "name": "Praça da Convenção",
        "operator": "Prefeitura do Recife",
        "ref": "P026"
      },
      "geometry": {
        "type": "Point",
        "coordinates": [
          -34.897725,
          -8.002664
        ]
      },
      "id": "node/13112921402"
    },
    {
      "type": "Feature",
      "properties": {
        "@id": "node/13112921403",
        "access": "yes",
        "amenity": "bicycle_parking",
        "bicycle_parking": "stands",
        "capacity": "4",
        "covered": "no",
        "fee": "no",
        "name": "Mercado da Boa Vista",
        "operator": "Prefeitura do Recife",
        "ref": "P025"
      },
      "geometry": {
        "type": "Point",
        "coordinates": [
          -34.888635,
          -8.063164
        ]
      },
      "id": "node/13112921403"
    },
    {
      "type": "Feature",
      "properties": {
        "@id": "node/13112921404",
        "access": "yes",
        "amenity": "bicycle_parking",
        "bicycle_parking": "stands",
        "capacity": "8",
        "covered": "no",
        "fee": "no",
        "name": "Praça Mauriceia",
        "operator": "Prefeitura do Recife",
        "ref": "P024"
      },
      "geometry": {
        "type": "Point",
        "coordinates": [
          -34.916501,
          -8.108098
        ]
      },
      "id": "node/13112921404"
    },
    {
      "type": "Feature",
      "properties": {
        "@id": "node/13112921405",
        "access": "yes",
        "amenity": "bicycle_parking",
        "bicycle_parking": "stands",
        "capacity": "10",
        "covered": "no",
        "fee": "no",
        "name": "Mercado de Afogados",
        "operator": "Prefeitura do Recife",
        "ref": "P023"
      },
      "geometry": {
        "type": "Point",
        "coordinates": [
          -34.906912,
          -8.078229
        ]
      },
      "id": "node/13112921405"
    },
    {
      "type": "Feature",
      "properties": {
        "@id": "node/13112921406",
        "access": "yes",
        "amenity": "bicycle_parking",
        "bicycle_parking": "stands",
        "capacity": "8",
        "covered": "no",
        "fee": "no",
        "name": "Praça da Várzea",
        "operator": "Prefeitura do Recife",
        "ref": "P022"
      },
      "geometry": {
        "type": "Point",
        "coordinates": [
          -34.959687,
          -8.048768
        ]
      },
      "id": "node/13112921406"
    },
    {
      "type": "Feature",
      "properties": {
        "@id": "node/13112921407",
        "access": "yes",
        "amenity": "bicycle_parking",
        "bicycle_parking": "stands",
        "capacity": "4",
        "covered": "no",
        "fee": "no",
        "name": "Escola Municipal Arraial Novo do Bom Jesus",
        "operator": "Prefeitura do Recife",
        "ref": "P021"
      },
      "geometry": {
        "type": "Point",
        "coordinates": [
          -34.931587,
          -8.058957
        ]
      },
      "id": "node/13112921407"
    },
    {
      "type": "Feature",
      "properties": {
        "@id": "node/13112921408",
        "access": "yes",
        "amenity": "bicycle_parking",
        "bicycle_parking": "stands",
        "capacity": "4",
        "covered": "no",
        "fee": "no",
        "name": "Orla de Brasília Teimosa",
        "operator": "Prefeitura do Recife",
        "ref": "P020"
      },
      "geometry": {
        "type": "Point",
        "coordinates": [
          -34.876762,
          -8.081022
        ]
      },
      "id": "node/13112921408"
    },
    {
      "type": "Feature",
      "properties": {
        "@id": "node/13112921409",
        "access": "yes",
        "amenity": "bicycle_parking",
        "bicycle_parking": "stands",
        "capacity": "8",
        "covered": "no",
        "fee": "no",
        "name": "Avenida Beberibe",
        "operator": "Prefeitura do Recife",
        "ref": "P019"
      },
      "geometry": {
        "type": "Point",
        "coordinates": [
          -34.894086,
          -8.019307
        ]
      },
      "id": "node/13112921409"
    },
    {
      "type": "Feature",
      "properties": {
        "@id": "node/13112921410",
        "access": "yes",
        "amenity": "bicycle_parking",
        "bicycle_parking": "stands",
        "capacity": "4",
        "covered": "no",
        "fee": "no",
        "name": "Escola Waldemar de Oliveira",
        "operator": "Prefeitura do Recife",
        "ref": "P017"
      },
      "geometry": {
        "type": "Point",
        "coordinates": [
          -34.880217,
          -8.054963
        ]
      },
      "id": "node/13112921410"
    },
    {
      "type": "Feature",
      "properties": {
        "@id": "node/13112921411",
        "access": "yes",
        "amenity": "bicycle_parking",
        "bicycle_parking": "stands",
        "capacity": "2",
        "covered": "no",
        "fee": "no",
        "name": "Praça Eça de Queiroz",
        "operator": "Prefeitura do Recife",
        "ref": "P016"
      },
      "geometry": {
        "type": "Point",
        "coordinates": [
          -34.90665,
          -8.050904
        ]
      },
      "id": "node/13112921411"
    },
    {
      "type": "Feature",
      "properties": {
        "@id": "node/13112921412",
        "access": "yes",
        "amenity": "bicycle_parking",
        "bicycle_parking": "stands",
        "capacity": "8",
        "covered": "no",
        "fee": "no",
        "name": "Mercado da Madalena",
        "operator": "Prefeitura do Recife",
        "ref": "P015"
      },
      "geometry": {
        "type": "Point",
        "coordinates": [
          -34.90885,
          -8.052375
        ]
      },
      "id": "node/13112921412"
    },
    {
      "type": "Feature",
      "properties": {
        "@id": "node/13112921413",
        "access": "yes",
        "amenity": "bicycle_parking",
        "bicycle_parking": "stands",
        "capacity": "4",
        "covered": "no",
        "fee": "no",
        "name": "Largo de Casa Amarela",
        "operator": "Prefeitura do Recife",
        "ref": "P014"
      },
      "geometry": {
        "type": "Point",
        "coordinates": [
          -34.918677,
          -8.026514
        ]
      },
      "id": "node/13112921413"
    },
    {
      "type": "Feature",
      "properties": {
        "@id": "node/13112921414",
        "access": "yes",
        "amenity": "bicycle_parking",
        "bicycle_parking": "stands",
        "capacity": "8",
        "covered": "no",
        "fee": "no",
        "name": "Mercado de Casa Amarela",
        "operator": "Prefeitura do Recife",
        "ref": "P013"
      },
      "geometry": {
        "type": "Point",
        "coordinates": [
          -34.917861,
          -8.026468
        ]
      },
      "id": "node/13112921414"
    },
    {
      "type": "Feature",
      "properties": {
        "@id": "node/13112921415",
        "access": "yes",
        "amenity": "bicycle_parking",
        "bicycle_parking": "stands",
        "capacity": "2",
        "covered": "no",
        "fee": "no",
        "name": "Rua Dona Ana Xavier",
        "operator": "Prefeitura do Recife",
        "ref": "P012"
      },
      "geometry": {
        "type": "Point",
        "coordinates": [
          -34.917574,
          -8.027073
        ]
      },
      "id": "node/13112921415"
    },
    {
      "type": "Feature",
      "properties": {
        "@id": "node/13112921416",
        "access": "yes",
        "amenity": "bicycle_parking",
        "bicycle_parking": "stands",
        "capacity": "8",
        "covered": "no",
        "fee": "no",
        "name": "Mercado da Encruzilhada",
        "operator": "Prefeitura do Recife",
        "ref": "P011"
      },
      "geometry": {
        "type": "Point",
        "coordinates": [
          -34.892384,
          -8.03739
        ]
      },
      "id": "node/13112921416"
    },
    {
      "type": "Feature",
      "properties": {
        "@id": "node/13112921417",
        "access": "yes",
        "amenity": "bicycle_parking",
        "bicycle_parking": "stands",
        "capacity": "2",
        "covered": "no",
        "fee": "no",
        "name": "Igreja da Santa Cruz",
        "operator": "Prefeitura do Recife",
        "ref": "P009"
      },
      "geometry": {
        "type": "Point",
        "coordinates": [
          -34.888082,
          -8.062322
        ]
      },
      "id": "node/13112921417"
    },
    {
      "type": "Feature",
      "properties": {
        "@id": "node/13112921418",
        "access": "yes",
        "amenity": "bicycle_parking",
        "bicycle_parking": "stands",
        "capacity": "2",
        "covered": "no",
        "fee": "no",
        "name": "Cinema São Luiz",
        "operator": "Prefeitura do Recife",
        "ref": "P008"
      },
      "geometry": {
        "type": "Point",
        "coordinates": [
          -34.882042,
          -8.06229
        ]
      },
      "id": "node/13112921418"
    },
    {
      "type": "Feature",
      "properties": {
        "@id": "node/13112921419",
        "access": "yes",
        "amenity": "bicycle_parking",
        "bicycle_parking": "stands",
        "capacity": "2",
        "covered": "no",
        "fee": "no",
        "name": "Parque Treze de Maio",
        "operator": "Prefeitura do Recife",
        "ref": "P007"
      },
      "geometry": {
        "type": "Point",
        "coordinates": [
          -34.881081,
          -8.058568
        ]
      },
      "id": "node/13112921419"
    },
    {
      "type": "Feature",
      "properties": {
        "@id": "node/13112921420",
        "access": "yes",
        "amenity": "bicycle_parking",
        "bicycle_parking": "stands",
        "capacity": "2",
        "covered": "no",
        "fee": "no",
        "name": "Praça Visconde de Mauá",
        "operator": "Prefeitura do Recife",
        "ref": "P006"
      },
      "geometry": {
        "type": "Point",
        "coordinates": [
          -34.878239,
          -8.056185
        ]
      },
      "id": "node/13112921420"
    },
    {
      "type": "Feature",
      "properties": {
        "@id": "node/13112921421",
        "access": "yes",
        "amenity": "bicycle_parking",
        "bicycle_parking": "stands",
        "capacity": "4",
        "covered": "no",
        "fee": "no",
        "name": "Praça Visconde de Mauá",
        "operator": "Prefeitura do Recife",
        "ref": "P005"
      },
      "geometry": {
        "type": "Point",
        "coordinates": [
          -34.882865,
          -8.066729
        ]
      },
      "id": "node/13112921421"
    },
    {
      "type": "Feature",
      "properties": {
        "@id": "node/13112921422",
        "access": "yes",
        "amenity": "bicycle_parking",
        "bicycle_parking": "stands",
        "capacity": "6",
        "covered": "no",
        "fee": "no",
        "name": "Praça Joaquim Nabuco",
        "operator": "Prefeitura do Recife",
        "ref": "P004"
      },
      "geometry": {
        "type": "Point",
        "coordinates": [
          -34.881357,
          -8.064471
        ]
      },
      "id": "node/13112921422"
    },
    {
      "type": "Feature",
      "properties": {
        "@id": "node/13112921423",
        "access": "yes",
        "amenity": "bicycle_parking",
        "bicycle_parking": "stands",
        "capacity": "10",
        "covered": "no",
        "fee": "no",
        "name": "Praça da Independência",
        "operator": "Prefeitura do Recife",
        "ref": "P003"
      },
      "geometry": {
        "type": "Point",
        "coordinates": [
          -34.878392,
          -8.064233
        ]
      },
      "id": "node/13112921423"
    },
    {
      "type": "Feature",
      "properties": {
        "@id": "node/13112921424",
        "access": "yes",
        "amenity": "bicycle_parking",
        "bicycle_parking": "stands",
        "capacity": "10",
        "covered": "no",
        "fee": "no",
        "name": "Avenida Rio Branco",
        "operator": "Prefeitura do Recife",
        "ref": "P002"
      },
      "geometry": {
        "type": "Point",
        "coordinates": [
          -34.872747,
          -8.062669
        ]
      },
      "id": "node/13112921424"
    }
  ]
}