equip_type	equip_id	location_index	corrected_code	corrected_name	notes	timestamp	verified
post	B000001					2026-07-15T15:54:31	true
post	B000003					2026-07-15T15:54:31	true
post	B000004					2026-07-15T15:54:31	true
post	B000007					2026-07-15T15:54:31	true
post	B000016					2026-07-15T15:54:31	true
post	B000020					2026-07-15T15:54:31	true
post	B000021					2026-07-15T15:54:31	true
post	B000022					2026-07-15T15:54:31	true
post	B000067					2026-07-15T15:54:31	true
post	B000103					2026-07-15T15:54:31	true
post	B000104					2026-07-15T15:54:31	true
post	B000105					2026-07-15T15:54:31	true
post	B000108					2026-07-15T15:54:31	true
post	B000109					2026-07-15T15:54:31	true
post	B000112					2026-07-15T15:54:31	true
post	B000120					2026-07-15T15:54:31	true
post	B000134					2026-07-15T15:54:31	true
post	B000148					2026-07-15T15:54:31	true
post	B000149					2026-07-15T15:54:31	true
post	B000163					2026-07-15T15:54:31	true
post	B000170					2026-07-15T15:54:31	true
post	B000171					2026-07-15T15:54:31	true
post	B000175					2026-07-15T15:54:31	true
post	B000176					2026-07-15T15:54:31	true
post	B000178					2026-07-15T15:54:31	true
post	B000181					2026-07-15T15:54:31	true
post	B000186					2026-07-15T15:54:31	true
post	B000209					2026-07-15T15:54:31	true
post	B000215					2026-07-15T15:54:31	true
post	B000217					2026-07-15T15:54:31	true
post	B000225					2026-07-15T15:54:31	true
post	B000226					2026-07-15T15:54:31	true
post	B000227					2026-07-15T15:54:31	true
post	B000233					2026-07-15T15:54:31	true
post	B000236					2026-07-15T15:54:31	true
post	B000237					2026-07-15T15:54:31	true
post	B000243					2026-07-15T15:54:31	true
post	B000250					2026-07-15T15:54:31	true
post	B000280					2026-07-15T15:54:31	true
post	B000287					2026-07-15T15:54:31	true
post	B000288					2026-07-15T15:54:31	true
post	B000289					2026-07-15T15:54:31	true
post	B000306					2026-07-15T15:54:31	true
post	B000314					2026-07-15T15:54:31	true
post	B000324					2026-07-15T15:54:31	true
post	B000328					2026-07-15T15:54:31	true
post	B000329					2026-07-15T15:54:31	true
post	B000330					2026-07-15T15:54:31	true
post	B000332					2026-07-15T15:54:31	true
post	B000333					2026-07-15T15:54:31	true
post	B000344					2026-07-15T15:54:31	true
post	B000345					2026-07-15T15:54:31	true
post	B000349					2026-07-15T15:54:31	true
post	B000350					2026-07-15T15:54:31	true
post	B000356					2026-07-15T15:54:31	true
post	B000357		40797	Avenida Dr Malaquias		2026-07-15T15:15:42	
post	B000360		40797	Avenida Dr Malaquias		2026-07-15T15:15:42	
post	B000369					2026-07-15T15:54:31	true
post	B000372		53996	Avenida Santos Dumont		2026-07-15T15:51:53	
post	B000389					2026-07-15T15:54:31	true
post	B000422					2026-07-15T15:54:31	true
post	B000431					2026-07-15T15:54:31	true
post	B000455					2026-07-15T15:54:31	true
post	B000462					2026-07-15T15:54:31	true
post	B000468					2026-07-15T15:54:31	true
post	B000494					2026-07-15T15:54:31	true
post	B000496					2026-07-15T15:54:31	true
post	B000502					2026-07-15T15:54:31	true
post	B000503					2026-07-15T15:54:31	true
post	B000508					2026-07-15T15:54:31	true
post	B000510					2026-07-15T15:54:31	true
post	B000511					2026-07-15T15:54:31	true
post	B000515					2026-07-15T15:54:31	true
post	B000520					2026-07-15T15:54:31	true
post	B000521					2026-07-15T15:54:31	true
post	B000524					2026-07-15T15:54:31	true
post	B000527					2026-07-15T15:54:31	true
post	B000531					2026-07-15T15:54:31	true
post	B000532					2026-07-15T15:54:31	true
post	B000533					2026-07-15T15:54:31	true
post	B000536					2026-07-15T15:54:31	true
post	B000537					2026-07-15T15:54:31	true
post	B000539					2026-07-15T15:54:31	true
post	B000540					2026-07-15T15:54:31	true
post	B000541					2026-07-15T15:54:31	true
post	B000542					2026-07-15T15:54:31	true
post	B000543					2026-07-15T15:54:31	true
post	B000544					2026-07-15T15:54:31	true
post	B000547					2026-07-15T15:54:31	true
post	B000554					2026-07-15T15:54:31	true
post	B000555					2026-07-15T15:54:31	true
post	B000591					2026-07-15T15:54:31	true
post	B000621					2026-07-15T15:54:31	true
post	B000628					2026-07-15T15:54:31	true
post	B000632					2026-07-15T15:54:31	true
post	B000633					2026-07-15T15:54:31	true
post	B000637					2026-07-15T15:54:31	true
post	B000638					2026-07-15T15:54:31	true
post	B000647					2026-07-15T15:54:31	true
post	B000649					2026-07-15T15:54:31	true
post	B000650					2026-07-15T15:54:31	true
post	B000651		49352	Avenida Parnamirim		2026-07-15T15:22:58	
post	B000666					2026-07-15T15:54:31	true
post	B000669					2026-07-15T15:54:31	true
post	B000670					2026-07-15T15:54:31	true
post	B000681					2026-07-15T15:54:31	true
post	B000693					2026-07-15T15:54:31	true
post	B000698					2026-07-15T15:54:31	true
post	B000700					2026-07-15T15:54:31	true
post	B000719					2026-07-15T15:54:31	true
post	B000724					2026-07-15T15:54:31	true
post	B000729					2026-07-15T15:54:31	true
post	B000735					2026-07-15T15:54:31	true
post	B000752					2026-07-15T15:54:31	true
post	B000753					2026-07-15T15:54:31	true
post	B000756					2026-07-15T15:54:31	true
post	B000757					2026-07-15T15:54:31	true
post	B000758					2026-07-15T15:54:31	true
post	B000759					2026-07-15T15:54:31	true
post	B000760					2026-07-15T15:54:31	true
post	B000765					2026-07-15T15:54:31	true
post	B000767					2026-07-15T15:54:31	true
post	B000772					2026-07-15T15:54:31	true
post	B000775					2026-07-15T15:54:31	true
post	B000787					2026-07-15T15:54:31	true
post	B000796					2026-07-15T15:54:31	true
post	B000821					2026-07-15T15:54:31	true
post	B000822					2026-07-15T15:54:31	true
post	B000825					2026-07-15T15:54:31	true
post	B000829					2026-07-15T15:54:31	true
post	B000830					2026-07-15T15:54:31	true
post	B000836					2026-07-15T15:54:31	true
post	B000839					2026-07-15T15:54:31	true
post	B000849					2026-07-15T15:54:31	true
post	B000866					2026-07-15T15:54:31	true
post	B000878					2026-07-15T15:54:31	true
post	B000881					2026-07-15T15:54:31	true
post	B000884					2026-07-15T15:54:31	true
post	B000889					2026-07-15T15:54:31	true
post	B000890					2026-07-15T15:54:31	true
post	B000891					2026-07-15T15:54:31	true
post	B000894					2026-07-15T15:54:31	true
post	B000895					2026-07-15T15:54:31	true
post	B000899					2026-07-15T15:54:31	true
post	B000961					2026-07-15T15:54:31	true
post	B000987					2026-07-15T15:54:31	true
post	B000990					2026-07-15T15:54:31	true
post	B000991					2026-07-15T15:54:31	true
post	B000997					2026-07-15T15:54:31	true
post	B001111					2026-07-15T15:54:31	true
post	B001112					2026-07-15T15:54:31	true
post	B001131					2026-07-15T15:54:31	true
post	B001136					2026-07-15T15:54:31	true
post	B001137					2026-07-15T15:54:31	true
post	B001140					2026-07-15T15:54:31	true
post	B001141					2026-07-15T15:54:31	true
post	B001142					2026-07-15T15:54:31	true
post	B001144					2026-07-15T15:54:31	true
post	B001147					2026-07-15T15:54:31	true
post	B001176		45160	Rua Comendador Moraes		2026-07-15T15:19:34	
post	B001181					2026-07-15T15:54:31	true
post	B001190					2026-07-15T15:54:31	true
post	B001195					2026-07-15T15:54:31	true
post	B001200					2026-07-15T15:54:31	true
post	B001201					2026-07-15T15:54:31	true
post	B001202					2026-07-15T15:54:31	true
post	B001243					2026-07-15T15:54:31	true
post	B001250					2026-07-15T15:54:31	true
post	B001251					2026-07-15T15:25:13	true
post	B001260					2026-07-15T15:54:31	true
post	B001261					2026-07-15T15:54:31	true
post	B001264					2026-07-15T15:54:31	true
post	B001282					2026-07-15T15:54:31	true
post	B001283					2026-07-15T15:54:31	true
post	B001284					2026-07-15T15:54:31	true
post	B001289					2026-07-15T15:54:31	true
post	B001297					2026-07-15T15:54:31	true
post	B001315					2026-07-15T15:54:31	true
post	B001319					2026-07-15T15:54:31	true
post	B001331		28746	Rua Dr Henrique Lins		2026-07-15T15:24:08	
post	B001332		28746	Rua Dr Henrique Lins		2026-07-15T15:24:08	
post	B001333		28746	Rua Dr Henrique Lins		2026-07-15T15:24:08	
post	B001401					2026-07-15T15:54:31	true
post	B001404					2026-07-15T15:54:31	true
post	B001407					2026-07-15T15:54:31	true
post	B001416		57150	Avenida Republica do Libano		2026-07-15T15:51:25	
post	B001422					2026-07-15T15:54:31	true
post	B001428		57150	Avenida Republica do Libano		2026-07-15T15:51:25	
post	B001429					2026-07-15T15:54:31	true
post	B001432					2026-07-15T15:54:31	true
post	B001458					2026-07-15T15:54:31	true
post	B001459					2026-07-15T15:54:31	true
post	B001476					2026-07-15T15:54:31	true
post	B001479					2026-07-15T15:54:31	true
post	B001489					2026-07-15T15:54:31	true
post	B001490					2026-07-15T15:54:31	true
post	B001499					2026-07-15T15:54:31	true
post	B001501					2026-07-15T15:54:31	true
post	B001504					2026-07-15T15:54:31	true
post	B001505					2026-07-15T15:54:31	true
post	B001506					2026-07-15T15:54:31	true
post	B001507					2026-07-15T15:54:31	true
post	B001527					2026-07-15T15:54:31	true
post	B001536					2026-07-15T15:54:31	true
post	B001555					2026-07-15T15:54:31	true
post	B001556					2026-07-15T15:54:31	true
post	B001557					2026-07-15T15:54:31	true
post	B001560					2026-07-15T15:54:31	true
post	B001561					2026-07-15T15:54:31	true
post	B001562					2026-07-15T15:54:31	true
post	B001579					2026-07-15T15:54:31	true
post	B001581					2026-07-15T15:54:31	true
post	B001598					2026-07-15T15:54:31	true
post	B001602		126128	Rua Doutor Eduardo Cabral de Melo		2026-07-15T15:16:59	
post	B001610					2026-07-15T15:54:31	true
post	B001611					2026-07-15T15:54:31	true
post	B001620					2026-07-15T15:54:31	true
post	B001628					2026-07-15T15:54:31	true
post	B001639					2026-07-15T15:54:31	true
post	B001647					2026-07-15T15:54:31	true
post	B001651		45160	Rua Comendador Moraes		2026-07-15T15:19:34	
post	B001671					2026-07-15T15:54:31	true
post	B001672		45160	Rua Comendador Moraes		2026-07-15T15:19:34	
post	B001676					2026-07-15T15:54:31	true
post	B001712					2026-07-15T15:54:31	true
post	B001713					2026-07-15T15:54:31	true
post	B001715					2026-07-15T15:54:31	true
post	B001716					2026-07-15T15:54:31	true
post	B001737		57150	Avenida Republica do Libano		2026-07-15T15:51:25	
post	B001755		57150	Avenida Republica do Libano		2026-07-15T15:51:25	
post	B001759					2026-07-15T15:54:31	true
post	B001763					2026-07-15T15:54:31	true
post	B001764					2026-07-15T15:54:31	true
post	B001765					2026-07-15T15:54:31	true
post	B001767					2026-07-15T15:54:31	true
post	B001768					2026-07-15T15:54:31	true
post	B001770					2026-07-15T15:54:31	true
post	B001771					2026-07-15T15:54:31	true
post	B001776					2026-07-15T15:54:31	true
post	B001819					2026-07-15T15:54:31	true
post	B001823					2026-07-15T15:54:31	true
post	B001824					2026-07-15T15:54:31	true
post	B001825					2026-07-15T15:54:31	true
post	B001826					2026-07-15T15:54:31	true
post	B001827					2026-07-15T15:54:31	true
post	B001837					2026-07-15T15:54:31	true
post	B001838					2026-07-15T15:54:31	true
post	B001839					2026-07-15T15:54:31	true
post	B001847					2026-07-15T15:54:31	true
post	B001848					2026-07-15T15:54:31	true
post	B001866					2026-07-15T15:54:31	true
post	B001872					2026-07-15T15:54:31	true
post	B001884					2026-07-15T15:54:31	true
post	B001919		45160	Rua Comendador Moraes		2026-07-15T15:19:34	
post	B001971					2026-07-15T15:54:31	true
post	B002007					2026-07-15T15:54:31	true
post	B002008					2026-07-15T15:54:31	true
post	B002013					2026-07-15T15:54:31	true
post	B002025					2026-07-15T15:54:31	true
post	B002037					2026-07-15T15:54:31	true
post	B002077					2026-07-15T15:54:31	true
post	B002105					2026-07-15T15:54:31	true
post	B002121					2026-07-15T15:54:31	true
post	B002125					2026-07-15T15:54:31	true
post	B002128					2026-07-15T15:54:31	true
post	B002131					2026-07-15T15:54:31	true
post	B002137					2026-07-15T15:54:31	true
post	B002141					2026-07-15T15:54:31	true
post	B002146					2026-07-15T15:54:31	true
post	B002149					2026-07-15T15:54:31	true
post	B002152					2026-07-15T15:54:31	true
post	B002153					2026-07-15T15:54:31	true
post	B002155					2026-07-15T15:54:31	true
post	B002163					2026-07-15T15:54:31	true
post	B002164					2026-07-15T15:54:31	true
post	B002166					2026-07-15T15:54:31	true
post	B002167					2026-07-15T15:54:31	true
post	B002170					2026-07-15T15:54:31	true
post	B002171					2026-07-15T15:54:31	true
post	B002180					2026-07-15T15:54:31	true
post	B002183					2026-07-15T15:54:31	true
post	B002184					2026-07-15T15:54:31	true
post	B002188					2026-07-15T15:54:31	true
post	B002195					2026-07-15T15:54:31	true
post	B002199					2026-07-15T15:54:31	true
post	B002222					2026-07-15T15:54:31	true
post	B002232					2026-07-15T15:54:31	true
post	B002239					2026-07-15T15:54:31	true
post	B002241					2026-07-15T15:54:31	true
post	B002255					2026-07-15T15:54:31	true
post	B002256					2026-07-15T15:54:31	true
post	B002257					2026-07-15T15:54:31	true
post	B002258					2026-07-15T15:54:31	true
post	B002262					2026-07-15T15:54:31	true
post	B002264					2026-07-15T15:54:31	true
post	B002266					2026-07-15T15:54:31	true
post	B002267					2026-07-15T15:54:31	true
post	B002268					2026-07-15T15:54:31	true
post	B002269					2026-07-15T15:54:31	true
post	B002273					2026-07-15T15:54:31	true
post	B002274					2026-07-15T15:54:31	true
post	B002277					2026-07-15T15:54:31	true
post	B002305					2026-07-15T15:54:31	true
post	B002326					2026-07-15T15:54:31	true
post	B002328					2026-07-15T15:54:31	true
post	B002333					2026-07-15T15:54:31	true
post	B002341					2026-07-15T15:54:31	true
post	B002344					2026-07-15T15:54:31	true
post	B002350					2026-07-15T15:54:31	true
post	B002377					2026-07-15T15:54:31	true
post	B002390					2026-07-15T15:54:31	true
post	B002403					2026-07-15T15:54:31	true
post	B002404					2026-07-15T15:54:31	true
post	B002405					2026-07-15T15:54:31	true
post	B002407					2026-07-15T15:54:31	true
post	B002411					2026-07-15T15:54:31	true
post	B002428					2026-07-15T15:54:31	true
post	B002430					2026-07-15T15:54:31	true
post	B002434					2026-07-15T15:54:31	true
post	B002445					2026-07-15T15:54:31	true
post	B002447					2026-07-15T15:54:31	true
post	B002448					2026-07-15T15:54:31	true
post	B002450					2026-07-15T15:54:31	true
post	B002454					2026-07-15T15:54:31	true
post	B002455					2026-07-15T15:54:31	true
post	B002463					2026-07-15T15:54:31	true
post	B002465					2026-07-15T15:54:31	true
post	B002466					2026-07-15T15:54:31	true
post	B002468					2026-07-15T15:54:31	true
post	B002471					2026-07-15T15:54:31	true
post	B002473					2026-07-15T15:54:31	true
post	B002475					2026-07-15T15:54:31	true
post	B002478					2026-07-15T15:54:31	true
post	B002483					2026-07-15T15:54:31	true
post	B002486					2026-07-15T15:54:31	true
post	B002488					2026-07-15T15:54:31	true
post	B002489					2026-07-15T15:54:31	true
post	B002491					2026-07-15T15:54:31	true
post	B002492					2026-07-15T15:54:31	true
post	B002493					2026-07-15T15:54:31	true
post	B002498					2026-07-15T15:54:31	true
post	B002540					2026-07-15T15:54:31	true
post	B002542					2026-07-15T15:54:31	true
post	B002545					2026-07-15T15:54:31	true
post	B002547					2026-07-15T15:54:31	true
post	B002594					2026-07-15T15:54:31	true
post	B002601					2026-07-15T15:54:31	true
post	B002605					2026-07-15T15:54:31	true
post	B002618					2026-07-15T15:54:31	true
post	B002623					2026-07-15T15:54:31	true
post	B002627					2026-07-15T15:54:31	true
post	B002632					2026-07-15T15:54:31	true
post	B002637					2026-07-15T15:54:31	true
post	B002639					2026-07-15T15:54:31	true
post	B002645					2026-07-15T15:54:31	true
post	B002654					2026-07-15T15:54:31	true
post	B002656					2026-07-15T15:54:31	true
post	B002658					2026-07-15T15:54:31	true
post	B002659					2026-07-15T15:54:31	true
post	B002660					2026-07-15T15:54:31	true
post	B002667					2026-07-15T15:54:31	true
post	B002680					2026-07-15T15:54:31	true
post	B002692					2026-07-15T15:54:31	true
post	B002695					2026-07-15T15:54:31	true
post	B002751					2026-07-15T15:54:31	true
post	B002752					2026-07-15T15:54:31	true
post	B002755					2026-07-15T15:54:31	true
post	B002760					2026-07-15T15:54:31	true
post	B002804					2026-07-15T15:54:31	true
post	B002813					2026-07-15T15:54:31	true
post	B002819					2026-07-15T15:54:31	true
post	B002834					2026-07-15T15:54:31	true
post	B002852					2026-07-15T15:54:31	true
post	B002853					2026-07-15T15:54:31	true
post	B002854					2026-07-15T15:54:31	true
post	B002859					2026-07-15T15:54:31	true
post	B002867					2026-07-15T15:54:31	true
post	B002868					2026-07-15T15:54:31	true
post	B002872					2026-07-15T15:54:31	true
post	B002875					2026-07-15T15:54:31	true
post	B002876					2026-07-15T15:54:31	true
post	B002885					2026-07-15T15:54:31	true
post	B002888					2026-07-15T15:54:31	true
post	B002890					2026-07-15T15:54:31	true
post	B002897					2026-07-15T15:54:31	true
post	B002898					2026-07-15T15:54:31	true
post	B002914					2026-07-15T15:54:31	true
post	B002915					2026-07-15T15:54:31	true
post	B002916					2026-07-15T15:54:31	true
post	B002923					2026-07-15T15:54:31	true
post	B002924					2026-07-15T15:54:31	true
post	B002927					2026-07-15T15:54:31	true
post	B002932		23965	Rua Félix de Brito e Melo		2026-07-15T15:12:06	
post	B002933		23965	Rua Félix de Brito e Melo		2026-07-15T15:12:06	
post	B002953					2026-07-15T15:54:31	true
post	B002954					2026-07-15T15:54:31	true
post	B002955					2026-07-15T15:54:31	true
post	B002981					2026-07-15T15:54:31	true
post	B002985					2026-07-15T15:54:31	true
post	B002989					2026-07-15T15:54:31	true
post	B003017					2026-07-15T15:54:31	true
post	B003023					2026-07-15T15:54:31	true
post	B003046					2026-07-15T15:54:31	true
post	B003059					2026-07-15T15:54:31	true
post	B003071					2026-07-15T15:54:31	true
post	B003085					2026-07-15T15:54:31	true
post	B003091					2026-07-15T15:54:31	true
post	B003093					2026-07-15T15:54:31	true
post	B003094					2026-07-15T15:54:31	true
post	B003102					2026-07-15T15:54:31	true
post	B003104					2026-07-15T15:54:31	true
post	B003105					2026-07-15T15:54:31	true
post	B003113					2026-07-15T15:54:31	true
post	B003116					2026-07-15T15:54:31	true
post	B003117					2026-07-15T15:54:31	true
post	B003125					2026-07-15T15:54:31	true
post	B003149					2026-07-15T15:54:31	true
post	B003171					2026-07-15T15:54:31	true
post	B003176					2026-07-15T15:54:31	true
post	B003200					2026-07-15T15:54:31	true
post	B003216					2026-07-15T15:54:31	true
post	B003217					2026-07-15T15:54:31	true
post	B003234					2026-07-15T15:54:31	true
post	B003235					2026-07-15T15:54:31	true
post	B003240					2026-07-15T15:54:31	true
post	B003250					2026-07-15T15:54:31	true
post	B003266					2026-07-15T15:54:31	true
post	B003268					2026-07-15T15:54:31	true
post	B003269					2026-07-15T15:54:31	true
post	B003275					2026-07-15T15:54:31	true
post	B003291					2026-07-15T15:54:31	true
post	B003298					2026-07-15T15:54:31	true
post	B003301					2026-07-15T15:54:31	true
post	B003401					2026-07-15T15:54:31	true
post	B003406					2026-07-15T15:54:31	true
post	B003429					2026-07-15T15:54:31	true
post	B003444					2026-07-15T15:54:31	true
post	B003445					2026-07-15T15:54:31	true
post	B003476					2026-07-15T15:54:31	true
post	B003477					2026-07-15T15:54:31	true
post	B003480					2026-07-15T15:54:31	true
post	B003483					2026-07-15T15:54:31	true
post	B003499					2026-07-15T15:54:31	true
post	B003501					2026-07-15T15:54:31	true
post	B003523					2026-07-15T15:54:31	true
post	B003530					2026-07-15T15:54:31	true
post	B003534					2026-07-15T15:54:31	true
post	B003551					2026-07-15T15:54:31	true
post	B003558					2026-07-15T15:54:31	true
post	B003560					2026-07-15T15:54:31	true
post	B003601					2026-07-15T15:54:31	true
post	B003602					2026-07-15T15:54:31	true
post	B003612					2026-07-15T15:54:31	true
post	B003618					2026-07-15T15:54:31	true
post	B003653					2026-07-15T15:54:31	true
post	B003660					2026-07-15T15:54:31	true
post	B003661					2026-07-15T15:54:31	true
post	B003676					2026-07-15T15:54:31	true
post	B003680					2026-07-15T15:54:31	true
post	B003684					2026-07-15T15:54:31	true
post	B003685					2026-07-15T15:54:31	true
post	B003686					2026-07-15T15:54:31	true
post	B003687					2026-07-15T15:54:31	true
post	B003689					2026-07-15T15:54:31	true
post	B003690					2026-07-15T15:54:31	true
post	B003706					2026-07-15T15:54:31	true
post	B003707					2026-07-15T15:54:31	true
post	B003708					2026-07-15T15:54:31	true
post	B003709					2026-07-15T15:54:31	true
post	B003710					2026-07-15T15:54:31	true
post	B003720					2026-07-15T15:54:31	true
post	B003721					2026-07-15T15:54:31	true
post	B003741					2026-07-15T15:54:31	true
post	B003742					2026-07-15T15:54:31	true
post	B003744					2026-07-15T15:54:31	true
post	B003746					2026-07-15T15:54:31	true
post	B003748					2026-07-15T15:54:31	true
post	B003752					2026-07-15T15:54:31	true
post	B003756					2026-07-15T15:54:31	true
post	B003757					2026-07-15T15:54:31	true
post	B003780					2026-07-15T15:54:31	true
post	B003787					2026-07-15T15:54:31	true
post	B003804					2026-07-15T15:54:31	true
post	B003806					2026-07-15T15:54:31	true
post	B003813					2026-07-15T15:54:31	true
post	B003814					2026-07-15T15:54:31	true
post	B003816					2026-07-15T15:54:31	true
post	B003819					2026-07-15T15:54:31	true
post	B003823					2026-07-15T15:54:31	true
post	B003824					2026-07-15T15:54:31	true
post	B003825					2026-07-15T15:54:31	true
post	B003826					2026-07-15T15:54:31	true
post	B003827					2026-07-15T15:54:31	true
post	B003829					2026-07-15T15:54:31	true
post	B003837					2026-07-15T15:54:31	true
post	B003838					2026-07-15T15:54:31	true
post	B003840					2026-07-15T15:54:31	true
post	B003841					2026-07-15T15:54:31	true
post	B003853					2026-07-15T15:54:31	true
post	B003887					2026-07-15T15:54:31	true
post	B003905					2026-07-15T15:54:31	true
post	B003910					2026-07-15T15:54:31	true
post	B003939					2026-07-15T15:54:31	true
post	B003958					2026-07-15T15:54:31	true
post	B004003					2026-07-15T15:54:31	true
post	B004008					2026-07-15T15:54:31	true
post	B004009					2026-07-15T15:54:31	true
post	B004010					2026-07-15T15:54:31	true
post	B004027					2026-07-15T15:54:31	true
post	B004030					2026-07-15T15:54:31	true
post	B004033					2026-07-15T15:54:31	true
post	B004040					2026-07-15T15:54:31	true
post	B004041					2026-07-15T15:54:31	true
post	B004053					2026-07-15T15:54:31	true
post	B004055					2026-07-15T15:54:31	true
post	B004056					2026-07-15T15:08:38	true
post	B004057					2026-07-15T15:08:38	true
post	B004058					2026-07-15T15:08:38	true
post	B004061					2026-07-15T15:54:31	true
post	B004065					2026-07-15T15:54:31	true
post	B004067					2026-07-15T15:54:31	true
post	B004070					2026-07-15T15:54:31	true
post	B004101					2026-07-15T15:54:31	true
post	B004102					2026-07-15T15:54:31	true
post	B004107					2026-07-15T15:54:31	true
post	B004110					2026-07-15T15:54:31	true
post	B004111					2026-07-15T15:54:31	true
post	B004133					2026-07-15T15:54:31	true
post	B004135					2026-07-15T15:54:31	true
post	B004138					2026-07-15T15:54:31	true
post	B004139					2026-07-15T15:54:31	true
post	B004145					2026-07-15T15:54:31	true
post	B004148					2026-07-15T15:54:31	true
post	B004151					2026-07-15T15:54:31	true
post	B004182					2026-07-15T15:54:31	true
post	B004187					2026-07-15T15:54:31	true
post	B004194					2026-07-15T15:54:31	true
post	B004198					2026-07-15T15:54:31	true
post	B004209					2026-07-15T15:54:31	true
post	B004229					2026-07-15T15:54:31	true
post	B004244					2026-07-15T15:54:31	true
post	B004245					2026-07-15T15:54:31	true
post	B004249		23965	Rua Félix de Brito e Melo		2026-07-15T15:12:06	
post	B004251		23965	Rua Félix de Brito e Melo		2026-07-15T15:12:06	
post	B004282					2026-07-15T15:54:31	true
post	B004284					2026-07-15T15:54:31	true
post	B004285					2026-07-15T15:54:31	true
post	B004301					2026-07-15T15:54:31	true
post	B004303					2026-07-15T15:54:31	true
post	B004304					2026-07-15T15:54:31	true
post	B004305					2026-07-15T15:54:31	true
post	B004308					2026-07-15T15:54:31	true
post	B004309					2026-07-15T15:54:31	true
post	B004310					2026-07-15T15:54:31	true
post	B004315					2026-07-15T15:54:31	true
post	B004318					2026-07-15T15:54:31	true
post	B004319					2026-07-15T15:54:31	true
post	B004322					2026-07-15T15:54:31	true
post	B004328					2026-07-15T15:54:31	true
post	B004333					2026-07-15T15:54:31	true
post	B004334					2026-07-15T15:54:31	true
post	B004335					2026-07-15T15:54:31	true
post	B004343					2026-07-15T15:54:31	true
post	B004353					2026-07-15T15:54:31	true
post	B004357					2026-07-15T15:54:31	true
post	B004358					2026-07-15T15:54:31	true
post	B004359					2026-07-15T15:54:31	true
post	B004361					2026-07-15T15:54:31	true
post	B004363					2026-07-15T15:54:31	true
post	B004368					2026-07-15T15:54:31	true
post	B004370					2026-07-15T15:54:31	true
post	B004371					2026-07-15T15:54:31	true
post	B004373					2026-07-15T15:54:31	true
post	B004375					2026-07-15T15:54:31	true
post	B004379					2026-07-15T15:54:31	true
post	B004386					2026-07-15T15:54:31	true
post	B004404					2026-07-15T15:54:31	true
post	B004405					2026-07-15T15:54:31	true
post	B004412					2026-07-15T15:54:31	true
post	B004419					2026-07-15T15:54:31	true
post	B004422					2026-07-15T15:54:31	true
post	B004423					2026-07-15T15:54:31	true
post	B004433					2026-07-15T15:54:31	true
post	B004436					2026-07-15T15:54:31	true
post	B004439					2026-07-15T15:54:31	true
post	B004443					2026-07-15T15:54:31	true
post	B004451					2026-07-15T15:54:31	true
post	B004480					2026-07-15T15:54:31	true
post	B004482					2026-07-15T15:54:31	true
post	B004483					2026-07-15T15:54:31	true
post	B004488					2026-07-15T15:20:26	true
post	B004491					2026-07-15T15:54:31	true
post	B004492					2026-07-15T15:54:31	true
post	B004493					2026-07-15T15:54:31	true
post	B004496					2026-07-15T15:54:31	true
post	B004508					2026-07-15T15:54:31	true
post	B004509					2026-07-15T15:54:31	true
post	B004547					2026-07-15T15:54:31	true
post	B004552					2026-07-15T15:54:31	true
post	B004554					2026-07-15T15:54:31	true
post	B004573					2026-07-15T15:54:31	true
post	B004574					2026-07-15T15:54:31	true
post	B004602					2026-07-15T15:54:31	true
post	B004605					2026-07-15T15:54:31	true
post	B004612					2026-07-15T15:54:31	true
post	B004617					2026-07-15T15:54:31	true
post	B004620					2026-07-15T15:54:31	true
post	B004622					2026-07-15T15:54:31	true
post	B004628					2026-07-15T15:54:31	true
post	B004632					2026-07-15T15:54:31	true
post	B004633					2026-07-15T15:54:31	true
post	B004634					2026-07-15T15:54:31	true
post	B004636					2026-07-15T15:54:31	true
post	B004637					2026-07-15T15:54:31	true
post	B004640					2026-07-15T15:54:31	true
post	B004653					2026-07-15T15:54:31	true
post	B004654					2026-07-15T15:54:31	true
post	B004663					2026-07-15T15:54:31	true
post	B004668					2026-07-15T15:54:31	true
post	B004669					2026-07-15T15:54:31	true
post	B004671					2026-07-15T15:54:31	true
post	B004676					2026-07-15T15:54:31	true
post	B004683					2026-07-15T15:54:31	true
post	B004685					2026-07-15T15:54:31	true
post	B004686					2026-07-15T15:54:31	true
post	B004693		32972	Rua Visconde de Jequitinhonha		2026-07-15T15:07:15	
post	B004696					2026-07-15T15:54:31	true
post	B004697					2026-07-15T15:54:31	true
post	B004699					2026-07-15T15:54:31	true
post	B004700					2026-07-15T15:54:31	true
post	B004704					2026-07-15T15:54:31	true
post	B004705					2026-07-15T15:54:31	true
post	B004726					2026-07-15T15:54:31	true
post	B004745					2026-07-15T15:54:31	true
post	B004749					2026-07-15T15:54:31	true
post	B004750					2026-07-15T15:54:31	true
post	B004756					2026-07-15T15:54:31	true
post	B004763					2026-07-15T15:54:31	true
post	B004764					2026-07-15T15:54:31	true
post	B004765					2026-07-15T15:54:31	true
post	B004767					2026-07-15T15:54:31	true
post	B004777					2026-07-15T15:54:31	true
post	B004779					2026-07-15T15:54:31	true
post	B004780					2026-07-15T15:54:31	true
post	B004782					2026-07-15T15:54:31	true
post	B004783					2026-07-15T15:54:31	true
post	B004784					2026-07-15T15:54:31	true
post	B004793					2026-07-15T15:54:31	true
post	B004801					2026-07-15T15:54:31	true
post	B004802					2026-07-15T15:54:31	true
post	B004821					2026-07-15T15:54:31	true
post	B004827					2026-07-15T15:54:31	true
post	B004828					2026-07-15T15:54:31	true
post	B004834					2026-07-15T15:54:31	true
post	B004835					2026-07-15T15:08:38	true
post	B004840					2026-07-15T15:54:31	true
post	B004843					2026-07-15T15:54:31	true
post	B004844					2026-07-15T15:54:31	true
post	B004845					2026-07-15T15:54:31	true
post	B004846					2026-07-15T15:54:31	true
post	B004850					2026-07-15T15:54:31	true
post	B004851					2026-07-15T15:54:31	true
post	B004852					2026-07-15T15:54:31	true
post	B004853					2026-07-15T15:54:31	true
post	B004857					2026-07-15T15:54:31	true
post	B004859					2026-07-15T15:54:31	true
post	B004865					2026-07-15T15:54:31	true
post	B004868					2026-07-15T15:54:31	true
post	B004875					2026-07-15T15:54:31	true
post	B004877					2026-07-15T15:54:31	true
post	B004878					2026-07-15T15:54:31	true
post	B004882					2026-07-15T15:54:31	true
post	B004883					2026-07-15T15:54:31	true
post	B004887					2026-07-15T15:54:31	true
post	B004888					2026-07-15T15:54:31	true
post	B004889					2026-07-15T15:54:31	true
post	B004891					2026-07-15T15:54:31	true
post	B004910					2026-07-15T15:08:38	true
post	B004924					2026-07-15T15:54:31	true
post	B004927					2026-07-15T15:54:31	true
post	B004928					2026-07-15T15:54:31	true
post	B004934					2026-07-15T15:54:31	true
post	B004936					2026-07-15T15:54:31	true
post	B004943					2026-07-15T15:08:38	true
post	B004944					2026-07-15T15:08:38	true
post	B004945					2026-07-15T15:08:38	true
post	B004946					2026-07-15T15:08:38	true
post	B004947					2026-07-15T15:08:38	true
post	B004948					2026-07-15T15:08:38	true
post	B004966					2026-07-15T15:54:31	true
post	B004968					2026-07-15T15:54:31	true
post	B004969					2026-07-15T15:54:31	true
post	B004971					2026-07-15T15:54:31	true
post	B004972					2026-07-15T15:54:31	true
post	B004974					2026-07-15T15:54:31	true
post	B004975					2026-07-15T15:54:31	true
post	B004976					2026-07-15T15:54:31	true
post	B004978					2026-07-15T15:54:31	true
post	B004979					2026-07-15T15:54:31	true
post	B004980					2026-07-15T15:54:31	true
post	B004982					2026-07-15T15:54:31	true
post	B004986					2026-07-15T15:54:31	true
post	B004987					2026-07-15T15:54:31	true
post	B004995					2026-07-15T15:54:31	true
post	B005018					2026-07-15T15:54:31	true
post	B005020					2026-07-15T15:54:31	true
post	B005031					2026-07-15T15:54:31	true
post	B005039					2026-07-15T15:54:31	true
post	B005042					2026-07-15T15:54:31	true
post	B005044					2026-07-15T15:54:31	true
post	B005046					2026-07-15T15:54:31	true
post	B005048					2026-07-15T15:54:31	true
post	B005052					2026-07-15T15:54:31	true
post	B005062					2026-07-15T15:54:31	true
post	B005064					2026-07-15T15:54:31	true
post	B005074					2026-07-15T15:54:31	true
post	B005092					2026-07-15T15:54:31	true
post	B005093		36900	Rua José Vicente Meira Filho		2026-07-15T15:33:36	
post	B005109					2026-07-15T15:54:31	true
post	B005114					2026-07-15T15:54:31	true
post	B005118					2026-07-15T15:54:31	true
post	B005131					2026-07-15T15:54:31	true
post	B005133					2026-07-15T15:54:31	true
post	B005155					2026-07-15T15:54:31	true
post	B005157					2026-07-15T15:54:31	true
post	B005159					2026-07-15T15:54:31	true
post	B005160					2026-07-15T15:54:31	true
post	B005169					2026-07-15T15:54:31	true
post	B005170					2026-07-15T15:54:31	true
post	B005171					2026-07-15T15:54:31	true
post	B005175					2026-07-15T15:54:31	true
post	B005176					2026-07-15T15:54:31	true
post	B005180					2026-07-15T15:54:31	true
post	B005182					2026-07-15T15:54:31	true
post	B005184					2026-07-15T15:54:31	true
post	B005186					2026-07-15T15:54:31	true
post	B005194					2026-07-15T15:54:31	true
post	B005195					2026-07-15T15:54:31	true
post	B005213					2026-07-15T15:54:31	true
post	B005217					2026-07-15T15:54:31	true
post	B005229					2026-07-15T15:54:31	true
post	B005230					2026-07-15T15:54:31	true
post	B005238					2026-07-15T15:54:31	true
post	B005241					2026-07-15T15:54:31	true
post	B005242					2026-07-15T15:54:31	true
post	B005243					2026-07-15T15:54:31	true
post	B005250					2026-07-15T15:54:31	true
post	B005252					2026-07-15T15:26:06	true
post	B005257					2026-07-15T15:54:31	true
post	B005258					2026-07-15T15:54:31	true
post	B005264					2026-07-15T15:54:31	true
post	B005268					2026-07-15T15:54:31	true
post	B005279					2026-07-15T15:54:31	true
post	B005280					2026-07-15T15:11:45	true
post	B005289					2026-07-15T15:54:31	true
post	B005294					2026-07-15T15:54:31	true
post	B005299					2026-07-15T15:54:31	true
post	B005300					2026-07-15T15:54:31	true
post	B005301					2026-07-15T15:54:31	true
post	B005309					2026-07-15T15:54:31	true
post	B005313					2026-07-15T15:54:31	true
post	B005315					2026-07-15T15:54:31	true
post	B005324					2026-07-15T15:54:31	true
post	B005331					2026-07-15T15:54:31	true
post	B005333					2026-07-15T15:54:31	true
post	B005334					2026-07-15T15:54:31	true
post	B005335					2026-07-15T15:54:31	true
post	B005338					2026-07-15T15:54:31	true
post	B005349					2026-07-15T15:54:31	true
post	B005358					2026-07-15T15:54:31	true
post	B005366					2026-07-15T15:54:31	true
post	B005370					2026-07-15T15:54:31	true
post	B005371					2026-07-15T15:54:31	true
post	B005379					2026-07-15T15:54:31	true
post	B005384		53996	Avenida Santos Dumont		2026-07-15T15:51:53	
post	B005392					2026-07-15T15:54:31	true
post	B005393					2026-07-15T15:54:31	true
post	B005399					2026-07-15T15:54:31	true
post	B005406					2026-07-15T15:54:31	true
post	B005408					2026-07-15T15:54:31	true
post	B005411					2026-07-15T15:54:31	true
post	B005416					2026-07-15T15:54:31	true
post	B005446					2026-07-15T15:54:31	true
post	B005448					2026-07-15T15:54:31	true
post	B005450					2026-07-15T15:54:31	true
post	B005457					2026-07-15T15:54:31	true
post	B005458					2026-07-15T15:54:31	true
post	B005460					2026-07-15T15:54:31	true
post	B005463					2026-07-15T15:54:31	true
post	B005467					2026-07-15T15:54:31	true
post	B005471					2026-07-15T15:54:31	true
post	B005477					2026-07-15T15:54:31	true
post	B005485					2026-07-15T15:54:31	true
post	B005492					2026-07-15T15:54:31	true
post	B005497					2026-07-15T15:54:31	true
post	B005508					2026-07-15T15:54:31	true
post	B005509					2026-07-15T15:54:31	true
post	B005515					2026-07-15T15:54:31	true
post	B005516					2026-07-15T15:54:31	true
post	B005529					2026-07-15T15:54:31	true
post	B005530					2026-07-15T15:54:31	true
post	B005531					2026-07-15T15:54:31	true
post	B005541					2026-07-15T15:54:31	true
post	B005543					2026-07-15T15:54:31	true
post	B005554					2026-07-15T15:54:31	true
post	B005556					2026-07-15T15:54:31	true
post	B005561					2026-07-15T15:54:31	true
post	B005562					2026-07-15T15:54:31	true
post	B005563					2026-07-15T15:54:31	true
post	B005567					2026-07-15T15:54:31	true
post	B005573					2026-07-15T15:54:31	true
post	B005575					2026-07-15T15:54:31	true
post	B005585					2026-07-15T15:54:31	true
post	B005586					2026-07-15T15:54:31	true
post	B005588					2026-07-15T15:54:31	true
post	B005592					2026-07-15T15:54:31	true
post	B005595					2026-07-15T15:54:31	true
post	B005596					2026-07-15T15:54:31	true
post	B005600					2026-07-15T15:54:31	true
post	B005602					2026-07-15T15:54:31	true
post	B005614					2026-07-15T15:54:31	true
post	B005615					2026-07-15T15:54:31	true
post	B005619					2026-07-15T15:54:31	true
post	B005620					2026-07-15T15:54:31	true
post	B005621					2026-07-15T15:54:31	true
post	B005622					2026-07-15T15:54:31	true
post	B005623					2026-07-15T15:54:31	true
post	B005624					2026-07-15T15:54:31	true
post	B005625					2026-07-15T15:54:31	true
post	B005630					2026-07-15T15:54:31	true
post	B005633					2026-07-15T15:54:31	true
post	B005637					2026-07-15T15:54:31	true
post	B005644					2026-07-15T15:54:31	true
post	B005646					2026-07-15T15:54:31	true
post	B005647					2026-07-15T15:54:31	true
post	B005649					2026-07-15T15:54:31	true
post	B005654					2026-07-15T15:54:31	true
post	B005659					2026-07-15T15:54:31	true
post	B005673					2026-07-15T15:54:31	true
post	B005675					2026-07-15T15:54:31	true
post	B005678					2026-07-15T15:54:31	true
post	B005696					2026-07-15T15:54:31	true
post	B005699					2026-07-15T15:54:31	true
post	B005700					2026-07-15T15:54:31	true
post	B005712					2026-07-15T15:54:31	true
post	B005713					2026-07-15T15:54:31	true
post	B005728					2026-07-15T15:54:31	true
post	B005745					2026-07-15T15:54:31	true
post	B005752					2026-07-15T15:54:31	true
post	B005759					2026-07-15T15:54:31	true
post	B005760					2026-07-15T15:54:31	true
post	B005765					2026-07-15T15:54:31	true
post	B005776					2026-07-15T15:54:31	true
post	B005788					2026-07-15T15:54:31	true
post	B005790					2026-07-15T15:54:31	true
post	B005792					2026-07-15T15:54:31	true
post	B005796					2026-07-15T15:54:31	true
post	B005798					2026-07-15T15:54:31	true
post	B005800					2026-07-15T15:54:31	true
post	B005818					2026-07-15T15:54:31	true
post	B005823					2026-07-15T15:54:31	true
post	B005825					2026-07-15T15:54:31	true
post	B005854					2026-07-15T15:54:31	true
post	B005858					2026-07-15T15:54:31	true
post	B005859					2026-07-15T15:54:31	true
post	B005860					2026-07-15T15:54:31	true
post	B005861					2026-07-15T15:54:31	true
post	B005873					2026-07-15T15:54:31	true
post	B005877					2026-07-15T15:54:31	true
post	B005884					2026-07-15T15:54:31	true
post	B005885					2026-07-15T15:54:31	true
post	B005889					2026-07-15T15:54:31	true
post	B005908					2026-07-15T15:54:31	true
post	B005914					2026-07-15T15:54:31	true
post	B005932					2026-07-15T15:54:31	true
post	B005946					2026-07-15T15:54:31	true
post	B005947					2026-07-15T15:54:31	true
post	B005950					2026-07-15T15:54:31	true
post	B005965		49352	Avenida Parnamirim		2026-07-15T15:22:58	
post	B005976					2026-07-15T15:54:31	true
post	B005979					2026-07-15T15:54:31	true
post	B005982					2026-07-15T15:54:31	true
post	B005985					2026-07-15T15:54:31	true
post	B006011					2026-07-15T15:54:31	true
post	B006012					2026-07-15T15:54:31	true
post	B006015					2026-07-15T15:54:31	true
post	B006016					2026-07-15T15:54:31	true
post	B006017					2026-07-15T15:54:31	true
post	B006018					2026-07-15T15:54:31	true
post	B006019					2026-07-15T15:54:31	true
post	B006022					2026-07-15T15:54:31	true
post	B006024					2026-07-15T15:54:31	true
post	B006025					2026-07-15T15:54:31	true
post	B006026					2026-07-15T15:54:31	true
post	B006027					2026-07-15T15:54:31	true
post	B006028					2026-07-15T15:54:31	true
post	B006029					2026-07-15T15:54:31	true
post	B006030					2026-07-15T15:54:31	true
post	B006047					2026-07-15T15:54:31	true
post	B006049					2026-07-15T15:54:31	true
post	B006050					2026-07-15T15:54:31	true
post	B006051					2026-07-15T15:54:31	true
post	B006059					2026-07-15T15:54:31	true
post	B006060					2026-07-15T15:54:31	true
post	B006065					2026-07-15T15:54:31	true
post	B006068					2026-07-15T15:54:31	true
post	B006070					2026-07-15T15:54:31	true
post	B006097					2026-07-15T15:54:31	true
post	B006098					2026-07-15T15:54:31	true
post	B006105					2026-07-15T15:54:31	true
post	B006106					2026-07-15T15:54:31	true
post	B006108					2026-07-15T15:54:31	true
post	B006117					2026-07-15T15:54:31	true
post	B006119					2026-07-15T15:54:31	true
post	B006183					2026-07-15T15:54:31	true
post	B006202					2026-07-15T15:54:31	true
post	B006203					2026-07-15T15:54:31	true
post	B006204					2026-07-15T15:54:31	true
post	B006210					2026-07-15T15:54:31	true
post	B006211					2026-07-15T15:54:31	true
post	B006214					2026-07-15T15:54:31	true
post	B006220					2026-07-15T15:54:31	true
post	B006245					2026-07-15T15:54:31	true
post	B006250					2026-07-15T15:54:31	true
post	B006261					2026-07-15T15:54:31	true
post	B006281					2026-07-15T15:54:31	true
post	B006293					2026-07-15T15:54:31	true
post	B006296					2026-07-15T15:54:31	true
post	B006298					2026-07-15T15:54:31	true
post	B006304					2026-07-15T15:54:31	true
post	B006322					2026-07-15T15:54:31	true
post	B006336					2026-07-15T15:54:31	true
post	B006337					2026-07-15T15:54:31	true
post	B006343					2026-07-15T15:54:31	true
post	B006344					2026-07-15T15:54:31	true
post	B006349					2026-07-15T15:54:31	true
post	B006351					2026-07-15T15:54:31	true
post	B006353					2026-07-15T15:54:31	true
post	B006368					2026-07-15T15:54:31	true
post	B006370					2026-07-15T15:54:31	true
post	B006375					2026-07-15T15:54:31	true
post	B006382					2026-07-15T15:54:31	true
post	B006385					2026-07-15T15:54:31	true
post	B006386					2026-07-15T15:54:31	true
post	B006417					2026-07-15T15:54:31	true
post	B006418					2026-07-15T15:54:31	true
post	B006422					2026-07-15T15:54:31	true
post	B006427					2026-07-15T15:54:31	true
post	B006433					2026-07-15T15:54:31	true
post	B006459					2026-07-15T15:54:31	true
post	B006461					2026-07-15T15:54:31	true
post	B006462					2026-07-15T15:54:31	true
post	B006463					2026-07-15T15:54:31	true
post	B006467					2026-07-15T15:54:31	true
post	B006475					2026-07-15T15:54:31	true
post	B006478					2026-07-15T15:54:31	true
post	B006487					2026-07-15T15:54:31	true
post	B006493					2026-07-15T15:54:31	true
post	B006499					2026-07-15T15:54:31	true
post	B006500					2026-07-15T15:54:31	true
post	B006501					2026-07-15T15:54:31	true
post	B006504					2026-07-15T15:54:31	true
post	B006506					2026-07-15T15:54:31	true
post	B006508					2026-07-15T15:54:31	true
post	B006509					2026-07-15T15:54:31	true
post	B006510					2026-07-15T15:54:31	true
post	B006511					2026-07-15T15:54:31	true
post	B006536					2026-07-15T15:54:31	true
post	B006537					2026-07-15T15:54:31	true
post	B006538					2026-07-15T15:54:31	true
post	B006553					2026-07-15T15:54:31	true
post	B006554					2026-07-15T15:54:31	true
post	B006556					2026-07-15T15:54:31	true
post	B006562					2026-07-15T15:54:31	true
post	B006565					2026-07-15T15:54:31	true
post	B006569					2026-07-15T15:54:31	true
post	B006576					2026-07-15T15:54:31	true
post	B006577					2026-07-15T15:54:31	true
post	B006584					2026-07-15T15:54:31	true
post	B006588					2026-07-15T15:54:31	true
post	B006591					2026-07-15T15:54:31	true
post	B006602					2026-07-15T15:54:31	true
post	B006606					2026-07-15T15:54:31	true
post	B006644					2026-07-15T15:54:31	true
post	B006649					2026-07-15T15:54:31	true
post	B006651					2026-07-15T15:54:31	true
post	B006657					2026-07-15T15:54:31	true
post	B006658					2026-07-15T15:54:31	true
post	B006659		23752	Rua Feliciano José de Farias	Aqui o agente errou a rua no cadastro oficial.	2026-07-15T15:18:59	
post	B006668					2026-07-15T15:54:31	true
post	B006669					2026-07-15T15:54:31	true
post	B006680					2026-07-15T15:54:31	true
post	B006700					2026-07-15T15:54:31	true
post	B006709					2026-07-15T15:54:31	true
post	B006711					2026-07-15T15:54:31	true
post	B006713					2026-07-15T15:54:31	true
post	B006714					2026-07-15T15:54:31	true
post	B006715					2026-07-15T15:54:31	true
post	B006716					2026-07-15T15:54:31	true
post	B006717					2026-07-15T15:54:31	true
post	B006718					2026-07-15T15:54:31	true
post	B006736					2026-07-15T15:54:31	true
post	B006737					2026-07-15T15:54:31	true
post	B006741					2026-07-15T15:54:31	true
post	B006743					2026-07-15T15:54:31	true
post	B006750					2026-07-15T15:54:31	true
post	B006751					2026-07-15T15:54:31	true
post	B006753					2026-07-15T15:54:31	true
post	B006754					2026-07-15T15:54:31	true
post	B006755					2026-07-15T15:54:31	true
post	B006756					2026-07-15T15:54:31	true
post	B006757					2026-07-15T15:54:31	true
post	B006761					2026-07-15T15:54:31	true
post	B006822					2026-07-15T15:54:31	true
post	B006827					2026-07-15T15:54:31	true
post	B006848					2026-07-15T15:54:31	true
post	B006860					2026-07-15T15:54:31	true
post	B006868					2026-07-15T15:54:31	true
post	B006871					2026-07-15T15:54:31	true
post	B006875					2026-07-15T15:54:31	true
post	B006876					2026-07-15T15:54:31	true
post	B006886					2026-07-15T15:54:31	true
post	B006887					2026-07-15T15:54:31	true
post	B006890					2026-07-15T15:54:31	true
post	B006892					2026-07-15T15:54:31	true
post	B006893					2026-07-15T15:54:31	true
post	B006903					2026-07-15T15:54:31	true
post	B006905					2026-07-15T15:54:31	true
post	B006907					2026-07-15T15:54:31	true
post	B006915					2026-07-15T15:54:31	true
post	B006916					2026-07-15T15:54:31	true
post	B006922					2026-07-15T15:54:31	true
post	B006923					2026-07-15T15:54:31	true
post	B006925					2026-07-15T15:54:31	true
post	B006957					2026-07-15T15:54:31	true
post	B006970					2026-07-15T15:54:31	true
post	B006990					2026-07-15T15:54:31	true
post	B007004					2026-07-15T15:54:31	true
post	B007008					2026-07-15T15:54:31	true
post	B007010					2026-07-15T15:54:31	true
post	B007013					2026-07-15T15:54:31	true
post	B007015					2026-07-15T15:54:31	true
post	B007021					2026-07-15T15:54:31	true
post	B007027					2026-07-15T15:54:31	true
post	B007046					2026-07-15T15:54:31	true
post	B007063					2026-07-15T15:54:31	true
post	B007070					2026-07-15T15:54:31	true
post	B007071					2026-07-15T15:54:31	true
post	B007072					2026-07-15T15:54:31	true
post	B007073		64378	Rua Dr Vicente Gomes		2026-07-15T15:19:54	
post	B007075		64378	Rua Dr Vicente Gomes		2026-07-15T15:19:54	
post	B007085		64378	Rua Dr Vicente Gomes		2026-07-15T15:19:54	
post	B007086					2026-07-15T15:54:31	true
post	B007090					2026-07-15T15:54:31	true
post	B007098					2026-07-15T15:54:31	true
post	B007152					2026-07-15T15:54:31	true
post	B007153					2026-07-15T15:54:31	true
post	B007156					2026-07-15T15:54:31	true
post	B007157					2026-07-15T15:54:31	true
post	B007158					2026-07-15T15:54:31	true
post	B007172					2026-07-15T15:54:31	true
post	B007173					2026-07-15T15:54:31	true
post	B007176					2026-07-15T15:54:31	true
post	B007184					2026-07-15T15:54:31	true
post	B007189					2026-07-15T15:54:31	true
post	B007190					2026-07-15T15:14:57	true
post	B007191					2026-07-15T15:14:57	true
post	B007194					2026-07-15T15:14:57	true
post	B007201					2026-07-15T15:54:31	true
post	B007203					2026-07-15T15:54:31	true
post	B007206					2026-07-15T15:54:31	true
post	B007208					2026-07-15T15:54:31	true
post	B007209					2026-07-15T15:54:31	true
post	B007210					2026-07-15T15:54:31	true
post	B007211					2026-07-15T15:54:31	true
post	B007239					2026-07-15T15:54:31	true
post	B007241					2026-07-15T15:54:31	true
post	B007242					2026-07-15T15:54:31	true
post	B007248					2026-07-15T15:54:31	true
post	B007252		32972	Rua Visconde de Jequitinhonha		2026-07-15T15:07:15	
post	B007257					2026-07-15T15:54:31	true
post	B007258					2026-07-15T15:54:31	true
post	B007263					2026-07-15T15:54:31	true
post	B007265					2026-07-15T15:54:31	true
post	B007272					2026-07-15T15:54:31	true
post	B007283					2026-07-15T15:54:31	true
post	B007303					2026-07-15T15:54:31	true
post	B007313					2026-07-15T15:54:31	true
post	B007314					2026-07-15T15:54:31	true
post	B007327					2026-07-15T15:54:31	true
post	B007331					2026-07-15T15:54:31	true
post	B007354					2026-07-15T15:54:31	true
post	B007367					2026-07-15T15:54:31	true
post	B007369					2026-07-15T15:54:31	true
post	B007370					2026-07-15T15:54:31	true
post	B007371					2026-07-15T15:54:31	true
post	B007373					2026-07-15T15:54:31	true
post	B007375					2026-07-15T15:54:31	true
post	B007376					2026-07-15T15:54:31	true
post	B007378					2026-07-15T15:54:31	true
post	B007381					2026-07-15T15:07:59	true
post	B007382					2026-07-15T15:07:59	true
post	B007383					2026-07-15T15:07:59	true
post	B007384					2026-07-15T15:07:59	true
post	B007385					2026-07-15T15:07:59	true
post	B007390					2026-07-15T15:07:59	true
post	B007391					2026-07-15T15:54:31	true
post	B007395					2026-07-15T15:54:31	true
post	B007397					2026-07-15T15:54:31	true
post	B007399					2026-07-15T15:54:31	true
post	B007404					2026-07-15T15:54:31	true
post	B007408					2026-07-15T15:54:31	true
post	B007411					2026-07-15T15:54:31	true
post	B007415					2026-07-15T15:54:31	true
post	B007417					2026-07-15T15:54:31	true
post	B007419					2026-07-15T15:54:31	true
post	B007420					2026-07-15T15:54:31	true
post	B007421					2026-07-15T15:54:31	true
post	B007423					2026-07-15T15:54:31	true
post	B007424					2026-07-15T15:54:31	true
post	B007427					2026-07-15T15:54:31	true
post	B007428					2026-07-15T15:54:31	true
post	B007451					2026-07-15T15:54:31	true
post	B007457					2026-07-15T15:54:31	true
post	B007459					2026-07-15T15:54:31	true
post	B007466					2026-07-15T15:54:31	true
post	B007468					2026-07-15T15:54:31	true
post	B007469					2026-07-15T15:54:31	true
post	B007471					2026-07-15T15:54:31	true
post	B007472					2026-07-15T15:54:31	true
post	B007488					2026-07-15T15:54:31	true
post	B007493					2026-07-15T15:54:31	true
post	B007495					2026-07-15T15:54:31	true
post	B007498					2026-07-15T15:54:31	true
post	B007515					2026-07-15T15:25:53	true
post	B007523					2026-07-15T15:54:31	true
post	B007528					2026-07-15T15:54:31	true
post	B007530					2026-07-15T15:54:31	true
post	B007538					2026-07-15T15:54:31	true
post	B007540					2026-07-15T15:54:31	true
post	B007542					2026-07-15T15:54:31	true
post	B007553					2026-07-15T15:54:31	true
post	B007555					2026-07-15T15:54:31	true
post	B007611					2026-07-15T15:54:31	true
post	B007613					2026-07-15T15:54:31	true
post	B007624					2026-07-15T15:54:31	true
post	B007633					2026-07-15T15:54:31	true
post	B007640					2026-07-15T15:54:31	true
post	B007656					2026-07-15T15:54:31	true
post	B007671					2026-07-15T15:54:31	true
post	B007701					2026-07-15T15:54:31	true
post	B007865					2026-07-15T15:54:31	true
post	B008010					2026-07-15T15:54:31	true
post	B008018					2026-07-15T15:54:31	true
post	B008020					2026-07-15T15:54:31	true
post	B008024					2026-07-15T15:54:31	true
post	B008029					2026-07-15T15:54:31	true
post	B008036					2026-07-15T15:54:31	true
post	B008045					2026-07-15T15:54:31	true
post	B008046					2026-07-15T15:54:31	true
post	B008050					2026-07-15T15:54:31	true
post	B008059					2026-07-15T15:54:31	true
post	B008060					2026-07-15T15:54:31	true
post	B008061					2026-07-15T15:54:31	true
post	B008064					2026-07-15T15:54:31	true
post	B008093					2026-07-15T15:54:31	true
post	B008094					2026-07-15T15:54:31	true
post	B008096					2026-07-15T15:54:31	true
post	B008097					2026-07-15T15:54:31	true
post	B008098					2026-07-15T15:54:31	true
post	B008099					2026-07-15T15:54:31	true
post	B008109					2026-07-15T15:54:31	true
post	B008111					2026-07-15T15:54:31	true
post	B008125					2026-07-15T15:54:31	true
post	B008130					2026-07-15T15:54:31	true
post	B008145					2026-07-15T15:54:31	true
post	B008224					2026-07-15T15:54:31	true
post	B008225					2026-07-15T15:54:31	true
post	B008226					2026-07-15T15:54:31	true
post	B008229					2026-07-15T15:54:31	true
post	B008256					2026-07-15T15:14:57	true
post	B008278					2026-07-15T15:54:31	true
post	B008295					2026-07-15T15:54:31	true
post	B008306					2026-07-15T15:54:31	true
post	B008391					2026-07-15T15:54:31	true
post	B008395					2026-07-15T15:54:31	true
post	B008501					2026-07-15T15:54:31	true
post	B008503					2026-07-15T15:54:31	true
post	B008504					2026-07-15T15:54:31	true
post	B008508					2026-07-15T15:54:31	true
post	B008510					2026-07-15T15:54:31	true
post	B008514					2026-07-15T15:54:31	true
post	B008523					2026-07-15T15:54:31	true
post	B008533					2026-07-15T15:54:31	true
post	B008543					2026-07-15T15:54:31	true
post	B008558		40053	Rua Luiz Pimentel		2026-07-15T15:30:41	
post	B008565					2026-07-15T15:54:31	true
post	B008574					2026-07-15T15:54:31	true
post	B008588		17957	Rua Cosmorama		2026-07-15T15:14:39	
post	B008593					2026-07-15T15:54:31	true
post	B008595					2026-07-15T15:54:31	true
post	B008613					2026-07-15T15:54:31	true
post	B008625					2026-07-15T15:54:31	true
post	B008629					2026-07-15T15:54:31	true
post	B008644					2026-07-15T15:54:31	true
post	B008656					2026-07-15T15:54:31	true
post	B008659					2026-07-15T15:54:31	true
post	B008660					2026-07-15T15:54:31	true
post	B008690					2026-07-15T15:12:22	true
post	B008695					2026-07-15T15:54:31	true
post	B008733					2026-07-15T15:54:31	true
post	B008736					2026-07-15T15:54:31	true
post	B008737					2026-07-15T15:54:31	true
post	B008738					2026-07-15T15:54:31	true
post	B008739					2026-07-15T15:54:31	true
post	B008742					2026-07-15T15:54:31	true
post	B008748					2026-07-15T15:54:31	true
post	B008750					2026-07-15T15:54:31	true
post	B008753					2026-07-15T15:54:31	true
post	B008754					2026-07-15T15:54:31	true
post	B008779					2026-07-15T15:54:31	true
post	B009004					2026-07-15T15:54:31	true
post	B009009					2026-07-15T15:54:31	true
post	B009028					2026-07-15T15:54:31	true
post	B009030					2026-07-15T15:54:31	true
post	B009031					2026-07-15T15:54:31	true
post	B009037					2026-07-15T15:54:31	true
post	B009040		1155	Avenida Governador Agamenon Magalhães		2026-07-15T15:49:10	
post	B009041		1155	Avenida Governador Agamenon Magalhães		2026-07-15T15:49:10	
post	B009042					2026-07-15T15:54:31	true
post	B009044					2026-07-15T15:54:31	true
post	B009046					2026-07-15T15:54:31	true
post	B009047					2026-07-15T15:54:31	true
post	B009050					2026-07-15T15:54:31	true
post	B009051					2026-07-15T15:54:31	true
post	B009053					2026-07-15T15:54:31	true
post	B009054					2026-07-15T15:54:31	true
post	B009057					2026-07-15T15:54:31	true
post	B009074					2026-07-15T15:54:31	true
post	B009077					2026-07-15T15:54:31	true
post	B009078					2026-07-15T15:54:31	true
post	B009084					2026-07-15T15:54:31	true
post	B009090					2026-07-15T15:54:31	true
post	B009093					2026-07-15T15:54:31	true
post	B009098					2026-07-15T15:54:31	true
post	B009099					2026-07-15T15:54:31	true
post	B009100					2026-07-15T15:54:31	true
post	B009103					2026-07-15T15:54:31	true
post	B009104					2026-07-15T15:54:31	true
post	B009105					2026-07-15T15:54:31	true
post	B009106					2026-07-15T15:54:31	true
post	B009107					2026-07-15T15:54:31	true
post	B009109					2026-07-15T15:54:31	true
post	B009114					2026-07-15T15:54:31	true
post	B009115					2026-07-15T15:54:31	true
post	B009116					2026-07-15T15:54:31	true
post	B009119					2026-07-15T15:54:31	true
post	B009120					2026-07-15T15:54:31	true
post	B009123					2026-07-15T15:54:31	true
post	B009130					2026-07-15T15:54:31	true
post	B009131					2026-07-15T15:54:31	true
post	B009132					2026-07-15T15:54:31	true
post	B009133					2026-07-15T15:54:31	true
post	B009145					2026-07-15T15:54:31	true
post	B009146					2026-07-15T15:54:31	true
post	B009147					2026-07-15T15:54:31	true
post	B009203					2026-07-15T15:54:31	true
post	B009206					2026-07-15T15:54:31	true
post	B009207					2026-07-15T15:54:31	true
post	B009210					2026-07-15T15:54:31	true
post	B009211					2026-07-15T15:54:31	true
post	B009212					2026-07-15T15:54:31	true
post	B009214					2026-07-15T15:54:31	true
post	B009216					2026-07-15T15:16:04	true
post	B009217					2026-07-15T15:54:31	true
post	B009219					2026-07-15T15:54:31	true
post	B009222					2026-07-15T15:16:04	true
post	B009223					2026-07-15T15:16:04	true
post	B009224					2026-07-15T15:16:04	true
post	B009232					2026-07-15T15:54:31	true
post	B009233					2026-07-15T15:54:31	true
post	B009234					2026-07-15T15:54:31	true
post	B009236					2026-07-15T15:54:31	true
post	B009237					2026-07-15T15:54:31	true
post	B009238					2026-07-15T15:54:31	true
post	B009239					2026-07-15T15:54:31	true
post	B009240					2026-07-15T15:54:31	true
post	B009241					2026-07-15T15:54:31	true
post	B009242					2026-07-15T15:54:31	true
post	B009243					2026-07-15T15:19:15	true
post	B009244					2026-07-15T15:54:31	true
post	B009245					2026-07-15T15:54:31	true
post	B009246					2026-07-15T15:54:31	true
post	B009247					2026-07-15T15:54:31	true
post	B009262					2026-07-15T15:54:31	true
post	B009280					2026-07-15T15:54:31	true
post	B009320					2026-07-15T15:54:31	true
post	B009341					2026-07-15T15:54:31	true
post	B009347					2026-07-15T15:54:31	true
post	B009348					2026-07-15T15:54:31	true
post	B009349					2026-07-15T15:54:31	true
post	B009352					2026-07-15T15:54:31	true
post	B009364					2026-07-15T15:22:14	true
post	B009366					2026-07-15T15:54:31	true
post	B009368					2026-07-15T15:54:31	true
post	B009369					2026-07-15T15:54:31	true
post	B009374					2026-07-15T15:54:31	true
post	B009377					2026-07-15T15:54:31	true
post	B009378					2026-07-15T15:22:14	true
post	B009379					2026-07-15T15:22:14	true
post	B009380					2026-07-15T15:54:31	true
post	B009381					2026-07-15T15:54:31	true
post	B009383					2026-07-15T15:54:31	true
post	B009404					2026-07-15T15:54:31	true
post	B009406					2026-07-15T15:54:31	true
post	B009409					2026-07-15T15:54:31	true
post	B009412					2026-07-15T15:54:31	true
post	B009417					2026-07-15T15:54:31	true
post	B009418					2026-07-15T15:54:31	true
post	B009421					2026-07-15T15:54:31	true
post	B009423					2026-07-15T15:19:15	true
post	B009424					2026-07-15T15:54:31	true
post	B009425					2026-07-15T15:54:31	true
post	B009427					2026-07-15T15:54:31	true
post	B009428					2026-07-15T15:54:31	true
post	B009432					2026-07-15T15:54:31	true
post	B009433					2026-07-15T15:54:31	true
post	B009434		94463	Rua José de Barros Bezerra		2026-07-15T15:18:27	
post	B009435		94463	Rua José de Barros Bezerra		2026-07-15T15:18:27	
post	B009436		94463	Rua José de Barros Bezerra		2026-07-15T15:18:27	
post	B009437		94463	Rua José de Barros Bezerra		2026-07-15T15:18:27	
post	B009439		94463	Rua José de Barros Bezerra		2026-07-15T15:18:27	
post	B009440		94463	Rua José de Barros Bezerra		2026-07-15T15:18:27	
post	B009442					2026-07-15T15:54:31	true
post	B009447					2026-07-15T15:54:31	true
post	B009451					2026-07-15T15:54:31	true
post	B009455					2026-07-15T15:54:31	true
post	B009458					2026-07-15T15:54:31	true
post	B009459					2026-07-15T15:54:31	true
post	B009460					2026-07-15T15:54:31	true
post	B009461					2026-07-15T15:54:31	true
post	B009462					2026-07-15T15:54:31	true
post	B009463					2026-07-15T15:54:31	true
post	B009471					2026-07-15T15:54:31	true
post	B009476					2026-07-15T15:54:31	true
post	B009478					2026-07-15T15:54:31	true
post	B009479					2026-07-15T15:54:31	true
post	B009529					2026-07-15T15:54:31	true
post	B009530					2026-07-15T15:54:31	true
post	B009533					2026-07-15T15:54:31	true
post	B009534					2026-07-15T15:54:31	true
post	B009535					2026-07-15T15:54:31	true
post	B009536					2026-07-15T15:54:31	true
post	B009546					2026-07-15T15:54:31	true
post	B009547					2026-07-15T15:54:31	true
post	B009552					2026-07-15T15:54:31	true
post	B009554					2026-07-15T15:54:31	true
post	B009562					2026-07-15T15:54:31	true
post	B009567					2026-07-15T15:54:31	true
post	B009572					2026-07-15T15:54:31	true
post	B009574					2026-07-15T15:54:31	true
post	B009579					2026-07-15T15:54:31	true
post	B009580					2026-07-15T15:54:31	true
post	B009581					2026-07-15T15:54:31	true
post	B009583					2026-07-15T15:54:31	true
post	B009584					2026-07-15T15:54:31	true
post	B009590					2026-07-15T15:54:31	true
post	B009593					2026-07-15T15:54:31	true
post	B009595					2026-07-15T15:54:31	true
post	B009596					2026-07-15T15:54:31	true
post	B009597					2026-07-15T15:54:31	true
post	B009599					2026-07-15T15:54:31	true
post	B009600					2026-07-15T15:54:31	true
post	B009601					2026-07-15T15:54:31	true
post	B009603					2026-07-15T15:54:31	true
post	B009605					2026-07-15T15:54:31	true
post	B009606					2026-07-15T15:54:31	true
post	B009608					2026-07-15T15:54:31	true
post	B009612					2026-07-15T15:54:31	true
post	B009614					2026-07-15T15:54:31	true
post	B009615					2026-07-15T15:54:31	true
post	B009616					2026-07-15T15:54:31	true
post	B009619					2026-07-15T15:54:31	true
post	B009621					2026-07-15T15:54:31	true
post	B009622					2026-07-15T15:54:31	true
post	B009624					2026-07-15T15:54:31	true
post	B009626					2026-07-15T15:54:31	true
post	B009627					2026-07-15T15:54:31	true
post	B009636					2026-07-15T15:54:31	true
post	B009639					2026-07-15T15:54:31	true
post	B009644					2026-07-15T15:54:31	true
post	B009649					2026-07-15T15:54:31	true
post	B009652					2026-07-15T15:54:31	true
post	B009653					2026-07-15T15:54:31	true
post	B009655					2026-07-15T15:54:31	true
post	B009664					2026-07-15T15:54:31	true
post	B009672					2026-07-15T15:54:31	true
post	B009673					2026-07-15T15:54:31	true
post	B009674					2026-07-15T15:54:31	true
post	B009675					2026-07-15T15:54:31	true
post	B009676					2026-07-15T15:54:31	true
post	B009677					2026-07-15T15:54:31	true
post	B009678					2026-07-15T15:54:31	true
post	B009692					2026-07-15T15:54:31	true
post	B009694					2026-07-15T15:54:31	true
post	B009703					2026-07-15T15:54:31	true
post	B009704					2026-07-15T15:54:31	true
post	B009706					2026-07-15T15:54:31	true
post	B009707					2026-07-15T15:54:31	true
post	B009711					2026-07-15T15:54:31	true
post	B009712					2026-07-15T15:54:31	true
post	B009713					2026-07-15T15:54:31	true
post	B009714					2026-07-15T15:54:31	true
post	B009715					2026-07-15T15:54:31	true
post	B009723					2026-07-15T15:54:31	true
post	B009728					2026-07-15T15:54:31	true
post	B009731					2026-07-15T15:54:31	true
post	B009733					2026-07-15T15:54:31	true
post	B009736					2026-07-15T15:54:31	true
post	B009737					2026-07-15T15:54:31	true
post	B009738					2026-07-15T15:54:31	true
post	B009741					2026-07-15T15:54:31	true
post	B009742					2026-07-15T15:54:31	true
post	B009745					2026-07-15T15:54:31	true
post	B009747					2026-07-15T15:54:31	true
post	B009748					2026-07-15T15:54:31	true
post	B009749					2026-07-15T15:54:31	true
post	B009750					2026-07-15T15:54:31	true
post	B009763					2026-07-15T15:54:31	true
post	B009776					2026-07-15T15:54:31	true
post	B009786					2026-07-15T15:54:31	true
post	B009787					2026-07-15T15:54:31	true
post	B009788					2026-07-15T15:54:31	true
post	B009795					2026-07-15T15:54:31	true
post	B009806					2026-07-15T15:54:31	true
post	B009808					2026-07-15T15:54:31	true
post	B009809					2026-07-15T15:54:31	true
post	B009819					2026-07-15T15:54:31	true
post	B009821					2026-07-15T15:54:31	true
post	B009822					2026-07-15T15:54:31	true
post	B009823					2026-07-15T15:54:31	true
post	B009826					2026-07-15T15:54:31	true
post	B009828					2026-07-15T15:54:31	true
post	B009830					2026-07-15T15:54:31	true
post	B009833					2026-07-15T15:54:31	true
post	B009836					2026-07-15T15:54:31	true
post	B009837					2026-07-15T15:54:31	true
post	B009839					2026-07-15T15:54:31	true
post	B009840					2026-07-15T15:54:31	true
post	B009843		18252	Rua das Creoulas		2026-07-15T15:12:35	
post	B009845		18252	Rua das Creoulas		2026-07-15T15:12:35	
post	B009846					2026-07-15T15:54:31	true
post	B009850					2026-07-15T15:54:31	true
post	B009854					2026-07-15T15:11:45	true
post	B009855					2026-07-15T15:54:31	true
post	B009856					2026-07-15T15:54:31	true
post	B009860		18252	Rua das Creoulas		2026-07-15T15:12:35	
post	B009861					2026-07-15T15:54:31	true
post	B009866					2026-07-15T15:54:31	true
post	B009867		18252	Rua das Creoulas		2026-07-15T15:12:35	
post	B009869					2026-07-15T15:54:31	true
post	B009870					2026-07-15T15:54:31	true
post	B009878					2026-07-15T15:54:31	true
post	B009889					2026-07-15T15:11:45	true
post	B009893					2026-07-15T15:54:31	true
post	B009894					2026-07-15T15:54:31	true
post	B009896					2026-07-15T15:54:31	true
post	B009897					2026-07-15T15:54:31	true
post	B009901					2026-07-15T15:54:31	true
post	B009903					2026-07-15T15:54:31	true
post	B009914					2026-07-15T15:54:31	true
post	B009920					2026-07-15T15:54:31	true
post	B009925					2026-07-15T15:54:31	true
post	B009937					2026-07-15T15:54:31	true
post	B009939					2026-07-15T15:54:31	true
post	B009949					2026-07-15T15:54:31	true
post	B009950					2026-07-15T15:54:31	true
post	B009951					2026-07-15T15:54:31	true
post	B009958					2026-07-15T15:54:31	true
post	B009961					2026-07-15T15:54:31	true
post	B009962					2026-07-15T15:54:31	true
post	B009963					2026-07-15T15:54:31	true
post	B009964					2026-07-15T15:54:31	true
post	B009972					2026-07-15T15:54:31	true
post	B009976					2026-07-15T15:54:31	true
post	B009979					2026-07-15T15:54:31	true
post	B009981					2026-07-15T15:54:31	true
post	B009989					2026-07-15T15:54:31	true
post	B009990					2026-07-15T15:54:31	true
post	B009991					2026-07-15T15:54:31	true
post	B009992					2026-07-15T15:54:31	true
post	B009994					2026-07-15T15:54:31	true
post	B010061					2026-07-15T15:54:31	true
post	B010064					2026-07-15T15:54:31	true
post	B010078					2026-07-15T15:54:31	true
post	B010079					2026-07-15T15:54:31	true
post	B010101					2026-07-15T15:54:31	true
post	B010104					2026-07-15T15:14:57	true
post	B010105					2026-07-15T15:14:57	true
post	B010107					2026-07-15T15:54:31	true
post	B010132					2026-07-15T15:54:31	true
post	B010158					2026-07-15T15:54:31	true
post	B010159					2026-07-15T15:54:31	true
post	B010175					2026-07-15T15:54:31	true
post	B010196					2026-07-15T15:54:31	true
post	B010199					2026-07-15T15:54:31	true
post	B010233					2026-07-15T15:54:31	true
post	B010234					2026-07-15T15:54:31	true
post	B010235					2026-07-15T15:54:31	true
post	B010238					2026-07-15T15:54:31	true
post	B010241					2026-07-15T15:54:31	true
post	B010251					2026-07-15T15:54:31	true
post	B010252					2026-07-15T15:54:31	true
post	B010266					2026-07-15T15:54:31	true
post	B010267					2026-07-15T15:54:31	true
post	B010316					2026-07-15T15:54:31	true
post	B010318					2026-07-15T15:54:31	true
post	B010321					2026-07-15T15:54:31	true
post	B010322					2026-07-15T15:54:31	true
post	B010338					2026-07-15T15:54:31	true
post	B010342					2026-07-15T15:54:31	true
post	B010355					2026-07-15T15:54:31	true
post	B010357					2026-07-15T15:54:31	true
post	B010360					2026-07-15T15:54:31	true
post	B010373					2026-07-15T15:54:31	true
post	B010378					2026-07-15T15:54:31	true
post	B010394					2026-07-15T15:54:31	true
post	B010409					2026-07-15T15:54:31	true
post	B010451					2026-07-15T15:54:31	true
post	B010459					2026-07-15T15:54:31	true
post	B010460					2026-07-15T15:54:31	true
post	B010461					2026-07-15T15:54:31	true
post	B010469					2026-07-15T15:54:31	true
post	B010486					2026-07-15T15:54:31	true
post	B010490					2026-07-15T15:54:31	true
post	B010497					2026-07-15T15:54:31	true
post	B010506					2026-07-15T15:54:31	true
post	B010512					2026-07-15T15:54:31	true
post	B010529					2026-07-15T15:54:31	true
post	B010549					2026-07-15T15:54:31	true
post	B010561					2026-07-15T15:54:31	true
post	B010562					2026-07-15T15:54:31	true
post	B010575		45160	Rua Comendador Moraes		2026-07-15T15:19:34	
post	B010594					2026-07-15T15:54:31	true
post	B010596					2026-07-15T15:54:31	true
post	B010598					2026-07-15T15:54:31	true
post	B010702					2026-07-15T15:54:31	true
post	B010759					2026-07-15T15:54:31	true
post	B010815					2026-07-15T15:54:31	true
post	B010816					2026-07-15T15:54:31	true
post	B010934					2026-07-15T15:54:31	true
post	B010936					2026-07-15T15:54:31	true
post	B010938					2026-07-15T15:54:31	true
post	B010939					2026-07-15T15:54:31	true
post	B010960					2026-07-15T15:54:31	true
post	B010979					2026-07-15T15:54:31	true
post	B010983					2026-07-15T15:54:31	true
post	B010986					2026-07-15T15:54:31	true
post	B010990					2026-07-15T15:54:31	true
post	B010991					2026-07-15T15:54:31	true
post	B011004					2026-07-15T15:54:31	true
post	B011071					2026-07-15T15:54:31	true
post	B011115					2026-07-15T15:54:31	true
post	B011117					2026-07-15T15:54:31	true
post	B011159					2026-07-15T15:54:31	true
post	B011265					2026-07-15T15:54:31	true
post	B011393					2026-07-15T15:54:31	true
post	B011396					2026-07-15T15:54:31	true
post	B011548					2026-07-15T15:54:31	true
post	B011613					2026-07-15T15:54:31	true
post	B011662					2026-07-15T15:54:31	true
post	B011904					2026-07-15T15:54:31	true
post	B011978					2026-07-15T15:54:31	true
post	B012039					2026-07-15T15:54:31	true
post	B012041					2026-07-15T15:54:31	true
post	B012064					2026-07-15T15:54:31	true
post	B012138					2026-07-15T15:54:31	true
post	B012145					2026-07-15T15:54:31	true
post	B012147		64378	Rua Dr Vicente Gomes		2026-07-15T15:19:54	
post	B012149					2026-07-15T15:54:31	true
post	B012150					2026-07-15T15:54:31	true
post	B012152					2026-07-15T15:54:31	true
post	B012156					2026-07-15T15:54:31	true
post	B012170					2026-07-15T15:54:31	true
post	B012176					2026-07-15T15:54:31	true
post	B012207					2026-07-15T15:08:38	true
post	B012208					2026-07-15T15:54:31	true
post	B012209					2026-07-15T15:54:31	true
post	B012223					2026-07-15T15:54:31	true
post	B012226					2026-07-15T15:54:31	true
post	B012228					2026-07-15T15:54:31	true
post	B012229					2026-07-15T15:54:31	true
post	B012230					2026-07-15T15:54:31	true
post	B012233					2026-07-15T15:54:31	true
post	B012235					2026-07-15T15:54:31	true
post	B012237					2026-07-15T15:54:31	true
post	B012238					2026-07-15T15:54:31	true
post	B012239					2026-07-15T15:54:31	true
post	B012242					2026-07-15T15:54:31	true
post	B012244					2026-07-15T15:54:31	true
post	B012245					2026-07-15T15:54:31	true
post	B012246					2026-07-15T15:54:31	true
post	B012247					2026-07-15T15:54:31	true
post	B012248					2026-07-15T15:54:31	true
post	B012249					2026-07-15T15:54:31	true
post	B012250					2026-07-15T15:54:31	true
post	B012252					2026-07-15T15:54:31	true
post	B012253					2026-07-15T15:54:31	true
post	B012254					2026-07-15T15:54:31	true
post	B012258					2026-07-15T15:54:31	true
post	B012259					2026-07-15T15:54:31	true
post	B012260					2026-07-15T15:54:31	true
post	B012261					2026-07-15T15:54:31	true
post	B012262					2026-07-15T15:54:31	true
post	B012264					2026-07-15T15:54:31	true
post	B012266					2026-07-15T15:54:31	true
post	B012267					2026-07-15T15:54:31	true
post	B012268					2026-07-15T15:54:31	true
post	B012269					2026-07-15T15:54:31	true
post	B012270					2026-07-15T15:54:31	true
post	B012271					2026-07-15T15:54:31	true
post	B012274					2026-07-15T15:54:31	true
post	B012275					2026-07-15T15:54:31	true
post	B012277					2026-07-15T15:54:31	true
post	B012280					2026-07-15T15:54:31	true
post	B012282					2026-07-15T15:54:31	true
post	B012286					2026-07-15T15:54:31	true
post	B012287					2026-07-15T15:54:31	true
post	B012294					2026-07-15T15:54:31	true
post	B012295					2026-07-15T15:54:31	true
post	B012296					2026-07-15T15:54:31	true
post	B012299					2026-07-15T15:54:31	true
post	B012306		17957	Rua Cosmorama		2026-07-15T15:14:39	
post	B012309		17957	Rua Cosmorama		2026-07-15T15:14:39	
post	B012310		17957	Rua Cosmorama		2026-07-15T15:14:39	
post	B012348		17957	Rua Cosmorama		2026-07-15T15:14:39	
post	B012469					2026-07-15T15:54:31	true
post	B012470					2026-07-15T15:54:31	true
post	B012472					2026-07-15T15:54:31	true
post	B012473					2026-07-15T15:54:31	true
post	B012474					2026-07-15T15:54:31	true
post	B012475					2026-07-15T15:54:31	true
post	B012476					2026-07-15T15:54:31	true
post	B012477					2026-07-15T15:54:31	true
post	B012478					2026-07-15T15:54:31	true
post	B012487					2026-07-15T15:54:31	true
post	B012488					2026-07-15T15:54:31	true
post	B012516					2026-07-15T15:54:31	true
post	B012517					2026-07-15T15:54:31	true
post	B012518					2026-07-15T15:54:31	true
post	B012563					2026-07-15T15:54:31	true
post	B012603					2026-07-15T15:54:31	true
post	B012614					2026-07-15T15:54:31	true
post	B012624					2026-07-15T15:54:31	true
post	B012629					2026-07-15T15:54:31	true
post	B012666					2026-07-15T15:54:31	true
post	B012671					2026-07-15T15:54:31	true
post	B012672					2026-07-15T15:54:31	true
post	B012673					2026-07-15T15:54:31	true
post	B012674					2026-07-15T15:54:31	true
post	B012676					2026-07-15T15:54:31	true
post	B012680					2026-07-15T15:54:31	true
post	B012685					2026-07-15T15:54:31	true
post	B012689					2026-07-15T15:54:31	true
post	B012690					2026-07-15T15:54:31	true
post	B012704					2026-07-15T15:54:31	true
post	B012707		17957	Rua Cosmorama		2026-07-15T15:14:39	
post	B012708		17957	Rua Cosmorama		2026-07-15T15:14:39	
post	B012711		17957	Rua Cosmorama		2026-07-15T15:14:39	
post	B012734					2026-07-15T15:54:31	true
post	B012740		17957	Rua Cosmorama		2026-07-15T15:14:39	
post	B012808					2026-07-15T15:54:31	true
post	B013103					2026-07-15T15:54:31	true
post	B013106					2026-07-15T15:54:31	true
post	B013108					2026-07-15T15:54:31	true
post	B013116					2026-07-15T15:54:31	true
post	B013117					2026-07-15T15:54:31	true
post	B013119					2026-07-15T15:54:31	true
post	B013120					2026-07-15T15:54:31	true
post	B013122					2026-07-15T15:54:31	true
post	B013124					2026-07-15T15:54:31	true
post	B013150					2026-07-15T15:54:31	true
post	B013152		53996	Avenida Santos Dumont		2026-07-15T15:51:53	
post	B013153		53996	Avenida Santos Dumont		2026-07-15T15:51:53	
post	B013154		53996	Avenida Santos Dumont		2026-07-15T15:51:53	
post	B013159					2026-07-15T15:54:31	true
post	B013213					2026-07-15T15:54:31	true
post	B013214					2026-07-15T15:54:31	true
post	B013215					2026-07-15T15:54:31	true
post	B013216					2026-07-15T15:54:31	true
post	B013218					2026-07-15T15:54:31	true
post	B013219					2026-07-15T15:54:31	true
post	B013220					2026-07-15T15:54:31	true
post	B013221					2026-07-15T15:54:31	true
post	B013222					2026-07-15T15:54:31	true
post	B013223					2026-07-15T15:54:31	true
post	B013228					2026-07-15T15:54:31	true
post	B013244					2026-07-15T15:54:31	true
post	B013313					2026-07-15T15:54:31	true
post	B013314					2026-07-15T15:54:31	true
post	B013327					2026-07-15T15:54:31	true
post	B013328					2026-07-15T15:54:31	true
post	B013343					2026-07-15T15:54:31	true
post	B013354					2026-07-15T15:54:31	true
post	B013415					2026-07-15T15:54:31	true
post	B013465					2026-07-15T15:54:31	true
post	B013484					2026-07-15T15:54:31	true
post	B013485					2026-07-15T15:54:31	true
post	B013495					2026-07-15T15:54:31	true
post	B013502					2026-07-15T15:54:31	true
post	B013555					2026-07-15T15:54:31	true
post	B013556					2026-07-15T15:54:31	true
post	B013579					2026-07-15T15:54:31	true
post	B013585					2026-07-15T15:54:31	true
post	B013594					2026-07-15T15:54:31	true
post	B013603					2026-07-15T15:25:43	true
post	B013625		53996	Avenida Santos Dumont		2026-07-15T15:51:53	
post	B013638					2026-07-15T15:54:31	true
post	B013645		53996	Avenida Santos Dumont		2026-07-15T15:51:53	
post	B013656					2026-07-15T15:54:31	true
post	B013668					2026-07-15T15:54:31	true
post	B013671					2026-07-15T15:54:31	true
post	B013676					2026-07-15T15:54:31	true
post	B013677					2026-07-15T15:54:31	true
post	B013680					2026-07-15T15:54:31	true
post	B013682					2026-07-15T15:54:31	true
post	B013685					2026-07-15T15:54:31	true
post	B013742					2026-07-15T15:54:31	true
post	B014053					2026-07-15T15:54:31	true
post	B014077					2026-07-15T15:54:31	true
post	B014186					2026-07-15T15:54:31	true
post	B014193					2026-07-15T15:54:31	true
post	B014235					2026-07-15T15:54:31	true
post	B014236					2026-07-15T15:54:31	true
post	B014282					2026-07-15T15:54:31	true
post	B014285					2026-07-15T15:54:31	true
post	B014429					2026-07-15T15:54:31	true
post	B014556					2026-07-15T15:54:31	true
post	B014588					2026-07-15T15:54:31	true
post	B014685					2026-07-15T15:54:31	true
post	B014705					2026-07-15T15:54:31	true
post	B014725					2026-07-15T15:54:31	true
post	B014726					2026-07-15T15:54:31	true
post	B014727					2026-07-15T15:54:31	true
post	B014739					2026-07-15T15:54:31	true
post	B014752					2026-07-15T15:54:31	true
post	B014763					2026-07-15T15:54:31	true
post	B014766					2026-07-15T15:54:31	true
post	B014768					2026-07-15T15:54:31	true
post	B014794					2026-07-15T15:54:31	true
post	B014810					2026-07-15T15:54:31	true
post	B014812					2026-07-15T15:54:31	true
post	B014845					2026-07-15T15:54:31	true
post	B014888					2026-07-15T15:54:31	true
post	B014898					2026-07-15T15:54:31	true
post	B014904					2026-07-15T15:54:31	true
post	B014905					2026-07-15T15:54:31	true
post	B014909					2026-07-15T15:54:31	true
post	B014910					2026-07-15T15:54:31	true
post	B014913					2026-07-15T15:54:31	true
post	B014915					2026-07-15T15:54:31	true
post	B014917					2026-07-15T15:54:31	true
post	B014946					2026-07-15T15:54:31	true
post	B014949					2026-07-15T15:54:31	true
post	B014950					2026-07-15T15:54:31	true
post	B014965					2026-07-15T15:54:31	true
post	B014967					2026-07-15T15:54:31	true
post	B014981					2026-07-15T15:54:31	true
post	B014985					2026-07-15T15:54:31	true
post	B014990					2026-07-15T15:54:31	true
post	B014999					2026-07-15T15:54:31	true
post	B015000					2026-07-15T15:54:31	true
post	B015003					2026-07-15T15:54:31	true
post	B015012					2026-07-15T15:54:31	true
post	B015016					2026-07-15T15:54:31	true
post	B015019					2026-07-15T15:54:31	true
post	B015020					2026-07-15T15:54:31	true
post	B015027					2026-07-15T15:54:31	true
post	B015030					2026-07-15T15:54:31	true
post	B015033					2026-07-15T15:54:31	true
post	B015035					2026-07-15T15:54:31	true
post	B015037					2026-07-15T15:54:31	true
post	B015038					2026-07-15T15:54:31	true
post	B015039					2026-07-15T15:54:31	true
post	B015040					2026-07-15T15:54:31	true
post	B015041					2026-07-15T15:54:31	true
post	B015042					2026-07-15T15:54:31	true
post	B015048					2026-07-15T15:54:31	true
post	B015051					2026-07-15T15:54:31	true
post	B015053					2026-07-15T15:54:31	true
post	B015054					2026-07-15T15:54:31	true
post	B015055					2026-07-15T15:54:31	true
post	B015068					2026-07-15T15:54:31	true
post	B015071					2026-07-15T15:54:31	true
post	B015074					2026-07-15T15:54:31	true
post	B015078					2026-07-15T15:54:31	true
post	B015080					2026-07-15T15:54:31	true
post	B015081					2026-07-15T15:54:31	true
post	B015082					2026-07-15T15:54:31	true
post	B015083					2026-07-15T15:54:31	true
post	B015084					2026-07-15T15:54:31	true
post	B015086					2026-07-15T15:54:31	true
post	B015087					2026-07-15T15:54:31	true
post	B015088					2026-07-15T15:54:31	true
post	B015090					2026-07-15T15:20:15	true
post	B015091					2026-07-15T15:20:15	true
post	B015092					2026-07-15T15:20:15	true
post	B015094					2026-07-15T15:20:15	true
post	B015095					2026-07-15T15:20:15	true
post	B015178					2026-07-15T15:54:31	true
post	B015242					2026-07-15T15:54:31	true
post	B015243					2026-07-15T15:54:31	true
post	B015247					2026-07-15T15:54:31	true
post	B015259					2026-07-15T15:54:31	true
post	B015268					2026-07-15T15:54:31	true
post	B015270					2026-07-15T15:54:31	true
post	B015272					2026-07-15T15:54:31	true
post	B015275					2026-07-15T15:54:31	true
post	B015276					2026-07-15T15:54:31	true
post	B015277					2026-07-15T15:54:31	true
post	B015279					2026-07-15T15:54:31	true
post	B015280					2026-07-15T15:54:31	true
post	B015283					2026-07-15T15:20:15	true
post	B015285					2026-07-15T15:54:31	true
post	B015286					2026-07-15T15:54:31	true
post	B015291					2026-07-15T15:54:31	true
post	B015302					2026-07-15T15:54:31	true
post	B015306					2026-07-15T15:54:31	true
post	B015308					2026-07-15T15:54:31	true
post	B015315					2026-07-15T15:54:31	true
post	B015316					2026-07-15T15:54:31	true
post	B015325					2026-07-15T15:54:31	true
post	B015328					2026-07-15T15:54:31	true
post	B015338					2026-07-15T15:54:31	true
post	B015346					2026-07-15T15:54:31	true
post	B015347					2026-07-15T15:54:31	true
post	B015351					2026-07-15T15:54:31	true
post	B015352					2026-07-15T15:54:31	true
post	B015358		75183	Travessa do Forte		2026-07-15T15:53:57	
post	B015360					2026-07-15T15:54:31	true
post	B015361					2026-07-15T15:54:31	true
post	B015363					2026-07-15T15:54:31	true
post	B015367					2026-07-15T15:54:31	true
post	B015368					2026-07-15T15:54:31	true
post	B015370					2026-07-15T15:54:31	true
post	B015371					2026-07-15T15:54:31	true
post	B015374					2026-07-15T15:54:31	true
post	B015375					2026-07-15T15:54:31	true
post	B015376					2026-07-15T15:54:31	true
post	B015380					2026-07-15T15:54:31	true
post	B015387					2026-07-15T15:54:31	true
post	B015389					2026-07-15T15:54:31	true
post	B015390					2026-07-15T15:54:31	true
post	B015400					2026-07-15T15:54:31	true
post	B015429					2026-07-15T15:54:31	true
post	B015445					2026-07-15T15:54:31	true
post	B015446					2026-07-15T15:54:31	true
post	B015447					2026-07-15T15:54:31	true
post	B015448					2026-07-15T15:54:31	true
post	B015456					2026-07-15T15:54:31	true
post	B015457					2026-07-15T15:54:31	true
post	B015458					2026-07-15T15:54:31	true
post	B015459					2026-07-15T15:54:31	true
post	B015463					2026-07-15T15:20:15	true
post	B015467					2026-07-15T15:54:31	true
post	B015471					2026-07-15T15:54:31	true
post	B015473					2026-07-15T15:54:31	true
post	B015474					2026-07-15T15:54:31	true
post	B015475					2026-07-15T15:54:31	true
post	B015481					2026-07-15T15:54:31	true
post	B015482					2026-07-15T15:54:31	true
post	B015483					2026-07-15T15:54:31	true
post	B015484					2026-07-15T15:54:31	true
post	B015485					2026-07-15T15:54:31	true
post	B015486					2026-07-15T15:54:31	true
post	B015487					2026-07-15T15:54:31	true
post	B015488					2026-07-15T15:54:31	true
post	B015489					2026-07-15T15:54:31	true
post	B015491					2026-07-15T15:54:31	true
post	B015492					2026-07-15T15:54:31	true
post	B015493					2026-07-15T15:54:31	true
post	B015494					2026-07-15T15:54:31	true
post	B015495					2026-07-15T15:54:31	true
post	B015497					2026-07-15T15:54:31	true
post	B015500					2026-07-15T15:54:31	true
post	B015588					2026-07-15T15:54:31	true
post	B015589					2026-07-15T15:54:31	true
post	B015590					2026-07-15T15:54:31	true
post	B015594					2026-07-15T15:54:31	true
post	B015595					2026-07-15T15:54:31	true
post	B015605					2026-07-15T15:54:31	true
post	B015607					2026-07-15T15:54:31	true
post	B015623					2026-07-15T15:54:31	true
post	B015629		60500	Rua Vigário Tenório		2026-07-15T15:08:12	
post	B015633					2026-07-15T15:54:31	true
post	B015636					2026-07-15T15:54:31	true
post	B015637					2026-07-15T15:54:31	true
post	B015640					2026-07-15T15:54:31	true
post	B015641					2026-07-15T15:54:31	true
post	B015642					2026-07-15T15:54:31	true
post	B015643					2026-07-15T15:54:31	true
post	B015644					2026-07-15T15:54:31	true
post	B015654					2026-07-15T15:54:31	true
post	B015656		61700	Travessa Tuyuty		2026-07-15T15:08:58	
post	B015662					2026-07-15T15:54:31	true
post	B015668					2026-07-15T15:54:31	true
post	B015670					2026-07-15T15:54:31	true
post	B015671					2026-07-15T15:54:31	true
post	B015676					2026-07-15T15:54:31	true
post	B015677					2026-07-15T15:54:31	true
post	B015679					2026-07-15T15:54:31	true
post	B015682					2026-07-15T15:54:31	true
post	B015683					2026-07-15T15:54:31	true
post	B015686					2026-07-15T15:54:31	true
post	B015689					2026-07-15T15:54:31	true
post	B015690					2026-07-15T15:54:31	true
post	B015698					2026-07-15T15:54:31	true
post	B015699					2026-07-15T15:54:31	true
post	B015702					2026-07-15T15:24:19	true
post	B015705					2026-07-15T15:54:31	true
post	B015707					2026-07-15T15:54:31	true
post	B015708					2026-07-15T15:54:31	true
post	B015709					2026-07-15T15:54:31	true
post	B015712		61700	Travessa Tuyuty		2026-07-15T15:08:58	
post	B015713		61700	Travessa Tuyuty		2026-07-15T15:09:04	
post	B015714					2026-07-15T15:54:31	true
post	B015731					2026-07-15T15:54:31	true
post	B015734		60500	Rua Vigário Tenório		2026-07-15T15:08:12	
post	B015736		60500	Rua Vigário Tenório		2026-07-15T15:08:12	
post	B015743		60500	Rua Vigário Tenório		2026-07-15T15:08:12	
post	B015744		60500	Rua Vigário Tenório		2026-07-15T15:08:12	
post	B015745		60500	Rua Vigário Tenório		2026-07-15T15:08:12	
post	B015758					2026-07-15T15:54:31	true
post	B015761					2026-07-15T15:54:31	true
post	B015762					2026-07-15T15:54:31	true
post	B015764					2026-07-15T15:54:31	true
post	B015765		3638	Rua Álvares Cabral		2026-07-15T15:38:34	
post	B015770					2026-07-15T15:16:18	true
post	B015771					2026-07-15T15:16:18	true
post	B015773					2026-07-15T15:16:18	true
post	B015774					2026-07-15T15:54:31	true
post	B015780					2026-07-15T15:54:31	true
post	B015782					2026-07-15T15:54:31	true
post	B015783					2026-07-15T15:54:31	true
post	B015784					2026-07-15T15:54:31	true
post	B015785					2026-07-15T15:54:31	true
post	B015787					2026-07-15T15:54:31	true
post	B015789					2026-07-15T15:54:31	true
post	B015792					2026-07-15T15:54:31	true
post	B015795					2026-07-15T15:54:31	true
post	B015800					2026-07-15T15:54:31	true
post	B015806					2026-07-15T15:54:31	true
post	B015807					2026-07-15T15:54:31	true
post	B015808					2026-07-15T15:54:31	true
post	B015815					2026-07-15T15:54:31	true
post	B015816					2026-07-15T15:54:31	true
post	B015819					2026-07-15T15:54:31	true
post	B015820					2026-07-15T15:54:31	true
post	B015821					2026-07-15T15:54:31	true
post	B015824					2026-07-15T15:54:31	true
post	B015829					2026-07-15T15:54:31	true
post	B015839					2026-07-15T15:54:31	true
post	B015840					2026-07-15T15:54:31	true
post	B015841					2026-07-15T15:54:31	true
post	B015847					2026-07-15T15:54:31	true
post	B015853					2026-07-15T15:54:31	true
post	B015855		16756	Avenida Central	Coloquei na Av Central porque o Beco não está na lista da prefeitura	2026-07-15T15:47:13	
post	B015859					2026-07-15T15:54:31	true
post	B015869					2026-07-15T15:54:31	true
post	B015879					2026-07-15T15:54:31	true
post	B015880					2026-07-15T15:54:31	true
post	B015884					2026-07-15T15:54:31	true
post	B015885					2026-07-15T15:54:31	true
post	B015888					2026-07-15T15:54:31	true
post	B015889					2026-07-15T15:54:31	true
post	B015890					2026-07-15T15:54:31	true
post	B015892		75183	Travessa do Forte		2026-07-15T15:53:57	
post	B015893		75183	Travessa do Forte		2026-07-15T15:53:57	
post	B015894		75183	Travessa do Forte		2026-07-15T15:53:57	
post	B015895					2026-07-15T15:54:31	true
post	B015896					2026-07-15T15:54:31	true
post	B015897					2026-07-15T15:54:31	true
post	B015900					2026-07-15T15:54:31	true
post	B015937					2026-07-15T15:54:31	true
post	B015981					2026-07-15T15:54:31	true
post	B015982					2026-07-15T15:54:31	true
post	B015985					2026-07-15T15:54:31	true
post	B015986					2026-07-15T15:54:31	true
post	B015987					2026-07-15T15:54:31	true
post	B015989					2026-07-15T15:54:31	true
post	B015990					2026-07-15T15:54:31	true
post	B015991					2026-07-15T15:54:31	true
post	B015993					2026-07-15T15:54:31	true
post	B016000					2026-07-15T15:54:31	true
post	B016179					2026-07-15T15:54:31	true
post	B016186					2026-07-15T15:54:31	true
post	B016189					2026-07-15T15:54:31	true
post	B016191					2026-07-15T15:54:31	true
post	B016224					2026-07-15T15:54:31	true
post	B016226					2026-07-15T15:54:31	true
post	B016234					2026-07-15T15:54:31	true
post	B016239					2026-07-15T15:54:31	true
post	B016240					2026-07-15T15:54:31	true
post	B016241					2026-07-15T15:54:31	true
post	B016247					2026-07-15T15:54:31	true
post	B016248					2026-07-15T15:54:31	true
post	B016249					2026-07-15T15:54:31	true
post	B016250					2026-07-15T15:54:31	true
post	B016251					2026-07-15T15:54:31	true
post	B016252					2026-07-15T15:54:31	true
post	B016253					2026-07-15T15:54:31	true
post	B016254					2026-07-15T15:54:31	true
post	B016256					2026-07-15T15:54:31	true
post	B016262					2026-07-15T15:54:31	true
post	B016263					2026-07-15T15:54:31	true
post	B016268					2026-07-15T15:54:31	true
post	B016272					2026-07-15T15:54:31	true
post	B016274					2026-07-15T15:54:31	true
post	B016276					2026-07-15T15:54:31	true
post	B016277					2026-07-15T15:54:31	true
post	B016278					2026-07-15T15:54:31	true
post	B016279					2026-07-15T15:54:31	true
post	B016280					2026-07-15T15:54:31	true
post	B016284					2026-07-15T15:54:31	true
post	B016285					2026-07-15T15:54:31	true
post	B016286					2026-07-15T15:54:31	true
post	B016287					2026-07-15T15:54:31	true
post	B016289					2026-07-15T15:54:31	true
post	B016290					2026-07-15T15:54:31	true
post	B016293					2026-07-15T15:54:31	true
post	B016299					2026-07-15T15:54:31	true
post	B016300					2026-07-15T15:54:31	true
post	B016401					2026-07-15T15:54:31	true
post	B016404					2026-07-15T15:54:31	true
post	B016405					2026-07-15T15:54:31	true
post	B016409					2026-07-15T15:54:31	true
post	B016411					2026-07-15T15:54:31	true
post	B016419					2026-07-15T15:54:31	true
post	B016420					2026-07-15T15:54:31	true
post	B016421					2026-07-15T15:54:31	true
post	B016422					2026-07-15T15:54:31	true
post	B016423					2026-07-15T15:54:31	true
post	B016424					2026-07-15T15:54:31	true
post	B016425					2026-07-15T15:54:31	true
post	B016426					2026-07-15T15:54:31	true
post	B016427					2026-07-15T15:54:31	true
post	B016428					2026-07-15T15:54:31	true
post	B016429					2026-07-15T15:54:31	true
post	B016431					2026-07-15T15:54:31	true
post	B016432					2026-07-15T15:54:31	true
post	B016436					2026-07-15T15:54:31	true
post	B016437					2026-07-15T15:54:31	true
post	B016438					2026-07-15T15:54:31	true
post	B016441					2026-07-15T15:54:31	true
post	B016442					2026-07-15T15:54:31	true
post	B016447		23558	Travessa do Falcão		2026-07-15T15:53:27	
post	B016450		23558	Travessa do Falcão		2026-07-15T15:53:27	
post	B016452					2026-07-15T15:54:31	true
post	B016453					2026-07-15T15:54:31	true
post	B016454					2026-07-15T15:54:31	true
post	B016455					2026-07-15T15:54:31	true
post	B016456					2026-07-15T15:54:31	true
post	B016459					2026-07-15T15:54:31	true
post	B016461					2026-07-15T15:54:31	true
post	B016462					2026-07-15T15:54:31	true
post	B016463					2026-07-15T15:54:31	true
post	B016467					2026-07-15T15:54:31	true
post	B016469					2026-07-15T15:54:31	true
post	B016472					2026-07-15T15:54:31	true
post	B016473					2026-07-15T15:54:31	true
post	B016477					2026-07-15T15:54:31	true
post	B016479					2026-07-15T15:54:31	true
post	B016481					2026-07-15T15:54:31	true
post	B016482					2026-07-15T15:54:31	true
post	B016484					2026-07-15T15:54:31	true
post	B016489					2026-07-15T15:54:31	true
post	B016493					2026-07-15T15:54:31	true
post	B016494					2026-07-15T15:54:31	true
post	B016498					2026-07-15T15:54:31	true
post	B016648					2026-07-15T15:54:31	true
post	B016658					2026-07-15T15:25:18	true
post	B016762					2026-07-15T15:54:31	true
post	B016771					2026-07-15T15:54:31	true
post	B016772					2026-07-15T15:54:31	true
post	B016801					2026-07-15T15:54:31	true
post	B016802					2026-07-15T15:54:31	true
post	B016803					2026-07-15T15:54:31	true
post	B016804					2026-07-15T15:54:31	true
post	B016808					2026-07-15T15:54:31	true
post	B016811					2026-07-15T15:54:31	true
post	B016813					2026-07-15T15:54:31	true
post	B016815					2026-07-15T15:54:31	true
post	B016820					2026-07-15T15:54:31	true
post	B016821					2026-07-15T15:54:31	true
post	B016823					2026-07-15T15:54:31	true
post	B016824					2026-07-15T15:54:31	true
post	B016827					2026-07-15T15:54:31	true
post	B016828					2026-07-15T15:54:31	true
post	B016829					2026-07-15T15:54:31	true
post	B016842					2026-07-15T15:54:31	true
post	B016844					2026-07-15T15:54:31	true
post	B016855					2026-07-15T15:54:31	true
post	B016857					2026-07-15T15:54:31	true
post	B016861					2026-07-15T15:54:31	true
post	B016864					2026-07-15T15:54:31	true
post	B016865					2026-07-15T15:54:31	true
post	B016866					2026-07-15T15:54:31	true
post	B016869					2026-07-15T15:54:31	true
post	B016870					2026-07-15T15:54:31	true
post	B016879					2026-07-15T15:54:31	true
post	B016880					2026-07-15T15:54:31	true
post	B016884					2026-07-15T15:54:31	true
post	B017010					2026-07-15T15:54:31	true
post	B017033					2026-07-15T15:54:31	true
post	B017035					2026-07-15T15:54:31	true
post	B017036					2026-07-15T15:54:31	true
post	B017040					2026-07-15T15:54:31	true
post	B017044					2026-07-15T15:54:31	true
post	B017083					2026-07-15T15:54:31	true
post	B017110					2026-07-15T15:54:31	true
post	B017137		89290	Rua Braço do Norte		2026-07-15T15:17:29	
post	B017151		89346	Rua Diamante do Norte		2026-07-15T15:17:23	
post	B017153					2026-07-15T15:54:31	true
post	B017154					2026-07-15T15:54:31	true
post	B017155					2026-07-15T15:54:31	true
post	B017156					2026-07-15T15:54:31	true
post	B017157		89346	Rua Diamante do Norte		2026-07-15T15:17:23	
post	B017158		89346	Rua Diamante do Norte		2026-07-15T15:17:23	
post	B017166					2026-07-15T15:54:31	true
post	B017169					2026-07-15T15:54:31	true
post	B017174					2026-07-15T15:54:31	true
post	B017177					2026-07-15T15:54:31	true
post	B017184					2026-07-15T15:54:31	true
post	B017185					2026-07-15T15:54:31	true
post	B017186					2026-07-15T15:54:31	true
post	B017195					2026-07-15T15:54:31	true
post	B017200					2026-07-15T15:54:31	true
post	B017201					2026-07-15T15:54:31	true
post	B017203					2026-07-15T15:54:31	true
post	B017205					2026-07-15T15:54:31	true
post	B017206					2026-07-15T15:54:31	true
post	B017207					2026-07-15T15:54:31	true
post	B017211					2026-07-15T15:54:31	true
post	B017215					2026-07-15T15:20:15	true
post	B017218					2026-07-15T15:20:15	true
post	B017220					2026-07-15T15:54:31	true
post	B017222					2026-07-15T15:54:31	true
post	B017226					2026-07-15T15:54:31	true
post	B017230					2026-07-15T15:54:31	true
post	B017231					2026-07-15T15:54:31	true
post	B017239					2026-07-15T15:54:31	true
post	B017241					2026-07-15T15:54:31	true
post	B017242					2026-07-15T15:54:31	true
post	B017244					2026-07-15T15:54:31	true
post	B017245					2026-07-15T15:54:31	true
post	B017246					2026-07-15T15:54:31	true
post	B017247					2026-07-15T15:54:31	true
post	B017248					2026-07-15T15:54:31	true
post	B017249					2026-07-15T15:54:31	true
post	B017250					2026-07-15T15:54:31	true
post	B017251					2026-07-15T15:54:31	true
post	B017252					2026-07-15T15:54:31	true
post	B017253					2026-07-15T15:54:31	true
post	B017254					2026-07-15T15:54:31	true
post	B017255					2026-07-15T15:54:31	true
post	B017256					2026-07-15T15:54:31	true
post	B017260					2026-07-15T15:54:31	true
post	B017261					2026-07-15T15:54:31	true
post	B017262					2026-07-15T15:54:31	true
post	B017265					2026-07-15T15:54:31	true
post	B017266					2026-07-15T15:54:31	true
post	B017269					2026-07-15T15:54:31	true
post	B017271					2026-07-15T15:54:31	true
post	B017273					2026-07-15T15:54:31	true
post	B017274					2026-07-15T15:54:31	true
post	B017276					2026-07-15T15:54:31	true
post	B017277					2026-07-15T15:54:31	true
post	B017280					2026-07-15T15:54:31	true
post	B017281					2026-07-15T15:54:31	true
post	B017282					2026-07-15T15:54:31	true
post	B017284					2026-07-15T15:54:31	true
post	B017285					2026-07-15T15:54:31	true
post	B017286					2026-07-15T15:54:31	true
post	B017298					2026-07-15T15:54:31	true
post	B017302					2026-07-15T15:54:31	true
post	B017303					2026-07-15T15:54:31	true
post	B017305					2026-07-15T15:54:31	true
post	B017306					2026-07-15T15:54:31	true
post	B017307					2026-07-15T15:54:31	true
post	B017308					2026-07-15T15:54:31	true
post	B017311					2026-07-15T15:54:31	true
post	B017312					2026-07-15T15:54:31	true
post	B017313					2026-07-15T15:54:31	true
post	B017314					2026-07-15T15:54:31	true
post	B017317					2026-07-15T15:54:31	true
post	B017319					2026-07-15T15:54:31	true
post	B017320					2026-07-15T15:54:31	true
post	B017321					2026-07-15T15:54:31	true
post	B017323					2026-07-15T15:54:31	true
post	B017324					2026-07-15T15:54:31	true
post	B017325					2026-07-15T15:54:31	true
post	B017326					2026-07-15T15:54:31	true
post	B017327					2026-07-15T15:54:31	true
post	B017328					2026-07-15T15:54:31	true
post	B017331					2026-07-15T15:20:15	true
post	B017334					2026-07-15T15:54:31	true
post	B017335					2026-07-15T15:54:31	true
post	B017336					2026-07-15T15:54:31	true
post	B017337					2026-07-15T15:54:31	true
post	B017344					2026-07-15T15:54:31	true
post	B017345					2026-07-15T15:54:31	true
post	B017346					2026-07-15T15:54:31	true
post	B017348					2026-07-15T15:54:31	true
post	B017349					2026-07-15T15:54:31	true
post	B017356					2026-07-15T15:54:31	true
post	B017357					2026-07-15T15:54:31	true
post	B017360					2026-07-15T15:54:31	true
post	B017361					2026-07-15T15:54:31	true
post	B017363					2026-07-15T15:54:31	true
post	B017366					2026-07-15T15:54:31	true
post	B017367					2026-07-15T15:54:31	true
post	B017370					2026-07-15T15:54:31	true
post	B017371					2026-07-15T15:54:31	true
post	B017372					2026-07-15T15:54:31	true
post	B017380					2026-07-15T15:54:31	true
post	B017384					2026-07-15T15:54:31	true
post	B017385					2026-07-15T15:54:31	true
post	B017386					2026-07-15T15:54:31	true
post	B017387					2026-07-15T15:54:31	true
post	B017388					2026-07-15T15:54:31	true
post	B017390					2026-07-15T15:54:31	true
post	B017392					2026-07-15T15:54:31	true
post	B017394					2026-07-15T15:54:31	true
post	B017395					2026-07-15T15:54:31	true
post	B017396					2026-07-15T15:54:31	true
post	B017397					2026-07-15T15:54:31	true
post	B017398					2026-07-15T15:54:31	true
post	B017404					2026-07-15T15:54:31	true
post	B017407					2026-07-15T15:54:31	true
post	B017419					2026-07-15T15:54:31	true
post	B017431					2026-07-15T15:54:31	true
post	B017439					2026-07-15T15:54:31	true
post	B017445					2026-07-15T15:54:31	true
post	B017446					2026-07-15T15:54:31	true
post	B017447					2026-07-15T15:54:31	true
post	B017448					2026-07-15T15:54:31	true
post	B017481					2026-07-15T15:54:31	true
post	B017482					2026-07-15T15:54:31	true
post	B017484					2026-07-15T15:54:31	true
post	B017485					2026-07-15T15:54:31	true
post	B017489					2026-07-15T15:54:31	true
post	B017490					2026-07-15T15:54:31	true
post	B017493					2026-07-15T15:54:31	true
post	B017494					2026-07-15T15:54:31	true
post	B017495					2026-07-15T15:54:31	true
post	B017496					2026-07-15T15:54:31	true
post	B017529					2026-07-15T15:54:31	true
post	B017540					2026-07-15T15:54:31	true
post	B017551					2026-07-15T15:54:31	true
post	B017557					2026-07-15T15:54:31	true
post	B017560					2026-07-15T15:54:31	true
post	B017561					2026-07-15T15:54:31	true
post	B017593					2026-07-15T15:54:31	true
post	B017622					2026-07-15T15:54:31	true
post	B017623					2026-07-15T15:54:31	true
post	B017627					2026-07-15T15:54:31	true
post	B017630					2026-07-15T15:54:31	true
post	B017633					2026-07-15T15:16:18	true
post	B017636					2026-07-15T15:16:18	true
post	B017637					2026-07-15T15:16:18	true
post	B017638					2026-07-15T15:16:18	true
post	B017662					2026-07-15T15:54:31	true
post	B017667					2026-07-15T15:54:31	true
post	B017670					2026-07-15T15:54:31	true
post	B017677					2026-07-15T15:54:31	true
post	B017679					2026-07-15T15:54:31	true
post	B017680					2026-07-15T15:54:31	true
post	B017683					2026-07-15T15:54:31	true
post	B017688					2026-07-15T15:16:18	true
post	B017689					2026-07-15T15:16:18	true
post	B017691					2026-07-15T15:54:31	true
post	B017692					2026-07-15T15:54:31	true
post	B017709					2026-07-15T15:54:31	true
post	B017742					2026-07-15T15:54:31	true
post	B017743					2026-07-15T15:54:31	true
post	B017745					2026-07-15T15:54:31	true
post	B017753					2026-07-15T15:54:31	true
post	B017754					2026-07-15T15:54:31	true
post	B017786					2026-07-15T15:54:31	true
post	B017801					2026-07-15T15:54:31	true
post	B017814					2026-07-15T15:54:31	true
post	B017816					2026-07-15T15:54:31	true
post	B017817					2026-07-15T15:54:31	true
post	B017822					2026-07-15T15:54:31	true
post	B017827					2026-07-15T15:54:31	true
post	B017829					2026-07-15T15:54:31	true
post	B017834					2026-07-15T15:20:15	true
post	B017836					2026-07-15T15:20:15	true
post	B017838					2026-07-15T15:54:31	true
post	B017839					2026-07-15T15:54:31	true
post	B017840					2026-07-15T15:54:31	true
post	B017841					2026-07-15T15:54:31	true
post	B017843					2026-07-15T15:54:31	true
post	B017844					2026-07-15T15:54:31	true
post	B017855					2026-07-15T15:54:31	true
post	B017856					2026-07-15T15:54:31	true
post	B017857					2026-07-15T15:54:31	true
post	B017858					2026-07-15T15:54:31	true
post	B017862					2026-07-15T15:54:31	true
post	B017863					2026-07-15T15:54:31	true
post	B017864					2026-07-15T15:54:31	true
post	B017868					2026-07-15T15:54:31	true
post	B017869					2026-07-15T15:54:31	true
post	B017870					2026-07-15T15:54:31	true
post	B017886					2026-07-15T15:16:18	true
post	B017888					2026-07-15T15:16:18	true
post	B017889					2026-07-15T15:16:18	true
post	B017892					2026-07-15T15:54:31	true
post	B017895					2026-07-15T15:54:31	true
post	B017896					2026-07-15T15:54:31	true
post	B017897					2026-07-15T15:54:31	true
post	B017898					2026-07-15T15:54:31	true
post	B017899					2026-07-15T15:54:31	true
post	B017900					2026-07-15T15:54:31	true
post	B017936					2026-07-15T15:54:31	true
post	B017957		11975	Rua Córrego Bombeirense		2026-07-15T15:23:42	
post	B017962					2026-07-15T15:54:31	true
post	B017966					2026-07-15T15:54:31	true
post	B017967					2026-07-15T15:54:31	true
post	B017974					2026-07-15T15:54:31	true
post	B017975					2026-07-15T15:54:31	true
post	B017976					2026-07-15T15:54:31	true
post	B017981					2026-07-15T15:54:31	true
post	B017985					2026-07-15T15:54:31	true
post	B017991					2026-07-15T15:54:31	true
post	B017994					2026-07-15T15:54:31	true
post	B017996					2026-07-15T15:54:31	true
post	B017997					2026-07-15T15:54:31	true
post	B017999					2026-07-15T15:54:31	true
post	B018001					2026-07-15T15:54:31	true
post	B018020					2026-07-15T15:54:31	true
post	B018035					2026-07-15T15:54:31	true
post	B018058					2026-07-15T15:54:31	true
post	B018061					2026-07-15T15:54:31	true
post	B018062					2026-07-15T15:54:31	true
post	B018066					2026-07-15T15:54:31	true
post	B018076					2026-07-15T15:54:31	true
post	B018082					2026-07-15T15:54:31	true
post	B018146					2026-07-15T15:54:31	true
post	B018163					2026-07-15T15:54:31	true
post	B018168					2026-07-15T15:54:31	true
post	B018171					2026-07-15T15:54:31	true
post	B018174					2026-07-15T15:54:31	true
post	B018205					2026-07-15T15:54:31	true
post	B018217					2026-07-15T15:54:31	true
post	B018221					2026-07-15T15:54:31	true
post	B018239					2026-07-15T15:54:31	true
post	B018256		89290	Rua Braço do Norte		2026-07-15T15:17:29	
post	B018277		115533	Travessa Ibiporã		2026-07-15T15:54:18	
post	B018301					2026-07-15T15:54:31	true
post	B018302					2026-07-15T15:54:31	true
post	B018303					2026-07-15T15:54:31	true
post	B018304					2026-07-15T15:54:31	true
post	B018305					2026-07-15T15:54:31	true
post	B018306					2026-07-15T15:54:31	true
post	B018307					2026-07-15T15:54:31	true
post	B018308					2026-07-15T15:54:31	true
post	B018309					2026-07-15T15:54:31	true
post	B018310					2026-07-15T15:54:31	true
post	B018311					2026-07-15T15:54:31	true
post	B018312		55573	Rua Sargento Silvino Macêdo		2026-07-15T15:47:55	
post	B018313					2026-07-15T15:54:31	true
post	B018314					2026-07-15T15:54:31	true
post	B018315					2026-07-15T15:54:31	true
post	B018316					2026-07-15T15:54:31	true
post	B018317					2026-07-15T15:54:31	true
post	B018318					2026-07-15T15:54:31	true
post	B018319					2026-07-15T15:54:31	true
post	B018320					2026-07-15T15:54:31	true
post	B018321					2026-07-15T15:54:31	true
post	B018322					2026-07-15T15:54:31	true
post	B018323					2026-07-15T15:54:31	true
post	B018331					2026-07-15T15:54:31	true
post	B018357					2026-07-15T15:54:31	true
post	B018385		11975	Rua Córrego Bombeirense		2026-07-15T15:23:42	
post	B018386		11975	Rua Córrego Bombeirense		2026-07-15T15:23:42	
post	B018393					2026-07-15T15:54:31	true
post	B018401					2026-07-15T15:54:31	true
post	B018407					2026-07-15T15:54:31	true
post	B018411					2026-07-15T15:54:31	true
post	B018412					2026-07-15T15:54:31	true
post	B018418					2026-07-15T15:54:31	true
post	B018424					2026-07-15T15:54:31	true
post	B018452					2026-07-15T15:54:31	true
post	B018454					2026-07-15T15:54:31	true
post	B018456					2026-07-15T15:54:31	true
post	B018463					2026-07-15T15:54:31	true
post	B018469					2026-07-15T15:54:31	true
post	B018518					2026-07-15T15:54:31	true
post	B018525					2026-07-15T15:54:31	true
post	B018530					2026-07-15T15:54:31	true
post	B018531					2026-07-15T15:54:31	true
post	B018532					2026-07-15T15:54:31	true
post	B018536					2026-07-15T15:54:31	true
post	B018547					2026-07-15T15:54:31	true
post	B018548					2026-07-15T15:54:31	true
post	B018551					2026-07-15T15:54:31	true
post	B018556					2026-07-15T15:54:31	true
post	B018562					2026-07-15T15:54:31	true
post	B018563					2026-07-15T15:54:31	true
post	B018566					2026-07-15T15:54:31	true
post	B018572					2026-07-15T15:54:31	true
post	B018574					2026-07-15T15:54:31	true
post	B018577					2026-07-15T15:54:31	true
post	B018580					2026-07-15T15:54:31	true
post	B018581					2026-07-15T15:54:31	true
post	B018582					2026-07-15T15:54:31	true
post	B018583					2026-07-15T15:54:31	true
post	B018585					2026-07-15T15:54:31	true
post	B018586					2026-07-15T15:54:31	true
post	B018588					2026-07-15T15:54:31	true
post	B018591					2026-07-15T15:54:31	true
post	B018592					2026-07-15T15:54:31	true
post	B018593					2026-07-15T15:54:31	true
post	B018594					2026-07-15T15:54:31	true
post	B018596					2026-07-15T15:54:31	true
post	B018597					2026-07-15T15:54:31	true
post	B018598					2026-07-15T15:54:31	true
post	B018599					2026-07-15T15:54:31	true
post	B018601					2026-07-15T15:54:31	true
post	B018608					2026-07-15T15:54:31	true
post	B018644					2026-07-15T15:54:31	true
post	B018645					2026-07-15T15:54:31	true
post	B018646					2026-07-15T15:54:31	true
post	B018787					2026-07-15T15:54:31	true
post	B018803					2026-07-15T15:54:31	true
post	B018805					2026-07-15T15:54:31	true
post	B018806					2026-07-15T15:54:31	true
post	B018807					2026-07-15T15:54:31	true
post	B018808					2026-07-15T15:54:31	true
post	B018809					2026-07-15T15:54:31	true
post	B018828		20656	Rua Edgar Werneck		2026-07-15T15:17:04	
post	B018829					2026-07-15T15:54:31	true
post	B018832					2026-07-15T15:54:31	true
post	B018836					2026-07-15T15:54:31	true
post	B018840					2026-07-15T15:54:31	true
post	B018844					2026-07-15T15:54:31	true
post	B018846					2026-07-15T15:54:31	true
post	B018847					2026-07-15T15:54:31	true
post	B018854					2026-07-15T15:25:29	true
post	B019001					2026-07-15T15:54:31	true
post	B019002					2026-07-15T15:54:31	true
post	B019013					2026-07-15T15:54:31	true
post	B019014					2026-07-15T15:54:31	true
post	B019017					2026-07-15T15:54:31	true
post	B019018					2026-07-15T15:54:31	true
post	B019021					2026-07-15T15:54:31	true
post	B019022					2026-07-15T15:54:31	true
post	B019023					2026-07-15T15:54:31	true
post	B019027					2026-07-15T15:54:31	true
post	B019028					2026-07-15T15:54:31	true
post	B019030					2026-07-15T15:54:31	true
post	B019031					2026-07-15T15:54:31	true
post	B019032					2026-07-15T15:54:31	true
post	B019033					2026-07-15T15:54:31	true
post	B019035					2026-07-15T15:54:31	true
post	B019036					2026-07-15T15:54:31	true
post	B019037					2026-07-15T15:54:31	true
post	B019038					2026-07-15T15:54:31	true
post	B019039					2026-07-15T15:54:31	true
post	B019040					2026-07-15T15:54:31	true
post	B019041					2026-07-15T15:54:31	true
post	B019043					2026-07-15T15:54:31	true
post	B019045					2026-07-15T15:54:31	true
post	B019046					2026-07-15T15:54:31	true
post	B019047					2026-07-15T15:54:31	true
post	B019048					2026-07-15T15:54:31	true
post	B019049					2026-07-15T15:54:31	true
post	B019052					2026-07-15T15:54:31	true
post	B019055					2026-07-15T15:54:31	true
post	B019058					2026-07-15T15:54:31	true
post	B019061					2026-07-15T15:54:31	true
post	B019062					2026-07-15T15:54:31	true
post	B019063					2026-07-15T15:54:31	true
post	B019065					2026-07-15T15:54:31	true
post	B019066					2026-07-15T15:54:31	true
post	B019079					2026-07-15T15:54:31	true
post	B019081					2026-07-15T15:54:31	true
post	B019082					2026-07-15T15:54:31	true
post	B019099					2026-07-15T15:54:31	true
post	B019100					2026-07-15T15:54:31	true
post	B019101					2026-07-15T15:54:31	true
post	B019102					2026-07-15T15:11:35	true
post	B019103					2026-07-15T15:11:35	true
post	B019104					2026-07-15T15:11:35	true
post	B019110					2026-07-15T15:54:31	true
post	B019111					2026-07-15T15:54:31	true
post	B019112					2026-07-15T15:54:31	true
post	B019116					2026-07-15T15:54:31	true
post	B019122					2026-07-15T15:54:31	true
post	B019124					2026-07-15T15:54:31	true
post	B019125					2026-07-15T15:54:31	true
post	B019127					2026-07-15T15:54:31	true
post	B019128					2026-07-15T15:54:31	true
post	B019131					2026-07-15T15:54:31	true
post	B019132					2026-07-15T15:54:31	true
post	B019133					2026-07-15T15:54:31	true
post	B019135					2026-07-15T15:54:31	true
post	B019136					2026-07-15T15:54:31	true
post	B019139					2026-07-15T15:54:31	true
post	B019140					2026-07-15T15:54:31	true
post	B019141					2026-07-15T15:54:31	true
post	B019142					2026-07-15T15:54:31	true
post	B019145					2026-07-15T15:54:31	true
post	B019146					2026-07-15T15:54:31	true
post	B019147					2026-07-15T15:54:31	true
post	B019148					2026-07-15T15:54:31	true
post	B019149					2026-07-15T15:54:31	true
post	B019150					2026-07-15T15:54:31	true
post	B019151					2026-07-15T15:54:31	true
post	B019152					2026-07-15T15:54:31	true
post	B019154					2026-07-15T15:54:31	true
post	B019157					2026-07-15T15:54:31	true
post	B019159					2026-07-15T15:54:31	true
post	B019165					2026-07-15T15:54:31	true
post	B019169					2026-07-15T15:54:31	true
post	B019171					2026-07-15T15:54:31	true
post	B019172					2026-07-15T15:54:31	true
post	B019173					2026-07-15T15:54:31	true
post	B019174					2026-07-15T15:54:31	true
post	B019178					2026-07-15T15:54:31	true
post	B019181					2026-07-15T15:54:31	true
post	B019184					2026-07-15T15:54:31	true
post	B019196					2026-07-15T15:54:31	true
post	B019199					2026-07-15T15:54:31	true
post	B019203					2026-07-15T15:54:31	true
post	B019206					2026-07-15T15:54:31	true
post	B019208					2026-07-15T15:54:31	true
post	B019213					2026-07-15T15:54:31	true
post	B019215					2026-07-15T15:54:31	true
post	B019216					2026-07-15T15:54:31	true
post	B019217					2026-07-15T15:54:31	true
post	B019231					2026-07-15T15:54:31	true
post	B019234					2026-07-15T15:54:31	true
post	B019235					2026-07-15T15:54:31	true
post	B019244					2026-07-15T15:54:31	true
post	B019246					2026-07-15T15:54:31	true
post	B019247					2026-07-15T15:54:31	true
post	B019253					2026-07-15T15:54:31	true
post	B019254					2026-07-15T15:54:31	true
post	B019258					2026-07-15T15:54:31	true
post	B019265					2026-07-15T15:54:31	true
post	B019266					2026-07-15T15:54:31	true
post	B019274					2026-07-15T15:54:31	true
post	B019275					2026-07-15T15:54:31	true
post	B019276					2026-07-15T15:54:31	true
post	B019277					2026-07-15T15:54:31	true
post	B019279					2026-07-15T15:54:31	true
post	B019281					2026-07-15T15:54:31	true
post	B019282					2026-07-15T15:54:31	true
post	B019289					2026-07-15T15:54:31	true
post	B019301					2026-07-15T15:54:31	true
post	B019302					2026-07-15T15:54:31	true
post	B019303					2026-07-15T15:54:31	true
post	B019304					2026-07-15T15:54:31	true
post	B019305					2026-07-15T15:54:31	true
post	B019307					2026-07-15T15:54:31	true
post	B019308					2026-07-15T15:54:31	true
post	B019309					2026-07-15T15:54:31	true
post	B019310					2026-07-15T15:54:31	true
post	B019314					2026-07-15T15:54:31	true
post	B019316					2026-07-15T15:54:31	true
post	B019317					2026-07-15T15:54:31	true
post	B019318					2026-07-15T15:54:31	true
post	B019319					2026-07-15T15:54:31	true
post	B019320					2026-07-15T15:54:31	true
post	B019323					2026-07-15T15:54:31	true
post	B019341					2026-07-15T15:54:31	true
post	B019342					2026-07-15T15:54:31	true
post	B019377					2026-07-15T15:54:31	true
post	B019381					2026-07-15T15:54:31	true
post	B019382					2026-07-15T15:54:31	true
post	B019389					2026-07-15T15:54:31	true
post	B019390					2026-07-15T15:54:31	true
post	B019391					2026-07-15T15:54:31	true
post	B019394					2026-07-15T15:54:31	true
post	B019395					2026-07-15T15:54:31	true
post	B019396					2026-07-15T15:54:31	true
post	B019397					2026-07-15T15:54:31	true
post	B019403					2026-07-15T15:54:31	true
post	B019409					2026-07-15T15:54:31	true
post	B019422		28622	Avenida Hélio Falcão		2026-07-15T15:27:12	
post	B019429					2026-07-15T15:54:31	true
post	B019451					2026-07-15T15:08:38	true
post	B019453					2026-07-15T15:54:31	true
post	B019456					2026-07-15T15:54:31	true
post	B019463					2026-07-15T15:54:31	true
post	B019467					2026-07-15T15:54:31	true
post	B019502					2026-07-15T15:54:31	true
post	B019527					2026-07-15T15:54:31	true
post	B019528					2026-07-15T15:54:31	true
post	B019536					2026-07-15T15:54:31	true
post	B019541					2026-07-15T15:54:31	true
post	B019543					2026-07-15T15:54:31	true
post	B019551					2026-07-15T15:54:31	true
post	B019560					2026-07-15T15:54:31	true
post	B019568					2026-07-15T15:54:31	true
post	B019573					2026-07-15T15:54:31	true
post	B019574					2026-07-15T15:54:31	true
post	B019575					2026-07-15T15:54:31	true
post	B019576					2026-07-15T15:54:31	true
post	B019577					2026-07-15T15:54:31	true
post	B019579					2026-07-15T15:54:31	true
post	B019581					2026-07-15T15:08:38	true
post	B019587					2026-07-15T15:54:31	true
post	B019588					2026-07-15T15:54:31	true
post	B019589					2026-07-15T15:54:31	true
post	B019590					2026-07-15T15:54:31	true
post	B019594					2026-07-15T15:54:31	true
post	B019598					2026-07-15T15:54:31	true
post	B019599					2026-07-15T15:54:31	true
post	B019601					2026-07-15T15:54:31	true
post	B019602					2026-07-15T15:54:31	true
post	B019603					2026-07-15T15:54:31	true
post	B019606					2026-07-15T15:54:31	true
post	B019609					2026-07-15T15:54:31	true
post	B019611					2026-07-15T15:54:31	true
post	B019613					2026-07-15T15:54:31	true
post	B019619					2026-07-15T15:54:31	true
post	B019622					2026-07-15T15:54:31	true
post	B019623					2026-07-15T15:54:31	true
post	B019625					2026-07-15T15:54:31	true
post	B019627					2026-07-15T15:54:31	true
post	B019628					2026-07-15T15:54:31	true
post	B019630					2026-07-15T15:54:31	true
post	B019634					2026-07-15T15:54:31	true
post	B019635					2026-07-15T15:54:31	true
post	B019643					2026-07-15T15:54:31	true
post	B019644					2026-07-15T15:54:31	true
post	B019647					2026-07-15T15:54:31	true
post	B019649					2026-07-15T15:54:31	true
post	B019652					2026-07-15T15:54:31	true
post	B019653					2026-07-15T15:54:31	true
post	B019657					2026-07-15T15:54:31	true
post	B019658					2026-07-15T15:54:31	true
post	B019662					2026-07-15T15:54:31	true
post	B019667					2026-07-15T15:54:31	true
post	B019668					2026-07-15T15:54:31	true
post	B019669					2026-07-15T15:54:31	true
post	B019671					2026-07-15T15:54:31	true
post	B019673		98833	Rua Bom Sossego		2026-07-15T15:35:29	
post	B019678					2026-07-15T15:54:31	true
post	B019682					2026-07-15T15:54:31	true
post	B019684					2026-07-15T15:54:31	true
post	B019686					2026-07-15T15:54:31	true
post	B019687					2026-07-15T15:54:31	true
post	B019692					2026-07-15T15:54:31	true
post	B019696					2026-07-15T15:54:31	true
post	B019697					2026-07-15T15:54:31	true
post	B019698					2026-07-15T15:54:31	true
post	B019699					2026-07-15T15:54:31	true
post	B019705					2026-07-15T15:54:31	true
post	B019706					2026-07-15T15:54:31	true
post	B019707					2026-07-15T15:54:31	true
post	B019708					2026-07-15T15:54:31	true
post	B019709					2026-07-15T15:54:31	true
post	B019711					2026-07-15T15:54:31	true
post	B019727					2026-07-15T15:54:31	true
post	B019729					2026-07-15T15:54:31	true
post	B019734					2026-07-15T15:54:31	true
post	B019737					2026-07-15T15:54:31	true
post	B019738					2026-07-15T15:54:31	true
post	B019739					2026-07-15T15:54:31	true
post	B019740					2026-07-15T15:54:31	true
post	B019741					2026-07-15T15:54:31	true
post	B019743					2026-07-15T15:54:31	true
post	B019744					2026-07-15T15:54:31	true
post	B019747					2026-07-15T15:54:31	true
post	B019750					2026-07-15T15:54:31	true
post	B019753					2026-07-15T15:54:31	true
post	B019755					2026-07-15T15:54:31	true
post	B019759					2026-07-15T15:54:31	true
post	B019761					2026-07-15T15:54:31	true
post	B019763					2026-07-15T15:54:31	true
post	B019764					2026-07-15T15:54:31	true
post	B019766					2026-07-15T15:54:31	true
post	B019768					2026-07-15T15:54:31	true
post	B019772					2026-07-15T15:54:31	true
post	B019778					2026-07-15T15:54:31	true
post	B019780					2026-07-15T15:54:31	true
post	B019784					2026-07-15T15:54:31	true
post	B019786					2026-07-15T15:54:31	true
post	B019787					2026-07-15T15:54:31	true
post	B019788					2026-07-15T15:54:31	true
post	B019802					2026-07-15T15:54:31	true
post	B019804					2026-07-15T15:54:31	true
post	B019806					2026-07-15T15:54:31	true
post	B019807					2026-07-15T15:54:31	true
post	B019808					2026-07-15T15:54:31	true
post	B019809					2026-07-15T15:54:31	true
post	B019816					2026-07-15T15:54:31	true
post	B019817					2026-07-15T15:54:31	true
post	B019818					2026-07-15T15:54:31	true
post	B019820					2026-07-15T15:54:31	true
post	B019822					2026-07-15T15:54:31	true
post	B019830					2026-07-15T15:54:31	true
post	B019832					2026-07-15T15:54:31	true
post	B019849					2026-07-15T15:54:31	true
post	B019850					2026-07-15T15:54:31	true
post	B019861					2026-07-15T15:54:31	true
post	B019862					2026-07-15T15:54:31	true
post	B019864					2026-07-15T15:54:31	true
post	B019866					2026-07-15T15:54:31	true
post	B019870					2026-07-15T15:54:31	true
post	B019871					2026-07-15T15:54:31	true
post	B019877					2026-07-15T15:54:31	true
post	B019884					2026-07-15T15:54:31	true
post	B019887					2026-07-15T15:54:31	true
post	B019894					2026-07-15T15:54:31	true
post	B019898					2026-07-15T15:54:31	true
post	B019899					2026-07-15T15:54:31	true
post	B019901					2026-07-15T15:54:31	true
post	B019902					2026-07-15T15:54:31	true
post	B019905					2026-07-15T15:54:31	true
post	B019906					2026-07-15T15:54:31	true
post	B019916					2026-07-15T15:54:31	true
post	B019918					2026-07-15T15:54:31	true
post	B019920					2026-07-15T15:54:31	true
post	B019926					2026-07-15T15:54:31	true
post	B019932					2026-07-15T15:54:31	true
post	B019934					2026-07-15T15:54:31	true
post	B019935					2026-07-15T15:54:31	true
post	B019936					2026-07-15T15:54:31	true
post	B019937					2026-07-15T15:54:31	true
post	B019939					2026-07-15T15:54:31	true
post	B019941					2026-07-15T15:54:31	true
post	B019945					2026-07-15T15:54:31	true
post	B019946					2026-07-15T15:54:31	true
post	B019949					2026-07-15T15:54:31	true
post	B019956					2026-07-15T15:54:31	true
post	B019958					2026-07-15T15:54:31	true
post	B019960					2026-07-15T15:54:31	true
post	B019961					2026-07-15T15:54:31	true
post	B019962					2026-07-15T15:54:31	true
post	B019963					2026-07-15T15:54:31	true
post	B019966					2026-07-15T15:54:31	true
post	B019968					2026-07-15T15:54:31	true
post	B019970					2026-07-15T15:54:31	true
post	B019973					2026-07-15T15:54:31	true
post	B019974					2026-07-15T15:54:31	true
post	B019976					2026-07-15T15:54:31	true
post	B019977		19380	Cais da Detenção		2026-07-15T15:52:37	
post	B019978		19380	Cais da Detenção		2026-07-15T15:52:37	
post	B019979		19380	Cais da Detenção		2026-07-15T15:52:37	
post	B019980		19380	Cais da Detenção		2026-07-15T15:52:37	
post	B019981		19380	Cais da Detenção		2026-07-15T15:52:37	
post	B019982		19380	Cais da Detenção		2026-07-15T15:52:37	
post	B019983		19380	Cais da Detenção		2026-07-15T15:52:37	
post	B019984		19380	Cais da Detenção		2026-07-15T15:52:37	
post	B019985		19380	Cais da Detenção		2026-07-15T15:52:37	
post	B019986		19380	Cais da Detenção		2026-07-15T15:52:37	
post	B019987		19380	Cais da Detenção		2026-07-15T15:52:37	
post	B019988					2026-07-15T15:54:31	true
post	B019989					2026-07-15T15:54:31	true
post	B019990					2026-07-15T15:54:31	true
post	B019992					2026-07-15T15:54:31	true
post	B019995					2026-07-15T15:54:31	true
post	B019998					2026-07-15T15:54:31	true
post	B020000					2026-07-15T15:54:31	true
post	B020013					2026-07-15T15:54:31	true
post	B020107					2026-07-15T15:26:21	true
post	B020137					2026-07-15T15:54:31	true
post	B020162		77453	Estrada do Paiol	Estava escrito Artur Moura, mas essa rua só existe com esse nome no Google Maps	2026-07-15T15:11:20	
post	B020290		77453	Estrada do Paiol	Estava escrito Artur Moura, mas essa rua só existe com esse nome no Google Maps	2026-07-15T15:11:20	
post	B020302					2026-07-15T15:54:31	true
post	B020303					2026-07-15T15:54:31	true
post	B020305					2026-07-15T15:54:31	true
post	B020306					2026-07-15T15:54:31	true
post	B020308					2026-07-15T15:54:31	true
post	B020313					2026-07-15T15:54:31	true
post	B020314					2026-07-15T15:54:31	true
post	B020315					2026-07-15T15:54:31	true
post	B020316					2026-07-15T15:54:31	true
post	B020317					2026-07-15T15:54:31	true
post	B020318					2026-07-15T15:54:31	true
post	B020323					2026-07-15T15:54:31	true
post	B020324					2026-07-15T15:54:31	true
post	B020329					2026-07-15T15:08:38	true
post	B020331					2026-07-15T15:54:31	true
post	B020333					2026-07-15T15:54:31	true
post	B020334					2026-07-15T15:54:31	true
post	B020336					2026-07-15T15:54:31	true
post	B020338					2026-07-15T15:54:31	true
post	B020340					2026-07-15T15:54:31	true
post	B020342					2026-07-15T15:54:31	true
post	B020350					2026-07-15T15:54:31	true
post	B020352					2026-07-15T15:54:31	true
post	B020354					2026-07-15T15:54:31	true
post	B020356					2026-07-15T15:54:31	true
post	B020361					2026-07-15T15:54:31	true
post	B020362					2026-07-15T15:54:31	true
post	B020363					2026-07-15T15:54:31	true
post	B020364					2026-07-15T15:54:31	true
post	B020366					2026-07-15T15:54:31	true
post	B020368					2026-07-15T15:54:31	true
post	B020387					2026-07-15T15:54:31	true
post	B020390					2026-07-15T15:54:31	true
post	B020391					2026-07-15T15:54:31	true
post	B020394					2026-07-15T15:54:31	true
post	B020396					2026-07-15T15:54:31	true
post	B020398					2026-07-15T15:54:31	true
post	B020401					2026-07-15T15:54:31	true
post	B020402					2026-07-15T15:54:31	true
post	B020403					2026-07-15T15:54:31	true
post	B020407					2026-07-15T15:54:31	true
post	B020408					2026-07-15T15:54:31	true
post	B020410					2026-07-15T15:54:31	true
post	B020411					2026-07-15T15:54:31	true
post	B020412					2026-07-15T15:54:31	true
post	B020413					2026-07-15T15:54:31	true
post	B020418					2026-07-15T15:54:31	true
post	B020422					2026-07-15T15:54:31	true
post	B020426					2026-07-15T15:20:26	true
post	B020431					2026-07-15T15:20:26	true
post	B020432					2026-07-15T15:54:31	true
post	B020436					2026-07-15T15:20:26	true
post	B020437					2026-07-15T15:54:31	true
post	B020447					2026-07-15T15:54:31	true
post	B020448					2026-07-15T15:54:31	true
post	B020463					2026-07-15T15:54:31	true
post	B020464					2026-07-15T15:54:31	true
post	B020475					2026-07-15T15:54:31	true
post	B020480					2026-07-15T15:54:31	true
post	B020483					2026-07-15T15:54:31	true
post	B020492					2026-07-15T15:54:31	true
post	B020494					2026-07-15T15:54:31	true
post	B020498					2026-07-15T15:54:31	true
post	B020499					2026-07-15T15:54:31	true
post	B020500					2026-07-15T15:54:31	true
post	B020501					2026-07-15T15:54:31	true
post	B020504					2026-07-15T15:54:31	true
post	B020505					2026-07-15T15:54:31	true
post	B020507					2026-07-15T15:54:31	true
post	B020509					2026-07-15T15:54:31	true
post	B020511					2026-07-15T15:54:31	true
post	B020512					2026-07-15T15:54:31	true
post	B020513					2026-07-15T15:54:31	true
post	B020514					2026-07-15T15:54:31	true
post	B020515					2026-07-15T15:54:31	true
post	B020516					2026-07-15T15:54:31	true
post	B020517					2026-07-15T15:54:31	true
post	B020518					2026-07-15T15:54:31	true
post	B020519					2026-07-15T15:54:31	true
post	B020523					2026-07-15T15:54:31	true
post	B020525					2026-07-15T15:54:31	true
post	B020527					2026-07-15T15:54:31	true
post	B020529					2026-07-15T15:54:31	true
post	B020532					2026-07-15T15:54:31	true
post	B020533					2026-07-15T15:54:31	true
post	B020535					2026-07-15T15:54:31	true
post	B020536					2026-07-15T15:54:31	true
post	B020542					2026-07-15T15:54:31	true
post	B020547					2026-07-15T15:54:31	true
post	B020552					2026-07-15T15:54:31	true
post	B020563					2026-07-15T15:54:31	true
post	B020567					2026-07-15T15:54:31	true
post	B020569					2026-07-15T15:54:31	true
post	B020570					2026-07-15T15:54:31	true
post	B020571					2026-07-15T15:54:31	true
post	B020574					2026-07-15T15:54:31	true
post	B020577					2026-07-15T15:54:31	true
post	B020579					2026-07-15T15:54:31	true
post	B020580					2026-07-15T15:54:31	true
post	B020582					2026-07-15T15:54:31	true
post	B020584					2026-07-15T15:54:31	true
post	B020585					2026-07-15T15:54:31	true
post	B020586					2026-07-15T15:54:31	true
post	B020587					2026-07-15T15:54:31	true
post	B020592					2026-07-15T15:54:31	true
post	B020593					2026-07-15T15:54:31	true
post	B020595					2026-07-15T15:54:31	true
post	B020596					2026-07-15T15:54:31	true
post	B020597					2026-07-15T15:54:31	true
post	B020600					2026-07-15T15:54:31	true
post	B020601					2026-07-15T15:54:31	true
post	B020622		33995	Rua Dr João Marques		2026-07-15T15:33:45	
post	B020636					2026-07-15T15:54:31	true
post	B020701					2026-07-15T15:54:31	true
post	B020703					2026-07-15T15:54:31	true
post	B020711					2026-07-15T15:54:31	true
post	B020721					2026-07-15T15:54:31	true
post	B020723					2026-07-15T15:54:31	true
post	B020733					2026-07-15T15:54:31	true
post	B020734					2026-07-15T15:54:31	true
post	B020744					2026-07-15T15:54:31	true
post	B020802		75280	Rua Prefeito Jorge Martins	Não sei se mudou de nome, mas no Google é Deputado Osvaldo Coelho mas o correto é Prefeito Jorge Martins	2026-07-15T15:22:00	
post	B020803		75280	Rua Prefeito Jorge Martins	Não sei se mudou de nome, mas no Google é Deputado Osvaldo Coelho mas o correto é Prefeito Jorge Martins	2026-07-15T15:22:00	
post	B020823		75280	Rua Prefeito Jorge Martins	Não sei se mudou de nome, mas no Google é Deputado Osvaldo Coelho mas o correto é Prefeito Jorge Martins	2026-07-15T15:22:00	
post	B020826					2026-07-15T15:54:31	true
post	B020836		75280	Rua Prefeito Jorge Martins	Não sei se mudou de nome, mas no Google é Deputado Osvaldo Coelho mas o correto é Prefeito Jorge Martins	2026-07-15T15:22:00	
post	B020839					2026-07-15T15:54:31	true
post	B020842					2026-07-15T15:54:31	true
post	B020843					2026-07-15T15:54:31	true
post	B020853					2026-07-15T15:54:31	true
post	B020854					2026-07-15T15:54:31	true
post	B020858					2026-07-15T15:54:31	true
post	B020902					2026-07-15T15:54:31	true
post	B020905					2026-07-15T15:54:31	true
post	B020906					2026-07-15T15:54:31	true
post	B020908					2026-07-15T15:54:31	true
post	B020909					2026-07-15T15:54:31	true
post	B020910					2026-07-15T15:54:31	true
post	B020917					2026-07-15T15:54:31	true
post	B020919					2026-07-15T15:54:31	true
post	B020921					2026-07-15T15:54:31	true
post	B020923					2026-07-15T15:54:31	true
post	B020935					2026-07-15T15:54:31	true
post	B020940					2026-07-15T15:54:31	true
post	B020952					2026-07-15T15:54:31	true
post	B020954					2026-07-15T15:54:31	true
post	B020956					2026-07-15T15:54:31	true
post	B020959					2026-07-15T15:54:31	true
post	B020967					2026-07-15T15:54:31	true
post	B020975					2026-07-15T15:54:31	true
post	B021025					2026-07-15T15:54:31	true
post	B021047		25321	Rua Francisco Jacinto	Aqui busquei pelo GPS	2026-07-15T15:30:16	
post	B021049					2026-07-15T15:54:31	true
post	B021093					2026-07-15T15:54:31	true
post	B021117					2026-07-15T15:54:31	true
post	B021119					2026-07-15T15:54:31	true
post	B021124					2026-07-15T15:54:31	true
post	B021125					2026-07-15T15:54:31	true
post	B021128					2026-07-15T15:54:31	true
post	B021130					2026-07-15T15:54:31	true
post	B021136					2026-07-15T15:54:31	true
post	B021166					2026-07-15T15:54:31	true
post	B021172					2026-07-15T15:54:31	true
post	B021211					2026-07-15T15:54:31	true
post	B021222					2026-07-15T15:54:31	true
post	B021229					2026-07-15T15:54:31	true
post	B021230					2026-07-15T15:54:31	true
post	B021236					2026-07-15T15:54:31	true
post	B021238					2026-07-15T15:54:31	true
post	B021245					2026-07-15T15:54:31	true
post	B021256					2026-07-15T15:54:31	true
post	B021261					2026-07-15T15:54:31	true
post	B021266					2026-07-15T15:54:31	true
post	B021301					2026-07-15T15:54:31	true
post	B021310					2026-07-15T15:54:31	true
post	B021324					2026-07-15T15:54:31	true
post	B021325					2026-07-15T15:54:31	true
post	B021326					2026-07-15T15:54:31	true
post	B021327					2026-07-15T15:54:31	true
post	B021328					2026-07-15T15:54:31	true
post	B021405					2026-07-15T15:54:31	true
post	B021406					2026-07-15T15:54:31	true
post	B021431					2026-07-15T15:54:31	true
post	B021451					2026-07-15T15:25:34	true
post	B021454					2026-07-15T15:54:31	true
post	B021456					2026-07-15T15:54:31	true
post	B021462					2026-07-15T15:54:31	true
post	B021466					2026-07-15T15:54:31	true
post	B021472					2026-07-15T15:15:32	true
post	B021473					2026-07-15T15:15:32	true
post	B021497					2026-07-15T15:54:31	true
post	B021543					2026-07-15T15:54:31	true
post	B021553					2026-07-15T15:54:31	true
post	B021560					2026-07-15T15:54:31	true
post	B021578					2026-07-15T15:54:31	true
post	B021580					2026-07-15T15:54:31	true
post	B021581					2026-07-15T15:54:31	true
post	B021582					2026-07-15T15:54:31	true
post	B021585					2026-07-15T15:54:31	true
post	B021588					2026-07-15T15:54:31	true
post	B021590					2026-07-15T15:54:31	true
post	B021599					2026-07-15T15:54:31	true
post	B021601					2026-07-15T15:54:31	true
post	B021608					2026-07-15T15:54:31	true
post	B021611					2026-07-15T15:54:31	true
post	B021622					2026-07-15T15:54:31	true
post	B021623					2026-07-15T15:54:31	true
post	B021627					2026-07-15T15:54:31	true
post	B021630					2026-07-15T15:54:31	true
post	B021640					2026-07-15T15:54:31	true
post	B021643					2026-07-15T15:54:31	true
post	B021649					2026-07-15T15:54:31	true
post	B021650					2026-07-15T15:54:31	true
post	B021662					2026-07-15T15:54:31	true
post	B021664					2026-07-15T15:54:31	true
post	B021665					2026-07-15T15:54:31	true
post	B021675					2026-07-15T15:54:31	true
post	B021676					2026-07-15T15:54:31	true
post	B021680					2026-07-15T15:54:31	true
post	B021691					2026-07-15T15:54:31	true
post	B021693					2026-07-15T15:54:31	true
post	B021694					2026-07-15T15:54:31	true
post	B021698					2026-07-15T15:54:31	true
post	B021699					2026-07-15T15:54:31	true
post	B021700					2026-07-15T15:54:31	true
post	B021718					2026-07-15T15:54:31	true
post	B021720					2026-07-15T15:54:31	true
post	B021725					2026-07-15T15:54:31	true
post	B021726					2026-07-15T15:54:31	true
post	B021727					2026-07-15T15:54:31	true
post	B021728					2026-07-15T15:54:31	true
post	B021736					2026-07-15T15:54:31	true
post	B021742					2026-07-15T15:54:31	true
post	B021746					2026-07-15T15:54:31	true
post	B021748					2026-07-15T15:54:31	true
post	B021749					2026-07-15T15:54:31	true
post	B021750					2026-07-15T15:54:31	true
post	B021768					2026-07-15T15:54:31	true
post	B021770					2026-07-15T15:54:31	true
post	B021772					2026-07-15T15:54:31	true
post	B021779					2026-07-15T15:54:31	true
post	B021802					2026-07-15T15:54:31	true
post	B021808					2026-07-15T15:54:31	true
post	B021809					2026-07-15T15:54:31	true
post	B021811					2026-07-15T15:54:31	true
post	B021843					2026-07-15T15:54:31	true
post	B021845					2026-07-15T15:54:31	true
post	B021847					2026-07-15T15:54:31	true
post	B021849					2026-07-15T15:54:31	true
post	B021853					2026-07-15T15:54:31	true
post	B021857					2026-07-15T15:54:31	true
post	B021863					2026-07-15T15:54:31	true
post	B021865					2026-07-15T15:54:31	true
post	B021887					2026-07-15T15:54:31	true
post	B021895					2026-07-15T15:54:31	true
post	B021897					2026-07-15T15:54:31	true
post	B021900					2026-07-15T15:54:31	true
post	B021906					2026-07-15T15:54:31	true
post	B021909					2026-07-15T15:54:31	true
post	B021914					2026-07-15T15:15:32	true
post	B021919					2026-07-15T15:15:32	true
post	B021921					2026-07-15T15:54:31	true
post	B021922					2026-07-15T15:54:31	true
post	B021923					2026-07-15T15:54:31	true
post	B021930					2026-07-15T15:54:31	true
post	B021932					2026-07-15T15:54:31	true
post	B021933					2026-07-15T15:54:31	true
post	B021940					2026-07-15T15:54:31	true
post	B021942					2026-07-15T15:54:31	true
post	B021949					2026-07-15T15:54:31	true
post	B021950					2026-07-15T15:54:31	true
post	B021974					2026-07-15T15:54:31	true
post	B021975					2026-07-15T15:54:31	true
post	B021977					2026-07-15T15:54:31	true
post	B021989					2026-07-15T15:54:31	true
post	B021992					2026-07-15T15:54:31	true
post	B021995					2026-07-15T15:54:31	true
post	B022001					2026-07-15T15:15:32	true
post	B022004					2026-07-15T15:54:31	true
post	B022005					2026-07-15T15:54:31	true
post	B022006					2026-07-15T15:54:31	true
post	B022019					2026-07-15T15:54:31	true
post	B022025					2026-07-15T15:54:31	true
post	B022032					2026-07-15T15:54:31	true
post	B022034					2026-07-15T15:54:31	true
post	B022035					2026-07-15T15:54:31	true
post	B022040					2026-07-15T15:54:31	true
post	B022041					2026-07-15T15:54:31	true
post	B022044					2026-07-15T15:54:31	true
post	B022047					2026-07-15T15:54:31	true
post	B022056					2026-07-15T15:54:31	true
post	B022057					2026-07-15T15:54:31	true
post	B022066					2026-07-15T15:54:31	true
post	B022067					2026-07-15T15:54:31	true
post	B022070					2026-07-15T15:54:31	true
post	B022081					2026-07-15T15:54:31	true
post	B022082					2026-07-15T15:54:31	true
post	B022083					2026-07-15T15:54:31	true
post	B022095					2026-07-15T15:54:31	true
post	B022100					2026-07-15T15:54:31	true
post	B022102					2026-07-15T15:54:31	true
post	B022123					2026-07-15T15:54:31	true
post	B022126					2026-07-15T15:54:31	true
post	B022127					2026-07-15T15:54:31	true
post	B022128					2026-07-15T15:54:31	true
post	B022332					2026-07-15T15:54:31	true
post	B022334					2026-07-15T15:54:31	true
post	B022335					2026-07-15T15:54:31	true
post	B022618		75639	Rua S D 4038		2026-07-15T15:35:21	
post	B022647					2026-07-15T15:54:31	true
post	B022651					2026-07-15T15:54:31	true
post	B022670					2026-07-15T15:54:31	true
post	B022689					2026-07-15T15:54:31	true
post	B022692					2026-07-15T15:54:31	true
post	B022758					2026-07-15T15:54:31	true
post	B022786					2026-07-15T15:54:31	true
post	B022790					2026-07-15T15:54:31	true
post	B022803					2026-07-15T15:54:31	true
post	B022824					2026-07-15T15:54:31	true
post	B022861					2026-07-15T15:54:31	true
post	B022883					2026-07-15T15:54:31	true
post	B022887					2026-07-15T15:54:31	true
post	B022888					2026-07-15T15:54:31	true
post	B022901					2026-07-15T15:54:31	true
post	B022902					2026-07-15T15:54:31	true
post	B022904					2026-07-15T15:54:31	true
post	B022905					2026-07-15T15:54:31	true
post	B022914					2026-07-15T15:54:31	true
post	B022915					2026-07-15T15:54:31	true
post	B022920					2026-07-15T15:54:31	true
post	B022928					2026-07-15T15:54:31	true
post	B022929					2026-07-15T15:54:31	true
post	B022930					2026-07-15T15:54:31	true
post	B022932					2026-07-15T15:54:31	true
post	B022933					2026-07-15T15:54:31	true
post	B022934					2026-07-15T15:54:31	true
post	B022950					2026-07-15T15:54:31	true
post	B022959					2026-07-15T15:20:06	true
post	B022965					2026-07-15T15:20:06	true
post	B022969					2026-07-15T15:54:31	true
post	B022970					2026-07-15T15:54:31	true
post	B022971					2026-07-15T15:54:31	true
post	B022973					2026-07-15T15:54:31	true
post	B022976					2026-07-15T15:54:31	true
post	B023028					2026-07-15T15:54:31	true
post	B023040					2026-07-15T15:54:31	true
post	B023041					2026-07-15T15:54:31	true
post	B023042					2026-07-15T15:54:31	true
post	B023043					2026-07-15T15:54:31	true
post	B023045					2026-07-15T15:54:31	true
post	B023046					2026-07-15T15:54:31	true
post	B023055					2026-07-15T15:54:31	true
post	B023056					2026-07-15T15:54:31	true
post	B023061					2026-07-15T15:54:31	true
post	B023112					2026-07-15T15:54:31	true
post	B023114					2026-07-15T15:54:31	true
post	B023116					2026-07-15T15:54:31	true
post	B023122					2026-07-15T15:54:31	true
post	B023128					2026-07-15T15:54:31	true
post	B023136					2026-07-15T15:54:31	true
post	B023138					2026-07-15T15:54:31	true
post	B023139		40932	Rua Mamede Simões		2026-07-15T15:30:33	
post	B023149					2026-07-15T15:54:31	true
post	B023154					2026-07-15T15:54:31	true
post	B023155					2026-07-15T15:54:31	true
post	B023156					2026-07-15T15:54:31	true
post	B023157					2026-07-15T15:54:31	true
post	B023158					2026-07-15T15:54:31	true
post	B023159					2026-07-15T15:54:31	true
post	B023160					2026-07-15T15:54:31	true
post	B023162					2026-07-15T15:54:31	true
post	B023168					2026-07-15T15:54:31	true
post	B023170					2026-07-15T15:54:31	true
post	B023173					2026-07-15T15:54:31	true
post	B023174					2026-07-15T15:54:31	true
post	B023175					2026-07-15T15:54:31	true
post	B023176					2026-07-15T15:54:31	true
post	B023178					2026-07-15T15:54:31	true
post	B023190					2026-07-15T15:54:31	true
post	B023197					2026-07-15T15:54:31	true
post	B023198					2026-07-15T15:54:31	true
post	B023199					2026-07-15T15:54:31	true
post	B023200					2026-07-15T15:54:31	true
post	B023203					2026-07-15T15:54:31	true
post	B023230					2026-07-15T15:54:31	true
post	B023232					2026-07-15T15:54:31	true
post	B023237					2026-07-15T15:54:31	true
post	B023238					2026-07-15T15:54:31	true
post	B023240					2026-07-15T15:54:31	true
post	B023241					2026-07-15T15:54:31	true
post	B023242					2026-07-15T15:54:31	true
post	B023243					2026-07-15T15:54:31	true
post	B023245					2026-07-15T15:54:31	true
post	B023246					2026-07-15T15:54:31	true
post	B023247					2026-07-15T15:54:31	true
post	B023248					2026-07-15T15:54:31	true
post	B023250					2026-07-15T15:54:31	true
post	B023251					2026-07-15T15:54:31	true
post	B023253					2026-07-15T15:54:31	true
post	B023257					2026-07-15T15:54:31	true
post	B023258					2026-07-15T15:54:31	true
post	B023259					2026-07-15T15:54:31	true
post	B023262					2026-07-15T15:54:31	true
post	B023263					2026-07-15T15:54:31	true
post	B023264					2026-07-15T15:54:31	true
post	B023265					2026-07-15T15:54:31	true
post	B023268					2026-07-15T15:54:31	true
post	B023270					2026-07-15T15:54:31	true
post	B023272					2026-07-15T15:54:31	true
post	B023277					2026-07-15T15:54:31	true
post	B023280					2026-07-15T15:54:31	true
post	B023289					2026-07-15T15:54:31	true
post	B023305					2026-07-15T15:54:31	true
post	B023309					2026-07-15T15:54:31	true
post	B023326					2026-07-15T15:54:31	true
post	B023360					2026-07-15T15:54:31	true
post	B023410					2026-07-15T15:54:31	true
post	B023411					2026-07-15T15:54:31	true
post	B023412					2026-07-15T15:54:31	true
post	B023413					2026-07-15T15:54:31	true
post	B023424					2026-07-15T15:54:31	true
post	B023427					2026-07-15T15:54:31	true
post	B023431					2026-07-15T15:54:31	true
post	B023449					2026-07-15T15:54:31	true
post	B023451					2026-07-15T15:54:31	true
post	B023462					2026-07-15T15:54:31	true
post	B023475					2026-07-15T15:54:31	true
post	B023476					2026-07-15T15:54:31	true
post	B023505					2026-07-15T15:54:31	true
post	B023520					2026-07-15T15:54:31	true
post	B023529					2026-07-15T15:54:31	true
post	B023531					2026-07-15T15:54:31	true
post	B023532					2026-07-15T15:54:31	true
post	B023540					2026-07-15T15:54:31	true
post	B023542					2026-07-15T15:54:31	true
post	B023551					2026-07-15T15:54:31	true
post	B023553					2026-07-15T15:54:31	true
post	B023554					2026-07-15T15:54:31	true
post	B023555					2026-07-15T15:54:31	true
post	B023556					2026-07-15T15:54:31	true
post	B023566					2026-07-15T15:54:31	true
post	B023568					2026-07-15T15:54:31	true
post	B023569					2026-07-15T15:54:31	true
post	B023575					2026-07-15T15:54:31	true
post	B023576					2026-07-15T15:54:31	true
post	B023591					2026-07-15T15:54:31	true
post	B023594					2026-07-15T15:54:31	true
post	B023617					2026-07-15T15:54:31	true
post	B023618					2026-07-15T15:54:31	true
post	B023620					2026-07-15T15:15:17	true
post	B023628					2026-07-15T15:15:17	true
post	B023629					2026-07-15T15:15:17	true
post	B023672					2026-07-15T15:54:31	true
post	B023677					2026-07-15T15:54:31	true
post	B023678					2026-07-15T15:54:31	true
post	B023680					2026-07-15T15:54:31	true
post	B023684					2026-07-15T15:15:17	true
post	B023700					2026-07-15T15:54:31	true
post	B023705					2026-07-15T15:54:31	true
post	B023708					2026-07-15T15:54:31	true
post	B023709					2026-07-15T15:54:31	true
post	B023729					2026-07-15T15:54:31	true
post	B023730					2026-07-15T15:54:31	true
post	B023737					2026-07-15T15:54:31	true
post	B023740					2026-07-15T15:54:31	true
post	B023742					2026-07-15T15:54:31	true
post	B023744					2026-07-15T15:54:31	true
post	B023746					2026-07-15T15:54:31	true
post	B023750					2026-07-15T15:54:31	true
post	B023766					2026-07-15T15:54:31	true
post	B023767					2026-07-15T15:54:31	true
post	B023803					2026-07-15T15:54:31	true
post	B023807					2026-07-15T15:54:31	true
post	B023835					2026-07-15T15:54:31	true
post	B023841					2026-07-15T15:54:31	true
post	B023843					2026-07-15T15:54:31	true
post	B023873					2026-07-15T15:54:31	true
post	B023879					2026-07-15T15:54:31	true
post	B023881					2026-07-15T15:54:31	true
post	B023884					2026-07-15T15:54:31	true
post	B023887					2026-07-15T15:54:31	true
post	B023888					2026-07-15T15:54:31	true
post	B023891					2026-07-15T15:54:31	true
post	B023892					2026-07-15T15:54:31	true
post	B023895					2026-07-15T15:54:31	true
post	B023900					2026-07-15T15:54:31	true
post	B023903					2026-07-15T15:54:31	true
post	B023904					2026-07-15T15:54:31	true
post	B023905					2026-07-15T15:54:31	true
post	B023907					2026-07-15T15:54:31	true
post	B023911					2026-07-15T15:54:31	true
post	B023917					2026-07-15T15:08:38	true
post	B023919					2026-07-15T15:08:38	true
post	B023920					2026-07-15T15:54:31	true
post	B023921					2026-07-15T15:54:31	true
post	B023924					2026-07-15T15:54:31	true
post	B023925					2026-07-15T15:54:31	true
post	B023928					2026-07-15T15:54:31	true
post	B023929					2026-07-15T15:54:31	true
post	B023930					2026-07-15T15:54:31	true
post	B023932					2026-07-15T15:54:31	true
post	B023933					2026-07-15T15:54:31	true
post	B023935					2026-07-15T15:54:31	true
post	B023936					2026-07-15T15:54:31	true
post	B023937					2026-07-15T15:54:31	true
post	B023942					2026-07-15T15:54:31	true
post	B023949					2026-07-15T15:54:31	true
post	B023950					2026-07-15T15:54:31	true
post	B023952					2026-07-15T15:54:31	true
post	B023956					2026-07-15T15:54:31	true
post	B023957					2026-07-15T15:54:31	true
post	B023963					2026-07-15T15:54:31	true
post	B023965					2026-07-15T15:54:31	true
post	B023973					2026-07-15T15:54:31	true
post	B023974					2026-07-15T15:54:31	true
post	B023977					2026-07-15T15:54:31	true
post	B023979					2026-07-15T15:54:31	true
post	B023980					2026-07-15T15:54:31	true
post	B023985					2026-07-15T15:54:31	true
post	B023992					2026-07-15T15:54:31	true
post	B023996					2026-07-15T15:54:31	true
post	B023997					2026-07-15T15:54:31	true
post	B023998					2026-07-15T15:54:31	true
post	B024053					2026-07-15T15:54:31	true
post	B024056					2026-07-15T15:54:31	true
post	B024061					2026-07-15T15:54:31	true
post	B024064					2026-07-15T15:54:31	true
post	B024066					2026-07-15T15:54:31	true
post	B024067					2026-07-15T15:54:31	true
post	B024079					2026-07-15T15:54:31	true
post	B024120					2026-07-15T15:54:31	true
post	B024125					2026-07-15T15:54:31	true
post	B024128					2026-07-15T15:54:31	true
post	B024133					2026-07-15T15:54:31	true
post	B024147					2026-07-15T15:54:31	true
post	B024170					2026-07-15T15:54:31	true
post	B024174					2026-07-15T15:54:31	true
post	B024198					2026-07-15T15:54:31	true
post	B024201					2026-07-15T15:54:31	true
post	B024203					2026-07-15T15:54:31	true
post	B024210					2026-07-15T15:54:31	true
post	B024212					2026-07-15T15:54:31	true
post	B024213					2026-07-15T15:54:31	true
post	B024215					2026-07-15T15:54:31	true
post	B024216					2026-07-15T15:54:31	true
post	B024217					2026-07-15T15:54:31	true
post	B024220					2026-07-15T15:54:31	true
post	B024221					2026-07-15T15:54:31	true
post	B024222					2026-07-15T15:54:31	true
post	B024242					2026-07-15T15:54:31	true
post	B024244					2026-07-15T15:54:31	true
post	B024251					2026-07-15T15:54:31	true
post	B024254					2026-07-15T15:54:31	true
post	B024255					2026-07-15T15:54:31	true
post	B024257					2026-07-15T15:54:31	true
post	B024264					2026-07-15T15:54:31	true
post	B024273					2026-07-15T15:54:31	true
post	B024284					2026-07-15T15:54:31	true
post	B024285					2026-07-15T15:54:31	true
post	B024290					2026-07-15T15:54:31	true
post	B024309					2026-07-15T15:54:31	true
post	B024315					2026-07-15T15:54:31	true
post	B024322					2026-07-15T15:54:31	true
post	B024325					2026-07-15T15:54:31	true
post	B024343					2026-07-15T15:54:31	true
post	B024352					2026-07-15T15:54:31	true
post	B024441					2026-07-15T15:54:31	true
post	B024473					2026-07-15T15:15:17	true
post	B024475					2026-07-15T15:54:31	true
post	B024476					2026-07-15T15:54:31	true
post	B024480					2026-07-15T15:54:31	true
post	B024483					2026-07-15T15:54:31	true
post	B024493					2026-07-15T15:54:31	true
post	B024504					2026-07-15T15:54:31	true
post	B024507					2026-07-15T15:54:31	true
post	B024510					2026-07-15T15:54:31	true
post	B024514					2026-07-15T15:54:31	true
post	B024517					2026-07-15T15:54:31	true
post	B024524					2026-07-15T15:54:31	true
post	B024533					2026-07-15T15:54:31	true
post	B024536					2026-07-15T15:54:31	true
post	B024538					2026-07-15T15:54:31	true
post	B024539					2026-07-15T15:54:31	true
post	B024543					2026-07-15T15:54:31	true
post	B024545					2026-07-15T15:54:31	true
post	B024550					2026-07-15T15:54:31	true
post	B024552					2026-07-15T15:54:31	true
post	B024554					2026-07-15T15:54:31	true
post	B024556					2026-07-15T15:54:31	true
post	B024558					2026-07-15T15:54:31	true
post	B024564					2026-07-15T15:54:31	true
post	B024567					2026-07-15T15:54:31	true
post	B024570					2026-07-15T15:54:31	true
post	B024571					2026-07-15T15:54:31	true
post	B024574					2026-07-15T15:54:31	true
post	B024575					2026-07-15T15:54:31	true
post	B024578					2026-07-15T15:54:31	true
post	B024580					2026-07-15T15:54:31	true
post	B024581					2026-07-15T15:54:31	true
post	B024582					2026-07-15T15:54:31	true
post	B024583					2026-07-15T15:54:31	true
post	B024585					2026-07-15T15:54:31	true
post	B024587					2026-07-15T15:54:31	true
post	B024588					2026-07-15T15:54:31	true
post	B024670		119300	Travessa Dr Eudes Costa		2026-07-15T15:53:16	
post	B024673					2026-07-15T15:54:31	true
post	B024676					2026-07-15T15:54:31	true
post	B024695					2026-07-15T15:54:31	true
post	B025022					2026-07-15T15:54:31	true
post	B025030					2026-07-15T15:54:31	true
post	B025033					2026-07-15T15:54:31	true
post	B025037					2026-07-15T15:54:31	true
post	B025040					2026-07-15T15:54:31	true
post	B025075					2026-07-15T15:54:31	true
post	B025096					2026-07-15T15:54:31	true
post	B025109					2026-07-15T15:54:31	true
post	B025242					2026-07-15T15:54:31	true
post	B025279					2026-07-15T15:54:31	true
post	B025337					2026-07-15T15:54:31	true
post	B025347					2026-07-15T15:54:31	true
post	B025425					2026-07-15T15:54:31	true
post	B025426					2026-07-15T15:54:31	true
post	B025435					2026-07-15T15:54:31	true
post	B025451					2026-07-15T15:54:31	true
post	B025485					2026-07-15T15:54:31	true
post	B025487					2026-07-15T15:54:31	true
post	B025492					2026-07-15T15:54:31	true
post	B025576					2026-07-15T15:54:31	true
post	B025590					2026-07-15T15:54:31	true
post	B025602					2026-07-15T15:54:31	true
post	B025608					2026-07-15T15:54:31	true
post	B025609					2026-07-15T15:54:31	true
post	B025610					2026-07-15T15:54:31	true
post	B025611					2026-07-15T15:54:31	true
post	B025613					2026-07-15T15:54:31	true
post	B025614					2026-07-15T15:54:31	true
post	B025615					2026-07-15T15:54:31	true
post	B025617					2026-07-15T15:54:31	true
post	B025622					2026-07-15T15:54:31	true
post	B025625					2026-07-15T15:54:31	true
post	B025628					2026-07-15T15:54:31	true
post	B025629					2026-07-15T15:54:31	true
post	B025630					2026-07-15T15:54:31	true
post	B025632					2026-07-15T15:54:31	true
post	B025638					2026-07-15T15:54:31	true
post	B025641					2026-07-15T15:54:31	true
post	B025648					2026-07-15T15:54:31	true
post	B025698					2026-07-15T15:54:31	true
post	B025703					2026-07-15T15:54:31	true
post	B025705					2026-07-15T15:54:31	true
post	B025707					2026-07-15T15:54:31	true
post	B025709					2026-07-15T15:16:30	true
post	B025710					2026-07-15T15:16:30	true
post	B025712					2026-07-15T15:54:31	true
post	B025716					2026-07-15T15:16:30	true
post	B025719					2026-07-15T15:54:31	true
post	B025720					2026-07-15T15:54:31	true
post	B025722					2026-07-15T15:54:31	true
post	B025723					2026-07-15T15:54:31	true
post	B025724					2026-07-15T15:54:31	true
post	B025725					2026-07-15T15:54:31	true
post	B025726					2026-07-15T15:54:31	true
post	B025729					2026-07-15T15:54:31	true
post	B025730					2026-07-15T15:54:31	true
post	B025731					2026-07-15T15:54:31	true
post	B025734					2026-07-15T15:54:31	true
post	B025735					2026-07-15T15:54:31	true
post	B025738					2026-07-15T15:54:31	true
post	B025741					2026-07-15T15:54:31	true
post	B025743					2026-07-15T15:54:31	true
post	B025745					2026-07-15T15:54:31	true
post	B025747					2026-07-15T15:54:31	true
post	B025748					2026-07-15T15:54:31	true
post	B025749					2026-07-15T15:54:31	true
post	B025751					2026-07-15T15:54:31	true
post	B025756					2026-07-15T15:54:31	true
post	B025758					2026-07-15T15:54:31	true
post	B025760					2026-07-15T15:54:31	true
post	B025761					2026-07-15T15:54:31	true
post	B025762					2026-07-15T15:54:31	true
post	B025765					2026-07-15T15:54:31	true
post	B025766					2026-07-15T15:54:31	true
post	B025767					2026-07-15T15:54:31	true
post	B025771					2026-07-15T15:54:31	true
post	B025773					2026-07-15T15:54:31	true
post	B025780					2026-07-15T15:54:31	true
post	B025781					2026-07-15T15:54:31	true
post	B025782					2026-07-15T15:54:31	true
post	B025783					2026-07-15T15:54:31	true
post	B025786					2026-07-15T15:54:31	true
post	B025788					2026-07-15T15:54:31	true
post	B025799					2026-07-15T15:54:31	true
post	B025800					2026-07-15T15:54:31	true
post	B025811					2026-07-15T15:54:31	true
post	B025827					2026-07-15T15:54:31	true
post	B025829					2026-07-15T15:54:31	true
post	B025835					2026-07-15T15:54:31	true
post	B025836					2026-07-15T15:54:31	true
post	B025846					2026-07-15T15:54:31	true
post	B025849					2026-07-15T15:54:31	true
post	B025860					2026-07-15T15:54:31	true
post	B025861					2026-07-15T15:54:31	true
post	B025870					2026-07-15T15:54:31	true
post	B025876					2026-07-15T15:54:31	true
post	B025884					2026-07-15T15:54:31	true
post	B025890					2026-07-15T15:54:31	true
post	B025891					2026-07-15T15:54:31	true
post	B025898					2026-07-15T15:54:31	true
post	B025899					2026-07-15T15:54:31	true
post	B025916					2026-07-15T15:54:31	true
post	B025938					2026-07-15T15:54:31	true
post	B025941					2026-07-15T15:54:31	true
post	B025956					2026-07-15T15:54:31	true
post	B025967					2026-07-15T15:54:31	true
post	B025969					2026-07-15T15:54:31	true
post	B025975					2026-07-15T15:54:31	true
post	B026001					2026-07-15T15:54:31	true
post	B026003					2026-07-15T15:54:31	true
post	B026004					2026-07-15T15:54:31	true
post	B026007					2026-07-15T15:54:31	true
post	B026009					2026-07-15T15:54:31	true
post	B026010					2026-07-15T15:54:31	true
post	B026011					2026-07-15T15:54:31	true
post	B026012					2026-07-15T15:54:31	true
post	B026020					2026-07-15T15:54:31	true
post	B026021					2026-07-15T15:54:31	true
post	B026028					2026-07-15T15:54:31	true
post	B026029					2026-07-15T15:54:31	true
post	B026034					2026-07-15T15:54:31	true
post	B026038					2026-07-15T15:54:31	true
post	B026049					2026-07-15T15:54:31	true
post	B026057					2026-07-15T15:54:31	true
post	B026073					2026-07-15T15:54:31	true
post	B026101					2026-07-15T15:54:31	true
post	B026104					2026-07-15T15:54:31	true
post	B026107					2026-07-15T15:54:31	true
post	B026109					2026-07-15T15:54:31	true
post	B026113					2026-07-15T15:54:31	true
post	B026114					2026-07-15T15:54:31	true
post	B026116					2026-07-15T15:54:31	true
post	B026123					2026-07-15T15:54:31	true
post	B026125					2026-07-15T15:54:31	true
post	B026133					2026-07-15T15:54:31	true
post	B026134					2026-07-15T15:54:31	true
post	B026144					2026-07-15T15:54:31	true
post	B026145					2026-07-15T15:54:31	true
post	B026146					2026-07-15T15:54:31	true
post	B026154					2026-07-15T15:54:31	true
post	B026181					2026-07-15T15:54:31	true
post	B026188					2026-07-15T15:25:10	true
post	B026189					2026-07-15T15:54:31	true
post	B026191					2026-07-15T15:54:31	true
post	B026201					2026-07-15T15:54:31	true
post	B026204					2026-07-15T15:54:31	true
post	B026205					2026-07-15T15:54:31	true
post	B026209					2026-07-15T15:54:31	true
post	B026212					2026-07-15T15:54:31	true
post	B026217					2026-07-15T15:54:31	true
post	B026218					2026-07-15T15:54:31	true
post	B026232					2026-07-15T15:54:31	true
post	B026233					2026-07-15T15:54:31	true
post	B026244					2026-07-15T15:54:31	true
post	B026247					2026-07-15T15:54:31	true
post	B026250					2026-07-15T15:54:31	true
post	B026253					2026-07-15T15:54:31	true
post	B026254					2026-07-15T15:54:31	true
post	B026260					2026-07-15T15:54:31	true
post	B026271		29963	Rua Ildefonso Lopes		2026-07-15T15:33:26	
post	B026285					2026-07-15T15:54:31	true
post	B026292					2026-07-15T15:54:31	true
post	B026295					2026-07-15T15:22:34	true
post	B026296					2026-07-15T15:22:34	true
post	B026326					2026-07-15T15:54:31	true
post	B026341					2026-07-15T15:54:31	true
post	B026349					2026-07-15T15:54:31	true
post	B026360					2026-07-15T15:54:31	true
post	B026361					2026-07-15T15:54:31	true
post	B026362					2026-07-15T15:54:31	true
post	B026371					2026-07-15T15:54:31	true
post	B026377					2026-07-15T15:54:31	true
post	B026395					2026-07-15T15:54:31	true
post	B026411					2026-07-15T15:54:31	true
post	B026418					2026-07-15T15:54:31	true
post	B026422					2026-07-15T15:54:31	true
post	B026423					2026-07-15T15:54:31	true
post	B026424					2026-07-15T15:54:31	true
post	B026425					2026-07-15T15:54:31	true
post	B026426					2026-07-15T15:54:31	true
post	B026434					2026-07-15T15:54:31	true
post	B026435					2026-07-15T15:54:31	true
post	B026437					2026-07-15T15:54:31	true
post	B026438					2026-07-15T15:54:31	true
post	B026444					2026-07-15T15:54:31	true
post	B026447					2026-07-15T15:54:31	true
post	B026466					2026-07-15T15:54:31	true
post	B026476					2026-07-15T15:54:31	true
post	B026484					2026-07-15T15:54:31	true
post	B026486					2026-07-15T15:54:31	true
post	B026488					2026-07-15T15:54:31	true
post	B026489					2026-07-15T15:54:31	true
post	B026490					2026-07-15T15:54:31	true
post	B026491					2026-07-15T15:54:31	true
post	B026492					2026-07-15T15:54:31	true
post	B026494					2026-07-15T15:54:31	true
post	B026495					2026-07-15T15:54:31	true
post	B026496					2026-07-15T15:54:31	true
post	B026497					2026-07-15T15:54:31	true
post	B026508					2026-07-15T15:22:34	true
post	B026510					2026-07-15T15:54:31	true
post	B026511					2026-07-15T15:54:31	true
post	B026512					2026-07-15T15:54:31	true
post	B026514					2026-07-15T15:54:31	true
post	B026517					2026-07-15T15:54:31	true
post	B026523					2026-07-15T15:54:31	true
post	B026527					2026-07-15T15:54:31	true
post	B026532					2026-07-15T15:54:31	true
post	B026534					2026-07-15T15:54:31	true
post	B026536					2026-07-15T15:54:31	true
post	B026537					2026-07-15T15:54:31	true
post	B026540					2026-07-15T15:54:31	true
post	B026541					2026-07-15T15:54:31	true
post	B026543					2026-07-15T15:54:31	true
post	B026546					2026-07-15T15:54:31	true
post	B026547					2026-07-15T15:54:31	true
post	B026549					2026-07-15T15:54:31	true
post	B026550					2026-07-15T15:54:31	true
post	B026552					2026-07-15T15:54:31	true
post	B026562					2026-07-15T15:54:31	true
post	B026563					2026-07-15T15:54:31	true
post	B026564					2026-07-15T15:54:31	true
post	B026565					2026-07-15T15:54:31	true
post	B026567					2026-07-15T15:54:31	true
post	B026569					2026-07-15T15:54:31	true
post	B026590					2026-07-15T15:54:31	true
post	B026591					2026-07-15T15:54:31	true
post	B026592					2026-07-15T15:54:31	true
post	B026593					2026-07-15T15:54:31	true
post	B026594					2026-07-15T15:54:31	true
post	B026598					2026-07-15T15:54:31	true
post	B026606					2026-07-15T15:54:31	true
post	B026614					2026-07-15T15:54:31	true
post	B026615					2026-07-15T15:54:31	true
post	B026617					2026-07-15T15:54:31	true
post	B026626					2026-07-15T15:54:31	true
post	B026627					2026-07-15T15:54:31	true
post	B026638					2026-07-15T15:54:31	true
post	B026641					2026-07-15T15:54:31	true
post	B026643					2026-07-15T15:54:31	true
post	B026646					2026-07-15T15:54:31	true
post	B026649					2026-07-15T15:54:31	true
post	B026651					2026-07-15T15:54:31	true
post	B026652					2026-07-15T15:54:31	true
post	B026654					2026-07-15T15:54:31	true
post	B026656					2026-07-15T15:54:31	true
post	B026658					2026-07-15T15:54:31	true
post	B026659					2026-07-15T15:54:31	true
post	B026660					2026-07-15T15:54:31	true
post	B026661					2026-07-15T15:54:31	true
post	B026662					2026-07-15T15:54:31	true
post	B026664					2026-07-15T15:54:31	true
post	B026665					2026-07-15T15:54:31	true
post	B026667					2026-07-15T15:54:31	true
post	B026668					2026-07-15T15:54:31	true
post	B026670					2026-07-15T15:54:31	true
post	B026673					2026-07-15T15:54:31	true
post	B026674					2026-07-15T15:54:31	true
post	B026676					2026-07-15T15:54:31	true
post	B026679					2026-07-15T15:54:31	true
post	B026681					2026-07-15T15:54:31	true
post	B026682					2026-07-15T15:54:31	true
post	B026683					2026-07-15T15:54:31	true
post	B026684					2026-07-15T15:54:31	true
post	B026685					2026-07-15T15:54:31	true
post	B026686					2026-07-15T15:54:31	true
post	B026687					2026-07-15T15:54:31	true
post	B026696					2026-07-15T15:54:31	true
post	B026712					2026-07-15T15:54:31	true
post	B026721					2026-07-15T15:54:31	true
post	B026729					2026-07-15T15:54:31	true
post	B026730					2026-07-15T15:54:31	true
post	B026731					2026-07-15T15:54:31	true
post	B026732					2026-07-15T15:54:31	true
post	B026735					2026-07-15T15:54:31	true
post	B026736					2026-07-15T15:54:31	true
post	B026746					2026-07-15T15:54:31	true
post	B026783					2026-07-15T15:54:31	true
post	B026792					2026-07-15T15:54:31	true
post	B026793					2026-07-15T15:54:31	true
post	B026801					2026-07-15T15:54:31	true
post	B026806					2026-07-15T15:54:31	true
post	B026809					2026-07-15T15:54:31	true
post	B026820					2026-07-15T15:54:31	true
post	B026824					2026-07-15T15:54:31	true
post	B026870					2026-07-15T15:54:31	true
post	B026880					2026-07-15T15:54:31	true
post	B026894					2026-07-15T15:54:31	true
post	B026895					2026-07-15T15:54:31	true
post	B026896					2026-07-15T15:54:31	true
post	B026921					2026-07-15T15:54:31	true
post	B026923					2026-07-15T15:54:31	true
post	B026950					2026-07-15T15:54:31	true
post	B026957					2026-07-15T15:54:31	true
post	B026973					2026-07-15T15:54:31	true
post	B026988					2026-07-15T15:54:31	true
post	B027003					2026-07-15T15:54:31	true
post	B027018					2026-07-15T15:54:31	true
post	B027019					2026-07-15T15:54:31	true
post	B027020					2026-07-15T15:54:31	true
post	B027028					2026-07-15T15:54:31	true
post	B027054					2026-07-15T15:54:31	true
post	B027055					2026-07-15T15:54:31	true
post	B027070					2026-07-15T15:54:31	true
post	B027077					2026-07-15T15:54:31	true
post	B027089					2026-07-15T15:54:31	true
post	B027093					2026-07-15T15:54:31	true
post	B027095					2026-07-15T15:54:31	true
post	B027103					2026-07-15T15:54:31	true
post	B027104					2026-07-15T15:54:31	true
post	B027110					2026-07-15T15:54:31	true
post	B027114					2026-07-15T15:54:31	true
post	B027128					2026-07-15T15:54:31	true
post	B027133					2026-07-15T15:54:31	true
post	B027135					2026-07-15T15:54:31	true
post	B027145					2026-07-15T15:54:31	true
post	B027147					2026-07-15T15:54:31	true
post	B027149					2026-07-15T15:54:31	true
post	B027151					2026-07-15T15:54:31	true
post	B027155					2026-07-15T15:54:31	true
post	B027162					2026-07-15T15:54:31	true
post	B027167					2026-07-15T15:54:31	true
post	B027168					2026-07-15T15:54:31	true
post	B027169					2026-07-15T15:54:31	true
post	B027172					2026-07-15T15:54:31	true
post	B027175					2026-07-15T15:54:31	true
post	B027177					2026-07-15T15:54:31	true
post	B027178					2026-07-15T15:54:31	true
post	B027184					2026-07-15T15:54:31	true
post	B027187					2026-07-15T15:54:31	true
post	B027198					2026-07-15T15:54:31	true
post	B027199					2026-07-15T15:54:31	true
post	B027201					2026-07-15T15:54:31	true
post	B027205					2026-07-15T15:54:31	true
post	B027208					2026-07-15T15:54:31	true
post	B027209					2026-07-15T15:54:31	true
post	B027210					2026-07-15T15:54:31	true
post	B027219					2026-07-15T15:54:31	true
post	B027220					2026-07-15T15:54:31	true
post	B027228					2026-07-15T15:54:31	true
post	B027229					2026-07-15T15:54:31	true
post	B027231					2026-07-15T15:54:31	true
post	B027234					2026-07-15T15:54:31	true
post	B027241					2026-07-15T15:25:39	true
post	B027242					2026-07-15T15:54:31	true
post	B027280					2026-07-15T15:54:31	true
post	B027282					2026-07-15T15:54:31	true
post	B027284					2026-07-15T15:54:31	true
post	B027287					2026-07-15T15:54:31	true
post	B027304					2026-07-15T15:54:31	true
post	B027311					2026-07-15T15:54:31	true
post	B027312					2026-07-15T15:54:31	true
post	B027313					2026-07-15T15:54:31	true
post	B027319					2026-07-15T15:54:31	true
post	B027320					2026-07-15T15:54:31	true
post	B027415					2026-07-15T15:54:31	true
post	B027416					2026-07-15T15:54:31	true
post	B027427					2026-07-15T15:54:31	true
post	B027436					2026-07-15T15:54:31	true
post	B027439					2026-07-15T15:54:31	true
post	B027442					2026-07-15T15:54:31	true
post	B027445					2026-07-15T15:54:31	true
post	B027446					2026-07-15T15:54:31	true
post	B027456					2026-07-15T15:54:31	true
post	B027457					2026-07-15T15:54:31	true
post	B027459					2026-07-15T15:54:31	true
post	B027460					2026-07-15T15:26:35	true
post	B027464					2026-07-15T15:54:31	true
post	B027470					2026-07-15T15:54:31	true
post	B027472					2026-07-15T15:54:31	true
post	B027473					2026-07-15T15:54:31	true
post	B027474					2026-07-15T15:54:31	true
post	B027475					2026-07-15T15:54:31	true
post	B027476					2026-07-15T15:54:31	true
post	B027477					2026-07-15T15:54:31	true
post	B027478					2026-07-15T15:54:31	true
post	B027495					2026-07-15T15:54:31	true
post	B027511					2026-07-15T15:54:31	true
post	B027521					2026-07-15T15:54:31	true
post	B027584					2026-07-15T15:54:31	true
post	B027588					2026-07-15T15:54:31	true
post	B027719					2026-07-15T15:54:31	true
post	B027720					2026-07-15T15:54:31	true
post	B028147					2026-07-15T15:54:31	true
post	B028424					2026-07-15T15:54:31	true
post	B028464					2026-07-15T15:54:31	true
post	B028801					2026-07-15T15:54:31	true
post	B029021		12149	Rua Borrazópolis		2026-07-15T15:36:17	
post	B029310					2026-07-15T15:54:31	true
post	B029311					2026-07-15T15:54:31	true
post	B029317					2026-07-15T15:54:31	true
post	B029321					2026-07-15T15:54:31	true
post	B029322					2026-07-15T15:54:31	true
post	B029402					2026-07-15T15:15:17	true
post	B029435					2026-07-15T15:54:31	true
post	B029455					2026-07-15T15:54:31	true
post	B029460					2026-07-15T15:54:31	true
post	B029461					2026-07-15T15:54:31	true
post	B029462					2026-07-15T15:54:31	true
post	B029643					2026-07-15T15:16:49	true
post	B029648					2026-07-15T15:54:31	true
post	B029653					2026-07-15T15:54:31	true
post	B029673					2026-07-15T15:54:31	true
post	B029684					2026-07-15T15:54:31	true
post	B029721					2026-07-15T15:54:31	true
post	B029750					2026-07-15T15:54:31	true
post	B029780					2026-07-15T15:54:31	true
post	B029820					2026-07-15T15:54:31	true
post	B029825					2026-07-15T15:54:31	true
post	B029829					2026-07-15T15:54:31	true
post	B029864					2026-07-15T15:54:31	true
post	B029884					2026-07-15T15:54:31	true
post	B029895					2026-07-15T15:54:31	true
post	B029910					2026-07-15T15:54:31	true
post	B029911					2026-07-15T15:54:31	true
post	B029933					2026-07-15T15:54:31	true
post	B029981					2026-07-15T15:54:31	true
post	B029984					2026-07-15T15:54:31	true
post	B029991					2026-07-15T15:54:31	true
post	B029992					2026-07-15T15:54:31	true
post	B030001					2026-07-15T15:54:31	true
post	B030007					2026-07-15T15:54:31	true
post	B030014					2026-07-15T15:54:31	true
post	B030019					2026-07-15T15:54:31	true
post	B030038					2026-07-15T15:54:31	true
post	B030039					2026-07-15T15:54:31	true
post	B030040					2026-07-15T15:54:31	true
post	B030043					2026-07-15T15:54:31	true
post	B030044					2026-07-15T15:15:32	true
post	B030057					2026-07-15T15:54:31	true
post	B030091					2026-07-15T15:54:31	true
post	B030114					2026-07-15T15:54:31	true
post	B030118					2026-07-15T15:54:31	true
post	B030148					2026-07-15T15:54:31	true
post	B030173					2026-07-15T15:54:31	true
post	B030174					2026-07-15T15:54:31	true
post	B030266					2026-07-15T15:54:31	true
post	B030267					2026-07-15T15:54:31	true
post	B030268					2026-07-15T15:54:31	true
post	B030269					2026-07-15T15:54:31	true
post	B030302					2026-07-15T15:54:31	true
post	B030315					2026-07-15T15:54:31	true
post	B030320					2026-07-15T15:54:31	true
post	B030326					2026-07-15T15:54:31	true
post	B030335					2026-07-15T15:54:31	true
post	B030340		119300	Travessa Dr Eudes Costa		2026-07-15T15:53:16	
post	B030353					2026-07-15T15:54:31	true
post	B030355					2026-07-15T15:54:31	true
post	B030357					2026-07-15T15:54:31	true
post	B030358					2026-07-15T15:54:31	true
post	B030362					2026-07-15T15:54:31	true
post	B030363					2026-07-15T15:54:31	true
post	B030364					2026-07-15T15:54:31	true
post	B030366					2026-07-15T15:54:31	true
post	B030368					2026-07-15T15:54:31	true
post	B030370					2026-07-15T15:54:31	true
post	B030371					2026-07-15T15:54:31	true
post	B030372					2026-07-15T15:54:31	true
post	B030434					2026-07-15T15:54:31	true
post	B030452					2026-07-15T15:54:31	true
post	B030453					2026-07-15T15:54:31	true
post	B030455					2026-07-15T15:54:31	true
post	B030461					2026-07-15T15:54:31	true
post	B030462					2026-07-15T15:54:31	true
post	B030463					2026-07-15T15:54:31	true
post	B030465					2026-07-15T15:54:31	true
post	B030470					2026-07-15T15:54:31	true
post	B030472					2026-07-15T15:54:31	true
post	B030476					2026-07-15T15:54:31	true
post	B030477					2026-07-15T15:54:31	true
post	B030478					2026-07-15T15:54:31	true
post	B030479					2026-07-15T15:54:31	true
post	B030482					2026-07-15T15:54:31	true
post	B030483					2026-07-15T15:54:31	true
post	B030488					2026-07-15T15:54:31	true
post	B030490					2026-07-15T15:54:31	true
post	B030495					2026-07-15T15:54:31	true
post	B030497					2026-07-15T15:54:31	true
post	B030498					2026-07-15T15:54:31	true
post	B030513					2026-07-15T15:54:31	true
post	B030514					2026-07-15T15:54:31	true
post	B030547					2026-07-15T15:54:31	true
post	B030781					2026-07-15T15:54:31	true
post	B030792					2026-07-15T15:19:15	true
post	B030793					2026-07-15T15:54:31	true
post	B030794					2026-07-15T15:54:31	true
post	B030798					2026-07-15T15:54:31	true
post	B030804					2026-07-15T15:54:31	true
post	B030817					2026-07-15T15:54:31	true
post	B030820					2026-07-15T15:54:31	true
post	B030822					2026-07-15T15:54:31	true
post	B030831					2026-07-15T15:54:31	true
post	B030902					2026-07-15T15:54:31	true
post	B030903					2026-07-15T15:54:31	true
post	B030908					2026-07-15T15:54:31	true
post	B030910					2026-07-15T15:54:31	true
post	B030914					2026-07-15T15:54:31	true
post	B030927					2026-07-15T15:54:31	true
post	B030928					2026-07-15T15:54:31	true
post	B030935					2026-07-15T15:54:31	true
post	B031085					2026-07-15T15:54:31	true
post	B031088					2026-07-15T15:54:31	true
post	B031089					2026-07-15T15:54:31	true
post	B031167					2026-07-15T15:54:31	true
post	B031187					2026-07-15T15:54:31	true
post	B031444					2026-07-15T15:54:31	true
post	B031518					2026-07-15T15:54:31	true
post	B031629					2026-07-15T15:54:31	true
post	B031643					2026-07-15T15:54:31	true
post	B031683					2026-07-15T15:54:31	true
post	B031711					2026-07-15T15:54:31	true
post	B031714					2026-07-15T15:54:31	true
post	B031735					2026-07-15T15:54:31	true
post	B031736					2026-07-15T15:54:31	true
post	B031802					2026-07-15T15:54:31	true
post	B031803					2026-07-15T15:54:31	true
post	B031946					2026-07-15T15:54:31	true
post	B031948					2026-07-15T15:54:31	true
post	B032061					2026-07-15T15:54:31	true
post	B032073					2026-07-15T15:54:31	true
post	B032074					2026-07-15T15:54:31	true
post	B032087					2026-07-15T15:54:31	true
post	B032088					2026-07-15T15:54:31	true
post	B032089					2026-07-15T15:54:31	true
post	B032090					2026-07-15T15:54:31	true
post	B032096					2026-07-15T15:54:31	true
post	B032101					2026-07-15T15:54:31	true
post	B032103					2026-07-15T15:54:31	true
post	B032104					2026-07-15T15:54:31	true
post	B032105					2026-07-15T15:54:31	true
post	B032201					2026-07-15T15:54:31	true
post	B032205					2026-07-15T15:54:31	true
post	B032219					2026-07-15T15:54:31	true
post	B032221					2026-07-15T15:54:31	true
post	B032236					2026-07-15T15:54:31	true
post	B032239					2026-07-15T15:54:31	true
post	B032252					2026-07-15T15:54:31	true
post	B032256					2026-07-15T15:54:31	true
post	B032264					2026-07-15T15:54:31	true
post	B032265					2026-07-15T15:54:31	true
post	B032268					2026-07-15T15:54:31	true
post	B032271					2026-07-15T15:54:31	true
post	B032273		73105	Rua Sargento Jaime Pantaleão		2026-07-15T15:30:47	
post	B032334					2026-07-15T15:54:31	true
post	B032359					2026-07-15T15:54:31	true
post	B032361					2026-07-15T15:54:31	true
post	B032374					2026-07-15T15:54:31	true
post	B032396					2026-07-15T15:54:31	true
post	B032397					2026-07-15T15:54:31	true
post	B032407					2026-07-15T15:54:31	true
post	B032438					2026-07-15T15:54:31	true
post	B032475					2026-07-15T15:54:31	true
post	B032483					2026-07-15T15:54:31	true
post	B032495					2026-07-15T15:54:31	true
post	B032519					2026-07-15T15:54:31	true
post	B032530					2026-07-15T15:54:31	true
post	B032555					2026-07-15T15:54:31	true
post	B032605					2026-07-15T15:54:31	true
post	B032619					2026-07-15T15:54:31	true
post	B032686					2026-07-15T15:54:31	true
post	B032688					2026-07-15T15:54:31	true
post	B032689					2026-07-15T15:54:31	true
post	B032732					2026-07-15T15:54:31	true
post	B032778					2026-07-15T15:54:31	true
post	B032789					2026-07-15T15:54:31	true
post	B032815					2026-07-15T15:54:31	true
post	B032879					2026-07-15T15:54:31	true
post	B032888		40282	Rua Largo do Poço		2026-07-15T15:43:21	
post	B032893					2026-07-15T15:54:31	true
post	B032899					2026-07-15T15:54:31	true
post	B032921					2026-07-15T15:54:31	true
post	B032937					2026-07-15T15:54:31	true
post	B032948					2026-07-15T15:54:31	true
post	B032950					2026-07-15T15:54:31	true
post	B032953					2026-07-15T15:54:31	true
post	B032959					2026-07-15T15:54:31	true
post	B032960					2026-07-15T15:54:31	true
post	B032961					2026-07-15T15:54:31	true
post	B032962					2026-07-15T15:54:31	true
post	B032976					2026-07-15T15:54:31	true
post	B032981					2026-07-15T15:54:31	true
post	B032983					2026-07-15T15:54:31	true
post	B032991					2026-07-15T15:54:31	true
post	B032996					2026-07-15T15:54:31	true
post	B032997					2026-07-15T15:54:31	true
post	B033016					2026-07-15T15:26:17	true
post	B033018					2026-07-15T15:54:31	true
post	B033020					2026-07-15T15:54:31	true
post	B033022					2026-07-15T15:54:31	true
post	B033023					2026-07-15T15:54:31	true
post	B033026					2026-07-15T15:54:31	true
post	B033033					2026-07-15T15:54:31	true
post	B033037					2026-07-15T15:54:31	true
post	B033054					2026-07-15T15:54:31	true
post	B033070					2026-07-15T15:54:31	true
post	B033088					2026-07-15T15:54:31	true
post	B033089					2026-07-15T15:54:31	true
post	B033095					2026-07-15T15:54:31	true
post	B033183					2026-07-15T15:54:31	true
post	B033189					2026-07-15T15:54:31	true
post	B033231					2026-07-15T15:54:31	true
post	B033232					2026-07-15T15:54:31	true
post	B033246		47279	Rua Dona Olegarinha		2026-07-15T15:41:21	
post	B033255					2026-07-15T15:54:31	true
post	B033256					2026-07-15T15:54:31	true
post	B033257					2026-07-15T15:54:31	true
post	B033269					2026-07-15T15:54:31	true
post	B033291		14753	Beco do Cardin		2026-07-15T15:47:27	
post	B033292					2026-07-15T15:54:31	true
post	B033324					2026-07-15T15:54:31	true
post	B033341					2026-07-15T15:54:31	true
post	B033343		6530	Rua de Apipucos		2026-07-15T15:36:38	
post	B033349					2026-07-15T15:54:31	true
post	B033353					2026-07-15T15:54:31	true
post	B033355					2026-07-15T15:54:31	true
post	B033356					2026-07-15T15:54:31	true
post	B033358					2026-07-15T15:54:31	true
post	B033360					2026-07-15T15:54:31	true
post	B033404					2026-07-15T15:54:31	true
post	B033405					2026-07-15T15:54:31	true
post	B033407					2026-07-15T15:54:31	true
post	B033409					2026-07-15T15:54:31	true
post	B033454					2026-07-15T15:54:31	true
post	B033459					2026-07-15T15:54:31	true
post	B033472					2026-07-15T15:54:31	true
post	B033473					2026-07-15T15:54:31	true
post	B033480					2026-07-15T15:54:31	true
post	B033485					2026-07-15T15:54:31	true
post	B033542					2026-07-15T15:54:31	true
post	B033543					2026-07-15T15:54:31	true
post	B033552					2026-07-15T15:54:31	true
post	B033554					2026-07-15T15:54:31	true
post	B033555					2026-07-15T15:54:31	true
post	B033602					2026-07-15T15:54:31	true
post	B033624					2026-07-15T15:54:31	true
post	B033637					2026-07-15T15:54:31	true
post	B033671					2026-07-15T15:54:31	true
post	B033686					2026-07-15T15:54:31	true
post	B033704					2026-07-15T15:54:31	true
post	B033710					2026-07-15T15:54:31	true
post	B033712					2026-07-15T15:54:31	true
post	B033720					2026-07-15T15:54:31	true
post	B033748					2026-07-15T15:54:31	true
post	B033769					2026-07-15T15:54:31	true
post	B033790					2026-07-15T15:54:31	true
post	B033794					2026-07-15T15:54:31	true
post	B033819					2026-07-15T15:54:31	true
post	B033820					2026-07-15T15:54:31	true
post	B033823					2026-07-15T15:54:31	true
post	B033861					2026-07-15T15:54:31	true
post	B033863					2026-07-15T15:54:31	true
post	B033865					2026-07-15T15:54:31	true
post	B033868					2026-07-15T15:54:31	true
post	B033870					2026-07-15T15:54:31	true
post	B033877					2026-07-15T15:54:31	true
post	B033881					2026-07-15T15:54:31	true
post	B033882					2026-07-15T15:54:31	true
post	B033883					2026-07-15T15:54:31	true
post	B033893					2026-07-15T15:54:31	true
post	B033895					2026-07-15T15:54:31	true
post	B033896					2026-07-15T15:54:31	true
post	B033897					2026-07-15T15:54:31	true
post	B033907					2026-07-15T15:54:31	true
post	B033910					2026-07-15T15:54:31	true
post	B033938					2026-07-15T15:54:31	true
post	B033965					2026-07-15T15:54:31	true
post	B033966					2026-07-15T15:54:31	true
post	B033968					2026-07-15T15:54:31	true
post	B033970					2026-07-15T15:54:31	true
post	B033971					2026-07-15T15:54:31	true
post	B033972					2026-07-15T15:54:31	true
post	B033981					2026-07-15T15:54:31	true
post	B033983					2026-07-15T15:54:31	true
post	B033987					2026-07-15T15:54:31	true
post	B033990					2026-07-15T15:54:31	true
post	B033992					2026-07-15T15:54:31	true
post	B033993					2026-07-15T15:54:31	true
post	B033994					2026-07-15T15:54:31	true
post	B033996		35947	Rua Dr José de Goes		2026-07-15T15:17:55	
post	B033997		35947	Rua Dr José de Goes		2026-07-15T15:17:55	
post	B034000		35947	Rua Dr José de Goes		2026-07-15T15:17:55	
post	B034717					2026-07-15T15:54:31	true
post	B034729					2026-07-15T15:54:31	true
post	B035284					2026-07-15T15:54:31	true
post	B035326					2026-07-15T15:54:31	true
post	B035356					2026-07-15T15:54:31	true
post	B035360					2026-07-15T15:54:31	true
post	B035365					2026-07-15T15:54:31	true
post	B035440					2026-07-15T15:54:31	true
post	B035448					2026-07-15T15:54:31	true
post	B035459					2026-07-15T15:54:31	true
post	B035472					2026-07-15T15:54:31	true
post	B035474					2026-07-15T15:54:31	true
post	B035475					2026-07-15T15:54:31	true
post	B035477					2026-07-15T15:54:31	true
post	B035480					2026-07-15T15:54:31	true
post	B035481					2026-07-15T15:54:31	true
post	B035483					2026-07-15T15:54:31	true
post	B035485					2026-07-15T15:54:31	true
post	B035488					2026-07-15T15:54:31	true
post	B035494					2026-07-15T15:54:31	true
post	B035495					2026-07-15T15:54:31	true
post	B035635					2026-07-15T15:54:31	true
post	B035718					2026-07-15T15:54:31	true
post	B035728					2026-07-15T15:20:37	true
post	B035729					2026-07-15T15:20:37	true
post	B035730					2026-07-15T15:20:37	true
post	B035738					2026-07-15T15:54:31	true
post	B035742					2026-07-15T15:54:31	true
post	B035743					2026-07-15T15:54:31	true
post	B035755					2026-07-15T15:54:31	true
post	B035758					2026-07-15T15:54:31	true
post	B035759					2026-07-15T15:54:31	true
post	B035764					2026-07-15T15:54:31	true
post	B035789					2026-07-15T15:54:31	true
post	B035796					2026-07-15T15:54:31	true
post	B035801					2026-07-15T15:54:31	true
post	B035812					2026-07-15T15:54:31	true
post	B035864					2026-07-15T15:54:31	true
post	B035896					2026-07-15T15:54:31	true
post	B035897					2026-07-15T15:54:31	true
post	B035954					2026-07-15T15:54:31	true
post	B036059					2026-07-15T15:54:31	true
post	B036091					2026-07-15T15:54:31	true
post	B036108					2026-07-15T15:54:31	true
post	B036114					2026-07-15T15:54:31	true
post	B036148					2026-07-15T15:54:31	true
post	B036219					2026-07-15T15:54:31	true
post	B036304					2026-07-15T15:54:31	true
post	B036340					2026-07-15T15:54:31	true
post	B036401					2026-07-15T15:54:31	true
post	B036405					2026-07-15T15:54:31	true
post	B036425					2026-07-15T15:54:31	true
post	B036480					2026-07-15T15:54:31	true
post	B036609					2026-07-15T15:54:31	true
post	B036779					2026-07-15T15:54:31	true
post	B036982					2026-07-15T15:54:31	true
post	B036993					2026-07-15T15:54:31	true
post	B037035					2026-07-15T15:54:31	true
post	B037043					2026-07-15T15:54:31	true
post	B037046					2026-07-15T15:54:31	true
post	B037054					2026-07-15T15:25:41	true
post	B037100					2026-07-15T15:54:31	true
post	B037117					2026-07-15T15:54:31	true
post	B037120					2026-07-15T15:54:31	true
post	B037149					2026-07-15T15:54:31	true
post	B037262					2026-07-15T15:54:31	true
post	B037281					2026-07-15T15:54:31	true
post	B037342					2026-07-15T15:25:42	true
post	B037354					2026-07-15T15:54:31	true
post	B037401					2026-07-15T15:54:31	true
post	B037490		54283	Rua N s da Saúde		2026-07-15T15:30:24	
post	B037818					2026-07-15T15:54:31	true
post	B037830					2026-07-15T15:54:31	true
post	B037931					2026-07-15T15:54:31	true
post	B037987					2026-07-15T15:54:31	true
post	B038385					2026-07-15T15:54:31	true
post	B039012					2026-07-15T15:54:31	true
post	B039034					2026-07-15T15:54:31	true
post	B039122					2026-07-15T15:54:31	true
post	B039552					2026-07-15T15:54:31	true
post	B039558					2026-07-15T15:54:31	true
post	B039576					2026-07-15T15:54:31	true
post	B039847					2026-07-15T15:54:31	true
post	B039920					2026-07-15T15:54:31	true
post	B039921					2026-07-15T15:54:31	true
post	B039948					2026-07-15T15:54:31	true
post	B039951					2026-07-15T15:54:31	true
post	B039953					2026-07-15T15:54:31	true
post	B039959					2026-07-15T15:26:30	true
post	B039967					2026-07-15T15:54:31	true
post	B039980					2026-07-15T15:54:31	true
post	B039986					2026-07-15T15:54:31	true
post	B040053					2026-07-15T15:54:31	true
post	B040103					2026-07-15T15:54:31	true
post	B040119					2026-07-15T15:54:31	true
post	B040120					2026-07-15T15:54:31	true
post	B040129					2026-07-15T15:54:31	true
post	B040130					2026-07-15T15:54:31	true
post	B040131					2026-07-15T15:54:31	true
post	B040136					2026-07-15T15:54:31	true
post	B040190					2026-07-15T15:54:31	true
post	B040192					2026-07-15T15:54:31	true
post	B040221					2026-07-15T15:54:31	true
post	B040302					2026-07-15T15:54:31	true
post	B040310					2026-07-15T15:54:31	true
post	B040329					2026-07-15T15:54:31	true
post	B040330					2026-07-15T15:54:31	true
post	B040341					2026-07-15T15:54:31	true
post	B040365					2026-07-15T15:54:31	true
post	B040369					2026-07-15T15:54:31	true
post	B040371					2026-07-15T15:54:31	true
post	B040414					2026-07-15T15:54:31	true
post	B040415					2026-07-15T15:54:31	true
post	B040545					2026-07-15T15:54:31	true
post	B040563					2026-07-15T15:54:31	true
post	B040584					2026-07-15T15:54:31	true
post	B040588					2026-07-15T15:54:31	true
post	B040589					2026-07-15T15:54:31	true
post	B040592					2026-07-15T15:54:31	true
post	B040593					2026-07-15T15:54:31	true
post	B040620					2026-07-15T15:54:31	true
post	B040626					2026-07-15T15:54:31	true
post	B040635					2026-07-15T15:54:31	true
post	B040675					2026-07-15T15:54:31	true
post	B040679					2026-07-15T15:54:31	true
post	B040688					2026-07-15T15:24:57	true
post	B040689					2026-07-15T15:25:01	true
post	B040693					2026-07-15T15:54:31	true
post	B040735					2026-07-15T15:54:31	true
post	B040850					2026-07-15T15:54:31	true
post	B040851					2026-07-15T15:54:31	true
post	B040875					2026-07-15T15:54:31	true
post	B040882					2026-07-15T15:54:31	true
post	B040884					2026-07-15T15:54:31	true
post	B040888					2026-07-15T15:54:31	true
post	B040892					2026-07-15T15:54:31	true
post	B040900					2026-07-15T15:54:31	true
post	B040924					2026-07-15T15:54:31	true
post	B040926					2026-07-15T15:54:31	true
post	B040927					2026-07-15T15:54:31	true
post	B040928					2026-07-15T15:54:31	true
post	B040934					2026-07-15T15:54:31	true
post	B040955					2026-07-15T15:54:31	true
post	B040966					2026-07-15T15:54:31	true
post	B040976					2026-07-15T15:54:31	true
post	B040980					2026-07-15T15:54:31	true
post	B040982					2026-07-15T15:54:31	true
post	B040986					2026-07-15T15:54:31	true
post	B040987					2026-07-15T15:54:31	true
post	B040993					2026-07-15T15:54:31	true
post	B041201					2026-07-15T15:54:31	true
post	B041202					2026-07-15T15:54:31	true
post	B041203					2026-07-15T15:54:31	true
post	B041204					2026-07-15T15:54:31	true
post	B041206					2026-07-15T15:54:31	true
post	B041336					2026-07-15T15:54:31	true
post	B041338					2026-07-15T15:54:31	true
post	B041339					2026-07-15T15:54:31	true
post	B043065					2026-07-15T15:12:22	true
post	B043114					2026-07-15T15:54:31	true
post	B043194					2026-07-15T15:12:22	true
post	B043378					2026-07-15T15:54:31	true
post	B043379					2026-07-15T15:54:31	true
post	B043752					2026-07-15T15:54:31	true
post	B044002					2026-07-15T15:54:31	true
post	B044003					2026-07-15T15:54:31	true
post	B044009					2026-07-15T15:54:31	true
post	B044020					2026-07-15T15:54:31	true
post	B044079					2026-07-15T15:54:31	true
post	B044100					2026-07-15T15:54:31	true
post	B044101					2026-07-15T15:54:31	true
post	B044102					2026-07-15T15:54:31	true
post	B044173					2026-07-15T15:54:31	true
post	B044289					2026-07-15T15:54:31	true
post	B044290					2026-07-15T15:54:31	true
post	B044511					2026-07-15T15:54:31	true
post	B044581					2026-07-15T15:54:31	true
post	B044587					2026-07-15T15:54:31	true
post	B044588					2026-07-15T15:54:31	true
post	B044595					2026-07-15T15:54:31	true
post	B044596					2026-07-15T15:54:31	true
post	B044598					2026-07-15T15:54:31	true
post	B044617					2026-07-15T15:54:31	true
post	B044639					2026-07-15T15:54:31	true
post	B044640					2026-07-15T15:54:31	true
post	B044872					2026-07-15T15:54:31	true
post	B044876					2026-07-15T15:54:31	true
post	B045338					2026-07-15T15:54:31	true
post	B045467					2026-07-15T15:54:31	true
post	B045497					2026-07-15T15:54:31	true
post	B046245					2026-07-15T15:54:31	true
post	B046254					2026-07-15T15:54:31	true
post	B046264					2026-07-15T15:54:31	true
post	B046273					2026-07-15T15:54:31	true
post	B046274					2026-07-15T15:54:31	true
post	B046277					2026-07-15T15:54:31	true
post	B046296					2026-07-15T15:54:31	true
post	B046469					2026-07-15T15:54:31	true
post	B046480					2026-07-15T15:54:31	true
post	B046491					2026-07-15T15:54:31	true
post	B046506					2026-07-15T15:54:31	true
post	B046513					2026-07-15T15:54:31	true
post	B046743					2026-07-15T15:54:31	true
post	B047014					2026-07-15T15:54:31	true
post	B047057					2026-07-15T15:54:31	true
post	B047068					2026-07-15T15:54:31	true
post	B047069					2026-07-15T15:54:31	true
post	B047088					2026-07-15T15:54:31	true
post	B047140					2026-07-15T15:54:31	true
post	B047146					2026-07-15T15:54:31	true
post	B047148					2026-07-15T15:54:31	true
post	B047149					2026-07-15T15:54:31	true
post	B047151					2026-07-15T15:54:31	true
post	B047201					2026-07-15T15:54:31	true
post	B047210					2026-07-15T15:54:31	true
post	B047214					2026-07-15T15:54:31	true
post	B047224					2026-07-15T15:54:31	true
post	B047242					2026-07-15T15:54:31	true
post	B047260					2026-07-15T15:54:31	true
post	B047261					2026-07-15T15:54:31	true
post	B047300					2026-07-15T15:54:31	true
post	B047305					2026-07-15T15:54:31	true
post	B047315					2026-07-15T15:16:49	true
post	B047316					2026-07-15T15:54:31	true
post	B047319					2026-07-15T15:54:31	true
post	B047323					2026-07-15T15:54:31	true
post	B047346					2026-07-15T15:54:31	true
post	B047348					2026-07-15T15:54:31	true
post	B047372					2026-07-15T15:54:31	true
post	B047379					2026-07-15T15:54:31	true
post	B047383					2026-07-15T15:54:31	true
post	B047395					2026-07-15T15:54:31	true
post	B047398					2026-07-15T15:54:31	true
post	B047418					2026-07-15T15:54:31	true
post	B047428					2026-07-15T15:54:31	true
post	B047430					2026-07-15T15:54:31	true
post	B047439					2026-07-15T15:54:31	true
post	B047466					2026-07-15T15:54:31	true
post	B047470					2026-07-15T15:54:31	true
post	B047475					2026-07-15T15:54:31	true
post	B047476					2026-07-15T15:54:31	true
post	B047477					2026-07-15T15:54:31	true
post	B047480					2026-07-15T15:54:31	true
post	B047504					2026-07-15T15:54:31	true
post	B047509					2026-07-15T15:54:31	true
post	B047512					2026-07-15T15:54:31	true
post	B047583					2026-07-15T15:54:31	true
post	B047601					2026-07-15T15:54:31	true
post	B047612					2026-07-15T15:54:31	true
post	B047627					2026-07-15T15:54:31	true
post	B047632					2026-07-15T15:54:31	true
post	B047634					2026-07-15T15:54:31	true
post	B047635					2026-07-15T15:54:31	true
post	B047654					2026-07-15T15:54:31	true
post	B047657					2026-07-15T15:54:31	true
post	B047659					2026-07-15T15:54:31	true
post	B047665					2026-07-15T15:54:31	true
post	B047668					2026-07-15T15:54:31	true
post	B047683					2026-07-15T15:54:31	true
post	B047752					2026-07-15T15:54:31	true
post	B047765					2026-07-15T15:24:41	true
post	B047808					2026-07-15T15:54:31	true
post	B047819					2026-07-15T15:54:31	true
post	B047835					2026-07-15T15:54:31	true
post	B047837					2026-07-15T15:54:31	true
post	B047839					2026-07-15T15:54:31	true
post	B047850					2026-07-15T15:54:31	true
post	B047862					2026-07-15T15:54:31	true
post	B047869		31925	Rua J A da Silveira		2026-07-15T15:41:10	
post	B047878					2026-07-15T15:54:31	true
post	B047879					2026-07-15T15:54:31	true
post	B047899					2026-07-15T15:54:31	true
post	B047976					2026-07-15T15:54:31	true
post	B047979					2026-07-15T15:54:31	true
post	B048606					2026-07-15T15:54:31	true
post	B048626					2026-07-15T15:54:31	true
post	B048629					2026-07-15T15:54:31	true
post	B048636					2026-07-15T15:54:31	true
post	B048648					2026-07-15T15:54:31	true
post	B048651					2026-07-15T15:54:31	true
post	B048685					2026-07-15T15:54:31	true
post	B049550					2026-07-15T15:54:31	true
post	B049555					2026-07-15T15:54:31	true
post	B049557					2026-07-15T15:54:31	true
post	B049561					2026-07-15T15:54:31	true
post	B049684					2026-07-15T15:54:31	true
post	B049701					2026-07-15T15:54:31	true
post	B049702					2026-07-15T15:54:31	true
post	B049703					2026-07-15T15:54:31	true
post	B049816					2026-07-15T15:54:31	true
post	B049817					2026-07-15T15:54:31	true
post	B049889					2026-07-15T15:20:15	true
post	B049890					2026-07-15T15:20:15	true
post	B049901					2026-07-15T15:54:31	true
post	B049902					2026-07-15T15:54:31	true
post	B049921					2026-07-15T15:54:31	true
post	B049971					2026-07-15T15:54:31	true
post	B049983					2026-07-15T15:54:31	true
post	B050125					2026-07-15T15:54:31	true
post	B050130					2026-07-15T15:54:31	true
post	B050131					2026-07-15T15:54:31	true
post	B050142					2026-07-15T15:54:31	true
post	B050506					2026-07-15T15:54:31	true
post	B050526					2026-07-15T15:54:31	true
post	B050756					2026-07-15T15:54:31	true
post	B051122					2026-07-15T15:54:31	true
post	B051125					2026-07-15T15:54:31	true
post	B051151					2026-07-15T15:54:31	true
post	B051227					2026-07-15T15:54:31	true
post	B051266					2026-07-15T15:54:31	true
post	B051477					2026-07-15T15:54:31	true
post	B051556					2026-07-15T15:54:31	true
post	B051557					2026-07-15T15:54:31	true
post	B051558					2026-07-15T15:54:31	true
post	B051565					2026-07-15T15:54:31	true
post	B051729					2026-07-15T15:54:31	true
post	B051818					2026-07-15T15:54:31	true
post	B052000		125105	Rua do Futuro I		2026-07-15T15:07:48	
post	B052372					2026-07-15T15:54:31	true
post	B052528					2026-07-15T15:54:31	true
post	B052589					2026-07-15T15:54:31	true
post	B052590					2026-07-15T15:54:31	true
post	B052591					2026-07-15T15:54:31	true
post	B052753					2026-07-15T15:54:31	true
post	B053007					2026-07-15T15:54:31	true
post	B053033					2026-07-15T15:54:31	true
post	B053035					2026-07-15T15:54:31	true
post	B053037					2026-07-15T15:54:31	true
post	B053134					2026-07-15T15:54:31	true
post	B053247					2026-07-15T15:54:31	true
post	B053254					2026-07-15T15:54:31	true
post	B053281					2026-07-15T15:54:31	true
post	B053296					2026-07-15T15:54:31	true
post	B053617					2026-07-15T15:54:31	true
post	B053636					2026-07-15T15:54:31	true
post	B053638					2026-07-15T15:54:31	true
post	B053640					2026-07-15T15:54:31	true
post	B053647					2026-07-15T15:54:31	true
post	B053649					2026-07-15T15:54:31	true
post	B053650					2026-07-15T15:54:31	true
post	B053713					2026-07-15T15:54:31	true
post	B054110					2026-07-15T15:54:31	true
post	B054126					2026-07-15T15:54:31	true
post	B054132					2026-07-15T15:54:31	true
post	B054133					2026-07-15T15:54:31	true
post	B054137					2026-07-15T15:54:31	true
post	B054138					2026-07-15T15:54:31	true
post	B054151					2026-07-15T15:54:31	true
post	B054153					2026-07-15T15:54:31	true
post	B054156					2026-07-15T15:54:31	true
post	B054174					2026-07-15T15:54:31	true
post	B054200					2026-07-15T15:54:31	true
post	B054319					2026-07-15T15:54:31	true
post	B054320					2026-07-15T15:54:31	true
post	B054321					2026-07-15T15:54:31	true
post	B054329					2026-07-15T15:54:31	true
post	B054330					2026-07-15T15:54:31	true
post	B054332					2026-07-15T15:54:31	true
post	B054333					2026-07-15T15:54:31	true
post	B054334					2026-07-15T15:54:31	true
post	B054338					2026-07-15T15:54:31	true
post	B054339					2026-07-15T15:54:31	true
post	B054340					2026-07-15T15:54:31	true
post	B054342					2026-07-15T15:54:31	true
post	B054344					2026-07-15T15:54:31	true
post	B054352					2026-07-15T15:54:31	true
post	B054353					2026-07-15T15:12:22	true
post	B054355					2026-07-15T15:54:31	true
post	B054356					2026-07-15T15:54:31	true
post	B054357					2026-07-15T15:54:31	true
post	B054358					2026-07-15T15:54:31	true
post	B054359					2026-07-15T15:54:31	true
post	B054363					2026-07-15T15:54:31	true
post	B054364					2026-07-15T15:16:49	true
post	B054369					2026-07-15T15:54:31	true
post	B054370					2026-07-15T15:54:31	true
post	B054371					2026-07-15T15:54:31	true
post	B054374					2026-07-15T15:54:31	true
post	B054383					2026-07-15T15:54:31	true
post	B054384					2026-07-15T15:54:31	true
post	B054390					2026-07-15T15:54:31	true
post	B054393					2026-07-15T15:16:49	true
post	B054398					2026-07-15T15:54:31	true
post	B054436					2026-07-15T15:54:31	true
post	B054454					2026-07-15T15:54:31	true
post	B054456					2026-07-15T15:54:31	true
post	B054473					2026-07-15T15:54:31	true
post	B054474					2026-07-15T15:54:31	true
post	B054475					2026-07-15T15:54:31	true
post	B054479					2026-07-15T15:54:31	true
post	B054503					2026-07-15T15:54:31	true
post	B054513					2026-07-15T15:54:31	true
post	B054517					2026-07-15T15:54:31	true
post	B054519					2026-07-15T15:54:31	true
post	B054520					2026-07-15T15:54:31	true
post	B054526					2026-07-15T15:54:31	true
post	B054544					2026-07-15T15:54:31	true
post	B054554					2026-07-15T15:54:31	true
post	B054572					2026-07-15T15:54:31	true
post	B054573					2026-07-15T15:54:31	true
post	B054575					2026-07-15T15:12:22	true
post	B054577					2026-07-15T15:54:31	true
post	B054578					2026-07-15T15:54:31	true
post	B054583					2026-07-15T15:54:31	true
post	B054585					2026-07-15T15:54:31	true
post	B054587					2026-07-15T15:54:31	true
post	B054589					2026-07-15T15:54:31	true
post	B054590					2026-07-15T15:54:31	true
post	B054601					2026-07-15T15:54:31	true
post	B054602					2026-07-15T15:54:31	true
post	B054604					2026-07-15T15:12:22	true
post	B054607					2026-07-15T15:54:31	true
post	B054609					2026-07-15T15:54:31	true
post	B054610					2026-07-15T15:54:31	true
post	B054611					2026-07-15T15:54:31	true
post	B054612					2026-07-15T15:54:31	true
post	B054613					2026-07-15T15:54:31	true
post	B054614					2026-07-15T15:54:31	true
post	B054618					2026-07-15T15:54:31	true
post	B054619					2026-07-15T15:54:31	true
post	B054620					2026-07-15T15:54:31	true
post	B054629					2026-07-15T15:54:31	true
post	B054631					2026-07-15T15:54:31	true
post	B054632					2026-07-15T15:54:31	true
post	B054635					2026-07-15T15:54:31	true
post	B054643					2026-07-15T15:54:31	true
post	B054648					2026-07-15T15:54:31	true
post	B054649					2026-07-15T15:54:31	true
post	B054650					2026-07-15T15:16:49	true
post	B054657					2026-07-15T15:54:31	true
post	B054659					2026-07-15T15:54:31	true
post	B054662					2026-07-15T15:54:31	true
post	B054663					2026-07-15T15:54:31	true
post	B054666					2026-07-15T15:54:31	true
post	B054670					2026-07-15T15:54:31	true
post	B054671					2026-07-15T15:54:31	true
post	B054673					2026-07-15T15:54:31	true
post	B054687					2026-07-15T15:54:31	true
post	B054689					2026-07-15T15:54:31	true
post	B054690					2026-07-15T15:54:31	true
post	B054691					2026-07-15T15:54:31	true
post	B054692					2026-07-15T15:54:31	true
post	B054716					2026-07-15T15:54:31	true
post	B054717					2026-07-15T15:54:31	true
post	B054722					2026-07-15T15:54:31	true
post	B054724					2026-07-15T15:54:31	true
post	B054729					2026-07-15T15:54:31	true
post	B054731					2026-07-15T15:54:31	true
post	B054745					2026-07-15T15:54:31	true
post	B054746					2026-07-15T15:54:31	true
post	B054802					2026-07-15T15:54:31	true
post	B054803					2026-07-15T15:54:31	true
post	B054807					2026-07-15T15:54:31	true
post	B054808					2026-07-15T15:54:31	true
post	B054810					2026-07-15T15:54:31	true
post	B054821					2026-07-15T15:54:31	true
post	B054822					2026-07-15T15:54:31	true
post	B054823					2026-07-15T15:54:31	true
post	B054824					2026-07-15T15:54:31	true
post	B054825					2026-07-15T15:54:31	true
post	B054827					2026-07-15T15:54:31	true
post	B054828					2026-07-15T15:54:31	true
post	B054830					2026-07-15T15:54:31	true
post	B054832					2026-07-15T15:54:31	true
post	B054835					2026-07-15T15:54:31	true
post	B054837					2026-07-15T15:54:31	true
post	B054847					2026-07-15T15:54:31	true
post	B054881					2026-07-15T15:54:31	true
post	B054883					2026-07-15T15:54:31	true
post	B054884					2026-07-15T15:54:31	true
post	B054886					2026-07-15T15:54:31	true
post	B054888					2026-07-15T15:54:31	true
post	B054901					2026-07-15T15:54:31	true
post	B054906					2026-07-15T15:54:31	true
post	B054945					2026-07-15T15:54:31	true
post	B054964					2026-07-15T15:54:31	true
post	B054974					2026-07-15T15:54:31	true
post	B055045					2026-07-15T15:54:31	true
post	B055102					2026-07-15T15:54:31	true
post	B055104					2026-07-15T15:54:31	true
post	B055116					2026-07-15T15:54:31	true
post	B055199					2026-07-15T15:54:31	true
post	B055262					2026-07-15T15:54:31	true
post	B055280					2026-07-15T15:54:31	true
post	B055402					2026-07-15T15:54:31	true
post	B055403					2026-07-15T15:54:31	true
post	B055409					2026-07-15T15:54:31	true
post	B055410					2026-07-15T15:54:31	true
post	B055411					2026-07-15T15:54:31	true
post	B055455					2026-07-15T15:54:31	true
post	B055456					2026-07-15T15:54:31	true
post	B055464					2026-07-15T15:54:31	true
post	B055473					2026-07-15T15:54:31	true
post	B055475					2026-07-15T15:54:31	true
post	B055483					2026-07-15T15:54:31	true
post	B055522					2026-07-15T15:54:31	true
post	B055656					2026-07-15T15:54:31	true
post	B055679					2026-07-15T15:54:31	true
post	B055762					2026-07-15T15:14:43	true
post	B057317					2026-07-15T15:54:31	true
post	B057388					2026-07-15T15:54:31	true
post	B057389					2026-07-15T15:54:31	true
post	B057516					2026-07-15T15:54:31	true
post	B057517					2026-07-15T15:54:31	true
post	B057600					2026-07-15T15:54:31	true
post	B057651					2026-07-15T15:54:31	true
post	B057687					2026-07-15T15:54:31	true
post	B057751					2026-07-15T15:54:31	true
post	B057785					2026-07-15T15:54:31	true
post	B058065					2026-07-15T15:54:31	true
post	B058099					2026-07-15T15:54:31	true
post	B058110					2026-07-15T15:54:31	true
post	B058275					2026-07-15T15:54:31	true
post	B058278					2026-07-15T15:54:31	true
post	B058293					2026-07-15T15:54:31	true
post	B058300					2026-07-15T15:54:31	true
post	B058605					2026-07-15T15:54:31	true
post	B058843					2026-07-15T15:54:31	true
post	B058954					2026-07-15T15:54:31	true
post	B059193					2026-07-15T15:54:31	true
post	B059493					2026-07-15T15:54:31	true
post	B059494					2026-07-15T15:54:31	true
post	B059501					2026-07-15T15:54:31	true
post	B059583					2026-07-15T15:54:31	true
post	B059954					2026-07-15T15:54:31	true
post	B059956					2026-07-15T15:54:31	true
post	B059981					2026-07-15T15:54:31	true
post	B060248					2026-07-15T15:54:31	true
post	B060264					2026-07-15T15:54:31	true
post	B060297					2026-07-15T15:54:31	true
post	B060298					2026-07-15T15:54:31	true
post	B060369					2026-07-15T15:54:31	true
post	B060395					2026-07-15T15:54:31	true
post	B060396					2026-07-15T15:54:31	true
post	B060515					2026-07-15T15:15:17	true
post	B060516					2026-07-15T15:15:17	true
post	B060619					2026-07-15T15:15:17	true
post	B061742					2026-07-15T15:54:31	true
post	B061743					2026-07-15T15:54:31	true
post	B061745					2026-07-15T15:54:31	true
post	B061746					2026-07-15T15:54:31	true
post	B061773					2026-07-15T15:54:31	true
post	B061922					2026-07-15T15:54:31	true
post	B061923					2026-07-15T15:54:31	true
post	B062078					2026-07-15T15:24:49	true
post	B062516					2026-07-15T15:54:31	true
post	B062560					2026-07-15T15:54:31	true
post	B062561					2026-07-15T15:54:31	true
post	B062635					2026-07-15T15:54:31	true
post	B062638					2026-07-15T15:54:31	true
post	B062914					2026-07-15T15:54:31	true
post	B062970					2026-07-15T15:54:31	true
post	B063077					2026-07-15T15:54:31	true
post	B063444					2026-07-15T15:54:31	true
post	B063780					2026-07-15T15:54:31	true
post	B063781					2026-07-15T15:54:31	true
post	B063794					2026-07-15T15:54:31	true
post	B064301					2026-07-15T15:54:31	true
post	B064303					2026-07-15T15:54:31	true
post	B064305					2026-07-15T15:54:31	true
post	B064311					2026-07-15T15:54:31	true
post	B064316					2026-07-15T15:54:31	true
post	B064322					2026-07-15T15:54:31	true
post	B064323					2026-07-15T15:54:31	true
post	B064351					2026-07-15T15:54:31	true
post	B064370					2026-07-15T15:54:31	true
post	B064371					2026-07-15T15:54:31	true
post	B065153					2026-07-15T15:54:31	true
post	B065343					2026-07-15T15:54:31	true
post	B065360					2026-07-15T15:54:31	true
post	B066108					2026-07-15T15:54:31	true
post	B066149					2026-07-15T15:54:31	true
post	B066436					2026-07-15T15:54:31	true
post	B066452					2026-07-15T15:15:32	true
post	B066717					2026-07-15T15:54:31	true
post	B066720					2026-07-15T15:54:31	true
post	B066840					2026-07-15T15:54:31	true
post	B067178					2026-07-15T15:54:31	true
post	B067189					2026-07-15T15:23:07	true
post	B067516					2026-07-15T15:54:31	true
post	B067783					2026-07-15T15:54:31	true
post	B067784					2026-07-15T15:54:31	true
post	B067785					2026-07-15T15:54:31	true
post	B068038					2026-07-15T15:54:31	true
post	B069916					2026-07-15T15:54:31	true
post	B070241					2026-07-15T15:54:31	true
post	B072407					2026-07-15T15:23:54	true
post	B073107		66826	Praça da Paz		2026-07-15T15:45:11	
post	B074125					2026-07-15T15:54:31	true
post	B074126					2026-07-15T15:54:31	true
post	B074162					2026-07-15T15:54:31	true
post	B074165					2026-07-15T15:54:31	true
post	B074167					2026-07-15T15:54:31	true
post	B074168					2026-07-15T15:54:31	true
post	B075007					2026-07-15T15:54:31	true
post	B075809					2026-07-15T15:54:31	true
post	B076285					2026-07-15T15:54:31	true
post	B076400					2026-07-15T15:54:31	true
post	B077203					2026-07-15T15:54:31	true
post	B077208					2026-07-15T15:54:31	true
post	B077295					2026-07-15T15:54:31	true
post	B082212					2026-07-15T15:54:31	true
post	B082232					2026-07-15T15:54:31	true
post	B082233					2026-07-15T15:54:31	true
post	B082234					2026-07-15T15:54:31	true
post	B082240					2026-07-15T15:54:31	true
post	B083808					2026-07-15T15:25:45	true
post	B083812					2026-07-15T15:25:45	true
post	B083813					2026-07-15T15:54:31	true
post	B083815					2026-07-15T15:54:31	true
post	B083816					2026-07-15T15:54:31	true
post	B083817					2026-07-15T15:54:31	true
post	B083847					2026-07-15T15:54:31	true
post	B083849					2026-07-15T15:54:31	true
post	B083850					2026-07-15T15:54:31	true
post	B086352					2026-07-15T15:54:31	true
post	B086353					2026-07-15T15:54:31	true
post	B086371					2026-07-15T15:54:31	true
post	B086377					2026-07-15T15:54:31	true
post	B086431					2026-07-15T15:54:31	true
post	B086433					2026-07-15T15:54:31	true
post	B086612					2026-07-15T15:54:31	true
post	B088019					2026-07-15T15:54:31	true
post	B088264		39390	Rua Córrego da Loura		2026-07-15T15:23:31	
post	B088271		39390	Rua Córrego da Loura		2026-07-15T15:23:31	
post	B088456					2026-07-15T15:54:31	true
post	B088633					2026-07-15T15:54:31	true
post	B088636					2026-07-15T15:54:31	true
post	B088652					2026-07-15T15:54:31	true
post	B088657					2026-07-15T15:54:31	true
post	B088660					2026-07-15T15:54:31	true
post	B088898		32972	Rua Visconde de Jequitinhonha		2026-07-15T15:07:15	
post	B088910					2026-07-15T15:54:31	true
post	B088911					2026-07-15T15:54:31	true
post	B088916					2026-07-15T15:54:31	true
post	B088918					2026-07-15T15:54:31	true
post	B088971					2026-07-15T15:54:31	true
post	B089209					2026-07-15T15:19:15	true
post	B089213		32972	Rua Visconde de Jequitinhonha		2026-07-15T15:07:15	
post	B089214					2026-07-15T15:54:31	true
post	B089239					2026-07-15T15:54:31	true
post	B090440					2026-07-15T15:54:31	true
post	B090443					2026-07-15T15:54:31	true
post	B090464					2026-07-15T15:54:31	true
post	B090500					2026-07-15T15:54:31	true
post	B091432					2026-07-15T15:54:31	true
post	B091671					2026-07-15T15:54:31	true
post	B091673					2026-07-15T15:54:31	true
post	B092317					2026-07-15T15:54:31	true
post	B092903					2026-07-15T15:54:31	true
post	B092904					2026-07-15T15:54:31	true
post	B092913					2026-07-15T15:54:31	true
post	B092915					2026-07-15T15:54:31	true
post	B092917					2026-07-15T15:54:31	true
post	B092945					2026-07-15T15:54:31	true
post	B093622					2026-07-15T15:54:31	true
post	B093625					2026-07-15T15:54:31	true
post	B093626					2026-07-15T15:54:31	true
post	B093627					2026-07-15T15:54:31	true
post	B093628					2026-07-15T15:54:31	true
post	B093629					2026-07-15T15:54:31	true
post	B093894					2026-07-15T15:54:31	true
post	B094000					2026-07-15T15:54:31	true
post	B094407		31526	Rua Itaguatiara		2026-07-15T15:32:52	
post	B094408					2026-07-15T15:54:31	true
post	B094415					2026-07-15T15:54:31	true
post	B094444					2026-07-15T15:54:31	true
post	B094600					2026-07-15T15:54:31	true
post	B094765					2026-07-15T15:54:31	true
post	B094769					2026-07-15T15:54:31	true
post	B094782					2026-07-15T15:54:31	true
post	B094783					2026-07-15T15:54:31	true
post	B094789					2026-07-15T15:54:31	true
post	B095447					2026-07-15T15:54:31	true
post	B095469					2026-07-15T15:54:31	true
post	B095655					2026-07-15T15:54:31	true
post	B095658					2026-07-15T15:54:31	true
post	B095674					2026-07-15T15:54:31	true
post	B095956		63150	Rua Copixaba		2026-07-15T15:42:17	
post	B096006					2026-07-15T15:54:31	true
post	B096365					2026-07-15T15:54:31	true
post	B096381					2026-07-15T15:54:31	true
post	B096382					2026-07-15T15:54:31	true
post	B096386					2026-07-15T15:54:31	true
post	B096387					2026-07-15T15:54:31	true
post	B096390					2026-07-15T15:54:31	true
post	B097251					2026-07-15T15:54:31	true
post	B929567					2026-07-15T15:54:31	true
post	B940020					2026-07-15T15:54:31	true
post	H000761					2026-07-15T15:54:31	true
post	H003019					2026-07-15T15:54:31	true
post	H003020					2026-07-15T15:54:31	true
post	H003047					2026-07-15T15:54:31	true
post	H003061					2026-07-15T15:54:31	true
post	H006322					2026-07-15T15:54:31	true
post	H006767					2026-07-15T15:54:31	true
post	H008010					2026-07-15T15:54:31	true
post	H008054					2026-07-15T15:54:31	true
post	H008491					2026-07-15T15:54:31	true
post	H008759					2026-07-15T15:54:31	true
post	H008876					2026-07-15T15:54:31	true
post	H009098					2026-07-15T15:54:31	true
post	H009100					2026-07-15T15:54:31	true
post	H009197					2026-07-15T15:54:31	true
post	H010342					2026-07-15T15:54:31	true
post	H010512					2026-07-15T15:54:31	true
post	H012198		8150	Rua Arnaud Holanda		2026-07-15T15:36:32	
post	H012323					2026-07-15T15:54:31	true
post	H012374					2026-07-15T15:54:31	true
post	H012383					2026-07-15T15:54:31	true
post	H012704					2026-07-15T15:54:31	true
post	H012706					2026-07-15T15:54:31	true
post	H012707					2026-07-15T15:54:31	true
post	H012711					2026-07-15T15:54:31	true
post	H012712					2026-07-15T15:54:31	true
post	H012714					2026-07-15T15:54:31	true
post	H013284					2026-07-15T15:54:31	true
post	H013767					2026-07-15T15:54:31	true
post	H013850					2026-07-15T15:54:31	true
post	H013859		77453	Estrada do Paiol	Estava escrito Artur Moura, mas essa rua só existe com esse nome no Google Maps	2026-07-15T15:11:20	
post	H013963					2026-07-15T15:54:31	true
post	H014290		64378	Rua Dr Vicente Gomes		2026-07-15T15:19:54	
post	H014508					2026-07-15T15:54:31	true
post	H015311					2026-07-15T15:54:31	true
post	H015888					2026-07-15T15:54:31	true
post	H015900					2026-07-15T15:54:31	true
post	H016102					2026-07-15T15:54:31	true
post	H016341					2026-07-15T15:54:31	true
post	H016375		57150	Avenida Republica do Libano		2026-07-15T15:24:31	
post	H016596					2026-07-15T15:54:31	true
post	H016598					2026-07-15T15:54:31	true
post	H016695					2026-07-15T15:54:31	true
post	H016962					2026-07-15T15:54:31	true
post	H016976					2026-07-15T15:54:31	true
post	H017277					2026-07-15T15:54:31	true
post	H017296					2026-07-15T15:54:31	true
post	H017324					2026-07-15T15:54:31	true
post	H017337					2026-07-15T15:54:31	true
post	H017422					2026-07-15T15:54:31	true
post	H017850					2026-07-15T15:54:31	true
post	H017999					2026-07-15T15:54:31	true
post	H018375					2026-07-15T15:54:31	true
post	H018376					2026-07-15T15:54:31	true
post	H018377					2026-07-15T15:54:31	true
post	H018378					2026-07-15T15:54:31	true
post	H018379					2026-07-15T15:54:31	true
post	H018493					2026-07-15T15:54:31	true
post	H018494					2026-07-15T15:54:31	true
post	H018495					2026-07-15T15:54:31	true
post	H018496					2026-07-15T15:54:31	true
post	H018497					2026-07-15T15:54:31	true
post	H018498					2026-07-15T15:54:31	true
post	H018506					2026-07-15T15:54:31	true
post	H018674					2026-07-15T15:54:31	true
post	H018675					2026-07-15T15:54:31	true
post	H018775		57150	Avenida Republica do Libano		2026-07-15T15:51:25	
post	H018878					2026-07-15T15:54:31	true
post	H019660					2026-07-15T15:54:31	true
post	H019697					2026-07-15T15:54:31	true
post	H019960					2026-07-15T15:54:31	true
post	H019964					2026-07-15T15:54:31	true
post	H020228					2026-07-15T15:54:31	true
post	H020237					2026-07-15T15:54:31	true
post	H020513					2026-07-15T15:54:31	true
post	H020514					2026-07-15T15:54:31	true
post	H020515					2026-07-15T15:54:31	true
post	H020746		32972	Rua Visconde de Jequitinhonha		2026-07-15T15:07:15	
post	H021719					2026-07-15T15:54:31	true
post	H021772					2026-07-15T15:54:31	true
post	H022590					2026-07-15T15:54:31	true
post	H022591					2026-07-15T15:54:31	true
post	H022804					2026-07-15T15:54:31	true
post	H023560					2026-07-15T15:54:31	true
post	H023561					2026-07-15T15:54:31	true
post	H023562					2026-07-15T15:54:31	true
post	H023563					2026-07-15T15:54:31	true
post	H024031					2026-07-15T15:54:31	true
post	H025182					2026-07-15T15:54:31	true
post	H026698					2026-07-15T15:54:31	true
post	H026699					2026-07-15T15:54:31	true
post	H026702					2026-07-15T15:54:31	true
post	H026703					2026-07-15T15:54:31	true
post	H026729					2026-07-15T15:54:31	true
post	H026738					2026-07-15T15:54:31	true
post	H026739					2026-07-15T15:54:31	true
post	H026741					2026-07-15T15:54:31	true
post	H026782					2026-07-15T15:54:31	true
post	H026828					2026-07-15T15:54:31	true
post	H026898					2026-07-15T15:54:31	true
post	H027020					2026-07-15T15:54:31	true
post	H027021					2026-07-15T15:54:31	true
post	H027310					2026-07-15T15:54:31	true
post	H027311					2026-07-15T15:54:31	true
post	H027312					2026-07-15T15:54:31	true
post	H027317					2026-07-15T15:54:31	true
post	H027318					2026-07-15T15:54:31	true
post	H027320					2026-07-15T15:54:31	true
post	H027322					2026-07-15T15:54:31	true
post	H027327					2026-07-15T15:54:31	true
post	H027335					2026-07-15T15:54:31	true
post	H027338					2026-07-15T15:54:31	true
post	H027340					2026-07-15T15:54:31	true
post	H027341					2026-07-15T15:54:31	true
post	H027342		18554	Rua Itarana		2026-07-15T15:31:08	
post	H027355					2026-07-15T15:54:31	true
post	H027627					2026-07-15T15:54:31	true
post	H027666					2026-07-15T15:54:31	true
post	H027671					2026-07-15T15:54:31	true
post	H027676					2026-07-15T15:54:31	true
post	H027677					2026-07-15T15:54:31	true
post	H027678					2026-07-15T15:54:31	true
post	H027681					2026-07-15T15:54:31	true
post	H027682					2026-07-15T15:54:31	true
post	H027683					2026-07-15T15:54:31	true
post	H027720					2026-07-15T15:54:31	true
post	H027922					2026-07-15T15:54:31	true
post	H027933					2026-07-15T15:54:31	true
post	H027991					2026-07-15T15:54:31	true
post	H028165					2026-07-15T15:54:31	true
post	H028695					2026-07-15T15:54:31	true
post	H028696					2026-07-15T15:54:31	true
post	H028764					2026-07-15T15:54:31	true
post	H029319					2026-07-15T15:54:31	true
post	H029861					2026-07-15T15:54:31	true
post	H030935					2026-07-15T15:54:31	true
post	H031084					2026-07-15T15:54:31	true
post	H031653					2026-07-15T15:54:31	true
post	H031694					2026-07-15T15:54:31	true
post	H031701					2026-07-15T15:54:31	true
post	H032087					2026-07-15T15:54:31	true
post	H032263					2026-07-15T15:54:31	true
post	H032325					2026-07-15T15:54:31	true
post	H033944					2026-07-15T15:54:31	true
post	H034275					2026-07-15T15:54:31	true
post	H035034					2026-07-15T15:54:31	true
post	H037889					2026-07-15T15:54:31	true
post	H037893					2026-07-15T15:54:31	true
post	H037963					2026-07-15T15:54:31	true
post	H037964					2026-07-15T15:54:31	true
post	H038008					2026-07-15T15:54:31	true
post	H038116					2026-07-15T15:54:31	true
post	H038137					2026-07-15T15:54:31	true
post	H038138					2026-07-15T15:54:31	true
post	H038163					2026-07-15T15:54:31	true
post	H038291					2026-07-15T15:54:31	true
post	H039443					2026-07-15T15:54:31	true
post	H040283					2026-07-15T15:54:31	true
post	H041449					2026-07-15T15:54:31	true
post	H041451					2026-07-15T15:54:31	true
post	H041454					2026-07-15T15:54:31	true
post	H041456		18252	Rua das Creoulas		2026-07-15T15:12:35	
post	H041732					2026-07-15T15:54:31	true
post	H047003					2026-07-15T15:54:31	true
post	H048898					2026-07-15T15:54:31	true
sem	1	1				2026-07-15T16:17:46	true
sem	10	2				2026-07-15T16:17:46	true
sem	100	1	12009	Estrada do Bongi		2026-07-13T18:09:52	
sem	100	2				2026-07-15T16:17:46	true
sem	101	1				2026-07-15T16:17:46	true
sem	101	2				2026-07-15T16:17:46	true
sem	102	1				2026-07-15T16:17:46	true
sem	102	2				2026-07-15T16:17:46	true
sem	103	1	5770	Avenida  Antônio de Goes		2026-07-13T18:00:05	
sem	103	2				2026-07-15T16:17:46	true
sem	104	1				2026-07-15T16:17:46	true
sem	104	2				2026-07-15T16:17:46	true
sem	105	1				2026-07-15T16:17:46	true
sem	105	2				2026-07-15T14:34:10	true
sem	106	1				2026-07-15T16:17:46	true
sem	106	2				2026-07-15T16:17:46	true
sem	107	1				2026-07-15T16:17:46	true
sem	107	2	8222	Estrada do Arraial		2026-07-15T16:16:30	
sem	108	1				2026-07-15T16:17:46	true
sem	109	1				2026-07-15T16:17:46	true
sem	11	1				2026-07-15T16:17:46	true
sem	110	1				2026-07-15T16:17:46	true
sem	110	2				2026-07-15T16:17:46	true
sem	111	1				2026-07-15T16:17:46	true
sem	111	2				2026-07-15T16:17:46	true
sem	112	1				2026-07-15T16:17:46	true
sem	112	2				2026-07-15T16:17:46	true
sem	113	1				2026-07-15T16:17:46	true
sem	113	2				2026-07-15T16:17:46	true
sem	114	1				2026-07-15T16:17:46	true
sem	114	2	10898	Rua Coronel Benedito Chaves		2026-07-13T18:20:42	
sem	115	1				2026-07-15T16:17:46	true
sem	115	2				2026-07-15T16:17:46	true
sem	116	1	43451	Avenida Marechal Mascarenhas de Moraes		2026-07-15T14:25:36	
sem	117	1				2026-07-15T16:17:46	true
sem	118	1				2026-07-15T16:17:46	true
sem	119	1				2026-07-15T16:17:46	true
sem	119	2				2026-07-15T16:17:46	true
sem	12	1				2026-07-15T16:17:46	true
sem	12	2				2026-07-15T16:17:46	true
sem	120	1				2026-07-15T16:17:46	true
sem	120	2				2026-07-15T16:17:46	true
sem	121	1				2026-07-15T16:17:46	true
sem	121	2				2026-07-15T16:17:46	true
sem	122	1				2026-07-15T14:37:29	true
sem	122	2				2026-07-15T14:35:49	true
sem	123	1				2026-07-15T16:17:46	true
sem	123	2				2026-07-15T16:17:46	true
sem	124	1				2026-07-15T16:17:46	true
sem	125	1				2026-07-15T16:17:46	true
sem	125	2				2026-07-15T14:34:53	true
sem	126	1				2026-07-15T16:17:46	true
sem	126	2				2026-07-15T16:17:46	true
sem	127	1				2026-07-15T16:17:46	true
sem	127	2				2026-07-15T16:17:46	true
sem	128	1				2026-07-15T16:17:46	true
sem	128	2				2026-07-15T16:17:46	true
sem	129	1	32972	Rua Visconde de Jequitinhonha		2026-07-13T18:01:52	
sem	129	2				2026-07-15T16:17:46	true
sem	13	1	11584	Rua do Sol		2026-07-15T16:08:08	
sem	13	2	120022	Rua Nova		2026-07-15T16:00:23	
sem	130	1				2026-07-15T16:17:46	true
sem	130	2				2026-07-15T16:17:46	true
sem	131	1				2026-07-15T16:17:46	true
sem	131	2				2026-07-15T16:17:46	true
sem	132	1				2026-07-15T16:17:46	true
sem	132	2				2026-07-15T16:17:46	true
sem	133	1				2026-07-15T16:17:46	true
sem	134	1				2026-07-15T16:17:46	true
sem	134	2				2026-07-15T16:17:46	true
sem	135	1				2026-07-15T16:17:46	true
sem	135	2				2026-07-15T16:17:46	true
sem	136	1				2026-07-15T16:17:46	true
sem	136	2				2026-07-15T16:17:46	true
sem	137	1				2026-07-15T16:17:46	true
sem	137	2				2026-07-15T16:17:46	true
sem	138	1				2026-07-15T16:17:46	true
sem	138	2				2026-07-15T16:17:46	true
sem	139	1				2026-07-15T16:17:46	true
sem	139	2				2026-07-15T16:17:46	true
sem	14	1	11584	Rua do Sol		2026-07-15T16:08:08	
sem	14	2				2026-07-15T16:17:46	true
sem	140	1				2026-07-15T16:17:46	true
sem	140	2				2026-07-15T16:17:46	true
sem	141	1				2026-07-15T16:17:46	true
sem	141	2				2026-07-15T16:17:46	true
sem	142	1				2026-07-15T16:17:46	true
sem	142	2				2026-07-15T16:17:46	true
sem	143	1				2026-07-15T16:17:46	true
sem	143	2				2026-07-15T16:17:46	true
sem	144	1				2026-07-15T16:17:46	true
sem	144	2				2026-07-15T14:34:53	true
sem	145	1				2026-07-15T16:17:46	true
sem	145	2				2026-07-15T16:17:46	true
sem	146	1				2026-07-15T16:17:46	true
sem	146	2				2026-07-15T16:17:46	true
sem	147	1				2026-07-15T16:17:46	true
sem	147	2				2026-07-15T16:17:46	true
sem	148	1				2026-07-15T16:17:46	true
sem	148	2				2026-07-15T16:17:46	true
sem	149	1				2026-07-15T16:17:46	true
sem	149	2				2026-07-15T16:17:46	true
sem	15	1				2026-07-15T16:17:46	true
sem	15	2				2026-07-15T16:17:46	true
sem	150	1				2026-07-15T16:17:46	true
sem	150	2	77046	Rua S D 1096		2026-07-13T18:20:10	
sem	151	1	39063	Avenida Lins Petit		2026-07-13T18:07:53	
sem	152	1				2026-07-15T16:17:46	true
sem	152	2				2026-07-15T16:17:46	true
sem	153	1				2026-07-15T16:17:46	true
sem	154	1	32972	Rua Visconde de Jequitinhonha		2026-07-13T18:01:52	
sem	154	2				2026-07-15T16:17:46	true
sem	155	1				2026-07-15T16:17:46	true
sem	155	2				2026-07-15T16:17:46	true
sem	156	1				2026-07-15T16:17:46	true
sem	157	1				2026-07-15T16:17:46	true
sem	157	2				2026-07-15T16:17:46	true
sem	158	1	32972	Rua Visconde de Jequitinhonha		2026-07-13T18:01:52	
sem	158	2				2026-07-15T16:17:46	true
sem	159	1				2026-07-15T16:17:46	true
sem	159	2	53317	Rua Sá e Souza		2026-07-15T15:57:30	
sem	16	1				2026-07-15T16:17:46	true
sem	16	2				2026-07-15T16:17:46	true
sem	160	1				2026-07-15T16:17:46	true
sem	160	2				2026-07-15T16:17:46	true
sem	161	1	43451	Avenida Marechal Mascarenhas de Moraes		2026-07-15T14:25:36	
sem	161	2				2026-07-15T16:17:46	true
sem	162	1				2026-07-15T16:17:46	true
sem	162	2				2026-07-15T16:17:46	true
sem	163	1				2026-07-15T16:17:46	true
sem	163	2	120022	Rua Nova		2026-07-15T16:00:23	
sem	164	1				2026-07-15T16:17:46	true
sem	165	1				2026-07-15T16:17:46	true
sem	165	2				2026-07-15T14:39:00	true
sem	166	1				2026-07-15T16:17:46	true
sem	167	1				2026-07-15T16:17:46	true
sem	167	2				2026-07-15T16:17:46	true
sem	168	1				2026-07-15T16:17:46	true
sem	168	2				2026-07-15T16:17:46	true
sem	169	1				2026-07-15T16:17:46	true
sem	169	2				2026-07-15T16:17:46	true
sem	17	1				2026-07-15T14:36:13	true
sem	17	2				2026-07-15T16:17:46	true
sem	170	1				2026-07-15T16:17:46	true
sem	171	1				2026-07-15T16:17:46	true
sem	171	2				2026-07-15T16:17:46	true
sem	172	1				2026-07-15T16:17:46	true
sem	172	2	61492	Rua Treze de Maio		2026-07-15T16:17:37	
sem	173	1				2026-07-15T16:17:46	true
sem	173	2				2026-07-15T14:33:41	true
sem	174	1				2026-07-15T16:17:46	true
sem	174	2				2026-07-15T16:17:46	true
sem	175	1				2026-07-15T16:17:46	true
sem	175	2				2026-07-15T16:17:46	true
sem	176	1				2026-07-15T16:17:46	true
sem	176	2	14761	Rua Bispo Cardoso Ayres		2026-07-13T18:13:09	
sem	177	1	73237	Rua Amélia		2026-07-15T16:12:17	
sem	177	2				2026-07-15T16:17:46	true
sem	178	1	73237	Rua Amélia		2026-07-15T16:12:17	
sem	178	2	6017	Rua Antônio Novais		2026-07-13T18:12:13	
sem	179	1				2026-07-15T16:17:46	true
sem	179	2				2026-07-15T16:17:46	true
sem	18	1	50393	Rua Imperador Dom Pedro II		2026-07-15T16:09:14	
sem	18	2	117714	Rua Treze de Março		2026-07-15T16:13:51	
sem	180	1				2026-07-15T16:17:46	true
sem	180	2	26182	Rua São João		2026-07-15T16:09:50	
sem	181	1				2026-07-15T16:17:46	true
sem	181	2				2026-07-15T16:17:46	true
sem	182	1				2026-07-15T16:17:46	true
sem	182	2				2026-07-15T16:17:46	true
sem	183	1				2026-07-15T16:17:46	true
sem	183	2	32140	Rua Jack Ayres		2026-07-15T14:39:35	
sem	184	1				2026-07-15T16:17:46	true
sem	184	2	29238	Rua da Hora		2026-07-15T16:10:24	
sem	185	1				2026-07-15T16:17:46	true
sem	185	2				2026-07-15T14:34:53	true
sem	186	1				2026-07-15T16:17:46	true
sem	186	2				2026-07-15T16:17:46	true
sem	187	1				2026-07-15T16:17:46	true
sem	187	2				2026-07-15T16:17:46	true
sem	188	1	53996	Avenida Santos Dumont		2026-07-15T16:15:53	
sem	188	2				2026-07-15T16:17:46	true
sem	189	1				2026-07-15T14:36:58	true
sem	19	1	57630	Avenida Rio Branco		2026-07-15T16:15:40	
sem	19	2				2026-07-15T16:17:46	true
sem	190	1				2026-07-15T16:17:46	true
sem	190	2				2026-07-15T14:39:00	true
sem	191	1				2026-07-15T16:17:46	true
sem	191	2				2026-07-15T16:17:46	true
sem	192	1				2026-07-15T16:17:46	true
sem	192	2				2026-07-15T16:17:46	true
sem	193	1				2026-07-15T16:17:46	true
sem	193	2				2026-07-15T16:17:46	true
sem	194	1				2026-07-15T16:17:46	true
sem	194	2	117714	Rua Treze de Março		2026-07-15T16:13:51	
sem	195	1	73237	Rua Amélia		2026-07-15T16:12:17	
sem	195	2				2026-07-15T16:17:46	true
sem	196	1				2026-07-15T16:17:46	true
sem	196	2				2026-07-15T16:17:46	true
sem	197	1	11584	Rua do Sol		2026-07-15T16:08:08	
sem	198	1				2026-07-15T16:17:46	true
sem	198	2				2026-07-15T16:17:46	true
sem	199	1	26182	Rua São João		2026-07-15T16:09:50	
sem	199	2	24996	Rua do Forte		2026-07-15T16:09:27	
sem	2	1				2026-07-15T16:17:46	true
sem	2	2				2026-07-15T14:34:10	true
sem	20	1				2026-07-15T14:33:12	true
sem	20	2				2026-07-15T16:17:46	true
sem	200	1				2026-07-15T16:17:46	true
sem	200	2				2026-07-15T14:34:10	true
sem	201	1				2026-07-15T16:17:46	true
sem	201	2				2026-07-15T16:17:46	true
sem	202	1				2026-07-15T16:17:46	true
sem	202	2	15466	Rua dos Casados	Estava Rua Dona Maria de Souza que é uma rua na Vila Militar e por isso não está no mapa da prefeitura do Recife.	2026-07-15T15:06:48	
sem	203	1				2026-07-15T14:36:13	true
sem	203	2	50393	Rua Imperador Dom Pedro II		2026-07-15T16:09:14	
sem	204	1				2026-07-15T14:36:13	true
sem	204	2				2026-07-15T16:17:46	true
sem	205	1				2026-07-15T14:38:04	true
sem	206	1	50393	Rua Imperador Dom Pedro II		2026-07-15T16:09:14	
sem	206	2				2026-07-15T16:17:46	true
sem	207	1				2026-07-15T16:17:46	true
sem	207	2				2026-07-15T16:17:46	true
sem	208	1				2026-07-15T16:17:46	true
sem	208	2				2026-07-15T16:17:46	true
sem	209	1				2026-07-15T16:17:46	true
sem	209	2	62944	Rua Velha		2026-07-15T15:56:47	
sem	21	1	29238	Rua da Hora		2026-07-15T16:10:24	
sem	210	1				2026-07-15T16:17:46	true
sem	210	2				2026-07-15T16:17:46	true
sem	211	1				2026-07-15T14:38:04	true
sem	212	1				2026-07-15T16:17:46	true
sem	212	2				2026-07-15T16:17:46	true
sem	213	1				2026-07-15T16:17:46	true
sem	213	2				2026-07-15T16:17:46	true
sem	214	1				2026-07-15T16:17:46	true
sem	214	2	40797	Avenida Dr Malaquias		2026-07-13T18:01:20	
sem	215	1				2026-07-15T16:17:46	true
sem	215	2	40797	Avenida Dr Malaquias		2026-07-13T18:01:20	
sem	216	1				2026-07-15T16:17:46	true
sem	216	2				2026-07-15T16:17:46	true
sem	217	1				2026-07-15T16:17:46	true
sem	217	2				2026-07-15T16:17:46	true
sem	218	1	43451	Avenida Marechal Mascarenhas de Moraes		2026-07-15T14:25:36	
sem	218	2				2026-07-15T16:17:46	true
sem	219	1				2026-07-15T16:17:46	true
sem	22	1				2026-07-15T16:17:46	true
sem	22	2				2026-07-15T16:17:46	true
sem	220	1				2026-07-15T16:17:46	true
sem	220	2				2026-07-15T16:17:46	true
sem	221	1				2026-07-15T16:17:46	true
sem	221	2				2026-07-15T16:17:46	true
sem	222	1				2026-07-15T16:17:46	true
sem	222	2	47511	Avenida Oliveira Lima		2026-07-15T16:00:01	
sem	223	1				2026-07-15T16:17:46	true
sem	223	2				2026-07-15T16:17:46	true
sem	224	1	72656	Rua Dom Manoel da Costa		2026-07-15T14:40:43	
sem	225	1	43451	Avenida Marechal Mascarenhas de Moraes		2026-07-15T14:25:36	
sem	225	2				2026-07-15T16:17:46	true
sem	226	1	5770	Avenida  Antônio de Goes		2026-07-13T18:00:05	
sem	226	2				2026-07-15T16:17:46	true
sem	227	1				2026-07-15T16:17:46	true
sem	227	2				2026-07-15T16:17:46	true
sem	228	1				2026-07-15T16:17:46	true
sem	229	1				2026-07-15T16:17:46	true
sem	229	2				2026-07-15T16:17:46	true
sem	23	1				2026-07-15T16:17:46	true
sem	23	2				2026-07-15T16:17:46	true
sem	230	1				2026-07-15T16:17:46	true
sem	230	2				2026-07-15T16:17:46	true
sem	231	1				2026-07-15T16:17:46	true
sem	231	2				2026-07-15T16:17:46	true
sem	232	1				2026-07-15T16:17:46	true
sem	232	2	59013	Rua Rodrigues Ferreira		2026-07-15T15:58:13	
sem	233	1				2026-07-15T16:17:46	true
sem	233	2	12009	Estrada do Bongi		2026-07-15T16:16:41	
sem	234	1				2026-07-15T16:17:46	true
sem	234	2	65609	Rua Waldemar Nery Carneiro Monteiro		2026-07-15T14:39:16	
sem	235	1				2026-07-15T16:17:46	true
sem	235	2				2026-07-15T16:17:46	true
sem	236	1				2026-07-15T16:17:46	true
sem	236	2	27472	Rua Gregório Júnior		2026-07-15T16:03:56	
sem	237	1				2026-07-15T16:17:46	true
sem	238	1				2026-07-15T16:17:46	true
sem	238	2				2026-07-15T16:17:46	true
sem	239	1				2026-07-15T16:17:46	true
sem	239	2				2026-07-15T16:17:46	true
sem	24	1				2026-07-15T16:17:46	true
sem	24	2				2026-07-15T16:17:46	true
sem	240	1				2026-07-15T16:17:46	true
sem	240	2				2026-07-15T16:17:46	true
sem	241	1				2026-07-15T16:17:46	true
sem	241	2				2026-07-15T16:17:46	true
sem	242	1				2026-07-15T16:17:46	true
sem	242	2				2026-07-15T16:17:46	true
sem	243	1				2026-07-15T16:17:46	true
sem	243	2	9164	Rua da Aurora		2026-07-13T18:24:23	
sem	244	1				2026-07-15T16:17:46	true
sem	244	2				2026-07-15T16:17:46	true
sem	245	1	20060	Rua Vinte e Um de Abril		2026-07-15T16:13:11	
sem	245	2				2026-07-15T16:17:46	true
sem	246	1				2026-07-15T16:17:46	true
sem	246	2				2026-07-15T16:17:46	true
sem	247	1				2026-07-15T16:17:46	true
sem	247	2	56537	Avenida Raimundo Diniz		2026-07-13T18:03:59	
sem	248	1				2026-07-15T14:36:00	true
sem	249	1	24988	Estrada do Forte do Arraial Novo do Bom Jesus		2026-07-13T18:01:02	
sem	249	2	27022	Rua Gomes Taborda		2026-07-15T16:04:11	
sem	25	1				2026-07-15T16:17:46	true
sem	25	2				2026-07-15T16:17:46	true
sem	250	1				2026-07-15T16:17:46	true
sem	250	2				2026-07-15T16:17:46	true
sem	251	1				2026-07-15T16:17:46	true
sem	251	2				2026-07-15T16:17:46	true
sem	252	1				2026-07-15T16:17:46	true
sem	252	2				2026-07-15T16:17:46	true
sem	253	1				2026-07-15T16:17:46	true
sem	253	2				2026-07-15T16:17:46	true
sem	254	1				2026-07-15T16:17:46	true
sem	254	2				2026-07-15T16:17:46	true
sem	255	1				2026-07-15T16:17:46	true
sem	256	1				2026-07-15T16:17:46	true
sem	257	1				2026-07-15T16:17:46	true
sem	257	2				2026-07-15T16:17:46	true
sem	258	1	32972	Rua Visconde de Jequitinhonha		2026-07-13T18:01:52	
sem	258	2				2026-07-15T16:17:46	true
sem	259	1				2026-07-15T16:17:46	true
sem	259	2				2026-07-15T14:34:53	true
sem	26	1				2026-07-15T16:17:46	true
sem	26	2				2026-07-15T16:17:46	true
sem	260	1				2026-07-15T16:17:46	true
sem	260	2				2026-07-15T16:17:46	true
sem	261	1				2026-07-15T16:17:46	true
sem	261	2				2026-07-15T16:17:46	true
sem	262	1				2026-07-15T16:17:46	true
sem	263	1				2026-07-15T16:17:46	true
sem	264	1				2026-07-15T16:17:46	true
sem	265	1				2026-07-15T16:17:46	true
sem	266	1				2026-07-15T16:17:46	true
sem	267	1				2026-07-15T16:17:46	true
sem	268	1				2026-07-15T16:17:46	true
sem	269	1				2026-07-15T16:17:46	true
sem	27	1				2026-07-15T16:17:46	true
sem	27	2				2026-07-15T16:17:46	true
sem	270	1				2026-07-15T16:17:46	true
sem	271	1				2026-07-15T16:17:46	true
sem	272	1				2026-07-15T16:17:46	true
sem	273	1				2026-07-15T16:17:46	true
sem	274	1				2026-07-15T16:17:46	true
sem	275	1				2026-07-15T16:17:46	true
sem	276	1	43451	Avenida Marechal Mascarenhas de Moraes		2026-07-15T14:25:36	
sem	277	1	5770	Avenida  Antônio de Goes		2026-07-13T18:00:05	
sem	277	2				2026-07-15T16:17:46	true
sem	278	2	50393	Rua Imperador Dom Pedro II		2026-07-15T16:09:14	
sem	279	1	43451	Avenida Marechal Mascarenhas de Moraes		2026-07-15T14:25:36	
sem	279	2				2026-07-15T16:17:46	true
sem	28	1				2026-07-15T16:17:46	true
sem	28	2				2026-07-15T16:17:46	true
sem	280	1	61182	Rua Tomaz Gonzaga		2026-07-13T18:02:19	
sem	280	2	72427	Avenida Professor Estevão Francisco da Costa		2026-07-13T18:04:14	
sem	281	1				2026-07-15T16:17:46	true
sem	281	2				2026-07-15T16:17:46	true
sem	282	1				2026-07-15T16:17:46	true
sem	282	2				2026-07-15T16:17:46	true
sem	283	1	8222	Estrada do Arraial		2026-07-15T16:16:30	
sem	283	2				2026-07-15T16:17:46	true
sem	284	1				2026-07-15T14:36:13	true
sem	284	2				2026-07-15T16:17:46	true
sem	285	1				2026-07-15T16:17:46	true
sem	285	2	26751	Avenida Quinze de Novembro		2026-07-15T16:14:02	
sem	286	1	43451	Avenida Marechal Mascarenhas de Moraes		2026-07-15T14:25:36	
sem	286	2				2026-07-15T16:17:46	true
sem	287	1	43451	Avenida Marechal Mascarenhas de Moraes		2026-07-15T14:25:36	
sem	287	2				2026-07-15T16:17:46	true
sem	288	1	43451	Avenida Marechal Mascarenhas de Moraes		2026-07-15T14:25:36	
sem	288	2				2026-07-15T14:35:01	true
sem	289	1	43451	Avenida Marechal Mascarenhas de Moraes		2026-07-15T14:25:36	
sem	289	2				2026-07-15T16:17:46	true
sem	29	1				2026-07-15T16:17:46	true
sem	29	2				2026-07-15T16:17:46	true
sem	290	1	43451	Avenida Marechal Mascarenhas de Moraes		2026-07-15T14:25:36	
sem	290	2				2026-07-15T14:39:00	true
sem	291	1	8222	Estrada do Arraial		2026-07-15T16:16:30	
sem	292	1				2026-07-15T16:17:46	true
sem	292	2	40797	Avenida Dr Malaquias		2026-07-13T18:01:20	
sem	293	1				2026-07-15T16:17:46	true
sem	293	2				2026-07-15T16:17:46	true
sem	294	1				2026-07-15T16:17:46	true
sem	294	2				2026-07-15T16:17:46	true
sem	295	1	8222	Estrada do Arraial		2026-07-15T16:16:30	
sem	295	2				2026-07-15T14:37:12	true
sem	296	1				2026-07-15T16:17:46	true
sem	296	2				2026-07-15T16:17:46	true
sem	297	1				2026-07-15T16:17:46	true
sem	298	1				2026-07-15T16:17:46	true
sem	298	2				2026-07-15T16:17:46	true
sem	299	1				2026-07-15T16:17:46	true
sem	299	2				2026-07-15T16:17:46	true
sem	3	1				2026-07-15T16:17:46	true
sem	3	2				2026-07-15T16:17:46	true
sem	30	1	61492	Rua Treze de Maio		2026-07-15T16:17:37	
sem	30	2				2026-07-15T16:17:46	true
sem	300	1				2026-07-15T16:17:46	true
sem	301	1				2026-07-15T16:17:46	true
sem	301	2				2026-07-15T16:17:46	true
sem	302	1				2026-07-15T16:17:46	true
sem	303	1				2026-07-15T16:17:46	true
sem	303	2				2026-07-15T16:17:46	true
sem	304	1				2026-07-15T16:17:46	true
sem	304	2				2026-07-15T16:17:46	true
sem	305	1				2026-07-15T16:17:46	true
sem	305	2				2026-07-15T14:34:53	true
sem	306	1				2026-07-15T16:17:46	true
sem	306	2	35270	Avenida Professor José dos Anjos		2026-07-13T18:04:53	
sem	307	1				2026-07-15T16:17:46	true
sem	307	2				2026-07-15T16:17:46	true
sem	308	1				2026-07-15T16:17:46	true
sem	308	2				2026-07-15T16:17:46	true
sem	309	1				2026-07-15T16:17:46	true
sem	31	1				2026-07-15T16:17:46	true
sem	31	2				2026-07-15T16:17:46	true
sem	310	1	43451	Avenida Marechal Mascarenhas de Moraes		2026-07-15T14:25:36	
sem	311	1				2026-07-15T16:17:46	true
sem	312	1				2026-07-15T16:17:46	true
sem	312	2				2026-07-15T16:17:46	true
sem	313	1	20060	Rua Vinte e Um de Abril		2026-07-15T16:13:11	
sem	314	1				2026-07-15T16:17:46	true
sem	314	2				2026-07-15T16:17:46	true
sem	315	1				2026-07-15T16:17:46	true
sem	315	2				2026-07-15T16:17:46	true
sem	316	1	43451	Avenida Marechal Mascarenhas de Moraes		2026-07-15T14:25:36	
sem	317	1				2026-07-15T16:17:46	true
sem	317	2				2026-07-15T16:17:46	true
sem	318	1				2026-07-15T16:17:46	true
sem	318	2				2026-07-15T16:17:46	true
sem	319	1				2026-07-15T16:17:46	true
sem	319	2				2026-07-15T16:17:46	true
sem	32	1				2026-07-15T16:17:46	true
sem	32	2				2026-07-15T14:36:24	true
sem	320	1				2026-07-15T16:17:46	true
sem	320	2	13960	Ponte de Afogados		2026-07-15T16:17:11	
sem	321	1				2026-07-15T16:17:46	true
sem	321	2				2026-07-15T16:17:46	true
sem	322	1				2026-07-15T16:17:46	true
sem	323	1				2026-07-15T16:17:46	true
sem	324	1				2026-07-15T16:17:46	true
sem	324	2				2026-07-15T16:17:46	true
sem	325	1				2026-07-15T16:17:46	true
sem	326	1				2026-07-15T16:17:46	true
sem	326	2				2026-07-15T16:17:46	true
sem	327	1				2026-07-15T16:17:46	true
sem	328	1				2026-07-15T16:17:46	true
sem	329	1				2026-07-15T16:17:46	true
sem	329	2				2026-07-15T16:17:46	true
sem	33	1				2026-07-15T16:17:46	true
sem	33	2				2026-07-15T16:17:46	true
sem	330	1				2026-07-15T16:17:46	true
sem	330	2				2026-07-15T16:17:46	true
sem	331	1				2026-07-15T16:17:46	true
sem	331	2				2026-07-15T16:17:46	true
sem	332	1				2026-07-15T16:17:46	true
sem	332	2				2026-07-15T16:17:46	true
sem	333	1				2026-07-15T16:17:46	true
sem	333	2				2026-07-15T16:17:46	true
sem	334	1	20060	Rua Vinte e Um de Abril		2026-07-15T16:13:11	
sem	334	2				2026-07-15T16:17:46	true
sem	335	1				2026-07-15T16:17:46	true
sem	335	2				2026-07-15T16:17:46	true
sem	336	1				2026-07-15T16:17:46	true
sem	337	1				2026-07-15T16:17:46	true
sem	338	1				2026-07-15T16:17:46	true
sem	338	2				2026-07-15T16:17:46	true
sem	339	1				2026-07-15T16:17:46	true
sem	34	1				2026-07-15T16:17:46	true
sem	34	2				2026-07-15T16:17:46	true
sem	340	1				2026-07-15T16:17:46	true
sem	341	1				2026-07-15T16:17:46	true
sem	341	2	9610	Rua Marquês de Baipendi		2026-07-13T18:05:55	
sem	342	1				2026-07-15T16:17:46	true
sem	343	1				2026-07-15T16:17:46	true
sem	343	2				2026-07-15T14:39:00	true
sem	344	1				2026-07-15T16:17:46	true
sem	344	2				2026-07-15T16:17:46	true
sem	345	1				2026-07-15T16:17:46	true
sem	345	2				2026-07-15T16:17:46	true
sem	346	1				2026-07-15T16:17:46	true
sem	346	2				2026-07-15T16:17:46	true
sem	347	1				2026-07-15T16:17:46	true
sem	348	1				2026-07-15T16:17:46	true
sem	348	2	27022	Rua Gomes Taborda		2026-07-15T16:04:11	
sem	349	1				2026-07-15T16:17:46	true
sem	35	1				2026-07-15T16:17:46	true
sem	35	2				2026-07-15T16:17:46	true
sem	350	1				2026-07-15T16:17:46	true
sem	351	1				2026-07-15T16:17:46	true
sem	351	2				2026-07-15T16:17:46	true
sem	352	1				2026-07-15T16:17:46	true
sem	352	2				2026-07-15T16:17:46	true
sem	353	1				2026-07-15T14:39:00	true
sem	353	2				2026-07-15T16:17:46	true
sem	354	1				2026-07-15T16:17:46	true
sem	354	2	20990	Rua Santa Edwirges		2026-07-13T18:03:35	
sem	355	1				2026-07-15T16:17:46	true
sem	356	1				2026-07-15T16:17:46	true
sem	356	2				2026-07-15T16:17:46	true
sem	357	1				2026-07-15T16:17:46	true
sem	357	2				2026-07-15T16:17:46	true
sem	358	2				2026-07-15T16:17:46	true
sem	359	1				2026-07-15T16:17:46	true
sem	36	1				2026-07-15T16:17:46	true
sem	36	2	61492	Rua Treze de Maio		2026-07-15T16:17:37	
sem	360	1				2026-07-15T16:17:46	true
sem	360	2	6017	Rua Antônio Novais		2026-07-13T18:12:13	
sem	361	1	29238	Rua da Hora		2026-07-15T16:10:24	
sem	361	2	73237	Rua Amélia		2026-07-13T18:11:51	
sem	362	1	57029	Rua Regueira Costa		2026-07-15T15:58:27	
sem	362	2				2026-07-15T16:17:46	true
sem	363	1				2026-07-15T16:17:46	true
sem	363	2	17426	Rua Constança		2026-07-13T18:21:19	
sem	364	1				2026-07-15T16:17:46	true
sem	364	2	35270	Avenida Professor José dos Anjos		2026-07-13T18:04:53	
sem	365	1				2026-07-15T16:17:46	true
sem	365	2				2026-07-15T16:17:46	true
sem	366	1				2026-07-15T16:17:46	true
sem	366	2				2026-07-15T16:17:46	true
sem	367	1	43621	Avenida Sport Clube do Recife		2026-07-13T18:03:10	
sem	367	2				2026-07-15T16:17:46	true
sem	368	1				2026-07-15T16:17:46	true
sem	368	2				2026-07-15T16:17:46	true
sem	369	1				2026-07-15T16:17:46	true
sem	37	1				2026-07-15T16:17:46	true
sem	37	2				2026-07-15T16:17:46	true
sem	370	1				2026-07-15T16:17:46	true
sem	371	1				2026-07-15T16:17:46	true
sem	372	1				2026-07-15T16:17:46	true
sem	373	1				2026-07-15T16:17:46	true
sem	373	2				2026-07-15T14:35:49	true
sem	374	1				2026-07-15T16:17:46	true
sem	375	1				2026-07-15T16:17:46	true
sem	375	2	24988	Estrada do Forte do Arraial Novo do Bom Jesus		2026-07-13T18:01:02	
sem	376	1				2026-07-15T16:17:46	true
sem	376	2				2026-07-15T16:17:46	true
sem	377	1				2026-07-15T16:17:46	true
sem	377	2				2026-07-15T16:17:46	true
sem	378	1				2026-07-15T16:17:46	true
sem	379	1				2026-07-15T16:17:46	true
sem	38	1				2026-07-15T16:17:46	true
sem	380	1				2026-07-15T16:17:46	true
sem	380	2				2026-07-15T16:17:46	true
sem	381	1				2026-07-15T16:17:46	true
sem	381	2	61093	Rua Tobias Barreto		2026-07-13T18:02:49	
sem	382	1				2026-07-15T16:17:46	true
sem	382	2				2026-07-15T16:17:46	true
sem	383	1				2026-07-15T16:17:46	true
sem	383	2				2026-07-15T16:17:46	true
sem	384	1				2026-07-15T16:17:46	true
sem	384	2				2026-07-15T14:34:53	true
sem	385	1	43451	Avenida Marechal Mascarenhas de Moraes		2026-07-15T14:25:36	
sem	385	2				2026-07-15T16:17:46	true
sem	386	1	43451	Avenida Marechal Mascarenhas de Moraes		2026-07-15T14:25:36	
sem	386	2				2026-07-15T16:17:46	true
sem	387	1				2026-07-15T16:17:46	true
sem	387	2				2026-07-15T16:17:46	true
sem	388	1				2026-07-15T16:17:46	true
sem	388	2				2026-07-15T16:17:46	true
sem	389	1				2026-07-15T16:17:46	true
sem	39	1				2026-07-15T16:17:46	true
sem	39	2				2026-07-15T16:17:46	true
sem	390	1				2026-07-15T16:17:46	true
sem	390	2				2026-07-15T16:17:46	true
sem	391	1				2026-07-15T16:17:46	true
sem	392	1				2026-07-15T16:17:46	true
sem	392	2				2026-07-15T14:39:00	true
sem	393	1				2026-07-15T16:17:46	true
sem	393	2				2026-07-15T16:17:46	true
sem	394	1	12009	Estrada do Bongi		2026-07-13T18:09:52	
sem	394	2				2026-07-15T16:17:46	true
sem	395	1				2026-07-15T16:17:46	true
sem	395	2				2026-07-15T16:17:46	true
sem	396	1				2026-07-15T16:17:46	true
sem	396	2	43451	Avenida Marechal Mascarenhas de Moraes		2026-07-15T14:25:36	
sem	397	1				2026-07-15T16:17:46	true
sem	398	1				2026-07-15T16:17:46	true
sem	399	1				2026-07-15T14:39:00	true
sem	399	2				2026-07-15T16:17:46	true
sem	4	1				2026-07-15T16:17:46	true
sem	4	2				2026-07-15T16:17:46	true
sem	40	2				2026-07-15T14:35:01	true
sem	400	1				2026-07-15T16:17:46	true
sem	401	1				2026-07-15T16:17:46	true
sem	402	1				2026-07-15T14:37:51	true
sem	402	2	35106	Rua Jorge de Lima		2026-07-15T16:03:13	
sem	403	1				2026-07-15T14:37:51	true
sem	404	1	8222	Estrada do Arraial		2026-07-15T16:16:30	
sem	404	2				2026-07-15T16:17:46	true
sem	405	1				2026-07-15T16:17:46	true
sem	405	2				2026-07-15T16:17:46	true
sem	406	1				2026-07-15T16:17:46	true
sem	407	1				2026-07-15T16:17:46	true
sem	408	1				2026-07-15T16:17:46	true
sem	409	1				2026-07-15T16:17:46	true
sem	41	1				2026-07-15T16:17:46	true
sem	41	2				2026-07-15T16:17:46	true
sem	410	1				2026-07-15T16:17:46	true
sem	411	1				2026-07-15T16:17:46	true
sem	412	1				2026-07-15T16:17:46	true
sem	412	2				2026-07-15T16:17:46	true
sem	413	1				2026-07-15T16:17:46	true
sem	414	1				2026-07-15T16:17:46	true
sem	415	1				2026-07-15T16:17:46	true
sem	415	2				2026-07-15T16:17:46	true
sem	416	1				2026-07-15T14:36:00	true
sem	417	1				2026-07-15T16:17:46	true
sem	418	2				2026-07-15T14:35:01	true
sem	419	1				2026-07-15T16:17:46	true
sem	419	2				2026-07-15T16:17:46	true
sem	42	1				2026-07-15T16:17:46	true
sem	42	2				2026-07-15T16:17:46	true
sem	420	1				2026-07-15T16:17:46	true
sem	420	2	53317	Rua Sá e Souza		2026-07-15T15:57:30	
sem	421	1	8222	Estrada do Arraial		2026-07-15T16:16:30	
sem	421	2				2026-07-15T16:17:46	true
sem	422	1				2026-07-15T16:17:46	true
sem	422	2	46949	Rua Treze de Março		2026-07-15T16:14:15	
sem	423	1				2026-07-15T16:17:46	true
sem	423	2				2026-07-15T16:17:46	true
sem	424	1				2026-07-15T16:17:46	true
sem	424	2				2026-07-15T16:17:46	true
sem	425	1				2026-07-15T16:17:46	true
sem	426	1				2026-07-15T16:17:46	true
sem	426	2				2026-07-15T16:17:46	true
sem	427	1				2026-07-15T16:17:46	true
sem	427	2				2026-07-15T16:17:46	true
sem	428	1	61492	Rua Treze de Maio		2026-07-15T16:17:37	
sem	428	2				2026-07-15T16:17:46	true
sem	429	1				2026-07-15T16:17:46	true
sem	429	2				2026-07-15T16:17:46	true
sem	43	1				2026-07-15T16:17:46	true
sem	43	2				2026-07-15T16:17:46	true
sem	430	1				2026-07-15T16:17:46	true
sem	430	2				2026-07-15T14:39:00	true
sem	431	1	2135	Rua Alegre		2026-07-15T16:12:39	
sem	431	2				2026-07-15T16:17:46	true
sem	432	1				2026-07-15T16:17:46	true
sem	433	1	32972	Rua Visconde de Jequitinhonha		2026-07-13T18:01:52	
sem	433	2				2026-07-15T16:17:46	true
sem	434	1				2026-07-15T16:17:46	true
sem	434	2				2026-07-15T16:17:46	true
sem	435	1				2026-07-15T16:17:46	true
sem	435	2				2026-07-15T16:17:46	true
sem	436	1				2026-07-15T16:17:46	true
sem	436	2				2026-07-15T16:17:46	true
sem	437	1	19453	Rua Dez de Julho		2026-07-15T16:17:23	
sem	437	2				2026-07-15T14:35:49	true
sem	438	1				2026-07-15T16:17:46	true
sem	439	1	43451	Avenida Marechal Mascarenhas de Moraes		2026-07-15T14:25:36	
sem	44	1				2026-07-15T16:17:46	true
sem	44	2				2026-07-15T16:17:46	true
sem	440	1				2026-07-15T16:17:46	true
sem	440	2				2026-07-15T16:17:46	true
sem	441	1				2026-07-15T16:17:46	true
sem	441	2				2026-07-15T16:17:46	true
sem	442	1				2026-07-15T14:34:53	true
sem	442	2				2026-07-15T14:37:12	true
sem	443	1	32972	Rua Visconde de Jequitinhonha		2026-07-13T18:01:52	
sem	443	2				2026-07-15T14:39:00	true
sem	444	1				2026-07-15T16:17:46	true
sem	444	2				2026-07-15T16:17:46	true
sem	445	1				2026-07-15T16:17:46	true
sem	445	2				2026-07-15T16:17:46	true
sem	446	1	8222	Estrada do Arraial		2026-07-15T16:16:30	
sem	447	1				2026-07-15T16:17:46	true
sem	447	2				2026-07-15T16:17:46	true
sem	448	1				2026-07-15T16:17:46	true
sem	448	2				2026-07-15T16:17:46	true
sem	449	1				2026-07-15T16:17:46	true
sem	449	2				2026-07-15T16:17:46	true
sem	45	1				2026-07-15T16:17:46	true
sem	45	2				2026-07-15T16:17:46	true
sem	450	1				2026-07-15T16:17:46	true
sem	450	2				2026-07-15T16:17:46	true
sem	451	1				2026-07-15T16:17:46	true
sem	451	2				2026-07-15T16:17:46	true
sem	452	1				2026-07-15T16:17:46	true
sem	453	1				2026-07-15T16:17:46	true
sem	454	1				2026-07-15T16:17:46	true
sem	455	1				2026-07-15T16:17:46	true
sem	456	1				2026-07-15T16:17:46	true
sem	456	2	53562	Rua Salvador de Sá		2026-07-15T15:57:59	
sem	457	1				2026-07-15T16:17:46	true
sem	457	2				2026-07-15T16:17:46	true
sem	458	1				2026-07-15T16:17:46	true
sem	458	2				2026-07-15T16:17:46	true
sem	459	1				2026-07-15T16:17:46	true
sem	459	2				2026-07-15T16:17:46	true
sem	46	1				2026-07-15T16:17:46	true
sem	46	2	73237	Rua Amélia		2026-07-15T16:12:17	
sem	460	1				2026-07-15T16:17:46	true
sem	460	2	38598	Rua Leonardo Bezerra Cavalcanti		2026-07-13T18:06:51	
sem	461	1				2026-07-15T16:17:46	true
sem	462	1				2026-07-15T16:17:46	true
sem	462	2				2026-07-15T16:17:46	true
sem	463	1				2026-07-15T16:17:46	true
sem	463	2				2026-07-15T16:17:46	true
sem	464	1				2026-07-15T16:17:46	true
sem	464	2				2026-07-15T16:17:46	true
sem	465	1				2026-07-15T16:17:46	true
sem	466	1				2026-07-15T16:17:46	true
sem	467	1				2026-07-15T16:17:46	true
sem	468	1				2026-07-15T16:17:46	true
sem	469	1				2026-07-15T16:17:46	true
sem	469	2				2026-07-15T16:17:46	true
sem	47	1				2026-07-15T16:17:46	true
sem	47	2	53996	Avenida Santos Dumont		2026-07-15T16:15:53	
sem	470	1				2026-07-15T16:17:46	true
sem	471	1	43451	Avenida Marechal Mascarenhas de Moraes		2026-07-15T14:25:36	
sem	471	2				2026-07-15T16:17:46	true
sem	472	1				2026-07-15T16:17:46	true
sem	472	2				2026-07-15T16:17:46	true
sem	473	1	67369	Ponte Giratória		2026-07-13T18:11:31	
sem	473	2				2026-07-15T16:17:46	true
sem	474	1				2026-07-15T16:17:46	true
sem	475	1				2026-07-15T16:17:46	true
sem	475	2	57720	Rua Rio Chuy		2026-07-13T18:03:46	
sem	476	1				2026-07-15T16:17:46	true
sem	476	2				2026-07-15T14:37:51	true
sem	477	1				2026-07-15T16:17:46	true
sem	477	2				2026-07-15T16:17:46	true
sem	478	1				2026-07-15T16:17:46	true
sem	478	2				2026-07-15T16:17:46	true
sem	479	1				2026-07-15T16:17:46	true
sem	479	2	25119	Rua Francisco Barreto		2026-07-15T16:04:49	
sem	48	1				2026-07-15T16:17:46	true
sem	48	2	73237	Rua Amélia		2026-07-15T16:12:17	
sem	480	1				2026-07-15T16:17:46	true
sem	481	1	43621	Avenida Sport Clube do Recife		2026-07-13T18:03:10	
sem	481	2	10901	Rua Professor Benedito Monteiro		2026-07-13T18:04:30	
sem	482	1	24988	Estrada do Forte do Arraial Novo do Bom Jesus		2026-07-13T18:01:02	
sem	483	1				2026-07-15T16:17:46	true
sem	483	2				2026-07-15T16:17:46	true
sem	484	1				2026-07-15T16:17:46	true
sem	484	2				2026-07-15T16:17:46	true
sem	485	1	38598	Rua Leonardo Bezerra Cavalcanti		2026-07-13T18:06:51	
sem	485	2				2026-07-15T16:17:46	true
sem	486	1				2026-07-15T16:17:46	true
sem	486	2				2026-07-15T16:17:46	true
sem	487	1				2026-07-15T16:17:46	true
sem	487	2				2026-07-15T16:17:46	true
sem	489	1				2026-07-15T16:17:46	true
sem	489	2				2026-07-15T16:17:46	true
sem	49	1				2026-07-15T16:17:46	true
sem	49	2				2026-07-15T16:17:46	true
sem	490	1				2026-07-15T14:37:29	true
sem	490	2				2026-07-15T16:17:46	true
sem	491	1				2026-07-15T16:17:46	true
sem	492	1				2026-07-15T16:17:46	true
sem	492	2				2026-07-15T16:17:46	true
sem	493	1				2026-07-15T16:17:46	true
sem	494	1				2026-07-15T16:17:46	true
sem	494	2	27464	Avenida Capitão Gregório de Caldas		2026-07-15T14:40:00	
sem	495	1				2026-07-15T16:17:46	true
sem	495	2				2026-07-15T16:17:46	true
sem	496	1				2026-07-15T16:17:46	true
sem	496	2				2026-07-15T16:17:46	true
sem	497	1				2026-07-15T16:17:46	true
sem	498	1				2026-07-15T16:17:46	true
sem	498	2				2026-07-15T16:17:46	true
sem	499	1				2026-07-15T16:17:46	true
sem	499	2	60593	Rua Padre Teófilo Tworz		2026-07-13T18:04:39	
sem	5	1				2026-07-15T16:17:46	true
sem	5	2				2026-07-15T16:17:46	true
sem	50	1				2026-07-15T16:17:46	true
sem	50	2	1880	Avenida Visconde de Albuquerque		2026-07-13T18:02:42	
sem	500	1				2026-07-15T14:36:00	true
sem	500	2				2026-07-15T16:17:46	true
sem	501	1	43451	Avenida Marechal Mascarenhas de Moraes		2026-07-15T14:25:36	
sem	502	1	43451	Avenida Marechal Mascarenhas de Moraes		2026-07-15T14:25:36	
sem	502	2				2026-07-15T16:17:46	true
sem	503	1				2026-07-15T16:17:46	true
sem	504	1				2026-07-15T16:17:46	true
sem	504	2				2026-07-15T16:17:46	true
sem	505	1				2026-07-15T16:17:46	true
sem	505	2				2026-07-15T16:17:46	true
sem	506	1				2026-07-15T16:17:46	true
sem	507	1				2026-07-15T16:17:46	true
sem	507	2				2026-07-15T16:17:46	true
sem	508	1				2026-07-15T16:17:46	true
sem	509	1				2026-07-15T16:17:46	true
sem	509	2				2026-07-15T16:17:46	true
sem	51	1				2026-07-15T16:17:46	true
sem	51	2				2026-07-15T16:17:46	true
sem	510	1				2026-07-15T16:17:46	true
sem	510	2				2026-07-15T16:17:46	true
sem	511	1				2026-07-15T16:17:46	true
sem	511	2	9326	Travessa Padre Azevedo		2026-07-15T15:56:17	
sem	512	1				2026-07-15T16:17:46	true
sem	512	2				2026-07-15T16:17:46	true
sem	513	1	60801	Rua Conselheiro Theodoro		2026-07-13T18:21:05	
sem	513	2	61182	Rua Tomaz Gonzaga		2026-07-13T18:02:19	
sem	514	1				2026-07-15T16:17:46	true
sem	515	1				2026-07-15T16:17:46	true
sem	517	1				2026-07-15T16:17:46	true
sem	518	1				2026-07-15T16:17:46	true
sem	518	2				2026-07-15T16:17:46	true
sem	519	1				2026-07-15T16:17:46	true
sem	52	1				2026-07-15T16:17:46	true
sem	52	2				2026-07-15T16:17:46	true
sem	520	1				2026-07-15T16:17:46	true
sem	520	2				2026-07-15T16:17:46	true
sem	521	1				2026-07-15T16:17:46	true
sem	521	2				2026-07-15T16:17:46	true
sem	522	1				2026-07-15T14:37:35	true
sem	522	2				2026-07-15T16:17:46	true
sem	523	1				2026-07-15T16:17:46	true
sem	524	1				2026-07-15T16:17:46	true
sem	524	2				2026-07-15T16:17:46	true
sem	525	1				2026-07-15T16:17:46	true
sem	525	2	61409	Rua Três de Agosto		2026-07-15T16:12:58	
sem	526	1				2026-07-15T16:17:46	true
sem	526	2				2026-07-15T16:17:46	true
sem	527	1				2026-07-15T16:17:46	true
sem	527	2				2026-07-15T16:17:46	true
sem	528	1	93866	Rua da Paz		2026-07-15T15:59:26	
sem	528	2				2026-07-15T16:17:46	true
sem	529	1				2026-07-15T16:17:46	true
sem	53	1				2026-07-15T16:17:46	true
sem	53	2				2026-07-15T16:17:46	true
sem	530	1	43451	Avenida Marechal Mascarenhas de Moraes		2026-07-15T14:25:36	
sem	531	1	43451	Avenida Marechal Mascarenhas de Moraes		2026-07-15T14:25:36	
sem	531	2				2026-07-15T16:17:46	true
sem	532	1	43451	Avenida Marechal Mascarenhas de Moraes		2026-07-15T14:25:36	
sem	532	2				2026-07-15T14:39:00	true
sem	533	1				2026-07-15T16:17:46	true
sem	533	2				2026-07-15T16:17:46	true
sem	534	1	43451	Avenida Marechal Mascarenhas de Moraes		2026-07-15T14:25:36	
sem	534	2				2026-07-15T16:17:46	true
sem	535	1	6530	Rua de Apipucos		2026-07-13T18:00:29	
sem	536	1				2026-07-15T16:17:46	true
sem	536	2	299	Rua Abelardo Machado Botelho		2026-07-15T16:08:34	
sem	537	1				2026-07-15T16:17:46	true
sem	537	2				2026-07-15T16:17:46	true
sem	538	1	5770	Avenida  Antônio de Goes		2026-07-13T18:00:05	
sem	538	2				2026-07-15T16:17:46	true
sem	539	1				2026-07-15T16:17:46	true
sem	539	2	20303	Rua Dorothéia Vieira		2026-07-15T14:40:36	
sem	54	1				2026-07-15T16:17:46	true
sem	54	2	26182	Rua São João		2026-07-15T15:57:15	
sem	540	1	6530	Rua de Apipucos		2026-07-13T18:00:29	
sem	540	2				2026-07-15T14:35:49	true
sem	541	1				2026-07-15T16:17:46	true
sem	541	2	44261	Rua Dr Miguel Vieira Ferreira		2026-07-15T16:01:07	
sem	542	1				2026-07-15T16:17:46	true
sem	543	1	68012	Avenida Dom João VI		2026-07-13T18:07:33	
sem	543	2				2026-07-15T14:37:12	true
sem	544	1	23965	Rua Félix de Brito e Melo		2026-07-15T14:35:25	
sem	544	2				2026-07-15T16:17:46	true
sem	545	1				2026-07-15T16:17:46	true
sem	545	2	23965	Rua Félix de Brito e Melo		2026-07-15T14:35:25	
sem	546	1				2026-07-15T16:17:46	true
sem	546	2	23965	Rua Félix de Brito e Melo		2026-07-15T14:35:25	
sem	547	1				2026-07-15T16:17:46	true
sem	547	2	23965	Rua Félix de Brito e Melo		2026-07-15T14:35:25	
sem	548	1				2026-07-15T16:17:46	true
sem	548	2				2026-07-15T16:17:46	true
sem	549	1				2026-07-15T16:17:46	true
sem	549	2				2026-07-15T16:17:46	true
sem	55	1				2026-07-15T16:17:46	true
sem	55	2				2026-07-15T16:17:46	true
sem	550	1				2026-07-15T16:17:46	true
sem	550	2				2026-07-15T16:17:46	true
sem	551	1	23965	Rua Félix de Brito e Melo		2026-07-15T14:35:25	
sem	551	2				2026-07-15T16:17:46	true
sem	553	1				2026-07-15T16:17:46	true
sem	553	2				2026-07-15T16:17:46	true
sem	554	1				2026-07-15T16:17:46	true
sem	554	2				2026-07-15T16:17:46	true
sem	555	1				2026-07-15T16:17:46	true
sem	555	2				2026-07-15T16:17:46	true
sem	556	1				2026-07-15T16:17:46	true
sem	556	2				2026-07-15T16:17:46	true
sem	557	1				2026-07-15T16:17:46	true
sem	557	2				2026-07-15T16:17:46	true
sem	558	1	27022	Rua Gomes Taborda		2026-07-15T16:04:11	
sem	559	1				2026-07-15T16:17:46	true
sem	559	2				2026-07-15T16:17:46	true
sem	56	1				2026-07-15T16:17:46	true
sem	56	2	49018	Rua Marquês do Paraná		2026-07-13T18:06:10	
sem	560	1				2026-07-15T16:17:46	true
sem	561	1				2026-07-15T16:17:46	true
sem	561	2				2026-07-15T16:17:46	true
sem	562	1				2026-07-15T16:17:46	true
sem	562	2	27294	Rua das Graças		2026-07-15T16:10:01	
sem	563	1				2026-07-15T14:39:00	true
sem	563	2				2026-07-15T16:17:46	true
sem	564	1				2026-07-15T16:17:46	true
sem	564	2				2026-07-15T16:17:46	true
sem	565	1				2026-07-15T16:17:46	true
sem	565	2	40550	Rua Dr Machado		2026-07-15T16:07:44	
sem	566	1				2026-07-15T16:17:46	true
sem	566	2	65609	Rua Waldemar Nery Carneiro Monteiro		2026-07-15T14:39:16	
sem	567	1				2026-07-15T14:37:51	true
sem	567	2				2026-07-15T16:17:46	true
sem	568	1				2026-07-15T16:17:46	true
sem	568	2				2026-07-15T16:17:46	true
sem	569	1				2026-07-15T16:17:46	true
sem	57	1				2026-07-15T16:17:46	true
sem	57	2				2026-07-15T16:17:46	true
sem	570	1	43451	Avenida Marechal Mascarenhas de Moraes		2026-07-15T14:25:36	
sem	571	1				2026-07-15T16:17:46	true
sem	572	1	19453	Rua Dez de Julho		2026-07-15T16:17:23	
sem	572	2	64823	Avenida Vinte de Janeiro		2026-07-15T16:13:34	
sem	573	1	19453	Rua Dez de Julho		2026-07-15T16:17:23	
sem	573	2				2026-07-15T16:17:46	true
sem	574	1				2026-07-15T16:17:46	true
sem	574	2	53317	Rua Sá e Souza		2026-07-15T15:57:30	
sem	575	1				2026-07-15T16:17:46	true
sem	575	2				2026-07-15T16:17:46	true
sem	576	1				2026-07-15T16:17:46	true
sem	576	2				2026-07-15T16:17:46	true
sem	577	1				2026-07-15T16:17:46	true
sem	577	2				2026-07-15T16:17:46	true
sem	578	1				2026-07-15T16:17:46	true
sem	578	2	27170	Rua do Progresso		2026-07-15T16:08:21	
sem	579	1				2026-07-15T16:17:46	true
sem	579	2				2026-07-15T16:17:46	true
sem	58	1				2026-07-15T16:17:46	true
sem	58	2				2026-07-15T16:17:46	true
sem	580	1				2026-07-15T16:17:46	true
sem	581	1				2026-07-15T16:17:46	true
sem	582	1				2026-07-15T16:17:46	true
sem	583	1				2026-07-15T16:17:46	true
sem	584	1				2026-07-15T16:17:46	true
sem	585	1				2026-07-15T16:17:46	true
sem	585	2				2026-07-15T14:39:00	true
sem	586	1				2026-07-15T16:17:46	true
sem	587	1				2026-07-15T16:17:46	true
sem	588	1				2026-07-15T16:17:46	true
sem	588	2				2026-07-15T16:17:46	true
sem	589	1				2026-07-15T16:17:46	true
sem	59	1				2026-07-15T16:17:46	true
sem	59	2				2026-07-15T16:17:46	true
sem	590	1				2026-07-15T16:17:46	true
sem	591	1				2026-07-15T16:17:46	true
sem	591	2	41793	Rua Manoel Moreira		2026-07-15T16:01:40	
sem	592	1				2026-07-15T16:17:46	true
sem	593	1				2026-07-15T16:17:46	true
sem	593	2				2026-07-15T16:17:46	true
sem	594	1				2026-07-15T16:17:46	true
sem	595	1				2026-07-15T16:17:46	true
sem	595	2				2026-07-15T14:34:53	true
sem	596	1				2026-07-15T16:17:46	true
sem	597	1				2026-07-15T16:17:46	true
sem	597	2				2026-07-15T16:17:46	true
sem	598	1				2026-07-15T16:17:46	true
sem	598	2				2026-07-15T16:17:46	true
sem	599	1				2026-07-15T16:17:46	true
sem	6	1				2026-07-15T16:17:46	true
sem	6	2				2026-07-15T16:17:46	true
sem	60	1	64378	Rua Dr Vicente Gomes		2026-07-15T14:40:10	
sem	60	2	55093	Rua Setubal		2026-07-15T15:57:43	
sem	600	1				2026-07-15T14:34:53	true
sem	600	2				2026-07-15T16:17:46	true
sem	601	1				2026-07-15T16:17:46	true
sem	601	2				2026-07-15T16:17:46	true
sem	602	1	38482	Rua Padre Lemos		2026-07-15T15:59:19	
sem	602	2				2026-07-15T16:17:46	true
sem	603	1				2026-07-15T16:17:46	true
sem	604	1				2026-07-15T16:17:46	true
sem	605	1				2026-07-15T16:17:46	true
sem	606	1				2026-07-15T16:17:46	true
sem	607	1				2026-07-15T16:17:46	true
sem	608	1				2026-07-15T16:17:46	true
sem	609	1				2026-07-15T16:17:46	true
sem	61	1	8222	Estrada do Arraial		2026-07-15T16:16:30	
sem	61	2				2026-07-15T16:17:46	true
sem	610	1				2026-07-15T16:17:46	true
sem	611	1	20060	Rua Vinte e Um de Abril		2026-07-15T16:13:11	
sem	612	1				2026-07-15T16:17:46	true
sem	613	1				2026-07-15T14:37:12	true
sem	614	1				2026-07-15T16:17:46	true
sem	614	2				2026-07-15T16:17:46	true
sem	615	1				2026-07-15T16:17:46	true
sem	616	1				2026-07-15T16:17:46	true
sem	617	1				2026-07-15T16:17:46	true
sem	618	1				2026-07-15T16:17:46	true
sem	619	1				2026-07-15T16:17:46	true
sem	62	1				2026-07-15T16:17:46	true
sem	62	2				2026-07-15T16:17:46	true
sem	620	1				2026-07-15T16:17:46	true
sem	620	2				2026-07-15T16:17:46	true
sem	621	1				2026-07-15T16:17:46	true
sem	622	1				2026-07-15T16:17:46	true
sem	623	1				2026-07-15T16:17:46	true
sem	623	2				2026-07-15T16:17:46	true
sem	624	1				2026-07-15T14:36:24	true
sem	625	1	43451	Avenida Marechal Mascarenhas de Moraes		2026-07-15T14:25:36	
sem	626	1	43451	Avenida Marechal Mascarenhas de Moraes		2026-07-15T14:25:36	
sem	627	1				2026-07-15T16:17:46	true
sem	628	1				2026-07-15T16:17:46	true
sem	628	2				2026-07-15T16:17:46	true
sem	629	1				2026-07-15T16:17:46	true
sem	629	2				2026-07-15T16:17:46	true
sem	63	1				2026-07-15T16:17:46	true
sem	63	2	43974	Rua Mem de Sá		2026-07-13T18:05:39	
sem	630	1				2026-07-15T16:17:46	true
sem	630	2				2026-07-15T16:17:46	true
sem	631	1	43451	Avenida Marechal Mascarenhas de Moraes		2026-07-15T14:25:36	
sem	631	2	46566	Rua Noruega		2026-07-15T16:00:38	
sem	632	1				2026-07-15T16:17:46	true
sem	633	1				2026-07-15T16:17:46	true
sem	633	2				2026-07-15T14:34:53	true
sem	634	1				2026-07-15T16:17:46	true
sem	634	2				2026-07-15T16:17:46	true
sem	635	1				2026-07-15T16:17:46	true
sem	636	1				2026-07-15T16:17:46	true
sem	636	2				2026-07-15T16:17:46	true
sem	637	1				2026-07-15T16:17:46	true
sem	638	1				2026-07-15T16:17:46	true
sem	638	2	59013	Rua Rodrigues Ferreira		2026-07-15T15:58:13	
sem	639	1				2026-07-15T16:17:46	true
sem	64	1				2026-07-15T16:17:46	true
sem	64	2				2026-07-15T16:17:46	true
sem	640	1				2026-07-15T16:17:46	true
sem	640	2				2026-07-15T14:34:53	true
sem	641	1				2026-07-15T16:17:46	true
sem	642	1				2026-07-15T16:17:46	true
sem	643	1				2026-07-15T16:17:46	true
sem	643	2				2026-07-15T16:17:46	true
sem	644	1				2026-07-15T16:17:46	true
sem	644	2	64823	Avenida Vinte de Janeiro		2026-07-15T16:13:34	
sem	645	1				2026-07-15T16:17:46	true
sem	646	1				2026-07-15T16:17:46	true
sem	646	2				2026-07-15T16:17:46	true
sem	647	1	8222	Estrada do Arraial		2026-07-15T16:16:30	
sem	648	1				2026-07-15T16:17:46	true
sem	648	2				2026-07-15T16:17:46	true
sem	649	1				2026-07-15T16:17:46	true
sem	649	2				2026-07-15T16:17:46	true
sem	65	1				2026-07-15T16:17:46	true
sem	65	2				2026-07-15T16:17:46	true
sem	650	1				2026-07-15T16:17:46	true
sem	651	1				2026-07-15T16:17:46	true
sem	651	2				2026-07-15T14:37:12	true
sem	652	1				2026-07-15T16:17:46	true
sem	652	2	43729	Rua Mauricéia		2026-07-13T18:05:48	
sem	653	1				2026-07-15T16:17:46	true
sem	653	2	39063	Avenida Lins Petit		2026-07-13T18:06:21	
sem	654	1				2026-07-15T16:17:46	true
sem	654	2				2026-07-15T16:17:46	true
sem	655	1				2026-07-15T16:17:46	true
sem	655	2				2026-07-15T16:17:46	true
sem	656	1				2026-07-15T16:17:46	true
sem	656	2	29238	Rua da Hora		2026-07-15T16:10:24	
sem	657	1				2026-07-15T16:17:46	true
sem	657	2				2026-07-15T16:17:46	true
sem	658	1	57142	Avenida Consul Joseph Noujaim		2026-07-13T18:09:25	
sem	658	2				2026-07-15T16:17:46	true
sem	659	1				2026-07-15T16:17:46	true
sem	659	2	57142	Avenida Consul Joseph Noujaim		2026-07-13T18:09:25	
sem	66	1				2026-07-15T16:17:46	true
sem	66	2				2026-07-15T16:17:46	true
sem	660	1				2026-07-15T16:17:46	true
sem	660	2				2026-07-15T16:17:46	true
sem	661	1				2026-07-15T16:17:46	true
sem	661	2	54232	Avenida Saturnino de Brito		2026-07-13T18:10:40	
sem	662	1	54232	Avenida Saturnino de Brito		2026-07-13T18:10:40	
sem	663	1				2026-07-15T16:17:46	true
sem	663	2				2026-07-15T16:17:46	true
sem	664	1				2026-07-15T16:17:46	true
sem	664	2	8346	Rua Artur  Azevedo		2026-07-13T18:12:56	
sem	665	1				2026-07-15T16:17:46	true
sem	665	2				2026-07-15T16:17:46	true
sem	666	1				2026-07-15T16:17:46	true
sem	666	2	36668	Rua José de Sá Carneiro		2026-07-15T16:02:52	
sem	667	1				2026-07-15T16:17:46	true
sem	668	1				2026-07-15T16:17:46	true
sem	669	1				2026-07-15T16:17:46	true
sem	669	2				2026-07-15T16:17:46	true
sem	67	1				2026-07-15T16:17:46	true
sem	67	2	27022	Rua Gomes Taborda		2026-07-15T16:04:11	
sem	670	1				2026-07-15T16:17:46	true
sem	670	2				2026-07-15T16:17:46	true
sem	671	1				2026-07-15T16:17:46	true
sem	671	2				2026-07-15T16:17:46	true
sem	672	1				2026-07-15T16:17:46	true
sem	672	2				2026-07-15T14:35:49	true
sem	673	1				2026-07-15T16:17:46	true
sem	674	1				2026-07-15T16:17:46	true
sem	674	2				2026-07-15T14:39:00	true
sem	675	1	73237	Rua Amélia		2026-07-15T16:12:17	
sem	675	2				2026-07-15T16:17:46	true
sem	676	1				2026-07-15T16:17:46	true
sem	676	2				2026-07-15T16:17:46	true
sem	677	1				2026-07-15T16:17:46	true
sem	677	2				2026-07-15T14:39:00	true
sem	678	1				2026-07-15T14:35:01	true
sem	679	1				2026-07-15T16:17:46	true
sem	679	2				2026-07-15T16:17:46	true
sem	68	1				2026-07-15T16:17:46	true
sem	68	2				2026-07-15T16:17:46	true
sem	680	1				2026-07-15T16:17:46	true
sem	681	1				2026-07-15T16:17:46	true
sem	681	2				2026-07-15T16:17:46	true
sem	682	1				2026-07-15T16:17:46	true
sem	682	2				2026-07-15T16:17:46	true
sem	683	1				2026-07-15T16:17:46	true
sem	684	1				2026-07-15T16:17:46	true
sem	685	1				2026-07-15T16:17:46	true
sem	686	1				2026-07-15T16:17:46	true
sem	686	2				2026-07-15T16:17:46	true
sem	687	1				2026-07-15T16:17:46	true
sem	688	1				2026-07-15T16:17:46	true
sem	689	1				2026-07-15T16:17:46	true
sem	689	2				2026-07-15T16:17:46	true
sem	69	1				2026-07-15T16:17:46	true
sem	69	2				2026-07-15T16:17:46	true
sem	690	1				2026-07-15T16:17:46	true
sem	691	1				2026-07-15T16:17:46	true
sem	692	1				2026-07-15T16:17:46	true
sem	693	1				2026-07-15T16:17:46	true
sem	694	1	59080	Rua Padre Roma		2026-07-15T15:59:09	
sem	694	2	61069	Rua Tito Rosas		2026-07-13T18:03:00	
sem	695	1	59080	Rua Padre Roma		2026-07-15T15:59:09	
sem	695	2				2026-07-15T16:17:46	true
sem	696	1				2026-07-15T16:17:46	true
sem	696	2				2026-07-15T16:17:46	true
sem	697	1				2026-07-15T16:17:46	true
sem	697	2				2026-07-15T16:17:46	true
sem	698	1				2026-07-15T16:17:46	true
sem	698	2				2026-07-15T16:17:46	true
sem	699	1				2026-07-15T16:17:46	true
sem	699	2				2026-07-15T16:17:46	true
sem	7	1	43451	Avenida Marechal Mascarenhas de Moraes		2026-07-15T14:25:36	
sem	7	2				2026-07-15T16:17:46	true
sem	70	1				2026-07-15T16:17:46	true
sem	70	2				2026-07-15T16:17:46	true
sem	700	1				2026-07-15T16:17:46	true
sem	701	1				2026-07-15T16:17:46	true
sem	702	1				2026-07-15T16:17:46	true
sem	702	2				2026-07-15T16:17:46	true
sem	703	1	57142	Avenida Consul Joseph Noujaim		2026-07-13T18:09:25	
sem	703	2				2026-07-15T16:17:46	true
sem	704	1				2026-07-15T16:17:46	true
sem	704	2				2026-07-15T16:17:46	true
sem	705	1				2026-07-15T16:17:46	true
sem	705	2				2026-07-15T14:39:00	true
sem	706	1				2026-07-15T16:17:46	true
sem	707	1				2026-07-15T16:17:46	true
sem	707	2				2026-07-15T16:17:46	true
sem	708	1				2026-07-15T16:17:46	true
sem	709	1				2026-07-15T16:17:46	true
sem	709	2				2026-07-15T16:17:46	true
sem	71	1				2026-07-15T16:17:46	true
sem	71	2				2026-07-15T16:17:46	true
sem	710	1				2026-07-15T16:17:46	true
sem	711	1				2026-07-15T16:17:46	true
sem	711	2				2026-07-15T16:17:46	true
sem	712	1				2026-07-15T14:36:58	true
sem	72	1				2026-07-15T16:17:46	true
sem	73	1				2026-07-15T16:17:46	true
sem	73	2				2026-07-15T16:17:46	true
sem	74	1	8222	Estrada do Arraial		2026-07-15T16:16:30	
sem	74	2				2026-07-15T16:17:46	true
sem	75	1				2026-07-15T16:17:46	true
sem	75	2				2026-07-15T14:33:43	true
sem	76	1				2026-07-15T16:17:46	true
sem	77	1				2026-07-15T16:17:46	true
sem	78	1				2026-07-15T16:17:46	true
sem	78	2				2026-07-15T16:17:46	true
sem	79	1				2026-07-15T16:17:46	true
sem	79	2	10260	Córrego do Bartolomeu		2026-07-13T18:24:13	
sem	8	1				2026-07-15T16:17:46	true
sem	8	2				2026-07-15T16:17:46	true
sem	80	1				2026-07-15T16:17:46	true
sem	80	2				2026-07-15T16:17:46	true
sem	81	1				2026-07-15T16:17:46	true
sem	81	2	53996	Avenida Santos Dumont		2026-07-15T16:15:53	
sem	82	1				2026-07-15T16:17:46	true
sem	82	2				2026-07-15T16:17:46	true
sem	83	1				2026-07-15T16:17:46	true
sem	83	2				2026-07-15T16:17:46	true
sem	84	1				2026-07-15T16:17:46	true
sem	84	2				2026-07-15T16:17:46	true
sem	85	1				2026-07-15T16:17:46	true
sem	85	2				2026-07-15T16:17:46	true
sem	86	1				2026-07-15T16:17:46	true
sem	86	2				2026-07-15T16:17:46	true
sem	87	1				2026-07-15T16:17:46	true
sem	87	2	98779	Rua São Lourenço da Mata		2026-07-15T16:01:59	
sem	88	1				2026-07-15T16:17:46	true
sem	88	2	54283	Rua N s da Saúde		2026-07-13T18:05:19	
sem	89	1				2026-07-15T16:17:46	true
sem	89	2				2026-07-15T16:17:46	true
sem	9	1				2026-07-15T16:17:46	true
sem	90	1				2026-07-15T16:17:46	true
sem	90	2				2026-07-15T16:17:46	true
sem	91	1				2026-07-15T16:17:46	true
sem	92	1				2026-07-15T16:17:46	true
sem	92	2				2026-07-15T16:17:46	true
sem	93	1				2026-07-15T16:17:46	true
sem	93	2				2026-07-15T16:17:46	true
sem	94	1				2026-07-15T16:17:46	true
sem	94	2				2026-07-15T16:17:46	true
sem	95	1				2026-07-15T16:17:46	true
sem	95	2				2026-07-15T16:17:46	true
sem	96	1				2026-07-15T16:17:46	true
sem	96	2				2026-07-15T16:17:46	true
sem	97	1				2026-07-15T16:17:46	true
sem	98	1	53996	Avenida Santos Dumont		2026-07-15T16:15:53	
sem	98	2				2026-07-15T16:17:46	true
sem	99	1				2026-07-15T14:37:35	true
sem	99	2				2026-07-15T16:17:46	true
