id,status_type,status_value,length,city_id,osm_id,name,pdc_typology,cycleway_typology
1,pdc_nao_realizado,0.2155060153630435,0.2155060153630435,2606804,way/128412172,Avenida Mário Melo,Ciclovia,none
2,pdc_nao_realizado,0.08644725283308578,0.08644725283308578,2607752,way/147176468,Avenida João Pessoa,Ciclovia,none
3,pdc_nao_realizado,0.566735393024224,0.566735393024224,2607752,way/185930103,Rua Frei Serafim,Ciclovia,none
4,pdc_nao_realizado,0.15714248957717458,0.15714248957717458,2607604,way/244966893,PE-035,Ciclovia,none
5,pdc_nao_realizado,2.824274019587135,2.824274019587135,2607604,way/244966894,Avenida Senador Paulo Pessoa Guerra,Ciclovia,none
6,pdc_nao_realizado,1.641220521808166,1.641220521808166,2606804,way/306781401,Avenida Mário Melo,Ciclovia,none
7,pdc_nao_realizado,0.07891171465223502,0.07891171465223502,2607752,way/400067614,PE-035,Ciclovia,none
8,pdc_nao_realizado,0.05941230327978588,0.05941230327978588,2607752,way/456679901,,Ciclovia,none
9,pdc_nao_realizado,0.39371974883099736,0.39371974883099736,2607752,way/538766191,Ponte Presidente Vargas,Ciclovia,none
10,pdc_nao_realizado,0.5662072674717903,0.5662072674717903,2607604,way/561829011,PE-035,Ciclovia,none
11,pdc_nao_realizado,0.01742374671597437,0.01742374671597437,2607752,way/561829012,PE-035,Ciclovia,none
12,pdc_nao_realizado,0.5455889871753941,0.5455889871753941,2607604,way/561835014,PE-035,Ciclovia,none
13,pdc_nao_realizado,0.19629588764294584,0.19629588764294584,2607604,way/561835033,PE-035,Ciclovia,none
14,pdc_nao_realizado,0.20009316255524318,0.20009316255524318,2607604,way/561838233,PE-035,Ciclovia,none
15,pdc_nao_realizado,0.031855327122454674,0.031855327122454674,2607604,way/561838234,PE-035,Ciclovia,none
16,pdc_nao_realizado,0.1035400561463156,0.1035400561463156,2607604,way/561841585,PE-035,Ciclovia,none
17,pdc_nao_realizado,0.024394562300116916,0.024394562300116916,2607604,way/561841586,PE-035,Ciclovia,none
18,pdc_nao_realizado,0.2739112398505849,0.2739112398505849,2607604,way/561841587,PE-035,Ciclovia,none
19,pdc_nao_realizado,0.06484904940294016,0.06484904940294016,2607604,way/561841590,PE-035,Ciclovia,none
20,pdc_nao_realizado,0.08111821871400951,0.08111821871400951,2607604,way/561841591,PE-035,Ciclovia,none
21,pdc_nao_realizado,0.19885651981003188,0.19885651981003188,2607604,way/561841595,PE-035,Ciclovia,none
22,pdc_nao_realizado,0.21346522216037309,0.21346522216037309,2607604,way/561841596,PE-035,Ciclovia,none
23,pdc_nao_realizado,0.06190391974867436,0.06190391974867436,2607604,way/561841597,PE-035,Ciclovia,none
24,pdc_nao_realizado,0.23389513471804615,0.23389513471804615,2607604,way/561841598,PE-035,Ciclovia,none
25,pdc_nao_realizado,0.02650796919424343,0.02650796919424343,2607604,way/561841611,PE-035,Ciclovia,none
26,pdc_nao_realizado,0.291427820395486,0.291427820395486,2607604,way/561841612,PE-035,Ciclovia,none
27,pdc_nao_realizado,0.017682244405458538,0.017682244405458538,2607604,way/562518663,PE-035,Ciclovia,none
28,pdc_nao_realizado,0.0513314628342079,0.0513314628342079,2607604,way/570558224,PE-035,Ciclovia,none
29,pdc_nao_realizado,0.13272519824220974,0.13272519824220974,2607604,way/570558234,PE-035,Ciclovia,none
30,pdc_nao_realizado,0.03670901267216604,0.03670901267216604,2607604,way/570558241,PE-035,Ciclovia,none
31,pdc_nao_realizado,0.03150261603408857,0.03150261603408857,2607604,way/570558277,PE-035,Ciclovia,none
32,pdc_nao_realizado,0.06634378559027043,0.06634378559027043,2607604,way/570558280,PE-035,Ciclovia,none
33,pdc_nao_realizado,0.08990143029511136,0.08990143029511136,2607752,way/589902511,Rua Frei Serafim,Ciclovia,none
34,pdc_nao_realizado,0.21275729105895688,0.21275729105895688,2607604,way/609841223,,Ciclovia,none
35,pdc_nao_realizado,0.06714635851153702,0.06714635851153702,2607604,way/609841226,PE-035,Ciclovia,none
36,pdc_nao_realizado,0.060587740173732994,0.060587740173732994,2607604,way/609841227,PE-035,Ciclovia,none
37,pdc_nao_realizado,0.5402879038299974,0.5402879038299974,2607752,way/610283890,PE-035,Ciclovia,none
38,pdc_nao_realizado,0.1786812998769843,0.1786812998769843,2607752,way/610283892,PE-035,Ciclovia,none
39,pdc_nao_realizado,0.21356533860765028,0.21356533860765028,2607752,way/610283893,PE-035,Ciclovia,none
40,pdc_nao_realizado,0.21771135727104693,0.21771135727104693,2607752,way/610283894,Rua Frei Serafim,Ciclovia,none
41,pdc_nao_realizado,0.23057262767482234,0.23057262767482234,2607752,way/610283895,Avenida João Pessoa,Ciclovia,none
42,pdc_nao_realizado,0.22279049605848056,0.22279049605848056,2606804,way/628605085,Avenida Mário Melo,Ciclovia,none
43,pdc_nao_realizado,0.01263945619801653,0.01263945619801653,2607752,way/742678671,PE-035,Ciclovia,none
44,pdc_nao_realizado,0.17042552093407226,0.17042552093407226,2607752,way/742678672,Rua Frei Serafim,Ciclovia,none
45,pdc_nao_realizado,0.04475945191103556,0.04475945191103556,2607752,way/742681480,Rua Frei Serafim,Ciclovia,none
46,pdc_nao_realizado,0.048282382208645745,0.048282382208645745,2607752,way/742697297,Avenida João Pessoa,Ciclovia,none
47,pdc_nao_realizado,0.1171971273537308,0.1171971273537308,2607752,way/742702364,Avenida João Pessoa,Ciclovia,none
48,pdc_nao_realizado,2.1182548436072293,2.1182548436072293,2607752,way/743244396,Avenida Mário Melo,Ciclovia,none
49,pdc_nao_realizado,0.15910670367826624,0.15910670367826624,2602902,way/791161156,,Ciclovia,none
50,pdc_nao_realizado,0.5799414432241757,0.5799414432241757,2606804,way/858242726,Avenida Mário Melo,Ciclovia,none
51,pdc_nao_realizado,0.1133639618527581,0.1133639618527581,2606804,way/908946590,Avenida Mário Melo,Ciclovia,none
52,pdc_nao_realizado,0.10769318627110874,0.10769318627110874,2606804,way/933046312,,Ciclovia,none
53,pdc_nao_realizado,0.09639407607377909,0.09639407607377909,2606804,way/1022851414,Avenida Mário Melo,Ciclovia,none
54,pdc_nao_realizado,0.03169393140644177,0.03169393140644177,2606804,way/1022851415,Avenida Mário Melo,Ciclovia,none
55,pdc_nao_realizado,0.1596176084134458,0.1596176084134458,2610707,way/29464277,,Ciclovia,none
56,pdc_nao_realizado,0.025064205273972927,0.025064205273972927,2611606,way/30811035,Rodovia Governador Mário Covas,Ciclovia,none
57,pdc_nao_realizado,0.15409667117425255,0.15409667117425255,2611606,way/30811095,Rodovia Governador Mário Covas,Ciclovia,none
58,pdc_nao_realizado,0.046055732203620234,0.046055732203620234,2611606,way/30811108,Rodovia Governador Mário Covas,Ciclovia,none
59,pdc_nao_realizado,0.03521142771392042,0.03521142771392042,2611606,way/30811833,Rodovia Governador Mário Covas,Ciclovia,none
60,pdc_nao_realizado,0.03896696859030121,0.03896696859030121,2611606,way/30811834,Rodovia Governador Mário Covas,Ciclovia,none
61,pdc_nao_realizado,0.040586846603856794,0.040586846603856794,2611606,way/30811835,Rodovia Governador Mário Covas,Ciclovia,none
62,pdc_nao_realizado,0.11885130910576265,0.11885130910576265,2611606,way/30811836,Rodovia Governador Mário Covas,Ciclovia,none
63,pdc_nao_realizado,0.21498180599824956,0.21498180599824956,2611606,way/30811884,Rodovia Governador Mário Covas,Ciclovia,none
64,pdc_nao_realizado,0.024042367081674704,0.024042367081674704,2611606,way/30811885,Rodovia Governador Mário Covas,Ciclovia,none
65,pdc_nao_realizado,0.04585049311167435,0.04585049311167435,2611606,way/30811891,Rodovia Governador Mário Covas,Ciclovia,none
66,pdc_nao_realizado,0.053286068399898155,0.053286068399898155,2607901,way/30811901,Rodovia Governador Mário Covas,Ciclovia,none
67,pdc_nao_realizado,0.11674677189775388,0.11674677189775388,2607901,way/30811902,Rodovia Governador Mário Covas,Ciclovia,none
68,pdc_nao_realizado,0.0609014450960165,0.0609014450960165,2607901,way/30811903,Rodovia Governador Mário Covas,Ciclovia,none
69,pdc_nao_realizado,0.1452658194163384,0.1452658194163384,2611606,way/30812771,Rodovia Governador Mário Covas,Ciclovia,none
70,pdc_nao_realizado,0.08636270754148749,0.08636270754148749,2611606,way/30812772,Rodovia Governador Mário Covas,Ciclovia,none
71,pdc_nao_realizado,0.14445472212400495,0.14445472212400495,2611606,way/30812774,Viaduto da Caxangá,Ciclovia,none
72,pdc_nao_realizado,0.054722958341083074,0.054722958341083074,2611606,way/80453543,Avenida Visconde de São Leopoldo,Ciclovia,none
73,pdc_nao_realizado,0.13622591697448777,0.13622591697448777,2611606,way/80453551,Avenida Visconde de São Leopoldo,Ciclovia,none
74,pdc_nao_realizado,0.008069861031877115,0.008069861031877115,2611606,way/105059088,Avenida Professor Joaquim Cavalcanti,Ciclovia,none
75,pdc_nao_realizado,0.4306576245380364,0.4306576245380364,2611606,way/128403027,Avenida da Recuperação,Ciclovia,none
76,pdc_nao_realizado,0.036323750904123056,0.036323750904123056,2610707,way/128403678,,Ciclovia,none
77,pdc_nao_realizado,0.18826246428686833,0.18826246428686833,2610707,way/128403680,,Ciclovia,none
78,pdc_nao_realizado,0.6325737929868546,0.6325737929868546,2611606,way/128405270,Avenida da Recuperação,Ciclovia,none
79,pdc_nao_realizado,0.01903104903408807,0.01903104903408807,2611606,way/128405273,Avenida da Recuperação,Ciclovia,none
80,pdc_nao_realizado,0.012881844050405097,0.012881844050405097,2610707,way/128405275,,Ciclovia,none
81,pdc_nao_realizado,0.01761904585875496,0.01761904585875496,2611606,way/128405278,Avenida da Recuperação,Ciclovia,none
82,pdc_nao_realizado,0.008056765435500836,0.008056765435500836,2610707,way/128405279,,Ciclovia,none
83,pdc_nao_realizado,0.018028478587612903,0.018028478587612903,2611606,way/128407256,Avenida Professor Joaquim Cavalcanti,Ciclovia,none
84,pdc_nao_realizado,0.2116894905545006,0.2116894905545006,2611606,way/128407257,Avenida da Recuperação,Ciclovia,none
85,pdc_nao_realizado,0.04999681837493017,0.04999681837493017,2611606,way/128407258,Avenida Professor Joaquim Cavalcanti,Ciclovia,none
86,pdc_nao_realizado,0.05057023764227069,0.05057023764227069,2611606,way/128407259,Avenida Professor Joaquim Cavalcanti,Ciclovia,none
87,pdc_nao_realizado,0.09886359831293617,0.09886359831293617,2611606,way/128677002,Avenida da Recuperação,Ciclovia,none
88,pdc_nao_realizado,0.025495933391634952,0.025495933391634952,2611606,way/128677004,Avenida da Recuperação,Ciclovia,none
89,pdc_nao_realizado,0.024481827740951416,0.024481827740951416,2611606,way/128677007,Avenida da Recuperação,Ciclovia,none
90,pdc_nao_realizado,0.24096495696181416,0.24096495696181416,2611606,way/128677010,Avenida da Recuperação,Ciclovia,none
91,pdc_nao_realizado,0.19927398201878516,0.19927398201878516,2611606,way/130889194,Avenida Professor Joaquim Cavalcanti,Ciclovia,none
92,pdc_nao_realizado,0.14483138548159313,0.14483138548159313,2607901,way/141710589,,Ciclovia,none
93,pdc_nao_realizado,0.03325285972720783,0.03325285972720783,2607901,way/141722168,,Ciclovia,none
94,pdc_nao_realizado,0.04497403541962363,0.04497403541962363,2611606,way/145053392,,Ciclovia,none
95,pdc_nao_realizado,0.04187050285849934,0.04187050285849934,2611606,way/145053393,,Ciclovia,none
96,pdc_nao_realizado,0.03070552647003748,0.03070552647003748,2611606,way/145057214,,Ciclovia,none
97,pdc_nao_realizado,0.21565200090908732,0.21565200090908732,2611606,way/145057216,Avenida da Recuperação,Ciclovia,none
98,pdc_nao_realizado,0.029129452895352993,0.029129452895352993,2611606,way/145057219,Avenida da Recuperação,Ciclovia,none
99,pdc_nao_realizado,0.055081911125128766,0.055081911125128766,2611606,way/145063205,,Ciclovia,none
100,pdc_nao_realizado,0.05907991660786211,0.05907991660786211,2611606,way/145063207,,Ciclovia,none
101,pdc_nao_realizado,0.1582473361570602,0.1582473361570602,2610707,way/145079142,,Ciclovia,none
102,pdc_nao_realizado,0.10690816301257428,0.10690816301257428,2610707,way/145079222,,Ciclovia,none
103,pdc_nao_realizado,0.08169726294793275,0.08169726294793275,2611606,way/151135914,Avenida da Recuperação,Ciclovia,none
104,pdc_nao_realizado,0.039974992215204855,0.039974992215204855,2611606,way/151135940,Avenida da Recuperação,Ciclovia,none
105,pdc_nao_realizado,0.0284958350373895,0.0284958350373895,2611606,way/151135958,Avenida da Recuperação,Ciclovia,none
106,pdc_nao_realizado,0.013108580306095055,0.013108580306095055,2611606,way/159136249,Rodovia Governador Mário Covas,Ciclovia,none
107,pdc_nao_realizado,0.011412810171506495,0.011412810171506495,2611606,way/159136252,Rodovia Governador Mário Covas,Ciclovia,none
108,pdc_nao_realizado,0.27807721084653375,0.27807721084653375,2611606,way/159136254,Rodovia Governador Mário Covas,Ciclovia,none
109,pdc_nao_realizado,0.2685281454246049,0.2685281454246049,2611606,way/159136257,Rodovia Governador Mário Covas,Ciclovia,none
110,pdc_nao_realizado,0.7585995456785046,0.7585995456785046,2610707,way/171860394,,Ciclovia,none
111,pdc_nao_realizado,0.019123905752177817,0.019123905752177817,2611606,way/195005031,Avenida Professor Moraes Rego,Ciclovia,none
112,pdc_nao_realizado,0.383500405372032,0.383500405372032,2611606,way/198969924,Avenida Visconde de São Leopoldo,Ciclovia,none
113,pdc_nao_realizado,0.03315291414551101,0.03315291414551101,2611606,way/198970601,Girador da Reitoria da UFPE,Ciclovia,none
114,pdc_nao_realizado,0.2964502460373823,0.2964502460373823,2611606,way/198970602,Avenida Visconde de São Leopoldo,Ciclovia,none
115,pdc_nao_realizado,0.13796276431901316,0.13796276431901316,2611606,way/198970773,Avenida Professor Moraes Rego,Ciclovia,none
116,pdc_nao_realizado,0.06149694130810883,0.06149694130810883,2611606,way/203170312,Avenida da Recuperação,Ciclovia,none
117,pdc_nao_realizado,0.3926655597581567,0.3926655597581567,2611606,way/204619889,Avenida Visconde de São Leopoldo,Ciclovia,none
118,pdc_nao_realizado,0.027387696013831876,0.027387696013831876,2610707,way/241518322,,Ciclovia,none
119,pdc_nao_realizado,0.7549519569470051,0.7549519569470051,2610707,way/242268815,,Ciclovia,none
120,pdc_nao_realizado,0.04305860902879852,0.04305860902879852,2611606,way/247435268,,Ciclovia,none
121,pdc_nao_realizado,0.021104915515711434,0.021104915515711434,2611606,way/247435270,,Ciclovia,none
122,pdc_nao_realizado,0.09835385417867035,0.09835385417867035,2611606,way/262454250,Avenida Professor Joaquim Cavalcanti,Ciclovia,none
123,pdc_nao_realizado,0.4212570226451555,0.4212570226451555,2611606,way/262454251,Avenida Professor Joaquim Cavalcanti,Ciclovia,none
124,pdc_nao_realizado,0.0686504702631736,0.0686504702631736,2611606,way/262454252,Rodovia Governador Mário Covas,Ciclovia,none
125,pdc_nao_realizado,0.03133235966239418,0.03133235966239418,2611606,way/262454257,Rodovia Governador Mário Covas,Ciclovia,none
126,pdc_nao_realizado,0.13697206479526047,0.13697206479526047,2611606,way/262454269,Rodovia Governador Mário Covas,Ciclovia,none
127,pdc_nao_realizado,0.05364736135193888,0.05364736135193888,2611606,way/262454271,Rodovia Governador Mário Covas,Ciclovia,none
128,pdc_nao_realizado,0.015674088734535126,0.015674088734535126,2611606,way/262454276,Avenida Professor Joaquim Cavalcanti,Ciclovia,none
129,pdc_nao_realizado,0.06137474432973999,0.06137474432973999,2611606,way/262454277,Avenida da Recuperação,Ciclovia,none
130,pdc_nao_realizado,0.4282078673368874,0.4282078673368874,2611606,way/262454278,Rodovia Governador Mário Covas,Ciclovia,none
131,pdc_nao_realizado,0.08745203955650833,0.08745203955650833,2611606,way/262454279,Rodovia Governador Mário Covas,Ciclovia,none
132,pdc_nao_realizado,0.1147976833487541,0.1147976833487541,2611606,way/262454280,Avenida Visconde de São Leopoldo,Ciclovia,none
133,pdc_nao_realizado,0.19646788566511705,0.19646788566511705,2611606,way/262454281,Rodovia Governador Mário Covas,Ciclovia,none
134,pdc_nao_realizado,0.03522212281185874,0.03522212281185874,2611606,way/262454282,Rodovia Governador Mário Covas,Ciclovia,none
135,pdc_nao_realizado,0.08381853382505977,0.08381853382505977,2611606,way/262454283,Avenida da Recuperação,Ciclovia,none
136,pdc_nao_realizado,0.3084623185405488,0.3084623185405488,2611606,way/262454289,Avenida Professor Moraes Rego,Ciclovia,none
137,pdc_nao_realizado,0.14430999162669622,0.14430999162669622,2611606,way/262454290,Avenida Professor Moraes Rego,Ciclovia,none
138,pdc_nao_realizado,0.018490873755787,0.018490873755787,2611606,way/262454293,,Ciclovia,none
139,pdc_nao_realizado,0.02364430535407345,0.02364430535407345,2611606,way/262454294,,Ciclovia,none
140,pdc_nao_realizado,0.02355750958131311,0.02355750958131311,2611606,way/262454295,,Ciclovia,none
141,pdc_nao_realizado,0.014424775482686853,0.014424775482686853,2610707,way/313127793,,Ciclovia,none
142,pdc_nao_realizado,0.0018328426780460107,0.0018328426780460107,2610707,way/313127794,,Ciclovia,none
143,pdc_nao_realizado,0.13547516470461737,0.13547516470461737,2610707,way/313194297,,Ciclovia,none
144,pdc_nao_realizado,0.11659362922601599,0.11659362922601599,2611606,way/319779122,Avenida Professor Joaquim Cavalcanti,Ciclovia,none
145,pdc_nao_realizado,0.19564019189440812,0.19564019189440812,2611606,way/320810703,Avenida da Recuperação,Ciclovia,none
146,pdc_nao_realizado,0.0207481173443273,0.0207481173443273,2611606,way/320810704,Avenida da Recuperação,Ciclovia,none
147,pdc_nao_realizado,0.020676915185107544,0.020676915185107544,2611606,way/320810705,Avenida da Recuperação,Ciclovia,none
148,pdc_nao_realizado,0.21234453092601313,0.21234453092601313,2611606,way/320810706,Avenida da Recuperação,Ciclovia,none
149,pdc_nao_realizado,0.00788517926835729,0.00788517926835729,2611606,way/385648185,Girador da Reitoria da UFPE,Ciclovia,none
150,pdc_nao_realizado,0.06452243035924428,0.06452243035924428,2607901,way/392625226,Rodovia Governador Mário Covas,Ciclovia,none
151,pdc_nao_realizado,0.05234723501454631,0.05234723501454631,2611606,way/392625227,Rodovia Governador Mário Covas,Ciclovia,none
152,pdc_nao_realizado,0.03575756276509659,0.03575756276509659,2611606,way/392625228,Rodovia Governador Mário Covas,Ciclovia,none
153,pdc_nao_realizado,0.0700863171365859,0.0700863171365859,2607901,way/392625230,Rodovia Governador Mário Covas,Ciclovia,none
154,pdc_nao_realizado,0.39000765846589325,0.39000765846589325,2611606,way/392625231,Rodovia Governador Mário Covas,Ciclovia,none
155,pdc_nao_realizado,0.08687438178894183,0.08687438178894183,2607901,way/392625232,Rodovia Governador Mário Covas,Ciclovia,none
156,pdc_nao_realizado,0.016478658369720525,0.016478658369720525,2611606,way/466073062,,Ciclovia,none
157,pdc_nao_realizado,0.22384477795353205,0.22384477795353205,2611606,way/575167476,Avenida da Recuperação,Ciclovia,none
158,pdc_nao_realizado,0.5963596255701293,0.5963596255701293,2607901,way/588484125,Rodovia Governador Mário Covas,Ciclovia,none
159,pdc_nao_realizado,0.19259759134829144,0.19259759134829144,2611606,way/589872876,Rodovia Governador Mário Covas,Ciclovia,none
160,pdc_nao_realizado,0.24125156375049867,0.24125156375049867,2611606,way/589872877,Rodovia Governador Mário Covas,Ciclovia,none
161,pdc_nao_realizado,0.4611705747100485,0.4611705747100485,2611606,way/589872878,Rodovia Governador Mário Covas,Ciclovia,none
162,pdc_nao_realizado,0.1800241918424992,0.1800241918424992,2611606,way/589872879,Rodovia Governador Mário Covas,Ciclovia,none
163,pdc_nao_realizado,0.39650015880055867,0.39650015880055867,2611606,way/589872880,Rodovia Governador Mário Covas,Ciclovia,none
164,pdc_nao_realizado,0.3461679835628782,0.3461679835628782,2611606,way/589872881,Rodovia Governador Mário Covas,Ciclovia,none
165,pdc_nao_realizado,0.19810146262951314,0.19810146262951314,2611606,way/589872882,Rodovia Governador Mário Covas,Ciclovia,none
166,pdc_nao_realizado,0.04710284936291671,0.04710284936291671,2611606,way/589872883,Rodovia Governador Mário Covas,Ciclovia,none
167,pdc_nao_realizado,0.20208042449979663,0.20208042449979663,2611606,way/589872884,Rodovia Governador Mário Covas,Ciclovia,none
168,pdc_nao_realizado,0.049294030608829684,0.049294030608829684,2611606,way/589872891,Rodovia Governador Mário Covas,Ciclovia,none
169,pdc_nao_realizado,0.22020350339380737,0.22020350339380737,2611606,way/589872892,Rodovia Governador Mário Covas,Ciclovia,none
170,pdc_nao_realizado,0.414750367174539,0.414750367174539,2611606,way/589967667,Avenida da Recuperação,Ciclovia,none
171,pdc_nao_realizado,0.3920652669474255,0.3920652669474255,2611606,way/589967668,Avenida da Recuperação,Ciclovia,none
172,pdc_nao_realizado,0.15565603184177065,0.15565603184177065,2611606,way/589967672,Avenida da Recuperação,Ciclovia,none
173,pdc_nao_realizado,0.26244830401595154,0.26244830401595154,2611606,way/589967673,Avenida da Recuperação,Ciclovia,none
174,pdc_nao_realizado,0.07928220030785306,0.07928220030785306,2611606,way/589967674,Avenida da Recuperação,Ciclovia,none
175,pdc_nao_realizado,0.11440533186944868,0.11440533186944868,2611606,way/589967675,Avenida da Recuperação,Ciclovia,none
176,pdc_nao_realizado,0.7096418739217417,0.7096418739217417,2611606,way/589967676,Avenida da Recuperação,Ciclovia,none
177,pdc_nao_realizado,0.5688969455856223,0.5688969455856223,2611606,way/589967677,Avenida da Recuperação,Ciclovia,none
178,pdc_nao_realizado,0.294357898118595,0.294357898118595,2611606,way/589967678,Avenida da Recuperação,Ciclovia,none
179,pdc_nao_realizado,0.1300294576522481,0.1300294576522481,2611606,way/589967679,Avenida da Recuperação,Ciclovia,none
180,pdc_nao_realizado,0.7430980856356555,0.7430980856356555,2611606,way/589967680,Avenida da Recuperação,Ciclovia,none
181,pdc_nao_realizado,0.11769577116093904,0.11769577116093904,2611606,way/589967681,Avenida da Recuperação,Ciclovia,none
182,pdc_nao_realizado,0.1433741000612666,0.1433741000612666,2611606,way/598224593,Avenida da Recuperação,Ciclovia,none
183,pdc_nao_realizado,0.09232400733320845,0.09232400733320845,2611606,way/598224594,Avenida da Recuperação,Ciclovia,none
184,pdc_nao_realizado,0.46028086494468384,0.46028086494468384,2611606,way/621323015,Avenida Professor Moraes Rego,Ciclovia,none
185,pdc_nao_realizado,0.008839793343238025,0.008839793343238025,2611606,way/621323018,Avenida Professor Moraes Rego,Ciclovia,none
186,pdc_nao_realizado,0.010265805511307654,0.010265805511307654,2611606,way/621323019,Avenida Professor Moraes Rego,Ciclovia,none
187,pdc_nao_realizado,0.13953403620966912,0.13953403620966912,2611606,way/621323022,Avenida Professor Moraes Rego,Ciclovia,none
188,pdc_nao_realizado,0.023872376672824266,0.023872376672824266,2611606,way/624878405,,Ciclovia,none
189,pdc_nao_realizado,0.02339815859962873,0.02339815859962873,2611606,way/624878406,,Ciclovia,none
190,pdc_nao_realizado,0.12817426819219915,0.12817426819219915,2607901,way/625776187,Rodovia Governador Mário Covas,Ciclovia,none
191,pdc_nao_realizado,0.08162331209035709,0.08162331209035709,2607901,way/625776188,Rodovia Governador Mário Covas,Ciclovia,none
192,pdc_nao_realizado,0.0329901384950887,0.0329901384950887,2607901,way/625776191,,Ciclovia,none
193,pdc_nao_realizado,0.3006694392791862,0.3006694392791862,2611606,way/641636468,Avenida da Recuperação,Ciclovia,none
194,pdc_nao_realizado,0.011828859745233,0.011828859745233,2611606,way/686443374,Rodovia Governador Mário Covas,Ciclovia,none
195,pdc_nao_realizado,0.47579305968972396,0.47579305968972396,2611606,way/686443375,Rodovia Governador Mário Covas,Ciclovia,none
196,pdc_nao_realizado,0.4256336791036625,0.4256336791036625,2607901,way/686477678,Rodovia Governador Mário Covas,Ciclovia,none
197,pdc_nao_realizado,0.1120147933508794,0.1120147933508794,2607901,way/686477679,Rodovia Governador Mário Covas,Ciclovia,none
198,pdc_nao_realizado,0.06548866772070096,0.06548866772070096,2611606,way/691431603,Avenida da Recuperação,Ciclovia,none
199,pdc_nao_realizado,0.07583738780402147,0.07583738780402147,2611606,way/700013826,Avenida Professor Moraes Rego,Ciclovia,none
200,pdc_nao_realizado,0.04439854936174082,0.04439854936174082,2611606,way/700013827,Avenida Professor Moraes Rego,Ciclovia,none
201,pdc_nao_realizado,0.052944935998927266,0.052944935998927266,2607901,way/703613346,Rodovia Governador Mário Covas,Ciclovia,none
202,pdc_nao_realizado,0.06249320670903261,0.06249320670903261,2611606,way/703620187,Rodovia Governador Mário Covas,Ciclovia,none
203,pdc_nao_realizado,0.04443731721870141,0.04443731721870141,2611606,way/707023319,Girador da Reitoria da UFPE,Ciclovia,none
204,pdc_nao_realizado,0.031620523696647966,0.031620523696647966,2611606,way/707023320,Girador da Reitoria da UFPE,Ciclovia,none
205,pdc_nao_realizado,0.009663912448017188,0.009663912448017188,2611606,way/707023321,Girador da Reitoria da UFPE,Ciclovia,none
206,pdc_nao_realizado,0.08531915299129211,0.08531915299129211,2611606,way/707023322,Rua Visconde de São Leopoldo,Ciclovia,none
207,pdc_nao_realizado,0.1629217896738406,0.1629217896738406,2611606,way/707023324,Avenida Professor Moraes Rego,Ciclovia,none
208,pdc_nao_realizado,0.0657919187016901,0.0657919187016901,2611606,way/724196835,,Ciclovia,none
209,pdc_nao_realizado,0.04760785853043751,0.04760785853043751,2611606,way/724204060,Avenida da Recuperação,Ciclovia,none
210,pdc_nao_realizado,0.039111385996786936,0.039111385996786936,2611606,way/727947259,Avenida da Recuperação,Ciclovia,none
211,pdc_nao_realizado,0.02937754853535818,0.02937754853535818,2610707,way/728916383,,Ciclovia,none
212,pdc_nao_realizado,0.016649614489409662,0.016649614489409662,2610707,way/728916385,,Ciclovia,none
213,pdc_nao_realizado,0.16979297990542508,0.16979297990542508,2611606,way/772281204,Avenida Professor Joaquim Cavalcanti,Ciclovia,none
214,pdc_nao_realizado,0.04245471483849121,0.04245471483849121,2611606,way/772281209,Rodovia Governador Mário Covas,Ciclovia,none
215,pdc_nao_realizado,0.03582718821562286,0.03582718821562286,2611606,way/772281250,Girador da Reitoria da UFPE,Ciclovia,none
216,pdc_nao_realizado,0.011886106305806334,0.011886106305806334,2610707,way/772456018,,Ciclovia,none
217,pdc_nao_realizado,0.09674627112630846,0.09674627112630846,2611606,way/775253501,Avenida da Recuperação,Ciclovia,none
218,pdc_nao_realizado,0.03026450305317634,0.03026450305317634,2611606,way/775253513,Avenida da Recuperação,Ciclovia,none
219,pdc_nao_realizado,0.4259769936961205,0.4259769936961205,2611606,way/775253514,Avenida da Recuperação,Ciclovia,none
220,pdc_nao_realizado,0.005123710566260184,0.005123710566260184,2610707,way/775253525,,Ciclovia,none
221,pdc_nao_realizado,0.22742236349618977,0.22742236349618977,2611606,way/775253563,Avenida da Recuperação,Ciclovia,none
222,pdc_nao_realizado,0.4054274126157261,0.4054274126157261,2611606,way/775253564,Avenida da Recuperação,Ciclovia,none
223,pdc_nao_realizado,0.08443542866215369,0.08443542866215369,2611606,way/775253565,Avenida da Recuperação,Ciclovia,none
224,pdc_nao_realizado,0.03232321892912949,0.03232321892912949,2611606,way/775418046,Avenida Professor Joaquim Cavalcanti,Ciclovia,none
225,pdc_nao_realizado,0.1630425177068301,0.1630425177068301,2611606,way/775419833,Avenida Professor Joaquim Cavalcanti,Ciclovia,none
226,pdc_nao_realizado,0.07250915201652634,0.07250915201652634,2611606,way/775434719,Rodovia Governador Mário Covas,Ciclovia,none
227,pdc_nao_realizado,0.052337350677528795,0.052337350677528795,2607901,way/775734073,Rodovia Governador Mário Covas,Ciclovia,none
228,pdc_nao_realizado,0.6385615424880465,0.6385615424880465,2607901,way/775734074,Rodovia Governador Mário Covas,Ciclovia,none
229,pdc_nao_realizado,0.36182069558912444,0.36182069558912444,2607901,way/775745357,Rodovia Governador Mário Covas,Ciclovia,none
230,pdc_nao_realizado,0.056071846338077894,0.056071846338077894,2607901,way/775745358,Rodovia Governador Mário Covas,Ciclovia,none
231,pdc_nao_realizado,0.044669904285442666,0.044669904285442666,2607901,way/775745359,Rodovia Governador Mário Covas,Ciclovia,none
232,pdc_nao_realizado,0.17869104682908993,0.17869104682908993,2607901,way/775745360,Rodovia Governador Mário Covas,Ciclovia,none
233,pdc_nao_realizado,0.3503248102875403,0.3503248102875403,2611606,way/775745361,Rodovia Governador Mário Covas,Ciclovia,none
234,pdc_nao_realizado,0.15015950603376227,0.15015950603376227,2611606,way/775797255,Rodovia Governador Mário Covas,Ciclovia,none
235,pdc_nao_realizado,0.18753752313984887,0.18753752313984887,2611606,way/775807194,Rodovia Governador Mário Covas,Ciclovia,none
236,pdc_nao_realizado,0.05923491307956795,0.05923491307956795,2607901,way/791390431,Rodovia Governador Mário Covas,Ciclovia,none
237,pdc_nao_realizado,0.10780146016134608,0.10780146016134608,2607901,way/791390451,Rodovia Governador Mário Covas,Ciclovia,none
238,pdc_nao_realizado,0.037009231943001424,0.037009231943001424,2610707,way/818801491,,Ciclovia,none
239,pdc_nao_realizado,0.062037510193602104,0.062037510193602104,2611606,way/830376173,Rodovia Governador Mário Covas,Ciclovia,none
240,pdc_nao_realizado,0.22941858062253,0.22941858062253,2611606,way/857331044,Avenida da Recuperação,Ciclovia,none
241,pdc_nao_realizado,0.14198444643471347,0.14198444643471347,2611606,way/966019705,Avenida da Recuperação,Ciclovia,none
242,pdc_nao_realizado,0.1257388266156613,0.1257388266156613,2611606,way/966019706,Avenida da Recuperação,Ciclovia,none
243,pdc_nao_realizado,0.007007010880535467,0.007007010880535467,2610707,way/967662399,,Ciclovia,none
244,pdc_nao_realizado,0.5994635848832778,0.5994635848832778,2610707,way/967662400,,Ciclovia,none
245,pdc_nao_realizado,0.01960372362282295,0.01960372362282295,2607901,way/967977088,,Ciclovia,none
246,pdc_nao_realizado,0.05307252444725456,0.05307252444725456,2607901,way/968231893,Rodovia Governador Mário Covas,Ciclovia,none
247,pdc_nao_realizado,0.02611791893241655,0.02611791893241655,2610707,way/968511316,,Ciclovia,none
248,pdc_nao_realizado,0.09719353590827134,0.09719353590827134,2611606,way/968511317,Avenida da Recuperação,Ciclovia,none
249,pdc_nao_realizado,0.016311373483841027,0.016311373483841027,2611606,way/968511318,Avenida da Recuperação,Ciclovia,none
250,pdc_nao_realizado,0.030537713338128342,0.030537713338128342,2611606,way/968511319,Avenida da Recuperação,Ciclovia,none
251,pdc_nao_realizado,0.07277747125295508,0.07277747125295508,2611606,way/968511320,Avenida da Recuperação,Ciclovia,none
252,pdc_nao_realizado,0.037270695356475966,0.037270695356475966,2611606,way/968516445,Avenida da Recuperação,Ciclovia,none
253,pdc_nao_realizado,0.08890607478510294,0.08890607478510294,2611606,way/968529010,Rodovia Governador Mário Covas,Ciclovia,none
254,pdc_nao_realizado,0.07577740962944912,0.07577740962944912,2611606,way/968529011,Rodovia Governador Mário Covas,Ciclovia,none
255,pdc_nao_realizado,0.037718996445388675,0.037718996445388675,2611606,way/968532423,Avenida da Recuperação,Ciclovia,none
256,pdc_nao_realizado,0.022097658898142705,0.022097658898142705,2611606,way/968532425,,Ciclovia,none
257,pdc_nao_realizado,0.08223526721629254,0.08223526721629254,2611606,way/968532426,,Ciclovia,none
258,pdc_nao_realizado,0.07277423861533258,0.07277423861533258,2611606,way/968532429,Avenida da Recuperação,Ciclovia,none
259,pdc_nao_realizado,0.1013753638118875,0.1013753638118875,2611606,way/968532430,Avenida da Recuperação,Ciclovia,none
260,pdc_nao_realizado,0.03296032079495004,0.03296032079495004,2611606,way/968532431,Avenida da Recuperação,Ciclovia,none
261,pdc_nao_realizado,0.07068925478374226,0.07068925478374226,2611606,way/968532432,Avenida da Recuperação,Ciclovia,none
262,pdc_nao_realizado,0.12958848646079782,0.12958848646079782,2611606,way/968562033,Rodovia Governador Mário Covas,Ciclovia,none
263,pdc_nao_realizado,0.11512660856305838,0.11512660856305838,2611606,way/968564115,Rodovia Governador Mário Covas,Ciclovia,none
264,pdc_nao_realizado,0.10697790367781855,0.10697790367781855,2611606,way/968564116,Rodovia Governador Mário Covas,Ciclovia,none
265,pdc_nao_realizado,0.033867658368459494,0.033867658368459494,2611606,way/968564438,Rodovia Governador Mário Covas,Ciclovia,none
266,pdc_nao_realizado,0.06814195437816795,0.06814195437816795,2611606,way/968564439,Rodovia Governador Mário Covas,Ciclovia,none
267,pdc_nao_realizado,0.09298226570237315,0.09298226570237315,2611606,way/968595442,Rodovia Governador Mário Covas,Ciclovia,none
268,pdc_nao_realizado,0.008303849494759461,0.008303849494759461,2611606,way/1005949934,Avenida da Recuperação,Ciclovia,none
269,pdc_nao_realizado,0.0029361284346525896,0.0029361284346525896,2611606,way/1005949936,Rua Dois Irmãos,Ciclovia,none
270,pdc_nao_realizado,0.00738572057511558,0.00738572057511558,2611606,way/1005949937,Rua Dois Irmãos,Ciclovia,none
271,pdc_nao_realizado,0.018803066211323893,0.018803066211323893,2611606,way/1005949938,Avenida da Recuperação,Ciclovia,none
272,pdc_nao_realizado,0.011464847094720884,0.011464847094720884,2611606,way/1005949939,Rua Dois Irmãos,Ciclovia,none
273,pdc_nao_realizado,0.006359681120321611,0.006359681120321611,2611606,way/1005949943,Rua Dois Irmãos,Ciclovia,none
274,pdc_nao_realizado,0.005694045031289423,0.005694045031289423,2611606,way/1005949944,Avenida da Recuperação,Ciclovia,none
275,pdc_nao_realizado,0.6971719534242516,0.6971719534242516,2611606,way/1025667981,Rodovia Governador Mário Covas,Ciclovia,none
276,pdc_nao_realizado,0.23392684038236156,0.23392684038236156,2611606,way/1028989217,Avenida Recuperação,Ciclovia,none
277,pdc_nao_realizado,0.4126955661042759,0.4126955661042759,2610707,way/1028989218,Avenida da Recuperação,Ciclovia,none
278,pdc_nao_realizado,0.2790124831317584,0.2790124831317584,2611606,way/1028999840,Rodovia Governador Mário Covas,Ciclovia,none
279,pdc_nao_realizado,0.01577547854114703,0.01577547854114703,2610707,way/1096195796,,Ciclovia,none
280,pdc_nao_realizado,0.10903074394985761,0.10903074394985761,2607901,way/1106687493,Rodovia Governador Mário Covas,Ciclovia,none
281,pdc_nao_realizado,0.34232140726669474,0.34232140726669474,2611606,way/1106687494,Rodovia Governador Mário Covas,Ciclovia,none
282,pdc_nao_realizado,0.07181501671124801,0.07181501671124801,2611606,way/1106687495,Rodovia Governador Mário Covas,Ciclovia,none
283,pdc_nao_realizado,0.061409128505265365,0.061409128505265365,2611606,way/1106687496,Rodovia Governador Mário Covas,Ciclovia,none
284,pdc_nao_realizado,0.04478260777683652,0.04478260777683652,2610707,way/1183566154,,Ciclovia,none
285,pdc_nao_realizado,0.02780908009804275,0.02780908009804275,2610707,way/1183566157,,Ciclovia,none
286,pdc_nao_realizado,0.4143687948110109,0.4143687948110109,2600054,way/1183566158,,Ciclovia,none
287,pdc_nao_realizado,0.03685680848946905,0.03685680848946905,2600054,way/1185348087,,Ciclovia,none
288,pdc_nao_realizado,0.044137166617101424,0.044137166617101424,2611606,way/1339841983,Rodovia Governador Mário Covas,Ciclovia,none
289,pdc_nao_realizado,0.12034605341833109,0.12034605341833109,2607901,way/1339841984,Rodovia Governador Mário Covas,Ciclovia,none
290,pdc_nao_realizado,0.035710725242666816,0.035710725242666816,2607901,way/1339841985,Rodovia Governador Mário Covas,Ciclovia,none
291,pdc_nao_realizado,0.07018325421157058,0.07018325421157058,2607901,way/1339841986,Rodovia Governador Mário Covas,Ciclovia,none
292,pdc_nao_realizado,0.09173262502635558,0.09173262502635558,2607901,way/1339841987,Rodovia Governador Mário Covas,Ciclovia,none
293,pdc_nao_realizado,0.02809920949275723,0.02809920949275723,2611606,way/1339859566,Rodovia Governador Mário Covas,Ciclovia,none
294,pdc_nao_realizado,0.09437254089950659,0.09437254089950659,2611606,way/1354935682,Rodovia Governador Mário Covas,Ciclovia,none
295,pdc_nao_realizado,0.06080666410165569,0.06080666410165569,2611606,way/1354935683,Rodovia Governador Mário Covas,Ciclovia,none
296,pdc_nao_realizado,0.21350634214812012,0.21350634214812012,2610707,way/1375929513,,Ciclovia,none
297,pdc_nao_realizado,0.2241189709208331,0.2241189709208331,2600054,way/1375929514,,Ciclovia,none
298,pdc_nao_realizado,0.041659039997197014,0.041659039997197014,2607901,way/1375934722,Rodovia Governador Mário Covas,Ciclovia,none
299,pdc_nao_realizado,0.05820619466149037,0.05820619466149037,2607901,way/1386686424,Rodovia Governador Mário Covas,Ciclovia,none
300,pdc_nao_realizado,0.0334264548593473,0.0334264548593473,2607901,way/1386686425,Rodovia Governador Mário Covas,Ciclovia,none
301,pdc_nao_realizado,0.02901342892646606,0.02901342892646606,2607901,way/1386686426,Rodovia Governador Mário Covas,Ciclovia,none
302,pdc_nao_realizado,0.026497159585776295,0.026497159585776295,2607901,way/1386686427,Rodovia Governador Mário Covas,Ciclovia,none
303,pdc_nao_realizado,0.6692253790765427,0.6692253790765427,2602902,way/94746395,Rodovia PE-060,Ciclovia,none
304,pdc_nao_realizado,0.0289296328171747,0.0289296328171747,2602902,way/94746401,,Ciclovia,none
305,pdc_nao_realizado,0.03394841081947868,0.03394841081947868,2602902,way/95110150,,Ciclovia,none
306,pdc_nao_realizado,0.44761699887029416,0.44761699887029416,2602902,way/99725116,Rodovia PE-060,Ciclovia,none
307,pdc_nao_realizado,0.6056615611483762,0.6056615611483762,2607208,way/158621551,Rodovia PE-060,Ciclovia,none
308,pdc_nao_realizado,0.06248156070363488,0.06248156070363488,2607208,way/158621552,Rodovia PE-060,Ciclovia,none
309,pdc_nao_realizado,0.9296969455242521,0.9296969455242521,2607208,way/159614620,Rodovia PE-060,Ciclovia,none
310,pdc_nao_realizado,1.2779829823070346,1.2779829823070346,2602902,way/159616034,Rodovia PE-060,Ciclovia,none
311,pdc_nao_realizado,0.7204997495773747,0.7204997495773747,2607208,way/159616569,Rodovia PE-060,Ciclovia,none
312,pdc_nao_realizado,0.07444969181039862,0.07444969181039862,2602902,way/239944287,,Ciclovia,none
313,pdc_nao_realizado,0.03234121735431677,0.03234121735431677,2602902,way/239944288,,Ciclovia,none
314,pdc_nao_realizado,0.02367689611377672,0.02367689611377672,2602902,way/239944289,Rodovia PE-060,Ciclovia,none
315,pdc_nao_realizado,0.1316432979360007,0.1316432979360007,2602902,way/239944290,Rodovia PE-060,Ciclovia,none
316,pdc_nao_realizado,0.052675916321221726,0.052675916321221726,2602902,way/239944291,,Ciclovia,none
317,pdc_nao_realizado,1.2666429570721494,1.2666429570721494,2602902,way/239944292,Rodovia PE-060,Ciclovia,none
318,pdc_nao_realizado,0.026684444177336952,0.026684444177336952,2602902,way/239944293,,Ciclovia,none
319,pdc_nao_realizado,0.23156091630280679,0.23156091630280679,2602902,way/239944294,Rodovia PE-060,Ciclovia,none
320,pdc_nao_realizado,0.03308737079175801,0.03308737079175801,2602902,way/239944295,,Ciclovia,none
321,pdc_nao_realizado,0.034957041234912674,0.034957041234912674,2602902,way/239944296,,Ciclovia,none
322,pdc_nao_realizado,0.4140958038394035,0.4140958038394035,2607208,way/239944299,Rodovia PE-060,Ciclovia,none
323,pdc_nao_realizado,0.029130975775259096,0.029130975775259096,2602902,way/386100704,,Ciclovia,none
324,pdc_nao_realizado,0.14696136575879484,0.14696136575879484,2602902,way/386100706,Rodovia PE-060,Ciclovia,none
325,pdc_nao_realizado,0.04580894257432258,0.04580894257432258,2602902,way/394907082,Rodovia PE-060,Ciclovia,none
326,pdc_nao_realizado,0.1951156479516761,0.1951156479516761,2602902,way/394907083,Rodovia PE-060,Ciclovia,none
327,pdc_nao_realizado,0.056069667882177245,0.056069667882177245,2607208,way/436725767,Rodovia PE-060,Ciclovia,none
328,pdc_nao_realizado,0.13406308024433936,0.13406308024433936,2607208,way/436725770,Rodovia PE-060,Ciclovia,none
329,pdc_nao_realizado,0.4360744368351397,0.4360744368351397,2607208,way/542946272,Rodovia PE-060,Ciclovia,none
330,pdc_nao_realizado,0.3533693075644532,0.3533693075644532,2607208,way/542946273,Rodovia PE-060,Ciclovia,none
331,pdc_nao_realizado,0.4959202592724864,0.4959202592724864,2607208,way/542946274,Rodovia PE-060,Ciclovia,none
332,pdc_nao_realizado,0.28594441413834193,0.28594441413834193,2607208,way/542946275,Rodovia PE-060,Ciclovia,none
333,pdc_nao_realizado,0.09567556421159149,0.09567556421159149,2607208,way/542946276,Rodovia PE-060,Ciclovia,none
334,pdc_nao_realizado,0.18294430468683612,0.18294430468683612,2607208,way/542946277,Rodovia PE-060,Ciclovia,none
335,pdc_nao_realizado,0.523253755472525,0.523253755472525,2607208,way/542946278,Rodovia PE-60,Ciclovia,none
336,pdc_nao_realizado,0.2695817413055126,0.2695817413055126,2607208,way/542946279,,Ciclovia,none
337,pdc_nao_realizado,1.0949237539881331,1.0949237539881331,2607208,way/542946280,,Ciclovia,none
338,pdc_nao_realizado,0.2349036838890141,0.2349036838890141,2607208,way/542946286,Rodovia PE-060,Ciclovia,none
339,pdc_nao_realizado,0.1307624092070881,0.1307624092070881,2602902,way/574218670,,Ciclovia,none
340,pdc_nao_realizado,0.03299563982902654,0.03299563982902654,2602902,way/574218671,,Ciclovia,none
341,pdc_nao_realizado,0.07782472127401599,0.07782472127401599,2602902,way/574218672,,Ciclovia,none
342,pdc_nao_realizado,0.052583668205348315,0.052583668205348315,2602902,way/662273375,Rodovia PE-060,Ciclovia,none
343,pdc_nao_realizado,0.07734152602798668,0.07734152602798668,2602902,way/696789622,Rodovia PE-060,Ciclovia,none
344,pdc_nao_realizado,0.08296390060947116,0.08296390060947116,2602902,way/696789625,,Ciclovia,none
345,pdc_nao_realizado,0.17115363500652636,0.17115363500652636,2602902,way/696789626,Rodovia PE-060,Ciclovia,none
346,pdc_nao_realizado,0.007321373097931234,0.007321373097931234,2602902,way/696789628,,Ciclovia,none
347,pdc_nao_realizado,0.004416251187590402,0.004416251187590402,2602902,way/696789632,Rodovia PE-060,Ciclovia,none
348,pdc_nao_realizado,0.20936270731309045,0.20936270731309045,2602902,way/696789634,Rodovia PE-060,Ciclovia,none
349,pdc_nao_realizado,0.30075784874199096,0.30075784874199096,2602902,way/696792644,Rodovia PE-060,Ciclovia,none
350,pdc_nao_realizado,0.20966397604414116,0.20966397604414116,2602902,way/696792652,Rodovia PE-060,Ciclovia,none
351,pdc_nao_realizado,0.13019026699396388,0.13019026699396388,2602902,way/696792657,Rodovia PE-060,Ciclovia,none
352,pdc_nao_realizado,0.0398726921366172,0.0398726921366172,2602902,way/696792659,,Ciclovia,none
353,pdc_nao_realizado,0.2204784106895906,0.2204784106895906,2602902,way/696792660,Rodovia PE-060,Ciclovia,none
354,pdc_nao_realizado,0.0071313092237911555,0.0071313092237911555,2602902,way/696796856,,Ciclovia,none
355,pdc_nao_realizado,0.495746890272276,0.495746890272276,2607208,way/712536323,Rodovia PE-060,Ciclovia,none
356,pdc_nao_realizado,0.4152753800463381,0.4152753800463381,2602902,way/788553761,Rodovia PE-060,Ciclovia,none
357,pdc_nao_realizado,0.011812858983498122,0.011812858983498122,2602902,way/788553762,Rodovia PE-060,Ciclovia,none
358,pdc_nao_realizado,0.05041554320008802,0.05041554320008802,2602902,way/788553763,Rodovia PE-060,Ciclovia,none
359,pdc_nao_realizado,0.011395900328719087,0.011395900328719087,2602902,way/788553764,Rodovia PE-060,Ciclovia,none
360,pdc_nao_realizado,0.015514464435901557,0.015514464435901557,2607208,way/789623542,Rodovia PE-060,Ciclovia,none
361,pdc_nao_realizado,0.4109408975591677,0.4109408975591677,2602902,way/791161160,Rodovia PE-060,Ciclovia,none
362,pdc_nao_realizado,1.077417422527831,1.077417422527831,2602902,way/802199604,Rodovia PE-060,Ciclovia,none
363,pdc_nao_realizado,0.3616908669658042,0.3616908669658042,2602902,way/802199606,,Ciclovia,none
364,pdc_nao_realizado,0.04275864398766863,0.04275864398766863,2602902,way/802199643,Rodovia PE-060,Ciclovia,none
365,pdc_nao_realizado,0.006792129997196913,0.006792129997196913,2602902,way/802199644,,Ciclovia,none
366,pdc_nao_realizado,0.03457989383607092,0.03457989383607092,2602902,way/802199645,,Ciclovia,none
367,pdc_nao_realizado,0.004503899672616147,0.004503899672616147,2602902,way/802199646,,Ciclovia,none
368,pdc_nao_realizado,0.12456164828572888,0.12456164828572888,2607208,way/857321658,Rodovia PE-060,Ciclovia,none
369,pdc_nao_realizado,0.025042469950188384,0.025042469950188384,2607208,way/857321659,Rodovia PE-060,Ciclovia,none
370,pdc_nao_realizado,0.00811261586403404,0.00811261586403404,2607208,way/857321660,Rodovia PE-060,Ciclovia,none
371,pdc_nao_realizado,0.027444814203616382,0.027444814203616382,2607208,way/857321661,Rodovia PE-060,Ciclovia,none
372,pdc_nao_realizado,0.08101723004996125,0.08101723004996125,2607208,way/857322664,Rodovia PE-060,Ciclovia,none
373,pdc_nao_realizado,0.05431167324407597,0.05431167324407597,2607208,way/857322665,Rodovia PE-060,Ciclovia,none
374,pdc_nao_realizado,0.1445105713276357,0.1445105713276357,2607208,way/857322666,Rodovia PE-060,Ciclovia,none
375,pdc_nao_realizado,0.2126890761790892,0.2126890761790892,2602902,way/874918001,Rodovia PE-060,Ciclovia,none
376,pdc_nao_realizado,0.0061211156910118076,0.0061211156910118076,2602902,way/874918002,Rodovia PE-060,Ciclovia,none
377,pdc_nao_realizado,0.056928383765203934,0.056928383765203934,2602902,way/874918010,,Ciclovia,none
378,pdc_nao_realizado,0.005554491932059616,0.005554491932059616,2602902,way/874918011,,Ciclovia,none
379,pdc_nao_realizado,0.003259987690358917,0.003259987690358917,2602902,way/911670315,,Ciclovia,none
380,pdc_nao_realizado,0.009125545292730334,0.009125545292730334,2602902,way/911670316,,Ciclovia,none
381,pdc_nao_realizado,0.017319650886270785,0.017319650886270785,2602902,way/911670317,,Ciclovia,none
382,pdc_nao_realizado,0.0121548544780272,0.0121548544780272,2602902,way/911670318,,Ciclovia,none
383,pdc_nao_realizado,0.01490632894805223,0.01490632894805223,2602902,way/987491700,Rodovia PE-060,Ciclovia,none
384,pdc_nao_realizado,0.029395371677454075,0.029395371677454075,2602902,way/987491701,Rodovia PE-060,Ciclovia,none
385,pdc_nao_realizado,0.07190246715807025,0.07190246715807025,2602902,way/987491702,Rodovia PE-060,Ciclovia,none
386,pdc_nao_realizado,0.2698053226334611,0.2698053226334611,2602902,way/987491703,Rodovia PE-060,Ciclovia,none
387,pdc_nao_realizado,0.32455063085320335,0.32455063085320335,2607208,way/987491704,Rodovia PE-060,Ciclovia,none
388,pdc_nao_realizado,0.24491737824663706,0.24491737824663706,2602902,way/987491705,Rodovia PE-060,Ciclovia,none
389,pdc_nao_realizado,0.17505390802545073,0.17505390802545073,2602902,way/990892501,Rodovia PE-060,Ciclovia,none
390,pdc_nao_realizado,0.2392459851559339,0.2392459851559339,2602902,way/990892502,Rodovia PE-060,Ciclovia,none
391,pdc_nao_realizado,0.19945611660548065,0.19945611660548065,2602902,way/990892503,Rodovia PE-060,Ciclovia,none
392,pdc_nao_realizado,0.14324556874073652,0.14324556874073652,2602902,way/1080342021,Rodovia PE-060,Ciclovia,none
393,pdc_nao_realizado,0.08235294782075295,0.08235294782075295,2602902,way/1080342022,Rodovia PE-060,Ciclovia,none
394,pdc_nao_realizado,0.3735429966803386,0.3735429966803386,2607208,way/1118716341,Rodovia PE-060,Ciclovia,none
395,pdc_nao_realizado,0.15309650627490012,0.15309650627490012,2607208,way/1285470157,Rodovia PE-060,Ciclovia,none
396,pdc_nao_realizado,0.1533868393625886,0.1533868393625886,2607208,way/1285470158,Rodovia PE-060,Ciclovia,none
397,pdc_nao_realizado,0.02555741755474148,0.02555741755474148,2607208,way/1285470159,Rodovia PE-060,Ciclovia,none
398,pdc_nao_realizado,0.0071970590603527285,0.0071970590603527285,2602902,way/1343941811,,Ciclovia,none
399,pdc_nao_realizado,0.38974732343594515,0.38974732343594515,2607208,way/23389998,Rua da Esperança,Ciclovia,none
400,pdc_nao_realizado,0.0669581765376047,0.0669581765376047,2607208,way/77530440,Rua da Esperança,Ciclovia,none
401,pdc_nao_realizado,1.0500472527730682,1.0500472527730682,2607208,way/185834076,Avenida dos Pescadores,Ciclovia,none
402,pdc_nao_realizado,2.3564027899156446,2.3564027899156446,2607208,way/405996179,Avenida dos Santos,Ciclovia,none
403,pdc_nao_realizado,0.18264053735416372,0.18264053735416372,2607208,way/405996186,Rodovia PE-051,Ciclovia,none
404,pdc_nao_realizado,0.23539208913298296,0.23539208913298296,2607208,way/405996189,Rodovia PE-051,Ciclovia,none
405,pdc_nao_realizado,0.04471870755327431,0.04471870755327431,2607208,way/405996201,,Ciclovia,none
406,pdc_nao_realizado,0.0477120790344555,0.0477120790344555,2607208,way/405996207,,Ciclovia,none
407,pdc_realizado_designado,2.4371583890540798,2.4371583890540798,2607208,way/579591599,Ciclovia da PE-09,Ciclovia,Ciclovia
408,pdc_realizado_designado,0.4901757612599421,0.4901757612599421,2607208,way/579591600,Ciclovia da PE-09,Ciclovia,Ciclovia
409,pdc_realizado_designado,0.25541467309753035,0.25541467309753035,2607208,way/579591601,Ciclovia da PE-09,Ciclovia,Ciclovia
410,pdc_realizado_designado,2.680736259110206,2.680736259110206,2607208,way/579591612,Ciclovia da PE-09,Ciclovia,Ciclovia
411,pdc_nao_realizado,0.021447284044814354,0.021447284044814354,2607208,way/706108033,Avenida dos Santos,Ciclovia,none
412,pdc_nao_realizado,1.2747662885400584,1.2747662885400584,2607208,way/706108034,Avenida dos Santos,Ciclovia,none
413,pdc_nao_realizado,0.2062035957771088,0.2062035957771088,2607208,way/857319850,Rodovia PE-051,Ciclovia,none
414,pdc_nao_realizado,0.24365535707306019,0.24365535707306019,2607208,way/857319851,Rodovia PE-051,Ciclovia,none
415,pdc_nao_realizado,0.024165414685542855,0.024165414685542855,2607208,way/1363348034,Rua da Esperança,Ciclovia,none
416,pdc_nao_realizado,0.07239207344823133,0.07239207344823133,2607208,way/1363348035,Rua da Esperança,Ciclovia,none
417,pdc_nao_realizado,0.019696719493644745,0.019696719493644745,2607208,way/1363404717,Rua da Esperança,Ciclovia,none
418,pdc_nao_realizado,0.31697040796194365,0.31697040796194365,2607208,way/185706242,Avenida Humberto Costa Soares,Ciclovia,none
419,pdc_nao_realizado,2.701298191952878,2.701298191952878,2607208,way/185706244,,Ciclovia,none
420,pdc_nao_realizado,0.3112713047568493,0.3112713047568493,2607208,way/518047363,Rua Santo Antônio,Ciclovia,none
421,pdc_nao_realizado,0.055312769980980996,0.055312769980980996,2607208,way/519166007,,Ciclovia,none
422,pdc_nao_realizado,0.052737063347365325,0.052737063347365325,2607208,way/519166009,,Ciclovia,none
423,pdc_nao_realizado,0.3083925964844122,0.3083925964844122,2607208,way/828007966,Avenida Humberto Costa Soares,Ciclovia,none
424,pdc_nao_realizado,0.1264770478270714,0.1264770478270714,2607208,way/1029321195,Rua do Comércio,Ciclovia,none
425,pdc_nao_realizado,0.040348271568664204,0.040348271568664204,2607208,way/23392694,Rodovia PE-038,Ciclovia,none
426,pdc_nao_realizado,0.03852625049309422,0.03852625049309422,2607208,way/23393265,Rodovia PE-009,Ciclovia,none
427,pdc_nao_realizado,0.08364431824414945,0.08364431824414945,2607208,way/23393272,Rodovia PE-009,Ciclovia,none
428,pdc_nao_realizado,0.9358458560461542,0.9358458560461542,2607208,way/324503252,Rodovia PE-009,Ciclovia,none
429,pdc_nao_realizado,0.40854905396179536,0.40854905396179536,2607208,way/324503254,Rodovia PE-038,Ciclovia,none
430,pdc_nao_realizado,0.02267302262619958,0.02267302262619958,2607208,way/324506478,Rodovia PE-009,Ciclovia,none
431,pdc_nao_realizado,0.08464715023197848,0.08464715023197848,2607208,way/324506480,Rodovia PE-009,Ciclovia,none
432,pdc_nao_realizado,0.25416843384696597,0.25416843384696597,2607208,way/470201859,Rodovia PE-038,Ciclovia,none
433,pdc_nao_realizado,0.26776985521953095,0.26776985521953095,2607208,way/470201863,Rodovia PE-038,Ciclovia,none
434,pdc_nao_realizado,0.1663344592658245,0.1663344592658245,2607208,way/519164209,Rodovia PE-038,Ciclovia,none
435,pdc_nao_realizado,0.026482941217047928,0.026482941217047928,2607208,way/519164213,Rodovia PE-038,Ciclovia,none
436,pdc_nao_realizado,0.9739654964384761,0.9739654964384761,2607208,way/542946778,Rodovia PE-038,Ciclovia,none
437,pdc_nao_realizado,0.09538309412609927,0.09538309412609927,2607208,way/542946779,Rodovia PE-038,Ciclovia,none
438,pdc_nao_realizado,0.7527077401800748,0.7527077401800748,2607208,way/542946780,Rodovia PE-038,Ciclovia,none
439,pdc_nao_realizado,3.42794090778611,3.42794090778611,2607208,way/542946781,Rodovia PE-038,Ciclovia,none
440,pdc_nao_realizado,0.12354123092515677,0.12354123092515677,2607208,way/542946782,Rodovia PE-038,Ciclovia,none
441,pdc_nao_realizado,0.13081285593304545,0.13081285593304545,2607208,way/554059607,Rodovia PE-038,Ciclovia,none
442,pdc_nao_realizado,0.027394623143739055,0.027394623143739055,2607208,way/682297373,Rodovia PE-009,Ciclovia,none
443,pdc_nao_realizado,0.040645426624318755,0.040645426624318755,2607208,way/682297374,Rodovia PE-009,Ciclovia,none
444,pdc_nao_realizado,0.005164738055728845,0.005164738055728845,2607208,way/682297375,Rodovia PE-009,Ciclovia,none
445,pdc_nao_realizado,0.014565250497515917,0.014565250497515917,2607208,way/682297376,Rodovia PE-009,Ciclovia,none
446,pdc_nao_realizado,0.06131666819574486,0.06131666819574486,2607208,way/682297385,Rodovia PE-009,Ciclovia,none
447,pdc_nao_realizado,0.024398716150618387,0.024398716150618387,2607208,way/682297386,Rodovia PE-009,Ciclovia,none
448,pdc_nao_realizado,0.015619997149219461,0.015619997149219461,2607208,way/828762084,Rodovia PE-038,Ciclovia,none
449,pdc_nao_realizado,0.15952198916256474,0.15952198916256474,2607208,way/1087269107,Rodovia PE-038,Ciclovia,none
450,pdc_nao_realizado,0.45697697399248705,0.45697697399248705,2607208,way/1420040583,Rodovia PE-038,Ciclovia,none
451,pdc_nao_realizado,0.2990995470208455,0.2990995470208455,2607208,way/1420040584,Rodovia PE-038,Ciclovia,none
452,pdc_nao_realizado,0.12774498111619156,0.12774498111619156,2607208,way/158621572,Avenida Francisco Alves de Souza,Ciclovia,none
453,pdc_nao_realizado,0.0618382069263682,0.0618382069263682,2607208,way/158621607,,Ciclovia,none
454,pdc_nao_realizado,0.026081863849853212,0.026081863849853212,2607208,way/676854984,,Ciclovia,none
455,pdc_nao_realizado,0.05483510884926775,0.05483510884926775,2607208,way/676854988,,Ciclovia,none
456,pdc_nao_realizado,0.03491515810919995,0.03491515810919995,2607208,way/1082112910,,Ciclovia,none
457,pdc_nao_realizado,0.18352904989289096,0.18352904989289096,2607208,way/1184097565,Rua Cristovão Jose da Silva,Ciclovia,none
458,pdc_realizado_designado,1.6752937516276707,1.6752937516276707,2607208,way/578918239,Ciclovia de Maracaípe,Ciclovia,Ciclovia
459,pdc_realizado_designado,0.40191541403615316,0.40191541403615316,2607208,way/578918242,Ciclovia de Maracaípe,Ciclovia,Ciclovia
460,pdc_realizado_designado,0.30678268649624946,0.30678268649624946,2607208,way/578927420,Ciclovia de Maracaípe,Ciclovia,Ciclovia
461,pdc_realizado_designado,0.26166886256037064,0.26166886256037064,2607208,way/578927422,Ciclovia de Maracaípe,Ciclovia,Ciclovia
462,pdc_nao_realizado,0.6039577031351521,0.6039577031351521,2607208,way/23392865,Rua Pitangueira,Ciclovia,none
463,pdc_realizado_designado,6.4690597453324195,6.4690597453324195,2607208,way/337236701,Ciclovia de Porto de Galinhas,Ciclovia,Ciclovia
464,pdc_realizado_designado,1.9564687172685082,1.9564687172685082,2607208,way/337243583,Ciclovia de Porto de Galinhas,Ciclovia,Ciclovia
465,pdc_realizado_designado,0.07324970496750495,0.07324970496750495,2607208,way/337243584,Ciclovia de Porto de Galinhas,Ciclovia,Ciclovia
466,pdc_nao_realizado,0.24001462372823143,0.24001462372823143,2607208,way/795964890,,Ciclovia,none
467,pdc_nao_realizado,0.021811151630690247,0.021811151630690247,2607208,way/1363431141,Rua Pitangueira,Ciclovia,none
468,pdc_nao_realizado,0.22442662526988608,0.22442662526988608,2607208,way/23390013,Rua Beijupirá,Ciclovia,none
469,pdc_nao_realizado,0.14185507281360812,0.14185507281360812,2607208,way/287674404,Rua Beijupirá,Ciclovia,none
470,pdc_nao_realizado,0.28373013023312627,0.28373013023312627,2607208,way/788158796,Rua Beijupirá,Ciclovia,none
471,pdc_nao_realizado,0.2648829171550848,0.2648829171550848,2607208,way/77530402,Rua da Esperança,Ciclovia,none
472,pdc_nao_realizado,0.23428074837237295,0.23428074837237295,2607208,way/298183031,Rua da Esperança,Ciclovia,none
473,pdc_nao_realizado,0.24723947369334467,0.24723947369334467,2607208,way/298183034,Rua da Esperança,Ciclovia,none
474,pdc_nao_realizado,0.024186747293156192,0.024186747293156192,2607208,way/298183037,,Ciclovia,none
475,pdc_nao_realizado,0.0006606756492008464,0.0006606756492008464,2607208,way/1363348032,Rua da Esperança,Ciclovia,none
476,pdc_nao_realizado,0.054587001494689806,0.054587001494689806,2607208,way/23393266,Rua do Colégio,Ciclovia,none
477,pdc_nao_realizado,0.04885774779047986,0.04885774779047986,2607208,way/23393267,Rua Cristóvão Souza Leão,Ciclovia,none
478,pdc_nao_realizado,0.05512868659287654,0.05512868659287654,2607208,way/23393268,Rua Cristóvão Souza Leão,Ciclovia,none
479,pdc_nao_realizado,0.07133649643998619,0.07133649643998619,2607208,way/189139464,Rua Capitão Antônio Braz,Ciclovia,none
480,pdc_nao_realizado,0.042804944848190196,0.042804944848190196,2607208,way/189139472,Rua da Matriz,Ciclovia,none
481,pdc_realizado_nao_designado,0.06334275748519436,0.06334275748519436,2607208,way/547542955,Rua Cristóvão Souza Leão,Ciclovia,Ciclofaixa
482,pdc_realizado_nao_designado,0.12409835035259204,0.12409835035259204,2607208,way/1302726895,Rua do Colégio,Ciclovia,Ciclofaixa
483,pdc_nao_realizado,0.208545071689705,0.208545071689705,2607208,way/1389032264,Rua do Colégio,Ciclovia,none
484,pdc_nao_realizado,0.36994012381320146,0.36994012381320146,2607208,way/189139466,Rua Dezessete,Ciclovia,none
485,pdc_nao_realizado,0.39696369801342624,0.39696369801342624,2607208,way/189139468,Rua São Miguel,Ciclovia,none
486,pdc_nao_realizado,0.15690058331616358,0.15690058331616358,2607208,way/189139475,Rua do Mercado,Ciclovia,none
487,pdc_realizado_nao_designado,0.06518364867259206,0.06518364867259206,2607208,way/189139487,,Ciclovia,Ciclofaixa
488,pdc_nao_realizado,0.04881171207402218,0.04881171207402218,2607208,way/792545228,Rua do Comércio,Ciclovia,none
489,pdc_nao_realizado,0.07286641374615217,0.07286641374615217,2607208,way/817449621,Rua Pedro Serafim de Souza Leão,Ciclovia,none
490,pdc_nao_realizado,0.10394826726252875,0.10394826726252875,2607208,way/1182155327,Rua da Macaiba,Ciclovia,none
491,pdc_nao_realizado,0.08669256496068019,0.08669256496068019,2602902,way/30805314,,Ciclovia,none
492,pdc_nao_realizado,0.19824891159611485,0.19824891159611485,2602902,way/30805400,,Ciclovia,none
493,pdc_nao_realizado,0.05870135037165397,0.05870135037165397,2602902,way/30805491,,Ciclovia,none
494,pdc_nao_realizado,0.12865806431968696,0.12865806431968696,2607901,way/128408706,Rodovia Governador Mário Covas,Ciclovia,none
495,pdc_nao_realizado,0.12887523600817044,0.12887523600817044,2607901,way/128408708,Rodovia Governador Mário Covas,Ciclovia,none
496,pdc_nao_realizado,0.10048151885244791,0.10048151885244791,2607901,way/128408709,Rodovia Governador Mário Covas,Ciclovia,none
497,pdc_nao_realizado,0.05672172773937231,0.05672172773937231,2602902,way/182621993,,Ciclovia,none
498,pdc_nao_realizado,0.19746791376503156,0.19746791376503156,2607901,way/221891104,Rodovia Governador Mário Covas,Ciclovia,none
499,pdc_nao_realizado,0.030435392141927208,0.030435392141927208,2607901,way/222068900,,Ciclovia,none
500,pdc_nao_realizado,0.31565499575514383,0.31565499575514383,2607901,way/222069375,Rua Luís Rigueira,Ciclovia,none
501,pdc_nao_realizado,0.01822982148914869,0.01822982148914869,2607901,way/222184456,Avenida Conde da Boa Vista,Ciclovia,none
502,pdc_nao_realizado,0.07172044296116273,0.07172044296116273,2607901,way/222184457,Avenida Conde da Boa Vista,Ciclovia,none
503,pdc_nao_realizado,0.02173764894618531,0.02173764894618531,2607901,way/222184458,,Ciclovia,none
504,pdc_nao_realizado,0.026614120173015152,0.026614120173015152,2607901,way/222184459,Avenida Conde da Boa Vista,Ciclovia,none
505,pdc_nao_realizado,0.11682704394612048,0.11682704394612048,2602902,way/222694907,Antiga BR-101,Ciclovia,none
506,pdc_nao_realizado,0.868677008414958,0.868677008414958,2602902,way/222694910,Avenida Conde da Boa Vista,Ciclovia,none
507,pdc_nao_realizado,0.12925584001779952,0.12925584001779952,2602902,way/336009719,Antiga Rodovia BR-101 Sul,Ciclovia,none
508,pdc_nao_realizado,0.26071086321288256,0.26071086321288256,2602902,way/336009720,Avenida Nossa Senhora do Bom Conselho,Ciclovia,none
509,pdc_nao_realizado,0.01758352333099901,0.01758352333099901,2602902,way/336009725,,Ciclovia,none
510,pdc_nao_realizado,0.017494760082778803,0.017494760082778803,2602902,way/336009726,,Ciclovia,none
511,pdc_nao_realizado,0.6640305261091148,0.6640305261091148,2602902,way/336009732,Rua Bom Conselho,Ciclovia,none
512,pdc_nao_realizado,0.8700956695108818,0.8700956695108818,2602902,way/336009744,Avenida Nossa Senhora do Bom Conselho,Ciclovia,none
513,pdc_nao_realizado,0.06743875223200332,0.06743875223200332,2602902,way/336009772,,Ciclovia,none
514,pdc_nao_realizado,0.23922247544437786,0.23922247544437786,2602902,way/336009784,,Ciclovia,none
515,pdc_nao_realizado,0.06379137365050151,0.06379137365050151,2602902,way/336009787,,Ciclovia,none
516,pdc_nao_realizado,0.05177882740485421,0.05177882740485421,2602902,way/336009791,,Ciclovia,none
517,pdc_nao_realizado,0.18265062035986668,0.18265062035986668,2602902,way/526804443,,Ciclovia,none
518,pdc_nao_realizado,0.022807577393270134,0.022807577393270134,2602902,way/543326758,,Ciclovia,none
519,pdc_nao_realizado,0.04413361854153674,0.04413361854153674,2602902,way/656134743,Avenida Nossa Senhora do Bom Conselho,Ciclovia,none
520,pdc_nao_realizado,0.029647609858251624,0.029647609858251624,2607901,way/662336659,Rodovia Governador Mário Covas,Ciclovia,none
521,pdc_nao_realizado,0.43596535405630743,0.43596535405630743,2602902,way/663373161,,Ciclovia,none
522,pdc_nao_realizado,1.4436960004878954,1.4436960004878954,2602902,way/696983738,Avenida Nossa Senhora do Bom Conselho,Ciclovia,none
523,pdc_nao_realizado,0.25822943009741645,0.25822943009741645,2602902,way/696983740,Avenida Nossa Senhora do Bom Conselho,Ciclovia,none
524,pdc_nao_realizado,0.08498084751681645,0.08498084751681645,2602902,way/696986893,Avenida Nossa Senhora do Bom Conselho,Ciclovia,none
525,pdc_nao_realizado,0.21857564077891214,0.21857564077891214,2607901,way/775734075,Rodovia Governador Mário Covas,Ciclovia,none
526,pdc_nao_realizado,0.23359114320107857,0.23359114320107857,2607901,way/775734076,Rodovia Governador Mário Covas,Ciclovia,none
527,pdc_nao_realizado,0.0917790223804996,0.0917790223804996,2607901,way/777147674,Rodovia Governador Mário Covas,Ciclovia,none
528,pdc_nao_realizado,0.10114720543847888,0.10114720543847888,2607901,way/777147675,Rodovia Governador Mário Covas,Ciclovia,none
529,pdc_nao_realizado,0.031307053999020375,0.031307053999020375,2607901,way/777147676,,Ciclovia,none
530,pdc_nao_realizado,0.019146417355400014,0.019146417355400014,2607901,way/777147677,,Ciclovia,none
531,pdc_nao_realizado,0.026587530288309583,0.026587530288309583,2607901,way/777147678,Antiga BR-101,Ciclovia,none
532,pdc_nao_realizado,0.809536294101821,0.809536294101821,2607901,way/777147679,Antiga BR-101,Ciclovia,none
533,pdc_nao_realizado,0.041231934933499505,0.041231934933499505,2607901,way/777147680,Antiga BR-101,Ciclovia,none
534,pdc_nao_realizado,0.047906788331682326,0.047906788331682326,2607901,way/777147681,,Ciclovia,none
535,pdc_nao_realizado,0.019030406933049925,0.019030406933049925,2607901,way/777147682,,Ciclovia,none
536,pdc_nao_realizado,0.029269843623985204,0.029269843623985204,2607901,way/777147683,Antiga BR-101,Ciclovia,none
537,pdc_nao_realizado,0.04457761107557673,0.04457761107557673,2607901,way/777147684,Antiga BR-101,Ciclovia,none
538,pdc_nao_realizado,0.04658964365336503,0.04658964365336503,2607901,way/777147685,Antiga BR-101,Ciclovia,none
539,pdc_nao_realizado,0.04355903065926512,0.04355903065926512,2607901,way/777147686,,Ciclovia,none
540,pdc_nao_realizado,0.03768397994637346,0.03768397994637346,2602902,way/789067108,,Ciclovia,none
541,pdc_nao_realizado,0.03385578665875966,0.03385578665875966,2602902,way/789067109,,Ciclovia,none
542,pdc_nao_realizado,0.03718713043359674,0.03718713043359674,2602902,way/789067110,,Ciclovia,none
543,pdc_nao_realizado,0.17707585178394272,0.17707585178394272,2602902,way/791084162,,Ciclovia,none
544,pdc_realizado_designado,0.012140848721610524,0.012140848721610524,2602902,way/791084170,PE-060,Ciclovia,Ciclovia
545,pdc_realizado_designado,0.3244401045900158,0.3244401045900158,2602902,way/791084171,PE-060,Ciclovia,Ciclovia
546,pdc_realizado_designado,0.02373152737961719,0.02373152737961719,2602902,way/791084172,PE-060,Ciclovia,Ciclovia
547,pdc_realizado_designado,0.22196551388008556,0.22196551388008556,2602902,way/791084173,PE-060,Ciclovia,Ciclovia
548,pdc_realizado_designado,0.38733585572059426,0.38733585572059426,2602902,way/791084177,PE-060,Ciclovia,Ciclovia
549,pdc_nao_realizado,0.10203214925433414,0.10203214925433414,2602902,way/791084182,,Ciclovia,none
550,pdc_nao_realizado,0.041409431891991075,0.041409431891991075,2602902,way/791084185,,Ciclovia,none
551,pdc_nao_realizado,0.08576832491745412,0.08576832491745412,2602902,way/791084186,,Ciclovia,none
552,pdc_nao_realizado,0.011728204563552924,0.011728204563552924,2602902,way/791084187,,Ciclovia,none
553,pdc_nao_realizado,0.028400030896378537,0.028400030896378537,2602902,way/791084188,,Ciclovia,none
554,pdc_nao_realizado,0.15405391074169614,0.15405391074169614,2602902,way/791084210,Avenida Nossa Senhora do Bom Conselho,Ciclovia,none
555,pdc_nao_realizado,0.06705140739610452,0.06705140739610452,2607901,way/791084234,Rodovia Governador Mário Covas,Ciclovia,none
556,pdc_nao_realizado,4.325815016207177,4.325815016207177,2607901,way/791161111,Antiga BR-101,Ciclovia,none
557,pdc_nao_realizado,0.1481330876543745,0.1481330876543745,2602902,way/791161130,Avenida Nossa Senhora do Bom Conselho,Ciclovia,none
558,pdc_nao_realizado,0.023212251023287438,0.023212251023287438,2602902,way/791161145,,Ciclovia,none
559,pdc_nao_realizado,0.03439338708545215,0.03439338708545215,2602902,way/791161146,,Ciclovia,none
560,pdc_nao_realizado,0.019296194650045718,0.019296194650045718,2602902,way/791161147,,Ciclovia,none
561,pdc_nao_realizado,0.20680268582185038,0.20680268582185038,2602902,way/791161149,,Ciclovia,none
562,pdc_nao_realizado,0.020687717012255597,0.020687717012255597,2602902,way/791161150,,Ciclovia,none
563,pdc_nao_realizado,0.04152837637607108,0.04152837637607108,2602902,way/791161151,,Ciclovia,none
564,pdc_nao_realizado,0.5121689779555347,0.5121689779555347,2602902,way/791161153,,Ciclovia,none
565,pdc_nao_realizado,0.38556527460784684,0.38556527460784684,2602902,way/791161155,,Ciclovia,none
566,pdc_nao_realizado,0.15910670367826624,0.15910670367826624,2602902,way/791161156,,Ciclovia,none
567,pdc_nao_realizado,0.05396305049312695,0.05396305049312695,2607901,way/964974110,Avenida Conde da Boa Vista,Ciclovia,none
568,pdc_nao_realizado,0.01423654680516046,0.01423654680516046,2607901,way/964974111,Avenida Conde da Boa Vista,Ciclovia,none
569,pdc_nao_realizado,0.08366059723690049,0.08366059723690049,2607901,way/965969160,Antiga BR-101,Ciclovia,none
570,pdc_nao_realizado,0.07130447438931274,0.07130447438931274,2607901,way/968620418,Rodovia Governador Mário Covas,Ciclovia,none
571,pdc_nao_realizado,0.06207947314314719,0.06207947314314719,2607901,way/968620419,Rodovia Governador Mário Covas,Ciclovia,none
572,pdc_nao_realizado,0.002952926048515311,0.002952926048515311,2602902,way/1183725248,Avenida Almirante Paulo Moreira,Ciclovia,none
573,pdc_nao_realizado,0.018629337927722835,0.018629337927722835,2602902,way/1183725250,,Ciclovia,none
574,pdc_nao_realizado,0.07977953768973806,0.07977953768973806,2602902,way/1183725251,,Ciclovia,none
575,pdc_nao_realizado,0.03736542765045189,0.03736542765045189,2602902,way/179536232,Rua Doutor Souza Leão,Ciclovia,none
576,pdc_realizado_nao_designado,0.694651134913605,0.694651134913605,2602902,way/179536340,Avenida Historiador Pereira da Costa,Ciclovia,Ciclofaixa
577,pdc_nao_realizado,0.04450196341680223,0.04450196341680223,2602902,way/626945460,Avenida Historiador Pereira da Costa,Ciclovia,none
578,pdc_nao_realizado,0.02034831207201049,0.02034831207201049,2602902,way/672402280,Avenida Historiador Pereira da Costa,Ciclovia,none
579,pdc_nao_realizado,0.17535495565692077,0.17535495565692077,2602902,way/672402281,Avenida Historiador Pereira da Costa,Ciclovia,none
580,pdc_nao_realizado,0.020453455318904693,0.020453455318904693,2602902,way/791084157,Rua Doutor Souza Leão,Ciclovia,none
581,pdc_nao_realizado,0.1423636710685696,0.1423636710685696,2602902,way/791161168,Rua Doutor Souza Leão,Ciclovia,none
582,pdc_nao_realizado,0.21357602232049305,0.21357602232049305,2602902,way/222802493,Rua Trapiche,Ciclovia,none
583,pdc_nao_realizado,0.6929673562679937,0.6929673562679937,2602902,way/758463099,Rua José Lins Teles,Ciclovia,none
584,pdc_nao_realizado,0.05580442491799529,0.05580442491799529,2602902,way/1183558445,Rua Vereador Volney da Costa Machado,Ciclovia,none
585,pdc_realizado_designado,5.204444038412444,5.204444038412444,2602902,way/312277585,Ciclovia do Paiva,Ciclovia,Ciclovia
586,pdc_realizado_designado,1.2973395993076284,1.2973395993076284,2602902,way/994960939,Ciclovia do Paiva,Ciclovia,Ciclovia
587,pdc_nao_realizado,0.6547091631888023,0.6547091631888023,2602902,way/222801488,Rua Quatorze,Ciclovia,none
588,pdc_nao_realizado,0.48051525013139545,0.48051525013139545,2602902,way/626945479,Rua Quartorze,Ciclovia,none
589,pdc_nao_realizado,0.0742580288270449,0.0742580288270449,2602902,way/771931144,Rua Quartorze,Ciclovia,none
590,pdc_nao_realizado,0.5832319272701934,0.5832319272701934,2602902,way/222801820,Rua Santa Margarida,Ciclovia,none
591,pdc_nao_realizado,0.06968825814803283,0.06968825814803283,2607901,way/138285431,Avenida Presidente Castelo Branco,Ciclovia,none
592,pdc_nao_realizado,0.08698974558742564,0.08698974558742564,2607901,way/297820011,Rua Nossa Senhora de Fátima,Ciclovia,none
593,pdc_nao_realizado,0.2133284987451613,0.2133284987451613,2607901,way/791390439,Avenida Presidente Castelo Branco,Ciclovia,none
594,pdc_realizado_nao_designado,0.21399365616024257,0.21399365616024257,2607901,way/791390444,Avenida Presidente Castelo Branco,Ciclovia,Ciclofaixa
595,pdc_nao_realizado,0.011305114451335323,0.011305114451335323,2607901,way/965747019,Avenida Presidente Castelo Branco,Ciclovia,none
596,pdc_nao_realizado,0.012306151663560581,0.012306151663560581,2607901,way/965747020,Avenida Presidente Castelo Branco,Ciclovia,none
597,pdc_nao_realizado,0.0677674519871544,0.0677674519871544,2607901,way/965747021,Avenida Presidente Castelo Branco,Ciclovia,none
598,pdc_realizado_nao_designado,0.14907090929820904,0.14907090929820904,2607901,way/965747597,Avenida Presidente Castelo Branco,Ciclovia,Ciclofaixa
599,pdc_realizado_nao_designado,0.010935671335595277,0.010935671335595277,2607901,way/965747885,Avenida Presidente Castelo Branco,Ciclovia,Ciclofaixa
600,pdc_nao_realizado,0.010223141193550334,0.010223141193550334,2607901,way/965747886,Avenida Presidente Castelo Branco,Ciclovia,none
601,pdc_nao_realizado,0.009724803006114346,0.009724803006114346,2607901,way/965747887,Avenida Presidente Castelo Branco,Ciclovia,none
602,pdc_nao_realizado,0.18251038732165306,0.18251038732165306,2607901,way/965747888,Avenida Presidente Castelo Branco,Ciclovia,none
603,pdc_realizado_nao_designado,0.17965447885223498,0.17965447885223498,2607901,way/965747891,Avenida Presidente Castelo Branco,Ciclovia,Ciclofaixa
604,pdc_nao_realizado,0.01109865136282012,0.01109865136282012,2607901,way/965749994,Avenida Presidente Castelo Branco,Ciclovia,none
605,pdc_nao_realizado,0.3463671627605947,0.3463671627605947,2607901,way/965749995,Avenida Presidente Castelo Branco,Ciclovia,none
606,pdc_realizado_nao_designado,0.011011874562889466,0.011011874562889466,2607901,way/965749996,Avenida Presidente Castelo Branco,Ciclovia,Ciclofaixa
607,pdc_realizado_nao_designado,0.3581061387772046,0.3581061387772046,2607901,way/965749997,Avenida Presidente Castelo Branco,Ciclovia,Ciclofaixa
608,pdc_nao_realizado,0.0039090581342094985,0.0039090581342094985,2607901,way/965954398,Avenida Presidente Castelo Branco,Ciclovia,none
609,pdc_realizado_nao_designado,0.01953667019539114,0.01953667019539114,2607901,way/966249194,Avenida Presidente Castelo Branco,Ciclovia,Ciclofaixa
610,pdc_realizado_nao_designado,0.2505810424202625,0.2505810424202625,2607901,way/966249195,Avenida Presidente Castelo Branco,Ciclovia,Ciclofaixa
611,pdc_nao_realizado,0.019457144627630915,0.019457144627630915,2607901,way/966249196,Avenida Presidente Castelo Branco,Ciclovia,none
612,pdc_nao_realizado,0.37700730910756375,0.37700730910756375,2607901,way/966249197,Avenida Presidente Castelo Branco,Ciclovia,none
613,pdc_realizado_nao_designado,0.020687978844698994,0.020687978844698994,2607901,way/966251808,Avenida Presidente Castelo Branco,Ciclovia,Ciclofaixa
614,pdc_realizado_nao_designado,0.11103091326272341,0.11103091326272341,2607901,way/966251809,Avenida Presidente Castelo Branco,Ciclovia,Ciclofaixa
615,pdc_realizado_nao_designado,0.010681306162453115,0.010681306162453115,2607901,way/966521688,Avenida Presidente Castelo Branco,Ciclovia,Ciclofaixa
616,pdc_realizado_nao_designado,0.11260556028024779,0.11260556028024779,2607901,way/966521689,Avenida Presidente Castelo Branco,Ciclovia,Ciclofaixa
617,pdc_nao_realizado,0.010576095296749086,0.010576095296749086,2607901,way/966521692,Avenida Presidente Castelo Branco,Ciclovia,none
618,pdc_nao_realizado,0.10241112023854486,0.10241112023854486,2607901,way/966521693,Avenida Presidente Castelo Branco,Ciclovia,none
619,pdc_realizado_nao_designado,0.03231960078246031,0.03231960078246031,2607901,way/966523299,Avenida Presidente Castelo Branco,Ciclovia,Ciclofaixa
620,pdc_nao_realizado,0.18618142802951035,0.18618142802951035,2607901,way/966523301,Avenida Presidente Castelo Branco,Ciclovia,none
621,pdc_realizado_nao_designado,0.18635203242562548,0.18635203242562548,2607901,way/966523302,Avenida Presidente Castelo Branco,Ciclovia,Ciclofaixa
622,pdc_nao_realizado,0.5425966885322628,0.5425966885322628,2607901,way/185835779,Estrada de Curcurana,Ciclovia,none
623,pdc_nao_realizado,0.03274532268952945,0.03274532268952945,2607901,way/311499287,,Ciclovia,none
624,pdc_nao_realizado,0.04308913343006382,0.04308913343006382,2607901,way/311499290,,Ciclovia,none
625,pdc_nao_realizado,0.46851623383603136,0.46851623383603136,2602902,way/608712184,Rua Curumirim,Ciclovia,none
626,pdc_nao_realizado,0.22829109451202118,0.22829109451202118,2602902,way/608712197,Rua Vereador Horácio Ferraz Cavalcante,Ciclovia,none
627,pdc_nao_realizado,0.13917871764531847,0.13917871764531847,2602902,way/683462083,Estrada de Curcurana,Ciclovia,none
628,pdc_nao_realizado,0.4848979993401095,0.4848979993401095,2607901,way/696477217,Estrada de Curcurana,Ciclovia,none
629,pdc_nao_realizado,0.03744462542151131,0.03744462542151131,2607901,way/696477218,Estrada de Curcurana,Ciclovia,none
630,pdc_nao_realizado,0.8950308891837088,0.8950308891837088,2607901,way/697193047,Estrada de Curcurana,Ciclovia,none
631,pdc_nao_realizado,0.02064913681566619,0.02064913681566619,2607901,way/791161118,Estrada de Curcurana,Ciclovia,none
632,pdc_nao_realizado,1.0756552931501722,1.0756552931501722,2607901,way/791161125,Estrada de Curcurana,Ciclovia,none
633,pdc_nao_realizado,0.032218626137524534,0.032218626137524534,2607901,way/966021913,Estrada de Curcurana,Ciclovia,none
634,pdc_nao_realizado,0.023478430610425264,0.023478430610425264,2607901,way/1007130098,,Ciclovia,none
635,pdc_realizado_designado,0.3035674865528498,0.3035674865528498,2602902,way/312277587,Ponte do Paiva,Ciclovia,Ciclovia
636,pdc_realizado_designado,0.017735999125847775,0.017735999125847775,2602902,way/665465661,Ponte do Paiva,Ciclovia,Ciclovia
637,pdc_realizado_nao_designado,0.018826998433720432,0.018826998433720432,2607901,way/311499289,Rua Nove,Ciclovia,Ciclofaixa
638,pdc_realizado_nao_designado,0.4267603909921851,0.4267603909921851,2607901,way/696476085,Rua Padre Nestor de Alencar,Ciclovia,Ciclofaixa
639,pdc_realizado_nao_designado,0.019724981025662364,0.019724981025662364,2607901,way/857326677,Rua Padre Nestor de Alencar,Ciclovia,Ciclofaixa
640,pdc_realizado_nao_designado,0.11314445305870897,0.11314445305870897,2607901,way/104073043,Avenida Presidente Castelo Branco,Ciclovia,Ciclofaixa
641,pdc_realizado_nao_designado,0.013905386726732154,0.013905386726732154,2607901,way/777712219,Avenida Presidente Castelo Branco,Ciclovia,Ciclofaixa
642,pdc_realizado_nao_designado,0.014040406752035854,0.014040406752035854,2607901,way/777712220,Avenida Presidente Castelo Branco,Ciclovia,Ciclofaixa
643,pdc_realizado_nao_designado,0.2999887282121899,0.2999887282121899,2607901,way/788989584,Avenida Presidente Castelo Branco,Ciclovia,Ciclofaixa
644,pdc_realizado_nao_designado,0.022628807430622407,0.022628807430622407,2607901,way/966028387,Avenida Presidente Castelo Branco,Ciclovia,Ciclofaixa
645,pdc_realizado_nao_designado,0.1417816342335556,0.1417816342335556,2607901,way/1184098656,Rua Padre Nestor de Alencar,Ciclovia,Ciclofaixa
646,pdc_nao_realizado,0.4047302985609403,0.4047302985609403,2607901,way/86261820,Avenida Barreto de Menezes,Ciclovia,none
647,pdc_nao_realizado,0.0776249025566952,0.0776249025566952,2607901,way/100351202,Avenida dos Guararapes,Ciclovia,none
648,pdc_nao_realizado,0.028863910002043545,0.028863910002043545,2607901,way/141710732,Avenida Barreto de Menezes,Ciclovia,none
649,pdc_nao_realizado,0.14711313333084286,0.14711313333084286,2607901,way/141710733,Avenida Barreto de Menezes,Ciclovia,none
650,pdc_nao_realizado,0.07727100898771731,0.07727100898771731,2607901,way/141721505,Avenida dos Guararapes,Ciclovia,none
651,pdc_nao_realizado,0.7729223455402798,0.7729223455402798,2607901,way/141722208,Avenida dos Guararapes,Ciclovia,none
652,pdc_nao_realizado,0.002472023051973245,0.002472023051973245,2607901,way/223668423,Avenida Barreto de Menezes,Ciclovia,none
653,pdc_nao_realizado,0.039176041715639105,0.039176041715639105,2607901,way/223668424,Avenida Barreto de Menezes,Ciclovia,none
654,pdc_nao_realizado,0.20761630227512637,0.20761630227512637,2607901,way/248519921,Avenida Barreto de Menezes,Ciclovia,none
655,pdc_nao_realizado,0.13683431232049229,0.13683431232049229,2607901,way/323164369,Avenida Barreto de Menezes,Ciclovia,none
656,pdc_nao_realizado,0.6971837302995526,0.6971837302995526,2607901,way/625776185,Avenida dos Guararapes,Ciclovia,none
657,pdc_nao_realizado,0.034403096008648625,0.034403096008648625,2607901,way/625776189,Avenida dos Guararapes,Ciclovia,none
658,pdc_nao_realizado,0.028102434168765136,0.028102434168765136,2607901,way/625776190,,Ciclovia,none
659,pdc_nao_realizado,0.01828086343990246,0.01828086343990246,2607901,way/625776195,,Ciclovia,none
660,pdc_nao_realizado,0.02472775313735589,0.02472775313735589,2607901,way/625776196,,Ciclovia,none
661,pdc_nao_realizado,0.0512841137346824,0.0512841137346824,2607901,way/660303149,,Ciclovia,none
662,pdc_nao_realizado,0.01991980805214039,0.01991980805214039,2607901,way/671953266,Avenida Barreto de Menezes,Ciclovia,none
663,pdc_nao_realizado,0.2928978773069829,0.2928978773069829,2607901,way/671953267,Avenida Barreto de Menezes,Ciclovia,none
664,pdc_nao_realizado,0.030558542085191143,0.030558542085191143,2607901,way/684407125,Avenida dos Guararapes,Ciclovia,none
665,pdc_nao_realizado,0.03736672103011017,0.03736672103011017,2607901,way/692880319,Avenida Barreto de Menezes,Ciclovia,none
666,pdc_nao_realizado,0.008235543097941075,0.008235543097941075,2607901,way/778025640,Avenida Barreto de Menezes,Ciclovia,none
667,pdc_nao_realizado,0.007130757962745391,0.007130757962745391,2607901,way/791390448,Avenida Barreto de Menezes,Ciclovia,none
668,pdc_nao_realizado,0.02332871789331956,0.02332871789331956,2607901,way/928484955,Avenida Barreto de Menezes,Ciclovia,none
669,pdc_nao_realizado,0.013656096327073349,0.013656096327073349,2607901,way/928484956,Avenida Barreto de Menezes,Ciclovia,none
670,pdc_nao_realizado,0.1122479281289898,0.1122479281289898,2607901,way/928484957,Avenida Barreto de Menezes,Ciclovia,none
671,pdc_nao_realizado,0.10056940280813075,0.10056940280813075,2607901,way/966484188,Avenida Barreto de Menezes,Ciclovia,none
672,pdc_nao_realizado,0.09252865390556754,0.09252865390556754,2607901,way/966485581,Avenida Barreto de Menezes,Ciclovia,none
673,pdc_nao_realizado,0.011841937230886439,0.011841937230886439,2607901,way/966590266,Avenida Barreto de Menezes,Ciclovia,none
674,pdc_nao_realizado,0.027510902089785353,0.027510902089785353,2607901,way/966592531,Avenida Barreto de Menezes,Ciclovia,none
675,pdc_nao_realizado,0.017405938726235796,0.017405938726235796,2607901,way/967983469,Avenida Barreto de Menezes,Ciclovia,none
676,pdc_nao_realizado,0.0057903589996263155,0.0057903589996263155,2607901,way/1183750777,Avenida Barreto de Menezes,Ciclovia,none
677,pdc_realizado_nao_designado,1.1852343328667923,1.1852343328667923,2607901,way/134495710,Avenida Ayrton Senna da Silva,Ciclovia,Ciclofaixa
678,pdc_realizado_nao_designado,0.28603940290776775,0.28603940290776775,2607901,way/151965670,Avenida Ayrton Senna da Silva,Ciclovia,Ciclofaixa
679,pdc_realizado_nao_designado,0.23998737859320582,0.23998737859320582,2607901,way/151966145,Avenida Ayrton Senna da Silva,Ciclovia,Ciclofaixa
680,pdc_realizado_nao_designado,0.16146634990523917,0.16146634990523917,2607901,way/151966148,Avenida Ayrton Senna da Silva,Ciclovia,Ciclofaixa
681,pdc_realizado_nao_designado,0.17460770438692189,0.17460770438692189,2607901,way/151966152,Avenida Ayrton Senna da Silva,Ciclovia,Ciclofaixa
682,pdc_realizado_nao_designado,0.3620867221162037,0.3620867221162037,2607901,way/151966506,Avenida Ayrton Senna da Silva,Ciclovia,Ciclofaixa
683,pdc_realizado_nao_designado,0.17873838839222647,0.17873838839222647,2607901,way/620663010,Avenida Ayrton Senna da Silva,Ciclovia,Ciclofaixa
684,pdc_realizado_nao_designado,0.1341153541368075,0.1341153541368075,2607901,way/694315468,Avenida Ayrton Senna da Silva,Ciclovia,Ciclofaixa
685,pdc_realizado_nao_designado,0.15597501686459306,0.15597501686459306,2607901,way/775797268,Avenida Ayrton Senna da Silva,Ciclovia,Ciclofaixa
686,pdc_realizado_nao_designado,0.3091080081346575,0.3091080081346575,2607901,way/775797269,Avenida Ayrton Senna da Silva,Ciclovia,Ciclofaixa
687,pdc_realizado_nao_designado,0.1377895804684657,0.1377895804684657,2607901,way/791390433,Avenida Ayrton Senna da Silva,Ciclovia,Ciclofaixa
688,pdc_realizado_nao_designado,0.04494187348513112,0.04494187348513112,2607901,way/791390446,Avenida Ayrton Senna da Silva,Ciclovia,Ciclofaixa
689,pdc_realizado_nao_designado,0.08905837376493107,0.08905837376493107,2607901,way/966296636,Avenida Ayrton Senna da Silva,Ciclovia,Ciclofaixa
690,pdc_realizado_nao_designado,0.14085280495806485,0.14085280495806485,2607901,way/967977330,Avenida Ayrton Senna da Silva,Ciclovia,Ciclofaixa
691,pdc_realizado_nao_designado,0.0743421677665448,0.0743421677665448,2607901,way/967977331,Avenida Ayrton Senna da Silva,Ciclovia,Ciclofaixa
692,pdc_realizado_nao_designado,0.07718176070586572,0.07718176070586572,2607901,way/968226685,Avenida Ayrton Senna da Silva,Ciclovia,Ciclofaixa
693,pdc_realizado_nao_designado,0.02320187120609785,0.02320187120609785,2607901,way/968271117,Avenida Ayrton Senna da Silva,Ciclovia,Ciclofaixa
694,pdc_realizado_nao_designado,0.08598256863127077,0.08598256863127077,2607901,way/968271118,Avenida Ayrton Senna da Silva,Ciclovia,Ciclofaixa
695,pdc_realizado_nao_designado,0.07443152732318661,0.07443152732318661,2607901,way/968293257,Avenida Ayrton Senna da Silva,Ciclovia,Ciclofaixa
696,pdc_realizado_nao_designado,0.049231512925925376,0.049231512925925376,2607901,way/968293258,Avenida Ayrton Senna da Silva,Ciclovia,Ciclofaixa
697,pdc_realizado_nao_designado,0.20835014741266944,0.20835014741266944,2607901,way/968293260,Avenida Ayrton Senna da Silva,Ciclovia,Ciclofaixa
698,pdc_nao_realizado,0.2836937355959426,0.2836937355959426,2607901,way/80456614,Avenida Doutor Júlio Maranhão,Ciclovia,none
699,pdc_nao_realizado,0.05840861360358781,0.05840861360358781,2607901,way/221560194,Estrada da Batalha,Ciclovia,none
700,pdc_nao_realizado,0.15405331248586226,0.15405331248586226,2607901,way/221560198,Estrada da Batalha,Ciclovia,none
701,pdc_nao_realizado,0.037031629213459365,0.037031629213459365,2607901,way/223934654,,Ciclovia,none
702,pdc_nao_realizado,0.017462313906902727,0.017462313906902727,2607901,way/248519918,Estrada da Batalha,Ciclovia,none
703,pdc_nao_realizado,0.7105423783424066,0.7105423783424066,2607901,way/319943421,Estrada da Batalha,Ciclovia,none
704,pdc_nao_realizado,0.0437963687204161,0.0437963687204161,2607901,way/322980384,,Ciclovia,none
705,pdc_nao_realizado,0.044426719812169634,0.044426719812169634,2607901,way/323164372,Avenida Barreto de Menezes,Ciclovia,none
706,pdc_nao_realizado,0.02540734104435627,0.02540734104435627,2607901,way/323164374,Estrada da Batalha,Ciclovia,none
707,pdc_nao_realizado,0.2512862924227921,0.2512862924227921,2607901,way/544239620,Avenida Doutor Júlio Maranhão,Ciclovia,none
708,pdc_nao_realizado,0.7101380688013672,0.7101380688013672,2607901,way/618690579,Estrada da Batalha,Ciclovia,none
709,pdc_nao_realizado,0.40648335000586844,0.40648335000586844,2607901,way/625776163,Avenida Doutor Júlio Maranhão,Ciclovia,none
710,pdc_nao_realizado,0.19695492892280828,0.19695492892280828,2607901,way/625776167,Avenida Doutor Júlio Maranhão,Ciclovia,none
711,pdc_nao_realizado,0.07778380774334794,0.07778380774334794,2607901,way/625776168,Estrada da Batalha,Ciclovia,none
712,pdc_nao_realizado,0.047940756497740246,0.047940756497740246,2607901,way/625776169,Estrada da Batalha,Ciclovia,none
713,pdc_nao_realizado,0.010751685503957617,0.010751685503957617,2607901,way/660835180,Avenida Doutor Júlio Maranhão,Ciclovia,none
714,pdc_nao_realizado,0.007969760455614951,0.007969760455614951,2607901,way/660835187,Avenida Doutor Júlio Maranhão,Ciclovia,none
715,pdc_nao_realizado,0.024940304742103812,0.024940304742103812,2607901,way/692457354,Estrada da Batalha,Ciclovia,none
716,pdc_nao_realizado,0.07576014763822467,0.07576014763822467,2607901,way/692462515,Avenida Doutor Júlio Maranhão,Ciclovia,none
717,pdc_nao_realizado,0.03158904359225004,0.03158904359225004,2607901,way/692880309,Avenida Doutor Júlio Maranhão,Ciclovia,none
718,pdc_nao_realizado,0.016623101930955862,0.016623101930955862,2607901,way/775745354,Avenida Doutor Júlio Maranhão,Ciclovia,none
719,pdc_nao_realizado,0.08155318424023908,0.08155318424023908,2607901,way/775745356,Avenida Doutor Júlio Maranhão,Ciclovia,none
720,pdc_nao_realizado,0.1593805918230147,0.1593805918230147,2607901,way/775782195,Estrada da Batalha,Ciclovia,none
721,pdc_nao_realizado,0.036572316006320875,0.036572316006320875,2607901,way/775782196,Estrada da Batalha,Ciclovia,none
722,pdc_nao_realizado,0.041559300074840835,0.041559300074840835,2607901,way/775797260,Estrada da Batalha,Ciclovia,none
723,pdc_nao_realizado,0.025039588307142386,0.025039588307142386,2607901,way/775797261,Estrada da Batalha,Ciclovia,none
724,pdc_nao_realizado,0.026130155433740268,0.026130155433740268,2607901,way/775797283,Estrada da Batalha,Ciclovia,none
725,pdc_nao_realizado,0.005438946203448546,0.005438946203448546,2607901,way/775797284,Estrada da Batalha,Ciclovia,none
726,pdc_nao_realizado,0.03173801644703304,0.03173801644703304,2607901,way/791161089,Avenida Doutor Júlio Maranhão,Ciclovia,none
727,pdc_nao_realizado,0.015367534669484009,0.015367534669484009,2607901,way/791390432,Estrada da Batalha,Ciclovia,none
728,pdc_nao_realizado,0.03666464216672522,0.03666464216672522,2607901,way/791390450,Estrada da Batalha,Ciclovia,none
729,pdc_realizado_nao_designado,0.17104648870354588,0.17104648870354588,2607901,way/223087263,Rua Nossa Senhora de Fátima,Ciclovia,Ciclofaixa
730,pdc_nao_realizado,0.46863200342853195,0.46863200342853195,2607901,way/222795649,Rua Doutor Luís Regueira,Ciclovia,none
731,pdc_nao_realizado,0.4741405376863919,0.4741405376863919,2607901,way/625764238,,Ciclovia,none
732,pdc_nao_realizado,0.06184285457124869,0.06184285457124869,2607901,way/625764248,,Ciclovia,none
733,pdc_nao_realizado,0.012229590123186876,0.012229590123186876,2607901,way/625764377,,Ciclovia,none
734,pdc_nao_realizado,0.026949732991463422,0.026949732991463422,2607901,way/775734077,Terminal Integrado Cajueiro Seco,Ciclovia,none
735,pdc_nao_realizado,0.05045099201855713,0.05045099201855713,2607901,way/775734079,Terminal Integrado Cajueiro Seco,Ciclovia,none
736,pdc_nao_realizado,0.03309296467117601,0.03309296467117601,2607901,way/775782194,Terminal Integrado Cajueiro Seco,Ciclovia,none
737,pdc_nao_realizado,0.016783948080920544,0.016783948080920544,2607901,way/791161092,Terminal Integrado Cajueiro Seco,Ciclovia,none
738,pdc_nao_realizado,0.16460679221738697,0.16460679221738697,2607901,way/964981071,Rua Doutor Luís Regueira,Ciclovia,none
739,pdc_nao_realizado,0.28024341476152675,0.28024341476152675,2607901,way/964986554,Rua Doutor Luís Regueira,Ciclovia,none
740,pdc_nao_realizado,0.15939968806915641,0.15939968806915641,2607901,way/964997051,Rua Doutor Luís Regueira,Ciclovia,none
741,pdc_nao_realizado,0.015592082513234608,0.015592082513234608,2607901,way/1183750789,Terminal Integrado Cajueiro Seco,Ciclovia,none
742,pdc_nao_realizado,0.002299927904069016,0.002299927904069016,2607901,way/1183750791,Avenida Doutor Gonzaga Maranhão,Ciclovia,none
743,pdc_nao_realizado,0.4776554170876347,0.4776554170876347,2607901,way/86261819,Avenida Ulisses Montarroyos,Ciclovia,none
744,pdc_nao_realizado,0.2943915850314034,0.2943915850314034,2607901,way/86261821,Avenida Ulisses Montarroyos,Ciclovia,none
745,pdc_nao_realizado,0.07375944556339421,0.07375944556339421,2607901,way/539762303,Avenida Ulisses Montarroyos,Ciclovia,none
746,pdc_nao_realizado,0.11377819112739525,0.11377819112739525,2607901,way/791390449,Avenida Ulisses Montarroyos,Ciclovia,none
747,pdc_realizado_designado,0.5316328363443038,0.5316328363443038,2607901,way/539853387,Avenida Beira Mar,Ciclovia,Ciclovia
748,pdc_realizado_designado,0.2513829701161592,0.2513829701161592,2607901,way/1104436091,Avenida Beira Mar,Ciclovia,Ciclovia
749,pdc_realizado_designado,0.21585898529334713,0.21585898529334713,2607901,way/1104436581,Avenida Beira Mar,Ciclovia,Ciclovia
750,pdc_nao_realizado,4.256495502581394,4.256495502581394,2607901,way/246960801,Avenida Barão de Lucena,Ciclovia,none
751,pdc_nao_realizado,0.7553491040473082,0.7553491040473082,2609402,way/466491077,Avenida Doutor Sofrônio Portela,Ciclovia,none
752,pdc_nao_realizado,0.9466786034616227,0.9466786034616227,2609402,way/466491084,Avenida Tenente Cleto Campelo,Ciclovia,none
753,pdc_nao_realizado,0.06345327239717521,0.06345327239717521,2607901,way/694610904,Avenida Barão de Lucena,Ciclovia,none
754,pdc_nao_realizado,2.1075100607322144,2.1075100607322144,2609402,way/694610913,PE-007,Ciclovia,none
755,pdc_nao_realizado,0.7974714336516019,0.7974714336516019,2607901,way/694610914,Avenida Barão de Lucena,Ciclovia,none
756,pdc_nao_realizado,0.023613003020965802,0.023613003020965802,2607901,way/1377852991,Avenida Barão de Lucena,Ciclovia,none
757,pdc_nao_realizado,0.10860459385526536,0.10860459385526536,2607901,way/1377852992,Avenida Barão de Lucena,Ciclovia,none
758,pdc_nao_realizado,0.08219758428931652,0.08219758428931652,2609402,way/1377852993,Avenida Barão de Lucena,Ciclovia,none
759,pdc_nao_realizado,0.7792081209907471,0.7792081209907471,2609402,way/1377852997,Avenida Tenente Cleto Campelo,Ciclovia,none
760,pdc_nao_realizado,0.677336338514149,0.677336338514149,2609402,way/1377852998,Avenida Doutor Sofrônio Portela,Ciclovia,none
761,pdc_nao_realizado,0.23538651286771842,0.23538651286771842,2611606,way/30811103,,Ciclovia,none
762,pdc_nao_realizado,0.24051653715319174,0.24051653715319174,2611606,way/30811133,,Ciclovia,none
763,pdc_nao_realizado,0.13810494824104827,0.13810494824104827,2611606,way/30811173,Avenida Engenheiro Abdias de Carvalho,Ciclovia,none
764,pdc_nao_realizado,0.256733236869211,0.256733236869211,2611606,way/30811179,Avenida Engenheiro Abdias de Carvalho,Ciclovia,none
765,pdc_nao_realizado,0.10572774271640192,0.10572774271640192,2611606,way/30811180,Avenida Engenheiro Abdias de Carvalho,Ciclovia,none
766,pdc_nao_realizado,0.21417943193157246,0.21417943193157246,2611606,way/30811797,Rodovia Luiz Gonzaga,Ciclovia,none
767,pdc_nao_realizado,0.03971566055618841,0.03971566055618841,2607901,way/30812854,Rodovia Luiz Gonzaga,Ciclovia,none
768,pdc_nao_realizado,0.10464021438061394,0.10464021438061394,2611606,way/30812855,Rodovia Luiz Gonzaga,Ciclovia,none
769,pdc_nao_realizado,0.10509431226873182,0.10509431226873182,2611606,way/30812857,Rodovia Luiz Gonzaga,Ciclovia,none
770,pdc_nao_realizado,0.07591481568209349,0.07591481568209349,2607901,way/129737913,Rodovia Luiz Gonzaga,Ciclovia,none
771,pdc_nao_realizado,0.24829626064350171,0.24829626064350171,2607901,way/129737914,Rodovia Luiz Gonzaga,Ciclovia,none
772,pdc_nao_realizado,0.07726402887004744,0.07726402887004744,2607901,way/129737985,Rodovia Luiz Gonzaga,Ciclovia,none
773,pdc_nao_realizado,0.399937281714281,0.399937281714281,2607901,way/129737986,Rodovia Luiz Gonzaga,Ciclovia,none
774,pdc_nao_realizado,0.009763643467538132,0.009763643467538132,2611606,way/130922177,Avenida Engenheiro Abdias de Carvalho,Ciclovia,none
775,pdc_nao_realizado,0.12990445583663754,0.12990445583663754,2611606,way/130922178,Avenida Engenheiro Abdias de Carvalho,Ciclovia,none
776,pdc_nao_realizado,0.022042305643434738,0.022042305643434738,2607901,way/143658645,Rodovia Luiz Gonzaga,Ciclovia,none
777,pdc_nao_realizado,0.0205907164437575,0.0205907164437575,2607901,way/143658646,Rodovia Luiz Gonzaga,Ciclovia,none
778,pdc_nao_realizado,0.021461699987412954,0.021461699987412954,2607901,way/143658647,Rodovia Luiz Gonzaga,Ciclovia,none
779,pdc_nao_realizado,0.1324617506432422,0.1324617506432422,2607901,way/143658648,Rodovia Luiz Gonzaga,Ciclovia,none
780,pdc_nao_realizado,1.6261136218817305,1.6261136218817305,2607901,way/143658649,Rodovia Luiz Gonzaga,Ciclovia,none
781,pdc_nao_realizado,1.6306557325171462,1.6306557325171462,2607901,way/143658650,Rodovia Luiz Gonzaga,Ciclovia,none
782,pdc_nao_realizado,0.04483934768809693,0.04483934768809693,2607901,way/143658652,,Ciclovia,none
783,pdc_nao_realizado,0.04616744034492803,0.04616744034492803,2607901,way/143658653,,Ciclovia,none
784,pdc_nao_realizado,0.02055961198149886,0.02055961198149886,2607901,way/143658654,Rodovia Luiz Gonzaga,Ciclovia,none
785,pdc_nao_realizado,0.27219457643613143,0.27219457643613143,2611606,way/220746174,Avenida Getúlio Vargas,Ciclovia,none
786,pdc_nao_realizado,0.09223205802257595,0.09223205802257595,2611606,way/305937119,Avenida Engenheiro Abdias de Carvalho,Ciclovia,none
787,pdc_nao_realizado,0.16996459442664566,0.16996459442664566,2611606,way/376441183,Avenida Engenheiro Abdias de Carvalho,Ciclovia,none
788,pdc_nao_realizado,0.3889199536424259,0.3889199536424259,2611606,way/376441184,Rodovia Luiz Gonzaga,Ciclovia,none
789,pdc_nao_realizado,0.04036439346624772,0.04036439346624772,2611606,way/376441186,Avenida Engenheiro Abdias de Carvalho,Ciclovia,none
790,pdc_nao_realizado,0.17718758900883413,0.17718758900883413,2611606,way/376441187,Rodovia Luiz Gonzaga,Ciclovia,none
791,pdc_nao_realizado,0.0038349684905483045,0.0038349684905483045,2611606,way/586119122,Avenida Engenheiro Abdias de Carvalho,Ciclovia,none
792,pdc_nao_realizado,0.05872252941566454,0.05872252941566454,2611606,way/586119124,Avenida Engenheiro Abdias de Carvalho,Ciclovia,none
793,pdc_nao_realizado,0.023872940626645824,0.023872940626645824,2611606,way/755634296,Avenida Engenheiro Abdias de Carvalho,Ciclovia,none
794,pdc_nao_realizado,0.021984272370988853,0.021984272370988853,2607901,way/764604782,Rodovia Luiz Gonzaga,Ciclovia,none
795,pdc_nao_realizado,0.07714165449315155,0.07714165449315155,2607901,way/764604783,Rodovia Luiz Gonzaga,Ciclovia,none
796,pdc_nao_realizado,0.06556717139784739,0.06556717139784739,2607901,way/772524543,Rodovia Luiz Gonzaga,Ciclovia,none
797,pdc_nao_realizado,0.3103391328099555,0.3103391328099555,2611606,way/772524545,Avenida Getúlio Vargas,Ciclovia,none
798,pdc_nao_realizado,1.2333876760434102,1.2333876760434102,2611606,way/772524549,Rodovia Luiz Gonzaga,Ciclovia,none
799,pdc_nao_realizado,0.19536739820557464,0.19536739820557464,2611606,way/772524565,Avenida Getúlio Vargas,Ciclovia,none
800,pdc_nao_realizado,0.03239865588655774,0.03239865588655774,2607901,way/772524567,Rodovia Luiz Gonzaga,Ciclovia,none
801,pdc_nao_realizado,0.09644625533346636,0.09644625533346636,2607901,way/775417644,Rodovia Luiz Gonzaga,Ciclovia,none
802,pdc_nao_realizado,0.2458203839436908,0.2458203839436908,2611606,way/775434720,Rodovia Luiz Gonzaga,Ciclovia,none
803,pdc_nao_realizado,0.31990085641147686,0.31990085641147686,2611606,way/775434721,Rodovia Luiz Gonzaga,Ciclovia,none
804,pdc_nao_realizado,0.46338012151232544,0.46338012151232544,2607901,way/775824728,Rodovia Luiz Gonzaga,Ciclovia,none
805,pdc_nao_realizado,0.013582492073770954,0.013582492073770954,2611606,way/778611069,,Ciclovia,none
806,pdc_nao_realizado,0.039430653053380504,0.039430653053380504,2607901,way/987726164,Rodovia Luiz Gonzaga,Ciclovia,none
807,pdc_nao_realizado,0.07029284586566062,0.07029284586566062,2607901,way/987726165,Rodovia Luiz Gonzaga,Ciclovia,none
808,pdc_nao_realizado,0.21187415731527473,0.21187415731527473,2611606,way/1059594843,Rodovia Luiz Gonzaga,Ciclovia,none
809,pdc_nao_realizado,0.01615098461823302,0.01615098461823302,2607901,way/1086063426,Rodovia Luiz Gonzaga,Ciclovia,none
810,pdc_nao_realizado,0.17868989208475677,0.17868989208475677,2611606,way/1099651426,Avenida Getúlio Vargas,Ciclovia,none
811,pdc_nao_realizado,0.03331198866760036,0.03331198866760036,2611606,way/1132979203,Rodovia Luiz Gonzaga,Ciclovia,none
812,pdc_nao_realizado,0.032416727351516045,0.032416727351516045,2611606,way/1132979204,Rodovia Luiz Gonzaga,Ciclovia,none
813,pdc_nao_realizado,0.2706157334952876,0.2706157334952876,2607901,way/1183732797,Rodovia Luiz Gonzaga,Ciclovia,none
814,pdc_nao_realizado,0.2618511375911409,0.2618511375911409,2607901,way/1183732800,Rodovia Luiz Gonzaga,Ciclovia,none
815,pdc_nao_realizado,0.25628505462311935,0.25628505462311935,2609402,way/755639636,Rua Antônio Feliciano dos Santos,Ciclovia,none
816,pdc_nao_realizado,0.6050454183684185,0.6050454183684185,2609402,way/1182143764,Avenida Agamenon Magalhães,Ciclovia,none
817,pdc_nao_realizado,0.695298184478756,0.695298184478756,2609402,way/240518421,Avenida Dantas Barreto,Ciclovia,none
818,pdc_nao_realizado,0.18907137279981012,0.18907137279981012,2609402,way/462422207,Rua Quinze de Novembro,Ciclovia,none
819,pdc_nao_realizado,4.611443975044012,4.611443975044012,2609402,way/1184101742,Antiga Ferrovia Transnordestina,Ciclovia,none
820,pdc_nao_realizado,0.28677992478595926,0.28677992478595926,2609402,way/154223496,Rua josé Amaro da Paz,Ciclovia,none
821,pdc_nao_realizado,0.3768921754863743,0.3768921754863743,2609402,way/240518396,Rua Antonio Rego Araujo,Ciclovia,none
822,pdc_nao_realizado,0.1819326013982495,0.1819326013982495,2609402,way/406233051,Rua Liberdade,Ciclovia,none
823,pdc_nao_realizado,0.50515726513891,0.50515726513891,2609402,way/462431132,Avenida Professora Laura de Freitas,Ciclovia,none
824,pdc_nao_realizado,0.4043766161185764,0.4043766161185764,2609402,way/586364082,Rua do Progresso,Ciclovia,none
825,pdc_nao_realizado,0.026491035112309665,0.026491035112309665,2609402,way/587279384,Rua josé Amaro da Paz,Ciclovia,none
826,pdc_nao_realizado,0.027347717542837637,0.027347717542837637,2609402,way/671173036,,Ciclovia,none
827,pdc_nao_realizado,0.024219369561479347,0.024219369561479347,2609402,way/671173038,,Ciclovia,none
828,pdc_nao_realizado,0.46324874897700624,0.46324874897700624,2609402,way/822135119,Rua do Progresso,Ciclovia,none
829,pdc_nao_realizado,0.060519003287085586,0.060519003287085586,2609402,way/937298100,Rua do Progresso,Ciclovia,none
830,pdc_nao_realizado,0.12914093048490563,0.12914093048490563,2609402,way/1083620187,Rua Jornalista Antonio Maranhão,Ciclovia,none
831,pdc_nao_realizado,0.011760750371421375,0.011760750371421375,2609402,way/1083620188,,Ciclovia,none
832,pdc_nao_realizado,0.0478443420231267,0.0478443420231267,2609402,way/1183818176,Rua Luiz Cavalcante Lins,Ciclovia,none
833,pdc_nao_realizado,0.011407382125662882,0.011407382125662882,2609402,way/1184101744,Rua Prefeito Antônio de Lemos,Ciclovia,none
834,pdc_nao_realizado,0.02368869140811537,0.02368869140811537,2609402,way/1184101746,Rua Capitão Calixto,Ciclovia,none
835,pdc_nao_realizado,0.2454218335993369,0.2454218335993369,2609402,way/406224466,Avenida Dantas Barreto,Ciclovia,none
836,pdc_nao_realizado,0.23110742846478008,0.23110742846478008,2609402,way/462422176,Rua Quinze de Novembro,Ciclovia,none
837,pdc_nao_realizado,0.25274843359751126,0.25274843359751126,2609402,way/1083620186,Avenida Dantas Barreto,Ciclovia,none
838,pdc_nao_realizado,0.06974178688306418,0.06974178688306418,2609402,way/1184101743,Rua Primeiro de Maio,Ciclovia,none
839,pdc_nao_realizado,0.25820406838359555,0.25820406838359555,2609402,way/1209610210,Avenida Dantas Barreto,Ciclovia,none
840,pdc_nao_realizado,0.08605651463602178,0.08605651463602178,2609402,way/1209610271,Avenida Dantas Barreto,Ciclovia,none
841,pdc_nao_realizado,0.09691832382084313,0.09691832382084313,2609402,way/462422175,,Ciclovia,none
842,pdc_nao_realizado,0.10080588239113387,0.10080588239113387,2609402,way/462422200,Travessa Primeiro de Maio,Ciclovia,none
843,pdc_nao_realizado,0.013602217839027717,0.013602217839027717,2613701,way/242642129,Avenida Doutor Francisco Correia,Ciclovia,none
844,pdc_nao_realizado,0.20626576624098156,0.20626576624098156,2613701,way/253993784,Avenida Doutor Francisco Correia,Ciclovia,none
845,pdc_nao_realizado,0.06868648061728674,0.06868648061728674,2613701,way/254395748,Avenida Doutor Francisco Correia,Ciclovia,none
846,pdc_nao_realizado,0.07708422345235784,0.07708422345235784,2613701,way/254396178,Avenida Doutor Francisco Correia,Ciclovia,none
847,pdc_nao_realizado,0.31799834340588495,0.31799834340588495,2613701,way/572500213,Avenida Doutor Belmino Correia,Ciclovia,none
848,pdc_nao_realizado,0.5710578890914161,0.5710578890914161,2613701,way/574154640,Avenida Doutor Belmínio Correia,Ciclovia,none
849,pdc_nao_realizado,0.005418344145800742,0.005418344145800742,2613701,way/574154685,Avenida Doutor Francisco Correia,Ciclovia,none
850,pdc_nao_realizado,0.04295951852562486,0.04295951852562486,2613701,way/574154686,Avenida Doutor Francisco Correia,Ciclovia,none
851,pdc_nao_realizado,0.2233100702812776,0.2233100702812776,2613701,way/577192599,Rua Doutor Pedro Augusto Correia de Araújo,Ciclovia,none
852,pdc_nao_realizado,0.052674781402291544,0.052674781402291544,2613701,way/580566827,Avenida Doutor Belmino Correia,Ciclovia,none
853,pdc_nao_realizado,0.16169599392660852,0.16169599392660852,2613701,way/580566833,Avenida Doutor Belmino Correia,Ciclovia,none
854,pdc_nao_realizado,0.07805396437779848,0.07805396437779848,2613701,way/592484852,Avenida Doutor Francisco Correia,Ciclovia,none
855,pdc_nao_realizado,0.009179018377003087,0.009179018377003087,2613701,way/605949596,Avenida Doutor Belmino Correia,Ciclovia,none
856,pdc_nao_realizado,0.039067825727987955,0.039067825727987955,2613701,way/605949597,Avenida Doutor Belmino Correia,Ciclovia,none
857,pdc_nao_realizado,0.16950994705693204,0.16950994705693204,2613701,way/606848607,Avenida Doutor Belmínio Correia,Ciclovia,none
858,pdc_nao_realizado,0.022274690108006735,0.022274690108006735,2613701,way/606848609,Avenida Doutor Francisco Correia,Ciclovia,none
859,pdc_nao_realizado,0.011297000360166752,0.011297000360166752,2613701,way/606848611,Avenida Doutor Francisco Correia,Ciclovia,none
860,pdc_nao_realizado,0.13525007495077704,0.13525007495077704,2613701,way/614301172,Ladeira do Liberato,Ciclovia,none
861,pdc_nao_realizado,0.042893222196876704,0.042893222196876704,2603454,way/700010244,Avenida Doutor Belmino Correia,Ciclovia,none
862,pdc_nao_realizado,0.6831805768281424,0.6831805768281424,2613701,way/705860592,Avenida Doutor Belmínio Correia,Ciclovia,none
863,pdc_nao_realizado,1.8018475633486577,1.8018475633486577,2613701,way/705989236,Avenida Doutor Belmínio Correia,Ciclovia,none
864,pdc_nao_realizado,0.037318227385097165,0.037318227385097165,2613701,way/707925656,Avenida Doutor Francisco Correia,Ciclovia,none
865,pdc_nao_realizado,0.02981578830605775,0.02981578830605775,2613701,way/707925663,Avenida Doutor Francisco Correia,Ciclovia,none
866,pdc_nao_realizado,0.09725652395106887,0.09725652395106887,2613701,way/707925664,Avenida Doutor Francisco Correia,Ciclovia,none
867,pdc_nao_realizado,0.015218502061421585,0.015218502061421585,2613701,way/707925665,Avenida Doutor Francisco Correia,Ciclovia,none
868,pdc_nao_realizado,0.031815429032241424,0.031815429032241424,2613701,way/707953913,Avenida Doutor Francisco Correia,Ciclovia,none
869,pdc_nao_realizado,0.06560303116073428,0.06560303116073428,2603454,way/757336778,Avenida Doutor Belmino Correia,Ciclovia,none
870,pdc_nao_realizado,0.4457286887893675,0.4457286887893675,2613701,way/764646493,Avenida Doutor Belmínio Correia,Ciclovia,none
871,pdc_nao_realizado,0.12482263684190929,0.12482263684190929,2613701,way/764646516,Avenida Doutor Francisco Correia,Ciclovia,none
872,pdc_nao_realizado,0.031753984558096804,0.031753984558096804,2613701,way/787625341,Avenida Doutor Francisco Correia,Ciclovia,none
873,pdc_nao_realizado,0.140418574398919,0.140418574398919,2613701,way/823968292,Avenida Doutor Francisco Correia,Ciclovia,none
874,pdc_nao_realizado,0.07337757617541765,0.07337757617541765,2613701,way/823968293,Avenida Doutor Francisco Correia,Ciclovia,none
875,pdc_nao_realizado,0.10539879258486819,0.10539879258486819,2613701,way/823968303,,Ciclovia,none
876,pdc_nao_realizado,0.8884587957254216,0.8884587957254216,2613701,way/823968309,Avenida Doutor Francisco Correia,Ciclovia,none
877,pdc_nao_realizado,0.052225594621380704,0.052225594621380704,2613701,way/823968333,Avenida Doutor Francisco Correia,Ciclovia,none
878,pdc_nao_realizado,0.19002636064500125,0.19002636064500125,2613701,way/823968335,Rua Doutor Pedro Augusto Correia de Araújo,Ciclovia,none
879,pdc_nao_realizado,0.25479035986433035,0.25479035986433035,2613701,way/863907782,Avenida Doutor Belmínio Correia,Ciclovia,none
880,pdc_nao_realizado,0.08382906077042128,0.08382906077042128,2613701,way/913998853,Avenida Doutor Francisco Correia,Ciclovia,none
881,pdc_nao_realizado,0.24681663988204539,0.24681663988204539,2603454,way/30812649,Avenida General Newton Cavalcante,Ciclovia,none
882,pdc_nao_realizado,0.04712707736206587,0.04712707736206587,2603454,way/30812654,,Ciclovia,none
883,pdc_nao_realizado,0.040053969916804766,0.040053969916804766,2603454,way/48001548,Avenida General Newton Cavalvante,Ciclovia,none
884,pdc_nao_realizado,0.15601693442496053,0.15601693442496053,2603454,way/251693773,Avenida General Newton Cavalcante,Ciclovia,none
885,pdc_nao_realizado,0.024277120225597793,0.024277120225597793,2603454,way/545150549,,Ciclovia,none
886,pdc_nao_realizado,0.2144295628180744,0.2144295628180744,2603454,way/545283924,Avenida General Newton Cavalcante,Ciclovia,none
887,pdc_nao_realizado,3.2832284430996386,3.2832284430996386,2603454,way/600888187,Avenida General Newton Cavalcante,Ciclovia,none
888,pdc_nao_realizado,0.007956662330678049,0.007956662330678049,2603454,way/606845852,Avenida General Newton Cavalcante,Ciclovia,none
889,pdc_nao_realizado,0.018284777066880045,0.018284777066880045,2603454,way/606845853,Avenida General Newton Cavalcante,Ciclovia,none
890,pdc_nao_realizado,0.014051509876136141,0.014051509876136141,2603454,way/606845854,Avenida General Newton Cavalcante,Ciclovia,none
891,pdc_nao_realizado,0.008555546096685025,0.008555546096685025,2603454,way/606845855,Avenida General Newton Cavalcante,Ciclovia,none
892,pdc_nao_realizado,0.005652886347347416,0.005652886347347416,2603454,way/606845856,Avenida General Newton Cavalcante,Ciclovia,none
893,pdc_nao_realizado,0.008133441801911792,0.008133441801911792,2603454,way/606845858,Avenida General Newton Cavalcante,Ciclovia,none
894,pdc_nao_realizado,0.1744115658263229,0.1744115658263229,2603454,way/606845860,Avenida General Newton Cavalcante,Ciclovia,none
895,pdc_nao_realizado,0.053718626529238436,0.053718626529238436,2603454,way/611008390,Avenida General Newton Cavalcante,Ciclovia,none
896,pdc_nao_realizado,0.005229510086636474,0.005229510086636474,2603454,way/611008391,Avenida General Newton Cavalcante,Ciclovia,none
897,pdc_nao_realizado,3.1468328982609055,3.1468328982609055,2603454,way/611008398,Avenida General Newton Cavalcante,Ciclovia,none
898,pdc_nao_realizado,0.07041007682555289,0.07041007682555289,2603454,way/611008399,Avenida General Newton Cavalcante,Ciclovia,none
899,pdc_nao_realizado,0.012894967123946575,0.012894967123946575,2603454,way/611674705,Avenida General Newton Cavalcante,Ciclovia,none
900,pdc_nao_realizado,0.44652670056781396,0.44652670056781396,2603454,way/611674706,Avenida General Newton Cavalcante,Ciclovia,none
901,pdc_nao_realizado,0.0443081317603221,0.0443081317603221,2603454,way/696040976,,Ciclovia,none
902,pdc_nao_realizado,0.009507702563798619,0.009507702563798619,2603454,way/700008082,Avenida Doutor Belmino Correia,Ciclovia,none
903,pdc_nao_realizado,0.01868351151899197,0.01868351151899197,2603454,way/705989241,,Ciclovia,none
904,pdc_nao_realizado,0.43247247909004555,0.43247247909004555,2603454,way/714130942,Avenida General Newton Cavalcante,Ciclovia,none
905,pdc_nao_realizado,0.6286501228187626,0.6286501228187626,2603454,way/714130943,Avenida General Newton Cavalcante,Ciclovia,none
906,pdc_nao_realizado,0.013281680155938162,0.013281680155938162,2603454,way/757390424,Avenida General Newton Cavalcante,Ciclovia,none
907,pdc_nao_realizado,0.08216756194756482,0.08216756194756482,2603454,way/765734761,Avenida Doutor Belmino Correia,Ciclovia,none
908,pdc_nao_realizado,0.029942108106076386,0.029942108106076386,2603454,way/780533784,Avenida General Newton Cavalcante,Ciclovia,none
909,pdc_nao_realizado,0.10070631494845038,0.10070631494845038,2603454,way/825050230,Avenida General Newton Cavalcante,Ciclovia,none
910,pdc_nao_realizado,0.09025554142535394,0.09025554142535394,2603454,way/826299158,Avenida General Newton Cavalcante,Ciclovia,none
911,pdc_nao_realizado,0.9182770371066036,0.9182770371066036,2603454,way/854316581,Estrada de Aldeia,Ciclovia,none
912,pdc_nao_realizado,0.26848908669813076,0.26848908669813076,2603454,way/868131829,Avenida General Newton Cavalcante,Ciclovia,none
913,pdc_nao_realizado,0.023388753964985555,0.023388753964985555,2603454,way/1063436727,Avenida Doutor Belmino Correia,Ciclovia,none
914,pdc_nao_realizado,0.26504649810849745,0.26504649810849745,2610707,way/128403677,,Ciclovia,none
915,pdc_nao_realizado,0.14893267096745386,0.14893267096745386,2610707,way/128403679,,Ciclovia,none
916,pdc_nao_realizado,0.11077933829290355,0.11077933829290355,2610707,way/128403681,,Ciclovia,none
917,pdc_nao_realizado,0.4345614262019958,0.4345614262019958,2610707,way/128403684,,Ciclovia,none
918,pdc_nao_realizado,0.5884099175695973,0.5884099175695973,2609600,way/138533205,Avenida Pan Nordestina,Ciclovia,none
919,pdc_nao_realizado,0.12540952998521807,0.12540952998521807,2610707,way/138533206,Avenida Pan Nordestina,Ciclovia,none
920,pdc_nao_realizado,0.022396458631335308,0.022396458631335308,2609600,way/138533207,Avenida Pan Nordestina,Ciclovia,none
921,pdc_nao_realizado,0.029863160371259766,0.029863160371259766,2609600,way/138627849,,Ciclovia,none
922,pdc_nao_realizado,0.019669002525761193,0.019669002525761193,2609600,way/138628348,Avenida Pan Nordestina,Ciclovia,none
923,pdc_nao_realizado,0.8000289734328145,0.8000289734328145,2610707,way/138628352,Avenida Pan Nordestina,Ciclovia,none
924,pdc_nao_realizado,0.22065390982325594,0.22065390982325594,2610707,way/138630431,,Ciclovia,none
925,pdc_nao_realizado,0.28987395842585856,0.28987395842585856,2610707,way/138630432,,Ciclovia,none
926,pdc_nao_realizado,0.23197475841636434,0.23197475841636434,2610707,way/138836914,,Ciclovia,none
927,pdc_nao_realizado,0.25468747536305186,0.25468747536305186,2609600,way/168239833,Avenida Pan Nordestina,Ciclovia,none
928,pdc_nao_realizado,0.3516551021379383,0.3516551021379383,2609600,way/168240594,Avenida Pan Nordestina,Ciclovia,none
929,pdc_nao_realizado,0.09494990276138265,0.09494990276138265,2610707,way/170680118,,Ciclovia,none
930,pdc_realizado_designado,1.7113149454725072,1.7113149454725072,2610707,way/171708835,Ciclovia da PE-15,Ciclovia,Ciclovia
931,pdc_realizado_designado,0.5849881493070337,0.5849881493070337,2610707,way/171710214,Ciclovia da PE-15,Ciclovia,Ciclovia
932,pdc_nao_realizado,0.037796967001077146,0.037796967001077146,2610707,way/351513838,,Ciclovia,none
933,pdc_nao_realizado,0.03567667858530606,0.03567667858530606,2610707,way/351513840,,Ciclovia,none
934,pdc_nao_realizado,0.05769202659759553,0.05769202659759553,2610707,way/576161249,,Ciclovia,none
935,pdc_nao_realizado,0.21250333319436304,0.21250333319436304,2610707,way/576161258,,Ciclovia,none
936,pdc_nao_realizado,0.03074989590958782,0.03074989590958782,2610707,way/576161271,,Ciclovia,none
937,pdc_realizado_designado,0.29418250212877145,0.29418250212877145,2610707,way/591658502,Ciclovia da PE-15,Ciclovia,Ciclovia
938,pdc_nao_realizado,0.03431147888440424,0.03431147888440424,2610707,way/591658507,,Ciclovia,none
939,pdc_nao_realizado,0.515497079732889,0.515497079732889,2610707,way/591658509,,Ciclovia,none
940,pdc_nao_realizado,0.03313284645898396,0.03313284645898396,2610707,way/591658515,,Ciclovia,none
941,pdc_realizado_designado,0.5032214737519981,0.5032214737519981,2610707,way/591658530,Ciclovia da PE-15,Ciclovia,Ciclovia
942,pdc_realizado_designado,0.03252098033492395,0.03252098033492395,2610707,way/591658538,Ciclovia da PE-15,Ciclovia,Ciclovia
943,pdc_nao_realizado,0.10994626075298294,0.10994626075298294,2610707,way/591658541,,Ciclovia,none
944,pdc_realizado_designado,0.03486091169511175,0.03486091169511175,2610707,way/591658550,Ciclovia da PE-15,Ciclovia,Ciclovia
945,pdc_realizado_designado,0.11300806464556987,0.11300806464556987,2610707,way/591658553,Ciclovia da PE-15,Ciclovia,Ciclovia
946,pdc_nao_realizado,0.03232050688397368,0.03232050688397368,2610707,way/691452039,,Ciclovia,none
947,pdc_nao_realizado,0.02628903563198911,0.02628903563198911,2610707,way/691452041,,Ciclovia,none
948,pdc_nao_realizado,0.04470077412349986,0.04470077412349986,2610707,way/691452042,,Ciclovia,none
949,pdc_nao_realizado,0.014932765816329878,0.014932765816329878,2610707,way/691452043,,Ciclovia,none
950,pdc_nao_realizado,0.09395328937043057,0.09395328937043057,2610707,way/691452045,,Ciclovia,none
951,pdc_nao_realizado,0.022097013692321203,0.022097013692321203,2610707,way/691452046,,Ciclovia,none
952,pdc_nao_realizado,0.1119003883528067,0.1119003883528067,2609600,way/691452057,Avenida Pan Nordestina,Ciclovia,none
953,pdc_nao_realizado,0.10874922841968934,0.10874922841968934,2609600,way/714123323,Avenida Pan Nordestina,Ciclovia,none
954,pdc_nao_realizado,0.17036048710221519,0.17036048710221519,2610707,way/762384508,,Ciclovia,none
955,pdc_nao_realizado,1.757882628486151,1.757882628486151,2610707,way/762384509,Avenida Pan Nordestina,Ciclovia,none
956,pdc_nao_realizado,0.19591398983908123,0.19591398983908123,2610707,way/762502946,,Ciclovia,none
957,pdc_nao_realizado,0.6786735110966362,0.6786735110966362,2610707,way/775578517,,Ciclovia,none
958,pdc_nao_realizado,1.5410238012071347,1.5410238012071347,2610707,way/775578518,Avenida Pan Nordestina,Ciclovia,none
959,pdc_realizado_designado,0.34045688988190115,0.34045688988190115,2610707,way/778292930,Ciclovia da PE-15,Ciclovia,Ciclovia
960,pdc_nao_realizado,0.08921759945954409,0.08921759945954409,2610707,way/966827279,,Ciclovia,none
961,pdc_nao_realizado,0.22059129152373153,0.22059129152373153,2610707,way/966827280,,Ciclovia,none
962,pdc_realizado_designado,0.13753280028617404,0.13753280028617404,2610707,way/966852598,Ciclovia da PE-15,Ciclovia,Ciclovia
963,pdc_nao_realizado,0.18917903004553155,0.18917903004553155,2609600,way/967972966,Avenida Pan Nordestina,Ciclovia,none
964,pdc_nao_realizado,0.14423900922769076,0.14423900922769076,2610707,way/967972967,Avenida Pan Nordestina,Ciclovia,none
965,pdc_nao_realizado,0.04697104812791277,0.04697104812791277,2609600,way/1067761440,Avenida Pan Nordestina,Ciclovia,none
966,pdc_realizado_designado,1.9678686967614143,1.9678686967614143,2609600,way/1265657166,Ciclovia da PE-15,Ciclovia,Ciclovia
967,pdc_realizado_designado,1.4581923391440166,1.4581923391440166,2610707,way/1265657167,Ciclovia da PE-15,Ciclovia,Ciclovia
968,pdc_realizado_designado,0.009474556190888493,0.009474556190888493,2610707,way/1265657168,Ciclovia da PE-15,Ciclovia,Ciclovia
969,pdc_realizado_designado,0.14124990836119258,0.14124990836119258,2610707,way/1265657169,Ciclovia da PE-15,Ciclovia,Ciclovia
970,pdc_realizado_designado,2.3249001069425437,2.3249001069425437,2610707,way/1265657171,Ciclovia da PE-15,Ciclovia,Ciclovia
971,pdc_nao_realizado,0.018946383366960064,0.018946383366960064,2611606,way/136119292,Avenida Dom Hélder Câmara,Ciclovia,none
972,pdc_nao_realizado,0.2094614060656177,0.2094614060656177,2611606,way/136120374,Avenida Dois Rios,Ciclovia,none
973,pdc_realizado_nao_designado,0.13516450141809347,0.13516450141809347,2611606,way/136121285,Avenida Dom Hélder Câmara,Ciclovia,Ciclofaixa
974,pdc_nao_realizado,0.46744236259557626,0.46744236259557626,2611606,way/163149483,Avenida Dois Rios,Ciclovia,none
975,pdc_nao_realizado,0.0067275782110723025,0.0067275782110723025,2611606,way/314754306,Avenida Dom Hélder Câmara,Ciclovia,none
976,pdc_nao_realizado,0.008163844739857685,0.008163844739857685,2611606,way/314754308,Rua Pintor Antônio Albuquerque,Ciclovia,none
977,pdc_realizado_nao_designado,0.031823284229807486,0.031823284229807486,2611606,way/649802742,Avenida Dom Hélder Câmara,Ciclovia,Ciclofaixa
978,pdc_realizado_nao_designado,0.19038298677649626,0.19038298677649626,2611606,way/649802743,Avenida Dom Hélder Câmara,Ciclovia,Ciclofaixa
979,pdc_nao_realizado,0.523086884824006,0.523086884824006,2611606,way/663325888,Avenida Dois Rios,Ciclovia,none
980,pdc_nao_realizado,0.009196959097428691,0.009196959097428691,2611606,way/685997786,Avenida Dois Rios,Ciclovia,none
981,pdc_nao_realizado,0.003309820068060118,0.003309820068060118,2611606,way/753929724,Avenida Dois Rios,Ciclovia,none
982,pdc_nao_realizado,0.002816335470681255,0.002816335470681255,2611606,way/753929725,Avenida Dois Rios,Ciclovia,none
983,pdc_nao_realizado,0.02399534355306138,0.02399534355306138,2611606,way/764604822,Avenida Dom Hélder Câmara,Ciclovia,none
984,pdc_nao_realizado,0.004111646787000859,0.004111646787000859,2611606,way/903634592,Avenida Dois Rios,Ciclovia,none
985,pdc_realizado_nao_designado,0.364020229952856,0.364020229952856,2611606,way/911290359,Avenida Dom Hélder Câmara,Ciclovia,Ciclofaixa
986,pdc_nao_realizado,0.003308963840288859,0.003308963840288859,2611606,way/911290360,Avenida Dom Hélder Câmara,Ciclovia,none
987,pdc_nao_realizado,0.07094146499608041,0.07094146499608041,2611606,way/911290371,Avenida Dom Hélder Câmara,Ciclovia,none
988,pdc_realizado_nao_designado,0.039976071877910795,0.039976071877910795,2611606,way/911290373,Avenida Dom Hélder Câmara,Ciclovia,Ciclofaixa
989,pdc_nao_realizado,0.007853108807880859,0.007853108807880859,2611606,way/930790698,Avenida Dom Hélder Câmara,Ciclovia,none
990,pdc_realizado_nao_designado,0.004953962199877867,0.004953962199877867,2611606,way/930790701,Avenida Dom Hélder Câmara,Ciclovia,Ciclofaixa
991,pdc_nao_realizado,0.036904909947631674,0.036904909947631674,2611606,way/966044300,Avenida Dom Hélder Câmara,Ciclovia,none
992,pdc_nao_realizado,0.30864273048270546,0.30864273048270546,2611606,way/141822311,Rua Padre Lima e Sá,Ciclovia,none
993,pdc_nao_realizado,0.5404781999944103,0.5404781999944103,2611606,way/141822312,Rua Padre Lima e Sá,Ciclovia,none
994,pdc_nao_realizado,0.24042981255430465,0.24042981255430465,2611606,way/141911966,Rua Abdias Cabral de Moura,Ciclovia,none
995,pdc_nao_realizado,0.10993639471402428,0.10993639471402428,2611606,way/141911967,Rua Abdias Cabral de Moura,Ciclovia,none
996,pdc_nao_realizado,0.2975887848990578,0.2975887848990578,2611606,way/151320039,Rua David Perneta,Ciclovia,none
997,pdc_realizado_nao_designado,0.15422156569158685,0.15422156569158685,2611606,way/155512060,Rua Doutor Tavares Correia,Ciclovia,Ciclofaixa Compartilhada
998,pdc_realizado_nao_designado,0.33642211471778444,0.33642211471778444,2611606,way/155512063,Avenida Senador Robert Kennedy,Ciclovia,Ciclofaixa Compartilhada
999,pdc_realizado_nao_designado,0.2837521258309752,0.2837521258309752,2611606,way/155512064,Avenida Senador Robert Kennedy,Ciclovia,Ciclofaixa Compartilhada
1000,pdc_nao_realizado,0.2916650966854716,0.2916650966854716,2611606,way/155512340,Rua Alexandre Almeida,Ciclovia,none
1001,pdc_nao_realizado,0.16733326467730184,0.16733326467730184,2611606,way/162651291,Rua Doutor Tavares Correia,Ciclovia,none
1002,pdc_nao_realizado,0.028719644044653544,0.028719644044653544,2611606,way/911290361,Rua Pintor Antônio Albuquerque,Ciclovia,none
1003,pdc_nao_realizado,0.11150100109229712,0.11150100109229712,2611606,way/911290367,Rua Abdias Cabral de Moura,Ciclovia,none
1004,pdc_nao_realizado,0.056447514442039305,0.056447514442039305,2611606,way/966239334,Rua Abdias Cabral de Moura,Ciclovia,none
1005,pdc_nao_realizado,0.012348291870495106,0.012348291870495106,2611606,way/1184004963,Avenida Saldanha Marinho,Ciclovia,none
1006,pdc_nao_realizado,0.007137217136430761,0.007137217136430761,2611606,way/1184004966,Rua Jean Émile Favre,Ciclovia,none
1007,pdc_nao_realizado,0.056500970898715426,0.056500970898715426,2611606,way/1184004989,Avenida Presidente Kennedy,Ciclovia,none
1008,pdc_realizado_nao_designado,0.01475049382987249,0.01475049382987249,2611606,way/1419490879,Rua Doutor Tavares Correia,Ciclovia,Ciclofaixa Compartilhada
1009,pdc_nao_realizado,0.15217130827934489,0.15217130827934489,2611606,way/89439746,Avenida Marechal Mascarenhas de Moraes,Ciclovia,none
1010,pdc_nao_realizado,0.055934516829553485,0.055934516829553485,2611606,way/89439747,Ponte Motocolombó,Ciclovia,none
1011,pdc_nao_realizado,0.32283102505477607,0.32283102505477607,2611606,way/89439752,Avenida Marechal Mascarenhas de Moraes,Ciclovia,none
1012,pdc_nao_realizado,0.07690419871445382,0.07690419871445382,2611606,way/128372765,Avenida Sul,Ciclovia,none
1013,pdc_nao_realizado,0.055850513783888486,0.055850513783888486,2611606,way/128372789,Ponte Motocolombó,Ciclovia,none
1014,pdc_nao_realizado,0.07363517070408793,0.07363517070408793,2611606,way/129484792,Rua Motocolombó,Ciclovia,none
1015,pdc_nao_realizado,0.0707320163437424,0.0707320163437424,2611606,way/129812362,Praça da Paz,Ciclovia,none
1016,pdc_nao_realizado,0.010629163025963896,0.010629163025963896,2607901,way/141862372,Estrada da Batalha,Ciclovia,none
1017,pdc_nao_realizado,0.01099604995865626,0.01099604995865626,2607901,way/141862373,Estrada da Batalha,Ciclovia,none
1018,pdc_nao_realizado,0.009374909058393879,0.009374909058393879,2607901,way/141862375,Estrada da Batalha,Ciclovia,none
1019,pdc_nao_realizado,0.18737655317286178,0.18737655317286178,2611606,way/161790534,Avenida Marechal Mascarenhas de Moraes,Ciclovia,none
1020,pdc_nao_realizado,0.14024169829779143,0.14024169829779143,2611606,way/193299818,Avenida Marechal Mascarenhas de Moraes,Ciclovia,none
1021,pdc_nao_realizado,0.07546255974840949,0.07546255974840949,2611606,way/305540241,Avenida Marechal Mascarenhas de Moraes,Ciclovia,none
1022,pdc_nao_realizado,0.13681790557538293,0.13681790557538293,2611606,way/307186026,Avenida Marechal Mascarenhas de Moraes,Ciclovia,none
1023,pdc_nao_realizado,0.03426735759665134,0.03426735759665134,2611606,way/314754318,Avenida Marechal Mascarenhas de Moraes,Ciclovia,none
1024,pdc_nao_realizado,0.034599680393027896,0.034599680393027896,2611606,way/314754322,Avenida Marechal Mascarenhas de Moraes,Ciclovia,none
1025,pdc_nao_realizado,0.1754067967687623,0.1754067967687623,2611606,way/314754323,Avenida Marechal Mascarenhas de Moraes,Ciclovia,none
1026,pdc_nao_realizado,0.35955980523733666,0.35955980523733666,2611606,way/314754325,Avenida Marechal Mascarenhas de Moraes,Ciclovia,none
1027,pdc_nao_realizado,0.4096475733909969,0.4096475733909969,2611606,way/314754327,Avenida Marechal Mascarenhas de Moraes,Ciclovia,none
1028,pdc_nao_realizado,0.3491885350439274,0.3491885350439274,2611606,way/314754329,Avenida Marechal Mascarenhas de Moraes,Ciclovia,none
1029,pdc_nao_realizado,0.18713482532509423,0.18713482532509423,2611606,way/314754330,Avenida Marechal Mascarenhas de Moraes,Ciclovia,none
1030,pdc_nao_realizado,0.0837309943260108,0.0837309943260108,2611606,way/316972784,Avenida Marechal Mascarenhas de Moraes,Ciclovia,none
1031,pdc_nao_realizado,0.13321343165701222,0.13321343165701222,2611606,way/647530691,Avenida Marechal Mascarenhas de Moraes,Ciclovia,none
1032,pdc_nao_realizado,0.2020123576332165,0.2020123576332165,2611606,way/649773217,Avenida Marechal Mascarenhas de Moraes,Ciclovia,none
1033,pdc_nao_realizado,0.032433123966440706,0.032433123966440706,2611606,way/678493297,Rua Motocolombó,Ciclovia,none
1034,pdc_nao_realizado,0.0752405994348157,0.0752405994348157,2611606,way/678493298,Rua Motocolombó,Ciclovia,none
1035,pdc_nao_realizado,0.11440604355754826,0.11440604355754826,2611606,way/707010073,Avenida Marechal Mascarenhas de Moraes,Ciclovia,none
1036,pdc_nao_realizado,0.18906349169762998,0.18906349169762998,2611606,way/707010074,Avenida Marechal Mascarenhas de Moraes,Ciclovia,none
1037,pdc_nao_realizado,0.06525113822123288,0.06525113822123288,2611606,way/707010092,Avenida Marechal Mascarenhas de Moraes,Ciclovia,none
1038,pdc_nao_realizado,0.6204092822019938,0.6204092822019938,2611606,way/707010093,Avenida Marechal Mascarenhas de Moraes,Ciclovia,none
1039,pdc_nao_realizado,0.6189442356963648,0.6189442356963648,2611606,way/761542911,Avenida Marechal Mascarenhas de Moraes,Ciclovia,none
1040,pdc_nao_realizado,0.08625737847732792,0.08625737847732792,2611606,way/764604830,Avenida Marechal Mascarenhas de Moraes,Ciclovia,none
1041,pdc_nao_realizado,0.20958131023064944,0.20958131023064944,2611606,way/771504825,Avenida Marechal Mascarenhas de Moraes,Ciclovia,none
1042,pdc_nao_realizado,0.2997337651446488,0.2997337651446488,2611606,way/771504827,Avenida Marechal Mascarenhas de Moraes,Ciclovia,none
1043,pdc_nao_realizado,0.031603912759222204,0.031603912759222204,2611606,way/775036368,Rua Francisco Silveira,Ciclovia,none
1044,pdc_nao_realizado,0.06607353634220747,0.06607353634220747,2607901,way/775797258,Estrada da Batalha,Ciclovia,none
1045,pdc_nao_realizado,0.2846513636744228,0.2846513636744228,2611606,way/775807191,Avenida Marechal Mascarenhas de Moraes,Ciclovia,none
1046,pdc_nao_realizado,0.07764914103518337,0.07764914103518337,2611606,way/775807192,Avenida Marechal Mascarenhas de Moraes,Ciclovia,none
1047,pdc_nao_realizado,0.06980790356419664,0.06980790356419664,2611606,way/777105570,Avenida Marechal Mascarenhas de Moraes,Ciclovia,none
1048,pdc_nao_realizado,0.16018547740900985,0.16018547740900985,2611606,way/778025641,Avenida Marechal Mascarenhas de Moraes,Ciclovia,none
1049,pdc_nao_realizado,0.10985396906629574,0.10985396906629574,2611606,way/791161088,Avenida Marechal Mascarenhas de Moraes,Ciclovia,none
1050,pdc_nao_realizado,0.01790367888574233,0.01790367888574233,2611606,way/812955493,Avenida Sul,Ciclovia,none
1051,pdc_nao_realizado,0.0635878775762172,0.0635878775762172,2611606,way/854786876,Avenida Marechal Mascarenhas de Moraes,Ciclovia,none
1052,pdc_nao_realizado,0.13163688787433328,0.13163688787433328,2611606,way/854786897,Avenida Marechal Mascarenhas de Moraes,Ciclovia,none
1053,pdc_nao_realizado,0.3118990642673486,0.3118990642673486,2611606,way/854786898,Avenida Marechal Mascarenhas de Moraes,Ciclovia,none
1054,pdc_nao_realizado,0.04403440174833543,0.04403440174833543,2611606,way/854786904,Avenida Marechal Mascarenhas de Moraes,Ciclovia,none
1055,pdc_nao_realizado,0.0366446978200088,0.0366446978200088,2611606,way/965974249,Avenida Marechal Mascarenhas de Moraes,Ciclovia,none
1056,pdc_nao_realizado,0.03511850404639058,0.03511850404639058,2611606,way/965981836,Avenida Marechal Mascarenhas de Moraes,Ciclovia,none
1057,pdc_nao_realizado,0.13466576854167633,0.13466576854167633,2607901,way/1183750780,Estrada da Batalha,Ciclovia,none
1058,pdc_nao_realizado,0.2111175800779917,0.2111175800779917,2607901,way/1183750788,Estrada da Batalha,Ciclovia,none
1059,pdc_nao_realizado,0.010876565962421337,0.010876565962421337,2607901,way/1184005003,Estrada da Batalha,Ciclovia,none
1060,pdc_nao_realizado,0.008979561362210408,0.008979561362210408,2607901,way/1184005005,Estrada da Batalha,Ciclovia,none
1061,pdc_nao_realizado,0.09947872876228629,0.09947872876228629,2607901,way/141711355,Avenida Armindo Moura,Ciclovia,none
1062,pdc_nao_realizado,0.0260874168660771,0.0260874168660771,2607901,way/141711367,Avenida Armindo Moura,Ciclovia,none
1063,pdc_nao_realizado,0.40968762904603395,0.40968762904603395,2607901,way/141711368,Avenida Armindo Moura,Ciclovia,none
1064,pdc_realizado_nao_designado,0.013757983999783795,0.013757983999783795,2611606,way/223668611,Avenida Armindo Moura,Ciclovia,Ciclofaixa
1065,pdc_realizado_nao_designado,0.006450514793764678,0.006450514793764678,2611606,way/223668612,Avenida Armindo Moura,Ciclovia,Ciclofaixa
1066,pdc_realizado_nao_designado,0.15198565084428667,0.15198565084428667,2611606,way/574217819,Avenida Armindo Moura,Ciclovia,Ciclofaixa
1067,pdc_realizado_nao_designado,0.26839467656632104,0.26839467656632104,2611606,way/763417898,Avenida Armindo Moura,Ciclovia,Ciclofaixa
1068,pdc_realizado_nao_designado,0.2935853816436354,0.2935853816436354,2607901,way/764386212,Avenida Armindo Moura,Ciclovia,Ciclofaixa
1069,pdc_nao_realizado,0.442635591535489,0.442635591535489,2607901,way/141711184,Avenida Zequinha Barreto,Ciclovia,none
1070,pdc_nao_realizado,0.07339725084722484,0.07339725084722484,2607901,way/151431574,Avenida Quatro de Outubro,Ciclovia,none
1071,pdc_nao_realizado,0.0900853590317124,0.0900853590317124,2607901,way/223028995,Avenida Zequinha Barreto,Ciclovia,none
1072,pdc_nao_realizado,0.008871132408740443,0.008871132408740443,2607901,way/223668657,Avenida Quatro de Outubro,Ciclovia,none
1073,pdc_nao_realizado,0.00615482954612051,0.00615482954612051,2607901,way/223668658,Avenida Quatro de Outubro,Ciclovia,none
1074,pdc_nao_realizado,0.03283877669539154,0.03283877669539154,2607901,way/543531778,Avenida Quatro de Outubro,Ciclovia,none
1075,pdc_nao_realizado,0.3683169607871386,0.3683169607871386,2607901,way/620659502,Avenida Quatro de Outubro,Ciclovia,none
1076,pdc_nao_realizado,0.01699545011493265,0.01699545011493265,2607901,way/692881791,Avenida Quatro de Outubro,Ciclovia,none
1077,pdc_nao_realizado,0.007029969398570174,0.007029969398570174,2607901,way/757288097,Avenida Quatro de Outubro,Ciclovia,none
1078,pdc_nao_realizado,0.09750917824968053,0.09750917824968053,2607901,way/772423339,Avenida Quatro de Outubro,Ciclovia,none
1079,pdc_nao_realizado,0.006765640340174329,0.006765640340174329,2607901,way/776035906,Avenida Quatro de Outubro,Ciclovia,none
1080,pdc_nao_realizado,0.024763164980866382,0.024763164980866382,2607901,way/911728151,Avenida Quatro de Outubro,Ciclovia,none
1081,pdc_nao_realizado,0.0007173503215693681,0.0007173503215693681,2607901,way/968243968,Avenida Quatro de Outubro,Ciclovia,none
1082,pdc_nao_realizado,0.40038583372076175,0.40038583372076175,2607901,way/511299353,Rua Linha Férrea Sul,Ciclovia,none
1083,pdc_nao_realizado,0.16027198160636452,0.16027198160636452,2607901,way/161182044,Avenida Ulisses Montarroyos,Ciclovia,none
1084,pdc_nao_realizado,0.16195960659741274,0.16195960659741274,2607901,way/539762478,Avenida Ulisses Montarroyos,Ciclovia,none
1085,pdc_nao_realizado,0.0768343700385449,0.0768343700385449,2607901,way/1183750775,Avenida Ulisses Montarroyos,Ciclovia,none
1086,pdc_nao_realizado,0.0765495102706726,0.0765495102706726,2607901,way/1183750776,Avenida Ulisses Montarroyos,Ciclovia,none
1087,pdc_nao_realizado,0.1285940209276009,0.1285940209276009,2611606,way/220654778,,Ciclovia,none
1088,pdc_nao_realizado,0.2600914027482237,0.2600914027482237,2611606,way/220655975,Rua Ministro Mario Andreazza,Ciclovia,none
1089,pdc_nao_realizado,0.025231327333314752,0.025231327333314752,2607901,way/222100952,,Ciclovia,none
1090,pdc_nao_realizado,0.23812682017532705,0.23812682017532705,2607901,way/222100954,,Ciclovia,none
1091,pdc_nao_realizado,0.09031051015568928,0.09031051015568928,2611606,way/479813981,Rua Doutor George Willian Bulter,Ciclovia,none
1092,pdc_nao_realizado,0.023070994579730716,0.023070994579730716,2611606,way/479813983,Rua Doutor George Willian Bulter,Ciclovia,none
1093,pdc_nao_realizado,0.042183489092158605,0.042183489092158605,2611606,way/479813984,Rua Doutor George Willian Bulter,Ciclovia,none
1094,pdc_nao_realizado,0.10049238053794178,0.10049238053794178,2611606,way/479813985,Rua Doutor George Willian Bulter,Ciclovia,none
1095,pdc_nao_realizado,0.19169787889022588,0.19169787889022588,2611606,way/479813986,Rua Ministro Mario Andreazza,Ciclovia,none
1096,pdc_nao_realizado,0.045331731347950176,0.045331731347950176,2607901,way/479813987,,Ciclovia,none
1097,pdc_nao_realizado,0.07918154968083292,0.07918154968083292,2611606,way/532359985,,Ciclovia,none
1098,pdc_nao_realizado,0.06652023642768112,0.06652023642768112,2611606,way/532359986,,Ciclovia,none
1099,pdc_nao_realizado,0.7125654100470504,0.7125654100470504,2611606,way/607155156,Rua Doutor George William Butler,Ciclovia,none
1100,pdc_nao_realizado,0.04913078994658069,0.04913078994658069,2607901,way/772524568,,Ciclovia,none
1101,pdc_nao_realizado,0.19623193629447258,0.19623193629447258,2611606,way/772524569,Rua Ministro Mario Andreazza,Ciclovia,none
1102,pdc_nao_realizado,0.015327725299554307,0.015327725299554307,2611606,way/775824726,Rua Ministro Mario Andreazza,Ciclovia,none
1103,pdc_nao_realizado,0.7417945461718402,0.7417945461718402,2607901,way/30811002,Avenida Governador Agamenon Magalhães,Ciclovia,none
1104,pdc_nao_realizado,0.8362809731634523,0.8362809731634523,2607901,way/30812865,Avenida Governador Agamenon Magalhães,Ciclovia,none
1105,pdc_nao_realizado,0.032783780751369805,0.032783780751369805,2607901,way/159135264,Avenida Governador Agamenon Magalhães,Ciclovia,none
1106,pdc_nao_realizado,0.06505408640741306,0.06505408640741306,2607901,way/159135266,Avenida Governador Agamenon Magalhães,Ciclovia,none
1107,pdc_nao_realizado,0.040604241958264314,0.040604241958264314,2607901,way/159135450,Avenida Governador Agamenon Magalhães,Ciclovia,none
1108,pdc_nao_realizado,0.366954281513735,0.366954281513735,2607901,way/159135451,Avenida Governador Agamenon Magalhães,Ciclovia,none
1109,pdc_nao_realizado,0.1310445590234976,0.1310445590234976,2607901,way/159135509,,Ciclovia,none
1110,pdc_nao_realizado,0.053829869220234326,0.053829869220234326,2607901,way/627926565,Avenida Governador Agamenon Magalhães,Ciclovia,none
1111,pdc_nao_realizado,0.035152576775019456,0.035152576775019456,2607901,way/627926566,Avenida Governador Agamenon Magalhães,Ciclovia,none
1112,pdc_nao_realizado,0.04683523861118321,0.04683523861118321,2607901,way/627926567,Avenida Governador Agamenon Magalhães,Ciclovia,none
1113,pdc_nao_realizado,0.68629721707475,0.68629721707475,2607901,way/627926568,Avenida Governador Agamenon Magalhães,Ciclovia,none
1114,pdc_nao_realizado,0.03836541114488413,0.03836541114488413,2607901,way/627926569,Avenida Governador Agamenon Magalhães,Ciclovia,none
1115,pdc_nao_realizado,0.10426425803186945,0.10426425803186945,2607901,way/764604784,,Ciclovia,none
1116,pdc_nao_realizado,0.18018698868886604,0.18018698868886604,2607901,way/764604790,Avenida Governador Agamenon Magalhães,Ciclovia,none
1117,pdc_nao_realizado,0.010954352586174297,0.010954352586174297,2607901,way/764604791,Avenida Governador Agamenon Magalhães,Ciclovia,none
1118,pdc_nao_realizado,0.011095079376127547,0.011095079376127547,2607901,way/770618879,Avenida Governador Agamenon Magalhães,Ciclovia,none
1119,pdc_nao_realizado,0.010539234916559021,0.010539234916559021,2607901,way/770618880,Avenida Governador Agamenon Magalhães,Ciclovia,none
1120,pdc_nao_realizado,0.004659824049005909,0.004659824049005909,2607901,way/815012773,Avenida Governador Agamenon Magalhães,Ciclovia,none
1121,pdc_nao_realizado,0.019149402326485442,0.019149402326485442,2607901,way/815012774,Avenida Governador Agamenon Magalhães,Ciclovia,none
1122,pdc_nao_realizado,0.020786713487525733,0.020786713487525733,2611606,way/30811039,Avenida Liberdade,Ciclovia,none
1123,pdc_nao_realizado,0.06936729169109436,0.06936729169109436,2611606,way/30811040,Avenida Liberdade,Ciclovia,none
1124,pdc_nao_realizado,0.2444906717728277,0.2444906717728277,2611606,way/192029865,Rua Onze de Agosto,Ciclovia,none
1125,pdc_nao_realizado,0.31223043608155787,0.31223043608155787,2611606,way/192029926,Avenida Liberdade,Ciclovia,none
1126,pdc_nao_realizado,0.0430052235892796,0.0430052235892796,2611606,way/221520712,Rua Onze de Agosto,Ciclovia,none
1127,pdc_nao_realizado,0.4244553312062445,0.4244553312062445,2611606,way/245637384,Avenida Liberdade,Ciclovia,none
1128,pdc_nao_realizado,0.2395791848971138,0.2395791848971138,2611606,way/316877401,Avenida Liberdade,Ciclovia,none
1129,pdc_nao_realizado,0.5345410412902629,0.5345410412902629,2611606,way/316877402,Avenida Liberdade,Ciclovia,none
1130,pdc_nao_realizado,0.016076164162540214,0.016076164162540214,2611606,way/316877406,Rua Onze de Agosto,Ciclovia,none
1131,pdc_nao_realizado,0.5665762133318655,0.5665762133318655,2611606,way/316989343,Avenida Liberdade,Ciclovia,none
1132,pdc_nao_realizado,0.01616222347304943,0.01616222347304943,2611606,way/580566908,Rua Onze de Agosto,Ciclovia,none
1133,pdc_nao_realizado,0.14122694272417358,0.14122694272417358,2611606,way/645440619,Avenida Liberdade,Ciclovia,none
1134,pdc_nao_realizado,0.06438601656395698,0.06438601656395698,2611606,way/646666828,Rua Onze de Agosto,Ciclovia,none
1135,pdc_nao_realizado,0.11982065638195488,0.11982065638195488,2611606,way/646666829,Rua Onze de Agosto,Ciclovia,none
1136,pdc_nao_realizado,0.12491208106285845,0.12491208106285845,2611606,way/792115831,Rua Itanhenga,Ciclovia,none
1137,pdc_nao_realizado,0.14497520064067174,0.14497520064067174,2611606,way/854994629,Rua Onze de Agosto,Ciclovia,none
1138,pdc_nao_realizado,0.030455465298618832,0.030455465298618832,2611606,way/854994676,Rua Onze de Agosto,Ciclovia,none
1139,pdc_nao_realizado,0.1975348279282972,0.1975348279282972,2607901,way/336133772,Rua Bulhões Marquês,Ciclovia,none
1140,pdc_nao_realizado,0.6343857894824952,0.6343857894824952,2607901,way/694603748,Avenida General Manoel Rabelo,Ciclovia,none
1141,pdc_nao_realizado,0.4992179124002851,0.4992179124002851,2607901,way/764604807,Avenida General Manoel Rabelo,Ciclovia,none
1142,pdc_nao_realizado,0.09652219060181082,0.09652219060181082,2611606,way/577320872,Avenida Prefeito Antonio Pereira,Ciclovia,none
1143,pdc_nao_realizado,0.37479185771106927,0.37479185771106927,2611606,way/577320873,Avenida Prefeito Antonio Pereira,Ciclovia,none
1144,pdc_realizado_nao_designado,0.8505652426404545,0.8505652426404545,2611606,way/186977578,Rua Antônio Curado,Ciclovia,Ciclofaixa
1145,pdc_realizado_nao_designado,0.3633788414546497,0.3633788414546497,2611606,way/186977811,Rua Manoel Estevão da Costa,Ciclovia,Ciclofaixa
1146,pdc_nao_realizado,0.11818765494961218,0.11818765494961218,2611606,way/186981148,Rua do Bom Pastor,Ciclovia,none
1147,pdc_realizado_nao_designado,0.023245532586488118,0.023245532586488118,2611606,way/198968986,Rua do Bom Pastor,Ciclovia,Ciclofaixa
1148,pdc_realizado_nao_designado,0.03423302022469026,0.03423302022469026,2611606,way/198968987,Rua do Bom Pastor,Ciclovia,Ciclofaixa
1149,pdc_nao_realizado,0.2846942318604798,0.2846942318604798,2611606,way/199673880,Rua do Bom Pastor,Ciclovia,none
1150,pdc_realizado_nao_designado,0.015017039123690097,0.015017039123690097,2611606,way/379437828,Rua do Bom Pastor,Ciclovia,Ciclofaixa
1151,pdc_nao_realizado,0.1133355183429229,0.1133355183429229,2611606,way/684029914,Rua do Bom Pastor,Ciclovia,none
1152,pdc_nao_realizado,0.1680827288589128,0.1680827288589128,2611606,way/684029915,Rua do Bom Pastor,Ciclovia,none
1153,pdc_realizado_nao_designado,0.2760481431568988,0.2760481431568988,2611606,way/966593153,Rua Antônio Curado,Ciclovia,Ciclofaixa
1154,pdc_nao_realizado,0.005227280185360518,0.005227280185360518,2611606,way/1017199454,Rua do Bom Pastor,Ciclovia,none
1155,pdc_nao_realizado,0.557880502613023,0.557880502613023,2611606,way/141028137,Rua Doutor Flavio Ferreira da Silva Marojo,Ciclovia,none
1156,pdc_nao_realizado,0.01890011154995457,0.01890011154995457,2611606,way/141028141,,Ciclovia,none
1157,pdc_nao_realizado,0.07701581340654844,0.07701581340654844,2611606,way/576164745,,Ciclovia,none
1158,pdc_nao_realizado,0.40402124116552657,0.40402124116552657,2611606,way/966514775,Rua Doutor Flavio Ferreira da Silva Marojo,Ciclovia,none
1159,pdc_nao_realizado,0.112351855076939,0.112351855076939,2611606,way/129813562,Avenida Engenheiro Abdias de Carvalho,Ciclovia,none
1160,pdc_nao_realizado,0.006522768548892358,0.006522768548892358,2611606,way/129813563,Avenida Engenheiro Abdias de Carvalho,Ciclovia,none
1161,pdc_nao_realizado,0.18828925848955536,0.18828925848955536,2611606,way/129813564,Avenida Engenheiro Abdias de Carvalho,Ciclovia,none
1162,pdc_nao_realizado,0.006634283869759803,0.006634283869759803,2611606,way/129813565,Avenida Engenheiro Abdias de Carvalho,Ciclovia,none
1163,pdc_nao_realizado,0.010642214499945749,0.010642214499945749,2611606,way/305935782,Avenida Engenheiro Abdias de Carvalho,Ciclovia,none
1164,pdc_nao_realizado,0.11293390458165178,0.11293390458165178,2611606,way/314754293,Avenida Engenheiro Abdias de Carvalho,Ciclovia,none
1165,pdc_nao_realizado,0.601222758065684,0.601222758065684,2611606,way/314754296,Avenida Engenheiro Abdias de Carvalho,Ciclovia,none
1166,pdc_nao_realizado,0.030919539860870995,0.030919539860870995,2611606,way/316740669,Avenida Engenheiro Abdias de Carvalho,Ciclovia,none
1167,pdc_nao_realizado,0.4385378461440248,0.4385378461440248,2611606,way/316740670,Avenida Engenheiro Abdias de Carvalho,Ciclovia,none
1168,pdc_nao_realizado,0.07892793487646842,0.07892793487646842,2611606,way/762748533,Avenida Engenheiro Abdias de Carvalho,Ciclovia,none
1169,pdc_nao_realizado,0.11469369608986593,0.11469369608986593,2611606,way/772547580,Avenida Engenheiro Abdias de Carvalho,Ciclovia,none
1170,pdc_nao_realizado,0.008203916779381218,0.008203916779381218,2611606,way/880644142,Avenida Engenheiro Abdias de Carvalho,Ciclovia,none
1171,pdc_nao_realizado,0.18007039559404697,0.18007039559404697,2611606,way/880644145,Avenida Engenheiro Abdias de Carvalho,Ciclovia,none
1172,pdc_nao_realizado,0.04715842504333234,0.04715842504333234,2611606,way/880644149,Avenida Engenheiro Abdias de Carvalho,Ciclovia,none
1173,pdc_nao_realizado,0.06016333788897048,0.06016333788897048,2611606,way/1073425459,Avenida Engenheiro Abdias de Carvalho,Ciclovia,none
1174,pdc_nao_realizado,0.03714032353179671,0.03714032353179671,2611606,way/1073425460,Avenida Engenheiro Abdias de Carvalho,Ciclovia,none
1175,pdc_nao_realizado,0.06054174196895367,0.06054174196895367,2611606,way/42509587,Avenida General San Martin,Ciclovia,none
1176,pdc_nao_realizado,0.02329398548359974,0.02329398548359974,2611606,way/128381333,Avenida General San Martin,Ciclovia,none
1177,pdc_nao_realizado,0.4268420446981878,0.4268420446981878,2611606,way/130893875,Avenida General San Martin,Ciclovia,none
1178,pdc_nao_realizado,0.013304506417598614,0.013304506417598614,2611606,way/137752797,Avenida General San Martin,Ciclovia,none
1179,pdc_nao_realizado,0.26275537798751925,0.26275537798751925,2611606,way/137752798,Avenida General San Martin,Ciclovia,none
1180,pdc_nao_realizado,0.02727361108640763,0.02727361108640763,2611606,way/192004962,Avenida General San Martin,Ciclovia,none
1181,pdc_nao_realizado,0.018000547925670497,0.018000547925670497,2611606,way/305935781,Avenida General San Martin,Ciclovia,none
1182,pdc_nao_realizado,0.2801768418308421,0.2801768418308421,2611606,way/316740672,Avenida General San Martin,Ciclovia,none
1183,pdc_nao_realizado,0.1801583157764398,0.1801583157764398,2611606,way/378796311,Avenida General San Martin,Ciclovia,none
1184,pdc_nao_realizado,0.04267336968051003,0.04267336968051003,2611606,way/378796320,Avenida General San Martin,Ciclovia,none
1185,pdc_nao_realizado,0.04919327227582089,0.04919327227582089,2611606,way/650857295,Avenida General San Martin,Ciclovia,none
1186,pdc_nao_realizado,0.010620111188807046,0.010620111188807046,2611606,way/662132825,Avenida General San Martin,Ciclovia,none
1187,pdc_nao_realizado,0.03117870088715536,0.03117870088715536,2611606,way/778554964,Avenida General San Martin,Ciclovia,none
1188,pdc_nao_realizado,0.009752337330955036,0.009752337330955036,2611606,way/880644132,,Ciclovia,none
1189,pdc_nao_realizado,0.013748830374733295,0.013748830374733295,2611606,way/880644133,,Ciclovia,none
1190,pdc_nao_realizado,0.009752617837162275,0.009752617837162275,2611606,way/880644134,Avenida General San Martin,Ciclovia,none
1191,pdc_nao_realizado,0.018708493303691905,0.018708493303691905,2611606,way/880644141,,Ciclovia,none
1192,pdc_nao_realizado,0.01640371590301294,0.01640371590301294,2611606,way/880644146,,Ciclovia,none
1193,pdc_nao_realizado,0.013960493535463641,0.013960493535463641,2611606,way/880644147,,Ciclovia,none
1194,pdc_nao_realizado,0.019885371531679658,0.019885371531679658,2611606,way/880644148,Avenida General San Martin,Ciclovia,none
1195,pdc_nao_realizado,0.025821466217364298,0.025821466217364298,2611606,way/880644150,,Ciclovia,none
1196,pdc_nao_realizado,0.49390358321231315,0.49390358321231315,2611606,way/895031809,Avenida General San Martin,Ciclovia,none
1197,pdc_nao_realizado,0.2057024566008954,0.2057024566008954,2611606,way/965675315,Avenida General San Martin,Ciclovia,none
1198,pdc_nao_realizado,0.16757128322417753,0.16757128322417753,2611606,way/966570842,Avenida General San Martin,Ciclovia,none
1199,pdc_nao_realizado,0.03342397722947991,0.03342397722947991,2611606,way/968231401,Avenida General San Martin,Ciclovia,none
1200,pdc_nao_realizado,0.0258644102590909,0.0258644102590909,2611606,way/968259580,Avenida General San Martin,Ciclovia,none
1201,pdc_nao_realizado,0.05726483730402544,0.05726483730402544,2611606,way/995648132,Avenida General San Martin,Ciclovia,none
1202,pdc_nao_realizado,0.11265257265313887,0.11265257265313887,2611606,way/130921562,,Ciclovia,none
1203,pdc_realizado_nao_designado,0.13298128994204472,0.13298128994204472,2611606,way/130921781,Avenida João Cabral de Melo Neto,Ciclovia,Ciclofaixa
1204,pdc_nao_realizado,0.18212624123758028,0.18212624123758028,2611606,way/130921782,Avenida João Cabral de Melo Neto,Ciclovia,none
1205,pdc_realizado_nao_designado,0.02736422480784192,0.02736422480784192,2611606,way/140092783,Avenida João Cabral de Melo Neto,Ciclovia,Ciclofaixa
1206,pdc_nao_realizado,0.02701275267539473,0.02701275267539473,2611606,way/140092784,Avenida João Cabral de Melo Neto,Ciclovia,none
1207,pdc_realizado_nao_designado,0.18177387396464295,0.18177387396464295,2611606,way/140092785,Avenida João Cabral de Melo Neto,Ciclovia,Ciclofaixa
1208,pdc_nao_realizado,0.10964869632010676,0.10964869632010676,2611606,way/140092786,Avenida João Cabral de Melo Neto,Ciclovia,none
1209,pdc_nao_realizado,0.03008102915396295,0.03008102915396295,2611606,way/191992514,Avenida General San Martin,Ciclovia,none
1210,pdc_nao_realizado,0.09595157759265763,0.09595157759265763,2611606,way/191992516,Avenida General San Martin,Ciclovia,none
1211,pdc_realizado_nao_designado,0.21515222346011098,0.21515222346011098,2611606,way/318003837,Avenida General San Martin,Ciclovia,Ciclofaixa
1212,pdc_realizado_nao_designado,0.11767353932920803,0.11767353932920803,2611606,way/762754347,Avenida General San Martin,Ciclovia,Ciclofaixa
1213,pdc_nao_realizado,0.026682111470288015,0.026682111470288015,2611606,way/777758093,Avenida General San Martin,Ciclovia,none
1214,pdc_nao_realizado,0.11823114365637195,0.11823114365637195,2611606,way/854786875,,Ciclovia,none
1215,pdc_nao_realizado,0.016416483167754493,0.016416483167754493,2611606,way/1014941469,Avenida João Cabral de Melo Neto,Ciclovia,none
1216,pdc_nao_realizado,0.029674891294981968,0.029674891294981968,2611606,way/129484795,Avenida Recife,Ciclovia,none
1217,pdc_nao_realizado,0.031489221001570714,0.031489221001570714,2611606,way/129485533,Avenida Recife,Ciclovia,none
1218,pdc_nao_realizado,0.03111063686162152,0.03111063686162152,2611606,way/129485534,Avenida Recife,Ciclovia,none
1219,pdc_nao_realizado,0.017807594459042175,0.017807594459042175,2611606,way/129485535,Avenida Recife,Ciclovia,none
1220,pdc_nao_realizado,0.018961926502190567,0.018961926502190567,2611606,way/129485536,Avenida Recife,Ciclovia,none
1221,pdc_nao_realizado,0.2616251104741606,0.2616251104741606,2611606,way/190346057,Avenida Recife,Ciclovia,none
1222,pdc_nao_realizado,0.3062042473569655,0.3062042473569655,2611606,way/190346058,Avenida Recife,Ciclovia,none
1223,pdc_nao_realizado,0.1552828467395243,0.1552828467395243,2611606,way/314754301,Avenida Recife,Ciclovia,none
1224,pdc_nao_realizado,0.002734903579924619,0.002734903579924619,2611606,way/314754305,Avenida Recife,Ciclovia,none
1225,pdc_nao_realizado,0.24529465619585125,0.24529465619585125,2611606,way/314754307,Avenida Recife,Ciclovia,none
1226,pdc_nao_realizado,0.11493043334580623,0.11493043334580623,2611606,way/316972785,Avenida Recife,Ciclovia,none
1227,pdc_nao_realizado,0.008937254079743377,0.008937254079743377,2611606,way/656032038,Avenida Recife,Ciclovia,none
1228,pdc_nao_realizado,0.5652538351599549,0.5652538351599549,2611606,way/722757400,Avenida Recife,Ciclovia,none
1229,pdc_nao_realizado,0.05603778896486124,0.05603778896486124,2611606,way/777105572,Avenida Recife,Ciclovia,none
1230,pdc_nao_realizado,0.2395094866643835,0.2395094866643835,2611606,way/854994672,Avenida Recife,Ciclovia,none
1231,pdc_nao_realizado,0.0028931323697198997,0.0028931323697198997,2611606,way/911290363,Avenida Recife,Ciclovia,none
1232,pdc_nao_realizado,0.2410451149756849,0.2410451149756849,2611606,way/911290365,Avenida Recife,Ciclovia,none
1233,pdc_nao_realizado,0.055611805402487946,0.055611805402487946,2611606,way/911290366,Avenida Recife,Ciclovia,none
1234,pdc_nao_realizado,0.029858410758442394,0.029858410758442394,2611606,way/1183809383,Avenida Recife,Ciclovia,none
1235,pdc_nao_realizado,0.0038157812771413796,0.0038157812771413796,2611606,way/1299031427,Avenida Recife,Ciclovia,none
1236,pdc_nao_realizado,0.28441152679025444,0.28441152679025444,2611606,way/128475994,Avenida Recife,Ciclovia,none
1237,pdc_nao_realizado,0.015428502115787222,0.015428502115787222,2611606,way/128475995,Avenida Recife,Ciclovia,none
1238,pdc_nao_realizado,0.01530407269386695,0.01530407269386695,2611606,way/128475996,Avenida Recife,Ciclovia,none
1239,pdc_nao_realizado,0.10232448339383891,0.10232448339383891,2611606,way/129189678,Avenida Recife,Ciclovia,none
1240,pdc_nao_realizado,0.010606810931094762,0.010606810931094762,2611606,way/129189679,Avenida Recife,Ciclovia,none
1241,pdc_nao_realizado,0.0663235183017363,0.0663235183017363,2611606,way/129484789,Avenida Recife,Ciclovia,none
1242,pdc_nao_realizado,0.03874945684067397,0.03874945684067397,2611606,way/129484791,Avenida Recife,Ciclovia,none
1243,pdc_nao_realizado,0.015496898922816277,0.015496898922816277,2611606,way/129484793,Avenida Recife,Ciclovia,none
1244,pdc_nao_realizado,0.010277790911159781,0.010277790911159781,2611606,way/140175221,Avenida Recife,Ciclovia,none
1245,pdc_nao_realizado,0.6865570902799253,0.6865570902799253,2611606,way/140175222,Avenida Recife,Ciclovia,none
1246,pdc_nao_realizado,0.4776853475524784,0.4776853475524784,2611606,way/198969925,Avenida Recife,Ciclovia,none
1247,pdc_nao_realizado,0.14891286351658653,0.14891286351658653,2611606,way/198969926,Avenida Recife,Ciclovia,none
1248,pdc_nao_realizado,0.10190497753140611,0.10190497753140611,2611606,way/314754300,Avenida Recife,Ciclovia,none
1249,pdc_nao_realizado,0.10300754794858487,0.10300754794858487,2611606,way/470665007,Avenida Recife,Ciclovia,none
1250,pdc_nao_realizado,0.48977720287573373,0.48977720287573373,2611606,way/575167487,Avenida Recife,Ciclovia,none
1251,pdc_nao_realizado,0.30407690510795293,0.30407690510795293,2611606,way/775418045,Avenida Recife,Ciclovia,none
1252,pdc_nao_realizado,0.04706978732367193,0.04706978732367193,2611606,way/854994668,Avenida Recife,Ciclovia,none
1253,pdc_nao_realizado,0.020203216578227302,0.020203216578227302,2611606,way/854994671,Avenida Recife,Ciclovia,none
1254,pdc_nao_realizado,0.015268173474434894,0.015268173474434894,2611606,way/966565096,Avenida Recife,Ciclovia,none
1255,pdc_nao_realizado,0.02267800045478005,0.02267800045478005,2611606,way/966565097,Avenida Recife,Ciclovia,none
1256,pdc_nao_realizado,0.014797687141588016,0.014797687141588016,2611606,way/966570841,Avenida Recife,Ciclovia,none
1257,pdc_nao_realizado,0.042412124192698374,0.042412124192698374,2611606,way/1014941481,Avenida Recife,Ciclovia,none
1258,pdc_nao_realizado,0.03879224132940365,0.03879224132940365,2611606,way/1183809382,Avenida Recife,Ciclovia,none
1259,pdc_nao_realizado,0.13774550799217397,0.13774550799217397,2611606,way/1359886531,Avenida Recife,Ciclovia,none
1260,pdc_nao_realizado,0.4236740273821872,0.4236740273821872,2611606,way/30811101,Avenida Visconde de São Leopoldo,Ciclovia,none
1261,pdc_nao_realizado,0.38635782290498877,0.38635782290498877,2611606,way/30811135,Avenida Visconde de São Leopoldo,Ciclovia,none
1262,pdc_nao_realizado,0.21779368407619074,0.21779368407619074,2611606,way/114690724,Rua Leandro Barreto,Ciclovia,none
1263,pdc_nao_realizado,0.14388311339912355,0.14388311339912355,2611606,way/128408696,Viaduto de Jardim São Paulo,Ciclovia,none
1264,pdc_realizado_nao_designado,0.32176908914346714,0.32176908914346714,2611606,way/140093042,Praça Salazar,Ciclovia,Ciclofaixa
1265,pdc_nao_realizado,0.10572058756335076,0.10572058756335076,2611606,way/140094457,Rua Construtor Luiz Carvalhedo de Castro,Ciclovia,none
1266,pdc_realizado_nao_designado,0.13164905536167681,0.13164905536167681,2611606,way/316989359,Rua Senador Alberto Pasqualini,Ciclovia,Ciclofaixa
1267,pdc_realizado_nao_designado,0.3392399694878867,0.3392399694878867,2611606,way/316989360,Rua Senador Alberto Pasqualini,Ciclovia,Ciclofaixa
1268,pdc_realizado_nao_designado,0.010223679284350617,0.010223679284350617,2611606,way/778604171,Rua Senador Alberto Pasqualini,Ciclovia,Ciclofaixa
1269,pdc_nao_realizado,1.1081472049760732,1.1081472049760732,2611606,way/854994647,Avenida Leandro Barreto,Ciclovia,none
1270,pdc_nao_realizado,0.1283397088379235,0.1283397088379235,2611606,way/966299066,Avenida São Paulo,Ciclovia,none
1271,pdc_nao_realizado,0.11129328453316167,0.11129328453316167,2611606,way/966309424,Avenida Leandro Barreto,Ciclovia,none
1272,pdc_nao_realizado,0.1434568657002169,0.1434568657002169,2611606,way/1183809385,Avenida São Paulo,Ciclovia,none
1273,pdc_nao_realizado,0.04152209414548825,0.04152209414548825,2611606,way/253581167,Avenida Padre Ibiapina,Ciclovia,none
1274,pdc_nao_realizado,0.3266889550763434,0.3266889550763434,2611606,way/316877407,Rua Padre Ibiapina,Ciclovia,none
1275,pdc_nao_realizado,0.3078719793312448,0.3078719793312448,2611606,way/316877408,Rua Padre Ibiapina,Ciclovia,none
1276,pdc_nao_realizado,0.02784708120449547,0.02784708120449547,2611606,way/483253551,Avenida Padre Ibiapina,Ciclovia,none
1277,pdc_nao_realizado,0.06063088141752323,0.06063088141752323,2611606,way/483253552,Avenida Padre Ibiapina,Ciclovia,none
1278,pdc_nao_realizado,0.0036925224629824603,0.0036925224629824603,2611606,way/609232356,Passarela da Estação de Tejipió,Ciclovia,none
1279,pdc_nao_realizado,0.004476400857506507,0.004476400857506507,2611606,way/609232357,,Ciclovia,none
1280,pdc_nao_realizado,0.0092739384701054,0.0092739384701054,2611606,way/609232358,Passarela da Estação de Tejipió,Ciclovia,none
1281,pdc_nao_realizado,0.03331875316554995,0.03331875316554995,2611606,way/609232359,Passarela da Estação de Tejipió,Ciclovia,none
1282,pdc_nao_realizado,0.1121626231201139,0.1121626231201139,2611606,way/609232360,,Ciclovia,none
1283,pdc_nao_realizado,0.016234838538809818,0.016234838538809818,2611606,way/609232361,Passarela da Estação de Tejipió,Ciclovia,none
1284,pdc_nao_realizado,0.0402887702185047,0.0402887702185047,2611606,way/686999762,Avenida Padre Ibiapina,Ciclovia,none
1285,pdc_nao_realizado,0.0160589741420755,0.0160589741420755,2611606,way/700988978,,Ciclovia,none
1286,pdc_nao_realizado,0.3572272714545057,0.3572272714545057,2611606,way/117593767,Rua Vinte e Um de Abril,Ciclovia,none
1287,pdc_realizado_nao_designado,0.24099510688459452,0.24099510688459452,2611606,way/130921681,Rua Vinte e Um de Abril,Ciclovia,Ciclofaixa Compartilhada
1288,pdc_realizado_nao_designado,0.20120248336283744,0.20120248336283744,2611606,way/191989770,Rua Vinte e Um de Abril,Ciclovia,Ciclofaixa Compartilhada
1289,pdc_realizado_nao_designado,0.22822170943496495,0.22822170943496495,2611606,way/191989771,Rua Vinte e Um de Abril,Ciclovia,Ciclofaixa Compartilhada
1290,pdc_realizado_nao_designado,0.03215844528413153,0.03215844528413153,2611606,way/316740736,Rua Vinte e Um de Abril,Ciclovia,Ciclofaixa Compartilhada
1291,pdc_realizado_nao_designado,0.7279406348116712,0.7279406348116712,2611606,way/316740738,Rua Vinte e Um de Abril,Ciclovia,Ciclofaixa Compartilhada
1292,pdc_realizado_nao_designado,0.03775490764809401,0.03775490764809401,2611606,way/316740741,Rua Vinte e Um de Abril,Ciclovia,Ciclofaixa Compartilhada
1293,pdc_nao_realizado,0.19312499722103943,0.19312499722103943,2611606,way/316989365,Rua 21 de Abril,Ciclovia,none
1294,pdc_nao_realizado,0.4145141178955561,0.4145141178955561,2611606,way/316989366,Rua 21 de Abril,Ciclovia,none
1295,pdc_realizado_nao_designado,0.3018634605775924,0.3018634605775924,2611606,way/378796328,Rua Vinte e Um de Abril,Ciclovia,Ciclofaixa Compartilhada
1296,pdc_nao_realizado,0.012039073365088951,0.012039073365088951,2611606,way/854786874,Rua 21 de Abril,Ciclovia,none
1297,pdc_nao_realizado,0.07585753216940283,0.07585753216940283,2611606,way/966536620,Rua Vinte e Um de Abril,Ciclovia,none
1298,pdc_realizado_nao_designado,0.2005942453877008,0.2005942453877008,2611606,way/966538883,Rua Vinte e Um de Abril,Ciclovia,Ciclofaixa Compartilhada
1299,pdc_realizado_nao_designado,0.11083770943729869,0.11083770943729869,2611606,way/1002053167,Rua Vinte e Um de Abril,Ciclovia,Ciclofaixa Compartilhada
1300,pdc_realizado_nao_designado,0.5805452855165469,0.5805452855165469,2611606,way/42509471,Rua Gomes Taborda,Ciclovia,Ciclofaixa Compartilhada
1301,pdc_realizado_nao_designado,0.1399001761332291,0.1399001761332291,2611606,way/130893509,Rua Gomes Taborda,Ciclovia,Ciclofaixa Compartilhada
1302,pdc_realizado_nao_designado,0.12762574244599018,0.12762574244599018,2611606,way/130893510,Rua Gomes Taborda,Ciclovia,Ciclofaixa Compartilhada
1303,pdc_realizado_nao_designado,0.45361408782542695,0.45361408782542695,2611606,way/316740710,Rua Gomes Taborda,Ciclovia,Ciclofaixa Compartilhada
1304,pdc_realizado_nao_designado,0.23900858302460182,0.23900858302460182,2611606,way/316740718,Rua Gomes Taborda,Ciclovia,Ciclofaixa Compartilhada
1305,pdc_realizado_nao_designado,0.036972102134329256,0.036972102134329256,2611606,way/968571143,Rua Gomes Taborda,Ciclovia,Ciclofaixa Compartilhada
1306,pdc_realizado_nao_designado,0.01778133428916545,0.01778133428916545,2611606,way/968571144,Rua Gomes Taborda,Ciclovia,Ciclofaixa Compartilhada
1307,pdc_realizado_nao_designado,0.11175863014544446,0.11175863014544446,2611606,way/968571145,Rua Gomes Taborda,Ciclovia,Ciclofaixa Compartilhada
1308,pdc_realizado_nao_designado,0.01405930883679059,0.01405930883679059,2611606,way/968571147,Rua Gomes Taborda,Ciclovia,Ciclofaixa Compartilhada
1309,pdc_realizado_nao_designado,0.06408205201852948,0.06408205201852948,2611606,way/968571148,Rua Gomes Taborda,Ciclovia,Ciclofaixa Compartilhada
1310,pdc_realizado_nao_designado,0.19105654719279658,0.19105654719279658,2611606,way/968571149,Rua Gomes Taborda,Ciclovia,Ciclofaixa Compartilhada
1311,pdc_nao_realizado,0.15583193477755383,0.15583193477755383,2611606,way/221679582,Rua Tutóia,Ciclovia,none
1312,pdc_nao_realizado,0.060833490063298724,0.060833490063298724,2611606,way/224069034,Rua Severino Varejão,Ciclovia,none
1313,pdc_nao_realizado,0.04648660063438993,0.04648660063438993,2611606,way/482478761,Travessa Tutóia,Ciclovia,none
1314,pdc_nao_realizado,0.03879733019480575,0.03879733019480575,2611606,way/967951002,Rua Carlos Xavier Paes Barreto,Ciclovia,none
1315,pdc_nao_realizado,0.037835619809485466,0.037835619809485466,2607901,way/1183809387,Rua Pedro Teixeira,Ciclovia,none
1316,pdc_nao_realizado,0.014373250153387184,0.014373250153387184,2611606,way/140172306,,Ciclovia,none
1317,pdc_nao_realizado,0.10002788902516908,0.10002788902516908,2611606,way/262454297,,Ciclovia,none
1318,pdc_nao_realizado,0.16970927212002088,0.16970927212002088,2611606,way/1183809384,Avenida Central,Ciclovia,none
1319,pdc_nao_realizado,0.471163023200909,0.471163023200909,2611606,way/159762811,Rua Morais e Silva,Ciclovia,none
1320,pdc_nao_realizado,0.09253294098359732,0.09253294098359732,2611606,way/483033791,Rua Morais e Silva,Ciclovia,none
1321,pdc_nao_realizado,0.027987468633638456,0.027987468633638456,2611606,way/140093030,Rua José Natário,Ciclovia,none
1322,pdc_nao_realizado,0.13686307297857242,0.13686307297857242,2611606,way/242302697,Rua José Natário,Ciclovia,none
1323,pdc_nao_realizado,0.4791689942814897,0.4791689942814897,2611606,way/242302699,Rua José Natário,Ciclovia,none
1324,pdc_nao_realizado,0.4989317890904015,0.4989317890904015,2611606,way/140174494,Avenida São Paulo,Ciclovia,none
1325,pdc_nao_realizado,0.018187802285770244,0.018187802285770244,2611606,way/1183842786,Rua José Natário,Ciclovia,none
1326,pdc_nao_realizado,0.1562416453777388,0.1562416453777388,2611606,way/683025215,Rua Pacaembu,Ciclovia,none
1327,pdc_nao_realizado,0.035424190233678494,0.035424190233678494,2611606,way/1183842787,Rua Mil Novecentos e Onze,Ciclovia,none
1328,pdc_nao_realizado,0.10509792452745055,0.10509792452745055,2611606,way/151818903,Rua Humberto de Campos,Ciclovia,none
1329,pdc_nao_realizado,0.005154837519717707,0.005154837519717707,2611606,way/614276992,Passarela da Estação de Santa Luzia,Ciclovia,none
1330,pdc_nao_realizado,0.006868751905131084,0.006868751905131084,2611606,way/614276998,,Ciclovia,none
1331,pdc_nao_realizado,0.02544531575851455,0.02544531575851455,2611606,way/1183809381,Avenida Estância,Ciclovia,none
1332,pdc_nao_realizado,0.7276103175956384,0.7276103175956384,2611606,way/30811117,Rodovia Luiz Gonzaga,Ciclovia,none
1333,pdc_realizado_nao_designado,0.22338519257756584,0.22338519257756584,2611606,way/204619823,Avenida Professor Luiz Freire,Ciclovia,Ciclofaixa
1334,pdc_realizado_nao_designado,0.9848425761933343,0.9848425761933343,2611606,way/317021043,Avenida Professor Luiz Freire,Ciclovia,Ciclofaixa
1335,pdc_realizado_nao_designado,0.3697459444664084,0.3697459444664084,2611606,way/186977356,Rua José dos Santos,Ciclovia,Ciclofaixa
1336,pdc_nao_realizado,0.05214958762439184,0.05214958762439184,2611606,way/30811121,Avenida Engenheiro Abdias de Carvalho,Ciclovia,none
1337,pdc_nao_realizado,0.30861573218051547,0.30861573218051547,2611606,way/30811122,,Ciclovia,none
1338,pdc_nao_realizado,0.14018504944434845,0.14018504944434845,2611606,way/30811124,,Ciclovia,none
1339,pdc_nao_realizado,0.32069901711935533,0.32069901711935533,2611606,way/30811125,Avenida Engenheiro Abdias de Carvalho,Ciclovia,none
1340,pdc_nao_realizado,0.3235932398783347,0.3235932398783347,2611606,way/317078478,,Ciclovia,none
1341,pdc_nao_realizado,0.24916523260439744,0.24916523260439744,2611606,way/376438448,Rua Doutor Flavio Ferreira da Silva Marojo,Ciclovia,none
1342,pdc_realizado_nao_designado,0.012323626288601813,0.012323626288601813,2611606,way/130921295,Avenida Manoel Gonçalves da Luz,Ciclovia,Ciclofaixa Compartilhada
1343,pdc_realizado_nao_designado,1.0439328996902677,1.0439328996902677,2611606,way/130921296,Avenida Manoel Gonçalves da Luz,Ciclovia,Ciclofaixa Compartilhada
1344,pdc_realizado_nao_designado,0.09721500464527014,0.09721500464527014,2611606,way/130921298,Avenida Manoel Gonçalves da Luz,Ciclovia,Ciclofaixa Compartilhada
1345,pdc_nao_realizado,0.4678858046098804,0.4678858046098804,2611606,way/140092010,Rua Doutor João Elísio,Ciclovia,none
1346,pdc_nao_realizado,0.009207067629564447,0.009207067629564447,2611606,way/653428687,Passarela da Estação Mangueira,Ciclovia,none
1347,pdc_nao_realizado,0.11807198902327795,0.11807198902327795,2611606,way/678467232,Avenida Central,Ciclovia,none
1348,pdc_nao_realizado,0.26020568081938356,0.26020568081938356,2611606,way/30811120,,Ciclovia,none
1349,pdc_realizado_nao_designado,0.20632462104221364,0.20632462104221364,2611606,way/130894159,Avenida do Forte,Ciclovia,Ciclofaixa
1350,pdc_realizado_nao_designado,0.1419233445325405,0.1419233445325405,2611606,way/130894160,Avenida do Forte,Ciclovia,Ciclofaixa
1351,pdc_realizado_nao_designado,1.2849435745687288,1.2849435745687288,2611606,way/317078451,Avenida do Forte,Ciclovia,Ciclofaixa
1352,pdc_realizado_nao_designado,0.01850067512020572,0.01850067512020572,2611606,way/491692395,Avenida do Forte,Ciclovia,Ciclofaixa
1353,pdc_realizado_nao_designado,0.1454020859524682,0.1454020859524682,2611606,way/854786871,Avenida do Forte,Ciclovia,Ciclofaixa
1354,pdc_realizado_nao_designado,0.18057892676163345,0.18057892676163345,2611606,way/42509040,Rua Delmiro Gouveia,Ciclovia,Ciclofaixa
1355,pdc_realizado_nao_designado,0.08766819611604275,0.08766819611604275,2611606,way/103595421,Rua Delmiro Gouveia,Ciclovia,Ciclofaixa
1356,pdc_realizado_nao_designado,0.019672176919001867,0.019672176919001867,2611606,way/130894161,Avenida do Forte,Ciclovia,Ciclofaixa
1357,pdc_nao_realizado,0.26128515727334567,0.26128515727334567,2611606,way/762748539,Rua Delmiro Gouveia,Ciclovia,none
1358,pdc_realizado_nao_designado,0.09741556315812253,0.09741556315812253,2611606,way/966514774,Rua Delmiro Gouveia,Ciclovia,Ciclofaixa
1359,pdc_nao_realizado,0.010169261031929017,0.010169261031929017,2611606,way/305935780,Avenida Engenheiro Abdias de Carvalho,Ciclovia,none
1360,pdc_nao_realizado,0.20560020575316698,0.20560020575316698,2611606,way/305936013,Avenida Engenheiro Abdias de Carvalho,Ciclovia,none
1361,pdc_nao_realizado,0.008699903850711711,0.008699903850711711,2611606,way/314754299,Avenida Engenheiro Abdias de Carvalho,Ciclovia,none
1362,pdc_nao_realizado,0.05074220492691973,0.05074220492691973,2611606,way/854786912,Avenida Engenheiro Abdias de Carvalho,Ciclovia,none
1363,pdc_nao_realizado,0.07841197074902867,0.07841197074902867,2611606,way/854786913,Avenida Engenheiro Abdias de Carvalho,Ciclovia,none
1364,pdc_nao_realizado,0.013725605312778945,0.013725605312778945,2611606,way/880644135,Avenida Engenheiro Abdias de Carvalho,Ciclovia,none
1365,pdc_nao_realizado,0.20259843647938044,0.20259843647938044,2611606,way/880644136,Avenida Engenheiro Abdias de Carvalho,Ciclovia,none
1366,pdc_nao_realizado,0.03746823031986257,0.03746823031986257,2611606,way/880644138,Avenida Engenheiro Abdias de Carvalho,Ciclovia,none
1367,pdc_nao_realizado,0.004990769071424171,0.004990769071424171,2611606,way/880644154,Avenida Engenheiro Abdias de Carvalho,Ciclovia,none
1368,pdc_nao_realizado,0.0184856106031302,0.0184856106031302,2611606,way/880644155,Avenida Engenheiro Abdias de Carvalho,Ciclovia,none
1369,pdc_nao_realizado,0.010007399472051691,0.010007399472051691,2611606,way/884229189,Avenida Engenheiro Abdias de Carvalho,Ciclovia,none
1370,pdc_nao_realizado,0.12274942085987622,0.12274942085987622,2611606,way/1183809386,Avenida Engenheiro Abdias de Carvalho,Ciclovia,none
1371,pdc_realizado_designado,0.476941387683872,0.476941387683872,2607901,way/1183750768,Ciclovia Orla de Boa Viagem,Ciclovia,Ciclovia
1372,pdc_nao_realizado,0.2208474605721682,0.2208474605721682,2611606,way/87777351,Rua Rio Azul,Ciclovia,none
1373,pdc_nao_realizado,0.12520565990784774,0.12520565990784774,2611606,way/129481942,Túnel Augusto Lucena,Ciclovia,none
1374,pdc_nao_realizado,0.15273661878972844,0.15273661878972844,2611606,way/129482676,Túnel Augusto Lucena,Ciclovia,none
1375,pdc_nao_realizado,0.0636647310181966,0.0636647310181966,2611606,way/129482677,Avenida Desembargador José Neves,Ciclovia,none
1376,pdc_nao_realizado,0.6126283728436653,0.6126283728436653,2611606,way/129482678,Avenida Dom João VI,Ciclovia,none
1377,pdc_nao_realizado,0.34327069486838213,0.34327069486838213,2611606,way/141711860,Avenida Desembargador José Neves,Ciclovia,none
1378,pdc_nao_realizado,0.0941761829621004,0.0941761829621004,2611606,way/359667809,,Ciclovia,none
1379,pdc_nao_realizado,0.10715855680957889,0.10715855680957889,2611606,way/466699571,,Ciclovia,none
1380,pdc_nao_realizado,0.10094351836937816,0.10094351836937816,2611606,way/466699572,,Ciclovia,none
1381,pdc_nao_realizado,0.5097898630569846,0.5097898630569846,2611606,way/466699573,Avenida Dom João VI,Ciclovia,none
1382,pdc_nao_realizado,0.10033498748353185,0.10033498748353185,2611606,way/537002415,Avenida Desembargador José Neves,Ciclovia,none
1383,pdc_nao_realizado,0.2407408920359648,0.2407408920359648,2611606,way/624133567,Avenida Desembargador José Neves,Ciclovia,none
1384,pdc_nao_realizado,0.06280407792799847,0.06280407792799847,2611606,way/624133569,Avenida Desembargador José Neves,Ciclovia,none
1385,pdc_nao_realizado,0.09770023471979956,0.09770023471979956,2611606,way/646661821,Avenida Desembargador José Neves,Ciclovia,none
1386,pdc_nao_realizado,0.22114791276270043,0.22114791276270043,2611606,way/968625618,Rua Rio Azul,Ciclovia,none
1387,pdc_nao_realizado,0.0930751545720688,0.0930751545720688,2611606,way/86327493,Avenida Visconde de Jequitinhonha,Ciclovia,none
1388,pdc_nao_realizado,0.05210040076644303,0.05210040076644303,2611606,way/130923540,Avenida Engenheiro Domingos Ferreira,Ciclovia,none
1389,pdc_nao_realizado,0.5383112050305926,0.5383112050305926,2611606,way/138285433,Avenida Visconde de Jequitinhonha,Ciclovia,none
1390,pdc_realizado_nao_designado,0.0367600223280396,0.0367600223280396,2607901,way/138285434,Avenida Visconde de Jequitinhonha,Ciclovia,Ciclofaixa Compartilhada
1391,pdc_realizado_nao_designado,0.2079470660519217,0.2079470660519217,2611606,way/151966146,Avenida Visconde de Jequitinhonha,Ciclovia,Ciclofaixa
1392,pdc_nao_realizado,0.18659108210498893,0.18659108210498893,2611606,way/151966147,Avenida Visconde de Jequitinhonha,Ciclovia,none
1393,pdc_nao_realizado,0.23793193705042182,0.23793193705042182,2611606,way/151966150,Avenida Visconde de Jequitinhonha,Ciclovia,none
1394,pdc_realizado_nao_designado,0.4840929951214597,0.4840929951214597,2607901,way/223042934,Avenida Ayrton Senna da Silva,Ciclovia,Ciclofaixa
1395,pdc_realizado_nao_designado,0.31976859830757143,0.31976859830757143,2611606,way/319293361,Rua General Edson Amâncio Ramalho,Ciclovia,Ciclofaixa
1396,pdc_nao_realizado,0.11391766810978779,0.11391766810978779,2611606,way/319293363,Avenida Fernando Simões Barbosa,Ciclovia,none
1397,pdc_nao_realizado,0.053822067009283374,0.053822067009283374,2611606,way/319943418,Avenida Visconde de Jequitinhonha,Ciclovia,none
1398,pdc_nao_realizado,0.7694113657634183,0.7694113657634183,2611606,way/319943419,Avenida Visconde de Jequitinhonha,Ciclovia,none
1399,pdc_nao_realizado,0.1201058235519469,0.1201058235519469,2611606,way/466704809,Rua Professor Arnaldo Carneiro Leao,Ciclovia,none
1400,pdc_realizado_nao_designado,0.2275561940881079,0.2275561940881079,2611606,way/574217818,Avenida Visconde de Jequitinhonha,Ciclovia,Ciclofaixa
1401,pdc_nao_realizado,0.11042642338532548,0.11042642338532548,2611606,way/585473145,Avenida Fernando Simões Barbosa,Ciclovia,none
1402,pdc_realizado_nao_designado,0.11949571827738137,0.11949571827738137,2611606,way/585473147,Rua General Edson Amâncio Ramalho,Ciclovia,Ciclofaixa
1403,pdc_realizado_nao_designado,0.16791344729665747,0.16791344729665747,2611606,way/636685320,Avenida Visconde de Jequitinhonha,Ciclovia,Ciclofaixa
1404,pdc_realizado_nao_designado,0.21538501459190748,0.21538501459190748,2611606,way/647111564,Rua General Edson Amâncio Ramalho,Ciclovia,Ciclofaixa
1405,pdc_nao_realizado,0.2840226547289227,0.2840226547289227,2611606,way/707010097,Avenida Fernando Simões Barbosa,Ciclovia,none
1406,pdc_nao_realizado,0.07125589151629386,0.07125589151629386,2611606,way/707010098,Avenida Visconde de Jequitinhonha,Ciclovia,none
1407,pdc_nao_realizado,0.021859459762849653,0.021859459762849653,2611606,way/707010100,Avenida Visconde de Jequitinhonha,Ciclovia,none
1408,pdc_nao_realizado,0.0070080316401926945,0.0070080316401926945,2611606,way/756240228,Rua Coronel Benedito Chaves,Ciclovia,none
1409,pdc_realizado_nao_designado,0.11508822252207142,0.11508822252207142,2611606,way/762927577,Rua General Edson Amâncio Ramalho,Ciclovia,Ciclofaixa Compartilhada
1410,pdc_nao_realizado,0.10661281767822346,0.10661281767822346,2611606,way/771496121,Avenida Fernando Simões Barbosa,Ciclovia,none
1411,pdc_nao_realizado,0.014746487655099675,0.014746487655099675,2611606,way/853512338,Via Mangue - Pista Oeste,Ciclovia,none
1412,pdc_nao_realizado,0.06184110293821908,0.06184110293821908,2611606,way/854994656,Avenida Fernando Simões Barbosa,Ciclovia,none
1413,pdc_nao_realizado,0.22016084302270164,0.22016084302270164,2611606,way/901992081,Avenida Engenheiro Domingos Ferreira,Ciclovia,none
1414,pdc_nao_realizado,0.18205354516539096,0.18205354516539096,2611606,way/966756873,Avenida Visconde de Jequitinhonha,Ciclovia,none
1415,pdc_nao_realizado,0.24506237157499605,0.24506237157499605,2607901,way/1183750779,Avenida Visconde de Jequitinhonha,Ciclovia,none
1416,pdc_nao_realizado,0.04938460158811321,0.04938460158811321,2611606,way/1303718124,Rua General Edson Amâncio Ramalho,Ciclovia,none
1417,pdc_nao_realizado,0.07091799782565938,0.07091799782565938,2611606,way/151147816,Rua Manoel de Brito,Ciclovia,none
1418,pdc_nao_realizado,0.013687425576304101,0.013687425576304101,2611606,way/151147818,Rua Manoel de Brito,Ciclovia,none
1419,pdc_nao_realizado,0.2298029060717244,0.2298029060717244,2611606,way/151147942,Rua Manoel de Brito,Ciclovia,none
1420,pdc_nao_realizado,0.06403979873264733,0.06403979873264733,2611606,way/151149636,Rua Cacilda Iolanda Porciúncula,Ciclovia,none
1421,pdc_nao_realizado,0.20973423990690143,0.20973423990690143,2611606,way/151149645,Rua Cacilda Iolanda Porciúncula,Ciclovia,none
1422,pdc_nao_realizado,0.13300757965666743,0.13300757965666743,2611606,way/222243779,Via Mangue - Pista Leste,Ciclovia,none
1423,pdc_nao_realizado,0.033182315905345094,0.033182315905345094,2611606,way/242959911,Rua Cacilda Iolanda Porciúncula,Ciclovia,none
1424,pdc_realizado_nao_designado,0.20940664244402946,0.20940664244402946,2611606,way/394440710,Via Mangue - Pista Leste,Ciclovia,Ciclofaixa
1425,pdc_nao_realizado,0.04690451972312051,0.04690451972312051,2611606,way/423660030,Rua Manoel de Brito,Ciclovia,none
1426,pdc_nao_realizado,0.040549213739288076,0.040549213739288076,2611606,way/423660031,Rua Manoel de Brito,Ciclovia,none
1427,pdc_realizado_nao_designado,0.6134944004575423,0.6134944004575423,2611606,way/466701030,Via Mangue - Pista Leste,Ciclovia,Ciclofaixa
1428,pdc_nao_realizado,0.27537366248295997,0.27537366248295997,2611606,way/466704800,Via Mangue - Pista Leste,Ciclovia,none
1429,pdc_realizado_nao_designado,0.5690410898635566,0.5690410898635566,2611606,way/624914191,Via Mangue - Pista Leste,Ciclovia,Ciclofaixa
1430,pdc_realizado_nao_designado,0.08912269117895814,0.08912269117895814,2611606,way/624914195,Via Mangue - Pista Leste,Ciclovia,Ciclofaixa
1431,pdc_realizado_nao_designado,0.023884789360286564,0.023884789360286564,2611606,way/624935364,Via Mangue - Pista Leste,Ciclovia,Ciclofaixa
1432,pdc_realizado_nao_designado,0.8305795152208191,0.8305795152208191,2611606,way/666367120,Via Mangue - Pista Leste,Ciclovia,Ciclofaixa
1433,pdc_realizado_nao_designado,0.3971670640695581,0.3971670640695581,2611606,way/666367121,Via Mangue - Pista Leste,Ciclovia,Ciclofaixa
1434,pdc_nao_realizado,0.011893546039083889,0.011893546039083889,2611606,way/691289958,Rua Manoel de Brito,Ciclovia,none
1435,pdc_realizado_nao_designado,0.10050299340799602,0.10050299340799602,2611606,way/706175628,Rua Manoel de Brito,Ciclovia,Ciclofaixa
1436,pdc_nao_realizado,0.053037855874601775,0.053037855874601775,2611606,way/762760195,Via Mangue - Pista Leste,Ciclovia,none
1437,pdc_nao_realizado,0.005556137671026572,0.005556137671026572,2611606,way/762760198,Rua Manoel de Brito,Ciclovia,none
1438,pdc_realizado_nao_designado,0.053787220461418206,0.053787220461418206,2611606,way/836834960,Via Mangue - Pista Leste,Ciclovia,Ciclofaixa
1439,pdc_nao_realizado,0.038085891459198815,0.038085891459198815,2611606,way/853512339,Via Mangue - Pista Leste,Ciclovia,none
1440,pdc_nao_realizado,0.018789634650197853,0.018789634650197853,2611606,way/966567134,Rua Manoel de Brito,Ciclovia,none
1441,pdc_realizado_nao_designado,0.1271716399221355,0.1271716399221355,2611606,way/967597448,Via Mangue - Pista Leste,Ciclovia,Ciclofaixa
1442,pdc_realizado_nao_designado,0.3929970829946367,0.3929970829946367,2611606,way/967597449,Via Mangue - Pista Leste,Ciclovia,Ciclofaixa
1443,pdc_realizado_nao_designado,0.10235038126367207,0.10235038126367207,2611606,way/967603906,Via Mangue - Pista Leste,Ciclovia,Ciclofaixa
1444,pdc_realizado_nao_designado,0.23022848885176386,0.23022848885176386,2611606,way/967603907,Via Mangue - Pista Leste,Ciclovia,Ciclofaixa
1445,pdc_realizado_nao_designado,0.054447707224379964,0.054447707224379964,2611606,way/967651400,Via Mangue - Pista Leste,Ciclovia,Ciclofaixa
1446,pdc_realizado_nao_designado,0.0069165626818935,0.0069165626818935,2611606,way/359667808,Avenida General Mac Artur,Ciclovia,Ciclofaixa
1447,pdc_realizado_nao_designado,0.14441449372547568,0.14441449372547568,2611606,way/466704807,Rua Antônio Falcão,Ciclovia,Ciclofaixa
1448,pdc_realizado_nao_designado,0.029489042171217745,0.029489042171217745,2611606,way/616186914,Avenida General Mac Artur,Ciclovia,Ciclofaixa
1449,pdc_realizado_nao_designado,0.8288559347980694,0.8288559347980694,2611606,way/616186915,Avenida General Mac Artur,Ciclovia,Ciclofaixa
1450,pdc_realizado_nao_designado,0.30098235407016993,0.30098235407016993,2611606,way/773570688,Avenida General Mac Artur,Ciclovia,Ciclofaixa
1451,pdc_realizado_nao_designado,0.0358281976304497,0.0358281976304497,2611606,way/911366369,Avenida General Mac Artur,Ciclovia,Ciclofaixa
1452,pdc_realizado_designado,0.05020439742254952,0.05020439742254952,2611606,way/930653129,Ciclovia Orla de Boa Viagem,Ciclovia,Ciclovia
1453,pdc_realizado_designado,0.5276803349924579,0.5276803349924579,2611606,way/964422137,Ciclovia Orla de Boa Viagem,Ciclovia,Ciclovia
1454,pdc_realizado_designado,0.28036431432870496,0.28036431432870496,2611606,way/992933130,Ciclovia Orla de Boa Viagem,Ciclovia,Ciclovia
1455,pdc_realizado_designado,1.0710915108280075,1.0710915108280075,2611606,way/1104325389,Ciclovia Orla de Boa Viagem,Ciclovia,Ciclovia
1456,pdc_realizado_designado,0.12636949233184155,0.12636949233184155,2611606,way/1104325401,Ciclovia Orla de Boa Viagem,Ciclovia,Ciclovia
1457,pdc_realizado_designado,0.39320065670751253,0.39320065670751253,2611606,way/1104338043,Ciclovia Orla de Boa Viagem,Ciclovia,Ciclovia
1458,pdc_realizado_designado,0.3663283843815877,0.3663283843815877,2611606,way/1104338060,Ciclovia Orla de Boa Viagem,Ciclovia,Ciclovia
1459,pdc_realizado_designado,0.44886358083137295,0.44886358083137295,2611606,way/1104340515,Ciclovia Orla de Boa Viagem,Ciclovia,Ciclovia
1460,pdc_realizado_designado,0.22120647338258978,0.22120647338258978,2611606,way/1104353872,Ciclovia Orla de Boa Viagem,Ciclovia,Ciclovia
1461,pdc_realizado_designado,0.4463920337488513,0.4463920337488513,2611606,way/1104390571,Ciclovia Orla de Boa Viagem,Ciclovia,Ciclovia
1462,pdc_realizado_designado,0.2163675071932568,0.2163675071932568,2611606,way/1104409708,Ciclovia Orla de Boa Viagem,Ciclovia,Ciclovia
1463,pdc_realizado_designado,0.20495026261699803,0.20495026261699803,2611606,way/1104411712,Ciclovia Orla de Boa Viagem,Ciclovia,Ciclovia
1464,pdc_realizado_designado,0.27201873360729334,0.27201873360729334,2611606,way/1104411717,Ciclovia Orla de Boa Viagem,Ciclovia,Ciclovia
1465,pdc_realizado_designado,0.1965286124346202,0.1965286124346202,2611606,way/1104412346,Ciclovia Orla de Boa Viagem,Ciclovia,Ciclovia
1466,pdc_realizado_designado,0.19232314738831768,0.19232314738831768,2611606,way/1104412348,Ciclovia Orla de Boa Viagem,Ciclovia,Ciclovia
1467,pdc_realizado_designado,0.24590506795000774,0.24590506795000774,2611606,way/1104412356,Ciclovia Orla de Boa Viagem,Ciclovia,Ciclovia
1468,pdc_realizado_designado,0.2870604150109064,0.2870604150109064,2611606,way/1104412359,Ciclovia Orla de Boa Viagem,Ciclovia,Ciclovia
1469,pdc_realizado_designado,0.29045483667324073,0.29045483667324073,2611606,way/1104412801,Ciclovia Orla de Boa Viagem,Ciclovia,Ciclovia
1470,pdc_realizado_designado,0.13494883494628324,0.13494883494628324,2611606,way/1104412804,Ciclovia Orla de Boa Viagem,Ciclovia,Ciclovia
1471,pdc_realizado_designado,0.18320463521977864,0.18320463521977864,2611606,way/1104422380,Ciclovia Orla de Boa Viagem,Ciclovia,Ciclovia
1472,pdc_realizado_designado,0.18442033829493532,0.18442033829493532,2611606,way/1104422383,Ciclovia Orla de Boa Viagem,Ciclovia,Ciclovia
1473,pdc_realizado_designado,0.27141333816286595,0.27141333816286595,2611606,way/1104422881,Ciclovia Orla de Boa Viagem,Ciclovia,Ciclovia
1474,pdc_realizado_designado,0.19294027629493413,0.19294027629493413,2611606,way/1104422886,Ciclovia Orla de Boa Viagem,Ciclovia,Ciclovia
1475,pdc_realizado_designado,0.1417263727202855,0.1417263727202855,2611606,way/1104422889,Ciclovia Orla de Boa Viagem,Ciclovia,Ciclovia
1476,pdc_realizado_designado,0.030086865972797198,0.030086865972797198,2611606,way/1104424202,Ciclovia Orla de Boa Viagem,Ciclovia,Ciclovia
1477,pdc_realizado_designado,0.3877926408584774,0.3877926408584774,2611606,way/1104430122,Ciclovia Orla de Boa Viagem,Ciclovia,Ciclovia
1478,pdc_realizado_designado,0.4517210308060077,0.4517210308060077,2611606,way/1104436063,Ciclovia Orla de Boa Viagem,Ciclovia,Ciclovia
1479,pdc_realizado_designado,0.28749730959261827,0.28749730959261827,2611606,way/1104436067,Ciclovia Orla de Boa Viagem,Ciclovia,Ciclovia
1480,pdc_realizado_designado,0.021754887105879375,0.021754887105879375,2611606,way/1104436070,Avenida Boa Viagem,Ciclovia,Ciclovia
1481,pdc_nao_realizado,0.45829632399741144,0.45829632399741144,2611606,way/771483068,Rua Barão de Souza Leão,Ciclovia,none
1482,pdc_nao_realizado,0.27998337117234745,0.27998337117234745,2611606,way/44442993,Rua Barão de Souza Leão,Ciclovia,none
1483,pdc_nao_realizado,0.02289705019010712,0.02289705019010712,2611606,way/130923568,Rua Barão de Souza Leão,Ciclovia,none
1484,pdc_nao_realizado,0.016388626515111776,0.016388626515111776,2611606,way/130923569,Rua Barão de Souza Leão,Ciclovia,none
1485,pdc_nao_realizado,0.21588381983755447,0.21588381983755447,2611606,way/194288529,Rua Barão de Souza Leão,Ciclovia,none
1486,pdc_nao_realizado,0.21612143562460207,0.21612143562460207,2611606,way/707010099,Rua Barão de Souza Leão,Ciclovia,none
1487,pdc_nao_realizado,0.09103543732644699,0.09103543732644699,2611606,way/85378259,Rua Doutor Vicente Gomes,Ciclovia,none
1488,pdc_nao_realizado,0.2458661518100754,0.2458661518100754,2611606,way/87777339,Rua Capitão Zuzinha,Ciclovia,none
1489,pdc_nao_realizado,0.17917278272902584,0.17917278272902584,2611606,way/87777356,Rua Dez de Julho,Ciclovia,none
1490,pdc_nao_realizado,0.12159360093052707,0.12159360093052707,2611606,way/129480486,,Ciclovia,none
1491,pdc_nao_realizado,0.009356676968287351,0.009356676968287351,2611606,way/130923565,Rua Dez de Julho,Ciclovia,none
1492,pdc_nao_realizado,0.004415464465065108,0.004415464465065108,2611606,way/134496510,Rua Capitão Zuzinha,Ciclovia,none
1493,pdc_nao_realizado,0.014919466071852136,0.014919466071852136,2611606,way/134496511,Rua Capitão Zuzinha,Ciclovia,none
1494,pdc_nao_realizado,0.11753849348826588,0.11753849348826588,2611606,way/141711454,Rua Dez de Julho,Ciclovia,none
1495,pdc_nao_realizado,0.013399650694269422,0.013399650694269422,2611606,way/319943427,Rua Capitão Zuzinha,Ciclovia,none
1496,pdc_nao_realizado,0.023286251643470833,0.023286251643470833,2611606,way/618688636,,Ciclovia,none
1497,pdc_nao_realizado,0.034615724653085246,0.034615724653085246,2611606,way/647530701,,Ciclovia,none
1498,pdc_nao_realizado,0.02729393162887262,0.02729393162887262,2611606,way/705587878,Rua Dez de Julho,Ciclovia,none
1499,pdc_nao_realizado,0.14070364414487876,0.14070364414487876,2611606,way/707010101,Rua Doutor Vicente Gomes,Ciclovia,none
1500,pdc_nao_realizado,0.4612401608830616,0.4612401608830616,2611606,way/762937139,Rua Dez de Julho,Ciclovia,none
1501,pdc_nao_realizado,0.4238123801220388,0.4238123801220388,2611606,way/771483070,Rua Capitão Zuzinha,Ciclovia,none
1502,pdc_nao_realizado,0.0959666641742298,0.0959666641742298,2611606,way/771504823,Rua Dez de Julho,Ciclovia,none
1503,pdc_nao_realizado,0.030645617921719402,0.030645617921719402,2611606,way/968548565,Rua Dez de Julho,Ciclovia,none
1504,pdc_nao_realizado,0.1855960339640312,0.1855960339640312,2611606,way/161784503,Rua Jaticy,Ciclovia,none
1505,pdc_nao_realizado,0.0725248201084087,0.0725248201084087,2611606,way/1013415636,Rua Jaticy,Ciclovia,none
1506,pdc_realizado_nao_designado,0.012440040973727865,0.012440040973727865,2611606,way/1184004956,Avenida Sul,Ciclovia,Ciclofaixa
1507,pdc_nao_realizado,0.20991905766357297,0.20991905766357297,2611606,way/1183978840,Rua Alameda das Hortências,Ciclovia,none
1508,pdc_nao_realizado,0.18087611210874177,0.18087611210874177,2611606,way/161790511,Rua Guarabira,Ciclovia,none
1509,pdc_nao_realizado,0.4166955425119856,0.4166955425119856,2611606,way/161790506,Rua José da Silva Lucena,Ciclovia,none
1510,pdc_realizado_nao_designado,0.1254391478165237,0.1254391478165237,2611606,way/89381805,Rua Antônio Falcão,Ciclovia,Ciclofaixa
1511,pdc_realizado_nao_designado,0.10985202661620543,0.10985202661620543,2611606,way/102738749,Rua Antônio Falcão,Ciclovia,Ciclofaixa
1512,pdc_realizado_nao_designado,0.0038233626499239244,0.0038233626499239244,2611606,way/129483340,Rua Antônio Falcão,Ciclovia,Ciclofaixa
1513,pdc_realizado_nao_designado,0.012882206760397223,0.012882206760397223,2611606,way/585473305,Rua Antônio Falcão,Ciclovia,Ciclofaixa
1514,pdc_realizado_nao_designado,0.02608396180640177,0.02608396180640177,2611606,way/624914197,Rua Antônio Falcão,Ciclovia,Ciclofaixa
1515,pdc_realizado_nao_designado,0.14832271617653583,0.14832271617653583,2611606,way/656029033,Rua Antônio Falcão,Ciclovia,Ciclofaixa
1516,pdc_realizado_nao_designado,0.1506595591309859,0.1506595591309859,2611606,way/656029034,Rua Antônio Falcão,Ciclovia,Ciclofaixa
1517,pdc_realizado_nao_designado,0.09900175574493249,0.09900175574493249,2611606,way/854994654,Rua Antônio Falcão,Ciclovia,Ciclofaixa
1518,pdc_realizado_nao_designado,0.07887031563534021,0.07887031563534021,2611606,way/930691563,Rua Antônio Falcão,Ciclovia,Ciclofaixa Compartilhada
1519,pdc_realizado_nao_designado,0.1434043010012884,0.1434043010012884,2611606,way/930691564,Rua Antônio Falcão,Ciclovia,Ciclofaixa
1520,pdc_realizado_nao_designado,0.13502244749127773,0.13502244749127773,2611606,way/114690719,Rua Quitério Inácio de Melo,Ciclovia,Ciclofaixa
1521,pdc_realizado_nao_designado,0.1372012964831948,0.1372012964831948,2611606,way/136953957,Rua Arquiteto Luíz Nunes,Ciclovia,Ciclofaixa
1522,pdc_realizado_nao_designado,0.059179586538672606,0.059179586538672606,2611606,way/136953958,Rua Arquiteto Luíz Nunes,Ciclovia,Ciclofaixa
1523,pdc_realizado_nao_designado,0.22862512831711035,0.22862512831711035,2611606,way/136953959,Rua Arquiteto Luíz Nunes,Ciclovia,Ciclofaixa
1524,pdc_realizado_nao_designado,0.07267175963894286,0.07267175963894286,2611606,way/136954054,Rua Arquiteto Luíz Nunes,Ciclovia,Ciclofaixa
1525,pdc_realizado_nao_designado,0.1452177259731356,0.1452177259731356,2611606,way/136954063,Rua Arquiteto Luíz Nunes,Ciclovia,Ciclofaixa
1526,pdc_realizado_nao_designado,0.04840848361515607,0.04840848361515607,2611606,way/136954064,Rua Arquiteto Luíz Nunes,Ciclovia,Ciclofaixa
1527,pdc_realizado_nao_designado,0.15692182608430927,0.15692182608430927,2611606,way/136954066,Rua Arquiteto Luíz Nunes,Ciclovia,Ciclofaixa
1528,pdc_realizado_nao_designado,0.10013867116095848,0.10013867116095848,2611606,way/136954200,Rua Paris,Ciclovia,Ciclofaixa
1529,pdc_realizado_nao_designado,0.12409993427597707,0.12409993427597707,2611606,way/136954201,Rua Arquiteto Luíz Nunes,Ciclovia,Ciclofaixa
1530,pdc_nao_realizado,0.13829004363674735,0.13829004363674735,2611606,way/161788101,Rua Itamaracá,Ciclovia,none
1531,pdc_realizado_nao_designado,0.14755664082072886,0.14755664082072886,2611606,way/306532474,Rua Arquiteto Luíz Nunes,Ciclovia,Ciclofaixa
1532,pdc_realizado_nao_designado,0.20879240352075762,0.20879240352075762,2611606,way/367994064,Rua Arquiteto Luíz Nunes,Ciclovia,Ciclofaixa
1533,pdc_realizado_nao_designado,0.037957345095923634,0.037957345095923634,2611606,way/443630585,Rua Quitério Inácio de Melo,Ciclovia,Ciclofaixa
1534,pdc_realizado_nao_designado,0.17338145611971933,0.17338145611971933,2611606,way/649757527,Rua Paris,Ciclovia,Ciclofaixa
1535,pdc_realizado_nao_designado,0.053318859421741846,0.053318859421741846,2611606,way/770730881,Rua Quitério Inácio de Melo,Ciclovia,Ciclofaixa
1536,pdc_realizado_nao_designado,0.19985539899170449,0.19985539899170449,2611606,way/836834964,Rua Arquiteto Luíz Nunes,Ciclovia,Ciclofaixa
1537,pdc_realizado_nao_designado,0.32408823241928875,0.32408823241928875,2611606,way/854786878,Rua Arquiteto Luíz Nunes,Ciclovia,Ciclofaixa
1538,pdc_realizado_nao_designado,0.2947359064665186,0.2947359064665186,2611606,way/854786881,Rua Arquiteto Luíz Nunes,Ciclovia,Ciclofaixa
1539,pdc_realizado_nao_designado,0.0733998699567366,0.0733998699567366,2611606,way/854786900,Rua Arquiteto Luíz Nunes,Ciclovia,Ciclofaixa
1540,pdc_realizado_nao_designado,0.1515085316777876,0.1515085316777876,2611606,way/966241074,Rua Paris,Ciclovia,Ciclofaixa
1541,pdc_realizado_nao_designado,0.04899204767092748,0.04899204767092748,2611606,way/966832034,Rua Quitério Inácio de Melo,Ciclovia,Ciclofaixa
1542,pdc_nao_realizado,0.27173861690223816,0.27173861690223816,2611606,way/1184099761,Rua Itamaracá,Ciclovia,none
1543,pdc_nao_realizado,0.38476187700644127,0.38476187700644127,2611606,way/129812671,Rua Cosme Viana,Ciclovia,none
1544,pdc_nao_realizado,0.02687233443850436,0.02687233443850436,2611606,way/129812672,Rua João Ivo da Silva,Ciclovia,none
1545,pdc_nao_realizado,0.46494710269892425,0.46494710269892425,2611606,way/129812673,Rua Cosme Viana,Ciclovia,none
1546,pdc_nao_realizado,0.015192569709782585,0.015192569709782585,2611606,way/129812674,Rua Cosme Viana,Ciclovia,none
1547,pdc_nao_realizado,0.008736889105460296,0.008736889105460296,2611606,way/129812676,Rua João Ivo da Silva,Ciclovia,none
1548,pdc_nao_realizado,0.15514035527228842,0.15514035527228842,2611606,way/129812677,Rua João Ivo da Silva,Ciclovia,none
1549,pdc_nao_realizado,0.026952724196177086,0.026952724196177086,2611606,way/129813530,Rua João Ivo da Silva,Ciclovia,none
1550,pdc_nao_realizado,0.004443004341961311,0.004443004341961311,2611606,way/129813539,Rua João Ivo da Silva,Ciclovia,none
1551,pdc_nao_realizado,0.00582490964390221,0.00582490964390221,2611606,way/129813540,Rua João Ivo da Silva,Ciclovia,none
1552,pdc_nao_realizado,0.17231070464405357,0.17231070464405357,2611606,way/129894857,Rua Professor Trajano de Mendonça,Ciclovia,none
1553,pdc_nao_realizado,0.030863646777415005,0.030863646777415005,2611606,way/129894858,Rua Professor Trajano de Mendonça,Ciclovia,none
1554,pdc_nao_realizado,0.16051890593556925,0.16051890593556925,2611606,way/314754245,Rua João Ivo da Silva,Ciclovia,none
1555,pdc_nao_realizado,0.17114244854579322,0.17114244854579322,2611606,way/314754246,Rua João Ivo da Silva,Ciclovia,none
1556,pdc_nao_realizado,0.025480232537402857,0.025480232537402857,2611606,way/314754248,Rua João Ivo da Silva,Ciclovia,none
1557,pdc_nao_realizado,0.0028655839992609033,0.0028655839992609033,2611606,way/316740726,Rua João Ivo da Silva,Ciclovia,none
1558,pdc_nao_realizado,0.004029807751168946,0.004029807751168946,2611606,way/319574998,Rua João Ivo da Silva,Ciclovia,none
1559,pdc_nao_realizado,0.3250562190384527,0.3250562190384527,2611606,way/340280935,Túnel da Abolição,Ciclovia,none
1560,pdc_nao_realizado,0.022055497622901054,0.022055497622901054,2611606,way/340281853,Rua João Ivo da Silva,Ciclovia,none
1561,pdc_nao_realizado,0.0037604625137863186,0.0037604625137863186,2611606,way/371666455,Rua João Ivo da Silva,Ciclovia,none
1562,pdc_realizado_nao_designado,0.06454341795489592,0.06454341795489592,2611606,way/378796344,Rua Visconde de Pelotas,Ciclovia,Ciclofaixa
1563,pdc_realizado_nao_designado,0.07556841120824136,0.07556841120824136,2611606,way/650850073,Rua Visconde de Pelotas,Ciclovia,Ciclofaixa
1564,pdc_realizado_nao_designado,0.10188415154809893,0.10188415154809893,2611606,way/762356036,Rua Visconde de Pelotas,Ciclovia,Ciclofaixa
1565,pdc_nao_realizado,0.04033506490040515,0.04033506490040515,2611606,way/778025477,Túnel da Abolição,Ciclovia,none
1566,pdc_nao_realizado,0.00792212095694971,0.00792212095694971,2611606,way/778028657,Túnel da Abolição,Ciclovia,none
1567,pdc_realizado_nao_designado,0.12734771033326434,0.12734771033326434,2611606,way/792570583,Rua Santos Araújo,Ciclovia,Ciclofaixa
1568,pdc_nao_realizado,1.0362200547764202,1.0362200547764202,2611606,way/821123749,Rua Real da Torre,Ciclovia,none
1569,pdc_nao_realizado,0.11285534393626531,0.11285534393626531,2611606,way/854786907,Rua Cosme Viana,Ciclovia,none
1570,pdc_nao_realizado,0.1347827646959683,0.1347827646959683,2611606,way/857404855,Rua João Ivo da Silva,Ciclovia,none
1571,pdc_nao_realizado,0.3003371915599531,0.3003371915599531,2611606,way/966826002,Rua Cosme Viana,Ciclovia,none
1572,pdc_nao_realizado,0.010052740040056095,0.010052740040056095,2611606,way/966826003,Rua João Ivo da Silva,Ciclovia,none
1573,pdc_nao_realizado,0.148800904826915,0.148800904826915,2611606,way/967640952,Rua Professor Trajano de Mendonça,Ciclovia,none
1574,pdc_nao_realizado,0.0042949507189858965,0.0042949507189858965,2611606,way/967645302,Rua João Ivo da Silva,Ciclovia,none
1575,pdc_nao_realizado,0.029524713798658304,0.029524713798658304,2611606,way/967645304,Rua João Ivo da Silva,Ciclovia,none
1576,pdc_nao_realizado,0.007638815454257342,0.007638815454257342,2611606,way/967647032,Rua João Ivo da Silva,Ciclovia,none
1577,pdc_nao_realizado,0.10031758806009872,0.10031758806009872,2611606,way/967656078,Rua Real da Torre,Ciclovia,none
1578,pdc_nao_realizado,0.24134382993026107,0.24134382993026107,2611606,way/129894920,Rua José Bonifácio,Ciclovia,none
1579,pdc_nao_realizado,0.0270323083081697,0.0270323083081697,2611606,way/435208162,Estrada dos Remédios,Ciclovia,none
1580,pdc_nao_realizado,0.2544651323205905,0.2544651323205905,2611606,way/444465757,Avenida Visconde de Albuquerque,Ciclovia,none
1581,pdc_nao_realizado,0.5163684530704655,0.5163684530704655,2611606,way/628645791,Avenida Visconde de Albuquerque,Ciclovia,none
1582,pdc_nao_realizado,0.19387798990141766,0.19387798990141766,2611606,way/772547582,Avenida Visconde de Albuquerque,Ciclovia,none
1583,pdc_nao_realizado,0.06187292921893665,0.06187292921893665,2611606,way/816364135,Estrada dos Remédios,Ciclovia,none
1584,pdc_nao_realizado,0.14138246996399528,0.14138246996399528,2611606,way/1183832902,Rua José Bonifácio,Ciclovia,none
1585,pdc_nao_realizado,0.052363933323413374,0.052363933323413374,2611606,way/40447625,Rua Benfica,Ciclovia,none
1586,pdc_nao_realizado,0.058257476679704,0.058257476679704,2611606,way/85529955,Ponte Estácio Coimbra,Ciclovia,none
1587,pdc_nao_realizado,0.006149667946209813,0.006149667946209813,2611606,way/128848166,Avenida Governador Carlos de Lima Cavalcanti,Ciclovia,none
1588,pdc_nao_realizado,0.05753245719046907,0.05753245719046907,2611606,way/128848167,Ponte Estácio Coimbra,Ciclovia,none
1589,pdc_nao_realizado,0.0456011577544129,0.0456011577544129,2611606,way/129813092,Avenida Doutor Severino Pinheiro,Ciclovia,none
1590,pdc_nao_realizado,0.05588662011662692,0.05588662011662692,2611606,way/129813093,Rua Benfica,Ciclovia,none
1591,pdc_nao_realizado,0.03748473471980054,0.03748473471980054,2611606,way/129813111,Rua Benfica,Ciclovia,none
1592,pdc_nao_realizado,0.003951096146012106,0.003951096146012106,2611606,way/129813276,,Ciclovia,none
1593,pdc_nao_realizado,0.06492511877670942,0.06492511877670942,2611606,way/129813278,Rua Benfica,Ciclovia,none
1594,pdc_nao_realizado,0.03237801928170793,0.03237801928170793,2611606,way/132901758,Praça do Derby,Ciclovia,none
1595,pdc_nao_realizado,0.07344349807577322,0.07344349807577322,2611606,way/315073876,Praça do Derby,Ciclovia,none
1596,pdc_nao_realizado,0.006320414556008756,0.006320414556008756,2611606,way/315073879,Avenida Governador Carlos de Lima Cavalcanti,Ciclovia,none
1597,pdc_nao_realizado,0.09779669263462049,0.09779669263462049,2611606,way/317090529,Praça do Derby,Ciclovia,none
1598,pdc_nao_realizado,0.021064288018664716,0.021064288018664716,2611606,way/318153289,Rua Benfica,Ciclovia,none
1599,pdc_nao_realizado,0.004678881245804241,0.004678881245804241,2611606,way/318153290,Praça do Derby,Ciclovia,none
1600,pdc_nao_realizado,0.00433886904515855,0.00433886904515855,2611606,way/318153291,Praça do Derby,Ciclovia,none
1601,pdc_nao_realizado,0.01852697082753413,0.01852697082753413,2611606,way/318153293,Praça do Derby,Ciclovia,none
1602,pdc_nao_realizado,0.02522097448465465,0.02522097448465465,2611606,way/367517839,Avenida Doutor Severino Pinheiro,Ciclovia,none
1603,pdc_nao_realizado,0.01556370481398445,0.01556370481398445,2611606,way/367517840,Avenida Doutor Severino Pinheiro,Ciclovia,none
1604,pdc_nao_realizado,0.05537336229458164,0.05537336229458164,2611606,way/435208161,Rua Benfica,Ciclovia,none
1605,pdc_nao_realizado,0.03107132140631581,0.03107132140631581,2611606,way/555440014,Rua Benfica,Ciclovia,none
1606,pdc_nao_realizado,0.030840168557798902,0.030840168557798902,2611606,way/555440015,Rua Benfica,Ciclovia,none
1607,pdc_nao_realizado,0.05204570864703992,0.05204570864703992,2611606,way/577198383,Rua Benfica,Ciclovia,none
1608,pdc_nao_realizado,0.05850781277697444,0.05850781277697444,2611606,way/577198384,Rua Benfica,Ciclovia,none
1609,pdc_nao_realizado,0.019772325616672925,0.019772325616672925,2611606,way/625764213,Praça do Derby,Ciclovia,none
1610,pdc_nao_realizado,0.05109244164626304,0.05109244164626304,2611606,way/628645790,Rua Benfica,Ciclovia,none
1611,pdc_nao_realizado,0.0848223116834329,0.0848223116834329,2611606,way/628645792,Rua Benfica,Ciclovia,none
1612,pdc_nao_realizado,0.016573041796631303,0.016573041796631303,2611606,way/628645798,,Ciclovia,none
1613,pdc_nao_realizado,0.00657030545351755,0.00657030545351755,2611606,way/700008053,Praça do Derby,Ciclovia,none
1614,pdc_nao_realizado,0.010471449201514046,0.010471449201514046,2611606,way/704220895,Praça do Derby,Ciclovia,none
1615,pdc_nao_realizado,0.020640287655939626,0.020640287655939626,2611606,way/705991872,Praça do Derby,Ciclovia,none
1616,pdc_nao_realizado,0.03949853871873572,0.03949853871873572,2611606,way/772524560,Avenida Doutor Severino Pinheiro,Ciclovia,none
1617,pdc_nao_realizado,0.022510604615217537,0.022510604615217537,2611606,way/783288222,Rua Jener de Souza,Ciclovia,none
1618,pdc_nao_realizado,0.03910130388216821,0.03910130388216821,2611606,way/786325349,Praça do Derby,Ciclovia,none
1619,pdc_nao_realizado,0.015128085425977208,0.015128085425977208,2611606,way/815458427,Praça do Derby,Ciclovia,none
1620,pdc_nao_realizado,0.006408290894898504,0.006408290894898504,2611606,way/968526061,Rua Benfica,Ciclovia,none
1621,pdc_nao_realizado,0.020072160655307016,0.020072160655307016,2611606,way/44095300,Avenida Guararapes,Ciclovia,none
1622,pdc_realizado_nao_designado,0.020757162667823202,0.020757162667823202,2611606,way/51816213,Ponte Conde Maurício de Nassau,Ciclovia,Ciclofaixa
1623,pdc_nao_realizado,0.00480013293217984,0.00480013293217984,2611606,way/128163418,Avenida Dantas Barreto,Ciclovia,none
1624,pdc_realizado_nao_designado,0.053560053430909735,0.053560053430909735,2611606,way/128163519,Rua Primeiro de Março,Ciclovia,Ciclofaixa
1625,pdc_nao_realizado,0.00579244935722281,0.00579244935722281,2611606,way/128683838,Avenida Governador Carlos de Lima Cavalcanti,Ciclovia,none
1626,pdc_nao_realizado,0.004896279435829813,0.004896279435829813,2611606,way/128683839,Avenida Governador Carlos de Lima Cavalcanti,Ciclovia,none
1627,pdc_nao_realizado,0.004583662131385579,0.004583662131385579,2611606,way/128848163,Avenida Governador Carlos de Lima Cavalcanti,Ciclovia,none
1628,pdc_nao_realizado,0.004571334905178591,0.004571334905178591,2611606,way/128848165,Avenida Governador Carlos de Lima Cavalcanti,Ciclovia,none
1629,pdc_nao_realizado,0.11638025380751861,0.11638025380751861,2611606,way/129490260,Avenida Guararapes,Ciclovia,none
1630,pdc_nao_realizado,0.02146345971027975,0.02146345971027975,2611606,way/129728887,Avenida Conde da Boa Vista,Ciclovia,none
1631,pdc_nao_realizado,0.03350066041764582,0.03350066041764582,2611606,way/129728889,Avenida Conde da Boa Vista,Ciclovia,none
1632,pdc_nao_realizado,0.0046314661788586274,0.0046314661788586274,2611606,way/205305932,Avenida Governador Carlos de Lima Cavalcanti,Ciclovia,none
1633,pdc_nao_realizado,0.012848227315318934,0.012848227315318934,2611606,way/205305933,Avenida Governador Carlos de Lima Cavalcanti,Ciclovia,none
1634,pdc_nao_realizado,0.012696822984428357,0.012696822984428357,2611606,way/205305934,Avenida Governador Carlos de Lima Cavalcanti,Ciclovia,none
1635,pdc_nao_realizado,0.025674883269967672,0.025674883269967672,2611606,way/262109984,Avenida Guararapes,Ciclovia,none
1636,pdc_nao_realizado,0.006322892619639909,0.006322892619639909,2611606,way/315073887,Avenida Governador Carlos de Lima Cavalcanti,Ciclovia,none
1637,pdc_nao_realizado,0.033569001509993306,0.033569001509993306,2611606,way/315073889,Avenida Governador Carlos de Lima Cavalcanti,Ciclovia,none
1638,pdc_nao_realizado,0.12734751925737386,0.12734751925737386,2611606,way/315073896,Avenida Governador Carlos de Lima Cavalcanti,Ciclovia,none
1639,pdc_nao_realizado,0.03671467383324027,0.03671467383324027,2611606,way/316152189,Avenida Conde da Boa Vista,Ciclovia,none
1640,pdc_nao_realizado,0.04580022403924864,0.04580022403924864,2611606,way/316152190,Avenida Conde da Boa Vista,Ciclovia,none
1641,pdc_nao_realizado,0.004036175815061733,0.004036175815061733,2611606,way/316156840,Avenida Conde da Boa Vista,Ciclovia,none
1642,pdc_nao_realizado,0.005257186430594894,0.005257186430594894,2611606,way/316156847,Avenida Conde da Boa Vista,Ciclovia,none
1643,pdc_nao_realizado,0.09368002364522357,0.09368002364522357,2611606,way/316156851,Avenida Conde da Boa Vista,Ciclovia,none
1644,pdc_nao_realizado,0.13315717787730333,0.13315717787730333,2611606,way/316156852,Avenida Conde da Boa Vista,Ciclovia,none
1645,pdc_nao_realizado,0.049935295318014446,0.049935295318014446,2611606,way/319318738,Avenida Guararapes,Ciclovia,none
1646,pdc_realizado_nao_designado,0.18221162491033502,0.18221162491033502,2611606,way/319318741,Ponte Conde Maurício de Nassau,Ciclovia,Ciclofaixa
1647,pdc_nao_realizado,0.008080139318437554,0.008080139318437554,2611606,way/319318743,Ponte Duarte Coelho,Ciclovia,none
1648,pdc_nao_realizado,0.05869482344916944,0.05869482344916944,2611606,way/319318744,Ponte Duarte Coelho,Ciclovia,none
1649,pdc_nao_realizado,0.0076136872071684986,0.0076136872071684986,2611606,way/319318745,Ponte Duarte Coelho,Ciclovia,none
1650,pdc_nao_realizado,0.1552962231093257,0.1552962231093257,2611606,way/436084862,Avenida Conde da Boa Vista,Ciclovia,none
1651,pdc_realizado_nao_designado,0.06790411596245116,0.06790411596245116,2611606,way/443276363,Rua Primeiro de Março,Ciclovia,Ciclofaixa
1652,pdc_nao_realizado,0.023587740053807305,0.023587740053807305,2611606,way/443276367,Avenida Guararapes,Ciclovia,none
1653,pdc_nao_realizado,0.043177949826539004,0.043177949826539004,2611606,way/591693088,Avenida Guararapes,Ciclovia,none
1654,pdc_nao_realizado,0.0590104304503916,0.0590104304503916,2611606,way/663038222,Ponte Duarte Coelho,Ciclovia,none
1655,pdc_nao_realizado,0.0033851071364334098,0.0033851071364334098,2611606,way/663552383,Avenida Conde da Boa Vista,Ciclovia,none
1656,pdc_nao_realizado,0.07333615103670385,0.07333615103670385,2611606,way/680964773,Avenida Conde da Boa Vista,Ciclovia,none
1657,pdc_nao_realizado,0.03897991539768977,0.03897991539768977,2611606,way/681770276,Avenida Conde da Boa Vista,Ciclovia,none
1658,pdc_nao_realizado,0.03093301674829334,0.03093301674829334,2611606,way/700008062,Avenida Conde da Boa Vista,Ciclovia,none
1659,pdc_nao_realizado,0.0827324776674886,0.0827324776674886,2611606,way/700008068,Avenida Conde da Boa Vista,Ciclovia,none
1660,pdc_nao_realizado,0.14362041604257472,0.14362041604257472,2611606,way/700008076,Avenida Conde da Boa Vista,Ciclovia,none
1661,pdc_nao_realizado,0.07501090883732886,0.07501090883732886,2611606,way/725442239,Avenida Conde da Boa Vista,Ciclovia,none
1662,pdc_nao_realizado,0.09769812635597212,0.09769812635597212,2611606,way/725442240,Avenida Conde da Boa Vista,Ciclovia,none
1663,pdc_nao_realizado,0.22274565131884289,0.22274565131884289,2611606,way/725442248,Avenida Conde da Boa Vista,Ciclovia,none
1664,pdc_nao_realizado,0.07359817216160766,0.07359817216160766,2611606,way/725442250,Avenida Conde da Boa Vista,Ciclovia,none
1665,pdc_nao_realizado,0.04505944108378223,0.04505944108378223,2611606,way/762502940,Avenida Guararapes,Ciclovia,none
1666,pdc_realizado_nao_designado,0.006138860864812556,0.006138860864812556,2611606,way/770310520,Ponte Conde Maurício de Nassau,Ciclovia,Ciclofaixa
1667,pdc_nao_realizado,0.06549403768131032,0.06549403768131032,2611606,way/775237051,Avenida Conde da Boa Vista,Ciclovia,none
1668,pdc_nao_realizado,0.21974848327739976,0.21974848327739976,2611606,way/775237052,Avenida Conde da Boa Vista,Ciclovia,none
1669,pdc_nao_realizado,0.018959774022244587,0.018959774022244587,2611606,way/775237056,Avenida Guararapes,Ciclovia,none
1670,pdc_nao_realizado,0.02437116417584009,0.02437116417584009,2611606,way/775237059,Avenida Guararapes,Ciclovia,none
1671,pdc_nao_realizado,0.09563561915129974,0.09563561915129974,2611606,way/783288224,Avenida Governador Carlos de Lima Cavalcanti,Ciclovia,none
1672,pdc_nao_realizado,0.009758322501658522,0.009758322501658522,2611606,way/806563005,Avenida Conde da Boa Vista,Ciclovia,none
1673,pdc_nao_realizado,0.008107365108497981,0.008107365108497981,2611606,way/967621276,Avenida Guararapes,Ciclovia,none
1674,pdc_nao_realizado,0.09847558669513409,0.09847558669513409,2611606,way/54239688,Rua São Gonçalo,Ciclovia,none
1675,pdc_nao_realizado,0.499827274561727,0.499827274561727,2611606,way/128161933,Rua Gervásio Pires,Ciclovia,none
1676,pdc_nao_realizado,0.034833598465203564,0.034833598465203564,2611606,way/129735588,Rua da Santa Cruz,Ciclovia,none
1677,pdc_realizado_nao_designado,0.22405526466990588,0.22405526466990588,2611606,way/132055217,Rua Coelho Leite,Ciclovia,Ciclofaixa Compartilhada
1678,pdc_realizado_nao_designado,0.05692374109096253,0.05692374109096253,2611606,way/132055218,Rua Coelho Leite,Ciclovia,Ciclofaixa Compartilhada
1679,pdc_realizado_nao_designado,0.12753299372504118,0.12753299372504118,2611606,way/132055219,Rua Coelho Leite,Ciclovia,Ciclofaixa Compartilhada
1680,pdc_nao_realizado,0.006093474286863134,0.006093474286863134,2611606,way/316152191,Rua Gervásio Pires,Ciclovia,none
1681,pdc_nao_realizado,0.30924329471789075,0.30924329471789075,2611606,way/316218104,Rua Gervásio Pires,Ciclovia,none
1682,pdc_nao_realizado,0.022817672968174357,0.022817672968174357,2611606,way/316707915,Rua Gervásio Pires,Ciclovia,none
1683,pdc_nao_realizado,0.09038829004917374,0.09038829004917374,2611606,way/316707923,Rua São Gonçalo,Ciclovia,none
1684,pdc_nao_realizado,0.13546015887748106,0.13546015887748106,2611606,way/435133674,Rua Coelho Leite,Ciclovia,none
1685,pdc_nao_realizado,0.1393018559264258,0.1393018559264258,2611606,way/662231205,Rua Gervásio Pires,Ciclovia,none
1686,pdc_nao_realizado,0.200379201299942,0.200379201299942,2611606,way/704217504,Rua da Santa Cruz,Ciclovia,none
1687,pdc_nao_realizado,0.038315734593504715,0.038315734593504715,2611606,way/704217505,Rua São Gonçalo,Ciclovia,none
1688,pdc_nao_realizado,0.024954789434769836,0.024954789434769836,2611606,way/704218454,Rua São Gonçalo,Ciclovia,none
1689,pdc_nao_realizado,0.015066366305770688,0.015066366305770688,2611606,way/725442247,Rua Gervásio Pires,Ciclovia,none
1690,pdc_nao_realizado,0.009018448589152976,0.009018448589152976,2611606,way/725442251,Rua Gervásio Pires,Ciclovia,none
1691,pdc_nao_realizado,0.34002596530272444,0.34002596530272444,2611606,way/764026175,Rua Coelho Leite,Ciclovia,none
1692,pdc_nao_realizado,0.08148508561312225,0.08148508561312225,2611606,way/921874284,Rua da Santa Cruz,Ciclovia,none
1693,pdc_nao_realizado,0.11666909237534949,0.11666909237534949,2611606,way/968239741,Rua Gervásio Pires,Ciclovia,none
1694,pdc_realizado_nao_designado,0.8110949059929325,0.8110949059929325,2611606,way/128147792,Rua da Aurora,Ciclovia,Ciclofaixa
1695,pdc_realizado_nao_designado,0.30951497912413045,0.30951497912413045,2611606,way/128931109,Rua Doutor José Mariano,Ciclovia,Ciclofaixa
1696,pdc_realizado_nao_designado,0.009816728015205077,0.009816728015205077,2611606,way/262267980,Rua da Aurora,Ciclovia,Ciclofaixa
1697,pdc_realizado_nao_designado,0.1501341609056818,0.1501341609056818,2611606,way/262267981,Rua da Aurora,Ciclovia,Ciclofaixa
1698,pdc_nao_realizado,0.009158567831424304,0.009158567831424304,2611606,way/314624920,Rua Artur Lima Cavalcante,Ciclovia,none
1699,pdc_nao_realizado,0.03241794582916539,0.03241794582916539,2611606,way/314624930,Rua da Aurora,Ciclovia,none
1700,pdc_realizado_nao_designado,0.010941019685068571,0.010941019685068571,2611606,way/316156841,Rua Doutor José Mariano,Ciclovia,Ciclofaixa Compartilhada
1701,pdc_realizado_nao_designado,0.16852942652444589,0.16852942652444589,2611606,way/318227908,Rua da Aurora,Ciclovia,Ciclofaixa
1702,pdc_realizado_nao_designado,0.1760833864925353,0.1760833864925353,2611606,way/367517838,Rua Doutor José Mariano,Ciclovia,Ciclofaixa Compartilhada
1703,pdc_realizado_nao_designado,0.01231928091800367,0.01231928091800367,2611606,way/762658740,Rua da Aurora,Ciclovia,Ciclofaixa
1704,pdc_nao_realizado,0.07220879419993627,0.07220879419993627,2611606,way/762660985,Rua da Aurora,Ciclovia,none
1705,pdc_realizado_nao_designado,0.022707050494149207,0.022707050494149207,2611606,way/967939989,Rua Doutor José Mariano,Ciclovia,Ciclofaixa
1706,pdc_nao_realizado,0.017171588574104446,0.017171588574104446,2611606,way/1010830122,Rua da Aurora,Ciclovia,none
1707,pdc_realizado_nao_designado,0.28537444694236075,0.28537444694236075,2611606,way/1175632578,Rua da Aurora,Ciclovia,Ciclofaixa
1708,pdc_realizado_designado,0.02544358996265175,0.02544358996265175,2611606,way/1175632580,Rua da Aurora,Ciclovia,Ciclovia
1709,pdc_nao_realizado,0.024513589809773213,0.024513589809773213,2611606,way/51829352,Cais da Alfândega,Ciclovia,none
1710,pdc_nao_realizado,0.01015075008213285,0.01015075008213285,2611606,way/51878743,Avenida Sul,Ciclovia,none
1711,pdc_nao_realizado,0.09879295553670257,0.09879295553670257,2611606,way/51878752,Ponte Doze de Setembro,Ciclovia,none
1712,pdc_nao_realizado,0.09898351731019062,0.09898351731019062,2611606,way/51878753,Ponte Doze de Setembro,Ciclovia,none
1713,pdc_nao_realizado,0.07249123362106635,0.07249123362106635,2611606,way/87786800,Avenida Sul,Ciclovia,none
1714,pdc_nao_realizado,0.20526139943505922,0.20526139943505922,2611606,way/128222036,Rua Engenheiro José Estelita,Ciclovia,none
1715,pdc_nao_realizado,0.06870144862137273,0.06870144862137273,2611606,way/128222341,Rua Engenheiro José Estelita,Ciclovia,none
1716,pdc_nao_realizado,0.013206207201280835,0.013206207201280835,2611606,way/128380402,Avenida Sul,Ciclovia,none
1717,pdc_nao_realizado,0.15714807248782053,0.15714807248782053,2611606,way/128451835,Avenida Saturnino de Brito,Ciclovia,none
1718,pdc_nao_realizado,0.13715821045334323,0.13715821045334323,2611606,way/128451841,,Ciclovia,none
1719,pdc_nao_realizado,0.1348844025669533,0.1348844025669533,2611606,way/132051731,Cais do Apolo,Ciclovia,none
1720,pdc_nao_realizado,0.0560677925663616,0.0560677925663616,2611606,way/132052142,Cais da Alfândega,Ciclovia,none
1721,pdc_nao_realizado,0.14410958185008166,0.14410958185008166,2611606,way/242959960,,Ciclovia,none
1722,pdc_nao_realizado,0.11035689331817292,0.11035689331817292,2611606,way/366870942,Avenida Sul,Ciclovia,none
1723,pdc_nao_realizado,0.02672831372231894,0.02672831372231894,2611606,way/456872997,Rua Engenheiro José Estelita,Ciclovia,none
1724,pdc_nao_realizado,0.010837028919150648,0.010837028919150648,2611606,way/678493302,Rua Engenheiro José Estelita,Ciclovia,none
1725,pdc_nao_realizado,0.01722442298035901,0.01722442298035901,2611606,way/703556856,Avenida Sul,Ciclovia,none
1726,pdc_nao_realizado,0.05424994539715219,0.05424994539715219,2611606,way/704221525,Avenida Sul,Ciclovia,none
1727,pdc_nao_realizado,0.004829368537413048,0.004829368537413048,2611606,way/704221527,Rua Madre de Deus,Ciclovia,none
1728,pdc_nao_realizado,0.20417192711453938,0.20417192711453938,2611606,way/732593573,Cais da Alfândega,Ciclovia,none
1729,pdc_nao_realizado,0.14098178283466842,0.14098178283466842,2611606,way/777147670,Rua Engenheiro José Estelita,Ciclovia,none
1730,pdc_nao_realizado,0.02343328747793306,0.02343328747793306,2611606,way/777147672,Rua Engenheiro José Estelita,Ciclovia,none
1731,pdc_nao_realizado,0.02509973046181553,0.02509973046181553,2611606,way/791084239,Avenida Sul,Ciclovia,none
1732,pdc_nao_realizado,0.07297623042713472,0.07297623042713472,2611606,way/791084241,Avenida Sul,Ciclovia,none
1733,pdc_nao_realizado,0.055550071494526586,0.055550071494526586,2611606,way/967106435,Avenida Sul,Ciclovia,none
1734,pdc_nao_realizado,0.014557012947191503,0.014557012947191503,2611606,way/967106436,Avenida Sul,Ciclovia,none
1735,pdc_nao_realizado,0.024918722738492848,0.024918722738492848,2611606,way/967112734,Avenida Sul,Ciclovia,none
1736,pdc_nao_realizado,0.012294413682283413,0.012294413682283413,2611606,way/967112735,Avenida Sul,Ciclovia,none
1737,pdc_nao_realizado,0.3571829565932061,0.3571829565932061,2611606,way/967359602,Rua Engenheiro José Estelita,Ciclovia,none
1738,pdc_nao_realizado,0.05356043367359814,0.05356043367359814,2611606,way/967359603,Rua Engenheiro José Estelita,Ciclovia,none
1739,pdc_nao_realizado,0.023845821186746392,0.023845821186746392,2611606,way/967359604,Rua Engenheiro José Estelita,Ciclovia,none
1740,pdc_nao_realizado,0.036474073311490586,0.036474073311490586,2611606,way/967961922,Cais do Apolo,Ciclovia,none
1741,pdc_nao_realizado,0.045090785975516835,0.045090785975516835,2611606,way/967961923,Cais da Alfândega,Ciclovia,none
1742,pdc_nao_realizado,0.01911831700931385,0.01911831700931385,2611606,way/1296750301,Avenida Sul,Ciclovia,none
1743,pdc_nao_realizado,0.10916351639403662,0.10916351639403662,2611606,way/1411652420,Rua Engenheiro José Estelita,Ciclovia,none
1744,pdc_nao_realizado,0.022834320187136194,0.022834320187136194,2611606,way/1412255776,Avenida Sul,Ciclovia,none
1745,pdc_nao_realizado,0.1584706139993806,0.1584706139993806,2611606,way/1412255777,Avenida Sul,Ciclovia,none
1746,pdc_nao_realizado,0.007722483294083875,0.007722483294083875,2611606,way/1412255786,Avenida Sul,Ciclovia,none
1747,pdc_realizado_nao_designado,0.12109109332238341,0.12109109332238341,2611606,way/128844077,Ponte Gregório Bezerra,Ciclovia,Ciclofaixa
1748,pdc_realizado_nao_designado,0.13901382350571956,0.13901382350571956,2611606,way/128844078,Avenida Beira Rio,Ciclovia,Ciclofaixa
1749,pdc_realizado_nao_designado,0.23205446812947422,0.23205446812947422,2611606,way/128844079,Avenida Desembargador Guerra Barreto,Ciclovia,Ciclofaixa
1750,pdc_realizado_nao_designado,0.1897156140520315,0.1897156140520315,2611606,way/128844080,Avenida Desembargador Guerra Barreto,Ciclovia,Ciclofaixa
1751,pdc_realizado_nao_designado,0.2728313910084849,0.2728313910084849,2611606,way/128845698,Avenida Beira Rio,Ciclovia,Ciclofaixa
1752,pdc_nao_realizado,0.27404773024197576,0.27404773024197576,2611606,way/128848162,Rua Benfica,Ciclovia,none
1753,pdc_nao_realizado,0.041934113591719654,0.041934113591719654,2611606,way/128848164,,Ciclovia,none
1754,pdc_realizado_nao_designado,0.08994075161007177,0.08994075161007177,2611606,way/247443467,Túnel Chico Science,Ciclovia,Ciclofaixa
1755,pdc_nao_realizado,0.014736527717413864,0.014736527717413864,2611606,way/247443468,Rua Benfica,Ciclovia,none
1756,pdc_nao_realizado,0.04349025212157465,0.04349025212157465,2611606,way/553605189,Rua Benfica,Ciclovia,none
1757,pdc_realizado_nao_designado,0.18675224074285893,0.18675224074285893,2611606,way/616949867,Avenida Desembargador Guerra Barreto,Ciclovia,Ciclofaixa
1758,pdc_realizado_nao_designado,0.09195257546511135,0.09195257546511135,2611606,way/700013815,Avenida Desembargador Guerra Barreto,Ciclovia,Ciclofaixa
1759,pdc_realizado_nao_designado,0.056801273239888164,0.056801273239888164,2611606,way/706175631,Avenida Desembargador Guerra Barreto,Ciclovia,Ciclofaixa
1760,pdc_realizado_nao_designado,0.24606660787932153,0.24606660787932153,2611606,way/706175632,Avenida Desembargador Guerra Barreto,Ciclovia,Ciclofaixa
1761,pdc_realizado_nao_designado,0.00547228951430956,0.00547228951430956,2611606,way/750454501,Túnel Chico Science,Ciclovia,Ciclofaixa
1762,pdc_nao_realizado,0.020964975457960694,0.020964975457960694,2611606,way/863027573,Avenida Desembargador Guerra Barreto,Ciclovia,none
1763,pdc_realizado_nao_designado,0.08058831889153903,0.08058831889153903,2611606,way/864814848,Avenida Beira Rio,Ciclovia,Ciclofaixa
1764,pdc_realizado_nao_designado,0.04068294004952508,0.04068294004952508,2611606,way/968315531,Avenida Beira Rio,Ciclovia,Ciclofaixa
1765,pdc_realizado_nao_designado,0.03884851985761395,0.03884851985761395,2611606,way/1179879262,Avenida Beira Rio,Ciclovia,Ciclofaixa
1766,pdc_realizado_designado,0.45257742090224234,0.45257742090224234,2611606,way/1283298543,Ciclovia de Joana Bezerra,Ciclovia,Ciclovia
1767,pdc_realizado_nao_designado,0.03893025360747978,0.03893025360747978,2611606,way/1283298544,Avenida Desembargador Guerra Barreto,Ciclovia,Ciclofaixa
1768,pdc_nao_realizado,0.0826803618094221,0.0826803618094221,2611606,way/128844396,Avenida Agostinho Gomes,Ciclovia,none
1769,pdc_nao_realizado,0.5568812958568615,0.5568812958568615,2611606,way/128844403,Avenida Rio Capibaribe,Ciclovia,none
1770,pdc_nao_realizado,0.02258206728156321,0.02258206728156321,2611606,way/128928567,Avenida Agostinho Gomes,Ciclovia,none
1771,pdc_nao_realizado,0.4632949903748157,0.4632949903748157,2611606,way/129176938,Avenida Central,Ciclovia,none
1772,pdc_nao_realizado,0.05787318051848996,0.05787318051848996,2611606,way/158711914,Avenida Agostinho Gomes,Ciclovia,none
1773,pdc_nao_realizado,0.5851440997792758,0.5851440997792758,2611606,way/162341138,Avenida Central,Ciclovia,none
1774,pdc_nao_realizado,0.21875156223606881,0.21875156223606881,2611606,way/316233117,Cais da Detenção,Ciclovia,none
1775,pdc_nao_realizado,0.00415400946078218,0.00415400946078218,2611606,way/316233120,Viaduto Joaquim Cardoso,Ciclovia,none
1776,pdc_realizado_nao_designado,0.05864185644652804,0.05864185644652804,2611606,way/369613413,Avenida Agostinho Gomes,Ciclovia,Ciclofaixa
1777,pdc_nao_realizado,0.08401164851906931,0.08401164851906931,2611606,way/369613414,Avenida Agostinho Gomes,Ciclovia,none
1778,pdc_nao_realizado,0.05542878742291622,0.05542878742291622,2611606,way/430125567,Avenida Central,Ciclovia,none
1779,pdc_realizado_nao_designado,0.03568657706026716,0.03568657706026716,2611606,way/550526690,Avenida Central,Ciclovia,Ciclofaixa
1780,pdc_realizado_nao_designado,0.008612885002630112,0.008612885002630112,2611606,way/616949864,Avenida Central,Ciclovia,Ciclofaixa
1781,pdc_realizado_nao_designado,0.23725839050119057,0.23725839050119057,2611606,way/704218858,Rua Floriano Peixoto,Ciclovia,Ciclofaixa
1782,pdc_nao_realizado,0.007708032629113732,0.007708032629113732,2611606,way/778313113,Avenida Agostinho Gomes,Ciclovia,none
1783,pdc_realizado_nao_designado,0.02355474876422813,0.02355474876422813,2611606,way/778574537,Avenida Agostinho Gomes,Ciclovia,Ciclofaixa
1784,pdc_nao_realizado,0.040041584943669745,0.040041584943669745,2611606,way/778574538,Avenida Agostinho Gomes,Ciclovia,none
1785,pdc_realizado_nao_designado,0.03555431259016608,0.03555431259016608,2611606,way/778574539,Avenida Central,Ciclovia,Ciclofaixa
1786,pdc_nao_realizado,0.035924877037897734,0.035924877037897734,2611606,way/778574540,Avenida Central,Ciclovia,none
1787,pdc_realizado_nao_designado,0.042142122972519507,0.042142122972519507,2611606,way/778574541,Avenida Agostinho Gomes,Ciclovia,Ciclofaixa
1788,pdc_nao_realizado,0.0027820734236669122,0.0027820734236669122,2611606,way/778596878,Avenida Agostinho Gomes,Ciclovia,none
1789,pdc_realizado_nao_designado,0.008121166074883952,0.008121166074883952,2611606,way/863027574,Avenida Agostinho Gomes,Ciclovia,Ciclofaixa
1790,pdc_nao_realizado,0.006881906818223367,0.006881906818223367,2611606,way/992337179,Avenida Central,Ciclovia,none
1791,pdc_realizado_nao_designado,0.030457178035573594,0.030457178035573594,2611606,way/1009393795,Avenida Central,Ciclovia,Ciclofaixa
1792,pdc_nao_realizado,0.06316693216903844,0.06316693216903844,2611606,way/29416306,Avenida Engenheiro Antônio de Góes,Ciclovia,none
1793,pdc_nao_realizado,0.0062152820138009525,0.0062152820138009525,2611606,way/29422717,Avenida Engenheiro Antônio de Góes,Ciclovia,none
1794,pdc_nao_realizado,0.09616097858466933,0.09616097858466933,2611606,way/29422720,Ponte Engenheiro Antônio de Góes,Ciclovia,none
1795,pdc_nao_realizado,0.4394037732057177,0.4394037732057177,2611606,way/129483732,Avenida Engenheiro Antônio de Góes,Ciclovia,none
1796,pdc_nao_realizado,0.06683867487832021,0.06683867487832021,2611606,way/129483733,Avenida Boa Viagem,Ciclovia,none
1797,pdc_nao_realizado,0.22856947343754194,0.22856947343754194,2611606,way/129483751,Ponte Engenheiro Antônio de Góes,Ciclovia,none
1798,pdc_nao_realizado,0.11014216869946818,0.11014216869946818,2611606,way/129483763,Ponte Engenheiro Antônio de Góes,Ciclovia,none
1799,pdc_nao_realizado,0.12247920018536108,0.12247920018536108,2611606,way/194287395,Avenida Engenheiro Antônio de Góes,Ciclovia,none
1800,pdc_nao_realizado,0.019592575122422577,0.019592575122422577,2611606,way/245865659,,Ciclovia,none
1801,pdc_nao_realizado,0.10782165643400927,0.10782165643400927,2611606,way/366873789,Rua Engenheiro José Estelita,Ciclovia,none
1802,pdc_nao_realizado,0.022595065379406545,0.022595065379406545,2611606,way/561534996,Avenida Boa Viagem,Ciclovia,none
1803,pdc_nao_realizado,0.05583712573592209,0.05583712573592209,2611606,way/647081755,Avenida Engenheiro Antônio de Góes,Ciclovia,none
1804,pdc_nao_realizado,0.1757891154586285,0.1757891154586285,2611606,way/771483073,Avenida Engenheiro Antônio de Góes,Ciclovia,none
1805,pdc_nao_realizado,0.22469647379731256,0.22469647379731256,2611606,way/776551450,Ponte Engenheiro Antônio de Góes,Ciclovia,none
1806,pdc_nao_realizado,0.13422332654894012,0.13422332654894012,2611606,way/967373049,Avenida Engenheiro Antônio de Góes,Ciclovia,none
1807,pdc_nao_realizado,0.04872535684566749,0.04872535684566749,2611606,way/129483731,Avenida Boa Viagem,Ciclovia,none
1808,pdc_realizado_nao_designado,0.3541614734412092,0.3541614734412092,2611606,way/161795934,Avenida Brasília Formosa,Ciclovia,Ciclofaixa
1809,pdc_realizado_nao_designado,0.5808720130383296,0.5808720130383296,2611606,way/778025646,Avenida Brasília Formosa,Ciclovia,Ciclofaixa
1810,pdc_nao_realizado,0.05492826551558844,0.05492826551558844,2611606,way/778025647,,Ciclovia,none
1811,pdc_nao_realizado,0.00975778748290352,0.00975778748290352,2611606,way/778025648,Avenida Brasília Formosa,Ciclovia,none
1812,pdc_realizado_nao_designado,0.008488929572631441,0.008488929572631441,2611606,way/930355053,Avenida Brasília Formosa,Ciclovia,Ciclofaixa
1813,pdc_nao_realizado,0.015245883312910085,0.015245883312910085,2611606,way/966778593,Dique do Recife,Ciclovia,none
1814,pdc_nao_realizado,0.013881423641227993,0.013881423641227993,2611606,way/966778595,Dique do Recife,Ciclovia,none
1815,pdc_nao_realizado,0.052351531329493425,0.052351531329493425,2611606,way/1017202975,Avenida Brasília Formosa,Ciclovia,none
1816,pdc_nao_realizado,0.17468460279987796,0.17468460279987796,2611606,way/1183975882,Dique do Recife,Ciclovia,none
1817,pdc_realizado_nao_designado,0.13429069512881825,0.13429069512881825,2611606,way/161795937,Rua do Jaú,Ciclovia,Ciclofaixa Compartilhada
1818,pdc_realizado_nao_designado,0.12857425847213325,0.12857425847213325,2611606,way/161795946,Rua Comendador Morais,Ciclovia,Ciclofaixa Compartilhada
1819,pdc_realizado_nao_designado,0.08189610485598055,0.08189610485598055,2611606,way/763179814,Rua Marechal Hermes,Ciclovia,Ciclofaixa Compartilhada
1820,pdc_realizado_nao_designado,0.023009800997109146,0.023009800997109146,2611606,way/930355052,Avenida Brasília Formosa,Ciclovia,Ciclofaixa
1821,pdc_nao_realizado,0.27817346196702586,0.27817346196702586,2611606,way/143666732,Rua Carvalho de Mendonça,Ciclovia,none
1822,pdc_nao_realizado,0.24854861786937527,0.24854861786937527,2611606,way/130921680,Rua Vinte e Um de Abril,Ciclovia,none
1823,pdc_realizado_nao_designado,0.16327905345002297,0.16327905345002297,2611606,way/1184099726,Rua Vinte e Um de Abril,Ciclovia,Ciclofaixa Compartilhada
1824,pdc_nao_realizado,0.12060655317550774,0.12060655317550774,2611606,way/137186438,Avenida Central,Ciclovia,none
1825,pdc_nao_realizado,0.619636793182118,0.619636793182118,2611606,way/151116302,Avenida Central,Ciclovia,none
1826,pdc_nao_realizado,0.02341806630909332,0.02341806630909332,2611606,way/619544507,,Ciclovia,none
1827,pdc_nao_realizado,0.06837688199781246,0.06837688199781246,2611606,way/771504833,,Ciclovia,none
1828,pdc_nao_realizado,0.006464999294680254,0.006464999294680254,2611606,way/1184005006,Rua Nicolau Pereira,Ciclovia,none
1829,pdc_nao_realizado,0.10500600270905397,0.10500600270905397,2611606,way/1184112081,Rua Bezerra da Palma,Ciclovia,none
1830,pdc_realizado_designado,1.0028310171245773,1.0028310171245773,2611606,way/1234964961,Ciclovia Agamenon Magalhães,Ciclovia,Ciclovia
1831,pdc_realizado_designado,0.21701992587408833,0.21701992587408833,2611606,way/1445810841,Ciclovia Agamenon Magalhães,Ciclovia,Ciclovia
1832,pdc_realizado_designado,0.9309224554950778,0.9309224554950778,2611606,way/1445810842,Ciclovia Agamenon Magalhães,Ciclovia,Ciclovia
1833,pdc_nao_realizado,0.023649893386031465,0.023649893386031465,2611606,way/316740673,Estrada do Bongi,Ciclovia,none
1834,pdc_nao_realizado,0.13133839709491105,0.13133839709491105,2611606,way/316740674,Estrada do Bongi,Ciclovia,none
1835,pdc_nao_realizado,0.3824080051637779,0.3824080051637779,2611606,way/316740677,Estrada do Bongi,Ciclovia,none
1836,pdc_realizado_nao_designado,0.22865682883878644,0.22865682883878644,2611606,way/650426492,Estrada do Bongi,Ciclovia,Ciclofaixa
1837,pdc_realizado_nao_designado,0.06991271545804315,0.06991271545804315,2611606,way/800702292,Estrada do Bongi,Ciclovia,Ciclofaixa
1838,pdc_nao_realizado,0.16578444695762085,0.16578444695762085,2611606,way/966826001,Estrada do Bongi,Ciclovia,none
1839,pdc_nao_realizado,0.21824459799957568,0.21824459799957568,2611606,way/128846480,Rua Dom Bosco,Ciclovia,none
1840,pdc_nao_realizado,0.021204626905820433,0.021204626905820433,2611606,way/215518885,Rua Dom Bosco,Ciclovia,none
1841,pdc_nao_realizado,0.08534337096946774,0.08534337096946774,2611606,way/373060937,Rua Dom Bosco,Ciclovia,none
1842,pdc_nao_realizado,0.06858001708751499,0.06858001708751499,2611606,way/700013822,Rua Dom Bosco,Ciclovia,none
1843,pdc_nao_realizado,0.05240897956186012,0.05240897956186012,2611606,way/700013823,Rua Dom Bosco,Ciclovia,none
1844,pdc_nao_realizado,0.11111973847092314,0.11111973847092314,2611606,way/783288225,Rua Dom Bosco,Ciclovia,none
1845,pdc_nao_realizado,0.04525901179965759,0.04525901179965759,2611606,way/968234357,Rua Dom Bosco,Ciclovia,none
1846,pdc_nao_realizado,0.028285691023658067,0.028285691023658067,2611606,way/968234358,Rua Dom Bosco,Ciclovia,none
1847,pdc_nao_realizado,0.051109059981388,0.051109059981388,2611606,way/968242417,Rua Dom Bosco,Ciclovia,none
1848,pdc_nao_realizado,0.010644700167699533,0.010644700167699533,2611606,way/968242418,Rua Dom Bosco,Ciclovia,none
1849,pdc_nao_realizado,0.4790492994776456,0.4790492994776456,2611606,way/54239690,Rua Doutor José Mariano,Ciclovia,none
1850,pdc_nao_realizado,0.07967011577776331,0.07967011577776331,2611606,way/85529952,Avenida Governador Agamenon Magalhães,Ciclovia,none
1851,pdc_nao_realizado,0.0587426872914297,0.0587426872914297,2611606,way/128934278,Rua dos Coelhos,Ciclovia,none
1852,pdc_nao_realizado,0.09934456904371022,0.09934456904371022,2611606,way/128937053,,Ciclovia,none
1853,pdc_nao_realizado,0.12285460232099915,0.12285460232099915,2611606,way/315073909,Rua Francisco Alves,Ciclovia,none
1854,pdc_nao_realizado,0.0313449161907244,0.0313449161907244,2611606,way/315073917,Rua Francisco Alves,Ciclovia,none
1855,pdc_nao_realizado,0.08881406433478414,0.08881406433478414,2611606,way/316233119,Rua dos Coelhos,Ciclovia,none
1856,pdc_realizado_nao_designado,0.31064128466320345,0.31064128466320345,2611606,way/316307685,Rua Francisco Alves,Ciclovia,Ciclofaixa
1857,pdc_nao_realizado,0.15902517046719772,0.15902517046719772,2611606,way/367517835,Avenida Governador Agamenon Magalhães,Ciclovia,none
1858,pdc_nao_realizado,0.17509792006577232,0.17509792006577232,2611606,way/368068247,,Ciclovia,none
1859,pdc_nao_realizado,0.07022934155291734,0.07022934155291734,2611606,way/650872931,Acesso Boa Viagem,Ciclovia,none
1860,pdc_nao_realizado,0.026102001388733326,0.026102001388733326,2611606,way/704217506,Rua dos Coelhos,Ciclovia,none
1861,pdc_nao_realizado,0.029414653651685968,0.029414653651685968,2611606,way/704218455,Rua Francisco Alves,Ciclovia,none
1862,pdc_nao_realizado,0.011189810429927564,0.011189810429927564,2611606,way/705857266,Rua Francisco Alves,Ciclovia,none
1863,pdc_nao_realizado,0.02914190515654947,0.02914190515654947,2611606,way/705857268,Rua Francisco Alves,Ciclovia,none
1864,pdc_nao_realizado,0.03768647859016986,0.03768647859016986,2611606,way/705857269,Rua Francisco Alves,Ciclovia,none
1865,pdc_nao_realizado,0.05605001455862227,0.05605001455862227,2611606,way/705857270,Rua Francisco Alves,Ciclovia,none
1866,pdc_nao_realizado,0.03011915726883671,0.03011915726883671,2611606,way/880792782,,Ciclovia,none
1867,pdc_realizado_nao_designado,0.014432168840822114,0.014432168840822114,2611606,way/967934175,Rua Francisco Alves,Ciclovia,Ciclofaixa
1868,pdc_nao_realizado,0.02027992071717786,0.02027992071717786,2611606,way/967934177,Rua dos Coelhos,Ciclovia,none
1869,pdc_nao_realizado,0.11870547638704075,0.11870547638704075,2611606,way/967934178,Rua dos Coelhos,Ciclovia,none
1870,pdc_nao_realizado,0.03081143684515625,0.03081143684515625,2611606,way/967938107,Rua Doutor José Mariano,Ciclovia,none
1871,pdc_nao_realizado,0.06597817977604933,0.06597817977604933,2611606,way/968505664,Rua Francisco Alves,Ciclovia,none
1872,pdc_nao_realizado,0.02179502310634519,0.02179502310634519,2611606,way/968549200,,Ciclovia,none
1873,pdc_nao_realizado,0.07868313233071564,0.07868313233071564,2611606,way/367630233,Rua General Joaquim Ignácio,Ciclovia,none
1874,pdc_nao_realizado,0.013292823779615444,0.013292823779615444,2611606,way/557639255,Rua General Joaquim Ignácio,Ciclovia,none
1875,pdc_nao_realizado,0.12609916495592327,0.12609916495592327,2611606,way/968553407,Rua General Joaquim Ignácio,Ciclovia,none
1876,pdc_nao_realizado,0.09965228920162399,0.09965228920162399,2611606,way/128221945,Travessa do Forte,Ciclovia,none
1877,pdc_nao_realizado,0.06770442943001011,0.06770442943001011,2611606,way/128446553,Rua São João,Ciclovia,none
1878,pdc_nao_realizado,0.023461547554419718,0.023461547554419718,2611606,way/128929017,Rua São João,Ciclovia,none
1879,pdc_nao_realizado,0.028322722914907665,0.028322722914907665,2611606,way/604013875,Rua São João,Ciclovia,none
1880,pdc_nao_realizado,0.08642933287388314,0.08642933287388314,2611606,way/604681165,Rua São João,Ciclovia,none
1881,pdc_nao_realizado,0.008705044326452832,0.008705044326452832,2611606,way/650419953,Travessa do Forte,Ciclovia,none
1882,pdc_nao_realizado,0.1486092139821666,0.1486092139821666,2611606,way/704221522,Rua São João,Ciclovia,none
1883,pdc_nao_realizado,0.0724897341248529,0.0724897341248529,2611606,way/791161085,Rua São João,Ciclovia,none
1884,pdc_nao_realizado,0.022115706044852437,0.022115706044852437,2611606,way/967112722,Travessa do Forte,Ciclovia,none
1885,pdc_nao_realizado,0.11231447928114656,0.11231447928114656,2611606,way/967112723,Travessa do Forte,Ciclovia,none
1886,pdc_nao_realizado,0.011322822687834015,0.011322822687834015,2611606,way/967359606,Travessa do Forte,Ciclovia,none
1887,pdc_nao_realizado,0.0519130493396176,0.0519130493396176,2611606,way/1183975883,Rua São João,Ciclovia,none
1888,pdc_nao_realizado,0.011540472402794235,0.011540472402794235,2611606,way/1325466415,Rua São João,Ciclovia,none
1889,pdc_nao_realizado,0.012674335769208234,0.012674335769208234,2611606,way/51816227,Ponte Princesa Isabel,Ciclovia,none
1890,pdc_nao_realizado,0.12676248273405122,0.12676248273405122,2611606,way/51878758,Praça da República,Ciclovia,none
1891,pdc_nao_realizado,0.1439497371281707,0.1439497371281707,2611606,way/87788710,Praça da República,Ciclovia,none
1892,pdc_realizado_nao_designado,0.009319159108810407,0.009319159108810407,2611606,way/132177903,Ponte Buarque de Macedo,Ciclovia,Ciclofaixa
1893,pdc_realizado_nao_designado,0.013156470747178893,0.013156470747178893,2611606,way/319318739,Ponte Buarque de Macedo,Ciclovia,Ciclofaixa
1894,pdc_realizado_nao_designado,0.003021428402530602,0.003021428402530602,2611606,way/319318746,Ponte Princesa Isabel,Ciclovia,Ciclofaixa
1895,pdc_nao_realizado,0.14055836515337644,0.14055836515337644,2611606,way/319318747,Ponte Princesa Isabel,Ciclovia,none
1896,pdc_realizado_nao_designado,0.005365120879063068,0.005365120879063068,2611606,way/624847912,Ponte Buarque de Macedo,Ciclovia,Ciclofaixa
1897,pdc_realizado_nao_designado,0.024965854071188284,0.024965854071188284,2611606,way/637589775,Praça da República,Ciclovia,Ciclofaixa
1898,pdc_realizado_nao_designado,0.0533506798350361,0.0533506798350361,2611606,way/637589776,Praça da República,Ciclovia,Ciclofaixa
1899,pdc_nao_realizado,0.004891504762745694,0.004891504762745694,2611606,way/967943886,Ponte Princesa Isabel,Ciclovia,none
1900,pdc_nao_realizado,0.010979731220269044,0.010979731220269044,2611606,way/1010830125,Praça da República,Ciclovia,none
1901,pdc_realizado_nao_designado,0.2798789608124386,0.2798789608124386,2611606,way/1137082094,Ponte Buarque de Macedo,Ciclovia,Ciclofaixa
1902,pdc_nao_realizado,0.037915923492487486,0.037915923492487486,2611606,way/51878759,Rua do Sol,Ciclovia,none
1903,pdc_nao_realizado,0.010754485777658663,0.010754485777658663,2611606,way/54239691,Rua do Sol,Ciclovia,none
1904,pdc_nao_realizado,0.05783418815944277,0.05783418815944277,2611606,way/151327490,Rua do Sol,Ciclovia,none
1905,pdc_nao_realizado,0.09043062357391574,0.09043062357391574,2611606,way/151327491,Rua do Sol,Ciclovia,none
1906,pdc_nao_realizado,0.015881222966837485,0.015881222966837485,2611606,way/262267982,Rua do Sol,Ciclovia,none
1907,pdc_nao_realizado,0.019933336978275273,0.019933336978275273,2611606,way/319318753,Rua do Sol,Ciclovia,none
1908,pdc_nao_realizado,0.016516995611598105,0.016516995611598105,2611606,way/382149000,Rua do Sol,Ciclovia,none
1909,pdc_nao_realizado,0.04613540984307769,0.04613540984307769,2611606,way/703556860,Rua do Sol,Ciclovia,none
1910,pdc_nao_realizado,0.04235060401772515,0.04235060401772515,2611606,way/762384519,Rua do Sol,Ciclovia,none
1911,pdc_nao_realizado,0.04487536066833398,0.04487536066833398,2611606,way/791161086,Rua do Sol,Ciclovia,none
1912,pdc_nao_realizado,0.0531988232195711,0.0531988232195711,2611606,way/967621277,Rua do Sol,Ciclovia,none
1913,pdc_nao_realizado,0.07338648301927286,0.07338648301927286,2611606,way/976390407,Rua do Sol,Ciclovia,none
1914,pdc_nao_realizado,0.14756729747081856,0.14756729747081856,2611606,way/51878747,Avenida Martins de Barros,Ciclovia,none
1915,pdc_nao_realizado,0.14225295492943546,0.14225295492943546,2611606,way/87788713,Avenida Martins de Barros,Ciclovia,none
1916,pdc_nao_realizado,0.21030294356923548,0.21030294356923548,2611606,way/262267978,Avenida Martins de Barros,Ciclovia,none
1917,pdc_nao_realizado,0.13137480380900193,0.13137480380900193,2611606,way/443276361,Avenida Martins de Barros,Ciclovia,none
1918,pdc_nao_realizado,0.14414396459182918,0.14414396459182918,2611606,way/703556857,Avenida Martins de Barros,Ciclovia,none
1919,pdc_nao_realizado,0.008896079063273788,0.008896079063273788,2611606,way/770310521,Avenida Martins de Barros,Ciclovia,none
1920,pdc_nao_realizado,0.033745202985123304,0.033745202985123304,2611606,way/966814895,Avenida Martins de Barros,Ciclovia,none
1921,pdc_realizado_designado,1.4530349418791784,1.4530349418791784,2613701,way/282837006,Ciclovia da Arena de Pernambuco,Ciclovia,Ciclovia
1922,pdc_nao_realizado,0.06972470661896858,0.06972470661896858,2611606,way/328662403,Ramal da Copa,Ciclovia,none
1923,pdc_nao_realizado,0.13435197168343757,0.13435197168343757,2611606,way/465973279,Ramal da Copa,Ciclovia,none
1924,pdc_nao_realizado,0.04008515780457468,0.04008515780457468,2611606,way/573299091,Avenida Deus é Fiel,Ciclovia,none
1925,pdc_realizado_nao_designado,0.8285765724163431,0.8285765724163431,2603454,way/573609258,Ramal Arena Pernambuco,Ciclovia,Ciclofaixa
1926,pdc_nao_realizado,0.21187807478899556,0.21187807478899556,2603454,way/573609268,Ramal Arena Pernambuco,Ciclovia,none
1927,pdc_nao_realizado,0.06738593925020368,0.06738593925020368,2611606,way/577184183,Ramal da Copa,Ciclovia,none
1928,pdc_realizado_designado,0.7256726722688774,0.7256726722688774,2613701,way/589707777,Ciclovia da Arena de Pernambuco,Ciclovia,Ciclovia
1929,pdc_realizado_designado,0.30189679509840717,0.30189679509840717,2613701,way/589707779,Ciclovia da Arena de Pernambuco,Ciclovia,Ciclovia
1930,pdc_realizado_designado,0.029432771083951956,0.029432771083951956,2613701,way/589707780,Ciclovia da Arena de Pernambuco,Ciclovia,Ciclovia
1931,pdc_realizado_designado,1.276833830371218,1.276833830371218,2613701,way/589707781,Ciclovia da Arena de Pernambuco,Ciclovia,Ciclovia
1932,pdc_nao_realizado,0.26568645931036244,0.26568645931036244,2613701,way/594785994,Avenida Deus é Fiel,Ciclovia,none
1933,pdc_nao_realizado,0.7317044744981777,0.7317044744981777,2611606,way/803395024,Ramal da Copa,Ciclovia,none
1934,pdc_nao_realizado,0.01553076160417026,0.01553076160417026,2611606,way/250511870,Rua Arapongas,Ciclovia,none
1935,pdc_nao_realizado,0.01755752040646771,0.01755752040646771,2611606,way/328662388,Rua Bernardim Ribeiro,Ciclovia,none
1936,pdc_nao_realizado,0.13515279926158166,0.13515279926158166,2611606,way/328662404,,Ciclovia,none
1937,pdc_nao_realizado,0.018475105569946866,0.018475105569946866,2611606,way/465973273,Rua Bernardim Ribeiro,Ciclovia,none
1938,pdc_nao_realizado,0.07293635398919948,0.07293635398919948,2611606,way/465973274,Rua Bernardim Ribeiro,Ciclovia,none
1939,pdc_nao_realizado,0.0318173775547144,0.0318173775547144,2611606,way/465973275,Rua Bernardim Ribeiro,Ciclovia,none
1940,pdc_nao_realizado,0.06276168404112553,0.06276168404112553,2611606,way/535686224,Rua Tomaz Ferreira,Ciclovia,none
1941,pdc_nao_realizado,0.1303225257896285,0.1303225257896285,2611606,way/537016014,Rua Tomaz Ferreira,Ciclovia,none
1942,pdc_nao_realizado,0.009888037470116223,0.009888037470116223,2611606,way/537016018,,Ciclovia,none
1943,pdc_nao_realizado,0.015504308797566166,0.015504308797566166,2611606,way/596232343,Rua Tomaz Ferreira,Ciclovia,none
1944,pdc_nao_realizado,0.05739706516201667,0.05739706516201667,2611606,way/614390436,Rua Tomaz Ferreira,Ciclovia,none
1945,pdc_nao_realizado,0.026174174295923044,0.026174174295923044,2611606,way/614390437,Rua Tomaz Ferreira,Ciclovia,none
1946,pdc_nao_realizado,0.037434448736523934,0.037434448736523934,2611606,way/700745664,Rua Bernardim Ribeiro,Ciclovia,none
1947,pdc_nao_realizado,0.06387479341773959,0.06387479341773959,2611606,way/776260852,Rua Tomaz Ferreira,Ciclovia,none
1948,pdc_nao_realizado,0.014351588313423091,0.014351588313423091,2611606,way/776260858,Rua Tomaz Ferreira,Ciclovia,none
1949,pdc_nao_realizado,0.0831595621239853,0.0831595621239853,2611606,way/776260859,Rua Bernardim Ribeiro,Ciclovia,none
1950,pdc_nao_realizado,0.11110347938945087,0.11110347938945087,2611606,way/250515867,,Ciclovia,none
1951,pdc_nao_realizado,0.040598871242492465,0.040598871242492465,2611606,way/596232344,,Ciclovia,none
1952,pdc_nao_realizado,0.20663557797803533,0.20663557797803533,2611606,way/614301190,,Ciclovia,none
1953,pdc_realizado_nao_designado,0.13048769258886125,0.13048769258886125,2611606,way/195010591,Rua General Polidoro,Ciclovia,Ciclofaixa
1954,pdc_nao_realizado,0.8344555790516643,0.8344555790516643,2611606,way/249117942,Rua General Polidoro,Ciclovia,none
1955,pdc_nao_realizado,0.11588624817490527,0.11588624817490527,2611606,way/821123757,Rua General Polidoro,Ciclovia,none
1956,pdc_nao_realizado,0.031671795946336824,0.031671795946336824,2611606,way/134175234,Rua Padre Roma,Ciclovia,none
1957,pdc_realizado_nao_designado,0.04081289046128334,0.04081289046128334,2611606,way/134175371,Rua Sebastião Alves,Ciclovia,Ciclofaixa
1958,pdc_realizado_nao_designado,0.18321155287263408,0.18321155287263408,2611606,way/200856096,Rua Padre Roma,Ciclovia,Ciclofaixa
1959,pdc_realizado_nao_designado,0.07320457732879887,0.07320457732879887,2611606,way/200856098,Rua Padre Roma,Ciclovia,Ciclofaixa
1960,pdc_nao_realizado,0.028596276264951214,0.028596276264951214,2611606,way/200856101,Avenida Dezessete de Agosto,Ciclovia,none
1961,pdc_realizado_nao_designado,0.03098221379512397,0.03098221379512397,2611606,way/200856105,Rua Padre Roma,Ciclovia,Ciclofaixa
1962,pdc_realizado_nao_designado,0.4320530566853308,0.4320530566853308,2611606,way/201513222,Estrada do Encanamento,Ciclovia,Ciclofaixa
1963,pdc_realizado_nao_designado,0.2957050111377806,0.2957050111377806,2611606,way/201513485,Estrada do Encanamento,Ciclovia,Ciclofaixa
1964,pdc_realizado_nao_designado,0.04890667237201558,0.04890667237201558,2611606,way/314850308,Rua Padre Roma,Ciclovia,Ciclofaixa
1965,pdc_realizado_nao_designado,0.19879148799685323,0.19879148799685323,2611606,way/317261159,Estrada do Encanamento,Ciclovia,Ciclofaixa
1966,pdc_realizado_nao_designado,0.2784795659027948,0.2784795659027948,2611606,way/317261160,Estrada do Encanamento,Ciclovia,Ciclofaixa
1967,pdc_nao_realizado,0.016457135865646372,0.016457135865646372,2611606,way/324296296,Rua Sebastião Alves,Ciclovia,none
1968,pdc_realizado_nao_designado,0.23399313807688052,0.23399313807688052,2611606,way/374896669,Rua Sebastião Alves,Ciclovia,Ciclofaixa
1969,pdc_nao_realizado,0.04463733057818868,0.04463733057818868,2611606,way/374896670,Rua Sebastião Alves,Ciclovia,none
1970,pdc_realizado_nao_designado,0.06692297948182077,0.06692297948182077,2611606,way/378952991,Estrada do Encanamento,Ciclovia,Ciclofaixa
1971,pdc_nao_realizado,0.03748081573345327,0.03748081573345327,2611606,way/965961338,Rua Padre Roma,Ciclovia,none
1972,pdc_realizado_nao_designado,0.01133934325786353,0.01133934325786353,2611606,way/965961339,Rua Albino Meira,Ciclovia,Ciclofaixa
1973,pdc_nao_realizado,0.011131499827837586,0.011131499827837586,2611606,way/974655065,Estrada do Encanamento,Ciclovia,none
1974,pdc_realizado_nao_designado,0.046403237953281135,0.046403237953281135,2611606,way/134179606,Estrada do Arraial,Ciclovia,Ciclofaixa
1975,pdc_realizado_nao_designado,0.26708155382741366,0.26708155382741366,2611606,way/201513567,Estrada do Arraial,Ciclovia,Ciclofaixa
1976,pdc_realizado_nao_designado,0.17625819727659772,0.17625819727659772,2611606,way/201513568,Estrada do Arraial,Ciclovia,Ciclofaixa
1977,pdc_realizado_nao_designado,0.29304548894475924,0.29304548894475924,2611606,way/201513608,Estrada do Arraial,Ciclovia,Ciclofaixa
1978,pdc_realizado_nao_designado,0.3572740308448931,0.3572740308448931,2611606,way/241530800,Estrada do Arraial,Ciclovia,Ciclofaixa
1979,pdc_realizado_nao_designado,0.760969943666429,0.760969943666429,2611606,way/316609865,Estrada do Arraial,Ciclovia,Ciclofaixa
1980,pdc_realizado_nao_designado,0.10819305209705869,0.10819305209705869,2611606,way/317261156,Estrada do Arraial,Ciclovia,Ciclofaixa
1981,pdc_realizado_nao_designado,0.04774533066670664,0.04774533066670664,2611606,way/815828031,Estrada do Arraial,Ciclovia,Ciclofaixa
1982,pdc_realizado_nao_designado,0.025369688335458936,0.025369688335458936,2611606,way/857404849,Estrada do Arraial,Ciclovia,Ciclofaixa
1983,pdc_realizado_nao_designado,0.29269915683727654,0.29269915683727654,2611606,way/857404850,Estrada do Arraial,Ciclovia,Ciclofaixa
1984,pdc_nao_realizado,0.07598670849413143,0.07598670849413143,2611606,way/128164521,Avenida Norte Miguel Arraes de Alencar,Ciclovia,none
1985,pdc_nao_realizado,0.13981047046135642,0.13981047046135642,2611606,way/128164523,Avenida Norte Miguel Arraes de Alencar,Ciclovia,none
1986,pdc_nao_realizado,0.13596231868147643,0.13596231868147643,2611606,way/128164560,Avenida Norte Miguel Arraes de Alencar,Ciclovia,none
1987,pdc_nao_realizado,0.05779999231778673,0.05779999231778673,2611606,way/128682045,Avenida Norte Miguel Arraes de Alencar,Ciclovia,none
1988,pdc_nao_realizado,0.014893123895921227,0.014893123895921227,2611606,way/172481723,,Ciclovia,none
1989,pdc_nao_realizado,0.28059205519758956,0.28059205519758956,2611606,way/261753392,Avenida Norte Miguel Arraes de Alencar,Ciclovia,none
1990,pdc_nao_realizado,0.04498359102464895,0.04498359102464895,2611606,way/261753396,Avenida Norte Miguel Arraes de Alencar,Ciclovia,none
1991,pdc_nao_realizado,0.045525490897108195,0.045525490897108195,2611606,way/261753398,Avenida Norte Miguel Arraes de Alencar,Ciclovia,none
1992,pdc_nao_realizado,0.015102255652549548,0.015102255652549548,2611606,way/261755769,,Ciclovia,none
1993,pdc_nao_realizado,0.010233867142602705,0.010233867142602705,2611606,way/261755771,,Ciclovia,none
1994,pdc_nao_realizado,0.020250534824369167,0.020250534824369167,2611606,way/262454249,,Ciclovia,none
1995,pdc_nao_realizado,0.2138806623403256,0.2138806623403256,2611606,way/305933489,Avenida Norte Miguel Arraes de Alencar,Ciclovia,none
1996,pdc_nao_realizado,0.03550804247461046,0.03550804247461046,2611606,way/305933490,Avenida Norte Miguel Arraes de Alencar,Ciclovia,none
1997,pdc_nao_realizado,0.03253944671386784,0.03253944671386784,2611606,way/305933491,Avenida Norte Miguel Arraes de Alencar,Ciclovia,none
1998,pdc_nao_realizado,0.03639327045947783,0.03639327045947783,2611606,way/305933493,Avenida Norte Miguel Arraes de Alencar,Ciclovia,none
1999,pdc_nao_realizado,0.27577332123700943,0.27577332123700943,2611606,way/305933494,Avenida Norte Miguel Arraes de Alencar,Ciclovia,none
2000,pdc_nao_realizado,0.24069583388447063,0.24069583388447063,2611606,way/305933496,Avenida Norte Miguel Arraes de Alencar,Ciclovia,none
2001,pdc_nao_realizado,0.06094363652926771,0.06094363652926771,2611606,way/305934818,Avenida Norte Miguel Arraes de Alencar,Ciclovia,none
2002,pdc_nao_realizado,0.08880670343158081,0.08880670343158081,2611606,way/305934821,Avenida Norte Miguel Arraes de Alencar,Ciclovia,none
2003,pdc_nao_realizado,0.048181563439316996,0.048181563439316996,2611606,way/305934822,Avenida Norte Miguel Arraes de Alencar,Ciclovia,none
2004,pdc_nao_realizado,0.006346298333451119,0.006346298333451119,2611606,way/305934824,Avenida Norte Miguel Arraes de Alencar,Ciclovia,none
2005,pdc_nao_realizado,0.005853546929949117,0.005853546929949117,2611606,way/305934827,Avenida Norte Miguel Arraes de Alencar,Ciclovia,none
2006,pdc_nao_realizado,0.26801534623475665,0.26801534623475665,2611606,way/305934828,Avenida Norte Miguel Arraes de Alencar,Ciclovia,none
2007,pdc_nao_realizado,0.050288144289882875,0.050288144289882875,2611606,way/305934830,Avenida Norte Miguel Arraes de Alencar,Ciclovia,none
2008,pdc_nao_realizado,0.16839083223939524,0.16839083223939524,2611606,way/305934832,Avenida Norte Miguel Arraes de Alencar,Ciclovia,none
2009,pdc_nao_realizado,0.00933858871026337,0.00933858871026337,2611606,way/305934835,Avenida Norte Miguel Arraes de Alencar,Ciclovia,none
2010,pdc_nao_realizado,0.00934556115469656,0.00934556115469656,2611606,way/305934836,Avenida Norte Miguel Arraes de Alencar,Ciclovia,none
2011,pdc_nao_realizado,0.2696809988203013,0.2696809988203013,2611606,way/305934837,Avenida Norte Miguel Arraes de Alencar,Ciclovia,none
2012,pdc_nao_realizado,0.22718489472021097,0.22718489472021097,2611606,way/305934838,Avenida Norte Miguel Arraes de Alencar,Ciclovia,none
2013,pdc_nao_realizado,0.3713177041315218,0.3713177041315218,2611606,way/305934840,Avenida Norte Miguel Arraes de Alencar,Ciclovia,none
2014,pdc_nao_realizado,0.16207470150198078,0.16207470150198078,2611606,way/305934842,Avenida Norte Miguel Arraes de Alencar,Ciclovia,none
2015,pdc_nao_realizado,0.15455362496070058,0.15455362496070058,2611606,way/305934844,Avenida Norte Miguel Arraes de Alencar,Ciclovia,none
2016,pdc_nao_realizado,0.24976929792037045,0.24976929792037045,2611606,way/305934845,Avenida Norte Miguel Arraes de Alencar,Ciclovia,none
2017,pdc_nao_realizado,0.0077297843498830504,0.0077297843498830504,2611606,way/305934847,Avenida Norte Miguel Arraes de Alencar,Ciclovia,none
2018,pdc_nao_realizado,0.08625020927874533,0.08625020927874533,2611606,way/305934848,Avenida Norte Miguel Arraes de Alencar,Ciclovia,none
2019,pdc_nao_realizado,0.004768165640692733,0.004768165640692733,2611606,way/305934850,Avenida Norte Miguel Arraes de Alencar,Ciclovia,none
2020,pdc_nao_realizado,0.023658157838576672,0.023658157838576672,2611606,way/314624939,Avenida Norte Miguel Arraes de Alencar,Ciclovia,none
2021,pdc_nao_realizado,0.2137001924016428,0.2137001924016428,2611606,way/314754217,Avenida Norte Miguel Arraes de Alencar,Ciclovia,none
2022,pdc_nao_realizado,0.12588128864179468,0.12588128864179468,2611606,way/316609861,Avenida Norte Miguel Arraes de Alencar,Ciclovia,none
2023,pdc_nao_realizado,0.24679978467323035,0.24679978467323035,2611606,way/317261154,Avenida Norte Miguel Arraes de Alencar,Ciclovia,none
2024,pdc_nao_realizado,0.04174178898488204,0.04174178898488204,2611606,way/317261155,Avenida Norte Miguel Arraes de Alencar,Ciclovia,none
2025,pdc_nao_realizado,0.008398713065942559,0.008398713065942559,2611606,way/377530880,Avenida Norte Miguel Arraes de Alencar,Ciclovia,none
2026,pdc_nao_realizado,0.14759189581501359,0.14759189581501359,2611606,way/466073058,Avenida da Recuperação,Ciclovia,none
2027,pdc_nao_realizado,0.27421987838179024,0.27421987838179024,2611606,way/475315975,Avenida Norte Miguel Arraes de Alencar,Ciclovia,none
2028,pdc_nao_realizado,0.00910930734364139,0.00910930734364139,2611606,way/577207730,Avenida Norte Miguel Arraes de Alencar,Ciclovia,none
2029,pdc_nao_realizado,0.23874822752099426,0.23874822752099426,2611606,way/597530701,Avenida Norte Miguel Arraes de Alencar,Ciclovia,none
2030,pdc_nao_realizado,0.02078365031901999,0.02078365031901999,2611606,way/597534787,Avenida Norte Miguel Arraes de Alencar,Ciclovia,none
2031,pdc_nao_realizado,0.11378700132009055,0.11378700132009055,2611606,way/597538112,Rua das Flores,Ciclovia,none
2032,pdc_nao_realizado,0.015552053199370499,0.015552053199370499,2611606,way/597951721,,Ciclovia,none
2033,pdc_nao_realizado,0.015065417824267123,0.015065417824267123,2611606,way/653570588,Avenida Norte Miguel Arraes de Alencar,Ciclovia,none
2034,pdc_nao_realizado,0.009953334171555013,0.009953334171555013,2611606,way/686998777,Avenida Norte Miguel Arraes de Alencar,Ciclovia,none
2035,pdc_nao_realizado,0.009287335968155291,0.009287335968155291,2611606,way/686998778,Avenida Norte Miguel Arraes de Alencar,Ciclovia,none
2036,pdc_nao_realizado,0.13012553798860726,0.13012553798860726,2611606,way/686998779,Avenida Norte Miguel Arraes de Alencar,Ciclovia,none
2037,pdc_nao_realizado,0.08809379991522351,0.08809379991522351,2611606,way/689369638,Avenida Norte Miguel Arraes de Alencar,Ciclovia,none
2038,pdc_nao_realizado,0.008357264461739183,0.008357264461739183,2611606,way/703513475,,Ciclovia,none
2039,pdc_nao_realizado,0.015654503284780772,0.015654503284780772,2611606,way/703513476,,Ciclovia,none
2040,pdc_nao_realizado,0.025630241481551384,0.025630241481551384,2611606,way/706213501,,Ciclovia,none
2041,pdc_nao_realizado,0.043186117431896334,0.043186117431896334,2611606,way/706213504,Avenida Norte Miguel Arraes de Alencar,Ciclovia,none
2042,pdc_nao_realizado,0.01665462144683257,0.01665462144683257,2611606,way/778848136,Avenida Norte Miguel Arraes de Alencar,Ciclovia,none
2043,pdc_nao_realizado,0.27390342493426906,0.27390342493426906,2611606,way/782345303,Avenida Norte Miguel Arraes de Alencar,Ciclovia,none
2044,pdc_nao_realizado,0.03087004292428989,0.03087004292428989,2611606,way/782345304,Avenida Norte Miguel Arraes de Alencar,Ciclovia,none
2045,pdc_nao_realizado,0.009920589617043403,0.009920589617043403,2611606,way/783625762,Avenida Norte Miguel Arraes de Alencar,Ciclovia,none
2046,pdc_nao_realizado,0.30056639464765444,0.30056639464765444,2611606,way/785226149,Avenida Norte Miguel Arraes de Alencar,Ciclovia,none
2047,pdc_nao_realizado,0.147240880361573,0.147240880361573,2611606,way/785226150,Avenida Norte Miguel Arraes de Alencar,Ciclovia,none
2048,pdc_nao_realizado,0.014771717638529728,0.014771717638529728,2611606,way/785226151,Avenida Norte Miguel Arraes de Alencar,Ciclovia,none
2049,pdc_nao_realizado,0.21452441061332578,0.21452441061332578,2611606,way/800856118,Avenida Norte Miguel Arraes de Alencar,Ciclovia,none
2050,pdc_nao_realizado,0.09338279118642116,0.09338279118642116,2611606,way/800856119,Avenida Norte Miguel Arraes de Alencar,Ciclovia,none
2051,pdc_nao_realizado,0.009674199917701893,0.009674199917701893,2611606,way/815069459,Avenida Norte Miguel Arraes de Alencar,Ciclovia,none
2052,pdc_nao_realizado,0.014695352905711374,0.014695352905711374,2611606,way/938472038,Avenida Norte Miguel Arraes de Alencar,Ciclovia,none
2053,pdc_nao_realizado,0.05307250877922183,0.05307250877922183,2611606,way/967115158,Avenida Norte Miguel Arraes de Alencar,Ciclovia,none
2054,pdc_nao_realizado,0.153098505096833,0.153098505096833,2611606,way/967115159,Avenida Norte Miguel Arraes de Alencar,Ciclovia,none
2055,pdc_nao_realizado,0.09653302839496418,0.09653302839496418,2611606,way/1188559376,Avenida Norte Miguel Arraes de Alencar,Ciclovia,none
2056,pdc_nao_realizado,0.15547237075981635,0.15547237075981635,2611606,way/1396050122,Avenida Norte Miguel Arraes de Alencar,Ciclovia,none
2057,pdc_nao_realizado,0.008644534345608492,0.008644534345608492,2611606,way/1409389545,Avenida Norte Miguel Arraes de Alencar,Ciclovia,none
2058,pdc_nao_realizado,0.04543649986165901,0.04543649986165901,2611606,way/1409389546,Avenida Norte Miguel Arraes de Alencar,Ciclovia,none
2059,pdc_nao_realizado,0.28334336731063553,0.28334336731063553,2611606,way/1435950643,Avenida Norte Miguel Arraes de Alencar,Ciclovia,none
2060,pdc_nao_realizado,0.053822358463436706,0.053822358463436706,2611606,way/204618861,Rua São Francisco de Paula,Ciclovia,none
2061,pdc_nao_realizado,0.0958050148101166,0.0958050148101166,2611606,way/204618874,Rua Almirante João Pascoe,Ciclovia,none
2062,pdc_nao_realizado,0.4194763718572893,0.4194763718572893,2611606,way/208653928,Rua Doutor Sebastião de Souza,Ciclovia,none
2063,pdc_nao_realizado,0.24319740238128038,0.24319740238128038,2611606,way/208654262,Rua Sucupira,Ciclovia,none
2064,pdc_nao_realizado,0.055361906022523125,0.055361906022523125,2611606,way/653564078,Rua São Francisco de Paula,Ciclovia,none
2065,pdc_nao_realizado,0.3676200547092269,0.3676200547092269,2611606,way/653564079,Rua São Francisco de Paula,Ciclovia,none
2066,pdc_nao_realizado,0.07249608291719006,0.07249608291719006,2611606,way/696039701,,Ciclovia,none
2067,pdc_nao_realizado,0.06419117976894063,0.06419117976894063,2611606,way/696039704,,Ciclovia,none
2068,pdc_nao_realizado,0.05054346538350122,0.05054346538350122,2611606,way/756922779,Rua Aristônico Oliveira,Ciclovia,none
2069,pdc_nao_realizado,0.10829103179591963,0.10829103179591963,2611606,way/776508901,Beco Três,Ciclovia,none
2070,pdc_nao_realizado,0.0744562881274319,0.0744562881274319,2611606,way/776508902,,Ciclovia,none
2071,pdc_nao_realizado,0.08382203403256899,0.08382203403256899,2611606,way/776576582,,Ciclovia,none
2072,pdc_nao_realizado,0.10763494591747334,0.10763494591747334,2611606,way/778331395,,Ciclovia,none
2073,pdc_nao_realizado,0.03138947146882768,0.03138947146882768,2611606,way/916516108,,Ciclovia,none
2074,pdc_nao_realizado,0.08240498641267466,0.08240498641267466,2611606,way/1088289438,Rua Sete,Ciclovia,none
2075,pdc_nao_realizado,0.04948396266577124,0.04948396266577124,2611606,way/1088300977,,Ciclovia,none
2076,pdc_nao_realizado,0.01211655319823599,0.01211655319823599,2611606,way/1183809814,Rua Angico,Ciclovia,none
2077,pdc_nao_realizado,0.00827203856113392,0.00827203856113392,2611606,way/1183821015,Rua Engenho Poeta,Ciclovia,none
2078,pdc_nao_realizado,0.045578203313677304,0.045578203313677304,2611606,way/1183821016,,Ciclovia,none
2079,pdc_nao_realizado,1.0051344542801883,1.0051344542801883,2611606,way/1183821017,,Ciclovia,none
2080,pdc_nao_realizado,0.03648717240657979,0.03648717240657979,2611606,way/1183843521,,Ciclovia,none
2081,pdc_nao_realizado,0.043975548870713435,0.043975548870713435,2611606,way/1183843527,,Ciclovia,none
2082,pdc_nao_realizado,0.07490957795291561,0.07490957795291561,2611606,way/198989504,Beco de Favela,Ciclovia,none
2083,pdc_realizado_nao_designado,0.11935678287411482,0.11935678287411482,2611606,way/198989505,Estrada do Barbalho,Ciclovia,Ciclofaixa Compartilhada
2084,pdc_nao_realizado,0.08368930619679829,0.08368930619679829,2611606,way/198989514,Rua Dezenove de Abril,Ciclovia,none
2085,pdc_realizado_nao_designado,0.37653717843266654,0.37653717843266654,2611606,way/198989547,Rua São Mateus,Ciclovia,Ciclofaixa
2086,pdc_nao_realizado,0.10214797486313337,0.10214797486313337,2611606,way/198989681,Rua São Mateus,Ciclovia,none
2087,pdc_nao_realizado,0.011211323360671457,0.011211323360671457,2611606,way/199678163,Rua São Mateus,Ciclovia,none
2088,pdc_nao_realizado,0.18608363977480116,0.18608363977480116,2611606,way/199678164,Rua São Mateus,Ciclovia,none
2089,pdc_nao_realizado,0.0982011944836346,0.0982011944836346,2611606,way/448819637,Ponte da Salvação,Ciclovia,none
2090,pdc_nao_realizado,0.011430236091185425,0.011430236091185425,2611606,way/448819638,Beco de Favela,Ciclovia,none
2091,pdc_nao_realizado,0.6688192668985667,0.6688192668985667,2611606,way/836834973,Rua São Mateus,Ciclovia,none
2092,pdc_nao_realizado,0.08154230719970373,0.08154230719970373,2611606,way/836834984,Estrada do Barbalho,Ciclovia,none
2093,pdc_realizado_nao_designado,0.03181672943503097,0.03181672943503097,2611606,way/836834986,Estrada do Barbalho,Ciclovia,Ciclofaixa Compartilhada
2094,pdc_nao_realizado,0.045476125925580396,0.045476125925580396,2611606,way/836834987,Estrada do Barbalho,Ciclovia,none
2095,pdc_nao_realizado,0.08420664473774238,0.08420664473774238,2611606,way/1107349762,Rua São Mateus,Ciclovia,none
2096,pdc_nao_realizado,0.02649267683848887,0.02649267683848887,2611606,way/1322285820,Rua Dezenove de Abril,Ciclovia,none
2097,pdc_nao_realizado,0.031190110480222945,0.031190110480222945,2611606,way/85683735,Avenida Beira Rio,Ciclovia,none
2098,pdc_realizado_nao_designado,0.014021178384332143,0.014021178384332143,2611606,way/131147885,Rua Fernando Fink Filho,Ciclovia,Ciclofaixa Compartilhada
2099,pdc_realizado_nao_designado,0.15351357266955512,0.15351357266955512,2611606,way/202051331,Rua Fernando Fink Filho,Ciclovia,Ciclofaixa Compartilhada
2100,pdc_realizado_nao_designado,0.013579219874795566,0.013579219874795566,2611606,way/202051332,Rua Fernando Fink Filho,Ciclovia,Ciclofaixa Compartilhada
2101,pdc_nao_realizado,0.27968595070919394,0.27968595070919394,2611606,way/202053117,Rua Cantora Clara Nunes,Ciclovia,none
2102,pdc_nao_realizado,0.27068525145753536,0.27068525145753536,2611606,way/204067003,Rua Doutor José Marcionilo de Barros Lins,Ciclovia,none
2103,pdc_nao_realizado,0.11661420682005107,0.11661420682005107,2611606,way/204067733,Rua Itapiranga,Ciclovia,none
2104,pdc_nao_realizado,0.06164717788420954,0.06164717788420954,2611606,way/232233973,Rua Professora Ângela Pinto,Ciclovia,none
2105,pdc_nao_realizado,0.14583064135188126,0.14583064135188126,2611606,way/232233974,Avenida Beira Rio,Ciclovia,none
2106,pdc_nao_realizado,0.11700565012546267,0.11700565012546267,2611606,way/257935794,Rua Adélia,Ciclovia,none
2107,pdc_nao_realizado,0.10662399520195613,0.10662399520195613,2611606,way/322116069,Rua Fernando Cavalheira,Ciclovia,none
2108,pdc_realizado_nao_designado,0.3240557048504439,0.3240557048504439,2611606,way/375748427,Avenida Beira Rio,Ciclovia,Ciclofaixa
2109,pdc_nao_realizado,0.050295503170513275,0.050295503170513275,2611606,way/575161198,Rua Palmital,Ciclovia,none
2110,pdc_nao_realizado,0.2985869168352005,0.2985869168352005,2611606,way/575161199,Rua Palmital,Ciclovia,none
2111,pdc_nao_realizado,0.25570765390164973,0.25570765390164973,2611606,way/581479878,Parque do Caiara,Ciclovia,none
2112,pdc_nao_realizado,0.019040979471510917,0.019040979471510917,2611606,way/619227714,Rua Pão de Açúcar,Ciclovia,none
2113,pdc_nao_realizado,0.04435217523673798,0.04435217523673798,2611606,way/619233164,Rua Pão de Açúcar,Ciclovia,none
2114,pdc_nao_realizado,0.30850722115894763,0.30850722115894763,2611606,way/639859061,Ciclovia República da Argélia,Ciclovia,none
2115,pdc_nao_realizado,0.054092638292927354,0.054092638292927354,2611606,way/678531215,Ciclovia República da Argélia,Ciclovia,none
2116,pdc_nao_realizado,0.03654367000144759,0.03654367000144759,2611606,way/678531220,Ciclovia República da Argélia,Ciclovia,none
2117,pdc_nao_realizado,0.12750289570982612,0.12750289570982612,2611606,way/678531224,Ciclovia República da Argélia,Ciclovia,none
2118,pdc_nao_realizado,0.059364154232128596,0.059364154232128596,2611606,way/777683432,,Ciclovia,none
2119,pdc_nao_realizado,0.03577224065801073,0.03577224065801073,2611606,way/778555454,,Ciclovia,none
2120,pdc_nao_realizado,0.1844213484433238,0.1844213484433238,2611606,way/851331997,,Ciclovia,none
2121,pdc_realizado_nao_designado,0.055652127265892075,0.055652127265892075,2611606,way/967666040,Avenida Beira Rio,Ciclovia,Ciclofaixa
2122,pdc_realizado_nao_designado,0.1896575791596866,0.1896575791596866,2611606,way/967666041,Avenida Beira Rio,Ciclovia,Ciclofaixa
2123,pdc_nao_realizado,0.0642988789389542,0.0642988789389542,2611606,way/974325778,Rua Fernando Cavalheira,Ciclovia,none
2124,pdc_nao_realizado,0.10231758086479661,0.10231758086479661,2611606,way/974325779,Rua Fernando Cavalheira,Ciclovia,none
2125,pdc_nao_realizado,0.09438006804146644,0.09438006804146644,2611606,way/974532909,,Ciclovia,none
2126,pdc_nao_realizado,0.03472746997879348,0.03472746997879348,2611606,way/1088310060,Rua Fernando Cavalheira,Ciclovia,none
2127,pdc_nao_realizado,0.031909046694818,0.031909046694818,2611606,way/1088310139,Rua Pao de Acucar,Ciclovia,none
2128,pdc_nao_realizado,0.3554255169561912,0.3554255169561912,2611606,way/1183832895,,Ciclovia,none
2129,pdc_nao_realizado,0.08737367328474466,0.08737367328474466,2611606,way/1183832896,Rua Frei Jaboatão,Ciclovia,none
2130,pdc_nao_realizado,0.057190889037119934,0.057190889037119934,2611606,way/1183832897,,Ciclovia,none
2131,pdc_nao_realizado,0.029767008810075168,0.029767008810075168,2611606,way/1183832898,Rua José Bonifacio,Ciclovia,none
2132,pdc_nao_realizado,0.0661094996459151,0.0661094996459151,2611606,way/1183843293,Rua Souza Bandeira,Ciclovia,none
2133,pdc_nao_realizado,0.8276944386088896,0.8276944386088896,2611606,way/1183843855,,Ciclovia,none
2134,pdc_nao_realizado,0.045769899762537876,0.045769899762537876,2611606,way/1183843856,,Ciclovia,none
2135,pdc_nao_realizado,0.09862937923108339,0.09862937923108339,2611606,way/1307312646,R. Maria de Fátima Soares,Ciclovia,none
2136,pdc_nao_realizado,0.3258806871605984,0.3258806871605984,2611606,way/85683723,Rua Leonardo Bezerra Cavalcanti,Ciclovia,none
2137,pdc_nao_realizado,0.24919529330029275,0.24919529330029275,2611606,way/135322388,Rua Doutor Saulo Suassuna,Ciclovia,none
2138,pdc_nao_realizado,0.40239403211441327,0.40239403211441327,2611606,way/135322389,Rua Afonso Albuquerque de Melo,Ciclovia,none
2139,pdc_nao_realizado,0.35194123971909297,0.35194123971909297,2611606,way/161613458,Rua Astério Rufino Alves,Ciclovia,none
2140,pdc_nao_realizado,0.23483260714942195,0.23483260714942195,2611606,way/198106117,Rua de Santana,Ciclovia,none
2141,pdc_nao_realizado,0.26783316529806944,0.26783316529806944,2611606,way/198107290,Rua Poxoréu,Ciclovia,none
2142,pdc_nao_realizado,0.01657788185620913,0.01657788185620913,2611606,way/316587816,Rua Leonardo Bezerra Cavalcanti,Ciclovia,none
2143,pdc_nao_realizado,0.039226905437250444,0.039226905437250444,2611606,way/377386138,Rua Astério Rufino Alves,Ciclovia,none
2144,pdc_nao_realizado,0.20599663094902285,0.20599663094902285,2611606,way/378492488,Rua Doutor Saulo Suassuna,Ciclovia,none
2145,pdc_nao_realizado,0.12718492339136225,0.12718492339136225,2611606,way/902042562,Rua Engenheiro Jair Furtado Meirelles,Ciclovia,none
2146,pdc_nao_realizado,0.10408837685956246,0.10408837685956246,2611606,way/1002053168,Rua Leonardo Bezerra Cavalcanti,Ciclovia,none
2147,pdc_realizado_nao_designado,0.7040339191347168,0.7040339191347168,2611606,way/204619792,Rua Acadêmico Hélio Ramos,Ciclovia,Ciclofaixa Compartilhada
2148,pdc_realizado_nao_designado,0.09981178140933142,0.09981178140933142,2611606,way/707023323,Avenida Professor Artur de Sá,Ciclovia,Ciclofaixa
2149,pdc_realizado_nao_designado,0.33645631224977807,0.33645631224977807,2611606,way/707023325,Avenida Professor Artur de Sá,Ciclovia,Ciclofaixa
2150,pdc_realizado_nao_designado,0.4101818319056404,0.4101818319056404,2611606,way/762960703,Rua Acadêmico Hélio Ramos,Ciclovia,Ciclofaixa Compartilhada
2151,pdc_realizado_nao_designado,0.021411475079284436,0.021411475079284436,2611606,way/797179314,Rua Acadêmico Hélio Ramos,Ciclovia,Ciclofaixa Compartilhada
2152,pdc_realizado_nao_designado,0.021400787221847545,0.021400787221847545,2611606,way/797179315,Rua Acadêmico Hélio Ramos,Ciclovia,Ciclofaixa Compartilhada
2153,pdc_realizado_nao_designado,0.0204786886962846,0.0204786886962846,2611606,way/968554681,Avenida Professor Artur de Sá,Ciclovia,Ciclofaixa
2154,pdc_realizado_nao_designado,0.09969366516716484,0.09969366516716484,2611606,way/968554682,Avenida Professor Artur de Sá,Ciclovia,Ciclofaixa
2155,pdc_realizado_nao_designado,0.04211342708366403,0.04211342708366403,2611606,way/968554683,Avenida Professor Artur de Sá,Ciclovia,Ciclofaixa
2156,pdc_realizado_nao_designado,0.11099994785410769,0.11099994785410769,2611606,way/968554685,Avenida Professor Artur de Sá,Ciclovia,Ciclofaixa
2157,pdc_realizado_nao_designado,0.08605453824562515,0.08605453824562515,2611606,way/968554686,Avenida Professor Artur de Sá,Ciclovia,Ciclofaixa
2158,pdc_realizado_nao_designado,0.11753226071322492,0.11753226071322492,2611606,way/968554687,Avenida Professor Artur de Sá,Ciclovia,Ciclofaixa
2159,pdc_realizado_nao_designado,0.05227569986770702,0.05227569986770702,2611606,way/968556419,Avenida Professor Artur de Sá,Ciclovia,Ciclofaixa
2160,pdc_realizado_nao_designado,0.5650288514755678,0.5650288514755678,2611606,way/103725546,Avenida Mário Álvares Pereira de Lyra,Ciclovia,Ciclofaixa
2161,pdc_realizado_nao_designado,0.5769836929909723,0.5769836929909723,2611606,way/137364482,Avenida Mário Álvares Pereira de Lyra,Ciclovia,Ciclofaixa
2162,pdc_realizado_nao_designado,0.02694208146736226,0.02694208146736226,2611606,way/752348375,Avenida Mário Álvares Pereira de Lyra,Ciclovia,Ciclofaixa
2163,pdc_nao_realizado,0.016087347250049556,0.016087347250049556,2611606,way/1017199453,Avenida Mário Álvares Pereira de Lyra,Ciclovia,none
2164,pdc_nao_realizado,0.3144438902073164,0.3144438902073164,2611606,way/465975334,Avenida Joaquim Ribeiro,Ciclovia,none
2165,pdc_nao_realizado,0.15373892045210305,0.15373892045210305,2603454,way/620409075,Avenida Doutor Belmino Correia,Ciclovia,none
2166,pdc_nao_realizado,0.19399671436685448,0.19399671436685448,2611606,way/620409076,Avenida Joaquim Ribeiro,Ciclovia,none
2167,pdc_nao_realizado,0.04690389941410652,0.04690389941410652,2611606,way/649376689,Avenida Joaquim Ribeiro,Ciclovia,none
2168,pdc_nao_realizado,0.03918702809560617,0.03918702809560617,2611606,way/649376690,Avenida Joaquim Ribeiro,Ciclovia,none
2169,pdc_nao_realizado,0.4005939237678553,0.4005939237678553,2611606,way/653564073,Avenida Joaquim Ribeiro,Ciclovia,none
2170,pdc_nao_realizado,0.08819149001850275,0.08819149001850275,2611606,way/705989239,Avenida Joaquim Ribeiro,Ciclovia,none
2171,pdc_nao_realizado,0.20713182485102838,0.20713182485102838,2611606,way/705989240,Avenida Joaquim Ribeiro,Ciclovia,none
2172,pdc_nao_realizado,0.08243521265141988,0.08243521265141988,2611606,way/717384715,Avenida Doutor Belmino Correia,Ciclovia,none
2173,pdc_nao_realizado,0.159248200866178,0.159248200866178,2603454,way/1063436726,Avenida Doutor Belmino Correia,Ciclovia,none
2174,pdc_realizado_nao_designado,0.01611544396820024,0.01611544396820024,2611606,way/145216592,Avenida Dezessete de Agosto,Ciclovia,Ciclofaixa
2175,pdc_nao_realizado,0.3542330627161366,0.3542330627161366,2611606,way/151135896,Rua Dois Irmãos,Ciclovia,none
2176,pdc_nao_realizado,0.10099117027990767,0.10099117027990767,2611606,way/151135917,Rua de Apipucos,Ciclovia,none
2177,pdc_nao_realizado,0.3712304158788292,0.3712304158788292,2611606,way/151135943,Rua Dois Irmãos,Ciclovia,none
2178,pdc_nao_realizado,0.5524931878735613,0.5524931878735613,2611606,way/151135961,Rua de Apipucos,Ciclovia,none
2179,pdc_nao_realizado,0.05578934722848329,0.05578934722848329,2611606,way/199706069,Rua de Apipucos,Ciclovia,none
2180,pdc_nao_realizado,0.04294100362329206,0.04294100362329206,2611606,way/199706070,Rua de Apipucos,Ciclovia,none
2181,pdc_nao_realizado,0.22179255028001774,0.22179255028001774,2611606,way/317261195,Rua de Apipucos,Ciclovia,none
2182,pdc_nao_realizado,0.023946363510353647,0.023946363510353647,2611606,way/475657186,Rua Dois Irmãos,Ciclovia,none
2183,pdc_nao_realizado,0.19305535815961725,0.19305535815961725,2611606,way/808450047,Rua de Apipucos,Ciclovia,none
2184,pdc_nao_realizado,0.07267083813451843,0.07267083813451843,2611606,way/808453591,Rua Dois Irmãos,Ciclovia,none
2185,pdc_nao_realizado,0.07924149864896907,0.07924149864896907,2611606,way/1005949933,Rua Dois Irmãos,Ciclovia,none
2186,pdc_nao_realizado,0.012415872441510517,0.012415872441510517,2611606,way/1005949935,Rua Dois Irmãos,Ciclovia,none
2187,pdc_nao_realizado,0.011185007343587927,0.011185007343587927,2611606,way/1005949940,Rua Dois Irmãos,Ciclovia,none
2188,pdc_nao_realizado,0.009174116680101421,0.009174116680101421,2611606,way/1005949941,Rua Dois Irmãos,Ciclovia,none
2189,pdc_nao_realizado,0.015474334029602474,0.015474334029602474,2611606,way/1005949942,Rua Dois Irmãos,Ciclovia,none
2190,pdc_nao_realizado,0.046542975059225805,0.046542975059225805,2611606,way/1005949945,Rua Dois Irmãos,Ciclovia,none
2191,pdc_nao_realizado,0.024325104136049186,0.024325104136049186,2611606,way/1005949949,Rua Dois Irmãos,Ciclovia,none
2192,pdc_nao_realizado,0.11512044422564649,0.11512044422564649,2611606,way/1310964807,Avenida Dezessete de Agosto,Ciclovia,none
2193,pdc_nao_realizado,0.06588123358125422,0.06588123358125422,2611606,way/1311547218,Avenida Dezessete de Agosto,Ciclovia,none
2194,pdc_nao_realizado,0.04861593968245111,0.04861593968245111,2611606,way/1311547219,Avenida Dezessete de Agosto,Ciclovia,none
2195,pdc_nao_realizado,0.01288185806220866,0.01288185806220866,2611606,way/1311547220,Avenida Dezessete de Agosto,Ciclovia,none
2196,pdc_nao_realizado,0.02657605416649082,0.02657605416649082,2611606,way/1311547221,Avenida Dezessete de Agosto,Ciclovia,none
2197,pdc_nao_realizado,0.04688404592461649,0.04688404592461649,2611606,way/1322285822,Avenida Dezessete de Agosto,Ciclovia,none
2198,pdc_realizado_nao_designado,0.021359671006912294,0.021359671006912294,2611606,way/1322285823,Avenida Dezessete de Agosto,Ciclovia,Ciclofaixa
2199,pdc_nao_realizado,0.00964815878265834,0.00964815878265834,2611606,way/1322285824,Avenida Dezessete de Agosto,Ciclovia,none
2200,pdc_nao_realizado,0.03695293032706072,0.03695293032706072,2611606,way/1322285825,Avenida Dezessete de Agosto,Ciclovia,none
2201,pdc_nao_realizado,0.04745953356194464,0.04745953356194464,2611606,way/1322285826,Avenida Dezessete de Agosto,Ciclovia,none
2202,pdc_realizado_nao_designado,0.11789709330906895,0.11789709330906895,2611606,way/145218468,Rua Paula Batista,Ciclovia,Ciclofaixa
2203,pdc_realizado_nao_designado,0.15397554068668245,0.15397554068668245,2611606,way/145218469,Rua Paula Batista,Ciclovia,Ciclofaixa
2204,pdc_realizado_nao_designado,0.08626234902173073,0.08626234902173073,2611606,way/145218705,Estrada das Ubaias,Ciclovia,Ciclofaixa
2205,pdc_realizado_nao_designado,0.1450092320252648,0.1450092320252648,2611606,way/857404848,Estrada das Ubaias,Ciclovia,Ciclofaixa
2206,pdc_realizado_nao_designado,0.024830449364506325,0.024830449364506325,2611606,way/965986745,Rua Paula Batista,Ciclovia,Ciclofaixa
2207,pdc_nao_realizado,0.7530248171234164,0.7530248171234164,2609600,way/222820930,Estrada do Passarinho,Ciclovia,none
2208,pdc_nao_realizado,0.5261187343921955,0.5261187343921955,2609600,way/222822297,Avenida Leopoldino Canuto de Melo,Ciclovia,none
2209,pdc_nao_realizado,0.2776963056181821,0.2776963056181821,2611606,way/452349342,Avenida da Recuperação,Ciclovia,none
2210,pdc_nao_realizado,0.12635249207864177,0.12635249207864177,2611606,way/452349343,Estrada do Passarinho,Ciclovia,none
2211,pdc_nao_realizado,0.2656003639809463,0.2656003639809463,2611606,way/452349344,Estrada do Passarinho,Ciclovia,none
2212,pdc_nao_realizado,0.18224650735049064,0.18224650735049064,2609600,way/686000839,Avenida Leopoldino Canuto de Melo,Ciclovia,none
2213,pdc_nao_realizado,0.14802402557039662,0.14802402557039662,2609600,way/713734478,Estrada do Passarinho,Ciclovia,none
2214,pdc_nao_realizado,0.49275629363592055,0.49275629363592055,2609600,way/715606027,Estrada do Passarinho,Ciclovia,none
2215,pdc_nao_realizado,0.07777565341139529,0.07777565341139529,2609600,way/715996798,Avenida Leopoldino Canuto de Melo,Ciclovia,none
2216,pdc_nao_realizado,0.28918935830285114,0.28918935830285114,2609600,way/715996799,Avenida Leopoldino Canuto de Melo,Ciclovia,none
2217,pdc_nao_realizado,0.3809876690847855,0.3809876690847855,2609600,way/715996800,Avenida Leopoldino Canuto de Melo,Ciclovia,none
2218,pdc_nao_realizado,0.08348684148249101,0.08348684148249101,2609600,way/739094562,Avenida Leopoldino Canuto de Melo,Ciclovia,none
2219,pdc_nao_realizado,0.036189063295694684,0.036189063295694684,2609600,way/739097899,Estrada do Passarinho,Ciclovia,none
2220,pdc_nao_realizado,0.004725989647779042,0.004725989647779042,2609600,way/758264952,Estrada do Passarinho,Ciclovia,none
2221,pdc_nao_realizado,0.007892342121005973,0.007892342121005973,2609600,way/758264953,Estrada do Passarinho,Ciclovia,none
2222,pdc_nao_realizado,0.09477611696814657,0.09477611696814657,2611606,way/857404733,Estrada do Passarinho,Ciclovia,none
2223,pdc_nao_realizado,0.8681784204838762,0.8681784204838762,2611606,way/857404740,Estrada do Passarinho,Ciclovia,none
2224,pdc_nao_realizado,0.44079306680693536,0.44079306680693536,2609600,way/885632042,Estrada do Passarinho,Ciclovia,none
2225,pdc_realizado_nao_designado,0.2546189053059845,0.2546189053059845,2611606,way/75033825,Rua Conselheiro Teodoro,Ciclovia,Ciclofaixa Compartilhada
2226,pdc_realizado_nao_designado,0.1345315273951015,0.1345315273951015,2611606,way/130922739,Praça Professor Campelo Barreto,Ciclovia,Ciclofaixa
2227,pdc_nao_realizado,0.05727507181320557,0.05727507181320557,2611606,way/131148195,Rua Conselheiro Teodoro,Ciclovia,none
2228,pdc_realizado_nao_designado,0.17391290721118044,0.17391290721118044,2611606,way/161609739,Rua Conselheiro Teodoro,Ciclovia,Ciclofaixa Compartilhada
2229,pdc_nao_realizado,0.057614981853707635,0.057614981853707635,2611606,way/786325341,Rua Conselheiro Teodoro,Ciclovia,none
2230,pdc_realizado_nao_designado,0.26565100105778916,0.26565100105778916,2611606,way/821123750,Rua Conde de Irajá,Ciclovia,Ciclofaixa
2231,pdc_nao_realizado,0.06454364221330411,0.06454364221330411,2611606,way/967668731,Rua Conselheiro Teodoro,Ciclovia,none
2232,pdc_realizado_nao_designado,0.03843963305961614,0.03843963305961614,2611606,way/1014648478,Rua Conselheiro Teodoro,Ciclovia,Ciclofaixa
2233,pdc_nao_realizado,0.022031685975215747,0.022031685975215747,2611606,way/1033814270,Rua Conselheiro Teodoro,Ciclovia,none
2234,pdc_nao_realizado,0.144368446811675,0.144368446811675,2611606,way/1107398068,Rua Conde de Irajá,Ciclovia,none
2235,pdc_nao_realizado,0.27559150505479557,0.27559150505479557,2611606,way/1183832900,Rua Conde de Irajá,Ciclovia,none
2236,pdc_nao_realizado,0.020660556463634613,0.020660556463634613,2611606,way/128682056,Avenida Beberibe,Ciclovia,none
2237,pdc_nao_realizado,0.009566033051120682,0.009566033051120682,2611606,way/128682057,Avenida Beberibe,Ciclovia,none
2238,pdc_nao_realizado,0.23065752716187207,0.23065752716187207,2611606,way/151272932,Avenida Beberibe,Ciclovia,none
2239,pdc_realizado_nao_designado,0.15853457107352856,0.15853457107352856,2611606,way/151272933,Avenida Beberibe,Ciclovia,Ciclofaixa
2240,pdc_nao_realizado,0.3610481959598009,0.3610481959598009,2611606,way/151272937,Avenida Beberibe,Ciclovia,none
2241,pdc_nao_realizado,0.10883005430898084,0.10883005430898084,2611606,way/316614630,Rua Castro Alves,Ciclovia,none
2242,pdc_nao_realizado,0.5247843710225774,0.5247843710225774,2611606,way/382147745,Avenida Beberibe,Ciclovia,none
2243,pdc_nao_realizado,0.005711934924823922,0.005711934924823922,2611606,way/382147748,Avenida Beberibe,Ciclovia,none
2244,pdc_nao_realizado,0.026101168910491475,0.026101168910491475,2611606,way/572724094,,Ciclovia,none
2245,pdc_realizado_nao_designado,0.08696943885398327,0.08696943885398327,2611606,way/607755761,Rua Castro Alves,Ciclovia,Ciclofaixa Compartilhada
2246,pdc_nao_realizado,0.05270711172014127,0.05270711172014127,2611606,way/607755766,Avenida Beberibe,Ciclovia,none
2247,pdc_realizado_nao_designado,0.010636209496963143,0.010636209496963143,2611606,way/607806640,Rua Castro Alves,Ciclovia,Ciclofaixa Compartilhada
2248,pdc_nao_realizado,0.019139221157664595,0.019139221157664595,2611606,way/607806641,Avenida Beberibe,Ciclovia,none
2249,pdc_realizado_nao_designado,0.3487767538076769,0.3487767538076769,2611606,way/646670257,Rua Castro Alves,Ciclovia,Ciclofaixa
2250,pdc_realizado_nao_designado,0.039155791579025274,0.039155791579025274,2611606,way/762953787,Rua Castro Alves,Ciclovia,Ciclofaixa Compartilhada
2251,pdc_realizado_nao_designado,0.2322880308073498,0.2322880308073498,2611606,way/836834978,Avenida Beberibe,Ciclovia,Ciclofaixa
2252,pdc_nao_realizado,0.06293214295974765,0.06293214295974765,2611606,way/967666039,Avenida Beberibe,Ciclovia,none
2253,pdc_nao_realizado,0.12944223461764354,0.12944223461764354,2611606,way/967668775,Avenida Beberibe,Ciclovia,none
2254,pdc_nao_realizado,0.18122955515066394,0.18122955515066394,2611606,way/1002053170,Avenida Beberibe,Ciclovia,none
2255,pdc_nao_realizado,0.018154780683867104,0.018154780683867104,2611606,way/85683729,Rua Professora Aurora Soares,Ciclovia,none
2256,pdc_nao_realizado,0.16001519193693237,0.16001519193693237,2611606,way/85683733,Rua José Bonifácio,Ciclovia,none
2257,pdc_nao_realizado,0.1226117289856722,0.1226117289856722,2611606,way/87713005,Rua João Tude de Melo,Ciclovia,none
2258,pdc_nao_realizado,0.02066523401205059,0.02066523401205059,2611606,way/129894795,Rua João Tude de Melo,Ciclovia,none
2259,pdc_nao_realizado,0.1580809678086794,0.1580809678086794,2611606,way/129894886,Rua José Bonifácio,Ciclovia,none
2260,pdc_nao_realizado,0.24134382993026107,0.24134382993026107,2611606,way/129894920,Rua José Bonifácio,Ciclovia,none
2261,pdc_nao_realizado,0.12184418734017728,0.12184418734017728,2611606,way/132399061,Estrada Velha de Água Fria,Ciclovia,none
2262,pdc_nao_realizado,0.041746287821975515,0.041746287821975515,2611606,way/132399507,Rua Padre Roma,Ciclovia,none
2263,pdc_nao_realizado,0.10613349549535639,0.10613349549535639,2611606,way/132399510,Rua Tito Rosas,Ciclovia,none
2264,pdc_nao_realizado,0.2619989361677852,0.2619989361677852,2611606,way/132399632,Rua Cônego Barata,Ciclovia,none
2265,pdc_nao_realizado,0.0346305281058761,0.0346305281058761,2611606,way/132399679,Rua Sebastião Malta Arcoverde,Ciclovia,none
2266,pdc_nao_realizado,0.19207279589558554,0.19207279589558554,2611606,way/134175237,Rua Padre Roma,Ciclovia,none
2267,pdc_nao_realizado,0.12083632542495264,0.12083632542495264,2611606,way/135321874,Rua João Tude de Melo,Ciclovia,none
2268,pdc_nao_realizado,0.06653169039479997,0.06653169039479997,2611606,way/135321875,Praça Manoel Markman,Ciclovia,none
2269,pdc_nao_realizado,0.26198584702405886,0.26198584702405886,2611606,way/198109567,Rua Cônego Barata,Ciclovia,none
2270,pdc_nao_realizado,0.12307469325103496,0.12307469325103496,2611606,way/200622557,Rua Padre Roma,Ciclovia,none
2271,pdc_nao_realizado,0.0062386488172917805,0.0062386488172917805,2611606,way/305934833,Rua Cônego Barata,Ciclovia,none
2272,pdc_nao_realizado,0.0066111776127950545,0.0066111776127950545,2611606,way/305934834,Rua Cônego Barata,Ciclovia,none
2273,pdc_nao_realizado,0.061566799020539784,0.061566799020539784,2611606,way/318094685,Rua José Bonifácio,Ciclovia,none
2274,pdc_nao_realizado,0.11820896560002778,0.11820896560002778,2611606,way/318094686,Rua José Bonifácio,Ciclovia,none
2275,pdc_nao_realizado,0.11700682310274695,0.11700682310274695,2611606,way/370351683,Rua José Bonifácio,Ciclovia,none
2276,pdc_nao_realizado,0.20027420163773768,0.20027420163773768,2611606,way/382147743,Estrada Velha de Água Fria,Ciclovia,none
2277,pdc_nao_realizado,0.016937526110259758,0.016937526110259758,2611606,way/766721303,Rua Padre Roma,Ciclovia,none
2278,pdc_nao_realizado,0.39197975485267245,0.39197975485267245,2611606,way/816364137,Rua José Bonifácio,Ciclovia,none
2279,pdc_nao_realizado,0.006306028683827396,0.006306028683827396,2611606,way/887538497,Rua Sebastião Malta Arcoverde,Ciclovia,none
2280,pdc_nao_realizado,0.049339815164642156,0.049339815164642156,2611606,way/887538499,Rua Sebastião Malta Arcoverde,Ciclovia,none
2281,pdc_nao_realizado,0.03620089186572444,0.03620089186572444,2611606,way/894427670,Rua Sebastião Malta Arcoverde,Ciclovia,none
2282,pdc_nao_realizado,0.026682546884972548,0.026682546884972548,2611606,way/965664755,Rua João Tude de Melo,Ciclovia,none
2283,pdc_nao_realizado,0.035424139840258204,0.035424139840258204,2611606,way/966016819,Estrada Velha de Água Fria,Ciclovia,none
2284,pdc_nao_realizado,0.044545378480219736,0.044545378480219736,2611606,way/966017701,Estrada Velha de Água Fria,Ciclovia,none
2285,pdc_nao_realizado,0.09319538573122152,0.09319538573122152,2611606,way/967665648,Rua José Bonifácio,Ciclovia,none
2286,pdc_nao_realizado,0.007302437047391647,0.007302437047391647,2611606,way/968212315,Rua Padre Roma,Ciclovia,none
2287,pdc_nao_realizado,0.031418213578991466,0.031418213578991466,2611606,way/1183832901,Rua Professor Trajano de Mendonça,Ciclovia,none
2288,pdc_nao_realizado,0.14138246996399528,0.14138246996399528,2611606,way/1183832902,Rua José Bonifácio,Ciclovia,none
2289,pdc_nao_realizado,0.005774754284694893,0.005774754284694893,2611606,way/132398377,Rua Desenhista Eulino Santos,Ciclovia,none
2290,pdc_nao_realizado,0.07782629389760032,0.07782629389760032,2611606,way/132398378,Rua Jerônimo Vilela,Ciclovia,none
2291,pdc_nao_realizado,0.21609809004336156,0.21609809004336156,2611606,way/132398379,Rua Desenhista Eulino Santos,Ciclovia,none
2292,pdc_nao_realizado,0.20878207563620355,0.20878207563620355,2611606,way/132398382,Rua Desenhista Eulino Santos,Ciclovia,none
2293,pdc_nao_realizado,0.7157765525079863,0.7157765525079863,2611606,way/132398393,Rua da Regeneração,Ciclovia,none
2294,pdc_nao_realizado,0.053474062516829485,0.053474062516829485,2611606,way/132398666,Rua da Regeneração,Ciclovia,none
2295,pdc_nao_realizado,0.30824311743796684,0.30824311743796684,2611606,way/132398669,Rua da Regeneração,Ciclovia,none
2296,pdc_realizado_nao_designado,0.041834366456187634,0.041834366456187634,2611606,way/142229290,Rua da Regeneração,Ciclovia,Ciclofaixa
2297,pdc_nao_realizado,0.07763422680045223,0.07763422680045223,2611606,way/318121912,Rua Jerônimo Vilela,Ciclovia,none
2298,pdc_nao_realizado,0.009465298920494468,0.009465298920494468,2611606,way/318121913,Rua Desenhista Eulino Santos,Ciclovia,none
2299,pdc_nao_realizado,0.005964835533301359,0.005964835533301359,2611606,way/753012503,Rua Desenhista Eulino Santos,Ciclovia,none
2300,pdc_nao_realizado,0.03625006534663861,0.03625006534663861,2611606,way/753012504,Rua Desenhista Eulino Santos,Ciclovia,none
2301,pdc_nao_realizado,0.0360072748663513,0.0360072748663513,2611606,way/753012505,Rua Desenhista Eulino Santos,Ciclovia,none
2302,pdc_nao_realizado,0.010071905603087829,0.010071905603087829,2611606,way/753012506,Rua Desenhista Eulino Santos,Ciclovia,none
2303,pdc_realizado_nao_designado,0.05942252864932493,0.05942252864932493,2611606,way/754047612,Rua da Regeneração,Ciclovia,Ciclofaixa
2304,pdc_realizado_nao_designado,0.0038092269337105266,0.0038092269337105266,2611606,way/135138772,Avenida Professor José dos Anjos,Ciclovia,Ciclofaixa
2305,pdc_realizado_nao_designado,0.1403133138409733,0.1403133138409733,2611606,way/135143520,Avenida Professor José dos Anjos,Ciclovia,Ciclofaixa
2306,pdc_realizado_nao_designado,0.11646921766411043,0.11646921766411043,2611606,way/135143523,Avenida Professor José dos Anjos,Ciclovia,Ciclofaixa
2307,pdc_realizado_nao_designado,0.049485944395576326,0.049485944395576326,2611606,way/135143529,Avenida Professor José dos Anjos,Ciclovia,Ciclofaixa
2308,pdc_realizado_nao_designado,0.34140816531236023,0.34140816531236023,2611606,way/142612998,Avenida Professor José dos Anjos,Ciclovia,Ciclofaixa
2309,pdc_realizado_nao_designado,0.2712374298816276,0.2712374298816276,2611606,way/222825609,Rua Visconde Mamanguape,Ciclovia,Ciclofaixa
2310,pdc_realizado_nao_designado,0.17755889911025707,0.17755889911025707,2611606,way/242552660,Avenida Professor José dos Anjos,Ciclovia,Ciclofaixa
2311,pdc_realizado_nao_designado,0.0549391816759551,0.0549391816759551,2611606,way/242552953,Avenida Professor José dos Anjos,Ciclovia,Ciclofaixa
2312,pdc_realizado_nao_designado,0.30121441153462714,0.30121441153462714,2611606,way/305934826,Avenida Professor José dos Anjos,Ciclovia,Ciclofaixa
2313,pdc_realizado_nao_designado,0.31643650988285865,0.31643650988285865,2611606,way/318121911,Avenida Professor José dos Anjos,Ciclovia,Ciclofaixa
2314,pdc_realizado_nao_designado,0.00650516885170583,0.00650516885170583,2611606,way/318895503,Avenida Professor José dos Anjos,Ciclovia,Ciclofaixa
2315,pdc_realizado_nao_designado,0.10425235179499279,0.10425235179499279,2611606,way/318895504,Avenida Professor José dos Anjos,Ciclovia,Ciclofaixa
2316,pdc_realizado_nao_designado,0.17712990613545868,0.17712990613545868,2611606,way/382147744,Avenida Professor José dos Anjos,Ciclovia,Ciclofaixa
2317,pdc_realizado_nao_designado,0.16650719526385202,0.16650719526385202,2611606,way/382147746,Avenida Professor José dos Anjos,Ciclovia,Ciclofaixa
2318,pdc_realizado_nao_designado,0.3938870770517894,0.3938870770517894,2611606,way/382147747,Avenida Professor José dos Anjos,Ciclovia,Ciclofaixa
2319,pdc_nao_realizado,0.009887323534499164,0.009887323534499164,2611606,way/447028276,Avenida Professor José dos Anjos,Ciclovia,none
2320,pdc_nao_realizado,0.007388172540108307,0.007388172540108307,2611606,way/475315976,Avenida Professor José dos Anjos,Ciclovia,none
2321,pdc_nao_realizado,0.019895864447140088,0.019895864447140088,2611606,way/653570590,Avenida Professor José dos Anjos,Ciclovia,none
2322,pdc_nao_realizado,0.00951294541277104,0.00951294541277104,2611606,way/653570591,Avenida Professor José dos Anjos,Ciclovia,none
2323,pdc_realizado_nao_designado,0.007443299116288338,0.007443299116288338,2611606,way/656124041,Avenida Professor José dos Anjos,Ciclovia,Ciclofaixa
2324,pdc_realizado_nao_designado,0.05666496721921217,0.05666496721921217,2611606,way/666158441,Avenida Professor José dos Anjos,Ciclovia,Ciclofaixa
2325,pdc_realizado_nao_designado,0.08060126589011778,0.08060126589011778,2611606,way/666158444,Avenida Professor José dos Anjos,Ciclovia,Ciclofaixa
2326,pdc_realizado_nao_designado,0.2004985564748509,0.2004985564748509,2611606,way/723906439,Avenida Professor José dos Anjos,Ciclovia,Ciclofaixa
2327,pdc_realizado_nao_designado,0.0015239448746000841,0.0015239448746000841,2611606,way/753963895,Avenida Professor José dos Anjos,Ciclovia,Ciclofaixa
2328,pdc_realizado_nao_designado,0.012863816058411897,0.012863816058411897,2611606,way/753963896,Avenida Professor José dos Anjos,Ciclovia,Ciclofaixa
2329,pdc_realizado_nao_designado,0.3094042298478996,0.3094042298478996,2611606,way/762739492,Avenida Professor José dos Anjos,Ciclovia,Ciclofaixa
2330,pdc_realizado_nao_designado,0.021240965739955934,0.021240965739955934,2611606,way/762739493,Avenida Professor José dos Anjos,Ciclovia,Ciclofaixa
2331,pdc_nao_realizado,0.013896710425393553,0.013896710425393553,2611606,way/815069186,Avenida Professor José dos Anjos,Ciclovia,none
2332,pdc_nao_realizado,0.00898759839186072,0.00898759839186072,2611606,way/815069187,Avenida Professor José dos Anjos,Ciclovia,none
2333,pdc_realizado_nao_designado,0.008390823515925684,0.008390823515925684,2611606,way/836834976,Avenida Professor José dos Anjos,Ciclovia,Ciclofaixa
2334,pdc_realizado_nao_designado,0.01317395575902687,0.01317395575902687,2611606,way/863027568,Avenida Professor José dos Anjos,Ciclovia,Ciclofaixa
2335,pdc_realizado_nao_designado,0.2101724402651563,0.2101724402651563,2611606,way/899950239,Avenida Professor José dos Anjos,Ciclovia,Ciclofaixa
2336,pdc_nao_realizado,0.0015083725820563207,0.0015083725820563207,2611606,way/965758772,Avenida Professor José dos Anjos,Ciclovia,none
2337,pdc_nao_realizado,0.01668177066922641,0.01668177066922641,2611606,way/1004516864,Avenida Professor José dos Anjos,Ciclovia,none
2338,pdc_nao_realizado,0.05771002821662315,0.05771002821662315,2611606,way/1177330682,Avenida Professor José dos Anjos,Ciclovia,none
2339,pdc_nao_realizado,0.039946659638091436,0.039946659638091436,2611606,way/1177330683,Avenida Professor José dos Anjos,Ciclovia,none
2340,pdc_realizado_nao_designado,0.015515305734292181,0.015515305734292181,2611606,way/1238509972,Avenida Professor José dos Anjos,Ciclovia,Ciclofaixa
2341,pdc_nao_realizado,0.0066360248542683825,0.0066360248542683825,2611606,way/1409389541,Avenida Professor José dos Anjos,Ciclovia,none
2342,pdc_nao_realizado,0.010874071917945776,0.010874071917945776,2611606,way/1409389543,Avenida Professor José dos Anjos,Ciclovia,none
2343,pdc_nao_realizado,0.15928186873329606,0.15928186873329606,2609600,way/131355302,Avenida Presidente Kennedy,Ciclovia,none
2344,pdc_nao_realizado,0.01278265846882763,0.01278265846882763,2609600,way/131355304,Avenida Presidente Kennedy,Ciclovia,none
2345,pdc_nao_realizado,0.012072834305972667,0.012072834305972667,2609600,way/131355306,Avenida Presidente Kennedy,Ciclovia,none
2346,pdc_nao_realizado,0.10617136143407076,0.10617136143407076,2609600,way/135488942,Rua Doutor Sérgio Loreto,Ciclovia,none
2347,pdc_nao_realizado,0.10979762448316094,0.10979762448316094,2609600,way/135488944,Rua Doutor Sérgio Loreto,Ciclovia,none
2348,pdc_nao_realizado,0.06359747960941659,0.06359747960941659,2609600,way/136038482,Rua Austro Costa,Ciclovia,none
2349,pdc_nao_realizado,0.41615842560381244,0.41615842560381244,2609600,way/136038770,Rua Professor Dionísio Maciel Monteiro,Ciclovia,none
2350,pdc_nao_realizado,0.18760639262472492,0.18760639262472492,2609600,way/136038795,Rua Professor Dionísio Maciel Monteiro,Ciclovia,none
2351,pdc_nao_realizado,0.4409375704558942,0.4409375704558942,2609600,way/136159453,Avenida José Coriolano,Ciclovia,none
2352,pdc_nao_realizado,0.2424340449392306,0.2424340449392306,2609600,way/136385688,Rua Maria Sodré da Mota,Ciclovia,none
2353,pdc_nao_realizado,0.29158428277969844,0.29158428277969844,2609600,way/646632251,Rua Dom Sebastião Leme,Ciclovia,none
2354,pdc_nao_realizado,0.0430753783465747,0.0430753783465747,2609600,way/646638517,Rua Professor Dionísio Maciel Monteiro,Ciclovia,none
2355,pdc_nao_realizado,0.01791199355100073,0.01791199355100073,2609600,way/646638518,Rua Professor Dionísio Maciel Monteiro,Ciclovia,none
2356,pdc_nao_realizado,0.06031624107109751,0.06031624107109751,2609600,way/698129083,Rua Dom Sebastião Leme,Ciclovia,none
2357,pdc_nao_realizado,0.06928385442646343,0.06928385442646343,2609600,way/776504668,Avenida Presidente Kennedy,Ciclovia,none
2358,pdc_nao_realizado,0.03215145634316203,0.03215145634316203,2609600,way/776504672,Avenida Presidente Kennedy,Ciclovia,none
2359,pdc_nao_realizado,0.012838550409765708,0.012838550409765708,2609600,way/776504674,Avenida Presidente Kennedy,Ciclovia,none
2360,pdc_nao_realizado,0.03636385213617266,0.03636385213617266,2609600,way/776504675,Avenida Presidente Kennedy,Ciclovia,none
2361,pdc_nao_realizado,0.15566106608152408,0.15566106608152408,2609600,way/776504677,Avenida Presidente Kennedy,Ciclovia,none
2362,pdc_nao_realizado,0.04469388237347535,0.04469388237347535,2609600,way/857344609,Avenida Presidente Kennedy,Ciclovia,none
2363,pdc_nao_realizado,0.17916727048679618,0.17916727048679618,2609600,way/857344610,Avenida Presidente Kennedy,Ciclovia,none
2364,pdc_nao_realizado,0.015533885557278476,0.015533885557278476,2609600,way/905218471,Avenida Presidente Kennedy,Ciclovia,none
2365,pdc_nao_realizado,0.011307439391647257,0.011307439391647257,2609600,way/905218472,Avenida Presidente Kennedy,Ciclovia,none
2366,pdc_nao_realizado,0.0702706953953633,0.0702706953953633,2609600,way/967639476,Rua Professor Dionísio Maciel Monteiro,Ciclovia,none
2367,pdc_nao_realizado,0.05947821827219027,0.05947821827219027,2609600,way/967920871,Avenida Presidente Kennedy,Ciclovia,none
2368,pdc_nao_realizado,0.03302668092109652,0.03302668092109652,2609600,way/967920872,Avenida Presidente Kennedy,Ciclovia,none
2369,pdc_nao_realizado,0.028061565116844427,0.028061565116844427,2609600,way/967920873,Avenida Presidente Kennedy,Ciclovia,none
2370,pdc_nao_realizado,0.02917184192795741,0.02917184192795741,2609600,way/967920876,Avenida Presidente Kennedy,Ciclovia,none
2371,pdc_nao_realizado,0.00873039205471113,0.00873039205471113,2609600,way/967938934,Avenida Presidente Kennedy,Ciclovia,none
2372,pdc_nao_realizado,0.004770959179284558,0.004770959179284558,2609600,way/967938936,Avenida Presidente Kennedy,Ciclovia,none
2373,pdc_nao_realizado,0.049825170391411544,0.049825170391411544,2609600,way/967938937,Avenida Presidente Kennedy,Ciclovia,none
2374,pdc_nao_realizado,0.1793401462152446,0.1793401462152446,2609600,way/967938938,Avenida Presidente Kennedy,Ciclovia,none
2375,pdc_nao_realizado,0.004772316161413185,0.004772316161413185,2609600,way/967943324,Rua Maria Sodré da Mota,Ciclovia,none
2376,pdc_nao_realizado,0.011570877192450707,0.011570877192450707,2609600,way/967943326,Avenida Presidente Kennedy,Ciclovia,none
2377,pdc_nao_realizado,0.005016318433511988,0.005016318433511988,2609600,way/967966059,Avenida Presidente Kennedy,Ciclovia,none
2378,pdc_nao_realizado,0.0747580378650059,0.0747580378650059,2609600,way/969857669,Rua Austro Costa,Ciclovia,none
2379,pdc_nao_realizado,0.14472273065495858,0.14472273065495858,2609600,way/969857670,Rua Austro Costa,Ciclovia,none
2380,pdc_nao_realizado,0.19034922457764913,0.19034922457764913,2609600,way/969857671,Rua Doutor Sérgio Loreto,Ciclovia,none
2381,pdc_nao_realizado,0.014227250538071825,0.014227250538071825,2609600,way/974904342,Rua Carmela Dutra,Ciclovia,none
2382,pdc_nao_realizado,0.027843885027230626,0.027843885027230626,2609600,way/1183583045,Avenida Presidente Kennedy,Ciclovia,none
2383,pdc_nao_realizado,0.01935708650179609,0.01935708650179609,2609600,way/1183583046,Avenida Presidente Kennedy,Ciclovia,none
2384,pdc_nao_realizado,0.3530752582381187,0.3530752582381187,2609600,way/128551436,Avenida Antônio da Costa Azevedo,Ciclovia,none
2385,pdc_nao_realizado,0.0035406343971310303,0.0035406343971310303,2611606,way/128682908,Avenida Luís Correia de Brito,Ciclovia,none
2386,pdc_nao_realizado,0.40652562610044324,0.40652562610044324,2609600,way/129080119,Avenida Antônio da Costa Azevedo,Ciclovia,none
2387,pdc_nao_realizado,0.058615672409526025,0.058615672409526025,2609600,way/129080120,Avenida Antônio da Costa Azevedo,Ciclovia,none
2388,pdc_nao_realizado,0.30672607383242373,0.30672607383242373,2611606,way/317189745,Avenida Antônio da Costa Azevedo,Ciclovia,none
2389,pdc_nao_realizado,0.23979957935310614,0.23979957935310614,2609600,way/698129086,Avenida Antônio da Costa Azevedo,Ciclovia,none
2390,pdc_nao_realizado,0.03769243548719856,0.03769243548719856,2611606,way/753036398,Avenida Luís Correia de Brito,Ciclovia,none
2391,pdc_nao_realizado,0.005444379485038717,0.005444379485038717,2611606,way/753036399,Avenida Luís Correia de Brito,Ciclovia,none
2392,pdc_nao_realizado,0.0072832799512787295,0.0072832799512787295,2609600,way/776504678,Avenida Antônio da Costa Azevedo,Ciclovia,none
2393,pdc_nao_realizado,0.0730864300198187,0.0730864300198187,2609600,way/1183583033,Avenida Antônio da Costa Azevedo,Ciclovia,none
2394,pdc_nao_realizado,0.20479931634909862,0.20479931634909862,2611606,way/131354542,Avenida Beberibe,Ciclovia,none
2395,pdc_nao_realizado,0.06183031986984642,0.06183031986984642,2611606,way/132398392,Rua da Regeneração,Ciclovia,none
2396,pdc_nao_realizado,0.10445285893708432,0.10445285893708432,2611606,way/151272931,Avenida Beberibe,Ciclovia,none
2397,pdc_nao_realizado,0.16604828126331317,0.16604828126331317,2611606,way/151272934,Avenida Beberibe,Ciclovia,none
2398,pdc_nao_realizado,0.19866815491988418,0.19866815491988418,2611606,way/178258319,Avenida Beberibe,Ciclovia,none
2399,pdc_nao_realizado,0.10257409038631815,0.10257409038631815,2611606,way/317313976,Avenida Beberibe,Ciclovia,none
2400,pdc_nao_realizado,0.12626010003543864,0.12626010003543864,2611606,way/317313977,Avenida Beberibe,Ciclovia,none
2401,pdc_nao_realizado,0.050439611842617325,0.050439611842617325,2611606,way/317985692,Avenida Beberibe,Ciclovia,none
2402,pdc_nao_realizado,0.09809368302372169,0.09809368302372169,2611606,way/824376342,Avenida Beberibe,Ciclovia,none
2403,pdc_nao_realizado,0.10597166276499848,0.10597166276499848,2611606,way/1041226117,Avenida Beberibe,Ciclovia,none
2404,pdc_nao_realizado,0.22251131021744786,0.22251131021744786,2609600,way/45706267,Avenida Presidente Kennedy,Ciclovia,none
2405,pdc_nao_realizado,0.0660637785380284,0.0660637785380284,2609600,way/131355251,,Ciclovia,none
2406,pdc_nao_realizado,0.05274331108493563,0.05274331108493563,2609600,way/131355303,,Ciclovia,none
2407,pdc_nao_realizado,0.0032176845571019216,0.0032176845571019216,2609600,way/131355309,,Ciclovia,none
2408,pdc_nao_realizado,0.8997792356394083,0.8997792356394083,2609600,way/575167433,Rua Flora de Assunção Gonçalves,Ciclovia,none
2409,pdc_nao_realizado,0.015160809483151077,0.015160809483151077,2609600,way/775847258,,Ciclovia,none
2410,pdc_nao_realizado,0.32383490927011677,0.32383490927011677,2609600,way/967905875,Avenida Presidente Kennedy,Ciclovia,none
2411,pdc_nao_realizado,0.007409072523693077,0.007409072523693077,2609600,way/1183583048,Rua Cantora Dalva de Oliveira,Ciclovia,none
2412,pdc_realizado_nao_designado,1.0254696074945693,1.0254696074945693,2611606,way/134171334,Rua do Futuro,Ciclovia,Ciclofaixa
2413,pdc_realizado_nao_designado,0.11179666248107614,0.11179666248107614,2611606,way/134171336,Rua do Futuro,Ciclovia,Ciclofaixa
2414,pdc_realizado_nao_designado,0.03234455381745727,0.03234455381745727,2611606,way/316587817,Rua do Futuro,Ciclovia,Ciclofaixa
2415,pdc_nao_realizado,0.008500001105966227,0.008500001105966227,2611606,way/316587818,Rua do Futuro,Ciclovia,none
2416,pdc_realizado_nao_designado,0.10720156650882731,0.10720156650882731,2611606,way/609808989,Rua do Futuro,Ciclovia,Ciclofaixa
2417,pdc_nao_realizado,0.00945698975517321,0.00945698975517321,2611606,way/967453177,Rua do Futuro,Ciclovia,none
2418,pdc_realizado_nao_designado,0.04232440509266597,0.04232440509266597,2611606,way/974655063,Rua do Futuro,Ciclovia,Ciclofaixa
2419,pdc_nao_realizado,0.028769491510340063,0.028769491510340063,2611606,way/974655064,Rua do Futuro,Ciclovia,none
2420,pdc_realizado_nao_designado,0.13447443308482276,0.13447443308482276,2611606,way/1010825399,Rua do Futuro,Ciclovia,Ciclofaixa
2421,pdc_realizado_nao_designado,0.04696193748006422,0.04696193748006422,2611606,way/1189266169,Rua do Futuro,Ciclovia,Ciclofaixa
2422,pdc_realizado_nao_designado,0.27526047760516587,0.27526047760516587,2611606,way/85697360,Avenida João de Barros,Ciclovia,Ciclofaixa
2423,pdc_nao_realizado,0.02615812619906969,0.02615812619906969,2611606,way/85744485,Avenida João de Barros,Ciclovia,none
2424,pdc_nao_realizado,0.08945403724168115,0.08945403724168115,2611606,way/128677952,Avenida João de Barros,Ciclovia,none
2425,pdc_nao_realizado,0.027363150327078166,0.027363150327078166,2611606,way/128683792,Avenida João de Barros,Ciclovia,none
2426,pdc_nao_realizado,0.3422994672701733,0.3422994672701733,2611606,way/128683794,Avenida João de Barros,Ciclovia,none
2427,pdc_nao_realizado,0.09167297724685255,0.09167297724685255,2611606,way/130482842,Rua Nunes Machado,Ciclovia,none
2428,pdc_nao_realizado,0.2535466781388625,0.2535466781388625,2611606,way/151272935,Estrada de Belém,Ciclovia,none
2429,pdc_nao_realizado,0.11817320211503429,0.11817320211503429,2611606,way/255735520,Avenida João de Barros,Ciclovia,none
2430,pdc_nao_realizado,0.10196336102281177,0.10196336102281177,2611606,way/316609863,Estrada de Belém,Ciclovia,none
2431,pdc_nao_realizado,0.23045046169840247,0.23045046169840247,2611606,way/316609864,Estrada de Belém,Ciclovia,none
2432,pdc_nao_realizado,0.17240554698786198,0.17240554698786198,2611606,way/316614626,Estrada de Belém,Ciclovia,none
2433,pdc_realizado_nao_designado,0.22536711603118867,0.22536711603118867,2611606,way/316676558,Avenida João de Barros,Ciclovia,Ciclofaixa
2434,pdc_realizado_nao_designado,0.18041380591215597,0.18041380591215597,2611606,way/316707902,Avenida João de Barros,Ciclovia,Ciclofaixa
2435,pdc_nao_realizado,0.33066202924498533,0.33066202924498533,2611606,way/318543365,Estrada de Belém,Ciclovia,none
2436,pdc_realizado_nao_designado,0.028641010814474073,0.028641010814474073,2611606,way/320212005,Rua Doutor Carlos Chagas,Ciclovia,Ciclofaixa Compartilhada
2437,pdc_realizado_nao_designado,0.1362489539119745,0.1362489539119745,2611606,way/436084863,Rua da Soledade,Ciclovia,Ciclofaixa
2438,pdc_nao_realizado,0.053754736367306,0.053754736367306,2611606,way/607755764,Estrada de Belém,Ciclovia,none
2439,pdc_nao_realizado,0.07589971849611993,0.07589971849611993,2611606,way/607806638,Avenida João de Barros,Ciclovia,none
2440,pdc_nao_realizado,0.023002445146620223,0.023002445146620223,2611606,way/607806639,Avenida João de Barros,Ciclovia,none
2441,pdc_realizado_nao_designado,0.02069982071893418,0.02069982071893418,2611606,way/704220887,Rua Doutor Carlos Chagas,Ciclovia,Ciclofaixa Compartilhada
2442,pdc_realizado_nao_designado,0.030700893020988416,0.030700893020988416,2611606,way/704220888,Avenida João de Barros,Ciclovia,Ciclofaixa
2443,pdc_nao_realizado,0.09267824032015483,0.09267824032015483,2611606,way/704220889,Avenida João de Barros,Ciclovia,none
2444,pdc_realizado_nao_designado,0.3320973067259952,0.3320973067259952,2611606,way/770730308,Avenida João de Barros,Ciclovia,Ciclofaixa
2445,pdc_nao_realizado,0.10244147085665431,0.10244147085665431,2611606,way/816364141,Avenida João de Barros,Ciclovia,none
2446,pdc_nao_realizado,0.09278134345468421,0.09278134345468421,2611606,way/816364142,Avenida João de Barros,Ciclovia,none
2447,pdc_nao_realizado,0.04547955747142732,0.04547955747142732,2611606,way/967656554,Estrada de Belém,Ciclovia,none
2448,pdc_nao_realizado,0.026260178522813146,0.026260178522813146,2611606,way/1002053173,Estrada de Belém,Ciclovia,none
2449,pdc_realizado_nao_designado,0.05050527317291541,0.05050527317291541,2611606,way/1016647976,Rua Nunes Machado,Ciclovia,Ciclofaixa
2450,pdc_realizado_designado,0.03156686765806314,0.03156686765806314,2611606,way/1016647977,Rua Nunes Machado,Ciclovia,Ciclovia
2451,pdc_nao_realizado,0.12392064934551411,0.12392064934551411,2611606,way/1183844233,Estrada de Belém,Ciclovia,none
2452,pdc_nao_realizado,0.27001528108067985,0.27001528108067985,2611606,way/128158502,Rua José Luís de Silveira Barros,Ciclovia,none
2453,pdc_realizado_nao_designado,0.042149301808175894,0.042149301808175894,2611606,way/130922421,Rua Alberto Paiva,Ciclovia,Ciclofaixa
2454,pdc_nao_realizado,0.2796302316538005,0.2796302316538005,2611606,way/130922803,Rua Conde de Irajá,Ciclovia,none
2455,pdc_nao_realizado,0.07306247266763755,0.07306247266763755,2611606,way/133334859,Rua Amélia,Ciclovia,none
2456,pdc_realizado_nao_designado,0.11703508431409489,0.11703508431409489,2611606,way/133334910,Rua Amélia,Ciclovia,Ciclofaixa
2457,pdc_realizado_nao_designado,0.03381664196479623,0.03381664196479623,2611606,way/251680266,Ponte da Torre,Ciclovia,Ciclofaixa
2458,pdc_nao_realizado,0.04878831008719971,0.04878831008719971,2611606,way/318243734,Rua Amélia,Ciclovia,none
2459,pdc_nao_realizado,0.03046818017767277,0.03046818017767277,2611606,way/375748426,Rua Amélia,Ciclovia,none
2460,pdc_nao_realizado,0.10770151122149621,0.10770151122149621,2611606,way/479256923,Ponte da Torre,Ciclovia,none
2461,pdc_nao_realizado,0.03607293251763879,0.03607293251763879,2611606,way/479256924,Rua Amélia,Ciclovia,none
2462,pdc_nao_realizado,0.1080514260242836,0.1080514260242836,2611606,way/479256925,Ponte da Torre,Ciclovia,none
2463,pdc_realizado_nao_designado,0.48609298055919725,0.48609298055919725,2611606,way/786325343,Rua Amélia,Ciclovia,Ciclofaixa
2464,pdc_nao_realizado,0.039929308632155824,0.039929308632155824,2611606,way/927715997,Rua Alberto Paiva,Ciclovia,none
2465,pdc_nao_realizado,0.020822809793406824,0.020822809793406824,2611606,way/966009031,Rua Conde de Irajá,Ciclovia,none
2466,pdc_nao_realizado,0.03294244904943572,0.03294244904943572,2611606,way/966009032,,Ciclovia,none
2467,pdc_nao_realizado,0.039553640721767695,0.039553640721767695,2611606,way/966009033,,Ciclovia,none
2468,pdc_realizado_nao_designado,0.2656686743164697,0.2656686743164697,2611606,way/967962393,Rua Amélia,Ciclovia,Ciclofaixa
2469,pdc_nao_realizado,0.43825423034576577,0.43825423034576577,2609600,way/45706270,Avenida Olinda,Ciclovia,none
2470,pdc_nao_realizado,0.17885521501746746,0.17885521501746746,2609600,way/102724783,Avenida Sigismundo Gonçalves,Ciclovia,none
2471,pdc_nao_realizado,0.04898412865747682,0.04898412865747682,2609600,way/128012831,Avenida Sigismundo Gonçalves,Ciclovia,none
2472,pdc_nao_realizado,0.03963896622292215,0.03963896622292215,2609600,way/128012834,Avenida Sigismundo Gonçalves,Ciclovia,none
2473,pdc_nao_realizado,0.35262228271244916,0.35262228271244916,2609600,way/128012925,Avenida Sigismundo Gonçalves,Ciclovia,none
2474,pdc_nao_realizado,0.644827634163584,0.644827634163584,2609600,way/128012927,Rua do Sol,Ciclovia,none
2475,pdc_nao_realizado,0.008636399563420492,0.008636399563420492,2609600,way/128012940,,Ciclovia,none
2476,pdc_nao_realizado,0.027206679712708574,0.027206679712708574,2609600,way/128013223,Avenida Sigismundo Gonçalves,Ciclovia,none
2477,pdc_nao_realizado,0.035212525797759534,0.035212525797759534,2609600,way/128013234,Avenida Sigismundo Gonçalves,Ciclovia,none
2478,pdc_nao_realizado,0.053453179382844294,0.053453179382844294,2609600,way/128013339,Avenida Olinda,Ciclovia,none
2479,pdc_nao_realizado,0.485108435021923,0.485108435021923,2609600,way/128013340,Avenida Olinda,Ciclovia,none
2480,pdc_nao_realizado,0.08188529539575691,0.08188529539575691,2609600,way/128013343,Avenida Olinda,Ciclovia,none
2481,pdc_nao_realizado,0.0850511240818477,0.0850511240818477,2611606,way/128122447,Avenida Governador Agamenon Magalhães,Ciclovia,none
2482,pdc_nao_realizado,0.00945761693972887,0.00945761693972887,2611606,way/128683043,Avenida Cruz Cabugá,Ciclovia,none
2483,pdc_nao_realizado,0.05467230366489877,0.05467230366489877,2609600,way/129079923,Avenida Olinda,Ciclovia,none
2484,pdc_nao_realizado,0.07290821608275702,0.07290821608275702,2609600,way/129446937,Rua Doutor Farias Neves Sobrinho,Ciclovia,none
2485,pdc_nao_realizado,0.010785421623641036,0.010785421623641036,2609600,way/168232558,Avenida Sigismundo Gonçalves,Ciclovia,none
2486,pdc_nao_realizado,0.01635707195108486,0.01635707195108486,2609600,way/252994789,,Ciclovia,none
2487,pdc_nao_realizado,0.03994075527749356,0.03994075527749356,2611606,way/315073849,Avenida Cruz Cabugá,Ciclovia,none
2488,pdc_nao_realizado,0.018480943772505566,0.018480943772505566,2611606,way/315073850,Avenida Cruz Cabugá,Ciclovia,none
2489,pdc_nao_realizado,0.11501011990282808,0.11501011990282808,2611606,way/315073852,Avenida Cruz Cabugá,Ciclovia,none
2490,pdc_nao_realizado,0.03285346931177151,0.03285346931177151,2609600,way/351002959,,Ciclovia,none
2491,pdc_nao_realizado,0.10787207517490018,0.10787207517490018,2611606,way/577189569,Avenida Cruz Cabugá,Ciclovia,none
2492,pdc_nao_realizado,0.017405342107285886,0.017405342107285886,2611606,way/577317332,Avenida Cruz Cabugá,Ciclovia,none
2493,pdc_nao_realizado,0.07719323172028421,0.07719323172028421,2611606,way/577319608,Avenida Cruz Cabugá,Ciclovia,none
2494,pdc_nao_realizado,0.004387470333352977,0.004387470333352977,2611606,way/577319609,Avenida Cruz Cabugá,Ciclovia,none
2495,pdc_nao_realizado,0.044956789936041255,0.044956789936041255,2611606,way/579464223,Avenida Cruz Cabugá,Ciclovia,none
2496,pdc_nao_realizado,0.07673084458663187,0.07673084458663187,2611606,way/582585041,Avenida Cruz Cabugá,Ciclovia,none
2497,pdc_nao_realizado,0.08893772314596188,0.08893772314596188,2611606,way/582585071,Avenida Cruz Cabugá,Ciclovia,none
2498,pdc_nao_realizado,0.0023427387007838468,0.0023427387007838468,2611606,way/582585074,Avenida Cruz Cabugá,Ciclovia,none
2499,pdc_nao_realizado,0.33661102455689385,0.33661102455689385,2609600,way/647088638,Avenida Olinda,Ciclovia,none
2500,pdc_nao_realizado,0.22870538171082228,0.22870538171082228,2609600,way/662172174,Avenida Olinda,Ciclovia,none
2501,pdc_nao_realizado,0.03617676768500639,0.03617676768500639,2609600,way/662172175,Avenida Olinda,Ciclovia,none
2502,pdc_nao_realizado,0.016566949421226135,0.016566949421226135,2609600,way/698129099,Avenida Presidente Kennedy,Ciclovia,none
2503,pdc_nao_realizado,0.11497164677971917,0.11497164677971917,2611606,way/703556858,Avenida Cruz Cabugá,Ciclovia,none
2504,pdc_nao_realizado,0.013338967144657017,0.013338967144657017,2611606,way/704149997,Avenida Cruz Cabugá,Ciclovia,none
2505,pdc_nao_realizado,0.03362411194737857,0.03362411194737857,2611606,way/704150002,Avenida Cruz Cabugá,Ciclovia,none
2506,pdc_nao_realizado,0.008267286295759348,0.008267286295759348,2611606,way/704150005,Avenida Cruz Cabugá,Ciclovia,none
2507,pdc_nao_realizado,0.025690362116841833,0.025690362116841833,2611606,way/704150013,Avenida Cruz Cabugá,Ciclovia,none
2508,pdc_nao_realizado,0.10342737372861575,0.10342737372861575,2609600,way/713565472,Avenida Marcos Freire,Ciclovia,none
2509,pdc_nao_realizado,0.18453364028944502,0.18453364028944502,2609600,way/713837532,Rua do Sol,Ciclovia,none
2510,pdc_nao_realizado,0.020795612410049555,0.020795612410049555,2609600,way/715991595,Avenida Sigismundo Gonçalves,Ciclovia,none
2511,pdc_nao_realizado,0.030460176893654937,0.030460176893654937,2609600,way/716992015,Avenida Sigismundo Gonçalves,Ciclovia,none
2512,pdc_nao_realizado,0.0394007372174748,0.0394007372174748,2609600,way/716992016,Avenida Sigismundo Gonçalves,Ciclovia,none
2513,pdc_nao_realizado,0.6319978741020184,0.6319978741020184,2609600,way/762502941,Avenida Olinda,Ciclovia,none
2514,pdc_nao_realizado,0.023202409304051142,0.023202409304051142,2611606,way/775578521,Avenida Cruz Cabugá,Ciclovia,none
2515,pdc_nao_realizado,0.011505817837476463,0.011505817837476463,2611606,way/775578522,Avenida Cruz Cabugá,Ciclovia,none
2516,pdc_nao_realizado,0.040132637156053655,0.040132637156053655,2611606,way/778277026,Avenida Cruz Cabugá,Ciclovia,none
2517,pdc_nao_realizado,0.012292219632684055,0.012292219632684055,2609600,way/821123742,Avenida Sigismundo Gonçalves,Ciclovia,none
2518,pdc_nao_realizado,0.09520175274225684,0.09520175274225684,2611606,way/866998478,Avenida Cruz Cabugá,Ciclovia,none
2519,pdc_nao_realizado,0.01847302812553582,0.01847302812553582,2611606,way/866998479,Avenida Cruz Cabugá,Ciclovia,none
2520,pdc_nao_realizado,0.027216439340967822,0.027216439340967822,2609600,way/967661098,Avenida Cruz Cabugá,Ciclovia,none
2521,pdc_nao_realizado,0.09569172752402096,0.09569172752402096,2609600,way/967920776,Avenida Olinda,Ciclovia,none
2522,pdc_nao_realizado,0.02402154291219396,0.02402154291219396,2611606,way/967921839,Avenida Cruz Cabugá,Ciclovia,none
2523,pdc_nao_realizado,0.10787546176445295,0.10787546176445295,2611606,way/967923631,Avenida Cruz Cabugá,Ciclovia,none
2524,pdc_nao_realizado,0.008385774002360112,0.008385774002360112,2611606,way/967923632,Avenida Cruz Cabugá,Ciclovia,none
2525,pdc_nao_realizado,0.11350199288382246,0.11350199288382246,2611606,way/967953837,Avenida Cruz Cabugá,Ciclovia,none
2526,pdc_nao_realizado,0.013080129395463807,0.013080129395463807,2611606,way/967957941,Avenida Cruz Cabugá,Ciclovia,none
2527,pdc_nao_realizado,0.0075757976411525655,0.0075757976411525655,2611606,way/968234217,Avenida Governador Agamenon Magalhães,Ciclovia,none
2528,pdc_nao_realizado,0.029009508706099633,0.029009508706099633,2611606,way/968292821,Avenida Cruz Cabugá,Ciclovia,none
2529,pdc_nao_realizado,0.007736532966615142,0.007736532966615142,2611606,way/968292822,Avenida Cruz Cabugá,Ciclovia,none
2530,pdc_nao_realizado,0.17335934810768294,0.17335934810768294,2609600,way/1430373383,Avenida Sigismundo Gonçalves,Ciclovia,none
2531,pdc_nao_realizado,0.5228548920770711,0.5228548920770711,2611606,way/134179603,Estrada do Arraial,Ciclovia,none
2532,pdc_realizado_nao_designado,0.021477437087719514,0.021477437087719514,2611606,way/133334358,Rua José Alexandre Caçador,Ciclovia,Ciclofaixa
2533,pdc_nao_realizado,0.4200641772576611,0.4200641772576611,2611606,way/305934839,Avenida Santos Dumont,Ciclovia,none
2534,pdc_nao_realizado,0.3164044931226091,0.3164044931226091,2611606,way/316580109,Avenida Santos Dumont,Ciclovia,none
2535,pdc_nao_realizado,0.10999409261453494,0.10999409261453494,2611606,way/316609862,Avenida Santos Dumont,Ciclovia,none
2536,pdc_nao_realizado,0.1664964617704184,0.1664964617704184,2611606,way/681774128,Avenida Santos Dumont,Ciclovia,none
2537,pdc_realizado_nao_designado,0.1825838122097974,0.1825838122097974,2611606,way/762741649,Avenida Santos Dumont,Ciclovia,Ciclofaixa
2538,pdc_realizado_nao_designado,0.07039776005712998,0.07039776005712998,2611606,way/762741651,Rua José Alexandre Caçador,Ciclovia,Ciclofaixa Compartilhada
2539,pdc_realizado_designado,0.8529403588555579,0.8529403588555579,2611606,way/704150020,Ciclovia Norte,Ciclovia,Ciclovia
2540,pdc_realizado_designado,0.4693809296437418,0.4693809296437418,2611606,way/737670594,Ciclovia Norte,Ciclovia,Ciclovia
2541,pdc_realizado_designado,0.03716944258685231,0.03716944258685231,2611606,way/804453471,Ciclovia Norte,Ciclovia,Ciclovia
2542,pdc_realizado_designado,0.07576098741696168,0.07576098741696168,2611606,way/831926429,Ciclovia Norte,Ciclovia,Ciclovia
2543,pdc_realizado_designado,0.007841977999481598,0.007841977999481598,2611606,way/835830090,Ciclovia Norte,Ciclovia,Ciclovia
2544,pdc_realizado_designado,0.014121748366991378,0.014121748366991378,2611606,way/1183970372,Ciclovia Norte,Ciclovia,Ciclovia
2545,pdc_nao_realizado,0.010814236371729388,0.010814236371729388,2611606,way/54181596,Avenida Doutor Jayme da Fonte,Ciclovia,none
2546,pdc_nao_realizado,0.005156064688292139,0.005156064688292139,2611606,way/128124421,Avenida Doutor Jayme da Fonte,Ciclovia,none
2547,pdc_realizado_nao_designado,0.30710124174389286,0.30710124174389286,2611606,way/128124535,Avenida Doutor Jayme da Fonte,Ciclovia,Ciclofaixa
2548,pdc_nao_realizado,0.010846141129891709,0.010846141129891709,2611606,way/128124609,Rua Odorico Mendes,Ciclovia,none
2549,pdc_nao_realizado,0.004448792230012732,0.004448792230012732,2611606,way/128217334,Rua Odorico Mendes,Ciclovia,none
2550,pdc_nao_realizado,0.004734062682080906,0.004734062682080906,2611606,way/128217337,Avenida Doutor Jayme da Fonte,Ciclovia,none
2551,pdc_nao_realizado,0.005344719807558304,0.005344719807558304,2611606,way/132050336,Rua Odorico Mendes,Ciclovia,none
2552,pdc_nao_realizado,0.3180074681057618,0.3180074681057618,2611606,way/315073860,Avenida Doutor Jayme da Fonte,Ciclovia,none
2553,pdc_nao_realizado,0.02636427214759662,0.02636427214759662,2611606,way/968269586,Avenida Doutor Jayme da Fonte,Ciclovia,none
2554,pdc_realizado_nao_designado,0.039312544062100954,0.039312544062100954,2611606,way/968284171,Avenida Doutor Jayme da Fonte,Ciclovia,Ciclofaixa
2555,pdc_realizado_nao_designado,0.07343394222523969,0.07343394222523969,2611606,way/132049184,Rua dos Palmares,Ciclovia,Ciclofaixa
2556,pdc_realizado_nao_designado,0.15917173025303788,0.15917173025303788,2611606,way/132049185,Rua Doutor Carlos Chagas,Ciclovia,Ciclofaixa
2557,pdc_realizado_nao_designado,0.12817054667228905,0.12817054667228905,2611606,way/704220886,Rua dos Palmares,Ciclovia,Ciclofaixa
2558,pdc_realizado_nao_designado,0.016685113721966762,0.016685113721966762,2611606,way/762896712,Rua dos Palmares,Ciclovia,Ciclofaixa
2559,pdc_realizado_designado,1.2651883076435073,1.2651883076435073,2611606,way/762896713,Ciclovia Graça Araújo,Ciclovia,Ciclovia
2560,pdc_realizado_designado,0.00304537278643551,0.00304537278643551,2611606,way/762896714,Ciclovia Graça Araújo,Ciclovia,Ciclovia
2561,pdc_realizado_designado,0.03214221009346434,0.03214221009346434,2611606,way/1010830123,Ciclovia Graça Araújo,Ciclovia,Ciclovia
2562,pdc_realizado_nao_designado,0.05489662834305516,0.05489662834305516,2611606,way/128124232,Rua Artur Lima Cavalcante,Ciclovia,Ciclofaixa
2563,pdc_nao_realizado,0.37815200910666424,0.37815200910666424,2611606,way/128124233,Rua Artur Lima Cavalcante,Ciclovia,none
2564,pdc_realizado_nao_designado,0.31964578333805155,0.31964578333805155,2611606,way/573648855,Rua Artur Lima Cavalcante,Ciclovia,Ciclofaixa
2565,pdc_nao_realizado,0.35303269448886565,0.35303269448886565,2611606,way/174872233,Rua Mário Sete,Ciclovia,none
2566,pdc_nao_realizado,0.16402945492739376,0.16402945492739376,2611606,way/222825616,Rua Mário Sete,Ciclovia,none
2567,pdc_nao_realizado,0.09840007080886895,0.09840007080886895,2611606,way/321561997,Rua Luís Avelino de Andrade,Ciclovia,none
2568,pdc_nao_realizado,0.09802792256640555,0.09802792256640555,2611606,way/533282105,Rua Doutor Machado,Ciclovia,none
2569,pdc_nao_realizado,0.06912705154407293,0.06912705154407293,2611606,way/646641802,Rua Mário Sete,Ciclovia,none
2570,pdc_nao_realizado,0.11127205922446412,0.11127205922446412,2611606,way/753056343,Rua Marquês de Baipendi,Ciclovia,none
2571,pdc_nao_realizado,0.04271159815931378,0.04271159815931378,2611606,way/1183583004,Rua Marquês de Baipendi,Ciclovia,none
2572,pdc_nao_realizado,0.2333675177482639,0.2333675177482639,2611606,way/1183583019,Rua Oliveira Fonseca,Ciclovia,none
2573,pdc_nao_realizado,0.008401557983679666,0.008401557983679666,2611606,way/1183583026,Rua Marquês de Baipendi,Ciclovia,none
2574,pdc_nao_realizado,0.26787529912682356,0.26787529912682356,2611606,way/139040697,Rua São Caetano,Ciclovia,none
2575,pdc_nao_realizado,0.4823034511680516,0.4823034511680516,2611606,way/174870222,Rua São Caetano,Ciclovia,none
2576,pdc_nao_realizado,0.012015251134729095,0.012015251134729095,2611606,way/1183844232,Estrada de Belém,Ciclovia,none
2577,pdc_realizado_nao_designado,0.2200879342588396,0.2200879342588396,2611606,way/140479112,Rua Couto Magalhães,Ciclovia,Ciclofaixa Compartilhada
2578,pdc_realizado_nao_designado,0.02989859225622101,0.02989859225622101,2611606,way/966029959,Rua José Alexandre Caçador,Ciclovia,Ciclofaixa Compartilhada
2579,pdc_nao_realizado,0.06805254808592875,0.06805254808592875,2611606,way/135145844,Avenida Engenheiro Agamenon de Magalhães Melo,Ciclovia,none
2580,pdc_nao_realizado,0.42685400850540584,0.42685400850540584,2611606,way/135145846,Avenida Engenheiro Agamenon de Magalhães Melo,Ciclovia,none
2581,pdc_nao_realizado,0.053207745346504874,0.053207745346504874,2611606,way/135145847,Avenida Engenheiro Agamenon de Magalhães Melo,Ciclovia,none
2582,pdc_nao_realizado,0.004420436180643401,0.004420436180643401,2611606,way/132399631,Estrada Velha de Água Fria,Ciclovia,none
2583,pdc_nao_realizado,0.007854078762083789,0.007854078762083789,2611606,way/135138773,Estrada Velha de Água Fria,Ciclovia,none
2584,pdc_nao_realizado,0.007845167410686478,0.007845167410686478,2611606,way/135138774,Estrada Velha de Água Fria,Ciclovia,none
2585,pdc_nao_realizado,0.005215299599382443,0.005215299599382443,2611606,way/135138775,Estrada Velha de Água Fria,Ciclovia,none
2586,pdc_realizado_nao_designado,0.14911879322635843,0.14911879322635843,2611606,way/135138776,Estrada Velha de Água Fria,Ciclovia,Ciclofaixa
2587,pdc_nao_realizado,0.009498021597029876,0.009498021597029876,2611606,way/142610161,Estrada Velha de Água Fria,Ciclovia,none
2588,pdc_nao_realizado,0.341958394963182,0.341958394963182,2611606,way/142610164,Estrada Velha de Água Fria,Ciclovia,none
2589,pdc_nao_realizado,0.025442504714740317,0.025442504714740317,2611606,way/317313980,Estrada Velha de Água Fria,Ciclovia,none
2590,pdc_nao_realizado,0.1917517542976541,0.1917517542976541,2611606,way/317313981,Estrada Velha de Água Fria,Ciclovia,none
2591,pdc_realizado_nao_designado,0.015658747843989972,0.015658747843989972,2611606,way/475326170,Rotatória de Água Fria,Ciclovia,Ciclofaixa Compartilhada
2592,pdc_realizado_nao_designado,0.005646642812905411,0.005646642812905411,2611606,way/753963898,Rotatória de Água Fria,Ciclovia,Ciclofaixa Compartilhada
2593,pdc_realizado_nao_designado,0.004943261339050579,0.004943261339050579,2611606,way/824376340,Rotatória de Água Fria,Ciclovia,Ciclofaixa Compartilhada
2594,pdc_realizado_nao_designado,0.1788409050269982,0.1788409050269982,2611606,way/824376343,Avenida Beberibe,Ciclovia,Ciclofaixa Compartilhada
2595,pdc_realizado_nao_designado,0.15121329220158325,0.15121329220158325,2611606,way/836834977,Estrada Velha de Água Fria,Ciclovia,Ciclofaixa
2596,pdc_nao_realizado,0.0046810366780694335,0.0046810366780694335,2611606,way/863027567,Estrada Velha de Água Fria,Ciclovia,none
2597,pdc_nao_realizado,0.004625456350811449,0.004625456350811449,2611606,way/966017700,Estrada Velha de Água Fria,Ciclovia,none
2598,pdc_nao_realizado,0.29029243683473127,0.29029243683473127,2609600,way/377679189,Avenida Canal,Ciclovia,none
2599,pdc_nao_realizado,0.22321063854271592,0.22321063854271592,2609600,way/696058426,,Ciclovia,none
2600,pdc_nao_realizado,0.17469858531582522,0.17469858531582522,2609600,way/717004392,Avenida Canal,Ciclovia,none
2601,pdc_nao_realizado,0.03012293071461009,0.03012293071461009,2609600,way/965972973,,Ciclovia,none
2602,pdc_nao_realizado,0.16045587412278162,0.16045587412278162,2609600,way/1183820105,Avenida Canal,Ciclovia,none
2603,pdc_nao_realizado,0.37247824700288695,0.37247824700288695,2609600,way/1183820106,Avenida Canal,Ciclovia,none
2604,pdc_nao_realizado,0.19406524309897416,0.19406524309897416,2609600,way/88197917,Rua Cônego Xavier Pedrosa,Ciclovia,none
2605,pdc_nao_realizado,0.30103600848693285,0.30103600848693285,2609600,way/135488992,Avenida Conselheiro Antônio Carlos Ferreira,Ciclovia,none
2606,pdc_nao_realizado,0.24621376552558114,0.24621376552558114,2609600,way/136157977,Avenida Brasília,Ciclovia,none
2607,pdc_nao_realizado,0.22229662360575,0.22229662360575,2609600,way/136372468,Avenida Brasília,Ciclovia,none
2608,pdc_nao_realizado,0.0778984727953744,0.0778984727953744,2609600,way/686750357,Avenida Conselheiro Antônio Carlos Ferreira,Ciclovia,none
2609,pdc_nao_realizado,0.10218454068838459,0.10218454068838459,2609600,way/716007897,Avenida Brasília,Ciclovia,none
2610,pdc_nao_realizado,0.021502215073612805,0.021502215073612805,2609600,way/716007898,Avenida Brasília,Ciclovia,none
2611,pdc_nao_realizado,0.10703596306087713,0.10703596306087713,2609600,way/752945167,Rua Cônego Xavier Pedrosa,Ciclovia,none
2612,pdc_nao_realizado,0.015045311995517464,0.015045311995517464,2609600,way/967617150,Avenida Brasília,Ciclovia,none
2613,pdc_nao_realizado,0.12671540914928406,0.12671540914928406,2609600,way/969857672,Avenida Brasília,Ciclovia,none
2614,pdc_nao_realizado,0.03526483778654691,0.03526483778654691,2609600,way/104589672,Avenida Doutor Joaquim Nabuco,Ciclovia,none
2615,pdc_nao_realizado,0.05815096965529421,0.05815096965529421,2609600,way/104589676,Avenida Doutor Joaquim Nabuco,Ciclovia,none
2616,pdc_nao_realizado,0.7096692189442458,0.7096692189442458,2609600,way/104592948,Avenida Doutor Joaquim Nabuco,Ciclovia,none
2617,pdc_nao_realizado,0.11041508331258718,0.11041508331258718,2609600,way/128145885,Avenida Doutor Joaquim Nabuco,Ciclovia,none
2618,pdc_nao_realizado,0.08053410731560469,0.08053410731560469,2609600,way/351003682,Avenida Doutor Joaquim Nabuco,Ciclovia,none
2619,pdc_nao_realizado,0.2942615238471613,0.2942615238471613,2609600,way/698310073,Avenida Doutor Joaquim Nabuco,Ciclovia,none
2620,pdc_nao_realizado,0.2077542256620875,0.2077542256620875,2609600,way/710577883,Avenida Doutor Joaquim Nabuco,Ciclovia,none
2621,pdc_nao_realizado,0.03831682884689683,0.03831682884689683,2609600,way/713557320,Avenida Doutor Joaquim Nabuco,Ciclovia,none
2622,pdc_nao_realizado,0.07067186477260869,0.07067186477260869,2609600,way/128476739,,Ciclovia,none
2623,pdc_nao_realizado,0.011240868543711228,0.011240868543711228,2609600,way/129036387,Avenida Pan Nordestina,Ciclovia,none
2624,pdc_nao_realizado,0.02263952605534339,0.02263952605534339,2609600,way/129036391,Avenida Pan Nordestina,Ciclovia,none
2625,pdc_nao_realizado,0.22102261321629835,0.22102261321629835,2609600,way/129036392,Avenida Pan Nordestina,Ciclovia,none
2626,pdc_nao_realizado,0.22972333543342824,0.22972333543342824,2609600,way/129036403,Avenida Pan Nordestina,Ciclovia,none
2627,pdc_nao_realizado,0.145739019273837,0.145739019273837,2609600,way/171980813,Avenida Pan Nordestina,Ciclovia,none
2628,pdc_nao_realizado,0.239147759193876,0.239147759193876,2609600,way/171980814,Avenida Pan Nordestina,Ciclovia,none
2629,pdc_nao_realizado,0.18082549564089462,0.18082549564089462,2609600,way/171980815,Avenida Pan Nordestina,Ciclovia,none
2630,pdc_nao_realizado,0.021094843971491965,0.021094843971491965,2609600,way/351003684,Avenida Doutor Joaquim Nabuco,Ciclovia,none
2631,pdc_nao_realizado,0.10136444686295044,0.10136444686295044,2609600,way/368075237,Avenida Pan Nordestina,Ciclovia,none
2632,pdc_nao_realizado,0.038401355039873325,0.038401355039873325,2609600,way/728925857,Avenida Pan Nordestina,Ciclovia,none
2633,pdc_nao_realizado,0.020707950529434777,0.020707950529434777,2609600,way/728925858,Avenida Pan Nordestina,Ciclovia,none
2634,pdc_nao_realizado,0.0030127059483989003,0.0030127059483989003,2609600,way/776520980,,Ciclovia,none
2635,pdc_nao_realizado,0.06557335647385018,0.06557335647385018,2609600,way/776520981,,Ciclovia,none
2636,pdc_nao_realizado,0.012209093529878224,0.012209093529878224,2609600,way/776520989,,Ciclovia,none
2637,pdc_nao_realizado,0.07457047474817337,0.07457047474817337,2609600,way/776520990,,Ciclovia,none
2638,pdc_nao_realizado,0.09517540265596118,0.09517540265596118,2609600,way/821123743,,Ciclovia,none
2639,pdc_nao_realizado,0.021238539905168892,0.021238539905168892,2609600,way/967630551,Avenida Pan Nordestina,Ciclovia,none
2640,pdc_nao_realizado,0.3241414539730181,0.3241414539730181,2609600,way/102727311,Avenida Pan Nordestina,Ciclovia,none
2641,pdc_nao_realizado,0.34483509097429826,0.34483509097429826,2609600,way/168233236,Avenida Pan Nordestina,Ciclovia,none
2642,pdc_nao_realizado,0.30400951013735883,0.30400951013735883,2609600,way/346091605,Avenida Pan Nordestina,Ciclovia,none
2643,pdc_nao_realizado,0.08528518353612569,0.08528518353612569,2609600,way/393512014,Avenida Pan Nordestina,Ciclovia,none
2644,pdc_nao_realizado,0.1043025403968483,0.1043025403968483,2609600,way/393522230,Avenida Pan Nordestina,Ciclovia,none
2645,pdc_nao_realizado,0.09879146262040331,0.09879146262040331,2609600,way/393522231,Avenida Pan Nordestina,Ciclovia,none
2646,pdc_nao_realizado,0.20939524230739942,0.20939524230739942,2609600,way/393522232,Avenida Pan Nordestina,Ciclovia,none
2647,pdc_nao_realizado,0.13098048766993797,0.13098048766993797,2609600,way/393522233,Avenida Pan Nordestina,Ciclovia,none
2648,pdc_nao_realizado,0.022985509624663558,0.022985509624663558,2609600,way/393542332,Rua Amedoim,Ciclovia,none
2649,pdc_nao_realizado,0.157971804016586,0.157971804016586,2609600,way/393542336,Rua Amedoim,Ciclovia,none
2650,pdc_nao_realizado,0.08769761981101326,0.08769761981101326,2609600,way/393543052,Rua Amedoim,Ciclovia,none
2651,pdc_nao_realizado,0.17686366319004918,0.17686366319004918,2609600,way/393543053,Avenida Pan Nordestina,Ciclovia,none
2652,pdc_nao_realizado,0.041594547952790106,0.041594547952790106,2609600,way/593537126,,Ciclovia,none
2653,pdc_nao_realizado,0.038156702792944946,0.038156702792944946,2609600,way/593537127,,Ciclovia,none
2654,pdc_nao_realizado,0.02427122890699188,0.02427122890699188,2609600,way/691452066,,Ciclovia,none
2655,pdc_nao_realizado,0.07385557185213404,0.07385557185213404,2609600,way/691452067,Avenida Pan Nordestina,Ciclovia,none
2656,pdc_nao_realizado,0.12770264462671693,0.12770264462671693,2609600,way/714144610,Avenida Pan Nordestina,Ciclovia,none
2657,pdc_nao_realizado,0.0243438496006805,0.0243438496006805,2609600,way/714148342,Avenida Pan Nordestina,Ciclovia,none
2658,pdc_nao_realizado,0.16643368706393774,0.16643368706393774,2609600,way/717384289,Avenida Doutor Joaquim Nabuco,Ciclovia,none
2659,pdc_nao_realizado,0.012625192909050923,0.012625192909050923,2609600,way/717384290,Avenida Doutor Joaquim Nabuco,Ciclovia,none
2660,pdc_nao_realizado,0.01793825945162849,0.01793825945162849,2609600,way/717384291,Avenida Doutor Joaquim Nabuco,Ciclovia,none
2661,pdc_nao_realizado,0.12857127539587374,0.12857127539587374,2609600,way/791175343,Avenida Pan Nordestina,Ciclovia,none
2662,pdc_nao_realizado,0.044335734017722915,0.044335734017722915,2609600,way/967682508,Avenida Pan Nordestina,Ciclovia,none
2663,pdc_nao_realizado,0.06546508738412961,0.06546508738412961,2609600,way/967683094,Avenida Pan Nordestina,Ciclovia,none
2664,pdc_nao_realizado,0.04043216996550687,0.04043216996550687,2609600,way/967978916,Avenida Pan Nordestina,Ciclovia,none
2665,pdc_nao_realizado,0.05125635756259231,0.05125635756259231,2609600,way/1265659707,Avenida Pan Nordestina,Ciclovia,none
2666,pdc_nao_realizado,0.05055799929076292,0.05055799929076292,2609600,way/51337031,Rua São Miguel,Ciclovia,none
2667,pdc_nao_realizado,0.31184807908415396,0.31184807908415396,2609600,way/128012491,Rua São Miguel,Ciclovia,none
2668,pdc_nao_realizado,0.052092730012570684,0.052092730012570684,2609600,way/128012492,Avenida Luís Gomes,Ciclovia,none
2669,pdc_nao_realizado,0.04475222317591732,0.04475222317591732,2609600,way/535371706,,Ciclovia,none
2670,pdc_nao_realizado,0.3053827228208262,0.3053827228208262,2609600,way/710577862,Avenida Governador Carlos de Lima Cavalcante,Ciclovia,none
2671,pdc_nao_realizado,0.08335482013104645,0.08335482013104645,2609600,way/710577877,Rua São Miguel,Ciclovia,none
2672,pdc_nao_realizado,0.028791747873369907,0.028791747873369907,2609600,way/710577878,Rua São Miguel,Ciclovia,none
2673,pdc_nao_realizado,0.2797502553504313,0.2797502553504313,2609600,way/714146988,Avenida Governador Carlos de Lima Cavalcante,Ciclovia,none
2674,pdc_nao_realizado,0.0291277443724427,0.0291277443724427,2609600,way/771933585,Avenida Governador Carlos de Lima Cavalcante,Ciclovia,none
2675,pdc_nao_realizado,0.030632098411781033,0.030632098411781033,2609600,way/771933586,Avenida Governador Carlos de Lima Cavalcante,Ciclovia,none
2676,pdc_nao_realizado,0.07780965795634585,0.07780965795634585,2609600,way/966801629,Avenida Governador Carlos de Lima Cavalcante,Ciclovia,none
2677,pdc_nao_realizado,0.0767384564339139,0.0767384564339139,2609600,way/966813809,Rua São Miguel,Ciclovia,none
2678,pdc_nao_realizado,0.0523161100558691,0.0523161100558691,2609600,way/966813810,Rua São Miguel,Ciclovia,none
2679,pdc_nao_realizado,0.05640621039697973,0.05640621039697973,2609600,way/966813811,Rua São Miguel,Ciclovia,none
2680,pdc_nao_realizado,0.13394517233083236,0.13394517233083236,2609600,way/966813812,Rua São Miguel,Ciclovia,none
2681,pdc_nao_realizado,0.06754258606415062,0.06754258606415062,2609600,way/1183583034,Avenida Governador Carlos de Lima Cavalcante,Ciclovia,none
2682,pdc_nao_realizado,0.03183272239936519,0.03183272239936519,2609600,way/1183583036,Avenida Chico Science,Ciclovia,none
2683,pdc_nao_realizado,0.0374870251084784,0.0374870251084784,2609600,way/131355236,Avenida Senador Nilo Coelho,Ciclovia,none
2684,pdc_nao_realizado,0.016642374220717848,0.016642374220717848,2609600,way/131355305,Avenida Senador Nilo Coelho,Ciclovia,none
2685,pdc_nao_realizado,0.03172180588991363,0.03172180588991363,2609600,way/131355307,Avenida Senador Nilo Coelho,Ciclovia,none
2686,pdc_nao_realizado,0.6972715952142401,0.6972715952142401,2609600,way/698129092,Avenida Senador Nilo Coelho,Ciclovia,none
2687,pdc_nao_realizado,0.4788774342215076,0.4788774342215076,2609600,way/738694574,Avenida Senador Nilo Coelho,Ciclovia,none
2688,pdc_nao_realizado,0.3696109526522256,0.3696109526522256,2609600,way/739094548,Avenida Senador Nilo Coelho,Ciclovia,none
2689,pdc_nao_realizado,0.24981971769892714,0.24981971769892714,2609600,way/128013800,Avenida Senador Nilo Coelho,Ciclovia,none
2690,pdc_nao_realizado,0.25203879665207796,0.25203879665207796,2609600,way/128013801,Avenida Senador Nilo Coelho,Ciclovia,none
2691,pdc_nao_realizado,2.034589159334962,2.034589159334962,2609600,way/480028923,Avenida Senador Nilo Coelho,Ciclovia,none
2692,pdc_nao_realizado,0.2229796708177794,0.2229796708177794,2609600,way/739090506,Avenida Senador Nilo Coelho,Ciclovia,none
2693,pdc_nao_realizado,0.2385963785640791,0.2385963785640791,2610707,way/138531844,Avenida Brasil,Ciclovia,none
2694,pdc_nao_realizado,0.1932473778794102,0.1932473778794102,2610707,way/138531855,Avenida Brasil,Ciclovia,none
2695,pdc_nao_realizado,2.0905874407931915,2.0905874407931915,2610707,way/138531858,Avenida Brasil,Ciclovia,none
2696,pdc_nao_realizado,0.058689218225399645,0.058689218225399645,2610707,way/1183583043,Avenida Brasil,Ciclovia,none
2697,pdc_nao_realizado,0.39139472003845277,0.39139472003845277,2611606,way/222820922,Rua do Canavial,Ciclovia,none
2698,pdc_nao_realizado,0.44581093655418325,0.44581093655418325,2609600,way/222827102,Avenida Beira Rio,Ciclovia,none
2699,pdc_nao_realizado,0.01113259712522071,0.01113259712522071,2611606,way/317314008,Avenida Hildebrando de Vasconcelos,Ciclovia,none
2700,pdc_realizado_nao_designado,0.09967335568265485,0.09967335568265485,2611606,way/377679152,Rua General Labatut,Ciclovia,Ciclofaixa
2701,pdc_nao_realizado,0.49267025033844025,0.49267025033844025,2611606,way/452349345,Rua Bacharel Severino Torres Galindo do Nascimento,Ciclovia,none
2702,pdc_nao_realizado,0.23614720022832272,0.23614720022832272,2609600,way/575167438,Avenida Beira Rio,Ciclovia,none
2703,pdc_nao_realizado,0.0191325470465592,0.0191325470465592,2611606,way/582306395,,Ciclovia,none
2704,pdc_realizado_nao_designado,0.1502683900451371,0.1502683900451371,2611606,way/642397265,Rua Recanto do Rio,Ciclovia,Ciclofaixa
2705,pdc_nao_realizado,0.006849892261058144,0.006849892261058144,2611606,way/771687062,,Ciclovia,none
2706,pdc_nao_realizado,0.007178343316521749,0.007178343316521749,2609600,way/771687063,,Ciclovia,none
2707,pdc_nao_realizado,0.012320968405063238,0.012320968405063238,2611606,way/773098929,Avenida Hildebrando de Vasconcelos,Ciclovia,none
2708,pdc_realizado_nao_designado,0.12347342314435786,0.12347342314435786,2611606,way/773833908,Primeira Travessa Doutor Luiz Ramos Leal,Ciclovia,Ciclofaixa
2709,pdc_realizado_nao_designado,0.31190918043508953,0.31190918043508953,2611606,way/823189911,Avenida Marginal,Ciclovia,Ciclofaixa
2710,pdc_realizado_nao_designado,0.5724554086134747,0.5724554086134747,2611606,way/823189932,Rua Bacharel Severino Torres Galindo do Nascimento,Ciclovia,Ciclofaixa
2711,pdc_nao_realizado,0.006936703707002008,0.006936703707002008,2611606,way/967679254,Avenida Hildebrando de Vasconcelos,Ciclovia,none
2712,pdc_nao_realizado,0.08886198341761219,0.08886198341761219,2609600,way/1099637058,Rua Santa Luzia,Ciclovia,none
2713,pdc_nao_realizado,0.006963299036383535,0.006963299036383535,2611606,way/1165572572,Avenida Hildebrando de Vasconcelos,Ciclovia,none
2714,pdc_nao_realizado,0.0029521084796884285,0.0029521084796884285,2609600,way/1183583001,,Ciclovia,none
2715,pdc_realizado_nao_designado,0.16940310840492534,0.16940310840492534,2611606,way/1352837590,Avenida Marginal,Ciclovia,Ciclofaixa
2716,pdc_nao_realizado,0.02484942252587837,0.02484942252587837,2609600,way/142556143,Estrada de Aguazinha,Ciclovia,none
2717,pdc_nao_realizado,0.906295625201625,0.906295625201625,2609600,way/377673437,Rua Bogotá,Ciclovia,none
2718,pdc_nao_realizado,0.2763729484319611,0.2763729484319611,2609600,way/911242960,,Ciclovia,none
2719,pdc_nao_realizado,0.161542148461901,0.161542148461901,2609600,way/966578985,Rua Bogotá,Ciclovia,none
2720,pdc_nao_realizado,0.019686737279343378,0.019686737279343378,2609600,way/1183583049,,Ciclovia,none
2721,pdc_nao_realizado,0.21306281180083758,0.21306281180083758,2609600,way/142640205,Estrada do Caenga,Ciclovia,none
2722,pdc_nao_realizado,0.0215241096081284,0.0215241096081284,2611606,way/142640560,Ponte da Convenção,Ciclovia,none
2723,pdc_nao_realizado,0.017647763490678873,0.017647763490678873,2611606,way/617216878,Rua Uriel de Holanda,Ciclovia,none
2724,pdc_nao_realizado,0.3278226158215158,0.3278226158215158,2609600,way/739094567,Estrada do Caenga,Ciclovia,none
2725,pdc_nao_realizado,0.05739699403076392,0.05739699403076392,2609600,way/128349152,,Ciclovia,none
2726,pdc_nao_realizado,0.4728284401483877,0.4728284401483877,2609600,way/130360081,Avenida Chico Science,Ciclovia,none
2727,pdc_nao_realizado,0.01782211899226291,0.01782211899226291,2609600,way/131464441,,Ciclovia,none
2728,pdc_nao_realizado,0.5764937117066722,0.5764937117066722,2609600,way/351305453,Avenida Chico Science,Ciclovia,none
2729,pdc_nao_realizado,0.03930226987809675,0.03930226987809675,2609600,way/393542330,,Ciclovia,none
2730,pdc_nao_realizado,0.043454524383284135,0.043454524383284135,2609600,way/393542334,Avenida Chico Science,Ciclovia,none
2731,pdc_nao_realizado,0.006623045419592091,0.006623045419592091,2609600,way/728912007,Avenida Chico Science,Ciclovia,none
2732,pdc_nao_realizado,0.006337183896528208,0.006337183896528208,2609600,way/728912008,Avenida Chico Science,Ciclovia,none
2733,pdc_nao_realizado,0.0036812679405238964,0.0036812679405238964,2609600,way/771933584,Rua Coronel Alberto Lundgren,Ciclovia,none
2734,pdc_nao_realizado,0.43562436454479353,0.43562436454479353,2609600,way/127854425,Avenida Romeu Jacobino de Figueiredo,Ciclovia,none
2735,pdc_nao_realizado,0.08245927218400169,0.08245927218400169,2609600,way/127854560,Avenida Argentina Castelo Branco,Ciclovia,none
2736,pdc_nao_realizado,0.5511829135115022,0.5511829135115022,2609600,way/127854561,Rua Assaí,Ciclovia,none
2737,pdc_nao_realizado,0.035598729998849665,0.035598729998849665,2609600,way/127856052,Avenida Romeu Jacobino de Figueiredo,Ciclovia,none
2738,pdc_nao_realizado,0.15768966294872458,0.15768966294872458,2609600,way/128013946,Rua Peixe Agulha,Ciclovia,none
2739,pdc_nao_realizado,0.6548312470439372,0.6548312470439372,2609600,way/128160371,Rua Peixe Agulha,Ciclovia,none
2740,pdc_nao_realizado,0.14046352303443896,0.14046352303443896,2609600,way/128321989,Rua Puma,Ciclovia,none
2741,pdc_nao_realizado,0.22036972791311496,0.22036972791311496,2609600,way/128327458,Avenida Argentina Castelo Branco,Ciclovia,none
2742,pdc_nao_realizado,0.09112734172618794,0.09112734172618794,2609600,way/714222417,Avenida Argentina Castelo Branco,Ciclovia,none
2743,pdc_nao_realizado,0.09132819402920679,0.09132819402920679,2609600,way/714222418,Avenida Argentina Castelo Branco,Ciclovia,none
2744,pdc_nao_realizado,0.062354008812128124,0.062354008812128124,2609600,way/715999575,Avenida Argentina Castelo Branco,Ciclovia,none
2745,pdc_nao_realizado,0.028766408199448344,0.028766408199448344,2609600,way/778869530,Avenida Romeu Jacobino de Figueiredo,Ciclovia,none
2746,pdc_realizado_nao_designado,3.5928260534513154,3.5928260534513154,2609600,way/359248059,Avenida Beira Mar,Ciclovia,Ciclofaixa
2747,pdc_nao_realizado,0.19270346841214273,0.19270346841214273,2609600,way/359248596,Avenida Beira Mar,Ciclovia,none
2748,pdc_nao_realizado,0.061838439890820655,0.061838439890820655,2609600,way/713557982,Avenida Beira Mar,Ciclovia,none
2749,pdc_nao_realizado,0.04595509158801547,0.04595509158801547,2610707,way/144357703,Ponte do Janga,Ciclovia,none
2750,pdc_nao_realizado,0.08442219095822255,0.08442219095822255,2609600,way/533060319,Avenida Governador Carlos de Lima Cavalcanti,Ciclovia,none
2751,pdc_nao_realizado,0.2084695884569586,0.2084695884569586,2610707,way/715623016,Avenida Doutor Cláudio José Gueiros Leite,Ciclovia,none
2752,pdc_nao_realizado,0.02105562101610226,0.02105562101610226,2610707,way/728918141,Avenida Doutor Cláudio José Gueiros Leite,Ciclovia,none
2753,pdc_nao_realizado,1.616519425163726,1.616519425163726,2610707,way/728918142,Avenida Doutor Cláudio José Gueiros Leite,Ciclovia,none
2754,pdc_nao_realizado,0.08427463874453293,0.08427463874453293,2609600,way/734502896,Avenida Governador Carlos de Lima Cavalcanti,Ciclovia,none
2755,pdc_nao_realizado,0.20399041799996795,0.20399041799996795,2610707,way/734502897,Avenida Doutor Cláudio José Gueiros Leite,Ciclovia,none
2756,pdc_nao_realizado,0.046546749336685206,0.046546749336685206,2610707,way/734502898,Ponte do Janga,Ciclovia,none
2757,pdc_nao_realizado,0.11486524219168887,0.11486524219168887,2609600,way/734502899,Avenida Governador Carlos de Lima Cavalcanti,Ciclovia,none
2758,pdc_nao_realizado,0.0763481829996826,0.0763481829996826,2610707,way/734502900,Avenida Doutor Cláudio José Gueiros Leite,Ciclovia,none
2759,pdc_nao_realizado,0.06578601961193507,0.06578601961193507,2610707,way/966584044,Avenida Doutor Cláudio José Gueiros Leite,Ciclovia,none
2760,pdc_nao_realizado,0.015368149050585327,0.015368149050585327,2610707,way/966584045,Avenida Doutor Cláudio José Gueiros Leite,Ciclovia,none
2761,pdc_nao_realizado,0.30198247036261194,0.30198247036261194,2610707,way/1183583040,Avenida Doutor Cláudio José Gueiros Leite,Ciclovia,none
2762,pdc_nao_realizado,0.057861685201902595,0.057861685201902595,2609600,way/134101982,Avenida Coronel Frederico Lundgren,Ciclovia,none
2763,pdc_nao_realizado,0.020136256862232273,0.020136256862232273,2609600,way/134101983,Avenida Coronel Frederico Lundgren,Ciclovia,none
2764,pdc_nao_realizado,0.2106829251163692,0.2106829251163692,2609600,way/134101986,Avenida Coronel Frederico Lundgren,Ciclovia,none
2765,pdc_nao_realizado,0.014987032751639671,0.014987032751639671,2609600,way/134102321,Avenida Coronel Frederico Lundgren,Ciclovia,none
2766,pdc_nao_realizado,0.3857756921286862,0.3857756921286862,2609600,way/138531846,Avenida Brasil,Ciclovia,none
2767,pdc_nao_realizado,0.34803565933919134,0.34803565933919134,2609600,way/138531851,Avenida Coronel Frederico Lundgren,Ciclovia,none
2768,pdc_nao_realizado,0.1655846478039172,0.1655846478039172,2609600,way/138531860,Avenida Brasil,Ciclovia,none
2769,pdc_nao_realizado,0.1345455917943193,0.1345455917943193,2609600,way/342772111,Avenida Coronel Frederico Lundgren,Ciclovia,none
2770,pdc_nao_realizado,0.05681851020379197,0.05681851020379197,2609600,way/342772115,Avenida Coronel Frederico Lundgren,Ciclovia,none
2771,pdc_nao_realizado,0.24527775849193456,0.24527775849193456,2609600,way/713698028,Avenida Coronel Frederico Lundgren,Ciclovia,none
2772,pdc_nao_realizado,0.008538909819291632,0.008538909819291632,2609600,way/738615954,Avenida Brasil,Ciclovia,none
2773,pdc_nao_realizado,0.3127394960782885,0.3127394960782885,2609600,way/816364154,Avenida Coronel Frederico Lundgren,Ciclovia,none
2774,pdc_nao_realizado,0.02845297959201456,0.02845297959201456,2609600,way/816364181,Avenida Coronel Frederico Lundgren,Ciclovia,none
2775,pdc_nao_realizado,0.49387088175847477,0.49387088175847477,2609600,way/816364182,Avenida Brasil,Ciclovia,none
2776,pdc_nao_realizado,0.32200560620095375,0.32200560620095375,2609600,way/816364184,Avenida Brasil,Ciclovia,none
2777,pdc_nao_realizado,0.025178055827611942,0.025178055827611942,2609600,way/966828129,Avenida Coronel Frederico Lundgren,Ciclovia,none
2778,pdc_nao_realizado,0.040696904803873696,0.040696904803873696,2609600,way/128312076,Rua José Alexandre de Carvalho,Ciclovia,none
2779,pdc_nao_realizado,0.38827134183240497,0.38827134183240497,2609600,way/128351002,Rua José Alexandre de Carvalho,Ciclovia,none
2780,pdc_nao_realizado,0.13193970040943434,0.13193970040943434,2609600,way/129017577,Avenida Coronel João Melo Moraes,Ciclovia,none
2781,pdc_nao_realizado,0.5949111090537331,0.5949111090537331,2609600,way/132777023,Rua Professor Olímpio Magalhães,Ciclovia,none
2782,pdc_nao_realizado,0.16533106933374297,0.16533106933374297,2609600,way/136796120,Avenida Beira Rio,Ciclovia,none
2783,pdc_nao_realizado,0.6948148886540684,0.6948148886540684,2609600,way/139206205,Rua Riachuelo,Ciclovia,none
2784,pdc_nao_realizado,0.10903529373610073,0.10903529373610073,2609600,way/140129947,Travessa Olímpio Ferreira Chaves,Ciclovia,none
2785,pdc_nao_realizado,0.021552653870366367,0.021552653870366367,2609600,way/142662092,Rua Nilson Sabino Pinho,Ciclovia,none
2786,pdc_nao_realizado,0.1353845148205604,0.1353845148205604,2609600,way/142662093,Rua Professor Fernando César de Andrade,Ciclovia,none
2787,pdc_nao_realizado,0.005553912964700226,0.005553912964700226,2609600,way/377665932,Rua Ave Lira,Ciclovia,none
2788,pdc_nao_realizado,0.05579200878179363,0.05579200878179363,2609600,way/655998212,Rua Ave Lira,Ciclovia,none
2789,pdc_nao_realizado,0.018590790878305417,0.018590790878305417,2609600,way/656120790,Avenida Beira Rio,Ciclovia,none
2790,pdc_nao_realizado,0.07568419547939682,0.07568419547939682,2609600,way/656120791,,Ciclovia,none
2791,pdc_nao_realizado,0.029188307819395687,0.029188307819395687,2609600,way/661986198,Avenida Beira Rio,Ciclovia,none
2792,pdc_nao_realizado,0.09778275062735066,0.09778275062735066,2609600,way/713230791,Rua Regina Lacerda,Ciclovia,none
2793,pdc_nao_realizado,0.04649502609940131,0.04649502609940131,2609600,way/715999983,Avenida Beira Rio,Ciclovia,none
2794,pdc_nao_realizado,0.2649795296975254,0.2649795296975254,2609600,way/732797516,Avenida Governador Carlos de Lima Cavalcanti,Ciclovia,none
2795,pdc_nao_realizado,0.17672972491579433,0.17672972491579433,2609600,way/733683502,Avenida Beira Rio,Ciclovia,none
2796,pdc_nao_realizado,0.4537538443443817,0.4537538443443817,2609600,way/733683503,Avenida Beira Rio,Ciclovia,none
2797,pdc_nao_realizado,0.10853878639265517,0.10853878639265517,2609600,way/816364150,Avenida Governador Carlos de Lima Cavalcanti,Ciclovia,none
2798,pdc_nao_realizado,0.8725337147278798,0.8725337147278798,2609600,way/816364152,Avenida Governador Carlos de Lima Cavalcanti,Ciclovia,none
2799,pdc_nao_realizado,0.11527551547369459,0.11527551547369459,2609600,way/918038823,,Ciclovia,none
2800,pdc_nao_realizado,0.004106956558255082,0.004106956558255082,2609600,way/966741860,Rua Professor Diogenes Fernandes Tavora,Ciclovia,none
2801,pdc_nao_realizado,0.03513855131538144,0.03513855131538144,2609600,way/966852599,Rua José Alexandre de Carvalho,Ciclovia,none
2802,pdc_nao_realizado,0.04831924866517783,0.04831924866517783,2609600,way/967661006,Avenida Governador Carlos de Lima Cavalcanti,Ciclovia,none
2803,pdc_nao_realizado,0.06534283185755903,0.06534283185755903,2609600,way/967661007,Avenida Governador Carlos de Lima Cavalcanti,Ciclovia,none
2804,pdc_nao_realizado,0.11589242464318322,0.11589242464318322,2609600,way/967661008,Avenida Governador Carlos de Lima Cavalcanti,Ciclovia,none
2805,pdc_nao_realizado,0.31693667215051824,0.31693667215051824,2609600,way/967886778,Rua Professor Olímpio Magalhães,Ciclovia,none
2806,pdc_nao_realizado,0.06889725150277028,0.06889725150277028,2609600,way/967932331,Avenida Governador Carlos de Lima Cavalcanti,Ciclovia,none
2807,pdc_nao_realizado,0.061128156895375665,0.061128156895375665,2609600,way/967979898,Avenida Coronel João Melo Moraes,Ciclovia,none
2808,pdc_nao_realizado,0.19316494670380366,0.19316494670380366,2609600,way/968242827,Avenida Governador Carlos de Lima Cavalcanti,Ciclovia,none
2809,pdc_nao_realizado,0.12461725211414591,0.12461725211414591,2609600,way/1183732743,Rua Carlos Leite Moreira,Ciclovia,none
2810,pdc_nao_realizado,0.07324060850263664,0.07324060850263664,2609600,way/1183732747,Rua Professor Diogenes Fernandes Tavora,Ciclovia,none
2811,pdc_nao_realizado,0.006844634035396541,0.006844634035396541,2609600,way/1183819261,Rua Nilson Sabino Pinho,Ciclovia,none
2812,pdc_nao_realizado,0.36770310521781646,0.36770310521781646,2609600,way/142657470,Rua Um,Ciclovia,none
2813,pdc_nao_realizado,0.4460408265289008,0.4460408265289008,2609600,way/142657471,Rua Fenelon Atico Leite,Ciclovia,none
2814,pdc_nao_realizado,0.18806656054372173,0.18806656054372173,2609600,way/142657472,Avenida Jules Rimet,Ciclovia,none
2815,pdc_nao_realizado,0.17084827434908295,0.17084827434908295,2609600,way/713707041,Rua Fenelon Átila Leite,Ciclovia,none
2816,pdc_nao_realizado,0.030308710925135627,0.030308710925135627,2609600,way/966828130,Avenida Jules Rimet,Ciclovia,none
2817,pdc_nao_realizado,0.025816944140366536,0.025816944140366536,2609600,way/966828131,,Ciclovia,none
2818,pdc_nao_realizado,0.608545198338127,0.608545198338127,2609600,way/128547128,Rua Coronel Alberto Lundgren,Ciclovia,none
2819,pdc_nao_realizado,0.08353795270527278,0.08353795270527278,2609600,way/129897138,Rua Coronel Alberto Lundgren,Ciclovia,none
2820,pdc_nao_realizado,0.08056494435271773,0.08056494435271773,2609600,way/966541436,Rua Coronel Alberto Lundgren,Ciclovia,none
2821,pdc_nao_realizado,0.08971143896914043,0.08971143896914043,2609600,way/131358635,Rua Alcina Coelho de Carvalho,Ciclovia,none
2822,pdc_nao_realizado,0.1722790551497209,0.1722790551497209,2609600,way/131358704,Rua Alcina Coelho de Carvalho,Ciclovia,none
2823,pdc_nao_realizado,0.08526517728965122,0.08526517728965122,2609600,way/967908295,Rua Alcina Coelho de Carvalho,Ciclovia,none
2824,pdc_nao_realizado,0.03540373520516957,0.03540373520516957,2609600,way/967931545,Rua Alcina Coelho de Carvalho,Ciclovia,none
2825,pdc_nao_realizado,0.2564174941677478,0.2564174941677478,2609600,way/967931547,Rua Alcina Coelho de Carvalho,Ciclovia,none
2826,pdc_nao_realizado,0.08434779059050913,0.08434779059050913,2609600,way/1181107169,Rua Alcina Coelho de Carvalho,Ciclovia,none
2827,pdc_nao_realizado,0.02031351453510011,0.02031351453510011,2609600,way/1181107170,Rua Alcina Coelho de Carvalho,Ciclovia,none
2828,pdc_nao_realizado,0.0604751708417466,0.0604751708417466,2609600,way/153234174,Avenida Tiradentes,Ciclovia,none
2829,pdc_nao_realizado,0.17866922334006435,0.17866922334006435,2609600,way/816364186,Avenida das Garças,Ciclovia,none
2830,pdc_nao_realizado,0.14563742411296238,0.14563742411296238,2609600,way/821123736,Avenida Tiradentes,Ciclovia,none
2831,pdc_nao_realizado,0.16184826421981263,0.16184826421981263,2609600,way/1082344589,Avenida das Garças,Ciclovia,none
2832,pdc_nao_realizado,0.08746886186694142,0.08746886186694142,2609600,way/142662121,Rua Joana D arc Sampaio,Ciclovia,none
2833,pdc_nao_realizado,0.35332617767358204,0.35332617767358204,2601052,way/240889269,Rua Doutor Armando Rabelo,Ciclovia,none
2834,pdc_nao_realizado,0.06534305791369635,0.06534305791369635,2601052,way/487076483,Avenida Duque de Caxias,Ciclovia,none
2835,pdc_nao_realizado,0.26353997165120097,0.26353997165120097,2601052,way/679549040,Avenida Duque de Caxias,Ciclovia,none
2836,pdc_nao_realizado,0.1100385951855666,0.1100385951855666,2601052,way/1182143763,Rua Antonio Carneiro,Ciclovia,none
2837,pdc_nao_realizado,0.19044090475628306,0.19044090475628306,2601052,way/113082365,Rua João Felipe de Barros,Ciclovia,none
2838,pdc_nao_realizado,0.06749885054159718,0.06749885054159718,2601052,way/240889818,Rua João Felipe de Barros,Ciclovia,none
2839,pdc_nao_realizado,0.08974727011904661,0.08974727011904661,2601052,way/591027760,Rua João Felipe de Barros,Ciclovia,none
2840,pdc_nao_realizado,0.019068641107300402,0.019068641107300402,2601052,way/780533791,Avenida João Pessoa Guerra,Ciclovia,none
2841,pdc_nao_realizado,0.4801731698544803,0.4801731698544803,2601052,way/780533792,Avenida João Pessoa Guerra,Ciclovia,none
2842,pdc_nao_realizado,0.022879458907927214,0.022879458907927214,2601052,way/780533793,Avenida João Pessoa Guerra,Ciclovia,none
2843,pdc_nao_realizado,0.43947070027991614,0.43947070027991614,2601052,way/780533796,Avenida João Pessoa Guerra,Ciclovia,none
2844,pdc_nao_realizado,0.359462566505755,0.359462566505755,2601052,way/113082368,Avenida Brasil,Ciclovia,none
2845,pdc_nao_realizado,0.2102104732744524,0.2102104732744524,2601052,way/306702718,Avenida Brasil,Ciclovia,none
2846,pdc_nao_realizado,0.16237111523698475,0.16237111523698475,2601052,way/113082369,Avenida Presidente Vargas,Ciclovia,none
2847,pdc_nao_realizado,0.22452147676346926,0.22452147676346926,2601052,way/240889771,Avenida Presidente Vargas,Ciclovia,none
2848,pdc_nao_realizado,0.046458816926349365,0.046458816926349365,2601052,way/487076486,Rua Bom Jesus,Ciclovia,none
2849,pdc_nao_realizado,0.06394864299587252,0.06394864299587252,2601052,way/1184013163,Rua Professora Josefa Aguiar,Ciclovia,none
2850,pdc_nao_realizado,0.12572224845759564,0.12572224845759564,2601052,way/1184013164,Rua Trinta e Um de Março,Ciclovia,none
2851,pdc_nao_realizado,0.08879709153458787,0.08879709153458787,2601052,way/1184013166,Avenida Presidente Vargas,Ciclovia,none
2852,pdc_nao_realizado,0.0464858615034319,0.0464858615034319,2601052,way/1184013189,Avenida Brasil,Ciclovia,none
2853,pdc_nao_realizado,0.01445782943753311,0.01445782943753311,2606804,way/31519590,,Ciclovia,none
2854,pdc_nao_realizado,0.025861003157965818,0.025861003157965818,2606804,way/128401208,Avenida Alfredo Bandeira de Melo,Ciclovia,none
2855,pdc_nao_realizado,0.022329518676937037,0.022329518676937037,2606804,way/128401211,Avenida Alfredo Bandeira de Melo,Ciclovia,none
2856,pdc_nao_realizado,0.19075145152540857,0.19075145152540857,2606804,way/128401214,,Ciclovia,none
2857,pdc_nao_realizado,0.004270773832443266,0.004270773832443266,2606804,way/128401216,Avenida Alfredo Bandeira de Melo,Ciclovia,none
2858,pdc_nao_realizado,0.07877051485303108,0.07877051485303108,2606804,way/128401217,Avenida Alfredo Bandeira de Melo,Ciclovia,none
2859,pdc_nao_realizado,0.6140575198512495,0.6140575198512495,2600054,way/128403016,Avenida Duque de Caxias,Ciclovia,none
2860,pdc_nao_realizado,0.016658075299676514,0.016658075299676514,2606804,way/128403020,Avenida Barão de Vera Cruz,Ciclovia,none
2861,pdc_nao_realizado,0.01521553184316986,0.01521553184316986,2606804,way/128403021,Avenida Barão de Vera Cruz,Ciclovia,none
2862,pdc_nao_realizado,0.18435354455266653,0.18435354455266653,2606804,way/128403024,Avenida Barão de Vera Cruz,Ciclovia,none
2863,pdc_nao_realizado,0.02703138970483718,0.02703138970483718,2606804,way/198991856,Avenida Alfredo Bandeira de Melo,Ciclovia,none
2864,pdc_nao_realizado,0.638335846299904,0.638335846299904,2606804,way/198991857,Avenida Alfredo Bandeira de Melo,Ciclovia,none
2865,pdc_nao_realizado,0.025558616325918364,0.025558616325918364,2606804,way/306781387,,Ciclovia,none
2866,pdc_nao_realizado,0.9791966823210243,0.9791966823210243,2606804,way/589944486,Avenida Alfredo Bandeira de Melo,Ciclovia,none
2867,pdc_nao_realizado,0.5498856471285414,0.5498856471285414,2600054,way/589944487,Avenida Duque de Caxias,Ciclovia,none
2868,pdc_nao_realizado,0.41882393763233483,0.41882393763233483,2600054,way/605924179,Avenida Duque de Caxias,Ciclovia,none
2869,pdc_nao_realizado,0.12074959632112901,0.12074959632112901,2606804,way/628605087,,Ciclovia,none
2870,pdc_nao_realizado,0.01739768990525118,0.01739768990525118,2600054,way/639544776,,Ciclovia,none
2871,pdc_nao_realizado,0.009826660493672241,0.009826660493672241,2600054,way/656101988,,Ciclovia,none
2872,pdc_nao_realizado,0.4726804779363016,0.4726804779363016,2606804,way/691452023,Avenida Barão de Vera Cruz,Ciclovia,none
2873,pdc_nao_realizado,1.5441156426644687,1.5441156426644687,2606804,way/691452025,Avenida Alfredo Bandeira de Melo,Ciclovia,none
2874,pdc_nao_realizado,0.45457111359035934,0.45457111359035934,2606804,way/715619568,Avenida Barão de Vera Cruz,Ciclovia,none
2875,pdc_nao_realizado,0.48117357723422116,0.48117357723422116,2606804,way/715619569,Avenida Barão de Vera Cruz,Ciclovia,none
2876,pdc_nao_realizado,0.06984866993958726,0.06984866993958726,2600054,way/715988929,Avenida Duque de Caxias,Ciclovia,none
2877,pdc_nao_realizado,0.034591988226367124,0.034591988226367124,2600054,way/740033571,Avenida Duque de Caxias,Ciclovia,none
2878,pdc_nao_realizado,0.11245832648152561,0.11245832648152561,2600054,way/740033573,Avenida Duque de Caxias,Ciclovia,none
2879,pdc_nao_realizado,0.01496616678977204,0.01496616678977204,2600054,way/740034398,Avenida Duque de Caxias,Ciclovia,none
2880,pdc_nao_realizado,0.13314269936856085,0.13314269936856085,2606804,way/740035289,Avenida Barão de Vera Cruz,Ciclovia,none
2881,pdc_nao_realizado,0.0630325166646465,0.0630325166646465,2606804,way/740130138,Avenida Barão de Vera Cruz,Ciclovia,none
2882,pdc_nao_realizado,0.10755316072625568,0.10755316072625568,2600054,way/741706471,Avenida Duque de Caxias,Ciclovia,none
2883,pdc_nao_realizado,0.08321696351967141,0.08321696351967141,2600054,way/741708394,Avenida Duque de Caxias,Ciclovia,none
2884,pdc_nao_realizado,0.13851198194935313,0.13851198194935313,2606804,way/741763062,Avenida Barão de Vera Cruz,Ciclovia,none
2885,pdc_nao_realizado,0.021864234352046097,0.021864234352046097,2606804,way/754042418,,Ciclovia,none
2886,pdc_nao_realizado,0.04224661006818685,0.04224661006818685,2606804,way/754042419,,Ciclovia,none
2887,pdc_nao_realizado,0.16208313435228475,0.16208313435228475,2606804,way/754042420,,Ciclovia,none
2888,pdc_nao_realizado,0.1303198985156002,0.1303198985156002,2606804,way/775253547,Avenida Alfredo Bandeira de Melo,Ciclovia,none
2889,pdc_nao_realizado,0.019504363818502832,0.019504363818502832,2606804,way/775253549,,Ciclovia,none
2890,pdc_nao_realizado,0.022751527809071928,0.022751527809071928,2606804,way/775253550,,Ciclovia,none
2891,pdc_nao_realizado,0.022459359222368653,0.022459359222368653,2606804,way/775253551,,Ciclovia,none
2892,pdc_nao_realizado,0.1256721045585535,0.1256721045585535,2606804,way/775253555,,Ciclovia,none
2893,pdc_nao_realizado,0.005087179067553276,0.005087179067553276,2606804,way/908946592,Avenida Mário Melo,Ciclovia,none
2894,pdc_nao_realizado,0.03242007334165398,0.03242007334165398,2606804,way/931127129,,Ciclovia,none
2895,pdc_nao_realizado,0.0878948551730666,0.0878948551730666,2606804,way/966248650,Avenida Barão de Vera Cruz,Ciclovia,none
2896,pdc_nao_realizado,0.11207923171453377,0.11207923171453377,2606804,way/966248652,Avenida Barão de Vera Cruz,Ciclovia,none
2897,pdc_nao_realizado,0.02264051619874444,0.02264051619874444,2600054,way/966256721,Avenida Duque de Caxias,Ciclovia,none
2898,pdc_nao_realizado,0.1786978921999576,0.1786978921999576,2606804,way/966259853,Avenida Barão de Vera Cruz,Ciclovia,none
2899,pdc_nao_realizado,0.00393372937687031,0.00393372937687031,2606804,way/1035737690,Avenida Mário Melo,Ciclovia,none
2900,pdc_nao_realizado,0.08554329298422743,0.08554329298422743,2600054,way/1183566166,Avenida Duque de Caxias,Ciclovia,none
2901,pdc_nao_realizado,0.018814183405208403,0.018814183405208403,2606804,way/1183566169,Avenida Mário Melo,Ciclovia,none
2902,pdc_nao_realizado,0.01596176290277706,0.01596176290277706,2606804,way/1183566170,Avenida Mário Melo,Ciclovia,none
2903,pdc_nao_realizado,0.01678831493499722,0.01678831493499722,2606804,way/1435872534,,Ciclovia,none
2904,pdc_nao_realizado,0.8116281308706488,0.8116281308706488,2600054,way/171854323,Avenida A,Ciclovia,none
2905,pdc_nao_realizado,0.999858304222073,0.999858304222073,2600054,way/171854912,Avenida A,Ciclovia,none
2906,pdc_realizado_nao_designado,0.043572701593090624,0.043572701593090624,2600054,way/400041240,Avenida D,Ciclovia,Ciclofaixa
2907,pdc_nao_realizado,0.05796564298723503,0.05796564298723503,2600054,way/739462325,Avenida A,Ciclovia,none
2908,pdc_nao_realizado,0.03820161697203406,0.03820161697203406,2600054,way/739462326,Avenida A,Ciclovia,none
2909,pdc_nao_realizado,0.026695095980338066,0.026695095980338066,2600054,way/774967980,Avenida A,Ciclovia,none
2910,pdc_nao_realizado,0.09140881189319267,0.09140881189319267,2600054,way/171853253,Rua Santa Sofia,Ciclovia,none
2911,pdc_nao_realizado,0.5160629481023251,0.5160629481023251,2600054,way/171853395,Avenida Assedip,Ciclovia,none
2912,pdc_nao_realizado,0.865441872596458,0.865441872596458,2600054,way/171854166,Avenida Governador Nilo Coelho,Ciclovia,none
2913,pdc_nao_realizado,0.34067086227992,0.34067086227992,2600054,way/171854379,Rua Quarenta,Ciclovia,none
2914,pdc_nao_realizado,0.03482910400483461,0.03482910400483461,2600054,way/171854402,Avenida A,Ciclovia,none
2915,pdc_nao_realizado,0.033028022333792956,0.033028022333792956,2600054,way/316820003,Rua Santa Sofia,Ciclovia,none
2916,pdc_nao_realizado,0.26190293364673906,0.26190293364673906,2600054,way/316820004,Rua Santa Sofia,Ciclovia,none
2917,pdc_nao_realizado,0.04099650779465308,0.04099650779465308,2600054,way/400041238,,Ciclovia,none
2918,pdc_nao_realizado,0.19395895602402602,0.19395895602402602,2600054,way/717004662,Avenida Assedip,Ciclovia,none
2919,pdc_nao_realizado,0.05424336853069349,0.05424336853069349,2600054,way/128403023,,Ciclovia,none
2920,pdc_nao_realizado,0.09153586504595985,0.09153586504595985,2610707,way/128403676,,Ciclovia,none
2921,pdc_nao_realizado,0.08210848177141562,0.08210848177141562,2600054,way/589944489,Avenida Duque de Caxias,Ciclovia,none
2922,pdc_nao_realizado,0.2921980991052961,0.2921980991052961,2600054,way/713197396,Avenida Duque de Caxias,Ciclovia,none
2923,pdc_nao_realizado,0.19690125773663766,0.19690125773663766,2600054,way/713231072,Avenida Duque de Caxias,Ciclovia,none
2924,pdc_nao_realizado,0.020959488351049018,0.020959488351049018,2600054,way/741700930,Avenida Duque de Caxias,Ciclovia,none
2925,pdc_nao_realizado,0.19508587076712364,0.19508587076712364,2600054,way/741700931,Avenida Duque de Caxias,Ciclovia,none
2926,pdc_nao_realizado,0.3077226118474518,0.3077226118474518,2600054,way/775253527,Avenida Duque de Caxias,Ciclovia,none
2927,pdc_nao_realizado,0.05488471473989413,0.05488471473989413,2600054,way/775253558,Avenida Duque de Caxias,Ciclovia,none
2928,pdc_nao_realizado,0.013361601317611367,0.013361601317611367,2600054,way/966295625,,Ciclovia,none
2929,pdc_nao_realizado,0.19649534328047225,0.19649534328047225,2600054,way/1183566167,Avenida Duque de Caxias,Ciclovia,none
2930,pdc_nao_realizado,0.18850873119128292,0.18850873119128292,2610707,way/144953969,Avenida Paulista,Ciclovia,none
2931,pdc_nao_realizado,1.0676395990909107,1.0676395990909107,2610707,way/144954081,Avenida Lindolfo Collor,Ciclovia,none
2932,pdc_nao_realizado,0.4171777078186573,0.4171777078186573,2610707,way/171721829,Avenida Paulista,Ciclovia,none
2933,pdc_nao_realizado,0.46533123233069185,0.46533123233069185,2610707,way/171721832,Avenida Paulista,Ciclovia,none
2934,pdc_nao_realizado,0.5965141406355334,0.5965141406355334,2610707,way/175540529,Rua Setenta e Nove,Ciclovia,none
2935,pdc_nao_realizado,0.24298852287917438,0.24298852287917438,2610707,way/175540530,Rua Setenta e Nove,Ciclovia,none
2936,pdc_nao_realizado,0.024430253169455754,0.024430253169455754,2610707,way/175540531,Rua Setenta e Nove,Ciclovia,none
2937,pdc_nao_realizado,0.4422647918388049,0.4422647918388049,2610707,way/1183583032,Rua Ademar Vieira,Ciclovia,none
2938,pdc_nao_realizado,0.2820700841896592,0.2820700841896592,2610707,way/144945086,Avenida Colibri,Ciclovia,none
2939,pdc_nao_realizado,0.05917534683697984,0.05917534683697984,2610707,way/144945087,Rua Nelson Ferreira,Ciclovia,none
2940,pdc_nao_realizado,0.2772939679720688,0.2772939679720688,2610707,way/144945089,Rua Nove,Ciclovia,none
2941,pdc_nao_realizado,0.1029064699563066,0.1029064699563066,2610707,way/144945090,,Ciclovia,none
2942,pdc_nao_realizado,0.26058770499162875,0.26058770499162875,2610707,way/144945091,Avenida Colibri,Ciclovia,none
2943,pdc_nao_realizado,0.3741885830650739,0.3741885830650739,2610707,way/144945155,Avenida Colibri,Ciclovia,none
2944,pdc_nao_realizado,0.7109848179174416,0.7109848179174416,2610707,way/170538888,Rua Nelson Ferreira,Ciclovia,none
2945,pdc_nao_realizado,0.016288530101623355,0.016288530101623355,2610707,way/968207065,Avenida Colibri,Ciclovia,none
2946,pdc_nao_realizado,0.015805631244114927,0.015805631244114927,2610707,way/968207066,Avenida Colibri,Ciclovia,none
2947,pdc_nao_realizado,0.11287366740472377,0.11287366740472377,2610707,way/138836926,Estrada do Frio,Ciclovia,none
2948,pdc_nao_realizado,0.8950748694508346,0.8950748694508346,2610707,way/138836927,Estrada do Frio,Ciclovia,none
2949,pdc_nao_realizado,0.05581188636255209,0.05581188636255209,2610707,way/138837812,Avenida Antônio Cabral de Souza,Ciclovia,none
2950,pdc_nao_realizado,0.14566016161545764,0.14566016161545764,2610707,way/138837813,Avenida Antônio Cabral de Souza,Ciclovia,none
2951,pdc_nao_realizado,0.061294606082147284,0.061294606082147284,2610707,way/138837818,Avenida Antônio Cabral de Souza,Ciclovia,none
2952,pdc_nao_realizado,0.14042136901026364,0.14042136901026364,2610707,way/138837819,Avenida Presidente Tancredo Neves,Ciclovia,none
2953,pdc_nao_realizado,0.03954508474156842,0.03954508474156842,2610707,way/138837821,,Ciclovia,none
2954,pdc_nao_realizado,0.3311792396816957,0.3311792396816957,2610707,way/138840708,Avenida C,Ciclovia,none
2955,pdc_nao_realizado,0.0443634857766169,0.0443634857766169,2610707,way/138840710,Estrada da Mirueira,Ciclovia,none
2956,pdc_nao_realizado,0.024255102434265152,0.024255102434265152,2610707,way/138840714,Estrada da Mirueira,Ciclovia,none
2957,pdc_nao_realizado,0.5340453017681026,0.5340453017681026,2610707,way/138840764,Avenida Presidente Tancredo Neves,Ciclovia,none
2958,pdc_nao_realizado,0.5575369191105914,0.5575369191105914,2610707,way/138840847,Avenida Presidente Tancredo Neves,Ciclovia,none
2959,pdc_nao_realizado,0.013696137795907348,0.013696137795907348,2610707,way/138841468,,Ciclovia,none
2960,pdc_nao_realizado,0.005246512504967555,0.005246512504967555,2610707,way/138841469,,Ciclovia,none
2961,pdc_nao_realizado,0.005631713897827426,0.005631713897827426,2610707,way/138841471,,Ciclovia,none
2962,pdc_nao_realizado,0.0037452858452119106,0.0037452858452119106,2610707,way/139032233,Avenida Presidente Tancredo Neves,Ciclovia,none
2963,pdc_nao_realizado,0.009049486890926097,0.009049486890926097,2610707,way/139032234,Avenida Presidente Tancredo Neves,Ciclovia,none
2964,pdc_nao_realizado,0.003608462246327358,0.003608462246327358,2610707,way/139032235,Avenida Presidente Tancredo Neves,Ciclovia,none
2965,pdc_nao_realizado,0.41889759083501243,0.41889759083501243,2610707,way/139032550,Avenida C,Ciclovia,none
2966,pdc_nao_realizado,0.01768835097947084,0.01768835097947084,2610707,way/145079217,,Ciclovia,none
2967,pdc_nao_realizado,0.015339321533567334,0.015339321533567334,2610707,way/145079224,,Ciclovia,none
2968,pdc_nao_realizado,0.024697462889319996,0.024697462889319996,2610707,way/242435998,Estrada da MIrueira,Ciclovia,none
2969,pdc_nao_realizado,0.1354639862822161,0.1354639862822161,2610707,way/313127791,Avenida Antônio Cabral de Souza,Ciclovia,none
2970,pdc_nao_realizado,0.07583648817778633,0.07583648817778633,2610707,way/313127792,Estrada da Mirueira,Ciclovia,none
2971,pdc_nao_realizado,0.016578581671344395,0.016578581671344395,2610707,way/382157469,Avenida Antônio Cabral de Souza,Ciclovia,none
2972,pdc_nao_realizado,0.10011635262041724,0.10011635262041724,2610707,way/393520146,Estrada do Frio,Ciclovia,none
2973,pdc_nao_realizado,0.04922220466466631,0.04922220466466631,2610707,way/577207729,Avenida Antônio Cabral de Souza,Ciclovia,none
2974,pdc_nao_realizado,0.05098534422736586,0.05098534422736586,2610707,way/590895901,,Ciclovia,none
2975,pdc_nao_realizado,0.04051364443356563,0.04051364443356563,2610707,way/590895902,,Ciclovia,none
2976,pdc_nao_realizado,0.1295509068983153,0.1295509068983153,2610707,way/590895903,,Ciclovia,none
2977,pdc_nao_realizado,0.04507281167913479,0.04507281167913479,2610707,way/591661635,,Ciclovia,none
2978,pdc_nao_realizado,0.022931319146154264,0.022931319146154264,2610707,way/728916384,Avenida Presidente Tancredo Neves,Ciclovia,none
2979,pdc_nao_realizado,0.08001921102897733,0.08001921102897733,2610707,way/728916386,,Ciclovia,none
2980,pdc_nao_realizado,0.020514048650548594,0.020514048650548594,2610707,way/829457031,,Ciclovia,none
2981,pdc_nao_realizado,0.042143830345734906,0.042143830345734906,2610707,way/138629997,Avenida Antônio Cabral de Souza,Ciclovia,none
2982,pdc_nao_realizado,0.0901647446155454,0.0901647446155454,2610707,way/138630001,Avenida Antônio Cabral de Souza,Ciclovia,none
2983,pdc_nao_realizado,0.4769525828623469,0.4769525828623469,2610707,way/138633419,Avenida Antônio Cabral de Souza,Ciclovia,none
2984,pdc_nao_realizado,0.48538078853921957,0.48538078853921957,2610707,way/138633424,Avenida Antônio Cabral de Souza,Ciclovia,none
2985,pdc_nao_realizado,0.30850425345152294,0.30850425345152294,2610707,way/138635242,Avenida Brasil,Ciclovia,none
2986,pdc_nao_realizado,0.33117954293699114,0.33117954293699114,2610707,way/138636152,Rua do Nobre,Ciclovia,none
2987,pdc_nao_realizado,0.007274039225844602,0.007274039225844602,2610707,way/138636155,,Ciclovia,none
2988,pdc_nao_realizado,0.9849100495490358,0.9849100495490358,2610707,way/144358258,Avenida Antônio Cabral de Souza,Ciclovia,none
2989,pdc_nao_realizado,0.02629314763740274,0.02629314763740274,2610707,way/144358369,Avenida Antônio Cabral de Souza,Ciclovia,none
2990,pdc_nao_realizado,0.21468487183717072,0.21468487183717072,2610707,way/144358370,Avenida Antônio Cabral de Souza,Ciclovia,none
2991,pdc_nao_realizado,0.042538322607865164,0.042538322607865164,2610707,way/144425252,Avenida Antônio Cabral de Souza,Ciclovia,none
2992,pdc_nao_realizado,0.3229806480898102,0.3229806480898102,2610707,way/144425256,Avenida Antônio Cabral de Souza,Ciclovia,none
2993,pdc_nao_realizado,0.0781422155014781,0.0781422155014781,2610707,way/144425351,,Ciclovia,none
2994,pdc_nao_realizado,2.01403938419225,2.01403938419225,2610707,way/144426992,Avenida Antônio Cabral de Souza,Ciclovia,none
2995,pdc_nao_realizado,0.06777801451078319,0.06777801451078319,2610707,way/144427217,Avenida Antônio Cabral de Souza,Ciclovia,none
2996,pdc_nao_realizado,0.09470148721141033,0.09470148721141033,2610707,way/144427337,Avenida Antônio Cabral de Souza,Ciclovia,none
2997,pdc_nao_realizado,0.08170115426436239,0.08170115426436239,2610707,way/144428573,,Ciclovia,none
2998,pdc_nao_realizado,0.34137145638983585,0.34137145638983585,2610707,way/168666279,Avenida Antônio Cabral de Souza,Ciclovia,none
2999,pdc_nao_realizado,0.30860817997826134,0.30860817997826134,2610707,way/168666280,Avenida Antônio Cabral de Souza,Ciclovia,none
3000,pdc_nao_realizado,0.118835828225595,0.118835828225595,2610707,way/194722254,,Ciclovia,none
3001,pdc_nao_realizado,0.08985745919399576,0.08985745919399576,2610707,way/194722255,,Ciclovia,none
3002,pdc_nao_realizado,0.022394497809590037,0.022394497809590037,2610707,way/194729663,,Ciclovia,none
3003,pdc_nao_realizado,0.031297399039153524,0.031297399039153524,2610707,way/194729664,,Ciclovia,none
3004,pdc_nao_realizado,0.01117398679677547,0.01117398679677547,2610707,way/198218264,Avenida Antônio Cabral de Souza,Ciclovia,none
3005,pdc_nao_realizado,0.010640092191262978,0.010640092191262978,2610707,way/198218265,Avenida Antônio Cabral de Souza,Ciclovia,none
3006,pdc_nao_realizado,0.8680686526962987,0.8680686526962987,2610707,way/198218267,Avenida Antônio Cabral de Souza,Ciclovia,none
3007,pdc_nao_realizado,0.03409744661816755,0.03409744661816755,2610707,way/244470373,,Ciclovia,none
3008,pdc_nao_realizado,0.1529276594347118,0.1529276594347118,2610707,way/244470376,Avenida Antônio Cabral de Souza,Ciclovia,none
3009,pdc_nao_realizado,0.15547201277611775,0.15547201277611775,2610707,way/353280744,Avenida Antônio Cabral de Souza,Ciclovia,none
3010,pdc_nao_realizado,0.08548526064552785,0.08548526064552785,2610707,way/382157471,Avenida Antônio Cabral de Souza,Ciclovia,none
3011,pdc_nao_realizado,0.056241286009184065,0.056241286009184065,2610707,way/382157473,Avenida Antônio Cabral de Souza,Ciclovia,none
3012,pdc_nao_realizado,0.10738015076241306,0.10738015076241306,2610707,way/382157475,Avenida Antônio Cabral de Souza,Ciclovia,none
3013,pdc_nao_realizado,0.21034284140727816,0.21034284140727816,2610707,way/410076956,Avenida Antônio Cabral de Souza,Ciclovia,none
3014,pdc_nao_realizado,0.03039664070377207,0.03039664070377207,2610707,way/761096786,Avenida Antônio Cabral de Souza,Ciclovia,none
3015,pdc_nao_realizado,0.9272052255496307,0.9272052255496307,2610707,way/761096788,Avenida Antônio Cabral de Souza,Ciclovia,none
3016,pdc_nao_realizado,0.16506575580038188,0.16506575580038188,2610707,way/949893146,Avenida Antônio Cabral de Souza,Ciclovia,none
3017,pdc_nao_realizado,0.21941910020172875,0.21941910020172875,2610707,way/949893147,Avenida Antônio Cabral de Souza,Ciclovia,none
3018,pdc_nao_realizado,0.404964498937119,0.404964498937119,2610707,way/966303609,Avenida Antônio Cabral de Souza,Ciclovia,none
3019,pdc_nao_realizado,0.37828898042091064,0.37828898042091064,2610707,way/966303610,Avenida Antônio Cabral de Souza,Ciclovia,none
3020,pdc_nao_realizado,0.060716844710364155,0.060716844710364155,2610707,way/966307750,Avenida Antônio Cabral de Souza,Ciclovia,none
3021,pdc_nao_realizado,0.050226576014998636,0.050226576014998636,2610707,way/966307755,Avenida Antônio Cabral de Souza,Ciclovia,none
3022,pdc_nao_realizado,0.22656202508995063,0.22656202508995063,2610707,way/966307758,Avenida Antônio Cabral de Souza,Ciclovia,none
3023,pdc_nao_realizado,0.05463486367508322,0.05463486367508322,2610707,way/966520620,Avenida Antônio Cabral de Souza,Ciclovia,none
3024,pdc_nao_realizado,0.1156201317793302,0.1156201317793302,2610707,way/966520621,Avenida Antônio Cabral de Souza,Ciclovia,none
3025,pdc_nao_realizado,0.08740263652828378,0.08740263652828378,2610707,way/966591222,Avenida Antônio Cabral de Souza,Ciclovia,none
3026,pdc_nao_realizado,0.016544627889916824,0.016544627889916824,2610707,way/967642805,Avenida Antônio Cabral de Souza,Ciclovia,none
3027,pdc_nao_realizado,0.3249669388214197,0.3249669388214197,2610707,way/1435864499,Avenida Antônio Cabral de Souza,Ciclovia,none
3028,pdc_nao_realizado,0.032633449560767205,0.032633449560767205,2610707,way/1435864500,Avenida Antônio Cabral de Souza,Ciclovia,none
3029,pdc_nao_realizado,0.17009586351899464,0.17009586351899464,2600054,way/171855600,Rua Sessenta e Um,Ciclovia,none
3030,pdc_nao_realizado,0.018503173492756347,0.018503173492756347,2600054,way/171855724,Rua Sessenta e Um,Ciclovia,none
3031,pdc_nao_realizado,0.2751994511100228,0.2751994511100228,2600054,way/171855726,Rua Ananias Lacerda de Andrade,Ciclovia,none
3032,pdc_nao_realizado,0.3604719606313736,0.3604719606313736,2600054,way/222829070,Rua Quartzo,Ciclovia,none
3033,pdc_nao_realizado,0.3268179520567695,0.3268179520567695,2600054,way/245759644,Luiz Carlos Anastácio,Ciclovia,none
3034,pdc_nao_realizado,0.040116543504807214,0.040116543504807214,2600054,way/739746621,Rua Ananias Lacerda de Andrade,Ciclovia,none
3035,pdc_nao_realizado,0.08581444490430096,0.08581444490430096,2600054,way/739746625,Rua Ananias Lacerda de Andrade,Ciclovia,none
3036,pdc_nao_realizado,0.07213229379461154,0.07213229379461154,2600054,way/741666313,Rua Sessenta e Um,Ciclovia,none
3037,pdc_nao_realizado,0.12234466138853013,0.12234466138853013,2600054,way/1183566159,Rua José Juca,Ciclovia,none
3038,pdc_nao_realizado,0.07086608759064325,0.07086608759064325,2600054,way/1183566161,Rua Caruaru,Ciclovia,none
3039,pdc_nao_realizado,0.11526415309187,0.11526415309187,2600054,way/1183566162,Rua do Eucalipto,Ciclovia,none
3040,pdc_nao_realizado,1.407594226704458,1.407594226704458,2610707,way/144358653,Avenida João Pereira de Oliveira,Ciclovia,none
3041,pdc_nao_realizado,0.10965042971289839,0.10965042971289839,2610707,way/144427879,Avenida João Pereira de Oliveira,Ciclovia,none
3042,pdc_nao_realizado,0.9431149188514333,0.9431149188514333,2610707,way/342874198,Avenida João Pereira de Oliveira,Ciclovia,none
3043,pdc_nao_realizado,0.11260740368165449,0.11260740368165449,2610707,way/750200758,Avenida João Pereira de Oliveira,Ciclovia,none
3044,pdc_nao_realizado,0.5736168393560527,0.5736168393560527,2610707,way/761096785,Avenida João Pereira de Oliveira,Ciclovia,none
3045,pdc_nao_realizado,0.03241390549937301,0.03241390549937301,2610707,way/761096800,Avenida João Pereira de Oliveira,Ciclovia,none
3046,pdc_nao_realizado,0.019197254270652078,0.019197254270652078,2610707,way/966590822,Avenida João Pereira de Oliveira,Ciclovia,none
3047,pdc_nao_realizado,0.03008778179292399,0.03008778179292399,2610707,way/966590823,Avenida João Pereira de Oliveira,Ciclovia,none
3048,pdc_nao_realizado,0.01980182318451053,0.01980182318451053,2610707,way/1435864497,Avenida João Pereira de Oliveira,Ciclovia,none
3049,pdc_nao_realizado,0.0005532122240216685,0.0005532122240216685,2610707,way/1435864498,Avenida João Pereira de Oliveira,Ciclovia,none
3050,pdc_nao_realizado,0.04795876279852429,0.04795876279852429,2610707,way/144358051,Avenida Doutor Cláudio José Gueiros Leite,Ciclovia,none
3051,pdc_nao_realizado,0.01824123196508579,0.01824123196508579,2610707,way/312572696,,Ciclovia,none
3052,pdc_nao_realizado,0.05999571561793242,0.05999571561793242,2610707,way/312572697,Avenida Doutor Cláudio José Gueiros Leite,Ciclovia,none
3053,pdc_nao_realizado,0.020810946163957855,0.020810946163957855,2610707,way/353280745,,Ciclovia,none
3054,pdc_nao_realizado,0.37580479684622414,0.37580479684622414,2610707,way/380180510,Avenida Doutor Cláudio José Gueiros Leite,Ciclovia,none
3055,pdc_nao_realizado,1.1024081589163546,1.1024081589163546,2610707,way/394755043,Avenida Doutor Cláudio José Gueiros Leite,Ciclovia,none
3056,pdc_nao_realizado,0.30875490304694614,0.30875490304694614,2610707,way/400043472,Avenida Doutor Cláudio José Gueiros Leite,Ciclovia,none
3057,pdc_nao_realizado,0.9111187395068677,0.9111187395068677,2610707,way/444404556,Avenida Doutor Cláudio José Gueiros Leite,Ciclovia,none
3058,pdc_nao_realizado,0.069851179497926,0.069851179497926,2610707,way/444404558,Avenida Doutor Cláudio José Gueiros Leite,Ciclovia,none
3059,pdc_nao_realizado,1.545812839629479,1.545812839629479,2610707,way/525641431,Avenida Doutor Cláudio José Gueiros Leite,Ciclovia,none
3060,pdc_nao_realizado,0.00868721600581602,0.00868721600581602,2610707,way/966840696,Avenida Doutor Cláudio José Gueiros Leite,Ciclovia,none
3061,pdc_nao_realizado,0.3325829646137345,0.3325829646137345,2610707,way/966840697,Avenida Doutor Cláudio José Gueiros Leite,Ciclovia,none
3062,pdc_nao_realizado,0.12508433402751157,0.12508433402751157,2610707,way/144429916,Avenida A,Ciclovia,none
3063,pdc_nao_realizado,0.04118385904941668,0.04118385904941668,2610707,way/144429921,Avenida A,Ciclovia,none
3064,pdc_nao_realizado,0.0804730852090016,0.0804730852090016,2610707,way/144429950,Avenida A,Ciclovia,none
3065,pdc_nao_realizado,0.28261016374823306,0.28261016374823306,2610707,way/144429951,Avenida A,Ciclovia,none
3066,pdc_nao_realizado,0.0008078054571974368,0.0008078054571974368,2610707,way/144430914,Avenida A,Ciclovia,none
3067,pdc_nao_realizado,0.2058982732713614,0.2058982732713614,2610707,way/144430917,Avenida A,Ciclovia,none
3068,pdc_nao_realizado,0.22820654632375956,0.22820654632375956,2610707,way/144430918,Avenida A,Ciclovia,none
3069,pdc_nao_realizado,0.00723009045998066,0.00723009045998066,2610707,way/144430919,Avenida A,Ciclovia,none
3070,pdc_nao_realizado,0.04276457239676982,0.04276457239676982,2610707,way/170538886,Avenida A,Ciclovia,none
3071,pdc_nao_realizado,0.006483698327668361,0.006483698327668361,2610707,way/170538887,Avenida A,Ciclovia,none
3072,pdc_nao_realizado,0.20721184026294365,0.20721184026294365,2610707,way/194726617,Avenida A,Ciclovia,none
3073,pdc_nao_realizado,0.001049055990892353,0.001049055990892353,2610707,way/754271622,Avenida A,Ciclovia,none
3074,pdc_nao_realizado,0.000633808738627784,0.000633808738627784,2610707,way/754271623,Avenida A,Ciclovia,none
3075,pdc_nao_realizado,0.007336600711180609,0.007336600711180609,2610707,way/754271624,Avenida A,Ciclovia,none
3076,pdc_nao_realizado,0.0007707519723544111,0.0007707519723544111,2610707,way/754271625,Avenida A,Ciclovia,none
3077,pdc_nao_realizado,0.051265567606113865,0.051265567606113865,2610707,way/1307361605,Avenida A,Ciclovia,none
3078,pdc_nao_realizado,0.030268811330308475,0.030268811330308475,2610707,way/1307361606,Avenida A,Ciclovia,none
3079,pdc_nao_realizado,0.17586822190477455,0.17586822190477455,2610707,way/144425257,Avenida B,Ciclovia,none
3080,pdc_nao_realizado,0.18948466324122368,0.18948466324122368,2610707,way/575171580,Avenida B,Ciclovia,none
3081,pdc_nao_realizado,0.21473568472083127,0.21473568472083127,2610707,way/194722411,Rua Oitenta e Um,Ciclovia,none
3082,pdc_nao_realizado,0.2908824806343941,0.2908824806343941,2610707,way/196945796,Rua Nossa Senhora do Carmo do Jangá,Ciclovia,none
3083,pdc_nao_realizado,0.21306020738635892,0.21306020738635892,2610707,way/196945856,Rua Nossa Senhora do Carmo do Jangá,Ciclovia,none
3084,pdc_nao_realizado,0.14273338098052954,0.14273338098052954,2610707,way/966514287,Rua Nossa Senhora do Carmo do Jangá,Ciclovia,none
3085,pdc_nao_realizado,2.220554060473698,2.220554060473698,2610707,way/144357704,Avenida Doutor Cláudio José Gueiros Leite,Ciclovia,none
3086,pdc_nao_realizado,0.040359055489841617,0.040359055489841617,2610707,way/144428574,,Ciclovia,none
3087,pdc_nao_realizado,0.06540114744861981,0.06540114744861981,2610707,way/144428575,Avenida E,Ciclovia,none
3088,pdc_nao_realizado,0.029619021652057854,0.029619021652057854,2610707,way/144428577,Avenida E,Ciclovia,none
3089,pdc_nao_realizado,0.5273476930656321,0.5273476930656321,2610707,way/144429458,Avenida E,Ciclovia,none
3090,pdc_nao_realizado,0.01546829970109994,0.01546829970109994,2610707,way/1045544800,Avenida E,Ciclovia,none
3091,pdc_nao_realizado,0.015415024052136026,0.015415024052136026,2610707,way/1046487495,Avenida E,Ciclovia,none
3092,pdc_nao_realizado,0.0217239689422555,0.0217239689422555,2610707,way/1047104690,,Ciclovia,none
3093,pdc_nao_realizado,0.745216173510544,0.745216173510544,2606804,way/136796959,Estrada de Nova Cruz,Ciclovia,none
3094,pdc_nao_realizado,0.7089799876239768,0.7089799876239768,2606804,way/153315024,Rua João Alfredo,Ciclovia,none
3095,pdc_nao_realizado,1.2118646296263558,1.2118646296263558,2606804,way/153315027,Estrada de Nova Cruz,Ciclovia,none
3096,pdc_nao_realizado,1.393668350737522,1.393668350737522,2606804,way/153315029,Estrada da Nova Cruz,Ciclovia,none
3097,pdc_nao_realizado,1.109506087538872,1.109506087538872,2606804,way/153315030,Estrada de Nova Cruz,Ciclovia,none
3098,pdc_nao_realizado,1.1891075659162442,1.1891075659162442,2606804,way/153315031,Estrada de Nova Cruz,Ciclovia,none
3099,pdc_nao_realizado,1.134376974883691,1.134376974883691,2606804,way/153315034,Estrada de Nova Cruz,Ciclovia,none
3100,pdc_nao_realizado,0.2582516603860572,0.2582516603860572,2606804,way/242268821,Rua Jardim Bela Vista,Ciclovia,none
3101,pdc_nao_realizado,0.4093145336987255,0.4093145336987255,2606804,way/400067613,Estrada da Nova Cruz,Ciclovia,none
3102,pdc_nao_realizado,0.49820559064729025,0.49820559064729025,2606804,way/435215089,Estrada de Nova Cruz,Ciclovia,none
3103,pdc_nao_realizado,0.11673431548822885,0.11673431548822885,2606804,way/712111357,Rua Jardim Bela Vista,Ciclovia,none
3104,pdc_nao_realizado,0.1632613367834629,0.1632613367834629,2606804,way/712111358,Rua Jardim Bela Vista,Ciclovia,none
3105,pdc_nao_realizado,0.15456409499483914,0.15456409499483914,2606804,way/715627883,Estrada da Nova Cruz,Ciclovia,none
3106,pdc_nao_realizado,0.2827474397755628,0.2827474397755628,2606804,way/716002395,Estrada de Nova Cruz,Ciclovia,none
3107,pdc_nao_realizado,0.33566600283882564,0.33566600283882564,2606804,way/716002396,Estrada de Nova Cruz,Ciclovia,none
3108,pdc_nao_realizado,0.17657408475231276,0.17657408475231276,2606804,way/716002397,Estrada de Nova Cruz,Ciclovia,none
3109,pdc_nao_realizado,0.12678031122387567,0.12678031122387567,2606804,way/717384185,Rua Jardim Bela Vista,Ciclovia,none
3110,pdc_nao_realizado,0.25497509739534563,0.25497509739534563,2606804,way/772207039,Rua das Mangueiras,Ciclovia,none
3111,pdc_nao_realizado,0.18951916450474318,0.18951916450474318,2606804,way/775968546,Estrada de Nova Cruz,Ciclovia,none
3112,pdc_nao_realizado,0.058527357361408926,0.058527357361408926,2606804,way/1023389847,Estrada de Nova Cruz,Ciclovia,none
3113,pdc_nao_realizado,0.015068376189196838,0.015068376189196838,2606804,way/1023389848,Estrada de Nova Cruz,Ciclovia,none
3114,pdc_nao_realizado,0.10021629708051644,0.10021629708051644,2606804,way/1083524265,Rua João Alfredo,Ciclovia,none
3115,pdc_nao_realizado,0.35922847875293973,0.35922847875293973,2606804,way/239632360,Avenida Joaquim Nabuco,Ciclovia,none
3116,pdc_nao_realizado,0.3729712145687751,0.3729712145687751,2606804,way/245931663,Rua Vinte e Sete de Setembro,Ciclovia,none
3117,pdc_nao_realizado,0.08058872349185003,0.08058872349185003,2606804,way/245931664,Rua Vinte e Sete de Setembro,Ciclovia,none
3118,pdc_nao_realizado,0.018063897617726053,0.018063897617726053,2606804,way/306781392,,Ciclovia,none
3119,pdc_nao_realizado,0.025858006415263993,0.025858006415263993,2606804,way/306781397,,Ciclovia,none
3120,pdc_nao_realizado,0.021243926903665993,0.021243926903665993,2606804,way/628605084,,Ciclovia,none
3121,pdc_nao_realizado,0.020767043224982934,0.020767043224982934,2606804,way/628605086,,Ciclovia,none
3122,pdc_nao_realizado,1.0272661543983568,1.0272661543983568,2606804,way/669588807,Rua Vinte e Sete de Setembro,Ciclovia,none
3123,pdc_nao_realizado,0.0773185645114728,0.0773185645114728,2606804,way/679519457,Rua Doutor João Elisio,Ciclovia,none
3124,pdc_nao_realizado,0.010468164861837877,0.010468164861837877,2606804,way/679519458,Rua Doutor João Elisio,Ciclovia,none
3125,pdc_nao_realizado,0.3847481557356009,0.3847481557356009,2606804,way/692084888,Avenida Marechal Hermes,Ciclovia,none
3126,pdc_nao_realizado,0.1648322636786508,0.1648322636786508,2606804,way/712067062,Rua Marechal Hermes,Ciclovia,none
3127,pdc_nao_realizado,0.10202493069983742,0.10202493069983742,2606804,way/766248090,Rua Doutor João Elisio,Ciclovia,none
3128,pdc_nao_realizado,0.0030174912140015185,0.0030174912140015185,2606804,way/1035737691,,Ciclovia,none
3129,pdc_nao_realizado,0.2690416521148739,0.2690416521148739,2607901,way/159133125,Avenida General Manoel Rabelo,Ciclovia,none
3130,pdc_nao_realizado,0.9447969375436933,0.9447969375436933,2607901,way/159133128,Avenida General Manoel Rabelo,Ciclovia,none
3131,pdc_nao_realizado,0.41951520956652305,0.41951520956652305,2607901,way/159133669,Avenida General Manoel Rabelo,Ciclovia,none
3132,pdc_nao_realizado,1.320689678159728,1.320689678159728,2607901,way/159133670,Avenida General Manoel Rabelo,Ciclovia,none
3133,pdc_nao_realizado,0.7940355034781851,0.7940355034781851,2607901,way/240713002,Avenida Visconde do Rio Branco,Ciclovia,none
3134,pdc_nao_realizado,0.17307862653454079,0.17307862653454079,2607901,way/246959748,Rua Desembargador Henrique Capitulino,Ciclovia,none
3135,pdc_nao_realizado,0.828245809804146,0.828245809804146,2607901,way/246960802,Avenida Barão de Lucena,Ciclovia,none
3136,pdc_nao_realizado,0.03624977280350717,0.03624977280350717,2607901,way/320810707,Avenida General Manoel Rabelo,Ciclovia,none
3137,pdc_nao_realizado,0.05555304067854819,0.05555304067854819,2607901,way/545371027,Avenida Barão de Lucena,Ciclovia,none
3138,pdc_nao_realizado,0.5508458416668939,0.5508458416668939,2607901,way/624153305,Avenida General Manoel Rabelo,Ciclovia,none
3139,pdc_nao_realizado,0.015667942137999893,0.015667942137999893,2607901,way/624153306,Avenida General Manoel Rabelo,Ciclovia,none
3140,pdc_nao_realizado,0.13993354496998936,0.13993354496998936,2607901,way/694838056,Avenida General Manoel Rabelo,Ciclovia,none
3141,pdc_nao_realizado,0.07184178722088476,0.07184178722088476,2607901,way/694838057,Avenida General Manoel Rabelo,Ciclovia,none
3142,pdc_nao_realizado,0.017846906685011904,0.017846906685011904,2607901,way/694839245,Avenida General Manoel Rabelo,Ciclovia,none
3143,pdc_nao_realizado,0.11734413984467129,0.11734413984467129,2607901,way/694839246,Avenida General Manoel Rabelo,Ciclovia,none
3144,pdc_nao_realizado,0.027890112433231955,0.027890112433231955,2607901,way/778343127,PE-007,Ciclovia,none
3145,pdc_nao_realizado,0.028281976408761577,0.028281976408761577,2607901,way/778343128,PE-007,Ciclovia,none
3146,pdc_nao_realizado,0.13457693614139501,0.13457693614139501,2607901,way/780228128,Avenida Barão de Lucena,Ciclovia,none
3147,pdc_nao_realizado,0.2375545121914972,0.2375545121914972,2607901,way/1183809388,Avenida General Manoel Rabelo,Ciclovia,none
3148,pdc_nao_realizado,0.1753573383957403,0.1753573383957403,2607901,way/1377852990,Avenida General Manoel Rabelo,Ciclovia,none
3149,pdc_nao_realizado,0.08446816529008976,0.08446816529008976,2611606,way/129484274,Rua Pampulha,Ciclovia,none
3150,pdc_nao_realizado,0.02222492405652813,0.02222492405652813,2611606,way/129484275,Rua Joaquim Bandeira,Ciclovia,none
3151,pdc_nao_realizado,0.005393738888398535,0.005393738888398535,2611606,way/151316550,Rua Landelino Câmara,Ciclovia,none
3152,pdc_nao_realizado,0.2656275628926215,0.2656275628926215,2611606,way/151316551,Rua Adolfo Faro,Ciclovia,none
3153,pdc_nao_realizado,0.21185799049256576,0.21185799049256576,2611606,way/151316568,Rua Doutor Gonzaga Maranhão,Ciclovia,none
3154,pdc_nao_realizado,0.4447513152870495,0.4447513152870495,2611606,way/151319664,Rua Santos Cosme e Damião,Ciclovia,none
3155,pdc_nao_realizado,0.08414383006675549,0.08414383006675549,2611606,way/307186023,Rua Pampulha,Ciclovia,none
3156,pdc_nao_realizado,0.02084004570031555,0.02084004570031555,2611606,way/320810717,Rua Pampulha,Ciclovia,none
3157,pdc_nao_realizado,0.25560385940662755,0.25560385940662755,2611606,way/320810719,Rua Pampulha,Ciclovia,none
3158,pdc_realizado_nao_designado,0.07046323077829524,0.07046323077829524,2611606,way/686979460,Rua Potengy,Ciclovia,Ciclofaixa
3159,pdc_nao_realizado,0.1405975620064858,0.1405975620064858,2611606,way/761542909,Rua Landelino Câmara,Ciclovia,none
3160,pdc_nao_realizado,0.005304283174684916,0.005304283174684916,2611606,way/773772465,Rua Pampulha,Ciclovia,none
3161,pdc_nao_realizado,0.008617428029164818,0.008617428029164818,2611606,way/773772466,Rua Pampulha,Ciclovia,none
3162,pdc_nao_realizado,0.08448645579714681,0.08448645579714681,2611606,way/966213512,Rua Pampulha,Ciclovia,none
3163,pdc_nao_realizado,0.06086663968870019,0.06086663968870019,2611606,way/1184004958,Rua Francisco Barreto,Ciclovia,none
3164,pdc_nao_realizado,0.045299405643027764,0.045299405643027764,2607901,way/539761332,Travessa da Linha,Ciclovia,none
3165,pdc_nao_realizado,0.009749715662221643,0.009749715662221643,2607901,way/542444396,Calçadão,Ciclovia,none
3166,pdc_nao_realizado,0.0057931972127768915,0.0057931972127768915,2607901,way/775797282,Calçadão,Ciclovia,none
3167,pdc_nao_realizado,0.01878312442566604,0.01878312442566604,2607901,way/1183750772,Travessa da Linha,Ciclovia,none
3168,pdc_nao_realizado,0.21096062895983514,0.21096062895983514,2607901,way/161184791,Rua Professor Nilo Peçanha,Ciclovia,none
3169,pdc_nao_realizado,0.14162924524071718,0.14162924524071718,2607901,way/966799058,Rua Professor Nilo Peçanha,Ciclovia,none
3170,pdc_nao_realizado,0.28272795942687823,0.28272795942687823,2607901,way/966799059,Rua Professor Nilo Peçanha,Ciclovia,none
3171,pdc_nao_realizado,0.0823393317626382,0.0823393317626382,2607901,way/967649828,Rua Professor Nilo Peçanha,Ciclovia,none
3172,pdc_nao_realizado,0.4519523889829444,0.4519523889829444,2611606,way/199428377,Travessa Manuel Alves Deus Dará,Ciclovia,none
3173,pdc_nao_realizado,0.26077221916550314,0.26077221916550314,2611606,way/199878547,Avenida Bicentenario da Revolução Francesa,Ciclovia,none
3174,pdc_nao_realizado,0.07112312148725797,0.07112312148725797,2611606,way/199878548,Avenida Bicentenario da Revolução Francesa,Ciclovia,none
3175,pdc_nao_realizado,0.010263294782670492,0.010263294782670492,2611606,way/200047807,Avenida Bicentenario da Revolução Francesa,Ciclovia,none
3176,pdc_nao_realizado,0.08420383869656173,0.08420383869656173,2611606,way/200047808,Avenida Bicentenario da Revolução Francesa,Ciclovia,none
3177,pdc_nao_realizado,0.050773919134188016,0.050773919134188016,2611606,way/645436414,Avenida Bicentenario da Revolução Francesa,Ciclovia,none
3178,pdc_nao_realizado,0.14520878092896028,0.14520878092896028,2611606,way/655997985,Avenida Bicentenario da Revolução Francesa,Ciclovia,none
3179,pdc_nao_realizado,0.1613606056794726,0.1613606056794726,2611606,way/854786861,Avenida Bicentenario da Revolução Francesa,Ciclovia,none
3180,pdc_nao_realizado,0.12160973245267762,0.12160973245267762,2611606,way/854786863,Avenida Bicentenario da Revolução Francesa,Ciclovia,none
3181,pdc_nao_realizado,0.05895044625517278,0.05895044625517278,2611606,way/854786915,Avenida Bicentenario da Revolução Francesa,Ciclovia,none
3182,pdc_nao_realizado,0.2159727410655053,0.2159727410655053,2611606,way/966593152,Travessa Manuel Alves Deus Dará,Ciclovia,none
3183,pdc_nao_realizado,0.08151508098813798,0.08151508098813798,2611606,way/30812778,Avenida Caxangá,Ciclovia,none
3184,pdc_nao_realizado,0.09314336201938385,0.09314336201938385,2611606,way/129737695,Avenida Caxangá,Ciclovia,none
3185,pdc_nao_realizado,0.21097963479607865,0.21097963479607865,2611606,way/129737832,Avenida Caxangá,Ciclovia,none
3186,pdc_nao_realizado,0.0015465511619071905,0.0015465511619071905,2611606,way/129895335,Rua Benfica,Ciclovia,none
3187,pdc_nao_realizado,0.2935472678581915,0.2935472678581915,2611606,way/129895466,Avenida Caxangá,Ciclovia,none
3188,pdc_nao_realizado,0.10612982813025967,0.10612982813025967,2611606,way/129895550,Rua Real da Torre,Ciclovia,none
3189,pdc_nao_realizado,0.44024130146928386,0.44024130146928386,2611606,way/129895646,Avenida Caxangá,Ciclovia,none
3190,pdc_nao_realizado,0.0349682715881825,0.0349682715881825,2611606,way/136667233,Avenida Joaquim Ribeiro,Ciclovia,none
3191,pdc_nao_realizado,0.09307671589593178,0.09307671589593178,2611606,way/136667235,Avenida Caxangá,Ciclovia,none
3192,pdc_nao_realizado,0.010690002986332428,0.010690002986332428,2611606,way/137364476,Avenida Caxangá,Ciclovia,none
3193,pdc_nao_realizado,0.3755654154969733,0.3755654154969733,2611606,way/137364477,Avenida Caxangá,Ciclovia,none
3194,pdc_nao_realizado,0.013905642271819396,0.013905642271819396,2611606,way/137364478,Avenida Caxangá,Ciclovia,none
3195,pdc_nao_realizado,0.060883819866222676,0.060883819866222676,2611606,way/137364480,Avenida Caxangá,Ciclovia,none
3196,pdc_nao_realizado,0.04240067794959012,0.04240067794959012,2611606,way/140616534,Corredor Exclusivo BRT Leste - Oeste,Ciclovia,none
3197,pdc_nao_realizado,0.03351109812480012,0.03351109812480012,2611606,way/306168729,Avenida Caxangá,Ciclovia,none
3198,pdc_nao_realizado,0.009118208718250155,0.009118208718250155,2611606,way/314754222,Avenida Caxangá,Ciclovia,none
3199,pdc_nao_realizado,0.0500736968097708,0.0500736968097708,2611606,way/314754224,Avenida Caxangá,Ciclovia,none
3200,pdc_nao_realizado,0.06801654037098734,0.06801654037098734,2611606,way/314754233,Avenida Caxangá,Ciclovia,none
3201,pdc_nao_realizado,0.2044240909158015,0.2044240909158015,2611606,way/314754235,Avenida Caxangá,Ciclovia,none
3202,pdc_nao_realizado,0.051667373977870315,0.051667373977870315,2611606,way/314754236,Avenida Caxangá,Ciclovia,none
3203,pdc_nao_realizado,0.0072540582111600355,0.0072540582111600355,2611606,way/314754238,Avenida Caxangá,Ciclovia,none
3204,pdc_nao_realizado,0.3609956049922357,0.3609956049922357,2611606,way/314754240,Avenida Caxangá,Ciclovia,none
3205,pdc_nao_realizado,0.39883229881723753,0.39883229881723753,2611606,way/314754241,Avenida Caxangá,Ciclovia,none
3206,pdc_nao_realizado,0.14569452097961577,0.14569452097961577,2611606,way/314754243,Avenida Caxangá,Ciclovia,none
3207,pdc_nao_realizado,0.10318316091244858,0.10318316091244858,2611606,way/318869506,Avenida Caxangá,Ciclovia,none
3208,pdc_nao_realizado,0.04559898614443747,0.04559898614443747,2611606,way/318869512,Rua Benfica,Ciclovia,none
3209,pdc_nao_realizado,0.008583492224788483,0.008583492224788483,2611606,way/533129106,Avenida Caxangá,Ciclovia,none
3210,pdc_nao_realizado,0.2657970944247165,0.2657970944247165,2611606,way/573648910,Avenida Caxangá,Ciclovia,none
3211,pdc_nao_realizado,0.08823654863186978,0.08823654863186978,2611606,way/581704790,Avenida Caxangá,Ciclovia,none
3212,pdc_nao_realizado,0.13553308710779963,0.13553308710779963,2611606,way/581704796,Avenida Caxangá,Ciclovia,none
3213,pdc_nao_realizado,0.011359795644395902,0.011359795644395902,2611606,way/582016159,Avenida Caxangá,Ciclovia,none
3214,pdc_nao_realizado,0.10009979271351246,0.10009979271351246,2611606,way/626700060,Avenida Caxangá,Ciclovia,none
3215,pdc_nao_realizado,0.06801139081169588,0.06801139081169588,2611606,way/627935222,Avenida Caxangá,Ciclovia,none
3216,pdc_nao_realizado,0.0671998166921864,0.0671998166921864,2611606,way/628641285,Avenida Caxangá,Ciclovia,none
3217,pdc_nao_realizado,0.017730481729153574,0.017730481729153574,2611606,way/628645786,Rua Benfica,Ciclovia,none
3218,pdc_nao_realizado,0.07731282265348045,0.07731282265348045,2611606,way/628649580,Avenida Caxangá,Ciclovia,none
3219,pdc_nao_realizado,0.46663386362511267,0.46663386362511267,2611606,way/628649583,Avenida Caxangá,Ciclovia,none
3220,pdc_nao_realizado,0.12276530062966498,0.12276530062966498,2611606,way/633762072,Avenida Caxangá,Ciclovia,none
3221,pdc_nao_realizado,0.04255530272511164,0.04255530272511164,2611606,way/637666024,Avenida Caxangá,Ciclovia,none
3222,pdc_nao_realizado,0.5463377320995391,0.5463377320995391,2611606,way/637666027,Avenida Caxangá,Ciclovia,none
3223,pdc_nao_realizado,0.0388658389713686,0.0388658389713686,2611606,way/637666032,Avenida Caxangá,Ciclovia,none
3224,pdc_nao_realizado,0.01336807300276547,0.01336807300276547,2611606,way/637666036,Avenida Caxangá,Ciclovia,none
3225,pdc_nao_realizado,0.03268925800091385,0.03268925800091385,2611606,way/637666037,Avenida Caxangá,Ciclovia,none
3226,pdc_nao_realizado,0.004600604312449218,0.004600604312449218,2611606,way/637666038,Avenida Caxangá,Ciclovia,none
3227,pdc_nao_realizado,0.038951461032368295,0.038951461032368295,2611606,way/653564076,Avenida Joaquim Ribeiro,Ciclovia,none
3228,pdc_nao_realizado,0.005340782997183686,0.005340782997183686,2611606,way/653564077,Avenida Joaquim Ribeiro,Ciclovia,none
3229,pdc_nao_realizado,0.009504484116574972,0.009504484116574972,2611606,way/653564085,Avenida Caxangá,Ciclovia,none
3230,pdc_nao_realizado,0.05248920207450094,0.05248920207450094,2611606,way/653564090,Avenida Caxangá,Ciclovia,none
3231,pdc_nao_realizado,0.12988110512311632,0.12988110512311632,2611606,way/700013796,Avenida Caxangá,Ciclovia,none
3232,pdc_nao_realizado,0.05967292213161157,0.05967292213161157,2611606,way/700013799,Avenida Caxangá,Ciclovia,none
3233,pdc_nao_realizado,0.020164225947072473,0.020164225947072473,2611606,way/700013825,Avenida Caxangá,Ciclovia,none
3234,pdc_nao_realizado,0.09011585571371727,0.09011585571371727,2611606,way/703515995,Avenida Caxangá,Ciclovia,none
3235,pdc_nao_realizado,0.09737246416721078,0.09737246416721078,2611606,way/703515996,Avenida Caxangá,Ciclovia,none
3236,pdc_nao_realizado,0.19987037590808074,0.19987037590808074,2611606,way/736371777,Avenida Caxangá,Ciclovia,none
3237,pdc_nao_realizado,0.017106763562438423,0.017106763562438423,2611606,way/816364133,Avenida Caxangá,Ciclovia,none
3238,pdc_nao_realizado,0.014922080359084808,0.014922080359084808,2611606,way/821123753,Corredor Exclusivo BRT Leste - Oeste,Ciclovia,none
3239,pdc_nao_realizado,0.03769446699184316,0.03769446699184316,2611606,way/857404856,Rua Benfica,Ciclovia,none
3240,pdc_nao_realizado,0.010825006787429491,0.010825006787429491,2611606,way/869895413,Rua Benfica,Ciclovia,none
3241,pdc_nao_realizado,0.0800681613329168,0.0800681613329168,2611606,way/898194078,Avenida Caxangá,Ciclovia,none
3242,pdc_nao_realizado,0.04628954129224822,0.04628954129224822,2611606,way/995648126,Avenida Caxangá,Ciclovia,none
3243,pdc_nao_realizado,0.030289275797792406,0.030289275797792406,2611606,way/995648128,Avenida Caxangá,Ciclovia,none
3244,pdc_nao_realizado,0.0783009942134156,0.0783009942134156,2611606,way/1183838916,Rua Benfica,Ciclovia,none
3245,pdc_nao_realizado,0.25579593415479435,0.25579593415479435,2607901,way/30810861,Avenida General Manoel Rabelo,Ciclovia,none
3246,pdc_nao_realizado,0.3605518347863237,0.3605518347863237,2611606,way/30811055,Avenida Doutor José Rufino,Ciclovia,none
3247,pdc_nao_realizado,0.03153384662920591,0.03153384662920591,2611606,way/159134696,Ponte Lacerda,Ciclovia,none
3248,pdc_nao_realizado,0.3832907226092346,0.3832907226092346,2607901,way/159134698,Avenida Falcão de Lacerda,Ciclovia,none
3249,pdc_nao_realizado,0.0973606281150037,0.0973606281150037,2607901,way/224068888,Avenida Falcão de Lacerda,Ciclovia,none
3250,pdc_nao_realizado,0.6793638570946992,0.6793638570946992,2611606,way/224068889,Avenida Falcão de Lacerda,Ciclovia,none
3251,pdc_nao_realizado,0.0091081827190687,0.0091081827190687,2607901,way/709704820,Avenida Falcão de Lacerda,Ciclovia,none
3252,pdc_nao_realizado,0.20961874066011257,0.20961874066011257,2607901,way/709704821,Avenida Falcão de Lacerda,Ciclovia,none
3253,pdc_nao_realizado,0.8120214555175478,0.8120214555175478,2611606,way/764604815,Avenida Doutor José Rufino,Ciclovia,none
3254,pdc_nao_realizado,0.19251261751424023,0.19251261751424023,2611606,way/128158208,Avenida Governador Agamenon Magalhães,Ciclovia,none
3255,pdc_nao_realizado,0.19754745004070368,0.19754745004070368,2611606,way/128158209,Avenida Governador Agamenon Magalhães,Ciclovia,none
3256,pdc_nao_realizado,0.019340028415719506,0.019340028415719506,2611606,way/128158210,Avenida Governador Agamenon Magalhães,Ciclovia,none
3257,pdc_nao_realizado,0.24829911235290897,0.24829911235290897,2611606,way/128158211,Avenida Governador Agamenon Magalhães,Ciclovia,none
3258,pdc_nao_realizado,0.11603618399136334,0.11603618399136334,2611606,way/128159587,,Ciclovia,none
3259,pdc_nao_realizado,0.22093458679474523,0.22093458679474523,2611606,way/128164522,Avenida Governador Agamenon Magalhães,Ciclovia,none
3260,pdc_nao_realizado,0.004621075601548229,0.004621075601548229,2611606,way/315073854,Avenida Governador Agamenon Magalhães,Ciclovia,none
3261,pdc_nao_realizado,0.3672827314155403,0.3672827314155403,2611606,way/315073857,Avenida Governador Agamenon Magalhães,Ciclovia,none
3262,pdc_nao_realizado,0.00453866603045581,0.00453866603045581,2611606,way/315073859,Avenida Governador Agamenon Magalhães,Ciclovia,none
3263,pdc_nao_realizado,0.15570373290935105,0.15570373290935105,2611606,way/315073861,Avenida Governador Agamenon Magalhães,Ciclovia,none
3264,pdc_nao_realizado,0.06138570093159653,0.06138570093159653,2611606,way/315073870,Avenida Governador Agamenon Magalhães,Ciclovia,none
3265,pdc_nao_realizado,0.003465471294522886,0.003465471294522886,2611606,way/315073880,Avenida Governador Agamenon Magalhães,Ciclovia,none
3266,pdc_nao_realizado,0.04200196494718445,0.04200196494718445,2611606,way/315073881,Avenida Governador Agamenon Magalhães,Ciclovia,none
3267,pdc_nao_realizado,0.026922875692115336,0.026922875692115336,2611606,way/315073902,Avenida Governador Agamenon Magalhães,Ciclovia,none
3268,pdc_realizado_designado,0.40516044005901913,0.40516044005901913,2611606,way/624847913,Ciclovia Camilo Simões,Ciclovia,Ciclovia
3269,pdc_realizado_designado,0.03798299859992189,0.03798299859992189,2609600,way/690508640,Ciclovia Camilo Simões,Ciclovia,Ciclovia
3270,pdc_realizado_designado,0.8064343137500243,0.8064343137500243,2609600,way/690508643,Ciclovia Camilo Simões,Ciclovia,Ciclovia
3271,pdc_realizado_designado,0.011783615788635684,0.011783615788635684,2609600,way/700750679,Ciclovia Camilo Simões,Ciclovia,Ciclovia
3272,pdc_realizado_designado,0.8030099130657672,0.8030099130657672,2609600,way/700750680,Ciclovia Camilo Simões,Ciclovia,Ciclovia
3273,pdc_nao_realizado,0.10209492690009456,0.10209492690009456,2611606,way/704220892,Avenida Governador Agamenon Magalhães,Ciclovia,none
3274,pdc_realizado_nao_designado,0.02479068913952373,0.02479068913952373,2611606,way/762906975,Avenida Governador Agamenon Magalhães,Ciclovia,Ciclofaixa
3275,pdc_nao_realizado,0.26452429466076,0.26452429466076,2611606,way/762906976,Avenida Governador Agamenon Magalhães,Ciclovia,none
3276,pdc_realizado_designado,0.22394677779310393,0.22394677779310393,2609600,way/762906977,Ciclovia Camilo Simões,Ciclovia,Ciclovia
3277,pdc_nao_realizado,0.050198075313961275,0.050198075313961275,2611606,way/772547599,Avenida Governador Agamenon Magalhães,Ciclovia,none
3278,pdc_nao_realizado,0.01993537086940173,0.01993537086940173,2611606,way/966837056,Avenida Governador Agamenon Magalhães,Ciclovia,none
3279,pdc_nao_realizado,0.03056377029741265,0.03056377029741265,2611606,way/966837057,Avenida Governador Agamenon Magalhães,Ciclovia,none
3280,pdc_nao_realizado,0.02587906789262491,0.02587906789262491,2611606,way/968203100,Avenida Governador Agamenon Magalhães,Ciclovia,none
3281,pdc_nao_realizado,0.031215799071342608,0.031215799071342608,2611606,way/968272495,Avenida Governador Agamenon Magalhães,Ciclovia,none
3282,pdc_nao_realizado,0.025262696355637975,0.025262696355637975,2611606,way/968284172,Avenida Governador Agamenon Magalhães,Ciclovia,none
3283,pdc_nao_realizado,0.006088118222321454,0.006088118222321454,2611606,way/968294729,Avenida Governador Agamenon Magalhães,Ciclovia,none
3284,pdc_nao_realizado,0.017232937677374098,0.017232937677374098,2611606,way/968294730,Avenida Governador Agamenon Magalhães,Ciclovia,none
3285,pdc_nao_realizado,0.09495338441852674,0.09495338441852674,2611606,way/968294731,Avenida Governador Agamenon Magalhães,Ciclovia,none
3286,pdc_nao_realizado,0.09040779416252193,0.09040779416252193,2611606,way/968294732,Avenida Governador Agamenon Magalhães,Ciclovia,none
3287,pdc_nao_realizado,0.03175201457451553,0.03175201457451553,2611606,way/968307780,Avenida Governador Agamenon Magalhães,Ciclovia,none
3288,pdc_nao_realizado,0.02190917790365324,0.02190917790365324,2611606,way/968516589,Avenida Governador Agamenon Magalhães,Ciclovia,none
3289,pdc_nao_realizado,0.02658946048372529,0.02658946048372529,2611606,way/968516590,Avenida Governador Agamenon Magalhães,Ciclovia,none
3290,pdc_nao_realizado,0.10092538745628739,0.10092538745628739,2611606,way/968521071,Avenida Governador Agamenon Magalhães,Ciclovia,none
3291,pdc_realizado_designado,0.44108321104078685,0.44108321104078685,2609600,way/1183969262,Ciclovia Camilo Simões,Ciclovia,Ciclovia
3292,pdc_realizado_designado,1.8831508354810957,1.8831508354810957,2611606,way/1234964959,Ciclovia Agamenon Magalhães,Ciclovia,Ciclovia
3293,pdc_realizado_designado,1.8663659289883203,1.8663659289883203,2611606,way/1234964960,Ciclovia Agamenon Magalhães,Ciclovia,Ciclovia
3294,pdc_nao_realizado,0.11439257386096519,0.11439257386096519,2611606,way/1241145626,Avenida Governador Agamenon Magalhães,Ciclovia,none
3295,pdc_nao_realizado,0.04219296854898436,0.04219296854898436,2611606,way/1342125630,Avenida Governador Agamenon Magalhães,Ciclovia,none
3296,pdc_nao_realizado,0.17342504399701142,0.17342504399701142,2611606,way/129812360,Estrada dos Remédios,Ciclovia,none
3297,pdc_nao_realizado,0.04639205667557269,0.04639205667557269,2611606,way/129812361,Estrada dos Remédios,Ciclovia,none
3298,pdc_nao_realizado,0.012429619781474575,0.012429619781474575,2611606,way/129812717,Estrada dos Remédios,Ciclovia,none
3299,pdc_nao_realizado,0.4227186365486824,0.4227186365486824,2611606,way/129812718,Estrada dos Remédios,Ciclovia,none
3300,pdc_nao_realizado,0.014790346894294102,0.014790346894294102,2611606,way/129812916,Estrada dos Remédios,Ciclovia,none
3301,pdc_nao_realizado,0.3610249698610087,0.3610249698610087,2611606,way/129812920,Estrada dos Remédios,Ciclovia,none
3302,pdc_nao_realizado,0.39429539337700087,0.39429539337700087,2611606,way/314754290,Estrada dos Remédios,Ciclovia,none
3303,pdc_nao_realizado,0.3723771412617028,0.3723771412617028,2611606,way/316740682,Estrada dos Remédios,Ciclovia,none
3304,pdc_nao_realizado,0.2596293991826411,0.2596293991826411,2611606,way/371261851,Estrada dos Remédios,Ciclovia,none
3305,pdc_nao_realizado,0.015801292221316765,0.015801292221316765,2611606,way/772547579,Estrada dos Remédios,Ciclovia,none
3306,pdc_nao_realizado,0.29714398316633406,0.29714398316633406,2611606,way/772547581,Estrada dos Remédios,Ciclovia,none
3307,pdc_nao_realizado,0.11367607345934795,0.11367607345934795,2611606,way/85683722,Avenida Beira Rio,Ciclovia,none
3308,pdc_nao_realizado,0.5622803024171708,0.5622803024171708,2611606,way/85683728,Avenida Beira Rio,Ciclovia,none
3309,pdc_nao_realizado,0.24322603573075152,0.24322603573075152,2611606,way/131338666,Avenida Beira Rio,Ciclovia,none
3310,pdc_nao_realizado,0.0923449200170019,0.0923449200170019,2611606,way/131338667,Avenida Beira Rio,Ciclovia,none
3311,pdc_nao_realizado,0.20951244013576054,0.20951244013576054,2611606,way/131338711,Avenida Beira Rio,Ciclovia,none
3312,pdc_nao_realizado,0.13930042824580363,0.13930042824580363,2611606,way/151672222,Rua Heitor Maia Filho,Ciclovia,none
3313,pdc_nao_realizado,0.013953628044678755,0.013953628044678755,2611606,way/370349187,Avenida Beira Rio,Ciclovia,none
3314,pdc_nao_realizado,0.022731823545682338,0.022731823545682338,2611606,way/786325342,Avenida Beira Rio,Ciclovia,none
3315,pdc_nao_realizado,0.015434248522292192,0.015434248522292192,2611606,way/967677455,Avenida Beira Rio,Ciclovia,none
3316,pdc_nao_realizado,0.09054654602587188,0.09054654602587188,2611606,way/967677728,Avenida Beira Rio,Ciclovia,none
3317,pdc_nao_realizado,0.026973819438303924,0.026973819438303924,2611606,way/967678100,Avenida Beira Rio,Ciclovia,none
3318,pdc_nao_realizado,0.01554126014474206,0.01554126014474206,2611606,way/967875186,Avenida Beira Rio,Ciclovia,none
3319,pdc_realizado_nao_designado,0.2295940518450614,0.2295940518450614,2611606,way/129178018,Rua Estado de Israel,Ciclovia,Ciclofaixa Compartilhada
3320,pdc_realizado_nao_designado,0.14580208124555064,0.14580208124555064,2611606,way/129178081,Praça Miguel de Cervantes,Ciclovia,Ciclofaixa Compartilhada
3321,pdc_nao_realizado,0.1221311437069704,0.1221311437069704,2611606,way/129180250,Praça Miguel de Cervantes,Ciclovia,none
3322,pdc_nao_realizado,0.016418802521248853,0.016418802521248853,2611606,way/129181495,Avenida Manoel Borba,Ciclovia,none
3323,pdc_nao_realizado,0.2505889429739101,0.2505889429739101,2611606,way/129182728,Avenida Lins Petit,Ciclovia,none
3324,pdc_nao_realizado,0.48412776809311425,0.48412776809311425,2611606,way/316152187,Avenida Manoel Borba,Ciclovia,none
3325,pdc_nao_realizado,0.1545554292131515,0.1545554292131515,2611606,way/316707913,Avenida Lins Petit,Ciclovia,none
3326,pdc_nao_realizado,0.05643813010956439,0.05643813010956439,2611606,way/316707914,Rua Estado de Israel,Ciclovia,none
3327,pdc_nao_realizado,0.1905661698544742,0.1905661698544742,2611606,way/367789281,Avenida Manoel Borba,Ciclovia,none
3328,pdc_nao_realizado,0.10895447152351623,0.10895447152351623,2611606,way/367789283,Avenida Manoel Borba,Ciclovia,none
3329,pdc_nao_realizado,0.0771863643276443,0.0771863643276443,2611606,way/762960948,Rua Estado de Israel,Ciclovia,none
3330,pdc_realizado_nao_designado,0.012660565098164326,0.012660565098164326,2611606,way/967978836,Rua Estado de Israel,Ciclovia,Ciclofaixa Compartilhada
3331,pdc_nao_realizado,0.0324126950488105,0.0324126950488105,2611606,way/968290602,Rua Estado de Israel,Ciclovia,none
3332,pdc_nao_realizado,0.02914557021866867,0.02914557021866867,2603454,way/30812648,Avenida Doutor Belmino Correia,Ciclovia,none
3333,pdc_nao_realizado,0.1088627150739932,0.1088627150739932,2603454,way/30812665,Avenida Doutor Belmino Correia,Ciclovia,none
3334,pdc_nao_realizado,0.14950552472633533,0.14950552472633533,2603454,way/195005030,Avenida Doutor Belmino Correia,Ciclovia,none
3335,pdc_nao_realizado,0.024505037555854654,0.024505037555854654,2603454,way/203188943,Avenida Doutor Belmino Correia,Ciclovia,none
3336,pdc_nao_realizado,0.1152583771984882,0.1152583771984882,2603454,way/203188958,Avenida Doutor Belmino Correia,Ciclovia,none
3337,pdc_nao_realizado,0.020460833345740507,0.020460833345740507,2603454,way/369105304,Avenida Doutor Belmino Correia,Ciclovia,none
3338,pdc_nao_realizado,0.02086329663094817,0.02086329663094817,2603454,way/545150550,Avenida Doutor Belmino Correia,Ciclovia,none
3339,pdc_nao_realizado,0.04101257842911374,0.04101257842911374,2603454,way/545293108,Avenida Doutor Belmino Correia,Ciclovia,none
3340,pdc_nao_realizado,0.28576052731115037,0.28576052731115037,2603454,way/580987387,Avenida Doutor Belmino Correia,Ciclovia,none
3341,pdc_nao_realizado,0.03404317344596344,0.03404317344596344,2603454,way/580987389,Avenida Doutor Belmino Correia,Ciclovia,none
3342,pdc_nao_realizado,0.08163721993243067,0.08163721993243067,2603454,way/580987392,Avenida Doutor Belmino Correia,Ciclovia,none
3343,pdc_nao_realizado,0.03517599783315639,0.03517599783315639,2603454,way/582361234,Avenida Doutor Belmino Correia,Ciclovia,none
3344,pdc_nao_realizado,0.026780545484296273,0.026780545484296273,2603454,way/582361235,Avenida Doutor Belmino Correia,Ciclovia,none
3345,pdc_nao_realizado,0.041635178872527365,0.041635178872527365,2603454,way/582361236,Avenida Doutor Belmino Correia,Ciclovia,none
3346,pdc_nao_realizado,0.013620997832913423,0.013620997832913423,2603454,way/582361237,Avenida Doutor Belmino Correia,Ciclovia,none
3347,pdc_nao_realizado,0.012765780863605405,0.012765780863605405,2603454,way/582361238,Avenida Doutor Belmino Correia,Ciclovia,none
3348,pdc_nao_realizado,0.03529033661121471,0.03529033661121471,2603454,way/587579210,Avenida Doutor Belmino Correia,Ciclovia,none
3349,pdc_nao_realizado,0.1426654563733787,0.1426654563733787,2603454,way/587579211,Avenida Doutor Belmino Correia,Ciclovia,none
3350,pdc_nao_realizado,0.03944877911189887,0.03944877911189887,2603454,way/587864766,Avenida Doutor Belmino Correia,Ciclovia,none
3351,pdc_nao_realizado,0.018819720980023363,0.018819720980023363,2603454,way/592443419,Avenida Doutor Belmino Correia,Ciclovia,none
3352,pdc_nao_realizado,0.07080727458346003,0.07080727458346003,2603454,way/592443420,Avenida Doutor Belmino Correia,Ciclovia,none
3353,pdc_nao_realizado,0.015862537822069613,0.015862537822069613,2603454,way/593214799,Avenida Doutor Belmino Correia,Ciclovia,none
3354,pdc_nao_realizado,0.054285115946347405,0.054285115946347405,2603454,way/593214801,Avenida Doutor Belmino Correia,Ciclovia,none
3355,pdc_nao_realizado,0.1226706515584936,0.1226706515584936,2603454,way/648567872,Avenida Doutor Belmino Correia,Ciclovia,none
3356,pdc_nao_realizado,0.23705852114948367,0.23705852114948367,2603454,way/648567877,Avenida Doutor Belmino Correia,Ciclovia,none
3357,pdc_nao_realizado,0.029359267976537085,0.029359267976537085,2603454,way/648567878,Avenida Doutor Belmino Correia,Ciclovia,none
3358,pdc_nao_realizado,0.1411905525955919,0.1411905525955919,2603454,way/689795479,Avenida Doutor Belmino Correia,Ciclovia,none
3359,pdc_nao_realizado,0.27873759800663034,0.27873759800663034,2603454,way/700008048,Avenida Doutor Belmino Correia,Ciclovia,none
3360,pdc_nao_realizado,0.11933240670596862,0.11933240670596862,2603454,way/700008049,Avenida Doutor Belmino Correia,Ciclovia,none
3361,pdc_nao_realizado,0.06330294764376146,0.06330294764376146,2603454,way/700008052,Avenida Doutor Belmino Correia,Ciclovia,none
3362,pdc_nao_realizado,0.17225384760951348,0.17225384760951348,2603454,way/700008083,Avenida Doutor Belmino Correia,Ciclovia,none
3363,pdc_nao_realizado,0.10967832145568163,0.10967832145568163,2603454,way/706193180,Avenida Doutor Belmino Correia,Ciclovia,none
3364,pdc_nao_realizado,0.04762910967542476,0.04762910967542476,2603454,way/757336773,Avenida Doutor Belmino Correia,Ciclovia,none
3365,pdc_nao_realizado,0.5158230903573588,0.5158230903573588,2603454,way/757336777,Avenida Doutor Belmino Correia,Ciclovia,none
3366,pdc_nao_realizado,0.0435713772761435,0.0435713772761435,2603454,way/758697071,Avenida Doutor Belmino Correia,Ciclovia,none
3367,pdc_nao_realizado,0.2900410049184729,0.2900410049184729,2603454,way/770754409,Avenida Doutor Belmino Correia,Ciclovia,none
3368,pdc_nao_realizado,0.1527557288464308,0.1527557288464308,2603454,way/770754418,Avenida Doutor Belmino Correia,Ciclovia,none
3369,pdc_nao_realizado,0.09108284810256578,0.09108284810256578,2603454,way/830374488,Avenida Doutor Belmino Correia,Ciclovia,none
3370,pdc_nao_realizado,0.14108339064523534,0.14108339064523534,2603454,way/833914039,Avenida Doutor Belmino Correia,Ciclovia,none
3371,pdc_nao_realizado,0.18345267358484768,0.18345267358484768,2603454,way/833914047,Avenida Doutor Belmino Correia,Ciclovia,none
3372,pdc_nao_realizado,0.0797409223680467,0.0797409223680467,2603454,way/929271565,Avenida Doutor Belmino Correia,Ciclovia,none
3373,pdc_nao_realizado,0.04574216343745687,0.04574216343745687,2603454,way/965023168,Avenida Doutor Belmino Correia,Ciclovia,none
3374,pdc_nao_realizado,0.030460156218078245,0.030460156218078245,2603454,way/965029813,Avenida Doutor Belmino Correia,Ciclovia,none
3375,pdc_nao_realizado,0.0436391506417679,0.0436391506417679,2603454,way/1134477933,Avenida Doutor Belmino Correia,Ciclovia,none
3376,pdc_nao_realizado,0.22157788709124399,0.22157788709124399,2611606,way/203170537,Rua Manuel de Medeiros,Ciclovia,none
3377,pdc_nao_realizado,0.24051109586930464,0.24051109586930464,2611606,way/203170609,Rua Manuel de Medeiros,Ciclovia,none
3378,pdc_nao_realizado,0.012290490539924405,0.012290490539924405,2611606,way/203170731,Rua Manuel de Medeiros,Ciclovia,none
3379,pdc_nao_realizado,0.19431015025739493,0.19431015025739493,2611606,way/203170885,Rua Manuel de Medeiros,Ciclovia,none
3380,pdc_nao_realizado,0.11595434377699658,0.11595434377699658,2611606,way/237172598,Rua Dois Irmãos,Ciclovia,none
3381,pdc_nao_realizado,0.1615547762695301,0.1615547762695301,2611606,way/249461714,Rua Dois Irmãos,Ciclovia,none
3382,pdc_nao_realizado,0.12292588607467692,0.12292588607467692,2611606,way/252357261,Rua Dois Irmãos,Ciclovia,none
3383,pdc_nao_realizado,0.4059841512346305,0.4059841512346305,2611606,way/317407671,Rua Manuel de Medeiros,Ciclovia,none
3384,pdc_nao_realizado,0.5799276266706147,0.5799276266706147,2611606,way/317407672,Rua Ribeiro Pessoa,Ciclovia,none
3385,pdc_nao_realizado,0.1502640349561395,0.1502640349561395,2611606,way/317407673,Rua Manuel de Medeiros,Ciclovia,none
3386,pdc_nao_realizado,0.06751111974173121,0.06751111974173121,2611606,way/466145225,Rua Manuel de Medeiros,Ciclovia,none
3387,pdc_nao_realizado,0.005793511995216319,0.005793511995216319,2611606,way/542744100,Rua Manuel de Medeiros,Ciclovia,none
3388,pdc_nao_realizado,0.07916319017743247,0.07916319017743247,2611606,way/609330665,Rua Manuel de Medeiros,Ciclovia,none
3389,pdc_nao_realizado,0.02581737954820649,0.02581737954820649,2611606,way/609330666,Rua Manuel de Medeiros,Ciclovia,none
3390,pdc_nao_realizado,0.091649798697643,0.091649798697643,2611606,way/649781994,Rua Dois Irmãos,Ciclovia,none
3391,pdc_nao_realizado,0.0482849152726724,0.0482849152726724,2611606,way/764063549,Rua Manuel de Medeiros,Ciclovia,none
3392,pdc_nao_realizado,0.4613625201761932,0.4613625201761932,2611606,way/764063550,Rua Manuel de Medeiros,Ciclovia,none
3393,pdc_nao_realizado,0.023617031745443127,0.023617031745443127,2611606,way/902274299,Rua Manuel de Medeiros,Ciclovia,none
3394,pdc_nao_realizado,0.009014748746465991,0.009014748746465991,2611606,way/902274300,Rua Manuel de Medeiros,Ciclovia,none
3395,pdc_nao_realizado,0.06062448467188651,0.06062448467188651,2611606,way/965006463,Ponte da Volta ao Mundo,Ciclovia,none
3396,pdc_nao_realizado,0.17880646134000755,0.17880646134000755,2611606,way/966590954,Rua Ribeiro Pessoa,Ciclovia,none
3397,pdc_nao_realizado,0.0757583084416788,0.0757583084416788,2611606,way/1337958077,Rua Ribeiro Pessoa,Ciclovia,none
3398,pdc_nao_realizado,0.02112059271858392,0.02112059271858392,2611606,way/1385120134,Rua Dois Irmãos,Ciclovia,none
3399,pdc_nao_realizado,0.558546678285108,0.558546678285108,2611606,way/137752802,Rua Gregório Júnior,Ciclovia,none
3400,pdc_nao_realizado,0.32257473640308604,0.32257473640308604,2609600,way/142087034,Avenida Transamazônica,Ciclovia,none
3401,pdc_nao_realizado,0.3912806174610487,0.3912806174610487,2609600,way/142087036,Avenida Transamazônica,Ciclovia,none
3402,pdc_nao_realizado,0.34849861976669905,0.34849861976669905,2609600,way/142087037,Avenida Transamazônica,Ciclovia,none
3403,pdc_nao_realizado,0.11100882875842819,0.11100882875842819,2609600,way/698129090,Avenida Transamazônica,Ciclovia,none
3404,pdc_nao_realizado,0.05636797834606347,0.05636797834606347,2609600,way/698129091,Avenida Transamazônica,Ciclovia,none
3405,pdc_nao_realizado,0.057972194022025435,0.057972194022025435,2609600,way/168239571,,Ciclovia,none
3406,pdc_nao_realizado,0.20150703242623355,0.20150703242623355,2609600,way/171981318,Avenida Antônio da Costa Azevedo,Ciclovia,none
3407,pdc_nao_realizado,0.32102143786654164,0.32102143786654164,2609600,way/171981353,Avenida Antônio da Costa Azevedo,Ciclovia,none
3408,pdc_nao_realizado,0.3453407141019521,0.3453407141019521,2609600,way/714222424,Avenida Antônio da Costa Azevedo,Ciclovia,none
3409,pdc_nao_realizado,0.2169464915186221,0.2169464915186221,2609600,way/738694579,Avenida Antônio da Costa Azevedo,Ciclovia,none
3410,pdc_nao_realizado,0.07748897356340172,0.07748897356340172,2609600,way/776548826,,Ciclovia,none
3411,pdc_nao_realizado,0.058436965542132874,0.058436965542132874,2611606,way/131355158,Avenida Cidade de Monteiro,Ciclovia,none
3412,pdc_nao_realizado,0.012852021618148728,0.012852021618148728,2611606,way/131355159,Avenida Cidade de Monteiro,Ciclovia,none
3413,pdc_nao_realizado,0.07214763652132178,0.07214763652132178,2611606,way/131355163,Avenida Cidade de Monteiro,Ciclovia,none
3414,pdc_nao_realizado,0.017299228509913736,0.017299228509913736,2609600,way/131355164,Avenida Cidade de Monteiro,Ciclovia,none
3415,pdc_nao_realizado,0.03658636153694065,0.03658636153694065,2611606,way/178258320,Avenida Beberibe,Ciclovia,none
3416,pdc_nao_realizado,0.003008166126964587,0.003008166126964587,2611606,way/317313978,Avenida Cidade de Monteiro,Ciclovia,none
3417,pdc_nao_realizado,0.04832327160744293,0.04832327160744293,2611606,way/317985693,Avenida Cidade de Monteiro,Ciclovia,none
3418,pdc_nao_realizado,0.03612736715042264,0.03612736715042264,2611606,way/476724748,,Ciclovia,none
3419,pdc_nao_realizado,0.044663982381311786,0.044663982381311786,2609600,way/480028925,Avenida Cidade de Monteiro,Ciclovia,none
3420,pdc_nao_realizado,0.008489870404676126,0.008489870404676126,2611606,way/655966266,Avenida Cidade de Monteiro,Ciclovia,none
3421,pdc_nao_realizado,0.011963941885572843,0.011963941885572843,2611606,way/773098930,Avenida Cidade de Monteiro,Ciclovia,none
3422,pdc_realizado_nao_designado,0.13233409815649136,0.13233409815649136,2611606,way/836834979,Avenida Cidade de Monteiro,Ciclovia,Ciclofaixa
3423,pdc_realizado_nao_designado,0.06463743466566343,0.06463743466566343,2611606,way/836834980,Avenida Cidade de Monteiro,Ciclovia,Ciclofaixa
3424,pdc_realizado_nao_designado,0.07806669634109252,0.07806669634109252,2611606,way/836834981,Avenida Cidade de Monteiro,Ciclovia,Ciclofaixa
3425,pdc_nao_realizado,0.028827267821840613,0.028827267821840613,2611606,way/863027566,Avenida Cidade de Monteiro,Ciclovia,none
3426,pdc_nao_realizado,0.10489317295279262,0.10489317295279262,2611606,way/905218475,Avenida Cidade de Monteiro,Ciclovia,none
3427,pdc_realizado_nao_designado,0.02235559458688148,0.02235559458688148,2611606,way/966802124,Avenida Cidade de Monteiro,Ciclovia,Ciclofaixa
3428,pdc_nao_realizado,0.050543000231012256,0.050543000231012256,2611606,way/968261378,Avenida Cidade de Monteiro,Ciclovia,none
3429,pdc_nao_realizado,0.03381736706522668,0.03381736706522668,2611606,way/1041226118,Avenida Cidade de Monteiro,Ciclovia,none
3430,pdc_nao_realizado,0.04300937125860872,0.04300937125860872,2611606,way/1041226120,Avenida Cidade de Monteiro,Ciclovia,none
3431,pdc_nao_realizado,0.016921347474696,0.016921347474696,2611606,way/1041226121,Avenida Cidade de Monteiro,Ciclovia,none
3432,pdc_nao_realizado,0.1768628686975386,0.1768628686975386,2609600,way/715995562,Avenida Marcos Freire,Ciclovia,none
3433,pdc_realizado_nao_designado,1.682151012163054,1.682151012163054,2609600,way/966301854,Avenida Beira Mar,Ciclovia,Ciclofaixa
3434,pdc_realizado_nao_designado,0.33708775326456003,0.33708775326456003,2609600,way/1183583039,Avenida Beira Mar,Ciclovia,Ciclofaixa
3435,pdc_realizado_nao_designado,0.02563750939064574,0.02563750939064574,2600054,way/48001666,Avenida D,Ciclovia,Ciclofaixa
3436,pdc_nao_realizado,0.046415943860449865,0.046415943860449865,2600054,way/171854538,Avenida D,Ciclovia,none
3437,pdc_realizado_nao_designado,0.36464258905401536,0.36464258905401536,2600054,way/171854564,Avenida D,Ciclovia,Ciclofaixa
3438,pdc_realizado_nao_designado,0.3315873755822534,0.3315873755822534,2600054,way/171854986,Avenida D,Ciclovia,Ciclofaixa
3439,pdc_realizado_nao_designado,0.012985427341007058,0.012985427341007058,2600054,way/171854987,Avenida D,Ciclovia,Ciclofaixa
3440,pdc_realizado_nao_designado,0.03421747731281323,0.03421747731281323,2600054,way/400041239,Avenida D,Ciclovia,Ciclofaixa
3441,pdc_realizado_nao_designado,0.2232295910939589,0.2232295910939589,2600054,way/670345937,Avenida D,Ciclovia,Ciclofaixa
3442,pdc_realizado_nao_designado,0.02483915717407839,0.02483915717407839,2600054,way/670345939,Avenida D,Ciclovia,Ciclofaixa
3443,pdc_realizado_nao_designado,0.028412369039084798,0.028412369039084798,2600054,way/670345942,Avenida D,Ciclovia,Ciclofaixa
3444,pdc_realizado_nao_designado,0.02471487620061015,0.02471487620061015,2600054,way/670345944,Avenida D,Ciclovia,Ciclofaixa
3445,pdc_realizado_nao_designado,0.02491706856053068,0.02491706856053068,2600054,way/670345946,Avenida D,Ciclovia,Ciclofaixa
3446,pdc_realizado_nao_designado,0.10009558879569745,0.10009558879569745,2600054,way/670345947,Avenida D,Ciclovia,Ciclofaixa
3447,pdc_realizado_nao_designado,0.027303247861910365,0.027303247861910365,2600054,way/670642828,Avenida D,Ciclovia,Ciclofaixa
3448,pdc_realizado_nao_designado,0.025839677884571925,0.025839677884571925,2600054,way/670642830,Avenida D,Ciclovia,Ciclofaixa
3449,pdc_realizado_nao_designado,0.0253678708179324,0.0253678708179324,2600054,way/670642832,Avenida D,Ciclovia,Ciclofaixa
3450,pdc_realizado_nao_designado,0.02524775083193386,0.02524775083193386,2600054,way/670642834,Avenida D,Ciclovia,Ciclofaixa
3451,pdc_realizado_nao_designado,0.02462859617728115,0.02462859617728115,2600054,way/670642836,Avenida D,Ciclovia,Ciclofaixa
3452,pdc_realizado_nao_designado,0.02607140279019434,0.02607140279019434,2600054,way/670642838,Avenida D,Ciclovia,Ciclofaixa
3453,pdc_realizado_nao_designado,0.02478619055526852,0.02478619055526852,2600054,way/670642840,Avenida D,Ciclovia,Ciclofaixa
3454,pdc_realizado_nao_designado,0.024821475721072683,0.024821475721072683,2600054,way/670642842,Avenida D,Ciclovia,Ciclofaixa
3455,pdc_realizado_nao_designado,0.023921215385257162,0.023921215385257162,2600054,way/670642844,Avenida D,Ciclovia,Ciclofaixa
3456,pdc_realizado_nao_designado,0.025951547310858754,0.025951547310858754,2600054,way/670642846,Avenida D,Ciclovia,Ciclofaixa
3457,pdc_realizado_nao_designado,0.02511508579452464,0.02511508579452464,2600054,way/670642848,Avenida D,Ciclovia,Ciclofaixa
3458,pdc_realizado_nao_designado,0.01414646958816976,0.01414646958816976,2600054,way/670642849,Avenida D,Ciclovia,Ciclofaixa
3459,pdc_nao_realizado,0.07735805214149087,0.07735805214149087,2600054,way/171854478,Rua Quarenta,Ciclovia,none
3460,pdc_nao_realizado,0.2791687371835038,0.2791687371835038,2600054,way/171855500,Rua Quarenta,Ciclovia,none
3461,pdc_nao_realizado,0.10526704701115505,0.10526704701115505,2600054,way/171855501,Rua Quarenta e Um,Ciclovia,none
3462,pdc_nao_realizado,0.12461328177149723,0.12461328177149723,2600054,way/171855502,Rua Quarenta e Um,Ciclovia,none
3463,pdc_nao_realizado,0.017391331718430107,0.017391331718430107,2600054,way/171855830,Rua Quarenta e Um,Ciclovia,none
3464,pdc_nao_realizado,0.38225159085576005,0.38225159085576005,2600054,way/171855831,Rua Quarenta e Um,Ciclovia,none
3465,pdc_nao_realizado,0.306735756894357,0.306735756894357,2600054,way/245926782,Rua Quarenta e Um,Ciclovia,none
3466,pdc_nao_realizado,0.12924829464185447,0.12924829464185447,2600054,way/741666312,Rua Quarenta e Um,Ciclovia,none
3467,pdc_nao_realizado,0.06513573206486821,0.06513573206486821,2600054,way/1190815387,Rua Quarenta,Ciclovia,none
3468,pdc_nao_realizado,0.09925088622651675,0.09925088622651675,2606804,way/80453559,Rodovia Governador Mário Covas,Ciclovia,none
3469,pdc_nao_realizado,0.02087259189373285,0.02087259189373285,2606804,way/128401206,Avenida Alfredo Bandeira de Melo,Ciclovia,none
3470,pdc_nao_realizado,0.058583000111968445,0.058583000111968445,2606804,way/128401209,Rodovia Governador Mário Covas,Ciclovia,none
3471,pdc_nao_realizado,0.4724173072784195,0.4724173072784195,2606804,way/198992203,Rodovia Governador Mário Covas,Ciclovia,none
3472,pdc_nao_realizado,0.06748623871300874,0.06748623871300874,2606804,way/202906158,,Ciclovia,none
3473,pdc_nao_realizado,0.0692026925042743,0.0692026925042743,2606804,way/202906173,,Ciclovia,none
3474,pdc_nao_realizado,0.7477017855602328,0.7477017855602328,2606804,way/743239572,Rodovia Governador Mário Covas,Ciclovia,none
3475,pdc_nao_realizado,0.04740134250861293,0.04740134250861293,2606804,way/743239574,Rodovia Governador Mário Covas,Ciclovia,none
3476,pdc_nao_realizado,0.5812618310340479,0.5812618310340479,2606804,way/743244392,Rodovia Governador Mário Covas,Ciclovia,none
3477,pdc_nao_realizado,0.6484111770579036,0.6484111770579036,2606804,way/743244394,Rodovia Governador Mário Covas,Ciclovia,none
3478,pdc_nao_realizado,0.01109853297304874,0.01109853297304874,2607752,way/756302517,Rodovia Governador Mário Covas,Ciclovia,none
3479,pdc_nao_realizado,0.010072036135188847,0.010072036135188847,2606804,way/756302518,Rodovia Governador Mário Covas,Ciclovia,none
3480,pdc_nao_realizado,0.12974163178389309,0.12974163178389309,2606804,way/756302519,Rodovia Governador Mário Covas,Ciclovia,none
3481,pdc_nao_realizado,0.12152079843032917,0.12152079843032917,2607752,way/756302520,Rodovia Governador Mário Covas,Ciclovia,none
3482,pdc_nao_realizado,0.05835593197557627,0.05835593197557627,2606804,way/775253548,Avenida Alfredo Bandeira de Melo,Ciclovia,none
3483,pdc_nao_realizado,0.002923564617495574,0.002923564617495574,2606804,way/775253556,Rodovia Governador Mário Covas,Ciclovia,none
3484,pdc_nao_realizado,0.09379154011698512,0.09379154011698512,2606804,way/930780643,Rodovia Governador Mário Covas,Ciclovia,none
3485,pdc_nao_realizado,0.0723722650104634,0.0723722650104634,2606804,way/930780644,Rodovia Governador Mário Covas,Ciclovia,none
3486,pdc_nao_realizado,0.0787617694160402,0.0787617694160402,2606804,way/930780645,Rodovia Governador Mário Covas,Ciclovia,none
3487,pdc_nao_realizado,0.022639071530126315,0.022639071530126315,2606804,way/930780646,Rodovia Governador Mário Covas,Ciclovia,none
3488,pdc_nao_realizado,0.5084223279236895,0.5084223279236895,2606804,way/930780647,Rodovia Governador Mário Covas,Ciclovia,none
3489,pdc_nao_realizado,0.0269346899606009,0.0269346899606009,2606804,way/930785601,Rodovia Governador Mário Covas,Ciclovia,none
3490,pdc_nao_realizado,0.42163863516586353,0.42163863516586353,2607752,way/930798581,Rodovia Governador Mário Covas,Ciclovia,none
3491,pdc_nao_realizado,0.058164872181909265,0.058164872181909265,2606804,way/930798582,Rodovia Governador Mário Covas,Ciclovia,none
3492,pdc_nao_realizado,0.2056059243792515,0.2056059243792515,2606804,way/930798583,Rodovia Governador Mário Covas,Ciclovia,none
3493,pdc_realizado_nao_designado,0.06285158706785676,0.06285158706785676,2607901,way/220609119,,Ciclovia,Ciclofaixa
3494,pdc_realizado_nao_designado,0.02253352192662597,0.02253352192662597,2607901,way/220609126,,Ciclovia,Ciclofaixa
3495,pdc_nao_realizado,0.03274532268952945,0.03274532268952945,2607901,way/311499287,,Ciclovia,none
3496,pdc_realizado_nao_designado,0.7009831640893789,0.7009831640893789,2607901,way/311499288,,Ciclovia,Ciclofaixa
3497,pdc_realizado_designado,0.08546322484512285,0.08546322484512285,2607901,way/312277586,Ponte do Paiva,Ciclovia,Ciclovia
3498,pdc_nao_realizado,0.08665216591993871,0.08665216591993871,2607901,way/696661059,,Ciclovia,none
3499,pdc_realizado_nao_designado,0.00827645242607434,0.00827645242607434,2607901,way/776273879,,Ciclovia,Ciclofaixa
3500,pdc_realizado_nao_designado,0.08155896830682334,0.08155896830682334,2607901,way/1311151065,,Ciclovia,Ciclofaixa
3501,pdc_nao_realizado,0.06483798645256016,0.06483798645256016,2611606,way/30811056,Avenida Doutor José Rufino,Ciclovia,none
3502,pdc_nao_realizado,0.2813589681312121,0.2813589681312121,2611606,way/30811057,Avenida Doutor José Rufino,Ciclovia,none
3503,pdc_nao_realizado,0.021118479942478167,0.021118479942478167,2611606,way/129485033,Avenida Doutor José Rufino,Ciclovia,none
3504,pdc_nao_realizado,0.01787211692986391,0.01787211692986391,2611606,way/129485034,Avenida Doutor José Rufino,Ciclovia,none
3505,pdc_nao_realizado,0.0737845738415436,0.0737845738415436,2611606,way/129485273,Avenida Doutor José Rufino,Ciclovia,none
3506,pdc_nao_realizado,0.5387642194755723,0.5387642194755723,2611606,way/129485432,Rua São Miguel,Ciclovia,none
3507,pdc_nao_realizado,0.34498927237964544,0.34498927237964544,2611606,way/129485433,Rua São Miguel,Ciclovia,none
3508,pdc_nao_realizado,0.13727752156013984,0.13727752156013984,2611606,way/136952734,Rua São Miguel,Ciclovia,none
3509,pdc_nao_realizado,0.001397709131739133,0.001397709131739133,2611606,way/136952736,Rua São Miguel,Ciclovia,none
3510,pdc_nao_realizado,0.3103074402904458,0.3103074402904458,2611606,way/143668492,Avenida Doutor José Rufino,Ciclovia,none
3511,pdc_nao_realizado,0.02157193659329839,0.02157193659329839,2611606,way/159252054,Avenida Doutor José Rufino,Ciclovia,none
3512,pdc_nao_realizado,0.08276800936238093,0.08276800936238093,2611606,way/159252055,Avenida Doutor José Rufino,Ciclovia,none
3513,pdc_nao_realizado,0.4173022232116248,0.4173022232116248,2611606,way/316740671,Rua São Miguel,Ciclovia,none
3514,pdc_nao_realizado,1.052236301450008,1.052236301450008,2611606,way/316865555,Avenida Doutor José Rufino,Ciclovia,none
3515,pdc_nao_realizado,0.06627359981762114,0.06627359981762114,2611606,way/316865556,Avenida Doutor José Rufino,Ciclovia,none
3516,pdc_nao_realizado,0.278756165012812,0.278756165012812,2611606,way/316989362,Avenida Doutor José Rufino,Ciclovia,none
3517,pdc_nao_realizado,0.03493251817464495,0.03493251817464495,2611606,way/316989363,Avenida Doutor José Rufino,Ciclovia,none
3518,pdc_nao_realizado,0.147364184907996,0.147364184907996,2611606,way/681758534,Rua São Miguel,Ciclovia,none
3519,pdc_nao_realizado,0.08286348976381311,0.08286348976381311,2611606,way/681758535,Rua São Miguel,Ciclovia,none
3520,pdc_nao_realizado,0.06556265100987038,0.06556265100987038,2611606,way/681758905,Rua da Paz,Ciclovia,none
3521,pdc_nao_realizado,0.030758599525904914,0.030758599525904914,2611606,way/777787331,Avenida Doutor José Rufino,Ciclovia,none
3522,pdc_nao_realizado,0.03660647947497105,0.03660647947497105,2611606,way/854994669,Avenida Doutor José Rufino,Ciclovia,none
3523,pdc_nao_realizado,0.2708345861266531,0.2708345861266531,2611606,way/854994670,Avenida Doutor José Rufino,Ciclovia,none
3524,pdc_nao_realizado,0.13790701067411834,0.13790701067411834,2611606,way/966301188,Avenida Doutor José Rufino,Ciclovia,none
3525,pdc_nao_realizado,0.027480514028711062,0.027480514028711062,2611606,way/966301633,Avenida Doutor José Rufino,Ciclovia,none
3526,pdc_nao_realizado,0.0020675287320228585,0.0020675287320228585,2611606,way/966303228,Rua São Miguel,Ciclovia,none
3527,pdc_nao_realizado,0.002203430839920198,0.002203430839920198,2611606,way/966303229,Rua São Miguel,Ciclovia,none
3528,pdc_nao_realizado,0.005184196149989259,0.005184196149989259,2611606,way/966303230,Avenida Doutor José Rufino,Ciclovia,none
3529,pdc_nao_realizado,0.003390656481835912,0.003390656481835912,2611606,way/966314696,Avenida Doutor José Rufino,Ciclovia,none
3530,pdc_nao_realizado,0.039592885759424656,0.039592885759424656,2611606,way/966314754,Rua São Miguel,Ciclovia,none
3531,pdc_nao_realizado,0.30294132811427044,0.30294132811427044,2611606,way/966314755,Rua São Miguel,Ciclovia,none
3532,pdc_nao_realizado,0.13417723085167943,0.13417723085167943,2611606,way/966315384,Rua São Miguel,Ciclovia,none
3533,pdc_nao_realizado,0.042782667367878294,0.042782667367878294,2611606,way/967692821,Rua da Paz,Ciclovia,none
3534,pdc_nao_realizado,0.06846343488045384,0.06846343488045384,2611606,way/968288138,Avenida Doutor José Rufino,Ciclovia,none
3535,pdc_nao_realizado,0.011447904502439453,0.011447904502439453,2611606,way/968288139,Avenida Doutor José Rufino,Ciclovia,none
3536,pdc_nao_realizado,0.04260432064713085,0.04260432064713085,2611606,way/968288140,Avenida Doutor José Rufino,Ciclovia,none
3537,pdc_realizado_nao_designado,0.1443709757467043,0.1443709757467043,2611606,way/114690720,Rua Carlos Gomes,Ciclovia,Ciclofaixa Compartilhada
3538,pdc_realizado_nao_designado,0.08172547466084648,0.08172547466084648,2611606,way/130921226,Rua Carlos Gomes,Ciclovia,Ciclofaixa Compartilhada
3539,pdc_realizado_nao_designado,0.09481162295294374,0.09481162295294374,2611606,way/137746919,Rua Carlos Gomes,Ciclovia,Ciclofaixa Compartilhada
3540,pdc_realizado_nao_designado,0.4100583534453011,0.4100583534453011,2611606,way/318738696,Rua Carlos Gomes,Ciclovia,Ciclofaixa
3541,realizado_fora_pdc,0.0854185,0.0854185,2600054,way/1183566163,Avenida D,notOnPDC,Calçada compartilhada
3542,realizado_fora_pdc,0.62156,0.62156,2602902,way/94749558,Rua das Acácias,notOnPDC,Ciclofaixa
3543,realizado_fora_pdc,0.2790871,0.2790871,2602902,way/94749583,Avenida Vereador Lúcio Fernando Monteiro Pereira,notOnPDC,Ciclofaixa
3544,realizado_fora_pdc,0.1577183,0.1577183,2602902,way/94749596,Rua Vc Vinte e Quatro,notOnPDC,Ciclofaixa
3545,realizado_fora_pdc,0.5053882,0.5053882,2602902,way/104073044,Avenida Isaac Gomes da Costa,notOnPDC,Ciclofaixa
3546,realizado_fora_pdc,0.1199255,0.1199255,2602902,way/179536780,Rua Tenente Manuel Barbosa da Silva,notOnPDC,Ciclofaixa
3547,realizado_fora_pdc,1.1722329,1.1722329,2602902,way/183655524,PE-024,notOnPDC,Ciclofaixa
3548,realizado_fora_pdc,0.3670118,0.3670118,2602902,way/183655718,PE-024,notOnPDC,Ciclofaixa
3549,realizado_fora_pdc,0.3286405,0.3286405,2602902,way/183656231,PE-024,notOnPDC,Ciclofaixa
3550,realizado_fora_pdc,0.7659094,0.7659094,2602902,way/183656481,PE-024,notOnPDC,Ciclofaixa
3551,realizado_fora_pdc,0.6946926,0.6946926,2602902,way/222807348,Avenida Vereador Lúcio Fernando Monteiro Pereira,notOnPDC,Ciclofaixa
3552,realizado_fora_pdc,0.0690653,0.0690653,2602902,way/240273094,PE-024,notOnPDC,Ciclofaixa
3553,realizado_fora_pdc,0.0897917,0.0897917,2602902,way/336009721,Avenida Presidente Getulio Vargas,notOnPDC,Ciclofaixa
3554,realizado_fora_pdc,0.1434617,0.1434617,2602902,way/355556206,Avenida Presidente Getulio Vargas,notOnPDC,Ciclofaixa
3555,realizado_fora_pdc,0.2956701,0.2956701,2602902,way/355556210,Avenida Presidente Getulio Vargas,notOnPDC,Ciclofaixa
3556,realizado_fora_pdc,0.1858234,0.1858234,2602902,way/359261315,Avenida Almirante Paulo Moreira,notOnPDC,Ciclofaixa
3557,realizado_fora_pdc,0.0814931,0.0814931,2602902,way/440484169,Avenida Vereador Lúcio Fernando Monteiro Pereira,notOnPDC,Ciclofaixa
3558,realizado_fora_pdc,0.2234343,0.2234343,2602902,way/440484170,PE-024,notOnPDC,Ciclofaixa
3559,realizado_fora_pdc,0.6645096,0.6645096,2602902,way/488151253,,notOnPDC,Ciclofaixa
3560,realizado_fora_pdc,0.6547911,0.6547911,2602902,way/488151256,,notOnPDC,Ciclofaixa
3561,realizado_fora_pdc,0.7613285,0.7613285,2602902,way/627918647,Calçadão da Vila Social,notOnPDC,Calçada compartilhada
3562,realizado_fora_pdc,0.3717471,0.3717471,2602902,way/627918648,Calçadão da Vila Roca,notOnPDC,Calçada compartilhada
3563,realizado_fora_pdc,0.0025443,0.0025443,2602902,way/654819531,,notOnPDC,Calçada compartilhada
3564,realizado_fora_pdc,0.0008993,0.0008993,2602902,way/654819532,,notOnPDC,Calçada compartilhada
3565,realizado_fora_pdc,0.0051078,0.0051078,2602902,way/654819533,,notOnPDC,Calçada compartilhada
3566,realizado_fora_pdc,0.0169118,0.0169118,2602902,way/654819535,,notOnPDC,Calçada compartilhada
3567,realizado_fora_pdc,0.6915338,0.6915338,2602902,way/683175221,Avenida Vereador Lúcio Fernando Monteiro Pereira,notOnPDC,Ciclofaixa
3568,realizado_fora_pdc,0.5120545,0.5120545,2602902,way/696784721,PE-024,notOnPDC,Ciclofaixa
3569,realizado_fora_pdc,0.5812464,0.5812464,2602902,way/753056368,Avenida Isaac Gomes da Costa,notOnPDC,Ciclofaixa
3570,realizado_fora_pdc,0.5317223,0.5317223,2602902,way/753056877,PE-024,notOnPDC,Ciclofaixa
3571,realizado_fora_pdc,0.415644,0.415644,2602902,way/753056878,PE-024,notOnPDC,Ciclofaixa
3572,realizado_fora_pdc,0.088746,0.088746,2602902,way/753056879,Avenida Isaac Gomes da Costa,notOnPDC,Ciclofaixa
3573,realizado_fora_pdc,0.1611648,0.1611648,2602902,way/753056880,Avenida Isaac Gomes da Costa,notOnPDC,Ciclofaixa
3574,realizado_fora_pdc,0.0061764,0.0061764,2602902,way/778535338,Avenida Vereador Lúcio Fernando Monteiro Pereira,notOnPDC,Ciclofaixa
3575,realizado_fora_pdc,0.0788144,0.0788144,2602902,way/778535340,Avenida Vereador Lúcio Fernando Monteiro Pereira,notOnPDC,Ciclofaixa
3576,realizado_fora_pdc,0.3034011,0.3034011,2602902,way/778535341,Avenida Vereador Lúcio Fernando Monteiro Pereira,notOnPDC,Ciclofaixa
3577,realizado_fora_pdc,0.0012209,0.0012209,2602902,way/788567362,,notOnPDC,Ciclovia
3578,realizado_fora_pdc,0.2200679,0.2200679,2602902,way/788567371,Ciclovia Praça de Gaibu,notOnPDC,Ciclovia
3579,realizado_fora_pdc,0.0070434,0.0070434,2602902,way/788567372,Ciclovia Praça de Gaibu,notOnPDC,Ciclovia
3580,realizado_fora_pdc,0.003052,0.003052,2602902,way/788567373,,notOnPDC,Ciclovia
3581,realizado_fora_pdc,0.0046897,0.0046897,2602902,way/788567375,Ciclovia Praça de Gaibu,notOnPDC,Ciclovia
3582,realizado_fora_pdc,0.0049814,0.0049814,2602902,way/788567376,,notOnPDC,Ciclovia
3583,realizado_fora_pdc,0.0033163,0.0033163,2602902,way/788567378,Ciclovia Praça de Gaibu,notOnPDC,Ciclovia
3584,realizado_fora_pdc,1.0280783,1.0280783,2602902,way/790740468,PE-024,notOnPDC,Ciclofaixa
3585,realizado_fora_pdc,0.4888355,0.4888355,2602902,way/790740469,Avenida Isaac Gomes da Costa,notOnPDC,Ciclofaixa
3586,realizado_fora_pdc,0.0028653,0.0028653,2602902,way/867487196,,notOnPDC,Calçada compartilhada
3587,realizado_fora_pdc,0.4177636,0.4177636,2602902,way/902148281,Avenida Vereador Lúcio Fernando Monteiro Pereira,notOnPDC,Ciclofaixa
3588,realizado_fora_pdc,0.0089922,0.0089922,2602902,way/902148282,Avenida Vereador Lúcio Fernando Monteiro Pereira,notOnPDC,Ciclofaixa
3589,realizado_fora_pdc,0.4185522,0.4185522,2602902,way/902148283,Avenida Vereador Lúcio Fernando Monteiro Pereira,notOnPDC,Ciclofaixa
3590,realizado_fora_pdc,0.0089889,0.0089889,2602902,way/902148284,Avenida Vereador Lúcio Fernando Monteiro Pereira,notOnPDC,Ciclofaixa
3591,realizado_fora_pdc,0.2009929,0.2009929,2602902,way/907811162,Avenida Presidente Getulio Vargas,notOnPDC,Ciclofaixa
3592,realizado_fora_pdc,0.1891728,0.1891728,2602902,way/1046350036,Avenida Isaac Gomes da Costa,notOnPDC,Ciclofaixa
3593,realizado_fora_pdc,0.5103797,0.5103797,2602902,way/1046350037,Avenida Isaac Gomes da Costa,notOnPDC,Ciclofaixa
3594,realizado_fora_pdc,0.1687059,0.1687059,2602902,way/1046350038,PE-024,notOnPDC,Ciclofaixa
3595,realizado_fora_pdc,0.0425658,0.0425658,2602902,way/1240293756,Avenida Isaac Gomes da Costa,notOnPDC,Ciclofaixa
3596,realizado_fora_pdc,0.0966935,0.0966935,2602902,way/1240293757,Avenida Isaac Gomes da Costa,notOnPDC,Ciclofaixa
3597,realizado_fora_pdc,0.1589386,0.1589386,2602902,way/1240293758,Avenida Isaac Gomes da Costa,notOnPDC,Ciclofaixa
3598,realizado_fora_pdc,0.1871543,0.1871543,2602902,way/1240293759,Avenida Isaac Gomes da Costa,notOnPDC,Ciclofaixa
3599,realizado_fora_pdc,0.138434,0.138434,2602902,way/1240293760,Avenida Isaac Gomes da Costa,notOnPDC,Ciclofaixa
3600,realizado_fora_pdc,0.2208231,0.2208231,2602902,way/1298188775,Rua Marcos Antonio de Barros,notOnPDC,Ciclovia
3601,realizado_fora_pdc,0.2401523,0.2401523,2602902,way/1298188776,Calçadão do Estudante,notOnPDC,Calçada compartilhada
3602,realizado_fora_pdc,0.244081,0.244081,2602902,way/1298192373,Calçadão da Praça de Gaibu,notOnPDC,Calçada compartilhada
3603,realizado_fora_pdc,0.6471995,0.6471995,2602902,way/1303699617,PE-060,notOnPDC,Ciclovia
3604,realizado_fora_pdc,0.3612967,0.3612967,2602902,way/1338144205,,notOnPDC,Ciclovia
3605,realizado_fora_pdc,0.7775083,0.7775083,2602902,way/1338144206,,notOnPDC,Ciclovia
3606,realizado_fora_pdc,0.3415758,0.3415758,2603454,way/605949576,,notOnPDC,Calçada compartilhada
3607,realizado_fora_pdc,0.1888651,0.1888651,2603454,way/637642165,Rua Padre Ozeas Cavalcante,notOnPDC,Ciclofaixa
3608,realizado_fora_pdc,0.1089814,0.1089814,2603454,way/637642167,Rua Manoel Honorato da Costa,notOnPDC,Ciclofaixa
3609,realizado_fora_pdc,0.4150539,0.4150539,2603454,way/757376864,Rua Manoel Honorato da Costa,notOnPDC,Ciclofaixa
3610,realizado_fora_pdc,0.0095117,0.0095117,2603454,way/968918277,Rua Manoel Honorato da Costa,notOnPDC,Ciclofaixa
3611,realizado_fora_pdc,0.0168901,0.0168901,2603454,way/968918278,Rua Manoel Honorato da Costa,notOnPDC,Ciclofaixa
3612,realizado_fora_pdc,0.0079502,0.0079502,2603454,way/990987044,Rua Manoel Honorato da Costa,notOnPDC,Ciclofaixa
3613,realizado_fora_pdc,0.3438286,0.3438286,2607208,way/23393273,Avenida Manoel Gomes da Silva,notOnPDC,Ciclofaixa
3614,realizado_fora_pdc,0.13578,0.13578,2607208,way/189139471,Rua Mario Julio do Rego,notOnPDC,Ciclofaixa
3615,realizado_fora_pdc,0.3688587,0.3688587,2607208,way/189139479,Rua Silvino Alves da Silva,notOnPDC,Ciclofaixa
3616,realizado_fora_pdc,0.4529801,0.4529801,2607208,way/189139488,Rua Cristovão de Souza Leão,notOnPDC,Ciclofaixa
3617,realizado_fora_pdc,0.1143955,0.1143955,2607208,way/364084408,Travessa Cristóvão de Souza Leão,notOnPDC,Ciclofaixa
3618,realizado_fora_pdc,0.4426282,0.4426282,2607208,way/488151048,Avenida Califórnia,notOnPDC,Ciclofaixa
3619,realizado_fora_pdc,0.5460575,0.5460575,2607208,way/548908039,Avenida Califórnia,notOnPDC,Ciclofaixa
3620,realizado_fora_pdc,0.1797605,0.1797605,2607208,way/548908047,Avenida Califórnia,notOnPDC,Ciclofaixa
3621,realizado_fora_pdc,0.0642737,0.0642737,2607208,way/1305013762,Rua Mario Julio do Rego,notOnPDC,Ciclofaixa
3622,realizado_fora_pdc,2.0163306,2.0163306,2607901,way/151430876,Rua do Canal,notOnPDC,Ciclofaixa
3623,realizado_fora_pdc,0.4139731,0.4139731,2607901,way/435581643,,notOnPDC,Ciclorrota
3624,realizado_fora_pdc,0.0091853,0.0091853,2607901,way/823859823,,notOnPDC,Ciclovia
3625,realizado_fora_pdc,0.1745059,0.1745059,2607901,way/847197748,,notOnPDC,Ciclovia
3626,realizado_fora_pdc,1.0638643,1.0638643,2611606,way/901242726,Avenida Júlio César,notOnPDC,Ciclofaixa
3627,realizado_fora_pdc,0.1742503,0.1742503,2607901,way/1064563603,,notOnPDC,Ciclovia
3628,realizado_fora_pdc,1.9000071,1.9000071,2607901,way/1104827989,Ciclovia Beira Mar,notOnPDC,Ciclovia
3629,realizado_fora_pdc,0.8088943,0.8088943,2607901,way/1207897809,,notOnPDC,Ciclovia
3630,realizado_fora_pdc,0.0254685,0.0254685,2607901,way/1303282577,,notOnPDC,Ciclovia
3631,realizado_fora_pdc,0.1116406,0.1116406,2607901,way/1303282584,,notOnPDC,Ciclovia
3632,realizado_fora_pdc,0.0364138,0.0364138,2607901,way/1303282585,,notOnPDC,Ciclovia
3633,realizado_fora_pdc,0.0203163,0.0203163,2607901,way/1303282587,,notOnPDC,Ciclovia
3634,realizado_fora_pdc,0.021393,0.021393,2607901,way/1303282588,,notOnPDC,Ciclovia
3635,realizado_fora_pdc,0.0174252,0.0174252,2607901,way/1303282589,,notOnPDC,Ciclovia
3636,realizado_fora_pdc,0.0225403,0.0225403,2607901,way/1303282590,,notOnPDC,Ciclovia
3637,realizado_fora_pdc,0.0413103,0.0413103,2607901,way/1303282591,,notOnPDC,Ciclovia
3638,realizado_fora_pdc,0.0135929,0.0135929,2607901,way/1303282592,,notOnPDC,Ciclovia
3639,realizado_fora_pdc,0.0273409,0.0273409,2607901,way/1303282593,,notOnPDC,Ciclovia
3640,realizado_fora_pdc,0.0111132,0.0111132,2607901,way/1303282594,,notOnPDC,Ciclovia
3641,realizado_fora_pdc,0.0426615,0.0426615,2607901,way/1303282595,,notOnPDC,Ciclovia
3642,realizado_fora_pdc,0.0451957,0.0451957,2607901,way/1303282597,,notOnPDC,Ciclovia
3643,realizado_fora_pdc,0.0210664,0.0210664,2607901,way/1303282598,,notOnPDC,Ciclovia
3644,realizado_fora_pdc,0.0527067,0.0527067,2607901,way/1303282601,,notOnPDC,Ciclovia
3645,realizado_fora_pdc,0.035713,0.035713,2607901,way/1303282602,,notOnPDC,Ciclovia
3646,realizado_fora_pdc,0.2097874,0.2097874,2607901,way/1483125553,,notOnPDC,Ciclovia
3647,realizado_fora_pdc,0.1400738,0.1400738,2607901,way/1483125564,,notOnPDC,Ciclovia
3648,realizado_fora_pdc,0.0031696,0.0031696,2609600,way/627213638,Ciclovia Avenida Beira-Mar,notOnPDC,Ciclovia
3649,realizado_fora_pdc,0.4386395,0.4386395,2609600,way/690508636,Ciclovia Camilo Simões,notOnPDC,Ciclovia
3650,realizado_fora_pdc,0.23527,0.23527,2609600,way/762906978,Ciclovia Camilo Simões,notOnPDC,Ciclovia
3651,realizado_fora_pdc,0.0088144,0.0088144,2609600,way/762906979,Ciclovia Camilo Simões,notOnPDC,Ciclovia
3652,realizado_fora_pdc,0.0405038,0.0405038,2610707,way/1453209914,,notOnPDC,Ciclovia
3653,realizado_fora_pdc,0.0719684,0.0719684,2611606,way/42509291,Rua Ministro João Alberto,notOnPDC,Ciclorrota
3654,realizado_fora_pdc,0.1184667,0.1184667,2611606,way/44118743,Avenida Inácio Monteiro,notOnPDC,Ciclofaixa
3655,realizado_fora_pdc,0.0615553,0.0615553,2611606,way/44814745,Rua Marquês de Maricá,notOnPDC,Ciclofaixa
3656,realizado_fora_pdc,0.1088287,0.1088287,2611606,way/51816219,Ponte Velha,notOnPDC,Ciclofaixa
3657,realizado_fora_pdc,0.2622269,0.2622269,2611606,way/51816230,Avenida Rio Branco,notOnPDC,Calçada compartilhada
3658,realizado_fora_pdc,0.056782,0.056782,2611606,way/51829355,Rua da Moeda,notOnPDC,Calçada compartilhada
3659,realizado_fora_pdc,0.3418177,0.3418177,2611606,way/51878744,Rua Monte Castelo,notOnPDC,Ciclofaixa
3660,realizado_fora_pdc,0.1147222,0.1147222,2611606,way/54239687,Rua Velha,notOnPDC,Ciclofaixa
3661,realizado_fora_pdc,0.0833471,0.0833471,2611606,way/54239701,Rua do Aragão,notOnPDC,Ciclorrota
3662,realizado_fora_pdc,0.2794714,0.2794714,2611606,way/85378262,Rua João Cardoso Aires,notOnPDC,Ciclofaixa
3663,realizado_fora_pdc,0.3930177,0.3930177,2611606,way/85529937,Rua Paissandú,notOnPDC,Ciclofaixa
3664,realizado_fora_pdc,0.0757475,0.0757475,2611606,way/85683720,Rua Marcos André,notOnPDC,Ciclofaixa
3665,realizado_fora_pdc,0.2021257,0.2021257,2611606,way/85683725,Rua Marcos André,notOnPDC,Ciclorrota
3666,realizado_fora_pdc,0.0533415,0.0533415,2611606,way/85697891,Rua Marquês do Paraná,notOnPDC,Ciclofaixa
3667,realizado_fora_pdc,0.0717883,0.0717883,2611606,way/85711372,Rua Marechal Deodoro,notOnPDC,Ciclorrota
3668,realizado_fora_pdc,0.1811895,0.1811895,2611606,way/85711373,Rua Antônio Rangel,notOnPDC,Ciclofaixa
3669,realizado_fora_pdc,0.0291853,0.0291853,2611606,way/85741105,Rua Marechal Deodoro,notOnPDC,Ciclofaixa
3670,realizado_fora_pdc,0.0158453,0.0158453,2611606,way/87240009,Rua Bruno Veloso,notOnPDC,Ciclofaixa
3671,realizado_fora_pdc,0.4124789,0.4124789,2611606,way/87777346,Rua Copacabana,notOnPDC,Ciclorrota
3672,realizado_fora_pdc,0.0166612,0.0166612,2611606,way/87788711,Praça da República,notOnPDC,Ciclofaixa
3673,realizado_fora_pdc,0.2603099,0.2603099,2611606,way/96771433,Rua José Veloso,notOnPDC,Ciclorrota
3674,realizado_fora_pdc,0.1232112,0.1232112,2611606,way/105053856,Rua Itanagé,notOnPDC,Ciclofaixa
3675,realizado_fora_pdc,0.4601068,0.4601068,2611606,way/128149273,Rua da Fundição,notOnPDC,Ciclorrota
3676,realizado_fora_pdc,0.1627254,0.1627254,2611606,way/128149580,Rua da Saudade,notOnPDC,Ciclorrota
3677,realizado_fora_pdc,0.4457463,0.4457463,2611606,way/128149581,Rua da Saudade,notOnPDC,Ciclofaixa
3678,realizado_fora_pdc,0.3321686,0.3321686,2611606,way/128149773,Rua do Riachuelo,notOnPDC,Ciclorrota
3679,realizado_fora_pdc,0.4046068,0.4046068,2611606,way/128149799,Rua do Riachuelo,notOnPDC,Ciclofaixa
3680,realizado_fora_pdc,0.1191724,0.1191724,2611606,way/128149928,Rua Doutor Leopoldo Lins,notOnPDC,Ciclofaixa
3681,realizado_fora_pdc,0.2209275,0.2209275,2611606,way/128158633,Avenida Montevidéu,notOnPDC,Ciclofaixa
3682,realizado_fora_pdc,0.0461281,0.0461281,2611606,way/128158805,Avenida Governador Agamenon Magalhães,notOnPDC,Ciclofaixa
3683,realizado_fora_pdc,0.0285544,0.0285544,2611606,way/128159199,Avenida Governador Agamenon Magalhães,notOnPDC,Ciclofaixa
3684,realizado_fora_pdc,0.0824906,0.0824906,2611606,way/128159481,Avenida Governador Agamenon Magalhães,notOnPDC,Ciclofaixa
3685,realizado_fora_pdc,0.0347183,0.0347183,2611606,way/128159586,Avenida Governador Agamenon Magalhães,notOnPDC,Ciclofaixa
3686,realizado_fora_pdc,0.1561122,0.1561122,2611606,way/128159820,Rua Doutor Leopoldo Lins,notOnPDC,Ciclofaixa
3687,realizado_fora_pdc,0.0330153,0.0330153,2611606,way/128159824,Avenida Montevidéu,notOnPDC,Ciclofaixa
3688,realizado_fora_pdc,0.0575521,0.0575521,2611606,way/128162518,Rua da Palma,notOnPDC,Calçada compartilhada
3689,realizado_fora_pdc,0.5376001,0.5376001,2611606,way/128164046,Avenida Governador Agamenon Magalhães,notOnPDC,Ciclofaixa
3690,realizado_fora_pdc,0.2754726,0.2754726,2611606,way/128164381,Avenida Governador Agamenon Magalhães,notOnPDC,Ciclofaixa
3691,realizado_fora_pdc,0.530934,0.530934,2611606,way/128164383,Rua Othon Paraíso,notOnPDC,Ciclofaixa
3692,realizado_fora_pdc,0.3698039,0.3698039,2611606,way/128216048,Avenida Oliveira Lima,notOnPDC,Ciclofaixa
3693,realizado_fora_pdc,0.0511242,0.0511242,2611606,way/128217716,Avenida Agamenon Magalhães - Pista Local,notOnPDC,Ciclofaixa
3694,realizado_fora_pdc,0.5215523,0.5215523,2611606,way/128219448,Rua Othon Paraíso,notOnPDC,Ciclofaixa
3695,realizado_fora_pdc,0.1501339,0.1501339,2611606,way/128379804,Travessa do Cais da Detenção,notOnPDC,Ciclofaixa
3696,realizado_fora_pdc,0.0103135,0.0103135,2611606,way/128382359,Rua do Hospício,notOnPDC,Ciclofaixa
3697,realizado_fora_pdc,0.0708668,0.0708668,2611606,way/128683793,Avenida João de Barros,notOnPDC,Ciclofaixa
3698,realizado_fora_pdc,0.2546101,0.2546101,2611606,way/128848837,Rua Buenos Aires,notOnPDC,Ciclofaixa
3699,realizado_fora_pdc,0.0667091,0.0667091,2611606,way/128929125,Rua Nova,notOnPDC,Ciclofaixa
3700,realizado_fora_pdc,0.251427,0.251427,2611606,way/128930069,Rua Matias de Albuquerque,notOnPDC,Calçada compartilhada
3701,realizado_fora_pdc,0.1564024,0.1564024,2611606,way/128931108,Rua da Matriz,notOnPDC,Ciclorrota
3702,realizado_fora_pdc,0.3271191,0.3271191,2611606,way/128932739,Rua Imperatriz Teresa Cristina,notOnPDC,Calçada compartilhada
3703,realizado_fora_pdc,0.2829711,0.2829711,2611606,way/129087732,Avenida Cruz Cabugá,notOnPDC,Ciclofaixa
3704,realizado_fora_pdc,0.0664473,0.0664473,2611606,way/129089855,Praça da República,notOnPDC,Ciclofaixa
3705,realizado_fora_pdc,0.1747934,0.1747934,2611606,way/129180251,Rua Antônio Gomes de Freitas,notOnPDC,Ciclofaixa
3706,realizado_fora_pdc,0.0759267,0.0759267,2611606,way/129181110,Rua dos Coelhos,notOnPDC,Ciclorrota
3707,realizado_fora_pdc,0.2958624,0.2958624,2611606,way/129182045,Rua Dom Bosco,notOnPDC,Ciclorrota
3708,realizado_fora_pdc,0.0866193,0.0866193,2611606,way/129483505,Rua Itacari,notOnPDC,Ciclofaixa
3709,realizado_fora_pdc,0.13409,0.13409,2611606,way/129484189,Rua Jean Emile Favre,notOnPDC,Ciclofaixa
3710,realizado_fora_pdc,0.0045838,0.0045838,2611606,way/129484190,Rua Jean Emile Favre,notOnPDC,Ciclofaixa
3711,realizado_fora_pdc,0.0596383,0.0596383,2611606,way/129727073,Rua José de Alencar,notOnPDC,Ciclofaixa
3712,realizado_fora_pdc,0.2237118,0.2237118,2611606,way/129727225,Rua Visconde de Goiana,notOnPDC,Ciclorrota
3713,realizado_fora_pdc,0.1149047,0.1149047,2611606,way/129727280,Rua José de Alencar,notOnPDC,Ciclofaixa
3714,realizado_fora_pdc,0.2528018,0.2528018,2611606,way/129727281,Rua José de Alencar,notOnPDC,Ciclofaixa
3715,realizado_fora_pdc,0.0773443,0.0773443,2611606,way/129727282,Rua José de Alencar,notOnPDC,Ciclofaixa
3716,realizado_fora_pdc,0.2009481,0.2009481,2611606,way/129727410,Rua Senador José Henrique,notOnPDC,Ciclorrota
3717,realizado_fora_pdc,0.0490988,0.0490988,2611606,way/129736369,Rua Rosário da Boa Vista,notOnPDC,Ciclorrota
3718,realizado_fora_pdc,0.4698717,0.4698717,2611606,way/130491810,Rua Padre Inglês,notOnPDC,Ciclofaixa
3719,realizado_fora_pdc,0.074931,0.074931,2611606,way/130888047,Avenida Luiz de Lacerda,notOnPDC,Ciclofaixa
3720,realizado_fora_pdc,0.5530765,0.5530765,2611606,way/130892107,Avenida Maurício de Nassau,notOnPDC,Ciclofaixa
3721,realizado_fora_pdc,0.1433232,0.1433232,2611606,way/130892706,Rua Lindolfo Color,notOnPDC,Ciclofaixa
3722,realizado_fora_pdc,0.2376432,0.2376432,2611606,way/130893508,Rua Lindolfo Color,notOnPDC,Ciclorrota
3723,realizado_fora_pdc,0.3045093,0.3045093,2611606,way/130921222,Rua Carlos Gomes,notOnPDC,Ciclofaixa
3724,realizado_fora_pdc,0.0548955,0.0548955,2611606,way/130922423,Rua Alberto Paiva,notOnPDC,Ciclofaixa
3725,realizado_fora_pdc,0.0188935,0.0188935,2611606,way/130923479,Rua Bruno Veloso,notOnPDC,Ciclofaixa
3726,realizado_fora_pdc,0.0084399,0.0084399,2611606,way/130923581,Rua Félix de Brito Melo,notOnPDC,Ciclorrota
3727,realizado_fora_pdc,0.0036552,0.0036552,2611606,way/130923582,Rua Félix de Brito Melo,notOnPDC,Ciclorrota
3728,realizado_fora_pdc,0.1486197,0.1486197,2611606,way/131144626,Rua Professor Estevão Francisco da Costa,notOnPDC,Ciclofaixa
3729,realizado_fora_pdc,0.2317705,0.2317705,2611606,way/131144672,Rua Odete Monteiro,notOnPDC,Ciclofaixa
3730,realizado_fora_pdc,0.0744326,0.0744326,2611606,way/131144673,Rua Dianópolis,notOnPDC,Ciclofaixa
3731,realizado_fora_pdc,0.2957361,0.2957361,2611606,way/131144677,Rua Marquês de Maricá,notOnPDC,Ciclofaixa
3732,realizado_fora_pdc,0.3961422,0.3961422,2611606,way/131144911,Rua Dez de Novembro,notOnPDC,Ciclofaixa
3733,realizado_fora_pdc,0.4323199,0.4323199,2611606,way/131144912,Rua Tomaz Gonzaga,notOnPDC,Ciclofaixa
3734,realizado_fora_pdc,0.3181799,0.3181799,2611606,way/131144914,Rua Souza Bandeira,notOnPDC,Ciclofaixa
3735,realizado_fora_pdc,0.2881745,0.2881745,2611606,way/131145453,Rua Doutor João Lacerda,notOnPDC,Ciclofaixa
3736,realizado_fora_pdc,0.1032385,0.1032385,2611606,way/131146131,Praça Professor Campelo Barreto,notOnPDC,Ciclofaixa
3737,realizado_fora_pdc,0.1099523,0.1099523,2611606,way/131147884,Rua Carandaí,notOnPDC,Ciclorrota
3738,realizado_fora_pdc,0.0244792,0.0244792,2611606,way/131147889,Avenida Professor Estevão Francisco da Costa,notOnPDC,Ciclorrota
3739,realizado_fora_pdc,0.2467808,0.2467808,2611606,way/131150440,Rua Joaquim Felipe,notOnPDC,Ciclofaixa
3740,realizado_fora_pdc,0.0378677,0.0378677,2611606,way/131280442,Rua Marcos André,notOnPDC,Ciclofaixa
3741,realizado_fora_pdc,0.2694497,0.2694497,2611606,way/131336790,Rua Marcos André,notOnPDC,Ciclofaixa
3742,realizado_fora_pdc,0.1208141,0.1208141,2611606,way/131336791,Rua Real da Torre,notOnPDC,Ciclofaixa
3743,realizado_fora_pdc,0.1945919,0.1945919,2611606,way/131350718,Rua Pio IX,notOnPDC,Ciclorrota
3744,realizado_fora_pdc,0.1410818,0.1410818,2611606,way/131641897,Rua Bruno Veloso,notOnPDC,Ciclofaixa
3745,realizado_fora_pdc,0.1014991,0.1014991,2611606,way/132047861,Rua Treze de Maio,notOnPDC,Ciclofaixa
3746,realizado_fora_pdc,0.3833983,0.3833983,2611606,way/132047862,Rua Bispo Cardoso Ayres,notOnPDC,Ciclofaixa
3747,realizado_fora_pdc,0.0324614,0.0324614,2611606,way/132049149,Rua Doutor Leopoldo Lins,notOnPDC,Ciclofaixa
3748,realizado_fora_pdc,0.0714546,0.0714546,2611606,way/132050435,Rua do Veiga,notOnPDC,Ciclofaixa
3749,realizado_fora_pdc,0.0897917,0.0897917,2611606,way/132055101,Rua Barros Barreto,notOnPDC,Ciclorrota
3750,realizado_fora_pdc,0.2358507,0.2358507,2611606,way/132398668,Rua Alegre,notOnPDC,Ciclofaixa
3751,realizado_fora_pdc,0.0279341,0.0279341,2611606,way/132399063,Rua São Bento,notOnPDC,Ciclofaixa
3752,realizado_fora_pdc,0.8785079,0.8785079,2611606,way/132904329,Rua Parque das Graças,notOnPDC,Ciclorrota
3753,realizado_fora_pdc,0.2592233,0.2592233,2611606,way/133334512,Rua Doutor José Maria,notOnPDC,Ciclofaixa
3754,realizado_fora_pdc,0.1795608,0.1795608,2611606,way/133335251,Rua Alberto Paiva,notOnPDC,Ciclofaixa
3755,realizado_fora_pdc,0.1350872,0.1350872,2611606,way/133335857,Rua Esmeraldino Bandeira,notOnPDC,Ciclofaixa
3756,realizado_fora_pdc,0.722072,0.722072,2611606,way/133438804,Rua Frei Cassimiro,notOnPDC,Ciclofaixa
3757,realizado_fora_pdc,0.7131394,0.7131394,2611606,way/133438945,Rua Frei Cassimiro,notOnPDC,Ciclofaixa
3758,realizado_fora_pdc,0.6557793,0.6557793,2611606,way/133439040,Rua Tupinambás,notOnPDC,Ciclorrota
3759,realizado_fora_pdc,0.5155225,0.5155225,2611606,way/133439341,Rua Barros Barreto,notOnPDC,Ciclorrota
3760,realizado_fora_pdc,0.3453958,0.3453958,2611606,way/134170997,Rua General Abreu e Lima,notOnPDC,Ciclofaixa
3761,realizado_fora_pdc,0.0492321,0.0492321,2611606,way/134171002,Rua General Abreu e Lima,notOnPDC,Ciclofaixa
3762,realizado_fora_pdc,0.1610334,0.1610334,2611606,way/134171262,Rua Neto de Mendonça,notOnPDC,Ciclofaixa
3763,realizado_fora_pdc,0.2192424,0.2192424,2611606,way/134174589,Rua Simão Mendes,notOnPDC,Ciclofaixa
3764,realizado_fora_pdc,0.2203656,0.2203656,2611606,way/134470698,Rua Bruno Veloso,notOnPDC,Ciclofaixa
3765,realizado_fora_pdc,0.2579002,0.2579002,2611606,way/134495018,Rua Feliciano José de Farias,notOnPDC,Ciclorrota
3766,realizado_fora_pdc,0.0647269,0.0647269,2611606,way/135722592,Rua Paulo de Arruda,notOnPDC,Ciclorrota
3767,realizado_fora_pdc,0.271006,0.271006,2611606,way/135722594,Rua Paulo de Arruda,notOnPDC,Ciclorrota
3768,realizado_fora_pdc,0.2355536,0.2355536,2611606,way/135932504,Rua Antônio Rangel,notOnPDC,Ciclofaixa
3769,realizado_fora_pdc,0.0810382,0.0810382,2611606,way/136116572,Rua José Domingues da Silva,notOnPDC,Ciclorrota
3770,realizado_fora_pdc,0.1319577,0.1319577,2611606,way/136121284,Rua São Nicolau,notOnPDC,Ciclofaixa
3771,realizado_fora_pdc,0.0055539,0.0055539,2611606,way/136121287,Rua Pintor Antônio Albuquerque,notOnPDC,Ciclorrota
3772,realizado_fora_pdc,0.1502421,0.1502421,2611606,way/136121288,Rua Itanagé,notOnPDC,Ciclorrota
3773,realizado_fora_pdc,0.1033503,0.1033503,2611606,way/136121484,Rua Virgínia Heráclio,notOnPDC,Ciclofaixa
3774,realizado_fora_pdc,0.1689461,0.1689461,2611606,way/136121781,Rua Potengy,notOnPDC,Ciclofaixa
3775,realizado_fora_pdc,0.2543863,0.2543863,2611606,way/136121782,Rua Blumenau,notOnPDC,Ciclofaixa
3776,realizado_fora_pdc,0.1303857,0.1303857,2611606,way/136122179,Rua São Nicolau,notOnPDC,Ciclofaixa
3777,realizado_fora_pdc,0.1140703,0.1140703,2611606,way/136667786,Avenida Afonso Olindense,notOnPDC,Ciclofaixa
3778,realizado_fora_pdc,0.2622298,0.2622298,2611606,way/137062738,Avenida Prefeito Lima Castro,notOnPDC,Ciclofaixa
3779,realizado_fora_pdc,0.4042919,0.4042919,2611606,way/137746675,Rua Ricardo Salazar,notOnPDC,Ciclorrota
3780,realizado_fora_pdc,0.389108,0.389108,2611606,way/137746686,Rua Ricardo Salazar,notOnPDC,Ciclorrota
3781,realizado_fora_pdc,0.0106865,0.0106865,2611606,way/137746917,Rua Carlos Gomes,notOnPDC,Ciclorrota
3782,realizado_fora_pdc,0.1062249,0.1062249,2611606,way/137747160,Praça da Rua João Crescêncio,notOnPDC,Ciclorrota
3783,realizado_fora_pdc,0.1226586,0.1226586,2611606,way/138285446,Avenida Visconde de Jequitinhonha,notOnPDC,Ciclorrota
3784,realizado_fora_pdc,0.1388905,0.1388905,2611606,way/138285453,Avenida Visconde de Jequitinhonha,notOnPDC,Ciclorrota
3785,realizado_fora_pdc,0.161276,0.161276,2611606,way/139040203,Rua Marechal Deodoro,notOnPDC,Ciclofaixa
3786,realizado_fora_pdc,0.1095978,0.1095978,2611606,way/140478429,Rua da Coragem,notOnPDC,Ciclofaixa
3787,realizado_fora_pdc,0.097043,0.097043,2611606,way/140478430,Rua Retiro Saudoso,notOnPDC,Ciclorrota
3788,realizado_fora_pdc,0.2797106,0.2797106,2611606,way/140478431,Rua Carlos Fernandes,notOnPDC,Ciclorrota
3789,realizado_fora_pdc,0.0936612,0.0936612,2611606,way/140478464,Rua Pedro Alves,notOnPDC,Ciclofaixa
3790,realizado_fora_pdc,0.0260509,0.0260509,2611606,way/140478536,Rua Pedro Alves,notOnPDC,Ciclorrota
3791,realizado_fora_pdc,0.0252489,0.0252489,2611606,way/140478537,Rua Pedro Alves,notOnPDC,Ciclorrota
3792,realizado_fora_pdc,0.0413688,0.0413688,2611606,way/140478540,Praça do Baobá da Encruzilhada,notOnPDC,Ciclorrota
3793,realizado_fora_pdc,0.1082255,0.1082255,2611606,way/140478646,Rua Amaro Coutinho,notOnPDC,Ciclofaixa
3794,realizado_fora_pdc,0.3272984,0.3272984,2611606,way/140478650,Rua Amaro Coutinho,notOnPDC,Ciclofaixa
3795,realizado_fora_pdc,0.1203257,0.1203257,2611606,way/140616408,Rua João Crescêncio,notOnPDC,Ciclorrota
3796,realizado_fora_pdc,0.1140149,0.1140149,2611606,way/140616410,Rua João Crescêncio,notOnPDC,Ciclorrota
3797,realizado_fora_pdc,0.143484,0.143484,2611606,way/141711452,Rua Baltazar Passos,notOnPDC,Ciclorrota
3798,realizado_fora_pdc,0.164037,0.164037,2611606,way/141711856,Avenida Vinte de Janeiro,notOnPDC,Ciclorrota
3799,realizado_fora_pdc,0.0188425,0.0188425,2611606,way/141711861,Rua Baltazar Passos,notOnPDC,Ciclorrota
3800,realizado_fora_pdc,0.0112018,0.0112018,2611606,way/141712575,Avenida Lino Jordão,notOnPDC,Ciclofaixa
3801,realizado_fora_pdc,0.3536551,0.3536551,2611606,way/141724611,Rua Soldado Sinésio de Aragão,notOnPDC,Ciclofaixa
3802,realizado_fora_pdc,0.519834,0.519834,2611606,way/141868412,Rua Camboim,notOnPDC,Ciclorrota
3803,realizado_fora_pdc,0.0423856,0.0423856,2611606,way/141868413,Rua Camboim,notOnPDC,Ciclorrota
3804,realizado_fora_pdc,0.111,0.111,2611606,way/141868494,Rua Waldemar Nery Carneiro Monteiro,notOnPDC,Ciclorrota
3805,realizado_fora_pdc,0.1058557,0.1058557,2611606,way/141868688,Rua Cosmorama,notOnPDC,Ciclofaixa
3806,realizado_fora_pdc,0.0621178,0.0621178,2611606,way/141868689,Rua Cosmorama,notOnPDC,Ciclofaixa
3807,realizado_fora_pdc,0.233894,0.233894,2611606,way/141868697,Rua Cosmorama,notOnPDC,Ciclofaixa
3808,realizado_fora_pdc,0.3166867,0.3166867,2611606,way/141871387,Rua Cosmorama,notOnPDC,Ciclofaixa
3809,realizado_fora_pdc,0.194487,0.194487,2611606,way/141873584,Rua Copacabana,notOnPDC,Ciclorrota
3810,realizado_fora_pdc,0.0562096,0.0562096,2611606,way/142229454,Rua dos Craveiros,notOnPDC,Ciclorrota
3811,realizado_fora_pdc,0.1041123,0.1041123,2611606,way/142333429,Rua Doutor Alberto Wanderley,notOnPDC,Ciclorrota
3812,realizado_fora_pdc,0.029273,0.029273,2611606,way/142333444,Rua Doutor Alberto Wanderley,notOnPDC,Ciclorrota
3813,realizado_fora_pdc,0.2182567,0.2182567,2611606,way/144180416,Avenida Sebastião Salazar,notOnPDC,Ciclorrota
3814,realizado_fora_pdc,0.0558238,0.0558238,2611606,way/144180418,Rua Arão Butler,notOnPDC,Ciclofaixa
3815,realizado_fora_pdc,0.2376735,0.2376735,2611606,way/144474968,Rua Marquês do Paraná,notOnPDC,Ciclofaixa
3816,realizado_fora_pdc,0.1252694,0.1252694,2611606,way/144474970,Rua Marquês do Paraná,notOnPDC,Ciclofaixa
3817,realizado_fora_pdc,0.0744381,0.0744381,2611606,way/144475524,Rua Doutor Fernando Allain,notOnPDC,Ciclorrota
3818,realizado_fora_pdc,0.261689,0.261689,2611606,way/144479322,Rua José Paraíso,notOnPDC,Ciclorrota
3819,realizado_fora_pdc,0.1955816,0.1955816,2611606,way/144479335,Rua Dona Uzinha Nunes,notOnPDC,Ciclorrota
3820,realizado_fora_pdc,0.1122483,0.1122483,2611606,way/145218257,Rua Padre Lemos,notOnPDC,Ciclofaixa
3821,realizado_fora_pdc,0.5638572,0.5638572,2611606,way/146629879,Rua Comendador Franco Ferreira,notOnPDC,Ciclorrota
3822,realizado_fora_pdc,0.0460728,0.0460728,2611606,way/146631254,Rua Cônsul Vilares Fragoso,notOnPDC,Ciclorrota
3823,realizado_fora_pdc,0.3677471,0.3677471,2611606,way/146631258,Rua Itapemirim,notOnPDC,Ciclorrota
3824,realizado_fora_pdc,0.0266232,0.0266232,2611606,way/151153197,Avenida República Árabe Unida,notOnPDC,Ciclofaixa
3825,realizado_fora_pdc,0.1408566,0.1408566,2611606,way/151161332,Rua Prudente de Morais,notOnPDC,Ciclorrota
3826,realizado_fora_pdc,0.0069206,0.0069206,2611606,way/151161335,Rua Mem de Sá,notOnPDC,Ciclofaixa
3827,realizado_fora_pdc,0.2468324,0.2468324,2611606,way/151161786,Rua Couto Magalhães,notOnPDC,Ciclofaixa
3828,realizado_fora_pdc,0.0842926,0.0842926,2611606,way/151161787,Avenida Santos Dumont,notOnPDC,Ciclofaixa
3829,realizado_fora_pdc,0.1714939,0.1714939,2611606,way/151261445,Rua Madre Rosa Gattorno,notOnPDC,Ciclofaixa
3830,realizado_fora_pdc,0.2052804,0.2052804,2611606,way/151261446,Rua Fonseca Oliveira,notOnPDC,Ciclorrota
3831,realizado_fora_pdc,0.1106943,0.1106943,2611606,way/151271546,Rua Treze de Junho,notOnPDC,Ciclofaixa
3832,realizado_fora_pdc,0.2240827,0.2240827,2611606,way/151316749,Rua Itaimbé,notOnPDC,Ciclorrota
3833,realizado_fora_pdc,0.1962523,0.1962523,2611606,way/151437922,Rua João Cardoso Aires,notOnPDC,Ciclorrota
3834,realizado_fora_pdc,0.1207019,0.1207019,2611606,way/151437923,Rua João Cardoso Aires,notOnPDC,Ciclofaixa
3835,realizado_fora_pdc,0.5477796,0.5477796,2611606,way/151676121,Avenida Pinheiros,notOnPDC,Ciclofaixa
3836,realizado_fora_pdc,0.1900234,0.1900234,2611606,way/151676545,Rua Engenheiro José Brandão Cavalcante,notOnPDC,Ciclofaixa
3837,realizado_fora_pdc,0.2445695,0.2445695,2611606,way/151676546,Rua Engenheiro José Brandão Cavalcante,notOnPDC,Ciclofaixa
3838,realizado_fora_pdc,0.1813048,0.1813048,2611606,way/152290834,Rua Amélia Xavier Sampaio,notOnPDC,Ciclofaixa
3839,realizado_fora_pdc,0.1490707,0.1490707,2611606,way/152291289,Avenida José Ferreira Lins,notOnPDC,Ciclofaixa
3840,realizado_fora_pdc,0.0393407,0.0393407,2611606,way/152291292,Rua José Nogueira,notOnPDC,Ciclofaixa
3841,realizado_fora_pdc,0.1134079,0.1134079,2611606,way/152291293,Rua Nova Verona,notOnPDC,Ciclofaixa
3842,realizado_fora_pdc,0.148501,0.148501,2611606,way/152291346,Avenida José Ferreira Lins,notOnPDC,Ciclofaixa
3843,realizado_fora_pdc,0.328125,0.328125,2611606,way/152291349,Avenida José Ferreira Lins,notOnPDC,Ciclofaixa
3844,realizado_fora_pdc,0.2957296,0.2957296,2611606,way/152291434,Avenida Engenheiro Alves Souza,notOnPDC,Ciclofaixa
3845,realizado_fora_pdc,0.1271512,0.1271512,2611606,way/157802065,Rua Dona Elvira,notOnPDC,Ciclofaixa
3846,realizado_fora_pdc,0.1951579,0.1951579,2611606,way/159759923,Rua Professor Pedro Augusto,notOnPDC,Ciclorrota
3847,realizado_fora_pdc,0.303519,0.303519,2611606,way/159761759,Rua Major Godofredo Luiz Pereira de Lima,notOnPDC,Ciclorrota
3848,realizado_fora_pdc,0.0873819,0.0873819,2611606,way/161177696,Rua João Cardoso Aires,notOnPDC,Ciclofaixa
3849,realizado_fora_pdc,0.0193268,0.0193268,2611606,way/161613602,Avenida Maurício de Nassau,notOnPDC,Ciclofaixa
3850,realizado_fora_pdc,0.1680622,0.1680622,2611606,way/161764468,Rua Jornalista Cleófas de Oliveira,notOnPDC,Ciclofaixa
3851,realizado_fora_pdc,0.0732773,0.0732773,2611606,way/161784496,Rua Allan Kardec,notOnPDC,Ciclofaixa
3852,realizado_fora_pdc,0.2656854,0.2656854,2611606,way/161784499,Rua Jalisco,notOnPDC,Ciclofaixa
3853,realizado_fora_pdc,0.2697152,0.2697152,2611606,way/161784501,Rua Guadalajara,notOnPDC,Ciclofaixa
3854,realizado_fora_pdc,0.1332805,0.1332805,2611606,way/161784502,Avenida Sul,notOnPDC,Ciclofaixa
3855,realizado_fora_pdc,0.1725263,0.1725263,2611606,way/161831685,Ciclovia Mimoso do Sul,notOnPDC,Ciclovia
3856,realizado_fora_pdc,0.2108592,0.2108592,2611606,way/162647068,Avenida Sul,notOnPDC,Ciclofaixa
3857,realizado_fora_pdc,0.0208366,0.0208366,2611606,way/162651294,Rua Jornalista Cleófas de Oliveira,notOnPDC,Ciclofaixa
3858,realizado_fora_pdc,0.0138266,0.0138266,2611606,way/163774408,Avenida Senador Robert Kennedy,notOnPDC,Ciclorrota
3859,realizado_fora_pdc,0.5743833,0.5743833,2611606,way/166080506,Rua Doutor Miguel Vieira Ferreira,notOnPDC,Ciclorrota
3860,realizado_fora_pdc,0.340811,0.340811,2611606,way/172246559,Rua Compositor Vinícius de Morais,notOnPDC,Ciclovia
3861,realizado_fora_pdc,0.4884371,0.4884371,2611606,way/174870096,Avenida Governador Agamenon Magalhães,notOnPDC,Ciclofaixa
3862,realizado_fora_pdc,0.236131,0.236131,2611606,way/174870303,Rua Professor Francisco da Trindade,notOnPDC,Ciclofaixa
3863,realizado_fora_pdc,0.3653541,0.3653541,2611606,way/174870305,Rua Professor Francisco da Trindade,notOnPDC,Ciclofaixa
3864,realizado_fora_pdc,0.2351126,0.2351126,2611606,way/174871099,Rua Hermílio Gomes,notOnPDC,Ciclofaixa
3865,realizado_fora_pdc,0.6032253,0.6032253,2611606,way/174871800,Rua Marquês de Abrantes,notOnPDC,Ciclofaixa
3866,realizado_fora_pdc,0.046434,0.046434,2611606,way/192005246,Rua Comendador Franco Ferreira,notOnPDC,Ciclorrota
3867,realizado_fora_pdc,0.0256081,0.0256081,2611606,way/192028747,Avenida Engenheiro Abdias de Carvalho - Pista Lateral,notOnPDC,Ciclorrota
3868,realizado_fora_pdc,0.1225974,0.1225974,2611606,way/195010589,Rua Emiliano Braga,notOnPDC,Ciclofaixa
3869,realizado_fora_pdc,0.3167451,0.3167451,2611606,way/197960452,Rua Jerônimo de Albuquerque,notOnPDC,Ciclorrota
3870,realizado_fora_pdc,0.1207772,0.1207772,2611606,way/197960564,Rua de Casa Forte,notOnPDC,Ciclorrota
3871,realizado_fora_pdc,0.0344001,0.0344001,2611606,way/197960569,Rua de Casa Forte,notOnPDC,Ciclorrota
3872,realizado_fora_pdc,0.4771503,0.4771503,2611606,way/198058614,Rua da Harmonia,notOnPDC,Ciclofaixa
3873,realizado_fora_pdc,0.1487986,0.1487986,2611606,way/198196114,Rua Silvino Lopes,notOnPDC,Ciclorrota
3874,realizado_fora_pdc,0.1242545,0.1242545,2611606,way/198196286,Rua Doutor Samuel Lins,notOnPDC,Ciclorrota
3875,realizado_fora_pdc,0.0211299,0.0211299,2611606,way/198246703,Rua Ambrósio Machado,notOnPDC,Ciclofaixa
3876,realizado_fora_pdc,0.0197452,0.0197452,2611606,way/198246704,Rua Ambrósio Machado,notOnPDC,Ciclofaixa
3877,realizado_fora_pdc,0.1906113,0.1906113,2611606,way/198968988,Rua Mauricéia,notOnPDC,Ciclorrota
3878,realizado_fora_pdc,0.1423664,0.1423664,2611606,way/198989347,Rua Emiliano Braga,notOnPDC,Ciclofaixa
3879,realizado_fora_pdc,0.71495,0.71495,2611606,way/198990835,Rua Gaspar Perez,notOnPDC,Ciclofaixa
3880,realizado_fora_pdc,0.2279026,0.2279026,2611606,way/199434199,Rua Paula Batista,notOnPDC,Ciclofaixa
3881,realizado_fora_pdc,0.0135836,0.0135836,2611606,way/199434203,Rua Paula Batista,notOnPDC,Ciclofaixa
3882,realizado_fora_pdc,0.198533,0.198533,2611606,way/199697128,Rua Xavantes,notOnPDC,Ciclofaixa
3883,realizado_fora_pdc,0.2133594,0.2133594,2611606,way/199698447,Rua Pedro Allain,notOnPDC,Ciclofaixa
3884,realizado_fora_pdc,0.0265846,0.0265846,2611606,way/199698617,Rua Pedro Allain,notOnPDC,Ciclorrota
3885,realizado_fora_pdc,0.113389,0.113389,2611606,way/199699061,Rua Rev Antônio Queiroz,notOnPDC,Ciclorrota
3886,realizado_fora_pdc,0.0108683,0.0108683,2611606,way/199703491,Rua Paula Batista,notOnPDC,Ciclofaixa
3887,realizado_fora_pdc,0.1141429,0.1141429,2611606,way/199703493,Praça do Trabalho,notOnPDC,Ciclofaixa
3888,realizado_fora_pdc,0.0788262,0.0788262,2611606,way/199706753,Rua Coronel João Batista do Rego Barros,notOnPDC,Ciclorrota
3889,realizado_fora_pdc,0.0441443,0.0441443,2611606,way/199869537,Rua Antônio Valdevino da Costa,notOnPDC,Ciclorrota
3890,realizado_fora_pdc,0.0472349,0.0472349,2611606,way/199875826,Rua Doutora Antônia Dias,notOnPDC,Ciclorrota
3891,realizado_fora_pdc,0.2544642,0.2544642,2611606,way/199879695,Rua Tamboril,notOnPDC,Ciclorrota
3892,realizado_fora_pdc,0.288823,0.288823,2611606,way/199881222,Avenida Inácio Monteiro,notOnPDC,Ciclofaixa
3893,realizado_fora_pdc,0.5619813,0.5619813,2611606,way/199881559,Avenida Inácio Monteiro,notOnPDC,Ciclofaixa
3894,realizado_fora_pdc,0.5965535,0.5965535,2611606,way/199890276,Rua Professor Joaquim Xavier de Brito,notOnPDC,Ciclofaixa
3895,realizado_fora_pdc,0.7372148,0.7372148,2611606,way/199890280,Rua Professor Joaquim Xavier de Brito,notOnPDC,Ciclofaixa
3896,realizado_fora_pdc,0.0845625,0.0845625,2611606,way/201514523,Praça do Monteiro,notOnPDC,Calçada compartilhada
3897,realizado_fora_pdc,0.1022712,0.1022712,2611606,way/202051912,Rua Professor Estevão Francisco da Costa,notOnPDC,Ciclofaixa
3898,realizado_fora_pdc,0.1918288,0.1918288,2611606,way/202233890,Avenida Nossa Senhora da Saúde,notOnPDC,Ciclofaixa
3899,realizado_fora_pdc,0.1030245,0.1030245,2611606,way/202233953,Avenida Nossa Senhora da Saúde,notOnPDC,Ciclofaixa
3900,realizado_fora_pdc,0.2068253,0.2068253,2611606,way/202234360,Rua Pereira Coutinho Filho,notOnPDC,Ciclofaixa
3901,realizado_fora_pdc,0.6933901,0.6933901,2611606,way/202234462,Rua Leal de Barros,notOnPDC,Ciclorrota
3902,realizado_fora_pdc,0.3615227,0.3615227,2611606,way/202234487,Rua Doutor José Anastacio da Silva Guimarães,notOnPDC,Ciclorrota
3903,realizado_fora_pdc,0.1893851,0.1893851,2611606,way/202234499,Rua Doutor José Anastacio da Silva Guimarães,notOnPDC,Ciclorrota
3904,realizado_fora_pdc,0.3469809,0.3469809,2611606,way/202234715,Rua Pereira Coutinho Filho,notOnPDC,Ciclofaixa
3905,realizado_fora_pdc,0.1978959,0.1978959,2611606,way/203054011,Rua General Vargas,notOnPDC,Ciclofaixa
3906,realizado_fora_pdc,0.0181347,0.0181347,2611606,way/203054049,Rua General Vargas,notOnPDC,Ciclofaixa
3907,realizado_fora_pdc,0.3534629,0.3534629,2611606,way/203054050,Rua General Vargas,notOnPDC,Ciclofaixa
3908,realizado_fora_pdc,0.3547137,0.3547137,2611606,way/204066990,Rua Desembargador Oscar Coutinho,notOnPDC,Ciclofaixa
3909,realizado_fora_pdc,0.102348,0.102348,2611606,way/204067608,Avenida Jornalista Possidonio Cavalcanti Bastos,notOnPDC,Ciclofaixa
3910,realizado_fora_pdc,0.2289335,0.2289335,2611606,way/204067669,Rua Maria de Fátima Soares,notOnPDC,Ciclofaixa
3911,realizado_fora_pdc,0.0866553,0.0866553,2611606,way/206614710,Rua Emiliano Braga,notOnPDC,Ciclofaixa
3912,realizado_fora_pdc,0.6777547,0.6777547,2611606,way/222816816,Avenida José Américo de Almeida,notOnPDC,Ciclofaixa
3913,realizado_fora_pdc,0.1029735,0.1029735,2611606,way/223088213,Rua Setúbal,notOnPDC,Ciclorrota
3914,realizado_fora_pdc,0.0768608,0.0768608,2611606,way/223418529,Rua Visconde de Itaparica,notOnPDC,Ciclorrota
3915,realizado_fora_pdc,0.0096115,0.0096115,2611606,way/223419656,Rua Marcos André,notOnPDC,Ciclofaixa
3916,realizado_fora_pdc,0.1559169,0.1559169,2611606,way/224067520,Rua Cosmorama,notOnPDC,Ciclofaixa
3917,realizado_fora_pdc,0.35724,0.35724,2611606,way/241710312,Rua Ferreira Lopes,notOnPDC,Ciclofaixa
3918,realizado_fora_pdc,0.0080926,0.0080926,2611606,way/242552958,Rua Jerônimo Vilela,notOnPDC,Ciclofaixa
3919,realizado_fora_pdc,0.00694,0.00694,2611606,way/242552959,Rua Jerônimo Vilela,notOnPDC,Ciclofaixa
3920,realizado_fora_pdc,0.0274513,0.0274513,2611606,way/242552960,Rua Jerônimo Vilela,notOnPDC,Ciclofaixa
3921,realizado_fora_pdc,0.2184993,0.2184993,2611606,way/243358111,Rua do Pombal,notOnPDC,Ciclofaixa
3922,realizado_fora_pdc,0.0942449,0.0942449,2611606,way/246172562,Rua Pio IX,notOnPDC,Ciclorrota
3923,realizado_fora_pdc,0.1127787,0.1127787,2611606,way/247441640,Rua Elvira Carreira de Oliveira,notOnPDC,Ciclorrota
3924,realizado_fora_pdc,0.1188339,0.1188339,2611606,way/248065090,Rua Azeredo Coutinho,notOnPDC,Ciclorrota
3925,realizado_fora_pdc,0.1522178,0.1522178,2611606,way/248083330,Rua Francisco Lacerda,notOnPDC,Ciclorrota
3926,realizado_fora_pdc,0.0252555,0.0252555,2611606,way/250696581,Rua Doutora Antônia Dias,notOnPDC,Ciclorrota
3927,realizado_fora_pdc,0.1095788,0.1095788,2611606,way/250696582,Rua Doutora Antônia Dias,notOnPDC,Ciclorrota
3928,realizado_fora_pdc,0.0532528,0.0532528,2611606,way/255536652,Rua Urubici,notOnPDC,Ciclofaixa
3929,realizado_fora_pdc,0.0326231,0.0326231,2611606,way/257938682,Rua Marcos André,notOnPDC,Ciclofaixa
3930,realizado_fora_pdc,0.1206171,0.1206171,2611606,way/294900080,Rua Doutor Joaquim dos Santos Souto,notOnPDC,Ciclorrota
3931,realizado_fora_pdc,0.0113563,0.0113563,2611606,way/305934846,Rua Marechal Deodoro,notOnPDC,Ciclofaixa
3932,realizado_fora_pdc,0.3722096,0.3722096,2611606,way/307186021,Rua Itacari,notOnPDC,Ciclofaixa
3933,realizado_fora_pdc,0.0122307,0.0122307,2611606,way/311596116,Avenida Santos Dumont,notOnPDC,Ciclofaixa
3934,realizado_fora_pdc,0.1074627,0.1074627,2611606,way/313482028,Praça do Trabalho,notOnPDC,Ciclofaixa
3935,realizado_fora_pdc,0.298031,0.298031,2611606,way/314754232,Rua Ministro João Alberto,notOnPDC,Ciclofaixa
3936,realizado_fora_pdc,0.1339202,0.1339202,2611606,way/314754239,Avenida Nossa Senhora da Saúde,notOnPDC,Ciclofaixa
3937,realizado_fora_pdc,0.0146278,0.0146278,2611606,way/314754298,Rua Carlos Gomes,notOnPDC,Ciclofaixa
3938,realizado_fora_pdc,0.4775481,0.4775481,2611606,way/315073865,Avenida Governador Agamenon Magalhães,notOnPDC,Ciclofaixa
3939,realizado_fora_pdc,0.0118476,0.0118476,2611606,way/315073866,Rua Doutor Leopoldo Lins,notOnPDC,Ciclofaixa
3940,realizado_fora_pdc,0.1292776,0.1292776,2611606,way/315073914,Praça Miguel de Cervantes,notOnPDC,Ciclofaixa
3941,realizado_fora_pdc,0.3022284,0.3022284,2611606,way/315669175,Rua Salvador de Sá,notOnPDC,Ciclorrota
3942,realizado_fora_pdc,0.2475938,0.2475938,2611606,way/316156842,Rua do Hospício,notOnPDC,Ciclofaixa
3943,realizado_fora_pdc,0.0726406,0.0726406,2611606,way/316212658,Rua do Riachuelo,notOnPDC,Ciclorrota
3944,realizado_fora_pdc,0.0345403,0.0345403,2611606,way/316609895,Rua General Abreu e Lima,notOnPDC,Ciclovia
3945,realizado_fora_pdc,0.0033125,0.0033125,2611606,way/316609908,Rua Mem de Sá,notOnPDC,Ciclofaixa
3946,realizado_fora_pdc,0.1406334,0.1406334,2611606,way/316609909,Rua Mem de Sá,notOnPDC,Ciclofaixa
3947,realizado_fora_pdc,0.0126195,0.0126195,2611606,way/316614634,Rua Marechal Deodoro,notOnPDC,Ciclofaixa
3948,realizado_fora_pdc,0.1048487,0.1048487,2611606,way/316614635,Rua Marechal Deodoro,notOnPDC,Ciclorrota
3949,realizado_fora_pdc,0.3350977,0.3350977,2611606,way/316614636,Rua Marechal Deodoro,notOnPDC,Ciclofaixa
3950,realizado_fora_pdc,0.1639416,0.1639416,2611606,way/316614641,Avenida Agamenon Magalhães - Pista Local,notOnPDC,Ciclofaixa
3951,realizado_fora_pdc,0.0765654,0.0765654,2611606,way/316676594,Rua Floriano Peixoto,notOnPDC,Ciclofaixa
3952,realizado_fora_pdc,0.1677286,0.1677286,2611606,way/316707910,Rua Barão de São Borja,notOnPDC,Ciclorrota
3953,realizado_fora_pdc,0.0891472,0.0891472,2611606,way/316707911,Rua Barão de São Borja,notOnPDC,Ciclorrota
3954,realizado_fora_pdc,0.1225845,0.1225845,2611606,way/316707912,Rua Bispo Cardoso Ayres,notOnPDC,Ciclofaixa
3955,realizado_fora_pdc,0.1073454,0.1073454,2611606,way/316707918,Rua José de Alencar,notOnPDC,Ciclofaixa
3956,realizado_fora_pdc,0.2663949,0.2663949,2611606,way/316707919,Rua João Fernandes Vieira,notOnPDC,Ciclofaixa
3957,realizado_fora_pdc,0.2327939,0.2327939,2611606,way/316707920,Rua João Fernandes Vieira,notOnPDC,Ciclofaixa
3958,realizado_fora_pdc,0.0957357,0.0957357,2611606,way/316707924,Rua Visconde de Goiana,notOnPDC,Ciclorrota
3959,realizado_fora_pdc,0.092471,0.092471,2611606,way/316740724,Rua Isaac Markman,notOnPDC,Ciclorrota
3960,realizado_fora_pdc,0.0264037,0.0264037,2611606,way/317078459,Rua Doutor Miguel Vieira Ferreira,notOnPDC,Ciclorrota
3961,realizado_fora_pdc,0.0414185,0.0414185,2611606,way/317078460,Rua Doutor Miguel Vieira Ferreira,notOnPDC,Ciclorrota
3962,realizado_fora_pdc,0.0290552,0.0290552,2611606,way/317078463,Rua General Vargas,notOnPDC,Ciclofaixa
3963,realizado_fora_pdc,0.1811409,0.1811409,2611606,way/317078468,Rua Lindolfo Color,notOnPDC,Ciclofaixa
3964,realizado_fora_pdc,0.1576636,0.1576636,2611606,way/317078469,Rua Lindolfo Color,notOnPDC,Ciclofaixa
3965,realizado_fora_pdc,0.1213687,0.1213687,2611606,way/317078470,Rua Doutor Miguel Vieira Ferreira,notOnPDC,Ciclorrota
3966,realizado_fora_pdc,0.090447,0.090447,2611606,way/317078471,Rua Mauricéia,notOnPDC,Ciclofaixa
3967,realizado_fora_pdc,0.0062818,0.0062818,2611606,way/317181017,Rua Ministro João Alberto,notOnPDC,Ciclofaixa
3968,realizado_fora_pdc,0.2033233,0.2033233,2611606,way/317189750,Rua Alegre,notOnPDC,Ciclofaixa
3969,realizado_fora_pdc,0.3430077,0.3430077,2611606,way/317189755,Rua São Bento,notOnPDC,Ciclofaixa
3970,realizado_fora_pdc,0.0902649,0.0902649,2611606,way/317208212,Rua Souza Bandeira,notOnPDC,Ciclofaixa
3971,realizado_fora_pdc,0.1096686,0.1096686,2611606,way/317261158,Estrada do Encanamento,notOnPDC,Ciclofaixa
3972,realizado_fora_pdc,0.0750185,0.0750185,2611606,way/317261176,Rua Doutor Samuel Lins,notOnPDC,Ciclorrota
3973,realizado_fora_pdc,0.1596246,0.1596246,2611606,way/317261179,Rua Ferreira Lopes,notOnPDC,Ciclofaixa
3974,realizado_fora_pdc,0.0974873,0.0974873,2611606,way/317261194,Rua da Harmonia,notOnPDC,Ciclofaixa
3975,realizado_fora_pdc,0.4075199,0.4075199,2611606,way/317313979,Avenida Sebastião Salazar,notOnPDC,Ciclorrota
3976,realizado_fora_pdc,0.0535878,0.0535878,2611606,way/317314009,Rua Doutor Alberto Wanderley,notOnPDC,Ciclofaixa
3977,realizado_fora_pdc,0.0338397,0.0338397,2611606,way/317314015,Avenida Cidade de Monteiro,notOnPDC,Ciclofaixa
3978,realizado_fora_pdc,0.0598558,0.0598558,2611606,way/317402246,Rotatória do Açude de Apipucos,notOnPDC,Ciclorrota
3979,realizado_fora_pdc,0.0572541,0.0572541,2611606,way/317402247,Rua Coronel João Batista do Rego Barros,notOnPDC,Ciclofaixa
3980,realizado_fora_pdc,0.1080053,0.1080053,2611606,way/318205720,Rua Amaro Coutinho,notOnPDC,Ciclofaixa
3981,realizado_fora_pdc,0.2194746,0.2194746,2611606,way/318869508,Avenida Afonso Olindense,notOnPDC,Ciclorrota
3982,realizado_fora_pdc,0.0326679,0.0326679,2611606,way/318895501,Rua Couto Magalhães,notOnPDC,Ciclorrota
3983,realizado_fora_pdc,0.4260196,0.4260196,2611606,way/319293365,Avenida Pinheiros,notOnPDC,Ciclofaixa
3984,realizado_fora_pdc,0.1484686,0.1484686,2611606,way/319318749,Ponte da Boa Vista,notOnPDC,Ciclofaixa
3985,realizado_fora_pdc,0.1976733,0.1976733,2611606,way/319318752,Rua Nova,notOnPDC,Calçada compartilhada
3986,realizado_fora_pdc,0.1336703,0.1336703,2611606,way/319476043,Avenida Dantas Barreto,notOnPDC,Ciclofaixa
3987,realizado_fora_pdc,0.1684439,0.1684439,2611606,way/319476046,Avenida Dantas Barreto,notOnPDC,Ciclorrota
3988,realizado_fora_pdc,0.28255,0.28255,2611606,way/320212004,Rua Barão de São Borja,notOnPDC,Ciclorrota
3989,realizado_fora_pdc,0.0430634,0.0430634,2611606,way/339199758,Avenida República Árabe Unida,notOnPDC,Ciclofaixa
3990,realizado_fora_pdc,0.2542151,0.2542151,2611606,way/366223356,Rua do Bom Jesus,notOnPDC,Calçada compartilhada
3991,realizado_fora_pdc,0.0636962,0.0636962,2611606,way/367517837,Rua Benfica,notOnPDC,Ciclofaixa
3992,realizado_fora_pdc,0.1561642,0.1561642,2611606,way/367630237,Beco do Estudante,notOnPDC,Calçada compartilhada
3993,realizado_fora_pdc,0.1453968,0.1453968,2611606,way/367994067,Rua Engenheiro José Brandão Cavalcante,notOnPDC,Ciclorrota
3994,realizado_fora_pdc,0.0250681,0.0250681,2611606,way/367994070,Rua Padre Carlos Leôncio,notOnPDC,Ciclofaixa
3995,realizado_fora_pdc,0.3686405,0.3686405,2611606,way/368075236,Avenida Governador Agamenon Magalhães,notOnPDC,Ciclofaixa
3996,realizado_fora_pdc,0.2322847,0.2322847,2611606,way/369013591,Avenida João de Barros,notOnPDC,Ciclofaixa
3997,realizado_fora_pdc,0.2374192,0.2374192,2611606,way/369014580,Rua Engenheiro José Brandão Cavalcante,notOnPDC,Ciclorrota
3998,realizado_fora_pdc,0.0364516,0.0364516,2611606,way/369612034,Avenida Governador Agamenon Magalhães,notOnPDC,Ciclofaixa
3999,realizado_fora_pdc,0.0530873,0.0530873,2611606,way/371666445,Rua Padre Roma,notOnPDC,Ciclofaixa
4000,realizado_fora_pdc,0.1387757,0.1387757,2611606,way/372986496,Rua Édson Alvares,notOnPDC,Ciclorrota
4001,realizado_fora_pdc,0.1213373,0.1213373,2611606,way/374690787,Rua Paula Batista,notOnPDC,Ciclofaixa
4002,realizado_fora_pdc,0.0248875,0.0248875,2611606,way/374896671,Rua Padre Roma,notOnPDC,Ciclofaixa
4003,realizado_fora_pdc,0.0501382,0.0501382,2611606,way/374897775,Rua General Abreu e Lima,notOnPDC,Ciclofaixa
4004,realizado_fora_pdc,0.2418664,0.2418664,2611606,way/378796315,Ciclovia do Pier do Ciclista,notOnPDC,Ciclovia
4005,realizado_fora_pdc,0.1613112,0.1613112,2611606,way/378796334,Rua Marquês de Abrantes,notOnPDC,Ciclofaixa
4006,realizado_fora_pdc,0.1678136,0.1678136,2611606,way/378796337,Avenida República Árabe Unida,notOnPDC,Ciclofaixa
4007,realizado_fora_pdc,0.046278,0.046278,2611606,way/378796340,Rua José Veloso,notOnPDC,Ciclorrota
4008,realizado_fora_pdc,0.0423513,0.0423513,2611606,way/378796343,Rua Comendador Franco Ferreira,notOnPDC,Ciclorrota
4009,realizado_fora_pdc,0.2652705,0.2652705,2611606,way/378796346,Rua Marquês de Abrantes,notOnPDC,Ciclofaixa
4010,realizado_fora_pdc,0.1188092,0.1188092,2611606,way/379236486,Rua Eugênio Samico,notOnPDC,Ciclorrota
4011,realizado_fora_pdc,0.2030794,0.2030794,2611606,way/379623676,Rua Mauricéia,notOnPDC,Ciclofaixa
4012,realizado_fora_pdc,0.1179333,0.1179333,2611606,way/383928633,Rua Doutor João Vieira de Menezes,notOnPDC,Ciclofaixa
4013,realizado_fora_pdc,0.1554051,0.1554051,2611606,way/385480476,Rua Barão de Igarassu,notOnPDC,Ciclofaixa
4014,realizado_fora_pdc,0.2286202,0.2286202,2611606,way/385480480,Rua Buarque de Macedo,notOnPDC,Ciclorrota
4015,realizado_fora_pdc,0.0969684,0.0969684,2611606,way/385480539,Rua Leão Falcão,notOnPDC,Ciclorrota
4016,realizado_fora_pdc,0.0111194,0.0111194,2611606,way/430125553,Rua Conceição de Macabu,notOnPDC,Ciclofaixa
4017,realizado_fora_pdc,0.0878949,0.0878949,2611606,way/460423889,Rua Ministro João Alberto,notOnPDC,Ciclofaixa
4018,realizado_fora_pdc,0.0791899,0.0791899,2611606,way/460423890,Avenida Historiador Jordão Emerenciano,notOnPDC,Ciclofaixa
4019,realizado_fora_pdc,0.1102458,0.1102458,2611606,way/466704803,Rua General Edson Amâncio Ramalho,notOnPDC,Ciclofaixa
4020,realizado_fora_pdc,0.2330216,0.2330216,2611606,way/466704806,Rua Professor Arnaldo Carneiro Leao,notOnPDC,Ciclofaixa
4021,realizado_fora_pdc,0.1751292,0.1751292,2611606,way/475653479,Rua Coronel João Batista do Rego Barros,notOnPDC,Ciclorrota
4022,realizado_fora_pdc,0.0404312,0.0404312,2611606,way/475657190,Rua Padre Lemos,notOnPDC,Ciclofaixa
4023,realizado_fora_pdc,0.1873329,0.1873329,2611606,way/475660023,Rua Neto de Mendonça,notOnPDC,Ciclofaixa
4024,realizado_fora_pdc,0.1543339,0.1543339,2611606,way/479255492,Rua Doutor Fernando Allain,notOnPDC,Ciclofaixa
4025,realizado_fora_pdc,0.1771365,0.1771365,2611606,way/525727298,Travessa Doutor José Anastacio da Silva Guimarães,notOnPDC,Ciclorrota
4026,realizado_fora_pdc,0.1078499,0.1078499,2611606,way/538392025,Rua Professor Estevão Francisco da Costa,notOnPDC,Ciclofaixa
4027,realizado_fora_pdc,0.0683683,0.0683683,2611606,way/538805604,Rua Marquês de Maricá,notOnPDC,Ciclofaixa
4028,realizado_fora_pdc,0.0260933,0.0260933,2611606,way/553605195,Rua Benfica,notOnPDC,Ciclofaixa
4029,realizado_fora_pdc,0.0426781,0.0426781,2611606,way/559810681,Passarela da Estação Shopping,notOnPDC,Calçada compartilhada
4030,realizado_fora_pdc,0.0349118,0.0349118,2611606,way/559810682,Passarela da Estação Shopping,notOnPDC,Calçada compartilhada
4031,realizado_fora_pdc,0.2199895,0.2199895,2611606,way/559810683,Passarela da Estação Shopping,notOnPDC,Calçada compartilhada
4032,realizado_fora_pdc,0.0576497,0.0576497,2611606,way/566179177,Rua Marquês do Paraná,notOnPDC,Ciclofaixa
4033,realizado_fora_pdc,0.2505766,0.2505766,2611606,way/567786012,Ponte Joaquim Cardoso,notOnPDC,Ciclovia
4034,realizado_fora_pdc,0.0523975,0.0523975,2611606,way/573648860,Rua do Hospício,notOnPDC,Ciclofaixa
4035,realizado_fora_pdc,0.278512,0.278512,2611606,way/579464185,Rua do Riachuelo,notOnPDC,Ciclorrota
4036,realizado_fora_pdc,0.1843594,0.1843594,2611606,way/579464186,Rua do Hospício,notOnPDC,Ciclofaixa
4037,realizado_fora_pdc,0.2388698,0.2388698,2611606,way/581704800,Avenida Dantas Barreto,notOnPDC,Ciclofaixa
4038,realizado_fora_pdc,0.1562791,0.1562791,2611606,way/582585081,Rua Pedro Afonso,notOnPDC,Ciclofaixa
4039,realizado_fora_pdc,0.0119902,0.0119902,2611606,way/585473219,Rua Félix de Brito Melo,notOnPDC,Ciclofaixa
4040,realizado_fora_pdc,0.1095482,0.1095482,2611606,way/585473222,Rua Félix de Brito Melo,notOnPDC,Ciclofaixa
4041,realizado_fora_pdc,0.4245554,0.4245554,2611606,way/589445951,Rua Professor Antônio Coelho,notOnPDC,Ciclofaixa
4042,realizado_fora_pdc,0.2121551,0.2121551,2611606,way/596236969,Avenida José Américo de Almeida,notOnPDC,Ciclofaixa
4043,realizado_fora_pdc,0.7003531,0.7003531,2611606,way/596236970,Avenida José Américo de Almeida,notOnPDC,Ciclofaixa
4044,realizado_fora_pdc,0.0249475,0.0249475,2611606,way/596236971,Praça Zumbi dos Palmares,notOnPDC,Ciclofaixa
4045,realizado_fora_pdc,0.0084065,0.0084065,2611606,way/596236973,Avenida José Américo de Almeida,notOnPDC,Ciclofaixa
4046,realizado_fora_pdc,0.0468242,0.0468242,2611606,way/598232856,Avenida Desembargador Guerra Barreto,notOnPDC,Ciclofaixa
4047,realizado_fora_pdc,0.0093711,0.0093711,2611606,way/607122239,Avenida Luiz de Lacerda,notOnPDC,Ciclofaixa
4048,realizado_fora_pdc,0.4879153,0.4879153,2611606,way/607122243,Avenida Historiador Jordão Emerenciano,notOnPDC,Ciclofaixa
4049,realizado_fora_pdc,0.4899268,0.4899268,2611606,way/607122248,Avenida Historiador Jordão Emerenciano,notOnPDC,Ciclofaixa
4050,realizado_fora_pdc,0.0525961,0.0525961,2611606,way/609810648,Rua da Coragem,notOnPDC,Ciclofaixa
4051,realizado_fora_pdc,0.1746737,0.1746737,2611606,way/617216867,Rua Compositor Vinícius de Morais,notOnPDC,Ciclovia
4052,realizado_fora_pdc,0.1049586,0.1049586,2611606,way/617216870,Rua Compositor Vinícius de Morais,notOnPDC,Ciclovia
4053,realizado_fora_pdc,0.0632462,0.0632462,2611606,way/617661942,Ciclovia Norte,notOnPDC,Ciclofaixa
4054,realizado_fora_pdc,0.113851,0.113851,2611606,way/619555638,Rua da Moeda,notOnPDC,Calçada compartilhada
4055,realizado_fora_pdc,0.1381749,0.1381749,2611606,way/624878408,Rua Emiliano Braga,notOnPDC,Ciclofaixa
4056,realizado_fora_pdc,0.1136928,0.1136928,2611606,way/624878409,Rua Professor Antônio Coelho,notOnPDC,Ciclofaixa
4057,realizado_fora_pdc,0.0066073,0.0066073,2611606,way/624914196,Rua Antônio Falcão,notOnPDC,Ciclofaixa
4058,realizado_fora_pdc,0.0049158,0.0049158,2611606,way/624914219,Acesso ao bicicletário,notOnPDC,Ciclovia
4059,realizado_fora_pdc,0.019944,0.019944,2611606,way/624914220,Acesso ao bicicletário,notOnPDC,Ciclovia
4060,realizado_fora_pdc,0.1788687,0.1788687,2611606,way/624914221,Ciclovia Riomar,notOnPDC,Ciclovia
4061,realizado_fora_pdc,0.0177358,0.0177358,2611606,way/624914222,Ciclovia Riomar,notOnPDC,Ciclovia
4062,realizado_fora_pdc,0.148226,0.148226,2611606,way/624914223,Ciclovia Riomar,notOnPDC,Ciclovia
4063,realizado_fora_pdc,0.1967495,0.1967495,2611606,way/624914224,Ciclovia Riomar,notOnPDC,Ciclovia
4064,realizado_fora_pdc,0.0284173,0.0284173,2611606,way/624914225,Ciclovia Riomar,notOnPDC,Ciclovia
4065,realizado_fora_pdc,0.6123686,0.6123686,2611606,way/624914227,Ciclovia Riomar,notOnPDC,Ciclovia
4066,realizado_fora_pdc,0.1417565,0.1417565,2611606,way/624914228,Ciclovia Riomar,notOnPDC,Ciclovia
4067,realizado_fora_pdc,0.1171558,0.1171558,2611606,way/628277061,Rua Manoel Joaquim de Almeida,notOnPDC,Ciclofaixa
4068,realizado_fora_pdc,0.0037836,0.0037836,2611606,way/628649584,Rua Ministro João Alberto,notOnPDC,Ciclofaixa
4069,realizado_fora_pdc,0.0091124,0.0091124,2611606,way/628649586,Rua Ministro João Alberto,notOnPDC,Ciclofaixa
4070,realizado_fora_pdc,0.0343899,0.0343899,2611606,way/628924111,Rua Emiliano Braga,notOnPDC,Ciclofaixa
4071,realizado_fora_pdc,0.0483492,0.0483492,2611606,way/628924112,Rua Emiliano Braga,notOnPDC,Ciclofaixa
4072,realizado_fora_pdc,0.0479327,0.0479327,2611606,way/636685326,Rua Baltazar Passos,notOnPDC,Ciclofaixa
4073,realizado_fora_pdc,0.1600192,0.1600192,2611606,way/636685329,Avenida Visconde de Jequitinhonha,notOnPDC,Ciclorrota
4074,realizado_fora_pdc,0.5157531,0.5157531,2611606,way/637591719,Rua Doutor Miguel Vieira Ferreira,notOnPDC,Ciclorrota
4075,realizado_fora_pdc,0.2240465,0.2240465,2611606,way/645425614,Rua Marquês de Maricá,notOnPDC,Ciclofaixa
4076,realizado_fora_pdc,0.242479,0.242479,2611606,way/645444384,Rua Lagoa do Rancho,notOnPDC,Ciclorrota
4077,realizado_fora_pdc,0.1401969,0.1401969,2611606,way/645454931,Rua Alberto Paiva,notOnPDC,Ciclofaixa
4078,realizado_fora_pdc,0.1185629,0.1185629,2611606,way/645467520,Rua Doutor Leopoldo Lins,notOnPDC,Ciclofaixa
4079,realizado_fora_pdc,0.0832369,0.0832369,2611606,way/647110234,Avenida Santos Dumont,notOnPDC,Ciclofaixa
4080,realizado_fora_pdc,0.1152135,0.1152135,2611606,way/647112865,Avenida Santos Dumont,notOnPDC,Ciclofaixa
4081,realizado_fora_pdc,0.0181483,0.0181483,2611606,way/647116507,Rua Treze de Junho,notOnPDC,Ciclofaixa
4082,realizado_fora_pdc,0.0240054,0.0240054,2611606,way/647116510,Rua Salvador de Sá,notOnPDC,Ciclofaixa
4083,realizado_fora_pdc,0.1612869,0.1612869,2611606,way/649368025,Rua do Aragão,notOnPDC,Ciclorrota
4084,realizado_fora_pdc,0.5630298,0.5630298,2611606,way/649370828,Rua Rezende,notOnPDC,Ciclofaixa
4085,realizado_fora_pdc,0.0597535,0.0597535,2611606,way/649747902,Rua Barros Barreto,notOnPDC,Ciclorrota
4086,realizado_fora_pdc,0.0653479,0.0653479,2611606,way/649747903,Rua Barros Barreto,notOnPDC,Ciclorrota
4087,realizado_fora_pdc,0.0409846,0.0409846,2611606,way/649776874,Travessa do Cais da Detenção,notOnPDC,Ciclofaixa
4088,realizado_fora_pdc,0.0837307,0.0837307,2611606,way/650859657,Rua Monsenhor Fabrício,notOnPDC,Ciclofaixa
4089,realizado_fora_pdc,0.0831551,0.0831551,2611606,way/650859658,Rua Doutor José Anastacio da Silva Guimarães,notOnPDC,Ciclorrota
4090,realizado_fora_pdc,0.1092912,0.1092912,2611606,way/656104878,Rua da Coragem,notOnPDC,Ciclofaixa
4091,realizado_fora_pdc,0.0861142,0.0861142,2611606,way/656105202,Rua Baltazar Passos,notOnPDC,Ciclofaixa
4092,realizado_fora_pdc,0.0811031,0.0811031,2611606,way/656107800,Avenida Prefeito Lima Castro,notOnPDC,Ciclofaixa
4093,realizado_fora_pdc,0.7243233,0.7243233,2611606,way/656122407,Avenida Poeta Vinicius de Morais,notOnPDC,Ciclovia
4094,realizado_fora_pdc,0.0627669,0.0627669,2611606,way/656150546,Rua Souza Bandeira,notOnPDC,Ciclofaixa
4095,realizado_fora_pdc,0.0118888,0.0118888,2611606,way/656301112,Rua Marechal Deodoro,notOnPDC,Ciclofaixa
4096,realizado_fora_pdc,0.1133996,0.1133996,2611606,way/662266086,Rua Elvira Carreira de Oliveira,notOnPDC,Ciclorrota
4097,realizado_fora_pdc,0.0746053,0.0746053,2611606,way/663265621,Rua Historiador Jordão Emerenciano,notOnPDC,Ciclofaixa
4098,realizado_fora_pdc,0.8990147,0.8990147,2611606,way/681293313,Ciclovia Entre Pontes,notOnPDC,Ciclovia
4099,realizado_fora_pdc,0.0343005,0.0343005,2611606,way/683012039,Rua Pintor Antônio Albuquerque,notOnPDC,Ciclorrota
4100,realizado_fora_pdc,0.0661193,0.0661193,2611606,way/683033001,Rua Mem de Sá,notOnPDC,Ciclofaixa
4101,realizado_fora_pdc,0.109696,0.109696,2611606,way/683265615,Rua Tenente Aurélio Sampaio,notOnPDC,Ciclorrota
4102,realizado_fora_pdc,0.0238007,0.0238007,2611606,way/683266336,Rua João Cardoso Aires,notOnPDC,Ciclofaixa
4103,realizado_fora_pdc,0.0054908,0.0054908,2611606,way/683266337,Rua João Cardoso Aires,notOnPDC,Ciclofaixa
4104,realizado_fora_pdc,0.0408126,0.0408126,2611606,way/683266704,Rua Baltazar Passos,notOnPDC,Ciclorrota
4105,realizado_fora_pdc,0.0631688,0.0631688,2611606,way/686979459,Rua Potengy,notOnPDC,Ciclofaixa
4106,realizado_fora_pdc,0.0316612,0.0316612,2611606,way/696045645,Rua da Moeda,notOnPDC,Calçada compartilhada
4107,realizado_fora_pdc,0.0050367,0.0050367,2611606,way/700008077,Rua do Hospício,notOnPDC,Ciclofaixa
4108,realizado_fora_pdc,0.0229059,0.0229059,2611606,way/700979476,,notOnPDC,Calçada compartilhada
4109,realizado_fora_pdc,0.0175334,0.0175334,2611606,way/707953909,Avenida Afonso Olindense,notOnPDC,Ciclofaixa
4110,realizado_fora_pdc,0.0106524,0.0106524,2611606,way/707953910,Avenida Afonso Olindense,notOnPDC,Ciclofaixa
4111,realizado_fora_pdc,0.6338019,0.6338019,2611606,way/723619799,Avenida Governador Agamenon Magalhães,notOnPDC,Ciclofaixa
4112,realizado_fora_pdc,0.0086438,0.0086438,2611606,way/723906438,Avenida Professor José dos Anjos,notOnPDC,Ciclofaixa
4113,realizado_fora_pdc,0.0042778,0.0042778,2611606,way/723919334,Rua Oscar de Barros,notOnPDC,Ciclofaixa
4114,realizado_fora_pdc,0.0505306,0.0505306,2611606,way/723919335,Rua Oscar de Barros,notOnPDC,Ciclofaixa
4115,realizado_fora_pdc,0.0196461,0.0196461,2611606,way/750224855,Avenida Governador Agamenon Magalhães,notOnPDC,Ciclofaixa
4116,realizado_fora_pdc,0.0131487,0.0131487,2611606,way/750224856,Rua Monte Castelo,notOnPDC,Ciclofaixa
4117,realizado_fora_pdc,0.0028043,0.0028043,2611606,way/753946881,Rua Mem de Sá,notOnPDC,Ciclofaixa
4118,realizado_fora_pdc,0.005713,0.005713,2611606,way/753946882,Rua Mem de Sá,notOnPDC,Ciclofaixa
4119,realizado_fora_pdc,0.0568022,0.0568022,2611606,way/754276497,Avenida Montevidéu,notOnPDC,Ciclofaixa
4120,realizado_fora_pdc,0.0182984,0.0182984,2611606,way/754547715,Avenida Agamenon Magalhães - Pista Local,notOnPDC,Ciclofaixa
4121,realizado_fora_pdc,0.0038134,0.0038134,2611606,way/756239442,Rua Baltazar Passos,notOnPDC,Ciclorrota
4122,realizado_fora_pdc,0.0043492,0.0043492,2611606,way/756239443,Rua Baltazar Passos,notOnPDC,Ciclorrota
4123,realizado_fora_pdc,0.07448,0.07448,2611606,way/762748532,Rua Carlos Gomes,notOnPDC,Ciclofaixa
4124,realizado_fora_pdc,0.1182701,0.1182701,2611606,way/762748534,Estrada do Bongi,notOnPDC,Ciclofaixa
4125,realizado_fora_pdc,0.4659291,0.4659291,2611606,way/762748535,Rua Isaac Markman,notOnPDC,Ciclofaixa
4126,realizado_fora_pdc,0.138551,0.138551,2611606,way/762748536,Rua Pedro Américo,notOnPDC,Ciclofaixa
4127,realizado_fora_pdc,0.3604681,0.3604681,2611606,way/762748537,Rua Cônsul Vilares Fragoso,notOnPDC,Ciclorrota
4128,realizado_fora_pdc,0.0436981,0.0436981,2611606,way/762748538,Rua Arsênio Calaça,notOnPDC,Ciclorrota
4129,realizado_fora_pdc,0.0090477,0.0090477,2611606,way/762748541,Rua Carlos Gomes,notOnPDC,Ciclofaixa
4130,realizado_fora_pdc,0.003863,0.003863,2611606,way/762748542,Rua Carlos Gomes,notOnPDC,Ciclofaixa
4131,realizado_fora_pdc,0.0088891,0.0088891,2611606,way/762748543,Rua Carlos Gomes,notOnPDC,Ciclofaixa
4132,realizado_fora_pdc,0.0677226,0.0677226,2611606,way/762748799,Rua Tijucas,notOnPDC,Ciclorrota
4133,realizado_fora_pdc,0.0618972,0.0618972,2611606,way/762753486,Avenida Maurício de Nassau,notOnPDC,Ciclofaixa
4134,realizado_fora_pdc,0.1497796,0.1497796,2611606,way/762754345,Rua Comendador Franco Ferreira,notOnPDC,Ciclorrota
4135,realizado_fora_pdc,0.0473428,0.0473428,2611606,way/762754348,Rua Professor Silvio da Cunha Santos,notOnPDC,Ciclofaixa
4136,realizado_fora_pdc,0.160912,0.160912,2611606,way/762760194,Rua General Edson Amâncio Ramalho,notOnPDC,Ciclovia
4137,realizado_fora_pdc,0.0593405,0.0593405,2611606,way/762760196,Rua Manoel de Brito,notOnPDC,Ciclofaixa
4138,realizado_fora_pdc,0.0167527,0.0167527,2611606,way/762760197,Rua Barão de São Ângelo,notOnPDC,Ciclovia
4139,realizado_fora_pdc,0.2484097,0.2484097,2611606,way/762937129,Avenida Marechal Juarez Távora,notOnPDC,Ciclofaixa
4140,realizado_fora_pdc,0.1667054,0.1667054,2611606,way/762937136,Rua João Cardoso Aires,notOnPDC,Ciclorrota
4141,realizado_fora_pdc,0.1238849,0.1238849,2611606,way/762937137,Avenida Marechal Juarez Távora,notOnPDC,Ciclofaixa
4142,realizado_fora_pdc,0.032889,0.032889,2611606,way/762937141,Avenida Lino Jordão,notOnPDC,Ciclofaixa
4143,realizado_fora_pdc,0.4311895,0.4311895,2611606,way/762937142,Avenida Marechal Juarez Távora,notOnPDC,Ciclofaixa
4144,realizado_fora_pdc,0.0255765,0.0255765,2611606,way/762937143,Pontilhão,notOnPDC,Calçada compartilhada
4145,realizado_fora_pdc,0.0169257,0.0169257,2611606,way/762937144,Pontilhão,notOnPDC,Calçada compartilhada
4146,realizado_fora_pdc,0.0160437,0.0160437,2611606,way/762937145,Pontilhão,notOnPDC,Calçada compartilhada
4147,realizado_fora_pdc,0.0514864,0.0514864,2611606,way/762937146,Rua João Cardoso Aires,notOnPDC,Ciclofaixa
4148,realizado_fora_pdc,0.2842191,0.2842191,2611606,way/762937147,Rua Setúbal,notOnPDC,Ciclorrota
4149,realizado_fora_pdc,0.0724524,0.0724524,2611606,way/762943308,Avenida Visconde de Jequitinhonha,notOnPDC,Ciclorrota
4150,realizado_fora_pdc,0.1127554,0.1127554,2611606,way/762943309,Rua Padre Cabral,notOnPDC,Ciclorrota
4151,realizado_fora_pdc,0.2016953,0.2016953,2611606,way/762943310,Rua José Domingues da Silva,notOnPDC,Ciclorrota
4152,realizado_fora_pdc,0.1993569,0.1993569,2611606,way/762953788,Avenida Agamenon Magalhães - Pista Local,notOnPDC,Ciclofaixa
4153,realizado_fora_pdc,0.4463875,0.4463875,2611606,way/762960700,Avenida Afonso Olindense,notOnPDC,Ciclofaixa
4154,realizado_fora_pdc,0.008895,0.008895,2611606,way/762960701,Avenida Afonso Olindense,notOnPDC,Ciclofaixa
4155,realizado_fora_pdc,0.3662702,0.3662702,2611606,way/762960702,Rua João Francisco Lisboa,notOnPDC,Ciclorrota
4156,realizado_fora_pdc,0.1646977,0.1646977,2611606,way/762960949,Rua Jornalista Trajano Chacon,notOnPDC,Ciclorrota
4157,realizado_fora_pdc,0.0986665,0.0986665,2611606,way/762960950,Rua Frei Matias Tévis,notOnPDC,Ciclorrota
4158,realizado_fora_pdc,0.1265138,0.1265138,2611606,way/762960953,Rua Frei Matias Tévis,notOnPDC,Ciclorrota
4159,realizado_fora_pdc,0.1856146,0.1856146,2611606,way/762962423,Rua do Pombal,notOnPDC,Ciclofaixa
4160,realizado_fora_pdc,0.1019466,0.1019466,2611606,way/762962425,Rua Tupinambás,notOnPDC,Ciclorrota
4161,realizado_fora_pdc,0.1320813,0.1320813,2611606,way/762962426,Rua Treze de Maio,notOnPDC,Ciclofaixa
4162,realizado_fora_pdc,0.1418372,0.1418372,2611606,way/762962428,Rua Treze de Maio,notOnPDC,Ciclofaixa
4163,realizado_fora_pdc,0.1045155,0.1045155,2611606,way/762962429,Rua Pedro Afonso,notOnPDC,Ciclofaixa
4164,realizado_fora_pdc,0.4123673,0.4123673,2611606,way/762962430,Rua Treze de Maio,notOnPDC,Ciclofaixa
4165,realizado_fora_pdc,0.3325812,0.3325812,2611606,way/762962432,Rua Araripina,notOnPDC,Ciclorrota
4166,realizado_fora_pdc,0.1024159,0.1024159,2611606,way/762962434,Rua Barros Barreto,notOnPDC,Ciclorrota
4167,realizado_fora_pdc,0.1336376,0.1336376,2611606,way/762962435,Rua do Pombal,notOnPDC,Ciclofaixa
4168,realizado_fora_pdc,0.0643697,0.0643697,2611606,way/763179811,Rua Treze de Maio,notOnPDC,Ciclofaixa
4169,realizado_fora_pdc,0.1343977,0.1343977,2611606,way/763179812,Rua Treze de Maio,notOnPDC,Ciclofaixa
4170,realizado_fora_pdc,0.2336833,0.2336833,2611606,way/764025311,Rua Visconde de Jequitinhonha,notOnPDC,Ciclofaixa
4171,realizado_fora_pdc,0.0114541,0.0114541,2611606,way/764025312,Pontilhão,notOnPDC,Calçada compartilhada
4172,realizado_fora_pdc,0.0218166,0.0218166,2611606,way/764025313,Pontilhão,notOnPDC,Calçada compartilhada
4173,realizado_fora_pdc,0.0131754,0.0131754,2611606,way/764025314,Pontilhão,notOnPDC,Calçada compartilhada
4174,realizado_fora_pdc,0.1382263,0.1382263,2611606,way/764026176,Rua Pedro Afonso,notOnPDC,Ciclofaixa
4175,realizado_fora_pdc,0.0593142,0.0593142,2611606,way/764026177,Avenida Governador Agamenon Magalhães,notOnPDC,Ciclofaixa
4176,realizado_fora_pdc,0.3810362,0.3810362,2611606,way/764026950,Avenida Vinte de Janeiro,notOnPDC,Ciclorrota
4177,realizado_fora_pdc,0.117974,0.117974,2611606,way/764026952,Avenida Sul,notOnPDC,Ciclorrota
4178,realizado_fora_pdc,0.1983421,0.1983421,2611606,way/766721304,Rua Alberto Paiva,notOnPDC,Ciclofaixa
4179,realizado_fora_pdc,0.1081281,0.1081281,2611606,way/769099817,Ciclovia Norte,notOnPDC,Ciclovia
4180,realizado_fora_pdc,0.0134695,0.0134695,2611606,way/770273442,Avenida Cruz Cabugá,notOnPDC,Ciclofaixa
4181,realizado_fora_pdc,0.0525477,0.0525477,2611606,way/770284442,Rua Araripina,notOnPDC,Ciclorrota
4182,realizado_fora_pdc,0.0066228,0.0066228,2611606,way/770310523,Ponte Buarque de Macedo,notOnPDC,Ciclofaixa
4183,realizado_fora_pdc,0.1866732,0.1866732,2611606,way/770730306,Rua João Fernandes Vieira,notOnPDC,Ciclofaixa
4184,realizado_fora_pdc,0.0320711,0.0320711,2611606,way/770730307,Avenida Montevidéu,notOnPDC,Ciclofaixa
4185,realizado_fora_pdc,0.0599885,0.0599885,2611606,way/771496126,Rua Bruno Veloso,notOnPDC,Ciclofaixa
4186,realizado_fora_pdc,0.1330076,0.1330076,2611606,way/771726149,Rua do Pombal,notOnPDC,Ciclofaixa
4187,realizado_fora_pdc,0.0302102,0.0302102,2611606,way/772513097,Rua Alvares de Azevedo,notOnPDC,Ciclorrota
4188,realizado_fora_pdc,0.1512585,0.1512585,2611606,way/773053326,Rua Doutor João Lacerda,notOnPDC,Ciclofaixa
4189,realizado_fora_pdc,0.5927982,0.5927982,2611606,way/775973132,Avenida Sul,notOnPDC,Ciclofaixa
4190,realizado_fora_pdc,0.1993337,0.1993337,2611606,way/775975304,Rua José de Alencar,notOnPDC,Ciclofaixa
4191,realizado_fora_pdc,0.0908914,0.0908914,2611606,way/775975305,Rua José de Alencar,notOnPDC,Ciclofaixa
4192,realizado_fora_pdc,0.0133299,0.0133299,2611606,way/776571549,Rua Dez de Novembro,notOnPDC,Ciclofaixa
4193,realizado_fora_pdc,0.0929902,0.0929902,2611606,way/777105575,Rua São Nicolau,notOnPDC,Ciclofaixa
4194,realizado_fora_pdc,0.0062179,0.0062179,2611606,way/777693660,Avenida Lino Jordão,notOnPDC,Ciclofaixa
4195,realizado_fora_pdc,0.003167,0.003167,2611606,way/777734629,Rua Araripina,notOnPDC,Ciclorrota
4196,realizado_fora_pdc,0.0146686,0.0146686,2611606,way/777786581,Rua Marquês de Maricá,notOnPDC,Ciclofaixa
4197,realizado_fora_pdc,0.1103921,0.1103921,2611606,way/778011329,Primeira Travessa Rua Passo De Santa Cruz,notOnPDC,Calçada compartilhada
4198,realizado_fora_pdc,0.209417,0.209417,2611606,way/778169420,Avenida José Américo de Almeida,notOnPDC,Ciclofaixa
4199,realizado_fora_pdc,0.0556803,0.0556803,2611606,way/778538501,Estrada do Barbalho,notOnPDC,Ciclorrota
4200,realizado_fora_pdc,0.0102524,0.0102524,2611606,way/778854732,Rua Oscar de Barros,notOnPDC,Ciclofaixa
4201,realizado_fora_pdc,0.0325545,0.0325545,2611606,way/778867795,Pontilhão do Canal do Arruda,notOnPDC,Calçada compartilhada
4202,realizado_fora_pdc,0.1204561,0.1204561,2611606,way/783625758,Rua Oscar de Barros,notOnPDC,Ciclofaixa
4203,realizado_fora_pdc,0.0160629,0.0160629,2611606,way/783884644,Rua Engenheiro José Brandão Cavalcante,notOnPDC,Ciclofaixa
4204,realizado_fora_pdc,0.0043467,0.0043467,2611606,way/783884645,Rua Engenheiro José Brandão Cavalcante,notOnPDC,Ciclofaixa
4205,realizado_fora_pdc,0.1654674,0.1654674,2611606,way/786325338,Avenida Nossa Senhora da Saúde,notOnPDC,Ciclofaixa
4206,realizado_fora_pdc,0.1494735,0.1494735,2611606,way/786325340,Avenida Professor Estevão Francisco da Costa,notOnPDC,Ciclofaixa
4207,realizado_fora_pdc,0.364261,0.364261,2611606,way/791161084,Avenida Dantas Barreto,notOnPDC,Ciclofaixa
4208,realizado_fora_pdc,0.3301311,0.3301311,2611606,way/800702291,Rua Engenheiro Brandão Cavalcante,notOnPDC,Ciclorrota
4209,realizado_fora_pdc,0.0261516,0.0261516,2611606,way/800856120,Rua Oscar de Barros,notOnPDC,Ciclofaixa
4210,realizado_fora_pdc,0.3792203,0.3792203,2611606,way/801721895,Rua Cantora Clara Nunes,notOnPDC,Ciclorrota
4211,realizado_fora_pdc,0.0335526,0.0335526,2611606,way/815012800,Rua Ministro João Alberto,notOnPDC,Ciclofaixa
4212,realizado_fora_pdc,0.0395613,0.0395613,2611606,way/815012801,Rua Ministro João Alberto,notOnPDC,Ciclofaixa
4213,realizado_fora_pdc,0.1695869,0.1695869,2611606,way/819252453,Rua Rio Beberibe,notOnPDC,Ciclovia
4214,realizado_fora_pdc,0.0665455,0.0665455,2611606,way/821123755,Avenida Luiz de Lacerda,notOnPDC,Ciclofaixa
4215,realizado_fora_pdc,0.331826,0.331826,2611606,way/821123758,Rua Professor Antônio Coelho,notOnPDC,Ciclofaixa
4216,realizado_fora_pdc,0.3535356,0.3535356,2611606,way/822370158,Rua Rio Beberibe,notOnPDC,Ciclovia
4217,realizado_fora_pdc,0.2963424,0.2963424,2611606,way/823189908,Rua Márcia Mendes,notOnPDC,Ciclovia
4218,realizado_fora_pdc,0.0520623,0.0520623,2611606,way/824376341,Rua Alegre,notOnPDC,Ciclofaixa
4219,realizado_fora_pdc,0.8469387,0.8469387,2611606,way/836834959,Ciclovia Mimoso do Sul,notOnPDC,Ciclovia
4220,realizado_fora_pdc,0.1457389,0.1457389,2611606,way/836834963,Avenida Engenheiro Alves Souza,notOnPDC,Ciclofaixa
4221,realizado_fora_pdc,0.169644,0.169644,2611606,way/836834966,Avenida Júlio César,notOnPDC,Ciclofaixa
4222,realizado_fora_pdc,0.0341906,0.0341906,2611606,way/836834968,Rua Três de Março,notOnPDC,Ciclofaixa
4223,realizado_fora_pdc,0.0695551,0.0695551,2611606,way/836834971,Avenida Luiz de Lacerda,notOnPDC,Ciclofaixa
4224,realizado_fora_pdc,0.0518453,0.0518453,2611606,way/836834982,Rua dos Craveiros,notOnPDC,Ciclorrota
4225,realizado_fora_pdc,0.0100192,0.0100192,2611606,way/836834985,Estrada do Barbalho,notOnPDC,Ciclorrota
4226,realizado_fora_pdc,0.8117407,0.8117407,2611606,way/836834989,Avenida Visconde de Jequitinhonha,notOnPDC,Ciclofaixa
4227,realizado_fora_pdc,0.0111182,0.0111182,2611606,way/837891475,Rua General Abreu e Lima,notOnPDC,Ciclofaixa
4228,realizado_fora_pdc,0.0175147,0.0175147,2611606,way/837891476,Rua General Abreu e Lima,notOnPDC,Ciclovia
4229,realizado_fora_pdc,0.3062149,0.3062149,2611606,way/839072086,Rua Coronel João Batista do Rego Barros,notOnPDC,Ciclofaixa
4230,realizado_fora_pdc,0.406121,0.406121,2611606,way/839834724,Avenida Poeta Vinicius de Morais,notOnPDC,Ciclovia
4231,realizado_fora_pdc,0.0154648,0.0154648,2611606,way/840752280,Rua General Abreu e Lima,notOnPDC,Ciclovia
4232,realizado_fora_pdc,0.145839,0.145839,2611606,way/854786865,Rua Professor Joaquim Xavier de Brito,notOnPDC,Ciclofaixa
4233,realizado_fora_pdc,0.0111104,0.0111104,2611606,way/854786867,Avenida Inácio Monteiro,notOnPDC,Ciclofaixa
4234,realizado_fora_pdc,0.077481,0.077481,2611606,way/854786882,Avenida José Ferreira Lins,notOnPDC,Ciclofaixa
4235,realizado_fora_pdc,0.1876494,0.1876494,2611606,way/854786887,Rua Blumenau,notOnPDC,Ciclofaixa
4236,realizado_fora_pdc,0.1009224,0.1009224,2611606,way/854786891,Rua Jean Emile Favre,notOnPDC,Ciclofaixa
4237,realizado_fora_pdc,0.1154059,0.1154059,2611606,way/854786901,Avenida Engenheiro Alves Souza,notOnPDC,Ciclofaixa
4238,realizado_fora_pdc,0.2269473,0.2269473,2611606,way/854786902,Rua Engenheiro José Brandão Cavalcante,notOnPDC,Ciclofaixa
4239,realizado_fora_pdc,0.1930288,0.1930288,2611606,way/857404860,Rua Padre Lemos,notOnPDC,Ciclofaixa
4240,realizado_fora_pdc,0.077229,0.077229,2611606,way/863027564,Rua Manoel Brandão,notOnPDC,Ciclorrota
4241,realizado_fora_pdc,0.2319406,0.2319406,2611606,way/863027570,Avenida Jornalista Possidonio Cavalcanti Bastos,notOnPDC,Ciclofaixa
4242,realizado_fora_pdc,0.1546105,0.1546105,2611606,way/863027576,Rua Jean Emile Favre,notOnPDC,Ciclofaixa
4243,realizado_fora_pdc,0.0257919,0.0257919,2611606,way/880644137,Rua Antônio Valdevino da Costa,notOnPDC,Ciclorrota
4244,realizado_fora_pdc,0.1061886,0.1061886,2611606,way/880659709,Avenida Engenheiro Abdias de Carvalho - Pista Lateral,notOnPDC,Ciclorrota
4245,realizado_fora_pdc,0.0102832,0.0102832,2611606,way/887539981,Rua Padre Roma,notOnPDC,Ciclofaixa
4246,realizado_fora_pdc,0.0392075,0.0392075,2611606,way/887542279,Rua Padre Roma,notOnPDC,Ciclovia
4247,realizado_fora_pdc,0.2874117,0.2874117,2611606,way/901242723,Avenida Júlio César,notOnPDC,Ciclofaixa
4248,realizado_fora_pdc,0.0557049,0.0557049,2611606,way/911290368,Rua São Nicolau,notOnPDC,Ciclofaixa
4249,realizado_fora_pdc,0.0658367,0.0658367,2611606,way/911290375,Rua Blumenau,notOnPDC,Ciclofaixa
4250,realizado_fora_pdc,0.0559599,0.0559599,2611606,way/911290376,Rua Itaimbé,notOnPDC,Ciclorrota
4251,realizado_fora_pdc,0.1221685,0.1221685,2611606,way/911290377,Rua Potengy,notOnPDC,Ciclofaixa
4252,realizado_fora_pdc,0.1348276,0.1348276,2611606,way/924065445,Rua Márcia Mendes,notOnPDC,Ciclovia
4253,realizado_fora_pdc,0.1807168,0.1807168,2611606,way/927715993,Rua da Hora,notOnPDC,Ciclofaixa
4254,realizado_fora_pdc,0.124153,0.124153,2611606,way/927715995,Rua Antônio Novais,notOnPDC,Ciclorrota
4255,realizado_fora_pdc,0.0518424,0.0518424,2611606,way/927715996,Rua Alberto Paiva,notOnPDC,Ciclofaixa
4256,realizado_fora_pdc,0.341165,0.341165,2611606,way/930662176,Praça Pinto Damásio,notOnPDC,Calçada compartilhada
4257,realizado_fora_pdc,0.1443044,0.1443044,2611606,way/930691566,Rua Félix de Brito Melo,notOnPDC,Ciclofaixa
4258,realizado_fora_pdc,0.0769517,0.0769517,2611606,way/930691567,Rua Félix de Brito Melo,notOnPDC,Ciclorrota
4259,realizado_fora_pdc,0.1058556,0.1058556,2611606,way/930691568,Rua Félix de Brito Melo,notOnPDC,Ciclofaixa
4260,realizado_fora_pdc,0.0923726,0.0923726,2611606,way/930790689,Rua Itaquicé,notOnPDC,Ciclorrota
4261,realizado_fora_pdc,0.0575665,0.0575665,2611606,way/930790691,Rua Araraquara,notOnPDC,Ciclorrota
4262,realizado_fora_pdc,0.0869354,0.0869354,2611606,way/930790692,Rua Araçatuba,notOnPDC,Ciclorrota
4263,realizado_fora_pdc,0.169052,0.169052,2611606,way/930790693,Rua Itaquicé,notOnPDC,Ciclorrota
4264,realizado_fora_pdc,0.0231736,0.0231736,2611606,way/930790695,Avenida Dom Hélder Câmara,notOnPDC,Ciclovia
4265,realizado_fora_pdc,0.0828855,0.0828855,2611606,way/930790696,Avenida Dom Hélder Câmara,notOnPDC,Calçada compartilhada
4266,realizado_fora_pdc,0.0120002,0.0120002,2611606,way/930790697,Avenida Dom Hélder Câmara,notOnPDC,Ciclovia
4267,realizado_fora_pdc,0.0820725,0.0820725,2611606,way/930790699,Avenida Dom Hélder Câmara,notOnPDC,Ciclovia
4268,realizado_fora_pdc,0.0067778,0.0067778,2611606,way/930790700,Avenida Dom Hélder Câmara,notOnPDC,Ciclovia
4269,realizado_fora_pdc,0.2151966,0.2151966,2611606,way/930791204,Rua Francisco da Cunha,notOnPDC,Ciclofaixa
4270,realizado_fora_pdc,0.0313967,0.0313967,2611606,way/930798445,Avenida Governador Agamenon Magalhães,notOnPDC,Calçada compartilhada
4271,realizado_fora_pdc,0.0204138,0.0204138,2611606,way/930798446,Avenida Cruz Cabugá,notOnPDC,Ciclovia
4272,realizado_fora_pdc,0.0914501,0.0914501,2611606,way/930798447,Avenida Cruz Cabugá,notOnPDC,Ciclovia
4273,realizado_fora_pdc,0.0342941,0.0342941,2611606,way/930798448,Avenida Cruz Cabugá,notOnPDC,Ciclofaixa
4274,realizado_fora_pdc,0.0402382,0.0402382,2611606,way/930798449,Avenida Cruz Cabugá,notOnPDC,Ciclovia
4275,realizado_fora_pdc,0.0438331,0.0438331,2611606,way/931095116,Avenida Afonso Olindense,notOnPDC,Ciclofaixa
4276,realizado_fora_pdc,0.0690388,0.0690388,2611606,way/946076340,Rua Rio Beberibe,notOnPDC,Ciclovia
4277,realizado_fora_pdc,0.0181541,0.0181541,2611606,way/964317400,Ponte da Boa Vista,notOnPDC,Ciclovia
4278,realizado_fora_pdc,0.0169891,0.0169891,2611606,way/964317401,Ponte da Boa Vista,notOnPDC,Ciclovia
4279,realizado_fora_pdc,0.0268938,0.0268938,2611606,way/965719996,Rua de Casa Forte,notOnPDC,Ciclorrota
4280,realizado_fora_pdc,0.0560129,0.0560129,2611606,way/965719997,Avenida Maurício de Nassau,notOnPDC,Ciclofaixa
4281,realizado_fora_pdc,0.0141076,0.0141076,2611606,way/965739727,Rua Pedro Allain,notOnPDC,Ciclorrota
4282,realizado_fora_pdc,0.0249775,0.0249775,2611606,way/965984036,Rua Neto de Mendonça,notOnPDC,Ciclofaixa
4283,realizado_fora_pdc,0.0294988,0.0294988,2611606,way/966029958,Rua Couto Magalhães,notOnPDC,Ciclofaixa
4284,realizado_fora_pdc,0.0119253,0.0119253,2611606,way/966034197,Rua Professor Estevão Francisco da Costa,notOnPDC,Ciclofaixa
4285,realizado_fora_pdc,0.0126006,0.0126006,2611606,way/966034198,Rua Professor Estevão Francisco da Costa,notOnPDC,Ciclofaixa
4286,realizado_fora_pdc,0.0049111,0.0049111,2611606,way/966034199,Rua Professor Estevão Francisco da Costa,notOnPDC,Ciclofaixa
4287,realizado_fora_pdc,0.0529316,0.0529316,2611606,way/966166282,Praça Zumbi dos Palmares,notOnPDC,Ciclofaixa
4288,realizado_fora_pdc,0.0315774,0.0315774,2611606,way/966166283,Praça Zumbi dos Palmares,notOnPDC,Ciclofaixa
4289,realizado_fora_pdc,0.0125171,0.0125171,2611606,way/966166284,Praça Zumbi dos Palmares,notOnPDC,Ciclofaixa
4290,realizado_fora_pdc,0.0094866,0.0094866,2611606,way/966213965,Rua Professor Estevão Francisco da Costa,notOnPDC,Ciclofaixa
4291,realizado_fora_pdc,0.0439029,0.0439029,2611606,way/966217041,Rua Jean Emile Favre,notOnPDC,Ciclofaixa
4292,realizado_fora_pdc,0.0007457,0.0007457,2611606,way/966248371,Rua Engenheiro José Brandão Cavalcante,notOnPDC,Ciclofaixa
4293,realizado_fora_pdc,0.0447885,0.0447885,2611606,way/966515387,Rua Padre Lemos,notOnPDC,Ciclofaixa
4294,realizado_fora_pdc,0.0604602,0.0604602,2611606,way/966538453,Rua Coronel João Batista do Rego Barros,notOnPDC,Ciclorrota
4295,realizado_fora_pdc,0.3022284,0.3022284,2611606,way/966559757,Avenida Jornalista Possidonio Cavalcanti Bastos,notOnPDC,Ciclofaixa
4296,realizado_fora_pdc,0.0219223,0.0219223,2611606,way/966560605,Avenida Jornalista Possidonio Cavalcanti Bastos,notOnPDC,Ciclofaixa
4297,realizado_fora_pdc,0.2853652,0.2853652,2611606,way/966579273,Avenida Afonso Olindense,notOnPDC,Ciclofaixa
4298,realizado_fora_pdc,0.0469279,0.0469279,2611606,way/966590765,Rua Cosmorama,notOnPDC,Ciclofaixa
4299,realizado_fora_pdc,0.2147746,0.2147746,2611606,way/966590766,Rua João Cardoso Aires,notOnPDC,Ciclofaixa
4300,realizado_fora_pdc,0.0068575,0.0068575,2611606,way/966787079,Rua Ambrósio Machado,notOnPDC,Ciclofaixa
4301,realizado_fora_pdc,0.0054456,0.0054456,2611606,way/966787080,Rua Ambrósio Machado,notOnPDC,Ciclofaixa
4302,realizado_fora_pdc,0.0015371,0.0015371,2611606,way/966787081,Rua Ambrósio Machado,notOnPDC,Ciclofaixa
4303,realizado_fora_pdc,0.002008,0.002008,2611606,way/966787082,Rua Ambrósio Machado,notOnPDC,Ciclofaixa
4304,realizado_fora_pdc,0.0132846,0.0132846,2611606,way/966798842,Avenida Professor Estevão Francisco da Costa,notOnPDC,Ciclorrota
4305,realizado_fora_pdc,0.0174413,0.0174413,2611606,way/966804522,Rua Félix de Brito Melo,notOnPDC,Ciclorrota
4306,realizado_fora_pdc,0.0030355,0.0030355,2611606,way/966813469,Rua Jean Emile Favre,notOnPDC,Ciclofaixa
4307,realizado_fora_pdc,0.0622837,0.0622837,2611606,way/966827332,Rua Pintor Antônio Albuquerque,notOnPDC,Ciclorrota
4308,realizado_fora_pdc,0.0113951,0.0113951,2611606,way/966827333,Rua Virgínia Heráclio,notOnPDC,Ciclofaixa
4309,realizado_fora_pdc,0.0096707,0.0096707,2611606,way/966838174,Rua Virgínia Heráclio,notOnPDC,Ciclofaixa
4310,realizado_fora_pdc,0.0646076,0.0646076,2611606,way/967628956,Rua Floriano Peixoto,notOnPDC,Ciclofaixa
4311,realizado_fora_pdc,0.0550392,0.0550392,2611606,way/967628957,Rua Floriano Peixoto,notOnPDC,Ciclofaixa
4312,realizado_fora_pdc,0.0281301,0.0281301,2611606,way/967628958,Rua Floriano Peixoto,notOnPDC,Ciclofaixa
4313,realizado_fora_pdc,0.0555275,0.0555275,2611606,way/967668730,Praça Professor Campelo Barreto,notOnPDC,Ciclofaixa
4314,realizado_fora_pdc,0.0860882,0.0860882,2611606,way/967668776,Rua Mem de Sá,notOnPDC,Ciclofaixa
4315,realizado_fora_pdc,0.2827501,0.2827501,2611606,way/967909327,Avenida Sebastião Salazar,notOnPDC,Ciclorrota
4316,realizado_fora_pdc,0.0238413,0.0238413,2611606,way/967938106,Rua Velha,notOnPDC,Ciclofaixa
4317,realizado_fora_pdc,0.0075797,0.0075797,2611606,way/967963850,Praça da República,notOnPDC,Ciclofaixa
4318,realizado_fora_pdc,0.2711356,0.2711356,2611606,way/967972501,Rua Velha,notOnPDC,Ciclorrota
4319,realizado_fora_pdc,0.0611973,0.0611973,2611606,way/967972504,Travessa do Cais da Detenção,notOnPDC,Ciclofaixa
4320,realizado_fora_pdc,0.169497,0.169497,2611606,way/967978957,Rua Visconde de Jequitinhonha,notOnPDC,Ciclofaixa
4321,realizado_fora_pdc,0.0103514,0.0103514,2611606,way/967979023,Rua Antônio Gomes de Freitas,notOnPDC,Ciclofaixa
4322,realizado_fora_pdc,0.0035343,0.0035343,2611606,way/967979024,Rua Antônio Gomes de Freitas,notOnPDC,Ciclofaixa
4323,realizado_fora_pdc,0.0234033,0.0234033,2611606,way/967998463,Rua General Edson Amâncio Ramalho,notOnPDC,Ciclovia
4324,realizado_fora_pdc,0.0973522,0.0973522,2611606,way/968239742,Rua do Hospício,notOnPDC,Ciclofaixa
4325,realizado_fora_pdc,0.0230186,0.0230186,2611606,way/968283969,Rua Othon Paraíso,notOnPDC,Ciclofaixa
4326,realizado_fora_pdc,0.027636,0.027636,2611606,way/968292794,Rua Marquês de Maricá,notOnPDC,Ciclofaixa
4327,realizado_fora_pdc,0.0342512,0.0342512,2611606,way/968292795,Rua Marquês de Maricá,notOnPDC,Ciclofaixa
4328,realizado_fora_pdc,0.0316133,0.0316133,2611606,way/968292796,Rua Marquês de Maricá,notOnPDC,Ciclofaixa
4329,realizado_fora_pdc,0.0279034,0.0279034,2611606,way/968292797,Rua Marquês de Maricá,notOnPDC,Ciclofaixa
4330,realizado_fora_pdc,0.0305915,0.0305915,2611606,way/968292798,Rua Marquês de Maricá,notOnPDC,Ciclofaixa
4331,realizado_fora_pdc,0.0305514,0.0305514,2611606,way/968293261,Avenida Visconde de Jequitinhonha,notOnPDC,Ciclofaixa
4332,realizado_fora_pdc,0.121382,0.121382,2611606,way/968293262,Avenida Visconde de Jequitinhonha,notOnPDC,Ciclofaixa
4333,realizado_fora_pdc,0.1009091,0.1009091,2611606,way/968299893,Rua José de Alencar,notOnPDC,Ciclofaixa
4334,realizado_fora_pdc,0.020436,0.020436,2611606,way/968501095,Rua Frei Matias Tévis,notOnPDC,Ciclorrota
4335,realizado_fora_pdc,0.0306379,0.0306379,2611606,way/968520978,Avenida Inácio Monteiro,notOnPDC,Ciclofaixa
4336,realizado_fora_pdc,0.0218665,0.0218665,2611606,way/968523622,Avenida Nossa Senhora da Saúde,notOnPDC,Ciclofaixa
4337,realizado_fora_pdc,0.0116296,0.0116296,2611606,way/968562321,Avenida Afonso Olindense,notOnPDC,Ciclofaixa
4338,realizado_fora_pdc,0.3042109,0.3042109,2611606,way/968562323,Avenida Afonso Olindense,notOnPDC,Ciclofaixa
4339,realizado_fora_pdc,0.0968141,0.0968141,2611606,way/968562324,Avenida Afonso Olindense,notOnPDC,Ciclofaixa
4340,realizado_fora_pdc,0.201465,0.201465,2611606,way/968562325,Avenida Afonso Olindense,notOnPDC,Ciclofaixa
4341,realizado_fora_pdc,0.0336144,0.0336144,2611606,way/968562327,Avenida Afonso Olindense,notOnPDC,Ciclofaixa
4342,realizado_fora_pdc,0.0222854,0.0222854,2611606,way/968562328,Avenida Afonso Olindense,notOnPDC,Ciclofaixa
4343,realizado_fora_pdc,0.2074245,0.2074245,2611606,way/968562329,Avenida Afonso Olindense,notOnPDC,Ciclofaixa
4344,realizado_fora_pdc,0.1451621,0.1451621,2611606,way/968625619,Avenida Marechal Juarez Távora,notOnPDC,Ciclofaixa
4345,realizado_fora_pdc,0.025609,0.025609,2611606,way/968629855,Avenida Marechal Juarez Távora,notOnPDC,Ciclofaixa
4346,realizado_fora_pdc,0.303061,0.303061,2611606,way/968629856,Avenida Marechal Juarez Távora,notOnPDC,Ciclofaixa
4347,realizado_fora_pdc,0.0409955,0.0409955,2611606,way/968629857,Avenida Marechal Juarez Távora,notOnPDC,Ciclofaixa
4348,realizado_fora_pdc,0.0785791,0.0785791,2611606,way/968898254,1A Travessa José da Silva Lucena,notOnPDC,Calçada compartilhada
4349,realizado_fora_pdc,0.0951631,0.0951631,2611606,way/969857667,Avenida Governador Agamenon Magalhães,notOnPDC,Ciclofaixa
4350,realizado_fora_pdc,0.0605911,0.0605911,2611606,way/974688525,Rua Marquês de Baipendi,notOnPDC,Ciclofaixa
4351,realizado_fora_pdc,0.1025296,0.1025296,2611606,way/974688527,Rua Fonseca Oliveira,notOnPDC,Ciclofaixa
4352,realizado_fora_pdc,0.160018,0.160018,2611606,way/974688528,Rua Carlos Fernandes,notOnPDC,Ciclorrota
4353,realizado_fora_pdc,0.0419389,0.0419389,2611606,way/991346778,Praça Treze de Junho,notOnPDC,Calçada compartilhada
4354,realizado_fora_pdc,0.046687,0.046687,2611606,way/995660015,Rua Treze de Maio,notOnPDC,Ciclofaixa
4355,realizado_fora_pdc,0.0191436,0.0191436,2611606,way/995660016,Rua Treze de Maio,notOnPDC,Ciclofaixa
4356,realizado_fora_pdc,0.0457677,0.0457677,2611606,way/995660017,Rua Treze de Maio,notOnPDC,Ciclofaixa
4357,realizado_fora_pdc,0.3110124,0.3110124,2611606,way/997995183,,notOnPDC,Ciclofaixa
4358,realizado_fora_pdc,0.0776279,0.0776279,2611606,way/998755059,Rua Leão Falcão,notOnPDC,Ciclorrota
4359,realizado_fora_pdc,0.0734934,0.0734934,2611606,way/999748445,Rua Cosmorama,notOnPDC,Ciclofaixa
4360,realizado_fora_pdc,0.0279781,0.0279781,2611606,way/1002053172,Praça do Baobá da Encruzilhada,notOnPDC,Ciclorrota
4361,realizado_fora_pdc,0.1106233,0.1106233,2611606,way/1009012071,Rua Bruno Veloso,notOnPDC,Calçada compartilhada
4362,realizado_fora_pdc,0.0165147,0.0165147,2611606,way/1009012080,Rua Bruno Veloso,notOnPDC,Ciclovia
4363,realizado_fora_pdc,0.1178348,0.1178348,2611606,way/1010830124,Rua da Aurora,notOnPDC,Calçada compartilhada
4364,realizado_fora_pdc,0.0077186,0.0077186,2611606,way/1013775892,Rua do Riachuelo,notOnPDC,Ciclovia
4365,realizado_fora_pdc,0.2122848,0.2122848,2611606,way/1016257109,Rua Bruno Veloso,notOnPDC,Calçada compartilhada
4366,realizado_fora_pdc,0.0984003,0.0984003,2611606,way/1016647975,Rua Nunes Machado,notOnPDC,Ciclovia
4367,realizado_fora_pdc,0.038859,0.038859,2611606,way/1020109932,Avenida Historiador Jordão Emerenciano,notOnPDC,Ciclofaixa
4368,realizado_fora_pdc,0.016309,0.016309,2611606,way/1020545062,Rua Fernandes Vieira,notOnPDC,Ciclovia
4369,realizado_fora_pdc,0.1570859,0.1570859,2611606,way/1052528723,Ponte Princesa Isabel,notOnPDC,Calçada compartilhada
4370,realizado_fora_pdc,0.1088484,0.1088484,2611606,way/1064097385,Avenida da Saudade,notOnPDC,Ciclofaixa
4371,realizado_fora_pdc,0.0606093,0.0606093,2611606,way/1082321800,Rua Emiliano Braga,notOnPDC,Ciclofaixa
4372,realizado_fora_pdc,0.0295352,0.0295352,2611606,way/1105544819,Avenida Governador Agamenon Magalhães,notOnPDC,Calçada compartilhada
4373,realizado_fora_pdc,0.0348073,0.0348073,2611606,way/1107369082,Praça Melvin Jones,notOnPDC,Ciclovia
4374,realizado_fora_pdc,0.014467,0.014467,2611606,way/1107370514,Rua Padre Roma,notOnPDC,Ciclofaixa
4375,realizado_fora_pdc,0.1253462,0.1253462,2611606,way/1107376174,Rua Padre Roma,notOnPDC,Ciclovia
4376,realizado_fora_pdc,0.121561,0.121561,2611606,way/1107376435,Rua Padre Roma,notOnPDC,Calçada compartilhada
4377,realizado_fora_pdc,0.007468,0.007468,2611606,way/1107378197,Rua Padre Roma,notOnPDC,Ciclofaixa
4378,realizado_fora_pdc,0.0292947,0.0292947,2611606,way/1107393163,Ciclovia Riomar,notOnPDC,Ciclovia
4379,realizado_fora_pdc,0.0497494,0.0497494,2611606,way/1107393616,Ciclovia Riomar,notOnPDC,Ciclovia
4380,realizado_fora_pdc,0.1386391,0.1386391,2611606,way/1107397317,Rua Pio IX,notOnPDC,Ciclorrota
4381,realizado_fora_pdc,0.1178331,0.1178331,2611606,way/1107446160,Ponte da Torre,notOnPDC,Calçada compartilhada
4382,realizado_fora_pdc,0.1031641,0.1031641,2611606,way/1107446161,Ponte da Torre,notOnPDC,Calçada compartilhada
4383,realizado_fora_pdc,0.0058196,0.0058196,2611606,way/1107451333,Avenida Governador Agamenon Magalhães,notOnPDC,Calçada compartilhada
4384,realizado_fora_pdc,0.0058818,0.0058818,2611606,way/1107451334,Avenida Governador Agamenon Magalhães,notOnPDC,Calçada compartilhada
4385,realizado_fora_pdc,0.0082278,0.0082278,2611606,way/1107459718,Avenida Norte Miguel Arraes de Alencar,notOnPDC,Ciclofaixa
4386,realizado_fora_pdc,0.0511562,0.0511562,2611606,way/1107459719,Avenida Governador Agamenon Magalhães,notOnPDC,Calçada compartilhada
4387,realizado_fora_pdc,0.0416771,0.0416771,2611606,way/1107516076,Avenida Doutor Jayme da Fonte,notOnPDC,Ciclofaixa
4388,realizado_fora_pdc,0.1654856,0.1654856,2611606,way/1107522779,,notOnPDC,Calçada compartilhada
4389,realizado_fora_pdc,0.1072727,0.1072727,2611606,way/1107857914,Rua Itanagé,notOnPDC,Ciclofaixa
4390,realizado_fora_pdc,0.0621921,0.0621921,2611606,way/1107857915,Rua Potengy,notOnPDC,Ciclofaixa
4391,realizado_fora_pdc,0.0588956,0.0588956,2611606,way/1109759338,Rua Rio Beberibe,notOnPDC,Ciclovia
4392,realizado_fora_pdc,0.5687915,0.5687915,2611606,way/1128460193,Parque das Graças Lúcia Moura,notOnPDC,Calçada compartilhada
4393,realizado_fora_pdc,0.2983826,0.2983826,2611606,way/1164743879,Rua Alvenópolis,notOnPDC,Ciclofaixa
4394,realizado_fora_pdc,0.0742871,0.0742871,2611606,way/1164743880,Rua Alvenópolis,notOnPDC,Ciclofaixa
4395,realizado_fora_pdc,0.0443765,0.0443765,2611606,way/1164743881,Rua Alvenópolis,notOnPDC,Ciclofaixa
4396,realizado_fora_pdc,0.013975,0.013975,2611606,way/1164743882,Rua Alvenópolis,notOnPDC,Ciclofaixa
4397,realizado_fora_pdc,0.0119378,0.0119378,2611606,way/1174030251,Rua do Riachuelo,notOnPDC,Ciclovia
4398,realizado_fora_pdc,0.0533333,0.0533333,2611606,way/1175625343,Rua Paissandú,notOnPDC,Ciclorrota
4399,realizado_fora_pdc,0.048101,0.048101,2611606,way/1176343943,Avenida Governador Agamenon Magalhães,notOnPDC,Calçada compartilhada
4400,realizado_fora_pdc,0.4425906,0.4425906,2611606,way/1177251511,Rua Ibiporã,notOnPDC,Ciclovia
4401,realizado_fora_pdc,0.0820107,0.0820107,2611606,way/1177251512,Rua Ibiporã,notOnPDC,Ciclorrota
4402,realizado_fora_pdc,0.0207425,0.0207425,2611606,way/1177335896,Rua Prefeito Jorge Martins,notOnPDC,Ciclorrota
4403,realizado_fora_pdc,0.2223953,0.2223953,2611606,way/1184004957,Avenida Sul,notOnPDC,Ciclofaixa
4404,realizado_fora_pdc,0.0580647,0.0580647,2611606,way/1184005002,Avenida Senador Robert Kennedy,notOnPDC,Ciclorrota
4405,realizado_fora_pdc,0.1386822,0.1386822,2611606,way/1200826939,Rua Carlos Alberto Valença,notOnPDC,Ciclorrota
4406,realizado_fora_pdc,0.2574737,0.2574737,2611606,way/1200830889,Estrada das Ubaias,notOnPDC,Ciclofaixa
4407,realizado_fora_pdc,0.070913,0.070913,2611606,way/1200830890,Rua Doutor Samuel Lins,notOnPDC,Ciclorrota
4408,realizado_fora_pdc,0.0094194,0.0094194,2611606,way/1216298883,Rua Paula Batista,notOnPDC,Ciclofaixa
4409,realizado_fora_pdc,0.0856329,0.0856329,2611606,way/1216298884,Rua Eugênio Samico,notOnPDC,Ciclorrota
4410,realizado_fora_pdc,0.7154746,0.7154746,2611606,way/1241145625,Ciclovia Agamenon Magalhães,notOnPDC,Calçada compartilhada
4411,realizado_fora_pdc,0.003707,0.003707,2611606,way/1273806782,Rua Bruno Veloso,notOnPDC,Calçada compartilhada
4412,realizado_fora_pdc,0.0545027,0.0545027,2611606,way/1284274823,Rua Itaimbé,notOnPDC,Ciclorrota
4413,realizado_fora_pdc,0.1698265,0.1698265,2611606,way/1303718123,Rua Bruno Veloso,notOnPDC,Calçada compartilhada
4414,realizado_fora_pdc,0.4311885,0.4311885,2611606,way/1307312648,Ponte Engenheiro Jaime Gusmão,notOnPDC,Ciclofaixa
4415,realizado_fora_pdc,0.4327231,0.4327231,2611606,way/1307312649,Ponte Engenheiro Jaime Gusmão,notOnPDC,Ciclofaixa
4416,realizado_fora_pdc,0.0768452,0.0768452,2611606,way/1308479411,,notOnPDC,Calçada compartilhada
4417,realizado_fora_pdc,0.0304047,0.0304047,2611606,way/1308480931,Parque das Graças Lúcia Moura,notOnPDC,Calçada compartilhada
4418,realizado_fora_pdc,0.1288582,0.1288582,2611606,way/1310963800,Avenida Jornalista Possidonio Cavalcanti Bastos,notOnPDC,Ciclofaixa
4419,realizado_fora_pdc,0.1260229,0.1260229,2611606,way/1310963801,Rua Dom Diamantino Costa,notOnPDC,Ciclofaixa
4420,realizado_fora_pdc,0.0224314,0.0224314,2611606,way/1310963802,Ponte Engenheiro Jaime Gusmão,notOnPDC,Ciclofaixa
4421,realizado_fora_pdc,0.0124284,0.0124284,2611606,way/1310963803,Ponte Engenheiro Jaime Gusmão,notOnPDC,Ciclofaixa
4422,realizado_fora_pdc,0.013398,0.013398,2611606,way/1310963804,Avenida Jornalista Possidonio Cavalcanti Bastos,notOnPDC,Ciclofaixa
4423,realizado_fora_pdc,0.0173332,0.0173332,2611606,way/1310963807,Ponte Engenheiro Jaime Gusmão,notOnPDC,Ciclofaixa
4424,realizado_fora_pdc,0.1105559,0.1105559,2611606,way/1341354760,Rua Primeiro de Março,notOnPDC,Calçada compartilhada
4425,realizado_fora_pdc,0.0166026,0.0166026,2611606,way/1342237413,Rua Treze de Maio,notOnPDC,Ciclofaixa
4426,realizado_fora_pdc,0.1358409,0.1358409,2611606,way/1360889707,Rua da Saudade,notOnPDC,Ciclofaixa
4427,realizado_fora_pdc,0.1871054,0.1871054,2611606,way/1385060913,,notOnPDC,Ciclovia
4428,realizado_fora_pdc,0.2851486,0.2851486,2611606,way/1408853433,Parque das Graças Lúcia Moura,notOnPDC,Calçada compartilhada
4429,realizado_fora_pdc,0.4650192,0.4650192,2611606,way/1411653283,Rua Senador Francisco Pessoa de Queiroz,notOnPDC,Ciclovia
4430,realizado_fora_pdc,0.2094441,0.2094441,2611606,way/1411653284,,notOnPDC,Ciclovia
4431,realizado_fora_pdc,0.093006,0.093006,2611606,way/1412255782,Praça da República,notOnPDC,Ciclofaixa
4432,realizado_fora_pdc,0.0906963,0.0906963,2611606,way/1412255783,Praça da República,notOnPDC,Ciclofaixa
4433,realizado_fora_pdc,0.154064,0.154064,2611606,way/1417995493,Rua Doutor Leopoldo Lins,notOnPDC,Ciclofaixa
4434,realizado_fora_pdc,0.0933146,0.0933146,2611606,way/1429393047,Rua Dos Hebreus,notOnPDC,Calçada compartilhada
4435,realizado_fora_pdc,0.0201963,0.0201963,2611606,way/1429393048,Beco,notOnPDC,Calçada compartilhada
4436,realizado_fora_pdc,0.0547255,0.0547255,2611606,way/1430348601,Rua Doze De Outubro,notOnPDC,Calçada compartilhada
4437,realizado_fora_pdc,0.7953322,0.7953322,2611606,way/1442605408,,notOnPDC,Ciclovia
4438,realizado_fora_pdc,0.1810506,0.1810506,2611606,way/1444248310,,notOnPDC,Ciclovia
4439,realizado_fora_pdc,0.0218566,0.0218566,2611606,way/1458792180,Ciclovia Agamenon Magalhães,notOnPDC,Calçada compartilhada
4440,realizado_fora_pdc,0.0350017,0.0350017,2611606,way/1458792181,Ciclovia Agamenon Magalhães,notOnPDC,Calçada compartilhada
4441,realizado_fora_pdc,0.0066039,0.0066039,2611606,way/1458792182,Ciclovia Agamenon Magalhães,notOnPDC,Calçada compartilhada
4442,realizado_fora_pdc,0.1300677,0.1300677,2611606,way/1458792183,Ciclovia Agamenon Magalhães,notOnPDC,Calçada compartilhada
4443,realizado_fora_pdc,0.020787,0.020787,2611606,way/1459445150,Rua do Canavial,notOnPDC,Ciclovia
4444,realizado_fora_pdc,0.005813,0.005813,2611606,way/1459445151,,notOnPDC,Ciclofaixa
4445,realizado_fora_pdc,0.0316335,0.0316335,2611606,way/1459445788,,notOnPDC,Ciclofaixa
4446,realizado_fora_pdc,0.9500194,0.9500194,2611606,way/1474752586,,notOnPDC,Ciclovia
4447,realizado_fora_pdc,0.0908429,0.0908429,2611606,way/1474752587,,notOnPDC,Ciclovia
4448,realizado_fora_pdc,0.3285934,0.3285934,2611606,way/1474752588,,notOnPDC,Ciclovia
4449,realizado_fora_pdc,1.3980749,1.3980749,2611606,way/1474752589,,notOnPDC,Ciclovia
4450,realizado_fora_pdc,0.4344032,0.4344032,2611606,way/1474752590,,notOnPDC,Ciclovia
4451,realizado_fora_pdc,0.8789589,0.8789589,2611606,way/1474752591,,notOnPDC,Ciclovia
4452,realizado_fora_pdc,3.769897,3.769897,2611606,way/1474752592,,notOnPDC,Ciclovia
4453,realizado_fora_pdc,0.8450144,0.8450144,2611606,way/1474752593,,notOnPDC,Ciclovia
4454,realizado_fora_pdc,0.0709123,0.0709123,2611606,way/1474784274,Avenida Sul,notOnPDC,Ciclofaixa
4455,realizado_fora_pdc,0.1054686,0.1054686,2611606,way/1474794534,,notOnPDC,Ciclovia
4456,realizado_fora_pdc,0.9119211,0.9119211,2611606,way/1474794535,,notOnPDC,Ciclovia
4457,realizado_fora_pdc,0.7204615,0.7204615,2611606,way/1474819423,,notOnPDC,Ciclovia
4458,realizado_fora_pdc,1.1196199,1.1196199,2611606,way/1474819424,,notOnPDC,Ciclovia
4459,realizado_fora_pdc,0.3640008,0.3640008,2611606,way/1474819425,,notOnPDC,Ciclovia
4460,realizado_fora_pdc,0.6576418,0.6576418,2611606,way/1474819426,,notOnPDC,Ciclovia
4461,realizado_fora_pdc,0.0547599,0.0547599,2611606,way/1476728422,Avenida Professor José dos Anjos,notOnPDC,Ciclofaixa
4462,realizado_fora_pdc,0.0848263,0.0848263,2611606,way/1494896362,Avenida Beberibe,notOnPDC,Ciclofaixa
4463,realizado_fora_pdc,0.0516313,0.0516313,2611606,way/1494896363,Avenida Beberibe,notOnPDC,Ciclofaixa
4464,realizado_fora_pdc,0.0492459,0.0492459,2611606,way/1494896364,Avenida Beberibe,notOnPDC,Ciclofaixa
4465,realizado_fora_pdc,0.023159,0.023159,2611606,way/1495397939,Rua Araripina,notOnPDC,Ciclorrota
4466,realizado_fora_pdc,0.0387683,0.0387683,2611606,way/1495397940,Rua Araripina,notOnPDC,Ciclorrota
4467,realizado_fora_pdc,0.0047572,0.0047572,2611606,way/1495431395,Avenida Beira Rio,notOnPDC,Ciclofaixa
4468,realizado_fora_pdc,0.1772942,0.1772942,2611606,way/1495474357,Rua Visconde de Jequitinhonha,notOnPDC,Ciclofaixa
4469,realizado_fora_pdc,0.0080439,0.0080439,2611606,way/1495786369,Praça da República,notOnPDC,Ciclofaixa
4470,realizado_fora_pdc,2.3035447,2.3035447,2611606,way/1497051887,,notOnPDC,Ciclovia
4471,realizado_fora_pdc,1.44164,1.44164,2611606,way/1497974790,,notOnPDC,Ciclovia
4472,realizado_fora_pdc,0.2940409,0.2940409,2611606,way/1497974791,,notOnPDC,Ciclovia
4473,realizado_fora_pdc,0.6649444,0.6649444,2611606,way/1497974792,,notOnPDC,Ciclovia
4474,realizado_fora_pdc,0.4567031,0.4567031,2611606,way/1497991627,,notOnPDC,Ciclovia
4475,realizado_fora_pdc,0.7239978,0.7239978,2611606,way/1497991628,,notOnPDC,Ciclovia
4476,realizado_fora_pdc,0.5440152,0.5440152,2611606,way/1497991629,,notOnPDC,Ciclovia
4477,realizado_fora_pdc,0.0349301,0.0349301,2613701,way/282936767,Ciclovia da Arena de Pernambuco,notOnPDC,Ciclovia
4478,realizado_fora_pdc,0.003475,0.003475,2613701,way/616816021,Ciclovia da Arena de Pernambuco,notOnPDC,Ciclovia
4479,realizado_fora_pdc,0.0287015,0.0287015,2613701,way/706191508,Ciclovia da Arena de Pernambuco,notOnPDC,Ciclovia
4480,realizado_fora_pdc,0.033134,0.033134,2613701,way/706191509,Ciclovia da Arena de Pernambuco,notOnPDC,Ciclovia
4481,realizado_fora_pdc,0.0341516,0.0341516,2613701,way/706191511,Ciclovia da Arena de Pernambuco,notOnPDC,Ciclovia
4482,realizado_fora_pdc,0.040409,0.040409,2613701,way/706191512,Ciclovia da Arena de Pernambuco,notOnPDC,Ciclovia
4483,realizado_fora_pdc,0.9121279,0.9121279,2613701,way/757433306,Residencial São Lourenço,notOnPDC,Ciclofaixa
4484,realizado_fora_pdc,0.1225325,0.1225325,2613701,way/759372754,Residencial São Lourenço,notOnPDC,Ciclofaixa
4485,realizado_fora_pdc,0.1594787,0.1594787,2613701,way/1011556075,Residencial São Lourenço,notOnPDC,Ciclofaixa
4486,realizado_fora_pdc,1.0757415,1.0757415,2611606,way/128682906,Avenida Luís Correia de Brito,notOnPDC,Ciclofaixa
4487,realizado_fora_pdc,0.1903701,0.1903701,2611606,way/698123733,Avenida Luís Correia de Brito,notOnPDC,Ciclofaixa
4488,realizado_fora_pdc,0.0936946,0.0936946,2607901,way/775017832,Rua Cosmorama,notOnPDC,Ciclofaixa
