name,infra_type,status_type,city_id
,Calçada compartilhada,realizado_fora_pdc,2602902
Avenida D,Calçada compartilhada,realizado_fora_pdc,2600054
Rua das Acácias,Ciclofaixa,realizado_fora_pdc,2602902
Avenida Vereador Lúcio Fernando Monteiro Pereira,Ciclofaixa,realizado_fora_pdc,2602902
Rua Vc Vinte e Quatro,Ciclofaixa,realizado_fora_pdc,2602902
Avenida Isaac Gomes da Costa,Ciclofaixa,realizado_fora_pdc,2602902
Rua Tenente Manuel Barbosa da Silva,Ciclofaixa,realizado_fora_pdc,2602902
PE-024,Ciclofaixa,realizado_fora_pdc,2602902
PE-024,Ciclofaixa,realizado_fora_pdc,2602902
PE-024,Ciclofaixa,realizado_fora_pdc,2602902
PE-024,Ciclofaixa,realizado_fora_pdc,2602902
Avenida Vereador Lúcio Fernando Monteiro Pereira,Ciclofaixa,realizado_fora_pdc,2602902
PE-024,Ciclofaixa,realizado_fora_pdc,2602902
Avenida Presidente Getulio Vargas,Ciclofaixa,realizado_fora_pdc,2602902
Avenida Presidente Getulio Vargas,Ciclofaixa,realizado_fora_pdc,2602902
Avenida Presidente Getulio Vargas,Ciclofaixa,realizado_fora_pdc,2602902
Avenida Almirante Paulo Moreira,Ciclofaixa,realizado_fora_pdc,2602902
Avenida Vereador Lúcio Fernando Monteiro Pereira,Ciclofaixa,realizado_fora_pdc,2602902
,Calçada compartilhada,realizado_fora_pdc,2602902
PE-024,Ciclofaixa,realizado_fora_pdc,2602902
,Ciclofaixa,realizado_fora_pdc,2602902
,Ciclofaixa,realizado_fora_pdc,2602902
Calçadão da Vila Social,Calçada compartilhada,realizado_fora_pdc,2602902
Calçadão da Vila Roca,Calçada compartilhada,realizado_fora_pdc,2602902
,Calçada compartilhada,realizado_fora_pdc,2602902
,Calçada compartilhada,realizado_fora_pdc,2602902
Avenida Vereador Lúcio Fernando Monteiro Pereira,Ciclofaixa,realizado_fora_pdc,2602902
PE-024,Ciclofaixa,realizado_fora_pdc,2602902
Avenida Isaac Gomes da Costa,Ciclofaixa,realizado_fora_pdc,2602902
PE-024,Ciclofaixa,realizado_fora_pdc,2602902
PE-024,Ciclofaixa,realizado_fora_pdc,2602902
Avenida Isaac Gomes da Costa,Ciclofaixa,realizado_fora_pdc,2602902
Avenida Isaac Gomes da Costa,Ciclofaixa,realizado_fora_pdc,2602902
Avenida Vereador Lúcio Fernando Monteiro Pereira,Ciclofaixa,realizado_fora_pdc,2602902
Avenida Vereador Lúcio Fernando Monteiro Pereira,Ciclofaixa,realizado_fora_pdc,2602902
Avenida Vereador Lúcio Fernando Monteiro Pereira,Ciclofaixa,realizado_fora_pdc,2602902
,Ciclovia,realizado_fora_pdc,2602902
Avenida Presidente Getulio Vargas,Ciclofaixa,realizado_fora_pdc,2602902
Ciclovia Praça de Gaibu,Ciclovia,realizado_fora_pdc,2602902
Ciclovia Praça de Gaibu,Ciclovia,realizado_fora_pdc,2602902
,Ciclovia,realizado_fora_pdc,2602902
Ciclovia Praça de Gaibu,Ciclovia,realizado_fora_pdc,2602902
,Ciclovia,realizado_fora_pdc,2602902
Ciclovia Praça de Gaibu,Ciclovia,realizado_fora_pdc,2602902
PE-024,Ciclofaixa,realizado_fora_pdc,2602902
Avenida Isaac Gomes da Costa,Ciclofaixa,realizado_fora_pdc,2602902
,Calçada compartilhada,realizado_fora_pdc,2602902
Avenida Vereador Lúcio Fernando Monteiro Pereira,Ciclofaixa,realizado_fora_pdc,2602902
Avenida Vereador Lúcio Fernando Monteiro Pereira,Ciclofaixa,realizado_fora_pdc,2602902
Avenida Vereador Lúcio Fernando Monteiro Pereira,Ciclofaixa,realizado_fora_pdc,2602902
Avenida Vereador Lúcio Fernando Monteiro Pereira,Ciclofaixa,realizado_fora_pdc,2602902
Avenida Isaac Gomes da Costa,Ciclofaixa,realizado_fora_pdc,2602902
Avenida Isaac Gomes da Costa,Ciclofaixa,realizado_fora_pdc,2602902
PE-024,Ciclofaixa,realizado_fora_pdc,2602902
Avenida Isaac Gomes da Costa,Ciclofaixa,realizado_fora_pdc,2602902
Avenida Isaac Gomes da Costa,Ciclofaixa,realizado_fora_pdc,2602902
Avenida Isaac Gomes da Costa,Ciclofaixa,realizado_fora_pdc,2602902
Avenida Isaac Gomes da Costa,Ciclofaixa,realizado_fora_pdc,2602902
Avenida Isaac Gomes da Costa,Ciclofaixa,realizado_fora_pdc,2602902
Rua Marcos Antonio de Barros,Ciclovia,realizado_fora_pdc,2602902
Calçadão do Estudante,Calçada compartilhada,realizado_fora_pdc,2602902
Calçadão da Praça de Gaibu,Calçada compartilhada,realizado_fora_pdc,2602902
Rua Manoel Honorato da Costa,Ciclofaixa,realizado_fora_pdc,2603454
PE-060,Ciclovia,realizado_fora_pdc,2602902
,Ciclovia,realizado_fora_pdc,2602902
,Ciclovia,realizado_fora_pdc,2602902
,Calçada compartilhada,realizado_fora_pdc,2603454
Rua Padre Ozeas Cavalcante,Ciclofaixa,realizado_fora_pdc,2603454
Rua Manoel Honorato da Costa,Ciclofaixa,realizado_fora_pdc,2603454
Rua Manoel Honorato da Costa,Ciclofaixa,realizado_fora_pdc,2603454
Rua Manoel Honorato da Costa,Ciclofaixa,realizado_fora_pdc,2603454
Rua Manoel Honorato da Costa,Ciclofaixa,realizado_fora_pdc,2603454
Avenida Manoel Gomes da Silva,Ciclofaixa,realizado_fora_pdc,2607208
Rua Mario Julio do Rego,Ciclofaixa,realizado_fora_pdc,2607208
Rua Silvino Alves da Silva,Ciclofaixa,realizado_fora_pdc,2607208
Rua Cristovão de Souza Leão,Ciclofaixa,realizado_fora_pdc,2607208
Travessa Cristóvão de Souza Leão,Ciclofaixa,realizado_fora_pdc,2607208
Avenida Califórnia,Ciclofaixa,realizado_fora_pdc,2607208
Avenida Califórnia,Ciclofaixa,realizado_fora_pdc,2607208
Avenida Califórnia,Ciclofaixa,realizado_fora_pdc,2607208
Rua Mario Julio do Rego,Ciclofaixa,realizado_fora_pdc,2607208
Rua do Canal,Ciclofaixa,realizado_fora_pdc,2607901
,Ciclorrota,realizado_fora_pdc,2607901
,Ciclovia,realizado_fora_pdc,2607901
,Ciclovia,realizado_fora_pdc,2607901
Avenida Júlio César,Ciclofaixa,realizado_fora_pdc,2611606
,Ciclovia,realizado_fora_pdc,2607901
Ciclovia Beira Mar,Ciclovia,realizado_fora_pdc,2607901
,Ciclovia,realizado_fora_pdc,2607901
,Ciclovia,realizado_fora_pdc,2607901
,Ciclovia,realizado_fora_pdc,2607901
,Ciclovia,realizado_fora_pdc,2607901
,Ciclovia,realizado_fora_pdc,2607901
,Ciclovia,realizado_fora_pdc,2607901
,Ciclovia,realizado_fora_pdc,2607901
,Ciclovia,realizado_fora_pdc,2607901
,Ciclovia,realizado_fora_pdc,2607901
,Ciclovia,realizado_fora_pdc,2607901
,Ciclovia,realizado_fora_pdc,2607901
,Ciclovia,realizado_fora_pdc,2607901
,Ciclovia,realizado_fora_pdc,2607901
,Ciclovia,realizado_fora_pdc,2607901
,Ciclovia,realizado_fora_pdc,2607901
,Ciclovia,realizado_fora_pdc,2607901
,Ciclovia,realizado_fora_pdc,2607901
,Ciclovia,realizado_fora_pdc,2607901
,Ciclovia,realizado_fora_pdc,2607901
Ciclovia Avenida Beira-Mar,Ciclovia,realizado_fora_pdc,2609600
Ciclovia Camilo Simões,Ciclovia,realizado_fora_pdc,2609600
Ponte Velha,Ciclofaixa,realizado_fora_pdc,2611606
Ciclovia Camilo Simões,Ciclovia,realizado_fora_pdc,2609600
Ciclovia Camilo Simões,Ciclovia,realizado_fora_pdc,2609600
,Ciclovia,realizado_fora_pdc,2610707
Rua Ministro João Alberto,Ciclorrota,realizado_fora_pdc,2611606
Avenida Inácio Monteiro,Ciclofaixa,realizado_fora_pdc,2611606
Rua Marquês de Maricá,Ciclofaixa,realizado_fora_pdc,2611606
Avenida Rio Branco,Calçada compartilhada,realizado_fora_pdc,2611606
Rua da Moeda,Calçada compartilhada,realizado_fora_pdc,2611606
Rua Monte Castelo,Ciclofaixa,realizado_fora_pdc,2611606
Rua Velha,Ciclofaixa,realizado_fora_pdc,2611606
Rua do Aragão,Ciclorrota,realizado_fora_pdc,2611606
Rua João Cardoso Aires,Ciclofaixa,realizado_fora_pdc,2611606
Rua Paissandú,Ciclofaixa,realizado_fora_pdc,2611606
Rua Marcos André,Ciclofaixa,realizado_fora_pdc,2611606
Rua Marcos André,Ciclorrota,realizado_fora_pdc,2611606
Rua Marquês do Paraná,Ciclofaixa,realizado_fora_pdc,2611606
Rua Marechal Deodoro,Ciclorrota,realizado_fora_pdc,2611606
Rua Antônio Rangel,Ciclofaixa,realizado_fora_pdc,2611606
Rua Marechal Deodoro,Ciclofaixa,realizado_fora_pdc,2611606
Rua Bruno Veloso,Ciclofaixa,realizado_fora_pdc,2611606
Rua Copacabana,Ciclorrota,realizado_fora_pdc,2611606
Praça da República,Ciclofaixa,realizado_fora_pdc,2611606
Rua José Veloso,Ciclorrota,realizado_fora_pdc,2611606
Rua Itanagé,Ciclofaixa,realizado_fora_pdc,2611606
Rua da Fundição,Ciclorrota,realizado_fora_pdc,2611606
Rua da Saudade,Ciclorrota,realizado_fora_pdc,2611606
Rua da Saudade,Ciclofaixa,realizado_fora_pdc,2611606
Rua do Riachuelo,Ciclorrota,realizado_fora_pdc,2611606
Rua do Riachuelo,Ciclofaixa,realizado_fora_pdc,2611606
Rua Doutor Leopoldo Lins,Ciclofaixa,realizado_fora_pdc,2611606
Avenida Montevidéu,Ciclofaixa,realizado_fora_pdc,2611606
Rua Itacari,Ciclofaixa,realizado_fora_pdc,2611606
Avenida Governador Agamenon Magalhães,Ciclofaixa,realizado_fora_pdc,2611606
Avenida Governador Agamenon Magalhães,Ciclofaixa,realizado_fora_pdc,2611606
Avenida Governador Agamenon Magalhães,Ciclofaixa,realizado_fora_pdc,2611606
Avenida Governador Agamenon Magalhães,Ciclofaixa,realizado_fora_pdc,2611606
Rua Doutor Leopoldo Lins,Ciclofaixa,realizado_fora_pdc,2611606
Avenida Montevidéu,Ciclofaixa,realizado_fora_pdc,2611606
Rua da Palma,Calçada compartilhada,realizado_fora_pdc,2611606
Avenida Governador Agamenon Magalhães,Ciclofaixa,realizado_fora_pdc,2611606
Avenida Governador Agamenon Magalhães,Ciclofaixa,realizado_fora_pdc,2611606
Rua Othon Paraíso,Ciclofaixa,realizado_fora_pdc,2611606
Avenida Oliveira Lima,Ciclofaixa,realizado_fora_pdc,2611606
Avenida Agamenon Magalhães - Pista Local,Ciclofaixa,realizado_fora_pdc,2611606
Rua da Matriz,Ciclorrota,realizado_fora_pdc,2611606
Rua Othon Paraíso,Ciclofaixa,realizado_fora_pdc,2611606
Travessa do Cais da Detenção,Ciclofaixa,realizado_fora_pdc,2611606
Rua do Hospício,Ciclofaixa,realizado_fora_pdc,2611606
Avenida João de Barros,Ciclofaixa,realizado_fora_pdc,2611606
Rua Buenos Aires,Ciclofaixa,realizado_fora_pdc,2611606
Rua Nova,Ciclofaixa,realizado_fora_pdc,2611606
Rua Matias de Albuquerque,Calçada compartilhada,realizado_fora_pdc,2611606
Rua Imperatriz Teresa Cristina,Calçada compartilhada,realizado_fora_pdc,2611606
Avenida Cruz Cabugá,Ciclofaixa,realizado_fora_pdc,2611606
Praça da República,Ciclofaixa,realizado_fora_pdc,2611606
Rua Antônio Gomes de Freitas,Ciclofaixa,realizado_fora_pdc,2611606
Rua dos Coelhos,Ciclorrota,realizado_fora_pdc,2611606
Rua Dom Bosco,Ciclorrota,realizado_fora_pdc,2611606
Rua Jean Emile Favre,Ciclofaixa,realizado_fora_pdc,2611606
Rua Jean Emile Favre,Ciclofaixa,realizado_fora_pdc,2611606
Rua José de Alencar,Ciclofaixa,realizado_fora_pdc,2611606
Rua Visconde de Goiana,Ciclorrota,realizado_fora_pdc,2611606
Rua José de Alencar,Ciclofaixa,realizado_fora_pdc,2611606
Rua José de Alencar,Ciclofaixa,realizado_fora_pdc,2611606
Rua José de Alencar,Ciclofaixa,realizado_fora_pdc,2611606
Rua Doutor Alberto Wanderley,Ciclorrota,realizado_fora_pdc,2611606
Rua Senador José Henrique,Ciclorrota,realizado_fora_pdc,2611606
Rua Rosário da Boa Vista,Ciclorrota,realizado_fora_pdc,2611606
Rua Padre Inglês,Ciclofaixa,realizado_fora_pdc,2611606
Avenida Luiz de Lacerda,Ciclofaixa,realizado_fora_pdc,2611606
Avenida Maurício de Nassau,Ciclofaixa,realizado_fora_pdc,2611606
Rua Lindolfo Color,Ciclofaixa,realizado_fora_pdc,2611606
Rua Lindolfo Color,Ciclorrota,realizado_fora_pdc,2611606
Rua Carlos Gomes,Ciclofaixa,realizado_fora_pdc,2611606
Rua Alberto Paiva,Ciclofaixa,realizado_fora_pdc,2611606
Rua Bruno Veloso,Ciclofaixa,realizado_fora_pdc,2611606
Rua Félix de Brito Melo,Ciclorrota,realizado_fora_pdc,2611606
Rua Félix de Brito Melo,Ciclorrota,realizado_fora_pdc,2611606
Rua Professor Estevão Francisco da Costa,Ciclofaixa,realizado_fora_pdc,2611606
Rua Odete Monteiro,Ciclofaixa,realizado_fora_pdc,2611606
Rua Dianópolis,Ciclofaixa,realizado_fora_pdc,2611606
Rua Marquês de Maricá,Ciclofaixa,realizado_fora_pdc,2611606
Rua Dez de Novembro,Ciclofaixa,realizado_fora_pdc,2611606
Rua Tomaz Gonzaga,Ciclofaixa,realizado_fora_pdc,2611606
Rua Souza Bandeira,Ciclofaixa,realizado_fora_pdc,2611606
Rua Doutor João Lacerda,Ciclofaixa,realizado_fora_pdc,2611606
Praça Professor Campelo Barreto,Ciclofaixa,realizado_fora_pdc,2611606
Rua Carandaí,Ciclorrota,realizado_fora_pdc,2611606
Avenida Professor Estevão Francisco da Costa,Ciclorrota,realizado_fora_pdc,2611606
Rua Joaquim Felipe,Ciclofaixa,realizado_fora_pdc,2611606
Rua Marcos André,Ciclofaixa,realizado_fora_pdc,2611606
Rua Marcos André,Ciclofaixa,realizado_fora_pdc,2611606
Rua Real da Torre,Ciclofaixa,realizado_fora_pdc,2611606
Rua Pio IX,Ciclorrota,realizado_fora_pdc,2611606
Rua Bruno Veloso,Ciclofaixa,realizado_fora_pdc,2611606
Rua Treze de Maio,Ciclofaixa,realizado_fora_pdc,2611606
Rua Bispo Cardoso Ayres,Ciclofaixa,realizado_fora_pdc,2611606
Rua Doutor Leopoldo Lins,Ciclofaixa,realizado_fora_pdc,2611606
Rua do Veiga,Ciclofaixa,realizado_fora_pdc,2611606
Rua Barros Barreto,Ciclorrota,realizado_fora_pdc,2611606
Rua Alegre,Ciclofaixa,realizado_fora_pdc,2611606
Rua São Bento,Ciclofaixa,realizado_fora_pdc,2611606
Rua Neto de Mendonça,Ciclofaixa,realizado_fora_pdc,2611606
Rua Parque das Graças,Ciclorrota,realizado_fora_pdc,2611606
Rua Doutor José Maria,Ciclofaixa,realizado_fora_pdc,2611606
Rua Alberto Paiva,Ciclofaixa,realizado_fora_pdc,2611606
Rua Esmeraldino Bandeira,Ciclofaixa,realizado_fora_pdc,2611606
Rua Frei Cassimiro,Ciclofaixa,realizado_fora_pdc,2611606
Rua Frei Cassimiro,Ciclofaixa,realizado_fora_pdc,2611606
Rua Tupinambás,Ciclorrota,realizado_fora_pdc,2611606
Rua Barros Barreto,Ciclorrota,realizado_fora_pdc,2611606
Rua General Abreu e Lima,Ciclofaixa,realizado_fora_pdc,2611606
Rua General Abreu e Lima,Ciclofaixa,realizado_fora_pdc,2611606
Rua Carlos Gomes,Ciclorrota,realizado_fora_pdc,2611606
Rua Simão Mendes,Ciclofaixa,realizado_fora_pdc,2611606
Rua Bruno Veloso,Ciclofaixa,realizado_fora_pdc,2611606
Rua Feliciano José de Farias,Ciclorrota,realizado_fora_pdc,2611606
Rua Paulo de Arruda,Ciclorrota,realizado_fora_pdc,2611606
Rua Paulo de Arruda,Ciclorrota,realizado_fora_pdc,2611606
Rua Antônio Rangel,Ciclofaixa,realizado_fora_pdc,2611606
Rua João Crescêncio,Ciclorrota,realizado_fora_pdc,2611606
Rua José Domingues da Silva,Ciclorrota,realizado_fora_pdc,2611606
Rua São Nicolau,Ciclofaixa,realizado_fora_pdc,2611606
Rua Pintor Antônio Albuquerque,Ciclorrota,realizado_fora_pdc,2611606
Rua Itanagé,Ciclorrota,realizado_fora_pdc,2611606
Rua Virgínia Heráclio,Ciclofaixa,realizado_fora_pdc,2611606
Rua Potengy,Ciclofaixa,realizado_fora_pdc,2611606
Rua Amaro Coutinho,Ciclofaixa,realizado_fora_pdc,2611606
Rua Blumenau,Ciclofaixa,realizado_fora_pdc,2611606
Rua São Nicolau,Ciclofaixa,realizado_fora_pdc,2611606
Avenida Afonso Olindense,Ciclofaixa,realizado_fora_pdc,2611606
Avenida Prefeito Lima Castro,Ciclofaixa,realizado_fora_pdc,2611606
Rua Ricardo Salazar,Ciclorrota,realizado_fora_pdc,2611606
Rua Ricardo Salazar,Ciclorrota,realizado_fora_pdc,2611606
Praça da Rua João Crescêncio,Ciclorrota,realizado_fora_pdc,2611606
Avenida Visconde de Jequitinhonha,Ciclorrota,realizado_fora_pdc,2611606
Avenida Visconde de Jequitinhonha,Ciclorrota,realizado_fora_pdc,2611606
Rua Marechal Deodoro,Ciclofaixa,realizado_fora_pdc,2611606
Rua da Coragem,Ciclofaixa,realizado_fora_pdc,2611606
Rua Retiro Saudoso,Ciclorrota,realizado_fora_pdc,2611606
Rua Doutor Alberto Wanderley,Ciclorrota,realizado_fora_pdc,2611606
Rua Carlos Fernandes,Ciclorrota,realizado_fora_pdc,2611606
Rua Pedro Alves,Ciclofaixa,realizado_fora_pdc,2611606
Rua Pedro Alves,Ciclorrota,realizado_fora_pdc,2611606
Rua Pedro Alves,Ciclorrota,realizado_fora_pdc,2611606
Praça do Baobá da Encruzilhada,Ciclorrota,realizado_fora_pdc,2611606
Rua Amaro Coutinho,Ciclofaixa,realizado_fora_pdc,2611606
Rua João Crescêncio,Ciclorrota,realizado_fora_pdc,2611606
Rua Baltazar Passos,Ciclorrota,realizado_fora_pdc,2611606
Avenida Vinte de Janeiro,Ciclorrota,realizado_fora_pdc,2611606
Rua Baltazar Passos,Ciclorrota,realizado_fora_pdc,2611606
Avenida Lino Jordão,Ciclofaixa,realizado_fora_pdc,2611606
Rua Soldado Sinésio de Aragão,Ciclofaixa,realizado_fora_pdc,2611606
Rua Camboim,Ciclorrota,realizado_fora_pdc,2611606
Rua Camboim,Ciclorrota,realizado_fora_pdc,2611606
Rua Waldemar Nery Carneiro Monteiro,Ciclorrota,realizado_fora_pdc,2611606
Rua Cosmorama,Ciclofaixa,realizado_fora_pdc,2611606
Rua Cosmorama,Ciclofaixa,realizado_fora_pdc,2611606
Rua Cosmorama,Ciclofaixa,realizado_fora_pdc,2611606
Rua Cosmorama,Ciclofaixa,realizado_fora_pdc,2611606
Rua Copacabana,Ciclorrota,realizado_fora_pdc,2611606
Rua dos Craveiros,Ciclorrota,realizado_fora_pdc,2611606
Avenida Sebastião Salazar,Ciclorrota,realizado_fora_pdc,2611606
Rua Arão Butler,Ciclofaixa,realizado_fora_pdc,2611606
Rua Marquês do Paraná,Ciclofaixa,realizado_fora_pdc,2611606
Rua Marquês do Paraná,Ciclofaixa,realizado_fora_pdc,2611606
Rua Doutor Fernando Allain,Ciclorrota,realizado_fora_pdc,2611606
Rua José Paraíso,Ciclorrota,realizado_fora_pdc,2611606
Rua Dona Uzinha Nunes,Ciclorrota,realizado_fora_pdc,2611606
Rua Padre Lemos,Ciclofaixa,realizado_fora_pdc,2611606
Rua Comendador Franco Ferreira,Ciclorrota,realizado_fora_pdc,2611606
Rua Cônsul Vilares Fragoso,Ciclorrota,realizado_fora_pdc,2611606
Rua Itapemirim,Ciclorrota,realizado_fora_pdc,2611606
Avenida República Árabe Unida,Ciclofaixa,realizado_fora_pdc,2611606
Rua Prudente de Morais,Ciclorrota,realizado_fora_pdc,2611606
Rua Mem de Sá,Ciclofaixa,realizado_fora_pdc,2611606
Rua Couto Magalhães,Ciclofaixa,realizado_fora_pdc,2611606
Avenida Santos Dumont,Ciclofaixa,realizado_fora_pdc,2611606
Rua Madre Rosa Gattorno,Ciclofaixa,realizado_fora_pdc,2611606
Rua Fonseca Oliveira,Ciclorrota,realizado_fora_pdc,2611606
Rua Treze de Junho,Ciclofaixa,realizado_fora_pdc,2611606
Rua Itaimbé,Ciclorrota,realizado_fora_pdc,2611606
Rua João Cardoso Aires,Ciclorrota,realizado_fora_pdc,2611606
Rua João Cardoso Aires,Ciclofaixa,realizado_fora_pdc,2611606
Avenida Pinheiros,Ciclofaixa,realizado_fora_pdc,2611606
Rua Engenheiro José Brandão Cavalcante,Ciclofaixa,realizado_fora_pdc,2611606
Rua Engenheiro José Brandão Cavalcante,Ciclofaixa,realizado_fora_pdc,2611606
Rua Amélia Xavier Sampaio,Ciclofaixa,realizado_fora_pdc,2611606
Rua Allan Kardec,Ciclofaixa,realizado_fora_pdc,2611606
Avenida José Ferreira Lins,Ciclofaixa,realizado_fora_pdc,2611606
Rua José Nogueira,Ciclofaixa,realizado_fora_pdc,2611606
Rua Nova Verona,Ciclofaixa,realizado_fora_pdc,2611606
Avenida José Ferreira Lins,Ciclofaixa,realizado_fora_pdc,2611606
Avenida José Ferreira Lins,Ciclofaixa,realizado_fora_pdc,2611606
Avenida Senador Robert Kennedy,Ciclorrota,realizado_fora_pdc,2611606
Avenida Engenheiro Alves Souza,Ciclofaixa,realizado_fora_pdc,2611606
Rua Dona Elvira,Ciclofaixa,realizado_fora_pdc,2611606
Rua Professor Pedro Augusto,Ciclorrota,realizado_fora_pdc,2611606
Rua Major Godofredo Luiz Pereira de Lima,Ciclorrota,realizado_fora_pdc,2611606
Rua João Cardoso Aires,Ciclofaixa,realizado_fora_pdc,2611606
Avenida Maurício de Nassau,Ciclofaixa,realizado_fora_pdc,2611606
Rua Jornalista Cleófas de Oliveira,Ciclofaixa,realizado_fora_pdc,2611606
Rua Jalisco,Ciclofaixa,realizado_fora_pdc,2611606
Rua Guadalajara,Ciclofaixa,realizado_fora_pdc,2611606
Avenida Sul,Ciclofaixa,realizado_fora_pdc,2611606
Ciclovia Mimoso do Sul,Ciclovia,realizado_fora_pdc,2611606
Avenida Sul,Ciclofaixa,realizado_fora_pdc,2611606
Rua Jornalista Cleófas de Oliveira,Ciclofaixa,realizado_fora_pdc,2611606
Rua Doutor Miguel Vieira Ferreira,Ciclorrota,realizado_fora_pdc,2611606
Rua Compositor Vinícius de Morais,Ciclovia,realizado_fora_pdc,2611606
Avenida Governador Agamenon Magalhães,Ciclofaixa,realizado_fora_pdc,2611606
Rua Professor Francisco da Trindade,Ciclofaixa,realizado_fora_pdc,2611606
Rua Professor Francisco da Trindade,Ciclofaixa,realizado_fora_pdc,2611606
Rua Hermílio Gomes,Ciclofaixa,realizado_fora_pdc,2611606
Rua Marquês de Abrantes,Ciclofaixa,realizado_fora_pdc,2611606
Rua Comendador Franco Ferreira,Ciclorrota,realizado_fora_pdc,2611606
Avenida Engenheiro Abdias de Carvalho - Pista Lateral,Ciclorrota,realizado_fora_pdc,2611606
Rua Emiliano Braga,Ciclofaixa,realizado_fora_pdc,2611606
Rua Jerônimo de Albuquerque,Ciclorrota,realizado_fora_pdc,2611606
Rua Doutora Antônia Dias,Ciclorrota,realizado_fora_pdc,2611606
Rua de Casa Forte,Ciclorrota,realizado_fora_pdc,2611606
Rua de Casa Forte,Ciclorrota,realizado_fora_pdc,2611606
Rua da Harmonia,Ciclofaixa,realizado_fora_pdc,2611606
Rua Silvino Lopes,Ciclorrota,realizado_fora_pdc,2611606
Rua Doutor Samuel Lins,Ciclorrota,realizado_fora_pdc,2611606
Rua Ambrósio Machado,Ciclofaixa,realizado_fora_pdc,2611606
Rua Ambrósio Machado,Ciclofaixa,realizado_fora_pdc,2611606
Rua Mauricéia,Ciclorrota,realizado_fora_pdc,2611606
Rua Emiliano Braga,Ciclofaixa,realizado_fora_pdc,2611606
Rua Gaspar Perez,Ciclofaixa,realizado_fora_pdc,2611606
Rua Paula Batista,Ciclofaixa,realizado_fora_pdc,2611606
Rua Paula Batista,Ciclofaixa,realizado_fora_pdc,2611606
Rua Xavantes,Ciclofaixa,realizado_fora_pdc,2611606
Rua Cosmorama,Ciclofaixa,realizado_fora_pdc,2611606
Rua Pedro Allain,Ciclofaixa,realizado_fora_pdc,2611606
Rua Pedro Allain,Ciclorrota,realizado_fora_pdc,2611606
Rua Rev Antônio Queiroz,Ciclorrota,realizado_fora_pdc,2611606
Rua Paula Batista,Ciclofaixa,realizado_fora_pdc,2611606
Praça do Trabalho,Ciclofaixa,realizado_fora_pdc,2611606
Rua Coronel João Batista do Rego Barros,Ciclorrota,realizado_fora_pdc,2611606
Rua Antônio Valdevino da Costa,Ciclorrota,realizado_fora_pdc,2611606
Rua Tamboril,Ciclorrota,realizado_fora_pdc,2611606
Avenida Inácio Monteiro,Ciclofaixa,realizado_fora_pdc,2611606
Avenida Inácio Monteiro,Ciclofaixa,realizado_fora_pdc,2611606
Rua Professor Joaquim Xavier de Brito,Ciclofaixa,realizado_fora_pdc,2611606
Rua Professor Joaquim Xavier de Brito,Ciclofaixa,realizado_fora_pdc,2611606
Praça do Monteiro,Calçada compartilhada,realizado_fora_pdc,2611606
Rua Professor Estevão Francisco da Costa,Ciclofaixa,realizado_fora_pdc,2611606
Avenida Nossa Senhora da Saúde,Ciclofaixa,realizado_fora_pdc,2611606
Avenida Nossa Senhora da Saúde,Ciclofaixa,realizado_fora_pdc,2611606
Rua Pereira Coutinho Filho,Ciclofaixa,realizado_fora_pdc,2611606
Rua Leal de Barros,Ciclorrota,realizado_fora_pdc,2611606
Rua Doutor José Anastacio da Silva Guimarães,Ciclorrota,realizado_fora_pdc,2611606
Rua Doutor José Anastacio da Silva Guimarães,Ciclorrota,realizado_fora_pdc,2611606
Rua Pereira Coutinho Filho,Ciclofaixa,realizado_fora_pdc,2611606
Rua General Vargas,Ciclofaixa,realizado_fora_pdc,2611606
Rua General Vargas,Ciclofaixa,realizado_fora_pdc,2611606
Rua General Vargas,Ciclofaixa,realizado_fora_pdc,2611606
Rua Desembargador Oscar Coutinho,Ciclofaixa,realizado_fora_pdc,2611606
Avenida Jornalista Possidonio Cavalcanti Bastos,Ciclofaixa,realizado_fora_pdc,2611606
Rua Maria de Fátima Soares,Ciclofaixa,realizado_fora_pdc,2611606
Rua Emiliano Braga,Ciclofaixa,realizado_fora_pdc,2611606
Avenida José Américo de Almeida,Ciclofaixa,realizado_fora_pdc,2611606
Rua Setúbal,Ciclorrota,realizado_fora_pdc,2611606
Rua Visconde de Itaparica,Ciclorrota,realizado_fora_pdc,2611606
Rua Marcos André,Ciclofaixa,realizado_fora_pdc,2611606
Rua Ferreira Lopes,Ciclofaixa,realizado_fora_pdc,2611606
Rua Jerônimo Vilela,Ciclofaixa,realizado_fora_pdc,2611606
Rua Jerônimo Vilela,Ciclofaixa,realizado_fora_pdc,2611606
Rua Jerônimo Vilela,Ciclofaixa,realizado_fora_pdc,2611606
Rua do Pombal,Ciclofaixa,realizado_fora_pdc,2611606
Rua Pio IX,Ciclorrota,realizado_fora_pdc,2611606
Rua Carlos Gomes,Ciclofaixa,realizado_fora_pdc,2611606
Rua Elvira Carreira de Oliveira,Ciclorrota,realizado_fora_pdc,2611606
Rua Azeredo Coutinho,Ciclorrota,realizado_fora_pdc,2611606
Rua Francisco Lacerda,Ciclorrota,realizado_fora_pdc,2611606
Rua Doutora Antônia Dias,Ciclorrota,realizado_fora_pdc,2611606
Rua Doutora Antônia Dias,Ciclorrota,realizado_fora_pdc,2611606
Rua Urubici,Ciclofaixa,realizado_fora_pdc,2611606
Rua Marcos André,Ciclofaixa,realizado_fora_pdc,2611606
Rua Doutor Joaquim dos Santos Souto,Ciclorrota,realizado_fora_pdc,2611606
Rua Marechal Deodoro,Ciclofaixa,realizado_fora_pdc,2611606
Rua Itacari,Ciclofaixa,realizado_fora_pdc,2611606
Avenida Santos Dumont,Ciclofaixa,realizado_fora_pdc,2611606
Praça do Trabalho,Ciclofaixa,realizado_fora_pdc,2611606
Rua Ministro João Alberto,Ciclofaixa,realizado_fora_pdc,2611606
Avenida Nossa Senhora da Saúde,Ciclofaixa,realizado_fora_pdc,2611606
Avenida Governador Agamenon Magalhães,Ciclofaixa,realizado_fora_pdc,2611606
Rua Doutor Leopoldo Lins,Ciclofaixa,realizado_fora_pdc,2611606
Praça Miguel de Cervantes,Ciclofaixa,realizado_fora_pdc,2611606
Rua Salvador de Sá,Ciclorrota,realizado_fora_pdc,2611606
Rua do Hospício,Ciclofaixa,realizado_fora_pdc,2611606
Rua do Riachuelo,Ciclorrota,realizado_fora_pdc,2611606
Rua General Abreu e Lima,Ciclovia,realizado_fora_pdc,2611606
Rua Mem de Sá,Ciclofaixa,realizado_fora_pdc,2611606
Rua Mem de Sá,Ciclofaixa,realizado_fora_pdc,2611606
Rua Marechal Deodoro,Ciclofaixa,realizado_fora_pdc,2611606
Rua Marechal Deodoro,Ciclorrota,realizado_fora_pdc,2611606
Rua Marechal Deodoro,Ciclofaixa,realizado_fora_pdc,2611606
Avenida Agamenon Magalhães - Pista Local,Ciclofaixa,realizado_fora_pdc,2611606
Rua Floriano Peixoto,Ciclofaixa,realizado_fora_pdc,2611606
Rua Barão de São Borja,Ciclorrota,realizado_fora_pdc,2611606
Rua Barão de São Borja,Ciclorrota,realizado_fora_pdc,2611606
Rua Bispo Cardoso Ayres,Ciclofaixa,realizado_fora_pdc,2611606
Rua José de Alencar,Ciclofaixa,realizado_fora_pdc,2611606
Rua João Fernandes Vieira,Ciclofaixa,realizado_fora_pdc,2611606
Rua Lindolfo Color,Ciclofaixa,realizado_fora_pdc,2611606
Rua João Fernandes Vieira,Ciclofaixa,realizado_fora_pdc,2611606
Rua Visconde de Goiana,Ciclorrota,realizado_fora_pdc,2611606
Rua Isaac Markman,Ciclorrota,realizado_fora_pdc,2611606
Rua Doutor Miguel Vieira Ferreira,Ciclorrota,realizado_fora_pdc,2611606
Rua Doutor Miguel Vieira Ferreira,Ciclorrota,realizado_fora_pdc,2611606
Rua General Vargas,Ciclofaixa,realizado_fora_pdc,2611606
Rua Lindolfo Color,Ciclofaixa,realizado_fora_pdc,2611606
Rua Mem de Sá,Ciclofaixa,realizado_fora_pdc,2611606
Rua Doutor Miguel Vieira Ferreira,Ciclorrota,realizado_fora_pdc,2611606
Rua Mauricéia,Ciclofaixa,realizado_fora_pdc,2611606
Rua Ministro João Alberto,Ciclofaixa,realizado_fora_pdc,2611606
Rua Alegre,Ciclofaixa,realizado_fora_pdc,2611606
Rua São Bento,Ciclofaixa,realizado_fora_pdc,2611606
Rua Souza Bandeira,Ciclofaixa,realizado_fora_pdc,2611606
Estrada do Encanamento,Ciclofaixa,realizado_fora_pdc,2611606
Rua Doutor Samuel Lins,Ciclorrota,realizado_fora_pdc,2611606
Rua Ferreira Lopes,Ciclofaixa,realizado_fora_pdc,2611606
Rua da Harmonia,Ciclofaixa,realizado_fora_pdc,2611606
Avenida Sebastião Salazar,Ciclorrota,realizado_fora_pdc,2611606
Rua Doutor Alberto Wanderley,Ciclofaixa,realizado_fora_pdc,2611606
Avenida Cidade de Monteiro,Ciclofaixa,realizado_fora_pdc,2611606
Avenida República Árabe Unida,Ciclofaixa,realizado_fora_pdc,2611606
Rotatória do Açude de Apipucos,Ciclorrota,realizado_fora_pdc,2611606
Rua Coronel João Batista do Rego Barros,Ciclofaixa,realizado_fora_pdc,2611606
Rua Amaro Coutinho,Ciclofaixa,realizado_fora_pdc,2611606
Avenida Afonso Olindense,Ciclorrota,realizado_fora_pdc,2611606
Rua Couto Magalhães,Ciclorrota,realizado_fora_pdc,2611606
Avenida João de Barros,Ciclofaixa,realizado_fora_pdc,2611606
Avenida Pinheiros,Ciclofaixa,realizado_fora_pdc,2611606
Ponte da Boa Vista,Ciclofaixa,realizado_fora_pdc,2611606
Rua Nova,Calçada compartilhada,realizado_fora_pdc,2611606
Avenida Dantas Barreto,Ciclofaixa,realizado_fora_pdc,2611606
Avenida Dantas Barreto,Ciclorrota,realizado_fora_pdc,2611606
Rua Barão de São Borja,Ciclorrota,realizado_fora_pdc,2611606
Primeira Travessa Rua Passo De Santa Cruz,Calçada compartilhada,realizado_fora_pdc,2611606
Rua do Bom Jesus,Calçada compartilhada,realizado_fora_pdc,2611606
Rua Benfica,Ciclofaixa,realizado_fora_pdc,2611606
Beco do Estudante,Calçada compartilhada,realizado_fora_pdc,2611606
Rua Engenheiro José Brandão Cavalcante,Ciclorrota,realizado_fora_pdc,2611606
Rua Padre Carlos Leôncio,Ciclofaixa,realizado_fora_pdc,2611606
Avenida Governador Agamenon Magalhães,Ciclofaixa,realizado_fora_pdc,2611606
Rua Treze de Junho,Ciclofaixa,realizado_fora_pdc,2611606
Rua Engenheiro José Brandão Cavalcante,Ciclorrota,realizado_fora_pdc,2611606
Avenida Governador Agamenon Magalhães,Ciclofaixa,realizado_fora_pdc,2611606
Rua Padre Roma,Ciclofaixa,realizado_fora_pdc,2611606
Rua Édson Alvares,Ciclorrota,realizado_fora_pdc,2611606
Rua Paula Batista,Ciclofaixa,realizado_fora_pdc,2611606
Rua Padre Roma,Ciclofaixa,realizado_fora_pdc,2611606
Rua General Abreu e Lima,Ciclofaixa,realizado_fora_pdc,2611606
Ciclovia do Pier do Ciclista,Ciclovia,realizado_fora_pdc,2611606
Rua Marquês de Abrantes,Ciclofaixa,realizado_fora_pdc,2611606
Avenida República Árabe Unida,Ciclofaixa,realizado_fora_pdc,2611606
Rua José Veloso,Ciclorrota,realizado_fora_pdc,2611606
Rua Comendador Franco Ferreira,Ciclorrota,realizado_fora_pdc,2611606
Rua Marquês de Abrantes,Ciclofaixa,realizado_fora_pdc,2611606
Rua Eugênio Samico,Ciclorrota,realizado_fora_pdc,2611606
Rua Mauricéia,Ciclofaixa,realizado_fora_pdc,2611606
Rua Doutor João Vieira de Menezes,Ciclofaixa,realizado_fora_pdc,2611606
Rua Barão de Igarassu,Ciclofaixa,realizado_fora_pdc,2611606
Rua Buarque de Macedo,Ciclorrota,realizado_fora_pdc,2611606
Rua Leão Falcão,Ciclorrota,realizado_fora_pdc,2611606
Rua Conceição de Macabu,Ciclofaixa,realizado_fora_pdc,2611606
Rua Ministro João Alberto,Ciclofaixa,realizado_fora_pdc,2611606
Avenida Historiador Jordão Emerenciano,Ciclofaixa,realizado_fora_pdc,2611606
Rua General Edson Amâncio Ramalho,Ciclofaixa,realizado_fora_pdc,2611606
Rua Professor Arnaldo Carneiro Leao,Ciclofaixa,realizado_fora_pdc,2611606
Rua Coronel João Batista do Rego Barros,Ciclorrota,realizado_fora_pdc,2611606
Rua Padre Lemos,Ciclofaixa,realizado_fora_pdc,2611606
Rua Neto de Mendonça,Ciclofaixa,realizado_fora_pdc,2611606
Rua Doutor Fernando Allain,Ciclofaixa,realizado_fora_pdc,2611606
Travessa Doutor José Anastacio da Silva Guimarães,Ciclorrota,realizado_fora_pdc,2611606
Rua Professor Estevão Francisco da Costa,Ciclofaixa,realizado_fora_pdc,2611606
Rua Marquês de Maricá,Ciclofaixa,realizado_fora_pdc,2611606
Rua Benfica,Ciclofaixa,realizado_fora_pdc,2611606
Passarela da Estação Shopping,Calçada compartilhada,realizado_fora_pdc,2611606
Passarela da Estação Shopping,Calçada compartilhada,realizado_fora_pdc,2611606
Passarela da Estação Shopping,Calçada compartilhada,realizado_fora_pdc,2611606
Rua Marquês do Paraná,Ciclofaixa,realizado_fora_pdc,2611606
Ponte Joaquim Cardoso,Ciclovia,realizado_fora_pdc,2611606
Rua do Hospício,Ciclofaixa,realizado_fora_pdc,2611606
Rua do Riachuelo,Ciclorrota,realizado_fora_pdc,2611606
Rua do Hospício,Ciclofaixa,realizado_fora_pdc,2611606
Avenida Dantas Barreto,Ciclofaixa,realizado_fora_pdc,2611606
Rua Pedro Afonso,Ciclofaixa,realizado_fora_pdc,2611606
Rua Félix de Brito Melo,Ciclofaixa,realizado_fora_pdc,2611606
Rua Félix de Brito Melo,Ciclofaixa,realizado_fora_pdc,2611606
Rua Professor Antônio Coelho,Ciclofaixa,realizado_fora_pdc,2611606
Avenida José Américo de Almeida,Ciclofaixa,realizado_fora_pdc,2611606
Avenida José Américo de Almeida,Ciclofaixa,realizado_fora_pdc,2611606
Praça Zumbi dos Palmares,Ciclofaixa,realizado_fora_pdc,2611606
Avenida José Américo de Almeida,Ciclofaixa,realizado_fora_pdc,2611606
Avenida Desembargador Guerra Barreto,Ciclofaixa,realizado_fora_pdc,2611606
Avenida Luiz de Lacerda,Ciclofaixa,realizado_fora_pdc,2611606
Avenida Historiador Jordão Emerenciano,Ciclofaixa,realizado_fora_pdc,2611606
Avenida Historiador Jordão Emerenciano,Ciclofaixa,realizado_fora_pdc,2611606
Rua da Coragem,Ciclofaixa,realizado_fora_pdc,2611606
Rua Compositor Vinícius de Morais,Ciclovia,realizado_fora_pdc,2611606
Rua Compositor Vinícius de Morais,Ciclovia,realizado_fora_pdc,2611606
Ciclovia Norte,Ciclofaixa,realizado_fora_pdc,2611606
Rua da Moeda,Calçada compartilhada,realizado_fora_pdc,2611606
Rua Emiliano Braga,Ciclofaixa,realizado_fora_pdc,2611606
Rua Professor Antônio Coelho,Ciclofaixa,realizado_fora_pdc,2611606
Rua Antônio Falcão,Ciclofaixa,realizado_fora_pdc,2611606
Acesso ao bicicletário,Ciclovia,realizado_fora_pdc,2611606
Acesso ao bicicletário,Ciclovia,realizado_fora_pdc,2611606
Ciclovia Riomar,Ciclovia,realizado_fora_pdc,2611606
Ciclovia Riomar,Ciclovia,realizado_fora_pdc,2611606
Ciclovia Riomar,Ciclovia,realizado_fora_pdc,2611606
Ciclovia Riomar,Ciclovia,realizado_fora_pdc,2611606
Ciclovia Riomar,Ciclovia,realizado_fora_pdc,2611606
Ciclovia Riomar,Ciclovia,realizado_fora_pdc,2611606
Ciclovia Riomar,Ciclovia,realizado_fora_pdc,2611606
Rua Manoel Joaquim de Almeida,Ciclofaixa,realizado_fora_pdc,2611606
Rua Ministro João Alberto,Ciclofaixa,realizado_fora_pdc,2611606
Rua Ministro João Alberto,Ciclofaixa,realizado_fora_pdc,2611606
Rua Emiliano Braga,Ciclofaixa,realizado_fora_pdc,2611606
Rua Emiliano Braga,Ciclofaixa,realizado_fora_pdc,2611606
Rua Baltazar Passos,Ciclofaixa,realizado_fora_pdc,2611606
Avenida Visconde de Jequitinhonha,Ciclorrota,realizado_fora_pdc,2611606
Rua Doutor Miguel Vieira Ferreira,Ciclorrota,realizado_fora_pdc,2611606
Rua Marquês de Maricá,Ciclofaixa,realizado_fora_pdc,2611606
Rua Lagoa do Rancho,Ciclorrota,realizado_fora_pdc,2611606
Rua Alberto Paiva,Ciclofaixa,realizado_fora_pdc,2611606
Rua Doutor Leopoldo Lins,Ciclofaixa,realizado_fora_pdc,2611606
Avenida Santos Dumont,Ciclofaixa,realizado_fora_pdc,2611606
Avenida Santos Dumont,Ciclofaixa,realizado_fora_pdc,2611606
Rua Salvador de Sá,Ciclofaixa,realizado_fora_pdc,2611606
Rua do Aragão,Ciclorrota,realizado_fora_pdc,2611606
Rua Rezende,Ciclofaixa,realizado_fora_pdc,2611606
Rua Barros Barreto,Ciclorrota,realizado_fora_pdc,2611606
Rua Barros Barreto,Ciclorrota,realizado_fora_pdc,2611606
Travessa do Cais da Detenção,Ciclofaixa,realizado_fora_pdc,2611606
Rua Monsenhor Fabrício,Ciclofaixa,realizado_fora_pdc,2611606
Rua Doutor José Anastacio da Silva Guimarães,Ciclorrota,realizado_fora_pdc,2611606
Rua da Coragem,Ciclofaixa,realizado_fora_pdc,2611606
Rua Baltazar Passos,Ciclofaixa,realizado_fora_pdc,2611606
Avenida Prefeito Lima Castro,Ciclofaixa,realizado_fora_pdc,2611606
Avenida Poeta Vinicius de Morais,Ciclovia,realizado_fora_pdc,2611606
Rua Souza Bandeira,Ciclofaixa,realizado_fora_pdc,2611606
Avenida Afonso Olindense,Ciclofaixa,realizado_fora_pdc,2611606
Rua Marechal Deodoro,Ciclofaixa,realizado_fora_pdc,2611606
Rua Elvira Carreira de Oliveira,Ciclorrota,realizado_fora_pdc,2611606
Rua Historiador Jordão Emerenciano,Ciclofaixa,realizado_fora_pdc,2611606
Ciclovia Entre Pontes,Ciclovia,realizado_fora_pdc,2611606
Rua Pintor Antônio Albuquerque,Ciclorrota,realizado_fora_pdc,2611606
Rua Mem de Sá,Ciclofaixa,realizado_fora_pdc,2611606
Rua Tenente Aurélio Sampaio,Ciclorrota,realizado_fora_pdc,2611606
Rua João Cardoso Aires,Ciclofaixa,realizado_fora_pdc,2611606
Rua João Cardoso Aires,Ciclofaixa,realizado_fora_pdc,2611606
Rua Baltazar Passos,Ciclorrota,realizado_fora_pdc,2611606
Rua Potengy,Ciclofaixa,realizado_fora_pdc,2611606
Rua da Moeda,Calçada compartilhada,realizado_fora_pdc,2611606
Rua do Hospício,Ciclofaixa,realizado_fora_pdc,2611606
,Calçada compartilhada,realizado_fora_pdc,2611606
Avenida Afonso Olindense,Ciclofaixa,realizado_fora_pdc,2611606
Avenida Governador Agamenon Magalhães,Ciclofaixa,realizado_fora_pdc,2611606
Avenida Professor José dos Anjos,Ciclofaixa,realizado_fora_pdc,2611606
Rua Oscar de Barros,Ciclofaixa,realizado_fora_pdc,2611606
Rua Oscar de Barros,Ciclofaixa,realizado_fora_pdc,2611606
Avenida Governador Agamenon Magalhães,Ciclofaixa,realizado_fora_pdc,2611606
Rua Monte Castelo,Ciclofaixa,realizado_fora_pdc,2611606
Rua Mem de Sá,Ciclofaixa,realizado_fora_pdc,2611606
Avenida Montevidéu,Ciclofaixa,realizado_fora_pdc,2611606
Avenida Agamenon Magalhães - Pista Local,Ciclofaixa,realizado_fora_pdc,2611606
Rua Baltazar Passos,Ciclorrota,realizado_fora_pdc,2611606
Rua Baltazar Passos,Ciclorrota,realizado_fora_pdc,2611606
Rua Carlos Gomes,Ciclofaixa,realizado_fora_pdc,2611606
Estrada do Bongi,Ciclofaixa,realizado_fora_pdc,2611606
Rua Isaac Markman,Ciclofaixa,realizado_fora_pdc,2611606
Rua Pedro Américo,Ciclofaixa,realizado_fora_pdc,2611606
Rua Cônsul Vilares Fragoso,Ciclorrota,realizado_fora_pdc,2611606
Rua Arsênio Calaça,Ciclorrota,realizado_fora_pdc,2611606
Rua Carlos Gomes,Ciclofaixa,realizado_fora_pdc,2611606
Rua Carlos Gomes,Ciclofaixa,realizado_fora_pdc,2611606
Rua Carlos Gomes,Ciclofaixa,realizado_fora_pdc,2611606
Rua Tijucas,Ciclorrota,realizado_fora_pdc,2611606
Pontilhão,Calçada compartilhada,realizado_fora_pdc,2611606
Avenida Maurício de Nassau,Ciclofaixa,realizado_fora_pdc,2611606
Rua Comendador Franco Ferreira,Ciclorrota,realizado_fora_pdc,2611606
Rua Professor Silvio da Cunha Santos,Ciclofaixa,realizado_fora_pdc,2611606
Rua General Edson Amâncio Ramalho,Ciclovia,realizado_fora_pdc,2611606
Rua Manoel de Brito,Ciclofaixa,realizado_fora_pdc,2611606
Rua Barão de São Ângelo,Ciclovia,realizado_fora_pdc,2611606
Pontilhão,Calçada compartilhada,realizado_fora_pdc,2611606
Avenida Marechal Juarez Távora,Ciclofaixa,realizado_fora_pdc,2611606
Rua João Cardoso Aires,Ciclorrota,realizado_fora_pdc,2611606
Avenida Marechal Juarez Távora,Ciclofaixa,realizado_fora_pdc,2611606
Avenida Lino Jordão,Ciclofaixa,realizado_fora_pdc,2611606
Avenida Marechal Juarez Távora,Ciclofaixa,realizado_fora_pdc,2611606
Pontilhão,Calçada compartilhada,realizado_fora_pdc,2611606
Rua João Cardoso Aires,Ciclofaixa,realizado_fora_pdc,2611606
Rua Setúbal,Ciclorrota,realizado_fora_pdc,2611606
Avenida Visconde de Jequitinhonha,Ciclorrota,realizado_fora_pdc,2611606
Rua Padre Cabral,Ciclorrota,realizado_fora_pdc,2611606
Rua José Domingues da Silva,Ciclorrota,realizado_fora_pdc,2611606
Avenida Agamenon Magalhães - Pista Local,Ciclofaixa,realizado_fora_pdc,2611606
Rua do Pombal,Ciclofaixa,realizado_fora_pdc,2611606
Avenida Afonso Olindense,Ciclofaixa,realizado_fora_pdc,2611606
Avenida Afonso Olindense,Ciclofaixa,realizado_fora_pdc,2611606
Rua João Francisco Lisboa,Ciclorrota,realizado_fora_pdc,2611606
Rua Jornalista Trajano Chacon,Ciclorrota,realizado_fora_pdc,2611606
Rua Frei Matias Tévis,Ciclorrota,realizado_fora_pdc,2611606
Rua Frei Matias Tévis,Ciclorrota,realizado_fora_pdc,2611606
Rua Tupinambás,Ciclorrota,realizado_fora_pdc,2611606
Rua Treze de Maio,Ciclofaixa,realizado_fora_pdc,2611606
Rua Treze de Maio,Ciclofaixa,realizado_fora_pdc,2611606
Rua Pedro Afonso,Ciclofaixa,realizado_fora_pdc,2611606
Rua Treze de Maio,Ciclofaixa,realizado_fora_pdc,2611606
Rua Araripina,Ciclorrota,realizado_fora_pdc,2611606
Rua Barros Barreto,Ciclorrota,realizado_fora_pdc,2611606
Rua do Pombal,Ciclofaixa,realizado_fora_pdc,2611606
Rua Treze de Maio,Ciclofaixa,realizado_fora_pdc,2611606
Rua Treze de Maio,Ciclofaixa,realizado_fora_pdc,2611606
Rua Visconde de Jequitinhonha,Ciclofaixa,realizado_fora_pdc,2611606
Pontilhão,Calçada compartilhada,realizado_fora_pdc,2611606
Pontilhão,Calçada compartilhada,realizado_fora_pdc,2611606
Pontilhão,Calçada compartilhada,realizado_fora_pdc,2611606
Rua Pedro Afonso,Ciclofaixa,realizado_fora_pdc,2611606
Rua Araripina,Ciclorrota,realizado_fora_pdc,2611606
Avenida Governador Agamenon Magalhães,Ciclofaixa,realizado_fora_pdc,2611606
Avenida Vinte de Janeiro,Ciclorrota,realizado_fora_pdc,2611606
Avenida Sul,Ciclorrota,realizado_fora_pdc,2611606
Rua Alberto Paiva,Ciclofaixa,realizado_fora_pdc,2611606
Ciclovia Norte,Ciclovia,realizado_fora_pdc,2611606
Avenida Cruz Cabugá,Ciclofaixa,realizado_fora_pdc,2611606
Rua Araripina,Ciclorrota,realizado_fora_pdc,2611606
Ponte Buarque de Macedo,Ciclofaixa,realizado_fora_pdc,2611606
Rua João Fernandes Vieira,Ciclofaixa,realizado_fora_pdc,2611606
Avenida Montevidéu,Ciclofaixa,realizado_fora_pdc,2611606
Rua Bruno Veloso,Ciclofaixa,realizado_fora_pdc,2611606
Rua do Pombal,Ciclofaixa,realizado_fora_pdc,2611606
Rua Alvares de Azevedo,Ciclorrota,realizado_fora_pdc,2611606
Rua Marquês de Maricá,Ciclofaixa,realizado_fora_pdc,2611606
Rua Doutor João Lacerda,Ciclofaixa,realizado_fora_pdc,2611606
Avenida Sul,Ciclofaixa,realizado_fora_pdc,2611606
Rua José de Alencar,Ciclofaixa,realizado_fora_pdc,2611606
Rua José de Alencar,Ciclofaixa,realizado_fora_pdc,2611606
Rua Dez de Novembro,Ciclofaixa,realizado_fora_pdc,2611606
Rua São Nicolau,Ciclofaixa,realizado_fora_pdc,2611606
Avenida Lino Jordão,Ciclofaixa,realizado_fora_pdc,2611606
Avenida José Américo de Almeida,Ciclofaixa,realizado_fora_pdc,2611606
Estrada do Barbalho,Ciclorrota,realizado_fora_pdc,2611606
Rua Oscar de Barros,Ciclofaixa,realizado_fora_pdc,2611606
Pontilhão do Canal do Arruda,Calçada compartilhada,realizado_fora_pdc,2611606
Rua Oscar de Barros,Ciclofaixa,realizado_fora_pdc,2611606
Rua Engenheiro José Brandão Cavalcante,Ciclofaixa,realizado_fora_pdc,2611606
Rua Engenheiro José Brandão Cavalcante,Ciclofaixa,realizado_fora_pdc,2611606
Avenida Nossa Senhora da Saúde,Ciclofaixa,realizado_fora_pdc,2611606
Avenida Professor Estevão Francisco da Costa,Ciclofaixa,realizado_fora_pdc,2611606
Avenida Dantas Barreto,Ciclofaixa,realizado_fora_pdc,2611606
Rua Engenheiro Brandão Cavalcante,Ciclorrota,realizado_fora_pdc,2611606
Rua Oscar de Barros,Ciclofaixa,realizado_fora_pdc,2611606
Rua Cantora Clara Nunes,Ciclorrota,realizado_fora_pdc,2611606
Rua Ministro João Alberto,Ciclofaixa,realizado_fora_pdc,2611606
Rua Ministro João Alberto,Ciclofaixa,realizado_fora_pdc,2611606
Rua Rio Beberibe,Ciclovia,realizado_fora_pdc,2611606
Avenida Luiz de Lacerda,Ciclofaixa,realizado_fora_pdc,2611606
Rua Professor Antônio Coelho,Ciclofaixa,realizado_fora_pdc,2611606
Rua Rio Beberibe,Ciclovia,realizado_fora_pdc,2611606
Rua Márcia Mendes,Ciclovia,realizado_fora_pdc,2611606
Rua Alegre,Ciclofaixa,realizado_fora_pdc,2611606
Ciclovia Mimoso do Sul,Ciclovia,realizado_fora_pdc,2611606
Avenida Engenheiro Alves Souza,Ciclofaixa,realizado_fora_pdc,2611606
Avenida Júlio César,Ciclofaixa,realizado_fora_pdc,2611606
Rua Três de Março,Ciclofaixa,realizado_fora_pdc,2611606
Avenida Luiz de Lacerda,Ciclofaixa,realizado_fora_pdc,2611606
Rua dos Craveiros,Ciclorrota,realizado_fora_pdc,2611606
Estrada do Barbalho,Ciclorrota,realizado_fora_pdc,2611606
Avenida Visconde de Jequitinhonha,Ciclofaixa,realizado_fora_pdc,2611606
Rua General Abreu e Lima,Ciclofaixa,realizado_fora_pdc,2611606
Rua General Abreu e Lima,Ciclovia,realizado_fora_pdc,2611606
Rua São Nicolau,Ciclofaixa,realizado_fora_pdc,2611606
Rua Coronel João Batista do Rego Barros,Ciclofaixa,realizado_fora_pdc,2611606
Avenida Poeta Vinicius de Morais,Ciclovia,realizado_fora_pdc,2611606
Rua General Abreu e Lima,Ciclovia,realizado_fora_pdc,2611606
Rua Professor Joaquim Xavier de Brito,Ciclofaixa,realizado_fora_pdc,2611606
Avenida Inácio Monteiro,Ciclofaixa,realizado_fora_pdc,2611606
Avenida José Ferreira Lins,Ciclofaixa,realizado_fora_pdc,2611606
Rua Blumenau,Ciclofaixa,realizado_fora_pdc,2611606
Rua Jean Emile Favre,Ciclofaixa,realizado_fora_pdc,2611606
Avenida Engenheiro Alves Souza,Ciclofaixa,realizado_fora_pdc,2611606
Rua Engenheiro José Brandão Cavalcante,Ciclofaixa,realizado_fora_pdc,2611606
Rua Padre Lemos,Ciclofaixa,realizado_fora_pdc,2611606
Rua Manoel Brandão,Ciclorrota,realizado_fora_pdc,2611606
Avenida Jornalista Possidonio Cavalcanti Bastos,Ciclofaixa,realizado_fora_pdc,2611606
Rua Jean Emile Favre,Ciclofaixa,realizado_fora_pdc,2611606
Rua Antônio Valdevino da Costa,Ciclorrota,realizado_fora_pdc,2611606
Avenida Engenheiro Abdias de Carvalho - Pista Lateral,Ciclorrota,realizado_fora_pdc,2611606
Rua Padre Roma,Ciclofaixa,realizado_fora_pdc,2611606
Rua Padre Roma,Ciclovia,realizado_fora_pdc,2611606
Avenida Júlio César,Ciclofaixa,realizado_fora_pdc,2611606
Rua Blumenau,Ciclofaixa,realizado_fora_pdc,2611606
Rua Itaimbé,Ciclorrota,realizado_fora_pdc,2611606
Rua Potengy,Ciclofaixa,realizado_fora_pdc,2611606
Rua Márcia Mendes,Ciclovia,realizado_fora_pdc,2611606
Rua da Hora,Ciclofaixa,realizado_fora_pdc,2611606
Rua Antônio Novais,Ciclorrota,realizado_fora_pdc,2611606
Rua Alberto Paiva,Ciclofaixa,realizado_fora_pdc,2611606
Praça Pinto Damásio,Calçada compartilhada,realizado_fora_pdc,2611606
Rua Félix de Brito Melo,Ciclofaixa,realizado_fora_pdc,2611606
Rua Félix de Brito Melo,Ciclorrota,realizado_fora_pdc,2611606
Rua Félix de Brito Melo,Ciclofaixa,realizado_fora_pdc,2611606
Rua Itaquicé,Ciclorrota,realizado_fora_pdc,2611606
Rua Araraquara,Ciclorrota,realizado_fora_pdc,2611606
Rua Araçatuba,Ciclorrota,realizado_fora_pdc,2611606
Rua Itaquicé,Ciclorrota,realizado_fora_pdc,2611606
Avenida Dom Hélder Câmara,Ciclovia,realizado_fora_pdc,2611606
Avenida Dom Hélder Câmara,Calçada compartilhada,realizado_fora_pdc,2611606
Avenida Dom Hélder Câmara,Ciclovia,realizado_fora_pdc,2611606
Avenida Dom Hélder Câmara,Ciclovia,realizado_fora_pdc,2611606
Avenida Dom Hélder Câmara,Ciclovia,realizado_fora_pdc,2611606
Rua Francisco da Cunha,Ciclofaixa,realizado_fora_pdc,2611606
Avenida Governador Agamenon Magalhães,Calçada compartilhada,realizado_fora_pdc,2611606
Avenida Cruz Cabugá,Ciclovia,realizado_fora_pdc,2611606
Avenida Cruz Cabugá,Ciclovia,realizado_fora_pdc,2611606
Avenida Cruz Cabugá,Ciclofaixa,realizado_fora_pdc,2611606
Avenida Cruz Cabugá,Ciclovia,realizado_fora_pdc,2611606
Avenida Afonso Olindense,Ciclofaixa,realizado_fora_pdc,2611606
Rua Rio Beberibe,Ciclovia,realizado_fora_pdc,2611606
Ponte da Boa Vista,Ciclovia,realizado_fora_pdc,2611606
Ponte da Boa Vista,Ciclovia,realizado_fora_pdc,2611606
Rua de Casa Forte,Ciclorrota,realizado_fora_pdc,2611606
Avenida Maurício de Nassau,Ciclofaixa,realizado_fora_pdc,2611606
Rua Pedro Allain,Ciclorrota,realizado_fora_pdc,2611606
Rua Neto de Mendonça,Ciclofaixa,realizado_fora_pdc,2611606
Rua Couto Magalhães,Ciclofaixa,realizado_fora_pdc,2611606
Rua Professor Estevão Francisco da Costa,Ciclofaixa,realizado_fora_pdc,2611606
Rua Professor Estevão Francisco da Costa,Ciclofaixa,realizado_fora_pdc,2611606
Rua Professor Estevão Francisco da Costa,Ciclofaixa,realizado_fora_pdc,2611606
Praça Zumbi dos Palmares,Ciclofaixa,realizado_fora_pdc,2611606
Praça Zumbi dos Palmares,Ciclofaixa,realizado_fora_pdc,2611606
Praça Zumbi dos Palmares,Ciclofaixa,realizado_fora_pdc,2611606
Rua Professor Estevão Francisco da Costa,Ciclofaixa,realizado_fora_pdc,2611606
Rua Jean Emile Favre,Ciclofaixa,realizado_fora_pdc,2611606
Rua Engenheiro José Brandão Cavalcante,Ciclofaixa,realizado_fora_pdc,2611606
Rua Padre Lemos,Ciclofaixa,realizado_fora_pdc,2611606
Rua Coronel João Batista do Rego Barros,Ciclorrota,realizado_fora_pdc,2611606
Avenida Jornalista Possidonio Cavalcanti Bastos,Ciclofaixa,realizado_fora_pdc,2611606
Avenida Jornalista Possidonio Cavalcanti Bastos,Ciclofaixa,realizado_fora_pdc,2611606
Avenida Afonso Olindense,Ciclofaixa,realizado_fora_pdc,2611606
Rua Cosmorama,Ciclofaixa,realizado_fora_pdc,2611606
Rua João Cardoso Aires,Ciclofaixa,realizado_fora_pdc,2611606
Rua Ambrósio Machado,Ciclofaixa,realizado_fora_pdc,2611606
Rua Ambrósio Machado,Ciclofaixa,realizado_fora_pdc,2611606
Rua Ambrósio Machado,Ciclofaixa,realizado_fora_pdc,2611606
Rua Ambrósio Machado,Ciclofaixa,realizado_fora_pdc,2611606
Avenida Professor Estevão Francisco da Costa,Ciclorrota,realizado_fora_pdc,2611606
Rua José de Alencar,Ciclofaixa,realizado_fora_pdc,2611606
Rua Félix de Brito Melo,Ciclorrota,realizado_fora_pdc,2611606
Rua Jean Emile Favre,Ciclofaixa,realizado_fora_pdc,2611606
Rua Pintor Antônio Albuquerque,Ciclorrota,realizado_fora_pdc,2611606
Rua Virgínia Heráclio,Ciclofaixa,realizado_fora_pdc,2611606
Rua Virgínia Heráclio,Ciclofaixa,realizado_fora_pdc,2611606
Rua Floriano Peixoto,Ciclofaixa,realizado_fora_pdc,2611606
Rua Floriano Peixoto,Ciclofaixa,realizado_fora_pdc,2611606
Rua Floriano Peixoto,Ciclofaixa,realizado_fora_pdc,2611606
Praça Professor Campelo Barreto,Ciclofaixa,realizado_fora_pdc,2611606
Rua Mem de Sá,Ciclofaixa,realizado_fora_pdc,2611606
Avenida Sebastião Salazar,Ciclorrota,realizado_fora_pdc,2611606
Rua Velha,Ciclofaixa,realizado_fora_pdc,2611606
Praça da República,Ciclofaixa,realizado_fora_pdc,2611606
Rua Velha,Ciclorrota,realizado_fora_pdc,2611606
Travessa do Cais da Detenção,Ciclofaixa,realizado_fora_pdc,2611606
Rua Visconde de Jequitinhonha,Ciclofaixa,realizado_fora_pdc,2611606
Rua Antônio Gomes de Freitas,Ciclofaixa,realizado_fora_pdc,2611606
Rua Antônio Gomes de Freitas,Ciclofaixa,realizado_fora_pdc,2611606
Rua General Edson Amâncio Ramalho,Ciclovia,realizado_fora_pdc,2611606
Rua do Hospício,Ciclofaixa,realizado_fora_pdc,2611606
Rua Othon Paraíso,Ciclofaixa,realizado_fora_pdc,2611606
Rua Marquês de Maricá,Ciclofaixa,realizado_fora_pdc,2611606
Rua Marquês de Maricá,Ciclofaixa,realizado_fora_pdc,2611606
Rua Marquês de Maricá,Ciclofaixa,realizado_fora_pdc,2611606
Rua Marquês de Maricá,Ciclofaixa,realizado_fora_pdc,2611606
Rua Marquês de Maricá,Ciclofaixa,realizado_fora_pdc,2611606
Avenida Visconde de Jequitinhonha,Ciclofaixa,realizado_fora_pdc,2611606
Avenida Visconde de Jequitinhonha,Ciclofaixa,realizado_fora_pdc,2611606
Rua Frei Matias Tévis,Ciclorrota,realizado_fora_pdc,2611606
Avenida Inácio Monteiro,Ciclofaixa,realizado_fora_pdc,2611606
Avenida Nossa Senhora da Saúde,Ciclofaixa,realizado_fora_pdc,2611606
Avenida Afonso Olindense,Ciclofaixa,realizado_fora_pdc,2611606
Avenida Afonso Olindense,Ciclofaixa,realizado_fora_pdc,2611606
Avenida Afonso Olindense,Ciclofaixa,realizado_fora_pdc,2611606
Avenida Afonso Olindense,Ciclofaixa,realizado_fora_pdc,2611606
Avenida Afonso Olindense,Ciclofaixa,realizado_fora_pdc,2611606
Avenida Afonso Olindense,Ciclofaixa,realizado_fora_pdc,2611606
Avenida Afonso Olindense,Ciclofaixa,realizado_fora_pdc,2611606
Avenida Marechal Juarez Távora,Ciclofaixa,realizado_fora_pdc,2611606
Avenida Marechal Juarez Távora,Ciclofaixa,realizado_fora_pdc,2611606
Avenida Marechal Juarez Távora,Ciclofaixa,realizado_fora_pdc,2611606
Avenida Marechal Juarez Távora,Ciclofaixa,realizado_fora_pdc,2611606
1A Travessa José da Silva Lucena,Calçada compartilhada,realizado_fora_pdc,2611606
Avenida Governador Agamenon Magalhães,Ciclofaixa,realizado_fora_pdc,2611606
Rua Marquês de Baipendi,Ciclofaixa,realizado_fora_pdc,2611606
Rua Fonseca Oliveira,Ciclofaixa,realizado_fora_pdc,2611606
Rua Carlos Fernandes,Ciclorrota,realizado_fora_pdc,2611606
Praça Treze de Junho,Calçada compartilhada,realizado_fora_pdc,2611606
Rua Treze de Maio,Ciclofaixa,realizado_fora_pdc,2611606
Rua Treze de Maio,Ciclofaixa,realizado_fora_pdc,2611606
Rua Treze de Maio,Ciclofaixa,realizado_fora_pdc,2611606
,Ciclofaixa,realizado_fora_pdc,2611606
Rua Leão Falcão,Ciclorrota,realizado_fora_pdc,2611606
Rua Cosmorama,Ciclofaixa,realizado_fora_pdc,2611606
Praça do Baobá da Encruzilhada,Ciclorrota,realizado_fora_pdc,2611606
Rua Bruno Veloso,Calçada compartilhada,realizado_fora_pdc,2611606
Rua Bruno Veloso,Ciclovia,realizado_fora_pdc,2611606
Rua da Aurora,Calçada compartilhada,realizado_fora_pdc,2611606
Rua do Riachuelo,Ciclovia,realizado_fora_pdc,2611606
Rua Bruno Veloso,Calçada compartilhada,realizado_fora_pdc,2611606
Rua Nunes Machado,Ciclovia,realizado_fora_pdc,2611606
Avenida Historiador Jordão Emerenciano,Ciclofaixa,realizado_fora_pdc,2611606
Ponte da Torre,Calçada compartilhada,realizado_fora_pdc,2611606
Rua Fernandes Vieira,Ciclovia,realizado_fora_pdc,2611606
Ponte Princesa Isabel,Calçada compartilhada,realizado_fora_pdc,2611606
Avenida da Saudade,Ciclofaixa,realizado_fora_pdc,2611606
Rua Emiliano Braga,Ciclofaixa,realizado_fora_pdc,2611606
Avenida Governador Agamenon Magalhães,Calçada compartilhada,realizado_fora_pdc,2611606
Praça Melvin Jones,Ciclovia,realizado_fora_pdc,2611606
Rua Padre Roma,Ciclofaixa,realizado_fora_pdc,2611606
Rua Padre Roma,Ciclovia,realizado_fora_pdc,2611606
Rua Padre Roma,Calçada compartilhada,realizado_fora_pdc,2611606
Rua Padre Roma,Ciclofaixa,realizado_fora_pdc,2611606
Ciclovia Riomar,Ciclovia,realizado_fora_pdc,2611606
Ciclovia Riomar,Ciclovia,realizado_fora_pdc,2611606
Rua Pio IX,Ciclorrota,realizado_fora_pdc,2611606
Ponte da Torre,Calçada compartilhada,realizado_fora_pdc,2611606
Avenida Governador Agamenon Magalhães,Calçada compartilhada,realizado_fora_pdc,2611606
Avenida Governador Agamenon Magalhães,Calçada compartilhada,realizado_fora_pdc,2611606
Avenida Norte Miguel Arraes de Alencar,Ciclofaixa,realizado_fora_pdc,2611606
Avenida Governador Agamenon Magalhães,Calçada compartilhada,realizado_fora_pdc,2611606
Avenida Doutor Jayme da Fonte,Ciclofaixa,realizado_fora_pdc,2611606
,Calçada compartilhada,realizado_fora_pdc,2611606
Rua Itanagé,Ciclofaixa,realizado_fora_pdc,2611606
Rua Potengy,Ciclofaixa,realizado_fora_pdc,2611606
Rua Rio Beberibe,Ciclovia,realizado_fora_pdc,2611606
Parque das Graças Lúcia Moura,Calçada compartilhada,realizado_fora_pdc,2611606
Rua Alvenópolis,Ciclofaixa,realizado_fora_pdc,2611606
Rua Alvenópolis,Ciclofaixa,realizado_fora_pdc,2611606
Rua Alvenópolis,Ciclofaixa,realizado_fora_pdc,2611606
Rua Alvenópolis,Ciclofaixa,realizado_fora_pdc,2611606
Rua do Riachuelo,Ciclovia,realizado_fora_pdc,2611606
Rua Paissandú,Ciclorrota,realizado_fora_pdc,2611606
Avenida Governador Agamenon Magalhães,Calçada compartilhada,realizado_fora_pdc,2611606
Rua Ibiporã,Ciclovia,realizado_fora_pdc,2611606
Rua Ibiporã,Ciclorrota,realizado_fora_pdc,2611606
Rua Prefeito Jorge Martins,Ciclorrota,realizado_fora_pdc,2611606
Avenida Sul,Ciclofaixa,realizado_fora_pdc,2611606
Avenida Senador Robert Kennedy,Ciclorrota,realizado_fora_pdc,2611606
Rua Carlos Alberto Valença,Ciclorrota,realizado_fora_pdc,2611606
Estrada das Ubaias,Ciclofaixa,realizado_fora_pdc,2611606
Rua Doutor Samuel Lins,Ciclorrota,realizado_fora_pdc,2611606
Rua Paula Batista,Ciclofaixa,realizado_fora_pdc,2611606
Rua Eugênio Samico,Ciclorrota,realizado_fora_pdc,2611606
Ciclovia Agamenon Magalhães,Calçada compartilhada,realizado_fora_pdc,2611606
Rua Bruno Veloso,Calçada compartilhada,realizado_fora_pdc,2611606
Rua Itaimbé,Ciclorrota,realizado_fora_pdc,2611606
Rua Bruno Veloso,Calçada compartilhada,realizado_fora_pdc,2611606
Ponte Engenheiro Jaime Gusmão,Ciclofaixa,realizado_fora_pdc,2611606
Ponte Engenheiro Jaime Gusmão,Ciclofaixa,realizado_fora_pdc,2611606
,Calçada compartilhada,realizado_fora_pdc,2611606
Parque das Graças Lúcia Moura,Calçada compartilhada,realizado_fora_pdc,2611606
Avenida Jornalista Possidonio Cavalcanti Bastos,Ciclofaixa,realizado_fora_pdc,2611606
Rua Dom Diamantino Costa,Ciclofaixa,realizado_fora_pdc,2611606
Ponte Engenheiro Jaime Gusmão,Ciclofaixa,realizado_fora_pdc,2611606
Ponte Engenheiro Jaime Gusmão,Ciclofaixa,realizado_fora_pdc,2611606
Avenida Jornalista Possidonio Cavalcanti Bastos,Ciclofaixa,realizado_fora_pdc,2611606
Ponte Engenheiro Jaime Gusmão,Ciclofaixa,realizado_fora_pdc,2611606
Rua Primeiro de Março,Calçada compartilhada,realizado_fora_pdc,2611606
Rua Treze de Maio,Ciclofaixa,realizado_fora_pdc,2611606
Rua da Saudade,Ciclofaixa,realizado_fora_pdc,2611606
,Ciclovia,realizado_fora_pdc,2611606
Parque das Graças Lúcia Moura,Calçada compartilhada,realizado_fora_pdc,2611606
Rua Senador Francisco Pessoa de Queiroz,Ciclovia,realizado_fora_pdc,2611606
,Ciclovia,realizado_fora_pdc,2611606
Praça da República,Ciclofaixa,realizado_fora_pdc,2611606
Praça da República,Ciclofaixa,realizado_fora_pdc,2611606
Rua Doutor Leopoldo Lins,Ciclofaixa,realizado_fora_pdc,2611606
Rua Dos Hebreus,Calçada compartilhada,realizado_fora_pdc,2611606
Beco,Calçada compartilhada,realizado_fora_pdc,2611606
Rua Doze De Outubro,Calçada compartilhada,realizado_fora_pdc,2611606
,Ciclovia,realizado_fora_pdc,2611606
,Ciclovia,realizado_fora_pdc,2611606
Ciclovia Agamenon Magalhães,Calçada compartilhada,realizado_fora_pdc,2611606
Ciclovia Agamenon Magalhães,Calçada compartilhada,realizado_fora_pdc,2611606
Ciclovia Agamenon Magalhães,Calçada compartilhada,realizado_fora_pdc,2611606
Ciclovia Agamenon Magalhães,Calçada compartilhada,realizado_fora_pdc,2611606
Rua do Canavial,Ciclovia,realizado_fora_pdc,2611606
,Ciclofaixa,realizado_fora_pdc,2611606
,Ciclofaixa,realizado_fora_pdc,2611606
,Ciclovia,realizado_fora_pdc,2611606
,Ciclovia,realizado_fora_pdc,2611606
,Ciclovia,realizado_fora_pdc,2611606
,Ciclovia,realizado_fora_pdc,2611606
,Ciclovia,realizado_fora_pdc,2611606
,Ciclovia,realizado_fora_pdc,2611606
,Ciclovia,realizado_fora_pdc,2611606
,Ciclovia,realizado_fora_pdc,2611606
Avenida Sul,Ciclofaixa,realizado_fora_pdc,2611606
,Ciclovia,realizado_fora_pdc,2611606
Avenida Professor José dos Anjos,Ciclofaixa,realizado_fora_pdc,2611606
,Ciclovia,realizado_fora_pdc,2611606
,Ciclovia,realizado_fora_pdc,2611606
,Ciclovia,realizado_fora_pdc,2611606
,Ciclovia,realizado_fora_pdc,2611606
,Ciclovia,realizado_fora_pdc,2611606
Ciclovia da Arena de Pernambuco,Ciclovia,realizado_fora_pdc,2613701
Avenida Beberibe,Ciclofaixa,realizado_fora_pdc,2611606
Avenida Beberibe,Ciclofaixa,realizado_fora_pdc,2611606
Avenida Beberibe,Ciclofaixa,realizado_fora_pdc,2611606
Rua Araripina,Ciclorrota,realizado_fora_pdc,2611606
Rua Araripina,Ciclorrota,realizado_fora_pdc,2611606
Avenida Beira Rio,Ciclofaixa,realizado_fora_pdc,2611606
Rua Visconde de Jequitinhonha,Ciclofaixa,realizado_fora_pdc,2611606
Praça da República,Ciclofaixa,realizado_fora_pdc,2611606
,Ciclovia,realizado_fora_pdc,2611606
,Ciclovia,realizado_fora_pdc,2611606
,Ciclovia,realizado_fora_pdc,2611606
,Ciclovia,realizado_fora_pdc,2611606
,Ciclovia,realizado_fora_pdc,2611606
,Ciclovia,realizado_fora_pdc,2611606
,Ciclovia,realizado_fora_pdc,2611606
Ciclovia da Arena de Pernambuco,Ciclovia,realizado_fora_pdc,2613701
Ciclovia da Arena de Pernambuco,Ciclovia,realizado_fora_pdc,2613701
Ciclovia da Arena de Pernambuco,Ciclovia,realizado_fora_pdc,2613701
Ciclovia da Arena de Pernambuco,Ciclovia,realizado_fora_pdc,2613701
Ciclovia da Arena de Pernambuco,Ciclovia,realizado_fora_pdc,2613701
Residencial São Lourenço,Ciclofaixa,realizado_fora_pdc,2613701
Residencial São Lourenço,Ciclofaixa,realizado_fora_pdc,2613701
Residencial São Lourenço,Ciclofaixa,realizado_fora_pdc,2613701
Avenida Luís Correia de Brito,Ciclofaixa,realizado_fora_pdc,2611606
Avenida Luís Correia de Brito,Ciclofaixa,realizado_fora_pdc,2611606
Rua Cosmorama,Ciclofaixa,realizado_fora_pdc,2607901
Avenida Mário Melo,,pdc_nao_realizado,2606804
Avenida João Pessoa,,pdc_nao_realizado,2607752
Rua Frei Serafim,,pdc_nao_realizado,2607752
PE-035,,pdc_nao_realizado,2607604
Avenida Senador Paulo Pessoa Guerra,,pdc_nao_realizado,2607604
Avenida Mário Melo,,pdc_nao_realizado,2606804
PE-035,,pdc_nao_realizado,2607752
,,pdc_nao_realizado,2607752
Ponte Presidente Vargas,,pdc_nao_realizado,2607752
PE-035,,pdc_nao_realizado,2607604
PE-035,,pdc_nao_realizado,2607752
PE-035,,pdc_nao_realizado,2607604
PE-035,,pdc_nao_realizado,2607604
PE-035,,pdc_nao_realizado,2607604
PE-035,,pdc_nao_realizado,2607604
PE-035,,pdc_nao_realizado,2607604
PE-035,,pdc_nao_realizado,2607604
PE-035,,pdc_nao_realizado,2607604
PE-035,,pdc_nao_realizado,2607604
PE-035,,pdc_nao_realizado,2607604
PE-035,,pdc_nao_realizado,2607604
PE-035,,pdc_nao_realizado,2607604
PE-035,,pdc_nao_realizado,2607604
PE-035,,pdc_nao_realizado,2607604
PE-035,,pdc_nao_realizado,2607604
PE-035,,pdc_nao_realizado,2607604
PE-035,,pdc_nao_realizado,2607604
PE-035,,pdc_nao_realizado,2607604
PE-035,,pdc_nao_realizado,2607604
PE-035,,pdc_nao_realizado,2607604
PE-035,,pdc_nao_realizado,2607604
PE-035,,pdc_nao_realizado,2607604
Rua Frei Serafim,,pdc_nao_realizado,2607752
,,pdc_nao_realizado,2607604
PE-035,,pdc_nao_realizado,2607604
PE-035,,pdc_nao_realizado,2607604
PE-035,,pdc_nao_realizado,2607752
PE-035,,pdc_nao_realizado,2607752
PE-035,,pdc_nao_realizado,2607752
Rua Frei Serafim,,pdc_nao_realizado,2607752
Avenida João Pessoa,,pdc_nao_realizado,2607752
Avenida Mário Melo,,pdc_nao_realizado,2606804
PE-035,,pdc_nao_realizado,2607752
Rua Frei Serafim,,pdc_nao_realizado,2607752
Rua Frei Serafim,,pdc_nao_realizado,2607752
Avenida João Pessoa,,pdc_nao_realizado,2607752
Avenida João Pessoa,,pdc_nao_realizado,2607752
Avenida Mário Melo,,pdc_nao_realizado,2607752
,,pdc_nao_realizado,2602902
Avenida Mário Melo,,pdc_nao_realizado,2606804
Avenida Mário Melo,,pdc_nao_realizado,2606804
,,pdc_nao_realizado,2606804
Avenida Mário Melo,,pdc_nao_realizado,2606804
Avenida Mário Melo,,pdc_nao_realizado,2606804
,,pdc_nao_realizado,2610707
Rodovia Governador Mário Covas,,pdc_nao_realizado,2611606
Rodovia Governador Mário Covas,,pdc_nao_realizado,2611606
Rodovia Governador Mário Covas,,pdc_nao_realizado,2611606
Rodovia Governador Mário Covas,,pdc_nao_realizado,2611606
Rodovia Governador Mário Covas,,pdc_nao_realizado,2611606
Rodovia Governador Mário Covas,,pdc_nao_realizado,2611606
Rodovia Governador Mário Covas,,pdc_nao_realizado,2611606
Rodovia Governador Mário Covas,,pdc_nao_realizado,2611606
Rodovia Governador Mário Covas,,pdc_nao_realizado,2611606
,,pdc_nao_realizado,2611606
Rodovia Governador Mário Covas,,pdc_nao_realizado,2611606
Rodovia Governador Mário Covas,,pdc_nao_realizado,2607901
Rodovia Governador Mário Covas,,pdc_nao_realizado,2607901
Rodovia Governador Mário Covas,,pdc_nao_realizado,2607901
Rodovia Governador Mário Covas,,pdc_nao_realizado,2611606
Rodovia Governador Mário Covas,,pdc_nao_realizado,2611606
Viaduto da Caxangá,,pdc_nao_realizado,2611606
Avenida Visconde de São Leopoldo,,pdc_nao_realizado,2611606
Avenida Visconde de São Leopoldo,,pdc_nao_realizado,2611606
Avenida Professor Joaquim Cavalcanti,,pdc_nao_realizado,2611606
Avenida da Recuperação,,pdc_nao_realizado,2611606
,,pdc_nao_realizado,2610707
,,pdc_nao_realizado,2610707
Avenida da Recuperação,,pdc_nao_realizado,2611606
Avenida da Recuperação,,pdc_nao_realizado,2611606
,,pdc_nao_realizado,2610707
Avenida da Recuperação,,pdc_nao_realizado,2611606
,,pdc_nao_realizado,2610707
Avenida Professor Joaquim Cavalcanti,,pdc_nao_realizado,2611606
Avenida da Recuperação,,pdc_nao_realizado,2611606
Avenida Professor Joaquim Cavalcanti,,pdc_nao_realizado,2611606
Avenida Professor Joaquim Cavalcanti,,pdc_nao_realizado,2611606
Avenida da Recuperação,,pdc_nao_realizado,2611606
Avenida da Recuperação,,pdc_nao_realizado,2611606
Avenida da Recuperação,,pdc_nao_realizado,2611606
Avenida da Recuperação,,pdc_nao_realizado,2611606
Avenida Professor Joaquim Cavalcanti,,pdc_nao_realizado,2611606
,,pdc_nao_realizado,2607901
,,pdc_nao_realizado,2607901
,,pdc_nao_realizado,2611606
,,pdc_nao_realizado,2611606
Avenida da Recuperação,,pdc_nao_realizado,2611606
Avenida da Recuperação,,pdc_nao_realizado,2611606
,,pdc_nao_realizado,2611606
,,pdc_nao_realizado,2611606
,,pdc_nao_realizado,2610707
,,pdc_nao_realizado,2610707
Avenida da Recuperação,,pdc_nao_realizado,2611606
Avenida da Recuperação,,pdc_nao_realizado,2611606
Avenida da Recuperação,,pdc_nao_realizado,2611606
Rodovia Governador Mário Covas,,pdc_nao_realizado,2611606
Rodovia Governador Mário Covas,,pdc_nao_realizado,2611606
Girador da Reitoria da UFPE,,pdc_nao_realizado,2611606
Rodovia Governador Mário Covas,,pdc_nao_realizado,2611606
Rodovia Governador Mário Covas,,pdc_nao_realizado,2611606
,,pdc_nao_realizado,2610707
Avenida Professor Moraes Rego,,pdc_nao_realizado,2611606
Avenida Visconde de São Leopoldo,,pdc_nao_realizado,2611606
Avenida Visconde de São Leopoldo,,pdc_nao_realizado,2611606
Avenida Professor Moraes Rego,,pdc_nao_realizado,2611606
Avenida da Recuperação,,pdc_nao_realizado,2611606
Avenida Visconde de São Leopoldo,,pdc_nao_realizado,2611606
,,pdc_nao_realizado,2610707
Rodovia Governador Mário Covas,,pdc_nao_realizado,2611606
,,pdc_nao_realizado,2610707
,,pdc_nao_realizado,2611606
,,pdc_nao_realizado,2611606
Avenida Professor Joaquim Cavalcanti,,pdc_nao_realizado,2611606
Avenida Professor Joaquim Cavalcanti,,pdc_nao_realizado,2611606
Rodovia Governador Mário Covas,,pdc_nao_realizado,2611606
Rodovia Governador Mário Covas,,pdc_nao_realizado,2611606
Rodovia Governador Mário Covas,,pdc_nao_realizado,2611606
Avenida Professor Joaquim Cavalcanti,,pdc_nao_realizado,2611606
Avenida da Recuperação,,pdc_nao_realizado,2611606
Rodovia Governador Mário Covas,,pdc_nao_realizado,2611606
Rodovia Governador Mário Covas,,pdc_nao_realizado,2611606
,,pdc_nao_realizado,2611606
Avenida Visconde de São Leopoldo,,pdc_nao_realizado,2611606
Rodovia Governador Mário Covas,,pdc_nao_realizado,2611606
Rodovia Governador Mário Covas,,pdc_nao_realizado,2611606
Avenida da Recuperação,,pdc_nao_realizado,2611606
Avenida Professor Moraes Rego,,pdc_nao_realizado,2611606
Avenida Professor Moraes Rego,,pdc_nao_realizado,2611606
,,pdc_nao_realizado,2611606
,,pdc_nao_realizado,2611606
,,pdc_nao_realizado,2610707
,,pdc_nao_realizado,2610707
,,pdc_nao_realizado,2610707
Avenida Professor Joaquim Cavalcanti,,pdc_nao_realizado,2611606
Avenida da Recuperação,,pdc_nao_realizado,2611606
Avenida da Recuperação,,pdc_nao_realizado,2611606
Avenida da Recuperação,,pdc_nao_realizado,2611606
Avenida da Recuperação,,pdc_nao_realizado,2611606
Girador da Reitoria da UFPE,,pdc_nao_realizado,2611606
Rodovia Governador Mário Covas,,pdc_nao_realizado,2607901
Rodovia Governador Mário Covas,,pdc_nao_realizado,2611606
Rodovia Governador Mário Covas,,pdc_nao_realizado,2611606
Rodovia Governador Mário Covas,,pdc_nao_realizado,2607901
Rodovia Governador Mário Covas,,pdc_nao_realizado,2611606
Rodovia Governador Mário Covas,,pdc_nao_realizado,2607901
,,pdc_nao_realizado,2611606
Avenida da Recuperação,,pdc_nao_realizado,2611606
Rodovia Governador Mário Covas,,pdc_nao_realizado,2607901
Rodovia Governador Mário Covas,,pdc_nao_realizado,2611606
Rodovia Governador Mário Covas,,pdc_nao_realizado,2611606
Rodovia Governador Mário Covas,,pdc_nao_realizado,2611606
Rodovia Governador Mário Covas,,pdc_nao_realizado,2611606
Rodovia Governador Mário Covas,,pdc_nao_realizado,2611606
Rodovia Governador Mário Covas,,pdc_nao_realizado,2611606
Rodovia Governador Mário Covas,,pdc_nao_realizado,2611606
Rodovia Governador Mário Covas,,pdc_nao_realizado,2611606
Rodovia Governador Mário Covas,,pdc_nao_realizado,2611606
Rodovia Governador Mário Covas,,pdc_nao_realizado,2611606
Rodovia Governador Mário Covas,,pdc_nao_realizado,2611606
Avenida da Recuperação,,pdc_nao_realizado,2611606
Avenida da Recuperação,,pdc_nao_realizado,2611606
Avenida da Recuperação,,pdc_nao_realizado,2611606
Avenida da Recuperação,,pdc_nao_realizado,2611606
Avenida da Recuperação,,pdc_nao_realizado,2611606
Avenida da Recuperação,,pdc_nao_realizado,2611606
Avenida da Recuperação,,pdc_nao_realizado,2611606
Avenida da Recuperação,,pdc_nao_realizado,2611606
Avenida da Recuperação,,pdc_nao_realizado,2611606
Rua da Esperança,,pdc_nao_realizado,2607208
Avenida da Recuperação,,pdc_nao_realizado,2611606
Avenida da Recuperação,,pdc_nao_realizado,2611606
Avenida da Recuperação,,pdc_nao_realizado,2611606
Avenida da Recuperação,,pdc_nao_realizado,2611606
Avenida da Recuperação,,pdc_nao_realizado,2611606
Avenida Professor Moraes Rego,,pdc_nao_realizado,2611606
Avenida Professor Moraes Rego,,pdc_nao_realizado,2611606
Avenida Professor Moraes Rego,,pdc_nao_realizado,2611606
Avenida Professor Moraes Rego,,pdc_nao_realizado,2611606
,,pdc_nao_realizado,2611606
,,pdc_nao_realizado,2611606
Rodovia Governador Mário Covas,,pdc_nao_realizado,2607901
Rodovia Governador Mário Covas,,pdc_nao_realizado,2607901
,,pdc_nao_realizado,2607901
Avenida da Recuperação,,pdc_nao_realizado,2611606
Rodovia Governador Mário Covas,,pdc_nao_realizado,2611606
,,pdc_nao_realizado,2610707
Rodovia Governador Mário Covas,,pdc_nao_realizado,2611606
Rodovia Governador Mário Covas,,pdc_nao_realizado,2607901
Rodovia Governador Mário Covas,,pdc_nao_realizado,2607901
Avenida da Recuperação,,pdc_nao_realizado,2611606
Avenida Professor Moraes Rego,,pdc_nao_realizado,2611606
Avenida Professor Moraes Rego,,pdc_nao_realizado,2611606
Rodovia Governador Mário Covas,,pdc_nao_realizado,2607901
Rodovia Governador Mário Covas,,pdc_nao_realizado,2611606
Girador da Reitoria da UFPE,,pdc_nao_realizado,2611606
Girador da Reitoria da UFPE,,pdc_nao_realizado,2611606
Girador da Reitoria da UFPE,,pdc_nao_realizado,2611606
Rua Visconde de São Leopoldo,,pdc_nao_realizado,2611606
Avenida Professor Moraes Rego,,pdc_nao_realizado,2611606
,,pdc_nao_realizado,2611606
Avenida da Recuperação,,pdc_nao_realizado,2611606
Avenida da Recuperação,,pdc_nao_realizado,2611606
,,pdc_nao_realizado,2610707
,,pdc_nao_realizado,2610707
Avenida Professor Joaquim Cavalcanti,,pdc_nao_realizado,2611606
Rodovia Governador Mário Covas,,pdc_nao_realizado,2611606
Girador da Reitoria da UFPE,,pdc_nao_realizado,2611606
,,pdc_nao_realizado,2610707
Avenida da Recuperação,,pdc_nao_realizado,2611606
Avenida da Recuperação,,pdc_nao_realizado,2611606
Avenida da Recuperação,,pdc_nao_realizado,2611606
Avenida da Recuperação,,pdc_nao_realizado,2611606
Avenida da Recuperação,,pdc_nao_realizado,2611606
Avenida da Recuperação,,pdc_nao_realizado,2611606
Avenida Professor Joaquim Cavalcanti,,pdc_nao_realizado,2611606
Avenida Professor Joaquim Cavalcanti,,pdc_nao_realizado,2611606
Rodovia Governador Mário Covas,,pdc_nao_realizado,2607901
Rodovia Governador Mário Covas,,pdc_nao_realizado,2611606
Rodovia Governador Mário Covas,,pdc_nao_realizado,2607901
Rodovia Governador Mário Covas,,pdc_nao_realizado,2607901
Rodovia Governador Mário Covas,,pdc_nao_realizado,2607901
Rodovia Governador Mário Covas,,pdc_nao_realizado,2607901
Rodovia Governador Mário Covas,,pdc_nao_realizado,2607901
Rodovia Governador Mário Covas,,pdc_nao_realizado,2611606
Rodovia Governador Mário Covas,,pdc_nao_realizado,2611606
Rodovia Governador Mário Covas,,pdc_nao_realizado,2611606
Rodovia Governador Mário Covas,,pdc_nao_realizado,2607901
Rodovia Governador Mário Covas,,pdc_nao_realizado,2607901
,,pdc_nao_realizado,2610707
Rodovia Governador Mário Covas,,pdc_nao_realizado,2611606
Avenida da Recuperação,,pdc_nao_realizado,2611606
Avenida da Recuperação,,pdc_nao_realizado,2611606
Avenida da Recuperação,,pdc_nao_realizado,2611606
,,pdc_nao_realizado,2610707
,,pdc_nao_realizado,2610707
,,pdc_nao_realizado,2607901
Rodovia Governador Mário Covas,,pdc_nao_realizado,2607901
,,pdc_nao_realizado,2610707
Avenida da Recuperação,,pdc_nao_realizado,2611606
Avenida da Recuperação,,pdc_nao_realizado,2611606
Avenida da Recuperação,,pdc_nao_realizado,2611606
Avenida da Recuperação,,pdc_nao_realizado,2611606
Avenida da Recuperação,,pdc_nao_realizado,2611606
Rodovia Governador Mário Covas,,pdc_nao_realizado,2611606
Rodovia Governador Mário Covas,,pdc_nao_realizado,2611606
Avenida da Recuperação,,pdc_nao_realizado,2611606
,,pdc_nao_realizado,2611606
,,pdc_nao_realizado,2611606
Avenida da Recuperação,,pdc_nao_realizado,2611606
Avenida da Recuperação,,pdc_nao_realizado,2611606
Avenida da Recuperação,,pdc_nao_realizado,2611606
Avenida da Recuperação,,pdc_nao_realizado,2611606
Rodovia Governador Mário Covas,,pdc_nao_realizado,2611606
Rodovia Governador Mário Covas,,pdc_nao_realizado,2611606
Rodovia Governador Mário Covas,,pdc_nao_realizado,2611606
Rodovia Governador Mário Covas,,pdc_nao_realizado,2611606
Rodovia Governador Mário Covas,,pdc_nao_realizado,2611606
Rodovia Governador Mário Covas,,pdc_nao_realizado,2611606
Avenida da Recuperação,,pdc_nao_realizado,2611606
Rua Dois Irmãos,,pdc_nao_realizado,2611606
Rua Dois Irmãos,,pdc_nao_realizado,2611606
Avenida da Recuperação,,pdc_nao_realizado,2611606
Rua Dois Irmãos,,pdc_nao_realizado,2611606
Rua Dois Irmãos,,pdc_nao_realizado,2611606
Avenida da Recuperação,,pdc_nao_realizado,2611606
Rodovia Governador Mário Covas,,pdc_nao_realizado,2607901
Rodovia Governador Mário Covas,,pdc_nao_realizado,2611606
Avenida Recuperação,,pdc_nao_realizado,2611606
Avenida da Recuperação,,pdc_nao_realizado,2610707
Rodovia Governador Mário Covas,,pdc_nao_realizado,2611606
,,pdc_nao_realizado,2610707
Rodovia Governador Mário Covas,,pdc_nao_realizado,2611606
Rodovia Governador Mário Covas,,pdc_nao_realizado,2611606
Rodovia Governador Mário Covas,,pdc_nao_realizado,2611606
,,pdc_nao_realizado,2610707
,,pdc_nao_realizado,2610707
,,pdc_nao_realizado,2600054
,,pdc_nao_realizado,2600054
Rodovia Governador Mário Covas,,pdc_nao_realizado,2611606
Rodovia Governador Mário Covas,,pdc_nao_realizado,2607901
Rodovia Governador Mário Covas,,pdc_nao_realizado,2607901
Rodovia Governador Mário Covas,,pdc_nao_realizado,2607901
Rodovia Governador Mário Covas,,pdc_nao_realizado,2607901
Rodovia Governador Mário Covas,,pdc_nao_realizado,2611606
Rodovia Governador Mário Covas,,pdc_nao_realizado,2611606
Rodovia Governador Mário Covas,,pdc_nao_realizado,2611606
,,pdc_nao_realizado,2610707
,,pdc_nao_realizado,2600054
Rodovia Governador Mário Covas,,pdc_nao_realizado,2607901
Rodovia Governador Mário Covas,,pdc_nao_realizado,2607901
Rodovia Governador Mário Covas,,pdc_nao_realizado,2607901
Rodovia Governador Mário Covas,,pdc_nao_realizado,2607901
Rodovia Governador Mário Covas,,pdc_nao_realizado,2607901
Rodovia PE-060,,pdc_nao_realizado,2602902
,,pdc_nao_realizado,2602902
,,pdc_nao_realizado,2602902
Rodovia PE-060,,pdc_nao_realizado,2602902
Rodovia PE-060,,pdc_nao_realizado,2607208
Rodovia PE-060,,pdc_nao_realizado,2607208
Rodovia PE-060,,pdc_nao_realizado,2607208
Rodovia PE-060,,pdc_nao_realizado,2602902
Rodovia PE-060,,pdc_nao_realizado,2607208
,,pdc_nao_realizado,2602902
,,pdc_nao_realizado,2602902
Rodovia PE-060,,pdc_nao_realizado,2602902
Rodovia PE-060,,pdc_nao_realizado,2602902
,,pdc_nao_realizado,2602902
Rodovia PE-060,,pdc_nao_realizado,2602902
,,pdc_nao_realizado,2602902
Rodovia PE-060,,pdc_nao_realizado,2602902
,,pdc_nao_realizado,2602902
,,pdc_nao_realizado,2602902
Rodovia PE-060,,pdc_nao_realizado,2607208
Rodovia PE-060,,pdc_nao_realizado,2607208
,,pdc_nao_realizado,2602902
Rodovia PE-060,,pdc_nao_realizado,2602902
Rodovia PE-060,,pdc_nao_realizado,2602902
Rodovia PE-060,,pdc_nao_realizado,2602902
Rodovia PE-060,,pdc_nao_realizado,2607208
Avenida Brasil,,pdc_nao_realizado,2601052
Rodovia PE-060,,pdc_nao_realizado,2607208
Rodovia PE-060,,pdc_nao_realizado,2607208
Rodovia PE-060,,pdc_nao_realizado,2607208
Rodovia PE-060,,pdc_nao_realizado,2607208
Rodovia PE-060,,pdc_nao_realizado,2607208
Rodovia PE-060,,pdc_nao_realizado,2607208
Rua Bernardim Ribeiro,,pdc_nao_realizado,2611606
Rodovia PE-60,,pdc_nao_realizado,2607208
,,pdc_nao_realizado,2607208
,,pdc_nao_realizado,2607208
Rodovia PE-060,,pdc_nao_realizado,2607208
,,pdc_nao_realizado,2602902
,,pdc_nao_realizado,2602902
,,pdc_nao_realizado,2602902
Rodovia PE-060,,pdc_nao_realizado,2602902
Rodovia PE-060,,pdc_nao_realizado,2602902
,,pdc_nao_realizado,2602902
Rodovia PE-060,,pdc_nao_realizado,2602902
,,pdc_nao_realizado,2602902
Rodovia PE-060,,pdc_nao_realizado,2602902
Rodovia PE-060,,pdc_nao_realizado,2602902
Rodovia PE-060,,pdc_nao_realizado,2602902
Rodovia PE-060,,pdc_nao_realizado,2602902
Rodovia PE-060,,pdc_nao_realizado,2602902
,,pdc_nao_realizado,2602902
Rodovia PE-060,,pdc_nao_realizado,2602902
,,pdc_nao_realizado,2602902
Rodovia PE-060,,pdc_nao_realizado,2607208
Rodovia PE-060,,pdc_nao_realizado,2602902
Rodovia PE-060,,pdc_nao_realizado,2602902
Rodovia PE-060,,pdc_nao_realizado,2602902
Rodovia PE-060,,pdc_nao_realizado,2602902
Rodovia PE-060,,pdc_nao_realizado,2607208
Rodovia PE-060,,pdc_nao_realizado,2602902
Rodovia PE-060,,pdc_nao_realizado,2602902
,,pdc_nao_realizado,2602902
Rodovia PE-060,,pdc_nao_realizado,2602902
,,pdc_nao_realizado,2602902
,,pdc_nao_realizado,2602902
,,pdc_nao_realizado,2602902
Rodovia PE-060,,pdc_nao_realizado,2607208
Rodovia PE-060,,pdc_nao_realizado,2607208
Rodovia PE-060,,pdc_nao_realizado,2607208
Rodovia PE-060,,pdc_nao_realizado,2607208
Rodovia PE-060,,pdc_nao_realizado,2607208
Rodovia PE-060,,pdc_nao_realizado,2607208
Rodovia PE-060,,pdc_nao_realizado,2607208
Rodovia PE-060,,pdc_nao_realizado,2602902
Rodovia PE-060,,pdc_nao_realizado,2602902
,,pdc_nao_realizado,2602902
,,pdc_nao_realizado,2602902
,,pdc_nao_realizado,2602902
,,pdc_nao_realizado,2602902
,,pdc_nao_realizado,2602902
,,pdc_nao_realizado,2602902
Rodovia PE-060,,pdc_nao_realizado,2602902
Rodovia PE-060,,pdc_nao_realizado,2602902
Rodovia PE-060,,pdc_nao_realizado,2602902
Rodovia PE-060,,pdc_nao_realizado,2602902
Rodovia PE-060,,pdc_nao_realizado,2607208
Rodovia PE-060,,pdc_nao_realizado,2602902
Rodovia PE-060,,pdc_nao_realizado,2607208
Rodovia PE-060,,pdc_nao_realizado,2602902
Rodovia PE-060,,pdc_nao_realizado,2602902
Rodovia PE-060,,pdc_nao_realizado,2602902
Rodovia PE-060,,pdc_nao_realizado,2602902
Rodovia PE-060,,pdc_nao_realizado,2602902
Rodovia PE-060,,pdc_nao_realizado,2607208
Rodovia PE-060,,pdc_nao_realizado,2607208
Rodovia PE-060,,pdc_nao_realizado,2607208
,,pdc_nao_realizado,2602902
Rua da Esperança,,pdc_nao_realizado,2607208
Rua da Esperança,,pdc_nao_realizado,2607208
Avenida dos Pescadores,,pdc_nao_realizado,2607208
Avenida dos Santos,,pdc_nao_realizado,2607208
Rodovia PE-051,,pdc_nao_realizado,2607208
Rodovia PE-051,,pdc_nao_realizado,2607208
,,pdc_nao_realizado,2607208
,,pdc_nao_realizado,2607208
Ciclovia da PE-09,,pdc_realizado_designado,2607208
Ciclovia da PE-09,,pdc_realizado_designado,2607208
Ciclovia da PE-09,,pdc_realizado_designado,2607208
Ciclovia da PE-09,,pdc_realizado_designado,2607208
Avenida dos Santos,,pdc_nao_realizado,2607208
Avenida dos Santos,,pdc_nao_realizado,2607208
Rodovia PE-051,,pdc_nao_realizado,2607208
Rodovia PE-009,,pdc_nao_realizado,2607208
Rodovia PE-051,,pdc_nao_realizado,2607208
Rua da Esperança,,pdc_nao_realizado,2607208
Rua da Esperança,,pdc_nao_realizado,2607208
Rua da Esperança,,pdc_nao_realizado,2607208
Avenida Humberto Costa Soares,,pdc_nao_realizado,2607208
,,pdc_nao_realizado,2607208
Rua Santo Antônio,,pdc_nao_realizado,2607208
,,pdc_nao_realizado,2607208
,,pdc_nao_realizado,2607208
Avenida Humberto Costa Soares,,pdc_nao_realizado,2607208
Rua do Comércio,,pdc_nao_realizado,2607208
Rodovia PE-038,,pdc_nao_realizado,2607208
Rodovia PE-009,,pdc_nao_realizado,2607208
Rodovia PE-009,,pdc_nao_realizado,2607208
Rodovia PE-009,,pdc_nao_realizado,2607208
Rodovia PE-038,,pdc_nao_realizado,2607208
Rodovia PE-009,,pdc_nao_realizado,2607208
Rodovia PE-009,,pdc_nao_realizado,2607208
Rodovia PE-038,,pdc_nao_realizado,2607208
Rodovia PE-038,,pdc_nao_realizado,2607208
Rodovia PE-038,,pdc_nao_realizado,2607208
Rodovia PE-038,,pdc_nao_realizado,2607208
Rodovia PE-038,,pdc_nao_realizado,2607208
Rodovia PE-038,,pdc_nao_realizado,2607208
Rodovia PE-038,,pdc_nao_realizado,2607208
Rodovia PE-038,,pdc_nao_realizado,2607208
Rodovia PE-038,,pdc_nao_realizado,2607208
Rodovia PE-038,,pdc_nao_realizado,2607208
Rodovia PE-009,,pdc_nao_realizado,2607208
Rodovia PE-009,,pdc_nao_realizado,2607208
Rodovia PE-009,,pdc_nao_realizado,2607208
Rodovia PE-009,,pdc_nao_realizado,2607208
Rodovia PE-009,,pdc_nao_realizado,2607208
Rodovia PE-038,,pdc_nao_realizado,2607208
Rodovia PE-038,,pdc_nao_realizado,2607208
Rodovia PE-038,,pdc_nao_realizado,2607208
Rodovia PE-038,,pdc_nao_realizado,2607208
Avenida Francisco Alves de Souza,,pdc_nao_realizado,2607208
,,pdc_nao_realizado,2607208
,,pdc_nao_realizado,2607208
,,pdc_nao_realizado,2607208
,,pdc_nao_realizado,2607208
Rua Cristovão Jose da Silva,,pdc_nao_realizado,2607208
Ciclovia de Maracaípe,,pdc_realizado_designado,2607208
Ciclovia de Maracaípe,,pdc_realizado_designado,2607208
Ciclovia de Maracaípe,,pdc_realizado_designado,2607208
Ciclovia de Maracaípe,,pdc_realizado_designado,2607208
Rua Pitangueira,,pdc_nao_realizado,2607208
Ciclovia de Porto de Galinhas,,pdc_realizado_designado,2607208
Ciclovia de Porto de Galinhas,,pdc_realizado_designado,2607208
Ciclovia de Porto de Galinhas,,pdc_realizado_designado,2607208
,,pdc_nao_realizado,2607208
Rua Pitangueira,,pdc_nao_realizado,2607208
Rua Beijupirá,,pdc_nao_realizado,2607208
Rua Beijupirá,,pdc_nao_realizado,2607208
Rua Beijupirá,,pdc_nao_realizado,2607208
Rua da Esperança,,pdc_nao_realizado,2607208
Rua da Esperança,,pdc_nao_realizado,2607208
Rua da Esperança,,pdc_nao_realizado,2607208
,,pdc_nao_realizado,2607208
Rua do Colégio,,pdc_nao_realizado,2607208
Rua Cristóvão Souza Leão,,pdc_nao_realizado,2607208
Rua Cristóvão Souza Leão,,pdc_nao_realizado,2607208
Rua Capitão Antônio Braz,,pdc_nao_realizado,2607208
Rua da Matriz,,pdc_nao_realizado,2607208
Rua Cristóvão Souza Leão,,pdc_realizado_designado,2607208
Rua do Colégio,,pdc_realizado_designado,2607208
Rua do Colégio,,pdc_nao_realizado,2607208
Rua Dezessete,,pdc_nao_realizado,2607208
Rua São Miguel,,pdc_nao_realizado,2607208
Rua do Mercado,,pdc_nao_realizado,2607208
,,pdc_realizado_designado,2607208
Rua do Comércio,,pdc_nao_realizado,2607208
Rua Pedro Serafim de Souza Leão,,pdc_nao_realizado,2607208
Rua da Macaiba,,pdc_nao_realizado,2607208
,,pdc_nao_realizado,2602902
,,pdc_nao_realizado,2602902
,,pdc_nao_realizado,2602902
Rodovia Governador Mário Covas,,pdc_nao_realizado,2607901
Rodovia Governador Mário Covas,,pdc_nao_realizado,2607901
Rodovia Governador Mário Covas,,pdc_nao_realizado,2607901
Avenida Nossa Senhora do Bom Conselho,,pdc_nao_realizado,2602902
,,pdc_nao_realizado,2602902
Rodovia Governador Mário Covas,,pdc_nao_realizado,2607901
,,pdc_nao_realizado,2607901
Rua Luís Rigueira,,pdc_nao_realizado,2607901
Avenida Conde da Boa Vista,,pdc_nao_realizado,2607901
Avenida Conde da Boa Vista,,pdc_nao_realizado,2607901
,,pdc_nao_realizado,2607901
Avenida Conde da Boa Vista,,pdc_nao_realizado,2607901
Antiga BR-101,,pdc_nao_realizado,2602902
Avenida Conde da Boa Vista,,pdc_nao_realizado,2602902
,,pdc_nao_realizado,2602902
Antiga Rodovia BR-101 Sul,,pdc_nao_realizado,2602902
Avenida Nossa Senhora do Bom Conselho,,pdc_nao_realizado,2602902
,,pdc_nao_realizado,2602902
,,pdc_nao_realizado,2602902
Rua Bom Conselho,,pdc_nao_realizado,2602902
,,pdc_nao_realizado,2602902
Avenida Nossa Senhora do Bom Conselho,,pdc_nao_realizado,2602902
,,pdc_nao_realizado,2602902
,,pdc_nao_realizado,2602902
,,pdc_nao_realizado,2602902
,,pdc_nao_realizado,2602902
Rodovia Governador Mário Covas,,pdc_nao_realizado,2607901
,,pdc_nao_realizado,2602902
Avenida Nossa Senhora do Bom Conselho,,pdc_nao_realizado,2602902
Avenida Nossa Senhora do Bom Conselho,,pdc_nao_realizado,2602902
Avenida Nossa Senhora do Bom Conselho,,pdc_nao_realizado,2602902
Rodovia Governador Mário Covas,,pdc_nao_realizado,2607901
Rodovia Governador Mário Covas,,pdc_nao_realizado,2607901
Rodovia Governador Mário Covas,,pdc_nao_realizado,2607901
Rodovia Governador Mário Covas,,pdc_nao_realizado,2607901
,,pdc_nao_realizado,2607901
,,pdc_nao_realizado,2607901
Antiga BR-101,,pdc_nao_realizado,2607901
Antiga BR-101,,pdc_nao_realizado,2607901
Antiga BR-101,,pdc_nao_realizado,2607901
,,pdc_nao_realizado,2607901
,,pdc_nao_realizado,2607901
Antiga BR-101,,pdc_nao_realizado,2607901
Antiga BR-101,,pdc_nao_realizado,2607901
Antiga BR-101,,pdc_nao_realizado,2607901
,,pdc_nao_realizado,2607901
,,pdc_nao_realizado,2602902
,,pdc_nao_realizado,2602902
,,pdc_nao_realizado,2602902
,,pdc_nao_realizado,2602902
PE-060,,pdc_realizado_designado,2602902
,,pdc_nao_realizado,2607901
PE-060,,pdc_realizado_designado,2602902
PE-060,,pdc_realizado_designado,2602902
PE-060,,pdc_realizado_designado,2602902
PE-060,,pdc_realizado_designado,2602902
,,pdc_nao_realizado,2602902
,,pdc_nao_realizado,2602902
,,pdc_nao_realizado,2602902
,,pdc_nao_realizado,2602902
,,pdc_nao_realizado,2602902
Avenida Nossa Senhora do Bom Conselho,,pdc_nao_realizado,2602902
Rodovia Governador Mário Covas,,pdc_nao_realizado,2607901
Antiga BR-101,,pdc_nao_realizado,2607901
Avenida Barreto de Menezes,,pdc_nao_realizado,2607901
Avenida Nossa Senhora do Bom Conselho,,pdc_nao_realizado,2602902
,,pdc_nao_realizado,2602902
,,pdc_nao_realizado,2602902
,,pdc_nao_realizado,2602902
,,pdc_nao_realizado,2602902
,,pdc_nao_realizado,2602902
,,pdc_nao_realizado,2602902
Rodovia Governador Mário Covas,,pdc_nao_realizado,2607901
,,pdc_nao_realizado,2602902
,,pdc_nao_realizado,2602902
,,pdc_nao_realizado,2602902
Avenida Conde da Boa Vista,,pdc_nao_realizado,2607901
Avenida Conde da Boa Vista,,pdc_nao_realizado,2607901
Antiga BR-101,,pdc_nao_realizado,2607901
Rodovia Governador Mário Covas,,pdc_nao_realizado,2607901
Avenida Almirante Paulo Moreira,,pdc_nao_realizado,2602902
,,pdc_nao_realizado,2602902
,,pdc_nao_realizado,2602902
Rua Doutor Souza Leão,,pdc_nao_realizado,2602902
Avenida Historiador Pereira da Costa,,pdc_realizado_designado,2602902
Avenida Historiador Pereira da Costa,,pdc_nao_realizado,2602902
Avenida Historiador Pereira da Costa,,pdc_nao_realizado,2602902
Avenida Historiador Pereira da Costa,,pdc_nao_realizado,2602902
Rua Doutor Souza Leão,,pdc_nao_realizado,2602902
Rua Doutor Souza Leão,,pdc_nao_realizado,2602902
Rua Trapiche,,pdc_nao_realizado,2602902
Rua José Lins Teles,,pdc_nao_realizado,2602902
Rua Vereador Volney da Costa Machado,,pdc_nao_realizado,2602902
Ciclovia do Paiva,,pdc_realizado_designado,2602902
Avenida Doutor Gonzaga Maranhão,,pdc_nao_realizado,2607901
Ciclovia do Paiva,,pdc_realizado_designado,2602902
Rua Quatorze,,pdc_nao_realizado,2602902
Rua Quartorze,,pdc_nao_realizado,2602902
Rua Quartorze,,pdc_nao_realizado,2602902
Rua Santa Margarida,,pdc_nao_realizado,2602902
Avenida Presidente Castelo Branco,,pdc_nao_realizado,2607901
Avenida Presidente Castelo Branco,,pdc_nao_realizado,2607901
Rua Nossa Senhora de Fátima,,pdc_nao_realizado,2607901
Avenida Presidente Castelo Branco,,pdc_nao_realizado,2607901
Avenida Presidente Castelo Branco,,pdc_realizado_designado,2607901
Avenida Presidente Castelo Branco,,pdc_nao_realizado,2607901
Avenida Presidente Castelo Branco,,pdc_nao_realizado,2607901
Avenida Presidente Castelo Branco,,pdc_realizado_designado,2607901
Avenida Presidente Castelo Branco,,pdc_realizado_designado,2607901
Avenida Presidente Castelo Branco,,pdc_nao_realizado,2607901
Avenida Presidente Castelo Branco,,pdc_nao_realizado,2607901
Avenida Presidente Castelo Branco,,pdc_nao_realizado,2607901
Avenida Presidente Castelo Branco,,pdc_realizado_designado,2607901
Avenida Presidente Castelo Branco,,pdc_nao_realizado,2607901
Avenida Presidente Castelo Branco,,pdc_nao_realizado,2607901
Avenida Presidente Castelo Branco,,pdc_realizado_designado,2607901
Avenida Presidente Castelo Branco,,pdc_realizado_designado,2607901
Avenida Presidente Castelo Branco,,pdc_nao_realizado,2607901
,,pdc_nao_realizado,2607901
Avenida Presidente Castelo Branco,,pdc_realizado_designado,2607901
Avenida Presidente Castelo Branco,,pdc_realizado_designado,2607901
Avenida Presidente Castelo Branco,,pdc_nao_realizado,2607901
Avenida Presidente Castelo Branco,,pdc_nao_realizado,2607901
Avenida Presidente Castelo Branco,,pdc_realizado_designado,2607901
Avenida Presidente Castelo Branco,,pdc_realizado_designado,2607901
Avenida Presidente Castelo Branco,,pdc_realizado_designado,2607901
Avenida Presidente Castelo Branco,,pdc_realizado_designado,2607901
Avenida Presidente Castelo Branco,,pdc_nao_realizado,2607901
Avenida Presidente Castelo Branco,,pdc_nao_realizado,2607901
Avenida Presidente Castelo Branco,,pdc_realizado_designado,2607901
Avenida Presidente Castelo Branco,,pdc_nao_realizado,2607901
Avenida Presidente Castelo Branco,,pdc_realizado_designado,2607901
Estrada de Curcurana,,pdc_nao_realizado,2607901
,,pdc_nao_realizado,2607901
,,pdc_nao_realizado,2607901
Rua Curumirim,,pdc_nao_realizado,2602902
Avenida dos Guararapes,,pdc_nao_realizado,2607901
Rua Vereador Horácio Ferraz Cavalcante,,pdc_nao_realizado,2602902
Estrada de Curcurana,,pdc_nao_realizado,2602902
Estrada de Curcurana,,pdc_nao_realizado,2607901
Estrada de Curcurana,,pdc_nao_realizado,2607901
Estrada de Curcurana,,pdc_nao_realizado,2607901
Estrada de Curcurana,,pdc_nao_realizado,2607901
,,pdc_nao_realizado,2607901
Estrada de Curcurana,,pdc_nao_realizado,2607901
Estrada de Curcurana,,pdc_nao_realizado,2607901
,,pdc_nao_realizado,2607901
Ponte do Paiva,,pdc_realizado_designado,2602902
Ponte do Paiva,,pdc_realizado_designado,2602902
Rua Nove,,pdc_realizado_designado,2607901
Avenida dos Guararapes,,pdc_nao_realizado,2607901
Rua Padre Nestor de Alencar,,pdc_realizado_designado,2607901
Rua Padre Nestor de Alencar,,pdc_realizado_designado,2607901
Avenida Presidente Castelo Branco,,pdc_realizado_designado,2607901
Avenida Presidente Castelo Branco,,pdc_realizado_designado,2607901
Avenida Presidente Castelo Branco,,pdc_realizado_designado,2607901
Avenida Presidente Castelo Branco,,pdc_realizado_designado,2607901
Avenida Presidente Castelo Branco,,pdc_realizado_designado,2607901
Rua Padre Nestor de Alencar,,pdc_realizado_designado,2607901
Avenida Barreto de Menezes,,pdc_nao_realizado,2607901
Avenida dos Guararapes,,pdc_nao_realizado,2607901
Avenida Barreto de Menezes,,pdc_nao_realizado,2607901
Avenida Barreto de Menezes,,pdc_nao_realizado,2607901
Avenida Barreto de Menezes,,pdc_nao_realizado,2607901
Avenida Barreto de Menezes,,pdc_nao_realizado,2607901
Avenida Barreto de Menezes,,pdc_nao_realizado,2607901
Avenida Barreto de Menezes,,pdc_nao_realizado,2607901
Avenida dos Guararapes,,pdc_nao_realizado,2607901
Avenida dos Guararapes,,pdc_nao_realizado,2607901
,,pdc_nao_realizado,2607901
Avenida Barreto de Menezes,,pdc_nao_realizado,2607901
Avenida Barreto de Menezes,,pdc_nao_realizado,2607901
Avenida dos Guararapes,,pdc_nao_realizado,2607901
Avenida Barreto de Menezes,,pdc_nao_realizado,2607901
Avenida Barreto de Menezes,,pdc_nao_realizado,2607901
Avenida Barreto de Menezes,,pdc_nao_realizado,2607901
Rua Tomaz Ferreira,,pdc_nao_realizado,2611606
Avenida Barreto de Menezes,,pdc_nao_realizado,2607901
Avenida Barreto de Menezes,,pdc_nao_realizado,2607901
Avenida Barreto de Menezes,,pdc_nao_realizado,2607901
Avenida Barreto de Menezes,,pdc_nao_realizado,2607901
Avenida Barreto de Menezes,,pdc_nao_realizado,2607901
Avenida Barreto de Menezes,,pdc_nao_realizado,2607901
Avenida Barreto de Menezes,,pdc_nao_realizado,2607901
Avenida Barreto de Menezes,,pdc_nao_realizado,2607901
Avenida Ayrton Senna da Silva,,pdc_realizado_designado,2607901
Avenida Ayrton Senna da Silva,,pdc_realizado_designado,2607901
Avenida Ayrton Senna da Silva,,pdc_realizado_designado,2607901
Avenida Ayrton Senna da Silva,,pdc_realizado_designado,2607901
Avenida Ayrton Senna da Silva,,pdc_realizado_designado,2607901
Avenida Ayrton Senna da Silva,,pdc_realizado_designado,2607901
Avenida Ayrton Senna da Silva,,pdc_realizado_designado,2607901
Avenida Ayrton Senna da Silva,,pdc_realizado_designado,2607901
Avenida Ayrton Senna da Silva,,pdc_realizado_designado,2607901
Avenida Ayrton Senna da Silva,,pdc_realizado_designado,2607901
,,pdc_nao_realizado,2611606
Avenida Ayrton Senna da Silva,,pdc_realizado_designado,2607901
Avenida Ayrton Senna da Silva,,pdc_realizado_designado,2607901
Avenida Ayrton Senna da Silva,,pdc_realizado_designado,2607901
Avenida Ayrton Senna da Silva,,pdc_realizado_designado,2607901
Avenida Ayrton Senna da Silva,,pdc_realizado_designado,2607901
Avenida Ayrton Senna da Silva,,pdc_realizado_designado,2607901
Avenida Ayrton Senna da Silva,,pdc_realizado_designado,2607901
Avenida Ayrton Senna da Silva,,pdc_realizado_designado,2607901
Avenida Ayrton Senna da Silva,,pdc_realizado_designado,2607901
Avenida Ayrton Senna da Silva,,pdc_realizado_designado,2607901
Avenida Ayrton Senna da Silva,,pdc_realizado_designado,2607901
Avenida Doutor Júlio Maranhão,,pdc_nao_realizado,2607901
Estrada da Batalha,,pdc_nao_realizado,2607901
Avenida Doutor Júlio Maranhão,,pdc_nao_realizado,2607901
Estrada da Batalha,,pdc_nao_realizado,2607901
,,pdc_nao_realizado,2607901
Estrada da Batalha,,pdc_nao_realizado,2607901
Estrada da Batalha,,pdc_nao_realizado,2607901
,,pdc_nao_realizado,2607901
Avenida Barreto de Menezes,,pdc_nao_realizado,2607901
Estrada da Batalha,,pdc_nao_realizado,2607901
Avenida Doutor Júlio Maranhão,,pdc_nao_realizado,2607901
Estrada da Batalha,,pdc_nao_realizado,2607901
Avenida Doutor Júlio Maranhão,,pdc_nao_realizado,2607901
Estrada da Batalha,,pdc_nao_realizado,2607901
Avenida Doutor Júlio Maranhão,,pdc_nao_realizado,2607901
Estrada da Batalha,,pdc_nao_realizado,2607901
Estrada da Batalha,,pdc_nao_realizado,2607901
Avenida Doutor Júlio Maranhão,,pdc_nao_realizado,2607901
Avenida Doutor Júlio Maranhão,,pdc_nao_realizado,2607901
Estrada da Batalha,,pdc_nao_realizado,2607901
Avenida Doutor Júlio Maranhão,,pdc_nao_realizado,2607901
Avenida Doutor Júlio Maranhão,,pdc_nao_realizado,2607901
Avenida Doutor Júlio Maranhão,,pdc_nao_realizado,2607901
Estrada da Batalha,,pdc_nao_realizado,2607901
Estrada da Batalha,,pdc_nao_realizado,2607901
Estrada da Batalha,,pdc_nao_realizado,2607901
Estrada da Batalha,,pdc_nao_realizado,2607901
Estrada da Batalha,,pdc_nao_realizado,2607901
Avenida Doutor Júlio Maranhão,,pdc_nao_realizado,2607901
Estrada da Batalha,,pdc_nao_realizado,2607901
Estrada da Batalha,,pdc_nao_realizado,2607901
Rua Nossa Senhora de Fátima,,pdc_realizado_designado,2607901
Rua Doutor Luís Regueira,,pdc_nao_realizado,2607901
,,pdc_nao_realizado,2607901
,,pdc_nao_realizado,2607901
,,pdc_nao_realizado,2607901
Terminal Integrado Cajueiro Seco,,pdc_nao_realizado,2607901
Terminal Integrado Cajueiro Seco,,pdc_nao_realizado,2607901
Terminal Integrado Cajueiro Seco,,pdc_nao_realizado,2607901
Terminal Integrado Cajueiro Seco,,pdc_nao_realizado,2607901
Rua Doutor Luís Regueira,,pdc_nao_realizado,2607901
Rua Doutor Luís Regueira,,pdc_nao_realizado,2607901
Rua Doutor Luís Regueira,,pdc_nao_realizado,2607901
Terminal Integrado Cajueiro Seco,,pdc_nao_realizado,2607901
Avenida Ulisses Montarroyos,,pdc_nao_realizado,2607901
Avenida Ulisses Montarroyos,,pdc_nao_realizado,2607901
Avenida Ulisses Montarroyos,,pdc_nao_realizado,2607901
Avenida Ulisses Montarroyos,,pdc_nao_realizado,2607901
Avenida Beira Mar,,pdc_realizado_designado,2607901
Avenida Barão de Lucena,,pdc_nao_realizado,2607901
Avenida Beira Mar,,pdc_realizado_designado,2607901
Avenida Beira Mar,,pdc_realizado_designado,2607901
Avenida Barão de Lucena,,pdc_nao_realizado,2607901
Avenida Doutor Sofrônio Portela,,pdc_nao_realizado,2609402
Avenida Barão de Lucena,,pdc_nao_realizado,2609402
Rodovia Luiz Gonzaga,,pdc_nao_realizado,2607901
Avenida Tenente Cleto Campelo,,pdc_nao_realizado,2609402
Avenida Barão de Lucena,,pdc_nao_realizado,2607901
PE-007,,pdc_nao_realizado,2609402
Avenida Barão de Lucena,,pdc_nao_realizado,2607901
Avenida Barão de Lucena,,pdc_nao_realizado,2607901
Avenida Tenente Cleto Campelo,,pdc_nao_realizado,2609402
Avenida Doutor Sofrônio Portela,,pdc_nao_realizado,2609402
,,pdc_nao_realizado,2611606
,,pdc_nao_realizado,2611606
Avenida Engenheiro Abdias de Carvalho,,pdc_nao_realizado,2611606
Avenida Dantas Barreto,,pdc_nao_realizado,2609402
Avenida Engenheiro Abdias de Carvalho,,pdc_nao_realizado,2611606
Avenida Engenheiro Abdias de Carvalho,,pdc_nao_realizado,2611606
Rodovia Luiz Gonzaga,,pdc_nao_realizado,2611606
Rodovia Luiz Gonzaga,,pdc_nao_realizado,2607901
Rodovia Luiz Gonzaga,,pdc_nao_realizado,2611606
Rodovia Luiz Gonzaga,,pdc_nao_realizado,2611606
Avenida Olinda,,pdc_nao_realizado,2609600
Rodovia Luiz Gonzaga,,pdc_nao_realizado,2607901
Rodovia Luiz Gonzaga,,pdc_nao_realizado,2607901
Rodovia Luiz Gonzaga,,pdc_nao_realizado,2607901
Rodovia Luiz Gonzaga,,pdc_nao_realizado,2607901
Avenida Engenheiro Abdias de Carvalho,,pdc_nao_realizado,2611606
Avenida Engenheiro Abdias de Carvalho,,pdc_nao_realizado,2611606
Rodovia Luiz Gonzaga,,pdc_nao_realizado,2607901
Rodovia Luiz Gonzaga,,pdc_nao_realizado,2607901
Rodovia Luiz Gonzaga,,pdc_nao_realizado,2607901
Rodovia Luiz Gonzaga,,pdc_nao_realizado,2607901
Rodovia Luiz Gonzaga,,pdc_nao_realizado,2607901
,,pdc_nao_realizado,2607901
,,pdc_nao_realizado,2607901
Estrada dos Remédios,,pdc_nao_realizado,2611606
Rodovia Luiz Gonzaga,,pdc_nao_realizado,2607901
Avenida Getúlio Vargas,,pdc_nao_realizado,2611606
Avenida Engenheiro Abdias de Carvalho,,pdc_nao_realizado,2611606
Avenida Engenheiro Abdias de Carvalho,,pdc_nao_realizado,2611606
Rodovia Luiz Gonzaga,,pdc_nao_realizado,2611606
Avenida Engenheiro Abdias de Carvalho,,pdc_nao_realizado,2611606
Avenida Doutor Belmino Correia,,pdc_nao_realizado,2603454
Rodovia Luiz Gonzaga,,pdc_nao_realizado,2611606
Avenida Engenheiro Abdias de Carvalho,,pdc_nao_realizado,2611606
Avenida Engenheiro Abdias de Carvalho,,pdc_nao_realizado,2611606
Avenida Engenheiro Abdias de Carvalho,,pdc_nao_realizado,2611606
Rodovia Luiz Gonzaga,,pdc_nao_realizado,2607901
Rodovia Luiz Gonzaga,,pdc_nao_realizado,2607901
Rodovia Luiz Gonzaga,,pdc_nao_realizado,2607901
Avenida Dantas Barreto,,pdc_nao_realizado,2609402
Avenida Getúlio Vargas,,pdc_nao_realizado,2611606
Rodovia Luiz Gonzaga,,pdc_nao_realizado,2611606
Avenida Getúlio Vargas,,pdc_nao_realizado,2611606
Rodovia Luiz Gonzaga,,pdc_nao_realizado,2607901
Rodovia Luiz Gonzaga,,pdc_nao_realizado,2607901
Avenida General Newton Cavalcante,,pdc_nao_realizado,2603454
Rodovia Luiz Gonzaga,,pdc_nao_realizado,2611606
Rodovia Luiz Gonzaga,,pdc_nao_realizado,2611606
Rodovia Luiz Gonzaga,,pdc_nao_realizado,2607901
,,pdc_nao_realizado,2611606
Rodovia Luiz Gonzaga,,pdc_nao_realizado,2607901
Rodovia Luiz Gonzaga,,pdc_nao_realizado,2607901
Rua Primeiro de Maio,,pdc_nao_realizado,2609402
Rodovia Luiz Gonzaga,,pdc_nao_realizado,2611606
Rodovia Luiz Gonzaga,,pdc_nao_realizado,2607901
Avenida Getúlio Vargas,,pdc_nao_realizado,2611606
Rodovia Luiz Gonzaga,,pdc_nao_realizado,2611606
Rodovia Luiz Gonzaga,,pdc_nao_realizado,2611606
Rodovia Luiz Gonzaga,,pdc_nao_realizado,2607901
Rodovia Luiz Gonzaga,,pdc_nao_realizado,2607901
Rua Antônio Feliciano dos Santos,,pdc_nao_realizado,2609402
Avenida Agamenon Magalhães,,pdc_nao_realizado,2609402
Avenida Dantas Barreto,,pdc_nao_realizado,2609402
Rua Quinze de Novembro,,pdc_nao_realizado,2609402
Antiga Ferrovia Transnordestina,,pdc_nao_realizado,2609402
Rua josé Amaro da Paz,,pdc_nao_realizado,2609402
Rua Antonio Rego Araujo,,pdc_nao_realizado,2609402
Rua Liberdade,,pdc_nao_realizado,2609402
Avenida Professora Laura de Freitas,,pdc_nao_realizado,2609402
Rua do Progresso,,pdc_nao_realizado,2609402
Rua josé Amaro da Paz,,pdc_nao_realizado,2609402
,,pdc_nao_realizado,2609402
,,pdc_nao_realizado,2609402
Rua do Progresso,,pdc_nao_realizado,2609402
Rua do Progresso,,pdc_nao_realizado,2609402
Avenida Dantas Barreto,,pdc_nao_realizado,2609402
Rua Jornalista Antonio Maranhão,,pdc_nao_realizado,2609402
,,pdc_nao_realizado,2609402
Rua Luiz Cavalcante Lins,,pdc_nao_realizado,2609402
Rua Prefeito Antônio de Lemos,,pdc_nao_realizado,2609402
Rua Capitão Calixto,,pdc_nao_realizado,2609402
Avenida Dantas Barreto,,pdc_nao_realizado,2609402
Rua Quinze de Novembro,,pdc_nao_realizado,2609402
,,pdc_nao_realizado,2609402
Travessa Primeiro de Maio,,pdc_nao_realizado,2609402
Avenida Doutor Francisco Correia,,pdc_nao_realizado,2613701
Avenida Doutor Francisco Correia,,pdc_nao_realizado,2613701
Avenida Doutor Francisco Correia,,pdc_nao_realizado,2613701
Avenida Doutor Francisco Correia,,pdc_nao_realizado,2613701
Avenida Doutor Belmino Correia,,pdc_nao_realizado,2613701
Avenida Doutor Belmínio Correia,,pdc_nao_realizado,2613701
Avenida Doutor Francisco Correia,,pdc_nao_realizado,2613701
Avenida Doutor Francisco Correia,,pdc_nao_realizado,2613701
Rua Doutor Pedro Augusto Correia de Araújo,,pdc_nao_realizado,2613701
Avenida Doutor Belmino Correia,,pdc_nao_realizado,2613701
Avenida Doutor Belmino Correia,,pdc_nao_realizado,2613701
Avenida Doutor Francisco Correia,,pdc_nao_realizado,2613701
Avenida Doutor Belmino Correia,,pdc_nao_realizado,2613701
Avenida Doutor Belmino Correia,,pdc_nao_realizado,2613701
Avenida Doutor Belmínio Correia,,pdc_nao_realizado,2613701
Avenida Doutor Francisco Correia,,pdc_nao_realizado,2613701
Avenida Doutor Francisco Correia,,pdc_nao_realizado,2613701
Ladeira do Liberato,,pdc_nao_realizado,2613701
Avenida Doutor Belmínio Correia,,pdc_nao_realizado,2613701
Avenida Doutor Belmínio Correia,,pdc_nao_realizado,2613701
Avenida Doutor Francisco Correia,,pdc_nao_realizado,2613701
Avenida Doutor Francisco Correia,,pdc_nao_realizado,2613701
Avenida Doutor Francisco Correia,,pdc_nao_realizado,2613701
Avenida Doutor Francisco Correia,,pdc_nao_realizado,2613701
Rua Ave Lira,,pdc_nao_realizado,2609600
Avenida Doutor Francisco Correia,,pdc_nao_realizado,2613701
Avenida Doutor Belmino Correia,,pdc_nao_realizado,2603454
Avenida Doutor Belmínio Correia,,pdc_nao_realizado,2613701
Avenida Doutor Francisco Correia,,pdc_nao_realizado,2613701
Avenida Doutor Francisco Correia,,pdc_nao_realizado,2613701
Avenida Doutor Francisco Correia,,pdc_nao_realizado,2613701
Avenida Doutor Francisco Correia,,pdc_nao_realizado,2613701
,,pdc_nao_realizado,2613701
Avenida Doutor Francisco Correia,,pdc_nao_realizado,2613701
Avenida Doutor Francisco Correia,,pdc_nao_realizado,2613701
Rua Doutor Pedro Augusto Correia de Araújo,,pdc_nao_realizado,2613701
Avenida Doutor Belmínio Correia,,pdc_nao_realizado,2613701
Rua Ave Lira,,pdc_nao_realizado,2609600
Avenida Doutor Francisco Correia,,pdc_nao_realizado,2613701
Avenida General Newton Cavalcante,,pdc_nao_realizado,2603454
,,pdc_nao_realizado,2603454
Avenida General Newton Cavalvante,,pdc_nao_realizado,2603454
Avenida General Newton Cavalcante,,pdc_nao_realizado,2603454
,,pdc_nao_realizado,2603454
Avenida General Newton Cavalcante,,pdc_nao_realizado,2603454
Avenida General Newton Cavalcante,,pdc_nao_realizado,2603454
Avenida General Newton Cavalcante,,pdc_nao_realizado,2603454
Avenida General Newton Cavalcante,,pdc_nao_realizado,2603454
Avenida General Newton Cavalcante,,pdc_nao_realizado,2603454
Avenida General Newton Cavalcante,,pdc_nao_realizado,2603454
Avenida General Newton Cavalcante,,pdc_nao_realizado,2603454
Avenida General Newton Cavalcante,,pdc_nao_realizado,2603454
Avenida General Newton Cavalcante,,pdc_nao_realizado,2603454
Avenida General Newton Cavalcante,,pdc_nao_realizado,2603454
Avenida General Newton Cavalcante,,pdc_nao_realizado,2603454
Avenida General Newton Cavalcante,,pdc_nao_realizado,2603454
Avenida General Newton Cavalcante,,pdc_nao_realizado,2603454
Avenida General Newton Cavalcante,,pdc_nao_realizado,2603454
,,pdc_nao_realizado,2610707
Avenida General Newton Cavalcante,,pdc_nao_realizado,2603454
,,pdc_nao_realizado,2603454
Avenida Doutor Belmino Correia,,pdc_nao_realizado,2603454
,,pdc_nao_realizado,2603454
Avenida General Newton Cavalcante,,pdc_nao_realizado,2603454
Avenida General Newton Cavalcante,,pdc_nao_realizado,2603454
Avenida Doutor Belmino Correia,,pdc_nao_realizado,2603454
Avenida General Newton Cavalcante,,pdc_nao_realizado,2603454
Avenida General Newton Cavalcante,,pdc_nao_realizado,2603454
Avenida General Newton Cavalcante,,pdc_nao_realizado,2603454
Estrada de Aldeia,,pdc_nao_realizado,2603454
Avenida General Newton Cavalcante,,pdc_nao_realizado,2603454
Avenida Doutor Belmino Correia,,pdc_nao_realizado,2603454
,,pdc_nao_realizado,2610707
,,pdc_nao_realizado,2610707
,,pdc_nao_realizado,2610707
,,pdc_nao_realizado,2610707
,,pdc_nao_realizado,2610707
Avenida Pan Nordestina,,pdc_nao_realizado,2609600
Avenida Pan Nordestina,,pdc_nao_realizado,2610707
Avenida Pan Nordestina,,pdc_nao_realizado,2609600
,,pdc_nao_realizado,2609600
Avenida Pan Nordestina,,pdc_nao_realizado,2609600
Avenida Pan Nordestina,,pdc_nao_realizado,2610707
,,pdc_nao_realizado,2610707
,,pdc_nao_realizado,2610707
Avenida Pan Nordestina,,pdc_nao_realizado,2609600
Avenida Pan Nordestina,,pdc_nao_realizado,2609600
,,pdc_nao_realizado,2610707
Ciclovia da PE-15,,pdc_realizado_designado,2610707
Ciclovia da PE-15,,pdc_realizado_designado,2610707
Ciclovia da PE-15,,pdc_realizado_designado,2610707
,,pdc_nao_realizado,2610707
,,pdc_nao_realizado,2610707
,,pdc_nao_realizado,2610707
Ciclovia da PE-15,,pdc_realizado_designado,2610707
,,pdc_nao_realizado,2610707
,,pdc_nao_realizado,2610707
Ciclovia da PE-15,,pdc_realizado_designado,2610707
,,pdc_nao_realizado,2610707
,,pdc_nao_realizado,2610707
,,pdc_nao_realizado,2610707
,,pdc_nao_realizado,2610707
Ciclovia da PE-15,,pdc_realizado_designado,2610707
Ciclovia da PE-15,,pdc_realizado_designado,2610707
,,pdc_nao_realizado,2610707
,,pdc_nao_realizado,2610707
,,pdc_nao_realizado,2610707
,,pdc_nao_realizado,2610707
,,pdc_nao_realizado,2610707
Avenida Pan Nordestina,,pdc_nao_realizado,2609600
Avenida Pan Nordestina,,pdc_nao_realizado,2609600
,,pdc_nao_realizado,2610707
Avenida Pan Nordestina,,pdc_nao_realizado,2610707
,,pdc_nao_realizado,2610707
,,pdc_nao_realizado,2610707
Avenida Pan Nordestina,,pdc_nao_realizado,2610707
Ciclovia da PE-15,,pdc_realizado_designado,2610707
,,pdc_nao_realizado,2610707
,,pdc_nao_realizado,2610707
Ciclovia da PE-15,,pdc_realizado_designado,2610707
Avenida Pan Nordestina,,pdc_nao_realizado,2609600
Avenida Pan Nordestina,,pdc_nao_realizado,2610707
Avenida Pan Nordestina,,pdc_nao_realizado,2609600
Ciclovia da PE-15,,pdc_realizado_designado,2609600
Ciclovia da PE-15,,pdc_realizado_designado,2610707
Ciclovia da PE-15,,pdc_realizado_designado,2610707
Ciclovia da PE-15,,pdc_realizado_designado,2610707
Avenida Beira Rio,,pdc_nao_realizado,2609600
Ciclovia da PE-15,,pdc_realizado_designado,2610707
Avenida Dom Hélder Câmara,,pdc_nao_realizado,2611606
Avenida Dois Rios,,pdc_nao_realizado,2611606
Avenida Dom Hélder Câmara,,pdc_realizado_designado,2611606
Avenida Dois Rios,,pdc_nao_realizado,2611606
Avenida Dom Hélder Câmara,,pdc_nao_realizado,2611606
Rua Pintor Antônio Albuquerque,,pdc_nao_realizado,2611606
Avenida Dom Hélder Câmara,,pdc_realizado_designado,2611606
Avenida Dom Hélder Câmara,,pdc_realizado_designado,2611606
Avenida Dois Rios,,pdc_nao_realizado,2611606
Avenida Dois Rios,,pdc_nao_realizado,2611606
Avenida Dois Rios,,pdc_nao_realizado,2611606
Avenida Dois Rios,,pdc_nao_realizado,2611606
Avenida Dom Hélder Câmara,,pdc_nao_realizado,2611606
Avenida Dois Rios,,pdc_nao_realizado,2611606
Avenida Dom Hélder Câmara,,pdc_realizado_designado,2611606
Avenida Dom Hélder Câmara,,pdc_nao_realizado,2611606
Rua Padre Lima e Sá,,pdc_nao_realizado,2611606
Avenida Dom Hélder Câmara,,pdc_nao_realizado,2611606
Avenida Dom Hélder Câmara,,pdc_realizado_designado,2611606
Avenida Dom Hélder Câmara,,pdc_nao_realizado,2611606
Avenida Dom Hélder Câmara,,pdc_realizado_designado,2611606
Avenida Dom Hélder Câmara,,pdc_nao_realizado,2611606
Rua Padre Lima e Sá,,pdc_nao_realizado,2611606
Avenida General San Martin,,pdc_nao_realizado,2611606
Rua Abdias Cabral de Moura,,pdc_nao_realizado,2611606
Rua Abdias Cabral de Moura,,pdc_nao_realizado,2611606
Rua David Perneta,,pdc_nao_realizado,2611606
Rua Doutor Tavares Correia,,pdc_realizado_designado,2611606
Avenida Senador Robert Kennedy,,pdc_realizado_designado,2611606
Avenida Senador Robert Kennedy,,pdc_realizado_designado,2611606
Rua Doutor Tavares Correia,,pdc_realizado_designado,2611606
Rua Alexandre Almeida,,pdc_nao_realizado,2611606
Rua Doutor Tavares Correia,,pdc_nao_realizado,2611606
Rua Pintor Antônio Albuquerque,,pdc_nao_realizado,2611606
Rua Abdias Cabral de Moura,,pdc_nao_realizado,2611606
Rua Abdias Cabral de Moura,,pdc_nao_realizado,2611606
Avenida Saldanha Marinho,,pdc_nao_realizado,2611606
Rua Jean Émile Favre,,pdc_nao_realizado,2611606
Avenida Presidente Kennedy,,pdc_nao_realizado,2611606
Avenida Marechal Mascarenhas de Moraes,,pdc_nao_realizado,2611606
Ponte Motocolombó,,pdc_nao_realizado,2611606
Avenida Marechal Mascarenhas de Moraes,,pdc_nao_realizado,2611606
Avenida Sul,,pdc_nao_realizado,2611606
Ponte Motocolombó,,pdc_nao_realizado,2611606
Rua Motocolombó,,pdc_nao_realizado,2611606
Praça da Paz,,pdc_nao_realizado,2611606
Estrada da Batalha,,pdc_nao_realizado,2607901
Estrada da Batalha,,pdc_nao_realizado,2607901
Estrada da Batalha,,pdc_nao_realizado,2607901
Avenida Marechal Mascarenhas de Moraes,,pdc_nao_realizado,2611606
Avenida Marechal Mascarenhas de Moraes,,pdc_nao_realizado,2611606
Avenida Marechal Mascarenhas de Moraes,,pdc_nao_realizado,2611606
Avenida Marechal Mascarenhas de Moraes,,pdc_nao_realizado,2611606
Avenida Marechal Mascarenhas de Moraes,,pdc_nao_realizado,2611606
Avenida Marechal Mascarenhas de Moraes,,pdc_nao_realizado,2611606
Avenida Marechal Mascarenhas de Moraes,,pdc_nao_realizado,2611606
Avenida Marechal Mascarenhas de Moraes,,pdc_nao_realizado,2611606
Avenida Marechal Mascarenhas de Moraes,,pdc_nao_realizado,2611606
Avenida Marechal Mascarenhas de Moraes,,pdc_nao_realizado,2611606
Avenida Marechal Mascarenhas de Moraes,,pdc_nao_realizado,2611606
Avenida Marechal Mascarenhas de Moraes,,pdc_nao_realizado,2611606
Rua Gervásio Pires,,pdc_nao_realizado,2611606
Avenida Marechal Mascarenhas de Moraes,,pdc_nao_realizado,2611606
Avenida Marechal Mascarenhas de Moraes,,pdc_nao_realizado,2611606
Rua Motocolombó,,pdc_nao_realizado,2611606
Rua Motocolombó,,pdc_nao_realizado,2611606
Avenida Marechal Mascarenhas de Moraes,,pdc_nao_realizado,2611606
Avenida Marechal Mascarenhas de Moraes,,pdc_nao_realizado,2611606
Avenida Marechal Mascarenhas de Moraes,,pdc_nao_realizado,2611606
Avenida Marechal Mascarenhas de Moraes,,pdc_nao_realizado,2611606
Avenida Marechal Mascarenhas de Moraes,,pdc_nao_realizado,2611606
Avenida Marechal Mascarenhas de Moraes,,pdc_nao_realizado,2611606
Avenida Marechal Mascarenhas de Moraes,,pdc_nao_realizado,2611606
Avenida Marechal Mascarenhas de Moraes,,pdc_nao_realizado,2611606
Avenida Marechal Mascarenhas de Moraes,,pdc_nao_realizado,2611606
Rua Francisco Silveira,,pdc_nao_realizado,2611606
Estrada da Batalha,,pdc_nao_realizado,2607901
Avenida Marechal Mascarenhas de Moraes,,pdc_nao_realizado,2611606
Avenida Marechal Mascarenhas de Moraes,,pdc_nao_realizado,2611606
Avenida Marechal Mascarenhas de Moraes,,pdc_nao_realizado,2611606
Avenida Marechal Mascarenhas de Moraes,,pdc_nao_realizado,2611606
Avenida Sul,,pdc_nao_realizado,2611606
Avenida Marechal Mascarenhas de Moraes,,pdc_nao_realizado,2611606
Avenida Marechal Mascarenhas de Moraes,,pdc_nao_realizado,2611606
Avenida Marechal Mascarenhas de Moraes,,pdc_nao_realizado,2611606
Avenida Marechal Mascarenhas de Moraes,,pdc_nao_realizado,2611606
Avenida Marechal Mascarenhas de Moraes,,pdc_nao_realizado,2611606
Avenida Marechal Mascarenhas de Moraes,,pdc_nao_realizado,2611606
Estrada da Batalha,,pdc_nao_realizado,2607901
Estrada da Batalha,,pdc_nao_realizado,2607901
Estrada da Batalha,,pdc_nao_realizado,2607901
Estrada da Batalha,,pdc_nao_realizado,2607901
Avenida Armindo Moura,,pdc_nao_realizado,2607901
Avenida Armindo Moura,,pdc_nao_realizado,2607901
Avenida Armindo Moura,,pdc_nao_realizado,2607901
Avenida Armindo Moura,,pdc_realizado_designado,2611606
Avenida Armindo Moura,,pdc_realizado_designado,2611606
Avenida Armindo Moura,,pdc_realizado_designado,2611606
Avenida Quatro de Outubro,,pdc_nao_realizado,2607901
,,pdc_nao_realizado,2609600
Avenida Armindo Moura,,pdc_realizado_designado,2611606
Avenida Armindo Moura,,pdc_realizado_designado,2607901
Avenida Zequinha Barreto,,pdc_nao_realizado,2607901
Avenida Quatro de Outubro,,pdc_nao_realizado,2607901
Avenida Zequinha Barreto,,pdc_nao_realizado,2607901
Avenida Quatro de Outubro,,pdc_nao_realizado,2607901
Avenida Quatro de Outubro,,pdc_nao_realizado,2607901
Avenida Quatro de Outubro,,pdc_nao_realizado,2607901
Avenida Quatro de Outubro,,pdc_nao_realizado,2607901
Avenida Quatro de Outubro,,pdc_nao_realizado,2607901
Avenida Quatro de Outubro,,pdc_nao_realizado,2607901
Avenida Quatro de Outubro,,pdc_nao_realizado,2607901
Avenida Quatro de Outubro,,pdc_nao_realizado,2607901
Avenida Quatro de Outubro,,pdc_nao_realizado,2607901
Rua Linha Férrea Sul,,pdc_nao_realizado,2607901
Avenida Ulisses Montarroyos,,pdc_nao_realizado,2607901
Avenida Ulisses Montarroyos,,pdc_nao_realizado,2607901
Avenida Ulisses Montarroyos,,pdc_nao_realizado,2607901
Avenida Ulisses Montarroyos,,pdc_nao_realizado,2607901
,,pdc_nao_realizado,2611606
Rua Ministro Mario Andreazza,,pdc_nao_realizado,2611606
,,pdc_nao_realizado,2607901
,,pdc_nao_realizado,2607901
Rua Doutor George Willian Bulter,,pdc_nao_realizado,2611606
Rua Doutor George Willian Bulter,,pdc_nao_realizado,2611606
Rua Doutor George Willian Bulter,,pdc_nao_realizado,2611606
Rua Doutor George Willian Bulter,,pdc_nao_realizado,2611606
Rua Ministro Mario Andreazza,,pdc_nao_realizado,2611606
,,pdc_nao_realizado,2607901
,,pdc_nao_realizado,2611606
,,pdc_nao_realizado,2611606
Rua Doutor George William Butler,,pdc_nao_realizado,2611606
,,pdc_nao_realizado,2607901
Rua Ministro Mario Andreazza,,pdc_nao_realizado,2611606
Rua Ministro Mario Andreazza,,pdc_nao_realizado,2611606
Avenida Governador Agamenon Magalhães,,pdc_nao_realizado,2607901
Avenida Governador Agamenon Magalhães,,pdc_nao_realizado,2607901
Avenida Governador Agamenon Magalhães,,pdc_nao_realizado,2607901
Avenida Governador Agamenon Magalhães,,pdc_nao_realizado,2607901
Avenida Governador Agamenon Magalhães,,pdc_nao_realizado,2607901
Avenida Governador Agamenon Magalhães,,pdc_nao_realizado,2607901
,,pdc_nao_realizado,2607901
Avenida Governador Agamenon Magalhães,,pdc_nao_realizado,2607901
Avenida Governador Agamenon Magalhães,,pdc_nao_realizado,2607901
Avenida Governador Agamenon Magalhães,,pdc_nao_realizado,2607901
Avenida Governador Agamenon Magalhães,,pdc_nao_realizado,2607901
Avenida Governador Agamenon Magalhães,,pdc_nao_realizado,2607901
,,pdc_nao_realizado,2607901
Avenida Governador Agamenon Magalhães,,pdc_nao_realizado,2607901
Avenida Governador Agamenon Magalhães,,pdc_nao_realizado,2607901
Avenida Governador Agamenon Magalhães,,pdc_nao_realizado,2607901
Avenida Governador Agamenon Magalhães,,pdc_nao_realizado,2607901
Avenida Governador Agamenon Magalhães,,pdc_nao_realizado,2607901
Avenida Governador Agamenon Magalhães,,pdc_nao_realizado,2607901
Avenida Liberdade,,pdc_nao_realizado,2611606
Avenida Liberdade,,pdc_nao_realizado,2611606
Rua Onze de Agosto,,pdc_nao_realizado,2611606
Avenida Liberdade,,pdc_nao_realizado,2611606
Rua Onze de Agosto,,pdc_nao_realizado,2611606
Avenida Liberdade,,pdc_nao_realizado,2611606
Avenida Liberdade,,pdc_nao_realizado,2611606
Avenida Liberdade,,pdc_nao_realizado,2611606
Avenida Liberdade,,pdc_nao_realizado,2611606
Rua Onze de Agosto,,pdc_nao_realizado,2611606
Avenida Liberdade,,pdc_nao_realizado,2611606
Rua Onze de Agosto,,pdc_nao_realizado,2611606
Rua Onze de Agosto,,pdc_nao_realizado,2611606
Rua Onze de Agosto,,pdc_nao_realizado,2611606
Rua Itanhenga,,pdc_nao_realizado,2611606
Rua Onze de Agosto,,pdc_nao_realizado,2611606
Rua Onze de Agosto,,pdc_nao_realizado,2611606
Rua Bulhões Marquês,,pdc_nao_realizado,2607901
Rua do Bom Pastor,,pdc_nao_realizado,2611606
Avenida General Manoel Rabelo,,pdc_nao_realizado,2607901
Avenida General Manoel Rabelo,,pdc_nao_realizado,2607901
Avenida Prefeito Antonio Pereira,,pdc_nao_realizado,2611606
Avenida Prefeito Antonio Pereira,,pdc_nao_realizado,2611606
Rua Antônio Curado,,pdc_realizado_designado,2611606
Rua Manoel Estevão da Costa,,pdc_realizado_designado,2611606
Rua do Bom Pastor,,pdc_nao_realizado,2611606
Rua do Bom Pastor,,pdc_realizado_designado,2611606
Rua do Bom Pastor,,pdc_realizado_designado,2611606
Rua do Bom Pastor,,pdc_nao_realizado,2611606
Rua do Bom Pastor,,pdc_realizado_designado,2611606
Rua Benfica,,pdc_nao_realizado,2611606
Rua do Bom Pastor,,pdc_nao_realizado,2611606
Rua Antônio Curado,,pdc_realizado_designado,2611606
Rua do Bom Pastor,,pdc_nao_realizado,2611606
Rua Doutor Flavio Ferreira da Silva Marojo,,pdc_nao_realizado,2611606
,,pdc_nao_realizado,2611606
,,pdc_nao_realizado,2611606
Rua Doutor Flavio Ferreira da Silva Marojo,,pdc_nao_realizado,2611606
Avenida Engenheiro Abdias de Carvalho,,pdc_nao_realizado,2611606
Avenida Engenheiro Abdias de Carvalho,,pdc_nao_realizado,2611606
Avenida Engenheiro Abdias de Carvalho,,pdc_nao_realizado,2611606
Avenida Engenheiro Abdias de Carvalho,,pdc_nao_realizado,2611606
Avenida Engenheiro Abdias de Carvalho,,pdc_nao_realizado,2611606
Avenida Engenheiro Abdias de Carvalho,,pdc_nao_realizado,2611606
Avenida Engenheiro Abdias de Carvalho,,pdc_nao_realizado,2611606
Avenida Engenheiro Abdias de Carvalho,,pdc_nao_realizado,2611606
Avenida Engenheiro Abdias de Carvalho,,pdc_nao_realizado,2611606
Avenida Engenheiro Abdias de Carvalho,,pdc_nao_realizado,2611606
Avenida Engenheiro Abdias de Carvalho,,pdc_nao_realizado,2611606
Avenida Engenheiro Abdias de Carvalho,,pdc_nao_realizado,2611606
,,pdc_nao_realizado,2611606
Avenida Engenheiro Abdias de Carvalho,,pdc_nao_realizado,2611606
Avenida Engenheiro Abdias de Carvalho,,pdc_nao_realizado,2611606
Avenida Engenheiro Abdias de Carvalho,,pdc_nao_realizado,2611606
Avenida Engenheiro Abdias de Carvalho,,pdc_nao_realizado,2611606
Avenida General San Martin,,pdc_nao_realizado,2611606
Avenida General San Martin,,pdc_nao_realizado,2611606
Avenida General San Martin,,pdc_nao_realizado,2611606
Avenida General San Martin,,pdc_nao_realizado,2611606
Avenida General San Martin,,pdc_nao_realizado,2611606
Avenida General San Martin,,pdc_nao_realizado,2611606
Avenida General San Martin,,pdc_nao_realizado,2611606
Avenida General San Martin,,pdc_nao_realizado,2611606
Avenida General San Martin,,pdc_nao_realizado,2611606
Avenida General San Martin,,pdc_nao_realizado,2611606
Avenida General San Martin,,pdc_nao_realizado,2611606
Avenida General San Martin,,pdc_nao_realizado,2611606
Avenida General San Martin,,pdc_nao_realizado,2611606
,,pdc_nao_realizado,2611606
,,pdc_nao_realizado,2611606
Avenida General San Martin,,pdc_nao_realizado,2611606
,,pdc_nao_realizado,2611606
,,pdc_nao_realizado,2611606
,,pdc_nao_realizado,2611606
Avenida General San Martin,,pdc_nao_realizado,2611606
Avenida General San Martin,,pdc_nao_realizado,2611606
Avenida General San Martin,,pdc_nao_realizado,2611606
Avenida General San Martin,,pdc_nao_realizado,2611606
Avenida General San Martin,,pdc_nao_realizado,2611606
Avenida General San Martin,,pdc_nao_realizado,2611606
,,pdc_nao_realizado,2611606
Avenida João Cabral de Melo Neto,,pdc_realizado_designado,2611606
Avenida João Cabral de Melo Neto,,pdc_nao_realizado,2611606
Avenida João Cabral de Melo Neto,,pdc_realizado_designado,2611606
Avenida João Cabral de Melo Neto,,pdc_nao_realizado,2611606
Avenida General San Martin,,pdc_nao_realizado,2611606
Avenida João Cabral de Melo Neto,,pdc_realizado_designado,2611606
Avenida João Cabral de Melo Neto,,pdc_nao_realizado,2611606
Avenida General San Martin,,pdc_nao_realizado,2611606
Avenida General San Martin,,pdc_nao_realizado,2611606
Avenida General San Martin,,pdc_realizado_designado,2611606
Avenida General San Martin,,pdc_realizado_designado,2611606
,,pdc_nao_realizado,2611606
Avenida João Cabral de Melo Neto,,pdc_nao_realizado,2611606
Avenida Recife,,pdc_nao_realizado,2611606
Avenida Recife,,pdc_nao_realizado,2611606
Avenida Recife,,pdc_nao_realizado,2611606
Avenida Recife,,pdc_nao_realizado,2611606
Avenida Recife,,pdc_nao_realizado,2611606
Avenida Recife,,pdc_nao_realizado,2611606
Avenida Recife,,pdc_nao_realizado,2611606
Avenida Recife,,pdc_nao_realizado,2611606
Avenida Recife,,pdc_nao_realizado,2611606
Avenida Recife,,pdc_nao_realizado,2611606
Avenida Recife,,pdc_nao_realizado,2611606
Avenida Recife,,pdc_nao_realizado,2611606
Avenida Recife,,pdc_nao_realizado,2611606
Avenida Recife,,pdc_nao_realizado,2611606
Avenida Recife,,pdc_nao_realizado,2611606
Avenida Recife,,pdc_nao_realizado,2611606
Avenida Recife,,pdc_nao_realizado,2611606
Avenida Recife,,pdc_nao_realizado,2611606
Avenida Recife,,pdc_nao_realizado,2611606
Avenida Recife,,pdc_nao_realizado,2611606
Avenida Recife,,pdc_nao_realizado,2611606
Avenida Recife,,pdc_nao_realizado,2611606
Avenida Beira Rio,,pdc_nao_realizado,2609600
Avenida Recife,,pdc_nao_realizado,2611606
Avenida Recife,,pdc_nao_realizado,2611606
Avenida Recife,,pdc_nao_realizado,2611606
Avenida Recife,,pdc_nao_realizado,2611606
Avenida Recife,,pdc_nao_realizado,2611606
Avenida Recife,,pdc_nao_realizado,2611606
Avenida Recife,,pdc_nao_realizado,2611606
Rua Vinte e Um de Abril,,pdc_realizado_designado,2611606
Avenida Recife,,pdc_nao_realizado,2611606
Avenida Recife,,pdc_nao_realizado,2611606
Avenida Recife,,pdc_nao_realizado,2611606
Avenida Recife,,pdc_nao_realizado,2611606
Avenida Recife,,pdc_nao_realizado,2611606
Viaduto de Jardim São Paulo,,pdc_nao_realizado,2611606
Avenida Recife,,pdc_nao_realizado,2611606
Avenida Recife,,pdc_nao_realizado,2611606
Avenida Recife,,pdc_nao_realizado,2611606
Avenida Recife,,pdc_nao_realizado,2611606
Avenida Recife,,pdc_nao_realizado,2611606
Avenida Recife,,pdc_nao_realizado,2611606
Avenida Recife,,pdc_nao_realizado,2611606
Avenida Recife,,pdc_nao_realizado,2611606
Avenida Recife,,pdc_nao_realizado,2611606
Avenida Recife,,pdc_nao_realizado,2611606
Avenida Visconde de São Leopoldo,,pdc_nao_realizado,2611606
Avenida Visconde de São Leopoldo,,pdc_nao_realizado,2611606
Rua Leandro Barreto,,pdc_nao_realizado,2611606
Praça Salazar,,pdc_realizado_designado,2611606
Rua Construtor Luiz Carvalhedo de Castro,,pdc_nao_realizado,2611606
Rua Senador Alberto Pasqualini,,pdc_realizado_designado,2611606
Rua Senador Alberto Pasqualini,,pdc_realizado_designado,2611606
Rua Senador Alberto Pasqualini,,pdc_realizado_designado,2611606
Avenida Leandro Barreto,,pdc_nao_realizado,2611606
Avenida São Paulo,,pdc_nao_realizado,2611606
Avenida Leandro Barreto,,pdc_nao_realizado,2611606
Avenida São Paulo,,pdc_nao_realizado,2611606
Avenida Padre Ibiapina,,pdc_nao_realizado,2611606
Rua Padre Ibiapina,,pdc_nao_realizado,2611606
Rua Padre Ibiapina,,pdc_nao_realizado,2611606
Avenida Padre Ibiapina,,pdc_nao_realizado,2611606
Avenida Padre Ibiapina,,pdc_nao_realizado,2611606
Passarela da Estação de Tejipió,,pdc_nao_realizado,2611606
,,pdc_nao_realizado,2611606
Passarela da Estação de Tejipió,,pdc_nao_realizado,2611606
Passarela da Estação de Tejipió,,pdc_nao_realizado,2611606
,,pdc_nao_realizado,2611606
Passarela da Estação de Tejipió,,pdc_nao_realizado,2611606
Avenida Padre Ibiapina,,pdc_nao_realizado,2611606
,,pdc_nao_realizado,2611606
Rua Vinte e Um de Abril,,pdc_nao_realizado,2611606
Rua Vinte e Um de Abril,,pdc_realizado_designado,2611606
Rua Vinte e Um de Abril,,pdc_realizado_designado,2611606
Rua Vinte e Um de Abril,,pdc_realizado_designado,2611606
Rua Vinte e Um de Abril,,pdc_realizado_designado,2611606
Rua Vinte e Um de Abril,,pdc_realizado_designado,2611606
Rua 21 de Abril,,pdc_nao_realizado,2611606
Rua 21 de Abril,,pdc_nao_realizado,2611606
Rua Vinte e Um de Abril,,pdc_realizado_designado,2611606
Rua 21 de Abril,,pdc_nao_realizado,2611606
Rua Vinte e Um de Abril,,pdc_nao_realizado,2611606
Rua Vinte e Um de Abril,,pdc_realizado_designado,2611606
Rua Vinte e Um de Abril,,pdc_realizado_designado,2611606
Rua Gomes Taborda,,pdc_realizado_designado,2611606
Rua Gomes Taborda,,pdc_realizado_designado,2611606
Rua Gomes Taborda,,pdc_realizado_designado,2611606
Rua Gomes Taborda,,pdc_realizado_designado,2611606
Rua Gomes Taborda,,pdc_realizado_designado,2611606
Rua Gomes Taborda,,pdc_realizado_designado,2611606
Rua Gomes Taborda,,pdc_realizado_designado,2611606
Rua Gomes Taborda,,pdc_realizado_designado,2611606
Rua Gomes Taborda,,pdc_realizado_designado,2611606
Rua Gomes Taborda,,pdc_realizado_designado,2611606
Rua Gomes Taborda,,pdc_realizado_designado,2611606
Rua Tutóia,,pdc_nao_realizado,2611606
Rua Severino Varejão,,pdc_nao_realizado,2611606
Travessa Tutóia,,pdc_nao_realizado,2611606
Rua Carlos Xavier Paes Barreto,,pdc_nao_realizado,2611606
Rua Pedro Teixeira,,pdc_nao_realizado,2607901
,,pdc_nao_realizado,2611606
,,pdc_nao_realizado,2611606
Avenida Central,,pdc_nao_realizado,2611606
Rua Morais e Silva,,pdc_nao_realizado,2611606
Rua Morais e Silva,,pdc_nao_realizado,2611606
Rua José Natário,,pdc_nao_realizado,2611606
Rua José Natário,,pdc_nao_realizado,2611606
Rua José Natário,,pdc_nao_realizado,2611606
Avenida Manoel Gonçalves da Luz,,pdc_realizado_designado,2611606
Avenida São Paulo,,pdc_nao_realizado,2611606
Rua José Natário,,pdc_nao_realizado,2611606
Rua Pacaembu,,pdc_nao_realizado,2611606
Rua Mil Novecentos e Onze,,pdc_nao_realizado,2611606
Rua Humberto de Campos,,pdc_nao_realizado,2611606
Passarela da Estação de Santa Luzia,,pdc_nao_realizado,2611606
,,pdc_nao_realizado,2611606
Avenida Estância,,pdc_nao_realizado,2611606
Rodovia Luiz Gonzaga,,pdc_nao_realizado,2611606
Avenida Professor Luiz Freire,,pdc_realizado_designado,2611606
Avenida Professor Luiz Freire,,pdc_realizado_designado,2611606
Rua José dos Santos,,pdc_realizado_designado,2611606
Avenida Engenheiro Abdias de Carvalho,,pdc_nao_realizado,2611606
Rua João Ivo da Silva,,pdc_nao_realizado,2611606
,,pdc_nao_realizado,2611606
,,pdc_nao_realizado,2611606
Avenida Engenheiro Abdias de Carvalho,,pdc_nao_realizado,2611606
,,pdc_nao_realizado,2611606
Rua Doutor Flavio Ferreira da Silva Marojo,,pdc_nao_realizado,2611606
Avenida Manoel Gonçalves da Luz,,pdc_realizado_designado,2611606
Avenida Manoel Gonçalves da Luz,,pdc_realizado_designado,2611606
Rua Doutor João Elísio,,pdc_nao_realizado,2611606
Passarela da Estação Mangueira,,pdc_nao_realizado,2611606
Avenida Central,,pdc_nao_realizado,2611606
Avenida Engenheiro Abdias de Carvalho,,pdc_nao_realizado,2611606
,,pdc_nao_realizado,2611606
Avenida do Forte,,pdc_realizado_designado,2611606
Avenida do Forte,,pdc_realizado_designado,2611606
Avenida do Forte,,pdc_realizado_designado,2611606
Avenida do Forte,,pdc_realizado_designado,2611606
Avenida do Forte,,pdc_realizado_designado,2611606
Rua Delmiro Gouveia,,pdc_realizado_designado,2611606
Rua Delmiro Gouveia,,pdc_realizado_designado,2611606
Avenida do Forte,,pdc_realizado_designado,2611606
Rua Delmiro Gouveia,,pdc_nao_realizado,2611606
Rua Delmiro Gouveia,,pdc_realizado_designado,2611606
Avenida Engenheiro Abdias de Carvalho,,pdc_nao_realizado,2611606
Avenida Engenheiro Abdias de Carvalho,,pdc_nao_realizado,2611606
Avenida Engenheiro Abdias de Carvalho,,pdc_nao_realizado,2611606
Avenida Engenheiro Abdias de Carvalho,,pdc_nao_realizado,2611606
Avenida Engenheiro Abdias de Carvalho,,pdc_nao_realizado,2611606
Avenida Engenheiro Abdias de Carvalho,,pdc_nao_realizado,2611606
Avenida Engenheiro Abdias de Carvalho,,pdc_nao_realizado,2611606
Avenida Engenheiro Abdias de Carvalho,,pdc_nao_realizado,2611606
Avenida Engenheiro Abdias de Carvalho,,pdc_nao_realizado,2611606
Avenida Engenheiro Abdias de Carvalho,,pdc_nao_realizado,2611606
Avenida Engenheiro Abdias de Carvalho,,pdc_nao_realizado,2611606
Ciclovia Orla de Boa Viagem,,pdc_realizado_designado,2607901
Rua Rio Azul,,pdc_nao_realizado,2611606
Túnel Augusto Lucena,,pdc_nao_realizado,2611606
Túnel Augusto Lucena,,pdc_nao_realizado,2611606
Avenida Fernando Simões Barbosa,,pdc_nao_realizado,2611606
Avenida Desembargador José Neves,,pdc_nao_realizado,2611606
Avenida Dom João VI,,pdc_nao_realizado,2611606
Avenida Desembargador José Neves,,pdc_nao_realizado,2611606
,,pdc_nao_realizado,2611606
,,pdc_nao_realizado,2611606
,,pdc_nao_realizado,2611606
Avenida Dom João VI,,pdc_nao_realizado,2611606
Avenida Desembargador José Neves,,pdc_nao_realizado,2611606
Avenida Desembargador José Neves,,pdc_nao_realizado,2611606
Avenida Desembargador José Neves,,pdc_nao_realizado,2611606
Avenida Desembargador José Neves,,pdc_nao_realizado,2611606
Rua Rio Azul,,pdc_nao_realizado,2611606
Avenida Visconde de Jequitinhonha,,pdc_nao_realizado,2611606
Avenida Engenheiro Domingos Ferreira,,pdc_nao_realizado,2611606
Avenida Visconde de Jequitinhonha,,pdc_nao_realizado,2611606
Avenida Visconde de Jequitinhonha,,pdc_realizado_designado,2607901
Via Mangue - Pista Leste,,pdc_realizado_designado,2611606
Avenida Visconde de Jequitinhonha,,pdc_realizado_designado,2611606
Avenida Visconde de Jequitinhonha,,pdc_nao_realizado,2611606
Avenida Visconde de Jequitinhonha,,pdc_nao_realizado,2611606
Avenida Ayrton Senna da Silva,,pdc_realizado_designado,2607901
Rua General Edson Amâncio Ramalho,,pdc_realizado_designado,2611606
Via Mangue - Pista Leste,,pdc_nao_realizado,2611606
Avenida Visconde de Jequitinhonha,,pdc_nao_realizado,2611606
Avenida Visconde de Jequitinhonha,,pdc_nao_realizado,2611606
Rua Professor Arnaldo Carneiro Leao,,pdc_nao_realizado,2611606
Avenida Visconde de Jequitinhonha,,pdc_realizado_designado,2611606
Avenida Fernando Simões Barbosa,,pdc_nao_realizado,2611606
Rua General Edson Amâncio Ramalho,,pdc_realizado_designado,2611606
Avenida Visconde de Jequitinhonha,,pdc_realizado_designado,2611606
Rua General Edson Amâncio Ramalho,,pdc_realizado_designado,2611606
Avenida Fernando Simões Barbosa,,pdc_nao_realizado,2611606
Avenida Visconde de Jequitinhonha,,pdc_nao_realizado,2611606
Avenida Visconde de Jequitinhonha,,pdc_nao_realizado,2611606
Rua Coronel Benedito Chaves,,pdc_nao_realizado,2611606
Rua General Edson Amâncio Ramalho,,pdc_realizado_designado,2611606
Avenida Fernando Simões Barbosa,,pdc_nao_realizado,2611606
Via Mangue - Pista Oeste,,pdc_nao_realizado,2611606
Avenida Fernando Simões Barbosa,,pdc_nao_realizado,2611606
Avenida Engenheiro Domingos Ferreira,,pdc_nao_realizado,2611606
Avenida Visconde de Jequitinhonha,,pdc_nao_realizado,2611606
Avenida Visconde de Jequitinhonha,,pdc_nao_realizado,2607901
Rua General Edson Amâncio Ramalho,,pdc_nao_realizado,2611606
Rua Manoel de Brito,,pdc_nao_realizado,2611606
Rua Manoel de Brito,,pdc_nao_realizado,2611606
Rua Manoel de Brito,,pdc_nao_realizado,2611606
Rua Cacilda Iolanda Porciúncula,,pdc_nao_realizado,2611606
Rua Cacilda Iolanda Porciúncula,,pdc_nao_realizado,2611606
Via Mangue - Pista Leste,,pdc_nao_realizado,2611606
Rua Cacilda Iolanda Porciúncula,,pdc_nao_realizado,2611606
Via Mangue - Pista Leste,,pdc_realizado_designado,2611606
Rua Manoel de Brito,,pdc_nao_realizado,2611606
Rua Manoel de Brito,,pdc_nao_realizado,2611606
Via Mangue - Pista Leste,,pdc_realizado_designado,2611606
Via Mangue - Pista Leste,,pdc_nao_realizado,2611606
Via Mangue - Pista Leste,,pdc_realizado_designado,2611606
Via Mangue - Pista Leste,,pdc_realizado_designado,2611606
Via Mangue - Pista Leste,,pdc_realizado_designado,2611606
Rua Manoel de Brito,,pdc_nao_realizado,2611606
Via Mangue - Pista Leste,,pdc_realizado_designado,2611606
Via Mangue - Pista Leste,,pdc_realizado_designado,2611606
Rua Manoel de Brito,,pdc_nao_realizado,2611606
Rua Manoel de Brito,,pdc_realizado_designado,2611606
Via Mangue - Pista Leste,,pdc_nao_realizado,2611606
Rua Manoel de Brito,,pdc_nao_realizado,2611606
Via Mangue - Pista Leste,,pdc_realizado_designado,2611606
Via Mangue - Pista Leste,,pdc_realizado_designado,2611606
Via Mangue - Pista Leste,,pdc_realizado_designado,2611606
Via Mangue - Pista Leste,,pdc_realizado_designado,2611606
Via Mangue - Pista Leste,,pdc_realizado_designado,2611606
Avenida General Mac Artur,,pdc_realizado_designado,2611606
Rua Antônio Falcão,,pdc_realizado_designado,2611606
Avenida General Mac Artur,,pdc_realizado_designado,2611606
Avenida General Mac Artur,,pdc_realizado_designado,2611606
Avenida General Mac Artur,,pdc_realizado_designado,2611606
Avenida General Mac Artur,,pdc_realizado_designado,2611606
Ciclovia Orla de Boa Viagem,,pdc_realizado_designado,2611606
Rua Barão de Souza Leão,,pdc_nao_realizado,2611606
Ciclovia Orla de Boa Viagem,,pdc_realizado_designado,2611606
Ciclovia Orla de Boa Viagem,,pdc_realizado_designado,2611606
Ciclovia Orla de Boa Viagem,,pdc_realizado_designado,2611606
Ciclovia Orla de Boa Viagem,,pdc_realizado_designado,2611606
Ciclovia Orla de Boa Viagem,,pdc_realizado_designado,2611606
Rua Barão de Souza Leão,,pdc_nao_realizado,2611606
Ciclovia Orla de Boa Viagem,,pdc_realizado_designado,2611606
Ciclovia Orla de Boa Viagem,,pdc_realizado_designado,2611606
Ciclovia Orla de Boa Viagem,,pdc_realizado_designado,2611606
Ciclovia Orla de Boa Viagem,,pdc_realizado_designado,2611606
Ciclovia Orla de Boa Viagem,,pdc_realizado_designado,2611606
Ciclovia Orla de Boa Viagem,,pdc_realizado_designado,2611606
Ciclovia Orla de Boa Viagem,,pdc_realizado_designado,2611606
Ciclovia Orla de Boa Viagem,,pdc_realizado_designado,2611606
Ciclovia Orla de Boa Viagem,,pdc_realizado_designado,2611606
Rua Dez de Julho,,pdc_nao_realizado,2611606
Ciclovia Orla de Boa Viagem,,pdc_realizado_designado,2611606
Ciclovia Orla de Boa Viagem,,pdc_realizado_designado,2611606
Ciclovia Orla de Boa Viagem,,pdc_realizado_designado,2611606
Ciclovia Orla de Boa Viagem,,pdc_realizado_designado,2611606
Ciclovia Orla de Boa Viagem,,pdc_realizado_designado,2611606
Ciclovia Orla de Boa Viagem,,pdc_realizado_designado,2611606
Ciclovia Orla de Boa Viagem,,pdc_realizado_designado,2611606
Ciclovia Orla de Boa Viagem,,pdc_realizado_designado,2611606
Ciclovia Orla de Boa Viagem,,pdc_realizado_designado,2611606
Ciclovia Orla de Boa Viagem,,pdc_realizado_designado,2611606
Ciclovia Orla de Boa Viagem,,pdc_realizado_designado,2611606
Rua João Ivo da Silva,,pdc_nao_realizado,2611606
Ciclovia Orla de Boa Viagem,,pdc_realizado_designado,2611606
Ciclovia Orla de Boa Viagem,,pdc_realizado_designado,2611606
Avenida Boa Viagem,,pdc_realizado_designado,2611606
Rua Barão de Souza Leão,,pdc_nao_realizado,2611606
Rua Barão de Souza Leão,,pdc_nao_realizado,2611606
Rua Barão de Souza Leão,,pdc_nao_realizado,2611606
Rua Barão de Souza Leão,,pdc_nao_realizado,2611606
Rua Doutor Vicente Gomes,,pdc_nao_realizado,2611606
Rua Capitão Zuzinha,,pdc_nao_realizado,2611606
Rua Dez de Julho,,pdc_nao_realizado,2611606
,,pdc_nao_realizado,2611606
Rua Capitão Zuzinha,,pdc_nao_realizado,2611606
Rua Capitão Zuzinha,,pdc_nao_realizado,2611606
Rua Dez de Julho,,pdc_nao_realizado,2611606
Rua Capitão Zuzinha,,pdc_nao_realizado,2611606
,,pdc_nao_realizado,2611606
,,pdc_nao_realizado,2611606
Rua Dez de Julho,,pdc_nao_realizado,2611606
Rua Doutor Vicente Gomes,,pdc_nao_realizado,2611606
Rua Dez de Julho,,pdc_nao_realizado,2611606
Rua Capitão Zuzinha,,pdc_nao_realizado,2611606
Rua Dez de Julho,,pdc_nao_realizado,2611606
Rua Dez de Julho,,pdc_nao_realizado,2611606
Rua Jaticy,,pdc_nao_realizado,2611606
Rua Jaticy,,pdc_nao_realizado,2611606
Avenida Sul,,pdc_realizado_designado,2611606
Rua Alameda das Hortências,,pdc_nao_realizado,2611606
Rua Guarabira,,pdc_nao_realizado,2611606
Rua José da Silva Lucena,,pdc_nao_realizado,2611606
Rua Antônio Falcão,,pdc_realizado_designado,2611606
Rua Antônio Falcão,,pdc_realizado_designado,2611606
Rua Antônio Falcão,,pdc_realizado_designado,2611606
Rua Antônio Falcão,,pdc_realizado_designado,2611606
Rua Antônio Falcão,,pdc_realizado_designado,2611606
Rua Antônio Falcão,,pdc_realizado_designado,2611606
Rua Antônio Falcão,,pdc_realizado_designado,2611606
Rua Antônio Falcão,,pdc_realizado_designado,2611606
Rua Antônio Falcão,,pdc_realizado_designado,2611606
Rua Antônio Falcão,,pdc_realizado_designado,2611606
Rua Quitério Inácio de Melo,,pdc_realizado_designado,2611606
Rua Arquiteto Luíz Nunes,,pdc_realizado_designado,2611606
Rua Arquiteto Luíz Nunes,,pdc_realizado_designado,2611606
Rua Arquiteto Luíz Nunes,,pdc_realizado_designado,2611606
Rua Arquiteto Luíz Nunes,,pdc_realizado_designado,2611606
Rua Arquiteto Luíz Nunes,,pdc_realizado_designado,2611606
Rua Arquiteto Luíz Nunes,,pdc_realizado_designado,2611606
Rua Arquiteto Luíz Nunes,,pdc_realizado_designado,2611606
Rua Paris,,pdc_realizado_designado,2611606
Rua Arquiteto Luíz Nunes,,pdc_realizado_designado,2611606
Rua Itamaracá,,pdc_nao_realizado,2611606
Rua Arquiteto Luíz Nunes,,pdc_realizado_designado,2611606
Rua Arquiteto Luíz Nunes,,pdc_realizado_designado,2611606
Rua Quitério Inácio de Melo,,pdc_realizado_designado,2611606
Rua Paris,,pdc_realizado_designado,2611606
Rua Quitério Inácio de Melo,,pdc_realizado_designado,2611606
Rua Arquiteto Luíz Nunes,,pdc_realizado_designado,2611606
Rua Arquiteto Luíz Nunes,,pdc_realizado_designado,2611606
Rua Arquiteto Luíz Nunes,,pdc_realizado_designado,2611606
Rua Arquiteto Luíz Nunes,,pdc_realizado_designado,2611606
Rua Paris,,pdc_realizado_designado,2611606
Rua Quitério Inácio de Melo,,pdc_realizado_designado,2611606
Rua Itamaracá,,pdc_nao_realizado,2611606
Rua Cosme Viana,,pdc_nao_realizado,2611606
Rua João Ivo da Silva,,pdc_nao_realizado,2611606
Rua Cosme Viana,,pdc_nao_realizado,2611606
Rua Cosme Viana,,pdc_nao_realizado,2611606
Rua João Ivo da Silva,,pdc_nao_realizado,2611606
Rua João Ivo da Silva,,pdc_nao_realizado,2611606
Rua João Ivo da Silva,,pdc_nao_realizado,2611606
Rua João Ivo da Silva,,pdc_nao_realizado,2611606
Rua Professor Trajano de Mendonça,,pdc_nao_realizado,2611606
Rua Professor Trajano de Mendonça,,pdc_nao_realizado,2611606
Rua João Ivo da Silva,,pdc_nao_realizado,2611606
Rua João Ivo da Silva,,pdc_nao_realizado,2611606
Rua João Ivo da Silva,,pdc_nao_realizado,2611606
Rua João Ivo da Silva,,pdc_nao_realizado,2611606
Túnel da Abolição,,pdc_nao_realizado,2611606
Rua João Ivo da Silva,,pdc_nao_realizado,2611606
Rua João Ivo da Silva,,pdc_nao_realizado,2611606
Rua Visconde de Pelotas,,pdc_realizado_designado,2611606
Rua Visconde de Pelotas,,pdc_realizado_designado,2611606
Rua Visconde de Pelotas,,pdc_realizado_designado,2611606
Túnel da Abolição,,pdc_nao_realizado,2611606
,,pdc_nao_realizado,2606804
Túnel da Abolição,,pdc_nao_realizado,2611606
Rua Santos Araújo,,pdc_realizado_designado,2611606
Rua Real da Torre,,pdc_nao_realizado,2611606
Rua Cosme Viana,,pdc_nao_realizado,2611606
Rua João Ivo da Silva,,pdc_nao_realizado,2611606
Rua Cosme Viana,,pdc_nao_realizado,2611606
Rua João Ivo da Silva,,pdc_nao_realizado,2611606
Rua Professor Trajano de Mendonça,,pdc_nao_realizado,2611606
Rua João Ivo da Silva,,pdc_nao_realizado,2611606
Rua João Ivo da Silva,,pdc_nao_realizado,2611606
Rua João Ivo da Silva,,pdc_nao_realizado,2611606
Rua Real da Torre,,pdc_nao_realizado,2611606
Rua José Bonifácio,,pdc_nao_realizado,2611606
Avenida Visconde de Albuquerque,,pdc_nao_realizado,2611606
Avenida Visconde de Albuquerque,,pdc_nao_realizado,2611606
Avenida Visconde de Albuquerque,,pdc_nao_realizado,2611606
Estrada dos Remédios,,pdc_nao_realizado,2611606
Rua José Bonifácio,,pdc_nao_realizado,2611606
Rua Benfica,,pdc_nao_realizado,2611606
Ponte Estácio Coimbra,,pdc_nao_realizado,2611606
Avenida Governador Carlos de Lima Cavalcanti,,pdc_nao_realizado,2611606
Ponte Estácio Coimbra,,pdc_nao_realizado,2611606
Avenida Doutor Severino Pinheiro,,pdc_nao_realizado,2611606
Rua Benfica,,pdc_nao_realizado,2611606
Rua Benfica,,pdc_nao_realizado,2611606
,,pdc_nao_realizado,2611606
Rua Benfica,,pdc_nao_realizado,2611606
Praça do Derby,,pdc_nao_realizado,2611606
Praça do Derby,,pdc_nao_realizado,2611606
Avenida Governador Carlos de Lima Cavalcanti,,pdc_nao_realizado,2611606
Praça do Derby,,pdc_nao_realizado,2611606
Rua Benfica,,pdc_nao_realizado,2611606
Praça do Derby,,pdc_nao_realizado,2611606
Ponte Duarte Coelho,,pdc_nao_realizado,2611606
Praça do Derby,,pdc_nao_realizado,2611606
Praça do Derby,,pdc_nao_realizado,2611606
Avenida Doutor Severino Pinheiro,,pdc_nao_realizado,2611606
Avenida Doutor Severino Pinheiro,,pdc_nao_realizado,2611606
Rua Benfica,,pdc_nao_realizado,2611606
Rua Benfica,,pdc_nao_realizado,2611606
Rua Benfica,,pdc_nao_realizado,2611606
Rua Benfica,,pdc_nao_realizado,2611606
Rua Benfica,,pdc_nao_realizado,2611606
Praça do Derby,,pdc_nao_realizado,2611606
Rua Benfica,,pdc_nao_realizado,2611606
Rua Benfica,,pdc_nao_realizado,2611606
,,pdc_nao_realizado,2611606
Praça do Derby,,pdc_nao_realizado,2611606
Praça do Derby,,pdc_nao_realizado,2611606
Praça do Derby,,pdc_nao_realizado,2611606
Avenida Doutor Severino Pinheiro,,pdc_nao_realizado,2611606
Rua Jener de Souza,,pdc_nao_realizado,2611606
Praça do Derby,,pdc_nao_realizado,2611606
Praça do Derby,,pdc_nao_realizado,2611606
Avenida Guararapes,,pdc_nao_realizado,2611606
Ponte Conde Maurício de Nassau,,pdc_realizado_designado,2611606
Avenida Dantas Barreto,,pdc_nao_realizado,2611606
Rua Primeiro de Março,,pdc_realizado_designado,2611606
Avenida Governador Carlos de Lima Cavalcanti,,pdc_nao_realizado,2611606
Avenida Governador Carlos de Lima Cavalcanti,,pdc_nao_realizado,2611606
Avenida Governador Carlos de Lima Cavalcanti,,pdc_nao_realizado,2611606
Avenida Governador Carlos de Lima Cavalcanti,,pdc_nao_realizado,2611606
Avenida Guararapes,,pdc_nao_realizado,2611606
Avenida Conde da Boa Vista,,pdc_nao_realizado,2611606
Avenida Conde da Boa Vista,,pdc_nao_realizado,2611606
Avenida Governador Carlos de Lima Cavalcanti,,pdc_nao_realizado,2611606
Avenida Governador Carlos de Lima Cavalcanti,,pdc_nao_realizado,2611606
Avenida Governador Carlos de Lima Cavalcanti,,pdc_nao_realizado,2611606
Avenida Guararapes,,pdc_nao_realizado,2611606
Avenida Governador Carlos de Lima Cavalcanti,,pdc_nao_realizado,2611606
Avenida Governador Carlos de Lima Cavalcanti,,pdc_nao_realizado,2611606
Avenida Governador Carlos de Lima Cavalcanti,,pdc_nao_realizado,2611606
Avenida Conde da Boa Vista,,pdc_nao_realizado,2611606
Avenida Conde da Boa Vista,,pdc_nao_realizado,2611606
Avenida Conde da Boa Vista,,pdc_nao_realizado,2611606
Avenida Conde da Boa Vista,,pdc_nao_realizado,2611606
Avenida Conde da Boa Vista,,pdc_nao_realizado,2611606
Avenida Conde da Boa Vista,,pdc_nao_realizado,2611606
Avenida Guararapes,,pdc_nao_realizado,2611606
Ponte Conde Maurício de Nassau,,pdc_realizado_designado,2611606
Ponte Duarte Coelho,,pdc_nao_realizado,2611606
Ponte Duarte Coelho,,pdc_nao_realizado,2611606
Avenida Conde da Boa Vista,,pdc_nao_realizado,2611606
Rua Primeiro de Março,,pdc_realizado_designado,2611606
Avenida Guararapes,,pdc_nao_realizado,2611606
Avenida Guararapes,,pdc_nao_realizado,2611606
Ponte Duarte Coelho,,pdc_nao_realizado,2611606
Avenida Conde da Boa Vista,,pdc_nao_realizado,2611606
Avenida Conde da Boa Vista,,pdc_nao_realizado,2611606
Avenida Conde da Boa Vista,,pdc_nao_realizado,2611606
Avenida Conde da Boa Vista,,pdc_nao_realizado,2611606
Avenida Conde da Boa Vista,,pdc_nao_realizado,2611606
Avenida Conde da Boa Vista,,pdc_nao_realizado,2611606
Avenida Conde da Boa Vista,,pdc_nao_realizado,2611606
Avenida Conde da Boa Vista,,pdc_nao_realizado,2611606
Avenida Conde da Boa Vista,,pdc_nao_realizado,2611606
Avenida Conde da Boa Vista,,pdc_nao_realizado,2611606
Avenida Guararapes,,pdc_nao_realizado,2611606
Ponte Conde Maurício de Nassau,,pdc_realizado_designado,2611606
Avenida Conde da Boa Vista,,pdc_nao_realizado,2611606
Avenida Conde da Boa Vista,,pdc_nao_realizado,2611606
Avenida Guararapes,,pdc_nao_realizado,2611606
Avenida Guararapes,,pdc_nao_realizado,2611606
Avenida Governador Carlos de Lima Cavalcanti,,pdc_nao_realizado,2611606
Avenida Conde da Boa Vista,,pdc_nao_realizado,2611606
Avenida Guararapes,,pdc_nao_realizado,2611606
Rua São Gonçalo,,pdc_nao_realizado,2611606
Rua Gervásio Pires,,pdc_nao_realizado,2611606
Rua da Santa Cruz,,pdc_nao_realizado,2611606
Rua Coelho Leite,,pdc_realizado_designado,2611606
Rua Coelho Leite,,pdc_realizado_designado,2611606
Rua Coelho Leite,,pdc_realizado_designado,2611606
Rua Gervásio Pires,,pdc_nao_realizado,2611606
Rua Gervásio Pires,,pdc_nao_realizado,2611606
Rua Gervásio Pires,,pdc_nao_realizado,2611606
Rua São Gonçalo,,pdc_nao_realizado,2611606
Rua Coelho Leite,,pdc_nao_realizado,2611606
Rua Gervásio Pires,,pdc_nao_realizado,2611606
Rua da Santa Cruz,,pdc_nao_realizado,2611606
Rua São Gonçalo,,pdc_nao_realizado,2611606
Rua São Gonçalo,,pdc_nao_realizado,2611606
Rua Gervásio Pires,,pdc_nao_realizado,2611606
Rua Coelho Leite,,pdc_nao_realizado,2611606
Rua da Santa Cruz,,pdc_nao_realizado,2611606
Rua Gervásio Pires,,pdc_nao_realizado,2611606
Rua da Aurora,,pdc_realizado_designado,2611606
Rua Doutor José Mariano,,pdc_realizado_designado,2611606
Rua da Aurora,,pdc_realizado_designado,2611606
Rua da Aurora,,pdc_realizado_designado,2611606
Rua Artur Lima Cavalcante,,pdc_nao_realizado,2611606
Rua da Aurora,,pdc_nao_realizado,2611606
Rua Doutor José Mariano,,pdc_realizado_designado,2611606
Rua da Aurora,,pdc_realizado_designado,2611606
Rua Doutor José Mariano,,pdc_realizado_designado,2611606
Rua da Aurora,,pdc_realizado_designado,2611606
Rua da Aurora,,pdc_nao_realizado,2611606
Rua Doutor José Mariano,,pdc_realizado_designado,2611606
Rua da Aurora,,pdc_nao_realizado,2611606
Rua da Aurora,,pdc_realizado_designado,2611606
Rua da Aurora,,pdc_realizado_designado,2611606
Cais da Alfândega,,pdc_nao_realizado,2611606
Avenida Sul,,pdc_nao_realizado,2611606
Ponte Doze de Setembro,,pdc_nao_realizado,2611606
Ponte Doze de Setembro,,pdc_nao_realizado,2611606
Avenida Sul,,pdc_nao_realizado,2611606
Rua Engenheiro José Estelita,,pdc_nao_realizado,2611606
Rua Engenheiro José Estelita,,pdc_nao_realizado,2611606
Avenida Sul,,pdc_nao_realizado,2611606
Avenida Saturnino de Brito,,pdc_nao_realizado,2611606
,,pdc_nao_realizado,2611606
Cais do Apolo,,pdc_nao_realizado,2611606
Cais da Alfândega,,pdc_nao_realizado,2611606
,,pdc_nao_realizado,2611606
Avenida Sul,,pdc_nao_realizado,2611606
Rua Engenheiro José Estelita,,pdc_nao_realizado,2611606
Rua Engenheiro José Estelita,,pdc_nao_realizado,2611606
Avenida Sul,,pdc_nao_realizado,2611606
Avenida Sul,,pdc_nao_realizado,2611606
Rua Madre de Deus,,pdc_nao_realizado,2611606
Cais da Alfândega,,pdc_nao_realizado,2611606
Avenida Sul,,pdc_nao_realizado,2611606
Rua Engenheiro José Estelita,,pdc_nao_realizado,2611606
Rua Engenheiro José Estelita,,pdc_nao_realizado,2611606
Avenida Sul,,pdc_nao_realizado,2611606
Avenida Sul,,pdc_nao_realizado,2611606
Avenida Sul,,pdc_nao_realizado,2611606
Avenida Sul,,pdc_nao_realizado,2611606
Avenida Sul,,pdc_nao_realizado,2611606
Rua Engenheiro José Estelita,,pdc_nao_realizado,2611606
Rua Engenheiro José Estelita,,pdc_nao_realizado,2611606
Rua Engenheiro José Estelita,,pdc_nao_realizado,2611606
Cais do Apolo,,pdc_nao_realizado,2611606
Cais da Alfândega,,pdc_nao_realizado,2611606
Avenida Sul,,pdc_nao_realizado,2611606
Avenida Beira Rio,,pdc_realizado_designado,2611606
Rua Engenheiro José Estelita,,pdc_nao_realizado,2611606
Avenida Sul,,pdc_nao_realizado,2611606
Avenida Sul,,pdc_nao_realizado,2611606
Avenida Sul,,pdc_nao_realizado,2611606
Ponte Gregório Bezerra,,pdc_realizado_designado,2611606
Avenida Beira Rio,,pdc_realizado_designado,2611606
Avenida Desembargador Guerra Barreto,,pdc_realizado_designado,2611606
Avenida Desembargador Guerra Barreto,,pdc_realizado_designado,2611606
Avenida Beira Rio,,pdc_realizado_designado,2611606
Rua Benfica,,pdc_nao_realizado,2611606
,,pdc_nao_realizado,2611606
Túnel Chico Science,,pdc_realizado_designado,2611606
Rua Benfica,,pdc_nao_realizado,2611606
Rua Benfica,,pdc_nao_realizado,2611606
Avenida Desembargador Guerra Barreto,,pdc_realizado_designado,2611606
Avenida Desembargador Guerra Barreto,,pdc_realizado_designado,2611606
Avenida Desembargador Guerra Barreto,,pdc_realizado_designado,2611606
Avenida Desembargador Guerra Barreto,,pdc_realizado_designado,2611606
Túnel Chico Science,,pdc_realizado_designado,2611606
Avenida Desembargador Guerra Barreto,,pdc_nao_realizado,2611606
Avenida Beira Rio,,pdc_realizado_designado,2611606
Avenida Beira Rio,,pdc_realizado_designado,2611606
Ciclovia de Joana Bezerra,,pdc_realizado_designado,2611606
Avenida Desembargador Guerra Barreto,,pdc_realizado_designado,2611606
Avenida Agostinho Gomes,,pdc_nao_realizado,2611606
Avenida Rio Capibaribe,,pdc_nao_realizado,2611606
Avenida Agostinho Gomes,,pdc_nao_realizado,2611606
Avenida Central,,pdc_nao_realizado,2611606
Avenida Agostinho Gomes,,pdc_nao_realizado,2611606
Avenida Central,,pdc_nao_realizado,2611606
Cais da Detenção,,pdc_nao_realizado,2611606
Viaduto Joaquim Cardoso,,pdc_nao_realizado,2611606
Avenida Agostinho Gomes,,pdc_realizado_designado,2611606
Avenida Agostinho Gomes,,pdc_nao_realizado,2611606
Avenida Central,,pdc_nao_realizado,2611606
Avenida Central,,pdc_realizado_designado,2611606
Avenida Central,,pdc_realizado_designado,2611606
Rua Floriano Peixoto,,pdc_realizado_designado,2611606
Avenida Agostinho Gomes,,pdc_nao_realizado,2611606
Avenida Agostinho Gomes,,pdc_realizado_designado,2611606
Avenida Agostinho Gomes,,pdc_nao_realizado,2611606
Avenida Central,,pdc_realizado_designado,2611606
Avenida Central,,pdc_nao_realizado,2611606
Avenida Agostinho Gomes,,pdc_realizado_designado,2611606
Avenida Agostinho Gomes,,pdc_nao_realizado,2611606
Avenida Agostinho Gomes,,pdc_realizado_designado,2611606
Avenida Central,,pdc_nao_realizado,2611606
Avenida Central,,pdc_realizado_designado,2611606
Avenida Engenheiro Antônio de Góes,,pdc_nao_realizado,2611606
Avenida Engenheiro Antônio de Góes,,pdc_nao_realizado,2611606
Ponte Engenheiro Antônio de Góes,,pdc_nao_realizado,2611606
Avenida Engenheiro Antônio de Góes,,pdc_nao_realizado,2611606
Avenida Boa Viagem,,pdc_nao_realizado,2611606
Ponte Engenheiro Antônio de Góes,,pdc_nao_realizado,2611606
Ponte Engenheiro Antônio de Góes,,pdc_nao_realizado,2611606
Avenida Engenheiro Antônio de Góes,,pdc_nao_realizado,2611606
,,pdc_nao_realizado,2611606
Rua Engenheiro José Estelita,,pdc_nao_realizado,2611606
Avenida Boa Viagem,,pdc_nao_realizado,2611606
Avenida Engenheiro Antônio de Góes,,pdc_nao_realizado,2611606
Avenida Engenheiro Antônio de Góes,,pdc_nao_realizado,2611606
Ponte Engenheiro Antônio de Góes,,pdc_nao_realizado,2611606
Avenida Engenheiro Antônio de Góes,,pdc_nao_realizado,2611606
Avenida Boa Viagem,,pdc_nao_realizado,2611606
Avenida Brasília Formosa,,pdc_realizado_designado,2611606
Rua Carvalho de Mendonça,,pdc_nao_realizado,2611606
Avenida Brasília Formosa,,pdc_realizado_designado,2611606
,,pdc_nao_realizado,2611606
Avenida Brasília Formosa,,pdc_nao_realizado,2611606
Avenida Brasília Formosa,,pdc_realizado_designado,2611606
Dique do Recife,,pdc_nao_realizado,2611606
Dique do Recife,,pdc_nao_realizado,2611606
Rua Nicolau Pereira,,pdc_nao_realizado,2611606
Avenida Brasília Formosa,,pdc_nao_realizado,2611606
Dique do Recife,,pdc_nao_realizado,2611606
Rua do Jaú,,pdc_realizado_designado,2611606
Rua Comendador Morais,,pdc_realizado_designado,2611606
Rua Marechal Hermes,,pdc_realizado_designado,2611606
Avenida Brasília Formosa,,pdc_realizado_designado,2611606
Rua Vinte e Um de Abril,,pdc_nao_realizado,2611606
Rua Vinte e Um de Abril,,pdc_realizado_designado,2611606
Avenida Central,,pdc_nao_realizado,2611606
Avenida Central,,pdc_nao_realizado,2611606
,,pdc_nao_realizado,2611606
,,pdc_nao_realizado,2611606
Rua Francisco Alves,,pdc_nao_realizado,2611606
Rua Bezerra da Palma,,pdc_nao_realizado,2611606
Ciclovia Agamenon Magalhães,,pdc_realizado_designado,2611606
Ciclovia Agamenon Magalhães,,pdc_realizado_designado,2611606
Ciclovia Agamenon Magalhães,,pdc_realizado_designado,2611606
Estrada do Bongi,,pdc_nao_realizado,2611606
Estrada do Bongi,,pdc_nao_realizado,2611606
Estrada do Bongi,,pdc_nao_realizado,2611606
Estrada do Bongi,,pdc_realizado_designado,2611606
Estrada do Bongi,,pdc_realizado_designado,2611606
Estrada do Bongi,,pdc_nao_realizado,2611606
Rua Dom Bosco,,pdc_nao_realizado,2611606
Rua Dom Bosco,,pdc_nao_realizado,2611606
Rua Dom Bosco,,pdc_nao_realizado,2611606
Rua Dom Bosco,,pdc_nao_realizado,2611606
Rua Dom Bosco,,pdc_nao_realizado,2611606
Rua Dom Bosco,,pdc_nao_realizado,2611606
Rua Dom Bosco,,pdc_nao_realizado,2611606
Rua Dom Bosco,,pdc_nao_realizado,2611606
Rua Dom Bosco,,pdc_nao_realizado,2611606
Rua Dom Bosco,,pdc_nao_realizado,2611606
Rua Doutor José Mariano,,pdc_nao_realizado,2611606
Avenida Governador Agamenon Magalhães,,pdc_nao_realizado,2611606
Rua dos Coelhos,,pdc_nao_realizado,2611606
,,pdc_nao_realizado,2611606
Rua Francisco Alves,,pdc_nao_realizado,2611606
Rua Francisco Alves,,pdc_nao_realizado,2611606
Rua dos Coelhos,,pdc_nao_realizado,2611606
Rua Francisco Alves,,pdc_realizado_designado,2611606
Avenida Governador Agamenon Magalhães,,pdc_nao_realizado,2611606
,,pdc_nao_realizado,2611606
Acesso Boa Viagem,,pdc_nao_realizado,2611606
Rua dos Coelhos,,pdc_nao_realizado,2611606
Rua Francisco Alves,,pdc_nao_realizado,2611606
Rua Francisco Alves,,pdc_nao_realizado,2611606
Rua Francisco Alves,,pdc_nao_realizado,2611606
Rua Francisco Alves,,pdc_nao_realizado,2611606
,,pdc_nao_realizado,2611606
Rua Francisco Alves,,pdc_realizado_designado,2611606
Rua dos Coelhos,,pdc_nao_realizado,2611606
Rua dos Coelhos,,pdc_nao_realizado,2611606
Rua Doutor José Mariano,,pdc_nao_realizado,2611606
Rua Francisco Alves,,pdc_nao_realizado,2611606
,,pdc_nao_realizado,2611606
Rua General Joaquim Ignácio,,pdc_nao_realizado,2611606
Rua General Joaquim Ignácio,,pdc_nao_realizado,2611606
Rua General Joaquim Ignácio,,pdc_nao_realizado,2611606
Travessa do Forte,,pdc_nao_realizado,2611606
Rua São João,,pdc_nao_realizado,2611606
Rua São João,,pdc_nao_realizado,2611606
Rua São João,,pdc_nao_realizado,2611606
Rua São João,,pdc_nao_realizado,2611606
Travessa do Forte,,pdc_nao_realizado,2611606
Rua São João,,pdc_nao_realizado,2611606
Rua São João,,pdc_nao_realizado,2611606
Travessa do Forte,,pdc_nao_realizado,2611606
Travessa do Forte,,pdc_nao_realizado,2611606
Travessa do Forte,,pdc_nao_realizado,2611606
Rua São João,,pdc_nao_realizado,2611606
Rua São João,,pdc_nao_realizado,2611606
Ponte Princesa Isabel,,pdc_nao_realizado,2611606
Praça da República,,pdc_nao_realizado,2611606
Praça da República,,pdc_nao_realizado,2611606
Ponte Buarque de Macedo,,pdc_realizado_designado,2611606
Ponte Buarque de Macedo,,pdc_realizado_designado,2611606
Ponte Princesa Isabel,,pdc_realizado_designado,2611606
Ponte Princesa Isabel,,pdc_nao_realizado,2611606
Ponte Buarque de Macedo,,pdc_realizado_designado,2611606
Praça da República,,pdc_realizado_designado,2611606
Praça da República,,pdc_realizado_designado,2611606
Ponte Princesa Isabel,,pdc_nao_realizado,2611606
Praça da República,,pdc_nao_realizado,2611606
Ponte Buarque de Macedo,,pdc_realizado_designado,2611606
Rua do Sol,,pdc_nao_realizado,2611606
Rua do Sol,,pdc_nao_realizado,2611606
Rua do Sol,,pdc_nao_realizado,2611606
Rua do Sol,,pdc_nao_realizado,2611606
Rua do Sol,,pdc_nao_realizado,2611606
Rua do Sol,,pdc_nao_realizado,2611606
Rua do Sol,,pdc_nao_realizado,2611606
Rua do Sol,,pdc_nao_realizado,2611606
Rua do Sol,,pdc_nao_realizado,2611606
Rua do Sol,,pdc_nao_realizado,2611606
Rua do Sol,,pdc_nao_realizado,2611606
Rua do Sol,,pdc_nao_realizado,2611606
Avenida Martins de Barros,,pdc_nao_realizado,2611606
Avenida Martins de Barros,,pdc_nao_realizado,2611606
Rua Padre Roma,,pdc_nao_realizado,2611606
Avenida Martins de Barros,,pdc_nao_realizado,2611606
Avenida Martins de Barros,,pdc_nao_realizado,2611606
Avenida Martins de Barros,,pdc_nao_realizado,2611606
Avenida Martins de Barros,,pdc_nao_realizado,2611606
Avenida Martins de Barros,,pdc_nao_realizado,2611606
Ciclovia da Arena de Pernambuco,,pdc_realizado_designado,2613701
Rua Arapongas,,pdc_nao_realizado,2611606
Ramal da Copa,,pdc_nao_realizado,2611606
Ramal da Copa,,pdc_nao_realizado,2611606
Avenida Deus é Fiel,,pdc_nao_realizado,2611606
Ramal Arena Pernambuco,,pdc_realizado_designado,2603454
Ramal Arena Pernambuco,,pdc_nao_realizado,2603454
Ramal da Copa,,pdc_nao_realizado,2611606
Ciclovia da Arena de Pernambuco,,pdc_realizado_designado,2613701
Ciclovia da Arena de Pernambuco,,pdc_realizado_designado,2613701
Ciclovia da Arena de Pernambuco,,pdc_realizado_designado,2613701
Ciclovia da Arena de Pernambuco,,pdc_realizado_designado,2613701
Avenida Deus é Fiel,,pdc_nao_realizado,2613701
Ramal da Copa,,pdc_nao_realizado,2611606
,,pdc_nao_realizado,2611606
Rua Bernardim Ribeiro,,pdc_nao_realizado,2611606
Rua Bernardim Ribeiro,,pdc_nao_realizado,2611606
Rua Bernardim Ribeiro,,pdc_nao_realizado,2611606
Rua Tomaz Ferreira,,pdc_nao_realizado,2611606
Rua Tomaz Ferreira,,pdc_nao_realizado,2611606
,,pdc_nao_realizado,2611606
Rua Tomaz Ferreira,,pdc_nao_realizado,2611606
Rua Tomaz Ferreira,,pdc_nao_realizado,2611606
Rua Bernardim Ribeiro,,pdc_nao_realizado,2611606
Rua Tomaz Ferreira,,pdc_nao_realizado,2611606
Rua Tomaz Ferreira,,pdc_nao_realizado,2611606
Rua Bernardim Ribeiro,,pdc_nao_realizado,2611606
,,pdc_nao_realizado,2611606
,,pdc_nao_realizado,2611606
Rua General Polidoro,,pdc_realizado_designado,2611606
Rua General Polidoro,,pdc_nao_realizado,2611606
Rua General Polidoro,,pdc_nao_realizado,2611606
Rua Padre Roma,,pdc_nao_realizado,2611606
Rua Sebastião Alves,,pdc_realizado_designado,2611606
Rua Sebastião Alves,,pdc_nao_realizado,2611606
Rua Padre Roma,,pdc_realizado_designado,2611606
Rua Padre Roma,,pdc_realizado_designado,2611606
Avenida Dezessete de Agosto,,pdc_nao_realizado,2611606
Rua Padre Roma,,pdc_realizado_designado,2611606
Estrada do Encanamento,,pdc_realizado_designado,2611606
Estrada do Encanamento,,pdc_realizado_designado,2611606
Estrada do Encanamento,,pdc_realizado_designado,2611606
Rua Padre Roma,,pdc_realizado_designado,2611606
Estrada do Encanamento,,pdc_realizado_designado,2611606
Estrada do Encanamento,,pdc_realizado_designado,2611606
Rua Sebastião Alves,,pdc_nao_realizado,2611606
Rua Sebastião Alves,,pdc_realizado_designado,2611606
Rua Albino Meira,,pdc_realizado_designado,2611606
Estrada do Encanamento,,pdc_nao_realizado,2611606
Estrada do Arraial,,pdc_realizado_designado,2611606
Estrada do Arraial,,pdc_realizado_designado,2611606
Estrada do Arraial,,pdc_realizado_designado,2611606
Estrada do Arraial,,pdc_realizado_designado,2611606
Estrada do Arraial,,pdc_realizado_designado,2611606
Estrada do Arraial,,pdc_realizado_designado,2611606
Estrada do Arraial,,pdc_realizado_designado,2611606
Estrada do Arraial,,pdc_realizado_designado,2611606
Estrada do Arraial,,pdc_realizado_designado,2611606
Estrada do Arraial,,pdc_realizado_designado,2611606
Avenida Norte Miguel Arraes de Alencar,,pdc_nao_realizado,2611606
Avenida Norte Miguel Arraes de Alencar,,pdc_nao_realizado,2611606
Avenida Norte Miguel Arraes de Alencar,,pdc_nao_realizado,2611606
Avenida Norte Miguel Arraes de Alencar,,pdc_nao_realizado,2611606
Avenida Norte Miguel Arraes de Alencar,,pdc_nao_realizado,2611606
,,pdc_nao_realizado,2611606
Avenida Norte Miguel Arraes de Alencar,,pdc_nao_realizado,2611606
Avenida Norte Miguel Arraes de Alencar,,pdc_nao_realizado,2611606
Avenida Norte Miguel Arraes de Alencar,,pdc_nao_realizado,2611606
,,pdc_nao_realizado,2611606
,,pdc_nao_realizado,2611606
,,pdc_nao_realizado,2611606
,,pdc_nao_realizado,2611606
Avenida Norte Miguel Arraes de Alencar,,pdc_nao_realizado,2611606
Avenida Norte Miguel Arraes de Alencar,,pdc_nao_realizado,2611606
Avenida Norte Miguel Arraes de Alencar,,pdc_nao_realizado,2611606
Avenida Norte Miguel Arraes de Alencar,,pdc_nao_realizado,2611606
Avenida Norte Miguel Arraes de Alencar,,pdc_nao_realizado,2611606
Avenida Norte Miguel Arraes de Alencar,,pdc_nao_realizado,2611606
Avenida Norte Miguel Arraes de Alencar,,pdc_nao_realizado,2611606
Avenida Norte Miguel Arraes de Alencar,,pdc_nao_realizado,2611606
Avenida Norte Miguel Arraes de Alencar,,pdc_nao_realizado,2611606
Avenida Norte Miguel Arraes de Alencar,,pdc_nao_realizado,2611606
Avenida Norte Miguel Arraes de Alencar,,pdc_nao_realizado,2611606
Avenida Norte Miguel Arraes de Alencar,,pdc_nao_realizado,2611606
Avenida Norte Miguel Arraes de Alencar,,pdc_nao_realizado,2611606
Avenida Norte Miguel Arraes de Alencar,,pdc_nao_realizado,2611606
Avenida Norte Miguel Arraes de Alencar,,pdc_nao_realizado,2611606
Avenida Norte Miguel Arraes de Alencar,,pdc_nao_realizado,2611606
Avenida Norte Miguel Arraes de Alencar,,pdc_nao_realizado,2611606
Avenida Norte Miguel Arraes de Alencar,,pdc_nao_realizado,2611606
Avenida Norte Miguel Arraes de Alencar,,pdc_nao_realizado,2611606
Avenida Norte Miguel Arraes de Alencar,,pdc_nao_realizado,2611606
Avenida Norte Miguel Arraes de Alencar,,pdc_nao_realizado,2611606
Avenida Norte Miguel Arraes de Alencar,,pdc_nao_realizado,2611606
Avenida Norte Miguel Arraes de Alencar,,pdc_nao_realizado,2611606
Avenida Norte Miguel Arraes de Alencar,,pdc_nao_realizado,2611606
Avenida Norte Miguel Arraes de Alencar,,pdc_nao_realizado,2611606
Avenida Norte Miguel Arraes de Alencar,,pdc_nao_realizado,2611606
Avenida Norte Miguel Arraes de Alencar,,pdc_nao_realizado,2611606
Avenida Norte Miguel Arraes de Alencar,,pdc_nao_realizado,2611606
Avenida Norte Miguel Arraes de Alencar,,pdc_nao_realizado,2611606
Avenida Norte Miguel Arraes de Alencar,,pdc_nao_realizado,2611606
Avenida Norte Miguel Arraes de Alencar,,pdc_nao_realizado,2611606
Avenida da Recuperação,,pdc_nao_realizado,2611606
Avenida Norte Miguel Arraes de Alencar,,pdc_nao_realizado,2611606
Avenida Norte Miguel Arraes de Alencar,,pdc_nao_realizado,2611606
Avenida Norte Miguel Arraes de Alencar,,pdc_nao_realizado,2611606
Avenida Norte Miguel Arraes de Alencar,,pdc_nao_realizado,2611606
Rua das Flores,,pdc_nao_realizado,2611606
,,pdc_nao_realizado,2611606
Avenida Norte Miguel Arraes de Alencar,,pdc_nao_realizado,2611606
Avenida Norte Miguel Arraes de Alencar,,pdc_nao_realizado,2611606
Avenida Norte Miguel Arraes de Alencar,,pdc_nao_realizado,2611606
Avenida Norte Miguel Arraes de Alencar,,pdc_nao_realizado,2611606
,,pdc_nao_realizado,2611606
,,pdc_nao_realizado,2611606
,,pdc_nao_realizado,2611606
Avenida Norte Miguel Arraes de Alencar,,pdc_nao_realizado,2611606
Avenida Norte Miguel Arraes de Alencar,,pdc_nao_realizado,2611606
,,pdc_nao_realizado,2611606
Avenida Norte Miguel Arraes de Alencar,,pdc_nao_realizado,2611606
Avenida Norte Miguel Arraes de Alencar,,pdc_nao_realizado,2611606
Avenida Norte Miguel Arraes de Alencar,,pdc_nao_realizado,2611606
Avenida Norte Miguel Arraes de Alencar,,pdc_nao_realizado,2611606
Avenida Norte Miguel Arraes de Alencar,,pdc_nao_realizado,2611606
,,pdc_nao_realizado,2611606
Avenida Norte Miguel Arraes de Alencar,,pdc_nao_realizado,2611606
Avenida Norte Miguel Arraes de Alencar,,pdc_nao_realizado,2611606
Avenida Norte Miguel Arraes de Alencar,,pdc_nao_realizado,2611606
Avenida Norte Miguel Arraes de Alencar,,pdc_nao_realizado,2611606
Avenida Norte Miguel Arraes de Alencar,,pdc_nao_realizado,2611606
Avenida Norte Miguel Arraes de Alencar,,pdc_nao_realizado,2611606
Rua São Francisco de Paula,,pdc_nao_realizado,2611606
Avenida Norte Miguel Arraes de Alencar,,pdc_nao_realizado,2611606
Avenida Norte Miguel Arraes de Alencar,,pdc_nao_realizado,2611606
Avenida Norte Miguel Arraes de Alencar,,pdc_nao_realizado,2611606
Avenida Norte Miguel Arraes de Alencar,,pdc_nao_realizado,2611606
Avenida Norte Miguel Arraes de Alencar,,pdc_nao_realizado,2611606
Avenida Norte Miguel Arraes de Alencar,,pdc_nao_realizado,2611606
Rua Almirante João Pascoe,,pdc_nao_realizado,2611606
Rua Doutor Sebastião de Souza,,pdc_nao_realizado,2611606
Rua Sucupira,,pdc_nao_realizado,2611606
Rua São Francisco de Paula,,pdc_nao_realizado,2611606
Rua São Francisco de Paula,,pdc_nao_realizado,2611606
,,pdc_nao_realizado,2611606
,,pdc_nao_realizado,2611606
Rua Aristônico Oliveira,,pdc_nao_realizado,2611606
Beco Três,,pdc_nao_realizado,2611606
,,pdc_nao_realizado,2611606
,,pdc_nao_realizado,2611606
Rua Pão de Açúcar,,pdc_nao_realizado,2611606
,,pdc_nao_realizado,2611606
,,pdc_nao_realizado,2611606
Rua Sete,,pdc_nao_realizado,2611606
,,pdc_nao_realizado,2611606
Rua Angico,,pdc_nao_realizado,2611606
Rua Engenho Poeta,,pdc_nao_realizado,2611606
,,pdc_nao_realizado,2611606
,,pdc_nao_realizado,2611606
Beco de Favela,,pdc_nao_realizado,2611606
Estrada do Barbalho,,pdc_realizado_designado,2611606
Rua Dezenove de Abril,,pdc_nao_realizado,2611606
Rua São Mateus,,pdc_realizado_designado,2611606
Rua São Mateus,,pdc_nao_realizado,2611606
Rua São Mateus,,pdc_nao_realizado,2611606
Rua São Mateus,,pdc_nao_realizado,2611606
Ponte da Salvação,,pdc_nao_realizado,2611606
Beco de Favela,,pdc_nao_realizado,2611606
Rua São Mateus,,pdc_nao_realizado,2611606
Estrada do Barbalho,,pdc_nao_realizado,2611606
Estrada do Barbalho,,pdc_realizado_designado,2611606
,,pdc_nao_realizado,2611606
Estrada do Barbalho,,pdc_nao_realizado,2611606
Rua São Mateus,,pdc_nao_realizado,2611606
Rua Dezenove de Abril,,pdc_nao_realizado,2611606
Avenida Beira Rio,,pdc_nao_realizado,2611606
Rua Fernando Fink Filho,,pdc_realizado_designado,2611606
Rua Fernando Fink Filho,,pdc_realizado_designado,2611606
Rua Fernando Fink Filho,,pdc_realizado_designado,2611606
Rua Pao de Acucar,,pdc_nao_realizado,2611606
Rua Cantora Clara Nunes,,pdc_nao_realizado,2611606
Rua Doutor José Marcionilo de Barros Lins,,pdc_nao_realizado,2611606
Rua Itapiranga,,pdc_nao_realizado,2611606
Rua Professora Ângela Pinto,,pdc_nao_realizado,2611606
Avenida Beira Rio,,pdc_nao_realizado,2611606
Rua Adélia,,pdc_nao_realizado,2611606
Rua Fernando Cavalheira,,pdc_nao_realizado,2611606
Avenida Beira Rio,,pdc_realizado_designado,2611606
Rua Palmital,,pdc_nao_realizado,2611606
Rua Palmital,,pdc_nao_realizado,2611606
Parque do Caiara,,pdc_nao_realizado,2611606
Rua Pão de Açúcar,,pdc_nao_realizado,2611606
Ciclovia República da Argélia,,pdc_nao_realizado,2611606
Ciclovia República da Argélia,,pdc_nao_realizado,2611606
Ciclovia República da Argélia,,pdc_nao_realizado,2611606
Ciclovia República da Argélia,,pdc_nao_realizado,2611606
,,pdc_nao_realizado,2611606
,,pdc_nao_realizado,2611606
Avenida Beira Rio,,pdc_realizado_designado,2611606
Avenida Beira Rio,,pdc_realizado_designado,2611606
Rua Fernando Cavalheira,,pdc_nao_realizado,2611606
Rua Fernando Cavalheira,,pdc_nao_realizado,2611606
,,pdc_nao_realizado,2611606
Rua Fernando Cavalheira,,pdc_nao_realizado,2611606
Rua Frei Jaboatão,,pdc_nao_realizado,2611606
,,pdc_nao_realizado,2611606
Rua José Bonifacio,,pdc_nao_realizado,2611606
Rua Souza Bandeira,,pdc_nao_realizado,2611606
,,pdc_nao_realizado,2611606
,,pdc_nao_realizado,2611606
R. Maria de Fátima Soares,,pdc_nao_realizado,2611606
Rua Leonardo Bezerra Cavalcanti,,pdc_nao_realizado,2611606
Rua Doutor Saulo Suassuna,,pdc_nao_realizado,2611606
Rua Afonso Albuquerque de Melo,,pdc_nao_realizado,2611606
Rua Astério Rufino Alves,,pdc_nao_realizado,2611606
Rua de Santana,,pdc_nao_realizado,2611606
Rua Poxoréu,,pdc_nao_realizado,2611606
Rua Leonardo Bezerra Cavalcanti,,pdc_nao_realizado,2611606
Rua Astério Rufino Alves,,pdc_nao_realizado,2611606
Rua Doutor Saulo Suassuna,,pdc_nao_realizado,2611606
Rua Engenheiro Jair Furtado Meirelles,,pdc_nao_realizado,2611606
Rua Leonardo Bezerra Cavalcanti,,pdc_nao_realizado,2611606
Rua Acadêmico Hélio Ramos,,pdc_realizado_designado,2611606
Avenida Presidente Kennedy,,pdc_nao_realizado,2609600
Avenida Professor Artur de Sá,,pdc_realizado_designado,2611606
Avenida Professor Artur de Sá,,pdc_realizado_designado,2611606
Rua Acadêmico Hélio Ramos,,pdc_realizado_designado,2611606
Rua Acadêmico Hélio Ramos,,pdc_realizado_designado,2611606
Rua Acadêmico Hélio Ramos,,pdc_realizado_designado,2611606
Avenida Professor Artur de Sá,,pdc_realizado_designado,2611606
Avenida Professor Artur de Sá,,pdc_realizado_designado,2611606
Avenida Professor Artur de Sá,,pdc_realizado_designado,2611606
Avenida Professor Artur de Sá,,pdc_realizado_designado,2611606
Avenida Professor Artur de Sá,,pdc_realizado_designado,2611606
Avenida Professor Artur de Sá,,pdc_realizado_designado,2611606
Avenida Professor Artur de Sá,,pdc_realizado_designado,2611606
Avenida Mário Álvares Pereira de Lyra,,pdc_realizado_designado,2611606
Avenida Joaquim Ribeiro,,pdc_nao_realizado,2611606
Avenida Mário Álvares Pereira de Lyra,,pdc_realizado_designado,2611606
Avenida Mário Álvares Pereira de Lyra,,pdc_realizado_designado,2611606
Avenida Mário Álvares Pereira de Lyra,,pdc_nao_realizado,2611606
Avenida Joaquim Ribeiro,,pdc_nao_realizado,2611606
Avenida Doutor Belmino Correia,,pdc_nao_realizado,2603454
Avenida Joaquim Ribeiro,,pdc_nao_realizado,2611606
Avenida Joaquim Ribeiro,,pdc_nao_realizado,2611606
Avenida Joaquim Ribeiro,,pdc_nao_realizado,2611606
Avenida Joaquim Ribeiro,,pdc_nao_realizado,2611606
Avenida Joaquim Ribeiro,,pdc_nao_realizado,2611606
Avenida Doutor Belmino Correia,,pdc_nao_realizado,2611606
Avenida Doutor Belmino Correia,,pdc_nao_realizado,2603454
Avenida Dezessete de Agosto,,pdc_realizado_designado,2611606
Rua Dois Irmãos,,pdc_nao_realizado,2611606
Rua de Apipucos,,pdc_nao_realizado,2611606
Rua Dois Irmãos,,pdc_nao_realizado,2611606
Estrada do Passarinho,,pdc_nao_realizado,2609600
Rua de Apipucos,,pdc_nao_realizado,2611606
Rua de Apipucos,,pdc_nao_realizado,2611606
Rua de Apipucos,,pdc_nao_realizado,2611606
Rua de Apipucos,,pdc_nao_realizado,2611606
Rua Dois Irmãos,,pdc_nao_realizado,2611606
Rua de Apipucos,,pdc_nao_realizado,2611606
Rua Dois Irmãos,,pdc_nao_realizado,2611606
Rua Dois Irmãos,,pdc_nao_realizado,2611606
Rua Dois Irmãos,,pdc_nao_realizado,2611606
Rua Dois Irmãos,,pdc_nao_realizado,2611606
Rua Dois Irmãos,,pdc_nao_realizado,2611606
Rua Dois Irmãos,,pdc_nao_realizado,2611606
Rua Dois Irmãos,,pdc_nao_realizado,2611606
Rua Dois Irmãos,,pdc_nao_realizado,2611606
Avenida Dezessete de Agosto,,pdc_nao_realizado,2611606
Avenida Dezessete de Agosto,,pdc_nao_realizado,2611606
Avenida Dezessete de Agosto,,pdc_nao_realizado,2611606
Avenida Dezessete de Agosto,,pdc_nao_realizado,2611606
Avenida Dezessete de Agosto,,pdc_nao_realizado,2611606
Estrada do Passarinho,,pdc_nao_realizado,2609600
Avenida Dezessete de Agosto,,pdc_nao_realizado,2611606
Avenida Dezessete de Agosto,,pdc_realizado_designado,2611606
Avenida Dezessete de Agosto,,pdc_nao_realizado,2611606
Avenida Dezessete de Agosto,,pdc_nao_realizado,2611606
Avenida Dezessete de Agosto,,pdc_nao_realizado,2611606
Rua Paula Batista,,pdc_realizado_designado,2611606
Rua Paula Batista,,pdc_realizado_designado,2611606
Estrada das Ubaias,,pdc_realizado_designado,2611606
Estrada das Ubaias,,pdc_realizado_designado,2611606
Rua Paula Batista,,pdc_realizado_designado,2611606
Estrada do Passarinho,,pdc_nao_realizado,2609600
Avenida Leopoldino Canuto de Melo,,pdc_nao_realizado,2609600
Rua Conde de Irajá,,pdc_nao_realizado,2611606
Avenida da Recuperação,,pdc_nao_realizado,2611606
Estrada do Passarinho,,pdc_nao_realizado,2611606
Estrada do Passarinho,,pdc_nao_realizado,2611606
Avenida Leopoldino Canuto de Melo,,pdc_nao_realizado,2609600
Estrada do Passarinho,,pdc_nao_realizado,2609600
Rua Cônego Barata,,pdc_nao_realizado,2611606
Estrada do Passarinho,,pdc_nao_realizado,2609600
Avenida Leopoldino Canuto de Melo,,pdc_nao_realizado,2609600
Avenida Leopoldino Canuto de Melo,,pdc_nao_realizado,2609600
Avenida Leopoldino Canuto de Melo,,pdc_nao_realizado,2609600
Avenida Leopoldino Canuto de Melo,,pdc_nao_realizado,2609600
Estrada do Passarinho,,pdc_nao_realizado,2609600
Estrada do Passarinho,,pdc_nao_realizado,2611606
Estrada do Passarinho,,pdc_nao_realizado,2611606
Estrada do Passarinho,,pdc_nao_realizado,2609600
Rua Conselheiro Teodoro,,pdc_realizado_designado,2611606
Praça Professor Campelo Barreto,,pdc_realizado_designado,2611606
Rua Conselheiro Teodoro,,pdc_nao_realizado,2611606
Rua Conselheiro Teodoro,,pdc_realizado_designado,2611606
Rua Conselheiro Teodoro,,pdc_nao_realizado,2611606
Rua Conde de Irajá,,pdc_realizado_designado,2611606
Rua Conselheiro Teodoro,,pdc_nao_realizado,2611606
Rua Conselheiro Teodoro,,pdc_realizado_designado,2611606
Rua Conselheiro Teodoro,,pdc_nao_realizado,2611606
Rua Conde de Irajá,,pdc_nao_realizado,2611606
Avenida Beberibe,,pdc_nao_realizado,2611606
Avenida Beberibe,,pdc_nao_realizado,2611606
Avenida Beberibe,,pdc_nao_realizado,2611606
Avenida Beberibe,,pdc_realizado_designado,2611606
Avenida Beberibe,,pdc_nao_realizado,2611606
Rua Castro Alves,,pdc_nao_realizado,2611606
Avenida Beberibe,,pdc_nao_realizado,2611606
Avenida Beberibe,,pdc_nao_realizado,2611606
,,pdc_nao_realizado,2611606
Rua Castro Alves,,pdc_realizado_designado,2611606
Avenida Beberibe,,pdc_nao_realizado,2611606
Rua Castro Alves,,pdc_realizado_designado,2611606
Avenida Beberibe,,pdc_nao_realizado,2611606
,,pdc_nao_realizado,2606804
Rua Castro Alves,,pdc_realizado_designado,2611606
Rua Castro Alves,,pdc_realizado_designado,2611606
Avenida Beberibe,,pdc_realizado_designado,2611606
Avenida Beberibe,,pdc_nao_realizado,2611606
Avenida Beberibe,,pdc_nao_realizado,2611606
Avenida Beberibe,,pdc_nao_realizado,2611606
Rua Professora Aurora Soares,,pdc_nao_realizado,2611606
Rua Santa Sofia,,pdc_nao_realizado,2600054
Rua José Bonifácio,,pdc_nao_realizado,2611606
Rua João Tude de Melo,,pdc_nao_realizado,2611606
Rua João Tude de Melo,,pdc_nao_realizado,2611606
Rua José Bonifácio,,pdc_nao_realizado,2611606
Rua José Bonifácio,,pdc_nao_realizado,2611606
Estrada Velha de Água Fria,,pdc_nao_realizado,2611606
Rua Padre Roma,,pdc_nao_realizado,2611606
Rua Tito Rosas,,pdc_nao_realizado,2611606
Rua Cônego Barata,,pdc_nao_realizado,2611606
Rua Sebastião Malta Arcoverde,,pdc_nao_realizado,2611606
Rua Cônego Barata,,pdc_nao_realizado,2611606
Rua Padre Roma,,pdc_nao_realizado,2611606
Rua João Tude de Melo,,pdc_nao_realizado,2611606
Praça Manoel Markman,,pdc_nao_realizado,2611606
Rua Cônego Barata,,pdc_nao_realizado,2611606
Rua Padre Roma,,pdc_nao_realizado,2611606
Rua José Bonifácio,,pdc_nao_realizado,2611606
Rua José Bonifácio,,pdc_nao_realizado,2611606
Rua José Bonifácio,,pdc_nao_realizado,2611606
Estrada Velha de Água Fria,,pdc_nao_realizado,2611606
Rua Padre Roma,,pdc_nao_realizado,2611606
Estrada Velha de Água Fria,,pdc_nao_realizado,2611606
Rua José Bonifácio,,pdc_nao_realizado,2611606
Rua Sebastião Malta Arcoverde,,pdc_nao_realizado,2611606
Rua Sebastião Malta Arcoverde,,pdc_nao_realizado,2611606
Rua Sebastião Malta Arcoverde,,pdc_nao_realizado,2611606
Rua João Tude de Melo,,pdc_nao_realizado,2611606
Estrada Velha de Água Fria,,pdc_nao_realizado,2611606
Rua Desenhista Eulino Santos,,pdc_nao_realizado,2611606
Rua José Bonifácio,,pdc_nao_realizado,2611606
Rua Padre Roma,,pdc_nao_realizado,2611606
Rua Professor Trajano de Mendonça,,pdc_nao_realizado,2611606
Rua José Bonifácio,,pdc_nao_realizado,2611606
Rua Desenhista Eulino Santos,,pdc_nao_realizado,2611606
Rua Jerônimo Vilela,,pdc_nao_realizado,2611606
Rua Desenhista Eulino Santos,,pdc_nao_realizado,2611606
Rua Desenhista Eulino Santos,,pdc_nao_realizado,2611606
Rua da Regeneração,,pdc_nao_realizado,2611606
Rua da Regeneração,,pdc_nao_realizado,2611606
Rua da Regeneração,,pdc_nao_realizado,2611606
Rua da Regeneração,,pdc_realizado_designado,2611606
Rua Jerônimo Vilela,,pdc_nao_realizado,2611606
Rua Desenhista Eulino Santos,,pdc_nao_realizado,2611606
Rua Desenhista Eulino Santos,,pdc_nao_realizado,2611606
Rua Desenhista Eulino Santos,,pdc_nao_realizado,2611606
Rua Desenhista Eulino Santos,,pdc_nao_realizado,2611606
Rua da Regeneração,,pdc_realizado_designado,2611606
Avenida Professor José dos Anjos,,pdc_realizado_designado,2611606
Avenida Professor José dos Anjos,,pdc_realizado_designado,2611606
Avenida Professor José dos Anjos,,pdc_realizado_designado,2611606
Avenida Professor José dos Anjos,,pdc_realizado_designado,2611606
Avenida Professor José dos Anjos,,pdc_realizado_designado,2611606
Rua Visconde Mamanguape,,pdc_realizado_designado,2611606
Avenida Professor José dos Anjos,,pdc_realizado_designado,2611606
Avenida Professor José dos Anjos,,pdc_realizado_designado,2611606
Avenida Professor José dos Anjos,,pdc_realizado_designado,2611606
Avenida Professor José dos Anjos,,pdc_realizado_designado,2611606
Avenida Professor José dos Anjos,,pdc_realizado_designado,2611606
Avenida Professor José dos Anjos,,pdc_realizado_designado,2611606
Avenida Professor José dos Anjos,,pdc_realizado_designado,2611606
Avenida Professor José dos Anjos,,pdc_realizado_designado,2611606
Avenida Presidente Kennedy,,pdc_nao_realizado,2609600
Avenida Professor José dos Anjos,,pdc_realizado_designado,2611606
Avenida Professor José dos Anjos,,pdc_realizado_designado,2611606
Avenida Professor José dos Anjos,,pdc_nao_realizado,2611606
Avenida Professor José dos Anjos,,pdc_nao_realizado,2611606
Avenida Professor José dos Anjos,,pdc_nao_realizado,2611606
Avenida Professor José dos Anjos,,pdc_nao_realizado,2611606
Avenida Professor José dos Anjos,,pdc_realizado_designado,2611606
Avenida Professor José dos Anjos,,pdc_realizado_designado,2611606
Avenida Professor José dos Anjos,,pdc_realizado_designado,2611606
Avenida Professor José dos Anjos,,pdc_realizado_designado,2611606
Avenida Professor José dos Anjos,,pdc_realizado_designado,2611606
Avenida Professor José dos Anjos,,pdc_realizado_designado,2611606
Avenida Presidente Kennedy,,pdc_nao_realizado,2609600
Avenida Professor José dos Anjos,,pdc_realizado_designado,2611606
Avenida Professor José dos Anjos,,pdc_nao_realizado,2611606
Avenida Professor José dos Anjos,,pdc_nao_realizado,2611606
Avenida Professor José dos Anjos,,pdc_realizado_designado,2611606
Avenida Professor José dos Anjos,,pdc_realizado_designado,2611606
Avenida Professor José dos Anjos,,pdc_realizado_designado,2611606
Avenida Professor José dos Anjos,,pdc_nao_realizado,2611606
Avenida Professor José dos Anjos,,pdc_nao_realizado,2611606
Avenida Professor José dos Anjos,,pdc_nao_realizado,2611606
Avenida Professor José dos Anjos,,pdc_nao_realizado,2611606
Avenida Professor José dos Anjos,,pdc_realizado_designado,2611606
Avenida Professor José dos Anjos,,pdc_nao_realizado,2611606
Avenida Professor José dos Anjos,,pdc_nao_realizado,2611606
Avenida Presidente Kennedy,,pdc_nao_realizado,2609600
Avenida Presidente Kennedy,,pdc_nao_realizado,2609600
Avenida Presidente Kennedy,,pdc_nao_realizado,2609600
Rua Doutor Sérgio Loreto,,pdc_nao_realizado,2609600
Rua Doutor Sérgio Loreto,,pdc_nao_realizado,2609600
Rua Austro Costa,,pdc_nao_realizado,2609600
Rua Professor Dionísio Maciel Monteiro,,pdc_nao_realizado,2609600
Rua Professor Dionísio Maciel Monteiro,,pdc_nao_realizado,2609600
Avenida Presidente Kennedy,,pdc_nao_realizado,2609600
Avenida José Coriolano,,pdc_nao_realizado,2609600
Rua Maria Sodré da Mota,,pdc_nao_realizado,2609600
Rua Dom Sebastião Leme,,pdc_nao_realizado,2609600
Rua Professor Dionísio Maciel Monteiro,,pdc_nao_realizado,2609600
Rua Professor Dionísio Maciel Monteiro,,pdc_nao_realizado,2609600
Rua Dom Sebastião Leme,,pdc_nao_realizado,2609600
Avenida Presidente Kennedy,,pdc_nao_realizado,2609600
Avenida Presidente Kennedy,,pdc_nao_realizado,2609600
Avenida Presidente Kennedy,,pdc_nao_realizado,2609600
Avenida Presidente Kennedy,,pdc_nao_realizado,2609600
Avenida Presidente Kennedy,,pdc_nao_realizado,2609600
Avenida Presidente Kennedy,,pdc_nao_realizado,2609600
Avenida Presidente Kennedy,,pdc_nao_realizado,2609600
Rua Professor Dionísio Maciel Monteiro,,pdc_nao_realizado,2609600
Avenida Presidente Kennedy,,pdc_nao_realizado,2609600
Avenida Presidente Kennedy,,pdc_nao_realizado,2609600
Avenida Presidente Kennedy,,pdc_nao_realizado,2609600
Avenida Presidente Kennedy,,pdc_nao_realizado,2609600
Avenida Presidente Kennedy,,pdc_nao_realizado,2609600
Avenida Presidente Kennedy,,pdc_nao_realizado,2609600
Avenida Presidente Kennedy,,pdc_nao_realizado,2609600
Rua Maria Sodré da Mota,,pdc_nao_realizado,2609600
Avenida Presidente Kennedy,,pdc_nao_realizado,2609600
Rua Austro Costa,,pdc_nao_realizado,2609600
Rua Austro Costa,,pdc_nao_realizado,2609600
Rua Doutor Sérgio Loreto,,pdc_nao_realizado,2609600
Rua Carmela Dutra,,pdc_nao_realizado,2609600
Avenida Presidente Kennedy,,pdc_nao_realizado,2609600
Avenida Presidente Kennedy,,pdc_nao_realizado,2609600
Avenida Antônio da Costa Azevedo,,pdc_nao_realizado,2609600
Avenida Luís Correia de Brito,,pdc_nao_realizado,2611606
Avenida Antônio da Costa Azevedo,,pdc_nao_realizado,2609600
Avenida Antônio da Costa Azevedo,,pdc_nao_realizado,2609600
Avenida Antônio da Costa Azevedo,,pdc_nao_realizado,2611606
Avenida Antônio da Costa Azevedo,,pdc_nao_realizado,2609600
Avenida Luís Correia de Brito,,pdc_nao_realizado,2611606
Avenida Luís Correia de Brito,,pdc_nao_realizado,2611606
Avenida Antônio da Costa Azevedo,,pdc_nao_realizado,2609600
Avenida Antônio da Costa Azevedo,,pdc_nao_realizado,2609600
Avenida Beberibe,,pdc_nao_realizado,2611606
Rua da Regeneração,,pdc_nao_realizado,2611606
Avenida Beberibe,,pdc_nao_realizado,2611606
Avenida Beberibe,,pdc_nao_realizado,2611606
Avenida Beberibe,,pdc_nao_realizado,2611606
Avenida Beberibe,,pdc_nao_realizado,2611606
Avenida Beberibe,,pdc_nao_realizado,2611606
Avenida Beberibe,,pdc_nao_realizado,2611606
Avenida Beberibe,,pdc_nao_realizado,2611606
Avenida Beberibe,,pdc_nao_realizado,2611606
Avenida Presidente Kennedy,,pdc_nao_realizado,2609600
,,pdc_nao_realizado,2609600
,,pdc_nao_realizado,2609600
,,pdc_nao_realizado,2609600
Rua Flora de Assunção Gonçalves,,pdc_nao_realizado,2609600
,,pdc_nao_realizado,2609600
Avenida Presidente Kennedy,,pdc_nao_realizado,2609600
Rua Cantora Dalva de Oliveira,,pdc_nao_realizado,2609600
Rua do Futuro,,pdc_realizado_designado,2611606
Rua do Futuro,,pdc_realizado_designado,2611606
Rua do Futuro,,pdc_realizado_designado,2611606
Rua do Futuro,,pdc_nao_realizado,2611606
Rua do Futuro,,pdc_realizado_designado,2611606
Rua do Futuro,,pdc_nao_realizado,2611606
Rua do Futuro,,pdc_realizado_designado,2611606
Rua do Futuro,,pdc_nao_realizado,2611606
Rua do Futuro,,pdc_realizado_designado,2611606
Rua do Futuro,,pdc_realizado_designado,2611606
Avenida João de Barros,,pdc_realizado_designado,2611606
Avenida João de Barros,,pdc_nao_realizado,2611606
Avenida João de Barros,,pdc_nao_realizado,2611606
Avenida João de Barros,,pdc_nao_realizado,2611606
Avenida João de Barros,,pdc_nao_realizado,2611606
Rua Nunes Machado,,pdc_nao_realizado,2611606
Estrada de Belém,,pdc_nao_realizado,2611606
Avenida João de Barros,,pdc_nao_realizado,2611606
Estrada de Belém,,pdc_nao_realizado,2611606
Estrada de Belém,,pdc_nao_realizado,2611606
Estrada de Belém,,pdc_nao_realizado,2611606
Avenida João de Barros,,pdc_realizado_designado,2611606
Avenida João de Barros,,pdc_realizado_designado,2611606
Estrada de Belém,,pdc_nao_realizado,2611606
Rua Doutor Carlos Chagas,,pdc_realizado_designado,2611606
Rua da Soledade,,pdc_realizado_designado,2611606
Estrada de Belém,,pdc_nao_realizado,2611606
Avenida João de Barros,,pdc_nao_realizado,2611606
Avenida João de Barros,,pdc_nao_realizado,2611606
Rua Doutor Carlos Chagas,,pdc_realizado_designado,2611606
Avenida João de Barros,,pdc_realizado_designado,2611606
Avenida João de Barros,,pdc_nao_realizado,2611606
Avenida João de Barros,,pdc_realizado_designado,2611606
Avenida João de Barros,,pdc_nao_realizado,2611606
Avenida João de Barros,,pdc_nao_realizado,2611606
Estrada de Belém,,pdc_nao_realizado,2611606
Estrada de Belém,,pdc_nao_realizado,2611606
Rua Nunes Machado,,pdc_realizado_designado,2611606
Rua Nunes Machado,,pdc_realizado_designado,2611606
Estrada de Belém,,pdc_nao_realizado,2611606
Rua José Luís de Silveira Barros,,pdc_nao_realizado,2611606
Rua Alberto Paiva,,pdc_realizado_designado,2611606
Rua Conde de Irajá,,pdc_nao_realizado,2611606
Rua Amélia,,pdc_nao_realizado,2611606
Rua Amélia,,pdc_realizado_designado,2611606
Ponte da Torre,,pdc_realizado_designado,2611606
Rua Amélia,,pdc_nao_realizado,2611606
Rua Amélia,,pdc_nao_realizado,2611606
Ponte da Torre,,pdc_nao_realizado,2611606
Rua Amélia,,pdc_nao_realizado,2611606
Ponte da Torre,,pdc_nao_realizado,2611606
Rua Amélia,,pdc_realizado_designado,2611606
Rua Alberto Paiva,,pdc_nao_realizado,2611606
Rua Conde de Irajá,,pdc_nao_realizado,2611606
,,pdc_nao_realizado,2611606
,,pdc_nao_realizado,2611606
Avenida Olinda,,pdc_nao_realizado,2609600
Rua Amélia,,pdc_realizado_designado,2611606
Avenida Olinda,,pdc_nao_realizado,2609600
Avenida Sigismundo Gonçalves,,pdc_nao_realizado,2609600
Avenida Sigismundo Gonçalves,,pdc_nao_realizado,2609600
Avenida Sigismundo Gonçalves,,pdc_nao_realizado,2609600
Avenida Olinda,,pdc_nao_realizado,2609600
Avenida Sigismundo Gonçalves,,pdc_nao_realizado,2609600
Rua do Sol,,pdc_nao_realizado,2609600
,,pdc_nao_realizado,2609600
Avenida Sigismundo Gonçalves,,pdc_nao_realizado,2609600
Avenida Sigismundo Gonçalves,,pdc_nao_realizado,2609600
Avenida Olinda,,pdc_nao_realizado,2609600
Avenida Governador Agamenon Magalhães,,pdc_nao_realizado,2611606
Avenida Cruz Cabugá,,pdc_nao_realizado,2611606
Avenida Olinda,,pdc_nao_realizado,2609600
Rua Doutor Farias Neves Sobrinho,,pdc_nao_realizado,2609600
Avenida Sigismundo Gonçalves,,pdc_nao_realizado,2609600
,,pdc_nao_realizado,2609600
Avenida Cruz Cabugá,,pdc_nao_realizado,2611606
Avenida Cruz Cabugá,,pdc_nao_realizado,2611606
Avenida Cruz Cabugá,,pdc_nao_realizado,2611606
,,pdc_nao_realizado,2609600
Avenida Cruz Cabugá,,pdc_nao_realizado,2611606
Avenida Cruz Cabugá,,pdc_nao_realizado,2611606
Avenida Cruz Cabugá,,pdc_nao_realizado,2611606
Avenida Cruz Cabugá,,pdc_nao_realizado,2611606
Avenida Cruz Cabugá,,pdc_nao_realizado,2611606
Avenida Cruz Cabugá,,pdc_nao_realizado,2611606
Avenida Cruz Cabugá,,pdc_nao_realizado,2611606
Avenida Cruz Cabugá,,pdc_nao_realizado,2611606
Avenida Olinda,,pdc_nao_realizado,2609600
Avenida Olinda,,pdc_nao_realizado,2609600
Avenida Presidente Kennedy,,pdc_nao_realizado,2609600
Avenida Cruz Cabugá,,pdc_nao_realizado,2611606
Avenida Cruz Cabugá,,pdc_nao_realizado,2611606
Avenida Cruz Cabugá,,pdc_nao_realizado,2611606
Avenida Cruz Cabugá,,pdc_nao_realizado,2611606
Avenida Cruz Cabugá,,pdc_nao_realizado,2611606
Avenida Marcos Freire,,pdc_nao_realizado,2609600
Rua do Sol,,pdc_nao_realizado,2609600
Avenida Sigismundo Gonçalves,,pdc_nao_realizado,2609600
Avenida Sigismundo Gonçalves,,pdc_nao_realizado,2609600
Avenida Sigismundo Gonçalves,,pdc_nao_realizado,2609600
Avenida Olinda,,pdc_nao_realizado,2609600
Avenida Cruz Cabugá,,pdc_nao_realizado,2611606
Avenida Cruz Cabugá,,pdc_nao_realizado,2611606
Rua Odorico Mendes,,pdc_nao_realizado,2611606
Avenida Cruz Cabugá,,pdc_nao_realizado,2611606
Avenida Sigismundo Gonçalves,,pdc_nao_realizado,2609600
Avenida Cruz Cabugá,,pdc_nao_realizado,2611606
Avenida Cruz Cabugá,,pdc_nao_realizado,2611606
Avenida Cruz Cabugá,,pdc_nao_realizado,2609600
Avenida Olinda,,pdc_nao_realizado,2609600
Avenida Cruz Cabugá,,pdc_nao_realizado,2611606
Avenida Doutor Jayme da Fonte,,pdc_nao_realizado,2611606
Avenida Cruz Cabugá,,pdc_nao_realizado,2611606
Avenida Cruz Cabugá,,pdc_nao_realizado,2611606
Avenida Cruz Cabugá,,pdc_nao_realizado,2611606
Avenida Cruz Cabugá,,pdc_nao_realizado,2611606
Avenida Governador Agamenon Magalhães,,pdc_nao_realizado,2611606
Avenida Cruz Cabugá,,pdc_nao_realizado,2611606
Avenida Cruz Cabugá,,pdc_nao_realizado,2611606
Avenida Sigismundo Gonçalves,,pdc_nao_realizado,2609600
Estrada do Arraial,,pdc_nao_realizado,2611606
Rua José Alexandre Caçador,,pdc_realizado_designado,2611606
Avenida Santos Dumont,,pdc_nao_realizado,2611606
Avenida Santos Dumont,,pdc_nao_realizado,2611606
Avenida Santos Dumont,,pdc_nao_realizado,2611606
Avenida Santos Dumont,,pdc_nao_realizado,2611606
Avenida Santos Dumont,,pdc_realizado_designado,2611606
Rua José Alexandre Caçador,,pdc_realizado_designado,2611606
Ciclovia Norte,,pdc_realizado_designado,2611606
Ciclovia Norte,,pdc_realizado_designado,2611606
Ciclovia Norte,,pdc_realizado_designado,2611606
Ciclovia Norte,,pdc_realizado_designado,2611606
Ciclovia Norte,,pdc_realizado_designado,2611606
Ciclovia Norte,,pdc_realizado_designado,2611606
Avenida Doutor Jayme da Fonte,,pdc_nao_realizado,2611606
Avenida Doutor Jayme da Fonte,,pdc_nao_realizado,2611606
Avenida Doutor Jayme da Fonte,,pdc_realizado_designado,2611606
Rua Odorico Mendes,,pdc_nao_realizado,2611606
Rua Odorico Mendes,,pdc_nao_realizado,2611606
Avenida Doutor Jayme da Fonte,,pdc_nao_realizado,2611606
Avenida Doutor Jayme da Fonte,,pdc_nao_realizado,2611606
Avenida Doutor Jayme da Fonte,,pdc_realizado_designado,2611606
Rua dos Palmares,,pdc_realizado_designado,2611606
Rua Doutor Carlos Chagas,,pdc_realizado_designado,2611606
Rua Mário Sete,,pdc_nao_realizado,2611606
Rua dos Palmares,,pdc_realizado_designado,2611606
Rua dos Palmares,,pdc_realizado_designado,2611606
Ciclovia Graça Araújo,,pdc_realizado_designado,2611606
Ciclovia Graça Araújo,,pdc_realizado_designado,2611606
Ciclovia Graça Araújo,,pdc_realizado_designado,2611606
Rua Artur Lima Cavalcante,,pdc_realizado_designado,2611606
Rua Artur Lima Cavalcante,,pdc_nao_realizado,2611606
Rua Artur Lima Cavalcante,,pdc_realizado_designado,2611606
Rua Mário Sete,,pdc_nao_realizado,2611606
Rua Mário Sete,,pdc_nao_realizado,2611606
Rua Luís Avelino de Andrade,,pdc_nao_realizado,2611606
Rua Doutor Machado,,pdc_nao_realizado,2611606
Rua Marquês de Baipendi,,pdc_nao_realizado,2611606
Rua Marquês de Baipendi,,pdc_nao_realizado,2611606
Rua Oliveira Fonseca,,pdc_nao_realizado,2611606
Rua Marquês de Baipendi,,pdc_nao_realizado,2611606
Rua São Caetano,,pdc_nao_realizado,2611606
Rua São Caetano,,pdc_nao_realizado,2611606
Estrada de Belém,,pdc_nao_realizado,2611606
Rua Couto Magalhães,,pdc_realizado_designado,2611606
Rua José Alexandre Caçador,,pdc_realizado_designado,2611606
Avenida Engenheiro Agamenon de Magalhães Melo,,pdc_nao_realizado,2611606
Avenida Engenheiro Agamenon de Magalhães Melo,,pdc_nao_realizado,2611606
Avenida Engenheiro Agamenon de Magalhães Melo,,pdc_nao_realizado,2611606
Estrada Velha de Água Fria,,pdc_nao_realizado,2611606
Estrada Velha de Água Fria,,pdc_nao_realizado,2611606
Estrada Velha de Água Fria,,pdc_nao_realizado,2611606
Estrada Velha de Água Fria,,pdc_nao_realizado,2611606
Estrada Velha de Água Fria,,pdc_realizado_designado,2611606
Estrada Velha de Água Fria,,pdc_nao_realizado,2611606
Estrada Velha de Água Fria,,pdc_nao_realizado,2611606
Estrada Velha de Água Fria,,pdc_nao_realizado,2611606
Estrada Velha de Água Fria,,pdc_nao_realizado,2611606
Estrada Velha de Água Fria,,pdc_nao_realizado,2611606
Rotatória de Água Fria,,pdc_realizado_designado,2611606
Rotatória de Água Fria,,pdc_realizado_designado,2611606
Rotatória de Água Fria,,pdc_realizado_designado,2611606
Avenida Beberibe,,pdc_realizado_designado,2611606
Estrada Velha de Água Fria,,pdc_realizado_designado,2611606
Estrada Velha de Água Fria,,pdc_nao_realizado,2611606
Avenida Hildebrando de Vasconcelos,,pdc_nao_realizado,2611606
Avenida Canal,,pdc_nao_realizado,2609600
,,pdc_nao_realizado,2609600
Avenida Canal,,pdc_nao_realizado,2609600
,,pdc_nao_realizado,2609600
Avenida Canal,,pdc_nao_realizado,2609600
Avenida Canal,,pdc_nao_realizado,2609600
Rua Cônego Xavier Pedrosa,,pdc_nao_realizado,2609600
Avenida Conselheiro Antônio Carlos Ferreira,,pdc_nao_realizado,2609600
Avenida Brasília,,pdc_nao_realizado,2609600
Avenida Brasília,,pdc_nao_realizado,2609600
Avenida Conselheiro Antônio Carlos Ferreira,,pdc_nao_realizado,2609600
Avenida Brasília,,pdc_nao_realizado,2609600
Avenida Brasília,,pdc_nao_realizado,2609600
Rua Cônego Xavier Pedrosa,,pdc_nao_realizado,2609600
Avenida Brasília,,pdc_nao_realizado,2609600
Avenida Brasília,,pdc_nao_realizado,2609600
Avenida Doutor Joaquim Nabuco,,pdc_nao_realizado,2609600
Avenida Doutor Joaquim Nabuco,,pdc_nao_realizado,2609600
Avenida Doutor Joaquim Nabuco,,pdc_nao_realizado,2609600
Avenida Doutor Joaquim Nabuco,,pdc_nao_realizado,2609600
Avenida Doutor Joaquim Nabuco,,pdc_nao_realizado,2609600
Avenida Pan Nordestina,,pdc_nao_realizado,2609600
Avenida Doutor Joaquim Nabuco,,pdc_nao_realizado,2609600
Avenida Doutor Joaquim Nabuco,,pdc_nao_realizado,2609600
Avenida Doutor Joaquim Nabuco,,pdc_nao_realizado,2609600
,,pdc_nao_realizado,2609600
Avenida Pan Nordestina,,pdc_nao_realizado,2609600
Avenida Pan Nordestina,,pdc_nao_realizado,2609600
Avenida Doutor Joaquim Nabuco,,pdc_nao_realizado,2609600
Avenida Pan Nordestina,,pdc_nao_realizado,2609600
Avenida Pan Nordestina,,pdc_nao_realizado,2609600
Avenida Pan Nordestina,,pdc_nao_realizado,2609600
Avenida Pan Nordestina,,pdc_nao_realizado,2609600
Avenida Pan Nordestina,,pdc_nao_realizado,2609600
Avenida Pan Nordestina,,pdc_nao_realizado,2609600
Avenida Pan Nordestina,,pdc_nao_realizado,2609600
,,pdc_nao_realizado,2609600
,,pdc_nao_realizado,2609600
,,pdc_nao_realizado,2609600
,,pdc_nao_realizado,2609600
,,pdc_nao_realizado,2609600
,,pdc_nao_realizado,2609600
Avenida Pan Nordestina,,pdc_nao_realizado,2609600
Avenida Pan Nordestina,,pdc_nao_realizado,2609600
Avenida Pan Nordestina,,pdc_nao_realizado,2609600
Avenida Pan Nordestina,,pdc_nao_realizado,2609600
Avenida Pan Nordestina,,pdc_nao_realizado,2609600
Avenida Pan Nordestina,,pdc_nao_realizado,2609600
Avenida Pan Nordestina,,pdc_nao_realizado,2609600
Avenida Pan Nordestina,,pdc_nao_realizado,2609600
Avenida Pan Nordestina,,pdc_nao_realizado,2609600
Rua Amedoim,,pdc_nao_realizado,2609600
Rua Amedoim,,pdc_nao_realizado,2609600
Rua Amedoim,,pdc_nao_realizado,2609600
Avenida Pan Nordestina,,pdc_nao_realizado,2609600
,,pdc_nao_realizado,2609600
,,pdc_nao_realizado,2609600
,,pdc_nao_realizado,2609600
Avenida Pan Nordestina,,pdc_nao_realizado,2609600
Ponte da Convenção,,pdc_nao_realizado,2611606
Avenida Pan Nordestina,,pdc_nao_realizado,2609600
Avenida Pan Nordestina,,pdc_nao_realizado,2609600
Avenida Doutor Joaquim Nabuco,,pdc_nao_realizado,2609600
Avenida Doutor Joaquim Nabuco,,pdc_nao_realizado,2609600
Avenida Doutor Joaquim Nabuco,,pdc_nao_realizado,2609600
Avenida Pan Nordestina,,pdc_nao_realizado,2609600
Avenida Pan Nordestina,,pdc_nao_realizado,2609600
Avenida Pan Nordestina,,pdc_nao_realizado,2609600
Avenida Pan Nordestina,,pdc_nao_realizado,2609600
Avenida Pan Nordestina,,pdc_nao_realizado,2609600
Rua São Miguel,,pdc_nao_realizado,2609600
Rua São Miguel,,pdc_nao_realizado,2609600
Avenida Luís Gomes,,pdc_nao_realizado,2609600
Avenida Governador Carlos de Lima Cavalcante,,pdc_nao_realizado,2609600
,,pdc_nao_realizado,2609600
Avenida Governador Carlos de Lima Cavalcante,,pdc_nao_realizado,2609600
Rua São Miguel,,pdc_nao_realizado,2609600
Rua São Miguel,,pdc_nao_realizado,2609600
Avenida Governador Carlos de Lima Cavalcante,,pdc_nao_realizado,2609600
Avenida Governador Carlos de Lima Cavalcante,,pdc_nao_realizado,2609600
Avenida Governador Carlos de Lima Cavalcante,,pdc_nao_realizado,2609600
Rua São Miguel,,pdc_nao_realizado,2609600
Rua São Miguel,,pdc_nao_realizado,2609600
Rua São Miguel,,pdc_nao_realizado,2609600
Rua São Miguel,,pdc_nao_realizado,2609600
Avenida Governador Carlos de Lima Cavalcante,,pdc_nao_realizado,2609600
Avenida Chico Science,,pdc_nao_realizado,2609600
Avenida Senador Nilo Coelho,,pdc_nao_realizado,2609600
Avenida Senador Nilo Coelho,,pdc_nao_realizado,2609600
Avenida Senador Nilo Coelho,,pdc_nao_realizado,2609600
Avenida Senador Nilo Coelho,,pdc_nao_realizado,2609600
Avenida Senador Nilo Coelho,,pdc_nao_realizado,2609600
Avenida Senador Nilo Coelho,,pdc_nao_realizado,2609600
Avenida Senador Nilo Coelho,,pdc_nao_realizado,2609600
Avenida Senador Nilo Coelho,,pdc_nao_realizado,2609600
Avenida Senador Nilo Coelho,,pdc_nao_realizado,2609600
Avenida Senador Nilo Coelho,,pdc_nao_realizado,2609600
Avenida Brasil,,pdc_nao_realizado,2610707
Avenida Hildebrando de Vasconcelos,,pdc_nao_realizado,2611606
Avenida Brasil,,pdc_nao_realizado,2610707
Avenida Brasil,,pdc_nao_realizado,2610707
Avenida Brasil,,pdc_nao_realizado,2610707
Rua do Canavial,,pdc_nao_realizado,2611606
Avenida Beira Rio,,pdc_nao_realizado,2609600
Rua Doutor João Elisio,,pdc_nao_realizado,2606804
Rua General Labatut,,pdc_realizado_designado,2611606
Rua Bacharel Severino Torres Galindo do Nascimento,,pdc_nao_realizado,2611606
Avenida Beira Rio,,pdc_nao_realizado,2609600
,,pdc_nao_realizado,2611606
Rua Recanto do Rio,,pdc_realizado_designado,2611606
,,pdc_nao_realizado,2611606
,,pdc_nao_realizado,2609600
Primeira Travessa Doutor Luiz Ramos Leal,,pdc_realizado_designado,2611606
Avenida Marginal,,pdc_realizado_designado,2611606
Rua Bacharel Severino Torres Galindo do Nascimento,,pdc_realizado_designado,2611606
Avenida Hildebrando de Vasconcelos,,pdc_nao_realizado,2611606
Rua Santa Luzia,,pdc_nao_realizado,2609600
Avenida Hildebrando de Vasconcelos,,pdc_nao_realizado,2611606
Avenida Marginal,,pdc_realizado_designado,2611606
Estrada de Aguazinha,,pdc_nao_realizado,2609600
Rua Bogotá,,pdc_nao_realizado,2609600
,,pdc_nao_realizado,2609600
Rua Bogotá,,pdc_nao_realizado,2609600
,,pdc_nao_realizado,2609600
Estrada do Caenga,,pdc_nao_realizado,2609600
Rua Uriel de Holanda,,pdc_nao_realizado,2611606
Estrada do Caenga,,pdc_nao_realizado,2609600
,,pdc_nao_realizado,2609600
Avenida Chico Science,,pdc_nao_realizado,2609600
,,pdc_nao_realizado,2609600
Avenida Chico Science,,pdc_nao_realizado,2609600
,,pdc_nao_realizado,2609600
Avenida Chico Science,,pdc_nao_realizado,2609600
Avenida Chico Science,,pdc_nao_realizado,2609600
Avenida Chico Science,,pdc_nao_realizado,2609600
Rua Coronel Alberto Lundgren,,pdc_nao_realizado,2609600
Rua Puma,,pdc_nao_realizado,2609600
Avenida Romeu Jacobino de Figueiredo,,pdc_nao_realizado,2609600
Avenida Argentina Castelo Branco,,pdc_nao_realizado,2609600
Rua Assaí,,pdc_nao_realizado,2609600
Avenida Romeu Jacobino de Figueiredo,,pdc_nao_realizado,2609600
Rua Peixe Agulha,,pdc_nao_realizado,2609600
Rua Peixe Agulha,,pdc_nao_realizado,2609600
Avenida Argentina Castelo Branco,,pdc_nao_realizado,2609600
Avenida Argentina Castelo Branco,,pdc_nao_realizado,2609600
Avenida Argentina Castelo Branco,,pdc_nao_realizado,2609600
Avenida Argentina Castelo Branco,,pdc_nao_realizado,2609600
Avenida Romeu Jacobino de Figueiredo,,pdc_nao_realizado,2609600
Avenida Beira Mar,,pdc_realizado_designado,2609600
Avenida Beira Mar,,pdc_nao_realizado,2609600
Avenida Beira Mar,,pdc_nao_realizado,2609600
Ponte do Janga,,pdc_nao_realizado,2610707
Avenida Governador Carlos de Lima Cavalcanti,,pdc_nao_realizado,2609600
Avenida Doutor Cláudio José Gueiros Leite,,pdc_nao_realizado,2610707
Avenida Doutor Cláudio José Gueiros Leite,,pdc_nao_realizado,2610707
Avenida Doutor Cláudio José Gueiros Leite,,pdc_nao_realizado,2610707
Rua Nilson Sabino Pinho,,pdc_nao_realizado,2609600
Avenida Governador Carlos de Lima Cavalcanti,,pdc_nao_realizado,2609600
Avenida Doutor Cláudio José Gueiros Leite,,pdc_nao_realizado,2610707
Ponte do Janga,,pdc_nao_realizado,2610707
Avenida Governador Carlos de Lima Cavalcanti,,pdc_nao_realizado,2609600
Avenida Doutor Cláudio José Gueiros Leite,,pdc_nao_realizado,2610707
Avenida Doutor Cláudio José Gueiros Leite,,pdc_nao_realizado,2610707
Avenida Doutor Cláudio José Gueiros Leite,,pdc_nao_realizado,2610707
Avenida Doutor Cláudio José Gueiros Leite,,pdc_nao_realizado,2610707
Avenida Coronel Frederico Lundgren,,pdc_nao_realizado,2609600
Avenida Coronel Frederico Lundgren,,pdc_nao_realizado,2609600
Avenida Coronel Frederico Lundgren,,pdc_nao_realizado,2609600
Avenida Coronel Frederico Lundgren,,pdc_nao_realizado,2609600
Avenida Brasil,,pdc_nao_realizado,2609600
Rua Professor Fernando César de Andrade,,pdc_nao_realizado,2609600
Avenida Coronel Frederico Lundgren,,pdc_nao_realizado,2609600
Avenida Brasil,,pdc_nao_realizado,2609600
Avenida Coronel Frederico Lundgren,,pdc_nao_realizado,2609600
Avenida Coronel Frederico Lundgren,,pdc_nao_realizado,2609600
Avenida Coronel Frederico Lundgren,,pdc_nao_realizado,2609600
Avenida Brasil,,pdc_nao_realizado,2609600
Avenida Coronel Frederico Lundgren,,pdc_nao_realizado,2609600
Avenida Coronel Frederico Lundgren,,pdc_nao_realizado,2609600
Avenida Brasil,,pdc_nao_realizado,2609600
Avenida Brasil,,pdc_nao_realizado,2609600
Avenida Coronel Frederico Lundgren,,pdc_nao_realizado,2609600
Rua José Alexandre de Carvalho,,pdc_nao_realizado,2609600
Rua José Alexandre de Carvalho,,pdc_nao_realizado,2609600
Avenida Coronel João Melo Moraes,,pdc_nao_realizado,2609600
Rua Professor Olímpio Magalhães,,pdc_nao_realizado,2609600
Avenida Beira Rio,,pdc_nao_realizado,2609600
Rua Riachuelo,,pdc_nao_realizado,2609600
Travessa Olímpio Ferreira Chaves,,pdc_nao_realizado,2609600
Rua Regina Lacerda,,pdc_nao_realizado,2609600
Avenida Beira Rio,,pdc_nao_realizado,2609600
Avenida Governador Carlos de Lima Cavalcanti,,pdc_nao_realizado,2609600
Avenida Beira Rio,,pdc_nao_realizado,2609600
Avenida Beira Rio,,pdc_nao_realizado,2609600
Avenida Governador Carlos de Lima Cavalcanti,,pdc_nao_realizado,2609600
Rua Alcina Coelho de Carvalho,,pdc_nao_realizado,2609600
Avenida Governador Carlos de Lima Cavalcanti,,pdc_nao_realizado,2609600
,,pdc_nao_realizado,2609600
Rua Professor Diogenes Fernandes Tavora,,pdc_nao_realizado,2609600
Rua José Alexandre de Carvalho,,pdc_nao_realizado,2609600
Avenida Governador Carlos de Lima Cavalcanti,,pdc_nao_realizado,2609600
Avenida Governador Carlos de Lima Cavalcanti,,pdc_nao_realizado,2609600
Avenida Governador Carlos de Lima Cavalcanti,,pdc_nao_realizado,2609600
Rua Joaquim Bandeira,,pdc_nao_realizado,2611606
Rua Professor Olímpio Magalhães,,pdc_nao_realizado,2609600
Avenida Governador Carlos de Lima Cavalcanti,,pdc_nao_realizado,2609600
Avenida Coronel João Melo Moraes,,pdc_nao_realizado,2609600
Avenida Governador Carlos de Lima Cavalcanti,,pdc_nao_realizado,2609600
Rua Carlos Leite Moreira,,pdc_nao_realizado,2609600
Rua Professor Diogenes Fernandes Tavora,,pdc_nao_realizado,2609600
Rua Nilson Sabino Pinho,,pdc_nao_realizado,2609600
Rua Um,,pdc_nao_realizado,2609600
Rua Fenelon Atico Leite,,pdc_nao_realizado,2609600
Avenida Jules Rimet,,pdc_nao_realizado,2609600
Rua Fenelon Átila Leite,,pdc_nao_realizado,2609600
Avenida Jules Rimet,,pdc_nao_realizado,2609600
,,pdc_nao_realizado,2609600
Rua Alcina Coelho de Carvalho,,pdc_nao_realizado,2609600
Rua Coronel Alberto Lundgren,,pdc_nao_realizado,2609600
Rua Coronel Alberto Lundgren,,pdc_nao_realizado,2609600
Rua Coronel Alberto Lundgren,,pdc_nao_realizado,2609600
Rua Alcina Coelho de Carvalho,,pdc_nao_realizado,2609600
Rua Alcina Coelho de Carvalho,,pdc_nao_realizado,2609600
Rua Alcina Coelho de Carvalho,,pdc_nao_realizado,2609600
Rua Alcina Coelho de Carvalho,,pdc_nao_realizado,2609600
Rua Alcina Coelho de Carvalho,,pdc_nao_realizado,2609600
Avenida Tiradentes,,pdc_nao_realizado,2609600
Avenida das Garças,,pdc_nao_realizado,2609600
Avenida Tiradentes,,pdc_nao_realizado,2609600
Avenida das Garças,,pdc_nao_realizado,2609600
Rua Joana D arc Sampaio,,pdc_nao_realizado,2609600
Rua Doutor Armando Rabelo,,pdc_nao_realizado,2601052
Avenida Duque de Caxias,,pdc_nao_realizado,2601052
Avenida Presidente Vargas,,pdc_nao_realizado,2601052
Avenida Duque de Caxias,,pdc_nao_realizado,2601052
Rua Antonio Carneiro,,pdc_nao_realizado,2601052
Rua João Felipe de Barros,,pdc_nao_realizado,2601052
Rua João Felipe de Barros,,pdc_nao_realizado,2601052
Rua João Felipe de Barros,,pdc_nao_realizado,2601052
Avenida João Pessoa Guerra,,pdc_nao_realizado,2601052
Avenida João Pessoa Guerra,,pdc_nao_realizado,2601052
Avenida João Pessoa Guerra,,pdc_nao_realizado,2601052
Avenida João Pessoa Guerra,,pdc_nao_realizado,2601052
Avenida Brasil,,pdc_nao_realizado,2601052
Avenida Brasil,,pdc_nao_realizado,2601052
Avenida Presidente Vargas,,pdc_nao_realizado,2601052
Avenida Presidente Vargas,,pdc_nao_realizado,2601052
Rua Bom Jesus,,pdc_nao_realizado,2601052
Rua Professora Josefa Aguiar,,pdc_nao_realizado,2601052
Rua Trinta e Um de Março,,pdc_nao_realizado,2601052
,,pdc_nao_realizado,2606804
Avenida Alfredo Bandeira de Melo,,pdc_nao_realizado,2606804
Avenida Alfredo Bandeira de Melo,,pdc_nao_realizado,2606804
,,pdc_nao_realizado,2606804
Avenida Alfredo Bandeira de Melo,,pdc_nao_realizado,2606804
Avenida Alfredo Bandeira de Melo,,pdc_nao_realizado,2606804
,,pdc_nao_realizado,2600054
Avenida Duque de Caxias,,pdc_nao_realizado,2600054
Avenida Barão de Vera Cruz,,pdc_nao_realizado,2606804
Avenida Barão de Vera Cruz,,pdc_nao_realizado,2606804
Avenida Barão de Vera Cruz,,pdc_nao_realizado,2606804
Avenida Alfredo Bandeira de Melo,,pdc_nao_realizado,2606804
Avenida Alfredo Bandeira de Melo,,pdc_nao_realizado,2606804
Avenida Alfredo Bandeira de Melo,,pdc_nao_realizado,2606804
Avenida Duque de Caxias,,pdc_nao_realizado,2600054
Avenida Duque de Caxias,,pdc_nao_realizado,2600054
,,pdc_nao_realizado,2606804
,,pdc_nao_realizado,2600054
Avenida Barão de Vera Cruz,,pdc_nao_realizado,2606804
Avenida Alfredo Bandeira de Melo,,pdc_nao_realizado,2606804
Avenida Barão de Vera Cruz,,pdc_nao_realizado,2606804
Avenida Barão de Vera Cruz,,pdc_nao_realizado,2606804
Avenida Duque de Caxias,,pdc_nao_realizado,2600054
Avenida Duque de Caxias,,pdc_nao_realizado,2600054
Avenida Duque de Caxias,,pdc_nao_realizado,2600054
Avenida Duque de Caxias,,pdc_nao_realizado,2600054
Avenida Barão de Vera Cruz,,pdc_nao_realizado,2606804
Avenida Barão de Vera Cruz,,pdc_nao_realizado,2606804
Avenida Duque de Caxias,,pdc_nao_realizado,2600054
Avenida Duque de Caxias,,pdc_nao_realizado,2600054
Avenida Barão de Vera Cruz,,pdc_nao_realizado,2606804
,,pdc_nao_realizado,2606804
,,pdc_nao_realizado,2606804
,,pdc_nao_realizado,2606804
Avenida Barão de Vera Cruz,,pdc_nao_realizado,2606804
Avenida Alfredo Bandeira de Melo,,pdc_nao_realizado,2606804
,,pdc_nao_realizado,2606804
,,pdc_nao_realizado,2606804
,,pdc_nao_realizado,2606804
,,pdc_nao_realizado,2606804
Avenida Mário Melo,,pdc_nao_realizado,2606804
,,pdc_nao_realizado,2606804
Avenida Barão de Vera Cruz,,pdc_nao_realizado,2606804
Avenida Duque de Caxias,,pdc_nao_realizado,2600054
Avenida Barão de Vera Cruz,,pdc_nao_realizado,2606804
Avenida Mário Melo,,pdc_nao_realizado,2606804
Avenida Duque de Caxias,,pdc_nao_realizado,2600054
Avenida Mário Melo,,pdc_nao_realizado,2606804
Avenida Mário Melo,,pdc_nao_realizado,2606804
Avenida A,,pdc_nao_realizado,2600054
Avenida A,,pdc_nao_realizado,2600054
Avenida D,,pdc_realizado_designado,2600054
Avenida A,,pdc_nao_realizado,2600054
Avenida A,,pdc_nao_realizado,2600054
Avenida A,,pdc_nao_realizado,2600054
Rua Santa Sofia,,pdc_nao_realizado,2600054
Avenida Assedip,,pdc_nao_realizado,2600054
Avenida Governador Nilo Coelho,,pdc_nao_realizado,2600054
Rua Quarenta,,pdc_nao_realizado,2600054
Avenida A,,pdc_nao_realizado,2600054
Rua Santa Sofia,,pdc_nao_realizado,2600054
,,pdc_nao_realizado,2600054
Avenida Assedip,,pdc_nao_realizado,2600054
,,pdc_nao_realizado,2600054
,,pdc_nao_realizado,2610707
Avenida Duque de Caxias,,pdc_nao_realizado,2600054
Avenida Duque de Caxias,,pdc_nao_realizado,2600054
Avenida Duque de Caxias,,pdc_nao_realizado,2600054
Avenida Duque de Caxias,,pdc_nao_realizado,2600054
Avenida Duque de Caxias,,pdc_nao_realizado,2600054
Avenida Duque de Caxias,,pdc_nao_realizado,2600054
Avenida Duque de Caxias,,pdc_nao_realizado,2600054
,,pdc_nao_realizado,2600054
Avenida Duque de Caxias,,pdc_nao_realizado,2600054
Avenida Paulista,,pdc_nao_realizado,2610707
Avenida Lindolfo Collor,,pdc_nao_realizado,2610707
Avenida Paulista,,pdc_nao_realizado,2610707
Avenida Paulista,,pdc_nao_realizado,2610707
Rua Setenta e Nove,,pdc_nao_realizado,2610707
Rua Setenta e Nove,,pdc_nao_realizado,2610707
Rua Setenta e Nove,,pdc_nao_realizado,2610707
Rua Ademar Vieira,,pdc_nao_realizado,2610707
Avenida Colibri,,pdc_nao_realizado,2610707
Rua Nelson Ferreira,,pdc_nao_realizado,2610707
Rua Nove,,pdc_nao_realizado,2610707
,,pdc_nao_realizado,2610707
Avenida Colibri,,pdc_nao_realizado,2610707
Avenida Colibri,,pdc_nao_realizado,2610707
Avenida Antônio Cabral de Souza,,pdc_nao_realizado,2610707
Rua Nelson Ferreira,,pdc_nao_realizado,2610707
Avenida Colibri,,pdc_nao_realizado,2610707
Avenida Colibri,,pdc_nao_realizado,2610707
Estrada do Frio,,pdc_nao_realizado,2610707
Estrada do Frio,,pdc_nao_realizado,2610707
Avenida Antônio Cabral de Souza,,pdc_nao_realizado,2610707
Avenida Antônio Cabral de Souza,,pdc_nao_realizado,2610707
Avenida Presidente Tancredo Neves,,pdc_nao_realizado,2610707
,,pdc_nao_realizado,2610707
Avenida C,,pdc_nao_realizado,2610707
Estrada da Mirueira,,pdc_nao_realizado,2610707
Estrada da Mirueira,,pdc_nao_realizado,2610707
Avenida Presidente Tancredo Neves,,pdc_nao_realizado,2610707
Avenida Presidente Tancredo Neves,,pdc_nao_realizado,2610707
,,pdc_nao_realizado,2610707
,,pdc_nao_realizado,2610707
,,pdc_nao_realizado,2610707
Avenida Presidente Tancredo Neves,,pdc_nao_realizado,2610707
Avenida Presidente Tancredo Neves,,pdc_nao_realizado,2610707
Avenida Presidente Tancredo Neves,,pdc_nao_realizado,2610707
Avenida C,,pdc_nao_realizado,2610707
,,pdc_nao_realizado,2610707
,,pdc_nao_realizado,2610707
Estrada da MIrueira,,pdc_nao_realizado,2610707
Avenida Antônio Cabral de Souza,,pdc_nao_realizado,2610707
Estrada da Mirueira,,pdc_nao_realizado,2610707
Avenida Antônio Cabral de Souza,,pdc_nao_realizado,2610707
Estrada do Frio,,pdc_nao_realizado,2610707
Avenida Antônio Cabral de Souza,,pdc_nao_realizado,2610707
,,pdc_nao_realizado,2610707
,,pdc_nao_realizado,2610707
,,pdc_nao_realizado,2610707
,,pdc_nao_realizado,2610707
Avenida Presidente Tancredo Neves,,pdc_nao_realizado,2610707
,,pdc_nao_realizado,2610707
,,pdc_nao_realizado,2610707
Avenida Antônio Cabral de Souza,,pdc_nao_realizado,2610707
Avenida Antônio Cabral de Souza,,pdc_nao_realizado,2610707
Avenida Antônio Cabral de Souza,,pdc_nao_realizado,2610707
Avenida Antônio Cabral de Souza,,pdc_nao_realizado,2610707
Avenida Brasil,,pdc_nao_realizado,2610707
Rua do Nobre,,pdc_nao_realizado,2610707
,,pdc_nao_realizado,2610707
Avenida Antônio Cabral de Souza,,pdc_nao_realizado,2610707
Avenida Antônio Cabral de Souza,,pdc_nao_realizado,2610707
Avenida Antônio Cabral de Souza,,pdc_nao_realizado,2610707
Avenida Antônio Cabral de Souza,,pdc_nao_realizado,2610707
Avenida Antônio Cabral de Souza,,pdc_nao_realizado,2610707
Avenida Antônio Cabral de Souza,,pdc_nao_realizado,2610707
,,pdc_nao_realizado,2610707
Avenida Antônio Cabral de Souza,,pdc_nao_realizado,2610707
Avenida Antônio Cabral de Souza,,pdc_nao_realizado,2610707
,,pdc_nao_realizado,2610707
Avenida Antônio Cabral de Souza,,pdc_nao_realizado,2610707
Avenida Antônio Cabral de Souza,,pdc_nao_realizado,2610707
Avenida Antônio Cabral de Souza,,pdc_nao_realizado,2610707
,,pdc_nao_realizado,2610707
,,pdc_nao_realizado,2610707
,,pdc_nao_realizado,2610707
,,pdc_nao_realizado,2610707
Avenida Antônio Cabral de Souza,,pdc_nao_realizado,2610707
Avenida Antônio Cabral de Souza,,pdc_nao_realizado,2610707
,,pdc_nao_realizado,2610707
Avenida Antônio Cabral de Souza,,pdc_nao_realizado,2610707
Avenida Antônio Cabral de Souza,,pdc_nao_realizado,2610707
Avenida Antônio Cabral de Souza,,pdc_nao_realizado,2610707
Avenida Antônio Cabral de Souza,,pdc_nao_realizado,2610707
Rua Sessenta e Um,,pdc_nao_realizado,2600054
Avenida Antônio Cabral de Souza,,pdc_nao_realizado,2610707
Avenida Antônio Cabral de Souza,,pdc_nao_realizado,2610707
Avenida Antônio Cabral de Souza,,pdc_nao_realizado,2610707
Avenida Antônio Cabral de Souza,,pdc_nao_realizado,2610707
Avenida Antônio Cabral de Souza,,pdc_nao_realizado,2610707
Rua Sessenta e Um,,pdc_nao_realizado,2600054
Avenida Antônio Cabral de Souza,,pdc_nao_realizado,2610707
Avenida Antônio Cabral de Souza,,pdc_nao_realizado,2610707
Avenida Antônio Cabral de Souza,,pdc_nao_realizado,2610707
Avenida Antônio Cabral de Souza,,pdc_nao_realizado,2610707
Avenida Antônio Cabral de Souza,,pdc_nao_realizado,2610707
Avenida Antônio Cabral de Souza,,pdc_nao_realizado,2610707
Avenida Antônio Cabral de Souza,,pdc_nao_realizado,2610707
Avenida Antônio Cabral de Souza,,pdc_nao_realizado,2610707
Avenida Antônio Cabral de Souza,,pdc_nao_realizado,2610707
Avenida Antônio Cabral de Souza,,pdc_nao_realizado,2610707
Avenida Antônio Cabral de Souza,,pdc_nao_realizado,2610707
Avenida Antônio Cabral de Souza,,pdc_nao_realizado,2610707
Rua Ananias Lacerda de Andrade,,pdc_nao_realizado,2600054
Rua Quartzo,,pdc_nao_realizado,2600054
Luiz Carlos Anastácio,,pdc_nao_realizado,2600054
Rua Ananias Lacerda de Andrade,,pdc_nao_realizado,2600054
Rua Ananias Lacerda de Andrade,,pdc_nao_realizado,2600054
Rua Sessenta e Um,,pdc_nao_realizado,2600054
Rua José Juca,,pdc_nao_realizado,2600054
Rua Caruaru,,pdc_nao_realizado,2600054
Rua do Eucalipto,,pdc_nao_realizado,2600054
Avenida João Pereira de Oliveira,,pdc_nao_realizado,2610707
Avenida João Pereira de Oliveira,,pdc_nao_realizado,2610707
Avenida João Pereira de Oliveira,,pdc_nao_realizado,2610707
Avenida João Pereira de Oliveira,,pdc_nao_realizado,2610707
Avenida João Pereira de Oliveira,,pdc_nao_realizado,2610707
Avenida João Pereira de Oliveira,,pdc_nao_realizado,2610707
Avenida João Pereira de Oliveira,,pdc_nao_realizado,2610707
Avenida João Pereira de Oliveira,,pdc_nao_realizado,2610707
Avenida João Pereira de Oliveira,,pdc_nao_realizado,2610707
Avenida João Pereira de Oliveira,,pdc_nao_realizado,2610707
Avenida Doutor Cláudio José Gueiros Leite,,pdc_nao_realizado,2610707
,,pdc_nao_realizado,2610707
Avenida Doutor Cláudio José Gueiros Leite,,pdc_nao_realizado,2610707
,,pdc_nao_realizado,2610707
Avenida Doutor Cláudio José Gueiros Leite,,pdc_nao_realizado,2610707
Avenida Doutor Cláudio José Gueiros Leite,,pdc_nao_realizado,2610707
Avenida Doutor Cláudio José Gueiros Leite,,pdc_nao_realizado,2610707
Avenida Doutor Cláudio José Gueiros Leite,,pdc_nao_realizado,2610707
Avenida Doutor Cláudio José Gueiros Leite,,pdc_nao_realizado,2610707
Avenida Doutor Cláudio José Gueiros Leite,,pdc_nao_realizado,2610707
Avenida Doutor Cláudio José Gueiros Leite,,pdc_nao_realizado,2610707
Avenida Doutor Cláudio José Gueiros Leite,,pdc_nao_realizado,2610707
Avenida A,,pdc_nao_realizado,2610707
Avenida A,,pdc_nao_realizado,2610707
Avenida A,,pdc_nao_realizado,2610707
Avenida A,,pdc_nao_realizado,2610707
Avenida A,,pdc_nao_realizado,2610707
Avenida A,,pdc_nao_realizado,2610707
Avenida A,,pdc_nao_realizado,2610707
Avenida A,,pdc_nao_realizado,2610707
Avenida A,,pdc_nao_realizado,2610707
Avenida A,,pdc_nao_realizado,2610707
Avenida A,,pdc_nao_realizado,2610707
Avenida A,,pdc_nao_realizado,2610707
Avenida A,,pdc_nao_realizado,2610707
Avenida A,,pdc_nao_realizado,2610707
Avenida A,,pdc_nao_realizado,2610707
Avenida A,,pdc_nao_realizado,2610707
Avenida A,,pdc_nao_realizado,2610707
Rua Nossa Senhora do Carmo do Jangá,,pdc_nao_realizado,2610707
Avenida B,,pdc_nao_realizado,2610707
Avenida B,,pdc_nao_realizado,2610707
Rua Oitenta e Um,,pdc_nao_realizado,2610707
Rua Nossa Senhora do Carmo do Jangá,,pdc_nao_realizado,2610707
Rua Nossa Senhora do Carmo do Jangá,,pdc_nao_realizado,2610707
Avenida Doutor Cláudio José Gueiros Leite,,pdc_nao_realizado,2610707
,,pdc_nao_realizado,2610707
Avenida E,,pdc_nao_realizado,2610707
Avenida E,,pdc_nao_realizado,2610707
Avenida E,,pdc_nao_realizado,2610707
Avenida E,,pdc_nao_realizado,2610707
Avenida E,,pdc_nao_realizado,2610707
,,pdc_nao_realizado,2610707
Estrada de Nova Cruz,,pdc_nao_realizado,2606804
Rua João Alfredo,,pdc_nao_realizado,2606804
Estrada de Nova Cruz,,pdc_nao_realizado,2606804
Estrada da Nova Cruz,,pdc_nao_realizado,2606804
Rua João Alfredo,,pdc_nao_realizado,2606804
Estrada de Nova Cruz,,pdc_nao_realizado,2606804
Estrada de Nova Cruz,,pdc_nao_realizado,2606804
Estrada de Nova Cruz,,pdc_nao_realizado,2606804
Rua Jardim Bela Vista,,pdc_nao_realizado,2606804
Avenida Joaquim Nabuco,,pdc_nao_realizado,2606804
Estrada da Nova Cruz,,pdc_nao_realizado,2606804
Estrada de Nova Cruz,,pdc_nao_realizado,2606804
Rua Jardim Bela Vista,,pdc_nao_realizado,2606804
Rua Jardim Bela Vista,,pdc_nao_realizado,2606804
Estrada da Nova Cruz,,pdc_nao_realizado,2606804
Estrada de Nova Cruz,,pdc_nao_realizado,2606804
Estrada de Nova Cruz,,pdc_nao_realizado,2606804
Estrada de Nova Cruz,,pdc_nao_realizado,2606804
Rua Jardim Bela Vista,,pdc_nao_realizado,2606804
Rua das Mangueiras,,pdc_nao_realizado,2606804
Estrada de Nova Cruz,,pdc_nao_realizado,2606804
Estrada de Nova Cruz,,pdc_nao_realizado,2606804
Estrada de Nova Cruz,,pdc_nao_realizado,2606804
Rua Vinte e Sete de Setembro,,pdc_nao_realizado,2606804
Rua Vinte e Sete de Setembro,,pdc_nao_realizado,2606804
,,pdc_nao_realizado,2606804
,,pdc_nao_realizado,2606804
,,pdc_nao_realizado,2606804
,,pdc_nao_realizado,2606804
Rua Vinte e Sete de Setembro,,pdc_nao_realizado,2606804
Rua Doutor João Elisio,,pdc_nao_realizado,2606804
Avenida Marechal Hermes,,pdc_nao_realizado,2606804
Rua Marechal Hermes,,pdc_nao_realizado,2606804
Rua Doutor João Elisio,,pdc_nao_realizado,2606804
,,pdc_nao_realizado,2606804
Avenida General Manoel Rabelo,,pdc_nao_realizado,2607901
Avenida General Manoel Rabelo,,pdc_nao_realizado,2607901
Avenida General Manoel Rabelo,,pdc_nao_realizado,2607901
Avenida General Manoel Rabelo,,pdc_nao_realizado,2607901
Avenida Visconde do Rio Branco,,pdc_nao_realizado,2607901
Rua Desembargador Henrique Capitulino,,pdc_nao_realizado,2607901
Avenida Barão de Lucena,,pdc_nao_realizado,2607901
Avenida General Manoel Rabelo,,pdc_nao_realizado,2607901
Avenida Barão de Lucena,,pdc_nao_realizado,2607901
Avenida General Manoel Rabelo,,pdc_nao_realizado,2607901
Avenida General Manoel Rabelo,,pdc_nao_realizado,2607901
Avenida General Manoel Rabelo,,pdc_nao_realizado,2607901
Avenida General Manoel Rabelo,,pdc_nao_realizado,2607901
Avenida General Manoel Rabelo,,pdc_nao_realizado,2607901
Avenida General Manoel Rabelo,,pdc_nao_realizado,2607901
PE-007,,pdc_nao_realizado,2607901
PE-007,,pdc_nao_realizado,2607901
Avenida Barão de Lucena,,pdc_nao_realizado,2607901
Avenida General Manoel Rabelo,,pdc_nao_realizado,2607901
Avenida General Manoel Rabelo,,pdc_nao_realizado,2607901
Rua Pampulha,,pdc_nao_realizado,2611606
Rua Landelino Câmara,,pdc_nao_realizado,2611606
Rua Adolfo Faro,,pdc_nao_realizado,2611606
Rua Doutor Gonzaga Maranhão,,pdc_nao_realizado,2611606
Rua Santos Cosme e Damião,,pdc_nao_realizado,2611606
Rua Pampulha,,pdc_nao_realizado,2611606
Rua Pampulha,,pdc_nao_realizado,2611606
Rua Pampulha,,pdc_nao_realizado,2611606
Rua Potengy,,pdc_realizado_designado,2611606
Rua Landelino Câmara,,pdc_nao_realizado,2611606
Rua Pampulha,,pdc_nao_realizado,2611606
Rua Pampulha,,pdc_nao_realizado,2611606
Rua Pampulha,,pdc_nao_realizado,2611606
Rua Francisco Barreto,,pdc_nao_realizado,2611606
Travessa da Linha,,pdc_nao_realizado,2607901
Calçadão,,pdc_nao_realizado,2607901
Calçadão,,pdc_nao_realizado,2607901
Travessa da Linha,,pdc_nao_realizado,2607901
Rua Professor Nilo Peçanha,,pdc_nao_realizado,2607901
Rua Professor Nilo Peçanha,,pdc_nao_realizado,2607901
Rua Professor Nilo Peçanha,,pdc_nao_realizado,2607901
Rua Professor Nilo Peçanha,,pdc_nao_realizado,2607901
Travessa Manuel Alves Deus Dará,,pdc_nao_realizado,2611606
Avenida Bicentenario da Revolução Francesa,,pdc_nao_realizado,2611606
Avenida Bicentenario da Revolução Francesa,,pdc_nao_realizado,2611606
Avenida Bicentenario da Revolução Francesa,,pdc_nao_realizado,2611606
Avenida Bicentenario da Revolução Francesa,,pdc_nao_realizado,2611606
Avenida Bicentenario da Revolução Francesa,,pdc_nao_realizado,2611606
Avenida Bicentenario da Revolução Francesa,,pdc_nao_realizado,2611606
Avenida Bicentenario da Revolução Francesa,,pdc_nao_realizado,2611606
Avenida Bicentenario da Revolução Francesa,,pdc_nao_realizado,2611606
Avenida Bicentenario da Revolução Francesa,,pdc_nao_realizado,2611606
Travessa Manuel Alves Deus Dará,,pdc_nao_realizado,2611606
Avenida Caxangá,,pdc_nao_realizado,2611606
Avenida Caxangá,,pdc_nao_realizado,2611606
Avenida Caxangá,,pdc_nao_realizado,2611606
Rua Benfica,,pdc_nao_realizado,2611606
Avenida Caxangá,,pdc_nao_realizado,2611606
Rua Real da Torre,,pdc_nao_realizado,2611606
Avenida Caxangá,,pdc_nao_realizado,2611606
Avenida Joaquim Ribeiro,,pdc_nao_realizado,2611606
Avenida Caxangá,,pdc_nao_realizado,2611606
Avenida Caxangá,,pdc_nao_realizado,2611606
Avenida Caxangá,,pdc_nao_realizado,2611606
Avenida Caxangá,,pdc_nao_realizado,2611606
Avenida Caxangá,,pdc_nao_realizado,2611606
Corredor Exclusivo BRT Leste - Oeste,,pdc_nao_realizado,2611606
Avenida Caxangá,,pdc_nao_realizado,2611606
Avenida Caxangá,,pdc_nao_realizado,2611606
Avenida Caxangá,,pdc_nao_realizado,2611606
Avenida Caxangá,,pdc_nao_realizado,2611606
Avenida Caxangá,,pdc_nao_realizado,2611606
Avenida Caxangá,,pdc_nao_realizado,2611606
Avenida Caxangá,,pdc_nao_realizado,2611606
Avenida Caxangá,,pdc_nao_realizado,2611606
Avenida Caxangá,,pdc_nao_realizado,2611606
Avenida Caxangá,,pdc_nao_realizado,2611606
Avenida Caxangá,,pdc_nao_realizado,2611606
Rua Benfica,,pdc_nao_realizado,2611606
Avenida Caxangá,,pdc_nao_realizado,2611606
Avenida Caxangá,,pdc_nao_realizado,2611606
Avenida Caxangá,,pdc_nao_realizado,2611606
Avenida Caxangá,,pdc_nao_realizado,2611606
Avenida Caxangá,,pdc_nao_realizado,2611606
Avenida Caxangá,,pdc_nao_realizado,2611606
Avenida Caxangá,,pdc_nao_realizado,2611606
Avenida Caxangá,,pdc_nao_realizado,2611606
Rua Benfica,,pdc_nao_realizado,2611606
Avenida Caxangá,,pdc_nao_realizado,2611606
Avenida Caxangá,,pdc_nao_realizado,2611606
Avenida Caxangá,,pdc_nao_realizado,2611606
Avenida Caxangá,,pdc_nao_realizado,2611606
Avenida Caxangá,,pdc_nao_realizado,2611606
Avenida Caxangá,,pdc_nao_realizado,2611606
Avenida Caxangá,,pdc_nao_realizado,2611606
Avenida Caxangá,,pdc_nao_realizado,2611606
Avenida Caxangá,,pdc_nao_realizado,2611606
Avenida Joaquim Ribeiro,,pdc_nao_realizado,2611606
Avenida Joaquim Ribeiro,,pdc_nao_realizado,2611606
Avenida Caxangá,,pdc_nao_realizado,2611606
Avenida Caxangá,,pdc_nao_realizado,2611606
Avenida Caxangá,,pdc_nao_realizado,2611606
Avenida Caxangá,,pdc_nao_realizado,2611606
Avenida Caxangá,,pdc_nao_realizado,2611606
Avenida Caxangá,,pdc_nao_realizado,2611606
Avenida Caxangá,,pdc_nao_realizado,2611606
Avenida Caxangá,,pdc_nao_realizado,2611606
Avenida Caxangá,,pdc_nao_realizado,2611606
Corredor Exclusivo BRT Leste - Oeste,,pdc_nao_realizado,2611606
Rua Benfica,,pdc_nao_realizado,2611606
Rua Benfica,,pdc_nao_realizado,2611606
Avenida Caxangá,,pdc_nao_realizado,2611606
Avenida Caxangá,,pdc_nao_realizado,2611606
Avenida Caxangá,,pdc_nao_realizado,2611606
Rua Benfica,,pdc_nao_realizado,2611606
Avenida General Manoel Rabelo,,pdc_nao_realizado,2607901
Avenida Doutor José Rufino,,pdc_nao_realizado,2611606
Ponte Lacerda,,pdc_nao_realizado,2611606
Avenida Falcão de Lacerda,,pdc_nao_realizado,2607901
Avenida Falcão de Lacerda,,pdc_nao_realizado,2607901
Avenida Falcão de Lacerda,,pdc_nao_realizado,2611606
Avenida Falcão de Lacerda,,pdc_nao_realizado,2607901
Avenida Falcão de Lacerda,,pdc_nao_realizado,2607901
Ciclovia Camilo Simões,,pdc_realizado_designado,2609600
Avenida Doutor José Rufino,,pdc_nao_realizado,2611606
Avenida Governador Agamenon Magalhães,,pdc_nao_realizado,2611606
Avenida Governador Agamenon Magalhães,,pdc_nao_realizado,2611606
Avenida Governador Agamenon Magalhães,,pdc_nao_realizado,2611606
Avenida Governador Agamenon Magalhães,,pdc_nao_realizado,2611606
,,pdc_nao_realizado,2611606
Avenida Governador Agamenon Magalhães,,pdc_nao_realizado,2611606
Avenida Governador Agamenon Magalhães,,pdc_nao_realizado,2611606
Avenida Governador Agamenon Magalhães,,pdc_nao_realizado,2611606
Avenida Governador Agamenon Magalhães,,pdc_nao_realizado,2611606
Avenida Beira Rio,,pdc_nao_realizado,2611606
Avenida Governador Agamenon Magalhães,,pdc_nao_realizado,2611606
Avenida Governador Agamenon Magalhães,,pdc_nao_realizado,2611606
Avenida Governador Agamenon Magalhães,,pdc_nao_realizado,2611606
Avenida Governador Agamenon Magalhães,,pdc_nao_realizado,2611606
Avenida Governador Agamenon Magalhães,,pdc_nao_realizado,2611606
Ciclovia Camilo Simões,,pdc_realizado_designado,2611606
Ciclovia Camilo Simões,,pdc_realizado_designado,2609600
Ciclovia Camilo Simões,,pdc_realizado_designado,2609600
Ciclovia Camilo Simões,,pdc_realizado_designado,2609600
Avenida Governador Agamenon Magalhães,,pdc_nao_realizado,2611606
Avenida Governador Agamenon Magalhães,,pdc_realizado_designado,2611606
Avenida Governador Agamenon Magalhães,,pdc_nao_realizado,2611606
Avenida Governador Agamenon Magalhães,,pdc_nao_realizado,2611606
Ciclovia Camilo Simões,,pdc_realizado_designado,2609600
Avenida Governador Agamenon Magalhães,,pdc_nao_realizado,2611606
Avenida Governador Agamenon Magalhães,,pdc_nao_realizado,2611606
Avenida Governador Agamenon Magalhães,,pdc_nao_realizado,2611606
Avenida Governador Agamenon Magalhães,,pdc_nao_realizado,2611606
Avenida Governador Agamenon Magalhães,,pdc_nao_realizado,2611606
Avenida Governador Agamenon Magalhães,,pdc_nao_realizado,2611606
Avenida Governador Agamenon Magalhães,,pdc_nao_realizado,2611606
Avenida Governador Agamenon Magalhães,,pdc_nao_realizado,2611606
Avenida Governador Agamenon Magalhães,,pdc_nao_realizado,2611606
Avenida Governador Agamenon Magalhães,,pdc_nao_realizado,2611606
Avenida Governador Agamenon Magalhães,,pdc_nao_realizado,2611606
Avenida Governador Agamenon Magalhães,,pdc_nao_realizado,2611606
Avenida Governador Agamenon Magalhães,,pdc_nao_realizado,2611606
Ciclovia Camilo Simões,,pdc_realizado_designado,2609600
Ciclovia Agamenon Magalhães,,pdc_realizado_designado,2611606
Ciclovia Agamenon Magalhães,,pdc_realizado_designado,2611606
Avenida Governador Agamenon Magalhães,,pdc_nao_realizado,2611606
Avenida Governador Agamenon Magalhães,,pdc_nao_realizado,2611606
Estrada dos Remédios,,pdc_nao_realizado,2611606
Estrada dos Remédios,,pdc_nao_realizado,2611606
Estrada dos Remédios,,pdc_nao_realizado,2611606
Estrada dos Remédios,,pdc_nao_realizado,2611606
Estrada dos Remédios,,pdc_nao_realizado,2611606
Estrada dos Remédios,,pdc_nao_realizado,2611606
Estrada dos Remédios,,pdc_nao_realizado,2611606
Estrada dos Remédios,,pdc_nao_realizado,2611606
Estrada dos Remédios,,pdc_nao_realizado,2611606
Estrada dos Remédios,,pdc_nao_realizado,2611606
Estrada dos Remédios,,pdc_nao_realizado,2611606
Avenida Beira Rio,,pdc_nao_realizado,2611606
Avenida Beira Rio,,pdc_nao_realizado,2611606
Avenida Beira Rio,,pdc_nao_realizado,2611606
Avenida Beira Rio,,pdc_nao_realizado,2611606
Avenida Beira Rio,,pdc_nao_realizado,2611606
Rua Heitor Maia Filho,,pdc_nao_realizado,2611606
Avenida Beira Rio,,pdc_nao_realizado,2611606
Avenida Beira Rio,,pdc_nao_realizado,2611606
Avenida Beira Rio,,pdc_nao_realizado,2611606
Avenida Beira Rio,,pdc_nao_realizado,2611606
Avenida Beira Rio,,pdc_nao_realizado,2611606
Rua Estado de Israel,,pdc_realizado_designado,2611606
Praça Miguel de Cervantes,,pdc_realizado_designado,2611606
Praça Miguel de Cervantes,,pdc_nao_realizado,2611606
Avenida Manoel Borba,,pdc_nao_realizado,2611606
Avenida Lins Petit,,pdc_nao_realizado,2611606
Avenida Manoel Borba,,pdc_nao_realizado,2611606
Avenida Lins Petit,,pdc_nao_realizado,2611606
Rua Estado de Israel,,pdc_nao_realizado,2611606
Avenida Manoel Borba,,pdc_nao_realizado,2611606
Avenida Doutor Belmino Correia,,pdc_nao_realizado,2603454
Avenida Manoel Borba,,pdc_nao_realizado,2611606
Rua Estado de Israel,,pdc_nao_realizado,2611606
Rua Estado de Israel,,pdc_realizado_designado,2611606
Rua Estado de Israel,,pdc_nao_realizado,2611606
Avenida Doutor Belmino Correia,,pdc_nao_realizado,2603454
Avenida Doutor Belmino Correia,,pdc_nao_realizado,2603454
Avenida Doutor Belmino Correia,,pdc_nao_realizado,2603454
Avenida Doutor Belmino Correia,,pdc_nao_realizado,2603454
Avenida Doutor Belmino Correia,,pdc_nao_realizado,2603454
Avenida Doutor Belmino Correia,,pdc_nao_realizado,2603454
Avenida Doutor Belmino Correia,,pdc_nao_realizado,2603454
Avenida Doutor Belmino Correia,,pdc_nao_realizado,2603454
Avenida Doutor Belmino Correia,,pdc_nao_realizado,2603454
Avenida Doutor Belmino Correia,,pdc_nao_realizado,2603454
Avenida Doutor Belmino Correia,,pdc_nao_realizado,2603454
Avenida Doutor Belmino Correia,,pdc_nao_realizado,2603454
Avenida Doutor Belmino Correia,,pdc_nao_realizado,2603454
Avenida Doutor Belmino Correia,,pdc_nao_realizado,2603454
Avenida Doutor Belmino Correia,,pdc_nao_realizado,2603454
Avenida Doutor Belmino Correia,,pdc_nao_realizado,2603454
Avenida Doutor Belmino Correia,,pdc_nao_realizado,2603454
Rua Manuel de Medeiros,,pdc_nao_realizado,2611606
Avenida Doutor Belmino Correia,,pdc_nao_realizado,2603454
Avenida Doutor Belmino Correia,,pdc_nao_realizado,2603454
Avenida Doutor Belmino Correia,,pdc_nao_realizado,2603454
Avenida Doutor Belmino Correia,,pdc_nao_realizado,2603454
Avenida Doutor Belmino Correia,,pdc_nao_realizado,2603454
Avenida Doutor Belmino Correia,,pdc_nao_realizado,2603454
Avenida Doutor Belmino Correia,,pdc_nao_realizado,2603454
Avenida Doutor Belmino Correia,,pdc_nao_realizado,2603454
Avenida Doutor Belmino Correia,,pdc_nao_realizado,2603454
Avenida Doutor Belmino Correia,,pdc_nao_realizado,2603454
Avenida Doutor Belmino Correia,,pdc_nao_realizado,2603454
Avenida Doutor Belmino Correia,,pdc_nao_realizado,2603454
Avenida Doutor Belmino Correia,,pdc_nao_realizado,2603454
Avenida Doutor Belmino Correia,,pdc_nao_realizado,2603454
Avenida Doutor Belmino Correia,,pdc_nao_realizado,2603454
Avenida Doutor Belmino Correia,,pdc_nao_realizado,2603454
Avenida Doutor Belmino Correia,,pdc_nao_realizado,2603454
Avenida Doutor Belmino Correia,,pdc_nao_realizado,2603454
Avenida Doutor Belmino Correia,,pdc_nao_realizado,2603454
Avenida Doutor Belmino Correia,,pdc_nao_realizado,2603454
Avenida Doutor Belmino Correia,,pdc_nao_realizado,2603454
Avenida Doutor Belmino Correia,,pdc_nao_realizado,2603454
Avenida Doutor Belmino Correia,,pdc_nao_realizado,2603454
Avenida Doutor Belmino Correia,,pdc_nao_realizado,2603454
Avenida Doutor Belmino Correia,,pdc_nao_realizado,2603454
Avenida Doutor Belmino Correia,,pdc_nao_realizado,2603454
Rua Manuel de Medeiros,,pdc_nao_realizado,2611606
Rua Manuel de Medeiros,,pdc_nao_realizado,2611606
Rua Manuel de Medeiros,,pdc_nao_realizado,2611606
Rua Manuel de Medeiros,,pdc_nao_realizado,2611606
Rua Dois Irmãos,,pdc_nao_realizado,2611606
Rua Manuel de Medeiros,,pdc_nao_realizado,2611606
Rua Dois Irmãos,,pdc_nao_realizado,2611606
Rua Dois Irmãos,,pdc_nao_realizado,2611606
Rua Manuel de Medeiros,,pdc_nao_realizado,2611606
Rua Ribeiro Pessoa,,pdc_nao_realizado,2611606
Rua Manuel de Medeiros,,pdc_nao_realizado,2611606
Rua Manuel de Medeiros,,pdc_nao_realizado,2611606
Rua Manuel de Medeiros,,pdc_nao_realizado,2611606
Rua Dois Irmãos,,pdc_nao_realizado,2611606
Rua Manuel de Medeiros,,pdc_nao_realizado,2611606
Rua Manuel de Medeiros,,pdc_nao_realizado,2611606
Rua Manuel de Medeiros,,pdc_nao_realizado,2611606
Rua Manuel de Medeiros,,pdc_nao_realizado,2611606
Ponte da Volta ao Mundo,,pdc_nao_realizado,2611606
Rua Ribeiro Pessoa,,pdc_nao_realizado,2611606
Rua Ribeiro Pessoa,,pdc_nao_realizado,2611606
Rua Dois Irmãos,,pdc_nao_realizado,2611606
Rua Gregório Júnior,,pdc_nao_realizado,2611606
Avenida Transamazônica,,pdc_nao_realizado,2609600
Avenida Transamazônica,,pdc_nao_realizado,2609600
Avenida Transamazônica,,pdc_nao_realizado,2609600
Avenida Transamazônica,,pdc_nao_realizado,2609600
Avenida Transamazônica,,pdc_nao_realizado,2609600
,,pdc_nao_realizado,2609600
Avenida Antônio da Costa Azevedo,,pdc_nao_realizado,2609600
Avenida Antônio da Costa Azevedo,,pdc_nao_realizado,2609600
Avenida Cidade de Monteiro,,pdc_nao_realizado,2609600
Avenida Antônio da Costa Azevedo,,pdc_nao_realizado,2609600
Avenida Antônio da Costa Azevedo,,pdc_nao_realizado,2609600
,,pdc_nao_realizado,2609600
Avenida Cidade de Monteiro,,pdc_nao_realizado,2611606
Avenida Cidade de Monteiro,,pdc_nao_realizado,2611606
Avenida Cidade de Monteiro,,pdc_nao_realizado,2611606
Avenida Beberibe,,pdc_nao_realizado,2611606
Avenida Cidade de Monteiro,,pdc_nao_realizado,2611606
Avenida Cidade de Monteiro,,pdc_nao_realizado,2611606
,,pdc_nao_realizado,2611606
Avenida Cidade de Monteiro,,pdc_nao_realizado,2609600
Avenida Cidade de Monteiro,,pdc_nao_realizado,2611606
Avenida Cidade de Monteiro,,pdc_nao_realizado,2611606
Avenida Cidade de Monteiro,,pdc_realizado_designado,2611606
Avenida Cidade de Monteiro,,pdc_realizado_designado,2611606
Avenida Cidade de Monteiro,,pdc_realizado_designado,2611606
Avenida Cidade de Monteiro,,pdc_nao_realizado,2611606
Avenida Cidade de Monteiro,,pdc_nao_realizado,2611606
Avenida Cidade de Monteiro,,pdc_realizado_designado,2611606
Avenida Cidade de Monteiro,,pdc_nao_realizado,2611606
Avenida Cidade de Monteiro,,pdc_nao_realizado,2611606
Avenida Cidade de Monteiro,,pdc_nao_realizado,2611606
Avenida Cidade de Monteiro,,pdc_nao_realizado,2611606
Avenida Marcos Freire,,pdc_nao_realizado,2609600
Avenida Beira Mar,,pdc_realizado_designado,2609600
Avenida Beira Mar,,pdc_realizado_designado,2609600
Avenida D,,pdc_realizado_designado,2600054
Avenida D,,pdc_nao_realizado,2600054
Avenida D,,pdc_realizado_designado,2600054
Avenida D,,pdc_realizado_designado,2600054
Avenida D,,pdc_realizado_designado,2600054
Avenida D,,pdc_realizado_designado,2600054
Avenida D,,pdc_realizado_designado,2600054
Avenida D,,pdc_realizado_designado,2600054
Avenida D,,pdc_realizado_designado,2600054
Avenida D,,pdc_realizado_designado,2600054
Avenida D,,pdc_realizado_designado,2600054
Avenida D,,pdc_realizado_designado,2600054
Avenida D,,pdc_realizado_designado,2600054
Avenida D,,pdc_realizado_designado,2600054
Avenida D,,pdc_realizado_designado,2600054
Avenida D,,pdc_realizado_designado,2600054
Avenida D,,pdc_realizado_designado,2600054
Avenida D,,pdc_realizado_designado,2600054
Avenida D,,pdc_realizado_designado,2600054
Avenida D,,pdc_realizado_designado,2600054
Avenida D,,pdc_realizado_designado,2600054
Avenida D,,pdc_realizado_designado,2600054
Avenida D,,pdc_realizado_designado,2600054
Avenida D,,pdc_realizado_designado,2600054
,,pdc_realizado_designado,2607901
Rua Quarenta,,pdc_nao_realizado,2600054
Rua Quarenta,,pdc_nao_realizado,2600054
Rua Quarenta e Um,,pdc_nao_realizado,2600054
Rua Quarenta e Um,,pdc_nao_realizado,2600054
Rua Quarenta e Um,,pdc_nao_realizado,2600054
Rua Quarenta e Um,,pdc_nao_realizado,2600054
Rua Quarenta e Um,,pdc_nao_realizado,2600054
Rua Quarenta e Um,,pdc_nao_realizado,2600054
Rua Quarenta,,pdc_nao_realizado,2600054
Rodovia Governador Mário Covas,,pdc_nao_realizado,2606804
Avenida Alfredo Bandeira de Melo,,pdc_nao_realizado,2606804
Rodovia Governador Mário Covas,,pdc_nao_realizado,2606804
Avenida Doutor José Rufino,,pdc_nao_realizado,2611606
Rodovia Governador Mário Covas,,pdc_nao_realizado,2606804
,,pdc_nao_realizado,2606804
,,pdc_nao_realizado,2606804
Rodovia Governador Mário Covas,,pdc_nao_realizado,2606804
Rodovia Governador Mário Covas,,pdc_nao_realizado,2606804
Rodovia Governador Mário Covas,,pdc_nao_realizado,2606804
Rodovia Governador Mário Covas,,pdc_nao_realizado,2606804
Rodovia Governador Mário Covas,,pdc_nao_realizado,2607752
Rodovia Governador Mário Covas,,pdc_nao_realizado,2606804
Rodovia Governador Mário Covas,,pdc_nao_realizado,2606804
Rodovia Governador Mário Covas,,pdc_nao_realizado,2607752
Avenida Alfredo Bandeira de Melo,,pdc_nao_realizado,2606804
Rodovia Governador Mário Covas,,pdc_nao_realizado,2606804
Rodovia Governador Mário Covas,,pdc_nao_realizado,2606804
Rodovia Governador Mário Covas,,pdc_nao_realizado,2606804
Rodovia Governador Mário Covas,,pdc_nao_realizado,2606804
Rodovia Governador Mário Covas,,pdc_nao_realizado,2606804
,,pdc_realizado_designado,2607901
Rodovia Governador Mário Covas,,pdc_nao_realizado,2606804
Rodovia Governador Mário Covas,,pdc_nao_realizado,2606804
Rodovia Governador Mário Covas,,pdc_nao_realizado,2607752
Rodovia Governador Mário Covas,,pdc_nao_realizado,2606804
Rodovia Governador Mário Covas,,pdc_nao_realizado,2606804
,,pdc_nao_realizado,2607901
,,pdc_realizado_designado,2607901
Ponte do Paiva,,pdc_realizado_designado,2607901
,,pdc_nao_realizado,2607901
,,pdc_realizado_designado,2607901
,,pdc_realizado_designado,2607901
Avenida Doutor José Rufino,,pdc_nao_realizado,2611606
Avenida Doutor José Rufino,,pdc_nao_realizado,2611606
Avenida Doutor José Rufino,,pdc_nao_realizado,2611606
Avenida Doutor José Rufino,,pdc_nao_realizado,2611606
Avenida Doutor José Rufino,,pdc_nao_realizado,2611606
Rua São Miguel,,pdc_nao_realizado,2611606
Rua São Miguel,,pdc_nao_realizado,2611606
Rua São Miguel,,pdc_nao_realizado,2611606
Rua São Miguel,,pdc_nao_realizado,2611606
Rua São Miguel,,pdc_nao_realizado,2611606
Avenida Doutor José Rufino,,pdc_nao_realizado,2611606
Avenida Doutor José Rufino,,pdc_nao_realizado,2611606
Avenida Doutor José Rufino,,pdc_nao_realizado,2611606
Rua São Miguel,,pdc_nao_realizado,2611606
Rua São Miguel,,pdc_nao_realizado,2611606
Avenida Doutor José Rufino,,pdc_nao_realizado,2611606
Avenida Doutor José Rufino,,pdc_nao_realizado,2611606
Avenida Doutor José Rufino,,pdc_nao_realizado,2611606
Avenida Doutor José Rufino,,pdc_nao_realizado,2611606
Avenida Doutor José Rufino,,pdc_nao_realizado,2611606
Rua São Miguel,,pdc_nao_realizado,2611606
Rua São Miguel,,pdc_nao_realizado,2611606
Rua da Paz,,pdc_nao_realizado,2611606
Avenida Doutor José Rufino,,pdc_nao_realizado,2611606
Avenida Doutor José Rufino,,pdc_nao_realizado,2611606
Avenida Doutor José Rufino,,pdc_nao_realizado,2611606
Avenida Doutor José Rufino,,pdc_nao_realizado,2611606
Avenida Doutor José Rufino,,pdc_nao_realizado,2611606
Rua São Miguel,,pdc_nao_realizado,2611606
Rua São Miguel,,pdc_nao_realizado,2611606
Rua São Miguel,,pdc_nao_realizado,2611606
Rua da Paz,,pdc_nao_realizado,2611606
Avenida Doutor José Rufino,,pdc_nao_realizado,2611606
Avenida Doutor José Rufino,,pdc_nao_realizado,2611606
,,realizado_fora_pdc,2602902
Avenida Doutor José Rufino,,pdc_nao_realizado,2611606
Rua Carlos Gomes,,pdc_realizado_designado,2611606
Rua Carlos Gomes,,pdc_realizado_designado,2611606
Rua Carlos Gomes,,pdc_realizado_designado,2611606
Rua Carlos Gomes,,pdc_realizado_designado,2611606
Avenida D,,realizado_fora_pdc,2600054
Rua das Acácias,,realizado_fora_pdc,2602902
Avenida Vereador Lúcio Fernando Monteiro Pereira,,realizado_fora_pdc,2602902
Rua Vc Vinte e Quatro,,realizado_fora_pdc,2602902
Avenida Isaac Gomes da Costa,,realizado_fora_pdc,2602902
Rua Tenente Manuel Barbosa da Silva,,realizado_fora_pdc,2602902
PE-024,,realizado_fora_pdc,2602902
PE-024,,realizado_fora_pdc,2602902
PE-024,,realizado_fora_pdc,2602902
PE-024,,realizado_fora_pdc,2602902
Avenida Vereador Lúcio Fernando Monteiro Pereira,,realizado_fora_pdc,2602902
PE-024,,realizado_fora_pdc,2602902
Avenida Presidente Getulio Vargas,,realizado_fora_pdc,2602902
Avenida Presidente Getulio Vargas,,realizado_fora_pdc,2602902
Avenida Presidente Getulio Vargas,,realizado_fora_pdc,2602902
Avenida Almirante Paulo Moreira,,realizado_fora_pdc,2602902
Avenida Vereador Lúcio Fernando Monteiro Pereira,,realizado_fora_pdc,2602902
,,realizado_fora_pdc,2602902
PE-024,,realizado_fora_pdc,2602902
,,realizado_fora_pdc,2602902
,,realizado_fora_pdc,2602902
Calçadão da Vila Social,,realizado_fora_pdc,2602902
Calçadão da Vila Roca,,realizado_fora_pdc,2602902
,,realizado_fora_pdc,2602902
,,realizado_fora_pdc,2602902
Avenida Vereador Lúcio Fernando Monteiro Pereira,,realizado_fora_pdc,2602902
PE-024,,realizado_fora_pdc,2602902
Avenida Isaac Gomes da Costa,,realizado_fora_pdc,2602902
PE-024,,realizado_fora_pdc,2602902
PE-024,,realizado_fora_pdc,2602902
Avenida Isaac Gomes da Costa,,realizado_fora_pdc,2602902
Avenida Isaac Gomes da Costa,,realizado_fora_pdc,2602902
Avenida Vereador Lúcio Fernando Monteiro Pereira,,realizado_fora_pdc,2602902
Avenida Vereador Lúcio Fernando Monteiro Pereira,,realizado_fora_pdc,2602902
Avenida Vereador Lúcio Fernando Monteiro Pereira,,realizado_fora_pdc,2602902
,,realizado_fora_pdc,2602902
Avenida Presidente Getulio Vargas,,realizado_fora_pdc,2602902
Ciclovia Praça de Gaibu,,realizado_fora_pdc,2602902
Ciclovia Praça de Gaibu,,realizado_fora_pdc,2602902
,,realizado_fora_pdc,2602902
Ciclovia Praça de Gaibu,,realizado_fora_pdc,2602902
,,realizado_fora_pdc,2602902
Ciclovia Praça de Gaibu,,realizado_fora_pdc,2602902
PE-024,,realizado_fora_pdc,2602902
Avenida Isaac Gomes da Costa,,realizado_fora_pdc,2602902
,,realizado_fora_pdc,2602902
Avenida Vereador Lúcio Fernando Monteiro Pereira,,realizado_fora_pdc,2602902
Avenida Vereador Lúcio Fernando Monteiro Pereira,,realizado_fora_pdc,2602902
Avenida Vereador Lúcio Fernando Monteiro Pereira,,realizado_fora_pdc,2602902
Avenida Vereador Lúcio Fernando Monteiro Pereira,,realizado_fora_pdc,2602902
Avenida Isaac Gomes da Costa,,realizado_fora_pdc,2602902
Avenida Isaac Gomes da Costa,,realizado_fora_pdc,2602902
PE-024,,realizado_fora_pdc,2602902
Avenida Isaac Gomes da Costa,,realizado_fora_pdc,2602902
Avenida Isaac Gomes da Costa,,realizado_fora_pdc,2602902
Avenida Isaac Gomes da Costa,,realizado_fora_pdc,2602902
Avenida Isaac Gomes da Costa,,realizado_fora_pdc,2602902
Avenida Isaac Gomes da Costa,,realizado_fora_pdc,2602902
Rua Marcos Antonio de Barros,,realizado_fora_pdc,2602902
Calçadão do Estudante,,realizado_fora_pdc,2602902
Calçadão da Praça de Gaibu,,realizado_fora_pdc,2602902
Rua Manoel Honorato da Costa,,realizado_fora_pdc,2603454
PE-060,,realizado_fora_pdc,2602902
,,realizado_fora_pdc,2602902
,,realizado_fora_pdc,2602902
,,realizado_fora_pdc,2603454
Rua Padre Ozeas Cavalcante,,realizado_fora_pdc,2603454
Rua Manoel Honorato da Costa,,realizado_fora_pdc,2603454
Rua Manoel Honorato da Costa,,realizado_fora_pdc,2603454
Rua Manoel Honorato da Costa,,realizado_fora_pdc,2603454
Rua Manoel Honorato da Costa,,realizado_fora_pdc,2603454
Avenida Manoel Gomes da Silva,,realizado_fora_pdc,2607208
Rua Mario Julio do Rego,,realizado_fora_pdc,2607208
Rua Silvino Alves da Silva,,realizado_fora_pdc,2607208
Rua Cristovão de Souza Leão,,realizado_fora_pdc,2607208
Travessa Cristóvão de Souza Leão,,realizado_fora_pdc,2607208
Avenida Califórnia,,realizado_fora_pdc,2607208
Avenida Califórnia,,realizado_fora_pdc,2607208
Avenida Califórnia,,realizado_fora_pdc,2607208
Rua Mario Julio do Rego,,realizado_fora_pdc,2607208
Rua do Canal,,realizado_fora_pdc,2607901
,,realizado_fora_pdc,2607901
,,realizado_fora_pdc,2607901
,,realizado_fora_pdc,2607901
Avenida Júlio César,,realizado_fora_pdc,2611606
,,realizado_fora_pdc,2607901
Ciclovia Beira Mar,,realizado_fora_pdc,2607901
,,realizado_fora_pdc,2607901
,,realizado_fora_pdc,2607901
,,realizado_fora_pdc,2607901
,,realizado_fora_pdc,2607901
,,realizado_fora_pdc,2607901
,,realizado_fora_pdc,2607901
,,realizado_fora_pdc,2607901
,,realizado_fora_pdc,2607901
,,realizado_fora_pdc,2607901
,,realizado_fora_pdc,2607901
,,realizado_fora_pdc,2607901
,,realizado_fora_pdc,2607901
,,realizado_fora_pdc,2607901
,,realizado_fora_pdc,2607901
,,realizado_fora_pdc,2607901
,,realizado_fora_pdc,2607901
,,realizado_fora_pdc,2607901
,,realizado_fora_pdc,2607901
,,realizado_fora_pdc,2607901
Ciclovia Avenida Beira-Mar,,realizado_fora_pdc,2609600
Ciclovia Camilo Simões,,realizado_fora_pdc,2609600
Ponte Velha,,realizado_fora_pdc,2611606
Ciclovia Camilo Simões,,realizado_fora_pdc,2609600
Ciclovia Camilo Simões,,realizado_fora_pdc,2609600
,,realizado_fora_pdc,2610707
Rua Ministro João Alberto,,realizado_fora_pdc,2611606
Avenida Inácio Monteiro,,realizado_fora_pdc,2611606
Rua Marquês de Maricá,,realizado_fora_pdc,2611606
Avenida Rio Branco,,realizado_fora_pdc,2611606
Rua da Moeda,,realizado_fora_pdc,2611606
Rua Monte Castelo,,realizado_fora_pdc,2611606
Rua Velha,,realizado_fora_pdc,2611606
Rua do Aragão,,realizado_fora_pdc,2611606
Rua João Cardoso Aires,,realizado_fora_pdc,2611606
Rua Paissandú,,realizado_fora_pdc,2611606
Rua Marcos André,,realizado_fora_pdc,2611606
Rua Marcos André,,realizado_fora_pdc,2611606
Rua Marquês do Paraná,,realizado_fora_pdc,2611606
Rua Marechal Deodoro,,realizado_fora_pdc,2611606
Rua Antônio Rangel,,realizado_fora_pdc,2611606
Rua Marechal Deodoro,,realizado_fora_pdc,2611606
Rua Bruno Veloso,,realizado_fora_pdc,2611606
Rua Copacabana,,realizado_fora_pdc,2611606
Praça da República,,realizado_fora_pdc,2611606
Rua José Veloso,,realizado_fora_pdc,2611606
Rua Itanagé,,realizado_fora_pdc,2611606
Rua da Fundição,,realizado_fora_pdc,2611606
Rua da Saudade,,realizado_fora_pdc,2611606
Rua da Saudade,,realizado_fora_pdc,2611606
Rua do Riachuelo,,realizado_fora_pdc,2611606
Rua do Riachuelo,,realizado_fora_pdc,2611606
Rua Doutor Leopoldo Lins,,realizado_fora_pdc,2611606
Avenida Montevidéu,,realizado_fora_pdc,2611606
Rua Itacari,,realizado_fora_pdc,2611606
Avenida Governador Agamenon Magalhães,,realizado_fora_pdc,2611606
Avenida Governador Agamenon Magalhães,,realizado_fora_pdc,2611606
Avenida Governador Agamenon Magalhães,,realizado_fora_pdc,2611606
Avenida Governador Agamenon Magalhães,,realizado_fora_pdc,2611606
Rua Doutor Leopoldo Lins,,realizado_fora_pdc,2611606
Avenida Montevidéu,,realizado_fora_pdc,2611606
Rua da Palma,,realizado_fora_pdc,2611606
Avenida Governador Agamenon Magalhães,,realizado_fora_pdc,2611606
Avenida Governador Agamenon Magalhães,,realizado_fora_pdc,2611606
Rua Othon Paraíso,,realizado_fora_pdc,2611606
Avenida Oliveira Lima,,realizado_fora_pdc,2611606
Avenida Agamenon Magalhães - Pista Local,,realizado_fora_pdc,2611606
Rua da Matriz,,realizado_fora_pdc,2611606
Rua Othon Paraíso,,realizado_fora_pdc,2611606
Travessa do Cais da Detenção,,realizado_fora_pdc,2611606
Rua do Hospício,,realizado_fora_pdc,2611606
Avenida João de Barros,,realizado_fora_pdc,2611606
Rua Buenos Aires,,realizado_fora_pdc,2611606
Rua Nova,,realizado_fora_pdc,2611606
Rua Matias de Albuquerque,,realizado_fora_pdc,2611606
Rua Imperatriz Teresa Cristina,,realizado_fora_pdc,2611606
Avenida Cruz Cabugá,,realizado_fora_pdc,2611606
Praça da República,,realizado_fora_pdc,2611606
Rua Antônio Gomes de Freitas,,realizado_fora_pdc,2611606
Rua dos Coelhos,,realizado_fora_pdc,2611606
Rua Dom Bosco,,realizado_fora_pdc,2611606
Rua Jean Emile Favre,,realizado_fora_pdc,2611606
Rua Jean Emile Favre,,realizado_fora_pdc,2611606
Rua José de Alencar,,realizado_fora_pdc,2611606
Rua Visconde de Goiana,,realizado_fora_pdc,2611606
Rua José de Alencar,,realizado_fora_pdc,2611606
Rua José de Alencar,,realizado_fora_pdc,2611606
Rua José de Alencar,,realizado_fora_pdc,2611606
Rua Doutor Alberto Wanderley,,realizado_fora_pdc,2611606
Rua Senador José Henrique,,realizado_fora_pdc,2611606
Rua Rosário da Boa Vista,,realizado_fora_pdc,2611606
Rua Padre Inglês,,realizado_fora_pdc,2611606
Avenida Luiz de Lacerda,,realizado_fora_pdc,2611606
Avenida Maurício de Nassau,,realizado_fora_pdc,2611606
Rua Lindolfo Color,,realizado_fora_pdc,2611606
Rua Lindolfo Color,,realizado_fora_pdc,2611606
Rua Carlos Gomes,,realizado_fora_pdc,2611606
Rua Alberto Paiva,,realizado_fora_pdc,2611606
Rua Bruno Veloso,,realizado_fora_pdc,2611606
Rua Félix de Brito Melo,,realizado_fora_pdc,2611606
Rua Félix de Brito Melo,,realizado_fora_pdc,2611606
Rua Professor Estevão Francisco da Costa,,realizado_fora_pdc,2611606
Rua Odete Monteiro,,realizado_fora_pdc,2611606
Rua Dianópolis,,realizado_fora_pdc,2611606
Rua Marquês de Maricá,,realizado_fora_pdc,2611606
Rua Dez de Novembro,,realizado_fora_pdc,2611606
Rua Tomaz Gonzaga,,realizado_fora_pdc,2611606
Rua Souza Bandeira,,realizado_fora_pdc,2611606
Rua Doutor João Lacerda,,realizado_fora_pdc,2611606
Praça Professor Campelo Barreto,,realizado_fora_pdc,2611606
Rua Carandaí,,realizado_fora_pdc,2611606
Avenida Professor Estevão Francisco da Costa,,realizado_fora_pdc,2611606
Rua Joaquim Felipe,,realizado_fora_pdc,2611606
Rua Marcos André,,realizado_fora_pdc,2611606
Rua Marcos André,,realizado_fora_pdc,2611606
Rua Real da Torre,,realizado_fora_pdc,2611606
Rua Pio IX,,realizado_fora_pdc,2611606
Rua Bruno Veloso,,realizado_fora_pdc,2611606
Rua Treze de Maio,,realizado_fora_pdc,2611606
Rua Bispo Cardoso Ayres,,realizado_fora_pdc,2611606
Rua Doutor Leopoldo Lins,,realizado_fora_pdc,2611606
Rua do Veiga,,realizado_fora_pdc,2611606
Rua Barros Barreto,,realizado_fora_pdc,2611606
Rua Alegre,,realizado_fora_pdc,2611606
Rua São Bento,,realizado_fora_pdc,2611606
Rua Neto de Mendonça,,realizado_fora_pdc,2611606
Rua Parque das Graças,,realizado_fora_pdc,2611606
Rua Doutor José Maria,,realizado_fora_pdc,2611606
Rua Alberto Paiva,,realizado_fora_pdc,2611606
Rua Esmeraldino Bandeira,,realizado_fora_pdc,2611606
Rua Frei Cassimiro,,realizado_fora_pdc,2611606
Rua Frei Cassimiro,,realizado_fora_pdc,2611606
Rua Tupinambás,,realizado_fora_pdc,2611606
Rua Barros Barreto,,realizado_fora_pdc,2611606
Rua General Abreu e Lima,,realizado_fora_pdc,2611606
Rua General Abreu e Lima,,realizado_fora_pdc,2611606
Rua Carlos Gomes,,realizado_fora_pdc,2611606
Rua Simão Mendes,,realizado_fora_pdc,2611606
Rua Bruno Veloso,,realizado_fora_pdc,2611606
Rua Feliciano José de Farias,,realizado_fora_pdc,2611606
Rua Paulo de Arruda,,realizado_fora_pdc,2611606
Rua Paulo de Arruda,,realizado_fora_pdc,2611606
Rua Antônio Rangel,,realizado_fora_pdc,2611606
Rua João Crescêncio,,realizado_fora_pdc,2611606
Rua José Domingues da Silva,,realizado_fora_pdc,2611606
Rua São Nicolau,,realizado_fora_pdc,2611606
Rua Pintor Antônio Albuquerque,,realizado_fora_pdc,2611606
Rua Itanagé,,realizado_fora_pdc,2611606
Rua Virgínia Heráclio,,realizado_fora_pdc,2611606
Rua Potengy,,realizado_fora_pdc,2611606
Rua Amaro Coutinho,,realizado_fora_pdc,2611606
Rua Blumenau,,realizado_fora_pdc,2611606
Rua São Nicolau,,realizado_fora_pdc,2611606
Avenida Afonso Olindense,,realizado_fora_pdc,2611606
Avenida Prefeito Lima Castro,,realizado_fora_pdc,2611606
Rua Ricardo Salazar,,realizado_fora_pdc,2611606
Rua Ricardo Salazar,,realizado_fora_pdc,2611606
Praça da Rua João Crescêncio,,realizado_fora_pdc,2611606
Avenida Visconde de Jequitinhonha,,realizado_fora_pdc,2611606
Avenida Visconde de Jequitinhonha,,realizado_fora_pdc,2611606
Rua Marechal Deodoro,,realizado_fora_pdc,2611606
Rua da Coragem,,realizado_fora_pdc,2611606
Rua Retiro Saudoso,,realizado_fora_pdc,2611606
Rua Doutor Alberto Wanderley,,realizado_fora_pdc,2611606
Rua Carlos Fernandes,,realizado_fora_pdc,2611606
Rua Pedro Alves,,realizado_fora_pdc,2611606
Rua Pedro Alves,,realizado_fora_pdc,2611606
Rua Pedro Alves,,realizado_fora_pdc,2611606
Praça do Baobá da Encruzilhada,,realizado_fora_pdc,2611606
Rua Amaro Coutinho,,realizado_fora_pdc,2611606
Rua João Crescêncio,,realizado_fora_pdc,2611606
Rua Baltazar Passos,,realizado_fora_pdc,2611606
Avenida Vinte de Janeiro,,realizado_fora_pdc,2611606
Rua Baltazar Passos,,realizado_fora_pdc,2611606
Avenida Lino Jordão,,realizado_fora_pdc,2611606
Rua Soldado Sinésio de Aragão,,realizado_fora_pdc,2611606
Rua Camboim,,realizado_fora_pdc,2611606
Rua Camboim,,realizado_fora_pdc,2611606
Rua Waldemar Nery Carneiro Monteiro,,realizado_fora_pdc,2611606
Rua Cosmorama,,realizado_fora_pdc,2611606
Rua Cosmorama,,realizado_fora_pdc,2611606
Rua Cosmorama,,realizado_fora_pdc,2611606
Rua Cosmorama,,realizado_fora_pdc,2611606
Rua Copacabana,,realizado_fora_pdc,2611606
Rua dos Craveiros,,realizado_fora_pdc,2611606
Avenida Sebastião Salazar,,realizado_fora_pdc,2611606
Rua Arão Butler,,realizado_fora_pdc,2611606
Rua Marquês do Paraná,,realizado_fora_pdc,2611606
Rua Marquês do Paraná,,realizado_fora_pdc,2611606
Rua Doutor Fernando Allain,,realizado_fora_pdc,2611606
Rua José Paraíso,,realizado_fora_pdc,2611606
Rua Dona Uzinha Nunes,,realizado_fora_pdc,2611606
Rua Padre Lemos,,realizado_fora_pdc,2611606
Rua Comendador Franco Ferreira,,realizado_fora_pdc,2611606
Rua Cônsul Vilares Fragoso,,realizado_fora_pdc,2611606
Rua Itapemirim,,realizado_fora_pdc,2611606
Avenida República Árabe Unida,,realizado_fora_pdc,2611606
Rua Prudente de Morais,,realizado_fora_pdc,2611606
Rua Mem de Sá,,realizado_fora_pdc,2611606
Rua Couto Magalhães,,realizado_fora_pdc,2611606
Avenida Santos Dumont,,realizado_fora_pdc,2611606
Rua Madre Rosa Gattorno,,realizado_fora_pdc,2611606
Rua Fonseca Oliveira,,realizado_fora_pdc,2611606
Rua Treze de Junho,,realizado_fora_pdc,2611606
Rua Itaimbé,,realizado_fora_pdc,2611606
Rua João Cardoso Aires,,realizado_fora_pdc,2611606
Rua João Cardoso Aires,,realizado_fora_pdc,2611606
Avenida Pinheiros,,realizado_fora_pdc,2611606
Rua Engenheiro José Brandão Cavalcante,,realizado_fora_pdc,2611606
Rua Engenheiro José Brandão Cavalcante,,realizado_fora_pdc,2611606
Rua Amélia Xavier Sampaio,,realizado_fora_pdc,2611606
Rua Allan Kardec,,realizado_fora_pdc,2611606
Avenida José Ferreira Lins,,realizado_fora_pdc,2611606
Rua José Nogueira,,realizado_fora_pdc,2611606
Rua Nova Verona,,realizado_fora_pdc,2611606
Avenida José Ferreira Lins,,realizado_fora_pdc,2611606
Avenida José Ferreira Lins,,realizado_fora_pdc,2611606
Avenida Senador Robert Kennedy,,realizado_fora_pdc,2611606
Avenida Engenheiro Alves Souza,,realizado_fora_pdc,2611606
Rua Dona Elvira,,realizado_fora_pdc,2611606
Rua Professor Pedro Augusto,,realizado_fora_pdc,2611606
Rua Major Godofredo Luiz Pereira de Lima,,realizado_fora_pdc,2611606
Rua João Cardoso Aires,,realizado_fora_pdc,2611606
Avenida Maurício de Nassau,,realizado_fora_pdc,2611606
Rua Jornalista Cleófas de Oliveira,,realizado_fora_pdc,2611606
Rua Jalisco,,realizado_fora_pdc,2611606
Rua Guadalajara,,realizado_fora_pdc,2611606
Avenida Sul,,realizado_fora_pdc,2611606
Ciclovia Mimoso do Sul,,realizado_fora_pdc,2611606
Avenida Sul,,realizado_fora_pdc,2611606
Rua Jornalista Cleófas de Oliveira,,realizado_fora_pdc,2611606
Rua Doutor Miguel Vieira Ferreira,,realizado_fora_pdc,2611606
Rua Compositor Vinícius de Morais,,realizado_fora_pdc,2611606
Avenida Governador Agamenon Magalhães,,realizado_fora_pdc,2611606
Rua Professor Francisco da Trindade,,realizado_fora_pdc,2611606
Rua Professor Francisco da Trindade,,realizado_fora_pdc,2611606
Rua Hermílio Gomes,,realizado_fora_pdc,2611606
Rua Marquês de Abrantes,,realizado_fora_pdc,2611606
Rua Comendador Franco Ferreira,,realizado_fora_pdc,2611606
Avenida Engenheiro Abdias de Carvalho - Pista Lateral,,realizado_fora_pdc,2611606
Rua Emiliano Braga,,realizado_fora_pdc,2611606
Rua Jerônimo de Albuquerque,,realizado_fora_pdc,2611606
Rua Doutora Antônia Dias,,realizado_fora_pdc,2611606
Rua de Casa Forte,,realizado_fora_pdc,2611606
Rua de Casa Forte,,realizado_fora_pdc,2611606
Rua da Harmonia,,realizado_fora_pdc,2611606
Rua Silvino Lopes,,realizado_fora_pdc,2611606
Rua Doutor Samuel Lins,,realizado_fora_pdc,2611606
Rua Ambrósio Machado,,realizado_fora_pdc,2611606
Rua Ambrósio Machado,,realizado_fora_pdc,2611606
Rua Mauricéia,,realizado_fora_pdc,2611606
Rua Emiliano Braga,,realizado_fora_pdc,2611606
Rua Gaspar Perez,,realizado_fora_pdc,2611606
Rua Paula Batista,,realizado_fora_pdc,2611606
Rua Paula Batista,,realizado_fora_pdc,2611606
Rua Xavantes,,realizado_fora_pdc,2611606
Rua Cosmorama,,realizado_fora_pdc,2611606
Rua Pedro Allain,,realizado_fora_pdc,2611606
Rua Pedro Allain,,realizado_fora_pdc,2611606
Rua Rev Antônio Queiroz,,realizado_fora_pdc,2611606
Rua Paula Batista,,realizado_fora_pdc,2611606
Praça do Trabalho,,realizado_fora_pdc,2611606
Rua Coronel João Batista do Rego Barros,,realizado_fora_pdc,2611606
Rua Antônio Valdevino da Costa,,realizado_fora_pdc,2611606
Rua Tamboril,,realizado_fora_pdc,2611606
Avenida Inácio Monteiro,,realizado_fora_pdc,2611606
Avenida Inácio Monteiro,,realizado_fora_pdc,2611606
Rua Professor Joaquim Xavier de Brito,,realizado_fora_pdc,2611606
Rua Professor Joaquim Xavier de Brito,,realizado_fora_pdc,2611606
Praça do Monteiro,,realizado_fora_pdc,2611606
Rua Professor Estevão Francisco da Costa,,realizado_fora_pdc,2611606
Avenida Nossa Senhora da Saúde,,realizado_fora_pdc,2611606
Avenida Nossa Senhora da Saúde,,realizado_fora_pdc,2611606
Rua Pereira Coutinho Filho,,realizado_fora_pdc,2611606
Rua Leal de Barros,,realizado_fora_pdc,2611606
Rua Doutor José Anastacio da Silva Guimarães,,realizado_fora_pdc,2611606
Rua Doutor José Anastacio da Silva Guimarães,,realizado_fora_pdc,2611606
Rua Pereira Coutinho Filho,,realizado_fora_pdc,2611606
Rua General Vargas,,realizado_fora_pdc,2611606
Rua General Vargas,,realizado_fora_pdc,2611606
Rua General Vargas,,realizado_fora_pdc,2611606
Rua Desembargador Oscar Coutinho,,realizado_fora_pdc,2611606
Avenida Jornalista Possidonio Cavalcanti Bastos,,realizado_fora_pdc,2611606
Rua Maria de Fátima Soares,,realizado_fora_pdc,2611606
Rua Emiliano Braga,,realizado_fora_pdc,2611606
Avenida José Américo de Almeida,,realizado_fora_pdc,2611606
Rua Setúbal,,realizado_fora_pdc,2611606
Rua Visconde de Itaparica,,realizado_fora_pdc,2611606
Rua Marcos André,,realizado_fora_pdc,2611606
Rua Ferreira Lopes,,realizado_fora_pdc,2611606
Rua Jerônimo Vilela,,realizado_fora_pdc,2611606
Rua Jerônimo Vilela,,realizado_fora_pdc,2611606
Rua Jerônimo Vilela,,realizado_fora_pdc,2611606
Rua do Pombal,,realizado_fora_pdc,2611606
Rua Pio IX,,realizado_fora_pdc,2611606
Rua Carlos Gomes,,realizado_fora_pdc,2611606
Rua Elvira Carreira de Oliveira,,realizado_fora_pdc,2611606
Rua Azeredo Coutinho,,realizado_fora_pdc,2611606
Rua Francisco Lacerda,,realizado_fora_pdc,2611606
Rua Doutora Antônia Dias,,realizado_fora_pdc,2611606
Rua Doutora Antônia Dias,,realizado_fora_pdc,2611606
Rua Urubici,,realizado_fora_pdc,2611606
Rua Marcos André,,realizado_fora_pdc,2611606
Rua Doutor Joaquim dos Santos Souto,,realizado_fora_pdc,2611606
Rua Marechal Deodoro,,realizado_fora_pdc,2611606
Rua Itacari,,realizado_fora_pdc,2611606
Avenida Santos Dumont,,realizado_fora_pdc,2611606
Praça do Trabalho,,realizado_fora_pdc,2611606
Rua Ministro João Alberto,,realizado_fora_pdc,2611606
Avenida Nossa Senhora da Saúde,,realizado_fora_pdc,2611606
Avenida Governador Agamenon Magalhães,,realizado_fora_pdc,2611606
Rua Doutor Leopoldo Lins,,realizado_fora_pdc,2611606
Praça Miguel de Cervantes,,realizado_fora_pdc,2611606
Rua Salvador de Sá,,realizado_fora_pdc,2611606
Rua do Hospício,,realizado_fora_pdc,2611606
Rua do Riachuelo,,realizado_fora_pdc,2611606
Rua General Abreu e Lima,,realizado_fora_pdc,2611606
Rua Mem de Sá,,realizado_fora_pdc,2611606
Rua Mem de Sá,,realizado_fora_pdc,2611606
Rua Marechal Deodoro,,realizado_fora_pdc,2611606
Rua Marechal Deodoro,,realizado_fora_pdc,2611606
Rua Marechal Deodoro,,realizado_fora_pdc,2611606
Avenida Agamenon Magalhães - Pista Local,,realizado_fora_pdc,2611606
Rua Floriano Peixoto,,realizado_fora_pdc,2611606
Rua Barão de São Borja,,realizado_fora_pdc,2611606
Rua Barão de São Borja,,realizado_fora_pdc,2611606
Rua Bispo Cardoso Ayres,,realizado_fora_pdc,2611606
Rua José de Alencar,,realizado_fora_pdc,2611606
Rua João Fernandes Vieira,,realizado_fora_pdc,2611606
Rua Lindolfo Color,,realizado_fora_pdc,2611606
Rua João Fernandes Vieira,,realizado_fora_pdc,2611606
Rua Visconde de Goiana,,realizado_fora_pdc,2611606
Rua Isaac Markman,,realizado_fora_pdc,2611606
Rua Doutor Miguel Vieira Ferreira,,realizado_fora_pdc,2611606
Rua Doutor Miguel Vieira Ferreira,,realizado_fora_pdc,2611606
Rua General Vargas,,realizado_fora_pdc,2611606
Rua Lindolfo Color,,realizado_fora_pdc,2611606
Rua Mem de Sá,,realizado_fora_pdc,2611606
Rua Doutor Miguel Vieira Ferreira,,realizado_fora_pdc,2611606
Rua Mauricéia,,realizado_fora_pdc,2611606
Rua Ministro João Alberto,,realizado_fora_pdc,2611606
Rua Alegre,,realizado_fora_pdc,2611606
Rua São Bento,,realizado_fora_pdc,2611606
Rua Souza Bandeira,,realizado_fora_pdc,2611606
Estrada do Encanamento,,realizado_fora_pdc,2611606
Rua Doutor Samuel Lins,,realizado_fora_pdc,2611606
Rua Ferreira Lopes,,realizado_fora_pdc,2611606
Rua da Harmonia,,realizado_fora_pdc,2611606
Avenida Sebastião Salazar,,realizado_fora_pdc,2611606
Rua Doutor Alberto Wanderley,,realizado_fora_pdc,2611606
Avenida Cidade de Monteiro,,realizado_fora_pdc,2611606
Avenida República Árabe Unida,,realizado_fora_pdc,2611606
Rotatória do Açude de Apipucos,,realizado_fora_pdc,2611606
Rua Coronel João Batista do Rego Barros,,realizado_fora_pdc,2611606
Rua Amaro Coutinho,,realizado_fora_pdc,2611606
Avenida Afonso Olindense,,realizado_fora_pdc,2611606
Rua Couto Magalhães,,realizado_fora_pdc,2611606
Avenida João de Barros,,realizado_fora_pdc,2611606
Avenida Pinheiros,,realizado_fora_pdc,2611606
Ponte da Boa Vista,,realizado_fora_pdc,2611606
Rua Nova,,realizado_fora_pdc,2611606
Avenida Dantas Barreto,,realizado_fora_pdc,2611606
Avenida Dantas Barreto,,realizado_fora_pdc,2611606
Rua Barão de São Borja,,realizado_fora_pdc,2611606
Primeira Travessa Rua Passo De Santa Cruz,,realizado_fora_pdc,2611606
Rua do Bom Jesus,,realizado_fora_pdc,2611606
Rua Benfica,,realizado_fora_pdc,2611606
Beco do Estudante,,realizado_fora_pdc,2611606
Rua Engenheiro José Brandão Cavalcante,,realizado_fora_pdc,2611606
Rua Padre Carlos Leôncio,,realizado_fora_pdc,2611606
Avenida Governador Agamenon Magalhães,,realizado_fora_pdc,2611606
Rua Treze de Junho,,realizado_fora_pdc,2611606
Rua Engenheiro José Brandão Cavalcante,,realizado_fora_pdc,2611606
Avenida Governador Agamenon Magalhães,,realizado_fora_pdc,2611606
Rua Padre Roma,,realizado_fora_pdc,2611606
Rua Édson Alvares,,realizado_fora_pdc,2611606
Rua Paula Batista,,realizado_fora_pdc,2611606
Rua Padre Roma,,realizado_fora_pdc,2611606
Rua General Abreu e Lima,,realizado_fora_pdc,2611606
Ciclovia do Pier do Ciclista,,realizado_fora_pdc,2611606
Rua Marquês de Abrantes,,realizado_fora_pdc,2611606
Avenida República Árabe Unida,,realizado_fora_pdc,2611606
Rua José Veloso,,realizado_fora_pdc,2611606
Rua Comendador Franco Ferreira,,realizado_fora_pdc,2611606
Rua Marquês de Abrantes,,realizado_fora_pdc,2611606
Rua Eugênio Samico,,realizado_fora_pdc,2611606
Rua Mauricéia,,realizado_fora_pdc,2611606
Rua Doutor João Vieira de Menezes,,realizado_fora_pdc,2611606
Rua Barão de Igarassu,,realizado_fora_pdc,2611606
Rua Buarque de Macedo,,realizado_fora_pdc,2611606
Rua Leão Falcão,,realizado_fora_pdc,2611606
Rua Conceição de Macabu,,realizado_fora_pdc,2611606
Rua Ministro João Alberto,,realizado_fora_pdc,2611606
Avenida Historiador Jordão Emerenciano,,realizado_fora_pdc,2611606
Rua General Edson Amâncio Ramalho,,realizado_fora_pdc,2611606
Rua Professor Arnaldo Carneiro Leao,,realizado_fora_pdc,2611606
Rua Coronel João Batista do Rego Barros,,realizado_fora_pdc,2611606
Rua Padre Lemos,,realizado_fora_pdc,2611606
Rua Neto de Mendonça,,realizado_fora_pdc,2611606
Rua Doutor Fernando Allain,,realizado_fora_pdc,2611606
Travessa Doutor José Anastacio da Silva Guimarães,,realizado_fora_pdc,2611606
Rua Professor Estevão Francisco da Costa,,realizado_fora_pdc,2611606
Rua Marquês de Maricá,,realizado_fora_pdc,2611606
Rua Benfica,,realizado_fora_pdc,2611606
Passarela da Estação Shopping,,realizado_fora_pdc,2611606
Passarela da Estação Shopping,,realizado_fora_pdc,2611606
Passarela da Estação Shopping,,realizado_fora_pdc,2611606
Rua Marquês do Paraná,,realizado_fora_pdc,2611606
Ponte Joaquim Cardoso,,realizado_fora_pdc,2611606
Rua do Hospício,,realizado_fora_pdc,2611606
Rua do Riachuelo,,realizado_fora_pdc,2611606
Rua do Hospício,,realizado_fora_pdc,2611606
Avenida Dantas Barreto,,realizado_fora_pdc,2611606
Rua Pedro Afonso,,realizado_fora_pdc,2611606
Rua Félix de Brito Melo,,realizado_fora_pdc,2611606
Rua Félix de Brito Melo,,realizado_fora_pdc,2611606
Rua Professor Antônio Coelho,,realizado_fora_pdc,2611606
Avenida José Américo de Almeida,,realizado_fora_pdc,2611606
Avenida José Américo de Almeida,,realizado_fora_pdc,2611606
Praça Zumbi dos Palmares,,realizado_fora_pdc,2611606
Avenida José Américo de Almeida,,realizado_fora_pdc,2611606
Avenida Desembargador Guerra Barreto,,realizado_fora_pdc,2611606
Avenida Luiz de Lacerda,,realizado_fora_pdc,2611606
Avenida Historiador Jordão Emerenciano,,realizado_fora_pdc,2611606
Avenida Historiador Jordão Emerenciano,,realizado_fora_pdc,2611606
Rua da Coragem,,realizado_fora_pdc,2611606
Rua Compositor Vinícius de Morais,,realizado_fora_pdc,2611606
Rua Compositor Vinícius de Morais,,realizado_fora_pdc,2611606
Ciclovia Norte,,realizado_fora_pdc,2611606
Rua da Moeda,,realizado_fora_pdc,2611606
Rua Emiliano Braga,,realizado_fora_pdc,2611606
Rua Professor Antônio Coelho,,realizado_fora_pdc,2611606
Rua Antônio Falcão,,realizado_fora_pdc,2611606
Acesso ao bicicletário,,realizado_fora_pdc,2611606
Acesso ao bicicletário,,realizado_fora_pdc,2611606
Ciclovia Riomar,,realizado_fora_pdc,2611606
Ciclovia Riomar,,realizado_fora_pdc,2611606
Ciclovia Riomar,,realizado_fora_pdc,2611606
Ciclovia Riomar,,realizado_fora_pdc,2611606
Ciclovia Riomar,,realizado_fora_pdc,2611606
Ciclovia Riomar,,realizado_fora_pdc,2611606
Ciclovia Riomar,,realizado_fora_pdc,2611606
Rua Manoel Joaquim de Almeida,,realizado_fora_pdc,2611606
Rua Ministro João Alberto,,realizado_fora_pdc,2611606
Rua Ministro João Alberto,,realizado_fora_pdc,2611606
Rua Emiliano Braga,,realizado_fora_pdc,2611606
Rua Emiliano Braga,,realizado_fora_pdc,2611606
Rua Baltazar Passos,,realizado_fora_pdc,2611606
Avenida Visconde de Jequitinhonha,,realizado_fora_pdc,2611606
Rua Doutor Miguel Vieira Ferreira,,realizado_fora_pdc,2611606
Rua Marquês de Maricá,,realizado_fora_pdc,2611606
Rua Lagoa do Rancho,,realizado_fora_pdc,2611606
Rua Alberto Paiva,,realizado_fora_pdc,2611606
Rua Doutor Leopoldo Lins,,realizado_fora_pdc,2611606
Avenida Santos Dumont,,realizado_fora_pdc,2611606
Avenida Santos Dumont,,realizado_fora_pdc,2611606
Rua Salvador de Sá,,realizado_fora_pdc,2611606
Rua do Aragão,,realizado_fora_pdc,2611606
Rua Rezende,,realizado_fora_pdc,2611606
Rua Barros Barreto,,realizado_fora_pdc,2611606
Rua Barros Barreto,,realizado_fora_pdc,2611606
Travessa do Cais da Detenção,,realizado_fora_pdc,2611606
Rua Monsenhor Fabrício,,realizado_fora_pdc,2611606
Rua Doutor José Anastacio da Silva Guimarães,,realizado_fora_pdc,2611606
Rua da Coragem,,realizado_fora_pdc,2611606
Rua Baltazar Passos,,realizado_fora_pdc,2611606
Avenida Prefeito Lima Castro,,realizado_fora_pdc,2611606
Avenida Poeta Vinicius de Morais,,realizado_fora_pdc,2611606
Rua Souza Bandeira,,realizado_fora_pdc,2611606
Avenida Afonso Olindense,,realizado_fora_pdc,2611606
Rua Marechal Deodoro,,realizado_fora_pdc,2611606
Rua Elvira Carreira de Oliveira,,realizado_fora_pdc,2611606
Rua Historiador Jordão Emerenciano,,realizado_fora_pdc,2611606
Ciclovia Entre Pontes,,realizado_fora_pdc,2611606
Rua Pintor Antônio Albuquerque,,realizado_fora_pdc,2611606
Rua Mem de Sá,,realizado_fora_pdc,2611606
Rua Tenente Aurélio Sampaio,,realizado_fora_pdc,2611606
Rua João Cardoso Aires,,realizado_fora_pdc,2611606
Rua João Cardoso Aires,,realizado_fora_pdc,2611606
Rua Baltazar Passos,,realizado_fora_pdc,2611606
Rua Potengy,,realizado_fora_pdc,2611606
Rua da Moeda,,realizado_fora_pdc,2611606
Rua do Hospício,,realizado_fora_pdc,2611606
,,realizado_fora_pdc,2611606
Avenida Afonso Olindense,,realizado_fora_pdc,2611606
Avenida Governador Agamenon Magalhães,,realizado_fora_pdc,2611606
Avenida Professor José dos Anjos,,realizado_fora_pdc,2611606
Rua Oscar de Barros,,realizado_fora_pdc,2611606
Rua Oscar de Barros,,realizado_fora_pdc,2611606
Avenida Governador Agamenon Magalhães,,realizado_fora_pdc,2611606
Rua Monte Castelo,,realizado_fora_pdc,2611606
Rua Mem de Sá,,realizado_fora_pdc,2611606
Avenida Montevidéu,,realizado_fora_pdc,2611606
Avenida Agamenon Magalhães - Pista Local,,realizado_fora_pdc,2611606
Rua Baltazar Passos,,realizado_fora_pdc,2611606
Rua Baltazar Passos,,realizado_fora_pdc,2611606
Rua Carlos Gomes,,realizado_fora_pdc,2611606
Estrada do Bongi,,realizado_fora_pdc,2611606
Rua Isaac Markman,,realizado_fora_pdc,2611606
Rua Pedro Américo,,realizado_fora_pdc,2611606
Rua Cônsul Vilares Fragoso,,realizado_fora_pdc,2611606
Rua Arsênio Calaça,,realizado_fora_pdc,2611606
Rua Carlos Gomes,,realizado_fora_pdc,2611606
Rua Carlos Gomes,,realizado_fora_pdc,2611606
Rua Carlos Gomes,,realizado_fora_pdc,2611606
Rua Tijucas,,realizado_fora_pdc,2611606
Pontilhão,,realizado_fora_pdc,2611606
Avenida Maurício de Nassau,,realizado_fora_pdc,2611606
Rua Comendador Franco Ferreira,,realizado_fora_pdc,2611606
Rua Professor Silvio da Cunha Santos,,realizado_fora_pdc,2611606
Rua General Edson Amâncio Ramalho,,realizado_fora_pdc,2611606
Rua Manoel de Brito,,realizado_fora_pdc,2611606
Rua Barão de São Ângelo,,realizado_fora_pdc,2611606
Pontilhão,,realizado_fora_pdc,2611606
Avenida Marechal Juarez Távora,,realizado_fora_pdc,2611606
Rua João Cardoso Aires,,realizado_fora_pdc,2611606
Avenida Marechal Juarez Távora,,realizado_fora_pdc,2611606
Avenida Lino Jordão,,realizado_fora_pdc,2611606
Avenida Marechal Juarez Távora,,realizado_fora_pdc,2611606
Pontilhão,,realizado_fora_pdc,2611606
Rua João Cardoso Aires,,realizado_fora_pdc,2611606
Rua Setúbal,,realizado_fora_pdc,2611606
Avenida Visconde de Jequitinhonha,,realizado_fora_pdc,2611606
Rua Padre Cabral,,realizado_fora_pdc,2611606
Rua José Domingues da Silva,,realizado_fora_pdc,2611606
Avenida Agamenon Magalhães - Pista Local,,realizado_fora_pdc,2611606
Rua do Pombal,,realizado_fora_pdc,2611606
Avenida Afonso Olindense,,realizado_fora_pdc,2611606
Avenida Afonso Olindense,,realizado_fora_pdc,2611606
Rua João Francisco Lisboa,,realizado_fora_pdc,2611606
Rua Jornalista Trajano Chacon,,realizado_fora_pdc,2611606
Rua Frei Matias Tévis,,realizado_fora_pdc,2611606
Rua Frei Matias Tévis,,realizado_fora_pdc,2611606
Rua Tupinambás,,realizado_fora_pdc,2611606
Rua Treze de Maio,,realizado_fora_pdc,2611606
Rua Treze de Maio,,realizado_fora_pdc,2611606
Rua Pedro Afonso,,realizado_fora_pdc,2611606
Rua Treze de Maio,,realizado_fora_pdc,2611606
Rua Araripina,,realizado_fora_pdc,2611606
Rua Barros Barreto,,realizado_fora_pdc,2611606
Rua do Pombal,,realizado_fora_pdc,2611606
Rua Treze de Maio,,realizado_fora_pdc,2611606
Rua Treze de Maio,,realizado_fora_pdc,2611606
Rua Visconde de Jequitinhonha,,realizado_fora_pdc,2611606
Pontilhão,,realizado_fora_pdc,2611606
Pontilhão,,realizado_fora_pdc,2611606
Pontilhão,,realizado_fora_pdc,2611606
Rua Pedro Afonso,,realizado_fora_pdc,2611606
Rua Araripina,,realizado_fora_pdc,2611606
Avenida Governador Agamenon Magalhães,,realizado_fora_pdc,2611606
Avenida Vinte de Janeiro,,realizado_fora_pdc,2611606
Avenida Sul,,realizado_fora_pdc,2611606
Rua Alberto Paiva,,realizado_fora_pdc,2611606
Ciclovia Norte,,realizado_fora_pdc,2611606
Avenida Cruz Cabugá,,realizado_fora_pdc,2611606
Rua Araripina,,realizado_fora_pdc,2611606
Ponte Buarque de Macedo,,realizado_fora_pdc,2611606
Rua João Fernandes Vieira,,realizado_fora_pdc,2611606
Avenida Montevidéu,,realizado_fora_pdc,2611606
Rua Bruno Veloso,,realizado_fora_pdc,2611606
Rua do Pombal,,realizado_fora_pdc,2611606
Rua Alvares de Azevedo,,realizado_fora_pdc,2611606
Rua Marquês de Maricá,,realizado_fora_pdc,2611606
Rua Doutor João Lacerda,,realizado_fora_pdc,2611606
Avenida Sul,,realizado_fora_pdc,2611606
Rua José de Alencar,,realizado_fora_pdc,2611606
Rua José de Alencar,,realizado_fora_pdc,2611606
Rua Dez de Novembro,,realizado_fora_pdc,2611606
Rua São Nicolau,,realizado_fora_pdc,2611606
Avenida Lino Jordão,,realizado_fora_pdc,2611606
Avenida José Américo de Almeida,,realizado_fora_pdc,2611606
Estrada do Barbalho,,realizado_fora_pdc,2611606
Rua Oscar de Barros,,realizado_fora_pdc,2611606
Pontilhão do Canal do Arruda,,realizado_fora_pdc,2611606
Rua Oscar de Barros,,realizado_fora_pdc,2611606
Rua Engenheiro José Brandão Cavalcante,,realizado_fora_pdc,2611606
Rua Engenheiro José Brandão Cavalcante,,realizado_fora_pdc,2611606
Avenida Nossa Senhora da Saúde,,realizado_fora_pdc,2611606
Avenida Professor Estevão Francisco da Costa,,realizado_fora_pdc,2611606
Avenida Dantas Barreto,,realizado_fora_pdc,2611606
Rua Engenheiro Brandão Cavalcante,,realizado_fora_pdc,2611606
Rua Oscar de Barros,,realizado_fora_pdc,2611606
Rua Cantora Clara Nunes,,realizado_fora_pdc,2611606
Rua Ministro João Alberto,,realizado_fora_pdc,2611606
Rua Ministro João Alberto,,realizado_fora_pdc,2611606
Rua Rio Beberibe,,realizado_fora_pdc,2611606
Avenida Luiz de Lacerda,,realizado_fora_pdc,2611606
Rua Professor Antônio Coelho,,realizado_fora_pdc,2611606
Rua Rio Beberibe,,realizado_fora_pdc,2611606
Rua Márcia Mendes,,realizado_fora_pdc,2611606
Rua Alegre,,realizado_fora_pdc,2611606
Ciclovia Mimoso do Sul,,realizado_fora_pdc,2611606
Avenida Engenheiro Alves Souza,,realizado_fora_pdc,2611606
Avenida Júlio César,,realizado_fora_pdc,2611606
Rua Três de Março,,realizado_fora_pdc,2611606
Avenida Luiz de Lacerda,,realizado_fora_pdc,2611606
Rua dos Craveiros,,realizado_fora_pdc,2611606
Estrada do Barbalho,,realizado_fora_pdc,2611606
Avenida Visconde de Jequitinhonha,,realizado_fora_pdc,2611606
Rua General Abreu e Lima,,realizado_fora_pdc,2611606
Rua General Abreu e Lima,,realizado_fora_pdc,2611606
Rua São Nicolau,,realizado_fora_pdc,2611606
Rua Coronel João Batista do Rego Barros,,realizado_fora_pdc,2611606
Avenida Poeta Vinicius de Morais,,realizado_fora_pdc,2611606
Rua General Abreu e Lima,,realizado_fora_pdc,2611606
Rua Professor Joaquim Xavier de Brito,,realizado_fora_pdc,2611606
Avenida Inácio Monteiro,,realizado_fora_pdc,2611606
Avenida José Ferreira Lins,,realizado_fora_pdc,2611606
Rua Blumenau,,realizado_fora_pdc,2611606
Rua Jean Emile Favre,,realizado_fora_pdc,2611606
Avenida Engenheiro Alves Souza,,realizado_fora_pdc,2611606
Rua Engenheiro José Brandão Cavalcante,,realizado_fora_pdc,2611606
Rua Padre Lemos,,realizado_fora_pdc,2611606
Rua Manoel Brandão,,realizado_fora_pdc,2611606
Avenida Jornalista Possidonio Cavalcanti Bastos,,realizado_fora_pdc,2611606
Rua Jean Emile Favre,,realizado_fora_pdc,2611606
Rua Antônio Valdevino da Costa,,realizado_fora_pdc,2611606
Avenida Engenheiro Abdias de Carvalho - Pista Lateral,,realizado_fora_pdc,2611606
Rua Padre Roma,,realizado_fora_pdc,2611606
Rua Padre Roma,,realizado_fora_pdc,2611606
Avenida Júlio César,,realizado_fora_pdc,2611606
Rua Blumenau,,realizado_fora_pdc,2611606
Rua Itaimbé,,realizado_fora_pdc,2611606
Rua Potengy,,realizado_fora_pdc,2611606
Rua Márcia Mendes,,realizado_fora_pdc,2611606
Rua da Hora,,realizado_fora_pdc,2611606
Rua Antônio Novais,,realizado_fora_pdc,2611606
Rua Alberto Paiva,,realizado_fora_pdc,2611606
Praça Pinto Damásio,,realizado_fora_pdc,2611606
Rua Félix de Brito Melo,,realizado_fora_pdc,2611606
Rua Félix de Brito Melo,,realizado_fora_pdc,2611606
Rua Félix de Brito Melo,,realizado_fora_pdc,2611606
Rua Itaquicé,,realizado_fora_pdc,2611606
Rua Araraquara,,realizado_fora_pdc,2611606
Rua Araçatuba,,realizado_fora_pdc,2611606
Rua Itaquicé,,realizado_fora_pdc,2611606
Avenida Dom Hélder Câmara,,realizado_fora_pdc,2611606
Avenida Dom Hélder Câmara,,realizado_fora_pdc,2611606
Avenida Dom Hélder Câmara,,realizado_fora_pdc,2611606
Avenida Dom Hélder Câmara,,realizado_fora_pdc,2611606
Avenida Dom Hélder Câmara,,realizado_fora_pdc,2611606
Rua Francisco da Cunha,,realizado_fora_pdc,2611606
Avenida Governador Agamenon Magalhães,,realizado_fora_pdc,2611606
Avenida Cruz Cabugá,,realizado_fora_pdc,2611606
Avenida Cruz Cabugá,,realizado_fora_pdc,2611606
Avenida Cruz Cabugá,,realizado_fora_pdc,2611606
Avenida Cruz Cabugá,,realizado_fora_pdc,2611606
Avenida Afonso Olindense,,realizado_fora_pdc,2611606
Rua Rio Beberibe,,realizado_fora_pdc,2611606
Ponte da Boa Vista,,realizado_fora_pdc,2611606
Ponte da Boa Vista,,realizado_fora_pdc,2611606
Rua de Casa Forte,,realizado_fora_pdc,2611606
Avenida Maurício de Nassau,,realizado_fora_pdc,2611606
Rua Pedro Allain,,realizado_fora_pdc,2611606
Rua Neto de Mendonça,,realizado_fora_pdc,2611606
Rua Couto Magalhães,,realizado_fora_pdc,2611606
Rua Professor Estevão Francisco da Costa,,realizado_fora_pdc,2611606
Rua Professor Estevão Francisco da Costa,,realizado_fora_pdc,2611606
Rua Professor Estevão Francisco da Costa,,realizado_fora_pdc,2611606
Praça Zumbi dos Palmares,,realizado_fora_pdc,2611606
Praça Zumbi dos Palmares,,realizado_fora_pdc,2611606
Praça Zumbi dos Palmares,,realizado_fora_pdc,2611606
Rua Professor Estevão Francisco da Costa,,realizado_fora_pdc,2611606
Rua Jean Emile Favre,,realizado_fora_pdc,2611606
Rua Engenheiro José Brandão Cavalcante,,realizado_fora_pdc,2611606
Rua Padre Lemos,,realizado_fora_pdc,2611606
Rua Coronel João Batista do Rego Barros,,realizado_fora_pdc,2611606
Avenida Jornalista Possidonio Cavalcanti Bastos,,realizado_fora_pdc,2611606
Avenida Jornalista Possidonio Cavalcanti Bastos,,realizado_fora_pdc,2611606
Avenida Afonso Olindense,,realizado_fora_pdc,2611606
Rua Cosmorama,,realizado_fora_pdc,2611606
Rua João Cardoso Aires,,realizado_fora_pdc,2611606
Rua Ambrósio Machado,,realizado_fora_pdc,2611606
Rua Ambrósio Machado,,realizado_fora_pdc,2611606
Rua Ambrósio Machado,,realizado_fora_pdc,2611606
Rua Ambrósio Machado,,realizado_fora_pdc,2611606
Avenida Professor Estevão Francisco da Costa,,realizado_fora_pdc,2611606
Rua José de Alencar,,realizado_fora_pdc,2611606
Rua Félix de Brito Melo,,realizado_fora_pdc,2611606
Rua Jean Emile Favre,,realizado_fora_pdc,2611606
Rua Pintor Antônio Albuquerque,,realizado_fora_pdc,2611606
Rua Virgínia Heráclio,,realizado_fora_pdc,2611606
Rua Virgínia Heráclio,,realizado_fora_pdc,2611606
Rua Floriano Peixoto,,realizado_fora_pdc,2611606
Rua Floriano Peixoto,,realizado_fora_pdc,2611606
Rua Floriano Peixoto,,realizado_fora_pdc,2611606
Praça Professor Campelo Barreto,,realizado_fora_pdc,2611606
Rua Mem de Sá,,realizado_fora_pdc,2611606
Avenida Sebastião Salazar,,realizado_fora_pdc,2611606
Rua Velha,,realizado_fora_pdc,2611606
Praça da República,,realizado_fora_pdc,2611606
Rua Velha,,realizado_fora_pdc,2611606
Travessa do Cais da Detenção,,realizado_fora_pdc,2611606
Rua Visconde de Jequitinhonha,,realizado_fora_pdc,2611606
Rua Antônio Gomes de Freitas,,realizado_fora_pdc,2611606
Rua Antônio Gomes de Freitas,,realizado_fora_pdc,2611606
Rua General Edson Amâncio Ramalho,,realizado_fora_pdc,2611606
Rua do Hospício,,realizado_fora_pdc,2611606
Rua Othon Paraíso,,realizado_fora_pdc,2611606
Rua Marquês de Maricá,,realizado_fora_pdc,2611606
Rua Marquês de Maricá,,realizado_fora_pdc,2611606
Rua Marquês de Maricá,,realizado_fora_pdc,2611606
Rua Marquês de Maricá,,realizado_fora_pdc,2611606
Rua Marquês de Maricá,,realizado_fora_pdc,2611606
Avenida Visconde de Jequitinhonha,,realizado_fora_pdc,2611606
Avenida Visconde de Jequitinhonha,,realizado_fora_pdc,2611606
Rua Frei Matias Tévis,,realizado_fora_pdc,2611606
Avenida Inácio Monteiro,,realizado_fora_pdc,2611606
Avenida Nossa Senhora da Saúde,,realizado_fora_pdc,2611606
Avenida Afonso Olindense,,realizado_fora_pdc,2611606
Avenida Afonso Olindense,,realizado_fora_pdc,2611606
Avenida Afonso Olindense,,realizado_fora_pdc,2611606
Avenida Afonso Olindense,,realizado_fora_pdc,2611606
Avenida Afonso Olindense,,realizado_fora_pdc,2611606
Avenida Afonso Olindense,,realizado_fora_pdc,2611606
Avenida Afonso Olindense,,realizado_fora_pdc,2611606
Avenida Marechal Juarez Távora,,realizado_fora_pdc,2611606
Avenida Marechal Juarez Távora,,realizado_fora_pdc,2611606
Avenida Marechal Juarez Távora,,realizado_fora_pdc,2611606
Avenida Marechal Juarez Távora,,realizado_fora_pdc,2611606
1A Travessa José da Silva Lucena,,realizado_fora_pdc,2611606
Avenida Governador Agamenon Magalhães,,realizado_fora_pdc,2611606
Rua Marquês de Baipendi,,realizado_fora_pdc,2611606
Rua Fonseca Oliveira,,realizado_fora_pdc,2611606
Rua Carlos Fernandes,,realizado_fora_pdc,2611606
Praça Treze de Junho,,realizado_fora_pdc,2611606
Rua Treze de Maio,,realizado_fora_pdc,2611606
Rua Treze de Maio,,realizado_fora_pdc,2611606
Rua Treze de Maio,,realizado_fora_pdc,2611606
,,realizado_fora_pdc,2611606
Rua Leão Falcão,,realizado_fora_pdc,2611606
Rua Cosmorama,,realizado_fora_pdc,2611606
Praça do Baobá da Encruzilhada,,realizado_fora_pdc,2611606
Rua Bruno Veloso,,realizado_fora_pdc,2611606
Rua Bruno Veloso,,realizado_fora_pdc,2611606
Rua da Aurora,,realizado_fora_pdc,2611606
Rua do Riachuelo,,realizado_fora_pdc,2611606
Rua Bruno Veloso,,realizado_fora_pdc,2611606
Rua Nunes Machado,,realizado_fora_pdc,2611606
Avenida Historiador Jordão Emerenciano,,realizado_fora_pdc,2611606
Ponte da Torre,,realizado_fora_pdc,2611606
Rua Fernandes Vieira,,realizado_fora_pdc,2611606
Ponte Princesa Isabel,,realizado_fora_pdc,2611606
Avenida da Saudade,,realizado_fora_pdc,2611606
Rua Emiliano Braga,,realizado_fora_pdc,2611606
Avenida Governador Agamenon Magalhães,,realizado_fora_pdc,2611606
Praça Melvin Jones,,realizado_fora_pdc,2611606
Rua Padre Roma,,realizado_fora_pdc,2611606
Rua Padre Roma,,realizado_fora_pdc,2611606
Rua Padre Roma,,realizado_fora_pdc,2611606
Rua Padre Roma,,realizado_fora_pdc,2611606
Ciclovia Riomar,,realizado_fora_pdc,2611606
Ciclovia Riomar,,realizado_fora_pdc,2611606
Rua Pio IX,,realizado_fora_pdc,2611606
Ponte da Torre,,realizado_fora_pdc,2611606
Avenida Governador Agamenon Magalhães,,realizado_fora_pdc,2611606
Avenida Governador Agamenon Magalhães,,realizado_fora_pdc,2611606
Avenida Norte Miguel Arraes de Alencar,,realizado_fora_pdc,2611606
Avenida Governador Agamenon Magalhães,,realizado_fora_pdc,2611606
Avenida Doutor Jayme da Fonte,,realizado_fora_pdc,2611606
,,realizado_fora_pdc,2611606
Rua Itanagé,,realizado_fora_pdc,2611606
Rua Potengy,,realizado_fora_pdc,2611606
Rua Rio Beberibe,,realizado_fora_pdc,2611606
Parque das Graças Lúcia Moura,,realizado_fora_pdc,2611606
Rua Alvenópolis,,realizado_fora_pdc,2611606
Rua Alvenópolis,,realizado_fora_pdc,2611606
Rua Alvenópolis,,realizado_fora_pdc,2611606
Rua Alvenópolis,,realizado_fora_pdc,2611606
Rua do Riachuelo,,realizado_fora_pdc,2611606
Rua Paissandú,,realizado_fora_pdc,2611606
Avenida Governador Agamenon Magalhães,,realizado_fora_pdc,2611606
Rua Ibiporã,,realizado_fora_pdc,2611606
Rua Ibiporã,,realizado_fora_pdc,2611606
Rua Prefeito Jorge Martins,,realizado_fora_pdc,2611606
Avenida Sul,,realizado_fora_pdc,2611606
Avenida Senador Robert Kennedy,,realizado_fora_pdc,2611606
Rua Carlos Alberto Valença,,realizado_fora_pdc,2611606
Estrada das Ubaias,,realizado_fora_pdc,2611606
Rua Doutor Samuel Lins,,realizado_fora_pdc,2611606
Rua Paula Batista,,realizado_fora_pdc,2611606
Rua Eugênio Samico,,realizado_fora_pdc,2611606
Ciclovia Agamenon Magalhães,,realizado_fora_pdc,2611606
Rua Bruno Veloso,,realizado_fora_pdc,2611606
Rua Itaimbé,,realizado_fora_pdc,2611606
Rua Bruno Veloso,,realizado_fora_pdc,2611606
Ponte Engenheiro Jaime Gusmão,,realizado_fora_pdc,2611606
Ponte Engenheiro Jaime Gusmão,,realizado_fora_pdc,2611606
,,realizado_fora_pdc,2611606
Parque das Graças Lúcia Moura,,realizado_fora_pdc,2611606
Avenida Jornalista Possidonio Cavalcanti Bastos,,realizado_fora_pdc,2611606
Rua Dom Diamantino Costa,,realizado_fora_pdc,2611606
Ponte Engenheiro Jaime Gusmão,,realizado_fora_pdc,2611606
Ponte Engenheiro Jaime Gusmão,,realizado_fora_pdc,2611606
Avenida Jornalista Possidonio Cavalcanti Bastos,,realizado_fora_pdc,2611606
Ponte Engenheiro Jaime Gusmão,,realizado_fora_pdc,2611606
Rua Primeiro de Março,,realizado_fora_pdc,2611606
Rua Treze de Maio,,realizado_fora_pdc,2611606
Rua da Saudade,,realizado_fora_pdc,2611606
,,realizado_fora_pdc,2611606
Parque das Graças Lúcia Moura,,realizado_fora_pdc,2611606
Rua Senador Francisco Pessoa de Queiroz,,realizado_fora_pdc,2611606
,,realizado_fora_pdc,2611606
Praça da República,,realizado_fora_pdc,2611606
Praça da República,,realizado_fora_pdc,2611606
Rua Doutor Leopoldo Lins,,realizado_fora_pdc,2611606
Rua Dos Hebreus,,realizado_fora_pdc,2611606
Beco,,realizado_fora_pdc,2611606
Rua Doze De Outubro,,realizado_fora_pdc,2611606
,,realizado_fora_pdc,2611606
,,realizado_fora_pdc,2611606
Ciclovia Agamenon Magalhães,,realizado_fora_pdc,2611606
Ciclovia Agamenon Magalhães,,realizado_fora_pdc,2611606
Ciclovia Agamenon Magalhães,,realizado_fora_pdc,2611606
Ciclovia Agamenon Magalhães,,realizado_fora_pdc,2611606
Rua do Canavial,,realizado_fora_pdc,2611606
,,realizado_fora_pdc,2611606
,,realizado_fora_pdc,2611606
,,realizado_fora_pdc,2611606
,,realizado_fora_pdc,2611606
,,realizado_fora_pdc,2611606
,,realizado_fora_pdc,2611606
,,realizado_fora_pdc,2611606
,,realizado_fora_pdc,2611606
,,realizado_fora_pdc,2611606
,,realizado_fora_pdc,2611606
Avenida Sul,,realizado_fora_pdc,2611606
,,realizado_fora_pdc,2611606
Avenida Professor José dos Anjos,,realizado_fora_pdc,2611606
,,realizado_fora_pdc,2611606
,,realizado_fora_pdc,2611606
,,realizado_fora_pdc,2611606
,,realizado_fora_pdc,2611606
,,realizado_fora_pdc,2611606
Ciclovia da Arena de Pernambuco,,realizado_fora_pdc,2613701
Avenida Beberibe,,realizado_fora_pdc,2611606
Avenida Beberibe,,realizado_fora_pdc,2611606
Avenida Beberibe,,realizado_fora_pdc,2611606
Rua Araripina,,realizado_fora_pdc,2611606
Rua Araripina,,realizado_fora_pdc,2611606
Avenida Beira Rio,,realizado_fora_pdc,2611606
Rua Visconde de Jequitinhonha,,realizado_fora_pdc,2611606
Praça da República,,realizado_fora_pdc,2611606
,,realizado_fora_pdc,2611606
,,realizado_fora_pdc,2611606
,,realizado_fora_pdc,2611606
,,realizado_fora_pdc,2611606
,,realizado_fora_pdc,2611606
,,realizado_fora_pdc,2611606
,,realizado_fora_pdc,2611606
Ciclovia da Arena de Pernambuco,,realizado_fora_pdc,2613701
Ciclovia da Arena de Pernambuco,,realizado_fora_pdc,2613701
Ciclovia da Arena de Pernambuco,,realizado_fora_pdc,2613701
Ciclovia da Arena de Pernambuco,,realizado_fora_pdc,2613701
Ciclovia da Arena de Pernambuco,,realizado_fora_pdc,2613701
Residencial São Lourenço,,realizado_fora_pdc,2613701
Residencial São Lourenço,,realizado_fora_pdc,2613701
Residencial São Lourenço,,realizado_fora_pdc,2613701
Avenida Luís Correia de Brito,,realizado_fora_pdc,2611606
Avenida Luís Correia de Brito,,realizado_fora_pdc,2611606
Rua Cosmorama,,realizado_fora_pdc,2607901
