osmId,name,length,highway,hasCycleway,cyclewayTypology,relationId,geojson.type,geojson.features,lastUpdated,cityId,dualCarriageway,pdcTypology
128412172,Avenida Mário Melo,0,primary,false,Ciclovia,39,FeatureCollection,[object Object],,2613701,false,Ciclovia
147176468,Avenida João Pessoa,0,primary,false,Ciclovia,39,FeatureCollection,[object Object],,2613701,false,Ciclovia
185930103,Rua Frei Serafim,0,primary,false,Ciclovia,39,FeatureCollection,[object Object],,2613701,false,Ciclovia
244966893,PE-035,0,primary,false,Ciclovia,39,FeatureCollection,[object Object],,2613701,false,Ciclovia
244966894,Avenida Senador Paulo Pessoa Guerra,0,primary,false,Ciclovia,39,FeatureCollection,[object Object],,2613701,false,Ciclovia
306781401,Avenida Mário Melo,0,primary,false,Ciclovia,39,FeatureCollection,[object Object],,2613701,false,Ciclovia
400067614,PE-035,0,primary,false,Ciclovia,39,FeatureCollection,[object Object],,2613701,false,Ciclovia
456679901,,0,primary,false,Ciclovia,39,FeatureCollection,[object Object],,2613701,false,Ciclovia
538766191,Ponte Presidente Vargas,0,primary,false,Ciclovia,39,FeatureCollection,[object Object],,2613701,false,Ciclovia
561829011,PE-035,0,primary,false,Ciclovia,39,FeatureCollection,[object Object],,2613701,false,Ciclovia
561829012,PE-035,0,primary,false,Ciclovia,39,FeatureCollection,[object Object],,2613701,false,Ciclovia
561835014,PE-035,0,primary,false,Ciclovia,39,FeatureCollection,[object Object],,2613701,false,Ciclovia
561835033,PE-035,0,primary,false,Ciclovia,39,FeatureCollection,[object Object],,2613701,false,Ciclovia
561838233,PE-035,0,primary,false,Ciclovia,39,FeatureCollection,[object Object],,2613701,false,Ciclovia
561838234,PE-035,0,primary,false,Ciclovia,39,FeatureCollection,[object Object],,2613701,false,Ciclovia
561841585,PE-035,0,primary,false,Ciclovia,39,FeatureCollection,[object Object],,2613701,false,Ciclovia
561841586,PE-035,0,primary,false,Ciclovia,39,FeatureCollection,[object Object],,2613701,false,Ciclovia
561841587,PE-035,0,primary,false,Ciclovia,39,FeatureCollection,[object Object],,2613701,false,Ciclovia
561841590,PE-035,0,primary,false,Ciclovia,39,FeatureCollection,[object Object],,2613701,false,Ciclovia
561841591,PE-035,0,primary,false,Ciclovia,39,FeatureCollection,[object Object],,2613701,false,Ciclovia
561841595,PE-035,0,primary,false,Ciclovia,39,FeatureCollection,[object Object],,2613701,false,Ciclovia
561841596,PE-035,0,primary,false,Ciclovia,39,FeatureCollection,[object Object],,2613701,false,Ciclovia
561841597,PE-035,0,primary,false,Ciclovia,39,FeatureCollection,[object Object],,2613701,false,Ciclovia
561841598,PE-035,0,primary,false,Ciclovia,39,FeatureCollection,[object Object],,2613701,false,Ciclovia
561841611,PE-035,0,primary,false,Ciclovia,39,FeatureCollection,[object Object],,2613701,false,Ciclovia
561841612,PE-035,0,primary,false,Ciclovia,39,FeatureCollection,[object Object],,2613701,false,Ciclovia
562518663,PE-035,0,primary,false,Ciclovia,39,FeatureCollection,[object Object],,2613701,false,Ciclovia
570558224,PE-035,0,primary,false,Ciclovia,39,FeatureCollection,[object Object],,2613701,false,Ciclovia
570558234,PE-035,0,primary,false,Ciclovia,39,FeatureCollection,[object Object],,2613701,false,Ciclovia
570558241,PE-035,0,primary,false,Ciclovia,39,FeatureCollection,[object Object],,2613701,false,Ciclovia
570558277,PE-035,0,primary,false,Ciclovia,39,FeatureCollection,[object Object],,2613701,false,Ciclovia
570558280,PE-035,0,primary,false,Ciclovia,39,FeatureCollection,[object Object],,2613701,false,Ciclovia
589902511,Rua Frei Serafim,0,primary,false,Ciclovia,39,FeatureCollection,[object Object],,2613701,false,Ciclovia
609841223,,0,primary,false,Ciclovia,39,FeatureCollection,[object Object],,2613701,false,Ciclovia
609841226,PE-035,0,primary,false,Ciclovia,39,FeatureCollection,[object Object],,2613701,false,Ciclovia
609841227,PE-035,0,primary,false,Ciclovia,39,FeatureCollection,[object Object],,2613701,false,Ciclovia
610283890,PE-035,0,primary,false,Ciclovia,39,FeatureCollection,[object Object],,2613701,false,Ciclovia
610283892,PE-035,0,primary,false,Ciclovia,39,FeatureCollection,[object Object],,2613701,false,Ciclovia
610283893,PE-035,0,primary,false,Ciclovia,39,FeatureCollection,[object Object],,2613701,false,Ciclovia
610283894,Rua Frei Serafim,0,primary,false,Ciclovia,39,FeatureCollection,[object Object],,2613701,false,Ciclovia
610283895,Avenida João Pessoa,0,primary,false,Ciclovia,39,FeatureCollection,[object Object],,2613701,false,Ciclovia
628605085,Avenida Mário Melo,0,primary,false,Ciclovia,39,FeatureCollection,[object Object],,2613701,false,Ciclovia
742678671,PE-035,0,primary,false,Ciclovia,39,FeatureCollection,[object Object],,2613701,false,Ciclovia
742678672,Rua Frei Serafim,0,primary,false,Ciclovia,39,FeatureCollection,[object Object],,2613701,false,Ciclovia
742681480,Rua Frei Serafim,0,primary,false,Ciclovia,39,FeatureCollection,[object Object],,2613701,false,Ciclovia
742697297,Avenida João Pessoa,0,primary,false,Ciclovia,39,FeatureCollection,[object Object],,2613701,false,Ciclovia
742702364,Avenida João Pessoa,0,primary,false,Ciclovia,39,FeatureCollection,[object Object],,2613701,false,Ciclovia
743244396,Avenida Mário Melo,0,primary,false,Ciclovia,39,FeatureCollection,[object Object],,2613701,false,Ciclovia
791161156,,0,trunk,false,Ciclovia,39,FeatureCollection,[object Object],,2613701,false,Ciclovia
858242726,Avenida Mário Melo,0,primary,false,Ciclovia,39,FeatureCollection,[object Object],,2613701,false,Ciclovia
908946590,Avenida Mário Melo,0,primary,false,Ciclovia,39,FeatureCollection,[object Object],,2613701,false,Ciclovia
933046312,,0,primary,false,Ciclovia,39,FeatureCollection,[object Object],,2613701,false,Ciclovia
1022851414,Avenida Mário Melo,0,primary,false,Ciclovia,39,FeatureCollection,[object Object],,2613701,false,Ciclovia
1022851415,Avenida Mário Melo,0,primary,false,Ciclovia,39,FeatureCollection,[object Object],,2613701,false,Ciclovia
29464277,,0,trunk,false,Ciclovia,8,FeatureCollection,[object Object],,2613701,false,Ciclovia
30811035,Rodovia Governador Mário Covas,0,trunk,false,Ciclovia,8,FeatureCollection,[object Object],,2613701,false,Ciclovia
30811095,Rodovia Governador Mário Covas,0,trunk,false,Ciclovia,8,FeatureCollection,[object Object],,2613701,false,Ciclovia
30811108,Rodovia Governador Mário Covas,0,trunk,false,Ciclovia,8,FeatureCollection,[object Object],,2613701,false,Ciclovia
30811833,Rodovia Governador Mário Covas,0,trunk,false,Ciclovia,8,FeatureCollection,[object Object],,2613701,false,Ciclovia
30811834,Rodovia Governador Mário Covas,0,trunk,false,Ciclovia,8,FeatureCollection,[object Object],,2613701,false,Ciclovia
30811835,Rodovia Governador Mário Covas,0,trunk,false,Ciclovia,8,FeatureCollection,[object Object],,2613701,false,Ciclovia
30811836,Rodovia Governador Mário Covas,0,trunk,false,Ciclovia,8,FeatureCollection,[object Object],,2613701,false,Ciclovia
30811884,Rodovia Governador Mário Covas,0,trunk,false,Ciclovia,8,FeatureCollection,[object Object],,2613701,false,Ciclovia
30811885,Rodovia Governador Mário Covas,0,trunk,false,Ciclovia,8,FeatureCollection,[object Object],,2613701,false,Ciclovia
145057214,,0,trunk_link,false,Ciclovia,8,FeatureCollection,[object Object],,2613701,false,Ciclovia
30811891,Rodovia Governador Mário Covas,0,trunk,false,Ciclovia,8,FeatureCollection,[object Object],,2613701,false,Ciclovia
30811901,Rodovia Governador Mário Covas,0,trunk,false,Ciclovia,8,FeatureCollection,[object Object],,2613701,false,Ciclovia
30811902,Rodovia Governador Mário Covas,0,trunk,false,Ciclovia,8,FeatureCollection,[object Object],,2613701,false,Ciclovia
30811903,Rodovia Governador Mário Covas,0,trunk,false,Ciclovia,8,FeatureCollection,[object Object],,2613701,false,Ciclovia
30812771,Rodovia Governador Mário Covas,0,trunk,false,Ciclovia,8,FeatureCollection,[object Object],,2613701,false,Ciclovia
30812772,Rodovia Governador Mário Covas,0,trunk,false,Ciclovia,8,FeatureCollection,[object Object],,2613701,false,Ciclovia
30812774,Viaduto da Caxangá,0,trunk,false,Ciclovia,8,FeatureCollection,[object Object],,2613701,false,Ciclovia
80453543,Avenida Visconde de São Leopoldo,0,trunk,false,Ciclovia,8,FeatureCollection,[object Object],,2613701,false,Ciclovia
80453551,Avenida Visconde de São Leopoldo,0,trunk,false,Ciclovia,8,FeatureCollection,[object Object],,2613701,false,Ciclovia
105059088,Avenida Professor Joaquim Cavalcanti,0,secondary,false,Ciclovia,8,FeatureCollection,[object Object],,2613701,false,Ciclovia
128403027,Avenida da Recuperação,0,trunk,false,Ciclovia,8,FeatureCollection,[object Object],,2613701,false,Ciclovia
128403678,,0,trunk,false,Ciclovia,8,FeatureCollection,[object Object],,2613701,false,Ciclovia
128403680,,0,trunk_link,false,Ciclovia,8,FeatureCollection,[object Object],,2613701,false,Ciclovia
128405270,Avenida da Recuperação,0,trunk,false,Ciclovia,8,FeatureCollection,[object Object],,2613701,false,Ciclovia
128405273,Avenida da Recuperação,0,trunk,false,Ciclovia,8,FeatureCollection,[object Object],,2613701,false,Ciclovia
128405275,,0,trunk,false,Ciclovia,8,FeatureCollection,[object Object],,2613701,false,Ciclovia
128405278,Avenida da Recuperação,0,trunk,false,Ciclovia,8,FeatureCollection,[object Object],,2613701,false,Ciclovia
128405279,,0,trunk,false,Ciclovia,8,FeatureCollection,[object Object],,2613701,false,Ciclovia
128407256,Avenida Professor Joaquim Cavalcanti,0,trunk,false,Ciclovia,8,FeatureCollection,[object Object],,2613701,false,Ciclovia
128407257,Avenida da Recuperação,0,trunk,false,Ciclovia,8,FeatureCollection,[object Object],,2613701,false,Ciclovia
128407258,Avenida Professor Joaquim Cavalcanti,0,trunk,false,Ciclovia,8,FeatureCollection,[object Object],,2613701,false,Ciclovia
128407259,Avenida Professor Joaquim Cavalcanti,0,trunk,false,Ciclovia,8,FeatureCollection,[object Object],,2613701,false,Ciclovia
128677002,Avenida da Recuperação,0,trunk,false,Ciclovia,8,FeatureCollection,[object Object],,2613701,false,Ciclovia
128677004,Avenida da Recuperação,0,trunk,false,Ciclovia,8,FeatureCollection,[object Object],,2613701,false,Ciclovia
128677007,Avenida da Recuperação,0,trunk,false,Ciclovia,8,FeatureCollection,[object Object],,2613701,false,Ciclovia
128677010,Avenida da Recuperação,0,trunk,false,Ciclovia,8,FeatureCollection,[object Object],,2613701,false,Ciclovia
130889194,Avenida Professor Joaquim Cavalcanti,0,secondary,false,Ciclovia,8,FeatureCollection,[object Object],,2613701,false,Ciclovia
141710589,,0,trunk_link,false,Ciclovia,8,FeatureCollection,[object Object],,2613701,false,Ciclovia
141722168,,0,trunk_link,false,Ciclovia,8,FeatureCollection,[object Object],,2613701,false,Ciclovia
145053392,,0,trunk_link,false,Ciclovia,8,FeatureCollection,[object Object],,2613701,false,Ciclovia
145053393,,0,trunk_link,false,Ciclovia,8,FeatureCollection,[object Object],,2613701,false,Ciclovia
145057216,Avenida da Recuperação,0,trunk,false,Ciclovia,8,FeatureCollection,[object Object],,2613701,false,Ciclovia
145057219,Avenida da Recuperação,0,trunk,false,Ciclovia,8,FeatureCollection,[object Object],,2613701,false,Ciclovia
145063205,,0,trunk_link,false,Ciclovia,8,FeatureCollection,[object Object],,2613701,false,Ciclovia
145063207,,0,trunk_link,false,Ciclovia,8,FeatureCollection,[object Object],,2613701,false,Ciclovia
145079142,,0,secondary,false,Ciclovia,8,FeatureCollection,[object Object],,2613701,false,Ciclovia
145079222,,0,secondary,false,Ciclovia,8,FeatureCollection,[object Object],,2613701,false,Ciclovia
151135914,Avenida da Recuperação,0,secondary,false,Ciclovia,8,FeatureCollection,[object Object],,2613701,false,Ciclovia
151135940,Avenida da Recuperação,0,trunk,false,Ciclovia,8,FeatureCollection,[object Object],,2613701,false,Ciclovia
151135958,Avenida da Recuperação,0,trunk,false,Ciclovia,8,FeatureCollection,[object Object],,2613701,false,Ciclovia
159136249,Rodovia Governador Mário Covas,0,trunk,false,Ciclovia,8,FeatureCollection,[object Object],,2613701,false,Ciclovia
159136252,Rodovia Governador Mário Covas,0,trunk,false,Ciclovia,8,FeatureCollection,[object Object],,2613701,false,Ciclovia
198970601,Girador da Reitoria da UFPE,0,secondary,false,Ciclovia,8,FeatureCollection,[object Object],,2613701,false,Ciclovia
159136254,Rodovia Governador Mário Covas,0,trunk,false,Ciclovia,8,FeatureCollection,[object Object],,2613701,false,Ciclovia
159136257,Rodovia Governador Mário Covas,0,trunk,false,Ciclovia,8,FeatureCollection,[object Object],,2613701,false,Ciclovia
171860394,,0,secondary,false,Ciclovia,8,FeatureCollection,[object Object],,2613701,false,Ciclovia
195005031,Avenida Professor Moraes Rego,0,secondary,false,Ciclovia,8,FeatureCollection,[object Object],,2613701,false,Ciclovia
198969924,Avenida Visconde de São Leopoldo,0,trunk,false,Ciclovia,8,FeatureCollection,[object Object],,2613701,false,Ciclovia
198970602,Avenida Visconde de São Leopoldo,0,secondary,false,Ciclovia,8,FeatureCollection,[object Object],,2613701,false,Ciclovia
198970773,Avenida Professor Moraes Rego,0,secondary,false,Ciclovia,8,FeatureCollection,[object Object],,2613701,false,Ciclovia
203170312,Avenida da Recuperação,0,secondary,false,Ciclovia,8,FeatureCollection,[object Object],,2613701,false,Ciclovia
204619889,Avenida Visconde de São Leopoldo,0,secondary,false,Ciclovia,8,FeatureCollection,[object Object],,2613701,false,Ciclovia
241518322,,0,secondary,false,Ciclovia,8,FeatureCollection,[object Object],,2613701,false,Ciclovia
262454257,Rodovia Governador Mário Covas,0,trunk,false,Ciclovia,8,FeatureCollection,[object Object],,2613701,false,Ciclovia
242268815,,0,secondary,false,Ciclovia,8,FeatureCollection,[object Object],,2613701,false,Ciclovia
247435268,,0,trunk_link,false,Ciclovia,8,FeatureCollection,[object Object],,2613701,false,Ciclovia
247435270,,0,trunk_link,false,Ciclovia,8,FeatureCollection,[object Object],,2613701,false,Ciclovia
262454250,Avenida Professor Joaquim Cavalcanti,0,secondary,false,Ciclovia,8,FeatureCollection,[object Object],,2613701,false,Ciclovia
262454251,Avenida Professor Joaquim Cavalcanti,0,secondary,false,Ciclovia,8,FeatureCollection,[object Object],,2613701,false,Ciclovia
262454252,Rodovia Governador Mário Covas,0,trunk,false,Ciclovia,8,FeatureCollection,[object Object],,2613701,false,Ciclovia
262454269,Rodovia Governador Mário Covas,0,trunk,false,Ciclovia,8,FeatureCollection,[object Object],,2613701,false,Ciclovia
262454271,Rodovia Governador Mário Covas,0,trunk,false,Ciclovia,8,FeatureCollection,[object Object],,2613701,false,Ciclovia
262454276,Avenida Professor Joaquim Cavalcanti,0,trunk,false,Ciclovia,8,FeatureCollection,[object Object],,2613701,false,Ciclovia
262454277,Avenida da Recuperação,0,trunk,false,Ciclovia,8,FeatureCollection,[object Object],,2613701,false,Ciclovia
262454278,Rodovia Governador Mário Covas,0,trunk,false,Ciclovia,8,FeatureCollection,[object Object],,2613701,false,Ciclovia
262454279,Rodovia Governador Mário Covas,0,trunk,false,Ciclovia,8,FeatureCollection,[object Object],,2613701,false,Ciclovia
262454293,,0,trunk_link,false,Ciclovia,8,FeatureCollection,[object Object],,2613701,false,Ciclovia
262454280,Avenida Visconde de São Leopoldo,0,trunk,false,Ciclovia,8,FeatureCollection,[object Object],,2613701,false,Ciclovia
262454281,Rodovia Governador Mário Covas,0,trunk,false,Ciclovia,8,FeatureCollection,[object Object],,2613701,false,Ciclovia
262454282,Rodovia Governador Mário Covas,0,trunk,false,Ciclovia,8,FeatureCollection,[object Object],,2613701,false,Ciclovia
262454283,Avenida da Recuperação,0,trunk,false,Ciclovia,8,FeatureCollection,[object Object],,2613701,false,Ciclovia
262454289,Avenida Professor Moraes Rego,0,secondary,false,Ciclovia,8,FeatureCollection,[object Object],,2613701,false,Ciclovia
262454290,Avenida Professor Moraes Rego,0,secondary,false,Ciclovia,8,FeatureCollection,[object Object],,2613701,false,Ciclovia
262454294,,0,trunk_link,false,Ciclovia,8,FeatureCollection,[object Object],,2613701,false,Ciclovia
262454295,,0,trunk_link,false,Ciclovia,8,FeatureCollection,[object Object],,2613701,false,Ciclovia
313127793,,0,secondary,false,Ciclovia,8,FeatureCollection,[object Object],,2613701,false,Ciclovia
313127794,,0,secondary,false,Ciclovia,8,FeatureCollection,[object Object],,2613701,false,Ciclovia
313194297,,0,secondary,false,Ciclovia,8,FeatureCollection,[object Object],,2613701,false,Ciclovia
319779122,Avenida Professor Joaquim Cavalcanti,0,secondary,false,Ciclovia,8,FeatureCollection,[object Object],,2613701,false,Ciclovia
320810703,Avenida da Recuperação,0,trunk,false,Ciclovia,8,FeatureCollection,[object Object],,2613701,false,Ciclovia
320810704,Avenida da Recuperação,0,trunk,false,Ciclovia,8,FeatureCollection,[object Object],,2613701,false,Ciclovia
320810705,Avenida da Recuperação,0,trunk,false,Ciclovia,8,FeatureCollection,[object Object],,2613701,false,Ciclovia
320810706,Avenida da Recuperação,0,trunk,false,Ciclovia,8,FeatureCollection,[object Object],,2613701,false,Ciclovia
385648185,Girador da Reitoria da UFPE,0,secondary,false,Ciclovia,8,FeatureCollection,[object Object],,2613701,false,Ciclovia
392625226,Rodovia Governador Mário Covas,0,trunk,false,Ciclovia,8,FeatureCollection,[object Object],,2613701,false,Ciclovia
392625227,Rodovia Governador Mário Covas,0,trunk,false,Ciclovia,8,FeatureCollection,[object Object],,2613701,false,Ciclovia
392625228,Rodovia Governador Mário Covas,0,trunk,false,Ciclovia,8,FeatureCollection,[object Object],,2613701,false,Ciclovia
392625230,Rodovia Governador Mário Covas,0,trunk,false,Ciclovia,8,FeatureCollection,[object Object],,2613701,false,Ciclovia
392625231,Rodovia Governador Mário Covas,0,trunk,false,Ciclovia,8,FeatureCollection,[object Object],,2613701,false,Ciclovia
392625232,Rodovia Governador Mário Covas,0,trunk,false,Ciclovia,8,FeatureCollection,[object Object],,2613701,false,Ciclovia
466073062,,0,trunk_link,false,Ciclovia,8,FeatureCollection,[object Object],,2613701,false,Ciclovia
575167476,Avenida da Recuperação,0,trunk,false,Ciclovia,8,FeatureCollection,[object Object],,2613701,false,Ciclovia
588484125,Rodovia Governador Mário Covas,0,trunk,false,Ciclovia,8,FeatureCollection,[object Object],,2613701,false,Ciclovia
589872876,Rodovia Governador Mário Covas,0,trunk,false,Ciclovia,8,FeatureCollection,[object Object],,2613701,false,Ciclovia
589872877,Rodovia Governador Mário Covas,0,trunk,false,Ciclovia,8,FeatureCollection,[object Object],,2613701,false,Ciclovia
589872878,Rodovia Governador Mário Covas,0,trunk,false,Ciclovia,8,FeatureCollection,[object Object],,2613701,false,Ciclovia
589872879,Rodovia Governador Mário Covas,0,trunk,false,Ciclovia,8,FeatureCollection,[object Object],,2613701,false,Ciclovia
589872880,Rodovia Governador Mário Covas,0,trunk,false,Ciclovia,8,FeatureCollection,[object Object],,2613701,false,Ciclovia
589872881,Rodovia Governador Mário Covas,0,trunk,false,Ciclovia,8,FeatureCollection,[object Object],,2613701,false,Ciclovia
589872882,Rodovia Governador Mário Covas,0,trunk,false,Ciclovia,8,FeatureCollection,[object Object],,2613701,false,Ciclovia
589872883,Rodovia Governador Mário Covas,0,trunk,false,Ciclovia,8,FeatureCollection,[object Object],,2613701,false,Ciclovia
589872884,Rodovia Governador Mário Covas,0,trunk,false,Ciclovia,8,FeatureCollection,[object Object],,2613701,false,Ciclovia
589872891,Rodovia Governador Mário Covas,0,trunk,false,Ciclovia,8,FeatureCollection,[object Object],,2613701,false,Ciclovia
589872892,Rodovia Governador Mário Covas,0,trunk,false,Ciclovia,8,FeatureCollection,[object Object],,2613701,false,Ciclovia
589967667,Avenida da Recuperação,0,trunk,false,Ciclovia,8,FeatureCollection,[object Object],,2613701,false,Ciclovia
589967668,Avenida da Recuperação,0,trunk,false,Ciclovia,8,FeatureCollection,[object Object],,2613701,false,Ciclovia
589967672,Avenida da Recuperação,0,trunk,false,Ciclovia,8,FeatureCollection,[object Object],,2613701,false,Ciclovia
589967673,Avenida da Recuperação,0,trunk,false,Ciclovia,8,FeatureCollection,[object Object],,2613701,false,Ciclovia
589967674,Avenida da Recuperação,0,trunk,false,Ciclovia,8,FeatureCollection,[object Object],,2613701,false,Ciclovia
589967675,Avenida da Recuperação,0,trunk,false,Ciclovia,8,FeatureCollection,[object Object],,2613701,false,Ciclovia
589967676,Avenida da Recuperação,0,trunk,false,Ciclovia,8,FeatureCollection,[object Object],,2613701,false,Ciclovia
589967677,Avenida da Recuperação,0,trunk,false,Ciclovia,8,FeatureCollection,[object Object],,2613701,false,Ciclovia
589967678,Avenida da Recuperação,0,trunk,false,Ciclovia,8,FeatureCollection,[object Object],,2613701,false,Ciclovia
1363348032,Rua da Esperança,0,pedestrian,false,Ciclovia,57,FeatureCollection,[object Object],,2613701,false,Ciclovia
589967679,Avenida da Recuperação,0,trunk,false,Ciclovia,8,FeatureCollection,[object Object],,2613701,false,Ciclovia
589967680,Avenida da Recuperação,0,trunk,false,Ciclovia,8,FeatureCollection,[object Object],,2613701,false,Ciclovia
589967681,Avenida da Recuperação,0,trunk,false,Ciclovia,8,FeatureCollection,[object Object],,2613701,false,Ciclovia
598224593,Avenida da Recuperação,0,trunk,false,Ciclovia,8,FeatureCollection,[object Object],,2613701,false,Ciclovia
598224594,Avenida da Recuperação,0,trunk,false,Ciclovia,8,FeatureCollection,[object Object],,2613701,false,Ciclovia
621323015,Avenida Professor Moraes Rego,0,secondary,false,Ciclovia,8,FeatureCollection,[object Object],,2613701,false,Ciclovia
621323018,Avenida Professor Moraes Rego,0,secondary,false,Ciclovia,8,FeatureCollection,[object Object],,2613701,false,Ciclovia
621323019,Avenida Professor Moraes Rego,0,secondary,false,Ciclovia,8,FeatureCollection,[object Object],,2613701,false,Ciclovia
621323022,Avenida Professor Moraes Rego,0,secondary,false,Ciclovia,8,FeatureCollection,[object Object],,2613701,false,Ciclovia
624878405,,0,secondary_link,false,Ciclovia,8,FeatureCollection,[object Object],,2613701,false,Ciclovia
624878406,,0,secondary_link,false,Ciclovia,8,FeatureCollection,[object Object],,2613701,false,Ciclovia
625776187,Rodovia Governador Mário Covas,0,trunk,false,Ciclovia,8,FeatureCollection,[object Object],,2613701,false,Ciclovia
625776188,Rodovia Governador Mário Covas,0,trunk,false,Ciclovia,8,FeatureCollection,[object Object],,2613701,false,Ciclovia
625776191,,0,trunk_link,false,Ciclovia,8,FeatureCollection,[object Object],,2613701,false,Ciclovia
641636468,Avenida da Recuperação,0,secondary,false,Ciclovia,8,FeatureCollection,[object Object],,2613701,false,Ciclovia
686443374,Rodovia Governador Mário Covas,0,trunk,false,Ciclovia,8,FeatureCollection,[object Object],,2613701,false,Ciclovia
775253525,,0,trunk,false,Ciclovia,8,FeatureCollection,[object Object],,2613701,false,Ciclovia
686443375,Rodovia Governador Mário Covas,0,trunk,false,Ciclovia,8,FeatureCollection,[object Object],,2613701,false,Ciclovia
686477678,Rodovia Governador Mário Covas,0,trunk,false,Ciclovia,8,FeatureCollection,[object Object],,2613701,false,Ciclovia
686477679,Rodovia Governador Mário Covas,0,trunk,false,Ciclovia,8,FeatureCollection,[object Object],,2613701,false,Ciclovia
691431603,Avenida da Recuperação,0,secondary,false,Ciclovia,8,FeatureCollection,[object Object],,2613701,false,Ciclovia
700013826,Avenida Professor Moraes Rego,0,secondary,false,Ciclovia,8,FeatureCollection,[object Object],,2613701,false,Ciclovia
700013827,Avenida Professor Moraes Rego,0,secondary,false,Ciclovia,8,FeatureCollection,[object Object],,2613701,false,Ciclovia
703613346,Rodovia Governador Mário Covas,0,trunk,false,Ciclovia,8,FeatureCollection,[object Object],,2613701,false,Ciclovia
703620187,Rodovia Governador Mário Covas,0,trunk,false,Ciclovia,8,FeatureCollection,[object Object],,2613701,false,Ciclovia
707023319,Girador da Reitoria da UFPE,0,secondary,false,Ciclovia,8,FeatureCollection,[object Object],,2613701,false,Ciclovia
707023320,Girador da Reitoria da UFPE,0,secondary,false,Ciclovia,8,FeatureCollection,[object Object],,2613701,false,Ciclovia
707023321,Girador da Reitoria da UFPE,0,secondary,false,Ciclovia,8,FeatureCollection,[object Object],,2613701,false,Ciclovia
707023322,Rua Visconde de São Leopoldo,0,secondary,false,Ciclovia,8,FeatureCollection,[object Object],,2613701,false,Ciclovia
707023324,Avenida Professor Moraes Rego,0,secondary,false,Ciclovia,8,FeatureCollection,[object Object],,2613701,false,Ciclovia
724196835,,0,trunk_link,false,Ciclovia,8,FeatureCollection,[object Object],,2613701,false,Ciclovia
724204060,Avenida da Recuperação,0,secondary,false,Ciclovia,8,FeatureCollection,[object Object],,2613701,false,Ciclovia
727947259,Avenida da Recuperação,0,secondary,false,Ciclovia,8,FeatureCollection,[object Object],,2613701,false,Ciclovia
728916383,,0,secondary,false,Ciclovia,8,FeatureCollection,[object Object],,2613701,false,Ciclovia
728916385,,0,secondary,false,Ciclovia,8,FeatureCollection,[object Object],,2613701,false,Ciclovia
772281204,Avenida Professor Joaquim Cavalcanti,0,secondary,false,Ciclovia,8,FeatureCollection,[object Object],,2613701,false,Ciclovia
772281209,Rodovia Governador Mário Covas,0,trunk,false,Ciclovia,8,FeatureCollection,[object Object],,2613701,false,Ciclovia
772281250,Girador da Reitoria da UFPE,0,secondary,false,Ciclovia,8,FeatureCollection,[object Object],,2613701,false,Ciclovia
772456018,,0,secondary,false,Ciclovia,8,FeatureCollection,[object Object],,2613701,false,Ciclovia
775253501,Avenida da Recuperação,0,trunk,false,Ciclovia,8,FeatureCollection,[object Object],,2613701,false,Ciclovia
775253513,Avenida da Recuperação,0,trunk,false,Ciclovia,8,FeatureCollection,[object Object],,2613701,false,Ciclovia
775253514,Avenida da Recuperação,0,trunk,false,Ciclovia,8,FeatureCollection,[object Object],,2613701,false,Ciclovia
775253563,Avenida da Recuperação,0,trunk,false,Ciclovia,8,FeatureCollection,[object Object],,2613701,false,Ciclovia
775253564,Avenida da Recuperação,0,trunk,false,Ciclovia,8,FeatureCollection,[object Object],,2613701,false,Ciclovia
775253565,Avenida da Recuperação,0,trunk,false,Ciclovia,8,FeatureCollection,[object Object],,2613701,false,Ciclovia
775418046,Avenida Professor Joaquim Cavalcanti,0,secondary,false,Ciclovia,8,FeatureCollection,[object Object],,2613701,false,Ciclovia
775419833,Avenida Professor Joaquim Cavalcanti,0,secondary,false,Ciclovia,8,FeatureCollection,[object Object],,2613701,false,Ciclovia
775745359,Rodovia Governador Mário Covas,0,trunk,false,Ciclovia,8,FeatureCollection,[object Object],,2613701,false,Ciclovia
775434719,Rodovia Governador Mário Covas,0,trunk,false,Ciclovia,8,FeatureCollection,[object Object],,2613701,false,Ciclovia
775734073,Rodovia Governador Mário Covas,0,trunk,false,Ciclovia,8,FeatureCollection,[object Object],,2613701,false,Ciclovia
775734074,Rodovia Governador Mário Covas,0,trunk,false,Ciclovia,8,FeatureCollection,[object Object],,2613701,false,Ciclovia
775745357,Rodovia Governador Mário Covas,0,trunk,false,Ciclovia,8,FeatureCollection,[object Object],,2613701,false,Ciclovia
775745358,Rodovia Governador Mário Covas,0,trunk,false,Ciclovia,8,FeatureCollection,[object Object],,2613701,false,Ciclovia
775745360,Rodovia Governador Mário Covas,0,trunk,false,Ciclovia,8,FeatureCollection,[object Object],,2613701,false,Ciclovia
775745361,Rodovia Governador Mário Covas,0,trunk,false,Ciclovia,8,FeatureCollection,[object Object],,2613701,false,Ciclovia
775797255,Rodovia Governador Mário Covas,0,trunk,false,Ciclovia,8,FeatureCollection,[object Object],,2613701,false,Ciclovia
775807194,Rodovia Governador Mário Covas,0,trunk,false,Ciclovia,8,FeatureCollection,[object Object],,2613701,false,Ciclovia
791390431,Rodovia Governador Mário Covas,0,trunk,false,Ciclovia,8,FeatureCollection,[object Object],,2613701,false,Ciclovia
791390451,Rodovia Governador Mário Covas,0,trunk,false,Ciclovia,8,FeatureCollection,[object Object],,2613701,false,Ciclovia
818801491,,0,secondary,false,Ciclovia,8,FeatureCollection,[object Object],,2613701,false,Ciclovia
830376173,Rodovia Governador Mário Covas,0,trunk,false,Ciclovia,8,FeatureCollection,[object Object],,2613701,false,Ciclovia
857331044,Avenida da Recuperação,0,secondary,false,Ciclovia,8,FeatureCollection,[object Object],,2613701,false,Ciclovia
966019705,Avenida da Recuperação,0,trunk,false,Ciclovia,8,FeatureCollection,[object Object],,2613701,false,Ciclovia
966019706,Avenida da Recuperação,0,trunk,false,Ciclovia,8,FeatureCollection,[object Object],,2613701,false,Ciclovia
967662399,,0,trunk,false,Ciclovia,8,FeatureCollection,[object Object],,2613701,false,Ciclovia
967662400,,0,trunk,false,Ciclovia,8,FeatureCollection,[object Object],,2613701,false,Ciclovia
967977088,,0,trunk_link,false,Ciclovia,8,FeatureCollection,[object Object],,2613701,false,Ciclovia
968231893,Rodovia Governador Mário Covas,0,trunk,false,Ciclovia,8,FeatureCollection,[object Object],,2613701,false,Ciclovia
968511316,,0,trunk,false,Ciclovia,8,FeatureCollection,[object Object],,2613701,false,Ciclovia
968511317,Avenida da Recuperação,0,trunk,false,Ciclovia,8,FeatureCollection,[object Object],,2613701,false,Ciclovia
968511318,Avenida da Recuperação,0,trunk,false,Ciclovia,8,FeatureCollection,[object Object],,2613701,false,Ciclovia
968511319,Avenida da Recuperação,0,trunk,false,Ciclovia,8,FeatureCollection,[object Object],,2613701,false,Ciclovia
968511320,Avenida da Recuperação,0,trunk,false,Ciclovia,8,FeatureCollection,[object Object],,2613701,false,Ciclovia
968516445,Avenida da Recuperação,0,trunk,false,Ciclovia,8,FeatureCollection,[object Object],,2613701,false,Ciclovia
968529010,Rodovia Governador Mário Covas,0,trunk,false,Ciclovia,8,FeatureCollection,[object Object],,2613701,false,Ciclovia
968529011,Rodovia Governador Mário Covas,0,trunk,false,Ciclovia,8,FeatureCollection,[object Object],,2613701,false,Ciclovia
968532423,Avenida da Recuperação,0,trunk,false,Ciclovia,8,FeatureCollection,[object Object],,2613701,false,Ciclovia
968532425,,0,trunk,false,Ciclovia,8,FeatureCollection,[object Object],,2613701,false,Ciclovia
968532426,,0,trunk,false,Ciclovia,8,FeatureCollection,[object Object],,2613701,false,Ciclovia
968532429,Avenida da Recuperação,0,trunk,false,Ciclovia,8,FeatureCollection,[object Object],,2613701,false,Ciclovia
968532430,Avenida da Recuperação,0,trunk,false,Ciclovia,8,FeatureCollection,[object Object],,2613701,false,Ciclovia
968532431,Avenida da Recuperação,0,trunk,false,Ciclovia,8,FeatureCollection,[object Object],,2613701,false,Ciclovia
968532432,Avenida da Recuperação,0,trunk,false,Ciclovia,8,FeatureCollection,[object Object],,2613701,false,Ciclovia
968562033,Rodovia Governador Mário Covas,0,trunk,false,Ciclovia,8,FeatureCollection,[object Object],,2613701,false,Ciclovia
968564115,Rodovia Governador Mário Covas,0,trunk,false,Ciclovia,8,FeatureCollection,[object Object],,2613701,false,Ciclovia
968564116,Rodovia Governador Mário Covas,0,trunk,false,Ciclovia,8,FeatureCollection,[object Object],,2613701,false,Ciclovia
968564438,Rodovia Governador Mário Covas,0,trunk,false,Ciclovia,8,FeatureCollection,[object Object],,2613701,false,Ciclovia
968564439,Rodovia Governador Mário Covas,0,trunk,false,Ciclovia,8,FeatureCollection,[object Object],,2613701,false,Ciclovia
968595442,Rodovia Governador Mário Covas,0,trunk,false,Ciclovia,8,FeatureCollection,[object Object],,2613701,false,Ciclovia
1005949934,Avenida da Recuperação,0,secondary,false,Ciclovia,8,FeatureCollection,[object Object],,2613701,false,Ciclovia
1005949936,Rua Dois Irmãos,0,secondary,false,Ciclovia,8,FeatureCollection,[object Object],,2613701,false,Ciclovia
1005949937,Rua Dois Irmãos,0,secondary,false,Ciclovia,8,FeatureCollection,[object Object],,2613701,false,Ciclovia
1005949938,Avenida da Recuperação,0,secondary,false,Ciclovia,8,FeatureCollection,[object Object],,2613701,false,Ciclovia
1005949939,Rua Dois Irmãos,0,secondary,false,Ciclovia,8,FeatureCollection,[object Object],,2613701,false,Ciclovia
1005949943,Rua Dois Irmãos,0,secondary,false,Ciclovia,8,FeatureCollection,[object Object],,2613701,false,Ciclovia
1005949944,Avenida da Recuperação,0,secondary,false,Ciclovia,8,FeatureCollection,[object Object],,2613701,false,Ciclovia
1106687493,Rodovia Governador Mário Covas,0,trunk,false,Ciclovia,8,FeatureCollection,[object Object],,2613701,false,Ciclovia
1025667981,Rodovia Governador Mário Covas,0,trunk,false,Ciclovia,8,FeatureCollection,[object Object],,2613701,false,Ciclovia
1028989217,Avenida Recuperação,0,trunk,false,Ciclovia,8,FeatureCollection,[object Object],,2613701,false,Ciclovia
1028989218,Avenida da Recuperação,0,trunk,false,Ciclovia,8,FeatureCollection,[object Object],,2613701,false,Ciclovia
1028999840,Rodovia Governador Mário Covas,0,trunk,false,Ciclovia,8,FeatureCollection,[object Object],,2613701,false,Ciclovia
1096195796,,0,secondary,false,Ciclovia,8,FeatureCollection,[object Object],,2613701,false,Ciclovia
1106687494,Rodovia Governador Mário Covas,0,trunk,false,Ciclovia,8,FeatureCollection,[object Object],,2613701,false,Ciclovia
1106687495,Rodovia Governador Mário Covas,0,trunk,false,Ciclovia,8,FeatureCollection,[object Object],,2613701,false,Ciclovia
1106687496,Rodovia Governador Mário Covas,0,trunk,false,Ciclovia,8,FeatureCollection,[object Object],,2613701,false,Ciclovia
1183566154,,0,trunk,false,Ciclovia,8,FeatureCollection,[object Object],,2613701,false,Ciclovia
1183566157,,0,trunk,false,Ciclovia,8,FeatureCollection,[object Object],,2613701,false,Ciclovia
1183566158,,0,trunk,false,Ciclovia,8,FeatureCollection,[object Object],,2613701,false,Ciclovia
1185348087,,0,trunk,false,Ciclovia,8,FeatureCollection,[object Object],,2613701,false,Ciclovia
1339841983,Rodovia Governador Mário Covas,0,trunk,false,Ciclovia,8,FeatureCollection,[object Object],,2613701,false,Ciclovia
1339841984,Rodovia Governador Mário Covas,0,trunk,false,Ciclovia,8,FeatureCollection,[object Object],,2613701,false,Ciclovia
1339841985,Rodovia Governador Mário Covas,0,trunk,false,Ciclovia,8,FeatureCollection,[object Object],,2613701,false,Ciclovia
1339841986,Rodovia Governador Mário Covas,0,trunk,false,Ciclovia,8,FeatureCollection,[object Object],,2613701,false,Ciclovia
1339841987,Rodovia Governador Mário Covas,0,trunk,false,Ciclovia,8,FeatureCollection,[object Object],,2613701,false,Ciclovia
1339859566,Rodovia Governador Mário Covas,0,trunk,false,Ciclovia,8,FeatureCollection,[object Object],,2613701,false,Ciclovia
1354935682,Rodovia Governador Mário Covas,0,trunk,false,Ciclovia,8,FeatureCollection,[object Object],,2613701,false,Ciclovia
1354935683,Rodovia Governador Mário Covas,0,trunk,false,Ciclovia,8,FeatureCollection,[object Object],,2613701,false,Ciclovia
1375929513,,0,trunk,false,Ciclovia,8,FeatureCollection,[object Object],,2613701,false,Ciclovia
1375929514,,0,trunk,false,Ciclovia,8,FeatureCollection,[object Object],,2613701,false,Ciclovia
1375934722,Rodovia Governador Mário Covas,0,trunk,false,Ciclovia,8,FeatureCollection,[object Object],,2613701,false,Ciclovia
1386686424,Rodovia Governador Mário Covas,0,trunk,false,Ciclovia,8,FeatureCollection,[object Object],,2613701,false,Ciclovia
1386686425,Rodovia Governador Mário Covas,0,trunk,false,Ciclovia,8,FeatureCollection,[object Object],,2613701,false,Ciclovia
1386686426,Rodovia Governador Mário Covas,0,trunk,false,Ciclovia,8,FeatureCollection,[object Object],,2613701,false,Ciclovia
1386686427,Rodovia Governador Mário Covas,0,trunk,false,Ciclovia,8,FeatureCollection,[object Object],,2613701,false,Ciclovia
94746395,Rodovia PE-060,0,trunk,false,Ciclovia,4,FeatureCollection,[object Object],,2613701,false,Ciclovia
94746401,,0,trunk_link,false,Ciclovia,4,FeatureCollection,[object Object],,2613701,false,Ciclovia
95110150,,0,trunk_link,false,Ciclovia,4,FeatureCollection,[object Object],,2613701,false,Ciclovia
99725116,Rodovia PE-060,0,trunk,false,Ciclovia,4,FeatureCollection,[object Object],,2613701,false,Ciclovia
158621551,Rodovia PE-060,0,primary,false,Ciclovia,4,FeatureCollection,[object Object],,2613701,false,Ciclovia
158621552,Rodovia PE-060,0,primary,false,Ciclovia,4,FeatureCollection,[object Object],,2613701,false,Ciclovia
159614620,Rodovia PE-060,0,trunk,false,Ciclovia,4,FeatureCollection,[object Object],,2613701,false,Ciclovia
159616034,Rodovia PE-060,0,trunk,false,Ciclovia,4,FeatureCollection,[object Object],,2613701,false,Ciclovia
159616569,Rodovia PE-060,0,primary,false,Ciclovia,4,FeatureCollection,[object Object],,2613701,false,Ciclovia
239944287,,0,trunk,false,Ciclovia,4,FeatureCollection,[object Object],,2613701,false,Ciclovia
239944288,,0,trunk,false,Ciclovia,4,FeatureCollection,[object Object],,2613701,false,Ciclovia
239944289,Rodovia PE-060,0,trunk,false,Ciclovia,4,FeatureCollection,[object Object],,2613701,false,Ciclovia
239944290,Rodovia PE-060,0,trunk,false,Ciclovia,4,FeatureCollection,[object Object],,2613701,false,Ciclovia
239944291,,0,trunk,false,Ciclovia,4,FeatureCollection,[object Object],,2613701,false,Ciclovia
239944292,Rodovia PE-060,0,trunk,false,Ciclovia,4,FeatureCollection,[object Object],,2613701,false,Ciclovia
239944293,,0,trunk,false,Ciclovia,4,FeatureCollection,[object Object],,2613701,false,Ciclovia
239944294,Rodovia PE-060,0,trunk,false,Ciclovia,4,FeatureCollection,[object Object],,2613701,false,Ciclovia
239944295,,0,trunk_link,false,Ciclovia,4,FeatureCollection,[object Object],,2613701,false,Ciclovia
239944296,,0,trunk_link,false,Ciclovia,4,FeatureCollection,[object Object],,2613701,false,Ciclovia
436725770,Rodovia PE-060,0,primary,false,Ciclovia,4,FeatureCollection,[object Object],,2613701,false,Ciclovia
239944299,Rodovia PE-060,0,trunk,false,Ciclovia,4,FeatureCollection,[object Object],,2613701,false,Ciclovia
386100704,,0,trunk,false,Ciclovia,4,FeatureCollection,[object Object],,2613701,false,Ciclovia
386100706,Rodovia PE-060,0,trunk,false,Ciclovia,4,FeatureCollection,[object Object],,2613701,false,Ciclovia
394907082,Rodovia PE-060,0,trunk,false,Ciclovia,4,FeatureCollection,[object Object],,2613701,false,Ciclovia
394907083,Rodovia PE-060,0,trunk,false,Ciclovia,4,FeatureCollection,[object Object],,2613701,false,Ciclovia
436725767,Rodovia PE-060,0,primary,false,Ciclovia,4,FeatureCollection,[object Object],,2613701,false,Ciclovia
1184013189,Avenida Brasil,0,residential,false,Ciclovia,225,FeatureCollection,[object Object],,2613701,false,Ciclovia
542946272,Rodovia PE-060,0,primary,false,Ciclovia,4,FeatureCollection,[object Object],,2613701,false,Ciclovia
542946273,Rodovia PE-060,0,primary,false,Ciclovia,4,FeatureCollection,[object Object],,2613701,false,Ciclovia
542946274,Rodovia PE-060,0,primary,false,Ciclovia,4,FeatureCollection,[object Object],,2613701,false,Ciclovia
542946275,Rodovia PE-060,0,primary,false,Ciclovia,4,FeatureCollection,[object Object],,2613701,false,Ciclovia
542946276,Rodovia PE-060,0,primary,false,Ciclovia,4,FeatureCollection,[object Object],,2613701,false,Ciclovia
542946277,Rodovia PE-060,0,primary,false,Ciclovia,4,FeatureCollection,[object Object],,2613701,false,Ciclovia
328662388,Rua Bernardim Ribeiro,0,tertiary,false,Ciclovia,122,FeatureCollection,[object Object],,2613701,false,Ciclovia
542946278,Rodovia PE-60,0,primary,false,Ciclovia,4,FeatureCollection,[object Object],,2613701,false,Ciclovia
542946279,,0,primary,false,Ciclovia,4,FeatureCollection,[object Object],,2613701,false,Ciclovia
542946280,,0,primary,false,Ciclovia,4,FeatureCollection,[object Object],,2613701,false,Ciclovia
542946286,Rodovia PE-060,0,trunk,false,Ciclovia,4,FeatureCollection,[object Object],,2613701,false,Ciclovia
574218670,,0,trunk,false,Ciclovia,4,FeatureCollection,[object Object],,2613701,false,Ciclovia
574218671,,0,trunk,false,Ciclovia,4,FeatureCollection,[object Object],,2613701,false,Ciclovia
574218672,,0,trunk,false,Ciclovia,4,FeatureCollection,[object Object],,2613701,false,Ciclovia
662273375,Rodovia PE-060,0,trunk,false,Ciclovia,4,FeatureCollection,[object Object],,2613701,false,Ciclovia
696789622,Rodovia PE-060,0,trunk,false,Ciclovia,4,FeatureCollection,[object Object],,2613701,false,Ciclovia
696789625,,0,trunk,false,Ciclovia,4,FeatureCollection,[object Object],,2613701,false,Ciclovia
696789626,Rodovia PE-060,0,trunk,false,Ciclovia,4,FeatureCollection,[object Object],,2613701,false,Ciclovia
696789628,,0,trunk,false,Ciclovia,4,FeatureCollection,[object Object],,2613701,false,Ciclovia
696789632,Rodovia PE-060,0,trunk,false,Ciclovia,4,FeatureCollection,[object Object],,2613701,false,Ciclovia
696789634,Rodovia PE-060,0,trunk,false,Ciclovia,4,FeatureCollection,[object Object],,2613701,false,Ciclovia
696792644,Rodovia PE-060,0,trunk,false,Ciclovia,4,FeatureCollection,[object Object],,2613701,false,Ciclovia
696792652,Rodovia PE-060,0,trunk,false,Ciclovia,4,FeatureCollection,[object Object],,2613701,false,Ciclovia
696792657,Rodovia PE-060,0,trunk,false,Ciclovia,4,FeatureCollection,[object Object],,2613701,false,Ciclovia
696792659,,0,trunk,false,Ciclovia,4,FeatureCollection,[object Object],,2613701,false,Ciclovia
696792660,Rodovia PE-060,0,trunk,false,Ciclovia,4,FeatureCollection,[object Object],,2613701,false,Ciclovia
696796856,,0,trunk,false,Ciclovia,4,FeatureCollection,[object Object],,2613701,false,Ciclovia
712536323,Rodovia PE-060,0,primary,false,Ciclovia,4,FeatureCollection,[object Object],,2613701,false,Ciclovia
788553761,Rodovia PE-060,0,trunk,false,Ciclovia,4,FeatureCollection,[object Object],,2613701,false,Ciclovia
788553762,Rodovia PE-060,0,trunk,false,Ciclovia,4,FeatureCollection,[object Object],,2613701,false,Ciclovia
788553763,Rodovia PE-060,0,trunk,false,Ciclovia,4,FeatureCollection,[object Object],,2613701,false,Ciclovia
788553764,Rodovia PE-060,0,trunk,false,Ciclovia,4,FeatureCollection,[object Object],,2613701,false,Ciclovia
789623542,Rodovia PE-060,0,primary,false,Ciclovia,4,FeatureCollection,[object Object],,2613701,false,Ciclovia
791161160,Rodovia PE-060,0,trunk,false,Ciclovia,4,FeatureCollection,[object Object],,2613701,false,Ciclovia
802199604,Rodovia PE-060,0,trunk,false,Ciclovia,4,FeatureCollection,[object Object],,2613701,false,Ciclovia
802199606,,0,trunk,false,Ciclovia,4,FeatureCollection,[object Object],,2613701,false,Ciclovia
802199643,Rodovia PE-060,0,trunk,false,Ciclovia,4,FeatureCollection,[object Object],,2613701,false,Ciclovia
802199644,,0,trunk,false,Ciclovia,4,FeatureCollection,[object Object],,2613701,false,Ciclovia
802199645,,0,trunk,false,Ciclovia,4,FeatureCollection,[object Object],,2613701,false,Ciclovia
802199646,,0,trunk,false,Ciclovia,4,FeatureCollection,[object Object],,2613701,false,Ciclovia
857321658,Rodovia PE-060,0,primary,false,Ciclovia,4,FeatureCollection,[object Object],,2613701,false,Ciclovia
857321659,Rodovia PE-060,0,primary,false,Ciclovia,4,FeatureCollection,[object Object],,2613701,false,Ciclovia
857321660,Rodovia PE-060,0,primary,false,Ciclovia,4,FeatureCollection,[object Object],,2613701,false,Ciclovia
857321661,Rodovia PE-060,0,primary,false,Ciclovia,4,FeatureCollection,[object Object],,2613701,false,Ciclovia
857322664,Rodovia PE-060,0,primary,false,Ciclovia,4,FeatureCollection,[object Object],,2613701,false,Ciclovia
857322665,Rodovia PE-060,0,primary,false,Ciclovia,4,FeatureCollection,[object Object],,2613701,false,Ciclovia
857322666,Rodovia PE-060,0,primary,false,Ciclovia,4,FeatureCollection,[object Object],,2613701,false,Ciclovia
874918001,Rodovia PE-060,0,trunk,false,Ciclovia,4,FeatureCollection,[object Object],,2613701,false,Ciclovia
874918002,Rodovia PE-060,0,trunk,false,Ciclovia,4,FeatureCollection,[object Object],,2613701,false,Ciclovia
874918010,,0,trunk,false,Ciclovia,4,FeatureCollection,[object Object],,2613701,false,Ciclovia
874918011,,0,trunk,false,Ciclovia,4,FeatureCollection,[object Object],,2613701,false,Ciclovia
911670315,,0,trunk,false,Ciclovia,4,FeatureCollection,[object Object],,2613701,false,Ciclovia
911670316,,0,trunk,false,Ciclovia,4,FeatureCollection,[object Object],,2613701,false,Ciclovia
911670317,,0,trunk,false,Ciclovia,4,FeatureCollection,[object Object],,2613701,false,Ciclovia
911670318,,0,trunk,false,Ciclovia,4,FeatureCollection,[object Object],,2613701,false,Ciclovia
987491700,Rodovia PE-060,0,trunk,false,Ciclovia,4,FeatureCollection,[object Object],,2613701,false,Ciclovia
987491701,Rodovia PE-060,0,trunk,false,Ciclovia,4,FeatureCollection,[object Object],,2613701,false,Ciclovia
987491702,Rodovia PE-060,0,trunk,false,Ciclovia,4,FeatureCollection,[object Object],,2613701,false,Ciclovia
987491703,Rodovia PE-060,0,trunk,false,Ciclovia,4,FeatureCollection,[object Object],,2613701,false,Ciclovia
987491704,Rodovia PE-060,0,trunk,false,Ciclovia,4,FeatureCollection,[object Object],,2613701,false,Ciclovia
987491705,Rodovia PE-060,0,trunk,false,Ciclovia,4,FeatureCollection,[object Object],,2613701,false,Ciclovia
1285470157,Rodovia PE-060,0,primary,false,Ciclovia,4,FeatureCollection,[object Object],,2613701,false,Ciclovia
990892501,Rodovia PE-060,0,trunk,false,Ciclovia,4,FeatureCollection,[object Object],,2613701,false,Ciclovia
990892502,Rodovia PE-060,0,trunk,false,Ciclovia,4,FeatureCollection,[object Object],,2613701,false,Ciclovia
990892503,Rodovia PE-060,0,trunk,false,Ciclovia,4,FeatureCollection,[object Object],,2613701,false,Ciclovia
1080342021,Rodovia PE-060,0,trunk,false,Ciclovia,4,FeatureCollection,[object Object],,2613701,false,Ciclovia
1080342022,Rodovia PE-060,0,trunk,false,Ciclovia,4,FeatureCollection,[object Object],,2613701,false,Ciclovia
1118716341,Rodovia PE-060,0,primary,false,Ciclovia,4,FeatureCollection,[object Object],,2613701,false,Ciclovia
1285470158,Rodovia PE-060,0,primary,false,Ciclovia,4,FeatureCollection,[object Object],,2613701,false,Ciclovia
1285470159,Rodovia PE-060,0,primary,false,Ciclovia,4,FeatureCollection,[object Object],,2613701,false,Ciclovia
1343941811,,0,trunk_link,false,Ciclovia,4,FeatureCollection,[object Object],,2613701,false,Ciclovia
23389998,Rua da Esperança,0,primary,false,Ciclovia,98,FeatureCollection,[object Object],,2613701,false,Ciclovia
77530440,Rua da Esperança,0,primary,false,Ciclovia,98,FeatureCollection,[object Object],,2613701,false,Ciclovia
185834076,Avenida dos Pescadores,0,tertiary,false,Ciclovia,98,FeatureCollection,[object Object],,2613701,false,Ciclovia
405996179,Avenida dos Santos,0,secondary,false,Ciclovia,98,FeatureCollection,[object Object],,2613701,false,Ciclovia
405996186,Rodovia PE-051,0,secondary,false,Ciclovia,98,FeatureCollection,[object Object],,2613701,false,Ciclovia
405996189,Rodovia PE-051,0,primary,false,Ciclovia,98,FeatureCollection,[object Object],,2613701,false,Ciclovia
405996201,,0,primary_link,false,Ciclovia,98,FeatureCollection,[object Object],,2613701,false,Ciclovia
405996207,,0,primary_link,false,Ciclovia,98,FeatureCollection,[object Object],,2613701,false,Ciclovia
579591599,Ciclovia da PE-09,0,cycleway,true,Ciclovia,98,FeatureCollection,[object Object],,2613701,false,Ciclovia
579591600,Ciclovia da PE-09,0,cycleway,true,Ciclovia,98,FeatureCollection,[object Object],,2613701,false,Ciclovia
579591601,Ciclovia da PE-09,0,cycleway,true,Ciclovia,98,FeatureCollection,[object Object],,2613701,false,Ciclovia
579591612,Ciclovia da PE-09,0,cycleway,true,Ciclovia,98,FeatureCollection,[object Object],,2613701,false,Ciclovia
706108033,Avenida dos Santos,0,secondary,false,Ciclovia,98,FeatureCollection,[object Object],,2613701,false,Ciclovia
706108034,Avenida dos Santos,0,secondary,false,Ciclovia,98,FeatureCollection,[object Object],,2613701,false,Ciclovia
857319850,Rodovia PE-051,0,secondary,false,Ciclovia,98,FeatureCollection,[object Object],,2613701,false,Ciclovia
682297386,Rodovia PE-009,0,primary,false,Ciclovia,3,FeatureCollection,[object Object],,2613701,false,Ciclovia
857319851,Rodovia PE-051,0,primary,false,Ciclovia,98,FeatureCollection,[object Object],,2613701,false,Ciclovia
1363348034,Rua da Esperança,0,primary,false,Ciclovia,98,FeatureCollection,[object Object],,2613701,false,Ciclovia
1363348035,Rua da Esperança,0,primary,false,Ciclovia,98,FeatureCollection,[object Object],,2613701,false,Ciclovia
1363404717,Rua da Esperança,0,primary,false,Ciclovia,98,FeatureCollection,[object Object],,2613701,false,Ciclovia
185706242,Avenida Humberto Costa Soares,0,secondary,false,Ciclovia,99,FeatureCollection,[object Object],,2613701,false,Ciclovia
185706244,,0,secondary,false,Ciclovia,99,FeatureCollection,[object Object],,2613701,false,Ciclovia
518047363,Rua Santo Antônio,0,secondary,false,Ciclovia,99,FeatureCollection,[object Object],,2613701,false,Ciclovia
519166007,,0,secondary,false,Ciclovia,99,FeatureCollection,[object Object],,2613701,false,Ciclovia
519166009,,0,secondary,false,Ciclovia,99,FeatureCollection,[object Object],,2613701,false,Ciclovia
828007966,Avenida Humberto Costa Soares,0,secondary,false,Ciclovia,99,FeatureCollection,[object Object],,2613701,false,Ciclovia
1029321195,Rua do Comércio,0,secondary,false,Ciclovia,99,FeatureCollection,[object Object],,2613701,false,Ciclovia
23392694,Rodovia PE-038,0,primary,false,Ciclovia,3,FeatureCollection,[object Object],,2613701,false,Ciclovia
23393265,Rodovia PE-009,0,primary,false,Ciclovia,3,FeatureCollection,[object Object],,2613701,false,Ciclovia
23393272,Rodovia PE-009,0,primary,false,Ciclovia,3,FeatureCollection,[object Object],,2613701,false,Ciclovia
324503252,Rodovia PE-009,0,primary,false,Ciclovia,3,FeatureCollection,[object Object],,2613701,false,Ciclovia
324503254,Rodovia PE-038,0,primary,false,Ciclovia,3,FeatureCollection,[object Object],,2613701,false,Ciclovia
324506478,Rodovia PE-009,0,primary,false,Ciclovia,3,FeatureCollection,[object Object],,2613701,false,Ciclovia
324506480,Rodovia PE-009,0,primary,false,Ciclovia,3,FeatureCollection,[object Object],,2613701,false,Ciclovia
470201859,Rodovia PE-038,0,primary,false,Ciclovia,3,FeatureCollection,[object Object],,2613701,false,Ciclovia
470201863,Rodovia PE-038,0,primary,false,Ciclovia,3,FeatureCollection,[object Object],,2613701,false,Ciclovia
519164209,Rodovia PE-038,0,primary,false,Ciclovia,3,FeatureCollection,[object Object],,2613701,false,Ciclovia
519164213,Rodovia PE-038,0,primary,false,Ciclovia,3,FeatureCollection,[object Object],,2613701,false,Ciclovia
542946778,Rodovia PE-038,0,primary,false,Ciclovia,3,FeatureCollection,[object Object],,2613701,false,Ciclovia
542946779,Rodovia PE-038,0,primary,false,Ciclovia,3,FeatureCollection,[object Object],,2613701,false,Ciclovia
542946780,Rodovia PE-038,0,primary,false,Ciclovia,3,FeatureCollection,[object Object],,2613701,false,Ciclovia
542946781,Rodovia PE-038,0,primary,false,Ciclovia,3,FeatureCollection,[object Object],,2613701,false,Ciclovia
542946782,Rodovia PE-038,0,primary,false,Ciclovia,3,FeatureCollection,[object Object],,2613701,false,Ciclovia
554059607,Rodovia PE-038,0,primary,false,Ciclovia,3,FeatureCollection,[object Object],,2613701,false,Ciclovia
682297373,Rodovia PE-009,0,primary,false,Ciclovia,3,FeatureCollection,[object Object],,2613701,false,Ciclovia
682297374,Rodovia PE-009,0,primary,false,Ciclovia,3,FeatureCollection,[object Object],,2613701,false,Ciclovia
682297375,Rodovia PE-009,0,primary,false,Ciclovia,3,FeatureCollection,[object Object],,2613701,false,Ciclovia
682297376,Rodovia PE-009,0,primary,false,Ciclovia,3,FeatureCollection,[object Object],,2613701,false,Ciclovia
682297385,Rodovia PE-009,0,primary,false,Ciclovia,3,FeatureCollection,[object Object],,2613701,false,Ciclovia
828762084,Rodovia PE-038,0,primary,false,Ciclovia,3,FeatureCollection,[object Object],,2613701,false,Ciclovia
1087269107,Rodovia PE-038,0,primary,false,Ciclovia,3,FeatureCollection,[object Object],,2613701,false,Ciclovia
1420040583,Rodovia PE-038,0,primary,false,Ciclovia,3,FeatureCollection,[object Object],,2613701,false,Ciclovia
1420040584,Rodovia PE-038,0,primary,false,Ciclovia,3,FeatureCollection,[object Object],,2613701,false,Ciclovia
158621572,Avenida Francisco Alves de Souza,0,tertiary,false,Ciclovia,59,FeatureCollection,[object Object],,2613701,false,Ciclovia
158621607,,0,primary_link,false,Ciclovia,59,FeatureCollection,[object Object],,2613701,false,Ciclovia
676854984,,0,tertiary,false,Ciclovia,59,FeatureCollection,[object Object],,2613701,false,Ciclovia
676854988,,0,tertiary,false,Ciclovia,59,FeatureCollection,[object Object],,2613701,false,Ciclovia
1082112910,,0,tertiary,false,Ciclovia,59,FeatureCollection,[object Object],,2613701,false,Ciclovia
1184097565,Rua Cristovão Jose da Silva,0,tertiary,false,Ciclovia,59,FeatureCollection,[object Object],,2613701,false,Ciclovia
578918239,Ciclovia de Maracaípe,0,cycleway,true,Ciclovia,91,FeatureCollection,[object Object],,2613701,false,Ciclovia
578918242,Ciclovia de Maracaípe,0,cycleway,true,Ciclovia,91,FeatureCollection,[object Object],,2613701,false,Ciclovia
578927420,Ciclovia de Maracaípe,0,cycleway,true,Ciclovia,91,FeatureCollection,[object Object],,2613701,false,Ciclovia
578927422,Ciclovia de Maracaípe,0,cycleway,true,Ciclovia,91,FeatureCollection,[object Object],,2613701,false,Ciclovia
23392865,Rua Pitangueira,0,secondary,false,Ciclovia,2,FeatureCollection,[object Object],,2613701,false,Ciclovia
337236701,Ciclovia de Porto de Galinhas,0,cycleway,true,Ciclovia,2,FeatureCollection,[object Object],,2613701,false,Ciclovia
337243583,Ciclovia de Porto de Galinhas,0,cycleway,true,Ciclovia,2,FeatureCollection,[object Object],,2613701,false,Ciclovia
337243584,Ciclovia de Porto de Galinhas,0,cycleway,true,Ciclovia,2,FeatureCollection,[object Object],,2613701,false,Ciclovia
795964890,,0,cycleway,true,Ciclovia,2,FeatureCollection,[object Object],,2613701,false,Ciclovia
1363431141,Rua Pitangueira,0,secondary,false,Ciclovia,2,FeatureCollection,[object Object],,2613701,false,Ciclovia
23390013,Rua Beijupirá,0,pedestrian,false,Ciclovia,207,FeatureCollection,[object Object],,2613701,false,Ciclovia
287674404,Rua Beijupirá,0,residential,false,Ciclovia,207,FeatureCollection,[object Object],,2613701,false,Ciclovia
788158796,Rua Beijupirá,0,residential,false,Ciclovia,207,FeatureCollection,[object Object],,2613701,false,Ciclovia
77530402,Rua da Esperança,0,pedestrian,false,Ciclovia,57,FeatureCollection,[object Object],,2613701,false,Ciclovia
298183031,Rua da Esperança,0,primary,false,Ciclovia,57,FeatureCollection,[object Object],,2613701,false,Ciclovia
298183034,Rua da Esperança,0,primary,false,Ciclovia,57,FeatureCollection,[object Object],,2613701,false,Ciclovia
298183037,,0,primary,false,Ciclovia,57,FeatureCollection,[object Object],,2613701,false,Ciclovia
23393266,Rua do Colégio,0,residential,false,Ciclovia,209,FeatureCollection,[object Object],,2613701,false,Ciclovia
23393267,Rua Cristóvão Souza Leão,0,primary_link,false,Ciclovia,209,FeatureCollection,[object Object],,2613701,false,Ciclovia
23393268,Rua Cristóvão Souza Leão,0,primary_link,false,Ciclovia,209,FeatureCollection,[object Object],,2613701,false,Ciclovia
189139464,Rua Capitão Antônio Braz,0,residential,false,Ciclovia,209,FeatureCollection,[object Object],,2613701,false,Ciclovia
189139472,Rua da Matriz,0,residential,false,Ciclovia,209,FeatureCollection,[object Object],,2613701,false,Ciclovia
547542955,Rua Cristóvão Souza Leão,0,residential,false,Ciclovia,209,FeatureCollection,[object Object],,2613701,false,Ciclovia
1302726895,Rua do Colégio,0,residential,false,Ciclovia,209,FeatureCollection,[object Object],,2613701,false,Ciclovia
1389032264,Rua do Colégio,0,residential,false,Ciclovia,209,FeatureCollection,[object Object],,2613701,false,Ciclovia
189139466,Rua Dezessete,0,residential,false,Ciclovia,210,FeatureCollection,[object Object],,2613701,false,Ciclovia
189139468,Rua São Miguel,0,residential,false,Ciclovia,210,FeatureCollection,[object Object],,2613701,false,Ciclovia
189139475,Rua do Mercado,0,residential,false,Ciclovia,56,FeatureCollection,[object Object],,2613701,false,Ciclovia
189139487,,0,tertiary,false,Ciclovia,56,FeatureCollection,[object Object],,2613701,false,Ciclovia
792545228,Rua do Comércio,0,residential,false,Ciclovia,56,FeatureCollection,[object Object],,2613701,false,Ciclovia
817449621,Rua Pedro Serafim de Souza Leão,0,residential,false,Ciclovia,56,FeatureCollection,[object Object],,2613701,false,Ciclovia
1182155327,Rua da Macaiba,0,residential,false,Ciclovia,56,FeatureCollection,[object Object],,2613701,false,Ciclovia
30805314,,0,trunk,false,Ciclovia,5,FeatureCollection,[object Object],,2613701,false,Ciclovia
30805400,,0,trunk,false,Ciclovia,5,FeatureCollection,[object Object],,2613701,false,Ciclovia
30805491,,0,trunk,false,Ciclovia,5,FeatureCollection,[object Object],,2613701,false,Ciclovia
128408706,Rodovia Governador Mário Covas,0,trunk,false,Ciclovia,5,FeatureCollection,[object Object],,2613701,false,Ciclovia
128408708,Rodovia Governador Mário Covas,0,trunk,false,Ciclovia,5,FeatureCollection,[object Object],,2613701,false,Ciclovia
128408709,Rodovia Governador Mário Covas,0,trunk,false,Ciclovia,5,FeatureCollection,[object Object],,2613701,false,Ciclovia
656134743,Avenida Nossa Senhora do Bom Conselho,0,primary,false,Ciclovia,5,FeatureCollection,[object Object],,2613701,false,Ciclovia
182621993,,0,primary,false,Ciclovia,5,FeatureCollection,[object Object],,2613701,false,Ciclovia
221891104,Rodovia Governador Mário Covas,0,trunk,false,Ciclovia,5,FeatureCollection,[object Object],,2613701,false,Ciclovia
222068900,,0,trunk_link,false,Ciclovia,5,FeatureCollection,[object Object],,2613701,false,Ciclovia
222069375,Rua Luís Rigueira,0,trunk_link,false,Ciclovia,5,FeatureCollection,[object Object],,2613701,false,Ciclovia
222184456,Avenida Conde da Boa Vista,0,primary,false,Ciclovia,5,FeatureCollection,[object Object],,2613701,false,Ciclovia
222184457,Avenida Conde da Boa Vista,0,primary,false,Ciclovia,5,FeatureCollection,[object Object],,2613701,false,Ciclovia
222184458,,0,primary_link,false,Ciclovia,5,FeatureCollection,[object Object],,2613701,false,Ciclovia
222184459,Avenida Conde da Boa Vista,0,primary,false,Ciclovia,5,FeatureCollection,[object Object],,2613701,false,Ciclovia
222694907,Antiga BR-101,0,primary,false,Ciclovia,5,FeatureCollection,[object Object],,2613701,false,Ciclovia
222694910,Avenida Conde da Boa Vista,0,primary,false,Ciclovia,5,FeatureCollection,[object Object],,2613701,false,Ciclovia
526804443,,0,trunk_link,false,Ciclovia,5,FeatureCollection,[object Object],,2613701,false,Ciclovia
336009719,Antiga Rodovia BR-101 Sul,0,primary,false,Ciclovia,5,FeatureCollection,[object Object],,2613701,false,Ciclovia
336009720,Avenida Nossa Senhora do Bom Conselho,0,primary,false,Ciclovia,5,FeatureCollection,[object Object],,2613701,false,Ciclovia
336009725,,0,primary,false,Ciclovia,5,FeatureCollection,[object Object],,2613701,false,Ciclovia
336009726,,0,primary,false,Ciclovia,5,FeatureCollection,[object Object],,2613701,false,Ciclovia
336009732,Rua Bom Conselho,0,primary,false,Ciclovia,5,FeatureCollection,[object Object],,2613701,false,Ciclovia
543326758,,0,trunk_link,false,Ciclovia,5,FeatureCollection,[object Object],,2613701,false,Ciclovia
336009744,Avenida Nossa Senhora do Bom Conselho,0,primary,false,Ciclovia,5,FeatureCollection,[object Object],,2613701,false,Ciclovia
336009772,,0,trunk,false,Ciclovia,5,FeatureCollection,[object Object],,2613701,false,Ciclovia
336009784,,0,primary,false,Ciclovia,5,FeatureCollection,[object Object],,2613701,false,Ciclovia
336009787,,0,trunk,false,Ciclovia,5,FeatureCollection,[object Object],,2613701,false,Ciclovia
336009791,,0,primary,false,Ciclovia,5,FeatureCollection,[object Object],,2613701,false,Ciclovia
662336659,Rodovia Governador Mário Covas,0,trunk,false,Ciclovia,5,FeatureCollection,[object Object],,2613701,false,Ciclovia
663373161,,0,secondary,false,Ciclovia,5,FeatureCollection,[object Object],,2613701,false,Ciclovia
696983738,Avenida Nossa Senhora do Bom Conselho,0,primary,false,Ciclovia,5,FeatureCollection,[object Object],,2613701,false,Ciclovia
696983740,Avenida Nossa Senhora do Bom Conselho,0,primary,false,Ciclovia,5,FeatureCollection,[object Object],,2613701,false,Ciclovia
696986893,Avenida Nossa Senhora do Bom Conselho,0,primary,false,Ciclovia,5,FeatureCollection,[object Object],,2613701,false,Ciclovia
775734075,Rodovia Governador Mário Covas,0,trunk,false,Ciclovia,5,FeatureCollection,[object Object],,2613701,false,Ciclovia
775734076,Rodovia Governador Mário Covas,0,trunk,false,Ciclovia,5,FeatureCollection,[object Object],,2613701,false,Ciclovia
777147674,Rodovia Governador Mário Covas,0,trunk,false,Ciclovia,5,FeatureCollection,[object Object],,2613701,false,Ciclovia
777147675,Rodovia Governador Mário Covas,0,trunk,false,Ciclovia,5,FeatureCollection,[object Object],,2613701,false,Ciclovia
777147676,,0,service,false,Ciclovia,5,FeatureCollection,[object Object],,2613701,false,Ciclovia
777147677,,0,service,false,Ciclovia,5,FeatureCollection,[object Object],,2613701,false,Ciclovia
777147678,Antiga BR-101,0,primary,false,Ciclovia,5,FeatureCollection,[object Object],,2613701,false,Ciclovia
777147679,Antiga BR-101,0,primary,false,Ciclovia,5,FeatureCollection,[object Object],,2613701,false,Ciclovia
777147680,Antiga BR-101,0,primary,false,Ciclovia,5,FeatureCollection,[object Object],,2613701,false,Ciclovia
777147681,,0,service,false,Ciclovia,5,FeatureCollection,[object Object],,2613701,false,Ciclovia
777147682,,0,service,false,Ciclovia,5,FeatureCollection,[object Object],,2613701,false,Ciclovia
777147683,Antiga BR-101,0,primary,false,Ciclovia,5,FeatureCollection,[object Object],,2613701,false,Ciclovia
777147684,Antiga BR-101,0,primary,false,Ciclovia,5,FeatureCollection,[object Object],,2613701,false,Ciclovia
777147685,Antiga BR-101,0,primary,false,Ciclovia,5,FeatureCollection,[object Object],,2613701,false,Ciclovia
777147686,,0,service,false,Ciclovia,5,FeatureCollection,[object Object],,2613701,false,Ciclovia
789067108,,0,trunk,false,Ciclovia,5,FeatureCollection,[object Object],,2613701,false,Ciclovia
789067109,,0,trunk,false,Ciclovia,5,FeatureCollection,[object Object],,2613701,false,Ciclovia
789067110,,0,trunk,false,Ciclovia,5,FeatureCollection,[object Object],,2613701,false,Ciclovia
791084162,,0,trunk,false,Ciclovia,5,FeatureCollection,[object Object],,2613701,false,Ciclovia
791084170,PE-060,0,cycleway,true,Ciclovia,5,FeatureCollection,[object Object],,2613701,false,Ciclovia
625776190,,0,trunk_link,false,Ciclovia,96,FeatureCollection,[object Object],,2613701,false,Ciclovia
791084171,PE-060,0,cycleway,true,Ciclovia,5,FeatureCollection,[object Object],,2613701,false,Ciclovia
791084172,PE-060,0,cycleway,true,Ciclovia,5,FeatureCollection,[object Object],,2613701,false,Ciclovia
791084173,PE-060,0,cycleway,true,Ciclovia,5,FeatureCollection,[object Object],,2613701,false,Ciclovia
791084177,PE-060,0,cycleway,true,Ciclovia,5,FeatureCollection,[object Object],,2613701,false,Ciclovia
791084182,,0,service,false,Ciclovia,5,FeatureCollection,[object Object],,2613701,false,Ciclovia
791084185,,0,trunk,false,Ciclovia,5,FeatureCollection,[object Object],,2613701,false,Ciclovia
791084186,,0,trunk,false,Ciclovia,5,FeatureCollection,[object Object],,2613701,false,Ciclovia
791084187,,0,trunk,false,Ciclovia,5,FeatureCollection,[object Object],,2613701,false,Ciclovia
791084188,,0,trunk,false,Ciclovia,5,FeatureCollection,[object Object],,2613701,false,Ciclovia
791084210,Avenida Nossa Senhora do Bom Conselho,0,primary,false,Ciclovia,5,FeatureCollection,[object Object],,2613701,false,Ciclovia
791084234,Rodovia Governador Mário Covas,0,trunk,false,Ciclovia,5,FeatureCollection,[object Object],,2613701,false,Ciclovia
791161111,Antiga BR-101,0,primary,false,Ciclovia,5,FeatureCollection,[object Object],,2613701,false,Ciclovia
928484955,Avenida Barreto de Menezes,0,secondary,false,Ciclovia,96,FeatureCollection,[object Object],,2613701,false,Ciclovia
791161130,Avenida Nossa Senhora do Bom Conselho,0,primary,false,Ciclovia,5,FeatureCollection,[object Object],,2613701,false,Ciclovia
791161145,,0,trunk,false,Ciclovia,5,FeatureCollection,[object Object],,2613701,false,Ciclovia
791161146,,0,trunk,false,Ciclovia,5,FeatureCollection,[object Object],,2613701,false,Ciclovia
791161147,,0,service,false,Ciclovia,5,FeatureCollection,[object Object],,2613701,false,Ciclovia
791161149,,0,trunk,false,Ciclovia,5,FeatureCollection,[object Object],,2613701,false,Ciclovia
791161150,,0,trunk,false,Ciclovia,5,FeatureCollection,[object Object],,2613701,false,Ciclovia
791161151,,0,trunk,false,Ciclovia,5,FeatureCollection,[object Object],,2613701,false,Ciclovia
968620418,Rodovia Governador Mário Covas,0,trunk,false,Ciclovia,5,FeatureCollection,[object Object],,2613701,false,Ciclovia
791161153,,0,trunk,false,Ciclovia,5,FeatureCollection,[object Object],,2613701,false,Ciclovia
791161155,,0,trunk,false,Ciclovia,5,FeatureCollection,[object Object],,2613701,false,Ciclovia
791161156,,0,trunk,false,Ciclovia,5,FeatureCollection,[object Object],,2613701,false,Ciclovia
964974110,Avenida Conde da Boa Vista,0,primary,false,Ciclovia,5,FeatureCollection,[object Object],,2613701,false,Ciclovia
964974111,Avenida Conde da Boa Vista,0,primary,false,Ciclovia,5,FeatureCollection,[object Object],,2613701,false,Ciclovia
965969160,Antiga BR-101,0,primary,false,Ciclovia,5,FeatureCollection,[object Object],,2613701,false,Ciclovia
968620419,Rodovia Governador Mário Covas,0,trunk,false,Ciclovia,5,FeatureCollection,[object Object],,2613701,false,Ciclovia
1183725248,Avenida Almirante Paulo Moreira,0,secondary,false,Ciclovia,5,FeatureCollection,[object Object],,2613701,false,Ciclovia
1183725250,,0,service,false,Ciclovia,5,FeatureCollection,[object Object],,2613701,false,Ciclovia
1183725251,,0,trunk,false,Ciclovia,5,FeatureCollection,[object Object],,2613701,false,Ciclovia
179536232,Rua Doutor Souza Leão,0,tertiary,false,Ciclovia,173,FeatureCollection,[object Object],,2613701,false,Ciclovia
179536340,Avenida Historiador Pereira da Costa,0,tertiary,false,Ciclovia,173,FeatureCollection,[object Object],,2613701,false,Ciclovia
626945460,Avenida Historiador Pereira da Costa,0,tertiary,false,Ciclovia,173,FeatureCollection,[object Object],,2613701,false,Ciclovia
672402280,Avenida Historiador Pereira da Costa,0,tertiary,false,Ciclovia,173,FeatureCollection,[object Object],,2613701,false,Ciclovia
672402281,Avenida Historiador Pereira da Costa,0,tertiary,false,Ciclovia,173,FeatureCollection,[object Object],,2613701,false,Ciclovia
791084157,Rua Doutor Souza Leão,0,tertiary,false,Ciclovia,173,FeatureCollection,[object Object],,2613701,false,Ciclovia
791161168,Rua Doutor Souza Leão,0,tertiary,false,Ciclovia,173,FeatureCollection,[object Object],,2613701,false,Ciclovia
222802493,Rua Trapiche,0,tertiary,false,Ciclovia,219,FeatureCollection,[object Object],,2613701,false,Ciclovia
758463099,Rua José Lins Teles,0,tertiary,false,Ciclovia,219,FeatureCollection,[object Object],,2613701,false,Ciclovia
1183558445,Rua Vereador Volney da Costa Machado,0,residential,false,Ciclovia,219,FeatureCollection,[object Object],,2613701,false,Ciclovia
312277585,Ciclovia do Paiva,0,cycleway,true,Ciclovia,112,FeatureCollection,[object Object],,2613701,false,Ciclovia
1183750791,Avenida Doutor Gonzaga Maranhão,0,residential,false,Ciclovia,191,FeatureCollection,[object Object],,2613701,false,Ciclovia
994960939,Ciclovia do Paiva,0,cycleway,true,Ciclovia,112,FeatureCollection,[object Object],,2613701,false,Ciclovia
222801488,Rua Quatorze,0,tertiary,false,Ciclovia,206,FeatureCollection,[object Object],,2613701,false,Ciclovia
626945479,Rua Quartorze,0,tertiary,false,Ciclovia,206,FeatureCollection,[object Object],,2613701,false,Ciclovia
771931144,Rua Quartorze,0,tertiary,false,Ciclovia,206,FeatureCollection,[object Object],,2613701,false,Ciclovia
222801820,Rua Santa Margarida,0,residential,false,Ciclovia,208,FeatureCollection,[object Object],,2613701,false,Ciclovia
965747021,Avenida Presidente Castelo Branco,0,primary,false,Ciclovia,9,FeatureCollection,[object Object],,2613701,false,Ciclovia
138285431,Avenida Presidente Castelo Branco,0,primary,false,Ciclovia,9,FeatureCollection,[object Object],,2613701,false,Ciclovia
297820011,Rua Nossa Senhora de Fátima,0,residential,false,Ciclovia,9,FeatureCollection,[object Object],,2613701,false,Ciclovia
791390439,Avenida Presidente Castelo Branco,0,primary,false,Ciclovia,9,FeatureCollection,[object Object],,2613701,false,Ciclovia
791390444,Avenida Presidente Castelo Branco,0,primary,false,Ciclovia,9,FeatureCollection,[object Object],,2613701,false,Ciclovia
965747019,Avenida Presidente Castelo Branco,0,primary,false,Ciclovia,9,FeatureCollection,[object Object],,2613701,false,Ciclovia
965747020,Avenida Presidente Castelo Branco,0,primary,false,Ciclovia,9,FeatureCollection,[object Object],,2613701,false,Ciclovia
965747597,Avenida Presidente Castelo Branco,0,primary,false,Ciclovia,9,FeatureCollection,[object Object],,2613701,false,Ciclovia
965747885,Avenida Presidente Castelo Branco,0,primary,false,Ciclovia,9,FeatureCollection,[object Object],,2613701,false,Ciclovia
965747886,Avenida Presidente Castelo Branco,0,primary,false,Ciclovia,9,FeatureCollection,[object Object],,2613701,false,Ciclovia
965747887,Avenida Presidente Castelo Branco,0,primary,false,Ciclovia,9,FeatureCollection,[object Object],,2613701,false,Ciclovia
965747888,Avenida Presidente Castelo Branco,0,primary,false,Ciclovia,9,FeatureCollection,[object Object],,2613701,false,Ciclovia
965747891,Avenida Presidente Castelo Branco,0,primary,false,Ciclovia,9,FeatureCollection,[object Object],,2613701,false,Ciclovia
965749994,Avenida Presidente Castelo Branco,0,primary,false,Ciclovia,9,FeatureCollection,[object Object],,2613701,false,Ciclovia
965749995,Avenida Presidente Castelo Branco,0,primary,false,Ciclovia,9,FeatureCollection,[object Object],,2613701,false,Ciclovia
965749996,Avenida Presidente Castelo Branco,0,primary,false,Ciclovia,9,FeatureCollection,[object Object],,2613701,false,Ciclovia
965749997,Avenida Presidente Castelo Branco,0,primary,false,Ciclovia,9,FeatureCollection,[object Object],,2613701,false,Ciclovia
965954398,Avenida Presidente Castelo Branco,0,primary,false,Ciclovia,9,FeatureCollection,[object Object],,2613701,false,Ciclovia
625776195,,0,secondary,false,Ciclovia,96,FeatureCollection,[object Object],,2613701,false,Ciclovia
966249194,Avenida Presidente Castelo Branco,0,primary,false,Ciclovia,9,FeatureCollection,[object Object],,2613701,false,Ciclovia
966249195,Avenida Presidente Castelo Branco,0,primary,false,Ciclovia,9,FeatureCollection,[object Object],,2613701,false,Ciclovia
966249196,Avenida Presidente Castelo Branco,0,primary,false,Ciclovia,9,FeatureCollection,[object Object],,2613701,false,Ciclovia
966249197,Avenida Presidente Castelo Branco,0,primary,false,Ciclovia,9,FeatureCollection,[object Object],,2613701,false,Ciclovia
966251808,Avenida Presidente Castelo Branco,0,primary,false,Ciclovia,9,FeatureCollection,[object Object],,2613701,false,Ciclovia
966251809,Avenida Presidente Castelo Branco,0,primary,false,Ciclovia,9,FeatureCollection,[object Object],,2613701,false,Ciclovia
966521688,Avenida Presidente Castelo Branco,0,primary,false,Ciclovia,9,FeatureCollection,[object Object],,2613701,false,Ciclovia
966521689,Avenida Presidente Castelo Branco,0,primary,false,Ciclovia,9,FeatureCollection,[object Object],,2613701,false,Ciclovia
966521692,Avenida Presidente Castelo Branco,0,primary,false,Ciclovia,9,FeatureCollection,[object Object],,2613701,false,Ciclovia
966521693,Avenida Presidente Castelo Branco,0,primary,false,Ciclovia,9,FeatureCollection,[object Object],,2613701,false,Ciclovia
966523299,Avenida Presidente Castelo Branco,0,primary,false,Ciclovia,9,FeatureCollection,[object Object],,2613701,false,Ciclovia
966523301,Avenida Presidente Castelo Branco,0,primary,false,Ciclovia,9,FeatureCollection,[object Object],,2613701,false,Ciclovia
966523302,Avenida Presidente Castelo Branco,0,primary,false,Ciclovia,9,FeatureCollection,[object Object],,2613701,false,Ciclovia
185835779,Estrada de Curcurana,0,primary,false,Ciclovia,143,FeatureCollection,[object Object],,2613701,false,Ciclovia
311499287,,0,primary_link,false,Ciclovia,143,FeatureCollection,[object Object],,2613701,false,Ciclovia
311499290,,0,primary_link,false,Ciclovia,143,FeatureCollection,[object Object],,2613701,false,Ciclovia
608712184,Rua Curumirim,0,primary,false,Ciclovia,143,FeatureCollection,[object Object],,2613701,false,Ciclovia
141721505,Avenida dos Guararapes,0,secondary,false,Ciclovia,96,FeatureCollection,[object Object],,2613701,false,Ciclovia
608712197,Rua Vereador Horácio Ferraz Cavalcante,0,primary,false,Ciclovia,143,FeatureCollection,[object Object],,2613701,false,Ciclovia
683462083,Estrada de Curcurana,0,primary,false,Ciclovia,143,FeatureCollection,[object Object],,2613701,false,Ciclovia
696477217,Estrada de Curcurana,0,primary,false,Ciclovia,143,FeatureCollection,[object Object],,2613701,false,Ciclovia
696477218,Estrada de Curcurana,0,primary,false,Ciclovia,143,FeatureCollection,[object Object],,2613701,false,Ciclovia
697193047,Estrada de Curcurana,0,primary,false,Ciclovia,143,FeatureCollection,[object Object],,2613701,false,Ciclovia
791161118,Estrada de Curcurana,0,primary,false,Ciclovia,143,FeatureCollection,[object Object],,2613701,false,Ciclovia
625776196,,0,secondary,false,Ciclovia,96,FeatureCollection,[object Object],,2613701,false,Ciclovia
791161125,Estrada de Curcurana,0,primary,false,Ciclovia,143,FeatureCollection,[object Object],,2613701,false,Ciclovia
966021913,Estrada de Curcurana,0,primary,false,Ciclovia,143,FeatureCollection,[object Object],,2613701,false,Ciclovia
1007130098,,0,primary_link,false,Ciclovia,143,FeatureCollection,[object Object],,2613701,false,Ciclovia
312277587,Ponte do Paiva,0,cycleway,true,Ciclovia,113,FeatureCollection,[object Object],,2613701,false,Ciclovia
665465661,Ponte do Paiva,0,cycleway,true,Ciclovia,113,FeatureCollection,[object Object],,2613701,false,Ciclovia
311499289,Rua Nove,0,primary,false,Ciclovia,144,FeatureCollection,[object Object],,2613701,false,Ciclovia
141722208,Avenida dos Guararapes,0,secondary,false,Ciclovia,96,FeatureCollection,[object Object],,2613701,false,Ciclovia
696476085,Rua Padre Nestor de Alencar,0,primary,false,Ciclovia,144,FeatureCollection,[object Object],,2613701,false,Ciclovia
857326677,Rua Padre Nestor de Alencar,0,primary,false,Ciclovia,144,FeatureCollection,[object Object],,2613701,false,Ciclovia
104073043,Avenida Presidente Castelo Branco,0,primary,false,Ciclovia,145,FeatureCollection,[object Object],,2613701,false,Ciclovia
777712219,Avenida Presidente Castelo Branco,0,primary,false,Ciclovia,145,FeatureCollection,[object Object],,2613701,false,Ciclovia
777712220,Avenida Presidente Castelo Branco,0,primary,false,Ciclovia,145,FeatureCollection,[object Object],,2613701,false,Ciclovia
788989584,Avenida Presidente Castelo Branco,0,primary,false,Ciclovia,145,FeatureCollection,[object Object],,2613701,false,Ciclovia
966028387,Avenida Presidente Castelo Branco,0,primary,false,Ciclovia,145,FeatureCollection,[object Object],,2613701,false,Ciclovia
1184098656,Rua Padre Nestor de Alencar,0,primary,false,Ciclovia,145,FeatureCollection,[object Object],,2613701,false,Ciclovia
86261820,Avenida Barreto de Menezes,0,secondary,false,Ciclovia,96,FeatureCollection,[object Object],,2613701,false,Ciclovia
100351202,Avenida dos Guararapes,0,secondary,false,Ciclovia,96,FeatureCollection,[object Object],,2613701,false,Ciclovia
141710732,Avenida Barreto de Menezes,0,secondary,false,Ciclovia,96,FeatureCollection,[object Object],,2613701,false,Ciclovia
141710733,Avenida Barreto de Menezes,0,secondary,false,Ciclovia,96,FeatureCollection,[object Object],,2613701,false,Ciclovia
223668423,Avenida Barreto de Menezes,0,secondary,false,Ciclovia,96,FeatureCollection,[object Object],,2613701,false,Ciclovia
223668424,Avenida Barreto de Menezes,0,secondary,false,Ciclovia,96,FeatureCollection,[object Object],,2613701,false,Ciclovia
248519921,Avenida Barreto de Menezes,0,secondary,false,Ciclovia,96,FeatureCollection,[object Object],,2613701,false,Ciclovia
323164369,Avenida Barreto de Menezes,0,secondary,false,Ciclovia,96,FeatureCollection,[object Object],,2613701,false,Ciclovia
625776185,Avenida dos Guararapes,0,secondary,false,Ciclovia,96,FeatureCollection,[object Object],,2613701,false,Ciclovia
625776189,Avenida dos Guararapes,0,secondary,false,Ciclovia,96,FeatureCollection,[object Object],,2613701,false,Ciclovia
660303149,,0,trunk_link,false,Ciclovia,96,FeatureCollection,[object Object],,2613701,false,Ciclovia
671953266,Avenida Barreto de Menezes,0,secondary,false,Ciclovia,96,FeatureCollection,[object Object],,2613701,false,Ciclovia
671953267,Avenida Barreto de Menezes,0,secondary,false,Ciclovia,96,FeatureCollection,[object Object],,2613701,false,Ciclovia
684407125,Avenida dos Guararapes,0,secondary,false,Ciclovia,96,FeatureCollection,[object Object],,2613701,false,Ciclovia
692880319,Avenida Barreto de Menezes,0,secondary,false,Ciclovia,96,FeatureCollection,[object Object],,2613701,false,Ciclovia
778025640,Avenida Barreto de Menezes,0,secondary,false,Ciclovia,96,FeatureCollection,[object Object],,2613701,false,Ciclovia
791390448,Avenida Barreto de Menezes,0,secondary,false,Ciclovia,96,FeatureCollection,[object Object],,2613701,false,Ciclovia
596232343,Rua Tomaz Ferreira,0,tertiary,false,Ciclovia,122,FeatureCollection,[object Object],,2613701,false,Ciclovia
928484956,Avenida Barreto de Menezes,0,secondary,false,Ciclovia,96,FeatureCollection,[object Object],,2613701,false,Ciclovia
928484957,Avenida Barreto de Menezes,0,secondary,false,Ciclovia,96,FeatureCollection,[object Object],,2613701,false,Ciclovia
966484188,Avenida Barreto de Menezes,0,secondary,false,Ciclovia,96,FeatureCollection,[object Object],,2613701,false,Ciclovia
966485581,Avenida Barreto de Menezes,0,secondary,false,Ciclovia,96,FeatureCollection,[object Object],,2613701,false,Ciclovia
966590266,Avenida Barreto de Menezes,0,secondary,false,Ciclovia,96,FeatureCollection,[object Object],,2613701,false,Ciclovia
966592531,Avenida Barreto de Menezes,0,secondary,false,Ciclovia,96,FeatureCollection,[object Object],,2613701,false,Ciclovia
967983469,Avenida Barreto de Menezes,0,secondary,false,Ciclovia,96,FeatureCollection,[object Object],,2613701,false,Ciclovia
1183750777,Avenida Barreto de Menezes,0,secondary,false,Ciclovia,96,FeatureCollection,[object Object],,2613701,false,Ciclovia
134495710,Avenida Ayrton Senna da Silva,0,primary,false,Ciclovia,11,FeatureCollection,[object Object],,2613701,false,Ciclovia
151965670,Avenida Ayrton Senna da Silva,0,primary,false,Ciclovia,11,FeatureCollection,[object Object],,2613701,false,Ciclovia
151966145,Avenida Ayrton Senna da Silva,0,primary,false,Ciclovia,11,FeatureCollection,[object Object],,2613701,false,Ciclovia
151966148,Avenida Ayrton Senna da Silva,0,primary,false,Ciclovia,11,FeatureCollection,[object Object],,2613701,false,Ciclovia
151966152,Avenida Ayrton Senna da Silva,0,primary,false,Ciclovia,11,FeatureCollection,[object Object],,2613701,false,Ciclovia
151966506,Avenida Ayrton Senna da Silva,0,primary,false,Ciclovia,11,FeatureCollection,[object Object],,2613701,false,Ciclovia
620663010,Avenida Ayrton Senna da Silva,0,primary,false,Ciclovia,11,FeatureCollection,[object Object],,2613701,false,Ciclovia
694315468,Avenida Ayrton Senna da Silva,0,primary,false,Ciclovia,11,FeatureCollection,[object Object],,2613701,false,Ciclovia
775797268,Avenida Ayrton Senna da Silva,0,primary,false,Ciclovia,11,FeatureCollection,[object Object],,2613701,false,Ciclovia
775797269,Avenida Ayrton Senna da Silva,0,primary,false,Ciclovia,11,FeatureCollection,[object Object],,2613701,false,Ciclovia
596232344,,0,tertiary,false,Ciclovia,123,FeatureCollection,[object Object],,2613701,false,Ciclovia
791390433,Avenida Ayrton Senna da Silva,0,primary,false,Ciclovia,11,FeatureCollection,[object Object],,2613701,false,Ciclovia
791390446,Avenida Ayrton Senna da Silva,0,primary,false,Ciclovia,11,FeatureCollection,[object Object],,2613701,false,Ciclovia
966296636,Avenida Ayrton Senna da Silva,0,primary,false,Ciclovia,11,FeatureCollection,[object Object],,2613701,false,Ciclovia
967977330,Avenida Ayrton Senna da Silva,0,primary,false,Ciclovia,11,FeatureCollection,[object Object],,2613701,false,Ciclovia
967977331,Avenida Ayrton Senna da Silva,0,primary,false,Ciclovia,11,FeatureCollection,[object Object],,2613701,false,Ciclovia
968226685,Avenida Ayrton Senna da Silva,0,primary,false,Ciclovia,11,FeatureCollection,[object Object],,2613701,false,Ciclovia
968271117,Avenida Ayrton Senna da Silva,0,primary,false,Ciclovia,11,FeatureCollection,[object Object],,2613701,false,Ciclovia
968271118,Avenida Ayrton Senna da Silva,0,primary,false,Ciclovia,11,FeatureCollection,[object Object],,2613701,false,Ciclovia
968293257,Avenida Ayrton Senna da Silva,0,primary,false,Ciclovia,11,FeatureCollection,[object Object],,2613701,false,Ciclovia
968293258,Avenida Ayrton Senna da Silva,0,primary,false,Ciclovia,11,FeatureCollection,[object Object],,2613701,false,Ciclovia
968293260,Avenida Ayrton Senna da Silva,0,primary,false,Ciclovia,11,FeatureCollection,[object Object],,2613701,false,Ciclovia
80456614,Avenida Doutor Júlio Maranhão,0,trunk,false,Ciclovia,6,FeatureCollection,[object Object],,2613701,false,Ciclovia
221560194,Estrada da Batalha,0,primary,false,Ciclovia,6,FeatureCollection,[object Object],,2613701,false,Ciclovia
692880309,Avenida Doutor Júlio Maranhão,0,trunk,false,Ciclovia,6,FeatureCollection,[object Object],,2613701,false,Ciclovia
221560198,Estrada da Batalha,0,primary,false,Ciclovia,6,FeatureCollection,[object Object],,2613701,false,Ciclovia
223934654,,0,primary_link,false,Ciclovia,6,FeatureCollection,[object Object],,2613701,false,Ciclovia
248519918,Estrada da Batalha,0,primary,false,Ciclovia,6,FeatureCollection,[object Object],,2613701,false,Ciclovia
319943421,Estrada da Batalha,0,trunk,false,Ciclovia,6,FeatureCollection,[object Object],,2613701,false,Ciclovia
322980384,,0,primary_link,false,Ciclovia,6,FeatureCollection,[object Object],,2613701,false,Ciclovia
323164372,Avenida Barreto de Menezes,0,primary_link,false,Ciclovia,6,FeatureCollection,[object Object],,2613701,false,Ciclovia
323164374,Estrada da Batalha,0,primary,false,Ciclovia,6,FeatureCollection,[object Object],,2613701,false,Ciclovia
544239620,Avenida Doutor Júlio Maranhão,0,trunk,false,Ciclovia,6,FeatureCollection,[object Object],,2613701,false,Ciclovia
618690579,Estrada da Batalha,0,trunk,false,Ciclovia,6,FeatureCollection,[object Object],,2613701,false,Ciclovia
625776163,Avenida Doutor Júlio Maranhão,0,primary,false,Ciclovia,6,FeatureCollection,[object Object],,2613701,false,Ciclovia
775797284,Estrada da Batalha,0,trunk,false,Ciclovia,6,FeatureCollection,[object Object],,2613701,false,Ciclovia
625776167,Avenida Doutor Júlio Maranhão,0,primary,false,Ciclovia,6,FeatureCollection,[object Object],,2613701,false,Ciclovia
625776168,Estrada da Batalha,0,primary,false,Ciclovia,6,FeatureCollection,[object Object],,2613701,false,Ciclovia
625776169,Estrada da Batalha,0,primary,false,Ciclovia,6,FeatureCollection,[object Object],,2613701,false,Ciclovia
660835180,Avenida Doutor Júlio Maranhão,0,trunk,false,Ciclovia,6,FeatureCollection,[object Object],,2613701,false,Ciclovia
660835187,Avenida Doutor Júlio Maranhão,0,trunk,false,Ciclovia,6,FeatureCollection,[object Object],,2613701,false,Ciclovia
692457354,Estrada da Batalha,0,primary,false,Ciclovia,6,FeatureCollection,[object Object],,2613701,false,Ciclovia
692462515,Avenida Doutor Júlio Maranhão,0,primary,false,Ciclovia,6,FeatureCollection,[object Object],,2613701,false,Ciclovia
775745354,Avenida Doutor Júlio Maranhão,0,trunk,false,Ciclovia,6,FeatureCollection,[object Object],,2613701,false,Ciclovia
775745356,Avenida Doutor Júlio Maranhão,0,trunk,false,Ciclovia,6,FeatureCollection,[object Object],,2613701,false,Ciclovia
775782195,Estrada da Batalha,0,primary,false,Ciclovia,6,FeatureCollection,[object Object],,2613701,false,Ciclovia
775782196,Estrada da Batalha,0,primary,false,Ciclovia,6,FeatureCollection,[object Object],,2613701,false,Ciclovia
775797260,Estrada da Batalha,0,primary,false,Ciclovia,6,FeatureCollection,[object Object],,2613701,false,Ciclovia
775797261,Estrada da Batalha,0,primary,false,Ciclovia,6,FeatureCollection,[object Object],,2613701,false,Ciclovia
775797283,Estrada da Batalha,0,primary,false,Ciclovia,6,FeatureCollection,[object Object],,2613701,false,Ciclovia
791161089,Avenida Doutor Júlio Maranhão,0,trunk,false,Ciclovia,6,FeatureCollection,[object Object],,2613701,false,Ciclovia
791390432,Estrada da Batalha,0,primary,false,Ciclovia,6,FeatureCollection,[object Object],,2613701,false,Ciclovia
791390450,Estrada da Batalha,0,primary,false,Ciclovia,6,FeatureCollection,[object Object],,2613701,false,Ciclovia
223087263,Rua Nossa Senhora de Fátima,0,primary,false,Ciclovia,10,FeatureCollection,[object Object],,2613701,false,Ciclovia
222795649,Rua Doutor Luís Regueira,0,residential,false,Ciclovia,191,FeatureCollection,[object Object],,2613701,false,Ciclovia
625764238,,0,residential,false,Ciclovia,191,FeatureCollection,[object Object],,2613701,false,Ciclovia
625764248,,0,residential,false,Ciclovia,191,FeatureCollection,[object Object],,2613701,false,Ciclovia
625764377,,0,service,false,Ciclovia,191,FeatureCollection,[object Object],,2613701,false,Ciclovia
775734077,Terminal Integrado Cajueiro Seco,0,service,false,Ciclovia,191,FeatureCollection,[object Object],,2613701,false,Ciclovia
775734079,Terminal Integrado Cajueiro Seco,0,service,false,Ciclovia,191,FeatureCollection,[object Object],,2613701,false,Ciclovia
775782194,Terminal Integrado Cajueiro Seco,0,service,false,Ciclovia,191,FeatureCollection,[object Object],,2613701,false,Ciclovia
791161092,Terminal Integrado Cajueiro Seco,0,service,false,Ciclovia,191,FeatureCollection,[object Object],,2613701,false,Ciclovia
964981071,Rua Doutor Luís Regueira,0,residential,false,Ciclovia,191,FeatureCollection,[object Object],,2613701,false,Ciclovia
964986554,Rua Doutor Luís Regueira,0,residential,false,Ciclovia,191,FeatureCollection,[object Object],,2613701,false,Ciclovia
964997051,Rua Doutor Luís Regueira,0,residential,false,Ciclovia,191,FeatureCollection,[object Object],,2613701,false,Ciclovia
1183750789,Terminal Integrado Cajueiro Seco,0,service,false,Ciclovia,191,FeatureCollection,[object Object],,2613701,false,Ciclovia
86261819,Avenida Ulisses Montarroyos,0,secondary,false,Ciclovia,64,FeatureCollection,[object Object],,2613701,false,Ciclovia
86261821,Avenida Ulisses Montarroyos,0,secondary,false,Ciclovia,64,FeatureCollection,[object Object],,2613701,false,Ciclovia
539762303,Avenida Ulisses Montarroyos,0,secondary,false,Ciclovia,64,FeatureCollection,[object Object],,2613701,false,Ciclovia
791390449,Avenida Ulisses Montarroyos,0,secondary,false,Ciclovia,64,FeatureCollection,[object Object],,2613701,false,Ciclovia
539853387,Avenida Beira Mar,0,cycleway,true,Ciclovia,168,FeatureCollection,[object Object],,2613701,false,Ciclovia
1377852992,Avenida Barão de Lucena,0,primary,false,Ciclovia,14,FeatureCollection,[object Object],,2613701,false,Ciclovia
1104436091,Avenida Beira Mar,0,cycleway,true,Ciclovia,168,FeatureCollection,[object Object],,2613701,false,Ciclovia
1104436581,Avenida Beira Mar,0,cycleway,true,Ciclovia,168,FeatureCollection,[object Object],,2613701,false,Ciclovia
246960801,Avenida Barão de Lucena,0,primary,false,Ciclovia,14,FeatureCollection,[object Object],,2613701,false,Ciclovia
466491077,Avenida Doutor Sofrônio Portela,0,primary,false,Ciclovia,14,FeatureCollection,[object Object],,2613701,false,Ciclovia
1377852993,Avenida Barão de Lucena,0,primary,false,Ciclovia,14,FeatureCollection,[object Object],,2613701,false,Ciclovia
143658646,Rodovia Luiz Gonzaga,0,trunk,false,Ciclovia,60,FeatureCollection,[object Object],,2613701,false,Ciclovia
466491084,Avenida Tenente Cleto Campelo,0,primary,false,Ciclovia,14,FeatureCollection,[object Object],,2613701,false,Ciclovia
694610904,Avenida Barão de Lucena,0,primary,false,Ciclovia,14,FeatureCollection,[object Object],,2613701,false,Ciclovia
694610913,PE-007,0,primary,false,Ciclovia,14,FeatureCollection,[object Object],,2613701,false,Ciclovia
694610914,Avenida Barão de Lucena,0,primary,false,Ciclovia,14,FeatureCollection,[object Object],,2613701,false,Ciclovia
1377852991,Avenida Barão de Lucena,0,primary,false,Ciclovia,14,FeatureCollection,[object Object],,2613701,false,Ciclovia
1377852997,Avenida Tenente Cleto Campelo,0,primary,false,Ciclovia,14,FeatureCollection,[object Object],,2613701,false,Ciclovia
1377852998,Avenida Doutor Sofrônio Portela,0,primary,false,Ciclovia,14,FeatureCollection,[object Object],,2613701,false,Ciclovia
30811103,,0,trunk,false,Ciclovia,60,FeatureCollection,[object Object],,2613701,false,Ciclovia
30811133,,0,trunk,false,Ciclovia,60,FeatureCollection,[object Object],,2613701,false,Ciclovia
30811173,Avenida Engenheiro Abdias de Carvalho,0,trunk,false,Ciclovia,60,FeatureCollection,[object Object],,2613701,false,Ciclovia
1209610271,Avenida Dantas Barreto,0,residential,false,Ciclovia,221,FeatureCollection,[object Object],,2613701,false,Ciclovia
30811179,Avenida Engenheiro Abdias de Carvalho,0,trunk,false,Ciclovia,60,FeatureCollection,[object Object],,2613701,false,Ciclovia
30811180,Avenida Engenheiro Abdias de Carvalho,0,trunk,false,Ciclovia,60,FeatureCollection,[object Object],,2613701,false,Ciclovia
30811797,Rodovia Luiz Gonzaga,0,trunk,false,Ciclovia,60,FeatureCollection,[object Object],,2613701,false,Ciclovia
30812854,Rodovia Luiz Gonzaga,0,trunk,false,Ciclovia,60,FeatureCollection,[object Object],,2613701,false,Ciclovia
30812855,Rodovia Luiz Gonzaga,0,trunk,false,Ciclovia,60,FeatureCollection,[object Object],,2613701,false,Ciclovia
30812857,Rodovia Luiz Gonzaga,0,trunk,false,Ciclovia,60,FeatureCollection,[object Object],,2613701,false,Ciclovia
662172175,Avenida Olinda,0,primary,false,Ciclovia,84,FeatureCollection,[object Object],,2613701,false,Ciclovia
129737913,Rodovia Luiz Gonzaga,0,trunk,false,Ciclovia,60,FeatureCollection,[object Object],,2613701,false,Ciclovia
129737914,Rodovia Luiz Gonzaga,0,trunk,false,Ciclovia,60,FeatureCollection,[object Object],,2613701,false,Ciclovia
129737985,Rodovia Luiz Gonzaga,0,trunk,false,Ciclovia,60,FeatureCollection,[object Object],,2613701,false,Ciclovia
129737986,Rodovia Luiz Gonzaga,0,trunk,false,Ciclovia,60,FeatureCollection,[object Object],,2613701,false,Ciclovia
130922177,Avenida Engenheiro Abdias de Carvalho,0,trunk,false,Ciclovia,60,FeatureCollection,[object Object],,2613701,false,Ciclovia
130922178,Avenida Engenheiro Abdias de Carvalho,0,trunk,false,Ciclovia,60,FeatureCollection,[object Object],,2613701,false,Ciclovia
143658645,Rodovia Luiz Gonzaga,0,trunk,false,Ciclovia,60,FeatureCollection,[object Object],,2613701,false,Ciclovia
143658647,Rodovia Luiz Gonzaga,0,trunk,false,Ciclovia,60,FeatureCollection,[object Object],,2613701,false,Ciclovia
143658648,Rodovia Luiz Gonzaga,0,trunk,false,Ciclovia,60,FeatureCollection,[object Object],,2613701,false,Ciclovia
143658649,Rodovia Luiz Gonzaga,0,trunk,false,Ciclovia,60,FeatureCollection,[object Object],,2613701,false,Ciclovia
143658650,Rodovia Luiz Gonzaga,0,trunk,false,Ciclovia,60,FeatureCollection,[object Object],,2613701,false,Ciclovia
143658652,,0,trunk_link,false,Ciclovia,60,FeatureCollection,[object Object],,2613701,false,Ciclovia
143658653,,0,trunk_link,false,Ciclovia,60,FeatureCollection,[object Object],,2613701,false,Ciclovia
435208162,Estrada dos Remédios,0,primary,false,Ciclovia,27,FeatureCollection,[object Object],,2613701,false,Ciclovia
143658654,Rodovia Luiz Gonzaga,0,trunk,false,Ciclovia,60,FeatureCollection,[object Object],,2613701,false,Ciclovia
220746174,Avenida Getúlio Vargas,0,tertiary,false,Ciclovia,60,FeatureCollection,[object Object],,2613701,false,Ciclovia
305937119,Avenida Engenheiro Abdias de Carvalho,0,trunk,false,Ciclovia,60,FeatureCollection,[object Object],,2613701,false,Ciclovia
376441183,Avenida Engenheiro Abdias de Carvalho,0,trunk,false,Ciclovia,60,FeatureCollection,[object Object],,2613701,false,Ciclovia
376441184,Rodovia Luiz Gonzaga,0,trunk,false,Ciclovia,60,FeatureCollection,[object Object],,2613701,false,Ciclovia
376441186,Avenida Engenheiro Abdias de Carvalho,0,trunk,false,Ciclovia,60,FeatureCollection,[object Object],,2613701,false,Ciclovia
700010244,Avenida Doutor Belmino Correia,0,primary,false,Ciclovia,24,FeatureCollection,[object Object],,2613701,false,Ciclovia
376441187,Rodovia Luiz Gonzaga,0,trunk,false,Ciclovia,60,FeatureCollection,[object Object],,2613701,false,Ciclovia
586119122,Avenida Engenheiro Abdias de Carvalho,0,trunk,false,Ciclovia,60,FeatureCollection,[object Object],,2613701,false,Ciclovia
586119124,Avenida Engenheiro Abdias de Carvalho,0,trunk,false,Ciclovia,60,FeatureCollection,[object Object],,2613701,false,Ciclovia
755634296,Avenida Engenheiro Abdias de Carvalho,0,trunk,false,Ciclovia,60,FeatureCollection,[object Object],,2613701,false,Ciclovia
764604782,Rodovia Luiz Gonzaga,0,trunk,false,Ciclovia,60,FeatureCollection,[object Object],,2613701,false,Ciclovia
764604783,Rodovia Luiz Gonzaga,0,trunk,false,Ciclovia,60,FeatureCollection,[object Object],,2613701,false,Ciclovia
772524543,Rodovia Luiz Gonzaga,0,trunk,false,Ciclovia,60,FeatureCollection,[object Object],,2613701,false,Ciclovia
1083620186,Avenida Dantas Barreto,0,residential,false,Ciclovia,221,FeatureCollection,[object Object],,2613701,false,Ciclovia
772524545,Avenida Getúlio Vargas,0,tertiary,false,Ciclovia,60,FeatureCollection,[object Object],,2613701,false,Ciclovia
772524549,Rodovia Luiz Gonzaga,0,trunk,false,Ciclovia,60,FeatureCollection,[object Object],,2613701,false,Ciclovia
772524565,Avenida Getúlio Vargas,0,tertiary,false,Ciclovia,60,FeatureCollection,[object Object],,2613701,false,Ciclovia
772524567,Rodovia Luiz Gonzaga,0,trunk,false,Ciclovia,60,FeatureCollection,[object Object],,2613701,false,Ciclovia
775417644,Rodovia Luiz Gonzaga,0,trunk,false,Ciclovia,60,FeatureCollection,[object Object],,2613701,false,Ciclovia
606845858,Avenida General Newton Cavalcante,0,primary,false,Ciclovia,22,FeatureCollection,[object Object],,2613701,false,Ciclovia
775434720,Rodovia Luiz Gonzaga,0,trunk,false,Ciclovia,60,FeatureCollection,[object Object],,2613701,false,Ciclovia
775434721,Rodovia Luiz Gonzaga,0,trunk,false,Ciclovia,60,FeatureCollection,[object Object],,2613701,false,Ciclovia
775824728,Rodovia Luiz Gonzaga,0,trunk,false,Ciclovia,60,FeatureCollection,[object Object],,2613701,false,Ciclovia
778611069,,0,trunk,false,Ciclovia,60,FeatureCollection,[object Object],,2613701,false,Ciclovia
987726164,Rodovia Luiz Gonzaga,0,trunk,false,Ciclovia,60,FeatureCollection,[object Object],,2613701,false,Ciclovia
987726165,Rodovia Luiz Gonzaga,0,trunk,false,Ciclovia,60,FeatureCollection,[object Object],,2613701,false,Ciclovia
1184101743,Rua Primeiro de Maio,0,tertiary,false,Ciclovia,221,FeatureCollection,[object Object],,2613701,false,Ciclovia
1059594843,Rodovia Luiz Gonzaga,0,trunk,false,Ciclovia,60,FeatureCollection,[object Object],,2613701,false,Ciclovia
1086063426,Rodovia Luiz Gonzaga,0,trunk,false,Ciclovia,60,FeatureCollection,[object Object],,2613701,false,Ciclovia
1099651426,Avenida Getúlio Vargas,0,tertiary,false,Ciclovia,60,FeatureCollection,[object Object],,2613701,false,Ciclovia
1132979203,Rodovia Luiz Gonzaga,0,trunk,false,Ciclovia,60,FeatureCollection,[object Object],,2613701,false,Ciclovia
1132979204,Rodovia Luiz Gonzaga,0,trunk,false,Ciclovia,60,FeatureCollection,[object Object],,2613701,false,Ciclovia
1183732797,Rodovia Luiz Gonzaga,0,trunk,false,Ciclovia,60,FeatureCollection,[object Object],,2613701,false,Ciclovia
1183732800,Rodovia Luiz Gonzaga,0,trunk,false,Ciclovia,60,FeatureCollection,[object Object],,2613701,false,Ciclovia
755639636,Rua Antônio Feliciano dos Santos,0,tertiary,false,Ciclovia,224,FeatureCollection,[object Object],,2613701,false,Ciclovia
1182143764,Avenida Agamenon Magalhães,0,residential,false,Ciclovia,224,FeatureCollection,[object Object],,2613701,false,Ciclovia
240518421,Avenida Dantas Barreto,0,residential,false,Ciclovia,223,FeatureCollection,[object Object],,2613701,false,Ciclovia
462422207,Rua Quinze de Novembro,0,tertiary,false,Ciclovia,223,FeatureCollection,[object Object],,2613701,false,Ciclovia
1184101742,Antiga Ferrovia Transnordestina,0,cycleway,true,Ciclovia,223,FeatureCollection,[object Object],,2613701,false,Ciclovia
154223496,Rua josé Amaro da Paz,0,tertiary,false,Ciclovia,220,FeatureCollection,[object Object],,2613701,false,Ciclovia
240518396,Rua Antonio Rego Araujo,0,residential,false,Ciclovia,220,FeatureCollection,[object Object],,2613701,false,Ciclovia
406233051,Rua Liberdade,0,tertiary,false,Ciclovia,220,FeatureCollection,[object Object],,2613701,false,Ciclovia
462431132,Avenida Professora Laura de Freitas,0,residential,false,Ciclovia,220,FeatureCollection,[object Object],,2613701,false,Ciclovia
586364082,Rua do Progresso,0,tertiary,false,Ciclovia,220,FeatureCollection,[object Object],,2613701,false,Ciclovia
587279384,Rua josé Amaro da Paz,0,tertiary,false,Ciclovia,220,FeatureCollection,[object Object],,2613701,false,Ciclovia
671173036,,0,residential,false,Ciclovia,220,FeatureCollection,[object Object],,2613701,false,Ciclovia
671173038,,0,footway,false,Ciclovia,220,FeatureCollection,[object Object],,2613701,false,Ciclovia
822135119,Rua do Progresso,0,tertiary,false,Ciclovia,220,FeatureCollection,[object Object],,2613701,false,Ciclovia
937298100,Rua do Progresso,0,tertiary,false,Ciclovia,220,FeatureCollection,[object Object],,2613701,false,Ciclovia
1209610210,Avenida Dantas Barreto,0,track,false,Ciclovia,221,FeatureCollection,[object Object],,2613701,false,Ciclovia
1083620187,Rua Jornalista Antonio Maranhão,0,tertiary,false,Ciclovia,220,FeatureCollection,[object Object],,2613701,false,Ciclovia
1083620188,,0,footway,false,Ciclovia,220,FeatureCollection,[object Object],,2613701,false,Ciclovia
1183818176,Rua Luiz Cavalcante Lins,0,tertiary,false,Ciclovia,220,FeatureCollection,[object Object],,2613701,false,Ciclovia
1184101744,Rua Prefeito Antônio de Lemos,0,residential,false,Ciclovia,220,FeatureCollection,[object Object],,2613701,false,Ciclovia
1184101746,Rua Capitão Calixto,0,residential,false,Ciclovia,220,FeatureCollection,[object Object],,2613701,false,Ciclovia
406224466,Avenida Dantas Barreto,0,residential,false,Ciclovia,221,FeatureCollection,[object Object],,2613701,false,Ciclovia
462422176,Rua Quinze de Novembro,0,tertiary,false,Ciclovia,221,FeatureCollection,[object Object],,2613701,false,Ciclovia
462422175,,0,residential,false,Ciclovia,222,FeatureCollection,[object Object],,2613701,false,Ciclovia
462422200,Travessa Primeiro de Maio,0,residential,false,Ciclovia,222,FeatureCollection,[object Object],,2613701,false,Ciclovia
242642129,Avenida Doutor Francisco Correia,0,primary,false,Ciclovia,24,FeatureCollection,[object Object],,2613701,false,Ciclovia
253993784,Avenida Doutor Francisco Correia,0,primary,false,Ciclovia,24,FeatureCollection,[object Object],,2613701,false,Ciclovia
254395748,Avenida Doutor Francisco Correia,0,primary,false,Ciclovia,24,FeatureCollection,[object Object],,2613701,false,Ciclovia
254396178,Avenida Doutor Francisco Correia,0,primary,false,Ciclovia,24,FeatureCollection,[object Object],,2613701,false,Ciclovia
572500213,Avenida Doutor Belmino Correia,0,primary,false,Ciclovia,24,FeatureCollection,[object Object],,2613701,false,Ciclovia
574154640,Avenida Doutor Belmínio Correia,0,primary,false,Ciclovia,24,FeatureCollection,[object Object],,2613701,false,Ciclovia
574154685,Avenida Doutor Francisco Correia,0,primary,false,Ciclovia,24,FeatureCollection,[object Object],,2613701,false,Ciclovia
574154686,Avenida Doutor Francisco Correia,0,primary,false,Ciclovia,24,FeatureCollection,[object Object],,2613701,false,Ciclovia
577192599,Rua Doutor Pedro Augusto Correia de Araújo,0,primary,false,Ciclovia,24,FeatureCollection,[object Object],,2613701,false,Ciclovia
580566827,Avenida Doutor Belmino Correia,0,primary,false,Ciclovia,24,FeatureCollection,[object Object],,2613701,false,Ciclovia
580566833,Avenida Doutor Belmino Correia,0,primary,false,Ciclovia,24,FeatureCollection,[object Object],,2613701,false,Ciclovia
592484852,Avenida Doutor Francisco Correia,0,primary,false,Ciclovia,24,FeatureCollection,[object Object],,2613701,false,Ciclovia
605949596,Avenida Doutor Belmino Correia,0,primary,false,Ciclovia,24,FeatureCollection,[object Object],,2613701,false,Ciclovia
605949597,Avenida Doutor Belmino Correia,0,primary,false,Ciclovia,24,FeatureCollection,[object Object],,2613701,false,Ciclovia
606848607,Avenida Doutor Belmínio Correia,0,primary,false,Ciclovia,24,FeatureCollection,[object Object],,2613701,false,Ciclovia
606848609,Avenida Doutor Francisco Correia,0,primary,false,Ciclovia,24,FeatureCollection,[object Object],,2613701,false,Ciclovia
606848611,Avenida Doutor Francisco Correia,0,primary,false,Ciclovia,24,FeatureCollection,[object Object],,2613701,false,Ciclovia
614301172,Ladeira do Liberato,0,primary,false,Ciclovia,24,FeatureCollection,[object Object],,2613701,false,Ciclovia
705860592,Avenida Doutor Belmínio Correia,0,primary,false,Ciclovia,24,FeatureCollection,[object Object],,2613701,false,Ciclovia
705989236,Avenida Doutor Belmínio Correia,0,primary,false,Ciclovia,24,FeatureCollection,[object Object],,2613701,false,Ciclovia
707925656,Avenida Doutor Francisco Correia,0,primary,false,Ciclovia,24,FeatureCollection,[object Object],,2613701,false,Ciclovia
707925663,Avenida Doutor Francisco Correia,0,primary,false,Ciclovia,24,FeatureCollection,[object Object],,2613701,false,Ciclovia
707925664,Avenida Doutor Francisco Correia,0,primary,false,Ciclovia,24,FeatureCollection,[object Object],,2613701,false,Ciclovia
707925665,Avenida Doutor Francisco Correia,0,primary,false,Ciclovia,24,FeatureCollection,[object Object],,2613701,false,Ciclovia
377665932,Rua Ave Lira,0,secondary,false,Ciclovia,109,FeatureCollection,[object Object],,2613701,false,Ciclovia
707953913,Avenida Doutor Francisco Correia,0,primary,false,Ciclovia,24,FeatureCollection,[object Object],,2613701,false,Ciclovia
757336778,Avenida Doutor Belmino Correia,0,primary,false,Ciclovia,24,FeatureCollection,[object Object],,2613701,false,Ciclovia
764646493,Avenida Doutor Belmínio Correia,0,primary,false,Ciclovia,24,FeatureCollection,[object Object],,2613701,false,Ciclovia
764646516,Avenida Doutor Francisco Correia,0,primary,false,Ciclovia,24,FeatureCollection,[object Object],,2613701,false,Ciclovia
787625341,Avenida Doutor Francisco Correia,0,primary,false,Ciclovia,24,FeatureCollection,[object Object],,2613701,false,Ciclovia
823968292,Avenida Doutor Francisco Correia,0,primary,false,Ciclovia,24,FeatureCollection,[object Object],,2613701,false,Ciclovia
823968293,Avenida Doutor Francisco Correia,0,primary,false,Ciclovia,24,FeatureCollection,[object Object],,2613701,false,Ciclovia
823968303,,0,primary,false,Ciclovia,24,FeatureCollection,[object Object],,2613701,false,Ciclovia
823968309,Avenida Doutor Francisco Correia,0,primary,false,Ciclovia,24,FeatureCollection,[object Object],,2613701,false,Ciclovia
823968333,Avenida Doutor Francisco Correia,0,primary,false,Ciclovia,24,FeatureCollection,[object Object],,2613701,false,Ciclovia
823968335,Rua Doutor Pedro Augusto Correia de Araújo,0,primary,false,Ciclovia,24,FeatureCollection,[object Object],,2613701,false,Ciclovia
863907782,Avenida Doutor Belmínio Correia,0,primary,false,Ciclovia,24,FeatureCollection,[object Object],,2613701,false,Ciclovia
655998212,Rua Ave Lira,0,secondary,false,Ciclovia,109,FeatureCollection,[object Object],,2613701,false,Ciclovia
913998853,Avenida Doutor Francisco Correia,0,primary,false,Ciclovia,24,FeatureCollection,[object Object],,2613701,false,Ciclovia
30812649,Avenida General Newton Cavalcante,0,primary,false,Ciclovia,22,FeatureCollection,[object Object],,2613701,false,Ciclovia
30812654,,0,primary,false,Ciclovia,22,FeatureCollection,[object Object],,2613701,false,Ciclovia
48001548,Avenida General Newton Cavalvante,0,primary,false,Ciclovia,22,FeatureCollection,[object Object],,2613701,false,Ciclovia
251693773,Avenida General Newton Cavalcante,0,primary,false,Ciclovia,22,FeatureCollection,[object Object],,2613701,false,Ciclovia
545150549,,0,primary,false,Ciclovia,22,FeatureCollection,[object Object],,2613701,false,Ciclovia
757390424,Avenida General Newton Cavalcante,0,primary,false,Ciclovia,22,FeatureCollection,[object Object],,2613701,false,Ciclovia
545283924,Avenida General Newton Cavalcante,0,primary,false,Ciclovia,22,FeatureCollection,[object Object],,2613701,false,Ciclovia
600888187,Avenida General Newton Cavalcante,0,primary,false,Ciclovia,22,FeatureCollection,[object Object],,2613701,false,Ciclovia
606845852,Avenida General Newton Cavalcante,0,primary,false,Ciclovia,22,FeatureCollection,[object Object],,2613701,false,Ciclovia
606845853,Avenida General Newton Cavalcante,0,primary,false,Ciclovia,22,FeatureCollection,[object Object],,2613701,false,Ciclovia
606845854,Avenida General Newton Cavalcante,0,primary,false,Ciclovia,22,FeatureCollection,[object Object],,2613701,false,Ciclovia
606845855,Avenida General Newton Cavalcante,0,primary,false,Ciclovia,22,FeatureCollection,[object Object],,2613701,false,Ciclovia
606845856,Avenida General Newton Cavalcante,0,primary,false,Ciclovia,22,FeatureCollection,[object Object],,2613701,false,Ciclovia
606845860,Avenida General Newton Cavalcante,0,primary,false,Ciclovia,22,FeatureCollection,[object Object],,2613701,false,Ciclovia
611008390,Avenida General Newton Cavalcante,0,primary,false,Ciclovia,22,FeatureCollection,[object Object],,2613701,false,Ciclovia
611008391,Avenida General Newton Cavalcante,0,primary,false,Ciclovia,22,FeatureCollection,[object Object],,2613701,false,Ciclovia
611008398,Avenida General Newton Cavalcante,0,primary,false,Ciclovia,22,FeatureCollection,[object Object],,2613701,false,Ciclovia
611008399,Avenida General Newton Cavalcante,0,primary,false,Ciclovia,22,FeatureCollection,[object Object],,2613701,false,Ciclovia
611674705,Avenida General Newton Cavalcante,0,primary,false,Ciclovia,22,FeatureCollection,[object Object],,2613701,false,Ciclovia
691452046,,0,trunk_link,false,Ciclovia,36,FeatureCollection,[object Object],,2613701,false,Ciclovia
611674706,Avenida General Newton Cavalcante,0,primary,false,Ciclovia,22,FeatureCollection,[object Object],,2613701,false,Ciclovia
696040976,,0,primary,false,Ciclovia,22,FeatureCollection,[object Object],,2613701,false,Ciclovia
700008082,Avenida Doutor Belmino Correia,0,primary,false,Ciclovia,22,FeatureCollection,[object Object],,2613701,false,Ciclovia
705989241,,0,primary,false,Ciclovia,22,FeatureCollection,[object Object],,2613701,false,Ciclovia
714130942,Avenida General Newton Cavalcante,0,primary,false,Ciclovia,22,FeatureCollection,[object Object],,2613701,false,Ciclovia
714130943,Avenida General Newton Cavalcante,0,primary,false,Ciclovia,22,FeatureCollection,[object Object],,2613701,false,Ciclovia
765734761,Avenida Doutor Belmino Correia,0,primary,false,Ciclovia,22,FeatureCollection,[object Object],,2613701,false,Ciclovia
780533784,Avenida General Newton Cavalcante,0,primary,false,Ciclovia,22,FeatureCollection,[object Object],,2613701,false,Ciclovia
825050230,Avenida General Newton Cavalcante,0,primary,false,Ciclovia,22,FeatureCollection,[object Object],,2613701,false,Ciclovia
826299158,Avenida General Newton Cavalcante,0,primary,false,Ciclovia,22,FeatureCollection,[object Object],,2613701,false,Ciclovia
854316581,Estrada de Aldeia,0,primary,false,Ciclovia,22,FeatureCollection,[object Object],,2613701,false,Ciclovia
868131829,Avenida General Newton Cavalcante,0,primary,false,Ciclovia,22,FeatureCollection,[object Object],,2613701,false,Ciclovia
1063436727,Avenida Doutor Belmino Correia,0,primary,false,Ciclovia,22,FeatureCollection,[object Object],,2613701,false,Ciclovia
128403677,,0,trunk_link,false,Ciclovia,36,FeatureCollection,[object Object],,2613701,false,Ciclovia
128403679,,0,trunk_link,false,Ciclovia,36,FeatureCollection,[object Object],,2613701,false,Ciclovia
128403681,,0,trunk_link,false,Ciclovia,36,FeatureCollection,[object Object],,2613701,false,Ciclovia
128403684,,0,trunk_link,false,Ciclovia,36,FeatureCollection,[object Object],,2613701,false,Ciclovia
138630431,,0,trunk_link,false,Ciclovia,36,FeatureCollection,[object Object],,2613701,false,Ciclovia
138533205,Avenida Pan Nordestina,0,trunk,false,Ciclovia,36,FeatureCollection,[object Object],,2613701,false,Ciclovia
138533206,Avenida Pan Nordestina,0,trunk,false,Ciclovia,36,FeatureCollection,[object Object],,2613701,false,Ciclovia
138533207,Avenida Pan Nordestina,0,trunk,false,Ciclovia,36,FeatureCollection,[object Object],,2613701,false,Ciclovia
138627849,,0,trunk_link,false,Ciclovia,36,FeatureCollection,[object Object],,2613701,false,Ciclovia
138628348,Avenida Pan Nordestina,0,trunk,false,Ciclovia,36,FeatureCollection,[object Object],,2613701,false,Ciclovia
138628352,Avenida Pan Nordestina,0,trunk,false,Ciclovia,36,FeatureCollection,[object Object],,2613701,false,Ciclovia
138630432,,0,trunk_link,false,Ciclovia,36,FeatureCollection,[object Object],,2613701,false,Ciclovia
138836914,,0,trunk_link,false,Ciclovia,36,FeatureCollection,[object Object],,2613701,false,Ciclovia
168239833,Avenida Pan Nordestina,0,trunk,false,Ciclovia,36,FeatureCollection,[object Object],,2613701,false,Ciclovia
168240594,Avenida Pan Nordestina,0,trunk,false,Ciclovia,36,FeatureCollection,[object Object],,2613701,false,Ciclovia
170680118,,0,trunk,false,Ciclovia,36,FeatureCollection,[object Object],,2613701,false,Ciclovia
591658530,Ciclovia da PE-15,0,cycleway,true,Ciclovia,36,FeatureCollection,[object Object],,2613701,false,Ciclovia
171708835,Ciclovia da PE-15,0,cycleway,true,Ciclovia,36,FeatureCollection,[object Object],,2613701,false,Ciclovia
171710214,Ciclovia da PE-15,0,cycleway,true,Ciclovia,36,FeatureCollection,[object Object],,2613701,false,Ciclovia
351513838,,0,trunk_link,false,Ciclovia,36,FeatureCollection,[object Object],,2613701,false,Ciclovia
351513840,,0,trunk_link,false,Ciclovia,36,FeatureCollection,[object Object],,2613701,false,Ciclovia
576161249,,0,trunk,false,Ciclovia,36,FeatureCollection,[object Object],,2613701,false,Ciclovia
591658538,Ciclovia da PE-15,0,cycleway,true,Ciclovia,36,FeatureCollection,[object Object],,2613701,false,Ciclovia
576161258,,0,trunk_link,false,Ciclovia,36,FeatureCollection,[object Object],,2613701,false,Ciclovia
576161271,,0,trunk_link,false,Ciclovia,36,FeatureCollection,[object Object],,2613701,false,Ciclovia
591658502,Ciclovia da PE-15,0,cycleway,true,Ciclovia,36,FeatureCollection,[object Object],,2613701,false,Ciclovia
591658507,,0,trunk,false,Ciclovia,36,FeatureCollection,[object Object],,2613701,false,Ciclovia
591658509,,0,trunk,false,Ciclovia,36,FeatureCollection,[object Object],,2613701,false,Ciclovia
591658515,,0,trunk,false,Ciclovia,36,FeatureCollection,[object Object],,2613701,false,Ciclovia
591658541,,0,trunk,false,Ciclovia,36,FeatureCollection,[object Object],,2613701,false,Ciclovia
591658550,Ciclovia da PE-15,0,cycleway,true,Ciclovia,36,FeatureCollection,[object Object],,2613701,false,Ciclovia
591658553,Ciclovia da PE-15,0,cycleway,true,Ciclovia,36,FeatureCollection,[object Object],,2613701,false,Ciclovia
691452039,,0,trunk_link,false,Ciclovia,36,FeatureCollection,[object Object],,2613701,false,Ciclovia
691452041,,0,trunk,false,Ciclovia,36,FeatureCollection,[object Object],,2613701,false,Ciclovia
691452042,,0,trunk_link,false,Ciclovia,36,FeatureCollection,[object Object],,2613701,false,Ciclovia
691452043,,0,trunk_link,false,Ciclovia,36,FeatureCollection,[object Object],,2613701,false,Ciclovia
691452045,,0,trunk,false,Ciclovia,36,FeatureCollection,[object Object],,2613701,false,Ciclovia
691452057,Avenida Pan Nordestina,0,trunk,false,Ciclovia,36,FeatureCollection,[object Object],,2613701,false,Ciclovia
714123323,Avenida Pan Nordestina,0,trunk,false,Ciclovia,36,FeatureCollection,[object Object],,2613701,false,Ciclovia
762384508,,0,trunk,false,Ciclovia,36,FeatureCollection,[object Object],,2613701,false,Ciclovia
762384509,Avenida Pan Nordestina,0,trunk,false,Ciclovia,36,FeatureCollection,[object Object],,2613701,false,Ciclovia
762502946,,0,trunk_link,false,Ciclovia,36,FeatureCollection,[object Object],,2613701,false,Ciclovia
775578517,,0,trunk,false,Ciclovia,36,FeatureCollection,[object Object],,2613701,false,Ciclovia
775578518,Avenida Pan Nordestina,0,trunk,false,Ciclovia,36,FeatureCollection,[object Object],,2613701,false,Ciclovia
778292930,Ciclovia da PE-15,0,cycleway,true,Ciclovia,36,FeatureCollection,[object Object],,2613701,false,Ciclovia
966827279,,0,trunk,false,Ciclovia,36,FeatureCollection,[object Object],,2613701,false,Ciclovia
966827280,,0,trunk,false,Ciclovia,36,FeatureCollection,[object Object],,2613701,false,Ciclovia
966852598,Ciclovia da PE-15,0,cycleway,true,Ciclovia,36,FeatureCollection,[object Object],,2613701,false,Ciclovia
967972966,Avenida Pan Nordestina,0,trunk,false,Ciclovia,36,FeatureCollection,[object Object],,2613701,false,Ciclovia
967972967,Avenida Pan Nordestina,0,trunk,false,Ciclovia,36,FeatureCollection,[object Object],,2613701,false,Ciclovia
1067761440,Avenida Pan Nordestina,0,trunk,false,Ciclovia,36,FeatureCollection,[object Object],,2613701,false,Ciclovia
1265657166,Ciclovia da PE-15,0,cycleway,true,Ciclovia,36,FeatureCollection,[object Object],,2613701,false,Ciclovia
1265657167,Ciclovia da PE-15,0,cycleway,true,Ciclovia,36,FeatureCollection,[object Object],,2613701,false,Ciclovia
1265657168,Ciclovia da PE-15,0,cycleway,true,Ciclovia,36,FeatureCollection,[object Object],,2613701,false,Ciclovia
1265657169,Ciclovia da PE-15,0,cycleway,true,Ciclovia,36,FeatureCollection,[object Object],,2613701,false,Ciclovia
656120790,Avenida Beira Rio,0,residential,false,Ciclovia,109,FeatureCollection,[object Object],,2613701,false,Ciclovia
1265657171,Ciclovia da PE-15,0,cycleway,true,Ciclovia,36,FeatureCollection,[object Object],,2613701,false,Ciclovia
136119292,Avenida Dom Hélder Câmara,0,secondary,false,Ciclovia,142,FeatureCollection,[object Object],,2613701,false,Ciclovia
136120374,Avenida Dois Rios,0,secondary,false,Ciclovia,142,FeatureCollection,[object Object],,2613701,false,Ciclovia
136121285,Avenida Dom Hélder Câmara,0,secondary,false,Ciclovia,142,FeatureCollection,[object Object],,2613701,false,Ciclovia
163149483,Avenida Dois Rios,0,secondary,false,Ciclovia,142,FeatureCollection,[object Object],,2613701,false,Ciclovia
314754306,Avenida Dom Hélder Câmara,0,secondary,false,Ciclovia,142,FeatureCollection,[object Object],,2613701,false,Ciclovia
314754308,Rua Pintor Antônio Albuquerque,0,secondary,false,Ciclovia,142,FeatureCollection,[object Object],,2613701,false,Ciclovia
649802742,Avenida Dom Hélder Câmara,0,secondary,false,Ciclovia,142,FeatureCollection,[object Object],,2613701,false,Ciclovia
649802743,Avenida Dom Hélder Câmara,0,secondary,false,Ciclovia,142,FeatureCollection,[object Object],,2613701,false,Ciclovia
663325888,Avenida Dois Rios,0,secondary,false,Ciclovia,142,FeatureCollection,[object Object],,2613701,false,Ciclovia
685997786,Avenida Dois Rios,0,secondary,false,Ciclovia,142,FeatureCollection,[object Object],,2613701,false,Ciclovia
753929724,Avenida Dois Rios,0,secondary,false,Ciclovia,142,FeatureCollection,[object Object],,2613701,false,Ciclovia
753929725,Avenida Dois Rios,0,secondary,false,Ciclovia,142,FeatureCollection,[object Object],,2613701,false,Ciclovia
764604822,Avenida Dom Hélder Câmara,0,secondary,false,Ciclovia,142,FeatureCollection,[object Object],,2613701,false,Ciclovia
903634592,Avenida Dois Rios,0,secondary,false,Ciclovia,142,FeatureCollection,[object Object],,2613701,false,Ciclovia
911290359,Avenida Dom Hélder Câmara,0,secondary,false,Ciclovia,142,FeatureCollection,[object Object],,2613701,false,Ciclovia
911290360,Avenida Dom Hélder Câmara,0,secondary,false,Ciclovia,142,FeatureCollection,[object Object],,2613701,false,Ciclovia
141822312,Rua Padre Lima e Sá,0,residential,false,Ciclovia,230,FeatureCollection,[object Object],,2613701,false,Ciclovia
911290371,Avenida Dom Hélder Câmara,0,secondary,false,Ciclovia,142,FeatureCollection,[object Object],,2613701,false,Ciclovia
911290373,Avenida Dom Hélder Câmara,0,secondary,false,Ciclovia,142,FeatureCollection,[object Object],,2613701,false,Ciclovia
930790698,Avenida Dom Hélder Câmara,0,secondary,false,Ciclovia,142,FeatureCollection,[object Object],,2613701,false,Ciclovia
930790701,Avenida Dom Hélder Câmara,0,secondary,false,Ciclovia,142,FeatureCollection,[object Object],,2613701,false,Ciclovia
966044300,Avenida Dom Hélder Câmara,0,secondary,false,Ciclovia,142,FeatureCollection,[object Object],,2613701,false,Ciclovia
141822311,Rua Padre Lima e Sá,0,residential,false,Ciclovia,230,FeatureCollection,[object Object],,2613701,false,Ciclovia
880644148,Avenida General San Martin,0,primary,false,Ciclovia,47,FeatureCollection,[object Object],,2613701,false,Ciclovia
141911966,Rua Abdias Cabral de Moura,0,residential,false,Ciclovia,230,FeatureCollection,[object Object],,2613701,false,Ciclovia
141911967,Rua Abdias Cabral de Moura,0,residential,false,Ciclovia,230,FeatureCollection,[object Object],,2613701,false,Ciclovia
151320039,Rua David Perneta,0,residential,false,Ciclovia,230,FeatureCollection,[object Object],,2613701,false,Ciclovia
155512060,Rua Doutor Tavares Correia,0,tertiary,false,Ciclovia,230,FeatureCollection,[object Object],,2613701,false,Ciclovia
155512063,Avenida Senador Robert Kennedy,0,tertiary,false,Ciclovia,230,FeatureCollection,[object Object],,2613701,false,Ciclovia
155512064,Avenida Senador Robert Kennedy,0,tertiary,false,Ciclovia,230,FeatureCollection,[object Object],,2613701,false,Ciclovia
1419490879,Rua Doutor Tavares Correia,0,tertiary,false,Ciclovia,230,FeatureCollection,[object Object],,2613701,false,Ciclovia
155512340,Rua Alexandre Almeida,0,residential,false,Ciclovia,230,FeatureCollection,[object Object],,2613701,false,Ciclovia
162651291,Rua Doutor Tavares Correia,0,tertiary,false,Ciclovia,230,FeatureCollection,[object Object],,2613701,false,Ciclovia
911290361,Rua Pintor Antônio Albuquerque,0,secondary,false,Ciclovia,230,FeatureCollection,[object Object],,2613701,false,Ciclovia
911290367,Rua Abdias Cabral de Moura,0,residential,false,Ciclovia,230,FeatureCollection,[object Object],,2613701,false,Ciclovia
966239334,Rua Abdias Cabral de Moura,0,residential,false,Ciclovia,230,FeatureCollection,[object Object],,2613701,false,Ciclovia
1184004963,Avenida Saldanha Marinho,0,residential,false,Ciclovia,230,FeatureCollection,[object Object],,2613701,false,Ciclovia
1184004966,Rua Jean Émile Favre,0,secondary,false,Ciclovia,230,FeatureCollection,[object Object],,2613701,false,Ciclovia
1184004989,Avenida Presidente Kennedy,0,residential,false,Ciclovia,230,FeatureCollection,[object Object],,2613701,false,Ciclovia
89439746,Avenida Marechal Mascarenhas de Moraes,0,trunk,false,Ciclovia,7,FeatureCollection,[object Object],,2613701,false,Ciclovia
89439747,Ponte Motocolombó,0,trunk,false,Ciclovia,7,FeatureCollection,[object Object],,2613701,false,Ciclovia
89439752,Avenida Marechal Mascarenhas de Moraes,0,trunk,false,Ciclovia,7,FeatureCollection,[object Object],,2613701,false,Ciclovia
128372765,Avenida Sul,0,trunk,false,Ciclovia,7,FeatureCollection,[object Object],,2613701,false,Ciclovia
128372789,Ponte Motocolombó,0,trunk,false,Ciclovia,7,FeatureCollection,[object Object],,2613701,false,Ciclovia
129484792,Rua Motocolombó,0,trunk,false,Ciclovia,7,FeatureCollection,[object Object],,2613701,false,Ciclovia
129812362,Praça da Paz,0,primary,false,Ciclovia,7,FeatureCollection,[object Object],,2613701,false,Ciclovia
141862372,Estrada da Batalha,0,trunk,false,Ciclovia,7,FeatureCollection,[object Object],,2613701,false,Ciclovia
141862373,Estrada da Batalha,0,trunk,false,Ciclovia,7,FeatureCollection,[object Object],,2613701,false,Ciclovia
141862375,Estrada da Batalha,0,trunk,false,Ciclovia,7,FeatureCollection,[object Object],,2613701,false,Ciclovia
161790534,Avenida Marechal Mascarenhas de Moraes,0,trunk,false,Ciclovia,7,FeatureCollection,[object Object],,2613701,false,Ciclovia
193299818,Avenida Marechal Mascarenhas de Moraes,0,trunk,false,Ciclovia,7,FeatureCollection,[object Object],,2613701,false,Ciclovia
305540241,Avenida Marechal Mascarenhas de Moraes,0,trunk,false,Ciclovia,7,FeatureCollection,[object Object],,2613701,false,Ciclovia
307186026,Avenida Marechal Mascarenhas de Moraes,0,trunk,false,Ciclovia,7,FeatureCollection,[object Object],,2613701,false,Ciclovia
314754318,Avenida Marechal Mascarenhas de Moraes,0,trunk,false,Ciclovia,7,FeatureCollection,[object Object],,2613701,false,Ciclovia
314754322,Avenida Marechal Mascarenhas de Moraes,0,trunk,false,Ciclovia,7,FeatureCollection,[object Object],,2613701,false,Ciclovia
314754323,Avenida Marechal Mascarenhas de Moraes,0,trunk,false,Ciclovia,7,FeatureCollection,[object Object],,2613701,false,Ciclovia
316972784,Avenida Marechal Mascarenhas de Moraes,0,trunk,false,Ciclovia,7,FeatureCollection,[object Object],,2613701,false,Ciclovia
314754325,Avenida Marechal Mascarenhas de Moraes,0,trunk,false,Ciclovia,7,FeatureCollection,[object Object],,2613701,false,Ciclovia
314754327,Avenida Marechal Mascarenhas de Moraes,0,trunk,false,Ciclovia,7,FeatureCollection,[object Object],,2613701,false,Ciclovia
314754329,Avenida Marechal Mascarenhas de Moraes,0,trunk,false,Ciclovia,7,FeatureCollection,[object Object],,2613701,false,Ciclovia
314754330,Avenida Marechal Mascarenhas de Moraes,0,trunk,false,Ciclovia,7,FeatureCollection,[object Object],,2613701,false,Ciclovia
725442251,Rua Gervásio Pires,0,tertiary,false,Ciclovia,139,FeatureCollection,[object Object],,2613701,false,Ciclovia
647530691,Avenida Marechal Mascarenhas de Moraes,0,trunk,false,Ciclovia,7,FeatureCollection,[object Object],,2613701,false,Ciclovia
649773217,Avenida Marechal Mascarenhas de Moraes,0,trunk,false,Ciclovia,7,FeatureCollection,[object Object],,2613701,false,Ciclovia
678493297,Rua Motocolombó,0,trunk,false,Ciclovia,7,FeatureCollection,[object Object],,2613701,false,Ciclovia
678493298,Rua Motocolombó,0,trunk,false,Ciclovia,7,FeatureCollection,[object Object],,2613701,false,Ciclovia
707010073,Avenida Marechal Mascarenhas de Moraes,0,trunk,false,Ciclovia,7,FeatureCollection,[object Object],,2613701,false,Ciclovia
777105570,Avenida Marechal Mascarenhas de Moraes,0,trunk,false,Ciclovia,7,FeatureCollection,[object Object],,2613701,false,Ciclovia
707010074,Avenida Marechal Mascarenhas de Moraes,0,trunk,false,Ciclovia,7,FeatureCollection,[object Object],,2613701,false,Ciclovia
707010092,Avenida Marechal Mascarenhas de Moraes,0,trunk,false,Ciclovia,7,FeatureCollection,[object Object],,2613701,false,Ciclovia
707010093,Avenida Marechal Mascarenhas de Moraes,0,trunk,false,Ciclovia,7,FeatureCollection,[object Object],,2613701,false,Ciclovia
761542911,Avenida Marechal Mascarenhas de Moraes,0,trunk,false,Ciclovia,7,FeatureCollection,[object Object],,2613701,false,Ciclovia
764604830,Avenida Marechal Mascarenhas de Moraes,0,trunk,false,Ciclovia,7,FeatureCollection,[object Object],,2613701,false,Ciclovia
771504825,Avenida Marechal Mascarenhas de Moraes,0,trunk,false,Ciclovia,7,FeatureCollection,[object Object],,2613701,false,Ciclovia
771504827,Avenida Marechal Mascarenhas de Moraes,0,trunk,false,Ciclovia,7,FeatureCollection,[object Object],,2613701,false,Ciclovia
775036368,Rua Francisco Silveira,0,residential,false,Ciclovia,7,FeatureCollection,[object Object],,2613701,false,Ciclovia
775797258,Estrada da Batalha,0,trunk,false,Ciclovia,7,FeatureCollection,[object Object],,2613701,false,Ciclovia
775807191,Avenida Marechal Mascarenhas de Moraes,0,trunk,false,Ciclovia,7,FeatureCollection,[object Object],,2613701,false,Ciclovia
775807192,Avenida Marechal Mascarenhas de Moraes,0,trunk,false,Ciclovia,7,FeatureCollection,[object Object],,2613701,false,Ciclovia
778025641,Avenida Marechal Mascarenhas de Moraes,0,trunk,false,Ciclovia,7,FeatureCollection,[object Object],,2613701,false,Ciclovia
791161088,Avenida Marechal Mascarenhas de Moraes,0,trunk,false,Ciclovia,7,FeatureCollection,[object Object],,2613701,false,Ciclovia
812955493,Avenida Sul,0,residential,false,Ciclovia,7,FeatureCollection,[object Object],,2613701,false,Ciclovia
854786876,Avenida Marechal Mascarenhas de Moraes,0,trunk,false,Ciclovia,7,FeatureCollection,[object Object],,2613701,false,Ciclovia
854786897,Avenida Marechal Mascarenhas de Moraes,0,trunk,false,Ciclovia,7,FeatureCollection,[object Object],,2613701,false,Ciclovia
854786898,Avenida Marechal Mascarenhas de Moraes,0,trunk,false,Ciclovia,7,FeatureCollection,[object Object],,2613701,false,Ciclovia
854786904,Avenida Marechal Mascarenhas de Moraes,0,trunk,false,Ciclovia,7,FeatureCollection,[object Object],,2613701,false,Ciclovia
965974249,Avenida Marechal Mascarenhas de Moraes,0,trunk,false,Ciclovia,7,FeatureCollection,[object Object],,2613701,false,Ciclovia
965981836,Avenida Marechal Mascarenhas de Moraes,0,trunk,false,Ciclovia,7,FeatureCollection,[object Object],,2613701,false,Ciclovia
1183750780,Estrada da Batalha,0,trunk,false,Ciclovia,7,FeatureCollection,[object Object],,2613701,false,Ciclovia
1183750788,Estrada da Batalha,0,trunk,false,Ciclovia,7,FeatureCollection,[object Object],,2613701,false,Ciclovia
1184005003,Estrada da Batalha,0,trunk,false,Ciclovia,7,FeatureCollection,[object Object],,2613701,false,Ciclovia
1184005005,Estrada da Batalha,0,trunk,false,Ciclovia,7,FeatureCollection,[object Object],,2613701,false,Ciclovia
141711355,Avenida Armindo Moura,0,secondary,false,Ciclovia,188,FeatureCollection,[object Object],,2613701,false,Ciclovia
141711367,Avenida Armindo Moura,0,secondary,false,Ciclovia,188,FeatureCollection,[object Object],,2613701,false,Ciclovia
141711368,Avenida Armindo Moura,0,secondary,false,Ciclovia,188,FeatureCollection,[object Object],,2613701,false,Ciclovia
223668611,Avenida Armindo Moura,0,secondary,false,Ciclovia,188,FeatureCollection,[object Object],,2613701,false,Ciclovia
223668612,Avenida Armindo Moura,0,secondary,false,Ciclovia,188,FeatureCollection,[object Object],,2613701,false,Ciclovia
574217819,Avenida Armindo Moura,0,secondary,false,Ciclovia,188,FeatureCollection,[object Object],,2613701,false,Ciclovia
223668658,Avenida Quatro de Outubro,0,primary,false,Ciclovia,66,FeatureCollection,[object Object],,2613701,false,Ciclovia
656120791,,0,residential,false,Ciclovia,109,FeatureCollection,[object Object],,2613701,false,Ciclovia
763417898,Avenida Armindo Moura,0,secondary,false,Ciclovia,188,FeatureCollection,[object Object],,2613701,false,Ciclovia
764386212,Avenida Armindo Moura,0,secondary,false,Ciclovia,188,FeatureCollection,[object Object],,2613701,false,Ciclovia
141711184,Avenida Zequinha Barreto,0,secondary,false,Ciclovia,66,FeatureCollection,[object Object],,2613701,false,Ciclovia
151431574,Avenida Quatro de Outubro,0,secondary,false,Ciclovia,66,FeatureCollection,[object Object],,2613701,false,Ciclovia
223028995,Avenida Zequinha Barreto,0,primary,false,Ciclovia,66,FeatureCollection,[object Object],,2613701,false,Ciclovia
223668657,Avenida Quatro de Outubro,0,primary,false,Ciclovia,66,FeatureCollection,[object Object],,2613701,false,Ciclovia
543531778,Avenida Quatro de Outubro,0,primary,false,Ciclovia,66,FeatureCollection,[object Object],,2613701,false,Ciclovia
620659502,Avenida Quatro de Outubro,0,secondary,false,Ciclovia,66,FeatureCollection,[object Object],,2613701,false,Ciclovia
692881791,Avenida Quatro de Outubro,0,secondary,false,Ciclovia,66,FeatureCollection,[object Object],,2613701,false,Ciclovia
757288097,Avenida Quatro de Outubro,0,primary,false,Ciclovia,66,FeatureCollection,[object Object],,2613701,false,Ciclovia
772423339,Avenida Quatro de Outubro,0,primary,false,Ciclovia,66,FeatureCollection,[object Object],,2613701,false,Ciclovia
776035906,Avenida Quatro de Outubro,0,primary,false,Ciclovia,66,FeatureCollection,[object Object],,2613701,false,Ciclovia
911728151,Avenida Quatro de Outubro,0,secondary,false,Ciclovia,66,FeatureCollection,[object Object],,2613701,false,Ciclovia
968243968,Avenida Quatro de Outubro,0,secondary,false,Ciclovia,66,FeatureCollection,[object Object],,2613701,false,Ciclovia
511299353,Rua Linha Férrea Sul,0,residential,false,Ciclovia,193,FeatureCollection,[object Object],,2613701,false,Ciclovia
161182044,Avenida Ulisses Montarroyos,0,secondary,false,Ciclovia,63,FeatureCollection,[object Object],,2613701,false,Ciclovia
539762478,Avenida Ulisses Montarroyos,0,secondary,false,Ciclovia,63,FeatureCollection,[object Object],,2613701,false,Ciclovia
1183750775,Avenida Ulisses Montarroyos,0,secondary,false,Ciclovia,63,FeatureCollection,[object Object],,2613701,false,Ciclovia
1183750776,Avenida Ulisses Montarroyos,0,secondary,false,Ciclovia,63,FeatureCollection,[object Object],,2613701,false,Ciclovia
220654778,,0,tertiary,false,Ciclovia,94,FeatureCollection,[object Object],,2613701,false,Ciclovia
220655975,Rua Ministro Mario Andreazza,0,tertiary,false,Ciclovia,94,FeatureCollection,[object Object],,2613701,false,Ciclovia
222100952,,0,tertiary,false,Ciclovia,94,FeatureCollection,[object Object],,2613701,false,Ciclovia
222100954,,0,tertiary,false,Ciclovia,94,FeatureCollection,[object Object],,2613701,false,Ciclovia
479813981,Rua Doutor George Willian Bulter,0,tertiary,false,Ciclovia,94,FeatureCollection,[object Object],,2613701,false,Ciclovia
479813983,Rua Doutor George Willian Bulter,0,tertiary_link,false,Ciclovia,94,FeatureCollection,[object Object],,2613701,false,Ciclovia
479813984,Rua Doutor George Willian Bulter,0,tertiary,false,Ciclovia,94,FeatureCollection,[object Object],,2613701,false,Ciclovia
479813985,Rua Doutor George Willian Bulter,0,tertiary,false,Ciclovia,94,FeatureCollection,[object Object],,2613701,false,Ciclovia
479813986,Rua Ministro Mario Andreazza,0,tertiary,false,Ciclovia,94,FeatureCollection,[object Object],,2613701,false,Ciclovia
479813987,,0,tertiary,false,Ciclovia,94,FeatureCollection,[object Object],,2613701,false,Ciclovia
532359985,,0,tertiary,false,Ciclovia,94,FeatureCollection,[object Object],,2613701,false,Ciclovia
532359986,,0,tertiary,false,Ciclovia,94,FeatureCollection,[object Object],,2613701,false,Ciclovia
607155156,Rua Doutor George William Butler,0,tertiary,false,Ciclovia,94,FeatureCollection,[object Object],,2613701,false,Ciclovia
772524568,,0,tertiary,false,Ciclovia,94,FeatureCollection,[object Object],,2613701,false,Ciclovia
772524569,Rua Ministro Mario Andreazza,0,tertiary,false,Ciclovia,94,FeatureCollection,[object Object],,2613701,false,Ciclovia
775824726,Rua Ministro Mario Andreazza,0,tertiary,false,Ciclovia,94,FeatureCollection,[object Object],,2613701,false,Ciclovia
30811002,Avenida Governador Agamenon Magalhães,0,secondary,false,Ciclovia,77,FeatureCollection,[object Object],,2613701,false,Ciclovia
30812865,Avenida Governador Agamenon Magalhães,0,secondary,false,Ciclovia,77,FeatureCollection,[object Object],,2613701,false,Ciclovia
159135264,Avenida Governador Agamenon Magalhães,0,secondary,false,Ciclovia,77,FeatureCollection,[object Object],,2613701,false,Ciclovia
159135266,Avenida Governador Agamenon Magalhães,0,secondary,false,Ciclovia,77,FeatureCollection,[object Object],,2613701,false,Ciclovia
159135450,Avenida Governador Agamenon Magalhães,0,secondary,false,Ciclovia,77,FeatureCollection,[object Object],,2613701,false,Ciclovia
159135451,Avenida Governador Agamenon Magalhães,0,secondary,false,Ciclovia,77,FeatureCollection,[object Object],,2613701,false,Ciclovia
159135509,,0,trunk_link,false,Ciclovia,77,FeatureCollection,[object Object],,2613701,false,Ciclovia
627926565,Avenida Governador Agamenon Magalhães,0,secondary,false,Ciclovia,77,FeatureCollection,[object Object],,2613701,false,Ciclovia
627926566,Avenida Governador Agamenon Magalhães,0,secondary,false,Ciclovia,77,FeatureCollection,[object Object],,2613701,false,Ciclovia
627926567,Avenida Governador Agamenon Magalhães,0,secondary,false,Ciclovia,77,FeatureCollection,[object Object],,2613701,false,Ciclovia
627926568,Avenida Governador Agamenon Magalhães,0,secondary,false,Ciclovia,77,FeatureCollection,[object Object],,2613701,false,Ciclovia
627926569,Avenida Governador Agamenon Magalhães,0,secondary,false,Ciclovia,77,FeatureCollection,[object Object],,2613701,false,Ciclovia
764604784,,0,trunk_link,false,Ciclovia,77,FeatureCollection,[object Object],,2613701,false,Ciclovia
764604790,Avenida Governador Agamenon Magalhães,0,secondary,false,Ciclovia,77,FeatureCollection,[object Object],,2613701,false,Ciclovia
764604791,Avenida Governador Agamenon Magalhães,0,secondary,false,Ciclovia,77,FeatureCollection,[object Object],,2613701,false,Ciclovia
770618879,Avenida Governador Agamenon Magalhães,0,secondary,false,Ciclovia,77,FeatureCollection,[object Object],,2613701,false,Ciclovia
770618880,Avenida Governador Agamenon Magalhães,0,secondary,false,Ciclovia,77,FeatureCollection,[object Object],,2613701,false,Ciclovia
815012773,Avenida Governador Agamenon Magalhães,0,secondary,false,Ciclovia,77,FeatureCollection,[object Object],,2613701,false,Ciclovia
815012774,Avenida Governador Agamenon Magalhães,0,secondary,false,Ciclovia,77,FeatureCollection,[object Object],,2613701,false,Ciclovia
30811039,Avenida Liberdade,0,secondary,false,Ciclovia,79,FeatureCollection,[object Object],,2613701,false,Ciclovia
30811040,Avenida Liberdade,0,secondary,false,Ciclovia,79,FeatureCollection,[object Object],,2613701,false,Ciclovia
192029865,Rua Onze de Agosto,0,secondary,false,Ciclovia,79,FeatureCollection,[object Object],,2613701,false,Ciclovia
192029926,Avenida Liberdade,0,secondary,false,Ciclovia,79,FeatureCollection,[object Object],,2613701,false,Ciclovia
221520712,Rua Onze de Agosto,0,secondary,false,Ciclovia,79,FeatureCollection,[object Object],,2613701,false,Ciclovia
645440619,Avenida Liberdade,0,secondary,false,Ciclovia,79,FeatureCollection,[object Object],,2613701,false,Ciclovia
245637384,Avenida Liberdade,0,secondary,false,Ciclovia,79,FeatureCollection,[object Object],,2613701,false,Ciclovia
316877401,Avenida Liberdade,0,secondary,false,Ciclovia,79,FeatureCollection,[object Object],,2613701,false,Ciclovia
316877402,Avenida Liberdade,0,secondary,false,Ciclovia,79,FeatureCollection,[object Object],,2613701,false,Ciclovia
316877406,Rua Onze de Agosto,0,secondary,false,Ciclovia,79,FeatureCollection,[object Object],,2613701,false,Ciclovia
316989343,Avenida Liberdade,0,secondary,false,Ciclovia,79,FeatureCollection,[object Object],,2613701,false,Ciclovia
580566908,Rua Onze de Agosto,0,secondary,false,Ciclovia,79,FeatureCollection,[object Object],,2613701,false,Ciclovia
646666828,Rua Onze de Agosto,0,secondary,false,Ciclovia,79,FeatureCollection,[object Object],,2613701,false,Ciclovia
646666829,Rua Onze de Agosto,0,secondary,false,Ciclovia,79,FeatureCollection,[object Object],,2613701,false,Ciclovia
792115831,Rua Itanhenga,0,secondary,false,Ciclovia,79,FeatureCollection,[object Object],,2613701,false,Ciclovia
854994629,Rua Onze de Agosto,0,secondary,false,Ciclovia,79,FeatureCollection,[object Object],,2613701,false,Ciclovia
854994676,Rua Onze de Agosto,0,secondary,false,Ciclovia,79,FeatureCollection,[object Object],,2613701,false,Ciclovia
336133772,Rua Bulhões Marquês,0,residential,false,Ciclovia,212,FeatureCollection,[object Object],,2613701,false,Ciclovia
684029914,Rua do Bom Pastor,0,tertiary,false,Ciclovia,82,FeatureCollection,[object Object],,2613701,false,Ciclovia
694603748,Avenida General Manoel Rabelo,0,primary,false,Ciclovia,16,FeatureCollection,[object Object],,2613701,false,Ciclovia
764604807,Avenida General Manoel Rabelo,0,primary,false,Ciclovia,16,FeatureCollection,[object Object],,2613701,false,Ciclovia
577320872,Avenida Prefeito Antonio Pereira,0,tertiary,false,Ciclovia,95,FeatureCollection,[object Object],,2613701,false,Ciclovia
577320873,Avenida Prefeito Antonio Pereira,0,tertiary,false,Ciclovia,95,FeatureCollection,[object Object],,2613701,false,Ciclovia
186977578,Rua Antônio Curado,0,tertiary,false,Ciclovia,82,FeatureCollection,[object Object],,2613701,false,Ciclovia
186977811,Rua Manoel Estevão da Costa,0,tertiary,false,Ciclovia,82,FeatureCollection,[object Object],,2613701,false,Ciclovia
186981148,Rua do Bom Pastor,0,tertiary,false,Ciclovia,82,FeatureCollection,[object Object],,2613701,false,Ciclovia
198968986,Rua do Bom Pastor,0,tertiary,false,Ciclovia,82,FeatureCollection,[object Object],,2613701,false,Ciclovia
198968987,Rua do Bom Pastor,0,tertiary,false,Ciclovia,82,FeatureCollection,[object Object],,2613701,false,Ciclovia
199673880,Rua do Bom Pastor,0,tertiary,false,Ciclovia,82,FeatureCollection,[object Object],,2613701,false,Ciclovia
379437828,Rua do Bom Pastor,0,tertiary,false,Ciclovia,82,FeatureCollection,[object Object],,2613701,false,Ciclovia
968526061,Rua Benfica,0,primary,false,Ciclovia,25,FeatureCollection,[object Object],,2613701,false,Ciclovia
684029915,Rua do Bom Pastor,0,tertiary,false,Ciclovia,82,FeatureCollection,[object Object],,2613701,false,Ciclovia
966593153,Rua Antônio Curado,0,tertiary,false,Ciclovia,82,FeatureCollection,[object Object],,2613701,false,Ciclovia
1017199454,Rua do Bom Pastor,0,tertiary,false,Ciclovia,82,FeatureCollection,[object Object],,2613701,false,Ciclovia
141028137,Rua Doutor Flavio Ferreira da Silva Marojo,0,primary,false,Ciclovia,150,FeatureCollection,[object Object],,2613701,false,Ciclovia
141028141,,0,primary,false,Ciclovia,150,FeatureCollection,[object Object],,2613701,false,Ciclovia
576164745,,0,primary,false,Ciclovia,150,FeatureCollection,[object Object],,2613701,false,Ciclovia
966514775,Rua Doutor Flavio Ferreira da Silva Marojo,0,primary,false,Ciclovia,150,FeatureCollection,[object Object],,2613701,false,Ciclovia
129813562,Avenida Engenheiro Abdias de Carvalho,0,trunk,false,Ciclovia,85,FeatureCollection,[object Object],,2613701,false,Ciclovia
129813563,Avenida Engenheiro Abdias de Carvalho,0,trunk,false,Ciclovia,85,FeatureCollection,[object Object],,2613701,false,Ciclovia
129813564,Avenida Engenheiro Abdias de Carvalho,0,trunk,false,Ciclovia,85,FeatureCollection,[object Object],,2613701,false,Ciclovia
129813565,Avenida Engenheiro Abdias de Carvalho,0,trunk,false,Ciclovia,85,FeatureCollection,[object Object],,2613701,false,Ciclovia
305935782,Avenida Engenheiro Abdias de Carvalho,0,trunk,false,Ciclovia,85,FeatureCollection,[object Object],,2613701,false,Ciclovia
314754293,Avenida Engenheiro Abdias de Carvalho,0,trunk,false,Ciclovia,85,FeatureCollection,[object Object],,2613701,false,Ciclovia
880644142,Avenida Engenheiro Abdias de Carvalho,0,trunk,false,Ciclovia,85,FeatureCollection,[object Object],,2613701,false,Ciclovia
314754296,Avenida Engenheiro Abdias de Carvalho,0,trunk,false,Ciclovia,85,FeatureCollection,[object Object],,2613701,false,Ciclovia
316740669,Avenida Engenheiro Abdias de Carvalho,0,trunk,false,Ciclovia,85,FeatureCollection,[object Object],,2613701,false,Ciclovia
316740670,Avenida Engenheiro Abdias de Carvalho,0,trunk,false,Ciclovia,85,FeatureCollection,[object Object],,2613701,false,Ciclovia
762748533,Avenida Engenheiro Abdias de Carvalho,0,trunk,false,Ciclovia,85,FeatureCollection,[object Object],,2613701,false,Ciclovia
772547580,Avenida Engenheiro Abdias de Carvalho,0,trunk,false,Ciclovia,85,FeatureCollection,[object Object],,2613701,false,Ciclovia
880644147,,0,trunk_link,false,Ciclovia,47,FeatureCollection,[object Object],,2613701,false,Ciclovia
880644145,Avenida Engenheiro Abdias de Carvalho,0,trunk,false,Ciclovia,85,FeatureCollection,[object Object],,2613701,false,Ciclovia
880644149,Avenida Engenheiro Abdias de Carvalho,0,trunk,false,Ciclovia,85,FeatureCollection,[object Object],,2613701,false,Ciclovia
1073425459,Avenida Engenheiro Abdias de Carvalho,0,trunk,false,Ciclovia,85,FeatureCollection,[object Object],,2613701,false,Ciclovia
1073425460,Avenida Engenheiro Abdias de Carvalho,0,trunk,false,Ciclovia,85,FeatureCollection,[object Object],,2613701,false,Ciclovia
42509587,Avenida General San Martin,0,primary,false,Ciclovia,47,FeatureCollection,[object Object],,2613701,false,Ciclovia
128381333,Avenida General San Martin,0,primary,false,Ciclovia,47,FeatureCollection,[object Object],,2613701,false,Ciclovia
130893875,Avenida General San Martin,0,primary,false,Ciclovia,47,FeatureCollection,[object Object],,2613701,false,Ciclovia
137752797,Avenida General San Martin,0,primary,false,Ciclovia,47,FeatureCollection,[object Object],,2613701,false,Ciclovia
137752798,Avenida General San Martin,0,primary,false,Ciclovia,47,FeatureCollection,[object Object],,2613701,false,Ciclovia
192004962,Avenida General San Martin,0,primary,false,Ciclovia,47,FeatureCollection,[object Object],,2613701,false,Ciclovia
305935781,Avenida General San Martin,0,primary,false,Ciclovia,47,FeatureCollection,[object Object],,2613701,false,Ciclovia
316740672,Avenida General San Martin,0,primary,false,Ciclovia,47,FeatureCollection,[object Object],,2613701,false,Ciclovia
378796311,Avenida General San Martin,0,primary,false,Ciclovia,47,FeatureCollection,[object Object],,2613701,false,Ciclovia
378796320,Avenida General San Martin,0,primary,false,Ciclovia,47,FeatureCollection,[object Object],,2613701,false,Ciclovia
650857295,Avenida General San Martin,0,primary,false,Ciclovia,47,FeatureCollection,[object Object],,2613701,false,Ciclovia
662132825,Avenida General San Martin,0,primary,false,Ciclovia,47,FeatureCollection,[object Object],,2613701,false,Ciclovia
778554964,Avenida General San Martin,0,primary,false,Ciclovia,47,FeatureCollection,[object Object],,2613701,false,Ciclovia
880644132,,0,trunk_link,false,Ciclovia,47,FeatureCollection,[object Object],,2613701,false,Ciclovia
880644133,,0,trunk_link,false,Ciclovia,47,FeatureCollection,[object Object],,2613701,false,Ciclovia
880644134,Avenida General San Martin,0,primary,false,Ciclovia,47,FeatureCollection,[object Object],,2613701,false,Ciclovia
880644141,,0,trunk_link,false,Ciclovia,47,FeatureCollection,[object Object],,2613701,false,Ciclovia
880644146,,0,trunk_link,false,Ciclovia,47,FeatureCollection,[object Object],,2613701,false,Ciclovia
880644150,,0,trunk_link,false,Ciclovia,47,FeatureCollection,[object Object],,2613701,false,Ciclovia
895031809,Avenida General San Martin,0,primary,false,Ciclovia,47,FeatureCollection,[object Object],,2613701,false,Ciclovia
965675315,Avenida General San Martin,0,primary,false,Ciclovia,47,FeatureCollection,[object Object],,2613701,false,Ciclovia
966570842,Avenida General San Martin,0,primary,false,Ciclovia,47,FeatureCollection,[object Object],,2613701,false,Ciclovia
968231401,Avenida General San Martin,0,primary,false,Ciclovia,47,FeatureCollection,[object Object],,2613701,false,Ciclovia
968259580,Avenida General San Martin,0,primary,false,Ciclovia,47,FeatureCollection,[object Object],,2613701,false,Ciclovia
995648132,Avenida General San Martin,0,primary,false,Ciclovia,47,FeatureCollection,[object Object],,2613701,false,Ciclovia
130921562,,0,primary,false,Ciclovia,46,FeatureCollection,[object Object],,2613701,false,Ciclovia
130921781,Avenida João Cabral de Melo Neto,0,primary,false,Ciclovia,46,FeatureCollection,[object Object],,2613701,false,Ciclovia
130921782,Avenida João Cabral de Melo Neto,0,primary,false,Ciclovia,46,FeatureCollection,[object Object],,2613701,false,Ciclovia
140092783,Avenida João Cabral de Melo Neto,0,primary,false,Ciclovia,46,FeatureCollection,[object Object],,2613701,false,Ciclovia
140092784,Avenida João Cabral de Melo Neto,0,primary,false,Ciclovia,46,FeatureCollection,[object Object],,2613701,false,Ciclovia
777758093,Avenida General San Martin,0,primary,false,Ciclovia,46,FeatureCollection,[object Object],,2613701,false,Ciclovia
140092785,Avenida João Cabral de Melo Neto,0,primary,false,Ciclovia,46,FeatureCollection,[object Object],,2613701,false,Ciclovia
140092786,Avenida João Cabral de Melo Neto,0,primary,false,Ciclovia,46,FeatureCollection,[object Object],,2613701,false,Ciclovia
191992514,Avenida General San Martin,0,primary,false,Ciclovia,46,FeatureCollection,[object Object],,2613701,false,Ciclovia
191992516,Avenida General San Martin,0,primary,false,Ciclovia,46,FeatureCollection,[object Object],,2613701,false,Ciclovia
318003837,Avenida General San Martin,0,primary,false,Ciclovia,46,FeatureCollection,[object Object],,2613701,false,Ciclovia
762754347,Avenida General San Martin,0,primary,false,Ciclovia,46,FeatureCollection,[object Object],,2613701,false,Ciclovia
854786875,,0,primary,false,Ciclovia,46,FeatureCollection,[object Object],,2613701,false,Ciclovia
1014941469,Avenida João Cabral de Melo Neto,0,primary,false,Ciclovia,46,FeatureCollection,[object Object],,2613701,false,Ciclovia
129484795,Avenida Recife,0,primary,false,Ciclovia,87,FeatureCollection,[object Object],,2613701,false,Ciclovia
129485533,Avenida Recife,0,primary,false,Ciclovia,87,FeatureCollection,[object Object],,2613701,false,Ciclovia
129485534,Avenida Recife,0,primary,false,Ciclovia,87,FeatureCollection,[object Object],,2613701,false,Ciclovia
129485535,Avenida Recife,0,primary,false,Ciclovia,87,FeatureCollection,[object Object],,2613701,false,Ciclovia
129485536,Avenida Recife,0,primary,false,Ciclovia,87,FeatureCollection,[object Object],,2613701,false,Ciclovia
190346057,Avenida Recife,0,primary,false,Ciclovia,87,FeatureCollection,[object Object],,2613701,false,Ciclovia
190346058,Avenida Recife,0,primary,false,Ciclovia,87,FeatureCollection,[object Object],,2613701,false,Ciclovia
314754301,Avenida Recife,0,primary,false,Ciclovia,87,FeatureCollection,[object Object],,2613701,false,Ciclovia
314754305,Avenida Recife,0,primary,false,Ciclovia,87,FeatureCollection,[object Object],,2613701,false,Ciclovia
314754307,Avenida Recife,0,primary,false,Ciclovia,87,FeatureCollection,[object Object],,2613701,false,Ciclovia
316972785,Avenida Recife,0,primary,false,Ciclovia,87,FeatureCollection,[object Object],,2613701,false,Ciclovia
656032038,Avenida Recife,0,primary,false,Ciclovia,87,FeatureCollection,[object Object],,2613701,false,Ciclovia
722757400,Avenida Recife,0,primary,false,Ciclovia,87,FeatureCollection,[object Object],,2613701,false,Ciclovia
777105572,Avenida Recife,0,primary,false,Ciclovia,87,FeatureCollection,[object Object],,2613701,false,Ciclovia
854994672,Avenida Recife,0,primary,false,Ciclovia,87,FeatureCollection,[object Object],,2613701,false,Ciclovia
911290363,Avenida Recife,0,primary,false,Ciclovia,87,FeatureCollection,[object Object],,2613701,false,Ciclovia
911290365,Avenida Recife,0,primary,false,Ciclovia,87,FeatureCollection,[object Object],,2613701,false,Ciclovia
911290366,Avenida Recife,0,primary,false,Ciclovia,87,FeatureCollection,[object Object],,2613701,false,Ciclovia
1183809383,Avenida Recife,0,primary,false,Ciclovia,87,FeatureCollection,[object Object],,2613701,false,Ciclovia
1299031427,Avenida Recife,0,primary,false,Ciclovia,87,FeatureCollection,[object Object],,2613701,false,Ciclovia
128475994,Avenida Recife,0,primary,false,Ciclovia,92,FeatureCollection,[object Object],,2613701,false,Ciclovia
128475995,Avenida Recife,0,primary,false,Ciclovia,92,FeatureCollection,[object Object],,2613701,false,Ciclovia
661986198,Avenida Beira Rio,0,residential,false,Ciclovia,109,FeatureCollection,[object Object],,2613701,false,Ciclovia
128475996,Avenida Recife,0,primary,false,Ciclovia,92,FeatureCollection,[object Object],,2613701,false,Ciclovia
129189678,Avenida Recife,0,primary,false,Ciclovia,92,FeatureCollection,[object Object],,2613701,false,Ciclovia
129189679,Avenida Recife,0,primary,false,Ciclovia,92,FeatureCollection,[object Object],,2613701,false,Ciclovia
129484789,Avenida Recife,0,primary,false,Ciclovia,92,FeatureCollection,[object Object],,2613701,false,Ciclovia
129484791,Avenida Recife,0,primary,false,Ciclovia,92,FeatureCollection,[object Object],,2613701,false,Ciclovia
129484793,Avenida Recife,0,primary,false,Ciclovia,92,FeatureCollection,[object Object],,2613701,false,Ciclovia
140175221,Avenida Recife,0,primary,false,Ciclovia,92,FeatureCollection,[object Object],,2613701,false,Ciclovia
316740736,Rua Vinte e Um de Abril,0,primary,false,Ciclovia,131,FeatureCollection,[object Object],,2613701,false,Ciclovia
140175222,Avenida Recife,0,primary,false,Ciclovia,92,FeatureCollection,[object Object],,2613701,false,Ciclovia
198969925,Avenida Recife,0,primary,false,Ciclovia,92,FeatureCollection,[object Object],,2613701,false,Ciclovia
198969926,Avenida Recife,0,primary,false,Ciclovia,92,FeatureCollection,[object Object],,2613701,false,Ciclovia
314754300,Avenida Recife,0,primary,false,Ciclovia,92,FeatureCollection,[object Object],,2613701,false,Ciclovia
470665007,Avenida Recife,0,primary,false,Ciclovia,92,FeatureCollection,[object Object],,2613701,false,Ciclovia
128408696,Viaduto de Jardim São Paulo,0,secondary,false,Ciclovia,73,FeatureCollection,[object Object],,2613701,false,Ciclovia
575167487,Avenida Recife,0,primary,false,Ciclovia,92,FeatureCollection,[object Object],,2613701,false,Ciclovia
775418045,Avenida Recife,0,primary,false,Ciclovia,92,FeatureCollection,[object Object],,2613701,false,Ciclovia
854994668,Avenida Recife,0,primary,false,Ciclovia,92,FeatureCollection,[object Object],,2613701,false,Ciclovia
854994671,Avenida Recife,0,primary,false,Ciclovia,92,FeatureCollection,[object Object],,2613701,false,Ciclovia
966565096,Avenida Recife,0,primary,false,Ciclovia,92,FeatureCollection,[object Object],,2613701,false,Ciclovia
966565097,Avenida Recife,0,primary,false,Ciclovia,92,FeatureCollection,[object Object],,2613701,false,Ciclovia
966570841,Avenida Recife,0,primary,false,Ciclovia,92,FeatureCollection,[object Object],,2613701,false,Ciclovia
1014941481,Avenida Recife,0,primary,false,Ciclovia,92,FeatureCollection,[object Object],,2613701,false,Ciclovia
1183809382,Avenida Recife,0,primary,false,Ciclovia,92,FeatureCollection,[object Object],,2613701,false,Ciclovia
1359886531,Avenida Recife,0,primary,false,Ciclovia,92,FeatureCollection,[object Object],,2613701,false,Ciclovia
30811101,Avenida Visconde de São Leopoldo,0,primary,false,Ciclovia,148,FeatureCollection,[object Object],,2613701,false,Ciclovia
30811135,Avenida Visconde de São Leopoldo,0,primary,false,Ciclovia,148,FeatureCollection,[object Object],,2613701,false,Ciclovia
114690724,Rua Leandro Barreto,0,secondary,false,Ciclovia,73,FeatureCollection,[object Object],,2613701,false,Ciclovia
140093042,Praça Salazar,0,tertiary,false,Ciclovia,73,FeatureCollection,[object Object],,2613701,false,Ciclovia
140094457,Rua Construtor Luiz Carvalhedo de Castro,0,tertiary,false,Ciclovia,73,FeatureCollection,[object Object],,2613701,false,Ciclovia
316989359,Rua Senador Alberto Pasqualini,0,tertiary,false,Ciclovia,73,FeatureCollection,[object Object],,2613701,false,Ciclovia
316989360,Rua Senador Alberto Pasqualini,0,tertiary,false,Ciclovia,73,FeatureCollection,[object Object],,2613701,false,Ciclovia
778604171,Rua Senador Alberto Pasqualini,0,tertiary,false,Ciclovia,73,FeatureCollection,[object Object],,2613701,false,Ciclovia
854994647,Avenida Leandro Barreto,0,secondary,false,Ciclovia,73,FeatureCollection,[object Object],,2613701,false,Ciclovia
966299066,Avenida São Paulo,0,secondary,false,Ciclovia,73,FeatureCollection,[object Object],,2613701,false,Ciclovia
966309424,Avenida Leandro Barreto,0,secondary,false,Ciclovia,73,FeatureCollection,[object Object],,2613701,false,Ciclovia
1183809385,Avenida São Paulo,0,secondary,false,Ciclovia,73,FeatureCollection,[object Object],,2613701,false,Ciclovia
253581167,Avenida Padre Ibiapina,0,residential,false,Ciclovia,235,FeatureCollection,[object Object],,2613701,false,Ciclovia
316877407,Rua Padre Ibiapina,0,tertiary,false,Ciclovia,235,FeatureCollection,[object Object],,2613701,false,Ciclovia
316877408,Rua Padre Ibiapina,0,residential,false,Ciclovia,235,FeatureCollection,[object Object],,2613701,false,Ciclovia
483253551,Avenida Padre Ibiapina,0,residential,false,Ciclovia,235,FeatureCollection,[object Object],,2613701,false,Ciclovia
483253552,Avenida Padre Ibiapina,0,residential,false,Ciclovia,235,FeatureCollection,[object Object],,2613701,false,Ciclovia
609232356,Passarela da Estação de Tejipió,0,footway,false,Ciclovia,235,FeatureCollection,[object Object],,2613701,false,Ciclovia
609232357,,0,steps,false,Ciclovia,235,FeatureCollection,[object Object],,2613701,false,Ciclovia
609232358,Passarela da Estação de Tejipió,0,footway,false,Ciclovia,235,FeatureCollection,[object Object],,2613701,false,Ciclovia
609232359,Passarela da Estação de Tejipió,0,footway,false,Ciclovia,235,FeatureCollection,[object Object],,2613701,false,Ciclovia
609232360,,0,corridor,false,Ciclovia,235,FeatureCollection,[object Object],,2613701,false,Ciclovia
609232361,Passarela da Estação de Tejipió,0,footway,false,Ciclovia,235,FeatureCollection,[object Object],,2613701,false,Ciclovia
686999762,Avenida Padre Ibiapina,0,residential,false,Ciclovia,235,FeatureCollection,[object Object],,2613701,false,Ciclovia
700988978,,0,steps,false,Ciclovia,235,FeatureCollection,[object Object],,2613701,false,Ciclovia
117593767,Rua Vinte e Um de Abril,0,tertiary,false,Ciclovia,131,FeatureCollection,[object Object],,2613701,false,Ciclovia
130921681,Rua Vinte e Um de Abril,0,primary,false,Ciclovia,131,FeatureCollection,[object Object],,2613701,false,Ciclovia
191989770,Rua Vinte e Um de Abril,0,primary,false,Ciclovia,131,FeatureCollection,[object Object],,2613701,false,Ciclovia
191989771,Rua Vinte e Um de Abril,0,primary,false,Ciclovia,131,FeatureCollection,[object Object],,2613701,false,Ciclovia
316740738,Rua Vinte e Um de Abril,0,primary,false,Ciclovia,131,FeatureCollection,[object Object],,2613701,false,Ciclovia
316740741,Rua Vinte e Um de Abril,0,primary,false,Ciclovia,131,FeatureCollection,[object Object],,2613701,false,Ciclovia
316989365,Rua 21 de Abril,0,tertiary,false,Ciclovia,131,FeatureCollection,[object Object],,2613701,false,Ciclovia
316989366,Rua 21 de Abril,0,tertiary,false,Ciclovia,131,FeatureCollection,[object Object],,2613701,false,Ciclovia
378796328,Rua Vinte e Um de Abril,0,primary,false,Ciclovia,131,FeatureCollection,[object Object],,2613701,false,Ciclovia
854786874,Rua 21 de Abril,0,tertiary,false,Ciclovia,131,FeatureCollection,[object Object],,2613701,false,Ciclovia
966536620,Rua Vinte e Um de Abril,0,tertiary,false,Ciclovia,131,FeatureCollection,[object Object],,2613701,false,Ciclovia
966538883,Rua Vinte e Um de Abril,0,primary,false,Ciclovia,131,FeatureCollection,[object Object],,2613701,false,Ciclovia
1002053167,Rua Vinte e Um de Abril,0,primary,false,Ciclovia,131,FeatureCollection,[object Object],,2613701,false,Ciclovia
42509471,Rua Gomes Taborda,0,secondary,false,Ciclovia,156,FeatureCollection,[object Object],,2613701,false,Ciclovia
130893509,Rua Gomes Taborda,0,secondary,false,Ciclovia,156,FeatureCollection,[object Object],,2613701,false,Ciclovia
130893510,Rua Gomes Taborda,0,secondary,false,Ciclovia,156,FeatureCollection,[object Object],,2613701,false,Ciclovia
316740710,Rua Gomes Taborda,0,secondary,false,Ciclovia,156,FeatureCollection,[object Object],,2613701,false,Ciclovia
316740718,Rua Gomes Taborda,0,secondary,false,Ciclovia,156,FeatureCollection,[object Object],,2613701,false,Ciclovia
968571143,Rua Gomes Taborda,0,secondary,false,Ciclovia,156,FeatureCollection,[object Object],,2613701,false,Ciclovia
968571144,Rua Gomes Taborda,0,secondary,false,Ciclovia,156,FeatureCollection,[object Object],,2613701,false,Ciclovia
968571145,Rua Gomes Taborda,0,secondary,false,Ciclovia,156,FeatureCollection,[object Object],,2613701,false,Ciclovia
968571147,Rua Gomes Taborda,0,secondary,false,Ciclovia,156,FeatureCollection,[object Object],,2613701,false,Ciclovia
968571148,Rua Gomes Taborda,0,secondary,false,Ciclovia,156,FeatureCollection,[object Object],,2613701,false,Ciclovia
968571149,Rua Gomes Taborda,0,secondary,false,Ciclovia,156,FeatureCollection,[object Object],,2613701,false,Ciclovia
221679582,Rua Tutóia,0,tertiary,false,Ciclovia,189,FeatureCollection,[object Object],,2613701,false,Ciclovia
224069034,Rua Severino Varejão,0,tertiary,false,Ciclovia,189,FeatureCollection,[object Object],,2613701,false,Ciclovia
482478761,Travessa Tutóia,0,tertiary,false,Ciclovia,189,FeatureCollection,[object Object],,2613701,false,Ciclovia
967951002,Rua Carlos Xavier Paes Barreto,0,tertiary,false,Ciclovia,189,FeatureCollection,[object Object],,2613701,false,Ciclovia
1183809387,Rua Pedro Teixeira,0,tertiary,false,Ciclovia,189,FeatureCollection,[object Object],,2613701,false,Ciclovia
140172306,,0,tertiary,false,Ciclovia,218,FeatureCollection,[object Object],,2613701,false,Ciclovia
262454297,,0,trunk_link,false,Ciclovia,218,FeatureCollection,[object Object],,2613701,false,Ciclovia
1183809384,Avenida Central,0,tertiary,false,Ciclovia,218,FeatureCollection,[object Object],,2613701,false,Ciclovia
159762811,Rua Morais e Silva,0,residential,false,Ciclovia,197,FeatureCollection,[object Object],,2613701,false,Ciclovia
483033791,Rua Morais e Silva,0,residential,false,Ciclovia,197,FeatureCollection,[object Object],,2613701,false,Ciclovia
140093030,Rua José Natário,0,secondary,false,Ciclovia,236,FeatureCollection,[object Object],,2613701,false,Ciclovia
242302697,Rua José Natário,0,secondary,false,Ciclovia,236,FeatureCollection,[object Object],,2613701,false,Ciclovia
242302699,Rua José Natário,0,secondary,false,Ciclovia,236,FeatureCollection,[object Object],,2613701,false,Ciclovia
130921295,Avenida Manoel Gonçalves da Luz,0,secondary,false,Ciclovia,155,FeatureCollection,[object Object],,2613701,false,Ciclovia
140174494,Avenida São Paulo,0,secondary,false,Ciclovia,154,FeatureCollection,[object Object],,2613701,false,Ciclovia
1183842786,Rua José Natário,0,secondary,false,Ciclovia,154,FeatureCollection,[object Object],,2613701,false,Ciclovia
683025215,Rua Pacaembu,0,residential,false,Ciclovia,237,FeatureCollection,[object Object],,2613701,false,Ciclovia
1183842787,Rua Mil Novecentos e Onze,0,residential,false,Ciclovia,237,FeatureCollection,[object Object],,2613701,false,Ciclovia
151818903,Rua Humberto de Campos,0,residential,false,Ciclovia,217,FeatureCollection,[object Object],,2613701,false,Ciclovia
614276992,Passarela da Estação de Santa Luzia,0,footway,false,Ciclovia,217,FeatureCollection,[object Object],,2613701,false,Ciclovia
614276998,,0,corridor,false,Ciclovia,217,FeatureCollection,[object Object],,2613701,false,Ciclovia
1183809381,Avenida Estância,0,primary,false,Ciclovia,217,FeatureCollection,[object Object],,2613701,false,Ciclovia
30811117,Rodovia Luiz Gonzaga,0,trunk_link,false,Ciclovia,146,FeatureCollection,[object Object],,2613701,false,Ciclovia
204619823,Avenida Professor Luiz Freire,0,secondary,false,Ciclovia,75,FeatureCollection,[object Object],,2613701,false,Ciclovia
317021043,Avenida Professor Luiz Freire,0,secondary,false,Ciclovia,75,FeatureCollection,[object Object],,2613701,false,Ciclovia
186977356,Rua José dos Santos,0,residential,false,Ciclovia,234,FeatureCollection,[object Object],,2613701,false,Ciclovia
30811121,Avenida Engenheiro Abdias de Carvalho,0,primary,false,Ciclovia,149,FeatureCollection,[object Object],,2613701,false,Ciclovia
129813539,Rua João Ivo da Silva,0,primary,false,Ciclovia,42,FeatureCollection,[object Object],,2613701,false,Ciclovia
30811122,,0,primary,false,Ciclovia,149,FeatureCollection,[object Object],,2613701,false,Ciclovia
30811124,,0,primary,false,Ciclovia,149,FeatureCollection,[object Object],,2613701,false,Ciclovia
30811125,Avenida Engenheiro Abdias de Carvalho,0,primary,false,Ciclovia,149,FeatureCollection,[object Object],,2613701,false,Ciclovia
317078478,,0,tertiary,false,Ciclovia,149,FeatureCollection,[object Object],,2613701,false,Ciclovia
376438448,Rua Doutor Flavio Ferreira da Silva Marojo,0,tertiary,false,Ciclovia,149,FeatureCollection,[object Object],,2613701,false,Ciclovia
130921296,Avenida Manoel Gonçalves da Luz,0,secondary,false,Ciclovia,155,FeatureCollection,[object Object],,2613701,false,Ciclovia
130921298,Avenida Manoel Gonçalves da Luz,0,secondary,false,Ciclovia,155,FeatureCollection,[object Object],,2613701,false,Ciclovia
140092010,Rua Doutor João Elísio,0,residential,false,Ciclovia,196,FeatureCollection,[object Object],,2613701,false,Ciclovia
653428687,Passarela da Estação Mangueira,0,footway,false,Ciclovia,196,FeatureCollection,[object Object],,2613701,false,Ciclovia
678467232,Avenida Central,0,residential,false,Ciclovia,196,FeatureCollection,[object Object],,2613701,false,Ciclovia
314754299,Avenida Engenheiro Abdias de Carvalho,0,trunk,false,Ciclovia,76,FeatureCollection,[object Object],,2613701,false,Ciclovia
30811120,,0,primary_link,false,Ciclovia,153,FeatureCollection,[object Object],,2613701,false,Ciclovia
130894159,Avenida do Forte,0,tertiary,false,Ciclovia,130,FeatureCollection,[object Object],,2613701,false,Ciclovia
130894160,Avenida do Forte,0,tertiary,false,Ciclovia,130,FeatureCollection,[object Object],,2613701,false,Ciclovia
317078451,Avenida do Forte,0,tertiary,false,Ciclovia,130,FeatureCollection,[object Object],,2613701,false,Ciclovia
491692395,Avenida do Forte,0,tertiary,false,Ciclovia,130,FeatureCollection,[object Object],,2613701,false,Ciclovia
854786871,Avenida do Forte,0,tertiary,false,Ciclovia,130,FeatureCollection,[object Object],,2613701,false,Ciclovia
42509040,Rua Delmiro Gouveia,0,tertiary,false,Ciclovia,126,FeatureCollection,[object Object],,2613701,false,Ciclovia
103595421,Rua Delmiro Gouveia,0,tertiary,false,Ciclovia,126,FeatureCollection,[object Object],,2613701,false,Ciclovia
130894161,Avenida do Forte,0,tertiary,false,Ciclovia,126,FeatureCollection,[object Object],,2613701,false,Ciclovia
762748539,Rua Delmiro Gouveia,0,tertiary,false,Ciclovia,126,FeatureCollection,[object Object],,2613701,false,Ciclovia
966514774,Rua Delmiro Gouveia,0,tertiary,false,Ciclovia,126,FeatureCollection,[object Object],,2613701,false,Ciclovia
305935780,Avenida Engenheiro Abdias de Carvalho,0,trunk,false,Ciclovia,76,FeatureCollection,[object Object],,2613701,false,Ciclovia
305936013,Avenida Engenheiro Abdias de Carvalho,0,trunk,false,Ciclovia,76,FeatureCollection,[object Object],,2613701,false,Ciclovia
854786912,Avenida Engenheiro Abdias de Carvalho,0,trunk,false,Ciclovia,76,FeatureCollection,[object Object],,2613701,false,Ciclovia
854786913,Avenida Engenheiro Abdias de Carvalho,0,trunk,false,Ciclovia,76,FeatureCollection,[object Object],,2613701,false,Ciclovia
880644135,Avenida Engenheiro Abdias de Carvalho,0,trunk,false,Ciclovia,76,FeatureCollection,[object Object],,2613701,false,Ciclovia
880644136,Avenida Engenheiro Abdias de Carvalho,0,trunk,false,Ciclovia,76,FeatureCollection,[object Object],,2613701,false,Ciclovia
880644138,Avenida Engenheiro Abdias de Carvalho,0,trunk,false,Ciclovia,76,FeatureCollection,[object Object],,2613701,false,Ciclovia
880644154,Avenida Engenheiro Abdias de Carvalho,0,trunk,false,Ciclovia,76,FeatureCollection,[object Object],,2613701,false,Ciclovia
880644155,Avenida Engenheiro Abdias de Carvalho,0,trunk,false,Ciclovia,76,FeatureCollection,[object Object],,2613701,false,Ciclovia
884229189,Avenida Engenheiro Abdias de Carvalho,0,trunk,false,Ciclovia,76,FeatureCollection,[object Object],,2613701,false,Ciclovia
1183809386,Avenida Engenheiro Abdias de Carvalho,0,trunk,false,Ciclovia,76,FeatureCollection,[object Object],,2613701,false,Ciclovia
1183750768,Ciclovia Orla de Boa Viagem,0,cycleway,true,Ciclovia,174,FeatureCollection,[object Object],,2613701,false,Ciclovia
87777351,Rua Rio Azul,0,secondary,false,Ciclovia,68,FeatureCollection,[object Object],,2613701,false,Ciclovia
129481942,Túnel Augusto Lucena,0,secondary,false,Ciclovia,68,FeatureCollection,[object Object],,2613701,false,Ciclovia
129482676,Túnel Augusto Lucena,0,secondary,false,Ciclovia,68,FeatureCollection,[object Object],,2613701,false,Ciclovia
319293363,Avenida Fernando Simões Barbosa,0,primary,false,Ciclovia,12,FeatureCollection,[object Object],,2613701,false,Ciclovia
129482677,Avenida Desembargador José Neves,0,secondary,false,Ciclovia,68,FeatureCollection,[object Object],,2613701,false,Ciclovia
129482678,Avenida Dom João VI,0,secondary,false,Ciclovia,68,FeatureCollection,[object Object],,2613701,false,Ciclovia
141711860,Avenida Desembargador José Neves,0,secondary,false,Ciclovia,68,FeatureCollection,[object Object],,2613701,false,Ciclovia
359667809,,0,secondary,false,Ciclovia,68,FeatureCollection,[object Object],,2613701,false,Ciclovia
466699571,,0,tertiary,false,Ciclovia,68,FeatureCollection,[object Object],,2613701,false,Ciclovia
466699572,,0,secondary,false,Ciclovia,68,FeatureCollection,[object Object],,2613701,false,Ciclovia
466699573,Avenida Dom João VI,0,secondary,false,Ciclovia,68,FeatureCollection,[object Object],,2613701,false,Ciclovia
537002415,Avenida Desembargador José Neves,0,secondary,false,Ciclovia,68,FeatureCollection,[object Object],,2613701,false,Ciclovia
624133567,Avenida Desembargador José Neves,0,secondary,false,Ciclovia,68,FeatureCollection,[object Object],,2613701,false,Ciclovia
624133569,Avenida Desembargador José Neves,0,secondary,false,Ciclovia,68,FeatureCollection,[object Object],,2613701,false,Ciclovia
646661821,Avenida Desembargador José Neves,0,secondary,false,Ciclovia,68,FeatureCollection,[object Object],,2613701,false,Ciclovia
968625618,Rua Rio Azul,0,secondary,false,Ciclovia,68,FeatureCollection,[object Object],,2613701,false,Ciclovia
86327493,Avenida Visconde de Jequitinhonha,0,primary,false,Ciclovia,12,FeatureCollection,[object Object],,2613701,false,Ciclovia
130923540,Avenida Engenheiro Domingos Ferreira,0,primary,false,Ciclovia,12,FeatureCollection,[object Object],,2613701,false,Ciclovia
138285433,Avenida Visconde de Jequitinhonha,0,primary,false,Ciclovia,12,FeatureCollection,[object Object],,2613701,false,Ciclovia
138285434,Avenida Visconde de Jequitinhonha,0,primary,false,Ciclovia,12,FeatureCollection,[object Object],,2613701,false,Ciclovia
836834960,Via Mangue - Pista Leste,0,primary,false,Ciclovia,125,FeatureCollection,[object Object],,2613701,false,Ciclovia
151966146,Avenida Visconde de Jequitinhonha,0,primary,false,Ciclovia,12,FeatureCollection,[object Object],,2613701,false,Ciclovia
151966147,Avenida Visconde de Jequitinhonha,0,primary,false,Ciclovia,12,FeatureCollection,[object Object],,2613701,false,Ciclovia
151966150,Avenida Visconde de Jequitinhonha,0,primary,false,Ciclovia,12,FeatureCollection,[object Object],,2613701,false,Ciclovia
223042934,Avenida Ayrton Senna da Silva,0,residential,false,Ciclovia,12,FeatureCollection,[object Object],,2613701,false,Ciclovia
319293361,Rua General Edson Amâncio Ramalho,0,primary,false,Ciclovia,12,FeatureCollection,[object Object],,2613701,false,Ciclovia
853512339,Via Mangue - Pista Leste,0,primary,false,Ciclovia,125,FeatureCollection,[object Object],,2613701,false,Ciclovia
319943418,Avenida Visconde de Jequitinhonha,0,primary,false,Ciclovia,12,FeatureCollection,[object Object],,2613701,false,Ciclovia
319943419,Avenida Visconde de Jequitinhonha,0,primary,false,Ciclovia,12,FeatureCollection,[object Object],,2613701,false,Ciclovia
466704809,Rua Professor Arnaldo Carneiro Leao,0,primary,false,Ciclovia,12,FeatureCollection,[object Object],,2613701,false,Ciclovia
574217818,Avenida Visconde de Jequitinhonha,0,primary,false,Ciclovia,12,FeatureCollection,[object Object],,2613701,false,Ciclovia
585473145,Avenida Fernando Simões Barbosa,0,primary,false,Ciclovia,12,FeatureCollection,[object Object],,2613701,false,Ciclovia
585473147,Rua General Edson Amâncio Ramalho,0,primary,false,Ciclovia,12,FeatureCollection,[object Object],,2613701,false,Ciclovia
636685320,Avenida Visconde de Jequitinhonha,0,primary,false,Ciclovia,12,FeatureCollection,[object Object],,2613701,false,Ciclovia
647111564,Rua General Edson Amâncio Ramalho,0,primary,false,Ciclovia,12,FeatureCollection,[object Object],,2613701,false,Ciclovia
707010097,Avenida Fernando Simões Barbosa,0,primary,false,Ciclovia,12,FeatureCollection,[object Object],,2613701,false,Ciclovia
707010098,Avenida Visconde de Jequitinhonha,0,primary,false,Ciclovia,12,FeatureCollection,[object Object],,2613701,false,Ciclovia
707010100,Avenida Visconde de Jequitinhonha,0,primary,false,Ciclovia,12,FeatureCollection,[object Object],,2613701,false,Ciclovia
756240228,Rua Coronel Benedito Chaves,0,residential,false,Ciclovia,12,FeatureCollection,[object Object],,2613701,false,Ciclovia
762927577,Rua General Edson Amâncio Ramalho,0,secondary,false,Ciclovia,12,FeatureCollection,[object Object],,2613701,false,Ciclovia
771496121,Avenida Fernando Simões Barbosa,0,primary,false,Ciclovia,12,FeatureCollection,[object Object],,2613701,false,Ciclovia
853512338,Via Mangue - Pista Oeste,0,primary,false,Ciclovia,12,FeatureCollection,[object Object],,2613701,false,Ciclovia
854994656,Avenida Fernando Simões Barbosa,0,primary,false,Ciclovia,12,FeatureCollection,[object Object],,2613701,false,Ciclovia
901992081,Avenida Engenheiro Domingos Ferreira,0,primary,false,Ciclovia,12,FeatureCollection,[object Object],,2613701,false,Ciclovia
966756873,Avenida Visconde de Jequitinhonha,0,primary,false,Ciclovia,12,FeatureCollection,[object Object],,2613701,false,Ciclovia
1183750779,Avenida Visconde de Jequitinhonha,0,primary,false,Ciclovia,12,FeatureCollection,[object Object],,2613701,false,Ciclovia
1303718124,Rua General Edson Amâncio Ramalho,0,primary,false,Ciclovia,12,FeatureCollection,[object Object],,2613701,false,Ciclovia
151147816,Rua Manoel de Brito,0,residential,false,Ciclovia,125,FeatureCollection,[object Object],,2613701,false,Ciclovia
151147818,Rua Manoel de Brito,0,primary,false,Ciclovia,125,FeatureCollection,[object Object],,2613701,false,Ciclovia
151147942,Rua Manoel de Brito,0,primary,false,Ciclovia,125,FeatureCollection,[object Object],,2613701,false,Ciclovia
151149636,Rua Cacilda Iolanda Porciúncula,0,residential,false,Ciclovia,125,FeatureCollection,[object Object],,2613701,false,Ciclovia
151149645,Rua Cacilda Iolanda Porciúncula,0,residential,false,Ciclovia,125,FeatureCollection,[object Object],,2613701,false,Ciclovia
222243779,Via Mangue - Pista Leste,0,primary,false,Ciclovia,125,FeatureCollection,[object Object],,2613701,false,Ciclovia
242959911,Rua Cacilda Iolanda Porciúncula,0,residential,false,Ciclovia,125,FeatureCollection,[object Object],,2613701,false,Ciclovia
394440710,Via Mangue - Pista Leste,0,primary,false,Ciclovia,125,FeatureCollection,[object Object],,2613701,false,Ciclovia
423660030,Rua Manoel de Brito,0,primary,false,Ciclovia,125,FeatureCollection,[object Object],,2613701,false,Ciclovia
423660031,Rua Manoel de Brito,0,primary,false,Ciclovia,125,FeatureCollection,[object Object],,2613701,false,Ciclovia
466701030,Via Mangue - Pista Leste,0,primary,false,Ciclovia,125,FeatureCollection,[object Object],,2613701,false,Ciclovia
466704800,Via Mangue - Pista Leste,0,primary,false,Ciclovia,125,FeatureCollection,[object Object],,2613701,false,Ciclovia
624914191,Via Mangue - Pista Leste,0,primary,false,Ciclovia,125,FeatureCollection,[object Object],,2613701,false,Ciclovia
624914195,Via Mangue - Pista Leste,0,primary,false,Ciclovia,125,FeatureCollection,[object Object],,2613701,false,Ciclovia
624935364,Via Mangue - Pista Leste,0,primary,false,Ciclovia,125,FeatureCollection,[object Object],,2613701,false,Ciclovia
966567134,Rua Manoel de Brito,0,primary,false,Ciclovia,125,FeatureCollection,[object Object],,2613701,false,Ciclovia
666367120,Via Mangue - Pista Leste,0,primary,false,Ciclovia,125,FeatureCollection,[object Object],,2613701,false,Ciclovia
666367121,Via Mangue - Pista Leste,0,primary,false,Ciclovia,125,FeatureCollection,[object Object],,2613701,false,Ciclovia
691289958,Rua Manoel de Brito,0,primary,false,Ciclovia,125,FeatureCollection,[object Object],,2613701,false,Ciclovia
706175628,Rua Manoel de Brito,0,primary,false,Ciclovia,125,FeatureCollection,[object Object],,2613701,false,Ciclovia
762760195,Via Mangue - Pista Leste,0,primary,false,Ciclovia,125,FeatureCollection,[object Object],,2613701,false,Ciclovia
762760198,Rua Manoel de Brito,0,primary,false,Ciclovia,125,FeatureCollection,[object Object],,2613701,false,Ciclovia
967597448,Via Mangue - Pista Leste,0,primary,false,Ciclovia,125,FeatureCollection,[object Object],,2613701,false,Ciclovia
967597449,Via Mangue - Pista Leste,0,primary,false,Ciclovia,125,FeatureCollection,[object Object],,2613701,false,Ciclovia
967603906,Via Mangue - Pista Leste,0,primary,false,Ciclovia,125,FeatureCollection,[object Object],,2613701,false,Ciclovia
967603907,Via Mangue - Pista Leste,0,primary,false,Ciclovia,125,FeatureCollection,[object Object],,2613701,false,Ciclovia
967651400,Via Mangue - Pista Leste,0,primary,false,Ciclovia,125,FeatureCollection,[object Object],,2613701,false,Ciclovia
359667808,Avenida General Mac Artur,0,secondary,false,Ciclovia,13,FeatureCollection,[object Object],,2613701,false,Ciclovia
466704807,Rua Antônio Falcão,0,secondary,false,Ciclovia,13,FeatureCollection,[object Object],,2613701,false,Ciclovia
616186914,Avenida General Mac Artur,0,secondary,false,Ciclovia,13,FeatureCollection,[object Object],,2613701,false,Ciclovia
616186915,Avenida General Mac Artur,0,secondary,false,Ciclovia,13,FeatureCollection,[object Object],,2613701,false,Ciclovia
773570688,Avenida General Mac Artur,0,secondary,false,Ciclovia,13,FeatureCollection,[object Object],,2613701,false,Ciclovia
911366369,Avenida General Mac Artur,0,secondary,false,Ciclovia,13,FeatureCollection,[object Object],,2613701,false,Ciclovia
930653129,Ciclovia Orla de Boa Viagem,0,cycleway,true,Ciclovia,51,FeatureCollection,[object Object],,2613701,false,Ciclovia
130923568,Rua Barão de Souza Leão,0,secondary,false,Ciclovia,164,FeatureCollection,[object Object],,2613701,false,Ciclovia
964422137,Ciclovia Orla de Boa Viagem,0,cycleway,true,Ciclovia,51,FeatureCollection,[object Object],,2613701,false,Ciclovia
992933130,Ciclovia Orla de Boa Viagem,0,cycleway,true,Ciclovia,51,FeatureCollection,[object Object],,2613701,false,Ciclovia
1104325389,Ciclovia Orla de Boa Viagem,0,cycleway,true,Ciclovia,51,FeatureCollection,[object Object],,2613701,false,Ciclovia
1104325401,Ciclovia Orla de Boa Viagem,0,cycleway,true,Ciclovia,51,FeatureCollection,[object Object],,2613701,false,Ciclovia
1104338043,Ciclovia Orla de Boa Viagem,0,cycleway,true,Ciclovia,51,FeatureCollection,[object Object],,2613701,false,Ciclovia
130923569,Rua Barão de Souza Leão,0,secondary,false,Ciclovia,164,FeatureCollection,[object Object],,2613701,false,Ciclovia
1104338060,Ciclovia Orla de Boa Viagem,0,cycleway,true,Ciclovia,51,FeatureCollection,[object Object],,2613701,false,Ciclovia
1104340515,Ciclovia Orla de Boa Viagem,0,cycleway,true,Ciclovia,51,FeatureCollection,[object Object],,2613701,false,Ciclovia
1104353872,Ciclovia Orla de Boa Viagem,0,cycleway,true,Ciclovia,51,FeatureCollection,[object Object],,2613701,false,Ciclovia
1104390571,Ciclovia Orla de Boa Viagem,0,cycleway,true,Ciclovia,51,FeatureCollection,[object Object],,2613701,false,Ciclovia
1104409708,Ciclovia Orla de Boa Viagem,0,cycleway,true,Ciclovia,51,FeatureCollection,[object Object],,2613701,false,Ciclovia
1104411712,Ciclovia Orla de Boa Viagem,0,cycleway,true,Ciclovia,51,FeatureCollection,[object Object],,2613701,false,Ciclovia
1104411717,Ciclovia Orla de Boa Viagem,0,cycleway,true,Ciclovia,51,FeatureCollection,[object Object],,2613701,false,Ciclovia
1104412346,Ciclovia Orla de Boa Viagem,0,cycleway,true,Ciclovia,51,FeatureCollection,[object Object],,2613701,false,Ciclovia
1104412348,Ciclovia Orla de Boa Viagem,0,cycleway,true,Ciclovia,51,FeatureCollection,[object Object],,2613701,false,Ciclovia
130923565,Rua Dez de Julho,0,secondary,false,Ciclovia,74,FeatureCollection,[object Object],,2613701,false,Ciclovia
1104412356,Ciclovia Orla de Boa Viagem,0,cycleway,true,Ciclovia,51,FeatureCollection,[object Object],,2613701,false,Ciclovia
1104412359,Ciclovia Orla de Boa Viagem,0,cycleway,true,Ciclovia,51,FeatureCollection,[object Object],,2613701,false,Ciclovia
1104412801,Ciclovia Orla de Boa Viagem,0,cycleway,true,Ciclovia,51,FeatureCollection,[object Object],,2613701,false,Ciclovia
1104412804,Ciclovia Orla de Boa Viagem,0,cycleway,true,Ciclovia,51,FeatureCollection,[object Object],,2613701,false,Ciclovia
1104422380,Ciclovia Orla de Boa Viagem,0,cycleway,true,Ciclovia,51,FeatureCollection,[object Object],,2613701,false,Ciclovia
1104422383,Ciclovia Orla de Boa Viagem,0,cycleway,true,Ciclovia,51,FeatureCollection,[object Object],,2613701,false,Ciclovia
1104422881,Ciclovia Orla de Boa Viagem,0,cycleway,true,Ciclovia,51,FeatureCollection,[object Object],,2613701,false,Ciclovia
1104422886,Ciclovia Orla de Boa Viagem,0,cycleway,true,Ciclovia,51,FeatureCollection,[object Object],,2613701,false,Ciclovia
1104422889,Ciclovia Orla de Boa Viagem,0,cycleway,true,Ciclovia,51,FeatureCollection,[object Object],,2613701,false,Ciclovia
1104424202,Ciclovia Orla de Boa Viagem,0,cycleway,true,Ciclovia,51,FeatureCollection,[object Object],,2613701,false,Ciclovia
1104430122,Ciclovia Orla de Boa Viagem,0,cycleway,true,Ciclovia,51,FeatureCollection,[object Object],,2613701,false,Ciclovia
319574998,Rua João Ivo da Silva,0,primary,false,Ciclovia,42,FeatureCollection,[object Object],,2613701,false,Ciclovia
1104436063,Ciclovia Orla de Boa Viagem,0,cycleway,true,Ciclovia,51,FeatureCollection,[object Object],,2613701,false,Ciclovia
1104436067,Ciclovia Orla de Boa Viagem,0,cycleway,true,Ciclovia,51,FeatureCollection,[object Object],,2613701,false,Ciclovia
1104436070,Avenida Boa Viagem,0,cycleway,true,Ciclovia,51,FeatureCollection,[object Object],,2613701,false,Ciclovia
771483068,Rua Barão de Souza Leão,0,secondary,false,Ciclovia,58,FeatureCollection,[object Object],,2613701,false,Ciclovia
44442993,Rua Barão de Souza Leão,0,secondary,false,Ciclovia,164,FeatureCollection,[object Object],,2613701,false,Ciclovia
194288529,Rua Barão de Souza Leão,0,secondary,false,Ciclovia,164,FeatureCollection,[object Object],,2613701,false,Ciclovia
707010099,Rua Barão de Souza Leão,0,secondary,false,Ciclovia,164,FeatureCollection,[object Object],,2613701,false,Ciclovia
85378259,Rua Doutor Vicente Gomes,0,secondary,false,Ciclovia,74,FeatureCollection,[object Object],,2613701,false,Ciclovia
87777339,Rua Capitão Zuzinha,0,secondary,false,Ciclovia,74,FeatureCollection,[object Object],,2613701,false,Ciclovia
87777356,Rua Dez de Julho,0,secondary,false,Ciclovia,74,FeatureCollection,[object Object],,2613701,false,Ciclovia
129480486,,0,service,false,Ciclovia,74,FeatureCollection,[object Object],,2613701,false,Ciclovia
134496510,Rua Capitão Zuzinha,0,secondary,false,Ciclovia,74,FeatureCollection,[object Object],,2613701,false,Ciclovia
134496511,Rua Capitão Zuzinha,0,secondary,false,Ciclovia,74,FeatureCollection,[object Object],,2613701,false,Ciclovia
141711454,Rua Dez de Julho,0,secondary,false,Ciclovia,74,FeatureCollection,[object Object],,2613701,false,Ciclovia
319943427,Rua Capitão Zuzinha,0,secondary,false,Ciclovia,74,FeatureCollection,[object Object],,2613701,false,Ciclovia
618688636,,0,service,false,Ciclovia,74,FeatureCollection,[object Object],,2613701,false,Ciclovia
647530701,,0,service,false,Ciclovia,74,FeatureCollection,[object Object],,2613701,false,Ciclovia
705587878,Rua Dez de Julho,0,secondary,false,Ciclovia,74,FeatureCollection,[object Object],,2613701,false,Ciclovia
707010101,Rua Doutor Vicente Gomes,0,secondary,false,Ciclovia,74,FeatureCollection,[object Object],,2613701,false,Ciclovia
762937139,Rua Dez de Julho,0,secondary,false,Ciclovia,74,FeatureCollection,[object Object],,2613701,false,Ciclovia
771483070,Rua Capitão Zuzinha,0,secondary,false,Ciclovia,74,FeatureCollection,[object Object],,2613701,false,Ciclovia
771504823,Rua Dez de Julho,0,secondary,false,Ciclovia,74,FeatureCollection,[object Object],,2613701,false,Ciclovia
968548565,Rua Dez de Julho,0,secondary,false,Ciclovia,74,FeatureCollection,[object Object],,2613701,false,Ciclovia
161784503,Rua Jaticy,0,residential,false,Ciclovia,213,FeatureCollection,[object Object],,2613701,false,Ciclovia
1013415636,Rua Jaticy,0,residential,false,Ciclovia,213,FeatureCollection,[object Object],,2613701,false,Ciclovia
1184004956,Avenida Sul,0,residential,false,Ciclovia,213,FeatureCollection,[object Object],,2613701,false,Ciclovia
1183978840,Rua Alameda das Hortências,0,residential,false,Ciclovia,231,FeatureCollection,[object Object],,2613701,false,Ciclovia
161790511,Rua Guarabira,0,residential,false,Ciclovia,232,FeatureCollection,[object Object],,2613701,false,Ciclovia
161790506,Rua José da Silva Lucena,0,residential,false,Ciclovia,233,FeatureCollection,[object Object],,2613701,false,Ciclovia
89381805,Rua Antônio Falcão,0,secondary,false,Ciclovia,104,FeatureCollection,[object Object],,2613701,false,Ciclovia
102738749,Rua Antônio Falcão,0,secondary,false,Ciclovia,104,FeatureCollection,[object Object],,2613701,false,Ciclovia
129483340,Rua Antônio Falcão,0,secondary,false,Ciclovia,104,FeatureCollection,[object Object],,2613701,false,Ciclovia
585473305,Rua Antônio Falcão,0,secondary,false,Ciclovia,104,FeatureCollection,[object Object],,2613701,false,Ciclovia
624914197,Rua Antônio Falcão,0,secondary,false,Ciclovia,104,FeatureCollection,[object Object],,2613701,false,Ciclovia
656029033,Rua Antônio Falcão,0,secondary,false,Ciclovia,104,FeatureCollection,[object Object],,2613701,false,Ciclovia
656029034,Rua Antônio Falcão,0,secondary,false,Ciclovia,104,FeatureCollection,[object Object],,2613701,false,Ciclovia
854994654,Rua Antônio Falcão,0,secondary,false,Ciclovia,104,FeatureCollection,[object Object],,2613701,false,Ciclovia
930691563,Rua Antônio Falcão,0,secondary,false,Ciclovia,104,FeatureCollection,[object Object],,2613701,false,Ciclovia
930691564,Rua Antônio Falcão,0,secondary,false,Ciclovia,104,FeatureCollection,[object Object],,2613701,false,Ciclovia
114690719,Rua Quitério Inácio de Melo,0,primary,false,Ciclovia,45,FeatureCollection,[object Object],,2613701,false,Ciclovia
136953957,Rua Arquiteto Luíz Nunes,0,primary,false,Ciclovia,45,FeatureCollection,[object Object],,2613701,false,Ciclovia
136953958,Rua Arquiteto Luíz Nunes,0,primary,false,Ciclovia,45,FeatureCollection,[object Object],,2613701,false,Ciclovia
136953959,Rua Arquiteto Luíz Nunes,0,primary,false,Ciclovia,45,FeatureCollection,[object Object],,2613701,false,Ciclovia
136954054,Rua Arquiteto Luíz Nunes,0,secondary,false,Ciclovia,45,FeatureCollection,[object Object],,2613701,false,Ciclovia
136954063,Rua Arquiteto Luíz Nunes,0,secondary,false,Ciclovia,45,FeatureCollection,[object Object],,2613701,false,Ciclovia
136954064,Rua Arquiteto Luíz Nunes,0,secondary,false,Ciclovia,45,FeatureCollection,[object Object],,2613701,false,Ciclovia
136954066,Rua Arquiteto Luíz Nunes,0,secondary,false,Ciclovia,45,FeatureCollection,[object Object],,2613701,false,Ciclovia
136954200,Rua Paris,0,secondary,false,Ciclovia,45,FeatureCollection,[object Object],,2613701,false,Ciclovia
136954201,Rua Arquiteto Luíz Nunes,0,secondary,false,Ciclovia,45,FeatureCollection,[object Object],,2613701,false,Ciclovia
161788101,Rua Itamaracá,0,secondary,false,Ciclovia,45,FeatureCollection,[object Object],,2613701,false,Ciclovia
306532474,Rua Arquiteto Luíz Nunes,0,secondary,false,Ciclovia,45,FeatureCollection,[object Object],,2613701,false,Ciclovia
367994064,Rua Arquiteto Luíz Nunes,0,secondary,false,Ciclovia,45,FeatureCollection,[object Object],,2613701,false,Ciclovia
443630585,Rua Quitério Inácio de Melo,0,primary,false,Ciclovia,45,FeatureCollection,[object Object],,2613701,false,Ciclovia
649757527,Rua Paris,0,secondary,false,Ciclovia,45,FeatureCollection,[object Object],,2613701,false,Ciclovia
770730881,Rua Quitério Inácio de Melo,0,primary,false,Ciclovia,45,FeatureCollection,[object Object],,2613701,false,Ciclovia
836834964,Rua Arquiteto Luíz Nunes,0,secondary,false,Ciclovia,45,FeatureCollection,[object Object],,2613701,false,Ciclovia
854786878,Rua Arquiteto Luíz Nunes,0,primary,false,Ciclovia,45,FeatureCollection,[object Object],,2613701,false,Ciclovia
854786881,Rua Arquiteto Luíz Nunes,0,secondary,false,Ciclovia,45,FeatureCollection,[object Object],,2613701,false,Ciclovia
854786900,Rua Arquiteto Luíz Nunes,0,secondary,false,Ciclovia,45,FeatureCollection,[object Object],,2613701,false,Ciclovia
966241074,Rua Paris,0,secondary,false,Ciclovia,45,FeatureCollection,[object Object],,2613701,false,Ciclovia
966832034,Rua Quitério Inácio de Melo,0,primary,false,Ciclovia,45,FeatureCollection,[object Object],,2613701,false,Ciclovia
1184099761,Rua Itamaracá,0,residential,false,Ciclovia,45,FeatureCollection,[object Object],,2613701,false,Ciclovia
129812671,Rua Cosme Viana,0,primary,false,Ciclovia,42,FeatureCollection,[object Object],,2613701,false,Ciclovia
129812672,Rua João Ivo da Silva,0,primary,false,Ciclovia,42,FeatureCollection,[object Object],,2613701,false,Ciclovia
129812673,Rua Cosme Viana,0,primary,false,Ciclovia,42,FeatureCollection,[object Object],,2613701,false,Ciclovia
129812674,Rua Cosme Viana,0,primary,false,Ciclovia,42,FeatureCollection,[object Object],,2613701,false,Ciclovia
129812676,Rua João Ivo da Silva,0,primary,false,Ciclovia,42,FeatureCollection,[object Object],,2613701,false,Ciclovia
129812677,Rua João Ivo da Silva,0,primary,false,Ciclovia,42,FeatureCollection,[object Object],,2613701,false,Ciclovia
129813530,Rua João Ivo da Silva,0,primary,false,Ciclovia,42,FeatureCollection,[object Object],,2613701,false,Ciclovia
129813540,Rua João Ivo da Silva,0,primary,false,Ciclovia,42,FeatureCollection,[object Object],,2613701,false,Ciclovia
129894857,Rua Professor Trajano de Mendonça,0,primary,false,Ciclovia,42,FeatureCollection,[object Object],,2613701,false,Ciclovia
129894858,Rua Professor Trajano de Mendonça,0,primary,false,Ciclovia,42,FeatureCollection,[object Object],,2613701,false,Ciclovia
314754245,Rua João Ivo da Silva,0,primary,false,Ciclovia,42,FeatureCollection,[object Object],,2613701,false,Ciclovia
314754246,Rua João Ivo da Silva,0,primary,false,Ciclovia,42,FeatureCollection,[object Object],,2613701,false,Ciclovia
314754248,Rua João Ivo da Silva,0,primary,false,Ciclovia,42,FeatureCollection,[object Object],,2613701,false,Ciclovia
316740726,Rua João Ivo da Silva,0,primary,false,Ciclovia,42,FeatureCollection,[object Object],,2613701,false,Ciclovia
340280935,Túnel da Abolição,0,primary,false,Ciclovia,42,FeatureCollection,[object Object],,2613701,false,Ciclovia
340281853,Rua João Ivo da Silva,0,primary,false,Ciclovia,42,FeatureCollection,[object Object],,2613701,false,Ciclovia
371666455,Rua João Ivo da Silva,0,primary,false,Ciclovia,42,FeatureCollection,[object Object],,2613701,false,Ciclovia
378796344,Rua Visconde de Pelotas,0,primary,false,Ciclovia,42,FeatureCollection,[object Object],,2613701,false,Ciclovia
650850073,Rua Visconde de Pelotas,0,primary,false,Ciclovia,42,FeatureCollection,[object Object],,2613701,false,Ciclovia
762356036,Rua Visconde de Pelotas,0,primary,false,Ciclovia,42,FeatureCollection,[object Object],,2613701,false,Ciclovia
778025477,Túnel da Abolição,0,primary,false,Ciclovia,42,FeatureCollection,[object Object],,2613701,false,Ciclovia
306781387,,0,primary,false,Ciclovia,38,FeatureCollection,[object Object],,2613701,false,Ciclovia
778028657,Túnel da Abolição,0,primary,false,Ciclovia,42,FeatureCollection,[object Object],,2613701,false,Ciclovia
792570583,Rua Santos Araújo,0,primary,false,Ciclovia,42,FeatureCollection,[object Object],,2613701,false,Ciclovia
821123749,Rua Real da Torre,0,primary,false,Ciclovia,42,FeatureCollection,[object Object],,2613701,false,Ciclovia
854786907,Rua Cosme Viana,0,primary,false,Ciclovia,42,FeatureCollection,[object Object],,2613701,false,Ciclovia
857404855,Rua João Ivo da Silva,0,primary,false,Ciclovia,42,FeatureCollection,[object Object],,2613701,false,Ciclovia
966826002,Rua Cosme Viana,0,primary,false,Ciclovia,42,FeatureCollection,[object Object],,2613701,false,Ciclovia
966826003,Rua João Ivo da Silva,0,primary,false,Ciclovia,42,FeatureCollection,[object Object],,2613701,false,Ciclovia
967640952,Rua Professor Trajano de Mendonça,0,primary,false,Ciclovia,42,FeatureCollection,[object Object],,2613701,false,Ciclovia
967645302,Rua João Ivo da Silva,0,primary,false,Ciclovia,42,FeatureCollection,[object Object],,2613701,false,Ciclovia
967645304,Rua João Ivo da Silva,0,primary,false,Ciclovia,42,FeatureCollection,[object Object],,2613701,false,Ciclovia
967647032,Rua João Ivo da Silva,0,primary,false,Ciclovia,42,FeatureCollection,[object Object],,2613701,false,Ciclovia
967656078,Rua Real da Torre,0,primary,false,Ciclovia,42,FeatureCollection,[object Object],,2613701,false,Ciclovia
129894920,Rua José Bonifácio,0,primary,false,Ciclovia,27,FeatureCollection,[object Object],,2613701,false,Ciclovia
444465757,Avenida Visconde de Albuquerque,0,primary,false,Ciclovia,27,FeatureCollection,[object Object],,2613701,false,Ciclovia
628645791,Avenida Visconde de Albuquerque,0,primary,false,Ciclovia,27,FeatureCollection,[object Object],,2613701,false,Ciclovia
772547582,Avenida Visconde de Albuquerque,0,primary,false,Ciclovia,27,FeatureCollection,[object Object],,2613701,false,Ciclovia
816364135,Estrada dos Remédios,0,primary,false,Ciclovia,27,FeatureCollection,[object Object],,2613701,false,Ciclovia
1183832902,Rua José Bonifácio,0,primary,false,Ciclovia,27,FeatureCollection,[object Object],,2613701,false,Ciclovia
40447625,Rua Benfica,0,primary,false,Ciclovia,25,FeatureCollection,[object Object],,2613701,false,Ciclovia
85529955,Ponte Estácio Coimbra,0,primary,false,Ciclovia,25,FeatureCollection,[object Object],,2613701,false,Ciclovia
128848166,Avenida Governador Carlos de Lima Cavalcanti,0,primary,false,Ciclovia,25,FeatureCollection,[object Object],,2613701,false,Ciclovia
128848167,Ponte Estácio Coimbra,0,primary,false,Ciclovia,25,FeatureCollection,[object Object],,2613701,false,Ciclovia
129813092,Avenida Doutor Severino Pinheiro,0,primary,false,Ciclovia,25,FeatureCollection,[object Object],,2613701,false,Ciclovia
129813093,Rua Benfica,0,busway,false,Ciclovia,25,FeatureCollection,[object Object],,2613701,false,Ciclovia
129813111,Rua Benfica,0,primary,false,Ciclovia,25,FeatureCollection,[object Object],,2613701,false,Ciclovia
129813276,,0,primary_link,false,Ciclovia,25,FeatureCollection,[object Object],,2613701,false,Ciclovia
129813278,Rua Benfica,0,primary,false,Ciclovia,25,FeatureCollection,[object Object],,2613701,false,Ciclovia
132901758,Praça do Derby,0,primary,false,Ciclovia,25,FeatureCollection,[object Object],,2613701,false,Ciclovia
315073876,Praça do Derby,0,primary,false,Ciclovia,25,FeatureCollection,[object Object],,2613701,false,Ciclovia
315073879,Avenida Governador Carlos de Lima Cavalcanti,0,primary,false,Ciclovia,25,FeatureCollection,[object Object],,2613701,false,Ciclovia
317090529,Praça do Derby,0,primary,false,Ciclovia,25,FeatureCollection,[object Object],,2613701,false,Ciclovia
318153289,Rua Benfica,0,primary,false,Ciclovia,25,FeatureCollection,[object Object],,2613701,false,Ciclovia
318153290,Praça do Derby,0,primary,false,Ciclovia,25,FeatureCollection,[object Object],,2613701,false,Ciclovia
319318744,Ponte Duarte Coelho,0,secondary,false,Ciclovia,115,FeatureCollection,[object Object],,2613701,false,Ciclovia
318153291,Praça do Derby,0,primary,false,Ciclovia,25,FeatureCollection,[object Object],,2613701,false,Ciclovia
318153293,Praça do Derby,0,primary,false,Ciclovia,25,FeatureCollection,[object Object],,2613701,false,Ciclovia
367517839,Avenida Doutor Severino Pinheiro,0,primary,false,Ciclovia,25,FeatureCollection,[object Object],,2613701,false,Ciclovia
367517840,Avenida Doutor Severino Pinheiro,0,primary,false,Ciclovia,25,FeatureCollection,[object Object],,2613701,false,Ciclovia
435208161,Rua Benfica,0,primary,false,Ciclovia,25,FeatureCollection,[object Object],,2613701,false,Ciclovia
555440014,Rua Benfica,0,primary,false,Ciclovia,25,FeatureCollection,[object Object],,2613701,false,Ciclovia
555440015,Rua Benfica,0,primary,false,Ciclovia,25,FeatureCollection,[object Object],,2613701,false,Ciclovia
577198383,Rua Benfica,0,service,false,Ciclovia,25,FeatureCollection,[object Object],,2613701,false,Ciclovia
577198384,Rua Benfica,0,service,false,Ciclovia,25,FeatureCollection,[object Object],,2613701,false,Ciclovia
625764213,Praça do Derby,0,primary_link,false,Ciclovia,25,FeatureCollection,[object Object],,2613701,false,Ciclovia
628645790,Rua Benfica,0,busway,false,Ciclovia,25,FeatureCollection,[object Object],,2613701,false,Ciclovia
628645792,Rua Benfica,0,primary,false,Ciclovia,25,FeatureCollection,[object Object],,2613701,false,Ciclovia
628645798,,0,primary_link,false,Ciclovia,25,FeatureCollection,[object Object],,2613701,false,Ciclovia
700008053,Praça do Derby,0,primary,false,Ciclovia,25,FeatureCollection,[object Object],,2613701,false,Ciclovia
704220895,Praça do Derby,0,primary,false,Ciclovia,25,FeatureCollection,[object Object],,2613701,false,Ciclovia
705991872,Praça do Derby,0,primary,false,Ciclovia,25,FeatureCollection,[object Object],,2613701,false,Ciclovia
772524560,Avenida Doutor Severino Pinheiro,0,primary,false,Ciclovia,25,FeatureCollection,[object Object],,2613701,false,Ciclovia
783288222,Rua Jener de Souza,0,primary,false,Ciclovia,25,FeatureCollection,[object Object],,2613701,false,Ciclovia
786325349,Praça do Derby,0,primary,false,Ciclovia,25,FeatureCollection,[object Object],,2613701,false,Ciclovia
815458427,Praça do Derby,0,primary,false,Ciclovia,25,FeatureCollection,[object Object],,2613701,false,Ciclovia
44095300,Avenida Guararapes,0,secondary,false,Ciclovia,115,FeatureCollection,[object Object],,2613701,false,Ciclovia
51816213,Ponte Conde Maurício de Nassau,0,secondary,false,Ciclovia,115,FeatureCollection,[object Object],,2613701,false,Ciclovia
128163418,Avenida Dantas Barreto,0,secondary,false,Ciclovia,115,FeatureCollection,[object Object],,2613701,false,Ciclovia
128163519,Rua Primeiro de Março,0,secondary,false,Ciclovia,115,FeatureCollection,[object Object],,2613701,false,Ciclovia
128683838,Avenida Governador Carlos de Lima Cavalcanti,0,secondary,false,Ciclovia,115,FeatureCollection,[object Object],,2613701,false,Ciclovia
128683839,Avenida Governador Carlos de Lima Cavalcanti,0,primary,false,Ciclovia,115,FeatureCollection,[object Object],,2613701,false,Ciclovia
128848163,Avenida Governador Carlos de Lima Cavalcanti,0,primary,false,Ciclovia,115,FeatureCollection,[object Object],,2613701,false,Ciclovia
128848165,Avenida Governador Carlos de Lima Cavalcanti,0,primary,false,Ciclovia,115,FeatureCollection,[object Object],,2613701,false,Ciclovia
129490260,Avenida Guararapes,0,secondary,false,Ciclovia,115,FeatureCollection,[object Object],,2613701,false,Ciclovia
129728887,Avenida Conde da Boa Vista,0,secondary,false,Ciclovia,115,FeatureCollection,[object Object],,2613701,false,Ciclovia
129728889,Avenida Conde da Boa Vista,0,secondary,false,Ciclovia,115,FeatureCollection,[object Object],,2613701,false,Ciclovia
205305932,Avenida Governador Carlos de Lima Cavalcanti,0,primary,false,Ciclovia,115,FeatureCollection,[object Object],,2613701,false,Ciclovia
205305933,Avenida Governador Carlos de Lima Cavalcanti,0,primary,false,Ciclovia,115,FeatureCollection,[object Object],,2613701,false,Ciclovia
205305934,Avenida Governador Carlos de Lima Cavalcanti,0,primary,false,Ciclovia,115,FeatureCollection,[object Object],,2613701,false,Ciclovia
262109984,Avenida Guararapes,0,secondary,false,Ciclovia,115,FeatureCollection,[object Object],,2613701,false,Ciclovia
315073887,Avenida Governador Carlos de Lima Cavalcanti,0,secondary,false,Ciclovia,115,FeatureCollection,[object Object],,2613701,false,Ciclovia
315073889,Avenida Governador Carlos de Lima Cavalcanti,0,secondary,false,Ciclovia,115,FeatureCollection,[object Object],,2613701,false,Ciclovia
315073896,Avenida Governador Carlos de Lima Cavalcanti,0,secondary,false,Ciclovia,115,FeatureCollection,[object Object],,2613701,false,Ciclovia
316152189,Avenida Conde da Boa Vista,0,secondary,false,Ciclovia,115,FeatureCollection,[object Object],,2613701,false,Ciclovia
316152190,Avenida Conde da Boa Vista,0,secondary,false,Ciclovia,115,FeatureCollection,[object Object],,2613701,false,Ciclovia
316156840,Avenida Conde da Boa Vista,0,secondary,false,Ciclovia,115,FeatureCollection,[object Object],,2613701,false,Ciclovia
316156847,Avenida Conde da Boa Vista,0,secondary,false,Ciclovia,115,FeatureCollection,[object Object],,2613701,false,Ciclovia
316156851,Avenida Conde da Boa Vista,0,secondary,false,Ciclovia,115,FeatureCollection,[object Object],,2613701,false,Ciclovia
316156852,Avenida Conde da Boa Vista,0,secondary,false,Ciclovia,115,FeatureCollection,[object Object],,2613701,false,Ciclovia
319318738,Avenida Guararapes,0,secondary,false,Ciclovia,115,FeatureCollection,[object Object],,2613701,false,Ciclovia
319318741,Ponte Conde Maurício de Nassau,0,secondary,false,Ciclovia,115,FeatureCollection,[object Object],,2613701,false,Ciclovia
319318743,Ponte Duarte Coelho,0,secondary,false,Ciclovia,115,FeatureCollection,[object Object],,2613701,false,Ciclovia
319318745,Ponte Duarte Coelho,0,secondary,false,Ciclovia,115,FeatureCollection,[object Object],,2613701,false,Ciclovia
436084862,Avenida Conde da Boa Vista,0,secondary,false,Ciclovia,115,FeatureCollection,[object Object],,2613701,false,Ciclovia
443276363,Rua Primeiro de Março,0,secondary,false,Ciclovia,115,FeatureCollection,[object Object],,2613701,false,Ciclovia
443276367,Avenida Guararapes,0,secondary,false,Ciclovia,115,FeatureCollection,[object Object],,2613701,false,Ciclovia
591693088,Avenida Guararapes,0,secondary,false,Ciclovia,115,FeatureCollection,[object Object],,2613701,false,Ciclovia
663038222,Ponte Duarte Coelho,0,secondary,false,Ciclovia,115,FeatureCollection,[object Object],,2613701,false,Ciclovia
663552383,Avenida Conde da Boa Vista,0,secondary,false,Ciclovia,115,FeatureCollection,[object Object],,2613701,false,Ciclovia
680964773,Avenida Conde da Boa Vista,0,secondary,false,Ciclovia,115,FeatureCollection,[object Object],,2613701,false,Ciclovia
681770276,Avenida Conde da Boa Vista,0,secondary,false,Ciclovia,115,FeatureCollection,[object Object],,2613701,false,Ciclovia
700008062,Avenida Conde da Boa Vista,0,secondary,false,Ciclovia,115,FeatureCollection,[object Object],,2613701,false,Ciclovia
700008068,Avenida Conde da Boa Vista,0,secondary,false,Ciclovia,115,FeatureCollection,[object Object],,2613701,false,Ciclovia
700008076,Avenida Conde da Boa Vista,0,secondary,false,Ciclovia,115,FeatureCollection,[object Object],,2613701,false,Ciclovia
725442239,Avenida Conde da Boa Vista,0,secondary,false,Ciclovia,115,FeatureCollection,[object Object],,2613701,false,Ciclovia
725442240,Avenida Conde da Boa Vista,0,secondary,false,Ciclovia,115,FeatureCollection,[object Object],,2613701,false,Ciclovia
725442248,Avenida Conde da Boa Vista,0,secondary,false,Ciclovia,115,FeatureCollection,[object Object],,2613701,false,Ciclovia
725442250,Avenida Conde da Boa Vista,0,secondary,false,Ciclovia,115,FeatureCollection,[object Object],,2613701,false,Ciclovia
762502940,Avenida Guararapes,0,secondary,false,Ciclovia,115,FeatureCollection,[object Object],,2613701,false,Ciclovia
770310520,Ponte Conde Maurício de Nassau,0,secondary,false,Ciclovia,115,FeatureCollection,[object Object],,2613701,false,Ciclovia
775237051,Avenida Conde da Boa Vista,0,secondary,false,Ciclovia,115,FeatureCollection,[object Object],,2613701,false,Ciclovia
775237052,Avenida Conde da Boa Vista,0,secondary,false,Ciclovia,115,FeatureCollection,[object Object],,2613701,false,Ciclovia
775237056,Avenida Guararapes,0,secondary,false,Ciclovia,115,FeatureCollection,[object Object],,2613701,false,Ciclovia
775237059,Avenida Guararapes,0,secondary,false,Ciclovia,115,FeatureCollection,[object Object],,2613701,false,Ciclovia
783288224,Avenida Governador Carlos de Lima Cavalcanti,0,secondary,false,Ciclovia,115,FeatureCollection,[object Object],,2613701,false,Ciclovia
806563005,Avenida Conde da Boa Vista,0,secondary,false,Ciclovia,115,FeatureCollection,[object Object],,2613701,false,Ciclovia
967621276,Avenida Guararapes,0,secondary,false,Ciclovia,115,FeatureCollection,[object Object],,2613701,false,Ciclovia
54239688,Rua São Gonçalo,0,tertiary,false,Ciclovia,139,FeatureCollection,[object Object],,2613701,false,Ciclovia
128161933,Rua Gervásio Pires,0,tertiary,false,Ciclovia,139,FeatureCollection,[object Object],,2613701,false,Ciclovia
129735588,Rua da Santa Cruz,0,tertiary,false,Ciclovia,139,FeatureCollection,[object Object],,2613701,false,Ciclovia
132055217,Rua Coelho Leite,0,residential,false,Ciclovia,139,FeatureCollection,[object Object],,2613701,false,Ciclovia
132055218,Rua Coelho Leite,0,residential,false,Ciclovia,139,FeatureCollection,[object Object],,2613701,false,Ciclovia
132055219,Rua Coelho Leite,0,residential,false,Ciclovia,139,FeatureCollection,[object Object],,2613701,false,Ciclovia
316152191,Rua Gervásio Pires,0,tertiary,false,Ciclovia,139,FeatureCollection,[object Object],,2613701,false,Ciclovia
316218104,Rua Gervásio Pires,0,tertiary,false,Ciclovia,139,FeatureCollection,[object Object],,2613701,false,Ciclovia
316707915,Rua Gervásio Pires,0,tertiary,false,Ciclovia,139,FeatureCollection,[object Object],,2613701,false,Ciclovia
316707923,Rua São Gonçalo,0,tertiary,false,Ciclovia,139,FeatureCollection,[object Object],,2613701,false,Ciclovia
435133674,Rua Coelho Leite,0,residential,false,Ciclovia,139,FeatureCollection,[object Object],,2613701,false,Ciclovia
662231205,Rua Gervásio Pires,0,tertiary,false,Ciclovia,139,FeatureCollection,[object Object],,2613701,false,Ciclovia
704217504,Rua da Santa Cruz,0,tertiary,false,Ciclovia,139,FeatureCollection,[object Object],,2613701,false,Ciclovia
704217505,Rua São Gonçalo,0,tertiary,false,Ciclovia,139,FeatureCollection,[object Object],,2613701,false,Ciclovia
704218454,Rua São Gonçalo,0,tertiary,false,Ciclovia,139,FeatureCollection,[object Object],,2613701,false,Ciclovia
725442247,Rua Gervásio Pires,0,tertiary,false,Ciclovia,139,FeatureCollection,[object Object],,2613701,false,Ciclovia
764026175,Rua Coelho Leite,0,residential,false,Ciclovia,139,FeatureCollection,[object Object],,2613701,false,Ciclovia
921874284,Rua da Santa Cruz,0,tertiary,false,Ciclovia,139,FeatureCollection,[object Object],,2613701,false,Ciclovia
968239741,Rua Gervásio Pires,0,tertiary,false,Ciclovia,139,FeatureCollection,[object Object],,2613701,false,Ciclovia
128147792,Rua da Aurora,0,secondary,false,Ciclovia,169,FeatureCollection,[object Object],,2613701,false,Ciclovia
128931109,Rua Doutor José Mariano,0,tertiary,false,Ciclovia,169,FeatureCollection,[object Object],,2613701,false,Ciclovia
262267980,Rua da Aurora,0,secondary,false,Ciclovia,169,FeatureCollection,[object Object],,2613701,false,Ciclovia
262267981,Rua da Aurora,0,secondary,false,Ciclovia,169,FeatureCollection,[object Object],,2613701,false,Ciclovia
314624920,Rua Artur Lima Cavalcante,0,secondary,false,Ciclovia,169,FeatureCollection,[object Object],,2613701,false,Ciclovia
314624930,Rua da Aurora,0,secondary,false,Ciclovia,169,FeatureCollection,[object Object],,2613701,false,Ciclovia
316156841,Rua Doutor José Mariano,0,secondary,false,Ciclovia,169,FeatureCollection,[object Object],,2613701,false,Ciclovia
318227908,Rua da Aurora,0,secondary,false,Ciclovia,169,FeatureCollection,[object Object],,2613701,false,Ciclovia
367517838,Rua Doutor José Mariano,0,secondary,false,Ciclovia,169,FeatureCollection,[object Object],,2613701,false,Ciclovia
762658740,Rua da Aurora,0,secondary,false,Ciclovia,169,FeatureCollection,[object Object],,2613701,false,Ciclovia
762660985,Rua da Aurora,0,secondary,false,Ciclovia,169,FeatureCollection,[object Object],,2613701,false,Ciclovia
967939989,Rua Doutor José Mariano,0,tertiary,false,Ciclovia,169,FeatureCollection,[object Object],,2613701,false,Ciclovia
1010830122,Rua da Aurora,0,secondary,false,Ciclovia,169,FeatureCollection,[object Object],,2613701,false,Ciclovia
1175632578,Rua da Aurora,0,secondary,false,Ciclovia,169,FeatureCollection,[object Object],,2613701,false,Ciclovia
1175632580,Rua da Aurora,0,cycleway,true,Ciclovia,169,FeatureCollection,[object Object],,2613701,false,Ciclovia
51829352,Cais da Alfândega,0,secondary,false,Ciclovia,48,FeatureCollection,[object Object],,2613701,false,Ciclovia
51878743,Avenida Sul,0,secondary,false,Ciclovia,48,FeatureCollection,[object Object],,2613701,false,Ciclovia
51878752,Ponte Doze de Setembro,0,construction,false,Ciclovia,48,FeatureCollection,[object Object],,2613701,false,Ciclovia
51878753,Ponte Doze de Setembro,0,construction,false,Ciclovia,48,FeatureCollection,[object Object],,2613701,false,Ciclovia
87786800,Avenida Sul,0,secondary,false,Ciclovia,48,FeatureCollection,[object Object],,2613701,false,Ciclovia
128222036,Rua Engenheiro José Estelita,0,secondary,false,Ciclovia,48,FeatureCollection,[object Object],,2613701,false,Ciclovia
128222341,Rua Engenheiro José Estelita,0,secondary,false,Ciclovia,48,FeatureCollection,[object Object],,2613701,false,Ciclovia
128380402,Avenida Sul,0,secondary,false,Ciclovia,48,FeatureCollection,[object Object],,2613701,false,Ciclovia
128451835,Avenida Saturnino de Brito,0,tertiary,false,Ciclovia,48,FeatureCollection,[object Object],,2613701,false,Ciclovia
128451841,,0,trunk_link,false,Ciclovia,48,FeatureCollection,[object Object],,2613701,false,Ciclovia
132051731,Cais do Apolo,0,secondary,false,Ciclovia,48,FeatureCollection,[object Object],,2613701,false,Ciclovia
132052142,Cais da Alfândega,0,secondary,false,Ciclovia,48,FeatureCollection,[object Object],,2613701,false,Ciclovia
242959960,,0,trunk_link,false,Ciclovia,48,FeatureCollection,[object Object],,2613701,false,Ciclovia
366870942,Avenida Sul,0,secondary,false,Ciclovia,48,FeatureCollection,[object Object],,2613701,false,Ciclovia
456872997,Rua Engenheiro José Estelita,0,secondary,false,Ciclovia,48,FeatureCollection,[object Object],,2613701,false,Ciclovia
678493302,Rua Engenheiro José Estelita,0,secondary,false,Ciclovia,48,FeatureCollection,[object Object],,2613701,false,Ciclovia
703556856,Avenida Sul,0,secondary,false,Ciclovia,48,FeatureCollection,[object Object],,2613701,false,Ciclovia
704221525,Avenida Sul,0,secondary,false,Ciclovia,48,FeatureCollection,[object Object],,2613701,false,Ciclovia
704221527,Rua Madre de Deus,0,secondary,false,Ciclovia,48,FeatureCollection,[object Object],,2613701,false,Ciclovia
732593573,Cais da Alfândega,0,secondary,false,Ciclovia,48,FeatureCollection,[object Object],,2613701,false,Ciclovia
967112735,Avenida Sul,0,secondary,false,Ciclovia,48,FeatureCollection,[object Object],,2613701,false,Ciclovia
777147670,Rua Engenheiro José Estelita,0,secondary,false,Ciclovia,48,FeatureCollection,[object Object],,2613701,false,Ciclovia
777147672,Rua Engenheiro José Estelita,0,secondary,false,Ciclovia,48,FeatureCollection,[object Object],,2613701,false,Ciclovia
791084239,Avenida Sul,0,secondary,false,Ciclovia,48,FeatureCollection,[object Object],,2613701,false,Ciclovia
791084241,Avenida Sul,0,secondary,false,Ciclovia,48,FeatureCollection,[object Object],,2613701,false,Ciclovia
967106435,Avenida Sul,0,secondary,false,Ciclovia,48,FeatureCollection,[object Object],,2613701,false,Ciclovia
967106436,Avenida Sul,0,secondary,false,Ciclovia,48,FeatureCollection,[object Object],,2613701,false,Ciclovia
967112734,Avenida Sul,0,secondary,false,Ciclovia,48,FeatureCollection,[object Object],,2613701,false,Ciclovia
967359602,Rua Engenheiro José Estelita,0,secondary,false,Ciclovia,48,FeatureCollection,[object Object],,2613701,false,Ciclovia
967359603,Rua Engenheiro José Estelita,0,secondary,false,Ciclovia,48,FeatureCollection,[object Object],,2613701,false,Ciclovia
967359604,Rua Engenheiro José Estelita,0,secondary,false,Ciclovia,48,FeatureCollection,[object Object],,2613701,false,Ciclovia
967961922,Cais do Apolo,0,secondary,false,Ciclovia,48,FeatureCollection,[object Object],,2613701,false,Ciclovia
967961923,Cais da Alfândega,0,secondary,false,Ciclovia,48,FeatureCollection,[object Object],,2613701,false,Ciclovia
1296750301,Avenida Sul,0,secondary,false,Ciclovia,48,FeatureCollection,[object Object],,2613701,false,Ciclovia
968315531,Avenida Beira Rio,0,secondary,false,Ciclovia,71,FeatureCollection,[object Object],,2613701,false,Ciclovia
1411652420,Rua Engenheiro José Estelita,0,secondary,false,Ciclovia,48,FeatureCollection,[object Object],,2613701,false,Ciclovia
1412255776,Avenida Sul,0,secondary,false,Ciclovia,48,FeatureCollection,[object Object],,2613701,false,Ciclovia
1412255777,Avenida Sul,0,secondary,false,Ciclovia,48,FeatureCollection,[object Object],,2613701,false,Ciclovia
1412255786,Avenida Sul,0,secondary,false,Ciclovia,48,FeatureCollection,[object Object],,2613701,false,Ciclovia
128844077,Ponte Gregório Bezerra,0,secondary,false,Ciclovia,71,FeatureCollection,[object Object],,2613701,false,Ciclovia
128844078,Avenida Beira Rio,0,secondary,false,Ciclovia,71,FeatureCollection,[object Object],,2613701,false,Ciclovia
128844079,Avenida Desembargador Guerra Barreto,0,tertiary,false,Ciclovia,71,FeatureCollection,[object Object],,2613701,false,Ciclovia
128844080,Avenida Desembargador Guerra Barreto,0,tertiary,false,Ciclovia,71,FeatureCollection,[object Object],,2613701,false,Ciclovia
128845698,Avenida Beira Rio,0,secondary,false,Ciclovia,71,FeatureCollection,[object Object],,2613701,false,Ciclovia
128848162,Rua Benfica,0,primary,false,Ciclovia,71,FeatureCollection,[object Object],,2613701,false,Ciclovia
128848164,,0,primary_link,false,Ciclovia,71,FeatureCollection,[object Object],,2613701,false,Ciclovia
247443467,Túnel Chico Science,0,primary,false,Ciclovia,71,FeatureCollection,[object Object],,2613701,false,Ciclovia
247443468,Rua Benfica,0,primary,false,Ciclovia,71,FeatureCollection,[object Object],,2613701,false,Ciclovia
553605189,Rua Benfica,0,primary,false,Ciclovia,71,FeatureCollection,[object Object],,2613701,false,Ciclovia
616949867,Avenida Desembargador Guerra Barreto,0,secondary,false,Ciclovia,71,FeatureCollection,[object Object],,2613701,false,Ciclovia
700013815,Avenida Desembargador Guerra Barreto,0,secondary,false,Ciclovia,71,FeatureCollection,[object Object],,2613701,false,Ciclovia
706175631,Avenida Desembargador Guerra Barreto,0,tertiary,false,Ciclovia,71,FeatureCollection,[object Object],,2613701,false,Ciclovia
706175632,Avenida Desembargador Guerra Barreto,0,secondary,false,Ciclovia,71,FeatureCollection,[object Object],,2613701,false,Ciclovia
750454501,Túnel Chico Science,0,primary,false,Ciclovia,71,FeatureCollection,[object Object],,2613701,false,Ciclovia
863027573,Avenida Desembargador Guerra Barreto,0,tertiary,false,Ciclovia,71,FeatureCollection,[object Object],,2613701,false,Ciclovia
864814848,Avenida Beira Rio,0,secondary,false,Ciclovia,71,FeatureCollection,[object Object],,2613701,false,Ciclovia
1179879262,Avenida Beira Rio,0,secondary,false,Ciclovia,71,FeatureCollection,[object Object],,2613701,false,Ciclovia
1283298543,Ciclovia de Joana Bezerra,0,cycleway,true,Ciclovia,71,FeatureCollection,[object Object],,2613701,false,Ciclovia
1283298544,Avenida Desembargador Guerra Barreto,0,tertiary,false,Ciclovia,71,FeatureCollection,[object Object],,2613701,false,Ciclovia
128844396,Avenida Agostinho Gomes,0,tertiary,false,Ciclovia,133,FeatureCollection,[object Object],,2613701,false,Ciclovia
128844403,Avenida Rio Capibaribe,0,residential,false,Ciclovia,133,FeatureCollection,[object Object],,2613701,false,Ciclovia
128928567,Avenida Agostinho Gomes,0,residential,false,Ciclovia,133,FeatureCollection,[object Object],,2613701,false,Ciclovia
129176938,Avenida Central,0,residential,false,Ciclovia,133,FeatureCollection,[object Object],,2613701,false,Ciclovia
158711914,Avenida Agostinho Gomes,0,residential,false,Ciclovia,133,FeatureCollection,[object Object],,2613701,false,Ciclovia
162341138,Avenida Central,0,residential,false,Ciclovia,133,FeatureCollection,[object Object],,2613701,false,Ciclovia
316233117,Cais da Detenção,0,residential,false,Ciclovia,133,FeatureCollection,[object Object],,2613701,false,Ciclovia
316233120,Viaduto Joaquim Cardoso,0,tertiary,false,Ciclovia,133,FeatureCollection,[object Object],,2613701,false,Ciclovia
369613413,Avenida Agostinho Gomes,0,residential,false,Ciclovia,133,FeatureCollection,[object Object],,2613701,false,Ciclovia
369613414,Avenida Agostinho Gomes,0,tertiary,false,Ciclovia,133,FeatureCollection,[object Object],,2613701,false,Ciclovia
430125567,Avenida Central,0,residential,false,Ciclovia,133,FeatureCollection,[object Object],,2613701,false,Ciclovia
550526690,Avenida Central,0,service,false,Ciclovia,133,FeatureCollection,[object Object],,2613701,false,Ciclovia
616949864,Avenida Central,0,steps,false,Ciclovia,133,FeatureCollection,[object Object],,2613701,false,Ciclovia
704218858,Rua Floriano Peixoto,0,secondary,false,Ciclovia,133,FeatureCollection,[object Object],,2613701,false,Ciclovia
778313113,Avenida Agostinho Gomes,0,tertiary,false,Ciclovia,133,FeatureCollection,[object Object],,2613701,false,Ciclovia
778574537,Avenida Agostinho Gomes,0,residential,false,Ciclovia,133,FeatureCollection,[object Object],,2613701,false,Ciclovia
778574538,Avenida Agostinho Gomes,0,residential,false,Ciclovia,133,FeatureCollection,[object Object],,2613701,false,Ciclovia
778574539,Avenida Central,0,service,false,Ciclovia,133,FeatureCollection,[object Object],,2613701,false,Ciclovia
778574540,Avenida Central,0,service,false,Ciclovia,133,FeatureCollection,[object Object],,2613701,false,Ciclovia
778574541,Avenida Agostinho Gomes,0,residential,false,Ciclovia,133,FeatureCollection,[object Object],,2613701,false,Ciclovia
778596878,Avenida Agostinho Gomes,0,tertiary,false,Ciclovia,133,FeatureCollection,[object Object],,2613701,false,Ciclovia
863027574,Avenida Agostinho Gomes,0,tertiary,false,Ciclovia,133,FeatureCollection,[object Object],,2613701,false,Ciclovia
992337179,Avenida Central,0,footway,false,Ciclovia,133,FeatureCollection,[object Object],,2613701,false,Ciclovia
1009393795,Avenida Central,0,proposed,false,Ciclovia,133,FeatureCollection,[object Object],,2613701,false,Ciclovia
29416306,Avenida Engenheiro Antônio de Góes,0,primary,false,Ciclovia,83,FeatureCollection,[object Object],,2613701,false,Ciclovia
29422717,Avenida Engenheiro Antônio de Góes,0,primary,false,Ciclovia,83,FeatureCollection,[object Object],,2613701,false,Ciclovia
29422720,Ponte Engenheiro Antônio de Góes,0,primary,false,Ciclovia,83,FeatureCollection,[object Object],,2613701,false,Ciclovia
129483732,Avenida Engenheiro Antônio de Góes,0,primary,false,Ciclovia,83,FeatureCollection,[object Object],,2613701,false,Ciclovia
129483733,Avenida Boa Viagem,0,primary,false,Ciclovia,83,FeatureCollection,[object Object],,2613701,false,Ciclovia
129483751,Ponte Engenheiro Antônio de Góes,0,primary,false,Ciclovia,83,FeatureCollection,[object Object],,2613701,false,Ciclovia
129483763,Ponte Engenheiro Antônio de Góes,0,primary,false,Ciclovia,83,FeatureCollection,[object Object],,2613701,false,Ciclovia
194287395,Avenida Engenheiro Antônio de Góes,0,primary,false,Ciclovia,83,FeatureCollection,[object Object],,2613701,false,Ciclovia
245865659,,0,primary_link,false,Ciclovia,83,FeatureCollection,[object Object],,2613701,false,Ciclovia
366873789,Rua Engenheiro José Estelita,0,secondary,false,Ciclovia,83,FeatureCollection,[object Object],,2613701,false,Ciclovia
561534996,Avenida Boa Viagem,0,primary,false,Ciclovia,83,FeatureCollection,[object Object],,2613701,false,Ciclovia
647081755,Avenida Engenheiro Antônio de Góes,0,primary,false,Ciclovia,83,FeatureCollection,[object Object],,2613701,false,Ciclovia
771483073,Avenida Engenheiro Antônio de Góes,0,primary,false,Ciclovia,83,FeatureCollection,[object Object],,2613701,false,Ciclovia
776551450,Ponte Engenheiro Antônio de Góes,0,primary,false,Ciclovia,83,FeatureCollection,[object Object],,2613701,false,Ciclovia
967373049,Avenida Engenheiro Antônio de Góes,0,primary,false,Ciclovia,83,FeatureCollection,[object Object],,2613701,false,Ciclovia
129483731,Avenida Boa Viagem,0,primary,false,Ciclovia,89,FeatureCollection,[object Object],,2613701,false,Ciclovia
161795934,Avenida Brasília Formosa,0,residential,false,Ciclovia,89,FeatureCollection,[object Object],,2613701,false,Ciclovia
143666732,Rua Carvalho de Mendonça,0,residential,false,Ciclovia,216,FeatureCollection,[object Object],,2613701,false,Ciclovia
778025646,Avenida Brasília Formosa,0,residential,false,Ciclovia,89,FeatureCollection,[object Object],,2613701,false,Ciclovia
778025647,,0,residential,false,Ciclovia,89,FeatureCollection,[object Object],,2613701,false,Ciclovia
778025648,Avenida Brasília Formosa,0,residential,false,Ciclovia,89,FeatureCollection,[object Object],,2613701,false,Ciclovia
930355053,Avenida Brasília Formosa,0,residential,false,Ciclovia,89,FeatureCollection,[object Object],,2613701,false,Ciclovia
966778593,Dique do Recife,0,residential,false,Ciclovia,89,FeatureCollection,[object Object],,2613701,false,Ciclovia
966778595,Dique do Recife,0,residential,false,Ciclovia,89,FeatureCollection,[object Object],,2613701,false,Ciclovia
1184005006,Rua Nicolau Pereira,0,primary,false,Ciclovia,134,FeatureCollection,[object Object],,2613701,false,Ciclovia
1017202975,Avenida Brasília Formosa,0,residential,false,Ciclovia,89,FeatureCollection,[object Object],,2613701,false,Ciclovia
1183975882,Dique do Recife,0,residential,false,Ciclovia,89,FeatureCollection,[object Object],,2613701,false,Ciclovia
161795937,Rua do Jaú,0,residential,false,Ciclovia,141,FeatureCollection,[object Object],,2613701,false,Ciclovia
161795946,Rua Comendador Morais,0,residential,false,Ciclovia,141,FeatureCollection,[object Object],,2613701,false,Ciclovia
763179814,Rua Marechal Hermes,0,residential,false,Ciclovia,141,FeatureCollection,[object Object],,2613701,false,Ciclovia
930355052,Avenida Brasília Formosa,0,residential,false,Ciclovia,141,FeatureCollection,[object Object],,2613701,false,Ciclovia
130921680,Rua Vinte e Um de Abril,0,primary,false,Ciclovia,132,FeatureCollection,[object Object],,2613701,false,Ciclovia
1184099726,Rua Vinte e Um de Abril,0,primary,false,Ciclovia,132,FeatureCollection,[object Object],,2613701,false,Ciclovia
137186438,Avenida Central,0,footway,false,Ciclovia,134,FeatureCollection,[object Object],,2613701,false,Ciclovia
151116302,Avenida Central,0,proposed,false,Ciclovia,134,FeatureCollection,[object Object],,2613701,false,Ciclovia
619544507,,0,service,false,Ciclovia,134,FeatureCollection,[object Object],,2613701,false,Ciclovia
771504833,,0,service,false,Ciclovia,134,FeatureCollection,[object Object],,2613701,false,Ciclovia
705857266,Rua Francisco Alves,0,tertiary,false,Ciclovia,78,FeatureCollection,[object Object],,2613701,false,Ciclovia
1184112081,Rua Bezerra da Palma,0,residential,false,Ciclovia,211,FeatureCollection,[object Object],,2613701,false,Ciclovia
1234964961,Ciclovia Agamenon Magalhães,0,footway,false,Ciclovia,120,FeatureCollection,[object Object],,2613701,false,Ciclovia
1445810841,Ciclovia Agamenon Magalhães,0,footway,false,Ciclovia,120,FeatureCollection,[object Object],,2613701,false,Ciclovia
1445810842,Ciclovia Agamenon Magalhães,0,footway,false,Ciclovia,120,FeatureCollection,[object Object],,2613701,false,Ciclovia
316740673,Estrada do Bongi,0,secondary,false,Ciclovia,69,FeatureCollection,[object Object],,2613701,false,Ciclovia
316740674,Estrada do Bongi,0,secondary,false,Ciclovia,69,FeatureCollection,[object Object],,2613701,false,Ciclovia
316740677,Estrada do Bongi,0,secondary,false,Ciclovia,69,FeatureCollection,[object Object],,2613701,false,Ciclovia
650426492,Estrada do Bongi,0,secondary,false,Ciclovia,69,FeatureCollection,[object Object],,2613701,false,Ciclovia
800702292,Estrada do Bongi,0,secondary,false,Ciclovia,69,FeatureCollection,[object Object],,2613701,false,Ciclovia
966826001,Estrada do Bongi,0,secondary,false,Ciclovia,69,FeatureCollection,[object Object],,2613701,false,Ciclovia
128846480,Rua Dom Bosco,0,secondary,false,Ciclovia,151,FeatureCollection,[object Object],,2613701,false,Ciclovia
215518885,Rua Dom Bosco,0,secondary,false,Ciclovia,151,FeatureCollection,[object Object],,2613701,false,Ciclovia
373060937,Rua Dom Bosco,0,secondary,false,Ciclovia,151,FeatureCollection,[object Object],,2613701,false,Ciclovia
700013822,Rua Dom Bosco,0,secondary,false,Ciclovia,151,FeatureCollection,[object Object],,2613701,false,Ciclovia
700013823,Rua Dom Bosco,0,secondary,false,Ciclovia,151,FeatureCollection,[object Object],,2613701,false,Ciclovia
783288225,Rua Dom Bosco,0,secondary,false,Ciclovia,151,FeatureCollection,[object Object],,2613701,false,Ciclovia
968234357,Rua Dom Bosco,0,secondary,false,Ciclovia,151,FeatureCollection,[object Object],,2613701,false,Ciclovia
968234358,Rua Dom Bosco,0,secondary,false,Ciclovia,151,FeatureCollection,[object Object],,2613701,false,Ciclovia
968242417,Rua Dom Bosco,0,secondary,false,Ciclovia,151,FeatureCollection,[object Object],,2613701,false,Ciclovia
968242418,Rua Dom Bosco,0,secondary,false,Ciclovia,151,FeatureCollection,[object Object],,2613701,false,Ciclovia
54239690,Rua Doutor José Mariano,0,tertiary,false,Ciclovia,78,FeatureCollection,[object Object],,2613701,false,Ciclovia
85529952,Avenida Governador Agamenon Magalhães,0,secondary,false,Ciclovia,78,FeatureCollection,[object Object],,2613701,false,Ciclovia
128934278,Rua dos Coelhos,0,tertiary,false,Ciclovia,78,FeatureCollection,[object Object],,2613701,false,Ciclovia
128937053,,0,trunk_link,false,Ciclovia,78,FeatureCollection,[object Object],,2613701,false,Ciclovia
315073909,Rua Francisco Alves,0,tertiary,false,Ciclovia,78,FeatureCollection,[object Object],,2613701,false,Ciclovia
315073917,Rua Francisco Alves,0,tertiary,false,Ciclovia,78,FeatureCollection,[object Object],,2613701,false,Ciclovia
316233119,Rua dos Coelhos,0,tertiary,false,Ciclovia,78,FeatureCollection,[object Object],,2613701,false,Ciclovia
316307685,Rua Francisco Alves,0,tertiary,false,Ciclovia,78,FeatureCollection,[object Object],,2613701,false,Ciclovia
367517835,Avenida Governador Agamenon Magalhães,0,secondary,false,Ciclovia,78,FeatureCollection,[object Object],,2613701,false,Ciclovia
368068247,,0,trunk_link,false,Ciclovia,78,FeatureCollection,[object Object],,2613701,false,Ciclovia
650872931,Acesso Boa Viagem,0,secondary,false,Ciclovia,78,FeatureCollection,[object Object],,2613701,false,Ciclovia
704217506,Rua dos Coelhos,0,tertiary,false,Ciclovia,78,FeatureCollection,[object Object],,2613701,false,Ciclovia
704218455,Rua Francisco Alves,0,secondary,false,Ciclovia,78,FeatureCollection,[object Object],,2613701,false,Ciclovia
705857268,Rua Francisco Alves,0,tertiary,false,Ciclovia,78,FeatureCollection,[object Object],,2613701,false,Ciclovia
705857269,Rua Francisco Alves,0,tertiary,false,Ciclovia,78,FeatureCollection,[object Object],,2613701,false,Ciclovia
705857270,Rua Francisco Alves,0,tertiary,false,Ciclovia,78,FeatureCollection,[object Object],,2613701,false,Ciclovia
880792782,,0,trunk_link,false,Ciclovia,78,FeatureCollection,[object Object],,2613701,false,Ciclovia
967934175,Rua Francisco Alves,0,tertiary,false,Ciclovia,78,FeatureCollection,[object Object],,2613701,false,Ciclovia
967934177,Rua dos Coelhos,0,tertiary,false,Ciclovia,78,FeatureCollection,[object Object],,2613701,false,Ciclovia
967934178,Rua dos Coelhos,0,tertiary,false,Ciclovia,78,FeatureCollection,[object Object],,2613701,false,Ciclovia
967938107,Rua Doutor José Mariano,0,tertiary,false,Ciclovia,78,FeatureCollection,[object Object],,2613701,false,Ciclovia
968505664,Rua Francisco Alves,0,tertiary,false,Ciclovia,78,FeatureCollection,[object Object],,2613701,false,Ciclovia
968549200,,0,trunk_link,false,Ciclovia,78,FeatureCollection,[object Object],,2613701,false,Ciclovia
367630233,Rua General Joaquim Ignácio,0,secondary,false,Ciclovia,152,FeatureCollection,[object Object],,2613701,false,Ciclovia
557639255,Rua General Joaquim Ignácio,0,secondary,false,Ciclovia,152,FeatureCollection,[object Object],,2613701,false,Ciclovia
968553407,Rua General Joaquim Ignácio,0,secondary,false,Ciclovia,152,FeatureCollection,[object Object],,2613701,false,Ciclovia
128221945,Travessa do Forte,0,tertiary,false,Ciclovia,205,FeatureCollection,[object Object],,2613701,false,Ciclovia
128446553,Rua São João,0,tertiary,false,Ciclovia,205,FeatureCollection,[object Object],,2613701,false,Ciclovia
128929017,Rua São João,0,residential,false,Ciclovia,205,FeatureCollection,[object Object],,2613701,false,Ciclovia
604013875,Rua São João,0,tertiary,false,Ciclovia,205,FeatureCollection,[object Object],,2613701,false,Ciclovia
604681165,Rua São João,0,tertiary,false,Ciclovia,205,FeatureCollection,[object Object],,2613701,false,Ciclovia
650419953,Travessa do Forte,0,tertiary,false,Ciclovia,205,FeatureCollection,[object Object],,2613701,false,Ciclovia
704221522,Rua São João,0,tertiary,false,Ciclovia,205,FeatureCollection,[object Object],,2613701,false,Ciclovia
791161085,Rua São João,0,tertiary,false,Ciclovia,205,FeatureCollection,[object Object],,2613701,false,Ciclovia
967112722,Travessa do Forte,0,tertiary,false,Ciclovia,205,FeatureCollection,[object Object],,2613701,false,Ciclovia
967112723,Travessa do Forte,0,tertiary,false,Ciclovia,205,FeatureCollection,[object Object],,2613701,false,Ciclovia
967359606,Travessa do Forte,0,tertiary,false,Ciclovia,205,FeatureCollection,[object Object],,2613701,false,Ciclovia
1183975883,Rua São João,0,residential,false,Ciclovia,205,FeatureCollection,[object Object],,2613701,false,Ciclovia
1325466415,Rua São João,0,tertiary,false,Ciclovia,205,FeatureCollection,[object Object],,2613701,false,Ciclovia
51816227,Ponte Princesa Isabel,0,secondary,false,Ciclovia,138,FeatureCollection,[object Object],,2613701,false,Ciclovia
51878758,Praça da República,0,service,false,Ciclovia,138,FeatureCollection,[object Object],,2613701,false,Ciclovia
87788710,Praça da República,0,service,false,Ciclovia,138,FeatureCollection,[object Object],,2613701,false,Ciclovia
132177903,Ponte Buarque de Macedo,0,secondary,false,Ciclovia,138,FeatureCollection,[object Object],,2613701,false,Ciclovia
319318739,Ponte Buarque de Macedo,0,secondary,false,Ciclovia,138,FeatureCollection,[object Object],,2613701,false,Ciclovia
319318746,Ponte Princesa Isabel,0,secondary,false,Ciclovia,138,FeatureCollection,[object Object],,2613701,false,Ciclovia
319318747,Ponte Princesa Isabel,0,secondary,false,Ciclovia,138,FeatureCollection,[object Object],,2613701,false,Ciclovia
624847912,Ponte Buarque de Macedo,0,secondary,false,Ciclovia,138,FeatureCollection,[object Object],,2613701,false,Ciclovia
637589775,Praça da República,0,secondary,false,Ciclovia,138,FeatureCollection,[object Object],,2613701,false,Ciclovia
637589776,Praça da República,0,secondary,false,Ciclovia,138,FeatureCollection,[object Object],,2613701,false,Ciclovia
967943886,Ponte Princesa Isabel,0,secondary,false,Ciclovia,138,FeatureCollection,[object Object],,2613701,false,Ciclovia
1010830125,Praça da República,0,secondary,false,Ciclovia,138,FeatureCollection,[object Object],,2613701,false,Ciclovia
1137082094,Ponte Buarque de Macedo,0,secondary,false,Ciclovia,138,FeatureCollection,[object Object],,2613701,false,Ciclovia
51878759,Rua do Sol,0,secondary,false,Ciclovia,140,FeatureCollection,[object Object],,2613701,false,Ciclovia
54239691,Rua do Sol,0,secondary,false,Ciclovia,140,FeatureCollection,[object Object],,2613701,false,Ciclovia
151327490,Rua do Sol,0,secondary,false,Ciclovia,140,FeatureCollection,[object Object],,2613701,false,Ciclovia
151327491,Rua do Sol,0,secondary,false,Ciclovia,140,FeatureCollection,[object Object],,2613701,false,Ciclovia
262267982,Rua do Sol,0,secondary,false,Ciclovia,140,FeatureCollection,[object Object],,2613701,false,Ciclovia
319318753,Rua do Sol,0,secondary,false,Ciclovia,140,FeatureCollection,[object Object],,2613701,false,Ciclovia
382149000,Rua do Sol,0,secondary,false,Ciclovia,140,FeatureCollection,[object Object],,2613701,false,Ciclovia
703556860,Rua do Sol,0,secondary,false,Ciclovia,140,FeatureCollection,[object Object],,2613701,false,Ciclovia
762384519,Rua do Sol,0,secondary,false,Ciclovia,140,FeatureCollection,[object Object],,2613701,false,Ciclovia
791161086,Rua do Sol,0,secondary,false,Ciclovia,140,FeatureCollection,[object Object],,2613701,false,Ciclovia
967621277,Rua do Sol,0,secondary,false,Ciclovia,140,FeatureCollection,[object Object],,2613701,false,Ciclovia
976390407,Rua do Sol,0,secondary,false,Ciclovia,140,FeatureCollection,[object Object],,2613701,false,Ciclovia
51878747,Avenida Martins de Barros,0,secondary,false,Ciclovia,116,FeatureCollection,[object Object],,2613701,false,Ciclovia
87788713,Avenida Martins de Barros,0,secondary,false,Ciclovia,116,FeatureCollection,[object Object],,2613701,false,Ciclovia
965961338,Rua Padre Roma,0,tertiary,false,Ciclovia,67,FeatureCollection,[object Object],,2613701,false,Ciclovia
262267978,Avenida Martins de Barros,0,secondary,false,Ciclovia,116,FeatureCollection,[object Object],,2613701,false,Ciclovia
443276361,Avenida Martins de Barros,0,secondary,false,Ciclovia,116,FeatureCollection,[object Object],,2613701,false,Ciclovia
703556857,Avenida Martins de Barros,0,secondary,false,Ciclovia,116,FeatureCollection,[object Object],,2613701,false,Ciclovia
770310521,Avenida Martins de Barros,0,secondary,false,Ciclovia,116,FeatureCollection,[object Object],,2613701,false,Ciclovia
966814895,Avenida Martins de Barros,0,secondary,false,Ciclovia,116,FeatureCollection,[object Object],,2613701,false,Ciclovia
282837006,Ciclovia da Arena de Pernambuco,0,cycleway,true,Ciclovia,121,FeatureCollection,[object Object],,2613701,false,Ciclovia
250511870,Rua Arapongas,0,tertiary,false,Ciclovia,122,FeatureCollection,[object Object],,2613701,false,Ciclovia
328662403,Ramal da Copa,0,secondary,false,Ciclovia,121,FeatureCollection,[object Object],,2613701,false,Ciclovia
465973279,Ramal da Copa,0,secondary,false,Ciclovia,121,FeatureCollection,[object Object],,2613701,false,Ciclovia
573299091,Avenida Deus é Fiel,0,secondary,false,Ciclovia,121,FeatureCollection,[object Object],,2613701,false,Ciclovia
573609258,Ramal Arena Pernambuco,0,secondary,false,Ciclovia,121,FeatureCollection,[object Object],,2613701,false,Ciclovia
573609268,Ramal Arena Pernambuco,0,secondary,false,Ciclovia,121,FeatureCollection,[object Object],,2613701,false,Ciclovia
577184183,Ramal da Copa,0,secondary,false,Ciclovia,121,FeatureCollection,[object Object],,2613701,false,Ciclovia
589707777,Ciclovia da Arena de Pernambuco,0,cycleway,true,Ciclovia,121,FeatureCollection,[object Object],,2613701,false,Ciclovia
589707779,Ciclovia da Arena de Pernambuco,0,cycleway,true,Ciclovia,121,FeatureCollection,[object Object],,2613701,false,Ciclovia
589707780,Ciclovia da Arena de Pernambuco,0,cycleway,true,Ciclovia,121,FeatureCollection,[object Object],,2613701,false,Ciclovia
589707781,Ciclovia da Arena de Pernambuco,0,cycleway,true,Ciclovia,121,FeatureCollection,[object Object],,2613701,false,Ciclovia
594785994,Avenida Deus é Fiel,0,secondary,false,Ciclovia,121,FeatureCollection,[object Object],,2613701,false,Ciclovia
803395024,Ramal da Copa,0,secondary,false,Ciclovia,121,FeatureCollection,[object Object],,2613701,false,Ciclovia
328662404,,0,tertiary,false,Ciclovia,122,FeatureCollection,[object Object],,2613701,false,Ciclovia
465973273,Rua Bernardim Ribeiro,0,tertiary,false,Ciclovia,122,FeatureCollection,[object Object],,2613701,false,Ciclovia
465973274,Rua Bernardim Ribeiro,0,tertiary,false,Ciclovia,122,FeatureCollection,[object Object],,2613701,false,Ciclovia
465973275,Rua Bernardim Ribeiro,0,tertiary,false,Ciclovia,122,FeatureCollection,[object Object],,2613701,false,Ciclovia
535686224,Rua Tomaz Ferreira,0,tertiary,false,Ciclovia,122,FeatureCollection,[object Object],,2613701,false,Ciclovia
537016014,Rua Tomaz Ferreira,0,tertiary,false,Ciclovia,122,FeatureCollection,[object Object],,2613701,false,Ciclovia
537016018,,0,tertiary,false,Ciclovia,122,FeatureCollection,[object Object],,2613701,false,Ciclovia
614390436,Rua Tomaz Ferreira,0,tertiary,false,Ciclovia,122,FeatureCollection,[object Object],,2613701,false,Ciclovia
614390437,Rua Tomaz Ferreira,0,tertiary,false,Ciclovia,122,FeatureCollection,[object Object],,2613701,false,Ciclovia
700745664,Rua Bernardim Ribeiro,0,tertiary,false,Ciclovia,122,FeatureCollection,[object Object],,2613701,false,Ciclovia
776260852,Rua Tomaz Ferreira,0,tertiary,false,Ciclovia,122,FeatureCollection,[object Object],,2613701,false,Ciclovia
776260858,Rua Tomaz Ferreira,0,tertiary,false,Ciclovia,122,FeatureCollection,[object Object],,2613701,false,Ciclovia
776260859,Rua Bernardim Ribeiro,0,tertiary,false,Ciclovia,122,FeatureCollection,[object Object],,2613701,false,Ciclovia
250515867,,0,tertiary,false,Ciclovia,123,FeatureCollection,[object Object],,2613701,false,Ciclovia
614301190,,0,tertiary,false,Ciclovia,123,FeatureCollection,[object Object],,2613701,false,Ciclovia
195010591,Rua General Polidoro,0,tertiary,false,Ciclovia,107,FeatureCollection,[object Object],,2613701,false,Ciclovia
249117942,Rua General Polidoro,0,tertiary,false,Ciclovia,107,FeatureCollection,[object Object],,2613701,false,Ciclovia
821123757,Rua General Polidoro,0,tertiary,false,Ciclovia,107,FeatureCollection,[object Object],,2613701,false,Ciclovia
134175234,Rua Padre Roma,0,tertiary,false,Ciclovia,67,FeatureCollection,[object Object],,2613701,false,Ciclovia
134175371,Rua Sebastião Alves,0,tertiary,false,Ciclovia,67,FeatureCollection,[object Object],,2613701,false,Ciclovia
374896670,Rua Sebastião Alves,0,tertiary,false,Ciclovia,67,FeatureCollection,[object Object],,2613701,false,Ciclovia
200856096,Rua Padre Roma,0,tertiary,false,Ciclovia,67,FeatureCollection,[object Object],,2613701,false,Ciclovia
200856098,Rua Padre Roma,0,tertiary,false,Ciclovia,67,FeatureCollection,[object Object],,2613701,false,Ciclovia
200856101,Avenida Dezessete de Agosto,0,secondary,false,Ciclovia,67,FeatureCollection,[object Object],,2613701,false,Ciclovia
200856105,Rua Padre Roma,0,tertiary,false,Ciclovia,67,FeatureCollection,[object Object],,2613701,false,Ciclovia
201513222,Estrada do Encanamento,0,secondary,false,Ciclovia,67,FeatureCollection,[object Object],,2613701,false,Ciclovia
378952991,Estrada do Encanamento,0,secondary,false,Ciclovia,67,FeatureCollection,[object Object],,2613701,false,Ciclovia
201513485,Estrada do Encanamento,0,residential,false,Ciclovia,67,FeatureCollection,[object Object],,2613701,false,Ciclovia
314850308,Rua Padre Roma,0,tertiary,false,Ciclovia,67,FeatureCollection,[object Object],,2613701,false,Ciclovia
317261159,Estrada do Encanamento,0,secondary,false,Ciclovia,67,FeatureCollection,[object Object],,2613701,false,Ciclovia
317261160,Estrada do Encanamento,0,secondary,false,Ciclovia,67,FeatureCollection,[object Object],,2613701,false,Ciclovia
324296296,Rua Sebastião Alves,0,tertiary,false,Ciclovia,67,FeatureCollection,[object Object],,2613701,false,Ciclovia
374896669,Rua Sebastião Alves,0,tertiary,false,Ciclovia,67,FeatureCollection,[object Object],,2613701,false,Ciclovia
965961339,Rua Albino Meira,0,tertiary,false,Ciclovia,67,FeatureCollection,[object Object],,2613701,false,Ciclovia
974655065,Estrada do Encanamento,0,secondary,false,Ciclovia,67,FeatureCollection,[object Object],,2613701,false,Ciclovia
134179606,Estrada do Arraial,0,secondary,false,Ciclovia,162,FeatureCollection,[object Object],,2613701,false,Ciclovia
201513567,Estrada do Arraial,0,secondary,false,Ciclovia,162,FeatureCollection,[object Object],,2613701,false,Ciclovia
201513568,Estrada do Arraial,0,secondary,false,Ciclovia,162,FeatureCollection,[object Object],,2613701,false,Ciclovia
201513608,Estrada do Arraial,0,secondary,false,Ciclovia,162,FeatureCollection,[object Object],,2613701,false,Ciclovia
241530800,Estrada do Arraial,0,secondary,false,Ciclovia,162,FeatureCollection,[object Object],,2613701,false,Ciclovia
316609865,Estrada do Arraial,0,secondary,false,Ciclovia,162,FeatureCollection,[object Object],,2613701,false,Ciclovia
317261156,Estrada do Arraial,0,secondary,false,Ciclovia,162,FeatureCollection,[object Object],,2613701,false,Ciclovia
815828031,Estrada do Arraial,0,secondary,false,Ciclovia,162,FeatureCollection,[object Object],,2613701,false,Ciclovia
857404849,Estrada do Arraial,0,secondary,false,Ciclovia,162,FeatureCollection,[object Object],,2613701,false,Ciclovia
857404850,Estrada do Arraial,0,secondary,false,Ciclovia,162,FeatureCollection,[object Object],,2613701,false,Ciclovia
128164521,Avenida Norte Miguel Arraes de Alencar,0,primary,false,Ciclovia,81,FeatureCollection,[object Object],,2613701,false,Ciclovia
128164523,Avenida Norte Miguel Arraes de Alencar,0,primary,false,Ciclovia,81,FeatureCollection,[object Object],,2613701,false,Ciclovia
128164560,Avenida Norte Miguel Arraes de Alencar,0,primary,false,Ciclovia,81,FeatureCollection,[object Object],,2613701,false,Ciclovia
128682045,Avenida Norte Miguel Arraes de Alencar,0,primary,false,Ciclovia,81,FeatureCollection,[object Object],,2613701,false,Ciclovia
305934847,Avenida Norte Miguel Arraes de Alencar,0,primary,false,Ciclovia,81,FeatureCollection,[object Object],,2613701,false,Ciclovia
172481723,,0,primary,false,Ciclovia,81,FeatureCollection,[object Object],,2613701,false,Ciclovia
261753392,Avenida Norte Miguel Arraes de Alencar,0,primary,false,Ciclovia,81,FeatureCollection,[object Object],,2613701,false,Ciclovia
261753396,Avenida Norte Miguel Arraes de Alencar,0,primary,false,Ciclovia,81,FeatureCollection,[object Object],,2613701,false,Ciclovia
261753398,Avenida Norte Miguel Arraes de Alencar,0,primary,false,Ciclovia,81,FeatureCollection,[object Object],,2613701,false,Ciclovia
261755769,,0,primary,false,Ciclovia,81,FeatureCollection,[object Object],,2613701,false,Ciclovia
261755771,,0,primary,false,Ciclovia,81,FeatureCollection,[object Object],,2613701,false,Ciclovia
1183832895,,0,proposed,false,Ciclovia,129,FeatureCollection,[object Object],,2613701,false,Ciclovia
262454249,,0,primary,false,Ciclovia,81,FeatureCollection,[object Object],,2613701,false,Ciclovia
305933489,Avenida Norte Miguel Arraes de Alencar,0,primary,false,Ciclovia,81,FeatureCollection,[object Object],,2613701,false,Ciclovia
305933490,Avenida Norte Miguel Arraes de Alencar,0,primary,false,Ciclovia,81,FeatureCollection,[object Object],,2613701,false,Ciclovia
305933491,Avenida Norte Miguel Arraes de Alencar,0,primary,false,Ciclovia,81,FeatureCollection,[object Object],,2613701,false,Ciclovia
305933493,Avenida Norte Miguel Arraes de Alencar,0,primary,false,Ciclovia,81,FeatureCollection,[object Object],,2613701,false,Ciclovia
305933494,Avenida Norte Miguel Arraes de Alencar,0,primary,false,Ciclovia,81,FeatureCollection,[object Object],,2613701,false,Ciclovia
305933496,Avenida Norte Miguel Arraes de Alencar,0,primary,false,Ciclovia,81,FeatureCollection,[object Object],,2613701,false,Ciclovia
305934818,Avenida Norte Miguel Arraes de Alencar,0,primary,false,Ciclovia,81,FeatureCollection,[object Object],,2613701,false,Ciclovia
305934821,Avenida Norte Miguel Arraes de Alencar,0,primary,false,Ciclovia,81,FeatureCollection,[object Object],,2613701,false,Ciclovia
305934822,Avenida Norte Miguel Arraes de Alencar,0,primary,false,Ciclovia,81,FeatureCollection,[object Object],,2613701,false,Ciclovia
305934824,Avenida Norte Miguel Arraes de Alencar,0,primary,false,Ciclovia,81,FeatureCollection,[object Object],,2613701,false,Ciclovia
305934827,Avenida Norte Miguel Arraes de Alencar,0,primary,false,Ciclovia,81,FeatureCollection,[object Object],,2613701,false,Ciclovia
305934828,Avenida Norte Miguel Arraes de Alencar,0,primary,false,Ciclovia,81,FeatureCollection,[object Object],,2613701,false,Ciclovia
305934830,Avenida Norte Miguel Arraes de Alencar,0,primary,false,Ciclovia,81,FeatureCollection,[object Object],,2613701,false,Ciclovia
305934832,Avenida Norte Miguel Arraes de Alencar,0,primary,false,Ciclovia,81,FeatureCollection,[object Object],,2613701,false,Ciclovia
305934835,Avenida Norte Miguel Arraes de Alencar,0,primary,false,Ciclovia,81,FeatureCollection,[object Object],,2613701,false,Ciclovia
305934836,Avenida Norte Miguel Arraes de Alencar,0,primary,false,Ciclovia,81,FeatureCollection,[object Object],,2613701,false,Ciclovia
305934837,Avenida Norte Miguel Arraes de Alencar,0,primary,false,Ciclovia,81,FeatureCollection,[object Object],,2613701,false,Ciclovia
305934838,Avenida Norte Miguel Arraes de Alencar,0,primary,false,Ciclovia,81,FeatureCollection,[object Object],,2613701,false,Ciclovia
305934840,Avenida Norte Miguel Arraes de Alencar,0,primary,false,Ciclovia,81,FeatureCollection,[object Object],,2613701,false,Ciclovia
305934842,Avenida Norte Miguel Arraes de Alencar,0,primary,false,Ciclovia,81,FeatureCollection,[object Object],,2613701,false,Ciclovia
305934844,Avenida Norte Miguel Arraes de Alencar,0,primary,false,Ciclovia,81,FeatureCollection,[object Object],,2613701,false,Ciclovia
305934845,Avenida Norte Miguel Arraes de Alencar,0,primary,false,Ciclovia,81,FeatureCollection,[object Object],,2613701,false,Ciclovia
305934848,Avenida Norte Miguel Arraes de Alencar,0,primary,false,Ciclovia,81,FeatureCollection,[object Object],,2613701,false,Ciclovia
305934850,Avenida Norte Miguel Arraes de Alencar,0,primary,false,Ciclovia,81,FeatureCollection,[object Object],,2613701,false,Ciclovia
314624939,Avenida Norte Miguel Arraes de Alencar,0,primary,false,Ciclovia,81,FeatureCollection,[object Object],,2613701,false,Ciclovia
314754217,Avenida Norte Miguel Arraes de Alencar,0,primary,false,Ciclovia,81,FeatureCollection,[object Object],,2613701,false,Ciclovia
316609861,Avenida Norte Miguel Arraes de Alencar,0,primary,false,Ciclovia,81,FeatureCollection,[object Object],,2613701,false,Ciclovia
686998779,Avenida Norte Miguel Arraes de Alencar,0,primary,false,Ciclovia,81,FeatureCollection,[object Object],,2613701,false,Ciclovia
317261154,Avenida Norte Miguel Arraes de Alencar,0,primary,false,Ciclovia,81,FeatureCollection,[object Object],,2613701,false,Ciclovia
317261155,Avenida Norte Miguel Arraes de Alencar,0,primary,false,Ciclovia,81,FeatureCollection,[object Object],,2613701,false,Ciclovia
377530880,Avenida Norte Miguel Arraes de Alencar,0,primary,false,Ciclovia,81,FeatureCollection,[object Object],,2613701,false,Ciclovia
466073058,Avenida da Recuperação,0,secondary,false,Ciclovia,81,FeatureCollection,[object Object],,2613701,false,Ciclovia
475315975,Avenida Norte Miguel Arraes de Alencar,0,primary,false,Ciclovia,81,FeatureCollection,[object Object],,2613701,false,Ciclovia
577207730,Avenida Norte Miguel Arraes de Alencar,0,primary,false,Ciclovia,81,FeatureCollection,[object Object],,2613701,false,Ciclovia
597530701,Avenida Norte Miguel Arraes de Alencar,0,primary,false,Ciclovia,81,FeatureCollection,[object Object],,2613701,false,Ciclovia
597534787,Avenida Norte Miguel Arraes de Alencar,0,primary,false,Ciclovia,81,FeatureCollection,[object Object],,2613701,false,Ciclovia
597538112,Rua das Flores,0,trunk_link,false,Ciclovia,81,FeatureCollection,[object Object],,2613701,false,Ciclovia
597951721,,0,trunk_link,false,Ciclovia,81,FeatureCollection,[object Object],,2613701,false,Ciclovia
653570588,Avenida Norte Miguel Arraes de Alencar,0,primary,false,Ciclovia,81,FeatureCollection,[object Object],,2613701,false,Ciclovia
686998777,Avenida Norte Miguel Arraes de Alencar,0,primary,false,Ciclovia,81,FeatureCollection,[object Object],,2613701,false,Ciclovia
686998778,Avenida Norte Miguel Arraes de Alencar,0,primary,false,Ciclovia,81,FeatureCollection,[object Object],,2613701,false,Ciclovia
689369638,Avenida Norte Miguel Arraes de Alencar,0,primary,false,Ciclovia,81,FeatureCollection,[object Object],,2613701,false,Ciclovia
703513475,,0,primary,false,Ciclovia,81,FeatureCollection,[object Object],,2613701,false,Ciclovia
703513476,,0,primary,false,Ciclovia,81,FeatureCollection,[object Object],,2613701,false,Ciclovia
706213501,,0,primary,false,Ciclovia,81,FeatureCollection,[object Object],,2613701,false,Ciclovia
706213504,Avenida Norte Miguel Arraes de Alencar,0,primary,false,Ciclovia,81,FeatureCollection,[object Object],,2613701,false,Ciclovia
778848136,Avenida Norte Miguel Arraes de Alencar,0,primary,false,Ciclovia,81,FeatureCollection,[object Object],,2613701,false,Ciclovia
1183821017,,0,proposed,false,Ciclovia,166,FeatureCollection,[object Object],,2613701,false,Ciclovia
782345303,Avenida Norte Miguel Arraes de Alencar,0,primary,false,Ciclovia,81,FeatureCollection,[object Object],,2613701,false,Ciclovia
782345304,Avenida Norte Miguel Arraes de Alencar,0,primary,false,Ciclovia,81,FeatureCollection,[object Object],,2613701,false,Ciclovia
783625762,Avenida Norte Miguel Arraes de Alencar,0,primary,false,Ciclovia,81,FeatureCollection,[object Object],,2613701,false,Ciclovia
785226149,Avenida Norte Miguel Arraes de Alencar,0,primary,false,Ciclovia,81,FeatureCollection,[object Object],,2613701,false,Ciclovia
785226150,Avenida Norte Miguel Arraes de Alencar,0,primary,false,Ciclovia,81,FeatureCollection,[object Object],,2613701,false,Ciclovia
1183843521,,0,proposed,false,Ciclovia,166,FeatureCollection,[object Object],,2613701,false,Ciclovia
785226151,Avenida Norte Miguel Arraes de Alencar,0,primary,false,Ciclovia,81,FeatureCollection,[object Object],,2613701,false,Ciclovia
800856118,Avenida Norte Miguel Arraes de Alencar,0,primary,false,Ciclovia,81,FeatureCollection,[object Object],,2613701,false,Ciclovia
800856119,Avenida Norte Miguel Arraes de Alencar,0,primary,false,Ciclovia,81,FeatureCollection,[object Object],,2613701,false,Ciclovia
815069459,Avenida Norte Miguel Arraes de Alencar,0,primary,false,Ciclovia,81,FeatureCollection,[object Object],,2613701,false,Ciclovia
938472038,Avenida Norte Miguel Arraes de Alencar,0,primary,false,Ciclovia,81,FeatureCollection,[object Object],,2613701,false,Ciclovia
967115158,Avenida Norte Miguel Arraes de Alencar,0,primary,false,Ciclovia,81,FeatureCollection,[object Object],,2613701,false,Ciclovia
204618861,Rua São Francisco de Paula,0,residential,false,Ciclovia,166,FeatureCollection,[object Object],,2613701,false,Ciclovia
967115159,Avenida Norte Miguel Arraes de Alencar,0,primary,false,Ciclovia,81,FeatureCollection,[object Object],,2613701,false,Ciclovia
1188559376,Avenida Norte Miguel Arraes de Alencar,0,primary,false,Ciclovia,81,FeatureCollection,[object Object],,2613701,false,Ciclovia
1396050122,Avenida Norte Miguel Arraes de Alencar,0,primary,false,Ciclovia,81,FeatureCollection,[object Object],,2613701,false,Ciclovia
1409389545,Avenida Norte Miguel Arraes de Alencar,0,primary,false,Ciclovia,81,FeatureCollection,[object Object],,2613701,false,Ciclovia
1409389546,Avenida Norte Miguel Arraes de Alencar,0,primary,false,Ciclovia,81,FeatureCollection,[object Object],,2613701,false,Ciclovia
1435950643,Avenida Norte Miguel Arraes de Alencar,0,primary,false,Ciclovia,81,FeatureCollection,[object Object],,2613701,false,Ciclovia
204618874,Rua Almirante João Pascoe,0,residential,false,Ciclovia,166,FeatureCollection,[object Object],,2613701,false,Ciclovia
208653928,Rua Doutor Sebastião de Souza,0,residential,false,Ciclovia,166,FeatureCollection,[object Object],,2613701,false,Ciclovia
208654262,Rua Sucupira,0,residential,false,Ciclovia,166,FeatureCollection,[object Object],,2613701,false,Ciclovia
653564078,Rua São Francisco de Paula,0,residential,false,Ciclovia,166,FeatureCollection,[object Object],,2613701,false,Ciclovia
653564079,Rua São Francisco de Paula,0,residential,false,Ciclovia,166,FeatureCollection,[object Object],,2613701,false,Ciclovia
696039701,,0,path,false,Ciclovia,166,FeatureCollection,[object Object],,2613701,false,Ciclovia
696039704,,0,path,false,Ciclovia,166,FeatureCollection,[object Object],,2613701,false,Ciclovia
756922779,Rua Aristônico Oliveira,0,residential,false,Ciclovia,166,FeatureCollection,[object Object],,2613701,false,Ciclovia
776508901,Beco Três,0,residential,false,Ciclovia,166,FeatureCollection,[object Object],,2613701,false,Ciclovia
776508902,,0,residential,false,Ciclovia,166,FeatureCollection,[object Object],,2613701,false,Ciclovia
776576582,,0,residential,false,Ciclovia,166,FeatureCollection,[object Object],,2613701,false,Ciclovia
619227714,Rua Pão de Açúcar,0,footway,false,Ciclovia,129,FeatureCollection,[object Object],,2613701,false,Ciclovia
778331395,,0,residential,false,Ciclovia,166,FeatureCollection,[object Object],,2613701,false,Ciclovia
916516108,,0,residential,false,Ciclovia,166,FeatureCollection,[object Object],,2613701,false,Ciclovia
1088289438,Rua Sete,0,residential,false,Ciclovia,166,FeatureCollection,[object Object],,2613701,false,Ciclovia
1088300977,,0,residential,false,Ciclovia,166,FeatureCollection,[object Object],,2613701,false,Ciclovia
1183809814,Rua Angico,0,residential,false,Ciclovia,166,FeatureCollection,[object Object],,2613701,false,Ciclovia
1183821015,Rua Engenho Poeta,0,residential,false,Ciclovia,166,FeatureCollection,[object Object],,2613701,false,Ciclovia
1183821016,,0,path,false,Ciclovia,166,FeatureCollection,[object Object],,2613701,false,Ciclovia
1183843527,,0,residential,false,Ciclovia,166,FeatureCollection,[object Object],,2613701,false,Ciclovia
198989504,Beco de Favela,0,footway,false,Ciclovia,163,FeatureCollection,[object Object],,2613701,false,Ciclovia
198989505,Estrada do Barbalho,0,residential,false,Ciclovia,163,FeatureCollection,[object Object],,2613701,false,Ciclovia
198989514,Rua Dezenove de Abril,0,residential,false,Ciclovia,163,FeatureCollection,[object Object],,2613701,false,Ciclovia
198989547,Rua São Mateus,0,tertiary,false,Ciclovia,163,FeatureCollection,[object Object],,2613701,false,Ciclovia
198989681,Rua São Mateus,0,tertiary,false,Ciclovia,163,FeatureCollection,[object Object],,2613701,false,Ciclovia
199678163,Rua São Mateus,0,tertiary,false,Ciclovia,163,FeatureCollection,[object Object],,2613701,false,Ciclovia
199678164,Rua São Mateus,0,tertiary,false,Ciclovia,163,FeatureCollection,[object Object],,2613701,false,Ciclovia
448819637,Ponte da Salvação,0,footway,false,Ciclovia,163,FeatureCollection,[object Object],,2613701,false,Ciclovia
448819638,Beco de Favela,0,steps,false,Ciclovia,163,FeatureCollection,[object Object],,2613701,false,Ciclovia
836834973,Rua São Mateus,0,tertiary,false,Ciclovia,163,FeatureCollection,[object Object],,2613701,false,Ciclovia
836834984,Estrada do Barbalho,0,residential,false,Ciclovia,163,FeatureCollection,[object Object],,2613701,false,Ciclovia
836834986,Estrada do Barbalho,0,residential,false,Ciclovia,163,FeatureCollection,[object Object],,2613701,false,Ciclovia
778555454,,0,residential,false,Ciclovia,129,FeatureCollection,[object Object],,2613701,false,Ciclovia
836834987,Estrada do Barbalho,0,residential,false,Ciclovia,163,FeatureCollection,[object Object],,2613701,false,Ciclovia
1107349762,Rua São Mateus,0,tertiary,false,Ciclovia,163,FeatureCollection,[object Object],,2613701,false,Ciclovia
1322285820,Rua Dezenove de Abril,0,residential,false,Ciclovia,163,FeatureCollection,[object Object],,2613701,false,Ciclovia
85683735,Avenida Beira Rio,0,secondary,false,Ciclovia,129,FeatureCollection,[object Object],,2613701,false,Ciclovia
131147885,Rua Fernando Fink Filho,0,tertiary,false,Ciclovia,129,FeatureCollection,[object Object],,2613701,false,Ciclovia
202051331,Rua Fernando Fink Filho,0,tertiary,false,Ciclovia,129,FeatureCollection,[object Object],,2613701,false,Ciclovia
202051332,Rua Fernando Fink Filho,0,tertiary,false,Ciclovia,129,FeatureCollection,[object Object],,2613701,false,Ciclovia
1088310139,Rua Pao de Acucar,0,residential,false,Ciclovia,129,FeatureCollection,[object Object],,2613701,false,Ciclovia
202053117,Rua Cantora Clara Nunes,0,residential,false,Ciclovia,129,FeatureCollection,[object Object],,2613701,false,Ciclovia
204067003,Rua Doutor José Marcionilo de Barros Lins,0,residential,false,Ciclovia,129,FeatureCollection,[object Object],,2613701,false,Ciclovia
204067733,Rua Itapiranga,0,residential,false,Ciclovia,129,FeatureCollection,[object Object],,2613701,false,Ciclovia
232233973,Rua Professora Ângela Pinto,0,residential,false,Ciclovia,129,FeatureCollection,[object Object],,2613701,false,Ciclovia
232233974,Avenida Beira Rio,0,residential,false,Ciclovia,129,FeatureCollection,[object Object],,2613701,false,Ciclovia
257935794,Rua Adélia,0,residential,false,Ciclovia,129,FeatureCollection,[object Object],,2613701,false,Ciclovia
322116069,Rua Fernando Cavalheira,0,residential,false,Ciclovia,129,FeatureCollection,[object Object],,2613701,false,Ciclovia
375748427,Avenida Beira Rio,0,secondary,false,Ciclovia,129,FeatureCollection,[object Object],,2613701,false,Ciclovia
575161198,Rua Palmital,0,construction,false,Ciclovia,129,FeatureCollection,[object Object],,2613701,false,Ciclovia
575161199,Rua Palmital,0,residential,false,Ciclovia,129,FeatureCollection,[object Object],,2613701,false,Ciclovia
581479878,Parque do Caiara,0,footway,false,Ciclovia,129,FeatureCollection,[object Object],,2613701,false,Ciclovia
619233164,Rua Pão de Açúcar,0,footway,false,Ciclovia,129,FeatureCollection,[object Object],,2613701,false,Ciclovia
639859061,Ciclovia República da Argélia,0,residential,false,Ciclovia,129,FeatureCollection,[object Object],,2613701,false,Ciclovia
678531215,Ciclovia República da Argélia,0,residential,false,Ciclovia,129,FeatureCollection,[object Object],,2613701,false,Ciclovia
678531220,Ciclovia República da Argélia,0,footway,false,Ciclovia,129,FeatureCollection,[object Object],,2613701,false,Ciclovia
678531224,Ciclovia República da Argélia,0,residential,false,Ciclovia,129,FeatureCollection,[object Object],,2613701,false,Ciclovia
777683432,,0,service,false,Ciclovia,129,FeatureCollection,[object Object],,2613701,false,Ciclovia
851331997,,0,service,false,Ciclovia,129,FeatureCollection,[object Object],,2613701,false,Ciclovia
967666040,Avenida Beira Rio,0,secondary,false,Ciclovia,129,FeatureCollection,[object Object],,2613701,false,Ciclovia
967666041,Avenida Beira Rio,0,secondary,false,Ciclovia,129,FeatureCollection,[object Object],,2613701,false,Ciclovia
974325778,Rua Fernando Cavalheira,0,path,false,Ciclovia,129,FeatureCollection,[object Object],,2613701,false,Ciclovia
974325779,Rua Fernando Cavalheira,0,path,false,Ciclovia,129,FeatureCollection,[object Object],,2613701,false,Ciclovia
974532909,,0,service,false,Ciclovia,129,FeatureCollection,[object Object],,2613701,false,Ciclovia
1088310060,Rua Fernando Cavalheira,0,residential,false,Ciclovia,129,FeatureCollection,[object Object],,2613701,false,Ciclovia
1183832896,Rua Frei Jaboatão,0,service,false,Ciclovia,129,FeatureCollection,[object Object],,2613701,false,Ciclovia
1183832897,,0,proposed,false,Ciclovia,129,FeatureCollection,[object Object],,2613701,false,Ciclovia
1183832898,Rua José Bonifacio,0,residential,false,Ciclovia,129,FeatureCollection,[object Object],,2613701,false,Ciclovia
1183843293,Rua Souza Bandeira,0,residential,false,Ciclovia,129,FeatureCollection,[object Object],,2613701,false,Ciclovia
1183843855,,0,proposed,false,Ciclovia,129,FeatureCollection,[object Object],,2613701,false,Ciclovia
1183843856,,0,proposed,false,Ciclovia,129,FeatureCollection,[object Object],,2613701,false,Ciclovia
1307312646,R. Maria de Fátima Soares,0,residential,false,Ciclovia,129,FeatureCollection,[object Object],,2613701,false,Ciclovia
85683723,Rua Leonardo Bezerra Cavalcanti,0,secondary,false,Ciclovia,165,FeatureCollection,[object Object],,2613701,false,Ciclovia
135322388,Rua Doutor Saulo Suassuna,0,residential,false,Ciclovia,165,FeatureCollection,[object Object],,2613701,false,Ciclovia
135322389,Rua Afonso Albuquerque de Melo,0,tertiary,false,Ciclovia,165,FeatureCollection,[object Object],,2613701,false,Ciclovia
161613458,Rua Astério Rufino Alves,0,residential,false,Ciclovia,165,FeatureCollection,[object Object],,2613701,false,Ciclovia
198106117,Rua de Santana,0,residential,false,Ciclovia,165,FeatureCollection,[object Object],,2613701,false,Ciclovia
198107290,Rua Poxoréu,0,residential,false,Ciclovia,165,FeatureCollection,[object Object],,2613701,false,Ciclovia
316587816,Rua Leonardo Bezerra Cavalcanti,0,secondary,false,Ciclovia,165,FeatureCollection,[object Object],,2613701,false,Ciclovia
377386138,Rua Astério Rufino Alves,0,residential,false,Ciclovia,165,FeatureCollection,[object Object],,2613701,false,Ciclovia
378492488,Rua Doutor Saulo Suassuna,0,residential,false,Ciclovia,165,FeatureCollection,[object Object],,2613701,false,Ciclovia
902042562,Rua Engenheiro Jair Furtado Meirelles,0,residential,false,Ciclovia,165,FeatureCollection,[object Object],,2613701,false,Ciclovia
1002053168,Rua Leonardo Bezerra Cavalcanti,0,secondary,false,Ciclovia,165,FeatureCollection,[object Object],,2613701,false,Ciclovia
204619792,Rua Acadêmico Hélio Ramos,0,tertiary,false,Ciclovia,106,FeatureCollection,[object Object],,2613701,false,Ciclovia
776504674,Avenida Presidente Kennedy,0,primary,false,Ciclovia,127,FeatureCollection,[object Object],,2613701,false,Ciclovia
707023323,Avenida Professor Artur de Sá,0,tertiary,false,Ciclovia,106,FeatureCollection,[object Object],,2613701,false,Ciclovia
707023325,Avenida Professor Artur de Sá,0,tertiary,false,Ciclovia,106,FeatureCollection,[object Object],,2613701,false,Ciclovia
762960703,Rua Acadêmico Hélio Ramos,0,tertiary,false,Ciclovia,106,FeatureCollection,[object Object],,2613701,false,Ciclovia
797179314,Rua Acadêmico Hélio Ramos,0,tertiary,false,Ciclovia,106,FeatureCollection,[object Object],,2613701,false,Ciclovia
797179315,Rua Acadêmico Hélio Ramos,0,tertiary,false,Ciclovia,106,FeatureCollection,[object Object],,2613701,false,Ciclovia
968554681,Avenida Professor Artur de Sá,0,tertiary,false,Ciclovia,106,FeatureCollection,[object Object],,2613701,false,Ciclovia
968554682,Avenida Professor Artur de Sá,0,tertiary,false,Ciclovia,106,FeatureCollection,[object Object],,2613701,false,Ciclovia
968554683,Avenida Professor Artur de Sá,0,tertiary,false,Ciclovia,106,FeatureCollection,[object Object],,2613701,false,Ciclovia
968554685,Avenida Professor Artur de Sá,0,tertiary,false,Ciclovia,106,FeatureCollection,[object Object],,2613701,false,Ciclovia
968554686,Avenida Professor Artur de Sá,0,tertiary,false,Ciclovia,106,FeatureCollection,[object Object],,2613701,false,Ciclovia
968554687,Avenida Professor Artur de Sá,0,tertiary,false,Ciclovia,106,FeatureCollection,[object Object],,2613701,false,Ciclovia
968556419,Avenida Professor Artur de Sá,0,tertiary,false,Ciclovia,106,FeatureCollection,[object Object],,2613701,false,Ciclovia
103725546,Avenida Mário Álvares Pereira de Lyra,0,tertiary,false,Ciclovia,158,FeatureCollection,[object Object],,2613701,false,Ciclovia
620409076,Avenida Joaquim Ribeiro,0,primary,false,Ciclovia,21,FeatureCollection,[object Object],,2613701,false,Ciclovia
137364482,Avenida Mário Álvares Pereira de Lyra,0,tertiary,false,Ciclovia,158,FeatureCollection,[object Object],,2613701,false,Ciclovia
752348375,Avenida Mário Álvares Pereira de Lyra,0,tertiary_link,false,Ciclovia,158,FeatureCollection,[object Object],,2613701,false,Ciclovia
1017199453,Avenida Mário Álvares Pereira de Lyra,0,tertiary,false,Ciclovia,158,FeatureCollection,[object Object],,2613701,false,Ciclovia
465975334,Avenida Joaquim Ribeiro,0,primary,false,Ciclovia,21,FeatureCollection,[object Object],,2613701,false,Ciclovia
620409075,Avenida Doutor Belmino Correia,0,primary,false,Ciclovia,21,FeatureCollection,[object Object],,2613701,false,Ciclovia
649376689,Avenida Joaquim Ribeiro,0,primary,false,Ciclovia,21,FeatureCollection,[object Object],,2613701,false,Ciclovia
649376690,Avenida Joaquim Ribeiro,0,primary,false,Ciclovia,21,FeatureCollection,[object Object],,2613701,false,Ciclovia
653564073,Avenida Joaquim Ribeiro,0,primary,false,Ciclovia,21,FeatureCollection,[object Object],,2613701,false,Ciclovia
705989239,Avenida Joaquim Ribeiro,0,primary,false,Ciclovia,21,FeatureCollection,[object Object],,2613701,false,Ciclovia
705989240,Avenida Joaquim Ribeiro,0,primary,false,Ciclovia,21,FeatureCollection,[object Object],,2613701,false,Ciclovia
717384715,Avenida Doutor Belmino Correia,0,primary,false,Ciclovia,21,FeatureCollection,[object Object],,2613701,false,Ciclovia
1063436726,Avenida Doutor Belmino Correia,0,primary,false,Ciclovia,21,FeatureCollection,[object Object],,2613701,false,Ciclovia
145216592,Avenida Dezessete de Agosto,0,secondary,false,Ciclovia,161,FeatureCollection,[object Object],,2613701,false,Ciclovia
151135896,Rua Dois Irmãos,0,secondary,false,Ciclovia,161,FeatureCollection,[object Object],,2613701,false,Ciclovia
151135917,Rua de Apipucos,0,secondary,false,Ciclovia,161,FeatureCollection,[object Object],,2613701,false,Ciclovia
151135943,Rua Dois Irmãos,0,secondary,false,Ciclovia,161,FeatureCollection,[object Object],,2613701,false,Ciclovia
758264952,Estrada do Passarinho,0,tertiary,false,Ciclovia,184,FeatureCollection,[object Object],,2613701,false,Ciclovia
151135961,Rua de Apipucos,0,secondary,false,Ciclovia,161,FeatureCollection,[object Object],,2613701,false,Ciclovia
199706069,Rua de Apipucos,0,secondary,false,Ciclovia,161,FeatureCollection,[object Object],,2613701,false,Ciclovia
199706070,Rua de Apipucos,0,secondary,false,Ciclovia,161,FeatureCollection,[object Object],,2613701,false,Ciclovia
317261195,Rua de Apipucos,0,secondary,false,Ciclovia,161,FeatureCollection,[object Object],,2613701,false,Ciclovia
475657186,Rua Dois Irmãos,0,secondary,false,Ciclovia,161,FeatureCollection,[object Object],,2613701,false,Ciclovia
808450047,Rua de Apipucos,0,secondary,false,Ciclovia,161,FeatureCollection,[object Object],,2613701,false,Ciclovia
808453591,Rua Dois Irmãos,0,secondary,false,Ciclovia,161,FeatureCollection,[object Object],,2613701,false,Ciclovia
1005949933,Rua Dois Irmãos,0,secondary,false,Ciclovia,161,FeatureCollection,[object Object],,2613701,false,Ciclovia
1005949935,Rua Dois Irmãos,0,secondary,false,Ciclovia,161,FeatureCollection,[object Object],,2613701,false,Ciclovia
1005949940,Rua Dois Irmãos,0,secondary,false,Ciclovia,161,FeatureCollection,[object Object],,2613701,false,Ciclovia
1005949941,Rua Dois Irmãos,0,secondary,false,Ciclovia,161,FeatureCollection,[object Object],,2613701,false,Ciclovia
1005949942,Rua Dois Irmãos,0,secondary,false,Ciclovia,161,FeatureCollection,[object Object],,2613701,false,Ciclovia
1005949945,Rua Dois Irmãos,0,secondary,false,Ciclovia,161,FeatureCollection,[object Object],,2613701,false,Ciclovia
1005949949,Rua Dois Irmãos,0,secondary,false,Ciclovia,161,FeatureCollection,[object Object],,2613701,false,Ciclovia
1310964807,Avenida Dezessete de Agosto,0,secondary,false,Ciclovia,161,FeatureCollection,[object Object],,2613701,false,Ciclovia
1311547218,Avenida Dezessete de Agosto,0,secondary,false,Ciclovia,161,FeatureCollection,[object Object],,2613701,false,Ciclovia
1311547219,Avenida Dezessete de Agosto,0,secondary,false,Ciclovia,161,FeatureCollection,[object Object],,2613701,false,Ciclovia
1311547220,Avenida Dezessete de Agosto,0,secondary,false,Ciclovia,161,FeatureCollection,[object Object],,2613701,false,Ciclovia
1311547221,Avenida Dezessete de Agosto,0,secondary,false,Ciclovia,161,FeatureCollection,[object Object],,2613701,false,Ciclovia
758264953,Estrada do Passarinho,0,tertiary,false,Ciclovia,184,FeatureCollection,[object Object],,2613701,false,Ciclovia
1322285822,Avenida Dezessete de Agosto,0,secondary,false,Ciclovia,161,FeatureCollection,[object Object],,2613701,false,Ciclovia
1322285823,Avenida Dezessete de Agosto,0,secondary,false,Ciclovia,161,FeatureCollection,[object Object],,2613701,false,Ciclovia
1322285824,Avenida Dezessete de Agosto,0,secondary,false,Ciclovia,161,FeatureCollection,[object Object],,2613701,false,Ciclovia
1322285825,Avenida Dezessete de Agosto,0,secondary,false,Ciclovia,161,FeatureCollection,[object Object],,2613701,false,Ciclovia
1322285826,Avenida Dezessete de Agosto,0,secondary,false,Ciclovia,161,FeatureCollection,[object Object],,2613701,false,Ciclovia
145218468,Rua Paula Batista,0,secondary,false,Ciclovia,62,FeatureCollection,[object Object],,2613701,false,Ciclovia
145218469,Rua Paula Batista,0,secondary,false,Ciclovia,62,FeatureCollection,[object Object],,2613701,false,Ciclovia
145218705,Estrada das Ubaias,0,secondary,false,Ciclovia,62,FeatureCollection,[object Object],,2613701,false,Ciclovia
857404848,Estrada das Ubaias,0,secondary,false,Ciclovia,62,FeatureCollection,[object Object],,2613701,false,Ciclovia
965986745,Rua Paula Batista,0,secondary,false,Ciclovia,62,FeatureCollection,[object Object],,2613701,false,Ciclovia
222820930,Estrada do Passarinho,0,tertiary,false,Ciclovia,184,FeatureCollection,[object Object],,2613701,false,Ciclovia
222822297,Avenida Leopoldino Canuto de Melo,0,tertiary,false,Ciclovia,184,FeatureCollection,[object Object],,2613701,false,Ciclovia
1107398068,Rua Conde de Irajá,0,secondary,false,Ciclovia,159,FeatureCollection,[object Object],,2613701,false,Ciclovia
452349342,Avenida da Recuperação,0,tertiary,false,Ciclovia,184,FeatureCollection,[object Object],,2613701,false,Ciclovia
452349343,Estrada do Passarinho,0,tertiary,false,Ciclovia,184,FeatureCollection,[object Object],,2613701,false,Ciclovia
452349344,Estrada do Passarinho,0,tertiary,false,Ciclovia,184,FeatureCollection,[object Object],,2613701,false,Ciclovia
686000839,Avenida Leopoldino Canuto de Melo,0,tertiary,false,Ciclovia,184,FeatureCollection,[object Object],,2613701,false,Ciclovia
713734478,Estrada do Passarinho,0,tertiary,false,Ciclovia,184,FeatureCollection,[object Object],,2613701,false,Ciclovia
305934833,Rua Cônego Barata,0,primary,false,Ciclovia,28,FeatureCollection,[object Object],,2613701,false,Ciclovia
715606027,Estrada do Passarinho,0,tertiary,false,Ciclovia,184,FeatureCollection,[object Object],,2613701,false,Ciclovia
715996798,Avenida Leopoldino Canuto de Melo,0,tertiary,false,Ciclovia,184,FeatureCollection,[object Object],,2613701,false,Ciclovia
715996799,Avenida Leopoldino Canuto de Melo,0,tertiary,false,Ciclovia,184,FeatureCollection,[object Object],,2613701,false,Ciclovia
715996800,Avenida Leopoldino Canuto de Melo,0,tertiary,false,Ciclovia,184,FeatureCollection,[object Object],,2613701,false,Ciclovia
739094562,Avenida Leopoldino Canuto de Melo,0,tertiary,false,Ciclovia,184,FeatureCollection,[object Object],,2613701,false,Ciclovia
739097899,Estrada do Passarinho,0,tertiary,false,Ciclovia,184,FeatureCollection,[object Object],,2613701,false,Ciclovia
857404733,Estrada do Passarinho,0,tertiary,false,Ciclovia,184,FeatureCollection,[object Object],,2613701,false,Ciclovia
857404740,Estrada do Passarinho,0,tertiary,false,Ciclovia,184,FeatureCollection,[object Object],,2613701,false,Ciclovia
885632042,Estrada do Passarinho,0,tertiary,false,Ciclovia,184,FeatureCollection,[object Object],,2613701,false,Ciclovia
75033825,Rua Conselheiro Teodoro,0,tertiary,false,Ciclovia,159,FeatureCollection,[object Object],,2613701,false,Ciclovia
130922739,Praça Professor Campelo Barreto,0,secondary,false,Ciclovia,159,FeatureCollection,[object Object],,2613701,false,Ciclovia
131148195,Rua Conselheiro Teodoro,0,secondary,false,Ciclovia,159,FeatureCollection,[object Object],,2613701,false,Ciclovia
161609739,Rua Conselheiro Teodoro,0,tertiary,false,Ciclovia,159,FeatureCollection,[object Object],,2613701,false,Ciclovia
786325341,Rua Conselheiro Teodoro,0,secondary,false,Ciclovia,159,FeatureCollection,[object Object],,2613701,false,Ciclovia
821123750,Rua Conde de Irajá,0,secondary,false,Ciclovia,159,FeatureCollection,[object Object],,2613701,false,Ciclovia
967668731,Rua Conselheiro Teodoro,0,secondary,false,Ciclovia,159,FeatureCollection,[object Object],,2613701,false,Ciclovia
1014648478,Rua Conselheiro Teodoro,0,secondary,false,Ciclovia,159,FeatureCollection,[object Object],,2613701,false,Ciclovia
1033814270,Rua Conselheiro Teodoro,0,secondary,false,Ciclovia,159,FeatureCollection,[object Object],,2613701,false,Ciclovia
1183832900,Rua Conde de Irajá,0,secondary,false,Ciclovia,159,FeatureCollection,[object Object],,2613701,false,Ciclovia
128682056,Avenida Beberibe,0,primary,false,Ciclovia,65,FeatureCollection,[object Object],,2613701,false,Ciclovia
128682057,Avenida Beberibe,0,primary,false,Ciclovia,65,FeatureCollection,[object Object],,2613701,false,Ciclovia
151272932,Avenida Beberibe,0,primary,false,Ciclovia,65,FeatureCollection,[object Object],,2613701,false,Ciclovia
151272933,Avenida Beberibe,0,primary,false,Ciclovia,65,FeatureCollection,[object Object],,2613701,false,Ciclovia
151272937,Avenida Beberibe,0,primary,false,Ciclovia,65,FeatureCollection,[object Object],,2613701,false,Ciclovia
316614630,Rua Castro Alves,0,residential,false,Ciclovia,65,FeatureCollection,[object Object],,2613701,false,Ciclovia
382147745,Avenida Beberibe,0,primary,false,Ciclovia,65,FeatureCollection,[object Object],,2613701,false,Ciclovia
382147748,Avenida Beberibe,0,primary,false,Ciclovia,65,FeatureCollection,[object Object],,2613701,false,Ciclovia
572724094,,0,primary_link,false,Ciclovia,65,FeatureCollection,[object Object],,2613701,false,Ciclovia
607755761,Rua Castro Alves,0,tertiary,false,Ciclovia,65,FeatureCollection,[object Object],,2613701,false,Ciclovia
607755766,Avenida Beberibe,0,primary,false,Ciclovia,65,FeatureCollection,[object Object],,2613701,false,Ciclovia
607806640,Rua Castro Alves,0,tertiary,false,Ciclovia,65,FeatureCollection,[object Object],,2613701,false,Ciclovia
607806641,Avenida Beberibe,0,primary,false,Ciclovia,65,FeatureCollection,[object Object],,2613701,false,Ciclovia
1435872534,,0,primary,false,Ciclovia,38,FeatureCollection,[object Object],,2613701,false,Ciclovia
646670257,Rua Castro Alves,0,residential,false,Ciclovia,65,FeatureCollection,[object Object],,2613701,false,Ciclovia
762953787,Rua Castro Alves,0,tertiary,false,Ciclovia,65,FeatureCollection,[object Object],,2613701,false,Ciclovia
836834978,Avenida Beberibe,0,primary,false,Ciclovia,65,FeatureCollection,[object Object],,2613701,false,Ciclovia
967666039,Avenida Beberibe,0,primary,false,Ciclovia,65,FeatureCollection,[object Object],,2613701,false,Ciclovia
967668775,Avenida Beberibe,0,primary,false,Ciclovia,65,FeatureCollection,[object Object],,2613701,false,Ciclovia
1002053170,Avenida Beberibe,0,primary,false,Ciclovia,65,FeatureCollection,[object Object],,2613701,false,Ciclovia
85683729,Rua Professora Aurora Soares,0,primary_link,false,Ciclovia,28,FeatureCollection,[object Object],,2613701,false,Ciclovia
316820003,Rua Santa Sofia,0,tertiary,false,Ciclovia,135,FeatureCollection,[object Object],,2613701,false,Ciclovia
85683733,Rua José Bonifácio,0,primary,false,Ciclovia,28,FeatureCollection,[object Object],,2613701,false,Ciclovia
87713005,Rua João Tude de Melo,0,primary,false,Ciclovia,28,FeatureCollection,[object Object],,2613701,false,Ciclovia
129894795,Rua João Tude de Melo,0,primary,false,Ciclovia,28,FeatureCollection,[object Object],,2613701,false,Ciclovia
129894886,Rua José Bonifácio,0,primary,false,Ciclovia,28,FeatureCollection,[object Object],,2613701,false,Ciclovia
129894920,Rua José Bonifácio,0,primary,false,Ciclovia,28,FeatureCollection,[object Object],,2613701,false,Ciclovia
132399061,Estrada Velha de Água Fria,0,secondary,false,Ciclovia,28,FeatureCollection,[object Object],,2613701,false,Ciclovia
132399507,Rua Padre Roma,0,primary,false,Ciclovia,28,FeatureCollection,[object Object],,2613701,false,Ciclovia
132399510,Rua Tito Rosas,0,primary,false,Ciclovia,28,FeatureCollection,[object Object],,2613701,false,Ciclovia
132399632,Rua Cônego Barata,0,primary,false,Ciclovia,28,FeatureCollection,[object Object],,2613701,false,Ciclovia
132399679,Rua Sebastião Malta Arcoverde,0,primary,false,Ciclovia,28,FeatureCollection,[object Object],,2613701,false,Ciclovia
305934834,Rua Cônego Barata,0,primary,false,Ciclovia,28,FeatureCollection,[object Object],,2613701,false,Ciclovia
134175237,Rua Padre Roma,0,primary,false,Ciclovia,28,FeatureCollection,[object Object],,2613701,false,Ciclovia
135321874,Rua João Tude de Melo,0,primary,false,Ciclovia,28,FeatureCollection,[object Object],,2613701,false,Ciclovia
135321875,Praça Manoel Markman,0,primary_link,false,Ciclovia,28,FeatureCollection,[object Object],,2613701,false,Ciclovia
198109567,Rua Cônego Barata,0,primary,false,Ciclovia,28,FeatureCollection,[object Object],,2613701,false,Ciclovia
200622557,Rua Padre Roma,0,primary,false,Ciclovia,28,FeatureCollection,[object Object],,2613701,false,Ciclovia
318094685,Rua José Bonifácio,0,primary,false,Ciclovia,28,FeatureCollection,[object Object],,2613701,false,Ciclovia
318094686,Rua José Bonifácio,0,primary,false,Ciclovia,28,FeatureCollection,[object Object],,2613701,false,Ciclovia
370351683,Rua José Bonifácio,0,primary,false,Ciclovia,28,FeatureCollection,[object Object],,2613701,false,Ciclovia
382147743,Estrada Velha de Água Fria,0,secondary,false,Ciclovia,28,FeatureCollection,[object Object],,2613701,false,Ciclovia
766721303,Rua Padre Roma,0,primary,false,Ciclovia,28,FeatureCollection,[object Object],,2613701,false,Ciclovia
966017701,Estrada Velha de Água Fria,0,secondary,false,Ciclovia,28,FeatureCollection,[object Object],,2613701,false,Ciclovia
816364137,Rua José Bonifácio,0,primary,false,Ciclovia,28,FeatureCollection,[object Object],,2613701,false,Ciclovia
887538497,Rua Sebastião Malta Arcoverde,0,primary,false,Ciclovia,28,FeatureCollection,[object Object],,2613701,false,Ciclovia
887538499,Rua Sebastião Malta Arcoverde,0,primary,false,Ciclovia,28,FeatureCollection,[object Object],,2613701,false,Ciclovia
894427670,Rua Sebastião Malta Arcoverde,0,primary,false,Ciclovia,28,FeatureCollection,[object Object],,2613701,false,Ciclovia
965664755,Rua João Tude de Melo,0,primary,false,Ciclovia,28,FeatureCollection,[object Object],,2613701,false,Ciclovia
966016819,Estrada Velha de Água Fria,0,secondary,false,Ciclovia,28,FeatureCollection,[object Object],,2613701,false,Ciclovia
753012503,Rua Desenhista Eulino Santos,0,secondary,false,Ciclovia,160,FeatureCollection,[object Object],,2613701,false,Ciclovia
967665648,Rua José Bonifácio,0,primary,false,Ciclovia,28,FeatureCollection,[object Object],,2613701,false,Ciclovia
968212315,Rua Padre Roma,0,primary,false,Ciclovia,28,FeatureCollection,[object Object],,2613701,false,Ciclovia
1183832901,Rua Professor Trajano de Mendonça,0,primary,false,Ciclovia,28,FeatureCollection,[object Object],,2613701,false,Ciclovia
1183832902,Rua José Bonifácio,0,primary,false,Ciclovia,28,FeatureCollection,[object Object],,2613701,false,Ciclovia
132398377,Rua Desenhista Eulino Santos,0,secondary,false,Ciclovia,160,FeatureCollection,[object Object],,2613701,false,Ciclovia
132398378,Rua Jerônimo Vilela,0,secondary,false,Ciclovia,160,FeatureCollection,[object Object],,2613701,false,Ciclovia
132398379,Rua Desenhista Eulino Santos,0,secondary,false,Ciclovia,160,FeatureCollection,[object Object],,2613701,false,Ciclovia
132398382,Rua Desenhista Eulino Santos,0,secondary,false,Ciclovia,160,FeatureCollection,[object Object],,2613701,false,Ciclovia
132398393,Rua da Regeneração,0,secondary,false,Ciclovia,160,FeatureCollection,[object Object],,2613701,false,Ciclovia
132398666,Rua da Regeneração,0,secondary,false,Ciclovia,160,FeatureCollection,[object Object],,2613701,false,Ciclovia
132398669,Rua da Regeneração,0,secondary,false,Ciclovia,160,FeatureCollection,[object Object],,2613701,false,Ciclovia
142229290,Rua da Regeneração,0,primary,false,Ciclovia,160,FeatureCollection,[object Object],,2613701,false,Ciclovia
318121912,Rua Jerônimo Vilela,0,secondary,false,Ciclovia,160,FeatureCollection,[object Object],,2613701,false,Ciclovia
318121913,Rua Desenhista Eulino Santos,0,secondary,false,Ciclovia,160,FeatureCollection,[object Object],,2613701,false,Ciclovia
753012504,Rua Desenhista Eulino Santos,0,secondary,false,Ciclovia,160,FeatureCollection,[object Object],,2613701,false,Ciclovia
753012505,Rua Desenhista Eulino Santos,0,secondary,false,Ciclovia,160,FeatureCollection,[object Object],,2613701,false,Ciclovia
753012506,Rua Desenhista Eulino Santos,0,secondary,false,Ciclovia,160,FeatureCollection,[object Object],,2613701,false,Ciclovia
754047612,Rua da Regeneração,0,primary,false,Ciclovia,160,FeatureCollection,[object Object],,2613701,false,Ciclovia
135138772,Avenida Professor José dos Anjos,0,secondary,false,Ciclovia,86,FeatureCollection,[object Object],,2613701,false,Ciclovia
135143520,Avenida Professor José dos Anjos,0,secondary,false,Ciclovia,86,FeatureCollection,[object Object],,2613701,false,Ciclovia
135143523,Avenida Professor José dos Anjos,0,primary,false,Ciclovia,86,FeatureCollection,[object Object],,2613701,false,Ciclovia
135143529,Avenida Professor José dos Anjos,0,primary,false,Ciclovia,86,FeatureCollection,[object Object],,2613701,false,Ciclovia
142612998,Avenida Professor José dos Anjos,0,primary,false,Ciclovia,86,FeatureCollection,[object Object],,2613701,false,Ciclovia
222825609,Rua Visconde Mamanguape,0,residential,false,Ciclovia,86,FeatureCollection,[object Object],,2613701,false,Ciclovia
242552660,Avenida Professor José dos Anjos,0,residential,false,Ciclovia,86,FeatureCollection,[object Object],,2613701,false,Ciclovia
242552953,Avenida Professor José dos Anjos,0,residential,false,Ciclovia,86,FeatureCollection,[object Object],,2613701,false,Ciclovia
656124041,Avenida Professor José dos Anjos,0,residential,false,Ciclovia,86,FeatureCollection,[object Object],,2613701,false,Ciclovia
305934826,Avenida Professor José dos Anjos,0,primary,false,Ciclovia,86,FeatureCollection,[object Object],,2613701,false,Ciclovia
318121911,Avenida Professor José dos Anjos,0,secondary,false,Ciclovia,86,FeatureCollection,[object Object],,2613701,false,Ciclovia
318895503,Avenida Professor José dos Anjos,0,primary,false,Ciclovia,86,FeatureCollection,[object Object],,2613701,false,Ciclovia
318895504,Avenida Professor José dos Anjos,0,primary,false,Ciclovia,86,FeatureCollection,[object Object],,2613701,false,Ciclovia
382147744,Avenida Professor José dos Anjos,0,primary,false,Ciclovia,86,FeatureCollection,[object Object],,2613701,false,Ciclovia
967920871,Avenida Presidente Kennedy,0,primary,false,Ciclovia,127,FeatureCollection,[object Object],,2613701,false,Ciclovia
382147746,Avenida Professor José dos Anjos,0,primary,false,Ciclovia,86,FeatureCollection,[object Object],,2613701,false,Ciclovia
382147747,Avenida Professor José dos Anjos,0,secondary,false,Ciclovia,86,FeatureCollection,[object Object],,2613701,false,Ciclovia
447028276,Avenida Professor José dos Anjos,0,primary,false,Ciclovia,86,FeatureCollection,[object Object],,2613701,false,Ciclovia
475315976,Avenida Professor José dos Anjos,0,primary,false,Ciclovia,86,FeatureCollection,[object Object],,2613701,false,Ciclovia
653570590,Avenida Professor José dos Anjos,0,tertiary,false,Ciclovia,86,FeatureCollection,[object Object],,2613701,false,Ciclovia
653570591,Avenida Professor José dos Anjos,0,tertiary,false,Ciclovia,86,FeatureCollection,[object Object],,2613701,false,Ciclovia
666158441,Avenida Professor José dos Anjos,0,secondary,false,Ciclovia,86,FeatureCollection,[object Object],,2613701,false,Ciclovia
666158444,Avenida Professor José dos Anjos,0,secondary,false,Ciclovia,86,FeatureCollection,[object Object],,2613701,false,Ciclovia
723906439,Avenida Professor José dos Anjos,0,secondary,false,Ciclovia,86,FeatureCollection,[object Object],,2613701,false,Ciclovia
753963895,Avenida Professor José dos Anjos,0,primary,false,Ciclovia,86,FeatureCollection,[object Object],,2613701,false,Ciclovia
753963896,Avenida Professor José dos Anjos,0,primary,false,Ciclovia,86,FeatureCollection,[object Object],,2613701,false,Ciclovia
762739492,Avenida Professor José dos Anjos,0,residential,false,Ciclovia,86,FeatureCollection,[object Object],,2613701,false,Ciclovia
967943326,Avenida Presidente Kennedy,0,primary,false,Ciclovia,127,FeatureCollection,[object Object],,2613701,false,Ciclovia
762739493,Avenida Professor José dos Anjos,0,residential,false,Ciclovia,86,FeatureCollection,[object Object],,2613701,false,Ciclovia
815069186,Avenida Professor José dos Anjos,0,primary,false,Ciclovia,86,FeatureCollection,[object Object],,2613701,false,Ciclovia
815069187,Avenida Professor José dos Anjos,0,primary,false,Ciclovia,86,FeatureCollection,[object Object],,2613701,false,Ciclovia
836834976,Avenida Professor José dos Anjos,0,primary,false,Ciclovia,86,FeatureCollection,[object Object],,2613701,false,Ciclovia
863027568,Avenida Professor José dos Anjos,0,primary,false,Ciclovia,86,FeatureCollection,[object Object],,2613701,false,Ciclovia
899950239,Avenida Professor José dos Anjos,0,residential,false,Ciclovia,86,FeatureCollection,[object Object],,2613701,false,Ciclovia
965758772,Avenida Professor José dos Anjos,0,primary,false,Ciclovia,86,FeatureCollection,[object Object],,2613701,false,Ciclovia
1004516864,Avenida Professor José dos Anjos,0,primary,false,Ciclovia,86,FeatureCollection,[object Object],,2613701,false,Ciclovia
1177330682,Avenida Professor José dos Anjos,0,primary,false,Ciclovia,86,FeatureCollection,[object Object],,2613701,false,Ciclovia
1177330683,Avenida Professor José dos Anjos,0,primary,false,Ciclovia,86,FeatureCollection,[object Object],,2613701,false,Ciclovia
1238509972,Avenida Professor José dos Anjos,0,residential,false,Ciclovia,86,FeatureCollection,[object Object],,2613701,false,Ciclovia
1409389541,Avenida Professor José dos Anjos,0,tertiary,false,Ciclovia,86,FeatureCollection,[object Object],,2613701,false,Ciclovia
1409389543,Avenida Professor José dos Anjos,0,primary,false,Ciclovia,86,FeatureCollection,[object Object],,2613701,false,Ciclovia
131355302,Avenida Presidente Kennedy,0,primary,false,Ciclovia,127,FeatureCollection,[object Object],,2613701,false,Ciclovia
131355304,Avenida Presidente Kennedy,0,primary,false,Ciclovia,127,FeatureCollection,[object Object],,2613701,false,Ciclovia
131355306,Avenida Presidente Kennedy,0,primary,false,Ciclovia,127,FeatureCollection,[object Object],,2613701,false,Ciclovia
135488942,Rua Doutor Sérgio Loreto,0,pedestrian,false,Ciclovia,127,FeatureCollection,[object Object],,2613701,false,Ciclovia
135488944,Rua Doutor Sérgio Loreto,0,residential,false,Ciclovia,127,FeatureCollection,[object Object],,2613701,false,Ciclovia
136038482,Rua Austro Costa,0,residential,false,Ciclovia,127,FeatureCollection,[object Object],,2613701,false,Ciclovia
136038770,Rua Professor Dionísio Maciel Monteiro,0,tertiary,false,Ciclovia,127,FeatureCollection,[object Object],,2613701,false,Ciclovia
136038795,Rua Professor Dionísio Maciel Monteiro,0,tertiary,false,Ciclovia,127,FeatureCollection,[object Object],,2613701,false,Ciclovia
776504672,Avenida Presidente Kennedy,0,primary,false,Ciclovia,127,FeatureCollection,[object Object],,2613701,false,Ciclovia
136159453,Avenida José Coriolano,0,residential,false,Ciclovia,127,FeatureCollection,[object Object],,2613701,false,Ciclovia
136385688,Rua Maria Sodré da Mota,0,residential,false,Ciclovia,127,FeatureCollection,[object Object],,2613701,false,Ciclovia
646632251,Rua Dom Sebastião Leme,0,residential,false,Ciclovia,127,FeatureCollection,[object Object],,2613701,false,Ciclovia
646638517,Rua Professor Dionísio Maciel Monteiro,0,tertiary,false,Ciclovia,127,FeatureCollection,[object Object],,2613701,false,Ciclovia
646638518,Rua Professor Dionísio Maciel Monteiro,0,tertiary,false,Ciclovia,127,FeatureCollection,[object Object],,2613701,false,Ciclovia
698129083,Rua Dom Sebastião Leme,0,residential,false,Ciclovia,127,FeatureCollection,[object Object],,2613701,false,Ciclovia
776504668,Avenida Presidente Kennedy,0,primary,false,Ciclovia,127,FeatureCollection,[object Object],,2613701,false,Ciclovia
776504675,Avenida Presidente Kennedy,0,primary,false,Ciclovia,127,FeatureCollection,[object Object],,2613701,false,Ciclovia
776504677,Avenida Presidente Kennedy,0,primary,false,Ciclovia,127,FeatureCollection,[object Object],,2613701,false,Ciclovia
857344609,Avenida Presidente Kennedy,0,primary,false,Ciclovia,127,FeatureCollection,[object Object],,2613701,false,Ciclovia
857344610,Avenida Presidente Kennedy,0,primary,false,Ciclovia,127,FeatureCollection,[object Object],,2613701,false,Ciclovia
905218471,Avenida Presidente Kennedy,0,primary,false,Ciclovia,127,FeatureCollection,[object Object],,2613701,false,Ciclovia
905218472,Avenida Presidente Kennedy,0,primary,false,Ciclovia,127,FeatureCollection,[object Object],,2613701,false,Ciclovia
967639476,Rua Professor Dionísio Maciel Monteiro,0,residential,false,Ciclovia,127,FeatureCollection,[object Object],,2613701,false,Ciclovia
967920872,Avenida Presidente Kennedy,0,primary,false,Ciclovia,127,FeatureCollection,[object Object],,2613701,false,Ciclovia
967920873,Avenida Presidente Kennedy,0,primary,false,Ciclovia,127,FeatureCollection,[object Object],,2613701,false,Ciclovia
967920876,Avenida Presidente Kennedy,0,primary,false,Ciclovia,127,FeatureCollection,[object Object],,2613701,false,Ciclovia
967938934,Avenida Presidente Kennedy,0,primary,false,Ciclovia,127,FeatureCollection,[object Object],,2613701,false,Ciclovia
967938936,Avenida Presidente Kennedy,0,primary,false,Ciclovia,127,FeatureCollection,[object Object],,2613701,false,Ciclovia
967938937,Avenida Presidente Kennedy,0,primary,false,Ciclovia,127,FeatureCollection,[object Object],,2613701,false,Ciclovia
967938938,Avenida Presidente Kennedy,0,primary,false,Ciclovia,127,FeatureCollection,[object Object],,2613701,false,Ciclovia
967943324,Rua Maria Sodré da Mota,0,residential,false,Ciclovia,127,FeatureCollection,[object Object],,2613701,false,Ciclovia
967966059,Avenida Presidente Kennedy,0,primary,false,Ciclovia,127,FeatureCollection,[object Object],,2613701,false,Ciclovia
969857669,Rua Austro Costa,0,residential,false,Ciclovia,127,FeatureCollection,[object Object],,2613701,false,Ciclovia
969857670,Rua Austro Costa,0,residential,false,Ciclovia,127,FeatureCollection,[object Object],,2613701,false,Ciclovia
969857671,Rua Doutor Sérgio Loreto,0,residential,false,Ciclovia,127,FeatureCollection,[object Object],,2613701,false,Ciclovia
974904342,Rua Carmela Dutra,0,tertiary,false,Ciclovia,127,FeatureCollection,[object Object],,2613701,false,Ciclovia
1183583045,Avenida Presidente Kennedy,0,secondary,false,Ciclovia,127,FeatureCollection,[object Object],,2613701,false,Ciclovia
1183583046,Avenida Presidente Kennedy,0,secondary,false,Ciclovia,127,FeatureCollection,[object Object],,2613701,false,Ciclovia
128551436,Avenida Antônio da Costa Azevedo,0,tertiary,false,Ciclovia,53,FeatureCollection,[object Object],,2613701,false,Ciclovia
128682908,Avenida Luís Correia de Brito,0,secondary,false,Ciclovia,53,FeatureCollection,[object Object],,2613701,false,Ciclovia
129080119,Avenida Antônio da Costa Azevedo,0,secondary,false,Ciclovia,53,FeatureCollection,[object Object],,2613701,false,Ciclovia
129080120,Avenida Antônio da Costa Azevedo,0,secondary,false,Ciclovia,53,FeatureCollection,[object Object],,2613701,false,Ciclovia
317189745,Avenida Antônio da Costa Azevedo,0,secondary,false,Ciclovia,53,FeatureCollection,[object Object],,2613701,false,Ciclovia
698129086,Avenida Antônio da Costa Azevedo,0,tertiary,false,Ciclovia,53,FeatureCollection,[object Object],,2613701,false,Ciclovia
753036398,Avenida Luís Correia de Brito,0,secondary,false,Ciclovia,53,FeatureCollection,[object Object],,2613701,false,Ciclovia
753036399,Avenida Luís Correia de Brito,0,secondary,false,Ciclovia,53,FeatureCollection,[object Object],,2613701,false,Ciclovia
776504678,Avenida Antônio da Costa Azevedo,0,secondary,false,Ciclovia,53,FeatureCollection,[object Object],,2613701,false,Ciclovia
1183583033,Avenida Antônio da Costa Azevedo,0,tertiary,false,Ciclovia,53,FeatureCollection,[object Object],,2613701,false,Ciclovia
131354542,Avenida Beberibe,0,primary,false,Ciclovia,30,FeatureCollection,[object Object],,2613701,false,Ciclovia
132398392,Rua da Regeneração,0,primary_link,false,Ciclovia,30,FeatureCollection,[object Object],,2613701,false,Ciclovia
151272931,Avenida Beberibe,0,primary,false,Ciclovia,30,FeatureCollection,[object Object],,2613701,false,Ciclovia
151272934,Avenida Beberibe,0,primary,false,Ciclovia,30,FeatureCollection,[object Object],,2613701,false,Ciclovia
178258319,Avenida Beberibe,0,primary,false,Ciclovia,30,FeatureCollection,[object Object],,2613701,false,Ciclovia
317313976,Avenida Beberibe,0,primary,false,Ciclovia,30,FeatureCollection,[object Object],,2613701,false,Ciclovia
317313977,Avenida Beberibe,0,primary,false,Ciclovia,30,FeatureCollection,[object Object],,2613701,false,Ciclovia
317985692,Avenida Beberibe,0,primary,false,Ciclovia,30,FeatureCollection,[object Object],,2613701,false,Ciclovia
824376342,Avenida Beberibe,0,primary,false,Ciclovia,30,FeatureCollection,[object Object],,2613701,false,Ciclovia
1041226117,Avenida Beberibe,0,primary,false,Ciclovia,30,FeatureCollection,[object Object],,2613701,false,Ciclovia
45706267,Avenida Presidente Kennedy,0,secondary,false,Ciclovia,111,FeatureCollection,[object Object],,2613701,false,Ciclovia
131355251,,0,primary_link,false,Ciclovia,111,FeatureCollection,[object Object],,2613701,false,Ciclovia
131355303,,0,primary_link,false,Ciclovia,111,FeatureCollection,[object Object],,2613701,false,Ciclovia
131355309,,0,primary_link,false,Ciclovia,111,FeatureCollection,[object Object],,2613701,false,Ciclovia
575167433,Rua Flora de Assunção Gonçalves,0,residential,false,Ciclovia,111,FeatureCollection,[object Object],,2613701,false,Ciclovia
775847258,,0,primary_link,false,Ciclovia,111,FeatureCollection,[object Object],,2613701,false,Ciclovia
967905875,Avenida Presidente Kennedy,0,secondary,false,Ciclovia,111,FeatureCollection,[object Object],,2613701,false,Ciclovia
1183583048,Rua Cantora Dalva de Oliveira,0,tertiary,false,Ciclovia,111,FeatureCollection,[object Object],,2613701,false,Ciclovia
134171334,Rua do Futuro,0,tertiary,false,Ciclovia,186,FeatureCollection,[object Object],,2613701,false,Ciclovia
134171336,Rua do Futuro,0,tertiary,false,Ciclovia,186,FeatureCollection,[object Object],,2613701,false,Ciclovia
316587817,Rua do Futuro,0,tertiary,false,Ciclovia,186,FeatureCollection,[object Object],,2613701,false,Ciclovia
316587818,Rua do Futuro,0,tertiary,false,Ciclovia,186,FeatureCollection,[object Object],,2613701,false,Ciclovia
609808989,Rua do Futuro,0,tertiary,false,Ciclovia,186,FeatureCollection,[object Object],,2613701,false,Ciclovia
967453177,Rua do Futuro,0,tertiary,false,Ciclovia,186,FeatureCollection,[object Object],,2613701,false,Ciclovia
974655063,Rua do Futuro,0,tertiary,false,Ciclovia,186,FeatureCollection,[object Object],,2613701,false,Ciclovia
974655064,Rua do Futuro,0,tertiary,false,Ciclovia,186,FeatureCollection,[object Object],,2613701,false,Ciclovia
1010825399,Rua do Futuro,0,tertiary,false,Ciclovia,186,FeatureCollection,[object Object],,2613701,false,Ciclovia
1189266169,Rua do Futuro,0,tertiary,false,Ciclovia,186,FeatureCollection,[object Object],,2613701,false,Ciclovia
85697360,Avenida João de Barros,0,secondary,false,Ciclovia,119,FeatureCollection,[object Object],,2613701,false,Ciclovia
85744485,Avenida João de Barros,0,secondary,false,Ciclovia,119,FeatureCollection,[object Object],,2613701,false,Ciclovia
128677952,Avenida João de Barros,0,primary,false,Ciclovia,119,FeatureCollection,[object Object],,2613701,false,Ciclovia
128683792,Avenida João de Barros,0,secondary,false,Ciclovia,119,FeatureCollection,[object Object],,2613701,false,Ciclovia
128683794,Avenida João de Barros,0,secondary,false,Ciclovia,119,FeatureCollection,[object Object],,2613701,false,Ciclovia
130482842,Rua Nunes Machado,0,tertiary,false,Ciclovia,119,FeatureCollection,[object Object],,2613701,false,Ciclovia
151272935,Estrada de Belém,0,secondary,false,Ciclovia,119,FeatureCollection,[object Object],,2613701,false,Ciclovia
255735520,Avenida João de Barros,0,secondary,false,Ciclovia,119,FeatureCollection,[object Object],,2613701,false,Ciclovia
316609863,Estrada de Belém,0,secondary,false,Ciclovia,119,FeatureCollection,[object Object],,2613701,false,Ciclovia
316609864,Estrada de Belém,0,secondary,false,Ciclovia,119,FeatureCollection,[object Object],,2613701,false,Ciclovia
316614626,Estrada de Belém,0,secondary,false,Ciclovia,119,FeatureCollection,[object Object],,2613701,false,Ciclovia
316676558,Avenida João de Barros,0,secondary,false,Ciclovia,119,FeatureCollection,[object Object],,2613701,false,Ciclovia
316707902,Avenida João de Barros,0,secondary,false,Ciclovia,119,FeatureCollection,[object Object],,2613701,false,Ciclovia
318543365,Estrada de Belém,0,secondary,false,Ciclovia,119,FeatureCollection,[object Object],,2613701,false,Ciclovia
320212005,Rua Doutor Carlos Chagas,0,secondary,false,Ciclovia,119,FeatureCollection,[object Object],,2613701,false,Ciclovia
436084863,Rua da Soledade,0,tertiary,false,Ciclovia,119,FeatureCollection,[object Object],,2613701,false,Ciclovia
607755764,Estrada de Belém,0,secondary,false,Ciclovia,119,FeatureCollection,[object Object],,2613701,false,Ciclovia
607806638,Avenida João de Barros,0,primary,false,Ciclovia,119,FeatureCollection,[object Object],,2613701,false,Ciclovia
607806639,Avenida João de Barros,0,primary,false,Ciclovia,119,FeatureCollection,[object Object],,2613701,false,Ciclovia
704220887,Rua Doutor Carlos Chagas,0,secondary,false,Ciclovia,119,FeatureCollection,[object Object],,2613701,false,Ciclovia
704220888,Avenida João de Barros,0,secondary,false,Ciclovia,119,FeatureCollection,[object Object],,2613701,false,Ciclovia
704220889,Avenida João de Barros,0,secondary,false,Ciclovia,119,FeatureCollection,[object Object],,2613701,false,Ciclovia
770730308,Avenida João de Barros,0,secondary,false,Ciclovia,119,FeatureCollection,[object Object],,2613701,false,Ciclovia
816364141,Avenida João de Barros,0,secondary,false,Ciclovia,119,FeatureCollection,[object Object],,2613701,false,Ciclovia
816364142,Avenida João de Barros,0,secondary,false,Ciclovia,119,FeatureCollection,[object Object],,2613701,false,Ciclovia
967656554,Estrada de Belém,0,secondary,false,Ciclovia,119,FeatureCollection,[object Object],,2613701,false,Ciclovia
1002053173,Estrada de Belém,0,secondary,false,Ciclovia,119,FeatureCollection,[object Object],,2613701,false,Ciclovia
1016647976,Rua Nunes Machado,0,tertiary,false,Ciclovia,119,FeatureCollection,[object Object],,2613701,false,Ciclovia
1016647977,Rua Nunes Machado,0,cycleway,true,Ciclovia,119,FeatureCollection,[object Object],,2613701,false,Ciclovia
1183844233,Estrada de Belém,0,secondary,false,Ciclovia,119,FeatureCollection,[object Object],,2613701,false,Ciclovia
128158502,Rua José Luís de Silveira Barros,0,secondary,false,Ciclovia,49,FeatureCollection,[object Object],,2613701,false,Ciclovia
130922421,Rua Alberto Paiva,0,secondary,false,Ciclovia,49,FeatureCollection,[object Object],,2613701,false,Ciclovia
130922803,Rua Conde de Irajá,0,secondary,false,Ciclovia,49,FeatureCollection,[object Object],,2613701,false,Ciclovia
133334859,Rua Amélia,0,secondary,false,Ciclovia,49,FeatureCollection,[object Object],,2613701,false,Ciclovia
133334910,Rua Amélia,0,secondary,false,Ciclovia,49,FeatureCollection,[object Object],,2613701,false,Ciclovia
251680266,Ponte da Torre,0,secondary_link,false,Ciclovia,49,FeatureCollection,[object Object],,2613701,false,Ciclovia
318243734,Rua Amélia,0,secondary,false,Ciclovia,49,FeatureCollection,[object Object],,2613701,false,Ciclovia
375748426,Rua Amélia,0,secondary,false,Ciclovia,49,FeatureCollection,[object Object],,2613701,false,Ciclovia
479256923,Ponte da Torre,0,secondary,false,Ciclovia,49,FeatureCollection,[object Object],,2613701,false,Ciclovia
479256924,Rua Amélia,0,secondary,false,Ciclovia,49,FeatureCollection,[object Object],,2613701,false,Ciclovia
479256925,Ponte da Torre,0,secondary,false,Ciclovia,49,FeatureCollection,[object Object],,2613701,false,Ciclovia
786325343,Rua Amélia,0,secondary,false,Ciclovia,49,FeatureCollection,[object Object],,2613701,false,Ciclovia
927715997,Rua Alberto Paiva,0,secondary,false,Ciclovia,49,FeatureCollection,[object Object],,2613701,false,Ciclovia
966009031,Rua Conde de Irajá,0,secondary,false,Ciclovia,49,FeatureCollection,[object Object],,2613701,false,Ciclovia
966009032,,0,secondary_link,false,Ciclovia,49,FeatureCollection,[object Object],,2613701,false,Ciclovia
966009033,,0,secondary_link,false,Ciclovia,49,FeatureCollection,[object Object],,2613701,false,Ciclovia
128013340,Avenida Olinda,0,trunk,false,Ciclovia,84,FeatureCollection,[object Object],,2613701,false,Ciclovia
967962393,Rua Amélia,0,secondary,false,Ciclovia,49,FeatureCollection,[object Object],,2613701,false,Ciclovia
45706270,Avenida Olinda,0,primary,false,Ciclovia,84,FeatureCollection,[object Object],,2613701,false,Ciclovia
102724783,Avenida Sigismundo Gonçalves,0,primary,false,Ciclovia,84,FeatureCollection,[object Object],,2613701,false,Ciclovia
128012831,Avenida Sigismundo Gonçalves,0,primary,false,Ciclovia,84,FeatureCollection,[object Object],,2613701,false,Ciclovia
128012834,Avenida Sigismundo Gonçalves,0,primary,false,Ciclovia,84,FeatureCollection,[object Object],,2613701,false,Ciclovia
128013343,Avenida Olinda,0,primary,false,Ciclovia,84,FeatureCollection,[object Object],,2613701,false,Ciclovia
128012925,Avenida Sigismundo Gonçalves,0,primary,false,Ciclovia,84,FeatureCollection,[object Object],,2613701,false,Ciclovia
128012927,Rua do Sol,0,primary,false,Ciclovia,84,FeatureCollection,[object Object],,2613701,false,Ciclovia
128012940,,0,primary_link,false,Ciclovia,84,FeatureCollection,[object Object],,2613701,false,Ciclovia
128013223,Avenida Sigismundo Gonçalves,0,primary,false,Ciclovia,84,FeatureCollection,[object Object],,2613701,false,Ciclovia
128013234,Avenida Sigismundo Gonçalves,0,primary,false,Ciclovia,84,FeatureCollection,[object Object],,2613701,false,Ciclovia
128013339,Avenida Olinda,0,primary,false,Ciclovia,84,FeatureCollection,[object Object],,2613701,false,Ciclovia
128122447,Avenida Governador Agamenon Magalhães,0,primary_link,false,Ciclovia,84,FeatureCollection,[object Object],,2613701,false,Ciclovia
128683043,Avenida Cruz Cabugá,0,primary,false,Ciclovia,84,FeatureCollection,[object Object],,2613701,false,Ciclovia
129079923,Avenida Olinda,0,primary,false,Ciclovia,84,FeatureCollection,[object Object],,2613701,false,Ciclovia
129446937,Rua Doutor Farias Neves Sobrinho,0,residential,false,Ciclovia,84,FeatureCollection,[object Object],,2613701,false,Ciclovia
168232558,Avenida Sigismundo Gonçalves,0,primary,false,Ciclovia,84,FeatureCollection,[object Object],,2613701,false,Ciclovia
252994789,,0,primary_link,false,Ciclovia,84,FeatureCollection,[object Object],,2613701,false,Ciclovia
315073849,Avenida Cruz Cabugá,0,primary,false,Ciclovia,84,FeatureCollection,[object Object],,2613701,false,Ciclovia
315073850,Avenida Cruz Cabugá,0,primary,false,Ciclovia,84,FeatureCollection,[object Object],,2613701,false,Ciclovia
315073852,Avenida Cruz Cabugá,0,primary,false,Ciclovia,84,FeatureCollection,[object Object],,2613701,false,Ciclovia
351002959,,0,primary_link,false,Ciclovia,84,FeatureCollection,[object Object],,2613701,false,Ciclovia
577189569,Avenida Cruz Cabugá,0,primary,false,Ciclovia,84,FeatureCollection,[object Object],,2613701,false,Ciclovia
577317332,Avenida Cruz Cabugá,0,primary,false,Ciclovia,84,FeatureCollection,[object Object],,2613701,false,Ciclovia
577319608,Avenida Cruz Cabugá,0,primary,false,Ciclovia,84,FeatureCollection,[object Object],,2613701,false,Ciclovia
577319609,Avenida Cruz Cabugá,0,primary,false,Ciclovia,84,FeatureCollection,[object Object],,2613701,false,Ciclovia
579464223,Avenida Cruz Cabugá,0,primary,false,Ciclovia,84,FeatureCollection,[object Object],,2613701,false,Ciclovia
582585041,Avenida Cruz Cabugá,0,primary,false,Ciclovia,84,FeatureCollection,[object Object],,2613701,false,Ciclovia
582585071,Avenida Cruz Cabugá,0,primary,false,Ciclovia,84,FeatureCollection,[object Object],,2613701,false,Ciclovia
582585074,Avenida Cruz Cabugá,0,primary,false,Ciclovia,84,FeatureCollection,[object Object],,2613701,false,Ciclovia
647088638,Avenida Olinda,0,primary,false,Ciclovia,84,FeatureCollection,[object Object],,2613701,false,Ciclovia
662172174,Avenida Olinda,0,primary,false,Ciclovia,84,FeatureCollection,[object Object],,2613701,false,Ciclovia
698129099,Avenida Presidente Kennedy,0,primary,false,Ciclovia,84,FeatureCollection,[object Object],,2613701,false,Ciclovia
703556858,Avenida Cruz Cabugá,0,primary,false,Ciclovia,84,FeatureCollection,[object Object],,2613701,false,Ciclovia
704149997,Avenida Cruz Cabugá,0,primary,false,Ciclovia,84,FeatureCollection,[object Object],,2613701,false,Ciclovia
704150002,Avenida Cruz Cabugá,0,primary,false,Ciclovia,84,FeatureCollection,[object Object],,2613701,false,Ciclovia
704150005,Avenida Cruz Cabugá,0,primary,false,Ciclovia,84,FeatureCollection,[object Object],,2613701,false,Ciclovia
704150013,Avenida Cruz Cabugá,0,primary,false,Ciclovia,84,FeatureCollection,[object Object],,2613701,false,Ciclovia
713565472,Avenida Marcos Freire,0,primary,false,Ciclovia,84,FeatureCollection,[object Object],,2613701,false,Ciclovia
713837532,Rua do Sol,0,primary,false,Ciclovia,84,FeatureCollection,[object Object],,2613701,false,Ciclovia
715991595,Avenida Sigismundo Gonçalves,0,primary,false,Ciclovia,84,FeatureCollection,[object Object],,2613701,false,Ciclovia
716992015,Avenida Sigismundo Gonçalves,0,primary,false,Ciclovia,84,FeatureCollection,[object Object],,2613701,false,Ciclovia
716992016,Avenida Sigismundo Gonçalves,0,primary,false,Ciclovia,84,FeatureCollection,[object Object],,2613701,false,Ciclovia
762502941,Avenida Olinda,0,primary,false,Ciclovia,84,FeatureCollection,[object Object],,2613701,false,Ciclovia
775578521,Avenida Cruz Cabugá,0,primary,false,Ciclovia,84,FeatureCollection,[object Object],,2613701,false,Ciclovia
775578522,Avenida Cruz Cabugá,0,primary,false,Ciclovia,84,FeatureCollection,[object Object],,2613701,false,Ciclovia
128217334,Rua Odorico Mendes,0,secondary,false,Ciclovia,97,FeatureCollection,[object Object],,2613701,false,Ciclovia
778277026,Avenida Cruz Cabugá,0,primary,false,Ciclovia,84,FeatureCollection,[object Object],,2613701,false,Ciclovia
821123742,Avenida Sigismundo Gonçalves,0,primary,false,Ciclovia,84,FeatureCollection,[object Object],,2613701,false,Ciclovia
866998478,Avenida Cruz Cabugá,0,primary,false,Ciclovia,84,FeatureCollection,[object Object],,2613701,false,Ciclovia
866998479,Avenida Cruz Cabugá,0,primary,false,Ciclovia,84,FeatureCollection,[object Object],,2613701,false,Ciclovia
967661098,Avenida Cruz Cabugá,0,primary,false,Ciclovia,84,FeatureCollection,[object Object],,2613701,false,Ciclovia
967920776,Avenida Olinda,0,primary,false,Ciclovia,84,FeatureCollection,[object Object],,2613701,false,Ciclovia
967921839,Avenida Cruz Cabugá,0,primary,false,Ciclovia,84,FeatureCollection,[object Object],,2613701,false,Ciclovia
128217337,Avenida Doutor Jayme da Fonte,0,secondary,false,Ciclovia,97,FeatureCollection,[object Object],,2613701,false,Ciclovia
967923631,Avenida Cruz Cabugá,0,primary,false,Ciclovia,84,FeatureCollection,[object Object],,2613701,false,Ciclovia
967923632,Avenida Cruz Cabugá,0,primary,false,Ciclovia,84,FeatureCollection,[object Object],,2613701,false,Ciclovia
967953837,Avenida Cruz Cabugá,0,primary,false,Ciclovia,84,FeatureCollection,[object Object],,2613701,false,Ciclovia
967957941,Avenida Cruz Cabugá,0,primary,false,Ciclovia,84,FeatureCollection,[object Object],,2613701,false,Ciclovia
968234217,Avenida Governador Agamenon Magalhães,0,primary_link,false,Ciclovia,84,FeatureCollection,[object Object],,2613701,false,Ciclovia
968292821,Avenida Cruz Cabugá,0,primary,false,Ciclovia,84,FeatureCollection,[object Object],,2613701,false,Ciclovia
968292822,Avenida Cruz Cabugá,0,primary,false,Ciclovia,84,FeatureCollection,[object Object],,2613701,false,Ciclovia
1430373383,Avenida Sigismundo Gonçalves,0,primary,false,Ciclovia,84,FeatureCollection,[object Object],,2613701,false,Ciclovia
134179603,Estrada do Arraial,0,secondary,false,Ciclovia,108,FeatureCollection,[object Object],,2613701,false,Ciclovia
133334358,Rua José Alexandre Caçador,0,tertiary,false,Ciclovia,136,FeatureCollection,[object Object],,2613701,false,Ciclovia
305934839,Avenida Santos Dumont,0,tertiary,false,Ciclovia,136,FeatureCollection,[object Object],,2613701,false,Ciclovia
316580109,Avenida Santos Dumont,0,tertiary,false,Ciclovia,136,FeatureCollection,[object Object],,2613701,false,Ciclovia
316609862,Avenida Santos Dumont,0,tertiary,false,Ciclovia,136,FeatureCollection,[object Object],,2613701,false,Ciclovia
681774128,Avenida Santos Dumont,0,tertiary,false,Ciclovia,136,FeatureCollection,[object Object],,2613701,false,Ciclovia
762741649,Avenida Santos Dumont,0,tertiary,false,Ciclovia,136,FeatureCollection,[object Object],,2613701,false,Ciclovia
762741651,Rua José Alexandre Caçador,0,tertiary,false,Ciclovia,136,FeatureCollection,[object Object],,2613701,false,Ciclovia
704150020,Ciclovia Norte,0,cycleway,true,Ciclovia,88,FeatureCollection,[object Object],,2613701,false,Ciclovia
737670594,Ciclovia Norte,0,cycleway,true,Ciclovia,88,FeatureCollection,[object Object],,2613701,false,Ciclovia
804453471,Ciclovia Norte,0,cycleway,true,Ciclovia,88,FeatureCollection,[object Object],,2613701,false,Ciclovia
831926429,Ciclovia Norte,0,cycleway,true,Ciclovia,88,FeatureCollection,[object Object],,2613701,false,Ciclovia
835830090,Ciclovia Norte,0,cycleway,true,Ciclovia,88,FeatureCollection,[object Object],,2613701,false,Ciclovia
1183970372,Ciclovia Norte,0,cycleway,true,Ciclovia,88,FeatureCollection,[object Object],,2613701,false,Ciclovia
54181596,Avenida Doutor Jayme da Fonte,0,secondary,false,Ciclovia,97,FeatureCollection,[object Object],,2613701,false,Ciclovia
128124421,Avenida Doutor Jayme da Fonte,0,secondary,false,Ciclovia,97,FeatureCollection,[object Object],,2613701,false,Ciclovia
128124535,Avenida Doutor Jayme da Fonte,0,secondary,false,Ciclovia,97,FeatureCollection,[object Object],,2613701,false,Ciclovia
128124609,Rua Odorico Mendes,0,secondary,false,Ciclovia,97,FeatureCollection,[object Object],,2613701,false,Ciclovia
132050336,Rua Odorico Mendes,0,secondary,false,Ciclovia,97,FeatureCollection,[object Object],,2613701,false,Ciclovia
315073860,Avenida Doutor Jayme da Fonte,0,secondary,false,Ciclovia,97,FeatureCollection,[object Object],,2613701,false,Ciclovia
968269586,Avenida Doutor Jayme da Fonte,0,secondary,false,Ciclovia,97,FeatureCollection,[object Object],,2613701,false,Ciclovia
968284171,Avenida Doutor Jayme da Fonte,0,secondary,false,Ciclovia,97,FeatureCollection,[object Object],,2613701,false,Ciclovia
132049184,Rua dos Palmares,0,secondary,false,Ciclovia,118,FeatureCollection,[object Object],,2613701,false,Ciclovia
132049185,Rua Doutor Carlos Chagas,0,secondary,false,Ciclovia,118,FeatureCollection,[object Object],,2613701,false,Ciclovia
646641802,Rua Mário Sete,0,residential,false,Ciclovia,239,FeatureCollection,[object Object],,2613701,false,Ciclovia
704220886,Rua dos Palmares,0,secondary,false,Ciclovia,118,FeatureCollection,[object Object],,2613701,false,Ciclovia
762896712,Rua dos Palmares,0,secondary,false,Ciclovia,118,FeatureCollection,[object Object],,2613701,false,Ciclovia
762896713,Ciclovia Graça Araújo,0,cycleway,true,Ciclovia,118,FeatureCollection,[object Object],,2613701,false,Ciclovia
762896714,Ciclovia Graça Araújo,0,cycleway,true,Ciclovia,118,FeatureCollection,[object Object],,2613701,false,Ciclovia
1010830123,Ciclovia Graça Araújo,0,cycleway,true,Ciclovia,118,FeatureCollection,[object Object],,2613701,false,Ciclovia
128124232,Rua Artur Lima Cavalcante,0,secondary,false,Ciclovia,117,FeatureCollection,[object Object],,2613701,false,Ciclovia
128124233,Rua Artur Lima Cavalcante,0,secondary,false,Ciclovia,117,FeatureCollection,[object Object],,2613701,false,Ciclovia
573648855,Rua Artur Lima Cavalcante,0,secondary,false,Ciclovia,117,FeatureCollection,[object Object],,2613701,false,Ciclovia
174872233,Rua Mário Sete,0,residential,false,Ciclovia,239,FeatureCollection,[object Object],,2613701,false,Ciclovia
222825616,Rua Mário Sete,0,residential,false,Ciclovia,239,FeatureCollection,[object Object],,2613701,false,Ciclovia
321561997,Rua Luís Avelino de Andrade,0,residential,false,Ciclovia,239,FeatureCollection,[object Object],,2613701,false,Ciclovia
533282105,Rua Doutor Machado,0,residential,false,Ciclovia,239,FeatureCollection,[object Object],,2613701,false,Ciclovia
753056343,Rua Marquês de Baipendi,0,residential,false,Ciclovia,239,FeatureCollection,[object Object],,2613701,false,Ciclovia
1183583004,Rua Marquês de Baipendi,0,residential,false,Ciclovia,239,FeatureCollection,[object Object],,2613701,false,Ciclovia
1183583019,Rua Oliveira Fonseca,0,residential,false,Ciclovia,239,FeatureCollection,[object Object],,2613701,false,Ciclovia
1183583026,Rua Marquês de Baipendi,0,tertiary,false,Ciclovia,239,FeatureCollection,[object Object],,2613701,false,Ciclovia
139040697,Rua São Caetano,0,residential,false,Ciclovia,238,FeatureCollection,[object Object],,2613701,false,Ciclovia
174870222,Rua São Caetano,0,residential,false,Ciclovia,238,FeatureCollection,[object Object],,2613701,false,Ciclovia
1183844232,Estrada de Belém,0,secondary,false,Ciclovia,238,FeatureCollection,[object Object],,2613701,false,Ciclovia
140479112,Rua Couto Magalhães,0,tertiary,false,Ciclovia,137,FeatureCollection,[object Object],,2613701,false,Ciclovia
966029959,Rua José Alexandre Caçador,0,tertiary,false,Ciclovia,137,FeatureCollection,[object Object],,2613701,false,Ciclovia
135145844,Avenida Engenheiro Agamenon de Magalhães Melo,0,tertiary,false,Ciclovia,50,FeatureCollection,[object Object],,2613701,false,Ciclovia
135145846,Avenida Engenheiro Agamenon de Magalhães Melo,0,tertiary,false,Ciclovia,50,FeatureCollection,[object Object],,2613701,false,Ciclovia
135145847,Avenida Engenheiro Agamenon de Magalhães Melo,0,tertiary,false,Ciclovia,50,FeatureCollection,[object Object],,2613701,false,Ciclovia
132399631,Estrada Velha de Água Fria,0,secondary,false,Ciclovia,29,FeatureCollection,[object Object],,2613701,false,Ciclovia
135138773,Estrada Velha de Água Fria,0,secondary,false,Ciclovia,29,FeatureCollection,[object Object],,2613701,false,Ciclovia
135138774,Estrada Velha de Água Fria,0,secondary,false,Ciclovia,29,FeatureCollection,[object Object],,2613701,false,Ciclovia
135138775,Estrada Velha de Água Fria,0,secondary,false,Ciclovia,29,FeatureCollection,[object Object],,2613701,false,Ciclovia
135138776,Estrada Velha de Água Fria,0,secondary,false,Ciclovia,29,FeatureCollection,[object Object],,2613701,false,Ciclovia
142610161,Estrada Velha de Água Fria,0,secondary,false,Ciclovia,29,FeatureCollection,[object Object],,2613701,false,Ciclovia
142610164,Estrada Velha de Água Fria,0,secondary,false,Ciclovia,29,FeatureCollection,[object Object],,2613701,false,Ciclovia
317313980,Estrada Velha de Água Fria,0,secondary,false,Ciclovia,29,FeatureCollection,[object Object],,2613701,false,Ciclovia
317313981,Estrada Velha de Água Fria,0,secondary,false,Ciclovia,29,FeatureCollection,[object Object],,2613701,false,Ciclovia
966017700,Estrada Velha de Água Fria,0,secondary,false,Ciclovia,29,FeatureCollection,[object Object],,2613701,false,Ciclovia
475326170,Rotatória de Água Fria,0,secondary,false,Ciclovia,29,FeatureCollection,[object Object],,2613701,false,Ciclovia
753963898,Rotatória de Água Fria,0,secondary,false,Ciclovia,29,FeatureCollection,[object Object],,2613701,false,Ciclovia
824376340,Rotatória de Água Fria,0,secondary,false,Ciclovia,29,FeatureCollection,[object Object],,2613701,false,Ciclovia
824376343,Avenida Beberibe,0,primary,false,Ciclovia,29,FeatureCollection,[object Object],,2613701,false,Ciclovia
836834977,Estrada Velha de Água Fria,0,secondary,false,Ciclovia,29,FeatureCollection,[object Object],,2613701,false,Ciclovia
863027567,Estrada Velha de Água Fria,0,secondary,false,Ciclovia,29,FeatureCollection,[object Object],,2613701,false,Ciclovia
773098929,Avenida Hildebrando de Vasconcelos,0,tertiary,false,Ciclovia,183,FeatureCollection,[object Object],,2613701,false,Ciclovia
377679189,Avenida Canal,0,residential,false,Ciclovia,124,FeatureCollection,[object Object],,2613701,false,Ciclovia
696058426,,0,residential,false,Ciclovia,124,FeatureCollection,[object Object],,2613701,false,Ciclovia
717004392,Avenida Canal,0,residential,false,Ciclovia,124,FeatureCollection,[object Object],,2613701,false,Ciclovia
965972973,,0,path,false,Ciclovia,124,FeatureCollection,[object Object],,2613701,false,Ciclovia
1183820105,Avenida Canal,0,proposed,false,Ciclovia,124,FeatureCollection,[object Object],,2613701,false,Ciclovia
1183820106,Avenida Canal,0,proposed,false,Ciclovia,124,FeatureCollection,[object Object],,2613701,false,Ciclovia
88197917,Rua Cônego Xavier Pedrosa,0,tertiary,false,Ciclovia,176,FeatureCollection,[object Object],,2613701,false,Ciclovia
135488992,Avenida Conselheiro Antônio Carlos Ferreira,0,tertiary,false,Ciclovia,176,FeatureCollection,[object Object],,2613701,false,Ciclovia
136157977,Avenida Brasília,0,tertiary,false,Ciclovia,176,FeatureCollection,[object Object],,2613701,false,Ciclovia
136372468,Avenida Brasília,0,residential,false,Ciclovia,176,FeatureCollection,[object Object],,2613701,false,Ciclovia
686750357,Avenida Conselheiro Antônio Carlos Ferreira,0,tertiary,false,Ciclovia,176,FeatureCollection,[object Object],,2613701,false,Ciclovia
716007897,Avenida Brasília,0,residential,false,Ciclovia,176,FeatureCollection,[object Object],,2613701,false,Ciclovia
716007898,Avenida Brasília,0,residential,false,Ciclovia,176,FeatureCollection,[object Object],,2613701,false,Ciclovia
752945167,Rua Cônego Xavier Pedrosa,0,tertiary,false,Ciclovia,176,FeatureCollection,[object Object],,2613701,false,Ciclovia
967617150,Avenida Brasília,0,residential,false,Ciclovia,176,FeatureCollection,[object Object],,2613701,false,Ciclovia
969857672,Avenida Brasília,0,residential,false,Ciclovia,176,FeatureCollection,[object Object],,2613701,false,Ciclovia
104589672,Avenida Doutor Joaquim Nabuco,0,secondary,false,Ciclovia,198,FeatureCollection,[object Object],,2613701,false,Ciclovia
104589676,Avenida Doutor Joaquim Nabuco,0,secondary,false,Ciclovia,198,FeatureCollection,[object Object],,2613701,false,Ciclovia
104592948,Avenida Doutor Joaquim Nabuco,0,secondary,false,Ciclovia,198,FeatureCollection,[object Object],,2613701,false,Ciclovia
128145885,Avenida Doutor Joaquim Nabuco,0,secondary,false,Ciclovia,198,FeatureCollection,[object Object],,2613701,false,Ciclovia
351003682,Avenida Doutor Joaquim Nabuco,0,secondary,false,Ciclovia,198,FeatureCollection,[object Object],,2613701,false,Ciclovia
368075237,Avenida Pan Nordestina,0,primary,false,Ciclovia,34,FeatureCollection,[object Object],,2613701,false,Ciclovia
698310073,Avenida Doutor Joaquim Nabuco,0,secondary,false,Ciclovia,198,FeatureCollection,[object Object],,2613701,false,Ciclovia
710577883,Avenida Doutor Joaquim Nabuco,0,secondary,false,Ciclovia,198,FeatureCollection,[object Object],,2613701,false,Ciclovia
713557320,Avenida Doutor Joaquim Nabuco,0,secondary,false,Ciclovia,198,FeatureCollection,[object Object],,2613701,false,Ciclovia
128476739,,0,primary,false,Ciclovia,34,FeatureCollection,[object Object],,2613701,false,Ciclovia
129036387,Avenida Pan Nordestina,0,trunk,false,Ciclovia,34,FeatureCollection,[object Object],,2613701,false,Ciclovia
129036391,Avenida Pan Nordestina,0,trunk,false,Ciclovia,34,FeatureCollection,[object Object],,2613701,false,Ciclovia
351003684,Avenida Doutor Joaquim Nabuco,0,secondary,false,Ciclovia,34,FeatureCollection,[object Object],,2613701,false,Ciclovia
129036392,Avenida Pan Nordestina,0,trunk,false,Ciclovia,34,FeatureCollection,[object Object],,2613701,false,Ciclovia
129036403,Avenida Pan Nordestina,0,trunk,false,Ciclovia,34,FeatureCollection,[object Object],,2613701,false,Ciclovia
171980813,Avenida Pan Nordestina,0,primary,false,Ciclovia,34,FeatureCollection,[object Object],,2613701,false,Ciclovia
171980814,Avenida Pan Nordestina,0,trunk,false,Ciclovia,34,FeatureCollection,[object Object],,2613701,false,Ciclovia
171980815,Avenida Pan Nordestina,0,trunk,false,Ciclovia,34,FeatureCollection,[object Object],,2613701,false,Ciclovia
728925857,Avenida Pan Nordestina,0,primary,false,Ciclovia,34,FeatureCollection,[object Object],,2613701,false,Ciclovia
728925858,Avenida Pan Nordestina,0,primary,false,Ciclovia,34,FeatureCollection,[object Object],,2613701,false,Ciclovia
776520980,,0,primary,false,Ciclovia,34,FeatureCollection,[object Object],,2613701,false,Ciclovia
776520981,,0,primary,false,Ciclovia,34,FeatureCollection,[object Object],,2613701,false,Ciclovia
776520989,,0,primary,false,Ciclovia,34,FeatureCollection,[object Object],,2613701,false,Ciclovia
776520990,,0,primary,false,Ciclovia,34,FeatureCollection,[object Object],,2613701,false,Ciclovia
821123743,,0,primary,false,Ciclovia,34,FeatureCollection,[object Object],,2613701,false,Ciclovia
1183583001,,0,residential,false,Ciclovia,183,FeatureCollection,[object Object],,2613701,false,Ciclovia
967630551,Avenida Pan Nordestina,0,trunk,false,Ciclovia,34,FeatureCollection,[object Object],,2613701,false,Ciclovia
102727311,Avenida Pan Nordestina,0,trunk,false,Ciclovia,35,FeatureCollection,[object Object],,2613701,false,Ciclovia
168233236,Avenida Pan Nordestina,0,trunk,false,Ciclovia,35,FeatureCollection,[object Object],,2613701,false,Ciclovia
346091605,Avenida Pan Nordestina,0,trunk,false,Ciclovia,35,FeatureCollection,[object Object],,2613701,false,Ciclovia
393512014,Avenida Pan Nordestina,0,trunk,false,Ciclovia,35,FeatureCollection,[object Object],,2613701,false,Ciclovia
393522230,Avenida Pan Nordestina,0,trunk,false,Ciclovia,35,FeatureCollection,[object Object],,2613701,false,Ciclovia
393522231,Avenida Pan Nordestina,0,trunk,false,Ciclovia,35,FeatureCollection,[object Object],,2613701,false,Ciclovia
393522232,Avenida Pan Nordestina,0,trunk,false,Ciclovia,35,FeatureCollection,[object Object],,2613701,false,Ciclovia
393522233,Avenida Pan Nordestina,0,trunk,false,Ciclovia,35,FeatureCollection,[object Object],,2613701,false,Ciclovia
393542332,Rua Amedoim,0,secondary,false,Ciclovia,35,FeatureCollection,[object Object],,2613701,false,Ciclovia
393542336,Rua Amedoim,0,secondary,false,Ciclovia,35,FeatureCollection,[object Object],,2613701,false,Ciclovia
393543052,Rua Amedoim,0,secondary,false,Ciclovia,35,FeatureCollection,[object Object],,2613701,false,Ciclovia
393543053,Avenida Pan Nordestina,0,trunk,false,Ciclovia,35,FeatureCollection,[object Object],,2613701,false,Ciclovia
593537126,,0,trunk_link,false,Ciclovia,35,FeatureCollection,[object Object],,2613701,false,Ciclovia
593537127,,0,trunk_link,false,Ciclovia,35,FeatureCollection,[object Object],,2613701,false,Ciclovia
691452066,,0,trunk_link,false,Ciclovia,35,FeatureCollection,[object Object],,2613701,false,Ciclovia
691452067,Avenida Pan Nordestina,0,trunk,false,Ciclovia,35,FeatureCollection,[object Object],,2613701,false,Ciclovia
142640560,Ponte da Convenção,0,secondary,false,Ciclovia,170,FeatureCollection,[object Object],,2613701,false,Ciclovia
714144610,Avenida Pan Nordestina,0,trunk,false,Ciclovia,35,FeatureCollection,[object Object],,2613701,false,Ciclovia
714148342,Avenida Pan Nordestina,0,trunk,false,Ciclovia,35,FeatureCollection,[object Object],,2613701,false,Ciclovia
717384289,Avenida Doutor Joaquim Nabuco,0,trunk,false,Ciclovia,35,FeatureCollection,[object Object],,2613701,false,Ciclovia
717384290,Avenida Doutor Joaquim Nabuco,0,trunk,false,Ciclovia,35,FeatureCollection,[object Object],,2613701,false,Ciclovia
717384291,Avenida Doutor Joaquim Nabuco,0,trunk,false,Ciclovia,35,FeatureCollection,[object Object],,2613701,false,Ciclovia
791175343,Avenida Pan Nordestina,0,trunk,false,Ciclovia,35,FeatureCollection,[object Object],,2613701,false,Ciclovia
967682508,Avenida Pan Nordestina,0,trunk,false,Ciclovia,35,FeatureCollection,[object Object],,2613701,false,Ciclovia
967683094,Avenida Pan Nordestina,0,trunk,false,Ciclovia,35,FeatureCollection,[object Object],,2613701,false,Ciclovia
967978916,Avenida Pan Nordestina,0,trunk,false,Ciclovia,35,FeatureCollection,[object Object],,2613701,false,Ciclovia
1265659707,Avenida Pan Nordestina,0,trunk,false,Ciclovia,35,FeatureCollection,[object Object],,2613701,false,Ciclovia
51337031,Rua São Miguel,0,secondary,false,Ciclovia,178,FeatureCollection,[object Object],,2613701,false,Ciclovia
128012491,Rua São Miguel,0,secondary,false,Ciclovia,178,FeatureCollection,[object Object],,2613701,false,Ciclovia
128012492,Avenida Luís Gomes,0,secondary,false,Ciclovia,178,FeatureCollection,[object Object],,2613701,false,Ciclovia
771933586,Avenida Governador Carlos de Lima Cavalcante,0,secondary,false,Ciclovia,178,FeatureCollection,[object Object],,2613701,false,Ciclovia
535371706,,0,secondary_link,false,Ciclovia,178,FeatureCollection,[object Object],,2613701,false,Ciclovia
710577862,Avenida Governador Carlos de Lima Cavalcante,0,secondary,false,Ciclovia,178,FeatureCollection,[object Object],,2613701,false,Ciclovia
710577877,Rua São Miguel,0,secondary,false,Ciclovia,178,FeatureCollection,[object Object],,2613701,false,Ciclovia
710577878,Rua São Miguel,0,secondary,false,Ciclovia,178,FeatureCollection,[object Object],,2613701,false,Ciclovia
714146988,Avenida Governador Carlos de Lima Cavalcante,0,secondary,false,Ciclovia,178,FeatureCollection,[object Object],,2613701,false,Ciclovia
771933585,Avenida Governador Carlos de Lima Cavalcante,0,secondary,false,Ciclovia,178,FeatureCollection,[object Object],,2613701,false,Ciclovia
966801629,Avenida Governador Carlos de Lima Cavalcante,0,secondary,false,Ciclovia,178,FeatureCollection,[object Object],,2613701,false,Ciclovia
966813809,Rua São Miguel,0,secondary,false,Ciclovia,178,FeatureCollection,[object Object],,2613701,false,Ciclovia
966813810,Rua São Miguel,0,secondary,false,Ciclovia,178,FeatureCollection,[object Object],,2613701,false,Ciclovia
966813811,Rua São Miguel,0,secondary,false,Ciclovia,178,FeatureCollection,[object Object],,2613701,false,Ciclovia
966813812,Rua São Miguel,0,secondary,false,Ciclovia,178,FeatureCollection,[object Object],,2613701,false,Ciclovia
1183583034,Avenida Governador Carlos de Lima Cavalcante,0,secondary,false,Ciclovia,178,FeatureCollection,[object Object],,2613701,false,Ciclovia
1183583036,Avenida Chico Science,0,secondary,false,Ciclovia,178,FeatureCollection,[object Object],,2613701,false,Ciclovia
131355236,Avenida Senador Nilo Coelho,0,primary,false,Ciclovia,32,FeatureCollection,[object Object],,2613701,false,Ciclovia
131355305,Avenida Senador Nilo Coelho,0,primary,false,Ciclovia,32,FeatureCollection,[object Object],,2613701,false,Ciclovia
131355307,Avenida Senador Nilo Coelho,0,primary,false,Ciclovia,32,FeatureCollection,[object Object],,2613701,false,Ciclovia
698129092,Avenida Senador Nilo Coelho,0,primary,false,Ciclovia,32,FeatureCollection,[object Object],,2613701,false,Ciclovia
738694574,Avenida Senador Nilo Coelho,0,primary,false,Ciclovia,32,FeatureCollection,[object Object],,2613701,false,Ciclovia
739094548,Avenida Senador Nilo Coelho,0,primary,false,Ciclovia,32,FeatureCollection,[object Object],,2613701,false,Ciclovia
128013800,Avenida Senador Nilo Coelho,0,primary,false,Ciclovia,33,FeatureCollection,[object Object],,2613701,false,Ciclovia
128013801,Avenida Senador Nilo Coelho,0,primary,false,Ciclovia,33,FeatureCollection,[object Object],,2613701,false,Ciclovia
480028923,Avenida Senador Nilo Coelho,0,primary,false,Ciclovia,33,FeatureCollection,[object Object],,2613701,false,Ciclovia
739090506,Avenida Senador Nilo Coelho,0,primary,false,Ciclovia,33,FeatureCollection,[object Object],,2613701,false,Ciclovia
138531844,Avenida Brasil,0,primary,false,Ciclovia,180,FeatureCollection,[object Object],,2613701,false,Ciclovia
317314008,Avenida Hildebrando de Vasconcelos,0,tertiary,false,Ciclovia,183,FeatureCollection,[object Object],,2613701,false,Ciclovia
138531855,Avenida Brasil,0,primary,false,Ciclovia,180,FeatureCollection,[object Object],,2613701,false,Ciclovia
138531858,Avenida Brasil,0,primary,false,Ciclovia,180,FeatureCollection,[object Object],,2613701,false,Ciclovia
1183583043,Avenida Brasil,0,primary,false,Ciclovia,180,FeatureCollection,[object Object],,2613701,false,Ciclovia
222820922,Rua do Canavial,0,residential,false,Ciclovia,183,FeatureCollection,[object Object],,2613701,false,Ciclovia
222827102,Avenida Beira Rio,0,residential,false,Ciclovia,183,FeatureCollection,[object Object],,2613701,false,Ciclovia
679519458,Rua Doutor João Elisio,0,primary,false,Ciclovia,179,FeatureCollection,[object Object],,2613701,false,Ciclovia
377679152,Rua General Labatut,0,residential,false,Ciclovia,183,FeatureCollection,[object Object],,2613701,false,Ciclovia
452349345,Rua Bacharel Severino Torres Galindo do Nascimento,0,residential,false,Ciclovia,183,FeatureCollection,[object Object],,2613701,false,Ciclovia
575167438,Avenida Beira Rio,0,residential,false,Ciclovia,183,FeatureCollection,[object Object],,2613701,false,Ciclovia
582306395,,0,residential,false,Ciclovia,183,FeatureCollection,[object Object],,2613701,false,Ciclovia
642397265,Rua Recanto do Rio,0,residential,false,Ciclovia,183,FeatureCollection,[object Object],,2613701,false,Ciclovia
771687062,,0,residential,false,Ciclovia,183,FeatureCollection,[object Object],,2613701,false,Ciclovia
771687063,,0,residential,false,Ciclovia,183,FeatureCollection,[object Object],,2613701,false,Ciclovia
773833908,Primeira Travessa Doutor Luiz Ramos Leal,0,residential,false,Ciclovia,183,FeatureCollection,[object Object],,2613701,false,Ciclovia
823189911,Avenida Marginal,0,residential,false,Ciclovia,183,FeatureCollection,[object Object],,2613701,false,Ciclovia
823189932,Rua Bacharel Severino Torres Galindo do Nascimento,0,residential,false,Ciclovia,183,FeatureCollection,[object Object],,2613701,false,Ciclovia
967679254,Avenida Hildebrando de Vasconcelos,0,tertiary,false,Ciclovia,183,FeatureCollection,[object Object],,2613701,false,Ciclovia
1099637058,Rua Santa Luzia,0,residential,false,Ciclovia,183,FeatureCollection,[object Object],,2613701,false,Ciclovia
1165572572,Avenida Hildebrando de Vasconcelos,0,tertiary,false,Ciclovia,183,FeatureCollection,[object Object],,2613701,false,Ciclovia
1352837590,Avenida Marginal,0,residential,false,Ciclovia,183,FeatureCollection,[object Object],,2613701,false,Ciclovia
142556143,Estrada de Aguazinha,0,residential,false,Ciclovia,110,FeatureCollection,[object Object],,2613701,false,Ciclovia
377673437,Rua Bogotá,0,residential,false,Ciclovia,110,FeatureCollection,[object Object],,2613701,false,Ciclovia
911242960,,0,path,false,Ciclovia,110,FeatureCollection,[object Object],,2613701,false,Ciclovia
966578985,Rua Bogotá,0,residential,false,Ciclovia,110,FeatureCollection,[object Object],,2613701,false,Ciclovia
1183583049,,0,residential,false,Ciclovia,110,FeatureCollection,[object Object],,2613701,false,Ciclovia
142640205,Estrada do Caenga,0,secondary,false,Ciclovia,170,FeatureCollection,[object Object],,2613701,false,Ciclovia
617216878,Rua Uriel de Holanda,0,secondary,false,Ciclovia,170,FeatureCollection,[object Object],,2613701,false,Ciclovia
739094567,Estrada do Caenga,0,secondary,false,Ciclovia,170,FeatureCollection,[object Object],,2613701,false,Ciclovia
128349152,,0,secondary_link,false,Ciclovia,80,FeatureCollection,[object Object],,2613701,false,Ciclovia
130360081,Avenida Chico Science,0,secondary,false,Ciclovia,80,FeatureCollection,[object Object],,2613701,false,Ciclovia
131464441,,0,secondary_link,false,Ciclovia,80,FeatureCollection,[object Object],,2613701,false,Ciclovia
351305453,Avenida Chico Science,0,secondary,false,Ciclovia,80,FeatureCollection,[object Object],,2613701,false,Ciclovia
393542330,,0,secondary_link,false,Ciclovia,80,FeatureCollection,[object Object],,2613701,false,Ciclovia
393542334,Avenida Chico Science,0,secondary,false,Ciclovia,80,FeatureCollection,[object Object],,2613701,false,Ciclovia
728912007,Avenida Chico Science,0,secondary,false,Ciclovia,80,FeatureCollection,[object Object],,2613701,false,Ciclovia
728912008,Avenida Chico Science,0,secondary,false,Ciclovia,80,FeatureCollection,[object Object],,2613701,false,Ciclovia
771933584,Rua Coronel Alberto Lundgren,0,secondary,false,Ciclovia,80,FeatureCollection,[object Object],,2613701,false,Ciclovia
128321989,Rua Puma,0,tertiary,false,Ciclovia,199,FeatureCollection,[object Object],,2613701,false,Ciclovia
127854425,Avenida Romeu Jacobino de Figueiredo,0,tertiary,false,Ciclovia,199,FeatureCollection,[object Object],,2613701,false,Ciclovia
127854560,Avenida Argentina Castelo Branco,0,tertiary,false,Ciclovia,199,FeatureCollection,[object Object],,2613701,false,Ciclovia
127854561,Rua Assaí,0,tertiary,false,Ciclovia,199,FeatureCollection,[object Object],,2613701,false,Ciclovia
127856052,Avenida Romeu Jacobino de Figueiredo,0,tertiary,false,Ciclovia,199,FeatureCollection,[object Object],,2613701,false,Ciclovia
128013946,Rua Peixe Agulha,0,tertiary,false,Ciclovia,199,FeatureCollection,[object Object],,2613701,false,Ciclovia
128160371,Rua Peixe Agulha,0,tertiary,false,Ciclovia,199,FeatureCollection,[object Object],,2613701,false,Ciclovia
128327458,Avenida Argentina Castelo Branco,0,tertiary,false,Ciclovia,199,FeatureCollection,[object Object],,2613701,false,Ciclovia
714222417,Avenida Argentina Castelo Branco,0,tertiary,false,Ciclovia,199,FeatureCollection,[object Object],,2613701,false,Ciclovia
714222418,Avenida Argentina Castelo Branco,0,tertiary,false,Ciclovia,199,FeatureCollection,[object Object],,2613701,false,Ciclovia
715999575,Avenida Argentina Castelo Branco,0,tertiary,false,Ciclovia,199,FeatureCollection,[object Object],,2613701,false,Ciclovia
778869530,Avenida Romeu Jacobino de Figueiredo,0,tertiary,false,Ciclovia,199,FeatureCollection,[object Object],,2613701,false,Ciclovia
359248059,Avenida Beira Mar,0,secondary,false,Ciclovia,52,FeatureCollection,[object Object],,2613701,false,Ciclovia
359248596,Avenida Beira Mar,0,secondary,false,Ciclovia,52,FeatureCollection,[object Object],,2613701,false,Ciclovia
713557982,Avenida Beira Mar,0,secondary,false,Ciclovia,52,FeatureCollection,[object Object],,2613701,false,Ciclovia
144357703,Ponte do Janga,0,primary,false,Ciclovia,54,FeatureCollection,[object Object],,2613701,false,Ciclovia
533060319,Avenida Governador Carlos de Lima Cavalcanti,0,primary,false,Ciclovia,54,FeatureCollection,[object Object],,2613701,false,Ciclovia
715623016,Avenida Doutor Cláudio José Gueiros Leite,0,primary,false,Ciclovia,54,FeatureCollection,[object Object],,2613701,false,Ciclovia
728918141,Avenida Doutor Cláudio José Gueiros Leite,0,primary,false,Ciclovia,54,FeatureCollection,[object Object],,2613701,false,Ciclovia
728918142,Avenida Doutor Cláudio José Gueiros Leite,0,primary,false,Ciclovia,54,FeatureCollection,[object Object],,2613701,false,Ciclovia
142662092,Rua Nilson Sabino Pinho,0,tertiary,false,Ciclovia,109,FeatureCollection,[object Object],,2613701,false,Ciclovia
734502896,Avenida Governador Carlos de Lima Cavalcanti,0,primary,false,Ciclovia,54,FeatureCollection,[object Object],,2613701,false,Ciclovia
734502897,Avenida Doutor Cláudio José Gueiros Leite,0,primary,false,Ciclovia,54,FeatureCollection,[object Object],,2613701,false,Ciclovia
734502898,Ponte do Janga,0,primary,false,Ciclovia,54,FeatureCollection,[object Object],,2613701,false,Ciclovia
734502899,Avenida Governador Carlos de Lima Cavalcanti,0,primary,false,Ciclovia,54,FeatureCollection,[object Object],,2613701,false,Ciclovia
734502900,Avenida Doutor Cláudio José Gueiros Leite,0,primary,false,Ciclovia,54,FeatureCollection,[object Object],,2613701,false,Ciclovia
966584044,Avenida Doutor Cláudio José Gueiros Leite,0,primary,false,Ciclovia,54,FeatureCollection,[object Object],,2613701,false,Ciclovia
966584045,Avenida Doutor Cláudio José Gueiros Leite,0,primary,false,Ciclovia,54,FeatureCollection,[object Object],,2613701,false,Ciclovia
1183583040,Avenida Doutor Cláudio José Gueiros Leite,0,primary,false,Ciclovia,54,FeatureCollection,[object Object],,2613701,false,Ciclovia
134101982,Avenida Coronel Frederico Lundgren,0,primary,false,Ciclovia,171,FeatureCollection,[object Object],,2613701,false,Ciclovia
134101983,Avenida Coronel Frederico Lundgren,0,primary,false,Ciclovia,171,FeatureCollection,[object Object],,2613701,false,Ciclovia
134101986,Avenida Coronel Frederico Lundgren,0,primary,false,Ciclovia,171,FeatureCollection,[object Object],,2613701,false,Ciclovia
134102321,Avenida Coronel Frederico Lundgren,0,primary,false,Ciclovia,171,FeatureCollection,[object Object],,2613701,false,Ciclovia
138531846,Avenida Brasil,0,primary,false,Ciclovia,171,FeatureCollection,[object Object],,2613701,false,Ciclovia
142662093,Rua Professor Fernando César de Andrade,0,tertiary,false,Ciclovia,109,FeatureCollection,[object Object],,2613701,false,Ciclovia
138531851,Avenida Coronel Frederico Lundgren,0,primary,false,Ciclovia,171,FeatureCollection,[object Object],,2613701,false,Ciclovia
138531860,Avenida Brasil,0,primary,false,Ciclovia,171,FeatureCollection,[object Object],,2613701,false,Ciclovia
342772111,Avenida Coronel Frederico Lundgren,0,residential,false,Ciclovia,171,FeatureCollection,[object Object],,2613701,false,Ciclovia
342772115,Avenida Coronel Frederico Lundgren,0,primary,false,Ciclovia,171,FeatureCollection,[object Object],,2613701,false,Ciclovia
713698028,Avenida Coronel Frederico Lundgren,0,primary,false,Ciclovia,171,FeatureCollection,[object Object],,2613701,false,Ciclovia
738615954,Avenida Brasil,0,primary,false,Ciclovia,171,FeatureCollection,[object Object],,2613701,false,Ciclovia
816364154,Avenida Coronel Frederico Lundgren,0,primary,false,Ciclovia,171,FeatureCollection,[object Object],,2613701,false,Ciclovia
816364181,Avenida Coronel Frederico Lundgren,0,primary,false,Ciclovia,171,FeatureCollection,[object Object],,2613701,false,Ciclovia
816364182,Avenida Brasil,0,primary,false,Ciclovia,171,FeatureCollection,[object Object],,2613701,false,Ciclovia
816364184,Avenida Brasil,0,primary,false,Ciclovia,171,FeatureCollection,[object Object],,2613701,false,Ciclovia
966828129,Avenida Coronel Frederico Lundgren,0,primary,false,Ciclovia,171,FeatureCollection,[object Object],,2613701,false,Ciclovia
128312076,Rua José Alexandre de Carvalho,0,secondary,false,Ciclovia,109,FeatureCollection,[object Object],,2613701,false,Ciclovia
128351002,Rua José Alexandre de Carvalho,0,secondary,false,Ciclovia,109,FeatureCollection,[object Object],,2613701,false,Ciclovia
129017577,Avenida Coronel João Melo Moraes,0,residential,false,Ciclovia,109,FeatureCollection,[object Object],,2613701,false,Ciclovia
132777023,Rua Professor Olímpio Magalhães,0,residential,false,Ciclovia,109,FeatureCollection,[object Object],,2613701,false,Ciclovia
136796120,Avenida Beira Rio,0,secondary,false,Ciclovia,109,FeatureCollection,[object Object],,2613701,false,Ciclovia
139206205,Rua Riachuelo,0,residential,false,Ciclovia,109,FeatureCollection,[object Object],,2613701,false,Ciclovia
140129947,Travessa Olímpio Ferreira Chaves,0,residential,false,Ciclovia,109,FeatureCollection,[object Object],,2613701,false,Ciclovia
713230791,Rua Regina Lacerda,0,residential,false,Ciclovia,109,FeatureCollection,[object Object],,2613701,false,Ciclovia
715999983,Avenida Beira Rio,0,residential,false,Ciclovia,109,FeatureCollection,[object Object],,2613701,false,Ciclovia
732797516,Avenida Governador Carlos de Lima Cavalcanti,0,primary,false,Ciclovia,109,FeatureCollection,[object Object],,2613701,false,Ciclovia
733683502,Avenida Beira Rio,0,secondary,false,Ciclovia,109,FeatureCollection,[object Object],,2613701,false,Ciclovia
733683503,Avenida Beira Rio,0,residential,false,Ciclovia,109,FeatureCollection,[object Object],,2613701,false,Ciclovia
816364150,Avenida Governador Carlos de Lima Cavalcanti,0,primary,false,Ciclovia,109,FeatureCollection,[object Object],,2613701,false,Ciclovia
1181107169,Rua Alcina Coelho de Carvalho,0,residential,false,Ciclovia,185,FeatureCollection,[object Object],,2613701,false,Ciclovia
816364152,Avenida Governador Carlos de Lima Cavalcanti,0,primary,false,Ciclovia,109,FeatureCollection,[object Object],,2613701,false,Ciclovia
918038823,,0,residential,false,Ciclovia,109,FeatureCollection,[object Object],,2613701,false,Ciclovia
966741860,Rua Professor Diogenes Fernandes Tavora,0,residential,false,Ciclovia,109,FeatureCollection,[object Object],,2613701,false,Ciclovia
966852599,Rua José Alexandre de Carvalho,0,secondary,false,Ciclovia,109,FeatureCollection,[object Object],,2613701,false,Ciclovia
967661006,Avenida Governador Carlos de Lima Cavalcanti,0,primary,false,Ciclovia,109,FeatureCollection,[object Object],,2613701,false,Ciclovia
967661007,Avenida Governador Carlos de Lima Cavalcanti,0,primary,false,Ciclovia,109,FeatureCollection,[object Object],,2613701,false,Ciclovia
967661008,Avenida Governador Carlos de Lima Cavalcanti,0,primary,false,Ciclovia,109,FeatureCollection,[object Object],,2613701,false,Ciclovia
129484275,Rua Joaquim Bandeira,0,secondary,false,Ciclovia,61,FeatureCollection,[object Object],,2613701,false,Ciclovia
967886778,Rua Professor Olímpio Magalhães,0,residential,false,Ciclovia,109,FeatureCollection,[object Object],,2613701,false,Ciclovia
967932331,Avenida Governador Carlos de Lima Cavalcanti,0,primary,false,Ciclovia,109,FeatureCollection,[object Object],,2613701,false,Ciclovia
967979898,Avenida Coronel João Melo Moraes,0,residential,false,Ciclovia,109,FeatureCollection,[object Object],,2613701,false,Ciclovia
968242827,Avenida Governador Carlos de Lima Cavalcanti,0,primary,false,Ciclovia,109,FeatureCollection,[object Object],,2613701,false,Ciclovia
1183732743,Rua Carlos Leite Moreira,0,residential,false,Ciclovia,109,FeatureCollection,[object Object],,2613701,false,Ciclovia
1183732747,Rua Professor Diogenes Fernandes Tavora,0,residential,false,Ciclovia,109,FeatureCollection,[object Object],,2613701,false,Ciclovia
1183819261,Rua Nilson Sabino Pinho,0,tertiary,false,Ciclovia,109,FeatureCollection,[object Object],,2613701,false,Ciclovia
142657470,Rua Um,0,tertiary,false,Ciclovia,182,FeatureCollection,[object Object],,2613701,false,Ciclovia
142657471,Rua Fenelon Atico Leite,0,tertiary,false,Ciclovia,182,FeatureCollection,[object Object],,2613701,false,Ciclovia
142657472,Avenida Jules Rimet,0,tertiary,false,Ciclovia,182,FeatureCollection,[object Object],,2613701,false,Ciclovia
713707041,Rua Fenelon Átila Leite,0,tertiary,false,Ciclovia,182,FeatureCollection,[object Object],,2613701,false,Ciclovia
966828130,Avenida Jules Rimet,0,tertiary,false,Ciclovia,182,FeatureCollection,[object Object],,2613701,false,Ciclovia
966828131,,0,primary_link,false,Ciclovia,182,FeatureCollection,[object Object],,2613701,false,Ciclovia
1181107170,Rua Alcina Coelho de Carvalho,0,residential,false,Ciclovia,185,FeatureCollection,[object Object],,2613701,false,Ciclovia
128547128,Rua Coronel Alberto Lundgren,0,tertiary,false,Ciclovia,172,FeatureCollection,[object Object],,2613701,false,Ciclovia
129897138,Rua Coronel Alberto Lundgren,0,tertiary,false,Ciclovia,172,FeatureCollection,[object Object],,2613701,false,Ciclovia
966541436,Rua Coronel Alberto Lundgren,0,tertiary,false,Ciclovia,172,FeatureCollection,[object Object],,2613701,false,Ciclovia
131358635,Rua Alcina Coelho de Carvalho,0,residential,false,Ciclovia,185,FeatureCollection,[object Object],,2613701,false,Ciclovia
131358704,Rua Alcina Coelho de Carvalho,0,residential,false,Ciclovia,185,FeatureCollection,[object Object],,2613701,false,Ciclovia
967908295,Rua Alcina Coelho de Carvalho,0,residential,false,Ciclovia,185,FeatureCollection,[object Object],,2613701,false,Ciclovia
967931545,Rua Alcina Coelho de Carvalho,0,residential,false,Ciclovia,185,FeatureCollection,[object Object],,2613701,false,Ciclovia
967931547,Rua Alcina Coelho de Carvalho,0,residential,false,Ciclovia,185,FeatureCollection,[object Object],,2613701,false,Ciclovia
153234174,Avenida Tiradentes,0,tertiary,false,Ciclovia,200,FeatureCollection,[object Object],,2613701,false,Ciclovia
816364186,Avenida das Garças,0,secondary,false,Ciclovia,200,FeatureCollection,[object Object],,2613701,false,Ciclovia
821123736,Avenida Tiradentes,0,tertiary,false,Ciclovia,200,FeatureCollection,[object Object],,2613701,false,Ciclovia
1082344589,Avenida das Garças,0,secondary,false,Ciclovia,200,FeatureCollection,[object Object],,2613701,false,Ciclovia
142662121,Rua Joana D arc Sampaio,0,tertiary,false,Ciclovia,93,FeatureCollection,[object Object],,2613701,false,Ciclovia
240889269,Rua Doutor Armando Rabelo,0,residential,false,Ciclovia,227,FeatureCollection,[object Object],,2613701,false,Ciclovia
487076483,Avenida Duque de Caxias,0,residential,false,Ciclovia,227,FeatureCollection,[object Object],,2613701,false,Ciclovia
1184013166,Avenida Presidente Vargas,0,residential,false,Ciclovia,225,FeatureCollection,[object Object],,2613701,false,Ciclovia
679549040,Avenida Duque de Caxias,0,unclassified,false,Ciclovia,227,FeatureCollection,[object Object],,2613701,false,Ciclovia
1182143763,Rua Antonio Carneiro,0,residential,false,Ciclovia,227,FeatureCollection,[object Object],,2613701,false,Ciclovia
113082365,Rua João Felipe de Barros,0,tertiary,false,Ciclovia,228,FeatureCollection,[object Object],,2613701,false,Ciclovia
240889818,Rua João Felipe de Barros,0,residential,false,Ciclovia,228,FeatureCollection,[object Object],,2613701,false,Ciclovia
591027760,Rua João Felipe de Barros,0,residential,false,Ciclovia,228,FeatureCollection,[object Object],,2613701,false,Ciclovia
780533791,Avenida João Pessoa Guerra,0,secondary,false,Ciclovia,228,FeatureCollection,[object Object],,2613701,false,Ciclovia
780533792,Avenida João Pessoa Guerra,0,secondary,false,Ciclovia,228,FeatureCollection,[object Object],,2613701,false,Ciclovia
780533793,Avenida João Pessoa Guerra,0,secondary,false,Ciclovia,228,FeatureCollection,[object Object],,2613701,false,Ciclovia
780533796,Avenida João Pessoa Guerra,0,secondary,false,Ciclovia,228,FeatureCollection,[object Object],,2613701,false,Ciclovia
113082368,Avenida Brasil,0,residential,false,Ciclovia,226,FeatureCollection,[object Object],,2613701,false,Ciclovia
306702718,Avenida Brasil,0,residential,false,Ciclovia,226,FeatureCollection,[object Object],,2613701,false,Ciclovia
113082369,Avenida Presidente Vargas,0,residential,false,Ciclovia,225,FeatureCollection,[object Object],,2613701,false,Ciclovia
240889771,Avenida Presidente Vargas,0,residential,false,Ciclovia,225,FeatureCollection,[object Object],,2613701,false,Ciclovia
487076486,Rua Bom Jesus,0,residential,false,Ciclovia,225,FeatureCollection,[object Object],,2613701,false,Ciclovia
1184013163,Rua Professora Josefa Aguiar,0,residential,false,Ciclovia,225,FeatureCollection,[object Object],,2613701,false,Ciclovia
1184013164,Rua Trinta e Um de Março,0,residential,false,Ciclovia,225,FeatureCollection,[object Object],,2613701,false,Ciclovia
31519590,,0,primary,false,Ciclovia,38,FeatureCollection,[object Object],,2613701,false,Ciclovia
128401208,Avenida Alfredo Bandeira de Melo,0,trunk,false,Ciclovia,38,FeatureCollection,[object Object],,2613701,false,Ciclovia
128401211,Avenida Alfredo Bandeira de Melo,0,trunk,false,Ciclovia,38,FeatureCollection,[object Object],,2613701,false,Ciclovia
128401214,,0,primary,false,Ciclovia,38,FeatureCollection,[object Object],,2613701,false,Ciclovia
128401216,Avenida Alfredo Bandeira de Melo,0,trunk,false,Ciclovia,38,FeatureCollection,[object Object],,2613701,false,Ciclovia
128401217,Avenida Alfredo Bandeira de Melo,0,trunk,false,Ciclovia,38,FeatureCollection,[object Object],,2613701,false,Ciclovia
656101988,,0,trunk_link,false,Ciclovia,38,FeatureCollection,[object Object],,2613701,false,Ciclovia
128403016,Avenida Duque de Caxias,0,trunk,false,Ciclovia,38,FeatureCollection,[object Object],,2613701,false,Ciclovia
128403020,Avenida Barão de Vera Cruz,0,trunk,false,Ciclovia,38,FeatureCollection,[object Object],,2613701,false,Ciclovia
128403021,Avenida Barão de Vera Cruz,0,trunk,false,Ciclovia,38,FeatureCollection,[object Object],,2613701,false,Ciclovia
128403024,Avenida Barão de Vera Cruz,0,trunk,false,Ciclovia,38,FeatureCollection,[object Object],,2613701,false,Ciclovia
198991856,Avenida Alfredo Bandeira de Melo,0,trunk,false,Ciclovia,38,FeatureCollection,[object Object],,2613701,false,Ciclovia
198991857,Avenida Alfredo Bandeira de Melo,0,trunk,false,Ciclovia,38,FeatureCollection,[object Object],,2613701,false,Ciclovia
589944486,Avenida Alfredo Bandeira de Melo,0,trunk,false,Ciclovia,38,FeatureCollection,[object Object],,2613701,false,Ciclovia
589944487,Avenida Duque de Caxias,0,trunk,false,Ciclovia,38,FeatureCollection,[object Object],,2613701,false,Ciclovia
605924179,Avenida Duque de Caxias,0,trunk,false,Ciclovia,38,FeatureCollection,[object Object],,2613701,false,Ciclovia
628605087,,0,primary,false,Ciclovia,38,FeatureCollection,[object Object],,2613701,false,Ciclovia
639544776,,0,trunk_link,false,Ciclovia,38,FeatureCollection,[object Object],,2613701,false,Ciclovia
691452023,Avenida Barão de Vera Cruz,0,trunk,false,Ciclovia,38,FeatureCollection,[object Object],,2613701,false,Ciclovia
691452025,Avenida Alfredo Bandeira de Melo,0,trunk,false,Ciclovia,38,FeatureCollection,[object Object],,2613701,false,Ciclovia
715619568,Avenida Barão de Vera Cruz,0,trunk,false,Ciclovia,38,FeatureCollection,[object Object],,2613701,false,Ciclovia
715619569,Avenida Barão de Vera Cruz,0,trunk,false,Ciclovia,38,FeatureCollection,[object Object],,2613701,false,Ciclovia
715988929,Avenida Duque de Caxias,0,trunk,false,Ciclovia,38,FeatureCollection,[object Object],,2613701,false,Ciclovia
740033571,Avenida Duque de Caxias,0,trunk,false,Ciclovia,38,FeatureCollection,[object Object],,2613701,false,Ciclovia
740033573,Avenida Duque de Caxias,0,trunk,false,Ciclovia,38,FeatureCollection,[object Object],,2613701,false,Ciclovia
740034398,Avenida Duque de Caxias,0,trunk,false,Ciclovia,38,FeatureCollection,[object Object],,2613701,false,Ciclovia
740035289,Avenida Barão de Vera Cruz,0,trunk,false,Ciclovia,38,FeatureCollection,[object Object],,2613701,false,Ciclovia
740130138,Avenida Barão de Vera Cruz,0,trunk,false,Ciclovia,38,FeatureCollection,[object Object],,2613701,false,Ciclovia
741706471,Avenida Duque de Caxias,0,trunk,false,Ciclovia,38,FeatureCollection,[object Object],,2613701,false,Ciclovia
741708394,Avenida Duque de Caxias,0,trunk,false,Ciclovia,38,FeatureCollection,[object Object],,2613701,false,Ciclovia
741763062,Avenida Barão de Vera Cruz,0,trunk,false,Ciclovia,38,FeatureCollection,[object Object],,2613701,false,Ciclovia
754042418,,0,primary,false,Ciclovia,38,FeatureCollection,[object Object],,2613701,false,Ciclovia
754042419,,0,primary,false,Ciclovia,38,FeatureCollection,[object Object],,2613701,false,Ciclovia
754042420,,0,primary,false,Ciclovia,38,FeatureCollection,[object Object],,2613701,false,Ciclovia
966248650,Avenida Barão de Vera Cruz,0,trunk,false,Ciclovia,38,FeatureCollection,[object Object],,2613701,false,Ciclovia
775253547,Avenida Alfredo Bandeira de Melo,0,trunk,false,Ciclovia,38,FeatureCollection,[object Object],,2613701,false,Ciclovia
775253549,,0,primary,false,Ciclovia,38,FeatureCollection,[object Object],,2613701,false,Ciclovia
775253550,,0,primary,false,Ciclovia,38,FeatureCollection,[object Object],,2613701,false,Ciclovia
775253551,,0,primary,false,Ciclovia,38,FeatureCollection,[object Object],,2613701,false,Ciclovia
775253555,,0,primary,false,Ciclovia,38,FeatureCollection,[object Object],,2613701,false,Ciclovia
908946592,Avenida Mário Melo,0,footway,false,Ciclovia,38,FeatureCollection,[object Object],,2613701,false,Ciclovia
931127129,,0,primary,false,Ciclovia,38,FeatureCollection,[object Object],,2613701,false,Ciclovia
966248652,Avenida Barão de Vera Cruz,0,trunk,false,Ciclovia,38,FeatureCollection,[object Object],,2613701,false,Ciclovia
966256721,Avenida Duque de Caxias,0,trunk,false,Ciclovia,38,FeatureCollection,[object Object],,2613701,false,Ciclovia
966259853,Avenida Barão de Vera Cruz,0,trunk,false,Ciclovia,38,FeatureCollection,[object Object],,2613701,false,Ciclovia
1035737690,Avenida Mário Melo,0,footway,false,Ciclovia,38,FeatureCollection,[object Object],,2613701,false,Ciclovia
1183566166,Avenida Duque de Caxias,0,trunk,false,Ciclovia,38,FeatureCollection,[object Object],,2613701,false,Ciclovia
1183566169,Avenida Mário Melo,0,primary,false,Ciclovia,38,FeatureCollection,[object Object],,2613701,false,Ciclovia
1183566170,Avenida Mário Melo,0,primary,false,Ciclovia,38,FeatureCollection,[object Object],,2613701,false,Ciclovia
171854323,Avenida A,0,tertiary,false,Ciclovia,103,FeatureCollection,[object Object],,2613701,false,Ciclovia
171854912,Avenida A,0,tertiary,false,Ciclovia,103,FeatureCollection,[object Object],,2613701,false,Ciclovia
400041240,Avenida D,0,tertiary,false,Ciclovia,103,FeatureCollection,[object Object],,2613701,false,Ciclovia
739462325,Avenida A,0,tertiary,false,Ciclovia,103,FeatureCollection,[object Object],,2613701,false,Ciclovia
739462326,Avenida A,0,tertiary,false,Ciclovia,103,FeatureCollection,[object Object],,2613701,false,Ciclovia
774967980,Avenida A,0,tertiary,false,Ciclovia,103,FeatureCollection,[object Object],,2613701,false,Ciclovia
171853253,Rua Santa Sofia,0,tertiary,false,Ciclovia,135,FeatureCollection,[object Object],,2613701,false,Ciclovia
171853395,Avenida Assedip,0,tertiary,false,Ciclovia,135,FeatureCollection,[object Object],,2613701,false,Ciclovia
171854166,Avenida Governador Nilo Coelho,0,tertiary,false,Ciclovia,135,FeatureCollection,[object Object],,2613701,false,Ciclovia
171854379,Rua Quarenta,0,tertiary,false,Ciclovia,135,FeatureCollection,[object Object],,2613701,false,Ciclovia
171854402,Avenida A,0,tertiary,false,Ciclovia,135,FeatureCollection,[object Object],,2613701,false,Ciclovia
316820004,Rua Santa Sofia,0,tertiary,false,Ciclovia,135,FeatureCollection,[object Object],,2613701,false,Ciclovia
400041238,,0,tertiary,false,Ciclovia,135,FeatureCollection,[object Object],,2613701,false,Ciclovia
717004662,Avenida Assedip,0,tertiary,false,Ciclovia,135,FeatureCollection,[object Object],,2613701,false,Ciclovia
128403023,,0,trunk,false,Ciclovia,37,FeatureCollection,[object Object],,2613701,false,Ciclovia
128403676,,0,trunk,false,Ciclovia,37,FeatureCollection,[object Object],,2613701,false,Ciclovia
589944489,Avenida Duque de Caxias,0,trunk,false,Ciclovia,37,FeatureCollection,[object Object],,2613701,false,Ciclovia
775253558,Avenida Duque de Caxias,0,trunk,false,Ciclovia,37,FeatureCollection,[object Object],,2613701,false,Ciclovia
713197396,Avenida Duque de Caxias,0,trunk,false,Ciclovia,37,FeatureCollection,[object Object],,2613701,false,Ciclovia
713231072,Avenida Duque de Caxias,0,trunk,false,Ciclovia,37,FeatureCollection,[object Object],,2613701,false,Ciclovia
741700930,Avenida Duque de Caxias,0,trunk,false,Ciclovia,37,FeatureCollection,[object Object],,2613701,false,Ciclovia
741700931,Avenida Duque de Caxias,0,trunk,false,Ciclovia,37,FeatureCollection,[object Object],,2613701,false,Ciclovia
775253527,Avenida Duque de Caxias,0,trunk,false,Ciclovia,37,FeatureCollection,[object Object],,2613701,false,Ciclovia
966295625,,0,trunk,false,Ciclovia,37,FeatureCollection,[object Object],,2613701,false,Ciclovia
1183566167,Avenida Duque de Caxias,0,trunk,false,Ciclovia,37,FeatureCollection,[object Object],,2613701,false,Ciclovia
144953969,Avenida Paulista,0,secondary,false,Ciclovia,201,FeatureCollection,[object Object],,2613701,false,Ciclovia
144954081,Avenida Lindolfo Collor,0,secondary,false,Ciclovia,201,FeatureCollection,[object Object],,2613701,false,Ciclovia
171721829,Avenida Paulista,0,secondary,false,Ciclovia,201,FeatureCollection,[object Object],,2613701,false,Ciclovia
171721832,Avenida Paulista,0,residential,false,Ciclovia,201,FeatureCollection,[object Object],,2613701,false,Ciclovia
175540529,Rua Setenta e Nove,0,tertiary,false,Ciclovia,201,FeatureCollection,[object Object],,2613701,false,Ciclovia
175540530,Rua Setenta e Nove,0,tertiary,false,Ciclovia,201,FeatureCollection,[object Object],,2613701,false,Ciclovia
175540531,Rua Setenta e Nove,0,tertiary,false,Ciclovia,201,FeatureCollection,[object Object],,2613701,false,Ciclovia
1183583032,Rua Ademar Vieira,0,secondary,false,Ciclovia,201,FeatureCollection,[object Object],,2613701,false,Ciclovia
144945086,Avenida Colibri,0,tertiary,false,Ciclovia,181,FeatureCollection,[object Object],,2613701,false,Ciclovia
144945087,Rua Nelson Ferreira,0,tertiary,false,Ciclovia,181,FeatureCollection,[object Object],,2613701,false,Ciclovia
144945089,Rua Nove,0,tertiary,false,Ciclovia,181,FeatureCollection,[object Object],,2613701,false,Ciclovia
144945090,,0,tertiary,false,Ciclovia,181,FeatureCollection,[object Object],,2613701,false,Ciclovia
144945091,Avenida Colibri,0,tertiary,false,Ciclovia,181,FeatureCollection,[object Object],,2613701,false,Ciclovia
144945155,Avenida Colibri,0,tertiary,false,Ciclovia,181,FeatureCollection,[object Object],,2613701,false,Ciclovia
138837818,Avenida Antônio Cabral de Souza,0,trunk,false,Ciclovia,40,FeatureCollection,[object Object],,2613701,false,Ciclovia
170538888,Rua Nelson Ferreira,0,tertiary,false,Ciclovia,181,FeatureCollection,[object Object],,2613701,false,Ciclovia
968207065,Avenida Colibri,0,tertiary,false,Ciclovia,181,FeatureCollection,[object Object],,2613701,false,Ciclovia
968207066,Avenida Colibri,0,tertiary,false,Ciclovia,181,FeatureCollection,[object Object],,2613701,false,Ciclovia
138836926,Estrada do Frio,0,primary,false,Ciclovia,40,FeatureCollection,[object Object],,2613701,false,Ciclovia
138836927,Estrada do Frio,0,primary,false,Ciclovia,40,FeatureCollection,[object Object],,2613701,false,Ciclovia
138837812,Avenida Antônio Cabral de Souza,0,trunk,false,Ciclovia,40,FeatureCollection,[object Object],,2613701,false,Ciclovia
138837813,Avenida Antônio Cabral de Souza,0,trunk,false,Ciclovia,40,FeatureCollection,[object Object],,2613701,false,Ciclovia
138837819,Avenida Presidente Tancredo Neves,0,trunk,false,Ciclovia,40,FeatureCollection,[object Object],,2613701,false,Ciclovia
138837821,,0,trunk,false,Ciclovia,40,FeatureCollection,[object Object],,2613701,false,Ciclovia
138840708,Avenida C,0,primary,false,Ciclovia,40,FeatureCollection,[object Object],,2613701,false,Ciclovia
138840710,Estrada da Mirueira,0,primary,false,Ciclovia,40,FeatureCollection,[object Object],,2613701,false,Ciclovia
138840714,Estrada da Mirueira,0,primary,false,Ciclovia,40,FeatureCollection,[object Object],,2613701,false,Ciclovia
138840764,Avenida Presidente Tancredo Neves,0,primary,false,Ciclovia,40,FeatureCollection,[object Object],,2613701,false,Ciclovia
138840847,Avenida Presidente Tancredo Neves,0,primary,false,Ciclovia,40,FeatureCollection,[object Object],,2613701,false,Ciclovia
138841468,,0,primary_link,false,Ciclovia,40,FeatureCollection,[object Object],,2613701,false,Ciclovia
138841469,,0,primary_link,false,Ciclovia,40,FeatureCollection,[object Object],,2613701,false,Ciclovia
138841471,,0,primary_link,false,Ciclovia,40,FeatureCollection,[object Object],,2613701,false,Ciclovia
139032233,Avenida Presidente Tancredo Neves,0,primary,false,Ciclovia,40,FeatureCollection,[object Object],,2613701,false,Ciclovia
139032234,Avenida Presidente Tancredo Neves,0,primary,false,Ciclovia,40,FeatureCollection,[object Object],,2613701,false,Ciclovia
139032235,Avenida Presidente Tancredo Neves,0,primary,false,Ciclovia,40,FeatureCollection,[object Object],,2613701,false,Ciclovia
139032550,Avenida C,0,primary,false,Ciclovia,40,FeatureCollection,[object Object],,2613701,false,Ciclovia
145079217,,0,primary_link,false,Ciclovia,40,FeatureCollection,[object Object],,2613701,false,Ciclovia
145079224,,0,primary,false,Ciclovia,40,FeatureCollection,[object Object],,2613701,false,Ciclovia
242435998,Estrada da MIrueira,0,primary,false,Ciclovia,40,FeatureCollection,[object Object],,2613701,false,Ciclovia
313127791,Avenida Antônio Cabral de Souza,0,trunk,false,Ciclovia,40,FeatureCollection,[object Object],,2613701,false,Ciclovia
313127792,Estrada da Mirueira,0,primary,false,Ciclovia,40,FeatureCollection,[object Object],,2613701,false,Ciclovia
382157469,Avenida Antônio Cabral de Souza,0,trunk,false,Ciclovia,40,FeatureCollection,[object Object],,2613701,false,Ciclovia
393520146,Estrada do Frio,0,primary,false,Ciclovia,40,FeatureCollection,[object Object],,2613701,false,Ciclovia
577207729,Avenida Antônio Cabral de Souza,0,trunk,false,Ciclovia,40,FeatureCollection,[object Object],,2613701,false,Ciclovia
590895901,,0,trunk,false,Ciclovia,40,FeatureCollection,[object Object],,2613701,false,Ciclovia
590895902,,0,trunk,false,Ciclovia,40,FeatureCollection,[object Object],,2613701,false,Ciclovia
590895903,,0,trunk_link,false,Ciclovia,40,FeatureCollection,[object Object],,2613701,false,Ciclovia
591661635,,0,trunk,false,Ciclovia,40,FeatureCollection,[object Object],,2613701,false,Ciclovia
728916384,Avenida Presidente Tancredo Neves,0,primary,false,Ciclovia,40,FeatureCollection,[object Object],,2613701,false,Ciclovia
728916386,,0,trunk,false,Ciclovia,40,FeatureCollection,[object Object],,2613701,false,Ciclovia
829457031,,0,trunk,false,Ciclovia,40,FeatureCollection,[object Object],,2613701,false,Ciclovia
138629997,Avenida Antônio Cabral de Souza,0,trunk,false,Ciclovia,41,FeatureCollection,[object Object],,2613701,false,Ciclovia
138630001,Avenida Antônio Cabral de Souza,0,trunk,false,Ciclovia,41,FeatureCollection,[object Object],,2613701,false,Ciclovia
138633419,Avenida Antônio Cabral de Souza,0,trunk,false,Ciclovia,41,FeatureCollection,[object Object],,2613701,false,Ciclovia
138633424,Avenida Antônio Cabral de Souza,0,trunk,false,Ciclovia,41,FeatureCollection,[object Object],,2613701,false,Ciclovia
138635242,Avenida Brasil,0,primary,false,Ciclovia,41,FeatureCollection,[object Object],,2613701,false,Ciclovia
138636152,Rua do Nobre,0,secondary,false,Ciclovia,41,FeatureCollection,[object Object],,2613701,false,Ciclovia
138636155,,0,trunk_link,false,Ciclovia,41,FeatureCollection,[object Object],,2613701,false,Ciclovia
144358258,Avenida Antônio Cabral de Souza,0,primary,false,Ciclovia,41,FeatureCollection,[object Object],,2613701,false,Ciclovia
144358369,Avenida Antônio Cabral de Souza,0,trunk,false,Ciclovia,41,FeatureCollection,[object Object],,2613701,false,Ciclovia
144427217,Avenida Antônio Cabral de Souza,0,primary,false,Ciclovia,41,FeatureCollection,[object Object],,2613701,false,Ciclovia
144358370,Avenida Antônio Cabral de Souza,0,trunk,false,Ciclovia,41,FeatureCollection,[object Object],,2613701,false,Ciclovia
144425252,Avenida Antônio Cabral de Souza,0,trunk,false,Ciclovia,41,FeatureCollection,[object Object],,2613701,false,Ciclovia
144425256,Avenida Antônio Cabral de Souza,0,trunk,false,Ciclovia,41,FeatureCollection,[object Object],,2613701,false,Ciclovia
144425351,,0,trunk_link,false,Ciclovia,41,FeatureCollection,[object Object],,2613701,false,Ciclovia
144426992,Avenida Antônio Cabral de Souza,0,primary,false,Ciclovia,41,FeatureCollection,[object Object],,2613701,false,Ciclovia
144427337,Avenida Antônio Cabral de Souza,0,primary,false,Ciclovia,41,FeatureCollection,[object Object],,2613701,false,Ciclovia
144428573,,0,trunk_link,false,Ciclovia,41,FeatureCollection,[object Object],,2613701,false,Ciclovia
168666279,Avenida Antônio Cabral de Souza,0,trunk,false,Ciclovia,41,FeatureCollection,[object Object],,2613701,false,Ciclovia
168666280,Avenida Antônio Cabral de Souza,0,trunk,false,Ciclovia,41,FeatureCollection,[object Object],,2613701,false,Ciclovia
198218265,Avenida Antônio Cabral de Souza,0,trunk,false,Ciclovia,41,FeatureCollection,[object Object],,2613701,false,Ciclovia
194722254,,0,trunk_link,false,Ciclovia,41,FeatureCollection,[object Object],,2613701,false,Ciclovia
194722255,,0,trunk_link,false,Ciclovia,41,FeatureCollection,[object Object],,2613701,false,Ciclovia
194729663,,0,trunk_link,false,Ciclovia,41,FeatureCollection,[object Object],,2613701,false,Ciclovia
194729664,,0,trunk_link,false,Ciclovia,41,FeatureCollection,[object Object],,2613701,false,Ciclovia
198218264,Avenida Antônio Cabral de Souza,0,trunk,false,Ciclovia,41,FeatureCollection,[object Object],,2613701,false,Ciclovia
198218267,Avenida Antônio Cabral de Souza,0,trunk,false,Ciclovia,41,FeatureCollection,[object Object],,2613701,false,Ciclovia
244470373,,0,primary_link,false,Ciclovia,41,FeatureCollection,[object Object],,2613701,false,Ciclovia
244470376,Avenida Antônio Cabral de Souza,0,primary,false,Ciclovia,41,FeatureCollection,[object Object],,2613701,false,Ciclovia
353280744,Avenida Antônio Cabral de Souza,0,primary,false,Ciclovia,41,FeatureCollection,[object Object],,2613701,false,Ciclovia
382157471,Avenida Antônio Cabral de Souza,0,trunk,false,Ciclovia,41,FeatureCollection,[object Object],,2613701,false,Ciclovia
382157473,Avenida Antônio Cabral de Souza,0,trunk,false,Ciclovia,41,FeatureCollection,[object Object],,2613701,false,Ciclovia
171855724,Rua Sessenta e Um,0,tertiary,false,Ciclovia,215,FeatureCollection,[object Object],,2613701,false,Ciclovia
382157475,Avenida Antônio Cabral de Souza,0,trunk,false,Ciclovia,41,FeatureCollection,[object Object],,2613701,false,Ciclovia
410076956,Avenida Antônio Cabral de Souza,0,primary,false,Ciclovia,41,FeatureCollection,[object Object],,2613701,false,Ciclovia
761096786,Avenida Antônio Cabral de Souza,0,trunk,false,Ciclovia,41,FeatureCollection,[object Object],,2613701,false,Ciclovia
761096788,Avenida Antônio Cabral de Souza,0,primary,false,Ciclovia,41,FeatureCollection,[object Object],,2613701,false,Ciclovia
949893146,Avenida Antônio Cabral de Souza,0,trunk,false,Ciclovia,41,FeatureCollection,[object Object],,2613701,false,Ciclovia
171855600,Rua Sessenta e Um,0,residential,false,Ciclovia,215,FeatureCollection,[object Object],,2613701,false,Ciclovia
949893147,Avenida Antônio Cabral de Souza,0,trunk,false,Ciclovia,41,FeatureCollection,[object Object],,2613701,false,Ciclovia
966303609,Avenida Antônio Cabral de Souza,0,trunk,false,Ciclovia,41,FeatureCollection,[object Object],,2613701,false,Ciclovia
966303610,Avenida Antônio Cabral de Souza,0,trunk,false,Ciclovia,41,FeatureCollection,[object Object],,2613701,false,Ciclovia
966307750,Avenida Antônio Cabral de Souza,0,trunk,false,Ciclovia,41,FeatureCollection,[object Object],,2613701,false,Ciclovia
966307755,Avenida Antônio Cabral de Souza,0,trunk,false,Ciclovia,41,FeatureCollection,[object Object],,2613701,false,Ciclovia
966307758,Avenida Antônio Cabral de Souza,0,trunk,false,Ciclovia,41,FeatureCollection,[object Object],,2613701,false,Ciclovia
966520620,Avenida Antônio Cabral de Souza,0,primary,false,Ciclovia,41,FeatureCollection,[object Object],,2613701,false,Ciclovia
966520621,Avenida Antônio Cabral de Souza,0,primary,false,Ciclovia,41,FeatureCollection,[object Object],,2613701,false,Ciclovia
966591222,Avenida Antônio Cabral de Souza,0,primary,false,Ciclovia,41,FeatureCollection,[object Object],,2613701,false,Ciclovia
967642805,Avenida Antônio Cabral de Souza,0,footway,false,Ciclovia,41,FeatureCollection,[object Object],,2613701,false,Ciclovia
1435864499,Avenida Antônio Cabral de Souza,0,primary,false,Ciclovia,41,FeatureCollection,[object Object],,2613701,false,Ciclovia
1435864500,Avenida Antônio Cabral de Souza,0,primary,false,Ciclovia,41,FeatureCollection,[object Object],,2613701,false,Ciclovia
171855726,Rua Ananias Lacerda de Andrade,0,tertiary,false,Ciclovia,215,FeatureCollection,[object Object],,2613701,false,Ciclovia
222829070,Rua Quartzo,0,residential,false,Ciclovia,215,FeatureCollection,[object Object],,2613701,false,Ciclovia
245759644,Luiz Carlos Anastácio,0,residential,false,Ciclovia,215,FeatureCollection,[object Object],,2613701,false,Ciclovia
739746621,Rua Ananias Lacerda de Andrade,0,tertiary,false,Ciclovia,215,FeatureCollection,[object Object],,2613701,false,Ciclovia
739746625,Rua Ananias Lacerda de Andrade,0,tertiary,false,Ciclovia,215,FeatureCollection,[object Object],,2613701,false,Ciclovia
741666313,Rua Sessenta e Um,0,residential,false,Ciclovia,215,FeatureCollection,[object Object],,2613701,false,Ciclovia
1183566159,Rua José Juca,0,residential,false,Ciclovia,215,FeatureCollection,[object Object],,2613701,false,Ciclovia
1183566161,Rua Caruaru,0,residential,false,Ciclovia,215,FeatureCollection,[object Object],,2613701,false,Ciclovia
1183566162,Rua do Eucalipto,0,residential,false,Ciclovia,215,FeatureCollection,[object Object],,2613701,false,Ciclovia
144358653,Avenida João Pereira de Oliveira,0,primary,false,Ciclovia,100,FeatureCollection,[object Object],,2613701,false,Ciclovia
144427879,Avenida João Pereira de Oliveira,0,primary,false,Ciclovia,100,FeatureCollection,[object Object],,2613701,false,Ciclovia
342874198,Avenida João Pereira de Oliveira,0,primary,false,Ciclovia,100,FeatureCollection,[object Object],,2613701,false,Ciclovia
750200758,Avenida João Pereira de Oliveira,0,primary,false,Ciclovia,100,FeatureCollection,[object Object],,2613701,false,Ciclovia
761096785,Avenida João Pereira de Oliveira,0,primary,false,Ciclovia,100,FeatureCollection,[object Object],,2613701,false,Ciclovia
761096800,Avenida João Pereira de Oliveira,0,primary,false,Ciclovia,100,FeatureCollection,[object Object],,2613701,false,Ciclovia
966590822,Avenida João Pereira de Oliveira,0,primary,false,Ciclovia,100,FeatureCollection,[object Object],,2613701,false,Ciclovia
966590823,Avenida João Pereira de Oliveira,0,primary,false,Ciclovia,100,FeatureCollection,[object Object],,2613701,false,Ciclovia
1435864497,Avenida João Pereira de Oliveira,0,primary,false,Ciclovia,100,FeatureCollection,[object Object],,2613701,false,Ciclovia
1435864498,Avenida João Pereira de Oliveira,0,primary,false,Ciclovia,100,FeatureCollection,[object Object],,2613701,false,Ciclovia
144358051,Avenida Doutor Cláudio José Gueiros Leite,0,primary,false,Ciclovia,70,FeatureCollection,[object Object],,2613701,false,Ciclovia
312572696,,0,primary_link,false,Ciclovia,70,FeatureCollection,[object Object],,2613701,false,Ciclovia
312572697,Avenida Doutor Cláudio José Gueiros Leite,0,primary,false,Ciclovia,70,FeatureCollection,[object Object],,2613701,false,Ciclovia
353280745,,0,primary_link,false,Ciclovia,70,FeatureCollection,[object Object],,2613701,false,Ciclovia
380180510,Avenida Doutor Cláudio José Gueiros Leite,0,primary,false,Ciclovia,70,FeatureCollection,[object Object],,2613701,false,Ciclovia
394755043,Avenida Doutor Cláudio José Gueiros Leite,0,primary,false,Ciclovia,70,FeatureCollection,[object Object],,2613701,false,Ciclovia
400043472,Avenida Doutor Cláudio José Gueiros Leite,0,primary,false,Ciclovia,70,FeatureCollection,[object Object],,2613701,false,Ciclovia
444404556,Avenida Doutor Cláudio José Gueiros Leite,0,primary,false,Ciclovia,70,FeatureCollection,[object Object],,2613701,false,Ciclovia
444404558,Avenida Doutor Cláudio José Gueiros Leite,0,primary,false,Ciclovia,70,FeatureCollection,[object Object],,2613701,false,Ciclovia
525641431,Avenida Doutor Cláudio José Gueiros Leite,0,primary,false,Ciclovia,70,FeatureCollection,[object Object],,2613701,false,Ciclovia
966840696,Avenida Doutor Cláudio José Gueiros Leite,0,primary,false,Ciclovia,70,FeatureCollection,[object Object],,2613701,false,Ciclovia
966840697,Avenida Doutor Cláudio José Gueiros Leite,0,primary,false,Ciclovia,70,FeatureCollection,[object Object],,2613701,false,Ciclovia
144429916,Avenida A,0,secondary,false,Ciclovia,72,FeatureCollection,[object Object],,2613701,false,Ciclovia
144429921,Avenida A,0,secondary,false,Ciclovia,72,FeatureCollection,[object Object],,2613701,false,Ciclovia
144429950,Avenida A,0,secondary,false,Ciclovia,72,FeatureCollection,[object Object],,2613701,false,Ciclovia
144429951,Avenida A,0,secondary,false,Ciclovia,72,FeatureCollection,[object Object],,2613701,false,Ciclovia
144430914,Avenida A,0,secondary,false,Ciclovia,72,FeatureCollection,[object Object],,2613701,false,Ciclovia
144430917,Avenida A,0,secondary,false,Ciclovia,72,FeatureCollection,[object Object],,2613701,false,Ciclovia
144430918,Avenida A,0,secondary,false,Ciclovia,72,FeatureCollection,[object Object],,2613701,false,Ciclovia
144430919,Avenida A,0,secondary,false,Ciclovia,72,FeatureCollection,[object Object],,2613701,false,Ciclovia
170538886,Avenida A,0,secondary,false,Ciclovia,72,FeatureCollection,[object Object],,2613701,false,Ciclovia
170538887,Avenida A,0,secondary,false,Ciclovia,72,FeatureCollection,[object Object],,2613701,false,Ciclovia
194726617,Avenida A,0,secondary,false,Ciclovia,72,FeatureCollection,[object Object],,2613701,false,Ciclovia
754271622,Avenida A,0,secondary,false,Ciclovia,72,FeatureCollection,[object Object],,2613701,false,Ciclovia
754271623,Avenida A,0,secondary,false,Ciclovia,72,FeatureCollection,[object Object],,2613701,false,Ciclovia
754271624,Avenida A,0,secondary,false,Ciclovia,72,FeatureCollection,[object Object],,2613701,false,Ciclovia
754271625,Avenida A,0,secondary,false,Ciclovia,72,FeatureCollection,[object Object],,2613701,false,Ciclovia
1307361605,Avenida A,0,secondary,false,Ciclovia,72,FeatureCollection,[object Object],,2613701,false,Ciclovia
1307361606,Avenida A,0,secondary,false,Ciclovia,72,FeatureCollection,[object Object],,2613701,false,Ciclovia
966514287,Rua Nossa Senhora do Carmo do Jangá,0,residential,false,Ciclovia,204,FeatureCollection,[object Object],,2613701,false,Ciclovia
144425257,Avenida B,0,secondary,false,Ciclovia,202,FeatureCollection,[object Object],,2613701,false,Ciclovia
575171580,Avenida B,0,secondary,false,Ciclovia,202,FeatureCollection,[object Object],,2613701,false,Ciclovia
194722411,Rua Oitenta e Um,0,residential,false,Ciclovia,195,FeatureCollection,[object Object],,2613701,false,Ciclovia
196945796,Rua Nossa Senhora do Carmo do Jangá,0,residential,false,Ciclovia,204,FeatureCollection,[object Object],,2613701,false,Ciclovia
196945856,Rua Nossa Senhora do Carmo do Jangá,0,residential,false,Ciclovia,204,FeatureCollection,[object Object],,2613701,false,Ciclovia
144357704,Avenida Doutor Cláudio José Gueiros Leite,0,primary,false,Ciclovia,55,FeatureCollection,[object Object],,2613701,false,Ciclovia
144428574,,0,trunk_link,false,Ciclovia,203,FeatureCollection,[object Object],,2613701,false,Ciclovia
144428575,Avenida E,0,trunk_link,false,Ciclovia,203,FeatureCollection,[object Object],,2613701,false,Ciclovia
144428577,Avenida E,0,trunk_link,false,Ciclovia,203,FeatureCollection,[object Object],,2613701,false,Ciclovia
144429458,Avenida E,0,secondary,false,Ciclovia,203,FeatureCollection,[object Object],,2613701,false,Ciclovia
1045544800,Avenida E,0,trunk_link,false,Ciclovia,203,FeatureCollection,[object Object],,2613701,false,Ciclovia
1046487495,Avenida E,0,trunk_link,false,Ciclovia,203,FeatureCollection,[object Object],,2613701,false,Ciclovia
1047104690,,0,trunk_link,false,Ciclovia,203,FeatureCollection,[object Object],,2613701,false,Ciclovia
136796959,Estrada de Nova Cruz,0,secondary,false,Ciclovia,101,FeatureCollection,[object Object],,2613701,false,Ciclovia
153315024,Rua João Alfredo,0,secondary,false,Ciclovia,101,FeatureCollection,[object Object],,2613701,false,Ciclovia
153315027,Estrada de Nova Cruz,0,secondary,false,Ciclovia,101,FeatureCollection,[object Object],,2613701,false,Ciclovia
153315029,Estrada da Nova Cruz,0,secondary,false,Ciclovia,101,FeatureCollection,[object Object],,2613701,false,Ciclovia
1083524265,Rua João Alfredo,0,residential,false,Ciclovia,101,FeatureCollection,[object Object],,2613701,false,Ciclovia
153315030,Estrada de Nova Cruz,0,secondary,false,Ciclovia,101,FeatureCollection,[object Object],,2613701,false,Ciclovia
153315031,Estrada de Nova Cruz,0,secondary,false,Ciclovia,101,FeatureCollection,[object Object],,2613701,false,Ciclovia
153315034,Estrada de Nova Cruz,0,secondary,false,Ciclovia,101,FeatureCollection,[object Object],,2613701,false,Ciclovia
242268821,Rua Jardim Bela Vista,0,secondary,false,Ciclovia,101,FeatureCollection,[object Object],,2613701,false,Ciclovia
239632360,Avenida Joaquim Nabuco,0,primary,false,Ciclovia,179,FeatureCollection,[object Object],,2613701,false,Ciclovia
400067613,Estrada da Nova Cruz,0,secondary,false,Ciclovia,101,FeatureCollection,[object Object],,2613701,false,Ciclovia
435215089,Estrada de Nova Cruz,0,residential,false,Ciclovia,101,FeatureCollection,[object Object],,2613701,false,Ciclovia
712111357,Rua Jardim Bela Vista,0,secondary,false,Ciclovia,101,FeatureCollection,[object Object],,2613701,false,Ciclovia
712111358,Rua Jardim Bela Vista,0,secondary,false,Ciclovia,101,FeatureCollection,[object Object],,2613701,false,Ciclovia
715627883,Estrada da Nova Cruz,0,secondary,false,Ciclovia,101,FeatureCollection,[object Object],,2613701,false,Ciclovia
716002395,Estrada de Nova Cruz,0,secondary,false,Ciclovia,101,FeatureCollection,[object Object],,2613701,false,Ciclovia
716002396,Estrada de Nova Cruz,0,secondary,false,Ciclovia,101,FeatureCollection,[object Object],,2613701,false,Ciclovia
716002397,Estrada de Nova Cruz,0,residential,false,Ciclovia,101,FeatureCollection,[object Object],,2613701,false,Ciclovia
717384185,Rua Jardim Bela Vista,0,secondary,false,Ciclovia,101,FeatureCollection,[object Object],,2613701,false,Ciclovia
772207039,Rua das Mangueiras,0,residential,false,Ciclovia,101,FeatureCollection,[object Object],,2613701,false,Ciclovia
775968546,Estrada de Nova Cruz,0,secondary,false,Ciclovia,101,FeatureCollection,[object Object],,2613701,false,Ciclovia
1023389847,Estrada de Nova Cruz,0,secondary,false,Ciclovia,101,FeatureCollection,[object Object],,2613701,false,Ciclovia
1023389848,Estrada de Nova Cruz,0,secondary,false,Ciclovia,101,FeatureCollection,[object Object],,2613701,false,Ciclovia
245931663,Rua Vinte e Sete de Setembro,0,primary,false,Ciclovia,179,FeatureCollection,[object Object],,2613701,false,Ciclovia
245931664,Rua Vinte e Sete de Setembro,0,primary,false,Ciclovia,179,FeatureCollection,[object Object],,2613701,false,Ciclovia
306781392,,0,primary,false,Ciclovia,179,FeatureCollection,[object Object],,2613701,false,Ciclovia
306781397,,0,primary,false,Ciclovia,179,FeatureCollection,[object Object],,2613701,false,Ciclovia
628605084,,0,primary,false,Ciclovia,179,FeatureCollection,[object Object],,2613701,false,Ciclovia
628605086,,0,primary,false,Ciclovia,179,FeatureCollection,[object Object],,2613701,false,Ciclovia
669588807,Rua Vinte e Sete de Setembro,0,primary,false,Ciclovia,179,FeatureCollection,[object Object],,2613701,false,Ciclovia
679519457,Rua Doutor João Elisio,0,primary,false,Ciclovia,179,FeatureCollection,[object Object],,2613701,false,Ciclovia
692084888,Avenida Marechal Hermes,0,primary,false,Ciclovia,179,FeatureCollection,[object Object],,2613701,false,Ciclovia
712067062,Rua Marechal Hermes,0,primary,false,Ciclovia,179,FeatureCollection,[object Object],,2613701,false,Ciclovia
766248090,Rua Doutor João Elisio,0,primary,false,Ciclovia,179,FeatureCollection,[object Object],,2613701,false,Ciclovia
1035737691,,0,primary,false,Ciclovia,179,FeatureCollection,[object Object],,2613701,false,Ciclovia
159133125,Avenida General Manoel Rabelo,0,primary,false,Ciclovia,15,FeatureCollection,[object Object],,2613701,false,Ciclovia
159133128,Avenida General Manoel Rabelo,0,primary,false,Ciclovia,15,FeatureCollection,[object Object],,2613701,false,Ciclovia
159133669,Avenida General Manoel Rabelo,0,primary,false,Ciclovia,15,FeatureCollection,[object Object],,2613701,false,Ciclovia
159133670,Avenida General Manoel Rabelo,0,primary,false,Ciclovia,15,FeatureCollection,[object Object],,2613701,false,Ciclovia
240713002,Avenida Visconde do Rio Branco,0,primary,false,Ciclovia,15,FeatureCollection,[object Object],,2613701,false,Ciclovia
246959748,Rua Desembargador Henrique Capitulino,0,primary,false,Ciclovia,15,FeatureCollection,[object Object],,2613701,false,Ciclovia
246960802,Avenida Barão de Lucena,0,primary,false,Ciclovia,15,FeatureCollection,[object Object],,2613701,false,Ciclovia
320810707,Avenida General Manoel Rabelo,0,primary,false,Ciclovia,15,FeatureCollection,[object Object],,2613701,false,Ciclovia
545371027,Avenida Barão de Lucena,0,primary,false,Ciclovia,15,FeatureCollection,[object Object],,2613701,false,Ciclovia
624153305,Avenida General Manoel Rabelo,0,primary,false,Ciclovia,15,FeatureCollection,[object Object],,2613701,false,Ciclovia
624153306,Avenida General Manoel Rabelo,0,primary,false,Ciclovia,15,FeatureCollection,[object Object],,2613701,false,Ciclovia
694838056,Avenida General Manoel Rabelo,0,primary,false,Ciclovia,15,FeatureCollection,[object Object],,2613701,false,Ciclovia
694838057,Avenida General Manoel Rabelo,0,primary,false,Ciclovia,15,FeatureCollection,[object Object],,2613701,false,Ciclovia
694839245,Avenida General Manoel Rabelo,0,primary,false,Ciclovia,15,FeatureCollection,[object Object],,2613701,false,Ciclovia
694839246,Avenida General Manoel Rabelo,0,primary,false,Ciclovia,15,FeatureCollection,[object Object],,2613701,false,Ciclovia
778343127,PE-007,0,primary,false,Ciclovia,15,FeatureCollection,[object Object],,2613701,false,Ciclovia
778343128,PE-007,0,primary,false,Ciclovia,15,FeatureCollection,[object Object],,2613701,false,Ciclovia
780228128,Avenida Barão de Lucena,0,primary,false,Ciclovia,15,FeatureCollection,[object Object],,2613701,false,Ciclovia
1183809388,Avenida General Manoel Rabelo,0,primary,false,Ciclovia,15,FeatureCollection,[object Object],,2613701,false,Ciclovia
1377852990,Avenida General Manoel Rabelo,0,primary,false,Ciclovia,15,FeatureCollection,[object Object],,2613701,false,Ciclovia
129484274,Rua Pampulha,0,secondary,false,Ciclovia,61,FeatureCollection,[object Object],,2613701,false,Ciclovia
151316550,Rua Landelino Câmara,0,residential,false,Ciclovia,61,FeatureCollection,[object Object],,2613701,false,Ciclovia
151316551,Rua Adolfo Faro,0,residential,false,Ciclovia,61,FeatureCollection,[object Object],,2613701,false,Ciclovia
151316568,Rua Doutor Gonzaga Maranhão,0,residential,false,Ciclovia,61,FeatureCollection,[object Object],,2613701,false,Ciclovia
151319664,Rua Santos Cosme e Damião,0,residential,false,Ciclovia,61,FeatureCollection,[object Object],,2613701,false,Ciclovia
307186023,Rua Pampulha,0,secondary,false,Ciclovia,61,FeatureCollection,[object Object],,2613701,false,Ciclovia
320810717,Rua Pampulha,0,secondary,false,Ciclovia,61,FeatureCollection,[object Object],,2613701,false,Ciclovia
320810719,Rua Pampulha,0,secondary,false,Ciclovia,61,FeatureCollection,[object Object],,2613701,false,Ciclovia
686979460,Rua Potengy,0,secondary,false,Ciclovia,61,FeatureCollection,[object Object],,2613701,false,Ciclovia
761542909,Rua Landelino Câmara,0,residential,false,Ciclovia,61,FeatureCollection,[object Object],,2613701,false,Ciclovia
773772465,Rua Pampulha,0,secondary,false,Ciclovia,61,FeatureCollection,[object Object],,2613701,false,Ciclovia
773772466,Rua Pampulha,0,secondary,false,Ciclovia,61,FeatureCollection,[object Object],,2613701,false,Ciclovia
966213512,Rua Pampulha,0,secondary,false,Ciclovia,61,FeatureCollection,[object Object],,2613701,false,Ciclovia
1184004958,Rua Francisco Barreto,0,residential,false,Ciclovia,61,FeatureCollection,[object Object],,2613701,false,Ciclovia
539761332,Travessa da Linha,0,secondary,false,Ciclovia,192,FeatureCollection,[object Object],,2613701,false,Ciclovia
542444396,Calçadão,0,footway,false,Ciclovia,192,FeatureCollection,[object Object],,2613701,false,Ciclovia
775797282,Calçadão,0,footway,false,Ciclovia,192,FeatureCollection,[object Object],,2613701,false,Ciclovia
1183750772,Travessa da Linha,0,secondary,false,Ciclovia,192,FeatureCollection,[object Object],,2613701,false,Ciclovia
161184791,Rua Professor Nilo Peçanha,0,residential,false,Ciclovia,194,FeatureCollection,[object Object],,2613701,false,Ciclovia
966799058,Rua Professor Nilo Peçanha,0,residential,false,Ciclovia,194,FeatureCollection,[object Object],,2613701,false,Ciclovia
966799059,Rua Professor Nilo Peçanha,0,residential,false,Ciclovia,194,FeatureCollection,[object Object],,2613701,false,Ciclovia
967649828,Rua Professor Nilo Peçanha,0,residential,false,Ciclovia,194,FeatureCollection,[object Object],,2613701,false,Ciclovia
199428377,Travessa Manuel Alves Deus Dará,0,tertiary,false,Ciclovia,105,FeatureCollection,[object Object],,2613701,false,Ciclovia
199878547,Avenida Bicentenario da Revolução Francesa,0,tertiary,false,Ciclovia,105,FeatureCollection,[object Object],,2613701,false,Ciclovia
199878548,Avenida Bicentenario da Revolução Francesa,0,tertiary,false,Ciclovia,105,FeatureCollection,[object Object],,2613701,false,Ciclovia
200047807,Avenida Bicentenario da Revolução Francesa,0,tertiary,false,Ciclovia,105,FeatureCollection,[object Object],,2613701,false,Ciclovia
200047808,Avenida Bicentenario da Revolução Francesa,0,tertiary,false,Ciclovia,105,FeatureCollection,[object Object],,2613701,false,Ciclovia
645436414,Avenida Bicentenario da Revolução Francesa,0,tertiary,false,Ciclovia,105,FeatureCollection,[object Object],,2613701,false,Ciclovia
655997985,Avenida Bicentenario da Revolução Francesa,0,tertiary,false,Ciclovia,105,FeatureCollection,[object Object],,2613701,false,Ciclovia
854786861,Avenida Bicentenario da Revolução Francesa,0,tertiary,false,Ciclovia,105,FeatureCollection,[object Object],,2613701,false,Ciclovia
854786863,Avenida Bicentenario da Revolução Francesa,0,tertiary,false,Ciclovia,105,FeatureCollection,[object Object],,2613701,false,Ciclovia
854786915,Avenida Bicentenario da Revolução Francesa,0,tertiary,false,Ciclovia,105,FeatureCollection,[object Object],,2613701,false,Ciclovia
966593152,Travessa Manuel Alves Deus Dará,0,tertiary,false,Ciclovia,105,FeatureCollection,[object Object],,2613701,false,Ciclovia
30812778,Avenida Caxangá,0,primary,false,Ciclovia,20,FeatureCollection,[object Object],,2613701,false,Ciclovia
129737695,Avenida Caxangá,0,primary,false,Ciclovia,20,FeatureCollection,[object Object],,2613701,false,Ciclovia
129737832,Avenida Caxangá,0,primary,false,Ciclovia,20,FeatureCollection,[object Object],,2613701,false,Ciclovia
129895335,Rua Benfica,0,primary,false,Ciclovia,20,FeatureCollection,[object Object],,2613701,false,Ciclovia
129895466,Avenida Caxangá,0,primary,false,Ciclovia,20,FeatureCollection,[object Object],,2613701,false,Ciclovia
129895550,Rua Real da Torre,0,primary,false,Ciclovia,20,FeatureCollection,[object Object],,2613701,false,Ciclovia
129895646,Avenida Caxangá,0,primary,false,Ciclovia,20,FeatureCollection,[object Object],,2613701,false,Ciclovia
136667233,Avenida Joaquim Ribeiro,0,primary,false,Ciclovia,20,FeatureCollection,[object Object],,2613701,false,Ciclovia
136667235,Avenida Caxangá,0,primary,false,Ciclovia,20,FeatureCollection,[object Object],,2613701,false,Ciclovia
137364476,Avenida Caxangá,0,primary,false,Ciclovia,20,FeatureCollection,[object Object],,2613701,false,Ciclovia
137364477,Avenida Caxangá,0,primary,false,Ciclovia,20,FeatureCollection,[object Object],,2613701,false,Ciclovia
137364478,Avenida Caxangá,0,primary,false,Ciclovia,20,FeatureCollection,[object Object],,2613701,false,Ciclovia
137364480,Avenida Caxangá,0,primary,false,Ciclovia,20,FeatureCollection,[object Object],,2613701,false,Ciclovia
140616534,Corredor Exclusivo BRT Leste - Oeste,0,busway,false,Ciclovia,20,FeatureCollection,[object Object],,2613701,false,Ciclovia
306168729,Avenida Caxangá,0,primary,false,Ciclovia,20,FeatureCollection,[object Object],,2613701,false,Ciclovia
314754222,Avenida Caxangá,0,primary,false,Ciclovia,20,FeatureCollection,[object Object],,2613701,false,Ciclovia
314754224,Avenida Caxangá,0,primary,false,Ciclovia,20,FeatureCollection,[object Object],,2613701,false,Ciclovia
314754233,Avenida Caxangá,0,primary,false,Ciclovia,20,FeatureCollection,[object Object],,2613701,false,Ciclovia
314754235,Avenida Caxangá,0,primary,false,Ciclovia,20,FeatureCollection,[object Object],,2613701,false,Ciclovia
314754236,Avenida Caxangá,0,primary,false,Ciclovia,20,FeatureCollection,[object Object],,2613701,false,Ciclovia
314754238,Avenida Caxangá,0,primary,false,Ciclovia,20,FeatureCollection,[object Object],,2613701,false,Ciclovia
314754240,Avenida Caxangá,0,primary,false,Ciclovia,20,FeatureCollection,[object Object],,2613701,false,Ciclovia
314754241,Avenida Caxangá,0,primary,false,Ciclovia,20,FeatureCollection,[object Object],,2613701,false,Ciclovia
314754243,Avenida Caxangá,0,primary,false,Ciclovia,20,FeatureCollection,[object Object],,2613701,false,Ciclovia
318869506,Avenida Caxangá,0,primary,false,Ciclovia,20,FeatureCollection,[object Object],,2613701,false,Ciclovia
318869512,Rua Benfica,0,primary,false,Ciclovia,20,FeatureCollection,[object Object],,2613701,false,Ciclovia
533129106,Avenida Caxangá,0,primary,false,Ciclovia,20,FeatureCollection,[object Object],,2613701,false,Ciclovia
573648910,Avenida Caxangá,0,primary,false,Ciclovia,20,FeatureCollection,[object Object],,2613701,false,Ciclovia
581704790,Avenida Caxangá,0,primary,false,Ciclovia,20,FeatureCollection,[object Object],,2613701,false,Ciclovia
581704796,Avenida Caxangá,0,primary,false,Ciclovia,20,FeatureCollection,[object Object],,2613701,false,Ciclovia
582016159,Avenida Caxangá,0,primary,false,Ciclovia,20,FeatureCollection,[object Object],,2613701,false,Ciclovia
626700060,Avenida Caxangá,0,primary,false,Ciclovia,20,FeatureCollection,[object Object],,2613701,false,Ciclovia
627935222,Avenida Caxangá,0,primary,false,Ciclovia,20,FeatureCollection,[object Object],,2613701,false,Ciclovia
628641285,Avenida Caxangá,0,primary,false,Ciclovia,20,FeatureCollection,[object Object],,2613701,false,Ciclovia
628645786,Rua Benfica,0,busway,false,Ciclovia,20,FeatureCollection,[object Object],,2613701,false,Ciclovia
628649580,Avenida Caxangá,0,primary,false,Ciclovia,20,FeatureCollection,[object Object],,2613701,false,Ciclovia
628649583,Avenida Caxangá,0,primary,false,Ciclovia,20,FeatureCollection,[object Object],,2613701,false,Ciclovia
633762072,Avenida Caxangá,0,primary,false,Ciclovia,20,FeatureCollection,[object Object],,2613701,false,Ciclovia
637666024,Avenida Caxangá,0,primary,false,Ciclovia,20,FeatureCollection,[object Object],,2613701,false,Ciclovia
637666027,Avenida Caxangá,0,primary,false,Ciclovia,20,FeatureCollection,[object Object],,2613701,false,Ciclovia
637666032,Avenida Caxangá,0,primary,false,Ciclovia,20,FeatureCollection,[object Object],,2613701,false,Ciclovia
637666036,Avenida Caxangá,0,primary,false,Ciclovia,20,FeatureCollection,[object Object],,2613701,false,Ciclovia
637666037,Avenida Caxangá,0,primary,false,Ciclovia,20,FeatureCollection,[object Object],,2613701,false,Ciclovia
637666038,Avenida Caxangá,0,primary,false,Ciclovia,20,FeatureCollection,[object Object],,2613701,false,Ciclovia
653564076,Avenida Joaquim Ribeiro,0,primary,false,Ciclovia,20,FeatureCollection,[object Object],,2613701,false,Ciclovia
653564077,Avenida Joaquim Ribeiro,0,primary,false,Ciclovia,20,FeatureCollection,[object Object],,2613701,false,Ciclovia
653564085,Avenida Caxangá,0,primary,false,Ciclovia,20,FeatureCollection,[object Object],,2613701,false,Ciclovia
653564090,Avenida Caxangá,0,primary,false,Ciclovia,20,FeatureCollection,[object Object],,2613701,false,Ciclovia
700013796,Avenida Caxangá,0,primary,false,Ciclovia,20,FeatureCollection,[object Object],,2613701,false,Ciclovia
700013799,Avenida Caxangá,0,primary,false,Ciclovia,20,FeatureCollection,[object Object],,2613701,false,Ciclovia
700013825,Avenida Caxangá,0,primary,false,Ciclovia,20,FeatureCollection,[object Object],,2613701,false,Ciclovia
703515995,Avenida Caxangá,0,primary,false,Ciclovia,20,FeatureCollection,[object Object],,2613701,false,Ciclovia
703515996,Avenida Caxangá,0,primary,false,Ciclovia,20,FeatureCollection,[object Object],,2613701,false,Ciclovia
736371777,Avenida Caxangá,0,primary,false,Ciclovia,20,FeatureCollection,[object Object],,2613701,false,Ciclovia
816364133,Avenida Caxangá,0,primary,false,Ciclovia,20,FeatureCollection,[object Object],,2613701,false,Ciclovia
821123753,Corredor Exclusivo BRT Leste - Oeste,0,busway,false,Ciclovia,20,FeatureCollection,[object Object],,2613701,false,Ciclovia
857404856,Rua Benfica,0,primary,false,Ciclovia,20,FeatureCollection,[object Object],,2613701,false,Ciclovia
869895413,Rua Benfica,0,primary,false,Ciclovia,20,FeatureCollection,[object Object],,2613701,false,Ciclovia
898194078,Avenida Caxangá,0,primary,false,Ciclovia,20,FeatureCollection,[object Object],,2613701,false,Ciclovia
995648126,Avenida Caxangá,0,primary,false,Ciclovia,20,FeatureCollection,[object Object],,2613701,false,Ciclovia
995648128,Avenida Caxangá,0,primary,false,Ciclovia,20,FeatureCollection,[object Object],,2613701,false,Ciclovia
1183838916,Rua Benfica,0,busway,false,Ciclovia,20,FeatureCollection,[object Object],,2613701,false,Ciclovia
30810861,Avenida General Manoel Rabelo,0,primary,false,Ciclovia,17,FeatureCollection,[object Object],,2613701,false,Ciclovia
30811055,Avenida Doutor José Rufino,0,primary,false,Ciclovia,17,FeatureCollection,[object Object],,2613701,false,Ciclovia
159134696,Ponte Lacerda,0,primary,false,Ciclovia,17,FeatureCollection,[object Object],,2613701,false,Ciclovia
159134698,Avenida Falcão de Lacerda,0,primary,false,Ciclovia,17,FeatureCollection,[object Object],,2613701,false,Ciclovia
224068888,Avenida Falcão de Lacerda,0,primary,false,Ciclovia,17,FeatureCollection,[object Object],,2613701,false,Ciclovia
224068889,Avenida Falcão de Lacerda,0,primary,false,Ciclovia,17,FeatureCollection,[object Object],,2613701,false,Ciclovia
709704820,Avenida Falcão de Lacerda,0,primary,false,Ciclovia,17,FeatureCollection,[object Object],,2613701,false,Ciclovia
709704821,Avenida Falcão de Lacerda,0,primary,false,Ciclovia,17,FeatureCollection,[object Object],,2613701,false,Ciclovia
690508640,Ciclovia Camilo Simões,0,cycleway,true,Ciclovia,26,FeatureCollection,[object Object],,2613701,false,Ciclovia
764604815,Avenida Doutor José Rufino,0,primary,false,Ciclovia,17,FeatureCollection,[object Object],,2613701,false,Ciclovia
128158208,Avenida Governador Agamenon Magalhães,0,trunk,false,Ciclovia,26,FeatureCollection,[object Object],,2613701,false,Ciclovia
128158209,Avenida Governador Agamenon Magalhães,0,trunk,false,Ciclovia,26,FeatureCollection,[object Object],,2613701,false,Ciclovia
128158210,Avenida Governador Agamenon Magalhães,0,trunk,false,Ciclovia,26,FeatureCollection,[object Object],,2613701,false,Ciclovia
128158211,Avenida Governador Agamenon Magalhães,0,trunk,false,Ciclovia,26,FeatureCollection,[object Object],,2613701,false,Ciclovia
128159587,,0,trunk_link,false,Ciclovia,26,FeatureCollection,[object Object],,2613701,false,Ciclovia
128164522,Avenida Governador Agamenon Magalhães,0,trunk,false,Ciclovia,26,FeatureCollection,[object Object],,2613701,false,Ciclovia
315073854,Avenida Governador Agamenon Magalhães,0,trunk,false,Ciclovia,26,FeatureCollection,[object Object],,2613701,false,Ciclovia
315073857,Avenida Governador Agamenon Magalhães,0,trunk,false,Ciclovia,26,FeatureCollection,[object Object],,2613701,false,Ciclovia
315073859,Avenida Governador Agamenon Magalhães,0,trunk,false,Ciclovia,26,FeatureCollection,[object Object],,2613701,false,Ciclovia
786325342,Avenida Beira Rio,0,secondary,false,Ciclovia,167,FeatureCollection,[object Object],,2613701,false,Ciclovia
315073861,Avenida Governador Agamenon Magalhães,0,trunk,false,Ciclovia,26,FeatureCollection,[object Object],,2613701,false,Ciclovia
315073870,Avenida Governador Agamenon Magalhães,0,trunk,false,Ciclovia,26,FeatureCollection,[object Object],,2613701,false,Ciclovia
315073880,Avenida Governador Agamenon Magalhães,0,trunk,false,Ciclovia,26,FeatureCollection,[object Object],,2613701,false,Ciclovia
315073881,Avenida Governador Agamenon Magalhães,0,trunk,false,Ciclovia,26,FeatureCollection,[object Object],,2613701,false,Ciclovia
315073902,Avenida Governador Agamenon Magalhães,0,trunk,false,Ciclovia,26,FeatureCollection,[object Object],,2613701,false,Ciclovia
624847913,Ciclovia Camilo Simões,0,cycleway,true,Ciclovia,26,FeatureCollection,[object Object],,2613701,false,Ciclovia
690508643,Ciclovia Camilo Simões,0,cycleway,true,Ciclovia,26,FeatureCollection,[object Object],,2613701,false,Ciclovia
700750679,Ciclovia Camilo Simões,0,cycleway,true,Ciclovia,26,FeatureCollection,[object Object],,2613701,false,Ciclovia
700750680,Ciclovia Camilo Simões,0,cycleway,true,Ciclovia,26,FeatureCollection,[object Object],,2613701,false,Ciclovia
704220892,Avenida Governador Agamenon Magalhães,0,trunk,false,Ciclovia,26,FeatureCollection,[object Object],,2613701,false,Ciclovia
762906975,Avenida Governador Agamenon Magalhães,0,trunk,false,Ciclovia,26,FeatureCollection,[object Object],,2613701,false,Ciclovia
968272495,Avenida Governador Agamenon Magalhães,0,trunk,false,Ciclovia,26,FeatureCollection,[object Object],,2613701,false,Ciclovia
762906976,Avenida Governador Agamenon Magalhães,0,trunk,false,Ciclovia,26,FeatureCollection,[object Object],,2613701,false,Ciclovia
762906977,Ciclovia Camilo Simões,0,cycleway,true,Ciclovia,26,FeatureCollection,[object Object],,2613701,false,Ciclovia
772547599,Avenida Governador Agamenon Magalhães,0,trunk,false,Ciclovia,26,FeatureCollection,[object Object],,2613701,false,Ciclovia
966837056,Avenida Governador Agamenon Magalhães,0,trunk,false,Ciclovia,26,FeatureCollection,[object Object],,2613701,false,Ciclovia
966837057,Avenida Governador Agamenon Magalhães,0,trunk,false,Ciclovia,26,FeatureCollection,[object Object],,2613701,false,Ciclovia
968203100,Avenida Governador Agamenon Magalhães,0,trunk,false,Ciclovia,26,FeatureCollection,[object Object],,2613701,false,Ciclovia
968284172,Avenida Governador Agamenon Magalhães,0,trunk,false,Ciclovia,26,FeatureCollection,[object Object],,2613701,false,Ciclovia
968294729,Avenida Governador Agamenon Magalhães,0,trunk,false,Ciclovia,26,FeatureCollection,[object Object],,2613701,false,Ciclovia
968294730,Avenida Governador Agamenon Magalhães,0,trunk,false,Ciclovia,26,FeatureCollection,[object Object],,2613701,false,Ciclovia
968294731,Avenida Governador Agamenon Magalhães,0,trunk,false,Ciclovia,26,FeatureCollection,[object Object],,2613701,false,Ciclovia
968294732,Avenida Governador Agamenon Magalhães,0,trunk,false,Ciclovia,26,FeatureCollection,[object Object],,2613701,false,Ciclovia
968307780,Avenida Governador Agamenon Magalhães,0,trunk,false,Ciclovia,26,FeatureCollection,[object Object],,2613701,false,Ciclovia
968516589,Avenida Governador Agamenon Magalhães,0,trunk,false,Ciclovia,26,FeatureCollection,[object Object],,2613701,false,Ciclovia
968516590,Avenida Governador Agamenon Magalhães,0,trunk,false,Ciclovia,26,FeatureCollection,[object Object],,2613701,false,Ciclovia
968521071,Avenida Governador Agamenon Magalhães,0,trunk,false,Ciclovia,26,FeatureCollection,[object Object],,2613701,false,Ciclovia
1183969262,Ciclovia Camilo Simões,0,cycleway,true,Ciclovia,26,FeatureCollection,[object Object],,2613701,false,Ciclovia
1234964959,Ciclovia Agamenon Magalhães,0,cycleway,true,Ciclovia,26,FeatureCollection,[object Object],,2613701,false,Ciclovia
1234964960,Ciclovia Agamenon Magalhães,0,cycleway,true,Ciclovia,26,FeatureCollection,[object Object],,2613701,false,Ciclovia
1241145626,Avenida Governador Agamenon Magalhães,0,trunk,false,Ciclovia,26,FeatureCollection,[object Object],,2613701,false,Ciclovia
1342125630,Avenida Governador Agamenon Magalhães,0,trunk,false,Ciclovia,26,FeatureCollection,[object Object],,2613701,false,Ciclovia
129812360,Estrada dos Remédios,0,primary,false,Ciclovia,19,FeatureCollection,[object Object],,2613701,false,Ciclovia
129812361,Estrada dos Remédios,0,primary,false,Ciclovia,19,FeatureCollection,[object Object],,2613701,false,Ciclovia
129812717,Estrada dos Remédios,0,primary,false,Ciclovia,19,FeatureCollection,[object Object],,2613701,false,Ciclovia
129812718,Estrada dos Remédios,0,primary,false,Ciclovia,19,FeatureCollection,[object Object],,2613701,false,Ciclovia
129812916,Estrada dos Remédios,0,primary,false,Ciclovia,19,FeatureCollection,[object Object],,2613701,false,Ciclovia
129812920,Estrada dos Remédios,0,primary,false,Ciclovia,19,FeatureCollection,[object Object],,2613701,false,Ciclovia
314754290,Estrada dos Remédios,0,primary,false,Ciclovia,19,FeatureCollection,[object Object],,2613701,false,Ciclovia
316740682,Estrada dos Remédios,0,primary,false,Ciclovia,19,FeatureCollection,[object Object],,2613701,false,Ciclovia
371261851,Estrada dos Remédios,0,primary,false,Ciclovia,19,FeatureCollection,[object Object],,2613701,false,Ciclovia
772547579,Estrada dos Remédios,0,primary,false,Ciclovia,19,FeatureCollection,[object Object],,2613701,false,Ciclovia
772547581,Estrada dos Remédios,0,primary,false,Ciclovia,19,FeatureCollection,[object Object],,2613701,false,Ciclovia
85683722,Avenida Beira Rio,0,secondary,false,Ciclovia,167,FeatureCollection,[object Object],,2613701,false,Ciclovia
85683728,Avenida Beira Rio,0,secondary,false,Ciclovia,167,FeatureCollection,[object Object],,2613701,false,Ciclovia
131338666,Avenida Beira Rio,0,secondary,false,Ciclovia,167,FeatureCollection,[object Object],,2613701,false,Ciclovia
131338667,Avenida Beira Rio,0,secondary,false,Ciclovia,167,FeatureCollection,[object Object],,2613701,false,Ciclovia
131338711,Avenida Beira Rio,0,residential,false,Ciclovia,167,FeatureCollection,[object Object],,2613701,false,Ciclovia
151672222,Rua Heitor Maia Filho,0,residential,false,Ciclovia,167,FeatureCollection,[object Object],,2613701,false,Ciclovia
370349187,Avenida Beira Rio,0,secondary,false,Ciclovia,167,FeatureCollection,[object Object],,2613701,false,Ciclovia
967677455,Avenida Beira Rio,0,secondary,false,Ciclovia,167,FeatureCollection,[object Object],,2613701,false,Ciclovia
967677728,Avenida Beira Rio,0,secondary,false,Ciclovia,167,FeatureCollection,[object Object],,2613701,false,Ciclovia
967678100,Avenida Beira Rio,0,secondary,false,Ciclovia,167,FeatureCollection,[object Object],,2613701,false,Ciclovia
967875186,Avenida Beira Rio,0,secondary,false,Ciclovia,167,FeatureCollection,[object Object],,2613701,false,Ciclovia
129178018,Rua Estado de Israel,0,tertiary,false,Ciclovia,229,FeatureCollection,[object Object],,2613701,false,Ciclovia
129178081,Praça Miguel de Cervantes,0,tertiary,false,Ciclovia,229,FeatureCollection,[object Object],,2613701,false,Ciclovia
129180250,Praça Miguel de Cervantes,0,tertiary,false,Ciclovia,229,FeatureCollection,[object Object],,2613701,false,Ciclovia
129181495,Avenida Manoel Borba,0,secondary,false,Ciclovia,229,FeatureCollection,[object Object],,2613701,false,Ciclovia
129182728,Avenida Lins Petit,0,secondary,false,Ciclovia,229,FeatureCollection,[object Object],,2613701,false,Ciclovia
316152187,Avenida Manoel Borba,0,secondary,false,Ciclovia,229,FeatureCollection,[object Object],,2613701,false,Ciclovia
316707913,Avenida Lins Petit,0,secondary,false,Ciclovia,229,FeatureCollection,[object Object],,2613701,false,Ciclovia
316707914,Rua Estado de Israel,0,tertiary,false,Ciclovia,229,FeatureCollection,[object Object],,2613701,false,Ciclovia
367789281,Avenida Manoel Borba,0,secondary,false,Ciclovia,229,FeatureCollection,[object Object],,2613701,false,Ciclovia
587579211,Avenida Doutor Belmino Correia,0,primary,false,Ciclovia,23,FeatureCollection,[object Object],,2613701,false,Ciclovia
367789283,Avenida Manoel Borba,0,secondary,false,Ciclovia,229,FeatureCollection,[object Object],,2613701,false,Ciclovia
762960948,Rua Estado de Israel,0,tertiary,false,Ciclovia,229,FeatureCollection,[object Object],,2613701,false,Ciclovia
967978836,Rua Estado de Israel,0,tertiary,false,Ciclovia,229,FeatureCollection,[object Object],,2613701,false,Ciclovia
968290602,Rua Estado de Israel,0,tertiary,false,Ciclovia,229,FeatureCollection,[object Object],,2613701,false,Ciclovia
30812648,Avenida Doutor Belmino Correia,0,primary,false,Ciclovia,23,FeatureCollection,[object Object],,2613701,false,Ciclovia
30812665,Avenida Doutor Belmino Correia,0,primary,false,Ciclovia,23,FeatureCollection,[object Object],,2613701,false,Ciclovia
195005030,Avenida Doutor Belmino Correia,0,primary,false,Ciclovia,23,FeatureCollection,[object Object],,2613701,false,Ciclovia
203188943,Avenida Doutor Belmino Correia,0,primary,false,Ciclovia,23,FeatureCollection,[object Object],,2613701,false,Ciclovia
203188958,Avenida Doutor Belmino Correia,0,primary,false,Ciclovia,23,FeatureCollection,[object Object],,2613701,false,Ciclovia
369105304,Avenida Doutor Belmino Correia,0,primary,false,Ciclovia,23,FeatureCollection,[object Object],,2613701,false,Ciclovia
545150550,Avenida Doutor Belmino Correia,0,primary,false,Ciclovia,23,FeatureCollection,[object Object],,2613701,false,Ciclovia
545293108,Avenida Doutor Belmino Correia,0,primary,false,Ciclovia,23,FeatureCollection,[object Object],,2613701,false,Ciclovia
580987387,Avenida Doutor Belmino Correia,0,primary,false,Ciclovia,23,FeatureCollection,[object Object],,2613701,false,Ciclovia
580987389,Avenida Doutor Belmino Correia,0,primary,false,Ciclovia,23,FeatureCollection,[object Object],,2613701,false,Ciclovia
580987392,Avenida Doutor Belmino Correia,0,primary,false,Ciclovia,23,FeatureCollection,[object Object],,2613701,false,Ciclovia
582361234,Avenida Doutor Belmino Correia,0,primary,false,Ciclovia,23,FeatureCollection,[object Object],,2613701,false,Ciclovia
582361235,Avenida Doutor Belmino Correia,0,primary,false,Ciclovia,23,FeatureCollection,[object Object],,2613701,false,Ciclovia
582361236,Avenida Doutor Belmino Correia,0,primary,false,Ciclovia,23,FeatureCollection,[object Object],,2613701,false,Ciclovia
582361237,Avenida Doutor Belmino Correia,0,primary,false,Ciclovia,23,FeatureCollection,[object Object],,2613701,false,Ciclovia
582361238,Avenida Doutor Belmino Correia,0,primary,false,Ciclovia,23,FeatureCollection,[object Object],,2613701,false,Ciclovia
587579210,Avenida Doutor Belmino Correia,0,primary,false,Ciclovia,23,FeatureCollection,[object Object],,2613701,false,Ciclovia
542744100,Rua Manuel de Medeiros,0,secondary,false,Ciclovia,187,FeatureCollection,[object Object],,2613701,false,Ciclovia
587864766,Avenida Doutor Belmino Correia,0,primary,false,Ciclovia,23,FeatureCollection,[object Object],,2613701,false,Ciclovia
592443419,Avenida Doutor Belmino Correia,0,primary,false,Ciclovia,23,FeatureCollection,[object Object],,2613701,false,Ciclovia
592443420,Avenida Doutor Belmino Correia,0,primary,false,Ciclovia,23,FeatureCollection,[object Object],,2613701,false,Ciclovia
593214799,Avenida Doutor Belmino Correia,0,primary,false,Ciclovia,23,FeatureCollection,[object Object],,2613701,false,Ciclovia
593214801,Avenida Doutor Belmino Correia,0,primary,false,Ciclovia,23,FeatureCollection,[object Object],,2613701,false,Ciclovia
648567872,Avenida Doutor Belmino Correia,0,primary,false,Ciclovia,23,FeatureCollection,[object Object],,2613701,false,Ciclovia
648567877,Avenida Doutor Belmino Correia,0,primary,false,Ciclovia,23,FeatureCollection,[object Object],,2613701,false,Ciclovia
648567878,Avenida Doutor Belmino Correia,0,primary,false,Ciclovia,23,FeatureCollection,[object Object],,2613701,false,Ciclovia
689795479,Avenida Doutor Belmino Correia,0,primary,false,Ciclovia,23,FeatureCollection,[object Object],,2613701,false,Ciclovia
700008048,Avenida Doutor Belmino Correia,0,primary,false,Ciclovia,23,FeatureCollection,[object Object],,2613701,false,Ciclovia
700008049,Avenida Doutor Belmino Correia,0,primary,false,Ciclovia,23,FeatureCollection,[object Object],,2613701,false,Ciclovia
700008052,Avenida Doutor Belmino Correia,0,primary,false,Ciclovia,23,FeatureCollection,[object Object],,2613701,false,Ciclovia
700008083,Avenida Doutor Belmino Correia,0,primary,false,Ciclovia,23,FeatureCollection,[object Object],,2613701,false,Ciclovia
706193180,Avenida Doutor Belmino Correia,0,primary,false,Ciclovia,23,FeatureCollection,[object Object],,2613701,false,Ciclovia
757336773,Avenida Doutor Belmino Correia,0,primary,false,Ciclovia,23,FeatureCollection,[object Object],,2613701,false,Ciclovia
757336777,Avenida Doutor Belmino Correia,0,primary,false,Ciclovia,23,FeatureCollection,[object Object],,2613701,false,Ciclovia
758697071,Avenida Doutor Belmino Correia,0,primary,false,Ciclovia,23,FeatureCollection,[object Object],,2613701,false,Ciclovia
770754409,Avenida Doutor Belmino Correia,0,primary,false,Ciclovia,23,FeatureCollection,[object Object],,2613701,false,Ciclovia
770754418,Avenida Doutor Belmino Correia,0,primary,false,Ciclovia,23,FeatureCollection,[object Object],,2613701,false,Ciclovia
830374488,Avenida Doutor Belmino Correia,0,primary,false,Ciclovia,23,FeatureCollection,[object Object],,2613701,false,Ciclovia
833914039,Avenida Doutor Belmino Correia,0,primary,false,Ciclovia,23,FeatureCollection,[object Object],,2613701,false,Ciclovia
833914047,Avenida Doutor Belmino Correia,0,primary,false,Ciclovia,23,FeatureCollection,[object Object],,2613701,false,Ciclovia
929271565,Avenida Doutor Belmino Correia,0,primary,false,Ciclovia,23,FeatureCollection,[object Object],,2613701,false,Ciclovia
965023168,Avenida Doutor Belmino Correia,0,primary,false,Ciclovia,23,FeatureCollection,[object Object],,2613701,false,Ciclovia
965029813,Avenida Doutor Belmino Correia,0,primary,false,Ciclovia,23,FeatureCollection,[object Object],,2613701,false,Ciclovia
1134477933,Avenida Doutor Belmino Correia,0,primary,false,Ciclovia,23,FeatureCollection,[object Object],,2613701,false,Ciclovia
203170537,Rua Manuel de Medeiros,0,secondary,false,Ciclovia,187,FeatureCollection,[object Object],,2613701,false,Ciclovia
203170609,Rua Manuel de Medeiros,0,secondary,false,Ciclovia,187,FeatureCollection,[object Object],,2613701,false,Ciclovia
203170731,Rua Manuel de Medeiros,0,secondary,false,Ciclovia,187,FeatureCollection,[object Object],,2613701,false,Ciclovia
203170885,Rua Manuel de Medeiros,0,secondary,false,Ciclovia,187,FeatureCollection,[object Object],,2613701,false,Ciclovia
237172598,Rua Dois Irmãos,0,secondary,false,Ciclovia,187,FeatureCollection,[object Object],,2613701,false,Ciclovia
609330665,Rua Manuel de Medeiros,0,secondary,false,Ciclovia,187,FeatureCollection,[object Object],,2613701,false,Ciclovia
249461714,Rua Dois Irmãos,0,residential,false,Ciclovia,187,FeatureCollection,[object Object],,2613701,false,Ciclovia
252357261,Rua Dois Irmãos,0,residential,false,Ciclovia,187,FeatureCollection,[object Object],,2613701,false,Ciclovia
317407671,Rua Manuel de Medeiros,0,secondary,false,Ciclovia,187,FeatureCollection,[object Object],,2613701,false,Ciclovia
317407672,Rua Ribeiro Pessoa,0,secondary,false,Ciclovia,187,FeatureCollection,[object Object],,2613701,false,Ciclovia
317407673,Rua Manuel de Medeiros,0,secondary,false,Ciclovia,187,FeatureCollection,[object Object],,2613701,false,Ciclovia
466145225,Rua Manuel de Medeiros,0,secondary,false,Ciclovia,187,FeatureCollection,[object Object],,2613701,false,Ciclovia
609330666,Rua Manuel de Medeiros,0,secondary,false,Ciclovia,187,FeatureCollection,[object Object],,2613701,false,Ciclovia
649781994,Rua Dois Irmãos,0,secondary,false,Ciclovia,187,FeatureCollection,[object Object],,2613701,false,Ciclovia
764063549,Rua Manuel de Medeiros,0,secondary,false,Ciclovia,187,FeatureCollection,[object Object],,2613701,false,Ciclovia
764063550,Rua Manuel de Medeiros,0,secondary,false,Ciclovia,187,FeatureCollection,[object Object],,2613701,false,Ciclovia
902274299,Rua Manuel de Medeiros,0,secondary,false,Ciclovia,187,FeatureCollection,[object Object],,2613701,false,Ciclovia
902274300,Rua Manuel de Medeiros,0,secondary,false,Ciclovia,187,FeatureCollection,[object Object],,2613701,false,Ciclovia
965006463,Ponte da Volta ao Mundo,0,secondary,false,Ciclovia,187,FeatureCollection,[object Object],,2613701,false,Ciclovia
966590954,Rua Ribeiro Pessoa,0,secondary,false,Ciclovia,187,FeatureCollection,[object Object],,2613701,false,Ciclovia
1337958077,Rua Ribeiro Pessoa,0,secondary,false,Ciclovia,187,FeatureCollection,[object Object],,2613701,false,Ciclovia
1385120134,Rua Dois Irmãos,0,residential,false,Ciclovia,187,FeatureCollection,[object Object],,2613701,false,Ciclovia
137752802,Rua Gregório Júnior,0,secondary,false,Ciclovia,190,FeatureCollection,[object Object],,2613701,false,Ciclovia
142087034,Avenida Transamazônica,0,tertiary,false,Ciclovia,177,FeatureCollection,[object Object],,2613701,false,Ciclovia
142087036,Avenida Transamazônica,0,tertiary,false,Ciclovia,177,FeatureCollection,[object Object],,2613701,false,Ciclovia
142087037,Avenida Transamazônica,0,tertiary,false,Ciclovia,177,FeatureCollection,[object Object],,2613701,false,Ciclovia
698129090,Avenida Transamazônica,0,tertiary,false,Ciclovia,177,FeatureCollection,[object Object],,2613701,false,Ciclovia
698129091,Avenida Transamazônica,0,tertiary,false,Ciclovia,177,FeatureCollection,[object Object],,2613701,false,Ciclovia
168239571,,0,primary_link,false,Ciclovia,128,FeatureCollection,[object Object],,2613701,false,Ciclovia
171981318,Avenida Antônio da Costa Azevedo,0,tertiary,false,Ciclovia,128,FeatureCollection,[object Object],,2613701,false,Ciclovia
171981353,Avenida Antônio da Costa Azevedo,0,tertiary,false,Ciclovia,128,FeatureCollection,[object Object],,2613701,false,Ciclovia
131355164,Avenida Cidade de Monteiro,0,primary,false,Ciclovia,31,FeatureCollection,[object Object],,2613701,false,Ciclovia
714222424,Avenida Antônio da Costa Azevedo,0,tertiary,false,Ciclovia,128,FeatureCollection,[object Object],,2613701,false,Ciclovia
738694579,Avenida Antônio da Costa Azevedo,0,tertiary,false,Ciclovia,128,FeatureCollection,[object Object],,2613701,false,Ciclovia
776548826,,0,primary_link,false,Ciclovia,128,FeatureCollection,[object Object],,2613701,false,Ciclovia
131355158,Avenida Cidade de Monteiro,0,primary,false,Ciclovia,31,FeatureCollection,[object Object],,2613701,false,Ciclovia
131355159,Avenida Cidade de Monteiro,0,primary,false,Ciclovia,31,FeatureCollection,[object Object],,2613701,false,Ciclovia
131355163,Avenida Cidade de Monteiro,0,primary,false,Ciclovia,31,FeatureCollection,[object Object],,2613701,false,Ciclovia
178258320,Avenida Beberibe,0,primary,false,Ciclovia,31,FeatureCollection,[object Object],,2613701,false,Ciclovia
317313978,Avenida Cidade de Monteiro,0,primary,false,Ciclovia,31,FeatureCollection,[object Object],,2613701,false,Ciclovia
317985693,Avenida Cidade de Monteiro,0,primary,false,Ciclovia,31,FeatureCollection,[object Object],,2613701,false,Ciclovia
476724748,,0,primary_link,false,Ciclovia,31,FeatureCollection,[object Object],,2613701,false,Ciclovia
480028925,Avenida Cidade de Monteiro,0,primary,false,Ciclovia,31,FeatureCollection,[object Object],,2613701,false,Ciclovia
655966266,Avenida Cidade de Monteiro,0,primary,false,Ciclovia,31,FeatureCollection,[object Object],,2613701,false,Ciclovia
773098930,Avenida Cidade de Monteiro,0,primary,false,Ciclovia,31,FeatureCollection,[object Object],,2613701,false,Ciclovia
836834979,Avenida Cidade de Monteiro,0,primary,false,Ciclovia,31,FeatureCollection,[object Object],,2613701,false,Ciclovia
836834980,Avenida Cidade de Monteiro,0,primary,false,Ciclovia,31,FeatureCollection,[object Object],,2613701,false,Ciclovia
836834981,Avenida Cidade de Monteiro,0,primary,false,Ciclovia,31,FeatureCollection,[object Object],,2613701,false,Ciclovia
863027566,Avenida Cidade de Monteiro,0,primary,false,Ciclovia,31,FeatureCollection,[object Object],,2613701,false,Ciclovia
905218475,Avenida Cidade de Monteiro,0,primary_link,false,Ciclovia,31,FeatureCollection,[object Object],,2613701,false,Ciclovia
966802124,Avenida Cidade de Monteiro,0,primary,false,Ciclovia,31,FeatureCollection,[object Object],,2613701,false,Ciclovia
968261378,Avenida Cidade de Monteiro,0,primary,false,Ciclovia,31,FeatureCollection,[object Object],,2613701,false,Ciclovia
1041226118,Avenida Cidade de Monteiro,0,primary,false,Ciclovia,31,FeatureCollection,[object Object],,2613701,false,Ciclovia
1041226120,Avenida Cidade de Monteiro,0,primary,false,Ciclovia,31,FeatureCollection,[object Object],,2613701,false,Ciclovia
1041226121,Avenida Cidade de Monteiro,0,primary,false,Ciclovia,31,FeatureCollection,[object Object],,2613701,false,Ciclovia
715995562,Avenida Marcos Freire,0,primary,false,Ciclovia,90,FeatureCollection,[object Object],,2613701,false,Ciclovia
966301854,Avenida Beira Mar,0,secondary,false,Ciclovia,90,FeatureCollection,[object Object],,2613701,false,Ciclovia
1183583039,Avenida Beira Mar,0,secondary,false,Ciclovia,90,FeatureCollection,[object Object],,2613701,false,Ciclovia
48001666,Avenida D,0,tertiary,false,Ciclovia,175,FeatureCollection,[object Object],,2613701,false,Ciclovia
171854538,Avenida D,0,tertiary,false,Ciclovia,175,FeatureCollection,[object Object],,2613701,false,Ciclovia
171854564,Avenida D,0,tertiary,false,Ciclovia,175,FeatureCollection,[object Object],,2613701,false,Ciclovia
171854986,Avenida D,0,tertiary,false,Ciclovia,175,FeatureCollection,[object Object],,2613701,false,Ciclovia
171854987,Avenida D,0,tertiary,false,Ciclovia,175,FeatureCollection,[object Object],,2613701,false,Ciclovia
400041239,Avenida D,0,tertiary,false,Ciclovia,175,FeatureCollection,[object Object],,2613701,false,Ciclovia
670345937,Avenida D,0,tertiary,false,Ciclovia,175,FeatureCollection,[object Object],,2613701,false,Ciclovia
670345939,Avenida D,0,tertiary,false,Ciclovia,175,FeatureCollection,[object Object],,2613701,false,Ciclovia
670345942,Avenida D,0,tertiary,false,Ciclovia,175,FeatureCollection,[object Object],,2613701,false,Ciclovia
670345944,Avenida D,0,tertiary,false,Ciclovia,175,FeatureCollection,[object Object],,2613701,false,Ciclovia
670345946,Avenida D,0,tertiary,false,Ciclovia,175,FeatureCollection,[object Object],,2613701,false,Ciclovia
670345947,Avenida D,0,tertiary,false,Ciclovia,175,FeatureCollection,[object Object],,2613701,false,Ciclovia
670642828,Avenida D,0,tertiary,false,Ciclovia,175,FeatureCollection,[object Object],,2613701,false,Ciclovia
670642830,Avenida D,0,tertiary,false,Ciclovia,175,FeatureCollection,[object Object],,2613701,false,Ciclovia
670642832,Avenida D,0,tertiary,false,Ciclovia,175,FeatureCollection,[object Object],,2613701,false,Ciclovia
670642834,Avenida D,0,tertiary,false,Ciclovia,175,FeatureCollection,[object Object],,2613701,false,Ciclovia
670642836,Avenida D,0,tertiary,false,Ciclovia,175,FeatureCollection,[object Object],,2613701,false,Ciclovia
670642838,Avenida D,0,tertiary,false,Ciclovia,175,FeatureCollection,[object Object],,2613701,false,Ciclovia
670642840,Avenida D,0,tertiary,false,Ciclovia,175,FeatureCollection,[object Object],,2613701,false,Ciclovia
670642842,Avenida D,0,tertiary,false,Ciclovia,175,FeatureCollection,[object Object],,2613701,false,Ciclovia
670642844,Avenida D,0,tertiary,false,Ciclovia,175,FeatureCollection,[object Object],,2613701,false,Ciclovia
670642846,Avenida D,0,tertiary,false,Ciclovia,175,FeatureCollection,[object Object],,2613701,false,Ciclovia
670642848,Avenida D,0,tertiary,false,Ciclovia,175,FeatureCollection,[object Object],,2613701,false,Ciclovia
670642849,Avenida D,0,tertiary,false,Ciclovia,175,FeatureCollection,[object Object],,2613701,false,Ciclovia
220609126,,0,primary,false,Ciclovia,114,FeatureCollection,[object Object],,2613701,false,Ciclovia
171854478,Rua Quarenta,0,tertiary,false,Ciclovia,214,FeatureCollection,[object Object],,2613701,false,Ciclovia
171855500,Rua Quarenta,0,tertiary,false,Ciclovia,214,FeatureCollection,[object Object],,2613701,false,Ciclovia
171855501,Rua Quarenta e Um,0,tertiary,false,Ciclovia,214,FeatureCollection,[object Object],,2613701,false,Ciclovia
171855502,Rua Quarenta e Um,0,residential,false,Ciclovia,214,FeatureCollection,[object Object],,2613701,false,Ciclovia
171855830,Rua Quarenta e Um,0,tertiary,false,Ciclovia,214,FeatureCollection,[object Object],,2613701,false,Ciclovia
171855831,Rua Quarenta e Um,0,tertiary,false,Ciclovia,214,FeatureCollection,[object Object],,2613701,false,Ciclovia
245926782,Rua Quarenta e Um,0,residential,false,Ciclovia,214,FeatureCollection,[object Object],,2613701,false,Ciclovia
741666312,Rua Quarenta e Um,0,tertiary,false,Ciclovia,214,FeatureCollection,[object Object],,2613701,false,Ciclovia
1190815387,Rua Quarenta,0,tertiary,false,Ciclovia,214,FeatureCollection,[object Object],,2613701,false,Ciclovia
80453559,Rodovia Governador Mário Covas,0,trunk,false,Ciclovia,102,FeatureCollection,[object Object],,2613701,false,Ciclovia
128401206,Avenida Alfredo Bandeira de Melo,0,trunk,false,Ciclovia,102,FeatureCollection,[object Object],,2613701,false,Ciclovia
128401209,Rodovia Governador Mário Covas,0,trunk,false,Ciclovia,102,FeatureCollection,[object Object],,2613701,false,Ciclovia
966301633,Avenida Doutor José Rufino,0,primary,false,Ciclovia,18,FeatureCollection,[object Object],,2613701,false,Ciclovia
198992203,Rodovia Governador Mário Covas,0,trunk,false,Ciclovia,102,FeatureCollection,[object Object],,2613701,false,Ciclovia
202906158,,0,trunk_link,false,Ciclovia,102,FeatureCollection,[object Object],,2613701,false,Ciclovia
202906173,,0,trunk_link,false,Ciclovia,102,FeatureCollection,[object Object],,2613701,false,Ciclovia
743239572,Rodovia Governador Mário Covas,0,trunk,false,Ciclovia,102,FeatureCollection,[object Object],,2613701,false,Ciclovia
743239574,Rodovia Governador Mário Covas,0,trunk,false,Ciclovia,102,FeatureCollection,[object Object],,2613701,false,Ciclovia
743244392,Rodovia Governador Mário Covas,0,trunk,false,Ciclovia,102,FeatureCollection,[object Object],,2613701,false,Ciclovia
743244394,Rodovia Governador Mário Covas,0,trunk,false,Ciclovia,102,FeatureCollection,[object Object],,2613701,false,Ciclovia
756302517,Rodovia Governador Mário Covas,0,trunk,false,Ciclovia,102,FeatureCollection,[object Object],,2613701,false,Ciclovia
756302518,Rodovia Governador Mário Covas,0,trunk,false,Ciclovia,102,FeatureCollection,[object Object],,2613701,false,Ciclovia
756302519,Rodovia Governador Mário Covas,0,trunk,false,Ciclovia,102,FeatureCollection,[object Object],,2613701,false,Ciclovia
756302520,Rodovia Governador Mário Covas,0,trunk,false,Ciclovia,102,FeatureCollection,[object Object],,2613701,false,Ciclovia
775253548,Avenida Alfredo Bandeira de Melo,0,trunk,false,Ciclovia,102,FeatureCollection,[object Object],,2613701,false,Ciclovia
775253556,Rodovia Governador Mário Covas,0,trunk,false,Ciclovia,102,FeatureCollection,[object Object],,2613701,false,Ciclovia
930780643,Rodovia Governador Mário Covas,0,trunk,false,Ciclovia,102,FeatureCollection,[object Object],,2613701,false,Ciclovia
930780644,Rodovia Governador Mário Covas,0,trunk,false,Ciclovia,102,FeatureCollection,[object Object],,2613701,false,Ciclovia
930780645,Rodovia Governador Mário Covas,0,trunk,false,Ciclovia,102,FeatureCollection,[object Object],,2613701,false,Ciclovia
930780646,Rodovia Governador Mário Covas,0,trunk,false,Ciclovia,102,FeatureCollection,[object Object],,2613701,false,Ciclovia
220609119,,0,primary,false,Ciclovia,114,FeatureCollection,[object Object],,2613701,false,Ciclovia
930780647,Rodovia Governador Mário Covas,0,trunk,false,Ciclovia,102,FeatureCollection,[object Object],,2613701,false,Ciclovia
930785601,Rodovia Governador Mário Covas,0,trunk,false,Ciclovia,102,FeatureCollection,[object Object],,2613701,false,Ciclovia
930798581,Rodovia Governador Mário Covas,0,trunk,false,Ciclovia,102,FeatureCollection,[object Object],,2613701,false,Ciclovia
930798582,Rodovia Governador Mário Covas,0,trunk,false,Ciclovia,102,FeatureCollection,[object Object],,2613701,false,Ciclovia
930798583,Rodovia Governador Mário Covas,0,trunk,false,Ciclovia,102,FeatureCollection,[object Object],,2613701,false,Ciclovia
311499287,,0,primary_link,false,Ciclovia,114,FeatureCollection,[object Object],,2613701,false,Ciclovia
311499288,,0,primary,false,Ciclovia,114,FeatureCollection,[object Object],,2613701,false,Ciclovia
312277586,Ponte do Paiva,0,cycleway,true,Ciclovia,114,FeatureCollection,[object Object],,2613701,false,Ciclovia
696661059,,0,primary,false,Ciclovia,114,FeatureCollection,[object Object],,2613701,false,Ciclovia
776273879,,0,primary,false,Ciclovia,114,FeatureCollection,[object Object],,2613701,false,Ciclovia
1311151065,,0,primary,false,Ciclovia,114,FeatureCollection,[object Object],,2613701,false,Ciclovia
30811056,Avenida Doutor José Rufino,0,primary,false,Ciclovia,18,FeatureCollection,[object Object],,2613701,false,Ciclovia
30811057,Avenida Doutor José Rufino,0,primary,false,Ciclovia,18,FeatureCollection,[object Object],,2613701,false,Ciclovia
129485033,Avenida Doutor José Rufino,0,primary,false,Ciclovia,18,FeatureCollection,[object Object],,2613701,false,Ciclovia
129485034,Avenida Doutor José Rufino,0,primary,false,Ciclovia,18,FeatureCollection,[object Object],,2613701,false,Ciclovia
129485273,Avenida Doutor José Rufino,0,primary,false,Ciclovia,18,FeatureCollection,[object Object],,2613701,false,Ciclovia
129485432,Rua São Miguel,0,primary,false,Ciclovia,18,FeatureCollection,[object Object],,2613701,false,Ciclovia
966303228,Rua São Miguel,0,primary,false,Ciclovia,18,FeatureCollection,[object Object],,2613701,false,Ciclovia
129485433,Rua São Miguel,0,primary,false,Ciclovia,18,FeatureCollection,[object Object],,2613701,false,Ciclovia
136952734,Rua São Miguel,0,primary,false,Ciclovia,18,FeatureCollection,[object Object],,2613701,false,Ciclovia
136952736,Rua São Miguel,0,primary,false,Ciclovia,18,FeatureCollection,[object Object],,2613701,false,Ciclovia
143668492,Avenida Doutor José Rufino,0,primary,false,Ciclovia,18,FeatureCollection,[object Object],,2613701,false,Ciclovia
159252054,Avenida Doutor José Rufino,0,primary,false,Ciclovia,18,FeatureCollection,[object Object],,2613701,false,Ciclovia
159252055,Avenida Doutor José Rufino,0,primary,false,Ciclovia,18,FeatureCollection,[object Object],,2613701,false,Ciclovia
966303229,Rua São Miguel,0,primary,false,Ciclovia,18,FeatureCollection,[object Object],,2613701,false,Ciclovia
316740671,Rua São Miguel,0,primary,false,Ciclovia,18,FeatureCollection,[object Object],,2613701,false,Ciclovia
316865555,Avenida Doutor José Rufino,0,primary,false,Ciclovia,18,FeatureCollection,[object Object],,2613701,false,Ciclovia
316865556,Avenida Doutor José Rufino,0,primary,false,Ciclovia,18,FeatureCollection,[object Object],,2613701,false,Ciclovia
316989362,Avenida Doutor José Rufino,0,primary,false,Ciclovia,18,FeatureCollection,[object Object],,2613701,false,Ciclovia
316989363,Avenida Doutor José Rufino,0,primary,false,Ciclovia,18,FeatureCollection,[object Object],,2613701,false,Ciclovia
966303230,Avenida Doutor José Rufino,0,primary,false,Ciclovia,18,FeatureCollection,[object Object],,2613701,false,Ciclovia
681758534,Rua São Miguel,0,primary,false,Ciclovia,18,FeatureCollection,[object Object],,2613701,false,Ciclovia
681758535,Rua São Miguel,0,primary,false,Ciclovia,18,FeatureCollection,[object Object],,2613701,false,Ciclovia
681758905,Rua da Paz,0,primary,false,Ciclovia,18,FeatureCollection,[object Object],,2613701,false,Ciclovia
777787331,Avenida Doutor José Rufino,0,primary,false,Ciclovia,18,FeatureCollection,[object Object],,2613701,false,Ciclovia
854994669,Avenida Doutor José Rufino,0,primary,false,Ciclovia,18,FeatureCollection,[object Object],,2613701,false,Ciclovia
854994670,Avenida Doutor José Rufino,0,primary,false,Ciclovia,18,FeatureCollection,[object Object],,2613701,false,Ciclovia
966301188,Avenida Doutor José Rufino,0,primary,false,Ciclovia,18,FeatureCollection,[object Object],,2613701,false,Ciclovia
966314696,Avenida Doutor José Rufino,0,primary,false,Ciclovia,18,FeatureCollection,[object Object],,2613701,false,Ciclovia
966314754,Rua São Miguel,0,primary,false,Ciclovia,18,FeatureCollection,[object Object],,2613701,false,Ciclovia
966314755,Rua São Miguel,0,primary,false,Ciclovia,18,FeatureCollection,[object Object],,2613701,false,Ciclovia
966315384,Rua São Miguel,0,primary,false,Ciclovia,18,FeatureCollection,[object Object],,2613701,false,Ciclovia
967692821,Rua da Paz,0,primary,false,Ciclovia,18,FeatureCollection,[object Object],,2613701,false,Ciclovia
968288138,Avenida Doutor José Rufino,0,primary,false,Ciclovia,18,FeatureCollection,[object Object],,2613701,false,Ciclovia
968288139,Avenida Doutor José Rufino,0,primary,false,Ciclovia,18,FeatureCollection,[object Object],,2613701,false,Ciclovia
654819532,,0,footway,false,Ciclovia,0,FeatureCollection,[object Object],,2613701,false,Ciclovia
968288140,Avenida Doutor José Rufino,0,primary,false,Ciclovia,18,FeatureCollection,[object Object],,2613701,false,Ciclovia
114690720,Rua Carlos Gomes,0,secondary,false,Ciclovia,157,FeatureCollection,[object Object],,2613701,false,Ciclovia
130921226,Rua Carlos Gomes,0,secondary,false,Ciclovia,157,FeatureCollection,[object Object],,2613701,false,Ciclovia
137746919,Rua Carlos Gomes,0,secondary,false,Ciclovia,157,FeatureCollection,[object Object],,2613701,false,Ciclovia
318738696,Rua Carlos Gomes,0,secondary,false,Ciclovia,157,FeatureCollection,[object Object],,2613701,false,Ciclovia
1183566163,Avenida D,0,pedestrian,false,Ciclovia,0,FeatureCollection,[object Object],,2613701,false,Ciclovia
94749558,Rua das Acácias,0,residential,false,Ciclovia,0,FeatureCollection,[object Object],,2613701,false,Ciclovia
94749583,Avenida Vereador Lúcio Fernando Monteiro Pereira,0,secondary,false,Ciclovia,0,FeatureCollection,[object Object],,2613701,false,Ciclovia
94749596,Rua Vc Vinte e Quatro,0,tertiary,false,Ciclovia,0,FeatureCollection,[object Object],,2613701,false,Ciclovia
104073044,Avenida Isaac Gomes da Costa,0,primary,false,Ciclovia,0,FeatureCollection,[object Object],,2613701,false,Ciclovia
179536780,Rua Tenente Manuel Barbosa da Silva,0,residential,false,Ciclovia,0,FeatureCollection,[object Object],,2613701,false,Ciclovia
183655524,PE-024,0,primary,false,Ciclovia,0,FeatureCollection,[object Object],,2613701,false,Ciclovia
183655718,PE-024,0,primary,false,Ciclovia,0,FeatureCollection,[object Object],,2613701,false,Ciclovia
183656231,PE-024,0,primary,false,Ciclovia,0,FeatureCollection,[object Object],,2613701,false,Ciclovia
183656481,PE-024,0,primary,false,Ciclovia,0,FeatureCollection,[object Object],,2613701,false,Ciclovia
222807348,Avenida Vereador Lúcio Fernando Monteiro Pereira,0,secondary,false,Ciclovia,0,FeatureCollection,[object Object],,2613701,false,Ciclovia
240273094,PE-024,0,primary,false,Ciclovia,0,FeatureCollection,[object Object],,2613701,false,Ciclovia
336009721,Avenida Presidente Getulio Vargas,0,residential,false,Ciclovia,0,FeatureCollection,[object Object],,2613701,false,Ciclovia
355556206,Avenida Presidente Getulio Vargas,0,residential,false,Ciclovia,0,FeatureCollection,[object Object],,2613701,false,Ciclovia
355556210,Avenida Presidente Getulio Vargas,0,residential,false,Ciclovia,0,FeatureCollection,[object Object],,2613701,false,Ciclovia
359261315,Avenida Almirante Paulo Moreira,0,secondary,false,Ciclovia,0,FeatureCollection,[object Object],,2613701,false,Ciclovia
440484169,Avenida Vereador Lúcio Fernando Monteiro Pereira,0,secondary,false,Ciclovia,0,FeatureCollection,[object Object],,2613701,false,Ciclovia
654819533,,0,footway,false,Ciclovia,0,FeatureCollection,[object Object],,2613701,false,Ciclovia
440484170,PE-024,0,primary,false,Ciclovia,0,FeatureCollection,[object Object],,2613701,false,Ciclovia
488151253,,0,service,false,Ciclovia,0,FeatureCollection,[object Object],,2613701,false,Ciclovia
488151256,,0,service,false,Ciclovia,0,FeatureCollection,[object Object],,2613701,false,Ciclovia
627918647,Calçadão da Vila Social,0,pedestrian,false,Ciclovia,0,FeatureCollection,[object Object],,2613701,false,Ciclovia
627918648,Calçadão da Vila Roca,0,pedestrian,false,Ciclovia,0,FeatureCollection,[object Object],,2613701,false,Ciclovia
654819531,,0,footway,false,Ciclovia,0,FeatureCollection,[object Object],,2613701,false,Ciclovia
654819535,,0,footway,false,Ciclovia,0,FeatureCollection,[object Object],,2613701,false,Ciclovia
683175221,Avenida Vereador Lúcio Fernando Monteiro Pereira,0,secondary,false,Ciclovia,0,FeatureCollection,[object Object],,2613701,false,Ciclovia
696784721,PE-024,0,primary,false,Ciclovia,0,FeatureCollection,[object Object],,2613701,false,Ciclovia
753056368,Avenida Isaac Gomes da Costa,0,primary,false,Ciclovia,0,FeatureCollection,[object Object],,2613701,false,Ciclovia
753056877,PE-024,0,primary,false,Ciclovia,0,FeatureCollection,[object Object],,2613701,false,Ciclovia
753056878,PE-024,0,primary,false,Ciclovia,0,FeatureCollection,[object Object],,2613701,false,Ciclovia
753056879,Avenida Isaac Gomes da Costa,0,primary,false,Ciclovia,0,FeatureCollection,[object Object],,2613701,false,Ciclovia
753056880,Avenida Isaac Gomes da Costa,0,primary,false,Ciclovia,0,FeatureCollection,[object Object],,2613701,false,Ciclovia
778535338,Avenida Vereador Lúcio Fernando Monteiro Pereira,0,secondary,false,Ciclovia,0,FeatureCollection,[object Object],,2613701,false,Ciclovia
778535340,Avenida Vereador Lúcio Fernando Monteiro Pereira,0,secondary,false,Ciclovia,0,FeatureCollection,[object Object],,2613701,false,Ciclovia
778535341,Avenida Vereador Lúcio Fernando Monteiro Pereira,0,secondary,false,Ciclovia,0,FeatureCollection,[object Object],,2613701,false,Ciclovia
788567362,,0,cycleway,true,Ciclovia,0,FeatureCollection,[object Object],,2613701,false,Ciclovia
907811162,Avenida Presidente Getulio Vargas,0,residential,false,Ciclovia,0,FeatureCollection,[object Object],,2613701,false,Ciclovia
788567371,Ciclovia Praça de Gaibu,0,cycleway,true,Ciclovia,0,FeatureCollection,[object Object],,2613701,false,Ciclovia
788567372,Ciclovia Praça de Gaibu,0,cycleway,true,Ciclovia,0,FeatureCollection,[object Object],,2613701,false,Ciclovia
788567373,,0,cycleway,true,Ciclovia,0,FeatureCollection,[object Object],,2613701,false,Ciclovia
788567375,Ciclovia Praça de Gaibu,0,cycleway,true,Ciclovia,0,FeatureCollection,[object Object],,2613701,false,Ciclovia
788567376,,0,cycleway,true,Ciclovia,0,FeatureCollection,[object Object],,2613701,false,Ciclovia
788567378,Ciclovia Praça de Gaibu,0,cycleway,true,Ciclovia,0,FeatureCollection,[object Object],,2613701,false,Ciclovia
790740468,PE-024,0,primary,false,Ciclovia,0,FeatureCollection,[object Object],,2613701,false,Ciclovia
790740469,Avenida Isaac Gomes da Costa,0,primary,false,Ciclovia,0,FeatureCollection,[object Object],,2613701,false,Ciclovia
867487196,,0,footway,false,Ciclovia,0,FeatureCollection,[object Object],,2613701,false,Ciclovia
902148281,Avenida Vereador Lúcio Fernando Monteiro Pereira,0,secondary,false,Ciclovia,0,FeatureCollection,[object Object],,2613701,false,Ciclovia
902148282,Avenida Vereador Lúcio Fernando Monteiro Pereira,0,secondary,false,Ciclovia,0,FeatureCollection,[object Object],,2613701,false,Ciclovia
902148283,Avenida Vereador Lúcio Fernando Monteiro Pereira,0,secondary,false,Ciclovia,0,FeatureCollection,[object Object],,2613701,false,Ciclovia
902148284,Avenida Vereador Lúcio Fernando Monteiro Pereira,0,secondary,false,Ciclovia,0,FeatureCollection,[object Object],,2613701,false,Ciclovia
1046350036,Avenida Isaac Gomes da Costa,0,primary,false,Ciclovia,0,FeatureCollection,[object Object],,2613701,false,Ciclovia
1046350037,Avenida Isaac Gomes da Costa,0,primary,false,Ciclovia,0,FeatureCollection,[object Object],,2613701,false,Ciclovia
1046350038,PE-024,0,primary,false,Ciclovia,0,FeatureCollection,[object Object],,2613701,false,Ciclovia
1240293756,Avenida Isaac Gomes da Costa,0,primary,false,Ciclovia,0,FeatureCollection,[object Object],,2613701,false,Ciclovia
1240293757,Avenida Isaac Gomes da Costa,0,primary,false,Ciclovia,0,FeatureCollection,[object Object],,2613701,false,Ciclovia
1240293758,Avenida Isaac Gomes da Costa,0,primary,false,Ciclovia,0,FeatureCollection,[object Object],,2613701,false,Ciclovia
1240293759,Avenida Isaac Gomes da Costa,0,primary,false,Ciclovia,0,FeatureCollection,[object Object],,2613701,false,Ciclovia
1240293760,Avenida Isaac Gomes da Costa,0,primary,false,Ciclovia,0,FeatureCollection,[object Object],,2613701,false,Ciclovia
1298188775,Rua Marcos Antonio de Barros,0,cycleway,true,Ciclovia,0,FeatureCollection,[object Object],,2613701,false,Ciclovia
1298188776,Calçadão do Estudante,0,pedestrian,false,Ciclovia,0,FeatureCollection,[object Object],,2613701,false,Ciclovia
1298192373,Calçadão da Praça de Gaibu,0,pedestrian,false,Ciclovia,0,FeatureCollection,[object Object],,2613701,false,Ciclovia
637642167,Rua Manoel Honorato da Costa,0,tertiary,false,Ciclovia,0,FeatureCollection,[object Object],,2613701,false,Ciclovia
1303699617,PE-060,0,cycleway,true,Ciclovia,0,FeatureCollection,[object Object],,2613701,false,Ciclovia
1338144205,,0,cycleway,true,Ciclovia,0,FeatureCollection,[object Object],,2613701,false,Ciclovia
1338144206,,0,cycleway,true,Ciclovia,0,FeatureCollection,[object Object],,2613701,false,Ciclovia
605949576,,0,pedestrian,false,Ciclovia,0,FeatureCollection,[object Object],,2613701,false,Ciclovia
637642165,Rua Padre Ozeas Cavalcante,0,tertiary,false,Ciclovia,0,FeatureCollection,[object Object],,2613701,false,Ciclovia
757376864,Rua Manoel Honorato da Costa,0,tertiary,false,Ciclovia,0,FeatureCollection,[object Object],,2613701,false,Ciclovia
968918277,Rua Manoel Honorato da Costa,0,tertiary,false,Ciclovia,0,FeatureCollection,[object Object],,2613701,false,Ciclovia
968918278,Rua Manoel Honorato da Costa,0,tertiary,false,Ciclovia,0,FeatureCollection,[object Object],,2613701,false,Ciclovia
990987044,Rua Manoel Honorato da Costa,0,tertiary,false,Ciclovia,0,FeatureCollection,[object Object],,2613701,false,Ciclovia
23393273,Avenida Manoel Gomes da Silva,0,tertiary,false,Ciclovia,0,FeatureCollection,[object Object],,2613701,false,Ciclovia
189139471,Rua Mario Julio do Rego,0,tertiary,false,Ciclovia,0,FeatureCollection,[object Object],,2613701,false,Ciclovia
189139479,Rua Silvino Alves da Silva,0,tertiary,false,Ciclovia,0,FeatureCollection,[object Object],,2613701,false,Ciclovia
189139488,Rua Cristovão de Souza Leão,0,tertiary,false,Ciclovia,0,FeatureCollection,[object Object],,2613701,false,Ciclovia
364084408,Travessa Cristóvão de Souza Leão,0,residential,false,Ciclovia,0,FeatureCollection,[object Object],,2613701,false,Ciclovia
488151048,Avenida Califórnia,0,tertiary,false,Ciclovia,0,FeatureCollection,[object Object],,2613701,false,Ciclovia
548908039,Avenida Califórnia,0,tertiary,false,Ciclovia,0,FeatureCollection,[object Object],,2613701,false,Ciclovia
548908047,Avenida Califórnia,0,tertiary,false,Ciclovia,0,FeatureCollection,[object Object],,2613701,false,Ciclovia
1305013762,Rua Mario Julio do Rego,0,tertiary,false,Ciclovia,0,FeatureCollection,[object Object],,2613701,false,Ciclovia
151430876,Rua do Canal,0,tertiary,false,Ciclovia,0,FeatureCollection,[object Object],,2613701,false,Ciclovia
435581643,,0,service,false,Ciclovia,0,FeatureCollection,[object Object],,2613701,false,Ciclovia
823859823,,0,cycleway,true,Ciclovia,0,FeatureCollection,[object Object],,2613701,false,Ciclovia
847197748,,0,cycleway,true,Ciclovia,0,FeatureCollection,[object Object],,2613701,false,Ciclovia
901242726,Avenida Júlio César,0,tertiary,false,Ciclovia,0,FeatureCollection,[object Object],,2613701,false,Ciclovia
1064563603,,0,cycleway,true,Ciclovia,0,FeatureCollection,[object Object],,2613701,false,Ciclovia
1104827989,Ciclovia Beira Mar,0,cycleway,true,Ciclovia,0,FeatureCollection,[object Object],,2613701,false,Ciclovia
1207897809,,0,cycleway,true,Ciclovia,0,FeatureCollection,[object Object],,2613701,false,Ciclovia
1303282577,,0,cycleway,true,Ciclovia,0,FeatureCollection,[object Object],,2613701,false,Ciclovia
1303282584,,0,cycleway,true,Ciclovia,0,FeatureCollection,[object Object],,2613701,false,Ciclovia
1303282585,,0,cycleway,true,Ciclovia,0,FeatureCollection,[object Object],,2613701,false,Ciclovia
1303282587,,0,cycleway,true,Ciclovia,0,FeatureCollection,[object Object],,2613701,false,Ciclovia
1303282588,,0,cycleway,true,Ciclovia,0,FeatureCollection,[object Object],,2613701,false,Ciclovia
1303282589,,0,cycleway,true,Ciclovia,0,FeatureCollection,[object Object],,2613701,false,Ciclovia
1303282590,,0,cycleway,true,Ciclovia,0,FeatureCollection,[object Object],,2613701,false,Ciclovia
1303282591,,0,cycleway,true,Ciclovia,0,FeatureCollection,[object Object],,2613701,false,Ciclovia
1303282592,,0,cycleway,true,Ciclovia,0,FeatureCollection,[object Object],,2613701,false,Ciclovia
1303282593,,0,cycleway,true,Ciclovia,0,FeatureCollection,[object Object],,2613701,false,Ciclovia
1303282594,,0,cycleway,true,Ciclovia,0,FeatureCollection,[object Object],,2613701,false,Ciclovia
1303282595,,0,cycleway,true,Ciclovia,0,FeatureCollection,[object Object],,2613701,false,Ciclovia
1303282597,,0,cycleway,true,Ciclovia,0,FeatureCollection,[object Object],,2613701,false,Ciclovia
1303282598,,0,cycleway,true,Ciclovia,0,FeatureCollection,[object Object],,2613701,false,Ciclovia
1303282601,,0,cycleway,true,Ciclovia,0,FeatureCollection,[object Object],,2613701,false,Ciclovia
1303282602,,0,cycleway,true,Ciclovia,0,FeatureCollection,[object Object],,2613701,false,Ciclovia
1483125553,,0,cycleway,true,Ciclovia,0,FeatureCollection,[object Object],,2613701,false,Ciclovia
1483125564,,0,cycleway,true,Ciclovia,0,FeatureCollection,[object Object],,2613701,false,Ciclovia
627213638,Ciclovia Avenida Beira-Mar,0,cycleway,true,Ciclovia,0,FeatureCollection,[object Object],,2613701,false,Ciclovia
690508636,Ciclovia Camilo Simões,0,cycleway,true,Ciclovia,0,FeatureCollection,[object Object],,2613701,false,Ciclovia
51816219,Ponte Velha,0,tertiary,false,Ciclovia,0,FeatureCollection,[object Object],,2613701,false,Ciclovia
762906978,Ciclovia Camilo Simões,0,cycleway,true,Ciclovia,0,FeatureCollection,[object Object],,2613701,false,Ciclovia
762906979,Ciclovia Camilo Simões,0,cycleway,true,Ciclovia,0,FeatureCollection,[object Object],,2613701,false,Ciclovia
1453209914,,0,cycleway,true,Ciclovia,0,FeatureCollection,[object Object],,2613701,false,Ciclovia
42509291,Rua Ministro João Alberto,0,tertiary,false,Ciclovia,0,FeatureCollection,[object Object],,2613701,false,Ciclovia
44118743,Avenida Inácio Monteiro,0,tertiary,false,Ciclovia,0,FeatureCollection,[object Object],,2613701,false,Ciclovia
44814745,Rua Marquês de Maricá,0,secondary,false,Ciclovia,0,FeatureCollection,[object Object],,2613701,false,Ciclovia
51816230,Avenida Rio Branco,0,pedestrian,false,Ciclovia,0,FeatureCollection,[object Object],,2613701,false,Ciclovia
51829355,Rua da Moeda,0,pedestrian,false,Ciclovia,0,FeatureCollection,[object Object],,2613701,false,Ciclovia
51878744,Rua Monte Castelo,0,tertiary,false,Ciclovia,0,FeatureCollection,[object Object],,2613701,false,Ciclovia
54239687,Rua Velha,0,tertiary,false,Ciclovia,0,FeatureCollection,[object Object],,2613701,false,Ciclovia
54239701,Rua do Aragão,0,residential,false,Ciclovia,0,FeatureCollection,[object Object],,2613701,false,Ciclovia
85378262,Rua João Cardoso Aires,0,tertiary,false,Ciclovia,0,FeatureCollection,[object Object],,2613701,false,Ciclovia
85529937,Rua Paissandú,0,secondary,false,Ciclovia,0,FeatureCollection,[object Object],,2613701,false,Ciclovia
85683720,Rua Marcos André,0,secondary,false,Ciclovia,0,FeatureCollection,[object Object],,2613701,false,Ciclovia
85683725,Rua Marcos André,0,secondary,false,Ciclovia,0,FeatureCollection,[object Object],,2613701,false,Ciclovia
85697891,Rua Marquês do Paraná,0,residential,false,Ciclovia,0,FeatureCollection,[object Object],,2613701,false,Ciclovia
85711372,Rua Marechal Deodoro,0,residential,false,Ciclovia,0,FeatureCollection,[object Object],,2613701,false,Ciclovia
85711373,Rua Antônio Rangel,0,residential,false,Ciclovia,0,FeatureCollection,[object Object],,2613701,false,Ciclovia
85741105,Rua Marechal Deodoro,0,residential,false,Ciclovia,0,FeatureCollection,[object Object],,2613701,false,Ciclovia
87240009,Rua Bruno Veloso,0,tertiary,false,Ciclovia,0,FeatureCollection,[object Object],,2613701,false,Ciclovia
87777346,Rua Copacabana,0,residential,false,Ciclovia,0,FeatureCollection,[object Object],,2613701,false,Ciclovia
87788711,Praça da República,0,secondary,false,Ciclovia,0,FeatureCollection,[object Object],,2613701,false,Ciclovia
96771433,Rua José Veloso,0,residential,false,Ciclovia,0,FeatureCollection,[object Object],,2613701,false,Ciclovia
105053856,Rua Itanagé,0,secondary,false,Ciclovia,0,FeatureCollection,[object Object],,2613701,false,Ciclovia
128149273,Rua da Fundição,0,residential,false,Ciclovia,0,FeatureCollection,[object Object],,2613701,false,Ciclovia
128149580,Rua da Saudade,0,residential,false,Ciclovia,0,FeatureCollection,[object Object],,2613701,false,Ciclovia
128149581,Rua da Saudade,0,residential,false,Ciclovia,0,FeatureCollection,[object Object],,2613701,false,Ciclovia
128149773,Rua do Riachuelo,0,secondary,false,Ciclovia,0,FeatureCollection,[object Object],,2613701,false,Ciclovia
128149799,Rua do Riachuelo,0,tertiary,false,Ciclovia,0,FeatureCollection,[object Object],,2613701,false,Ciclovia
128149928,Rua Doutor Leopoldo Lins,0,residential,false,Ciclovia,0,FeatureCollection,[object Object],,2613701,false,Ciclovia
128158633,Avenida Montevidéu,0,secondary,false,Ciclovia,0,FeatureCollection,[object Object],,2613701,false,Ciclovia
129483505,Rua Itacari,0,secondary,false,Ciclovia,0,FeatureCollection,[object Object],,2613701,false,Ciclovia
128158805,Avenida Governador Agamenon Magalhães,0,residential,false,Ciclovia,0,FeatureCollection,[object Object],,2613701,false,Ciclovia
128159199,Avenida Governador Agamenon Magalhães,0,residential,false,Ciclovia,0,FeatureCollection,[object Object],,2613701,false,Ciclovia
128159481,Avenida Governador Agamenon Magalhães,0,residential,false,Ciclovia,0,FeatureCollection,[object Object],,2613701,false,Ciclovia
128159586,Avenida Governador Agamenon Magalhães,0,residential,false,Ciclovia,0,FeatureCollection,[object Object],,2613701,false,Ciclovia
128159820,Rua Doutor Leopoldo Lins,0,secondary,false,Ciclovia,0,FeatureCollection,[object Object],,2613701,false,Ciclovia
128159824,Avenida Montevidéu,0,tertiary,false,Ciclovia,0,FeatureCollection,[object Object],,2613701,false,Ciclovia
128162518,Rua da Palma,0,pedestrian,false,Ciclovia,0,FeatureCollection,[object Object],,2613701,false,Ciclovia
128164046,Avenida Governador Agamenon Magalhães,0,residential,false,Ciclovia,0,FeatureCollection,[object Object],,2613701,false,Ciclovia
128164381,Avenida Governador Agamenon Magalhães,0,residential,false,Ciclovia,0,FeatureCollection,[object Object],,2613701,false,Ciclovia
128164383,Rua Othon Paraíso,0,residential,false,Ciclovia,0,FeatureCollection,[object Object],,2613701,false,Ciclovia
128216048,Avenida Oliveira Lima,0,tertiary,false,Ciclovia,0,FeatureCollection,[object Object],,2613701,false,Ciclovia
128217716,Avenida Agamenon Magalhães - Pista Local,0,residential,false,Ciclovia,0,FeatureCollection,[object Object],,2613701,false,Ciclovia
128931108,Rua da Matriz,0,tertiary,false,Ciclovia,0,FeatureCollection,[object Object],,2613701,false,Ciclovia
128219448,Rua Othon Paraíso,0,residential,false,Ciclovia,0,FeatureCollection,[object Object],,2613701,false,Ciclovia
128379804,Travessa do Cais da Detenção,0,tertiary,false,Ciclovia,0,FeatureCollection,[object Object],,2613701,false,Ciclovia
128382359,Rua do Hospício,0,secondary,false,Ciclovia,0,FeatureCollection,[object Object],,2613701,false,Ciclovia
128683793,Avenida João de Barros,0,secondary,false,Ciclovia,0,FeatureCollection,[object Object],,2613701,false,Ciclovia
128848837,Rua Buenos Aires,0,secondary,false,Ciclovia,0,FeatureCollection,[object Object],,2613701,false,Ciclovia
128929125,Rua Nova,0,residential,false,Ciclovia,0,FeatureCollection,[object Object],,2613701,false,Ciclovia
128930069,Rua Matias de Albuquerque,0,pedestrian,false,Ciclovia,0,FeatureCollection,[object Object],,2613701,false,Ciclovia
128932739,Rua Imperatriz Teresa Cristina,0,pedestrian,false,Ciclovia,0,FeatureCollection,[object Object],,2613701,false,Ciclovia
129087732,Avenida Cruz Cabugá,0,secondary,false,Ciclovia,0,FeatureCollection,[object Object],,2613701,false,Ciclovia
129089855,Praça da República,0,secondary,false,Ciclovia,0,FeatureCollection,[object Object],,2613701,false,Ciclovia
129180251,Rua Antônio Gomes de Freitas,0,tertiary,false,Ciclovia,0,FeatureCollection,[object Object],,2613701,false,Ciclovia
129181110,Rua dos Coelhos,0,residential,false,Ciclovia,0,FeatureCollection,[object Object],,2613701,false,Ciclovia
129182045,Rua Dom Bosco,0,secondary,false,Ciclovia,0,FeatureCollection,[object Object],,2613701,false,Ciclovia
129484189,Rua Jean Emile Favre,0,secondary,false,Ciclovia,0,FeatureCollection,[object Object],,2613701,false,Ciclovia
129484190,Rua Jean Emile Favre,0,secondary,false,Ciclovia,0,FeatureCollection,[object Object],,2613701,false,Ciclovia
129727073,Rua José de Alencar,0,tertiary,false,Ciclovia,0,FeatureCollection,[object Object],,2613701,false,Ciclovia
129727225,Rua Visconde de Goiana,0,tertiary,false,Ciclovia,0,FeatureCollection,[object Object],,2613701,false,Ciclovia
129727280,Rua José de Alencar,0,residential,false,Ciclovia,0,FeatureCollection,[object Object],,2613701,false,Ciclovia
129727281,Rua José de Alencar,0,tertiary,false,Ciclovia,0,FeatureCollection,[object Object],,2613701,false,Ciclovia
129727282,Rua José de Alencar,0,residential,false,Ciclovia,0,FeatureCollection,[object Object],,2613701,false,Ciclovia
142333444,Rua Doutor Alberto Wanderley,0,residential,false,Ciclovia,0,FeatureCollection,[object Object],,2613701,false,Ciclovia
129727410,Rua Senador José Henrique,0,tertiary,false,Ciclovia,0,FeatureCollection,[object Object],,2613701,false,Ciclovia
129736369,Rua Rosário da Boa Vista,0,residential,false,Ciclovia,0,FeatureCollection,[object Object],,2613701,false,Ciclovia
130491810,Rua Padre Inglês,0,residential,false,Ciclovia,0,FeatureCollection,[object Object],,2613701,false,Ciclovia
130888047,Avenida Luiz de Lacerda,0,tertiary,false,Ciclovia,0,FeatureCollection,[object Object],,2613701,false,Ciclovia
130892107,Avenida Maurício de Nassau,0,secondary,false,Ciclovia,0,FeatureCollection,[object Object],,2613701,false,Ciclovia
130892706,Rua Lindolfo Color,0,residential,false,Ciclovia,0,FeatureCollection,[object Object],,2613701,false,Ciclovia
130893508,Rua Lindolfo Color,0,secondary,false,Ciclovia,0,FeatureCollection,[object Object],,2613701,false,Ciclovia
130921222,Rua Carlos Gomes,0,tertiary,false,Ciclovia,0,FeatureCollection,[object Object],,2613701,false,Ciclovia
130922423,Rua Alberto Paiva,0,secondary,false,Ciclovia,0,FeatureCollection,[object Object],,2613701,false,Ciclovia
130923479,Rua Bruno Veloso,0,tertiary,false,Ciclovia,0,FeatureCollection,[object Object],,2613701,false,Ciclovia
130923581,Rua Félix de Brito Melo,0,secondary,false,Ciclovia,0,FeatureCollection,[object Object],,2613701,false,Ciclovia
130923582,Rua Félix de Brito Melo,0,secondary,false,Ciclovia,0,FeatureCollection,[object Object],,2613701,false,Ciclovia
131144626,Rua Professor Estevão Francisco da Costa,0,tertiary,false,Ciclovia,0,FeatureCollection,[object Object],,2613701,false,Ciclovia
131144672,Rua Odete Monteiro,0,secondary,false,Ciclovia,0,FeatureCollection,[object Object],,2613701,false,Ciclovia
131144673,Rua Dianópolis,0,secondary,false,Ciclovia,0,FeatureCollection,[object Object],,2613701,false,Ciclovia
131144677,Rua Marquês de Maricá,0,secondary,false,Ciclovia,0,FeatureCollection,[object Object],,2613701,false,Ciclovia
131144911,Rua Dez de Novembro,0,secondary,false,Ciclovia,0,FeatureCollection,[object Object],,2613701,false,Ciclovia
131144912,Rua Tomaz Gonzaga,0,secondary,false,Ciclovia,0,FeatureCollection,[object Object],,2613701,false,Ciclovia
131144914,Rua Souza Bandeira,0,secondary,false,Ciclovia,0,FeatureCollection,[object Object],,2613701,false,Ciclovia
131145453,Rua Doutor João Lacerda,0,secondary,false,Ciclovia,0,FeatureCollection,[object Object],,2613701,false,Ciclovia
131146131,Praça Professor Campelo Barreto,0,tertiary,false,Ciclovia,0,FeatureCollection,[object Object],,2613701,false,Ciclovia
131147884,Rua Carandaí,0,tertiary,false,Ciclovia,0,FeatureCollection,[object Object],,2613701,false,Ciclovia
131147889,Avenida Professor Estevão Francisco da Costa,0,tertiary,false,Ciclovia,0,FeatureCollection,[object Object],,2613701,false,Ciclovia
131150440,Rua Joaquim Felipe,0,secondary,false,Ciclovia,0,FeatureCollection,[object Object],,2613701,false,Ciclovia
131280442,Rua Marcos André,0,secondary,false,Ciclovia,0,FeatureCollection,[object Object],,2613701,false,Ciclovia
131336790,Rua Marcos André,0,residential,false,Ciclovia,0,FeatureCollection,[object Object],,2613701,false,Ciclovia
131336791,Rua Real da Torre,0,residential,false,Ciclovia,0,FeatureCollection,[object Object],,2613701,false,Ciclovia
131350718,Rua Pio IX,0,residential,false,Ciclovia,0,FeatureCollection,[object Object],,2613701,false,Ciclovia
131641897,Rua Bruno Veloso,0,tertiary,false,Ciclovia,0,FeatureCollection,[object Object],,2613701,false,Ciclovia
132047861,Rua Treze de Maio,0,residential,false,Ciclovia,0,FeatureCollection,[object Object],,2613701,false,Ciclovia
132047862,Rua Bispo Cardoso Ayres,0,residential,false,Ciclovia,0,FeatureCollection,[object Object],,2613701,false,Ciclovia
132049149,Rua Doutor Leopoldo Lins,0,secondary,false,Ciclovia,0,FeatureCollection,[object Object],,2613701,false,Ciclovia
132050435,Rua do Veiga,0,residential,false,Ciclovia,0,FeatureCollection,[object Object],,2613701,false,Ciclovia
132055101,Rua Barros Barreto,0,residential,false,Ciclovia,0,FeatureCollection,[object Object],,2613701,false,Ciclovia
132398668,Rua Alegre,0,primary,false,Ciclovia,0,FeatureCollection,[object Object],,2613701,false,Ciclovia
132399063,Rua São Bento,0,secondary,false,Ciclovia,0,FeatureCollection,[object Object],,2613701,false,Ciclovia
134171262,Rua Neto de Mendonça,0,tertiary,false,Ciclovia,0,FeatureCollection,[object Object],,2613701,false,Ciclovia
132904329,Rua Parque das Graças,0,living_street,false,Ciclovia,0,FeatureCollection,[object Object],,2613701,false,Ciclovia
133334512,Rua Doutor José Maria,0,tertiary,false,Ciclovia,0,FeatureCollection,[object Object],,2613701,false,Ciclovia
133335251,Rua Alberto Paiva,0,secondary,false,Ciclovia,0,FeatureCollection,[object Object],,2613701,false,Ciclovia
133335857,Rua Esmeraldino Bandeira,0,residential,false,Ciclovia,0,FeatureCollection,[object Object],,2613701,false,Ciclovia
133438804,Rua Frei Cassimiro,0,residential,false,Ciclovia,0,FeatureCollection,[object Object],,2613701,false,Ciclovia
133438945,Rua Frei Cassimiro,0,residential,false,Ciclovia,0,FeatureCollection,[object Object],,2613701,false,Ciclovia
133439040,Rua Tupinambás,0,residential,false,Ciclovia,0,FeatureCollection,[object Object],,2613701,false,Ciclovia
133439341,Rua Barros Barreto,0,residential,false,Ciclovia,0,FeatureCollection,[object Object],,2613701,false,Ciclovia
134170997,Rua General Abreu e Lima,0,tertiary,false,Ciclovia,0,FeatureCollection,[object Object],,2613701,false,Ciclovia
134171002,Rua General Abreu e Lima,0,tertiary,false,Ciclovia,0,FeatureCollection,[object Object],,2613701,false,Ciclovia
137746917,Rua Carlos Gomes,0,secondary,false,Ciclovia,0,FeatureCollection,[object Object],,2613701,false,Ciclovia
134174589,Rua Simão Mendes,0,tertiary,false,Ciclovia,0,FeatureCollection,[object Object],,2613701,false,Ciclovia
134470698,Rua Bruno Veloso,0,tertiary,false,Ciclovia,0,FeatureCollection,[object Object],,2613701,false,Ciclovia
134495018,Rua Feliciano José de Farias,0,residential,false,Ciclovia,0,FeatureCollection,[object Object],,2613701,false,Ciclovia
135722592,Rua Paulo de Arruda,0,residential,false,Ciclovia,0,FeatureCollection,[object Object],,2613701,false,Ciclovia
135722594,Rua Paulo de Arruda,0,residential,false,Ciclovia,0,FeatureCollection,[object Object],,2613701,false,Ciclovia
135932504,Rua Antônio Rangel,0,residential,false,Ciclovia,0,FeatureCollection,[object Object],,2613701,false,Ciclovia
140616410,Rua João Crescêncio,0,residential,false,Ciclovia,0,FeatureCollection,[object Object],,2613701,false,Ciclovia
136116572,Rua José Domingues da Silva,0,residential,false,Ciclovia,0,FeatureCollection,[object Object],,2613701,false,Ciclovia
136121284,Rua São Nicolau,0,secondary,false,Ciclovia,0,FeatureCollection,[object Object],,2613701,false,Ciclovia
136121287,Rua Pintor Antônio Albuquerque,0,secondary,false,Ciclovia,0,FeatureCollection,[object Object],,2613701,false,Ciclovia
136121288,Rua Itanagé,0,secondary,false,Ciclovia,0,FeatureCollection,[object Object],,2613701,false,Ciclovia
136121484,Rua Virgínia Heráclio,0,secondary,false,Ciclovia,0,FeatureCollection,[object Object],,2613701,false,Ciclovia
136121781,Rua Potengy,0,secondary,false,Ciclovia,0,FeatureCollection,[object Object],,2613701,false,Ciclovia
140478650,Rua Amaro Coutinho,0,residential,false,Ciclovia,0,FeatureCollection,[object Object],,2613701,false,Ciclovia
136121782,Rua Blumenau,0,secondary,false,Ciclovia,0,FeatureCollection,[object Object],,2613701,false,Ciclovia
136122179,Rua São Nicolau,0,secondary,false,Ciclovia,0,FeatureCollection,[object Object],,2613701,false,Ciclovia
136667786,Avenida Afonso Olindense,0,secondary,false,Ciclovia,0,FeatureCollection,[object Object],,2613701,false,Ciclovia
137062738,Avenida Prefeito Lima Castro,0,tertiary,false,Ciclovia,0,FeatureCollection,[object Object],,2613701,false,Ciclovia
137746675,Rua Ricardo Salazar,0,tertiary,false,Ciclovia,0,FeatureCollection,[object Object],,2613701,false,Ciclovia
137746686,Rua Ricardo Salazar,0,tertiary,false,Ciclovia,0,FeatureCollection,[object Object],,2613701,false,Ciclovia
137747160,Praça da Rua João Crescêncio,0,tertiary,false,Ciclovia,0,FeatureCollection,[object Object],,2613701,false,Ciclovia
138285446,Avenida Visconde de Jequitinhonha,0,tertiary,false,Ciclovia,0,FeatureCollection,[object Object],,2613701,false,Ciclovia
138285453,Avenida Visconde de Jequitinhonha,0,tertiary,false,Ciclovia,0,FeatureCollection,[object Object],,2613701,false,Ciclovia
139040203,Rua Marechal Deodoro,0,residential,false,Ciclovia,0,FeatureCollection,[object Object],,2613701,false,Ciclovia
140478429,Rua da Coragem,0,tertiary,false,Ciclovia,0,FeatureCollection,[object Object],,2613701,false,Ciclovia
140478430,Rua Retiro Saudoso,0,tertiary,false,Ciclovia,0,FeatureCollection,[object Object],,2613701,false,Ciclovia
142333429,Rua Doutor Alberto Wanderley,0,residential,false,Ciclovia,0,FeatureCollection,[object Object],,2613701,false,Ciclovia
140478431,Rua Carlos Fernandes,0,tertiary,false,Ciclovia,0,FeatureCollection,[object Object],,2613701,false,Ciclovia
140478464,Rua Pedro Alves,0,residential,false,Ciclovia,0,FeatureCollection,[object Object],,2613701,false,Ciclovia
140478536,Rua Pedro Alves,0,residential,false,Ciclovia,0,FeatureCollection,[object Object],,2613701,false,Ciclovia
140478537,Rua Pedro Alves,0,residential,false,Ciclovia,0,FeatureCollection,[object Object],,2613701,false,Ciclovia
140478540,Praça do Baobá da Encruzilhada,0,residential,false,Ciclovia,0,FeatureCollection,[object Object],,2613701,false,Ciclovia
140478646,Rua Amaro Coutinho,0,residential,false,Ciclovia,0,FeatureCollection,[object Object],,2613701,false,Ciclovia
140616408,Rua João Crescêncio,0,residential,false,Ciclovia,0,FeatureCollection,[object Object],,2613701,false,Ciclovia
141711452,Rua Baltazar Passos,0,residential,false,Ciclovia,0,FeatureCollection,[object Object],,2613701,false,Ciclovia
141711856,Avenida Vinte de Janeiro,0,tertiary,false,Ciclovia,0,FeatureCollection,[object Object],,2613701,false,Ciclovia
141711861,Rua Baltazar Passos,0,tertiary,false,Ciclovia,0,FeatureCollection,[object Object],,2613701,false,Ciclovia
141712575,Avenida Lino Jordão,0,secondary,false,Ciclovia,0,FeatureCollection,[object Object],,2613701,false,Ciclovia
141724611,Rua Soldado Sinésio de Aragão,0,residential,false,Ciclovia,0,FeatureCollection,[object Object],,2613701,false,Ciclovia
141868412,Rua Camboim,0,residential,false,Ciclovia,0,FeatureCollection,[object Object],,2613701,false,Ciclovia
141868413,Rua Camboim,0,residential,false,Ciclovia,0,FeatureCollection,[object Object],,2613701,false,Ciclovia
141868494,Rua Waldemar Nery Carneiro Monteiro,0,residential,false,Ciclovia,0,FeatureCollection,[object Object],,2613701,false,Ciclovia
141868688,Rua Cosmorama,0,secondary,false,Ciclovia,0,FeatureCollection,[object Object],,2613701,false,Ciclovia
141868689,Rua Cosmorama,0,residential,false,Ciclovia,0,FeatureCollection,[object Object],,2613701,false,Ciclovia
141868697,Rua Cosmorama,0,residential,false,Ciclovia,0,FeatureCollection,[object Object],,2613701,false,Ciclovia
141871387,Rua Cosmorama,0,residential,false,Ciclovia,0,FeatureCollection,[object Object],,2613701,false,Ciclovia
141873584,Rua Copacabana,0,residential,false,Ciclovia,0,FeatureCollection,[object Object],,2613701,false,Ciclovia
142229454,Rua dos Craveiros,0,residential,false,Ciclovia,0,FeatureCollection,[object Object],,2613701,false,Ciclovia
144180416,Avenida Sebastião Salazar,0,residential,false,Ciclovia,0,FeatureCollection,[object Object],,2613701,false,Ciclovia
144180418,Rua Arão Butler,0,residential,false,Ciclovia,0,FeatureCollection,[object Object],,2613701,false,Ciclovia
144474968,Rua Marquês do Paraná,0,residential,false,Ciclovia,0,FeatureCollection,[object Object],,2613701,false,Ciclovia
144474970,Rua Marquês do Paraná,0,residential,false,Ciclovia,0,FeatureCollection,[object Object],,2613701,false,Ciclovia
144475524,Rua Doutor Fernando Allain,0,residential,false,Ciclovia,0,FeatureCollection,[object Object],,2613701,false,Ciclovia
144479322,Rua José Paraíso,0,residential,false,Ciclovia,0,FeatureCollection,[object Object],,2613701,false,Ciclovia
144479335,Rua Dona Uzinha Nunes,0,residential,false,Ciclovia,0,FeatureCollection,[object Object],,2613701,false,Ciclovia
145218257,Rua Padre Lemos,0,secondary,false,Ciclovia,0,FeatureCollection,[object Object],,2613701,false,Ciclovia
146629879,Rua Comendador Franco Ferreira,0,residential,false,Ciclovia,0,FeatureCollection,[object Object],,2613701,false,Ciclovia
146631254,Rua Cônsul Vilares Fragoso,0,tertiary,false,Ciclovia,0,FeatureCollection,[object Object],,2613701,false,Ciclovia
146631258,Rua Itapemirim,0,residential,false,Ciclovia,0,FeatureCollection,[object Object],,2613701,false,Ciclovia
151153197,Avenida República Árabe Unida,0,tertiary,false,Ciclovia,0,FeatureCollection,[object Object],,2613701,false,Ciclovia
151161332,Rua Prudente de Morais,0,tertiary,false,Ciclovia,0,FeatureCollection,[object Object],,2613701,false,Ciclovia
151161335,Rua Mem de Sá,0,tertiary,false,Ciclovia,0,FeatureCollection,[object Object],,2613701,false,Ciclovia
151161786,Rua Couto Magalhães,0,tertiary,false,Ciclovia,0,FeatureCollection,[object Object],,2613701,false,Ciclovia
151161787,Avenida Santos Dumont,0,residential,false,Ciclovia,0,FeatureCollection,[object Object],,2613701,false,Ciclovia
151261445,Rua Madre Rosa Gattorno,0,residential,false,Ciclovia,0,FeatureCollection,[object Object],,2613701,false,Ciclovia
151261446,Rua Fonseca Oliveira,0,residential,false,Ciclovia,0,FeatureCollection,[object Object],,2613701,false,Ciclovia
151271546,Rua Treze de Junho,0,tertiary,false,Ciclovia,0,FeatureCollection,[object Object],,2613701,false,Ciclovia
151316749,Rua Itaimbé,0,residential,false,Ciclovia,0,FeatureCollection,[object Object],,2613701,false,Ciclovia
151437922,Rua João Cardoso Aires,0,tertiary,false,Ciclovia,0,FeatureCollection,[object Object],,2613701,false,Ciclovia
151437923,Rua João Cardoso Aires,0,tertiary,false,Ciclovia,0,FeatureCollection,[object Object],,2613701,false,Ciclovia
151676121,Avenida Pinheiros,0,tertiary,false,Ciclovia,0,FeatureCollection,[object Object],,2613701,false,Ciclovia
151676545,Rua Engenheiro José Brandão Cavalcante,0,residential,false,Ciclovia,0,FeatureCollection,[object Object],,2613701,false,Ciclovia
151676546,Rua Engenheiro José Brandão Cavalcante,0,residential,false,Ciclovia,0,FeatureCollection,[object Object],,2613701,false,Ciclovia
152290834,Rua Amélia Xavier Sampaio,0,residential,false,Ciclovia,0,FeatureCollection,[object Object],,2613701,false,Ciclovia
161784496,Rua Allan Kardec,0,tertiary,false,Ciclovia,0,FeatureCollection,[object Object],,2613701,false,Ciclovia
152291289,Avenida José Ferreira Lins,0,residential,false,Ciclovia,0,FeatureCollection,[object Object],,2613701,false,Ciclovia
152291292,Rua José Nogueira,0,residential,false,Ciclovia,0,FeatureCollection,[object Object],,2613701,false,Ciclovia
152291293,Rua Nova Verona,0,residential,false,Ciclovia,0,FeatureCollection,[object Object],,2613701,false,Ciclovia
152291346,Avenida José Ferreira Lins,0,residential,false,Ciclovia,0,FeatureCollection,[object Object],,2613701,false,Ciclovia
152291349,Avenida José Ferreira Lins,0,residential,false,Ciclovia,0,FeatureCollection,[object Object],,2613701,false,Ciclovia
163774408,Avenida Senador Robert Kennedy,0,tertiary,false,Ciclovia,0,FeatureCollection,[object Object],,2613701,false,Ciclovia
152291434,Avenida Engenheiro Alves Souza,0,tertiary,false,Ciclovia,0,FeatureCollection,[object Object],,2613701,false,Ciclovia
157802065,Rua Dona Elvira,0,residential,false,Ciclovia,0,FeatureCollection,[object Object],,2613701,false,Ciclovia
159759923,Rua Professor Pedro Augusto,0,residential,false,Ciclovia,0,FeatureCollection,[object Object],,2613701,false,Ciclovia
159761759,Rua Major Godofredo Luiz Pereira de Lima,0,residential,false,Ciclovia,0,FeatureCollection,[object Object],,2613701,false,Ciclovia
161177696,Rua João Cardoso Aires,0,residential,false,Ciclovia,0,FeatureCollection,[object Object],,2613701,false,Ciclovia
161613602,Avenida Maurício de Nassau,0,secondary,false,Ciclovia,0,FeatureCollection,[object Object],,2613701,false,Ciclovia
161764468,Rua Jornalista Cleófas de Oliveira,0,tertiary,false,Ciclovia,0,FeatureCollection,[object Object],,2613701,false,Ciclovia
161784499,Rua Jalisco,0,residential,false,Ciclovia,0,FeatureCollection,[object Object],,2613701,false,Ciclovia
161784501,Rua Guadalajara,0,residential,false,Ciclovia,0,FeatureCollection,[object Object],,2613701,false,Ciclovia
161784502,Avenida Sul,0,residential,false,Ciclovia,0,FeatureCollection,[object Object],,2613701,false,Ciclovia
161831685,Ciclovia Mimoso do Sul,0,cycleway,true,Ciclovia,0,FeatureCollection,[object Object],,2613701,false,Ciclovia
162647068,Avenida Sul,0,residential,false,Ciclovia,0,FeatureCollection,[object Object],,2613701,false,Ciclovia
162651294,Rua Jornalista Cleófas de Oliveira,0,tertiary,false,Ciclovia,0,FeatureCollection,[object Object],,2613701,false,Ciclovia
166080506,Rua Doutor Miguel Vieira Ferreira,0,secondary,false,Ciclovia,0,FeatureCollection,[object Object],,2613701,false,Ciclovia
172246559,Rua Compositor Vinícius de Morais,0,residential,false,Ciclovia,0,FeatureCollection,[object Object],,2613701,false,Ciclovia
174870096,Avenida Governador Agamenon Magalhães,0,residential,false,Ciclovia,0,FeatureCollection,[object Object],,2613701,false,Ciclovia
174870303,Rua Professor Francisco da Trindade,0,residential,false,Ciclovia,0,FeatureCollection,[object Object],,2613701,false,Ciclovia
174870305,Rua Professor Francisco da Trindade,0,residential,false,Ciclovia,0,FeatureCollection,[object Object],,2613701,false,Ciclovia
174871099,Rua Hermílio Gomes,0,residential,false,Ciclovia,0,FeatureCollection,[object Object],,2613701,false,Ciclovia
174871800,Rua Marquês de Abrantes,0,residential,false,Ciclovia,0,FeatureCollection,[object Object],,2613701,false,Ciclovia
192005246,Rua Comendador Franco Ferreira,0,residential,false,Ciclovia,0,FeatureCollection,[object Object],,2613701,false,Ciclovia
192028747,Avenida Engenheiro Abdias de Carvalho - Pista Lateral,0,residential,false,Ciclovia,0,FeatureCollection,[object Object],,2613701,false,Ciclovia
195010589,Rua Emiliano Braga,0,tertiary,false,Ciclovia,0,FeatureCollection,[object Object],,2613701,false,Ciclovia
197960452,Rua Jerônimo de Albuquerque,0,tertiary,false,Ciclovia,0,FeatureCollection,[object Object],,2613701,false,Ciclovia
199875826,Rua Doutora Antônia Dias,0,residential,false,Ciclovia,0,FeatureCollection,[object Object],,2613701,false,Ciclovia
197960564,Rua de Casa Forte,0,tertiary,false,Ciclovia,0,FeatureCollection,[object Object],,2613701,false,Ciclovia
197960569,Rua de Casa Forte,0,tertiary,false,Ciclovia,0,FeatureCollection,[object Object],,2613701,false,Ciclovia
198058614,Rua da Harmonia,0,secondary,false,Ciclovia,0,FeatureCollection,[object Object],,2613701,false,Ciclovia
198196114,Rua Silvino Lopes,0,residential,false,Ciclovia,0,FeatureCollection,[object Object],,2613701,false,Ciclovia
198196286,Rua Doutor Samuel Lins,0,tertiary,false,Ciclovia,0,FeatureCollection,[object Object],,2613701,false,Ciclovia
198246703,Rua Ambrósio Machado,0,tertiary,false,Ciclovia,0,FeatureCollection,[object Object],,2613701,false,Ciclovia
198246704,Rua Ambrósio Machado,0,tertiary,false,Ciclovia,0,FeatureCollection,[object Object],,2613701,false,Ciclovia
198968988,Rua Mauricéia,0,tertiary,false,Ciclovia,0,FeatureCollection,[object Object],,2613701,false,Ciclovia
198989347,Rua Emiliano Braga,0,residential,false,Ciclovia,0,FeatureCollection,[object Object],,2613701,false,Ciclovia
198990835,Rua Gaspar Perez,0,residential,false,Ciclovia,0,FeatureCollection,[object Object],,2613701,false,Ciclovia
199434199,Rua Paula Batista,0,tertiary,false,Ciclovia,0,FeatureCollection,[object Object],,2613701,false,Ciclovia
199434203,Rua Paula Batista,0,tertiary,false,Ciclovia,0,FeatureCollection,[object Object],,2613701,false,Ciclovia
199697128,Rua Xavantes,0,tertiary,false,Ciclovia,0,FeatureCollection,[object Object],,2613701,false,Ciclovia
224067520,Rua Cosmorama,0,residential,false,Ciclovia,0,FeatureCollection,[object Object],,2613701,false,Ciclovia
199698447,Rua Pedro Allain,0,tertiary,false,Ciclovia,0,FeatureCollection,[object Object],,2613701,false,Ciclovia
199698617,Rua Pedro Allain,0,tertiary,false,Ciclovia,0,FeatureCollection,[object Object],,2613701,false,Ciclovia
199699061,Rua Rev Antônio Queiroz,0,residential,false,Ciclovia,0,FeatureCollection,[object Object],,2613701,false,Ciclovia
199703491,Rua Paula Batista,0,tertiary,false,Ciclovia,0,FeatureCollection,[object Object],,2613701,false,Ciclovia
199703493,Praça do Trabalho,0,tertiary,false,Ciclovia,0,FeatureCollection,[object Object],,2613701,false,Ciclovia
199706753,Rua Coronel João Batista do Rego Barros,0,tertiary,false,Ciclovia,0,FeatureCollection,[object Object],,2613701,false,Ciclovia
199869537,Rua Antônio Valdevino da Costa,0,residential,false,Ciclovia,0,FeatureCollection,[object Object],,2613701,false,Ciclovia
199879695,Rua Tamboril,0,residential,false,Ciclovia,0,FeatureCollection,[object Object],,2613701,false,Ciclovia
199881222,Avenida Inácio Monteiro,0,tertiary,false,Ciclovia,0,FeatureCollection,[object Object],,2613701,false,Ciclovia
199881559,Avenida Inácio Monteiro,0,tertiary,false,Ciclovia,0,FeatureCollection,[object Object],,2613701,false,Ciclovia
199890276,Rua Professor Joaquim Xavier de Brito,0,tertiary,false,Ciclovia,0,FeatureCollection,[object Object],,2613701,false,Ciclovia
199890280,Rua Professor Joaquim Xavier de Brito,0,tertiary,false,Ciclovia,0,FeatureCollection,[object Object],,2613701,false,Ciclovia
201514523,Praça do Monteiro,0,pedestrian,false,Ciclovia,0,FeatureCollection,[object Object],,2613701,false,Ciclovia
202051912,Rua Professor Estevão Francisco da Costa,0,tertiary,false,Ciclovia,0,FeatureCollection,[object Object],,2613701,false,Ciclovia
202233890,Avenida Nossa Senhora da Saúde,0,tertiary,false,Ciclovia,0,FeatureCollection,[object Object],,2613701,false,Ciclovia
202233953,Avenida Nossa Senhora da Saúde,0,tertiary,false,Ciclovia,0,FeatureCollection,[object Object],,2613701,false,Ciclovia
202234360,Rua Pereira Coutinho Filho,0,tertiary,false,Ciclovia,0,FeatureCollection,[object Object],,2613701,false,Ciclovia
202234462,Rua Leal de Barros,0,residential,false,Ciclovia,0,FeatureCollection,[object Object],,2613701,false,Ciclovia
202234487,Rua Doutor José Anastacio da Silva Guimarães,0,residential,false,Ciclovia,0,FeatureCollection,[object Object],,2613701,false,Ciclovia
202234499,Rua Doutor José Anastacio da Silva Guimarães,0,residential,false,Ciclovia,0,FeatureCollection,[object Object],,2613701,false,Ciclovia
202234715,Rua Pereira Coutinho Filho,0,tertiary,false,Ciclovia,0,FeatureCollection,[object Object],,2613701,false,Ciclovia
203054011,Rua General Vargas,0,tertiary,false,Ciclovia,0,FeatureCollection,[object Object],,2613701,false,Ciclovia
203054049,Rua General Vargas,0,tertiary,false,Ciclovia,0,FeatureCollection,[object Object],,2613701,false,Ciclovia
203054050,Rua General Vargas,0,tertiary,false,Ciclovia,0,FeatureCollection,[object Object],,2613701,false,Ciclovia
204066990,Rua Desembargador Oscar Coutinho,0,residential,false,Ciclovia,0,FeatureCollection,[object Object],,2613701,false,Ciclovia
204067608,Avenida Jornalista Possidonio Cavalcanti Bastos,0,residential,false,Ciclovia,0,FeatureCollection,[object Object],,2613701,false,Ciclovia
204067669,Rua Maria de Fátima Soares,0,tertiary,false,Ciclovia,0,FeatureCollection,[object Object],,2613701,false,Ciclovia
206614710,Rua Emiliano Braga,0,residential,false,Ciclovia,0,FeatureCollection,[object Object],,2613701,false,Ciclovia
222816816,Avenida José Américo de Almeida,0,tertiary,false,Ciclovia,0,FeatureCollection,[object Object],,2613701,false,Ciclovia
223088213,Rua Setúbal,0,tertiary,false,Ciclovia,0,FeatureCollection,[object Object],,2613701,false,Ciclovia
223418529,Rua Visconde de Itaparica,0,tertiary,false,Ciclovia,0,FeatureCollection,[object Object],,2613701,false,Ciclovia
223419656,Rua Marcos André,0,secondary,false,Ciclovia,0,FeatureCollection,[object Object],,2613701,false,Ciclovia
241710312,Rua Ferreira Lopes,0,tertiary,false,Ciclovia,0,FeatureCollection,[object Object],,2613701,false,Ciclovia
242552958,Rua Jerônimo Vilela,0,residential,false,Ciclovia,0,FeatureCollection,[object Object],,2613701,false,Ciclovia
242552959,Rua Jerônimo Vilela,0,residential,false,Ciclovia,0,FeatureCollection,[object Object],,2613701,false,Ciclovia
242552960,Rua Jerônimo Vilela,0,residential,false,Ciclovia,0,FeatureCollection,[object Object],,2613701,false,Ciclovia
243358111,Rua do Pombal,0,tertiary,false,Ciclovia,0,FeatureCollection,[object Object],,2613701,false,Ciclovia
246172562,Rua Pio IX,0,residential,false,Ciclovia,0,FeatureCollection,[object Object],,2613701,false,Ciclovia
314754298,Rua Carlos Gomes,0,secondary,false,Ciclovia,0,FeatureCollection,[object Object],,2613701,false,Ciclovia
247441640,Rua Elvira Carreira de Oliveira,0,tertiary,false,Ciclovia,0,FeatureCollection,[object Object],,2613701,false,Ciclovia
248065090,Rua Azeredo Coutinho,0,residential,false,Ciclovia,0,FeatureCollection,[object Object],,2613701,false,Ciclovia
248083330,Rua Francisco Lacerda,0,residential,false,Ciclovia,0,FeatureCollection,[object Object],,2613701,false,Ciclovia
250696581,Rua Doutora Antônia Dias,0,residential,false,Ciclovia,0,FeatureCollection,[object Object],,2613701,false,Ciclovia
250696582,Rua Doutora Antônia Dias,0,residential,false,Ciclovia,0,FeatureCollection,[object Object],,2613701,false,Ciclovia
255536652,Rua Urubici,0,residential,false,Ciclovia,0,FeatureCollection,[object Object],,2613701,false,Ciclovia
257938682,Rua Marcos André,0,secondary,false,Ciclovia,0,FeatureCollection,[object Object],,2613701,false,Ciclovia
294900080,Rua Doutor Joaquim dos Santos Souto,0,tertiary,false,Ciclovia,0,FeatureCollection,[object Object],,2613701,false,Ciclovia
305934846,Rua Marechal Deodoro,0,residential,false,Ciclovia,0,FeatureCollection,[object Object],,2613701,false,Ciclovia
307186021,Rua Itacari,0,secondary,false,Ciclovia,0,FeatureCollection,[object Object],,2613701,false,Ciclovia
311596116,Avenida Santos Dumont,0,residential,false,Ciclovia,0,FeatureCollection,[object Object],,2613701,false,Ciclovia
313482028,Praça do Trabalho,0,tertiary,false,Ciclovia,0,FeatureCollection,[object Object],,2613701,false,Ciclovia
314754232,Rua Ministro João Alberto,0,residential,false,Ciclovia,0,FeatureCollection,[object Object],,2613701,false,Ciclovia
314754239,Avenida Nossa Senhora da Saúde,0,tertiary,false,Ciclovia,0,FeatureCollection,[object Object],,2613701,false,Ciclovia
315073865,Avenida Governador Agamenon Magalhães,0,secondary,false,Ciclovia,0,FeatureCollection,[object Object],,2613701,false,Ciclovia
315073866,Rua Doutor Leopoldo Lins,0,secondary,false,Ciclovia,0,FeatureCollection,[object Object],,2613701,false,Ciclovia
315073914,Praça Miguel de Cervantes,0,tertiary,false,Ciclovia,0,FeatureCollection,[object Object],,2613701,false,Ciclovia
315669175,Rua Salvador de Sá,0,tertiary,false,Ciclovia,0,FeatureCollection,[object Object],,2613701,false,Ciclovia
316156842,Rua do Hospício,0,secondary,false,Ciclovia,0,FeatureCollection,[object Object],,2613701,false,Ciclovia
316212658,Rua do Riachuelo,0,secondary,false,Ciclovia,0,FeatureCollection,[object Object],,2613701,false,Ciclovia
316609895,Rua General Abreu e Lima,0,cycleway,true,Ciclovia,0,FeatureCollection,[object Object],,2613701,false,Ciclovia
316609908,Rua Mem de Sá,0,tertiary,false,Ciclovia,0,FeatureCollection,[object Object],,2613701,false,Ciclovia
316609909,Rua Mem de Sá,0,tertiary,false,Ciclovia,0,FeatureCollection,[object Object],,2613701,false,Ciclovia
316614634,Rua Marechal Deodoro,0,residential,false,Ciclovia,0,FeatureCollection,[object Object],,2613701,false,Ciclovia
316614635,Rua Marechal Deodoro,0,residential,false,Ciclovia,0,FeatureCollection,[object Object],,2613701,false,Ciclovia
316614636,Rua Marechal Deodoro,0,residential,false,Ciclovia,0,FeatureCollection,[object Object],,2613701,false,Ciclovia
316614641,Avenida Agamenon Magalhães - Pista Local,0,residential,false,Ciclovia,0,FeatureCollection,[object Object],,2613701,false,Ciclovia
316676594,Rua Floriano Peixoto,0,secondary,false,Ciclovia,0,FeatureCollection,[object Object],,2613701,false,Ciclovia
316707910,Rua Barão de São Borja,0,tertiary,false,Ciclovia,0,FeatureCollection,[object Object],,2613701,false,Ciclovia
316707911,Rua Barão de São Borja,0,tertiary,false,Ciclovia,0,FeatureCollection,[object Object],,2613701,false,Ciclovia
316707912,Rua Bispo Cardoso Ayres,0,residential,false,Ciclovia,0,FeatureCollection,[object Object],,2613701,false,Ciclovia
316707918,Rua José de Alencar,0,tertiary,false,Ciclovia,0,FeatureCollection,[object Object],,2613701,false,Ciclovia
316707919,Rua João Fernandes Vieira,0,tertiary,false,Ciclovia,0,FeatureCollection,[object Object],,2613701,false,Ciclovia
317078469,Rua Lindolfo Color,0,secondary,false,Ciclovia,0,FeatureCollection,[object Object],,2613701,false,Ciclovia
316707920,Rua João Fernandes Vieira,0,tertiary,false,Ciclovia,0,FeatureCollection,[object Object],,2613701,false,Ciclovia
316707924,Rua Visconde de Goiana,0,tertiary,false,Ciclovia,0,FeatureCollection,[object Object],,2613701,false,Ciclovia
316740724,Rua Isaac Markman,0,residential,false,Ciclovia,0,FeatureCollection,[object Object],,2613701,false,Ciclovia
317078459,Rua Doutor Miguel Vieira Ferreira,0,secondary,false,Ciclovia,0,FeatureCollection,[object Object],,2613701,false,Ciclovia
317078460,Rua Doutor Miguel Vieira Ferreira,0,secondary,false,Ciclovia,0,FeatureCollection,[object Object],,2613701,false,Ciclovia
317078463,Rua General Vargas,0,tertiary,false,Ciclovia,0,FeatureCollection,[object Object],,2613701,false,Ciclovia
317078468,Rua Lindolfo Color,0,secondary,false,Ciclovia,0,FeatureCollection,[object Object],,2613701,false,Ciclovia
753946882,Rua Mem de Sá,0,tertiary,false,Ciclovia,0,FeatureCollection,[object Object],,2613701,false,Ciclovia
317078470,Rua Doutor Miguel Vieira Ferreira,0,secondary,false,Ciclovia,0,FeatureCollection,[object Object],,2613701,false,Ciclovia
317078471,Rua Mauricéia,0,tertiary,false,Ciclovia,0,FeatureCollection,[object Object],,2613701,false,Ciclovia
317181017,Rua Ministro João Alberto,0,tertiary,false,Ciclovia,0,FeatureCollection,[object Object],,2613701,false,Ciclovia
317189750,Rua Alegre,0,primary,false,Ciclovia,0,FeatureCollection,[object Object],,2613701,false,Ciclovia
317189755,Rua São Bento,0,secondary,false,Ciclovia,0,FeatureCollection,[object Object],,2613701,false,Ciclovia
317208212,Rua Souza Bandeira,0,tertiary,false,Ciclovia,0,FeatureCollection,[object Object],,2613701,false,Ciclovia
317261158,Estrada do Encanamento,0,residential,false,Ciclovia,0,FeatureCollection,[object Object],,2613701,false,Ciclovia
317261176,Rua Doutor Samuel Lins,0,tertiary,false,Ciclovia,0,FeatureCollection,[object Object],,2613701,false,Ciclovia
317261179,Rua Ferreira Lopes,0,tertiary,false,Ciclovia,0,FeatureCollection,[object Object],,2613701,false,Ciclovia
317261194,Rua da Harmonia,0,secondary,false,Ciclovia,0,FeatureCollection,[object Object],,2613701,false,Ciclovia
317313979,Avenida Sebastião Salazar,0,tertiary,false,Ciclovia,0,FeatureCollection,[object Object],,2613701,false,Ciclovia
317314009,Rua Doutor Alberto Wanderley,0,residential,false,Ciclovia,0,FeatureCollection,[object Object],,2613701,false,Ciclovia
317314015,Avenida Cidade de Monteiro,0,primary_link,false,Ciclovia,0,FeatureCollection,[object Object],,2613701,false,Ciclovia
339199758,Avenida República Árabe Unida,0,tertiary,false,Ciclovia,0,FeatureCollection,[object Object],,2613701,false,Ciclovia
317402246,Rotatória do Açude de Apipucos,0,tertiary,false,Ciclovia,0,FeatureCollection,[object Object],,2613701,false,Ciclovia
317402247,Rua Coronel João Batista do Rego Barros,0,tertiary,false,Ciclovia,0,FeatureCollection,[object Object],,2613701,false,Ciclovia
318205720,Rua Amaro Coutinho,0,residential,false,Ciclovia,0,FeatureCollection,[object Object],,2613701,false,Ciclovia
318869508,Avenida Afonso Olindense,0,secondary,false,Ciclovia,0,FeatureCollection,[object Object],,2613701,false,Ciclovia
318895501,Rua Couto Magalhães,0,tertiary,false,Ciclovia,0,FeatureCollection,[object Object],,2613701,false,Ciclovia
369013591,Avenida João de Barros,0,secondary,false,Ciclovia,0,FeatureCollection,[object Object],,2613701,false,Ciclovia
319293365,Avenida Pinheiros,0,tertiary,false,Ciclovia,0,FeatureCollection,[object Object],,2613701,false,Ciclovia
319318749,Ponte da Boa Vista,0,secondary,false,Ciclovia,0,FeatureCollection,[object Object],,2613701,false,Ciclovia
319318752,Rua Nova,0,pedestrian,false,Ciclovia,0,FeatureCollection,[object Object],,2613701,false,Ciclovia
319476043,Avenida Dantas Barreto,0,tertiary,false,Ciclovia,0,FeatureCollection,[object Object],,2613701,false,Ciclovia
319476046,Avenida Dantas Barreto,0,residential,false,Ciclovia,0,FeatureCollection,[object Object],,2613701,false,Ciclovia
320212004,Rua Barão de São Borja,0,tertiary,false,Ciclovia,0,FeatureCollection,[object Object],,2613701,false,Ciclovia
778011329,Primeira Travessa Rua Passo De Santa Cruz,0,pedestrian,false,Ciclovia,0,FeatureCollection,[object Object],,2613701,false,Ciclovia
366223356,Rua do Bom Jesus,0,pedestrian,false,Ciclovia,0,FeatureCollection,[object Object],,2613701,false,Ciclovia
367517837,Rua Benfica,0,secondary_link,false,Ciclovia,0,FeatureCollection,[object Object],,2613701,false,Ciclovia
367630237,Beco do Estudante,0,footway,false,Ciclovia,0,FeatureCollection,[object Object],,2613701,false,Ciclovia
367994067,Rua Engenheiro José Brandão Cavalcante,0,residential,false,Ciclovia,0,FeatureCollection,[object Object],,2613701,false,Ciclovia
367994070,Rua Padre Carlos Leôncio,0,residential,false,Ciclovia,0,FeatureCollection,[object Object],,2613701,false,Ciclovia
368075236,Avenida Governador Agamenon Magalhães,0,residential,false,Ciclovia,0,FeatureCollection,[object Object],,2613701,false,Ciclovia
647116507,Rua Treze de Junho,0,tertiary,false,Ciclovia,0,FeatureCollection,[object Object],,2613701,false,Ciclovia
369014580,Rua Engenheiro José Brandão Cavalcante,0,residential,false,Ciclovia,0,FeatureCollection,[object Object],,2613701,false,Ciclovia
369612034,Avenida Governador Agamenon Magalhães,0,residential,false,Ciclovia,0,FeatureCollection,[object Object],,2613701,false,Ciclovia
371666445,Rua Padre Roma,0,tertiary_link,false,Ciclovia,0,FeatureCollection,[object Object],,2613701,false,Ciclovia
372986496,Rua Édson Alvares,0,tertiary,false,Ciclovia,0,FeatureCollection,[object Object],,2613701,false,Ciclovia
374690787,Rua Paula Batista,0,tertiary,false,Ciclovia,0,FeatureCollection,[object Object],,2613701,false,Ciclovia
374896671,Rua Padre Roma,0,tertiary,false,Ciclovia,0,FeatureCollection,[object Object],,2613701,false,Ciclovia
374897775,Rua General Abreu e Lima,0,tertiary,false,Ciclovia,0,FeatureCollection,[object Object],,2613701,false,Ciclovia
378796315,Ciclovia do Pier do Ciclista,0,cycleway,true,Ciclovia,0,FeatureCollection,[object Object],,2613701,false,Ciclovia
378796334,Rua Marquês de Abrantes,0,tertiary,false,Ciclovia,0,FeatureCollection,[object Object],,2613701,false,Ciclovia
378796337,Avenida República Árabe Unida,0,tertiary,false,Ciclovia,0,FeatureCollection,[object Object],,2613701,false,Ciclovia
378796340,Rua José Veloso,0,residential,false,Ciclovia,0,FeatureCollection,[object Object],,2613701,false,Ciclovia
378796343,Rua Comendador Franco Ferreira,0,residential,false,Ciclovia,0,FeatureCollection,[object Object],,2613701,false,Ciclovia
378796346,Rua Marquês de Abrantes,0,tertiary,false,Ciclovia,0,FeatureCollection,[object Object],,2613701,false,Ciclovia
379236486,Rua Eugênio Samico,0,residential,false,Ciclovia,0,FeatureCollection,[object Object],,2613701,false,Ciclovia
379623676,Rua Mauricéia,0,tertiary,false,Ciclovia,0,FeatureCollection,[object Object],,2613701,false,Ciclovia
383928633,Rua Doutor João Vieira de Menezes,0,residential,false,Ciclovia,0,FeatureCollection,[object Object],,2613701,false,Ciclovia
385480476,Rua Barão de Igarassu,0,residential,false,Ciclovia,0,FeatureCollection,[object Object],,2613701,false,Ciclovia
385480480,Rua Buarque de Macedo,0,residential,false,Ciclovia,0,FeatureCollection,[object Object],,2613701,false,Ciclovia
385480539,Rua Leão Falcão,0,residential,false,Ciclovia,0,FeatureCollection,[object Object],,2613701,false,Ciclovia
430125553,Rua Conceição de Macabu,0,residential,false,Ciclovia,0,FeatureCollection,[object Object],,2613701,false,Ciclovia
460423889,Rua Ministro João Alberto,0,tertiary,false,Ciclovia,0,FeatureCollection,[object Object],,2613701,false,Ciclovia
460423890,Avenida Historiador Jordão Emerenciano,0,residential,false,Ciclovia,0,FeatureCollection,[object Object],,2613701,false,Ciclovia
466704803,Rua General Edson Amâncio Ramalho,0,secondary,false,Ciclovia,0,FeatureCollection,[object Object],,2613701,false,Ciclovia
466704806,Rua Professor Arnaldo Carneiro Leao,0,secondary,false,Ciclovia,0,FeatureCollection,[object Object],,2613701,false,Ciclovia
475653479,Rua Coronel João Batista do Rego Barros,0,tertiary,false,Ciclovia,0,FeatureCollection,[object Object],,2613701,false,Ciclovia
475657190,Rua Padre Lemos,0,secondary,false,Ciclovia,0,FeatureCollection,[object Object],,2613701,false,Ciclovia
475660023,Rua Neto de Mendonça,0,tertiary,false,Ciclovia,0,FeatureCollection,[object Object],,2613701,false,Ciclovia
479255492,Rua Doutor Fernando Allain,0,residential,false,Ciclovia,0,FeatureCollection,[object Object],,2613701,false,Ciclovia
525727298,Travessa Doutor José Anastacio da Silva Guimarães,0,residential,false,Ciclovia,0,FeatureCollection,[object Object],,2613701,false,Ciclovia
538392025,Rua Professor Estevão Francisco da Costa,0,tertiary,false,Ciclovia,0,FeatureCollection,[object Object],,2613701,false,Ciclovia
538805604,Rua Marquês de Maricá,0,secondary,false,Ciclovia,0,FeatureCollection,[object Object],,2613701,false,Ciclovia
553605195,Rua Benfica,0,trunk_link,false,Ciclovia,0,FeatureCollection,[object Object],,2613701,false,Ciclovia
559810681,Passarela da Estação Shopping,0,footway,false,Ciclovia,0,FeatureCollection,[object Object],,2613701,false,Ciclovia
559810682,Passarela da Estação Shopping,0,footway,false,Ciclovia,0,FeatureCollection,[object Object],,2613701,false,Ciclovia
559810683,Passarela da Estação Shopping,0,footway,false,Ciclovia,0,FeatureCollection,[object Object],,2613701,false,Ciclovia
566179177,Rua Marquês do Paraná,0,residential,false,Ciclovia,0,FeatureCollection,[object Object],,2613701,false,Ciclovia
567786012,Ponte Joaquim Cardoso,0,cycleway,true,Ciclovia,0,FeatureCollection,[object Object],,2613701,false,Ciclovia
573648860,Rua do Hospício,0,secondary,false,Ciclovia,0,FeatureCollection,[object Object],,2613701,false,Ciclovia
579464185,Rua do Riachuelo,0,secondary,false,Ciclovia,0,FeatureCollection,[object Object],,2613701,false,Ciclovia
579464186,Rua do Hospício,0,secondary,false,Ciclovia,0,FeatureCollection,[object Object],,2613701,false,Ciclovia
581704800,Avenida Dantas Barreto,0,secondary,false,Ciclovia,0,FeatureCollection,[object Object],,2613701,false,Ciclovia
582585081,Rua Pedro Afonso,0,residential,false,Ciclovia,0,FeatureCollection,[object Object],,2613701,false,Ciclovia
585473219,Rua Félix de Brito Melo,0,secondary,false,Ciclovia,0,FeatureCollection,[object Object],,2613701,false,Ciclovia
585473222,Rua Félix de Brito Melo,0,secondary,false,Ciclovia,0,FeatureCollection,[object Object],,2613701,false,Ciclovia
589445951,Rua Professor Antônio Coelho,0,residential,false,Ciclovia,0,FeatureCollection,[object Object],,2613701,false,Ciclovia
596236969,Avenida José Américo de Almeida,0,tertiary,false,Ciclovia,0,FeatureCollection,[object Object],,2613701,false,Ciclovia
596236970,Avenida José Américo de Almeida,0,tertiary,false,Ciclovia,0,FeatureCollection,[object Object],,2613701,false,Ciclovia
596236971,Praça Zumbi dos Palmares,0,tertiary,false,Ciclovia,0,FeatureCollection,[object Object],,2613701,false,Ciclovia
596236973,Avenida José Américo de Almeida,0,tertiary,false,Ciclovia,0,FeatureCollection,[object Object],,2613701,false,Ciclovia
598232856,Avenida Desembargador Guerra Barreto,0,tertiary_link,false,Ciclovia,0,FeatureCollection,[object Object],,2613701,false,Ciclovia
607122239,Avenida Luiz de Lacerda,0,tertiary,false,Ciclovia,0,FeatureCollection,[object Object],,2613701,false,Ciclovia
607122243,Avenida Historiador Jordão Emerenciano,0,residential,false,Ciclovia,0,FeatureCollection,[object Object],,2613701,false,Ciclovia
607122248,Avenida Historiador Jordão Emerenciano,0,residential,false,Ciclovia,0,FeatureCollection,[object Object],,2613701,false,Ciclovia
609810648,Rua da Coragem,0,tertiary,false,Ciclovia,0,FeatureCollection,[object Object],,2613701,false,Ciclovia
617216867,Rua Compositor Vinícius de Morais,0,residential,false,Ciclovia,0,FeatureCollection,[object Object],,2613701,false,Ciclovia
617216870,Rua Compositor Vinícius de Morais,0,residential,false,Ciclovia,0,FeatureCollection,[object Object],,2613701,false,Ciclovia
617661942,Ciclovia Norte,0,trunk_link,false,Ciclovia,0,FeatureCollection,[object Object],,2613701,false,Ciclovia
619555638,Rua da Moeda,0,pedestrian,false,Ciclovia,0,FeatureCollection,[object Object],,2613701,false,Ciclovia
624878408,Rua Emiliano Braga,0,residential,false,Ciclovia,0,FeatureCollection,[object Object],,2613701,false,Ciclovia
624878409,Rua Professor Antônio Coelho,0,residential,false,Ciclovia,0,FeatureCollection,[object Object],,2613701,false,Ciclovia
624914196,Rua Antônio Falcão,0,secondary,false,Ciclovia,0,FeatureCollection,[object Object],,2613701,false,Ciclovia
624914219,Acesso ao bicicletário,0,cycleway,true,Ciclovia,0,FeatureCollection,[object Object],,2613701,false,Ciclovia
624914220,Acesso ao bicicletário,0,cycleway,true,Ciclovia,0,FeatureCollection,[object Object],,2613701,false,Ciclovia
624914221,Ciclovia Riomar,0,cycleway,true,Ciclovia,0,FeatureCollection,[object Object],,2613701,false,Ciclovia
624914222,Ciclovia Riomar,0,cycleway,true,Ciclovia,0,FeatureCollection,[object Object],,2613701,false,Ciclovia
624914223,Ciclovia Riomar,0,cycleway,true,Ciclovia,0,FeatureCollection,[object Object],,2613701,false,Ciclovia
624914224,Ciclovia Riomar,0,cycleway,true,Ciclovia,0,FeatureCollection,[object Object],,2613701,false,Ciclovia
624914225,Ciclovia Riomar,0,cycleway,true,Ciclovia,0,FeatureCollection,[object Object],,2613701,false,Ciclovia
624914227,Ciclovia Riomar,0,cycleway,true,Ciclovia,0,FeatureCollection,[object Object],,2613701,false,Ciclovia
624914228,Ciclovia Riomar,0,cycleway,true,Ciclovia,0,FeatureCollection,[object Object],,2613701,false,Ciclovia
628277061,Rua Manoel Joaquim de Almeida,0,secondary,false,Ciclovia,0,FeatureCollection,[object Object],,2613701,false,Ciclovia
628649584,Rua Ministro João Alberto,0,tertiary,false,Ciclovia,0,FeatureCollection,[object Object],,2613701,false,Ciclovia
628649586,Rua Ministro João Alberto,0,tertiary,false,Ciclovia,0,FeatureCollection,[object Object],,2613701,false,Ciclovia
628924111,Rua Emiliano Braga,0,residential,false,Ciclovia,0,FeatureCollection,[object Object],,2613701,false,Ciclovia
628924112,Rua Emiliano Braga,0,residential,false,Ciclovia,0,FeatureCollection,[object Object],,2613701,false,Ciclovia
636685326,Rua Baltazar Passos,0,tertiary,false,Ciclovia,0,FeatureCollection,[object Object],,2613701,false,Ciclovia
636685329,Avenida Visconde de Jequitinhonha,0,tertiary,false,Ciclovia,0,FeatureCollection,[object Object],,2613701,false,Ciclovia
637591719,Rua Doutor Miguel Vieira Ferreira,0,secondary,false,Ciclovia,0,FeatureCollection,[object Object],,2613701,false,Ciclovia
645425614,Rua Marquês de Maricá,0,secondary,false,Ciclovia,0,FeatureCollection,[object Object],,2613701,false,Ciclovia
645444384,Rua Lagoa do Rancho,0,tertiary,false,Ciclovia,0,FeatureCollection,[object Object],,2613701,false,Ciclovia
645454931,Rua Alberto Paiva,0,secondary,false,Ciclovia,0,FeatureCollection,[object Object],,2613701,false,Ciclovia
645467520,Rua Doutor Leopoldo Lins,0,secondary,false,Ciclovia,0,FeatureCollection,[object Object],,2613701,false,Ciclovia
647110234,Avenida Santos Dumont,0,residential,false,Ciclovia,0,FeatureCollection,[object Object],,2613701,false,Ciclovia
647112865,Avenida Santos Dumont,0,residential,false,Ciclovia,0,FeatureCollection,[object Object],,2613701,false,Ciclovia
647116510,Rua Salvador de Sá,0,tertiary,false,Ciclovia,0,FeatureCollection,[object Object],,2613701,false,Ciclovia
649368025,Rua do Aragão,0,residential,false,Ciclovia,0,FeatureCollection,[object Object],,2613701,false,Ciclovia
649370828,Rua Rezende,0,tertiary,false,Ciclovia,0,FeatureCollection,[object Object],,2613701,false,Ciclovia
649747902,Rua Barros Barreto,0,residential,false,Ciclovia,0,FeatureCollection,[object Object],,2613701,false,Ciclovia
649747903,Rua Barros Barreto,0,residential,false,Ciclovia,0,FeatureCollection,[object Object],,2613701,false,Ciclovia
649776874,Travessa do Cais da Detenção,0,tertiary,false,Ciclovia,0,FeatureCollection,[object Object],,2613701,false,Ciclovia
650859657,Rua Monsenhor Fabrício,0,secondary,false,Ciclovia,0,FeatureCollection,[object Object],,2613701,false,Ciclovia
650859658,Rua Doutor José Anastacio da Silva Guimarães,0,residential,false,Ciclovia,0,FeatureCollection,[object Object],,2613701,false,Ciclovia
656104878,Rua da Coragem,0,tertiary,false,Ciclovia,0,FeatureCollection,[object Object],,2613701,false,Ciclovia
656105202,Rua Baltazar Passos,0,tertiary,false,Ciclovia,0,FeatureCollection,[object Object],,2613701,false,Ciclovia
656107800,Avenida Prefeito Lima Castro,0,tertiary,false,Ciclovia,0,FeatureCollection,[object Object],,2613701,false,Ciclovia
656122407,Avenida Poeta Vinicius de Morais,0,residential,false,Ciclovia,0,FeatureCollection,[object Object],,2613701,false,Ciclovia
656150546,Rua Souza Bandeira,0,tertiary,false,Ciclovia,0,FeatureCollection,[object Object],,2613701,false,Ciclovia
707953909,Avenida Afonso Olindense,0,secondary,false,Ciclovia,0,FeatureCollection,[object Object],,2613701,false,Ciclovia
656301112,Rua Marechal Deodoro,0,residential,false,Ciclovia,0,FeatureCollection,[object Object],,2613701,false,Ciclovia
662266086,Rua Elvira Carreira de Oliveira,0,tertiary,false,Ciclovia,0,FeatureCollection,[object Object],,2613701,false,Ciclovia
663265621,Rua Historiador Jordão Emerenciano,0,residential,false,Ciclovia,0,FeatureCollection,[object Object],,2613701,false,Ciclovia
681293313,Ciclovia Entre Pontes,0,cycleway,true,Ciclovia,0,FeatureCollection,[object Object],,2613701,false,Ciclovia
683012039,Rua Pintor Antônio Albuquerque,0,secondary,false,Ciclovia,0,FeatureCollection,[object Object],,2613701,false,Ciclovia
683033001,Rua Mem de Sá,0,tertiary,false,Ciclovia,0,FeatureCollection,[object Object],,2613701,false,Ciclovia
683265615,Rua Tenente Aurélio Sampaio,0,residential,false,Ciclovia,0,FeatureCollection,[object Object],,2613701,false,Ciclovia
683266336,Rua João Cardoso Aires,0,tertiary,false,Ciclovia,0,FeatureCollection,[object Object],,2613701,false,Ciclovia
683266337,Rua João Cardoso Aires,0,tertiary,false,Ciclovia,0,FeatureCollection,[object Object],,2613701,false,Ciclovia
683266704,Rua Baltazar Passos,0,tertiary,false,Ciclovia,0,FeatureCollection,[object Object],,2613701,false,Ciclovia
686979459,Rua Potengy,0,secondary,false,Ciclovia,0,FeatureCollection,[object Object],,2613701,false,Ciclovia
696045645,Rua da Moeda,0,pedestrian,false,Ciclovia,0,FeatureCollection,[object Object],,2613701,false,Ciclovia
700008077,Rua do Hospício,0,secondary,false,Ciclovia,0,FeatureCollection,[object Object],,2613701,false,Ciclovia
700979476,,0,footway,false,Ciclovia,0,FeatureCollection,[object Object],,2613701,false,Ciclovia
707953910,Avenida Afonso Olindense,0,secondary,false,Ciclovia,0,FeatureCollection,[object Object],,2613701,false,Ciclovia
723619799,Avenida Governador Agamenon Magalhães,0,residential,false,Ciclovia,0,FeatureCollection,[object Object],,2613701,false,Ciclovia
723906438,Avenida Professor José dos Anjos,0,secondary,false,Ciclovia,0,FeatureCollection,[object Object],,2613701,false,Ciclovia
723919334,Rua Oscar de Barros,0,tertiary,false,Ciclovia,0,FeatureCollection,[object Object],,2613701,false,Ciclovia
723919335,Rua Oscar de Barros,0,tertiary,false,Ciclovia,0,FeatureCollection,[object Object],,2613701,false,Ciclovia
750224855,Avenida Governador Agamenon Magalhães,0,secondary,false,Ciclovia,0,FeatureCollection,[object Object],,2613701,false,Ciclovia
750224856,Rua Monte Castelo,0,tertiary,false,Ciclovia,0,FeatureCollection,[object Object],,2613701,false,Ciclovia
753946881,Rua Mem de Sá,0,tertiary,false,Ciclovia,0,FeatureCollection,[object Object],,2613701,false,Ciclovia
754276497,Avenida Montevidéu,0,tertiary,false,Ciclovia,0,FeatureCollection,[object Object],,2613701,false,Ciclovia
754547715,Avenida Agamenon Magalhães - Pista Local,0,residential,false,Ciclovia,0,FeatureCollection,[object Object],,2613701,false,Ciclovia
756239442,Rua Baltazar Passos,0,tertiary,false,Ciclovia,0,FeatureCollection,[object Object],,2613701,false,Ciclovia
756239443,Rua Baltazar Passos,0,tertiary,false,Ciclovia,0,FeatureCollection,[object Object],,2613701,false,Ciclovia
762748532,Rua Carlos Gomes,0,tertiary,false,Ciclovia,0,FeatureCollection,[object Object],,2613701,false,Ciclovia
762748534,Estrada do Bongi,0,residential,false,Ciclovia,0,FeatureCollection,[object Object],,2613701,false,Ciclovia
762748535,Rua Isaac Markman,0,tertiary,false,Ciclovia,0,FeatureCollection,[object Object],,2613701,false,Ciclovia
762748536,Rua Pedro Américo,0,residential,false,Ciclovia,0,FeatureCollection,[object Object],,2613701,false,Ciclovia
762748537,Rua Cônsul Vilares Fragoso,0,tertiary,false,Ciclovia,0,FeatureCollection,[object Object],,2613701,false,Ciclovia
762748538,Rua Arsênio Calaça,0,residential,false,Ciclovia,0,FeatureCollection,[object Object],,2613701,false,Ciclovia
762748541,Rua Carlos Gomes,0,tertiary,false,Ciclovia,0,FeatureCollection,[object Object],,2613701,false,Ciclovia
762748542,Rua Carlos Gomes,0,tertiary,false,Ciclovia,0,FeatureCollection,[object Object],,2613701,false,Ciclovia
762748543,Rua Carlos Gomes,0,tertiary,false,Ciclovia,0,FeatureCollection,[object Object],,2613701,false,Ciclovia
762748799,Rua Tijucas,0,residential,false,Ciclovia,0,FeatureCollection,[object Object],,2613701,false,Ciclovia
762937144,Pontilhão,0,footway,false,Ciclovia,0,FeatureCollection,[object Object],,2613701,false,Ciclovia
762753486,Avenida Maurício de Nassau,0,secondary,false,Ciclovia,0,FeatureCollection,[object Object],,2613701,false,Ciclovia
762754345,Rua Comendador Franco Ferreira,0,residential,false,Ciclovia,0,FeatureCollection,[object Object],,2613701,false,Ciclovia
762754348,Rua Professor Silvio da Cunha Santos,0,residential,false,Ciclovia,0,FeatureCollection,[object Object],,2613701,false,Ciclovia
762760194,Rua General Edson Amâncio Ramalho,0,secondary,false,Ciclovia,0,FeatureCollection,[object Object],,2613701,false,Ciclovia
762760196,Rua Manoel de Brito,0,tertiary,false,Ciclovia,0,FeatureCollection,[object Object],,2613701,false,Ciclovia
762760197,Rua Barão de São Ângelo,0,cycleway,true,Ciclovia,0,FeatureCollection,[object Object],,2613701,false,Ciclovia
762937145,Pontilhão,0,footway,false,Ciclovia,0,FeatureCollection,[object Object],,2613701,false,Ciclovia
762937129,Avenida Marechal Juarez Távora,0,secondary,false,Ciclovia,0,FeatureCollection,[object Object],,2613701,false,Ciclovia
762937136,Rua João Cardoso Aires,0,tertiary,false,Ciclovia,0,FeatureCollection,[object Object],,2613701,false,Ciclovia
762937137,Avenida Marechal Juarez Távora,0,secondary,false,Ciclovia,0,FeatureCollection,[object Object],,2613701,false,Ciclovia
762937141,Avenida Lino Jordão,0,secondary,false,Ciclovia,0,FeatureCollection,[object Object],,2613701,false,Ciclovia
762937142,Avenida Marechal Juarez Távora,0,secondary,false,Ciclovia,0,FeatureCollection,[object Object],,2613701,false,Ciclovia
762937143,Pontilhão,0,footway,false,Ciclovia,0,FeatureCollection,[object Object],,2613701,false,Ciclovia
762937146,Rua João Cardoso Aires,0,residential,false,Ciclovia,0,FeatureCollection,[object Object],,2613701,false,Ciclovia
762937147,Rua Setúbal,0,residential,false,Ciclovia,0,FeatureCollection,[object Object],,2613701,false,Ciclovia
762943308,Avenida Visconde de Jequitinhonha,0,tertiary,false,Ciclovia,0,FeatureCollection,[object Object],,2613701,false,Ciclovia
762943309,Rua Padre Cabral,0,residential,false,Ciclovia,0,FeatureCollection,[object Object],,2613701,false,Ciclovia
762943310,Rua José Domingues da Silva,0,residential,false,Ciclovia,0,FeatureCollection,[object Object],,2613701,false,Ciclovia
762953788,Avenida Agamenon Magalhães - Pista Local,0,residential,false,Ciclovia,0,FeatureCollection,[object Object],,2613701,false,Ciclovia
762962423,Rua do Pombal,0,tertiary,false,Ciclovia,0,FeatureCollection,[object Object],,2613701,false,Ciclovia
762960700,Avenida Afonso Olindense,0,secondary,false,Ciclovia,0,FeatureCollection,[object Object],,2613701,false,Ciclovia
762960701,Avenida Afonso Olindense,0,secondary,false,Ciclovia,0,FeatureCollection,[object Object],,2613701,false,Ciclovia
762960702,Rua João Francisco Lisboa,0,residential,false,Ciclovia,0,FeatureCollection,[object Object],,2613701,false,Ciclovia
762960949,Rua Jornalista Trajano Chacon,0,tertiary,false,Ciclovia,0,FeatureCollection,[object Object],,2613701,false,Ciclovia
762960950,Rua Frei Matias Tévis,0,tertiary,false,Ciclovia,0,FeatureCollection,[object Object],,2613701,false,Ciclovia
762960953,Rua Frei Matias Tévis,0,tertiary,false,Ciclovia,0,FeatureCollection,[object Object],,2613701,false,Ciclovia
762962425,Rua Tupinambás,0,residential,false,Ciclovia,0,FeatureCollection,[object Object],,2613701,false,Ciclovia
762962426,Rua Treze de Maio,0,residential,false,Ciclovia,0,FeatureCollection,[object Object],,2613701,false,Ciclovia
762962428,Rua Treze de Maio,0,residential,false,Ciclovia,0,FeatureCollection,[object Object],,2613701,false,Ciclovia
762962429,Rua Pedro Afonso,0,residential,false,Ciclovia,0,FeatureCollection,[object Object],,2613701,false,Ciclovia
762962430,Rua Treze de Maio,0,residential,false,Ciclovia,0,FeatureCollection,[object Object],,2613701,false,Ciclovia
762962432,Rua Araripina,0,residential,false,Ciclovia,0,FeatureCollection,[object Object],,2613701,false,Ciclovia
762962434,Rua Barros Barreto,0,residential,false,Ciclovia,0,FeatureCollection,[object Object],,2613701,false,Ciclovia
762962435,Rua do Pombal,0,tertiary,false,Ciclovia,0,FeatureCollection,[object Object],,2613701,false,Ciclovia
763179811,Rua Treze de Maio,0,residential,false,Ciclovia,0,FeatureCollection,[object Object],,2613701,false,Ciclovia
763179812,Rua Treze de Maio,0,residential,false,Ciclovia,0,FeatureCollection,[object Object],,2613701,false,Ciclovia
764025311,Rua Visconde de Jequitinhonha,0,tertiary,false,Ciclovia,0,FeatureCollection,[object Object],,2613701,false,Ciclovia
764025312,Pontilhão,0,footway,false,Ciclovia,0,FeatureCollection,[object Object],,2613701,false,Ciclovia
764025313,Pontilhão,0,footway,false,Ciclovia,0,FeatureCollection,[object Object],,2613701,false,Ciclovia
764025314,Pontilhão,0,footway,false,Ciclovia,0,FeatureCollection,[object Object],,2613701,false,Ciclovia
764026176,Rua Pedro Afonso,0,residential,false,Ciclovia,0,FeatureCollection,[object Object],,2613701,false,Ciclovia
777734629,Rua Araripina,0,residential,false,Ciclovia,0,FeatureCollection,[object Object],,2613701,false,Ciclovia
764026177,Avenida Governador Agamenon Magalhães,0,residential,false,Ciclovia,0,FeatureCollection,[object Object],,2613701,false,Ciclovia
764026950,Avenida Vinte de Janeiro,0,tertiary,false,Ciclovia,0,FeatureCollection,[object Object],,2613701,false,Ciclovia
764026952,Avenida Sul,0,residential,false,Ciclovia,0,FeatureCollection,[object Object],,2613701,false,Ciclovia
766721304,Rua Alberto Paiva,0,secondary,false,Ciclovia,0,FeatureCollection,[object Object],,2613701,false,Ciclovia
769099817,Ciclovia Norte,0,cycleway,true,Ciclovia,0,FeatureCollection,[object Object],,2613701,false,Ciclovia
770273442,Avenida Cruz Cabugá,0,secondary,false,Ciclovia,0,FeatureCollection,[object Object],,2613701,false,Ciclovia
770284442,Rua Araripina,0,residential,false,Ciclovia,0,FeatureCollection,[object Object],,2613701,false,Ciclovia
770310523,Ponte Buarque de Macedo,0,secondary,false,Ciclovia,0,FeatureCollection,[object Object],,2613701,false,Ciclovia
770730306,Rua João Fernandes Vieira,0,secondary,false,Ciclovia,0,FeatureCollection,[object Object],,2613701,false,Ciclovia
770730307,Avenida Montevidéu,0,secondary,false,Ciclovia,0,FeatureCollection,[object Object],,2613701,false,Ciclovia
771496126,Rua Bruno Veloso,0,tertiary,false,Ciclovia,0,FeatureCollection,[object Object],,2613701,false,Ciclovia
771726149,Rua do Pombal,0,tertiary,false,Ciclovia,0,FeatureCollection,[object Object],,2613701,false,Ciclovia
772513097,Rua Alvares de Azevedo,0,secondary_link,false,Ciclovia,0,FeatureCollection,[object Object],,2613701,false,Ciclovia
777786581,Rua Marquês de Maricá,0,secondary,false,Ciclovia,0,FeatureCollection,[object Object],,2613701,false,Ciclovia
773053326,Rua Doutor João Lacerda,0,secondary,false,Ciclovia,0,FeatureCollection,[object Object],,2613701,false,Ciclovia
775973132,Avenida Sul,0,residential,false,Ciclovia,0,FeatureCollection,[object Object],,2613701,false,Ciclovia
775975304,Rua José de Alencar,0,tertiary,false,Ciclovia,0,FeatureCollection,[object Object],,2613701,false,Ciclovia
775975305,Rua José de Alencar,0,tertiary,false,Ciclovia,0,FeatureCollection,[object Object],,2613701,false,Ciclovia
776571549,Rua Dez de Novembro,0,secondary,false,Ciclovia,0,FeatureCollection,[object Object],,2613701,false,Ciclovia
777105575,Rua São Nicolau,0,secondary,false,Ciclovia,0,FeatureCollection,[object Object],,2613701,false,Ciclovia
777693660,Avenida Lino Jordão,0,tertiary,false,Ciclovia,0,FeatureCollection,[object Object],,2613701,false,Ciclovia
778169420,Avenida José Américo de Almeida,0,tertiary,false,Ciclovia,0,FeatureCollection,[object Object],,2613701,false,Ciclovia
778538501,Estrada do Barbalho,0,residential,false,Ciclovia,0,FeatureCollection,[object Object],,2613701,false,Ciclovia
778854732,Rua Oscar de Barros,0,tertiary,false,Ciclovia,0,FeatureCollection,[object Object],,2613701,false,Ciclovia
778867795,Pontilhão do Canal do Arruda,0,footway,false,Ciclovia,0,FeatureCollection,[object Object],,2613701,false,Ciclovia
783625758,Rua Oscar de Barros,0,tertiary,false,Ciclovia,0,FeatureCollection,[object Object],,2613701,false,Ciclovia
783884644,Rua Engenheiro José Brandão Cavalcante,0,residential,false,Ciclovia,0,FeatureCollection,[object Object],,2613701,false,Ciclovia
783884645,Rua Engenheiro José Brandão Cavalcante,0,residential,false,Ciclovia,0,FeatureCollection,[object Object],,2613701,false,Ciclovia
786325338,Avenida Nossa Senhora da Saúde,0,tertiary,false,Ciclovia,0,FeatureCollection,[object Object],,2613701,false,Ciclovia
786325340,Avenida Professor Estevão Francisco da Costa,0,residential,false,Ciclovia,0,FeatureCollection,[object Object],,2613701,false,Ciclovia
791161084,Avenida Dantas Barreto,0,secondary,false,Ciclovia,0,FeatureCollection,[object Object],,2613701,false,Ciclovia
800702291,Rua Engenheiro Brandão Cavalcante,0,residential,false,Ciclovia,0,FeatureCollection,[object Object],,2613701,false,Ciclovia
800856120,Rua Oscar de Barros,0,tertiary,false,Ciclovia,0,FeatureCollection,[object Object],,2613701,false,Ciclovia
801721895,Rua Cantora Clara Nunes,0,tertiary,false,Ciclovia,0,FeatureCollection,[object Object],,2613701,false,Ciclovia
815012800,Rua Ministro João Alberto,0,tertiary_link,false,Ciclovia,0,FeatureCollection,[object Object],,2613701,false,Ciclovia
815012801,Rua Ministro João Alberto,0,tertiary,false,Ciclovia,0,FeatureCollection,[object Object],,2613701,false,Ciclovia
819252453,Rua Rio Beberibe,0,residential,false,Ciclovia,0,FeatureCollection,[object Object],,2613701,false,Ciclovia
821123755,Avenida Luiz de Lacerda,0,tertiary,false,Ciclovia,0,FeatureCollection,[object Object],,2613701,false,Ciclovia
821123758,Rua Professor Antônio Coelho,0,residential,false,Ciclovia,0,FeatureCollection,[object Object],,2613701,false,Ciclovia
822370158,Rua Rio Beberibe,0,residential,false,Ciclovia,0,FeatureCollection,[object Object],,2613701,false,Ciclovia
823189908,Rua Márcia Mendes,0,residential,false,Ciclovia,0,FeatureCollection,[object Object],,2613701,false,Ciclovia
824376341,Rua Alegre,0,primary,false,Ciclovia,0,FeatureCollection,[object Object],,2613701,false,Ciclovia
836834959,Ciclovia Mimoso do Sul,0,cycleway,true,Ciclovia,0,FeatureCollection,[object Object],,2613701,false,Ciclovia
836834963,Avenida Engenheiro Alves Souza,0,tertiary,false,Ciclovia,0,FeatureCollection,[object Object],,2613701,false,Ciclovia
836834966,Avenida Júlio César,0,tertiary,false,Ciclovia,0,FeatureCollection,[object Object],,2613701,false,Ciclovia
836834968,Rua Três de Março,0,residential,false,Ciclovia,0,FeatureCollection,[object Object],,2613701,false,Ciclovia
836834971,Avenida Luiz de Lacerda,0,tertiary,false,Ciclovia,0,FeatureCollection,[object Object],,2613701,false,Ciclovia
836834982,Rua dos Craveiros,0,residential,false,Ciclovia,0,FeatureCollection,[object Object],,2613701,false,Ciclovia
836834985,Estrada do Barbalho,0,residential,false,Ciclovia,0,FeatureCollection,[object Object],,2613701,false,Ciclovia
836834989,Avenida Visconde de Jequitinhonha,0,tertiary,false,Ciclovia,0,FeatureCollection,[object Object],,2613701,false,Ciclovia
837891475,Rua General Abreu e Lima,0,tertiary,false,Ciclovia,0,FeatureCollection,[object Object],,2613701,false,Ciclovia
837891476,Rua General Abreu e Lima,0,cycleway,true,Ciclovia,0,FeatureCollection,[object Object],,2613701,false,Ciclovia
911290368,Rua São Nicolau,0,secondary,false,Ciclovia,0,FeatureCollection,[object Object],,2613701,false,Ciclovia
839072086,Rua Coronel João Batista do Rego Barros,0,tertiary,false,Ciclovia,0,FeatureCollection,[object Object],,2613701,false,Ciclovia
839834724,Avenida Poeta Vinicius de Morais,0,residential,false,Ciclovia,0,FeatureCollection,[object Object],,2613701,false,Ciclovia
840752280,Rua General Abreu e Lima,0,cycleway,true,Ciclovia,0,FeatureCollection,[object Object],,2613701,false,Ciclovia
854786865,Rua Professor Joaquim Xavier de Brito,0,tertiary,false,Ciclovia,0,FeatureCollection,[object Object],,2613701,false,Ciclovia
854786867,Avenida Inácio Monteiro,0,residential,false,Ciclovia,0,FeatureCollection,[object Object],,2613701,false,Ciclovia
854786882,Avenida José Ferreira Lins,0,residential,false,Ciclovia,0,FeatureCollection,[object Object],,2613701,false,Ciclovia
854786887,Rua Blumenau,0,secondary,false,Ciclovia,0,FeatureCollection,[object Object],,2613701,false,Ciclovia
854786891,Rua Jean Emile Favre,0,secondary,false,Ciclovia,0,FeatureCollection,[object Object],,2613701,false,Ciclovia
854786901,Avenida Engenheiro Alves Souza,0,tertiary,false,Ciclovia,0,FeatureCollection,[object Object],,2613701,false,Ciclovia
854786902,Rua Engenheiro José Brandão Cavalcante,0,residential,false,Ciclovia,0,FeatureCollection,[object Object],,2613701,false,Ciclovia
857404860,Rua Padre Lemos,0,secondary,false,Ciclovia,0,FeatureCollection,[object Object],,2613701,false,Ciclovia
863027564,Rua Manoel Brandão,0,residential,false,Ciclovia,0,FeatureCollection,[object Object],,2613701,false,Ciclovia
863027570,Avenida Jornalista Possidonio Cavalcanti Bastos,0,residential,false,Ciclovia,0,FeatureCollection,[object Object],,2613701,false,Ciclovia
863027576,Rua Jean Emile Favre,0,secondary,false,Ciclovia,0,FeatureCollection,[object Object],,2613701,false,Ciclovia
880644137,Rua Antônio Valdevino da Costa,0,residential,false,Ciclovia,0,FeatureCollection,[object Object],,2613701,false,Ciclovia
880659709,Avenida Engenheiro Abdias de Carvalho - Pista Lateral,0,residential,false,Ciclovia,0,FeatureCollection,[object Object],,2613701,false,Ciclovia
887539981,Rua Padre Roma,0,tertiary,false,Ciclovia,0,FeatureCollection,[object Object],,2613701,false,Ciclovia
887542279,Rua Padre Roma,0,cycleway,true,Ciclovia,0,FeatureCollection,[object Object],,2613701,false,Ciclovia
901242723,Avenida Júlio César,0,tertiary,false,Ciclovia,0,FeatureCollection,[object Object],,2613701,false,Ciclovia
911290375,Rua Blumenau,0,secondary,false,Ciclovia,0,FeatureCollection,[object Object],,2613701,false,Ciclovia
911290376,Rua Itaimbé,0,residential,false,Ciclovia,0,FeatureCollection,[object Object],,2613701,false,Ciclovia
911290377,Rua Potengy,0,secondary,false,Ciclovia,0,FeatureCollection,[object Object],,2613701,false,Ciclovia
924065445,Rua Márcia Mendes,0,unclassified,false,Ciclovia,0,FeatureCollection,[object Object],,2613701,false,Ciclovia
927715993,Rua da Hora,0,tertiary,false,Ciclovia,0,FeatureCollection,[object Object],,2613701,false,Ciclovia
927715995,Rua Antônio Novais,0,tertiary,false,Ciclovia,0,FeatureCollection,[object Object],,2613701,false,Ciclovia
927715996,Rua Alberto Paiva,0,secondary,false,Ciclovia,0,FeatureCollection,[object Object],,2613701,false,Ciclovia
930662176,Praça Pinto Damásio,0,footway,false,Ciclovia,0,FeatureCollection,[object Object],,2613701,false,Ciclovia
930691566,Rua Félix de Brito Melo,0,secondary,false,Ciclovia,0,FeatureCollection,[object Object],,2613701,false,Ciclovia
930691567,Rua Félix de Brito Melo,0,secondary,false,Ciclovia,0,FeatureCollection,[object Object],,2613701,false,Ciclovia
930691568,Rua Félix de Brito Melo,0,secondary,false,Ciclovia,0,FeatureCollection,[object Object],,2613701,false,Ciclovia
930790689,Rua Itaquicé,0,residential,false,Ciclovia,0,FeatureCollection,[object Object],,2613701,false,Ciclovia
930790691,Rua Araraquara,0,residential,false,Ciclovia,0,FeatureCollection,[object Object],,2613701,false,Ciclovia
930790692,Rua Araçatuba,0,residential,false,Ciclovia,0,FeatureCollection,[object Object],,2613701,false,Ciclovia
930790693,Rua Itaquicé,0,residential,false,Ciclovia,0,FeatureCollection,[object Object],,2613701,false,Ciclovia
930790695,Avenida Dom Hélder Câmara,0,cycleway,true,Ciclovia,0,FeatureCollection,[object Object],,2613701,false,Ciclovia
930790696,Avenida Dom Hélder Câmara,0,footway,false,Ciclovia,0,FeatureCollection,[object Object],,2613701,false,Ciclovia
930790697,Avenida Dom Hélder Câmara,0,cycleway,true,Ciclovia,0,FeatureCollection,[object Object],,2613701,false,Ciclovia
930790699,Avenida Dom Hélder Câmara,0,cycleway,true,Ciclovia,0,FeatureCollection,[object Object],,2613701,false,Ciclovia
930790700,Avenida Dom Hélder Câmara,0,cycleway,true,Ciclovia,0,FeatureCollection,[object Object],,2613701,false,Ciclovia
930791204,Rua Francisco da Cunha,0,residential,false,Ciclovia,0,FeatureCollection,[object Object],,2613701,false,Ciclovia
930798445,Avenida Governador Agamenon Magalhães,0,footway,false,Ciclovia,0,FeatureCollection,[object Object],,2613701,false,Ciclovia
930798446,Avenida Cruz Cabugá,0,cycleway,true,Ciclovia,0,FeatureCollection,[object Object],,2613701,false,Ciclovia
930798447,Avenida Cruz Cabugá,0,cycleway,true,Ciclovia,0,FeatureCollection,[object Object],,2613701,false,Ciclovia
930798448,Avenida Cruz Cabugá,0,secondary,false,Ciclovia,0,FeatureCollection,[object Object],,2613701,false,Ciclovia
930798449,Avenida Cruz Cabugá,0,cycleway,true,Ciclovia,0,FeatureCollection,[object Object],,2613701,false,Ciclovia
931095116,Avenida Afonso Olindense,0,secondary,false,Ciclovia,0,FeatureCollection,[object Object],,2613701,false,Ciclovia
946076340,Rua Rio Beberibe,0,residential,false,Ciclovia,0,FeatureCollection,[object Object],,2613701,false,Ciclovia
964317400,Ponte da Boa Vista,0,cycleway,true,Ciclovia,0,FeatureCollection,[object Object],,2613701,false,Ciclovia
964317401,Ponte da Boa Vista,0,cycleway,true,Ciclovia,0,FeatureCollection,[object Object],,2613701,false,Ciclovia
965719996,Rua de Casa Forte,0,tertiary,false,Ciclovia,0,FeatureCollection,[object Object],,2613701,false,Ciclovia
965719997,Avenida Maurício de Nassau,0,secondary,false,Ciclovia,0,FeatureCollection,[object Object],,2613701,false,Ciclovia
965739727,Rua Pedro Allain,0,tertiary,false,Ciclovia,0,FeatureCollection,[object Object],,2613701,false,Ciclovia
965984036,Rua Neto de Mendonça,0,tertiary,false,Ciclovia,0,FeatureCollection,[object Object],,2613701,false,Ciclovia
966029958,Rua Couto Magalhães,0,tertiary,false,Ciclovia,0,FeatureCollection,[object Object],,2613701,false,Ciclovia
966034197,Rua Professor Estevão Francisco da Costa,0,tertiary,false,Ciclovia,0,FeatureCollection,[object Object],,2613701,false,Ciclovia
966034198,Rua Professor Estevão Francisco da Costa,0,tertiary,false,Ciclovia,0,FeatureCollection,[object Object],,2613701,false,Ciclovia
966034199,Rua Professor Estevão Francisco da Costa,0,tertiary_link,false,Ciclovia,0,FeatureCollection,[object Object],,2613701,false,Ciclovia
966166282,Praça Zumbi dos Palmares,0,tertiary,false,Ciclovia,0,FeatureCollection,[object Object],,2613701,false,Ciclovia
966166283,Praça Zumbi dos Palmares,0,tertiary,false,Ciclovia,0,FeatureCollection,[object Object],,2613701,false,Ciclovia
966166284,Praça Zumbi dos Palmares,0,tertiary,false,Ciclovia,0,FeatureCollection,[object Object],,2613701,false,Ciclovia
966213965,Rua Professor Estevão Francisco da Costa,0,tertiary,false,Ciclovia,0,FeatureCollection,[object Object],,2613701,false,Ciclovia
966217041,Rua Jean Emile Favre,0,secondary,false,Ciclovia,0,FeatureCollection,[object Object],,2613701,false,Ciclovia
966248371,Rua Engenheiro José Brandão Cavalcante,0,residential,false,Ciclovia,0,FeatureCollection,[object Object],,2613701,false,Ciclovia
966515387,Rua Padre Lemos,0,secondary,false,Ciclovia,0,FeatureCollection,[object Object],,2613701,false,Ciclovia
966538453,Rua Coronel João Batista do Rego Barros,0,tertiary,false,Ciclovia,0,FeatureCollection,[object Object],,2613701,false,Ciclovia
966559757,Avenida Jornalista Possidonio Cavalcanti Bastos,0,residential,false,Ciclovia,0,FeatureCollection,[object Object],,2613701,false,Ciclovia
966560605,Avenida Jornalista Possidonio Cavalcanti Bastos,0,residential,false,Ciclovia,0,FeatureCollection,[object Object],,2613701,false,Ciclovia
966579273,Avenida Afonso Olindense,0,secondary,false,Ciclovia,0,FeatureCollection,[object Object],,2613701,false,Ciclovia
966590765,Rua Cosmorama,0,secondary,false,Ciclovia,0,FeatureCollection,[object Object],,2613701,false,Ciclovia
966590766,Rua João Cardoso Aires,0,tertiary,false,Ciclovia,0,FeatureCollection,[object Object],,2613701,false,Ciclovia
966787079,Rua Ambrósio Machado,0,tertiary,false,Ciclovia,0,FeatureCollection,[object Object],,2613701,false,Ciclovia
966787080,Rua Ambrósio Machado,0,tertiary,false,Ciclovia,0,FeatureCollection,[object Object],,2613701,false,Ciclovia
966787081,Rua Ambrósio Machado,0,tertiary,false,Ciclovia,0,FeatureCollection,[object Object],,2613701,false,Ciclovia
966787082,Rua Ambrósio Machado,0,tertiary,false,Ciclovia,0,FeatureCollection,[object Object],,2613701,false,Ciclovia
966798842,Avenida Professor Estevão Francisco da Costa,0,tertiary,false,Ciclovia,0,FeatureCollection,[object Object],,2613701,false,Ciclovia
968299893,Rua José de Alencar,0,residential,false,Ciclovia,0,FeatureCollection,[object Object],,2613701,false,Ciclovia
966804522,Rua Félix de Brito Melo,0,secondary,false,Ciclovia,0,FeatureCollection,[object Object],,2613701,false,Ciclovia
966813469,Rua Jean Emile Favre,0,secondary,false,Ciclovia,0,FeatureCollection,[object Object],,2613701,false,Ciclovia
966827332,Rua Pintor Antônio Albuquerque,0,secondary,false,Ciclovia,0,FeatureCollection,[object Object],,2613701,false,Ciclovia
966827333,Rua Virgínia Heráclio,0,secondary,false,Ciclovia,0,FeatureCollection,[object Object],,2613701,false,Ciclovia
966838174,Rua Virgínia Heráclio,0,secondary,false,Ciclovia,0,FeatureCollection,[object Object],,2613701,false,Ciclovia
967628956,Rua Floriano Peixoto,0,secondary,false,Ciclovia,0,FeatureCollection,[object Object],,2613701,false,Ciclovia
967628957,Rua Floriano Peixoto,0,secondary,false,Ciclovia,0,FeatureCollection,[object Object],,2613701,false,Ciclovia
967628958,Rua Floriano Peixoto,0,secondary,false,Ciclovia,0,FeatureCollection,[object Object],,2613701,false,Ciclovia
967668730,Praça Professor Campelo Barreto,0,tertiary,false,Ciclovia,0,FeatureCollection,[object Object],,2613701,false,Ciclovia
967668776,Rua Mem de Sá,0,tertiary,false,Ciclovia,0,FeatureCollection,[object Object],,2613701,false,Ciclovia
967909327,Avenida Sebastião Salazar,0,tertiary,false,Ciclovia,0,FeatureCollection,[object Object],,2613701,false,Ciclovia
967938106,Rua Velha,0,tertiary,false,Ciclovia,0,FeatureCollection,[object Object],,2613701,false,Ciclovia
967963850,Praça da República,0,secondary,false,Ciclovia,0,FeatureCollection,[object Object],,2613701,false,Ciclovia
967972501,Rua Velha,0,residential,false,Ciclovia,0,FeatureCollection,[object Object],,2613701,false,Ciclovia
967972504,Travessa do Cais da Detenção,0,tertiary,false,Ciclovia,0,FeatureCollection,[object Object],,2613701,false,Ciclovia
967978957,Rua Visconde de Jequitinhonha,0,tertiary,false,Ciclovia,0,FeatureCollection,[object Object],,2613701,false,Ciclovia
967979023,Rua Antônio Gomes de Freitas,0,tertiary,false,Ciclovia,0,FeatureCollection,[object Object],,2613701,false,Ciclovia
967979024,Rua Antônio Gomes de Freitas,0,tertiary,false,Ciclovia,0,FeatureCollection,[object Object],,2613701,false,Ciclovia
967998463,Rua General Edson Amâncio Ramalho,0,secondary,false,Ciclovia,0,FeatureCollection,[object Object],,2613701,false,Ciclovia
968239742,Rua do Hospício,0,secondary,false,Ciclovia,0,FeatureCollection,[object Object],,2613701,false,Ciclovia
968283969,Rua Othon Paraíso,0,residential,false,Ciclovia,0,FeatureCollection,[object Object],,2613701,false,Ciclovia
968292794,Rua Marquês de Maricá,0,secondary,false,Ciclovia,0,FeatureCollection,[object Object],,2613701,false,Ciclovia
968292795,Rua Marquês de Maricá,0,secondary,false,Ciclovia,0,FeatureCollection,[object Object],,2613701,false,Ciclovia
968292796,Rua Marquês de Maricá,0,secondary,false,Ciclovia,0,FeatureCollection,[object Object],,2613701,false,Ciclovia
968292797,Rua Marquês de Maricá,0,secondary,false,Ciclovia,0,FeatureCollection,[object Object],,2613701,false,Ciclovia
968292798,Rua Marquês de Maricá,0,secondary,false,Ciclovia,0,FeatureCollection,[object Object],,2613701,false,Ciclovia
968293261,Avenida Visconde de Jequitinhonha,0,tertiary,false,Ciclovia,0,FeatureCollection,[object Object],,2613701,false,Ciclovia
968293262,Avenida Visconde de Jequitinhonha,0,tertiary,false,Ciclovia,0,FeatureCollection,[object Object],,2613701,false,Ciclovia
968501095,Rua Frei Matias Tévis,0,tertiary,false,Ciclovia,0,FeatureCollection,[object Object],,2613701,false,Ciclovia
968520978,Avenida Inácio Monteiro,0,tertiary,false,Ciclovia,0,FeatureCollection,[object Object],,2613701,false,Ciclovia
968523622,Avenida Nossa Senhora da Saúde,0,tertiary,false,Ciclovia,0,FeatureCollection,[object Object],,2613701,false,Ciclovia
968562321,Avenida Afonso Olindense,0,secondary,false,Ciclovia,0,FeatureCollection,[object Object],,2613701,false,Ciclovia
968562323,Avenida Afonso Olindense,0,secondary,false,Ciclovia,0,FeatureCollection,[object Object],,2613701,false,Ciclovia
968562324,Avenida Afonso Olindense,0,secondary,false,Ciclovia,0,FeatureCollection,[object Object],,2613701,false,Ciclovia
968562325,Avenida Afonso Olindense,0,secondary,false,Ciclovia,0,FeatureCollection,[object Object],,2613701,false,Ciclovia
968562327,Avenida Afonso Olindense,0,secondary,false,Ciclovia,0,FeatureCollection,[object Object],,2613701,false,Ciclovia
968562328,Avenida Afonso Olindense,0,secondary,false,Ciclovia,0,FeatureCollection,[object Object],,2613701,false,Ciclovia
968562329,Avenida Afonso Olindense,0,secondary,false,Ciclovia,0,FeatureCollection,[object Object],,2613701,false,Ciclovia
968625619,Avenida Marechal Juarez Távora,0,secondary,false,Ciclovia,0,FeatureCollection,[object Object],,2613701,false,Ciclovia
968629855,Avenida Marechal Juarez Távora,0,secondary,false,Ciclovia,0,FeatureCollection,[object Object],,2613701,false,Ciclovia
968629856,Avenida Marechal Juarez Távora,0,secondary,false,Ciclovia,0,FeatureCollection,[object Object],,2613701,false,Ciclovia
968629857,Avenida Marechal Juarez Távora,0,secondary,false,Ciclovia,0,FeatureCollection,[object Object],,2613701,false,Ciclovia
968898254,1A Travessa José da Silva Lucena,0,footway,false,Ciclovia,0,FeatureCollection,[object Object],,2613701,false,Ciclovia
969857667,Avenida Governador Agamenon Magalhães,0,residential,false,Ciclovia,0,FeatureCollection,[object Object],,2613701,false,Ciclovia
974688525,Rua Marquês de Baipendi,0,tertiary,false,Ciclovia,0,FeatureCollection,[object Object],,2613701,false,Ciclovia
974688527,Rua Fonseca Oliveira,0,residential,false,Ciclovia,0,FeatureCollection,[object Object],,2613701,false,Ciclovia
974688528,Rua Carlos Fernandes,0,tertiary,false,Ciclovia,0,FeatureCollection,[object Object],,2613701,false,Ciclovia
991346778,Praça Treze de Junho,0,footway,false,Ciclovia,0,FeatureCollection,[object Object],,2613701,false,Ciclovia
995660015,Rua Treze de Maio,0,residential,false,Ciclovia,0,FeatureCollection,[object Object],,2613701,false,Ciclovia
995660016,Rua Treze de Maio,0,residential,false,Ciclovia,0,FeatureCollection,[object Object],,2613701,false,Ciclovia
995660017,Rua Treze de Maio,0,residential,false,Ciclovia,0,FeatureCollection,[object Object],,2613701,false,Ciclovia
997995183,,0,residential,false,Ciclovia,0,FeatureCollection,[object Object],,2613701,false,Ciclovia
998755059,Rua Leão Falcão,0,residential,false,Ciclovia,0,FeatureCollection,[object Object],,2613701,false,Ciclovia
999748445,Rua Cosmorama,0,secondary,false,Ciclovia,0,FeatureCollection,[object Object],,2613701,false,Ciclovia
1002053172,Praça do Baobá da Encruzilhada,0,residential,false,Ciclovia,0,FeatureCollection,[object Object],,2613701,false,Ciclovia
1009012071,Rua Bruno Veloso,0,footway,false,Ciclovia,0,FeatureCollection,[object Object],,2613701,false,Ciclovia
1009012080,Rua Bruno Veloso,0,cycleway,true,Ciclovia,0,FeatureCollection,[object Object],,2613701,false,Ciclovia
1010830124,Rua da Aurora,0,footway,false,Ciclovia,0,FeatureCollection,[object Object],,2613701,false,Ciclovia
1013775892,Rua do Riachuelo,0,cycleway,true,Ciclovia,0,FeatureCollection,[object Object],,2613701,false,Ciclovia
1016257109,Rua Bruno Veloso,0,footway,false,Ciclovia,0,FeatureCollection,[object Object],,2613701,false,Ciclovia
1016647975,Rua Nunes Machado,0,cycleway,true,Ciclovia,0,FeatureCollection,[object Object],,2613701,false,Ciclovia
1020109932,Avenida Historiador Jordão Emerenciano,0,residential,false,Ciclovia,0,FeatureCollection,[object Object],,2613701,false,Ciclovia
1107446160,Ponte da Torre,0,footway,false,Ciclovia,0,FeatureCollection,[object Object],,2613701,false,Ciclovia
1020545062,Rua Fernandes Vieira,0,cycleway,true,Ciclovia,0,FeatureCollection,[object Object],,2613701,false,Ciclovia
1052528723,Ponte Princesa Isabel,0,footway,false,Ciclovia,0,FeatureCollection,[object Object],,2613701,false,Ciclovia
1064097385,Avenida da Saudade,0,tertiary,false,Ciclovia,0,FeatureCollection,[object Object],,2613701,false,Ciclovia
1082321800,Rua Emiliano Braga,0,secondary,false,Ciclovia,0,FeatureCollection,[object Object],,2613701,false,Ciclovia
1105544819,Avenida Governador Agamenon Magalhães,0,footway,false,Ciclovia,0,FeatureCollection,[object Object],,2613701,false,Ciclovia
1107369082,Praça Melvin Jones,0,cycleway,true,Ciclovia,0,FeatureCollection,[object Object],,2613701,false,Ciclovia
1107370514,Rua Padre Roma,0,tertiary,false,Ciclovia,0,FeatureCollection,[object Object],,2613701,false,Ciclovia
1107376174,Rua Padre Roma,0,cycleway,true,Ciclovia,0,FeatureCollection,[object Object],,2613701,false,Ciclovia
1107376435,Rua Padre Roma,0,footway,false,Ciclovia,0,FeatureCollection,[object Object],,2613701,false,Ciclovia
1107378197,Rua Padre Roma,0,service,false,Ciclovia,0,FeatureCollection,[object Object],,2613701,false,Ciclovia
1107393163,Ciclovia Riomar,0,cycleway,true,Ciclovia,0,FeatureCollection,[object Object],,2613701,false,Ciclovia
1107393616,Ciclovia Riomar,0,cycleway,true,Ciclovia,0,FeatureCollection,[object Object],,2613701,false,Ciclovia
1107397317,Rua Pio IX,0,residential,false,Ciclovia,0,FeatureCollection,[object Object],,2613701,false,Ciclovia
1107446161,Ponte da Torre,0,footway,false,Ciclovia,0,FeatureCollection,[object Object],,2613701,false,Ciclovia
1107451333,Avenida Governador Agamenon Magalhães,0,footway,false,Ciclovia,0,FeatureCollection,[object Object],,2613701,false,Ciclovia
1107451334,Avenida Governador Agamenon Magalhães,0,footway,false,Ciclovia,0,FeatureCollection,[object Object],,2613701,false,Ciclovia
1107459718,Avenida Norte Miguel Arraes de Alencar,0,residential,false,Ciclovia,0,FeatureCollection,[object Object],,2613701,false,Ciclovia
1107459719,Avenida Governador Agamenon Magalhães,0,footway,false,Ciclovia,0,FeatureCollection,[object Object],,2613701,false,Ciclovia
1107516076,Avenida Doutor Jayme da Fonte,0,residential,false,Ciclovia,0,FeatureCollection,[object Object],,2613701,false,Ciclovia
1107522779,,0,footway,false,Ciclovia,0,FeatureCollection,[object Object],,2613701,false,Ciclovia
1107857914,Rua Itanagé,0,secondary,false,Ciclovia,0,FeatureCollection,[object Object],,2613701,false,Ciclovia
1107857915,Rua Potengy,0,secondary,false,Ciclovia,0,FeatureCollection,[object Object],,2613701,false,Ciclovia
1109759338,Rua Rio Beberibe,0,residential,false,Ciclovia,0,FeatureCollection,[object Object],,2613701,false,Ciclovia
1128460193,Parque das Graças Lúcia Moura,0,pedestrian,false,Ciclovia,0,FeatureCollection,[object Object],,2613701,false,Ciclovia
1164743879,Rua Alvenópolis,0,service,false,Ciclovia,0,FeatureCollection,[object Object],,2613701,false,Ciclovia
1164743880,Rua Alvenópolis,0,service,false,Ciclovia,0,FeatureCollection,[object Object],,2613701,false,Ciclovia
1164743881,Rua Alvenópolis,0,service,false,Ciclovia,0,FeatureCollection,[object Object],,2613701,false,Ciclovia
1164743882,Rua Alvenópolis,0,service,false,Ciclovia,0,FeatureCollection,[object Object],,2613701,false,Ciclovia
1174030251,Rua do Riachuelo,0,cycleway,true,Ciclovia,0,FeatureCollection,[object Object],,2613701,false,Ciclovia
1175625343,Rua Paissandú,0,secondary,false,Ciclovia,0,FeatureCollection,[object Object],,2613701,false,Ciclovia
1176343943,Avenida Governador Agamenon Magalhães,0,footway,false,Ciclovia,0,FeatureCollection,[object Object],,2613701,false,Ciclovia
1177251511,Rua Ibiporã,0,cycleway,true,Ciclovia,0,FeatureCollection,[object Object],,2613701,false,Ciclovia
1177251512,Rua Ibiporã,0,residential,false,Ciclovia,0,FeatureCollection,[object Object],,2613701,false,Ciclovia
1177335896,Rua Prefeito Jorge Martins,0,residential,false,Ciclovia,0,FeatureCollection,[object Object],,2613701,false,Ciclovia
1184004957,Avenida Sul,0,residential,false,Ciclovia,0,FeatureCollection,[object Object],,2613701,false,Ciclovia
1184005002,Avenida Senador Robert Kennedy,0,tertiary,false,Ciclovia,0,FeatureCollection,[object Object],,2613701,false,Ciclovia
1200826939,Rua Carlos Alberto Valença,0,residential,false,Ciclovia,0,FeatureCollection,[object Object],,2613701,false,Ciclovia
1200830889,Estrada das Ubaias,0,secondary,false,Ciclovia,0,FeatureCollection,[object Object],,2613701,false,Ciclovia
1200830890,Rua Doutor Samuel Lins,0,tertiary,false,Ciclovia,0,FeatureCollection,[object Object],,2613701,false,Ciclovia
1216298883,Rua Paula Batista,0,tertiary,false,Ciclovia,0,FeatureCollection,[object Object],,2613701,false,Ciclovia
1216298884,Rua Eugênio Samico,0,residential,false,Ciclovia,0,FeatureCollection,[object Object],,2613701,false,Ciclovia
1241145625,Ciclovia Agamenon Magalhães,0,footway,false,Ciclovia,0,FeatureCollection,[object Object],,2613701,false,Ciclovia
1273806782,Rua Bruno Veloso,0,footway,false,Ciclovia,0,FeatureCollection,[object Object],,2613701,false,Ciclovia
1284274823,Rua Itaimbé,0,residential,false,Ciclovia,0,FeatureCollection,[object Object],,2613701,false,Ciclovia
1303718123,Rua Bruno Veloso,0,footway,false,Ciclovia,0,FeatureCollection,[object Object],,2613701,false,Ciclovia
1307312648,Ponte Engenheiro Jaime Gusmão,0,tertiary,false,Ciclovia,0,FeatureCollection,[object Object],,2613701,false,Ciclovia
1307312649,Ponte Engenheiro Jaime Gusmão,0,tertiary,false,Ciclovia,0,FeatureCollection,[object Object],,2613701,false,Ciclovia
1308479411,,0,pedestrian,false,Ciclovia,0,FeatureCollection,[object Object],,2613701,false,Ciclovia
1308480931,Parque das Graças Lúcia Moura,0,pedestrian,false,Ciclovia,0,FeatureCollection,[object Object],,2613701,false,Ciclovia
1310963800,Avenida Jornalista Possidonio Cavalcanti Bastos,0,tertiary,false,Ciclovia,0,FeatureCollection,[object Object],,2613701,false,Ciclovia
1310963801,Rua Dom Diamantino Costa,0,tertiary,false,Ciclovia,0,FeatureCollection,[object Object],,2613701,false,Ciclovia
1310963802,Ponte Engenheiro Jaime Gusmão,0,tertiary,false,Ciclovia,0,FeatureCollection,[object Object],,2613701,false,Ciclovia
1310963803,Ponte Engenheiro Jaime Gusmão,0,tertiary,false,Ciclovia,0,FeatureCollection,[object Object],,2613701,false,Ciclovia
1310963804,Avenida Jornalista Possidonio Cavalcanti Bastos,0,residential,false,Ciclovia,0,FeatureCollection,[object Object],,2613701,false,Ciclovia
1310963807,Ponte Engenheiro Jaime Gusmão,0,tertiary,false,Ciclovia,0,FeatureCollection,[object Object],,2613701,false,Ciclovia
1341354760,Rua Primeiro de Março,0,footway,false,Ciclovia,0,FeatureCollection,[object Object],,2613701,false,Ciclovia
1342237413,Rua Treze de Maio,0,residential,false,Ciclovia,0,FeatureCollection,[object Object],,2613701,false,Ciclovia
1360889707,Rua da Saudade,0,residential,false,Ciclovia,0,FeatureCollection,[object Object],,2613701,false,Ciclovia
1385060913,,0,cycleway,true,Ciclovia,0,FeatureCollection,[object Object],,2613701,false,Ciclovia
1408853433,Parque das Graças Lúcia Moura,0,pedestrian,false,Ciclovia,0,FeatureCollection,[object Object],,2613701,false,Ciclovia
1411653283,Rua Senador Francisco Pessoa de Queiroz,0,secondary,false,Ciclovia,0,FeatureCollection,[object Object],,2613701,false,Ciclovia
1411653284,,0,cycleway,true,Ciclovia,0,FeatureCollection,[object Object],,2613701,false,Ciclovia
1412255782,Praça da República,0,secondary,false,Ciclovia,0,FeatureCollection,[object Object],,2613701,false,Ciclovia
1412255783,Praça da República,0,secondary,false,Ciclovia,0,FeatureCollection,[object Object],,2613701,false,Ciclovia
1417995493,Rua Doutor Leopoldo Lins,0,secondary,false,Ciclovia,0,FeatureCollection,[object Object],,2613701,false,Ciclovia
1429393047,Rua Dos Hebreus,0,pedestrian,false,Ciclovia,0,FeatureCollection,[object Object],,2613701,false,Ciclovia
1429393048,Beco,0,pedestrian,false,Ciclovia,0,FeatureCollection,[object Object],,2613701,false,Ciclovia
1430348601,Rua Doze De Outubro,0,pedestrian,false,Ciclovia,0,FeatureCollection,[object Object],,2613701,false,Ciclovia
1442605408,,0,cycleway,true,Ciclovia,0,FeatureCollection,[object Object],,2613701,false,Ciclovia
1444248310,,0,cycleway,true,Ciclovia,0,FeatureCollection,[object Object],,2613701,false,Ciclovia
1458792180,Ciclovia Agamenon Magalhães,0,footway,false,Ciclovia,0,FeatureCollection,[object Object],,2613701,false,Ciclovia
1458792181,Ciclovia Agamenon Magalhães,0,footway,false,Ciclovia,0,FeatureCollection,[object Object],,2613701,false,Ciclovia
1458792182,Ciclovia Agamenon Magalhães,0,footway,false,Ciclovia,0,FeatureCollection,[object Object],,2613701,false,Ciclovia
1458792183,Ciclovia Agamenon Magalhães,0,footway,false,Ciclovia,0,FeatureCollection,[object Object],,2613701,false,Ciclovia
1459445150,Rua do Canavial,0,residential,false,Ciclovia,0,FeatureCollection,[object Object],,2613701,false,Ciclovia
1459445151,,0,residential,false,Ciclovia,0,FeatureCollection,[object Object],,2613701,false,Ciclovia
1459445788,,0,residential,false,Ciclovia,0,FeatureCollection,[object Object],,2613701,false,Ciclovia
1474752586,,0,cycleway,true,Ciclovia,0,FeatureCollection,[object Object],,2613701,false,Ciclovia
1474752587,,0,cycleway,true,Ciclovia,0,FeatureCollection,[object Object],,2613701,false,Ciclovia
1474752588,,0,cycleway,true,Ciclovia,0,FeatureCollection,[object Object],,2613701,false,Ciclovia
1474752589,,0,cycleway,true,Ciclovia,0,FeatureCollection,[object Object],,2613701,false,Ciclovia
1474752590,,0,cycleway,true,Ciclovia,0,FeatureCollection,[object Object],,2613701,false,Ciclovia
1474752591,,0,cycleway,true,Ciclovia,0,FeatureCollection,[object Object],,2613701,false,Ciclovia
1474752592,,0,cycleway,true,Ciclovia,0,FeatureCollection,[object Object],,2613701,false,Ciclovia
1474752593,,0,cycleway,true,Ciclovia,0,FeatureCollection,[object Object],,2613701,false,Ciclovia
1474784274,Avenida Sul,0,residential,false,Ciclovia,0,FeatureCollection,[object Object],,2613701,false,Ciclovia
1474794534,,0,cycleway,true,Ciclovia,0,FeatureCollection,[object Object],,2613701,false,Ciclovia
1476728422,Avenida Professor José dos Anjos,0,residential,false,Ciclovia,0,FeatureCollection,[object Object],,2613701,false,Ciclovia
1474794535,,0,cycleway,true,Ciclovia,0,FeatureCollection,[object Object],,2613701,false,Ciclovia
1474819423,,0,cycleway,true,Ciclovia,0,FeatureCollection,[object Object],,2613701,false,Ciclovia
1474819424,,0,cycleway,true,Ciclovia,0,FeatureCollection,[object Object],,2613701,false,Ciclovia
1474819425,,0,cycleway,true,Ciclovia,0,FeatureCollection,[object Object],,2613701,false,Ciclovia
1474819426,,0,cycleway,true,Ciclovia,0,FeatureCollection,[object Object],,2613701,false,Ciclovia
706191512,Ciclovia da Arena de Pernambuco,0,cycleway,true,Ciclovia,0,FeatureCollection,[object Object],,2613701,false,Ciclovia
1494896362,Avenida Beberibe,0,primary,false,Ciclovia,0,FeatureCollection,[object Object],,2613701,false,Ciclovia
1494896363,Avenida Beberibe,0,primary,false,Ciclovia,0,FeatureCollection,[object Object],,2613701,false,Ciclovia
1494896364,Avenida Beberibe,0,primary,false,Ciclovia,0,FeatureCollection,[object Object],,2613701,false,Ciclovia
1495397939,Rua Araripina,0,residential,false,Ciclovia,0,FeatureCollection,[object Object],,2613701,false,Ciclovia
1495397940,Rua Araripina,0,residential,false,Ciclovia,0,FeatureCollection,[object Object],,2613701,false,Ciclovia
1495431395,Avenida Beira Rio,0,secondary,false,Ciclovia,0,FeatureCollection,[object Object],,2613701,false,Ciclovia
1495474357,Rua Visconde de Jequitinhonha,0,tertiary,false,Ciclovia,0,FeatureCollection,[object Object],,2613701,false,Ciclovia
1495786369,Praça da República,0,secondary,false,Ciclovia,0,FeatureCollection,[object Object],,2613701,false,Ciclovia
1497051887,,0,cycleway,true,Ciclovia,0,FeatureCollection,[object Object],,2613701,false,Ciclovia
1497974790,,0,cycleway,true,Ciclovia,0,FeatureCollection,[object Object],,2613701,false,Ciclovia
1497974791,,0,cycleway,true,Ciclovia,0,FeatureCollection,[object Object],,2613701,false,Ciclovia
1497974792,,0,cycleway,true,Ciclovia,0,FeatureCollection,[object Object],,2613701,false,Ciclovia
1497991627,,0,cycleway,true,Ciclovia,0,FeatureCollection,[object Object],,2613701,false,Ciclovia
1497991628,,0,cycleway,true,Ciclovia,0,FeatureCollection,[object Object],,2613701,false,Ciclovia
1497991629,,0,cycleway,true,Ciclovia,0,FeatureCollection,[object Object],,2613701,false,Ciclovia
282936767,Ciclovia da Arena de Pernambuco,0,cycleway,true,Ciclovia,0,FeatureCollection,[object Object],,2613701,false,Ciclovia
616816021,Ciclovia da Arena de Pernambuco,0,cycleway,true,Ciclovia,0,FeatureCollection,[object Object],,2613701,false,Ciclovia
706191508,Ciclovia da Arena de Pernambuco,0,cycleway,true,Ciclovia,0,FeatureCollection,[object Object],,2613701,false,Ciclovia
706191509,Ciclovia da Arena de Pernambuco,0,cycleway,true,Ciclovia,0,FeatureCollection,[object Object],,2613701,false,Ciclovia
706191511,Ciclovia da Arena de Pernambuco,0,cycleway,true,Ciclovia,0,FeatureCollection,[object Object],,2613701,false,Ciclovia
757433306,Residencial São Lourenço,0,residential,false,Ciclovia,0,FeatureCollection,[object Object],,2613701,false,Ciclovia
759372754,Residencial São Lourenço,0,residential,false,Ciclovia,0,FeatureCollection,[object Object],,2613701,false,Ciclovia
1011556075,Residencial São Lourenço,0,residential,false,Ciclovia,0,FeatureCollection,[object Object],,2613701,false,Ciclovia
128682906,Avenida Luís Correia de Brito,0,secondary,false,Ciclovia,0,FeatureCollection,[object Object],,2613701,false,Ciclovia
698123733,Avenida Luís Correia de Brito,0,secondary,false,Ciclovia,0,FeatureCollection,[object Object],,2613701,false,Ciclovia
775017832,Rua Cosmorama,0,residential,false,Ciclovia,0,FeatureCollection,[object Object],,2613701,false,Ciclovia
