{
"type": "FeatureCollection",
"name": "URBANISMO TÁTICO E CONSOLIDADO",
"crs": { "type": "name", "properties": { "name": "urn:ogc:def:crs:OGC:1.3:CRS84" } },
"features": [
{ "type": "Feature", "properties": { "Name": "Av. Cruz Cabugá (211,36m²)", "description": 2019, "gx_media_links": "https:\/\/lh3.googleusercontent.com\/umsh\/AK26PW49BkIkq2zY3zu_ySeaJ88PZJ39TIbgaH2i_4kD24KdwLwRMFh8Ikg6MinrQpuIjEb4RwKyGwnSRbNhc4MY-sX4LcfMUh49XJDHYWOjZLaZ-wDoxYBPfYX2-u0a5ngaZJMWmMwPt_L-RUBrkUYYjCDu0JnY44-1ymXlVJaADTCHgerDSkZegxKfaryq4Ly2RDQ8Fqfu6i2xsKG0OuYKU58RM-eknxsKeOzpv1B8U0PZjJ2fsvJOAWoLtqCXOEW1fl_b7byo6_zhSfi-g9wzekZuf2e94N95k5fGPx9RX5kFFZT2txMroqe6u5X574z_qKT28mtQKpk-UEW1l8xzNu_BH5juOh0ormWzW7WyLcPWqpPp6gu1-MY99kQG743ytU-qk9RdpzE8EI3M68lI2gFz2423E3Fd7QnieQtjbg0gYH9E0uDvzSq0Gd7AcL438xDNEg9hZkpZboV26YlFs7mg6JuaV2L0pNP2FAxrTuVm4JwXeqDansG6Sck1qFAOrSfAk1McvxugkiBO2LzvrkZfObB8yzxiLlojfZvFF4knIR-OLYYOab8dIXAOJ6PhB-TaHSGhqAdTvzCKFQo2yjW8udRWRflVhU8_qUZZ_p-r7qZAPQGDVWT_FHz_EqAzpeBANgY9G_bfXaj57xmciWb3tO7Krl78EcZ3qviaxJhZ2UBYCxyyLa9ggTvEFkOAJd4OdfTKXLTY51xCnm_aylkQfvav7NKYVApNpcOw-xTpOLN_etlBMZoKI9npjlBBJFGyO-sQ1m5dI_SDKVIwYp4EUNGrYVG1HH_ArqMzhtlqWgshasBMi8BEXJJkea3vKZMoBccpmPKgAj8gNIIOInHyQn1a6-U https:\/\/lh3.googleusercontent.com\/umsh\/AK26PW4NJR-3aVr2Wfvhc613dTYanc_nrmHKpetU1PeGz7nxbKi-sYdS0Log06l2-PeTKb7IBd2ModjaK1PjW5G1I9WU7EqL9-hxc2H0JHGwiAi4Q02vdAOiHXcEBU9x6-b_KoemeHoP0bNE8pCs6s5OILih8PVGdlFYwY4VmUeJA-XYBkB2NIfq2s5NnhwhOohHSjgek0lNuPyWdGh8ntgjb7rk1RE5Yz7upUuAhoq1PEvwI5udcfZK1SZGsXgRAYomskROFwGB-lyKBzOY5ilqs8qhQL9udnCA7psP_NT0H7xdi8q00lBxNba1w8hjWoAKU563M3B1tCSQlF9NE05JeMFxeFtQKsX8KarTSNj3BZmfJoI5jgHFziUPmsn4HZjCbs84cJ0VHpFT1CGAYCRuePYIRxAwri-8dfUff0zF-NFOyiRdK7WFIrxr5fRTVlAVv9ev43WvotfbckHici1oTT1xq0j1_r8GJpkVEWUoKsBA35yIYQJjlTTl5yC4JG2vwj722KdzhjzTHGsDp0a1uqA_xPzMUVKxvwSAG6oi295PwIXsP45qinY9lLj6pOp71guo-rGqJPP3mHGKuqPS7R9G4SzWRTr2jEwJr9tOJfLCTXlkrSBg-lHyl9_Ir8bT-cTWOlurttobdUlW7CBI05frK2bFeiaVoFp-zEb_NVKRVTbggiAQjgKY9Gthp-oEDKRcgKC96GUvUDJ_kbyZ0TeAGZTEYSQOvCfrPbJ51MiiBF0CfjZg9nwgqiExNN086iZxHdd3SyU7wH6Sm7uaW7Kvwm5prWBv9CiJSxI2xWjrb-EzyEB4g5fVUQM2JJbJIDjWrDcV8LGKJDi57Qnou-dL_Lp3SVmS" }, "geometry": { "type": "Point", "coordinates": [ -34.879854, -8.051542 ] } },
{ "type": "Feature", "properties": { "Name": "Rua Capitão Lima (44.70m²)", "description": 2019, "gx_media_links": "https:\/\/lh3.googleusercontent.com\/umsh\/AK26PW62J6CX0OHotodC9TYfhcGum03gulCd0lTlqkyMxAlH30j-3nmq0HQ1-2QptuC_jbNY8x6HS8A7-fD5vm1_AIpYr2q1zlup4_BohMPqtcesk3DX-MD-dV6v-WEKzrhTIzlMxsYMJwgBXSOT9WlfYzwII6Onw4sV58zBxqy2u0IDXEVZRTtlT5D-0tX_OgiSQ3hCBuG6MH5w4dASDiJkGt4BKvnwJ1gcWsgsAfLp5F6WoDd_0FU5tEZ85zTmJbzQqMBBnbZWI9m46du98EY5oCrhxxYh2KIk4e-aXBK3zYoyKmvZOHsjdTVyrVr2wZfVBeDEbXPzI2Fcz561yKno1UAMtxdYnEqCFNfvjhWVWq8wQpDinWcCT7tFEZnINuMIjofd9kZgxgd7jtr-j5001uCJyH-3PQpmiO4AMnsDiJUfRaIzYy-FAyigDai_UzketVPaIwV5wSS9_E5syEgf6I5wXatchpPFUWCjl4CD5lpC8nvu9LjPtm8PZA1BkkzC_rYIMSjqr2xaoSIg84BWx6yzcMDRkQvVxUYejqAZQzv1DRHA_NRfKA_l4YkG3Z3pGmMdMW1PegiTmYOq4nBLifFJNsE8JGjfiBfWmNlymYiMAaed20MaJEAt24JSqEMo_EPUNyN9Hvzhfz1p4dqViw36ioXNj12ytVIzNoLuyHFCH8bmDwx9n4SsSKQlHx0UoSAxhscYHwG4vo5S_HL4PlcCuFb2DHbrfpP_uniBlwe-r_3dAMws6XaaNzAs59R6vEYye00CB5c3tQhxp-Mh4b6bDOytfuJow8lpuud4DeEBy45yGOrX6S985DuKoQqpoEw6YhsYUvV9ac_PBzhcNrNWtAFferY https:\/\/lh3.googleusercontent.com\/umsh\/AK26PW762FMwpd0awQjX_83HzwrGwwHJ26Wy5EzWqrdN8Vtt_ad4bxUXsyqmnqeiXLWbDDljwLIChZqMtK0oiKQgsn33XiwvqNV1748Gz28E-M2ZBcztI8Jl_AWmkB08Jx1A7u3ntdT9cRSLyxRv3G4jWEB3NxDdenYE5_Rf_LQLRgFmBVMbpXBO6Dok_qCbDHgvy_zpLrh5UUv2CyH491eXV3MoVHgyKvVZ7OCMXL4KQL62Umeo4SPyH09f_szR6BGJp5odtLS7Fm-6ul6E6l_lVYqDHSIoXzEox-afztd75qLoJHgMIfYx1NXtwicpeTy0HQM08K8rIAcuVdUbAZuSAjAzkJgPZX9FX6CNbPgb9f3a9UZVj7g850Mz5nUzTCY5adeh-Vm57gn5tn4aguxfJ-puIRkFN1e8ZKH5MdhlTEgDkbryw2c-thz2ddavbkccrCPSESkKCZMvo16cS2zTsv9E7EzuM8YuuE_cltoU-l0RDx1YodeokfAxS5RqgDZ4aDLra5956msRS5VSA57cgKmqWCU8uibF6m4vbV5uPKuHCu9-mNNH33Eb1uucCk-ejBVthXtOBvyjN1UkQsLRceWL06fefsn-_mtee9CO9J9-lSJs11y205VubyTZ76N9eGh-J_YDkulz89ZCk1LV-qUfzchWEiUFwN8E5x6bez2CZ_Zji_-cTTpoXMzfIKYoDscbQgmFEdqm1g5Xjxzeixy_lxGGM4dz00VdTOPyG47q8Gopwd5yOQGopqBMP-lzdhpyWfiRAYt_iuj1MmWKQ1WdttHB_Pe-hHyso0aoFQPBP8mr97ZbviUavZDe3ryLMSHeGqP-wySbgg9fKFtWTA468Rf5_eg https:\/\/lh3.googleusercontent.com\/umsh\/AK26PW7LqSJPUtGb0PnDZpGh61BTtcZPsHhFqYl4crIfsFLeauQPm6kQciGM-XzqnyljZ1fX-1rB_an_sWT3NygCB8YIHSThUE7AFZtdQU69AG1IAHNKaLlGBfFLuCKZ38F0r3Y7lZuvA-g2N5kWG9UeTDjt0LK0s3vY6zHRCc3TlFC0WC3kW1SQs_J_POU3tlDzcWHMCyg7MbtLrzFhD1YHeGgcWTdU9hyoKCcv0yrYHH357qgYyHwp5A18L-kD-KHOIIMKnfZzcF0DHUB3SjppqfdA3UeBBTcrqLtl719qkel5kLfSUozvzir6GBujjyVOhK0B9q_UiA3AROV2vFUqpzzogg2ICo-LjD-cWTQ9pA79iaD8IsoNLQApp-Sex5Ud-ZPsWILv8RPCeO3wkTWEAkilWyDx2_ehuSAbUfsthSp22a6i45-iy_F8SEHVdEcS-AvEKbXz_6tGr416fBjOZB7WDWRK4W-Uj96Pb6CGcGqJJvm7r3xnfLHuMqYFKbf4ERexFoGETo5A7IctKhmjRujhv9zqdM8YGxpsiVujSJr7QGtcYtEl79jkVdl-4j66DQlO4AWEQ9yvCrc0wzxDvSYW6T8_WPQWDzmSrX8plEN97gzocE-XxQ9x2KCw1IeJNLTxFZWiup56jN1cZxZCeNd9OT0cMHx6xFYQjs3JAI65g1No9g2xm-aG7cnOtZjfuGUaKOQ2Bg8op3L_JaOcjxWb0ZzqB0aM7gvUQa6AZ9w9mfyl26lxMWslP3zvNpJHdjRF9_h-c437sSt2TF_UY3qmFq_fVWP6WEibgoEdC6IXT1fBqLkTaU7JXYAua5Z8UfLyo2lSzJL0pCDJfPtYRSHZwwlAyx1M" }, "geometry": { "type": "Point", "coordinates": [ -34.879608, -8.053093 ] } },
{ "type": "Feature", "properties": { "Name": "Ilha do Leite (1100m²)", "description": 2019, "gx_media_links": "https:\/\/lh3.googleusercontent.com\/umsh\/AK26PW746J3KINhJXLB70O2DP8hJdT4DDCCYSMBBNYuGrdfMesOOyLWBoNzh1dm2L6IUPaeclS8gYseQPodIJpgThvP7QBBfMlJnNBcrnOnjiFpVSlMIdREWfZ64CEf8BIxbrOiC9UpWeLPOqvSnb3ypp06BkfCBxSZpg-ZP0Pz9dOM-sK26qtF6bfmK70y2SxuDUkpwqN8DEnlS6bAOt5q5avQa7dRNeqvYlX3I4hzelh_tX5df4NdMVlI1y7H3xnsBZrWm4ZI0ZUP_DUh7foNGT22WeJNIIGJy3AVSomQlBtdo6aZG7X8htb6hYulcW1XzYsvpqy2bUBPOztxryXxq-omwTlWz1ISSGaSlbCzcbegYI5692bEaFbN_dmcuzePj6N6pk-yh8q5hLndCa4OhqnYuvU6Fk6SKgM_YeiK9hpz6vPb8dYwppAOV_lUb9oGdHEKHtKDyqFYHKWvkyPOtfHtM5A2GUtRA16DcE5taonT_i6IksqBAdRQ_PvVxQhPRY7YIbjv_GxdMKzD_JN8E7VNUtwQncRVMAGd6zSnYrJO2mSEYSYA9zeRDr6yx0ONnfA9GXxDztThR8Oc3Sn4AW_dqJgxengcO7HA36WrcYdWw8kd6eF_UfSFGU6-zmnCdBHPbNgJ3EZxLLk0luJvw0OehGBHH9StGxCrUuNImeGKeGo7ortKpVNZNu37sjOpoPc0-gJcf-drIOpe58wexNsnlUgU7h_9_-Jzss6oNdTDEtUEILohXE-S5GnOh9yxwybjAieLOwyXwA6yfRaghJabFo5rgQYsQSjqAxZ1imS-5YL76a8FpP0XJxdkppktEB5O7C0Qk702IvKzphKaFm5os_r3tGWU https:\/\/lh3.googleusercontent.com\/umsh\/AK26PW7_cHUM7g4GfWmZ_EvApEZR8zePhD3nQ1KlqobZKfBeK2Ms_jcI052IXKLhJuamGKg88ZuGtdfhcRDvaZ4FF0rS6xS5j5W3sE4BDgNtN6b59SBMTd_Glc6k6w8i7eUacft08GzbJfYn8m5WbtoSZBz-u1YCevrNrY4KvhmEt6tF6N_mMA-PalabzCn6HrG51QAD6-Wh7gpJp7_XlNVTZdMMbl4bhnkQCTEnH5jwJeDXbkVNbzmejts7aZ6bul2CSxnX8JuQf8OM7D9rcG2W4JARyFh7FdBdVCQ2d18ZfCnKLMIVWCHQzecOxkgvF4Q0DPo0_XbbB3-iyH28ZVMoMzApViYRVhLg_Tfyyi86AcFB78DhVlL_hH7UAErEl5clQiFXo9CPql1srP0Z7CmGNUdGX6YdGklUV7VP7jjKreC09GaN1yPTqD-hHROVis8H6nzvYw9vx1F6m7kHx_yhDGovdujL9La66kVaxoSrrBOQDbdk2K2lEO510VR_NmVM6z0zuXsiJ0ePfpYqjCj8mk4k7aKdiyUmKr7EoRsA8EX94OP1ae4nVqlo6bdcyVjWu1RiECep1Z2O-REImWPC8f4ElG_dFR4WSEx6kjMgw0MPGW_S8sc9GP9fkuMYMQOIIycnJ8oeYKuuFap4pgx9cRnjemJj7aHMlPH3e1vx2tts6J_orAeeTt1Qko5acfYSbC-0-VdjsQ1msyEPrjsjiNdHgSt6mPhCUNWQ3QltKL5DZ2rVsUaWFA4ynraHIugMzEb04FrpGkjQAycD6zA3d-rqY8vi8_Dj0KX8W7tFLSbMGw0iE5l5mWLeOoigx37NxfB2EkH2TtXZZi16J3_F53ZnNxz9SQFRaQ" }, "geometry": { "type": "Point", "coordinates": [ -34.893498, -8.066012 ] } },
{ "type": "Feature", "properties": { "Name": "Largo da Paz (490m²)", "description": 2019, "gx_media_links": "https:\/\/lh3.googleusercontent.com\/umsh\/AK26PW6eLbDtTnAIcEiUfgdcLAxK0WfOmZ18d5YrfmdjRyHcTeZq_K_Rl2FuXtq9105JDUfv9q2G7vu1n2MLN-WyCwctBUsqjUjEsx34yrdPsOW1crAjskJGiyvBgDtqgdBWp_U8MFK3G2XEfgfWjZRKe6wyZx4x7SxYhnnBPWX8hY_TsnFob8pfxJewlaWh1w4MfirYnwweL4zvE7MDxz9DhT3_YVfMHAcUD9vN60KeAzKsVkNrTRQ0dH9W9iapydVK4EGknMZHRxn38uwzPk-bTGIGqDy-QnhFF75qRAG5ByoTPKskOjeerW5krGKJUHbH-yQdZFdFi2kNiRTowhMedQUi_driFfMJ5E6kTsKhsuNhu1oTPAI1Myinx-Izsb6a9wcnQjO2EIw1Jh3FqvQORSPDjcEEi2ZP0SjiEFVdgaOivKWAa-iKHiI-ozOI8QK-uNtYAx1bfZuYFYqJ_tSO4UjCB8ctKe5r_kWNqkZNi8x6fxjqk9EWckz44bDxU_xFykWwScfAOevoTFmA6nE0ps70JYwMwzZ5qPoOvdeWWJV4CYxi1BX8iLfl3wTUn-eS9H0zl2pj2KK5Sypmz54LbSNCvsGLEAMtXwIegU7LhX5Tz1KJ68mn96eAEpSBkMvJuabAVZZOvQTkOGGHQsZCu2MemdE9uMGJUurWMl46EB4CFr7TCgaid2sp5wNWHPAPv1VYPx3K3XgUO4NTuNKbtaEaarjYQRQ67MV01lyU-y1-WLq1YtMxyHCHMipn6QvyhBiMJbSpVNVErrisY192K_L9eDxQsqWDLlce3bZw600r6qLRJwJxL9HDYLsGyJ3EEzDwyrgYdEarW9U2b4T1t0GM8yg9Ln1nkQ https:\/\/lh3.googleusercontent.com\/umsh\/AK26PW7cZBQzHw8I8O-0hgPOdTJb0wJTc-GCs9dH8Qk3joGGtjULI-ZiXVmsQ1FRmxKcQZJ1hrP5znLyx41Xa4QIQyang17T-cfPAlChyPLvOfFm9mskNy8SsjVsxJeb0rgU5bDmq1u8cv4ZyynoE6u2BWD-II9mflm8NagOOqdUBX8ovdwOd4HDQHWvsFVzP3evigEcPsR8zZrcK6Es2HDLN0mQd-ZIn8aHb1fVAgMIz-s9pCPNrcsLRZkrAjQouLUqIzyBkFanP_kYOIm2DMPCgvFqxSw9sA7h9nJYsBDU7BaGQhcqfn7FpROzqn9aQvhSC7oJJfFlVpfBUTM85pyPUs4OBZgmQYYpozF03OQs0kPkwJe90G479MY98lDCCRxYAPv3EHd2QxcSKFPLsB0mNB_lJzi_yHgoaw_snYxtbXGs1ZBlsYGLiE3wOad3JOSOuTxMocA2juV14D98TXpeifgK5aIRmVcAZ_c_0sH7M5Wmd7Qjwo3ihqh9B8UPNW8imvbI0kE5fmnb4A-WQ8pnRvB8u5BRSM_ZkgstLgvk5Li5ENrcfUHt2mKZEDGomYqK4ZUwLv8egoQDponpb8QiHt5LBYYj0nrRTOzKIITMxZ_ek-FuY1gI9Eyr97VvI7D8bo1VkZBNcFsYtFJUUipnYGCxpuYWsmwOh8JPMYDmGot0LQNcMhLl1ZJThhjvUVyZQCjjxvg3MhNKLBbUl0ThtsB1AQlHJRG-IMO-Oc6fNXTgsPQMW5o2sOVvpwvvmF3-Bc50J-xmpePvYlRWEqo2qKAtHJ5eDVMyKjnyLgm90m81PT6QMjizlXM9TjtKKZWdhqQ1J1YxWae69VmMuUhkk_dDdL5gpMwc https:\/\/lh3.googleusercontent.com\/umsh\/AK26PW73DmgmyAj8BcUMv_y0OeejBXxIKwz3I5N81X2h-9Hr6pDt1zMRjr0uOlBxanAqHVwPmyhBeSvsn7JZ3l5n49p1hBwIxrsFgaBNKOlP6UYWBn6e-A68J7ejxGuwNcSTXh7pPv4ytlaoHwn-g-4YtzcKZstp8HMyvXSF3Dlsi3tEwURkSPdKuYK7I_fxXLOzCL0wA6nrlOa6KQ8A79Xa4BBEveZwnu7CVclxBkO3zToR0Hu7sK4zh1d3rVD_oP2CSQCTLhknrF6M5hAu1d9g90UXvN34RqDyUK0sM6Rme04HdH9ODWfDmkiDpLhpk1jWJopz-uneeyt7S8-Fw3k92uLyRr2g5Se0zR2zyMQY5rWGlQE8c65LU_95qcDozPlJYlL1gZ98OvHf1iSJaJSTIt4tIf9ki4FbAvodCgzADZ6WWvGgMbC48Iov0qiKX5EYayCkI3fvXR4s7BK6GDrgPdJjA0j4vl8lIbXOoNsiUhGwD6Rhm4Gva7C8_-lzD52IRRAUDhotl0y8iezrlkpsIKj_zxZO0RSSkH_pqzjjS-TurOz8MC7Ode8HEuMri6abGkDacxRISzP5bp4UmcFDknxdRE1SMTzEXP0WzcVyIVpg-yJbXALeHiPpNR1e1ddmKBaUwdytqjayNtQOCii9RveBxc_KDgJMxVMyoidMdlR01Y9puN751vwg65ilrtgv9xtjP08MWvSK1mco4PQNcEmmZWEdGcABrGOmGUC89z6skeMrkyokaRniqtQzq2LWVuBd_K2S7VHIpdP8XPUAlZUCZNydK5CqVz_LgQR2Rjx7fx6a8rNoTpBT-Za_2njzk-ocAmQFUj1JYQcuzlPiW9ABkOf6pGfh" }, "geometry": { "type": "Point", "coordinates": [ -34.906471, -8.080308 ] } },
{ "type": "Feature", "properties": { "Name": "Av. Mario Mello (106,27m²)", "description": 2019, "gx_media_links": "https:\/\/lh3.googleusercontent.com\/umsh\/AK26PW4Im3qysJAchXQcap65H-NQUsHQ9OtkXTM5iVULLbVaD-h-mpgEy3n5Ep-qcV1tREtpuLE981O4oAKFbVuQrCYEkisNbhqPl7XbSai0H5Gonf9HDH7zQp_1bWAupB2Cum3Arn6x9fYM3nn9QBu245CXK-w0tA3NTAyh00xt8wdKmXfhUE761aHyeYyE2x3-50txbKuNNdPhGC5OxIrj_bWmaoqERP0fZ2U_xU7r8Fj9uPbhM5d9rI1p4dOZY59LMcDZKvy6Ha5SiiZACu4tiVlF9hh3SeINQqUDhJruzhqVSCRoY324_n0_ijx8QQ7jqLxbKofPT0t8NP3rdamX9aRFtue5BtOd9jTot2P16UFD0EIa2Dl2291G_Q-dJ1xKpMW_B2dAAC-CFcWxffJfuF-UzFheECaAICi_mzYvxThsprPbeHPNDE-aoaA2kzh1M6DjyXAvlb7HTZAS4TKRl0Do4O8TUoi0gVnB8vVImE7s3v7C6F1D4hASKUCbewUhvs0TqUwCNjrSWhjfKKRy89NxeH2yjhEEZURwGWBrmf9QO1sJcNLPmEYCIJd0JLsjbPoAlduChkx9yaeHEFmrBn5K-HVdhasS76LkVNJSKoIW_EaQfCjz7uF8J-hRjsYk0lrufZL89-tcpeDv0ZYxqSu-cYP-e_p-4zr-2JT7PNDKauDMEO8UHu3eBNeqo7GtRtWjMb8tlIGKeKzVszFVZ8efaZfFXR_1_GKX3nLE77adbTKihUVvccs8vgNuxJLDIfLGdxHQXYqU4SaORQEJCprqzrhzuQ6p6OBUonKiUm8FH25tmWK6LU8gSRqS8nmza5uindjs8rB_3kevMDY3fPVoMaIJ2BEM https:\/\/lh3.googleusercontent.com\/umsh\/AK26PW7pLRNMOjd3VEtj-TVZjeCfcuqPqLKIJK9-P3cHyqFm6jGDZ325dAQlP9Ggaasj2CUA2TkS9N940DrzcYxH1oA0mi9xsDGwEjX9RTcc68Dh52nhfqTJrOyw3QumNC9lPVptHvFe0WFRlR8qgqrn5_iu5kCy_g7aPXdaxDhCMXewd0Gs_wmPZkhG5NU5Eev0BJ5T8G2he6MatKLOK5XKUnn_71bApeadiQCO0fVFEF5IGo_es7YqFCYmm5ALZQ1sjaw0YXIAYOSZ76QyoBYTLaMaAbz6_Gd6CM82nNqGfiYwGFTejUZIv_ot-NfdsOL33EOQpjSPhGGV41O4V0CnpnOGG3agwKEuHi_Yoh6NudTsrXLkeJ3cpSx1nZbFlqOl_DmgFCQjPVS5HNZcdUd0sWRWpIDuAIJ3OLwwDNF_tfOJE9rQoXfY94-xJf_Jq9AdruEjkJT7PcgaA5YPoNwSS6ARlZ6IvD0xhUytDbm0PKoGMzvdRbhK1FWgldAfjdVsUStuwhs2d3S_fvCq6NooaTUSJvbG7x3rHw2Cedv9xjw9EEFstmp9HLIrIZM1RM0qqT9yY7QE6kSb5yyWwJvh8O-D6OgrQ6I1-IURUo_EDkyiD5e6ZvpQ4-T7mJpNkGBaXjq2jg3Iu0b1fk0Ge2Vs2eSez1tH5FD7sOiOrOKtXH-SkotBkMbupnoSslA5z7oXftv6MI883C9-2BiY3uHyfZgpqSLTLvpxeZ1p0RW9AwU9BoWYThVBjqbjgOxwZ1CGmPW-QTkeXsEYrpccq6V22Rxh3zGj7uQR8x3CoT7V4M1o3eINCzuG418MAbp88oBRC_lC4yTkn7FhJ-w2h93oB-VZTu1e2J9h https:\/\/lh3.googleusercontent.com\/umsh\/AK26PW6D31yXMbPOgtQWTl1SPseelYxsu5jdjIycluwycPrA2pVyWsZ3weePo7Ba0os2FuFbJ4_NegR-o7idr7Q66fz8elok32evqTg-_rs4_3fycXgslJbEul3DQp3mypA3U_pp7qCwNUt4IJpk6gjs7UaxQxGxli9cB5El0HUPxg5fUJ-8tsqgz5qL9kbQYXjRpxhIFK-NrMiRKKKS6uNhB7cO0RBZEzzocaZcdiVxrx4LAIAVB_AZu5s6ngc93HpI-a-VI4qZ5wD2XOU2_hlDfycz58j5SvjKZrmyTmEcfHZ7hCDNNilHxT2nLAWDijnxjo0kZ1iVcyTtey0MV7WNo3UYS56yE0BK2HiMqAssnjSQtBi5Tlv338h1Pp-3f0a6fHKszIJ5P-8Agj4SbP0OOSV3LGKUEsjsJt_F31fsNMZt2rY9ras8acjLSLjvY8jk-AqmzS51TkTVGeb-k6YmHVy60zv94U7lbfRURjO4x5bHXTuAKhIqwCn2EuZaHJ8C7Jz9daKX2XjtNZivCQeYvQ3sJdQspLHrGzj0MgPDiAg_l_6XjXk1FW4uo91x-nVSwWQAlZki62yVr7ytWt_l8TTGbwIiYZuFdT0_W-Q4MfmcgkLxxpTYKNA3w6pZB1yyN-wJ99KSWEv_oCJTCPwYDwj_-TbnKG0cniotTtQ-RPHRpX3g8Xcf3y_1BRAZrWzdjHtcosreDbxjiEo3CHWb1D3zyssxhls2D44MJTIuRM44D5FCsgCPTC_VOR-7Rb9COpAYMl-6B9NmZQlW9CF2IGw3o0-40xC1gpZLOpcY9i1o_rpYDXCUBgEcDtp2xulzEqG5mGGC1wy6a04PTkocfQyXF3U-8DkI https:\/\/lh3.googleusercontent.com\/umsh\/AK26PW7dbckUdorqGVYcDojASCc34dxEtzXBBgqmpqqt-1POzRceddhAgIgvbXBqmazgGwF7zXuQzcgDGb1qVmD1Sfr3lUvrpGLkB8vmy108r4m4kY1aJWkdraX4BceBL7HxcB9-iJPgPbjGdIxKkmwRHVLZkK2t3Kk5CaHmkTLIwCPv__SKsy-hnyfvnoeR2N424gL0HibrMUfOBZjaP-X2whUTNYSJZ9Pl5fmIyRpYZ3R194k060wQ1bzhRyVMZsYARqS0EaUttApyViw5r9y17J7BqoRQaTWfew1nj2IQuNO0QSn4EO_zZCnzVKsA2wEK3hZ8SDY3JapiPlro0OfL36i9mP6typc3MvZhQMx13Ev-Gh9k9mS3MJ37OonaG5_J2cT0wQhU_jvhkEtS63z9i94oMRggZNR4yEfvB2E-Lllap7ZL5ViTFFt_rqEjhEZJ1Lj53WPMWLW4rwRqHaKRYPpqtq_nMB4CZCnEHrEjhJyvozszQXasrfX_0wE9wP1qMvedVcutkhHCmutm4Bv1-UGT-HOLDqBzHrTb9-9AIoIH0eVRAZtHTUi1eUVn7nu6kKVNoK5bMT2O9aqe_GIxYElb9QaeN8OREjQFzJSZLHMG82dxkpG7OJiXtlWyTXWR-nhKzEXOWHPQp1BZrwKbqDUHGkI_bgVXJHOaounZRBfpb-T5iTrsSi1g81hualAf6L0PpDx19C66cRm4RaJgchz0zM5WoEfU-yn9IpXDmCqgZwtRpokhZ7vYfka-upQCWbN9OSlsJlQHjhYZ08EeAQ3HqDZivJ1p4gawIvV2hiXq4ST9GuBDxtKzu17mEzBolV4ZYIJlVGUrNgfpaRqgKtJQIDwTIAOA" }, "geometry": { "type": "Point", "coordinates": [ -34.880494, -8.054694 ] } },
{ "type": "Feature", "properties": { "Name": "Campo Santo (276,60m²)", "description": 2019, "gx_media_links": "https:\/\/lh3.googleusercontent.com\/umsh\/AK26PW5Hv8iuLv-LCO-ABxfszjdCjmEhzQTmYUBtdl5VNuwTKdAcHJUtcxin5YgHXiX6JQ-E-nzjSXKdkDrxdrU8k7dYZVGqUfZyWvUcbQL2OL4LPETZN69D6-12ffdFdYdIaOKwmvje-q-Za0Ne8XL6aJ_xKxeB4CA7V6ZFzR0AlNSl-K_sIJ0CHw0TYUWXcqcGioyijSDHtmQU3Q49PBV8WkUdyhr7sLMnu64sxGKTrRQYuuGiHRCZG2BJab_aZIXGyZILobm4yCl0JPlkF5ZQ8_VVXGd8KxgtS0UKFY9gZNe50dKtPpof42lsRNrYFx14vC2BtRHp3Vclk5wq16WPMZdv-5psCgYTWZEiS-uHsEQevlS_L4gVnYCRwlhriB6emhmLd7w--W5xKM8VO-bB-cIPD5052CNsy5Xu92YUZmyk0BovnVSd74iXqqSJ05KxC1rr5sLAAo8Rz7FZo45bszJgMzVpMBTVDv0D-YO_xYI7sS6LrZvWEmpncwc_zd11KMV3xE0GQ1mfDYuM2AAj6ddrn74kO5GliumfRDZvh2Dxpnbl9kPo0rDyv5Ps6eP0sXHe-ajgR9aV8GddpgX9dXgpoVW0TnJJzB5Dc1qKul9kZXhA__q3HTcvo6VSUrvYVPRJxyPymNMGAlOQCFZ50BJTKwMloDMZk3_7HCNa26x1XDzx4BdL9RNg4JDgVnUfRn63werfHueNIiN_D-37RPhn4ku1OX551lqiJdtNYQxwbCBv0zJuqaHVV9edT0SJp0G2mdSc_fEo-TmDafnkOdU_OgR7TfeDuWIXB7jnKEF9NQL2jMjHw7IrS1OEVzILeEzjKqJvgo5RzYINoQb470BC21XNhstIAA https:\/\/lh3.googleusercontent.com\/umsh\/AK26PW4MPvFjZc1CPzcI77HMm1pNYWj8xSmUSzK0lE8Awpm7p-SJ2QCkIGuoMwlEFbNHVWiDQdYIY8mZerepZg_uICI-vuchcL3rhHkTuEIi2sqJVwEx8bnthZydLPXmGLnh2xRxg4Yj74_PzHaCRV8oFipZzmNzXame0UXzkpl28g9DBChoiDM8NyB5mAJFLsl0hTPc0M6HOZu2_DnQlXl8lwN14rbb7sEPkDRX0NJzVp_ZpvE1YQFf_az3ZMlyVjVfk4jnl4bnEgcTLTdBnLKbzff08h27kbo6I3REly63vhwVBZipqg185AcmSRVNM94HMLMz7Bzmnxb1sH167SSmIn5rn88mgvumeFp0OsE42PN-aegnPorffnj7ZSdoDm8QioOVWOualw_L5Jv8cLl9pPEZcerUv_X2AJOJcbrljCnSmdvlgLfx6OFb7EtJK-5VGC6Je1Ajo1b3XaQKXscC5NEbnX2e4Mnsw8Bvve25y3XG6CXPOtQks-3Fd1fMhaH6Ac2xho89fPNnF35W3DhnY3aabmHkdeWR0nkUpHzhy5PYBskuVSjZOg1zpJ_qfb4nYqg_tlUL59ojbeSZ7ciI8q2Mbzne3TnL09acX0pgzi5aczWUKI-nnv6aiJDseyIkSc95Ys-eOKgPUzzcJ1WIvrgRbavKTr7UqkbtrLkYv5yGZ2-sdwVImoDGGKbKFuAoZ24DxlBFpVOVEPdO0vDPZzWvk9UL3-InTMBfHPeX0Vz0lNcGmObOYnR2KEiTnyd8221FhLgRdC1CBSQeLE83kjRmirvFKXCt-8fnYagd201-I5T2PkNxD9QKwEDsLBbezj2HRmfpUzRyN-jU0GJZzk7xIy-Ss9_lDg https:\/\/lh3.googleusercontent.com\/umsh\/AK26PW4VhHI5bYf4a0tjJYZAuNhhoOcyfwCD1Qnrzj_T0KfJ7Qiv0sJocTWdwG_HsjMcXjs8dWdQ30sjaieuOTp3roTIDEl0ufRLQTlfc-6IEilqFUegQ2d7rtAvU5nNncc8LLeQOX99F6h7e9RkpwZzfnqku3HAHNcEn0l2bxk6WlOVW5xpZsrsrae6i_t_w9w1InDcYAD_PutL2p19E-wORIgBUipwZcopVn79Vg1DcuEUo1JrNNHpweQik-7pI9T1aGPknWHuTwUmU3v7rJTHm02qtkLo50hztKvxugIQAQKU24lqvwXPopq9daSKuY2cUOqzQCOdmqDEHy51cRIeoezEr2bZ66jG3hzQw0nn_URI-Nbz1yLlKJ1G-ujqEMrcmxHcD9FchKBywjx4vKZ3vPZW13dLp6xaKGOf8TJIErt8F_EO45i4pfq_m-e7Il7sW6zzGS-u3yA7HYQIIvcIXpraEbyFD1SkiRCknueEd9fS0M2Dh4rvet3kkj3IfuCY6Kak3myNuKcWYHd695I4dZyQaBjQvrY6uJxuiuEw3KRKejPARfhUAuNOPWmFrsTgix9hg1bzsFOp2wlH9rMT03ymjFmIzfqbAoRLcRWYkjXbGbOubLHSOe2215qcb_Vn2_0DmO-DPpjPBr7q1zg-Ru_RRMP2WIWtLvbjR6iV9k_lLhGIpmhe2RdtG6BKoq1CEj0nmB84GWkJOb0NhR4VvkAM7uA_AuND3LzoPpNAI8oGaW5OSmCi6FQthdniL_g1k0bNMbE1vLmsuz2ldocrCbgnjDHZc6HwH2EHwU5OdS9uE1ttkKsxKIt3h-UVlmJrsGwQmd23rtVS87Xw1Io49yeyXx8vZFo2 https:\/\/lh3.googleusercontent.com\/umsh\/AK26PW5bjNkqou4unE9RCzvW2lLmxeviMcoVBfsPlQRIUTnUdSy3s-f90A-jSBreZtYRgAy_Oh27qBPVpKuy9EaIgbrXHhB4w-GVt5QqlpUUV-bb6Ons7ssaxkJyBbjSbn0Werb7kyvEJnUYqSvdCRD02lXRq89OrNRGvlJ_L96suOnr-HM3MJbTELW9Sx9T7UVOFnSSLkwMSx0pepMiwKpxUgUPPN8SnqEorH64464iiIXK3zCYho9RFBHtoPcdaQ1-9nrNWbdJRfeuDqu-xlg66d12aa30Vqzk3nvBraDVtxHOa84POavUUfCxYEJaeeKAcsLNQR0GNpRN99btq474Vu7GlQQfz-mjQSVWf0eGx_y_CDz2G7XQDUOhdG7ac4Ekhr9tYoH_i12_W4JUQKACJ5e3yaSuW841bYZGJlhvKKglsBH6JPDBEg7ooHBQS4LRQ8JnxEAnFye3n3qcTumBsQhJSZkNN3YKbV8zxYycTFmgacW45qLS8Dd9ntaEYDWen7OP2neVTXhKfxm_c489hOpheA3GoyZVciSkBuG14ZhD9wIv__8P50ooCnK4Ukvwix_jFV_b6yjMs2NNeVltrppPvcy_dkWj2GTUh_-M-iDdsrxxopU8z2OHe4mxBfiETUzRLhNQEWZYYcvUabmy81bOKvF7rom3tIXHckQKqkcEZ7RZAoaJU5mFsbBQem5pJTO1UTiPNmKiEomhyHjbdcXQEe1TwJ0GXWj5yKDxpWNGXS7YwVJB8bkfGCa0ryYfUEes3sTx5Dkbr1jTe6Fx2f-GFpd1zBg4e_KwAzZEezJmTvhDu9tTYCv5Fjqwf5rM6W4KtCaWQRFonQNspw3gL-PKDflCha34ZQ https:\/\/lh3.googleusercontent.com\/umsh\/AK26PW6R6mRH1GyXE8NGSw1RbwOXiGo5B-MtadVAF1IE9OlyZGd24wCzTENRFa1J-Mqm8jDPlxY5yS_nAkLDP0G0DRIyNR3LDC84xmUEJWzBH9l5YAoSgc06_k9ieMRlqZqZkr13DEpD-Sf51emYvoEsXxaOpWc5xumrJCmSyg8C-m3XO4loQrbYEXVY_UReILKXOyqbbeYMlykyN4SzdE094jHe0TUP419n6y_dyH9pcagmMD_ZnsI2zCMtNzP06FWjtVqZOwLWbX9Og20D51p5sccm5-bH0jSqV8N5lJnjVV0p2W_K4xAL14ICEp1Fkod77TYOXaKRbH7LseCmlzBuuSttiCrx7sfu8mrG95MSdlebgO_KaMS86Qne6O2L6wotokaKeGX00lsFCaGJ9fqwUfJpHpfqtnaYeZF4ruHgOEzMkTAeTCjPgX752fCVt0TZlTrniVSCujOD8uVfMnd5TZhISju3Z_fpgcIIX9n1ydjSyavBFNlA2iQrAibMJR6HGHdXr3Y56Hb26a75fAfs8n1Td-ylnUZRELeKwUInDhWDsfXSWcWA6XrKvxuNl4YYHgXkQetPHNrOhwpjF25Q0YsI1yX5dOvvZSKtuUHP1pb_it-xXHc4SNO-iRiGltGAqrBQsL64EuU_5UH5MibL6UP_PV93_IiwoNYoWq1VXfEuXMED91uoxT3nXZyPVZ_CcbmvRVEVnTuJgxtJ8TZQj50yWesnFD6dD7Ldg92VdFstV-hAduhSj5fbXrXdQHc72eoXsw9V7LgG6h7vY6uX_rN92wv9cu6GLUk3HwwvTIfWt8Gv_4mUg2_9qpQrgiMyLVzqCxwAzzA67eDPxkHaDioNTjfiV1pz https:\/\/lh3.googleusercontent.com\/umsh\/AK26PW4kWdfJPFax7TmV1lE-eE3o9pGHwHTX-kAk-i-V7fhBwyDRQGRdqB9F9fhsVbSazdW5tWg4uYDabVqg8FE2-kJ89AClwqsakS1gKZpHxoS69H4KpSpCnQkqCwRPOCCma224tMZSFsF7OnBrGnAa8P1D49CCtLVXaR_kI8hGMoEB-5iS_99sn1Iij7eSgiOIj0gT4xjFfY8fYy2lhFC5wkN-gbKM004iuXDLSTbsfstJAqNcwSYF9aFRPvWjRSDJqYbEBF7RV_CSZgG2iqP9QUQUYgeUq5ZsDpk-cFcr4-AQfAJc3pFtHa25m6QwAFzHkqjcYfSnq9LkRVdRArNkDV4lk3DalhaO5_IXFLMA3VTY_XYggeRHO7GWAGiZDmVTkyeFMjJiTKgNAdBkwIt5ZTNB_MXwwgOkA5ySXbutXmcUFT4cvep4NF0yCTeQ1bGZ5NsfW7teZXmsFS5P0kPanqvn-dK1xwrQaAM5P-AUF_hJtTDUOUdrlsn2T_jlD5WxDsyGaQcCY_tSKwCyStb_qTvt1FN_UUNYD2AZY7M0BuQ9zNgvElhiAlFyBsQKBJhUTTkWuvqUkD33aYgQFCFwrwphwaBgMCzONAo0fM0m-1URwm4JjycxZsG9UcWLKO2NJWb0WUlseJuyQEE4q5AWDfSfMJNjMYoYzjs7D0zoeU40lXqMDbQzb7ytzn_wFcsEhDJns2gXGZBf2BfKmy0RNy1xgzqhbd_KNBHaRTlBlMnZJXjVXnUX_jpWc8gDp4gtrUKMYUVTmafyaGxAU5eiZcLjlIm0dNYBvfjxqA2MPk3ithWN1s4L7EsfGcuFm-cVo3rlHkapGvv-TVlmYaVaua4vv1DisAO4Xg" }, "geometry": { "type": "Point", "coordinates": [ -34.883507, -8.050526 ] } },
{ "type": "Feature", "properties": { "Name": "Av. Alfredo Lisboa (232.80m²)", "description": 2020, "gx_media_links": "https:\/\/lh3.googleusercontent.com\/umsh\/AK26PW4P4M5xF68gbEEf8dJAXFv-nYbNF023vmuIUBimnF1f-FfKydVchpOCJU9LFu0W98hyioTtttbWmzxZKrxfe0x90pyI6RphWb_wvekW2o3g7OzJUrR39UO4kFZpHXmrifrBMSEJLdS4Jku6MLnRstjx5kVgmmmvEGGmvISjQX21A3jfdyVohUiSUpN7fU7Xwc7RZiFhXXUXYLzGQ_1avW-zFuolSPu_GLUobsjDUPmDDy1F_Bq4gQc-S_o6fpvnbQX0sX6XzNSNU9dXl35ys7bgITKkw_SBtcDUjxor5NA0pfjDTtOOS1B-Bic6-R164RcmHg0Zm2fixHbkUq6IXOqL1eLtBzg6UbqItk-5jY2wyHhsGMOc_v2rNMOJiIkYjK1wHj9zZs6h6PGixE3-qoXiOzmk4B1PmIwAOgrhTwjfT3FCMbZqYnl-fSZJiU3ArOlOupQOIz5IZfbO--_HxMeiwfusH2Gyr2Y0-lRTd7gX-lcgZx6nQC-exKy6hFkyrKbPdwFfKCY2kapLRswUXWFXblW16V-QLTrV6f6-U1N9NSiOmobLpKo0zhvxRAhJGfkU3dUogM3s36bdOqxBS3_b0tyl9ITF5ZqntlEHBcss7MNDT2MZr7s3T6TdI1gdVlspD5JWqKkrJRJEVCU1Jl8S8px12A_IqAHt2MxKl1UNJ1821TlEVuV29l2lIGWTOb6EE8jKdwh4lwG7Hx14gYdEYs_a7Wv_Jnsl5AV75l2ar9Fl0arPS6jMxtqGM2dz3d6q_fJ5YSaxMu7z9acU0nqAQUVqHkQevaLNsbv3JyFtaQ-999sb6QzqrbWeghb2OywwC4s41BnWwVPBm7kFyYcYi3PXd073Xg https:\/\/lh3.googleusercontent.com\/umsh\/AK26PW7wLiQYMXAH-kZcpI1Ztv_lcOGCbHIwPKKfyjaqNeSwdgoImC40BLZspLAOdF9ulJ6QonxLRyvHwN2oOYAwsnhqqZ5A7T2BeErLRNnQC_hqlJdkPI72TgR99z304KYBQHBtgTFZWvEJsxNFyV_D-kPTWmy0CTLjT6WMw6TKYDMXpmhHdMMHocjZXTEe1b93vwqad1JfLe9kBUMy3N3fgAraYlnonw-Lbs9-xsYmWEuY8B_F_J4k5ANGiV0JpV8ecrnz4OPWYuICZqqeKutgqfmKXIBirBnGsGkAX0r0VMHH4jZxCZZlKPWBVX8peqGb0rt8AbiW4lw5FsqNNBs9ZU9eLgqhvsTi7OCod-smRYzBBciG5WegB_SqW-oNTVqazvSv67USvDLDlvxx3SzvEZubPVjBlO0VSgBvQAVwZJrjlrpAqPYH0Ff9ZlkXjXcQmXYniPziAExDEM8vL5m0rb-7gs9yUn1H6B9PCFMVEWEcA9QtvPQ4WWfOSfao6tcsVrQAMxTdcHP0oM3eOPtVdXZt4-FAPSswh0IhdH7CoehMpwTbhaius38eje6ZAeyLnFqJlYqHp3WhSDDwyVm5IsudM-bLpiVy4O7kNEiq8M_KeIJmUv_QesobdN8SeRluPuWFiG4Mwd8fJGt7v5LDCqbCpHlQcHAGAgCF6dyZfnD6YdPLh5gD7kY8i97eYDo6QJrPwq576WtMuWeTYnSLJF3hc5bWZ5j8RtjXo11tuu7Snpuif1ZBzLwJ4YQ54-3H36pa1IUADeWQYOPBvi8qx-A112YIcbkqvveOXHtAYBt38I7FbhcdUDKMYaYwxBr6MGjy5A3PCbJ7hP3HUodCSqmQDuhl20OD4Q https:\/\/lh3.googleusercontent.com\/umsh\/AK26PW7k4slXk9ilfuyAfBtnh7HhspJwFtIWa972S-9VHcthNXhrUbYeqw_rY-rggjkWk0XCZFaMn5lkMkjy4uHLObgitG5lJEQDtxHNsBegX4pF_wlZIKusW5cDKIJEElEQBXIB56qNHIfK6fdyY_SM1-oSwd7GzE_I9QUQo-aZZ2rTmHPIkBcjAj-0YNWzdBthq1odNloEw_TeGQux1-_R1IxlDcMGFPi8WpbQYXVbPV-MMnA40D3AwZzIvDgymkwJjjcbcsWIdWgc1QvGHllNeUzRtlpqMbc1Qp4LS0Gn0M70w0dkViqKHm-WkKjQ4VHxpd2N2sHHuwJfDetYyKCWk_2dkc_76eFBeSQ75Erx1V1-YHTSn_Q0LFSJ309fbbevd4f8lyhUOPzv3b1SMQAAqkZ0Pr6-pNV6UJf6IfTYFkrgVPtLMETUWB6Fj3sTRZH6zb0luysykLpiUI_26wgyvVktfHQ74RFuH5NQx6i6APbLns6WHCzy750Cd_3CX7u7Zrjzr7XkR4_R1BsAjdpO-ykhM83rIC6S6Jg5lfbQgoK3WeZbtou2aqIwI0OjVapFFD6PnvleCx05H4BfIU3r8ylJ8lkWFN-H1rBSt0244OXbCJxHChQngnWQRq3q1C3tg29PNVLcvUz0j-cpxW56Gat8yPD39iLPoUV6RtlcYY3G561dvxyF5e3LHmW8xrUqoNm7rHxa_T2C-TfW4zxCkkmsURP1kbKnA_ABVIvgnJFgS_mdjBsU1CChdI1I74KJPo0k-Ewm9FY4Cbhj6Nbu0oDnRKz9_cGZoUlD7CFYxRD3NdZFSZoj8B-76b9Y_ZmAahzOO2RcgC0G6XjU5efnWgf-wPSgmrZC" }, "geometry": { "type": "Point", "coordinates": [ -34.870056, -8.05964 ] } },
{ "type": "Feature", "properties": { "Name": "Rua Marquês do Parana e Rua Aldredo de Carvalho (50,40m²)", "description": 2020, "gx_media_links": "https:\/\/lh3.googleusercontent.com\/umsh\/AK26PW7PBjg3julfhzmD2ef43Y46Dj1M1PKt6MuqtTgVaGF2bB-RzP0hZ3igSPJA5RYBIEWX6CrvwBDF-ujUZjfGpvfTDxpfkobwqvFNaEx8tu87GCryAmxNOxGzopJMAlumnsWouWiRbC3LeIAFUHoqhTccA20_gfC363sv5QJjJVmJgNnVM3lGacuqj4TFyXYQ04_euNPF0_tGmcQVrPsI45xBHZjRt0Jran5kLgMQ_lBj0QnM7eyzxohRUh4-XnRl1An6WCOxsEmIzsDXVbIGlNq8TkAMJwpUQGoh94-TBOSp21PxDvOxeuaSTC4jMZ3J-AxxxuxpJEgEJllYUjX8Fv63Prd7wrwARrg8UB4R_7keVGviUNj3zHL7iaPer2tCvRuGi-aCk2ANcTSCOGS8Xeh-Cz0MXJDxL5gJLgLNUPwTDKVe3HFZHJv1nOH3OmXtcpv7NpG5CM5CjgkkGkhJExhMPRvBemQlyrzkMWj5FrvbXSdDUYROesKk9smUxR44DgbAntRa7CCR4h0vCyboO0sNUie1HkUzicm25CRtV9F7mxuTes-_W6gC2mMdSOUXy8YPnC7BQ3ESKkNj1RU8CazS4VXAepaBBapnxGt-_C26zr48CGBtI8StjRCAAF4bYQL13khVPNKicfIYRiqB5-6SO3l37S16zHxk6F6WN83OanjIK52cBCVYI5XLybCiMWUnS2yRCgTjN-s1CDP_oHQeThb5O88MJJXWAhh_-I9_wXrF10z1CJkeM0bQ135WgIOBv8lCLg_VVMT0Nmq_oE8DUvt2OD7qVjNf0_uZ6WMFla_MQU2j0zQUo2sy4UBUzYkI7_JZbv0Tiy0867UKICE7a7aNmPOEDA https:\/\/lh3.googleusercontent.com\/umsh\/AK26PW4QxGAvFxkIbv9VgWZ-21CDbmChfQgh2Uy9VGt9ikINrK-ZePPIRPajeQJh7HM-1ipr1k6vbHzCa2rgNMbbi21c7ok_LXytTd3D_S2XYLQ6zkiX6Uv_7Vsj-pHberS2eG8sto7MhrtUjz7r07mCHhMyQaXsm0ktxl0YOtgnT4yvobR2hOmJ-a3AI2btlOL5AlhxjyA-6TwFVqeU4WDy7vvJvODPu7TNLwaUBCylq17xBtaYzkRW9-DwWz_H4L71HGOaoVdxy_5Lh8llE0FyGyC8S-wKFoJZPtSFX7IYgE4Kkt5w5uWLG7AYXsuoNscuO1AHO3-mIVT48gRtzvL4roJKPcXDIiqQ3gfS7xZBTzWgGbYD6QbtDsiWRfR5Ffqusgu-KSv8WjdPuu6J9zp9zUsVR4R1wX9GFpdwb9Nqkg_L6YvAK3WQ8RqaVanUooKAHoQVA3mbrdT_-1FlMusJAHplINVVKOVpepRnHFp3phPy6_0UqQpp8ISQB5NLpJKOcy23Tu_HNnJRBezS9GOgMmZFSHlit3LdFbHJ6ZHcwvDpxE_iiPjxG0cjQdzUTb61GRpVDCN_zcgdZLfXXMOVHIVw7LZVzr5u2sZtkpwVwN2d-UOWgpZoWyRx6waTn4w3by4Px9PKCbJ-k-y4DQyD-L3ff1TkpeNqnFixVbwouqh6bzfotlUr5CENgmSnhTdRYtZ-JhDh1_qvbyf5j0a6ca-RNhbJzTwgMHNL7dYSiaEDuow4_Hbi5HOVuy5gm_GUJlq9zcEJ3CpbkSwJjzcooXu_D1sIqOxuztpvr0sIg_DXygJ3s_31mBTV5jYGxnAaILULlFfcPCs-qTyoUw90j0TBA8aEmc7P" }, "geometry": { "type": "Point", "coordinates": [ -34.88919, -8.041845 ] } },
{ "type": "Feature", "properties": { "Name": "Rua João Fernandes Viêira e Rua Joaquim Felipe (57.65m²)", "description": 2020, "gx_media_links": "https:\/\/lh3.googleusercontent.com\/umsh\/AK26PW5plvgI3YUraX5LEjdPZxb8GjxEL4-ljRz89wgY-Nnn58BWfi-cLlqEaYe1mwMFTuWK0cU8kE4sQI-qM-2gwytO5ivq-BZax7FScrsSed8DQVWq-Wq2ao2Pnl501Tr1wK0wTNUAqFlrLgKBpmstodjYmeAuciSSf8rMvBKpqnvOd3nLNp9XE7fyeAW0rE_Jo8eWkSVVU4x_CiFYW_dqhtwJdjbhtSzGjG1owSegb6KFRKdSnXKiqC7ty7FRs6XsH8yywSICrYT2rS5ijtbTPfoiUK14syafsdArNd7qLOguWDuThJkeGfieRsq_X7XZ6a-pc9tB4mAHGol3g_ky7NNsgG44UE-bCAmlwW5fAhH6iKzNvNYcCX68JBfWvoGSugyznWeT6hLrTlWgxpXPEZkrAkE-FoOeDwCdlN6sCZi75pELkaAwp1YIHGt9SBFhyFZIK0_PUYDViW4P9GcIuGjUhSSuAavti5oDpqdHpbV5iqYvDjX4hgydaarL_et1xe1tsYf3rWHKyD0RRv_fzA_aKKGevaz9196bPmYwwCJN54Ct27R2oqdXSH7WWRdlG_gh1Nn9h6nHjJcYnJn5-X7E_cMX2bwRf7pmc25ECeLAu3uagFnkKItVu3vKfHsyxk_A79ZvbzvzTzKtJfk7ibK5KsOmBueALhf9cBEomRGZ6sKJhqTKKNPpur6MaCK7n70ZplKvLIZe6c60nwparT-WJIcu3t7l8P7oZrU0K6L2DoK9aaiN4tgmLwkZXMd_7haG9vekvFsZ5ztVT-gE_AwOHmfh0eFV32tfustVp55bnL__uczIcpiO98ydOj9oMRaFJ1Nu6DYTKE3nfz7mK-bR81g5j0D0 https:\/\/lh3.googleusercontent.com\/umsh\/AK26PW6QT9MiiCj1cfbouVqIxQIDYZ3RlgMBEkuYlnh1AEBK-eBkCbiB-NuUmlfJbEdOCE83Q30GEjqHnGKCl0luJzgCFGlwLSDKWtKSkaCrZaf0zOpDI9dMVEr_JKF91wDJuG4n7fGnaGsjeTmg0ZlRwB-TpGpEO6EmVMsuamXudQm-bTkJOT-A5JWOqikAjNhjVXQ5ahRF2hiQ3on1Raq9zmRYTVrvRQzKNXGoWPUrd2apUQ16eWacxWcr-eAzehBaO7kv2o6zSfkCAXNlAPOCMGP8EmJV3nPCvGAUCSRi4ccKACbdZw0ChN-qReiDZCgD7g3Hzby29xLz6cdGF3eYpWgepJ67XRQeZixDtDzdCM0fqjnHQ9_vKkgC_zvizbG6ThdrZDy66ROr-YJLX1Hd1jouKdMdi8q2L3Z_zkGWby5gLIuzxfkEA9GTfx5F_TecPDQA96of0Rk9UVWqL6uzCH1XbSW4XQEywFmPVnVaWiCJEw08yL6dUJhA_LEAkP2TSDupMhbBLRVeK_0Uo1sp5iBQ9YsT-cy9S08eIm_h4m8K72ckeIeCXqCWdCE8Iy5U-WypPFATPUu1DmdgOU7Ei56vsVaH2EkqltIA7JsSVfPaDm5scVZsLgh70hopCQ3zzHa7yJdGej5Yl5dfsAZHNgDONyrIhzPhf4oOgdAeusKccpmXCu9Ir_hQbHlr80LtJDZ3R0E0KvCjrBV77qa6elAG_igktakn19c4pMjKqxQ7iF0K6RxTvzzwc_qDbFJMHpOG3xBBxYUhS_xoLDwrsJOio454Olv-0hHnfvkiK6kIk-EUIhd_QNQGLwIdmJoESI6ajKerHwupgmVZjBZl4ncJ7OJRT5cD0Q" }, "geometry": { "type": "Point", "coordinates": [ -34.892274, -8.052646 ] } },
{ "type": "Feature", "properties": { "Name": "R. José de Alencar x R. Barão de São Borja x Av. Visc. de Goiana (219,15m²)", "description": 2020, "gx_media_links": "https:\/\/lh3.googleusercontent.com\/umsh\/AK26PW5mCYqRJ-OGIW2VJrJP4_sfZ8vJDIN3Y0DMa52ZIWB-KHmmMMHsy0ENaX_ervOkTiG_Fd-4Haf8f97oYhdp87y3hbvpW3wa_LTiKvfXysMjPo5Njr1jpNU6HdJXsU0ZGxl5zltAS5kjsT4YrYkSnnRhQI2tclp8ZdGQGpwlogqnILqAREnB0Ud-Ae0QmG6lrFt9jTUhe9n7Fq0kSqSs2VMjaib5SSOuzs4t0fX0aPRFXktiNzAstUv7WPU2dTzEJI7nZ3vUuimgendUz4BmOJ4gQN2UQAAJDsWrkboYreHF6vqfxAmsIl2XhhpmKy_RsZ0ZdND0bF0BaPclO2BR4oxv18aPaaP_ZtfV8kfxIgyCQFnpQW7P-Wsbr2Hb_dlY_RrHalIMB3dOmLc-hU6AF9K_55G5au8BVm8G8KzK_pIXeKUZMhhZ4ZEmIVa7Muphlq-pXbZ2trshRx6DXKARFeY1q6ynLro_5FMynyixaXTBsQIjY86uLC9nMDKTodv7HIQGzXEGS8NyBlVt2cWdbSq886q3gfmmYjH2Iq2f0Sm3OO8F-NFwJm1_D8h5_JFU1iM6evwdSdY4N5MigTKiLX0G6odEo_P2AhujDw_CVpJbin7Ki-_AMINldJ5GFfauCPdmN4ugNYqg3zjNt8flniTFzy6_1t36LOyvvMR2Di3pe3nxU0kiounwIIzmJK_Uj4omG8ZAcYAAzIAsOChAEII0FeeIZfHWPlWaMwnlw48-mV7123GhdagfVAAhDqUSDBPxz16HsH1sWC__lLyl434dxMsD1r2e56wLx3S7ag47sFiNRek0h2pF9wLxV-Hi8UHRbl3G5pR2mhH5f1MefPMixwwK3gKm" }, "geometry": { "type": "Point", "coordinates": [ -34.888804, -8.061293 ] } },
{ "type": "Feature", "properties": { "Name": "Rua Dr. José Mariano (60.49m²)", "description": 2020, "gx_media_links": "https:\/\/lh3.googleusercontent.com\/umsh\/AK26PW5ch6GaY8r8TjZdyQrlU5HX4LPh8wscDv5MkPvI10AM1eIhauOYn6kTe8gsG30teDt2TtrtoeHs38nsRFf9aI_rhiMkC9_WuS15fHYaMNEY5oRsXuKwRj_Uz-MELayjo2uxr_LI1ZLZmjojn_-v9h0G1OfEQ3gkVqHthUHSBmlURo5Yd4eyjgIzqGxtzvMT7iCFcx_vLg9SZFvYI7dZ2FsAVRCu7wHkFwIyAbyllPUcVTnMLWYePyzFnOIEvaQsZ6Qdhj4NvHbhYkt6ppmrbM9GT_xJctS-7jPlBtSYzPD8Hs70wHOJmGRwM7Yhtp7rMaziFUjM-NarMU8qUEUgQjiw1Aqm7IwxXMGg9wPAfsy2VhYBnyJJ183PTcQUms1_TM-GUHPpu_LbEu2f5TUxF5ZYSwtbu90FhySMKQ5qMmf4ITrM4_kf6Ybs9REriakr5D7IMJa8MYG9RxLvnISVWih5Hd_8LV1B7DKiNRY6uq-lQLOktdZe_eh-EfwdPMiuBZtoAOsocTqfUlw3Mhrm_bvPcMXlhy4XGj_PoU6IEG6uQa39rOopd2jEw9knGCMWKR8W8ur86cBUsi8iOvOxArTajROdO-CXsEhIYK6-G_v1xs-U-SvGuKNH-IXgs5o59hTcjIQkZymUjoIQSqB4FBvHe2wad0KDsX1a8FX-T6harudgXVdMazXASZN9of64dDiJwgGAQHWfbDTMugEhO9Avani8hCtzJc4rgwNDndxGMU8pw984pSnI0AJAIYcmhwzNi_ZwQFqZBRuwzimajz6uzaETjCkyUtNvtCVf7GNHedngeueXjE7O3ad0rj99KxEgTRNtqnYBnJsJxJ9OJrhplxmS23E https:\/\/lh3.googleusercontent.com\/umsh\/AK26PW5W63EnOXykh4Eo-qStRUCdd6E45gJEpO8zSeBczYBnyRYnrVJOj_93V9Lg3BbOau5rMjyZPihiu8Cful1OoXHtgOeGZ09r04W7ku5Tjh2NSlR4pX2SrFnNiCJ4Jq8630crkbi5XK8exWXxJbXNLC42kdzkxfO8UB4TS2xjWyltrLiGEKOwd9NCHgbobJz5EgKyIlTtr90c4rf1g3Qm1sAmUJFhY3ovcRGif4naKItYr5Qgy1PiwcHyKLNaXnlECaBZmI7FvI5e5sCmbHVBWpZEsDboWSnltvnBqPcLjOjeNl_IRYB5HbiHx7LvIqYEuj29vyaAcwy6LFD7Kl8hWAngzsET5f6q9fWkyLi1NiMsb88eWxwWMGPWs8vf0yEsvmnJHQOy00vdWKxzRehgUXH2RHeSox2_clmnYz_s9OkmGqwI3uPROEbL0be9d3Ba5dVNe6SB3YJma1fre78qbMackUokDKIq6wM6jdGVK_A5o9PrCGcKwgtWwqeuR6wuFhDL0GUj9cZL0veqMHXx8QI_sfsW2w5NIVkNC9FdDGKop-uBa_VOiPED1PRwwWU10xvS3vEs8IXyIs-SFWZK0ckTpxvHCVoZ2CUN_dRb2sYaklBTcWbeBa8d7FBTRekC8GZRkP0hf-T1SQ_QhmdPsaKeZUeB4lzOVyv4Vf7kLyL0-yuoS_VyfB6Fu7WSalzZVXiy5OvGT7vjLbH0q3wWdjp6iJQbekJTJbHo7dmAS8U4UPy22Moo1FIn8ED2hbWq4llR-H_OU_O_Ome5171-tKHPr-nz8lsgwtPyP_enVLgBHpoMYhKjIaazvzU0DewaPIfGeQy3AgPrOumWJ4ep_H3HqvWO8gGO" }, "geometry": { "type": "Point", "coordinates": [ -34.889484, -8.066288 ] } },
{ "type": "Feature", "properties": { "Name": "Av. Hist. Jordão Emerenciano (423.09m²)", "description": 2020, "gx_media_links": "https:\/\/lh3.googleusercontent.com\/umsh\/AK26PW6BB1cUrHVWbvOoyBNjg8f443TerNtrfWpEaY-imI8xsoZamLEcRN4nXN52PEU3iI8OONLS7PZ3ZSDhWHfpdwTYxjrnZCklIMyB3GN1ME7zjkSkdE_dVL35QT8jwTvBosSXx6nH5hqd4ooKIeFjjlSl0hPejqSl0b-zYtmPB6AafP5sXn8ABGBTYKHJgK5aNHWjRfj3Hm2tUV-yB8v0rMpBHEYu4wRkFRH6NLHZVa0yTjKy3iD3FjxqMk2Zv_E6wNcIFaosviirIuUbAbX9w0mxmmZu7pgOQttE_dwT1MGDJ2VS_u2XQdFjwPGEMa5tXItAggrCnCxedA2Pn4Y5WCiLyWzRMe_cJuXMPwpjv7fBUUeqaHXnRhiQCmyC2Ad7zha01zqlyQTu3kujx-uj1veV3XiHScTzIH3yxTY0y3Rreqkn65l4OoZUv7qfFGzIVPvgUcQ81Gy8GWanFoJdl8F-EO_mfrfSF9Uh8ZEWZoAY5arN5tBz1fj8JrseMFoETQXWSw2PGArPk59UXcTjJW1H41TUTEw6KLvdUKduUk-f1qb9RXzzoGGMkKpurDq-mYmTOTLyoPePsyvZqnvg-gVxBlaAIvqN9Gb5wazs9fcrv0Oeb2fhrQolU_95j95J5COVYO79JQaFGtIHl6oPdIxuCiiQPM3xycMaiJH3MtO7qRBUHXMo-o4EGIVq-gSGHMxyJ4-z85uovP_D1PpTJvJM4hyulpXp958Ed_WkOv9y7GRg9Vt752wog4Rg0b7fInK2_krsUyc57Hr9gvego2zomf1DUOzyJa26HH0mswaImeAl4k-Joc50GuB4qe4imMl5hCVBmgyzgb12KpwXekvh4gGrHVo https:\/\/lh3.googleusercontent.com\/umsh\/AK26PW7bZSNHLg2eDTw1pAPUfIMpzINgaAGTBT3b_w4HQXIakDJsKj07tiQS8KAm2taJ4fcQohXolcgnx1IzayfftgImvKRI0HiKle1rlI6eaQGcWmYLAjXT5V0ln2ogiCGk4BGAQ0aSZiVBTsO_i_nRfbe-T_qPoJnMbxonl4JhQYBZLYOrF1ztBtsanc53dFhsXIkptegV6Ivj7cVaZJrfe1MBst6pvEs8saQhI1C5-z0VCzsQwPghghXKEgTAcvgD8RznfMvmzaywCUYn7CuzZ-pAG340zEjyfujd3yVcInKe2iY0RioNuGUChEB3Dw_EsR6eMla_B7-05kii2rqMN8gmJepE4xOZFFKVuf6Cs_xp-8WLjP8JvXSl6TYxGmnzXu3G_1FSHnemRjcIgDxM6NDyzLkXYZ7k6eM6Xm30rdmMfJS9mB4U55UL8haxK-DTLsWFP_QUMXW-GbCp-13N3oAgJ7p6x0W1yfPUjzGSx8oVQK7G4Pr114nZD213AwbVUOGzfflJr2Dyy55q9xaYXNpWhfS2gP9lWPI3HR3RfEG3LM6qup_PswZG__9ZAe4NiRewlmfz4ArIo7ctErZ4wBJ_-6gGv9Z4mvhDVDoZIr4OIuTdLTek5vyauRqv2WGFHKUhXljhNBuovFNISvTnyZF5l9gTIDafPVnacv5Ea9L0OvMF-7xvsTuk9CgCiOy8qGJObw740vhotMfOgcGuxTlDFTrEKBn6PH0zCM9AMI-VuQVY5NNuWisbKZKgRRghV6ntWfxRPv2nUteuO2RkzwFKdeg_-9NUwty5bG_-TnMkW3cxR7cIqaemBX0xkI-WdnUqmuouQxJC09uHe7oXAD32BOs-BDI https:\/\/lh3.googleusercontent.com\/umsh\/AK26PW7FNyVYwtqulhfx02lpZaMT3rtNMxKj13_TqEJ-ya9gHFpY_kof4Z3uydF9SFYpmagCqGFs0vSB3gZbNhjGMrlOeMNAZY0qqXBBTxvRBzjBatK340fRdHlGADbldEHHxJ3JIDoMZ1dbGb7JVm9nCF_umLij4N8JPzG9OOEwuViGoPBhffiN5Cdoq847AlLZXTf7jpvlQDVDd9KE3Yzvmk6bUZgi-r2RgOQ9LafNCjp5tPCGiOOh1Wl3cSBFSvpxLaRnXulYJbooS5SCvNMVBWnTTLhb9YJ4w5TUAoN5qdiNya8hlCCehwi3HjWi0gg89laHzdqaA8xO05LHgTh0-OOHuqtyLQ71YrdwFs9mlDtF8qnZR-TpNOX8CJWTenTT5MsdxlmPMFCIKLWOsqBZbl5ZzXKdTOXWkSiJ6wiGdx0kEFnsImKzGsme7D-Fhdu5NJh4RUb5Iql9nHI6bluBNj4cja02itOPgg6WqRQcUkyQ788tFJk1qq8Rits22zpvenQkUUJmHkbootziw048dzHoFMB9Np0NrZNXen7BeCFvlFfc6Rb7mGlshTZsB5dN3DLI4MBjqymS7NyBmjhocS-u75gZYVTKSnx85G4FrYzqVFhy_mPhTOuFThs_cZNJG7wYyekI9Ao_ckDngLsMNhbi5bKxkstwsfc99Il9B2-b371szeoEEyZNjWaHpCk6Vvqde5kKPKMO_EX2A8GOFiKgpwGWBvHpr8L0WQaOAQjO7AS_wH-W7WWvgexaE6bt41HvxzadQ41Epo2J0A271AE81yYXGgm2eHoshs57VYr7vTdIReM-COhLtJavgnjzAiB10dCxEc_00CcjLb2CBFYs7XLcOZ4" }, "geometry": { "type": "Point", "coordinates": [ -34.943207, -8.036048 ] } },
{ "type": "Feature", "properties": { "Name": "Feira Nova de Água Fria (101.07m²)", "description": 2020, "gx_media_links": "https:\/\/lh3.googleusercontent.com\/umsh\/AK26PW73DlG04HbnEpOtwscdMPPXSjz3swoaLWJme4eUCXJGPyO-CImAOcJlsAkSx6AVv_AJh9d3poC4_WUis9MHtELqEdwGEFefwgn9P7HB15M2K9-H0C2dMtGwBHipgOo2dbeEIjO4ErsujdFItwEzD0GjmJqoOxKGNWVELjl3Q9ArHzSwpwUX7N-QsYYFJf5y3Pm_BvLWmyCwfp9HRqAa_oeo5ij0yeSgKEkHHao1iJuxtmc22U_2Qh_HLs7pzxIv0JIUXtjXzWGXwxU1EDPCNpiUhvQlkgHPd0QFrjsXQMGUgfhN0dI7mb5DbU26xDXdsjKYyfbpSBKZjZH4xiE6-hUr1mcD1I2U6MISfmvBCQsmdQTIgIzPPEtYMKqZrfKPIHTNsCW3CP0J_N8SogPnaQ_HSNAiq0SyOdORu5ogcrKdfNP9qeMRlVNFBbCh5xDEby_tLA_DDkqKA1TlblSG6MbtLm9j48sfL_LVWc15daRE6pozAKehFXxsS0iIPThOe5uLSNmFP1Mj1QNtDRPaw9Mp0p9cOLUUKv9xxr3BUvSCoERd8J6Ud35JuXawXc3yy-flFNfwPPOWrXy1k6eIbIwk5W_nrBqgzsI7vj9b8B2T35jVXgpcEMK6nlRDrJ2sWktJ8q8wh33vjzDTfq-4Ck3txJv8Ies3ZB3CWZLqzBHLLSvQ7fz__bLiRhbGFaV7HAPzl4HKH89r2zT-f2mpIJDNv0FJ5GYckjRQ8scug80NO2_UrPz50opj8AZvpg7ynr9Y5VrNc4v05_WsMNjdsh4wdx2NlUw4kh9wZdi8d-OQbmDJIpu8-IzCfTEa77daF2rFyoxBG33UeAP8mczv2hy0uuIoKFqfAA https:\/\/lh3.googleusercontent.com\/umsh\/AK26PW5mSiKDSSdA0_x0M78MiVouoG-OQDE5csKk2vZqM0Y4-9JX-kO5DMccjTPLkdGGVPrZ0sQJap19cz5gKq748GH7LE1xjif9ORnuuKm3IZUblT-J7KPjVKZ4bG_7BJAS3rzaFEUBaLV_tWLUgX4s8P0yW9R3zNudun5ITTXkR-q2N2xJ-p8Wui89RaC3dUyRDb4Fp-8EoaQkDUBxF6YFUJpeDo0jImpuzG0q2NQ6PKMnyKf20YLikTIF1qxM42zBj7-AmIQdY0UWmn4wOBxa07SBMqqLzSspFKXO2l4Da_TyCckDL-p1o_923ZoU6dLnMmiLvDi81eJ_NnPwIouHFpyfHSIWH57GmcGGAyxCzgbDhz0umOdW-LgN1I_1oCpP_y6sSh6LCUQAQwW4d_82MOeWBgByArMwzaKZsFNxbXWWi_Zihs9pJKB3wMnXtl4YdF9C9z5fwcnw5euyqaxEM2P19_3SuLj7DfEOnIG5rP_legb2HwzPIVgGNoJ2aqW7xKrSSyzqMjp0GIoU-XruN5siDQfZlr4BKoT8YNEfDLimzgO3eNFz7rn_JmZPasnIVhZOCOS2KZdewsFvm8YHoI8mEiern23ab2pOLH4jFJj1mxV2uWUO8kjxdzU1-9JfodmtOXuUdgnFKKLQW6_GQvjIKyPpYzWA-R7w8C-6sa-ejS1qmwJsCw6SuegRgNr4DI5ppfIAGHuicc4uuuuBqOpngoYAwmKXJTyoLJhRK5Eh65MZE-ACZHtI-aQImk7hJbWF4doYmvOL0LN45ruybBLrigel0wpzPZ6oVSZw_YYEdxK_P-IA7JSlevEqh79LAc5aoNNIKh2l7jd0JjnBLCLheZ64SmciJw https:\/\/lh3.googleusercontent.com\/umsh\/AK26PW4yDeFZW2gnYX-L4_zKm1F3J4N5yKlilrYxxFQeKHIwgVWn0euqL4-EndN1IKVai4TRyX9cK49MgqsTLNApHhtm91VMyZcArUD9ozmw0L-Ox73pStCu-NFOnhjiiGM0waC70wT2XZzpnzzbGn4rkAIqdmdPdyhn_VtyquTPNx2Gfsopb6NXVawFsO5IYt7aLYmQsJXsYhCohiptLnV8UVa-vflqqLBNiAg9ZwbLGBoodQplWjrlUx8fX26d88PHUqG_Wwrb7VniFWjnf8i0vuHPCULnpnSAh-zrmR8q-jLRORaGgiJ4aJJyLaVzZkXVWiXefO12t4odwpVb_4NcVJKiIlY3fR6EeB9GHC6xKco8wZr0fwLZBscp18kd_HYNXAWWxhzPQ5C8pTEFLPTZ2AsexVw6lP-YJTKW_GZgETZrpnHbi4OUHV7GvrhVOu7oAkJOB-zuGoNjHBkiJp1jFzWSfncfCc_3QydLu-ZkvRq1wHCoV0haEnHwnI2jhvbqwkpx6Ki4SDTrYTnJGNbU0m0YvJajfpWyqmXvEqAKnxyr2MGix-FeqpUmG7lH7tDFA6Rw_mWp6NcOkqt-RPYg935zn8Uovjg-ANxBxQuHmw6qcGax2A2-TtMue9jGBR8csD8vqXg3Cw9MORyIZ6z2YvaN-DIWVyf5Ww3JqU1npenF45oN7J_wchcTLceGb7vKpZZGa_qD6UWv7vQMGY5md9OSfWiOo4jrggfm5kyTBq_TFxNr9lCXxxLIo8BnmHmaveIkdNKzCQCNbigj9kHVY81r2wUstfW7rgxazK1LER7WHgnl_j76N1iHciLfKfo6WYD4L0OfrqQdkUgXzL4t3WwoQGc2u9NC" }, "geometry": { "type": "Point", "coordinates": [ -34.8946, -8.0197 ] } },
{ "type": "Feature", "properties": { "Name": "Rua Neto de Mendonça e Rua Dr. José Maria (720.71m²)", "description": 2020, "gx_media_links": "https:\/\/lh3.googleusercontent.com\/umsh\/AK26PW6s0LNAXrkq7ISaeZcrv7rlzOY975mMPmqxiOcaLO60nGRJbMyxfRvP_ZmdJ2ThGahlSc5wAp1WzZnpDGLRv4Vq5WUhZaIKlkBUeclu8BFDVTuF36r_7q5xFZAODli8xRXTkOQE_gSuHzf2Juu6FH3k-2g1KBRcJFYmUiOxAnqmYU4wkEBogGJH8Hc393RiBtgAlJHhERK88nfR4RtLY1sjvZAwhXMz_BZ_7YX0g_6HaJCJUayM_9OsAX6eBn2KgIg3XxisdFA_atmgIdDoVArrg3_rQy33nqZJJl_gzA6QN4KsyvHGwEQ8axZO4sqdqJ3XYD2C96ovbjcSyrWUYjU485kCBCWAeXN9CC-3S2ywLX93C7LQnU4rVCbH5QbB0zFGaTuSttdXUPd83lFbOMbg8yITabgjeK6R9V2I6DvSK9HbrdBAK9WNVPrVli-VLTw_YEU-THtwa1gLGNDQ8VZ2SBrEClG1zXiGL4MuhoOBF_L7_hxWd-JsPE9IHcCxR3AWxJUzDnpFbTPSEs7NEeEvidQ9VaU_uvgjlY98u0B4ekxWkY3Enw505G6bXizcOQi2UV0xPhgWeNCXqFwoUBIKzEFF1D5OFSz5FbV6AH8aodM9S87HUfGihHhoqqYN0yIYPBCDl-c4DuoxIZm3QwIKWpioaQB7Z4XeJNhL6XjMEItZgjjUo-HJxqLTHyYYSR9XMnaTIZhhX6BbTRYylTP9OyKqYDZj8ZnrmEeZ6NaSarfodb_QWn67TCVvPArlA9vykiSEYfJY2G11FFBu2OWewd3wCsgoeAE_ZKM6n8XXZAE0fd-TN1bzWq6gmVMNgXc0ftPwk4HzWr1AxUQTuYUhDKbyAomM https:\/\/lh3.googleusercontent.com\/umsh\/AK26PW7jflyWkRL3FA1cAsyZmfc0Y023s0_DOmgJQtzxHEXEV22x3nExGxOaqeuWnNcNzi680x2IgImQt8f7QzGoqrq34josf3LCRph8E0_k8rgXVJ8gH4EF9nR-qPfTt4Yk5OvOqfBwDjcpVV-3knbmx4ObpgjWMNKMXtKwnCmONtRett62TnAFjLBCOtsBg_jfP7-DVVDEvVVUfF3XkwgC0VRZzZXdDdl1VlSWuQcKAeOq4TKXC2AfRxLFDjIRo7sqTynHDWv0CGB_Fbbp_l9LYP-K0-KlCv0JqTo6tj-_pD5WYkJWPYQJFSl3aKpfKcV7xUJBfxUWgG9IR_aTq3jYE2hJQElfAt9md9om2P-sOnAYvddTptCPiqrXDEPeptp1yMnFOAFRg50fe4Yss9DWFNu0MzFLmb-dIOWcOmm9crmoZBzq3tymDX7g49RfWM6WWCgtNeDlKhe3R_vfLb8d4MdXjZxOOAidon81IM-Uq34P6w-zuwcOvP94ywDCqEIIUqFiCf61R06hvYJu8FRt7_xq_JaU4rQPhHQcpKwPa9upa2AyQf3KEPSJfPUgkpJzwWBsqcRxkCrEf72D02FODkptI2nWj66Q4LJPfZtWHawQPBIhFU3m8yOaJ6VrUcLMYJC3LRypTcxN1SSVmF-fKL3MC6aC8Xma_O3yaoqS-LRynydd8gy5A0E2Bw7dkIGtjQAekBy4LflSGgrEno2OehA_2449uyRRbKRik0yo3LMucoikctOVFB9MJ5zVIvWSVypCHSuNFnhDDWfEg6RhtNtuEISB2LLPZbHb6GN7QAYzzY9NmACSSzz81v6yrxutMEZLLoNJbCT9kSHQGh9DAE5y5GCw3nk" }, "geometry": { "type": "Point", "coordinates": [ -34.900116666666698, -8.03545 ] } },
{ "type": "Feature", "properties": { "Name": "Rua Dom José Lopes x Av. Visc. de Jequitinhonha (66.74m²)", "description": 2020, "gx_media_links": "https:\/\/lh3.googleusercontent.com\/umsh\/AK26PW7kuOmHtfj8KUPq4-46fY3h2aBbHgnoGO3Ywmy1_QJnNgfTUsSNwt2DLGRcl21ZAu0phpC4jxAIki2sYLPX1suYgpgPRXHrklChpiczJHoxp7FJoRFbJKhtJIH-3pEY-Wn6WyAR73IJOK2X68P5snkdEGui3j0T7u-GV_pBV_NyUe_F4Wanf1dvMxq7VsDTC0p869T3RS5nCpxpPQ7QxrjB9pPkSxh52OHA0jI5WcK5BwGUUjMyfapmFhsq3-YIjoTdYNSvcacxXKsE7AKfwPln1Rcw8jhdEGIczHN1zqcW1fNI-CtZZvuSZyRdKon5cqokF2jsPnl-B-LvJsOjNwEk9fcZsxEF6tUVJT2wqbxC5Nq2NmXygHfP8JUsMh_CqCaotDv-VBK_JVHUteFkpI8qaiVs60KCEpbEAalzUXjXFoP34ZwCVxhbD4dsv5GXvFO-JaKlS0qvlsj27d9EZQvyDymqum8coNEr1ohpXbju3dSagdNxCD6FrbmIMVes2Lv87qvYpIewC0XU_3e1RwK8HmVKzaTvpZRN39lpTBM1qqWwhz435rLYXdERni0I_7yTCPEXXLAl84OYPgPwkIIndBgyzO1o4SnLwobIn0OLwYJs1NhVge6sM12UhgsK7X8mPYPIm5deUE1f1WMxIPDvCc5rs0Ae7_koSAfCL8TQSctmltAzUxL9idranKscMRX7yhaUtfRl4n5lo99SYg3SQ2tQMHN4ORmVHa5-UYzOe7KtIWSTRj19W52rpfyKojt6D660oBtJfL83bUuOYNqnNs3e9P4t9pHormNgc_1Wp6Qgmnx8FN9-fjAWsUkf0TQMLACaKmoFphpuL0LX4NpyDKF9rEoJ https:\/\/lh3.googleusercontent.com\/umsh\/AK26PW6kDK3WfhU_4eX4-U758rUbTfuOx5guIysp6ZJPCWWeLtzuDlOY_zpxGYvEy96hHvi2ANoXqs9y1H3tAcj7Ob3o17OibOj1UI1FoVn3JdkfcsfrllGiUXxOJnvfzGKMqNEqPQkEyAiq3PdUqQ2SdoeaGB4YQSxDLJIsajs_OafQOKd55vzKYnevXkf-yah8rhDpv4asV7u3HTwDosNrX506NNSLn5fsqiGxKNXA2dfllq967m01XrZ27F2-NQIyH8IaRT84LfTSYHdh8AHDPhY315_Lwe72_w2HYJjIMR2o-G_oziApj1f-X1YIDnl3qLdP_Zt8F-3piyw57rUms7BL5zfpzAkUCq7pkQSRvI-Ce921ULcgh2CX0h6mwWUrJ7m2cYFh-iXgC7b3mnXNAlbFH8WF_FS4Ib29guW1bFieCuCiTFtdy-TfkZv9uBEzoW6HaSmTssgeJGMZbST8EXlq1a95L5IbAAHFCCUIzB1AXZ2cswj5GwNMeYslxrhyhdNGII4xlNljCjrDJWqY3kRnIxFaF5643-aHdW1AVAuJlLmDuziHYvg3Z2r8aQEAULdQC-K0kdgFMHlOks1I5WySCI5rS02eAookYNOlgSWszdFsarlv2CvVl8sJXVCgBwnpwACB_qmEmiupyGdIf1eJmiv1rNY6FMWfZjipeF17fHyWDdVr6Xtv-KUcWT6CuZscAWM4KGS9hmTF1-_ksAxrBoWMGtky_T7sK7QtZO1rYlEtUK_9-zfSlqi1MctJ-Ptm4mKwfLviA6VDz7iWYB87uaTijprlp3QLuLAFvSiARbEiFPNJDiIZ-WpNO6v3vHYrBF0jIGozExKzrO-lFbaOEfdRm2o https:\/\/lh3.googleusercontent.com\/umsh\/AK26PW6zkC-UCV04TOHCjEKIzQZTrVfTZlzSZ2EYfEzhd1yEH0CPFKnhlEWS_pqVtavusAB9v0og7GDJNSl9MSLPCgrFbsVOGamR7yQwApxBuZ5fskB1jREashWwQXYuci7sxlzL7Fc3dZyFl-7bYmn6wD64EFbxUOZBoYRHERv63_YLGxHgOoKIRpPHE1a8D6ErEQ0kA_wYJZGGv9cJ_vZiv9cn-Dhu3PEHkiKSRo_1TvGcx6Eokxtk3RM1D9Z17FdsxbyasaRuqerhm0zb1fTXs_Q2R9EyUS7e3YJgjFdD2DhxhOg2rLYRkScGTKFZbozmmWx2h0uu54gDD42dw4ziWB22OTzQprzBC1B7fys8-MTx8sopemJvR5mweNKgHsPWo1lAZkyBerwd5RIxpFHCpj_JvdyF-LLG2AC4fsMyp8RUZC5wIlyytVVA6ghl3koCyjMXEQYIrQpEzrAtvzpPPyUN8bVBOHM5wIcfova3kEMfQOxsuUrkYSazox18IkULDQrRVFJmInjS1avwOa2_KYJsoXNSd_uKsCEpHzKDg_75bXEP0AnQl_P0rNZYQOOt8TYsZ5GImRs6JmZFkuIWZ0D903x1md8hnQTlXIuLr3HKOgQZwPLHoFNHL3Mqk0UJZI4FbT8dGh9qN6kH5rzFOSi0wRhbDgAfO51rIOgkKEt81-Plm8IoXROz8q-exDdWkoIsKGL-2nWn5kAg4kO0cubuWhEARFHZ9TIGR87K9YYfWjggfjqrMQzf_FFOrgmAaMmbIqXY_xuLhF7p4UcWAvoesXqpL-GUVMaRPm4esOggrOtbk9If-vBC2VIgX8MzTbewyJppkRQykRXi8SWeGpvjv0g5yYk" }, "geometry": { "type": "Point", "coordinates": [ -34.903729, -8.12666 ] } },
{ "type": "Feature", "properties": { "Name": "Rua Jean Emile Favre (289.11m²)", "description": 2020, "gx_media_links": "https:\/\/lh3.googleusercontent.com\/umsh\/AK26PW7TunF0mDJ1t0yszcuddUh5nySRTeaCtcREdFgZPlAAKT_vfaolz6B7leCGdaF0BNtptQgUYFzKyeg-eyMoFI6nUUslC14WQyGMg2szLv482ReEMoCpXfhx1virEDH13Dtn-PHMuSSrh2KHKtw9yB6x1JiqALdAhURLNyCpcveCYIuG810mEciO1ckQoaLzAbiFCIrHphxc_4qhG1irxQBLc1xlPtVBb_Jjk6bZCS8iDbRTr5fpmJ4vfCzp7cKV6pAxNNegrrbHnTcPBrFSUl0i1dzdegMoJJ2XcwXiTFbDeTP4v68ruhJmG8tFc3FKNgxJ_Mtyn-qQi0KDUDaWw3JP6-HUaEq6TtTwKLroWLIw9J_LR04YGldKp8zj1VNrnf7oM36_bpldfwnvQx5uGay6UsbUOeoqYuAUZ7W0z3S_eFxs87AA7dQQ8axw_mmH6ILcE9XGwjHiHKndg8HN0gpfK2geq13g8mHijI2eFci3i1x2wpwnbxxKE2kF0e5IkS1glbtzqqoUoQKTN7kA41EMnD4D7wmwGBdIOWNOpvsg8vR0h3ejhm7YGMSvpsIoU0wz1_GQopSaVKbK0jXc7y896ZJ_QFAXlotWjBENJBdgWKMzP3dUOiE7NVosOFtg7ahxZOdwC8TFrPxCGuA20exj1DdmI2XiRvAkumCvYmRvKn6H-xzKAwGXGKNjFmYONHJThXxpjP3vY2YOwisl4DOH0EXMzVSQQLReOlSwk9mjy38qooLU15Ek5Yp1XV9sWxajp_WDrYEzyg2oP_egx7T2FbRBFDA_UXfQ0mWOBR9Hc9WNb8GLPWR7OwrFwir9fnFnE16DPg4Wr_JDzyQxGw5ubGJPoCNU https:\/\/lh3.googleusercontent.com\/umsh\/AK26PW7hQ9KwfkEoChd7ABIbNWb9GU9q31zFbyU2_jKcGX_fqtCRaZtIu9hUZ_s1mxRRhPjc5Zgp1JP8NpdS5984fAhVpRHlF_sie5g3Xy0vQUevI1_iVRC3UHPUTiNx1LPXpCYq8gsRrK9e_Ype9fPqS-G3-9KVXisHyn1xbmtZ5H53GRxCHnE_hzh5b4IG3eECR3nEQ4rMDGxX4j5-TzV4CVe90ZB1dQ6QL0sSpGXciZkw_H99j7dW1ZZOCTx96q-1cf5VKJR-Ou0HA2hOcicbrqE25OqheFY4TuIST-is-tS6QqCyg5YKpOC0q4__wM8G236Dtfb9-rYOBOp5A4GaPlSrGfHy_mglGXB1fq_iiwPEJLJFj10R-arAlK8n3Oqw6p7W_h6_EGJdm1TFhTHSCHqN5mVIKtqnabrcw0sGYtieOIQa5Xw5OQRcV3g5XbXYd3aps_n4zG7Lbt2NSjW7YKnZZ6PPvzCdrALSATrf9Ho2fbF9Qd4iGfSk6MeULM_jC9vxT2DL7H7Z_HXVuldPpSDK9Lh-ncz3e-KIXHahKXF3vtjbwTslByevYWoJMOGu-G6imcuW8xBUeAlA6m2Hk4Ko99zRTfD74G2LRia4L4ETQ57IlL0eOlHJQs0epawaLu3hJtli50kKXYflPZgfJh-q4jJb2mwl7UvNwLtDzwmWTM4vSDrd_LsWigie27XHCNgYE3ir-SPTfRrusiFqr4o4auooKULiAXlYx2bG-2F7t9-dZQBGJQK3oTJ4R7fStJJrWjAAwx9NXSPf6qpo_iEVYdyZ1bA1K0czbtNJftcXNQOLwz2WTQllAVe4brsBREtaezJ6owxNV6eoxaUZtO4sBzCXMRPa https:\/\/lh3.googleusercontent.com\/umsh\/AK26PW4sHt49zg4rW_2kBY396y5NZezfhfhv0cOI2bUJSMhMQXU43kDlyy9GyEvebm2s5MFr6n1GMNsZqv7HqD471e2KNivAz1aZP02KNqkKtS1J-KqohXt8Suk3jC3aZyTOv_78W4x0IvrzEhGPhGsBcHGsPcLCTZvULpCPGv2o9rcEWOZpGhVS9HSTUGD7wexjbvdOI37PrDL0-wU-2lSa0k12NB_ZZd2eBTxP_BUZHcgYHbrHFn9z72BhWaFNQj9shuuOfRHeSKVuCrzu80rOYIScx7uWy1LxCaBMVRV4_JweXVEqhyfuhzvIe35E-ejuM-2keG6Uy2lcKzsywVZupDlDeapVIMdWFmCs06T_8rQtSp6UzTFHXXg6vrzRphcjXcZi1Eora4rvv1a35y-jMoHY-3buXTbgrnf1WZAF4YyoBgDc0wjZKoMSCtcw_BKiZ3AShcWloh8yriPwkhaOfw5TsnyfEZuN2Pdyh7N1ItKdYKJWrngLim4woySlYC3yXFxvqBoyOYf5K9KW2p5VM1vpatp737IfwnMeb7nCU7E3zlb599LQwxyR2o6behHg6cl3cdQl5xmRXZFlJ3y2SQ24urcfjirQmaPYGyUPMvtrlviwuRXGHqHC0ANzuvqdM4-Xz_-oNDCQDlqbY9SFEAOTJxdyztVy5tpESL-7Gl4378MX0_Dea-kIBjCUVWO4bRdVvlxl5GMxM-hJs-eyswtdo39yNReW4l5gcZ_N7__2TJF8SJDtimgCSRmykFHVQUnZ8qQAZ07CX8Pkaeh0VGCKa93NngDUJ-NuYEn3qTCl71NKpnSYYzaUqbjQgBoKHGnO3Nx6y7ep1nXvddDunEjrpq2CzjK7 https:\/\/lh3.googleusercontent.com\/umsh\/AK26PW55sLe2m0hAW332gA6HmJGQMokb20sQd3zaq636M4664bEG62uGdapQPjtvTcywZ4m9QEncnMcBgfdHeCtuyjRCeXbml-0hxaXBI6JkinG4rOaeRVDZXJUSRDUNEQGuqnZ9_VGSId_735SF8BNAI7qRaOdatrdpiQIQxN3zh_h7jotMNeLWdJmb5GfNWjeI_7qMjv_V2anf08FTbpGDWbCM3g48-RqzDYnheIGCPHCXU4C4i3wW5X-yAc_XU-yBIGUqTflfRiDiMY9f5WhDAqRH1aMqNnSK8uxv_cFhQ7dPT7dUHYRmK3sUk9rHT5qKkcPrlEJbtUkRPZNlvCnEgYJZR17UND0cR7aoCqJXzcYnkqFGSl4m5QUW9m_NtRtELYDwQ7cdFZLTStzcDZXP-rU4ZHDk9_gs2oY4TC845jecKBGrYNE1A0yKWs9yqjoTugmis9TAgyoF39NBWjOAvCB1k0ixaMoXqB9fmceOKmEwTaSShYpGc8SD1aDdSswkdIxJsk0DEXFw4_OVUyPEONHMWTiwSELJSJ-1h8fI_AXtH4-clzAt-VOR-jX1vIBfIaGdPTPtLQs-DjRJ79SSShpOOckqdIVzoz6NT1W1FcvGpofBc_43DnzEIIrPkQBRXAfk9H1uM-9WqJd7sicG5kihqZiTY9Eid-HC_5y9dd0hn8LlgzGZYqraoaIWkYyB1TTvj6LwTFWr1FLEnZdJssj181-vIzs7o3-ypIwtySuRDp73-zaQc10D7IAvePLo7pCz2BFqFnshiXVHNkAcz82IszJJOAITZv7hcEz9WWU-k7YD9s3nXgFY65xqn-sZS6eNaKTiK2ixy20DgabcJGWeKly_nkM https:\/\/lh3.googleusercontent.com\/umsh\/AK26PW7k9Ep4TbI7nVIoECH0BoKQvtDuKlAqRaRVGZTRiBTYQ0r8MT4VZTcOk1jEMl4z5wevwabwjqeveyqH89QbBF81cIr1MgAbEqZVEL86sq0wQkGI8hU88UGJrb5CwiSOP-CG-0mUdgWs62Hn_ZnQb1FmR-46JYRWdY0j_HxklAZ1G5d_6cPc6ZitQ4laiy8iQtueKXMeF0_YaEKR6aqfv5LkVXpZMFj0eDoR-XQfer4FyLIGMnng1caCQJoyNu3Wyb8g-vCMUnn9M-VnngvV58WjTSqfzWJtUDJ--OPQ4vbjywn7viLLSlOh9zxYamOzLjW-rJ354DqxO542QHMDuev3EKRyWNABAn2oAFvvgEAwI9Jrzw4ZJPrrSjopcMP-lylEgUOJIM4xaYCB-JmZhtRgzMMd_eJOzBKGCe7cOhfM33Alp_i7vR44TGaHtsj56aDadjlqxLVeYmCY_7qjLB7w7f-NlQFAaJMC1bZFcnt1nnH_f-u7FZ1Q7GBcJmTXK7LOR--PmlauK1Zhjfz8LPCwPHJFMmOBoXAUvHIgaf5JUNQiYtCHEvwitKgRbxbEAPbmCDCmEEsTzvW-i9ikCrw8UudKTAAsgwG1n9jqz5Or3DyDFIMKNOmzjJPvVKPnbHIsxf9-P6FdI-u4KVorxAzkWPWXwmTVlx79Om8a8MJ_6tU1t6Nvw8FMkQDsDyGZGyv8DNEKypOPjeXuFVjUVlOtsVV9tc_PwsIXCLvnTza0jdxqJ8Bl6sJq2kToVQbaRJMUFsNp4kZ1Msvu86VutqWnu3PGFoTxjx9lJY5og0D-1UxvE7vp0jd9fgsMayqNjQdYOX32IIYSlbKU6jpUhDwKYrX7hd4" }, "geometry": { "type": "Point", "coordinates": [ -34.914849, -8.107029 ] } },
{ "type": "Feature", "properties": { "Name": "Av. Beira Rio X Conde Irajá (239.22m²)", "description": 2020, "gx_media_links": "https:\/\/lh3.googleusercontent.com\/umsh\/AK26PW74MAC0SdzIxCM9UZFPT6ObNAtJwxQfKthaY0TbnCTAz0UnB9x9G2YLZaQXIAj8lcV9eSMpraszUEWuRcQ5PNDZcOMnbBZbo-LnhVYoktZkemBNcEExGiLGciVufBw9iEdmnsDs8ZNwBXawqdi3Ii4XWOZJeNx6uTSDc7cpdQqTuBuwgMyoznBnBonSW7lx6IL7axli2423cqYJv3gm2OSFLRu1BK2fnFsprd2RwHVD0ARFk-DPwJ1zSWgym4eUFlkvhx9nwLwx4SD14IO_z8_KDD9QTUHLx4WiP04BflQhA9vucTP26rHiPXtM2Mkeopm0CicZ5ae7LAOWKXW8jsKdWHmVYH9vHdgIyqdSw3ER-fS_nYSFeVRb5hCKNKg4RWzvtdYXvr3bPAGB1148dmd7OZDbBGHc7m3unHJkLxERHnVh4sTzoqJFI0TSYK3yN2nyzhiXsNQbcB1lUQB6YPYAyMPTL9UhOEEroSrIBZPkR3E19syNAYUhVauzCXzArPMUJiJ6JQMoej0rvQfMmCE4rh_krBwKtpOyBBF529nfGqrf7fgp4SRPwj1uf-29i9oTnH-swLYxd2diOjqkqOB4Xi8Y0V0yaZlRfTz6I4xfSSaXkdWJ6oZb_JjIi6_XcMRGY5JQcxCgXka8oqQAJYw4zYzkMz3SgkUmka44FHUxqQSF1x6O3yRu5JtSLy_e_yR_zgQcCBZRF370UrfamuEAPrUHA1mW4inKIkH0jTEZIhAUX-MP_eX1_yTNEa4OTe4fMlNmxlbfgSegMVaAavbqlXuPM6UURBjVAQ1dS7aiObVkHnrA5W1X3dsuVM14jPYCHWExEZtSlvLzYnqWy1oOAIlgGp95 https:\/\/lh3.googleusercontent.com\/umsh\/AK26PW7gXIaXCHFgenZGSYw_p5RRumHlIwahPC5C9IA8_YaWJqbQtaAndZGwhOK9YLogR7ZYT2g9FL8B5MTr15xRssemDEz42HnQYIOWZ8DQGpgruF-YC2MChYcaVbVz7jGtUSCH_k4A6caDd5xAsMRkxvflqRhdg_7qhz1mbn5JnI6zA6ckOtinzcVOfB5daSppLdCgRzV3N2P1yTS4FZ6rENgo-8PF1Pz_AYtSbQKZPUHaKk_y4SovB9ChP0BH_GKcgsg-gkcVHvRoHjOuPpgpHJigZJ_XLhmh92qfjlwkbJ2B3yxEIcdjRQm5U3fY7_BcQ6MMypKV1IVovABB4aJdYSAk4OHlqK-N7Gvw5gAvPtUdjui6JBiTmj8KhlpN7mmZvwn0X5E_Nxt6q9sKbgloGPxnwvyv-HDoU0sDR0qcRKOK3NLN-QizAp5LTDdaGmVZyl8JyNd0lcTGJZUf8zkf1ZTl8G7FgFi8NCsDdbZI9XeUIhDI-3R2NhTlxavDnyR26xjLzKnEUHQic5I3UFXNqFuegmREYOmiU8aAl5SBvsI6nwWc8zkLZEAQfy9AMXCJLEZS7In8O_I6WIcTiJwKk_L1k6BVN82MuXRd-vOAozYsI0LRCT8Dy_NbPBEjh6V3ATtz8UDrPSfPaJVug_cxOUaMcwzZASxfrkzc0KohH7-wNfdl-KcS3qXpHwtYbpFCuN_dYE9dXIo3RBnbPppOToCQ9pbhoexDnYyjxFMX8-Vp_bCa9uCyaWfUl_8aU5GWJDLDs3Gq6eKw-d0aBqxyQ25wCrRpqIuvxYO1j6c5b2OcVKzrmBOnjZcHDsr0emGwFoPlwME5Dplg-Ai5YZod2GXxUOH7U6Y" }, "geometry": { "type": "Point", "coordinates": [ -34.904381, -8.045647 ] } },
{ "type": "Feature", "properties": { "Name": "Rua do Hospício x R. Princesa Isabel (334.22m²)", "description": 2020, "gx_media_links": "https:\/\/lh3.googleusercontent.com\/umsh\/AK26PW6BH0cg_3tNZ27yX3qSoDexo1B29VHbAzEvLg6YsoHqI_qyA9rA3O0CID_o5SQVuOUgTv09tSX7z-VAaF71v7QIkd3QwxYueI03xqHxoEFEDIKX96-J1_ZCVo3IFjDbtGBM1Plsp-rad2PPOosOHvorfW35eEBytcL2Kf-noBf9Tjvin2bIfplyH18gVemfleGUrs5R8ByBnkiCVl3UFJkRxzFDcie9oeKTIQw6grw6zL1Oytou1RjLPhuirVzRyIOe_GaFqas_1g23bVMCztDuQ0B2Z0chPAprh52YRjiZmEyMsBfFhI4d8CESp0RTWBEkWDRoVdWwyGzJgqFzdC_L88ZCspYC5jlkLyBYurdcPGFMoSai8DdihKicNoF1fgjFtx_jZw-MEtBAKzIFZZNJ94ly9s-rhdUOJ4IkqM608jmHNhE6u1-uNdXB6wxoPamBTV3Kix_IQAfrI9zCih0Oi1JQgojZywyZiO_Z_o54ceWWoMkhqXfZKbvv_O-K3kEaXf5V4TidqOGlAw9b8GiwpcnUKeJNRFcCxqST7r4LmHoiAU8065lET3b_BlqXYSq5FIBqUtoHnzBAzmQfAOHKMm_TLOFD9xGnce67zOf_w6K0oVf4lGij5vbCZrj6ThJaleSZMluheQqGIk0eG0J-8zTopL64uyOkqCC4XEESJIC51SckOXGtMlgHBrVx1fr3Ylj7mNVWzoncNXBRwZ1mGHDSOGlpj8NyLlSCHbVmpTdeiZpHSPfS_JB1IRapIlNF9HmwCJZLs8hReejalXnUB8_1nZA7N1pH-TTt223BZovUOSuwb6ML8NOUABpDCGQqeQGIYgLHrIfJ1yDbFZSogFeyKrMQTw https:\/\/lh3.googleusercontent.com\/umsh\/AK26PW7bQqupdHg7Vm7zj3FRMqNxDfGKbJ0YfKWzFZmhbND4RsDhr4rPiAEmyf7NXMaZ-ZvLagOWURx257FmG7fY_PQNePNjLeVrF-h5f1hTsWztAK7Z7K5dS2-_Ak-yO40yLzuf0YuGLyEyrbeAtIPqzjUzyvgTfLIaJfNxJO3uk9YBCFSs05BuEV9TqbyFVnGn4JbBQafQy4kvZgc5PlyKNIBbZEH-tNDeXLdE2_u5JZUvUdhM_Ne0ie5gah_ExM6qnce1vT__b2cVj-vKaMa0RgurLBpAXW7WW8DcfguDwyiG52Kz1tceIuAYgLAZgYKINZFRzVagX8vGXQ2JsTI96gqIp5-VNCb0k8tvm7aEUwht3EhiTyBVfsDtwmB5-W5fMxleDKluNKaJ-M9XyTwh4PADoJtqSJLPjidOeqZlp6rfMX1_YikSrWvEQ8ov9OZAy9ye1VG5mh0bAs_1YHCf6WQ5MGaxpzZaiuzI6Ruk7xdsygX61JTniSlq2aGw_G8yNB4cv2dkcrBIxucaeo3X6mjwjpohi1w8ku9Zbhw5JwzW7uWP35zqr-mbQAjqNsiLi361ljd9pLVplZ8hox3q4j4DHAFN2LU1cZagls9eg1y4S_MPo1ESuDdIKFxHPqh-tutP8f-vxSV1_K8clegUri6ZV1PMJoPIgfFfxJB4spdWV8ptE8fsiQXcZYT-KQ5bz_OgQvjgoHwMwPCdcs5m_TO_v6-XqMXFJjXFVmELT99A-VIdCh-evA1C3MCqVKyXl47GlVyw6TomJgelFx4mOxr8V1-BlwDFKT76vgNv99m49dwK_xmyHvYjif-oNYiM6JmtKlkKifCmC-PBEI5YS7PGbzQTu6R-pw" }, "geometry": { "type": "Point", "coordinates": [ -34.883032, -8.057836 ] } },
{ "type": "Feature", "properties": { "Name": "Estr. Velha de Água Fria x Rua São Bento (78m²)", "description": 2020, "gx_media_links": "https:\/\/lh3.googleusercontent.com\/umsh\/AK26PW7IDeO95WMe7SvrXQfF1c7sv70vUL2oTlNIhnKZudOWjHacCy0IQspMhCLCobedxmD3Y7K2xaChM1LWQBFotREwQ2fvbRFeUFvllxEiBUNXyEg0X8E4SLPtD2J-9Wx7Yq3XrH_f1rfkZAiXAnEBDXdaCBaSbf0723hF4EThp7UP1SLDMY7Nakl6_craKJH0LwWVxHBq2olLnzEnJtrvejNez1gEvSit3noSR8ImaJ8WV-pQm-BFlFmHbA8ByLPS2l08BVVYBN4HbQ0ghKZDL_iFM2YDGgAkx9Wyi0TvsTQXskHeG6queOxxV9AWabHbwWToUm7P8M7zn7Jko0B8NRnzc6uDZ7asOvRlu2azadb469PTzZlgumx0qYs6Efeu-7JLT7-EMgHB6VZwqhLq1A6YEDUrN2OXflvXRn0d6KJnYbdxjGcmuvioY5laSBW05o_MVWudbYEuXklg-gDU0QjeR6T_YDAe77W-Pawrxbxu97h7c6QZZhkZYG938rIFPBfXrOM8ym4Jb_tx8FZnkqz9sN4viB3kobz-VQihaTuhpUupidg8iFNXJ1FGShk5NhP8-R2KCzyi2KA4dHVPpjz9hV4XhVgYa4sMdGsYC8wo-3ghN0xqIqqDaGZPwHp11VRu0A7eRs10-UY2rt8pkd-DfA0djs02kWFz2LLpWfZAZG85A7tEIK2Mr_mJyXxNekufqmMeKkpDHeiZzdB_U1qhzV98VcPyexYW34MvKt5cmnMoFBZmpDYc6T-m2I4qVczCJB4oL7R1-SGcT0POhoCXCyt7LngoPLHE-I-JDFW9CWfSxRBsY3aZE1E5Pyg5a9reTMsO4xAJX0hYHbRs_WL-y4J376rYYA https:\/\/lh3.googleusercontent.com\/umsh\/AK26PW50OpAZokRfFNYn5uXpBlx5jPaase6u9iJ56BrIlffonv4SrLVXbWOJsd1C7an-UP_1braYd9UMg5vS-FgBaR6C6i6vYH03y02nlRqXxxKX6977meNT61by7gM7L4cv2laiueH4iSFMgkRJbgeBOKW1HkHn97JKzSGA_dWxxX6aVXj3zHevlgDc_hciKSuGmkLkL-EFt5KKF5lUAlnMTYktEoOfe1Z8Gpz2DFeTUriDVT5_bqjhHvocUcdhKNxF5NXH-wsx2Nm4YwccYke-oj2VA8YQdutT7VGkE4jLuQ3RsTM-ANoBqsb4cneOPFowmfLmAeLGjG2C3A-KMU2oxWLgrH2wG58Z1gi_rKjFMlnVkNup_0d_fX0D1Ifgl_kCD-dIFnSKs4CeTlDYAM8ztjhqPRGZDqnVOnWwBiQaJa2rcfBti3lt0gSRK7HMowpWb_TcMI31hFWxfVqZLkwjmiqd6wteXiIwcoFKMRHZPYFLZiUMRy686jdKem-gbtAnWkhG_Lboi9Xrjky7VYSAnkqkhFIRapBFdwKVNpoRpr3Xv3Fk0__Ncs-PM8HAwtpnunZbCgkhp0OqVEOLsP8fvbUpgMLXaTMHMsDojjJZcAD1alLAEYYox2B3vhpYZLJN7-A6bMhrOpt6jWkb5QVK3HGU-hTPyEBGhFae6vSDZvda3ZyzhZKq4Vx9YkKZIg55_EhRFkW6pU3uM7U6OMnH-8dw7g6c1euFI5IvQKa7s5MJgl2z8-B06Lw69G7qsM88DeQryekG4ptoDdK_gjUnGzNYzXoxgJbuJTradV4X8qT7zFkXYBJRpAhZbPsCYYzB2gKIMEfPQcXrMt6o4teiVmsI-1_txxScmw" }, "geometry": { "type": "Point", "coordinates": [ -34.897223, -8.023938 ] } },
{ "type": "Feature", "properties": { "Name": "Av. Mário Álvares Pereira de Lyra -Canal do Cavouco (388.05m²)", "description": 2020, "gx_media_links": "https:\/\/lh3.googleusercontent.com\/umsh\/AK26PW7p7XcWMG4iSfR5ao9cVo5I616acrQWb4VBHuVX_KzHT4amvPn91WGoSKYdsFF5zcS-XsLL8DKlTXIVX2a3-PLfDIYci2l3E4CPlECyrNNzmUJcl7_kBJJNSXb43MhlA6Ki_edE4LFFM09Yw4E1g0TFGX10T_-So3eH-pqPZpuDdxNPqCDGEz5N7B2rJInzw0B71e4t-eDUA3plOCvSr9l5WIm9U8M-MFlLOczleprfeF1fpe9qaFHaJzZOYS0JDgUhcHX5EdSZVyK-rv6Rs25YPMfeZdLI7jCseLn22I25F8PlJ8phIECsrSP0s87RPNmw3jICqsKpLjjfUuEfhrP_W50Hlc6jcaXUKQ76mSYbcUmwVytl3HaslglckBlwMzi2lqDUjnFQ-otcuK0UKHjMqYFk9d39hLerLfJ8TrSKktofbQRCwHgfcf4yw2s0jOFPklsmQfBr4WEfpnfqTwRXih-nXsiIF6Y6DbIn9PVR59fT611EpOK20IxusazyqPFQ2OpPTrjpOAOf4PbxPg904Yg36GO2lQWIeb70hGrkxV-Dgie9KpY1OSy2dwx9YgQaLG1oCQXrJF22sHY5S0_Gy4aZZElRpGCznNhj4g67VszncSyntlC6j2jBvg1l53qKfCc5wsmK2pQf6JvEhLE6EplhMDRSFQ5fN_SAxB06tZ5FSLm4QM-sfbJHh9q-Wwi_HxUbKCtEStr7dw1ao7KABhW-E2txfnqySkcrL88322SNpwjVabdxZ9lVsMXV8ZFftePzOD08ixBEou1wwFm_kOa4ubq-5SjixTLNWSh7-Mw47ivbxXxjArEgQMLkOx8KsRIeYmspufeE9TtbkvpkfQr1_u9w https:\/\/lh3.googleusercontent.com\/umsh\/AK26PW5rh5J_vu9N3PSqrjCGB2xopEbtNkHCnOARNCq3_V9jeUNEl51gRRizsPS0twSltFRkOkK6wYt-4vC7t7VNDNhopzljzHlRozQyzSpkooQlm904j0itmJKsvJLv5CWS4IY-NqMBstxwsJitFkd0umc0NKxrD3jgQ_qNBQF_8N4M9KpS2FHLVG09jeHOIW4MgsSyo-0t8CclnBE5hh5WdQKUdiYIdOHahIyfMBPblrDmqorT-iUW2S7yD6szr7D3K-eEBU9MX0HIrIjCF1q9-WEpxynT5hjmL4HNkFkGBbXg2661MSkLAJw7pXp4VgZGqF8weEAVsjdK-cfdUNTHow2rG-C7JhFppVlZDgvApSepXAt4qfb394ZQBPFFbIY6Xbej8oM96lSPjrViVr2_UL34_1VSoIHEzS6IZ1Hw5IgFsMD03pSOso_lnx-vJC2N9lsM0RO80KvVB_hX1GMiEn6pMRZF_Zujh8WSekvgp0XAFIKxkErfB66383BAz3e8a1QmkUaqTSNYKKr7LkGmmdxL2QnquL4sFDiCL7DPv60HVkkdTfx4CH_K8zp72Nuk72NNxQi1IHDOrtoyUSNGohkU-6jIg2aXM6y8XGc7NPlSlU3EztEsJNxkto7SHyApSmN9En74dLYjV9ULsVSsc7elKNdQyTJGJdowl-yBOIFWvLKuEneqJiqpVZRWvHekICHgQfved_53aNJlx3YmhkGQEqSf9b3fEYBbXX7tJyV0GYgGkAY--z66ikgNRS8M7UISKgXNzR0cz7MaGGIJpIuENFpiinGMiCh8YAestfn0fJCf9GojjS0cwf95kzBy5URiv4uShH6NJcgaePy2bPFcd8DLLpEwOA https:\/\/lh3.googleusercontent.com\/umsh\/AK26PW4EbNXv2nL2DdqNpLukYEzaPPyk1kWBRu3v4dczr9fYrC1q84WNPBb9foaKbIf1lH_RA3TvwpL5PUPakRlleiVtm_9Kyus_2ozziI9H9QudZyHvbvwipiUHa8tVLYYHEDj7mjegqg_W6QKUUGtNmZqKo6n2hgwnlk9rlStJMsl69_xuy_1yko_7jlXVp3H8YmGhhFiCqyvha-xYgzAdStwW7ksvgtWE2qQUSafu8BkJjUufbEjIT5wAVcXY9Z_K7mJzapOKXJfoTr_mK-QHflbSbQ0tfnuJ3vvzm_n8xjZ-cNR1rFH6wGb-A3JdEJJEJ4EoYRquJxWFxIEbmGsxMI0W11nXP1neECw5rY5v1amCSFgA9DMu53Gr_VY4UK_5whxnFhsi--MJCXGl480XIWXAnBDA15ZCfgM7r2FJX8w8yWWwWdqg1RnIAKzoRoYGmk8u4WyCCsYsJYNaLQKbdloUfDIBfCQYa678YfYzm_twnkSGowOlg0A2FDg0nZJKb7PlT7mRZPTq9stuY6SQ2Phvuz6hrY44Tfq74YxJ5gIttTTdgW1NYvcftWOn_fNfAWclK2ejhJ3Iioe-Vu2_QLXyj0g99yBtQbhN2OGRVYsTmYGWJFeb5cQI_9U207-LO5MXOe9iMI4mYL52L_lLj54_VESpjOT7cxD0X4gKewraReLzTq4wmeqeJb-QRUlyFL63jGQqe-gkwBLuTEvOfcOMWgb26tU16OmAQZN83v-eSwov46G-Xkop9Bxj6Dpi59nZpvldOOJ6M_Q0eMcxiKAKDt8UTy-A--87kPSOQcsAFoG2zkblFd0MovORTEQdZEaBKK75ddPPf6xHxHa3pwt1q7dSICpZ" }, "geometry": { "type": "Point", "coordinates": [ -34.936074, -8.046866 ] } },
{ "type": "Feature", "properties": { "Name": "Rua Manoel Alves Deus Dará x Rua Antônio Curado (104.50m²)", "description": 2020, "gx_media_links": "https:\/\/lh3.googleusercontent.com\/umsh\/AK26PW5hR6UXcNswgTMT2hkZlkrGkoZiqrD1hjVqCZILUtqTcM_S8aMQOXkZff8vMmLNdG4_fYrqdq__rTT6P0ZNdR1ls5bdAlP9-o21YCf6z3MwJYYN39UidnekZ4k3AATqwAu5agkn0uwR28euSelFSt7SnLVvew2Loec4VArSDYKOHPxAdmAujgmCeVFvl_OV3cEEvbyy4PAdAnRvuFakvUiWgV_Ix70haaIzzOdO7vaVJAamSzUf8FahpA8ZX_s8wCrLGLIMZLTYWtpzei9bJwQbZUQJUhUIMjBcCoyF2pSCmunBEmA_qXt000k3yjjaoqIjkx-avvPmrdVI4razWdEurvlgp41pjJNY3eqBqgJF6VqUKimXO-OjRdnpg-QJw4dB0y4-sC897gLmjSPouX_3-HbpT3PTg4sOtx-2SrjG6TkvQzjN5uwwTX3nRrao9gGd6Kv1QbPvvUq6REDA2ExOqzJB0ZCYuzHV0--VWZMI8_JPKuQEYOcU4OsFHSV0LxroC_j7leLYsjHyl982fpZX02iTnYDc3HqTVBw2CAMSXsH5O49GwwxQntcW7Ip5Lwpw4ikRjIN8EfjSDCNpVEx3G-EDIQbhH8stw9T5IHEkvts7GC2VNa1V7jt4SFIpEBvzaqRm0X-0cFSKm6xgQzutDlR6_q0rAGjm4PoS9LHqlPqmfZa6jYulTBzqM5I5YHgLteL8olK1I3jZve8uSV19E2-vppAKxenjYve2BNTsH21cIx8BlnnUr9oXNPgEn7qNL6y5g_6MniaFZd1HhOpQaKqk6O4VIkVAkS6tywgf9eyJGo6V8K8mTMcrBxeVxZXvrFTzg34zn_ze-s03qALsOI9MBozZBA https:\/\/lh3.googleusercontent.com\/umsh\/AK26PW6xBuzg0jcbmGLvaxSdgB32ugnWOkqiicbE6yDzW_qE95IPuvYm-w9Cj8Y4FjNsofTkmbV9cVIa0MbtSzjsWaujRvmhWuYQuHt44yumEJpxAI_W8rqnxkHmY10634tTdyOVW6j4iVikqdIucoqt9PBdLhuN9PPrJElAEXFpP1qPG8QVO-UiGD8DH4PwPCZDxfExm54HAQbacMGOYdONpgjCD3BBioV-7E5wUygjMQoHYzH4rnVwBEnyo0V3IW9TcWjom-xYEB4k4eDcRwQRImg5EQXabB0KpY-JFgKm3kSChX8zpCV5oKH5FNK74_omUyz_4_FeI2gkamRhRZRWma7EExQ-8z6bHwmW-J9x7rNLumdLcoVj3StM8bJInNnVfmnYoOISa1wVhLm49coiVhpfo76Mf0vixFQi5SKiiLON_iIzXU6cTq3VpczYF71rZFCQq7Bp3m8jn_Aj6_HKzRQgcdUqKQmmZtgfmzgY_VWvvr73o98gtfpY7WADNGClyRwpssAcdp4mKFy5M4s3eghqEuydf9-9-c5JCjpDQUiLpd0gOymJqHgbzg2IeUwQ0_GJ2kyw_ZZ376BPBnL0Wt-AjodeRfckyMSJoByewFNoD_RKoR3LP_Ma2hsiRNc-qLBLTgRuUTrEV2jL6SOn3_NagjAjCIJHlgsj-Gtq2kBPIGkJDEwhEczTaZ92oq_xDwglWp0mAWn_8Vr5ZDscCsW5kVIV_4nyzqUM79XsM9iLLmTWHAu0u0wbHvbROnAQvVH0_XhEpv9Zb4ZOEeFbXsvlIgHPI7ccK9lNfbBm3Cvn7WQs-fZ5JvKhbzw1amrk6HtS59sDGWZNCWgUTZPqTO3vhgdb2nK1Tg" }, "geometry": { "type": "Point", "coordinates": [ -34.942214, -8.05824 ] } },
{ "type": "Feature", "properties": { "Name": "Rodinha (Córrego do Bartolomeu - Córrego do Euclides) (377,55m²)", "description": 2021, "gx_media_links": "https:\/\/lh3.googleusercontent.com\/umsh\/AK26PW5uEHPKqJGb0u9ZucqnOuOHAkqB8Xuk17YDHLpTuLcKbgvoDU8bI88b0Lfx4vVf8Uu5Q-uVjWLXLGXcpHOIoV_IZHTTP3BuiuC-Ut3uqM5F6m6CZfjg0cKOlL5WA3RkKzqtf7n1GJnQhA2aGp-N1I6Erke2ljml9yKPuFaLLHcL8phjMHfhWSSPl5j_q_23b4wyPZCVB2frGMqitnHb9UqkA3RsGIj_tdui4b76IYXb06VUlIqZkfmKDe9s20HggNulb9gkN0k67oEJ_x48WQTwmL32gmpqTw-Bol55sT9FcrPcoQUUztd0t92d0Yk92A5q953a3CP-QEBl94D54PtvIXO6KbNvDVm8XzEHTSd-z4H8w9uSXe6r8hvk3LOnwpVwYV_ccTr0gQ-prDgPriyg-Eqv94dwWnVxA0LDV1fZr8Z_gxyCDhETZoaajeE_ZdzjrdO1hnaJaTaeUgRn9MYlMzU59K2Li0QM_ZGOiZE-0pDcXcIIAfsnvx5aPSDDIGLWY8Gr2unqsV32DbxbPIS2_m37j0NDYzwNJ-Ol2MDjbe_bfgMJczrSILb9iD3kaJ97jm0csSDJ0hqGTMAw2NWYNgIPrUJiHDUaoiiS-_WKAskj-Sra7zHpQcxsnljdTOsLfj13yvcUxTqigsZ25ZAeyj9sJCjpCptMsuBjNa20J_NCrV4HiyATkJXlEWaHeCF_xGUvYBbOT7M0SOLl038j3WKcXUmSCZ8fOdV4V-CucNLqQwWl_LH-IQlacM9luEgPb5r-hRSi--7XgmSlLij39PbnrGhBE0K1mfcY-KoS0XnxLgCGdVQnP4BORZLYqwFCeh0p-cWQjoGiUSfsnzTHi-OtUZJLsQ https:\/\/lh3.googleusercontent.com\/umsh\/AK26PW7Fda7JvgojATHc97mUfFBhDGSwJaAx_Mah7A_2uNzuzhPxbJYScKrQ7Ygp1wB4nebbBcSyAbn4uNm9zru3DwWPk4GpPvQdQe5AXpJogzrAAE_kfRqyh2b64kkedIhFjN9gnSNsdnDJ-mn-aR7ywAwxTmW1_aeogCK-EF9vHH2OnPdImu5fCZTAQW4h73_2LiKWaLrQXWe7gI3dxtb_6WqM1zL9eRA2rIxXQrtSTExTj12vqso2RDdJoFm9Cart8HxD2lm6t6-Eg3p-GlUgXuSCYZYb9wrCtDkYyfA3PZ95gPajFiMJUzNW5yrZRrpvqJcMQc5x_y3fsion5QyUK8qzPI2ramAfmiI8eLNBF-Us9rBJGcSmz3iyltV2Zv67d2u5FJussZFxNasNYH_pYMtepU0zvj-S-fFcO2Q7ku_aD0YJ12vdX2FKtoKU3kfeEodnG8HWzn652-GxAilPsG1hSsO2GOZZp0v2HeOiSX9dnckjlzmdBI2hP5q8780UWZDwr-LvRSHkFbKadsy6kfyvPReFFfdZ_QcSkGkrW0xPgxc_vMNkIEKOgV304D42f6DwPgL3pScbKilN9fF7T0osAm2-Gjp8JvPNCNy6Ajlx9YrKiqs6Hf5WsdrDKMP5pEX3428SnujT6HwJVj9YKc2m9Wz4mVFYDONHTEatx6XJZloddb7Mjzswzp925-3997_JKqVu-n3wcS-7gxwuunLHK5wt44gmwbZSrhnM9Ao9epkYpNRhH-grt0IuOBBEGLsHru0PsgowLmoq-EYodsrubiTY4FzARkh0_wR_G5DkErewCS_U1p-s9qaoBXhl7Dlm9w2asv5P9Yz8YLIrjPTUM5mDS7nG3g https:\/\/lh3.googleusercontent.com\/umsh\/AK26PW429t9oRkC5tZk5N6T4G6VEzsAjvBVKI58cBspnylOUFGunTmPj2p9uC3GEzrCbDUKclXceBjpxFw_W3jXb1TGhLLdBVPJJj8SjpdBe7d22nbqJceF-z8AePwpa45f_0muTBjrj4pZdDWzeb4YqA1iVBTszfesnWCJrLTatN9ikCGy8OmUbOR4WBTPY9bQoCaxKM_Kv6ZrSwvirUSspPterHVs4VImgZgfr5wmf-2vMkIOy3IfbZRK3U5y9Njz7X0iqh9t2oHkIE9M4DCtBx7A16TZy_24QEAAePFl_ZS5sV-d31QREbI8Ur981XWooyW9hMzPgluC9BpLRQcvLqV7v9W8r3KTxnoPBUdjoY33NpfDcGUAlwIm6YKlt1ltkCkFbsyJFlxr8faeoqzNb6xO3s48Yjw1rj1zg_FsGG7UF8W-Ogh9innKJwBJg2vgiqZAVS06jGoF68Vm1Q2b6qJRubA_474CqagFf4k8IEbIj2Tb0HCknDsPvqXVPJtEVoWOiR93gzoSZHGFFy6YIgIrW5zJRXFgjq2L67E9WYkuJx6Tjsqu6DpFBAGDOXje9kmmuMpOHwyN8oQ9ioDCv5xKbWsfIm-aCJDHf7UZN7lANovHhHfpQ_wClERsw0S4hGaLdlSLST6It4MRo3fMTluw9ttOYZEzhD4LS2aSdfikxUEzypUms6XO8fNiAvXp7AgDDMkAN6Ai3ptAKPNvCIZMMRjA6eBTfugxzeEGw9L55oXH6h5eIqtuyZbTDz8Or7u2x4KrziVexFrcLiigJl5g6CXgBMEdALwFnpV9H59jj0aShq7FhtFpE_9CCHXYUIhzO1ue7inQJKljHl40bsTHFHM4sh8mD" }, "geometry": { "type": "Point", "coordinates": [ -34.910836, -8.019006 ] } },
{ "type": "Feature", "properties": { "Name": "Rua Velha - Rua das Graças à Largo de Santa Cruz (1 Etapa) (123,55m²)", "description": 2021, "gx_media_links": "https:\/\/lh3.googleusercontent.com\/umsh\/AK26PW44lGqLVWc800FDajnmKXZz6XmaoLV79UqHwwwcPKjLxDtZZGAClVbqWs-I1HDHXtGDeBeR5jOh5fu9MqXnFHQh0PZIk7D7pdhSAdb83jEc3ntGbfzjWROQW_TliVTb8AuemoEISW_QO9OitYs4owrlKy0LaVq8bN8sqthoZabcKa-F6uyqRGGGJnMx6DmKsjIGL1CcFq28uhh1nJSIpJs1ogttKd__Bc6ff-iZmzzwQqAlB5jJcPM0oSi_EvmfgDp-CU4qtjQx6yPQjaxltfbJ1BKwVbwBKcq0hTwK_mvJO6U4EqNF-1WYl00SLqePlPDwNUzJZoqnsbEeKRqs6UD_X7dhqGzuebEDBSyXl0dvYWutn0y6uif3SxCMt6EfPga25V3YtjhBVGmHH264McFvPadMaw3l9OgDlf_bAKe3nmMSMu_Eqx-mmRaOJbCGH681u0FOdeIda0mUJJlZpYy0nGMv9SlRZVw3W3VyJJmYtKe-JLicl_3pEbi6JVCkpB8DzYjemJFNd9hmP6pgj92InDRlqs3GdUM-pXoB5EyJNobdGgpGF10XyrpaXAMg-etYiSj6uSymX50362WQ_xDuq-YWnox3BsgMs4C_NFVADmI_zH13w_arMHgMN_RMe5cn7-OoYZRAm6NkHfO5y9dYYroL_rPCmqhs9VhU61OIXV5cmfTvyYw57stJXsrX8BQ4O5aVbvVUsifcWfxZQV26IxE-CEq0w2XCY2AtJpjHD79MCU-A8Bd43cwUisBy9y8vNepoHE2OQ1GwqjcGY-fT4cy1UOS7opOI-2tjGy-YGf3xPGjOB8rcWVB7x1j6o7SGshykqnO8TK6hnOaEF6JeXCXuMkuE https:\/\/lh3.googleusercontent.com\/umsh\/AK26PW4dVmrshIpJMyG93U0TWb7yFyVmawVTicb55Wto9_J6faw7sSqFvSUOEg6Jdb4nMt2c7yBCgm5t_st79qVRGj5fq-Maqk0i6E1RcH5bHsYRmxPpFToqiPkew8FY8RJrGeuXZrPD6yvo8BGFEBewBNLvpgLOL7sH4__8_izSYMlQJu3BNNxiGgzoX9BsPi14IydhSr2tIP71cRBu5bu7Bzm13CmITEurs-m9165HOoradv0P2KYFWDH7rknxrCfQBro1oFMNz7elHx7ANsAFkrgo6NVoWivj0Xr3FPAfIfD8LU4S07EcCgbb5IRlQ_8PLSii9FUwQMDSZzjHcVrPE6HSnJiFKYIrQex07dUHmdsHY0QE2CSv4A6GN-W1fwf0ClCppqnkVHuA4lMRak-zMRrozvDtHk6t9jdOwbDc8EfmHfEVeKGbRENCpP0OOzubVO01pb0bd7Xn7Wjr7ycckeCzF3IjOdjSd5rPx_8OOOu9Kv6VevG1CxLWn5U2TSmI2795tfEtGUAAIqqB179G0axLinAzqQLTU-u1THAupDSX7_RZ9vmc4pC5oSNo9f1S-UIAjU5wF73Zzxnk4YXKXzpSF_O2YpuHNxtdlOYpnr7LOHL6d-bejeczKN2J-64mrGtZZAMPgJyC-XcIKddUCnS9y2zy6-bJGMMC7-EEranhdmYVvcgh6_CJbmYvMc096ZCIjRdnPjN7vNAFDvyMuIK0yrzatA25SaCUhU9sHUIQKyOvnnbVXHeuc_U9yZfBgY30qYaf7Qf6tzm3xuVKX9dqqCbeObqgkxiPZUR0gmxFLpOT4kGZ-Rzxn0U7zDAGBaG-E9yvlPdwrCpmtvWJ-zwecK4B-HEL https:\/\/lh3.googleusercontent.com\/umsh\/AK26PW5ucY_gutMR58Ge9gQI6c9gwbM6KBm8NHURCgG5aHsLF4ppA_lCd64Vgcpv0GtExXDaRu6orFr_-m040SLGecKNBJdwwxmLp08mn8GMwi_-sjcSRDWxVPZCYqoThbk0bc9dgWvbgQ4tIhEHAENjwL3LxQm4SD-XfSEJG-a3nF6Bx9gI6hqweMasVa7O_sh0AXZRNHWhrEjpIfVaaK2iQ4px0NGY7MzBoGyGQYoKmmtaDc9hHKp_WEx_pOYpmSK96An0nZVyOStb4LOOAQAufdHFIkf9GzhOPOhaBFkRb6u5TFew_PIjBUHiRMuyhPfqxW790_Us6GeZ8gSQFDPJWk1R0e5R5s2lU0NH-nukg7OyDbT4HE4zTb5fU0E12ihe0TavO7UsPgnovbzTJ6d7ahxW-TVteRH3p5FKfpwsJqb51EjJAvESDaOUxynpda55YPrCSTmZa0ZBwvInipY94Le6BaMFfqZiAjvpxhUzCJ9c55nuXmtd0ZhT1e7YJbV7dL63m81MHbimzvRIqpLAB_xvwJ8ZyBzf3pIUTc2l6Kxor27BC68vz_0hMjxqAXiDR0D493isXmy-IrinCOCmjfOcGk3cmCW69zTnEY0ara750fUumT8d-W7A9Shja1rsdKQnEP2f_eX3BWpJeKJg3qWTjAhhI14U2ZEbKEzg_ljUMWcIOoPZrwthuoOGO06y5z37ufEwTpAbbiHPk1nyl0hKljKkt6pOJLDOTi7ojd4p5tmB4yBj3LOjvYpIompo0lPWnKHDsrqaJE6C9Og5zhoxGNo9On4-MrIVhxSy6ETXX4DrshA4U5Ga5hcKCxyc_c9usWCLsZSZXi__N0cMqrZMDwyZgJICVQ https:\/\/lh3.googleusercontent.com\/umsh\/AK26PW6N2j52TMfVY_exGkxNa1jep2GR-nYvgEZva7G5eKYTUk1v-2Izxq5e-gAdOkKkBcP3VvsEgc-FXyb_Rp2RO9vVX5gvH3Tkxty2AxtIa42nz3jcGSdttTZalsd4rjK0SYZyaetUm4mNfh8yrPZmwIporCaWbNcsuGIdIkFmCYWtOEiK_1fOUIJngAWmeDzwy3plVnY0uNWQYdYrEzDNit6PcvW0om43SkxwgjhE2b74ika9PWxk56ARzZSXosJ5FsKnfRWgr1WnhTZJKW_f1s-gxT27g8KU35iFMZHz98SRc4NsD5lXyMiUgs0Tq5Nd92-y9KmZeW8AjNBqwZC6ht6Q-sgyQj9m48KDbBZ6fnPMPMwlJFpoaVHj_MlART3-Q5k2onxmtDn3kRJfImbmoMXGyaHjlYDaCz7UV_QBwRLQxFL5LeTsK5iykRplyh0OmGnpZbCE2zALS6h0sekQcgX4cxmdrfcYy70kB8v_vcQZUMoEQH8qF8ZWje_eO62cjEClfbaP68UL8tIjbXnn-Y0OF1_AlhLme7FnJwgkcsPdegrGaUdvhvnSScFXA2yfKHNZOVJUM9yxhTeylUaAZody5j4hC6e4QgAU19GFbfxpdP9MzJ4K2B7ZCKNatgafBsA30XAvIUB32tpNJA-aNJ1ihbAHr7cl0V_4B1aYgz_fg8Q1nZ-gtcOMjxufxNSGmGtnArdzch_c0fCzEhwvqgUczkeasvfkELjWOjEQQKbQlo9uhP83r34cuVDQADB_IEn6MQ51kh9ge5joucOIifNkW9ZD3LqLhFYBUklrdFnM_fbnhwEEBSMiY-XXnWeNSwN4Af51qqKjG4-J0HXyAAgI0x7OuFpJBQ" }, "geometry": { "type": "Point", "coordinates": [ -34.886869, -8.063167 ] } },
{ "type": "Feature", "properties": { "Name": "Av.  Nossa Senhora do Carmo (259,90m²)", "description": 2021, "gx_media_links": "https:\/\/lh3.googleusercontent.com\/umsh\/AK26PW4hqs8dZiGhmSaHSg4hBEUrCvZ_yYVV5uIK4bPGN6aI629Z6EBCjrhYUgyYl9AvcCnpZ07Qi-bsaEQltPjQ1aoMrpP1IFCIVgQ-ZKVU7TD6-yGuxvqD5m9j_sM_Wvb3Jp27t7x4WfawP7SA40IS2YR2dR3jb1DF5AKW_sh7POJFevCpj01yuk7FZ11cKkumF23qj7lz5uJBZB3hP4tfIxo2bCg8N_KyEVXaaJXG6jhJeOEzHxREQntcUdBR4GOXUn8uHh5kIWggzq3kh_DdkrU-AaVka20rHLL2FewYtxdNpgViEphMFx-A5jChRjoLKhcAsjlYuPZZEcs0ipMziSqvS71fWcQb1WurqmGmPcbyu3kpOKZBFIGVIVuJqHmqvNNYaNuKwZMiZ6y_lwMbxczoJzH7Ngk8xhVH-fascZ6dwcEjUJamFaLp3EqheVobWVMWekGOy83oEiNd7XvEiGViyus-gNRoEu551Cjb96ujDyjCT_YIMfQsMHFu_U6gfHWIFx5oMDt_ow8MwSNcjVXz9YZCU9VZ-rKvdBUE-BXh1MqOrbHXylRq3WNtnNf33JtJJPep-KbcoAwFNi1WDjyrUzzYiGdwIRUY13DU-jmUqktJ27IVX3Q4sHv_1_6W4v_Elvs4E8-p4-Oo-cCPA5LRaNDdC1b4E74MhhxjX8rmtHBCxTWPSFVRYAbzv4OVnkZG3Mj-aycXLiTuwQwGDUQWp1v8jxKQ_aPK-HWdhMcORukkFi66P3qQohb6nJgduhaTxle5bXXhYAs-Y2xLoku-t9NgTONXaUyk8VRY4oD403fmSCkk_3K0jJ_s29Z0A6Ynzyd99BwWn5GEnwhNNfKizEdBLKY" }, "geometry": { "type": "Point", "coordinates": [ -34.877411, -8.066168 ] } },
{ "type": "Feature", "properties": { "Name": "Rua Jean Emile Favre x Rua Itamaracá (2 Etapa) (53,13m²)", "description": 2021, "gx_media_links": "https:\/\/lh3.googleusercontent.com\/umsh\/AK26PW6tTqU5Pb-Oakq6jmmA0UJjeNSePs1TRPYo7l6bHyLegCJ3PAeihFTDBAr17bwVfpdQqXjWnLTYb8d-QIiN_QjOqvExPiMRf7CPZsYazK42ooL8ezcsaxlbVqtw3kM0Y2qQw82hCT0ox1ysC5IdJaBEG1yBJMvcGRNiPPIP3kRdb6lcOdgbVLVcDtoPNFXJqMgSk5vgiyaMHwsESWAmlxPPDnsio_40jwoVSXMrsSlb1HfCD9z4Z1d60FhrmfSVkwFP9GWKl8Bsa4nCGifA4CXfvtXN0RDb9dn9o1SZgqzNEKcNJfBilJx8BBubq5orZA_Ty_cGTJzNynSWJ5sVjK2wgLDyxglUz5vGPxX8nRu6pTCLSgP9iHVi5oOKWg1p1kZGikiixzD2rj-3Mm363FQ3UdoGxpSq8bsMGkv1DA6pQ-Slhf0Rqv2X0ovdPDpqba40LJFuPbCd_WmoFUfG1Vs69ADs_GKCskJebPymmG-q9VkfFrmLo8AhB3aP1A0ISMXgJVvmgAmd4y5Om40wmT3wGmu_cD2GNIFDxCFmzIuZiA6O38xP2vYI_NFnUlecnqxx-d2fYbajcWKyBRSG2Rphceyx-3TmBHpoxTyS1KRMNkH2LbwqUNX_qsrizjIGILWkEvHg-d6Sdzmk0Cy4nkS12NN-K4JM_NrS1zg60hq3ZT4SeKFkr19dSAFDAOzVO-yuuJHmn7ddXwwoN1vSpEFfdXD6RlvdBLs0ef_Anmv0PE1i5oJzIIxh8l5CvPdGXzXdO6QhRoqAcvoLn8Uo8r62yDJXQZZE1CrnIVyXGp0jaGzbauDFsf4VGnetoc3lD5IOOuS5s4A5m6BroJ8_gBXfcJqaDzc8 https:\/\/lh3.googleusercontent.com\/umsh\/AK26PW6z3w7OP_BXmOEcVHF9HRwZaMKVfj0mLjtnMcuDxqrezQGiIP5VPovgd-p0sFAwJUeQ8SeDezQrVJibRIyxKvGlEtFi9qxZt8GeWP4h5zlDbmOcittKoywBR3NZ9MdgJqpDf8MaGCDi6t-NdKHlEHpTZEbCYntZSnp5Y2okogawd2kgmbzpDphIc-0G12sWuO-o3kOHpJT4lM1RbNadLbS7K0omsSddkGCb9dwLYcl5XD5D1WRUDSBHABu8YRzq13dFNEioKEtHeB2pO_m0xVp1ZBk1UYE_6x_0wxmdzOz9YMQ-JR43mKNNq9TIwo9rUh586l-GNvLF18pdSRjmlWA4VVeJaC6kO0Wojn5n4kpUyxps1ycfZF26eHnW86UHa7_6dpylY_Yhv0q6-t5j0qDLd-2c4WBqU2l_2Za3lRjnfxavGOV2kr47soXnSg5u_UpMiq2NRCjZImFn5NhtfKhy2etZcaUHFZ3-WPK4K0L5vX7TDckJ_pweESLp3NYEEat9olCI92eXrBcBtjQQDrb2MnHJo6fqwboR4aZPnh_2Bp6H8q9elo0QXgiPhBGGRJzt3fD84ZC61ksFVq7qUZ0DqjwQmxX-H62doHUcuYEs7KaYzLTH97Dw7umILZxgHQ5Kf9XTDRmqIow1u_d-1Wk62I76cF1HdVbqS82orVQ3r1QQxKJKsQXwqDO81AcN2qXrx_eXba_605Yuss4yuAi6LSbHJKHa9CI-QpqexgUwjHfZXSNOpbL57b-jRTdayAcF2dd2vPt3vI7XNxGxsbX1C3it3FE6EHcpoj70Py8Ik6Y9NsJkNVIHXivzwn6UILNLfjpZIHabW2m0HEl2iEgkNTAyq7k" }, "geometry": { "type": "Point", "coordinates": [ -34.91383, -8.106159 ] } },
{ "type": "Feature", "properties": { "Name": "Estrada dos Remédios (279,71)", "description": 2021, "gx_media_links": "https:\/\/lh3.googleusercontent.com\/umsh\/AK26PW5z5F7_YteYo8shvrAfOysSQu4U_C-wpm_QB-dmmv0IUX8WaNDD64MX-7gVvKq6a5J_ABb2fpScrxHBUct4kedubJ0eQXHNkSfd8l0vrAyKl1McwZxHojqM4rpLlQZhYaSNhcl1979Snrlnq1T8PMyJvvVfp-bKo7NnWYzzf1nL6OL-0z6rqBL7hfeM04TqvTYkqSiVCfCPuY9i5xjjGpe8fo_3Gjx7uE3alrvSH3PIK2xZkqhTcpFchyJ0DwAXYcBS2Ew3JYpmDakGAgzoL6RRpFqvYE66NJj_YhylJgiDYzs7m5CxfZ5zznmaUI9td6V4XODdpVMdaemR-wHPG4D8QdOzLS44tVaLuspZWVPL_77qiRq-_jcux0CxLCz9EAn8HuhOKswASy7sOR9IhN77fuuCvPgBds0YTW980VlO2RIqKATBTgw6TSQhAUYBDELvAJ3fEz6N5dEiYG7_Kdb3sxcY6v57hmKJBNRXvAonGYK5P6x9SodB5bjNsdJMR33_1ItU_Fy5_0URqABMMOtWa1oWif3_asAT3Z29yM6XwVv5EfS-lWQZZ6zkMHJ9GT5hEdQOXwjSWNOunmKFZ8xOQZtfiA_wtssApPO1ZOxUMGnHrjegn5XqF6asxsryM-cOmXgmLjfSerxVHYj410BBEv7StNRPba6mSgSih29M4zWCrmJuT98xly5S4inkXm27bCy4zmo8RyD4MVS3Jjhg2taiq0VRlUgaRnA6E6ky24U590QZVDg2k4oFJDYj71rdXsqp6TLdxnP0c--lfXECYxo6LSYp81FMujm2IiC7g9BwqMixy2kTq3waP_N1fHEfu67K0L9TokXoqSvPMnyLQRtOq-EgPw https:\/\/lh3.googleusercontent.com\/umsh\/AK26PW5RNxg1sSw2uavaZLBCPIb3CJy7mdOzp8qL1B4hGEo9OUvubkupVB8gRZLrwhQEc2qNyfAWZmKVeTNf1305Uljz6cOA_Ps3GZtWu5ObTGcT82hyn4QToCqBbzS7vcqSC-eXRm4VRSJde_rcn558K7cgZWkCtqPP82vdNdgcNZs8r-iTlVIaZSiOLDyUBvU3WcFFEhMvI95qVSjrrLit0aaV-7E9RKMyv6h92bbCni_j8QqUNKW7KrTVg582f8joQmd2p-4ane6MZWS3nOt3HvT5YSh0vrj-LBt6K_1X1AW64vg6BTqwLDnApTJoiIsmuWmjK2N1KoktlRjXcylqiuj2RL5RUfLpvZv89HXTyiMKT9vaoQZz7h0KC-QUXWyeHuqUwUcCTv6hUmZOyFRk_iYAgyH8FnMy6m0jDUbW8-jlEVxAGyHclal2G1xYt_RnCuT1HmXX4ucKLt5vKKLU6Mtww4nXBtU-XnszFECwXkkm0cluUeW_p0UNWOIkP62TpT-PPYSYvMtIE6Wo0dYzIDuZ_k3_0GbmWtBsaIorxDGGn5S_NHXmE59EELaqiwkSPDnnt1XOr2MSraw-d5mHZCyrsdtc3Q1zKwfzzhLHqUqjeJ0rnMcae59uAkhLq7Gr0OK1Q1liI3WUUDPslEE1Fum3QCpxjryI3ao2uuNb4JCvY-xvl5AfcALSZN8VugqeZlhRWCIV_hMNH-2mD34x0T-ZG342JTQKo_fTOtolGXTxdGykLbHfzOhp9DaK4K2NH6JPmcC9l6TJUCBFN9Xi0Qus4lUNxUUqxxOahMcXM3e67dFjgcoHc-5bZr9djluhCUxKGsj4sJsNMynvcwNvRD5mX9QD2H1Srg" }, "geometry": { "type": "Point", "coordinates": [ -34.907388, -8.075647 ] } },
{ "type": "Feature", "properties": { "Name": "Rua Dez de Julho (240,9m²)", "description": 2021, "gx_media_links": "https:\/\/lh3.googleusercontent.com\/umsh\/AK26PW6LGhcaNAgaYfTvwQpjiALmwCbt18EcN0vSvEq5c7vymKpC4DsiP88_-fO1mL3rSNdmyINR6n3uW4NaRLMVJlluyC3xHubyKnICwiPK9os-4fv_2lHYoccYkNDk_O_glY3LH5qRrtCJiME8VOXbj5dwE-rsX0NtYGJJZMaRhIWvKE2opS35u63tCjUeve1nO8tb8CMdwXQSdzDFO9IIjk-5ERba3xZ0TWJVrNMyI7pZI-zatjMXxALvJcA3-RUx4MErJ69WEGP-2Ip8e_Kp0r9RCxIOnefSlsvg0eQ15AMsZ43b7uCpE2DKb7tYYmjiJVCUMeqJvpjPlbU9X9EqxeopmCNLWedACvEIOYqlx22__ZXqtkh6JKYwlHGMCbbE0LPyJncP_3W9sEKkMywJCm5P3DruoeIzgJTg-CD29CeN9ngbV4ZQTCmBeLhhrgFsXw001o9txoxf3n4M-gvGBZFJsQy40jqJ5X7VMv4VDuqQPnaXl9WTb0eRg3V4YROXBlMjNKUL1ohFe8wVDYKBnNdJkyuoejJVM-ggf3Ga3eeIIO6VbtOc-3aVRHatLa7EvFfbWc8gtWRBR-u00bTde7aD-I-xLoA6chs_G2QTWHGL3xrL1SFJNTodQdaq_setSWZybI_Kuy7qNnX_c-jMJzGPY-zEznlEGcyswEHuYuTOx5x0G54FzHkKyiboW2-qif9xke6cuGbLkzZBvLcegsukYwjWeYkuYwKYKOlwLVhbV_iylX1DD8WIRwX7J-tfHWzsnadYwCTHH-0f_EgF85WagHLQev8eGlxLGS0M3t-ODbgQtobt7_lz8D4JVIKHMwl_d6V5N5QimBig1CyXm9mquJQUnbviPQ https:\/\/lh3.googleusercontent.com\/umsh\/AK26PW4rr1MnMV4mZjC0HsXn17d_SjKWDpqy3_7cAVm-FDUaXSs1_B3PympZW1QZ9v1fXqQ-OOvJEbc8qTr-O18LJFRsyzB74gmNrFTlRYd40lOn1Cbjo6Ydka5U0LF7jjZnbsvqukFeBUrqQ6SF_qNVamtrlaDSrmGoU3oW1p3ckoir1PmXloHdJXYgd0UzpQYGuUx69zo_ygI2eOLNKkVkQ4vfcKWAHKc7eryavrfQvBA0E2--4kvBYNZb2p7di7qydI3RUJSxEyJCzcdCThIf97MxWIDvIX9YP44Faf3W05Q0gEhA3lAe3Q_HO7ZnwRSEDp8gpvZlMt5U_cq4xRFF--HsyR-uWtMfBGKVJfoyErPSZLTy0iUb__iqcOqlUmnZXGTkuGRp9_8oic9KaG5NIMpSBi-d0JgXHT-dwF9pDLgjMeLz0-VTZMQcHvuWObJfOu5rMZjiR8r-0UIxdbE2L0by_EicdmvuPY8vd8-l1hxF5KWDOEOcgfJljQgTpdRGmQfC_tFWv_938AmY0WfBg5aWf_gK8zdqfP4eHyTXrMzhofbjiS2617JsGuX0sFanspwlzup1xjtCs7Yu-wYOIgsWxbQx2T2_lvmUw-VLfrrL0eS7gQaIe3G7tidhGYZp1v64BqfNlC4OnFjabhDIh6CSVGdwTPHOM9DWIwyXNn5dh7qrnThT4FMtJX2O6vBp7w5zy-t61ft6OkHetMII-kQA32onlcci7IIDitq9-oanDfuZYk6sXpj7jTCQ8YFXTCgxqoPjq90siK8W-6L3vv75Gmmp2yADUZNoY5Wwb6tRmgEJQXNC7eQwWhKgUvTaUvpR85v482WO4gHL6IVE4EyeThsApyA" }, "geometry": { "type": "Point", "coordinates": [ -34.912711, -8.134984 ] } },
{ "type": "Feature", "properties": { "Name": "Rua Itajaí x Rua Itacarí (62,42m²)", "description": 2021, "gx_media_links": "https:\/\/lh3.googleusercontent.com\/umsh\/AK26PW7m_nW1EQNyl7c5-Mhza0LrSQU4KynRGasyGzwg77yQvD3VKdsb5hkx-mCUfL6P4S554nfPZjmVvbyUDa4IvxuqMVQewE6iPWk4LQm96imbsWglidhfpzVREWKJ3DF4spHVkPg-URlnx7Sjntdy_2G3Wrt4fSzzSWsQNgj7oL2f7MYvITIRAItsKgUIztM2ihyVhHfybHjEoWvr4CT46nvf6ncowiLQjLYgycJC_2rRXx1A2mDuS3sNYf9MJaWY8RPuTh3_IRX4mmvDumm7iY0pbO_os7eq2P1tuvDNOa_6_QqYY1z7HYmFPhPUrgzD7B19dN00dGbDAVzf0FKCPidOdTp0yrIPZe4Y3mEYaFBve1vpmG4BieQURKx30V47_8cg8WcNSSY2vWrx3Ct9Kw3Dq_6Zw-Tz3l27CJU0wo2Icst8RBbIs8oxx2Tl_xnSTjOBbIFR-HSED9ApaeCfsig5s-6LqgiiKfJrSFDPshlH9sXHFkSukkCs7t1neTsxZT-ShW6BWIL7mFyNWHG54yra8v3M4elMfpE8CEUtpgPiJUmKVhggZKTA69U08CnFmXTcbyJsqprF0pWBELI357WGO_2LTxKkXur5rqzorNAEj5QiiuAoJIKq75wJLbT7xdTvSLo4GE3JUQAUuWJjjtxufn4L0emhj6KwAQGHq9Z3IpwdKo2fvj0k3SL6Zb1agl8Caz6Nv6ZNlEchQr4LmYvTqyoBgn5nCpzBU6hJ6uq9GYCfk46V1JeurXRzDocYPQvQtxWeQR8JSAlkxxPx4c58uEZWzjrRAKCoE_cPAh-FOzMssm4pVsm6rlkHp-hSDIwBO2_kDumSaqR5YVhNDu2Q1u5p_Qg https:\/\/lh3.googleusercontent.com\/umsh\/AK26PW65hhCUAGAjxPp3riV0pJm-ZgBP4JC4vSUMh7dAcdL41xjkJwcsRNozDnzkgjifYFlHpv0JCeSUhYm1gQeD50e99EU50AlCzv9w9gh7M2LxJGC_3Ro4AAf1mdUND1RjlQc_3KgaeTYk7KIThUemwhnV3Qs5AbKPMWCb7vFPJvmT8qQCZivnwBc8vdUoD91dSrk1GOko-fppuynGUFAf-2q7crdfRjzsyBQ2YdKBwZyy8lCIlgU2KU_N5RB_lHm_MRqFzngFqQ48YrRVnPhclEdh9uHS4CDH8FKTlxJRo_HGPO0Y1QuNwe4HHHmGAa62UQ5SE6mdooBHhdIIexLeYLMshv9Z3axLn5G7siw-ivftl9rA1LZpSQD2xs2CC8udUFy8z8Hl3RBzg_tObsm6GVcCJSnbZzB0pPXrn_3gmHZo0Xz6WvYFGzxMoxqrei2HMTrFcvXd367zX0YHRW0KNoSNBJvGHAecfkmJ6UUTYGV3qex89_D-g3jer2-_nzIl9yLztSwjpQsvGs2qRDh-xPefapIqE8Y_ve8yCRjGEYhMv7hTIO-uUXXGlQRA9Nbj9KeoHOHgl50oKy8dn-9ZE3lBqYANYMpJDPCkeef6gP6sZeOMzNzvxIe_ECx-WvmWCqQEqNRarzs6iTaFG8U5_zaH0PfdVjIf6WoJvPJ3AORAJjBj4bIAlO5Pw5dZBdeAPIo9VIB8AE_O-9rY9L8Kg1vY1rx5vAiaeREVEShwOiU64Mk8pyy3vOhxF2WbBHVUdCu8yu4qK7crluewvG5MUVU3dEwoxXjKVWWy-yFFULj4aKb-huW_25FBG96nRtLMSr4fdMQ6as7Bjlj5JwPrtF8gJP2g_EQ https:\/\/lh3.googleusercontent.com\/umsh\/AK26PW7rJ3gPJBr-VOgYmiFxCZ9UzdIKG0GzC8cfQr5VcEVCXoTWVQtmbWI2vy2LeGjlIqtsemqAjkrWbCNxenohMmhGoVj3r0OBJnE_Bx0s2t7noPDZI5HX7z3ZWA3_Z39SQvkZ4QPoY6PKkMhYA7zTrD_3y27uh2S81_dA8vub_M0Bkeq2ZtpDW6DW33j03-8odcQx07RgbKDTLugKdGasNPEHrqTPIxaRqHJ20xOEonZBTDhGCV9ktecFb4fFdUjMtyUK8gYCX8pJVcsMbiFQwJQ2_yskyhPazCOktE7kw2cgFbdrnlOMt9VNuMszhzSAHSbMtNI--qInAG9rV608rxXvfo-7vF1e0z0ukZ3eoHQ6l3j01cZUhcDxf4KySXzUTYd4GECEn58d6tc8KzlF8SimazchXGdBoY6L-pYkgZsqeEkZSYWuG-ATB6csF3-c3szqojAXBmCXz_jwGa0bIZabiUJ6Sg9KH_RyWl13NRKG-WHk0OCRZC-LgC2w31ytX6q1_Y1fDRjrMj5_AQLYFxZqGTbKWXjAXfzfcDKr4C6INc-7X0jj9A0X9qKp0iWhw8nWX5cr8rYaIVKNbj1iHUj7IKChOlBij3f5iJftL8nuAHbRxF2eOZTbTeTib2zh2aztu1qHlh8WORGeT02wYqZtOCtdJhBbmrcCanHFCj7cP5LjFau5JlX809eY6RopPBg47X1YnfMHK9DNVvP14Ei4zt_Gt2cGANw0NtEgcTG3UgmD8WpTs8VVioA2heIwsKTC5Aja_JSDSkZpbtjDZMwEyoGw9UPh4fMD6gbeGI7lK6SabPB61SleC0WLAkAA_ILTHyGe43ueR8jIEyi33GNS85pqk_3cjA" }, "geometry": { "type": "Point", "coordinates": [ -34.913481, -8.108526 ] } },
{ "type": "Feature", "properties": { "Name": "Rua da Palma (1.020,58m²)", "description": 2021, "gx_media_links": "https:\/\/lh3.googleusercontent.com\/umsh\/AK26PW7I9MiXe_ec_E54MrcopLiCbF2xSd9Bi6pNAtzbY-UoC0BmeepyWS_0IhMUGw9LhTZdPpOuY8ooTqqaRPnhGGIDJCRWCLN4jQ-uAMi0HKknFMCuWY4jsdT-3_4dykUkt3n6eWHagTKbjkVBymd0weqVHG8D0YKTEtjTqMrrobL8k2aPajW8E1Kh_GsVAMY1k0tOdprtcpR1az6po3Bne6SO9BlbBD_2NFw2-cb-0INSA7Xa2DxfeXvOWnfHR17IgcwZzGDyBQQ_CM_apUR-JjkW2PDTC1Gz-W4QG8wbzpcfEb2mlT1eEdfEFetff2sUlR_xEQogDbVJux5tEazrD4NbJe0ns8kIKJXP6-HJW33FZe_kEjp7AngdnbkDcgwqJhiz61OyzppOrbaVYhestWhRqom167iSDzfMiSBxqdQ9fEizItr9CBgCEcA09OU39HbYQQBmiSPrB4N8mZHDjU6Y8s67boiXuKmk0fbrhJZnPWeaIBbYcpBqKaWOXZEIdMyToYW80QomGGLU6dHAcc0EwHUG5jnkJQ6rh-hjrOpcGdu3vmI_KEg4RpRLnfCeNB-vrjnKHnYxGTGOPBUZkZ-OQnqLxUly18zQ9XDnVQwuthEo5O_NsU0S6-QIk6t42KMBWXbCR7npxoCj7odfaqy9D0CMGvzrOoT-hE3tcIejHVlpk1vOP7JEAW2X4MdVxauFkHZiSexgNF5ec96epdA5RUcYcfW3aPB3OyXIneWOSg2CDlwwWE5kGYVcAKG0JNCwXRgsCDsSweGBE2GTG5WYPg-BnWo8oPCl0p_sxb0eS5Y78x03hIc9KH7jn2G3X_TuJKpqYuUXYcpQuH5oqXgwriE5A78O https:\/\/lh3.googleusercontent.com\/umsh\/AK26PW79mUUxY2g_CdXLJfeRWwQEml2G6OdWklpsubiiEzgnJ5Ja7aTDcP5lc3aYqAsI1g-MCD9POUPUimktDZMurReBp9rfeuR-ijwDmlZ7O4lk_fN7uK8Z4xTh7bBU7q5N8fnRLxSV00AjVAAkf32_1-a7FUMWvwf-aGfzaUiHUXTLKwTM812dsgok0uTSAZYZ11jEZ2uw6WDALVFoF1MskjP305gjPxpz8RCyuqRVPFZ4a0gyCG7ooP35kYt39OxtFhcO8MvTncu_AM-xQN5Ueal1xHmr1ZmqMBgrkTT6uPO-qUZK5-HpiDPHb3bbmhK0_i4OGNKr87daxcLSkrE_CoqYZ-7bQZJt9ZmexzxHvWR6L2ry59CtmMMOF9WuSI8hiiyU0K5YU_hnJN2gUE31I_wz0AsRq0QxznfZcCyu5hc17qRP-c-Y1KvT05zHRHc6SkRABjH0zNQHcPj04gt5BXsHbsQQ8CkheKHOO6OHgUB5RoykIklrlds83brLjwgLPQWRRZuiguTk-6T3K7K4jvJYZS6Up6X65lX3WnfwTZb56s0lyAR9QwmEBnbIVsxq-j8MM3uhcYJUlRpYcoSiNrhMgrKzsSOe4nn6PVsiN8BHRJtD9O4jrJBl7bsI5ZD9T2SVQXAF0PSOcp_wzZilNr6Z94J9eh2tV6YeFI77b_DwQ0ekL0qziD9VRp-RMXBMIVPDJ6iQD_H5zZgDtW6h2D_bu5mVHzZGOpYPfVL6u2aGyobkX7Q6Hck2TH6kyKFVT2P0q6IHAPPZax6VQ1c71ebAFmucuuBbZi70cbhOSGV6ye1xP8Xy6JpyfCp1jU97r0IifoV9hSjMpb-0kOYSVdse0bspC4r3 https:\/\/lh3.googleusercontent.com\/umsh\/AK26PW56vPMoS7vkcTNWyOh9iM-KcmObTiqMMvVUi-KjKE85_W8nUanELPkpaS8FURuXBxPAXLr54-s1r7coDRvPgaqN_jcpQU1VlBvA2rYszTmGWdzqOyus0xaiOrf9Ke1jCHx37UDR1NhqzxFBXbVoyojb6xOOYZLHSUhhVt5RX_WMLDqx3Aexm8Z972aJN2PfgFDCj7pQQyP-QRMEv-83jlRE4Etnp_XsxgtN7K0VopS0olCVGEm1v4UUXQ3tNG3G_cQVnhPoJnZjlyJ0GLqrJPprneK2W5WvvVDh8n3wrihZ4EiJUkML2Lh4dTqNMaCp4iGKn8s0Qa5C872M7nCrLYILsoC9fDpHOTtvOoDuPOjEvenSU6jJclaw20mRxa6GyZhCfTDFePD5nApNezQh8ZD45ZAE-zu-UWOYKGdg304ZoOMpdObLrzOfmXNQjNMiVQOLe7CHf4dSeiQcGrKFY6LnU8ei_rQjTEGmQay6CkXMalJKJfLBtb0wnyDM9Ub3vddnxxwVZuXTpJFgpOGW0iW1byF8m4lYhFCEcf-2B7u-d8sP46jW8kpbnHGTiRAF9_fxl1CWLjLPc_xDNEwWVChJw47VYN-jUD3jgFZR_wV-cg720WzNHgmDz0w4kUDz4VRnmzVDAoO3Iun5mj-E8jfvgXxK2FGf5pbGvheJ8aJEkuELOicnmVgIBTe7_nRiAgVThEYqtRUlVkmm6CUVblXWT1eHL4bARfJuwKPyC5-88UkOHaYCfsCYJb8Z2p0t4Jfo-4zDHuvSjLkGR7uAktY8sqqCemfWHDn2uo_rBtbywpeIEjOIgFJD4zrCfspfVX4sCHryPlFAW8UTA6kG7LVhBMuAodsYnA" }, "geometry": { "type": "Point", "coordinates": [ -34.880735, -8.065365 ] } },
{ "type": "Feature", "properties": { "Name": "Ciclo Santo Antônio (985,55m²)", "description": 2021, "gx_media_links": "https:\/\/lh3.googleusercontent.com\/umsh\/AK26PW5XrGPO2UEj2cSZL4rHXpvpIA5Q4WVfh2vbsv8gKfAudYHvUXjj0PiBrdd0e08JTc69sTzUuRXDIVSybiwwyLkf0eHuHY-eKM55wdKVPn8DMpNah6RVhk7QOgU6yTfxzlZmM8ashHqo38pVKSNFLaKi7mysZaezpjiHP1zzbOm8HMz-hqCqHZytMGngGjD6-qQPC_k3odJ5BrCXLpRiQDzTBOwpS-IrAed6C1zbMWaLEW4ohDMrDIiE1PC72wHI4Fd_J5T6YfDjR23_LsQIVSYVtDLNWCH0Cvy82u1Ia6bjXI0DAkK6hb3nKY_Q2sLynvlG6DAWbtAVKyiWNXkRFfURHM6ikhPlac1S6sgcattBMbCZnym3GLx9lf0NI3OuM7OFUbWzUzNcaixVFRuEF7EiqrNbgfDo8-9qA160VL0xFJZ_vGYP1KiRjCtJzgXiezYI6e-TZcPOWXGFxUAM5lkWHuOzdBR5V9uVamWTdL_uN39IS4H-HUUOS8oLwkdLiiOEHP-YdEt4zJb5fBSwdQL_O41DzI9ogGQJTEXZVgnmg9i0l5mRVffTE6xb43vz9uyeAwR0IorLr-UF5JSZEoy-35zLebCHk6iY5av16uFGY76mhoe4ha4-0JqdhYIk0RSrQ8I1Dsdcjexn-06ML2bf5BFLx3lBqwID4ErBytjvq4ugP-4sS9EP0Z80C96Sh12hPYUsq7f8xa6ms0yRzbSH34_DOQW4So9dU66Yr_NPY-B8wig22Zzg3td5PZ9-6aOaYri4LPhR5hMkv7xUN86NEGPnk-eFBINKgZtssSbieO616W_iIUk-H6Dku8m-VGcoN_anY2eXjrDQ60HMoTvRdV2A_rRb" }, "geometry": { "type": "Point", "coordinates": [ -34.880925, -8.063876 ] } },
{ "type": "Feature", "properties": { "Name": "Rua das Ninfas x Rua do Progresso x Av. Manoel Borba (189,79m²)", "description": 2021, "gx_media_links": null }, "geometry": { "type": "Point", "coordinates": [ -34.891290570858303, -8.05938056282408 ] } },
{ "type": "Feature", "properties": { "Name": "Praça General Carlos Pinto - Tacaruna (370m²)", "description": 2021, "gx_media_links": "https:\/\/lh3.googleusercontent.com\/umsh\/AK26PW5tUqQImdt68zDTPMJ_nadKGHU-z-KgPDClD6wzejsTDw3nZHCpHADJeXowO6KzJibgwMi6aIgzjsf1dASAbVAh9gLN2H0Yu8gxbbbQ-n0zmQ7uOVwRYFih8P91ViQHx0erT1E3iEjhrUU7a_DuE3YGWjg14b_L9w39K5v4NKJ7gMJ0gOiR9M14Lg65l7WmQLp85neu1211zBiJ4eIllYUypmQdtiNRlB8QT3Y3XnhBbEn41JiiO0xKmZClPOwA4w50imtgBK8Wi4Ihw8Vnk24j-bCZ17pDEnCekbugOY_SNdoWcTYWiPkity8fISKModhWpR9d5xEofa5F4TS9PZKFq7MqJg1aAbU68tKQdRaJ63itxqc-nWqP677_OAt-hQMvORlO1BDrwp8Yyaoh5zPxpah9xWffgcgmxF2uzayieQFEbUnjv0g2uUMbEl9ZXSvfI_kNXPdFLdUoSFa9O1CvBjQHLQtjwMk-xraFIgT77xjSorcYrI39CpZsOtqZsz7PBB3nc6k3gp8mfTP8UtELooqi9b0ps_JLptfT_9hUsg5MSVQZB1dJrpUgCQqV678DzI5N9kTtnnC7KIG2bWx6b7h_27Mz05v8e3yWr3wK_2MZ8j3SNw7ygaYXgzyzaSBCZBUzXRxd1wiuaK8vCOgoMGLmNecEIBRpMVfLexXr6DurX9J8wUkx52VaSK7-bNTCSHlBeyvkXuUNV4IzQhuiKPNfU9L7sBEaLKvEozCjsMG02WWANzzo2GGeqKRoaYuw2ahb1L9cEVdbRAIw4F019wIIC2JbKK441tahwMH1AAVxen5rjgROa2pRR8pjjF9IuzSfWlMdVMstF-5E2xqsPk5phG1r https:\/\/lh3.googleusercontent.com\/umsh\/AK26PW7uMRnYl0hM63wJGkPRDdtzqXfBTVrK_zvj_8V-_2QTHkmMubU4zfjDjs5jUNnHzT4TJlksMelj9DDsIZ_rmi-kLhqaCxmKL1_VM4YsVp-oIOzikfxSMe5qTeIOLXLmELKWQJ5J4BvDjdiTYn1zN4TXL-eNIjWI75qkmCspkLRuf0VQ9qewPPmxU5u8aLW7BTXORWgPIKWWYHUrjDHNfAlDsMjXoT1CeCLDjYiwJzE2zXd6y8-iNN5NXbZl2nIqq6k-JYGZEH8ICcHMrMfM6vAII-XzmwPLNPuvO4fKmi7oCEnJCOFh9iUThsTSiLeVSy1FayXZCLKA9HmADhSnBb9XlN4gdJBokXZUAb5ipiNhi0fyQ1NNXM0UTdPpTgmzKZFhH2xoLvHsuluZPCNi9RCI4VNpt1GAaaL5RwmolsSH8WvkPip13V51T_dDzTB-zTNzTuLdLNbMyPM8JeESTsPCxt8rYAbIQ2pN4C_a_JgctZA9xsGws5HHnsBgsqRm2s3EcPiZHjDCHcVQbB2V2QnxRNh8GICN6r2mSL5xsC5LBEFetDDvC7U8QoWeZOWj7TrBsh5HgQnI2zNSHpAk_4BYnJkqtSkgzLMsU_Oo4wXIw-9KShsc6Sji2HfljjciivPSX35CDNG7pgWRyBIjmr7oxYA0xKXGDqoTEfZdOmNsAWbWj3UmEm8uAIkrzg3Yp5emAIyrqp6DAgVSPkApQcNqON-IxOzs7g9SBreHHK8Wps1bOc0dSNVs9zooHCrlp5CLZEigPAnNCdedeGQglpE08mW8Itpyjd-dnTzCrZo8K9OczWdT5ZIl-7wVclxhOrM9rJ-lsc-dsBwWL1pQxflAGPFMwy-_" }, "geometry": { "type": "Point", "coordinates": [ -34.871847, -8.039969 ] } },
{ "type": "Feature", "properties": { "Name": "Rua Padre Teófilo Tworz (346,55m²)", "description": 2021, "gx_media_links": "https:\/\/lh3.googleusercontent.com\/umsh\/AK26PW61QPxpzusXfNXYUPad7tXEsBfQfaSNtmEUEEbY1sF2T-9-FPxgFjW5EpjbT6NQo3yzGjnriCrukUfJFltu49_x5sy00VOlKALdlrCr8UjhRa7szQH0vyZt4uV2yHui3FU1ESt14-L4C1-Q09kLVjFxRA1WB6eTdxaNXV_wrTYEUhn3E9hAHUxgHlfkf2FM3BbDNaJlAQn3XavaVymahpxppLz-arqajCL5gxQNCJ2bgMzRIlO6d0rtcpZmmwtlIYza8ljsGK7nDS1flGbs3lCIyJZUnPxnz-b3zMLzSu9dpqIXtHTHH8M9sOdAfN1s1FYVuZyyQx3byGb2O17Oqdj9hMBgjSGG8MYEwCEKN3Ag1TXTRAEImm0NTV103OlqVy1nRiEQ_n6kuEYTqbIiYYuODPQy1xg5GQuUlWUwfIbeoBBFBlLz4IoTyVXF16IqkahNS20lNVUXup_GbOr8YSEQoeWnbgmVUej1WdJMWfkUTVWRobFy_IDMYsxeNPfAaFCpzMDwbsOaq9_lpxSQSMGHOUu1osHXEn3OPwpMqZc6BgX_zhayo6EzBPVDeA5oDVTPpOHB22ofTMjH1Lf8EqfZ7ydQVou2ZNXbSYhddadsfnoFgGpfXJvBiFNhYdtfGqnmauXEwlPujkQHLVqCPXiCACxiRZqqzSpYfb3pWqoywSPaHRt3noZQy9lnRkr6kx5ynDm9HTiJIm3VhtoMZ07veTUg7ivJ8CtDwyLqS5BjcQltiQekH4RKRzMkHF_l1PLc5xAOd9Csqh3scjRaSxaYGlo2A5Gsf5eyq7T9vCmbiQm6_FcvwlzlPORY6wA41Vj2g1AR2dqsPWvZ45xR301LJhopUC9C_Q https:\/\/lh3.googleusercontent.com\/umsh\/AK26PW5opbe25l5f5_kC8wfV7nBbxGfc1Nbnc1Ualv3LS7ozDa5TDeV6JvYO4KU9O1oDLW7cxydoFPJEArVzm5nm3kVVTi5XKk35jlIzRXdGOGbCYktQNu3DBXpCRwZpmRGMkEErewIzmEEAg5H434Mjp20GqdzAasZwBcjfBzjC7703I6_YpH7VQOuhnVWDuimqFpqcC54l8desligzYaVxtZk7SZOxl3A-TvhtciDar5GMm7FBq52GDBO2opkbmhitWShvopLi-rRzFaEKIv7nHPuFvZyRU4Xm9c3y-UGZyPEZuFF_QXvIk4g2pCycTX3hHN_w09cnPYv1eLbqYiYPpSvHxZwhHaPXzqV18GSWxcI8QigFlx6bU6H2R0WEhBgCb5polh4o-y5XjxZjiStjPY5ksQVINZOPrfdd-5hGBnvHO4V53dGpKQYGXM6e5Q6C1sYvYO1TGCo88h3szzZc1JqaU8Eh8s41uwLzGuD3ZYZgStJt9wvsbABgMtmyGjSOCGWjBWKcEYG2XxugvYyVa69ur9KK4Fm2KpLOqjDMjFv16SOX95HXq80WgEx2ze9afTvBsoTUDr4oSJ5fXh3or-JCFus5rump3LArq8N1kHg2e2m-vr-VZs44dGXVSFTINT3wFJ643mlWsGdXvIng5iSXLAfD-KmQjuOeLZIwpg2OdruujEvLMYJc-vavboo8apNam4J4wGxL2QdzkzbDXdeUVrp2y47PoWcpUj8Z4OCYZXWwdzuaqmT0tN97QjUi51Lp_ZqpsTHTDsUlIyssZ3BicFAg-1y2-vLJrBzxRLV5wUO0-gsxmQYAKpbPCKFSg-W4cmgQ3T9bU4bX788-wv89agY0flPF https:\/\/lh3.googleusercontent.com\/umsh\/AK26PW6eJTfcwGfWqjw4VNhPMJ4F0K8KJlAAMPMv1obg2PdeZwb2ZGq0ybzAz1i2w6p36zgIqrh1JFLtHXDxa46HXTJDqU9YCiKaDflsyA7RGmit2z1tsKy47F2HTH8qeg78WNgwZrVQ5tfcas8bXZAppwlhZ0iR2kEzN63CMUoxYmgalNymQovqWMbAO-ZTTo2_qnR2ZeAW6DrPmQuyT2hJMlYL50oJKaHKh1QAwPYQHt6taDmK3j4YEXsUNe3O9_p5UAVKBeFWwbvGH1pD2fzunw3NyhZvn7csD7WG4d3mP94u8v0VPZSAidL82G5ArzHuzpN2NomRlk93ZsCzx0K4nIiM4W7uxrxeniJcGsKNZKjwL6oJREIldph3Et6utc9FfS1rmLpOPbibKtNR83Y1dz1irRAzB5q5NAFLOhHGCJmn1Gy-z4HmLHUqmFCdgP0vjMRlemLTxz7i6T63ii_5WlWTlXgJhHLwVoklK5wW5QwtPeQeKPw52Z5QLO2ps_PMWH3VwCyI_vAFepmVdhjktzJ5HWi7MtjcCGQG59IEpwhfjZfEJymznq5wrnP4OSnd33yEIlMRWo0vgb9nP2Y77ugzuwm2Zs9jfQIs_kCSc7wCtfnBVLquIvqzo8QwsWMQ5N5V25IJE2jN2c0BaarjTigV2AKTfPcpj4-JEvlKs0-z3l-el_A8wHbedUb1DrWj8C0cVO7NQ4bsrQODczONQecb2hKi6Hlfw_kIXnjxk8Sber1qNvnG2Bc6XxH4POpb1vc721pntd9YlPeCPIuG1un2kCA3s6KmLBa7Omi8HfIEstioLbamTWgOUPIbb5llp17mqAGh2-4tLZb0CTUc6xXcb09G-o7RbA" }, "geometry": { "type": "Point", "coordinates": [ -34.912023, -8.063877 ] } },
{ "type": "Feature", "properties": { "Name": "Frei Cassimiro (412,86m²)", "description": 2021, "gx_media_links": "https:\/\/lh3.googleusercontent.com\/umsh\/AK26PW6OVpwl0W28x0RcdUsBxFZUFa3rPDANsdfXqrKKnxZ4nSZbWmSf0AE2B95cH9TI58zhS8vWQsQxpnVRyESa81FqFq2oW_FE43iE_Ig53IudoH1z0bsZT991F_mXmMQF0q_Y2ujR7Q4cZjuh0Phjpr2BMY_TUIBnflS7LF7hyb-Sag6xirhG9SgnYybME1pSEqB63GQ-9LOfixIdfyiCsZd2xhCRuuAiAZpIw7OEuKGCLy1eMN4dCAu5EoaKYLH49PQwY2G6fYY85jQEjYgnMbcVyaLdgbK2n910UbGtc5NbrShvu0d7lK1l3c4BvkMzveZCS2e2AXtSscInO6cLRU8d_f6P9FNENUfDr_SDTqUf_pxCWmcH8cMHtUK_mEmC4IeyR__H-WOGpmp5qWmZjTTOjKfbnR4PowhW2G2kPpkvGO6W4FUjbd6earYVRQpTH7SDmVMPALjOSu2rNi96-DCoWDmIu9wjaYGxQH1F9yjFE9SIvz9O-y_RR0jrW0p7WH-S2ZdqePXyaRtmmWKrf_YuPeStOCKOmEkzCOIije-8vU8LGSpwx5swO5oVH9CXNV3dj6Uj3k0ozXdkip_08vRLLllUUvDWSK2zSTC1OPZvpex960VFOUyPOuON5FmtsUOaUFI0XyUlTcCkQTse-QzfMCMCIyEhiH04zmY3p2-16AumSGKeJOnkO5GKPnPAKv-xdidUwZTMvbuTFoWXnfHiliPiAjE5nOfJzlyhOgCTBH31G9BW6jqeb6A_zrjCMPKPC_3b23aG5QTWekywcYqagCZcWmyIY8kcg2hbStvtDkIITf8a6Ka2VSkfGw7qBN3JmQViWnr10bfocBf6h8vtATUHweznig https:\/\/lh3.googleusercontent.com\/umsh\/AK26PW6VQXoXuuS-onRMKDyTj13ifQObo-gtwJwKi8h7gXZeCayflMVq_ZvSpt3mpZRnIUq2UL7akqjezCIcvIgcEqy0paI8Ou2SEMuDykbO-DvN8FPvuyDsv3eEP6QxRWbIHp-Y1Z3T2uGtXNGG3K4ys5ra3hy6oivT2Uk4yGxUJOxcFwOlkMyDMukz-xdGrAdigvOPjDSv4H9-OY0ZoeixTbhMT-ajbBac3svIQsO088_t5TgUOmihBI0y3nUKLxQeWKMEYEkuPlGQpP8Vnj3s8G_W0fmnAaAcAWpcqwvnmvwR87F4-m4OvEmG8edZ43_IoUnLGqa9ki_xLphVJbf1YAzhnTwIUuVgxZT_z66DyjB-_Bd82B075GqKNsLC1fjamb5DaeSnYvb9D2rmrU_afjuBWISDAmg8pd-_Up82CsJXd6GAeuWwYWuODMP0zAQoi6kw7AQJRxRNNsQxWQ4cvxcPp96X-hYUP9XPGjV1_fpIS3c1tdV-099dkVqzmpoJCYw08NmKJ_CSzz2aSCWp_Gn-t8R_cN_CkE0AUCdWeETO4dg-KpzQCGGJywFYMfGp2IIOmZhW7LGKPbjksTvVV-mdjj3PLnKpbLV-ST0X7c21g7r3y6LTubv5xs_Ht0fzehGt2iXpcJYBxh-CL8QVBsxH8G7qKrUT8vQsMQclnPXG9zcx74qn94-n9939OqGqZWkaXTd3VMhLFbHYYkxh0PsLDBPLtSkxskOkBaCFytlcD3eQR4IyDq_5Jhl3hH_l4b-9wpahrnAV026tMl8PGjn_THhPqR0Q7RcojHXyZsxH680bU9_NcXRHSrE_qrvqtgqiW1QdH290YVUwdpwzJpuREfjJvyGavA https:\/\/lh3.googleusercontent.com\/umsh\/AK26PW48NILY4ibLosiAtfE5CECcYp7tJeZxtgq2A8ws8zK3n_JbJMEGWKpNcpcodw0U72_jcDou_DYLXr5adXL1fMIIb1J1RsaVsHAbyTWuhTy_eEQ92BGDUyX5QlomimFNYEanVjpT3QIRSKozyXQPKuFRBO8dgSuLWGxKbTwdoqNI7HQ3a8wjnz0jACbeBydHFEIM4PRaIWmxmKOEuGCKvKQQe-tn8Fa0ZFpC6OZ9tpIV-W6307zEQqhT2FXZh_RBIjW1sQSBYM-aorw1qkyLd5GQ17AXzYjOw9gE0j1NS--4asKsSmJ7myqj0Dp-EvxqsEDLHaQIxj3w8dt9VEZ0aN6WqWttz-MDDNX45K77E4CfP6DMFjPsGvY_EYN1rl7KauVWBapx4nU8NC8cIx_fcCWqOWRSDeLlp6fddWKADVi-S8W_K5udgDZ9VWvsgHlvAbpxwgJ58yynSueHYaxQHnNXaJOrbz0cYWlD_XXqIzJZppi3GaGKgFFSuDdHwh2VkU5uUrKQwzJUauC9DfYaUjJL6CzsisJnC1RBi_VOUxYd75AgEyodwgN_QD2NNB46pzPTIYgNT1vNNGEBiqRAfIpoTbVMAO2WogEylnEdjfbeaHeQzhfZaMBeuXvc0_rhf862-z3B4DVGfYErsIV2W7iqp_plmWQVRv_FMxeXf0zx600EAjUuKm7386i6-B2oym7Cr0_oY-3yC4IQRmYR2oCjzqLtn96Sgxg4qAff5Vh_EOhjgvAassoh7ZOoyEm9YwVcQPl_fRgnyrtLVdktsJF_PDPEr4QbIfWiPlQ6cL7blwpEtdfTB1pOV5NWJk4NSIv2FLCV-KiLDM9eN_Wudilmb1Ewt2w9dQ" }, "geometry": { "type": "Point", "coordinates": [ -34.880544, -8.046383 ] } },
{ "type": "Feature", "properties": { "Name": "Largo Dom Luiz (470,18m²)", "description": 2021, "gx_media_links": "https:\/\/lh3.googleusercontent.com\/umsh\/AK26PW5HpoS7Kr0CrmGr6HlCAK0wP69Zt7240JV1aVHYMTk59IZqVcqWPvdpD1XooQ9_vEpLzr_wxqnP8Tc1d_hHMwd6fKQ-EDdcT3k3ZncrXuSsAonD784U4lIlUQaqQ5-eWSMpqV6EA6mIh1Vquzqg16sMEl5oJvx8k3V0Tg5VNAfnAh36TGMKW8gcbBtheMxOuseC4aWl4q5UU8HVOq8jGVSzXg5LtH1pk9Bfr-WV8Jy3zF6Vq84GX346vZKU8LqzsTKN6wfiNf9OJwZcJIzuiBuU_Sslr4vzVpQs2D8SWX6xh08CLX78wuvSmvW7asoIk70_ewIGVBI8LSr5fjOvGQV7p0GwvAJR3o58hd3Z0yAIg8l3S5pIOcJ689SkamkY1xBb8TftERqfxsOHiRdTCKdWzE2C3OYx_viMHMIaIHRixQzDzG_nhNLKVXlt1ZT0qiRKF3Y8xddqddryuvOfyycF0FSX4nmowBTj32QPZVl_2TS50tKojTcezO3Oe67kaN0AyRZ81xLtoGuKUCfMK7VHcwsg16FDiM9_zykUstQs2xFcnWyZAerqYO5KrebMdvkR2zzGGSGLwr_bUvqbPhjV-3YwbNOgm_74Xo4lr4DAbn_y0lFsGVugp0zYcsUJH4W4AvlUKF2GlVadvNIjMvKMvRwa9JB75rif9NmlUs0zdm6jZph9jDtbTosnomPMt2WiV0az8fj6kRlkkW3qp2c0v83PAZsckgoO1BcRR9dVSEeN9aphMiWb_ZRgBhZ7k_LVitIGPo7OoEsaz50q56Inno1vlparyz-Anx_St0mP6VCBMqQijtJMwApjKg8hm4JXHV2VdWZ7fl_1CVwvFlz-u2btZVvxOQ https:\/\/lh3.googleusercontent.com\/umsh\/AK26PW4rKtu_Re0a-KYX8UQOuouiDUqBrcPOtINXBOoWKZimB8Mpx3KYqO6UblJjzT37jz0VMRUeTjo2mBF_H39Hm7XLk1Rwq1IYhKcP6wX17Vhf3M_TojcE-Z9hxs9h7xUHI8McMFjkHuObr5b098pk6CsatxpNryZJBFFVrMVeX94WbK6u_pgBCCtvmXymTsC-4c7YdLl4tusBnGpiT1OkBJppVcCIrJmgyArzZieanabri4YduWm9uRzlS4iF8W7EuCw-mYfsolj3N0jdZM-FkYmq8OACY61cHDSrskpWh73Iwc8vqBoIDpW4bz43aTz7lQln5Zh_gR5UJCRuF7k5tfUw3yIeZevx5ivpxnikAWGuP-vy0o7SoGk-Blkf35VjqP2GwQrwXxBUqo2EYcFgTciWBOsPXZ2ZA2iInPfhIzlOG9V7ba8rL-hbLfRtrHJLMEO34wKvw8LUmG6YTiGHQlv3WFk1DFwUWjIBbjEr1glbRiEXXGVLyTzIFpDD-01XwyHKTnSL2URTxJW7ryFDfcQ1R92MFTO7F6L9MFI0rF8zUpk5fHUgOCgW0_M7t4QrJNFtb1iKOubA-uEGlbcH64PvFmaUfugbnH3rYehWXM5pXWtV4DITEjyhSJUtdFUnH5mjnX89sR4c1bZl_tRkYN7sKK-685v5B4RJVb6xuSvDUgjUC-HQPaSk5-JwG20w02ncw4J4QjycXlK0GDdUAVIyJWboVHBQsWpYgCTPCKfdiH3Kw7G_ZFnD3-F-cO7Xf4lA_2T9KOpXBWnM9gkepBg-tsuQLWpC6bFaeIpGfx00Z9KxFX5_f2Vyv6sMbaNRQIr9Fn0zVVj0NHrBDpCn-ZQhzwlhqscu" }, "geometry": { "type": "Point", "coordinates": [ -34.917059, -8.020287 ] } },
{ "type": "Feature", "properties": { "Name": "Largo do Jardim Monte Verde (2.341,24m²)", "description": 2021, "gx_media_links": "https:\/\/lh3.googleusercontent.com\/umsh\/AK26PW7KqtTiQc3p4OkGnwVQY_zZBsWjhm3QnjiSufgnZjwNAa9bziFOp3JiT_87m6g1rtZyqPqnCTH7a0Bs6-fNXdaKsxGHQFuv55NeXTzCz3A1AImIo17_aD5uer59GGPizTyDa1KAYOySTg5F1wLdiVkI6rpMMzA9533Sbcs4ArDqaoPZjvhCBBlthrGKME9B1D7owZtHB_p4_mK7k7-CtcrK4z4PckYS2bratrib504OEyE2jSS0_2jV4IazMcOSZM3Yykg9699-A5H8f4vN0kI6fGY20MieHfevDccf2Fbs11DB8_j1mFvi2-Wn9lUMmHP-uLv43GYAoQewm4j2MT7Cq1SIC6kmZvWVjUqcHoKaya-vm-pOBy3blQBa5xZOEyvVSH3yOOo-2lQZ7HDwZA34TpCmgevoQFdLnafgYwPuKvRoBWDq6h1TnRuQmXpaOany4zdkwvTWRW7i_qYxr503OkG-8bz6RduuarDHHU2V2JyVA54vLMn8igs7j-UrEHLWi3AqRPdDiqFQMhiKXeFCc6eV5-HAc3GWQoDSJyO6wUPXsereuJlgsyugjGlzGKc_TFRYHzkvQFHYFEqfRnNhU_txDqBVP5XKxIQXssBVANL8tGLNgsZC_0VfDMK26-Y03ZX3HW_Pdr2bVSNkIkLUqTBZgWIKkp8fQg6Xmt8ojb7XXwsBLWysPZaGJME_q2YGAkZ2jaZqIPJqaf3aHUHMKZwh5IiiADOdyiCTcYyykORSpICFsaggEtUUUkQzEKy9Iw86hn_XmRhFdzREMO52N1JzjZNPUOfxZINnt9ZO2NDr5avZQLLy5OSJ07nrHBVsZZJJwLWNruXzOs2GRwjFLUsAj3Uy4g https:\/\/lh3.googleusercontent.com\/umsh\/AK26PW69ezUnI78pAEXrAEulsq4NJmtOU1cFeKUmOyy6bO2WNAQ1WcR-RRVjFrXTwEqrWtIDVIc6OKZwYg5OZBfa7XnAlSEpwi5q8mBfeNINrUXDKM56LQapkK9v8cneK8nWjoIlebdFEtFzIINt9g5SF9akFf5KQUrxxgtdQmevSEPYw55OwrdqfyL78TKYxL3SuMNMVBAPkpdyJxTokiX7JTXsT_vWvsSt3D2cxCMFuBbu22PeM027ftBVtbGmfQT_pjx_1Pypxu8xtvC86oiMI2lPGXOUmUSI44mSmag0CRZdQRSGzEEzQAr-qcxtmcn1cJBS9JpXgHTmBcZL2lQe9dz3-4Al08Kw5htEHKcsrGCaJ1IKgbROxRdqdpjVDpVN5uMtMWNj9W69weIP0u59_llA7NBHHRxdzig1INyoAWTW_wxabtZx12YWNzFPbGzIfrwwzX3T7Pi2dkWphfU-wUJCxNgLrdYzJ2VN6XBpeuRA5hISTC5IjzKN1bSBdp_sgASBJNmNT__IxhmsxmoY4NP8r65EtEMlvhyyjK4BLUnQr2lfpYo1cOl_evmDsx0RiwOfEt7AG8lX70yxsYUcI0GDPkJRbQc6qWo5PBQvIokAxnGkQY3BPto8bG1WYMahV4nj6wDkxzgMpLuLNW2BfFG8zoDYl1S4DtoCYtmxhUu8J-WDh3XJWFadJc74Rko5BjqIx26VRgo8Ye6esAzYTTf_simb3xUFxIghEqOFF6W91MG9-bX0NuhSZPK2SNerCYkj0eNbiRYhGg4ZLko5hvjj4fkpdHxcIvEmKzpoQvgmKA3ksN9GAkWD_wQE0M9w0qryhEnD6S49NDJWjUt5I6LJESjrauQJkQ" }, "geometry": { "type": "Point", "coordinates": [ -34.959738, -8.114476 ] } },
{ "type": "Feature", "properties": { "Name": "Rua Velha (2 Etapa) (796,50m²)", "description": 2022, "gx_media_links": "https:\/\/lh3.googleusercontent.com\/umsh\/AK26PW7t2NjdE8iuFiV_VMR7rHjQedwbRnmaAg2KCNgbyf0jtKdoA3NuEFlTCkZGNYg-FqNfKLIS_9xjS6r4LseBEqgxPkzLdYWa5KjGQyKyNzCWT6d5QwPqGzdA4J_dh6fWSiwXSVnS5v-UzSU-L9lWW69066DRqCHD0selV9ToMmBFTPRpZ3QwDVbY8e3ywHmCtS6aFaZ9nrSTaZdQdjAgQLw3Tk8d8xWEJT-fvMikqPl476iZppOwfG3Ex-uiuSmqgNk34kDB78lDdTFrxwg56w0_A6lQMRWmBy5wOe2stpnNSs2x5jkabBBb-6hzrSSSrEqc6GEkOmpv8v6xdqyr3rwknq1FOfPHhKwCN6rqQJ6dz4AzhD1zO2xC_fsEeJnuXCyQAY7gM8DjSd6ltmDPvis8TpRwrOCsKpZ2KlxEhVaJ12kSOpx3_5tNQ3QHI05wWpsKDxOZ_bG9eXP3UMs3BBtnRcLmouY1wFsOdTKJJ6oC3ZuzmJT5e7tMtA5ERGRh0u47ANbr3uxar_JiLZOdku4Zjq9oTvgOex_B4s4qqPuFRBmQ5weze68QekH3fj4xSiGlDjI6HfcCbYEtOaZFuAKj5FmFI2d5q2ckX4z-qyEIIV5FlV7j3cZBQi1JSVHXnZ-5SZpDwJyOSbV7AmET504M4nGBK6rUqz4HMDebwF3l5fGCvdMdBu87_Vdb51__pkcWknDDcMrP3JgFSYLoowXDY1PmIdx0xzIxqx2qX0LhDCXfcurzWDHn2SREZzg2jX4yVMdNaIrdtKhYeZZRqR7tn5Tp8QjfDSl6FSkDmzV_EVPdywIegdu3P3YH-WB9CRopPmORlX10ik1jLQBoP_Z5lK0_KGZfBg https:\/\/lh3.googleusercontent.com\/umsh\/AK26PW4IAnm692xjITQ18nebQqFynHxNCmUxvH5lFG_9xwI4-ocbeDMwFhmisKPpIHcuhdY1EV32SvOmrYNgd8gGPX2mujwZxz9LZ8LrBfddtYCXrlP8_d6RRLSw0NwQ4xLsdk5yjUxopf6L1MGwGJ-CbO6tXw4HrKIovopZihbi-agdHqF8_uYEE9uQK167vebpb2U4zPz1Fd0rXsH0pqsWznIbKkxQ7fCiF3XxarbTW70qTHp-PBW4m5qo6_Jw7VnGkQ_Wa1lXe0nB8YX5n5wm2XUDNiWYPHX8RbEcttK8zv73bx2CwRX_gxqr1oxrMI55miG7HV1ztbZnYiWWmXGlRcvaa496q0P7AM4DFKo5clzdwVYwfDgrpVCDYqL0ThvV_R3zHqv6-gZW-mcGDWMuQ-SDP_P0wlD1fasD3r3WOeuqGrVe9awc6PG-wqV7lAv5Ydp-RmAgKS6ABKQBf808QP7w0A1HTjepb9XgkdWwhfniQyu86P464GZeMhsmgLSAJYetOQoEoNN-0r8nrQuwB2jFfCDsgBucbJt73PhxaB3g7ehVd_xjBR9LObjuwn00IPHD7dykSWdT3D8-7CZ0Pz5CXw_9Al6Hq9TJ6Ke91PqjdASN97iG7XbOmnF6ZXJAWJiXIDlnRdGMJ1w-Amdb_FSXXINhrklZ2i3KT1YYViCHpLQbCkDatY7fBISu72n5V3CTbFDmB2YHoiy2ufmb_HWFsr3qq1eev_I8LtoHsEHIcjhYE9GOEEWjGoq-R1Ut9tRnq8WIo03UkAY9325MrK4FAZvQYALW_h0RiHqu8q1lzzenheBK9LU8WxY92DYiOZ-uaM6Se719s02RL1dvrWN7si-0Q1ja" }, "geometry": { "type": "Point", "coordinates": [ -34.887842, -8.062164 ] } },
{ "type": "Feature", "properties": { "Name": "Rua Dagoberto Pires (83,57m²)", "description": 2022, "gx_media_links": "https:\/\/lh3.googleusercontent.com\/umsh\/AK26PW47xb-QSiWU7FzmyB3N9hMRilDznY8exaoKwwvxn3EYsMWUSWgmEueD9idy9547QNJOU5lytVhAyWlZqf7GQInw-Fqk3cVTOPCNL58OVxGvAMQ53ReOVS_6xU3cmBpRGXKQ9i32vGgQp7uijOOX0rJtavrQ4gyt7SXpbJ1Kx4BpBxn0lHbcm4PgHbxm1Lnlm49KXl7OzjD6hsF8oehu8wbzq41CU9zdT7zGUZKCwrq0HHWoZsZ4jf8RbiDffVRe6Gm8-LIyjBJqB41oxWxcvS1lwR9qCv8GOCgAgmTVkdfZuikr145imhD_-RnLlzG-T6MeDBOvS7rjzFpEtLzx0-RkY0LYI3IgxQp7-h-XHaPrwT4saHVyBn6BzYB65LZosuln01mA81NEO36tIBcijOtpi4e5MXcbz9UCS_5GNaROsa5dkJsgVEM3F_wZY8K-oTyKkZf0k8zz2mqHViFK0i7Qm5lqoW-FaujhkT56P7bVmtfpmbEzGT6qtfbaFAb2Eh3nZJ1zWQG08QaZ3Ea7auPsZQ-MnYKu3T2QDianjK-eDaH_U4u7IrgOSTNlbN37ooTk9jzrRBb6g3q4EgjeysbpnNzK9ZX9D2cvP6IAZl402VyKldm_Dlo0nW4r-wFVyhpxyJywLrhlL8ZcZGGniWr22H-Dyub5adDvOVy_2ovXtvclN1mhqa6UfxJZFVJUCvpEyK5f663BG1Kk7hsKoiVrzzVo6GzsNpEPCDBFBSniKhUeQX1uGASrjobw2bjUTDVeh-iMfh3LHw3DLo3hd5Ix8f8cD0O8wrIFQgFZRmS4YxD08nUgYTfe9HAoU5KGJkKlC2MORlaWTkhPZcc8XM6ijoUz_cQyMQ https:\/\/lh3.googleusercontent.com\/umsh\/AK26PW6Th_ufBtLeiriycjHDUAduFwwrDdHCfmYmkfBa14ct1qbXdo2WuVCdu-EWj22G_iiCpP3q47zwRk-8nzUjL-X8GdSYL7jymzbyae9T0vkeFBCvuLy1y3DQizi4QdGpa-5vsauoTIZbcTjzz10HzI4A-pFK2hu4BuBwRpuiQU2RSbcSAJTP33xvb9qWdgFsvNW-etbh4wFDA5bY53zmURTfjsdetxdLq9ZYkWFuUy4pm971Au8FLw7zJQCD5HsmdVmnaDJBV-RXmngyih3tD5c_I96b26cQaLE24VdddvN-KsXT1rkuNEctgCMD0EIQAQarHdmKIfvO1jok1JLimnb_IBYPR-SN19HsP6vOXEUayI0kak53w3xQBB8G7UHDTcW-zCYFll_kx61al6nGhWQkPr-vu5kXbExuXKhjzroMlaxRp2nDAb2qM_XVRyKhrR8M5Ti60LbzUG5fqp362g1jRAE0vCCrrMf6sev5TzLArld74oFD7NP1sl1H_yFWZc5nCWHPCoU0Rda9v7uTXEcqKGVp3Pt5ejXZZBrLtCwzW7Qk6J0vBKmsXRAfa5Fo2SeryxW56SCqruokHI02_-NjgVGi6GWt0dACLcwbB1HaohZDpXK8qRQWi8J0GvPxnQeIE_MjN0p510O1RkcVLOiUVdnJTy_nekJz99LukB9a0H9JxfMKKGqLuJrmHvB73tGlepQyhH0j2-MXqZHt8x-G_hFu5pcoCoRWSEZNrC1rQ-dY5NYbzZ29IKy_c_HO8UkuprWQ_r1Zyh4nIdhJJr-ob48iiJnnurR9dpm7kYSA3Z6BYp4mnR2kbKsnhhuOZVBUrfdsnmgZrq5_3IpjJlkpzbYwD7Q1" }, "geometry": { "type": "Point", "coordinates": [ -34.878517, -8.085929 ] } },
{ "type": "Feature", "properties": { "Name": "Setúbal (1160m²)", "description": 2022, "gx_media_links": "https:\/\/doc-0k-24-mymaps.googleusercontent.com\/untrusted\/hostedimage\/l6g5ndp3jkqtbhkj1l07plc9fc\/uoloh3cdl7u94gnbum260qq1gs\/1672845300000\/fcDeWnNNVdHRayQXE6HMpGGyeR6CV3dW\/*\/6AKgB-9nPmF3TFP7b1DX5HZri36EEFjD7Xv31O8b9HyGLf8Sw1hF9-1iLxiORoWJtMnfh7QHVL4GEx7uHPGREU_q8jgqypW0msEvpJ0PDjfzIZS3clkE9deoEiq2EJRKuNWVeAOaySXQKlPFoIqDw_Yz6P6QfpQ9x5zKwgi2nO3yyxxqYbt8iw6Z0VQTV7qCsWrdoIbY?fife https:\/\/doc-14-24-mymaps.googleusercontent.com\/untrusted\/hostedimage\/l6g5ndp3jkqtbhkj1l07plc9fc\/h3fucr008j999vc0srqoac4t5c\/1672845300000\/fcDeWnNNVdHRayQXE6HMpGGyeR6CV3dW\/*\/6AKgB-9nGoMiY1hplI6984M7LQX8idOb0APavo9CcjhLiV1zfGxv82Z1mmjMu56UUZCaeB_zh9aYk-qZiDuLKVhBbAm-OgVdoL915nRV_b_2RiEHfo_uDiQf3Dibr8nl_iHmS3JmuMvGExYiaRVLrdKSgyO6_E4Qyz_i5t5P5bQMS9JG-aT4T9ESlgSrIc2dd52ZYIw?fife https:\/\/doc-0o-24-mymaps.googleusercontent.com\/untrusted\/hostedimage\/l6g5ndp3jkqtbhkj1l07plc9fc\/q5nvf62pd984grtq0uumthl5us\/1672845300000\/fcDeWnNNVdHRayQXE6HMpGGyeR6CV3dW\/*\/6AKgB-9kB8BWRlM06Lzflxii-HW8xtIZHGyeDeXnTOUEOSB4GLZIBaqvaHP_HlenSzsjiN9fwOOBzpMLu7jabfjRs9ahEIKGxdSHqBG3VUhkEs4Q9tL5qg4muSC_NseBbFGcG_Ka-rvGZpKqDSjkHoAgMpaEfa-0oAuy-InyQvdxdiEWslZ2ndzCsJy-qqShgvhC3_Mg?fife" }, "geometry": { "type": "Point", "coordinates": [ -34.906149, -8.1400109 ] } },
{ "type": "Feature", "properties": { "Name": "Vila Burity (1081,5m²)", "description": 2022, "gx_media_links": null }, "geometry": { "type": "Point", "coordinates": [ -34.928598, -8.015477 ] } },
{ "type": "Feature", "properties": { "Name": "Rua das Oficinas (1470m²)", "description": 2022, "gx_media_links": "https:\/\/doc-0c-24-mymaps.googleusercontent.com\/untrusted\/hostedimage\/l6g5ndp3jkqtbhkj1l07plc9fc\/umns9tih8st8d42omk3ad2o1dk\/1672845300000\/fcDeWnNNVdHRayQXE6HMpGGyeR6CV3dW\/*\/6AKgB-9nhTo0NcrKx5o61hWcd3ylBS0vFIaqyePt2-O6J2FCN7TAwyw6xWKitLGarm9sgDISpQ9Uu7JRupsD1pZ00t8e8_pLoqo09SlgpVUMC5RciB2m2h7bqrP53XruHzLlnI1-0xm2CtEMnFvtLThn4L-opARq34chJAVY5gze88GJyCrbUIRjD1mxUNcg8V00DKtQ?fife https:\/\/doc-0g-24-mymaps.googleusercontent.com\/untrusted\/hostedimage\/l6g5ndp3jkqtbhkj1l07plc9fc\/bokuakf9i8ql29e64qmp1ot3vs\/1672845300000\/fcDeWnNNVdHRayQXE6HMpGGyeR6CV3dW\/*\/6AKgB-9myb3O64Qg7RM9YGxCmSoGKSKgTur23LdkfkAQ1nAAnlpqoDqL_4IjcfIQPC3J0UclE-zcsX0Z7qsOGpFzrQmuwuxfNEVtpvxhKdoC9O6woTMHugpbRq_vE4nhzlK0gQTV_bJtxFWDpOYQSPVGz2U0g4pTTcV1TNO8VyaqYJqxrqQnV7ipmSjRuZcDl-K7pOyg?fife" }, "geometry": { "type": "Point", "coordinates": [ -34.8837819, -8.0846434 ] } },
{ "type": "Feature", "properties": { "Name": "Mercado de Casa Amarela (698,42m²)", "description": 2022, "gx_media_links": "https:\/\/doc-00-24-mymaps.googleusercontent.com\/untrusted\/hostedimage\/l6g5ndp3jkqtbhkj1l07plc9fc\/9t0qlhh4tm2672f5li4i9h8beo\/1672845300000\/fcDeWnNNVdHRayQXE6HMpGGyeR6CV3dW\/*\/6AKgB-9k-SNpWqId-rIMxD6BHP_riwAhRwQoBN7eJFhCkE3eGitCUyfTzN-LEAM2SGGcoxdM04Hq8Ny04g-OcTe-DSupGz8uHCbR0G8GPM5uMpJiNDqIu745CFDtGDO6qJEtELQs5fEqh6NWgqz6Uzx01etvtHQ1NEIZti0j3X5T8ZIFqMvbcbRGSeqThc3HDtPbPkac?fife https:\/\/doc-0k-24-mymaps.googleusercontent.com\/untrusted\/hostedimage\/l6g5ndp3jkqtbhkj1l07plc9fc\/7va7r1n03rri1vr5r3egslb94g\/1672845300000\/fcDeWnNNVdHRayQXE6HMpGGyeR6CV3dW\/*\/6AKgB-9k4mYiozBqrNvlUhjXg18oHWZcCilW81zuYcBUB3DrtY5ExrA-w4-wmsPH8KmrvvNiE_G2qRbNPwUOK9JySCPcujKwmArLK64Jxurm4GK1qc0glGGFNsM3UWabLO4FSLyQAppxmzQZNidXjsA5pzRU4Ejz4Nns-KJVItJpcGbuT2yuO6mp2MHxCpJJxlPzyiEU?fife" }, "geometry": { "type": "Point", "coordinates": [ -34.917796, -8.026541 ] } },
{ "type": "Feature", "properties": { "Name": "Rua Amaro Coutinho(521,77m²)", "description": 2022, "gx_media_links": "https:\/\/doc-08-24-mymaps.googleusercontent.com\/untrusted\/hostedimage\/l6g5ndp3jkqtbhkj1l07plc9fc\/vtorfq84sdn6jfb05ap16tttfc\/1672845300000\/fcDeWnNNVdHRayQXE6HMpGGyeR6CV3dW\/*\/6AKgB-9llj2321BPzFfxuy9-M9bPq4NLC13JmYWjiLw8lIM7kAixOlHvFU5vNKpoYNTBvBiAc4ZYORpBBKwXOVHtwi3mHtjlTB2HMUgQ6OXtKOhhneq50attLtHhjw_PSHwvBTCPsazH7m0TSlt4JPy8fIx-gc9Oh1jFowzZ5HWybeXcjqF2tINDyv40S7zTlCTqFnj4?fife" }, "geometry": { "type": "Point", "coordinates": [ -34.895121, -8.0332956 ] } },
{ "type": "Feature", "properties": { "Name": "Praça da Convenção (978,95m²)", "description": 2022, "gx_media_links": "https:\/\/doc-10-24-mymaps.googleusercontent.com\/untrusted\/hostedimage\/l6g5ndp3jkqtbhkj1l07plc9fc\/0j74gs5cen1emrcdd293vgrv38\/1672845300000\/fcDeWnNNVdHRayQXE6HMpGGyeR6CV3dW\/*\/6AKgB-9ldDqcyotRhzQyM1eBSvz7a5oTUa16tImK5q56WX5_4xEBAtKPIjPVddRkGZu4o6-WA24HaEi8CW9E9qR0vmRFHFsCPfo-MtmJA-GbytMblqI6aSYoXJgc7luPgtdt-bktpPB-vsEVtfKCkhOFHiUq1IQo0s7zgo2Bbkx27ULTXMDAg8s0t8oJDTLgLM4-RQDQ?fife https:\/\/doc-04-24-mymaps.googleusercontent.com\/untrusted\/hostedimage\/l6g5ndp3jkqtbhkj1l07plc9fc\/ki7pamsejqise6r9qut1v41c54\/1672845300000\/fcDeWnNNVdHRayQXE6HMpGGyeR6CV3dW\/*\/6AKgB-9kaYyXCvOC361Lh4-Unithsd8jnVnCPpbz6RQPvI2OCJxdTg28wTPlnVuk0xoGqNDwUcnIR5gd8UXTZVPbuYLeD_weM2TJ2XBuX7e-Qg7BsPgmwAKxptWhxAm5WlNp6NMQ8uVwwFHazLc8giqKEgypjq-Bskq3nxOT6EAE9W8kAP2QTKDbmso4nllqK_3kMZ1U?fife" }, "geometry": { "type": "Point", "coordinates": [ -34.8974789, -8.0024619 ] } },
{ "type": "Feature", "properties": { "Name": "Praça Miguel de Cervantes (764 m²)", "description": 2023, "gx_media_links": "https:\/\/lh3.googleusercontent.com\/umsh\/AK26PW746J3KINhJXLB70O2DP8hJdT4DDCCYSMBBNYuGrdfMesOOyLWBoNzh1dm2L6IUPaeclS8gYseQPodIJpgThvP7QBBfMlJnNBcrnOnjiFpVSlMIdREWfZ64CEf8BIxbrOiC9UpWeLPOqvSnb3ypp06BkfCBxSZpg-ZP0Pz9dOM-sK26qtF6bfmK70y2SxuDUkpwqN8DEnlS6bAOt5q5avQa7dRNeqvYlX3I4hzelh_tX5df4NdMVlI1y7H3xnsBZrWm4ZI0ZUP_DUh7foNGT22WeJNIIGJy3AVSomQlBtdo6aZG7X8htb6hYulcW1XzYsvpqy2bUBPOztxryXxq-omwTlWz1ISSGaSlbCzcbegYI5692bEaFbN_dmcuzePj6N6pk-yh8q5hLndCa4OhqnYuvU6Fk6SKgM_YeiK9hpz6vPb8dYwppAOV_lUb9oGdHEKHtKDyqFYHKWvkyPOtfHtM5A2GUtRA16DcE5taonT_i6IksqBAdRQ_PvVxQhPRY7YIbjv_GxdMKzD_JN8E7VNUtwQncRVMAGd6zSnYrJO2mSEYSYA9zeRDr6yx0ONnfA9GXxDztThR8Oc3Sn4AW_dqJgxengcO7HA36WrcYdWw8kd6eF_UfSFGU6-zmnCdBHPbNgJ3EZxLLk0luJvw0OehGBHH9StGxCrUuNImeGKeGo7ortKpVNZNu37sjOpoPc0-gJcf-drIOpe58wexNsnlUgU7h_9_-Jzss6oNdTDEtUEILohXE-S5GnOh9yxwybjAieLOwyXwA6yfRaghJabFo5rgQYsQSjqAxZ1imS-5YL76a8FpP0XJxdkppktEB5O7C0Qk702IvKzphKaFm5os_r3tGWU https:\/\/lh3.googleusercontent.com\/umsh\/AK26PW7_cHUM7g4GfWmZ_EvApEZR8zePhD3nQ1KlqobZKfBeK2Ms_jcI052IXKLhJuamGKg88ZuGtdfhcRDvaZ4FF0rS6xS5j5W3sE4BDgNtN6b59SBMTd_Glc6k6w8i7eUacft08GzbJfYn8m5WbtoSZBz-u1YCevrNrY4KvhmEt6tF6N_mMA-PalabzCn6HrG51QAD6-Wh7gpJp7_XlNVTZdMMbl4bhnkQCTEnH5jwJeDXbkVNbzmejts7aZ6bul2CSxnX8JuQf8OM7D9rcG2W4JARyFh7FdBdVCQ2d18ZfCnKLMIVWCHQzecOxkgvF4Q0DPo0_XbbB3-iyH28ZVMoMzApViYRVhLg_Tfyyi86AcFB78DhVlL_hH7UAErEl5clQiFXo9CPql1srP0Z7CmGNUdGX6YdGklUV7VP7jjKreC09GaN1yPTqD-hHROVis8H6nzvYw9vx1F6m7kHx_yhDGovdujL9La66kVaxoSrrBOQDbdk2K2lEO510VR_NmVM6z0zuXsiJ0ePfpYqjCj8mk4k7aKdiyUmKr7EoRsA8EX94OP1ae4nVqlo6bdcyVjWu1RiECep1Z2O-REImWPC8f4ElG_dFR4WSEx6kjMgw0MPGW_S8sc9GP9fkuMYMQOIIycnJ8oeYKuuFap4pgx9cRnjemJj7aHMlPH3e1vx2tts6J_orAeeTt1Qko5acfYSbC-0-VdjsQ1msyEPrjsjiNdHgSt6mPhCUNWQ3QltKL5DZ2rVsUaWFA4ynraHIugMzEb04FrpGkjQAycD6zA3d-rqY8vi8_Dj0KX8W7tFLSbMGw0iE5l5mWLeOoigx37NxfB2EkH2TtXZZi16J3_F53ZnNxz9SQFRaQ" }, "geometry": { "type": "Point", "coordinates": [ -34.893489576727099, -8.06627759337683 ] } },
{ "type": "Feature", "properties": { "Name": "Mercado do Cordeiro (290,33m²)", "description": 2023, "gx_media_links": "https:\/\/lh3.googleusercontent.com\/umsh\/AK26PW7p7XcWMG4iSfR5ao9cVo5I616acrQWb4VBHuVX_KzHT4amvPn91WGoSKYdsFF5zcS-XsLL8DKlTXIVX2a3-PLfDIYci2l3E4CPlECyrNNzmUJcl7_kBJJNSXb43MhlA6Ki_edE4LFFM09Yw4E1g0TFGX10T_-So3eH-pqPZpuDdxNPqCDGEz5N7B2rJInzw0B71e4t-eDUA3plOCvSr9l5WIm9U8M-MFlLOczleprfeF1fpe9qaFHaJzZOYS0JDgUhcHX5EdSZVyK-rv6Rs25YPMfeZdLI7jCseLn22I25F8PlJ8phIECsrSP0s87RPNmw3jICqsKpLjjfUuEfhrP_W50Hlc6jcaXUKQ76mSYbcUmwVytl3HaslglckBlwMzi2lqDUjnFQ-otcuK0UKHjMqYFk9d39hLerLfJ8TrSKktofbQRCwHgfcf4yw2s0jOFPklsmQfBr4WEfpnfqTwRXih-nXsiIF6Y6DbIn9PVR59fT611EpOK20IxusazyqPFQ2OpPTrjpOAOf4PbxPg904Yg36GO2lQWIeb70hGrkxV-Dgie9KpY1OSy2dwx9YgQaLG1oCQXrJF22sHY5S0_Gy4aZZElRpGCznNhj4g67VszncSyntlC6j2jBvg1l53qKfCc5wsmK2pQf6JvEhLE6EplhMDRSFQ5fN_SAxB06tZ5FSLm4QM-sfbJHh9q-Wwi_HxUbKCtEStr7dw1ao7KABhW-E2txfnqySkcrL88322SNpwjVabdxZ9lVsMXV8ZFftePzOD08ixBEou1wwFm_kOa4ubq-5SjixTLNWSh7-Mw47ivbxXxjArEgQMLkOx8KsRIeYmspufeE9TtbkvpkfQr1_u9w https:\/\/lh3.googleusercontent.com\/umsh\/AK26PW5rh5J_vu9N3PSqrjCGB2xopEbtNkHCnOARNCq3_V9jeUNEl51gRRizsPS0twSltFRkOkK6wYt-4vC7t7VNDNhopzljzHlRozQyzSpkooQlm904j0itmJKsvJLv5CWS4IY-NqMBstxwsJitFkd0umc0NKxrD3jgQ_qNBQF_8N4M9KpS2FHLVG09jeHOIW4MgsSyo-0t8CclnBE5hh5WdQKUdiYIdOHahIyfMBPblrDmqorT-iUW2S7yD6szr7D3K-eEBU9MX0HIrIjCF1q9-WEpxynT5hjmL4HNkFkGBbXg2661MSkLAJw7pXp4VgZGqF8weEAVsjdK-cfdUNTHow2rG-C7JhFppVlZDgvApSepXAt4qfb394ZQBPFFbIY6Xbej8oM96lSPjrViVr2_UL34_1VSoIHEzS6IZ1Hw5IgFsMD03pSOso_lnx-vJC2N9lsM0RO80KvVB_hX1GMiEn6pMRZF_Zujh8WSekvgp0XAFIKxkErfB66383BAz3e8a1QmkUaqTSNYKKr7LkGmmdxL2QnquL4sFDiCL7DPv60HVkkdTfx4CH_K8zp72Nuk72NNxQi1IHDOrtoyUSNGohkU-6jIg2aXM6y8XGc7NPlSlU3EztEsJNxkto7SHyApSmN9En74dLYjV9ULsVSsc7elKNdQyTJGJdowl-yBOIFWvLKuEneqJiqpVZRWvHekICHgQfved_53aNJlx3YmhkGQEqSf9b3fEYBbXX7tJyV0GYgGkAY--z66ikgNRS8M7UISKgXNzR0cz7MaGGIJpIuENFpiinGMiCh8YAestfn0fJCf9GojjS0cwf95kzBy5URiv4uShH6NJcgaePy2bPFcd8DLLpEwOA https:\/\/lh3.googleusercontent.com\/umsh\/AK26PW4EbNXv2nL2DdqNpLukYEzaPPyk1kWBRu3v4dczr9fYrC1q84WNPBb9foaKbIf1lH_RA3TvwpL5PUPakRlleiVtm_9Kyus_2ozziI9H9QudZyHvbvwipiUHa8tVLYYHEDj7mjegqg_W6QKUUGtNmZqKo6n2hgwnlk9rlStJMsl69_xuy_1yko_7jlXVp3H8YmGhhFiCqyvha-xYgzAdStwW7ksvgtWE2qQUSafu8BkJjUufbEjIT5wAVcXY9Z_K7mJzapOKXJfoTr_mK-QHflbSbQ0tfnuJ3vvzm_n8xjZ-cNR1rFH6wGb-A3JdEJJEJ4EoYRquJxWFxIEbmGsxMI0W11nXP1neECw5rY5v1amCSFgA9DMu53Gr_VY4UK_5whxnFhsi--MJCXGl480XIWXAnBDA15ZCfgM7r2FJX8w8yWWwWdqg1RnIAKzoRoYGmk8u4WyCCsYsJYNaLQKbdloUfDIBfCQYa678YfYzm_twnkSGowOlg0A2FDg0nZJKb7PlT7mRZPTq9stuY6SQ2Phvuz6hrY44Tfq74YxJ5gIttTTdgW1NYvcftWOn_fNfAWclK2ejhJ3Iioe-Vu2_QLXyj0g99yBtQbhN2OGRVYsTmYGWJFeb5cQI_9U207-LO5MXOe9iMI4mYL52L_lLj54_VESpjOT7cxD0X4gKewraReLzTq4wmeqeJb-QRUlyFL63jGQqe-gkwBLuTEvOfcOMWgb26tU16OmAQZN83v-eSwov46G-Xkop9Bxj6Dpi59nZpvldOOJ6M_Q0eMcxiKAKDt8UTy-A--87kPSOQcsAFoG2zkblFd0MovORTEQdZEaBKK75ddPPf6xHxHa3pwt1q7dSICpZ" }, "geometry": { "type": "Point", "coordinates": [ -34.921761153286099, -8.052456422033091 ] } },
{ "type": "Feature", "properties": { "Name": "Segundo Jardim de Boa Viagem (385m²)", "description": 2023, "gx_media_links": "https:\/\/lh3.googleusercontent.com\/umsh\/AK26PW47xb-QSiWU7FzmyB3N9hMRilDznY8exaoKwwvxn3EYsMWUSWgmEueD9idy9547QNJOU5lytVhAyWlZqf7GQInw-Fqk3cVTOPCNL58OVxGvAMQ53ReOVS_6xU3cmBpRGXKQ9i32vGgQp7uijOOX0rJtavrQ4gyt7SXpbJ1Kx4BpBxn0lHbcm4PgHbxm1Lnlm49KXl7OzjD6hsF8oehu8wbzq41CU9zdT7zGUZKCwrq0HHWoZsZ4jf8RbiDffVRe6Gm8-LIyjBJqB41oxWxcvS1lwR9qCv8GOCgAgmTVkdfZuikr145imhD_-RnLlzG-T6MeDBOvS7rjzFpEtLzx0-RkY0LYI3IgxQp7-h-XHaPrwT4saHVyBn6BzYB65LZosuln01mA81NEO36tIBcijOtpi4e5MXcbz9UCS_5GNaROsa5dkJsgVEM3F_wZY8K-oTyKkZf0k8zz2mqHViFK0i7Qm5lqoW-FaujhkT56P7bVmtfpmbEzGT6qtfbaFAb2Eh3nZJ1zWQG08QaZ3Ea7auPsZQ-MnYKu3T2QDianjK-eDaH_U4u7IrgOSTNlbN37ooTk9jzrRBb6g3q4EgjeysbpnNzK9ZX9D2cvP6IAZl402VyKldm_Dlo0nW4r-wFVyhpxyJywLrhlL8ZcZGGniWr22H-Dyub5adDvOVy_2ovXtvclN1mhqa6UfxJZFVJUCvpEyK5f663BG1Kk7hsKoiVrzzVo6GzsNpEPCDBFBSniKhUeQX1uGASrjobw2bjUTDVeh-iMfh3LHw3DLo3hd5Ix8f8cD0O8wrIFQgFZRmS4YxD08nUgYTfe9HAoU5KGJkKlC2MORlaWTkhPZcc8XM6ijoUz_cQyMQ https:\/\/lh3.googleusercontent.com\/umsh\/AK26PW6Th_ufBtLeiriycjHDUAduFwwrDdHCfmYmkfBa14ct1qbXdo2WuVCdu-EWj22G_iiCpP3q47zwRk-8nzUjL-X8GdSYL7jymzbyae9T0vkeFBCvuLy1y3DQizi4QdGpa-5vsauoTIZbcTjzz10HzI4A-pFK2hu4BuBwRpuiQU2RSbcSAJTP33xvb9qWdgFsvNW-etbh4wFDA5bY53zmURTfjsdetxdLq9ZYkWFuUy4pm971Au8FLw7zJQCD5HsmdVmnaDJBV-RXmngyih3tD5c_I96b26cQaLE24VdddvN-KsXT1rkuNEctgCMD0EIQAQarHdmKIfvO1jok1JLimnb_IBYPR-SN19HsP6vOXEUayI0kak53w3xQBB8G7UHDTcW-zCYFll_kx61al6nGhWQkPr-vu5kXbExuXKhjzroMlaxRp2nDAb2qM_XVRyKhrR8M5Ti60LbzUG5fqp362g1jRAE0vCCrrMf6sev5TzLArld74oFD7NP1sl1H_yFWZc5nCWHPCoU0Rda9v7uTXEcqKGVp3Pt5ejXZZBrLtCwzW7Qk6J0vBKmsXRAfa5Fo2SeryxW56SCqruokHI02_-NjgVGi6GWt0dACLcwbB1HaohZDpXK8qRQWi8J0GvPxnQeIE_MjN0p510O1RkcVLOiUVdnJTy_nekJz99LukB9a0H9JxfMKKGqLuJrmHvB73tGlepQyhH0j2-MXqZHt8x-G_hFu5pcoCoRWSEZNrC1rQ-dY5NYbzZ29IKy_c_HO8UkuprWQ_r1Zyh4nIdhJJr-ob48iiJnnurR9dpm7kYSA3Z6BYp4mnR2kbKsnhhuOZVBUrfdsnmgZrq5_3IpjJlkpzbYwD7Q1" }, "geometry": { "type": "Point", "coordinates": [ -34.8873194088535, -8.105092352651081 ] } },
{ "type": "Feature", "properties": { "Name": "Rua Zeferino Agra x Rua do Machado (415m²)", "description": 2023, "gx_media_links": "https:\/\/lh3.googleusercontent.com\/umsh\/AK26PW7IDeO95WMe7SvrXQfF1c7sv70vUL2oTlNIhnKZudOWjHacCy0IQspMhCLCobedxmD3Y7K2xaChM1LWQBFotREwQ2fvbRFeUFvllxEiBUNXyEg0X8E4SLPtD2J-9Wx7Yq3XrH_f1rfkZAiXAnEBDXdaCBaSbf0723hF4EThp7UP1SLDMY7Nakl6_craKJH0LwWVxHBq2olLnzEnJtrvejNez1gEvSit3noSR8ImaJ8WV-pQm-BFlFmHbA8ByLPS2l08BVVYBN4HbQ0ghKZDL_iFM2YDGgAkx9Wyi0TvsTQXskHeG6queOxxV9AWabHbwWToUm7P8M7zn7Jko0B8NRnzc6uDZ7asOvRlu2azadb469PTzZlgumx0qYs6Efeu-7JLT7-EMgHB6VZwqhLq1A6YEDUrN2OXflvXRn0d6KJnYbdxjGcmuvioY5laSBW05o_MVWudbYEuXklg-gDU0QjeR6T_YDAe77W-Pawrxbxu97h7c6QZZhkZYG938rIFPBfXrOM8ym4Jb_tx8FZnkqz9sN4viB3kobz-VQihaTuhpUupidg8iFNXJ1FGShk5NhP8-R2KCzyi2KA4dHVPpjz9hV4XhVgYa4sMdGsYC8wo-3ghN0xqIqqDaGZPwHp11VRu0A7eRs10-UY2rt8pkd-DfA0djs02kWFz2LLpWfZAZG85A7tEIK2Mr_mJyXxNekufqmMeKkpDHeiZzdB_U1qhzV98VcPyexYW34MvKt5cmnMoFBZmpDYc6T-m2I4qVczCJB4oL7R1-SGcT0POhoCXCyt7LngoPLHE-I-JDFW9CWfSxRBsY3aZE1E5Pyg5a9reTMsO4xAJX0hYHbRs_WL-y4J376rYYA https:\/\/lh3.googleusercontent.com\/umsh\/AK26PW50OpAZokRfFNYn5uXpBlx5jPaase6u9iJ56BrIlffonv4SrLVXbWOJsd1C7an-UP_1braYd9UMg5vS-FgBaR6C6i6vYH03y02nlRqXxxKX6977meNT61by7gM7L4cv2laiueH4iSFMgkRJbgeBOKW1HkHn97JKzSGA_dWxxX6aVXj3zHevlgDc_hciKSuGmkLkL-EFt5KKF5lUAlnMTYktEoOfe1Z8Gpz2DFeTUriDVT5_bqjhHvocUcdhKNxF5NXH-wsx2Nm4YwccYke-oj2VA8YQdutT7VGkE4jLuQ3RsTM-ANoBqsb4cneOPFowmfLmAeLGjG2C3A-KMU2oxWLgrH2wG58Z1gi_rKjFMlnVkNup_0d_fX0D1Ifgl_kCD-dIFnSKs4CeTlDYAM8ztjhqPRGZDqnVOnWwBiQaJa2rcfBti3lt0gSRK7HMowpWb_TcMI31hFWxfVqZLkwjmiqd6wteXiIwcoFKMRHZPYFLZiUMRy686jdKem-gbtAnWkhG_Lboi9Xrjky7VYSAnkqkhFIRapBFdwKVNpoRpr3Xv3Fk0__Ncs-PM8HAwtpnunZbCgkhp0OqVEOLsP8fvbUpgMLXaTMHMsDojjJZcAD1alLAEYYox2B3vhpYZLJN7-A6bMhrOpt6jWkb5QVK3HGU-hTPyEBGhFae6vSDZvda3ZyzhZKq4Vx9YkKZIg55_EhRFkW6pU3uM7U6OMnH-8dw7g6c1euFI5IvQKa7s5MJgl2z8-B06Lw69G7qsM88DeQryekG4ptoDdK_gjUnGzNYzXoxgJbuJTradV4X8qT7zFkXYBJRpAhZbPsCYYzB2gKIMEfPQcXrMt6o4teiVmsI-1_txxScmw" }, "geometry": { "type": "Point", "coordinates": [ -34.889482735156598, -8.022536078542529 ] } },
{ "type": "Feature", "properties": { "Name": "Rua da Carioca (259,90m²)", "description": 2023, "gx_media_links": "https:\/\/lh3.googleusercontent.com\/umsh\/AK26PW4hqs8dZiGhmSaHSg4hBEUrCvZ_yYVV5uIK4bPGN6aI629Z6EBCjrhYUgyYl9AvcCnpZ07Qi-bsaEQltPjQ1aoMrpP1IFCIVgQ-ZKVU7TD6-yGuxvqD5m9j_sM_Wvb3Jp27t7x4WfawP7SA40IS2YR2dR3jb1DF5AKW_sh7POJFevCpj01yuk7FZ11cKkumF23qj7lz5uJBZB3hP4tfIxo2bCg8N_KyEVXaaJXG6jhJeOEzHxREQntcUdBR4GOXUn8uHh5kIWggzq3kh_DdkrU-AaVka20rHLL2FewYtxdNpgViEphMFx-A5jChRjoLKhcAsjlYuPZZEcs0ipMziSqvS71fWcQb1WurqmGmPcbyu3kpOKZBFIGVIVuJqHmqvNNYaNuKwZMiZ6y_lwMbxczoJzH7Ngk8xhVH-fascZ6dwcEjUJamFaLp3EqheVobWVMWekGOy83oEiNd7XvEiGViyus-gNRoEu551Cjb96ujDyjCT_YIMfQsMHFu_U6gfHWIFx5oMDt_ow8MwSNcjVXz9YZCU9VZ-rKvdBUE-BXh1MqOrbHXylRq3WNtnNf33JtJJPep-KbcoAwFNi1WDjyrUzzYiGdwIRUY13DU-jmUqktJ27IVX3Q4sHv_1_6W4v_Elvs4E8-p4-Oo-cCPA5LRaNDdC1b4E74MhhxjX8rmtHBCxTWPSFVRYAbzv4OVnkZG3Mj-aycXLiTuwQwGDUQWp1v8jxKQ_aPK-HWdhMcORukkFi66P3qQohb6nJgduhaTxle5bXXhYAs-Y2xLoku-t9NgTONXaUyk8VRY4oD403fmSCkk_3K0jJ_s29Z0A6Ynzyd99BwWn5GEnwhNNfKizEdBLKY" }, "geometry": { "type": "Point", "coordinates": [ -34.876444444444502, -8.06740662791028 ] } },
{ "type": "Feature", "properties": { "Name": "Praça Farias Neves (1900m²)", "description": 2023, "gx_media_links": null }, "geometry": { "type": "Point", "coordinates": [ -34.9439888, -8.0159441 ] } },
{ "type": "Feature", "properties": { "Name": "Praça do Trabalho (842m²)", "description": 2023, "gx_media_links": null }, "geometry": { "type": "Point", "coordinates": [ -34.9147929, -8.023615 ] } }
]
}
