{"type":"FeatureCollection","features":[{"type":"Feature","id":"way/590791005","properties":{"name":"Viabike Várzea","id":"way/590791005","type":"Oficinas & lojas"},"geometry":{"type":"Polygon","coordinates":[[[-34.9571472,-8.037736],[-34.9572162,-8.0378631],[-34.9570791,-8.0379361],[-34.9570101,-8.037809],[-34.9571472,-8.037736]]]}},{"type":"Feature","id":"way/618688179","properties":{"name":"Passarela Metrô / Aeroporto","id":"way/618688179","type":"Proibido"},"geometry":{"type":"Polygon","coordinates":[[[-34.914761,-8.1338625],[-34.9147175,-8.1338742],[-34.9147225,-8.1338962],[-34.9147403,-8.1338907],[-34.9147438,-8.1339065],[-34.9147518,-8.1339425],[-34.9147244,-8.1339489],[-34.9147071,-8.1339525],[-34.9147026,-8.133954],[-34.9146826,-8.1338813],[-34.9146678,-8.1338843],[-34.9146321,-8.1337303],[-34.914414,-8.1327704],[-34.916077,-8.1322619],[-34.916537,-8.1322885],[-34.9169355,-8.1323172],[-34.9171197,-8.1323305],[-34.9173658,-8.1323482],[-34.9174356,-8.132361],[-34.9174079,-8.1324451],[-34.9173349,-8.1324316],[-34.916081,-8.1323535],[-34.9145213,-8.1328341],[-34.914761,-8.1338625]]]}},{"type":"Feature","id":"way/681772917","properties":{"id":"way/681772917","type":"Bicicletários"},"geometry":{"type":"Polygon","coordinates":[[[-34.9813177,-8.0639748],[-34.9813152,-8.0639857],[-34.9813126,-8.0639968],[-34.981295,-8.0639928],[-34.9813001,-8.0639708],[-34.9813177,-8.0639748]]]}},{"type":"Feature","id":"way/698304999","properties":{"name":"Píer Aurora","id":"way/698304999","type":"Proibido"},"geometry":{"type":"Polygon","coordinates":[[[-34.8759109,-8.0549577],[-34.8758542,-8.054863],[-34.8758738,-8.0548499],[-34.8759093,-8.0549041],[-34.8759209,-8.0549067],[-34.8760009,-8.0548603],[-34.8761189,-8.0547891],[-34.8763233,-8.0546791],[-34.876364,-8.0546551],[-34.876431,-8.0547458],[-34.8763525,-8.0547463],[-34.8763283,-8.054705],[-34.8761309,-8.0548102],[-34.8760167,-8.0548832],[-34.8759343,-8.0549304],[-34.8759329,-8.0549476],[-34.8759109,-8.0549577]]]}},{"type":"Feature","id":"way/730870939","properties":{"id":"way/730870939","type":"Bicicletários"},"geometry":{"type":"Polygon","coordinates":[[[-34.950594,-8.0140292],[-34.950582,-8.014041],[-34.9505235,-8.013991],[-34.9505355,-8.0139765],[-34.950594,-8.0140292]]]}},{"type":"Feature","id":"way/766795490","properties":{"id":"way/766795490","type":"Proibido"},"geometry":{"type":"Polygon","coordinates":[[[-34.8989969,-8.0566984],[-34.8989971,-8.0566749],[-34.8992743,-8.0566772],[-34.8992741,-8.0566998],[-34.8992739,-8.0567278],[-34.8989967,-8.0567253],[-34.8989969,-8.0566984]]]}},{"type":"Feature","id":"way/766795491","properties":{"id":"way/766795491","type":"Proibido"},"geometry":{"type":"Polygon","coordinates":[[[-34.8987088,-8.0566946],[-34.8987087,-8.0567186],[-34.8984225,-8.0567167],[-34.8984227,-8.0566919],[-34.8984228,-8.0566759],[-34.8984228,-8.0566665],[-34.898709,-8.0566683],[-34.8987088,-8.0566946]]]}},{"type":"Feature","id":"way/854077419","properties":{"id":"way/854077419","type":"Bicicletários"},"geometry":{"type":"Polygon","coordinates":[[[-34.9292632,-8.0972552],[-34.9292357,-8.0974607],[-34.9291156,-8.0974449],[-34.9291431,-8.0972394],[-34.9292632,-8.0972552]]]}},{"type":"Feature","id":"way/895031808","properties":{"id":"way/895031808","type":"Bicicletários"},"geometry":{"type":"Polygon","coordinates":[[[-34.925642,-8.0610056],[-34.9256548,-8.0610354],[-34.9250907,-8.0612736],[-34.9250294,-8.0612995],[-34.9249587,-8.0613293],[-34.9249458,-8.0612993],[-34.925642,-8.0610056]]]}},{"type":"Feature","id":"way/942402204","properties":{"id":"way/942402204","type":"Bicicletários"},"geometry":{"type":"Polygon","coordinates":[[[-34.9102245,-8.1211354],[-34.9101691,-8.1211475],[-34.910031,-8.1205274],[-34.9100864,-8.1205153],[-34.9102245,-8.1211354]]]}},{"type":"Feature","id":"way/942402205","properties":{"id":"way/942402205","type":"Bicicletários"},"geometry":{"type":"Polygon","coordinates":[[[-34.9102774,-8.1213539],[-34.9102304,-8.1213645],[-34.9101852,-8.1211686],[-34.9102322,-8.121158],[-34.9102774,-8.1213539]]]}},{"type":"Feature","id":"way/942402206","properties":{"id":"way/942402206","type":"Bicicletários"},"geometry":{"type":"Polygon","coordinates":[[[-34.9103571,-8.1216992],[-34.9103102,-8.1217099],[-34.9102304,-8.1213645],[-34.9102774,-8.1213539],[-34.9103571,-8.1216992]]]}},{"type":"Feature","id":"way/1009380428","properties":{"name":"Kelly Bike","id":"way/1009380428","type":"Oficinas & lojas"},"geometry":{"type":"Polygon","coordinates":[[[-34.9041169,-8.1214937],[-34.9041179,-8.1215397],[-34.9040279,-8.1215415],[-34.904027,-8.1214955],[-34.9041169,-8.1214937]]]}},{"type":"Feature","id":"way/1014955396","properties":{"id":"way/1014955396","type":"Bicicletários"},"geometry":{"type":"Polygon","coordinates":[[[-34.962692,-8.0233073],[-34.9626866,-8.0233441],[-34.9626388,-8.023319],[-34.9626554,-8.0232881],[-34.962692,-8.0233073]]]}},{"type":"Feature","id":"way/1018943843","properties":{"id":"way/1018943843","type":"Bicicletários"},"geometry":{"type":"Polygon","coordinates":[[[-34.9495945,-8.0587654],[-34.9496445,-8.0589265],[-34.9495936,-8.058942],[-34.9495436,-8.0587809],[-34.9495945,-8.0587654]]]}},{"type":"Feature","id":"way/1022413584","properties":{"id":"way/1022413584","type":"Proibido"},"geometry":{"type":"Polygon","coordinates":[[[-34.8799169,-8.0629613],[-34.8799055,-8.0629406],[-34.8801491,-8.0628096],[-34.8801543,-8.0628192],[-34.8801564,-8.0628229],[-34.8801666,-8.0628414],[-34.8801708,-8.062849],[-34.8801735,-8.062854],[-34.8799299,-8.0629849],[-34.8799169,-8.0629613]]]}},{"type":"Feature","id":"way/1022413596","properties":{"id":"way/1022413596","type":"Proibido"},"geometry":{"type":"Polygon","coordinates":[[[-34.8796631,-8.0630963],[-34.8796747,-8.0631173],[-34.8794235,-8.0632531],[-34.8794115,-8.0632313],[-34.8794038,-8.0632173],[-34.8793992,-8.063209],[-34.8796503,-8.0630732],[-34.8796631,-8.0630963]]]}},{"type":"Feature","id":"way/1023664092","properties":{"id":"way/1023664092","type":"Bicicletários"},"geometry":{"type":"Polygon","coordinates":[[[-34.8820904,-8.0146143],[-34.8820932,-8.0146263],[-34.8819183,-8.0146707],[-34.8819155,-8.0146589],[-34.8820904,-8.0146143]]]}},{"type":"Feature","id":"way/1023700590","properties":{"id":"way/1023700590","type":"Bicicletários"},"geometry":{"type":"Polygon","coordinates":[[[-34.882651,-8.0140177],[-34.8825234,-8.0140452],[-34.8825311,-8.0140414],[-34.882535,-8.0140385],[-34.8825377,-8.0140346],[-34.8825392,-8.0140284],[-34.882648,-8.0140041],[-34.882651,-8.0140177]]]}},{"type":"Feature","id":"way/1023718703","properties":{"id":"way/1023718703","type":"Bicicletários"},"geometry":{"type":"Polygon","coordinates":[[[-34.8988062,-8.0376193],[-34.8988766,-8.0376182],[-34.8988768,-8.0376351],[-34.8988625,-8.0376353],[-34.8987915,-8.0376362],[-34.8988062,-8.0376193]]]}},{"type":"Feature","id":"way/1025570799","properties":{"id":"way/1025570799","type":"Bicicletários"},"geometry":{"type":"Polygon","coordinates":[[[-34.9432273,-8.0447883],[-34.9432363,-8.0448098],[-34.9431898,-8.0448278],[-34.9431796,-8.0448022],[-34.9432159,-8.0447878],[-34.9432174,-8.0447922],[-34.9432273,-8.0447883]]]}},{"type":"Feature","id":"way/1101930429","properties":{"name":"Metrô/Aeroporto","id":"way/1101930429","type":"Proibido"},"geometry":{"type":"Polygon","coordinates":[[[-34.9146182,-8.1335339],[-34.9146232,-8.1335563],[-34.9146122,-8.1335587],[-34.9146072,-8.1335363],[-34.9146182,-8.1335339]]]}},{"type":"Feature","id":"way/1101930434","properties":{"name":"Metrô/Aeroporto","id":"way/1101930434","type":"Proibido"},"geometry":{"type":"Polygon","coordinates":[[[-34.9153179,-8.1325221],[-34.9153248,-8.1325421],[-34.9152882,-8.1325544],[-34.9152537,-8.132566],[-34.9152468,-8.1325461],[-34.9153179,-8.1325221]]]}},{"type":"Feature","id":"way/1101930438","properties":{"name":"Metrô/Aeroporto","id":"way/1101930438","type":"Proibido"},"geometry":{"type":"Polygon","coordinates":[[[-34.9160443,-8.1322959],[-34.9160821,-8.1322807],[-34.9161509,-8.132281],[-34.9161502,-8.1323128],[-34.9160808,-8.1323093],[-34.9160498,-8.1323166],[-34.9160443,-8.1322959]]]}},{"type":"Feature","id":"way/1299581322","properties":{"id":"way/1299581322","type":"Bicicletários"},"geometry":{"type":"Polygon","coordinates":[[[-34.9122897,-8.1150662],[-34.9123107,-8.1153472],[-34.9121073,-8.1153822],[-34.9120832,-8.1151618],[-34.9119973,-8.1151724],[-34.9119889,-8.1150987],[-34.9122897,-8.1150662]]]}},{"type":"Feature","id":"way/1308479411","properties":{"id":"way/1308479411","type":"Calçada compartilhada"},"geometry":{"type":"Polygon","coordinates":[[[-34.9029844,-8.0451036],[-34.9029691,-8.0451608],[-34.902963,-8.0451834],[-34.9029533,-8.0452526],[-34.9029595,-8.0452824],[-34.9029727,-8.0453025],[-34.9030203,-8.0453342],[-34.9029102,-8.0452994],[-34.9028349,-8.0452756],[-34.9028709,-8.0452637],[-34.902897,-8.045242],[-34.9029017,-8.0452356],[-34.902932,-8.0451939],[-34.9029844,-8.0451036]]]}},{"type":"Feature","id":"way/29423002","properties":{"name":"Rua Madre de Deus","id":"way/29423002","type":"Baixa velocidade"},"geometry":{"type":"LineString","coordinates":[[-34.8736574,-8.0636227],[-34.8736061,-8.0639714],[-34.873574,-8.0642516],[-34.8735568,-8.0644052],[-34.8735309,-8.0645762],[-34.8735157,-8.0646787],[-34.8735089,-8.0647252],[-34.8734621,-8.0650515],[-34.8734502,-8.0651472],[-34.8734122,-8.0654182],[-34.8733961,-8.0655343],[-34.8733536,-8.0658737],[-34.8733357,-8.0660269],[-34.8733383,-8.0661687]]}},{"type":"Feature","id":"way/42509040","properties":{"name":"Rua Delmiro Gouveia","id":"way/42509040","type":"Ciclofaixa"},"geometry":{"type":"LineString","coordinates":[[-34.9307975,-8.0634938],[-34.9305019,-8.0636392],[-34.9303378,-8.0637149],[-34.9302736,-8.0637478],[-34.92997,-8.0639037],[-34.9294438,-8.0641739],[-34.9293385,-8.064235]]}},{"type":"Feature","id":"way/42509291","properties":{"name":"Rua Ministro João Alberto","id":"way/42509291","type":"Ciclorrota"},"geometry":{"type":"LineString","coordinates":[[-34.9449853,-8.0364007],[-34.945131,-8.0365659],[-34.9451853,-8.0366275],[-34.9452793,-8.0367341],[-34.945358,-8.0368263],[-34.9454112,-8.0368916]]}},{"type":"Feature","id":"way/42509471","properties":{"name":"Rua Gomes Taborda","id":"way/42509471","type":"Ciclorrota"},"geometry":{"type":"LineString","coordinates":[[-34.9119362,-8.0589791],[-34.9120521,-8.0589366],[-34.9121704,-8.0588905],[-34.9123147,-8.0588235],[-34.9128194,-8.0585988],[-34.9134141,-8.0584228],[-34.9140369,-8.0582481],[-34.9149743,-8.0579819],[-34.9153548,-8.0578647],[-34.9158742,-8.0577199],[-34.9161128,-8.0576519],[-34.9164685,-8.0575459],[-34.9169518,-8.0573893]]}},{"type":"Feature","id":"way/44118743","properties":{"name":"Avenida Inácio Monteiro","id":"way/44118743","type":"Ciclofaixa"},"geometry":{"type":"LineString","coordinates":[[-34.9299492,-8.045634],[-34.9299792,-8.045688],[-34.9304581,-8.0465727]]}},{"type":"Feature","id":"way/44814745","properties":{"name":"Rua Marquês de Maricá","id":"way/44814745","type":"Ciclofaixa"},"geometry":{"type":"LineString","coordinates":[[-34.91419,-8.0474567],[-34.914363,-8.0475197],[-34.914593,-8.0475476],[-34.9146748,-8.0475564],[-34.9147352,-8.0475629]]}},{"type":"Feature","id":"way/51816213","properties":{"name":"Ponte Conde Maurício de Nassau","id":"way/51816213","type":"Ciclofaixa"},"geometry":{"type":"LineString","coordinates":[[-34.8763296,-8.0640965],[-34.8762163,-8.0640809],[-34.8761431,-8.0640692]]}},{"type":"Feature","id":"way/51816219","properties":{"name":"Ponte Velha","id":"way/51816219","type":"Ciclofaixa"},"geometry":{"type":"LineString","coordinates":[[-34.8844468,-8.0656506],[-34.8846567,-8.0653408],[-34.884991,-8.0648472],[-34.8849973,-8.0648377]]}},{"type":"Feature","id":"way/51816225","properties":{"name":"Ponte da Boa Vista","id":"way/51816225","type":"Baixa velocidade"},"geometry":{"type":"LineString","coordinates":[[-34.8810822,-8.063806],[-34.8810307,-8.0638193],[-34.8809231,-8.0638489]]}},{"type":"Feature","id":"way/51816230","properties":{"name":"Avenida Rio Branco","id":"way/51816230","type":"Calçada compartilhada"},"geometry":{"type":"LineString","coordinates":[[-34.8737916,-8.0623949],[-34.873756,-8.0624055],[-34.8736337,-8.0624406],[-34.8735113,-8.0624756],[-34.8731726,-8.0625725],[-34.872516,-8.0627604],[-34.8719385,-8.0629298],[-34.8715036,-8.0630501]]}},{"type":"Feature","id":"way/51816231","properties":{"name":"Rua do Bom Jesus","id":"way/51816231","type":"Baixa velocidade"},"geometry":{"type":"LineString","coordinates":[[-34.8709795,-8.0609831],[-34.8709614,-8.0608763],[-34.8709703,-8.0608008],[-34.8709767,-8.0607643],[-34.8709908,-8.0607163]]}},{"type":"Feature","id":"way/51816232","properties":{"name":"Avenida Marquês de Olinda","id":"way/51816232","type":"Baixa velocidade"},"geometry":{"type":"LineString","coordinates":[[-34.8723679,-8.0633865],[-34.8723372,-8.0633798],[-34.8717634,-8.0632828],[-34.8715646,-8.0632483],[-34.8714892,-8.0632387]]}},{"type":"Feature","id":"way/51816238","properties":{"name":"Rua Dona Maria César","id":"way/51816238","type":"Baixa velocidade"},"geometry":{"type":"LineString","coordinates":[[-34.8723679,-8.0633865],[-34.8722774,-8.0637952],[-34.8721956,-8.0641274],[-34.8721043,-8.0644549],[-34.8720496,-8.0645262]]}},{"type":"Feature","id":"way/51816239","properties":{"name":"Rua Álvares Cabral","id":"way/51816239","type":"Baixa velocidade"},"geometry":{"type":"LineString","coordinates":[[-34.8724717,-8.0630145],[-34.873099,-8.0631286],[-34.8737151,-8.0632482],[-34.8740307,-8.0632913],[-34.8740941,-8.0633],[-34.8743932,-8.0633409]]}},{"type":"Feature","id":"way/51829352","properties":{"name":"Cais da Alfândega","id":"way/51829352","type":"Baixa velocidade"},"geometry":{"type":"LineString","coordinates":[[-34.874436,-8.0637652],[-34.87439,-8.0639809]]}},{"type":"Feature","id":"way/51829355","properties":{"name":"Rua da Moeda","id":"way/51829355","type":"Calçada compartilhada"},"geometry":{"type":"LineString","coordinates":[[-34.8735157,-8.0646787],[-34.8734519,-8.0646694],[-34.8734175,-8.0646644],[-34.873336,-8.0646777],[-34.8731242,-8.0646485],[-34.8730135,-8.0646025]]}},{"type":"Feature","id":"way/51829356","properties":{"name":"Rua Tomazina","id":"way/51829356","type":"Baixa velocidade"},"geometry":{"type":"LineString","coordinates":[[-34.8721956,-8.0641274],[-34.8722157,-8.0641321],[-34.8724803,-8.0641826],[-34.8725005,-8.0641865]]}},{"type":"Feature","id":"way/51829376","properties":{"name":"Rua Barão Rodrigues Mendes","id":"way/51829376","type":"Baixa velocidade"},"geometry":{"type":"LineString","coordinates":[[-34.871639,-8.0612652],[-34.8718699,-8.061136],[-34.8720531,-8.0610369]]}},{"type":"Feature","id":"way/51878744","properties":{"name":"Rua Monte Castelo","id":"way/51878744","type":"Ciclofaixa"},"geometry":{"type":"LineString","coordinates":[[-34.890018,-8.0502118],[-34.8917952,-8.049997],[-34.8918973,-8.0499819],[-34.8919885,-8.0499651],[-34.8920529,-8.0499392],[-34.8921121,-8.0499025],[-34.8926729,-8.0493846],[-34.8927978,-8.0492713],[-34.892832,-8.0492461]]}},{"type":"Feature","id":"way/51878749","properties":{"name":"Rua Mariz e Barros","id":"way/51878749","type":"Baixa velocidade"},"geometry":{"type":"LineString","coordinates":[[-34.8726607,-8.0656782],[-34.8727246,-8.0653145],[-34.8727724,-8.0650246],[-34.8727863,-8.064935],[-34.8728508,-8.0645795],[-34.8728623,-8.0645104],[-34.8729041,-8.0642542],[-34.8729567,-8.0639106],[-34.8730244,-8.063509],[-34.873099,-8.0631286],[-34.8731852,-8.0626703],[-34.8731843,-8.0626146],[-34.8731726,-8.0625725]]}},{"type":"Feature","id":"way/51878755","properties":{"name":"Rua de São Jorge","id":"way/51878755","type":"Baixa velocidade"},"geometry":{"type":"LineString","coordinates":[[-34.8705612,-8.0594601],[-34.8706938,-8.0599684],[-34.8707422,-8.0601475],[-34.8707585,-8.0602078],[-34.8708163,-8.0604217],[-34.8708416,-8.0605152]]}},{"type":"Feature","id":"way/51878758","properties":{"name":"Praça da República","id":"way/51878758","type":"Baixa velocidade"},"geometry":{"type":"LineString","coordinates":[[-34.8765324,-8.0616035],[-34.8765367,-8.0615444],[-34.8765726,-8.0610458],[-34.8766123,-8.0605489],[-34.8766217,-8.0605263],[-34.8766357,-8.0605074],[-34.8766653,-8.0604891]]}},{"type":"Feature","id":"way/54239687","properties":{"name":"Rua Velha","id":"way/54239687","type":"Ciclofaixa"},"geometry":{"type":"LineString","coordinates":[[-34.8851625,-8.0646461],[-34.8853704,-8.0644116],[-34.8859335,-8.0639565]]}},{"type":"Feature","id":"way/54239701","properties":{"name":"Rua do Aragão","id":"way/54239701","type":"Ciclorrota"},"geometry":{"type":"LineString","coordinates":[[-34.8853577,-8.0626859],[-34.8855115,-8.0626326],[-34.8858216,-8.0625183],[-34.8859538,-8.0624659],[-34.886064,-8.0624169]]}},{"type":"Feature","id":"way/75033825","properties":{"name":"Rua Conselheiro Teodoro","id":"way/75033825","type":"Ciclorrota"},"geometry":{"type":"LineString","coordinates":[[-34.9163276,-8.0529729],[-34.9162672,-8.0528613],[-34.9158973,-8.052099],[-34.9158557,-8.0519808],[-34.9158195,-8.0518586],[-34.9157645,-8.0516315],[-34.9157216,-8.0514417],[-34.915594,-8.0508174]]}},{"type":"Feature","id":"way/85378262","properties":{"name":"Rua João Cardoso Aires","id":"way/85378262","type":"Ciclofaixa"},"geometry":{"type":"LineString","coordinates":[[-34.9062691,-8.1433039],[-34.9070661,-8.1429562],[-34.9077009,-8.1426677],[-34.9077685,-8.1426369],[-34.9085018,-8.1423043],[-34.9085822,-8.1422678]]}},{"type":"Feature","id":"way/85529937","properties":{"name":"Rua Paissandú","id":"way/85529937","type":"Ciclofaixa"},"geometry":{"type":"LineString","coordinates":[[-34.8971984,-8.0620619],[-34.8971279,-8.0619966],[-34.896267,-8.0612725],[-34.8959534,-8.0609903],[-34.8956556,-8.0607454],[-34.8953182,-8.0604661],[-34.8944918,-8.0597579]]}},{"type":"Feature","id":"way/85683720","properties":{"name":"Rua Marcos André","id":"way/85683720","type":"Ciclofaixa"},"geometry":{"type":"LineString","coordinates":[[-34.907389,-8.040776],[-34.907843,-8.0408655],[-34.9080643,-8.0409061]]}},{"type":"Feature","id":"way/85683725","properties":{"name":"Rua Marcos André","id":"way/85683725","type":"Ciclorrota"},"geometry":{"type":"LineString","coordinates":[[-34.9055815,-8.0404586],[-34.9056944,-8.0404755],[-34.9061139,-8.0405555],[-34.9069153,-8.040691],[-34.907389,-8.040776]]}},{"type":"Feature","id":"way/85697360","properties":{"name":"Avenida João de Barros","id":"way/85697360","type":"Ciclofaixa"},"geometry":{"type":"LineString","coordinates":[[-34.8897536,-8.0476345],[-34.889804,-8.0468997],[-34.8898269,-8.0465655],[-34.8898381,-8.046479],[-34.8899263,-8.045699],[-34.8899428,-8.0455183],[-34.8899575,-8.0453267],[-34.8899661,-8.0452615],[-34.8899783,-8.0451697]]}},{"type":"Feature","id":"way/85697891","properties":{"name":"Rua Marquês do Paraná","id":"way/85697891","type":"Ciclofaixa"},"geometry":{"type":"LineString","coordinates":[[-34.8878823,-8.040292],[-34.8875737,-8.0399222]]}},{"type":"Feature","id":"way/85711372","properties":{"name":"Rua Marechal Deodoro","id":"way/85711372","type":"Ciclorrota"},"geometry":{"type":"LineString","coordinates":[[-34.8827436,-8.0353556],[-34.8827747,-8.0353939],[-34.8828793,-8.0355034],[-34.883225,-8.0357889]]}},{"type":"Feature","id":"way/85711373","properties":{"name":"Rua Antônio Rangel","id":"way/85711373","type":"Ciclofaixa"},"geometry":{"type":"LineString","coordinates":[[-34.887374,-8.0374723],[-34.8862536,-8.0386658]]}},{"type":"Feature","id":"way/85741105","properties":{"name":"Rua Marechal Deodoro","id":"way/85741105","type":"Ciclofaixa"},"geometry":{"type":"LineString","coordinates":[[-34.8875038,-8.0398471],[-34.8874015,-8.0397228],[-34.8873315,-8.0396478]]}},{"type":"Feature","id":"way/87240009","properties":{"name":"Rua Bruno Veloso","id":"way/87240009","type":"Ciclofaixa"},"geometry":{"type":"LineString","coordinates":[[-34.9020669,-8.121189],[-34.9020179,-8.1211995],[-34.9019347,-8.1212424]]}},{"type":"Feature","id":"way/87777346","properties":{"name":"Rua Copacabana","id":"way/87777346","type":"Ciclorrota"},"geometry":{"type":"LineString","coordinates":[[-34.9085158,-8.1375631],[-34.9093886,-8.1373181],[-34.9096702,-8.1372465],[-34.9101792,-8.1371074],[-34.9108324,-8.136942],[-34.9114684,-8.1367918],[-34.9121437,-8.136637]]}},{"type":"Feature","id":"way/87788710","properties":{"name":"Praça da República","id":"way/87788710","type":"Baixa velocidade"},"geometry":{"type":"LineString","coordinates":[[-34.8766653,-8.0604891],[-34.8767748,-8.0604726],[-34.8768329,-8.0604639],[-34.8771735,-8.0604147],[-34.8775483,-8.0603615],[-34.8775979,-8.0603549],[-34.8776845,-8.0603437],[-34.8777236,-8.0603397],[-34.8778582,-8.0603258],[-34.877961,-8.0603179]]}},{"type":"Feature","id":"way/87788711","properties":{"name":"Praça da República","id":"way/87788711","type":"Ciclofaixa"},"geometry":{"type":"LineString","coordinates":[[-34.8780131,-8.0612593],[-34.8780566,-8.0611889],[-34.8780721,-8.0611583],[-34.8780764,-8.0611255]]}},{"type":"Feature","id":"way/89381805","properties":{"name":"Rua Antônio Falcão","id":"way/89381805","type":"Ciclofaixa"},"geometry":{"type":"LineString","coordinates":[[-34.8991302,-8.1138869],[-34.8993765,-8.1137572],[-34.8999843,-8.1134302],[-34.9000535,-8.1133945],[-34.9001352,-8.1133554]]}},{"type":"Feature","id":"way/96771433","properties":{"name":"Rua José Veloso","id":"way/96771433","type":"Ciclorrota"},"geometry":{"type":"LineString","coordinates":[[-34.9294465,-8.0646131],[-34.9290737,-8.064789],[-34.928735,-8.0649591],[-34.9284089,-8.0651232],[-34.9280465,-8.0652937],[-34.9276995,-8.0654871],[-34.9273381,-8.0656712]]}},{"type":"Feature","id":"way/102738749","properties":{"name":"Rua Antônio Falcão","id":"way/102738749","type":"Ciclofaixa"},"geometry":{"type":"LineString","coordinates":[[-34.8937878,-8.1166596],[-34.89457,-8.1162272],[-34.894659,-8.1161778]]}},{"type":"Feature","id":"way/103595421","properties":{"name":"Rua Delmiro Gouveia","id":"way/103595421","type":"Ciclofaixa"},"geometry":{"type":"LineString","coordinates":[[-34.9321423,-8.0625943],[-34.931843,-8.0626491],[-34.9317793,-8.0626712],[-34.9317276,-8.0626996],[-34.9316244,-8.0628195],[-34.9315012,-8.0629832]]}},{"type":"Feature","id":"way/103725546","properties":{"name":"Avenida Mário Álvares Pereira de Lyra","id":"way/103725546","type":"Ciclofaixa"},"geometry":{"type":"LineString","coordinates":[[-34.9311015,-8.0449939],[-34.9314368,-8.0456012],[-34.9316286,-8.045981],[-34.931668,-8.0460478],[-34.9317337,-8.0461623],[-34.9318479,-8.0463194],[-34.9320571,-8.0465181],[-34.9322899,-8.0466673],[-34.9324744,-8.0467364],[-34.9327187,-8.0467768],[-34.9329145,-8.0467914],[-34.9336159,-8.0467967],[-34.9349758,-8.0468392],[-34.935822,-8.0468657],[-34.9360004,-8.0468644],[-34.9360956,-8.0468684],[-34.9374474,-8.0469059],[-34.9377774,-8.046915],[-34.9382521,-8.0469282],[-34.9384788,-8.0469295],[-34.9390782,-8.0469202],[-34.940428,-8.0468016]]}},{"type":"Feature","id":"way/104595252","properties":{"name":"Rua Domingos José Martins","id":"way/104595252","type":"Baixa velocidade"},"geometry":{"type":"LineString","coordinates":[[-34.8719365,-8.0623854],[-34.8713731,-8.0613733]]}},{"type":"Feature","id":"way/105053856","properties":{"name":"Rua Itanagé","id":"way/105053856","type":"Ciclofaixa"},"geometry":{"type":"LineString","coordinates":[[-34.9205491,-8.1058287],[-34.9205315,-8.1058147],[-34.9199921,-8.1053307],[-34.9199093,-8.1053045],[-34.9198519,-8.1052962],[-34.9197724,-8.1052903],[-34.9196982,-8.10529],[-34.9196292,-8.1052794]]}},{"type":"Feature","id":"way/114690719","properties":{"name":"Rua Quitério Inácio de Melo","id":"way/114690719","type":"Ciclofaixa"},"geometry":{"type":"LineString","coordinates":[[-34.9093748,-8.0807178],[-34.909179,-8.0812476],[-34.908995,-8.0818022],[-34.9089758,-8.0818658]]}},{"type":"Feature","id":"way/114690720","properties":{"name":"Rua Carlos Gomes","id":"way/114690720","type":"Ciclorrota"},"geometry":{"type":"LineString","coordinates":[[-34.9096583,-8.0570299],[-34.9102484,-8.0575464],[-34.9105248,-8.0577884],[-34.9106094,-8.0578533],[-34.91065,-8.0578781]]}},{"type":"Feature","id":"way/128124232","properties":{"name":"Rua Artur Lima Cavalcante","id":"way/128124232","type":"Ciclofaixa"},"geometry":{"type":"LineString","coordinates":[[-34.874898,-8.0446872],[-34.8748447,-8.0447257],[-34.8748297,-8.0447363],[-34.8747869,-8.0447668],[-34.8747059,-8.0448244],[-34.8745944,-8.0449037],[-34.874445,-8.04501],[-34.8743424,-8.045083],[-34.8740938,-8.0452709]]}},{"type":"Feature","id":"way/128124535","properties":{"name":"Avenida Doutor Jayme da Fonte","id":"way/128124535","type":"Ciclofaixa"},"geometry":{"type":"LineString","coordinates":[[-34.8785113,-8.0405442],[-34.8784362,-8.040669],[-34.8783671,-8.0407786],[-34.8782364,-8.04093],[-34.8781492,-8.0410243],[-34.877952,-8.0412069],[-34.8778495,-8.0413111],[-34.8777558,-8.0414162],[-34.8775705,-8.0416563],[-34.8774643,-8.0418022],[-34.8774392,-8.0418328],[-34.8774221,-8.0418537],[-34.8773078,-8.0419857],[-34.8771632,-8.0421598],[-34.8770065,-8.0423356],[-34.8767202,-8.0426868],[-34.8764542,-8.0430268],[-34.8763394,-8.0431801],[-34.8762084,-8.0433876],[-34.8761904,-8.043416],[-34.8761541,-8.0434786],[-34.8760691,-8.0436276],[-34.8759685,-8.0438062],[-34.8759189,-8.0438872],[-34.8758411,-8.0439878],[-34.8756433,-8.0441487],[-34.8756119,-8.0441768],[-34.8753656,-8.0443545],[-34.8750541,-8.0445798],[-34.8749936,-8.0446213],[-34.874898,-8.0446872]]}},{"type":"Feature","id":"way/128147792","properties":{"name":"Rua da Aurora","id":"way/128147792","type":"Ciclofaixa"},"geometry":{"type":"LineString","coordinates":[[-34.8739071,-8.0499828],[-34.8743392,-8.0506442],[-34.8748146,-8.0513771],[-34.8757023,-8.0527522],[-34.8757103,-8.0527659],[-34.8763686,-8.0538054],[-34.8766255,-8.0542111],[-34.8769811,-8.0547726],[-34.877733,-8.0559261],[-34.8778703,-8.0561315]]}},{"type":"Feature","id":"way/128149273","properties":{"name":"Rua da Fundição","id":"way/128149273","type":"Ciclorrota"},"geometry":{"type":"LineString","coordinates":[[-34.8768443,-8.0519768],[-34.8768934,-8.0520533],[-34.8770983,-8.0523727],[-34.877256,-8.0526184],[-34.8776066,-8.0531739],[-34.8781191,-8.0539995],[-34.8781387,-8.054031],[-34.8781751,-8.0540871],[-34.8786789,-8.0548638],[-34.8787702,-8.0550069],[-34.8788962,-8.0552043],[-34.8790745,-8.055476]]}},{"type":"Feature","id":"way/128149580","properties":{"name":"Rua da Saudade","id":"way/128149580","type":"Ciclorrota"},"geometry":{"type":"LineString","coordinates":[[-34.8820297,-8.0601153],[-34.8827384,-8.0612274],[-34.882779,-8.0612898],[-34.8828196,-8.0613522]]}},{"type":"Feature","id":"way/128149581","properties":{"name":"Rua da Saudade","id":"way/128149581","type":"Ciclofaixa"},"geometry":{"type":"LineString","coordinates":[[-34.8798386,-8.0566181],[-34.8804985,-8.0576271],[-34.8811744,-8.0587386],[-34.881979,-8.0600204]]}},{"type":"Feature","id":"way/128149773","properties":{"name":"Rua do Riachuelo","id":"way/128149773","type":"Ciclorrota"},"geometry":{"type":"LineString","coordinates":[[-34.8808238,-8.0607787],[-34.8808422,-8.0607684],[-34.8814046,-8.0604069],[-34.8814762,-8.0603575],[-34.8815572,-8.0603011],[-34.8818315,-8.0601178],[-34.881897,-8.0600747],[-34.881979,-8.0600204],[-34.8825401,-8.0596842],[-34.8826647,-8.0596126],[-34.8832787,-8.0592212],[-34.883309,-8.0592019],[-34.8833634,-8.0591672]]}},{"type":"Feature","id":"way/128149799","properties":{"name":"Rua do Riachuelo","id":"way/128149799","type":"Ciclofaixa"},"geometry":{"type":"LineString","coordinates":[[-34.8868787,-8.0576239],[-34.8862609,-8.0579786],[-34.8857149,-8.0582907],[-34.8856703,-8.0583162],[-34.885608,-8.0583408],[-34.8847618,-8.0586752],[-34.8835455,-8.0591316]]}},{"type":"Feature","id":"way/128149928","properties":{"name":"Rua Doutor Leopoldo Lins","id":"way/128149928","type":"Ciclofaixa"},"geometry":{"type":"LineString","coordinates":[[-34.8886644,-8.0495697],[-34.8877669,-8.0489706]]}},{"type":"Feature","id":"way/128158633","properties":{"name":"Avenida Montevidéu","id":"way/128158633","type":"Ciclofaixa"},"geometry":{"type":"LineString","coordinates":[[-34.8930887,-8.0497912],[-34.8932276,-8.050105],[-34.8938803,-8.0516169]]}},{"type":"Feature","id":"way/128158805","properties":{"name":"Avenida Governador Agamenon Magalhães","id":"way/128158805","type":"Ciclofaixa"},"geometry":{"type":"LineString","coordinates":[[-34.8895763,-8.0453173],[-34.8899428,-8.0455183]]}},{"type":"Feature","id":"way/128159199","properties":{"name":"Avenida Governador Agamenon Magalhães","id":"way/128159199","type":"Ciclofaixa"},"geometry":{"type":"LineString","coordinates":[[-34.8844495,-8.0428984],[-34.8845121,-8.0429202],[-34.884546,-8.042932],[-34.8846186,-8.0429585],[-34.8846905,-8.0429925]]}},{"type":"Feature","id":"way/128159481","properties":{"name":"Avenida Governador Agamenon Magalhães","id":"way/128159481","type":"Ciclofaixa"},"geometry":{"type":"LineString","coordinates":[[-34.8860603,-8.042477],[-34.8854882,-8.0422201],[-34.8854126,-8.0421888],[-34.8853737,-8.0421849]]}},{"type":"Feature","id":"way/128159586","properties":{"name":"Avenida Governador Agamenon Magalhães","id":"way/128159586","type":"Ciclofaixa"},"geometry":{"type":"LineString","coordinates":[[-34.8898546,-8.044284],[-34.8899407,-8.0443187],[-34.8900091,-8.0443382],[-34.8900687,-8.0443292],[-34.890137,-8.0442698]]}},{"type":"Feature","id":"way/128159820","properties":{"name":"Rua Doutor Leopoldo Lins","id":"way/128159820","type":"Ciclofaixa"},"geometry":{"type":"LineString","coordinates":[[-34.8913576,-8.049388],[-34.8925241,-8.0488808],[-34.8925911,-8.0488458],[-34.8926502,-8.0488122]]}},{"type":"Feature","id":"way/128159824","properties":{"name":"Avenida Montevidéu","id":"way/128159824","type":"Ciclofaixa"},"geometry":{"type":"LineString","coordinates":[[-34.892832,-8.0492461],[-34.8927946,-8.0491229],[-34.8927665,-8.0490383],[-34.8927443,-8.0489622]]}},{"type":"Feature","id":"way/128162518","properties":{"name":"Rua da Palma","id":"way/128162518","type":"Calçada compartilhada"},"geometry":{"type":"LineString","coordinates":[[-34.8800479,-8.063128],[-34.8802218,-8.0636161]]}},{"type":"Feature","id":"way/128163519","properties":{"name":"Rua Primeiro de Março","id":"way/128163519","type":"Ciclofaixa"},"geometry":{"type":"LineString","coordinates":[[-34.8768645,-8.0641842],[-34.8767599,-8.064169],[-34.8763842,-8.0641077]]}},{"type":"Feature","id":"way/128164046","properties":{"name":"Avenida Governador Agamenon Magalhães","id":"way/128164046","type":"Ciclofaixa"},"geometry":{"type":"LineString","coordinates":[[-34.8851727,-8.04323],[-34.8858556,-8.0435442],[-34.8863231,-8.0437742],[-34.8863965,-8.0438069],[-34.8870833,-8.0441313],[-34.8877213,-8.044443],[-34.8883871,-8.0447346],[-34.8892607,-8.0451597],[-34.8895763,-8.0453173]]}},{"type":"Feature","id":"way/128164381","properties":{"name":"Avenida Governador Agamenon Magalhães","id":"way/128164381","type":"Ciclofaixa"},"geometry":{"type":"LineString","coordinates":[[-34.8814208,-8.0403344],[-34.8812371,-8.0402454],[-34.8810356,-8.0401548],[-34.8807764,-8.0400297],[-34.8805218,-8.0399156],[-34.8801918,-8.03977],[-34.8800072,-8.0396862],[-34.8799745,-8.0396671],[-34.8797663,-8.0395604],[-34.879335,-8.0393624],[-34.879157,-8.0392807]]}},{"type":"Feature","id":"way/128164383","properties":{"name":"Rua Othon Paraíso","id":"way/128164383","type":"Ciclofaixa"},"geometry":{"type":"LineString","coordinates":[[-34.8831898,-8.0411543],[-34.8832787,-8.0404163],[-34.8833752,-8.0396997],[-34.8834713,-8.0389158],[-34.883673,-8.0374711],[-34.8837088,-8.0372585],[-34.883864,-8.0366276],[-34.8839151,-8.0364386]]}},{"type":"Feature","id":"way/128216048","properties":{"name":"Avenida Oliveira Lima","id":"way/128216048","type":"Ciclofaixa"},"geometry":{"type":"LineString","coordinates":[[-34.889876,-8.0562468],[-34.8895177,-8.0562552],[-34.8893581,-8.0562765],[-34.8891905,-8.056315],[-34.8889719,-8.056392],[-34.888686,-8.0565607],[-34.8876826,-8.057153],[-34.8871919,-8.0574269],[-34.8869486,-8.0575799],[-34.8868787,-8.0576239]]}},{"type":"Feature","id":"way/128217716","properties":{"name":"Avenida Agamenon Magalhães - Pista Local","id":"way/128217716","type":"Ciclofaixa"},"geometry":{"type":"LineString","coordinates":[[-34.8831898,-8.0411543],[-34.8828349,-8.0409967],[-34.8827668,-8.0409647]]}},{"type":"Feature","id":"way/128219448","properties":{"name":"Rua Othon Paraíso","id":"way/128219448","type":"Ciclofaixa"},"geometry":{"type":"LineString","coordinates":[[-34.8840535,-8.0366041],[-34.8840057,-8.0367194],[-34.8839106,-8.0369489],[-34.8838542,-8.0371627],[-34.8837949,-8.0374938],[-34.8837402,-8.0377987],[-34.8836102,-8.0389726],[-34.8835217,-8.0397587],[-34.8834305,-8.0404865],[-34.8833533,-8.0412281]]}},{"type":"Feature","id":"way/128379804","properties":{"name":"Travessa do Cais da Detenção","id":"way/128379804","type":"Ciclofaixa"},"geometry":{"type":"LineString","coordinates":[[-34.8829538,-8.0673508],[-34.8830394,-8.0672524],[-34.8832495,-8.0669526],[-34.8832918,-8.0669057],[-34.8833623,-8.0668506],[-34.8838511,-8.0664515],[-34.8839028,-8.0663949]]}},{"type":"Feature","id":"way/128382359","properties":{"name":"Rua do Hospício","id":"way/128382359","type":"Ciclofaixa"},"geometry":{"type":"LineString","coordinates":[[-34.8839937,-8.0607289],[-34.8840259,-8.060816]]}},{"type":"Feature","id":"way/128676638","properties":{"name":"Avenida da Redenção","id":"way/128676638","type":"Baixa velocidade"},"geometry":{"type":"LineString","coordinates":[[-34.936734,-8.0089179],[-34.9369427,-8.0086342]]}},{"type":"Feature","id":"way/128677005","properties":{"name":"Avenida da Redenção","id":"way/128677005","type":"Baixa velocidade"},"geometry":{"type":"LineString","coordinates":[[-34.9369427,-8.0086342],[-34.9369724,-8.0085782],[-34.9370035,-8.0085194],[-34.937235,-8.0080211],[-34.9373364,-8.0077922],[-34.9374166,-8.0075328],[-34.937469,-8.0073532],[-34.9375151,-8.0070404],[-34.9376096,-8.0060535],[-34.9376821,-8.0054158],[-34.9377091,-8.0052082],[-34.9378135,-8.0044676],[-34.9378564,-8.004194],[-34.9379552,-8.0034186],[-34.9380536,-8.0027817],[-34.9381988,-8.0018875],[-34.938224,-8.001692],[-34.9382413,-8.0015671],[-34.9383205,-8.0011097],[-34.9383473,-8.0009137],[-34.9384125,-8.0005089],[-34.9384465,-8.0003612],[-34.9385438,-7.9999607],[-34.9386623,-7.999618],[-34.9387227,-7.9994396],[-34.9387644,-7.9993082],[-34.9388824,-7.9989841],[-34.938958,-7.9987674],[-34.9389884,-7.9986946],[-34.9390272,-7.9985683],[-34.9390862,-7.9983492],[-34.939168,-7.9979906],[-34.9392016,-7.9977264],[-34.9392306,-7.99735],[-34.9392157,-7.9970637],[-34.9391842,-7.9968221],[-34.9391601,-7.996684],[-34.9391171,-7.9964874],[-34.9389964,-7.9960823],[-34.9389146,-7.9958805],[-34.9388047,-7.9956534],[-34.9385002,-7.9951673]]}},{"type":"Feature","id":"way/128683793","properties":{"name":"Avenida João de Barros","id":"way/128683793","type":"Ciclofaixa"},"geometry":{"type":"LineString","coordinates":[[-34.8900458,-8.0452103],[-34.8900354,-8.0453501],[-34.8900026,-8.0456496],[-34.8899818,-8.0458444]]}},{"type":"Feature","id":"way/128844077","properties":{"name":"Ponte Gregório Bezerra","id":"way/128844077","type":"Ciclovia"},"geometry":{"type":"LineString","coordinates":[[-34.9001878,-8.0680253],[-34.9003522,-8.0679315],[-34.9004734,-8.0678369],[-34.9006165,-8.0676977],[-34.9007535,-8.0674804],[-34.9008864,-8.067218]]}},{"type":"Feature","id":"way/128844078","properties":{"name":"Avenida Beira Rio","id":"way/128844078","type":"Ciclofaixa"},"geometry":{"type":"LineString","coordinates":[[-34.9009621,-8.066877],[-34.9009774,-8.0667836],[-34.9012074,-8.0656507]]}},{"type":"Feature","id":"way/128844079","properties":{"name":"Avenida Desembargador Guerra Barreto","id":"way/128844079","type":"Ciclofaixa"},"geometry":{"type":"LineString","coordinates":[[-34.8924541,-8.0707812],[-34.8921671,-8.0707719],[-34.8921121,-8.0707772],[-34.8920725,-8.0707915],[-34.8920397,-8.0708132],[-34.8920253,-8.0708227],[-34.8919931,-8.0708698],[-34.891973,-8.0709529],[-34.8922472,-8.0720438],[-34.8922718,-8.0721436],[-34.89234,-8.0724161]]}},{"type":"Feature","id":"way/128844080","properties":{"name":"Avenida Desembargador Guerra Barreto","id":"way/128844080","type":"Ciclofaixa"},"geometry":{"type":"LineString","coordinates":[[-34.8921927,-8.0724243],[-34.8917712,-8.0707838],[-34.8917679,-8.0707708]]}},{"type":"Feature","id":"way/128845698","properties":{"name":"Avenida Beira Rio","id":"way/128845698","type":"Ciclofaixa"},"geometry":{"type":"LineString","coordinates":[[-34.9014281,-8.0645822],[-34.9014653,-8.0638618],[-34.90142,-8.0634017],[-34.9013959,-8.063103],[-34.9013945,-8.0628653],[-34.9014048,-8.0624831],[-34.9014042,-8.0624156],[-34.9014029,-8.0623397],[-34.9014027,-8.0622873],[-34.9013963,-8.0622254],[-34.9013949,-8.0622119],[-34.9013868,-8.0621336]]}},{"type":"Feature","id":"way/128848837","properties":{"name":"Rua Buenos Aires","id":"way/128848837","type":"Ciclofaixa"},"geometry":{"type":"LineString","coordinates":[[-34.8930457,-8.0485921],[-34.8931854,-8.0485338],[-34.8940229,-8.0481288],[-34.8951385,-8.0476185]]}},{"type":"Feature","id":"way/128929125","properties":{"name":"Rua Nova","id":"way/128929125","type":"Ciclofaixa"},"geometry":{"type":"LineString","coordinates":[[-34.8809231,-8.0638489],[-34.8803481,-8.0640381]]}},{"type":"Feature","id":"way/128930069","properties":{"name":"Rua Matias de Albuquerque","id":"way/128930069","type":"Calçada compartilhada"},"geometry":{"type":"LineString","coordinates":[[-34.8807684,-8.0634017],[-34.8802218,-8.0636161],[-34.8801433,-8.0636409],[-34.8796379,-8.0637719],[-34.8790802,-8.0639281],[-34.8785872,-8.0640626]]}},{"type":"Feature","id":"way/128931108","properties":{"name":"Rua da Matriz","id":"way/128931108","type":"Ciclorrota"},"geometry":{"type":"LineString","coordinates":[[-34.8859335,-8.0639565],[-34.8856379,-8.0635279],[-34.8855937,-8.063429],[-34.8855306,-8.0632656],[-34.885377,-8.0627574],[-34.8853577,-8.0626859]]}},{"type":"Feature","id":"way/128931109","properties":{"name":"Rua Doutor José Mariano","id":"way/128931109","type":"Ciclofaixa"},"geometry":{"type":"LineString","coordinates":[[-34.8850196,-8.0648072],[-34.8839283,-8.0644337],[-34.8832206,-8.0641852],[-34.8830375,-8.0641181],[-34.8829873,-8.0640983],[-34.8829583,-8.0640838],[-34.8829199,-8.0640592],[-34.8828835,-8.0640359],[-34.8828412,-8.0640007],[-34.8828054,-8.063969],[-34.8827739,-8.0639359],[-34.8827405,-8.0638917],[-34.8826801,-8.0637795],[-34.8826312,-8.063654],[-34.8826081,-8.0635931]]}},{"type":"Feature","id":"way/128932739","properties":{"name":"Rua Imperatriz Teresa Cristina","id":"way/128932739","type":"Calçada compartilhada"},"geometry":{"type":"LineString","coordinates":[[-34.8853521,-8.0625567],[-34.8851819,-8.0626692],[-34.8851446,-8.0626781],[-34.8838739,-8.0630526],[-34.8825186,-8.0634095]]}},{"type":"Feature","id":"way/129087732","properties":{"name":"Avenida Cruz Cabugá","id":"way/129087732","type":"Ciclofaixa"},"geometry":{"type":"LineString","coordinates":[[-34.8828809,-8.0575661],[-34.8828618,-8.0572863],[-34.8828384,-8.057127],[-34.8826154,-8.0562588],[-34.8825686,-8.0560839],[-34.8822684,-8.055181],[-34.8822398,-8.0551104]]}},{"type":"Feature","id":"way/129089855","properties":{"name":"Praça da República","id":"way/129089855","type":"Ciclofaixa"},"geometry":{"type":"LineString","coordinates":[[-34.8765324,-8.0616035],[-34.8766276,-8.0615817],[-34.8767288,-8.0615585],[-34.8769886,-8.0615094],[-34.8771227,-8.0614795]]}},{"type":"Feature","id":"way/129178018","properties":{"name":"Rua Estado de Israel","id":"way/129178018","type":"Ciclorrota"},"geometry":{"type":"LineString","coordinates":[[-34.893553,-8.0659172],[-34.8938504,-8.0653692],[-34.8939194,-8.0652565],[-34.8945516,-8.0641047]]}},{"type":"Feature","id":"way/129178081","properties":{"name":"Praça Miguel de Cervantes","id":"way/129178081","type":"Ciclofaixa"},"geometry":{"type":"LineString","coordinates":[[-34.8931227,-8.0662341],[-34.8931008,-8.0661978],[-34.893084,-8.0661449],[-34.8930818,-8.0660896],[-34.8930944,-8.0660356],[-34.8931208,-8.0659867],[-34.8931613,-8.0659449],[-34.8932118,-8.0659156],[-34.8932684,-8.0659012],[-34.8933269,-8.0659027],[-34.8933827,-8.0659201],[-34.8934316,-8.0659519],[-34.8934698,-8.0659958],[-34.8934906,-8.0660371],[-34.8935017,-8.0660819],[-34.8935026,-8.066128],[-34.8934933,-8.0661732],[-34.8934844,-8.066196],[-34.8934729,-8.0662175],[-34.8934589,-8.0662376],[-34.8934228,-8.0662736],[-34.8933789,-8.0662999],[-34.8933299,-8.066315],[-34.8932788,-8.0663179],[-34.8932284,-8.0663086],[-34.8931817,-8.0662875],[-34.8931516,-8.0662653],[-34.8931227,-8.0662341]]}},{"type":"Feature","id":"way/129180250","properties":{"name":"Praça Miguel de Cervantes","id":"way/129180250","type":"Baixa velocidade"},"geometry":{"type":"LineString","coordinates":[[-34.8934589,-8.0662376],[-34.8935145,-8.0663523],[-34.8937934,-8.0669218],[-34.8939408,-8.0672269]]}},{"type":"Feature","id":"way/129180251","properties":{"name":"Rua Antônio Gomes de Freitas","id":"way/129180251","type":"Ciclofaixa"},"geometry":{"type":"LineString","coordinates":[[-34.8951597,-8.0663754],[-34.8951277,-8.0663588],[-34.8949107,-8.0662737],[-34.8946648,-8.0661831],[-34.8942584,-8.0661109],[-34.8941081,-8.0661085],[-34.8936797,-8.0661615],[-34.8936189,-8.066163]]}},{"type":"Feature","id":"way/129181110","properties":{"name":"Rua dos Coelhos","id":"way/129181110","type":"Ciclorrota"},"geometry":{"type":"LineString","coordinates":[[-34.8910097,-8.0685876],[-34.8913483,-8.06913],[-34.8913595,-8.0691738]]}},{"type":"Feature","id":"way/129182045","properties":{"name":"Rua Dom Bosco","id":"way/129182045","type":"Ciclorrota"},"geometry":{"type":"LineString","coordinates":[[-34.8940494,-8.0594631],[-34.8940051,-8.059533],[-34.8939452,-8.0596099],[-34.8938994,-8.0596787],[-34.8937245,-8.0599467],[-34.8935892,-8.0601541],[-34.8934466,-8.0603311],[-34.8933438,-8.060452],[-34.8932499,-8.0605281],[-34.8930686,-8.0606448],[-34.8928964,-8.0607422],[-34.8925991,-8.060877],[-34.8920558,-8.0611287]]}},{"type":"Feature","id":"way/129186154","properties":{"id":"way/129186154","type":"Baixa velocidade"},"geometry":{"type":"LineString","coordinates":[[-34.8791793,-8.0717009],[-34.8792171,-8.0716775],[-34.8792365,-8.0716655],[-34.8800002,-8.0711457]]}},{"type":"Feature","id":"way/129483340","properties":{"name":"Rua Antônio Falcão","id":"way/129483340","type":"Ciclofaixa"},"geometry":{"type":"LineString","coordinates":[[-34.9001352,-8.1133554],[-34.9001661,-8.1133397]]}},{"type":"Feature","id":"way/129483505","properties":{"name":"Rua Itacari","id":"way/129483505","type":"Ciclofaixa"},"geometry":{"type":"LineString","coordinates":[[-34.9119457,-8.1088347],[-34.9127108,-8.1086528]]}},{"type":"Feature","id":"way/129484189","properties":{"name":"Rua Jean Émile Favre","id":"way/129484189","type":"Ciclofaixa"},"geometry":{"type":"LineString","coordinates":[[-34.9159903,-8.1079377],[-34.9158994,-8.1078569],[-34.9158483,-8.1078114],[-34.9155734,-8.1075731],[-34.9153914,-8.1074094],[-34.9150836,-8.1071325]]}},{"type":"Feature","id":"way/129484190","properties":{"name":"Rua Jean Émile Favre","id":"way/129484190","type":"Ciclofaixa"},"geometry":{"type":"LineString","coordinates":[[-34.9160413,-8.107984],[-34.9160101,-8.1079567]]}},{"type":"Feature","id":"way/129727073","properties":{"name":"Rua José de Alencar","id":"way/129727073","type":"Ciclofaixa"},"geometry":{"type":"LineString","coordinates":[[-34.8931208,-8.0659867],[-34.892673,-8.0656849]]}},{"type":"Feature","id":"way/129727225","properties":{"name":"Rua Visconde de Goiana","id":"way/129727225","type":"Ciclorrota"},"geometry":{"type":"LineString","coordinates":[[-34.8920558,-8.0611287],[-34.8919072,-8.0613225],[-34.891675,-8.0616477],[-34.8915234,-8.0618483],[-34.8913288,-8.0621057],[-34.8907598,-8.0626712]]}},{"type":"Feature","id":"way/129727280","properties":{"name":"Rua José de Alencar","id":"way/129727280","type":"Ciclofaixa"},"geometry":{"type":"LineString","coordinates":[[-34.8875165,-8.0590114],[-34.888008,-8.059923]]}},{"type":"Feature","id":"way/129727281","properties":{"name":"Rua José de Alencar","id":"way/129727281","type":"Ciclofaixa"},"geometry":{"type":"LineString","coordinates":[[-34.8900812,-8.0632093],[-34.8896523,-8.0625636],[-34.8888196,-8.0613097]]}},{"type":"Feature","id":"way/129727282","properties":{"name":"Rua José de Alencar","id":"way/129727282","type":"Ciclofaixa"},"geometry":{"type":"LineString","coordinates":[[-34.8883454,-8.0605331],[-34.888008,-8.059923]]}},{"type":"Feature","id":"way/129727410","properties":{"name":"Rua Senador José Henrique","id":"way/129727410","type":"Ciclorrota"},"geometry":{"type":"LineString","coordinates":[[-34.8939194,-8.0652565],[-34.8949599,-8.0652289],[-34.8957433,-8.0651907]]}},{"type":"Feature","id":"way/129736369","properties":{"name":"Rua Rosário da Boa Vista","id":"way/129736369","type":"Ciclorrota"},"geometry":{"type":"LineString","coordinates":[[-34.8873992,-8.0618209],[-34.8876622,-8.0621775]]}},{"type":"Feature","id":"way/130491810","properties":{"name":"Rua Padre Inglês","id":"way/130491810","type":"Ciclofaixa"},"geometry":{"type":"LineString","coordinates":[[-34.8919009,-8.0534082],[-34.8924775,-8.0538066],[-34.8925996,-8.0538704],[-34.8927163,-8.0538903],[-34.8928691,-8.053881],[-34.8934934,-8.0538464],[-34.8935819,-8.0538464],[-34.8937026,-8.0538737],[-34.8937724,-8.0539055],[-34.893824,-8.0539434],[-34.8938475,-8.0539792],[-34.8938629,-8.0540264],[-34.893986,-8.0546902],[-34.8940687,-8.0551703],[-34.8942257,-8.0559787],[-34.8942356,-8.0560293],[-34.8942405,-8.0560548]]}},{"type":"Feature","id":"way/130888047","properties":{"name":"Avenida Luiz de Lacerda","id":"way/130888047","type":"Ciclofaixa"},"geometry":{"type":"LineString","coordinates":[[-34.9431204,-8.0381608],[-34.9430204,-8.0379654],[-34.9429721,-8.0378246],[-34.9429413,-8.0376885],[-34.9429265,-8.0376055],[-34.9429214,-8.0375233]]}},{"type":"Feature","id":"way/130892107","properties":{"name":"Avenida Maurício de Nassau","id":"way/130892107","type":"Ciclofaixa"},"geometry":{"type":"LineString","coordinates":[[-34.9226893,-8.043698],[-34.9227334,-8.0435447],[-34.9227355,-8.0435373],[-34.9227462,-8.0435096],[-34.9227796,-8.0434228],[-34.9228636,-8.0432494],[-34.9229394,-8.0431301],[-34.9230231,-8.0430166],[-34.9231658,-8.0428708],[-34.9233131,-8.042761],[-34.923621,-8.0425821],[-34.9240299,-8.0423444],[-34.924125,-8.042292],[-34.9244787,-8.0420971],[-34.9246163,-8.0420278],[-34.9251713,-8.0417429],[-34.9257638,-8.0414388],[-34.9258441,-8.0413936],[-34.9261015,-8.0412489],[-34.9264175,-8.0410711],[-34.9266965,-8.0409171]]}},{"type":"Feature","id":"way/130892706","properties":{"name":"Rua Lindolfo Color","id":"way/130892706","type":"Ciclofaixa"},"geometry":{"type":"LineString","coordinates":[[-34.9455483,-8.0512898],[-34.9444053,-8.0516374],[-34.9443038,-8.0516679]]}},{"type":"Feature","id":"way/130893508","properties":{"name":"Rua Lindolfo Color","id":"way/130893508","type":"Ciclorrota"},"geometry":{"type":"LineString","coordinates":[[-34.9413332,-8.0524622],[-34.9401378,-8.0527696],[-34.9392506,-8.0530231]]}},{"type":"Feature","id":"way/130893509","properties":{"name":"Rua Gomes Taborda","id":"way/130893509","type":"Ciclorrota"},"geometry":{"type":"LineString","coordinates":[[-34.9278682,-8.0541291],[-34.9279864,-8.054074],[-34.9281698,-8.0539679],[-34.9284077,-8.0538395],[-34.9289458,-8.0535453],[-34.9289815,-8.0535234]]}},{"type":"Feature","id":"way/130893510","properties":{"name":"Rua Gomes Taborda","id":"way/130893510","type":"Ciclorrota"},"geometry":{"type":"LineString","coordinates":[[-34.9228522,-8.0557525],[-34.9231387,-8.0556842],[-34.9232389,-8.055658],[-34.9239672,-8.0554399]]}},{"type":"Feature","id":"way/130894159","properties":{"name":"Avenida do Forte","id":"way/130894159","type":"Ciclofaixa"},"geometry":{"type":"LineString","coordinates":[[-34.9321157,-8.0612677],[-34.9320538,-8.0608393],[-34.9320082,-8.0605242],[-34.93199,-8.0603977],[-34.9318232,-8.0594351]]}},{"type":"Feature","id":"way/130894160","properties":{"name":"Avenida do Forte","id":"way/130894160","type":"Ciclofaixa"},"geometry":{"type":"LineString","coordinates":[[-34.9321157,-8.0612677],[-34.9322192,-8.0619159],[-34.9322401,-8.0620639],[-34.9322724,-8.0622711],[-34.9323058,-8.06253]]}},{"type":"Feature","id":"way/130894161","properties":{"name":"Avenida do Forte","id":"way/130894161","type":"Ciclofaixa"},"geometry":{"type":"LineString","coordinates":[[-34.9323058,-8.06253],[-34.9322656,-8.0625597],[-34.9322253,-8.062574],[-34.932194,-8.0625847],[-34.9321423,-8.0625943]]}},{"type":"Feature","id":"way/130921222","properties":{"name":"Rua Carlos Gomes","id":"way/130921222","type":"Ciclofaixa"},"geometry":{"type":"LineString","coordinates":[[-34.9133807,-8.0634143],[-34.9138704,-8.0651229],[-34.9139272,-8.0653266],[-34.9140177,-8.0656514],[-34.9141289,-8.0660507]]}},{"type":"Feature","id":"way/130921226","properties":{"name":"Rua Carlos Gomes","id":"way/130921226","type":"Ciclorrota"},"geometry":{"type":"LineString","coordinates":[[-34.9113801,-8.0584923],[-34.9115566,-8.0586438],[-34.9118042,-8.0588601],[-34.9119362,-8.0589791]]}},{"type":"Feature","id":"way/130921295","properties":{"name":"Avenida Manoel Gonçalves da Luz","id":"way/130921295","type":"Ciclorrota"},"geometry":{"type":"LineString","coordinates":[[-34.9183469,-8.0742278],[-34.9183415,-8.0741171]]}},{"type":"Feature","id":"way/130921296","properties":{"name":"Avenida Manoel Gonçalves da Luz","id":"way/130921296","type":"Ciclorrota"},"geometry":{"type":"LineString","coordinates":[[-34.9183415,-8.0741171],[-34.9183423,-8.0740976],[-34.9183278,-8.0738279],[-34.9183141,-8.0735897],[-34.9182858,-8.0730629],[-34.9182595,-8.0727867],[-34.9182409,-8.0726191],[-34.9181904,-8.0721598],[-34.9181675,-8.0719794],[-34.9181629,-8.0719532],[-34.918136,-8.0718014],[-34.9181147,-8.0716848],[-34.9180951,-8.0715823],[-34.918079,-8.0714978],[-34.9179898,-8.0711337],[-34.9179766,-8.0710788],[-34.9179016,-8.070688],[-34.9178652,-8.0705115],[-34.9178258,-8.070321],[-34.91776,-8.0700135],[-34.917728,-8.0698641],[-34.9176395,-8.0694628],[-34.9175556,-8.0690758],[-34.9174692,-8.0687026],[-34.9173953,-8.068301],[-34.9173132,-8.067959],[-34.9172881,-8.0678332],[-34.9172492,-8.067672],[-34.9172143,-8.0675131],[-34.9171974,-8.0674521],[-34.9171678,-8.0673276],[-34.9170518,-8.0667857],[-34.9168678,-8.0659454],[-34.9167242,-8.0652615],[-34.9166769,-8.0651343],[-34.9166313,-8.0650084],[-34.9165835,-8.0649156]]}},{"type":"Feature","id":"way/130921298","properties":{"name":"Avenida Manoel Gonçalves da Luz","id":"way/130921298","type":"Ciclorrota"},"geometry":{"type":"LineString","coordinates":[[-34.9183656,-8.0751017],[-34.9183687,-8.0749448],[-34.9183488,-8.0742554],[-34.9183469,-8.0742278]]}},{"type":"Feature","id":"way/130921681","properties":{"name":"Rua Vinte e Um de Abril","id":"way/130921681","type":"Ciclorrota"},"geometry":{"type":"LineString","coordinates":[[-34.9205415,-8.0748848],[-34.9203779,-8.0749213],[-34.9201888,-8.0749498],[-34.9199749,-8.0749758],[-34.9197804,-8.0749902],[-34.9196886,-8.074997],[-34.9194026,-8.0750176],[-34.9191786,-8.0750336],[-34.9190636,-8.0750418],[-34.9187918,-8.0750573],[-34.9183656,-8.0751017]]}},{"type":"Feature","id":"way/130921781","properties":{"name":"Avenida João Cabral de Melo Neto","id":"way/130921781","type":"Ciclofaixa"},"geometry":{"type":"LineString","coordinates":[[-34.9337702,-8.0796048],[-34.9336189,-8.0795508],[-34.9334431,-8.0794923],[-34.9331852,-8.0794239],[-34.9326454,-8.0793174],[-34.9324354,-8.0792615],[-34.9322819,-8.0792087],[-34.9320715,-8.0790916],[-34.9320163,-8.0790571],[-34.9318549,-8.0788951],[-34.9317665,-8.0787739],[-34.9316856,-8.0786095]]}},{"type":"Feature","id":"way/130922421","properties":{"name":"Rua Alberto Paiva","id":"way/130922421","type":"Ciclofaixa"},"geometry":{"type":"LineString","coordinates":[[-34.902996,-8.0450728],[-34.9028808,-8.0452185],[-34.9028745,-8.0452243],[-34.9028505,-8.0452463],[-34.9028153,-8.0452592],[-34.9027794,-8.0452663],[-34.9027012,-8.0452852]]}},{"type":"Feature","id":"way/130922423","properties":{"name":"Rua Alberto Paiva","id":"way/130922423","type":"Ciclofaixa"},"geometry":{"type":"LineString","coordinates":[[-34.9032068,-8.0446258],[-34.9031101,-8.044809],[-34.902996,-8.0450728]]}},{"type":"Feature","id":"way/130922739","properties":{"name":"Praça Professor Campelo Barreto","id":"way/130922739","type":"Ciclofaixa"},"geometry":{"type":"LineString","coordinates":[[-34.9132499,-8.0467031],[-34.9133518,-8.046729],[-34.9134336,-8.0467768],[-34.913502,-8.0468365],[-34.9136174,-8.0469339],[-34.9137099,-8.0470211],[-34.91419,-8.0474567]]}},{"type":"Feature","id":"way/130923479","properties":{"name":"Rua Bruno Veloso","id":"way/130923479","type":"Ciclofaixa"},"geometry":{"type":"LineString","coordinates":[[-34.9013641,-8.1213539],[-34.9011932,-8.1213696]]}},{"type":"Feature","id":"way/130923581","properties":{"name":"Rua Félix de Brito Melo","id":"way/130923581","type":"Ciclorrota"},"geometry":{"type":"LineString","coordinates":[[-34.9005021,-8.1153665],[-34.9004351,-8.1154034]]}},{"type":"Feature","id":"way/130923582","properties":{"name":"Rua Félix de Brito Melo","id":"way/130923582","type":"Ciclorrota"},"geometry":{"type":"LineString","coordinates":[[-34.9006724,-8.1152795],[-34.9006426,-8.115294]]}},{"type":"Feature","id":"way/131144626","properties":{"name":"Rua Professor Estevão Francisco da Costa","id":"way/131144626","type":"Ciclofaixa"},"geometry":{"type":"LineString","coordinates":[[-34.9187719,-8.047122],[-34.9188191,-8.0472343],[-34.9188624,-8.0473371],[-34.9188932,-8.0474247],[-34.9189362,-8.047547],[-34.9190421,-8.0478298],[-34.9191025,-8.0479918],[-34.9191717,-8.0481843],[-34.9192518,-8.0483708]]}},{"type":"Feature","id":"way/131144672","properties":{"name":"Rua Odete Monteiro","id":"way/131144672","type":"Ciclofaixa"},"geometry":{"type":"LineString","coordinates":[[-34.9217404,-8.0454502],[-34.9219526,-8.0453365],[-34.9220328,-8.0452935],[-34.9221166,-8.0452357],[-34.9221662,-8.045182],[-34.9222514,-8.0450631],[-34.9223198,-8.044937],[-34.9223728,-8.0447969],[-34.9224593,-8.0445067],[-34.9225794,-8.0440844],[-34.9226128,-8.043967],[-34.9226893,-8.043698]]}},{"type":"Feature","id":"way/131144673","properties":{"name":"Rua Dianópolis","id":"way/131144673","type":"Ciclofaixa"},"geometry":{"type":"LineString","coordinates":[[-34.9174207,-8.0475735],[-34.9175475,-8.0475835],[-34.9176541,-8.0475775],[-34.9177795,-8.0475576],[-34.9178888,-8.0475297],[-34.9180826,-8.0474726]]}},{"type":"Feature","id":"way/131144677","properties":{"name":"Rua Marquês de Maricá","id":"way/131144677","type":"Ciclofaixa"},"geometry":{"type":"LineString","coordinates":[[-34.9147352,-8.0475629],[-34.9148198,-8.0475637],[-34.9148713,-8.0475642],[-34.9150463,-8.0475639],[-34.9154386,-8.0475632],[-34.9156384,-8.0475629],[-34.9160515,-8.0475576],[-34.916278,-8.0475547],[-34.9164632,-8.0475523],[-34.9166992,-8.0475523],[-34.9169051,-8.0475551],[-34.917178,-8.0475589],[-34.9174207,-8.0475735]]}},{"type":"Feature","id":"way/131144911","properties":{"name":"Rua Dez de Novembro","id":"way/131144911","type":"Ciclofaixa"},"geometry":{"type":"LineString","coordinates":[[-34.9223989,-8.046644],[-34.9218844,-8.0469267],[-34.9213616,-8.047214],[-34.9211324,-8.04734],[-34.9208559,-8.0474919],[-34.9207048,-8.0475749],[-34.9206216,-8.0476207],[-34.9205904,-8.0476378],[-34.9204465,-8.0477169],[-34.9204171,-8.047733],[-34.9203918,-8.0477469],[-34.9202384,-8.0478312],[-34.9200222,-8.04795],[-34.9199184,-8.048007],[-34.9194098,-8.0482865],[-34.9192518,-8.0483708]]}},{"type":"Feature","id":"way/131144912","properties":{"name":"Rua Tomaz Gonzaga","id":"way/131144912","type":"Ciclofaixa"},"geometry":{"type":"LineString","coordinates":[[-34.9190908,-8.0484576],[-34.9189,-8.0485542],[-34.9187901,-8.0486067],[-34.918725,-8.0486378],[-34.9185654,-8.0487055],[-34.9185141,-8.0487252],[-34.9184162,-8.0487639],[-34.9182203,-8.0488188],[-34.9180857,-8.0488429],[-34.9180459,-8.0488487],[-34.9178767,-8.0488735],[-34.9176474,-8.048908],[-34.917549,-8.0489196],[-34.9173886,-8.0489386],[-34.9168602,-8.0490236],[-34.9167227,-8.049047],[-34.916254,-8.0491266],[-34.9162272,-8.0491311],[-34.9159708,-8.0491727],[-34.9154962,-8.0492497],[-34.9153435,-8.0492745],[-34.9152777,-8.0492852]]}},{"type":"Feature","id":"way/131144914","properties":{"name":"Rua Souza Bandeira","id":"way/131144914","type":"Ciclofaixa"},"geometry":{"type":"LineString","coordinates":[[-34.9188655,-8.0515614],[-34.9188219,-8.0514622],[-34.9186921,-8.0511455],[-34.9185479,-8.0507458],[-34.9184158,-8.0503561],[-34.9182563,-8.0499305],[-34.9181369,-8.0495687],[-34.9179813,-8.0491544],[-34.9178768,-8.0488739],[-34.9178767,-8.0488735]]}},{"type":"Feature","id":"way/131145453","properties":{"name":"Rua Doutor João Lacerda","id":"way/131145453","type":"Ciclofaixa"},"geometry":{"type":"LineString","coordinates":[[-34.9236744,-8.0489069],[-34.9233659,-8.048349],[-34.9232975,-8.0482282],[-34.9232197,-8.0480947],[-34.923048,-8.0478006],[-34.9228402,-8.0474235],[-34.9226417,-8.0470636],[-34.9223989,-8.046644]]}},{"type":"Feature","id":"way/131146131","properties":{"name":"Praça Professor Campelo Barreto","id":"way/131146131","type":"Ciclofaixa"},"geometry":{"type":"LineString","coordinates":[[-34.9148713,-8.0475642],[-34.9149665,-8.047782],[-34.9149861,-8.0478669],[-34.9150054,-8.0479506],[-34.9150169,-8.0480217],[-34.9150879,-8.0484623]]}},{"type":"Feature","id":"way/131147884","properties":{"name":"Rua Carandaí","id":"way/131147884","type":"Ciclorrota"},"geometry":{"type":"LineString","coordinates":[[-34.918503,-8.045733],[-34.9184038,-8.0454263],[-34.9183153,-8.0450757],[-34.9182506,-8.0447771]]}},{"type":"Feature","id":"way/131147885","properties":{"name":"Rua Fernando Fink Filho","id":"way/131147885","type":"Ciclorrota"},"geometry":{"type":"LineString","coordinates":[[-34.9182506,-8.0447771],[-34.9181265,-8.0448054]]}},{"type":"Feature","id":"way/131147889","properties":{"name":"Avenida Professor Estevão Francisco da Costa","id":"way/131147889","type":"Ciclorrota"},"geometry":{"type":"LineString","coordinates":[[-34.918503,-8.045733],[-34.91845,-8.0459468]]}},{"type":"Feature","id":"way/131150440","properties":{"name":"Rua Joaquim Felipe","id":"way/131150440","type":"Ciclofaixa"},"geometry":{"type":"LineString","coordinates":[[-34.8921217,-8.0526305],[-34.8920782,-8.0526433],[-34.8915644,-8.0527922],[-34.8911253,-8.0528991],[-34.8904134,-8.0530732],[-34.8903198,-8.053095],[-34.8900406,-8.0531731],[-34.889955,-8.0531971]]}},{"type":"Feature","id":"way/131280442","properties":{"name":"Rua Marcos André","id":"way/131280442","type":"Ciclofaixa"},"geometry":{"type":"LineString","coordinates":[[-34.9083563,-8.0409559],[-34.9084263,-8.0409672],[-34.9085048,-8.0409798],[-34.9086948,-8.041016]]}},{"type":"Feature","id":"way/131336790","properties":{"name":"Rua Marcos André","id":"way/131336790","type":"Ciclofaixa"},"geometry":{"type":"LineString","coordinates":[[-34.9087814,-8.0410269],[-34.9088815,-8.0410476],[-34.9092172,-8.0411132],[-34.9101653,-8.0412983],[-34.9103347,-8.0413314],[-34.9103531,-8.041335],[-34.9111729,-8.0415381]]}},{"type":"Feature","id":"way/131336791","properties":{"name":"Rua Real da Torre","id":"way/131336791","type":"Ciclofaixa"},"geometry":{"type":"LineString","coordinates":[[-34.9111729,-8.0415381],[-34.9110156,-8.0420375],[-34.9109312,-8.0422637],[-34.9108185,-8.042566]]}},{"type":"Feature","id":"way/131350718","properties":{"name":"Rua Pio IX","id":"way/131350718","type":"Ciclorrota"},"geometry":{"type":"LineString","coordinates":[[-34.9117284,-8.0435825],[-34.9116808,-8.0437677],[-34.9116258,-8.0439709],[-34.9114488,-8.04453],[-34.911224,-8.0452594]]}},{"type":"Feature","id":"way/131641897","properties":{"name":"Rua Bruno Veloso","id":"way/131641897","type":"Ciclofaixa"},"geometry":{"type":"LineString","coordinates":[[-34.9040069,-8.1209806],[-34.9040155,-8.1209657],[-34.90403,-8.1209478],[-34.9040476,-8.1209348],[-34.9040615,-8.1209284],[-34.9040729,-8.1209258],[-34.9041091,-8.1209123],[-34.9041449,-8.1209046],[-34.9041832,-8.1208985],[-34.9042169,-8.1208956],[-34.9043799,-8.120879],[-34.9044324,-8.1208727],[-34.9046577,-8.1208459],[-34.904827,-8.1208258],[-34.9050693,-8.1207948],[-34.90511,-8.1207891],[-34.9051437,-8.1207892],[-34.9051799,-8.1207949],[-34.9052118,-8.1208076],[-34.9052444,-8.1208303]]}},{"type":"Feature","id":"way/132047861","properties":{"name":"Rua Treze de Maio","id":"way/132047861","type":"Ciclofaixa"},"geometry":{"type":"LineString","coordinates":[[-34.8791285,-8.0459412],[-34.8791517,-8.0459688],[-34.879179,-8.0460054],[-34.8793375,-8.0462178],[-34.8795602,-8.0465302],[-34.8796697,-8.04668]]}},{"type":"Feature","id":"way/132047862","properties":{"name":"Rua Bispo Cardoso Ayres","id":"way/132047862","type":"Ciclofaixa"},"geometry":{"type":"LineString","coordinates":[[-34.8863008,-8.0566816],[-34.8862512,-8.0566015],[-34.8856153,-8.0555741],[-34.8852947,-8.0550557],[-34.8849778,-8.0545709],[-34.8849438,-8.0545189],[-34.8849235,-8.0544851],[-34.8845486,-8.0538611],[-34.8844782,-8.0537439]]}},{"type":"Feature","id":"way/132049149","properties":{"name":"Rua Doutor Leopoldo Lins","id":"way/132049149","type":"Ciclofaixa"},"geometry":{"type":"LineString","coordinates":[[-34.890002,-8.0497217],[-34.8898191,-8.0497715],[-34.8897148,-8.0497847]]}},{"type":"Feature","id":"way/132049184","properties":{"name":"Rua dos Palmares","id":"way/132049184","type":"Ciclofaixa"},"geometry":{"type":"LineString","coordinates":[[-34.8875283,-8.0495873],[-34.8875657,-8.0494883],[-34.8877669,-8.0489706]]}},{"type":"Feature","id":"way/132049185","properties":{"name":"Rua Doutor Carlos Chagas","id":"way/132049185","type":"Ciclofaixa"},"geometry":{"type":"LineString","coordinates":[[-34.8882776,-8.0479372],[-34.8883515,-8.0478198],[-34.888394,-8.0477535],[-34.8890708,-8.0477402],[-34.8896203,-8.0477566]]}},{"type":"Feature","id":"way/132050435","properties":{"name":"Rua do Veiga","id":"way/132050435","type":"Ciclofaixa"},"geometry":{"type":"LineString","coordinates":[[-34.8781993,-8.051069],[-34.8783724,-8.0513262],[-34.8784117,-8.0513845],[-34.8785663,-8.0515989]]}},{"type":"Feature","id":"way/132051731","properties":{"name":"Cais do Apolo","id":"way/132051731","type":"Baixa velocidade"},"geometry":{"type":"LineString","coordinates":[[-34.8738494,-8.0623784],[-34.8738742,-8.0624697],[-34.8738878,-8.0625201],[-34.8739227,-8.0625904],[-34.8740937,-8.0628673],[-34.8742254,-8.0630739],[-34.8743932,-8.0633409],[-34.8744303,-8.0634389]]}},{"type":"Feature","id":"way/132051808","properties":{"name":"Rua Vigário Tenório","id":"way/132051808","type":"Baixa velocidade"},"geometry":{"type":"LineString","coordinates":[[-34.8736061,-8.0639714],[-34.873241,-8.0639451],[-34.8729567,-8.0639106],[-34.8725683,-8.0638536],[-34.8722774,-8.0637952],[-34.8722202,-8.0637795],[-34.871721,-8.0636612],[-34.8716408,-8.0636387],[-34.8715415,-8.0636113]]}},{"type":"Feature","id":"way/132052141","properties":{"name":"Rua Professor Aloísio Magalhães","id":"way/132052141","type":"Baixa velocidade"},"geometry":{"type":"LineString","coordinates":[[-34.8733961,-8.0655343],[-34.873517,-8.0656173],[-34.8736982,-8.0657358],[-34.8738628,-8.0658274]]}},{"type":"Feature","id":"way/132052142","properties":{"name":"Cais da Alfândega","id":"way/132052142","type":"Baixa velocidade"},"geometry":{"type":"LineString","coordinates":[[-34.8736426,-8.0660469],[-34.8735937,-8.0661131],[-34.8735595,-8.0661687],[-34.8735278,-8.0662359],[-34.8735007,-8.066317],[-34.8734827,-8.0663777],[-34.8734723,-8.0664276],[-34.8734713,-8.0664677],[-34.8734772,-8.0665105]]}},{"type":"Feature","id":"way/132055101","properties":{"name":"Rua Barros Barreto","id":"way/132055101","type":"Ciclorrota"},"geometry":{"type":"LineString","coordinates":[[-34.8861629,-8.0447909],[-34.8858004,-8.0450486],[-34.8857439,-8.0450853],[-34.885494,-8.0452527]]}},{"type":"Feature","id":"way/132055217","properties":{"name":"Rua Coelho Leite","id":"way/132055217","type":"Ciclorrota"},"geometry":{"type":"LineString","coordinates":[[-34.8817899,-8.0518244],[-34.8806067,-8.050185]]}},{"type":"Feature","id":"way/132055218","properties":{"name":"Rua Coelho Leite","id":"way/132055218","type":"Ciclorrota"},"geometry":{"type":"LineString","coordinates":[[-34.8821798,-8.0521606],[-34.8817899,-8.0518244]]}},{"type":"Feature","id":"way/132055219","properties":{"name":"Rua Coelho Leite","id":"way/132055219","type":"Ciclorrota"},"geometry":{"type":"LineString","coordinates":[[-34.8827877,-8.0531369],[-34.8821798,-8.0521606]]}},{"type":"Feature","id":"way/132177903","properties":{"name":"Ponte Buarque de Macedo","id":"way/132177903","type":"Ciclofaixa"},"geometry":{"type":"LineString","coordinates":[[-34.8738494,-8.0623784],[-34.8739315,-8.062358]]}},{"type":"Feature","id":"way/132180509","properties":{"name":"Rua do Observatório","id":"way/132180509","type":"Baixa velocidade"},"geometry":{"type":"LineString","coordinates":[[-34.8709908,-8.0607163],[-34.8710524,-8.0607234],[-34.8710894,-8.0607228],[-34.8711127,-8.0607193],[-34.8712458,-8.0606856],[-34.8714395,-8.0606439]]}},{"type":"Feature","id":"way/132180510","properties":{"name":"Rua do Observatório","id":"way/132180510","type":"Baixa velocidade"},"geometry":{"type":"LineString","coordinates":[[-34.8726881,-8.0603112],[-34.8719395,-8.0605],[-34.8718031,-8.0605382],[-34.8717072,-8.0605631],[-34.8714395,-8.0606439]]}},{"type":"Feature","id":"way/132180658","properties":{"name":"Rua Doutor Afrânio Peixoto","id":"way/132180658","type":"Baixa velocidade"},"geometry":{"type":"LineString","coordinates":[[-34.8692742,-8.0474174],[-34.869158,-8.047161],[-34.8691228,-8.0470835],[-34.8686408,-8.0460126],[-34.8686046,-8.0459511],[-34.8685675,-8.0459266],[-34.8685198,-8.0459122],[-34.8684708,-8.045914],[-34.8680034,-8.0461281],[-34.8679755,-8.0461555],[-34.8679596,-8.0461849],[-34.8679522,-8.0462201],[-34.8679552,-8.0462551],[-34.8683855,-8.0472664]]}},{"type":"Feature","id":"way/132398668","properties":{"name":"Rua Alegre","id":"way/132398668","type":"Ciclofaixa"},"geometry":{"type":"LineString","coordinates":[[-34.8938826,-8.0231294],[-34.8938229,-8.0230957],[-34.8938071,-8.023078],[-34.8937961,-8.0230559],[-34.8931747,-8.0214149],[-34.8930888,-8.0211775]]}},{"type":"Feature","id":"way/132399063","properties":{"name":"Rua São Bento","id":"way/132399063","type":"Ciclofaixa"},"geometry":{"type":"LineString","coordinates":[[-34.8971594,-8.0238745],[-34.8969261,-8.0237758]]}},{"type":"Feature","id":"way/132904329","properties":{"name":"Rua Parque das Graças","id":"way/132904329","type":"Ciclorrota"},"geometry":{"type":"LineString","coordinates":[[-34.903616,-8.0529413],[-34.9036554,-8.0527983],[-34.9037312,-8.0523952],[-34.9038099,-8.0518407],[-34.9038441,-8.051597],[-34.9038649,-8.0513939],[-34.9038811,-8.0511585],[-34.9038956,-8.0508933],[-34.9038595,-8.0506018],[-34.9037454,-8.0501036],[-34.9036565,-8.0496137],[-34.9034918,-8.0491856],[-34.9032062,-8.0485823],[-34.9031028,-8.0481461],[-34.9030452,-8.0479773],[-34.9028289,-8.0473869],[-34.9026825,-8.0468289],[-34.9027537,-8.0467378],[-34.90275,-8.046629],[-34.9027222,-8.0464036],[-34.9026766,-8.045907],[-34.9026693,-8.04567],[-34.9026794,-8.0454648],[-34.9026961,-8.0453272],[-34.9026971,-8.0453193],[-34.9027012,-8.0452852]]}},{"type":"Feature","id":"way/133334358","properties":{"name":"Rua José Alexandre Caçador","id":"way/133334358","type":"Ciclofaixa"},"geometry":{"type":"LineString","coordinates":[[-34.8950702,-8.0313359],[-34.894957,-8.0311786]]}},{"type":"Feature","id":"way/133334512","properties":{"name":"Rua Doutor José Maria","id":"way/133334512","type":"Ciclofaixa"},"geometry":{"type":"LineString","coordinates":[[-34.9002492,-8.0350646],[-34.9002629,-8.0350621],[-34.9003932,-8.0350387],[-34.9011879,-8.0348957],[-34.9019531,-8.0347292],[-34.9020584,-8.03471],[-34.902222,-8.0346807],[-34.9022734,-8.0346747],[-34.9024421,-8.0346551],[-34.9024817,-8.0346505],[-34.9025613,-8.0346701]]}},{"type":"Feature","id":"way/133334910","properties":{"name":"Rua Amélia","id":"way/133334910","type":"Ciclofaixa"},"geometry":{"type":"LineString","coordinates":[[-34.8953386,-8.0458494],[-34.8944212,-8.0461709],[-34.8943932,-8.0461807],[-34.8943365,-8.0462005]]}},{"type":"Feature","id":"way/133335251","properties":{"name":"Rua Alberto Paiva","id":"way/133335251","type":"Ciclofaixa"},"geometry":{"type":"LineString","coordinates":[[-34.8987692,-8.0438375],[-34.8997523,-8.0438614],[-34.8998934,-8.0438667],[-34.9000375,-8.0438701],[-34.90016,-8.043873],[-34.9003996,-8.0438738]]}},{"type":"Feature","id":"way/133335857","properties":{"name":"Rua Esmeraldino Bandeira","id":"way/133335857","type":"Ciclofaixa"},"geometry":{"type":"LineString","coordinates":[[-34.8989156,-8.0450358],[-34.8987796,-8.0444625],[-34.8987579,-8.0441647],[-34.8987692,-8.0438375]]}},{"type":"Feature","id":"way/133438804","properties":{"name":"Rua Frei Cassimiro","id":"way/133438804","type":"Ciclofaixa"},"geometry":{"type":"LineString","coordinates":[[-34.8851727,-8.04323],[-34.8848972,-8.0434242],[-34.8842413,-8.0438661],[-34.8833606,-8.0444934],[-34.8824516,-8.0451409],[-34.8819825,-8.0454678],[-34.8817925,-8.0456013],[-34.8815631,-8.0457626],[-34.8807642,-8.0463192],[-34.8807077,-8.0463576],[-34.8806884,-8.0463695],[-34.880682,-8.0463832],[-34.8806775,-8.0463898],[-34.8806742,-8.0463978],[-34.8806696,-8.0464147],[-34.880664,-8.0464307],[-34.8806576,-8.0464426],[-34.8806439,-8.0464534],[-34.8806284,-8.0464639],[-34.8806151,-8.0464668],[-34.880598,-8.0464677],[-34.8805836,-8.0464667],[-34.8805717,-8.0464685],[-34.880564,-8.046471],[-34.880545,-8.0464824],[-34.8804801,-8.0465267],[-34.8802314,-8.0466908],[-34.879928,-8.0469138],[-34.8798971,-8.0469365],[-34.8798424,-8.0469761]]}},{"type":"Feature","id":"way/133438945","properties":{"name":"Rua Frei Cassimiro","id":"way/133438945","type":"Ciclofaixa"},"geometry":{"type":"LineString","coordinates":[[-34.8797727,-8.0468821],[-34.8797764,-8.0468566],[-34.8797812,-8.0468437],[-34.8797899,-8.0468319],[-34.8798123,-8.0468144],[-34.8798388,-8.0467965],[-34.8803832,-8.0464284],[-34.8804639,-8.0463676],[-34.8804659,-8.0463643],[-34.8804704,-8.0463577],[-34.8804737,-8.0463497],[-34.8804783,-8.0463328],[-34.8804819,-8.0463224],[-34.8804839,-8.0463168],[-34.8804903,-8.0463049],[-34.8804998,-8.0462957],[-34.8805195,-8.0462835],[-34.8805328,-8.0462806],[-34.8805499,-8.0462797],[-34.8805569,-8.0462798],[-34.8805676,-8.04628],[-34.8805762,-8.046279],[-34.8805839,-8.0462765],[-34.8806087,-8.0462578],[-34.8806573,-8.0462245],[-34.8814718,-8.0456363],[-34.8817288,-8.0454681],[-34.8818985,-8.0453499],[-34.8823669,-8.0450213],[-34.8832747,-8.0443724],[-34.8841512,-8.043743],[-34.8850045,-8.0431541]]}},{"type":"Feature","id":"way/133439040","properties":{"name":"Rua Tupinambás","id":"way/133439040","type":"Ciclorrota"},"geometry":{"type":"LineString","coordinates":[[-34.8858556,-8.0435442],[-34.8852741,-8.0439378],[-34.8851183,-8.0440488],[-34.884634,-8.0443916],[-34.8828338,-8.0456516],[-34.8819283,-8.0462829],[-34.8809992,-8.0469582]]}},{"type":"Feature","id":"way/133439341","properties":{"name":"Rua Barros Barreto","id":"way/133439341","type":"Ciclorrota"},"geometry":{"type":"LineString","coordinates":[[-34.885494,-8.0452527],[-34.8853304,-8.0453648],[-34.8849203,-8.0456678],[-34.8846909,-8.0458263],[-34.884467,-8.0459884],[-34.8842482,-8.0461517],[-34.8839734,-8.0463374],[-34.8835496,-8.0466179],[-34.8827038,-8.0472344],[-34.8826232,-8.047288],[-34.8825641,-8.0473296],[-34.8816858,-8.0479489]]}},{"type":"Feature","id":"way/134170997","properties":{"name":"Rua General Abreu e Lima","id":"way/134170997","type":"Ciclofaixa"},"geometry":{"type":"LineString","coordinates":[[-34.9002492,-8.0350646],[-34.9002007,-8.0349853],[-34.8997615,-8.0342682],[-34.8994021,-8.0336932],[-34.8993077,-8.0335402],[-34.8988578,-8.0328259],[-34.8986017,-8.0324213]]}},{"type":"Feature","id":"way/134171001","properties":{"name":"Avenida Doutor Malaquias","id":"way/134171001","type":"Baixa velocidade"},"geometry":{"type":"LineString","coordinates":[[-34.9005559,-8.0381424],[-34.9011855,-8.0384618],[-34.9017813,-8.038772],[-34.9021912,-8.0389846],[-34.9033016,-8.0395317],[-34.903435,-8.0396017],[-34.9036127,-8.039695],[-34.9040192,-8.0399045]]}},{"type":"Feature","id":"way/134171002","properties":{"name":"Rua General Abreu e Lima","id":"way/134171002","type":"Ciclofaixa"},"geometry":{"type":"LineString","coordinates":[[-34.8980619,-8.0315168],[-34.8980997,-8.031586],[-34.8982747,-8.0319062]]}},{"type":"Feature","id":"way/134171262","properties":{"name":"Rua Neto de Mendonça","id":"way/134171262","type":"Ciclofaixa"},"geometry":{"type":"LineString","coordinates":[[-34.9035685,-8.0365399],[-34.9029467,-8.036298],[-34.9028175,-8.0362477],[-34.9024614,-8.0361189],[-34.9022039,-8.036019]]}},{"type":"Feature","id":"way/134171334","properties":{"name":"Rua do Futuro","id":"way/134171334","type":"Ciclofaixa"},"geometry":{"type":"LineString","coordinates":[[-34.9028108,-8.0374867],[-34.9025649,-8.0377727],[-34.9025345,-8.037808],[-34.9024683,-8.0378912],[-34.9022502,-8.0381652],[-34.9017813,-8.038772],[-34.9015568,-8.0390235],[-34.9012035,-8.0394194],[-34.9009458,-8.0397493],[-34.9000224,-8.0408845],[-34.8998623,-8.0410598],[-34.8996208,-8.0413587],[-34.8990434,-8.0420734],[-34.8987994,-8.0423619],[-34.8986748,-8.0425208],[-34.8986346,-8.0425952],[-34.8985983,-8.0426848],[-34.8985326,-8.0428687],[-34.8984736,-8.043121],[-34.8984277,-8.0433172],[-34.8984157,-8.0433688],[-34.8983945,-8.0434597],[-34.8983224,-8.0437685],[-34.8982993,-8.0438673],[-34.8982747,-8.0439617],[-34.8982248,-8.0441636],[-34.8981926,-8.0442917],[-34.8981759,-8.0443843],[-34.8981876,-8.0444728],[-34.8983261,-8.0451687]]}},{"type":"Feature","id":"way/134171336","properties":{"name":"Rua do Futuro","id":"way/134171336","type":"Ciclofaixa"},"geometry":{"type":"LineString","coordinates":[[-34.9049123,-8.0349742],[-34.9050881,-8.0347104],[-34.9054715,-8.034135]]}},{"type":"Feature","id":"way/134174589","properties":{"name":"Rua Simão Mendes","id":"way/134174589","type":"Ciclofaixa"},"geometry":{"type":"LineString","coordinates":[[-34.9025613,-8.0346701],[-34.9026218,-8.034705],[-34.9029891,-8.0349171],[-34.9033003,-8.0351004],[-34.9042645,-8.0356913]]}},{"type":"Feature","id":"way/134175371","properties":{"name":"Rua Sebastião Alves","id":"way/134175371","type":"Ciclofaixa"},"geometry":{"type":"LineString","coordinates":[[-34.9069198,-8.0325188],[-34.9070646,-8.0325523],[-34.907282,-8.0325967]]}},{"type":"Feature","id":"way/134179606","properties":{"name":"Estrada do Arraial","id":"way/134179606","type":"Ciclofaixa"},"geometry":{"type":"LineString","coordinates":[[-34.9267789,-8.0275333],[-34.9269573,-8.0276465],[-34.9270454,-8.0277297],[-34.92711,-8.0277886]]}},{"type":"Feature","id":"way/134470698","properties":{"name":"Rua Bruno Veloso","id":"way/134470698","type":"Ciclofaixa"},"geometry":{"type":"LineString","coordinates":[[-34.9039933,-8.1210136],[-34.903996,-8.1209982],[-34.9039946,-8.1209825],[-34.9039879,-8.1209658],[-34.9039768,-8.1209522],[-34.9039622,-8.1209424],[-34.9039449,-8.1209372],[-34.9039269,-8.1209374],[-34.9035287,-8.1209806],[-34.9034102,-8.1209844],[-34.9033312,-8.1209917],[-34.9031777,-8.1210314],[-34.9031175,-8.1210487],[-34.9028819,-8.1210683],[-34.9028139,-8.1210798],[-34.9027065,-8.1210945],[-34.9025668,-8.1211093],[-34.9023748,-8.1211372],[-34.9022181,-8.1211597],[-34.9020669,-8.121189]]}},{"type":"Feature","id":"way/134495018","properties":{"name":"Rua Feliciano José de Farias","id":"way/134495018","type":"Ciclorrota"},"geometry":{"type":"LineString","coordinates":[[-34.90482,-8.1316436],[-34.9048101,-8.1319042],[-34.9047906,-8.1333968],[-34.9047993,-8.133836],[-34.9048414,-8.1339555]]}},{"type":"Feature","id":"way/135138772","properties":{"name":"Avenida Professor José dos Anjos","id":"way/135138772","type":"Ciclofaixa"},"geometry":{"type":"LineString","coordinates":[[-34.8829531,-8.0242472],[-34.8830176,-8.024272]]}},{"type":"Feature","id":"way/135138776","properties":{"name":"Estrada Velha de Água Fria","id":"way/135138776","type":"Ciclofaixa"},"geometry":{"type":"LineString","coordinates":[[-34.8972673,-8.0239722],[-34.8973088,-8.0241293],[-34.8973865,-8.0244871],[-34.8975108,-8.0249377],[-34.8976314,-8.0255325],[-34.8978092,-8.0262132],[-34.8978637,-8.0263908],[-34.8979287,-8.0265709]]}},{"type":"Feature","id":"way/135143520","properties":{"name":"Avenida Professor José dos Anjos","id":"way/135143520","type":"Ciclofaixa"},"geometry":{"type":"LineString","coordinates":[[-34.887991,-8.0270938],[-34.8886092,-8.0273201],[-34.8891054,-8.0274496],[-34.8891438,-8.0274596],[-34.8895507,-8.0275254],[-34.8896801,-8.027535],[-34.8898941,-8.0275491],[-34.8904733,-8.0275835]]}},{"type":"Feature","id":"way/135143523","properties":{"name":"Avenida Professor José dos Anjos","id":"way/135143523","type":"Ciclofaixa"},"geometry":{"type":"LineString","coordinates":[[-34.8959002,-8.027569],[-34.8961706,-8.0274182],[-34.8970721,-8.0269406],[-34.8975012,-8.0267408],[-34.8975771,-8.0267055],[-34.8977842,-8.0266189]]}},{"type":"Feature","id":"way/135143529","properties":{"name":"Avenida Professor José dos Anjos","id":"way/135143529","type":"Ciclofaixa"},"geometry":{"type":"LineString","coordinates":[[-34.898898,-8.0265322],[-34.8985885,-8.0266404],[-34.8982888,-8.0267631],[-34.8980577,-8.0268476]]}},{"type":"Feature","id":"way/135722592","properties":{"name":"Rua Paulo de Arruda","id":"way/135722592","type":"Ciclorrota"},"geometry":{"type":"LineString","coordinates":[[-34.8827436,-8.0353556],[-34.8829299,-8.0348035]]}},{"type":"Feature","id":"way/135722594","properties":{"name":"Rua Paulo de Arruda","id":"way/135722594","type":"Ciclorrota"},"geometry":{"type":"LineString","coordinates":[[-34.8829299,-8.0348035],[-34.884101,-8.0336383],[-34.8842872,-8.0334268],[-34.8844239,-8.0332383],[-34.8845824,-8.0330056]]}},{"type":"Feature","id":"way/135932504","properties":{"name":"Rua Antônio Rangel","id":"way/135932504","type":"Ciclofaixa"},"geometry":{"type":"LineString","coordinates":[[-34.8885332,-8.0356926],[-34.8884121,-8.0358505],[-34.8879458,-8.0365828],[-34.887374,-8.0374723]]}},{"type":"Feature","id":"way/136116572","properties":{"name":"Rua José Domingues da Silva","id":"way/136116572","type":"Ciclorrota"},"geometry":{"type":"LineString","coordinates":[[-34.905606,-8.1343935],[-34.9056311,-8.1343695],[-34.9056507,-8.1343352],[-34.9056964,-8.1341288],[-34.9057707,-8.1336914]]}},{"type":"Feature","id":"way/136121284","properties":{"name":"Rua São Nicolau","id":"way/136121284","type":"Ciclofaixa"},"geometry":{"type":"LineString","coordinates":[[-34.9233565,-8.106411],[-34.9237353,-8.1064714],[-34.924543,-8.1065793]]}},{"type":"Feature","id":"way/136121285","properties":{"name":"Avenida Dom Hélder Câmara","id":"way/136121285","type":"Ciclofaixa"},"geometry":{"type":"LineString","coordinates":[[-34.9314152,-8.107912],[-34.9312706,-8.1078729],[-34.9311302,-8.107835],[-34.9310026,-8.107801],[-34.9306763,-8.1077142],[-34.9302387,-8.1075894],[-34.9301634,-8.1075698],[-34.9298528,-8.1074931],[-34.9294763,-8.1073832],[-34.9293083,-8.1073404],[-34.9291851,-8.1073124],[-34.9291091,-8.1073017],[-34.9290416,-8.1072966]]}},{"type":"Feature","id":"way/136121287","properties":{"name":"Rua Pintor Antônio Albuquerque","id":"way/136121287","type":"Ciclorrota"},"geometry":{"type":"LineString","coordinates":[[-34.9232538,-8.107424],[-34.923204,-8.107416]]}},{"type":"Feature","id":"way/136121288","properties":{"name":"Rua Itanagé","id":"way/136121288","type":"Ciclorrota"},"geometry":{"type":"LineString","coordinates":[[-34.9223352,-8.1072953],[-34.9222615,-8.107284],[-34.9222185,-8.107272],[-34.9221555,-8.1072435],[-34.9220112,-8.1071316],[-34.9218395,-8.1069665],[-34.9215968,-8.1067492],[-34.9214356,-8.1066034],[-34.921277,-8.1064701]]}},{"type":"Feature","id":"way/136121484","properties":{"name":"Rua Virgínia Heráclio","id":"way/136121484","type":"Ciclofaixa"},"geometry":{"type":"LineString","coordinates":[[-34.9232164,-8.1073299],[-34.9232814,-8.1068897],[-34.9233454,-8.1064593],[-34.9233565,-8.106411]]}},{"type":"Feature","id":"way/136121781","properties":{"name":"Rua Potengy","id":"way/136121781","type":"Ciclofaixa"},"geometry":{"type":"LineString","coordinates":[[-34.9196292,-8.1052794],[-34.9194948,-8.1054484],[-34.9193853,-8.1055693],[-34.9190035,-8.1059799],[-34.9186192,-8.1064227]]}},{"type":"Feature","id":"way/136121782","properties":{"name":"Rua Blumenau","id":"way/136121782","type":"Ciclofaixa"},"geometry":{"type":"LineString","coordinates":[[-34.9182496,-8.1099159],[-34.9183179,-8.1098356],[-34.9184685,-8.1096688],[-34.9186586,-8.1094461],[-34.9188744,-8.1091851],[-34.9190153,-8.1090146],[-34.9194099,-8.1085798],[-34.9197605,-8.1081854]]}},{"type":"Feature","id":"way/136122179","properties":{"name":"Rua São Nicolau","id":"way/136122179","type":"Ciclofaixa"},"geometry":{"type":"LineString","coordinates":[[-34.9246547,-8.1065942],[-34.9258268,-8.1067629]]}},{"type":"Feature","id":"way/136667786","properties":{"name":"Avenida Afonso Olindense","id":"way/136667786","type":"Ciclofaixa"},"geometry":{"type":"LineString","coordinates":[[-34.9551588,-8.0334092],[-34.9551018,-8.0336197],[-34.9550736,-8.033791],[-34.9550816,-8.0339743],[-34.9550991,-8.0341204],[-34.9551685,-8.0343949],[-34.9551758,-8.0344144]]}},{"type":"Feature","id":"way/136953957","properties":{"name":"Rua Arquiteto Luíz Nunes","id":"way/136953957","type":"Ciclofaixa"},"geometry":{"type":"LineString","coordinates":[[-34.9088498,-8.0826707],[-34.9091206,-8.0838751]]}},{"type":"Feature","id":"way/136953958","properties":{"name":"Rua Arquiteto Luíz Nunes","id":"way/136953958","type":"Ciclofaixa"},"geometry":{"type":"LineString","coordinates":[[-34.9091206,-8.0838751],[-34.9092392,-8.0843942]]}},{"type":"Feature","id":"way/136953959","properties":{"name":"Rua Arquiteto Luíz Nunes","id":"way/136953959","type":"Ciclofaixa"},"geometry":{"type":"LineString","coordinates":[[-34.9092392,-8.0843942],[-34.9093959,-8.0852424],[-34.9095344,-8.08582],[-34.9096693,-8.0864051]]}},{"type":"Feature","id":"way/136954054","properties":{"name":"Rua Arquiteto Luíz Nunes","id":"way/136954054","type":"Ciclofaixa"},"geometry":{"type":"LineString","coordinates":[[-34.9111048,-8.0927816],[-34.9112196,-8.093295],[-34.9112475,-8.0934197]]}},{"type":"Feature","id":"way/136954063","properties":{"name":"Rua Arquiteto Luíz Nunes","id":"way/136954063","type":"Ciclofaixa"},"geometry":{"type":"LineString","coordinates":[[-34.9104162,-8.0896718],[-34.9105236,-8.0901617],[-34.9105458,-8.0902631],[-34.9106925,-8.0909488]]}},{"type":"Feature","id":"way/136954064","properties":{"name":"Rua Arquiteto Luíz Nunes","id":"way/136954064","type":"Ciclofaixa"},"geometry":{"type":"LineString","coordinates":[[-34.9103331,-8.0892443],[-34.9103962,-8.0895726],[-34.9104162,-8.0896718]]}},{"type":"Feature","id":"way/136954066","properties":{"name":"Rua Arquiteto Luíz Nunes","id":"way/136954066","type":"Ciclofaixa"},"geometry":{"type":"LineString","coordinates":[[-34.9119702,-8.0966521],[-34.9122598,-8.0980339]]}},{"type":"Feature","id":"way/136954200","properties":{"name":"Rua Paris","id":"way/136954200","type":"Ciclofaixa"},"geometry":{"type":"LineString","coordinates":[[-34.9131335,-8.1031009],[-34.9130793,-8.1028523],[-34.9130336,-8.1025795],[-34.9129722,-8.1022692],[-34.912964,-8.1022163]]}},{"type":"Feature","id":"way/136954201","properties":{"name":"Rua Arquiteto Luíz Nunes","id":"way/136954201","type":"Ciclofaixa"},"geometry":{"type":"LineString","coordinates":[[-34.912964,-8.1022163],[-34.9129102,-8.1018736],[-34.9128669,-8.1016615],[-34.9127938,-8.101209],[-34.9127774,-8.1011158]]}},{"type":"Feature","id":"way/137062738","properties":{"name":"Avenida Prefeito Lima Castro","id":"way/137062738","type":"Ciclofaixa"},"geometry":{"type":"LineString","coordinates":[[-34.90187,-8.0621674],[-34.901913,-8.0622273],[-34.901938,-8.0622638],[-34.901963,-8.062315],[-34.9021189,-8.0633174],[-34.9022166,-8.0638988],[-34.9022741,-8.0642408],[-34.9023131,-8.0644711]]}},{"type":"Feature","id":"way/137364482","properties":{"name":"Avenida Mário Álvares Pereira de Lyra","id":"way/137364482","type":"Ciclofaixa"},"geometry":{"type":"LineString","coordinates":[[-34.9403435,-8.0472798],[-34.9401739,-8.0471811],[-34.9400906,-8.0471467],[-34.9400133,-8.0471291],[-34.9399092,-8.0471286],[-34.9392031,-8.0471879],[-34.9389187,-8.0472097],[-34.9386464,-8.0471951],[-34.9380828,-8.0471738],[-34.9379239,-8.0471741],[-34.9377776,-8.0471696],[-34.9362874,-8.047124],[-34.9361441,-8.0471166],[-34.9360003,-8.0471169],[-34.934784,-8.0470663],[-34.9329169,-8.0470174],[-34.9325833,-8.0470025],[-34.9323012,-8.0469221],[-34.9320506,-8.0468106],[-34.9318376,-8.0466772],[-34.9317546,-8.0466047],[-34.931647,-8.0464844],[-34.9315254,-8.0463298],[-34.9314259,-8.0461699],[-34.9313761,-8.0460614],[-34.9313225,-8.0459557],[-34.9312502,-8.0458014],[-34.9311094,-8.0455054],[-34.9309394,-8.0451813],[-34.9308959,-8.0451081]]}},{"type":"Feature","id":"way/137746675","properties":{"name":"Rua Ricardo Salazar","id":"way/137746675","type":"Ciclorrota"},"geometry":{"type":"LineString","coordinates":[[-34.912393,-8.0567401],[-34.9122857,-8.0567802],[-34.9117865,-8.0569523],[-34.9114292,-8.0572342],[-34.9108693,-8.0578688],[-34.9107985,-8.0579468],[-34.9107692,-8.0579791],[-34.9100109,-8.058874],[-34.9099313,-8.0590212],[-34.909817,-8.0592105]]}},{"type":"Feature","id":"way/137746686","properties":{"name":"Rua Ricardo Salazar","id":"way/137746686","type":"Ciclorrota"},"geometry":{"type":"LineString","coordinates":[[-34.9097433,-8.0587914],[-34.9098227,-8.0587767],[-34.9098703,-8.0587665],[-34.9098955,-8.0587533],[-34.9099189,-8.058733],[-34.9099451,-8.0587005],[-34.9099907,-8.0586537],[-34.9105472,-8.0579354],[-34.9106094,-8.0578533],[-34.9106442,-8.0578165],[-34.9113141,-8.0571097],[-34.9116978,-8.0568045],[-34.9121203,-8.056652],[-34.9123551,-8.0565738]]}},{"type":"Feature","id":"way/137746917","properties":{"name":"Rua Carlos Gomes","id":"way/137746917","type":"Ciclorrota"},"geometry":{"type":"LineString","coordinates":[[-34.91065,-8.0578781],[-34.9107233,-8.0579411]]}},{"type":"Feature","id":"way/137746919","properties":{"name":"Rua Carlos Gomes","id":"way/137746919","type":"Ciclorrota"},"geometry":{"type":"LineString","coordinates":[[-34.9107233,-8.0579411],[-34.9107692,-8.0579791],[-34.9112121,-8.058359],[-34.9112799,-8.058416],[-34.9113801,-8.0584923]]}},{"type":"Feature","id":"way/137747160","properties":{"name":"Praça da Rua João Crescêncio","id":"way/137747160","type":"Ciclorrota"},"geometry":{"type":"LineString","coordinates":[[-34.9126124,-8.0567321],[-34.9125784,-8.0567596],[-34.912538,-8.0567766],[-34.9124944,-8.0567816],[-34.9124575,-8.0567761],[-34.912423,-8.056762],[-34.912393,-8.0567401],[-34.9123649,-8.0567047],[-34.9123484,-8.0566627],[-34.9123451,-8.0566177],[-34.9123551,-8.0565738],[-34.9123678,-8.0565488],[-34.9123848,-8.0565264],[-34.9124207,-8.0564976],[-34.9124636,-8.0564806],[-34.9125097,-8.056477],[-34.9125548,-8.056487],[-34.9125883,-8.0565051],[-34.9126164,-8.0565307],[-34.9126399,-8.056568],[-34.9126516,-8.0566104],[-34.9126506,-8.0566543],[-34.9126371,-8.0566962],[-34.9126124,-8.0567321]]}},{"type":"Feature","id":"way/138285434","properties":{"name":"Avenida Visconde de Jequitinhonha","id":"way/138285434","type":"Ciclorrota"},"geometry":{"type":"LineString","coordinates":[[-34.9108467,-8.1543222],[-34.9110474,-8.1547033],[-34.9111525,-8.15491]]}},{"type":"Feature","id":"way/138285446","properties":{"name":"Avenida Visconde de Jequitinhonha","id":"way/138285446","type":"Ciclorrota"},"geometry":{"type":"LineString","coordinates":[[-34.9057446,-8.1434993],[-34.9057494,-8.1435102],[-34.9059112,-8.1438795],[-34.9060192,-8.1441312],[-34.9061984,-8.1445066]]}},{"type":"Feature","id":"way/138285453","properties":{"name":"Avenida Visconde de Jequitinhonha","id":"way/138285453","type":"Ciclorrota"},"geometry":{"type":"LineString","coordinates":[[-34.9051824,-8.1421722],[-34.904967,-8.1416703],[-34.9048124,-8.1413062],[-34.904716,-8.1410909],[-34.9046869,-8.1410235]]}},{"type":"Feature","id":"way/139040203","properties":{"name":"Rua Marechal Deodoro","id":"way/139040203","type":"Ciclofaixa"},"geometry":{"type":"LineString","coordinates":[[-34.8873315,-8.0396478],[-34.8872592,-8.0395862],[-34.8862536,-8.0386658]]}},{"type":"Feature","id":"way/140092783","properties":{"name":"Avenida João Cabral de Melo Neto","id":"way/140092783","type":"Ciclofaixa"},"geometry":{"type":"LineString","coordinates":[[-34.9316856,-8.0786095],[-34.9316029,-8.0784377],[-34.9314915,-8.0781567]]}},{"type":"Feature","id":"way/140092785","properties":{"name":"Avenida João Cabral de Melo Neto","id":"way/140092785","type":"Ciclofaixa"},"geometry":{"type":"LineString","coordinates":[[-34.9314915,-8.0781567],[-34.9312241,-8.0775635],[-34.931067,-8.0771829],[-34.9310536,-8.0771522],[-34.9309324,-8.0768619],[-34.9308803,-8.0767392],[-34.9308693,-8.0767132],[-34.9307928,-8.07654],[-34.9304033,-8.0756361],[-34.9303249,-8.0754398],[-34.9302752,-8.0753123],[-34.9302655,-8.0752599],[-34.930266,-8.0752116],[-34.9302777,-8.0751337]]}},{"type":"Feature","id":"way/140093042","properties":{"name":"Praça Salazar","id":"way/140093042","type":"Ciclofaixa"},"geometry":{"type":"LineString","coordinates":[[-34.9384329,-8.0811715],[-34.9385652,-8.0812218],[-34.9386715,-8.0812991],[-34.938725,-8.0813621],[-34.9387646,-8.0814302],[-34.9387984,-8.0815283],[-34.9388068,-8.0816323],[-34.938779,-8.081776],[-34.9387527,-8.0818339],[-34.9386757,-8.0819473],[-34.9385651,-8.0820301],[-34.9384348,-8.082077],[-34.9382964,-8.082084],[-34.9381665,-8.0820595],[-34.9380949,-8.0820213],[-34.9380608,-8.0819927],[-34.9379772,-8.0819119],[-34.9379048,-8.0817807],[-34.9378784,-8.0816729],[-34.9378861,-8.081528],[-34.9379389,-8.0813926],[-34.9379856,-8.0813253],[-34.9380311,-8.0812804],[-34.9380927,-8.0812315],[-34.9381538,-8.081202],[-34.9382665,-8.0811634],[-34.9384329,-8.0811715]]}},{"type":"Feature","id":"way/140478429","properties":{"name":"Rua da Coragem","id":"way/140478429","type":"Ciclofaixa"},"geometry":{"type":"LineString","coordinates":[[-34.8908294,-8.0357991],[-34.8899906,-8.0352684]]}},{"type":"Feature","id":"way/140478430","properties":{"name":"Rua Retiro Saudoso","id":"way/140478430","type":"Ciclorrota"},"geometry":{"type":"LineString","coordinates":[[-34.8891585,-8.0347325],[-34.8885417,-8.0343504],[-34.8885216,-8.0343339],[-34.8885109,-8.0343181],[-34.8884593,-8.0342236]]}},{"type":"Feature","id":"way/140478431","properties":{"name":"Rua Carlos Fernandes","id":"way/140478431","type":"Ciclorrota"},"geometry":{"type":"LineString","coordinates":[[-34.8884593,-8.0342236],[-34.888407,-8.0341107],[-34.8883832,-8.0340762],[-34.8883188,-8.0340141],[-34.888062,-8.0338129],[-34.8878049,-8.0336149],[-34.8869541,-8.0330207],[-34.8864684,-8.0326915]]}},{"type":"Feature","id":"way/140478464","properties":{"name":"Rua Pedro Alves","id":"way/140478464","type":"Ciclofaixa"},"geometry":{"type":"LineString","coordinates":[[-34.8912491,-8.036025],[-34.892096,-8.0361042]]}},{"type":"Feature","id":"way/140478536","properties":{"name":"Rua Pedro Alves","id":"way/140478536","type":"Ciclorrota"},"geometry":{"type":"LineString","coordinates":[[-34.892096,-8.0361042],[-34.8923322,-8.0361179]]}},{"type":"Feature","id":"way/140478537","properties":{"name":"Rua Pedro Alves","id":"way/140478537","type":"Ciclorrota"},"geometry":{"type":"LineString","coordinates":[[-34.8922965,-8.036214],[-34.8922793,-8.0362059],[-34.892256,-8.0361934],[-34.8922023,-8.0361601],[-34.8921613,-8.0361366],[-34.892096,-8.0361042]]}},{"type":"Feature","id":"way/140478540","properties":{"name":"Praça do Baobá da Encruzilhada","id":"way/140478540","type":"Ciclorrota"},"geometry":{"type":"LineString","coordinates":[[-34.892466,-8.0361239],[-34.8924859,-8.0361511],[-34.8924956,-8.0361831],[-34.892494,-8.0362166],[-34.8924813,-8.0362475],[-34.892459,-8.0362726],[-34.8924315,-8.0362883],[-34.8924004,-8.0362947],[-34.8923688,-8.0362912],[-34.8923398,-8.0362781],[-34.8923164,-8.0362566],[-34.892301,-8.0362289],[-34.8922965,-8.036214]]}},{"type":"Feature","id":"way/140478646","properties":{"name":"Rua Amaro Coutinho","id":"way/140478646","type":"Ciclofaixa"},"geometry":{"type":"LineString","coordinates":[[-34.8931352,-8.035411],[-34.8928819,-8.0356809],[-34.892466,-8.0361239]]}},{"type":"Feature","id":"way/140478650","properties":{"name":"Rua Amaro Coutinho","id":"way/140478650","type":"Ciclofaixa"},"geometry":{"type":"LineString","coordinates":[[-34.8931352,-8.035411],[-34.8932771,-8.0352351],[-34.8936436,-8.0348202],[-34.8941362,-8.0343623],[-34.8941602,-8.0343357],[-34.8951537,-8.0332536]]}},{"type":"Feature","id":"way/140479112","properties":{"name":"Rua Couto Magalhães","id":"way/140479112","type":"Ciclorrota"},"geometry":{"type":"LineString","coordinates":[[-34.894455,-8.0304295],[-34.894178,-8.0303951],[-34.8938984,-8.0303565],[-34.8935976,-8.030304],[-34.8931239,-8.0302154],[-34.8924829,-8.0301092]]}},{"type":"Feature","id":"way/140616408","properties":{"name":"Rua João Crescêncio","id":"way/140616408","type":"Ciclorrota"},"geometry":{"type":"LineString","coordinates":[[-34.9120098,-8.0555593],[-34.9122738,-8.0560731],[-34.9124527,-8.056402],[-34.9125548,-8.056487]]}},{"type":"Feature","id":"way/140616410","properties":{"name":"Rua João Crescêncio","id":"way/140616410","type":"Ciclorrota"},"geometry":{"type":"LineString","coordinates":[[-34.9123848,-8.0565264],[-34.9118959,-8.0556225]]}},{"type":"Feature","id":"way/141711452","properties":{"name":"Rua Baltazar Passos","id":"way/141711452","type":"Ciclorrota"},"geometry":{"type":"LineString","coordinates":[[-34.9132424,-8.1412516],[-34.9123286,-8.1416431],[-34.9122179,-8.1416905],[-34.9121305,-8.141728],[-34.9120461,-8.1417641]]}},{"type":"Feature","id":"way/141711856","properties":{"name":"Avenida Vinte de Janeiro","id":"way/141711856","type":"Ciclorrota"},"geometry":{"type":"LineString","coordinates":[[-34.9135475,-8.1347718],[-34.9136612,-8.1353026],[-34.913776,-8.1358339],[-34.9138582,-8.1362146]]}},{"type":"Feature","id":"way/141711861","properties":{"name":"Rua Baltazar Passos","id":"way/141711861","type":"Ciclorrota"},"geometry":{"type":"LineString","coordinates":[[-34.91201,-8.14178],[-34.9118481,-8.1418495]]}},{"type":"Feature","id":"way/141712575","properties":{"name":"Avenida Lino Jordão","id":"way/141712575","type":"Ciclofaixa"},"geometry":{"type":"LineString","coordinates":[[-34.9146577,-8.1435781],[-34.9145637,-8.1436167]]}},{"type":"Feature","id":"way/141715558","properties":{"id":"way/141715558","type":"Baixa velocidade"},"geometry":{"type":"LineString","coordinates":[[-34.9089415,-8.1311204],[-34.9087186,-8.1310437],[-34.9082069,-8.1308678],[-34.9073129,-8.1305604]]}},{"type":"Feature","id":"way/141715675","properties":{"id":"way/141715675","type":"Baixa velocidade"},"geometry":{"type":"LineString","coordinates":[[-34.9073129,-8.1305604],[-34.907149,-8.1304956],[-34.9068944,-8.1304032]]}},{"type":"Feature","id":"way/141724611","properties":{"name":"Rua Soldado Sinésio de Aragão","id":"way/141724611","type":"Ciclofaixa"},"geometry":{"type":"LineString","coordinates":[[-34.907461,-8.1183416],[-34.9075603,-8.118318],[-34.9085224,-8.1180898],[-34.908753,-8.1180333],[-34.9093842,-8.1178855],[-34.9095564,-8.1178435],[-34.9096645,-8.1178178],[-34.9097973,-8.1177869],[-34.9099977,-8.1177402],[-34.9105868,-8.1176071]]}},{"type":"Feature","id":"way/141868412","properties":{"name":"Rua Camboim","id":"way/141868412","type":"Ciclorrota"},"geometry":{"type":"LineString","coordinates":[[-34.9138228,-8.1398987],[-34.9136132,-8.138976],[-34.9134189,-8.1381098],[-34.9132248,-8.1372506],[-34.913033,-8.1364247],[-34.9128134,-8.1354939],[-34.9127813,-8.1353389]]}},{"type":"Feature","id":"way/141868413","properties":{"name":"Rua Camboim","id":"way/141868413","type":"Ciclorrota"},"geometry":{"type":"LineString","coordinates":[[-34.9127813,-8.1353389],[-34.9126982,-8.1349667]]}},{"type":"Feature","id":"way/141868494","properties":{"name":"Rua Waldemar Nery Carneiro Monteiro","id":"way/141868494","type":"Ciclorrota"},"geometry":{"type":"LineString","coordinates":[[-34.9129768,-8.1402886],[-34.9132424,-8.1412516]]}},{"type":"Feature","id":"way/141868688","properties":{"name":"Rua Cosmorama","id":"way/141868688","type":"Ciclofaixa"},"geometry":{"type":"LineString","coordinates":[[-34.9111236,-8.1411115],[-34.9107984,-8.1402156]]}},{"type":"Feature","id":"way/141868689","properties":{"name":"Rua Cosmorama","id":"way/141868689","type":"Ciclofaixa"},"geometry":{"type":"LineString","coordinates":[[-34.9114687,-8.1420113],[-34.9113571,-8.1417033],[-34.9112843,-8.1415024]]}},{"type":"Feature","id":"way/141868697","properties":{"name":"Rua Cosmorama","id":"way/141868697","type":"Ciclofaixa"},"geometry":{"type":"LineString","coordinates":[[-34.9114687,-8.1420113],[-34.9115062,-8.142098],[-34.9116328,-8.1423905],[-34.9117497,-8.1426956],[-34.91192,-8.1431688],[-34.9121784,-8.1438386],[-34.9122384,-8.143991]]}},{"type":"Feature","id":"way/141871387","properties":{"name":"Rua Cosmorama","id":"way/141871387","type":"Ciclofaixa"},"geometry":{"type":"LineString","coordinates":[[-34.9122384,-8.143991],[-34.9123883,-8.1443855],[-34.9123958,-8.1444037],[-34.9124557,-8.1445563],[-34.9125095,-8.1446866],[-34.9126008,-8.1449291],[-34.91269,-8.1451673],[-34.9128591,-8.1456319],[-34.9131249,-8.1463299],[-34.9132418,-8.14666]]}},{"type":"Feature","id":"way/141873584","properties":{"name":"Rua Copacabana","id":"way/141873584","type":"Ciclorrota"},"geometry":{"type":"LineString","coordinates":[[-34.9121437,-8.136637],[-34.913033,-8.1364247],[-34.9138582,-8.1362146]]}},{"type":"Feature","id":"way/142229290","properties":{"name":"Rua da Regeneração","id":"way/142229290","type":"Ciclofaixa"},"geometry":{"type":"LineString","coordinates":[[-34.8930437,-8.0187763],[-34.8933702,-8.0185839]]}},{"type":"Feature","id":"way/142229454","properties":{"name":"Rua dos Craveiros","id":"way/142229454","type":"Ciclorrota"},"geometry":{"type":"LineString","coordinates":[[-34.8811774,-8.0132154],[-34.8810942,-8.0128913],[-34.881058,-8.012724]]}},{"type":"Feature","id":"way/142333429","properties":{"name":"Rua Doutor Alberto Wanderley","id":"way/142333429","type":"Ciclorrota"},"geometry":{"type":"LineString","coordinates":[[-34.8882887,-8.0093536],[-34.8882535,-8.0099065],[-34.8882408,-8.0102886]]}},{"type":"Feature","id":"way/142333444","properties":{"name":"Rua Doutor Alberto Wanderley","id":"way/142333444","type":"Ciclorrota"},"geometry":{"type":"LineString","coordinates":[[-34.8882408,-8.0102886],[-34.8882352,-8.0105518]]}},{"type":"Feature","id":"way/142612998","properties":{"name":"Avenida Professor José dos Anjos","id":"way/142612998","type":"Ciclofaixa"},"geometry":{"type":"LineString","coordinates":[[-34.8981593,-8.0265076],[-34.8984285,-8.0264092],[-34.8988129,-8.0262628],[-34.8989741,-8.0262335],[-34.8991007,-8.0262169],[-34.8992797,-8.0262067],[-34.8994325,-8.0262068],[-34.8999127,-8.0262073],[-34.9011175,-8.02625],[-34.901207,-8.0262543],[-34.9015638,-8.0262643],[-34.9017456,-8.0262724],[-34.9021992,-8.0262814],[-34.902939,-8.0263011],[-34.9031806,-8.026303],[-34.9034504,-8.0262927],[-34.9036758,-8.0262588],[-34.9039353,-8.0261952],[-34.9040296,-8.0261666],[-34.9042357,-8.0261041],[-34.9042833,-8.0260896]]}},{"type":"Feature","id":"way/144180416","properties":{"name":"Avenida Sebastião Salazar","id":"way/144180416","type":"Ciclorrota"},"geometry":{"type":"LineString","coordinates":[[-34.8828015,-8.0121344],[-34.8818006,-8.0129348],[-34.8815992,-8.0130778],[-34.8815154,-8.0131251],[-34.8813973,-8.0131715],[-34.8811774,-8.0132154]]}},{"type":"Feature","id":"way/144180418","properties":{"name":"Rua Arão Butler","id":"way/144180418","type":"Ciclofaixa"},"geometry":{"type":"LineString","coordinates":[[-34.8883392,-8.0088541],[-34.8882544,-8.0088422],[-34.8880888,-8.008711],[-34.887917,-8.0085927]]}},{"type":"Feature","id":"way/144474968","properties":{"name":"Rua Marquês do Paraná","id":"way/144474968","type":"Ciclofaixa"},"geometry":{"type":"LineString","coordinates":[[-34.8906964,-8.0427523],[-34.8900653,-8.0423641],[-34.8891861,-8.0418174],[-34.8890215,-8.0417055],[-34.8888861,-8.0415913]]}},{"type":"Feature","id":"way/144474970","properties":{"name":"Rua Marquês do Paraná","id":"way/144474970","type":"Ciclofaixa"},"geometry":{"type":"LineString","coordinates":[[-34.8888861,-8.0415913],[-34.888612,-8.0413532],[-34.8881829,-8.0407164]]}},{"type":"Feature","id":"way/144475524","properties":{"name":"Rua Doutor Fernando Allain","id":"way/144475524","type":"Ciclorrota"},"geometry":{"type":"LineString","coordinates":[[-34.8891861,-8.0418174],[-34.8886899,-8.0422721]]}},{"type":"Feature","id":"way/144479322","properties":{"name":"Rua José Paraíso","id":"way/144479322","type":"Ciclorrota"},"geometry":{"type":"LineString","coordinates":[[-34.9033532,-8.1351431],[-34.9034318,-8.1351173],[-34.9037057,-8.135019],[-34.9039938,-8.1349262],[-34.9042067,-8.1348588],[-34.9046343,-8.1347363],[-34.905606,-8.1343935]]}},{"type":"Feature","id":"way/144479335","properties":{"name":"Rua Dona Uzinha Nunes","id":"way/144479335","type":"Ciclorrota"},"geometry":{"type":"LineString","coordinates":[[-34.9048414,-8.1339555],[-34.9044202,-8.1341153],[-34.9037917,-8.1343201],[-34.903247,-8.1344906],[-34.9031593,-8.1345205]]}},{"type":"Feature","id":"way/145078921","properties":{"name":"Avenida da Redenção","id":"way/145078921","type":"Baixa velocidade"},"geometry":{"type":"LineString","coordinates":[[-34.9369427,-8.0086342],[-34.9369219,-8.0087379],[-34.9369219,-8.0087855],[-34.9369298,-8.0088199],[-34.9369472,-8.0088648],[-34.9369751,-8.0089207]]}},{"type":"Feature","id":"way/145216592","properties":{"name":"Avenida Dezessete de Agosto","id":"way/145216592","type":"Ciclofaixa"},"geometry":{"type":"LineString","coordinates":[[-34.9290954,-8.0277253],[-34.9289493,-8.027734]]}},{"type":"Feature","id":"way/145218257","properties":{"name":"Rua Padre Lemos","id":"way/145218257","type":"Ciclofaixa"},"geometry":{"type":"LineString","coordinates":[[-34.9184927,-8.0234248],[-34.9182987,-8.0237373],[-34.9180289,-8.0241702],[-34.9179569,-8.0242836]]}},{"type":"Feature","id":"way/145218468","properties":{"name":"Rua Paula Batista","id":"way/145218468","type":"Ciclofaixa"},"geometry":{"type":"LineString","coordinates":[[-34.9173412,-8.0291164],[-34.9172347,-8.0289346],[-34.9171369,-8.0287427],[-34.9170809,-8.0286328],[-34.9168624,-8.0281687]]}},{"type":"Feature","id":"way/145218469","properties":{"name":"Rua Paula Batista","id":"way/145218469","type":"Ciclofaixa"},"geometry":{"type":"LineString","coordinates":[[-34.916768,-8.0279659],[-34.9167503,-8.0279285],[-34.9165676,-8.027521],[-34.9164032,-8.0271958],[-34.9162025,-8.0267929],[-34.9161663,-8.0267162]]}},{"type":"Feature","id":"way/145218705","properties":{"name":"Estrada das Ubaias","id":"way/145218705","type":"Ciclofaixa"},"geometry":{"type":"LineString","coordinates":[[-34.9173412,-8.0291164],[-34.917469,-8.029181],[-34.9175674,-8.0292177],[-34.9176722,-8.0292688],[-34.917851,-8.0293726],[-34.9179207,-8.0294123],[-34.9180337,-8.0294766]]}},{"type":"Feature","id":"way/146629879","properties":{"name":"Rua Comendador Franco Ferreira","id":"way/146629879","type":"Ciclorrota"},"geometry":{"type":"LineString","coordinates":[[-34.9282847,-8.070753],[-34.9279231,-8.0694042],[-34.9275335,-8.0679912],[-34.927431,-8.0676204],[-34.9272186,-8.0668553],[-34.9271437,-8.0665713],[-34.9269882,-8.0659551],[-34.9269608,-8.0658546]]}},{"type":"Feature","id":"way/146631254","properties":{"name":"Rua Cônsul Vilares Fragoso","id":"way/146631254","type":"Ciclorrota"},"geometry":{"type":"LineString","coordinates":[[-34.9272251,-8.0653041],[-34.9268509,-8.0654896]]}},{"type":"Feature","id":"way/146631258","properties":{"name":"Rua Itapemirim","id":"way/146631258","type":"Ciclorrota"},"geometry":{"type":"LineString","coordinates":[[-34.9228018,-8.0638346],[-34.9232744,-8.065149],[-34.9236294,-8.0661223],[-34.9237075,-8.0663364],[-34.9237789,-8.0665207],[-34.9239271,-8.0669484]]}},{"type":"Feature","id":"way/151153197","properties":{"name":"Avenida República Árabe Unida","id":"way/151153197","type":"Ciclofaixa"},"geometry":{"type":"LineString","coordinates":[[-34.8888275,-8.0869543],[-34.8890005,-8.086787]]}},{"type":"Feature","id":"way/151153199","properties":{"name":"Rua Henriqueta Torreiro","id":"way/151153199","type":"Baixa velocidade"},"geometry":{"type":"LineString","coordinates":[[-34.8945703,-8.0885895],[-34.8945234,-8.0882443],[-34.894472,-8.0878613]]}},{"type":"Feature","id":"way/151161332","properties":{"name":"Rua Prudente de Morais","id":"way/151161332","type":"Ciclorrota"},"geometry":{"type":"LineString","coordinates":[[-34.8845824,-8.0330056],[-34.884837,-8.032517],[-34.8852405,-8.0319217]]}},{"type":"Feature","id":"way/151161335","properties":{"name":"Rua Mem de Sá","id":"way/151161335","type":"Ciclofaixa"},"geometry":{"type":"LineString","coordinates":[[-34.8898614,-8.0296663],[-34.8897989,-8.0296597]]}},{"type":"Feature","id":"way/151161786","properties":{"name":"Rua Couto Magalhães","id":"way/151161786","type":"Ciclofaixa"},"geometry":{"type":"LineString","coordinates":[[-34.8950193,-8.0304111],[-34.8957072,-8.030424],[-34.8964472,-8.0303895],[-34.8971525,-8.0303816],[-34.8972601,-8.0303832]]}},{"type":"Feature","id":"way/151161787","properties":{"name":"Avenida Santos Dumont","id":"way/151161787","type":"Ciclofaixa"},"geometry":{"type":"LineString","coordinates":[[-34.8950193,-8.0304111],[-34.8950214,-8.0310791],[-34.8950474,-8.0311654]]}},{"type":"Feature","id":"way/151261445","properties":{"name":"Rua Madre Rosa Gattorno","id":"way/151261445","type":"Ciclofaixa"},"geometry":{"type":"LineString","coordinates":[[-34.8886265,-8.0310069],[-34.8887787,-8.0305776],[-34.888798,-8.0305174],[-34.88915,-8.0295544]]}},{"type":"Feature","id":"way/151261446","properties":{"name":"Rua Fonseca Oliveira","id":"way/151261446","type":"Ciclorrota"},"geometry":{"type":"LineString","coordinates":[[-34.8864684,-8.0326915],[-34.8866116,-8.0324432],[-34.8868355,-8.0321563],[-34.886979,-8.0320129],[-34.8871118,-8.0319107],[-34.8872514,-8.031821],[-34.8878238,-8.0314743]]}},{"type":"Feature","id":"way/151271546","properties":{"name":"Rua Treze de Junho","id":"way/151271546","type":"Ciclofaixa"},"geometry":{"type":"LineString","coordinates":[[-34.8974249,-8.0303862],[-34.8974624,-8.0304114],[-34.897504,-8.0304619],[-34.8975402,-8.0305349],[-34.8976046,-8.0306743],[-34.8977655,-8.0310023],[-34.8978947,-8.0312583]]}},{"type":"Feature","id":"way/151272933","properties":{"name":"Avenida Beberibe","id":"way/151272933","type":"Ciclofaixa"},"geometry":{"type":"LineString","coordinates":[[-34.8943365,-8.0210904],[-34.8944323,-8.0206578],[-34.8945327,-8.020066],[-34.8945481,-8.01992],[-34.8945539,-8.0196841]]}},{"type":"Feature","id":"way/151316711","properties":{"name":"Rua Jacundá","id":"way/151316711","type":"Baixa velocidade"},"geometry":{"type":"LineString","coordinates":[[-34.9209092,-8.1099221],[-34.9199782,-8.1091036],[-34.9194099,-8.1085798],[-34.9193653,-8.10854],[-34.9192735,-8.1084577],[-34.9178921,-8.1072554]]}},{"type":"Feature","id":"way/151316749","properties":{"name":"Rua Itaimbé","id":"way/151316749","type":"Ciclorrota"},"geometry":{"type":"LineString","coordinates":[[-34.9197605,-8.1081854],[-34.9189497,-8.1074457],[-34.9186158,-8.1071501],[-34.9182444,-8.1068412]]}},{"type":"Feature","id":"way/151317274","properties":{"name":"Rua Doutor Raposo Pinto","id":"way/151317274","type":"Baixa velocidade"},"geometry":{"type":"LineString","coordinates":[[-34.9224378,-8.1087957],[-34.9225247,-8.1082619],[-34.9225444,-8.108066],[-34.9225666,-8.1079273],[-34.9225981,-8.1076484],[-34.9226271,-8.1074471],[-34.9226381,-8.1073707],[-34.9226444,-8.1073334],[-34.9226806,-8.1069368]]}},{"type":"Feature","id":"way/151317296","properties":{"name":"Rua Irapua","id":"way/151317296","type":"Baixa velocidade"},"geometry":{"type":"LineString","coordinates":[[-34.9205353,-8.1072962],[-34.9200533,-8.1068996],[-34.9196756,-8.1065641],[-34.9190035,-8.1059799]]}},{"type":"Feature","id":"way/151317521","properties":{"name":"Rua Ibipituba","id":"way/151317521","type":"Baixa velocidade"},"geometry":{"type":"LineString","coordinates":[[-34.9223189,-8.1096474],[-34.9219329,-8.1093257],[-34.9216672,-8.1090776]]}},{"type":"Feature","id":"way/151319664","properties":{"name":"Rua Santos Cosme e Damião","id":"way/151319664","type":"Baixa velocidade"},"geometry":{"type":"LineString","coordinates":[[-34.920172,-8.1107579],[-34.9186586,-8.1094461],[-34.9171478,-8.1081058]]}},{"type":"Feature","id":"way/151320039","properties":{"name":"Rua David Perneta","id":"way/151320039","type":"Baixa velocidade"},"geometry":{"type":"LineString","coordinates":[[-34.9239844,-8.1149124],[-34.9239476,-8.1149537],[-34.9232512,-8.1157347],[-34.9232032,-8.1157885],[-34.9231549,-8.1158433],[-34.9222605,-8.1168554],[-34.9222016,-8.1169242]]}},{"type":"Feature","id":"way/151320594","properties":{"name":"Rua Silveira Neto","id":"way/151320594","type":"Baixa velocidade"},"geometry":{"type":"LineString","coordinates":[[-34.9224613,-8.1136151],[-34.9224382,-8.1136425],[-34.9221059,-8.1140379],[-34.9217512,-8.1144362],[-34.9217038,-8.114489]]}},{"type":"Feature","id":"way/151322269","properties":{"name":"Rua Álvaro Moreyra","id":"way/151322269","type":"Baixa velocidade"},"geometry":{"type":"LineString","coordinates":[[-34.9214046,-8.1126857],[-34.9213706,-8.1127247],[-34.9206802,-8.1135186],[-34.9206297,-8.1135742],[-34.9205903,-8.1136168],[-34.9196902,-8.1146235],[-34.9196395,-8.1146802]]}},{"type":"Feature","id":"way/151437922","properties":{"name":"Rua João Cardoso Aires","id":"way/151437922","type":"Ciclorrota"},"geometry":{"type":"LineString","coordinates":[[-34.9129768,-8.1402886],[-34.9138228,-8.1398987],[-34.9146012,-8.1395614]]}},{"type":"Feature","id":"way/151437923","properties":{"name":"Rua João Cardoso Aires","id":"way/151437923","type":"Ciclofaixa"},"geometry":{"type":"LineString","coordinates":[[-34.910356,-8.1414634],[-34.911072,-8.1411343],[-34.9111236,-8.1411115],[-34.9112818,-8.1410463],[-34.9113547,-8.1410155]]}},{"type":"Feature","id":"way/151566803","properties":{"name":"Rua São Luís","id":"way/151566803","type":"Baixa velocidade"},"geometry":{"type":"LineString","coordinates":[[-34.8871681,-8.0890396],[-34.8874075,-8.0891956],[-34.8877297,-8.0894078],[-34.8879128,-8.0895146],[-34.8879741,-8.0895608],[-34.8881297,-8.0896531],[-34.8882604,-8.0897115],[-34.8884066,-8.0897553],[-34.8885079,-8.0897878],[-34.888579,-8.0898204],[-34.8886544,-8.0898559],[-34.8887184,-8.0898947],[-34.8888204,-8.0899452],[-34.8889454,-8.0899847],[-34.8891194,-8.0900471],[-34.8892096,-8.0900773],[-34.88933,-8.0901327],[-34.8894795,-8.0902087]]}},{"type":"Feature","id":"way/151676121","properties":{"name":"Avenida Pinheiros","id":"way/151676121","type":"Ciclofaixa"},"geometry":{"type":"LineString","coordinates":[[-34.9106925,-8.0909488],[-34.9107263,-8.0909419],[-34.9110837,-8.0908685],[-34.9113756,-8.0908086],[-34.9116431,-8.0907464],[-34.9120175,-8.0906689],[-34.9126451,-8.0905308],[-34.9130662,-8.090429],[-34.9132549,-8.0903891],[-34.9135145,-8.0903598],[-34.9137682,-8.0903558],[-34.9146889,-8.0904663],[-34.9154067,-8.0905318],[-34.9155941,-8.0905499]]}},{"type":"Feature","id":"way/151676545","properties":{"name":"Rua Engenheiro José Brandão Cavalcante","id":"way/151676545","type":"Ciclofaixa"},"geometry":{"type":"LineString","coordinates":[[-34.9165488,-8.0939716],[-34.9165473,-8.0939858],[-34.9165437,-8.0940246],[-34.9165398,-8.0940924],[-34.9165373,-8.0941355],[-34.9165428,-8.0941805],[-34.9165494,-8.0942275],[-34.9165926,-8.0943825],[-34.9167126,-8.0948492],[-34.9167889,-8.0951804],[-34.9168943,-8.0956384]]}},{"type":"Feature","id":"way/151676546","properties":{"name":"Rua Engenheiro José Brandão Cavalcante","id":"way/151676546","type":"Ciclofaixa"},"geometry":{"type":"LineString","coordinates":[[-34.9132063,-8.0923026],[-34.9133718,-8.0922526],[-34.9134457,-8.092242],[-34.9135557,-8.0922355],[-34.9138278,-8.0922563],[-34.9140917,-8.0922759],[-34.9145401,-8.0923228],[-34.9148037,-8.0923453],[-34.9148083,-8.0923457],[-34.9152403,-8.0923825],[-34.915399,-8.0924493]]}},{"type":"Feature","id":"way/151966146","properties":{"name":"Avenida Visconde de Jequitinhonha","id":"way/151966146","type":"Ciclofaixa"},"geometry":{"type":"LineString","coordinates":[[-34.9076535,-8.1471646],[-34.9077879,-8.1474342],[-34.9079654,-8.1477903],[-34.9081374,-8.1481733],[-34.9083239,-8.1485883],[-34.9089348,-8.1501763],[-34.909045,-8.1504735],[-34.9090712,-8.1505357],[-34.9091046,-8.150615]]}},{"type":"Feature","id":"way/152290834","properties":{"name":"Rua Amélia Xavier Sampaio","id":"way/152290834","type":"Ciclofaixa"},"geometry":{"type":"LineString","coordinates":[[-34.9165618,-8.093722],[-34.9173993,-8.0933303],[-34.9180423,-8.0930081]]}},{"type":"Feature","id":"way/152291077","properties":{"name":"Rua Agricultor João Bezerra de Oliveira","id":"way/152291077","type":"Baixa velocidade"},"geometry":{"type":"LineString","coordinates":[[-34.9133844,-8.0949877],[-34.9122655,-8.0952449],[-34.9116854,-8.0953781]]}},{"type":"Feature","id":"way/152291289","properties":{"name":"Avenida José Ferreira Lins","id":"way/152291289","type":"Ciclofaixa"},"geometry":{"type":"LineString","coordinates":[[-34.9168943,-8.0956384],[-34.916821,-8.0956581],[-34.9167126,-8.0956826],[-34.9162683,-8.095783],[-34.9162151,-8.0958078],[-34.9160421,-8.0959101],[-34.9157531,-8.0961117],[-34.9157196,-8.0961351],[-34.9157082,-8.0961544],[-34.9157028,-8.0961677],[-34.9156991,-8.0961865]]}},{"type":"Feature","id":"way/152291292","properties":{"name":"Rua José Nogueira","id":"way/152291292","type":"Ciclofaixa"},"geometry":{"type":"LineString","coordinates":[[-34.9156991,-8.0961865],[-34.9157378,-8.0964587],[-34.9157437,-8.0965374]]}},{"type":"Feature","id":"way/152291293","properties":{"name":"Rua Nova Verona","id":"way/152291293","type":"Ciclofaixa"},"geometry":{"type":"LineString","coordinates":[[-34.9157437,-8.0965374],[-34.9152384,-8.0966652],[-34.915171,-8.0966822],[-34.9149317,-8.0967339],[-34.9147419,-8.0967744]]}},{"type":"Feature","id":"way/152291346","properties":{"name":"Avenida José Ferreira Lins","id":"way/152291346","type":"Ciclofaixa"},"geometry":{"type":"LineString","coordinates":[[-34.9133766,-8.0943208],[-34.9133525,-8.0941389],[-34.9133378,-8.0940373],[-34.9133354,-8.0940244],[-34.9132707,-8.0936702],[-34.9132307,-8.0933634],[-34.9132057,-8.0931279],[-34.9132063,-8.0929977]]}},{"type":"Feature","id":"way/152291349","properties":{"name":"Avenida José Ferreira Lins","id":"way/152291349","type":"Ciclofaixa"},"geometry":{"type":"LineString","coordinates":[[-34.9146995,-8.0965529],[-34.914696,-8.0965442],[-34.9146908,-8.0965367],[-34.9146794,-8.0965297],[-34.914526,-8.096493],[-34.9143449,-8.0964584],[-34.9141843,-8.0963998],[-34.9140693,-8.096335],[-34.9139535,-8.0962496],[-34.9139366,-8.0962386],[-34.9138252,-8.0961663],[-34.9137272,-8.0960991],[-34.9136596,-8.0960342],[-34.9135892,-8.0959319],[-34.9135781,-8.0959157],[-34.9135248,-8.0958211],[-34.9134538,-8.0956405],[-34.9134075,-8.0954533],[-34.9133887,-8.0953531],[-34.9133847,-8.0953128],[-34.9133738,-8.0952014],[-34.9133844,-8.0949877],[-34.9133914,-8.0947842],[-34.9133861,-8.0946177],[-34.9133766,-8.0943208]]}},{"type":"Feature","id":"way/152291434","properties":{"name":"Avenida Engenheiro Alves Souza","id":"way/152291434","type":"Ciclofaixa"},"geometry":{"type":"LineString","coordinates":[[-34.914878,-8.0974404],[-34.9148362,-8.0974499],[-34.9146552,-8.0974912],[-34.914248,-8.0975841],[-34.913604,-8.0977277],[-34.9129482,-8.0978605],[-34.9128452,-8.0978864],[-34.9126407,-8.097938],[-34.9122598,-8.0980339]]}},{"type":"Feature","id":"way/153272712","properties":{"name":"Travessa Honorópolis","id":"way/153272712","type":"Baixa velocidade"},"geometry":{"type":"LineString","coordinates":[[-34.8908052,-8.0902741],[-34.8908169,-8.0902588],[-34.890826,-8.0902346],[-34.8908447,-8.0901656],[-34.8909346,-8.0899279],[-34.8911941,-8.0890131]]}},{"type":"Feature","id":"way/155512060","properties":{"name":"Rua Doutor Tavares Correia","id":"way/155512060","type":"Ciclorrota"},"geometry":{"type":"LineString","coordinates":[[-34.9161981,-8.1153279],[-34.9155427,-8.1153793],[-34.9148009,-8.1154294]]}},{"type":"Feature","id":"way/155512063","properties":{"name":"Avenida Senador Robert Kennedy","id":"way/155512063","type":"Ciclorrota"},"geometry":{"type":"LineString","coordinates":[[-34.9163307,-8.1153088],[-34.9166899,-8.1156409],[-34.917179,-8.1160648],[-34.9173181,-8.1161836],[-34.9176601,-8.1164729],[-34.9178026,-8.1165949],[-34.9186249,-8.1173072]]}},{"type":"Feature","id":"way/155512064","properties":{"name":"Avenida Senador Robert Kennedy","id":"way/155512064","type":"Ciclorrota"},"geometry":{"type":"LineString","coordinates":[[-34.9186249,-8.1173072],[-34.9191209,-8.1177289],[-34.9196026,-8.1181492],[-34.9199354,-8.1184316],[-34.9205625,-8.11899]]}},{"type":"Feature","id":"way/157802065","properties":{"name":"Rua Dona Elvira","id":"way/157802065","type":"Ciclofaixa"},"geometry":{"type":"LineString","coordinates":[[-34.8885332,-8.0356926],[-34.8886415,-8.0355588],[-34.8891585,-8.0347325]]}},{"type":"Feature","id":"way/159759923","properties":{"name":"Rua Professor Pedro Augusto","id":"way/159759923","type":"Ciclorrota"},"geometry":{"type":"LineString","coordinates":[[-34.9362191,-8.0785852],[-34.9368024,-8.0783145],[-34.9374092,-8.0780549],[-34.937841,-8.0778776]]}},{"type":"Feature","id":"way/159761759","properties":{"name":"Rua Major Godofredo Luiz Pereira de Lima","id":"way/159761759","type":"Ciclorrota"},"geometry":{"type":"LineString","coordinates":[[-34.9373456,-8.0810763],[-34.9369043,-8.0800656],[-34.9367327,-8.0797113],[-34.9362191,-8.0785852]]}},{"type":"Feature","id":"way/161177696","properties":{"name":"Rua João Cardoso Aires","id":"way/161177696","type":"Ciclofaixa"},"geometry":{"type":"LineString","coordinates":[[-34.9046108,-8.144047],[-34.9053245,-8.1437029]]}},{"type":"Feature","id":"way/161609739","properties":{"name":"Rua Conselheiro Teodoro","id":"way/161609739","type":"Ciclorrota"},"geometry":{"type":"LineString","coordinates":[[-34.915594,-8.0508174],[-34.9155043,-8.0503753],[-34.9154668,-8.0501749],[-34.9154064,-8.0498588],[-34.9152777,-8.0492852]]}},{"type":"Feature","id":"way/161613602","properties":{"name":"Avenida Maurício de Nassau","id":"way/161613602","type":"Ciclofaixa"},"geometry":{"type":"LineString","coordinates":[[-34.9276333,-8.0404033],[-34.9277151,-8.0403562],[-34.9277866,-8.0403187]]}},{"type":"Feature","id":"way/161764468","properties":{"name":"Rua Jornalista Cleófas de Oliveira","id":"way/161764468","type":"Ciclofaixa"},"geometry":{"type":"LineString","coordinates":[[-34.9149263,-8.1160766],[-34.9135763,-8.1161802],[-34.9135232,-8.1161822],[-34.913498,-8.1161831],[-34.9134037,-8.116182]]}},{"type":"Feature","id":"way/161784496","properties":{"name":"Rua Allan Kardec","id":"way/161784496","type":"Ciclofaixa"},"geometry":{"type":"LineString","coordinates":[[-34.9149263,-8.1160766],[-34.9148009,-8.1154294]]}},{"type":"Feature","id":"way/161784499","properties":{"name":"Rua Jalisco","id":"way/161784499","type":"Ciclofaixa"},"geometry":{"type":"LineString","coordinates":[[-34.9108374,-8.1164912],[-34.9110661,-8.1164612],[-34.9111749,-8.1164489],[-34.9113337,-8.1164292],[-34.9119003,-8.116386],[-34.9119753,-8.1163765],[-34.9125599,-8.1163269],[-34.9130192,-8.1162678],[-34.9130836,-8.1162518],[-34.913144,-8.1162279],[-34.9132179,-8.1161805]]}},{"type":"Feature","id":"way/161784501","properties":{"name":"Rua Guadalajara","id":"way/161784501","type":"Ciclofaixa"},"geometry":{"type":"LineString","coordinates":[[-34.9112345,-8.1184402],[-34.9118346,-8.1181787],[-34.9126378,-8.1178094],[-34.9133032,-8.1175035],[-34.9134217,-8.117449],[-34.9134617,-8.1174295]]}},{"type":"Feature","id":"way/161784502","properties":{"name":"Avenida Sul","id":"way/161784502","type":"Ciclofaixa"},"geometry":{"type":"LineString","coordinates":[[-34.9090927,-8.1094457],[-34.9091075,-8.1095013],[-34.9094018,-8.1106046]]}},{"type":"Feature","id":"way/161795934","properties":{"name":"Avenida Brasília Formosa","id":"way/161795934","type":"Ciclofaixa"},"geometry":{"type":"LineString","coordinates":[[-34.8798457,-8.0887479],[-34.8796271,-8.0885271],[-34.8795064,-8.0884156],[-34.8794152,-8.0883313],[-34.8793726,-8.0882655],[-34.8793471,-8.0882317],[-34.8793196,-8.0881978],[-34.8793009,-8.088151],[-34.8792784,-8.0881075],[-34.8792556,-8.0880597],[-34.8792355,-8.0879987],[-34.8791966,-8.0878632],[-34.8791003,-8.0875635],[-34.8790035,-8.0873156],[-34.8788748,-8.0869599],[-34.8788007,-8.0867716],[-34.8787352,-8.0865686],[-34.8784975,-8.085915]]}},{"type":"Feature","id":"way/161795937","properties":{"name":"Rua do Jaú","id":"way/161795937","type":"Ciclorrota"},"geometry":{"type":"LineString","coordinates":[[-34.8806427,-8.0882587],[-34.8811483,-8.0885226],[-34.8817088,-8.0888451]]}},{"type":"Feature","id":"way/161795946","properties":{"name":"Rua Comendador Morais","id":"way/161795946","type":"Ciclorrota"},"geometry":{"type":"LineString","coordinates":[[-34.8817088,-8.0888451],[-34.881628,-8.0890716],[-34.8815971,-8.0892608],[-34.8815585,-8.0894464],[-34.8815516,-8.089594],[-34.8815608,-8.0897418],[-34.88162,-8.0899736]]}},{"type":"Feature","id":"way/161828562","properties":{"name":"Primeira Travessa Flor do Sertao","id":"way/161828562","type":"Baixa velocidade"},"geometry":{"type":"LineString","coordinates":[[-34.9387557,-8.1323654],[-34.9385901,-8.1326442],[-34.9385189,-8.1327798],[-34.9384525,-8.132919],[-34.9381687,-8.1336667],[-34.9379967,-8.1341587],[-34.937979,-8.1342657],[-34.9379789,-8.1344209]]}},{"type":"Feature","id":"way/161831685","properties":{"name":"Ciclovia Mimoso do Sul","id":"way/161831685","type":"Ciclovia"},"geometry":{"type":"LineString","coordinates":[[-34.9355519,-8.1208563],[-34.9354398,-8.1209412],[-34.9352957,-8.121044],[-34.9351823,-8.1211025],[-34.9350938,-8.121127],[-34.9349376,-8.121135],[-34.9347766,-8.121133],[-34.9346157,-8.1211257],[-34.9343817,-8.1211137],[-34.9342141,-8.1210938],[-34.9341436,-8.1210832],[-34.9341048,-8.1210699],[-34.9340733,-8.1210553]]}},{"type":"Feature","id":"way/162332884","properties":{"name":"Avenida Vereador Otacílio Azevedo","id":"way/162332884","type":"Baixa velocidade"},"geometry":{"type":"LineString","coordinates":[[-34.9250114,-7.9979787],[-34.9250691,-7.9978361],[-34.9250905,-7.9977351],[-34.9250945,-7.9976979],[-34.9250852,-7.9975877],[-34.9250885,-7.9972783],[-34.9251013,-7.9971295],[-34.9251247,-7.9970363],[-34.9251549,-7.9969549],[-34.9252085,-7.9968493],[-34.9253118,-7.996672],[-34.9253708,-7.9965671],[-34.9255896,-7.9962039]]}},{"type":"Feature","id":"way/162332885","properties":{"name":"Avenida Vereador Otacílio Azevedo","id":"way/162332885","type":"Baixa velocidade"},"geometry":{"type":"LineString","coordinates":[[-34.9114058,-8.0075553],[-34.9117445,-8.0074204],[-34.9121061,-8.0073003],[-34.9122101,-8.0072685],[-34.9122768,-8.0072482]]}},{"type":"Feature","id":"way/162332886","properties":{"name":"Avenida Vereador Otacílio Azevedo","id":"way/162332886","type":"Baixa velocidade"},"geometry":{"type":"LineString","coordinates":[[-34.9277675,-7.9935404],[-34.9278171,-7.9934533]]}},{"type":"Feature","id":"way/162332887","properties":{"name":"Avenida Vereador Otacílio Azevedo","id":"way/162332887","type":"Baixa velocidade"},"geometry":{"type":"LineString","coordinates":[[-34.9122768,-8.0072482],[-34.9124694,-8.0070758],[-34.9126224,-8.0069163],[-34.9127619,-8.006741],[-34.9128381,-8.0066244],[-34.9129955,-8.0064648],[-34.9131266,-8.0063719],[-34.9132473,-8.006287],[-34.913468,-8.0061966],[-34.9137193,-8.0061515],[-34.9138829,-8.0061409],[-34.913912,-8.0061331],[-34.9140224,-8.0061037],[-34.9141807,-8.0060213],[-34.9146701,-8.0057173],[-34.9147337,-8.0056797],[-34.9149758,-8.005555],[-34.9150578,-8.0055034],[-34.9152026,-8.0054131],[-34.9158141,-8.0049828],[-34.9162113,-8.0046872],[-34.9163103,-8.0046136],[-34.9164122,-8.0045381],[-34.9173484,-8.0038168],[-34.9174396,-8.0037462],[-34.9176719,-8.0035665],[-34.9178097,-8.0034637],[-34.9179961,-8.0033256],[-34.9180591,-8.0032565],[-34.9181342,-8.0031874],[-34.9182951,-8.0030785],[-34.9190156,-8.0026213],[-34.9191427,-8.0025407]]}},{"type":"Feature","id":"way/162332889","properties":{"name":"Avenida Vereador Otacílio Azevedo","id":"way/162332889","type":"Baixa velocidade"},"geometry":{"type":"LineString","coordinates":[[-34.9340804,-7.9906279],[-34.9342516,-7.9908524],[-34.9343891,-7.9910051],[-34.9344367,-7.9910436],[-34.9345758,-7.9911322],[-34.9347372,-7.9912349],[-34.9349275,-7.9913464],[-34.9351013,-7.9914592],[-34.9351869,-7.9915143],[-34.9352474,-7.9915696],[-34.9352675,-7.9916061],[-34.935279,-7.9916705],[-34.9352829,-7.9917349],[-34.9352816,-7.9917927],[-34.9352482,-7.9918445],[-34.9351759,-7.9919564],[-34.9351101,-7.9920583],[-34.934706,-7.9927188],[-34.9346713,-7.9927755],[-34.9346472,-7.9928352],[-34.9346281,-7.9928944],[-34.9346106,-7.9929899]]}},{"type":"Feature","id":"way/162647068","properties":{"name":"Avenida Sul","id":"way/162647068","type":"Ciclofaixa"},"geometry":{"type":"LineString","coordinates":[[-34.9105868,-8.1176071],[-34.9103748,-8.116658],[-34.9101812,-8.1158808],[-34.9101513,-8.1157606]]}},{"type":"Feature","id":"way/162651294","properties":{"name":"Rua Jornalista Cleófas de Oliveira","id":"way/162651294","type":"Ciclofaixa"},"geometry":{"type":"LineString","coordinates":[[-34.9134037,-8.116182],[-34.9133746,-8.1161728],[-34.9133431,-8.1161675],[-34.9133247,-8.1161652],[-34.913296,-8.1161661],[-34.9132761,-8.1161682],[-34.9132179,-8.1161805]]}},{"type":"Feature","id":"way/162737609","properties":{"name":"Rua Jornalista Edson Regis","id":"way/162737609","type":"Baixa velocidade"},"geometry":{"type":"LineString","coordinates":[[-34.9352269,-8.1091524],[-34.935149,-8.1092369],[-34.9348082,-8.109628],[-34.9344796,-8.1100277],[-34.9343398,-8.1102002],[-34.9342791,-8.1102706],[-34.9341543,-8.1104143],[-34.9339123,-8.1106928],[-34.9334846,-8.1112172],[-34.9329776,-8.1118254],[-34.9324961,-8.1123777],[-34.9320649,-8.1128683],[-34.9313991,-8.1136257],[-34.9310363,-8.1140344],[-34.9306816,-8.1144339],[-34.9303711,-8.1148022],[-34.9301693,-8.115035],[-34.9300519,-8.1151681],[-34.9300244,-8.1152003],[-34.9296436,-8.1156298],[-34.9292453,-8.1160766],[-34.9288895,-8.1165109]]}},{"type":"Feature","id":"way/162967847","properties":{"name":"Rua Francisco de Paula Machado","id":"way/162967847","type":"Baixa velocidade"},"geometry":{"type":"LineString","coordinates":[[-34.9255141,-8.053939],[-34.9253353,-8.0539812],[-34.925175,-8.0540284],[-34.9249223,-8.0541204],[-34.9244776,-8.0542373],[-34.9242794,-8.0542966],[-34.9240931,-8.0543739],[-34.9235252,-8.054698],[-34.9231425,-8.0549241]]}},{"type":"Feature","id":"way/163774408","properties":{"name":"Avenida Senador Robert Kennedy","id":"way/163774408","type":"Ciclorrota"},"geometry":{"type":"LineString","coordinates":[[-34.9209592,-8.1193341],[-34.9210247,-8.1194402]]}},{"type":"Feature","id":"way/166080506","properties":{"name":"Rua Doutor Miguel Vieira Ferreira","id":"way/166080506","type":"Ciclorrota"},"geometry":{"type":"LineString","coordinates":[[-34.9330577,-8.0512389],[-34.9337272,-8.0508693],[-34.9338003,-8.0508481],[-34.9338781,-8.0508474],[-34.9340276,-8.050874],[-34.9345145,-8.0510043],[-34.9347541,-8.0510711],[-34.9349489,-8.0511291],[-34.9350602,-8.0511667],[-34.9351694,-8.0511979],[-34.9356752,-8.0513142],[-34.9362908,-8.0514802],[-34.9366763,-8.0515977],[-34.9370223,-8.0516959],[-34.9373829,-8.0517882],[-34.9377278,-8.0518901],[-34.9379885,-8.0519787],[-34.9380147,-8.0519886]]}},{"type":"Feature","id":"way/172246559","properties":{"name":"Rua Compositor Vinícius de Morais","id":"way/172246559","type":"Ciclovia"},"geometry":{"type":"LineString","coordinates":[[-34.8942465,-8.003457],[-34.8943326,-8.0034253],[-34.8943523,-8.0034192],[-34.8945888,-8.0033456],[-34.8947484,-8.0032951],[-34.8949587,-8.0032301],[-34.8951813,-8.0031616],[-34.8954173,-8.0030839],[-34.8957515,-8.0029737],[-34.8961201,-8.0028435],[-34.8963051,-8.0027492],[-34.8970021,-8.0021646]]}},{"type":"Feature","id":"way/174870096","properties":{"name":"Avenida Governador Agamenon Magalhães","id":"way/174870096","type":"Ciclofaixa"},"geometry":{"type":"LineString","coordinates":[[-34.8786819,-8.0390473],[-34.8785836,-8.0390005],[-34.878211,-8.0388225],[-34.8779393,-8.0386898],[-34.8774578,-8.0384713],[-34.8772406,-8.0383711],[-34.8766626,-8.0381022],[-34.8766145,-8.0380803],[-34.8753161,-8.0374834],[-34.8749728,-8.0373194],[-34.8747421,-8.0372198],[-34.8746616,-8.0371919]]}},{"type":"Feature","id":"way/174870303","properties":{"name":"Rua Professor Francisco da Trindade","id":"way/174870303","type":"Ciclofaixa"},"geometry":{"type":"LineString","coordinates":[[-34.880541,-8.0353673],[-34.880093,-8.0352396],[-34.8792199,-8.0349907],[-34.8788508,-8.0348792],[-34.8784807,-8.0347779]]}},{"type":"Feature","id":"way/174870305","properties":{"name":"Rua Professor Francisco da Trindade","id":"way/174870305","type":"Ciclofaixa"},"geometry":{"type":"LineString","coordinates":[[-34.8784807,-8.0347779],[-34.8782226,-8.034697],[-34.878123,-8.0346681],[-34.8773673,-8.0344351],[-34.8768476,-8.0342698],[-34.8764245,-8.0341382],[-34.8758689,-8.0339643],[-34.8753174,-8.0337857]]}},{"type":"Feature","id":"way/174871099","properties":{"name":"Rua Hermílio Gomes","id":"way/174871099","type":"Ciclofaixa"},"geometry":{"type":"LineString","coordinates":[[-34.8753174,-8.0337857],[-34.8756017,-8.0330615],[-34.8757345,-8.0326576],[-34.8757622,-8.0325768],[-34.8758519,-8.0323155],[-34.8759319,-8.0320465],[-34.87602,-8.03179]]}},{"type":"Feature","id":"way/174871800","properties":{"name":"Rua Marquês de Abrantes","id":"way/174871800","type":"Ciclofaixa"},"geometry":{"type":"LineString","coordinates":[[-34.8761931,-8.0298192],[-34.876478,-8.0298862],[-34.8769564,-8.0299509],[-34.8772306,-8.0299909],[-34.8773891,-8.0300175],[-34.8776357,-8.0300686],[-34.8778613,-8.0301002],[-34.8784497,-8.0301828],[-34.8789931,-8.0302741],[-34.8796869,-8.0303696],[-34.8802104,-8.0304329],[-34.8805228,-8.0304761],[-34.8809924,-8.0305547],[-34.8811309,-8.0305776],[-34.8816042,-8.0306559]]}},{"type":"Feature","id":"way/186977356","properties":{"name":"Rua José dos Santos","id":"way/186977356","type":"Ciclofaixa"},"geometry":{"type":"LineString","coordinates":[[-34.9457677,-8.0597382],[-34.9455041,-8.0597985],[-34.9446691,-8.0600461],[-34.9446381,-8.0600552],[-34.9440243,-8.0602346],[-34.9435426,-8.0603754],[-34.9425502,-8.0606887]]}},{"type":"Feature","id":"way/186977578","properties":{"name":"Rua Antônio Curado","id":"way/186977578","type":"Ciclofaixa"},"geometry":{"type":"LineString","coordinates":[[-34.9422062,-8.0582299],[-34.9420815,-8.0574647],[-34.9420714,-8.0573851],[-34.9420695,-8.0573711],[-34.9419719,-8.0566353],[-34.941963,-8.0566018],[-34.9418835,-8.056082],[-34.9418342,-8.0557704],[-34.9417077,-8.0549079],[-34.9417062,-8.0548893],[-34.9416609,-8.0544856],[-34.9415916,-8.0540445],[-34.9415537,-8.0537989],[-34.9415427,-8.0536907],[-34.9415359,-8.0536385],[-34.941493,-8.0533835],[-34.9414789,-8.0533024],[-34.9413332,-8.0524622],[-34.9412039,-8.051591],[-34.9410845,-8.050663]]}},{"type":"Feature","id":"way/186977811","properties":{"name":"Rua Manoel Estevão da Costa","id":"way/186977811","type":"Ciclofaixa"},"geometry":{"type":"LineString","coordinates":[[-34.9410845,-8.050663],[-34.9410175,-8.0502782],[-34.9409055,-8.0495583],[-34.9408179,-8.0488894],[-34.9407471,-8.0483441],[-34.9406746,-8.0478309],[-34.9405916,-8.0474327]]}},{"type":"Feature","id":"way/188156693","properties":{"name":"Rua Japaratuba","id":"way/188156693","type":"Baixa velocidade"},"geometry":{"type":"LineString","coordinates":[[-34.9213997,-8.0190605],[-34.9211632,-8.0190484],[-34.9210953,-8.019047],[-34.9210631,-8.0190497],[-34.9210457,-8.019058],[-34.9208982,-8.0191183],[-34.9207126,-8.019205],[-34.9205469,-8.0192923],[-34.9201801,-8.0194885],[-34.9200236,-8.0195557],[-34.9198529,-8.01963],[-34.9197648,-8.0196673],[-34.919621,-8.0197255],[-34.9194787,-8.0197868],[-34.9192432,-8.0198968],[-34.919195,-8.0199243],[-34.9191706,-8.0199383],[-34.9190175,-8.0200374],[-34.9188598,-8.0201381]]}},{"type":"Feature","id":"way/191989770","properties":{"name":"Rua Vinte e Um de Abril","id":"way/191989770","type":"Ciclorrota"},"geometry":{"type":"LineString","coordinates":[[-34.9238936,-8.0730783],[-34.9237284,-8.0732307],[-34.9234872,-8.0734634],[-34.9233198,-8.0736249],[-34.9231305,-8.0738186],[-34.9229655,-8.0739666],[-34.9228623,-8.0740436],[-34.9227282,-8.0741332],[-34.922552,-8.0742261],[-34.9225116,-8.0742474]]}},{"type":"Feature","id":"way/191989771","properties":{"name":"Rua Vinte e Um de Abril","id":"way/191989771","type":"Ciclorrota"},"geometry":{"type":"LineString","coordinates":[[-34.9225116,-8.0742474],[-34.9222098,-8.0743576],[-34.9220352,-8.0744141],[-34.9217746,-8.0744984],[-34.9214876,-8.0745907],[-34.9212751,-8.0746604],[-34.9206702,-8.0748489],[-34.9205415,-8.0748848]]}},{"type":"Feature","id":"way/192005246","properties":{"name":"Rua Comendador Franco Ferreira","id":"way/192005246","type":"Ciclorrota"},"geometry":{"type":"LineString","coordinates":[[-34.9283838,-8.0711589],[-34.9282847,-8.070753]]}},{"type":"Feature","id":"way/192028747","properties":{"name":"Avenida Engenheiro Abdias de Carvalho - Pista Lateral","id":"way/192028747","type":"Ciclorrota"},"geometry":{"type":"LineString","coordinates":[[-34.9268429,-8.0601754],[-34.9270609,-8.0602557]]}},{"type":"Feature","id":"way/192030053","properties":{"name":"Ladeira da Cohab","id":"way/192030053","type":"Baixa velocidade"},"geometry":{"type":"LineString","coordinates":[[-34.9460624,-8.1185912],[-34.9453902,-8.1183788],[-34.9450083,-8.1182722],[-34.9449585,-8.1182611],[-34.9449022,-8.1182564],[-34.9448201,-8.1182604],[-34.94481,-8.1182615],[-34.9447724,-8.1182654],[-34.9447165,-8.1182785],[-34.9446396,-8.1183068],[-34.9445863,-8.1183343],[-34.9444628,-8.118411],[-34.9443518,-8.1184911],[-34.9443183,-8.1185153],[-34.9440508,-8.1187569],[-34.943799,-8.1190061],[-34.94375,-8.1190685],[-34.9437158,-8.1191243],[-34.9436869,-8.1191873],[-34.943634,-8.1193539],[-34.9435453,-8.1196371]]}},{"type":"Feature","id":"way/192031387","properties":{"name":"Avenida Pernambuco","id":"way/192031387","type":"Baixa velocidade"},"geometry":{"type":"LineString","coordinates":[[-34.9472845,-8.1153265],[-34.9471482,-8.1158164],[-34.947132,-8.1158746],[-34.9470391,-8.1162082],[-34.9470209,-8.1162738],[-34.9469379,-8.1165721],[-34.9468465,-8.1169005],[-34.9467425,-8.1172742],[-34.946647,-8.1176175],[-34.9466321,-8.1176712],[-34.9465997,-8.1177873],[-34.9464955,-8.1181619],[-34.9464587,-8.1182941],[-34.9464097,-8.1184266]]}},{"type":"Feature","id":"way/192032178","properties":{"name":"Ladeira da Cohab","id":"way/192032178","type":"Baixa velocidade"},"geometry":{"type":"LineString","coordinates":[[-34.9460624,-8.1185912],[-34.9461612,-8.1185845],[-34.9462021,-8.1185704],[-34.9462419,-8.1185499],[-34.9462575,-8.1185421],[-34.9462686,-8.1185367],[-34.9462815,-8.1185291],[-34.9462948,-8.1185193],[-34.9463255,-8.1184992],[-34.9463654,-8.1184694],[-34.9464097,-8.1184266]]}},{"type":"Feature","id":"way/192032747","properties":{"name":"Avenida Engenho Serra Verde","id":"way/192032747","type":"Baixa velocidade"},"geometry":{"type":"LineString","coordinates":[[-34.9521369,-8.1108296],[-34.9520705,-8.1111683],[-34.9520466,-8.1112903],[-34.9519904,-8.1115719],[-34.9519309,-8.1118809]]}},{"type":"Feature","id":"way/195010589","properties":{"name":"Rua Emiliano Braga","id":"way/195010589","type":"Ciclofaixa"},"geometry":{"type":"LineString","coordinates":[[-34.9448657,-8.038683],[-34.945364,-8.0384222],[-34.9458445,-8.0381575]]}},{"type":"Feature","id":"way/195010591","properties":{"name":"Rua General Polidoro","id":"way/195010591","type":"Ciclofaixa"},"geometry":{"type":"LineString","coordinates":[[-34.9455041,-8.0370374],[-34.9455741,-8.0371615],[-34.9456277,-8.0373588],[-34.9458445,-8.0381575]]}},{"type":"Feature","id":"way/195057093","properties":{"name":"Rua Itacoatiara","id":"way/195057093","type":"Baixa velocidade"},"geometry":{"type":"LineString","coordinates":[[-34.9156352,-8.0206356],[-34.9155823,-8.0206404],[-34.9154883,-8.0206642],[-34.9151617,-8.0207478],[-34.9151254,-8.0207571],[-34.9150939,-8.020763],[-34.9150282,-8.0207664],[-34.9149679,-8.0207544],[-34.9148901,-8.0207219],[-34.9148237,-8.0206834],[-34.9147668,-8.0206422],[-34.9147331,-8.0206156],[-34.9146918,-8.0205649],[-34.9146526,-8.0204389],[-34.9146332,-8.0203531],[-34.9146074,-8.0202268],[-34.9145846,-8.0201264],[-34.9145538,-8.020034],[-34.9145121,-8.0199741],[-34.9144624,-8.0199283],[-34.9144034,-8.0199013],[-34.914284,-8.0198693],[-34.9142326,-8.0198558],[-34.9141607,-8.0198374],[-34.9141124,-8.0198294],[-34.9140401,-8.0198201],[-34.9139662,-8.0198181],[-34.9138985,-8.0198238],[-34.9138502,-8.019829],[-34.9137847,-8.019841],[-34.9137456,-8.0198561],[-34.9137213,-8.0198757]]}},{"type":"Feature","id":"way/195057167","properties":{"name":"Rua Deputado Mário Monteiro","id":"way/195057167","type":"Baixa velocidade"},"geometry":{"type":"LineString","coordinates":[[-34.9119375,-8.024103],[-34.9120154,-8.0242118],[-34.9122831,-8.0245241],[-34.912359,-8.0245709],[-34.9126623,-8.0246787],[-34.9127562,-8.024714],[-34.912895,-8.0247787]]}},{"type":"Feature","id":"way/195058253","properties":{"name":"Rua Japaratuba","id":"way/195058253","type":"Baixa velocidade"},"geometry":{"type":"LineString","coordinates":[[-34.9188598,-8.0201381],[-34.918741,-8.020218],[-34.9187082,-8.0202405],[-34.9185373,-8.0203577],[-34.918548,-8.0203609],[-34.9183092,-8.0205017],[-34.918153,-8.0205957],[-34.9181134,-8.0206209],[-34.918094,-8.0206435],[-34.9180866,-8.0206734],[-34.9180866,-8.0207239],[-34.918155,-8.0209589],[-34.9181972,-8.0211095]]}},{"type":"Feature","id":"way/197960452","properties":{"name":"Rua Jerônimo de Albuquerque","id":"way/197960452","type":"Ciclorrota"},"geometry":{"type":"LineString","coordinates":[[-34.9184561,-8.0334556],[-34.9183748,-8.0333109],[-34.9180355,-8.0327248],[-34.9176703,-8.0320882],[-34.9175372,-8.0318581],[-34.9174753,-8.0317522],[-34.9170309,-8.0309812]]}},{"type":"Feature","id":"way/197960564","properties":{"name":"Rua de Casa Forte","id":"way/197960564","type":"Ciclorrota"},"geometry":{"type":"LineString","coordinates":[[-34.9187798,-8.0330751],[-34.9192915,-8.0327829],[-34.9197143,-8.0325072]]}},{"type":"Feature","id":"way/197960569","properties":{"name":"Rua de Casa Forte","id":"way/197960569","type":"Ciclorrota"},"geometry":{"type":"LineString","coordinates":[[-34.9184561,-8.0334556],[-34.9186417,-8.0333598],[-34.9187331,-8.0333125]]}},{"type":"Feature","id":"way/198058614","properties":{"name":"Rua da Harmonia","id":"way/198058614","type":"Ciclofaixa"},"geometry":{"type":"LineString","coordinates":[[-34.9152662,-8.0315351],[-34.9152455,-8.0314763],[-34.9149425,-8.0306162],[-34.9149049,-8.0304936],[-34.9148154,-8.0302259],[-34.914497,-8.0293086],[-34.9144385,-8.0291365],[-34.9143481,-8.0288709],[-34.9138886,-8.027541],[-34.9138656,-8.0274744]]}},{"type":"Feature","id":"way/198109060","properties":{"name":"Rua Doutor João Santos Filho","id":"way/198109060","type":"Baixa velocidade"},"geometry":{"type":"LineString","coordinates":[[-34.9134996,-8.0364268],[-34.9135594,-8.0363446],[-34.9135803,-8.0362834],[-34.9135831,-8.0362562],[-34.9135801,-8.0362252],[-34.9135593,-8.0361379]]}},{"type":"Feature","id":"way/198196114","properties":{"name":"Rua Silvino Lopes","id":"way/198196114","type":"Ciclorrota"},"geometry":{"type":"LineString","coordinates":[[-34.916935,-8.0335014],[-34.9170279,-8.0334316],[-34.9173059,-8.0332385],[-34.9180355,-8.0327248]]}},{"type":"Feature","id":"way/198196286","properties":{"name":"Rua Doutor Samuel Lins","id":"way/198196286","type":"Ciclorrota"},"geometry":{"type":"LineString","coordinates":[[-34.9156127,-8.0323405],[-34.9156554,-8.0323731],[-34.9157502,-8.0324462],[-34.9164892,-8.0330443]]}},{"type":"Feature","id":"way/198246703","properties":{"name":"Rua Ambrósio Machado","id":"way/198246703","type":"Ciclofaixa"},"geometry":{"type":"LineString","coordinates":[[-34.9360981,-8.046882],[-34.9361161,-8.0469811],[-34.9361338,-8.0470687]]}},{"type":"Feature","id":"way/198246704","properties":{"name":"Rua Ambrósio Machado","id":"way/198246704","type":"Ciclofaixa"},"geometry":{"type":"LineString","coordinates":[[-34.9360205,-8.0470588],[-34.9360049,-8.0468819]]}},{"type":"Feature","id":"way/198968502","properties":{"name":"Rua Ademar Pires Travasso","id":"way/198968502","type":"Baixa velocidade"},"geometry":{"type":"LineString","coordinates":[[-34.9380261,-8.0442668],[-34.937563,-8.0444225],[-34.9374783,-8.0444546],[-34.9374224,-8.0444713],[-34.9373716,-8.0444864],[-34.937061,-8.0446558],[-34.9353862,-8.0455617]]}},{"type":"Feature","id":"way/198968986","properties":{"name":"Rua do Bom Pastor","id":"way/198968986","type":"Ciclofaixa"},"geometry":{"type":"LineString","coordinates":[[-34.9404681,-8.0469306],[-34.9405236,-8.0471323]]}},{"type":"Feature","id":"way/198968987","properties":{"name":"Rua do Bom Pastor","id":"way/198968987","type":"Ciclofaixa"},"geometry":{"type":"LineString","coordinates":[[-34.9405236,-8.0471323],[-34.9405286,-8.0471526],[-34.9405349,-8.0471778],[-34.9405916,-8.0474327]]}},{"type":"Feature","id":"way/198968988","properties":{"name":"Rua Mauricéia","id":"way/198968988","type":"Ciclorrota"},"geometry":{"type":"LineString","coordinates":[[-34.9404133,-8.0467569],[-34.9407058,-8.0466491],[-34.9420347,-8.046156]]}},{"type":"Feature","id":"way/198989347","properties":{"name":"Rua Emiliano Braga","id":"way/198989347","type":"Ciclofaixa"},"geometry":{"type":"LineString","coordinates":[[-34.9405103,-8.0410803],[-34.9410693,-8.0407655],[-34.9416432,-8.0404634]]}},{"type":"Feature","id":"way/198989505","properties":{"name":"Estrada do Barbalho","id":"way/198989505","type":"Ciclorrota"},"geometry":{"type":"LineString","coordinates":[[-34.9340625,-8.0290821],[-34.9339829,-8.029075],[-34.9339432,-8.0290714],[-34.9331641,-8.0291007],[-34.9329796,-8.029106]]}},{"type":"Feature","id":"way/198989547","properties":{"name":"Rua São Mateus","id":"way/198989547","type":"Ciclofaixa"},"geometry":{"type":"LineString","coordinates":[[-34.9340625,-8.0290821],[-34.9341075,-8.0294146],[-34.9341371,-8.0296002],[-34.9341496,-8.0296727],[-34.9341874,-8.029959],[-34.9342272,-8.0302359],[-34.9342408,-8.0303102],[-34.9342797,-8.0305313],[-34.9343211,-8.0308255],[-34.934379,-8.031183],[-34.934443,-8.0315549],[-34.9344552,-8.0316384],[-34.9344628,-8.0316927],[-34.9345681,-8.0323117],[-34.9345883,-8.0324277]]}},{"type":"Feature","id":"way/198990835","properties":{"name":"Rua Gaspar Perez","id":"way/198990835","type":"Ciclofaixa"},"geometry":{"type":"LineString","coordinates":[[-34.9401866,-8.0399931],[-34.9403469,-8.0405213],[-34.9405103,-8.0410803],[-34.9408119,-8.0421112],[-34.9408587,-8.0422477],[-34.9409159,-8.0424306],[-34.9409835,-8.0426617],[-34.9411071,-8.0430604],[-34.9413132,-8.0438262],[-34.9414656,-8.0443438],[-34.9415293,-8.0445602],[-34.9416763,-8.0450502],[-34.9417632,-8.0453373],[-34.9420347,-8.046156]]}},{"type":"Feature","id":"way/198990897","properties":{"name":"Rua Miguel Ângelo","id":"way/198990897","type":"Baixa velocidade"},"geometry":{"type":"LineString","coordinates":[[-34.9399495,-8.0421943],[-34.9399722,-8.0422185],[-34.9399831,-8.0422431],[-34.9399982,-8.0422752],[-34.9400747,-8.0424624],[-34.9402048,-8.0429258],[-34.9404032,-8.0435141],[-34.9406285,-8.0441515]]}},{"type":"Feature","id":"way/199434199","properties":{"name":"Rua Paula Batista","id":"way/199434199","type":"Ciclofaixa"},"geometry":{"type":"LineString","coordinates":[[-34.9161663,-8.0267162],[-34.9161285,-8.0266343],[-34.9160304,-8.0264519],[-34.915441,-8.0255919],[-34.9154013,-8.0255291],[-34.9153765,-8.0254758],[-34.9153199,-8.0253369],[-34.9151622,-8.0249352]]}},{"type":"Feature","id":"way/199434203","properties":{"name":"Rua Paula Batista","id":"way/199434203","type":"Ciclofaixa"},"geometry":{"type":"LineString","coordinates":[[-34.9148244,-8.0238086],[-34.9147556,-8.0237072]]}},{"type":"Feature","id":"way/199697128","properties":{"name":"Rua Xavantes","id":"way/199697128","type":"Ciclofaixa"},"geometry":{"type":"LineString","coordinates":[[-34.9183672,-8.0230837],[-34.9182969,-8.023107],[-34.9173007,-8.0234365],[-34.9166611,-8.0236612]]}},{"type":"Feature","id":"way/199698447","properties":{"name":"Rua Pedro Allain","id":"way/199698447","type":"Ciclofaixa"},"geometry":{"type":"LineString","coordinates":[[-34.9175508,-8.0213438],[-34.9175777,-8.0214078],[-34.9176639,-8.0215845],[-34.9177647,-8.0217967],[-34.9178065,-8.0218848],[-34.9180256,-8.0223685],[-34.9180496,-8.0224216],[-34.9180641,-8.0224578],[-34.9183242,-8.0229949],[-34.9183672,-8.0230837]]}},{"type":"Feature","id":"way/199698617","properties":{"name":"Rua Pedro Allain","id":"way/199698617","type":"Ciclorrota"},"geometry":{"type":"LineString","coordinates":[[-34.9184927,-8.0234248],[-34.918465,-8.0232878],[-34.9184485,-8.0232454],[-34.9184211,-8.0231988]]}},{"type":"Feature","id":"way/199699061","properties":{"name":"Rua Rev Antônio Queiroz","id":"way/199699061","type":"Ciclorrota"},"geometry":{"type":"LineString","coordinates":[[-34.9154306,-8.0233673],[-34.9155866,-8.0233251],[-34.9164241,-8.0230989]]}},{"type":"Feature","id":"way/199703491","properties":{"name":"Rua Paula Batista","id":"way/199703491","type":"Ciclofaixa"},"geometry":{"type":"LineString","coordinates":[[-34.9147556,-8.0237072],[-34.9147236,-8.0236974],[-34.9146608,-8.02368]]}},{"type":"Feature","id":"way/199703493","properties":{"name":"Praça do Trabalho","id":"way/199703493","type":"Ciclofaixa"},"geometry":{"type":"LineString","coordinates":[[-34.9144261,-8.0227677],[-34.9145362,-8.0229593],[-34.9147003,-8.0232529],[-34.9147387,-8.0233162],[-34.9148304,-8.0234628],[-34.9148358,-8.023496],[-34.9148324,-8.0235286],[-34.9148224,-8.0235631],[-34.9147989,-8.0235916],[-34.9147265,-8.0236375]]}},{"type":"Feature","id":"way/199706753","properties":{"name":"Rua Coronel João Batista do Rego Barros","id":"way/199706753","type":"Ciclorrota"},"geometry":{"type":"LineString","coordinates":[[-34.9342057,-8.0211526],[-34.9339621,-8.020486]]}},{"type":"Feature","id":"way/199869537","properties":{"name":"Rua Antônio Valdevino da Costa","id":"way/199869537","type":"Ciclorrota"},"geometry":{"type":"LineString","coordinates":[[-34.9262281,-8.0603219],[-34.9266237,-8.0602572]]}},{"type":"Feature","id":"way/199875826","properties":{"name":"Rua Doutora Antônia Dias","id":"way/199875826","type":"Ciclorrota"},"geometry":{"type":"LineString","coordinates":[[-34.9280494,-8.0604016],[-34.9284599,-8.0602781]]}},{"type":"Feature","id":"way/199879695","properties":{"name":"Rua Tamboril","id":"way/199879695","type":"Ciclorrota"},"geometry":{"type":"LineString","coordinates":[[-34.9291861,-8.0593953],[-34.9296776,-8.0591193],[-34.9298581,-8.0590278],[-34.9304685,-8.0586757],[-34.931204,-8.0582801]]}},{"type":"Feature","id":"way/199881222","properties":{"name":"Avenida Inácio Monteiro","id":"way/199881222","type":"Ciclofaixa"},"geometry":{"type":"LineString","coordinates":[[-34.9330577,-8.0512389],[-34.9333799,-8.0517989],[-34.9337083,-8.0523841],[-34.933998,-8.0529494],[-34.9343001,-8.053526]]}},{"type":"Feature","id":"way/199881559","properties":{"name":"Avenida Inácio Monteiro","id":"way/199881559","type":"Ciclofaixa"},"geometry":{"type":"LineString","coordinates":[[-34.9305904,-8.0468151],[-34.9308224,-8.0472376],[-34.931147,-8.0478046],[-34.9314635,-8.0483716],[-34.9317867,-8.0489638],[-34.9321058,-8.0495322],[-34.9322428,-8.0497751],[-34.932421,-8.0500912],[-34.9327368,-8.0506695],[-34.9328542,-8.0508567],[-34.9330577,-8.0512389]]}},{"type":"Feature","id":"way/199890276","properties":{"name":"Rua Professor Joaquim Xavier de Brito","id":"way/199890276","type":"Ciclofaixa"},"geometry":{"type":"LineString","coordinates":[[-34.9361441,-8.0471166],[-34.9361445,-8.0471456],[-34.9361105,-8.0473071],[-34.9359872,-8.0477556],[-34.9356514,-8.0490064],[-34.9356105,-8.0491589],[-34.9351182,-8.0509771],[-34.9350602,-8.0511667],[-34.9347337,-8.0522949]]}},{"type":"Feature","id":"way/199890280","properties":{"name":"Rua Professor Joaquim Xavier de Brito","id":"way/199890280","type":"Ciclofaixa"},"geometry":{"type":"LineString","coordinates":[[-34.9343001,-8.053526],[-34.9344804,-8.0527632],[-34.9346084,-8.0522627],[-34.9348975,-8.0512988],[-34.9349489,-8.0511291],[-34.935497,-8.0491222],[-34.935859,-8.0477435],[-34.9359989,-8.0472016],[-34.9360003,-8.0471169]]}},{"type":"Feature","id":"way/200856096","properties":{"name":"Rua Padre Roma","id":"way/200856096","type":"Ciclofaixa"},"geometry":{"type":"LineString","coordinates":[[-34.9100489,-8.0329382],[-34.9097423,-8.0329139],[-34.9093721,-8.0328641],[-34.9086305,-8.0327791],[-34.9085379,-8.0327745],[-34.9083949,-8.0327622]]}},{"type":"Feature","id":"way/200856098","properties":{"name":"Rua Padre Roma","id":"way/200856098","type":"Ciclofaixa"},"geometry":{"type":"LineString","coordinates":[[-34.907282,-8.0325967],[-34.907602,-8.0326491],[-34.9078195,-8.0326653],[-34.9078627,-8.0326576],[-34.9079083,-8.0326264],[-34.9079224,-8.0326083]]}},{"type":"Feature","id":"way/200856105","properties":{"name":"Rua Padre Roma","id":"way/200856105","type":"Ciclofaixa"},"geometry":{"type":"LineString","coordinates":[[-34.910303,-8.0328702],[-34.9102395,-8.0328542],[-34.9101955,-8.0328535],[-34.9101417,-8.0328701],[-34.9101052,-8.0328974],[-34.9100489,-8.0329382]]}},{"type":"Feature","id":"way/201513222","properties":{"name":"Estrada do Encanamento","id":"way/201513222","type":"Ciclofaixa"},"geometry":{"type":"LineString","coordinates":[[-34.9190051,-8.0303563],[-34.9187515,-8.0304312],[-34.9185099,-8.0305066],[-34.9183734,-8.0305495],[-34.9180824,-8.0306409],[-34.9178378,-8.0307178],[-34.9176575,-8.0307744],[-34.9170309,-8.0309812],[-34.9162069,-8.0312377],[-34.9154898,-8.0314695],[-34.9152978,-8.0315258],[-34.9152662,-8.0315351]]}},{"type":"Feature","id":"way/201513485","properties":{"name":"Estrada do Encanamento","id":"way/201513485","type":"Ciclofaixa"},"geometry":{"type":"LineString","coordinates":[[-34.9215531,-8.0295164],[-34.9209333,-8.0297246],[-34.920877,-8.0297473],[-34.9208459,-8.0297573],[-34.9206219,-8.0298288],[-34.9203461,-8.0299169],[-34.9199577,-8.0300409],[-34.9194525,-8.0302055],[-34.9190051,-8.0303563]]}},{"type":"Feature","id":"way/201513567","properties":{"name":"Estrada do Arraial","id":"way/201513567","type":"Ciclofaixa"},"geometry":{"type":"LineString","coordinates":[[-34.9138656,-8.0274744],[-34.914232,-8.0273408],[-34.9145886,-8.0272104],[-34.9151475,-8.0270233],[-34.9155482,-8.0268932],[-34.9160949,-8.0267361],[-34.9161663,-8.0267162]]}},{"type":"Feature","id":"way/201513568","properties":{"name":"Estrada do Arraial","id":"way/201513568","type":"Ciclofaixa"},"geometry":{"type":"LineString","coordinates":[[-34.9161663,-8.0267162],[-34.9162789,-8.0267033],[-34.9164211,-8.0266883],[-34.9166935,-8.0266586],[-34.9170152,-8.0266491],[-34.9172921,-8.0266817],[-34.9174539,-8.0267056],[-34.917592,-8.026723],[-34.9176233,-8.0267289],[-34.9177568,-8.0267491]]}},{"type":"Feature","id":"way/201513608","properties":{"name":"Estrada do Arraial","id":"way/201513608","type":"Ciclofaixa"},"geometry":{"type":"LineString","coordinates":[[-34.9177568,-8.0267491],[-34.9178248,-8.0267763],[-34.9179519,-8.0268313],[-34.9181938,-8.0269895],[-34.918943,-8.0274663],[-34.9190138,-8.0275],[-34.9195001,-8.0276955],[-34.919863,-8.0278127],[-34.920021,-8.0278792],[-34.9200789,-8.0279067],[-34.9201218,-8.0279279]]}},{"type":"Feature","id":"way/201514523","properties":{"name":"Praça do Monteiro","id":"way/201514523","type":"Calçada compartilhada"},"geometry":{"type":"LineString","coordinates":[[-34.9289622,-8.0278227],[-34.9289044,-8.0278374],[-34.9282682,-8.0279791],[-34.9282133,-8.0279912]]}},{"type":"Feature","id":"way/202051331","properties":{"name":"Rua Fernando Fink Filho","id":"way/202051331","type":"Ciclorrota"},"geometry":{"type":"LineString","coordinates":[[-34.9180071,-8.044836],[-34.9179203,-8.0448563],[-34.9178073,-8.0448855],[-34.9176481,-8.0449197],[-34.9175408,-8.0449363],[-34.9174449,-8.0449489],[-34.917355,-8.0449556],[-34.9172156,-8.0449536],[-34.9171076,-8.0449403],[-34.9169326,-8.0449111],[-34.9167857,-8.0448765],[-34.9166375,-8.044838]]}},{"type":"Feature","id":"way/202051332","properties":{"name":"Rua Fernando Fink Filho","id":"way/202051332","type":"Ciclorrota"},"geometry":{"type":"LineString","coordinates":[[-34.9181265,-8.0448054],[-34.9180071,-8.044836]]}},{"type":"Feature","id":"way/202051912","properties":{"name":"Rua Professor Estevão Francisco da Costa","id":"way/202051912","type":"Ciclofaixa"},"geometry":{"type":"LineString","coordinates":[[-34.9186344,-8.0471917],[-34.9185272,-8.0469162],[-34.9184594,-8.0467011],[-34.9184132,-8.0465278],[-34.9184004,-8.0464289],[-34.9184031,-8.0463087]]}},{"type":"Feature","id":"way/202233890","properties":{"name":"Avenida Nossa Senhora da Saúde","id":"way/202233890","type":"Ciclofaixa"},"geometry":{"type":"LineString","coordinates":[[-34.9291792,-8.0442857],[-34.9289075,-8.0437881],[-34.9287977,-8.0435851],[-34.928578,-8.0432246],[-34.928319,-8.0427859]]}},{"type":"Feature","id":"way/202233953","properties":{"name":"Avenida Nossa Senhora da Saúde","id":"way/202233953","type":"Ciclofaixa"},"geometry":{"type":"LineString","coordinates":[[-34.928319,-8.0427859],[-34.9282428,-8.0426496],[-34.9279333,-8.0420961],[-34.9278658,-8.0419753]]}},{"type":"Feature","id":"way/202234360","properties":{"name":"Rua Pereira Coutinho Filho","id":"way/202234360","type":"Ciclofaixa"},"geometry":{"type":"LineString","coordinates":[[-34.9317397,-8.0361016],[-34.9321246,-8.0373592],[-34.932279,-8.0378833]]}},{"type":"Feature","id":"way/202234462","properties":{"name":"Rua Leal de Barros","id":"way/202234462","type":"Ciclorrota"},"geometry":{"type":"LineString","coordinates":[[-34.9345883,-8.0324277],[-34.9329173,-8.0326577],[-34.9325191,-8.032706],[-34.9323353,-8.0327342],[-34.9320406,-8.0328086],[-34.9315873,-8.032923],[-34.9314707,-8.0329524],[-34.9308279,-8.0331146],[-34.9302832,-8.0332521],[-34.9295645,-8.0333554],[-34.9294886,-8.0333663],[-34.929158,-8.0334141],[-34.9289533,-8.0334436],[-34.9288778,-8.0334545],[-34.9286822,-8.0334827],[-34.9283974,-8.0335238]]}},{"type":"Feature","id":"way/202234487","properties":{"name":"Rua Doutor José Anastacio da Silva Guimarães","id":"way/202234487","type":"Ciclorrota"},"geometry":{"type":"LineString","coordinates":[[-34.9283974,-8.0335238],[-34.9285726,-8.03421],[-34.9287213,-8.0348098],[-34.9288872,-8.0354483],[-34.9290032,-8.0360226],[-34.9290146,-8.0360684],[-34.929083,-8.0364011],[-34.9291473,-8.0366683],[-34.9291522,-8.0366872]]}},{"type":"Feature","id":"way/202234499","properties":{"name":"Rua Doutor José Anastacio da Silva Guimarães","id":"way/202234499","type":"Ciclorrota"},"geometry":{"type":"LineString","coordinates":[[-34.9291769,-8.0367815],[-34.9291852,-8.0368114],[-34.9293057,-8.0373596],[-34.9294008,-8.0377921],[-34.9294196,-8.0379966],[-34.9292533,-8.0384295]]}},{"type":"Feature","id":"way/202234715","properties":{"name":"Rua Pereira Coutinho Filho","id":"way/202234715","type":"Ciclofaixa"},"geometry":{"type":"LineString","coordinates":[[-34.9308279,-8.0331146],[-34.9311019,-8.034024],[-34.9317397,-8.0361016]]}},{"type":"Feature","id":"way/203054011","properties":{"name":"Rua General Vargas","id":"way/203054011","type":"Ciclofaixa"},"geometry":{"type":"LineString","coordinates":[[-34.9443038,-8.0516679],[-34.944216,-8.0506325],[-34.944198,-8.05036],[-34.9441672,-8.0498934]]}},{"type":"Feature","id":"way/203054049","properties":{"name":"Rua General Vargas","id":"way/203054049","type":"Ciclofaixa"},"geometry":{"type":"LineString","coordinates":[[-34.9441479,-8.0496328],[-34.9441381,-8.04947]]}},{"type":"Feature","id":"way/203054050","properties":{"name":"Rua General Vargas","id":"way/203054050","type":"Ciclofaixa"},"geometry":{"type":"LineString","coordinates":[[-34.9441381,-8.04947],[-34.9440968,-8.048956],[-34.9440039,-8.0478084],[-34.9439354,-8.0471447],[-34.9438724,-8.0463023]]}},{"type":"Feature","id":"way/203054177","properties":{"name":"Rua Bom Pastor","id":"way/203054177","type":"Baixa velocidade"},"geometry":{"type":"LineString","coordinates":[[-34.9400542,-8.0478122],[-34.9401605,-8.0474329],[-34.9401787,-8.047346],[-34.9401739,-8.0471811]]}},{"type":"Feature","id":"way/204066990","properties":{"name":"Rua Desembargador Oscar Coutinho","id":"way/204066990","type":"Ciclofaixa"},"geometry":{"type":"LineString","coordinates":[[-34.9323353,-8.0327342],[-34.9322706,-8.0323212],[-34.9321923,-8.0317131],[-34.9321313,-8.0314273],[-34.9320602,-8.0311731],[-34.9319164,-8.0306418],[-34.9318524,-8.0303445],[-34.9318141,-8.0301277],[-34.9316815,-8.0296152]]}},{"type":"Feature","id":"way/204067608","properties":{"name":"Avenida Jornalista Possidonio Cavalcanti Bastos","id":"way/204067608","type":"Ciclofaixa"},"geometry":{"type":"LineString","coordinates":[[-34.9321616,-8.0288337],[-34.9321367,-8.0289337],[-34.931788,-8.0294741],[-34.9316815,-8.0296152]]}},{"type":"Feature","id":"way/204067669","properties":{"name":"Rua Maria de Fátima Soares","id":"way/204067669","type":"Ciclofaixa"},"geometry":{"type":"LineString","coordinates":[[-34.9305216,-8.0310899],[-34.9305388,-8.0312366],[-34.9305451,-8.0313711],[-34.9305343,-8.0315366],[-34.9305272,-8.0316464],[-34.930539,-8.0318415],[-34.9305742,-8.0320289],[-34.9306796,-8.0325257],[-34.9307189,-8.0326877],[-34.9308279,-8.0331146]]}},{"type":"Feature","id":"way/204619792","properties":{"name":"Rua Acadêmico Hélio Ramos","id":"way/204619792","type":"Ciclorrota"},"geometry":{"type":"LineString","coordinates":[[-34.9537926,-8.0463691],[-34.9538649,-8.0468014],[-34.9539762,-8.0472043],[-34.9539985,-8.0472841],[-34.9541887,-8.0479644],[-34.9546585,-8.0496718],[-34.9547105,-8.0498436],[-34.9550153,-8.0509395],[-34.9553505,-8.052145],[-34.9554483,-8.0524823]]}},{"type":"Feature","id":"way/204619823","properties":{"name":"Avenida Professor Luiz Freire","id":"way/204619823","type":"Ciclofaixa"},"geometry":{"type":"LineString","coordinates":[[-34.9565514,-8.0564068],[-34.9562105,-8.0564982],[-34.9562096,-8.0564986],[-34.9558196,-8.056624],[-34.9555387,-8.0567049],[-34.954624,-8.0569897],[-34.9546112,-8.0569935]]}},{"type":"Feature","id":"way/206614710","properties":{"name":"Rua Emiliano Braga","id":"way/206614710","type":"Ciclofaixa"},"geometry":{"type":"LineString","coordinates":[[-34.9441764,-8.039059],[-34.9445037,-8.0388863],[-34.9448657,-8.038683]]}},{"type":"Feature","id":"way/215516414","properties":{"name":"Rua dos Médicis","id":"way/215516414","type":"Baixa velocidade"},"geometry":{"type":"LineString","coordinates":[[-34.8933438,-8.060452],[-34.893131,-8.0601902],[-34.8927651,-8.0597346],[-34.8926935,-8.0595961],[-34.8926396,-8.0594398],[-34.892546,-8.059089]]}},{"type":"Feature","id":"way/219486587","properties":{"name":"Rua Manoel Apolinário","id":"way/219486587","type":"Baixa velocidade"},"geometry":{"type":"LineString","coordinates":[[-34.9105797,-8.0243937],[-34.9103257,-8.0232658]]}},{"type":"Feature","id":"way/219486588","properties":{"name":"Rua Cabo Epitácio Lucena","id":"way/219486588","type":"Baixa velocidade"},"geometry":{"type":"LineString","coordinates":[[-34.9113562,-8.0241881],[-34.9110855,-8.0230211]]}},{"type":"Feature","id":"way/222712037","properties":{"name":"Rua Doutor Benígno Vasconcelos","id":"way/222712037","type":"Baixa velocidade"},"geometry":{"type":"LineString","coordinates":[[-34.9526482,-8.1141402],[-34.9525597,-8.1144336],[-34.9525295,-8.1145757],[-34.9524973,-8.1147602],[-34.9524491,-8.1150935],[-34.9523371,-8.1158748],[-34.9522995,-8.1160905],[-34.9522559,-8.1162731],[-34.9522184,-8.1164078],[-34.9521898,-8.1165537],[-34.9521714,-8.116601],[-34.9519502,-8.1173319],[-34.951896,-8.11748],[-34.9518805,-8.1175238],[-34.9518344,-8.1176542],[-34.9517061,-8.1180469],[-34.9516367,-8.1182609],[-34.9516129,-8.1183223],[-34.9515753,-8.1184013],[-34.9515311,-8.1184813],[-34.951462,-8.1185892],[-34.9511063,-8.1190665],[-34.9509973,-8.1192046],[-34.9508968,-8.1193311],[-34.9508488,-8.1193914],[-34.9508361,-8.1194089],[-34.9507948,-8.1194661],[-34.950769,-8.1195272],[-34.9507519,-8.1195776],[-34.9507311,-8.1196566],[-34.950715,-8.1197456],[-34.9507003,-8.1198346],[-34.9506882,-8.1199374],[-34.9506782,-8.1200916],[-34.950656,-8.1204121],[-34.9506406,-8.1205969],[-34.9506158,-8.120896],[-34.9505855,-8.121247],[-34.9505762,-8.1213554],[-34.9505648,-8.1215005],[-34.9505622,-8.1215356],[-34.9505413,-8.1217995],[-34.9505045,-8.1222369],[-34.9504997,-8.1223245],[-34.950483,-8.122528],[-34.9504716,-8.1226976],[-34.9504379,-8.1230323],[-34.9504267,-8.123163],[-34.9503851,-8.1236675],[-34.9503494,-8.1240879],[-34.9503281,-8.1243243],[-34.9503276,-8.124334],[-34.9503154,-8.1245145],[-34.9503137,-8.124536],[-34.9502042,-8.1259219],[-34.950195,-8.1260215],[-34.9501924,-8.1260858],[-34.9501732,-8.1264257]]}},{"type":"Feature","id":"way/222712298","properties":{"name":"Avenida Queixeramobim","id":"way/222712298","type":"Baixa velocidade"},"geometry":{"type":"LineString","coordinates":[[-34.9540185,-8.1225],[-34.9540029,-8.1224485],[-34.953986,-8.1224092],[-34.9539655,-8.1223713],[-34.9539417,-8.1223378],[-34.9539029,-8.1222937],[-34.9538013,-8.1221965],[-34.9537728,-8.1221637],[-34.9537529,-8.1221375],[-34.9537406,-8.1221168],[-34.9537325,-8.1220979],[-34.9537286,-8.1220703],[-34.9537325,-8.1220428]]}},{"type":"Feature","id":"way/222720214","properties":{"name":"Avenida Engenho Muribara","id":"way/222720214","type":"Baixa velocidade"},"geometry":{"type":"LineString","coordinates":[[-34.9494416,-8.1152435],[-34.9496017,-8.1144106],[-34.9496269,-8.1142797],[-34.9496572,-8.1141218],[-34.9496789,-8.1140092],[-34.9497373,-8.1137056],[-34.9498697,-8.1130165],[-34.9499132,-8.1127905],[-34.9499459,-8.1126095],[-34.9499816,-8.1124344],[-34.9500818,-8.1119134],[-34.9501165,-8.1117327],[-34.9501523,-8.1115467],[-34.9501589,-8.1115121]]}},{"type":"Feature","id":"way/222720868","properties":{"name":"Avenida Santa Fé","id":"way/222720868","type":"Baixa velocidade"},"geometry":{"type":"LineString","coordinates":[[-34.9556644,-8.1153517],[-34.9556206,-8.1155084],[-34.9555618,-8.1157148],[-34.9554707,-8.1160249],[-34.9554045,-8.1162531],[-34.9553626,-8.1164092],[-34.955317,-8.1165546],[-34.9552534,-8.1167735],[-34.9552439,-8.1168035],[-34.9552003,-8.1169814],[-34.9550417,-8.1175062],[-34.9548644,-8.1181332],[-34.9547926,-8.1183681],[-34.9547477,-8.1185172],[-34.9546602,-8.1188182],[-34.9546484,-8.1188591],[-34.9546286,-8.1189186],[-34.954603,-8.1190149],[-34.9545038,-8.119357],[-34.9543371,-8.119932],[-34.9542327,-8.1202918],[-34.9541325,-8.1206311],[-34.9541208,-8.1206687],[-34.9540707,-8.1208502],[-34.9540262,-8.1210029],[-34.9540186,-8.1210291],[-34.9539125,-8.1213933],[-34.9539066,-8.1214166],[-34.9538136,-8.1217417],[-34.9537533,-8.1219502],[-34.9537424,-8.122],[-34.9537325,-8.1220428]]}},{"type":"Feature","id":"way/222816816","properties":{"name":"Avenida José Américo de Almeida","id":"way/222816816","type":"Ciclofaixa"},"geometry":{"type":"LineString","coordinates":[[-34.9308601,-8.0107015],[-34.9307607,-8.0107126],[-34.9307158,-8.0107269],[-34.9306776,-8.0107439],[-34.9306643,-8.0107538],[-34.9306333,-8.0107767],[-34.9306005,-8.0108077],[-34.9305659,-8.0108538],[-34.9305129,-8.0109379],[-34.9304529,-8.0110539],[-34.9302495,-8.011514],[-34.9298929,-8.012322],[-34.929657,-8.0128156],[-34.9295846,-8.0130215],[-34.9295649,-8.013087],[-34.9295081,-8.0132764],[-34.929495,-8.0134134],[-34.9295174,-8.0135567],[-34.9295336,-8.013639],[-34.929612,-8.0139301],[-34.9296392,-8.0140312],[-34.9298568,-8.0148392],[-34.9301252,-8.0158354],[-34.9302252,-8.0161611],[-34.9302456,-8.016203],[-34.9302889,-8.0162714]]}},{"type":"Feature","id":"way/222819855","properties":{"name":"Rua Alto José Bonifácio","id":"way/222819855","type":"Baixa velocidade"},"geometry":{"type":"LineString","coordinates":[[-34.9122768,-8.0072482],[-34.9122948,-8.0074082],[-34.9123279,-8.0079644]]}},{"type":"Feature","id":"way/222823623","properties":{"name":"Rua Cassiterita","id":"way/222823623","type":"Baixa velocidade"},"geometry":{"type":"LineString","coordinates":[[-34.9352874,-7.99367],[-34.9361878,-7.9931221],[-34.9362552,-7.9930769],[-34.9362981,-7.9930158],[-34.9363794,-7.9928886],[-34.9364289,-7.9928033],[-34.9365335,-7.9926446]]}},{"type":"Feature","id":"way/222825609","properties":{"name":"Rua Visconde Mamanguape","id":"way/222825609","type":"Ciclofaixa"},"geometry":{"type":"LineString","coordinates":[[-34.8828608,-8.0247006],[-34.8820344,-8.0242935],[-34.8812065,-8.023911],[-34.8807756,-8.0236851],[-34.8804213,-8.0234928],[-34.8788715,-8.0226616],[-34.878488,-8.022456]]}},{"type":"Feature","id":"way/223088213","properties":{"name":"Rua Setúbal","id":"way/223088213","type":"Ciclorrota"},"geometry":{"type":"LineString","coordinates":[[-34.9046869,-8.1410235],[-34.9045723,-8.140773],[-34.9045295,-8.1406679],[-34.9043329,-8.1401666]]}},{"type":"Feature","id":"way/223418529","properties":{"name":"Rua Visconde de Itaparica","id":"way/223418529","type":"Ciclorrota"},"geometry":{"type":"LineString","coordinates":[[-34.9108185,-8.042566],[-34.9114843,-8.0427738]]}},{"type":"Feature","id":"way/223419656","properties":{"name":"Rua Marcos André","id":"way/223419656","type":"Ciclofaixa"},"geometry":{"type":"LineString","coordinates":[[-34.9086948,-8.041016],[-34.9087814,-8.0410269]]}},{"type":"Feature","id":"way/223535074","properties":{"name":"Rua Isaac Salazar","id":"way/223535074","type":"Baixa velocidade"},"geometry":{"type":"LineString","coordinates":[[-34.9062857,-8.0318284],[-34.905737,-8.0323011],[-34.905664,-8.0323819],[-34.9055117,-8.0325504],[-34.9054146,-8.0326679],[-34.9052764,-8.0329145],[-34.905195,-8.0330961],[-34.9051835,-8.0331293],[-34.9051309,-8.0332545],[-34.9050249,-8.0336118]]}},{"type":"Feature","id":"way/223668611","properties":{"name":"Avenida Armindo Moura","id":"way/223668611","type":"Ciclofaixa"},"geometry":{"type":"LineString","coordinates":[[-34.9092771,-8.1505528],[-34.9091599,-8.1505958]]}},{"type":"Feature","id":"way/223668612","properties":{"name":"Avenida Armindo Moura","id":"way/223668612","type":"Ciclofaixa"},"geometry":{"type":"LineString","coordinates":[[-34.9091599,-8.1505958],[-34.9091046,-8.150615]]}},{"type":"Feature","id":"way/224067520","properties":{"name":"Rua Cosmorama","id":"way/224067520","type":"Ciclofaixa"},"geometry":{"type":"LineString","coordinates":[[-34.9132418,-8.14666],[-34.9134249,-8.1471391],[-34.9135371,-8.1474286],[-34.9137472,-8.1479699]]}},{"type":"Feature","id":"way/232233972","properties":{"name":"Rua Doutor João Santos Filho","id":"way/232233972","type":"Baixa velocidade"},"geometry":{"type":"LineString","coordinates":[[-34.9110354,-8.036903],[-34.9110626,-8.0368984],[-34.9114239,-8.0368268],[-34.9115655,-8.0367988],[-34.9118163,-8.036755],[-34.9121906,-8.0366827],[-34.912574,-8.0366169],[-34.9131413,-8.036502],[-34.9134996,-8.0364268]]}},{"type":"Feature","id":"way/238008117","properties":{"name":"Rua Escritor Joaquim Noberto da Silva","id":"way/238008117","type":"Baixa velocidade"},"geometry":{"type":"LineString","coordinates":[[-34.9876607,-8.0386813],[-34.9879215,-8.0388085],[-34.987974,-8.0388341],[-34.9883236,-8.0390085],[-34.9885517,-8.0391322],[-34.9892074,-8.0394879],[-34.989607,-8.0397202],[-34.9901006,-8.0400011],[-34.9908536,-8.040424]]}},{"type":"Feature","id":"way/241530800","properties":{"name":"Estrada do Arraial","id":"way/241530800","type":"Ciclofaixa"},"geometry":{"type":"LineString","coordinates":[[-34.9237337,-8.0281332],[-34.9240355,-8.0279152],[-34.9244384,-8.0276724],[-34.9244821,-8.0276483],[-34.9245715,-8.0276251],[-34.9246172,-8.0276132],[-34.9249633,-8.0275765],[-34.9254243,-8.0275443],[-34.9254638,-8.0275415],[-34.9257263,-8.0275197],[-34.9259704,-8.0274716],[-34.926185,-8.0274164],[-34.9263687,-8.0273933],[-34.9264477,-8.0273904],[-34.9265267,-8.0274153],[-34.9266217,-8.0274602],[-34.9267789,-8.0275333]]}},{"type":"Feature","id":"way/241710312","properties":{"name":"Rua Ferreira Lopes","id":"way/241710312","type":"Ciclofaixa"},"geometry":{"type":"LineString","coordinates":[[-34.9129694,-8.0322678],[-34.9129347,-8.0322177],[-34.9123024,-8.0313059],[-34.91198,-8.0308332],[-34.9118793,-8.0306982],[-34.9118149,-8.0306119],[-34.9117613,-8.0305535],[-34.9116956,-8.030499],[-34.9113564,-8.0302807],[-34.9112899,-8.0302367],[-34.9111806,-8.0301578],[-34.9111028,-8.0300847],[-34.9109799,-8.0299524],[-34.9108863,-8.0298516]]}},{"type":"Feature","id":"way/241818221","properties":{"name":"Rua Figueira Filho","id":"way/241818221","type":"Baixa velocidade"},"geometry":{"type":"LineString","coordinates":[[-34.9119656,-8.0340925],[-34.911674,-8.0336742],[-34.9114575,-8.0333834],[-34.9113905,-8.0332851],[-34.9113463,-8.0331974],[-34.9113053,-8.0330992],[-34.9112033,-8.0328318]]}},{"type":"Feature","id":"way/242420407","properties":{"name":"Rua Alvenópolis","id":"way/242420407","type":"Baixa velocidade"},"geometry":{"type":"LineString","coordinates":[[-34.943928,-8.0800165],[-34.9439498,-8.0799849],[-34.9439833,-8.0799736],[-34.9440651,-8.079957],[-34.944299,-8.0799267],[-34.9445591,-8.0798962],[-34.9448439,-8.0798107],[-34.945451,-8.0795125],[-34.9455799,-8.0794445],[-34.9456899,-8.079402],[-34.9461053,-8.0793158],[-34.9467408,-8.0792257],[-34.9470849,-8.0791551],[-34.9472939,-8.0791273],[-34.9474146,-8.0791112],[-34.9475916,-8.0791098],[-34.9476828,-8.0791444],[-34.9477793,-8.0792201],[-34.9485423,-8.0799151]]}},{"type":"Feature","id":"way/242552660","properties":{"name":"Avenida Professor José dos Anjos","id":"way/242552660","type":"Ciclofaixa"},"geometry":{"type":"LineString","coordinates":[[-34.8755468,-8.0202844],[-34.8757842,-8.0204237],[-34.8762083,-8.0207134],[-34.8764258,-8.0208444],[-34.8766808,-8.0209939],[-34.8769396,-8.0211425],[-34.8772009,-8.0212947],[-34.8774823,-8.0214569],[-34.8777442,-8.021604],[-34.877999,-8.0217426],[-34.8783133,-8.0219232]]}},{"type":"Feature","id":"way/242552953","properties":{"name":"Avenida Professor José dos Anjos","id":"way/242552953","type":"Ciclofaixa"},"geometry":{"type":"LineString","coordinates":[[-34.8786502,-8.0221094],[-34.8787994,-8.0221955],[-34.8790781,-8.0223539],[-34.8793767,-8.0225104],[-34.8794231,-8.0225291],[-34.8795251,-8.0225837]]}},{"type":"Feature","id":"way/242552958","properties":{"name":"Rua Jerônimo Vilela","id":"way/242552958","type":"Ciclofaixa"},"geometry":{"type":"LineString","coordinates":[[-34.8786215,-8.0221764],[-34.8786502,-8.0221094]]}},{"type":"Feature","id":"way/242552959","properties":{"name":"Rua Jerônimo Vilela","id":"way/242552959","type":"Ciclofaixa"},"geometry":{"type":"LineString","coordinates":[[-34.878488,-8.022456],[-34.8785139,-8.0223991]]}},{"type":"Feature","id":"way/242552960","properties":{"name":"Rua Jerônimo Vilela","id":"way/242552960","type":"Ciclofaixa"},"geometry":{"type":"LineString","coordinates":[[-34.8785139,-8.0223991],[-34.8786215,-8.0221764]]}},{"type":"Feature","id":"way/242959949","properties":{"name":"Travessa do Bandeira","id":"way/242959949","type":"Baixa velocidade"},"geometry":{"type":"LineString","coordinates":[[-34.8916187,-8.0750519],[-34.8919806,-8.0739227],[-34.8920668,-8.0736277]]}},{"type":"Feature","id":"way/243358111","properties":{"name":"Rua do Pombal","id":"way/243358111","type":"Ciclofaixa"},"geometry":{"type":"LineString","coordinates":[[-34.8835691,-8.0505012],[-34.883437,-8.050325],[-34.8833455,-8.050203],[-34.8832599,-8.0500879],[-34.8831689,-8.049965],[-34.8829923,-8.0497273],[-34.8829221,-8.0496309],[-34.8826852,-8.0493208],[-34.8823993,-8.0489141]]}},{"type":"Feature","id":"way/244904005","properties":{"name":"Rua Santa Terezinha","id":"way/244904005","type":"Baixa velocidade"},"geometry":{"type":"LineString","coordinates":[[-34.9484237,-8.0820742],[-34.9479017,-8.0831583]]}},{"type":"Feature","id":"way/246172562","properties":{"name":"Rua Pio IX","id":"way/246172562","type":"Ciclorrota"},"geometry":{"type":"LineString","coordinates":[[-34.9117284,-8.0435825],[-34.9117063,-8.0434397],[-34.9116687,-8.0433003],[-34.9115749,-8.0430772],[-34.9115185,-8.0429272],[-34.9114843,-8.0427738]]}},{"type":"Feature","id":"way/247441640","properties":{"name":"Rua Elvira Carreira de Oliveira","id":"way/247441640","type":"Ciclorrota"},"geometry":{"type":"LineString","coordinates":[[-34.8949599,-8.0652289],[-34.8947333,-8.0656989],[-34.8946904,-8.0658131],[-34.8946669,-8.0659831],[-34.8946648,-8.0661831]]}},{"type":"Feature","id":"way/247443467","properties":{"name":"Túnel Chico Science","id":"way/247443467","type":"Ciclovia"},"geometry":{"type":"LineString","coordinates":[[-34.9013778,-8.0620852],[-34.9013105,-8.0615919],[-34.9012734,-8.061283]]}},{"type":"Feature","id":"way/248028930","properties":{"name":"Avenida Inácio de Barros Barreto","id":"way/248028930","type":"Baixa velocidade"},"geometry":{"type":"LineString","coordinates":[[-34.9596608,-8.0535868],[-34.9594899,-8.0536021],[-34.9592431,-8.0536247],[-34.9589521,-8.0536738],[-34.9587315,-8.0537256],[-34.958191,-8.0538611],[-34.9575828,-8.0540191],[-34.9570913,-8.0541572],[-34.9565649,-8.0542986],[-34.9560009,-8.0544582]]}},{"type":"Feature","id":"way/248029602","properties":{"name":"Rua Bernardo Sayão","id":"way/248029602","type":"Baixa velocidade"},"geometry":{"type":"LineString","coordinates":[[-34.9563083,-8.0555356],[-34.9568392,-8.0553436],[-34.9573481,-8.0552042],[-34.9578711,-8.0550588],[-34.9583821,-8.0549207],[-34.9588414,-8.0547979],[-34.9593041,-8.054677]]}},{"type":"Feature","id":"way/248030054","properties":{"name":"Rua Eduardo Dubeux","id":"way/248030054","type":"Baixa velocidade"},"geometry":{"type":"LineString","coordinates":[[-34.9577435,-8.0570413],[-34.9574567,-8.0566608],[-34.9571457,-8.0562254]]}},{"type":"Feature","id":"way/248030947","properties":{"name":"Rua Belém de São Francisco","id":"way/248030947","type":"Baixa velocidade"},"geometry":{"type":"LineString","coordinates":[[-34.9585166,-8.0575318],[-34.9583826,-8.0568627],[-34.9582446,-8.0563721],[-34.9581239,-8.0559133],[-34.9578711,-8.0550588],[-34.9577223,-8.0545403],[-34.9575828,-8.0540191],[-34.9573686,-8.053297]]}},{"type":"Feature","id":"way/248065090","properties":{"name":"Rua Azeredo Coutinho","id":"way/248065090","type":"Ciclorrota"},"geometry":{"type":"LineString","coordinates":[[-34.9593009,-8.0497752],[-34.9588434,-8.0499133],[-34.9582658,-8.0500779]]}},{"type":"Feature","id":"way/248083330","properties":{"name":"Rua Francisco Lacerda","id":"way/248083330","type":"Ciclorrota"},"geometry":{"type":"LineString","coordinates":[[-34.9585102,-8.0513693],[-34.958409,-8.050902],[-34.9583821,-8.0507857],[-34.9583419,-8.0506622],[-34.9582788,-8.0505055],[-34.9581876,-8.0502406],[-34.9581826,-8.0502014],[-34.9581923,-8.0501662],[-34.9582346,-8.0500965],[-34.9582658,-8.0500779]]}},{"type":"Feature","id":"way/250012847","properties":{"id":"way/250012847","type":"Baixa velocidade"},"geometry":{"type":"LineString","coordinates":[[-34.9452487,-8.0163554],[-34.9451436,-8.0166627],[-34.9451299,-8.0166956],[-34.9448348,-8.0175776],[-34.9446854,-8.0180825],[-34.9446116,-8.0183507],[-34.9444695,-8.0188262],[-34.9443702,-8.019105],[-34.944267,-8.0194317],[-34.9442469,-8.0194995],[-34.9440993,-8.0199842],[-34.9440564,-8.0200891],[-34.9440068,-8.0201787],[-34.9439465,-8.0202378],[-34.9438915,-8.0202531],[-34.943811,-8.0202551],[-34.9437325,-8.0202411],[-34.9436414,-8.0202073],[-34.9435515,-8.0201309],[-34.9434717,-8.0200326],[-34.9434368,-8.0199875],[-34.943406,-8.0199304],[-34.9434114,-8.0198454],[-34.9434301,-8.0197843],[-34.9436084,-8.0192559],[-34.9436119,-8.0191552],[-34.9435978,-8.0189608],[-34.9436206,-8.0188547],[-34.943668,-8.0187247],[-34.9437057,-8.0186741],[-34.9437697,-8.0186448],[-34.9438714,-8.0186448]]}},{"type":"Feature","id":"way/250696581","properties":{"name":"Rua Doutora Antônia Dias","id":"way/250696581","type":"Ciclorrota"},"geometry":{"type":"LineString","coordinates":[[-34.9280494,-8.0604016],[-34.9279568,-8.0606094]]}},{"type":"Feature","id":"way/250696582","properties":{"name":"Rua Doutora Antônia Dias","id":"way/250696582","type":"Ciclorrota"},"geometry":{"type":"LineString","coordinates":[[-34.9284599,-8.0602781],[-34.9289277,-8.0601266],[-34.9294036,-8.059965]]}},{"type":"Feature","id":"way/251680266","properties":{"name":"Ponte da Torre","id":"way/251680266","type":"Ciclofaixa"},"geometry":{"type":"LineString","coordinates":[[-34.9041963,-8.0455356],[-34.904233,-8.0455192],[-34.9042954,-8.0454721],[-34.904341,-8.0454203],[-34.9044228,-8.0453347]]}},{"type":"Feature","id":"way/255536652","properties":{"name":"Rua Urubici","id":"way/255536652","type":"Ciclofaixa"},"geometry":{"type":"LineString","coordinates":[[-34.8963544,-8.0730426],[-34.8961897,-8.0729959],[-34.8958894,-8.0729107]]}},{"type":"Feature","id":"way/257938682","properties":{"name":"Rua Marcos André","id":"way/257938682","type":"Ciclofaixa"},"geometry":{"type":"LineString","coordinates":[[-34.9080643,-8.0409061],[-34.9083563,-8.0409559]]}},{"type":"Feature","id":"way/262267980","properties":{"name":"Rua da Aurora","id":"way/262267980","type":"Ciclofaixa"},"geometry":{"type":"LineString","coordinates":[[-34.8808718,-8.0608531],[-34.8808238,-8.0607787]]}},{"type":"Feature","id":"way/262267981","properties":{"name":"Rua da Aurora","id":"way/262267981","type":"Ciclofaixa"},"geometry":{"type":"LineString","coordinates":[[-34.8816055,-8.0619912],[-34.8815842,-8.0619591],[-34.8810219,-8.0610862],[-34.8808996,-8.0608963],[-34.8808718,-8.0608531]]}},{"type":"Feature","id":"way/283996611","properties":{"name":"Rua do Brum","id":"way/283996611","type":"Baixa velocidade"},"geometry":{"type":"LineString","coordinates":[[-34.8716517,-8.0584344],[-34.8715537,-8.0577272],[-34.8715322,-8.0575846],[-34.87147,-8.057142],[-34.8713425,-8.0562691],[-34.8713026,-8.0559962],[-34.8711137,-8.054485],[-34.8710819,-8.0543529],[-34.8710588,-8.0542414],[-34.8710412,-8.0541265]]}},{"type":"Feature","id":"way/283996612","properties":{"name":"Travessa Tiradentes","id":"way/283996612","type":"Baixa velocidade"},"geometry":{"type":"LineString","coordinates":[[-34.8717463,-8.0591351],[-34.8717356,-8.0591381],[-34.8709396,-8.0593618],[-34.8705612,-8.0594601]]}},{"type":"Feature","id":"way/283996614","properties":{"name":"Rua Bernardo Vieira de Melo","id":"way/283996614","type":"Baixa velocidade"},"geometry":{"type":"LineString","coordinates":[[-34.8709396,-8.0593618],[-34.8708693,-8.0589136],[-34.8708306,-8.0586362],[-34.870782,-8.0582834],[-34.8707384,-8.0578826]]}},{"type":"Feature","id":"way/283996615","properties":{"name":"Rua do Moinho","id":"way/283996615","type":"Baixa velocidade"},"geometry":{"type":"LineString","coordinates":[[-34.870782,-8.0582834],[-34.8702947,-8.0584],[-34.8700668,-8.0584664],[-34.8696834,-8.0586016]]}},{"type":"Feature","id":"way/283996616","properties":{"name":"Rua de São Jorge","id":"way/283996616","type":"Baixa velocidade"},"geometry":{"type":"LineString","coordinates":[[-34.8705612,-8.0594601],[-34.8702947,-8.0584],[-34.8702544,-8.0581794],[-34.8702284,-8.057948]]}},{"type":"Feature","id":"way/283996617","properties":{"name":"Rua de São Jorge","id":"way/283996617","type":"Baixa velocidade"},"geometry":{"type":"LineString","coordinates":[[-34.8702284,-8.057948],[-34.8702179,-8.0578792],[-34.8702018,-8.0577862],[-34.870134,-8.0573252],[-34.870074,-8.056501],[-34.8700861,-8.0562622],[-34.8701616,-8.0562711],[-34.8701901,-8.0562648],[-34.8702172,-8.0562536],[-34.8702427,-8.0562253],[-34.8703205,-8.0560248]]}},{"type":"Feature","id":"way/283996618","properties":{"name":"Rua do Ocidente","id":"way/283996618","type":"Baixa velocidade"},"geometry":{"type":"LineString","coordinates":[[-34.87147,-8.057142],[-34.8714406,-8.0571464],[-34.8706655,-8.0572677],[-34.870134,-8.0573252]]}},{"type":"Feature","id":"way/283996620","properties":{"name":"Avenida Barbosa Lima","id":"way/283996620","type":"Baixa velocidade"},"geometry":{"type":"LineString","coordinates":[[-34.8733336,-8.0615277],[-34.872654,-8.0619458],[-34.8722093,-8.0622155],[-34.8719365,-8.0623854],[-34.8716493,-8.0625578],[-34.8716038,-8.0625851],[-34.8715909,-8.062595],[-34.8715197,-8.0626498],[-34.8712638,-8.0628317]]}},{"type":"Feature","id":"way/284811573","properties":{"name":"Rua Vital de Oliveira","id":"way/284811573","type":"Baixa velocidade"},"geometry":{"type":"LineString","coordinates":[[-34.870391,-8.0606709],[-34.8708416,-8.0605152]]}},{"type":"Feature","id":"way/291664951","properties":{"name":"Passarela de Integração Metrô/Aeroporto","id":"way/291664951","type":"Proibido"},"geometry":{"type":"LineString","coordinates":[[-34.9175384,-8.1324681],[-34.9174281,-8.1324307],[-34.917358,-8.1324084],[-34.9160796,-8.1323252],[-34.9152935,-8.1325711],[-34.9144563,-8.1328329],[-34.9144492,-8.1328474],[-34.9144394,-8.1328497]]}},{"type":"Feature","id":"way/294900080","properties":{"name":"Rua Doutor Joaquim dos Santos Souto","id":"way/294900080","type":"Ciclorrota"},"geometry":{"type":"LineString","coordinates":[[-34.9023715,-8.0651963],[-34.9023339,-8.0651996],[-34.9012802,-8.065292]]}},{"type":"Feature","id":"way/305933492","properties":{"name":"Rua Deputado Mário Monteiro","id":"way/305933492","type":"Baixa velocidade"},"geometry":{"type":"LineString","coordinates":[[-34.9118908,-8.024021],[-34.9119375,-8.024103]]}},{"type":"Feature","id":"way/305934826","properties":{"name":"Avenida Professor José dos Anjos","id":"way/305934826","type":"Ciclofaixa"},"geometry":{"type":"LineString","coordinates":[[-34.904337,-8.0263775],[-34.9042511,-8.0264028],[-34.9036845,-8.0265423],[-34.9035577,-8.0265656],[-34.9033348,-8.0265928],[-34.9030093,-8.0266112],[-34.9027136,-8.0265903],[-34.9019551,-8.0265497],[-34.9016284,-8.0265403],[-34.9015393,-8.0265404],[-34.9013358,-8.0265347],[-34.9007586,-8.0265238],[-34.899348,-8.0264806],[-34.8991841,-8.0264839],[-34.898898,-8.0265322]]}},{"type":"Feature","id":"way/305934846","properties":{"name":"Rua Marechal Deodoro","id":"way/305934846","type":"Ciclofaixa"},"geometry":{"type":"LineString","coordinates":[[-34.8875737,-8.0399222],[-34.8875038,-8.0398471]]}},{"type":"Feature","id":"way/306532474","properties":{"name":"Rua Arquiteto Luíz Nunes","id":"way/306532474","type":"Ciclofaixa"},"geometry":{"type":"LineString","coordinates":[[-34.9127774,-8.1011158],[-34.9127512,-8.1009641],[-34.912685,-8.1006084],[-34.9126757,-8.1005478],[-34.9126012,-8.100063],[-34.9125618,-8.0998062]]}},{"type":"Feature","id":"way/306858407","properties":{"name":"Acesso Bom Preço","id":"way/306858407","type":"Baixa velocidade"},"geometry":{"type":"LineString","coordinates":[[-34.8938267,-8.027769],[-34.8938416,-8.0276549],[-34.8938401,-8.0275662],[-34.893824,-8.027537],[-34.8937972,-8.0275111],[-34.8937409,-8.0274882],[-34.893653,-8.0274686],[-34.8935651,-8.0274489],[-34.8933923,-8.0274102],[-34.8932381,-8.0273757],[-34.8931558,-8.0273605]]}},{"type":"Feature","id":"way/307186021","properties":{"name":"Rua Itacari","id":"way/307186021","type":"Ciclofaixa"},"geometry":{"type":"LineString","coordinates":[[-34.9127108,-8.1086528],[-34.9133927,-8.1085306],[-34.9134516,-8.10852],[-34.9135694,-8.1084997],[-34.9142266,-8.1083862],[-34.9149899,-8.1082513],[-34.9157609,-8.1080886],[-34.9158335,-8.1080602],[-34.9158832,-8.1080255],[-34.9159304,-8.1079868],[-34.9159903,-8.1079377]]}},{"type":"Feature","id":"way/311596116","properties":{"name":"Avenida Santos Dumont","id":"way/311596116","type":"Ciclofaixa"},"geometry":{"type":"LineString","coordinates":[[-34.8950474,-8.0311654],[-34.8950733,-8.0311843],[-34.8951506,-8.0312]]}},{"type":"Feature","id":"way/313482025","properties":{"name":"Rua Córrego do Bartolomeu","id":"way/313482025","type":"Baixa velocidade"},"geometry":{"type":"LineString","coordinates":[[-34.9110679,-8.019356],[-34.9111657,-8.019521],[-34.911406,-8.0199723],[-34.9115088,-8.0201528],[-34.9115343,-8.0201975],[-34.9115895,-8.0203217],[-34.9116258,-8.0204928],[-34.9116347,-8.0205582],[-34.9116422,-8.0206645],[-34.9116359,-8.0208531],[-34.9116297,-8.0210382],[-34.9116119,-8.0215713],[-34.9116065,-8.0218852],[-34.9116073,-8.0219163],[-34.9116064,-8.0224622],[-34.9116072,-8.0225161],[-34.9116118,-8.0226381],[-34.9116198,-8.02273],[-34.9116245,-8.0227849],[-34.9116384,-8.0229037],[-34.9116565,-8.0229855],[-34.9117029,-8.0231901],[-34.9117321,-8.0233184],[-34.9118681,-8.0239177],[-34.9118908,-8.024021]]}},{"type":"Feature","id":"way/313482028","properties":{"name":"Praça do Trabalho","id":"way/313482028","type":"Ciclofaixa"},"geometry":{"type":"LineString","coordinates":[[-34.9147265,-8.0236375],[-34.9146608,-8.02368],[-34.9144555,-8.0233784],[-34.9142904,-8.0230823],[-34.9141953,-8.022921]]}},{"type":"Feature","id":"way/314754232","properties":{"name":"Rua Ministro João Alberto","id":"way/314754232","type":"Ciclofaixa"},"geometry":{"type":"LineString","coordinates":[[-34.9446009,-8.0353195],[-34.9444467,-8.034771],[-34.9444856,-8.0340234],[-34.9445017,-8.0333767],[-34.9445231,-8.0326616]]}},{"type":"Feature","id":"way/314754239","properties":{"name":"Avenida Nossa Senhora da Saúde","id":"way/314754239","type":"Ciclofaixa"},"geometry":{"type":"LineString","coordinates":[[-34.929276,-8.0444574],[-34.9295547,-8.0449434],[-34.9298496,-8.0454496],[-34.9298805,-8.0455025]]}},{"type":"Feature","id":"way/314754298","properties":{"name":"Rua Carlos Gomes","id":"way/314754298","type":"Ciclofaixa"},"geometry":{"type":"LineString","coordinates":[[-34.9130998,-8.0624566],[-34.9131313,-8.0625844]]}},{"type":"Feature","id":"way/314850308","properties":{"name":"Rua Padre Roma","id":"way/314850308","type":"Ciclofaixa"},"geometry":{"type":"LineString","coordinates":[[-34.9083949,-8.0327622],[-34.9080981,-8.0327194],[-34.9079546,-8.0327048]]}},{"type":"Feature","id":"way/315073865","properties":{"name":"Avenida Governador Agamenon Magalhães","id":"way/315073865","type":"Ciclofaixa"},"geometry":{"type":"LineString","coordinates":[[-34.8926502,-8.0488122],[-34.8919629,-8.0479572],[-34.8915419,-8.0474096],[-34.8909531,-8.0466427],[-34.8902447,-8.0457205],[-34.8901986,-8.0456763],[-34.8901475,-8.045657],[-34.8901184,-8.0456606],[-34.8900903,-8.0456712],[-34.8900628,-8.0456868],[-34.8900343,-8.0457068],[-34.8900086,-8.0457423],[-34.8900014,-8.0457629],[-34.8899916,-8.0458038],[-34.8899818,-8.0458444]]}},{"type":"Feature","id":"way/315073866","properties":{"name":"Rua Doutor Leopoldo Lins","id":"way/315073866","type":"Ciclofaixa"},"geometry":{"type":"LineString","coordinates":[[-34.8926502,-8.0488122],[-34.8927432,-8.0487586]]}},{"type":"Feature","id":"way/315073914","properties":{"name":"Praça Miguel de Cervantes","id":"way/315073914","type":"Ciclofaixa"},"geometry":{"type":"LineString","coordinates":[[-34.8936801,-8.0673402],[-34.8931817,-8.0662875]]}},{"type":"Feature","id":"way/315669175","properties":{"name":"Rua Salvador de Sá","id":"way/315669175","type":"Ciclorrota"},"geometry":{"type":"LineString","coordinates":[[-34.8951506,-8.0312],[-34.8953366,-8.0311958],[-34.8955202,-8.0312001],[-34.8956583,-8.0312034],[-34.8978947,-8.0312583]]}},{"type":"Feature","id":"way/316156841","properties":{"name":"Rua Doutor José Mariano","id":"way/316156841","type":"Ciclorrota"},"geometry":{"type":"LineString","coordinates":[[-34.8816595,-8.0620738],[-34.8816286,-8.0620269],[-34.8816055,-8.0619912]]}},{"type":"Feature","id":"way/316156842","properties":{"name":"Rua do Hospício","id":"way/316156842","type":"Ciclofaixa"},"geometry":{"type":"LineString","coordinates":[[-34.884044,-8.0608576],[-34.8840645,-8.0609094],[-34.8842856,-8.0614682],[-34.884443,-8.0617512],[-34.8845167,-8.06188],[-34.884634,-8.0620144],[-34.8848739,-8.0622389],[-34.885172,-8.062514],[-34.8852191,-8.0625491],[-34.8852826,-8.0625629],[-34.8853521,-8.0625567]]}},{"type":"Feature","id":"way/316212658","properties":{"name":"Rua do Riachuelo","id":"way/316212658","type":"Ciclorrota"},"geometry":{"type":"LineString","coordinates":[[-34.8814317,-8.0605075],[-34.8809775,-8.0607874],[-34.8808892,-8.0608422],[-34.8808718,-8.0608531]]}},{"type":"Feature","id":"way/316307685","properties":{"name":"Rua Francisco Alves","id":"way/316307685","type":"Ciclofaixa"},"geometry":{"type":"LineString","coordinates":[[-34.8911282,-8.0685321],[-34.8923732,-8.0679486],[-34.8936801,-8.0673402]]}},{"type":"Feature","id":"way/316587817","properties":{"name":"Rua do Futuro","id":"way/316587817","type":"Ciclofaixa"},"geometry":{"type":"LineString","coordinates":[[-34.9039909,-8.0360153],[-34.9039219,-8.0360987],[-34.9037978,-8.0362344]]}},{"type":"Feature","id":"way/316609865","properties":{"name":"Estrada do Arraial","id":"way/316609865","type":"Ciclofaixa"},"geometry":{"type":"LineString","coordinates":[[-34.9074391,-8.0298835],[-34.9077022,-8.0297194],[-34.9079169,-8.0295856],[-34.9082298,-8.0293803],[-34.9085218,-8.0292135],[-34.9085351,-8.0292066],[-34.908728,-8.0291069],[-34.9088774,-8.0290307],[-34.9092854,-8.0288717],[-34.9093691,-8.0288406],[-34.9095057,-8.0287924],[-34.909994,-8.0286145],[-34.9103533,-8.0285166],[-34.9108484,-8.0283764],[-34.9108708,-8.0283708],[-34.9110427,-8.0283244],[-34.9111239,-8.0283036],[-34.9111831,-8.0282875],[-34.9112428,-8.0282699],[-34.9115498,-8.0281792],[-34.9117264,-8.028127],[-34.912028,-8.0280471],[-34.9121021,-8.0280277],[-34.9121498,-8.0280165],[-34.9127887,-8.0278254],[-34.9130744,-8.027743],[-34.9135229,-8.0275907],[-34.9137618,-8.0275096],[-34.9138656,-8.0274744]]}},{"type":"Feature","id":"way/316609895","properties":{"name":"Rua General Abreu e Lima","id":"way/316609895","type":"Ciclovia"},"geometry":{"type":"LineString","coordinates":[[-34.9002492,-8.0350646],[-34.9002851,-8.0351275],[-34.9004036,-8.035335]]}},{"type":"Feature","id":"way/316609908","properties":{"name":"Rua Mem de Sá","id":"way/316609908","type":"Ciclofaixa"},"geometry":{"type":"LineString","coordinates":[[-34.8897473,-8.0296543],[-34.8897174,-8.029651]]}},{"type":"Feature","id":"way/316609909","properties":{"name":"Rua Mem de Sá","id":"way/316609909","type":"Ciclofaixa"},"geometry":{"type":"LineString","coordinates":[[-34.8917136,-8.0299709],[-34.8907448,-8.0298064],[-34.8906302,-8.0297867],[-34.8904548,-8.0297566]]}},{"type":"Feature","id":"way/316614634","properties":{"name":"Rua Marechal Deodoro","id":"way/316614634","type":"Ciclofaixa"},"geometry":{"type":"LineString","coordinates":[[-34.8839151,-8.0364386],[-34.884002,-8.0365126]]}},{"type":"Feature","id":"way/316614635","properties":{"name":"Rua Marechal Deodoro","id":"way/316614635","type":"Ciclorrota"},"geometry":{"type":"LineString","coordinates":[[-34.883225,-8.0357889],[-34.8835577,-8.036107],[-34.8837828,-8.036318],[-34.8839151,-8.0364386]]}},{"type":"Feature","id":"way/316614636","properties":{"name":"Rua Marechal Deodoro","id":"way/316614636","type":"Ciclofaixa"},"geometry":{"type":"LineString","coordinates":[[-34.8862536,-8.0386658],[-34.88581,-8.0382111],[-34.8848823,-8.0373272],[-34.884127,-8.0366203],[-34.8841059,-8.0366069],[-34.8840829,-8.0366013],[-34.8840535,-8.0366041]]}},{"type":"Feature","id":"way/316614641","properties":{"name":"Avenida Agamenon Magalhães - Pista Local","id":"way/316614641","type":"Ciclofaixa"},"geometry":{"type":"LineString","coordinates":[[-34.8827668,-8.0409647],[-34.8816521,-8.0404486],[-34.8814208,-8.0403344]]}},{"type":"Feature","id":"way/316676558","properties":{"name":"Avenida João de Barros","id":"way/316676558","type":"Ciclofaixa"},"geometry":{"type":"LineString","coordinates":[[-34.8897939,-8.048202],[-34.8898002,-8.0483541],[-34.8898575,-8.0486304],[-34.889921,-8.0489368],[-34.8899364,-8.0490591],[-34.8899797,-8.0494034],[-34.8899974,-8.0496183],[-34.890002,-8.0497217],[-34.8900172,-8.0501348],[-34.890018,-8.0502118]]}},{"type":"Feature","id":"way/316676594","properties":{"name":"Rua Floriano Peixoto","id":"way/316676594","type":"Ciclofaixa"},"geometry":{"type":"LineString","coordinates":[[-34.8827609,-8.0666898],[-34.8828451,-8.067013],[-34.8829028,-8.0672143],[-34.8829105,-8.067235],[-34.8829538,-8.0673508]]}},{"type":"Feature","id":"way/316707902","properties":{"name":"Avenida João de Barros","id":"way/316707902","type":"Ciclofaixa"},"geometry":{"type":"LineString","coordinates":[[-34.889955,-8.0531971],[-34.8899094,-8.0534474],[-34.8898231,-8.0538553],[-34.8897815,-8.0542561],[-34.8897574,-8.054434],[-34.8897038,-8.0545879],[-34.8896169,-8.0547753]]}},{"type":"Feature","id":"way/316707910","properties":{"name":"Rua Barão de São Borja","id":"way/316707910","type":"Ciclorrota"},"geometry":{"type":"LineString","coordinates":[[-34.8899684,-8.0604173],[-34.8901853,-8.0604098],[-34.8902839,-8.060413],[-34.8908525,-8.0604339],[-34.8912307,-8.0604783],[-34.8913178,-8.0605017],[-34.891466,-8.0605794]]}},{"type":"Feature","id":"way/316707911","properties":{"name":"Rua Barão de São Borja","id":"way/316707911","type":"Ciclorrota"},"geometry":{"type":"LineString","coordinates":[[-34.891466,-8.0605794],[-34.8920558,-8.0611287]]}},{"type":"Feature","id":"way/316707912","properties":{"name":"Rua Bispo Cardoso Ayres","id":"way/316707912","type":"Ciclofaixa"},"geometry":{"type":"LineString","coordinates":[[-34.8868787,-8.0576239],[-34.8863282,-8.0567248],[-34.8863008,-8.0566816]]}},{"type":"Feature","id":"way/316707918","properties":{"name":"Rua José de Alencar","id":"way/316707918","type":"Ciclofaixa"},"geometry":{"type":"LineString","coordinates":[[-34.890752,-8.0639099],[-34.8900812,-8.0632093]]}},{"type":"Feature","id":"way/316707919","properties":{"name":"Rua João Fernandes Vieira","id":"way/316707919","type":"Ciclofaixa"},"geometry":{"type":"LineString","coordinates":[[-34.8913493,-8.0544488],[-34.8911121,-8.0548057],[-34.8902018,-8.0561357],[-34.8901747,-8.0561713],[-34.8901507,-8.0561993],[-34.8901205,-8.0562189],[-34.8900873,-8.0562309],[-34.8899718,-8.0562396],[-34.8899179,-8.0562436],[-34.889876,-8.0562468]]}},{"type":"Feature","id":"way/316707920","properties":{"name":"Rua João Fernandes Vieira","id":"way/316707920","type":"Ciclofaixa"},"geometry":{"type":"LineString","coordinates":[[-34.8922978,-8.0525787],[-34.8922533,-8.0526789],[-34.8922332,-8.0527242],[-34.8920946,-8.0530365],[-34.8919009,-8.0534082],[-34.8915264,-8.0541072],[-34.8913493,-8.0544488]]}},{"type":"Feature","id":"way/316707924","properties":{"name":"Rua Visconde de Goiana","id":"way/316707924","type":"Ciclorrota"},"geometry":{"type":"LineString","coordinates":[[-34.8907598,-8.0626712],[-34.8905641,-8.0628167],[-34.8900812,-8.0632093]]}},{"type":"Feature","id":"way/316740710","properties":{"name":"Rua Gomes Taborda","id":"way/316740710","type":"Ciclorrota"},"geometry":{"type":"LineString","coordinates":[[-34.9239672,-8.0554399],[-34.9245334,-8.0552615],[-34.9248999,-8.0551212],[-34.9253205,-8.0549809],[-34.925923,-8.0547737],[-34.9265632,-8.0545519],[-34.9271651,-8.0543575],[-34.9273189,-8.0543076],[-34.9278682,-8.0541291]]}},{"type":"Feature","id":"way/316740718","properties":{"name":"Rua Gomes Taborda","id":"way/316740718","type":"Ciclorrota"},"geometry":{"type":"LineString","coordinates":[[-34.9192996,-8.0567133],[-34.9194743,-8.0566625],[-34.9196027,-8.0566257],[-34.9199848,-8.0565103],[-34.920234,-8.0564518],[-34.9205786,-8.0563551],[-34.9207437,-8.056312],[-34.9213897,-8.0561337]]}},{"type":"Feature","id":"way/316740724","properties":{"name":"Rua Isaac Markman","id":"way/316740724","type":"Ciclorrota"},"geometry":{"type":"LineString","coordinates":[[-34.9220154,-8.0641267],[-34.9228018,-8.0638346]]}},{"type":"Feature","id":"way/316740736","properties":{"name":"Rua Vinte e Um de Abril","id":"way/316740736","type":"Ciclorrota"},"geometry":{"type":"LineString","coordinates":[[-34.9173771,-8.0752854],[-34.9170948,-8.0753597]]}},{"type":"Feature","id":"way/316740738","properties":{"name":"Rua Vinte e Um de Abril","id":"way/316740738","type":"Ciclorrota"},"geometry":{"type":"LineString","coordinates":[[-34.9170948,-8.0753597],[-34.9167731,-8.0754438],[-34.9165096,-8.0755044],[-34.9161721,-8.075582],[-34.9159684,-8.0756297],[-34.9157051,-8.0756994],[-34.9155648,-8.0757367],[-34.9150949,-8.0758474],[-34.9150559,-8.0758566],[-34.9149743,-8.0758758],[-34.9144637,-8.0760272],[-34.9141619,-8.0761375],[-34.9139973,-8.0761934],[-34.9134551,-8.0763774],[-34.9130567,-8.0764818],[-34.9129827,-8.0764954],[-34.9129577,-8.0765],[-34.9128418,-8.0765161],[-34.9126397,-8.0765442],[-34.9123024,-8.0765874],[-34.9122155,-8.0765959],[-34.9120273,-8.076609],[-34.9117736,-8.0766332],[-34.9109375,-8.0767449],[-34.9106613,-8.0767743]]}},{"type":"Feature","id":"way/316740741","properties":{"name":"Rua Vinte e Um de Abril","id":"way/316740741","type":"Ciclorrota"},"geometry":{"type":"LineString","coordinates":[[-34.9241904,-8.0729113],[-34.9240632,-8.0729658],[-34.9239653,-8.0730255],[-34.9238936,-8.0730783]]}},{"type":"Feature","id":"way/316989359","properties":{"name":"Rua Senador Alberto Pasqualini","id":"way/316989359","type":"Ciclofaixa"},"geometry":{"type":"LineString","coordinates":[[-34.9340807,-8.0796085],[-34.9346101,-8.079783],[-34.934842,-8.0798454],[-34.9352266,-8.079945]]}},{"type":"Feature","id":"way/316989360","properties":{"name":"Rua Senador Alberto Pasqualini","id":"way/316989360","type":"Ciclofaixa"},"geometry":{"type":"LineString","coordinates":[[-34.9352266,-8.079945],[-34.9355672,-8.0801336],[-34.9358784,-8.0802982],[-34.9361104,-8.0804151],[-34.9364792,-8.0806169],[-34.9370827,-8.0809395],[-34.9373456,-8.0810763],[-34.9379389,-8.0813926]]}},{"type":"Feature","id":"way/317021043","properties":{"name":"Avenida Professor Luiz Freire","id":"way/317021043","type":"Ciclofaixa"},"geometry":{"type":"LineString","coordinates":[[-34.9546112,-8.0569935],[-34.9521903,-8.0577384],[-34.9519563,-8.0578183],[-34.9517697,-8.0578744],[-34.9511989,-8.0580458],[-34.9508593,-8.0581458],[-34.9506861,-8.0581989],[-34.9501568,-8.0583599],[-34.949862,-8.0584561],[-34.94969,-8.0585122],[-34.9495481,-8.0585527],[-34.949368,-8.0586069],[-34.9491004,-8.0586859],[-34.9490105,-8.0587124],[-34.9489169,-8.0587377],[-34.9487955,-8.0587709],[-34.9479598,-8.0590282],[-34.9475936,-8.0591346],[-34.9472455,-8.0592358],[-34.9471184,-8.0592727],[-34.9465181,-8.0594614],[-34.9460598,-8.0595905]]}},{"type":"Feature","id":"way/317078451","properties":{"name":"Avenida do Forte","id":"way/317078451","type":"Ciclofaixa"},"geometry":{"type":"LineString","coordinates":[[-34.9311251,-8.0581332],[-34.930593,-8.0571428],[-34.9301135,-8.0562483],[-34.9300829,-8.0560926],[-34.9300896,-8.0558733],[-34.9300973,-8.0558268],[-34.9301017,-8.0556716],[-34.9300735,-8.0555605],[-34.9300045,-8.0554218],[-34.9298313,-8.0551133],[-34.9296929,-8.0548653],[-34.9294303,-8.0543811],[-34.929176,-8.0539331],[-34.9289458,-8.0535453],[-34.9286302,-8.0529601],[-34.9283089,-8.0523861],[-34.9279897,-8.0518196],[-34.9279398,-8.0517409],[-34.9276623,-8.0512368],[-34.9273442,-8.0506537],[-34.9272092,-8.0504061],[-34.9270226,-8.0500727],[-34.9269393,-8.0499173],[-34.9268502,-8.0497667],[-34.9267042,-8.0495121],[-34.9263844,-8.0489169],[-34.9258147,-8.0479217]]}},{"type":"Feature","id":"way/317078459","properties":{"name":"Rua Doutor Miguel Vieira Ferreira","id":"way/317078459","type":"Ciclorrota"},"geometry":{"type":"LineString","coordinates":[[-34.9383379,-8.0521732],[-34.9384964,-8.0523514]]}},{"type":"Feature","id":"way/317078460","properties":{"name":"Rua Doutor Miguel Vieira Ferreira","id":"way/317078460","type":"Ciclorrota"},"geometry":{"type":"LineString","coordinates":[[-34.9380147,-8.0519886],[-34.9381047,-8.0520188],[-34.9382049,-8.0520741],[-34.9383379,-8.0521732]]}},{"type":"Feature","id":"way/317078461","properties":{"name":"Rua Eduardo Dubeux","id":"way/317078461","type":"Baixa velocidade"},"geometry":{"type":"LineString","coordinates":[[-34.9571457,-8.0562254],[-34.9568392,-8.0553436],[-34.9566152,-8.0544902],[-34.9565649,-8.0542986],[-34.9562896,-8.0533879]]}},{"type":"Feature","id":"way/317078463","properties":{"name":"Rua General Vargas","id":"way/317078463","type":"Ciclofaixa"},"geometry":{"type":"LineString","coordinates":[[-34.9441672,-8.0498934],[-34.9441567,-8.0497531],[-34.9441479,-8.0496328]]}},{"type":"Feature","id":"way/317078468","properties":{"name":"Rua Lindolfo Color","id":"way/317078468","type":"Ciclofaixa"},"geometry":{"type":"LineString","coordinates":[[-34.9429179,-8.0520245],[-34.9423699,-8.0521691],[-34.9413332,-8.0524622]]}},{"type":"Feature","id":"way/317078469","properties":{"name":"Rua Lindolfo Color","id":"way/317078469","type":"Ciclofaixa"},"geometry":{"type":"LineString","coordinates":[[-34.9443038,-8.0516679],[-34.9441164,-8.0517171],[-34.9437158,-8.0518269],[-34.9429179,-8.0520245]]}},{"type":"Feature","id":"way/317078470","properties":{"name":"Rua Doutor Miguel Vieira Ferreira","id":"way/317078470","type":"Ciclorrota"},"geometry":{"type":"LineString","coordinates":[[-34.9392506,-8.0530231],[-34.939131,-8.0530362],[-34.9390287,-8.0530194],[-34.9389371,-8.0529804],[-34.9388991,-8.0529472],[-34.938833,-8.0528865],[-34.9387617,-8.0527926],[-34.9386925,-8.05266],[-34.9386233,-8.0525409],[-34.9384964,-8.0523514]]}},{"type":"Feature","id":"way/317078471","properties":{"name":"Rua Mauricéia","id":"way/317078471","type":"Ciclofaixa"},"geometry":{"type":"LineString","coordinates":[[-34.9438724,-8.0463023],[-34.9439545,-8.0463112],[-34.9446874,-8.0464043]]}},{"type":"Feature","id":"way/317078477","properties":{"name":"Rua Bom Pastor","id":"way/317078477","type":"Baixa velocidade"},"geometry":{"type":"LineString","coordinates":[[-34.9395676,-8.0494241],[-34.9398576,-8.0484583],[-34.9400542,-8.0478122]]}},{"type":"Feature","id":"way/317181017","properties":{"name":"Rua Ministro João Alberto","id":"way/317181017","type":"Ciclofaixa"},"geometry":{"type":"LineString","coordinates":[[-34.9454112,-8.0368916],[-34.9454436,-8.0369381]]}},{"type":"Feature","id":"way/317189750","properties":{"name":"Rua Alegre","id":"way/317189750","type":"Ciclofaixa"},"geometry":{"type":"LineString","coordinates":[[-34.8930888,-8.0211775],[-34.8930473,-8.0210535],[-34.8929229,-8.02071],[-34.8928108,-8.0204271],[-34.8925696,-8.0197845],[-34.8924572,-8.0194595]]}},{"type":"Feature","id":"way/317189755","properties":{"name":"Rua São Bento","id":"way/317189755","type":"Ciclofaixa"},"geometry":{"type":"LineString","coordinates":[[-34.8969261,-8.0237758],[-34.8967978,-8.0237557],[-34.8965127,-8.0236928],[-34.8962705,-8.0236394],[-34.8957163,-8.0235299],[-34.8954447,-8.0234671],[-34.8950224,-8.0233694],[-34.8941127,-8.0232068],[-34.8938826,-8.0231294]]}},{"type":"Feature","id":"way/317208212","properties":{"name":"Rua Souza Bandeira","id":"way/317208212","type":"Ciclofaixa"},"geometry":{"type":"LineString","coordinates":[[-34.9176836,-8.0483424],[-34.9175535,-8.0479586],[-34.9174207,-8.0475735]]}},{"type":"Feature","id":"way/317261156","properties":{"name":"Estrada do Arraial","id":"way/317261156","type":"Ciclofaixa"},"geometry":{"type":"LineString","coordinates":[[-34.9203278,-8.02803],[-34.9204049,-8.0280735],[-34.9209187,-8.0283636],[-34.9211914,-8.0284931]]}},{"type":"Feature","id":"way/317261158","properties":{"name":"Estrada do Encanamento","id":"way/317261158","type":"Ciclofaixa"},"geometry":{"type":"LineString","coordinates":[[-34.9225041,-8.0292236],[-34.9219353,-8.0294068],[-34.9215531,-8.0295164]]}},{"type":"Feature","id":"way/317261159","properties":{"name":"Estrada do Encanamento","id":"way/317261159","type":"Ciclofaixa"},"geometry":{"type":"LineString","coordinates":[[-34.9152662,-8.0315351],[-34.9151366,-8.0315798],[-34.9150919,-8.0315952],[-34.9149614,-8.0316331],[-34.9147469,-8.0316968],[-34.9146966,-8.0317116],[-34.9146665,-8.0317204],[-34.914597,-8.0317454],[-34.9145342,-8.0317663],[-34.9140473,-8.0319243],[-34.913816,-8.0319965],[-34.9136357,-8.0320527],[-34.913547,-8.0320804]]}},{"type":"Feature","id":"way/317261160","properties":{"name":"Estrada do Encanamento","id":"way/317261160","type":"Ciclofaixa"},"geometry":{"type":"LineString","coordinates":[[-34.9129694,-8.0322678],[-34.9124883,-8.0324251],[-34.911911,-8.032614],[-34.911818,-8.0326444],[-34.9112033,-8.0328318],[-34.9105651,-8.0330448]]}},{"type":"Feature","id":"way/317261176","properties":{"name":"Rua Doutor Samuel Lins","id":"way/317261176","type":"Ciclorrota"},"geometry":{"type":"LineString","coordinates":[[-34.9173497,-8.0340367],[-34.916935,-8.0335014]]}},{"type":"Feature","id":"way/317261179","properties":{"name":"Rua Ferreira Lopes","id":"way/317261179","type":"Ciclofaixa"},"geometry":{"type":"LineString","coordinates":[[-34.9108863,-8.0298516],[-34.9103533,-8.0285166]]}},{"type":"Feature","id":"way/317261185","properties":{"name":"Rua Guerra de Holanda","id":"way/317261185","type":"Baixa velocidade"},"geometry":{"type":"LineString","coordinates":[[-34.9242898,-8.0294137],[-34.9243754,-8.0296672],[-34.9244282,-8.0298016],[-34.9244622,-8.0298716],[-34.9245087,-8.0299344],[-34.9249493,-8.030352]]}},{"type":"Feature","id":"way/317261194","properties":{"name":"Rua da Harmonia","id":"way/317261194","type":"Ciclofaixa"},"geometry":{"type":"LineString","coordinates":[[-34.9152662,-8.0315351],[-34.9152962,-8.0316119],[-34.915498,-8.032128],[-34.9156127,-8.0323405]]}},{"type":"Feature","id":"way/317313979","properties":{"name":"Avenida Sebastião Salazar","id":"way/317313979","type":"Ciclorrota"},"geometry":{"type":"LineString","coordinates":[[-34.8882352,-8.0105518],[-34.8881082,-8.0104743],[-34.8879594,-8.0103933],[-34.887659,-8.0102353],[-34.8874216,-8.0101304],[-34.8871681,-8.0100401],[-34.8868503,-8.009975],[-34.8865123,-8.0099498],[-34.8862151,-8.0099642],[-34.8860121,-8.0099976],[-34.8857237,-8.01006],[-34.8854944,-8.0101317],[-34.8853,-8.010218],[-34.8850437,-8.0103563],[-34.884797,-8.0105341]]}},{"type":"Feature","id":"way/317314009","properties":{"name":"Rua Doutor Alberto Wanderley","id":"way/317314009","type":"Ciclofaixa"},"geometry":{"type":"LineString","coordinates":[[-34.8882887,-8.0093536],[-34.8883298,-8.0089311],[-34.888352,-8.008878]]}},{"type":"Feature","id":"way/317314015","properties":{"name":"Avenida Cidade de Monteiro","id":"way/317314015","type":"Ciclofaixa"},"geometry":{"type":"LineString","coordinates":[[-34.887917,-8.0085927],[-34.8879848,-8.0085978],[-34.8880291,-8.0085978],[-34.8880693,-8.0085793],[-34.8881051,-8.0085452],[-34.8881196,-8.0084976],[-34.8881316,-8.0084487]]}},{"type":"Feature","id":"way/317402241","properties":{"name":"Avenida Vereador Otacílio Azevedo","id":"way/317402241","type":"Baixa velocidade"},"geometry":{"type":"LineString","coordinates":[[-34.9191427,-8.0025407],[-34.9194084,-8.002377],[-34.9198079,-8.002183],[-34.9200779,-8.0020552],[-34.9203938,-8.0019203],[-34.9206979,-8.0017905],[-34.9210778,-8.0016283],[-34.9213073,-8.0014848],[-34.9215648,-8.0012909],[-34.9219,-8.0009688],[-34.9220315,-8.000842],[-34.9221586,-8.0007456],[-34.9222557,-8.0006951],[-34.922335,-8.0006558],[-34.9223873,-8.0006314]]}},{"type":"Feature","id":"way/317402246","properties":{"name":"Rotatória do Açude de Apipucos","id":"way/317402246","type":"Ciclorrota"},"geometry":{"type":"LineString","coordinates":[[-34.9330433,-8.0183795],[-34.9330709,-8.0183656],[-34.9331256,-8.0183658],[-34.9331628,-8.0184024],[-34.9331712,-8.0184484],[-34.9331587,-8.0184902],[-34.9331426,-8.0185195],[-34.9331151,-8.0185415],[-34.9330803,-8.0185433],[-34.9330568,-8.018537],[-34.9330274,-8.0185219],[-34.9330144,-8.0184897],[-34.9330143,-8.0184526],[-34.9330218,-8.0184156],[-34.9330433,-8.0183795]]}},{"type":"Feature","id":"way/317402247","properties":{"name":"Rua Coronel João Batista do Rego Barros","id":"way/317402247","type":"Ciclofaixa"},"geometry":{"type":"LineString","coordinates":[[-34.9305556,-8.0162456],[-34.9309397,-8.0165668],[-34.9309517,-8.0165771]]}},{"type":"Feature","id":"way/318003837","properties":{"name":"Avenida General San Martin","id":"way/318003837","type":"Ciclofaixa"},"geometry":{"type":"LineString","coordinates":[[-34.9295584,-8.0733378],[-34.9296281,-8.0735132],[-34.9299547,-8.0742342],[-34.9302267,-8.0749344],[-34.9302652,-8.0750587],[-34.9302777,-8.0751337]]}},{"type":"Feature","id":"way/318121911","properties":{"name":"Avenida Professor José dos Anjos","id":"way/318121911","type":"Ciclofaixa"},"geometry":{"type":"LineString","coordinates":[[-34.8830176,-8.024272],[-34.88416,-8.0247736],[-34.8850022,-8.0252343],[-34.8850851,-8.0252784],[-34.8853627,-8.0254259],[-34.8856232,-8.0255643],[-34.8859061,-8.0257489],[-34.886133,-8.0259313],[-34.8869018,-8.0264474],[-34.887542,-8.0268625],[-34.887991,-8.0270938]]}},{"type":"Feature","id":"way/318205720","properties":{"name":"Rua Amaro Coutinho","id":"way/318205720","type":"Ciclofaixa"},"geometry":{"type":"LineString","coordinates":[[-34.8951537,-8.0332536],[-34.8952054,-8.0332119],[-34.895269,-8.0331614],[-34.8954997,-8.0330044],[-34.8959068,-8.032754],[-34.8959693,-8.0327156]]}},{"type":"Feature","id":"way/318227908","properties":{"name":"Rua da Aurora","id":"way/318227908","type":"Ciclofaixa"},"geometry":{"type":"LineString","coordinates":[[-34.8808238,-8.0607787],[-34.8800797,-8.0596237],[-34.8800539,-8.0595836],[-34.8800006,-8.0595009]]}},{"type":"Feature","id":"way/318738696","properties":{"name":"Rua Carlos Gomes","id":"way/318738696","type":"Ciclofaixa"},"geometry":{"type":"LineString","coordinates":[[-34.9119362,-8.0589791],[-34.9121373,-8.0592288],[-34.9121496,-8.0592533],[-34.9121921,-8.0593584],[-34.9122845,-8.0595868],[-34.9124446,-8.060189],[-34.9124928,-8.0603444],[-34.912582,-8.0606207],[-34.9126446,-8.0608436],[-34.9127071,-8.0610469],[-34.9127626,-8.061257],[-34.9128396,-8.0615024],[-34.9129399,-8.0618548],[-34.9130317,-8.0622003],[-34.9130843,-8.0623953],[-34.9130998,-8.0624566]]}},{"type":"Feature","id":"way/318869508","properties":{"name":"Avenida Afonso Olindense","id":"way/318869508","type":"Ciclorrota"},"geometry":{"type":"LineString","coordinates":[[-34.9557636,-8.031368],[-34.9557832,-8.0314238],[-34.9558117,-8.031533],[-34.9558333,-8.0316311],[-34.9558447,-8.031746],[-34.9558407,-8.0318748],[-34.9558273,-8.0320408],[-34.9558172,-8.0320895],[-34.955779,-8.0322732],[-34.9557187,-8.0325208],[-34.9556731,-8.0326424],[-34.9555872,-8.0328017],[-34.9554852,-8.0329315],[-34.9553001,-8.0331986]]}},{"type":"Feature","id":"way/318895501","properties":{"name":"Rua Couto Magalhães","id":"way/318895501","type":"Ciclorrota"},"geometry":{"type":"LineString","coordinates":[[-34.894455,-8.0304295],[-34.8945263,-8.0304262],[-34.8947515,-8.0304189]]}},{"type":"Feature","id":"way/318895503","properties":{"name":"Avenida Professor José dos Anjos","id":"way/318895503","type":"Ciclofaixa"},"geometry":{"type":"LineString","coordinates":[[-34.8951757,-8.0282599],[-34.8950578,-8.0282521]]}},{"type":"Feature","id":"way/318895504","properties":{"name":"Avenida Professor José dos Anjos","id":"way/318895504","type":"Ciclofaixa"},"geometry":{"type":"LineString","coordinates":[[-34.894797,-8.0282372],[-34.8943027,-8.0281972],[-34.8940742,-8.0281661],[-34.8935263,-8.0281154],[-34.8931684,-8.0280943],[-34.8931174,-8.0280915],[-34.8929106,-8.0280789]]}},{"type":"Feature","id":"way/319293361","properties":{"name":"Rua General Edson Amâncio Ramalho","id":"way/319293361","type":"Ciclofaixa"},"geometry":{"type":"LineString","coordinates":[[-34.9015918,-8.1271073],[-34.9015539,-8.1267079],[-34.901532,-8.1262675],[-34.9014707,-8.1254445],[-34.9014624,-8.125322],[-34.9014293,-8.1248617],[-34.9014125,-8.1246031],[-34.901411,-8.124581],[-34.9014042,-8.124483],[-34.9013989,-8.1244213],[-34.9013698,-8.1239332],[-34.9013315,-8.1234962],[-34.9013248,-8.1234306],[-34.901318,-8.1233628],[-34.9013119,-8.1232926],[-34.9012018,-8.1220431],[-34.901175,-8.1215465],[-34.901174,-8.1215332],[-34.901159,-8.1213724]]}},{"type":"Feature","id":"way/319293365","properties":{"name":"Avenida Pinheiros","id":"way/319293365","type":"Ciclofaixa"},"geometry":{"type":"LineString","coordinates":[[-34.9155941,-8.0905499],[-34.9162073,-8.0906098],[-34.9165678,-8.0906947],[-34.9167569,-8.0907624],[-34.9170721,-8.0909589],[-34.9172303,-8.0911143],[-34.9173966,-8.091344],[-34.9176423,-8.0919505],[-34.9178671,-8.0925146],[-34.9180423,-8.0930081]]}},{"type":"Feature","id":"way/319318739","properties":{"name":"Ponte Buarque de Macedo","id":"way/319318739","type":"Ciclofaixa"},"geometry":{"type":"LineString","coordinates":[[-34.8764167,-8.0616331],[-34.8765324,-8.0616035]]}},{"type":"Feature","id":"way/319318740","properties":{"name":"Ponte Conde Maurício de Nassau","id":"way/319318740","type":"Baixa velocidade"},"geometry":{"type":"LineString","coordinates":[[-34.8745145,-8.0637775],[-34.8745087,-8.0637768],[-34.874436,-8.0637652]]}},{"type":"Feature","id":"way/319318741","properties":{"name":"Ponte Conde Maurício de Nassau","id":"way/319318741","type":"Ciclofaixa"},"geometry":{"type":"LineString","coordinates":[[-34.8761431,-8.0640692],[-34.8745145,-8.0637775]]}},{"type":"Feature","id":"way/319318746","properties":{"name":"Ponte Princesa Isabel","id":"way/319318746","type":"Ciclofaixa"},"geometry":{"type":"LineString","coordinates":[[-34.8787932,-8.060271],[-34.8787695,-8.0602847]]}},{"type":"Feature","id":"way/319318748","properties":{"name":"Ponte da Boa Vista","id":"way/319318748","type":"Baixa velocidade"},"geometry":{"type":"LineString","coordinates":[[-34.8825186,-8.0634095],[-34.8823824,-8.0634517]]}},{"type":"Feature","id":"way/319318749","properties":{"name":"Ponte da Boa Vista","id":"way/319318749","type":"Ciclofaixa"},"geometry":{"type":"LineString","coordinates":[[-34.8823824,-8.0634517],[-34.8810822,-8.063806]]}},{"type":"Feature","id":"way/319318752","properties":{"name":"Rua Nova","id":"way/319318752","type":"Calçada compartilhada"},"geometry":{"type":"LineString","coordinates":[[-34.8803481,-8.0640381],[-34.8793667,-8.064307],[-34.8791896,-8.0643545],[-34.8787819,-8.0644703],[-34.8786958,-8.0644763],[-34.8786482,-8.064471],[-34.8786132,-8.0644661]]}},{"type":"Feature","id":"way/319476043","properties":{"name":"Avenida Dantas Barreto","id":"way/319476043","type":"Ciclofaixa"},"geometry":{"type":"LineString","coordinates":[[-34.8834029,-8.0712793],[-34.8840813,-8.072108],[-34.8841302,-8.0721678],[-34.8841674,-8.0722132]]}},{"type":"Feature","id":"way/319476046","properties":{"name":"Avenida Dantas Barreto","id":"way/319476046","type":"Ciclofaixa"},"geometry":{"type":"LineString","coordinates":[[-34.8834029,-8.0712793],[-34.8825242,-8.0701955],[-34.8824441,-8.0700988]]}},{"type":"Feature","id":"way/320212004","properties":{"name":"Rua Barão de São Borja","id":"way/320212004","type":"Ciclorrota"},"geometry":{"type":"LineString","coordinates":[[-34.8879481,-8.0619834],[-34.887979,-8.0619641],[-34.8881363,-8.0618528],[-34.8888196,-8.0613097],[-34.8890298,-8.0611509],[-34.8895688,-8.0607379],[-34.8899241,-8.060451],[-34.8899684,-8.0604173]]}},{"type":"Feature","id":"way/320212005","properties":{"name":"Rua Doutor Carlos Chagas","id":"way/320212005","type":"Ciclorrota"},"geometry":{"type":"LineString","coordinates":[[-34.8896203,-8.0477566],[-34.889721,-8.0478139],[-34.8897562,-8.0478504],[-34.8898089,-8.0479263]]}},{"type":"Feature","id":"way/320810719","properties":{"name":"Rua Pampulha","id":"way/320810719","type":"Baixa velocidade"},"geometry":{"type":"LineString","coordinates":[[-34.9159701,-8.1093237],[-34.9152183,-8.1094537],[-34.9144602,-8.1095773],[-34.913682,-8.1097144]]}},{"type":"Feature","id":"way/328629872","properties":{"name":"Avenida Queixeramobim","id":"way/328629872","type":"Baixa velocidade"},"geometry":{"type":"LineString","coordinates":[[-34.9541087,-8.1222004],[-34.9540234,-8.1221757],[-34.9539658,-8.1221511],[-34.9538902,-8.1221214],[-34.9538274,-8.1220932],[-34.9537435,-8.1220498],[-34.9537325,-8.1220428]]}},{"type":"Feature","id":"way/339199758","properties":{"name":"Avenida República Árabe Unida","id":"way/339199758","type":"Ciclofaixa"},"geometry":{"type":"LineString","coordinates":[[-34.8885884,-8.0872606],[-34.8886261,-8.0872188],[-34.8886559,-8.0871796],[-34.8888275,-8.0869543]]}},{"type":"Feature","id":"way/358981364","properties":{"name":"Rua do Apolo","id":"way/358981364","type":"Baixa velocidade"},"geometry":{"type":"LineString","coordinates":[[-34.8731726,-8.0625725],[-34.8731449,-8.0625207],[-34.8731217,-8.06249],[-34.8731013,-8.0624603],[-34.8729263,-8.0622485]]}},{"type":"Feature","id":"way/359667808","properties":{"name":"Avenida General Mac Artur","id":"way/359667808","type":"Ciclofaixa"},"geometry":{"type":"LineString","coordinates":[[-34.9016075,-8.1126356],[-34.9016642,-8.1126088]]}},{"type":"Feature","id":"way/365099345","properties":{"name":"Rua Primavera","id":"way/365099345","type":"Baixa velocidade"},"geometry":{"type":"LineString","coordinates":[[-34.8720657,-8.0559111],[-34.8713026,-8.0559962],[-34.8712737,-8.056],[-34.8705778,-8.0560911]]}},{"type":"Feature","id":"way/365099346","properties":{"name":"Avenida Militar","id":"way/365099346","type":"Baixa velocidade"},"geometry":{"type":"LineString","coordinates":[[-34.8699893,-8.0551324],[-34.8700482,-8.0551358],[-34.8700836,-8.0551361],[-34.8701273,-8.0551368],[-34.8701833,-8.0551362],[-34.8702263,-8.055122],[-34.8702665,-8.0550944],[-34.8703205,-8.0550316],[-34.8704056,-8.0549327],[-34.8704807,-8.0548676],[-34.8705448,-8.0548118],[-34.8706461,-8.054736]]}},{"type":"Feature","id":"way/365099351","properties":{"name":"Travessa do Amorim","id":"way/365099351","type":"Baixa velocidade"},"geometry":{"type":"LineString","coordinates":[[-34.8734122,-8.0654182],[-34.8727246,-8.0653145],[-34.8724124,-8.0652643]]}},{"type":"Feature","id":"way/365099352","properties":{"name":"Rua dos Arrecifes","id":"way/365099352","type":"Baixa velocidade"},"geometry":{"type":"LineString","coordinates":[[-34.8727724,-8.0650246],[-34.8724515,-8.0649633],[-34.872362,-8.0649424],[-34.8723265,-8.064932],[-34.8722611,-8.0649801]]}},{"type":"Feature","id":"way/365099353","properties":{"name":"Rua Edgar Werneck","id":"way/365099353","type":"Baixa velocidade"},"geometry":{"type":"LineString","coordinates":[[-34.8702284,-8.057948],[-34.8707384,-8.0578826]]}},{"type":"Feature","id":"way/365099354","properties":{"name":"Rua de São Jorge","id":"way/365099354","type":"Baixa velocidade"},"geometry":{"type":"LineString","coordinates":[[-34.8700861,-8.0562622],[-34.870072,-8.0562406],[-34.870064,-8.0562084],[-34.8700761,-8.0561374],[-34.870117,-8.0560026],[-34.8701331,-8.055982]]}},{"type":"Feature","id":"way/365099355","properties":{"name":"Rua da Assembleia","id":"way/365099355","type":"Baixa velocidade"},"geometry":{"type":"LineString","coordinates":[[-34.8725005,-8.0641865],[-34.8725683,-8.0638536]]}},{"type":"Feature","id":"way/366223352","properties":{"name":"Rua da Assembleia","id":"way/366223352","type":"Baixa velocidade"},"geometry":{"type":"LineString","coordinates":[[-34.8723265,-8.064932],[-34.8723369,-8.0648883],[-34.8723476,-8.0648455],[-34.87236,-8.0648061],[-34.8723696,-8.0647602],[-34.8724232,-8.0645132],[-34.8725005,-8.0641865]]}},{"type":"Feature","id":"way/366223353","properties":{"name":"Rua Tomazina","id":"way/366223353","type":"Baixa velocidade"},"geometry":{"type":"LineString","coordinates":[[-34.8725005,-8.0641865],[-34.8726989,-8.0642217],[-34.8729041,-8.0642542],[-34.8731815,-8.064254],[-34.873574,-8.0642516]]}},{"type":"Feature","id":"way/366223354","properties":{"name":"Rua da Guia","id":"way/366223354","type":"Baixa velocidade"},"geometry":{"type":"LineString","coordinates":[[-34.8714395,-8.0606439],[-34.8715317,-8.0609454],[-34.871591,-8.0611393],[-34.871639,-8.0612652]]}},{"type":"Feature","id":"way/366223355","properties":{"name":"Rua Barão Rodrigues Mendes","id":"way/366223355","type":"Baixa velocidade"},"geometry":{"type":"LineString","coordinates":[[-34.871639,-8.0612652],[-34.8713731,-8.0613733],[-34.8711011,-8.0614839]]}},{"type":"Feature","id":"way/366223356","properties":{"name":"Rua do Bom Jesus","id":"way/366223356","type":"Calçada compartilhada"},"geometry":{"type":"LineString","coordinates":[[-34.8711011,-8.0614839],[-34.8714938,-8.0623488],[-34.8715843,-8.0625431],[-34.8716038,-8.0625851],[-34.8716148,-8.0626007],[-34.8716376,-8.062633],[-34.871657,-8.0626554],[-34.871679,-8.0626768],[-34.8719385,-8.0629298],[-34.872259,-8.0632968],[-34.8723372,-8.0633798]]}},{"type":"Feature","id":"way/367047410","properties":{"name":"Travessa do Apolo","id":"way/367047410","type":"Baixa velocidade"},"geometry":{"type":"LineString","coordinates":[[-34.8729263,-8.0622485],[-34.8729525,-8.0622329],[-34.8735512,-8.0618769]]}},{"type":"Feature","id":"way/367047411","properties":{"name":"Rua Itaiópolis","id":"way/367047411","type":"Baixa velocidade"},"geometry":{"type":"LineString","coordinates":[[-34.8723687,-8.0624918],[-34.8728786,-8.0621987]]}},{"type":"Feature","id":"way/367047412","properties":{"name":"Rua do Apolo","id":"way/367047412","type":"Baixa velocidade"},"geometry":{"type":"LineString","coordinates":[[-34.8729263,-8.0622485],[-34.8728786,-8.0621987],[-34.8727553,-8.0620719],[-34.872729,-8.0620403],[-34.8726922,-8.0619962],[-34.872654,-8.0619458],[-34.8726071,-8.0618774],[-34.8723472,-8.0614781],[-34.872188,-8.0612433],[-34.8720995,-8.0611112],[-34.8720531,-8.0610369],[-34.8719653,-8.060912],[-34.8719106,-8.0608295],[-34.8718748,-8.0607594],[-34.8718446,-8.0606775],[-34.8718031,-8.0605382]]}},{"type":"Feature","id":"way/367047413","properties":{"name":"Praça do Arsenal","id":"way/367047413","type":"Baixa velocidade"},"geometry":{"type":"LineString","coordinates":[[-34.8709795,-8.0609831],[-34.8709537,-8.0609913],[-34.8705504,-8.0611197]]}},{"type":"Feature","id":"way/367047414","properties":{"name":"Rua da Guia","id":"way/367047414","type":"Baixa velocidade"},"geometry":{"type":"LineString","coordinates":[[-34.871639,-8.0612652],[-34.871674,-8.0613333],[-34.8719538,-8.0617959],[-34.8720993,-8.062039],[-34.8721886,-8.0621857],[-34.8722093,-8.0622155],[-34.8722159,-8.0622266],[-34.8722214,-8.0622367],[-34.8722797,-8.0623387],[-34.8723687,-8.0624918]]}},{"type":"Feature","id":"way/367047415","properties":{"name":"Rua do Bom Jesus","id":"way/367047415","type":"Baixa velocidade"},"geometry":{"type":"LineString","coordinates":[[-34.8711011,-8.0614839],[-34.8710901,-8.0614391],[-34.8710783,-8.0613909],[-34.8710424,-8.0612447],[-34.8710114,-8.0611157],[-34.8709992,-8.0610652],[-34.8709795,-8.0609831]]}},{"type":"Feature","id":"way/367517837","properties":{"name":"Rua Benfica","id":"way/367517837","type":"Ciclofaixa"},"geometry":{"type":"LineString","coordinates":[[-34.9014048,-8.0624831],[-34.9014488,-8.0624524],[-34.9014786,-8.0624287],[-34.9015072,-8.062407],[-34.9015257,-8.0623912],[-34.9015565,-8.0623713],[-34.9018277,-8.0622366],[-34.9018566,-8.0622346],[-34.901913,-8.0622273]]}},{"type":"Feature","id":"way/367517838","properties":{"name":"Rua Doutor José Mariano","id":"way/367517838","type":"Ciclorrota"},"geometry":{"type":"LineString","coordinates":[[-34.8825186,-8.0634095],[-34.8824843,-8.0633562],[-34.8820056,-8.0626132],[-34.8818853,-8.0624264],[-34.8817297,-8.0621849],[-34.881708,-8.0621512],[-34.8816595,-8.0620738]]}},{"type":"Feature","id":"way/367541709","properties":{"name":"Rua Vigário Tenório","id":"way/367541709","type":"Baixa velocidade"},"geometry":{"type":"LineString","coordinates":[[-34.874436,-8.0637652],[-34.8742741,-8.0639952],[-34.8742405,-8.0640112],[-34.8742023,-8.0640192],[-34.873852,-8.0640044],[-34.8736061,-8.0639714]]}},{"type":"Feature","id":"way/367630237","properties":{"name":"Beco do Estudante","id":"way/367630237","type":"Calçada compartilhada"},"geometry":{"type":"LineString","coordinates":[[-34.8876826,-8.057153],[-34.888387,-8.058372]]}},{"type":"Feature","id":"way/367645794","properties":{"name":"Rua Paulino Câmara","id":"way/367645794","type":"Baixa velocidade"},"geometry":{"type":"LineString","coordinates":[[-34.8838766,-8.0470779],[-34.8830294,-8.0477104]]}},{"type":"Feature","id":"way/367994064","properties":{"name":"Rua Arquiteto Luíz Nunes","id":"way/367994064","type":"Ciclofaixa"},"geometry":{"type":"LineString","coordinates":[[-34.9106925,-8.0909488],[-34.9108955,-8.0918377],[-34.9110003,-8.0923119],[-34.9111048,-8.0927816]]}},{"type":"Feature","id":"way/367994067","properties":{"name":"Rua Engenheiro José Brandão Cavalcante","id":"way/367994067","type":"Ciclorrota"},"geometry":{"type":"LineString","coordinates":[[-34.9168943,-8.0956384],[-34.9169287,-8.0957917],[-34.9170304,-8.0962449],[-34.9171894,-8.0969129]]}},{"type":"Feature","id":"way/367994070","properties":{"name":"Rua Padre Carlos Leôncio","id":"way/367994070","type":"Ciclofaixa"},"geometry":{"type":"LineString","coordinates":[[-34.9147419,-8.0967744],[-34.9146995,-8.0965529]]}},{"type":"Feature","id":"way/368075236","properties":{"name":"Avenida Governador Agamenon Magalhães","id":"way/368075236","type":"Ciclofaixa"},"geometry":{"type":"LineString","coordinates":[[-34.8898546,-8.044284],[-34.8892427,-8.0439396],[-34.8876612,-8.0432149],[-34.8868391,-8.0428481]]}},{"type":"Feature","id":"way/369013591","properties":{"name":"Avenida João de Barros","id":"way/369013591","type":"Ciclofaixa"},"geometry":{"type":"LineString","coordinates":[[-34.8899818,-8.0458444],[-34.8899493,-8.0462412],[-34.8899257,-8.0465293],[-34.8898645,-8.0471835],[-34.8898089,-8.0479263]]}},{"type":"Feature","id":"way/369014580","properties":{"name":"Rua Engenheiro José Brandão Cavalcante","id":"way/369014580","type":"Ciclorrota"},"geometry":{"type":"LineString","coordinates":[[-34.9132063,-8.0923026],[-34.9124211,-8.0924946],[-34.9117693,-8.0926359],[-34.9111048,-8.0927816]]}},{"type":"Feature","id":"way/369612034","properties":{"name":"Avenida Governador Agamenon Magalhães","id":"way/369612034","type":"Ciclofaixa"},"geometry":{"type":"LineString","coordinates":[[-34.8746616,-8.0371919],[-34.8745607,-8.0374086],[-34.8745241,-8.0374901]]}},{"type":"Feature","id":"way/369613413","properties":{"name":"Avenida Agostinho Gomes","id":"way/369613413","type":"Ciclofaixa"},"geometry":{"type":"LineString","coordinates":[[-34.89234,-8.0724161],[-34.8930051,-8.0724066],[-34.8932396,-8.0723913],[-34.8934047,-8.0723879]]}},{"type":"Feature","id":"way/371666445","properties":{"name":"Rua Padre Roma","id":"way/371666445","type":"Ciclofaixa"},"geometry":{"type":"LineString","coordinates":[[-34.9054715,-8.034135],[-34.9055935,-8.0340779],[-34.9056619,-8.0340792],[-34.9057183,-8.0341031],[-34.9057773,-8.0341562],[-34.9058149,-8.0341964],[-34.905867,-8.0342596]]}},{"type":"Feature","id":"way/372986496","properties":{"name":"Rua Édson Alvares","id":"way/372986496","type":"Ciclorrota"},"geometry":{"type":"LineString","coordinates":[[-34.9183748,-8.0333109],[-34.9181027,-8.033493],[-34.9178852,-8.0336463],[-34.917756,-8.0337373],[-34.9175971,-8.0338544],[-34.9173497,-8.0340367]]}},{"type":"Feature","id":"way/374136668","properties":{"name":"Rua Doutor Afrânio Peixoto","id":"way/374136668","type":"Baixa velocidade"},"geometry":{"type":"LineString","coordinates":[[-34.8691637,-8.0499312],[-34.8693099,-8.0498774],[-34.8693797,-8.0498356],[-34.8694674,-8.0497571]]}},{"type":"Feature","id":"way/374136672","properties":{"name":"Rua Doutor Afrânio Peixoto","id":"way/374136672","type":"Baixa velocidade"},"geometry":{"type":"LineString","coordinates":[[-34.8692416,-8.0560574],[-34.8692925,-8.0559737],[-34.8693274,-8.0558861],[-34.8693556,-8.0556948],[-34.8693652,-8.0554458],[-34.8693757,-8.0551717],[-34.8693918,-8.0547813],[-34.8694092,-8.0545276],[-34.8695058,-8.0532144],[-34.8695299,-8.0529461],[-34.8695527,-8.052735],[-34.8695822,-8.0524668],[-34.8696479,-8.0515651],[-34.8697136,-8.0507312],[-34.8697096,-8.050471],[-34.8696788,-8.0503661],[-34.8695929,-8.0502293],[-34.8694588,-8.0500978],[-34.8693253,-8.0500171],[-34.8691637,-8.0499312]]}},{"type":"Feature","id":"way/374136677","properties":{"name":"Rua Doutor Afrânio Peixoto","id":"way/374136677","type":"Baixa velocidade"},"geometry":{"type":"LineString","coordinates":[[-34.8681177,-8.0528466],[-34.8687327,-8.0528883],[-34.8690096,-8.0529092],[-34.8695299,-8.0529461],[-34.8696265,-8.0529568]]}},{"type":"Feature","id":"way/374136679","properties":{"name":"Rua Doutor Afrânio Peixoto","id":"way/374136679","type":"Baixa velocidade"},"geometry":{"type":"LineString","coordinates":[[-34.869546,-8.0498389],[-34.8696949,-8.0501855],[-34.8697633,-8.0503886],[-34.8697767,-8.0505241],[-34.8697477,-8.0512042],[-34.869668,-8.0525876],[-34.8696587,-8.0527005],[-34.8696372,-8.0528572],[-34.8696265,-8.0529568],[-34.8696037,-8.0532223],[-34.8695031,-8.0546565],[-34.8694924,-8.0547839],[-34.8694503,-8.0554545],[-34.8694454,-8.0555541],[-34.8694186,-8.0558051],[-34.8694059,-8.0558841],[-34.8693797,-8.0559581],[-34.8693529,-8.0559986],[-34.8693083,-8.0560305],[-34.8692416,-8.0560574]]}},{"type":"Feature","id":"way/374136680","properties":{"name":"Rua Doutor Afrânio Peixoto","id":"way/374136680","type":"Baixa velocidade"},"geometry":{"type":"LineString","coordinates":[[-34.8681713,-8.0474968],[-34.8677743,-8.0466147],[-34.8676913,-8.0464302],[-34.8676443,-8.0463611],[-34.8675732,-8.0463266],[-34.8674753,-8.0463425],[-34.8673426,-8.0464063],[-34.8673211,-8.0464501],[-34.8673144,-8.0465178],[-34.8678133,-8.047628]]}},{"type":"Feature","id":"way/374136681","properties":{"name":"Rua Doutor Afrânio Peixoto","id":"way/374136681","type":"Baixa velocidade"},"geometry":{"type":"LineString","coordinates":[[-34.8692416,-8.0560574],[-34.8690461,-8.0561268],[-34.8689687,-8.0561556],[-34.8688272,-8.0562087],[-34.8687313,-8.0562492],[-34.8685757,-8.056305],[-34.8684604,-8.0563488],[-34.8684181,-8.0563349],[-34.8683906,-8.056303],[-34.8683544,-8.0562054],[-34.8679648,-8.0550229],[-34.8679353,-8.0548583],[-34.8679353,-8.0547282],[-34.8679434,-8.0546432],[-34.8679742,-8.0543431],[-34.8681177,-8.0528466],[-34.8681365,-8.0526753],[-34.8681472,-8.0525743],[-34.8682129,-8.0517179],[-34.8682403,-8.0504765],[-34.8682939,-8.0499719],[-34.8683154,-8.0498229],[-34.8683047,-8.0497329],[-34.8682242,-8.0494938],[-34.8676395,-8.0482137],[-34.8675376,-8.0479747],[-34.8674652,-8.0477875],[-34.8675483,-8.047741],[-34.8676658,-8.0476864],[-34.8678133,-8.047628],[-34.8681713,-8.0474968]]}},{"type":"Feature","id":"way/374136682","properties":{"name":"Rua Doutor Afrânio Peixoto","id":"way/374136682","type":"Baixa velocidade"},"geometry":{"type":"LineString","coordinates":[[-34.8691637,-8.0499312],[-34.8683154,-8.0498229]]}},{"type":"Feature","id":"way/374690787","properties":{"name":"Rua Paula Batista","id":"way/374690787","type":"Ciclofaixa"},"geometry":{"type":"LineString","coordinates":[[-34.9151622,-8.0249352],[-34.9149945,-8.0244027],[-34.9148568,-8.023887]]}},{"type":"Feature","id":"way/374896669","properties":{"name":"Rua Sebastião Alves","id":"way/374896669","type":"Ciclofaixa"},"geometry":{"type":"LineString","coordinates":[[-34.9069198,-8.0325188],[-34.9062857,-8.0318284],[-34.9060467,-8.0315772],[-34.9059222,-8.0314464],[-34.9055403,-8.0310451],[-34.905474,-8.0309766]]}},{"type":"Feature","id":"way/374896671","properties":{"name":"Rua Padre Roma","id":"way/374896671","type":"Ciclofaixa"},"geometry":{"type":"LineString","coordinates":[[-34.9071993,-8.032805],[-34.907282,-8.0325967]]}},{"type":"Feature","id":"way/374897775","properties":{"name":"Rua General Abreu e Lima","id":"way/374897775","type":"Ciclofaixa"},"geometry":{"type":"LineString","coordinates":[[-34.8986017,-8.0324213],[-34.8983588,-8.0320399]]}},{"type":"Feature","id":"way/375748427","properties":{"name":"Avenida Beira Rio","id":"way/375748427","type":"Ciclofaixa"},"geometry":{"type":"LineString","coordinates":[[-34.9050879,-8.0432406],[-34.9051282,-8.0430055],[-34.9051443,-8.0428409],[-34.905159,-8.0425925],[-34.9051684,-8.04208],[-34.9051698,-8.0416643],[-34.9051939,-8.0413961],[-34.9052234,-8.0411823],[-34.9052864,-8.0409366],[-34.9054071,-8.0406166],[-34.9054688,-8.0405011],[-34.9054983,-8.0404785],[-34.9055332,-8.0404639],[-34.9055815,-8.0404586]]}},{"type":"Feature","id":"way/377679152","properties":{"name":"Rua General Labatut","id":"way/377679152","type":"Ciclovia"},"geometry":{"type":"LineString","coordinates":[[-34.9026292,-8.00009],[-34.9027179,-8.0000313],[-34.9028663,-7.9999404],[-34.903034,-7.9998336],[-34.9032034,-7.9997266],[-34.9033829,-7.9995944]]}},{"type":"Feature","id":"way/377688669","properties":{"name":"Rua Monte Pavão","id":"way/377688669","type":"Baixa velocidade"},"geometry":{"type":"LineString","coordinates":[[-34.9315916,-8.0129804],[-34.9315677,-8.012976],[-34.9314487,-8.0129365],[-34.9312797,-8.012878],[-34.9311214,-8.0128138],[-34.9310598,-8.0127745],[-34.9310088,-8.0127147],[-34.9309216,-8.0126217],[-34.9305421,-8.0121875],[-34.9303342,-8.0119431]]}},{"type":"Feature","id":"way/377690565","properties":{"name":"Rua Cancuele","id":"way/377690565","type":"Baixa velocidade"},"geometry":{"type":"LineString","coordinates":[[-34.9230614,-8.0221289],[-34.9230158,-8.021939],[-34.9230011,-8.0218699],[-34.9229964,-8.0218049],[-34.9229972,-8.0216141],[-34.9229658,-8.0215197],[-34.9228636,-8.0211594],[-34.9228542,-8.0211302],[-34.9228462,-8.021115],[-34.9228371,-8.0211043],[-34.9228241,-8.0210964],[-34.922808,-8.0210966]]}},{"type":"Feature","id":"way/378796315","properties":{"name":"Ciclovia do Pier do Ciclista","id":"way/378796315","type":"Ciclovia"},"geometry":{"type":"LineString","coordinates":[[-34.8757405,-8.07128],[-34.875929,-8.0713551],[-34.8758539,-8.0715144],[-34.8773953,-8.0721327],[-34.8774236,-8.0721441],[-34.8774471,-8.0721518],[-34.8774478,-8.0721733],[-34.8774263,-8.0721759],[-34.8774069,-8.0721571],[-34.8773953,-8.0721327]]}},{"type":"Feature","id":"way/378796328","properties":{"name":"Rua Vinte e Um de Abril","id":"way/378796328","type":"Ciclorrota"},"geometry":{"type":"LineString","coordinates":[[-34.9283838,-8.0711589],[-34.9281467,-8.0712493],[-34.9279625,-8.0713196],[-34.9277271,-8.0714069],[-34.9274918,-8.0714942],[-34.9271364,-8.0716297],[-34.926789,-8.0717684],[-34.9264857,-8.0718878],[-34.9264256,-8.0719114],[-34.9263116,-8.0719563],[-34.9260373,-8.0720532],[-34.9258643,-8.0721236],[-34.9258269,-8.0721385]]}},{"type":"Feature","id":"way/378796334","properties":{"name":"Rua Marquês de Abrantes","id":"way/378796334","type":"Ciclofaixa"},"geometry":{"type":"LineString","coordinates":[[-34.8839166,-8.0313038],[-34.8843044,-8.0314523],[-34.8845697,-8.0315853],[-34.8852405,-8.0319217]]}},{"type":"Feature","id":"way/378796337","properties":{"name":"Avenida República Árabe Unida","id":"way/378796337","type":"Ciclofaixa"},"geometry":{"type":"LineString","coordinates":[[-34.8890005,-8.086787],[-34.8894319,-8.0863399],[-34.8899925,-8.0857252],[-34.8900357,-8.0856794]]}},{"type":"Feature","id":"way/378796340","properties":{"name":"Rua José Veloso","id":"way/378796340","type":"Ciclorrota"},"geometry":{"type":"LineString","coordinates":[[-34.9273381,-8.0656712],[-34.9270032,-8.0658357],[-34.9269608,-8.0658546]]}},{"type":"Feature","id":"way/378796343","properties":{"name":"Rua Comendador Franco Ferreira","id":"way/378796343","type":"Ciclorrota"},"geometry":{"type":"LineString","coordinates":[[-34.9269608,-8.0658546],[-34.9268509,-8.0654896]]}},{"type":"Feature","id":"way/378796344","properties":{"name":"Rua Visconde de Pelotas","id":"way/378796344","type":"Ciclofaixa"},"geometry":{"type":"LineString","coordinates":[[-34.9091945,-8.076991],[-34.909253,-8.0772551],[-34.9093116,-8.0775597]]}},{"type":"Feature","id":"way/378796346","properties":{"name":"Rua Marquês de Abrantes","id":"way/378796346","type":"Ciclofaixa"},"geometry":{"type":"LineString","coordinates":[[-34.8816042,-8.0306559],[-34.8820181,-8.0307389],[-34.8824955,-8.0308403],[-34.8829463,-8.0309457],[-34.8839166,-8.0313038]]}},{"type":"Feature","id":"way/378952991","properties":{"name":"Estrada do Encanamento","id":"way/378952991","type":"Ciclofaixa"},"geometry":{"type":"LineString","coordinates":[[-34.913547,-8.0320804],[-34.9130369,-8.0322459],[-34.9129694,-8.0322678]]}},{"type":"Feature","id":"way/379236486","properties":{"name":"Rua Eugênio Samico","id":"way/379236486","type":"Ciclorrota"},"geometry":{"type":"LineString","coordinates":[[-34.9162378,-8.0226623],[-34.9159484,-8.0228816],[-34.9156579,-8.0231249],[-34.9156198,-8.0231645],[-34.9155755,-8.0232164],[-34.9154306,-8.0233673]]}},{"type":"Feature","id":"way/379437828","properties":{"name":"Rua do Bom Pastor","id":"way/379437828","type":"Ciclofaixa"},"geometry":{"type":"LineString","coordinates":[[-34.940428,-8.0468016],[-34.9404583,-8.0468919],[-34.9404681,-8.0469306]]}},{"type":"Feature","id":"way/379623676","properties":{"name":"Rua Mauricéia","id":"way/379623676","type":"Ciclofaixa"},"geometry":{"type":"LineString","coordinates":[[-34.9420347,-8.046156],[-34.9421521,-8.0461527],[-34.9422788,-8.04616],[-34.9424075,-8.0461739],[-34.9430077,-8.0462211],[-34.9438724,-8.0463023]]}},{"type":"Feature","id":"way/379647570","properties":{"name":"Rua Laurindo Rodrigues Campelo","id":"way/379647570","type":"Baixa velocidade"},"geometry":{"type":"LineString","coordinates":[[-34.9415499,-8.0482547],[-34.9411543,-8.0483039],[-34.9407471,-8.0483441]]}},{"type":"Feature","id":"way/382147744","properties":{"name":"Avenida Professor José dos Anjos","id":"way/382147744","type":"Ciclofaixa"},"geometry":{"type":"LineString","coordinates":[[-34.8980577,-8.0268476],[-34.8979292,-8.0269027],[-34.8977494,-8.0269799],[-34.897288,-8.0272057],[-34.8966262,-8.027557],[-34.8960996,-8.0278385],[-34.8958015,-8.0279859],[-34.8955044,-8.0281167],[-34.8953212,-8.0281965],[-34.8951757,-8.0282599]]}},{"type":"Feature","id":"way/382147746","properties":{"name":"Avenida Professor José dos Anjos","id":"way/382147746","type":"Ciclofaixa"},"geometry":{"type":"LineString","coordinates":[[-34.8929603,-8.0277595],[-34.8938182,-8.0278344],[-34.8944776,-8.0278728],[-34.8949771,-8.0279122],[-34.895111,-8.0279141],[-34.8951283,-8.0279111],[-34.895148,-8.0279076],[-34.8952521,-8.0278828],[-34.8953782,-8.0278321],[-34.8955789,-8.0277516],[-34.8959002,-8.027569]]}},{"type":"Feature","id":"way/382147747","properties":{"name":"Avenida Professor José dos Anjos","id":"way/382147747","type":"Ciclofaixa"},"geometry":{"type":"LineString","coordinates":[[-34.8891988,-8.0278325],[-34.889169,-8.0278304],[-34.8891486,-8.0278285],[-34.8888154,-8.0277901],[-34.8885136,-8.0277342],[-34.8882826,-8.0276766],[-34.8880251,-8.0275962],[-34.887722,-8.02745],[-34.8873659,-8.0272427],[-34.8865516,-8.0266961],[-34.8862386,-8.0264716],[-34.8860329,-8.0263241],[-34.8856131,-8.0260427],[-34.8851873,-8.0257736],[-34.8848737,-8.0256096],[-34.883499,-8.0249814],[-34.8831132,-8.0248104],[-34.8829244,-8.0247313],[-34.8828608,-8.0247006]]}},{"type":"Feature","id":"way/383703855","properties":{"name":"Rua Bione","id":"way/383703855","type":"Baixa velocidade"},"geometry":{"type":"LineString","coordinates":[[-34.8716517,-8.0584344],[-34.8716624,-8.0584318],[-34.8718262,-8.0583994],[-34.8718422,-8.0583962],[-34.8723991,-8.0583054]]}},{"type":"Feature","id":"way/383703856","properties":{"name":"Rua Bione","id":"way/383703856","type":"Baixa velocidade"},"geometry":{"type":"LineString","coordinates":[[-34.8716517,-8.0584344],[-34.871632,-8.0584387],[-34.8714116,-8.0584873],[-34.8711109,-8.0585607],[-34.8708306,-8.0586362]]}},{"type":"Feature","id":"way/383703857","properties":{"name":"Rua do Brum","id":"way/383703857","type":"Baixa velocidade"},"geometry":{"type":"LineString","coordinates":[[-34.8717463,-8.0591351],[-34.8717393,-8.0590913],[-34.8716517,-8.0584344]]}},{"type":"Feature","id":"way/383928633","properties":{"name":"Rua Doutor João Vieira de Menezes","id":"way/383928633","type":"Ciclofaixa"},"geometry":{"type":"LineString","coordinates":[[-34.8785663,-8.0515989],[-34.8786286,-8.0515546],[-34.8791118,-8.0512109],[-34.8793498,-8.0510414],[-34.8794361,-8.0509799]]}},{"type":"Feature","id":"way/385480476","properties":{"name":"Rua Barão de Igarassu","id":"way/385480476","type":"Ciclofaixa"},"geometry":{"type":"LineString","coordinates":[[-34.8756433,-8.0441487],[-34.8756582,-8.0441756],[-34.8758653,-8.0445114],[-34.8760372,-8.0447569],[-34.8764403,-8.0453009]]}},{"type":"Feature","id":"way/385480480","properties":{"name":"Rua Buarque de Macedo","id":"way/385480480","type":"Ciclorrota"},"geometry":{"type":"LineString","coordinates":[[-34.877022,-8.0449064],[-34.8773794,-8.0451846],[-34.877536,-8.0453],[-34.8778377,-8.0455445],[-34.87805,-8.0457141],[-34.8783118,-8.0459296],[-34.8786254,-8.0461945],[-34.878634,-8.0462018]]}},{"type":"Feature","id":"way/385480539","properties":{"name":"Rua Leão Falcão","id":"way/385480539","type":"Ciclorrota"},"geometry":{"type":"LineString","coordinates":[[-34.8764403,-8.0453009],[-34.8761798,-8.0454947],[-34.8759937,-8.0456268],[-34.8757245,-8.0458087]]}},{"type":"Feature","id":"way/385586307","properties":{"id":"way/385586307","type":"Baixa velocidade"},"geometry":{"type":"LineString","coordinates":[[-34.8690461,-8.0561268],[-34.86856,-8.0546964]]}},{"type":"Feature","id":"way/385586308","properties":{"id":"way/385586308","type":"Baixa velocidade"},"geometry":{"type":"LineString","coordinates":[[-34.8687327,-8.0528883],[-34.8686078,-8.0547028]]}},{"type":"Feature","id":"way/385586309","properties":{"id":"way/385586309","type":"Baixa velocidade"},"geometry":{"type":"LineString","coordinates":[[-34.8690064,-8.0570059],[-34.869322,-8.0578845],[-34.8695182,-8.0584825],[-34.8695237,-8.0585297],[-34.869513,-8.0585615],[-34.8694896,-8.0585893],[-34.8692467,-8.0586682]]}},{"type":"Feature","id":"way/385586310","properties":{"id":"way/385586310","type":"Baixa velocidade"},"geometry":{"type":"LineString","coordinates":[[-34.8684604,-8.0563488],[-34.8692467,-8.0586682],[-34.8695773,-8.0596796]]}},{"type":"Feature","id":"way/385586311","properties":{"id":"way/385586311","type":"Baixa velocidade"},"geometry":{"type":"LineString","coordinates":[[-34.8679434,-8.0546432],[-34.86856,-8.0546964],[-34.8686078,-8.0547028],[-34.8693918,-8.0547813],[-34.8694924,-8.0547839]]}},{"type":"Feature","id":"way/389036486","properties":{"id":"way/389036486","type":"Baixa velocidade"},"geometry":{"type":"LineString","coordinates":[[-34.8682129,-8.0517179],[-34.8682934,-8.0517803],[-34.8683243,-8.0518115],[-34.8683377,-8.051844],[-34.8683424,-8.0519018],[-34.8683239,-8.0521117]]}},{"type":"Feature","id":"way/389036490","properties":{"id":"way/389036490","type":"Baixa velocidade"},"geometry":{"type":"LineString","coordinates":[[-34.8690096,-8.0529092],[-34.8689418,-8.0527516],[-34.8688962,-8.0526972],[-34.8688359,-8.052658],[-34.8687695,-8.0526381],[-34.8685992,-8.0526208]]}},{"type":"Feature","id":"way/394440710","properties":{"name":"Via Mangue - Pista Leste","id":"way/394440710","type":"Ciclovia"},"geometry":{"type":"LineString","coordinates":[[-34.8916162,-8.0888534],[-34.8915488,-8.0887296],[-34.8914925,-8.0886519],[-34.8914513,-8.0886011],[-34.8913741,-8.0885311],[-34.8913168,-8.0884843],[-34.8912374,-8.0884358],[-34.891121,-8.0883884],[-34.891003,-8.0883525],[-34.8908555,-8.0883399],[-34.8906979,-8.0883366],[-34.89037,-8.0883286],[-34.8902218,-8.0883187],[-34.8901206,-8.0883094],[-34.8899948,-8.0882961],[-34.8899298,-8.0882861]]}},{"type":"Feature","id":"way/394453156","properties":{"id":"way/394453156","type":"Proibido"},"geometry":{"type":"LineString","coordinates":[[-34.9169612,-8.1311252],[-34.9169849,-8.1311082],[-34.9170003,-8.131077],[-34.9170734,-8.1308102],[-34.9170964,-8.1307872],[-34.9171244,-8.1307783],[-34.9177238,-8.1308918],[-34.9177453,-8.1309184],[-34.917752,-8.1309595],[-34.9176349,-8.1313745]]}},{"type":"Feature","id":"way/394895328","properties":{"name":"Rua Itacoatiara","id":"way/394895328","type":"Baixa velocidade"},"geometry":{"type":"LineString","coordinates":[[-34.9168614,-8.0202576],[-34.9167267,-8.0202991],[-34.9161579,-8.0205],[-34.9159195,-8.0205891],[-34.9158652,-8.0206063],[-34.915794,-8.0206223],[-34.9157302,-8.0206229],[-34.9156352,-8.0206356]]}},{"type":"Feature","id":"way/430125553","properties":{"name":"Rua Conceição de Macabu","id":"way/430125553","type":"Ciclofaixa"},"geometry":{"type":"LineString","coordinates":[[-34.8958507,-8.0729966],[-34.8958484,-8.0729831],[-34.8958501,-8.0729629],[-34.8958544,-8.0729504],[-34.8958623,-8.0729389],[-34.8958894,-8.0729107]]}},{"type":"Feature","id":"way/436084863","properties":{"name":"Rua da Soledade","id":"way/436084863","type":"Ciclofaixa"},"geometry":{"type":"LineString","coordinates":[[-34.889947,-8.0574605],[-34.8899482,-8.0565708],[-34.8899388,-8.0564351],[-34.8899093,-8.0563118],[-34.889876,-8.0562468]]}},{"type":"Feature","id":"way/443276363","properties":{"name":"Rua Primeiro de Março","id":"way/443276363","type":"Ciclofaixa"},"geometry":{"type":"LineString","coordinates":[[-34.8768645,-8.0641842],[-34.8774731,-8.0642833]]}},{"type":"Feature","id":"way/443630585","properties":{"name":"Rua Quitério Inácio de Melo","id":"way/443630585","type":"Ciclofaixa"},"geometry":{"type":"LineString","coordinates":[[-34.90886,-8.0823314],[-34.9088383,-8.0824811],[-34.908839,-8.0825614],[-34.9088498,-8.0826707]]}},{"type":"Feature","id":"way/447007106","properties":{"name":"Avenida Engenho Muribeca","id":"way/447007106","type":"Baixa velocidade"},"geometry":{"type":"LineString","coordinates":[[-34.9503697,-8.1104157],[-34.9504793,-8.1104396],[-34.9510422,-8.1105461],[-34.9510754,-8.110551],[-34.9514063,-8.1106092],[-34.9517421,-8.1106773],[-34.9520694,-8.1107436],[-34.9520851,-8.1107504],[-34.9520989,-8.1107586],[-34.9521141,-8.11077],[-34.9521238,-8.1107838],[-34.9521284,-8.1107954],[-34.9521369,-8.1108296]]}},{"type":"Feature","id":"way/460423889","properties":{"name":"Rua Ministro João Alberto","id":"way/460423889","type":"Ciclofaixa"},"geometry":{"type":"LineString","coordinates":[[-34.9446009,-8.0353195],[-34.944866,-8.0360651]]}},{"type":"Feature","id":"way/460423890","properties":{"name":"Avenida Historiador Jordão Emerenciano","id":"way/460423890","type":"Ciclofaixa"},"geometry":{"type":"LineString","coordinates":[[-34.9430763,-8.0368621],[-34.9430732,-8.0366829],[-34.943071,-8.0365329],[-34.9430588,-8.0362975],[-34.9430528,-8.0361504]]}},{"type":"Feature","id":"way/466073067","properties":{"name":"Travessa José Frigueiro","id":"way/466073067","type":"Baixa velocidade"},"geometry":{"type":"LineString","coordinates":[[-34.9412361,-8.0477588],[-34.9413199,-8.0478982],[-34.9414084,-8.0480469],[-34.9415499,-8.0482547],[-34.9417021,-8.0483995],[-34.9418999,-8.0486],[-34.942034,-8.0487002],[-34.9420716,-8.0487201],[-34.9425356,-8.0489764]]}},{"type":"Feature","id":"way/466701030","properties":{"name":"Via Mangue - Pista Leste","id":"way/466701030","type":"Ciclovia"},"geometry":{"type":"LineString","coordinates":[[-34.890802,-8.1045606],[-34.8905598,-8.1043438],[-34.8901259,-8.1039594],[-34.8898537,-8.1037178],[-34.8896525,-8.1035405],[-34.8895211,-8.1033892],[-34.8894124,-8.1032312],[-34.8893246,-8.1030572],[-34.8892716,-8.1028787],[-34.8892348,-8.1026802],[-34.8892099,-8.1024266],[-34.889159,-8.1018849],[-34.8891335,-8.1015795],[-34.88911,-8.1013026],[-34.8890933,-8.1011121],[-34.8890765,-8.1009123],[-34.8890698,-8.1007589],[-34.8890872,-8.1005585],[-34.8891174,-8.1004244],[-34.8891536,-8.1003035],[-34.8891962,-8.1002023],[-34.8892703,-8.1000649],[-34.8893863,-8.0998963],[-34.8894582,-8.0997986],[-34.8894778,-8.0997724]]}},{"type":"Feature","id":"way/466704803","properties":{"name":"Rua General Edson Amâncio Ramalho","id":"way/466704803","type":"Ciclofaixa"},"geometry":{"type":"LineString","coordinates":[[-34.9001352,-8.1133554],[-34.9000865,-8.1129438],[-34.9000452,-8.1123682]]}},{"type":"Feature","id":"way/466704806","properties":{"name":"Rua Professor Arnaldo Carneiro Leao","id":"way/466704806","type":"Ciclofaixa"},"geometry":{"type":"LineString","coordinates":[[-34.9004267,-8.1131989],[-34.9004489,-8.1133748],[-34.9006599,-8.1150069],[-34.9006727,-8.1152494],[-34.9006724,-8.1152795]]}},{"type":"Feature","id":"way/466704807","properties":{"name":"Rua Antônio Falcão","id":"way/466704807","type":"Ciclofaixa"},"geometry":{"type":"LineString","coordinates":[[-34.9004267,-8.1131989],[-34.9006082,-8.1131148],[-34.9012292,-8.1127905],[-34.9016075,-8.1126356]]}},{"type":"Feature","id":"way/475061530","properties":{"name":"Rua Antonio Valdevino Costa","id":"way/475061530","type":"Baixa velocidade"},"geometry":{"type":"LineString","coordinates":[[-34.927464,-8.0594339],[-34.9271992,-8.0585847],[-34.9270096,-8.0580571],[-34.9270023,-8.0580067],[-34.9269976,-8.0579376],[-34.9269862,-8.0577471],[-34.9269858,-8.0576478],[-34.9269851,-8.0574852]]}},{"type":"Feature","id":"way/475326170","properties":{"name":"Rotatória de Água Fria","id":"way/475326170","type":"Ciclorrota"},"geometry":{"type":"LineString","coordinates":[[-34.8971594,-8.0238745],[-34.8971808,-8.0238476],[-34.8972121,-8.0238328],[-34.8972467,-8.0238332],[-34.8972744,-8.0238461],[-34.8972947,-8.0238687],[-34.8973027,-8.0238879],[-34.8973051,-8.0239085],[-34.8973018,-8.0239289],[-34.897293,-8.0239478],[-34.8972673,-8.0239722]]}},{"type":"Feature","id":"way/475653479","properties":{"name":"Rua Coronel João Batista do Rego Barros","id":"way/475653479","type":"Ciclorrota"},"geometry":{"type":"LineString","coordinates":[[-34.9339621,-8.020486],[-34.9333591,-8.0190286]]}},{"type":"Feature","id":"way/475657190","properties":{"name":"Rua Padre Lemos","id":"way/475657190","type":"Ciclofaixa"},"geometry":{"type":"LineString","coordinates":[[-34.917819,-8.026392],[-34.9177926,-8.0266209],[-34.9177843,-8.0266637],[-34.9177568,-8.0267491]]}},{"type":"Feature","id":"way/475660023","properties":{"name":"Rua Neto de Mendonça","id":"way/475660023","type":"Ciclofaixa"},"geometry":{"type":"LineString","coordinates":[[-34.9019927,-8.035937],[-34.9004102,-8.0353374],[-34.9004036,-8.035335]]}},{"type":"Feature","id":"way/476044500","properties":{"id":"way/476044500","type":"Baixa velocidade"},"geometry":{"type":"LineString","coordinates":[[-34.9279844,-8.0585802],[-34.9271992,-8.0585847],[-34.9263471,-8.0585802]]}},{"type":"Feature","id":"way/476044503","properties":{"id":"way/476044503","type":"Baixa velocidade"},"geometry":{"type":"LineString","coordinates":[[-34.9274351,-8.057648],[-34.9274247,-8.05752],[-34.9274046,-8.0573919],[-34.9273925,-8.0573328],[-34.9273738,-8.0572983],[-34.9273107,-8.0572372],[-34.927294,-8.0572136],[-34.9272869,-8.0571987],[-34.9272832,-8.0571588],[-34.9272735,-8.0571223],[-34.9272668,-8.0570997],[-34.927247,-8.0570423],[-34.9272343,-8.0570322],[-34.9272217,-8.0570244],[-34.9271994,-8.0570234],[-34.9266073,-8.0572141],[-34.926029,-8.0574194],[-34.9260149,-8.05743],[-34.9259995,-8.0574476],[-34.9259991,-8.0575286],[-34.9260202,-8.0576518],[-34.9260475,-8.0577474],[-34.9261919,-8.0582545]]}},{"type":"Feature","id":"way/476044505","properties":{"id":"way/476044505","type":"Baixa velocidade"},"geometry":{"type":"LineString","coordinates":[[-34.9269858,-8.0576478],[-34.9274351,-8.057648],[-34.9274385,-8.057808]]}},{"type":"Feature","id":"way/476044508","properties":{"id":"way/476044508","type":"Baixa velocidade"},"geometry":{"type":"LineString","coordinates":[[-34.9278095,-8.0594555],[-34.9280228,-8.0594544]]}},{"type":"Feature","id":"way/476044510","properties":{"id":"way/476044510","type":"Baixa velocidade"},"geometry":{"type":"LineString","coordinates":[[-34.927464,-8.0594339],[-34.9266194,-8.0594153]]}},{"type":"Feature","id":"way/477384561","properties":{"name":"Rua Cristalina","id":"way/477384561","type":"Baixa velocidade"},"geometry":{"type":"LineString","coordinates":[[-34.9213958,-7.9619058],[-34.9213775,-7.9620524],[-34.9213523,-7.9621858],[-34.9213498,-7.962199],[-34.921316,-7.9624895]]}},{"type":"Feature","id":"way/477384562","properties":{"name":"Avenida Padre Mosca de Carvalho","id":"way/477384562","type":"Baixa velocidade"},"geometry":{"type":"LineString","coordinates":[[-34.9243683,-7.9627631],[-34.9243905,-7.9629059],[-34.9244079,-7.9630919],[-34.9244351,-7.963235],[-34.9245011,-7.9633834],[-34.9246252,-7.9635634],[-34.9246454,-7.9636035],[-34.9246533,-7.9636431],[-34.924648,-7.9637022],[-34.9246272,-7.9640103],[-34.9246071,-7.9643058],[-34.9245809,-7.9645376],[-34.9245621,-7.9646272],[-34.924548,-7.9647162],[-34.9245124,-7.9648148],[-34.9244716,-7.9648726],[-34.924429,-7.9649387],[-34.924375,-7.9650237],[-34.9243422,-7.9650795],[-34.9243207,-7.9651552],[-34.9242963,-7.9654615],[-34.9242796,-7.9656474],[-34.9242716,-7.9657712],[-34.9242714,-7.9657737],[-34.9242476,-7.9660809]]}},{"type":"Feature","id":"way/477384565","properties":{"name":"Rua Doutor Sinésio Medeiros Corrêa","id":"way/477384565","type":"Baixa velocidade"},"geometry":{"type":"LineString","coordinates":[[-34.9243207,-7.9651552],[-34.9234355,-7.965102]]}},{"type":"Feature","id":"way/477384567","properties":{"name":"Rua Folclorista Luís da Câmara Cascudo","id":"way/477384567","type":"Baixa velocidade"},"geometry":{"type":"LineString","coordinates":[[-34.9244716,-7.9648726],[-34.9234669,-7.964804]]}},{"type":"Feature","id":"way/477384568","properties":{"name":"Rua Bartolomeu Marquês","id":"way/477384568","type":"Baixa velocidade"},"geometry":{"type":"LineString","coordinates":[[-34.9246071,-7.9643058],[-34.9235885,-7.9642128]]}},{"type":"Feature","id":"way/477384569","properties":{"name":"Rua Ubirajara Justiniano Réis","id":"way/477384569","type":"Baixa velocidade"},"geometry":{"type":"LineString","coordinates":[[-34.9246272,-7.9640103],[-34.923612,-7.963912]]}},{"type":"Feature","id":"way/477384570","properties":{"name":"Rua Doutor Pedro Camelo","id":"way/477384570","type":"Baixa velocidade"},"geometry":{"type":"LineString","coordinates":[[-34.924648,-7.9637022],[-34.9236307,-7.9636225]]}},{"type":"Feature","id":"way/477384571","properties":{"name":"Rua Reitor Geraldo Lafaiete","id":"way/477384571","type":"Baixa velocidade"},"geometry":{"type":"LineString","coordinates":[[-34.9244079,-7.9630919],[-34.9236693,-7.9630299]]}},{"type":"Feature","id":"way/477384572","properties":{"name":"Rua Desembargador Guerra Barreto","id":"way/477384572","type":"Baixa velocidade"},"geometry":{"type":"LineString","coordinates":[[-34.9245011,-7.9633834],[-34.9236502,-7.9633216]]}},{"type":"Feature","id":"way/477384573","properties":{"name":"Avenida Padre Mosca de Carvalho","id":"way/477384573","type":"Baixa velocidade"},"geometry":{"type":"LineString","coordinates":[[-34.9231246,-7.9647687],[-34.9232438,-7.9643457],[-34.9232854,-7.9641916],[-34.9233364,-7.9640369],[-34.9233739,-7.9638502],[-34.9233967,-7.9636895],[-34.9234074,-7.9635753],[-34.9234222,-7.9631569],[-34.9234309,-7.9630553],[-34.9234524,-7.9629537],[-34.9234892,-7.9628654],[-34.9236254,-7.9625872],[-34.9236549,-7.9625201],[-34.923681,-7.9624397],[-34.9236869,-7.9623872],[-34.9237417,-7.9619028]]}},{"type":"Feature","id":"way/477384575","properties":{"name":"Rua Léa Pabst Craveiro","id":"way/477384575","type":"Baixa velocidade"},"geometry":{"type":"LineString","coordinates":[[-34.9249852,-7.9662323],[-34.9250571,-7.9653967]]}},{"type":"Feature","id":"way/477384576","properties":{"name":"Rua Roque Paes Barreto","id":"way/477384576","type":"Baixa velocidade"},"geometry":{"type":"LineString","coordinates":[[-34.9252953,-7.9661316],[-34.9253595,-7.9655037]]}},{"type":"Feature","id":"way/477384577","properties":{"name":"Rua Enéas Jorge Andrade","id":"way/477384577","type":"Baixa velocidade"},"geometry":{"type":"LineString","coordinates":[[-34.9246868,-7.9662436],[-34.9247538,-7.9654038]]}},{"type":"Feature","id":"way/479255492","properties":{"name":"Rua Doutor Fernando Allain","id":"way/479255492","type":"Ciclofaixa"},"geometry":{"type":"LineString","coordinates":[[-34.8886899,-8.0422721],[-34.8882845,-8.0426391],[-34.8876612,-8.0432149]]}},{"type":"Feature","id":"way/479907708","properties":{"name":"Acesso Embarque TIP","id":"way/479907708","type":"Baixa velocidade"},"geometry":{"type":"LineString","coordinates":[[-34.9837265,-8.063794],[-34.9835382,-8.0637928],[-34.9833784,-8.0637797]]}},{"type":"Feature","id":"way/491692395","properties":{"name":"Avenida do Forte","id":"way/491692395","type":"Ciclofaixa"},"geometry":{"type":"LineString","coordinates":[[-34.9311251,-8.0581332],[-34.931204,-8.0582801]]}},{"type":"Feature","id":"way/524171989","properties":{"name":"Rua Albertina Ferreira","id":"way/524171989","type":"Baixa velocidade"},"geometry":{"type":"LineString","coordinates":[[-34.9131306,-7.9487181],[-34.9127564,-7.9485375],[-34.9123862,-7.9483794],[-34.9121435,-7.9482732],[-34.9118739,-7.948131],[-34.9116674,-7.9480314],[-34.9113724,-7.947888],[-34.911025,-7.9477366],[-34.9109023,-7.9476821],[-34.9107843,-7.9476429],[-34.9107622,-7.9476237],[-34.9107501,-7.9475958],[-34.9107508,-7.9475526],[-34.9107682,-7.9473892],[-34.910791,-7.9470492],[-34.9108118,-7.9467318]]}},{"type":"Feature","id":"way/524172025","properties":{"name":"Estrada Munbeca","id":"way/524172025","type":"Baixa velocidade"},"geometry":{"type":"LineString","coordinates":[[-34.9235389,-7.9513613],[-34.9236408,-7.9512231],[-34.9237695,-7.9510106],[-34.9238554,-7.9509017],[-34.923941,-7.9508027],[-34.9239897,-7.9506809],[-34.924007,-7.9506265],[-34.924054,-7.9504786],[-34.924127,-7.9502339],[-34.9241563,-7.9500446],[-34.9240746,-7.9497195],[-34.9240398,-7.9495681],[-34.9240283,-7.9494638],[-34.9239471,-7.9492574],[-34.9239191,-7.9491838],[-34.9239177,-7.9491126],[-34.9239236,-7.9489399],[-34.9239533,-7.9487527],[-34.9240056,-7.9485428],[-34.9240324,-7.9484073],[-34.9240552,-7.9482851],[-34.9241141,-7.9480327],[-34.9241642,-7.9478346],[-34.9241936,-7.9477185],[-34.9242219,-7.9475267],[-34.924243,-7.9474193],[-34.9242221,-7.9473211]]}},{"type":"Feature","id":"way/525727298","properties":{"name":"Travessa Doutor José Anastacio da Silva Guimarães","id":"way/525727298","type":"Ciclorrota"},"geometry":{"type":"LineString","coordinates":[[-34.9284422,-8.0399371],[-34.9284352,-8.0391027],[-34.9284212,-8.038745],[-34.9284234,-8.0385298],[-34.9284238,-8.0384922],[-34.9284386,-8.0384438],[-34.9284681,-8.0384013],[-34.9285056,-8.0383747]]}},{"type":"Feature","id":"way/538392025","properties":{"name":"Rua Professor Estevão Francisco da Costa","id":"way/538392025","type":"Ciclofaixa"},"geometry":{"type":"LineString","coordinates":[[-34.9184567,-8.046204],[-34.9184903,-8.0462854],[-34.9185406,-8.0464169],[-34.9185962,-8.0465882],[-34.9186499,-8.0467489],[-34.9187719,-8.047122]]}},{"type":"Feature","id":"way/538805604","properties":{"name":"Rua Marquês de Maricá","id":"way/538805604","type":"Ciclofaixa"},"geometry":{"type":"LineString","coordinates":[[-34.9180826,-8.0474726],[-34.9182033,-8.0474181],[-34.9183548,-8.0473444],[-34.918378,-8.0473332],[-34.9184521,-8.0472973],[-34.9186344,-8.0471917]]}},{"type":"Feature","id":"way/544322360","properties":{"id":"way/544322360","type":"Baixa velocidade"},"geometry":{"type":"LineString","coordinates":[[-34.9521071,-8.0826736],[-34.9518637,-8.0825077],[-34.9517637,-8.0824293],[-34.9516806,-8.0823404],[-34.951637,-8.0822853],[-34.9515552,-8.0822036],[-34.9515022,-8.0821585],[-34.9514426,-8.0820947],[-34.9514131,-8.0820409],[-34.9514131,-8.0820091],[-34.9514337,-8.0819842]]}},{"type":"Feature","id":"way/545920137","properties":{"name":"Travessa Itanage","id":"way/545920137","type":"Baixa velocidade"},"geometry":{"type":"LineString","coordinates":[[-34.9201692,-8.1062437],[-34.9205491,-8.1058287]]}},{"type":"Feature","id":"way/550526690","properties":{"name":"Avenida Central","id":"way/550526690","type":"Ciclofaixa"},"geometry":{"type":"LineString","coordinates":[[-34.8954522,-8.0729326],[-34.8952818,-8.0728709],[-34.8952127,-8.0728446],[-34.8951484,-8.0728207]]}},{"type":"Feature","id":"way/553605195","properties":{"name":"Rua Benfica","id":"way/553605195","type":"Ciclofaixa"},"geometry":{"type":"LineString","coordinates":[[-34.90187,-8.0621674],[-34.9017648,-8.0622376],[-34.9017124,-8.0622655],[-34.9016633,-8.0622778]]}},{"type":"Feature","id":"way/556366266","properties":{"name":"Rua Itaimbé","id":"way/556366266","type":"Baixa velocidade"},"geometry":{"type":"LineString","coordinates":[[-34.9222455,-8.110242],[-34.9221939,-8.1102306],[-34.9221233,-8.1102149],[-34.9220442,-8.1101651],[-34.9219483,-8.1100901],[-34.9215071,-8.1097017],[-34.9212824,-8.1095063]]}},{"type":"Feature","id":"way/556377315","properties":{"name":"Primeira Travessa Xavier Sobrinho","id":"way/556377315","type":"Baixa velocidade"},"geometry":{"type":"LineString","coordinates":[[-34.9214686,-8.0591166],[-34.920974,-8.0592383]]}},{"type":"Feature","id":"way/556377316","properties":{"name":"Segunda Travessa Xavier Sobrinho","id":"way/556377316","type":"Baixa velocidade"},"geometry":{"type":"LineString","coordinates":[[-34.9210712,-8.0595766],[-34.9215625,-8.0594386]]}},{"type":"Feature","id":"way/559810681","properties":{"name":"Passarela da Estação Shopping","id":"way/559810681","type":"Calçada compartilhada"},"geometry":{"type":"LineString","coordinates":[[-34.9105826,-8.1157442],[-34.9105176,-8.1154866],[-34.9105176,-8.1154767],[-34.9105208,-8.1154699],[-34.9105285,-8.1154649],[-34.9105389,-8.1154616],[-34.9106185,-8.115443]]}},{"type":"Feature","id":"way/559810682","properties":{"name":"Passarela da Estação Shopping","id":"way/559810682","type":"Calçada compartilhada"},"geometry":{"type":"LineString","coordinates":[[-34.9101513,-8.1157606],[-34.9101335,-8.1155565],[-34.9101355,-8.1155393],[-34.910157,-8.1155227],[-34.9101771,-8.1155207],[-34.9101986,-8.1155266],[-34.9102126,-8.1155446]]}},{"type":"Feature","id":"way/559810683","properties":{"name":"Passarela da Estação Shopping","id":"way/559810683","type":"Calçada compartilhada"},"geometry":{"type":"LineString","coordinates":[[-34.9102126,-8.1155446],[-34.9102777,-8.1158327],[-34.9102777,-8.1158453],[-34.9102663,-8.1158552],[-34.910258,-8.1158563],[-34.9102509,-8.1158572],[-34.9102401,-8.1158513],[-34.9102341,-8.1158386],[-34.9101751,-8.1155625],[-34.9101744,-8.1155499],[-34.9101771,-8.1155373],[-34.9101831,-8.1155306],[-34.9101902,-8.1155263],[-34.9101996,-8.115525],[-34.9102082,-8.1155264],[-34.9102161,-8.115531],[-34.9102216,-8.1155398],[-34.9102248,-8.1155492],[-34.9102762,-8.1157774],[-34.9102812,-8.1157847],[-34.9102879,-8.115787],[-34.9102986,-8.1157864],[-34.9104565,-8.1157509],[-34.9105745,-8.1157236],[-34.9105819,-8.11572],[-34.9105846,-8.1157133],[-34.9105853,-8.1157064],[-34.910584,-8.1156984],[-34.9105216,-8.1154508],[-34.9105249,-8.1154402],[-34.9105357,-8.1154369],[-34.9105477,-8.1154389],[-34.9105545,-8.1154475],[-34.9106255,-8.1157429],[-34.9106228,-8.1157548],[-34.9106197,-8.1157579],[-34.9106155,-8.1157621],[-34.9106047,-8.1157648],[-34.9105955,-8.1157628],[-34.9105883,-8.1157587],[-34.910586,-8.1157548],[-34.9105826,-8.1157442]]}},{"type":"Feature","id":"way/561062041","properties":{"name":"Travessa Arlinda Pereira de Santana","id":"way/561062041","type":"Baixa velocidade"},"geometry":{"type":"LineString","coordinates":[[-34.915509,-7.9531889],[-34.9154973,-7.9531245],[-34.9154822,-7.9530767],[-34.9154456,-7.9530381],[-34.9153886,-7.9530003],[-34.9150966,-7.9528628],[-34.9148525,-7.9527413],[-34.9145146,-7.9525606]]}},{"type":"Feature","id":"way/561311148","properties":{"name":"Rua Manoel Laurentino","id":"way/561311148","type":"Baixa velocidade"},"geometry":{"type":"LineString","coordinates":[[-34.9121435,-7.9482732],[-34.9121006,-7.9483781],[-34.9120469,-7.9485096],[-34.9120251,-7.9485557],[-34.9119671,-7.9487035],[-34.9118907,-7.9488848]]}},{"type":"Feature","id":"way/561311149","properties":{"name":"Travessa da Pitanga","id":"way/561311149","type":"Baixa velocidade"},"geometry":{"type":"LineString","coordinates":[[-34.9123527,-7.9494041],[-34.9120003,-7.9492431],[-34.9119735,-7.9492391]]}},{"type":"Feature","id":"way/561311150","properties":{"name":"Rua Gilson Inácio da Silva","id":"way/561311150","type":"Baixa velocidade"},"geometry":{"type":"LineString","coordinates":[[-34.9120003,-7.9492431],[-34.9123862,-7.9483794]]}},{"type":"Feature","id":"way/562089910","properties":{"name":"Rua Gilson Inácio da Silva","id":"way/562089910","type":"Baixa velocidade"},"geometry":{"type":"LineString","coordinates":[[-34.9118223,-7.9495317],[-34.9119427,-7.949262],[-34.9119551,-7.9492448],[-34.9119735,-7.9492391]]}},{"type":"Feature","id":"way/566179177","properties":{"name":"Rua Marquês do Paraná","id":"way/566179177","type":"Ciclofaixa"},"geometry":{"type":"LineString","coordinates":[[-34.8881829,-8.0407164],[-34.8880238,-8.0404836],[-34.8878823,-8.040292]]}},{"type":"Feature","id":"way/567786012","properties":{"name":"Ponte Joaquim Cardoso","id":"way/567786012","type":"Ciclovia"},"geometry":{"type":"LineString","coordinates":[[-34.891198,-8.0707406],[-34.8908025,-8.0709242],[-34.8908141,-8.069643],[-34.8912984,-8.0693952]]}},{"type":"Feature","id":"way/573299100","properties":{"id":"way/573299100","type":"Baixa velocidade"},"geometry":{"type":"LineString","coordinates":[[-34.9370577,-7.9934356],[-34.9369647,-7.9932502],[-34.9368123,-7.9930313],[-34.9367045,-7.9928655],[-34.9366616,-7.9928211]]}},{"type":"Feature","id":"way/573299105","properties":{"name":"Avenida da Recuperação","id":"way/573299105","type":"Baixa velocidade"},"geometry":{"type":"LineString","coordinates":[[-34.93656,-7.9927974],[-34.9364524,-7.9928837],[-34.9364242,-7.9929435],[-34.9364313,-7.9930124],[-34.9364959,-7.9930895],[-34.9365563,-7.9931374],[-34.936739,-7.9932528],[-34.9369856,-7.9933942],[-34.9370577,-7.9934356]]}},{"type":"Feature","id":"way/573648855","properties":{"name":"Rua Artur Lima Cavalcante","id":"way/573648855","type":"Ciclofaixa"},"geometry":{"type":"LineString","coordinates":[[-34.8740938,-8.0452709],[-34.8740253,-8.0453728],[-34.8739948,-8.0454472],[-34.8739814,-8.0455149],[-34.8739804,-8.0455903],[-34.8739824,-8.045663],[-34.8740058,-8.0457443],[-34.874049,-8.0457549],[-34.874206,-8.0460258],[-34.8745043,-8.0464478],[-34.8747198,-8.0467489],[-34.8749123,-8.0469997],[-34.875009,-8.0471333],[-34.875052,-8.0472001],[-34.8751126,-8.047294],[-34.8751575,-8.0474187],[-34.8751764,-8.0475659],[-34.8751585,-8.047705],[-34.8751277,-8.0477949],[-34.8750734,-8.0478925],[-34.8750152,-8.04797],[-34.8749429,-8.0480436],[-34.8747925,-8.0481679],[-34.8740474,-8.0487709],[-34.8738657,-8.048921],[-34.8737584,-8.0490272],[-34.8736937,-8.0491311],[-34.8736481,-8.0492271],[-34.8736313,-8.0493204],[-34.8736337,-8.0494236],[-34.8736461,-8.0495302],[-34.8736823,-8.0496487],[-34.8737292,-8.0497383],[-34.8737963,-8.0498296],[-34.8738564,-8.0499165]]}},{"type":"Feature","id":"way/573648860","properties":{"name":"Rua do Hospício","id":"way/573648860","type":"Ciclofaixa"},"geometry":{"type":"LineString","coordinates":[[-34.8834217,-8.0586766],[-34.8835455,-8.0591316]]}},{"type":"Feature","id":"way/573648911","properties":{"name":"Corredor Exclusivo BRT Leste - Oeste","id":"way/573648911","type":"Baixa velocidade"},"geometry":{"type":"LineString","coordinates":[[-34.9351976,-8.0426669],[-34.9350442,-8.0427649],[-34.933859,-8.0434522],[-34.933568,-8.0436114],[-34.9326091,-8.044137],[-34.9320216,-8.044459],[-34.9314282,-8.0447843],[-34.9310882,-8.0449707]]}},{"type":"Feature","id":"way/574217818","properties":{"name":"Avenida Visconde de Jequitinhonha","id":"way/574217818","type":"Ciclofaixa"},"geometry":{"type":"LineString","coordinates":[[-34.9091046,-8.150615],[-34.9091603,-8.1507485],[-34.9096524,-8.1519642],[-34.9098487,-8.152403],[-34.9101512,-8.1530136],[-34.9103902,-8.1534876],[-34.9106294,-8.1539219],[-34.9108467,-8.1543222]]}},{"type":"Feature","id":"way/574217819","properties":{"name":"Avenida Armindo Moura","id":"way/574217819","type":"Ciclofaixa"},"geometry":{"type":"LineString","coordinates":[[-34.9091046,-8.150615],[-34.9090726,-8.1506269],[-34.9090554,-8.1506333],[-34.9085399,-8.1508187],[-34.9083029,-8.1509118],[-34.9078144,-8.1511016]]}},{"type":"Feature","id":"way/577320872","properties":{"name":"Avenida Prefeito Antonio Pereira","id":"way/577320872","type":"Baixa velocidade"},"geometry":{"type":"LineString","coordinates":[[-34.9845923,-8.0636577],[-34.9843624,-8.0636903],[-34.9837265,-8.063794]]}},{"type":"Feature","id":"way/579464185","properties":{"name":"Rua do Riachuelo","id":"way/579464185","type":"Ciclorrota"},"geometry":{"type":"LineString","coordinates":[[-34.8835455,-8.0591316],[-34.8833446,-8.0592617],[-34.8833158,-8.0592802],[-34.8825793,-8.059757],[-34.8820297,-8.0601153],[-34.881955,-8.060166],[-34.8816667,-8.0603549],[-34.8816156,-8.0603883],[-34.881534,-8.0604396],[-34.8814317,-8.0605075]]}},{"type":"Feature","id":"way/579464186","properties":{"name":"Rua do Hospício","id":"way/579464186","type":"Ciclofaixa"},"geometry":{"type":"LineString","coordinates":[[-34.8835455,-8.0591316],[-34.8836733,-8.0596288],[-34.8839269,-8.0605039],[-34.8839525,-8.0605924],[-34.8839682,-8.0606446],[-34.883984,-8.0606968],[-34.8839937,-8.0607289]]}},{"type":"Feature","id":"way/579464227","properties":{"name":"Rua Bernardo Vieira de Melo","id":"way/579464227","type":"Baixa velocidade"},"geometry":{"type":"LineString","coordinates":[[-34.8705778,-8.0560911],[-34.8706322,-8.0554259],[-34.8706803,-8.0549407],[-34.8706779,-8.0548394],[-34.8706461,-8.054736]]}},{"type":"Feature","id":"way/579464228","properties":{"name":"Rua do Pilar","id":"way/579464228","type":"Baixa velocidade"},"geometry":{"type":"LineString","coordinates":[[-34.8705778,-8.0560911],[-34.8705464,-8.0560867],[-34.8704893,-8.0560794],[-34.8703205,-8.0560248],[-34.8701874,-8.0559767],[-34.8701599,-8.0559734],[-34.8701331,-8.055982]]}},{"type":"Feature","id":"way/579464229","properties":{"name":"Rua Bernardo Vieira de Melo","id":"way/579464229","type":"Baixa velocidade"},"geometry":{"type":"LineString","coordinates":[[-34.8707384,-8.0578826],[-34.8707208,-8.0577599],[-34.8706963,-8.0575754],[-34.8706655,-8.0572677],[-34.8706127,-8.0565616],[-34.8705987,-8.0563722],[-34.8705778,-8.0560911]]}},{"type":"Feature","id":"way/579464230","properties":{"name":"Rua Edgar Werneck","id":"way/579464230","type":"Baixa velocidade"},"geometry":{"type":"LineString","coordinates":[[-34.8707384,-8.0578826],[-34.8707785,-8.0578671],[-34.8708333,-8.0578514],[-34.8715273,-8.0577318],[-34.8715537,-8.0577272]]}},{"type":"Feature","id":"way/581704793","properties":{"name":"Corredor Exclusivo BRT Leste - Oeste","id":"way/581704793","type":"Baixa velocidade"},"geometry":{"type":"LineString","coordinates":[[-34.921027,-8.0504315],[-34.9214261,-8.0502111],[-34.9217003,-8.0500592],[-34.9247583,-8.0483667],[-34.9250244,-8.0482194],[-34.9278311,-8.0466663]]}},{"type":"Feature","id":"way/581704797","properties":{"name":"Corredor Exclusivo BRT Leste - Oeste","id":"way/581704797","type":"Baixa velocidade"},"geometry":{"type":"LineString","coordinates":[[-34.9210666,-8.0505018],[-34.9189281,-8.051703]]}},{"type":"Feature","id":"way/581704800","properties":{"name":"Avenida Dantas Barreto","id":"way/581704800","type":"Ciclofaixa"},"geometry":{"type":"LineString","coordinates":[[-34.879066,-8.0658588],[-34.8791083,-8.0659516],[-34.8792784,-8.0663396],[-34.8794212,-8.0666291],[-34.8796418,-8.0669584],[-34.8798038,-8.0671085],[-34.8799514,-8.0672453],[-34.8802067,-8.0675154],[-34.8802897,-8.0675977]]}},{"type":"Feature","id":"way/582585081","properties":{"name":"Rua Pedro Afonso","id":"way/582585081","type":"Ciclofaixa"},"geometry":{"type":"LineString","coordinates":[[-34.8794361,-8.0509799],[-34.8795256,-8.0509191],[-34.8806067,-8.050185]]}},{"type":"Feature","id":"way/585473147","properties":{"name":"Rua General Edson Amâncio Ramalho","id":"way/585473147","type":"Ciclofaixa"},"geometry":{"type":"LineString","coordinates":[[-34.9008624,-8.1175106],[-34.9008532,-8.1174635],[-34.9006623,-8.116483],[-34.9004585,-8.1155158],[-34.9004524,-8.1154863],[-34.9004351,-8.1154034]]}},{"type":"Feature","id":"way/585473219","properties":{"name":"Rua Félix de Brito Melo","id":"way/585473219","type":"Ciclofaixa"},"geometry":{"type":"LineString","coordinates":[[-34.8965818,-8.1173705],[-34.896487,-8.1174236]]}},{"type":"Feature","id":"way/585473222","properties":{"name":"Rua Félix de Brito Melo","id":"way/585473222","type":"Ciclofaixa"},"geometry":{"type":"LineString","coordinates":[[-34.8956419,-8.1178778],[-34.895559,-8.1179152],[-34.8947498,-8.1183143]]}},{"type":"Feature","id":"way/585473305","properties":{"name":"Rua Antônio Falcão","id":"way/585473305","type":"Ciclofaixa"},"geometry":{"type":"LineString","coordinates":[[-34.8954637,-8.1157803],[-34.8955469,-8.1157416],[-34.8955696,-8.115731]]}},{"type":"Feature","id":"way/589445951","properties":{"name":"Rua Professor Antônio Coelho","id":"way/589445951","type":"Ciclofaixa"},"geometry":{"type":"LineString","coordinates":[[-34.9467511,-8.046419],[-34.946634,-8.0461181],[-34.946535,-8.0458724],[-34.9464228,-8.0455513],[-34.9463054,-8.0452572],[-34.9460821,-8.04469],[-34.9458219,-8.0440235],[-34.9457375,-8.043769],[-34.945651,-8.0434982],[-34.94559,-8.0431702],[-34.9455182,-8.0428108]]}},{"type":"Feature","id":"way/596236969","properties":{"name":"Avenida José Américo de Almeida","id":"way/596236969","type":"Ciclofaixa"},"geometry":{"type":"LineString","coordinates":[[-34.9321008,-8.0089232],[-34.9320884,-8.0089664],[-34.9320807,-8.0089893],[-34.9320726,-8.0090075],[-34.9320584,-8.0090329],[-34.9320281,-8.009071],[-34.9310494,-8.0102338],[-34.9310328,-8.0102614],[-34.9310267,-8.0102855],[-34.9310215,-8.0103157],[-34.931024,-8.0103545],[-34.9310569,-8.0104504]]}},{"type":"Feature","id":"way/596236970","properties":{"name":"Avenida José Américo de Almeida","id":"way/596236970","type":"Ciclofaixa"},"geometry":{"type":"LineString","coordinates":[[-34.9301194,-8.01638],[-34.9301205,-8.0163095],[-34.9301193,-8.0162847],[-34.9301168,-8.0162595],[-34.9299305,-8.0156243],[-34.9294209,-8.0136536],[-34.9294022,-8.013562],[-34.9293921,-8.0134498],[-34.9293985,-8.0133342],[-34.9294075,-8.0132506],[-34.9294176,-8.0131749],[-34.929427,-8.0131217],[-34.9294471,-8.0130553],[-34.9294739,-8.0129836],[-34.9295609,-8.0127827],[-34.9299782,-8.0118635],[-34.9303396,-8.0110401],[-34.9304181,-8.0108747],[-34.9304623,-8.010801],[-34.9304985,-8.0107572],[-34.9307276,-8.0104898]]}},{"type":"Feature","id":"way/596236971","properties":{"name":"Praça Zumbi dos Palmares","id":"way/596236971","type":"Ciclofaixa"},"geometry":{"type":"LineString","coordinates":[[-34.931074,-8.0105602],[-34.9310557,-8.0106133],[-34.9310213,-8.0106579],[-34.9309745,-8.0106894],[-34.93092,-8.0107047]]}},{"type":"Feature","id":"way/596236973","properties":{"name":"Avenida José Américo de Almeida","id":"way/596236973","type":"Ciclofaixa"},"geometry":{"type":"LineString","coordinates":[[-34.9320253,-8.0089336],[-34.932041,-8.0089297],[-34.93206,-8.0089275],[-34.9321008,-8.0089232]]}},{"type":"Feature","id":"way/597951717","properties":{"name":"Avenida da Redenção","id":"way/597951717","type":"Baixa velocidade"},"geometry":{"type":"LineString","coordinates":[[-34.9378766,-7.9943839],[-34.9375301,-7.9939643],[-34.9372158,-7.9936013],[-34.9370869,-7.9934666],[-34.9370577,-7.9934356]]}},{"type":"Feature","id":"way/597951718","properties":{"name":"Avenida da Redenção","id":"way/597951718","type":"Baixa velocidade"},"geometry":{"type":"LineString","coordinates":[[-34.9385002,-7.9951673],[-34.937945,-7.994467],[-34.9378766,-7.9943839]]}},{"type":"Feature","id":"way/598232856","properties":{"name":"Avenida Desembargador Guerra Barreto","id":"way/598232856","type":"Ciclofaixa"},"geometry":{"type":"LineString","coordinates":[[-34.8917679,-8.0707708],[-34.8917884,-8.070731],[-34.8918124,-8.0707125],[-34.8918445,-8.0706982],[-34.8918828,-8.0707005],[-34.8919022,-8.0707125],[-34.8919146,-8.0707384],[-34.8919178,-8.07075],[-34.891973,-8.0709529]]}},{"type":"Feature","id":"way/607122239","properties":{"name":"Avenida Luiz de Lacerda","id":"way/607122239","type":"Ciclofaixa"},"geometry":{"type":"LineString","coordinates":[[-34.9429214,-8.0375233],[-34.9429269,-8.0374392]]}},{"type":"Feature","id":"way/607122243","properties":{"name":"Avenida Historiador Jordão Emerenciano","id":"way/607122243","type":"Ciclofaixa"},"geometry":{"type":"LineString","coordinates":[[-34.9430528,-8.0361504],[-34.9429681,-8.0359748],[-34.9429365,-8.0359114],[-34.9428839,-8.0358069],[-34.9427965,-8.0356687],[-34.9427179,-8.0355253],[-34.9426458,-8.0353872],[-34.9425804,-8.0352488],[-34.9425195,-8.0351144],[-34.9424831,-8.0350044],[-34.9424622,-8.0348813],[-34.9424522,-8.0347663],[-34.942456,-8.0344656],[-34.9424682,-8.0343597],[-34.9424959,-8.0342254],[-34.9425501,-8.0340555],[-34.942631,-8.0338899],[-34.9427505,-8.0336934],[-34.9428916,-8.0334952],[-34.9430585,-8.0333075],[-34.943521,-8.0330976],[-34.9437077,-8.0330129],[-34.9438539,-8.0329226],[-34.943984,-8.0328044],[-34.9441044,-8.0326603]]}},{"type":"Feature","id":"way/607122248","properties":{"name":"Avenida Historiador Jordão Emerenciano","id":"way/607122248","type":"Ciclofaixa"},"geometry":{"type":"LineString","coordinates":[[-34.9442126,-8.0326659],[-34.9440256,-8.0328535],[-34.9438915,-8.0329903],[-34.9437346,-8.0330713],[-34.9431505,-8.0333709],[-34.9430256,-8.0334759],[-34.942946,-8.0335655],[-34.9428954,-8.0336377],[-34.9428257,-8.0337429],[-34.9427217,-8.0339275],[-34.9426644,-8.0340635],[-34.9426258,-8.034179],[-34.9425948,-8.0342818],[-34.94257,-8.0343625],[-34.9425577,-8.0344259],[-34.9425579,-8.0346834],[-34.9425703,-8.0348879],[-34.9426146,-8.0350637],[-34.9426831,-8.0352357],[-34.9427643,-8.0353947],[-34.9428299,-8.0355102],[-34.9429244,-8.0356248],[-34.9429844,-8.0356852],[-34.9431237,-8.0358111],[-34.9431703,-8.0358495],[-34.9432218,-8.0358866],[-34.9432811,-8.0359242],[-34.9434009,-8.0360022]]}},{"type":"Feature","id":"way/607755761","properties":{"name":"Rua Castro Alves","id":"way/607755761","type":"Ciclorrota"},"geometry":{"type":"LineString","coordinates":[[-34.8898307,-8.0377291],[-34.8900288,-8.0376077],[-34.8900802,-8.0375786],[-34.8902459,-8.0374731],[-34.890476,-8.0373288],[-34.8904995,-8.0373131]]}},{"type":"Feature","id":"way/607806640","properties":{"name":"Rua Castro Alves","id":"way/607806640","type":"Ciclorrota"},"geometry":{"type":"LineString","coordinates":[[-34.8908294,-8.0371816],[-34.8908757,-8.0371725],[-34.890925,-8.0371694]]}},{"type":"Feature","id":"way/609330639","properties":{"name":"Rua Principal Priverde","id":"way/609330639","type":"Baixa velocidade"},"geometry":{"type":"LineString","coordinates":[[-34.9568229,-8.0162411],[-34.9569813,-8.0162884],[-34.9570651,-8.0163089],[-34.9571134,-8.0163561],[-34.9571382,-8.0164132],[-34.9571416,-8.0164849],[-34.9570068,-8.0176648],[-34.9567238,-8.0176376],[-34.9565515,-8.0176051],[-34.9563101,-8.0175938],[-34.9558689,-8.0175675]]}},{"type":"Feature","id":"way/609330640","properties":{"id":"way/609330640","type":"Baixa velocidade"},"geometry":{"type":"LineString","coordinates":[[-34.9580367,-8.0166023],[-34.9580184,-8.0165958],[-34.9580033,-8.0165837],[-34.957993,-8.0165674],[-34.9579887,-8.0165487],[-34.9579908,-8.0165295],[-34.9579991,-8.0165122],[-34.9580127,-8.0164984],[-34.9580301,-8.0164899],[-34.9580494,-8.0164875],[-34.958068,-8.0164913],[-34.9580844,-8.0165008],[-34.9580968,-8.016515],[-34.958104,-8.0165324],[-34.9581052,-8.0165511],[-34.9581002,-8.0165693],[-34.9580896,-8.0165849],[-34.9580745,-8.0165963],[-34.9580561,-8.0166025],[-34.9580367,-8.0166023]]}},{"type":"Feature","id":"way/609330641","properties":{"name":"Rua Direita Priverde","id":"way/609330641","type":"Baixa velocidade"},"geometry":{"type":"LineString","coordinates":[[-34.9580745,-8.0165963],[-34.9580795,-8.01663],[-34.9580762,-8.0166649],[-34.9579771,-8.0169052],[-34.9579389,-8.0170208],[-34.957904,-8.0171595],[-34.957898,-8.0172804],[-34.9579134,-8.0174192],[-34.9579597,-8.0175659],[-34.9580476,-8.0177686],[-34.9580741,-8.0178686],[-34.9580774,-8.0179901],[-34.9580443,-8.0180721],[-34.9579681,-8.0181295],[-34.9578986,-8.0181462],[-34.9578061,-8.0181363],[-34.9577243,-8.0181071],[-34.9576391,-8.0180519],[-34.9575419,-8.017959],[-34.9574594,-8.0178408],[-34.9574212,-8.0177917],[-34.9573555,-8.0177452],[-34.9572328,-8.017706],[-34.9570068,-8.0176648]]}},{"type":"Feature","id":"way/609808989","properties":{"name":"Rua do Futuro","id":"way/609808989","type":"Ciclofaixa"},"geometry":{"type":"LineString","coordinates":[[-34.9049123,-8.0349742],[-34.9047488,-8.0351943],[-34.9045555,-8.0354052],[-34.9042645,-8.0356913]]}},{"type":"Feature","id":"way/609810648","properties":{"name":"Rua da Coragem","id":"way/609810648","type":"Ciclofaixa"},"geometry":{"type":"LineString","coordinates":[[-34.8912491,-8.036025],[-34.8908294,-8.0357991]]}},{"type":"Feature","id":"way/614301188","properties":{"name":"Rua Presidente Honório Hermeto","id":"way/614301188","type":"Baixa velocidade"},"geometry":{"type":"LineString","coordinates":[[-34.9883694,-8.0372709],[-34.9880567,-8.03781],[-34.9879186,-8.0380537],[-34.9877831,-8.0382854],[-34.9877087,-8.0383917],[-34.9876463,-8.0384607],[-34.9876065,-8.0385178],[-34.9875925,-8.0385737],[-34.9875984,-8.0386105],[-34.9876162,-8.0386448],[-34.9876367,-8.0386661],[-34.9876607,-8.0386813]]}},{"type":"Feature","id":"way/616186914","properties":{"name":"Avenida General Mac Artur","id":"way/616186914","type":"Ciclofaixa"},"geometry":{"type":"LineString","coordinates":[[-34.9016642,-8.1126088],[-34.9019065,-8.1124957]]}},{"type":"Feature","id":"way/616186915","properties":{"name":"Avenida General Mac Artur","id":"way/616186915","type":"Ciclofaixa"},"geometry":{"type":"LineString","coordinates":[[-34.9019065,-8.1124957],[-34.9021486,-8.1123787],[-34.902282,-8.1123154],[-34.9034629,-8.1117442],[-34.9035737,-8.1116885],[-34.903814,-8.111565],[-34.9039025,-8.1115267],[-34.9042099,-8.1113935],[-34.9042446,-8.1113776],[-34.9044342,-8.1112884],[-34.9044443,-8.1112837],[-34.9052567,-8.1108837],[-34.9053682,-8.1108258],[-34.9057766,-8.1106356],[-34.9062074,-8.1104165],[-34.9063147,-8.1103619],[-34.9067266,-8.1101605],[-34.9073189,-8.1098813],[-34.907465,-8.1098158],[-34.9075646,-8.1097791],[-34.9082053,-8.1096426],[-34.9087727,-8.1095045]]}},{"type":"Feature","id":"way/616949864","properties":{"name":"Avenida Central","id":"way/616949864","type":"Ciclofaixa"},"geometry":{"type":"LineString","coordinates":[[-34.8955273,-8.0729543],[-34.8954522,-8.0729326]]}},{"type":"Feature","id":"way/616949867","properties":{"name":"Avenida Desembargador Guerra Barreto","id":"way/616949867","type":"Ciclovia"},"geometry":{"type":"LineString","coordinates":[[-34.8957054,-8.0691644],[-34.8960038,-8.0689635],[-34.8963743,-8.0686811],[-34.89651,-8.0686297],[-34.8966939,-8.0685957],[-34.8968436,-8.0685857],[-34.896998,-8.068597],[-34.8970706,-8.0686082],[-34.8972259,-8.0686321]]}},{"type":"Feature","id":"way/617216867","properties":{"name":"Rua Compositor Vinícius de Morais","id":"way/617216867","type":"Ciclovia"},"geometry":{"type":"LineString","coordinates":[[-34.8942465,-8.003457],[-34.8940546,-8.003517],[-34.8932375,-8.0037265],[-34.8931088,-8.003758],[-34.8929897,-8.0037696],[-34.8927009,-8.0037703]]}},{"type":"Feature","id":"way/617216870","properties":{"name":"Rua Compositor Vinícius de Morais","id":"way/617216870","type":"Ciclovia"},"geometry":{"type":"LineString","coordinates":[[-34.8927009,-8.0037703],[-34.8922817,-8.0037779],[-34.8921807,-8.0037757],[-34.8920872,-8.0037787],[-34.8919298,-8.0037863],[-34.8917491,-8.0038058]]}},{"type":"Feature","id":"way/617661942","properties":{"name":"Ciclovia Norte","id":"way/617661942","type":"Ciclofaixa"},"geometry":{"type":"LineString","coordinates":[[-34.8838101,-8.0432213],[-34.8838387,-8.0431755],[-34.8839079,-8.0430647],[-34.8840326,-8.0429478],[-34.8841023,-8.0428654],[-34.8841453,-8.0428043],[-34.8841579,-8.0427741]]}},{"type":"Feature","id":"way/619555638","properties":{"name":"Rua da Moeda","id":"way/619555638","type":"Calçada compartilhada"},"geometry":{"type":"LineString","coordinates":[[-34.8734175,-8.0646644],[-34.8733366,-8.0646223],[-34.8731285,-8.0645911],[-34.8730135,-8.0646025],[-34.8729658,-8.0645965],[-34.8728508,-8.0645795],[-34.8727539,-8.0645669],[-34.8727157,-8.0645888],[-34.8725259,-8.0645609],[-34.8724823,-8.0645218],[-34.8724599,-8.0645185],[-34.8724232,-8.0645132]]}},{"type":"Feature","id":"way/621872200","properties":{"name":"Rua Inajá","id":"way/621872200","type":"Proibido"},"geometry":{"type":"LineString","coordinates":[[-34.9674783,-8.0883619],[-34.9675427,-8.0881674]]}},{"type":"Feature","id":"way/624847912","properties":{"name":"Ponte Buarque de Macedo","id":"way/624847912","type":"Ciclofaixa"},"geometry":{"type":"LineString","coordinates":[[-34.8739315,-8.062358],[-34.8739631,-8.0623506],[-34.8739736,-8.0623481],[-34.8739789,-8.0623468]]}},{"type":"Feature","id":"way/624847913","properties":{"name":"Ciclovia Camilo Simões","id":"way/624847913","type":"Ciclovia"},"geometry":{"type":"LineString","coordinates":[[-34.870948,-8.0356452],[-34.8711651,-8.0357951],[-34.8712471,-8.0358192],[-34.871355,-8.0358551],[-34.8714194,-8.0358659],[-34.8719952,-8.036133],[-34.8720669,-8.0361582],[-34.8721993,-8.0361967],[-34.8723159,-8.0362328],[-34.8724348,-8.0362842],[-34.8725548,-8.0363613],[-34.8728771,-8.0366081],[-34.8730204,-8.036685],[-34.8731152,-8.0367199],[-34.8732828,-8.0367584],[-34.8733411,-8.0367692],[-34.8733671,-8.0367749],[-34.8733803,-8.036784],[-34.8733855,-8.0367971],[-34.8733891,-8.0368102],[-34.8733903,-8.0368641],[-34.8733927,-8.0368859],[-34.8734003,-8.0369046],[-34.8734132,-8.0369172],[-34.8740705,-8.0372343],[-34.874113,-8.0373081]]}},{"type":"Feature","id":"way/624878408","properties":{"name":"Rua Emiliano Braga","id":"way/624878408","type":"Ciclofaixa"},"geometry":{"type":"LineString","coordinates":[[-34.9430873,-8.0396763],[-34.9433509,-8.0395319],[-34.9437513,-8.0393059],[-34.9441764,-8.039059]]}},{"type":"Feature","id":"way/624878409","properties":{"name":"Rua Professor Antônio Coelho","id":"way/624878409","type":"Ciclofaixa"},"geometry":{"type":"LineString","coordinates":[[-34.9446959,-8.0399426],[-34.9444158,-8.0394752],[-34.9441764,-8.039059]]}},{"type":"Feature","id":"way/624914191","properties":{"name":"Via Mangue - Pista Leste","id":"way/624914191","type":"Ciclovia"},"geometry":{"type":"LineString","coordinates":[[-34.8987839,-8.1092492],[-34.8980442,-8.1083871],[-34.8979015,-8.1082393],[-34.8976403,-8.1080179],[-34.8975156,-8.1079337],[-34.8974299,-8.1078791],[-34.8973826,-8.1078583],[-34.8970787,-8.1077487],[-34.8969139,-8.1077108],[-34.8967476,-8.107695],[-34.8966068,-8.1076896],[-34.8964513,-8.1077008],[-34.8957136,-8.1077759],[-34.8949351,-8.1078301],[-34.8947175,-8.1078307],[-34.8946391,-8.1078269],[-34.8944655,-8.1077783],[-34.8942614,-8.1077065]]}},{"type":"Feature","id":"way/624914195","properties":{"name":"Via Mangue - Pista Leste","id":"way/624914195","type":"Ciclovia"},"geometry":{"type":"LineString","coordinates":[[-34.899509,-8.1103224],[-34.8992595,-8.109954],[-34.8990604,-8.1096552]]}},{"type":"Feature","id":"way/624914196","properties":{"name":"Rua Antônio Falcão","id":"way/624914196","type":"Ciclofaixa"},"geometry":{"type":"LineString","coordinates":[[-34.9003733,-8.1132259],[-34.900399,-8.1132144],[-34.9004267,-8.1131989]]}},{"type":"Feature","id":"way/624914197","properties":{"name":"Rua Antônio Falcão","id":"way/624914197","type":"Ciclofaixa"},"geometry":{"type":"LineString","coordinates":[[-34.9001661,-8.1133397],[-34.9003733,-8.1132259]]}},{"type":"Feature","id":"way/624914219","properties":{"name":"Acesso ao bicicletário","id":"way/624914219","type":"Ciclovia"},"geometry":{"type":"LineString","coordinates":[[-34.8969504,-8.0859195],[-34.8969178,-8.0859243],[-34.8969063,-8.0859264]]}},{"type":"Feature","id":"way/624914220","properties":{"name":"Acesso ao bicicletário","id":"way/624914220","type":"Ciclovia"},"geometry":{"type":"LineString","coordinates":[[-34.8969063,-8.0859264],[-34.8968897,-8.0859294],[-34.8968335,-8.0859396],[-34.8967958,-8.0859464],[-34.8967717,-8.0859508],[-34.8967281,-8.0859587]]}},{"type":"Feature","id":"way/624914221","properties":{"name":"Ciclovia Riomar","id":"way/624914221","type":"Ciclovia"},"geometry":{"type":"LineString","coordinates":[[-34.8967836,-8.0844933],[-34.8968691,-8.085261],[-34.896932,-8.0858107],[-34.896941,-8.0858792],[-34.8969443,-8.0858979],[-34.8969504,-8.0859195],[-34.8969555,-8.0859378],[-34.8969647,-8.0859585],[-34.896972,-8.0859749],[-34.8970329,-8.0860705]]}},{"type":"Feature","id":"way/624914222","properties":{"name":"Ciclovia Riomar","id":"way/624914222","type":"Ciclovia"},"geometry":{"type":"LineString","coordinates":[[-34.8970329,-8.0860705],[-34.8970462,-8.0860696],[-34.897059,-8.0860738],[-34.8970798,-8.0860997],[-34.8970805,-8.0861102],[-34.8970763,-8.0861188],[-34.8970665,-8.0861229],[-34.8970559,-8.0861206],[-34.8970336,-8.0860945],[-34.8970313,-8.0860832],[-34.8970329,-8.0860705]]}},{"type":"Feature","id":"way/624914223","properties":{"name":"Ciclovia Riomar","id":"way/624914223","type":"Ciclovia"},"geometry":{"type":"LineString","coordinates":[[-34.8955625,-8.0843],[-34.8956253,-8.0843108],[-34.8956518,-8.0843137],[-34.8956814,-8.084312],[-34.8964464,-8.0842381],[-34.8965027,-8.0842413],[-34.8965502,-8.0842532],[-34.8965954,-8.0842697],[-34.8966406,-8.0842942],[-34.8966637,-8.0843107],[-34.8966863,-8.084329],[-34.896705,-8.0843478],[-34.8967227,-8.0843683],[-34.8967467,-8.0844026],[-34.8967628,-8.0844352],[-34.8967836,-8.0844933]]}},{"type":"Feature","id":"way/624914224","properties":{"name":"Ciclovia Riomar","id":"way/624914224","type":"Ciclovia"},"geometry":{"type":"LineString","coordinates":[[-34.8938998,-8.0847929],[-34.8941102,-8.0846321],[-34.8941904,-8.0845766],[-34.8942786,-8.0845291],[-34.8943557,-8.0844963],[-34.8944389,-8.0844687],[-34.8944821,-8.0844549],[-34.8945275,-8.0844442],[-34.8945715,-8.0844369],[-34.8946146,-8.0844319],[-34.8947544,-8.0844164],[-34.8947789,-8.0844123],[-34.8947993,-8.0844056],[-34.8949717,-8.0843368],[-34.8949909,-8.0843304],[-34.8950067,-8.0843253],[-34.8950925,-8.0843044],[-34.895103,-8.0843022],[-34.8951118,-8.0843006],[-34.8951589,-8.0842915],[-34.8952202,-8.084284],[-34.8953304,-8.0842777],[-34.895443,-8.0842831],[-34.8955625,-8.0843]]}},{"type":"Feature","id":"way/624914225","properties":{"name":"Ciclovia Riomar","id":"way/624914225","type":"Ciclovia"},"geometry":{"type":"LineString","coordinates":[[-34.8936903,-8.0849422],[-34.8938998,-8.0847929]]}},{"type":"Feature","id":"way/624914227","properties":{"name":"Ciclovia Riomar","id":"way/624914227","type":"Ciclovia"},"geometry":{"type":"LineString","coordinates":[[-34.8917754,-8.0853848],[-34.8920158,-8.0854277],[-34.8920572,-8.0854414],[-34.8921399,-8.0854776],[-34.8921641,-8.0854869],[-34.8921917,-8.0854944],[-34.8922279,-8.0855018],[-34.8922571,-8.0855029],[-34.892297,-8.0855018],[-34.8927586,-8.0854429],[-34.8928026,-8.0854345],[-34.8928526,-8.0854233],[-34.8929085,-8.0854097],[-34.892981,-8.0853863],[-34.8930369,-8.0853623],[-34.8931038,-8.0853263],[-34.8931666,-8.0852876],[-34.8934154,-8.0851276],[-34.8936903,-8.0849422]]}},{"type":"Feature","id":"way/624914228","properties":{"name":"Ciclovia Riomar","id":"way/624914228","type":"Ciclovia"},"geometry":{"type":"LineString","coordinates":[[-34.8905193,-8.0851363],[-34.890553,-8.0851239],[-34.8906243,-8.0851351],[-34.8908793,-8.0852112],[-34.8909449,-8.0852259],[-34.8912018,-8.0852787],[-34.8916374,-8.0853606],[-34.8917754,-8.0853848]]}},{"type":"Feature","id":"way/624935364","properties":{"name":"Via Mangue - Pista Leste","id":"way/624935364","type":"Ciclovia"},"geometry":{"type":"LineString","coordinates":[[-34.8899298,-8.0882861],[-34.8898155,-8.0882523],[-34.8897222,-8.0882237]]}},{"type":"Feature","id":"way/628277061","properties":{"name":"Rua Manoel Joaquim de Almeida","id":"way/628277061","type":"Ciclofaixa"},"geometry":{"type":"LineString","coordinates":[[-34.9412687,-8.0394773],[-34.9414355,-8.0398972],[-34.9416432,-8.0404634]]}},{"type":"Feature","id":"way/628645779","properties":{"name":"Corredor Exclusivo BRT Leste - Oeste","id":"way/628645779","type":"Baixa velocidade"},"geometry":{"type":"LineString","coordinates":[[-34.9308358,-8.0450001],[-34.9310514,-8.0448764]]}},{"type":"Feature","id":"way/628645780","properties":{"name":"Corredor Exclusivo BRT Leste - Oeste","id":"way/628645780","type":"Baixa velocidade"},"geometry":{"type":"LineString","coordinates":[[-34.9310514,-8.0448764],[-34.9313861,-8.0446922],[-34.9319662,-8.044373],[-34.9326174,-8.0440147],[-34.9332125,-8.0436873],[-34.9335267,-8.0435132],[-34.9338034,-8.04336],[-34.935011,-8.0427017],[-34.9351748,-8.0426263]]}},{"type":"Feature","id":"way/628645781","properties":{"name":"Corredor Exclusivo BRT Leste - Oeste","id":"way/628645781","type":"Baixa velocidade"},"geometry":{"type":"LineString","coordinates":[[-34.9310882,-8.0449707],[-34.930894,-8.0450791]]}},{"type":"Feature","id":"way/628645782","properties":{"name":"Corredor Exclusivo BRT Leste - Oeste","id":"way/628645782","type":"Baixa velocidade"},"geometry":{"type":"LineString","coordinates":[[-34.930894,-8.0450791],[-34.9300293,-8.0455565],[-34.9299359,-8.0456083]]}},{"type":"Feature","id":"way/628645806","properties":{"name":"Corredor Exclusivo BRT Leste - Oeste","id":"way/628645806","type":"Baixa velocidade"},"geometry":{"type":"LineString","coordinates":[[-34.9000384,-8.0570219],[-34.8999842,-8.0569881],[-34.8997249,-8.0568261],[-34.8996233,-8.0567808],[-34.8995317,-8.0567511],[-34.8994999,-8.056746],[-34.8994291,-8.056739],[-34.8993679,-8.056736],[-34.8993087,-8.0567353],[-34.8991292,-8.0567336]]}},{"type":"Feature","id":"way/628649584","properties":{"name":"Rua Ministro João Alberto","id":"way/628649584","type":"Ciclofaixa"},"geometry":{"type":"LineString","coordinates":[[-34.9454868,-8.037008],[-34.9455041,-8.0370374]]}},{"type":"Feature","id":"way/628649586","properties":{"name":"Rua Ministro João Alberto","id":"way/628649586","type":"Ciclofaixa"},"geometry":{"type":"LineString","coordinates":[[-34.9454436,-8.0369381],[-34.9454868,-8.037008]]}},{"type":"Feature","id":"way/628924111","properties":{"name":"Rua Emiliano Braga","id":"way/628924111","type":"Ciclofaixa"},"geometry":{"type":"LineString","coordinates":[[-34.9424282,-8.0400333],[-34.9427063,-8.0398925]]}},{"type":"Feature","id":"way/628924112","properties":{"name":"Rua Emiliano Braga","id":"way/628924112","type":"Ciclofaixa"},"geometry":{"type":"LineString","coordinates":[[-34.9427063,-8.0398925],[-34.9430873,-8.0396763]]}},{"type":"Feature","id":"way/633762070","properties":{"name":"Corredor Exclusivo BRT Leste - Oeste","id":"way/633762070","type":"Baixa velocidade"},"geometry":{"type":"LineString","coordinates":[[-34.927876,-8.0467486],[-34.9250659,-8.048297],[-34.9247983,-8.0484445],[-34.9221458,-8.0499057]]}},{"type":"Feature","id":"way/633762073","properties":{"name":"Corredor Exclusivo BRT Leste - Oeste","id":"way/633762073","type":"Baixa velocidade"},"geometry":{"type":"LineString","coordinates":[[-34.9278311,-8.0466663],[-34.9285346,-8.0462765],[-34.9288052,-8.0461267],[-34.9297777,-8.0455884],[-34.9298923,-8.045525]]}},{"type":"Feature","id":"way/636685320","properties":{"name":"Avenida Visconde de Jequitinhonha","id":"way/636685320","type":"Ciclofaixa"},"geometry":{"type":"LineString","coordinates":[[-34.9063101,-8.144453],[-34.9071175,-8.1460951],[-34.9076535,-8.1471646]]}},{"type":"Feature","id":"way/636685326","properties":{"name":"Rua Baltazar Passos","id":"way/636685326","type":"Ciclofaixa"},"geometry":{"type":"LineString","coordinates":[[-34.9061984,-8.1445066],[-34.9058576,-8.1446785],[-34.9058104,-8.1447023]]}},{"type":"Feature","id":"way/636685329","properties":{"name":"Avenida Visconde de Jequitinhonha","id":"way/636685329","type":"Ciclorrota"},"geometry":{"type":"LineString","coordinates":[[-34.9057446,-8.1434993],[-34.9057294,-8.1434663],[-34.9051824,-8.1421722]]}},{"type":"Feature","id":"way/637589775","properties":{"name":"Praça da República","id":"way/637589775","type":"Ciclofaixa"},"geometry":{"type":"LineString","coordinates":[[-34.8784444,-8.060313],[-34.8786185,-8.0603021],[-34.8786706,-8.0602974]]}},{"type":"Feature","id":"way/637589776","properties":{"name":"Praça da República","id":"way/637589776","type":"Ciclofaixa"},"geometry":{"type":"LineString","coordinates":[[-34.877961,-8.0603179],[-34.8779789,-8.0603164],[-34.878132,-8.0603026],[-34.878204,-8.0603012],[-34.87828,-8.0603007],[-34.8784444,-8.060313]]}},{"type":"Feature","id":"way/637591719","properties":{"name":"Rua Doutor Miguel Vieira Ferreira","id":"way/637591719","type":"Ciclorrota"},"geometry":{"type":"LineString","coordinates":[[-34.9289815,-8.0535234],[-34.9293497,-8.0532979],[-34.9299728,-8.0529534],[-34.9304524,-8.0526995],[-34.9310083,-8.0523775],[-34.9330577,-8.0512389]]}},{"type":"Feature","id":"way/641636463","properties":{"name":"Avenida da Recuperação","id":"way/641636463","type":"Baixa velocidade"},"geometry":{"type":"LineString","coordinates":[[-34.9421175,-8.0170703],[-34.9419282,-8.0171798],[-34.9416258,-8.0173729]]}},{"type":"Feature","id":"way/642397265","properties":{"name":"Rua Recanto do Rio","id":"way/642397265","type":"Ciclovia"},"geometry":{"type":"LineString","coordinates":[[-34.9033829,-7.9995944],[-34.9036013,-7.9994355],[-34.9039744,-7.9992013],[-34.9045124,-7.9988367]]}},{"type":"Feature","id":"way/645425614","properties":{"name":"Rua Marquês de Maricá","id":"way/645425614","type":"Ciclofaixa"},"geometry":{"type":"LineString","coordinates":[[-34.9187719,-8.047122],[-34.9188494,-8.0470779],[-34.919025,-8.0469779],[-34.9193573,-8.0467887],[-34.9195088,-8.046713],[-34.9197757,-8.0465656],[-34.91986,-8.0465168],[-34.9201821,-8.0463306],[-34.9205387,-8.0461229]]}},{"type":"Feature","id":"way/645444384","properties":{"name":"Rua Lagoa do Rancho","id":"way/645444384","type":"Ciclorrota"},"geometry":{"type":"LineString","coordinates":[[-34.9133746,-8.0438461],[-34.9131976,-8.0437584],[-34.9130722,-8.0436847],[-34.9128027,-8.0435334],[-34.9125633,-8.04337],[-34.9123178,-8.0431854],[-34.9120832,-8.0430095],[-34.9119665,-8.0429305],[-34.9118974,-8.0428833],[-34.9118451,-8.0428561],[-34.9117955,-8.0428369],[-34.9116828,-8.042809],[-34.9114843,-8.0427738]]}},{"type":"Feature","id":"way/645454931","properties":{"name":"Rua Alberto Paiva","id":"way/645454931","type":"Ciclofaixa"},"geometry":{"type":"LineString","coordinates":[[-34.9021992,-8.043951],[-34.9022901,-8.0439672],[-34.9025318,-8.0441037],[-34.9026894,-8.0441913],[-34.9028644,-8.0442936],[-34.9030747,-8.0444067],[-34.9031526,-8.044461],[-34.9032063,-8.0445326],[-34.9032068,-8.0446258]]}},{"type":"Feature","id":"way/645467520","properties":{"name":"Rua Doutor Leopoldo Lins","id":"way/645467520","type":"Ciclofaixa"},"geometry":{"type":"LineString","coordinates":[[-34.8897148,-8.0497847],[-34.8887569,-8.0495617],[-34.8886644,-8.0495697]]}},{"type":"Feature","id":"way/646670257","properties":{"name":"Rua Castro Alves","id":"way/646670257","type":"Ciclofaixa"},"geometry":{"type":"LineString","coordinates":[[-34.8873315,-8.0396478],[-34.8881709,-8.0390653],[-34.888733,-8.0385776],[-34.888975,-8.0383713],[-34.8893412,-8.0380528],[-34.8898307,-8.0377291]]}},{"type":"Feature","id":"way/647110234","properties":{"name":"Avenida Santos Dumont","id":"way/647110234","type":"Ciclofaixa"},"geometry":{"type":"LineString","coordinates":[[-34.8950193,-8.0304111],[-34.8950395,-8.0296628]]}},{"type":"Feature","id":"way/647111564","properties":{"name":"Rua General Edson Amâncio Ramalho","id":"way/647111564","type":"Ciclofaixa"},"geometry":{"type":"LineString","coordinates":[[-34.901159,-8.1213724],[-34.9011522,-8.1212706],[-34.9010966,-8.1205438],[-34.9010304,-8.1196183],[-34.9010274,-8.1195904],[-34.9010228,-8.1195051],[-34.9009564,-8.1184691],[-34.9009278,-8.1180376],[-34.9008907,-8.1176678],[-34.9008839,-8.1176298],[-34.9008624,-8.1175106]]}},{"type":"Feature","id":"way/647112865","properties":{"name":"Avenida Santos Dumont","id":"way/647112865","type":"Ciclofaixa"},"geometry":{"type":"LineString","coordinates":[[-34.8950395,-8.0296628],[-34.8950927,-8.028628]]}},{"type":"Feature","id":"way/647116507","properties":{"name":"Rua Treze de Junho","id":"way/647116507","type":"Ciclofaixa"},"geometry":{"type":"LineString","coordinates":[[-34.8972601,-8.0303832],[-34.8974249,-8.0303862]]}},{"type":"Feature","id":"way/647116510","properties":{"name":"Rua Salvador de Sá","id":"way/647116510","type":"Ciclofaixa"},"geometry":{"type":"LineString","coordinates":[[-34.8978947,-8.0312583],[-34.8979429,-8.0313357],[-34.8979734,-8.0313801],[-34.8980139,-8.031439]]}},{"type":"Feature","id":"way/649368025","properties":{"name":"Rua do Aragão","id":"way/649368025","type":"Ciclorrota"},"geometry":{"type":"LineString","coordinates":[[-34.886064,-8.0624169],[-34.8865476,-8.0622177],[-34.8873992,-8.0618209]]}},{"type":"Feature","id":"way/649370828","properties":{"name":"Rua Rezende","id":"way/649370828","type":"Ciclofaixa"},"geometry":{"type":"LineString","coordinates":[[-34.931727,-8.0381079],[-34.931163,-8.0363022],[-34.9305118,-8.0341964],[-34.9303314,-8.0334511],[-34.9302832,-8.0332521]]}},{"type":"Feature","id":"way/649747902","properties":{"name":"Rua Barros Barreto","id":"way/649747902","type":"Ciclorrota"},"geometry":{"type":"LineString","coordinates":[[-34.8865989,-8.0444709],[-34.8861629,-8.0447909]]}},{"type":"Feature","id":"way/649747903","properties":{"name":"Rua Barros Barreto","id":"way/649747903","type":"Ciclorrota"},"geometry":{"type":"LineString","coordinates":[[-34.8870833,-8.0441313],[-34.8865989,-8.0444709]]}},{"type":"Feature","id":"way/649757527","properties":{"name":"Rua Paris","id":"way/649757527","type":"Ciclofaixa"},"geometry":{"type":"LineString","coordinates":[[-34.913721,-8.1059633],[-34.9136984,-8.1058602],[-34.9136819,-8.1057795],[-34.9134515,-8.1047667],[-34.9133775,-8.1044416]]}},{"type":"Feature","id":"way/649771939","properties":{"name":"Rua Monte Belo","id":"way/649771939","type":"Baixa velocidade"},"geometry":{"type":"LineString","coordinates":[[-34.9191706,-8.0199383],[-34.9191137,-8.0198309],[-34.9190509,-8.0196913],[-34.9189904,-8.0195471],[-34.9188969,-8.0193251]]}},{"type":"Feature","id":"way/649776874","properties":{"name":"Travessa do Cais da Detenção","id":"way/649776874","type":"Ciclofaixa"},"geometry":{"type":"LineString","coordinates":[[-34.8842363,-8.0659546],[-34.8844468,-8.0656506]]}},{"type":"Feature","id":"way/649802742","properties":{"name":"Avenida Dom Hélder Câmara","id":"way/649802742","type":"Ciclofaixa"},"geometry":{"type":"LineString","coordinates":[[-34.931974,-8.1080589],[-34.9315795,-8.1079558],[-34.9314152,-8.107912]]}},{"type":"Feature","id":"way/649802743","properties":{"name":"Avenida Dom Hélder Câmara","id":"way/649802743","type":"Ciclofaixa"},"geometry":{"type":"LineString","coordinates":[[-34.9352269,-8.1091524],[-34.9351703,-8.1091142],[-34.9351445,-8.1090977],[-34.9350583,-8.1090425],[-34.9349177,-8.1089518],[-34.9348102,-8.1088825],[-34.9346593,-8.1088022],[-34.9345346,-8.1087498],[-34.9341939,-8.1086621],[-34.9341604,-8.1086535],[-34.9338178,-8.1085659],[-34.9334845,-8.1084729],[-34.9332923,-8.1084214],[-34.9328022,-8.1082884],[-34.9323909,-8.1081787],[-34.931974,-8.1080589]]}},{"type":"Feature","id":"way/650401882","properties":{"name":"Travessa Tiradentes","id":"way/650401882","type":"Baixa velocidade"},"geometry":{"type":"LineString","coordinates":[[-34.8700388,-8.0596567],[-34.8702759,-8.0595637],[-34.8705612,-8.0594601]]}},{"type":"Feature","id":"way/650412041","properties":{"name":"Rua Bernardo Vieira de Melo","id":"way/650412041","type":"Baixa velocidade"},"geometry":{"type":"LineString","coordinates":[[-34.8706461,-8.054736],[-34.8706537,-8.0546857],[-34.8706552,-8.054612],[-34.8706538,-8.054538],[-34.8706443,-8.0544564]]}},{"type":"Feature","id":"way/650426492","properties":{"name":"Estrada do Bongi","id":"way/650426492","type":"Ciclofaixa"},"geometry":{"type":"LineString","coordinates":[[-34.9160004,-8.0651646],[-34.9151945,-8.0654918],[-34.9151558,-8.0655121],[-34.9149343,-8.0656282],[-34.9144441,-8.065885],[-34.91442,-8.0658977],[-34.9141289,-8.0660507]]}},{"type":"Feature","id":"way/650850073","properties":{"name":"Rua Visconde de Pelotas","id":"way/650850073","type":"Ciclofaixa"},"geometry":{"type":"LineString","coordinates":[[-34.9093116,-8.0775597],[-34.9094211,-8.0782306]]}},{"type":"Feature","id":"way/650859657","properties":{"name":"Rua Monsenhor Fabrício","id":"way/650859657","type":"Ciclofaixa"},"geometry":{"type":"LineString","coordinates":[[-34.9277866,-8.0403187],[-34.9278047,-8.0403081],[-34.9284422,-8.0399371]]}},{"type":"Feature","id":"way/650859658","properties":{"name":"Rua Doutor José Anastacio da Silva Guimarães","id":"way/650859658","type":"Ciclorrota"},"geometry":{"type":"LineString","coordinates":[[-34.9285056,-8.0383747],[-34.9285458,-8.0383588],[-34.928574,-8.0383548],[-34.9292533,-8.0384295]]}},{"type":"Feature","id":"way/651714253","properties":{"name":"Acesso Oficina Cerâmica Francisco Brennand","id":"way/651714253","type":"Baixa velocidade"},"geometry":{"type":"LineString","coordinates":[[-34.9728476,-8.0511566],[-34.9730333,-8.0512466],[-34.9732647,-8.051277],[-34.9733698,-8.0512815],[-34.9735043,-8.0512871],[-34.973705,-8.0513155],[-34.9738402,-8.0513764],[-34.9739364,-8.0514453],[-34.9740204,-8.051567],[-34.9742825,-8.0518813],[-34.9743706,-8.0519968],[-34.974475,-8.0521692],[-34.9747515,-8.052668],[-34.9748346,-8.0527528],[-34.9748846,-8.0528039],[-34.9750586,-8.0529417],[-34.9752009,-8.0530617],[-34.9753126,-8.0531425],[-34.9752081,-8.0534791],[-34.9747269,-8.0534912],[-34.9745938,-8.0535217],[-34.9743542,-8.0536494],[-34.9742748,-8.0536998]]}},{"type":"Feature","id":"way/653438938","properties":{"name":"Barro","id":"way/653438938","type":"Proibido"},"geometry":{"type":"LineString","coordinates":[[-34.9454317,-8.0886116],[-34.9457113,-8.0887794],[-34.9461633,-8.0890507],[-34.9461732,-8.0890567]]}},{"type":"Feature","id":"way/653438939","properties":{"name":"Barro","id":"way/653438939","type":"Proibido"},"geometry":{"type":"LineString","coordinates":[[-34.9461275,-8.0891297],[-34.9456663,-8.088855],[-34.9453905,-8.0886907]]}},{"type":"Feature","id":"way/656029033","properties":{"name":"Rua Antônio Falcão","id":"way/656029033","type":"Ciclofaixa"},"geometry":{"type":"LineString","coordinates":[[-34.8979388,-8.1145099],[-34.8991302,-8.1138869]]}},{"type":"Feature","id":"way/656029034","properties":{"name":"Rua Antônio Falcão","id":"way/656029034","type":"Ciclofaixa"},"geometry":{"type":"LineString","coordinates":[[-34.8967322,-8.1151493],[-34.8968219,-8.1151023],[-34.8975433,-8.1147244],[-34.8979388,-8.1145099]]}},{"type":"Feature","id":"way/656104878","properties":{"name":"Rua da Coragem","id":"way/656104878","type":"Ciclofaixa"},"geometry":{"type":"LineString","coordinates":[[-34.8899906,-8.0352684],[-34.8891585,-8.0347325]]}},{"type":"Feature","id":"way/656105202","properties":{"name":"Rua Baltazar Passos","id":"way/656105202","type":"Ciclofaixa"},"geometry":{"type":"LineString","coordinates":[[-34.9058104,-8.1447023],[-34.9052381,-8.1449917],[-34.9051137,-8.1450546]]}},{"type":"Feature","id":"way/656107800","properties":{"name":"Avenida Prefeito Lima Castro","id":"way/656107800","type":"Ciclofaixa"},"geometry":{"type":"LineString","coordinates":[[-34.9023131,-8.0644711],[-34.9023662,-8.0648531],[-34.9023789,-8.0650742],[-34.9023715,-8.0651963]]}},{"type":"Feature","id":"way/656122407","properties":{"name":"Avenida Poeta Vinicius de Morais","id":"way/656122407","type":"Ciclovia"},"geometry":{"type":"LineString","coordinates":[[-34.8797705,-8.0160242],[-34.879765,-8.0162025],[-34.8797554,-8.0165069],[-34.8797531,-8.0165779],[-34.8797169,-8.016951],[-34.8796706,-8.0173324],[-34.8796438,-8.0175181],[-34.8796078,-8.0176762],[-34.8795486,-8.0178435],[-34.8794916,-8.0180088],[-34.8793669,-8.018299],[-34.8792744,-8.0184005],[-34.8791785,-8.0184829],[-34.8790015,-8.0186144],[-34.8787569,-8.0187906],[-34.8784965,-8.0189709],[-34.8782246,-8.0191037],[-34.8779599,-8.0192319],[-34.87766,-8.0193606],[-34.8773868,-8.0194794],[-34.8771169,-8.0196017],[-34.876859,-8.0197026],[-34.8765358,-8.0198222],[-34.876285,-8.0198739],[-34.8760758,-8.0199138],[-34.8757741,-8.0199623],[-34.8755738,-8.0199864]]}},{"type":"Feature","id":"way/656124041","properties":{"name":"Avenida Professor José dos Anjos","id":"way/656124041","type":"Ciclofaixa"},"geometry":{"type":"LineString","coordinates":[[-34.8753026,-8.0201451],[-34.8751852,-8.0200787]]}},{"type":"Feature","id":"way/656150546","properties":{"name":"Rua Souza Bandeira","id":"way/656150546","type":"Ciclofaixa"},"geometry":{"type":"LineString","coordinates":[[-34.9178767,-8.0488735],[-34.9177828,-8.0486106],[-34.9176836,-8.0483424]]}},{"type":"Feature","id":"way/656301112","properties":{"name":"Rua Marechal Deodoro","id":"way/656301112","type":"Ciclofaixa"},"geometry":{"type":"LineString","coordinates":[[-34.884002,-8.0365126],[-34.8840218,-8.0365311],[-34.8840386,-8.0365587],[-34.8840535,-8.0366041]]}},{"type":"Feature","id":"way/660297201","properties":{"name":"Rua Doutor Benigno Jordão de Vasconcelos","id":"way/660297201","type":"Baixa velocidade"},"geometry":{"type":"LineString","coordinates":[[-34.9502929,-8.1225144],[-34.950145,-8.1243121],[-34.9501236,-8.1245537],[-34.9501035,-8.124867],[-34.9500854,-8.1251],[-34.9500059,-8.1260145],[-34.9499881,-8.1262483]]}},{"type":"Feature","id":"way/660711132","properties":{"name":"Rua Doutor Benigno Jordão de Vasconcelos","id":"way/660711132","type":"Baixa velocidade"},"geometry":{"type":"LineString","coordinates":[[-34.9520373,-8.1164918],[-34.9520269,-8.1165088],[-34.9520068,-8.1165479],[-34.9519894,-8.1165954],[-34.9517681,-8.117267],[-34.9517042,-8.1174608],[-34.9516907,-8.1175018],[-34.9514325,-8.1182314],[-34.9513963,-8.1183184],[-34.951354,-8.118402],[-34.9512749,-8.1185182],[-34.9508786,-8.1190207],[-34.9506158,-8.1193606],[-34.9505574,-8.1194356],[-34.9504862,-8.1195306],[-34.950422,-8.1196235],[-34.9503804,-8.1197005],[-34.9503522,-8.1197556],[-34.9503194,-8.1198578],[-34.9503033,-8.1199394],[-34.9502512,-8.1205834],[-34.9502282,-8.1208681],[-34.9502188,-8.1209783],[-34.9502195,-8.1210792],[-34.9502282,-8.1211589],[-34.9502543,-8.1212684],[-34.9502899,-8.1214032],[-34.9503199,-8.1215052],[-34.9503375,-8.1215685],[-34.9503396,-8.1216463],[-34.9503408,-8.1216719],[-34.9503433,-8.1217229],[-34.9503397,-8.1217914],[-34.9503127,-8.1221832],[-34.950304,-8.1223956]]}},{"type":"Feature","id":"way/662266075","properties":{"id":"way/662266075","type":"Baixa velocidade"},"geometry":{"type":"LineString","coordinates":[[-34.9262853,-8.0577428],[-34.9262761,-8.0576149]]}},{"type":"Feature","id":"way/662266076","properties":{"name":"Rua Antônio Valdevino Costa","id":"way/662266076","type":"Baixa velocidade"},"geometry":{"type":"LineString","coordinates":[[-34.9269862,-8.0577471],[-34.9262853,-8.0577428],[-34.9260475,-8.0577474]]}},{"type":"Feature","id":"way/662266086","properties":{"name":"Rua Elvira Carreira de Oliveira","id":"way/662266086","type":"Ciclorrota"},"geometry":{"type":"LineString","coordinates":[[-34.8952264,-8.0642438],[-34.8949599,-8.0652289]]}},{"type":"Feature","id":"way/662901550","properties":{"name":"Acesso Embarque TIP","id":"way/662901550","type":"Baixa velocidade"},"geometry":{"type":"LineString","coordinates":[[-34.9833784,-8.0637797],[-34.9832274,-8.0637578],[-34.9820569,-8.0635142],[-34.9819556,-8.0634932],[-34.9817921,-8.0634608],[-34.9817009,-8.0634393],[-34.9816594,-8.0634203],[-34.9816325,-8.0634011],[-34.9815896,-8.0633473],[-34.9815628,-8.0632822]]}},{"type":"Feature","id":"way/663265621","properties":{"name":"Rua Historiador Jordão Emerenciano","id":"way/663265621","type":"Ciclofaixa"},"geometry":{"type":"LineString","coordinates":[[-34.9434009,-8.0360022],[-34.9435586,-8.036079],[-34.9436897,-8.0361229],[-34.9437929,-8.0361461],[-34.9439029,-8.0361654],[-34.9440473,-8.0361862]]}},{"type":"Feature","id":"way/666158441","properties":{"name":"Avenida Professor José dos Anjos","id":"way/666158441","type":"Ciclofaixa"},"geometry":{"type":"LineString","coordinates":[[-34.8904733,-8.0275835],[-34.8915003,-8.0276514]]}},{"type":"Feature","id":"way/666158444","properties":{"name":"Avenida Professor José dos Anjos","id":"way/666158444","type":"Ciclofaixa"},"geometry":{"type":"LineString","coordinates":[[-34.8915003,-8.0276514],[-34.8926981,-8.0277397],[-34.8929603,-8.0277595]]}},{"type":"Feature","id":"way/666367120","properties":{"name":"Via Mangue - Pista Leste","id":"way/666367120","type":"Ciclovia"},"geometry":{"type":"LineString","coordinates":[[-34.8907314,-8.0972146],[-34.8907378,-8.0971167],[-34.8907411,-8.0970868],[-34.8907831,-8.096871],[-34.8907911,-8.0968448],[-34.890824,-8.0967452],[-34.890883,-8.0965919],[-34.8909359,-8.0964856],[-34.8909996,-8.0963735],[-34.8910768,-8.0962606],[-34.8911693,-8.0961384],[-34.8913222,-8.0959771],[-34.8915877,-8.095772],[-34.8917688,-8.0956638],[-34.8918915,-8.0955974],[-34.8921094,-8.0954726],[-34.8922965,-8.0953471],[-34.8924963,-8.0952004],[-34.892664,-8.0950524],[-34.8927773,-8.0949481],[-34.8929141,-8.0948014],[-34.8930482,-8.0946434],[-34.8931675,-8.0944994],[-34.8933131,-8.0943287],[-34.893417,-8.0941833],[-34.8935531,-8.0939829],[-34.8936617,-8.0938089],[-34.8938314,-8.0935042],[-34.8939487,-8.0932599],[-34.8940567,-8.0930289],[-34.8941077,-8.0928901],[-34.8941975,-8.0926352],[-34.8942411,-8.0924765],[-34.894282,-8.0922906],[-34.8943115,-8.0920596],[-34.8943155,-8.0917907],[-34.8943091,-8.0917186],[-34.8942934,-8.0915411],[-34.8942693,-8.0913878],[-34.894227,-8.0912218],[-34.8941861,-8.0911003]]}},{"type":"Feature","id":"way/666367121","properties":{"name":"Via Mangue - Pista Leste","id":"way/666367121","type":"Ciclovia"},"geometry":{"type":"LineString","coordinates":[[-34.8941861,-8.0911003],[-34.8941284,-8.0909908],[-34.8940879,-8.0909154],[-34.8940305,-8.0908208],[-34.893945,-8.0907186],[-34.8938545,-8.0906246],[-34.8937553,-8.0905446],[-34.8936755,-8.0904892],[-34.8935642,-8.0904271],[-34.8934612,-8.0903797],[-34.8933385,-8.0903339],[-34.893189,-8.0902924],[-34.893014,-8.0902539],[-34.892837,-8.0902081],[-34.8926683,-8.0901417],[-34.892551,-8.0900856],[-34.8924098,-8.0899979],[-34.8922891,-8.0899057],[-34.8921741,-8.0898041],[-34.8920682,-8.0896926],[-34.8919552,-8.0895478],[-34.8919039,-8.0894648],[-34.8918358,-8.089347],[-34.8917775,-8.0892209],[-34.8916766,-8.0889885],[-34.8916162,-8.0888534]]}},{"type":"Feature","id":"way/681293313","properties":{"name":"Ciclovia Entre Pontes","id":"way/681293313","type":"Ciclovia"},"geometry":{"type":"LineString","coordinates":[[-34.9047685,-8.0525897],[-34.9047233,-8.0526255],[-34.9046932,-8.0526718],[-34.9046839,-8.0527006],[-34.9046938,-8.0527254],[-34.904717,-8.0527415],[-34.904736,-8.0527426],[-34.9047467,-8.0527363],[-34.9047595,-8.0527288],[-34.9047727,-8.0526959],[-34.9047754,-8.0526508],[-34.9047685,-8.0525897],[-34.9048081,-8.0523302],[-34.9048687,-8.0509957],[-34.9048672,-8.0505802],[-34.9048426,-8.0503394],[-34.9048005,-8.0501137],[-34.9047331,-8.0499038],[-34.9046185,-8.049592],[-34.9043889,-8.0490883],[-34.9042209,-8.0485419],[-34.9040767,-8.0479716],[-34.9040157,-8.047685],[-34.9039984,-8.0473924],[-34.9040132,-8.0469965],[-34.9040759,-8.0468539],[-34.9040796,-8.0464811],[-34.9041311,-8.0460439],[-34.9041438,-8.0459364],[-34.9041286,-8.0458946],[-34.9040804,-8.0458745],[-34.90398,-8.0458854],[-34.9038971,-8.0459268],[-34.9038692,-8.0459724],[-34.9038795,-8.0460152],[-34.9040796,-8.0464811]]}},{"type":"Feature","id":"way/681309548","properties":{"name":"Rua João Martins de Ataíde","id":"way/681309548","type":"Baixa velocidade"},"geometry":{"type":"LineString","coordinates":[[-34.9412361,-8.0477588],[-34.9409437,-8.047794],[-34.9406746,-8.0478309]]}},{"type":"Feature","id":"way/681309551","properties":{"name":"Rua Alvaro Teixeira de Mesquita","id":"way/681309551","type":"Baixa velocidade"},"geometry":{"type":"LineString","coordinates":[[-34.9406746,-8.0478309],[-34.9404515,-8.0478982],[-34.9401867,-8.0478549],[-34.9400542,-8.0478122]]}},{"type":"Feature","id":"way/681309553","properties":{"name":"Travessa José Frigueiro","id":"way/681309553","type":"Baixa velocidade"},"geometry":{"type":"LineString","coordinates":[[-34.9412361,-8.0477588],[-34.9410031,-8.0473753],[-34.9409695,-8.0473405],[-34.9409357,-8.0473113],[-34.9408958,-8.047287],[-34.9408358,-8.0472535],[-34.9407338,-8.0472136],[-34.9406453,-8.0471904],[-34.9405349,-8.0471778]]}},{"type":"Feature","id":"way/683012039","properties":{"name":"Rua Pintor Antônio Albuquerque","id":"way/683012039","type":"Ciclorrota"},"geometry":{"type":"LineString","coordinates":[[-34.9226444,-8.1073334],[-34.9223352,-8.1072953]]}},{"type":"Feature","id":"way/683033001","properties":{"name":"Rua Mem de Sá","id":"way/683033001","type":"Ciclofaixa"},"geometry":{"type":"LineString","coordinates":[[-34.8904548,-8.0297566],[-34.8901168,-8.0296986],[-34.8898614,-8.0296663]]}},{"type":"Feature","id":"way/683254959","properties":{"name":"Rua Doutor João Santos Filho","id":"way/683254959","type":"Baixa velocidade"},"geometry":{"type":"LineString","coordinates":[[-34.9134996,-8.0364268],[-34.9136193,-8.036406],[-34.9136245,-8.0364052],[-34.91371,-8.0363975],[-34.9137577,-8.0364025],[-34.9137907,-8.0364281],[-34.9138148,-8.0364502],[-34.9138361,-8.0364783],[-34.9138648,-8.0365366]]}},{"type":"Feature","id":"way/683265615","properties":{"name":"Rua Tenente Aurélio Sampaio","id":"way/683265615","type":"Ciclorrota"},"geometry":{"type":"LineString","coordinates":[[-34.9147446,-8.1356019],[-34.9147239,-8.1356067],[-34.913776,-8.1358339]]}},{"type":"Feature","id":"way/683266336","properties":{"name":"Rua João Cardoso Aires","id":"way/683266336","type":"Ciclofaixa"},"geometry":{"type":"LineString","coordinates":[[-34.9113547,-8.1410155],[-34.9115213,-8.14094],[-34.9115513,-8.1409264]]}},{"type":"Feature","id":"way/683266337","properties":{"name":"Rua João Cardoso Aires","id":"way/683266337","type":"Ciclofaixa"},"geometry":{"type":"LineString","coordinates":[[-34.9115513,-8.1409264],[-34.9115973,-8.1409073]]}},{"type":"Feature","id":"way/683266704","properties":{"name":"Rua Baltazar Passos","id":"way/683266704","type":"Ciclorrota"},"geometry":{"type":"LineString","coordinates":[[-34.9118193,-8.1418611],[-34.9115363,-8.1419827],[-34.9114687,-8.1420113]]}},{"type":"Feature","id":"way/686979459","properties":{"name":"Rua Potengy","id":"way/686979459","type":"Ciclofaixa"},"geometry":{"type":"LineString","coordinates":[[-34.917528,-8.1076803],[-34.9172457,-8.1079963],[-34.9171478,-8.1081058]]}},{"type":"Feature","id":"way/686979460","properties":{"name":"Rua Potengy","id":"way/686979460","type":"Ciclofaixa"},"geometry":{"type":"LineString","coordinates":[[-34.9171478,-8.1081058],[-34.9167986,-8.1085045],[-34.9167285,-8.1085846]]}},{"type":"Feature","id":"way/690779923","properties":{"name":"Estrada Mumbeca","id":"way/690779923","type":"Baixa velocidade"},"geometry":{"type":"LineString","coordinates":[[-34.915908,-7.9525553],[-34.9160743,-7.9523256],[-34.9161675,-7.9521761],[-34.9162649,-7.9520038],[-34.9163378,-7.9518587]]}},{"type":"Feature","id":"way/696045645","properties":{"name":"Rua da Moeda","id":"way/696045645","type":"Calçada compartilhada"},"geometry":{"type":"LineString","coordinates":[[-34.8727539,-8.0645669],[-34.8727191,-8.0645364],[-34.872538,-8.0645072],[-34.8724823,-8.0645218]]}},{"type":"Feature","id":"way/700008077","properties":{"name":"Rua do Hospício","id":"way/700008077","type":"Ciclofaixa"},"geometry":{"type":"LineString","coordinates":[[-34.8840259,-8.060816],[-34.884044,-8.0608576]]}},{"type":"Feature","id":"way/700013794","properties":{"name":"Corredor Exclusivo BRT Leste - Oeste","id":"way/700013794","type":"Baixa velocidade"},"geometry":{"type":"LineString","coordinates":[[-34.9298923,-8.045525],[-34.9299843,-8.0454741],[-34.9308358,-8.0450001]]}},{"type":"Feature","id":"way/700013797","properties":{"name":"Corredor Exclusivo BRT Leste - Oeste","id":"way/700013797","type":"Baixa velocidade"},"geometry":{"type":"LineString","coordinates":[[-34.9299359,-8.0456083],[-34.9298229,-8.045671],[-34.9288423,-8.0462151],[-34.9285821,-8.0463595],[-34.927876,-8.0467486]]}},{"type":"Feature","id":"way/700013815","properties":{"name":"Avenida Desembargador Guerra Barreto","id":"way/700013815","type":"Ciclovia"},"geometry":{"type":"LineString","coordinates":[[-34.8972259,-8.0686321],[-34.8974801,-8.0686695],[-34.8975526,-8.0686801],[-34.8980575,-8.0686738]]}},{"type":"Feature","id":"way/700750680","properties":{"name":"Ciclovia Camilo Simões","id":"way/700750680","type":"Ciclovia"},"geometry":{"type":"LineString","coordinates":[[-34.8672478,-8.0299047],[-34.8670367,-8.0301457],[-34.8669655,-8.0302526],[-34.8669362,-8.0303294],[-34.8669183,-8.0304256],[-34.8669683,-8.0305402],[-34.8671096,-8.0307873],[-34.8672227,-8.0309582],[-34.8672883,-8.0309946],[-34.8673592,-8.031057],[-34.8675583,-8.0313595],[-34.8677446,-8.0316332],[-34.8680199,-8.0320689],[-34.8681366,-8.0321856],[-34.8682705,-8.0323598],[-34.869019,-8.0333558],[-34.8693076,-8.0337103],[-34.8693683,-8.0337848],[-34.8697596,-8.0342399],[-34.8701929,-8.034721],[-34.8704818,-8.0350877],[-34.8706324,-8.0352843],[-34.8706596,-8.0353209],[-34.8707607,-8.0354517],[-34.870948,-8.0356452]]}},{"type":"Feature","id":"way/700979476","properties":{"id":"way/700979476","type":"Calçada compartilhada"},"geometry":{"type":"LineString","coordinates":[[-34.9787486,-8.0758393],[-34.978663,-8.0760123],[-34.9786751,-8.0760182]]}},{"type":"Feature","id":"way/704150020","properties":{"name":"Ciclovia Norte","id":"way/704150020","type":"Ciclovia"},"geometry":{"type":"LineString","coordinates":[[-34.8770289,-8.0474313],[-34.8778751,-8.0467863],[-34.878044,-8.0466458],[-34.8782351,-8.0464942],[-34.8784339,-8.0463458],[-34.8786254,-8.0461945],[-34.8796657,-8.0453788],[-34.8796892,-8.0453554],[-34.8798122,-8.0452626],[-34.8799388,-8.0451433],[-34.8801938,-8.044961],[-34.8803377,-8.044843],[-34.8803982,-8.0447978],[-34.8806093,-8.0446444],[-34.8807469,-8.0445692],[-34.880947,-8.044481],[-34.8815839,-8.0442154],[-34.8816829,-8.0441771],[-34.8818244,-8.0441156],[-34.8819571,-8.0439939],[-34.8820226,-8.0439503],[-34.8822749,-8.0438376],[-34.8823528,-8.043842],[-34.8824465,-8.0438232],[-34.8825774,-8.0437664],[-34.8830161,-8.0435823],[-34.8831232,-8.0435413],[-34.8833525,-8.0434398],[-34.8835025,-8.0433667]]}},{"type":"Feature","id":"way/704218858","properties":{"name":"Rua Floriano Peixoto","id":"way/704218858","type":"Ciclofaixa"},"geometry":{"type":"LineString","coordinates":[[-34.8809231,-8.0638489],[-34.8809536,-8.0639227],[-34.8809679,-8.0639535],[-34.8810004,-8.0640006],[-34.8810702,-8.0640918],[-34.8811432,-8.0641772],[-34.8812941,-8.0643518],[-34.8813906,-8.064462],[-34.8814778,-8.0645556],[-34.8816419,-8.0647445],[-34.8820131,-8.0650748],[-34.8820975,-8.0651563],[-34.882268,-8.065316],[-34.8823642,-8.0654204]]}},{"type":"Feature","id":"way/704220886","properties":{"name":"Rua dos Palmares","id":"way/704220886","type":"Ciclofaixa"},"geometry":{"type":"LineString","coordinates":[[-34.8877669,-8.0489706],[-34.8879969,-8.0484356],[-34.8880655,-8.0482915],[-34.8882309,-8.0480106],[-34.8882776,-8.0479372]]}},{"type":"Feature","id":"way/704220887","properties":{"name":"Rua Doutor Carlos Chagas","id":"way/704220887","type":"Ciclorrota"},"geometry":{"type":"LineString","coordinates":[[-34.8896203,-8.0477566],[-34.8897029,-8.0477118],[-34.8897356,-8.0476726],[-34.8897536,-8.0476345]]}},{"type":"Feature","id":"way/704220888","properties":{"name":"Avenida João de Barros","id":"way/704220888","type":"Ciclofaixa"},"geometry":{"type":"LineString","coordinates":[[-34.8898089,-8.0479263],[-34.8897939,-8.048202]]}},{"type":"Feature","id":"way/704221527","properties":{"name":"Rua Madre de Deus","id":"way/704221527","type":"Baixa velocidade"},"geometry":{"type":"LineString","coordinates":[[-34.8734772,-8.0665105],[-34.8734994,-8.0665602],[-34.8735154,-8.0665886]]}},{"type":"Feature","id":"way/704221528","properties":{"name":"Cais da Alfândega","id":"way/704221528","type":"Baixa velocidade"},"geometry":{"type":"LineString","coordinates":[[-34.8733383,-8.0661687],[-34.8732377,-8.0661537],[-34.8731658,-8.066134],[-34.8730715,-8.0660912],[-34.8730035,-8.0660519],[-34.8729262,-8.0660001]]}},{"type":"Feature","id":"way/706175628","properties":{"name":"Rua Manoel de Brito","id":"way/706175628","type":"Ciclofaixa"},"geometry":{"type":"LineString","coordinates":[[-34.8892782,-8.087926],[-34.8892515,-8.0879022],[-34.8891563,-8.0878175],[-34.8886878,-8.0873661],[-34.8886704,-8.0873481],[-34.8886234,-8.0872966]]}},{"type":"Feature","id":"way/706175631","properties":{"name":"Avenida Desembargador Guerra Barreto","id":"way/706175631","type":"Ciclofaixa"},"geometry":{"type":"LineString","coordinates":[[-34.8952482,-8.0694011],[-34.8954338,-8.069304],[-34.8957054,-8.0691644]]}},{"type":"Feature","id":"way/706175632","properties":{"name":"Avenida Desembargador Guerra Barreto","id":"way/706175632","type":"Ciclovia"},"geometry":{"type":"LineString","coordinates":[[-34.8980575,-8.0686738],[-34.8981521,-8.068665],[-34.8982895,-8.0686439],[-34.8987086,-8.0685464],[-34.8995581,-8.0682512],[-34.8998065,-8.0681669],[-34.9000669,-8.0680786],[-34.9001878,-8.0680253]]}},{"type":"Feature","id":"way/707023323","properties":{"name":"Avenida Professor Artur de Sá","id":"way/707023323","type":"Ciclofaixa"},"geometry":{"type":"LineString","coordinates":[[-34.9480808,-8.0464119],[-34.9482766,-8.0464145],[-34.9484663,-8.046411],[-34.9486908,-8.0464109],[-34.9489873,-8.0464095]]}},{"type":"Feature","id":"way/707023325","properties":{"name":"Avenida Professor Artur de Sá","id":"way/707023325","type":"Ciclofaixa"},"geometry":{"type":"LineString","coordinates":[[-34.9450254,-8.0464481],[-34.9452427,-8.0464399],[-34.946035,-8.046439],[-34.9467511,-8.046419],[-34.9477057,-8.0464089],[-34.9480808,-8.0464119]]}},{"type":"Feature","id":"way/707953909","properties":{"name":"Avenida Afonso Olindense","id":"way/707953909","type":"Ciclofaixa"},"geometry":{"type":"LineString","coordinates":[[-34.9553001,-8.0331986],[-34.9552448,-8.0332776],[-34.9552055,-8.0333253]]}},{"type":"Feature","id":"way/707953910","properties":{"name":"Avenida Afonso Olindense","id":"way/707953910","type":"Ciclofaixa"},"geometry":{"type":"LineString","coordinates":[[-34.9552055,-8.0333253],[-34.9551588,-8.0334092]]}},{"type":"Feature","id":"way/723619799","properties":{"name":"Avenida Governador Agamenon Magalhães","id":"way/723619799","type":"Ciclofaixa"},"geometry":{"type":"LineString","coordinates":[[-34.8840253,-8.0426795],[-34.8840034,-8.0426719],[-34.8838254,-8.0425925],[-34.8833724,-8.0423771],[-34.8832177,-8.0423187],[-34.8831462,-8.0422914],[-34.8829936,-8.0422279],[-34.882397,-8.0419475],[-34.8823084,-8.0419065],[-34.8811322,-8.0413643],[-34.8809502,-8.0412716],[-34.8806872,-8.0411551],[-34.880643,-8.0411347],[-34.880498,-8.0410716],[-34.880132,-8.0408955],[-34.8799081,-8.0407914],[-34.8795922,-8.0406332],[-34.8791228,-8.0404187],[-34.8789009,-8.0403194],[-34.8788495,-8.0403058],[-34.8787994,-8.0403012]]}},{"type":"Feature","id":"way/723906438","properties":{"name":"Avenida Professor José dos Anjos","id":"way/723906438","type":"Ciclofaixa"},"geometry":{"type":"LineString","coordinates":[[-34.8892768,-8.0278413],[-34.8891988,-8.0278325]]}},{"type":"Feature","id":"way/723906439","properties":{"name":"Avenida Professor José dos Anjos","id":"way/723906439","type":"Ciclofaixa"},"geometry":{"type":"LineString","coordinates":[[-34.8929106,-8.0280789],[-34.8907025,-8.0279521],[-34.8899995,-8.0279005],[-34.8897816,-8.0278793],[-34.8892768,-8.0278413]]}},{"type":"Feature","id":"way/723919334","properties":{"name":"Rua Oscar de Barros","id":"way/723919334","type":"Ciclofaixa"},"geometry":{"type":"LineString","coordinates":[[-34.9162378,-8.0226623],[-34.916218,-8.0226292]]}},{"type":"Feature","id":"way/723919335","properties":{"name":"Rua Oscar de Barros","id":"way/723919335","type":"Ciclofaixa"},"geometry":{"type":"LineString","coordinates":[[-34.9161726,-8.0225487],[-34.9159947,-8.0221298]]}},{"type":"Feature","id":"way/727928700","properties":{"name":"Avenida Rio Botafogo","id":"way/727928700","type":"Baixa velocidade"},"geometry":{"type":"LineString","coordinates":[[-34.9206984,-7.9638127],[-34.920679,-7.9637722],[-34.9206726,-7.9637254],[-34.92068,-7.9636829],[-34.9206967,-7.9636361],[-34.9209338,-7.9632937],[-34.9210759,-7.9630852],[-34.9213039,-7.9626854],[-34.9213287,-7.9626277],[-34.9213468,-7.9625719],[-34.9213441,-7.9625201]]}},{"type":"Feature","id":"way/727928701","properties":{"name":"Avenida Rio Botafogo","id":"way/727928701","type":"Baixa velocidade"},"geometry":{"type":"LineString","coordinates":[[-34.9224673,-7.9647839],[-34.9223909,-7.9645216],[-34.922362,-7.9644393],[-34.9223198,-7.9643443],[-34.9222722,-7.9642434],[-34.9221428,-7.9640402],[-34.9220925,-7.9639811],[-34.9219718,-7.9638868],[-34.9218947,-7.9638469],[-34.9217813,-7.9638024],[-34.9215292,-7.9637354],[-34.9214213,-7.9637261],[-34.9213368,-7.9637247],[-34.9212074,-7.9637566],[-34.9210699,-7.9638004],[-34.9209029,-7.9638562],[-34.9208225,-7.9638589],[-34.9207608,-7.9638449],[-34.9206984,-7.9638127]]}},{"type":"Feature","id":"way/732593573","properties":{"name":"Cais da Alfândega","id":"way/732593573","type":"Baixa velocidade"},"geometry":{"type":"LineString","coordinates":[[-34.87439,-8.0639809],[-34.8743713,-8.0640647],[-34.8743445,-8.0642128],[-34.8742877,-8.0645136],[-34.8742433,-8.0647027],[-34.8741586,-8.0649554],[-34.8741379,-8.0650093],[-34.8740774,-8.0652205],[-34.8739906,-8.0655807],[-34.873961,-8.0656861],[-34.8739243,-8.0657535]]}},{"type":"Feature","id":"way/737670594","properties":{"name":"Ciclovia Norte","id":"way/737670594","type":"Ciclovia"},"geometry":{"type":"LineString","coordinates":[[-34.8738564,-8.0499165],[-34.8739206,-8.0498012],[-34.8739717,-8.0497689],[-34.8750276,-8.0489756],[-34.8760113,-8.0481611],[-34.8760424,-8.0481388],[-34.8760758,-8.0481113],[-34.8761683,-8.0480518],[-34.8762967,-8.0479661],[-34.8763071,-8.0479514],[-34.8763116,-8.0479336],[-34.8763071,-8.0479144],[-34.8761059,-8.0476302],[-34.8761018,-8.0475827],[-34.8761063,-8.0474695],[-34.8761104,-8.0473801],[-34.876133,-8.0473401],[-34.8761652,-8.0473028],[-34.8763714,-8.0471244],[-34.876407,-8.0470941],[-34.8764357,-8.0470691]]}},{"type":"Feature","id":"way/750088492","properties":{"name":"Ponte Velha","id":"way/750088492","type":"Baixa velocidade"},"geometry":{"type":"LineString","coordinates":[[-34.8849973,-8.0648377],[-34.8850016,-8.0648318],[-34.8850196,-8.0648072]]}},{"type":"Feature","id":"way/750224855","properties":{"name":"Avenida Governador Agamenon Magalhães","id":"way/750224855","type":"Ciclofaixa"},"geometry":{"type":"LineString","coordinates":[[-34.8927443,-8.0489622],[-34.8927109,-8.0489035],[-34.8926502,-8.0488122]]}},{"type":"Feature","id":"way/750224856","properties":{"name":"Rua Monte Castelo","id":"way/750224856","type":"Ciclofaixa"},"geometry":{"type":"LineString","coordinates":[[-34.892832,-8.0492461],[-34.8928735,-8.0492522],[-34.8929018,-8.0492679],[-34.8929219,-8.0493078]]}},{"type":"Feature","id":"way/750454501","properties":{"name":"Túnel Chico Science","id":"way/750454501","type":"Ciclofaixa"},"geometry":{"type":"LineString","coordinates":[[-34.9013868,-8.0621336],[-34.9013778,-8.0620852]]}},{"type":"Feature","id":"way/752348375","properties":{"name":"Avenida Mário Álvares Pereira de Lyra","id":"way/752348375","type":"Ciclofaixa"},"geometry":{"type":"LineString","coordinates":[[-34.9405286,-8.0471526],[-34.9405137,-8.0471902],[-34.9404903,-8.0472233],[-34.9404598,-8.04725],[-34.9404238,-8.047269],[-34.9403843,-8.0472791],[-34.9403435,-8.0472798]]}},{"type":"Feature","id":"way/753946881","properties":{"name":"Rua Mem de Sá","id":"way/753946881","type":"Ciclofaixa"},"geometry":{"type":"LineString","coordinates":[[-34.8897174,-8.029651],[-34.8896921,-8.0296481]]}},{"type":"Feature","id":"way/753946882","properties":{"name":"Rua Mem de Sá","id":"way/753946882","type":"Ciclofaixa"},"geometry":{"type":"LineString","coordinates":[[-34.8897989,-8.0296597],[-34.8897473,-8.0296543]]}},{"type":"Feature","id":"way/753963895","properties":{"name":"Avenida Professor José dos Anjos","id":"way/753963895","type":"Ciclofaixa"},"geometry":{"type":"LineString","coordinates":[[-34.8948244,-8.0282411],[-34.894797,-8.0282372]]}},{"type":"Feature","id":"way/753963896","properties":{"name":"Avenida Professor José dos Anjos","id":"way/753963896","type":"Ciclofaixa"},"geometry":{"type":"LineString","coordinates":[[-34.8950578,-8.0282521],[-34.8948244,-8.0282411]]}},{"type":"Feature","id":"way/753963898","properties":{"name":"Rotatória de Água Fria","id":"way/753963898","type":"Ciclorrota"},"geometry":{"type":"LineString","coordinates":[[-34.8971816,-8.0239667],[-34.89716,-8.0239405],[-34.897152,-8.0239075],[-34.8971594,-8.0238745]]}},{"type":"Feature","id":"way/754047612","properties":{"name":"Rua da Regeneração","id":"way/754047612","type":"Ciclofaixa"},"geometry":{"type":"LineString","coordinates":[[-34.8925563,-8.019005],[-34.8926461,-8.0189631],[-34.8928604,-8.0188532],[-34.8930437,-8.0187763]]}},{"type":"Feature","id":"way/754276497","properties":{"name":"Avenida Montevidéu","id":"way/754276497","type":"Ciclofaixa"},"geometry":{"type":"LineString","coordinates":[[-34.8929219,-8.0493078],[-34.8930887,-8.0497912]]}},{"type":"Feature","id":"way/754547715","properties":{"name":"Avenida Agamenon Magalhães - Pista Local","id":"way/754547715","type":"Ciclofaixa"},"geometry":{"type":"LineString","coordinates":[[-34.8841579,-8.0427741],[-34.8841551,-8.0427731],[-34.884101,-8.0427477],[-34.8840805,-8.0427357],[-34.8840627,-8.0427219],[-34.8840482,-8.0427075],[-34.8840253,-8.0426795]]}},{"type":"Feature","id":"way/756207409","properties":{"id":"way/756207409","type":"Baixa velocidade"},"geometry":{"type":"LineString","coordinates":[[-34.9071533,-8.1308958],[-34.9072573,-8.1306746],[-34.9073129,-8.1305604]]}},{"type":"Feature","id":"way/756239442","properties":{"name":"Rua Baltazar Passos","id":"way/756239442","type":"Ciclorrota"},"geometry":{"type":"LineString","coordinates":[[-34.9118481,-8.1418495],[-34.9118193,-8.1418611]]}},{"type":"Feature","id":"way/756239443","properties":{"name":"Rua Baltazar Passos","id":"way/756239443","type":"Ciclorrota"},"geometry":{"type":"LineString","coordinates":[[-34.9120461,-8.1417641],[-34.91201,-8.14178]]}},{"type":"Feature","id":"way/756572707","properties":{"id":"way/756572707","type":"Proibido"},"geometry":{"type":"LineString","coordinates":[[-34.9176349,-8.1313745],[-34.9176229,-8.1314192],[-34.9176206,-8.1314267],[-34.917615,-8.1314441]]}},{"type":"Feature","id":"way/756572708","properties":{"id":"way/756572708","type":"Proibido"},"geometry":{"type":"LineString","coordinates":[[-34.9173315,-8.1322587],[-34.9172497,-8.132419],[-34.91718,-8.1325108],[-34.9171613,-8.1325422]]}},{"type":"Feature","id":"way/757050341","properties":{"id":"way/757050341","type":"Baixa velocidade"},"geometry":{"type":"LineString","coordinates":[[-34.9438714,-8.0186448],[-34.9444695,-8.0188262]]}},{"type":"Feature","id":"way/761542904","properties":{"name":"Avenida Santos","id":"way/761542904","type":"Baixa velocidade"},"geometry":{"type":"LineString","coordinates":[[-34.9554042,-8.1148455],[-34.955503,-8.1150205],[-34.9555624,-8.1151157],[-34.9556201,-8.1152143],[-34.9556399,-8.1152538],[-34.9556476,-8.1152734],[-34.9556533,-8.1152943],[-34.9556644,-8.1153517]]}},{"type":"Feature","id":"way/761542905","properties":{"name":"Avenida Engenho Serra Verde","id":"way/761542905","type":"Baixa velocidade"},"geometry":{"type":"LineString","coordinates":[[-34.9517585,-8.1127508],[-34.9517376,-8.1128464],[-34.951731,-8.1128928],[-34.9517174,-8.1129598],[-34.95171,-8.1129999],[-34.951679,-8.1132141],[-34.9516504,-8.1133489],[-34.9516165,-8.1135453],[-34.9515636,-8.113856],[-34.9515241,-8.1140458],[-34.9515006,-8.114172],[-34.9514436,-8.1144487],[-34.9514362,-8.1144931],[-34.9513832,-8.1147844],[-34.9513772,-8.1148168],[-34.9513559,-8.114969],[-34.9513372,-8.1150371],[-34.9513283,-8.1150654],[-34.9513166,-8.1150948],[-34.9513056,-8.1151104],[-34.9512916,-8.1151252],[-34.9512676,-8.1151437]]}},{"type":"Feature","id":"way/761542907","properties":{"name":"Rua Professor José Vicente","id":"way/761542907","type":"Baixa velocidade"},"geometry":{"type":"LineString","coordinates":[[-34.9245141,-8.1076033],[-34.9244449,-8.1080826],[-34.9243046,-8.1090545],[-34.9241241,-8.1102916],[-34.9241105,-8.1104322],[-34.9241049,-8.1104897]]}},{"type":"Feature","id":"way/762342877","properties":{"name":"Avenida Queixeramobim","id":"way/762342877","type":"Baixa velocidade"},"geometry":{"type":"LineString","coordinates":[[-34.954808,-8.1223893],[-34.9547175,-8.1223598],[-34.9545848,-8.1223193],[-34.954336,-8.1222635]]}},{"type":"Feature","id":"way/762356036","properties":{"name":"Rua Visconde de Pelotas","id":"way/762356036","type":"Ciclofaixa"},"geometry":{"type":"LineString","coordinates":[[-34.9094211,-8.0782306],[-34.9094309,-8.0783759],[-34.9094383,-8.0784886],[-34.9094616,-8.0791459]]}},{"type":"Feature","id":"way/762658740","properties":{"name":"Rua da Aurora","id":"way/762658740","type":"Ciclofaixa"},"geometry":{"type":"LineString","coordinates":[[-34.8794013,-8.0585802],[-34.8793756,-8.0585391],[-34.8793416,-8.0584865]]}},{"type":"Feature","id":"way/762739492","properties":{"name":"Avenida Professor José dos Anjos","id":"way/762739492","type":"Ciclofaixa"},"geometry":{"type":"LineString","coordinates":[[-34.878488,-8.022456],[-34.8783946,-8.022405],[-34.8776434,-8.0219398],[-34.8772883,-8.0217402],[-34.8769932,-8.0215743],[-34.8763847,-8.0212362],[-34.8758507,-8.0209387],[-34.8755627,-8.0207782],[-34.8752766,-8.0206188],[-34.8748602,-8.0203812],[-34.87472,-8.0203068],[-34.8746128,-8.0202499],[-34.8745248,-8.0202212],[-34.8744451,-8.0202059],[-34.874372,-8.0202033],[-34.8743287,-8.020211],[-34.8742788,-8.0202199],[-34.8735111,-8.020468]]}},{"type":"Feature","id":"way/762739493","properties":{"name":"Avenida Professor José dos Anjos","id":"way/762739493","type":"Ciclofaixa"},"geometry":{"type":"LineString","coordinates":[[-34.8783133,-8.0219232],[-34.8786502,-8.0221094]]}},{"type":"Feature","id":"way/762741649","properties":{"name":"Avenida Santos Dumont","id":"way/762741649","type":"Ciclofaixa"},"geometry":{"type":"LineString","coordinates":[[-34.8959693,-8.0327156],[-34.8959513,-8.0326882],[-34.8955136,-8.0320225],[-34.8950702,-8.0313359]]}},{"type":"Feature","id":"way/762741651","properties":{"name":"Rua José Alexandre Caçador","id":"way/762741651","type":"Ciclorrota"},"geometry":{"type":"LineString","coordinates":[[-34.894957,-8.0311786],[-34.8949019,-8.0310917],[-34.8946319,-8.0306335]]}},{"type":"Feature","id":"way/762748532","properties":{"name":"Rua Carlos Gomes","id":"way/762748532","type":"Ciclofaixa"},"geometry":{"type":"LineString","coordinates":[[-34.9131313,-8.0625844],[-34.9131653,-8.0627016],[-34.9133242,-8.0632264]]}},{"type":"Feature","id":"way/762748534","properties":{"name":"Estrada do Bongi","id":"way/762748534","type":"Ciclofaixa"},"geometry":{"type":"LineString","coordinates":[[-34.9175193,-8.0644074],[-34.917466,-8.0644542],[-34.9173629,-8.0645376],[-34.9172093,-8.0646375],[-34.9170337,-8.0647228],[-34.9165835,-8.0649156]]}},{"type":"Feature","id":"way/762748535","properties":{"name":"Rua Isaac Markman","id":"way/762748535","type":"Ciclofaixa"},"geometry":{"type":"LineString","coordinates":[[-34.9180338,-8.0655432],[-34.9186549,-8.0653209],[-34.9192929,-8.0650987],[-34.9198166,-8.0648962],[-34.9201079,-8.0648129],[-34.9201442,-8.0647991],[-34.9208135,-8.0645439],[-34.9210212,-8.064467],[-34.921082,-8.0644434],[-34.9214654,-8.0643088],[-34.9215546,-8.064279],[-34.9220154,-8.0641267]]}},{"type":"Feature","id":"way/762748536","properties":{"name":"Rua Pedro Américo","id":"way/762748536","type":"Ciclofaixa"},"geometry":{"type":"LineString","coordinates":[[-34.9175193,-8.0644074],[-34.9175571,-8.0644616],[-34.9177529,-8.0648918],[-34.9180338,-8.0655432]]}},{"type":"Feature","id":"way/762748537","properties":{"name":"Rua Cônsul Vilares Fragoso","id":"way/762748537","type":"Ciclorrota"},"geometry":{"type":"LineString","coordinates":[[-34.9268509,-8.0654896],[-34.9255976,-8.0661161],[-34.9246234,-8.0666122],[-34.9239271,-8.0669484]]}},{"type":"Feature","id":"way/762748538","properties":{"name":"Rua Arsênio Calaça","id":"way/762748538","type":"Ciclorrota"},"geometry":{"type":"LineString","coordinates":[[-34.9294465,-8.0646131],[-34.9294263,-8.0645324],[-34.9293385,-8.064235]]}},{"type":"Feature","id":"way/762748541","properties":{"name":"Rua Carlos Gomes","id":"way/762748541","type":"Ciclofaixa"},"geometry":{"type":"LineString","coordinates":[[-34.9133242,-8.0632264],[-34.9133476,-8.0633044]]}},{"type":"Feature","id":"way/762748542","properties":{"name":"Rua Carlos Gomes","id":"way/762748542","type":"Ciclofaixa"},"geometry":{"type":"LineString","coordinates":[[-34.9133707,-8.063381],[-34.9133807,-8.0634143]]}},{"type":"Feature","id":"way/762748543","properties":{"name":"Rua Carlos Gomes","id":"way/762748543","type":"Ciclofaixa"},"geometry":{"type":"LineString","coordinates":[[-34.9133476,-8.0633044],[-34.9133707,-8.063381]]}},{"type":"Feature","id":"way/762748799","properties":{"name":"Rua Tijucas","id":"way/762748799","type":"Ciclorrota"},"geometry":{"type":"LineString","coordinates":[[-34.9294036,-8.059965],[-34.9291861,-8.0593953]]}},{"type":"Feature","id":"way/762753486","properties":{"name":"Avenida Maurício de Nassau","id":"way/762753486","type":"Ciclofaixa"},"geometry":{"type":"LineString","coordinates":[[-34.9271409,-8.0406719],[-34.9276079,-8.0404166],[-34.9276333,-8.0404033]]}},{"type":"Feature","id":"way/762754345","properties":{"name":"Rua Comendador Franco Ferreira","id":"way/762754345","type":"Ciclorrota"},"geometry":{"type":"LineString","coordinates":[[-34.9287544,-8.0724549],[-34.92849,-8.0715515],[-34.9283943,-8.0711977],[-34.9283838,-8.0711589]]}},{"type":"Feature","id":"way/762754347","properties":{"name":"Avenida General San Martin","id":"way/762754347","type":"Ciclofaixa"},"geometry":{"type":"LineString","coordinates":[[-34.9291715,-8.0723513],[-34.9295584,-8.0733378]]}},{"type":"Feature","id":"way/762754348","properties":{"name":"Rua Professor Silvio da Cunha Santos","id":"way/762754348","type":"Ciclofaixa"},"geometry":{"type":"LineString","coordinates":[[-34.9287544,-8.0724549],[-34.9291715,-8.0723513]]}},{"type":"Feature","id":"way/762760194","properties":{"name":"Rua General Edson Amâncio Ramalho","id":"way/762760194","type":"Ciclovia"},"geometry":{"type":"LineString","coordinates":[[-34.9000452,-8.1123682],[-34.9000119,-8.1119276],[-34.8999837,-8.1116926],[-34.8999054,-8.1113102],[-34.8998724,-8.1111681],[-34.8998356,-8.111041],[-34.8998039,-8.1109456]]}},{"type":"Feature","id":"way/762760196","properties":{"name":"Rua Manoel de Brito","id":"way/762760196","type":"Ciclofaixa"},"geometry":{"type":"LineString","coordinates":[[-34.889621,-8.0883362],[-34.8895768,-8.0882622],[-34.8895435,-8.0882247],[-34.8895106,-8.0881876],[-34.8894707,-8.0881428],[-34.8894309,-8.088098],[-34.8893798,-8.0880404],[-34.8892782,-8.087926]]}},{"type":"Feature","id":"way/762760197","properties":{"name":"Rua Barão de São Ângelo","id":"way/762760197","type":"Ciclovia"},"geometry":{"type":"LineString","coordinates":[[-34.8897222,-8.0882237],[-34.8896856,-8.0882658],[-34.889621,-8.0883362]]}},{"type":"Feature","id":"way/762896712","properties":{"name":"Rua dos Palmares","id":"way/762896712","type":"Ciclofaixa"},"geometry":{"type":"LineString","coordinates":[[-34.8874751,-8.0497278],[-34.8875043,-8.049652],[-34.8875283,-8.0495873]]}},{"type":"Feature","id":"way/762896713","properties":{"name":"Ciclovia Graça Araújo","id":"way/762896713","type":"Ciclovia"},"geometry":{"type":"LineString","coordinates":[[-34.8780848,-8.0562215],[-34.8791236,-8.0555498],[-34.8791461,-8.0555355],[-34.8805349,-8.0546527],[-34.8806068,-8.0546041],[-34.8808795,-8.054458],[-34.8814951,-8.0540524],[-34.8815156,-8.054039],[-34.8815638,-8.0540077],[-34.8816117,-8.053981],[-34.881692,-8.0539356],[-34.881915,-8.0538062],[-34.8824951,-8.0534227],[-34.882534,-8.0534007],[-34.8836693,-8.0526748],[-34.8837403,-8.0526264],[-34.8838644,-8.0525301],[-34.8845968,-8.0519317],[-34.8846401,-8.0519068],[-34.8851855,-8.051502],[-34.8852242,-8.0514813],[-34.8852954,-8.0514147],[-34.8861433,-8.0508071],[-34.8871421,-8.0500489],[-34.8874511,-8.0498223],[-34.8874631,-8.0497741],[-34.8874751,-8.0497278]]}},{"type":"Feature","id":"way/762896714","properties":{"name":"Ciclovia Graça Araújo","id":"way/762896714","type":"Ciclovia"},"geometry":{"type":"LineString","coordinates":[[-34.8780848,-8.0562215],[-34.8780995,-8.0562447]]}},{"type":"Feature","id":"way/762906975","properties":{"name":"Avenida Governador Agamenon Magalhães","id":"way/762906975","type":"Ciclofaixa"},"geometry":{"type":"LineString","coordinates":[[-34.874113,-8.0373081],[-34.8745241,-8.0374901]]}},{"type":"Feature","id":"way/762927577","properties":{"name":"Rua General Edson Amâncio Ramalho","id":"way/762927577","type":"Ciclorrota"},"geometry":{"type":"LineString","coordinates":[[-34.9004351,-8.1154034],[-34.9003686,-8.1150656],[-34.900274,-8.114402],[-34.9001594,-8.1135816],[-34.9001411,-8.1134245],[-34.9001352,-8.1133554]]}},{"type":"Feature","id":"way/762937129","properties":{"name":"Avenida Marechal Juarez Távora","id":"way/762937129","type":"Ciclofaixa"},"geometry":{"type":"LineString","coordinates":[[-34.9092015,-8.1395256],[-34.9091618,-8.1395003],[-34.9086925,-8.139106],[-34.9086443,-8.1390655],[-34.9084348,-8.1388501],[-34.9083774,-8.1387856],[-34.9083079,-8.1386889],[-34.9082623,-8.1385813],[-34.9082228,-8.1384426],[-34.9082074,-8.1383278],[-34.9081867,-8.1381094],[-34.9081832,-8.138037],[-34.9081589,-8.1376946]]}},{"type":"Feature","id":"way/762937136","properties":{"name":"Rua João Cardoso Aires","id":"way/762937136","type":"Ciclorrota"},"geometry":{"type":"LineString","coordinates":[[-34.9115973,-8.1409073],[-34.9116726,-8.1408737],[-34.9118293,-8.1408037],[-34.9129768,-8.1402886]]}},{"type":"Feature","id":"way/762937137","properties":{"name":"Avenida Marechal Juarez Távora","id":"way/762937137","type":"Ciclofaixa"},"geometry":{"type":"LineString","coordinates":[[-34.9115973,-8.1409073],[-34.9115299,-8.1411157],[-34.9115239,-8.141273],[-34.9115662,-8.1413918],[-34.9116305,-8.1414781],[-34.9116956,-8.1415512],[-34.9117673,-8.1416003],[-34.9119809,-8.1417258],[-34.9120461,-8.1417641]]}},{"type":"Feature","id":"way/762937141","properties":{"name":"Avenida Lino Jordão","id":"way/762937141","type":"Ciclofaixa"},"geometry":{"type":"LineString","coordinates":[[-34.9149217,-8.1434396],[-34.9146664,-8.1435731],[-34.9146577,-8.1435781]]}},{"type":"Feature","id":"way/762937142","properties":{"name":"Avenida Marechal Juarez Távora","id":"way/762937142","type":"Ciclofaixa"},"geometry":{"type":"LineString","coordinates":[[-34.9145105,-8.1436355],[-34.9144408,-8.1435093],[-34.9143523,-8.1433938],[-34.9142759,-8.1433076],[-34.9141967,-8.1432438],[-34.9139701,-8.1431004],[-34.9137314,-8.1429544],[-34.9131721,-8.1426385],[-34.9127363,-8.1423796],[-34.9119167,-8.1419162],[-34.9118193,-8.1418611],[-34.9114303,-8.1416372],[-34.9112843,-8.1415024]]}},{"type":"Feature","id":"way/762937143","properties":{"name":"Pontilhão","id":"way/762937143","type":"Calçada compartilhada"},"geometry":{"type":"LineString","coordinates":[[-34.905707,-8.1434752],[-34.9057294,-8.1434663],[-34.9058442,-8.1434222],[-34.9059229,-8.1433902]]}},{"type":"Feature","id":"way/762937144","properties":{"name":"Pontilhão","id":"way/762937144","type":"Calçada compartilhada"},"geometry":{"type":"LineString","coordinates":[[-34.9060571,-8.1433339],[-34.9061397,-8.1433014],[-34.9061998,-8.1432772]]}},{"type":"Feature","id":"way/762937145","properties":{"name":"Pontilhão","id":"way/762937145","type":"Calçada compartilhada"},"geometry":{"type":"LineString","coordinates":[[-34.9059229,-8.1433902],[-34.9060571,-8.1433339]]}},{"type":"Feature","id":"way/762937146","properties":{"name":"Rua João Cardoso Aires","id":"way/762937146","type":"Ciclofaixa"},"geometry":{"type":"LineString","coordinates":[[-34.9053245,-8.1437029],[-34.9057446,-8.1434993]]}},{"type":"Feature","id":"way/762937147","properties":{"name":"Rua Setúbal","id":"way/762937147","type":"Ciclorrota"},"geometry":{"type":"LineString","coordinates":[[-34.9046951,-8.142397],[-34.904891,-8.1428035],[-34.9053245,-8.1437029],[-34.9058104,-8.1447023]]}},{"type":"Feature","id":"way/762943308","properties":{"name":"Avenida Visconde de Jequitinhonha","id":"way/762943308","type":"Ciclorrota"},"geometry":{"type":"LineString","coordinates":[[-34.9031593,-8.1345205],[-34.9032712,-8.1348948],[-34.9033532,-8.1351431]]}},{"type":"Feature","id":"way/762943309","properties":{"name":"Rua Padre Cabral","id":"way/762943309","type":"Ciclorrota"},"geometry":{"type":"LineString","coordinates":[[-34.9057707,-8.1336914],[-34.9052063,-8.1335215],[-34.9048162,-8.1334028],[-34.9047906,-8.1333968]]}},{"type":"Feature","id":"way/762943310","properties":{"name":"Rua José Domingues da Silva","id":"way/762943310","type":"Ciclorrota"},"geometry":{"type":"LineString","coordinates":[[-34.9057707,-8.1336914],[-34.9058713,-8.1332004],[-34.9059835,-8.132564],[-34.9061039,-8.1320069],[-34.9061245,-8.1319119]]}},{"type":"Feature","id":"way/762953787","properties":{"name":"Rua Castro Alves","id":"way/762953787","type":"Ciclorrota"},"geometry":{"type":"LineString","coordinates":[[-34.8904995,-8.0373131],[-34.89069,-8.0372378],[-34.8907927,-8.0371964],[-34.8908294,-8.0371816]]}},{"type":"Feature","id":"way/762953788","properties":{"name":"Avenida Agamenon Magalhães - Pista Local","id":"way/762953788","type":"Ciclofaixa"},"geometry":{"type":"LineString","coordinates":[[-34.8849929,-8.041984],[-34.884861,-8.0419201],[-34.884744,-8.0418531],[-34.8839268,-8.0414878],[-34.8833994,-8.041249],[-34.8833533,-8.0412281]]}},{"type":"Feature","id":"way/762960700","properties":{"name":"Avenida Afonso Olindense","id":"way/762960700","type":"Ciclofaixa"},"geometry":{"type":"LineString","coordinates":[[-34.9574417,-8.0388954],[-34.9574817,-8.039009],[-34.9576008,-8.0393826],[-34.9576083,-8.0394062],[-34.9576545,-8.0395345],[-34.957721,-8.0397567],[-34.9577633,-8.039918],[-34.9579128,-8.040389],[-34.9579441,-8.0404902],[-34.958054,-8.0408932],[-34.9581181,-8.0411337],[-34.9581732,-8.0413435],[-34.9582369,-8.0415451],[-34.9583193,-8.0418053],[-34.958534,-8.0425385],[-34.9585928,-8.0427436]]}},{"type":"Feature","id":"way/762960701","properties":{"name":"Avenida Afonso Olindense","id":"way/762960701","type":"Ciclofaixa"},"geometry":{"type":"LineString","coordinates":[[-34.9551758,-8.0344144],[-34.9552039,-8.0344894]]}},{"type":"Feature","id":"way/762960702","properties":{"name":"Rua João Francisco Lisboa","id":"way/762960702","type":"Ciclorrota"},"geometry":{"type":"LineString","coordinates":[[-34.9585102,-8.0513693],[-34.9578628,-8.0516264],[-34.9572667,-8.0518779],[-34.9569303,-8.0520244],[-34.9566493,-8.0521386],[-34.9555555,-8.0528524]]}},{"type":"Feature","id":"way/762960703","properties":{"name":"Rua Acadêmico Hélio Ramos","id":"way/762960703","type":"Ciclorrota"},"geometry":{"type":"LineString","coordinates":[[-34.9555555,-8.0528524],[-34.9555804,-8.0529384],[-34.9556716,-8.0532532],[-34.9560009,-8.0544582],[-34.9562047,-8.0551408],[-34.9562707,-8.0553981],[-34.9563083,-8.0555356],[-34.9565514,-8.0564068]]}},{"type":"Feature","id":"way/762960949","properties":{"name":"Rua Jornalista Trajano Chacon","id":"way/762960949","type":"Ciclorrota"},"geometry":{"type":"LineString","coordinates":[[-34.8945516,-8.0641047],[-34.894854,-8.0641785],[-34.8952264,-8.0642438],[-34.8954234,-8.0642709],[-34.8956117,-8.0642965],[-34.8958144,-8.06432],[-34.8960257,-8.0643486]]}},{"type":"Feature","id":"way/762960950","properties":{"name":"Rua Frei Matias Tévis","id":"way/762960950","type":"Ciclorrota"},"geometry":{"type":"LineString","coordinates":[[-34.8960257,-8.0643486],[-34.8958988,-8.0647294],[-34.8958494,-8.064877],[-34.8958021,-8.0650111],[-34.8957433,-8.0651907]]}},{"type":"Feature","id":"way/762960953","properties":{"name":"Rua Frei Matias Tévis","id":"way/762960953","type":"Ciclorrota"},"geometry":{"type":"LineString","coordinates":[[-34.8957433,-8.0651907],[-34.8953864,-8.0662722]]}},{"type":"Feature","id":"way/762962423","properties":{"name":"Rua do Pombal","id":"way/762962423","type":"Ciclofaixa"},"geometry":{"type":"LineString","coordinates":[[-34.8845801,-8.051837],[-34.8842532,-8.0514098],[-34.8835691,-8.0505012]]}},{"type":"Feature","id":"way/762962425","properties":{"name":"Rua Tupinambás","id":"way/762962425","type":"Ciclorrota"},"geometry":{"type":"LineString","coordinates":[[-34.8809992,-8.0469582],[-34.8806201,-8.0472311],[-34.8802457,-8.047491]]}},{"type":"Feature","id":"way/762962426","properties":{"name":"Rua Treze de Maio","id":"way/762962426","type":"Ciclofaixa"},"geometry":{"type":"LineString","coordinates":[[-34.8802457,-8.047491],[-34.8806749,-8.0481149],[-34.8809208,-8.0484729]]}},{"type":"Feature","id":"way/762962428","properties":{"name":"Rua Treze de Maio","id":"way/762962428","type":"Ciclofaixa"},"geometry":{"type":"LineString","coordinates":[[-34.8837774,-8.0526736],[-34.8838346,-8.0527571],[-34.8844782,-8.0537439]]}},{"type":"Feature","id":"way/762962429","properties":{"name":"Rua Pedro Afonso","id":"way/762962429","type":"Ciclofaixa"},"geometry":{"type":"LineString","coordinates":[[-34.8816261,-8.0494594],[-34.8823993,-8.0489141]]}},{"type":"Feature","id":"way/762962430","properties":{"name":"Rua Treze de Maio","id":"way/762962430","type":"Ciclofaixa"},"geometry":{"type":"LineString","coordinates":[[-34.8816261,-8.0494594],[-34.8821334,-8.0501641],[-34.8827698,-8.0510773],[-34.8835966,-8.0524125],[-34.8836916,-8.052551]]}},{"type":"Feature","id":"way/762962432","properties":{"name":"Rua Araripina","id":"way/762962432","type":"Ciclorrota"},"geometry":{"type":"LineString","coordinates":[[-34.8781993,-8.051069],[-34.8768443,-8.0519768],[-34.8757023,-8.0527522]]}},{"type":"Feature","id":"way/762962434","properties":{"name":"Rua Barros Barreto","id":"way/762962434","type":"Ciclorrota"},"geometry":{"type":"LineString","coordinates":[[-34.8816858,-8.0479489],[-34.8809208,-8.0484729]]}},{"type":"Feature","id":"way/762962435","properties":{"name":"Rua do Pombal","id":"way/762962435","type":"Ciclofaixa"},"geometry":{"type":"LineString","coordinates":[[-34.8816858,-8.0479489],[-34.8815136,-8.047705],[-34.8813146,-8.0474357],[-34.8809992,-8.0469582]]}},{"type":"Feature","id":"way/763179811","properties":{"name":"Rua Treze de Maio","id":"way/763179811","type":"Ciclofaixa"},"geometry":{"type":"LineString","coordinates":[[-34.8799976,-8.0471505],[-34.8799261,-8.0470831],[-34.8798828,-8.0470304],[-34.8798424,-8.0469761],[-34.8798057,-8.0469286],[-34.8797895,-8.0469064],[-34.8797727,-8.0468821],[-34.8796856,-8.0467471],[-34.8796697,-8.04668]]}},{"type":"Feature","id":"way/763179812","properties":{"name":"Rua Treze de Maio","id":"way/763179812","type":"Ciclofaixa"},"geometry":{"type":"LineString","coordinates":[[-34.8809208,-8.0484729],[-34.8816261,-8.0494594]]}},{"type":"Feature","id":"way/763179814","properties":{"name":"Rua Marechal Hermes","id":"way/763179814","type":"Ciclorrota"},"geometry":{"type":"LineString","coordinates":[[-34.8806427,-8.0882587],[-34.8804144,-8.0884806],[-34.880342,-8.0885552],[-34.8800975,-8.0887588]]}},{"type":"Feature","id":"way/763417898","properties":{"name":"Avenida Armindo Moura","id":"way/763417898","type":"Ciclofaixa"},"geometry":{"type":"LineString","coordinates":[[-34.9115634,-8.1497141],[-34.9112249,-8.1498357],[-34.9107929,-8.1499873],[-34.9105132,-8.1500885],[-34.9104786,-8.1501014],[-34.9101725,-8.1502154],[-34.9100968,-8.1502443],[-34.9099237,-8.1503104],[-34.9097076,-8.1503913],[-34.9096713,-8.1504049],[-34.9094856,-8.1504741],[-34.9094365,-8.1504931],[-34.909358,-8.1505236],[-34.9092771,-8.1505528]]}},{"type":"Feature","id":"way/764025311","properties":{"name":"Rua Visconde de Jequitinhonha","id":"way/764025311","type":"Ciclofaixa"},"geometry":{"type":"LineString","coordinates":[[-34.9027475,-8.1350953],[-34.9027545,-8.1351151],[-34.9030095,-8.1359559],[-34.9031734,-8.1364556],[-34.903228,-8.136617],[-34.9037806,-8.1383065],[-34.9038514,-8.1385208],[-34.9038802,-8.1386169]]}},{"type":"Feature","id":"way/764025312","properties":{"name":"Pontilhão","id":"way/764025312","type":"Calçada compartilhada"},"geometry":{"type":"LineString","coordinates":[[-34.902884,-8.1350494],[-34.9029677,-8.1349882]]}},{"type":"Feature","id":"way/764025313","properties":{"name":"Pontilhão","id":"way/764025313","type":"Calçada compartilhada"},"geometry":{"type":"LineString","coordinates":[[-34.9030818,-8.1349524],[-34.9031559,-8.1349274],[-34.9032712,-8.1348948]]}},{"type":"Feature","id":"way/764025314","properties":{"name":"Pontilhão","id":"way/764025314","type":"Calçada compartilhada"},"geometry":{"type":"LineString","coordinates":[[-34.9029677,-8.1349882],[-34.9030818,-8.1349524]]}},{"type":"Feature","id":"way/764026176","properties":{"name":"Rua Pedro Afonso","id":"way/764026176","type":"Ciclofaixa"},"geometry":{"type":"LineString","coordinates":[[-34.8806067,-8.050185],[-34.8811191,-8.0498207],[-34.8816261,-8.0494594]]}},{"type":"Feature","id":"way/764026177","properties":{"name":"Avenida Governador Agamenon Magalhães","id":"way/764026177","type":"Ciclofaixa"},"geometry":{"type":"LineString","coordinates":[[-34.8846905,-8.0429925],[-34.8850045,-8.0431541],[-34.8851727,-8.04323]]}},{"type":"Feature","id":"way/764026950","properties":{"name":"Avenida Vinte de Janeiro","id":"way/764026950","type":"Ciclorrota"},"geometry":{"type":"LineString","coordinates":[[-34.9138582,-8.1362146],[-34.914035,-8.1370428],[-34.9142263,-8.1378905],[-34.9143794,-8.138598],[-34.9144903,-8.1390797],[-34.9146012,-8.1395614]]}},{"type":"Feature","id":"way/764026952","properties":{"name":"Avenida Sul","id":"way/764026952","type":"Ciclorrota"},"geometry":{"type":"LineString","coordinates":[[-34.9147446,-8.1356019],[-34.914633,-8.1351025],[-34.9145241,-8.1346061],[-34.9145158,-8.1345654]]}},{"type":"Feature","id":"way/764072395","properties":{"name":"TI Joana Bezerra","id":"way/764072395","type":"Proibido"},"geometry":{"type":"LineString","coordinates":[[-34.8961892,-8.0718549],[-34.8962841,-8.0718208],[-34.8963114,-8.0718189],[-34.8963453,-8.0718215],[-34.8963762,-8.0718308],[-34.896407,-8.0718454],[-34.8964325,-8.0718702],[-34.8964794,-8.0718706],[-34.896495,-8.0718686],[-34.8965244,-8.0718648],[-34.8965581,-8.0718543],[-34.8965846,-8.0718436]]}},{"type":"Feature","id":"way/766596159","properties":{"name":"Corredor Exclusivo BRT Leste - Oeste","id":"way/766596159","type":"Baixa velocidade"},"geometry":{"type":"LineString","coordinates":[[-34.8991292,-8.0567336],[-34.8989881,-8.0567344],[-34.8987775,-8.0567329],[-34.8985671,-8.0567364],[-34.8983399,-8.0567352]]}},{"type":"Feature","id":"way/766721304","properties":{"name":"Rua Alberto Paiva","id":"way/766721304","type":"Ciclofaixa"},"geometry":{"type":"LineString","coordinates":[[-34.9003996,-8.0438738],[-34.9010422,-8.0438978],[-34.9011164,-8.0439017],[-34.9012431,-8.0439084],[-34.9015115,-8.0439225],[-34.9021352,-8.0439444],[-34.9021992,-8.043951]]}},{"type":"Feature","id":"way/769099817","properties":{"name":"Ciclovia Norte","id":"way/769099817","type":"Ciclovia"},"geometry":{"type":"LineString","coordinates":[[-34.8837961,-8.0432017],[-34.8838387,-8.0431755],[-34.8839329,-8.0431049],[-34.8840584,-8.0430136],[-34.8842315,-8.0428604],[-34.8843107,-8.042781],[-34.8845278,-8.0425575]]}},{"type":"Feature","id":"way/770273442","properties":{"name":"Avenida Cruz Cabugá","id":"way/770273442","type":"Ciclofaixa"},"geometry":{"type":"LineString","coordinates":[[-34.8822398,-8.0551104],[-34.8822231,-8.0549904]]}},{"type":"Feature","id":"way/770284442","properties":{"name":"Rua Araripina","id":"way/770284442","type":"Ciclorrota"},"geometry":{"type":"LineString","coordinates":[[-34.8790429,-8.0504672],[-34.8789523,-8.0505318],[-34.8781993,-8.051069]]}},{"type":"Feature","id":"way/770310520","properties":{"name":"Ponte Conde Maurício de Nassau","id":"way/770310520","type":"Ciclofaixa"},"geometry":{"type":"LineString","coordinates":[[-34.8763842,-8.0641077],[-34.8763296,-8.0640965]]}},{"type":"Feature","id":"way/770310523","properties":{"name":"Ponte Buarque de Macedo","id":"way/770310523","type":"Ciclofaixa"},"geometry":{"type":"LineString","coordinates":[[-34.8737916,-8.0623949],[-34.8738494,-8.0623784]]}},{"type":"Feature","id":"way/770730306","properties":{"name":"Rua João Fernandes Vieira","id":"way/770730306","type":"Ciclofaixa"},"geometry":{"type":"LineString","coordinates":[[-34.893791,-8.051862],[-34.893582,-8.0519264],[-34.8934904,-8.0519579],[-34.8934019,-8.0519884],[-34.8932199,-8.0520511],[-34.8926378,-8.0522515],[-34.8923698,-8.052478],[-34.8922978,-8.0525787]]}},{"type":"Feature","id":"way/770730307","properties":{"name":"Avenida Montevidéu","id":"way/770730307","type":"Ciclofaixa"},"geometry":{"type":"LineString","coordinates":[[-34.8938803,-8.0516169],[-34.893897,-8.05168],[-34.8938992,-8.0517245],[-34.8938883,-8.0517588],[-34.8938861,-8.0517656],[-34.8938555,-8.0518067],[-34.893791,-8.051862]]}},{"type":"Feature","id":"way/770730308","properties":{"name":"Avenida João de Barros","id":"way/770730308","type":"Ciclofaixa"},"geometry":{"type":"LineString","coordinates":[[-34.890018,-8.0502118],[-34.890005,-8.0507474],[-34.8899982,-8.0513222],[-34.8899938,-8.0523169],[-34.8899937,-8.0523813],[-34.8899927,-8.0525737],[-34.8899615,-8.0530891],[-34.889955,-8.0531971]]}},{"type":"Feature","id":"way/770730881","properties":{"name":"Rua Quitério Inácio de Melo","id":"way/770730881","type":"Ciclofaixa"},"geometry":{"type":"LineString","coordinates":[[-34.9089758,-8.0818658],[-34.90886,-8.0823314]]}},{"type":"Feature","id":"way/771496126","properties":{"name":"Rua Bruno Veloso","id":"way/771496126","type":"Ciclofaixa"},"geometry":{"type":"LineString","coordinates":[[-34.9019347,-8.1212424],[-34.9018008,-8.1212873],[-34.9015145,-8.1213354],[-34.9014024,-8.1213509]]}},{"type":"Feature","id":"way/771726149","properties":{"name":"Rua do Pombal","id":"way/771726149","type":"Ciclofaixa"},"geometry":{"type":"LineString","coordinates":[[-34.8823993,-8.0489141],[-34.8820266,-8.0484184],[-34.8816858,-8.0479489]]}},{"type":"Feature","id":"way/772166424","properties":{"name":"Rua Chiador","id":"way/772166424","type":"Baixa velocidade"},"geometry":{"type":"LineString","coordinates":[[-34.9231964,-7.9459112],[-34.9230452,-7.9468751],[-34.9230336,-7.9469255],[-34.9230241,-7.9469894],[-34.9230355,-7.9470259],[-34.9230582,-7.9470564],[-34.9230883,-7.9470977]]}},{"type":"Feature","id":"way/772513097","properties":{"name":"Rua Alvares de Azevedo","id":"way/772513097","type":"Ciclorrota"},"geometry":{"type":"LineString","coordinates":[[-34.8899505,-8.0499187],[-34.8898958,-8.0498728],[-34.8898374,-8.0498356],[-34.889779,-8.0498065],[-34.8897148,-8.0497847]]}},{"type":"Feature","id":"way/773053326","properties":{"name":"Rua Doutor João Lacerda","id":"way/773053326","type":"Ciclofaixa"},"geometry":{"type":"LineString","coordinates":[[-34.9217404,-8.0454502],[-34.9217659,-8.0454959],[-34.9220153,-8.0459376],[-34.9220355,-8.0459734],[-34.9221169,-8.046123],[-34.9223249,-8.0465072],[-34.9223989,-8.046644]]}},{"type":"Feature","id":"way/773570688","properties":{"name":"Avenida General Mac Artur","id":"way/773570688","type":"Ciclofaixa"},"geometry":{"type":"LineString","coordinates":[[-34.9090927,-8.1094457],[-34.9097411,-8.109321],[-34.9104272,-8.1092078],[-34.911048,-8.109087],[-34.9116072,-8.1089675],[-34.9117771,-8.1089337]]}},{"type":"Feature","id":"way/773833908","properties":{"name":"Primeira Travessa Doutor Luiz Ramos Leal","id":"way/773833908","type":"Ciclovia"},"geometry":{"type":"LineString","coordinates":[[-34.9026292,-8.00009],[-34.9024125,-8.0001781],[-34.9021724,-8.0003149],[-34.9016533,-8.0006323]]}},{"type":"Feature","id":"way/775973132","properties":{"name":"Avenida Sul","id":"way/775973132","type":"Ciclofaixa"},"geometry":{"type":"LineString","coordinates":[[-34.9094018,-8.1106046],[-34.9100156,-8.1133089],[-34.9102284,-8.114251],[-34.9102753,-8.1144542],[-34.9104276,-8.1150835],[-34.91044,-8.1151346],[-34.9104582,-8.1151849],[-34.9104859,-8.1152322],[-34.9106185,-8.115443],[-34.9106736,-8.1155671],[-34.9107356,-8.1157511]]}},{"type":"Feature","id":"way/775974224","properties":{"name":"Rua Doutor Afrânio Peixoto","id":"way/775974224","type":"Baixa velocidade"},"geometry":{"type":"LineString","coordinates":[[-34.8681713,-8.0474968],[-34.8682881,-8.0474522]]}},{"type":"Feature","id":"way/775974225","properties":{"name":"Rua Doutor Afrânio Peixoto","id":"way/775974225","type":"Baixa velocidade"},"geometry":{"type":"LineString","coordinates":[[-34.8683855,-8.0472664],[-34.8684823,-8.0473465]]}},{"type":"Feature","id":"way/775974226","properties":{"name":"Rua Doutor Afrânio Peixoto","id":"way/775974226","type":"Baixa velocidade"},"geometry":{"type":"LineString","coordinates":[[-34.869158,-8.047161],[-34.8685055,-8.0474051],[-34.8684084,-8.047445],[-34.8682881,-8.0474522]]}},{"type":"Feature","id":"way/775974227","properties":{"name":"Rua Doutor Afrânio Peixoto","id":"way/775974227","type":"Baixa velocidade"},"geometry":{"type":"LineString","coordinates":[[-34.8682881,-8.0474522],[-34.8683895,-8.0473828],[-34.8684823,-8.0473465],[-34.8691228,-8.0470835]]}},{"type":"Feature","id":"way/775974229","properties":{"name":"Rua Doutor Afrânio Peixoto","id":"way/775974229","type":"Baixa velocidade"},"geometry":{"type":"LineString","coordinates":[[-34.8694674,-8.0497571],[-34.8695111,-8.0497327]]}},{"type":"Feature","id":"way/775974230","properties":{"name":"Rua Doutor Afrânio Peixoto","id":"way/775974230","type":"Baixa velocidade"},"geometry":{"type":"LineString","coordinates":[[-34.8694674,-8.0497571],[-34.869546,-8.0498389]]}},{"type":"Feature","id":"way/775974231","properties":{"name":"Rua Doutor Afrânio Peixoto","id":"way/775974231","type":"Baixa velocidade"},"geometry":{"type":"LineString","coordinates":[[-34.8695111,-8.0497327],[-34.869546,-8.0498389]]}},{"type":"Feature","id":"way/775974232","properties":{"name":"Rua Doutor Afrânio Peixoto","id":"way/775974232","type":"Baixa velocidade"},"geometry":{"type":"LineString","coordinates":[[-34.8694674,-8.0497571],[-34.8689694,-8.048649],[-34.8685658,-8.0477507],[-34.8684084,-8.047445],[-34.8683895,-8.0473828],[-34.8683855,-8.0472664]]}},{"type":"Feature","id":"way/775974233","properties":{"name":"Rua Doutor Afrânio Peixoto","id":"way/775974233","type":"Baixa velocidade"},"geometry":{"type":"LineString","coordinates":[[-34.8684823,-8.0473465],[-34.8685055,-8.0474051],[-34.868648,-8.0477663],[-34.8690219,-8.0486181],[-34.8695111,-8.0497327]]}},{"type":"Feature","id":"way/775975304","properties":{"name":"Rua José de Alencar","id":"way/775975304","type":"Ciclofaixa"},"geometry":{"type":"LineString","coordinates":[[-34.8920066,-8.0652024],[-34.8913928,-8.06457],[-34.890752,-8.0639099]]}},{"type":"Feature","id":"way/775975305","properties":{"name":"Rua José de Alencar","id":"way/775975305","type":"Ciclofaixa"},"geometry":{"type":"LineString","coordinates":[[-34.892673,-8.0656849],[-34.8920066,-8.0652024]]}},{"type":"Feature","id":"way/775976438","properties":{"name":"Avenida Padre Mosca de Carvalho","id":"way/775976438","type":"Baixa velocidade"},"geometry":{"type":"LineString","coordinates":[[-34.9234355,-7.965102],[-34.9234669,-7.964804],[-34.9234822,-7.9646582],[-34.9234953,-7.9645336],[-34.9235017,-7.9645117],[-34.9235208,-7.9644459],[-34.9235597,-7.9643151],[-34.9235885,-7.9642128],[-34.923612,-7.963912],[-34.9236307,-7.9636225],[-34.9236502,-7.9633216],[-34.9236693,-7.9630299],[-34.9237231,-7.9627071]]}},{"type":"Feature","id":"way/776571549","properties":{"name":"Rua Dez de Novembro","id":"way/776571549","type":"Ciclofaixa"},"geometry":{"type":"LineString","coordinates":[[-34.9192198,-8.0483892],[-34.9191134,-8.0484464]]}},{"type":"Feature","id":"way/776643245","properties":{"name":"Avenida Engenho Serra Verde","id":"way/776643245","type":"Baixa velocidade"},"geometry":{"type":"LineString","coordinates":[[-34.9518335,-8.1123777],[-34.9517585,-8.1127508]]}},{"type":"Feature","id":"way/777105575","properties":{"name":"Rua São Nicolau","id":"way/777105575","type":"Ciclofaixa"},"geometry":{"type":"LineString","coordinates":[[-34.9258268,-8.1067629],[-34.9266622,-8.1068868]]}},{"type":"Feature","id":"way/777693660","properties":{"name":"Avenida Lino Jordão","id":"way/777693660","type":"Ciclofaixa"},"geometry":{"type":"LineString","coordinates":[[-34.9145637,-8.1436167],[-34.9145105,-8.1436355]]}},{"type":"Feature","id":"way/777734628","properties":{"name":"Rua Doutor Afrânio Peixoto","id":"way/777734628","type":"Baixa velocidade"},"geometry":{"type":"LineString","coordinates":[[-34.8710749,-8.0513579],[-34.8710429,-8.0512886],[-34.8709111,-8.0510311],[-34.870873,-8.0509443],[-34.8708241,-8.0508375],[-34.870687,-8.0505402],[-34.8703694,-8.0498734],[-34.870234,-8.0495627],[-34.8696694,-8.0483556],[-34.8693395,-8.0476067],[-34.8693033,-8.0475144],[-34.8692742,-8.0474174]]}},{"type":"Feature","id":"way/777734629","properties":{"name":"Rua Araripina","id":"way/777734629","type":"Ciclorrota"},"geometry":{"type":"LineString","coordinates":[[-34.8790669,-8.0504515],[-34.8790429,-8.0504672]]}},{"type":"Feature","id":"way/777786581","properties":{"name":"Rua Marquês de Maricá","id":"way/777786581","type":"Ciclofaixa"},"geometry":{"type":"LineString","coordinates":[[-34.9186443,-8.0471863],[-34.9187629,-8.0471262]]}},{"type":"Feature","id":"way/778011329","properties":{"name":"Primeira Travessa Rua Passo De Santa Cruz","id":"way/778011329","type":"Calçada compartilhada"},"geometry":{"type":"LineString","coordinates":[[-34.920795,-8.0856571],[-34.9209753,-8.0866337]]}},{"type":"Feature","id":"way/778025646","properties":{"name":"Avenida Brasília Formosa","id":"way/778025646","type":"Ciclofaixa"},"geometry":{"type":"LineString","coordinates":[[-34.8784975,-8.085915],[-34.8782472,-8.0852984],[-34.8781565,-8.0850785],[-34.8780053,-8.0846934],[-34.8778166,-8.0842476],[-34.8776747,-8.0838101],[-34.8775325,-8.0833687],[-34.877341,-8.0827805],[-34.8772087,-8.0823552],[-34.877054,-8.0818712],[-34.876964,-8.0815953],[-34.8769371,-8.0815231],[-34.87681,-8.0811818],[-34.8767602,-8.0810501],[-34.8767469,-8.080991]]}},{"type":"Feature","id":"way/778169420","properties":{"name":"Avenida José Américo de Almeida","id":"way/778169420","type":"Ciclofaixa"},"geometry":{"type":"LineString","coordinates":[[-34.93081,-8.0103797],[-34.9308776,-8.0102977],[-34.9317442,-8.009246],[-34.9318956,-8.0090703],[-34.9320006,-8.0089472],[-34.9320126,-8.0089403],[-34.9320253,-8.0089336]]}},{"type":"Feature","id":"way/778538501","properties":{"name":"Estrada do Barbalho","id":"way/778538501","type":"Ciclorrota"},"geometry":{"type":"LineString","coordinates":[[-34.9329796,-8.029106],[-34.9329011,-8.029025],[-34.9328582,-8.0289779],[-34.9328139,-8.0289321],[-34.9327241,-8.0288192],[-34.932702,-8.0287996],[-34.9326355,-8.0287404]]}},{"type":"Feature","id":"way/778574537","properties":{"name":"Avenida Agostinho Gomes","id":"way/778574537","type":"Ciclofaixa"},"geometry":{"type":"LineString","coordinates":[[-34.894166,-8.0724582],[-34.8944148,-8.0725076],[-34.8945825,-8.0725541]]}},{"type":"Feature","id":"way/778574539","properties":{"name":"Avenida Central","id":"way/778574539","type":"Ciclofaixa"},"geometry":{"type":"LineString","coordinates":[[-34.8945825,-8.0725541],[-34.8948882,-8.0726421],[-34.8950434,-8.0727005],[-34.8950676,-8.0727178],[-34.895094,-8.07275],[-34.8951484,-8.0728207]]}},{"type":"Feature","id":"way/778574541","properties":{"name":"Avenida Agostinho Gomes","id":"way/778574541","type":"Ciclofaixa"},"geometry":{"type":"LineString","coordinates":[[-34.8934047,-8.0723879],[-34.8935974,-8.0723938],[-34.8938388,-8.0724097],[-34.894166,-8.0724582]]}},{"type":"Feature","id":"way/778604171","properties":{"name":"Rua Senador Alberto Pasqualini","id":"way/778604171","type":"Ciclofaixa"},"geometry":{"type":"LineString","coordinates":[[-34.9339941,-8.0795753],[-34.9340807,-8.0796085]]}},{"type":"Feature","id":"way/778854732","properties":{"name":"Rua Oscar de Barros","id":"way/778854732","type":"Ciclofaixa"},"geometry":{"type":"LineString","coordinates":[[-34.916218,-8.0226292],[-34.9161726,-8.0225487]]}},{"type":"Feature","id":"way/778867795","properties":{"name":"Pontilhão do Canal do Arruda","id":"way/778867795","type":"Calçada compartilhada"},"geometry":{"type":"LineString","coordinates":[[-34.904337,-8.0263775],[-34.9042833,-8.0260896]]}},{"type":"Feature","id":"way/783625758","properties":{"name":"Rua Oscar de Barros","id":"way/783625758","type":"Ciclofaixa"},"geometry":{"type":"LineString","coordinates":[[-34.9166611,-8.0236612],[-34.9164883,-8.0232543],[-34.9164241,-8.0230989],[-34.9162378,-8.0226623]]}},{"type":"Feature","id":"way/783884644","properties":{"name":"Rua Engenheiro José Brandão Cavalcante","id":"way/783884644","type":"Ciclofaixa"},"geometry":{"type":"LineString","coordinates":[[-34.9165559,-8.0938206],[-34.9165491,-8.0939649]]}},{"type":"Feature","id":"way/783884645","properties":{"name":"Rua Engenheiro José Brandão Cavalcante","id":"way/783884645","type":"Ciclofaixa"},"geometry":{"type":"LineString","coordinates":[[-34.9165598,-8.0937817],[-34.9165559,-8.0938206]]}},{"type":"Feature","id":"way/786325338","properties":{"name":"Avenida Nossa Senhora da Saúde","id":"way/786325338","type":"Ciclofaixa"},"geometry":{"type":"LineString","coordinates":[[-34.9278658,-8.0419753],[-34.9277332,-8.041738],[-34.9274507,-8.0412285],[-34.927306,-8.0409804],[-34.9271723,-8.0407283],[-34.9271409,-8.0406719]]}},{"type":"Feature","id":"way/786325340","properties":{"name":"Avenida Professor Estevão Francisco da Costa","id":"way/786325340","type":"Ciclofaixa"},"geometry":{"type":"LineString","coordinates":[[-34.9190908,-8.0484576],[-34.9188973,-8.0478962],[-34.9186344,-8.0471917]]}},{"type":"Feature","id":"way/786325343","properties":{"name":"Rua Amélia","id":"way/786325343","type":"Ciclofaixa"},"geometry":{"type":"LineString","coordinates":[[-34.8996517,-8.0449342],[-34.8994535,-8.0449417],[-34.8989156,-8.0450358],[-34.8983261,-8.0451687],[-34.897718,-8.0453048],[-34.8973875,-8.0453789],[-34.8971173,-8.0454395],[-34.8970535,-8.0454538],[-34.8969717,-8.0454714],[-34.8961195,-8.0456546],[-34.8953386,-8.0458494]]}},{"type":"Feature","id":"way/791161084","properties":{"name":"Avenida Dantas Barreto","id":"way/791161084","type":"Ciclofaixa"},"geometry":{"type":"LineString","coordinates":[[-34.8802897,-8.0675977],[-34.8803416,-8.0676619],[-34.8807684,-8.0681902],[-34.880809,-8.0682404],[-34.8811786,-8.0686979],[-34.8814591,-8.0690451],[-34.8821837,-8.069942],[-34.8823565,-8.0701558]]}},{"type":"Feature","id":"way/792570583","properties":{"name":"Rua Santos Araújo","id":"way/792570583","type":"Ciclofaixa"},"geometry":{"type":"LineString","coordinates":[[-34.9094616,-8.0791459],[-34.9094964,-8.0801419],[-34.9094881,-8.080235],[-34.9094792,-8.0802895]]}},{"type":"Feature","id":"way/796691672","properties":{"id":"way/796691672","type":"Baixa velocidade"},"geometry":{"type":"LineString","coordinates":[[-34.9258156,-7.9659366],[-34.925819,-7.9661269],[-34.9257517,-7.9661491],[-34.9256087,-7.9661963],[-34.9255836,-7.9663132],[-34.92555,-7.9664692],[-34.9255303,-7.9665612],[-34.9255119,-7.9666467],[-34.925483,-7.966781],[-34.925443,-7.9669666],[-34.925439,-7.9669855],[-34.9254065,-7.9671364],[-34.9253917,-7.9672052],[-34.9253701,-7.9673056],[-34.9253518,-7.9673909],[-34.9253474,-7.9674113]]}},{"type":"Feature","id":"way/797179314","properties":{"name":"Rua Acadêmico Hélio Ramos","id":"way/797179314","type":"Ciclorrota"},"geometry":{"type":"LineString","coordinates":[[-34.9555019,-8.0526673],[-34.9555555,-8.0528524]]}},{"type":"Feature","id":"way/797179315","properties":{"name":"Rua Acadêmico Hélio Ramos","id":"way/797179315","type":"Ciclorrota"},"geometry":{"type":"LineString","coordinates":[[-34.9554483,-8.0524823],[-34.9555019,-8.0526673]]}},{"type":"Feature","id":"way/800702291","properties":{"name":"Rua Engenheiro Brandão Cavalcante","id":"way/800702291","type":"Ciclorrota"},"geometry":{"type":"LineString","coordinates":[[-34.9165835,-8.0649156],[-34.9163056,-8.0645036],[-34.9161661,-8.0643266],[-34.9160604,-8.0642079],[-34.9157558,-8.0638758],[-34.9152665,-8.0634169],[-34.9149317,-8.0630876],[-34.9145708,-8.0627271]]}},{"type":"Feature","id":"way/800702292","properties":{"name":"Estrada do Bongi","id":"way/800702292","type":"Ciclofaixa"},"geometry":{"type":"LineString","coordinates":[[-34.9165835,-8.0649156],[-34.9160004,-8.0651646]]}},{"type":"Feature","id":"way/800856120","properties":{"name":"Rua Oscar de Barros","id":"way/800856120","type":"Ciclofaixa"},"geometry":{"type":"LineString","coordinates":[[-34.9159947,-8.0221298],[-34.9158953,-8.0219162]]}},{"type":"Feature","id":"way/801721895","properties":{"name":"Rua Cantora Clara Nunes","id":"way/801721895","type":"Ciclorrota"},"geometry":{"type":"LineString","coordinates":[[-34.9166375,-8.044838],[-34.9165665,-8.0447955],[-34.9164893,-8.0447637],[-34.9164512,-8.0447563],[-34.9164243,-8.0447511],[-34.9162842,-8.0447364],[-34.9161252,-8.0447185],[-34.9158073,-8.0446833],[-34.9155036,-8.0446395],[-34.9153373,-8.044607],[-34.915214,-8.044577],[-34.9150229,-8.0445286],[-34.9148713,-8.0444861],[-34.9146943,-8.0444264],[-34.9145749,-8.0443786],[-34.9142946,-8.0442777],[-34.9139902,-8.0441475],[-34.9137153,-8.0440207],[-34.9133746,-8.0438461]]}},{"type":"Feature","id":"way/804453471","properties":{"name":"Ciclovia Norte","id":"way/804453471","type":"Ciclovia"},"geometry":{"type":"LineString","coordinates":[[-34.8835025,-8.0433667],[-34.8837961,-8.0432017]]}},{"type":"Feature","id":"way/805253292","properties":{"id":"way/805253292","type":"Proibido"},"geometry":{"type":"LineString","coordinates":[[-34.917615,-8.1314441],[-34.9173315,-8.1322587]]}},{"type":"Feature","id":"way/805253293","properties":{"id":"way/805253293","type":"Proibido"},"geometry":{"type":"LineString","coordinates":[[-34.9167676,-8.1311613],[-34.9169612,-8.1311252]]}},{"type":"Feature","id":"way/805253294","properties":{"id":"way/805253294","type":"Proibido"},"geometry":{"type":"LineString","coordinates":[[-34.9166065,-8.1312278],[-34.9167676,-8.1311613]]}},{"type":"Feature","id":"way/809324601","properties":{"name":"Corredor Exclusivo BRT Leste - Oeste","id":"way/809324601","type":"Baixa velocidade"},"geometry":{"type":"LineString","coordinates":[[-34.9221458,-8.0499057],[-34.9217399,-8.0501298],[-34.9214638,-8.0502814],[-34.9211974,-8.0504292],[-34.9210666,-8.0505018]]}},{"type":"Feature","id":"way/815012800","properties":{"name":"Rua Ministro João Alberto","id":"way/815012800","type":"Ciclofaixa"},"geometry":{"type":"LineString","coordinates":[[-34.9446706,-8.0362583],[-34.9447232,-8.0362456],[-34.9447559,-8.0362331],[-34.9447949,-8.0362122],[-34.9448276,-8.036183],[-34.9448413,-8.0361653],[-34.944855,-8.0361298],[-34.9448603,-8.0361005],[-34.944866,-8.0360651]]}},{"type":"Feature","id":"way/815012801","properties":{"name":"Rua Ministro João Alberto","id":"way/815012801","type":"Ciclofaixa"},"geometry":{"type":"LineString","coordinates":[[-34.944866,-8.0360651],[-34.9448908,-8.036135],[-34.9449853,-8.0364007]]}},{"type":"Feature","id":"way/815828031","properties":{"name":"Estrada do Arraial","id":"way/815828031","type":"Ciclofaixa"},"geometry":{"type":"LineString","coordinates":[[-34.9070689,-8.0301071],[-34.9074391,-8.0298835]]}},{"type":"Feature","id":"way/817205119","properties":{"name":"Avenida Vereador Otacílio Azevedo","id":"way/817205119","type":"Baixa velocidade"},"geometry":{"type":"LineString","coordinates":[[-34.9259126,-7.9957228],[-34.9260219,-7.9956089],[-34.9261453,-7.9954402],[-34.9263928,-7.9950783],[-34.9265483,-7.9948605],[-34.9266972,-7.9946939],[-34.9268433,-7.9945737],[-34.9269325,-7.9945059],[-34.9271035,-7.9943552],[-34.9272107,-7.9942591],[-34.9272484,-7.9942125],[-34.9274088,-7.9940228],[-34.927441,-7.9939687],[-34.9277675,-7.9935404]]}},{"type":"Feature","id":"way/817714760","properties":{"name":"Nona Travessa Chiador","id":"way/817714760","type":"Baixa velocidade"},"geometry":{"type":"LineString","coordinates":[[-34.923941,-7.9508027],[-34.9240921,-7.9507194],[-34.9242053,-7.9506642],[-34.9243368,-7.9505799],[-34.9244448,-7.9505715],[-34.924515,-7.9507006],[-34.9244597,-7.9509813]]}},{"type":"Feature","id":"way/819252453","properties":{"name":"Rua Rio Beberibe","id":"way/819252453","type":"Ciclovia"},"geometry":{"type":"LineString","coordinates":[[-34.8897847,-8.0044061],[-34.8900028,-8.0042944],[-34.8901355,-8.0042291],[-34.890359,-8.0041362],[-34.8906943,-8.0040023],[-34.8912179,-8.0038618]]}},{"type":"Feature","id":"way/821123750","properties":{"name":"Rua Conde de Irajá","id":"way/821123750","type":"Ciclofaixa"},"geometry":{"type":"LineString","coordinates":[[-34.9108507,-8.0464501],[-34.9119611,-8.0465616],[-34.9124064,-8.0466134],[-34.9127577,-8.0466519],[-34.9132499,-8.0467031]]}},{"type":"Feature","id":"way/821123755","properties":{"name":"Avenida Luiz de Lacerda","id":"way/821123755","type":"Ciclofaixa"},"geometry":{"type":"LineString","coordinates":[[-34.9429269,-8.0374392],[-34.9429394,-8.0373155],[-34.9429568,-8.0372176],[-34.9429993,-8.0370808],[-34.943072,-8.0368742],[-34.9430763,-8.0368621]]}},{"type":"Feature","id":"way/821123758","properties":{"name":"Rua Professor Antônio Coelho","id":"way/821123758","type":"Ciclofaixa"},"geometry":{"type":"LineString","coordinates":[[-34.9455182,-8.0428108],[-34.945415,-8.0424066],[-34.9453271,-8.0420454],[-34.945246,-8.0417094],[-34.9452073,-8.0415781],[-34.9451387,-8.041345],[-34.9450213,-8.041017],[-34.9449161,-8.0406444],[-34.9447308,-8.0400151],[-34.9446959,-8.0399426]]}},{"type":"Feature","id":"way/822370158","properties":{"name":"Rua Rio Beberibe","id":"way/822370158","type":"Ciclovia"},"geometry":{"type":"LineString","coordinates":[[-34.8864137,-8.0062125],[-34.886698,-8.0060528],[-34.8872029,-8.0058419],[-34.8876799,-8.0056172],[-34.8885125,-8.0051541],[-34.8892451,-8.004722]]}},{"type":"Feature","id":"way/823189908","properties":{"name":"Rua Márcia Mendes","id":"way/823189908","type":"Ciclovia"},"geometry":{"type":"LineString","coordinates":[[-34.9004619,-8.0038523],[-34.9008583,-8.0042479],[-34.9010474,-8.0044106],[-34.9011995,-8.0045401],[-34.9013696,-8.0046849],[-34.901707,-8.0049415],[-34.901814,-8.0050228],[-34.9019505,-8.0051147],[-34.9021209,-8.0052295],[-34.9022805,-8.0053316],[-34.9023444,-8.0053813],[-34.9023846,-8.0054246],[-34.902418,-8.0054848],[-34.9024664,-8.0055953]]}},{"type":"Feature","id":"way/823189911","properties":{"name":"Avenida Marginal","id":"way/823189911","type":"Ciclovia"},"geometry":{"type":"LineString","coordinates":[[-34.8970021,-8.0021646],[-34.8974172,-8.0018552],[-34.897496,-8.0018025],[-34.897628,-8.0017456],[-34.8977004,-8.001735],[-34.8977834,-8.0017413],[-34.8978813,-8.0017582],[-34.8979601,-8.0017877],[-34.8980325,-8.0018214],[-34.8983854,-8.0020341],[-34.8984206,-8.0020617],[-34.8987743,-8.0022895],[-34.8988433,-8.0023343],[-34.8992877,-8.0027173],[-34.8993617,-8.0027874]]}},{"type":"Feature","id":"way/823189932","properties":{"name":"Rua Bacharel Severino Torres Galindo do Nascimento","id":"way/823189932","type":"Ciclovia"},"geometry":{"type":"LineString","coordinates":[[-34.9045124,-7.9988367],[-34.9054464,-7.9981786],[-34.9060488,-7.9977326],[-34.9064853,-7.9974927],[-34.9067147,-7.9973183],[-34.906832,-7.9972084],[-34.9069716,-7.9970389],[-34.9071074,-7.9968586],[-34.9072053,-7.9966444],[-34.9072505,-7.9963951],[-34.9072973,-7.9961716],[-34.9073389,-7.9960722],[-34.9073919,-7.9959853],[-34.9077146,-7.995634],[-34.9079405,-7.9954142],[-34.9080555,-7.9952885]]}},{"type":"Feature","id":"way/824376340","properties":{"name":"Rotatória de Água Fria","id":"way/824376340","type":"Ciclorrota"},"geometry":{"type":"LineString","coordinates":[[-34.8972673,-8.0239722],[-34.8972236,-8.0239824],[-34.8971816,-8.0239667]]}},{"type":"Feature","id":"way/824376341","properties":{"name":"Rua Alegre","id":"way/824376341","type":"Ciclofaixa"},"geometry":{"type":"LineString","coordinates":[[-34.8924572,-8.0194595],[-34.8924734,-8.0192616],[-34.8925084,-8.0191343],[-34.8925563,-8.019005]]}},{"type":"Feature","id":"way/824376343","properties":{"name":"Avenida Beberibe","id":"way/824376343","type":"Ciclorrota"},"geometry":{"type":"LineString","coordinates":[[-34.8933702,-8.0185839],[-34.8936719,-8.0188765],[-34.8937659,-8.0189599],[-34.8938933,-8.0190688],[-34.8940112,-8.0191798],[-34.8943685,-8.019494],[-34.8945539,-8.0196841]]}},{"type":"Feature","id":"way/831926429","properties":{"name":"Ciclovia Norte","id":"way/831926429","type":"Ciclovia"},"geometry":{"type":"LineString","coordinates":[[-34.8764357,-8.0470691],[-34.8764492,-8.0470575],[-34.8764561,-8.0470516],[-34.8764947,-8.0470508],[-34.8765351,-8.0470876],[-34.8768655,-8.0475446]]}},{"type":"Feature","id":"way/835830090","properties":{"name":"Ciclovia Norte","id":"way/835830090","type":"Ciclovia"},"geometry":{"type":"LineString","coordinates":[[-34.8768655,-8.0475446],[-34.8769243,-8.0475048]]}},{"type":"Feature","id":"way/836834959","properties":{"name":"Ciclovia Mimoso do Sul","id":"way/836834959","type":"Ciclovia"},"geometry":{"type":"LineString","coordinates":[[-34.9355519,-8.1208563],[-34.9359773,-8.1205435],[-34.9364494,-8.1202123],[-34.9365458,-8.1201421],[-34.9368117,-8.1199484],[-34.9369444,-8.1198517],[-34.9371756,-8.1196413],[-34.9373671,-8.1193986],[-34.9374931,-8.1191395],[-34.9375422,-8.1189432],[-34.93761,-8.1186159],[-34.9376506,-8.1185026],[-34.9377011,-8.1182669],[-34.9377898,-8.1178976],[-34.937821,-8.1178223],[-34.9379131,-8.1176002],[-34.9381545,-8.1170266],[-34.9382913,-8.1167399],[-34.9383686,-8.1165665],[-34.9384097,-8.1163463],[-34.9384716,-8.1161974],[-34.9386156,-8.1160308],[-34.9386804,-8.1159329],[-34.9387371,-8.1158453],[-34.9387654,-8.1157332],[-34.9387689,-8.1156613],[-34.9387813,-8.1155808],[-34.9388397,-8.1154424],[-34.9388839,-8.1153705],[-34.9389144,-8.1152773],[-34.9389327,-8.1151264],[-34.9389774,-8.1149915],[-34.939079,-8.1148064],[-34.9391664,-8.1146514],[-34.9392269,-8.114493]]}},{"type":"Feature","id":"way/836834960","properties":{"name":"Via Mangue - Pista Leste","id":"way/836834960","type":"Ciclovia"},"geometry":{"type":"LineString","coordinates":[[-34.8997513,-8.1107419],[-34.8995958,-8.1104524],[-34.899509,-8.1103224]]}},{"type":"Feature","id":"way/836834963","properties":{"name":"Avenida Engenheiro Alves Souza","id":"way/836834963","type":"Ciclofaixa"},"geometry":{"type":"LineString","coordinates":[[-34.9171894,-8.0969129],[-34.9171115,-8.0969317],[-34.9170814,-8.0969389],[-34.9165473,-8.0970675],[-34.9158986,-8.0972033]]}},{"type":"Feature","id":"way/836834964","properties":{"name":"Rua Arquiteto Luíz Nunes","id":"way/836834964","type":"Ciclofaixa"},"geometry":{"type":"LineString","coordinates":[[-34.9122598,-8.0980339],[-34.9125618,-8.0998062]]}},{"type":"Feature","id":"way/836834966","properties":{"name":"Avenida Júlio César","id":"way/836834966","type":"Ciclofaixa"},"geometry":{"type":"LineString","coordinates":[[-34.9200627,-8.1421061],[-34.9200989,-8.1420961],[-34.92016,-8.1420729],[-34.9207219,-8.1417875],[-34.9211135,-8.1416009],[-34.9212442,-8.1415512],[-34.9213421,-8.1415246],[-34.9214709,-8.141504]]}},{"type":"Feature","id":"way/836834968","properties":{"name":"Rua Três de Março","id":"way/836834968","type":"Ciclofaixa"},"geometry":{"type":"LineString","coordinates":[[-34.9442126,-8.0326659],[-34.9445231,-8.0326616]]}},{"type":"Feature","id":"way/836834971","properties":{"name":"Avenida Luiz de Lacerda","id":"way/836834971","type":"Ciclofaixa"},"geometry":{"type":"LineString","coordinates":[[-34.9440473,-8.0361862],[-34.9442626,-8.0361807],[-34.9443913,-8.036194],[-34.9444755,-8.0362112],[-34.9445753,-8.0362311],[-34.9446706,-8.0362583]]}},{"type":"Feature","id":"way/836834976","properties":{"name":"Avenida Professor José dos Anjos","id":"way/836834976","type":"Ciclofaixa"},"geometry":{"type":"LineString","coordinates":[[-34.8977842,-8.0266189],[-34.8979287,-8.0265709]]}},{"type":"Feature","id":"way/836834977","properties":{"name":"Estrada Velha de Água Fria","id":"way/836834977","type":"Ciclofaixa"},"geometry":{"type":"LineString","coordinates":[[-34.8977842,-8.0266189],[-34.8976916,-8.0262588],[-34.8976129,-8.025982],[-34.8975,-8.0254156],[-34.897408,-8.0250517],[-34.8973599,-8.0248617],[-34.8972112,-8.0240974],[-34.8971816,-8.0239667]]}},{"type":"Feature","id":"way/836834978","properties":{"name":"Avenida Beberibe","id":"way/836834978","type":"Ciclofaixa"},"geometry":{"type":"LineString","coordinates":[[-34.8938826,-8.0231294],[-34.8939222,-8.0229487],[-34.8939742,-8.0226903],[-34.8940353,-8.0223817],[-34.8942535,-8.0215474],[-34.8943365,-8.0210904]]}},{"type":"Feature","id":"way/836834979","properties":{"name":"Avenida Cidade de Monteiro","id":"way/836834979","type":"Ciclofaixa"},"geometry":{"type":"LineString","coordinates":[[-34.8881316,-8.0084487],[-34.8878522,-8.0080374],[-34.887429,-8.0074837]]}},{"type":"Feature","id":"way/836834980","properties":{"name":"Avenida Cidade de Monteiro","id":"way/836834980","type":"Ciclofaixa"},"geometry":{"type":"LineString","coordinates":[[-34.887429,-8.0074837],[-34.8870726,-8.0070218]]}},{"type":"Feature","id":"way/836834981","properties":{"name":"Avenida Cidade de Monteiro","id":"way/836834981","type":"Ciclofaixa"},"geometry":{"type":"LineString","coordinates":[[-34.8869449,-8.0068655],[-34.8866296,-8.0064797],[-34.8865505,-8.0063825],[-34.8864968,-8.0063215]]}},{"type":"Feature","id":"way/836834982","properties":{"name":"Rua dos Craveiros","id":"way/836834982","type":"Ciclorrota"},"geometry":{"type":"LineString","coordinates":[[-34.881058,-8.012724],[-34.8810057,-8.0125487],[-34.8809508,-8.0123986],[-34.880899,-8.0122859]]}},{"type":"Feature","id":"way/836834985","properties":{"name":"Estrada do Barbalho","id":"way/836834985","type":"Ciclorrota"},"geometry":{"type":"LineString","coordinates":[[-34.9326355,-8.0287404],[-34.932545,-8.028731]]}},{"type":"Feature","id":"way/836834986","properties":{"name":"Estrada do Barbalho","id":"way/836834986","type":"Ciclorrota"},"geometry":{"type":"LineString","coordinates":[[-34.932545,-8.028731],[-34.9325054,-8.028724],[-34.9324515,-8.0287162],[-34.9323981,-8.0287009],[-34.9322643,-8.0286648]]}},{"type":"Feature","id":"way/836834989","properties":{"name":"Avenida Visconde de Jequitinhonha","id":"way/836834989","type":"Ciclofaixa"},"geometry":{"type":"LineString","coordinates":[[-34.9037563,-8.1364496],[-34.9037722,-8.1364982],[-34.9039525,-8.1370387],[-34.9043617,-8.1383522],[-34.9043907,-8.1384511],[-34.9044635,-8.1387161],[-34.9048056,-8.1397921],[-34.9048239,-8.1398348],[-34.9049285,-8.1401295],[-34.9049786,-8.1402664],[-34.9054687,-8.1414425],[-34.9054807,-8.1414715],[-34.9058922,-8.1424076],[-34.906248,-8.1432517],[-34.9062691,-8.1433039]]}},{"type":"Feature","id":"way/837891475","properties":{"name":"Rua General Abreu e Lima","id":"way/837891475","type":"Ciclofaixa"},"geometry":{"type":"LineString","coordinates":[[-34.8983588,-8.0320399],[-34.8983341,-8.0320372],[-34.8983056,-8.0320487],[-34.8982844,-8.0320884]]}},{"type":"Feature","id":"way/837891476","properties":{"name":"Rua General Abreu e Lima","id":"way/837891476","type":"Ciclovia"},"geometry":{"type":"LineString","coordinates":[[-34.8983588,-8.0320399],[-34.8982747,-8.0319062]]}},{"type":"Feature","id":"way/839072086","properties":{"name":"Rua Coronel João Batista do Rego Barros","id":"way/839072086","type":"Ciclofaixa"},"geometry":{"type":"LineString","coordinates":[[-34.9309517,-8.0165771],[-34.9315255,-8.0170194],[-34.9321869,-8.0175502],[-34.9323297,-8.0176721],[-34.9326653,-8.0179631],[-34.9326864,-8.017982],[-34.9328511,-8.0181441],[-34.9329956,-8.0182988],[-34.93302,-8.0183384],[-34.9330433,-8.0183795]]}},{"type":"Feature","id":"way/839834724","properties":{"name":"Avenida Poeta Vinicius de Morais","id":"way/839834724","type":"Ciclovia"},"geometry":{"type":"LineString","coordinates":[[-34.8802079,-8.0124044],[-34.8801406,-8.0129258],[-34.8800376,-8.0134492],[-34.880016,-8.0135726],[-34.8799986,-8.0137014],[-34.8799811,-8.0139112],[-34.8799731,-8.0143814],[-34.8799583,-8.0145142],[-34.8799409,-8.0146496],[-34.8799074,-8.0148262],[-34.8798443,-8.0151901],[-34.8798175,-8.0153747],[-34.8798068,-8.0154557],[-34.8797867,-8.0155885],[-34.8797705,-8.0160242]]}},{"type":"Feature","id":"way/840752280","properties":{"name":"Rua General Abreu e Lima","id":"way/840752280","type":"Ciclovia"},"geometry":{"type":"LineString","coordinates":[[-34.9002851,-8.0351275],[-34.9003932,-8.0350387]]}},{"type":"Feature","id":"way/854786865","properties":{"name":"Rua Professor Joaquim Xavier de Brito","id":"way/854786865","type":"Ciclofaixa"},"geometry":{"type":"LineString","coordinates":[[-34.9347337,-8.0522949],[-34.934394,-8.0535626]]}},{"type":"Feature","id":"way/854786867","properties":{"name":"Avenida Inácio Monteiro","id":"way/854786867","type":"Ciclofaixa"},"geometry":{"type":"LineString","coordinates":[[-34.9343001,-8.053526],[-34.934394,-8.0535626]]}},{"type":"Feature","id":"way/854786871","properties":{"name":"Avenida do Forte","id":"way/854786871","type":"Ciclofaixa"},"geometry":{"type":"LineString","coordinates":[[-34.9318232,-8.0594351],[-34.931528,-8.0588866],[-34.9314488,-8.0587384],[-34.931204,-8.0582801]]}},{"type":"Feature","id":"way/854786878","properties":{"name":"Rua Arquiteto Luíz Nunes","id":"way/854786878","type":"Ciclofaixa"},"geometry":{"type":"LineString","coordinates":[[-34.9096693,-8.0864051],[-34.9097679,-8.0868163],[-34.9098036,-8.0869653],[-34.9099367,-8.0875557],[-34.9102136,-8.088798],[-34.910287,-8.0890721],[-34.9103331,-8.0892443]]}},{"type":"Feature","id":"way/854786881","properties":{"name":"Rua Arquiteto Luíz Nunes","id":"way/854786881","type":"Ciclofaixa"},"geometry":{"type":"LineString","coordinates":[[-34.9112475,-8.0934197],[-34.9113109,-8.0937185],[-34.9113938,-8.094074],[-34.9115385,-8.0947479],[-34.9116854,-8.0953781],[-34.9118261,-8.0960076]]}},{"type":"Feature","id":"way/854786882","properties":{"name":"Avenida José Ferreira Lins","id":"way/854786882","type":"Ciclofaixa"},"geometry":{"type":"LineString","coordinates":[[-34.9132063,-8.0929977],[-34.9132285,-8.0927547],[-34.9132244,-8.0925489],[-34.9132179,-8.0924386],[-34.9132063,-8.0923026]]}},{"type":"Feature","id":"way/854786886","properties":{"name":"Rua Ibipituba","id":"way/854786886","type":"Baixa velocidade"},"geometry":{"type":"LineString","coordinates":[[-34.9201468,-8.1077334],[-34.9197522,-8.1074183],[-34.9193781,-8.1070865],[-34.9186192,-8.1064227]]}},{"type":"Feature","id":"way/854786887","properties":{"name":"Rua Blumenau","id":"way/854786887","type":"Ciclofaixa"},"geometry":{"type":"LineString","coordinates":[[-34.9201468,-8.1077334],[-34.9205353,-8.1072962],[-34.9208858,-8.1069071],[-34.921277,-8.1064701]]}},{"type":"Feature","id":"way/854786888","properties":{"name":"Rua Ibipituba","id":"way/854786888","type":"Baixa velocidade"},"geometry":{"type":"LineString","coordinates":[[-34.9216672,-8.1090776],[-34.921551,-8.1089771],[-34.9201468,-8.1077334]]}},{"type":"Feature","id":"way/854786891","properties":{"name":"Rua Jean Émile Favre","id":"way/854786891","type":"Ciclofaixa"},"geometry":{"type":"LineString","coordinates":[[-34.9167285,-8.1085846],[-34.9166628,-8.108527],[-34.9165597,-8.1084365],[-34.9163633,-8.1082633],[-34.9161731,-8.1080943],[-34.9161205,-8.1080474],[-34.9160413,-8.107984]]}},{"type":"Feature","id":"way/854786900","properties":{"name":"Rua Arquiteto Luíz Nunes","id":"way/854786900","type":"Ciclofaixa"},"geometry":{"type":"LineString","coordinates":[[-34.9118261,-8.0960076],[-34.9119702,-8.0966521]]}},{"type":"Feature","id":"way/854786901","properties":{"name":"Avenida Engenheiro Alves Souza","id":"way/854786901","type":"Ciclofaixa"},"geometry":{"type":"LineString","coordinates":[[-34.9158986,-8.0972033],[-34.914878,-8.0974404]]}},{"type":"Feature","id":"way/854786902","properties":{"name":"Rua Engenheiro José Brandão Cavalcante","id":"way/854786902","type":"Ciclofaixa"},"geometry":{"type":"LineString","coordinates":[[-34.915399,-8.0924493],[-34.9157987,-8.0925004],[-34.915912,-8.0925209],[-34.916026,-8.0925416],[-34.916085,-8.0925708],[-34.916144,-8.0926033],[-34.9161778,-8.0926275],[-34.9162298,-8.0926764],[-34.916309,-8.0927786],[-34.9163649,-8.0928877],[-34.9164263,-8.0930973],[-34.9164954,-8.0933469],[-34.916547,-8.093631],[-34.9165618,-8.093722],[-34.9165598,-8.0937817]]}},{"type":"Feature","id":"way/854994654","properties":{"name":"Rua Antônio Falcão","id":"way/854994654","type":"Ciclofaixa"},"geometry":{"type":"LineString","coordinates":[[-34.894659,-8.1161778],[-34.8947494,-8.1161352],[-34.89538,-8.1158228],[-34.8954136,-8.1158067],[-34.8954637,-8.1157803]]}},{"type":"Feature","id":"way/857404848","properties":{"name":"Estrada das Ubaias","id":"way/857404848","type":"Ciclofaixa"},"geometry":{"type":"LineString","coordinates":[[-34.9180337,-8.0294766],[-34.9182124,-8.0296302],[-34.9184142,-8.029796],[-34.9185184,-8.029895],[-34.9188414,-8.0301978],[-34.9190051,-8.0303563]]}},{"type":"Feature","id":"way/857404849","properties":{"name":"Estrada do Arraial","id":"way/857404849","type":"Ciclofaixa"},"geometry":{"type":"LineString","coordinates":[[-34.9201218,-8.0279279],[-34.9201932,-8.0279608],[-34.9203278,-8.02803]]}},{"type":"Feature","id":"way/857404850","properties":{"name":"Estrada do Arraial","id":"way/857404850","type":"Ciclofaixa"},"geometry":{"type":"LineString","coordinates":[[-34.9211914,-8.0284931],[-34.9213257,-8.0285415],[-34.9214146,-8.0285736],[-34.9216399,-8.0286001],[-34.9218197,-8.0286028],[-34.9223038,-8.028577],[-34.9230266,-8.0284912],[-34.9230695,-8.0284806],[-34.9232094,-8.0284461],[-34.9233754,-8.0283635],[-34.9237337,-8.0281332]]}},{"type":"Feature","id":"way/857404860","properties":{"name":"Rua Padre Lemos","id":"way/857404860","type":"Ciclofaixa"},"geometry":{"type":"LineString","coordinates":[[-34.9178064,-8.0246566],[-34.9177963,-8.0248446],[-34.9177963,-8.0250265],[-34.917801,-8.0253965],[-34.9178163,-8.0258999],[-34.91782,-8.0261777],[-34.917819,-8.026392]]}},{"type":"Feature","id":"way/863027564","properties":{"name":"Rua Manoel Brandão","id":"way/863027564","type":"Ciclorrota"},"geometry":{"type":"LineString","coordinates":[[-34.880899,-8.0122859],[-34.8807194,-8.0123167],[-34.8802079,-8.0124044]]}},{"type":"Feature","id":"way/863027568","properties":{"name":"Avenida Professor José dos Anjos","id":"way/863027568","type":"Ciclofaixa"},"geometry":{"type":"LineString","coordinates":[[-34.8979287,-8.0265709],[-34.8981593,-8.0265076]]}},{"type":"Feature","id":"way/863027570","properties":{"name":"Avenida Jornalista Possidonio Cavalcanti Bastos","id":"way/863027570","type":"Ciclofaixa"},"geometry":{"type":"LineString","coordinates":[[-34.9316815,-8.0296152],[-34.931023,-8.0305964],[-34.9305451,-8.0313711]]}},{"type":"Feature","id":"way/863027574","properties":{"name":"Avenida Agostinho Gomes","id":"way/863027574","type":"Ciclofaixa"},"geometry":{"type":"LineString","coordinates":[[-34.8921927,-8.0724243],[-34.89234,-8.0724161]]}},{"type":"Feature","id":"way/863027576","properties":{"name":"Rua Jean Émile Favre","id":"way/863027576","type":"Ciclofaixa"},"geometry":{"type":"LineString","coordinates":[[-34.913721,-8.1059633],[-34.9139597,-8.1061607],[-34.914576,-8.1066936],[-34.91477,-8.1068631],[-34.9147832,-8.1068728]]}},{"type":"Feature","id":"way/864814848","properties":{"name":"Avenida Beira Rio","id":"way/864814848","type":"Ciclofaixa"},"geometry":{"type":"LineString","coordinates":[[-34.9012802,-8.065292],[-34.9014281,-8.0645822]]}},{"type":"Feature","id":"way/880644137","properties":{"name":"Rua Antônio Valdevino da Costa","id":"way/880644137","type":"Ciclorrota"},"geometry":{"type":"LineString","coordinates":[[-34.9266237,-8.0602572],[-34.9266687,-8.0602415],[-34.9268429,-8.0601754]]}},{"type":"Feature","id":"way/880659709","properties":{"name":"Avenida Engenheiro Abdias de Carvalho - Pista Lateral","id":"way/880659709","type":"Ciclorrota"},"geometry":{"type":"LineString","coordinates":[[-34.9270609,-8.0602557],[-34.9275966,-8.0604648],[-34.9279568,-8.0606094]]}},{"type":"Feature","id":"way/887539981","properties":{"name":"Rua Padre Roma","id":"way/887539981","type":"Ciclofaixa"},"geometry":{"type":"LineString","coordinates":[[-34.9071642,-8.0328907],[-34.9071993,-8.032805]]}},{"type":"Feature","id":"way/887542279","properties":{"name":"Rua Padre Roma","id":"way/887542279","type":"Ciclovia"},"geometry":{"type":"LineString","coordinates":[[-34.9105651,-8.0330448],[-34.9105363,-8.0330113],[-34.9105101,-8.033],[-34.9104886,-8.0329967],[-34.9104611,-8.0329841],[-34.9104249,-8.0329283],[-34.9103887,-8.0328758],[-34.9103667,-8.0328556],[-34.9103449,-8.032849],[-34.910303,-8.0328702]]}},{"type":"Feature","id":"way/899950239","properties":{"name":"Avenida Professor José dos Anjos","id":"way/899950239","type":"Ciclofaixa"},"geometry":{"type":"LineString","coordinates":[[-34.8795251,-8.0225837],[-34.8809585,-8.0232951],[-34.8829531,-8.0242472]]}},{"type":"Feature","id":"way/901242723","properties":{"name":"Avenida Júlio César","id":"way/901242723","type":"Ciclofaixa"},"geometry":{"type":"LineString","coordinates":[[-34.9214709,-8.141504],[-34.9221146,-8.1414582],[-34.9234597,-8.1413766],[-34.9236904,-8.1413626],[-34.9240766,-8.1413387]]}},{"type":"Feature","id":"way/901242726","properties":{"name":"Avenida Júlio César","id":"way/901242726","type":"Ciclofaixa"},"geometry":{"type":"LineString","coordinates":[[-34.9240766,-8.1413387],[-34.924886,-8.1412949],[-34.9254781,-8.1412604],[-34.9259561,-8.141234],[-34.926321,-8.1412139],[-34.9266683,-8.141192],[-34.9270519,-8.1411622],[-34.9272062,-8.1411529],[-34.9273067,-8.1411469],[-34.9274468,-8.1411529],[-34.9277399,-8.1411861],[-34.9282341,-8.1412644],[-34.9286907,-8.1413328],[-34.9293908,-8.1414363],[-34.9295832,-8.1414675],[-34.9300285,-8.1415443],[-34.9301539,-8.1415658],[-34.9305106,-8.1416315],[-34.9310222,-8.1417125],[-34.931499,-8.1417921],[-34.931935,-8.1418587],[-34.9319731,-8.1418645],[-34.9321482,-8.14188],[-34.9322151,-8.141885],[-34.932309,-8.1418838],[-34.9323841,-8.1418751],[-34.9324847,-8.1418532],[-34.9326426,-8.1418024],[-34.9328069,-8.1417454],[-34.9329963,-8.1416766],[-34.9331553,-8.1416129],[-34.9332482,-8.1415555],[-34.9333175,-8.1415127],[-34.9333886,-8.1414469],[-34.9334355,-8.1413885],[-34.9334885,-8.1412903]]}},{"type":"Feature","id":"way/908266048","properties":{"name":"Rua Arnaldo Rosa Teixeira","id":"way/908266048","type":"Baixa velocidade"},"geometry":{"type":"LineString","coordinates":[[-34.9235017,-7.9645117],[-34.9241323,-7.9645691]]}},{"type":"Feature","id":"way/911290359","properties":{"name":"Avenida Dom Hélder Câmara","id":"way/911290359","type":"Ciclofaixa"},"geometry":{"type":"LineString","coordinates":[[-34.9289766,-8.1072068],[-34.9291191,-8.1072276],[-34.9292038,-8.1072399],[-34.9293037,-8.1072591],[-34.9298637,-8.1074187],[-34.9302484,-8.1075256],[-34.9305538,-8.1076058],[-34.9309253,-8.1077047],[-34.9312972,-8.1078044],[-34.9316955,-8.1079173],[-34.932197,-8.1080494],[-34.9329849,-8.1082625],[-34.9336602,-8.1084417],[-34.9342248,-8.1085918],[-34.9342543,-8.1086017],[-34.9345869,-8.1086894],[-34.9346875,-8.1087292],[-34.9348343,-8.1087936],[-34.9349396,-8.1088533],[-34.9351896,-8.1090302],[-34.9352239,-8.1090552],[-34.935274,-8.1090956]]}},{"type":"Feature","id":"way/911290368","properties":{"name":"Rua São Nicolau","id":"way/911290368","type":"Ciclofaixa"},"geometry":{"type":"LineString","coordinates":[[-34.9266622,-8.1068868],[-34.9270799,-8.1069577],[-34.9271612,-8.1069699]]}},{"type":"Feature","id":"way/911290373","properties":{"name":"Avenida Dom Hélder Câmara","id":"way/911290373","type":"Ciclofaixa"},"geometry":{"type":"LineString","coordinates":[[-34.9282552,-8.1071239],[-34.9286706,-8.1071678],[-34.9289766,-8.1072068]]}},{"type":"Feature","id":"way/911290374","properties":{"name":"Rua Itaimbé","id":"way/911290374","type":"Baixa velocidade"},"geometry":{"type":"LineString","coordinates":[[-34.9212824,-8.1095063],[-34.9197605,-8.1081854]]}},{"type":"Feature","id":"way/911290375","properties":{"name":"Rua Blumenau","id":"way/911290375","type":"Ciclofaixa"},"geometry":{"type":"LineString","coordinates":[[-34.9197605,-8.1081854],[-34.9201468,-8.1077334]]}},{"type":"Feature","id":"way/911290376","properties":{"name":"Rua Itaimbé","id":"way/911290376","type":"Ciclorrota"},"geometry":{"type":"LineString","coordinates":[[-34.9178754,-8.1065144],[-34.9174985,-8.1061767]]}},{"type":"Feature","id":"way/911290377","properties":{"name":"Rua Potengy","id":"way/911290377","type":"Ciclofaixa"},"geometry":{"type":"LineString","coordinates":[[-34.9182444,-8.1068412],[-34.9178921,-8.1072554],[-34.917528,-8.1076803]]}},{"type":"Feature","id":"way/911366369","properties":{"name":"Avenida General Mac Artur","id":"way/911366369","type":"Ciclofaixa"},"geometry":{"type":"LineString","coordinates":[[-34.9087727,-8.1095045],[-34.9090927,-8.1094457]]}},{"type":"Feature","id":"way/914904026","properties":{"name":"Rua Honorópolis","id":"way/914904026","type":"Baixa velocidade"},"geometry":{"type":"LineString","coordinates":[[-34.8896582,-8.0900029],[-34.8897357,-8.0900371],[-34.8897796,-8.0900504],[-34.8898341,-8.0900589],[-34.8898736,-8.0900647],[-34.8899083,-8.0900741],[-34.8899353,-8.0900851],[-34.8899578,-8.0900942],[-34.8899724,-8.0901037],[-34.8899881,-8.0901143],[-34.890019,-8.0901297],[-34.8902982,-8.0902253],[-34.8904769,-8.0902675],[-34.8905363,-8.0902731],[-34.890599,-8.0902668],[-34.890659,-8.0902645],[-34.8907599,-8.0902844],[-34.8907795,-8.0902824],[-34.890796,-8.0902794],[-34.8908052,-8.0902741]]}},{"type":"Feature","id":"way/918193684","properties":{"name":"Rua Valpiano Machado","id":"way/918193684","type":"Baixa velocidade"},"geometry":{"type":"LineString","coordinates":[[-34.9259233,-7.9659176],[-34.9259629,-7.9654316]]}},{"type":"Feature","id":"way/924065445","properties":{"name":"Rua Márcia Mendes","id":"way/924065445","type":"Ciclovia"},"geometry":{"type":"LineString","coordinates":[[-34.9024664,-8.0055953],[-34.9024745,-8.0056137],[-34.9025138,-8.0057486],[-34.9025511,-8.0058372],[-34.9026021,-8.0059051],[-34.9026781,-8.0059705],[-34.9027697,-8.0060371],[-34.9033019,-8.0064331]]}},{"type":"Feature","id":"way/927715993","properties":{"name":"Rua da Hora","id":"way/927715993","type":"Ciclofaixa"},"geometry":{"type":"LineString","coordinates":[[-34.8943365,-8.0462005],[-34.8943914,-8.0462993],[-34.894752,-8.0469315],[-34.8951385,-8.0476185]]}},{"type":"Feature","id":"way/927715995","properties":{"name":"Rua Antônio Novais","id":"way/927715995","type":"Ciclorrota"},"geometry":{"type":"LineString","coordinates":[[-34.9003091,-8.0449867],[-34.9003614,-8.0442921],[-34.9003996,-8.0438738]]}},{"type":"Feature","id":"way/927715996","properties":{"name":"Rua Alberto Paiva","id":"way/927715996","type":"Ciclofaixa"},"geometry":{"type":"LineString","coordinates":[[-34.8982993,-8.0438673],[-34.8983713,-8.0438627],[-34.8987692,-8.0438375]]}},{"type":"Feature","id":"way/930355052","properties":{"name":"Avenida Brasília Formosa","id":"way/930355052","type":"Ciclofaixa"},"geometry":{"type":"LineString","coordinates":[[-34.8800975,-8.0887588],[-34.880069,-8.088782],[-34.8800495,-8.088797],[-34.8800053,-8.0888069],[-34.8799613,-8.0888126],[-34.8799225,-8.088802],[-34.8799067,-8.0887946]]}},{"type":"Feature","id":"way/930355053","properties":{"name":"Avenida Brasília Formosa","id":"way/930355053","type":"Ciclofaixa"},"geometry":{"type":"LineString","coordinates":[[-34.8799067,-8.0887946],[-34.8798457,-8.0887479]]}},{"type":"Feature","id":"way/930653129","properties":{"name":"Ciclovia Orla de Boa Viagem","id":"way/930653129","type":"Ciclovia"},"geometry":{"type":"LineString","coordinates":[[-34.8817606,-8.0906074],[-34.8817115,-8.090619],[-34.8816184,-8.0902282]]}},{"type":"Feature","id":"way/930662176","properties":{"name":"Praça Pinto Damásio","id":"way/930662176","type":"Calçada compartilhada"},"geometry":{"type":"LineString","coordinates":[[-34.9596201,-8.0485851],[-34.9592079,-8.0486508],[-34.9591976,-8.0486539],[-34.959188,-8.0486574],[-34.9591812,-8.048662],[-34.9591761,-8.0486682],[-34.9591697,-8.0486767],[-34.9591659,-8.048685],[-34.9591637,-8.048694],[-34.9591633,-8.0487065],[-34.9593273,-8.0497062],[-34.9593306,-8.0497241],[-34.9593367,-8.0497315],[-34.9593422,-8.0497378],[-34.9593481,-8.0497407],[-34.9593585,-8.0497461],[-34.959371,-8.0497498],[-34.9597563,-8.0496526],[-34.9597679,-8.0496477],[-34.9597806,-8.0496378],[-34.9597906,-8.0496256],[-34.9597941,-8.0496172],[-34.9597964,-8.049608],[-34.9596262,-8.0485917],[-34.9596258,-8.04859],[-34.9596251,-8.0485881],[-34.9596239,-8.0485866],[-34.9596224,-8.0485857],[-34.9596201,-8.0485851]]}},{"type":"Feature","id":"way/930691563","properties":{"name":"Rua Antônio Falcão","id":"way/930691563","type":"Ciclorrota"},"geometry":{"type":"LineString","coordinates":[[-34.8931491,-8.116981],[-34.8937878,-8.1166596]]}},{"type":"Feature","id":"way/930691564","properties":{"name":"Rua Antônio Falcão","id":"way/930691564","type":"Ciclofaixa"},"geometry":{"type":"LineString","coordinates":[[-34.8955696,-8.115731],[-34.8956439,-8.1156906],[-34.8966741,-8.1151794],[-34.8967322,-8.1151493]]}},{"type":"Feature","id":"way/930691566","properties":{"name":"Rua Félix de Brito Melo","id":"way/930691566","type":"Ciclofaixa"},"geometry":{"type":"LineString","coordinates":[[-34.8977576,-8.1167968],[-34.8966692,-8.1173248],[-34.8966312,-8.1173447],[-34.8965818,-8.1173705]]}},{"type":"Feature","id":"way/930691567","properties":{"name":"Rua Félix de Brito Melo","id":"way/930691567","type":"Ciclorrota"},"geometry":{"type":"LineString","coordinates":[[-34.8947498,-8.1183143],[-34.8942193,-8.1185747],[-34.8941235,-8.1186217]]}},{"type":"Feature","id":"way/930691568","properties":{"name":"Rua Félix de Brito Melo","id":"way/930691568","type":"Ciclofaixa"},"geometry":{"type":"LineString","coordinates":[[-34.896487,-8.1174236],[-34.896421,-8.11746],[-34.8957327,-8.117828],[-34.8956419,-8.1178778]]}},{"type":"Feature","id":"way/930761582","properties":{"id":"way/930761582","type":"Baixa velocidade"},"geometry":{"type":"LineString","coordinates":[[-34.9249309,-7.9662408],[-34.9249401,-7.9663557]]}},{"type":"Feature","id":"way/930761583","properties":{"name":"Rua Doutora Rita Gomes","id":"way/930761583","type":"Baixa velocidade"},"geometry":{"type":"LineString","coordinates":[[-34.9242716,-7.9657712],[-34.9237377,-7.9657068]]}},{"type":"Feature","id":"way/930761584","properties":{"name":"Avenida Padre Mosca de Carvalho","id":"way/930761584","type":"Baixa velocidade"},"geometry":{"type":"LineString","coordinates":[[-34.9234822,-7.9646582],[-34.9233734,-7.9647139],[-34.9232326,-7.9647471],[-34.9231246,-7.9647687],[-34.9230149,-7.9647907]]}},{"type":"Feature","id":"way/930761585","properties":{"name":"Avenida Padre Mosca de Carvalho","id":"way/930761585","type":"Baixa velocidade"},"geometry":{"type":"LineString","coordinates":[[-34.9237231,-7.9627071],[-34.9237455,-7.962691],[-34.9243481,-7.9627473],[-34.9243683,-7.9627631]]}},{"type":"Feature","id":"way/930761586","properties":{"name":"Rua Doutor Artur Orlando de Andrade Barbosa","id":"way/930761586","type":"Baixa velocidade"},"geometry":{"type":"LineString","coordinates":[[-34.9242963,-7.9654615],[-34.9235445,-7.9653932]]}},{"type":"Feature","id":"way/930761587","properties":{"id":"way/930761587","type":"Baixa velocidade"},"geometry":{"type":"LineString","coordinates":[[-34.9315357,-7.9667312],[-34.9314579,-7.9671793]]}},{"type":"Feature","id":"way/930790689","properties":{"name":"Rua Itaquicé","id":"way/930790689","type":"Ciclorrota"},"geometry":{"type":"LineString","coordinates":[[-34.9161205,-8.1080474],[-34.9161514,-8.1079146],[-34.9161822,-8.1077659],[-34.9162151,-8.1076763],[-34.9162486,-8.1076129],[-34.9162909,-8.1075568],[-34.9164977,-8.1073297]]}},{"type":"Feature","id":"way/930790691","properties":{"name":"Rua Araraquara","id":"way/930790691","type":"Ciclorrota"},"geometry":{"type":"LineString","coordinates":[[-34.9168856,-8.1076769],[-34.9164977,-8.1073297]]}},{"type":"Feature","id":"way/930790692","properties":{"name":"Rua Araçatuba","id":"way/930790692","type":"Ciclorrota"},"geometry":{"type":"LineString","coordinates":[[-34.9168856,-8.1076769],[-34.9164161,-8.1082061],[-34.9163633,-8.1082633]]}},{"type":"Feature","id":"way/930790693","properties":{"name":"Rua Itaquicé","id":"way/930790693","type":"Ciclorrota"},"geometry":{"type":"LineString","coordinates":[[-34.9164977,-8.1073297],[-34.9168219,-8.1069448],[-34.9171619,-8.1065551],[-34.9174985,-8.1061767]]}},{"type":"Feature","id":"way/930790694","properties":{"name":"Rua Itaimbé","id":"way/930790694","type":"Baixa velocidade"},"geometry":{"type":"LineString","coordinates":[[-34.9174985,-8.1061767],[-34.9171461,-8.1058779],[-34.9167888,-8.1055624]]}},{"type":"Feature","id":"way/930790695","properties":{"name":"Avenida Dom Hélder Câmara","id":"way/930790695","type":"Ciclovia"},"geometry":{"type":"LineString","coordinates":[[-34.927352,-8.1070389],[-34.9273174,-8.1070312],[-34.927279,-8.1070259],[-34.9272212,-8.1070194],[-34.9271612,-8.1069699]]}},{"type":"Feature","id":"way/930790696","properties":{"name":"Avenida Dom Hélder Câmara","id":"way/930790696","type":"Calçada compartilhada"},"geometry":{"type":"LineString","coordinates":[[-34.927352,-8.1070389],[-34.927958,-8.1071208],[-34.927974,-8.107123],[-34.927996,-8.107127],[-34.9280047,-8.1071307],[-34.9280141,-8.107135],[-34.9280248,-8.1071402],[-34.9280368,-8.1071456],[-34.9280617,-8.1071587],[-34.9280869,-8.1071742]]}},{"type":"Feature","id":"way/930790697","properties":{"name":"Avenida Dom Hélder Câmara","id":"way/930790697","type":"Ciclovia"},"geometry":{"type":"LineString","coordinates":[[-34.9280869,-8.1071742],[-34.9281145,-8.1071701],[-34.9281178,-8.1071693],[-34.9281322,-8.1071667],[-34.928161,-8.1071619],[-34.928176,-8.1071596],[-34.9281944,-8.1071564]]}},{"type":"Feature","id":"way/930790699","properties":{"name":"Avenida Dom Hélder Câmara","id":"way/930790699","type":"Ciclovia"},"geometry":{"type":"LineString","coordinates":[[-34.9289516,-8.1072974],[-34.928911,-8.1072531],[-34.9288674,-8.107204],[-34.9282522,-8.1071354]]}},{"type":"Feature","id":"way/930790700","properties":{"name":"Avenida Dom Hélder Câmara","id":"way/930790700","type":"Ciclovia"},"geometry":{"type":"LineString","coordinates":[[-34.9281944,-8.1071564],[-34.9282522,-8.1071354]]}},{"type":"Feature","id":"way/930790701","properties":{"name":"Avenida Dom Hélder Câmara","id":"way/930790701","type":"Ciclofaixa"},"geometry":{"type":"LineString","coordinates":[[-34.9290416,-8.1072966],[-34.9289516,-8.1072974]]}},{"type":"Feature","id":"way/930791204","properties":{"name":"Rua Francisco da Cunha","id":"way/930791204","type":"Ciclofaixa"},"geometry":{"type":"LineString","coordinates":[[-34.8977576,-8.1167968],[-34.8972411,-8.1159917],[-34.8967611,-8.1151976],[-34.8967322,-8.1151493]]}},{"type":"Feature","id":"way/930798445","properties":{"name":"Avenida Governador Agamenon Magalhães","id":"way/930798445","type":"Calçada compartilhada"},"geometry":{"type":"LineString","coordinates":[[-34.8847298,-8.0423582],[-34.8845278,-8.0425575]]}},{"type":"Feature","id":"way/930798446","properties":{"name":"Avenida Cruz Cabugá","id":"way/930798446","type":"Ciclovia"},"geometry":{"type":"LineString","coordinates":[[-34.8814718,-8.0539697],[-34.8815156,-8.054039],[-34.8815455,-8.0540862],[-34.8815702,-8.0541253]]}},{"type":"Feature","id":"way/930798447","properties":{"name":"Avenida Cruz Cabugá","id":"way/930798447","type":"Ciclovia"},"geometry":{"type":"LineString","coordinates":[[-34.8815702,-8.0541253],[-34.8817455,-8.0543864],[-34.8817677,-8.0544893],[-34.8819055,-8.0547043],[-34.8819825,-8.0547286],[-34.8820421,-8.0546928]]}},{"type":"Feature","id":"way/930798448","properties":{"name":"Avenida Cruz Cabugá","id":"way/930798448","type":"Ciclofaixa"},"geometry":{"type":"LineString","coordinates":[[-34.8820624,-8.0547262],[-34.8822231,-8.0549904]]}},{"type":"Feature","id":"way/930798449","properties":{"name":"Avenida Cruz Cabugá","id":"way/930798449","type":"Ciclovia"},"geometry":{"type":"LineString","coordinates":[[-34.8830382,-8.0578835],[-34.8829926,-8.0578969],[-34.8829532,-8.0577611],[-34.8829109,-8.0576282],[-34.8828898,-8.0576012]]}},{"type":"Feature","id":"way/930804006","properties":{"name":"Rua Álvaro Nicéas Píres","id":"way/930804006","type":"Baixa velocidade"},"geometry":{"type":"LineString","coordinates":[[-34.9256797,-7.9653681],[-34.9256117,-7.9660103]]}},{"type":"Feature","id":"way/931055328","properties":{"name":"Rua de São Jorge","id":"way/931055328","type":"Baixa velocidade"},"geometry":{"type":"LineString","coordinates":[[-34.8708416,-8.0605152],[-34.8708466,-8.0605315],[-34.87086,-8.0605794],[-34.8708751,-8.0606138],[-34.8708917,-8.0606424],[-34.8709346,-8.0606865],[-34.8709908,-8.0607163]]}},{"type":"Feature","id":"way/931095116","properties":{"name":"Avenida Afonso Olindense","id":"way/931095116","type":"Ciclofaixa"},"geometry":{"type":"LineString","coordinates":[[-34.9595462,-8.048151],[-34.9596011,-8.0484205],[-34.9596206,-8.0485382]]}},{"type":"Feature","id":"way/931163740","properties":{"name":"Rua Florasense","id":"way/931163740","type":"Baixa velocidade"},"geometry":{"type":"LineString","coordinates":[[-34.9159528,-7.9578298],[-34.9156803,-7.9570539],[-34.9156498,-7.9570539],[-34.9153098,-7.9572319]]}},{"type":"Feature","id":"way/931163744","properties":{"name":"Rua Chalé","id":"way/931163744","type":"Baixa velocidade"},"geometry":{"type":"LineString","coordinates":[[-34.9217815,-7.9472355],[-34.9222078,-7.9479033]]}},{"type":"Feature","id":"way/931163748","properties":{"name":"Rua Chalé","id":"way/931163748","type":"Baixa velocidade"},"geometry":{"type":"LineString","coordinates":[[-34.9217815,-7.9472355],[-34.9218026,-7.9471814]]}},{"type":"Feature","id":"way/931163755","properties":{"name":"Rua Diamante","id":"way/931163755","type":"Proibido"},"geometry":{"type":"LineString","coordinates":[[-34.9213523,-7.9621858],[-34.9210807,-7.9621447],[-34.9209888,-7.9620416],[-34.9209694,-7.9620199],[-34.9209266,-7.9619055],[-34.9208983,-7.96183]]}},{"type":"Feature","id":"way/945189818","properties":{"name":"Avenida Queixeramobim","id":"way/945189818","type":"Baixa velocidade"},"geometry":{"type":"LineString","coordinates":[[-34.954336,-8.1222635],[-34.9542761,-8.1222487],[-34.9542022,-8.1222263],[-34.9541087,-8.1222004]]}},{"type":"Feature","id":"way/946076340","properties":{"name":"Rua Rio Beberibe","id":"way/946076340","type":"Ciclovia"},"geometry":{"type":"LineString","coordinates":[[-34.8897847,-8.0044061],[-34.8896879,-8.0044585],[-34.8894318,-8.0046157],[-34.8892451,-8.004722]]}},{"type":"Feature","id":"way/964317400","properties":{"name":"Ponte da Boa Vista","id":"way/964317400","type":"Ciclovia"},"geometry":{"type":"LineString","coordinates":[[-34.8810822,-8.063806],[-34.8809231,-8.0638489]]}},{"type":"Feature","id":"way/964317401","properties":{"name":"Ponte da Boa Vista","id":"way/964317401","type":"Ciclovia"},"geometry":{"type":"LineString","coordinates":[[-34.8823824,-8.0634517],[-34.8823965,-8.0634617],[-34.8825143,-8.0634207],[-34.8825186,-8.0634095]]}},{"type":"Feature","id":"way/964422137","properties":{"name":"Ciclovia Orla de Boa Viagem","id":"way/964422137","type":"Ciclovia"},"geometry":{"type":"LineString","coordinates":[[-34.9095595,-8.1555849],[-34.9090242,-8.1542989],[-34.908951,-8.1541243],[-34.9087945,-8.1537508],[-34.908519,-8.1530935],[-34.9083801,-8.1527622],[-34.9083629,-8.1527436],[-34.9083195,-8.1527128],[-34.9083073,-8.1526969],[-34.9082327,-8.1525052],[-34.9082333,-8.1524853],[-34.908248,-8.1524355],[-34.9082419,-8.1523999],[-34.9082229,-8.1523688],[-34.9081764,-8.1523314],[-34.908163,-8.1523076],[-34.908016,-8.1519159],[-34.9080169,-8.1518937],[-34.9080216,-8.1518519],[-34.9080149,-8.1518189],[-34.9079922,-8.1517885],[-34.907964,-8.1517676],[-34.9079514,-8.1517483],[-34.9078223,-8.1514122],[-34.9078188,-8.1513935],[-34.9078279,-8.1513573],[-34.9078257,-8.151337],[-34.907781,-8.1512375]]}},{"type":"Feature","id":"way/965674118","properties":{"name":"Rua Doutor João Santos Filho","id":"way/965674118","type":"Baixa velocidade"},"geometry":{"type":"LineString","coordinates":[[-34.9137907,-8.0364281],[-34.9137985,-8.0364982],[-34.9137877,-8.0365398]]}},{"type":"Feature","id":"way/965719995","properties":{"name":"Rua Guerra de Holanda","id":"way/965719995","type":"Baixa velocidade"},"geometry":{"type":"LineString","coordinates":[[-34.9240628,-8.0287218],[-34.9241884,-8.0290763],[-34.9242898,-8.0294137]]}},{"type":"Feature","id":"way/965719996","properties":{"name":"Rua de Casa Forte","id":"way/965719996","type":"Ciclorrota"},"geometry":{"type":"LineString","coordinates":[[-34.9187331,-8.0333125],[-34.9187798,-8.0330751]]}},{"type":"Feature","id":"way/965719997","properties":{"name":"Avenida Maurício de Nassau","id":"way/965719997","type":"Ciclofaixa"},"geometry":{"type":"LineString","coordinates":[[-34.9266965,-8.0409171],[-34.9271409,-8.0406719]]}},{"type":"Feature","id":"way/965739727","properties":{"name":"Rua Pedro Allain","id":"way/965739727","type":"Ciclorrota"},"geometry":{"type":"LineString","coordinates":[[-34.9183672,-8.0230837],[-34.9184211,-8.0231988]]}},{"type":"Feature","id":"way/965961339","properties":{"name":"Rua Albino Meira","id":"way/965961339","type":"Ciclofaixa"},"geometry":{"type":"LineString","coordinates":[[-34.9079546,-8.0327048],[-34.9079422,-8.032679],[-34.9079324,-8.0326483],[-34.9079224,-8.0326083]]}},{"type":"Feature","id":"way/965984036","properties":{"name":"Rua Neto de Mendonça","id":"way/965984036","type":"Ciclofaixa"},"geometry":{"type":"LineString","coordinates":[[-34.9022039,-8.036019],[-34.9019927,-8.035937]]}},{"type":"Feature","id":"way/965986745","properties":{"name":"Rua Paula Batista","id":"way/965986745","type":"Ciclofaixa"},"geometry":{"type":"LineString","coordinates":[[-34.9168624,-8.0281687],[-34.916768,-8.0279659]]}},{"type":"Feature","id":"way/966029958","properties":{"name":"Rua Couto Magalhães","id":"way/966029958","type":"Ciclofaixa"},"geometry":{"type":"LineString","coordinates":[[-34.8947515,-8.0304189],[-34.8950193,-8.0304111]]}},{"type":"Feature","id":"way/966029959","properties":{"name":"Rua José Alexandre Caçador","id":"way/966029959","type":"Ciclorrota"},"geometry":{"type":"LineString","coordinates":[[-34.8946319,-8.0306335],[-34.894455,-8.0304295]]}},{"type":"Feature","id":"way/966034197","properties":{"name":"Rua Professor Estevão Francisco da Costa","id":"way/966034197","type":"Ciclofaixa"},"geometry":{"type":"LineString","coordinates":[[-34.9184121,-8.0462033],[-34.9184208,-8.0460964]]}},{"type":"Feature","id":"way/966034198","properties":{"name":"Rua Professor Estevão Francisco da Costa","id":"way/966034198","type":"Ciclofaixa"},"geometry":{"type":"LineString","coordinates":[[-34.9184208,-8.0460964],[-34.9184567,-8.046204]]}},{"type":"Feature","id":"way/966034199","properties":{"name":"Rua Professor Estevão Francisco da Costa","id":"way/966034199","type":"Ciclofaixa"},"geometry":{"type":"LineString","coordinates":[[-34.9184121,-8.0462033],[-34.9184567,-8.046204]]}},{"type":"Feature","id":"way/966166282","properties":{"name":"Praça Zumbi dos Palmares","id":"way/966166282","type":"Ciclofaixa"},"geometry":{"type":"LineString","coordinates":[[-34.93092,-8.0107047],[-34.9308601,-8.0107015],[-34.9308154,-8.0106848],[-34.9307769,-8.0106569],[-34.9307483,-8.0106214],[-34.9307298,-8.0105799],[-34.9307227,-8.010535],[-34.9307276,-8.0104898],[-34.9307447,-8.0104462],[-34.9307728,-8.0104085],[-34.93081,-8.0103797]]}},{"type":"Feature","id":"way/966166283","properties":{"name":"Praça Zumbi dos Palmares","id":"way/966166283","type":"Ciclofaixa"},"geometry":{"type":"LineString","coordinates":[[-34.93081,-8.0103797],[-34.9308551,-8.0103612],[-34.9309035,-8.0103556],[-34.9309517,-8.0103633],[-34.9309959,-8.0103837],[-34.9310308,-8.0104131],[-34.9310569,-8.0104504]]}},{"type":"Feature","id":"way/966166284","properties":{"name":"Praça Zumbi dos Palmares","id":"way/966166284","type":"Ciclofaixa"},"geometry":{"type":"LineString","coordinates":[[-34.9310569,-8.0104504],[-34.9310745,-8.0105039],[-34.931074,-8.0105602]]}},{"type":"Feature","id":"way/966213512","properties":{"name":"Rua Pampulha","id":"way/966213512","type":"Baixa velocidade"},"geometry":{"type":"LineString","coordinates":[[-34.913682,-8.1097144],[-34.9131748,-8.1098101],[-34.9129281,-8.1098567]]}},{"type":"Feature","id":"way/966213965","properties":{"name":"Rua Professor Estevão Francisco da Costa","id":"way/966213965","type":"Ciclofaixa"},"geometry":{"type":"LineString","coordinates":[[-34.9184031,-8.0463087],[-34.9184105,-8.0462237]]}},{"type":"Feature","id":"way/966217041","properties":{"name":"Rua Jean Émile Favre","id":"way/966217041","type":"Ciclofaixa"},"geometry":{"type":"LineString","coordinates":[[-34.9147832,-8.1068728],[-34.9149139,-8.1069858],[-34.9150836,-8.1071325]]}},{"type":"Feature","id":"way/966241074","properties":{"name":"Rua Paris","id":"way/966241074","type":"Ciclofaixa"},"geometry":{"type":"LineString","coordinates":[[-34.9133775,-8.1044416],[-34.913319,-8.1041799],[-34.9131335,-8.1031009]]}},{"type":"Feature","id":"way/966247586","properties":{"name":"Rua Jacundá","id":"way/966247586","type":"Baixa velocidade"},"geometry":{"type":"LineString","coordinates":[[-34.9221324,-8.1109684],[-34.9214858,-8.110405],[-34.9209092,-8.1099221]]}},{"type":"Feature","id":"way/966248371","properties":{"name":"Rua Engenheiro José Brandão Cavalcante","id":"way/966248371","type":"Ciclofaixa"},"geometry":{"type":"LineString","coordinates":[[-34.9165491,-8.0939649],[-34.9165488,-8.0939716]]}},{"type":"Feature","id":"way/966270816","properties":{"name":"Rua Francisco de Paula Machado","id":"way/966270816","type":"Baixa velocidade"},"geometry":{"type":"LineString","coordinates":[[-34.9261502,-8.0537017],[-34.9258697,-8.0537814],[-34.9255141,-8.053939]]}},{"type":"Feature","id":"way/966514774","properties":{"name":"Rua Delmiro Gouveia","id":"way/966514774","type":"Ciclofaixa"},"geometry":{"type":"LineString","coordinates":[[-34.9315012,-8.0629832],[-34.9314246,-8.063085],[-34.9313106,-8.0632006],[-34.9311122,-8.0633334],[-34.9307975,-8.0634938]]}},{"type":"Feature","id":"way/966515387","properties":{"name":"Rua Padre Lemos","id":"way/966515387","type":"Ciclofaixa"},"geometry":{"type":"LineString","coordinates":[[-34.9179569,-8.0242836],[-34.917885,-8.0244228],[-34.917862,-8.024486],[-34.9178423,-8.0245466],[-34.9178064,-8.0246566]]}},{"type":"Feature","id":"way/966538453","properties":{"name":"Rua Coronel João Batista do Rego Barros","id":"way/966538453","type":"Ciclorrota"},"geometry":{"type":"LineString","coordinates":[[-34.9331151,-8.0185415],[-34.9333591,-8.0190286]]}},{"type":"Feature","id":"way/966538883","properties":{"name":"Rua Vinte e Um de Abril","id":"way/966538883","type":"Ciclorrota"},"geometry":{"type":"LineString","coordinates":[[-34.9258269,-8.0721385],[-34.9253272,-8.0723374],[-34.9252119,-8.0723812],[-34.9251532,-8.0724162],[-34.9250614,-8.0724765],[-34.9248478,-8.0726248],[-34.9246721,-8.0727284],[-34.9246145,-8.0727503],[-34.9243579,-8.0728478],[-34.9241904,-8.0729113]]}},{"type":"Feature","id":"way/966559757","properties":{"name":"Avenida Jornalista Possidonio Cavalcanti Bastos","id":"way/966559757","type":"Ciclofaixa"},"geometry":{"type":"LineString","coordinates":[[-34.9306363,-8.0310831],[-34.9310073,-8.0305234],[-34.9316584,-8.0294814],[-34.9320784,-8.0288884],[-34.9321616,-8.0288337]]}},{"type":"Feature","id":"way/966560605","properties":{"name":"Avenida Jornalista Possidonio Cavalcanti Bastos","id":"way/966560605","type":"Ciclofaixa"},"geometry":{"type":"LineString","coordinates":[[-34.9322643,-8.0286648],[-34.9321616,-8.0288337]]}},{"type":"Feature","id":"way/966579273","properties":{"name":"Avenida Afonso Olindense","id":"way/966579273","type":"Ciclofaixa"},"geometry":{"type":"LineString","coordinates":[[-34.9552039,-8.0344894],[-34.9552505,-8.0346138],[-34.9552658,-8.0346488],[-34.9553888,-8.0349287],[-34.9555742,-8.03532],[-34.9557452,-8.0356467],[-34.9558161,-8.035782],[-34.9563449,-8.036792]]}},{"type":"Feature","id":"way/966586453","properties":{"id":"way/966586453","type":"Baixa velocidade"},"geometry":{"type":"LineString","coordinates":[[-34.9452875,-8.0162418],[-34.9452487,-8.0163554]]}},{"type":"Feature","id":"way/966590765","properties":{"name":"Rua Cosmorama","id":"way/966590765","type":"Ciclofaixa"},"geometry":{"type":"LineString","coordinates":[[-34.9112843,-8.1415024],[-34.9111816,-8.1412506],[-34.9111616,-8.1412027],[-34.9111236,-8.1411115]]}},{"type":"Feature","id":"way/966590766","properties":{"name":"Rua João Cardoso Aires","id":"way/966590766","type":"Ciclofaixa"},"geometry":{"type":"LineString","coordinates":[[-34.9085822,-8.1422678],[-34.908655,-8.1422344],[-34.9090916,-8.1420339],[-34.9094608,-8.1418644],[-34.9099653,-8.1416312],[-34.910356,-8.1414634]]}},{"type":"Feature","id":"way/966593153","properties":{"name":"Rua Antônio Curado","id":"way/966593153","type":"Ciclofaixa"},"geometry":{"type":"LineString","coordinates":[[-34.9425502,-8.0606887],[-34.9424686,-8.0601326],[-34.9424134,-8.0596809],[-34.9423894,-8.0595603],[-34.9422062,-8.0582299]]}},{"type":"Feature","id":"way/966596038","properties":{"name":"Acesso Bom Preço","id":"way/966596038","type":"Baixa velocidade"},"geometry":{"type":"LineString","coordinates":[[-34.8931558,-8.0273605],[-34.8930423,-8.0273395]]}},{"type":"Feature","id":"way/966596355","properties":{"name":"Acesso Bom Preço","id":"way/966596355","type":"Baixa velocidade"},"geometry":{"type":"LineString","coordinates":[[-34.8938182,-8.0278344],[-34.8938267,-8.027769]]}},{"type":"Feature","id":"way/966787079","properties":{"name":"Rua Ambrósio Machado","id":"way/966787079","type":"Ciclofaixa"},"geometry":{"type":"LineString","coordinates":[[-34.9360003,-8.0471169],[-34.9360153,-8.0470816],[-34.9360205,-8.0470588]]}},{"type":"Feature","id":"way/966787080","properties":{"name":"Rua Ambrósio Machado","id":"way/966787080","type":"Ciclofaixa"},"geometry":{"type":"LineString","coordinates":[[-34.9361338,-8.0470687],[-34.9361441,-8.0471166]]}},{"type":"Feature","id":"way/966787081","properties":{"name":"Rua Ambrósio Machado","id":"way/966787081","type":"Ciclofaixa"},"geometry":{"type":"LineString","coordinates":[[-34.9360956,-8.0468684],[-34.9360981,-8.046882]]}},{"type":"Feature","id":"way/966787082","properties":{"name":"Rua Ambrósio Machado","id":"way/966787082","type":"Ciclofaixa"},"geometry":{"type":"LineString","coordinates":[[-34.9360049,-8.0468819],[-34.9360004,-8.0468644]]}},{"type":"Feature","id":"way/966798842","properties":{"name":"Avenida Professor Estevão Francisco da Costa","id":"way/966798842","type":"Ciclorrota"},"geometry":{"type":"LineString","coordinates":[[-34.9184271,-8.0460641],[-34.91845,-8.0459468]]}},{"type":"Feature","id":"way/966802124","properties":{"name":"Avenida Cidade de Monteiro","id":"way/966802124","type":"Ciclofaixa"},"geometry":{"type":"LineString","coordinates":[[-34.8870726,-8.0070218],[-34.8869449,-8.0068655]]}},{"type":"Feature","id":"way/966804522","properties":{"name":"Rua Félix de Brito Melo","id":"way/966804522","type":"Ciclorrota"},"geometry":{"type":"LineString","coordinates":[[-34.9006426,-8.115294],[-34.9005021,-8.1153665]]}},{"type":"Feature","id":"way/966813469","properties":{"name":"Rua Jean Émile Favre","id":"way/966813469","type":"Ciclofaixa"},"geometry":{"type":"LineString","coordinates":[[-34.9160101,-8.1079567],[-34.9159903,-8.1079377]]}},{"type":"Feature","id":"way/966814893","properties":{"name":"Avenida Marquês de Olinda","id":"way/966814893","type":"Baixa velocidade"},"geometry":{"type":"LineString","coordinates":[[-34.8736574,-8.0636227],[-34.8730244,-8.063509],[-34.8723679,-8.0633865]]}},{"type":"Feature","id":"way/966814894","properties":{"name":"Rua da Moeda","id":"way/966814894","type":"Calçada compartilhada"},"geometry":{"type":"LineString","coordinates":[[-34.8724232,-8.0645132],[-34.8722196,-8.0644855],[-34.8721446,-8.0644912],[-34.872053,-8.0645328]]}},{"type":"Feature","id":"way/966814896","properties":{"name":"Rua Madre de Deus","id":"way/966814896","type":"Baixa velocidade"},"geometry":{"type":"LineString","coordinates":[[-34.8733383,-8.0661687],[-34.8733491,-8.0662118],[-34.8734582,-8.0664727],[-34.8734772,-8.0665105]]}},{"type":"Feature","id":"way/966814897","properties":{"name":"Avenida Marquês de Olinda","id":"way/966814897","type":"Baixa velocidade"},"geometry":{"type":"LineString","coordinates":[[-34.874436,-8.0637652],[-34.8736574,-8.0636227]]}},{"type":"Feature","id":"way/966814899","properties":{"name":"Rua do Brum","id":"way/966814899","type":"Baixa velocidade"},"geometry":{"type":"LineString","coordinates":[[-34.8719395,-8.0605],[-34.8717463,-8.0591351]]}},{"type":"Feature","id":"way/966814900","properties":{"name":"Travessa Tiradentes","id":"way/966814900","type":"Baixa velocidade"},"geometry":{"type":"LineString","coordinates":[[-34.8724877,-8.0589648],[-34.8723225,-8.0590003],[-34.8717463,-8.0591351]]}},{"type":"Feature","id":"way/966814902","properties":{"name":"Rua do Ocidente","id":"way/966814902","type":"Baixa velocidade"},"geometry":{"type":"LineString","coordinates":[[-34.8722186,-8.0570411],[-34.87147,-8.057142]]}},{"type":"Feature","id":"way/966827332","properties":{"name":"Rua Pintor Antônio Albuquerque","id":"way/966827332","type":"Ciclorrota"},"geometry":{"type":"LineString","coordinates":[[-34.923204,-8.107416],[-34.9226444,-8.1073334]]}},{"type":"Feature","id":"way/966827333","properties":{"name":"Rua Virgínia Heráclio","id":"way/966827333","type":"Ciclofaixa"},"geometry":{"type":"LineString","coordinates":[[-34.9232538,-8.107424],[-34.9232367,-8.1074007],[-34.9232288,-8.107379],[-34.9232164,-8.1073299]]}},{"type":"Feature","id":"way/966832034","properties":{"name":"Rua Quitério Inácio de Melo","id":"way/966832034","type":"Ciclofaixa"},"geometry":{"type":"LineString","coordinates":[[-34.9094792,-8.0802895],[-34.9093748,-8.0807178]]}},{"type":"Feature","id":"way/966838174","properties":{"name":"Rua Virgínia Heráclio","id":"way/966838174","type":"Ciclofaixa"},"geometry":{"type":"LineString","coordinates":[[-34.923204,-8.107416],[-34.9232164,-8.1073299]]}},{"type":"Feature","id":"way/967106434","properties":{"name":"Rua Dona Maria César","id":"way/967106434","type":"Baixa velocidade"},"geometry":{"type":"LineString","coordinates":[[-34.872516,-8.0627604],[-34.87252,-8.0628147],[-34.8725124,-8.0628719],[-34.8724717,-8.0630145],[-34.8723679,-8.0633865]]}},{"type":"Feature","id":"way/967597448","properties":{"name":"Via Mangue - Pista Leste","id":"way/967597448","type":"Ciclovia"},"geometry":{"type":"LineString","coordinates":[[-34.8915569,-8.1054219],[-34.8914147,-8.1052971],[-34.8912887,-8.105163],[-34.8911472,-8.1049817],[-34.8910687,-8.1048722],[-34.891009,-8.1047899],[-34.8909269,-8.104693],[-34.8908119,-8.1045695],[-34.890802,-8.1045606]]}},{"type":"Feature","id":"way/967597449","properties":{"name":"Via Mangue - Pista Leste","id":"way/967597449","type":"Ciclovia"},"geometry":{"type":"LineString","coordinates":[[-34.8942614,-8.1077065],[-34.8941526,-8.1076458],[-34.894056,-8.1075754],[-34.8938642,-8.1074254],[-34.893479,-8.1070544],[-34.8927562,-8.1063702],[-34.8925453,-8.1061687],[-34.8923475,-8.1059735],[-34.892261,-8.1058985],[-34.8921909,-8.1058373],[-34.8921109,-8.1057751],[-34.8919921,-8.1056947],[-34.8918781,-8.105633],[-34.891748,-8.1055626],[-34.8916548,-8.1055032],[-34.8915569,-8.1054219]]}},{"type":"Feature","id":"way/967603906","properties":{"name":"Via Mangue - Pista Leste","id":"way/967603906","type":"Ciclovia"},"geometry":{"type":"LineString","coordinates":[[-34.8894778,-8.0997724],[-34.8896022,-8.0996443],[-34.8897222,-8.0995069],[-34.8899026,-8.099331],[-34.8900622,-8.0991896],[-34.890137,-8.0991248]]}},{"type":"Feature","id":"way/967603907","properties":{"name":"Via Mangue - Pista Leste","id":"way/967603907","type":"Ciclovia"},"geometry":{"type":"LineString","coordinates":[[-34.890137,-8.0991248],[-34.890196,-8.0990707],[-34.8903217,-8.0989237],[-34.890434,-8.0987826],[-34.8904991,-8.0986774],[-34.8905604,-8.0985556],[-34.8906235,-8.0983777],[-34.8906573,-8.0982412],[-34.8906875,-8.0980477],[-34.8906929,-8.0979588],[-34.8907046,-8.0977194],[-34.8907137,-8.0974765],[-34.8907314,-8.0972146]]}},{"type":"Feature","id":"way/967628956","properties":{"name":"Rua Floriano Peixoto","id":"way/967628956","type":"Ciclofaixa"},"geometry":{"type":"LineString","coordinates":[[-34.8825765,-8.0661382],[-34.8827609,-8.0666898]]}},{"type":"Feature","id":"way/967628957","properties":{"name":"Rua Floriano Peixoto","id":"way/967628957","type":"Ciclofaixa"},"geometry":{"type":"LineString","coordinates":[[-34.8823642,-8.0654204],[-34.88249,-8.0658496],[-34.8825041,-8.0658956]]}},{"type":"Feature","id":"way/967628958","properties":{"name":"Rua Floriano Peixoto","id":"way/967628958","type":"Ciclofaixa"},"geometry":{"type":"LineString","coordinates":[[-34.8825041,-8.0658956],[-34.8825534,-8.0660568],[-34.8825765,-8.0661382]]}},{"type":"Feature","id":"way/967651400","properties":{"name":"Via Mangue - Pista Leste","id":"way/967651400","type":"Ciclovia"},"geometry":{"type":"LineString","coordinates":[[-34.8990604,-8.1096552],[-34.8987839,-8.1092492]]}},{"type":"Feature","id":"way/967666040","properties":{"name":"Avenida Beira Rio","id":"way/967666040","type":"Ciclofaixa"},"geometry":{"type":"LineString","coordinates":[[-34.9049699,-8.0437266],[-34.9050531,-8.0434371],[-34.9050879,-8.0432406]]}},{"type":"Feature","id":"way/967666041","properties":{"name":"Avenida Beira Rio","id":"way/967666041","type":"Ciclofaixa"},"geometry":{"type":"LineString","coordinates":[[-34.9044228,-8.0453347],[-34.9044925,-8.0449907],[-34.9045515,-8.0447398],[-34.9046052,-8.0445393],[-34.9046575,-8.0444038],[-34.9047419,-8.0442325],[-34.904805,-8.0440971],[-34.9048787,-8.0439218],[-34.9049699,-8.0437266]]}},{"type":"Feature","id":"way/967668730","properties":{"name":"Praça Professor Campelo Barreto","id":"way/967668730","type":"Ciclofaixa"},"geometry":{"type":"LineString","coordinates":[[-34.9150879,-8.0484623],[-34.9151705,-8.0489009],[-34.9151804,-8.0489532]]}},{"type":"Feature","id":"way/967668776","properties":{"name":"Rua Mem de Sá","id":"way/967668776","type":"Ciclofaixa"},"geometry":{"type":"LineString","coordinates":[[-34.8924829,-8.0301092],[-34.8917136,-8.0299709]]}},{"type":"Feature","id":"way/967909327","properties":{"name":"Avenida Sebastião Salazar","id":"way/967909327","type":"Ciclorrota"},"geometry":{"type":"LineString","coordinates":[[-34.884797,-8.0105341],[-34.8840467,-8.0111337],[-34.8837912,-8.0113468],[-34.8828015,-8.0121344]]}},{"type":"Feature","id":"way/967932898","properties":{"name":"Rua Doutor Seabra","id":"way/967932898","type":"Baixa velocidade"},"geometry":{"type":"LineString","coordinates":[[-34.9158706,-8.1259663],[-34.9162527,-8.1280507]]}},{"type":"Feature","id":"way/967934175","properties":{"name":"Rua Francisco Alves","id":"way/967934175","type":"Ciclofaixa"},"geometry":{"type":"LineString","coordinates":[[-34.8911282,-8.0685321],[-34.8910097,-8.0685876]]}},{"type":"Feature","id":"way/967934178","properties":{"name":"Rua dos Coelhos","id":"way/967934178","type":"Baixa velocidade"},"geometry":{"type":"LineString","coordinates":[[-34.8906183,-8.0679919],[-34.890034,-8.0670947]]}},{"type":"Feature","id":"way/967938106","properties":{"name":"Rua Velha","id":"way/967938106","type":"Ciclofaixa"},"geometry":{"type":"LineString","coordinates":[[-34.8850196,-8.0648072],[-34.8851625,-8.0646461]]}},{"type":"Feature","id":"way/967939989","properties":{"name":"Rua Doutor José Mariano","id":"way/967939989","type":"Ciclofaixa"},"geometry":{"type":"LineString","coordinates":[[-34.8826081,-8.0635931],[-34.8826026,-8.0635761],[-34.8825879,-8.0635432],[-34.8825705,-8.0635083],[-34.8825527,-8.0634695],[-34.8825186,-8.0634095]]}},{"type":"Feature","id":"way/967961922","properties":{"name":"Cais do Apolo","id":"way/967961922","type":"Baixa velocidade"},"geometry":{"type":"LineString","coordinates":[[-34.8744303,-8.0634389],[-34.8744435,-8.0635023],[-34.8744464,-8.0636135],[-34.874436,-8.0637652]]}},{"type":"Feature","id":"way/967961923","properties":{"name":"Cais da Alfândega","id":"way/967961923","type":"Baixa velocidade"},"geometry":{"type":"LineString","coordinates":[[-34.8739243,-8.0657535],[-34.8738887,-8.0657987],[-34.8738628,-8.0658274],[-34.8738253,-8.0658727],[-34.8736426,-8.0660469]]}},{"type":"Feature","id":"way/967961924","properties":{"name":"Cais da Alfândega","id":"way/967961924","type":"Baixa velocidade"},"geometry":{"type":"LineString","coordinates":[[-34.8736426,-8.0660469],[-34.8735587,-8.0661138],[-34.8735009,-8.0661372],[-34.8733383,-8.0661687]]}},{"type":"Feature","id":"way/967962393","properties":{"name":"Rua Amélia","id":"way/967962393","type":"Ciclofaixa"},"geometry":{"type":"LineString","coordinates":[[-34.9020563,-8.0451315],[-34.9019893,-8.0451229],[-34.9009529,-8.0450448],[-34.9004639,-8.0450014],[-34.9003091,-8.0449867],[-34.9002338,-8.0449807],[-34.8998773,-8.0449522],[-34.8996517,-8.0449342]]}},{"type":"Feature","id":"way/967963850","properties":{"name":"Praça da República","id":"way/967963850","type":"Ciclofaixa"},"geometry":{"type":"LineString","coordinates":[[-34.8780805,-8.0612454],[-34.8780131,-8.0612593]]}},{"type":"Feature","id":"way/967972501","properties":{"name":"Rua Velha","id":"way/967972501","type":"Ciclorrota"},"geometry":{"type":"LineString","coordinates":[[-34.8878139,-8.0623821],[-34.8871526,-8.0629347],[-34.8867329,-8.0632958],[-34.8865602,-8.0634444],[-34.8859335,-8.0639565]]}},{"type":"Feature","id":"way/967972504","properties":{"name":"Travessa do Cais da Detenção","id":"way/967972504","type":"Ciclofaixa"},"geometry":{"type":"LineString","coordinates":[[-34.8839028,-8.0663949],[-34.8841994,-8.0660033],[-34.8842363,-8.0659546]]}},{"type":"Feature","id":"way/967978836","properties":{"name":"Rua Estado de Israel","id":"way/967978836","type":"Ciclorrota"},"geometry":{"type":"LineString","coordinates":[[-34.8934698,-8.0659958],[-34.893553,-8.0659172]]}},{"type":"Feature","id":"way/967978957","properties":{"name":"Rua Visconde de Jequitinhonha","id":"way/967978957","type":"Ciclofaixa"},"geometry":{"type":"LineString","coordinates":[[-34.9038802,-8.1386169],[-34.9042727,-8.1399878],[-34.904302,-8.1400829]]}},{"type":"Feature","id":"way/967979023","properties":{"name":"Rua Antônio Gomes de Freitas","id":"way/967979023","type":"Ciclofaixa"},"geometry":{"type":"LineString","coordinates":[[-34.8935868,-8.0661634],[-34.8934933,-8.0661732]]}},{"type":"Feature","id":"way/967979024","properties":{"name":"Rua Antônio Gomes de Freitas","id":"way/967979024","type":"Ciclofaixa"},"geometry":{"type":"LineString","coordinates":[[-34.8936189,-8.066163],[-34.8935868,-8.0661634]]}},{"type":"Feature","id":"way/967983681","properties":{"name":"Avenida Engenho Muribara","id":"way/967983681","type":"Baixa velocidade"},"geometry":{"type":"LineString","coordinates":[[-34.9501589,-8.1115121],[-34.9502184,-8.111203],[-34.9502947,-8.110806],[-34.9503697,-8.1104157]]}},{"type":"Feature","id":"way/967983682","properties":{"name":"Avenida Engenho Serra Verde","id":"way/967983682","type":"Baixa velocidade"},"geometry":{"type":"LineString","coordinates":[[-34.9519309,-8.1118809],[-34.9518938,-8.11207],[-34.9518696,-8.1121935],[-34.9518559,-8.1122632],[-34.9518335,-8.1123777]]}},{"type":"Feature","id":"way/967998463","properties":{"name":"Rua General Edson Amâncio Ramalho","id":"way/967998463","type":"Ciclovia"},"geometry":{"type":"LineString","coordinates":[[-34.8998039,-8.1109456],[-34.8997719,-8.1108411],[-34.8997513,-8.1107419]]}},{"type":"Feature","id":"way/968239742","properties":{"name":"Rua do Hospício","id":"way/968239742","type":"Ciclofaixa"},"geometry":{"type":"LineString","coordinates":[[-34.8830394,-8.0578872],[-34.8830958,-8.0580113],[-34.8834217,-8.0586766]]}},{"type":"Feature","id":"way/968283969","properties":{"name":"Rua Othon Paraíso","id":"way/968283969","type":"Ciclofaixa"},"geometry":{"type":"LineString","coordinates":[[-34.883864,-8.0366276],[-34.8838958,-8.0366122],[-34.8839461,-8.0366222],[-34.8839602,-8.0366294],[-34.8839729,-8.0366388],[-34.8839922,-8.0366618],[-34.8840035,-8.0366896],[-34.8840057,-8.0367194]]}},{"type":"Feature","id":"way/968284171","properties":{"name":"Avenida Doutor Jayme da Fonte","id":"way/968284171","type":"Ciclofaixa"},"geometry":{"type":"LineString","coordinates":[[-34.878805,-8.0398998],[-34.8787682,-8.0399855],[-34.8787352,-8.0400648],[-34.878633,-8.0402889],[-34.8785113,-8.0405442]]}},{"type":"Feature","id":"way/968292794","properties":{"name":"Rua Marquês de Maricá","id":"way/968292794","type":"Ciclofaixa"},"geometry":{"type":"LineString","coordinates":[[-34.9205387,-8.0461229],[-34.920755,-8.0459968]]}},{"type":"Feature","id":"way/968292795","properties":{"name":"Rua Marquês de Maricá","id":"way/968292795","type":"Ciclofaixa"},"geometry":{"type":"LineString","coordinates":[[-34.9214688,-8.0456004],[-34.9216392,-8.0455061],[-34.9217404,-8.0454502]]}},{"type":"Feature","id":"way/968292796","properties":{"name":"Rua Marquês de Maricá","id":"way/968292796","type":"Ciclofaixa"},"geometry":{"type":"LineString","coordinates":[[-34.9212181,-8.045739],[-34.9214688,-8.0456004]]}},{"type":"Feature","id":"way/968292797","properties":{"name":"Rua Marquês de Maricá","id":"way/968292797","type":"Ciclofaixa"},"geometry":{"type":"LineString","coordinates":[[-34.9209968,-8.0458613],[-34.9212181,-8.045739]]}},{"type":"Feature","id":"way/968292798","properties":{"name":"Rua Marquês de Maricá","id":"way/968292798","type":"Ciclofaixa"},"geometry":{"type":"LineString","coordinates":[[-34.920755,-8.0459968],[-34.9208155,-8.0459616],[-34.9209968,-8.0458613]]}},{"type":"Feature","id":"way/968293261","properties":{"name":"Avenida Visconde de Jequitinhonha","id":"way/968293261","type":"Ciclofaixa"},"geometry":{"type":"LineString","coordinates":[[-34.9036702,-8.1361884],[-34.9037307,-8.1363727],[-34.9037563,-8.1364496]]}},{"type":"Feature","id":"way/968293262","properties":{"name":"Avenida Visconde de Jequitinhonha","id":"way/968293262","type":"Ciclofaixa"},"geometry":{"type":"LineString","coordinates":[[-34.9033532,-8.1351431],[-34.9035399,-8.1357962],[-34.9036702,-8.1361884]]}},{"type":"Feature","id":"way/968299893","properties":{"name":"Rua José de Alencar","id":"way/968299893","type":"Ciclofaixa"},"geometry":{"type":"LineString","coordinates":[[-34.8888196,-8.0613097],[-34.8883454,-8.0605331]]}},{"type":"Feature","id":"way/968315531","properties":{"name":"Avenida Beira Rio","id":"way/968315531","type":"Ciclofaixa"},"geometry":{"type":"LineString","coordinates":[[-34.9012074,-8.0656507],[-34.9012802,-8.065292]]}},{"type":"Feature","id":"way/968501095","properties":{"name":"Rua Frei Matias Tévis","id":"way/968501095","type":"Ciclorrota"},"geometry":{"type":"LineString","coordinates":[[-34.8953864,-8.0662722],[-34.8953336,-8.0663762],[-34.8952973,-8.0664332]]}},{"type":"Feature","id":"way/968503938","properties":{"id":"way/968503938","type":"Proibido"},"geometry":{"type":"LineString","coordinates":[[-34.9315677,-8.012976],[-34.9315096,-8.013514]]}},{"type":"Feature","id":"way/968520978","properties":{"name":"Avenida Inácio Monteiro","id":"way/968520978","type":"Ciclofaixa"},"geometry":{"type":"LineString","coordinates":[[-34.9304581,-8.0465727],[-34.9305139,-8.0466758],[-34.9305904,-8.0468151]]}},{"type":"Feature","id":"way/968523622","properties":{"name":"Avenida Nossa Senhora da Saúde","id":"way/968523622","type":"Ciclofaixa"},"geometry":{"type":"LineString","coordinates":[[-34.9291792,-8.0442857],[-34.9292127,-8.044347],[-34.929276,-8.0444574]]}},{"type":"Feature","id":"way/968554681","properties":{"name":"Avenida Professor Artur de Sá","id":"way/968554681","type":"Ciclofaixa"},"geometry":{"type":"LineString","coordinates":[[-34.9503675,-8.0463985],[-34.9505535,-8.0463981]]}},{"type":"Feature","id":"way/968554682","properties":{"name":"Avenida Professor Artur de Sá","id":"way/968554682","type":"Ciclofaixa"},"geometry":{"type":"LineString","coordinates":[[-34.9494621,-8.0464105],[-34.9503675,-8.0463985]]}},{"type":"Feature","id":"way/968554683","properties":{"name":"Avenida Professor Artur de Sá","id":"way/968554683","type":"Ciclofaixa"},"geometry":{"type":"LineString","coordinates":[[-34.9505535,-8.0463981],[-34.950936,-8.0463973]]}},{"type":"Feature","id":"way/968554685","properties":{"name":"Avenida Professor Artur de Sá","id":"way/968554685","type":"Ciclofaixa"},"geometry":{"type":"LineString","coordinates":[[-34.9527851,-8.0463933],[-34.953557,-8.0463863],[-34.9537926,-8.0463691]]}},{"type":"Feature","id":"way/968554686","properties":{"name":"Avenida Professor Artur de Sá","id":"way/968554686","type":"Ciclofaixa"},"geometry":{"type":"LineString","coordinates":[[-34.9520035,-8.046395],[-34.9527851,-8.0463933]]}},{"type":"Feature","id":"way/968554687","properties":{"name":"Avenida Professor Artur de Sá","id":"way/968554687","type":"Ciclofaixa"},"geometry":{"type":"LineString","coordinates":[[-34.950936,-8.0463973],[-34.9520035,-8.046395]]}},{"type":"Feature","id":"way/968556419","properties":{"name":"Avenida Professor Artur de Sá","id":"way/968556419","type":"Ciclofaixa"},"geometry":{"type":"LineString","coordinates":[[-34.9489873,-8.0464095],[-34.9494621,-8.0464105]]}},{"type":"Feature","id":"way/968562321","properties":{"name":"Avenida Afonso Olindense","id":"way/968562321","type":"Ciclofaixa"},"geometry":{"type":"LineString","coordinates":[[-34.9595273,-8.0480481],[-34.9595462,-8.048151]]}},{"type":"Feature","id":"way/968562323","properties":{"name":"Avenida Afonso Olindense","id":"way/968562323","type":"Ciclofaixa"},"geometry":{"type":"LineString","coordinates":[[-34.9588027,-8.0435891],[-34.9593571,-8.0456773],[-34.9594241,-8.0459588],[-34.9594554,-8.0462446]]}},{"type":"Feature","id":"way/968562324","properties":{"name":"Avenida Afonso Olindense","id":"way/968562324","type":"Ciclofaixa"},"geometry":{"type":"LineString","coordinates":[[-34.9585928,-8.0427436],[-34.9588027,-8.0435891]]}},{"type":"Feature","id":"way/968562325","properties":{"name":"Avenida Afonso Olindense","id":"way/968562325","type":"Ciclofaixa"},"geometry":{"type":"LineString","coordinates":[[-34.9594554,-8.0462446],[-34.9594706,-8.0464199],[-34.9594648,-8.0466418],[-34.9594456,-8.0468932],[-34.9594314,-8.0470788],[-34.9594259,-8.0472462],[-34.9594739,-8.0476281],[-34.9595273,-8.0480481]]}},{"type":"Feature","id":"way/968562327","properties":{"name":"Avenida Afonso Olindense","id":"way/968562327","type":"Ciclofaixa"},"geometry":{"type":"LineString","coordinates":[[-34.9573192,-8.0386185],[-34.9574417,-8.0388954]]}},{"type":"Feature","id":"way/968562328","properties":{"name":"Avenida Afonso Olindense","id":"way/968562328","type":"Ciclofaixa"},"geometry":{"type":"LineString","coordinates":[[-34.9572304,-8.0384384],[-34.9573192,-8.0386185]]}},{"type":"Feature","id":"way/968562329","properties":{"name":"Avenida Afonso Olindense","id":"way/968562329","type":"Ciclofaixa"},"geometry":{"type":"LineString","coordinates":[[-34.9563449,-8.036792],[-34.9564702,-8.0370337],[-34.9566657,-8.0373884],[-34.9568949,-8.0378041],[-34.9572304,-8.0384384]]}},{"type":"Feature","id":"way/968571143","properties":{"name":"Rua Gomes Taborda","id":"way/968571143","type":"Ciclorrota"},"geometry":{"type":"LineString","coordinates":[[-34.9225276,-8.0558377],[-34.9228522,-8.0557525]]}},{"type":"Feature","id":"way/968571144","properties":{"name":"Rua Gomes Taborda","id":"way/968571144","type":"Ciclorrota"},"geometry":{"type":"LineString","coordinates":[[-34.9223723,-8.0558816],[-34.9225276,-8.0558377]]}},{"type":"Feature","id":"way/968571145","properties":{"name":"Rua Gomes Taborda","id":"way/968571145","type":"Ciclorrota"},"geometry":{"type":"LineString","coordinates":[[-34.9213897,-8.0561337],[-34.9219378,-8.0559888],[-34.9223723,-8.0558816]]}},{"type":"Feature","id":"way/968571147","properties":{"name":"Rua Gomes Taborda","id":"way/968571147","type":"Ciclorrota"},"geometry":{"type":"LineString","coordinates":[[-34.9191763,-8.0567462],[-34.9192996,-8.0567133]]}},{"type":"Feature","id":"way/968571148","properties":{"name":"Rua Gomes Taborda","id":"way/968571148","type":"Ciclorrota"},"geometry":{"type":"LineString","coordinates":[[-34.9186169,-8.0569054],[-34.9191763,-8.0567462]]}},{"type":"Feature","id":"way/968571149","properties":{"name":"Rua Gomes Taborda","id":"way/968571149","type":"Ciclorrota"},"geometry":{"type":"LineString","coordinates":[[-34.9169518,-8.0573893],[-34.9178249,-8.0571344],[-34.9186169,-8.0569054]]}},{"type":"Feature","id":"way/968625619","properties":{"name":"Avenida Marechal Juarez Távora","id":"way/968625619","type":"Ciclofaixa"},"geometry":{"type":"LineString","coordinates":[[-34.9104854,-8.1396438],[-34.9104121,-8.1396208],[-34.9103203,-8.1396115],[-34.9101627,-8.1396169],[-34.9096625,-8.1396713],[-34.9095841,-8.1396603],[-34.9095297,-8.1396527],[-34.9094103,-8.1396261],[-34.9092015,-8.1395256]]}},{"type":"Feature","id":"way/968629855","properties":{"name":"Avenida Marechal Juarez Távora","id":"way/968629855","type":"Ciclofaixa"},"geometry":{"type":"LineString","coordinates":[[-34.9144159,-8.1431499],[-34.9145888,-8.143304]]}},{"type":"Feature","id":"way/968629856","properties":{"name":"Avenida Marechal Juarez Távora","id":"way/968629856","type":"Ciclofaixa"},"geometry":{"type":"LineString","coordinates":[[-34.9120461,-8.1417641],[-34.9121406,-8.1418166],[-34.9122007,-8.1418499],[-34.9132846,-8.1424517],[-34.9138463,-8.1427884],[-34.9144159,-8.1431499]]}},{"type":"Feature","id":"way/968629857","properties":{"name":"Avenida Marechal Juarez Távora","id":"way/968629857","type":"Ciclofaixa"},"geometry":{"type":"LineString","coordinates":[[-34.9145888,-8.143304],[-34.9146897,-8.1433818],[-34.9147299,-8.1434059],[-34.9147732,-8.1434242],[-34.9148217,-8.1434368],[-34.9148716,-8.1434419],[-34.9149217,-8.1434396]]}},{"type":"Feature","id":"way/968898254","properties":{"name":"1A Travessa José da Silva Lucena","id":"way/968898254","type":"Calçada compartilhada"},"geometry":{"type":"LineString","coordinates":[[-34.9041278,-8.1155209],[-34.9045649,-8.1149622]]}},{"type":"Feature","id":"way/969857667","properties":{"name":"Avenida Governador Agamenon Magalhães","id":"way/969857667","type":"Ciclofaixa"},"geometry":{"type":"LineString","coordinates":[[-34.8868391,-8.0428481],[-34.8867785,-8.0428169],[-34.8860603,-8.042477]]}},{"type":"Feature","id":"way/974194239","properties":{"id":"way/974194239","type":"Baixa velocidade"},"geometry":{"type":"LineString","coordinates":[[-34.9227301,-8.0314283],[-34.9226567,-8.03155],[-34.9225269,-8.0317652],[-34.9227744,-8.031896]]}},{"type":"Feature","id":"way/974282048","properties":{"name":"Rua Florínea","id":"way/974282048","type":"Baixa velocidade"},"geometry":{"type":"LineString","coordinates":[[-34.9225838,-8.020744],[-34.9226978,-8.0211151]]}},{"type":"Feature","id":"way/974655063","properties":{"name":"Rua do Futuro","id":"way/974655063","type":"Ciclofaixa"},"geometry":{"type":"LineString","coordinates":[[-34.9037978,-8.0362344],[-34.9035685,-8.0365399]]}},{"type":"Feature","id":"way/974688525","properties":{"name":"Rua Marquês de Baipendi","id":"way/974688525","type":"Ciclofaixa"},"geometry":{"type":"LineString","coordinates":[[-34.8896921,-8.0296481],[-34.8895083,-8.029615],[-34.88915,-8.0295544]]}},{"type":"Feature","id":"way/974688527","properties":{"name":"Rua Fonseca Oliveira","id":"way/974688527","type":"Ciclofaixa"},"geometry":{"type":"LineString","coordinates":[[-34.8878238,-8.0314743],[-34.8884395,-8.0311151],[-34.8886265,-8.0310069]]}},{"type":"Feature","id":"way/974688528","properties":{"name":"Rua Carlos Fernandes","id":"way/974688528","type":"Ciclorrota"},"geometry":{"type":"LineString","coordinates":[[-34.8864684,-8.0326915],[-34.8858229,-8.032291],[-34.8852405,-8.0319217]]}},{"type":"Feature","id":"way/991346778","properties":{"name":"Praça Treze de Junho","id":"way/991346778","type":"Calçada compartilhada"},"geometry":{"type":"LineString","coordinates":[[-34.8950927,-8.028628],[-34.8951539,-8.0283541],[-34.8951757,-8.0282599]]}},{"type":"Feature","id":"way/992933130","properties":{"name":"Ciclovia Orla de Boa Viagem","id":"way/992933130","type":"Ciclovia"},"geometry":{"type":"LineString","coordinates":[[-34.8820222,-8.0918559],[-34.8826358,-8.094303]]}},{"type":"Feature","id":"way/995660015","properties":{"name":"Rua Treze de Maio","id":"way/995660015","type":"Ciclofaixa"},"geometry":{"type":"LineString","coordinates":[[-34.8799976,-8.0471505],[-34.8802457,-8.047491]]}},{"type":"Feature","id":"way/995660016","properties":{"name":"Rua Treze de Maio","id":"way/995660016","type":"Ciclofaixa"},"geometry":{"type":"LineString","coordinates":[[-34.8799333,-8.0469923],[-34.8799741,-8.0470611],[-34.8799976,-8.0471505]]}},{"type":"Feature","id":"way/995660017","properties":{"name":"Rua Treze de Maio","id":"way/995660017","type":"Ciclofaixa"},"geometry":{"type":"LineString","coordinates":[[-34.8796697,-8.04668],[-34.8797322,-8.0467197],[-34.8797661,-8.0467573],[-34.8798123,-8.0468144],[-34.8798473,-8.0468647],[-34.8798639,-8.0468892],[-34.8798971,-8.0469365],[-34.8799333,-8.0469923]]}},{"type":"Feature","id":"way/998755059","properties":{"name":"Rua Leão Falcão","id":"way/998755059","type":"Ciclorrota"},"geometry":{"type":"LineString","coordinates":[[-34.8764403,-8.0453009],[-34.877022,-8.0449064]]}},{"type":"Feature","id":"way/999748445","properties":{"name":"Rua Cosmorama","id":"way/999748445","type":"Ciclofaixa"},"geometry":{"type":"LineString","coordinates":[[-34.9107984,-8.1402156],[-34.9106817,-8.1399182],[-34.9106348,-8.1398107],[-34.9105731,-8.1397204],[-34.9104854,-8.1396438]]}},{"type":"Feature","id":"way/1002053167","properties":{"name":"Rua Vinte e Um de Abril","id":"way/1002053167","type":"Ciclorrota"},"geometry":{"type":"LineString","coordinates":[[-34.9183656,-8.0751017],[-34.9179953,-8.0751493],[-34.9177798,-8.0751941],[-34.9176271,-8.0752259],[-34.9173771,-8.0752854]]}},{"type":"Feature","id":"way/1002053172","properties":{"name":"Praça do Baobá da Encruzilhada","id":"way/1002053172","type":"Ciclorrota"},"geometry":{"type":"LineString","coordinates":[[-34.8922965,-8.036214],[-34.8922951,-8.0361989],[-34.8922987,-8.0361685],[-34.8923115,-8.0361406],[-34.8923322,-8.0361179],[-34.8923581,-8.0361028],[-34.8923847,-8.0360961],[-34.8924142,-8.0360972],[-34.8924421,-8.0361068],[-34.892466,-8.0361239]]}},{"type":"Feature","id":"way/1008204570","properties":{"name":"Rua Itacoatiara","id":"way/1008204570","type":"Baixa velocidade"},"geometry":{"type":"LineString","coordinates":[[-34.9170353,-8.0203235],[-34.9169461,-8.0202856],[-34.9169232,-8.0202751],[-34.9169105,-8.0202698],[-34.9168949,-8.0202639],[-34.916881,-8.0202617],[-34.9168712,-8.0202584],[-34.9168614,-8.0202576]]}},{"type":"Feature","id":"way/1009012071","properties":{"name":"Rua Bruno Veloso","id":"way/1009012071","type":"Calçada compartilhada"},"geometry":{"type":"LineString","coordinates":[[-34.9074006,-8.1204823],[-34.9074618,-8.1204762],[-34.907921,-8.1204389],[-34.9084622,-8.1204018]]}},{"type":"Feature","id":"way/1009012073","properties":{"name":"Rua Bruno Veloso","id":"way/1009012073","type":"Ciclovia"},"geometry":{"type":"LineString","coordinates":[[-34.9084622,-8.1204018],[-34.9085525,-8.1203952],[-34.9086043,-8.1203876],[-34.9086484,-8.1203756],[-34.9086837,-8.1203614],[-34.9087013,-8.1203472],[-34.9087124,-8.1203361],[-34.9087179,-8.1203232],[-34.9087179,-8.1203057],[-34.9086782,-8.120249]]}},{"type":"Feature","id":"way/1009012080","properties":{"name":"Rua Bruno Veloso","id":"way/1009012080","type":"Ciclovia"},"geometry":{"type":"LineString","coordinates":[[-34.9074397,-8.1206231],[-34.907449,-8.120561],[-34.9074562,-8.1205132],[-34.9074618,-8.1204762]]}},{"type":"Feature","id":"way/1009105713","properties":{"id":"way/1009105713","type":"Baixa velocidade"},"geometry":{"type":"LineString","coordinates":[[-34.9033404,-8.1183069],[-34.9033694,-8.1184396],[-34.9033666,-8.118447],[-34.903358,-8.1184547],[-34.9030274,-8.1186806],[-34.9030101,-8.1186559],[-34.9032084,-8.1185203],[-34.9031251,-8.1184009],[-34.9031109,-8.1184106]]}},{"type":"Feature","id":"way/1009393795","properties":{"name":"Avenida Central","id":"way/1009393795","type":"Ciclofaixa"},"geometry":{"type":"LineString","coordinates":[[-34.8957946,-8.0730239],[-34.8957206,-8.0730101],[-34.8955273,-8.0729543]]}},{"type":"Feature","id":"way/1010825399","properties":{"name":"Rua do Futuro","id":"way/1010825399","type":"Ciclofaixa"},"geometry":{"type":"LineString","coordinates":[[-34.9035685,-8.0365399],[-34.9033928,-8.0367656],[-34.9031874,-8.037058],[-34.9030253,-8.0372463],[-34.9028108,-8.0374867]]}},{"type":"Feature","id":"way/1010830123","properties":{"name":"Ciclovia Graça Araújo","id":"way/1010830123","type":"Ciclovia"},"geometry":{"type":"LineString","coordinates":[[-34.8780995,-8.0562447],[-34.8781347,-8.0563092],[-34.8781166,-8.0563218],[-34.8780224,-8.0563834],[-34.8779539,-8.0564296]]}},{"type":"Feature","id":"way/1010830124","properties":{"name":"Rua da Aurora","id":"way/1010830124","type":"Calçada compartilhada"},"geometry":{"type":"LineString","coordinates":[[-34.879867,-8.0595287],[-34.8798761,-8.0595022],[-34.8798723,-8.0594768],[-34.8798615,-8.059459],[-34.8797918,-8.0593439],[-34.8793562,-8.0586102]]}},{"type":"Feature","id":"way/1010830125","properties":{"name":"Praça da República","id":"way/1010830125","type":"Baixa velocidade"},"geometry":{"type":"LineString","coordinates":[[-34.8786706,-8.0602974],[-34.8787695,-8.0602847]]}},{"type":"Feature","id":"way/1013775892","properties":{"name":"Rua do Riachuelo","id":"way/1013775892","type":"Ciclovia"},"geometry":{"type":"LineString","coordinates":[[-34.883309,-8.0592019],[-34.8833446,-8.0592617]]}},{"type":"Feature","id":"way/1014648478","properties":{"name":"Rua Conselheiro Teodoro","id":"way/1014648478","type":"Ciclofaixa"},"geometry":{"type":"LineString","coordinates":[[-34.9152777,-8.0492852],[-34.9151804,-8.0489532]]}},{"type":"Feature","id":"way/1016257109","properties":{"name":"Rua Bruno Veloso","id":"way/1016257109","type":"Calçada compartilhada"},"geometry":{"type":"LineString","coordinates":[[-34.905909,-8.1207589],[-34.9053184,-8.1208424],[-34.9052444,-8.1208529],[-34.9051935,-8.1208343],[-34.9051825,-8.1208303],[-34.905139,-8.1208303],[-34.9050909,-8.1208317],[-34.9050186,-8.1208413],[-34.9049629,-8.1208493],[-34.9041813,-8.1209376],[-34.9041463,-8.1209443],[-34.9040762,-8.1209632],[-34.9040558,-8.120977],[-34.9040354,-8.1209973],[-34.9040268,-8.121017]]}},{"type":"Feature","id":"way/1016647975","properties":{"name":"Rua Nunes Machado","id":"way/1016647975","type":"Ciclovia"},"geometry":{"type":"LineString","coordinates":[[-34.8899718,-8.0562396],[-34.8899501,-8.0561639],[-34.8899435,-8.0561526],[-34.8899217,-8.0561291],[-34.8898942,-8.0561028],[-34.889878,-8.0560812],[-34.8898572,-8.0560455],[-34.8896048,-8.0555213],[-34.8895984,-8.0555156],[-34.8895896,-8.05551],[-34.8895352,-8.0554958]]}},{"type":"Feature","id":"way/1016647976","properties":{"name":"Rua Nunes Machado","id":"way/1016647976","type":"Ciclofaixa"},"geometry":{"type":"LineString","coordinates":[[-34.8895352,-8.0554958],[-34.8895291,-8.0554678],[-34.8895217,-8.0554087],[-34.8895242,-8.0550427]]}},{"type":"Feature","id":"way/1016647977","properties":{"name":"Rua Nunes Machado","id":"way/1016647977","type":"Ciclovia"},"geometry":{"type":"LineString","coordinates":[[-34.8895242,-8.0550427],[-34.8895376,-8.0549815],[-34.8895515,-8.0549282],[-34.8895677,-8.0548815],[-34.8896169,-8.0547753]]}},{"type":"Feature","id":"way/1020109932","properties":{"name":"Avenida Historiador Jordão Emerenciano","id":"way/1020109932","type":"Ciclofaixa"},"geometry":{"type":"LineString","coordinates":[[-34.9432218,-8.0358866],[-34.9432188,-8.0359391],[-34.9432099,-8.035963],[-34.9432036,-8.0359806],[-34.9431897,-8.0359977],[-34.9431698,-8.0360095],[-34.9431493,-8.036016],[-34.9431162,-8.0360167],[-34.9430783,-8.0360131],[-34.9430348,-8.0360028],[-34.9429681,-8.0359748]]}},{"type":"Feature","id":"way/1020545062","properties":{"name":"Rua Fernandes Vieira","id":"way/1020545062","type":"Ciclovia"},"geometry":{"type":"LineString","coordinates":[[-34.8922332,-8.0527242],[-34.8922257,-8.0527201],[-34.8922161,-8.0527149],[-34.8921982,-8.0526916],[-34.8921803,-8.0526716],[-34.8921582,-8.0526525],[-34.8921467,-8.0526456],[-34.8921217,-8.0526305]]}},{"type":"Feature","id":"way/1026537040","properties":{"name":"Avenida Vereador Otacílio Azevedo","id":"way/1026537040","type":"Baixa velocidade"},"geometry":{"type":"LineString","coordinates":[[-34.9329299,-7.9890987],[-34.9330232,-7.9891471],[-34.9330949,-7.9891996],[-34.9331727,-7.9892833],[-34.9332694,-7.9894193],[-34.9333031,-7.989472],[-34.9334369,-7.9896644],[-34.9334691,-7.9897116],[-34.9335066,-7.989768],[-34.9335402,-7.9898158],[-34.9340804,-7.9906279]]}},{"type":"Feature","id":"way/1052528723","properties":{"name":"Ponte Princesa Isabel","id":"way/1052528723","type":"Calçada compartilhada"},"geometry":{"type":"LineString","coordinates":[[-34.8786706,-8.0602974],[-34.8793717,-8.0598514],[-34.8798404,-8.0595533],[-34.879867,-8.0595287]]}},{"type":"Feature","id":"way/1064097385","properties":{"name":"Avenida da Saudade","id":"way/1064097385","type":"Ciclofaixa"},"geometry":{"type":"LineString","coordinates":[[-34.8835691,-8.0505012],[-34.8827698,-8.0510773]]}},{"type":"Feature","id":"way/1082321800","properties":{"name":"Rua Emiliano Braga","id":"way/1082321800","type":"Ciclofaixa"},"geometry":{"type":"LineString","coordinates":[[-34.9416432,-8.0404634],[-34.9421293,-8.0402076]]}},{"type":"Feature","id":"way/1088556105","properties":{"id":"way/1088556105","type":"Baixa velocidade"},"geometry":{"type":"LineString","coordinates":[[-34.9225269,-8.0317652],[-34.9223176,-8.0316592]]}},{"type":"Feature","id":"way/1099738743","properties":{"name":"Avenida Militar","id":"way/1099738743","type":"Baixa velocidade"},"geometry":{"type":"LineString","coordinates":[[-34.8710412,-8.0541265],[-34.8710393,-8.0540802],[-34.8710472,-8.0540216]]}},{"type":"Feature","id":"way/1099927565","properties":{"id":"way/1099927565","type":"Baixa velocidade"},"geometry":{"type":"LineString","coordinates":[[-34.9278095,-8.0594555],[-34.927464,-8.0594339]]}},{"type":"Feature","id":"way/1099927566","properties":{"id":"way/1099927566","type":"Baixa velocidade"},"geometry":{"type":"LineString","coordinates":[[-34.9278852,-8.0596765],[-34.9278502,-8.0595859],[-34.9278095,-8.0594555]]}},{"type":"Feature","id":"way/1101930428","properties":{"name":"Metrô/Aeroporto","id":"way/1101930428","type":"Proibido"},"geometry":{"type":"LineString","coordinates":[[-34.9147005,-8.1338527],[-34.9147058,-8.1338196],[-34.9146357,-8.1335425],[-34.9144563,-8.1328329],[-34.9144965,-8.1328055],[-34.9144904,-8.1327884]]}},{"type":"Feature","id":"way/1101930435","properties":{"name":"Metrô/Aeroporto","id":"way/1101930435","type":"Proibido"},"geometry":{"type":"LineString","coordinates":[[-34.9152882,-8.1325544],[-34.9152935,-8.1325711]]}},{"type":"Feature","id":"way/1101930439","properties":{"name":"Metrô/Aeroporto","id":"way/1101930439","type":"Proibido"},"geometry":{"type":"LineString","coordinates":[[-34.9160808,-8.1323093],[-34.9160796,-8.1323252]]}},{"type":"Feature","id":"way/1101930440","properties":{"name":"Metrô/Aeroporto","id":"way/1101930440","type":"Proibido"},"geometry":{"type":"LineString","coordinates":[[-34.9146755,-8.1338203],[-34.914686,-8.1338173],[-34.9147005,-8.1338527],[-34.9146951,-8.1338697]]}},{"type":"Feature","id":"way/1101930441","properties":{"name":"Metrô/Aeroporto","id":"way/1101930441","type":"Proibido"},"geometry":{"type":"LineString","coordinates":[[-34.9173355,-8.132358],[-34.9173733,-8.132389],[-34.9173312,-8.1323901]]}},{"type":"Feature","id":"way/1101930442","properties":{"name":"Metrô/Aeroporto","id":"way/1101930442","type":"Proibido"},"geometry":{"type":"LineString","coordinates":[[-34.9173733,-8.132389],[-34.9174281,-8.1324307]]}},{"type":"Feature","id":"way/1102860839","properties":{"name":"Rua Senhor do Bonfim","id":"way/1102860839","type":"Baixa velocidade"},"geometry":{"type":"LineString","coordinates":[[-34.9370577,-7.9934356],[-34.9369649,-7.9934892],[-34.9362065,-7.993927],[-34.9361778,-7.9939363],[-34.9361338,-7.9939428],[-34.9355048,-7.9938804]]}},{"type":"Feature","id":"way/1102860840","properties":{"name":"Beco da Avenida Otacilio de Azevedo","id":"way/1102860840","type":"Baixa velocidade"},"geometry":{"type":"LineString","coordinates":[[-34.9346106,-7.9929899],[-34.9348088,-7.9932362],[-34.9352874,-7.99367],[-34.9355048,-7.9938804]]}},{"type":"Feature","id":"way/1104325389","properties":{"name":"Ciclovia Orla de Boa Viagem","id":"way/1104325389","type":"Ciclovia"},"geometry":{"type":"LineString","coordinates":[[-34.9016487,-8.1364182],[-34.9017173,-8.1366968],[-34.9017644,-8.1367307],[-34.9017947,-8.1368164],[-34.901781,-8.1368659],[-34.9018186,-8.1369587],[-34.9018431,-8.1369891],[-34.9018941,-8.1371245],[-34.9019735,-8.1373538],[-34.9019626,-8.1374051],[-34.9020784,-8.1377483],[-34.9021169,-8.1377967],[-34.902137,-8.1378551],[-34.9021303,-8.1379232],[-34.9022467,-8.1382801],[-34.9022788,-8.1383027],[-34.9023106,-8.1384014],[-34.9023019,-8.1384319],[-34.9024203,-8.1387929],[-34.9024489,-8.1388085],[-34.9025531,-8.139135],[-34.9026136,-8.1393103],[-34.9025959,-8.1394516],[-34.9027504,-8.1399149],[-34.9027824,-8.1399548],[-34.9029196,-8.1403539],[-34.9029596,-8.1403744],[-34.9029823,-8.1404478],[-34.9029598,-8.1404974],[-34.9030923,-8.1408734],[-34.9031343,-8.1409074],[-34.9031548,-8.1409717],[-34.9031408,-8.141005],[-34.9032729,-8.141389],[-34.9033113,-8.1414185],[-34.9033315,-8.1414583],[-34.9033172,-8.1415325],[-34.9034714,-8.1418886],[-34.9035209,-8.1419173],[-34.9035908,-8.1420772],[-34.9035833,-8.142124],[-34.9037166,-8.1424234],[-34.9038936,-8.1428081],[-34.9039551,-8.1428521],[-34.9040023,-8.1429556],[-34.9039953,-8.143003],[-34.904165,-8.1433449],[-34.9042217,-8.1433845],[-34.9042461,-8.1434328],[-34.904248,-8.1434977],[-34.9044086,-8.1438275],[-34.9044828,-8.1438654],[-34.9045582,-8.1440218],[-34.9047443,-8.1443967],[-34.9047422,-8.1444766],[-34.9048685,-8.1447447],[-34.9049194,-8.1447965],[-34.9051016,-8.1451635]]}},{"type":"Feature","id":"way/1104325401","properties":{"name":"Ciclovia Orla de Boa Viagem","id":"way/1104325401","type":"Ciclovia"},"geometry":{"type":"LineString","coordinates":[[-34.9013098,-8.1353492],[-34.9014204,-8.1356775],[-34.9014174,-8.1357887],[-34.9015475,-8.1361611],[-34.9016079,-8.1362296],[-34.9016473,-8.1363634],[-34.9016487,-8.1364182]]}},{"type":"Feature","id":"way/1104338043","properties":{"name":"Ciclovia Orla de Boa Viagem","id":"way/1104338043","type":"Ciclovia"},"geometry":{"type":"LineString","coordinates":[[-34.8999166,-8.132138],[-34.9000961,-8.1325519],[-34.9003399,-8.1331128],[-34.9003391,-8.1331541],[-34.9003758,-8.1332437],[-34.9004113,-8.1332601],[-34.9004838,-8.1334265],[-34.9006891,-8.1338365],[-34.9006829,-8.1338955],[-34.9007394,-8.1340231],[-34.9007786,-8.1340488],[-34.9010874,-8.1347515],[-34.9010846,-8.1348241],[-34.9012215,-8.1351708],[-34.9012499,-8.1351924],[-34.9013098,-8.1353492]]}},{"type":"Feature","id":"way/1104338060","properties":{"name":"Ciclovia Orla de Boa Viagem","id":"way/1104338060","type":"Ciclovia"},"geometry":{"type":"LineString","coordinates":[[-34.8985441,-8.1291368],[-34.8986504,-8.1293738],[-34.8989432,-8.1300261],[-34.8992034,-8.13059],[-34.8995562,-8.1313606],[-34.8999166,-8.132138]]}},{"type":"Feature","id":"way/1104340515","properties":{"name":"Ciclovia Orla de Boa Viagem","id":"way/1104340515","type":"Ciclovia"},"geometry":{"type":"LineString","coordinates":[[-34.8941215,-8.1186916],[-34.8942845,-8.11897],[-34.8942811,-8.1190373],[-34.8944805,-8.1193651],[-34.8945279,-8.1193773],[-34.8945445,-8.1194053],[-34.8945354,-8.1194671],[-34.8947797,-8.1198415],[-34.89482,-8.1198567],[-34.8948554,-8.1199134],[-34.8948512,-8.1199574],[-34.8949385,-8.1201119],[-34.8949769,-8.1201225],[-34.8951067,-8.1203604],[-34.8951403,-8.120426],[-34.8951331,-8.1204576],[-34.8952574,-8.1207002],[-34.8953071,-8.1207334],[-34.8953721,-8.1208615],[-34.8953661,-8.1209147],[-34.8955498,-8.1212547],[-34.8955861,-8.1212824],[-34.8956073,-8.1213192],[-34.8956009,-8.1213655],[-34.8957961,-8.1217639],[-34.8958344,-8.1217769],[-34.8960112,-8.1221346]]}},{"type":"Feature","id":"way/1104353872","properties":{"name":"Ciclovia Orla de Boa Viagem","id":"way/1104353872","type":"Ciclovia"},"geometry":{"type":"LineString","coordinates":[[-34.8931467,-8.1170442],[-34.8931879,-8.1171114],[-34.8931694,-8.1171627],[-34.8933164,-8.1174093],[-34.8933563,-8.1174128],[-34.8934456,-8.1175591],[-34.8934351,-8.1176076],[-34.8936187,-8.1179098],[-34.8936753,-8.1179399],[-34.8937413,-8.1180604],[-34.8937344,-8.1181079],[-34.8939139,-8.1184118],[-34.8939732,-8.1184401],[-34.8941215,-8.1186916]]}},{"type":"Feature","id":"way/1104390571","properties":{"name":"Ciclovia Orla de Boa Viagem","id":"way/1104390571","type":"Ciclovia"},"geometry":{"type":"LineString","coordinates":[[-34.8971483,-8.1253735],[-34.8974002,-8.1260164],[-34.8975896,-8.1265173],[-34.8977337,-8.1269853],[-34.8980049,-8.1278924],[-34.8980741,-8.1280946],[-34.8985441,-8.1291368]]}},{"type":"Feature","id":"way/1104409708","properties":{"name":"Ciclovia Orla de Boa Viagem","id":"way/1104409708","type":"Ciclovia"},"geometry":{"type":"LineString","coordinates":[[-34.8921562,-8.1154427],[-34.8923068,-8.1156714],[-34.8923032,-8.1157215],[-34.8925417,-8.1161065],[-34.8925798,-8.1161147],[-34.892614,-8.116173],[-34.8926118,-8.116219],[-34.8928058,-8.1165602],[-34.8928511,-8.1165697],[-34.8928913,-8.1166382],[-34.8928954,-8.1167071],[-34.8930478,-8.1169512],[-34.8930879,-8.1169551],[-34.8931467,-8.1170442]]}},{"type":"Feature","id":"way/1104411712","properties":{"name":"Ciclovia Orla de Boa Viagem","id":"way/1104411712","type":"Ciclovia"},"geometry":{"type":"LineString","coordinates":[[-34.8911798,-8.11397],[-34.8912454,-8.114059],[-34.8912445,-8.1141221],[-34.8913411,-8.1142666],[-34.8913988,-8.1142736],[-34.8914485,-8.1143532],[-34.8914496,-8.1144227],[-34.8916619,-8.1147436],[-34.8917275,-8.1147679],[-34.8917544,-8.1148142],[-34.8917514,-8.1148727],[-34.8919541,-8.115176],[-34.8920089,-8.1151907],[-34.8921562,-8.1154427]]}},{"type":"Feature","id":"way/1104411717","properties":{"name":"Ciclovia Orla de Boa Viagem","id":"way/1104411717","type":"Ciclovia"},"geometry":{"type":"LineString","coordinates":[[-34.8899503,-8.1119246],[-34.8900386,-8.1120811],[-34.8900396,-8.112138],[-34.8901928,-8.1124151],[-34.8902436,-8.1124472],[-34.8902845,-8.1125225],[-34.8902814,-8.1125636],[-34.8904726,-8.1129077],[-34.8905167,-8.1129277],[-34.8905542,-8.1129947],[-34.8905579,-8.1130389],[-34.8907532,-8.1133582],[-34.8908017,-8.1133847],[-34.8908386,-8.1134516],[-34.8908296,-8.113488],[-34.8910237,-8.1137914],[-34.8910815,-8.1138143],[-34.8911798,-8.11397]]}},{"type":"Feature","id":"way/1104412346","properties":{"name":"Ciclovia Orla de Boa Viagem","id":"way/1104412346","type":"Ciclovia"},"geometry":{"type":"LineString","coordinates":[[-34.8892384,-8.1103799],[-34.88933,-8.1105748],[-34.8893208,-8.1106215],[-34.8894541,-8.1109284],[-34.8895095,-8.110958],[-34.889658,-8.1112822],[-34.8896465,-8.1113522],[-34.8896927,-8.1114442],[-34.889737,-8.1114675],[-34.8897751,-8.1115404],[-34.8897621,-8.1116078],[-34.8898275,-8.1117536],[-34.8898748,-8.1117745],[-34.8899503,-8.1119246]]}},{"type":"Feature","id":"way/1104412348","properties":{"name":"Ciclovia Orla de Boa Viagem","id":"way/1104412348","type":"Ciclovia"},"geometry":{"type":"LineString","coordinates":[[-34.8885489,-8.1088693],[-34.8886279,-8.1090569],[-34.8886283,-8.1091405],[-34.8887887,-8.1094847],[-34.8888308,-8.109496],[-34.8888735,-8.1095752],[-34.8888606,-8.1096295],[-34.8890417,-8.1100061],[-34.8890766,-8.1100146],[-34.8891061,-8.1100686],[-34.8890956,-8.1101293],[-34.889177,-8.1103156],[-34.8892165,-8.1103296],[-34.8892384,-8.1103799]]}},{"type":"Feature","id":"way/1104412356","properties":{"name":"Ciclovia Orla de Boa Viagem","id":"way/1104412356","type":"Ciclovia"},"geometry":{"type":"LineString","coordinates":[[-34.8876655,-8.1069052],[-34.8877581,-8.1071119],[-34.8877539,-8.1071652],[-34.8878998,-8.1074988],[-34.8879507,-8.1075301],[-34.8880622,-8.1077736],[-34.8880443,-8.1078349],[-34.8881225,-8.1080092],[-34.8881725,-8.1080321],[-34.8882135,-8.1081178],[-34.8882062,-8.1081742],[-34.8883596,-8.1085227],[-34.8884059,-8.108555],[-34.8885489,-8.1088693]]}},{"type":"Feature","id":"way/1104412359","properties":{"name":"Ciclovia Orla de Boa Viagem","id":"way/1104412359","type":"Ciclovia"},"geometry":{"type":"LineString","coordinates":[[-34.8866594,-8.1046552],[-34.8866727,-8.1046891],[-34.8866659,-8.10475],[-34.886795,-8.1050425],[-34.8868474,-8.1050643],[-34.8868792,-8.1051291],[-34.8868664,-8.1051877],[-34.8870048,-8.1055202],[-34.8870607,-8.105548],[-34.8870941,-8.1056301],[-34.8870723,-8.1056709],[-34.8872369,-8.1060354],[-34.8872928,-8.1060704],[-34.8873175,-8.1061303],[-34.8873039,-8.1061779],[-34.8874728,-8.1065399],[-34.8875138,-8.1065586],[-34.8875455,-8.106621],[-34.8875293,-8.1066689],[-34.8875763,-8.1067703],[-34.8876153,-8.1067971],[-34.8876655,-8.1069052]]}},{"type":"Feature","id":"way/1104412801","properties":{"name":"Ciclovia Orla de Boa Viagem","id":"way/1104412801","type":"Ciclovia"},"geometry":{"type":"LineString","coordinates":[[-34.8855623,-8.1023438],[-34.885659,-8.102556],[-34.8856983,-8.1025762],[-34.8857825,-8.102753],[-34.8857858,-8.1028322],[-34.8861184,-8.1035583],[-34.8861661,-8.1035843],[-34.8862176,-8.1037006],[-34.8862154,-8.1037599],[-34.8863314,-8.1040231],[-34.8863916,-8.1040775],[-34.8864222,-8.1041434],[-34.8864116,-8.1041983],[-34.8865589,-8.1045201],[-34.8866159,-8.1045598],[-34.8866594,-8.1046552]]}},{"type":"Feature","id":"way/1104412804","properties":{"name":"Ciclovia Orla de Boa Viagem","id":"way/1104412804","type":"Ciclovia"},"geometry":{"type":"LineString","coordinates":[[-34.8850859,-8.1012827],[-34.8851775,-8.1014716],[-34.885164,-8.101513],[-34.885196,-8.1015825],[-34.8852431,-8.1016035],[-34.8852841,-8.1016846],[-34.8852766,-8.1017425],[-34.8854286,-8.1020698],[-34.8854765,-8.1020938],[-34.8855158,-8.1021769],[-34.8855095,-8.1022318],[-34.8855623,-8.1023438]]}},{"type":"Feature","id":"way/1104422380","properties":{"name":"Ciclovia Orla de Boa Viagem","id":"way/1104422380","type":"Ciclovia"},"geometry":{"type":"LineString","coordinates":[[-34.8843968,-8.0998095],[-34.8845888,-8.1002046],[-34.8845812,-8.1002744],[-34.8848937,-8.1009514],[-34.8849557,-8.1009845],[-34.8850859,-8.1012827]]}},{"type":"Feature","id":"way/1104422383","properties":{"name":"Ciclovia Orla de Boa Viagem","id":"way/1104422383","type":"Ciclovia"},"geometry":{"type":"LineString","coordinates":[[-34.8836863,-8.0983435],[-34.8840307,-8.0991258],[-34.8840814,-8.0991631],[-34.8842131,-8.0994317],[-34.8842001,-8.0994745],[-34.8842678,-8.099615],[-34.8843084,-8.0996281],[-34.8843968,-8.0998095]]}},{"type":"Feature","id":"way/1104422881","properties":{"name":"Ciclovia Orla de Boa Viagem","id":"way/1104422881","type":"Ciclovia"},"geometry":{"type":"LineString","coordinates":[[-34.883057,-8.0959873],[-34.8832778,-8.0969046],[-34.8835334,-8.0979613],[-34.8836265,-8.0982118],[-34.8836863,-8.0983435]]}},{"type":"Feature","id":"way/1104422886","properties":{"name":"Ciclovia Orla de Boa Viagem","id":"way/1104422886","type":"Ciclovia"},"geometry":{"type":"LineString","coordinates":[[-34.8826358,-8.094303],[-34.883057,-8.0959873]]}},{"type":"Feature","id":"way/1104422889","properties":{"name":"Ciclovia Orla de Boa Viagem","id":"way/1104422889","type":"Ciclovia"},"geometry":{"type":"LineString","coordinates":[[-34.8817115,-8.090619],[-34.8820222,-8.0918559]]}},{"type":"Feature","id":"way/1104424202","properties":{"name":"Ciclovia Orla de Boa Viagem","id":"way/1104424202","type":"Ciclovia"},"geometry":{"type":"LineString","coordinates":[[-34.8816184,-8.0902282],[-34.8815777,-8.0900431],[-34.88162,-8.0899736]]}},{"type":"Feature","id":"way/1104430122","properties":{"name":"Ciclovia Orla de Boa Viagem","id":"way/1104430122","type":"Ciclovia"},"geometry":{"type":"LineString","coordinates":[[-34.8960112,-8.1221346],[-34.8961612,-8.1224268],[-34.8961461,-8.1224825],[-34.8962319,-8.1226567],[-34.8962803,-8.1226758],[-34.8963467,-8.1228215],[-34.8963302,-8.1228662],[-34.8964502,-8.1232261],[-34.8964802,-8.1232532],[-34.8965073,-8.1233344],[-34.8965007,-8.1233837],[-34.8965756,-8.1236377],[-34.8966026,-8.1236689],[-34.8966742,-8.1238993],[-34.8969521,-8.1248489],[-34.8971483,-8.1253735]]}},{"type":"Feature","id":"way/1104436063","properties":{"name":"Ciclovia Orla de Boa Viagem","id":"way/1104436063","type":"Ciclovia"},"geometry":{"type":"LineString","coordinates":[[-34.9051016,-8.1451635],[-34.9052378,-8.1454204],[-34.9052456,-8.1455089],[-34.9056248,-8.1462804],[-34.9056791,-8.1463111],[-34.9056947,-8.1463481],[-34.9056817,-8.1464086],[-34.9057927,-8.1466279],[-34.9058241,-8.1466935],[-34.905873,-8.1467198],[-34.9058925,-8.1467717],[-34.9059091,-8.1468056],[-34.9058947,-8.1468467],[-34.9062623,-8.1476819],[-34.9063548,-8.1477691],[-34.906827,-8.148781]]}},{"type":"Feature","id":"way/1104436067","properties":{"name":"Ciclovia Orla de Boa Viagem","id":"way/1104436067","type":"Ciclovia"},"geometry":{"type":"LineString","coordinates":[[-34.906827,-8.148781],[-34.9068473,-8.148833],[-34.9068233,-8.1488898],[-34.9069433,-8.1492158],[-34.9069922,-8.1492547],[-34.9070272,-8.1493319],[-34.9070259,-8.1494209],[-34.907142,-8.1497423],[-34.9071853,-8.1497841],[-34.9072018,-8.1498239],[-34.9071848,-8.1499381],[-34.9072872,-8.1501873],[-34.9073984,-8.1502855],[-34.9077385,-8.1511302]]}},{"type":"Feature","id":"way/1104436070","properties":{"name":"Avenida Boa Viagem","id":"way/1104436070","type":"Ciclovia"},"geometry":{"type":"LineString","coordinates":[[-34.907781,-8.1512375],[-34.9077385,-8.1511302],[-34.9077566,-8.1511232],[-34.9078144,-8.1511016]]}},{"type":"Feature","id":"way/1105544819","properties":{"name":"Avenida Governador Agamenon Magalhães","id":"way/1105544819","type":"Calçada compartilhada"},"geometry":{"type":"LineString","coordinates":[[-34.8927623,-8.0487092],[-34.8927918,-8.0486925],[-34.8928435,-8.0486601],[-34.892968,-8.0485938],[-34.892995,-8.0485773]]}},{"type":"Feature","id":"way/1106674108","properties":{"name":"Rua Terra Nova","id":"way/1106674108","type":"Baixa velocidade"},"geometry":{"type":"LineString","coordinates":[[-34.9486517,-8.1200603],[-34.9485283,-8.1200236],[-34.9482963,-8.1199547]]}},{"type":"Feature","id":"way/1107369082","properties":{"name":"Praça Melvin Jones","id":"way/1107369082","type":"Ciclovia"},"geometry":{"type":"LineString","coordinates":[[-34.9074272,-8.0331687],[-34.9071474,-8.033023]]}},{"type":"Feature","id":"way/1107370514","properties":{"name":"Rua Padre Roma","id":"way/1107370514","type":"Ciclofaixa"},"geometry":{"type":"LineString","coordinates":[[-34.9071149,-8.0330113],[-34.9071642,-8.0328907]]}},{"type":"Feature","id":"way/1107376174","properties":{"name":"Rua Padre Roma","id":"way/1107376174","type":"Ciclovia"},"geometry":{"type":"LineString","coordinates":[[-34.9074272,-8.0331687],[-34.9074078,-8.0332634],[-34.9073246,-8.0333061],[-34.9072722,-8.0332847],[-34.907209,-8.0332741],[-34.9071505,-8.0332908],[-34.9071197,-8.0333168],[-34.9071043,-8.0333564],[-34.9070889,-8.0334114],[-34.9070596,-8.0334327],[-34.9069965,-8.0334617],[-34.9069025,-8.033509],[-34.9068208,-8.0335547],[-34.9067746,-8.0335883],[-34.9067392,-8.0336188],[-34.9067823,-8.0336691],[-34.90679,-8.0336936],[-34.9067531,-8.0337195],[-34.9067469,-8.0337958]]}},{"type":"Feature","id":"way/1107376435","properties":{"name":"Rua Padre Roma","id":"way/1107376435","type":"Calçada compartilhada"},"geometry":{"type":"LineString","coordinates":[[-34.9067469,-8.0337958],[-34.9066699,-8.0337927],[-34.9066005,-8.033808],[-34.9065189,-8.0338308],[-34.9064434,-8.0338583],[-34.9063371,-8.0338964],[-34.9062123,-8.0339346],[-34.9061353,-8.033959],[-34.9060398,-8.0339742],[-34.9059951,-8.0339941],[-34.9059628,-8.0340352],[-34.905952,-8.0340917],[-34.9059458,-8.0341451],[-34.9059307,-8.0342983]]}},{"type":"Feature","id":"way/1107378197","properties":{"name":"Rua Padre Roma","id":"way/1107378197","type":"Ciclofaixa"},"geometry":{"type":"LineString","coordinates":[[-34.9059307,-8.0342983],[-34.9058629,-8.0343002]]}},{"type":"Feature","id":"way/1107393163","properties":{"name":"Ciclovia Riomar","id":"way/1107393163","type":"Ciclofaixa"},"geometry":{"type":"LineString","coordinates":[[-34.8901736,-8.0854146],[-34.8902169,-8.0854636],[-34.89023,-8.085479],[-34.8902487,-8.0855253],[-34.8902392,-8.0855685],[-34.8901916,-8.0856382]]}},{"type":"Feature","id":"way/1107393616","properties":{"name":"Ciclovia Riomar","id":"way/1107393616","type":"Calçada compartilhada"},"geometry":{"type":"LineString","coordinates":[[-34.8905193,-8.0851363],[-34.8904742,-8.0851483],[-34.8904218,-8.0851784],[-34.8902298,-8.0853698],[-34.8901979,-8.0853951]]}},{"type":"Feature","id":"way/1107397317","properties":{"name":"Rua Pio IX","id":"way/1107397317","type":"Ciclorrota"},"geometry":{"type":"LineString","coordinates":[[-34.911224,-8.0452594],[-34.9110425,-8.04583],[-34.9109124,-8.0462376],[-34.9108507,-8.0464501]]}},{"type":"Feature","id":"way/1107446160","properties":{"name":"Ponte da Torre","id":"way/1107446160","type":"Calçada compartilhada"},"geometry":{"type":"LineString","coordinates":[[-34.9041963,-8.0455356],[-34.9039867,-8.0454951],[-34.9037387,-8.0454402],[-34.9034783,-8.0453853],[-34.903151,-8.0453087]]}},{"type":"Feature","id":"way/1107446161","properties":{"name":"Ponte da Torre","id":"way/1107446161","type":"Calçada compartilhada"},"geometry":{"type":"LineString","coordinates":[[-34.903151,-8.0453087],[-34.9031055,-8.0452953],[-34.9030782,-8.045278],[-34.9030586,-8.0452453],[-34.903046,-8.0452067],[-34.9030509,-8.0451616],[-34.9030528,-8.0451446],[-34.9030741,-8.0450862],[-34.9033391,-8.0444964]]}},{"type":"Feature","id":"way/1107451333","properties":{"name":"Avenida Governador Agamenon Magalhães","id":"way/1107451333","type":"Calçada compartilhada"},"geometry":{"type":"LineString","coordinates":[[-34.892995,-8.0485773],[-34.8930457,-8.0485921]]}},{"type":"Feature","id":"way/1107451334","properties":{"name":"Avenida Governador Agamenon Magalhães","id":"way/1107451334","type":"Calçada compartilhada"},"geometry":{"type":"LineString","coordinates":[[-34.8927623,-8.0487092],[-34.8927432,-8.0487586]]}},{"type":"Feature","id":"way/1107455490","properties":{"name":"Avenida Norte Miguel Arraes de Alencar","id":"way/1107455490","type":"Ciclofaixa"},"geometry":{"type":"LineString","coordinates":[[-34.9302889,-8.0162714],[-34.9304649,-8.0161841],[-34.9305556,-8.0162456]]}},{"type":"Feature","id":"way/1107459718","properties":{"name":"Avenida Norte Miguel Arraes de Alencar","id":"way/1107459718","type":"Ciclofaixa"},"geometry":{"type":"LineString","coordinates":[[-34.8849385,-8.0420307],[-34.8849929,-8.041984]]}},{"type":"Feature","id":"way/1107459719","properties":{"name":"Avenida Governador Agamenon Magalhães","id":"way/1107459719","type":"Calçada compartilhada"},"geometry":{"type":"LineString","coordinates":[[-34.8849385,-8.0420307],[-34.884944,-8.0421068],[-34.8848803,-8.0421708],[-34.8847812,-8.04219],[-34.8847068,-8.0423215],[-34.8847298,-8.0423582]]}},{"type":"Feature","id":"way/1107516076","properties":{"name":"Avenida Doutor Jayme da Fonte","id":"way/1107516076","type":"Ciclofaixa"},"geometry":{"type":"LineString","coordinates":[[-34.8787994,-8.0403012],[-34.8787344,-8.0403535],[-34.8786698,-8.0404056],[-34.8785113,-8.0405442]]}},{"type":"Feature","id":"way/1107522779","properties":{"id":"way/1107522779","type":"Calçada compartilhada"},"geometry":{"type":"LineString","coordinates":[[-34.8784411,-8.0644975],[-34.8784806,-8.0648105],[-34.8785354,-8.065029],[-34.8786076,-8.0652552],[-34.8785919,-8.0652897],[-34.877916,-8.0652222]]}},{"type":"Feature","id":"way/1107857914","properties":{"name":"Rua Itanagé","id":"way/1107857914","type":"Ciclofaixa"},"geometry":{"type":"LineString","coordinates":[[-34.921277,-8.1064701],[-34.9205491,-8.1058287]]}},{"type":"Feature","id":"way/1107857915","properties":{"name":"Rua Potengy","id":"way/1107857915","type":"Ciclofaixa"},"geometry":{"type":"LineString","coordinates":[[-34.9186192,-8.1064227],[-34.9182444,-8.1068412]]}},{"type":"Feature","id":"way/1109759338","properties":{"name":"Rua Rio Beberibe","id":"way/1109759338","type":"Ciclovia"},"geometry":{"type":"LineString","coordinates":[[-34.8917491,-8.0038058],[-34.8915126,-8.0038175],[-34.8912179,-8.0038618]]}},{"type":"Feature","id":"way/1128460193","properties":{"name":"Parque das Graças Lúcia Moura","id":"way/1128460193","type":"Calçada compartilhada"},"geometry":{"type":"LineString","coordinates":[[-34.9036549,-8.052944],[-34.9036947,-8.0528054],[-34.9037345,-8.0526111],[-34.9037958,-8.0522725],[-34.9038799,-8.0517172],[-34.9039272,-8.0511641],[-34.9039388,-8.0508834],[-34.9039082,-8.0506069],[-34.9038085,-8.0500737],[-34.9036871,-8.0495932],[-34.903659,-8.0494923],[-34.9035162,-8.04909],[-34.9032182,-8.0483207],[-34.9031308,-8.0479706]]}},{"type":"Feature","id":"way/1137082094","properties":{"name":"Ponte Buarque de Macedo","id":"way/1137082094","type":"Ciclofaixa"},"geometry":{"type":"LineString","coordinates":[[-34.8739789,-8.0623468],[-34.8764167,-8.0616331]]}},{"type":"Feature","id":"way/1164743879","properties":{"name":"Rua Alvenópolis","id":"way/1164743879","type":"Ciclofaixa"},"geometry":{"type":"LineString","coordinates":[[-34.9373797,-8.0767173],[-34.9372703,-8.0767477],[-34.9370799,-8.0767776],[-34.9367955,-8.0767636],[-34.9364985,-8.0767369],[-34.9362584,-8.0767182],[-34.9360686,-8.0767182],[-34.9359749,-8.076734],[-34.9359023,-8.076761],[-34.9357934,-8.0768431],[-34.9357441,-8.0769044],[-34.9357216,-8.0769253],[-34.9356502,-8.0769973],[-34.9355268,-8.0771699],[-34.9354249,-8.0773186],[-34.9352988,-8.077478],[-34.9351433,-8.0776957]]}},{"type":"Feature","id":"way/1164743880","properties":{"name":"Rua Alvenópolis","id":"way/1164743880","type":"Ciclofaixa"},"geometry":{"type":"LineString","coordinates":[[-34.9347989,-8.0780937],[-34.934749,-8.0781445],[-34.9345451,-8.0783756],[-34.9344651,-8.0784666],[-34.9343395,-8.0785821]]}},{"type":"Feature","id":"way/1164743881","properties":{"name":"Rua Alvenópolis","id":"way/1164743881","type":"Ciclofaixa"},"geometry":{"type":"LineString","coordinates":[[-34.9351433,-8.0776957],[-34.9350494,-8.0778179],[-34.9349367,-8.0779533],[-34.9348874,-8.0780036]]}},{"type":"Feature","id":"way/1164743882","properties":{"name":"Rua Alvenópolis","id":"way/1164743882","type":"Ciclofaixa"},"geometry":{"type":"LineString","coordinates":[[-34.9348874,-8.0780036],[-34.9347989,-8.0780937]]}},{"type":"Feature","id":"way/1174030251","properties":{"name":"Rua do Riachuelo","id":"way/1174030251","type":"Ciclovia"},"geometry":{"type":"LineString","coordinates":[[-34.8820297,-8.0601153],[-34.881979,-8.0600204]]}},{"type":"Feature","id":"way/1175625343","properties":{"name":"Rua Paissandú","id":"way/1175625343","type":"Ciclorrota"},"geometry":{"type":"LineString","coordinates":[[-34.8944918,-8.0597579],[-34.8944769,-8.0597471],[-34.8942343,-8.059533],[-34.8941396,-8.0594296]]}},{"type":"Feature","id":"way/1175632578","properties":{"name":"Rua da Aurora","id":"way/1175632578","type":"Ciclofaixa"},"geometry":{"type":"LineString","coordinates":[[-34.8793416,-8.0584865],[-34.8793036,-8.0584592],[-34.8792529,-8.0584228],[-34.877977,-8.0564651],[-34.8779708,-8.0564556],[-34.8779539,-8.0564296],[-34.8779071,-8.0563574]]}},{"type":"Feature","id":"way/1175632580","properties":{"name":"Rua da Aurora","id":"way/1175632580","type":"Ciclovia"},"geometry":{"type":"LineString","coordinates":[[-34.8779071,-8.0563574],[-34.8778869,-8.0562332],[-34.8778703,-8.0561315]]}},{"type":"Feature","id":"way/1176343943","properties":{"name":"Avenida Governador Agamenon Magalhães","id":"way/1176343943","type":"Calçada compartilhada"},"geometry":{"type":"LineString","coordinates":[[-34.8853737,-8.0421849],[-34.884944,-8.0421068]]}},{"type":"Feature","id":"way/1177251511","properties":{"name":"Rua Ibiporã","id":"way/1177251511","type":"Ciclovia"},"geometry":{"type":"LineString","coordinates":[[-34.9006642,-8.0725157],[-34.9006379,-8.0724945],[-34.9005891,-8.0724753],[-34.9005546,-8.0724784],[-34.90052,-8.0724904],[-34.9004844,-8.0725116],[-34.9004184,-8.0725538],[-34.9003777,-8.072578],[-34.9003421,-8.0726062],[-34.9002994,-8.0726333],[-34.9002425,-8.0726474],[-34.9000088,-8.0726987],[-34.8999529,-8.0727048],[-34.8997537,-8.0727038],[-34.8996205,-8.0726927],[-34.8993674,-8.0726545],[-34.899094,-8.0726102],[-34.8989152,-8.072582],[-34.8987566,-8.0725911],[-34.8985604,-8.0726052],[-34.8982901,-8.0726031],[-34.8982072,-8.0726005],[-34.8980701,-8.0725883],[-34.8979484,-8.0725357],[-34.8978144,-8.0725075],[-34.8976542,-8.0724953],[-34.8973776,-8.0724785],[-34.8971073,-8.0724571],[-34.8968916,-8.072451],[-34.89686,-8.0724571],[-34.8968207,-8.0724739],[-34.8967976,-8.0724899],[-34.8967822,-8.072512],[-34.8967722,-8.0725357]]}},{"type":"Feature","id":"way/1177251512","properties":{"name":"Rua Ibiporã","id":"way/1177251512","type":"Ciclorrota"},"geometry":{"type":"LineString","coordinates":[[-34.8967363,-8.0725367],[-34.8965446,-8.0732494]]}},{"type":"Feature","id":"way/1177335896","properties":{"name":"Rua Prefeito Jorge Martins","id":"way/1177335896","type":"Ciclorrota"},"geometry":{"type":"LineString","coordinates":[[-34.8913595,-8.0691738],[-34.8913584,-8.0692014],[-34.891355,-8.069222],[-34.8913423,-8.0692475],[-34.8912463,-8.0693021]]}},{"type":"Feature","id":"way/1179879262","properties":{"name":"Avenida Beira Rio","id":"way/1179879262","type":"Ciclofaixa"},"geometry":{"type":"LineString","coordinates":[[-34.9008864,-8.067218],[-34.9008994,-8.0671772],[-34.9009456,-8.0669671],[-34.9009621,-8.066877]]}},{"type":"Feature","id":"way/1183970372","properties":{"name":"Ciclovia Norte","id":"way/1183970372","type":"Ciclovia"},"geometry":{"type":"LineString","coordinates":[[-34.8769243,-8.0475048],[-34.8770289,-8.0474313]]}},{"type":"Feature","id":"way/1184004956","properties":{"name":"Avenida Sul","id":"way/1184004956","type":"Ciclofaixa"},"geometry":{"type":"LineString","coordinates":[[-34.9107356,-8.1157511],[-34.9107502,-8.1157944],[-34.9107692,-8.1158579]]}},{"type":"Feature","id":"way/1184004957","properties":{"name":"Avenida Sul","id":"way/1184004957","type":"Ciclofaixa"},"geometry":{"type":"LineString","coordinates":[[-34.9107692,-8.1158579],[-34.9107969,-8.1160237],[-34.9108104,-8.1161848],[-34.9108182,-8.1163683],[-34.9108374,-8.1164912],[-34.9108102,-8.1166331],[-34.9108835,-8.1170076],[-34.9109714,-8.117377],[-34.9112345,-8.1184402]]}},{"type":"Feature","id":"way/1184004990","properties":{"name":"Rua Santos Cosme e Damião","id":"way/1184004990","type":"Baixa velocidade"},"geometry":{"type":"LineString","coordinates":[[-34.9216042,-8.1119892],[-34.921559,-8.1119504],[-34.920172,-8.1107579]]}},{"type":"Feature","id":"way/1184005002","properties":{"name":"Avenida Senador Robert Kennedy","id":"way/1184005002","type":"Ciclorrota"},"geometry":{"type":"LineString","coordinates":[[-34.9205625,-8.11899],[-34.9208899,-8.1192706],[-34.9209592,-8.1193341]]}},{"type":"Feature","id":"way/1184099726","properties":{"name":"Rua Vinte e Um de Abril","id":"way/1184099726","type":"Ciclorrota"},"geometry":{"type":"LineString","coordinates":[[-34.9106613,-8.0767743],[-34.9104722,-8.0767981],[-34.9103873,-8.0768114],[-34.9098144,-8.0769012],[-34.909642,-8.0769254],[-34.9091945,-8.076991]]}},{"type":"Feature","id":"way/1189266169","properties":{"name":"Rua do Futuro","id":"way/1189266169","type":"Ciclofaixa"},"geometry":{"type":"LineString","coordinates":[[-34.9042645,-8.0356913],[-34.9039909,-8.0360153]]}},{"type":"Feature","id":"way/1192066621","properties":{"id":"way/1192066621","type":"Baixa velocidade"},"geometry":{"type":"LineString","coordinates":[[-34.8689842,-8.0569452],[-34.8690064,-8.0570059]]}},{"type":"Feature","id":"way/1192066622","properties":{"id":"way/1192066622","type":"Baixa velocidade"},"geometry":{"type":"LineString","coordinates":[[-34.8687313,-8.0562492],[-34.8689842,-8.0569452]]}},{"type":"Feature","id":"way/1200826939","properties":{"name":"Rua Carlos Alberto Valença","id":"way/1200826939","type":"Ciclorrota"},"geometry":{"type":"LineString","coordinates":[[-34.937841,-8.0778776],[-34.9377827,-8.0777117],[-34.9375446,-8.0771143],[-34.9374837,-8.0769615],[-34.9373931,-8.0767456],[-34.9373797,-8.0767173]]}},{"type":"Feature","id":"way/1200830889","properties":{"name":"Estrada das Ubaias","id":"way/1200830889","type":"Ciclofaixa"},"geometry":{"type":"LineString","coordinates":[[-34.9190051,-8.0303563],[-34.9190824,-8.030515],[-34.919128,-8.030604],[-34.9191917,-8.0307585],[-34.9192286,-8.0308722],[-34.9192617,-8.0310075],[-34.9193722,-8.0319842],[-34.919426,-8.0321364],[-34.919486,-8.0322413],[-34.919533,-8.0323064],[-34.9196404,-8.0324273],[-34.9197143,-8.0325072]]}},{"type":"Feature","id":"way/1200830890","properties":{"name":"Rua Doutor Samuel Lins","id":"way/1200830890","type":"Ciclorrota"},"geometry":{"type":"LineString","coordinates":[[-34.9164892,-8.0330443],[-34.9165722,-8.0331075],[-34.916604,-8.0331307],[-34.9166322,-8.0331576],[-34.916825,-8.0333762],[-34.916935,-8.0335014]]}},{"type":"Feature","id":"way/1216298883","properties":{"name":"Rua Paula Batista","id":"way/1216298883","type":"Ciclofaixa"},"geometry":{"type":"LineString","coordinates":[[-34.9148568,-8.023887],[-34.9148244,-8.0238086]]}},{"type":"Feature","id":"way/1216298884","properties":{"name":"Rua Eugênio Samico","id":"way/1216298884","type":"Ciclorrota"},"geometry":{"type":"LineString","coordinates":[[-34.9154306,-8.0233673],[-34.9152928,-8.0234849],[-34.9149311,-8.0238185],[-34.9148568,-8.023887]]}},{"type":"Feature","id":"way/1231083445","properties":{"name":"Rua Madre de Deus","id":"way/1231083445","type":"Baixa velocidade"},"geometry":{"type":"LineString","coordinates":[[-34.8736574,-8.0636227],[-34.8737151,-8.0632482],[-34.873796,-8.0626349],[-34.8738023,-8.0625801],[-34.8738047,-8.0625383],[-34.873801,-8.0624808],[-34.8737916,-8.0623949]]}},{"type":"Feature","id":"way/1234964959","properties":{"name":"Ciclovia Agamenon Magalhães","id":"way/1234964959","type":"Ciclovia"},"geometry":{"type":"LineString","coordinates":[[-34.892995,-8.0485773],[-34.8930181,-8.0486056],[-34.8930751,-8.0486654],[-34.893711,-8.0494643],[-34.8942093,-8.0501102],[-34.8951228,-8.0512678],[-34.8951408,-8.0512913],[-34.8952724,-8.0514643],[-34.8955801,-8.0518796],[-34.8959091,-8.0523746],[-34.8959362,-8.0524154],[-34.8964936,-8.0532082],[-34.8966728,-8.0534354],[-34.8970649,-8.0539883],[-34.8976309,-8.0547679],[-34.8977094,-8.0548914],[-34.8978421,-8.0551397],[-34.8979052,-8.0553077],[-34.8979749,-8.0555248],[-34.897989,-8.0556204],[-34.8979897,-8.0556894],[-34.8980239,-8.0560001],[-34.8980306,-8.0563089],[-34.8980435,-8.0567874],[-34.89804,-8.0571215],[-34.898047,-8.0575325],[-34.8980522,-8.0588131],[-34.8980348,-8.0591772],[-34.8979674,-8.0597578],[-34.8978606,-8.0608053],[-34.8978158,-8.0611807],[-34.8976234,-8.0629863],[-34.8975487,-8.0636771],[-34.8975219,-8.0638853]]}},{"type":"Feature","id":"way/1234964960","properties":{"name":"Ciclovia Agamenon Magalhães","id":"way/1234964960","type":"Ciclovia"},"geometry":{"type":"LineString","coordinates":[[-34.897278,-8.0638582],[-34.8978111,-8.0589702],[-34.8978237,-8.0586795],[-34.8978138,-8.0567641],[-34.8978,-8.0559801],[-34.8977707,-8.0557513],[-34.8977322,-8.055556],[-34.8976551,-8.0553272],[-34.8975596,-8.055129],[-34.8974318,-8.0549169],[-34.8972531,-8.0546775],[-34.8968017,-8.0540521],[-34.8961624,-8.0531887],[-34.8957879,-8.0526628],[-34.8957365,-8.0525819],[-34.895605,-8.052375],[-34.8952198,-8.0517803],[-34.8951149,-8.0516451],[-34.8949652,-8.0514522],[-34.894927,-8.0514029],[-34.8928966,-8.048825],[-34.8927918,-8.0486925]]}},{"type":"Feature","id":"way/1234964961","properties":{"name":"Ciclovia Agamenon Magalhães","id":"way/1234964961","type":"Calçada compartilhada"},"geometry":{"type":"LineString","coordinates":[[-34.8958212,-8.0710495],[-34.8953953,-8.0715365],[-34.8945735,-8.0724989],[-34.8943389,-8.072781],[-34.894263,-8.0728943],[-34.8941988,-8.0730064],[-34.8941276,-8.0731648],[-34.8940867,-8.0732636],[-34.8940601,-8.0735632],[-34.8938578,-8.0741812],[-34.8938018,-8.0741644],[-34.8937821,-8.0741567],[-34.8935201,-8.0749545],[-34.8933686,-8.0753714],[-34.8933578,-8.0755786],[-34.8933149,-8.0757193],[-34.8933002,-8.0758229],[-34.8933082,-8.0759477],[-34.8933324,-8.0760659],[-34.8933605,-8.0761349],[-34.8934115,-8.0762305],[-34.8934732,-8.0763102],[-34.8935711,-8.0764403],[-34.8936153,-8.076516],[-34.8936596,-8.0766288],[-34.8936757,-8.0767152],[-34.8936864,-8.0768161],[-34.8936877,-8.076921],[-34.8936609,-8.0770537],[-34.8935617,-8.0773644],[-34.8932385,-8.0783483],[-34.8929976,-8.0790532]]}},{"type":"Feature","id":"way/1238509972","properties":{"name":"Avenida Professor José dos Anjos","id":"way/1238509972","type":"Ciclofaixa"},"geometry":{"type":"LineString","coordinates":[[-34.8755468,-8.0202844],[-34.8753026,-8.0201451]]}},{"type":"Feature","id":"way/1241145625","properties":{"name":"Ciclovia Agamenon Magalhães","id":"way/1241145625","type":"Calçada compartilhada"},"geometry":{"type":"LineString","coordinates":[[-34.8921414,-8.0802202],[-34.8921759,-8.0804925],[-34.8921782,-8.0807023],[-34.8921554,-8.080823],[-34.8921181,-8.0809485],[-34.8920901,-8.0810392],[-34.892013,-8.0811831],[-34.891964,-8.0812513],[-34.8918694,-8.0813721],[-34.8915349,-8.0817576],[-34.8910971,-8.082272],[-34.890783,-8.0826453],[-34.8902182,-8.0833085],[-34.8892828,-8.0844057],[-34.8888901,-8.0848232],[-34.888632,-8.085102],[-34.8884301,-8.0853031]]}},{"type":"Feature","id":"way/1268293193","properties":{"name":"Rua Cerejeira","id":"way/1268293193","type":"Baixa velocidade"},"geometry":{"type":"LineString","coordinates":[[-34.8992705,-8.1236779],[-34.8989451,-8.1228539]]}},{"type":"Feature","id":"way/1273806782","properties":{"name":"Rua Bruno Veloso","id":"way/1273806782","type":"Calçada compartilhada"},"geometry":{"type":"LineString","coordinates":[[-34.9040268,-8.121017],[-34.9039933,-8.1210136]]}},{"type":"Feature","id":"way/1283298543","properties":{"name":"Ciclovia de Joana Bezerra","id":"way/1283298543","type":"Ciclovia"},"geometry":{"type":"LineString","coordinates":[[-34.891198,-8.0707406],[-34.8915531,-8.0705855],[-34.8916505,-8.0705461],[-34.8917635,-8.0705614],[-34.8923904,-8.070693],[-34.8925613,-8.0706961],[-34.8926967,-8.0706534],[-34.8948996,-8.0695131],[-34.8949358,-8.0695651]]}},{"type":"Feature","id":"way/1283298544","properties":{"name":"Avenida Desembargador Guerra Barreto","id":"way/1283298544","type":"Ciclofaixa"},"geometry":{"type":"LineString","coordinates":[[-34.8949358,-8.0695651],[-34.8950787,-8.0694884],[-34.8951196,-8.0694672],[-34.8951919,-8.06943],[-34.8952482,-8.0694011]]}},{"type":"Feature","id":"way/1284274823","properties":{"name":"Rua Itaimbé","id":"way/1284274823","type":"Ciclorrota"},"geometry":{"type":"LineString","coordinates":[[-34.9182444,-8.1068412],[-34.9178754,-8.1065144]]}},{"type":"Feature","id":"way/1303718123","properties":{"name":"Rua Bruno Veloso","id":"way/1303718123","type":"Calçada compartilhada"},"geometry":{"type":"LineString","coordinates":[[-34.9074397,-8.1206231],[-34.9073354,-8.120636],[-34.9072208,-8.1206502],[-34.9071375,-8.120633],[-34.9070859,-8.1206208],[-34.907041,-8.1206152],[-34.9060971,-8.1207448],[-34.9060044,-8.120759],[-34.905909,-8.1207589]]}},{"type":"Feature","id":"way/1307312646","properties":{"name":"R. Maria de Fátima Soares","id":"way/1307312646","type":"Baixa velocidade"},"geometry":{"type":"LineString","coordinates":[[-34.9304104,-8.0313648],[-34.9304172,-8.0312701],[-34.930304,-8.030827],[-34.9302135,-8.030584],[-34.9301599,-8.0305296]]}},{"type":"Feature","id":"way/1307312648","properties":{"name":"Ponte Engenheiro Jaime Gusmão","id":"way/1307312648","type":"Ciclofaixa"},"geometry":{"type":"LineString","coordinates":[[-34.9290608,-8.0279241],[-34.9288769,-8.0286931],[-34.9288256,-8.0288894],[-34.9288203,-8.028998],[-34.9288486,-8.0291189],[-34.9289034,-8.0292206],[-34.9289689,-8.0292889],[-34.9302306,-8.0303946],[-34.9303545,-8.0305312],[-34.9304395,-8.0306732],[-34.9304695,-8.030766],[-34.9305216,-8.0310899]]}},{"type":"Feature","id":"way/1307312649","properties":{"name":"Ponte Engenheiro Jaime Gusmão","id":"way/1307312649","type":"Ciclofaixa"},"geometry":{"type":"LineString","coordinates":[[-34.9304418,-8.031109],[-34.9303891,-8.0308049],[-34.930359,-8.030712],[-34.9302741,-8.0305701],[-34.9301502,-8.0304334],[-34.9288885,-8.0293277],[-34.928823,-8.0292594],[-34.9287681,-8.0291578],[-34.9287398,-8.0290369],[-34.9287451,-8.0289282],[-34.9287964,-8.028732],[-34.9289864,-8.0279303]]}},{"type":"Feature","id":"way/1308480931","properties":{"name":"Parque das Graças Lúcia Moura","id":"way/1308480931","type":"Calçada compartilhada"},"geometry":{"type":"LineString","coordinates":[[-34.9029035,-8.0453364],[-34.9028947,-8.0453735],[-34.9028834,-8.0454101],[-34.9028761,-8.045434],[-34.9027033,-8.0454524]]}},{"type":"Feature","id":"way/1310963800","properties":{"name":"Avenida Jornalista Possidonio Cavalcanti Bastos","id":"way/1310963800","type":"Ciclofaixa"},"geometry":{"type":"LineString","coordinates":[[-34.9300231,-8.0321484],[-34.9300781,-8.0320528],[-34.9301538,-8.0319359],[-34.9302451,-8.0318189],[-34.9303376,-8.0316807],[-34.9304068,-8.0315463],[-34.9304407,-8.0314408],[-34.9304598,-8.0313404],[-34.9304595,-8.0312401],[-34.9304418,-8.031109]]}},{"type":"Feature","id":"way/1310963801","properties":{"name":"Rua Dom Diamantino Costa","id":"way/1310963801","type":"Ciclofaixa"},"geometry":{"type":"LineString","coordinates":[[-34.9302832,-8.0332521],[-34.9300231,-8.0321484]]}},{"type":"Feature","id":"way/1310963802","properties":{"name":"Ponte Engenheiro Jaime Gusmão","id":"way/1310963802","type":"Ciclofaixa"},"geometry":{"type":"LineString","coordinates":[[-34.9290954,-8.0277253],[-34.9290608,-8.0279241]]}},{"type":"Feature","id":"way/1310963803","properties":{"name":"Ponte Engenheiro Jaime Gusmão","id":"way/1310963803","type":"Ciclofaixa"},"geometry":{"type":"LineString","coordinates":[[-34.9289864,-8.0279303],[-34.9289864,-8.0278943],[-34.9289815,-8.0278723],[-34.928975,-8.0278514],[-34.9289622,-8.0278227]]}},{"type":"Feature","id":"way/1310963804","properties":{"name":"Avenida Jornalista Possidonio Cavalcanti Bastos","id":"way/1310963804","type":"Ciclofaixa"},"geometry":{"type":"LineString","coordinates":[[-34.9305216,-8.0310899],[-34.9305843,-8.031106],[-34.9306363,-8.0310831]]}},{"type":"Feature","id":"way/1310963807","properties":{"name":"Ponte Engenheiro Jaime Gusmão","id":"way/1310963807","type":"Ciclofaixa"},"geometry":{"type":"LineString","coordinates":[[-34.9289622,-8.0278227],[-34.9289482,-8.027802],[-34.9289304,-8.0277872],[-34.9289076,-8.027772],[-34.9288893,-8.0277632],[-34.9288686,-8.0277557],[-34.9288325,-8.0277407]]}},{"type":"Feature","id":"way/1322285823","properties":{"name":"Avenida Dezessete de Agosto","id":"way/1322285823","type":"Ciclofaixa"},"geometry":{"type":"LineString","coordinates":[[-34.9289894,-8.027624],[-34.9290919,-8.0276102],[-34.9291795,-8.0275875]]}},{"type":"Feature","id":"way/1339825498","properties":{"name":"Avenida Vereador Otacílio Azevedo","id":"way/1339825498","type":"Baixa velocidade"},"geometry":{"type":"LineString","coordinates":[[-34.92374,-7.9991648],[-34.9238313,-7.9990677],[-34.923909,-7.9989842],[-34.9240244,-7.9988765],[-34.924141,-7.9987836],[-34.9242711,-7.9986959],[-34.9245849,-7.9984714],[-34.9246856,-7.9983744],[-34.9248719,-7.9981753],[-34.9249059,-7.9981299],[-34.9249511,-7.9980697],[-34.9250114,-7.9979787]]}},{"type":"Feature","id":"way/1339825499","properties":{"name":"Avenida Vereador Otacílio Azevedo","id":"way/1339825499","type":"Baixa velocidade"},"geometry":{"type":"LineString","coordinates":[[-34.9255896,-7.9962039],[-34.9256008,-7.9961853],[-34.9257732,-7.9959177],[-34.9259126,-7.9957228]]}},{"type":"Feature","id":"way/1339825500","properties":{"name":"Avenida Vereador Otacílio Azevedo","id":"way/1339825500","type":"Baixa velocidade"},"geometry":{"type":"LineString","coordinates":[[-34.9278171,-7.9934533],[-34.9280155,-7.9931951],[-34.9282344,-7.9928923],[-34.9284372,-7.9926084],[-34.9286509,-7.9922995]]}},{"type":"Feature","id":"way/1339825501","properties":{"name":"Avenida Vereador Otacílio Azevedo","id":"way/1339825501","type":"Baixa velocidade"},"geometry":{"type":"LineString","coordinates":[[-34.9297354,-7.9906028],[-34.9297921,-7.9903105],[-34.9298129,-7.9902475],[-34.9298387,-7.9901711],[-34.9299208,-7.9899782]]}},{"type":"Feature","id":"way/1339825503","properties":{"name":"Avenida Vereador Otacílio Azevedo","id":"way/1339825503","type":"Baixa velocidade"},"geometry":{"type":"LineString","coordinates":[[-34.9318175,-7.9889446],[-34.9318939,-7.9889386],[-34.9319389,-7.9889366],[-34.9321575,-7.98892],[-34.9323499,-7.9889366],[-34.9325221,-7.9889692],[-34.9325531,-7.9889751],[-34.9327362,-7.9890316],[-34.9329299,-7.9890987]]}},{"type":"Feature","id":"way/1341354760","properties":{"name":"Rua Primeiro de Março","id":"way/1341354760","type":"Calçada compartilhada"},"geometry":{"type":"LineString","coordinates":[[-34.8774731,-8.0642833],[-34.8784151,-8.0644608],[-34.8784411,-8.0644975]]}},{"type":"Feature","id":"way/1342237413","properties":{"name":"Rua Treze de Maio","id":"way/1342237413","type":"Ciclofaixa"},"geometry":{"type":"LineString","coordinates":[[-34.8836916,-8.052551],[-34.8837403,-8.0526264],[-34.8837774,-8.0526736]]}},{"type":"Feature","id":"way/1352837590","properties":{"name":"Avenida Marginal","id":"way/1352837590","type":"Ciclovia"},"geometry":{"type":"LineString","coordinates":[[-34.8993617,-8.0027874],[-34.9004619,-8.0038523]]}},{"type":"Feature","id":"way/1360889707","properties":{"name":"Rua da Saudade","id":"way/1360889707","type":"Ciclofaixa"},"geometry":{"type":"LineString","coordinates":[[-34.8791569,-8.0555999],[-34.8794923,-8.0560918],[-34.8798386,-8.0566181]]}},{"type":"Feature","id":"way/1385060913","properties":{"id":"way/1385060913","type":"Ciclovia"},"geometry":{"type":"LineString","coordinates":[[-34.8903619,-8.0763864],[-34.8902954,-8.0764755],[-34.8901904,-8.0765462],[-34.8900703,-8.0765873],[-34.8900165,-8.0765974],[-34.889878,-8.0765531],[-34.8897436,-8.0764909],[-34.8896445,-8.0764234],[-34.8894569,-8.0762649],[-34.8893631,-8.0761931],[-34.8892693,-8.0761309],[-34.8890251,-8.076038],[-34.888859,-8.0759564],[-34.8884677,-8.0758356],[-34.8881049,-8.075748],[-34.8879014,-8.0756867],[-34.8877121,-8.0756149],[-34.8875977,-8.0755531],[-34.8875634,-8.0755343],[-34.8873466,-8.0754091]]}},{"type":"Feature","id":"way/1394172239","properties":{"name":"Rua Henriqueta Torreiro","id":"way/1394172239","type":"Baixa velocidade"},"geometry":{"type":"LineString","coordinates":[[-34.894472,-8.0878613],[-34.8943966,-8.0872048]]}},{"type":"Feature","id":"way/1408853433","properties":{"name":"Parque das Graças Lúcia Moura","id":"way/1408853433","type":"Calçada compartilhada"},"geometry":{"type":"LineString","coordinates":[[-34.9031308,-8.0479706],[-34.902958,-8.0473919],[-34.9029162,-8.0472203],[-34.9028696,-8.0468362],[-34.9027899,-8.0464336],[-34.9027734,-8.0463631],[-34.9027591,-8.0462762],[-34.9027221,-8.045982],[-34.9027084,-8.0458642],[-34.9027033,-8.0454524]]}},{"type":"Feature","id":"way/1411652414","properties":{"name":"Rua Engenheiro José Estelita","id":"way/1411652414","type":"Ciclovia"},"geometry":{"type":"LineString","coordinates":[[-34.8844928,-8.0736987],[-34.8853925,-8.0739796],[-34.8854082,-8.0740525],[-34.8854691,-8.0741197],[-34.8856624,-8.0741947],[-34.8858385,-8.0742487],[-34.8859541,-8.0742733],[-34.8861377,-8.0742609],[-34.8871768,-8.0746433],[-34.8878535,-8.0748983],[-34.889051,-8.0753662],[-34.889545,-8.0755796],[-34.8899958,-8.0757214],[-34.8903027,-8.0762155],[-34.8903612,-8.0763074],[-34.890366,-8.0763484],[-34.8903619,-8.0763864]]}},{"type":"Feature","id":"way/1411653283","properties":{"id":"way/1411653283","type":"Ciclovia"},"geometry":{"type":"LineString","coordinates":[[-34.8835509,-8.0741934],[-34.8836566,-8.0741903],[-34.8838095,-8.0737386],[-34.8839354,-8.073635],[-34.8840364,-8.0736126],[-34.8841769,-8.0736305],[-34.8844971,-8.0736912],[-34.8849962,-8.0738431],[-34.8853898,-8.0739646],[-34.8854294,-8.0740011],[-34.8854535,-8.0740503],[-34.8854783,-8.0740987],[-34.8856694,-8.0741757],[-34.8858404,-8.0742348],[-34.8859578,-8.0742468],[-34.8861516,-8.0742375],[-34.8863333,-8.0743092],[-34.8871826,-8.0746241]]}},{"type":"Feature","id":"way/1411653284","properties":{"id":"way/1411653284","type":"Ciclovia"},"geometry":{"type":"LineString","coordinates":[[-34.8873466,-8.0754091],[-34.887075,-8.0752522],[-34.8869605,-8.0751985],[-34.8868411,-8.0751519],[-34.8866963,-8.0751015],[-34.8864309,-8.0750332],[-34.8861902,-8.0749859],[-34.8860168,-8.0749719],[-34.8858735,-8.0749736],[-34.8855115,-8.0750139]]}},{"type":"Feature","id":"way/1412255782","properties":{"name":"Praça da República","id":"way/1412255782","type":"Ciclofaixa"},"geometry":{"type":"LineString","coordinates":[[-34.8780131,-8.0612593],[-34.8772876,-8.0614413],[-34.8771943,-8.0614651],[-34.8771227,-8.0614795]]}},{"type":"Feature","id":"way/1412255783","properties":{"name":"Praça da República","id":"way/1412255783","type":"Ciclofaixa"},"geometry":{"type":"LineString","coordinates":[[-34.8780764,-8.0611255],[-34.8780204,-8.0607471],[-34.8779652,-8.0603477],[-34.877961,-8.0603179]]}},{"type":"Feature","id":"way/1417995493","properties":{"name":"Rua Doutor Leopoldo Lins","id":"way/1417995493","type":"Ciclofaixa"},"geometry":{"type":"LineString","coordinates":[[-34.890002,-8.0497217],[-34.8909695,-8.049522],[-34.8913576,-8.049388]]}},{"type":"Feature","id":"way/1419490879","properties":{"name":"Rua Doutor Tavares Correia","id":"way/1419490879","type":"Ciclorrota"},"geometry":{"type":"LineString","coordinates":[[-34.9163307,-8.1153088],[-34.9161981,-8.1153279]]}},{"type":"Feature","id":"way/1429393047","properties":{"name":"Rua Dos Hebreus","id":"way/1429393047","type":"Calçada compartilhada"},"geometry":{"type":"LineString","coordinates":[[-34.9203908,-8.0857938],[-34.9202372,-8.0852883],[-34.9203016,-8.0852644],[-34.920256,-8.0850254]]}},{"type":"Feature","id":"way/1429393048","properties":{"name":"Beco","id":"way/1429393048","type":"Calçada compartilhada"},"geometry":{"type":"LineString","coordinates":[[-34.9202372,-8.0852883],[-34.9200622,-8.0853428]]}},{"type":"Feature","id":"way/1430348601","properties":{"name":"Rua Doze De Outubro","id":"way/1430348601","type":"Calçada compartilhada"},"geometry":{"type":"LineString","coordinates":[[-34.9222438,-8.0851482],[-34.9223019,-8.0853213],[-34.9224091,-8.0856123]]}},{"type":"Feature","id":"way/1442605408","properties":{"id":"way/1442605408","type":"Ciclovia"},"geometry":{"type":"LineString","coordinates":[[-34.8836239,-8.0741748],[-34.8837988,-8.0737346],[-34.8839201,-8.0736241],[-34.8840345,-8.0735942],[-34.8841983,-8.0736189],[-34.8845018,-8.0736784],[-34.8854109,-8.0739561],[-34.8854602,-8.074017],[-34.8854904,-8.0740873],[-34.8856763,-8.0741571],[-34.8858407,-8.0742124],[-34.885967,-8.0742217],[-34.8861496,-8.0742155],[-34.8878734,-8.0748506],[-34.889085,-8.0753034],[-34.8896047,-8.0755041],[-34.8900858,-8.0756621]]}},{"type":"Feature","id":"way/1444248310","properties":{"id":"way/1444248310","type":"Ciclovia"},"geometry":{"type":"LineString","coordinates":[[-34.8900858,-8.0756621],[-34.8904388,-8.0762186],[-34.8905531,-8.0763988],[-34.8906794,-8.0765908],[-34.8909711,-8.0770342]]}},{"type":"Feature","id":"way/1445810841","properties":{"name":"Ciclovia Agamenon Magalhães","id":"way/1445810841","type":"Calçada compartilhada"},"geometry":{"type":"LineString","coordinates":[[-34.8929976,-8.0790532],[-34.8929717,-8.0791357],[-34.8929748,-8.0791635],[-34.8929778,-8.0791895],[-34.8929982,-8.0793304],[-34.8931265,-8.0794372],[-34.8931531,-8.0794604],[-34.8931677,-8.0794849],[-34.8931738,-8.0795113],[-34.8931653,-8.0795335],[-34.8931498,-8.0795523],[-34.8931292,-8.0795635],[-34.8930464,-8.0795897],[-34.8929485,-8.0796206],[-34.8927975,-8.0797124],[-34.8927346,-8.0796831],[-34.8926708,-8.0796546],[-34.8926467,-8.0796441],[-34.8925635,-8.0797245],[-34.8925388,-8.0797789],[-34.8924774,-8.0798415],[-34.8923983,-8.0799307],[-34.8923679,-8.0800064],[-34.8923271,-8.0801399],[-34.8923008,-8.0801809],[-34.8922716,-8.0801942],[-34.8921414,-8.0802202]]}},{"type":"Feature","id":"way/1445810842","properties":{"name":"Ciclovia Agamenon Magalhães","id":"way/1445810842","type":"Calçada compartilhada"},"geometry":{"type":"LineString","coordinates":[[-34.897278,-8.0638582],[-34.8975219,-8.0638853],[-34.8975089,-8.0640016],[-34.8976363,-8.0640117],[-34.8975605,-8.064759],[-34.8975664,-8.0649404],[-34.8974052,-8.0652179],[-34.8973364,-8.0654005],[-34.8973726,-8.0654676],[-34.8973072,-8.0655265],[-34.8972091,-8.0658062],[-34.8971367,-8.0663842],[-34.896987,-8.0675192],[-34.8967852,-8.0690139],[-34.896759,-8.0691893],[-34.8967205,-8.0693876],[-34.8966805,-8.0695493],[-34.8966081,-8.0697979],[-34.8965988,-8.0699138],[-34.8966142,-8.070013],[-34.8966481,-8.0701213],[-34.8967036,-8.070225],[-34.8967883,-8.0702769],[-34.896719,-8.0703775],[-34.8964802,-8.0703333],[-34.8964757,-8.0704678],[-34.8963903,-8.0704749],[-34.8963212,-8.0705071],[-34.8962602,-8.0705564],[-34.896183,-8.0706389],[-34.8958212,-8.0710495]]}},{"type":"Feature","id":"node/1120614474","properties":{"name":"bicicletário da CHESF","id":"node/1120614474","type":"Bicicletários"},"geometry":{"type":"Point","coordinates":[-34.9305952,-8.0653027]}},{"type":"Feature","id":"node/1641806473","properties":{"name":"bicicletário do banco santander","id":"node/1641806473","type":"Bicicletários"},"geometry":{"type":"Point","coordinates":[-34.9119148,-8.0557354]}},{"type":"Feature","id":"node/1678273356","properties":{"id":"node/1678273356","type":"Bicicletários"},"geometry":{"type":"Point","coordinates":[-34.9244554,-8.0580881]}},{"type":"Feature","id":"node/2166856633","properties":{"name":"Oficina do seu Raimundo","id":"node/2166856633","type":"Oficinas & lojas"},"geometry":{"type":"Point","coordinates":[-34.9328058,-8.0706786]}},{"type":"Feature","id":"node/2556159989","properties":{"id":"node/2556159989","type":"Oficinas & lojas"},"geometry":{"type":"Point","coordinates":[-34.9178623,-8.0519889]}},{"type":"Feature","id":"node/3194743731","properties":{"name":"Bike Norte","id":"node/3194743731","type":"Oficinas & lojas"},"geometry":{"type":"Point","coordinates":[-34.9118817,-8.024197]}},{"type":"Feature","id":"node/3717693353","properties":{"id":"node/3717693353","type":"Bicicletários"},"geometry":{"type":"Point","coordinates":[-34.913702,-8.0923353]}},{"type":"Feature","id":"node/3718586691","properties":{"id":"node/3718586691","type":"Bicicletários"},"geometry":{"type":"Point","coordinates":[-34.916976,-8.0955433]}},{"type":"Feature","id":"node/3718670770","properties":{"id":"node/3718670770","type":"Bicicletários"},"geometry":{"type":"Point","coordinates":[-34.9147823,-8.1342568]}},{"type":"Feature","id":"node/3720515981","properties":{"id":"node/3720515981","type":"Bicicletários"},"geometry":{"type":"Point","coordinates":[-34.870791,-8.0627541]}},{"type":"Feature","id":"node/3720546957","properties":{"id":"node/3720546957","type":"Bicicletários"},"geometry":{"type":"Point","coordinates":[-34.8742595,-8.0650003]}},{"type":"Feature","id":"node/3720546958","properties":{"id":"node/3720546958","type":"Bicicletários"},"geometry":{"type":"Point","coordinates":[-34.8744554,-8.0641911]}},{"type":"Feature","id":"node/3772348324","properties":{"id":"node/3772348324","type":"Bicicletários"},"geometry":{"type":"Point","coordinates":[-34.930183,-8.0654948]}},{"type":"Feature","id":"node/3772348325","properties":{"name":"Academia Chesf","id":"node/3772348325","type":"Bicicletários"},"geometry":{"type":"Point","coordinates":[-34.9310761,-8.0657909]}},{"type":"Feature","id":"node/3809963426","properties":{"name":"Cais do Sertão","id":"node/3809963426","type":"Bicicletários"},"geometry":{"type":"Point","coordinates":[-34.8704502,-8.0612281]}},{"type":"Feature","id":"node/3853310366","properties":{"name":"Bicicletário do Edf. Parnamirim","id":"node/3853310366","type":"Bicicletários"},"geometry":{"type":"Point","coordinates":[-34.9131265,-8.0322838]}},{"type":"Feature","id":"node/3869788783","properties":{"name":"Bicicletário Alepe","id":"node/3869788783","type":"Bicicletários"},"geometry":{"type":"Point","coordinates":[-34.8802284,-8.0583607]}},{"type":"Feature","id":"node/3869788784","properties":{"name":"Bicicletário Fundarpe","id":"node/3869788784","type":"Bicicletários"},"geometry":{"type":"Point","coordinates":[-34.880563,-8.0596271]}},{"type":"Feature","id":"node/3869788785","properties":{"name":"Bicicletário Parque 13 de Maio","id":"node/3869788785","type":"Bicicletários"},"geometry":{"type":"Point","coordinates":[-34.8819687,-8.0579171]}},{"type":"Feature","id":"node/3869788786","properties":{"name":"Bicicletário Prefeitura","id":"node/3869788786","type":"Bicicletários"},"geometry":{"type":"Point","coordinates":[-34.8725299,-8.0547014]}},{"type":"Feature","id":"node/3869788787","properties":{"name":"Bicicletário TRT","id":"node/3869788787","type":"Bicicletários"},"geometry":{"type":"Point","coordinates":[-34.8722868,-8.0559436]}},{"type":"Feature","id":"node/4100497432","properties":{"id":"node/4100497432","type":"Bicicletários"},"geometry":{"type":"Point","coordinates":[-34.8801243,-8.0578231]}},{"type":"Feature","id":"node/5736473906","properties":{"id":"node/5736473906","type":"Bicicletários"},"geometry":{"type":"Point","coordinates":[-34.9043463,-8.0384136]}},{"type":"Feature","id":"node/5900621611","properties":{"id":"node/5900621611","type":"Bicicletários"},"geometry":{"type":"Point","coordinates":[-34.8967281,-8.0859587]}},{"type":"Feature","id":"node/6535987020","properties":{"id":"node/6535987020","type":"Bicicletários"},"geometry":{"type":"Point","coordinates":[-34.9357349,-8.0426148]}},{"type":"Feature","id":"node/7188733279","properties":{"id":"node/7188733279","type":"Bicicletários"},"geometry":{"type":"Point","coordinates":[-34.9045391,-8.1422728]}},{"type":"Feature","id":"node/7204299969","properties":{"name":"NIATE UFPE","id":"node/7204299969","type":"Estações de bicicleta"},"geometry":{"type":"Point","coordinates":[-34.9526868,-8.0550577]}},{"type":"Feature","id":"node/7204299976","properties":{"name":"Posto Polo Pina","id":"node/7204299976","type":"Estações de bicicleta"},"geometry":{"type":"Point","coordinates":[-34.88231,-8.092206]}},{"type":"Feature","id":"node/7204299983","properties":{"name":"Parque Dona Lindu","id":"node/7204299983","type":"Estações de bicicleta"},"geometry":{"type":"Point","coordinates":[-34.9036844,-8.1422653]}},{"type":"Feature","id":"node/7204326585","properties":{"name":"Padre Carapuceiro","id":"node/7204326585","type":"Estações de bicicleta"},"geometry":{"type":"Point","coordinates":[-34.8954169,-8.1210098]}},{"type":"Feature","id":"node/7204326586","properties":{"name":"R. Verdes Mares","id":"node/7204326586","type":"Estações de bicicleta"},"geometry":{"type":"Point","coordinates":[-34.9013796,-8.1352308]}},{"type":"Feature","id":"node/7204326587","properties":{"name":"Segundo Jardim","id":"node/7204326587","type":"Estações de bicicleta"},"geometry":{"type":"Point","coordinates":[-34.8867654,-8.1048814]}},{"type":"Feature","id":"node/7204326588","properties":{"name":"Prof. José Brandão","id":"node/7204326588","type":"Estações de bicicleta"},"geometry":{"type":"Point","coordinates":[-34.89104,-8.1137369]}},{"type":"Feature","id":"node/7204326589","properties":{"name":"Praça do Rosarinho","id":"node/7204326589","type":"Estações de bicicleta"},"geometry":{"type":"Point","coordinates":[-34.8967708,-8.0327102]}},{"type":"Feature","id":"node/7204326590","properties":{"name":"Pina","id":"node/7204326590","type":"Estações de bicicleta"},"geometry":{"type":"Point","coordinates":[-34.8840186,-8.0990083]}},{"type":"Feature","id":"node/7204326591","properties":{"name":"R. Alfredo de Medeiros","id":"node/7204326591","type":"Estações de bicicleta"},"geometry":{"type":"Point","coordinates":[-34.8905709,-8.0418614]}},{"type":"Feature","id":"node/7204326592","properties":{"name":"Mercado da Encruzilhada","id":"node/7204326592","type":"Estações de bicicleta"},"geometry":{"type":"Point","coordinates":[-34.8913845,-8.0369899]}},{"type":"Feature","id":"node/7204326593","properties":{"name":"Hospital Oswaldo Cruz","id":"node/7204326593","type":"Estações de bicicleta"},"geometry":{"type":"Point","coordinates":[-34.8881181,-8.0478164]}},{"type":"Feature","id":"node/7204326594","properties":{"name":"R. Bernardino Soares da Silva","id":"node/7204326594","type":"Estações de bicicleta"},"geometry":{"type":"Point","coordinates":[-34.8907734,-8.0444877]}},{"type":"Feature","id":"node/7204326595","properties":{"name":"Rua Doutor Vicente Meira","id":"node/7204326595","type":"Estações de bicicleta"},"geometry":{"type":"Point","coordinates":[-34.8948128,-8.0440128]}},{"type":"Feature","id":"node/7204326596","properties":{"name":"Venezuela","id":"node/7204326596","type":"Estações de bicicleta"},"geometry":{"type":"Point","coordinates":[-34.8947475,-8.047012]}},{"type":"Feature","id":"node/7204326597","properties":{"name":"Praça da FEB","id":"node/7204326597","type":"Estações de bicicleta"},"geometry":{"type":"Point","coordinates":[-34.8948252,-8.0401811]}},{"type":"Feature","id":"node/7204326598","properties":{"name":"Náutico","id":"node/7204326598","type":"Estações de bicicleta"},"geometry":{"type":"Point","coordinates":[-34.8974496,-8.0420719]}},{"type":"Feature","id":"node/7204326599","properties":{"name":"Praça Dr. José Vilela","id":"node/7204326599","type":"Estações de bicicleta"},"geometry":{"type":"Point","coordinates":[-34.91137,-8.03403]}},{"type":"Feature","id":"node/7204326600","properties":{"name":"Casa Rosada","id":"node/7204326600","type":"Estações de bicicleta"},"geometry":{"type":"Point","coordinates":[-34.8973164,-8.0351458]}},{"type":"Feature","id":"node/7204326601","properties":{"name":"Faculdade Damas","id":"node/7204326601","type":"Estações de bicicleta"},"geometry":{"type":"Point","coordinates":[-34.9029058,-8.0390186]}},{"type":"Feature","id":"node/7204326602","properties":{"name":"Parque da Jaqueira","id":"node/7204326602","type":"Estações de bicicleta"},"geometry":{"type":"Point","coordinates":[-34.9033728,-8.0366798]}},{"type":"Feature","id":"node/7204326603","properties":{"name":"R. Bruno Maia","id":"node/7204326603","type":"Estações de bicicleta"},"geometry":{"type":"Point","coordinates":[-34.8969794,-8.0469895]}},{"type":"Feature","id":"node/7204326604","properties":{"name":"R. Adalberto Camargo","id":"node/7204326604","type":"Estações de bicicleta"},"geometry":{"type":"Point","coordinates":[-34.8997584,-8.0442128]}},{"type":"Feature","id":"node/7204326605","properties":{"name":"Rua Samuel Pinto","id":"node/7204326605","type":"Estações de bicicleta"},"geometry":{"type":"Point","coordinates":[-34.8926042,-8.0520986]}},{"type":"Feature","id":"node/7204326606","properties":{"name":"Praça Otília","id":"node/7204326606","type":"Estações de bicicleta"},"geometry":{"type":"Point","coordinates":[-34.89233,-8.048384]}},{"type":"Feature","id":"node/7204326607","properties":{"name":"Colégio Agnes Erskine","id":"node/7204326607","type":"Estações de bicicleta"},"geometry":{"type":"Point","coordinates":[-34.9013058,-8.0466918]}},{"type":"Feature","id":"node/7204326608","properties":{"name":"Praça do Entroncamento","id":"node/7204326608","type":"Estações de bicicleta"},"geometry":{"type":"Point","coordinates":[-34.896989,-8.0504888]}},{"type":"Feature","id":"node/7204326609","properties":{"name":"Instituto Capibaribe","id":"node/7204326609","type":"Estações de bicicleta"},"geometry":{"type":"Point","coordinates":[-34.9018615,-8.0505195]}},{"type":"Feature","id":"node/7204326610","properties":{"name":"Beira Rio","id":"node/7204326610","type":"Estações de bicicleta"},"geometry":{"type":"Point","coordinates":[-34.9042585,-8.047239]}},{"type":"Feature","id":"node/7204326611","properties":{"name":"Praça João Pereira Borges","id":"node/7204326611","type":"Estações de bicicleta"},"geometry":{"type":"Point","coordinates":[-34.9018285,-8.0544086]}},{"type":"Feature","id":"node/7204326612","properties":{"name":"Ponte da Capunga","id":"node/7204326612","type":"Estações de bicicleta"},"geometry":{"type":"Point","coordinates":[-34.9050039,-8.0520241]}},{"type":"Feature","id":"node/7204326613","properties":{"name":"Praça do Derby","id":"node/7204326613","type":"Estações de bicicleta"},"geometry":{"type":"Point","coordinates":[-34.8991701,-8.0560671]}},{"type":"Feature","id":"node/7204326614","properties":{"name":"Politécnica","id":"node/7204326614","type":"Estações de bicicleta"},"geometry":{"type":"Point","coordinates":[-34.9038211,-8.0595212]}},{"type":"Feature","id":"node/7204326615","properties":{"name":"CNBB","id":"node/7204326615","type":"Estações de bicicleta"},"geometry":{"type":"Point","coordinates":[-34.89531,-8.057475]}},{"type":"Feature","id":"node/7204326616","properties":{"name":"R. Silva Ramos","id":"node/7204326616","type":"Estações de bicicleta"},"geometry":{"type":"Point","coordinates":[-34.8964212,-8.0560306]}},{"type":"Feature","id":"node/7204326617","properties":{"name":"Castelinho","id":"node/7204326617","type":"Estações de bicicleta"},"geometry":{"type":"Point","coordinates":[-34.8986324,-8.1289861]}},{"type":"Feature","id":"node/7204326618","properties":{"name":"Praça Chora Menino","id":"node/7204326618","type":"Estações de bicicleta"},"geometry":{"type":"Point","coordinates":[-34.8951776,-8.0606218]}},{"type":"Feature","id":"node/7204326619","properties":{"name":"Praça Miguel de Cervantes","id":"node/7204326619","type":"Estações de bicicleta"},"geometry":{"type":"Point","coordinates":[-34.8937564,-8.065077]}},{"type":"Feature","id":"node/7204326620","properties":{"name":"SJCC","id":"node/7204326620","type":"Estações de bicicleta"},"geometry":{"type":"Point","coordinates":[-34.8787347,-8.0534257]}},{"type":"Feature","id":"node/7204326621","properties":{"name":"Rua da Soledade","id":"node/7204326621","type":"Estações de bicicleta"},"geometry":{"type":"Point","coordinates":[-34.8899672,-8.0579007]}},{"type":"Feature","id":"node/7204326622","properties":{"name":"Salesiano","id":"node/7204326622","type":"Estações de bicicleta"},"geometry":{"type":"Point","coordinates":[-34.8921045,-8.0613555]}},{"type":"Feature","id":"node/7204326623","properties":{"name":"Rua do Lazer","id":"node/7204326623","type":"Estações de bicicleta"},"geometry":{"type":"Point","coordinates":[-34.8881673,-8.0542505]}},{"type":"Feature","id":"node/7204326624","properties":{"name":"Praça Oswaldo Cruz","id":"node/7204326624","type":"Estações de bicicleta"},"geometry":{"type":"Point","coordinates":[-34.8910526,-8.0546704]}},{"type":"Feature","id":"node/7204326625","properties":{"name":"SESC Santo Amaro","id":"node/7204326625","type":"Estações de bicicleta"},"geometry":{"type":"Point","coordinates":[-34.8827713,-8.0499004]}},{"type":"Feature","id":"node/7204326626","properties":{"name":"BikePE -Cemitério de Santo Amaro","id":"node/7204326626","type":"Estações de bicicleta"},"geometry":{"type":"Point","coordinates":[-34.8861592,-8.0511721]}},{"type":"Feature","id":"node/7204326628","properties":{"name":"Frei Cassimiro","id":"node/7204326628","type":"Estações de bicicleta"},"geometry":{"type":"Point","coordinates":[-34.8780758,-8.0480364]}},{"type":"Feature","id":"node/7204326629","properties":{"name":"Sossego","id":"node/7204326629","type":"Estações de bicicleta"},"geometry":{"type":"Point","coordinates":[-34.8840345,-8.0543316]}},{"type":"Feature","id":"node/7204326630","properties":{"name":"Palmares","id":"node/7204326630","type":"Estações de bicicleta"},"geometry":{"type":"Point","coordinates":[-34.882595,-8.0534341]}},{"type":"Feature","id":"node/7204326631","properties":{"name":"Igreja de Santa Cruz","id":"node/7204326631","type":"Estações de bicicleta"},"geometry":{"type":"Point","coordinates":[-34.88813,-8.06231]}},{"type":"Feature","id":"node/7204326632","properties":{"name":"Riachuelo","id":"node/7204326632","type":"Estações de bicicleta"},"geometry":{"type":"Point","coordinates":[-34.88571,-8.05826]}},{"type":"Feature","id":"node/7204326633","properties":{"name":"Cine São Luiz","id":"node/7204326633","type":"Estações de bicicleta"},"geometry":{"type":"Point","coordinates":[-34.8819838,-8.0623763]}},{"type":"Feature","id":"node/7204326634","properties":{"name":"Matriz da Boa Vista","id":"node/7204326634","type":"Estações de bicicleta"},"geometry":{"type":"Point","coordinates":[-34.88519,-8.06263]}},{"type":"Feature","id":"node/7204326635","properties":{"name":"Tortura Nunca Mais","id":"node/7204326635","type":"Estações de bicicleta"},"geometry":{"type":"Point","coordinates":[-34.878319,-8.056193]}},{"type":"Feature","id":"node/7204326636","properties":{"name":"Parque Treze de Maio","id":"node/7204326636","type":"Estações de bicicleta"},"geometry":{"type":"Point","coordinates":[-34.88106,-8.05854]}},{"type":"Feature","id":"node/7204326637","properties":{"name":"Ponte do Limoeiro","id":"node/7204326637","type":"Estações de bicicleta"},"geometry":{"type":"Point","coordinates":[-34.87397,-8.05039]}},{"type":"Feature","id":"node/7204326638","properties":{"name":"Camilo Simões","id":"node/7204326638","type":"Estações de bicicleta"},"geometry":{"type":"Point","coordinates":[-34.87581,-8.05316]}},{"type":"Feature","id":"node/7204326639","properties":{"name":"Praça Joaquim Nabuco","id":"node/7204326639","type":"Estações de bicicleta"},"geometry":{"type":"Point","coordinates":[-34.88135,-8.06444]}},{"type":"Feature","id":"node/7204326640","properties":{"name":"Casa da Cultura","id":"node/7204326640","type":"Estações de bicicleta"},"geometry":{"type":"Point","coordinates":[-34.8829502,-8.0667863]}},{"type":"Feature","id":"node/7204326641","properties":{"name":"Praça da República","id":"node/7204326641","type":"Estações de bicicleta"},"geometry":{"type":"Point","coordinates":[-34.87839,-8.06112]}},{"type":"Feature","id":"node/7204326642","properties":{"name":"Praça da Independência","id":"node/7204326642","type":"Estações de bicicleta"},"geometry":{"type":"Point","coordinates":[-34.87837,-8.06418]}},{"type":"Feature","id":"node/7204326643","properties":{"name":"Paço Alfândega","id":"node/7204326643","type":"Estações de bicicleta"},"geometry":{"type":"Point","coordinates":[-34.8742295,-8.0637619]}},{"type":"Feature","id":"node/7204326644","properties":{"name":"Cais de Santa Rita","id":"node/7204326644","type":"Estações de bicicleta"},"geometry":{"type":"Point","coordinates":[-34.8757,-8.06707]}},{"type":"Feature","id":"node/7204326645","properties":{"name":"Praça do Arsenal","id":"node/7204326645","type":"Estações de bicicleta"},"geometry":{"type":"Point","coordinates":[-34.871049,-8.061392]}},{"type":"Feature","id":"node/7204326646","properties":{"name":"Boulevard Rio Branco","id":"node/7204326646","type":"Estações de bicicleta"},"geometry":{"type":"Point","coordinates":[-34.872696,-8.0625979]}},{"type":"Feature","id":"node/7204326647","properties":{"name":"Prefeitura","id":"node/7204326647","type":"Estações de bicicleta"},"geometry":{"type":"Point","coordinates":[-34.87221,-8.05529]}},{"type":"Feature","id":"node/7204326648","properties":{"name":"Praça Tiradentes","id":"node/7204326648","type":"Estações de bicicleta"},"geometry":{"type":"Point","coordinates":[-34.8723948,-8.0587934]}},{"type":"Feature","id":"node/7206255941","properties":{"id":"node/7206255941","type":"Bicicletários"},"geometry":{"type":"Point","coordinates":[-34.8960376,-8.0643997]}},{"type":"Feature","id":"node/7206255942","properties":{"id":"node/7206255942","type":"Bicicletários"},"geometry":{"type":"Point","coordinates":[-34.8957815,-8.0652244]}},{"type":"Feature","id":"node/7206255943","properties":{"id":"node/7206255943","type":"Bicicletários"},"geometry":{"type":"Point","coordinates":[-34.8946145,-8.064104]}},{"type":"Feature","id":"node/7206255944","properties":{"id":"node/7206255944","type":"Bicicletários"},"geometry":{"type":"Point","coordinates":[-34.8944844,-8.0640562]}},{"type":"Feature","id":"node/7206255945","properties":{"id":"node/7206255945","type":"Bicicletários"},"geometry":{"type":"Point","coordinates":[-34.8937543,-8.0656248]}},{"type":"Feature","id":"node/7206255946","properties":{"id":"node/7206255946","type":"Bicicletários"},"geometry":{"type":"Point","coordinates":[-34.9040629,-8.0466061]}},{"type":"Feature","id":"node/7206255947","properties":{"id":"node/7206255947","type":"Bicicletários"},"geometry":{"type":"Point","coordinates":[-34.9040936,-8.0359854]}},{"type":"Feature","id":"node/7206255948","properties":{"id":"node/7206255948","type":"Bicicletários"},"geometry":{"type":"Point","coordinates":[-34.8772143,-8.0604911]}},{"type":"Feature","id":"node/7206255949","properties":{"id":"node/7206255949","type":"Bicicletários"},"geometry":{"type":"Point","coordinates":[-34.8710321,-8.0615194]}},{"type":"Feature","id":"node/7206255950","properties":{"id":"node/7206255950","type":"Bicicletários"},"geometry":{"type":"Point","coordinates":[-34.8731067,-8.064658]}},{"type":"Feature","id":"node/7248461481","properties":{"id":"node/7248461481","type":"Bicicletários"},"geometry":{"type":"Point","coordinates":[-34.872331,-8.0588715]}},{"type":"Feature","id":"node/7248461482","properties":{"id":"node/7248461482","type":"Bicicletários"},"geometry":{"type":"Point","coordinates":[-34.8717749,-8.0589966]}},{"type":"Feature","id":"node/7258241646","properties":{"id":"node/7258241646","type":"Bicicletários"},"geometry":{"type":"Point","coordinates":[-34.8716589,-8.061846]}},{"type":"Feature","id":"node/7258241647","properties":{"id":"node/7258241647","type":"Bicicletários"},"geometry":{"type":"Point","coordinates":[-34.8719089,-8.0617926]}},{"type":"Feature","id":"node/7258245175","properties":{"id":"node/7258245175","type":"Bicicletários"},"geometry":{"type":"Point","coordinates":[-34.8805384,-8.0576397]}},{"type":"Feature","id":"node/7258245176","properties":{"id":"node/7258245176","type":"Bicicletários"},"geometry":{"type":"Point","coordinates":[-34.8815322,-8.0709069]}},{"type":"Feature","id":"node/7258245177","properties":{"id":"node/7258245177","type":"Bicicletários"},"geometry":{"type":"Point","coordinates":[-34.88476,-8.0729486]}},{"type":"Feature","id":"node/7258245178","properties":{"id":"node/7258245178","type":"Bicicletários"},"geometry":{"type":"Point","coordinates":[-34.8727598,-8.0537773]}},{"type":"Feature","id":"node/7258245179","properties":{"id":"node/7258245179","type":"Bicicletários"},"geometry":{"type":"Point","coordinates":[-34.9010015,-8.1318319]}},{"type":"Feature","id":"node/7258245180","properties":{"id":"node/7258245180","type":"Bicicletários"},"geometry":{"type":"Point","coordinates":[-34.9057682,-8.0372824]}},{"type":"Feature","id":"node/7258245181","properties":{"id":"node/7258245181","type":"Bicicletários"},"geometry":{"type":"Point","coordinates":[-34.9115289,-8.0288304]}},{"type":"Feature","id":"node/7258245182","properties":{"id":"node/7258245182","type":"Bicicletários"},"geometry":{"type":"Point","coordinates":[-34.8825237,-8.0941709]}},{"type":"Feature","id":"node/7258245183","properties":{"id":"node/7258245183","type":"Bicicletários"},"geometry":{"type":"Point","coordinates":[-34.8833811,-8.0976859]}},{"type":"Feature","id":"node/7258245184","properties":{"id":"node/7258245184","type":"Bicicletários"},"geometry":{"type":"Point","coordinates":[-34.8842797,-8.1000736]}},{"type":"Feature","id":"node/7258254785","properties":{"id":"node/7258254785","type":"Bicicletários"},"geometry":{"type":"Point","coordinates":[-34.8920562,-8.1154589]}},{"type":"Feature","id":"node/7258254786","properties":{"id":"node/7258254786","type":"Bicicletários"},"geometry":{"type":"Point","coordinates":[-34.8940574,-8.1187668]}},{"type":"Feature","id":"node/7258254787","properties":{"id":"node/7258254787","type":"Bicicletários"},"geometry":{"type":"Point","coordinates":[-34.8958598,-8.1220423]}},{"type":"Feature","id":"node/7258254788","properties":{"id":"node/7258254788","type":"Bicicletários"},"geometry":{"type":"Point","coordinates":[-34.9001404,-8.1328623]}},{"type":"Feature","id":"node/7258254789","properties":{"id":"node/7258254789","type":"Bicicletários"},"geometry":{"type":"Point","coordinates":[-34.9035756,-8.1422658]}},{"type":"Feature","id":"node/7258254790","properties":{"id":"node/7258254790","type":"Bicicletários"},"geometry":{"type":"Point","coordinates":[-34.9052878,-8.1457456]}},{"type":"Feature","id":"node/7258301109","properties":{"id":"node/7258301109","type":"Bicicletários"},"geometry":{"type":"Point","coordinates":[-34.9043845,-8.0411193]}},{"type":"Feature","id":"node/7258641636","properties":{"id":"node/7258641636","type":"Bicicletários"},"geometry":{"type":"Point","coordinates":[-34.8721727,-8.0604966]}},{"type":"Feature","id":"node/7258969496","properties":{"id":"node/7258969496","type":"Bicicletários"},"geometry":{"type":"Point","coordinates":[-34.9171208,-8.0412605]}},{"type":"Feature","id":"node/7258969497","properties":{"id":"node/7258969497","type":"Bicicletários"},"geometry":{"type":"Point","coordinates":[-34.9332813,-8.0214506]}},{"type":"Feature","id":"node/7370270498","properties":{"id":"node/7370270498","type":"Bicicletários"},"geometry":{"type":"Point","coordinates":[-34.8890073,-8.0586149]}},{"type":"Feature","id":"node/7969991050","properties":{"name":"Restaurante Universitário UFPE","id":"node/7969991050","type":"Estações de bicicleta"},"geometry":{"type":"Point","coordinates":[-34.9533747,-8.0505829]}},{"type":"Feature","id":"node/7969991051","properties":{"name":"CCS UFPE","id":"node/7969991051","type":"Estações de bicicleta"},"geometry":{"type":"Point","coordinates":[-34.9474288,-8.0501292]}},{"type":"Feature","id":"node/9306598439","properties":{"id":"node/9306598439","type":"Bicicletários"},"geometry":{"type":"Point","coordinates":[-34.8781455,-8.0679147]}},{"type":"Feature","id":"node/9492930353","properties":{"id":"node/9492930353","type":"Bicicletários"},"geometry":{"type":"Point","coordinates":[-34.9208904,-8.0458944]}},{"type":"Feature","id":"node/9949967131","properties":{"id":"node/9949967131","type":"Bicicletários"},"geometry":{"type":"Point","coordinates":[-34.899052,-8.0353395]}},{"type":"Feature","id":"node/10665519922","properties":{"id":"node/10665519922","type":"Bicicletários"},"geometry":{"type":"Point","coordinates":[-34.9127856,-8.0363807]}},{"type":"Feature","id":"node/11040349768","properties":{"id":"node/11040349768","type":"Bicicletários"},"geometry":{"type":"Point","coordinates":[-34.9037822,-8.0365287]}},{"type":"Feature","id":"node/12532218552","properties":{"name":"Boutique velo","id":"node/12532218552","type":"Estações de bicicleta"},"geometry":{"type":"Point","coordinates":[-34.8798685,-8.0667296]}},{"type":"Feature","id":"node/12542338193","properties":{"id":"node/12542338193","type":"Bicicletários"},"geometry":{"type":"Point","coordinates":[-34.8801458,-8.0593432]}},{"type":"Feature","id":"node/12920182370","properties":{"id":"node/12920182370","type":"Bicicletários"},"geometry":{"type":"Point","coordinates":[-34.9002559,-8.0351261]}},{"type":"Feature","id":"node/12943413192","properties":{"id":"node/12943413192","type":"Bicicletários"},"geometry":{"type":"Point","coordinates":[-34.8702512,-8.0607004]}},{"type":"Feature","id":"node/12944942693","properties":{"id":"node/12944942693","type":"Bicicletários"},"geometry":{"type":"Point","coordinates":[-34.9030285,-8.0316851]}},{"type":"Feature","id":"node/13004799426","properties":{"id":"node/13004799426","type":"Bicicletários"},"geometry":{"type":"Point","coordinates":[-34.9245979,-8.1131239]}},{"type":"Feature","id":"node/13057155074","properties":{"id":"node/13057155074","type":"Oficinas & lojas"},"geometry":{"type":"Point","coordinates":[-34.9098908,-8.0985377]}},{"type":"Feature","id":"node/13112920829","properties":{"name":"Estação Werneck","id":"node/13112920829","type":"Bicicletários"},"geometry":{"type":"Point","coordinates":[-34.9368575,-8.0858345]}},{"type":"Feature","id":"node/13112920830","properties":{"name":"Creche Dorgiane dos Santos Xavier Souza","id":"node/13112920830","type":"Bicicletários"},"geometry":{"type":"Point","coordinates":[-34.8771718,-8.0198156]}},{"type":"Feature","id":"node/13112920831","properties":{"name":"Praça Maestro Milton Rodrigues","id":"node/13112920831","type":"Bicicletários"},"geometry":{"type":"Point","coordinates":[-34.8827512,-8.0476192]}},{"type":"Feature","id":"node/13112920832","properties":{"name":"Praça Cabipa","id":"node/13112920832","type":"Bicicletários"},"geometry":{"type":"Point","coordinates":[-34.8981081,-8.0437621]}},{"type":"Feature","id":"node/13112920833","properties":{"name":"Praça Juliete Moura","id":"node/13112920833","type":"Bicicletários"},"geometry":{"type":"Point","coordinates":[-34.9325309,-8.0860762]}},{"type":"Feature","id":"node/13112920834","properties":{"name":"Banco Bradesco","id":"node/13112920834","type":"Bicicletários"},"geometry":{"type":"Point","coordinates":[-34.8721835,-8.0644766]}},{"type":"Feature","id":"node/13112920835","properties":{"name":"Praça Maria Lucia","id":"node/13112920835","type":"Bicicletários"},"geometry":{"type":"Point","coordinates":[-34.9268831,-8.1037652]}},{"type":"Feature","id":"node/13112920836","properties":{"name":"Quadra Neópolis","id":"node/13112920836","type":"Bicicletários"},"geometry":{"type":"Point","coordinates":[-34.9464761,-8.1163471]}},{"type":"Feature","id":"node/13112920837","properties":{"name":"Praça da Truaca","id":"node/13112920837","type":"Bicicletários"},"geometry":{"type":"Point","coordinates":[-34.9515212,-8.1111243]}},{"type":"Feature","id":"node/13112920838","properties":{"name":"Praça Tempo de Crescer","id":"node/13112920838","type":"Bicicletários"},"geometry":{"type":"Point","coordinates":[-34.9507915,-8.1111115]}},{"type":"Feature","id":"node/13112920839","properties":{"name":"Praça Raízes","id":"node/13112920839","type":"Bicicletários"},"geometry":{"type":"Point","coordinates":[-34.9506921,-8.1121923]}},{"type":"Feature","id":"node/13112920840","properties":{"name":"Praça do Tamarindo","id":"node/13112920840","type":"Bicicletários"},"geometry":{"type":"Point","coordinates":[-34.950104,-8.1143814]}},{"type":"Feature","id":"node/13112920841","properties":{"name":"Praça Três Marias","id":"node/13112920841","type":"Bicicletários"},"geometry":{"type":"Point","coordinates":[-34.9510884,-8.1133074]}},{"type":"Feature","id":"node/13112920842","properties":{"name":"Praça dos Iburenses","id":"node/13112920842","type":"Bicicletários"},"geometry":{"type":"Point","coordinates":[-34.9470032,-8.117584]}},{"type":"Feature","id":"node/13112920843","properties":{"name":"IPHAN","id":"node/13112920843","type":"Bicicletários"},"geometry":{"type":"Point","coordinates":[-34.8836217,-8.0677544]}},{"type":"Feature","id":"node/13112920844","properties":{"name":"Praça Padre Romano Zufferey","id":"node/13112920844","type":"Bicicletários"},"geometry":{"type":"Point","coordinates":[-34.9396992,-8.0782211]}},{"type":"Feature","id":"node/13112920845","properties":{"name":"Praça de Joana Bezerra","id":"node/13112920845","type":"Bicicletários"},"geometry":{"type":"Point","coordinates":[-34.8969895,-8.0719379]}},{"type":"Feature","id":"node/13112920846","properties":{"name":"Praça José da Costa Porto","id":"node/13112920846","type":"Bicicletários"},"geometry":{"type":"Point","coordinates":[-34.9007637,-8.0719222]}},{"type":"Feature","id":"node/13112920847","properties":{"name":"Praça do Mangue","id":"node/13112920847","type":"Bicicletários"},"geometry":{"type":"Point","coordinates":[-34.9165449,-8.0850655]}},{"type":"Feature","id":"node/13112920848","properties":{"name":"Praça Marcantônio Vilaça","id":"node/13112920848","type":"Bicicletários"},"geometry":{"type":"Point","coordinates":[-34.8891225,-8.0990709]}},{"type":"Feature","id":"node/13112920849","properties":{"name":"Porto Terra Nova","id":"node/13112920849","type":"Bicicletários"},"geometry":{"type":"Point","coordinates":[-34.8760222,-8.0781711]}},{"type":"Feature","id":"node/13112920850","properties":{"name":"Praça Don Helder","id":"node/13112920850","type":"Bicicletários"},"geometry":{"type":"Point","coordinates":[-34.953711,-8.0815153]}},{"type":"Feature","id":"node/13112920851","properties":{"name":"Praça João Vinte e Três","id":"node/13112920851","type":"Bicicletários"},"geometry":{"type":"Point","coordinates":[-34.9553558,-8.0832271]}},{"type":"Feature","id":"node/13112920852","properties":{"name":"2a Praça da Vila dos Bancários","id":"node/13112920852","type":"Bicicletários"},"geometry":{"type":"Point","coordinates":[-34.9556462,-8.0818098]}},{"type":"Feature","id":"node/13112920853","properties":{"name":"Praça Saberé","id":"node/13112920853","type":"Bicicletários"},"geometry":{"type":"Point","coordinates":[-34.95243,-8.037334]}},{"type":"Feature","id":"node/13112920854","properties":{"name":"Praça Mano Marlon Lins","id":"node/13112920854","type":"Bicicletários"},"geometry":{"type":"Point","coordinates":[-34.962555,-8.023725]}},{"type":"Feature","id":"node/13112920855","properties":{"name":"Escola Municipal Nova Morada","id":"node/13112920855","type":"Bicicletários"},"geometry":{"type":"Point","coordinates":[-34.952404,-8.025928]}},{"type":"Feature","id":"node/13112920856","properties":{"name":"Praça dos Ipês","id":"node/13112920856","type":"Bicicletários"},"geometry":{"type":"Point","coordinates":[-34.954411,-8.026612]}},{"type":"Feature","id":"node/13112920857","properties":{"name":"Quadra Sobral","id":"node/13112920857","type":"Bicicletários"},"geometry":{"type":"Point","coordinates":[-34.932417,-8.030682]}},{"type":"Feature","id":"node/13112920858","properties":{"name":"COMPAZ Miguel Arraes","id":"node/13112920858","type":"Bicicletários"},"geometry":{"type":"Point","coordinates":[-34.914461,-8.054413]}},{"type":"Feature","id":"node/13112920859","properties":{"name":"Praça Professor Calazans","id":"node/13112920859","type":"Bicicletários"},"geometry":{"type":"Point","coordinates":[-34.910183,-8.050529]}},{"type":"Feature","id":"node/13112920860","properties":{"name":"Creche Escola Municipal João Amazonas","id":"node/13112920860","type":"Bicicletários"},"geometry":{"type":"Point","coordinates":[-34.906106,-8.002406]}},{"type":"Feature","id":"node/13112920861","properties":{"name":"Escola Municipal Olindina Monteiro de Oliveira França","id":"node/13112920861","type":"Bicicletários"},"geometry":{"type":"Point","coordinates":[-34.906219,-8.002599]}},{"type":"Feature","id":"node/13112920862","properties":{"name":"Restaurante Pahu Poke","id":"node/13112920862","type":"Bicicletários"},"geometry":{"type":"Point","coordinates":[-34.89785,-8.045637]}},{"type":"Feature","id":"node/13112920863","properties":{"name":"Mercado Público de Nova Descoberta","id":"node/13112920863","type":"Bicicletários"},"geometry":{"type":"Point","coordinates":[-34.922569,-8.000434]}},{"type":"Feature","id":"node/13112920864","properties":{"name":"Campo de Singapura","id":"node/13112920864","type":"Bicicletários"},"geometry":{"type":"Point","coordinates":[-34.900691,-8.004986]}},{"type":"Feature","id":"node/13112920865","properties":{"name":"Escola Municipal Poeta Solano Trindade","id":"node/13112920865","type":"Bicicletários"},"geometry":{"type":"Point","coordinates":[-34.889038,-8.018404]}},{"type":"Feature","id":"node/13112920866","properties":{"name":"Escola Municipal Antônio Heráclio do Rego","id":"node/13112920866","type":"Bicicletários"},"geometry":{"type":"Point","coordinates":[-34.888921,-8.018392]}},{"type":"Feature","id":"node/13112920867","properties":{"name":"Praça da FEB","id":"node/13112920867","type":"Bicicletários"},"geometry":{"type":"Point","coordinates":[-34.894823,-8.040292]}},{"type":"Feature","id":"node/13112920868","properties":{"name":"Largo da Encruzilhada","id":"node/13112920868","type":"Bicicletários"},"geometry":{"type":"Point","coordinates":[-34.891603,-8.037655]}},{"type":"Feature","id":"node/13112920869","properties":{"name":"Praça do Rosarinho","id":"node/13112920869","type":"Bicicletários"},"geometry":{"type":"Point","coordinates":[-34.896367,-8.033181]}},{"type":"Feature","id":"node/13112920870","properties":{"name":"CRAS Dois Irmãos","id":"node/13112920870","type":"Bicicletários"},"geometry":{"type":"Point","coordinates":[-34.941218,-8.016487]}},{"type":"Feature","id":"node/13112920871","properties":{"name":"CRAS Alto do Mandu","id":"node/13112920871","type":"Bicicletários"},"geometry":{"type":"Point","coordinates":[-34.927204,-8.024885]}},{"type":"Feature","id":"node/13112920872","properties":{"name":"Baobá","id":"node/13112920872","type":"Bicicletários"},"geometry":{"type":"Point","coordinates":[-34.904224,-8.041909]}},{"type":"Feature","id":"node/13112920873","properties":{"name":"Estação La Greca","id":"node/13112920873","type":"Bicicletários"},"geometry":{"type":"Point","coordinates":[-34.909673,-8.037485]}},{"type":"Feature","id":"node/13112920874","properties":{"name":"Praça Miguel de Cervantes","id":"node/13112920874","type":"Bicicletários"},"geometry":{"type":"Point","coordinates":[-34.894031,-8.067784]}},{"type":"Feature","id":"node/13112920875","properties":{"name":"COMPAZ atriz Leda Alves","id":"node/13112920875","type":"Bicicletários"},"geometry":{"type":"Point","coordinates":[-34.891015,-8.094028]}},{"type":"Feature","id":"node/13112920876","properties":{"name":"Secretaria de Meio Ambiente","id":"node/13112920876","type":"Bicicletários"},"geometry":{"type":"Point","coordinates":[-34.89927,-8.039986]}},{"type":"Feature","id":"node/13112920877","properties":{"name":"Sá e Souza","id":"node/13112920877","type":"Bicicletários"},"geometry":{"type":"Point","coordinates":[-34.907579,-8.139783]}},{"type":"Feature","id":"node/13112920878","properties":{"name":"Praça Jardim América","id":"node/13112920878","type":"Bicicletários"},"geometry":{"type":"Point","coordinates":[-34.919941,-8.105742]}},{"type":"Feature","id":"node/13112920879","properties":{"name":"Quadra Imbiribeira","id":"node/13112920879","type":"Bicicletários"},"geometry":{"type":"Point","coordinates":[-34.910224,-8.085383]}},{"type":"Feature","id":"node/13112920880","properties":{"name":"Largura","id":"node/13112920880","type":"Bicicletários"},"geometry":{"type":"Point","coordinates":[-34.917809,-8.03228]}},{"type":"Feature","id":"node/13112920881","properties":{"id":"node/13112920881","type":"Bicicletários"},"geometry":{"type":"Point","coordinates":[-34.904604,-8.044202]}},{"type":"Feature","id":"node/13112920882","properties":{"id":"node/13112920882","type":"Bicicletários"},"geometry":{"type":"Point","coordinates":[-34.904873,-8.044362]}},{"type":"Feature","id":"node/13112920883","properties":{"name":"Praça José Sales Filho","id":"node/13112920883","type":"Bicicletários"},"geometry":{"type":"Point","coordinates":[-34.904601,-8.045068]}},{"type":"Feature","id":"node/13112920884","properties":{"name":"Orora","id":"node/13112920884","type":"Bicicletários"},"geometry":{"type":"Point","coordinates":[-34.876978,-8.054677]}},{"type":"Feature","id":"node/13112920885","properties":{"name":"Praça Dona Elizabeth","id":"node/13112920885","type":"Bicicletários"},"geometry":{"type":"Point","coordinates":[-34.881892,-8.04546]}},{"type":"Feature","id":"node/13112920886","properties":{"name":"Praça Adulccio Junior","id":"node/13112920886","type":"Bicicletários"},"geometry":{"type":"Point","coordinates":[-34.88124,-8.04595]}},{"type":"Feature","id":"node/13112920887","properties":{"name":"Praça Eduardo Campos (Ilha de Deus)","id":"node/13112920887","type":"Bicicletários"},"geometry":{"type":"Point","coordinates":[-34.9023837,-8.0861692]}},{"type":"Feature","id":"node/13112920888","properties":{"name":"Polo Academia da Cidade - Jordão Baixo","id":"node/13112920888","type":"Bicicletários"},"geometry":{"type":"Point","coordinates":[-34.936864,-8.136767]}},{"type":"Feature","id":"node/13112920889","properties":{"id":"node/13112920889","type":"Bicicletários"},"geometry":{"type":"Point","coordinates":[-34.905241,-8.087266]}},{"type":"Feature","id":"node/13112920890","properties":{"id":"node/13112920890","type":"Bicicletários"},"geometry":{"type":"Point","coordinates":[-34.905338,-8.086933]}},{"type":"Feature","id":"node/13112920891","properties":{"name":"RM","id":"node/13112920891","type":"Bicicletários"},"geometry":{"type":"Point","coordinates":[-34.907628,-8.053024]}},{"type":"Feature","id":"node/13112920892","properties":{"name":"Feira agroecológia de Setubal","id":"node/13112920892","type":"Bicicletários"},"geometry":{"type":"Point","coordinates":[-34.908172,-8.137121]}},{"type":"Feature","id":"node/13112920893","properties":{"name":"Marco Zero da Ilha de Deus","id":"node/13112920893","type":"Bicicletários"},"geometry":{"type":"Point","coordinates":[-34.9006234,-8.0876702]}},{"type":"Feature","id":"node/13112920894","properties":{"name":"Praça do Tourão","id":"node/13112920894","type":"Bicicletários"},"geometry":{"type":"Point","coordinates":[-34.925466,-8.092827]}},{"type":"Feature","id":"node/13112920895","properties":{"name":"Praça Prof. Barreto Campelo","id":"node/13112920895","type":"Bicicletários"},"geometry":{"type":"Point","coordinates":[-34.913412,-8.046696]}},{"type":"Feature","id":"node/13112920896","properties":{"name":"Douro","id":"node/13112920896","type":"Bicicletários"},"geometry":{"type":"Point","coordinates":[-34.87934,-8.062035]}},{"type":"Feature","id":"node/13112920897","properties":{"name":"EREM Clotilde de Oliveira","id":"node/13112920897","type":"Bicicletários"},"geometry":{"type":"Point","coordinates":[-34.926109,-8.020037]}},{"type":"Feature","id":"node/13112920898","properties":{"name":"Escola Est. Professor Motta e Albuquerque","id":"node/13112920898","type":"Bicicletários"},"geometry":{"type":"Point","coordinates":[-34.905053,-8.029923]}},{"type":"Feature","id":"node/13112920899","properties":{"name":"Bacurau - Galo","id":"node/13112920899","type":"Bicicletários"},"geometry":{"type":"Point","coordinates":[-34.950044,-8.115168]}},{"type":"Feature","id":"node/13112920900","properties":{"name":"Conjunto Europa","id":"node/13112920900","type":"Bicicletários"},"geometry":{"type":"Point","coordinates":[-34.906404,-8.134607]}},{"type":"Feature","id":"node/13112921001","properties":{"name":"Procuradoria Geral do Estado","id":"node/13112921001","type":"Bicicletários"},"geometry":{"type":"Point","coordinates":[-34.879806,-8.061773]}},{"type":"Feature","id":"node/13112921002","properties":{"name":"Vapor","id":"node/13112921002","type":"Bicicletários"},"geometry":{"type":"Point","coordinates":[-34.87857,-8.053736]}},{"type":"Feature","id":"node/13112921003","properties":{"name":"Central CadÚnico","id":"node/13112921003","type":"Bicicletários"},"geometry":{"type":"Point","coordinates":[-34.87932,-8.051184]}},{"type":"Feature","id":"node/13112921004","properties":{"name":"Travessa Carapuceiro","id":"node/13112921004","type":"Bicicletários"},"geometry":{"type":"Point","coordinates":[-34.901911,-8.118732]}},{"type":"Feature","id":"node/13112921005","properties":{"name":"Lagoa do Araçá","id":"node/13112921005","type":"Bicicletários"},"geometry":{"type":"Point","coordinates":[-34.913271,-8.092967]}},{"type":"Feature","id":"node/13112921006","properties":{"name":"Lagoa do Araçá","id":"node/13112921006","type":"Bicicletários"},"geometry":{"type":"Point","coordinates":[-34.915443,-8.096513]}},{"type":"Feature","id":"node/13112921007","properties":{"name":"Borsoi","id":"node/13112921007","type":"Bicicletários"},"geometry":{"type":"Point","coordinates":[-34.887765,-8.104557]}},{"type":"Feature","id":"node/13112921008","properties":{"name":"Sindicato dos Contabilistas","id":"node/13112921008","type":"Bicicletários"},"geometry":{"type":"Point","coordinates":[-34.892679,-8.058173]}},{"type":"Feature","id":"node/13112921009","properties":{"name":"Praça da Infãncia Córrego do Morcego","id":"node/13112921009","type":"Bicicletários"},"geometry":{"type":"Point","coordinates":[-34.907454,-8.003033]}},{"type":"Feature","id":"node/13112921010","properties":{"name":"Parque Jardim do Poço","id":"node/13112921010","type":"Bicicletários"},"geometry":{"type":"Point","coordinates":[-34.924598,-8.031438]}},{"type":"Feature","id":"node/13112921011","properties":{"name":"Parque Jardim do Poço","id":"node/13112921011","type":"Bicicletários"},"geometry":{"type":"Point","coordinates":[-34.925246,-8.032042]}},{"type":"Feature","id":"node/13112921012","properties":{"name":"Parcão Sítio da Trindade","id":"node/13112921012","type":"Bicicletários"},"geometry":{"type":"Point","coordinates":[-34.914133,-8.031846]}},{"type":"Feature","id":"node/13112921013","properties":{"name":"Rua dos Arcos","id":"node/13112921013","type":"Bicicletários"},"geometry":{"type":"Point","coordinates":[-34.922842,-8.033828]}},{"type":"Feature","id":"node/13112921014","properties":{"name":"Dantas Barreto","id":"node/13112921014","type":"Bicicletários"},"geometry":{"type":"Point","coordinates":[-34.881683,-8.069768]}},{"type":"Feature","id":"node/13112921015","properties":{"name":"Praça João Pereira Borges","id":"node/13112921015","type":"Bicicletários"},"geometry":{"type":"Point","coordinates":[-34.901764,-8.05432]}},{"type":"Feature","id":"node/13112921016","properties":{"name":"UFRPE 2","id":"node/13112921016","type":"Bicicletários"},"geometry":{"type":"Point","coordinates":[-34.950863,-8.016237]}},{"type":"Feature","id":"node/13112921017","properties":{"name":"UFRPE","id":"node/13112921017","type":"Bicicletários"},"geometry":{"type":"Point","coordinates":[-34.945253,-8.016447]}},{"type":"Feature","id":"node/13112921018","properties":{"name":"Parque Santos Dumont 2","id":"node/13112921018","type":"Bicicletários"},"geometry":{"type":"Point","coordinates":[-34.908225,-8.129184]}},{"type":"Feature","id":"node/13112921019","properties":{"name":"Parque Santos Dumont 1","id":"node/13112921019","type":"Bicicletários"},"geometry":{"type":"Point","coordinates":[-34.907551,-8.13028]}},{"type":"Feature","id":"node/13112921020","properties":{"name":"Bruno Veloso","id":"node/13112921020","type":"Bicicletários"},"geometry":{"type":"Point","coordinates":[-34.901952,-8.121301]}},{"type":"Feature","id":"node/13112921021","properties":{"name":"Parque Ecológico Rio Azul","id":"node/13112921021","type":"Bicicletários"},"geometry":{"type":"Point","coordinates":[-34.909269,-8.134723]}},{"type":"Feature","id":"node/13112921022","properties":{"name":"Praça Walt Disney","id":"node/13112921022","type":"Bicicletários"},"geometry":{"type":"Point","coordinates":[-34.889162,-8.107903]}},{"type":"Feature","id":"node/13112921023","properties":{"name":"Praça Cidade do Porto","id":"node/13112921023","type":"Bicicletários"},"geometry":{"type":"Point","coordinates":[-34.889522,-8.106064]}},{"type":"Feature","id":"node/13112921024","properties":{"name":"Praça Comandante Alex","id":"node/13112921024","type":"Bicicletários"},"geometry":{"type":"Point","coordinates":[-34.890877,-8.106038]}},{"type":"Feature","id":"node/13112921025","properties":{"name":"Estação e metrô Antônio Falcão","id":"node/13112921025","type":"Bicicletários"},"geometry":{"type":"Point","coordinates":[-34.909087,-8.109634]}},{"type":"Feature","id":"node/13112921026","properties":{"name":"AACD","id":"node/13112921026","type":"Bicicletários"},"geometry":{"type":"Point","coordinates":[-34.894148,-8.071839]}},{"type":"Feature","id":"node/13112921027","properties":{"name":"Quadra de Jardim Planalto","id":"node/13112921027","type":"Bicicletários"},"geometry":{"type":"Point","coordinates":[-34.958396,-8.084302]}},{"type":"Feature","id":"node/13112921028","properties":{"name":"Escola Municipal de Tejipió","id":"node/13112921028","type":"Bicicletários"},"geometry":{"type":"Point","coordinates":[-34.964395,-8.091995]}},{"type":"Feature","id":"node/13112921029","properties":{"name":"Estação Coqueiral","id":"node/13112921029","type":"Bicicletários"},"geometry":{"type":"Point","coordinates":[-34.964639,-8.091186]}},{"type":"Feature","id":"node/13112921030","properties":{"name":"Praça do ABC","id":"node/13112921030","type":"Bicicletários"},"geometry":{"type":"Point","coordinates":[-34.918527,-8.073582]}},{"type":"Feature","id":"node/13112921031","properties":{"name":"Praça Irmã Douraci Joaguim","id":"node/13112921031","type":"Bicicletários"},"geometry":{"type":"Point","coordinates":[-34.918298,-8.071787]}},{"type":"Feature","id":"node/13112921032","properties":{"name":"Praça Zeppelin (Jiquiá)","id":"node/13112921032","type":"Bicicletários"},"geometry":{"type":"Point","coordinates":[-34.92525,-8.083425]}},{"type":"Feature","id":"node/13112921033","properties":{"name":"Praça da Sudene","id":"node/13112921033","type":"Bicicletários"},"geometry":{"type":"Point","coordinates":[-34.921882,-8.114094]}},{"type":"Feature","id":"node/13112921034","properties":{"name":"Praça Aleixo de Oliveira","id":"node/13112921034","type":"Bicicletários"},"geometry":{"type":"Point","coordinates":[-34.924747,-8.112414]}},{"type":"Feature","id":"node/13112921035","properties":{"name":"Praça Vicente Antunes","id":"node/13112921035","type":"Bicicletários"},"geometry":{"type":"Point","coordinates":[-34.918499,-8.11461]}},{"type":"Feature","id":"node/13112921036","properties":{"name":"Praça da Lua","id":"node/13112921036","type":"Bicicletários"},"geometry":{"type":"Point","coordinates":[-34.887377,-8.086239]}},{"type":"Feature","id":"node/13112921037","properties":{"name":"Barraca de Pingo","id":"node/13112921037","type":"Bicicletários"},"geometry":{"type":"Point","coordinates":[-34.883828,-8.099856]}},{"type":"Feature","id":"node/13112921038","properties":{"name":"Praça do Sargento","id":"node/13112921038","type":"Bicicletários"},"geometry":{"type":"Point","coordinates":[-34.918605,-8.115912]}},{"type":"Feature","id":"node/13112921039","properties":{"name":"Praça Franco Gomes Coutinho","id":"node/13112921039","type":"Bicicletários"},"geometry":{"type":"Point","coordinates":[-34.919767,-8.07872]}},{"type":"Feature","id":"node/13112921040","properties":{"name":"Praça Nossa Senhora de Fátima","id":"node/13112921040","type":"Bicicletários"},"geometry":{"type":"Point","coordinates":[-34.930639,-8.072198]}},{"type":"Feature","id":"node/13112921041","properties":{"name":"Praça Zeppelin (San Martin)","id":"node/13112921041","type":"Bicicletários"},"geometry":{"type":"Point","coordinates":[-34.927955,-8.072877]}},{"type":"Feature","id":"node/13112921042","properties":{"name":"Praça Professor Paulo Silveira do Nascimento","id":"node/13112921042","type":"Bicicletários"},"geometry":{"type":"Point","coordinates":[-34.921773,-8.083229]}},{"type":"Feature","id":"node/13112921043","properties":{"name":"Praça Sargento Max Wolf Filho","id":"node/13112921043","type":"Bicicletários"},"geometry":{"type":"Point","coordinates":[-34.911402,-8.071678]}},{"type":"Feature","id":"node/13112921044","properties":{"name":"TI Caxangá","id":"node/13112921044","type":"Bicicletários"},"geometry":{"type":"Point","coordinates":[-34.954845,-8.031226]}},{"type":"Feature","id":"node/13112921045","properties":{"name":"Orla de Brasilia Teimosa (Buraco da Véia)","id":"node/13112921045","type":"Bicicletários"},"geometry":{"type":"Point","coordinates":[-34.876596,-8.079951]}},{"type":"Feature","id":"node/13112921046","properties":{"name":"Acad. da cidade – Polo Cafezópolis","id":"node/13112921046","type":"Bicicletários"},"geometry":{"type":"Point","coordinates":[-34.908857,-8.099821]}},{"type":"Feature","id":"node/13112921047","properties":{"name":"Academia da Cidade Polo Chão de estrelas","id":"node/13112921047","type":"Bicicletários"},"geometry":{"type":"Point","coordinates":[-34.87587,-8.020313]}},{"type":"Feature","id":"node/13112921048","properties":{"name":"Buriti","id":"node/13112921048","type":"Bicicletários"},"geometry":{"type":"Point","coordinates":[-34.929403,-8.010254]}},{"type":"Feature","id":"node/13112921049","properties":{"name":"CMEI Prof. FRANCISCO do Amaral Lopes","id":"node/13112921049","type":"Bicicletários"},"geometry":{"type":"Point","coordinates":[-34.888587,-8.044902]}},{"type":"Feature","id":"node/13112921050","properties":{"name":"Parque das Graças 03","id":"node/13112921050","type":"Bicicletários"},"geometry":{"type":"Point","coordinates":[-34.902784,-8.048016]}},{"type":"Feature","id":"node/13112921051","properties":{"name":"Parque das Graças 02","id":"node/13112921051","type":"Bicicletários"},"geometry":{"type":"Point","coordinates":[-34.903651,-8.049569]}},{"type":"Feature","id":"node/13112921052","properties":{"name":"Parque das Graças 01","id":"node/13112921052","type":"Bicicletários"},"geometry":{"type":"Point","coordinates":[-34.902913,-8.045406]}},{"type":"Feature","id":"node/13112921053","properties":{"name":"TI Getulio Vargas 02","id":"node/13112921053","type":"Bicicletários"},"geometry":{"type":"Point","coordinates":[-34.921716,-8.05029]}},{"type":"Feature","id":"node/13112921054","properties":{"name":"TI CDU","id":"node/13112921054","type":"Bicicletários"},"geometry":{"type":"Point","coordinates":[-34.943299,-8.038463]}},{"type":"Feature","id":"node/13112921055","properties":{"name":"Mercado de Casa Amarela 04","id":"node/13112921055","type":"Bicicletários"},"geometry":{"type":"Point","coordinates":[-34.917754,-8.025911]}},{"type":"Feature","id":"node/13112921056","properties":{"name":"Praça Maciel Pinheiro","id":"node/13112921056","type":"Bicicletários"},"geometry":{"type":"Point","coordinates":[-34.885148,-8.062604]}},{"type":"Feature","id":"node/13112921057","properties":{"name":"Praça Eça de Queiroz","id":"node/13112921057","type":"Bicicletários"},"geometry":{"type":"Point","coordinates":[-34.907299,-8.050652]}},{"type":"Feature","id":"node/13112921058","properties":{"name":"Dpt. Remo Do Sport Club Do Recife","id":"node/13112921058","type":"Bicicletários"},"geometry":{"type":"Point","coordinates":[-34.90451,-8.053573]}},{"type":"Feature","id":"node/13112921059","properties":{"name":"Simonesia","id":"node/13112921059","type":"Bicicletários"},"geometry":{"type":"Point","coordinates":[-34.932698,-8.028989]}},{"type":"Feature","id":"node/13112921060","properties":{"id":"node/13112921060","type":"Bicicletários"},"geometry":{"type":"Point","coordinates":[-34.899404,-8.068887]}},{"type":"Feature","id":"node/13112921061","properties":{"name":"CRAS Campina do Barreto","id":"node/13112921061","type":"Bicicletários"},"geometry":{"type":"Point","coordinates":[-34.881264,-8.015904]}},{"type":"Feature","id":"node/13112921062","properties":{"name":"Praça do Burity","id":"node/13112921062","type":"Bicicletários"},"geometry":{"type":"Point","coordinates":[-34.929304,-8.016857]}},{"type":"Feature","id":"node/13112921063","properties":{"name":"Academia da Cidade Polo Simão Borba","id":"node/13112921063","type":"Bicicletários"},"geometry":{"type":"Point","coordinates":[-34.925422,-8.096667]}},{"type":"Feature","id":"node/13112921064","properties":{"name":"Praça Chora Menino","id":"node/13112921064","type":"Bicicletários"},"geometry":{"type":"Point","coordinates":[-34.89503,-8.060339]}},{"type":"Feature","id":"node/13112921065","properties":{"name":"Praça dos Taxistas","id":"node/13112921065","type":"Bicicletários"},"geometry":{"type":"Point","coordinates":[-34.946227,-8.118421]}},{"type":"Feature","id":"node/13112921066","properties":{"name":"Praça Dom Miguel Valverde 03","id":"node/13112921066","type":"Bicicletários"},"geometry":{"type":"Point","coordinates":[-34.892775,-8.035682]}},{"type":"Feature","id":"node/13112921067","properties":{"name":"Praça Dom Miguel Valverde 02","id":"node/13112921067","type":"Bicicletários"},"geometry":{"type":"Point","coordinates":[-34.892489,-8.035839]}},{"type":"Feature","id":"node/13112921068","properties":{"name":"Praça Dom Miguel Valverde 01","id":"node/13112921068","type":"Bicicletários"},"geometry":{"type":"Point","coordinates":[-34.892587,-8.035414]}},{"type":"Feature","id":"node/13112921069","properties":{"name":"Praça João Pessoa de Queiroz","id":"node/13112921069","type":"Bicicletários"},"geometry":{"type":"Point","coordinates":[-34.932783,-8.067368]}},{"type":"Feature","id":"node/13112921070","properties":{"name":"Praça Prof. Calazans","id":"node/13112921070","type":"Bicicletários"},"geometry":{"type":"Point","coordinates":[-34.910226,-8.050543]}},{"type":"Feature","id":"node/13112921071","properties":{"name":"Praça dos Iburenses - Academia Recife","id":"node/13112921071","type":"Bicicletários"},"geometry":{"type":"Point","coordinates":[-34.94702,-8.117503]}},{"type":"Feature","id":"node/13112921072","properties":{"name":"Escola Municipal Engenheiro Edinaldo Miranda de Oliveira","id":"node/13112921072","type":"Bicicletários"},"geometry":{"type":"Point","coordinates":[-34.89256,-8.034676]}},{"type":"Feature","id":"node/13112921073","properties":{"name":"Academia da Cidade Polo Ilha do Leite","id":"node/13112921073","type":"Bicicletários"},"geometry":{"type":"Point","coordinates":[-34.893419,-8.0666]}},{"type":"Feature","id":"node/13112921074","properties":{"name":"Praça Jardim América","id":"node/13112921074","type":"Bicicletários"},"geometry":{"type":"Point","coordinates":[-34.919859,-8.105865]}},{"type":"Feature","id":"node/13112921075","properties":{"name":"Praça do Bongi 02","id":"node/13112921075","type":"Bicicletários"},"geometry":{"type":"Point","coordinates":[-34.921888,-8.063776]}},{"type":"Feature","id":"node/13112921076","properties":{"name":"Estação Afogados 02","id":"node/13112921076","type":"Bicicletários"},"geometry":{"type":"Point","coordinates":[-34.906456,-8.077713]}},{"type":"Feature","id":"node/13112921077","properties":{"name":"Estação Afogados 01","id":"node/13112921077","type":"Bicicletários"},"geometry":{"type":"Point","coordinates":[-34.90643,-8.077317]}},{"type":"Feature","id":"node/13112921078","properties":{"name":"Praça da Vitória","id":"node/13112921078","type":"Bicicletários"},"geometry":{"type":"Point","coordinates":[-34.93423,-8.094366]}},{"type":"Feature","id":"node/13112921079","properties":{"name":"Praça Jornalista Anibal Fernandes","id":"node/13112921079","type":"Bicicletários"},"geometry":{"type":"Point","coordinates":[-34.93012,-8.093229]}},{"type":"Feature","id":"node/13112921080","properties":{"name":"Praça Manfredo Nigro","id":"node/13112921080","type":"Bicicletários"},"geometry":{"type":"Point","coordinates":[-34.932518,-8.093423]}},{"type":"Feature","id":"node/13112921081","properties":{"name":"Praça José Cecílio de Lira","id":"node/13112921081","type":"Bicicletários"},"geometry":{"type":"Point","coordinates":[-34.933347,-8.094168]}},{"type":"Feature","id":"node/13112921082","properties":{"name":"Praça São Braz","id":"node/13112921082","type":"Bicicletários"},"geometry":{"type":"Point","coordinates":[-34.931675,-8.094303]}},{"type":"Feature","id":"node/13112921083","properties":{"name":"Praça Eduardo Cardoso","id":"node/13112921083","type":"Bicicletários"},"geometry":{"type":"Point","coordinates":[-34.93143,-8.09648]}},{"type":"Feature","id":"node/13112921084","properties":{"name":"Praça 4 de Outubro","id":"node/13112921084","type":"Bicicletários"},"geometry":{"type":"Point","coordinates":[-34.938989,-8.095365]}},{"type":"Feature","id":"node/13112921085","properties":{"name":"Praça Nossa Senhora de Lourdes","id":"node/13112921085","type":"Bicicletários"},"geometry":{"type":"Point","coordinates":[-34.943836,-8.095502]}},{"type":"Feature","id":"node/13112921086","properties":{"name":"Mercado de Areias","id":"node/13112921086","type":"Bicicletários"},"geometry":{"type":"Point","coordinates":[-34.933831,-8.089414]}},{"type":"Feature","id":"node/13112921087","properties":{"name":"Praça da Lavadeira","id":"node/13112921087","type":"Bicicletários"},"geometry":{"type":"Point","coordinates":[-34.936713,-8.094601]}},{"type":"Feature","id":"node/13112921088","properties":{"name":"Campo de Areias","id":"node/13112921088","type":"Bicicletários"},"geometry":{"type":"Point","coordinates":[-34.936488,-8.101343]}},{"type":"Feature","id":"node/13112921089","properties":{"name":"Praça João Stanislau","id":"node/13112921089","type":"Bicicletários"},"geometry":{"type":"Point","coordinates":[-34.938385,-8.097552]}},{"type":"Feature","id":"node/13112921090","properties":{"name":"Hospital Eduardo Campos da Pessoa Idosa","id":"node/13112921090","type":"Bicicletários"},"geometry":{"type":"Point","coordinates":[-34.928055,-8.10024]}},{"type":"Feature","id":"node/13112921091","properties":{"name":"Hospital Otávio de Freitas","id":"node/13112921091","type":"Bicicletários"},"geometry":{"type":"Point","coordinates":[-34.961801,-8.086909]}},{"type":"Feature","id":"node/13112921092","properties":{"name":"Escola Municipal Professora Maria da Paz Brandão Alves","id":"node/13112921092","type":"Bicicletários"},"geometry":{"type":"Point","coordinates":[-34.96149,-8.08243]}},{"type":"Feature","id":"node/13112921093","properties":{"name":"Estação Tejipió","id":"node/13112921093","type":"Bicicletários"},"geometry":{"type":"Point","coordinates":[-34.956638,-8.090533]}},{"type":"Feature","id":"node/13112921094","properties":{"name":"Praça da Cavalaria 02","id":"node/13112921094","type":"Bicicletários"},"geometry":{"type":"Point","coordinates":[-34.927558,-8.065398]}},{"type":"Feature","id":"node/13112921095","properties":{"name":"Praça da Cavalaria 01","id":"node/13112921095","type":"Bicicletários"},"geometry":{"type":"Point","coordinates":[-34.927059,-8.065575]}},{"type":"Feature","id":"node/13112921096","properties":{"name":"EREM Professora Helena Pugó","id":"node/13112921096","type":"Bicicletários"},"geometry":{"type":"Point","coordinates":[-34.932112,-8.067679]}},{"type":"Feature","id":"node/13112921097","properties":{"name":"Praça de San Martin (Praça da Infância)","id":"node/13112921097","type":"Bicicletários"},"geometry":{"type":"Point","coordinates":[-34.928825,-8.071083]}},{"type":"Feature","id":"node/13112921098","properties":{"name":"Praça do El Salvador","id":"node/13112921098","type":"Bicicletários"},"geometry":{"type":"Point","coordinates":[-34.940126,-8.08056]}},{"type":"Feature","id":"node/13112921099","properties":{"name":"Hospital da Mulher (Emergência)","id":"node/13112921099","type":"Bicicletários"},"geometry":{"type":"Point","coordinates":[-34.940573,-8.071672]}},{"type":"Feature","id":"node/13112921100","properties":{"name":"Hospital da Mulher (Acesso Funcionários)","id":"node/13112921100","type":"Bicicletários"},"geometry":{"type":"Point","coordinates":[-34.94103,-8.070992]}},{"type":"Feature","id":"node/13112921101","properties":{"name":"Hospital da Mulher (Administração)","id":"node/13112921101","type":"Bicicletários"},"geometry":{"type":"Point","coordinates":[-34.940774,-8.072143]}},{"type":"Feature","id":"node/13112921102","properties":{"name":"T.I Largo da Paz","id":"node/13112921102","type":"Bicicletários"},"geometry":{"type":"Point","coordinates":[-34.904849,-8.081301]}},{"type":"Feature","id":"node/13112921103","properties":{"name":"Escola Municipal Professor Antônio de Brito Alves","id":"node/13112921103","type":"Bicicletários"},"geometry":{"type":"Point","coordinates":[-34.917902,-8.073999]}},{"type":"Feature","id":"node/13112921104","properties":{"name":"Maternidade Professor Bandeira Filho","id":"node/13112921104","type":"Bicicletários"},"geometry":{"type":"Point","coordinates":[-34.911157,-8.079081]}},{"type":"Feature","id":"node/13112921105","properties":{"name":"Mercado de Afogados","id":"node/13112921105","type":"Bicicletários"},"geometry":{"type":"Point","coordinates":[-34.905679,-8.07812]}},{"type":"Feature","id":"node/13112921106","properties":{"name":"Calçada do metrô de Afogados","id":"node/13112921106","type":"Bicicletários"},"geometry":{"type":"Point","coordinates":[-34.906812,-8.077758]}},{"type":"Feature","id":"node/13112921107","properties":{"name":"Calçada do Sport Clube do Recife","id":"node/13112921107","type":"Bicicletários"},"geometry":{"type":"Point","coordinates":[-34.902053,-8.061897]}},{"type":"Feature","id":"node/13112921108","properties":{"name":"Restaurante Universitário (UFPE)","id":"node/13112921108","type":"Bicicletários"},"geometry":{"type":"Point","coordinates":[-34.953117,-8.050748]}},{"type":"Feature","id":"node/13112921109","properties":{"name":"Reitoria UFPE","id":"node/13112921109","type":"Bicicletários"},"geometry":{"type":"Point","coordinates":[-34.9457,-8.052232]}},{"type":"Feature","id":"node/13112921110","properties":{"name":"Cemitério da Várzea","id":"node/13112921110","type":"Bicicletários"},"geometry":{"type":"Point","coordinates":[-34.952951,-8.046323]}},{"type":"Feature","id":"node/13112921111","properties":{"name":"Praça da Várzea","id":"node/13112921111","type":"Bicicletários"},"geometry":{"type":"Point","coordinates":[-34.959424,-8.048868]}},{"type":"Feature","id":"node/13112921112","properties":{"name":"Praça Pinto Damásio","id":"node/13112921112","type":"Bicicletários"},"geometry":{"type":"Point","coordinates":[-34.959424,-8.048726]}},{"type":"Feature","id":"node/13112921113","properties":{"name":"Melhor Cantinho da Cidade","id":"node/13112921113","type":"Bicicletários"},"geometry":{"type":"Point","coordinates":[-34.95816,-8.050249]}},{"type":"Feature","id":"node/13112921114","properties":{"name":"Praça do Rosário","id":"node/13112921114","type":"Bicicletários"},"geometry":{"type":"Point","coordinates":[-34.958382,-8.050628]}},{"type":"Feature","id":"node/13112921115","properties":{"name":"Ascendino Neves","id":"node/13112921115","type":"Bicicletários"},"geometry":{"type":"Point","coordinates":[-34.907993,-8.04109]}},{"type":"Feature","id":"node/13112921116","properties":{"name":"Praça do Bom Pastor","id":"node/13112921116","type":"Bicicletários"},"geometry":{"type":"Point","coordinates":[-34.940214,-8.048151]}},{"type":"Feature","id":"node/13112921117","properties":{"name":"Praça Estevão Sá","id":"node/13112921117","type":"Bicicletários"},"geometry":{"type":"Point","coordinates":[-34.947151,-8.036372]}},{"type":"Feature","id":"node/13112921118","properties":{"name":"Praça Cosme Viana","id":"node/13112921118","type":"Bicicletários"},"geometry":{"type":"Point","coordinates":[-34.908901,-8.065535]}},{"type":"Feature","id":"node/13112921119","properties":{"name":"Escola Professor Leal de Barros","id":"node/13112921119","type":"Bicicletários"},"geometry":{"type":"Point","coordinates":[-34.943977,-8.056172]}},{"type":"Feature","id":"node/13112921120","properties":{"name":"Praça Luiz de Lacerda","id":"node/13112921120","type":"Bicicletários"},"geometry":{"type":"Point","coordinates":[-34.943348,-8.03624]}},{"type":"Feature","id":"node/13112921121","properties":{"name":"Praça Nova Esperança","id":"node/13112921121","type":"Bicicletários"},"geometry":{"type":"Point","coordinates":[-34.932589,-8.030911]}},{"type":"Feature","id":"node/13112921122","properties":{"name":"Praça Cordislândia","id":"node/13112921122","type":"Bicicletários"},"geometry":{"type":"Point","coordinates":[-34.934944,-8.039667]}},{"type":"Feature","id":"node/13112921123","properties":{"name":"Praça Professor Coelho de Almeida","id":"node/13112921123","type":"Bicicletários"},"geometry":{"type":"Point","coordinates":[-34.931443,-8.045391]}},{"type":"Feature","id":"node/13112921124","properties":{"name":"Praça do Berardo","id":"node/13112921124","type":"Bicicletários"},"geometry":{"type":"Point","coordinates":[-34.912518,-8.056582]}},{"type":"Feature","id":"node/13112921125","properties":{"name":"Praça da Chesf","id":"node/13112921125","type":"Bicicletários"},"geometry":{"type":"Point","coordinates":[-34.931021,-8.062798]}},{"type":"Feature","id":"node/13112921126","properties":{"name":"Praça Luiz Gonzaga","id":"node/13112921126","type":"Bicicletários"},"geometry":{"type":"Point","coordinates":[-34.932018,-8.06513]}},{"type":"Feature","id":"node/13112921127","properties":{"name":"Praça da Paz Arcebispo Dom Helder Câmara","id":"node/13112921127","type":"Bicicletários"},"geometry":{"type":"Point","coordinates":[-34.933376,-8.066907]}},{"type":"Feature","id":"node/13112921128","properties":{"name":"Praça da Fé","id":"node/13112921128","type":"Bicicletários"},"geometry":{"type":"Point","coordinates":[-34.927325,-8.056242]}},{"type":"Feature","id":"node/13112921129","properties":{"name":"COMPAZ Escritor Ariano Suassuna","id":"node/13112921129","type":"Bicicletários"},"geometry":{"type":"Point","coordinates":[-34.92624,-8.059943]}},{"type":"Feature","id":"node/13112921130","properties":{"name":"COMPAZ Escritor Ariano Suassuna","id":"node/13112921130","type":"Bicicletários"},"geometry":{"type":"Point","coordinates":[-34.926057,-8.06]}},{"type":"Feature","id":"node/13112921131","properties":{"name":"COMPAZ Escritor Ariano Suassuna","id":"node/13112921131","type":"Bicicletários"},"geometry":{"type":"Point","coordinates":[-34.926036,-8.059568]}},{"type":"Feature","id":"node/13112921132","properties":{"name":"Praça Áureo Xavier","id":"node/13112921132","type":"Bicicletários"},"geometry":{"type":"Point","coordinates":[-34.926897,-8.050059]}},{"type":"Feature","id":"node/13112921133","properties":{"name":"Praça Dom José Pereira Alves","id":"node/13112921133","type":"Bicicletários"},"geometry":{"type":"Point","coordinates":[-34.925347,-8.049242]}},{"type":"Feature","id":"node/13112921134","properties":{"name":"Praça Batista da Silva","id":"node/13112921134","type":"Bicicletários"},"geometry":{"type":"Point","coordinates":[-34.908331,-8.04248]}},{"type":"Feature","id":"node/13112921135","properties":{"name":"Praça Gregório Bezerra","id":"node/13112921135","type":"Bicicletários"},"geometry":{"type":"Point","coordinates":[-34.915332,-8.044783]}},{"type":"Feature","id":"node/13112921136","properties":{"name":"Praça José da Mota Silveira","id":"node/13112921136","type":"Bicicletários"},"geometry":{"type":"Point","coordinates":[-34.903803,-8.056312]}},{"type":"Feature","id":"node/13112921137","properties":{"name":"Praça Domingos Giovanetti","id":"node/13112921137","type":"Bicicletários"},"geometry":{"type":"Point","coordinates":[-34.904332,-8.047389]}},{"type":"Feature","id":"node/13112921138","properties":{"name":"Praça Paulo Freire","id":"node/13112921138","type":"Bicicletários"},"geometry":{"type":"Point","coordinates":[-34.904993,-8.049865]}},{"type":"Feature","id":"node/13112921139","properties":{"name":"Estádio do Arruda","id":"node/13112921139","type":"Bicicletários"},"geometry":{"type":"Point","coordinates":[-34.892724,-8.026138]}},{"type":"Feature","id":"node/13112921140","properties":{"name":"Praça de Campo Grande","id":"node/13112921140","type":"Bicicletários"},"geometry":{"type":"Point","coordinates":[-34.877331,-8.032432]}},{"type":"Feature","id":"node/13112921141","properties":{"name":"Campo de Concentração de Treinamento de Futebol Internacional do Brasil","id":"node/13112921141","type":"Bicicletários"},"geometry":{"type":"Point","coordinates":[-34.922249,-8.010314]}},{"type":"Feature","id":"node/13112921142","properties":{"name":"Praça Augusto Rodrigues","id":"node/13112921142","type":"Bicicletários"},"geometry":{"type":"Point","coordinates":[-34.885128,-8.039258]}},{"type":"Feature","id":"node/13112921143","properties":{"name":"Quadra do Viaduto João Tude Melo","id":"node/13112921143","type":"Bicicletários"},"geometry":{"type":"Point","coordinates":[-34.910298,-8.037617]}},{"type":"Feature","id":"node/13112921144","properties":{"name":"Praça Dr. José Vilela 02","id":"node/13112921144","type":"Bicicletários"},"geometry":{"type":"Point","coordinates":[-34.911385,-8.034301]}},{"type":"Feature","id":"node/13112921145","properties":{"name":"Praça Dr. José Vilela 01","id":"node/13112921145","type":"Bicicletários"},"geometry":{"type":"Point","coordinates":[-34.911542,-8.034201]}},{"type":"Feature","id":"node/13112921146","properties":{"name":"Praça Maria José dos Santos","id":"node/13112921146","type":"Bicicletários"},"geometry":{"type":"Point","coordinates":[-34.88756,-8.01786]}},{"type":"Feature","id":"node/13112921147","properties":{"name":"Praça Newton Vaz","id":"node/13112921147","type":"Bicicletários"},"geometry":{"type":"Point","coordinates":[-34.893929,-8.025131]}},{"type":"Feature","id":"node/13112921148","properties":{"name":"Praça Maria da Conceição de Barros","id":"node/13112921148","type":"Bicicletários"},"geometry":{"type":"Point","coordinates":[-34.89415,-8.008204]}},{"type":"Feature","id":"node/13112921149","properties":{"name":"Escola Embaixador Gilberto Amado","id":"node/13112921149","type":"Bicicletários"},"geometry":{"type":"Point","coordinates":[-34.887709,-8.032715]}},{"type":"Feature","id":"node/13112921150","properties":{"name":"Praça de Apipucos","id":"node/13112921150","type":"Bicicletários"},"geometry":{"type":"Point","coordinates":[-34.93407,-8.021096]}},{"type":"Feature","id":"node/13112921151","properties":{"name":"Maternidade Professor Bandeira Filho","id":"node/13112921151","type":"Bicicletários"},"geometry":{"type":"Point","coordinates":[-34.886474,-8.031968]}},{"type":"Feature","id":"node/13112921152","properties":{"name":"Secretaria Executiva de Vigilência em Saúde SEVS","id":"node/13112921152","type":"Bicicletários"},"geometry":{"type":"Point","coordinates":[-34.887033,-8.051501]}},{"type":"Feature","id":"node/13112921153","properties":{"name":"Praça Josenildo Lins","id":"node/13112921153","type":"Bicicletários"},"geometry":{"type":"Point","coordinates":[-34.909362,-8.026665]}},{"type":"Feature","id":"node/13112921154","properties":{"name":"Praça Castro Alves","id":"node/13112921154","type":"Bicicletários"},"geometry":{"type":"Point","coordinates":[-34.887137,-8.039819]}},{"type":"Feature","id":"node/13112921155","properties":{"name":"Academia da Cidade Polo Torreão","id":"node/13112921155","type":"Bicicletários"},"geometry":{"type":"Point","coordinates":[-34.883142,-8.041221]}},{"type":"Feature","id":"node/13112921156","properties":{"name":"Praça de Vinte de Julho","id":"node/13112921156","type":"Bicicletários"},"geometry":{"type":"Point","coordinates":[-34.879121,-8.025585]}},{"type":"Feature","id":"node/13112921157","properties":{"name":"Campo Campina de Barreto","id":"node/13112921157","type":"Bicicletários"},"geometry":{"type":"Point","coordinates":[-34.881429,-8.016671]}},{"type":"Feature","id":"node/13112921158","properties":{"name":"USF Prof. Antônio Francisco Areias","id":"node/13112921158","type":"Bicicletários"},"geometry":{"type":"Point","coordinates":[-34.877107,-8.02185]}},{"type":"Feature","id":"node/13112921159","properties":{"name":"Praça Josélia","id":"node/13112921159","type":"Bicicletários"},"geometry":{"type":"Point","coordinates":[-34.926694,-8.00283]}},{"type":"Feature","id":"node/13112921160","properties":{"name":"Praça Desenhista Eulino Santos","id":"node/13112921160","type":"Bicicletários"},"geometry":{"type":"Point","coordinates":[-34.883099,-8.022786]}},{"type":"Feature","id":"node/13112921161","properties":{"name":"Calçada da Av. João de Barros","id":"node/13112921161","type":"Bicicletários"},"geometry":{"type":"Point","coordinates":[-34.891949,-8.038326]}},{"type":"Feature","id":"node/13112921162","properties":{"name":"Praça Deputado Fabio Correa","id":"node/13112921162","type":"Bicicletários"},"geometry":{"type":"Point","coordinates":[-34.906336,-8.022375]}},{"type":"Feature","id":"node/13112921163","properties":{"name":"Quadra do Vasco","id":"node/13112921163","type":"Bicicletários"},"geometry":{"type":"Point","coordinates":[-34.921227,-8.012574]}},{"type":"Feature","id":"node/13112921164","properties":{"name":"Praça do Monteiro","id":"node/13112921164","type":"Bicicletários"},"geometry":{"type":"Point","coordinates":[-34.928384,-8.027899]}},{"type":"Feature","id":"node/13112921165","properties":{"name":"Praça Jorn. Francisco Pessoa de Queiroz","id":"node/13112921165","type":"Bicicletários"},"geometry":{"type":"Point","coordinates":[-34.913993,-8.037022]}},{"type":"Feature","id":"node/13112921166","properties":{"name":"Praça Otávio de Freitas","id":"node/13112921166","type":"Bicicletários"},"geometry":{"type":"Point","coordinates":[-34.900583,-8.057962]}},{"type":"Feature","id":"node/13112921167","properties":{"name":"Mercado da Encruzilhada (Belém)","id":"node/13112921167","type":"Bicicletários"},"geometry":{"type":"Point","coordinates":[-34.892145,-8.036484]}},{"type":"Feature","id":"node/13112921168","properties":{"name":"Praça Marcelino Champagnat","id":"node/13112921168","type":"Bicicletários"},"geometry":{"type":"Point","coordinates":[-34.900547,-8.041828]}},{"type":"Feature","id":"node/13112921169","properties":{"name":"Praça Elvira de Souza","id":"node/13112921169","type":"Bicicletários"},"geometry":{"type":"Point","coordinates":[-34.901488,-8.043824]}},{"type":"Feature","id":"node/13112921170","properties":{"name":"Praça Flor de Santana","id":"node/13112921170","type":"Bicicletários"},"geometry":{"type":"Point","coordinates":[-34.917937,-8.038042]}},{"type":"Feature","id":"node/13112921171","properties":{"name":"Praça Everaldo Bidou Lambbe","id":"node/13112921171","type":"Bicicletários"},"geometry":{"type":"Point","coordinates":[-34.911113,-8.038094]}},{"type":"Feature","id":"node/13112921172","properties":{"name":"Praça Compositor Antônio Maria","id":"node/13112921172","type":"Bicicletários"},"geometry":{"type":"Point","coordinates":[-34.91385,-8.040173]}},{"type":"Feature","id":"node/13112921173","properties":{"name":"Praça Vagner Love","id":"node/13112921173","type":"Bicicletários"},"geometry":{"type":"Point","coordinates":[-34.922475,-8.037233]}},{"type":"Feature","id":"node/13112921174","properties":{"name":"Escola Municipal da Mangabeira","id":"node/13112921174","type":"Bicicletários"},"geometry":{"type":"Point","coordinates":[-34.900727,-8.02397]}},{"type":"Feature","id":"node/13112921175","properties":{"name":"Canteiro Central da Avenida José Américo","id":"node/13112921175","type":"Bicicletários"},"geometry":{"type":"Point","coordinates":[-34.931229,-8.010048]}},{"type":"Feature","id":"node/13112921176","properties":{"name":"Praça Sr. Bartolomeu","id":"node/13112921176","type":"Bicicletários"},"geometry":{"type":"Point","coordinates":[-34.932825,-8.0178]}},{"type":"Feature","id":"node/13112921177","properties":{"name":"Centro de Saúde Dr. Luiz Wilson","id":"node/13112921177","type":"Bicicletários"},"geometry":{"type":"Point","coordinates":[-34.904211,-8.021005]}},{"type":"Feature","id":"node/13112921178","properties":{"name":"Largo Bomba do Hemetério","id":"node/13112921178","type":"Bicicletários"},"geometry":{"type":"Point","coordinates":[-34.903306,-8.020276]}},{"type":"Feature","id":"node/13112921179","properties":{"name":"Mercado da Encruzilhada","id":"node/13112921179","type":"Bicicletários"},"geometry":{"type":"Point","coordinates":[-34.892381,-8.036496]}},{"type":"Feature","id":"node/13112921180","properties":{"name":"Praça Marcos Bocoiô","id":"node/13112921180","type":"Bicicletários"},"geometry":{"type":"Point","coordinates":[-34.90648,-8.029259]}},{"type":"Feature","id":"node/13112921181","properties":{"name":"Praça Amaro Albino Pimentel","id":"node/13112921181","type":"Bicicletários"},"geometry":{"type":"Point","coordinates":[-34.897958,-8.030074]}},{"type":"Feature","id":"node/13112921182","properties":{"name":"Praça na Rua Alice Tibiriçá","id":"node/13112921182","type":"Bicicletários"},"geometry":{"type":"Point","coordinates":[-34.882671,-8.009851]}},{"type":"Feature","id":"node/13112921183","properties":{"name":"Praça André Antunes","id":"node/13112921183","type":"Bicicletários"},"geometry":{"type":"Point","coordinates":[-34.883045,-8.012874]}},{"type":"Feature","id":"node/13112921184","properties":{"name":"Praça USF Irmã Terezinha","id":"node/13112921184","type":"Bicicletários"},"geometry":{"type":"Point","coordinates":[-34.877927,-8.020391]}},{"type":"Feature","id":"node/13112921185","properties":{"name":"Praça do Fundão","id":"node/13112921185","type":"Bicicletários"},"geometry":{"type":"Point","coordinates":[-34.889461,-8.014039]}},{"type":"Feature","id":"node/13112921186","properties":{"name":"Escola Estadual Prof. José dos Anjos","id":"node/13112921186","type":"Bicicletários"},"geometry":{"type":"Point","coordinates":[-34.916663,-7.989077]}},{"type":"Feature","id":"node/13112921187","properties":{"name":"USF/ Praça Alto do Capitão","id":"node/13112921187","type":"Bicicletários"},"geometry":{"type":"Point","coordinates":[-34.913872,-7.999824]}},{"type":"Feature","id":"node/13112921188","properties":{"name":"Praça Canavial","id":"node/13112921188","type":"Bicicletários"},"geometry":{"type":"Point","coordinates":[-34.901627,-8.000872]}},{"type":"Feature","id":"node/13112921189","properties":{"name":"Praça Paulo Bernardo","id":"node/13112921189","type":"Bicicletários"},"geometry":{"type":"Point","coordinates":[-34.898421,-8.032335]}},{"type":"Feature","id":"node/13112921190","properties":{"name":"Praça Ulisses Leon de Oliveira","id":"node/13112921190","type":"Bicicletários"},"geometry":{"type":"Point","coordinates":[-34.8894026,-8.0292462]}},{"type":"Feature","id":"node/13112921191","properties":{"name":"Praça da rotatória","id":"node/13112921191","type":"Bicicletários"},"geometry":{"type":"Point","coordinates":[-34.887623,-8.028423]}},{"type":"Feature","id":"node/13112921192","properties":{"name":"Praça Sargento Pincel","id":"node/13112921192","type":"Bicicletários"},"geometry":{"type":"Point","coordinates":[-34.876334,-8.025006]}},{"type":"Feature","id":"node/13112921193","properties":{"name":"Praça do Lindomar","id":"node/13112921193","type":"Bicicletários"},"geometry":{"type":"Point","coordinates":[-34.876512,-8.025546]}},{"type":"Feature","id":"node/13112921194","properties":{"name":"Praça Dalceu","id":"node/13112921194","type":"Bicicletários"},"geometry":{"type":"Point","coordinates":[-34.881685,-8.024248]}},{"type":"Feature","id":"node/13112921195","properties":{"name":"Praça Márcio Condonga","id":"node/13112921195","type":"Bicicletários"},"geometry":{"type":"Point","coordinates":[-34.887708,-8.049551]}},{"type":"Feature","id":"node/13112921196","properties":{"name":"Canteiro Central da Rua Othon Paraíso","id":"node/13112921196","type":"Bicicletários"},"geometry":{"type":"Point","coordinates":[-34.88346,-8.039759]}},{"type":"Feature","id":"node/13112921197","properties":{"name":"Montreal","id":"node/13112921197","type":"Bicicletários"},"geometry":{"type":"Point","coordinates":[-34.877434,-8.055833]}},{"type":"Feature","id":"node/13112921198","properties":{"name":"Restaurante Ôge","id":"node/13112921198","type":"Bicicletários"},"geometry":{"type":"Point","coordinates":[-34.880989,-8.060789]}},{"type":"Feature","id":"node/13112921199","properties":{"name":"Parque de Esculturas","id":"node/13112921199","type":"Bicicletários"},"geometry":{"type":"Point","coordinates":[-34.870118,-8.066052]}},{"type":"Feature","id":"node/13112921200","properties":{"name":"Canteiro Central da Rua Othon Paraíso","id":"node/13112921200","type":"Bicicletários"},"geometry":{"type":"Point","coordinates":[-34.883362,-8.0405]}},{"type":"Feature","id":"node/13112921201","properties":{"name":"Le Parc 2","id":"node/13112921201","type":"Bicicletários"},"geometry":{"type":"Point","coordinates":[-34.9044502,-8.109552]}},{"type":"Feature","id":"node/13112921202","properties":{"name":"Praça em frente a COMPESA","id":"node/13112921202","type":"Bicicletários"},"geometry":{"type":"Point","coordinates":[-34.892814,-8.07969]}},{"type":"Feature","id":"node/13112921203","properties":{"name":"Praça de Joana Bezerra","id":"node/13112921203","type":"Bicicletários"},"geometry":{"type":"Point","coordinates":[-34.896521,-8.070371]}},{"type":"Feature","id":"node/13112921204","properties":{"name":"Pontilhão da Paissandu","id":"node/13112921204","type":"Bicicletários"},"geometry":{"type":"Point","coordinates":[-34.897482,-8.062248]}},{"type":"Feature","id":"node/13112921205","properties":{"name":"Praça do Derby","id":"node/13112921205","type":"Bicicletários"},"geometry":{"type":"Point","coordinates":[-34.898268,-8.056429]}},{"type":"Feature","id":"node/13112921206","properties":{"name":"Catamaran","id":"node/13112921206","type":"Bicicletários"},"geometry":{"type":"Point","coordinates":[-34.880251,-8.072869]}},{"type":"Feature","id":"node/13112921207","properties":{"name":"Le Parc","id":"node/13112921207","type":"Bicicletários"},"geometry":{"type":"Point","coordinates":[-34.9037635,-8.1111506]}},{"type":"Feature","id":"node/13112921208","properties":{"name":"Rua da Carioca","id":"node/13112921208","type":"Bicicletários"},"geometry":{"type":"Point","coordinates":[-34.876891,-8.067243]}},{"type":"Feature","id":"node/13112921209","properties":{"name":"Forte das Cinco Pontas","id":"node/13112921209","type":"Bicicletários"},"geometry":{"type":"Point","coordinates":[-34.880826,-8.071375]}},{"type":"Feature","id":"node/13112921210","properties":{"name":"Praça dos Guerreiros","id":"node/13112921210","type":"Bicicletários"},"geometry":{"type":"Point","coordinates":[-34.950094,-8.115151]}},{"type":"Feature","id":"node/13112921211","properties":{"name":"Praça da UR5","id":"node/13112921211","type":"Bicicletários"},"geometry":{"type":"Point","coordinates":[-34.947362,-8.130905]}},{"type":"Feature","id":"node/13112921212","properties":{"name":"Campo Armador Antônio Moreno","id":"node/13112921212","type":"Bicicletários"},"geometry":{"type":"Point","coordinates":[-34.886124,-8.042649]}},{"type":"Feature","id":"node/13112921213","properties":{"name":"Capitão","id":"node/13112921213","type":"Bicicletários"},"geometry":{"type":"Point","coordinates":[-34.877948,-8.054155]}},{"type":"Feature","id":"node/13112921214","properties":{"name":"Museu Forte do Brum","id":"node/13112921214","type":"Bicicletários"},"geometry":{"type":"Point","coordinates":[-34.870974,-8.053399]}},{"type":"Feature","id":"node/13112921215","properties":{"name":"Bacurau - Galo","id":"node/13112921215","type":"Bicicletários"},"geometry":{"type":"Point","coordinates":[-34.877703,-8.054352]}},{"type":"Feature","id":"node/13112921216","properties":{"name":"Rua da Palma","id":"node/13112921216","type":"Bicicletários"},"geometry":{"type":"Point","coordinates":[-34.880844,-8.065571]}},{"type":"Feature","id":"node/13112921217","properties":{"name":"Igreja de Nossa Senhora das Fronteiras","id":"node/13112921217","type":"Bicicletários"},"geometry":{"type":"Point","coordinates":[-34.89641,-8.058486]}},{"type":"Feature","id":"node/13112921218","properties":{"name":"Rua Imperatriz Tereza Cristina (SECR)","id":"node/13112921218","type":"Bicicletários"},"geometry":{"type":"Point","coordinates":[-34.883058,-8.063276]}},{"type":"Feature","id":"node/13112921219","properties":{"name":"Quadra da Praça Joana Bezerra","id":"node/13112921219","type":"Bicicletários"},"geometry":{"type":"Point","coordinates":[-34.897201,-8.069119]}},{"type":"Feature","id":"node/13112921220","properties":{"name":"Praça na Rua Velha","id":"node/13112921220","type":"Bicicletários"},"geometry":{"type":"Point","coordinates":[-34.885324,-8.064536]}},{"type":"Feature","id":"node/13112921221","properties":{"name":"Praça na Rua Ibiporã","id":"node/13112921221","type":"Bicicletários"},"geometry":{"type":"Point","coordinates":[-34.899747,-8.072545]}},{"type":"Feature","id":"node/13112921222","properties":{"name":"Praça Jenner de Souza","id":"node/13112921222","type":"Bicicletários"},"geometry":{"type":"Point","coordinates":[-34.900287,-8.054847]}},{"type":"Feature","id":"node/13112921223","properties":{"name":"Praça Dom Bosco 02","id":"node/13112921223","type":"Bicicletários"},"geometry":{"type":"Point","coordinates":[-34.893497,-8.063156]}},{"type":"Feature","id":"node/13112921224","properties":{"name":"Praça Cássia Kiss de Lima","id":"node/13112921224","type":"Bicicletários"},"geometry":{"type":"Point","coordinates":[-34.900274,-8.07002]}},{"type":"Feature","id":"node/13112921225","properties":{"name":"Praça na Rua Epaminondas de Melo 02","id":"node/13112921225","type":"Bicicletários"},"geometry":{"type":"Point","coordinates":[-34.898203,-8.060148]}},{"type":"Feature","id":"node/13112921226","properties":{"name":"Escola Municipal Novo Mangue","id":"node/13112921226","type":"Bicicletários"},"geometry":{"type":"Point","coordinates":[-34.903516,-8.075248]}},{"type":"Feature","id":"node/13112921227","properties":{"name":"Rua dos Amores","id":"node/13112921227","type":"Bicicletários"},"geometry":{"type":"Point","coordinates":[-34.872742,-8.061931]}},{"type":"Feature","id":"node/13112921228","properties":{"name":"Rua do Bom Jesus","id":"node/13112921228","type":"Bicicletários"},"geometry":{"type":"Point","coordinates":[-34.871469,-8.062339]}},{"type":"Feature","id":"node/13112921229","properties":{"name":"Quadra de Futsal da Aurora","id":"node/13112921229","type":"Bicicletários"},"geometry":{"type":"Point","coordinates":[-34.876785,-8.054688]}},{"type":"Feature","id":"node/13112921230","properties":{"name":"Praça Aurora","id":"node/13112921230","type":"Bicicletários"},"geometry":{"type":"Point","coordinates":[-34.874193,-8.050858]}},{"type":"Feature","id":"node/13112921231","properties":{"name":"Quadra Kássio Rinaldo","id":"node/13112921231","type":"Bicicletários"},"geometry":{"type":"Point","coordinates":[-34.881934,-8.041654]}},{"type":"Feature","id":"node/13112921232","properties":{"name":"Praça Agamenon (Ilha do Joaneiro)","id":"node/13112921232","type":"Bicicletários"},"geometry":{"type":"Point","coordinates":[-34.881279,-8.04036]}},{"type":"Feature","id":"node/13112921233","properties":{"name":"Ministério do Trabalho e Emprego (MTE)","id":"node/13112921233","type":"Bicicletários"},"geometry":{"type":"Point","coordinates":[-34.88729,-8.043009]}},{"type":"Feature","id":"node/13112921234","properties":{"name":"Igreja de Nossa Sra do Rosário dos Pretos","id":"node/13112921234","type":"Bicicletários"},"geometry":{"type":"Point","coordinates":[-34.877865,-8.065145]}},{"type":"Feature","id":"node/13112921235","properties":{"name":"Igreja de São Gonçalo","id":"node/13112921235","type":"Bicicletários"},"geometry":{"type":"Point","coordinates":[-34.889557,-8.064563]}},{"type":"Feature","id":"node/13112921236","properties":{"name":"CEHAB","id":"node/13112921236","type":"Bicicletários"},"geometry":{"type":"Point","coordinates":[-34.879605,-8.038264]}},{"type":"Feature","id":"node/13112921237","properties":{"name":"Casa da Cultura","id":"node/13112921237","type":"Bicicletários"},"geometry":{"type":"Point","coordinates":[-34.882639,-8.066281]}},{"type":"Feature","id":"node/13112921238","properties":{"name":"Campo do Onze","id":"node/13112921238","type":"Bicicletários"},"geometry":{"type":"Point","coordinates":[-34.878633,-8.040533]}},{"type":"Feature","id":"node/13112921239","properties":{"name":"Agência Caixa (Rua Dr. Leopoldo Lins)","id":"node/13112921239","type":"Bicicletários"},"geometry":{"type":"Point","coordinates":[-34.89253,-8.048825]}},{"type":"Feature","id":"node/13112921240","properties":{"name":"Praça Otília","id":"node/13112921240","type":"Bicicletários"},"geometry":{"type":"Point","coordinates":[-34.893086,-8.049572]}},{"type":"Feature","id":"node/13112921241","properties":{"name":"Praça Numa Pompilho","id":"node/13112921241","type":"Bicicletários"},"geometry":{"type":"Point","coordinates":[-34.883053,-8.047908]}},{"type":"Feature","id":"node/13112921242","properties":{"name":"Praça do Campo Santo (UTEC)","id":"node/13112921242","type":"Bicicletários"},"geometry":{"type":"Point","coordinates":[-34.882972,-8.050882]}},{"type":"Feature","id":"node/13112921243","properties":{"name":"INSS (Rua dos Palmares)","id":"node/13112921243","type":"Bicicletários"},"geometry":{"type":"Point","coordinates":[-34.884051,-8.052544]}},{"type":"Feature","id":"node/13112921244","properties":{"name":"Rua João Fernandes Vieira","id":"node/13112921244","type":"Bicicletários"},"geometry":{"type":"Point","coordinates":[-34.890047,-8.056195]}},{"type":"Feature","id":"node/13112921245","properties":{"name":"Liceu/Nóbrega","id":"node/13112921245","type":"Bicicletários"},"geometry":{"type":"Point","coordinates":[-34.887995,-8.055856]}},{"type":"Feature","id":"node/13112921246","properties":{"name":"Rua Corredor do Bispo","id":"node/13112921246","type":"Bicicletários"},"geometry":{"type":"Point","coordinates":[-34.887004,-8.057618]}},{"type":"Feature","id":"node/13112921247","properties":{"name":"Rua Duque de Caxias","id":"node/13112921247","type":"Bicicletários"},"geometry":{"type":"Point","coordinates":[-34.877461,-8.064372]}},{"type":"Feature","id":"node/13112921248","properties":{"name":"Praça Nelson Ferreira","id":"node/13112921248","type":"Bicicletários"},"geometry":{"type":"Point","coordinates":[-34.882917,-8.052985]}},{"type":"Feature","id":"node/13112921249","properties":{"name":"Praça Sérgio Loreto","id":"node/13112921249","type":"Bicicletários"},"geometry":{"type":"Point","coordinates":[-34.884976,-8.072245]}},{"type":"Feature","id":"node/13112921250","properties":{"name":"ETE Almirante Soares Dutra","id":"node/13112921250","type":"Bicicletários"},"geometry":{"type":"Point","coordinates":[-34.875797,-8.047268]}},{"type":"Feature","id":"node/13112921251","properties":{"name":"Av. Dantas Barreto (Magno Equipamentos)","id":"node/13112921251","type":"Bicicletários"},"geometry":{"type":"Point","coordinates":[-34.882247,-8.070524]}},{"type":"Feature","id":"node/13112921252","properties":{"name":"Av. Dantas Barreto (Armarinho Mundial)","id":"node/13112921252","type":"Bicicletários"},"geometry":{"type":"Point","coordinates":[-34.881156,-8.069169]}},{"type":"Feature","id":"node/13112921253","properties":{"name":"Travessa do Arsenal da Guerra","id":"node/13112921253","type":"Bicicletários"},"geometry":{"type":"Point","coordinates":[-34.876882,-8.066582]}},{"type":"Feature","id":"node/13112921254","properties":{"name":"Teatro Santa Izabel","id":"node/13112921254","type":"Bicicletários"},"geometry":{"type":"Point","coordinates":[-34.878125,-8.060864]}},{"type":"Feature","id":"node/13112921255","properties":{"name":"Rua Sete de Setembro","id":"node/13112921255","type":"Bicicletários"},"geometry":{"type":"Point","coordinates":[-34.883783,-8.062773]}},{"type":"Feature","id":"node/13112921256","properties":{"name":"Rua Matias de Albuquerque","id":"node/13112921256","type":"Bicicletários"},"geometry":{"type":"Point","coordinates":[-34.878953,-8.063946]}},{"type":"Feature","id":"node/13112921257","properties":{"name":"Rua Imperatriz Tereza Cristina (UTEC)","id":"node/13112921257","type":"Bicicletários"},"geometry":{"type":"Point","coordinates":[-34.884272,-8.062917]}},{"type":"Feature","id":"node/13112921258","properties":{"name":"Cais do Sertão 02","id":"node/13112921258","type":"Bicicletários"},"geometry":{"type":"Point","coordinates":[-34.869912,-8.0597]}},{"type":"Feature","id":"node/13112921259","properties":{"name":"Praça Prof. Agamenon Magalhães","id":"node/13112921259","type":"Bicicletários"},"geometry":{"type":"Point","coordinates":[-34.882224,-8.04375]}},{"type":"Feature","id":"node/13112921260","properties":{"name":"Praça Onze de Junho","id":"node/13112921260","type":"Bicicletários"},"geometry":{"type":"Point","coordinates":[-34.874673,-8.044687]}},{"type":"Feature","id":"node/13112921261","properties":{"name":"Praça do Pilar","id":"node/13112921261","type":"Bicicletários"},"geometry":{"type":"Point","coordinates":[-34.869899,-8.056903]}},{"type":"Feature","id":"node/13112921262","properties":{"name":"Praça Ascenso Ferreira","id":"node/13112921262","type":"Bicicletários"},"geometry":{"type":"Point","coordinates":[-34.873707,-8.06248]}},{"type":"Feature","id":"node/13112921263","properties":{"name":"Praça Dezessete","id":"node/13112921263","type":"Bicicletários"},"geometry":{"type":"Point","coordinates":[-34.876884,-8.065236]}},{"type":"Feature","id":"node/13112921264","properties":{"name":"Praça 13 de Maio","id":"node/13112921264","type":"Bicicletários"},"geometry":{"type":"Point","coordinates":[-34.883036,-8.057172]}},{"type":"Feature","id":"node/13112921265","properties":{"name":"Mercado Público Santo Amaro","id":"node/13112921265","type":"Bicicletários"},"geometry":{"type":"Point","coordinates":[-34.876554,-8.046823]}},{"type":"Feature","id":"node/13112921266","properties":{"name":"Escola Sizenando Silveira","id":"node/13112921266","type":"Bicicletários"},"geometry":{"type":"Point","coordinates":[-34.881862,-8.054547]}},{"type":"Feature","id":"node/13112921267","properties":{"name":"DER","id":"node/13112921267","type":"Bicicletários"},"geometry":{"type":"Point","coordinates":[-34.875872,-8.045735]}},{"type":"Feature","id":"node/13112921268","properties":{"name":"Centro POP","id":"node/13112921268","type":"Bicicletários"},"geometry":{"type":"Point","coordinates":[-34.876503,-8.064019]}},{"type":"Feature","id":"node/13112921269","properties":{"name":"Praça VDC","id":"node/13112921269","type":"Bicicletários"},"geometry":{"type":"Point","coordinates":[-34.932366,-8.094894]}},{"type":"Feature","id":"node/13112921270","properties":{"name":"Praça do Sena","id":"node/13112921270","type":"Bicicletários"},"geometry":{"type":"Point","coordinates":[-34.933449,-8.095948]}},{"type":"Feature","id":"node/13112921271","properties":{"name":"Praça Ministro João Gonçalves de Souza","id":"node/13112921271","type":"Bicicletários"},"geometry":{"type":"Point","coordinates":[-34.943445,-8.047958]}},{"type":"Feature","id":"node/13112921272","properties":{"name":"Praça Bom Partor","id":"node/13112921272","type":"Bicicletários"},"geometry":{"type":"Point","coordinates":[-34.939783,-8.049256]}},{"type":"Feature","id":"node/13112921273","properties":{"name":"Praça Brasilit (Praça do Caxito - Várzea)","id":"node/13112921273","type":"Bicicletários"},"geometry":{"type":"Point","coordinates":[-34.950275,-8.04175]}},{"type":"Feature","id":"node/13112921274","properties":{"name":"Estação Santa Luzia","id":"node/13112921274","type":"Bicicletários"},"geometry":{"type":"Point","coordinates":[-34.929929,-8.084265]}},{"type":"Feature","id":"node/13112921275","properties":{"name":"Estação Ipiranga","id":"node/13112921275","type":"Bicicletários"},"geometry":{"type":"Point","coordinates":[-34.913458,-8.077304]}},{"type":"Feature","id":"node/13112921276","properties":{"name":"Estação Imbiribeira","id":"node/13112921276","type":"Bicicletários"},"geometry":{"type":"Point","coordinates":[-34.907617,-8.090517]}},{"type":"Feature","id":"node/13112921277","properties":{"name":"Praça Oswaldo Cruz","id":"node/13112921277","type":"Bicicletários"},"geometry":{"type":"Point","coordinates":[-34.891262,-8.05476]}},{"type":"Feature","id":"node/13112921278","properties":{"name":"Praça General Carlos Pinto (Tacaruna)","id":"node/13112921278","type":"Bicicletários"},"geometry":{"type":"Point","coordinates":[-34.871947,-8.039867]}},{"type":"Feature","id":"node/13112921279","properties":{"name":"Praça Souto Filho","id":"node/13112921279","type":"Bicicletários"},"geometry":{"type":"Point","coordinates":[-34.902955,-8.036143]}},{"type":"Feature","id":"node/13112921280","properties":{"name":"Praça Parque Amorim","id":"node/13112921280","type":"Bicicletários"},"geometry":{"type":"Point","coordinates":[-34.894945,-8.051925]}},{"type":"Feature","id":"node/13112921281","properties":{"name":"Vila do Vintém","id":"node/13112921281","type":"Bicicletários"},"geometry":{"type":"Point","coordinates":[-34.910353,-8.038023]}},{"type":"Feature","id":"node/13112921282","properties":{"name":"Creche Escola Dep. Alcides Teixeira","id":"node/13112921282","type":"Bicicletários"},"geometry":{"type":"Point","coordinates":[-34.882806,-8.043896]}},{"type":"Feature","id":"node/13112921283","properties":{"name":"Terminal Engenho do Meio","id":"node/13112921283","type":"Bicicletários"},"geometry":{"type":"Point","coordinates":[-34.945896,-8.058707]}},{"type":"Feature","id":"node/13112921284","properties":{"name":"Academia da Cidade Polo Heróis da Restauração","id":"node/13112921284","type":"Bicicletários"},"geometry":{"type":"Point","coordinates":[-34.935715,-8.097174]}},{"type":"Feature","id":"node/13112921285","properties":{"name":"SESC de Santo Amaro","id":"node/13112921285","type":"Bicicletários"},"geometry":{"type":"Point","coordinates":[-34.882671,-8.049417]}},{"type":"Feature","id":"node/13112921286","properties":{"name":"COMPAZ Dom Helder Câmara","id":"node/13112921286","type":"Bicicletários"},"geometry":{"type":"Point","coordinates":[-34.89552,-8.073515]}},{"type":"Feature","id":"node/13112921287","properties":{"name":"COMPAZ Dom Helder Câmara","id":"node/13112921287","type":"Bicicletários"},"geometry":{"type":"Point","coordinates":[-34.895386,-8.073605]}},{"type":"Feature","id":"node/13112921288","properties":{"name":"Academia da Cidade Polo Jordão","id":"node/13112921288","type":"Bicicletários"},"geometry":{"type":"Point","coordinates":[-34.936864,-8.136465]}},{"type":"Feature","id":"node/13112921289","properties":{"name":"Praça Jordão Alto","id":"node/13112921289","type":"Bicicletários"},"geometry":{"type":"Point","coordinates":[-34.941472,-8.134298]}},{"type":"Feature","id":"node/13112921290","properties":{"name":"Academia Recife - Polo praça da Várzea","id":"node/13112921290","type":"Bicicletários"},"geometry":{"type":"Point","coordinates":[-34.959592,-8.049448]}},{"type":"Feature","id":"node/13112921291","properties":{"name":"Praça Jacarezinho","id":"node/13112921291","type":"Bicicletários"},"geometry":{"type":"Point","coordinates":[-34.882935,-8.018425]}},{"type":"Feature","id":"node/13112921292","properties":{"name":"Prefeitura do Recife","id":"node/13112921292","type":"Bicicletários"},"geometry":{"type":"Point","coordinates":[-34.872014,-8.054396]}},{"type":"Feature","id":"node/13112921293","properties":{"name":"Praça Caxito (san martin)","id":"node/13112921293","type":"Bicicletários"},"geometry":{"type":"Point","coordinates":[-34.931499,-8.075173]}},{"type":"Feature","id":"node/13112921294","properties":{"name":"Orla de Brasília Teimosa 03","id":"node/13112921294","type":"Bicicletários"},"geometry":{"type":"Point","coordinates":[-34.878013,-8.0849]}},{"type":"Feature","id":"node/13112921295","properties":{"name":"Orla de Brasília Teimosa 02","id":"node/13112921295","type":"Bicicletários"},"geometry":{"type":"Point","coordinates":[-34.879131,-8.087805]}},{"type":"Feature","id":"node/13112921296","properties":{"name":"Orla de Brasília Teimosa 01","id":"node/13112921296","type":"Bicicletários"},"geometry":{"type":"Point","coordinates":[-34.877466,-8.082998]}},{"type":"Feature","id":"node/13112921297","properties":{"name":"Largo da Paz","id":"node/13112921297","type":"Bicicletários"},"geometry":{"type":"Point","coordinates":[-34.906305,-8.08061]}},{"type":"Feature","id":"node/13112921298","properties":{"name":"Praça Onildo Almeida","id":"node/13112921298","type":"Bicicletários"},"geometry":{"type":"Point","coordinates":[-34.879427,-8.018555]}},{"type":"Feature","id":"node/13112921299","properties":{"name":"Praça Capiba - Cajueiro","id":"node/13112921299","type":"Bicicletários"},"geometry":{"type":"Point","coordinates":[-34.885232,-8.008985]}},{"type":"Feature","id":"node/13112921300","properties":{"name":"Praça Mago Jefferson","id":"node/13112921300","type":"Bicicletários"},"geometry":{"type":"Point","coordinates":[-34.879546,-8.021061]}},{"type":"Feature","id":"node/13112921301","properties":{"name":"Praça do Sebo","id":"node/13112921301","type":"Bicicletários"},"geometry":{"type":"Point","coordinates":[-34.878815,-8.063005]}},{"type":"Feature","id":"node/13112921302","properties":{"name":"Rua do Livramento","id":"node/13112921302","type":"Bicicletários"},"geometry":{"type":"Point","coordinates":[-34.877726,-8.066597]}},{"type":"Feature","id":"node/13112921303","properties":{"name":"Academia da Cidade Polo Praça do Salgueiro","id":"node/13112921303","type":"Bicicletários"},"geometry":{"type":"Point","coordinates":[-34.938078,-8.042365]}},{"type":"Feature","id":"node/13112921304","properties":{"name":"PROCAPE","id":"node/13112921304","type":"Bicicletários"},"geometry":{"type":"Point","coordinates":[-34.887586,-8.049569]}},{"type":"Feature","id":"node/13112921305","properties":{"name":"Lagoa do Araçá","id":"node/13112921305","type":"Bicicletários"},"geometry":{"type":"Point","coordinates":[-34.916198,-8.092784]}},{"type":"Feature","id":"node/13112921306","properties":{"name":"Praça Jarbas Pernambucano","id":"node/13112921306","type":"Bicicletários"},"geometry":{"type":"Point","coordinates":[-34.883655,-8.011007]}},{"type":"Feature","id":"node/13112921307","properties":{"name":"Praça Santos Dumont","id":"node/13112921307","type":"Bicicletários"},"geometry":{"type":"Point","coordinates":[-34.894812,-8.030564]}},{"type":"Feature","id":"node/13112921308","properties":{"name":"Instituto Capibaribe","id":"node/13112921308","type":"Bicicletários"},"geometry":{"type":"Point","coordinates":[-34.901771,-8.050326]}},{"type":"Feature","id":"node/13112921309","properties":{"name":"Sítio da Trindade","id":"node/13112921309","type":"Bicicletários"},"geometry":{"type":"Point","coordinates":[-34.912128,-8.029036]}},{"type":"Feature","id":"node/13112921310","properties":{"name":"Largo Dom Luiz","id":"node/13112921310","type":"Bicicletários"},"geometry":{"type":"Point","coordinates":[-34.917293,-8.02077]}},{"type":"Feature","id":"node/13112921311","properties":{"name":"Academia da Cidade Polo Lavadeiras 02","id":"node/13112921311","type":"Bicicletários"},"geometry":{"type":"Point","coordinates":[-34.937115,-8.094025]}},{"type":"Feature","id":"node/13112921312","properties":{"name":"Academia Recife - Polo IPSEP","id":"node/13112921312","type":"Bicicletários"},"geometry":{"type":"Point","coordinates":[-34.918908,-8.116744]}},{"type":"Feature","id":"node/13112921313","properties":{"name":"Aurora 01","id":"node/13112921313","type":"Bicicletários"},"geometry":{"type":"Point","coordinates":[-34.879225,-8.05854]}},{"type":"Feature","id":"node/13112921314","properties":{"name":"Academia da Cidade Polo Vila Um Por Todos","id":"node/13112921314","type":"Bicicletários"},"geometry":{"type":"Point","coordinates":[-34.922394,-8.010338]}},{"type":"Feature","id":"node/13112921315","properties":{"name":"Campo do Quinze","id":"node/13112921315","type":"Bicicletários"},"geometry":{"type":"Point","coordinates":[-34.931329,-8.058297]}},{"type":"Feature","id":"node/13112921316","properties":{"name":"Parque Arraial Novo do Bom Jesus","id":"node/13112921316","type":"Bicicletários"},"geometry":{"type":"Point","coordinates":[-34.930798,-8.057218]}},{"type":"Feature","id":"node/13112921317","properties":{"name":"Creche Municipal Menino Jesus da Bomba Grande","id":"node/13112921317","type":"Bicicletários"},"geometry":{"type":"Point","coordinates":[-34.927898,-8.041813]}},{"type":"Feature","id":"node/13112921318","properties":{"name":"Academia da Cidade Polo Lagoa do Araçá","id":"node/13112921318","type":"Bicicletários"},"geometry":{"type":"Point","coordinates":[-34.913907,-8.096051]}},{"type":"Feature","id":"node/13112921319","properties":{"name":"Escola Municipal Engenheiro Umberto Gondim","id":"node/13112921319","type":"Bicicletários"},"geometry":{"type":"Point","coordinates":[-34.884016,-8.084774]}},{"type":"Feature","id":"node/13112921320","properties":{"name":"Colégio Apoio Recife","id":"node/13112921320","type":"Bicicletários"},"geometry":{"type":"Point","coordinates":[-34.913769,-8.029909]}},{"type":"Feature","id":"node/13112921321","properties":{"name":"Sudene / Lindolfo Color","id":"node/13112921321","type":"Bicicletários"},"geometry":{"type":"Point","coordinates":[-34.944924,-8.051418]}},{"type":"Feature","id":"node/13112921322","properties":{"name":"Academia da Cidade - Polo San Martin","id":"node/13112921322","type":"Bicicletários"},"geometry":{"type":"Point","coordinates":[-34.927623,-8.067027]}},{"type":"Feature","id":"node/13112921323","properties":{"name":"Joana Bezerra","id":"node/13112921323","type":"Bicicletários"},"geometry":{"type":"Point","coordinates":[-34.896131,-8.072979]}},{"type":"Feature","id":"node/13112921324","properties":{"name":"Morro da Conceição","id":"node/13112921324","type":"Bicicletários"},"geometry":{"type":"Point","coordinates":[-34.915053,-8.019519]}},{"type":"Feature","id":"node/13112921325","properties":{"name":"Encruzilhada / Av. Norte","id":"node/13112921325","type":"Bicicletários"},"geometry":{"type":"Point","coordinates":[-34.891961,-8.038346]}},{"type":"Feature","id":"node/13112921326","properties":{"name":"Frei Cassimiro 01","id":"node/13112921326","type":"Bicicletários"},"geometry":{"type":"Point","coordinates":[-34.881036,-8.04607]}},{"type":"Feature","id":"node/13112921327","properties":{"name":"Praça Melvin Jones","id":"node/13112921327","type":"Bicicletários"},"geometry":{"type":"Point","coordinates":[-34.907253,-8.032921]}},{"type":"Feature","id":"node/13112921328","properties":{"name":"Praça do Trabalho","id":"node/13112921328","type":"Bicicletários"},"geometry":{"type":"Point","coordinates":[-34.914533,-8.023179]}},{"type":"Feature","id":"node/13112921329","properties":{"name":"Praça de San Martin","id":"node/13112921329","type":"Bicicletários"},"geometry":{"type":"Point","coordinates":[-34.928756,-8.070869]}},{"type":"Feature","id":"node/13112921330","properties":{"name":"Praça Doutor Fernando Figueira","id":"node/13112921330","type":"Bicicletários"},"geometry":{"type":"Point","coordinates":[-34.893379,-8.065171]}},{"type":"Feature","id":"node/13112921331","properties":{"name":"Antônio Falcão","id":"node/13112921331","type":"Bicicletários"},"geometry":{"type":"Point","coordinates":[-34.892993,-8.116877]}},{"type":"Feature","id":"node/13112921332","properties":{"name":"Academia da Cidade Polo Praça do Poeta","id":"node/13112921332","type":"Bicicletários"},"geometry":{"type":"Point","coordinates":[-34.950311,-8.034472]}},{"type":"Feature","id":"node/13112921333","properties":{"name":"IFPE","id":"node/13112921333","type":"Bicicletários"},"geometry":{"type":"Point","coordinates":[-34.949389,-8.058693]}},{"type":"Feature","id":"node/13112921334","properties":{"name":"Academia Recife - Polo Engenho do Meio","id":"node/13112921334","type":"Bicicletários"},"geometry":{"type":"Point","coordinates":[-34.943379,-8.057911]}},{"type":"Feature","id":"node/13112921335","properties":{"name":"Geraldão","id":"node/13112921335","type":"Bicicletários"},"geometry":{"type":"Point","coordinates":[-34.912957,-8.116765]}},{"type":"Feature","id":"node/13112921336","properties":{"name":"Largo da Encruzilhada","id":"node/13112921336","type":"Bicicletários"},"geometry":{"type":"Point","coordinates":[-34.891521,-8.037412]}},{"type":"Feature","id":"node/13112921337","properties":{"name":"Academia Recife - Polo Lagoa do Araçá","id":"node/13112921337","type":"Bicicletários"},"geometry":{"type":"Point","coordinates":[-34.915446,-8.096438]}},{"type":"Feature","id":"node/13112921338","properties":{"name":"Academia da Cidade Polo Roda de Fogo","id":"node/13112921338","type":"Bicicletários"},"geometry":{"type":"Point","coordinates":[-34.937166,-8.057904]}},{"type":"Feature","id":"node/13112921339","properties":{"name":"Academia Recife - Polo Barro","id":"node/13112921339","type":"Bicicletários"},"geometry":{"type":"Point","coordinates":[-34.940371,-8.089444]}},{"type":"Feature","id":"node/13112921340","properties":{"name":"Praça do ABC 02","id":"node/13112921340","type":"Bicicletários"},"geometry":{"type":"Point","coordinates":[-34.918629,-8.073318]}},{"type":"Feature","id":"node/13112921341","properties":{"name":"Academia da Cidade - Polo Cajueiro","id":"node/13112921341","type":"Bicicletários"},"geometry":{"type":"Point","coordinates":[-34.883104,-8.013948]}},{"type":"Feature","id":"node/13112921342","properties":{"name":"Academia Recife - Polo Casa Amarela 02","id":"node/13112921342","type":"Bicicletários"},"geometry":{"type":"Point","coordinates":[-34.915835,-8.022155]}},{"type":"Feature","id":"node/13112921343","properties":{"name":"Academia Recife - Polo Água Fria","id":"node/13112921343","type":"Bicicletários"},"geometry":{"type":"Point","coordinates":[-34.888924,-8.009416]}},{"type":"Feature","id":"node/13112921344","properties":{"name":"Rua da Palma 02","id":"node/13112921344","type":"Bicicletários"},"geometry":{"type":"Point","coordinates":[-34.880346,-8.064066]}},{"type":"Feature","id":"node/13112921345","properties":{"name":"Academia Recife e da Cidade - Polo Coque","id":"node/13112921345","type":"Bicicletários"},"geometry":{"type":"Point","coordinates":[-34.897055,-8.069898]}},{"type":"Feature","id":"node/13112921346","properties":{"name":"Academia da Cidade - Polo Santo Amaro","id":"node/13112921346","type":"Bicicletários"},"geometry":{"type":"Point","coordinates":[-34.877564,-8.039529]}},{"type":"Feature","id":"node/13112921347","properties":{"name":"Academia Recife - Polo Santo Amaro","id":"node/13112921347","type":"Bicicletários"},"geometry":{"type":"Point","coordinates":[-34.888056,-8.044548]}},{"type":"Feature","id":"node/13112921348","properties":{"name":"USF Alto do Capitão/ Academia da Cidade 02","id":"node/13112921348","type":"Bicicletários"},"geometry":{"type":"Point","coordinates":[-34.914073,-7.999891]}},{"type":"Feature","id":"node/13112921349","properties":{"name":"Praça do Hipódromo/Academia Recife","id":"node/13112921349","type":"Bicicletários"},"geometry":{"type":"Point","coordinates":[-34.886958,-8.031969]}},{"type":"Feature","id":"node/13112921350","properties":{"name":"Pátio Santa Cruz","id":"node/13112921350","type":"Bicicletários"},"geometry":{"type":"Point","coordinates":[-34.887995,-8.062182]}},{"type":"Feature","id":"node/13112921351","properties":{"name":"Parque da Macaxeira","id":"node/13112921351","type":"Bicicletários"},"geometry":{"type":"Point","coordinates":[-34.932187,-8.016489]}},{"type":"Feature","id":"node/13112921352","properties":{"name":"Praça da Torre","id":"node/13112921352","type":"Bicicletários"},"geometry":{"type":"Point","coordinates":[-34.913747,-8.046486]}},{"type":"Feature","id":"node/13112921353","properties":{"name":"Canal do Cavouco 01","id":"node/13112921353","type":"Bicicletários"},"geometry":{"type":"Point","coordinates":[-34.931581,-8.04531]}},{"type":"Feature","id":"node/13112921354","properties":{"name":"Praça de Parnamirim","id":"node/13112921354","type":"Bicicletários"},"geometry":{"type":"Point","coordinates":[-34.910138,-8.033238]}},{"type":"Feature","id":"node/13112921355","properties":{"name":"UPE/Reitoria","id":"node/13112921355","type":"Bicicletários"},"geometry":{"type":"Point","coordinates":[-34.886373,-8.043641]}},{"type":"Feature","id":"node/13112921356","properties":{"name":"Teatro do Parque 02","id":"node/13112921356","type":"Bicicletários"},"geometry":{"type":"Point","coordinates":[-34.884729,-8.062083]}},{"type":"Feature","id":"node/13112921357","properties":{"name":"Avenida Guararapes 03 (Canteiro)","id":"node/13112921357","type":"Bicicletários"},"geometry":{"type":"Point","coordinates":[-34.880218,-8.06284]}},{"type":"Feature","id":"node/13112921358","properties":{"name":"Avenida Guararapes 02 (Correios)","id":"node/13112921358","type":"Bicicletários"},"geometry":{"type":"Point","coordinates":[-34.880231,-8.062696]}},{"type":"Feature","id":"node/13112921359","properties":{"name":"Upinha CHIÉ","id":"node/13112921359","type":"Bicicletários"},"geometry":{"type":"Point","coordinates":[-34.87419,-8.037299]}},{"type":"Feature","id":"node/13112921360","properties":{"name":"Soledade","id":"node/13112921360","type":"Bicicletários"},"geometry":{"type":"Point","coordinates":[-34.889887,-8.057979]}},{"type":"Feature","id":"node/13112921361","properties":{"name":"Praça do Derby","id":"node/13112921361","type":"Bicicletários"},"geometry":{"type":"Point","coordinates":[-34.899204,-8.055936]}},{"type":"Feature","id":"node/13112921362","properties":{"name":"Praça do Rosarinho","id":"node/13112921362","type":"Bicicletários"},"geometry":{"type":"Point","coordinates":[-34.896634,-8.03307]}},{"type":"Feature","id":"node/13112921363","properties":{"name":"Academia da Cidade de Campo Grande","id":"node/13112921363","type":"Bicicletários"},"geometry":{"type":"Point","coordinates":[-34.875846,-8.03779]}},{"type":"Feature","id":"node/13112921364","properties":{"name":"Praça do Engenho do Meio","id":"node/13112921364","type":"Bicicletários"},"geometry":{"type":"Point","coordinates":[-34.942139,-8.057373]}},{"type":"Feature","id":"node/13112921365","properties":{"name":"Praça de Jardim São Paulo 01","id":"node/13112921365","type":"Bicicletários"},"geometry":{"type":"Point","coordinates":[-34.938746,-8.081651]}},{"type":"Feature","id":"node/13112921366","properties":{"name":"EREM João Bezerra","id":"node/13112921366","type":"Bicicletários"},"geometry":{"type":"Point","coordinates":[-34.882871,-8.085991]}},{"type":"Feature","id":"node/13112921367","properties":{"name":"Redesenho - Rua das Oficinas","id":"node/13112921367","type":"Bicicletários"},"geometry":{"type":"Point","coordinates":[-34.884067,-8.084801]}},{"type":"Feature","id":"node/13112921368","properties":{"name":"Sede CTTU","id":"node/13112921368","type":"Bicicletários"},"geometry":{"type":"Point","coordinates":[-34.879766,-8.05152]}},{"type":"Feature","id":"node/13112921369","properties":{"name":"Parque 13 de Maio","id":"node/13112921369","type":"Bicicletários"},"geometry":{"type":"Point","coordinates":[-34.881962,-8.056721]}},{"type":"Feature","id":"node/13112921370","properties":{"name":"Cais do Imperador","id":"node/13112921370","type":"Bicicletários"},"geometry":{"type":"Point","coordinates":[-34.876178,-8.065162]}},{"type":"Feature","id":"node/13112921371","properties":{"name":"Fórum Desembargador Rodolfo Aureliano","id":"node/13112921371","type":"Bicicletários"},"geometry":{"type":"Point","coordinates":[-34.894387,-8.071099]}},{"type":"Feature","id":"node/13112921372","properties":{"name":"Centro Esportivo Santos Dumont","id":"node/13112921372","type":"Bicicletários"},"geometry":{"type":"Point","coordinates":[-34.908555,-8.131018]}},{"type":"Feature","id":"node/13112921373","properties":{"name":"COMPAZ Escritor Ariano Suassuna","id":"node/13112921373","type":"Bicicletários"},"geometry":{"type":"Point","coordinates":[-34.92586,-8.059966]}},{"type":"Feature","id":"node/13112921374","properties":{"name":"Rua da Aurora","id":"node/13112921374","type":"Bicicletários"},"geometry":{"type":"Point","coordinates":[-34.877185,-8.055309]}},{"type":"Feature","id":"node/13112921375","properties":{"name":"TI Getúlio Vargas 01","id":"node/13112921375","type":"Bicicletários"},"geometry":{"type":"Point","coordinates":[-34.921197,-8.050516]}},{"type":"Feature","id":"node/13112921376","properties":{"name":"Academia Recife - Praça do ABC","id":"node/13112921376","type":"Bicicletários"},"geometry":{"type":"Point","coordinates":[-34.91878,-8.07308]}},{"type":"Feature","id":"node/13112921377","properties":{"name":"Jardim Botânico do Recife","id":"node/13112921377","type":"Bicicletários"},"geometry":{"type":"Point","coordinates":[-34.966685,-8.076034]}},{"type":"Feature","id":"node/13112921378","properties":{"name":"Mercado da Encruzilhada","id":"node/13112921378","type":"Bicicletários"},"geometry":{"type":"Point","coordinates":[-34.892143,-8.037227]}},{"type":"Feature","id":"node/13112921379","properties":{"name":"Parque da Jaqueira","id":"node/13112921379","type":"Bicicletários"},"geometry":{"type":"Point","coordinates":[-34.90451,-8.036719]}},{"type":"Feature","id":"node/13112921380","properties":{"name":"Compaz Governador Eduardo Campos","id":"node/13112921380","type":"Bicicletários"},"geometry":{"type":"Point","coordinates":[-34.90274,-8.010439]}},{"type":"Feature","id":"node/13112921381","properties":{"name":"Praça Barão de Caiara","id":"node/13112921381","type":"Bicicletários"},"geometry":{"type":"Point","coordinates":[-34.911451,-8.03877]}},{"type":"Feature","id":"node/13112921382","properties":{"name":"Parque da Macaxeira","id":"node/13112921382","type":"Bicicletários"},"geometry":{"type":"Point","coordinates":[-34.9324,-8.015638]}},{"type":"Feature","id":"node/13112921383","properties":{"name":"ABRE","id":"node/13112921383","type":"Bicicletários"},"geometry":{"type":"Point","coordinates":[-34.892448,-8.056592]}},{"type":"Feature","id":"node/13112921384","properties":{"name":"Fafire","id":"node/13112921384","type":"Bicicletários"},"geometry":{"type":"Point","coordinates":[-34.889372,-8.05801]}},{"type":"Feature","id":"node/13112921385","properties":{"name":"Shopping Boa Vista","id":"node/13112921385","type":"Bicicletários"},"geometry":{"type":"Point","coordinates":[-34.887418,-8.059141]}},{"type":"Feature","id":"node/13112921386","properties":{"name":"Avenida Conde da Boa Vista","id":"node/13112921386","type":"Bicicletários"},"geometry":{"type":"Point","coordinates":[-34.882883,-8.061331]}},{"type":"Feature","id":"node/13112921387","properties":{"name":"Avenida Conde da Boa Vista","id":"node/13112921387","type":"Bicicletários"},"geometry":{"type":"Point","coordinates":[-34.881751,-8.061865]}},{"type":"Feature","id":"node/13112921388","properties":{"name":"Parque 13 de Maio","id":"node/13112921388","type":"Bicicletários"},"geometry":{"type":"Point","coordinates":[-34.882549,-8.056494]}},{"type":"Feature","id":"node/13112921389","properties":{"name":"Senai","id":"node/13112921389","type":"Bicicletários"},"geometry":{"type":"Point","coordinates":[-34.877902,-8.046954]}},{"type":"Feature","id":"node/13112921390","properties":{"name":"Mercado Madalena","id":"node/13112921390","type":"Bicicletários"},"geometry":{"type":"Point","coordinates":[-34.908875,-8.052561]}},{"type":"Feature","id":"node/13112921391","properties":{"name":"Rua Gen. José Semeão","id":"node/13112921391","type":"Bicicletários"},"geometry":{"type":"Point","coordinates":[-34.886579,-8.055233]}},{"type":"Feature","id":"node/13112921392","properties":{"name":"Paço Alfândega","id":"node/13112921392","type":"Bicicletários"},"geometry":{"type":"Point","coordinates":[-34.873615,-8.065165]}},{"type":"Feature","id":"node/13112921393","properties":{"name":"Parque Caiara","id":"node/13112921393","type":"Bicicletários"},"geometry":{"type":"Point","coordinates":[-34.928387,-8.03861]}},{"type":"Feature","id":"node/13112921394","properties":{"name":"Mercado do Cordeiro","id":"node/13112921394","type":"Bicicletários"},"geometry":{"type":"Point","coordinates":[-34.921254,-8.051709]}},{"type":"Feature","id":"node/13112921395","properties":{"name":"Mercado de Água Fria / Beberibe","id":"node/13112921395","type":"Bicicletários"},"geometry":{"type":"Point","coordinates":[-34.894536,-8.019887]}},{"type":"Feature","id":"node/13112921396","properties":{"id":"node/13112921396","type":"Bicicletários"},"geometry":{"type":"Point","coordinates":[-34.887297,-8.105262]}},{"type":"Feature","id":"node/13112921397","properties":{"name":"Orla do Pina - JCPM","id":"node/13112921397","type":"Bicicletários"},"geometry":{"type":"Point","coordinates":[-34.881748,-8.090842]}},{"type":"Feature","id":"node/13112921398","properties":{"name":"Parque Dona Lindú 01","id":"node/13112921398","type":"Bicicletários"},"geometry":{"type":"Point","coordinates":[-34.903987,-8.140958]}},{"type":"Feature","id":"node/13112921399","properties":{"name":"Rua da Palma","id":"node/13112921399","type":"Bicicletários"},"geometry":{"type":"Point","coordinates":[-34.880214,-8.063604]}},{"type":"Feature","id":"node/13112921400","properties":{"name":"Pátio do Carmo","id":"node/13112921400","type":"Bicicletários"},"geometry":{"type":"Point","coordinates":[-34.879381,-8.066437]}},{"type":"Feature","id":"node/13112921401","properties":{"name":"Praça Noel Rodrigues","id":"node/13112921401","type":"Bicicletários"},"geometry":{"type":"Point","coordinates":[-34.927322,-8.066792]}},{"type":"Feature","id":"node/13112921402","properties":{"name":"Praça da Convenção","id":"node/13112921402","type":"Bicicletários"},"geometry":{"type":"Point","coordinates":[-34.897725,-8.002664]}},{"type":"Feature","id":"node/13112921403","properties":{"name":"Mercado da Boa Vista","id":"node/13112921403","type":"Bicicletários"},"geometry":{"type":"Point","coordinates":[-34.888635,-8.063164]}},{"type":"Feature","id":"node/13112921404","properties":{"name":"Praça Mauriceia","id":"node/13112921404","type":"Bicicletários"},"geometry":{"type":"Point","coordinates":[-34.916501,-8.108098]}},{"type":"Feature","id":"node/13112921405","properties":{"name":"Mercado de Afogados","id":"node/13112921405","type":"Bicicletários"},"geometry":{"type":"Point","coordinates":[-34.906912,-8.078229]}},{"type":"Feature","id":"node/13112921406","properties":{"name":"Praça da Várzea","id":"node/13112921406","type":"Bicicletários"},"geometry":{"type":"Point","coordinates":[-34.959687,-8.048768]}},{"type":"Feature","id":"node/13112921407","properties":{"name":"Escola Municipal Arraial Novo do Bom Jesus","id":"node/13112921407","type":"Bicicletários"},"geometry":{"type":"Point","coordinates":[-34.931587,-8.058957]}},{"type":"Feature","id":"node/13112921408","properties":{"name":"Orla de Brasília Teimosa","id":"node/13112921408","type":"Bicicletários"},"geometry":{"type":"Point","coordinates":[-34.876762,-8.081022]}},{"type":"Feature","id":"node/13112921409","properties":{"name":"Avenida Beberibe","id":"node/13112921409","type":"Bicicletários"},"geometry":{"type":"Point","coordinates":[-34.894086,-8.019307]}},{"type":"Feature","id":"node/13112921410","properties":{"name":"Escola Waldemar de Oliveira","id":"node/13112921410","type":"Bicicletários"},"geometry":{"type":"Point","coordinates":[-34.880217,-8.054963]}},{"type":"Feature","id":"node/13112921411","properties":{"name":"Praça Eça de Queiroz","id":"node/13112921411","type":"Bicicletários"},"geometry":{"type":"Point","coordinates":[-34.90665,-8.050904]}},{"type":"Feature","id":"node/13112921412","properties":{"name":"Mercado da Madalena","id":"node/13112921412","type":"Bicicletários"},"geometry":{"type":"Point","coordinates":[-34.90885,-8.052375]}},{"type":"Feature","id":"node/13112921413","properties":{"name":"Largo de Casa Amarela","id":"node/13112921413","type":"Bicicletários"},"geometry":{"type":"Point","coordinates":[-34.918677,-8.026514]}},{"type":"Feature","id":"node/13112921414","properties":{"name":"Mercado de Casa Amarela","id":"node/13112921414","type":"Bicicletários"},"geometry":{"type":"Point","coordinates":[-34.917861,-8.026468]}},{"type":"Feature","id":"node/13112921415","properties":{"name":"Rua Dona Ana Xavier","id":"node/13112921415","type":"Bicicletários"},"geometry":{"type":"Point","coordinates":[-34.917574,-8.027073]}},{"type":"Feature","id":"node/13112921416","properties":{"name":"Mercado da Encruzilhada","id":"node/13112921416","type":"Bicicletários"},"geometry":{"type":"Point","coordinates":[-34.892384,-8.03739]}},{"type":"Feature","id":"node/13112921417","properties":{"name":"Igreja da Santa Cruz","id":"node/13112921417","type":"Bicicletários"},"geometry":{"type":"Point","coordinates":[-34.888082,-8.062322]}},{"type":"Feature","id":"node/13112921418","properties":{"name":"Cinema São Luiz","id":"node/13112921418","type":"Bicicletários"},"geometry":{"type":"Point","coordinates":[-34.882042,-8.06229]}},{"type":"Feature","id":"node/13112921419","properties":{"name":"Parque Treze de Maio","id":"node/13112921419","type":"Bicicletários"},"geometry":{"type":"Point","coordinates":[-34.881081,-8.058568]}},{"type":"Feature","id":"node/13112921420","properties":{"name":"Praça Visconde de Mauá","id":"node/13112921420","type":"Bicicletários"},"geometry":{"type":"Point","coordinates":[-34.878239,-8.056185]}},{"type":"Feature","id":"node/13112921421","properties":{"name":"Praça Visconde de Mauá","id":"node/13112921421","type":"Bicicletários"},"geometry":{"type":"Point","coordinates":[-34.882865,-8.066729]}},{"type":"Feature","id":"node/13112921422","properties":{"name":"Praça Joaquim Nabuco","id":"node/13112921422","type":"Bicicletários"},"geometry":{"type":"Point","coordinates":[-34.881357,-8.064471]}},{"type":"Feature","id":"node/13112921423","properties":{"name":"Praça da Independência","id":"node/13112921423","type":"Bicicletários"},"geometry":{"type":"Point","coordinates":[-34.878392,-8.064233]}},{"type":"Feature","id":"node/13112921424","properties":{"name":"Avenida Rio Branco","id":"node/13112921424","type":"Bicicletários"},"geometry":{"type":"Point","coordinates":[-34.872747,-8.062669]}},{"type":"Feature","id":"node/13245847140","properties":{"name":"Terminal Santa Luzia","id":"node/13245847140","type":"Bicicletários"},"geometry":{"type":"Point","coordinates":[-34.9302253,-8.0840623]}}]}