id,osm_id,osm_type,coordinates,name,description,amenity,bicycle_parking,capacity,access,covered,fee,supervised,lit,operator,operator_type,building,level,surface,addr_city,addr_street,addr_housenumber,addr_suburb,addr_postcode,opening_hours,payment_none,ref,source,source_date,wikidata,wikipedia,created_at,updated_at
1,relation/7894456,relation,POINT(-51.1999541 -30.0266244),Parque Moinhos de Vento,,bicycle_parking,stands,,yes,,,,,,,,,gravel,,,,,,,,,,,Q6894667,pt:Parque Moinhos de Vento,2026-07-02T22:07:42.050Z,2026-07-02T22:07:42.050Z
2,relation/8440034,relation,POINT(-51.2406779 -30.0339167),,Paraciclos da Braskem,bicycle_parking,stands,10,customers,yes,no,yes,yes,Usina do Gasômetro,,,,,,,,,,Tu-Fr 09:00-21:00; Sa-Su 10:00-21:00,,,,,,,2026-07-02T22:07:42.050Z,2026-07-02T22:07:42.050Z
3,relation/12140313,relation,POINT(-68.7460645 -11.0130501),,,bicycle_parking,stands,15,,,,,,,,,,,,,,,,,,,,,,,2026-07-02T22:07:42.050Z,2026-07-02T22:07:42.050Z
4,relation/12140314,relation,POINT(-68.7460231 -11.0127751),,,bicycle_parking,stands,15,,,,,,,,,,,,,,,,,,,,,,,2026-07-02T22:07:42.050Z,2026-07-02T22:07:42.050Z
5,relation/12463578,relation,POINT(-48.1071819 -15.8305624),,,bicycle_parking,stands,100,,,,,,,,,,,,,,,,,,,,,,,2026-07-02T22:07:42.050Z,2026-07-02T22:07:42.050Z
6,way/27625194,way,POINT(-46.7606908 -1.049801),,,bicycle_parking,,,permissive,yes,,,,Universidade Federal do Pará,,,,paving_stones,,,,,,,,,survey,,,,2026-07-02T22:07:42.050Z,2026-07-02T22:07:42.050Z
7,way/119392588,way,POINT(-49.3102007 -16.7103135),Terminal Bandeiras,Terminal_de_ônibus,bus_station,yes,,,,,,,Redemob Consórcio,,,,,Goiânia,Avenida dos Alpes,,Jardim Europa,,,,,http://www.rmtcgoiania.com.br/terminais,,,,2026-07-02T22:07:42.050Z,2026-07-02T22:07:42.050Z
8,way/131439919,way,POINT(-43.1312451 -22.904834),,,bicycle_parking,,,,,,,,,,,,,,,,,,,,,,,,,2026-07-02T22:07:42.050Z,2026-07-02T22:07:42.050Z
9,way/138566122,way,POINT(-46.5033496 -23.4859843),Bicicletário Estação USP Leste,,bicycle_parking,building,270,yes,yes,no,yes,,CPTM,,yes,,,,,,,,Mo-Su 04:00-23:59,,,,,,,2026-07-02T22:07:42.050Z,2026-07-02T22:07:42.050Z
10,way/163500497,way,POINT(-46.6919467 -23.722394),Bicicletário Estação Primavera - Interlagos,,bicycle_parking,building,226,yes,yes,no,yes,,CPTM,,yes,,,,,,,,Mo-Su 04:00-23:59,,,,,,,2026-07-02T22:07:42.050Z,2026-07-02T22:07:42.050Z
11,way/187031254,way,POINT(-43.2664153 -22.8436858),Fórum Regional da Leopoldina,,courthouse,wall_hoops,12,,no,,,,,,yes,,,Rio de Janeiro,Rua Filomena Nunes,1071,Olaria,21021-380,Mo-Fr 08:00-18:00,,,Bing,,,,2026-07-02T22:07:42.050Z,2026-07-02T22:07:42.050Z
12,way/187473984,way,POINT(-52.6013107 -27.1387492),,,bicycle_parking,no,,private,,,,,,,,,concrete,,,,,,,,,,,,,2026-07-02T22:07:42.050Z,2026-07-02T22:07:42.050Z
13,way/202233343,way,POINT(-50.4425921 -21.1802737),,,bicycle_parking,wall_loops,,,,,,,,,,,,,,,,,,,,,,,,2026-07-02T22:07:42.050Z,2026-07-02T22:07:42.050Z
14,way/202665256,way,POINT(-46.644756 -23.4828219),Santana Parque Shopping,,bicycle_parking,rack,,,yes,,yes,yes,,,retail,,,,,,,,,,,,,,,2026-07-02T22:07:42.050Z,2026-07-02T22:07:42.050Z
15,node/208537789,node,POINT(-43.1760821 -22.9566949),,,bicycle_parking,,,,,,,,,,,,,,,,,,,,,survey,,,,2026-07-02T22:07:42.050Z,2026-07-02T22:07:42.050Z
16,way/241778154,way,POINT(-48.4704045 -27.6028692),,,bicycle_parking,building,,,yes,,,,,,yes,,,,,,,,,,,,,,,2026-07-02T22:07:42.050Z,2026-07-02T22:07:42.050Z
17,way/257316920,way,POINT(-46.5818748 -23.6329186),,,bicycle_parking,stands,15,,,,,,,,,,,,,,,,,,,,,,,2026-07-02T22:07:42.050Z,2026-07-02T22:07:42.050Z
18,way/261280236,way,POINT(-48.1911305 -21.8077251),,,bicycle_parking,wall_loops,,,,,,,,,,,,,,,,,,,,,,,,2026-07-02T22:07:42.050Z,2026-07-02T22:07:42.050Z
19,way/264549826,way,POINT(-47.9051547 -22.0224229),,,bicycle_parking,shed,,,yes,,,,,,roof,,,,,,,,,,,,,,,2026-07-02T22:07:42.050Z,2026-07-02T22:07:42.050Z
20,way/264549835,way,POINT(-47.9051608 -22.0223775),,,bicycle_parking,shed,,,yes,,,,,,roof,,,,,,,,,,,,,,,2026-07-02T22:07:42.050Z,2026-07-02T22:07:42.050Z
21,way/264985281,way,POINT(-48.8545196 -26.2527033),,,bicycle_parking,stands,15,,,no,,,,,,,,,,,,,,,,,,,,2026-07-02T22:07:42.050Z,2026-07-02T22:07:42.050Z
22,way/264985283,way,POINT(-48.8545232 -26.2526247),,,bicycle_parking,stands,18,,,no,,,,,,,,,,,,,,,,,,,,2026-07-02T22:07:42.050Z,2026-07-02T22:07:42.050Z
23,way/264985285,way,POINT(-48.8546738 -26.2535313),,,bicycle_parking,stands,21,,,no,,,,,,,,,,,,,,,,,,,,2026-07-02T22:07:42.050Z,2026-07-02T22:07:42.050Z
24,way/273209192,way,POINT(-41.6181385 -20.1511054),,,bicycle_parking,,20,,,,,,,,,,,,,,,,,,,,,,,2026-07-02T22:07:42.050Z,2026-07-02T22:07:42.050Z
25,way/280517267,way,POINT(-53.7169492 -29.7137967),,,bicycle_parking,stands,40,,no,,,,,,,,paving_stones,,,,,,,,,,,,,2026-07-02T22:07:42.050Z,2026-07-02T22:07:42.050Z
26,way/281068318,way,POINT(-48.85569 -26.2543547),,,bicycle_parking,stands,6,,,no,,,,,,,,,,,,,,,,,,,,2026-07-02T22:07:42.050Z,2026-07-02T22:07:42.050Z
27,way/284852099,way,POINT(-48.9051089 -24.1224407),Bicicletaria do João Carlos,,bicycle_parking,,,,,,,,,,,,,,,,,,,,,,,,,2026-07-02T22:07:42.050Z,2026-07-02T22:07:42.050Z
28,node/299617743,node,POINT(-43.2321213 -22.9792554),PUC-Rio,,bicycle_parking,stands,200,,yes,no,,,,,,,,,,,,,,,,,,,,2026-07-02T22:07:42.050Z,2026-07-02T22:07:42.050Z
29,way/303051460,way,POINT(-38.4721295 -12.9560311),Retiro,,bicycle_parking,stands,108,,yes,,,,,,yes,,,,,,,,,,,,,Q17631144,,2026-07-02T22:07:42.050Z,2026-07-02T22:07:42.050Z
30,way/325219437,way,POINT(-46.7733483 -23.6312533),Bicicletário Terminal Campo Limpo,,bicycle_parking,shed,64,yes,yes,no,yes,,Socicam,,yes,,,,,,,,,,,,,,,2026-07-02T22:07:42.050Z,2026-07-02T22:07:42.050Z
31,node/327410562,node,POINT(-43.1781648 -22.9356172),,,bicycle_parking,,5,,no,,,,,,,,,,,,,,,,,,,,,2026-07-02T22:07:42.050Z,2026-07-02T22:07:42.050Z
32,node/331631023,node,POINT(-43.1697711 -22.9549734),,,bicycle_parking,,15,,no,,,,,,,,,,,,,,,,,,,,,2026-07-02T22:07:42.050Z,2026-07-02T22:07:42.050Z
33,node/332238483,node,POINT(-43.1805903 -22.9648264),,,bicycle_parking,stands,10,,no,no,,,,,,,,,,,,,,,,survey,,,,2026-07-02T22:07:42.050Z,2026-07-02T22:07:42.050Z
34,way/334701632,way,POINT(-48.8138359 -26.2893365),,,bicycle_parking,,,,,,,,,,,,,,,,,,,,,,,,,2026-07-02T22:07:42.050Z,2026-07-02T22:07:42.050Z
35,node/338792635,node,POINT(-43.1769282 -22.957843),,,bicycle_parking,,,,yes,,,,,,,,,,,,,,,,,,,,,2026-07-02T22:07:42.050Z,2026-07-02T22:07:42.050Z
36,node/338798493,node,POINT(-43.1840564 -22.9478189),,,bicycle_parking,stands,10,,no,no,,,,,,,,,,,,,,,,,,,,2026-07-02T22:07:42.050Z,2026-07-02T22:07:42.050Z
37,way/344186902,way,POINT(-40.3215356 -20.3922363),,,bicycle_parking,stands,,,yes,no,,,,,,,,,,,,,,,,,,,,2026-07-02T22:07:42.050Z,2026-07-02T22:07:42.050Z
38,way/344566781,way,POINT(-40.3424368 -20.4385616),,,bicycle_parking,,,,,no,,,,,,,,,,,,,,,,,,,,2026-07-02T22:07:42.050Z,2026-07-02T22:07:42.050Z
39,way/353502636,way,POINT(-50.4371412 -22.6495343),,,bicycle_parking,,,,,,,,,,,,,,,,,,,,,,,,,2026-07-02T22:07:42.050Z,2026-07-02T22:07:42.050Z
40,node/365743387,node,POINT(-43.1694194 -22.9637971),,,bicycle_parking,stands,3,,no,,,,,,,,,,,,,,,,,Bing,,,,2026-07-02T22:07:42.050Z,2026-07-02T22:07:42.050Z
41,node/365743916,node,POINT(-43.1697464 -22.9639107),,,bicycle_parking,,3,,,,,,,,,,,,,,,,,,,Bing,,,,2026-07-02T22:07:42.050Z,2026-07-02T22:07:42.050Z
42,node/365744391,node,POINT(-43.1687596 -22.9635007),,,bicycle_parking,stands,6,,,,,,,,,,,,,,,,,,,Bing,,,,2026-07-02T22:07:42.050Z,2026-07-02T22:07:42.050Z
43,node/365744408,node,POINT(-43.1689038 -22.9635513),,,bicycle_parking,stands,6,,,,,,,,,,,,,,,,,,,Bing,,,,2026-07-02T22:07:42.050Z,2026-07-02T22:07:42.050Z
44,way/390223828,way,POINT(-46.4537701 -23.4858335),,,bicycle_parking,,,customers,no,,,,,,,,,,,,,,,,,,,,,2026-07-02T22:07:42.050Z,2026-07-02T22:07:42.050Z
45,way/393529645,way,POINT(-40.3167905 -20.3919128),,,bicycle_parking,wall_loops,,,no,,,,,,,,,,,,,,,,,,,,,2026-07-02T22:07:42.050Z,2026-07-02T22:07:42.050Z
46,node/412272173,node,POINT(-43.1815213 -22.9465323),,,bicycle_parking,rack,7,,no,no,,,,,,,,,,,,,,,,,,,,2026-07-02T22:07:42.050Z,2026-07-02T22:07:42.050Z
47,way/413622244,way,POINT(-44.2508505 -21.123694),,,bicycle_parking,,,,,,,,,,,,,,,,,,,,,,,,,2026-07-02T22:07:42.050Z,2026-07-02T22:07:42.050Z
48,way/413624758,way,POINT(-44.248559 -21.1042891),,,bicycle_parking,,,,,,,,,,,,,,,,,,,,,,,,,2026-07-02T22:07:42.050Z,2026-07-02T22:07:42.050Z
49,way/413624759,way,POINT(-44.2503588 -21.1042023),,,bicycle_parking,,,,,,,,,,,,,,,,,,,,,,,,,2026-07-02T22:07:42.050Z,2026-07-02T22:07:42.050Z
50,way/413624760,way,POINT(-44.2493371 -21.1054478),,,bicycle_parking,,,,,,,,,,,,,,,,,,,,,,,,,2026-07-02T22:07:42.050Z,2026-07-02T22:07:42.050Z
51,way/413624762,way,POINT(-44.2490236 -21.1054956),,,bicycle_parking,,,,,,,,,,,,,,,,,,,,,,,,,2026-07-02T22:07:42.050Z,2026-07-02T22:07:42.050Z
52,way/413630394,way,POINT(-44.2606779 -21.1398338),,,bicycle_parking,,,,,,,,,,,,,,,,,,,,,,,,,2026-07-02T22:07:42.050Z,2026-07-02T22:07:42.050Z
53,way/413717245,way,POINT(-44.2489291 -21.1046665),,,bicycle_parking,,,,,,,,,,,,,,,,,,,,,,,,,2026-07-02T22:07:42.050Z,2026-07-02T22:07:42.050Z
54,way/414695097,way,POINT(-44.2501178 -21.1033634),,,bicycle_parking,,,,,,,,,,,,,,,,,,,,,,,,,2026-07-02T22:07:42.050Z,2026-07-02T22:07:42.050Z
55,way/414700348,way,POINT(-44.2512291 -21.1217465),,,bicycle_parking,,,,,,,,,,,,,,,,,,,,,,,,,2026-07-02T22:07:42.050Z,2026-07-02T22:07:42.050Z
56,way/417260446,way,POINT(-44.2483294 -21.1045562),,,bicycle_parking,,,,,,,,,,,,,,,,,,,,,,,,,2026-07-02T22:07:42.050Z,2026-07-02T22:07:42.050Z
57,way/419118616,way,POINT(-44.2491733 -21.1040864),,,bicycle_parking,,,,,,,,,,,,,,,,,,,,,,,,,2026-07-02T22:07:42.050Z,2026-07-02T22:07:42.050Z
58,way/422126327,way,POINT(-46.7299922 -23.5583541),,,bicycle_parking,,,,,,,,,,roof,,,,,,,,,,,,,,,2026-07-02T22:07:42.050Z,2026-07-02T22:07:42.050Z
59,way/422943782,way,POINT(-46.7256585 -23.558205),,,bicycle_parking,,,,no,,,,,,,,,,,,,,,,,,,,,2026-07-02T22:07:42.050Z,2026-07-02T22:07:42.050Z
60,way/436182529,way,POINT(-40.2986564 -20.3556837),,,bicycle_parking,wall_loops,,private,yes,,yes,,,,,,,,,,,,,,,,,,,2026-07-02T22:07:42.050Z,2026-07-02T22:07:42.050Z
61,way/436182531,way,POINT(-40.2985797 -20.3533951),,,bicycle_parking,wall_loops,,private,yes,,yes,,,,,,,,,,,,,,,,,,,2026-07-02T22:07:42.050Z,2026-07-02T22:07:42.050Z
62,way/446759978,way,POINT(-45.449402 -22.4145074),Bicicletário,,bicycle_parking,,,,,,,,,,roof,,,,,,,,,,,Unifei,,,,2026-07-02T22:07:42.050Z,2026-07-02T22:07:42.050Z
63,way/450520926,way,POINT(-48.6545246 -26.9067266),Rua Félix Busso Asseburg,,bicycle_parking,wave,,,,,,,,,,,asphalt,,,,,,,,,,,,,2026-07-02T22:07:42.050Z,2026-07-02T22:07:42.050Z
64,node/454457637,node,POINT(-43.1778071 -22.9555492),,,bicycle_parking,,12,,no,,,,,,,,,,,,,,,,,,,,,2026-07-02T22:07:42.050Z,2026-07-02T22:07:42.050Z
65,way/458346362,way,POINT(-49.174493 -26.7439595),,,bicycle_parking,ground_slots,,yes,no,no,,,,,,,,,,,,,,,,,,,,2026-07-02T22:07:42.050Z,2026-07-02T22:07:42.050Z
66,way/462160204,way,POINT(-49.3202291 -20.5299137),,,bicycle_parking,ground_slots,,private,,,,,,,,,paved,,,,,,,,,,,,,2026-07-02T22:07:42.050Z,2026-07-02T22:07:42.050Z
67,way/466687595,way,POINT(-46.7084503 -23.5715292),Bicicletário Estação Butantã,,bicycle_parking,building,149,yes,yes,no,yes,,ViaQuatro,,yes,,,,,,,,Mo-Su 06:00-22:00,,,,,,,2026-07-02T22:07:42.050Z,2026-07-02T22:07:42.050Z
68,node/475996261,node,POINT(-43.1731429 -22.9071513),,,bicycle_parking,,30,,,no,,,,,,,,,,,,,,,,,,,,2026-07-02T22:07:42.050Z,2026-07-02T22:07:42.050Z
69,way/477155423,way,POINT(-49.176429 -26.7379987),,,bicycle_parking,wall_loops,10,yes,no,no,,,,,,,,,,,,,,,,,,,,2026-07-02T22:07:42.050Z,2026-07-02T22:07:42.050Z
70,way/477794069,way,POINT(-49.1744719 -26.7334134),,,bicycle_parking,wall_loops,7,yes,yes,no,,,Rede Top Supermercados,,,,,,,,,,,,,,,,,2026-07-02T22:07:42.050Z,2026-07-02T22:07:42.050Z
71,way/478460432,way,POINT(-49.1769954 -26.7312733),,,bicycle_parking,ground_slots,3,yes,no,no,,,Farmalan,,,,,,,,,,,,,,,,,2026-07-02T22:07:42.050Z,2026-07-02T22:07:42.050Z
72,way/478460433,way,POINT(-49.1771025 -26.7313547),,,bicycle_parking,ground_slots,,yes,no,no,,,Farmalan,,,,,,,,,,,,,,,,,2026-07-02T22:07:42.050Z,2026-07-02T22:07:42.050Z
73,way/483697220,way,POINT(-46.7018347 -23.5616032),,,bicycle_parking,anchors,20,private,,,,,,,,,,,,,,,,,,,,,,2026-07-02T22:07:42.050Z,2026-07-02T22:07:42.050Z
74,way/484571287,way,POINT(-34.8173764 -7.1621279),,,bicycle_parking,ground_slots,,,,,,,,,,,,,,,,,,,,,,,,2026-07-02T22:07:42.050Z,2026-07-02T22:07:42.050Z
75,way/485976590,way,POINT(-51.2273655 -30.0497775),,,bicycle_parking,wall_loops,47,customers,yes,no,yes,yes,Shopping Praia de Belas,,,,,,,,,,Su-Sa 07:00-22:00,,,,,,,2026-07-02T22:07:42.050Z,2026-07-02T22:07:42.050Z
76,way/485976591,way,POINT(-51.226776 -30.0496229),,,bicycle_parking,wall_loops,20,customers,yes,no,yes,yes,Shopping Praia de Belas,,,,,,,,,,Su-Sa 07:00-22:00,,,,,,,2026-07-02T22:07:42.050Z,2026-07-02T22:07:42.050Z
77,way/486129667,way,POINT(-51.2013892 -30.0238048),,,bicycle_parking,stands,11,customers,no,no,no,yes,Moinhos Shopping,,,,,,,,,,Mo-Sa 10:00-22:00; Su 11:00-20:00,,,,,,,2026-07-02T22:07:42.050Z,2026-07-02T22:07:42.050Z
78,way/486722089,way,POINT(-48.8723294 -26.2616958),,,bicycle_parking,,,private,yes,,,,Embraco,,roof,,,,,,,,,,,,,,,2026-07-02T22:07:42.050Z,2026-07-02T22:07:42.050Z
79,way/487730159,way,POINT(-51.2346191 -30.0307959),,Paraciclos da Braskem,bicycle_parking,stands,12,yes,no,no,no,yes,Casa de Cultura Mario Quintana,,,,,,,,,,24/7,,,,,,,2026-07-02T22:07:42.050Z,2026-07-02T22:07:42.050Z
80,way/488389907,way,POINT(-46.7324789 -23.5458675),,,bicycle_parking,,,,,,,,,,,,,,,,,,,,,,,,,2026-07-02T22:07:42.050Z,2026-07-02T22:07:42.050Z
81,way/493020012,way,POINT(-44.0363064 -22.5984656),,,bicycle_parking,,,,,,,,,,,,asphalt,,,,,,,,,,,,,2026-07-02T22:07:42.050Z,2026-07-02T22:07:42.050Z
82,way/496250362,way,POINT(-53.7164859 -29.7188919),,,bicycle_parking,,17,,,,,,,,,,,,,,,,,,,,,,,2026-07-02T22:07:42.050Z,2026-07-02T22:07:42.050Z
83,way/496540101,way,POINT(-38.5390256 -3.7400332),Bicicletário do Centro de Humanidades II,,bicycle_parking,stands,8,,,,,,Universidade Federal do Ceará,,,,,,,,,,,,,,,,,2026-07-02T22:07:42.050Z,2026-07-02T22:07:42.050Z
84,way/500455010,way,POINT(-46.7014312 -23.5647179),,,bicycle_parking,,,permissive,no,,,,,,,,,,,,,,,,,,,,,2026-07-02T22:07:42.050Z,2026-07-02T22:07:42.050Z
85,node/501404665,node,POINT(-35.1989803 -5.84244),,,bicycle_parking,,,yes,,,,,,,,,,,,,,,,,,,,,,2026-07-02T22:07:42.050Z,2026-07-02T22:07:42.050Z
86,way/503649076,way,POINT(-46.5134927 -18.5739411),,,bicycle_parking,,,,,,,,,,,,,,,,,,,,,,,,,2026-07-02T22:07:42.050Z,2026-07-02T22:07:42.050Z
87,way/503649117,way,POINT(-46.5136287 -18.5752807),,,bicycle_parking,,,,,,,,,,,,,,,,,,,,,,,,,2026-07-02T22:07:42.050Z,2026-07-02T22:07:42.050Z
88,way/508831574,way,POINT(-53.7177901 -29.7224771),,,bicycle_parking,wall_loops,17,,no,,,,,,,,,,,,,,,,,,,,,2026-07-02T22:07:42.050Z,2026-07-02T22:07:42.050Z
89,way/511205192,way,POINT(-53.7164554 -29.7147277),,,bicycle_parking,,10,yes,,,,,,,,,,,,,,,,,,survey,,,,2026-07-02T22:07:42.050Z,2026-07-02T22:07:42.050Z
90,way/511205195,way,POINT(-53.718108 -29.7208518),,,bicycle_parking,,20,yes,,,,,,,,,,,,,,,,,,survey,,,,2026-07-02T22:07:42.050Z,2026-07-02T22:07:42.050Z
91,way/515023206,way,POINT(-53.714532 -29.71745),,,bicycle_parking,,,,,,,,,,,,,,,,,,,,,,,,,2026-07-02T22:07:42.050Z,2026-07-02T22:07:42.050Z
92,way/515023207,way,POINT(-53.7147418 -29.7174809),,,bicycle_parking,,12,,,,,,,,,,,,,,,,,,,,,,,2026-07-02T22:07:42.050Z,2026-07-02T22:07:42.050Z
93,way/523905449,way,POINT(-43.2816701 -22.6280262),,,bicycle_parking,floor,,,,,,,,,,,,,,,,,,,,,,,,2026-07-02T22:07:42.050Z,2026-07-02T22:07:42.050Z
94,way/523905450,way,POINT(-43.2820174 -22.628046),,,bicycle_parking,floor,,,,,,,,,,,,,,,,,,,,,,,,2026-07-02T22:07:42.050Z,2026-07-02T22:07:42.050Z
95,node/527166756,node,POINT(-43.1843705 -22.9493785),,,bicycle_parking,stands,12,,no,,,,,,,,,,,,,,,,,,,,,2026-07-02T22:07:42.050Z,2026-07-02T22:07:42.050Z
96,way/527320340,way,POINT(-51.2382604 -30.0630528),,,bicycle_parking,wall_loops,5,customers,yes,no,yes,yes,Parque Gigante,,shed,,,,,,,,Tu-Su 09:00-18:00,,,,,,,2026-07-02T22:07:42.050Z,2026-07-02T22:07:42.050Z
97,node/527338791,node,POINT(-43.1884034 -22.9494454),,,bicycle_parking,stands,12,,no,no,,,,,,,,,,,,,,,,survey,,,,2026-07-02T22:07:42.050Z,2026-07-02T22:07:42.050Z
98,way/528273465,way,POINT(-51.1491177 -29.8233779),Bicicletário Municipal,,bicycle_parking,shed,150,yes,yes,no,yes,yes,Prefeitura,,yes,,,,Avenida Sapucaia,2091,,,Mo-Fr 05:00-23:55,,,,,,,2026-07-02T22:07:42.050Z,2026-07-02T22:07:42.050Z
99,way/528813731,way,POINT(-53.8314851 -29.7068885),,,bicycle_parking,stands,100,,no,yes,,,,,,,asphalt,,,,,,,,,,,,,2026-07-02T22:07:42.050Z,2026-07-02T22:07:42.050Z
100,way/532511164,way,POINT(-51.1826351 -29.9188764),,,bicycle_parking,stands,82,yes,no,no,no,no,Prefeitura,,,,,,,,,,24/7,,,,,,,2026-07-02T22:07:42.050Z,2026-07-02T22:07:42.050Z
101,node/533915669,node,POINT(-45.1196358 -22.740101),,,bicycle_parking,,,,,,,,,,,,,,,,,,,,,,,,,2026-07-02T22:07:42.062Z,2026-07-02T22:07:42.062Z
102,way/535689027,way,POINT(-46.7020999 -23.567092),Bicicletário Terminal Pinheiros,,bicycle_parking,shed,34,yes,yes,no,yes,,Socicam,,yes,,,,,,,,,,,,,,,2026-07-02T22:07:42.062Z,2026-07-02T22:07:42.062Z
103,way/535728001,way,POINT(-38.6136149 -3.8539269),,,bicycle_parking,,,,,,,,,,,,,,,,,,,,,,,,,2026-07-02T22:07:42.062Z,2026-07-02T22:07:42.062Z
104,way/540762601,way,POINT(-46.726199 -23.3299989),Bicicletário Estação Franco da Rocha,,bicycle_parking,building,180,yes,yes,no,yes,,CPTM,,yes,,,,,,,,Mo-Su 04:00-23:59,,,,,,,2026-07-02T22:07:42.062Z,2026-07-02T22:07:42.062Z
105,way/543219235,way,POINT(-45.8196535 -23.1686028),,,bicycle_parking,,,,,,,,,,industrial,,,,,,,,,,,,,,,2026-07-02T22:07:42.062Z,2026-07-02T22:07:42.062Z
106,way/544261922,way,POINT(-48.5078848 -27.5796947),Bicicletário Rústico,,bicycle_parking,ground_slots,,,no,,,,,,,,,,,,,,,,,,,,,2026-07-02T22:07:42.062Z,2026-07-02T22:07:42.062Z
107,way/544261923,way,POINT(-48.507979 -27.5796953),Bicicletário Rústico,,bicycle_parking,ground_slots,,,no,,,,,,,,,,,,,,,,,,,,,2026-07-02T22:07:42.062Z,2026-07-02T22:07:42.062Z
108,way/544521943,way,POINT(-38.5935821 -3.8070698),,,bicycle_parking,,,private,no,,,,,,,,,,,,,,,,,,,,,2026-07-02T22:07:42.062Z,2026-07-02T22:07:42.062Z
109,way/544775252,way,POINT(-49.0218882 -28.4792394),,,bicycle_parking,stands,,yes,yes,,,,,,,,,,,,,,,,,,,,,2026-07-02T22:07:42.062Z,2026-07-02T22:07:42.062Z
110,way/544848453,way,POINT(-49.0198717 -28.4816223),,,bicycle_parking,,,yes,yes,,,,,,,,,,,,,,,,,,,,,2026-07-02T22:07:42.062Z,2026-07-02T22:07:42.062Z
111,way/547385915,way,POINT(-43.2074041 -22.115108),,,bicycle_parking,,,,,,,,,,,,,,,,,,,,,,,,,2026-07-02T22:07:42.062Z,2026-07-02T22:07:42.062Z
112,way/548642905,way,POINT(-47.3103635 -22.7337945),,,bicycle_parking,,,,,,,,,,,,,,,,,,,,,,,,,2026-07-02T22:07:42.062Z,2026-07-02T22:07:42.062Z
113,way/552441134,way,POINT(-47.1845838 -1.1988499),,,bicycle_parking,,,,,,,,,,,,,,,,,,,,,,,,,2026-07-02T22:07:42.062Z,2026-07-02T22:07:42.062Z
114,way/561367248,way,POINT(-42.9440121 -21.1051329),,,bicycle_parking,,,private,yes,,,,,,,,,,,,,,,,,,,,,2026-07-02T22:07:42.062Z,2026-07-02T22:07:42.062Z
115,way/562107862,way,POINT(-42.9486532 -21.1076495),,,bicycle_parking,,,private,yes,,,,D.R.E,,,,,,,,,,,,,,,,,2026-07-02T22:07:42.062Z,2026-07-02T22:07:42.062Z
116,node/562181417,node,POINT(-43.1928253 -22.9762808),,,bicycle_parking,stands,12,yes,no,no,,,,,,,,,,,,,,,,survey,,,,2026-07-02T22:07:42.062Z,2026-07-02T22:07:42.062Z
117,way/565576212,way,POINT(-40.334668 -20.3563436),,,bicycle_parking,wall_loops,,,no,,yes,,,,,,,,,,,,,,,,,,,2026-07-02T22:07:42.062Z,2026-07-02T22:07:42.062Z
118,way/590859350,way,POINT(-46.6664889 -23.5626203),,,bicycle_parking,,6,yes,no,,,,,,,,,,,,,,,,,,,,,2026-07-02T22:07:42.062Z,2026-07-02T22:07:42.062Z
119,way/590871632,way,POINT(-54.0492688 -24.5576323),,,bicycle_parking,,,,,,,,,,,,,,,,,,,,,,,,,2026-07-02T22:07:42.062Z,2026-07-02T22:07:42.062Z
120,way/590871641,way,POINT(-54.0451678 -24.5679254),,,bicycle_parking,,,,,,,,,,,,,,,,,,,,,,,,,2026-07-02T22:07:42.062Z,2026-07-02T22:07:42.062Z
121,way/591104615,way,POINT(-54.1066623 -24.5591387),,,bicycle_parking,,,,yes,,,,,,,,,,,,,,,,,,,,,2026-07-02T22:07:42.062Z,2026-07-02T22:07:42.062Z
122,way/591448494,way,POINT(-58.3455613 -15.4668132),,,bicycle_parking,,,,,,,,,,,,,,,,,,,,,,,,,2026-07-02T22:07:42.062Z,2026-07-02T22:07:42.062Z
123,way/593151215,way,POINT(-42.5294425 -19.4776345),,,bicycle_parking,,,,,,,,,,,,,,,,,,,,,,,,,2026-07-02T22:07:42.062Z,2026-07-02T22:07:42.062Z
124,way/593860438,way,POINT(-50.1442353 -25.0592375),,,bicycle_parking,,,,no,,,,,,,,,,,,,,,,,,,,,2026-07-02T22:07:42.062Z,2026-07-02T22:07:42.062Z
125,way/594287323,way,POINT(-49.4935251 -28.9475788),,,bicycle_parking,ground_slots,,,,,,,,,,,,,,,,,,,,,,,,2026-07-02T22:07:42.062Z,2026-07-02T22:07:42.062Z
126,way/598430416,way,POINT(-49.1748647 -26.7331185),,,bicycle_parking,wall_loops,30,yes,yes,no,,,Rede Top Supermercados,,,,,,,,,,,,,,,,,2026-07-02T22:07:42.062Z,2026-07-02T22:07:42.062Z
127,node/605075791,node,POINT(-43.106232 -22.7546564),,,bicycle_parking,,,,,,,,,,,,,,,,,,,,,survey,,,,2026-07-02T22:07:42.062Z,2026-07-02T22:07:42.062Z
128,node/607513133,node,POINT(-43.1070561 -22.7624846),,,bicycle_parking,,,,,,,,,,,,,,,,,,,,,survey,,,,2026-07-02T22:07:42.062Z,2026-07-02T22:07:42.062Z
129,node/607513261,node,POINT(-43.1077534 -22.7613667),,,bicycle_parking,,,,,,,,,,,,,,,,,,,,,survey,,,,2026-07-02T22:07:42.062Z,2026-07-02T22:07:42.062Z
130,way/607698148,way,POINT(-38.3592297 -12.9223829),,,bicycle_parking,,,,yes,,,,CCR Metrô Bahia,,yes,,,,,,,,,,,,,,,2026-07-02T22:07:42.062Z,2026-07-02T22:07:42.062Z
131,way/607698149,way,POINT(-38.3793424 -12.9255268),,,bicycle_parking,,,,yes,,,,CCR Metrô Bahia,,,,,,,,,,,,,,,,,2026-07-02T22:07:42.062Z,2026-07-02T22:07:42.062Z
132,way/607698150,way,POINT(-38.3944365 -12.9342452),,,bicycle_parking,,,,yes,,,,CCR Metrô Bahia,,,,,,,,,,,,,,,,,2026-07-02T22:07:42.062Z,2026-07-02T22:07:42.062Z
133,way/607698154,way,POINT(-38.4301411 -12.9574537),,,bicycle_parking,,,,yes,,,,CCR Metrô Bahia,,yes,,,,,,,,,,,,,,,2026-07-02T22:07:42.062Z,2026-07-02T22:07:42.062Z
134,way/607698155,way,POINT(-38.4352587 -12.9636153),,,bicycle_parking,,,,yes,,,,CCR Metrô Bahia,,yes,,,,,,,,,,,,,,,2026-07-02T22:07:42.062Z,2026-07-02T22:07:42.062Z
135,way/607698156,way,POINT(-38.4707138 -12.9776574),,,bicycle_parking,,,,yes,,,,CCR Metrô Bahia,,,,,,,,,,,,,,,,,2026-07-02T22:07:42.062Z,2026-07-02T22:07:42.062Z
136,way/607698157,way,POINT(-38.4766085 -12.9700331),,,bicycle_parking,,108,,yes,,,,CCR Metrô Bahia,,yes,,,,,,,,,,,,,,,2026-07-02T22:07:42.062Z,2026-07-02T22:07:42.062Z
137,way/607698158,way,POINT(-38.4847119 -12.9845309),,,bicycle_parking,,,,yes,,,,CCR Metrô Bahia,,,,,,,,,,,,,,,,,2026-07-02T22:07:42.062Z,2026-07-02T22:07:42.062Z
138,way/607698159,way,POINT(-38.4700513 -12.9409696),,,bicycle_parking,stands,,,yes,,,,CCR Metrô Bahia,,,,,,,,,,,,,,,,,2026-07-02T22:07:42.062Z,2026-07-02T22:07:42.062Z
139,way/607698160,way,POINT(-38.4672095 -12.9251486),,,bicycle_parking,stands,,,yes,,,,CCR Metrô Bahia,,,,,,,,,,,,,,,,,2026-07-02T22:07:42.062Z,2026-07-02T22:07:42.062Z
140,way/607698161,way,POINT(-38.4726674 -12.9562222),,,bicycle_parking,stands,,,yes,,,,CCR Metrô Bahia,,,,,,,,,,,,,,,,,2026-07-02T22:07:42.062Z,2026-07-02T22:07:42.062Z
141,node/608717189,node,POINT(-43.1077339 -22.7622945),,,bicycle_parking,,12,,,,,,,,,,,,,,,,,,,,,,,2026-07-02T22:07:42.062Z,2026-07-02T22:07:42.062Z
142,node/608717193,node,POINT(-43.1074121 -22.7623737),,,bicycle_parking,,,,,,,,,,,,,,,,,,,,,survey,,,,2026-07-02T22:07:42.062Z,2026-07-02T22:07:42.062Z
143,node/608717198,node,POINT(-43.1076803 -22.7629673),,,bicycle_parking,,,,,,,,,,,,,,,,,,,,,survey,,,,2026-07-02T22:07:42.062Z,2026-07-02T22:07:42.062Z
144,way/609506547,way,POINT(-38.3422883 -12.9039015),,,bicycle_parking,stands,,,yes,,,,CCR - Metrô Bahia,,yes,,,,,,,,,,,,,,,2026-07-02T22:07:42.062Z,2026-07-02T22:07:42.062Z
145,node/612558195,node,POINT(-38.0889328 -12.6425606),,,bicycle_parking,,,,,,,,,,,,,,,,,,,,,,,,,2026-07-02T22:07:42.062Z,2026-07-02T22:07:42.062Z
146,node/614482631,node,POINT(-43.2914342 -22.9473536),,,bicycle_parking,,6,,,,,,,,,,,,,,,,,,,,,,,2026-07-02T22:07:42.062Z,2026-07-02T22:07:42.062Z
147,node/614496057,node,POINT(-43.1735775 -22.9034134),,,bicycle_parking,,6,,,,,,,,,,,,,,,,,,,GPS; survey,,,,2026-07-02T22:07:42.062Z,2026-07-02T22:07:42.062Z
148,node/614496447,node,POINT(-43.281176 -22.9557608),,,bicycle_parking,,,,,,,,,,,,,,,,,,,,,,,,,2026-07-02T22:07:42.062Z,2026-07-02T22:07:42.062Z
149,way/618097612,way,POINT(-52.1662756 -32.0751276),,,bicycle_parking,,,,,,,,,,,,,,,,,,,,,,,,,2026-07-02T22:07:42.062Z,2026-07-02T22:07:42.062Z
150,way/618117142,way,POINT(-43.3180418 -22.8399639),,,bicycle_parking,,,,,,,,,,,,,,,,,,,,,,,,,2026-07-02T22:07:42.062Z,2026-07-02T22:07:42.062Z
151,way/618678688,way,POINT(-46.7166215 -23.766907),Bicicletário Terminal Varginha,,bicycle_parking,shed,26,yes,yes,no,no,,Socicam,,yes,,,,,,,,24/7,,,,,,,2026-07-02T22:07:42.062Z,2026-07-02T22:07:42.062Z
152,way/623339450,way,POINT(-46.4755964 -23.5176094),Bicicletário Terminal AE Carvalho,,bicycle_parking,shed,42,yes,yes,no,no,,Socicam,,yes,,,,,,,,,,,,,,,2026-07-02T22:07:42.062Z,2026-07-02T22:07:42.062Z
153,way/624296747,way,POINT(-49.1790542 -26.7388995),,,bicycle_parking,wall_loops,28,yes,no,no,,,,,,,,,,,,,,,,,,,,2026-07-02T22:07:42.062Z,2026-07-02T22:07:42.062Z
154,way/624296750,way,POINT(-49.1744219 -26.7333029),,,bicycle_parking,wall_loops,,,,,,,,,,,,,,,,,,,,,,,,2026-07-02T22:07:42.062Z,2026-07-02T22:07:42.062Z
155,way/625764235,way,POINT(-34.9344691 -8.1683675),,,bicycle_parking,wall_loops,30,yes,yes,,,,,,,,,,,,,,,,,,,,,2026-07-02T22:07:42.062Z,2026-07-02T22:07:42.062Z
156,way/634985153,way,POINT(-43.9958319 -19.8568175),,,bicycle_parking,,,,,,,,,,,,,,,,,,,,,,,,,2026-07-02T22:07:42.062Z,2026-07-02T22:07:42.062Z
157,way/640678301,way,POINT(-49.1695405 -25.3503047),,,bicycle_parking,wall_loops,,customers,,no,no,,Terminal Guaraituba,,,,asphalt,,,,,,,,,,,,,2026-07-02T22:07:42.062Z,2026-07-02T22:07:42.062Z
158,way/663209176,way,POINT(-48.44447 -27.4304908),,,bicycle_parking,handlebar_holder,,yes,no,no,no,yes,Sapiens Parque,,,,paving_stones,,,,,,,,,,,,,2026-07-02T22:07:42.062Z,2026-07-02T22:07:42.062Z
159,way/664883313,way,POINT(-46.6961936 -23.7360626),Bicicletário Estação Grajaú,,bicycle_parking,building,178,yes,yes,no,yes,,Via Mobilidade,,yes,,,,,,,,Mo-Su 04:00-23:59,,,,,,,2026-07-02T22:07:42.062Z,2026-07-02T22:07:42.062Z
160,way/668678501,way,POINT(-46.8524671 -20.3441217),,,bicycle_parking,,,,,,,,,,,,,,,,,,,,,,,,,2026-07-02T22:07:42.062Z,2026-07-02T22:07:42.062Z
161,way/669118381,way,POINT(-48.4530173 -1.3548006),,,bicycle_parking,,,,,,,,,,,,,,,,,,,,,,,,,2026-07-02T22:07:42.062Z,2026-07-02T22:07:42.062Z
162,way/674239799,way,POINT(-49.1571749 -26.8557719),,,bicycle_parking,,,,,,,,,,,,,,,,,,,,,,,,,2026-07-02T22:07:42.062Z,2026-07-02T22:07:42.062Z
163,way/679925461,way,POINT(-44.2401103 -2.5153301),,,bicycle_parking,Bicicletário,,private,yes,no,,,,,,,,,,,,,,,,,,,,2026-07-02T22:07:42.062Z,2026-07-02T22:07:42.062Z
164,way/681462695,way,POINT(-47.36671 -22.7499796),,,bicycle_parking,pista_de_manobras,,,,,,,,,,,,,,,,,,,,,,,,2026-07-02T22:07:42.062Z,2026-07-02T22:07:42.062Z
165,way/681772917,way,POINT(-34.9813063 -8.0639838),,,bicycle_parking,,,yes,yes,,,,,,,,,,,,,,,,,,,,,2026-07-02T22:07:42.062Z,2026-07-02T22:07:42.062Z
166,way/682137699,way,POINT(-46.7268465 -23.4870444),Bicicletário Terminal Pirituba,,bicycle_parking,shed,156,yes,yes,no,yes,,Socicam,,yes,,,,,,,,,,,,,,,2026-07-02T22:07:42.062Z,2026-07-02T22:07:42.062Z
167,way/682148690,way,POINT(-43.3141362 -22.7055291),,,bicycle_parking,,10,yes,no,,,,,,,,,,,,,,,,,,,,,2026-07-02T22:07:42.062Z,2026-07-02T22:07:42.062Z
168,way/682193333,way,POINT(-46.9936029 -18.9628298),,,bicycle_parking,,,,,,,,,,,,,,,,,,,,,,,,,2026-07-02T22:07:42.062Z,2026-07-02T22:07:42.062Z
169,way/683026733,way,POINT(-46.3678563 -23.5406198),,,bicycle_parking,,,,,,,,,,,,,,,,,,,,,,,,,2026-07-02T22:07:42.062Z,2026-07-02T22:07:42.062Z
170,way/683217762,way,POINT(-46.409435 -23.9606366),,,bicycle_parking,building,,,yes,,,,,,yes,,,,,,,,,,,,,,,2026-07-02T22:07:42.062Z,2026-07-02T22:07:42.062Z
171,way/683750616,way,POINT(-44.4595489 -22.4503033),,,bicycle_parking,,,,,,,,,,,,,,,,,,,,,,,,,2026-07-02T22:07:42.062Z,2026-07-02T22:07:42.062Z
172,way/688401408,way,POINT(-49.069173 -22.3528333),,,bicycle_parking,,,,,,,,,,,,,,,,,,,,,,,,,2026-07-02T22:07:42.062Z,2026-07-02T22:07:42.062Z
173,way/690061920,way,POINT(-35.9660406 -8.2604703),,,bicycle_parking,,,,,,,,,,,,,,,,,,,,,,,,,2026-07-02T22:07:42.062Z,2026-07-02T22:07:42.062Z
174,way/697657607,way,POINT(-47.8403018 -24.4873952),,,bicycle_parking,,,,,,,,,,,,,,,,,,,,,,,,,2026-07-02T22:07:42.062Z,2026-07-02T22:07:42.062Z
175,way/698745615,way,POINT(-46.6946098 -23.6140303),Bicicletário Terminal Água Espraiada,,bicycle_parking,stands,32,yes,yes,no,no,yes,Socicam,,,,,,,,,,,,,,,,,2026-07-02T22:07:42.062Z,2026-07-02T22:07:42.062Z
176,way/698759080,way,POINT(-46.6824789 -23.6185706),Bicicletário Estação Campo Belo,,bicycle_parking,building,144,yes,yes,no,yes,,ViaMobilidade,,yes,,,,,,,,Mo-Su 06:00-22:00,,,,,,,2026-07-02T22:07:42.062Z,2026-07-02T22:07:42.062Z
177,way/699217995,way,POINT(-51.2030874 -23.2702947),,,bicycle_parking,shed,,,,,,,,,yes,,,,,,,,,,,,,,,2026-07-02T22:07:42.062Z,2026-07-02T22:07:42.062Z
178,way/704227866,way,POINT(-46.3076478 -23.5352219),Bicicletário Estação Suzano,,bicycle_parking,building,576,yes,yes,no,yes,,CPTM,,yes,,,,,,,,Mo-Su 04:00-23:59,,,,,,,2026-07-02T22:07:42.062Z,2026-07-02T22:07:42.062Z
179,way/704356614,way,POINT(-48.4228103 -25.6243001),,,bicycle_parking,stands,10,yes,no,no,,,,,,,,,,,,,,,,,,,,2026-07-02T22:07:42.062Z,2026-07-02T22:07:42.062Z
180,node/704889596,node,POINT(-43.1783754 -22.925174),,,bicycle_parking,,3,,,,,,,,,,,,,,,,,,,survey,,,,2026-07-02T22:07:42.062Z,2026-07-02T22:07:42.062Z
181,node/704889604,node,POINT(-43.1782252 -22.9251098),,,bicycle_parking,,1,,,,,,,,,,,,,,,,,,,survey,,,,2026-07-02T22:07:42.062Z,2026-07-02T22:07:42.062Z
182,node/704992190,node,POINT(-43.1758564 -22.9279405),,,bicycle_parking,,5,,,,,,,,,,,,,,,,,,,survey,,,,2026-07-02T22:07:42.062Z,2026-07-02T22:07:42.062Z
183,way/708149106,way,POINT(-46.6841144 -23.6948828),Acesso Principal Ciclovia Marginal Pinheiros,,bicycle_parking,,,,,,,,,,,,,,,,,,,,,,,,,2026-07-02T22:07:42.062Z,2026-07-02T22:07:42.062Z
184,way/712669948,way,POINT(-38.4199857 -12.9444975),,,bicycle_parking,,,,yes,no,,,CCR Metrô Bahia,,,,,,,,,,,,,,,,,2026-07-02T22:07:42.062Z,2026-07-02T22:07:42.062Z
185,way/713042093,way,POINT(-51.945366 -29.4486382),,,bicycle_parking,,,,,,,,,,,,,,,,,,,,,,,,,2026-07-02T22:07:42.062Z,2026-07-02T22:07:42.062Z
186,way/713042098,way,POINT(-51.9497373 -29.4468917),,,bicycle_parking,,,,,,,,,,,,,,,,,,,,,,,,,2026-07-02T22:07:42.062Z,2026-07-02T22:07:42.062Z
187,way/714148513,way,POINT(-51.9729571 -30.1251904),,,bicycle_parking,,,,,,,,,,,,,,,,,,,,,,,,,2026-07-02T22:07:42.062Z,2026-07-02T22:07:42.062Z
188,way/715945825,way,POINT(-46.5176175 -23.5305839),Bicicletário Estação Guilhermina Esperança,,bicycle_parking,building,155,yes,yes,,yes,,Metrô,,yes,,,,,,,,Mo-Su 06:00-22:00,,,,,,,2026-07-02T22:07:42.062Z,2026-07-02T22:07:42.062Z
189,way/718349148,way,POINT(-51.9437308 -29.4489091),,,bicycle_parking,,,,,,,,,,,,,,,,,,,,,,,,,2026-07-02T22:07:42.062Z,2026-07-02T22:07:42.062Z
190,node/724757320,node,POINT(-43.4481124 -22.8758141),,,bicycle_parking,,5,,,,,,,,,,,,,,,,,,,survey,,,,2026-07-02T22:07:42.062Z,2026-07-02T22:07:42.062Z
191,way/726593618,way,POINT(-38.5637881 -3.7764837),Bicicletário,,bicycle_parking,building,,yes,yes,no,,,,,,,,,,,,,,,,,,,,2026-07-02T22:07:42.062Z,2026-07-02T22:07:42.062Z
192,node/727632327,node,POINT(-43.1982123 -22.9560372),,,bicycle_parking,,8,,,,,,,,,,,,,,,,,,,survey,,,,2026-07-02T22:07:42.062Z,2026-07-02T22:07:42.062Z
193,way/730870939,way,POINT(-34.9505587 -8.0140088),,,bicycle_parking,,,,,,,,,,,,,,,,,,,,,,,,,2026-07-02T22:07:42.062Z,2026-07-02T22:07:42.062Z
194,way/733172196,way,POINT(-46.529066 -23.6515218),Bicicletário Terminal Metropolitano Santo André,Bicicletário da Estação Prefeito Celso Daniel - Santo André. Requer cadastro e apresentação de documentos. Visite o website para horários e detalhes.,bicycle_parking,building,334,yes,yes,no,yes,,EMTU,,yes,,,,,,,,Mo-Su 06:00-22:00,,,,,,,2026-07-02T22:07:42.062Z,2026-07-02T22:07:42.062Z
195,way/734028237,way,POINT(-46.4087069 -23.5832522),Bicicletário Terminal Cidade Tiradentes,,bicycle_parking,building,70,yes,yes,no,yes,,Tembici,,yes,,,,,,,,Mo-Su 04:00-23:59,,,,,,,2026-07-02T22:07:42.062Z,2026-07-02T22:07:42.062Z
196,way/737029358,way,POINT(-46.6370968 -23.5978587),Bicicletário Estação Santa Cruz,,bicycle_parking,building,80,yes,yes,no,yes,yes,ViaMobilidade,,yes,,,,,,,,Mo-Su 06:00-22:00,,,,,,,2026-07-02T22:07:42.062Z,2026-07-02T22:07:42.062Z
197,way/737473190,way,POINT(-38.2180221 -9.4378735),,,bicycle_parking,,,,,,,,,,,,,,,,,,,,,,,,,2026-07-02T22:07:42.062Z,2026-07-02T22:07:42.062Z
198,way/741276306,way,POINT(-47.1924391 -1.1850261),,,bicycle_parking,,,,,,,,,,,,,,,,,,,,,,,,,2026-07-02T22:07:42.062Z,2026-07-02T22:07:42.062Z
199,way/742691015,way,POINT(-40.311287 -20.3420442),,,bicycle_parking,,,,,,,,,,,,,,,,,,,,,,,,,2026-07-02T22:07:42.062Z,2026-07-02T22:07:42.062Z
200,way/748840005,way,POINT(-40.2588502 -20.2592777),,,bicycle_parking,,,yes,,no,,,,,,,paved,,,,,,,,,,,,,2026-07-02T22:07:42.062Z,2026-07-02T22:07:42.062Z
201,way/750798614,way,POINT(-60.7372966 2.8039994),,,bicycle_parking,stands,,,,,,,,,,,,,,,,,,,,,,,,2026-07-02T22:07:42.072Z,2026-07-02T22:07:42.072Z
202,way/754303530,way,POINT(-48.5243981 -27.6053148),,,bicycle_parking,,,,,,,,,,,,,,,,,,,,,,,,,2026-07-02T22:07:42.072Z,2026-07-02T22:07:42.072Z
203,way/758228910,way,POINT(-34.9643767 -8.1480558),,,bicycle_parking,wall_loops,5,,yes,,,,,,,,,,,,,,,,,,,,,2026-07-02T22:07:42.072Z,2026-07-02T22:07:42.072Z
204,way/762670707,way,POINT(-46.7094903 -23.7555519),Bicicletário Estação Mendes,,bicycle_parking,stands,50,,yes,,,,CPTM,,yes,,,,,,,,,,,,,,,2026-07-02T22:07:42.072Z,2026-07-02T22:07:42.072Z
205,node/763824959,node,POINT(-43.1911335 -22.9641101),,,bicycle_parking,stands,8,yes,no,no,,,,,,,,,,,,,,,,survey,,,,2026-07-02T22:07:42.072Z,2026-07-02T22:07:42.072Z
206,node/768959274,node,POINT(-47.8724442 -15.7655901),,,bicycle_parking,,,,,,,,,,,,,,,,,,,,,,,,,2026-07-02T22:07:42.072Z,2026-07-02T22:07:42.072Z
207,node/771839321,node,POINT(-43.1977653 -22.9845627),,,bicycle_parking,stands,4,yes,no,no,,,,,,,,,,,,,,,,,,,,2026-07-02T22:07:42.072Z,2026-07-02T22:07:42.072Z
208,way/775146268,way,POINT(-48.5206096 -27.5964118),,,bicycle_parking,stands,,customers,no,no,,,Shopping Max&Flora,,,,,,,,,,,,,,,,,2026-07-02T22:07:42.072Z,2026-07-02T22:07:42.072Z
209,way/782277873,way,POINT(-49.0820844 -26.9153355),,Biciletário_Dom_Pedro_II,bicycle_parking,,50,private,yes,,,,,,,,,,,,,,,,,,,,,2026-07-02T22:07:42.072Z,2026-07-02T22:07:42.072Z
210,way/782466658,way,POINT(-51.822148 -21.3174836),,,bicycle_parking,,,yes,,,,,,,,,,,,,,,,,,,,,,2026-07-02T22:07:42.072Z,2026-07-02T22:07:42.072Z
211,way/798106718,way,POINT(-38.3421876 -12.9027366),,,bicycle_parking,,,yes,yes,,,,CCR Metrô Bahia,,,,,,,,,,,,,,,,,2026-07-02T22:07:42.072Z,2026-07-02T22:07:42.072Z
212,node/810362121,node,POINT(-43.1767063 -22.9311147),,,bicycle_parking,stands,8,,no,no,,,,,,,,,,,,,,,,,,,,2026-07-02T22:07:42.072Z,2026-07-02T22:07:42.072Z
213,node/814237411,node,POINT(-43.173598 -22.9524756),,,bicycle_parking,,9,,no,,,,,,,,,,,,,,,,,,,,,2026-07-02T22:07:42.072Z,2026-07-02T22:07:42.072Z
214,way/817335294,way,POINT(-49.1354397 -26.9138635),,,bicycle_parking,,,,,,,,,,,,,,,,,,,,,,,,,2026-07-02T22:07:42.072Z,2026-07-02T22:07:42.072Z
215,way/823859845,way,POINT(-34.9686638 -8.1174788),,,bicycle_parking,,14,yes,no,no,,,,,,,,,,,,,,,,,,,,2026-07-02T22:07:42.072Z,2026-07-02T22:07:42.072Z
216,way/824254060,way,POINT(-53.8409266 -24.2813431),,,bicycle_parking,,,,,,,,,,,,,,,,,,,,,,,,,2026-07-02T22:07:42.072Z,2026-07-02T22:07:42.072Z
217,way/824627785,way,POINT(-53.842715 -24.2956811),,,bicycle_parking,,,,,,,,,,,,,,,,,,,,,,,,,2026-07-02T22:07:42.072Z,2026-07-02T22:07:42.072Z
218,way/827146295,way,POINT(-38.4576206 -12.9761328),,,bicycle_parking,,,,,,,,,,,,,,,,,,,,,,,,,2026-07-02T22:07:42.072Z,2026-07-02T22:07:42.072Z
219,way/827182391,way,POINT(-46.462169 -23.6674909),Bicicletário Estação Mauá,,bicycle_parking,building,1968,customers,yes,yes,yes,,ASCOBIKE,,yes,,,,Rua Rio Branco nº 36 E,,,,24/7,,,,,,,2026-07-02T22:07:42.072Z,2026-07-02T22:07:42.072Z
220,way/831335180,way,POINT(-46.7261111 -23.8282284),,,bicycle_parking,building,,yes,yes,no,yes,,SME,,yes,,,,,,,,,,,,,,,2026-07-02T22:07:42.072Z,2026-07-02T22:07:42.072Z
221,way/831449250,way,POINT(-46.6882519 -23.7052472),Bicicletário Estação Autódromo,,bicycle_parking,building,261,yes,yes,no,yes,,Via Mobilidade,,yes,,,,,,,,Mo-Su 04:00-23:59,,,,,,,2026-07-02T22:07:42.072Z,2026-07-02T22:07:42.072Z
222,way/841962199,way,POINT(-53.7687605 -24.7289423),,,bicycle_parking,,,,no,,,,,,,,,,,,,,,,,,,,,2026-07-02T22:07:42.072Z,2026-07-02T22:07:42.072Z
223,node/852186532,node,POINT(-49.2519295 -25.4506383),Estacionamento de Bicicleta,,bicycle_parking,,18,,,,,,,,,,,,,,,,,,,,,,,2026-07-02T22:07:42.072Z,2026-07-02T22:07:42.072Z
224,node/852186535,node,POINT(-49.2508562 -25.4544104),Estacionamento de Bicicleta,,bicycle_parking,,20,,,,,,,,,,,,,,,,,,,,,,,2026-07-02T22:07:42.072Z,2026-07-02T22:07:42.072Z
225,way/854077419,way,POINT(-34.9291894 -8.0973501),,,bicycle_parking,stands,50,yes,yes,no,,,Grupo Big,,,,,,,,,,,,,,,,,2026-07-02T22:07:42.072Z,2026-07-02T22:07:42.072Z
226,way/856172602,way,POINT(-46.1838608 -23.5080632),,,bicycle_parking,lockers,,yes,yes,,,,,,,,,,,,,,,,,,,,,2026-07-02T22:07:42.072Z,2026-07-02T22:07:42.072Z
227,way/863997086,way,POINT(-46.7026862 -23.6223035),,Bicicletário da estação do monotrilho que fará conexão com a ciclovia existente,bicycle_parking,wall_loops,100,,yes,,,,,,,,,,,,,,,,,,,,,2026-07-02T22:07:42.072Z,2026-07-02T22:07:42.072Z
228,node/865743637,node,POINT(-49.2509671 -25.4504852),Estacionamento de Bicicleta,,bicycle_parking,,18,,,,,,,,,,,,,,,,,,,,,,,2026-07-02T22:07:42.072Z,2026-07-02T22:07:42.072Z
229,node/865743643,node,POINT(-49.251512 -25.4525444),,,bicycle_parking,,9,,,,,,,,,,,,,,,,,,,,,,,2026-07-02T22:07:42.072Z,2026-07-02T22:07:42.072Z
230,way/875928097,way,POINT(-43.4908715 -22.7442799),,,bicycle_parking,shed,20,private,,,,,,,,,,,,,,,,,,,,,,2026-07-02T22:07:42.072Z,2026-07-02T22:07:42.072Z
231,node/888605512,node,POINT(-43.2347608 -22.9216512),,,bicycle_parking,,15,,no,no,,,Shopping Tijuca,,,,,,,,,,,,,,,,,2026-07-02T22:07:42.072Z,2026-07-02T22:07:42.072Z
232,way/895031808,way,POINT(-34.9253003 -8.0611674),,,bicycle_parking,stands,1000,private,no,no,,yes,,,,0,,,,,,,,,,,,,,2026-07-02T22:07:42.072Z,2026-07-02T22:07:42.072Z
233,way/897358193,way,POINT(-46.5334876 -23.6461619),,,bicycle_parking,shed,,customers,,yes,,,,,,,,,,,,,,,,,,,,2026-07-02T22:07:42.072Z,2026-07-02T22:07:42.072Z
234,way/912538672,way,POINT(-43.2048238 -22.8024113),,,bicycle_parking,shed,50,customers,,,,,Condaominio Amizade,,yes,,paved,,,,,,,,,,,,,2026-07-02T22:07:42.072Z,2026-07-02T22:07:42.072Z
235,way/918951133,way,POINT(-48.1159749 -15.8148914),,,bicycle_parking,,,,,,,,,,,,,,,,,,,,,,,,,2026-07-02T22:07:42.072Z,2026-07-02T22:07:42.072Z
236,way/918951134,way,POINT(-48.1159524 -15.8149336),,,bicycle_parking,,,,,,,,,,,,,,,,,,,,,,,,,2026-07-02T22:07:42.072Z,2026-07-02T22:07:42.072Z
237,way/918951135,way,POINT(-48.1159285 -15.8149812),,,bicycle_parking,,,,,,,,,,,,,,,,,,,,,,,,,2026-07-02T22:07:42.072Z,2026-07-02T22:07:42.072Z
238,way/918951136,way,POINT(-48.1160023 -15.8148483),,,bicycle_parking,,,,,,,,,,,,,,,,,,,,,,,,,2026-07-02T22:07:42.072Z,2026-07-02T22:07:42.072Z
239,way/918951137,way,POINT(-48.116021 -15.8148137),,,bicycle_parking,,,,,,,,,,,,,,,,,,,,,,,,,2026-07-02T22:07:42.072Z,2026-07-02T22:07:42.072Z
240,node/921822286,node,POINT(-40.2976397 -20.2808486),,,bicycle_parking,,,,,,,,,,,,,,,,,,,,,,,,,2026-07-02T22:07:42.072Z,2026-07-02T22:07:42.072Z
241,node/921822294,node,POINT(-40.293048 -20.2827911),,,bicycle_parking,,,,,,,,,,,,,,,,,,,,,,,,,2026-07-02T22:07:42.072Z,2026-07-02T22:07:42.072Z
242,way/922790294,way,POINT(-49.082889 -26.4764463),,,bicycle_parking,,,,,,,,,,,,,,,,,,,,,,,,,2026-07-02T22:07:42.072Z,2026-07-02T22:07:42.072Z
243,way/942402204,way,POINT(-34.9101278 -8.1208314),,,bicycle_parking,,,,,,,,,,,,,,,,,,,,,,,,,2026-07-02T22:07:42.072Z,2026-07-02T22:07:42.072Z
244,way/942402205,way,POINT(-34.9102313 -8.1212612),,,bicycle_parking,,,,,,,,,,,,,,,,,,,,,,,,,2026-07-02T22:07:42.072Z,2026-07-02T22:07:42.072Z
245,way/942402206,way,POINT(-34.9102938 -8.1215319),,,bicycle_parking,,,,,,,,,,yes,,,,,,,,,,,,,,,2026-07-02T22:07:42.072Z,2026-07-02T22:07:42.072Z
246,way/942593085,way,POINT(-46.7366743 -23.5900517),,,bicycle_parking,,250,yes,yes,,,,ViaQuatro,,,0,,,,,,,,,,,,,,2026-07-02T22:07:42.072Z,2026-07-02T22:07:42.072Z
247,node/952402264,node,POINT(-48.2586329 -18.9171018),,,bicycle_parking,,12,,,,,,,,,,,,,,,,,,,,,,,2026-07-02T22:07:42.072Z,2026-07-02T22:07:42.072Z
248,way/954400389,way,POINT(-46.433808 -23.4919492),Bicicletário Terminal São Miguel,,bicycle_parking,shed,64,yes,yes,no,no,,Socicam,,yes,,,,,,,,,,,,,,,2026-07-02T22:07:42.072Z,2026-07-02T22:07:42.072Z
249,way/955494640,way,POINT(-48.0450422 -15.8320555),,,bicycle_parking,stands,,yes,no,no,,,,,,,,,,,,,,,,,,,,2026-07-02T22:07:42.072Z,2026-07-02T22:07:42.072Z
250,way/956366236,way,POINT(-49.1729166 -26.6854399),,,bicycle_parking,,,yes,,no,,,,,,,,,,,,,,,,,,,,2026-07-02T22:07:42.072Z,2026-07-02T22:07:42.072Z
251,way/979341205,way,POINT(-46.4811059 -23.4850798),Bicicletário Estação Comendador Ermelino,,bicycle_parking,building,196,yes,no,no,yes,,CPTM,,yes,,,,,,,,Mo-Su 04:00-23:59,,,,,,,2026-07-02T22:07:42.072Z,2026-07-02T22:07:42.072Z
252,way/979341206,way,POINT(-46.4439193 -23.4902892),Bicicletário Estação São Miguel Paulista,,bicycle_parking,building,208,yes,yes,no,yes,,CPTM,,yes,,,,,,,,Mo-Su 04:00-23:59,,,,,,,2026-07-02T22:07:42.072Z,2026-07-02T22:07:42.072Z
253,way/979341207,way,POINT(-46.4212459 -23.4918737),Bicicletário Estação Jardim Helena - Vila Mara,,bicycle_parking,building,256,yes,yes,no,yes,,CPTM,,yes,,,,,,,,Mo-Su 04:00-23:59,,,,,,,2026-07-02T22:07:42.072Z,2026-07-02T22:07:42.072Z
254,way/979341208,way,POINT(-46.4035105 -23.4938886),Bicicletário Estação Itaim Paulista,,bicycle_parking,building,256,yes,yes,no,yes,,CPTM,,yes,,,,,,,,Mo-Su 04:00-23:59,,,,,,,2026-07-02T22:07:42.072Z,2026-07-02T22:07:42.072Z
255,way/979341209,way,POINT(-46.3851655 -23.4849273),Bicicletário Estação Jardim Romano,,bicycle_parking,building,240,yes,yes,no,yes,,CPTM,,yes,,,,,,,,Mo-Su 04:00-23:59,,,,,,,2026-07-02T22:07:42.072Z,2026-07-02T22:07:42.072Z
256,way/979348497,way,POINT(-46.5202651 -23.4970408),Bicicletário Estação Engenheiro Goulart (Norte),,bicycle_parking,building,200,yes,yes,no,yes,,CPTM,,yes,,,,,,,,Mo-Su 04:00-23:59,,,,,,,2026-07-02T22:07:42.072Z,2026-07-02T22:07:42.072Z
257,way/979348498,way,POINT(-46.5202347 -23.498908),Bicicletário Estação Engenheiro Goulart (Sul),,bicycle_parking,building,74,yes,yes,no,yes,,CPTM,,yes,,,,,,,,Mo-Su 04:00-23:59,,,,,,,2026-07-02T22:07:42.072Z,2026-07-02T22:07:42.072Z
258,way/979348499,way,POINT(-46.4955502 -23.4482799),Bicicletário Estação Guarulhos CECAP,,bicycle_parking,building,192,yes,yes,no,yes,,CPTM,,yes,,,,,,,,Mo-Su 04:00-23:59,,,,,,,2026-07-02T22:07:42.072Z,2026-07-02T22:07:42.072Z
259,way/979348500,way,POINT(-46.495024 -23.4327476),Bicicletário Estação Aeroporto Guarulhos,,bicycle_parking,building,100,yes,yes,no,yes,,CPTM,,yes,,,,,,,,Mo-Su 04:00-23:59,,,,,,,2026-07-02T22:07:42.072Z,2026-07-02T22:07:42.072Z
260,way/979348501,way,POINT(-46.3678589 -23.5406478),Bicicletário Estação Ferraz de Vasconcelos,,bicycle_parking,building,136,yes,yes,no,yes,,CPTM,,yes,,,,,,,,Mo-Su 04:00-23:59,,,,,,,2026-07-02T22:07:42.072Z,2026-07-02T22:07:42.072Z
261,way/979348502,way,POINT(-46.3438261 -23.5252237),Bicicletário Estação Poá,,bicycle_parking,building,60,yes,yes,no,yes,,CPTM,,yes,,,,,,,,Mo-Su 04:00-23:59,,,,,,,2026-07-02T22:07:42.072Z,2026-07-02T22:07:42.072Z
262,way/979348503,way,POINT(-46.332351 -23.5257724),Bicicletário Estação Calmon Viana,,bicycle_parking,building,84,yes,yes,no,yes,,CPTM,,yes,,,,,,,,Mo-Su 04:00-23:59,,,,,Q10275620,pt:Estação Calmon Viana,2026-07-02T22:07:42.072Z,2026-07-02T22:07:42.072Z
263,way/979352626,way,POINT(-46.588876 -23.5922618),Bicicletário Estação Tamanduateí,,bicycle_parking,building,164,yes,yes,no,yes,,CPTM,,yes,,,,,,,,Mo-Su 04:00-23:59,,,,,,,2026-07-02T22:07:42.072Z,2026-07-02T22:07:42.072Z
264,way/979352627,way,POINT(-46.7015958 -23.6779556),Bicicletário Estação Jurubatuba,,bicycle_parking,building,262,yes,yes,no,yes,,CPTM,,yes,,,,,,,,Mo-Su 04:00-23:59,,,,,,,2026-07-02T22:07:42.072Z,2026-07-02T22:07:42.072Z
265,way/979355386,way,POINT(-46.6920543 -23.5936655),Bicicletário Estação Vila Olímpia,,bicycle_parking,building,94,yes,yes,no,yes,,CPTM,,yes,,,,,,,,Mo-Su 04:00-23:59,,,,,,,2026-07-02T22:07:42.072Z,2026-07-02T22:07:42.072Z
266,way/979355387,way,POINT(-46.7116715 -23.5570337),Bicicletário Estação Cidade Universitária,,bicycle_parking,building,60,yes,yes,no,yes,,CPTM,,yes,,,,,,,,Mo-Su 04:00-23:59,,,,,,,2026-07-02T22:07:42.072Z,2026-07-02T22:07:42.072Z
267,way/979355388,way,POINT(-46.7324795 -23.5458428),Bicicletário Estação Villa Lobos - Jaguaré,,bicycle_parking,building,233,yes,yes,no,yes,,CPTM,,yes,,,,,,,,Mo-Su 04:00-23:59,,,,,,,2026-07-02T22:07:42.072Z,2026-07-02T22:07:42.072Z
268,way/979417384,way,POINT(-46.7427981 -23.5367137),Bicicletário Estação Ceasa,,bicycle_parking,building,144,yes,yes,no,yes,,CPTM,,yes,,,,,,,,Mo-Su 04:00-23:59,,,,,,,2026-07-02T22:07:42.072Z,2026-07-02T22:07:42.072Z
269,way/979417385,way,POINT(-46.7758792 -23.5283162),Bicicletário Estação Osasco,,bicycle_parking,building,166,yes,yes,no,yes,,CPTM,,yes,,,,,,,,Mo-Su 04:00-23:59,,,,,,,2026-07-02T22:07:42.072Z,2026-07-02T22:07:42.072Z
270,way/979417386,way,POINT(-46.8354228 -23.5188905),Bicicletário Estação Carapicuíba,,bicycle_parking,building,145,yes,yes,no,yes,,CPTM,,yes,,,,,,,,Mo-Su 04:00-23:59,,,,,,,2026-07-02T22:07:42.072Z,2026-07-02T22:07:42.072Z
271,way/979417387,way,POINT(-46.8891196 -23.5137265),Bicicletário Estação Jardim Belval,,bicycle_parking,building,117,yes,yes,no,yes,,CPTM,,yes,,,,,,,,Mo-Su 04:00-23:59,,,,,,,2026-07-02T22:07:42.072Z,2026-07-02T22:07:42.072Z
272,way/979420369,way,POINT(-46.8936499 -23.5242154),Bicicletário Estação Jardim Silveira,,bicycle_parking,building,279,yes,yes,no,yes,,CPTM,,yes,,,,,,,,Mo-Su 04:00-23:59,,,,,,,2026-07-02T22:07:42.072Z,2026-07-02T22:07:42.072Z
273,way/979420370,way,POINT(-46.9017089 -23.5275322),Bicicletário Estação Jandira,,bicycle_parking,building,279,yes,yes,no,yes,,CPTM,,yes,,,,,,,,"Mo-Su,PH 04:00-23:59",,,,,,,2026-07-02T22:07:42.072Z,2026-07-02T22:07:42.072Z
274,way/979420371,way,POINT(-46.9283794 -23.5350056),Bicicletário Estação Engenheiro Cardoso,,bicycle_parking,building,160,yes,yes,no,yes,,CPTM,,yes,,,,,,,,Mo-Su 04:00-23:59,,,,,,,2026-07-02T22:07:42.072Z,2026-07-02T22:07:42.072Z
275,way/979420372,way,POINT(-46.9350366 -23.5448995),Bicicletário Estação Itapevi,,bicycle_parking,shed,480,yes,yes,no,yes,,CPTM,,,,,,,,,,Mo-Su 04:00-23:59,,,,,,,2026-07-02T22:07:42.072Z,2026-07-02T22:07:42.072Z
276,way/979421702,way,POINT(-46.7478512 -23.438572),Bicicletário Estação Vila Aurora,,bicycle_parking,building,144,yes,yes,no,yes,,CPTM,,yes,,,,,,,,Mo-Su 04:00-23:59,,,,,,,2026-07-02T22:07:42.072Z,2026-07-02T22:07:42.072Z
277,way/979421703,way,POINT(-46.7513122 -23.366064),Bicicletário Estação Caieiras,,bicycle_parking,building,67,yes,yes,no,yes,,CPTM,,yes,,,,,,,,Mo-Su 04:00-23:59,,,,,,,2026-07-02T22:07:42.072Z,2026-07-02T22:07:42.072Z
278,way/979423306,way,POINT(-46.5524152 -23.6978638),Bicicletário Terminal Metropolitano São Bernardo do Campo,,bicycle_parking,building,68,yes,yes,no,yes,,EMTU,,yes,,,,,,,,Mo-Su 06:00-22:00,,,,,,,2026-07-02T22:07:42.072Z,2026-07-02T22:07:42.072Z
279,way/979423307,way,POINT(-46.6401937 -23.6466937),Bicicletário Estação/Terminal Jabaquara,,bicycle_parking,building,68,yes,,no,yes,,EMTU,,roof,,,,,,,,Mo-Su 06:00-22:00,,,,,Q5244789,pt:Terminal Intermodal Jabaquara,2026-07-02T22:07:42.072Z,2026-07-02T22:07:42.072Z
280,way/979425620,way,POINT(-46.4719643 -23.5425655),Bicicletário Estação/Terminal Itaquera,,bicycle_parking,building,55,yes,yes,no,yes,,Metrô,,yes,,,,,,,,Mo-Su 06:00-22:00,,,,,,,2026-07-02T22:07:42.072Z,2026-07-02T22:07:42.072Z
281,way/979425621,way,POINT(-46.5648458 -23.538903),Bicicletário Estação Carrão,,bicycle_parking,building,110,yes,yes,no,yes,,Metrô,,yes,,,,,,,,Mo-Su 06:00-22:00,,,,,,,2026-07-02T22:07:42.072Z,2026-07-02T22:07:42.072Z
282,way/979425622,way,POINT(-46.6336888 -23.5509167),Bicicletário Estação Sé,"Entrada dentro da estação, baixando as escadas",bicycle_parking,building,20,yes,yes,no,yes,,Metrô,,yes,,,,,,,,Mo-Su 06:00-22:00,,,,,,,2026-07-02T22:07:42.072Z,2026-07-02T22:07:42.072Z
283,way/979425623,way,POINT(-46.6943983 -23.5673683),Bicicletário Largo da Batata (Estação Faria Lima),,bicycle_parking,building,100,yes,yes,no,yes,,Tembici,,yes,,,,,,,,24/7,,,,,,,2026-07-02T22:07:42.072Z,2026-07-02T22:07:42.072Z
284,way/981320058,way,POINT(-49.1298359 -26.8957075),,,bicycle_parking,,,,,,,,,,,,,,,,,,,,,,,,,2026-07-02T22:07:42.072Z,2026-07-02T22:07:42.072Z
285,way/981320064,way,POINT(-49.129979 -26.8954725),,,bicycle_parking,,,,,,,,,,,,,,,,,,,,,,,,,2026-07-02T22:07:42.072Z,2026-07-02T22:07:42.072Z
286,way/981370384,way,POINT(-43.1243948 -22.8941829),,,bicycle_parking,covered,850,yes,yes,no,,,Prefeitura Municipal de Niterói,,,,,,,,,,,,,,,,,2026-07-02T22:07:42.072Z,2026-07-02T22:07:42.072Z
287,way/984724986,way,POINT(-48.5520489 -27.5984969),,,bicycle_parking,lockers,16,yes,yes,no,,,BikePoint Floripa,,,,,,,,,,"Mo-Fr 08:00-19:00; Sa 08:00-13:00; Su,PH off",,,,,,,2026-07-02T22:07:42.072Z,2026-07-02T22:07:42.072Z
288,way/987778700,way,POINT(-46.7014334 -23.5674273),Bicicletário Estação Pinheiros,,bicycle_parking,building,117,yes,yes,no,yes,,ViaQuatro,,yes,,,,,,,,Mo-Su 04:40-24:00,,,,,,,2026-07-02T22:07:42.072Z,2026-07-02T22:07:42.072Z
289,way/987780989,way,POINT(-46.7235454 -23.5859441),Bicicletário Estação Morumbi,,bicycle_parking,building,80,yes,yes,no,yes,,ViaQuatro,,yes,,,,,,,,Mo-Su 06:00-22:00,,,,,,,2026-07-02T22:07:42.072Z,2026-07-02T22:07:42.072Z
290,way/987788235,way,POINT(-46.6457323 -23.5987698),Bicicletário Estação Hospital São Paulo,,bicycle_parking,building,30,private,yes,no,yes,,ViaMobilidade,,yes,,,,,,,,Mo-Su 06:00-22:00,,,,,,,2026-07-02T22:07:42.072Z,2026-07-02T22:07:42.072Z
291,way/987788236,way,POINT(-46.6519769 -23.5979753),Bicicletário Estação AACD Servidor,,bicycle_parking,building,36,yes,yes,no,yes,,ViaMobilidade,,yes,,,,,,,,Mo-Su 06:00-22:00,,,,,,,2026-07-02T22:07:42.072Z,2026-07-02T22:07:42.072Z
292,way/987789310,way,POINT(-46.6618352 -23.6038974),Bicicletário Estação Moema,,bicycle_parking,building,68,yes,yes,no,yes,,ViaMobilidade,,yes,,,,,,,,Mo-Su 06:00-22:00,,,,,,,2026-07-02T22:07:42.072Z,2026-07-02T22:07:42.072Z
293,way/987789786,way,POINT(-46.6685425 -23.6093396),Bicicletário Estação Eucaliptos,,bicycle_parking,building,92,yes,yes,no,yes,,ViaMobilidade,,yes,,,,,,,,Mo-Su 06:00-22:00,,,,,,,2026-07-02T22:07:42.072Z,2026-07-02T22:07:42.072Z
294,way/987790372,way,POINT(-46.6886533 -23.6270999),Bicicletário Estação Brooklin,,bicycle_parking,building,30,yes,yes,no,yes,,ViaMobilidade,,,,,,,,,,Mo-Su 06:00-22:00,,,,,,,2026-07-02T22:07:42.072Z,2026-07-02T22:07:42.072Z
295,way/987791152,way,POINT(-46.6930155 -23.6336135),Bicicletário Estação Borba Gato,,bicycle_parking,building,84,yes,yes,no,yes,,ViaMobilidade,,yes,,,,,,,,Mo-Su 06:00-22:00,,,,,,,2026-07-02T22:07:42.072Z,2026-07-02T22:07:42.072Z
296,way/987792505,way,POINT(-46.6993014 -23.6409977),Bicicletário Estação Alto da Boa Vista,,bicycle_parking,building,126,yes,yes,no,yes,,ViaMobilidade,,yes,,,,,,,,Mo-Su 06:00-22:00,,,,,,,2026-07-02T22:07:42.072Z,2026-07-02T22:07:42.072Z
297,way/987795585,way,POINT(-46.7268737 -23.8282875),Bicicletário Terminal Parelheiros,,bicycle_parking,,15,yes,yes,no,no,,Socicam,,,,,,,,,,24/7,,,,,,,2026-07-02T22:07:42.072Z,2026-07-02T22:07:42.072Z
298,way/990560668,way,POINT(-46.6963091 -23.7362345),Bicicletário Terminal Grajaú,,bicycle_parking,shed,50,yes,yes,no,no,,Socicam,,yes,,,,,,,,,,,,,,,2026-07-02T22:07:42.072Z,2026-07-02T22:07:42.072Z
299,way/990567286,way,POINT(-46.7745551 -23.6910084),Bicicletário Terminal Jardim Ângela,,bicycle_parking,shed,12,yes,no,no,no,,Socicam,,yes,,,,,,,,,,,,,,,2026-07-02T22:07:42.072Z,2026-07-02T22:07:42.072Z
300,way/990569747,way,POINT(-46.7613442 -23.6550675),Bicicletário Terminal Capelinha,,bicycle_parking,shed,106,yes,yes,no,no,,Socicam,,yes,,,,,,,,,,,,,,,2026-07-02T22:07:42.072Z,2026-07-02T22:07:42.072Z
301,way/990570215,way,POINT(-46.7330791 -23.6438944),Bicicletário Terminal João Dias,,bicycle_parking,shed,72,yes,yes,no,yes,,Socicam,,yes,,,,,,,,,,,,,,,2026-07-02T22:07:42.082Z,2026-07-02T22:07:42.082Z
302,way/990572210,way,POINT(-46.7112422 -23.6545518),Bicicletário Terminal Santo Amaro,,bicycle_parking,shed,10,yes,yes,no,no,,Socicam,,yes,1,,,,,,,,,,,,,,2026-07-02T22:07:42.082Z,2026-07-02T22:07:42.082Z
303,way/990575308,way,POINT(-46.7869726 -23.4324341),Bicicletário Terminal Jardim Britânia,,bicycle_parking,stands,12,yes,yes,no,no,,Socicam,,,,,,,,,,,,,,,,,2026-07-02T22:07:42.082Z,2026-07-02T22:07:42.082Z
409,way/1168778742,way,POINT(-43.5117757 -22.7710088),,,bicycle_parking,,,,,,,,,,,,,,,,,,,,,,,,,2026-07-02T22:07:42.092Z,2026-07-02T22:07:42.092Z
304,way/990575808,way,POINT(-46.7003195 -23.5203245),Bicicletário Terminal Lapa,,bicycle_parking,shed,74,yes,yes,no,yes,,Socicam,,yes,,,,,,,,,,,,,,,2026-07-02T22:07:42.082Z,2026-07-02T22:07:42.082Z
305,way/990576808,way,POINT(-46.6689576 -23.474636),Bicicletário Terminal Vila Nova Cachoeirinha,,bicycle_parking,shed,24,yes,yes,no,no,,Socicam,,yes,,,,,,,,,,,,,,,2026-07-02T22:07:42.082Z,2026-07-02T22:07:42.082Z
306,way/990576956,way,POINT(-46.6625909 -23.496047),Bicicletário Terminal Casa Verde,,bicycle_parking,shed,7,yes,yes,no,no,,Socicam,,yes,,,,,,,,,,,,,,,2026-07-02T22:07:42.082Z,2026-07-02T22:07:42.082Z
307,way/990579625,way,POINT(-46.522687 -23.5581962),Bicicletário Terminal Vila Carrão,,bicycle_parking,shed,38,yes,no,no,no,,Socicam,,yes,,,,,,,,,,,,,,,2026-07-02T22:07:42.082Z,2026-07-02T22:07:42.082Z
308,way/990580079,way,POINT(-46.5469116 -23.5192945),Bicicletário Terminal Penha,,bicycle_parking,shed,28,yes,no,no,no,,Socicam,,yes,,,,,,,,,,,,,,,2026-07-02T22:07:42.082Z,2026-07-02T22:07:42.082Z
309,way/990580921,way,POINT(-46.5548217 -23.5279334),Bicicletário Terminal Aricanduva,,bicycle_parking,shed,54,yes,yes,no,no,,Socicam,,yes,-1,,,,,,,,,,,,,,2026-07-02T22:07:42.082Z,2026-07-02T22:07:42.082Z
310,way/990582141,way,POINT(-46.6485814 -23.5387436),Bicicletário Terminal Amaral Gurgel,,bicycle_parking,shed,41,yes,yes,no,yes,,Socicam,,yes,,,,,,,,,,,,,,,2026-07-02T22:07:42.082Z,2026-07-02T22:07:42.082Z
311,way/990583721,way,POINT(-46.644982 -23.5341232),Bicicletário Terminal Princesa Isabel,,bicycle_parking,shed,66,yes,yes,no,yes,,Socicam,,yes,,,,,,,,,,,,,,,2026-07-02T22:07:42.082Z,2026-07-02T22:07:42.082Z
312,way/990584152,way,POINT(-46.6403116 -23.5492726),Bicicletário Terminal Bandeira,,bicycle_parking,shed,22,yes,no,no,no,,Socicam,,yes,,,,,,,,,,,,,,,2026-07-02T22:07:42.082Z,2026-07-02T22:07:42.082Z
313,way/990586140,way,POINT(-46.6299181 -23.5480223),Bicicletário Terminal Parque Dom Pedro II,,bicycle_parking,shed,156,yes,yes,no,yes,,Socicam,,yes,,,,,,,,,,,,,,,2026-07-02T22:07:42.082Z,2026-07-02T22:07:42.082Z
314,way/990586141,way,POINT(-46.6300439 -23.5459281),Bicicletário Terminal Mercado,,bicycle_parking,shed,58,yes,no,no,no,,Socicam,,yes,,,,,,,,,,,,,,,2026-07-02T22:07:42.082Z,2026-07-02T22:07:42.082Z
315,way/990852848,way,POINT(-46.6275424 -23.5499514),Bicicletário Estação Pedro II (Oeste),,bicycle_parking,stands,40,yes,yes,no,no,,Socicam,,yes,,,,,,,,,,,,,,,2026-07-02T22:07:42.082Z,2026-07-02T22:07:42.082Z
316,way/990852849,way,POINT(-46.626409 -23.549945),Bicicletário Estação Pedro II (Leste),,bicycle_parking,stands,50,yes,no,no,no,,Socicam,,,,,,,,,,,,,,,,,2026-07-02T22:07:42.082Z,2026-07-02T22:07:42.082Z
317,way/990854526,way,POINT(-46.6150999 -23.5591051),Bicicletário Estação Ana Neri (Oeste),,bicycle_parking,stands,48,yes,no,no,no,,Socicam,,,,,,,,,,,,,,,,,2026-07-02T22:07:42.082Z,2026-07-02T22:07:42.082Z
318,way/990854527,way,POINT(-46.6150178 -23.5583855),Bicicletário Estação Ana Neri (Leste),,bicycle_parking,stands,42,yes,no,no,no,,Socicam,,,,,,,,,,,,,,,,,2026-07-02T22:07:42.082Z,2026-07-02T22:07:42.082Z
319,way/990855224,way,POINT(-46.6106561 -23.5641374),Bicicletário Estação Alberto Lion (Leste),,bicycle_parking,stands,16,yes,no,no,no,,Socicam,,,,,,,,,,,,,,,,,2026-07-02T22:07:42.082Z,2026-07-02T22:07:42.082Z
320,way/990855225,way,POINT(-46.6120222 -23.5644915),Bicicletário Estação Alberto Lion (Oeste),,bicycle_parking,stands,14,yes,no,no,no,,Socicam,,,,,,,,,,,,,,,,,2026-07-02T22:07:42.082Z,2026-07-02T22:07:42.082Z
321,way/990856175,way,POINT(-46.6026312 -23.5742213),Bicicletário Estação CA Ypiranga,,bicycle_parking,stands,42,yes,no,no,no,,Socicam,,,,,,,,,,,,,,,,,2026-07-02T22:07:42.082Z,2026-07-02T22:07:42.082Z
322,way/990872255,way,POINT(-46.5980745 -23.5913632),Bicicletário Estação NS Aparecida (Oeste),,bicycle_parking,stands,24,yes,no,no,no,,Socicam,,,,,,,,,,,,,,,,,2026-07-02T22:07:42.082Z,2026-07-02T22:07:42.082Z
323,way/990872256,way,POINT(-46.5975479 -23.5912885),Bicicletário Estação NS Aparecida (Leste),,bicycle_parking,stands,22,yes,no,no,no,,Socicam,,,,,,,,,,,,,,,,,2026-07-02T22:07:42.082Z,2026-07-02T22:07:42.082Z
324,way/990874655,way,POINT(-46.5974913 -23.5982428),Bicicletário Estação Rua do Grito (Oeste),,bicycle_parking,stands,20,yes,no,no,no,,Socicam,,,,,,,,,,,,,,,,,2026-07-02T22:07:42.082Z,2026-07-02T22:07:42.082Z
325,way/990874656,way,POINT(-46.5969327 -23.5982871),Bicicletário Estação Rua do Grito (Leste),,bicycle_parking,stands,62,yes,no,no,no,,Socicam,,,,,,,,,,,,,,,,,2026-07-02T22:07:42.082Z,2026-07-02T22:07:42.082Z
326,way/990876169,way,POINT(-46.6033058 -23.6036418),Bicicletário Terminal Sacomã,,bicycle_parking,stands,146,yes,yes,no,yes,,Socicam,,,,,,,,,,,,,,,,,2026-07-02T22:07:42.082Z,2026-07-02T22:07:42.082Z
327,way/990877261,way,POINT(-46.5836292 -23.5850569),Bicicletário Terminal Vila Prudente,,bicycle_parking,building,32,yes,yes,no,no,,Socicam,,yes,,,,,,,,,,,,,,,2026-07-02T22:07:42.082Z,2026-07-02T22:07:42.082Z
328,way/990878228,way,POINT(-46.501486 -23.6142941),Bicicletário Terminal Sapopemba,,bicycle_parking,stands,42,yes,no,no,no,,Socicam,,,,,,,,,,,,,,,,,2026-07-02T22:07:42.082Z,2026-07-02T22:07:42.082Z
329,way/995272336,way,POINT(-54.6467185 -20.43991),,,bicycle_parking,,,,,,,,,,,,,,,,,,,,,,,,,2026-07-02T22:07:42.082Z,2026-07-02T22:07:42.082Z
330,way/999574534,way,POINT(-43.175978 -22.5102496),,,bicycle_parking,,,yes,no,,,,,,,,,,,,,,,,,,,,,2026-07-02T22:07:42.082Z,2026-07-02T22:07:42.082Z
331,way/1007481360,way,POINT(-41.9218769 -22.4994501),,,bicycle_parking,stands,12,customers,no,no,,,,,,,,,,,,,,,,,,,,2026-07-02T22:07:42.082Z,2026-07-02T22:07:42.082Z
332,way/1007844168,way,POINT(-48.6582743 -27.0153896),,,bicycle_parking,stands,,,,,,,,,,,,,,,,,,,,,,,,2026-07-02T22:07:42.082Z,2026-07-02T22:07:42.082Z
333,way/1007844169,way,POINT(-48.6591832 -27.0166981),,,bicycle_parking,stands,,,,,,,,,,,,,,,,,,,,,,,,2026-07-02T22:07:42.082Z,2026-07-02T22:07:42.082Z
334,way/1007844170,way,POINT(-48.6605161 -27.0165084),,,bicycle_parking,,,,,,,,,,,,,,,,,,,,,,,,,2026-07-02T22:07:42.082Z,2026-07-02T22:07:42.082Z
335,way/1008865394,way,POINT(-46.4966325 -23.462229),Bicicletário Terminal Cecap,,bicycle_parking,,130,yes,yes,no,,,EMTU - GDF,,,,,,,,,,Mo-Sa 06:00-22:00,,,,,,,2026-07-02T22:07:42.082Z,2026-07-02T22:07:42.082Z
336,way/1011854903,way,POINT(-48.6532089 -27.0243227),,,bicycle_parking,,,,,,,,,,,,,,,,,,,,,,,,,2026-07-02T22:07:42.082Z,2026-07-02T22:07:42.082Z
337,way/1011854905,way,POINT(-48.655405 -27.0273856),,,bicycle_parking,,,,,,,,,,,,,,,,,,,,,,,,,2026-07-02T22:07:42.082Z,2026-07-02T22:07:42.082Z
338,way/1011854906,way,POINT(-48.6549089 -27.0265778),,,bicycle_parking,,,,,,,,,,,,,,,,,,,,,,,,,2026-07-02T22:07:42.082Z,2026-07-02T22:07:42.082Z
339,way/1011854907,way,POINT(-48.6554177 -27.0268902),,,bicycle_parking,,,,,,,,,,,,,,,,,,,,,,,,,2026-07-02T22:07:42.082Z,2026-07-02T22:07:42.082Z
340,way/1011854908,way,POINT(-48.6514341 -27.0216578),,,bicycle_parking,,,,,,,,,,,,,,,,,,,,,,,,,2026-07-02T22:07:42.082Z,2026-07-02T22:07:42.082Z
341,way/1011854909,way,POINT(-48.6509653 -27.0216694),,,bicycle_parking,,,,,,,,,,,,,,,,,,,,,,,,,2026-07-02T22:07:42.082Z,2026-07-02T22:07:42.082Z
342,way/1011854911,way,POINT(-48.6590477 -27.016163),,,bicycle_parking,,,,,,,,,,,,,,,,,,,,,,,,,2026-07-02T22:07:42.082Z,2026-07-02T22:07:42.082Z
343,way/1014955396,way,POINT(-34.9626654 -8.0233161),,,bicycle_parking,stands,10,yes,,,,,,,,,,,,,,,,,,,,,,2026-07-02T22:07:42.082Z,2026-07-02T22:07:42.082Z
344,way/1016601222,way,POINT(-51.6282612 -29.958755),,,bicycle_parking,,,,,,,,,,,,,,,,,,,,,,,,,2026-07-02T22:07:42.082Z,2026-07-02T22:07:42.082Z
345,way/1017704428,way,POINT(-35.0072488 -8.0212814),,,bicycle_parking,stands,,private,,,,,,,,,,,,,,,,,,,,,,2026-07-02T22:07:42.082Z,2026-07-02T22:07:42.082Z
346,way/1018943843,way,POINT(-34.9495941 -8.0588537),,,bicycle_parking,,,,,,,,,,,,,,,,,,,,,,,,,2026-07-02T22:07:42.082Z,2026-07-02T22:07:42.082Z
347,way/1023664092,way,POINT(-34.8820044 -8.0146425),,,bicycle_parking,,,private,,,,,,,,,,,,,,,,,,,,,,2026-07-02T22:07:42.082Z,2026-07-02T22:07:42.082Z
348,way/1023700590,way,POINT(-34.8825872 -8.0140246),,,bicycle_parking,,,,,,,,,,,,,,,,,,,,,,,,,2026-07-02T22:07:42.082Z,2026-07-02T22:07:42.082Z
349,way/1023718703,way,POINT(-34.8988341 -8.0376272),,bicicletário e dock de patinete elétrico,bicycle_parking,,,,,,,,,,,,,,,,,,,,,,,,,2026-07-02T22:07:42.082Z,2026-07-02T22:07:42.082Z
350,way/1025570799,way,POINT(-34.943208 -8.0448078),,,bicycle_parking,,,,,,,,,,,,,,,,,,,,,,,,,2026-07-02T22:07:42.082Z,2026-07-02T22:07:42.082Z
351,way/1026704125,way,POINT(-43.2743154 -22.9625588),,,bicycle_parking,,,,,,,,,,,,,,,,,,,,,,,,,2026-07-02T22:07:42.082Z,2026-07-02T22:07:42.082Z
352,way/1028236204,way,POINT(-41.3262201 -21.7647347),,,bicycle_parking,surface,23,customers,,,,,PUCG-UFF,,,,,,,,,,,,,,,,,2026-07-02T22:07:42.082Z,2026-07-02T22:07:42.082Z
353,way/1028789522,way,POINT(-41.3264603 -21.7649838),,"Há uma área a jusante do bloco A, onde se coloca e fixa as bikes do estudantes desta instituição e campus da UFF.",bicycle_parking,surface,10,customers,,,,,PUCG-UFF,,,,,,,,,,,,,,,,,2026-07-02T22:07:42.082Z,2026-07-02T22:07:42.082Z
354,way/1028789971,way,POINT(-41.3261485 -21.7654726),,,bicycle_parking,surface,12,customers,,,,,PUCG-UFF,,,,,,,,,,,,,,,,,2026-07-02T22:07:42.082Z,2026-07-02T22:07:42.082Z
355,way/1029561490,way,POINT(-41.3268933 -21.765454),,,bicycle_parking,informal,6,yes,,,,,PUCG-UFF,,,,,,,,,,,,,,,,,2026-07-02T22:07:42.082Z,2026-07-02T22:07:42.082Z
356,way/1030046081,way,POINT(-41.3193397 -21.7581325),,,bicycle_parking,stands,50,permit,yes,,,,Correios,,,,,,,,,,,,,,,,,2026-07-02T22:07:42.082Z,2026-07-02T22:07:42.082Z
357,way/1030052828,way,POINT(-41.321439 -21.7574914),,,bicycle_parking,surface,12,yes,,,,,PMCG,,,,,,,,,,,,,,,,,2026-07-02T22:07:42.082Z,2026-07-02T22:07:42.082Z
358,way/1036403150,way,POINT(-34.8446453 -7.9569718),,,bicycle_parking,,,private,,,,,,,,,,,,,,,,,,,,,,2026-07-02T22:07:42.082Z,2026-07-02T22:07:42.082Z
359,way/1036403151,way,POINT(-34.8452886 -7.9571903),,,bicycle_parking,,,private,,,,,,,,,,,,,,,,,,,,,,2026-07-02T22:07:42.082Z,2026-07-02T22:07:42.082Z
360,way/1038329474,way,POINT(-49.250227 -25.4505614),,,bicycle_parking,stands,10,,,,,,,,,,,,,,,,,,,,,,,2026-07-02T22:07:42.082Z,2026-07-02T22:07:42.082Z
361,way/1051344997,way,POINT(-49.2519213 -25.4490394),,,bicycle_parking,,15,,,,,,,,,,,,,,,,,,,,,,,2026-07-02T22:07:42.082Z,2026-07-02T22:07:42.082Z
362,way/1051406626,way,POINT(-41.3360688 -21.7618047),,,bicycle_parking,shed,,customers,,no,,,,,yes,,,,,,,,,,,,,,,2026-07-02T22:07:42.082Z,2026-07-02T22:07:42.082Z
363,way/1061526430,way,POINT(-43.311307 -22.8905515),,,bicycle_parking,anchors,,private,no,no,,,Condomínio Completo Piedade,,,,,,,,,,,,,,,,,2026-07-02T22:07:42.082Z,2026-07-02T22:07:42.082Z
364,way/1061526441,way,POINT(-43.3114225 -22.8898694),,,bicycle_parking,,,,,,,,,,,,,,,,,,,,,,,,,2026-07-02T22:07:42.082Z,2026-07-02T22:07:42.082Z
365,way/1061545023,way,POINT(-43.311114 -22.8904768),,,bicycle_parking,,,,,,,,,,,,,,,,,,,,,,,,,2026-07-02T22:07:42.082Z,2026-07-02T22:07:42.082Z
366,way/1061895542,way,POINT(-43.3117744 -22.8903769),,,bicycle_parking,,,,,,,,,,,,,,,,,,,,,,,,,2026-07-02T22:07:42.082Z,2026-07-02T22:07:42.082Z
367,way/1064127045,way,POINT(-48.6677479 -27.6457209),,,bicycle_parking,stands,27,yes,no,no,no,yes,,,yes,,paving_stones,,,,,,,,,,,,,2026-07-02T22:07:42.082Z,2026-07-02T22:07:42.082Z
368,way/1071809317,way,POINT(-42.9579456 -21.1102882),,,bicycle_parking,,,yes,no,no,,,,,,,,,,,,,,,,,,,,2026-07-02T22:07:42.082Z,2026-07-02T22:07:42.082Z
369,node/1073053589,node,POINT(-37.0717364 -10.9480912),Extra,,bicycle_parking,,,,no,no,,,,,,,,,,,,,,,,,,,,2026-07-02T22:07:42.082Z,2026-07-02T22:07:42.082Z
370,node/1080533800,node,POINT(-37.0594485 -10.9446155),,,bicycle_parking,,,,,no,,,,,,,,,,,,,,,,,,,,2026-07-02T22:07:42.082Z,2026-07-02T22:07:42.082Z
371,node/1081107397,node,POINT(-37.0484481 -10.9437252),Shopping Riomar,,bicycle_parking,,,,,no,,,,,,,,,,,,,,,,,,,,2026-07-02T22:07:42.082Z,2026-07-02T22:07:42.082Z
372,way/1086840283,way,POINT(-40.5417853 -9.361843),,,bicycle_parking,,,,,,,,,,,,,,,,,,,,,,,,,2026-07-02T22:07:42.082Z,2026-07-02T22:07:42.082Z
373,way/1091241489,way,POINT(-51.0998814 -26.2497983),,,bicycle_parking,,,,no,,,,,,,,,,,,,,,,,,,,,2026-07-02T22:07:42.082Z,2026-07-02T22:07:42.082Z
374,way/1091754299,way,POINT(-38.6060058 -3.8174309),,,bicycle_parking,,,,,,,,,,,,,,,,,,,,,,,,,2026-07-02T22:07:42.082Z,2026-07-02T22:07:42.082Z
375,way/1093929894,way,POINT(-46.4847084 -23.4253737),Bicicletário Aeroporo de Guarulhos,,bicycle_parking,wall_loops,234,yes,yes,no,no,,GRU Airport,,,,,,,,,,24/7,,,,,,,2026-07-02T22:07:42.082Z,2026-07-02T22:07:42.082Z
376,way/1093932126,way,POINT(-46.4873922 -23.4243866),Bicicletário Terminal de Cargas - Aeroporto,,bicycle_parking,,202,yes,yes,no,no,,GRU Airport,,,,,,,,,,24/7,,,,,,,2026-07-02T22:07:42.082Z,2026-07-02T22:07:42.082Z
377,way/1099448842,way,POINT(-49.2513391 -25.4527702),,,bicycle_parking,stands,10,private,,,,,,,,,,,,,,,,,,,,,,2026-07-02T22:07:42.082Z,2026-07-02T22:07:42.082Z
378,way/1099841980,way,POINT(-48.6743561 -26.9332012),,,bicycle_parking,wall_loops,8,,no,,,,,,,,,,,,,,,,,,,,,2026-07-02T22:07:42.082Z,2026-07-02T22:07:42.082Z
379,way/1101577494,way,POINT(-36.160252 -6.4948264),,,bicycle_parking,,,yes,no,no,,,,,,,,,,,,,,,,,,,,2026-07-02T22:07:42.082Z,2026-07-02T22:07:42.082Z
380,way/1101930849,way,POINT(-54.7386678 -28.1450693),,,bicycle_parking,,,,,,,,,,,,,,,,,,,,,,,,,2026-07-02T22:07:42.082Z,2026-07-02T22:07:42.082Z
381,way/1101930853,way,POINT(-54.729853 -28.1463497),,,bicycle_parking,,,,,,,,,,,,,,,,,,,,,,,,,2026-07-02T22:07:42.082Z,2026-07-02T22:07:42.082Z
382,way/1104422142,way,POINT(-54.7274003 -28.1275739),,,bicycle_parking,,,,,,,,,,,,,,,,,,,,,,,,,2026-07-02T22:07:42.082Z,2026-07-02T22:07:42.082Z
383,way/1104828116,way,POINT(-48.6549189 -26.9178799),,,bicycle_parking,wall_loops,11,yes,,no,,yes,,,,,paving_stones,,,,,,,,,,,,,2026-07-02T22:07:42.082Z,2026-07-02T22:07:42.082Z
384,way/1104828117,way,POINT(-48.6553306 -26.9180206),,,bicycle_parking,wall_loops,10,yes,,no,,yes,,,,,paving_stones,,,,,,,,,,,,,2026-07-02T22:07:42.082Z,2026-07-02T22:07:42.082Z
385,way/1106478592,way,POINT(-48.1925373 -18.6523221),,,bicycle_parking,,,yes,no,,,,,,,,,,,,,,,,,,,,,2026-07-02T22:07:42.082Z,2026-07-02T22:07:42.082Z
386,way/1107989615,way,POINT(-34.9992596 -8.0169409),,,bicycle_parking,,,,,,,,,,,,,,,,,,,,,,,,,2026-07-02T22:07:42.082Z,2026-07-02T22:07:42.082Z
387,node/1108187782,node,POINT(-43.183479 -22.9705456),,,bicycle_parking,stands,4,,no,no,,,,,,,,,,,,,,,,Bing,,,,2026-07-02T22:07:42.082Z,2026-07-02T22:07:42.082Z
388,way/1115086108,way,POINT(-53.7395092 -29.705263),,,bicycle_parking,,20,,,,,,,,,,,,,,,,,,,Note #1732303,,,,2026-07-02T22:07:42.082Z,2026-07-02T22:07:42.082Z
389,way/1116708256,way,POINT(-43.3994256 -22.722692),,,bicycle_parking,wall_loops,20,yes,no,no,,,,,,,,,,,,,,,,,,,,2026-07-02T22:07:42.082Z,2026-07-02T22:07:42.082Z
390,way/1116708257,way,POINT(-43.3988257 -22.7220479),,,bicycle_parking,wall_loops,10,yes,no,no,,,,,,,,,,,,,,,,,,,,2026-07-02T22:07:42.082Z,2026-07-02T22:07:42.082Z
391,way/1117013852,way,POINT(-45.7906063 -23.1974228),,,bicycle_parking,,,,,,,,,,,,,,,,,,,,,,,,,2026-07-02T22:07:42.082Z,2026-07-02T22:07:42.082Z
392,node/1117541983,node,POINT(-47.0704359 -22.8152996),,,bicycle_parking,,,,,,,,,,,,,,,,,,,,,,,,,2026-07-02T22:07:42.082Z,2026-07-02T22:07:42.082Z
393,node/1120614474,node,POINT(-34.9305952 -8.0653027),bicicletário da CHESF,,bicycle_parking,,30,permissive,no,,,,,,,,,,,,,,,,,,,,,2026-07-02T22:07:42.082Z,2026-07-02T22:07:42.082Z
394,way/1127347156,way,POINT(-48.6856284 -26.930611),,,bicycle_parking,,,,,,,,,,,,,,,,,,,,,,,,,2026-07-02T22:07:42.082Z,2026-07-02T22:07:42.082Z
395,way/1130997111,way,POINT(-42.5126683 -17.6899321),,,bicycle_parking,building,,,,,,,,,yes,,,,,,,,,,,,,,,2026-07-02T22:07:42.082Z,2026-07-02T22:07:42.082Z
396,way/1132330172,way,POINT(-48.6170105 -27.0946999),,,bicycle_parking,wall_loops,,,,,,,Koch,,,,,,,,,,,,,,,,,2026-07-02T22:07:42.082Z,2026-07-02T22:07:42.082Z
397,way/1133801220,way,POINT(-38.4927796 -3.842549),,,bicycle_parking,,,,,,,,,,,,,,,,,,,,,,,,,2026-07-02T22:07:42.082Z,2026-07-02T22:07:42.082Z
398,way/1133801446,way,POINT(-38.4932849 -3.8424331),,,bicycle_parking,,,,,,,,,,,,,,,,,,,,,,,,,2026-07-02T22:07:42.082Z,2026-07-02T22:07:42.082Z
399,node/1143260928,node,POINT(-53.7422689 -24.7191807),Estacionamento Teatro Municipal,,bicycle_parking,,,,,,,,,,,,,,,,,,,,,,,,,2026-07-02T22:07:42.082Z,2026-07-02T22:07:42.082Z
400,way/1147338865,way,POINT(-55.4900843 -11.862085),,,bicycle_parking,shed,,permissive,yes,no,,,,,yes,,,,,,,,,,,,,,,2026-07-02T22:07:42.082Z,2026-07-02T22:07:42.082Z
401,node/1148200345,node,POINT(-43.1695528 -22.9635201),,,bicycle_parking,wall_loops,13,,no,,,,,,,,,,,,,,,,,Bing,,,,2026-07-02T22:07:42.092Z,2026-07-02T22:07:42.092Z
402,way/1155351638,way,POINT(-52.3240969 -31.7811827),,,bicycle_parking,wall_loops,,,yes,,,,,,,,,,,,,,,,,,,,,2026-07-02T22:07:42.092Z,2026-07-02T22:07:42.092Z
403,way/1155351639,way,POINT(-52.322908 -31.7806813),,,bicycle_parking,wall_loops,,,,,,,,,,,,,,,,,,,,,,,,2026-07-02T22:07:42.092Z,2026-07-02T22:07:42.092Z
404,way/1155439617,way,POINT(-38.4335493 -12.9282618),,,bicycle_parking,shed,6,yes,no,,,,,,yes,,,,,,,,,,,,,,,2026-07-02T22:07:42.092Z,2026-07-02T22:07:42.092Z
405,way/1160681776,way,POINT(-47.1936602 -23.0846589),,,bicycle_parking,,0,,,,,,,,,,,,,,,,,,,,,,,2026-07-02T22:07:42.092Z,2026-07-02T22:07:42.092Z
406,way/1161842390,way,POINT(-48.9031346 -27.1428654),,,bicycle_parking,shed,,customers,yes,no,,,,,shed,,,,,,,,,,,,,,,2026-07-02T22:07:42.092Z,2026-07-02T22:07:42.092Z
407,way/1162894323,way,POINT(-55.7680991 -29.789339),,,bicycle_parking,wall_loops,,,yes,,,,,,roof,,,Alegrete,,,,,,,,,,,,2026-07-02T22:07:42.092Z,2026-07-02T22:07:42.092Z
408,way/1163718948,way,POINT(-46.5797409 -23.6247967),Paragem Espaço Cerâmica,,bicycle_parking,stands,12,yes,no,no,,,,,,,,,,,,,,,,,,,,2026-07-02T22:07:42.092Z,2026-07-02T22:07:42.092Z
410,way/1175128285,way,POINT(-49.466632 -28.9505941),,,bicycle_parking,,,,,,,,,,,,,,,,,,,,,,,,,2026-07-02T22:07:42.092Z,2026-07-02T22:07:42.092Z
411,node/1187727924,node,POINT(-43.3719798 -22.8620141),,,bicycle_parking,,5,,,,,,,,,,,,,,,,,,,,,,,2026-07-02T22:07:42.092Z,2026-07-02T22:07:42.092Z
412,way/1189224015,way,POINT(-48.1683882 -21.8004664),,,bicycle_parking,,,,,,,,,,,,,,,,,,,,,,,,,2026-07-02T22:07:42.092Z,2026-07-02T22:07:42.092Z
413,way/1202373492,way,POINT(-38.541802 -3.7184757),,,bicycle_parking,,,,,,,,,,,,,,,,,,,,,,,,,2026-07-02T22:07:42.092Z,2026-07-02T22:07:42.092Z
414,way/1202986581,way,POINT(-43.1957245 -22.7950051),,,bicycle_parking,,,yes,,,,,,,,,,,,,,,,,,,,,,2026-07-02T22:07:42.092Z,2026-07-02T22:07:42.092Z
415,way/1203331404,way,POINT(-38.5874345 -3.7899389),,,bicycle_parking,shed,,,,,,,SOCICAM,,yes,,,,,,,,,,,,,,,2026-07-02T22:07:42.092Z,2026-07-02T22:07:42.092Z
416,way/1203770450,way,POINT(-51.1451416 -30.0313243),,,bicycle_parking,,,,,,,,,,,,,,,,,,,,,,,,,2026-07-02T22:07:42.092Z,2026-07-02T22:07:42.092Z
417,way/1203770622,way,POINT(-51.1446588 -30.029935),,,bicycle_parking,,,,,,,,,,,,,,,,,,,,,,,,,2026-07-02T22:07:42.092Z,2026-07-02T22:07:42.092Z
418,way/1204476127,way,POINT(-44.1184011 -19.9376284),Bicicletário de Visitantes,,bicycle_parking,stands,10,yes,no,no,,,IFMG Campus Betim,,,,,,,,,,,,,,,,,2026-07-02T22:07:42.092Z,2026-07-02T22:07:42.092Z
419,way/1204476128,way,POINT(-44.1183031 -19.93817),Bicicletário Superior,,bicycle_parking,stands,10,yes,no,no,,,IFMG Campus Betim,,,,,,,,,,,,,,,,,2026-07-02T22:07:42.092Z,2026-07-02T22:07:42.092Z
420,way/1208353705,way,POINT(-38.6096479 -3.8889836),Bicicletario,,bicycle_parking,,,,,,,,,,,,,,,,,,,,,,,,,2026-07-02T22:07:42.092Z,2026-07-02T22:07:42.092Z
421,way/1208877106,way,POINT(-51.1454133 -30.0324392),,,bicycle_parking,,,,,,,,,,,,,,,,,,,,,,,,,2026-07-02T22:07:42.092Z,2026-07-02T22:07:42.092Z
422,way/1214798059,way,POINT(-49.2246898 -26.532755),,,bicycle_parking,,,,,,,,,,,,,,,,,,,,,,,,,2026-07-02T22:07:42.092Z,2026-07-02T22:07:42.092Z
423,way/1224652208,way,POINT(-48.4517404 -1.3401549),,,bicycle_parking,shed,,,,,,,,,yes,,,,,,,,,,,,,,,2026-07-02T22:07:42.092Z,2026-07-02T22:07:42.092Z
424,way/1239776403,way,POINT(-49.1633796 -26.7071737),,,bicycle_parking,wall_loops,22,customers,yes,no,,,,,,,,,,,,,,,,,,,,2026-07-02T22:07:42.092Z,2026-07-02T22:07:42.092Z
425,way/1241843366,way,POINT(-38.4947116 -12.9119969),,,bicycle_parking,,,,,,,,,,,,,,,,,,,,,,,,,2026-07-02T22:07:42.092Z,2026-07-02T22:07:42.092Z
426,way/1245888364,way,POINT(-49.1719722 -26.7190809),,,bicycle_parking,shed,,,yes,no,,,Bosch Rexroth,,,,,,,,,,,,,,,,,2026-07-02T22:07:42.092Z,2026-07-02T22:07:42.092Z
427,way/1247753494,way,POINT(-37.0488438 -10.909286),,,bicycle_parking,,16,yes,no,no,,,SMTT,,,,,,,,,,,,,,,,,2026-07-02T22:07:42.092Z,2026-07-02T22:07:42.092Z
428,way/1262516623,way,POINT(-44.1180657 -19.9377902),,,bicycle_parking,shed,,yes,yes,,,,,,school,,,,,,,,,,,,,,,2026-07-02T22:07:42.092Z,2026-07-02T22:07:42.092Z
429,way/1288468894,way,POINT(-34.897272 -7.9088961),,,bicycle_parking,stands,20,private,no,no,,,,,,,,,,,,,,,,,,,,2026-07-02T22:07:42.092Z,2026-07-02T22:07:42.092Z
430,way/1294586591,way,POINT(-46.7430406 -23.2826069),,,bicycle_parking,wall_loops,10,yes,no,no,,,,,service,,,,,,,,,,,,,,,2026-07-02T22:07:42.092Z,2026-07-02T22:07:42.092Z
431,way/1299581322,way,POINT(-34.9121498 -8.1152242),,,bicycle_parking,,,,,,,,,,,,,,,,,,,,,,,,,2026-07-02T22:07:42.092Z,2026-07-02T22:07:42.092Z
432,node/1303681659,node,POINT(-43.2123722 -22.9600202),,,bicycle_parking,,30,,,,,,,,,,,,,,,,,,,survey,,,,2026-07-02T22:07:42.092Z,2026-07-02T22:07:42.092Z
433,node/1307360945,node,POINT(-43.1730733 -22.9652795),,,bicycle_parking,stands,8,,no,no,,,,,,,,,,,,,,,,,,,,2026-07-02T22:07:42.092Z,2026-07-02T22:07:42.092Z
434,node/1307361000,node,POINT(-43.1665925 -22.962484),,,bicycle_parking,,4,,,,,,,,,,,,,,,,,,,,,,,2026-07-02T22:07:42.092Z,2026-07-02T22:07:42.092Z
435,node/1307361002,node,POINT(-43.1728861 -22.9651968),,,bicycle_parking,stands,8,,no,no,,,,,,,,,,,,,,,,,,,,2026-07-02T22:07:42.092Z,2026-07-02T22:07:42.092Z
436,node/1307367015,node,POINT(-43.176267 -22.9667518),,,bicycle_parking,stands,8,,no,no,,,,,,,,,,,,,,,,,,,,2026-07-02T22:07:42.092Z,2026-07-02T22:07:42.092Z
437,node/1307367039,node,POINT(-43.1743063 -22.9655235),,,bicycle_parking,bollard,3,,no,no,,,,,,,,,,,,,,,,,,,,2026-07-02T22:07:42.092Z,2026-07-02T22:07:42.092Z
438,node/1307368006,node,POINT(-43.1810208 -22.9694591),,,bicycle_parking,stands,4,,no,no,,,,,,,,,,,,,,,,,,,,2026-07-02T22:07:42.092Z,2026-07-02T22:07:42.092Z
439,node/1307368010,node,POINT(-43.1805441 -22.9688578),,,bicycle_parking,wall_loops,3,,no,no,,,,,,,,,,,,,,,,,,,,2026-07-02T22:07:42.092Z,2026-07-02T22:07:42.092Z
440,node/1307368033,node,POINT(-43.1819727 -22.9701314),,,bicycle_parking,stands,8,,no,no,,,,,,,,,,,,,,,,,,,,2026-07-02T22:07:42.092Z,2026-07-02T22:07:42.092Z
441,node/1307368037,node,POINT(-43.1818301 -22.970027),,,bicycle_parking,stands,8,,no,no,,,,,,,,,,,,,,,,,,,,2026-07-02T22:07:42.092Z,2026-07-02T22:07:42.092Z
442,node/1307368048,node,POINT(-43.1803534 -22.9690369),,,bicycle_parking,stands,8,,no,no,,,,,,,,,,,,,,,,,,,,2026-07-02T22:07:42.092Z,2026-07-02T22:07:42.092Z
443,node/1307372714,node,POINT(-43.1858581 -22.9731909),,,bicycle_parking,,13,,,,,,,,,,,,,,,,,,,,,,,2026-07-02T22:07:42.092Z,2026-07-02T22:07:42.092Z
444,node/1307372744,node,POINT(-43.186758 -22.9749136),,,bicycle_parking,,6,,,,,,,,,,,,,,,,,,,,,,,2026-07-02T22:07:42.092Z,2026-07-02T22:07:42.092Z
445,node/1307372790,node,POINT(-43.186072 -22.9738768),,,bicycle_parking,,3,,,,,,,,,,,,,,,,,,,,,,,2026-07-02T22:07:42.092Z,2026-07-02T22:07:42.092Z
446,node/1307372799,node,POINT(-43.1866516 -22.9747408),,,bicycle_parking,,6,,,,,,,,,,,,,,,,,,,,,,,2026-07-02T22:07:42.092Z,2026-07-02T22:07:42.092Z
447,node/1307373000,node,POINT(-43.1872853 -22.9751382),,,bicycle_parking,,8,,,,,,,,,,,,,,,,,,,,,,,2026-07-02T22:07:42.092Z,2026-07-02T22:07:42.092Z
448,node/1307373903,node,POINT(-43.1885983 -22.9783713),,,bicycle_parking,,3,,,,,,,,,,,,,,,,,,,,,,,2026-07-02T22:07:42.092Z,2026-07-02T22:07:42.092Z
449,node/1307373907,node,POINT(-43.1886959 -22.9786236),,,bicycle_parking,,3,,,,,,,,,,,,,,,,,,,,,,,2026-07-02T22:07:42.092Z,2026-07-02T22:07:42.092Z
450,node/1307380721,node,POINT(-43.1894912 -22.9827076),,,bicycle_parking,,3,,,,,,,,,,,,,,,,,,,,,,,2026-07-02T22:07:42.092Z,2026-07-02T22:07:42.092Z
451,node/1307380757,node,POINT(-43.1895214 -22.9824501),,,bicycle_parking,,3,,,,,,,,,,,,,,,,,,,,,,,2026-07-02T22:07:42.092Z,2026-07-02T22:07:42.092Z
452,way/1318816356,way,POINT(-43.6667354 -22.9357732),,,bicycle_parking,lockers,,yes,,no,,,,,yes,,concrete,,,,,,,,,,,,,2026-07-02T22:07:42.092Z,2026-07-02T22:07:42.092Z
453,way/1320692670,way,POINT(-43.7195547 -22.9026252),,,bicycle_parking,,,yes,no,no,,,Ternium,,,,,,,,,,,,,,,,,2026-07-02T22:07:42.092Z,2026-07-02T22:07:42.092Z
454,way/1327073662,way,POINT(-48.3188811 -1.2917168),,,bicycle_parking,building,,,,no,,,,,garage,,,,,,,,,,,,,,,2026-07-02T22:07:42.092Z,2026-07-02T22:07:42.092Z
455,way/1330091803,way,POINT(-38.5639971 -3.7762527),Bicicletário 99,,bicycle_parking,building,,yes,yes,no,,yes,,,,,,,,,,,,,,https://oestadoce.com.br/home-carrossel/app-de-mobilidade-firma-parceria-e-reforma-bicicletario-da-capital/,,,,2026-07-02T22:07:42.092Z,2026-07-02T22:07:42.092Z
456,way/1337702002,way,POINT(-52.094157 -32.0398068),,,bicycle_parking,wall_loops,,yes,no,no,,,,,,,,,,,,,,,,,,,,2026-07-02T22:07:42.092Z,2026-07-02T22:07:42.092Z
457,way/1337832856,way,POINT(-40.5030981 -9.3828255),,,bicycle_parking,stands,26,customers,no,,,,,,,,,,,,,,,,,,,,,2026-07-02T22:07:42.092Z,2026-07-02T22:07:42.092Z
458,way/1340154867,way,POINT(-43.099526 -22.2309798),,,bicycle_parking,wall_loops,14,yes,yes,no,,,,,,,,,,,,,,,,,,,,2026-07-02T22:07:42.092Z,2026-07-02T22:07:42.092Z
459,way/1343565305,way,POINT(-43.2262395 -22.9879214),,,bicycle_parking,,,,,,,,,,,,,,,,,,,,,,,,,2026-07-02T22:07:42.092Z,2026-07-02T22:07:42.092Z
460,way/1343565308,way,POINT(-43.2159197 -22.9862676),,,bicycle_parking,safe_loops,,,no,,,,,,,,,,,,,,,,,,,,,2026-07-02T22:07:42.092Z,2026-07-02T22:07:42.092Z
461,way/1343565315,way,POINT(-43.2243582 -22.9874067),,,bicycle_parking,,,,,,,,,,,,,,,,,,,,,,,,,2026-07-02T22:07:42.092Z,2026-07-02T22:07:42.092Z
462,way/1356893391,way,POINT(-51.6696024 -23.5215305),,,bicycle_parking,wall_loops,7,,no,,,,,,,,,,,,,,,,,,,,,2026-07-02T22:07:42.092Z,2026-07-02T22:07:42.092Z
463,way/1358702074,way,POINT(-35.7943728 -9.5149207),,,bicycle_parking,,,,no,no,,,,,,,,,,,,,,,,,,,,2026-07-02T22:07:42.092Z,2026-07-02T22:07:42.092Z
464,way/1361473428,way,POINT(-53.8978077 -23.8716109),,,bicycle_parking,,,,,,,,,,,,,,,,,,,,,,,,,2026-07-02T22:07:42.092Z,2026-07-02T22:07:42.092Z
465,way/1366047296,way,POINT(-48.1190353 -15.8268194),,,bicycle_parking,shed,,,,,,,,,yes,,,,,,,,,,,,,,,2026-07-02T22:07:42.092Z,2026-07-02T22:07:42.092Z
466,way/1370098278,way,POINT(-43.1132216 -22.883504),,,bicycle_parking,stands,,yes,no,no,,,,,,,,,,,,,,,,,,,,2026-07-02T22:07:42.092Z,2026-07-02T22:07:42.092Z
523,node/1720947462,node,POINT(-39.0893402 -12.658351),,,bicycle_parking,ground_slots,,,,,,,,,,,,,,,,,,,,,,,,2026-07-02T22:07:42.103Z,2026-07-02T22:07:42.103Z
467,way/1371028558,way,POINT(-43.646847 -22.9657153),Bicicletário Terminal Pingo d'Água,,bicycle_parking,building,600,,yes,no,,,,,yes,,,,,,,,,,,,,,,2026-07-02T22:07:42.092Z,2026-07-02T22:07:42.092Z
468,way/1371237005,way,POINT(-43.6211559 -22.9681281),,,bicycle_parking,building,250,,yes,no,,,,,yes,,,,,,,,,,,,,,,2026-07-02T22:07:42.092Z,2026-07-02T22:07:42.092Z
469,way/1371241572,way,POINT(-43.5951881 -22.9937501),Bicicletário Terminal Mato Alto - Norte,,bicycle_parking,building,250,yes,yes,no,,,,,yes,,,,,,,,,,,,,,,2026-07-02T22:07:42.092Z,2026-07-02T22:07:42.092Z
470,way/1371241573,way,POINT(-43.5978757 -22.9939411),Bicicletário Terminal Mato Alto - Sul,,bicycle_parking,building,250,yes,yes,no,,,,,yes,,,,,,,,,,,,,,,2026-07-02T22:07:42.092Z,2026-07-02T22:07:42.092Z
471,way/1382385717,way,POINT(-56.3784062 -1.461986),,,bicycle_parking,,,,,,,,,,,,,,,,,,,,,,,,,2026-07-02T22:07:42.092Z,2026-07-02T22:07:42.092Z
472,way/1382385718,way,POINT(-56.3778669 -1.4620606),,,bicycle_parking,,,,,,,,,,,,,,,,,,,,,,,,,2026-07-02T22:07:42.092Z,2026-07-02T22:07:42.092Z
473,way/1382385719,way,POINT(-56.3778596 -1.4621452),,,bicycle_parking,,,,,,,,,,,,,,,,,,,,,,,,,2026-07-02T22:07:42.092Z,2026-07-02T22:07:42.092Z
474,way/1386356355,way,POINT(-47.6356636 -22.766114),Pedal Vitta,,bicycle_parking,stands,9,,yes,,,,,,,,,,,,,,,,,,,,,2026-07-02T22:07:42.092Z,2026-07-02T22:07:42.092Z
475,way/1387118222,way,POINT(-43.3656682 -22.7952962),,,bicycle_parking,shed,15,private,yes,,,,Grupo JAL,,yes,,,,,,,,,,,,,,,2026-07-02T22:07:42.092Z,2026-07-02T22:07:42.092Z
476,way/1388130324,way,POINT(-47.0706969 -22.8170353),,,bicycle_parking,stands,,,no,no,,,,,,,,,,,,,,,,,,,,2026-07-02T22:07:42.092Z,2026-07-02T22:07:42.092Z
477,way/1391603938,way,POINT(-56.3811775 -1.47151),,,bicycle_parking,,,,,,,,,,,,,,,,,,,,,,,,,2026-07-02T22:07:42.092Z,2026-07-02T22:07:42.092Z
478,way/1395855238,way,POINT(-51.8577071 -21.359225),,,bicycle_parking,ground_slots,,yes,yes,no,,,Supermercado Beira Rio,,,,concrete,,,,,,,,,,,,,2026-07-02T22:07:42.092Z,2026-07-02T22:07:42.092Z
479,way/1418773555,way,POINT(-49.1786946 -26.7530294),,,bicycle_parking,,,,no,,,,,,,,,,,,,,,,,,,,,2026-07-02T22:07:42.092Z,2026-07-02T22:07:42.092Z
480,way/1419632566,way,POINT(-46.6755272 -23.4995071),,,bicycle_parking,building,,,,,,,,,yes,,,,,,,,,,,,,,,2026-07-02T22:07:42.092Z,2026-07-02T22:07:42.092Z
481,way/1424694752,way,POINT(-41.9513973 -18.8540474),,,bicycle_parking,,,yes,,no,,,GV Shoppimg,,,,,,,,,,,,,,,,,2026-07-02T22:07:42.092Z,2026-07-02T22:07:42.092Z
482,way/1429082980,way,POINT(-47.6469782 -22.702789),Bike Hotel,,bicycle_parking,,,customers,,yes,,,,,container,,,,Avenida Limeira,950,,,,,,,,,,2026-07-02T22:07:42.092Z,2026-07-02T22:07:42.092Z
483,way/1429823270,way,POINT(-44.4225354 -19.8828556),,,bicycle_parking,,,,,,,,,,,,,,,,,,,,,,,,,2026-07-02T22:07:42.092Z,2026-07-02T22:07:42.092Z
484,way/1431800998,way,POINT(-49.3168578 -16.6065677),,,bicycle_parking,,,,,no,,,,,,,,,,,,,,,,,,,,2026-07-02T22:07:42.092Z,2026-07-02T22:07:42.092Z
485,way/1432338831,way,POINT(-47.4313704 -23.470732),,,bicycle_parking,wall_loops,,,,,,,FACENS,,,,,,,,,,,,,,,,,2026-07-02T22:07:42.092Z,2026-07-02T22:07:42.092Z
486,way/1433091719,way,POINT(-47.4658845 -23.5821023),,,bicycle_parking,,10,,,no,,,,,,,,,,,,,,,,,,,,2026-07-02T22:07:42.092Z,2026-07-02T22:07:42.092Z
487,way/1436716908,way,POINT(-43.3657351 -22.9417792),,,bicycle_parking,stands,100,private,no,no,,,My Style Jacarépaguá,,,,,,,,,,,,,,,,,2026-07-02T22:07:42.092Z,2026-07-02T22:07:42.092Z
488,way/1436716909,way,POINT(-43.3650157 -22.9415636),,,bicycle_parking,stands,100,private,no,no,,,My Style Jacarépaguá,,,,,,,,,,,,,,,,,2026-07-02T22:07:42.092Z,2026-07-02T22:07:42.092Z
489,way/1436716910,way,POINT(-43.3659829 -22.9424128),,,bicycle_parking,stands,10,private,no,no,,,My Style Jacarépaguá,,,,,,,,,,,,,,,,,2026-07-02T22:07:42.092Z,2026-07-02T22:07:42.092Z
490,way/1436716919,way,POINT(-43.3654932 -22.9424481),,,bicycle_parking,stands,100,private,no,no,,,My Style Jacarépaguá,,,,,,,,,,,,,,,,,2026-07-02T22:07:42.092Z,2026-07-02T22:07:42.092Z
491,way/1436716920,way,POINT(-43.3648539 -22.9422696),,,bicycle_parking,stands,100,private,no,no,,,My Style Jacarépaguá,,,,,,,,,,,,,,,,,2026-07-02T22:07:42.092Z,2026-07-02T22:07:42.092Z
492,way/1444034885,way,POINT(-42.8389336 -5.0359981),,,bicycle_parking,stands,10,yes,no,,,,,,,,,,,,,,,,,,,,,2026-07-02T22:07:42.092Z,2026-07-02T22:07:42.092Z
493,way/1444034887,way,POINT(-42.8386177 -5.0353251),,,bicycle_parking,stands,24,yes,no,,,,,,,,,,,,,,,,,,,,,2026-07-02T22:07:42.092Z,2026-07-02T22:07:42.092Z
494,node/1459803291,node,POINT(-38.5246767 -13.0080296),,,bicycle_parking,stands,15,permissive,yes,,,,Shopping Barra,,,,,,,,,,,,,,,,,2026-07-02T22:07:42.092Z,2026-07-02T22:07:42.092Z
495,node/1556478783,node,POINT(-48.4948576 -27.680184),,,bicycle_parking,stands,10,,no,,,,,,,,,,,,,,,,,,,,,2026-07-02T22:07:42.092Z,2026-07-02T22:07:42.092Z
496,node/1556478794,node,POINT(-48.4935964 -27.6809211),,,bicycle_parking,wall_loops,2,,,,,,,,,,,,,,,,,,,,,,,2026-07-02T22:07:42.092Z,2026-07-02T22:07:42.092Z
497,node/1565182308,node,POINT(-43.170721 -22.9270924),,,bicycle_parking,stands,1,,no,,,,,,,,,,,,,,,,,,,,,2026-07-02T22:07:42.092Z,2026-07-02T22:07:42.092Z
498,node/1565182322,node,POINT(-43.1707963 -22.927253),,,bicycle_parking,stands,10,,no,,,,,,,,,,,,,,,,,,,,,2026-07-02T22:07:42.092Z,2026-07-02T22:07:42.092Z
499,node/1565182329,node,POINT(-43.1718547 -22.9299846),,,bicycle_parking,stands,1,,no,no,,,,,,,,,,,,,,,,,,,,2026-07-02T22:07:42.092Z,2026-07-02T22:07:42.092Z
500,node/1565182335,node,POINT(-43.1728096 -22.9334096),,,bicycle_parking,rack,6,,no,no,,,,,,,,,,,,,,,,,,,,2026-07-02T22:07:42.092Z,2026-07-02T22:07:42.092Z
501,node/1579707882,node,POINT(-43.1722516 -22.9139566),,,bicycle_parking,,20,,yes,no,,,,,,,,,,,,,,,,survey,,,,2026-07-02T22:07:42.103Z,2026-07-02T22:07:42.103Z
502,node/1579719435,node,POINT(-43.1753897 -22.9535314),,,bicycle_parking,,8,,no,,,,,,,,,,,,,,,,,,,,,2026-07-02T22:07:42.103Z,2026-07-02T22:07:42.103Z
503,node/1579889464,node,POINT(-43.1984919 -22.9833294),,,bicycle_parking,stands,70,,,,,,,,,,,,,,,,,,,,,,,2026-07-02T22:07:42.103Z,2026-07-02T22:07:42.103Z
504,node/1579889471,node,POINT(-43.1991525 -22.9866274),,,bicycle_parking,stands,20,yes,no,,,,Casa de Cultura Laura Alvim,,,,,,,,,,,,,,,,,2026-07-02T22:07:42.103Z,2026-07-02T22:07:42.103Z
505,node/1579889490,node,POINT(-43.1988159 -22.9870318),,,bicycle_parking,,9,,no,,,,,,,,,,,,,,,,,,,,,2026-07-02T22:07:42.103Z,2026-07-02T22:07:42.103Z
506,node/1579889493,node,POINT(-43.1907397 -22.9870369),,,bicycle_parking,,30,,no,,,,,,,,,,,,,,,,,,,,,2026-07-02T22:07:42.103Z,2026-07-02T22:07:42.103Z
507,node/1579889526,node,POINT(-43.1963876 -22.987513),,,bicycle_parking,,8,,no,,,,,,,,,,,,,,,,,,,,,2026-07-02T22:07:42.103Z,2026-07-02T22:07:42.103Z
508,node/1579889530,node,POINT(-43.194727 -22.9879424),,,bicycle_parking,,20,,no,,,,,,,,,,,,,,,,,,,,,2026-07-02T22:07:42.103Z,2026-07-02T22:07:42.103Z
509,node/1579889545,node,POINT(-43.1909951 -22.9894196),,,bicycle_parking,,9,,no,,,,,,,,,,,,,,,,,,,,,2026-07-02T22:07:42.103Z,2026-07-02T22:07:42.103Z
510,node/1579889559,node,POINT(-43.1910051 -22.9896495),,,bicycle_parking,,7,,no,,,,,,,,,,,,,,,,,,,,,2026-07-02T22:07:42.103Z,2026-07-02T22:07:42.103Z
511,node/1579889560,node,POINT(-43.1912048 -22.9898701),,,bicycle_parking,,36,,no,,,,,,,,,,,,,,,,,,,,,2026-07-02T22:07:42.103Z,2026-07-02T22:07:42.103Z
512,node/1607720221,node,POINT(-43.3044634 -23.0091765),,,bicycle_parking,,3,,no,,,,,,,,,,,,,,,,,,,,,2026-07-02T22:07:42.103Z,2026-07-02T22:07:42.103Z
513,node/1641806473,node,POINT(-34.9119148 -8.0557354),bicicletário do banco santander,,bicycle_parking,,,,,,,,,,,,,,,,,,,,,,,,,2026-07-02T22:07:42.103Z,2026-07-02T22:07:42.103Z
514,node/1663523369,node,POINT(-38.9573688 -12.2848563),,,bicycle_parking,,,,,,,,,,,,,,,,,,,,,,,,,2026-07-02T22:07:42.103Z,2026-07-02T22:07:42.103Z
515,node/1672902956,node,POINT(-43.1673489 -22.9545059),,,bicycle_parking,,20,,no,,,,,,,,,,,,,,,,,,,,,2026-07-02T22:07:42.103Z,2026-07-02T22:07:42.103Z
516,node/1673649112,node,POINT(-38.9625187 -12.2531221),Todo Dia,,bicycle_parking,,5,,,,,,,,,,,,,,,,,,,,,,,2026-07-02T22:07:42.103Z,2026-07-02T22:07:42.103Z
517,node/1678273356,node,POINT(-34.9244554 -8.0580881),,,bicycle_parking,,30,,no,no,,,,,,,,,,,,,,,,,,,,2026-07-02T22:07:42.103Z,2026-07-02T22:07:42.103Z
518,node/1701761104,node,POINT(-43.2205184 -22.9662384),,,bicycle_parking,,7,,no,,,,,,,,,,,,,,Mo-Su 08:00-17:00,,,,,,,2026-07-02T22:07:42.103Z,2026-07-02T22:07:42.103Z
519,node/1701768026,node,POINT(-43.1975841 -22.955996),,,bicycle_parking,stands,10,,no,,,,,,,,,,,,,,,,,,,,,2026-07-02T22:07:42.103Z,2026-07-02T22:07:42.103Z
520,node/1701768028,node,POINT(-43.2020154 -22.9600217),,,bicycle_parking,,10,,,,,,,,,,,,,,,,,,,,,,,2026-07-02T22:07:42.103Z,2026-07-02T22:07:42.103Z
521,node/1701768030,node,POINT(-43.1910677 -22.9537297),,,bicycle_parking,,6,,yes,,,,,,,,,,,,,,,,,,,,,2026-07-02T22:07:42.103Z,2026-07-02T22:07:42.103Z
522,node/1710707459,node,POINT(-43.2214975 -22.9811474),,,bicycle_parking,,12,,no,,,,,,,,,,,,,,,,,,,,,2026-07-02T22:07:42.103Z,2026-07-02T22:07:42.103Z
524,node/1721337834,node,POINT(-48.5031895 -27.6663119),,paraciclo de guidon,bicycle_parking,,4,,no,,,,,,,,,,,,,,,,,,,,,2026-07-02T22:07:42.103Z,2026-07-02T22:07:42.103Z
525,node/1726018647,node,POINT(-48.4923812 -27.6818101),,,bicycle_parking,wall_loops,,,no,,,,,,,,,,,,,,,,,,,,,2026-07-02T22:07:42.103Z,2026-07-02T22:07:42.103Z
526,node/1726018652,node,POINT(-48.5233169 -27.5996164),,paraciclo de guidon,bicycle_parking,,10,,no,,,,,,,,,,,,,,,,,,,,,2026-07-02T22:07:42.103Z,2026-07-02T22:07:42.103Z
527,node/1726018653,node,POINT(-48.5213111 -27.6028821),,paraciclo de guidon,bicycle_parking,,12,,no,,,,,,,,,,,,,,,,,,,,,2026-07-02T22:07:42.103Z,2026-07-02T22:07:42.103Z
528,node/1731179318,node,POINT(-38.9495492 -12.2591745),Madereira Cerqueira,,bicycle_parking,ground_slots,,,,,,,,,,,,,,,,,,,,,,,,2026-07-02T22:07:42.103Z,2026-07-02T22:07:42.103Z
529,node/1737747013,node,POINT(-48.4904458 -27.6820412),,,bicycle_parking,stands,,yes,no,no,no,,,,,,,,,,,,,,,,,,,2026-07-02T22:07:42.103Z,2026-07-02T22:07:42.103Z
530,node/1738681218,node,POINT(-48.4933794 -27.6812723),,,bicycle_parking,wall_loops,8,yes,yes,no,no,,,,,,,,,,,,,,,,,,,2026-07-02T22:07:42.103Z,2026-07-02T22:07:42.103Z
531,node/1738827781,node,POINT(-48.5456503 -27.5850088),,,bicycle_parking,stands,,yes,yes,no,no,,,,,,,,,,,,,,,,,,,2026-07-02T22:07:42.103Z,2026-07-02T22:07:42.103Z
532,node/1752004534,node,POINT(-43.2335794 -22.9226726),,,bicycle_parking,wall_hoops,6,yes,no,no,,,,,,,,,,,,,,,,survey,,,,2026-07-02T22:07:42.103Z,2026-07-02T22:07:42.103Z
533,node/1757825311,node,POINT(-38.9521126 -12.2681815),Academia Maciste,,bicycle_parking,,,,no,,,,,,,,,,,,,,,,,,,,,2026-07-02T22:07:42.103Z,2026-07-02T22:07:42.103Z
534,node/1762707377,node,POINT(-48.5159827 -27.5986156),,,bicycle_parking,wave,13,,no,,no,,,,,,,,,,,,,,,,,,,2026-07-02T22:07:42.103Z,2026-07-02T22:07:42.103Z
535,node/1765125129,node,POINT(-43.2235416 -22.9204664),,,bicycle_parking,,5,destination,yes,,,,Metrô Rio,,,,,,,,,,Mo-Sa 05:00-24:00; Su 06:00-23:00,,,,,,,2026-07-02T22:07:42.103Z,2026-07-02T22:07:42.103Z
536,node/1770155667,node,POINT(-45.0746476 -23.4332887),,,bicycle_parking,,,,,,,,,,,,,,,,,,,,,,,,,2026-07-02T22:07:42.103Z,2026-07-02T22:07:42.103Z
537,node/1770155672,node,POINT(-45.0766259 -23.4333335),,,bicycle_parking,,,,,,,,,,,,,,,,,,,,,,,,,2026-07-02T22:07:42.103Z,2026-07-02T22:07:42.103Z
538,node/1770155680,node,POINT(-45.072509 -23.4334588),,,bicycle_parking,,,,,,,,,,,,,,,,,,,,,,,,,2026-07-02T22:07:42.103Z,2026-07-02T22:07:42.103Z
539,node/1775509389,node,POINT(-38.5257014 -12.997771),,,bicycle_parking,wall_loops,,yes,no,no,,,,,,,,,,,,,,,,,,,,2026-07-02T22:07:42.103Z,2026-07-02T22:07:42.103Z
540,node/1788101450,node,POINT(-43.3651709 -22.8064243),MetrôRio Estação Pavuna,,bicycle_parking,rack,80,,yes,no,,,MetrôRio,,,,,,,,,,,,,,,,,2026-07-02T22:07:42.103Z,2026-07-02T22:07:42.103Z
541,node/1801254652,node,POINT(-46.4235922 -23.9074283),,,bicycle_parking,,,,,,,,,,,,,,,,,,,,,,,,,2026-07-02T22:07:42.103Z,2026-07-02T22:07:42.103Z
542,node/1801254665,node,POINT(-46.4237703 -23.9061565),,,bicycle_parking,,,,,,,,,,,,,,,,,,,,,,,,,2026-07-02T22:07:42.103Z,2026-07-02T22:07:42.103Z
543,node/1801254698,node,POINT(-46.423824 -23.9060437),,,bicycle_parking,,,,,,,,,,,,,,,,,,,,,,,,,2026-07-02T22:07:42.103Z,2026-07-02T22:07:42.103Z
544,node/1801254781,node,POINT(-46.4234753 -23.9077111),,,bicycle_parking,,,,,,,,,,,,,,,,,,,,,,,,,2026-07-02T22:07:42.103Z,2026-07-02T22:07:42.103Z
545,node/1801254782,node,POINT(-46.4197578 -23.9149396),,,bicycle_parking,,,,,,,,,,,,,,,,,,,,,,,,,2026-07-02T22:07:42.103Z,2026-07-02T22:07:42.103Z
546,node/1801254783,node,POINT(-46.4195164 -23.9150524),,,bicycle_parking,,,,yes,,,,,,,,,,,,,,,,,,,,,2026-07-02T22:07:42.103Z,2026-07-02T22:07:42.103Z
547,node/1801254788,node,POINT(-46.415949 -23.9176907),,,bicycle_parking,,,,,,,,,,,,,,,,,,,,,,,,,2026-07-02T22:07:42.103Z,2026-07-02T22:07:42.103Z
548,node/1801254930,node,POINT(-46.4157666 -23.9178672),,,bicycle_parking,,,,,,,,,,,,,,,,,,,,,,,,,2026-07-02T22:07:42.103Z,2026-07-02T22:07:42.103Z
549,node/1801255256,node,POINT(-46.4272773 -23.899925),,,bicycle_parking,,,,,,,,,,,,,,,,,,,,,,,,,2026-07-02T22:07:42.103Z,2026-07-02T22:07:42.103Z
550,node/1801255264,node,POINT(-46.4273323 -23.8997367),,,bicycle_parking,,,,,,,,,,,,,,,,,,,,,,,,,2026-07-02T22:07:42.103Z,2026-07-02T22:07:42.103Z
551,node/1801255285,node,POINT(-46.4317029 -23.8940217),,,bicycle_parking,,,,,,,,,,,,,,,,,,,,,,,,,2026-07-02T22:07:42.103Z,2026-07-02T22:07:42.103Z
552,node/1801256074,node,POINT(-46.4331205 -23.8967302),,,bicycle_parking,,,,,,,,,,,,,,,,,,,,,,,,,2026-07-02T22:07:42.103Z,2026-07-02T22:07:42.103Z
553,node/1801256224,node,POINT(-46.432922 -23.8962373),,,bicycle_parking,,,,,,,,,,,,,,,,,,,,,,,,,2026-07-02T22:07:42.103Z,2026-07-02T22:07:42.103Z
554,node/1801256332,node,POINT(-46.432863 -23.8961098),,,bicycle_parking,,,,,,,,,,,,,,,,,,,,,,,,,2026-07-02T22:07:42.103Z,2026-07-02T22:07:42.103Z
555,node/1801256389,node,POINT(-46.4325438 -23.8951534),,,bicycle_parking,,,,,,,,,,,,,,,,,,,,,,,,,2026-07-02T22:07:42.103Z,2026-07-02T22:07:42.103Z
556,node/1801256390,node,POINT(-46.4319511 -23.8935005),,,bicycle_parking,,,,,,,,,,,,,,,,,,,,,,,,,2026-07-02T22:07:42.103Z,2026-07-02T22:07:42.103Z
557,node/1801256391,node,POINT(-46.4310847 -23.8933044),,,bicycle_parking,,,,,,,,,,,,,,,,,,,,,,,,,2026-07-02T22:07:42.103Z,2026-07-02T22:07:42.103Z
558,node/1801256814,node,POINT(-46.4332037 -23.896767),,,bicycle_parking,,,,,,,,,,,,,,,,,,,,,,,,,2026-07-02T22:07:42.103Z,2026-07-02T22:07:42.103Z
559,node/1801256815,node,POINT(-46.4310794 -23.8931842),,,bicycle_parking,,,,,,,,,,,,,,,,,,,,,,,,,2026-07-02T22:07:42.103Z,2026-07-02T22:07:42.103Z
560,node/1801257184,node,POINT(-46.4214529 -23.8899428),,,bicycle_parking,,,,,,,,,,,,,,,,,,,,,,,,,2026-07-02T22:07:42.103Z,2026-07-02T22:07:42.103Z
561,node/1801257185,node,POINT(-46.4231186 -23.8896528),,,bicycle_parking,,,,,,,,,,,,,,,,,,,,,,,,,2026-07-02T22:07:42.103Z,2026-07-02T22:07:42.103Z
562,node/1801257186,node,POINT(-46.4233251 -23.8896135),,,bicycle_parking,,,,,,,,,,,,,,,,,,,,,,,,,2026-07-02T22:07:42.103Z,2026-07-02T22:07:42.103Z
563,node/1801257187,node,POINT(-46.4253528 -23.8892138),,,bicycle_parking,,,,,,,,,,,,,,,,,,,,,,,,,2026-07-02T22:07:42.103Z,2026-07-02T22:07:42.103Z
564,node/1801257188,node,POINT(-46.4255755 -23.889177),,,bicycle_parking,,,,,,,,,,,,,,,,,,,,,,,,,2026-07-02T22:07:42.103Z,2026-07-02T22:07:42.103Z
565,node/1801257196,node,POINT(-46.4268066 -23.8889391),,,bicycle_parking,,,,,,,,,,,,,,,,,,,,,,,,,2026-07-02T22:07:42.103Z,2026-07-02T22:07:42.103Z
566,node/1801257198,node,POINT(-46.4295398 -23.8884167),,,bicycle_parking,,,,,,,,,,,,,,,,,,,,,,,,,2026-07-02T22:07:42.103Z,2026-07-02T22:07:42.103Z
567,node/1808437623,node,POINT(-46.5890304 -23.5921394),Bicicletário CPTM,,bicycle_parking,,,,yes,,,,,,,,,,,,,,,,,,,,,2026-07-02T22:07:42.103Z,2026-07-02T22:07:42.103Z
568,node/1808437646,node,POINT(-46.5905613 -23.593135),,,bicycle_parking,,,,,,,,,,,,,,,,,,,,,,,,,2026-07-02T22:07:42.103Z,2026-07-02T22:07:42.103Z
569,node/1814465619,node,POINT(-43.1247458 -22.8964051),,,bicycle_parking,stands,10,,,no,,,,,,,,,,,,,,,,,,,,2026-07-02T22:07:42.103Z,2026-07-02T22:07:42.103Z
570,node/1828029501,node,POINT(-44.0208107 -19.9741525),,,bicycle_parking,,,,yes,,,,,,,,,,,,,,,,,,,,,2026-07-02T22:07:42.103Z,2026-07-02T22:07:42.103Z
571,node/1831316118,node,POINT(-43.2323173 -22.9245187),,,bicycle_parking,,,,,,,,,,,,,,,,,,,,,,,,,2026-07-02T22:07:42.103Z,2026-07-02T22:07:42.103Z
572,node/1847455104,node,POINT(-48.5196291 -27.599827),,,bicycle_parking,stands,,,no,no,,,,,,,,,,,,,,,,,,,,2026-07-02T22:07:42.103Z,2026-07-02T22:07:42.103Z
573,node/1847455119,node,POINT(-48.5212593 -27.6005373),,,bicycle_parking,,,,no,no,,,,,,,,,,,,,,,,,,,,2026-07-02T22:07:42.103Z,2026-07-02T22:07:42.103Z
574,node/1847479745,node,POINT(-48.5125692 -27.5999532),,,bicycle_parking,wall_loops,5,,no,,,,,,,,,,,,,,,,,,,,,2026-07-02T22:07:42.103Z,2026-07-02T22:07:42.103Z
575,node/1937511281,node,POINT(-49.2701765 -25.4142716),,,bicycle_parking,,,,,,,,,,,,,,,,,,,,,,,,,2026-07-02T22:07:42.103Z,2026-07-02T22:07:42.103Z
576,node/1949942536,node,POINT(-43.1693556 -22.9549074),,,bicycle_parking,,23,,no,,,,,,,,,,,,,,,,,,,,,2026-07-02T22:07:42.103Z,2026-07-02T22:07:42.103Z
577,node/1949942543,node,POINT(-43.1690525 -22.9549814),,,bicycle_parking,,22,,no,,,,,,,,,,,,,,,,,,,,,2026-07-02T22:07:42.103Z,2026-07-02T22:07:42.103Z
578,node/1949942544,node,POINT(-43.1689211 -22.9547443),,,bicycle_parking,,6,,no,,,,,,,,,,,,,,,,,,,,,2026-07-02T22:07:42.103Z,2026-07-02T22:07:42.103Z
579,node/1974955980,node,POINT(-46.6575271 -23.5901404),,,bicycle_parking,,5,,,,,,,,,,,,,,,,,,,,,,,2026-07-02T22:07:42.103Z,2026-07-02T22:07:42.103Z
580,node/1976954103,node,POINT(-43.1833211 -22.9684815),Secretaria de Transportes,,bicycle_parking,,,,yes,no,,,,,,,,,,,,,,,,,,,,2026-07-02T22:07:42.103Z,2026-07-02T22:07:42.103Z
581,node/1977039846,node,POINT(-43.1091801 -22.9044737),,,bicycle_parking,pórtico,16,,,no,,,,,,,,,,,,,,,,,,,,2026-07-02T22:07:42.103Z,2026-07-02T22:07:42.103Z
582,node/1977788431,node,POINT(-43.1723165 -22.9052979),Tribunal de Justiça,,bicycle_parking,wall_hoops,25,,,no,,,,,,,,,,,,,,,,,,,,2026-07-02T22:07:42.103Z,2026-07-02T22:07:42.103Z
583,node/1977967909,node,POINT(-43.3116212 -22.8538486),Atacadão,,bicycle_parking,wall_loops,10,,no,,,,,,,,,,,,,,,,,,,,,2026-07-02T22:07:42.103Z,2026-07-02T22:07:42.103Z
584,node/1978000203,node,POINT(-43.3640408 -22.9943083),Leroy Merlin,,bicycle_parking,stands,8,,yes,no,,,,,,,,,,,,,,,,,,,,2026-07-02T22:07:42.103Z,2026-07-02T22:07:42.103Z
585,node/1978012152,node,POINT(-43.3606234 -23.0002994),,,bicycle_parking,stands,6,,no,no,,,,,,,,,,,,,,,,,,,,2026-07-02T22:07:42.103Z,2026-07-02T22:07:42.103Z
586,node/1978027991,node,POINT(-43.2617179 -22.9195468),,,bicycle_parking,stands,5,,no,no,,,,,,,,,,,,,,,,,,,,2026-07-02T22:07:42.103Z,2026-07-02T22:07:42.103Z
587,node/1981139573,node,POINT(-43.2130219 -22.9610703),,,bicycle_parking,wall_loops,25,,no,,,,Parque Lage,,,,,,,,,,,,,,,,,2026-07-02T22:07:42.103Z,2026-07-02T22:07:42.103Z
588,node/1981146785,node,POINT(-43.196622 -22.9556809),,,bicycle_parking,wall_hoops,10,,no,,,,Cobal do Humaitá,,,,,,,,,,,,,,,,,2026-07-02T22:07:42.103Z,2026-07-02T22:07:42.103Z
589,node/1990989755,node,POINT(-43.1886117 -22.9859005),Adega do Cesare,,restaurant;bicycle_parking,stands,20,,no,,,,,,,,,,,,,,,,,,,,,2026-07-02T22:07:42.103Z,2026-07-02T22:07:42.103Z
590,node/2001257498,node,POINT(-43.1245112 -22.897236),,,bicycle_parking,stands,7,,yes,no,,,,,,,,,,,,,,,,,,,,2026-07-02T22:07:42.103Z,2026-07-02T22:07:42.103Z
591,node/2001259816,node,POINT(-43.1253966 -22.8856356),,,bicycle_parking,stands,10,,,no,,,,,,,,,,,,,,,,,,,,2026-07-02T22:07:42.103Z,2026-07-02T22:07:42.103Z
592,node/2001261120,node,POINT(-43.1305251 -22.8993553),,,bicycle_parking,pórtico,12,,,no,,,,,,,,,,,,,,,,,,,,2026-07-02T22:07:42.103Z,2026-07-02T22:07:42.103Z
593,node/2001315286,node,POINT(-43.2215243 -22.9122745),,,bicycle_parking,wall_hoops,25,,no,no,,,Universidade Veiga de Almeida,,,,,,,,,,,,,,,,,2026-07-02T22:07:42.103Z,2026-07-02T22:07:42.103Z
594,node/2001383283,node,POINT(-43.2089748 -22.8032858),,,bicycle_parking,stands,25,,,no,,,,,,,,,,,,,,,,,,,,2026-07-02T22:07:42.103Z,2026-07-02T22:07:42.103Z
595,node/2001392488,node,POINT(-43.2102358 -22.8059513),,,bicycle_parking,wall_hoops,4,,no,no,,,,,,,,,,,,,,,,,,,,2026-07-02T22:07:42.103Z,2026-07-02T22:07:42.103Z
596,node/2001403748,node,POINT(-43.2101362 -22.8059287),,,bicycle_parking,wall_hoops,4,,no,no,,,,,,,,,,,,,,,,,,,,2026-07-02T22:07:42.103Z,2026-07-02T22:07:42.103Z
597,node/2001409704,node,POINT(-43.209084 -22.8056667),,,bicycle_parking,wall_hoops,4,,no,no,,,,,,,,,,,,,,,,,,,,2026-07-02T22:07:42.103Z,2026-07-02T22:07:42.103Z
598,node/2007238091,node,POINT(-43.1836835 -22.938026),,,bicycle_parking,,30,,no,no,,,Governo do Estado,,,,,,,,,,,,,,,,,2026-07-02T22:07:42.103Z,2026-07-02T22:07:42.103Z
599,node/2011047664,node,POINT(-43.3280765 -22.8330503),,,bicycle_parking,wall_hoops,10,,no,no,,,Mundial,,,,,,,,,,,,,,,,,2026-07-02T22:07:42.103Z,2026-07-02T22:07:42.103Z
600,node/2011047678,node,POINT(-43.3288438 -22.8322738),,,bicycle_parking,wall_hoops,10,,no,no,,,Guanabara,,,,,,,,,,,,,,,,,2026-07-02T22:07:42.103Z,2026-07-02T22:07:42.103Z
601,node/2014138682,node,POINT(-43.1861474 -22.9519984),,,bicycle_parking,stands,5,,no,,,,,,,,,,,,,,,,,survey,,,,2026-07-02T22:07:42.114Z,2026-07-02T22:07:42.114Z
602,node/2014576877,node,POINT(-43.2226773 -22.9645391),,,bicycle_parking,,10,,,no,,,,,,,,,,,,,,,,survey,,,,2026-07-02T22:07:42.114Z,2026-07-02T22:07:42.114Z
603,node/2021881722,node,POINT(-43.3199204 -22.8220767),,,bicycle_parking,,37,,no,no,,,,,,,,,,,,,,,,survey,,,,2026-07-02T22:07:42.114Z,2026-07-02T22:07:42.114Z
604,node/2021881728,node,POINT(-43.2740824 -22.8773699),,,bicycle_parking,,24,,no,no,,,Shopping Nova América,,,,,,,,,,,,,survey,,,,2026-07-02T22:07:42.114Z,2026-07-02T22:07:42.114Z
605,node/2021881820,node,POINT(-43.3197164 -22.8237412),,,bicycle_parking,wall_hoops,40,,yes,no,,,Shopping Via Brasil,,,,,,,,,,,,,survey,,,,2026-07-02T22:07:42.114Z,2026-07-02T22:07:42.114Z
606,node/2025035829,node,POINT(-40.5000944 -20.6674993),,,bicycle_parking,,,,,,,,,,,,,,,,,,,,,,,,,2026-07-02T22:07:42.114Z,2026-07-02T22:07:42.114Z
607,node/2026296368,node,POINT(-43.2170823 -22.9760702),,,bicycle_parking,,20,,no,no,,,Lagoon,,,,,,,,,,,,,,,,,2026-07-02T22:07:42.114Z,2026-07-02T22:07:42.114Z
608,node/2026305823,node,POINT(-43.2312657 -22.9142417),,,bicycle_parking,wall_hoops,3,,no,no,,,,,,,,,,,,,,,,,,,,2026-07-02T22:07:42.114Z,2026-07-02T22:07:42.114Z
609,node/2026305824,node,POINT(-43.2313444 -22.9133197),,,bicycle_parking,wall_hoops,10,,no,no,,,,,,,,,,,,,,,,,,,,2026-07-02T22:07:42.114Z,2026-07-02T22:07:42.114Z
610,node/2029104436,node,POINT(-43.2646346 -22.9223366),,,bicycle_parking,stands,6,,no,no,,,,,,,,,,,,,,,,survey,,,,2026-07-02T22:07:42.114Z,2026-07-02T22:07:42.114Z
611,node/2029104437,node,POINT(-43.2644469 -22.9227204),,,bicycle_parking,stands,6,,no,no,,,,,,,,,,,,,,,,survey,,,,2026-07-02T22:07:42.114Z,2026-07-02T22:07:42.114Z
612,node/2038032579,node,POINT(-43.1832348 -22.9477202),,,bicycle_parking,stands,10,,no,no,,,,,,,,,,,,,,,,,,,,2026-07-02T22:07:42.114Z,2026-07-02T22:07:42.114Z
613,node/2038041242,node,POINT(-43.1649133 -22.9544242),,,bicycle_parking,stands,30,,yes,no,,,,,,,,,,,,,,,,,,,,2026-07-02T22:07:42.114Z,2026-07-02T22:07:42.114Z
614,node/2038047181,node,POINT(-43.1826 -22.9505866),,,bicycle_parking,,6,,yes,no,,,Supermercado Mundial,,,,,,,,,,,,,survey,,,,2026-07-02T22:07:42.114Z,2026-07-02T22:07:42.114Z
615,node/2038054325,node,POINT(-43.1823318 -22.9506508),,,bicycle_parking,stands,3,,no,no,,,,,,,,,,,,,,,,survey,,,,2026-07-02T22:07:42.114Z,2026-07-02T22:07:42.114Z
616,node/2038070842,node,POINT(-43.1889433 -22.9568222),,,bicycle_parking,,,,yes,no,,,Supermercado Prezunic,,,,,,,,,,,,,survey,,,,2026-07-02T22:07:42.114Z,2026-07-02T22:07:42.114Z
617,node/2038070857,node,POINT(-43.1890803 -22.9571853),,,bicycle_parking,stands,8,,no,no,,,,,,,,,,,,,,,,survey,,,,2026-07-02T22:07:42.114Z,2026-07-02T22:07:42.114Z
618,node/2038139851,node,POINT(-43.184445 -22.9525973),,,bicycle_parking,wall_hoops,3,,no,no,,,,,,,,,,,,,,,,survey,,,,2026-07-02T22:07:42.114Z,2026-07-02T22:07:42.114Z
619,node/2044450113,node,POINT(-38.9526819 -12.2638689),,,bicycle_parking,stands,4,,no,,,,,,,,,,,,,,,,,,,,,2026-07-02T22:07:42.114Z,2026-07-02T22:07:42.114Z
620,node/2051573021,node,POINT(-43.1844744 -22.9695412),,,bicycle_parking,wall_hoops,10,,no,no,,,Centro Comercial Copacabana,,,,,,,,,,,,,,,,,2026-07-02T22:07:42.114Z,2026-07-02T22:07:42.114Z
621,node/2052767174,node,POINT(-43.1805937 -22.9486673),,,bicycle_parking,wall_hoops,10,,no,no,,,Clube de Regatas Botafogo,,,,,,,,,,,,,survey,,,,2026-07-02T22:07:42.114Z,2026-07-02T22:07:42.114Z
622,node/2052820350,node,POINT(-38.9526812 -12.2635979),Loteria,,bicycle_parking,stands,,,no,no,,,,,,,,,,,,,,,,,,,,2026-07-02T22:07:42.114Z,2026-07-02T22:07:42.114Z
623,node/2063479779,node,POINT(-38.9549743 -12.2557579),Banco do Brasil,,bicycle_parking,stands,10,,no,no,,,,,,,,,,,,,,,,,,,,2026-07-02T22:07:42.114Z,2026-07-02T22:07:42.114Z
624,node/2065753180,node,POINT(-43.1651702 -22.9558887),,,bicycle_parking,wall_hoops,10,,no,no,,,,,,,,,,,,,,,,survey,,,,2026-07-02T22:07:42.114Z,2026-07-02T22:07:42.114Z
625,node/2065758489,node,POINT(-43.2053503 -22.9120973),,,bicycle_parking,wall_hoops,6,,no,no,,,,,,,,,,,,,,,,survey,,,,2026-07-02T22:07:42.114Z,2026-07-02T22:07:42.114Z
626,node/2065799881,node,POINT(-43.180953 -22.950378),,,bicycle_parking,anchors,28,,yes,no,,,Centro Empresarial Mourisco,,,,,,,,,,Mo-Fr 07:00-22:00,,,survey,,,,2026-07-02T22:07:42.114Z,2026-07-02T22:07:42.114Z
627,node/2066433295,node,POINT(-43.2071123 -22.9830936),,,bicycle_parking,stands,2,,no,no,,,,,,,,,,,,,,,,survey,,,,2026-07-02T22:07:42.114Z,2026-07-02T22:07:42.114Z
628,node/2066433296,node,POINT(-43.2070614 -22.9831204),,,bicycle_parking,stands,4,,no,no,,,,,,,,,,,,,,,,survey,,,,2026-07-02T22:07:42.114Z,2026-07-02T22:07:42.114Z
629,node/2067020231,node,POINT(-48.523399 -27.6027437),,,bicycle_parking,,,,,,,,,,,,,,,,,,,,,,,,,2026-07-02T22:07:42.114Z,2026-07-02T22:07:42.114Z
630,node/2071691768,node,POINT(-43.225888 -22.9830193),,,bicycle_parking,stands,5,,no,no,,,,,,,,,,,,,,,,survey,,,,2026-07-02T22:07:42.114Z,2026-07-02T22:07:42.114Z
631,node/2071693629,node,POINT(-43.227052 -22.9838539),,,bicycle_parking,stands,3,,no,no,,,,,,,,,,,,,,,,survey,,,,2026-07-02T22:07:42.114Z,2026-07-02T22:07:42.114Z
632,node/2071693835,node,POINT(-43.2269742 -22.9837798),,,bicycle_parking,stands,3,,no,no,,,,,,,,,,,,,,,,survey,,,,2026-07-02T22:07:42.114Z,2026-07-02T22:07:42.114Z
633,node/2071711405,node,POINT(-43.2283847 -22.9854786),,,bicycle_parking,stands,3,,no,no,,,,,,,,,,,,,,,,survey,,,,2026-07-02T22:07:42.114Z,2026-07-02T22:07:42.114Z
634,node/2071712765,node,POINT(-43.228527 -22.9859059),,,bicycle_parking,stands,5,,no,no,,,,,,,,,,,,,,,,survey,,,,2026-07-02T22:07:42.114Z,2026-07-02T22:07:42.114Z
635,node/2071718109,node,POINT(-43.2283876 -22.9859971),,,bicycle_parking,stands,5,,no,no,,,,,,,,,,,,,,,,survey,,,,2026-07-02T22:07:42.114Z,2026-07-02T22:07:42.114Z
636,node/2071720146,node,POINT(-43.2281192 -22.9858872),,,bicycle_parking,stands,3,,no,no,,,,,,,,,,,,,,,,survey,,,,2026-07-02T22:07:42.114Z,2026-07-02T22:07:42.114Z
637,node/2071722995,node,POINT(-43.2277948 -22.9857872),,,bicycle_parking,stands,3,,no,no,,,,,,,,,,,,,,,,survey,,,,2026-07-02T22:07:42.114Z,2026-07-02T22:07:42.114Z
638,node/2071723916,node,POINT(-43.2275992 -22.9857107),,,bicycle_parking,stands,3,,no,no,,,,,,,,,,,,,,,,survey,,,,2026-07-02T22:07:42.114Z,2026-07-02T22:07:42.114Z
639,node/2071725967,node,POINT(-43.2278082 -22.985928),,,bicycle_parking,stands,3,,no,no,,,,,,,,,,,,,,,,survey,,,,2026-07-02T22:07:42.114Z,2026-07-02T22:07:42.114Z
640,node/2071727055,node,POINT(-43.227626 -22.9858564),,,bicycle_parking,stands,5,,no,no,,,,,,,,,,,,,,,,survey,,,,2026-07-02T22:07:42.114Z,2026-07-02T22:07:42.114Z
641,node/2071728227,node,POINT(-43.2274087 -22.9857526),,,bicycle_parking,stands,3,,no,no,,,,,,,,,,,,,,,,survey,,,,2026-07-02T22:07:42.114Z,2026-07-02T22:07:42.114Z
642,node/2071731608,node,POINT(-43.2271271 -22.9854958),,,bicycle_parking,stands,5,,no,no,,,,,,,,,,,,,,,,survey,,,,2026-07-02T22:07:42.114Z,2026-07-02T22:07:42.114Z
643,node/2071731849,node,POINT(-43.2270922 -22.9854835),,,bicycle_parking,stands,5,,no,no,,,,,,,,,,,,,,,,survey,,,,2026-07-02T22:07:42.114Z,2026-07-02T22:07:42.114Z
644,node/2071736584,node,POINT(-43.226765 -22.9853577),,,bicycle_parking,stands,3,,no,no,,,,,,,,,,,,,,,,survey,,,,2026-07-02T22:07:42.114Z,2026-07-02T22:07:42.114Z
645,node/2071738454,node,POINT(-43.226368 -22.985239),,,bicycle_parking,stands,3,,no,no,,,,,,,,,,,,,,,,survey,,,,2026-07-02T22:07:42.114Z,2026-07-02T22:07:42.114Z
646,node/2071738731,node,POINT(-43.226419 -22.9852515),,,bicycle_parking,stands,3,,no,no,,,,,,,,,,,,,,,,survey,,,,2026-07-02T22:07:42.114Z,2026-07-02T22:07:42.114Z
647,node/2071739893,node,POINT(-43.226309 -22.9853526),,,bicycle_parking,stands,5,,no,no,,,,,,,,,,,,,,,,survey,,,,2026-07-02T22:07:42.114Z,2026-07-02T22:07:42.114Z
648,node/2071741634,node,POINT(-43.2258584 -22.9851995),,,bicycle_parking,stands,3,,no,no,,,,,,,,,,,,,,,,survey,,,,2026-07-02T22:07:42.114Z,2026-07-02T22:07:42.114Z
649,node/2071744634,node,POINT(-43.2256224 -22.9849872),,,bicycle_parking,stands,5,,no,no,,,,,,,,,,,,,,,,survey,,,,2026-07-02T22:07:42.114Z,2026-07-02T22:07:42.114Z
650,node/2071747622,node,POINT(-43.2252469 -22.9844118),,,bicycle_parking,stands,3,,no,no,,,,,,,,,,,,,,,,survey,,,,2026-07-02T22:07:42.114Z,2026-07-02T22:07:42.114Z
651,node/2071748226,node,POINT(-43.2252365 -22.9844463),,,bicycle_parking,stands,5,,no,no,,,,,,,,,,,,,,,,survey,,,,2026-07-02T22:07:42.114Z,2026-07-02T22:07:42.114Z
652,node/2071753741,node,POINT(-43.2229241 -22.9842317),,,bicycle_parking,stands,5,,no,no,,,,,,,,,,,,,,,,survey,,,,2026-07-02T22:07:42.114Z,2026-07-02T22:07:42.114Z
653,node/2071754003,node,POINT(-43.2228624 -22.9843822),,,bicycle_parking,stands,3,,no,no,,,,,,,,,,,,,,,,survey,,,,2026-07-02T22:07:42.114Z,2026-07-02T22:07:42.114Z
654,node/2071754240,node,POINT(-43.2224574 -22.9841452),,,bicycle_parking,stands,3,,no,no,,,,,,,,,,,,,,,,survey,,,,2026-07-02T22:07:42.114Z,2026-07-02T22:07:42.114Z
655,node/2071754245,node,POINT(-43.2223984 -22.9841131),,,bicycle_parking,stands,3,,no,no,,,,,,,,,,,,,,,,survey,,,,2026-07-02T22:07:42.114Z,2026-07-02T22:07:42.114Z
656,node/2071754525,node,POINT(-43.2223823 -22.984402),,,bicycle_parking,stands,3,,no,no,,,,,,,,,,,,,,,,survey,,,,2026-07-02T22:07:42.114Z,2026-07-02T22:07:42.114Z
657,node/2071756545,node,POINT(-43.2235483 -22.9817352),,,bicycle_parking,stands,3,,no,no,,,,,,,,,,,,,,,,survey,,,,2026-07-02T22:07:42.114Z,2026-07-02T22:07:42.114Z
658,node/2071809797,node,POINT(-43.2238469 -22.9812436),,,bicycle_parking,stands,10,,no,no,,,,,,,,,,,,,,,,survey,,,,2026-07-02T22:07:42.114Z,2026-07-02T22:07:42.114Z
659,node/2071814099,node,POINT(-43.2222318 -22.9806808),,,bicycle_parking,stands,5,,no,no,,,,,,,,,,,,,,,,survey,,,,2026-07-02T22:07:42.114Z,2026-07-02T22:07:42.114Z
660,node/2071814551,node,POINT(-43.2224356 -22.9806659),,,bicycle_parking,stands,3,,no,no,,,,,,,,,,,,,,,,survey,,,,2026-07-02T22:07:42.114Z,2026-07-02T22:07:42.114Z
661,node/2071884011,node,POINT(-43.2219236 -22.9840539),,,bicycle_parking,stands,5,,no,no,,,,,,,,,,,,,,,,survey,,,,2026-07-02T22:07:42.114Z,2026-07-02T22:07:42.114Z
662,node/2071884582,node,POINT(-43.2215481 -22.9838144),,,bicycle_parking,stands,3,,no,no,,,,,,,,,,,,,,,,survey,,,,2026-07-02T22:07:42.114Z,2026-07-02T22:07:42.114Z
663,node/2071884741,node,POINT(-43.2210519 -22.9839032),,,bicycle_parking,stands,3,,no,no,,,,,,,,,,,,,,,,survey,,,,2026-07-02T22:07:42.114Z,2026-07-02T22:07:42.114Z
664,node/2071889053,node,POINT(-43.2208856 -22.9840514),,,bicycle_parking,stands,3,,no,no,,,,,,,,,,,,,,,,survey,,,,2026-07-02T22:07:42.114Z,2026-07-02T22:07:42.114Z
665,node/2071889124,node,POINT(-43.2209285 -22.9840414),,,bicycle_parking,stands,3,,no,no,,,,,,,,,,,,,,,,survey,,,,2026-07-02T22:07:42.114Z,2026-07-02T22:07:42.114Z
666,node/2071889876,node,POINT(-43.2204967 -22.9838316),,,bicycle_parking,stands,3,,no,no,,,,,,,,,,,,,,,,survey,,,,2026-07-02T22:07:42.114Z,2026-07-02T22:07:42.114Z
667,node/2071890201,node,POINT(-43.2200622 -22.9839328),,,bicycle_parking,stands,3,,no,no,,,,,,,,,,,,,,,,survey,,,,2026-07-02T22:07:42.114Z,2026-07-02T22:07:42.114Z
668,node/2071890750,node,POINT(-43.2198503 -22.9836638),,,bicycle_parking,stands,3,,no,no,,,,,,,,,,,,,,,,survey,,,,2026-07-02T22:07:42.114Z,2026-07-02T22:07:42.114Z
669,node/2071890780,node,POINT(-43.2197886 -22.983918),,,bicycle_parking,stands,5,,no,no,,,,,,,,,,,,,,,,survey,,,,2026-07-02T22:07:42.114Z,2026-07-02T22:07:42.114Z
670,node/2071890909,node,POINT(-43.2191878 -22.983686),,,bicycle_parking,stands,3,,no,no,,,,,,,,,,,,,,,,survey,,,,2026-07-02T22:07:42.114Z,2026-07-02T22:07:42.114Z
671,node/2071892115,node,POINT(-43.2191609 -22.9838761),,,bicycle_parking,stands,3,,no,no,,,,,,,,,,,,,,,,survey,,,,2026-07-02T22:07:42.114Z,2026-07-02T22:07:42.114Z
672,node/2071892382,node,POINT(-43.2192146 -22.9838687),,,bicycle_parking,stands,3,,no,no,,,,,,,,,,,,,,,,survey,,,,2026-07-02T22:07:42.114Z,2026-07-02T22:07:42.114Z
673,node/2071893929,node,POINT(-43.2184689 -22.9838291),,,bicycle_parking,stands,5,,no,no,,,,,,,,,,,,,,,,survey,,,,2026-07-02T22:07:42.114Z,2026-07-02T22:07:42.114Z
674,node/2071894528,node,POINT(-43.2184528 -22.9836539),,,bicycle_parking,stands,5,,no,no,,,,,,,,,,,,,,,,survey,,,,2026-07-02T22:07:42.114Z,2026-07-02T22:07:42.114Z
675,node/2071894532,node,POINT(-43.2184046 -22.983649),,,bicycle_parking,stands,3,,no,no,,,,,,,,,,,,,,,,survey,,,,2026-07-02T22:07:42.114Z,2026-07-02T22:07:42.114Z
676,node/2071894713,node,POINT(-43.217624 -22.9839402),,,bicycle_parking,stands,3,,no,no,,,,,,,,,,,,,,,,survey,,,,2026-07-02T22:07:42.114Z,2026-07-02T22:07:42.114Z
677,node/2071896125,node,POINT(-43.2177689 -22.9830463),,,bicycle_parking,stands,5,,no,no,,,,,,,,,,,,,,,,survey,,,,2026-07-02T22:07:42.114Z,2026-07-02T22:07:42.114Z
678,node/2071897719,node,POINT(-43.2177796 -22.9829994),,,bicycle_parking,stands,3,,no,no,,,,,,,,,,,,,,,,survey,,,,2026-07-02T22:07:42.114Z,2026-07-02T22:07:42.114Z
679,node/2077538393,node,POINT(-43.2301123 -22.9788931),,,bicycle_parking,wall_hoops,6,,no,no,,,,,,,,,,,,,,,,survey,,,,2026-07-02T22:07:42.114Z,2026-07-02T22:07:42.114Z
680,node/2077541071,node,POINT(-43.2319602 -22.9791127),,,bicycle_parking,wall_hoops,6,,no,no,,,,,,,,,,,,,,,,survey,,,,2026-07-02T22:07:42.114Z,2026-07-02T22:07:42.114Z
681,node/2077541073,node,POINT(-43.2319978 -22.9793203),,,bicycle_parking,wall_hoops,28,,no,no,,,,,,,,,,,,,,,,survey,,,,2026-07-02T22:07:42.114Z,2026-07-02T22:07:42.114Z
682,node/2079049877,node,POINT(-43.2706784 -23.0005573),,,bicycle_parking,,14,,no,no,,,,,,,,,,,,,,,,survey,,,,2026-07-02T22:07:42.114Z,2026-07-02T22:07:42.114Z
683,node/2079049896,node,POINT(-43.2709315 -23.0006235),,,bicycle_parking,,14,,no,no,,,,,,,,,,,,,,,,survey,,,,2026-07-02T22:07:42.114Z,2026-07-02T22:07:42.114Z
684,node/2086666447,node,POINT(-51.8548059 -21.8744972),,,bicycle_parking,,,,,,,,,,,,,,,,,,,,,,,,,2026-07-02T22:07:42.114Z,2026-07-02T22:07:42.114Z
685,node/2087905059,node,POINT(-43.3122036 -22.8497156),,,bicycle_parking,,15,,yes,no,,,Carioca Shopping,,,,,,,,,,,,,survey,,,,2026-07-02T22:07:42.114Z,2026-07-02T22:07:42.114Z
686,node/2093302491,node,POINT(-43.2599413 -22.9967254),,,bicycle_parking,stands,12,,yes,no,,,São Conrado Fashion Mall,,,,,,,,,,,,,,,,,2026-07-02T22:07:42.114Z,2026-07-02T22:07:42.114Z
687,node/2093398352,node,POINT(-43.1820087 -22.9497835),,,bicycle_parking,wall_hoops,5,,no,no,,,,,,,,,,,,,,,,,,,,2026-07-02T22:07:42.114Z,2026-07-02T22:07:42.114Z
688,node/2096687728,node,POINT(-50.4292009 -21.2092885),,,bicycle_parking,wall_loops,,,,,,,,,,,,,,,,,,,,,,,,2026-07-02T22:07:42.114Z,2026-07-02T22:07:42.114Z
689,node/2096965820,node,POINT(-43.3413938 -22.8681281),,,bicycle_parking,,5,,,,,,,,,,,,,,,,,,,survey,,,,2026-07-02T22:07:42.114Z,2026-07-02T22:07:42.114Z
690,node/2100504927,node,POINT(-43.2061726 -22.9821184),,,bicycle_parking,,6,,no,,,,,,,,,,,,,,,,,,,,,2026-07-02T22:07:42.114Z,2026-07-02T22:07:42.114Z
691,node/2101240407,node,POINT(-43.3277136 -22.8338718),,,bicycle_parking,,5,,,,,,,,,,,,,,,,,,,survey,,,,2026-07-02T22:07:42.114Z,2026-07-02T22:07:42.114Z
692,node/2101244250,node,POINT(-43.3255937 -22.836157),,,bicycle_parking,,10,,,,,,,,,,,,,,,,,,,survey,,,,2026-07-02T22:07:42.114Z,2026-07-02T22:07:42.114Z
693,node/2101249330,node,POINT(-43.3238147 -22.8392848),,,bicycle_parking,,13,,,,,,,,,,,,,,,,,,,survey,,,,2026-07-02T22:07:42.114Z,2026-07-02T22:07:42.114Z
694,node/2102169438,node,POINT(-43.2052361 -22.9604817),,,bicycle_parking,,5,,,,,,,,,,,,,,,,,,,survey,,,,2026-07-02T22:07:42.114Z,2026-07-02T22:07:42.114Z
695,node/2107821950,node,POINT(-43.234279 -22.9193366),,,bicycle_parking,,5,,no,,,,,,,,,,,,,,,,,,,,,2026-07-02T22:07:42.114Z,2026-07-02T22:07:42.114Z
696,node/2107831855,node,POINT(-43.2045576 -22.9112943),,,bicycle_parking,,12,,no,,,,Prefeitura do Rio de Janeiro,,,,,,,,,,,,,,,,,2026-07-02T22:07:42.114Z,2026-07-02T22:07:42.114Z
697,node/2107842845,node,POINT(-43.2498905 -22.9200057),,,bicycle_parking,,,,yes,,,,,,,,,,,,,,,,,,,,,2026-07-02T22:07:42.114Z,2026-07-02T22:07:42.114Z
698,node/2107843171,node,POINT(-43.2498266 -22.9184441),,,bicycle_parking,,6,,no,,,,,,,,,,,,,,,,,,,,,2026-07-02T22:07:42.114Z,2026-07-02T22:07:42.114Z
699,node/2107857232,node,POINT(-43.2438181 -22.9158081),,,bicycle_parking,,6,,no,,,,,,,,,,,,,,,,,,,,,2026-07-02T22:07:42.114Z,2026-07-02T22:07:42.114Z
700,node/2107865980,node,POINT(-43.2492366 -22.9226932),,,bicycle_parking,,26,,no,,,,,,,,,,,,,,,,,,,,,2026-07-02T22:07:42.114Z,2026-07-02T22:07:42.114Z
701,node/2110861069,node,POINT(-43.2338931 -22.9201759),,,bicycle_parking,,5,,no,,,,,,,,,,,,,,,,,,,,,2026-07-02T22:07:42.125Z,2026-07-02T22:07:42.125Z
702,node/2110884739,node,POINT(-43.2241928 -22.9804906),,,bicycle_parking,,6,,no,,,,,,,,,,,,,,,,,,,,,2026-07-02T22:07:42.125Z,2026-07-02T22:07:42.125Z
703,node/2110915175,node,POINT(-43.2238673 -22.9808305),,,bicycle_parking,,10,,no,,,,,,,,,,,,,,,,,,,,,2026-07-02T22:07:42.125Z,2026-07-02T22:07:42.125Z
704,node/2110927219,node,POINT(-43.2261089 -22.9830382),,,bicycle_parking,,10,,no,,,,,,,,,,,,,,,,,,,,,2026-07-02T22:07:42.125Z,2026-07-02T22:07:42.125Z
705,node/2110930268,node,POINT(-43.2263066 -22.983013),,,bicycle_parking,,4,,no,,,,,,,,,,,,,,,,,,,,,2026-07-02T22:07:42.125Z,2026-07-02T22:07:42.125Z
706,node/2111549855,node,POINT(-38.9573482 -12.2846045),,,bicycle_parking,,,,,,,,,,,,,,,,,,,,,,,,,2026-07-02T22:07:42.125Z,2026-07-02T22:07:42.125Z
707,node/2114217121,node,POINT(-48.1160511 -15.8154964),,,bicycle_parking,,,,,,,,,,,,,,,,,,,,,,,,,2026-07-02T22:07:42.125Z,2026-07-02T22:07:42.125Z
708,node/2118345610,node,POINT(-46.4994137 -23.4824263),,,bicycle_parking,,,,,,,,,,,,,,,,,,,,,,,,,2026-07-02T22:07:42.125Z,2026-07-02T22:07:42.125Z
709,node/2124196790,node,POINT(-48.1217804 -15.80523),,,bicycle_parking,,,,no,,,,,,,,,,,,,,,,,,,,,2026-07-02T22:07:42.125Z,2026-07-02T22:07:42.125Z
710,node/2131012488,node,POINT(-51.2532062 -30.1036994),,,bicycle_parking,stands,4,customers,no,no,no,yes,Copacabana Center,,,,,,,,,,,,,,,,,2026-07-02T22:07:42.125Z,2026-07-02T22:07:42.125Z
711,node/2139469143,node,POINT(-35.2035377 -5.8130902),,,bicycle_parking,,,,,,,,,,,,,,,,,,,,,,,,,2026-07-02T22:07:42.125Z,2026-07-02T22:07:42.125Z
712,node/2146431257,node,POINT(-43.3242011 -22.8475598),,,bicycle_parking,,16,,yes,no,,,,,,,,,,,,,,,,survey,,,,2026-07-02T22:07:42.125Z,2026-07-02T22:07:42.125Z
713,node/2158063537,node,POINT(-43.3113994 -22.8245309),,,bicycle_parking,wall_hoops,5,,no,no,,,,,,,,,,,,,,,,,,,,2026-07-02T22:07:42.125Z,2026-07-02T22:07:42.125Z
714,node/2161232020,node,POINT(-43.3190011 -22.8270505),,,bicycle_parking,wall_hoops,10,,no,no,,,Intercontinental,,,,,,,,,,,,,survey,,,,2026-07-02T22:07:42.125Z,2026-07-02T22:07:42.125Z
715,node/2167689210,node,POINT(-43.2469499 -22.6780705),,,bicycle_parking,,700,,yes,,,,,,,,,,,,,,,,,,,,,2026-07-02T22:07:42.125Z,2026-07-02T22:07:42.125Z
716,node/2182252359,node,POINT(-43.2165507 -22.9707321),,,bicycle_parking,,20,,no,no,,,Helisul,,,,,,,,,,,,,survey,,,,2026-07-02T22:07:42.125Z,2026-07-02T22:07:42.125Z
717,node/2182332893,node,POINT(-43.2163694 -22.973672),,,bicycle_parking,,11,,no,no,,,,,,,,,,,,,,,,survey,,,,2026-07-02T22:07:42.125Z,2026-07-02T22:07:42.125Z
718,node/2182369768,node,POINT(-43.2152446 -22.9795118),,,bicycle_parking,,6,,no,no,,,,,,,,,,,,,,,,survey,,,,2026-07-02T22:07:42.125Z,2026-07-02T22:07:42.125Z
719,node/2182536296,node,POINT(-43.2117165 -22.9803297),,,bicycle_parking,,12,,no,no,,,,,,,,,,,,,,,,survey,,,,2026-07-02T22:07:42.125Z,2026-07-02T22:07:42.125Z
720,node/2182536358,node,POINT(-43.195466 -22.9846385),,,bicycle_parking,,5,,no,no,,,,,,,,,,,,,,,,survey,,,,2026-07-02T22:07:42.125Z,2026-07-02T22:07:42.125Z
721,node/2184992867,node,POINT(-43.1821278 -22.8971689),,,bicycle_parking,stands,30,,no,no,,,,,,,,,,,,,,,,,,,,2026-07-02T22:07:42.125Z,2026-07-02T22:07:42.125Z
722,node/2189982214,node,POINT(-43.2215381 -22.9218978),,,bicycle_parking,,6,,no,,,,,,,,,,,,,,,,,,,,,2026-07-02T22:07:42.125Z,2026-07-02T22:07:42.125Z
723,node/2190493770,node,POINT(-43.2409861 -22.9149607),,,bicycle_parking,,5,,no,,,,,,,,,,,,,,,,,,,,,2026-07-02T22:07:42.125Z,2026-07-02T22:07:42.125Z
724,node/2190717257,node,POINT(-43.2495592 -22.9732887),,,bicycle_parking,,5,,no,,,,,,,,,,,,,,,,,,,,,2026-07-02T22:07:42.125Z,2026-07-02T22:07:42.125Z
725,node/2191439506,node,POINT(-43.2263015 -22.9731106),,,bicycle_parking,,5,,no,,,,,,,,,,,,,,,,,,,,,2026-07-02T22:07:42.125Z,2026-07-02T22:07:42.125Z
726,node/2191457174,node,POINT(-43.221355 -22.9217742),,,bicycle_parking,,3,,no,,,,,,,,,,,,,,,,,,,,,2026-07-02T22:07:42.125Z,2026-07-02T22:07:42.125Z
727,node/2191484651,node,POINT(-43.1772246 -22.934185),,,bicycle_parking,,10,,no,,,,,,,,,,,,,,,,,,,,,2026-07-02T22:07:42.125Z,2026-07-02T22:07:42.125Z
728,node/2191532409,node,POINT(-43.1730293 -22.9041085),,,bicycle_parking,,5,,no,,,,,,,,,,,,,,,,,,,,,2026-07-02T22:07:42.125Z,2026-07-02T22:07:42.125Z
729,node/2239147442,node,POINT(-43.3610902 -22.9181996),,,bicycle_parking,stands,10,,no,no,,,Banco do Brasil,,,,,,,,,,,,,,,,,2026-07-02T22:07:42.125Z,2026-07-02T22:07:42.125Z
730,node/2239170919,node,POINT(-43.3895162 -22.9997502),,,bicycle_parking,,,,,,,,,,,,,,,,,,,,,,,,,2026-07-02T22:07:42.125Z,2026-07-02T22:07:42.125Z
731,node/2239171334,node,POINT(-43.1697683 -22.9366771),,,bicycle_parking,rack,15,,no,no,,,,,,,,,,,,,,,,,,,,2026-07-02T22:07:42.125Z,2026-07-02T22:07:42.125Z
732,node/2239201884,node,POINT(-43.1952976 -22.9515614),,,bicycle_parking,,12,,no,,,,,,,,,,,,,,,,,,,,,2026-07-02T22:07:42.125Z,2026-07-02T22:07:42.125Z
733,node/2239207503,node,POINT(-43.2080428 -22.9123617),,,bicycle_parking,wall_hoops,10,,no,no,,,Centro de Convenções SulAmérica,,,,,,,,,,,,,survey,,,,2026-07-02T22:07:42.125Z,2026-07-02T22:07:42.125Z
734,node/2239224377,node,POINT(-43.1936398 -22.9527499),Bicicletário CCAA,,bicycle_parking,,5,,yes,,,,,,,,,,,,,,,,,,,,,2026-07-02T22:07:42.125Z,2026-07-02T22:07:42.125Z
735,node/2239226508,node,POINT(-43.2319256 -22.9788213),,,bicycle_parking,,100,,no,yes,,,PUC-Rio,,,,,,,,,,,,,survey,,,,2026-07-02T22:07:42.125Z,2026-07-02T22:07:42.125Z
736,node/2239241026,node,POINT(-43.1962139 -22.9528362),,,bicycle_parking,,10,,yes,,,,,,,,,,,,,,,,,,,,,2026-07-02T22:07:42.125Z,2026-07-02T22:07:42.125Z
737,node/2239258733,node,POINT(-43.1924165 -22.9501468),,,bicycle_parking,,3,,no,,,,,,,,,,,,,,,,,,,,,2026-07-02T22:07:42.125Z,2026-07-02T22:07:42.125Z
738,node/2239389671,node,POINT(-43.1087276 -22.9051397),,,bicycle_parking,stands,4 vagas,,no,,,,,,,,,,,,,,,,,,,,,2026-07-02T22:07:42.125Z,2026-07-02T22:07:42.125Z
739,node/2252951231,node,POINT(-47.8787827 -15.7977974),Museu Nacional de Brasília,,bicycle_parking,,,,no,,,,,,,,,,,,,,,,,,,,,2026-07-02T22:07:42.125Z,2026-07-02T22:07:42.125Z
740,node/2263514663,node,POINT(-43.34225 -23.0101048),,,bicycle_parking,stands,10,,no,no,,,,,,,,,,,,,,,,survey,,,,2026-07-02T22:07:42.125Z,2026-07-02T22:07:42.125Z
741,node/2271686545,node,POINT(-45.8666298 -23.17958),,,bicycle_parking,,,,,,,,,,,,,,,,,,,,,,,,,2026-07-02T22:07:42.125Z,2026-07-02T22:07:42.125Z
742,node/2271686550,node,POINT(-45.8842676 -23.1808299),,,bicycle_parking,,,,,,,,,,,,,,,,,,,,,,,,,2026-07-02T22:07:42.125Z,2026-07-02T22:07:42.125Z
743,node/2271691764,node,POINT(-45.8897827 -23.1717216),,,bicycle_parking,,,,,,,,,,,,,,,,,,,,,,,,,2026-07-02T22:07:42.125Z,2026-07-02T22:07:42.125Z
744,node/2271691769,node,POINT(-45.8916035 -23.1710507),,,bicycle_parking,,,,,,,,,,,,,,,,,,,,,,,,,2026-07-02T22:07:42.125Z,2026-07-02T22:07:42.125Z
745,node/2278896228,node,POINT(-45.8804779 -23.1993289),,,bicycle_parking,,,,,,,,,,,,,,,,,,,,,,,,,2026-07-02T22:07:42.125Z,2026-07-02T22:07:42.125Z
746,node/2279064241,node,POINT(-46.6629794 -23.5882303),,,bicycle_parking,,,,,,,,,,,,,,,,,,,,,,,,,2026-07-02T22:07:42.125Z,2026-07-02T22:07:42.125Z
747,node/2279064246,node,POINT(-46.6610487 -23.5854611),,,bicycle_parking,stands,8,,no,,,,,,,,,,,,,,,,,,,,,2026-07-02T22:07:42.125Z,2026-07-02T22:07:42.125Z
748,node/2279064256,node,POINT(-46.6603238 -23.5912024),,,bicycle_parking,,,,,,,,,,,,,,,,,,,,,,,,,2026-07-02T22:07:42.125Z,2026-07-02T22:07:42.125Z
749,node/2279064261,node,POINT(-46.6592038 -23.5893246),,,bicycle_parking,,,,,,,,,,,,,,,,,,,,,,,,,2026-07-02T22:07:42.125Z,2026-07-02T22:07:42.125Z
750,node/2279064274,node,POINT(-46.6568001 -23.5881946),,,bicycle_parking,stands,,,no,,,,,,,,,,,,,,,,,,,,,2026-07-02T22:07:42.125Z,2026-07-02T22:07:42.125Z
751,node/2279064296,node,POINT(-46.6628512 -23.5886419),,,bicycle_parking,,,,,,,,,,,,,,,,,,,,,,,,,2026-07-02T22:07:42.125Z,2026-07-02T22:07:42.125Z
752,node/2283525309,node,POINT(-43.2843973 -22.8838949),,,bicycle_parking,wall_hoops,12,,no,no,,,,,,,,,,,,,,,,,,,,2026-07-02T22:07:42.125Z,2026-07-02T22:07:42.125Z
753,node/2283536647,node,POINT(-43.291065 -22.9052708),,,bicycle_parking,wall_hoops,,,no,no,,,Prezunic,,,,,,,,,,,,,survey,,,,2026-07-02T22:07:42.125Z,2026-07-02T22:07:42.125Z
754,node/2283556406,node,POINT(-43.2415281 -22.9320953),,,bicycle_parking,stands,11,,no,,,,,,,,,,,,,,,,,,,,,2026-07-02T22:07:42.125Z,2026-07-02T22:07:42.125Z
755,node/2283556813,node,POINT(-43.3641159 -22.9286592),,,bicycle_parking,wall_hoops,4,,no,no,,,,,,,,,,,,,,,,survey,,,,2026-07-02T22:07:42.125Z,2026-07-02T22:07:42.125Z
756,node/2283559761,node,POINT(-43.2345541 -22.9253168),,,bicycle_parking,,6,,no,,,,,,,,,,,,,,,,,,,,,2026-07-02T22:07:42.125Z,2026-07-02T22:07:42.125Z
757,node/2283565413,node,POINT(-43.4069075 -22.9188865),,,bicycle_parking,,,,no,no,,,,,,,,,,,,,,,,,,,,2026-07-02T22:07:42.125Z,2026-07-02T22:07:42.125Z
758,node/2283567520,node,POINT(-43.4067414 -22.9188469),,,bicycle_parking,,,,no,no,,,,,,,,,,,,,,,,,,,,2026-07-02T22:07:42.125Z,2026-07-02T22:07:42.125Z
759,node/2283567643,node,POINT(-43.1762214 -22.9523277),,,bicycle_parking,,5,,no,,,,,,,,,,,,,,,,,,,,,2026-07-02T22:07:42.125Z,2026-07-02T22:07:42.125Z
760,node/2283571271,node,POINT(-43.3723602 -22.9486128),,,bicycle_parking,,,,,,,,,,,,,,,,,,,,,survey,,,,2026-07-02T22:07:42.125Z,2026-07-02T22:07:42.125Z
761,node/2283571771,node,POINT(-43.4508952 -23.0194608),,,bicycle_parking,,,,,,,,,,,,,,,,,,,,,,,,,2026-07-02T22:07:42.125Z,2026-07-02T22:07:42.125Z
762,node/2283579684,node,POINT(-43.3597792 -22.9988911),,,bicycle_parking,,,,,,,,,,,,,,,,,,,,,,,,,2026-07-02T22:07:42.125Z,2026-07-02T22:07:42.125Z
763,node/2283587300,node,POINT(-43.38662 -22.9183161),,,bicycle_parking,wall_loops,5,,no,,no,,,,,,,,,,,,,,,survey,,,,2026-07-02T22:07:42.125Z,2026-07-02T22:07:42.125Z
764,node/2283587303,node,POINT(-43.3871569 -22.9184014),,,bicycle_parking,wall_loops,5,,no,,no,,,,,,,,,,,,,,,survey,,,,2026-07-02T22:07:42.125Z,2026-07-02T22:07:42.125Z
765,node/2283590677,node,POINT(-43.3610388 -22.9470787),,,bicycle_parking,,,,,,,,,,,,,,,,,,,,,survey,,,,2026-07-02T22:07:42.125Z,2026-07-02T22:07:42.125Z
766,node/2283597369,node,POINT(-43.3843928 -23.0015478),,,bicycle_parking,,,,,,,,,,,,,,,,,,,,,,,,,2026-07-02T22:07:42.125Z,2026-07-02T22:07:42.125Z
767,node/2283605421,node,POINT(-43.4392232 -23.0068108),,,bicycle_parking,,,,,,,,,,,,,,,,,,,,,,,,,2026-07-02T22:07:42.125Z,2026-07-02T22:07:42.125Z
768,node/2283606749,node,POINT(-43.1998411 -22.9563876),,,bicycle_parking,stands,4,,no,no,,,,,,,,,,,,,,,,,,,,2026-07-02T22:07:42.125Z,2026-07-02T22:07:42.125Z
769,node/2283621867,node,POINT(-43.4731403 -23.031633),,,bicycle_parking,stands,6,,no,,,,,,,,,,,,,,,,,,,,,2026-07-02T22:07:42.125Z,2026-07-02T22:07:42.125Z
770,node/2283621885,node,POINT(-43.4743318 -23.0313115),,,bicycle_parking,stands,2,,no,,,,,,,,,,,,,,,,,,,,,2026-07-02T22:07:42.125Z,2026-07-02T22:07:42.125Z
771,node/2283621920,node,POINT(-43.4753803 -23.031134),,,bicycle_parking,stands,6,,no,,,,,,,,,,,,,,,,,,,,,2026-07-02T22:07:42.125Z,2026-07-02T22:07:42.125Z
772,node/2283621921,node,POINT(-43.4757219 -23.0311237),,,bicycle_parking,stands,5,,no,,,,,,,,,,,,,,,,,,,,,2026-07-02T22:07:42.125Z,2026-07-02T22:07:42.125Z
773,node/2283622146,node,POINT(-43.4766684 -23.0311171),,,bicycle_parking,stands,2,,no,,,,,,,,,,,,,,,,,,,,,2026-07-02T22:07:42.125Z,2026-07-02T22:07:42.125Z
774,node/2283622467,node,POINT(-43.4783124 -23.0312893),,,bicycle_parking,stands,5,,no,,,,,,,,,,,,,,,,,,,,,2026-07-02T22:07:42.125Z,2026-07-02T22:07:42.125Z
775,node/2283622485,node,POINT(-43.4779749 -23.0312626),,,bicycle_parking,stands,6,,no,,,,,,,,,,,,,,,,,,,,,2026-07-02T22:07:42.125Z,2026-07-02T22:07:42.125Z
776,node/2283622486,node,POINT(-43.4794254 -23.0315192),,,bicycle_parking,stands,6,,no,,,,,,,,,,,,,,,,,,,,,2026-07-02T22:07:42.125Z,2026-07-02T22:07:42.125Z
777,node/2283622491,node,POINT(-43.4797579 -23.031541),,,bicycle_parking,stands,6,,no,,,,,,,,,,,,,,,,,,,,,2026-07-02T22:07:42.125Z,2026-07-02T22:07:42.125Z
778,node/2283631373,node,POINT(-43.4922519 -23.034601),,,bicycle_parking,stands,6,,no,,,,,,,,,,,,,,,,,,,,,2026-07-02T22:07:42.125Z,2026-07-02T22:07:42.125Z
779,node/2283631556,node,POINT(-43.4918774 -23.0345538),,,bicycle_parking,stands,5,,no,,,,,,,,,,,,,,,,,,,,,2026-07-02T22:07:42.125Z,2026-07-02T22:07:42.125Z
780,node/2283631571,node,POINT(-43.4898203 -23.0342278),,,bicycle_parking,stands,6,,no,,,,,,,,,,,,,,,,,,,,,2026-07-02T22:07:42.125Z,2026-07-02T22:07:42.125Z
781,node/2283631572,node,POINT(-43.4900992 -23.0342522),,,bicycle_parking,stands,6,,no,,,,,,,,,,,,,,,,,,,,,2026-07-02T22:07:42.125Z,2026-07-02T22:07:42.125Z
782,node/2283631599,node,POINT(-43.4890907 -23.0340943),,,bicycle_parking,,,,,,,,,,,,,,,,,,,,,,,,,2026-07-02T22:07:42.125Z,2026-07-02T22:07:42.125Z
783,node/2283631612,node,POINT(-43.4888654 -23.034035),,,bicycle_parking,,,,,,,,,,,,,,,,,,,,,,,,,2026-07-02T22:07:42.125Z,2026-07-02T22:07:42.125Z
784,node/2283631651,node,POINT(-43.4876102 -23.0338129),,,bicycle_parking,,,,,,,,,,,,,,,,,,,,,,,,,2026-07-02T22:07:42.125Z,2026-07-02T22:07:42.125Z
785,node/2283631652,node,POINT(-43.4878123 -23.0338567),,,bicycle_parking,,,,,,,,,,,,,,,,,,,,,,,,,2026-07-02T22:07:42.125Z,2026-07-02T22:07:42.125Z
786,node/2292886503,node,POINT(-43.0304339 -22.9440466),,,bicycle_parking,stands,8,,,no,,,,,,,,,,,,,,,,,,,,2026-07-02T22:07:42.125Z,2026-07-02T22:07:42.125Z
787,node/2302017709,node,POINT(-43.2831937 -22.8842703),,,bicycle_parking,wall_hoops,12,,no,no,,,Leroy Merlin,,,,,,,,,,,,,,,,,2026-07-02T22:07:42.125Z,2026-07-02T22:07:42.125Z
788,node/2302020933,node,POINT(-43.2220338 -22.9264208),,,bicycle_parking,stands,2,,no,no,,,,,,,,,,,,,,,,,,,,2026-07-02T22:07:42.125Z,2026-07-02T22:07:42.125Z
789,node/2302025718,node,POINT(-43.2346829 -22.9228144),,,bicycle_parking,stands,6,,no,no,,,,,,,,,,,,,,,,,,,,2026-07-02T22:07:42.125Z,2026-07-02T22:07:42.125Z
790,node/2311493108,node,POINT(-43.012886 -22.8401168),,,bicycle_parking,,,,no,no,,,,,,,,,,,,,,,,survey,,,,2026-07-02T22:07:42.125Z,2026-07-02T22:07:42.125Z
791,node/2321008400,node,POINT(-47.8797026 -15.7891978),,,bicycle_parking,,,,,,,,,,,,,,,,,,,,,,,,,2026-07-02T22:07:42.125Z,2026-07-02T22:07:42.125Z
792,node/2321390537,node,POINT(-43.2120566 -22.959807),,,bicycle_parking,ground_slots,6,,no,no,,,,,,,,,,,,,,,,survey,,,,2026-07-02T22:07:42.125Z,2026-07-02T22:07:42.125Z
793,node/2321390544,node,POINT(-43.2126586 -22.961135),,,bicycle_parking,wall_loops,5,,,no,,,,,,,,,,,,,,,,survey,,,,2026-07-02T22:07:42.125Z,2026-07-02T22:07:42.125Z
794,node/2321392573,node,POINT(-43.2047494 -22.9630559),,,bicycle_parking,stands,6,,no,no,,,,,,,,,,,,,,,,survey,,,,2026-07-02T22:07:42.125Z,2026-07-02T22:07:42.125Z
795,node/2321418194,node,POINT(-43.2281278 -22.9155166),,,bicycle_parking,stands,100,,no,no,,,,,,,,,,,,,,,,survey,,,,2026-07-02T22:07:42.125Z,2026-07-02T22:07:42.125Z
796,node/2322568812,node,POINT(-43.1966711 -22.9558648),,,bicycle_parking,,4,,,,,,,,,,,,,,,,,,,survey,,,,2026-07-02T22:07:42.125Z,2026-07-02T22:07:42.125Z
797,node/2323260235,node,POINT(-43.1834013 -22.9509366),,,bicycle_parking,wall_hoops,5,,yes,no,,,,,,,,,,,,,,,,survey,,,,2026-07-02T22:07:42.125Z,2026-07-02T22:07:42.125Z
798,node/2323264120,node,POINT(-43.1796414 -22.89946),,,bicycle_parking,stands,8,,no,no,,,,,,,,,,,,,,,,survey,,,,2026-07-02T22:07:42.125Z,2026-07-02T22:07:42.125Z
799,node/2323265963,node,POINT(-43.3495134 -23.0053303),,,bicycle_parking,,12,,no,no,,,,,,,,,,,,,,,,survey,,,,2026-07-02T22:07:42.125Z,2026-07-02T22:07:42.125Z
800,node/2323271192,node,POINT(-43.3352968 -22.9990377),,,bicycle_parking,stands,12,,no,no,,,,,,,,,,,,,,,,survey,,,,2026-07-02T22:07:42.125Z,2026-07-02T22:07:42.125Z
801,node/2328693821,node,POINT(-35.2012553 -5.7844391),,,bicycle_parking,,,yes,,,,,,,,,,,,,,,,,,,,,,2026-07-02T22:07:42.138Z,2026-07-02T22:07:42.138Z
802,node/2356434352,node,POINT(-43.3082237 -22.8302688),,,bicycle_parking,wall_hoops,10,,no,no,,,Academia Zanco,,,,,,,,,,,,,survey,,,,2026-07-02T22:07:42.138Z,2026-07-02T22:07:42.138Z
803,node/2356454250,node,POINT(-43.3202938 -22.8237201),,,bicycle_parking,stands,5,,no,no,,,Espaço de Desenvolvimento Infantil Deputado Pedro Fernandes,,,,,,,,,,,,,survey,,,,2026-07-02T22:07:42.138Z,2026-07-02T22:07:42.138Z
804,node/2356464308,node,POINT(-43.3236546 -22.8451351),,,bicycle_parking,wall_hoops,4,,no,no,,,,,,,,,,,,,,,,survey,,,,2026-07-02T22:07:42.138Z,2026-07-02T22:07:42.138Z
805,node/2356479910,node,POINT(-43.2292058 -22.9169248),,,bicycle_parking,stands,6,,no,no,,,,,,,,,,,,,,,,survey,,,,2026-07-02T22:07:42.138Z,2026-07-02T22:07:42.138Z
806,node/2356497524,node,POINT(-43.2315228 -22.9158996),,,bicycle_parking,,7,,no,no,,,Academia Physical,,,,,,,,,,,,,survey,,,,2026-07-02T22:07:42.138Z,2026-07-02T22:07:42.138Z
807,node/2356504604,node,POINT(-43.2444487 -22.9271546),,,bicycle_parking,wall_hoops,7,,no,no,,,Hortifruti,,,,,,,,,,,,,survey,,,,2026-07-02T22:07:42.138Z,2026-07-02T22:07:42.138Z
808,node/2356580860,node,POINT(-43.5332584 -22.8607066),,,bicycle_parking,stands,128,,no,no,,,,,,,,,,,,,,,,survey,,,,2026-07-02T22:07:42.138Z,2026-07-02T22:07:42.138Z
809,node/2356700052,node,POINT(-43.6821379 -22.9150012),,,bicycle_parking,stands,153,,no,no,,,,,,,,,,,,,,,,survey,,,,2026-07-02T22:07:42.138Z,2026-07-02T22:07:42.138Z
810,node/2356703046,node,POINT(-43.6806109 -22.9208603),,,bicycle_parking,wall_hoops,8,,no,no,,,,,,,,,,,,,,,,survey,,,,2026-07-02T22:07:42.138Z,2026-07-02T22:07:42.138Z
811,node/2356703851,node,POINT(-43.6851594 -22.9155855),,,bicycle_parking,stands,10,,no,no,,,,,,,,,,,,,,,,survey,,,,2026-07-02T22:07:42.138Z,2026-07-02T22:07:42.138Z
812,node/2356705667,node,POINT(-43.6856207 -22.9152201),,,bicycle_parking,stands,36,,no,no,,,,,,,,,,,,,,,,survey,,,,2026-07-02T22:07:42.138Z,2026-07-02T22:07:42.138Z
813,node/2356706171,node,POINT(-43.6855744 -22.914957),,,bicycle_parking,stands,16,,no,no,,,,,,,,,,,,,,,,survey,,,,2026-07-02T22:07:42.138Z,2026-07-02T22:07:42.138Z
814,node/2356742523,node,POINT(-43.1805345 -22.9409357),,,bicycle_parking,wall_hoops,18,,no,no,,,,,,,,,,,,,,,,survey,,,,2026-07-02T22:07:42.138Z,2026-07-02T22:07:42.138Z
815,node/2356754855,node,POINT(-43.3437362 -22.8319972),,,bicycle_parking,wall_hoops,18,,yes,no,,,,,,,,,,,,,,,,survey,,,,2026-07-02T22:07:42.138Z,2026-07-02T22:07:42.138Z
816,node/2356769835,node,POINT(-43.227508 -22.9203978),,,bicycle_parking,wall_hoops,10,no,yes,no,,,,,,,,,,,,,,,,survey,,,,2026-07-02T22:07:42.138Z,2026-07-02T22:07:42.138Z
817,node/2356772324,node,POINT(-43.2607487 -22.9238864),,,bicycle_parking,wall_hoops,5,,no,no,,,Academia DNA,,,,,,,,,,,,,survey,,,,2026-07-02T22:07:42.138Z,2026-07-02T22:07:42.138Z
818,node/2356776708,node,POINT(-43.2505105 -22.9200377),,,bicycle_parking,stands,10,,no,no,,,,,,,,,,,,,,,,survey,,,,2026-07-02T22:07:42.138Z,2026-07-02T22:07:42.138Z
819,node/2356776709,node,POINT(-43.2503849 -22.9184636),,,bicycle_parking,wall_hoops,4,,no,no,,,,,,,,,,,,,,,,survey,,,,2026-07-02T22:07:42.138Z,2026-07-02T22:07:42.138Z
820,node/2356777662,node,POINT(-43.1856033 -22.9334608),,,bicycle_parking,building,10,,no,no,,,,,,,,,,,,,,,,survey,,,,2026-07-02T22:07:42.138Z,2026-07-02T22:07:42.138Z
821,node/2356781387,node,POINT(-43.1782972 -22.9308696),,,bicycle_parking,stands,12,,no,no,,,,,,,,,,,,,,,,survey,,,,2026-07-02T22:07:42.138Z,2026-07-02T22:07:42.138Z
822,node/2356786418,node,POINT(-43.1091634 -22.8744202),,,bicycle_parking,wall_hoops,13,,yes,no,,,Leroy Merlin,,,,,,,,,,,,,survey,,,,2026-07-02T22:07:42.138Z,2026-07-02T22:07:42.138Z
823,node/2356791542,node,POINT(-43.1779702 -22.9151214),,,bicycle_parking,anchors,24,,yes,no,,,ACM,,,,,,,,,,,,,survey,,,,2026-07-02T22:07:42.138Z,2026-07-02T22:07:42.138Z
824,node/2356796426,node,POINT(-43.2873408 -22.7166334),,,bicycle_parking,wall_hoops,15,,no,no,,,Petrobras,,,,,,,,,,,,,survey,,,,2026-07-02T22:07:42.138Z,2026-07-02T22:07:42.138Z
825,node/2371414032,node,POINT(-43.1861642 -22.9519914),,,bicycle_parking,stands,6,,no,no,,,,,,,,,,,,,,,,survey,,,,2026-07-02T22:07:42.138Z,2026-07-02T22:07:42.138Z
826,node/2371414040,node,POINT(-43.1847597 -22.9514422),,,bicycle_parking,stands,6,,no,no,,,,,,,,,,,,,,,,survey,,,,2026-07-02T22:07:42.138Z,2026-07-02T22:07:42.138Z
827,node/2371414045,node,POINT(-43.1843938 -22.9524925),,,bicycle_parking,stands,8,,no,no,,,,,,,,,,,,,,,,survey,,,,2026-07-02T22:07:42.138Z,2026-07-02T22:07:42.138Z
828,node/2371414047,node,POINT(-43.1868479 -22.9522013),,,bicycle_parking,stands,6,,no,no,,,,,,,,,,,,,,,,survey,,,,2026-07-02T22:07:42.138Z,2026-07-02T22:07:42.138Z
829,node/2371414049,node,POINT(-43.1836099 -22.9530157),,,bicycle_parking,stands,10,,no,no,,,,,,,,,,,,,,,,survey,,,,2026-07-02T22:07:42.138Z,2026-07-02T22:07:42.138Z
830,node/2371414050,node,POINT(-43.1843113 -22.9508503),,,bicycle_parking,stands,10,,no,no,,,,,,,,,,,,,,,,survey,,,,2026-07-02T22:07:42.138Z,2026-07-02T22:07:42.138Z
831,node/2371418207,node,POINT(-43.1842362 -22.9332685),,,bicycle_parking,stands,10,,no,no,,,,,,,,,,,,,,,,survey,,,,2026-07-02T22:07:42.138Z,2026-07-02T22:07:42.138Z
832,node/2371418311,node,POINT(-43.1811785 -22.9320779),,,bicycle_parking,stands,6,,no,no,,,,,,,,,,,,,,,,survey,,,,2026-07-02T22:07:42.138Z,2026-07-02T22:07:42.138Z
833,node/2371418862,node,POINT(-43.1902782 -22.965323),,,bicycle_parking,stands,6,,no,no,,,,,,,,,,,,,,,,survey,,,,2026-07-02T22:07:42.138Z,2026-07-02T22:07:42.138Z
834,node/2371420498,node,POINT(-43.3019367 -22.8451623),,,bicycle_parking,wall_hoops,6,,no,no,,,,,,,,,,,,,,,,survey,,,,2026-07-02T22:07:42.138Z,2026-07-02T22:07:42.138Z
835,node/2371427302,node,POINT(-43.2967438 -23.0104208),,,bicycle_parking,wall_hoops,5,,no,no,,,,,,,,,,,,,,,,survey,,,,2026-07-02T22:07:42.138Z,2026-07-02T22:07:42.138Z
836,node/2374461158,node,POINT(-51.1765468 -30.0593523),,,bicycle_parking,wall_loops,8,customers,yes,no,yes,yes,PUCRS,,,,,,,,,,,,,,,,,2026-07-02T22:07:42.138Z,2026-07-02T22:07:42.138Z
837,node/2377252830,node,POINT(-51.2274138 -30.0281996),,Bicicletário da Embarq Brasil,bicycle_parking,stands,8,yes,no,no,no,yes,PMPA,,,,,,,,,,24/7,,,,,,,2026-07-02T22:07:42.138Z,2026-07-02T22:07:42.138Z
838,node/2384410017,node,POINT(-43.1803523 -22.9318164),,,bicycle_parking,stands,12,,no,no,,,,,,,,,,,,,,,,survey,,,,2026-07-02T22:07:42.138Z,2026-07-02T22:07:42.138Z
839,node/2384433187,node,POINT(-43.2349746 -22.9952001),,,bicycle_parking,stands,90,,no,no,,,,,,,,,,,,,,,,survey,,,,2026-07-02T22:07:42.138Z,2026-07-02T22:07:42.138Z
840,node/2384486018,node,POINT(-43.1765872 -22.9145356),,,bicycle_parking,,16,,,no,,,,,,,,,,,,,,,,survey,,,,2026-07-02T22:07:42.138Z,2026-07-02T22:07:42.138Z
841,node/2384490968,node,POINT(-43.1740487 -22.909404),,,bicycle_parking,stands,24,,no,no,,,,,,,,,,,,,,,,survey,,,,2026-07-02T22:07:42.138Z,2026-07-02T22:07:42.138Z
842,node/2410309795,node,POINT(-49.2324834 -25.4506844),,,bicycle_parking,stands,25,,no,,,,,,,,,,,,,,,,,,,,,2026-07-02T22:07:42.138Z,2026-07-02T22:07:42.138Z
843,node/2410309802,node,POINT(-49.2303397 -25.4516809),,,bicycle_parking,stands,6,,no,,,,,,,,,,,,,,,,,,,,,2026-07-02T22:07:42.138Z,2026-07-02T22:07:42.138Z
844,node/2412004471,node,POINT(-48.5231614 -27.5832204),,,bicycle_parking,stands,3,,,,,,,,,,,,,,,,,,,,,,,2026-07-02T22:07:42.138Z,2026-07-02T22:07:42.138Z
845,node/2412164730,node,POINT(-49.2715794 -25.4297672),,,bicycle_parking,,,,,,,,,,,,,,,,,,,,,,,,,2026-07-02T22:07:42.138Z,2026-07-02T22:07:42.138Z
846,node/2412234544,node,POINT(-49.2619811 -25.4267994),,,bicycle_parking,stands,50,,no,,,,,,,,,,,,,,,,,,,,,2026-07-02T22:07:42.138Z,2026-07-02T22:07:42.138Z
847,node/2414009621,node,POINT(-43.2168961 -22.9726034),,,bicycle_parking,stands,10,,no,no,,,,,,,,,,,,,,,,survey,,,,2026-07-02T22:07:42.138Z,2026-07-02T22:07:42.138Z
848,node/2414019380,node,POINT(-43.233343 -22.9252373),,,bicycle_parking,stands,5,,no,no,,,,,,,,,,,,,,,,survey,,,,2026-07-02T22:07:42.138Z,2026-07-02T22:07:42.138Z
849,node/2414055784,node,POINT(-43.3836537 -22.9584638),,,bicycle_parking,stands,10,,no,no,,,,,,,,,,,,,,,,survey,,,,2026-07-02T22:07:42.138Z,2026-07-02T22:07:42.138Z
850,node/2418339514,node,POINT(-46.6824438 -23.5632467),,,bicycle_parking,rack,4,yes,no,,,,,,,,,São Paulo,Rua Joaquim Antunes,639,,05415-011,,,,,,,,2026-07-02T22:07:42.138Z,2026-07-02T22:07:42.138Z
851,node/2420896416,node,POINT(-51.2279794 -30.0509537),,,bicycle_parking,wall_loops,15,customers,no,no,yes,yes,Justiça do Trabalho,,,,,,,,,,Mo-Fr 10:00-18:00,,,,,,,2026-07-02T22:07:42.138Z,2026-07-02T22:07:42.138Z
852,node/2429157664,node,POINT(-43.1180133 -22.8934411),,,bicycle_parking,,7,,no,no,,,,,,,,,,,,,,,,survey,,,,2026-07-02T22:07:42.138Z,2026-07-02T22:07:42.138Z
853,node/2429158016,node,POINT(-43.118175 -22.8927607),,,bicycle_parking,stands,36,,,no,,,,,,,,,,,,,,,,,,,,2026-07-02T22:07:42.138Z,2026-07-02T22:07:42.138Z
854,node/2430547613,node,POINT(-43.1698256 -22.8249749),,,bicycle_parking,stands,8,,no,no,,,,,,,,,,,,,,,,survey,,,,2026-07-02T22:07:42.138Z,2026-07-02T22:07:42.138Z
855,node/2430547614,node,POINT(-43.1693964 -22.8248958),,,bicycle_parking,stands,8,,no,no,,,,,,,,,,,,,,,,survey,,,,2026-07-02T22:07:42.138Z,2026-07-02T22:07:42.138Z
856,node/2430547615,node,POINT(-43.1695761 -22.8255064),,,bicycle_parking,stands,8,,no,no,,,,,,,,,,,,,,,,survey,,,,2026-07-02T22:07:42.138Z,2026-07-02T22:07:42.138Z
857,node/2430547616,node,POINT(-43.1691658 -22.8250787),,,bicycle_parking,stands,8,,no,no,,,,,,,,,,,,,,,,survey,,,,2026-07-02T22:07:42.138Z,2026-07-02T22:07:42.138Z
858,node/2430575099,node,POINT(-43.2022392 -22.8192592),,,bicycle_parking,stands,8,,no,no,,,,,,,,,,,,,,,,survey,,,,2026-07-02T22:07:42.138Z,2026-07-02T22:07:42.138Z
859,node/2430575100,node,POINT(-43.201338 -22.8190268),,,bicycle_parking,stands,8,,no,no,,,,,,,,,,,,,,,,survey,,,,2026-07-02T22:07:42.138Z,2026-07-02T22:07:42.138Z
860,node/2430575101,node,POINT(-43.2009625 -22.8187945),,,bicycle_parking,wall_loops,7,,no,no,,,,,,,,,,,,,,,,survey,,,,2026-07-02T22:07:42.138Z,2026-07-02T22:07:42.138Z
861,node/2430575102,node,POINT(-43.2008311 -22.8189823),,,bicycle_parking,stands,8,,no,no,,,,,,,,,,,,,,,,survey,,,,2026-07-02T22:07:42.138Z,2026-07-02T22:07:42.138Z
862,node/2430575103,node,POINT(-43.2002732 -22.8188365),,,bicycle_parking,stands,5,,no,no,,,,,,,,,,,,,,,,survey,,,,2026-07-02T22:07:42.138Z,2026-07-02T22:07:42.138Z
863,node/2430588645,node,POINT(-43.2367141 -22.8947476),,,bicycle_parking,rack,18,,no,no,,,,,,,,,,,,,,,,survey,,,,2026-07-02T22:07:42.138Z,2026-07-02T22:07:42.138Z
864,node/2430588646,node,POINT(-43.2365961 -22.8945054),,,bicycle_parking,rack,5,,no,no,,,,,,,,,,,,,,,,survey,,,,2026-07-02T22:07:42.138Z,2026-07-02T22:07:42.138Z
865,node/2430588647,node,POINT(-43.2365478 -22.8944165),,,bicycle_parking,rack,5,,no,no,,,,,,,,,,,,,,,,survey,,,,2026-07-02T22:07:42.138Z,2026-07-02T22:07:42.138Z
866,node/2430600143,node,POINT(-43.0723347 -22.8324791),,,bicycle_parking,rack,36,,no,no,,,,,,,,,,,,,,,,survey,,,,2026-07-02T22:07:42.138Z,2026-07-02T22:07:42.138Z
867,node/2430602822,node,POINT(-43.0549941 -22.8285398),,,bicycle_parking,,18,,no,no,,,,,,,,,,,,,,,,survey,,,,2026-07-02T22:07:42.138Z,2026-07-02T22:07:42.138Z
868,node/2430603170,node,POINT(-43.1731353 -22.9176409),,,bicycle_parking,stands,12,,no,no,,,,,,,,,,,,,,,,survey,,,,2026-07-02T22:07:42.138Z,2026-07-02T22:07:42.138Z
869,node/2435833594,node,POINT(-43.1973254 -22.9764485),,,bicycle_parking,,5,,no,no,,,,,,,,,,,,,,,,survey,,,,2026-07-02T22:07:42.138Z,2026-07-02T22:07:42.138Z
870,node/2442319134,node,POINT(-42.9860003 -22.8087407),,,bicycle_parking,rack,6,,no,no,,,,,,,,,,,,,,,,survey,,,,2026-07-02T22:07:42.138Z,2026-07-02T22:07:42.138Z
871,node/2442325479,node,POINT(-43.1848845 -22.9114166),,,bicycle_parking,wall_loops,5,,no,no,,,,,,,,,,,,,,,,survey,,,,2026-07-02T22:07:42.138Z,2026-07-02T22:07:42.138Z
872,node/2449040589,node,POINT(-43.3348063 -22.8426832),,,bicycle_parking,,16,,yes,no,,,MetrôRio,,,,,,,,,,,,,survey,,,,2026-07-02T22:07:42.138Z,2026-07-02T22:07:42.138Z
873,node/2450053496,node,POINT(-43.1871172 -22.9670764),,,bicycle_parking,,10,,yes,no,,,,,,,,,,,,,,,,survey,,,,2026-07-02T22:07:42.138Z,2026-07-02T22:07:42.138Z
874,node/2450830865,node,POINT(-51.2275868 -30.0270435),,,bicycle_parking,wall_loops,5,customers,yes,no,no,yes,Mercado Público,,,,,,,,,,Mo-Fr 07:30-19:30; Sa 07:30-18:30,,,,,,,2026-07-02T22:07:42.138Z,2026-07-02T22:07:42.138Z
875,node/2450830866,node,POINT(-51.2283164 -30.027249),,,bicycle_parking,wall_loops,5,customers,yes,no,no,yes,Mercado Público,,,,,,,,,,Mo-Fr 07:30-19:30; Sa 07:30-18:30,,,,,,,2026-07-02T22:07:42.138Z,2026-07-02T22:07:42.138Z
876,node/2450830871,node,POINT(-51.2273374 -30.0276984),,,bicycle_parking,wall_loops,5,customers,yes,no,no,yes,Mercado Público,,,,,,,,,,Mo-Fr 07:30-19:30; Sa 07:30-18:30,,,,,,,2026-07-02T22:07:42.138Z,2026-07-02T22:07:42.138Z
877,node/2450830872,node,POINT(-51.2280804 -30.0279016),,,bicycle_parking,wall_loops,5,customers,yes,no,no,yes,Mercado Público,,,,,,,,,,Mo-Fr 07:30-19:30; Sa 07:30-18:30,,,,,,,2026-07-02T22:07:42.138Z,2026-07-02T22:07:42.138Z
878,node/2459507053,node,POINT(-38.9499064 -12.2538042),,,bicycle_parking,,,,,,,,,,,,,,,,,,,,,,,,,2026-07-02T22:07:42.138Z,2026-07-02T22:07:42.138Z
879,node/2461863953,node,POINT(-43.1139139 -22.9037343),,,bicycle_parking,,,,,,,,,,,,,,,,,,,,,,,,,2026-07-02T22:07:42.138Z,2026-07-02T22:07:42.138Z
880,node/2468387967,node,POINT(-43.2036556 -22.9101242),,,bicycle_parking,stands,20,,yes,no,,,,,,,,,,,,,,,,survey,,,,2026-07-02T22:07:42.138Z,2026-07-02T22:07:42.138Z
881,node/2468389382,node,POINT(-43.2885195 -22.9045783),,,bicycle_parking,stands,10,,no,no,,,,,,,,,,,,,,,,survey,,,,2026-07-02T22:07:42.138Z,2026-07-02T22:07:42.138Z
882,node/2468391203,node,POINT(-43.2929124 -22.9052023),,,bicycle_parking,stands,16,,no,no,,,,,,,,,,,,,,,,survey,,,,2026-07-02T22:07:42.138Z,2026-07-02T22:07:42.138Z
883,node/2468392030,node,POINT(-43.2864505 -22.904471),,,bicycle_parking,stands,14,,no,no,,,,,,,,,,,,,,,,survey,,,,2026-07-02T22:07:42.138Z,2026-07-02T22:07:42.138Z
884,node/2468394552,node,POINT(-43.2832901 -22.9034673),,,bicycle_parking,stands,26,,no,no,,,,,,,,,,,,,,,,survey,,,,2026-07-02T22:07:42.138Z,2026-07-02T22:07:42.138Z
885,node/2468395237,node,POINT(-43.1928509 -22.9532901),,,bicycle_parking,,9,customers,,,,,,,,,,,,,,,,,,survey,,,,2026-07-02T22:07:42.138Z,2026-07-02T22:07:42.138Z
886,node/2468396931,node,POINT(-43.0929976 -22.9205515),,,bicycle_parking,rack,10,,no,no,,,,,,,,,,,,,,,,survey,,,,2026-07-02T22:07:42.138Z,2026-07-02T22:07:42.138Z
887,node/2472937516,node,POINT(-43.224086 -22.9848736),,,bicycle_parking,stands,4,,no,no,,,,,,,,,,,,,,,,survey,,,,2026-07-02T22:07:42.138Z,2026-07-02T22:07:42.138Z
888,node/2472937517,node,POINT(-43.2240022 -22.9851546),,,bicycle_parking,stands,4,,no,no,,,,,,,,,,,,,,,,survey,,,,2026-07-02T22:07:42.138Z,2026-07-02T22:07:42.138Z
889,node/2472940898,node,POINT(-43.1884594 -22.9674312),,,bicycle_parking,stands,8,,no,no,,,,,,,,,,,,,,,,survey,,,,2026-07-02T22:07:42.138Z,2026-07-02T22:07:42.138Z
890,node/2486753947,node,POINT(-43.1226902 -22.8895245),,,bicycle_parking,stands,4,,,no,,,,,,,,,,,,,,,,,,,,2026-07-02T22:07:42.138Z,2026-07-02T22:07:42.138Z
891,node/2486756993,node,POINT(-43.1220479 -22.891422),,,bicycle_parking,pórtico,12,,,no,,,,,,,,,,,,,,,,survey,,,,2026-07-02T22:07:42.138Z,2026-07-02T22:07:42.138Z
892,node/2486757099,node,POINT(-43.1216293 -22.8914058),,,bicycle_parking,pórtico,12,,,no,,,,,,,,,,,,,,,,survey,,,,2026-07-02T22:07:42.138Z,2026-07-02T22:07:42.138Z
893,node/2490497424,node,POINT(-43.1973597 -22.954865),,,bicycle_parking,wall_loops,5,,no,no,,,Academia Workout,,,,,,,,,,,,,survey,,,,2026-07-02T22:07:42.138Z,2026-07-02T22:07:42.138Z
894,node/2490497425,node,POINT(-43.1979874 -22.9558455),,,bicycle_parking,rack,12,,no,no,,,Farma Hall,,,,,,,,,,,,,survey,,,,2026-07-02T22:07:42.138Z,2026-07-02T22:07:42.138Z
895,node/2490507737,node,POINT(-43.1884573 -22.9672178),,,bicycle_parking,stands,2,,no,no,,,,,,,,,,,,,,,,survey,,,,2026-07-02T22:07:42.138Z,2026-07-02T22:07:42.138Z
896,node/2490509837,node,POINT(-43.1866066 -22.9668943),,,bicycle_parking,stands,2,,no,no,,,,,,,,,,,,,,,,survey,,,,2026-07-02T22:07:42.138Z,2026-07-02T22:07:42.138Z
897,node/2490516576,node,POINT(-43.2033443 -22.9799162),,,bicycle_parking,stands,18,,no,no,,,Bar Lagoa,,,,,,,,,,,,,survey,,,,2026-07-02T22:07:42.138Z,2026-07-02T22:07:42.138Z
898,node/2490519307,node,POINT(-43.1742254 -22.9424793),,,bicycle_parking,stands,5,,no,no,,,,,,,,,,,,,,,,survey,,,,2026-07-02T22:07:42.138Z,2026-07-02T22:07:42.138Z
899,node/2508372409,node,POINT(-47.8933589 -15.7957581),,,bicycle_parking,,,,yes,,,,,,,,,,,,,,,,,,,,,2026-07-02T22:07:42.138Z,2026-07-02T22:07:42.138Z
900,node/2509615827,node,POINT(-43.1862088 -22.9336028),,,bicycle_parking,stands,6,,no,no,,,,,,,,,,,,,,,,survey,,,,2026-07-02T22:07:42.138Z,2026-07-02T22:07:42.138Z
901,node/2511592672,node,POINT(-48.5326687 -27.6666549),Ressacada,,bicycle_parking,,200,,,,,,Avaí Futebol Clube,,,,,,,,,,,,,,,,,2026-07-02T22:07:42.149Z,2026-07-02T22:07:42.149Z
902,node/2513054757,node,POINT(-46.6799008 -23.5645066),Bicicletário Kebab Paris,,bicycle_parking,,,,,,,,,,,,,São Paulo,Rua dos Pinheiros,169,,05422-010,,,,,,,,2026-07-02T22:07:42.149Z,2026-07-02T22:07:42.149Z
903,node/2524451225,node,POINT(-43.2134334 -22.9209651),,,bicycle_parking,stands,10,,no,no,,,Bradesco Seguros,,,,,,,,,,,,,survey,,,,2026-07-02T22:07:42.149Z,2026-07-02T22:07:42.149Z
904,node/2524455557,node,POINT(-43.207945 -22.915552),,,bicycle_parking,wall_loops,10,,no,no,,,,,,,,,,,,,,,,survey,,,,2026-07-02T22:07:42.149Z,2026-07-02T22:07:42.149Z
905,node/2524474367,node,POINT(-43.1898359 -22.9359921),,,bicycle_parking,stands,8,,no,no,,,,,,,,,,,,,,,,survey,,,,2026-07-02T22:07:42.149Z,2026-07-02T22:07:42.149Z
906,node/2535584178,node,POINT(-43.1778348 -22.9304553),,,bicycle_parking,stands,8,,no,no,,,,,,,,,,,,,,,,survey,,,,2026-07-02T22:07:42.149Z,2026-07-02T22:07:42.149Z
907,node/2535605927,node,POINT(-43.1914895 -22.9385055),,,bicycle_parking,stands,14,,no,no,,,,,,,,,,,,,,,,survey,,,,2026-07-02T22:07:42.149Z,2026-07-02T22:07:42.149Z
908,node/2537959703,node,POINT(-46.6427638 -23.5877999),,,bicycle_parking,stands,2,,no,no,,,,,,,,,,,,,,,,,,,,2026-07-02T22:07:42.149Z,2026-07-02T22:07:42.149Z
909,node/2542371071,node,POINT(-46.6533605 -23.5340028),,,bicycle_parking,wall_hoops,9,,,,,,Iracema Pães e Doces,,,,,,,,,,,,,,,,,2026-07-02T22:07:42.149Z,2026-07-02T22:07:42.149Z
910,node/2547756422,node,POINT(-48.6655763 -27.6278839),,,bicycle_parking,wall_loops,5,,,,,,,,,,,,,,,,,,,,,,,2026-07-02T22:07:42.149Z,2026-07-02T22:07:42.149Z
911,node/2550391230,node,POINT(-49.2796626 -16.7439433),,,bicycle_parking,,,,,,,,,,,,,,,,,,,,,,,,,2026-07-02T22:07:42.149Z,2026-07-02T22:07:42.149Z
912,node/2551600040,node,POINT(-43.1760883 -22.9099594),,,bicycle_parking,stands,10,,no,no,,,,,,,,,,,,,,,,survey,,,,2026-07-02T22:07:42.149Z,2026-07-02T22:07:42.149Z
913,node/2551760751,node,POINT(-43.3406077 -22.8701177),,,bicycle_parking,wall_loops,20,,no,no,,,,,,,,,,,,,,,,survey,,,,2026-07-02T22:07:42.149Z,2026-07-02T22:07:42.149Z
914,node/2551782780,node,POINT(-43.3466569 -22.851594),,,bicycle_parking,stands,10,,no,no,,,,,,,,,,,,,,,,survey,,,,2026-07-02T22:07:42.149Z,2026-07-02T22:07:42.149Z
915,node/2578705592,node,POINT(-38.0078052 -12.577415),,,bicycle_parking,ground_slots,,,,,,,,,,,,,,,,,,,,,,,,2026-07-02T22:07:42.149Z,2026-07-02T22:07:42.149Z
916,node/2587394029,node,POINT(-43.1801384 -22.9339966),,,bicycle_parking,stands,10,yes,no,no,,,,,,,,,,,,,,,,survey,,,,2026-07-02T22:07:42.149Z,2026-07-02T22:07:42.149Z
917,node/2587396522,node,POINT(-43.3253715 -22.8492864),,,bicycle_parking,stands,6,yes,no,no,,,,,,,,,,,,,,,,survey,,,,2026-07-02T22:07:42.149Z,2026-07-02T22:07:42.149Z
918,node/2587398673,node,POINT(-43.1770137 -22.9291542),,,bicycle_parking,stands,6,yes,no,no,,,,,,,,,,,,,,,,survey,,,,2026-07-02T22:07:42.149Z,2026-07-02T22:07:42.149Z
919,node/2587402530,node,POINT(-43.2304014 -22.9665723),,,bicycle_parking,anchors,17,public,no,no,,,,,,,,,,,,,,,,survey,,,,2026-07-02T22:07:42.149Z,2026-07-02T22:07:42.149Z
920,node/2587403818,node,POINT(-43.2228145 -22.908179),,,bicycle_parking,rack,5,yes,no,no,,,,,,,,,,,,,,,,survey,,,,2026-07-02T22:07:42.149Z,2026-07-02T22:07:42.149Z
921,node/2591714375,node,POINT(-47.9006864 -15.7806084),,"Improvisado, as bicicletas ficam presas em um corrimão perto da entrada do complexo. Existem guardas na proximidade, mas a segurança não é garantida.",bicycle_parking,informal,,yes,no,,,,,,,,,,,,,,,,,,,,,2026-07-02T22:07:42.149Z,2026-07-02T22:07:42.149Z
922,node/2612599878,node,POINT(-48.8474871 -26.3456393),,,bicycle_parking,,,,,,,,,,,,,,,,,,,,,,,,,2026-07-02T22:07:42.149Z,2026-07-02T22:07:42.149Z
923,node/2621643538,node,POINT(-43.3651655 -22.9945925),,,bicycle_parking,stands,4,yes,no,no,,,,,,,,,,,,,,,,survey,,,,2026-07-02T22:07:42.149Z,2026-07-02T22:07:42.149Z
924,node/2621643539,node,POINT(-43.3654337 -22.9952097),,,bicycle_parking,stands,4,yes,no,no,,,,,,,,,,,,,,,,survey,,,,2026-07-02T22:07:42.149Z,2026-07-02T22:07:42.149Z
925,node/2621665038,node,POINT(-43.2027073 -22.9642955),,,bicycle_parking,rack,6,yes,no,no,,,,,,,,,,,,,,,,survey,,,,2026-07-02T22:07:42.149Z,2026-07-02T22:07:42.149Z
926,node/2621673347,node,POINT(-43.1918148 -22.9638755),,,bicycle_parking,stands,6,yes,no,no,,,,,,,,,,,,,,,,survey,,,,2026-07-02T22:07:42.149Z,2026-07-02T22:07:42.149Z
927,node/2621685210,node,POINT(-43.1873624 -22.9676119),,,bicycle_parking,stands,12,yes,no,no,,,,,,,,,,,,,,,,survey,,,,2026-07-02T22:07:42.149Z,2026-07-02T22:07:42.149Z
928,node/2628525909,node,POINT(-38.5150738 -12.9827581),,,bicycle_parking,stands,6,yes,no,,,,,,,,,,,,,,,,,,,,,2026-07-02T22:07:42.149Z,2026-07-02T22:07:42.149Z
929,node/2630641509,node,POINT(-48.8453797 -26.3019795),,,bicycle_parking,wall_loops,7,yes,no,no,,,,,,,,,,,,,,,,,,,,2026-07-02T22:07:42.149Z,2026-07-02T22:07:42.149Z
930,node/2630641515,node,POINT(-48.8454009 -26.3024673),,,bicycle_parking,wall_loops,8,yes,no,no,,,,,,,,,,,,,,,,,,,,2026-07-02T22:07:42.149Z,2026-07-02T22:07:42.149Z
931,node/2631445632,node,POINT(-48.8447941 -26.3015499),,,bicycle_parking,wall_loops,20,yes,,no,,,,,,,,,,,,,,,,,,,,2026-07-02T22:07:42.149Z,2026-07-02T22:07:42.149Z
932,node/2633096649,node,POINT(-48.8460466 -26.3028829),,,bicycle_parking,rack,,yes,no,,,,,,,,,,,,,,,,,,,,,2026-07-02T22:07:42.149Z,2026-07-02T22:07:42.149Z
933,node/2633647822,node,POINT(-52.1031681 -21.7622126),,,bicycle_parking,wall_loops,,private,,,,,,,,,,,,,,,,,,,,,,2026-07-02T22:07:42.149Z,2026-07-02T22:07:42.149Z
934,node/2636970851,node,POINT(-49.1135085 -26.505521),,,bicycle_parking,wall_loops,5,customers,,no,,,,,,,,,,,,,,,,,,,,2026-07-02T22:07:42.149Z,2026-07-02T22:07:42.149Z
935,node/2638289715,node,POINT(-48.8453765 -26.3008496),,,bicycle_parking,wall_loops,8,,no,no,no,,,,,,,,,,,,,,,,,,,2026-07-02T22:07:42.149Z,2026-07-02T22:07:42.149Z
936,node/2638327431,node,POINT(-48.8437522 -26.3014378),,,bicycle_parking,wall_loops,10,,no,,no,,,,,,,,,,,,,,,,,,,2026-07-02T22:07:42.149Z,2026-07-02T22:07:42.149Z
937,node/2638327433,node,POINT(-48.8438736 -26.3014455),,,bicycle_parking,wall_loops,8,,no,,no,,,,,,,,,,,,,,,,,,,2026-07-02T22:07:42.149Z,2026-07-02T22:07:42.149Z
938,node/2638327434,node,POINT(-48.8437584 -26.3015349),,,bicycle_parking,wall_loops,10,,,,no,,,,,,,,,,,,,,,,,,,2026-07-02T22:07:42.149Z,2026-07-02T22:07:42.149Z
939,node/2638327436,node,POINT(-48.8441584 -26.3015672),,,bicycle_parking,wall_loops,10,,no,no,no,,,,,,,,,,,,,,,,,,,2026-07-02T22:07:42.149Z,2026-07-02T22:07:42.149Z
940,node/2645898965,node,POINT(-48.845275 -26.3199364),,,bicycle_parking,,,,,yes,yes,,,,,,,,,,,,,,,,,,,2026-07-02T22:07:42.149Z,2026-07-02T22:07:42.149Z
941,node/2649816665,node,POINT(-38.9511568 -12.2781226),,,bicycle_parking,wall_loops,4,,,,,,,,,,,,,,,,,,,,,,,2026-07-02T22:07:42.149Z,2026-07-02T22:07:42.149Z
942,node/2660537719,node,POINT(-48.8461707 -26.3167003),,,bicycle_parking,ground_slots,9,,,,,,,,,,,,,,,,,,,,,,,2026-07-02T22:07:42.149Z,2026-07-02T22:07:42.149Z
943,node/2661206363,node,POINT(-43.342081 -22.8768148),,,bicycle_parking,,8,,no,no,,,,,,,,,,,,,,,,survey,,,,2026-07-02T22:07:42.149Z,2026-07-02T22:07:42.149Z
944,node/2669576630,node,POINT(-54.5573895 -20.4377508),Paraciclo SGI,Paraciclo da Superintendência de Gestão da Informação,bicycle_parking,handlebar_holder,14,yes,no,no,,,Superintendência de Gestão da Informação,,,,,,,,,,,,,,,,,2026-07-02T22:07:42.149Z,2026-07-02T22:07:42.149Z
945,node/2674191214,node,POINT(-48.8496572 -26.3329584),,,bicycle_parking,wall_loops,5,,no,,no,,,,,,,,,,,,,,,,,,,2026-07-02T22:07:42.149Z,2026-07-02T22:07:42.149Z
946,node/2686628537,node,POINT(-43.2077195 -22.9732308),,,bicycle_parking,rack,5,yes,no,no,,,,,,,,,,,,,,,,survey,,,,2026-07-02T22:07:42.149Z,2026-07-02T22:07:42.149Z
947,node/2686642186,node,POINT(-43.1776578 -22.9002843),,,bicycle_parking,stands,10,yes,yes,no,,,,,,,,,,,,,,,,survey,,,,2026-07-02T22:07:42.149Z,2026-07-02T22:07:42.149Z
948,node/2700453550,node,POINT(-48.774737 -26.2877748),,,bicycle_parking,wall_loops,10,,no,,,,,,,,,,,,,,,,,,,,,2026-07-02T22:07:42.149Z,2026-07-02T22:07:42.149Z
949,node/2702821018,node,POINT(-43.4680824 -23.0288769),,,bicycle_parking,rack,10,yes,no,no,,,,,,,,,,,,,,,,,,,,2026-07-02T22:07:42.149Z,2026-07-02T22:07:42.149Z
950,node/2702822939,node,POINT(-43.4733476 -23.0304172),,,bicycle_parking,rack,10,yes,no,no,,,,,,,,,,,,,,,,,,,,2026-07-02T22:07:42.149Z,2026-07-02T22:07:42.149Z
951,node/2702825044,node,POINT(-43.2071367 -22.9136081),,,bicycle_parking,stands,8,yes,no,no,,,,,,,,,,,,,,,,,,,,2026-07-02T22:07:42.149Z,2026-07-02T22:07:42.149Z
952,node/2702827768,node,POINT(-43.2164424 -22.9629854),,,bicycle_parking,rack,5,,no,no,,,,,,,,,,,,,,,,,,,,2026-07-02T22:07:42.149Z,2026-07-02T22:07:42.149Z
953,node/2722645835,node,POINT(-48.9257363 -26.2582168),,,bicycle_parking,wall_loops,5,,no,,no,,,,,,,,,,,,,,,,,,,2026-07-02T22:07:42.149Z,2026-07-02T22:07:42.149Z
954,node/2722645836,node,POINT(-48.9257341 -26.2582388),,,bicycle_parking,wall_loops,5,,no,,no,,,,,,,,,,,,,,,,,,,2026-07-02T22:07:42.149Z,2026-07-02T22:07:42.149Z
955,node/2740490610,node,POINT(-43.0918932 -22.921947),,,bicycle_parking,stands,20,yes,no,no,,,,,,,,,,,,,,,,,,,,2026-07-02T22:07:42.149Z,2026-07-02T22:07:42.149Z
956,node/2741086821,node,POINT(-43.1747234 -22.9125607),,,bicycle_parking,stands,6,yes,no,no,,,,,,,,,,,,,,,,,,,,2026-07-02T22:07:42.149Z,2026-07-02T22:07:42.149Z
957,node/2741086822,node,POINT(-43.1743695 -22.9126736),,,bicycle_parking,stands,6,,no,no,,,,,,,,,,,,,,,,,,,,2026-07-02T22:07:42.149Z,2026-07-02T22:07:42.149Z
958,node/2752319393,node,POINT(-47.8930917 -15.7949108),,,bicycle_parking,,,,,,,,,,,,,,,,,,,,,,,,,2026-07-02T22:07:42.149Z,2026-07-02T22:07:42.149Z
959,node/2752319394,node,POINT(-47.8930165 -15.7946155),,,bicycle_parking,,,,,,,,,,,,,,,,,,,,,,,,,2026-07-02T22:07:42.149Z,2026-07-02T22:07:42.149Z
960,node/2753027580,node,POINT(-43.180536 -22.9036684),,,bicycle_parking,stands,6,public,no,no,,,,,,,,,,,,,,,,,,,,2026-07-02T22:07:42.149Z,2026-07-02T22:07:42.149Z
961,node/2753027585,node,POINT(-43.1726379 -22.9096799),,,bicycle_parking,stands,6,yes,no,no,,,,,,,,,,,,,,,,,,,,2026-07-02T22:07:42.149Z,2026-07-02T22:07:42.149Z
962,node/2753027598,node,POINT(-43.1716249 -22.9090028),,,bicycle_parking,stands,6,yes,no,no,,,,,,,,,,,,,,,,,,,,2026-07-02T22:07:42.149Z,2026-07-02T22:07:42.149Z
963,node/2753027604,node,POINT(-43.1733229 -22.9119174),,,bicycle_parking,stands,6,yes,no,no,,,,,,,,,,,,,,,,,,,,2026-07-02T22:07:42.149Z,2026-07-02T22:07:42.149Z
964,node/2753027609,node,POINT(-43.1774331 -22.9065642),,,bicycle_parking,stands,6,yes,no,no,,,,,,,,,,,,,,,,,,,,2026-07-02T22:07:42.149Z,2026-07-02T22:07:42.149Z
965,node/2753027616,node,POINT(-43.1809038 -22.9075018),,,bicycle_parking,stands,6,yes,no,no,,,,,,,,,,,,,,,,,,,,2026-07-02T22:07:42.149Z,2026-07-02T22:07:42.149Z
966,node/2753027622,node,POINT(-43.1818624 -22.9025347),,,bicycle_parking,stands,6,public,no,no,,,,,,,,,,,,,,,,,,,,2026-07-02T22:07:42.149Z,2026-07-02T22:07:42.149Z
967,node/2753027627,node,POINT(-43.1817465 -22.9017726),,,bicycle_parking,stands,6,yes,no,no,,,,,,,,,,,,,,,,,,,,2026-07-02T22:07:42.149Z,2026-07-02T22:07:42.149Z
968,node/2753027633,node,POINT(-43.183019 -22.9071971),,,bicycle_parking,stands,6,public,no,no,,,,,,,,,,,,,,,,,,,,2026-07-02T22:07:42.149Z,2026-07-02T22:07:42.149Z
969,node/2753027649,node,POINT(-43.1764208 -22.9062103),,,bicycle_parking,stands,6,yes,no,no,,,,,,,,,,,,,,,,,,,,2026-07-02T22:07:42.149Z,2026-07-02T22:07:42.149Z
970,node/2753027654,node,POINT(-43.1687919 -22.906083),,,bicycle_parking,stands,6,yes,no,no,,,,,,,,,,,,,,,,,,,,2026-07-02T22:07:42.149Z,2026-07-02T22:07:42.149Z
971,node/2753027669,node,POINT(-43.1810888 -22.9054441),,,bicycle_parking,stands,6,yes,no,no,,,,,,,,,,,,,,,,,,,,2026-07-02T22:07:42.149Z,2026-07-02T22:07:42.149Z
972,node/2753027675,node,POINT(-43.1760377 -22.9122626),,,bicycle_parking,stands,6,yes,no,no,,,,,,,,,,,,,,,,,,,,2026-07-02T22:07:42.149Z,2026-07-02T22:07:42.149Z
973,node/2753027689,node,POINT(-43.174092 -22.9098517),,,bicycle_parking,stands,6,yes,no,no,,,,,,,,,,,,,,,,,,,,2026-07-02T22:07:42.149Z,2026-07-02T22:07:42.149Z
974,node/2753027691,node,POINT(-43.1744618 -22.9089251),,,bicycle_parking,stands,6,yes,no,no,,,,,,,,,,,,,,,,,,,,2026-07-02T22:07:42.149Z,2026-07-02T22:07:42.149Z
975,node/2753027693,node,POINT(-43.1746697 -22.9073997),,,bicycle_parking,stands,6,yes,no,no,,,,,,,,,,,,,,,,,,,,2026-07-02T22:07:42.149Z,2026-07-02T22:07:42.149Z
976,node/2753027695,node,POINT(-43.173417 -22.9053709),,,bicycle_parking,stands,6,yes,no,no,,,,,,,,,,,,,,,,,,,,2026-07-02T22:07:42.149Z,2026-07-02T22:07:42.149Z
977,node/2753027697,node,POINT(-43.1751935 -22.9063663),,,bicycle_parking,stands,6,yes,no,no,,,,,,,,,,,,,,,,,,,,2026-07-02T22:07:42.149Z,2026-07-02T22:07:42.149Z
978,node/2753027699,node,POINT(-43.1731932 -22.911161),,,bicycle_parking,stands,6,,no,no,,,,,,,,,,,,,,,,,,,,2026-07-02T22:07:42.149Z,2026-07-02T22:07:42.149Z
979,node/2753027700,node,POINT(-43.1729168 -22.9116109),,,bicycle_parking,stands,6,,no,no,,,,,,,,,,,,,,,,,,,,2026-07-02T22:07:42.149Z,2026-07-02T22:07:42.149Z
980,node/2763159909,node,POINT(-48.5157137 -27.58952),,,bicycle_parking,stands,15,,no,,,,,,,,,,,,,,,,,,,,,2026-07-02T22:07:42.149Z,2026-07-02T22:07:42.149Z
981,node/2763159913,node,POINT(-48.5206664 -27.6077861),,,bicycle_parking,wall_loops,,,,,,,,,,,,,,,,,,,,,,,,2026-07-02T22:07:42.149Z,2026-07-02T22:07:42.149Z
982,node/2765302747,node,POINT(-48.8228559 -26.3197961),,,bicycle_parking,,,,,,,,,,,,,,,,,,,,,,,,,2026-07-02T22:07:42.149Z,2026-07-02T22:07:42.149Z
983,node/2766485374,node,POINT(-48.9075271 -26.2059598),,,bicycle_parking,wall_loops,,,,,,,,,,,,,,,,,,,,,,,,2026-07-02T22:07:42.149Z,2026-07-02T22:07:42.149Z
984,node/2766485577,node,POINT(-48.9088757 -26.2064874),,,bicycle_parking,wall_loops,5,,no,,no,,,,,,,,,,,,,,,,,,,2026-07-02T22:07:42.149Z,2026-07-02T22:07:42.149Z
985,node/2766485629,node,POINT(-48.9074872 -26.2066438),,,bicycle_parking,ground_slots,2,,no,,no,,,,,,,,,,,,,,,,,,,2026-07-02T22:07:42.149Z,2026-07-02T22:07:42.149Z
986,node/2766485713,node,POINT(-48.9081051 -26.206991),,,bicycle_parking,ground_slots,2,,no,,no,,,,,,,,,,,,,,,,,,,2026-07-02T22:07:42.149Z,2026-07-02T22:07:42.149Z
987,node/2766485737,node,POINT(-48.9084587 -26.2070653),,,bicycle_parking,ground_slots,2,,no,,no,,,,,,,,,,,,,,,,,,,2026-07-02T22:07:42.149Z,2026-07-02T22:07:42.149Z
988,node/2776374242,node,POINT(-48.8446786 -26.3055817),,,bicycle_parking,wall_loops,5,,no,,no,,,,,,,,,,,,,,,,,,,2026-07-02T22:07:42.149Z,2026-07-02T22:07:42.149Z
989,node/2786018188,node,POINT(-43.1792435 -22.8041916),,,bicycle_parking,stands,40,yes,no,no,,,,,,,,,,,,,,,,,,,,2026-07-02T22:07:42.149Z,2026-07-02T22:07:42.149Z
990,node/2786048805,node,POINT(-43.2219311 -22.9692555),,,bicycle_parking,stands,14,customers,no,no,,,,,,,,,,,,,,,,,,,,2026-07-02T22:07:42.149Z,2026-07-02T22:07:42.149Z
991,node/2786082519,node,POINT(-43.2242485 -22.9703797),,,bicycle_parking,rack,8,customers,no,no,,,,,,,,,,,,,,,,,,,,2026-07-02T22:07:42.149Z,2026-07-02T22:07:42.149Z
992,node/2786086521,node,POINT(-43.2244205 -22.9707529),,,bicycle_parking,stands,12,customers,no,no,,,,,,,,,,,,,,,,,,,,2026-07-02T22:07:42.149Z,2026-07-02T22:07:42.149Z
993,node/2786134666,node,POINT(-38.5150505 -12.9835705),,,bicycle_parking,stands,6,yes,,,,,,,,,,,,,,,,,,,,,,2026-07-02T22:07:42.149Z,2026-07-02T22:07:42.149Z
994,node/2786251335,node,POINT(-43.3782412 -23.0002944),,,bicycle_parking,wall_loops,5,yes,no,no,,,,,,,,,,,,,,,,,,,,2026-07-02T22:07:42.149Z,2026-07-02T22:07:42.149Z
995,node/2786419850,node,POINT(-43.3825385 -23.00044),,,bicycle_parking,wall_loops,10,public,no,no,,,,,,,,,,,,,,,,,,,,2026-07-02T22:07:42.149Z,2026-07-02T22:07:42.149Z
996,node/2786419852,node,POINT(-43.3839045 -23.0003777),,,bicycle_parking,wall_loops,10,public,no,no,,,,,,,,,,,,,,,,,,,,2026-07-02T22:07:42.149Z,2026-07-02T22:07:42.149Z
997,node/2786581638,node,POINT(-43.3891549 -23.0004369),,,bicycle_parking,wall_loops,10,public,no,no,,,,,,,,,,,,,,,,,,,,2026-07-02T22:07:42.149Z,2026-07-02T22:07:42.149Z
998,node/2786622402,node,POINT(-43.39719 -23.0002222),,,bicycle_parking,wall_loops,5,public,no,no,,,,,,,,,,,,,,,,,,,,2026-07-02T22:07:42.149Z,2026-07-02T22:07:42.149Z
999,node/2786622413,node,POINT(-43.397937 -23.0001987),,,bicycle_parking,wall_loops,5,public,no,no,,,,,,,,,,,,,,,,,,,,2026-07-02T22:07:42.149Z,2026-07-02T22:07:42.149Z
1000,node/2786652670,node,POINT(-43.4075989 -22.9998873),,,bicycle_parking,wall_loops,10,public,no,no,,,,,,,,,,,,,,,,,,,,2026-07-02T22:07:42.149Z,2026-07-02T22:07:42.149Z
1001,node/2791915979,node,POINT(-43.4115797 -22.999988),,,bicycle_parking,wall_loops,10,yes,no,no,,,,,,,,,,,,,,,,,,,,2026-07-02T22:07:42.160Z,2026-07-02T22:07:42.160Z
1002,node/2807797270,node,POINT(-48.902118 -26.14188),,,bicycle_parking,wall_loops,5,,no,,no,,,,,,,,,,,,,,,,,,,2026-07-02T22:07:42.160Z,2026-07-02T22:07:42.160Z
1003,node/2810041238,node,POINT(-43.4181822 -23.0011171),,,bicycle_parking,wall_loops,10,yes,no,no,,,,,,,,,,,,,,,,,,,,2026-07-02T22:07:42.160Z,2026-07-02T22:07:42.160Z
1004,node/2810121349,node,POINT(-43.4246332 -23.0031167),,,bicycle_parking,wall_loops,10,yes,no,no,,,,,,,,,,,,,,,,,,,,2026-07-02T22:07:42.160Z,2026-07-02T22:07:42.160Z
1005,node/2810122923,node,POINT(-43.4313493 -23.0052376),,,bicycle_parking,wall_loops,5,yes,no,no,,,,,,,,,,,,,,,,,,,,2026-07-02T22:07:42.160Z,2026-07-02T22:07:42.160Z
1006,node/2810138624,node,POINT(-43.4481949 -23.0096794),,,bicycle_parking,wall_loops,10,public,no,no,,,,,,,,,,,,,,,,,,,,2026-07-02T22:07:42.160Z,2026-07-02T22:07:42.160Z
1007,node/2810144635,node,POINT(-43.4417471 -23.0080101),,,bicycle_parking,wall_loops,10,public,no,no,,,,,,,,,,,,,,,,,,,,2026-07-02T22:07:42.160Z,2026-07-02T22:07:42.160Z
1008,node/2810144636,node,POINT(-43.4440168 -23.0085508),,,bicycle_parking,wall_loops,10,public,no,no,,,,,,,,,,,,,,,,,,,,2026-07-02T22:07:42.160Z,2026-07-02T22:07:42.160Z
1009,node/2810154073,node,POINT(-43.4521044 -23.010696),,,bicycle_parking,wall_loops,10,yes,no,no,,,,,,,,,,,,,,,,,,,,2026-07-02T22:07:42.160Z,2026-07-02T22:07:42.160Z
1010,node/2810154074,node,POINT(-43.4531642 -23.0109428),,,bicycle_parking,wall_loops,5,yes,no,no,,,,,,,,,,,,,,,,,,,,2026-07-02T22:07:42.160Z,2026-07-02T22:07:42.160Z
1011,node/2810162201,node,POINT(-43.4578647 -23.0121388),,,bicycle_parking,wall_loops,10,public,no,no,,,,,,,,,,,,,,,,,,,,2026-07-02T22:07:42.160Z,2026-07-02T22:07:42.160Z
1012,node/2810162202,node,POINT(-43.459943 -23.012659),,,bicycle_parking,wall_loops,10,public,no,no,,,,,,,,,,,,,,,,,,,,2026-07-02T22:07:42.160Z,2026-07-02T22:07:42.160Z
1013,node/2810167092,node,POINT(-43.4672819 -23.0145733),,,bicycle_parking,wall_loops,5,yes,no,no,,,,,,,,,,,,,,,,,,,,2026-07-02T22:07:42.160Z,2026-07-02T22:07:42.160Z
1014,node/2810171991,node,POINT(-43.4864442 -23.019457),,,bicycle_parking,wall_loops,10,yes,no,no,,,,,,,,,,,,,,,,,,,,2026-07-02T22:07:42.160Z,2026-07-02T22:07:42.160Z
1015,node/2810171992,node,POINT(-43.4883063 -23.0198422),,,bicycle_parking,wall_loops,10,yes,no,no,,,,,,,,,,,,,,,,,,,,2026-07-02T22:07:42.160Z,2026-07-02T22:07:42.160Z
1016,node/2810177944,node,POINT(-43.4708876 -23.0154979),,,bicycle_parking,wall_loops,5,yes,no,no,,,,,,,,,,,,,,,,,,,,2026-07-02T22:07:42.160Z,2026-07-02T22:07:42.160Z
1017,node/2810183410,node,POINT(-43.4775779 -23.0171935),,,bicycle_parking,wall_loops,5,public,no,no,,,,,,,,,,,,,,,,,,,,2026-07-02T22:07:42.160Z,2026-07-02T22:07:42.160Z
1018,node/2810183435,node,POINT(-43.483234 -23.0186299),,,bicycle_parking,wall_loops,10,yes,no,no,,,,,,,,,,,,,,,,,,,,2026-07-02T22:07:42.160Z,2026-07-02T22:07:42.160Z
1019,node/2810191121,node,POINT(-43.4971922 -23.0210285),,,bicycle_parking,wall_loops,5,yes,no,no,,,,,,,,,,,,,,,,,,,,2026-07-02T22:07:42.160Z,2026-07-02T22:07:42.160Z
1020,node/2810207092,node,POINT(-43.5006368 -23.0205558),,,bicycle_parking,wall_loops,5,yes,no,no,,,,,,,,,,,,,,,,,,,,2026-07-02T22:07:42.160Z,2026-07-02T22:07:42.160Z
1021,node/2810442975,node,POINT(-48.8144166 -26.3034977),,,bicycle_parking,wall_loops,10,,no,,no,,,,,,,,,,,,,,,,,,,2026-07-02T22:07:42.160Z,2026-07-02T22:07:42.160Z
1022,node/2811433278,node,POINT(-43.5083627 -23.0184227),,,bicycle_parking,wall_loops,5,yes,no,no,,,,,,,,,,,,,,,,,,,,2026-07-02T22:07:42.160Z,2026-07-02T22:07:42.160Z
1023,node/2811435517,node,POINT(-43.5165734 -23.0161448),,,bicycle_parking,wall_loops,5,yes,no,no,,,,,,,,,,,,,,,,,,,,2026-07-02T22:07:42.160Z,2026-07-02T22:07:42.160Z
1024,node/2811460163,node,POINT(-43.5403651 -23.0091435),,,bicycle_parking,wall_loops,10,yes,no,no,,,,,,,,,,,,,,,,,,,,2026-07-02T22:07:42.160Z,2026-07-02T22:07:42.160Z
1025,node/2811476988,node,POINT(-43.5590252 -23.0050957),,,bicycle_parking,wall_loops,5,yes,no,no,,,,,,,,,,,,,,,,,,,,2026-07-02T22:07:42.160Z,2026-07-02T22:07:42.160Z
1026,node/2812543152,node,POINT(-48.8239419 -26.3002704),,,bicycle_parking,rack,,,no,,,,,,,,,,,,,,,,,,,,,2026-07-02T22:07:42.160Z,2026-07-02T22:07:42.160Z
1027,node/2812543156,node,POINT(-48.8239271 -26.3002866),,,bicycle_parking,rack,,,no,,,,,,,,,,,,,,,,,,,,,2026-07-02T22:07:42.160Z,2026-07-02T22:07:42.160Z
1028,node/2812543158,node,POINT(-48.8239123 -26.3003027),,,bicycle_parking,rack,,,no,,,,,,,,,,,,,,,,,,,,,2026-07-02T22:07:42.160Z,2026-07-02T22:07:42.160Z
1029,node/2812543159,node,POINT(-48.8238974 -26.3003189),,,bicycle_parking,rack,,,no,,,,,,,,,,,,,,,,,,,,,2026-07-02T22:07:42.160Z,2026-07-02T22:07:42.160Z
1030,node/2812543161,node,POINT(-48.8238826 -26.3003351),,,bicycle_parking,rack,,,no,,,,,,,,,,,,,,,,,,,,,2026-07-02T22:07:42.160Z,2026-07-02T22:07:42.160Z
1031,node/2812543166,node,POINT(-48.8238678 -26.3003512),,,bicycle_parking,rack,,,no,,,,,,,,,,,,,,,,,,,,,2026-07-02T22:07:42.160Z,2026-07-02T22:07:42.160Z
1032,node/2812543167,node,POINT(-48.8238529 -26.3003674),,,bicycle_parking,rack,,,no,,,,,,,,,,,,,,,,,,,,,2026-07-02T22:07:42.160Z,2026-07-02T22:07:42.160Z
1033,node/2825702477,node,POINT(-48.8260104 -26.3774563),,,bicycle_parking,wall_loops,3,,no,,no,,,,,,,,,,,,,,,,,,,2026-07-02T22:07:42.160Z,2026-07-02T22:07:42.160Z
1034,node/2828182833,node,POINT(-48.822184 -26.3824264),,,bicycle_parking,wall_loops,5,,no,,no,,,,,,,,,,,,,,,,,,,2026-07-02T22:07:42.160Z,2026-07-02T22:07:42.160Z
1035,node/2830705740,node,POINT(-48.8125776 -26.3614767),,,bicycle_parking,ground_slots,7,,no,,no,,,,,,,,,,,,,,,,,,,2026-07-02T22:07:42.160Z,2026-07-02T22:07:42.160Z
1036,node/2830705779,node,POINT(-48.8140207 -26.3626431),,,bicycle_parking,wall_loops,5,,no,,no,,,,,,,,,,,,,,,,,,,2026-07-02T22:07:42.160Z,2026-07-02T22:07:42.160Z
1037,node/2830705808,node,POINT(-48.8234456 -26.3629374),,,bicycle_parking,wall_loops,5,,no,,no,,,,,,,,,,,,,,,,,,,2026-07-02T22:07:42.160Z,2026-07-02T22:07:42.160Z
1038,node/2836227076,node,POINT(-43.650405 -22.951236),,,bicycle_parking,stands,128,yes,no,no,,,,,,,,,,,,,,,,,,,,2026-07-02T22:07:42.160Z,2026-07-02T22:07:42.160Z
1039,node/2836240984,node,POINT(-43.6837817 -22.9166343),,,bicycle_parking,wall_loops,20,,no,no,,,,,,,,,,,,,,,,,,,,2026-07-02T22:07:42.160Z,2026-07-02T22:07:42.160Z
1040,node/2836257239,node,POINT(-43.2321636 -22.9791253),,,bicycle_parking,rack,20,public,no,no,,,PUC-Rio,,,,,,,,,,,,,,,,,2026-07-02T22:07:42.160Z,2026-07-02T22:07:42.160Z
1041,node/2836313548,node,POINT(-43.199121 -22.9807908),,,bicycle_parking,shed,20,yes,yes,no,,,,,,,,,,,,,,,,,,,,2026-07-02T22:07:42.160Z,2026-07-02T22:07:42.160Z
1042,node/2841555252,node,POINT(-53.7163346 -29.7024122),,,bicycle_parking,,5,yes,no,no,,,,,,,,,,,,,,,,survey,,,,2026-07-02T22:07:42.160Z,2026-07-02T22:07:42.160Z
1043,node/2845859204,node,POINT(-53.7175581 -29.7124688),,,bicycle_parking,,7,,,,,,,,,,,,,,,,,,,,,,,2026-07-02T22:07:42.160Z,2026-07-02T22:07:42.160Z
1044,node/2847500677,node,POINT(-49.1277632 -26.3685334),,,bicycle_parking,wall_loops,5,,no,,no,,,,,,,,,,,,,,,,,,,2026-07-02T22:07:42.160Z,2026-07-02T22:07:42.160Z
1045,node/2847500679,node,POINT(-49.1277954 -26.3685371),,,bicycle_parking,wall_loops,5,,no,,no,,,,,,,,,,,,,,,,,,,2026-07-02T22:07:42.160Z,2026-07-02T22:07:42.160Z
1046,node/2848295576,node,POINT(-43.1861068 -22.9150706),Bicicletário da LifeFit,,bicycle_parking,wall_loops,10,customers,no,yes,,,,,,,,,,,,,,,,,,,,2026-07-02T22:07:42.160Z,2026-07-02T22:07:42.160Z
1047,node/2848295578,node,POINT(-43.1822003 -22.9139975),,,bicycle_parking,wall_loops,4,yes,no,yes,,,,,,,,,,,,,,,,,,,,2026-07-02T22:07:42.160Z,2026-07-02T22:07:42.160Z
1048,node/2848299332,node,POINT(-43.1863159 -22.9438596),,,bicycle_parking,wall_loops,10,yes,no,yes,,,,,,,,,,,,,,,,,,,,2026-07-02T22:07:42.160Z,2026-07-02T22:07:42.160Z
1049,node/2848308719,node,POINT(-43.1854152 -22.9553332),,,bicycle_parking,wall_loops,14,customers,no,no,,,Conspiração,,,,,,,,,,,,,,,,,2026-07-02T22:07:42.160Z,2026-07-02T22:07:42.160Z
1050,node/2849276449,node,POINT(-49.1295346 -26.3530118),,,bicycle_parking,ground_slots,4,,no,,no,,,,,,,,,,,,,,,,,,,2026-07-02T22:07:42.160Z,2026-07-02T22:07:42.160Z
1051,node/2858614156,node,POINT(-38.4624884 -13.0055116),Faculdade Ruy Barbosa,,bicycle_parking,stands,5,private,yes,,,,,,,,,,,,,,,,,,,,,2026-07-02T22:07:42.160Z,2026-07-02T22:07:42.160Z
1052,node/2862871693,node,POINT(-38.4858857 -13.013322),Fonte do Boi,,bicycle_parking,wall_loops,7,yes,no,,,,,,,,,,,,,,,,,,,,,2026-07-02T22:07:42.160Z,2026-07-02T22:07:42.160Z
1053,node/2865421583,node,POINT(-37.6717735 -10.9162218),Turma da Bike,,bicycle_parking,stands,15,,no,,,,,,,,,,,,,,,,,,,,,2026-07-02T22:07:42.160Z,2026-07-02T22:07:42.160Z
1054,node/2869109091,node,POINT(-46.6887843 -23.5539906),,,bicycle_parking,stands,8,,,,,,,,,,,São Paulo,Rua Harmonia,484,,05435-000,,,,,,,,2026-07-02T22:07:42.160Z,2026-07-02T22:07:42.160Z
1055,node/2878042276,node,POINT(-38.5107477 -13.0061126),Estacionamento UFBA Ondina,,bicycle_parking,,,permissive,no,,,,,,,,,,,,,,,,,,,,,2026-07-02T22:07:42.160Z,2026-07-02T22:07:42.160Z
1056,node/2878045682,node,POINT(-38.5236174 -13.006019),Estacionamento Shopping Barra,,bicycle_parking,stands,15,,yes,,,,,,,,,,,,,,,,,,,,,2026-07-02T22:07:42.160Z,2026-07-02T22:07:42.160Z
1057,node/2878049833,node,POINT(-38.5081103 -12.9974705),Faculdade de Arquitetura - UFBA,,bicycle_parking,stands,8,permissive,no,,,,,,,,,,,,,,,,,,,,,2026-07-02T22:07:42.160Z,2026-07-02T22:07:42.160Z
1058,node/2878071977,node,POINT(-38.4546533 -12.9955394),,,bicycle_parking,stands,10,yes,no,,,,,,,,,,,,,,,,,,,,,2026-07-02T22:07:42.160Z,2026-07-02T22:07:42.160Z
1059,node/2878102032,node,POINT(-38.5235049 -12.9936101),Academia Tony Granjo,,bicycle_parking,informal,08,private,no,,,,,,,,,,,,,,,,,,,,,2026-07-02T22:07:42.160Z,2026-07-02T22:07:42.160Z
1060,node/2878102772,node,POINT(-38.4855762 -13.0107756),Faculdade Ruy Barbosa - Campus Rio Vermelho,,bicycle_parking,stands,5,private,,,,,,,,,,,,,,,,,,,,,,2026-07-02T22:07:42.160Z,2026-07-02T22:07:42.160Z
1061,node/2878108328,node,POINT(-38.3853872 -12.9526159),Bicicletário do Costa Verde Tênis Clube,,bicycle_parking,,5 -7,private,no,,,,,,,,,,,,,,,,,,,,,2026-07-02T22:07:42.160Z,2026-07-02T22:07:42.160Z
1062,node/2878179837,node,POINT(-38.4639138 -12.9964387),Shopping Itaigara,,bicycle_parking,informal,,permissive,yes,,,,,,,,,,,,,,,,,,,,,2026-07-02T22:07:42.160Z,2026-07-02T22:07:42.160Z
1063,node/2878187843,node,POINT(-38.4810461 -13.0101741),,,bicycle_parking,wall_loops,6,permissive,no,,,,Faculdade Ruy Barbosa - Campus Rio Vermelho,,,,,,,,,,,,,,,,,2026-07-02T22:07:42.160Z,2026-07-02T22:07:42.160Z
1064,node/2878199869,node,POINT(-38.5044727 -12.9309821),BICICLETARIO - SUPERMERCADO ATACADÃO,,bicycle_parking,wall_loops,,permissive,no,,,,,,,,,,,,,,,,,,,,,2026-07-02T22:07:42.160Z,2026-07-02T22:07:42.160Z
1065,node/2878210898,node,POINT(-38.3407206 -12.9397704),Bicicletário da Praça de Stela Maris,,bicycle_parking,,,yes,no,,,,,,,,,,,,,,,,,,,,,2026-07-02T22:07:42.160Z,2026-07-02T22:07:42.160Z
1066,node/2878212186,node,POINT(-38.3507176 -12.9091232),Bicicletário do Salvador Norte Shopping,,bicycle_parking,,,permissive,,,,,,,,,,,,,,,,,,,,,,2026-07-02T22:07:42.160Z,2026-07-02T22:07:42.160Z
1067,node/2884081038,node,POINT(-38.4672454 -12.9972331),,,bicycle_parking,stands,16,private,yes,,,,,,,,,,,,,,,,,,,,,2026-07-02T22:07:42.160Z,2026-07-02T22:07:42.160Z
1068,node/2884113176,node,POINT(-38.5144501 -12.9773147),Espaço Glauber Rocha,,bicycle_parking,informal,,permissive,,,,,,,,,,,,,,,,,,,,,,2026-07-02T22:07:42.160Z,2026-07-02T22:07:42.160Z
1069,node/2895225208,node,POINT(-48.5133511 -27.5914061),,,bicycle_parking,stands,12,,,,,,,,,,,,,,,,,,,,,,,2026-07-02T22:07:42.160Z,2026-07-02T22:07:42.160Z
1070,node/2906236754,node,POINT(-43.2600671 -22.9225645),,,bicycle_parking,wall_loops,6,public,no,no,,,,,,,,,,,,,,,,,,,,2026-07-02T22:07:42.160Z,2026-07-02T22:07:42.160Z
1071,node/2906241752,node,POINT(-43.206083 -22.9138493),,,bicycle_parking,stands,8,yes,no,no,,,,,,,,,,,,,,,,,,,,2026-07-02T22:07:42.160Z,2026-07-02T22:07:42.160Z
1072,node/2906283848,node,POINT(-43.1789697 -22.9410843),,,bicycle_parking,stands,6,yes,no,no,,,,,,,,,,,,,,,,,,,,2026-07-02T22:07:42.160Z,2026-07-02T22:07:42.160Z
1073,node/2918198810,node,POINT(-49.0863065 -26.4792123),,,bicycle_parking,wall_loops,10,,,,,,,,,,,,,,,,,,,,,,,2026-07-02T22:07:42.160Z,2026-07-02T22:07:42.160Z
1074,node/2919681363,node,POINT(-49.239922 -25.4359133),Bicicletário do Pão Prosa,,bicycle_parking,stands,5,,,,,,,,,,,,,,,,,,,,,,,2026-07-02T22:07:42.160Z,2026-07-02T22:07:42.160Z
1075,node/2928024853,node,POINT(-43.2912327 -22.953646),,,bicycle_parking,stands,6,public,no,no,,,,,,,,,,,,,,,,,,,,2026-07-02T22:07:42.160Z,2026-07-02T22:07:42.160Z
1076,node/2929609238,node,POINT(-43.1234921 -22.8935902),,,bicycle_parking,stands,4,,,no,,,,,,,,,,,,,,,,,,,,2026-07-02T22:07:42.160Z,2026-07-02T22:07:42.160Z
1077,node/2929609239,node,POINT(-43.1231835 -22.8935538),,,bicycle_parking,stands,4,,,no,,,,,,,,,,,,,,,,,,,,2026-07-02T22:07:42.160Z,2026-07-02T22:07:42.160Z
1078,node/2929609240,node,POINT(-43.1229041 -22.8935587),,,bicycle_parking,stands,2,,,no,,,,,,,,,,,,,,,,,,,,2026-07-02T22:07:42.160Z,2026-07-02T22:07:42.160Z
1079,node/2929609241,node,POINT(-43.1225371 -22.8935721),,,bicycle_parking,stands,2,,,no,,,,,,,,,,,,,,,,,,,,2026-07-02T22:07:42.160Z,2026-07-02T22:07:42.160Z
1080,node/2929609242,node,POINT(-43.1219659 -22.89358),,,bicycle_parking,stands,4,,,no,,,,,,,,,,,,,,,,,,,,2026-07-02T22:07:42.160Z,2026-07-02T22:07:42.160Z
1081,node/2939447261,node,POINT(-48.5034541 -27.6666117),,,bicycle_parking,stands,,yes,no,,,,,,,,,,,,,,,,,,,,,2026-07-02T22:07:42.160Z,2026-07-02T22:07:42.160Z
1082,node/2948103184,node,POINT(-43.1877353 -22.9047644),Biblioteca Parque Estadual,,bicycle_parking,,40,,,,,,,,,,,,,,,,Tu-Su 10:00-20:00,,,,,,,2026-07-02T22:07:42.160Z,2026-07-02T22:07:42.160Z
1083,node/2960460808,node,POINT(-43.1873419 -22.9148367),,,bicycle_parking,rack,6,,no,no,,,,,,,,,,,,,,,,,,,,2026-07-02T22:07:42.160Z,2026-07-02T22:07:42.160Z
1084,node/2960482950,node,POINT(-43.1990911 -22.9578599),,,bicycle_parking,rack,5,,no,no,,,,,,,,,,,,,,,,,,,,2026-07-02T22:07:42.160Z,2026-07-02T22:07:42.160Z
1085,node/2960515404,node,POINT(-43.3215214 -22.8079723),,,bicycle_parking,stands,10,,no,no,,,,,,,,,,,,,,,,,,,,2026-07-02T22:07:42.160Z,2026-07-02T22:07:42.160Z
1086,node/2962096376,node,POINT(-42.8794634 -20.7544406),,,bicycle_parking,,,,,,,,,,,,,,,,,,,,,,,,,2026-07-02T22:07:42.160Z,2026-07-02T22:07:42.160Z
1087,node/2962096377,node,POINT(-42.8810246 -20.7552719),,,bicycle_parking,,,,,,,,,,,,,,,,,,,,,,,,,2026-07-02T22:07:42.160Z,2026-07-02T22:07:42.160Z
1088,node/2971619921,node,POINT(-43.1900996 -22.9667609),,,bicycle_parking,stands,4,,no,no,,,,,,,,,,,,,,,,,,,,2026-07-02T22:07:42.160Z,2026-07-02T22:07:42.160Z
1089,node/2971619922,node,POINT(-43.1900164 -22.9672227),,,bicycle_parking,stands,8,,no,no,,,,,,,,,,,,,,,,,,,,2026-07-02T22:07:42.160Z,2026-07-02T22:07:42.160Z
1090,node/2971637312,node,POINT(-43.2328113 -22.9109302),,,bicycle_parking,stands,18,,yes,no,,,,,,,,,,,,,,,,,,,,2026-07-02T22:07:42.160Z,2026-07-02T22:07:42.160Z
1091,node/2971657424,node,POINT(-43.2354117 -22.9217281),,,bicycle_parking,stands,20,,yes,no,,,Shopping Tijuca,,,,,,,,,,,,,,,,,2026-07-02T22:07:42.160Z,2026-07-02T22:07:42.160Z
1092,node/2971709874,node,POINT(-43.2575961 -22.998841),,,bicycle_parking,rack,5,,no,no,,,,,,,,,,,,,,,,,,,,2026-07-02T22:07:42.160Z,2026-07-02T22:07:42.160Z
1093,node/2973280556,node,POINT(-45.852095 -23.1802958),,,bicycle_parking,,,,,,,,,,,,,,,,,,,,,,,,,2026-07-02T22:07:42.160Z,2026-07-02T22:07:42.160Z
1094,node/2976084096,node,POINT(-48.6397265 -26.2445356),,,bicycle_parking,wall_loops,8,,no,,no,,,,,,,,,,,,,,,,,,,2026-07-02T22:07:42.160Z,2026-07-02T22:07:42.160Z
1095,node/2976100060,node,POINT(-43.1189238 -22.8936845),,,bicycle_parking,stands,2,,,no,,,,,,,,,,,,,,,,,,,,2026-07-02T22:07:42.160Z,2026-07-02T22:07:42.160Z
1096,node/2983951744,node,POINT(-43.2165609 -22.9798907),,,bicycle_parking,rack,26,customers,no,no,,,Clube Monte Líbano,,,,,,,,,,,,,,,,,2026-07-02T22:07:42.160Z,2026-07-02T22:07:42.160Z
1097,node/2983951745,node,POINT(-43.2170081 -22.9797579),,,bicycle_parking,rack,18,customers,no,no,,,Clube Monte Líbano,,,,,,,,,,,,,,,,,2026-07-02T22:07:42.160Z,2026-07-02T22:07:42.160Z
1098,node/2983958739,node,POINT(-43.1894262 -22.9662176),,,bicycle_parking,stands,4,,no,no,,,,,,,,,,,,,,,,,,,,2026-07-02T22:07:42.160Z,2026-07-02T22:07:42.160Z
1099,node/2983958740,node,POINT(-43.1880314 -22.9660522),,,bicycle_parking,stands,8,,no,no,,,,,,,,,,,,,,,,,,,,2026-07-02T22:07:42.160Z,2026-07-02T22:07:42.160Z
1100,node/2983958741,node,POINT(-43.1875004 -22.9663411),,,bicycle_parking,stands,4,,no,no,,,,,,,,,,,,,,,,,,,,2026-07-02T22:07:42.160Z,2026-07-02T22:07:42.160Z
1101,node/2983958742,node,POINT(-43.1867413 -22.9667535),,,bicycle_parking,stands,8,,no,no,,,,,,,,,,,,,,,,,,,,2026-07-02T22:07:42.171Z,2026-07-02T22:07:42.171Z
1102,node/2983958743,node,POINT(-43.186634 -22.9668079),,,bicycle_parking,stands,8,,no,no,,,,,,,,,,,,,,,,,,,,2026-07-02T22:07:42.171Z,2026-07-02T22:07:42.171Z
1103,node/2983958744,node,POINT(-43.1876801 -22.9674006),,,bicycle_parking,stands,12,,no,no,,,,,,,,,,,,,,,,,,,,2026-07-02T22:07:42.171Z,2026-07-02T22:07:42.171Z
1104,node/2983958745,node,POINT(-43.1887127 -22.9684314),,,bicycle_parking,stands,8,,no,no,,,,,,,,,,,,,,,,,,,,2026-07-02T22:07:42.171Z,2026-07-02T22:07:42.171Z
1105,node/2983961690,node,POINT(-43.186009 -22.9689095),,,bicycle_parking,stands,8,,no,no,,,,,,,,,,,,,,,,,,,,2026-07-02T22:07:42.171Z,2026-07-02T22:07:42.171Z
1106,node/2983961691,node,POINT(-43.186803 -22.9694379),,,bicycle_parking,stands,4,,no,no,,,,,,,,,,,,,,,,,,,,2026-07-02T22:07:42.171Z,2026-07-02T22:07:42.171Z
1107,node/2983961692,node,POINT(-43.1874279 -22.9697763),,,bicycle_parking,stands,4,,no,no,,,,,,,,,,,,,,,,,,,,2026-07-02T22:07:42.171Z,2026-07-02T22:07:42.171Z
1108,node/2983961693,node,POINT(-43.1881924 -22.9703319),,,bicycle_parking,stands,4,,no,no,,,,,,,,,,,,,,,,,,,,2026-07-02T22:07:42.171Z,2026-07-02T22:07:42.171Z
1109,node/2983981504,node,POINT(-43.1907485 -22.9789429),,,bicycle_parking,stands,4,,no,no,,,,,,,,,,,,,,,,,,,,2026-07-02T22:07:42.171Z,2026-07-02T22:07:42.171Z
1110,node/2983981505,node,POINT(-43.1907056 -22.9787281),,,bicycle_parking,stands,4,,no,no,,,,,,,,,,,,,,,,,,,,2026-07-02T22:07:42.171Z,2026-07-02T22:07:42.171Z
1111,node/2983981506,node,POINT(-43.1905688 -22.9774366),,,bicycle_parking,stands,4,,no,no,,,,,,,,,,,,,,,,,,,,2026-07-02T22:07:42.171Z,2026-07-02T22:07:42.171Z
1112,node/2983981507,node,POINT(-43.1909926 -22.9779798),,,bicycle_parking,stands,4,,no,no,,,,,,,,,,,,,,,,,,,,2026-07-02T22:07:42.171Z,2026-07-02T22:07:42.171Z
1113,node/2983981508,node,POINT(-43.1906546 -22.9777675),,,bicycle_parking,stands,4,,no,no,,,,,,,,,,,,,,,,,,,,2026-07-02T22:07:42.171Z,2026-07-02T22:07:42.171Z
1114,node/2983981509,node,POINT(-43.1904722 -22.9779008),,,bicycle_parking,stands,4,,no,no,,,,,,,,,,,,,,,,,,,,2026-07-02T22:07:42.171Z,2026-07-02T22:07:42.171Z
1115,node/2983981510,node,POINT(-43.1904347 -22.9780786),,,bicycle_parking,stands,4,,no,no,,,,,,,,,,,,,,,,,,,,2026-07-02T22:07:42.171Z,2026-07-02T22:07:42.171Z
1116,node/2983981511,node,POINT(-43.1902925 -22.9763747),,,bicycle_parking,stands,4,,no,no,,,,,,,,,,,,,,,,,,,,2026-07-02T22:07:42.171Z,2026-07-02T22:07:42.171Z
1117,node/2983981514,node,POINT(-43.1903435 -22.9772933),,,bicycle_parking,stands,4,,no,no,,,,,,,,,,,,,,,,,,,,2026-07-02T22:07:42.171Z,2026-07-02T22:07:42.171Z
1118,node/2983981515,node,POINT(-43.1905634 -22.9769748),,,bicycle_parking,stands,4,,no,no,,,,,,,,,,,,,,,,,,,,2026-07-02T22:07:42.171Z,2026-07-02T22:07:42.171Z
1119,node/2983981516,node,POINT(-43.1904079 -22.9768291),,,bicycle_parking,stands,4,,no,no,,,,,,,,,,,,,,,,,,,,2026-07-02T22:07:42.171Z,2026-07-02T22:07:42.171Z
1120,node/2983981517,node,POINT(-43.1902764 -22.9770143),,,bicycle_parking,stands,4,,no,no,,,,,,,,,,,,,,,,,,,,2026-07-02T22:07:42.171Z,2026-07-02T22:07:42.171Z
1121,node/2983981518,node,POINT(-43.1902308 -22.9768834),,,bicycle_parking,stands,4,,no,no,,,,,,,,,,,,,,,,,,,,2026-07-02T22:07:42.171Z,2026-07-02T22:07:42.171Z
1122,node/2983981521,node,POINT(-43.1902657 -22.9758043),,,bicycle_parking,stands,4,,no,no,,,,,,,,,,,,,,,,,,,,2026-07-02T22:07:42.171Z,2026-07-02T22:07:42.171Z
1123,node/2983981522,node,POINT(-43.1899143 -22.9758191),,,bicycle_parking,stands,4,,no,no,,,,,,,,,,,,,,,,,,,,2026-07-02T22:07:42.171Z,2026-07-02T22:07:42.171Z
1124,node/2983981523,node,POINT(-43.1897561 -22.9751153),,,bicycle_parking,stands,4,,no,no,,,,,,,,,,,,,,,,,,,,2026-07-02T22:07:42.171Z,2026-07-02T22:07:42.171Z
1125,node/2983981524,node,POINT(-43.1895201 -22.9748165),,,bicycle_parking,stands,4,,no,no,,,,,,,,,,,,,,,,,,,,2026-07-02T22:07:42.171Z,2026-07-02T22:07:42.171Z
1126,node/2983981525,node,POINT(-43.1894423 -22.9746683),,,bicycle_parking,stands,4,,no,no,,,,,,,,,,,,,,,,,,,,2026-07-02T22:07:42.171Z,2026-07-02T22:07:42.171Z
1127,node/2983981526,node,POINT(-43.1891124 -22.9744535),,,bicycle_parking,stands,4,,no,no,,,,,,,,,,,,,,,,,,,,2026-07-02T22:07:42.171Z,2026-07-02T22:07:42.171Z
1128,node/2983981527,node,POINT(-43.1890507 -22.9740263),,,bicycle_parking,stands,4,,no,no,,,,,,,,,,,,,,,,,,,,2026-07-02T22:07:42.171Z,2026-07-02T22:07:42.171Z
1129,node/2983981528,node,POINT(-43.1889917 -22.973888),,,bicycle_parking,stands,4,,no,no,,,,,,,,,,,,,,,,,,,,2026-07-02T22:07:42.171Z,2026-07-02T22:07:42.171Z
1130,node/2983981529,node,POINT(-43.1887825 -22.9739991),,,bicycle_parking,stands,8,,no,no,,,,,,,,,,,,,,,,,,,,2026-07-02T22:07:42.171Z,2026-07-02T22:07:42.171Z
1131,node/2983981530,node,POINT(-43.1882567 -22.9728138),,,bicycle_parking,stands,4,,no,no,,,,,,,,,,,,,,,,,,,,2026-07-02T22:07:42.171Z,2026-07-02T22:07:42.171Z
1132,node/2983981531,node,POINT(-43.1879966 -22.9723717),,,bicycle_parking,stands,4,,no,no,,,,,,,,,,,,,,,,,,,,2026-07-02T22:07:42.171Z,2026-07-02T22:07:42.171Z
1133,node/2983981532,node,POINT(-43.1873206 -22.9717445),,,bicycle_parking,stands,4,,no,no,,,,,,,,,,,,,,,,,,,,2026-07-02T22:07:42.171Z,2026-07-02T22:07:42.171Z
1134,node/2983981933,node,POINT(-43.1874011 -22.9714654),,,bicycle_parking,stands,4,,no,no,,,,,,,,,,,,,,,,,,,,2026-07-02T22:07:42.171Z,2026-07-02T22:07:42.171Z
1135,node/2983981934,node,POINT(-43.1872804 -22.9713123),,,bicycle_parking,stands,4,,no,no,,,,,,,,,,,,,,,,,,,,2026-07-02T22:07:42.171Z,2026-07-02T22:07:42.171Z
1136,node/2983981935,node,POINT(-43.1871624 -22.9717025),,,bicycle_parking,stands,4,,no,no,,,,,,,,,,,,,,,,,,,,2026-07-02T22:07:42.171Z,2026-07-02T22:07:42.171Z
1137,node/2983981936,node,POINT(-43.1869693 -22.9716803),,,bicycle_parking,stands,4,,no,no,,,,,,,,,,,,,,,,,,,,2026-07-02T22:07:42.171Z,2026-07-02T22:07:42.171Z
1138,node/2983981937,node,POINT(-43.1870927 -22.971179),,,bicycle_parking,stands,8,,no,no,,,,,,,,,,,,,,,,,,,,2026-07-02T22:07:42.171Z,2026-07-02T22:07:42.171Z
1139,node/2983981938,node,POINT(-43.1864114 -22.9704949),,,bicycle_parking,stands,8,,no,no,,,,,,,,,,,,,,,,,,,,2026-07-02T22:07:42.171Z,2026-07-02T22:07:42.171Z
1140,node/2983981939,node,POINT(-43.1860976 -22.9699664),,,bicycle_parking,stands,4,,no,no,,,,,,,,,,,,,,,,,,,,2026-07-02T22:07:42.171Z,2026-07-02T22:07:42.171Z
1141,node/2983981941,node,POINT(-43.1854994 -22.9696849),,,bicycle_parking,stands,4,,no,no,,,,,,,,,,,,,,,,,,,,2026-07-02T22:07:42.171Z,2026-07-02T22:07:42.171Z
1142,node/2983981942,node,POINT(-43.1851186 -22.9696824),,,bicycle_parking,stands,4,,no,no,,,,,,,,,,,,,,,,,,,,2026-07-02T22:07:42.171Z,2026-07-02T22:07:42.171Z
1143,node/2983981943,node,POINT(-43.1848342 -22.9690972),Boni's Gourmet Copacabana,,cafe,stands,4,,no,no,,,,,,,,,Rua Siqueira Campos,53,,,,,,,,,,2026-07-02T22:07:42.171Z,2026-07-02T22:07:42.171Z
1144,node/2983981944,node,POINT(-43.1846438 -22.9689465),,,bicycle_parking,stands,4,,no,no,,,,,,,,,,,,,,,,,,,,2026-07-02T22:07:42.171Z,2026-07-02T22:07:42.171Z
1145,node/2983981945,node,POINT(-43.184389 -22.9693318),,,bicycle_parking,stands,8,,no,no,,,,,,,,,,,,,,,,,,,,2026-07-02T22:07:42.171Z,2026-07-02T22:07:42.171Z
1146,node/2983981946,node,POINT(-43.1842495 -22.9687736),,,bicycle_parking,stands,8,,no,no,,,,,,,,,,,,,,,,,,,,2026-07-02T22:07:42.171Z,2026-07-02T22:07:42.171Z
1147,node/2983981947,node,POINT(-43.1841235 -22.9686724),,,bicycle_parking,stands,8,,no,no,,,,,,,,,,,,,,,,,,,,2026-07-02T22:07:42.171Z,2026-07-02T22:07:42.171Z
1148,node/2983981948,node,POINT(-43.1839089 -22.9685464),,,bicycle_parking,stands,8,,no,no,,,,,,,,,,,,,,,,,,,,2026-07-02T22:07:42.171Z,2026-07-02T22:07:42.171Z
1149,node/2983981949,node,POINT(-43.1836112 -22.9686576),,,bicycle_parking,stands,4,,no,no,,,,,,,,,,,,,,,,,,,,2026-07-02T22:07:42.171Z,2026-07-02T22:07:42.171Z
1150,node/2983981950,node,POINT(-43.1828977 -22.9681637),,,bicycle_parking,stands,4,,no,no,,,,,,,,,,,,,,,,,,,,2026-07-02T22:07:42.171Z,2026-07-02T22:07:42.171Z
1151,node/2983981951,node,POINT(-43.1829567 -22.9678772),,,bicycle_parking,stands,4,,no,no,,,,,,,,,,,,,,,,,,,,2026-07-02T22:07:42.171Z,2026-07-02T22:07:42.171Z
1152,node/2983981952,node,POINT(-43.1818025 -22.9674327),,,bicycle_parking,stands,4,,no,no,,,,,,,,,,,,,,,,,,,,2026-07-02T22:07:42.171Z,2026-07-02T22:07:42.171Z
1153,node/2983981953,node,POINT(-43.1815646 -22.9669375),,,bicycle_parking,stands,4,,no,no,,,,,,,,,,,,,,,,,,,,2026-07-02T22:07:42.171Z,2026-07-02T22:07:42.171Z
1154,node/2983981954,node,POINT(-43.1804435 -22.9672153),,,bicycle_parking,stands,4,,no,no,,,,,,,,,,,,,,,,,,,,2026-07-02T22:07:42.171Z,2026-07-02T22:07:42.171Z
1155,node/2983981955,node,POINT(-43.1790353 -22.9657805),,,bicycle_parking,stands,4,,no,no,,,,,,,,,,,,,,,,,,,,2026-07-02T22:07:42.171Z,2026-07-02T22:07:42.171Z
1156,node/2983981956,node,POINT(-43.1776835 -22.9657533),,,bicycle_parking,stands,4,,no,no,,,,,,,,,,,,,,,,,,,,2026-07-02T22:07:42.171Z,2026-07-02T22:07:42.171Z
1157,node/2983981957,node,POINT(-43.177021 -22.9654002),,,bicycle_parking,stands,8,,no,no,,,,,,,,,,,,,,,,,,,,2026-07-02T22:07:42.171Z,2026-07-02T22:07:42.171Z
1158,node/2983981958,node,POINT(-43.1756369 -22.9647482),,,bicycle_parking,stands,4,,no,no,,,,,,,,,,,,,,,,,,,,2026-07-02T22:07:42.171Z,2026-07-02T22:07:42.171Z
1159,node/2983981959,node,POINT(-43.1757523 -22.9645062),,,bicycle_parking,stands,4,,no,no,,,,,,,,,,,,,,,,,,,,2026-07-02T22:07:42.171Z,2026-07-02T22:07:42.171Z
1160,node/2983981960,node,POINT(-43.1751461 -22.9645136),,,bicycle_parking,stands,4,,no,no,,,,,,,,,,,,,,,,,,,,2026-07-02T22:07:42.171Z,2026-07-02T22:07:42.171Z
1161,node/2983981961,node,POINT(-43.1747341 -22.964032),,,bicycle_parking,stands,4,,no,no,,,,,,,,,,,,,,,,,,,,2026-07-02T22:07:42.171Z,2026-07-02T22:07:42.171Z
1162,node/2983981962,node,POINT(-43.17502 -22.9634319),,,bicycle_parking,stands,4,,no,no,,,,,,,,,,,,,,,,,,,,2026-07-02T22:07:42.171Z,2026-07-02T22:07:42.171Z
1163,node/2983981963,node,POINT(-43.1755189 -22.96277),,,bicycle_parking,stands,4,,no,no,,,,,,,,,,,,,,,,,,,,2026-07-02T22:07:42.171Z,2026-07-02T22:07:42.171Z
1164,node/2983981964,node,POINT(-43.1763004 -22.9607856),,,bicycle_parking,stands,8,,no,no,,,,,,,,,,,,,,,,,,,,2026-07-02T22:07:42.171Z,2026-07-02T22:07:42.171Z
1165,node/3006902732,node,POINT(-47.8608201 -15.764444),,,bicycle_parking,wall_loops,10,,yes,,,,,,,,,,,,,,,,,,,,,2026-07-02T22:07:42.171Z,2026-07-02T22:07:42.171Z
1166,node/3006908144,node,POINT(-47.8610199 -15.7672432),,,bicycle_parking,wall_loops,10,,yes,,,,,,,,,,,,,,,,,,,,,2026-07-02T22:07:42.171Z,2026-07-02T22:07:42.171Z
1167,node/3012609231,node,POINT(-48.5037673 -27.5863011),,,bicycle_parking,wall_loops,,,no,,,,,,,,,,,,,,,,,,,,,2026-07-02T22:07:42.171Z,2026-07-02T22:07:42.171Z
1168,node/3012610356,node,POINT(-48.5024228 -27.5856743),,,bicycle_parking,rack,,,yes,,,,,,,,,,,,,,,,,,,,,2026-07-02T22:07:42.171Z,2026-07-02T22:07:42.171Z
1169,node/3017379589,node,POINT(-43.1919154 -22.9543347),,,bicycle_parking,stands,8,,no,no,,,,,,,,,,,,,,,,,,,,2026-07-02T22:07:42.171Z,2026-07-02T22:07:42.171Z
1170,node/3017382250,node,POINT(-43.205313 -22.9832422),,,bicycle_parking,stands,21,,no,no,,,,,,,,,,,,,,,,,,,,2026-07-02T22:07:42.171Z,2026-07-02T22:07:42.171Z
1171,node/3017382321,node,POINT(-43.2246504 -22.9735153),,,bicycle_parking,stands,10,,yes,no,,,,,,,,,,,,,,,,,,,,2026-07-02T22:07:42.171Z,2026-07-02T22:07:42.171Z
1172,node/3017382322,node,POINT(-43.224162 -22.9733328),,,bicycle_parking,stands,12,,no,no,,,,,,,,,,,,,,,,,,,,2026-07-02T22:07:42.171Z,2026-07-02T22:07:42.171Z
1173,node/3017389034,node,POINT(-43.1741738 -22.912519),,,bicycle_parking,stands,12,,no,no,,,,,,,,,,,,,,,,,,,,2026-07-02T22:07:42.171Z,2026-07-02T22:07:42.171Z
1174,node/3017389621,node,POINT(-43.1755848 -22.9203589),,,bicycle_parking,rack,10,yes,no,no,,,Sociedade dos Engenheiros e Arquitetos do Estado do Rio de Janeiro,,,,,,,,,,Mo-Fr 08:00-20:00,,,,,,,2026-07-02T22:07:42.171Z,2026-07-02T22:07:42.171Z
1175,node/3017415883,node,POINT(-43.3611869 -22.7772647),,,bicycle_parking,rack,13,,yes,no,,,,,,,,,,,,,,,,,,,,2026-07-02T22:07:42.171Z,2026-07-02T22:07:42.171Z
1176,node/3033724125,node,POINT(-46.6404403 -23.646244),,,bicycle_parking,ground_slots,225,,yes,,,,Instituto Parada Vital,,,,,,,,,,,,,https://www.aeseletropaulo.com.br/imprensa/nossos-releases/conteudo/aes-eletropaulo-inaugura-biciclet%C3%A1rio-no-jabaquara,,,,2026-07-02T22:07:42.171Z,2026-07-02T22:07:42.171Z
1177,node/3051977295,node,POINT(-47.8946763 -15.7578663),,,bicycle_parking,stands,8,,,,,,Run Way,,,,,,,,,,,,,,,,,2026-07-02T22:07:42.171Z,2026-07-02T22:07:42.171Z
1178,node/3068180534,node,POINT(-47.8662241 -15.7658987),,,bicycle_parking,stands,6,,,,,,,,,,,,,,,,,,,,,,,2026-07-02T22:07:42.171Z,2026-07-02T22:07:42.171Z
1179,node/3070748626,node,POINT(-43.2368476 -22.894464),,,bicycle_parking,stands,10,,no,no,,,Banco do Brasil,,,,,,,,,,,,,,,,,2026-07-02T22:07:42.171Z,2026-07-02T22:07:42.171Z
1180,node/3070794503,node,POINT(-43.2503786 -22.9222857),,,bicycle_parking,rack,6,,no,no,,,Banco do Brasil,,,,,,,,,,,,,,,,,2026-07-02T22:07:42.171Z,2026-07-02T22:07:42.171Z
1181,node/3089967642,node,POINT(-47.8668617 -15.7656992),,,bicycle_parking,stands,16,,no,,,,,,,,,,,,,,,,,,,,,2026-07-02T22:07:42.171Z,2026-07-02T22:07:42.171Z
1182,node/3090553627,node,POINT(-48.0308176 -15.8662309),,,bicycle_parking,wall_loops,,,,,,,,,,,,,,,,,,,,,,,,2026-07-02T22:07:42.171Z,2026-07-02T22:07:42.171Z
1183,node/3092707622,node,POINT(-47.8654861 -15.7682179),,,bicycle_parking,stands,14,,no,,,,,,,,,,,,,,,,,,,,,2026-07-02T22:07:42.171Z,2026-07-02T22:07:42.171Z
1184,node/3093444488,node,POINT(-43.2241414 -22.8998371),,,bicycle_parking,stands,12,,no,no,,,Extra,,,,,,,,,,,,,,,,,2026-07-02T22:07:42.171Z,2026-07-02T22:07:42.171Z
1185,node/3093459202,node,POINT(-43.2339145 -22.9231619),,,bicycle_parking,rack,5,,yes,no,,,Mundial,,,,,,,,,,,,,,,,,2026-07-02T22:07:42.171Z,2026-07-02T22:07:42.171Z
1186,node/3093473658,node,POINT(-43.1217709 -22.8935845),,,bicycle_parking,stands,4,,,no,,,,,,,,,,,,,,,,,,,,2026-07-02T22:07:42.171Z,2026-07-02T22:07:42.171Z
1187,node/3093473659,node,POINT(-43.1200128 -22.8936384),,,bicycle_parking,stands,2,,,no,,,,,,,,,,,,,,,,,,,,2026-07-02T22:07:42.171Z,2026-07-02T22:07:42.171Z
1188,node/3093473660,node,POINT(-43.1193486 -22.8936722),,,bicycle_parking,stands,2,,,no,,,,,,,,,,,,,,,,,,,,2026-07-02T22:07:42.171Z,2026-07-02T22:07:42.171Z
1189,node/3093473661,node,POINT(-43.1191985 -22.8936754),,,bicycle_parking,stands,2,,,no,,,,,,,,,,,,,,,,,,,,2026-07-02T22:07:42.171Z,2026-07-02T22:07:42.171Z
1190,node/3093473662,node,POINT(-43.1190455 -22.8936816),,,bicycle_parking,stands,4,,,no,,,,,,,,,,,,,,,,,,,,2026-07-02T22:07:42.171Z,2026-07-02T22:07:42.171Z
1191,node/3093487225,node,POINT(-43.1164951 -22.9041895),,,bicycle_parking,stands,6,,,no,,,,,,,,,,,,,,,,,,,,2026-07-02T22:07:42.171Z,2026-07-02T22:07:42.171Z
1192,node/3093487226,node,POINT(-43.1125402 -22.9073199),,,bicycle_parking,stands,10,,,no,,,,,,,,,,,,,,,,,,,,2026-07-02T22:07:42.171Z,2026-07-02T22:07:42.171Z
1193,node/3093487227,node,POINT(-43.1124924 -22.9073323),,,bicycle_parking,rack,16,,no,no,,,,,,,,,,,,,,,,,,,,2026-07-02T22:07:42.171Z,2026-07-02T22:07:42.171Z
1194,node/3093487228,node,POINT(-43.1117543 -22.9066578),,,bicycle_parking,stands,4,,,no,,,,,,,,,,,,,,,,,,,,2026-07-02T22:07:42.171Z,2026-07-02T22:07:42.171Z
1195,node/3093487229,node,POINT(-43.1112174 -22.9062035),,,bicycle_parking,stands,4,,,no,,,,,,,,,,,,,,,,,,,,2026-07-02T22:07:42.171Z,2026-07-02T22:07:42.171Z
1196,node/3093487230,node,POINT(-43.1095576 -22.9045157),,,bicycle_parking,rack,4,,no,no,,,,,,,,,,,,,,,,,,,,2026-07-02T22:07:42.171Z,2026-07-02T22:07:42.171Z
1197,node/3093489274,node,POINT(-43.1052848 -22.9028504),,,bicycle_parking,shed,22,customers,,no,,,Centro Educacional Alzira Bittencourt,,,,,,,,,,,,,,,,,2026-07-02T22:07:42.171Z,2026-07-02T22:07:42.171Z
1198,node/3093490065,node,POINT(-43.1243566 -22.8915326),,,bicycle_parking,stands,20,,,no,,,,,,,,,,,,,,,,,,,,2026-07-02T22:07:42.171Z,2026-07-02T22:07:42.171Z
1199,node/3093497293,node,POINT(-43.1279847 -22.8882543),,,bicycle_parking,stands,10,,,no,,,Caminho Niemayer,,,,,,,,,,,,,,,,,2026-07-02T22:07:42.171Z,2026-07-02T22:07:42.171Z
1200,node/3093500967,node,POINT(-43.1258902 -22.9066342),,,bicycle_parking,pórtico,30,,,no,,,,,,,,,,,,,,,,,,,,2026-07-02T22:07:42.171Z,2026-07-02T22:07:42.171Z
1201,node/3093511466,node,POINT(-43.1755015 -22.9628051),,,bicycle_parking,wall_loops,6,,no,no,,,,,,,,,,,,,,,,,,,,2026-07-02T22:07:42.183Z,2026-07-02T22:07:42.183Z
1202,node/3093514798,node,POINT(-43.1893074 -22.9510488),,,bicycle_parking,wall_loops,6,,no,no,,,,,,,,,,,,,,,,,,,,2026-07-02T22:07:42.183Z,2026-07-02T22:07:42.183Z
1203,node/3093536337,node,POINT(-43.3265142 -23.0028118),,,bicycle_parking,wall_loops,7,,no,no,,,,,,,,,,,,,,,,,,,,2026-07-02T22:07:42.183Z,2026-07-02T22:07:42.183Z
1204,node/3093537195,node,POINT(-43.3625868 -23.0006756),,,bicycle_parking,wall_loops,4,,no,no,,,Midtown,,,,,,,,,,,,,,,,,2026-07-02T22:07:42.183Z,2026-07-02T22:07:42.183Z
1205,node/3093545050,node,POINT(-43.3642971 -22.8064201),,,bicycle_parking,stands,10,,no,no,,,,,,,,,,,,,,,,,,,,2026-07-02T22:07:42.183Z,2026-07-02T22:07:42.183Z
1206,node/3093545052,node,POINT(-43.3643628 -22.8062532),,,bicycle_parking,wall_loops,24,,no,no,,,,,,,,,,,,,,,,,,,,2026-07-02T22:07:42.183Z,2026-07-02T22:07:42.183Z
1207,node/3093563080,node,POINT(-43.6815545 -22.9202957),,,bicycle_parking,wall_loops,8,,no,,,,,,,,,,,,,,,,,,,,,2026-07-02T22:07:42.183Z,2026-07-02T22:07:42.183Z
1208,node/3093567044,node,POINT(-43.6806667 -22.9212024),,,bicycle_parking,wall_loops,8,,no,no,,,,,,,,,,,,,,,,,,,,2026-07-02T22:07:42.183Z,2026-07-02T22:07:42.183Z
1209,node/3093570184,node,POINT(-43.681242 -22.9202339),,,bicycle_parking,wall_loops,8,,no,no,,,,,,,,,,,,,,,,,,,,2026-07-02T22:07:42.183Z,2026-07-02T22:07:42.183Z
1210,node/3093571307,node,POINT(-43.6814311 -22.9200363),,,bicycle_parking,wall_loops,8,,no,no,,,,,,,,,,,,,,,,,,,,2026-07-02T22:07:42.183Z,2026-07-02T22:07:42.183Z
1211,node/3093574340,node,POINT(-43.6823256 -22.9189987),,,bicycle_parking,wall_loops,8,,no,no,,,,,,,,,,,,,,,,,,,,2026-07-02T22:07:42.183Z,2026-07-02T22:07:42.183Z
1212,node/3093577996,node,POINT(-43.6850145 -22.9152781),,,bicycle_parking,stands,20,,no,no,,,,,,,,,,,,,,,,,,,,2026-07-02T22:07:42.183Z,2026-07-02T22:07:42.183Z
1213,node/3094941932,node,POINT(-43.3639033 -23.0009867),,,bicycle_parking,wall_loops,24,,no,no,,,,,,,,,,,,,,,,,,,,2026-07-02T22:07:42.183Z,2026-07-02T22:07:42.183Z
1214,node/3105695789,node,POINT(-43.6622312 -22.9335805),,,bicycle_parking,stands,2,,no,no,,,,,,,,,,,,,,,,,,,,2026-07-02T22:07:42.183Z,2026-07-02T22:07:42.183Z
1215,node/3105695791,node,POINT(-43.6568573 -22.9315063),,,bicycle_parking,stands,4,,no,no,,,,,,,,,,,,,,,,,,,,2026-07-02T22:07:42.183Z,2026-07-02T22:07:42.183Z
1216,node/3105695798,node,POINT(-43.6495806 -22.9248912),,,bicycle_parking,stands,3,,no,no,,,,,,,,,,,,,,,,,,,,2026-07-02T22:07:42.183Z,2026-07-02T22:07:42.183Z
1217,node/3105695808,node,POINT(-43.6326257 -22.9165956),,,bicycle_parking,stands,52,,yes,no,,,,,,,,,,,,,,,,,,,,2026-07-02T22:07:42.183Z,2026-07-02T22:07:42.183Z
1218,node/3105695809,node,POINT(-43.6322448 -22.916472),,,bicycle_parking,rack,25,,no,no,,,,,,,,,,,,,,,,,,,,2026-07-02T22:07:42.183Z,2026-07-02T22:07:42.183Z
1219,node/3105695811,node,POINT(-43.6275598 -22.9156349),,,bicycle_parking,stands,4,yes,no,no,,,,,,,,,,,,,,,,,,,,2026-07-02T22:07:42.183Z,2026-07-02T22:07:42.183Z
1220,node/3105695813,node,POINT(-43.6216334 -22.9164144),,,bicycle_parking,stands,6,,no,no,,,,,,,,,,,,,,,,,,,,2026-07-02T22:07:42.183Z,2026-07-02T22:07:42.183Z
1221,node/3105695819,node,POINT(-43.5890566 -22.9111368),,,bicycle_parking,anchors,6,yes,no,no,,,,,,,,,,,,,,,,,,,,2026-07-02T22:07:42.183Z,2026-07-02T22:07:42.183Z
1222,node/3105695821,node,POINT(-43.583633 -22.9106524),,,bicycle_parking,anchors,5,yes,no,no,,,,,,,,,,,,,,,,,,,,2026-07-02T22:07:42.183Z,2026-07-02T22:07:42.183Z
1223,node/3105695823,node,POINT(-43.5755228 -22.9074667),,,bicycle_parking,stands,6,,no,no,,,,,,,,,,,,,,,,,,,,2026-07-02T22:07:42.183Z,2026-07-02T22:07:42.183Z
1224,node/3105816579,node,POINT(-43.365923 -22.9952103),,,bicycle_parking,stands,30,,no,no,,,,,,,,,,,,,,,,,,,,2026-07-02T22:07:42.183Z,2026-07-02T22:07:42.183Z
1225,node/3105816580,node,POINT(-43.3658095 -22.9892994),,,bicycle_parking,stands,30,,no,no,,,,,,,,,,,,,,,,,,,,2026-07-02T22:07:42.183Z,2026-07-02T22:07:42.183Z
1226,node/3105816601,node,POINT(-43.3657475 -22.9845935),,,bicycle_parking,stands,30,,no,no,,,,,,,,,,,,,,,,,,,,2026-07-02T22:07:42.183Z,2026-07-02T22:07:42.183Z
1227,node/3105962948,node,POINT(-43.3826633 -22.9732238),,,bicycle_parking,stands,20,,no,no,,,,,,,,,,,,,,,,,,,,2026-07-02T22:07:42.183Z,2026-07-02T22:07:42.183Z
1228,node/3105962949,node,POINT(-43.3882215 -22.9597386),,,bicycle_parking,stands,40,,no,no,,,,,,,,,,,,,,,,,,,,2026-07-02T22:07:42.183Z,2026-07-02T22:07:42.183Z
1229,node/3105962950,node,POINT(-43.3838589 -22.9586865),,,bicycle_parking,stands,20,,no,no,,,,,,,,,,,,,,,,,,,,2026-07-02T22:07:42.183Z,2026-07-02T22:07:42.183Z
1230,node/3105962951,node,POINT(-43.3771078 -22.9551004),,,bicycle_parking,stands,20,,no,no,,,,,,,,,,,,,,,,,,,,2026-07-02T22:07:42.183Z,2026-07-02T22:07:42.183Z
1231,node/3106118405,node,POINT(-43.3461517 -22.8887611),,,bicycle_parking,stands,20,,no,no,,,,,,,,,,,,,,,,,,,,2026-07-02T22:07:42.183Z,2026-07-02T22:07:42.183Z
1232,node/3106118408,node,POINT(-43.334051 -22.8649632),,,bicycle_parking,stands,20,,no,no,,,,,,,,,,,,,,,,,,,,2026-07-02T22:07:42.183Z,2026-07-02T22:07:42.183Z
1233,node/3106118409,node,POINT(-43.3278229 -22.8564512),,,bicycle_parking,stands,20,,no,no,,,,,,,,,,,,,,,,,,,,2026-07-02T22:07:42.183Z,2026-07-02T22:07:42.183Z
1234,node/3106118411,node,POINT(-43.3207847 -22.8533864),,,bicycle_parking,stands,20,,no,no,,,,,,,,,,,,,,,,,,,,2026-07-02T22:07:42.183Z,2026-07-02T22:07:42.183Z
1235,node/3106118415,node,POINT(-43.3076884 -22.8494808),,,bicycle_parking,stands,20,,no,no,,,,,,,,,,,,,,,,,,,,2026-07-02T22:07:42.183Z,2026-07-02T22:07:42.183Z
1236,node/3106118416,node,POINT(-43.298462 -22.841208),,,bicycle_parking,stands,20,,no,no,,,,,,,,,,,,,,,,,,,,2026-07-02T22:07:42.183Z,2026-07-02T22:07:42.183Z
1237,node/3106118417,node,POINT(-43.2893885 -22.8376931),,,bicycle_parking,stands,20,,no,no,,,,,,,,,,,,,,,,,,,,2026-07-02T22:07:42.183Z,2026-07-02T22:07:42.183Z
1238,node/3106118418,node,POINT(-43.2829871 -22.8392873),,,bicycle_parking,stands,20,,no,no,,,,,,,,,,,,,,,,,,,,2026-07-02T22:07:42.183Z,2026-07-02T22:07:42.183Z
1239,node/3112006029,node,POINT(-47.8790935 -15.7772309),,,bicycle_parking,wall_loops,7,,,,,,,,,,,,,,,,,,,,,,,2026-07-02T22:07:42.183Z,2026-07-02T22:07:42.183Z
1240,node/3112006030,node,POINT(-47.8970439 -15.7518058),,,bicycle_parking,stands,8,,,,,,,,,,,,,,,,,,,,,,,2026-07-02T22:07:42.183Z,2026-07-02T22:07:42.183Z
1241,node/3128384721,node,POINT(-47.883768 -15.7936989),Metrô - Estação Central,,bicycle_parking,stands,40,yes,no,no,yes,,Metrô DF,,,,,,,,,,,,,,,,,2026-07-02T22:07:42.183Z,2026-07-02T22:07:42.183Z
1242,node/3139257105,node,POINT(-47.8387454 -15.813318),,,bicycle_parking,stands,40,yes,no,,,,,,,,,,,,,,,,,,,,,2026-07-02T22:07:42.183Z,2026-07-02T22:07:42.183Z
1243,node/3147163286,node,POINT(-47.8942594 -15.7558081),,,bicycle_parking,wall_loops,12,,yes,,,,,,,,,,,,,,,,,,,,,2026-07-02T22:07:42.183Z,2026-07-02T22:07:42.183Z
1244,node/3147933866,node,POINT(-47.9863215 -15.9922453),,,bicycle_parking,stands,15,,no,no,,,ExpressoDF,,,,,,,,,,,,,,,,,2026-07-02T22:07:42.183Z,2026-07-02T22:07:42.183Z
1245,node/3148159167,node,POINT(-47.9747629 -15.9801368),,,bicycle_parking,rack,10,,no,,,,,,,,,,,,,,,,,,,,,2026-07-02T22:07:42.183Z,2026-07-02T22:07:42.183Z
1246,node/3148159169,node,POINT(-47.9783309 -15.9754012),,,bicycle_parking,rack,10,,no,,,,,,,,,,,,,,,,,,,,,2026-07-02T22:07:42.183Z,2026-07-02T22:07:42.183Z
1247,node/3148159170,node,POINT(-47.970706 -15.9818347),,,bicycle_parking,rack,10,,no,,,,,,,,,,,,,,,,,,,,,2026-07-02T22:07:42.183Z,2026-07-02T22:07:42.183Z
1248,node/3150018105,node,POINT(-47.8897204 -15.7667988),,,bicycle_parking,stands,10,,,,,,,,,,,,,,,,,,,,,,,2026-07-02T22:07:42.183Z,2026-07-02T22:07:42.183Z
1249,node/3153028114,node,POINT(-47.9881221 -15.9418918),,,bicycle_parking,stands,15,,no,,,,,,,,,,,,,,,,,,,,,2026-07-02T22:07:42.183Z,2026-07-02T22:07:42.183Z
1250,node/3153028116,node,POINT(-47.9753153 -15.92277),,,bicycle_parking,stands,15,,no,,,,ExpressoDF,,,,,,,,,,,,,,,,,2026-07-02T22:07:42.183Z,2026-07-02T22:07:42.183Z
1251,node/3153028118,node,POINT(-47.9678588 -15.9114775),,,bicycle_parking,stands,15,,no,,,,ExpressoDF,,,,,,,,,,,,,,,,,2026-07-02T22:07:42.183Z,2026-07-02T22:07:42.183Z
1252,node/3153028120,node,POINT(-47.9613732 -15.8907687),,,bicycle_parking,stands,15,,no,,,,ExpressoDF,,,,,,,,,,,,,,,,,2026-07-02T22:07:42.183Z,2026-07-02T22:07:42.183Z
1253,node/3153028123,node,POINT(-47.95978 -15.8797272),,,bicycle_parking,stands,15,,no,,,,ExpressoDF,,,,,,,,,,,,,,,,,2026-07-02T22:07:42.183Z,2026-07-02T22:07:42.183Z
1254,node/3156301286,node,POINT(-47.8882284 -15.7585851),,,bicycle_parking,wall_loops,12,,no,,,,,,,,,,,,,,,,,,,,,2026-07-02T22:07:42.183Z,2026-07-02T22:07:42.183Z
1255,node/3156379425,node,POINT(-43.1096292 -22.8720065),,,bicycle_parking,,,,,,,,,,,,,,,,,,,,,,,,,2026-07-02T22:07:42.183Z,2026-07-02T22:07:42.183Z
1256,node/3156379427,node,POINT(-43.1214849 -22.884557),,,bicycle_parking,,,,,,,,,,,,,,,,,,,,,,,,,2026-07-02T22:07:42.183Z,2026-07-02T22:07:42.183Z
1257,node/3156379428,node,POINT(-43.127016 -22.8904481),,,bicycle_parking,stands,10,,,no,,,Caminho Niemayer,,,,,,,,,,,,,,,,,2026-07-02T22:07:42.183Z,2026-07-02T22:07:42.183Z
1258,node/3156379429,node,POINT(-43.1348522 -22.9054598),,,bicycle_parking,,,,,,,,,,,,,,,,,,,,,,,,,2026-07-02T22:07:42.183Z,2026-07-02T22:07:42.183Z
1259,node/3156379431,node,POINT(-43.1094938 -22.911652),,,bicycle_parking,stands,10,,,no,,,,,,,,,,,,,,,,,,,,2026-07-02T22:07:42.183Z,2026-07-02T22:07:42.183Z
1260,node/3156379432,node,POINT(-43.0951255 -22.9148702),,,bicycle_parking,stands,10,,,no,,,,,,,,,,,,,,,,,,,,2026-07-02T22:07:42.183Z,2026-07-02T22:07:42.183Z
1261,node/3156379433,node,POINT(-43.0951959 -22.9158083),,,bicycle_parking,,,,,,,,,,,,,,,,,,,,,,,,,2026-07-02T22:07:42.183Z,2026-07-02T22:07:42.183Z
1262,node/3156379434,node,POINT(-43.0864617 -22.9148785),,,bicycle_parking,,,,,,,,,,,,,,,,,,,,,,,,,2026-07-02T22:07:42.183Z,2026-07-02T22:07:42.183Z
1263,node/3156379435,node,POINT(-43.0938305 -22.920941),,,bicycle_parking,stands,10,,,no,,,,,,,,,,,,,,,,,,,,2026-07-02T22:07:42.183Z,2026-07-02T22:07:42.183Z
1264,node/3156379436,node,POINT(-43.0904822 -22.9200421),,,bicycle_parking,stands,10,,no,no,,,,,,,,,,,,,,,,,,,,2026-07-02T22:07:42.183Z,2026-07-02T22:07:42.183Z
1265,node/3156379438,node,POINT(-43.0973394 -22.9304367),,,bicycle_parking,stands,10,,no,no,,,,,,,,,,,,,,,,,,,,2026-07-02T22:07:42.183Z,2026-07-02T22:07:42.183Z
1266,node/3156379440,node,POINT(-43.0731908 -22.9561446),,,bicycle_parking,stands,10,,,no,,,,,,,,,,,,,,,,,,,,2026-07-02T22:07:42.183Z,2026-07-02T22:07:42.183Z
1267,node/3156379441,node,POINT(-43.0668948 -22.9587418),,,bicycle_parking,stands,10,,no,no,,,,,,,,,,,,,,,,,,,,2026-07-02T22:07:42.183Z,2026-07-02T22:07:42.183Z
1268,node/3156379442,node,POINT(-43.0301029 -22.9752223),,,bicycle_parking,stands,10,,,no,,,,,,,,,,,,,,,,,,,,2026-07-02T22:07:42.183Z,2026-07-02T22:07:42.183Z
1269,node/3158309074,node,POINT(-43.241118 -22.9242618),,,bicycle_parking,stands,14,,no,no,,,,,,,,,,,,,,,,,,,,2026-07-02T22:07:42.183Z,2026-07-02T22:07:42.183Z
1270,node/3158332149,node,POINT(-43.2176435 -22.9185892),,,bicycle_parking,anchors,5,,no,no,,,Pão de Açúcar,,,,,,,,,,,,,,,,,2026-07-02T22:07:42.183Z,2026-07-02T22:07:42.183Z
1271,node/3158334671,node,POINT(-43.211902 -22.915475),,,bicycle_parking,rack,4,,no,no,,,,,,,,,,,,,,,,,,,,2026-07-02T22:07:42.183Z,2026-07-02T22:07:42.183Z
1272,node/3158364570,node,POINT(-43.6476556 -22.9521952),,,bicycle_parking,stands,164,,no,no,,,,,,,,,,,,,,,,,,,,2026-07-02T22:07:42.183Z,2026-07-02T22:07:42.183Z
1273,node/3158388226,node,POINT(-43.0920716 -22.9205537),,,bicycle_parking,stands,10,,,no,,,,,,,,,,,,,,,,,,,,2026-07-02T22:07:42.183Z,2026-07-02T22:07:42.183Z
1274,node/3158388227,node,POINT(-43.0914145 -22.9202745),,,bicycle_parking,stands,12,,no,no,,,,,,,,,,,,,,,,,,,,2026-07-02T22:07:42.183Z,2026-07-02T22:07:42.183Z
1275,node/3158404184,node,POINT(-43.0860863 -22.9177141),,,bicycle_parking,anchors,5,,no,no,,,,,,,,,,,,,,,,,,,,2026-07-02T22:07:42.183Z,2026-07-02T22:07:42.183Z
1276,node/3158494191,node,POINT(-43.6497558 -22.9186961),,,bicycle_parking,stands,20,,no,no,,,,,,,,,,,,,,,,,,,,2026-07-02T22:07:42.183Z,2026-07-02T22:07:42.183Z
1277,node/3158525514,node,POINT(-43.6327657 -22.9160364),,,bicycle_parking,stands,33,,no,no,,,,,,,,,,,,,,,,,,,,2026-07-02T22:07:42.183Z,2026-07-02T22:07:42.183Z
1278,node/3158544820,node,POINT(-43.6133207 -22.9126694),,,bicycle_parking,stands,9,,no,no,,,,,,,,,,,,,,,,,,,,2026-07-02T22:07:42.183Z,2026-07-02T22:07:42.183Z
1279,node/3158544821,node,POINT(-43.6132241 -22.9123074),,,bicycle_parking,stands,60,,no,no,,,,,,,,,,,,,,,,,,,,2026-07-02T22:07:42.183Z,2026-07-02T22:07:42.183Z
1280,node/3158579321,node,POINT(-43.5958017 -22.9095524),,,bicycle_parking,stands,56,,no,no,,,,,,,,,,,,,,,,,,,,2026-07-02T22:07:42.183Z,2026-07-02T22:07:42.183Z
1281,node/3158579322,node,POINT(-43.5957561 -22.9088359),,,bicycle_parking,stands,80,,no,no,,,,,,,,,,,,,,,,,,,,2026-07-02T22:07:42.183Z,2026-07-02T22:07:42.183Z
1282,node/3158589524,node,POINT(-43.580596 -22.9063943),,,bicycle_parking,stands,9,,no,no,,,,,,,,,,,,,,,,,,,,2026-07-02T22:07:42.183Z,2026-07-02T22:07:42.183Z
1283,node/3158589525,node,POINT(-43.5807167 -22.9059966),,,bicycle_parking,stands,17,,no,no,,,,,,,,,,,,,,,,,,,,2026-07-02T22:07:42.183Z,2026-07-02T22:07:42.183Z
1284,node/3158608915,node,POINT(-43.5662072 -22.9038049),,,bicycle_parking,stands,34,,no,no,,,,,,,,,,,,,,,,,,,,2026-07-02T22:07:42.183Z,2026-07-02T22:07:42.183Z
1285,node/3159523511,node,POINT(-43.4232169 -22.7960294),,,bicycle_parking,rack,20,,no,no,,,,,,,,,,,,,,,,,,,,2026-07-02T22:07:42.183Z,2026-07-02T22:07:42.183Z
1286,node/3159549221,node,POINT(-43.4290691 -22.7831679),,,bicycle_parking,anchors,12,,yes,no,,,,,,,,,,,,,,,,,,,,2026-07-02T22:07:42.183Z,2026-07-02T22:07:42.183Z
1287,node/3161293042,node,POINT(-47.8667549 -15.7742204),,,bicycle_parking,wall_loops,12,,,,,,,,,,,,,,,,,,,,,,,2026-07-02T22:07:42.183Z,2026-07-02T22:07:42.183Z
1288,node/3163902036,node,POINT(-47.8863514 -15.7432707),Parque Olhos d'Água,,bicycle_parking,stands,,,no,,,,,,,,,,,,,,,,,,,,,2026-07-02T22:07:42.183Z,2026-07-02T22:07:42.183Z
1289,node/3164638782,node,POINT(-47.8952309 -15.7978148),,,bicycle_parking,wall_loops,5,,,,,,,,,,,,,,,,,,,,,,,2026-07-02T22:07:42.183Z,2026-07-02T22:07:42.183Z
1290,node/3179509901,node,POINT(-43.4891286 -23.0224711),,,bicycle_parking,ground_slots,,permissive,no,,,,Recreio Shopping,,,,,,,,,,,,,,,,,2026-07-02T22:07:42.183Z,2026-07-02T22:07:42.183Z
1291,node/3188305569,node,POINT(-46.684177 -23.5660669),,,bicycle_parking,building,,yes,yes,no,,,,,,,,,,,,,,,,,,,,2026-07-02T22:07:42.183Z,2026-07-02T22:07:42.183Z
1292,node/3188368182,node,POINT(-43.1111517 -22.7670223),,,bicycle_parking,stands,18,,no,no,,,,,,,,,,,,,,,,,,,,2026-07-02T22:07:42.183Z,2026-07-02T22:07:42.183Z
1293,node/3188425986,node,POINT(-43.3696864 -22.8424622),,,bicycle_parking,stands,40,,no,no,,,Shopping Jardim Guadalupe,,,,,,,,,,,,,,,,,2026-07-02T22:07:42.183Z,2026-07-02T22:07:42.183Z
1294,node/3200216680,node,POINT(-47.883148 -15.7468422),,,bicycle_parking,wall_loops,8,,no,,,,,,,,,,,,,,,,,,,,,2026-07-02T22:07:42.183Z,2026-07-02T22:07:42.183Z
1295,node/3203030475,node,POINT(-47.877722 -15.7834556),,,bicycle_parking,wall_loops,12,,no,,,,,,,,,,,,,,,,,,,,,2026-07-02T22:07:42.183Z,2026-07-02T22:07:42.183Z
1296,node/3210716761,node,POINT(-43.2723338 -23.0006703),,,bicycle_parking,stands,8,,no,,,,,,,,,,,,,,,,,,,,,2026-07-02T22:07:42.183Z,2026-07-02T22:07:42.183Z
1297,node/3210716762,node,POINT(-43.3167722 -23.008807),,,bicycle_parking,stands,8,,no,,,,,,,,,,,,,,,,,,,,,2026-07-02T22:07:42.183Z,2026-07-02T22:07:42.183Z
1298,node/3210716861,node,POINT(-43.2724438 -23.000974),,,bicycle_parking,stands,4,,no,,,,,,,,,,,,,,,,,,,,,2026-07-02T22:07:42.183Z,2026-07-02T22:07:42.183Z
1299,node/3211059863,node,POINT(-43.2994002 -23.0144832),,,bicycle_parking,stands,5,,no,,,,,,,,,,,,,,,,,,,,,2026-07-02T22:07:42.183Z,2026-07-02T22:07:42.183Z
1300,node/3211059865,node,POINT(-43.3023657 -23.0148793),,,bicycle_parking,stands,5,,no,,,,,,,,,,,,,,,,,,,,,2026-07-02T22:07:42.183Z,2026-07-02T22:07:42.183Z
1301,node/3211059866,node,POINT(-43.3077291 -23.0151531),,,bicycle_parking,stands,5,,no,,,,,,,,,,,,,,,,,,,,,2026-07-02T22:07:42.194Z,2026-07-02T22:07:42.194Z
1302,node/3211059867,node,POINT(-43.3101083 -23.0147926),,,bicycle_parking,stands,10,,no,,,,,,,,,,,,,,,,,,,,,2026-07-02T22:07:42.194Z,2026-07-02T22:07:42.194Z
1303,node/3211059870,node,POINT(-43.3127379 -23.0143142),,,bicycle_parking,stands,5,,no,,,,,,,,,,,,,,,,,,,,,2026-07-02T22:07:42.194Z,2026-07-02T22:07:42.194Z
1304,node/3211059871,node,POINT(-43.3297319 -23.0111631),,,bicycle_parking,stands,5,,no,,,,,,,,,,,,,,,,,,,,,2026-07-02T22:07:42.194Z,2026-07-02T22:07:42.194Z
1305,node/3211059872,node,POINT(-43.3399467 -23.0105954),,,bicycle_parking,stands,5,,no,,,,,,,,,,,,,,,,,,,,,2026-07-02T22:07:42.194Z,2026-07-02T22:07:42.194Z
1306,node/3211059873,node,POINT(-43.34098 -23.010561),,,bicycle_parking,stands,5,,no,,,,,,,,,,,,,,,,,,,,,2026-07-02T22:07:42.194Z,2026-07-02T22:07:42.194Z
1307,node/3211059874,node,POINT(-43.3524591 -23.0105095),,,bicycle_parking,stands,5,,no,,,,,,,,,,,,,,,,,,,,,2026-07-02T22:07:42.194Z,2026-07-02T22:07:42.194Z
1308,node/3211059875,node,POINT(-43.3574929 -23.0106255),,,bicycle_parking,stands,5,,no,,,,,,,,,,,,,,,,,,,,,2026-07-02T22:07:42.194Z,2026-07-02T22:07:42.194Z
1309,node/3211059876,node,POINT(-43.3579475 -23.0106699),,,bicycle_parking,stands,5,,no,,,,,,,,,,,,,,,,,,,,,2026-07-02T22:07:42.194Z,2026-07-02T22:07:42.194Z
1310,node/3211059877,node,POINT(-43.3630584 -23.0108641),,,bicycle_parking,stands,5,,no,,,,,,,,,,,,,,,,,,,,,2026-07-02T22:07:42.194Z,2026-07-02T22:07:42.194Z
1311,node/3211059878,node,POINT(-43.3639999 -23.0109011),,,bicycle_parking,stands,5,,no,,,,,,,,,,,,,,,,,,,,,2026-07-02T22:07:42.194Z,2026-07-02T22:07:42.194Z
1312,node/3211059963,node,POINT(-43.3004547 -23.0146479),,,bicycle_parking,stands,5,,no,,,,,,,,,,,,,,,,,,,,,2026-07-02T22:07:42.194Z,2026-07-02T22:07:42.194Z
1313,node/3211059964,node,POINT(-43.2992914 -23.0144813),,,bicycle_parking,stands,5,,no,,,,,,,,,,,,,,,,,,,,,2026-07-02T22:07:42.194Z,2026-07-02T22:07:42.194Z
1314,node/3211059965,node,POINT(-43.3026527 -23.0149114),,,bicycle_parking,stands,5,,no,,,,,,,,,,,,,,,,,,,,,2026-07-02T22:07:42.194Z,2026-07-02T22:07:42.194Z
1315,node/3211059966,node,POINT(-43.3071279 -23.0152175),,,bicycle_parking,stands,5,,no,,,,,,,,,,,,,,,,,,,,,2026-07-02T22:07:42.194Z,2026-07-02T22:07:42.194Z
1316,node/3211059968,node,POINT(-43.3090015 -23.0150422),,,bicycle_parking,stands,5,,no,,,,,,,,,,,,,,,,,,,,,2026-07-02T22:07:42.194Z,2026-07-02T22:07:42.194Z
1317,node/3211059969,node,POINT(-43.3087654 -23.0150694),,,bicycle_parking,stands,5,,no,,,,,,,,,,,,,,,,,,,,,2026-07-02T22:07:42.194Z,2026-07-02T22:07:42.194Z
1318,node/3211059972,node,POINT(-43.3098653 -23.0148439),,,bicycle_parking,stands,10,,no,,,,,,,,,,,,,,,,,,,,,2026-07-02T22:07:42.194Z,2026-07-02T22:07:42.194Z
1319,node/3211059974,node,POINT(-43.314552 -23.0140307),,,bicycle_parking,stands,5,,no,,,,,,,,,,,,,,,,,,,,,2026-07-02T22:07:42.194Z,2026-07-02T22:07:42.194Z
1320,node/3211059975,node,POINT(-43.3160178 -23.0136467),,,bicycle_parking,stands,5,,no,,,,,,,,,,,,,,,,,,,,,2026-07-02T22:07:42.194Z,2026-07-02T22:07:42.194Z
1321,node/3211059976,node,POINT(-43.3206194 -23.012624),,,bicycle_parking,stands,5,,no,,,,,,,,,,,,,,,,,,,,,2026-07-02T22:07:42.194Z,2026-07-02T22:07:42.194Z
1322,node/3211059978,node,POINT(-43.3225224 -23.0121833),,,bicycle_parking,stands,5,,no,,,,,,,,,,,,,,,,,,,,,2026-07-02T22:07:42.194Z,2026-07-02T22:07:42.194Z
1323,node/3211059979,node,POINT(-43.322155 -23.0122648),,,bicycle_parking,stands,5,,no,,,,,,,,,,,,,,,,,,,,,2026-07-02T22:07:42.194Z,2026-07-02T22:07:42.194Z
1324,node/3211059980,node,POINT(-43.3249378 -23.0117649),,,bicycle_parking,stands,5,,no,,,,,,,,,,,,,,,,,,,,,2026-07-02T22:07:42.194Z,2026-07-02T22:07:42.194Z
1325,node/3211059982,node,POINT(-43.3267795 -23.0114955),,,bicycle_parking,stands,5,,no,,,,,,,,,,,,,,,,,,,,,2026-07-02T22:07:42.194Z,2026-07-02T22:07:42.194Z
1326,node/3211059983,node,POINT(-43.3276955 -23.0114534),,,bicycle_parking,stands,10,,no,,,,,,,,,,,,,,,,,,,,,2026-07-02T22:07:42.194Z,2026-07-02T22:07:42.194Z
1327,node/3211059984,node,POINT(-43.3286231 -23.0112687),,,bicycle_parking,stands,5,,no,,,,,,,,,,,,,,,,,,,,,2026-07-02T22:07:42.194Z,2026-07-02T22:07:42.194Z
1328,node/3211059987,node,POINT(-43.3413625 -23.0105479),,,bicycle_parking,stands,5,,no,,,,,,,,,,,,,,,,,,,,,2026-07-02T22:07:42.194Z,2026-07-02T22:07:42.194Z
1329,node/3211059988,node,POINT(-43.3491718 -23.0104217),,,bicycle_parking,stands,5,,no,,,,,,,,,,,,,,,,,,,,,2026-07-02T22:07:42.194Z,2026-07-02T22:07:42.194Z
1330,node/3211059989,node,POINT(-43.3518896 -23.01048),,,bicycle_parking,stands,5,,no,,,,,,,,,,,,,,,,,,,,,2026-07-02T22:07:42.194Z,2026-07-02T22:07:42.194Z
1331,node/3211059990,node,POINT(-43.3520898 -23.0104921),,,bicycle_parking,stands,5,,no,,,,,,,,,,,,,,,,,,,,,2026-07-02T22:07:42.194Z,2026-07-02T22:07:42.194Z
1332,node/3211059991,node,POINT(-43.3570988 -23.010613),,,bicycle_parking,stands,5,,no,,,,,,,,,,,,,,,,,,,,,2026-07-02T22:07:42.194Z,2026-07-02T22:07:42.194Z
1333,node/3211059992,node,POINT(-43.3604646 -23.0107221),,,bicycle_parking,stands,5,,no,,,,,,,,,,,,,,,,,,,,,2026-07-02T22:07:42.194Z,2026-07-02T22:07:42.194Z
1334,node/3211059993,node,POINT(-43.3633937 -23.0108789),,,bicycle_parking,stands,5,,no,,,,,,,,,,,,,,,,,,,,,2026-07-02T22:07:42.194Z,2026-07-02T22:07:42.194Z
1335,node/3211059994,node,POINT(-43.3643003 -23.0109159),,,bicycle_parking,stands,5,,no,,,,,,,,,,,,,,,,,,,,,2026-07-02T22:07:42.194Z,2026-07-02T22:07:42.194Z
1336,node/3211067061,node,POINT(-43.3001502 -23.0145929),,,bicycle_parking,stands,5,,no,,,,,,,,,,,,,,,,,,,,,2026-07-02T22:07:42.194Z,2026-07-02T22:07:42.194Z
1337,node/3211067062,node,POINT(-43.3068329 -23.0152323),,,bicycle_parking,stands,5,,no,,,,,,,,,,,,,,,,,,,,,2026-07-02T22:07:42.194Z,2026-07-02T22:07:42.194Z
1338,node/3211067063,node,POINT(-43.3080426 -23.0151262),,,bicycle_parking,stands,5,,no,,,,,,,,,,,,,,,,,,,,,2026-07-02T22:07:42.194Z,2026-07-02T22:07:42.194Z
1339,node/3211067064,node,POINT(-43.3109456 -23.0146181),,,bicycle_parking,stands,5,,no,,,,,,,,,,,,,,,,,,,,,2026-07-02T22:07:42.194Z,2026-07-02T22:07:42.194Z
1340,node/3211067065,node,POINT(-43.3106641 -23.0146728),,,bicycle_parking,stands,5,,no,,,,,,,,,,,,,,,,,,,,,2026-07-02T22:07:42.194Z,2026-07-02T22:07:42.194Z
1341,node/3211067067,node,POINT(-43.3118526 -23.0144855),,,bicycle_parking,stands,5,,no,,,,,,,,,,,,,,,,,,,,,2026-07-02T22:07:42.194Z,2026-07-02T22:07:42.194Z
1342,node/3211067070,node,POINT(-43.3275404 -23.0114774),,,bicycle_parking,stands,5,,no,,,,,,,,,,,,,,,,,,,,,2026-07-02T22:07:42.194Z,2026-07-02T22:07:42.194Z
1343,node/3211067071,node,POINT(-43.3395612 -23.0105937),,,bicycle_parking,stands,5,,no,,,,,,,,,,,,,,,,,,,,,2026-07-02T22:07:42.194Z,2026-07-02T22:07:42.194Z
1344,node/3211067073,node,POINT(-43.3538923 -23.0105052),,,bicycle_parking,stands,5,,no,,,,,,,,,,,,,,,,,,,,,2026-07-02T22:07:42.194Z,2026-07-02T22:07:42.194Z
1345,node/3211067074,node,POINT(-43.3544468 -23.0105169),,,bicycle_parking,stands,5,,no,,,,,,,,,,,,,,,,,,,,,2026-07-02T22:07:42.194Z,2026-07-02T22:07:42.194Z
1346,node/3211067077,node,POINT(-43.3587061 -23.0106534),,,bicycle_parking,stands,5,,no,,,,,,,,,,,,,,,,,,,,,2026-07-02T22:07:42.194Z,2026-07-02T22:07:42.194Z
1347,node/3211067161,node,POINT(-43.2990451 -23.014472),,,bicycle_parking,stands,5,,no,,,,,,,,,,,,,,,,,,,,,2026-07-02T22:07:42.194Z,2026-07-02T22:07:42.194Z
1348,node/3211067162,node,POINT(-43.2988708 -23.0144522),,,bicycle_parking,stands,5,,no,,,,,,,,,,,,,,,,,,,,,2026-07-02T22:07:42.194Z,2026-07-02T22:07:42.194Z
1349,node/3211067163,node,POINT(-43.2982789 -23.014404),,,bicycle_parking,stands,5,,no,,,,,,,,,,,,,,,,,,,,,2026-07-02T22:07:42.194Z,2026-07-02T22:07:42.194Z
1350,node/3211067164,node,POINT(-43.298042 -23.0143702),,,bicycle_parking,stands,5,,no,,,,,,,,,,,,,,,,,,,,,2026-07-02T22:07:42.194Z,2026-07-02T22:07:42.194Z
1351,node/3211067165,node,POINT(-43.3116273 -23.0145349),,,bicycle_parking,stands,5,,no,,,,,,,,,,,,,,,,,,,,,2026-07-02T22:07:42.194Z,2026-07-02T22:07:42.194Z
1352,node/3211067166,node,POINT(-43.3189664 -23.0130564),,,bicycle_parking,stands,5,,no,,,,,,,,,,,,,,,,,,,,,2026-07-02T22:07:42.194Z,2026-07-02T22:07:42.194Z
1353,node/3211067167,node,POINT(-43.3191705 -23.0129981),,,bicycle_parking,stands,5,,no,,,,,,,,,,,,,,,,,,,,,2026-07-02T22:07:42.194Z,2026-07-02T22:07:42.194Z
1354,node/3211067169,node,POINT(-43.3201943 -23.0127326),,,bicycle_parking,stands,5,,yes,,,,,,,,,,,,,,,,,,,,,2026-07-02T22:07:42.194Z,2026-07-02T22:07:42.194Z
1355,node/3211067171,node,POINT(-43.3252932 -23.011718),,,bicycle_parking,stands,5,,no,,,,,,,,,,,,,,,,,,,,,2026-07-02T22:07:42.194Z,2026-07-02T22:07:42.194Z
1356,node/3211067173,node,POINT(-43.331511 -23.011007),,,bicycle_parking,stands,5,,no,,,,,,,,,,,,,,,,,,,,,2026-07-02T22:07:42.194Z,2026-07-02T22:07:42.194Z
1357,node/3211067174,node,POINT(-43.3312383 -23.0110465),,,bicycle_parking,stands,5,,no,,,,,,,,,,,,,,,,,,,,,2026-07-02T22:07:42.194Z,2026-07-02T22:07:42.194Z
1358,node/3211067175,node,POINT(-43.3359312 -23.0107791),,,bicycle_parking,stands,5,,no,,,,,,,,,,,,,,,,,,,,,2026-07-02T22:07:42.194Z,2026-07-02T22:07:42.194Z
1359,node/3211067176,node,POINT(-43.3355747 -23.0108032),,,bicycle_parking,stands,5,,no,,,,,,,,,,,,,,,,,,,,,2026-07-02T22:07:42.194Z,2026-07-02T22:07:42.194Z
1360,node/3211067177,node,POINT(-43.3361652 -23.0107719),,,bicycle_parking,stands,5,,no,,,,,,,,,,,,,,,,,,,,,2026-07-02T22:07:42.194Z,2026-07-02T22:07:42.194Z
1361,node/3211067179,node,POINT(-43.3384906 -23.0106461),,,bicycle_parking,stands,5,,no,,,,,,,,,,,,,,,,,,,,,2026-07-02T22:07:42.194Z,2026-07-02T22:07:42.194Z
1362,node/3211067182,node,POINT(-43.3590518 -23.010676),,,bicycle_parking,stands,5,,no,,,,,,,,,,,,,,,,,,,,,2026-07-02T22:07:42.194Z,2026-07-02T22:07:42.194Z
1363,node/3211067183,node,POINT(-43.3601738 -23.010716),,,bicycle_parking,stands,5,,no,,,,,,,,,,,,,,,,,,,,,2026-07-02T22:07:42.194Z,2026-07-02T22:07:42.194Z
1364,node/3211067561,node,POINT(-43.3124377 -23.0143432),,,bicycle_parking,stands,5,,no,,,,,,,,,,,,,,,,,,,,,2026-07-02T22:07:42.194Z,2026-07-02T22:07:42.194Z
1365,node/3211067564,node,POINT(-43.3293739 -23.0112045),,,bicycle_parking,stands,5,,no,,,,,,,,,,,,,,,,,,,,,2026-07-02T22:07:42.194Z,2026-07-02T22:07:42.194Z
1366,node/3211067566,node,POINT(-43.3365432 -23.0107461),,,bicycle_parking,stands,5,,no,,,,,,,,,,,,,,,,,,,,,2026-07-02T22:07:42.194Z,2026-07-02T22:07:42.194Z
1367,node/3211067568,node,POINT(-43.3420594 -23.0105683),,,bicycle_parking,stands,10,,no,,,,,,,,,,,,,,,,,,,,,2026-07-02T22:07:42.194Z,2026-07-02T22:07:42.194Z
1368,node/3211067570,node,POINT(-43.3474288 -23.0104374),,,bicycle_parking,stands,5,,no,,,,,,,,,,,,,,,,,,,,,2026-07-02T22:07:42.194Z,2026-07-02T22:07:42.194Z
1369,node/3211067572,node,POINT(-43.3495565 -23.0104379),,,bicycle_parking,stands,5,,no,,,,,,,,,,,,,,,,,,,,,2026-07-02T22:07:42.194Z,2026-07-02T22:07:42.194Z
1370,node/3211067573,node,POINT(-43.3517525 -23.0104756),,,bicycle_parking,stands,5,,no,,,,,,,,,,,,,,,,,,,,,2026-07-02T22:07:42.194Z,2026-07-02T22:07:42.194Z
1371,node/3211067575,node,POINT(-43.3564463 -23.0105846),,,bicycle_parking,stands,5,,no,,,,,,,,,,,,,,,,,,,,,2026-07-02T22:07:42.194Z,2026-07-02T22:07:42.194Z
1372,node/3211067576,node,POINT(-43.356049 -23.0105812),,,bicycle_parking,stands,5,,no,,,,,,,,,,,,,,,,,,,,,2026-07-02T22:07:42.194Z,2026-07-02T22:07:42.194Z
1373,node/3211067577,node,POINT(-43.3619727 -23.0108307),,,bicycle_parking,stands,13,,no,,,,,,,,,,,,,,,,,,,,,2026-07-02T22:07:42.194Z,2026-07-02T22:07:42.194Z
1374,node/3211067578,node,POINT(-43.3617341 -23.0108273),,,bicycle_parking,stands,13,,no,,,,,,,,,,,,,,,,,,,,,2026-07-02T22:07:42.194Z,2026-07-02T22:07:42.194Z
1375,node/3211067861,node,POINT(-43.3147587 -23.0139827),,,bicycle_parking,stands,5,,no,,,,,,,,,,,,,,,,,,,,,2026-07-02T22:07:42.194Z,2026-07-02T22:07:42.194Z
1376,node/3211067863,node,POINT(-43.3163542 -23.0135652),,,bicycle_parking,stands,5,,no,,,,,,,,,,,,,,,,,,,,,2026-07-02T22:07:42.194Z,2026-07-02T22:07:42.194Z
1377,node/3211067864,node,POINT(-43.318652 -23.0131313),,,bicycle_parking,stands,5,,no,,,,,,,,,,,,,,,,,,,,,2026-07-02T22:07:42.194Z,2026-07-02T22:07:42.194Z
1378,node/3211067866,node,POINT(-43.3214563 -23.0124277),,,bicycle_parking,stands,5,,no,,,,,,,,,,,,,,,,,,,,,2026-07-02T22:07:42.194Z,2026-07-02T22:07:42.194Z
1379,node/3211067867,node,POINT(-43.3211947 -23.0125055),,,bicycle_parking,stands,5,,no,,,,,,,,,,,,,,,,,,,,,2026-07-02T22:07:42.194Z,2026-07-02T22:07:42.194Z
1380,node/3211067869,node,POINT(-43.3270773 -23.0114505),,,bicycle_parking,stands,5,,no,,,,,,,,,,,,,,,,,,,,,2026-07-02T22:07:42.194Z,2026-07-02T22:07:42.194Z
1381,node/3211067871,node,POINT(-43.3305422 -23.0111144),,,bicycle_parking,stands,5,,no,,,,,,,,,,,,,,,,,,,,,2026-07-02T22:07:42.194Z,2026-07-02T22:07:42.194Z
1382,node/3211067872,node,POINT(-43.3302687 -23.0111489),,,bicycle_parking,stands,3,,no,,,,,,,,,,,,,,,,,,,,,2026-07-02T22:07:42.194Z,2026-07-02T22:07:42.194Z
1383,node/3211067875,node,POINT(-43.3380418 -23.0106563),,,bicycle_parking,stands,5,,no,,,,,,,,,,,,,,,,,,,,,2026-07-02T22:07:42.194Z,2026-07-02T22:07:42.194Z
1384,node/3211067876,node,POINT(-43.342262 -23.0105462),,,bicycle_parking,stands,10,,no,,,,,,,,,,,,,,,,,,,,,2026-07-02T22:07:42.194Z,2026-07-02T22:07:42.194Z
1385,node/3211067877,node,POINT(-43.3432371 -23.0105134),,,bicycle_parking,stands,5,,no,,,,,,,,,,,,,,,,,,,,,2026-07-02T22:07:42.194Z,2026-07-02T22:07:42.194Z
1386,node/3211067878,node,POINT(-43.3429614 -23.010517),,,bicycle_parking,stands,5,,no,,,,,,,,,,,,,,,,,,,,,2026-07-02T22:07:42.194Z,2026-07-02T22:07:42.194Z
1387,node/3211067880,node,POINT(-43.3451955 -23.0104702),,,bicycle_parking,stands,5,,no,,,,,,,,,,,,,,,,,,,,,2026-07-02T22:07:42.194Z,2026-07-02T22:07:42.194Z
1388,node/3211067881,node,POINT(-43.3448119 -23.0105016),,,bicycle_parking,stands,5,,no,,,,,,,,,,,,,,,,,,,,,2026-07-02T22:07:42.194Z,2026-07-02T22:07:42.194Z
1389,node/3211067882,node,POINT(-43.3471132 -23.0104358),,,bicycle_parking,stands,5,,no,,,,,,,,,,,,,,,,,,,,,2026-07-02T22:07:42.194Z,2026-07-02T22:07:42.194Z
1390,node/3211067885,node,POINT(-43.3584484 -23.0106591),,,bicycle_parking,stands,5,,no,,,,,,,,,,,,,,,,,,,,,2026-07-02T22:07:42.194Z,2026-07-02T22:07:42.194Z
1391,node/3213870227,node,POINT(-47.8865704 -15.7443992),,,bicycle_parking,wall_loops,5,,no,,,,,,,,,,,,,,,,,,,,,2026-07-02T22:07:42.194Z,2026-07-02T22:07:42.194Z
1392,node/3217998881,node,POINT(-43.1911962 -22.9041745),,,bicycle_parking,stands,10,,no,,,,,,,,,,,,,,,,,,,,,2026-07-02T22:07:42.194Z,2026-07-02T22:07:42.194Z
1393,node/3218008170,node,POINT(-43.2505494 -22.8854983),,,bicycle_parking,stands,10,,no,,,,,,,,,,,,,,,,,,,,,2026-07-02T22:07:42.194Z,2026-07-02T22:07:42.194Z
1394,node/3218008171,node,POINT(-43.249726 -22.8862124),,,bicycle_parking,stands,5,,no,,,,,,,,,,,,,,,,,,,,,2026-07-02T22:07:42.194Z,2026-07-02T22:07:42.194Z
1395,node/3218008172,node,POINT(-43.2493371 -22.8865707),,,bicycle_parking,stands,5,,no,,,,,,,,,,,,,,,,,,,,,2026-07-02T22:07:42.194Z,2026-07-02T22:07:42.194Z
1396,node/3218078983,node,POINT(-43.2971359 -22.8676039),,,bicycle_parking,wall_loops,6,,yes,,,,,,,,,,,,,,,,,,,,,2026-07-02T22:07:42.194Z,2026-07-02T22:07:42.194Z
1397,node/3218078984,node,POINT(-43.2972566 -22.8681278),,,bicycle_parking,rack,14,,yes,,,,,,,,,,,,,,,,,,,,,2026-07-02T22:07:42.194Z,2026-07-02T22:07:42.194Z
1398,node/3218227678,node,POINT(-43.1675888 -22.9523917),,,bicycle_parking,stands,4,,no,,,,,,,,,,,,,,,,,,,,,2026-07-02T22:07:42.194Z,2026-07-02T22:07:42.194Z
1399,node/3220749226,node,POINT(-43.464897 -22.8739578),,,bicycle_parking,stands,84,,yes,,,,,,,,,,,,,,,,,,,,,2026-07-02T22:07:42.194Z,2026-07-02T22:07:42.194Z
1400,node/3220749232,node,POINT(-43.4660329 -22.8750155),,,bicycle_parking,stands,43,,no,,,,,,,,,,,,,,,,,,,,,2026-07-02T22:07:42.194Z,2026-07-02T22:07:42.194Z
1401,node/3220749237,node,POINT(-43.4635787 -22.8750328),,,bicycle_parking,,,,yes,yes,,,,,,,,,,,,,,,,,,,,2026-07-02T22:07:42.206Z,2026-07-02T22:07:42.206Z
1402,node/3222733859,node,POINT(-43.2311475 -22.9136059),,,bicycle_parking,stands,10,,no,,,,,,,,,,,,,,,,,,,,,2026-07-02T22:07:42.206Z,2026-07-02T22:07:42.206Z
1403,node/3222746178,node,POINT(-43.2253024 -22.9197852),,,bicycle_parking,,10,,no,,,,,,,,,,,,,,,,,,,,,2026-07-02T22:07:42.206Z,2026-07-02T22:07:42.206Z
1404,node/3222747691,node,POINT(-43.2223934 -22.9200724),,,bicycle_parking,wall_loops,6,,no,,,,,,,,,,,,,,,,,,,,,2026-07-02T22:07:42.206Z,2026-07-02T22:07:42.206Z
1405,node/3223595968,node,POINT(-43.3693509 -23.0111016),,,bicycle_parking,stands,5,,no,,,,,,,,,,,,,,,,,,,,,2026-07-02T22:07:42.206Z,2026-07-02T22:07:42.206Z
1406,node/3223654505,node,POINT(-43.3678552 -23.0110824),,,bicycle_parking,stands,3,,no,,,,,,,,,,,,,,,,,,,,,2026-07-02T22:07:42.206Z,2026-07-02T22:07:42.206Z
1407,node/3223654507,node,POINT(-43.36843 -23.0110626),,,bicycle_parking,stands,5,,no,,,,,,,,,,,,,,,,,,,,,2026-07-02T22:07:42.206Z,2026-07-02T22:07:42.206Z
1408,node/3223654509,node,POINT(-43.3697654 -23.0111322),,,bicycle_parking,stands,5,,no,,,,,,,,,,,,,,,,,,,,,2026-07-02T22:07:42.206Z,2026-07-02T22:07:42.206Z
1409,node/3223654785,node,POINT(-43.366183 -23.0110169),,,bicycle_parking,stands,5,,no,,,,,,,,,,,,,,,,,,,,,2026-07-02T22:07:42.206Z,2026-07-02T22:07:42.206Z
1410,node/3223654786,node,POINT(-43.368752 -23.0110897),,,bicycle_parking,stands,5,,no,,,,,,,,,,,,,,,,,,,,,2026-07-02T22:07:42.206Z,2026-07-02T22:07:42.206Z
1411,node/3223656161,node,POINT(-43.366487 -23.0110269),,,bicycle_parking,stands,5,,no,,,,,,,,,,,,,,,,,,,,,2026-07-02T22:07:42.206Z,2026-07-02T22:07:42.206Z
1412,node/3223656162,node,POINT(-43.3675152 -23.0110634),,,bicycle_parking,stands,5,,no,,,,,,,,,,,,,,,,,,,,,2026-07-02T22:07:42.206Z,2026-07-02T22:07:42.206Z
1413,node/3223682187,node,POINT(-43.4418137 -23.0211436),,,bicycle_parking,stands,5,,no,,,,,,,,,,,,,,,,,,,,,2026-07-02T22:07:42.206Z,2026-07-02T22:07:42.206Z
1414,node/3223682188,node,POINT(-43.4481859 -23.0227912),,,bicycle_parking,stands,5,,no,,,,,,,,,,,,,,,,,,,,,2026-07-02T22:07:42.206Z,2026-07-02T22:07:42.206Z
1415,node/3223682189,node,POINT(-43.4484062 -23.0228656),,,bicycle_parking,stands,5,,no,,,,,,,,,,,,,,,,,,,,,2026-07-02T22:07:42.206Z,2026-07-02T22:07:42.206Z
1416,node/3223682190,node,POINT(-43.4641262 -23.0276339),,,bicycle_parking,stands,5,,no,,,,,,,,,,,,,,,,,,,,,2026-07-02T22:07:42.206Z,2026-07-02T22:07:42.206Z
1417,node/3223682191,node,POINT(-43.4670794 -23.0289434),,,bicycle_parking,stands,5,,no,,,,,,,,,,,,,,,,,,,,,2026-07-02T22:07:42.206Z,2026-07-02T22:07:42.206Z
1418,node/3223682290,node,POINT(-43.4437662 -23.0216096),,,bicycle_parking,stands,5,,no,,,,,,,,,,,,,,,,,,,,,2026-07-02T22:07:42.206Z,2026-07-02T22:07:42.206Z
1419,node/3223682291,node,POINT(-43.4505396 -23.0234144),,,bicycle_parking,stands,5,,no,,,,,,,,,,,,,,,,,,,,,2026-07-02T22:07:42.206Z,2026-07-02T22:07:42.206Z
1420,node/3223682292,node,POINT(-43.4515846 -23.023696),,,bicycle_parking,stands,5,,no,,,,,,,,,,,,,,,,,,,,,2026-07-02T22:07:42.206Z,2026-07-02T22:07:42.206Z
1421,node/3223682293,node,POINT(-43.4531924 -23.0241084),,,bicycle_parking,stands,5,,no,,,,,,,,,,,,,,,,,,,,,2026-07-02T22:07:42.206Z,2026-07-02T22:07:42.206Z
1422,node/3223682294,node,POINT(-43.4696504 -23.031062),,,bicycle_parking,stands,5,,no,,,,,,,,,,,,,,,,,,,,,2026-07-02T22:07:42.206Z,2026-07-02T22:07:42.206Z
1423,node/3223682674,node,POINT(-43.4677346 -23.0293571),,,bicycle_parking,stands,5,,no,,,,,,,,,,,,,,,,,,,,,2026-07-02T22:07:42.206Z,2026-07-02T22:07:42.206Z
1424,node/3223682675,node,POINT(-43.4680478 -23.0295512),,,bicycle_parking,stands,5,,no,,,,,,,,,,,,,,,,,,,,,2026-07-02T22:07:42.206Z,2026-07-02T22:07:42.206Z
1425,node/3223682676,node,POINT(-43.4698826 -23.0311402),,,bicycle_parking,stands,10,,no,,,,,,,,,,,,,,,,,,,,,2026-07-02T22:07:42.206Z,2026-07-02T22:07:42.206Z
1426,node/3223683288,node,POINT(-43.4434585 -23.0215345),,,bicycle_parking,stands,5,,no,,,,,,,,,,,,,,,,,,,,,2026-07-02T22:07:42.206Z,2026-07-02T22:07:42.206Z
1427,node/3223683289,node,POINT(-43.4525251 -23.0239373),,,bicycle_parking,stands,5,,no,,,,,,,,,,,,,,,,,,,,,2026-07-02T22:07:42.206Z,2026-07-02T22:07:42.206Z
1428,node/3223752661,node,POINT(-43.4416196 -23.0210952),,,bicycle_parking,stands,5,,no,,,,,,,,,,,,,,,,,,,,,2026-07-02T22:07:42.206Z,2026-07-02T22:07:42.206Z
1429,node/3223752663,node,POINT(-43.4502112 -23.0233363),,,bicycle_parking,stands,5,,no,,,,,,,,,,,,,,,,,,,,,2026-07-02T22:07:42.206Z,2026-07-02T22:07:42.206Z
1430,node/3223752664,node,POINT(-43.4511863 -23.0235801),,,bicycle_parking,stands,5,,no,,,,,,,,,,,,,,,,,,,,,2026-07-02T22:07:42.206Z,2026-07-02T22:07:42.206Z
1431,node/3223752665,node,POINT(-43.4563046 -23.0250893),,,bicycle_parking,stands,5,,no,,,,,,,,,,,,,,,,,,,,,2026-07-02T22:07:42.206Z,2026-07-02T22:07:42.206Z
1432,node/3223752666,node,POINT(-43.4688298 -23.0301617),,,bicycle_parking,stands,5,,no,,,,,,,,,,,,,,,,,,,,,2026-07-02T22:07:42.206Z,2026-07-02T22:07:42.206Z
1433,node/3223752761,node,POINT(-43.4425471 -23.021325),,,bicycle_parking,stands,5,,no,,,,,,,,,,,,,,,,,,,,,2026-07-02T22:07:42.206Z,2026-07-02T22:07:42.206Z
1434,node/3223752762,node,POINT(-43.4471772 -23.0225114),,,bicycle_parking,stands,5,,no,,,,,,,,,,,,,,,,,,,,,2026-07-02T22:07:42.206Z,2026-07-02T22:07:42.206Z
1435,node/3223752763,node,POINT(-43.4475239 -23.0225987),,,bicycle_parking,stands,5,,no,,,,,,,,,,,,,,,,,,,,,2026-07-02T22:07:42.206Z,2026-07-02T22:07:42.206Z
1436,node/3223752764,node,POINT(-43.4536005 -23.0242404),,,bicycle_parking,stands,5,,no,,,,,,,,,,,,,,,,,,,,,2026-07-02T22:07:42.206Z,2026-07-02T22:07:42.206Z
1437,node/3223752765,node,POINT(-43.454592 -23.0245473),,,bicycle_parking,stands,5,,no,,,,,,,,,,,,,,,,,,,,,2026-07-02T22:07:42.206Z,2026-07-02T22:07:42.206Z
1438,node/3223752766,node,POINT(-43.4560183 -23.0249838),,,bicycle_parking,stands,5,,no,,,,,,,,,,,,,,,,,,,,,2026-07-02T22:07:42.206Z,2026-07-02T22:07:42.206Z
1439,node/3223752767,node,POINT(-43.4582785 -23.0257095),,,bicycle_parking,stands,5,,no,,,,,,,,,,,,,,,,,,,,,2026-07-02T22:07:42.206Z,2026-07-02T22:07:42.206Z
1440,node/3223752768,node,POINT(-43.4685775 -23.0299424),,,bicycle_parking,stands,5,,no,,,,,,,,,,,,,,,,,,,,,2026-07-02T22:07:42.206Z,2026-07-02T22:07:42.206Z
1441,node/3223752769,node,POINT(-43.4712652 -23.0324461),,,bicycle_parking,stands,5,,no,,,,,,,,,,,,,,,,,,,,,2026-07-02T22:07:42.206Z,2026-07-02T22:07:42.206Z
1442,node/3223752961,node,POINT(-43.4427995 -23.0213829),,,bicycle_parking,stands,5,,no,,,,,,,,,,,,,,,,,,,,,2026-07-02T22:07:42.206Z,2026-07-02T22:07:42.206Z
1443,node/3223752963,node,POINT(-43.4601659 -23.0263002),,,bicycle_parking,stands,5,,no,,,,,,,,,,,,,,,,,,,,,2026-07-02T22:07:42.206Z,2026-07-02T22:07:42.206Z
1444,node/3223752964,node,POINT(-43.4665547 -23.0286654),,,bicycle_parking,stands,5,,no,,,,,,,,,,,,,,,,,,,,,2026-07-02T22:07:42.206Z,2026-07-02T22:07:42.206Z
1445,node/3223752965,node,POINT(-43.4697517 -23.0311723),,,bicycle_parking,stands,5,,no,,,,,,,,,,,,,,,,,,,,,2026-07-02T22:07:42.206Z,2026-07-02T22:07:42.206Z
1446,node/3223752966,node,POINT(-43.470102 -23.0316607),,,bicycle_parking,stands,10,,no,,,,,,,,,,,,,,,,,,,,,2026-07-02T22:07:42.206Z,2026-07-02T22:07:42.206Z
1447,node/3223753162,node,POINT(-43.4643535 -23.0277306),,,bicycle_parking,stands,5,,no,,,,,,,,,,,,,,,,,,,,,2026-07-02T22:07:42.206Z,2026-07-02T22:07:42.206Z
1448,node/3223753163,node,POINT(-43.4653343 -23.02812),,,bicycle_parking,stands,5,,no,,,,,,,,,,,,,,,,,,,,,2026-07-02T22:07:42.206Z,2026-07-02T22:07:42.206Z
1449,node/3223753164,node,POINT(-43.4674972 -23.029204),,,bicycle_parking,stands,5,,no,,,,,,,,,,,,,,,,,,,,,2026-07-02T22:07:42.206Z,2026-07-02T22:07:42.206Z
1450,node/3223753165,node,POINT(-43.4713984 -23.0323765),,,bicycle_parking,stands,5,,no,,,,,,,,,,,,,,,,,,,,,2026-07-02T22:07:42.206Z,2026-07-02T22:07:42.206Z
1451,node/3223753361,node,POINT(-43.4463037 -23.0222528),,,bicycle_parking,stands,5,,no,,,,,,,,,,,,,,,,,,,,,2026-07-02T22:07:42.206Z,2026-07-02T22:07:42.206Z
1452,node/3223753362,node,POINT(-43.4541692 -23.0244178),,,bicycle_parking,stands,5,,no,,,,,,,,,,,,,,,,,,,,,2026-07-02T22:07:42.206Z,2026-07-02T22:07:42.206Z
1453,node/3223753363,node,POINT(-43.4581537 -23.0256524),,,bicycle_parking,stands,5,,no,,,,,,,,,,,,,,,,,,,,,2026-07-02T22:07:42.206Z,2026-07-02T22:07:42.206Z
1454,node/3223753861,node,POINT(-43.452264 -23.0238695),,,bicycle_parking,stands,5,,no,,,,,,,,,,,,,,,,,,,,,2026-07-02T22:07:42.206Z,2026-07-02T22:07:42.206Z
1455,node/3223753862,node,POINT(-43.4670102 -23.0288888),,,bicycle_parking,stands,5,,no,,,,,,,,,,,,,,,,,,,,,2026-07-02T22:07:42.206Z,2026-07-02T22:07:42.206Z
1456,node/3223754261,node,POINT(-43.4591031 -23.0259786),,,bicycle_parking,stands,5,,no,,,,,,,,,,,,,,,,,,,,,2026-07-02T22:07:42.206Z,2026-07-02T22:07:42.206Z
1457,node/3223754262,node,POINT(-43.4595028 -23.026074),,,bicycle_parking,stands,5,,no,,,,,,,,,,,,,,,,,,,,,2026-07-02T22:07:42.206Z,2026-07-02T22:07:42.206Z
1458,node/3223754461,node,POINT(-43.4604629 -23.026392),,,bicycle_parking,stands,5,,no,,,,,,,,,,,,,,,,,,,,,2026-07-02T22:07:42.206Z,2026-07-02T22:07:42.206Z
1459,node/3223754462,node,POINT(-43.4682596 -23.0297042),,,bicycle_parking,stands,5,,no,,,,,,,,,,,,,,,,,,,,,2026-07-02T22:07:42.206Z,2026-07-02T22:07:42.206Z
1460,node/3223754463,node,POINT(-43.4691564 -23.0304974),,,bicycle_parking,stands,5,,no,,,,,,,,,,,,,,,,,,,,,2026-07-02T22:07:42.206Z,2026-07-02T22:07:42.206Z
1461,node/3223754661,node,POINT(-43.4611636 -23.0266416),,,bicycle_parking,stands,5,,no,,,,,,,,,,,,,,,,,,,,,2026-07-02T22:07:42.206Z,2026-07-02T22:07:42.206Z
1462,node/3223754662,node,POINT(-43.4614959 -23.0267616),,,bicycle_parking,stands,5,,no,,,,,,,,,,,,,,,,,,,,,2026-07-02T22:07:42.206Z,2026-07-02T22:07:42.206Z
1463,node/3223755061,node,POINT(-43.4631427 -23.0272755),,,bicycle_parking,stands,5,,no,,,,,,,,,,,,,,,,,,,,,2026-07-02T22:07:42.206Z,2026-07-02T22:07:42.206Z
1464,node/3223755062,node,POINT(-43.4635176 -23.0274301),,,bicycle_parking,stands,5,,no,,,,,,,,,,,,,,,,,,,,,2026-07-02T22:07:42.206Z,2026-07-02T22:07:42.206Z
1465,node/3223755063,node,POINT(-43.4650214 -23.0280067),,,bicycle_parking,stands,5,,no,,,,,,,,,,,,,,,,,,,,,2026-07-02T22:07:42.206Z,2026-07-02T22:07:42.206Z
1466,node/3223755064,node,POINT(-43.4663326 -23.0285766),,,bicycle_parking,stands,5,,no,,,,,,,,,,,,,,,,,,,,,2026-07-02T22:07:42.206Z,2026-07-02T22:07:42.206Z
1467,node/3223755361,node,POINT(-43.4633979 -23.0273956),,,bicycle_parking,stands,10,,no,,,,,,,,,,,,,,,,,,,,,2026-07-02T22:07:42.206Z,2026-07-02T22:07:42.206Z
1468,node/3223755362,node,POINT(-43.469277 -23.0306304),,,bicycle_parking,stands,5,,no,,,,,,,,,,,,,,,,,,,,,2026-07-02T22:07:42.206Z,2026-07-02T22:07:42.206Z
1469,node/3223756461,node,POINT(-43.470524 -23.0322753),,,bicycle_parking,stands,10,,no,,,,,,,,,,,,,,,,,,,,,2026-07-02T22:07:42.206Z,2026-07-02T22:07:42.206Z
1470,node/3224009961,node,POINT(-43.4993394 -23.0374715),,,bicycle_parking,stands,24,,no,,,,,,,,,,,,,,,,,,,,,2026-07-02T22:07:42.206Z,2026-07-02T22:07:42.206Z
1471,node/3224010061,node,POINT(-43.5044707 -23.0397046),,,bicycle_parking,stands,20,,no,,,,,,,,,,,,,,,,,,,,,2026-07-02T22:07:42.206Z,2026-07-02T22:07:42.206Z
1472,node/3224010062,node,POINT(-43.5043444 -23.0396058),,,bicycle_parking,stands,10,,no,,,,,,,,,,,,,,,,,,,,,2026-07-02T22:07:42.206Z,2026-07-02T22:07:42.206Z
1473,node/3224010162,node,POINT(-43.5173014 -23.0477182),,,bicycle_parking,stands,36,,no,,,,,,,,,,,,,,,,,,,,,2026-07-02T22:07:42.206Z,2026-07-02T22:07:42.206Z
1474,node/3224673461,node,POINT(-47.8728978 -15.7638595),,,bicycle_parking,wall_loops,5,,yes,,,,,,,,,,,,,,,,,,,,,2026-07-02T22:07:42.206Z,2026-07-02T22:07:42.206Z
1475,node/3227047856,node,POINT(-47.8766097 -15.7663635),,,bicycle_parking,wall_loops,,,,,,,,,,,,,,,,,,,,,,,,2026-07-02T22:07:42.206Z,2026-07-02T22:07:42.206Z
1476,node/3240881668,node,POINT(-47.8816954 -15.7540442),,,bicycle_parking,wall_loops,5,,,,,,,,,,,,,,,,,,,,,,,2026-07-02T22:07:42.206Z,2026-07-02T22:07:42.206Z
1477,node/3241582129,node,POINT(-47.8840241 -15.803773),,,bicycle_parking,wall_loops,12,,yes,,,,,,,,,,,,,,,,,,,,,2026-07-02T22:07:42.206Z,2026-07-02T22:07:42.206Z
1478,node/3242577363,node,POINT(-44.3177776 -23.0093303),,,bicycle_parking,,,,,,,,,,,,,,,,,,,,,,,,,2026-07-02T22:07:42.206Z,2026-07-02T22:07:42.206Z
1479,node/3245426334,node,POINT(-47.8820355 -15.7503881),,,bicycle_parking,,4,,,,,,,,,,,,,,,,,,,,,,,2026-07-02T22:07:42.206Z,2026-07-02T22:07:42.206Z
1480,node/3246266203,node,POINT(-43.4863399 -23.0216491),,,bicycle_parking,rack,4,,no,,,,,,,,,,,,,,,,,,,,,2026-07-02T22:07:42.206Z,2026-07-02T22:07:42.206Z
1481,node/3247029652,node,POINT(-43.4648781 -22.8699145),,,bicycle_parking,rack,4,,no,no,,,,,,,,,,,,,,,,,,,,2026-07-02T22:07:42.206Z,2026-07-02T22:07:42.206Z
1482,node/3247029654,node,POINT(-43.4638374 -22.8728356),,,bicycle_parking,rack,9,,no,no,,,,,,,,,,,,,,,,,,,,2026-07-02T22:07:42.206Z,2026-07-02T22:07:42.206Z
1483,node/3247592166,node,POINT(-47.8915395 -15.746905),,,bicycle_parking,wall_loops,5,,,,,,,,,,,,,,,,,,,,,,,2026-07-02T22:07:42.206Z,2026-07-02T22:07:42.206Z
1484,node/3247637840,node,POINT(-43.4685607 -22.8770343),,,bicycle_parking,wall_loops,95,,no,no,,,,,,,,,,,,,,,,,,,,2026-07-02T22:07:42.206Z,2026-07-02T22:07:42.206Z
1485,node/3247637850,node,POINT(-43.4656988 -22.8779115),,,bicycle_parking,rack,20,,no,no,,,,,,,,,,,,,,,,,,,,2026-07-02T22:07:42.206Z,2026-07-02T22:07:42.206Z
1486,node/3247637851,node,POINT(-43.4649156 -22.8765425),,,bicycle_parking,stands,112,,yes,no,,,,,,,,,,,,,,,,,,,,2026-07-02T22:07:42.206Z,2026-07-02T22:07:42.206Z
1487,node/3247637852,node,POINT(-43.4648781 -22.8786579),,,bicycle_parking,stands,72,,yes,no,,,,,,,,,,,,,,,,,,,,2026-07-02T22:07:42.206Z,2026-07-02T22:07:42.206Z
1488,node/3247637856,node,POINT(-43.4637355 -22.8772443),,,bicycle_parking,rack,10,,,,,,,,,,,,,,,,,,,,,,,2026-07-02T22:07:42.206Z,2026-07-02T22:07:42.206Z
1489,node/3247638262,node,POINT(-43.4656613 -22.8794017),,,bicycle_parking,wall_loops,60,,no,yes,,,,,,,,,,,,,,,,,,,,2026-07-02T22:07:42.206Z,2026-07-02T22:07:42.206Z
1490,node/3247638263,node,POINT(-43.4655321 -22.8792226),,,bicycle_parking,rack,16,,no,no,,,,,,,,,,,,,,,,,,,,2026-07-02T22:07:42.206Z,2026-07-02T22:07:42.206Z
1491,node/3247638264,node,POINT(-43.4649371 -22.8794264),,,bicycle_parking,rack,12,,no,no,,,,,,,,,,,,,,,,,,,,2026-07-02T22:07:42.206Z,2026-07-02T22:07:42.206Z
1492,node/3247638265,node,POINT(-43.464406 -22.8797724),,,bicycle_parking,rack,12,,no,no,,,,,,,,,,,,,,,,,,,,2026-07-02T22:07:42.206Z,2026-07-02T22:07:42.206Z
1493,node/3248313761,node,POINT(-47.886908 -15.7412636),,,bicycle_parking,wall_loops,20,,no,,,,,,,,,,,,,,,,,,,,,2026-07-02T22:07:42.206Z,2026-07-02T22:07:42.206Z
1494,node/3254618944,node,POINT(-47.8851215 -15.8038204),,,bicycle_parking,stands,10,,no,,,,,,,,,,,,,,,,,,,,,2026-07-02T22:07:42.206Z,2026-07-02T22:07:42.206Z
1495,node/3255931313,node,POINT(-47.8943224 -15.802216),,,bicycle_parking,wall_loops,12,,no,,,,,,,,,,,,,,,,,,,,,2026-07-02T22:07:42.206Z,2026-07-02T22:07:42.206Z
1496,node/3255931314,node,POINT(-47.8918819 -15.7469913),,,bicycle_parking,wall_loops,5,,,,,,,,,,,,,,,,,,,,,,,2026-07-02T22:07:42.206Z,2026-07-02T22:07:42.206Z
1497,node/3259185159,node,POINT(-47.9030114 -15.7421695),,,bicycle_parking,wall_loops,10,,no,,,,Universidade Católica de Brasília,,,,,,,,,,,,,,,,,2026-07-02T22:07:42.206Z,2026-07-02T22:07:42.206Z
1498,node/3267350204,node,POINT(-43.3096951 -22.7869395),,,bicycle_parking,stands,15,,no,no,,,,,,,,,,,,,,,,,,,,2026-07-02T22:07:42.206Z,2026-07-02T22:07:42.206Z
1499,node/3276629220,node,POINT(-47.8889411 -15.7873676),,,bicycle_parking,stands,10,,no,,,,Brasília Shopping,,,,,,,,,,,,,,,,,2026-07-02T22:07:42.206Z,2026-07-02T22:07:42.206Z
1500,node/3293275032,node,POINT(-53.4437602 -29.57396),,,bicycle_parking,,5,,,,,,,,,,,,,,,,,,,,,,,2026-07-02T22:07:42.206Z,2026-07-02T22:07:42.206Z
1501,node/3296656399,node,POINT(-46.5736841 -23.5367633),SENAI,,bicycle_parking,,12,yes,,yes,,,Bike Sampa,,,,,São Paulo,Rua Teixeira de Melo,221,Tatuapé,,,,197,,,,,2026-07-02T22:07:42.219Z,2026-07-02T22:07:42.219Z
1502,node/3299594693,node,POINT(-47.9086916 -15.7837861),,,bicycle_parking,stands,20,,no,,,,,,,,,,,,,,,,,,,,,2026-07-02T22:07:42.219Z,2026-07-02T22:07:42.219Z
1503,node/3301343147,node,POINT(-43.5659823 -22.9044654),,,bicycle_parking,rack,15,,no,no,,,,,,,,,,,,,,,,,,,,2026-07-02T22:07:42.219Z,2026-07-02T22:07:42.219Z
1504,node/3301346369,node,POINT(-43.5644293 -22.9070473),,,bicycle_parking,rack,8,,yes,no,,,,,,,,,,,,,,,,,,,,2026-07-02T22:07:42.219Z,2026-07-02T22:07:42.219Z
1505,node/3301346372,node,POINT(-43.5649175 -22.907618),,,bicycle_parking,stands,6,,no,no,,,,,,,,,,,,,,,,,,,,2026-07-02T22:07:42.219Z,2026-07-02T22:07:42.219Z
1506,node/3301346386,node,POINT(-43.5611771 -22.9028582),,,bicycle_parking,stands,20,,no,no,,,,,,,,,,,,,,,,,,,,2026-07-02T22:07:42.219Z,2026-07-02T22:07:42.219Z
1507,node/3301346394,node,POINT(-43.5590126 -22.9021861),,,bicycle_parking,stands,5,,no,no,,,,,,,,,,,,,,,,,,,,2026-07-02T22:07:42.219Z,2026-07-02T22:07:42.219Z
1508,node/3301346401,node,POINT(-43.5597267 -22.9053641),,,bicycle_parking,stands,52,,no,no,,,,,,,,,,,,,,,,,,,,2026-07-02T22:07:42.219Z,2026-07-02T22:07:42.219Z
1509,node/3301346402,node,POINT(-43.5594317 -22.904282),,,bicycle_parking,stands,20,,no,no,,,,,,,,,,,,,,,,,,,,2026-07-02T22:07:42.219Z,2026-07-02T22:07:42.219Z
1510,node/3301346403,node,POINT(-43.5592037 -22.9034123),,,bicycle_parking,stands,36,,no,no,,,,,,,,,,,,,,,,,,,,2026-07-02T22:07:42.219Z,2026-07-02T22:07:42.219Z
1511,node/3301346405,node,POINT(-43.5565966 -22.9016555),,,bicycle_parking,stands,10,,no,no,,,,,,,,,,,,,,,,,,,,2026-07-02T22:07:42.219Z,2026-07-02T22:07:42.219Z
1512,node/3301346406,node,POINT(-43.5556471 -22.9014702),,,bicycle_parking,stands,32,,no,no,,,,,,,,,,,,,,,,,,,,2026-07-02T22:07:42.219Z,2026-07-02T22:07:42.219Z
1513,node/3301457229,node,POINT(-43.4890716 -23.0224587),,,bicycle_parking,ground_slots,,permissive,no,,,,Recreio Shopping,,,,,,,,,,,,,,,,,2026-07-02T22:07:42.219Z,2026-07-02T22:07:42.219Z
1514,node/3301821787,node,POINT(-43.5662794 -22.9029379),,,bicycle_parking,stands,10,,no,no,,,,,,,,,,,,,,,,,,,,2026-07-02T22:07:42.219Z,2026-07-02T22:07:42.219Z
1515,node/3301821788,node,POINT(-43.5656061 -22.9025154),,,bicycle_parking,stands,6,,no,no,,,,,,,,,,,,,,,,,,,,2026-07-02T22:07:42.219Z,2026-07-02T22:07:42.219Z
1516,node/3301821792,node,POINT(-43.5643053 -22.9027353),,,bicycle_parking,stands,58,,no,no,,,,,,,,,,,,,,,,,,,,2026-07-02T22:07:42.219Z,2026-07-02T22:07:42.219Z
1517,node/3301821795,node,POINT(-43.5631412 -22.902676),,,bicycle_parking,stands,42,,no,no,,,,,,,,,,,,,,,,,,,,2026-07-02T22:07:42.219Z,2026-07-02T22:07:42.219Z
1518,node/3301821802,node,POINT(-43.5591179 -22.9017),,,bicycle_parking,stands,42,,no,no,,,,,,,,,,,,,,,,,,,,2026-07-02T22:07:42.219Z,2026-07-02T22:07:42.219Z
1519,node/3301821803,node,POINT(-43.5589409 -22.8999383),,,bicycle_parking,stands,4,,no,no,,,,,,,,,,,,,,,,,,,,2026-07-02T22:07:42.219Z,2026-07-02T22:07:42.219Z
1520,node/3303003077,node,POINT(-47.8601986 -15.7632027),,,bicycle_parking,wall_loops,24,,,,,,,,,,,,,,,,,,,,,,,2026-07-02T22:07:42.219Z,2026-07-02T22:07:42.219Z
1521,node/3315842972,node,POINT(-51.2280272 -30.0253091),,,bicycle_parking,wall_loops,9,customers,no,no,yes,yes,Terminal Hidroviário de Porto Alegre,,,,,,,,,,Mo-Fr 06:00-21:00; Sa 07:00-21:00; Su 10:00-21:00,,,,,,,2026-07-02T22:07:42.219Z,2026-07-02T22:07:42.219Z
1522,node/3320651391,node,POINT(-47.8902144 -15.7631374),,,bicycle_parking,wall_loops,5,,no,,,,,,,,,,,,,,,,,,,,,2026-07-02T22:07:42.219Z,2026-07-02T22:07:42.219Z
1523,node/3322386929,node,POINT(-43.6820896 -22.9159598),,,bicycle_parking,wall_loops,18,,no,no,,,Prezunic,,,,,,,,,,,,,,,,,2026-07-02T22:07:42.219Z,2026-07-02T22:07:42.219Z
1524,node/3322424974,node,POINT(-43.6834916 -22.9178398),,,bicycle_parking,wall_loops,5,,no,no,,,,,,,,,,,,,,,,,,,,2026-07-02T22:07:42.219Z,2026-07-02T22:07:42.219Z
1525,node/3322428697,node,POINT(-49.1015962 -26.4737455),,,bicycle_parking,wall_loops,4,,no,no,no,,,,,,,,,,,,,,,,,,,2026-07-02T22:07:42.219Z,2026-07-02T22:07:42.219Z
1526,node/3322443872,node,POINT(-43.6839797 -22.9151765),Bicicletário SuperVia,,bicycle_parking,shed,500,,yes,,,,SuperVia,,,,,,,,,,,,,,,,,2026-07-02T22:07:42.219Z,2026-07-02T22:07:42.219Z
1527,node/3322462361,node,POINT(-43.6852889 -22.9152846),,,bicycle_parking,stands,24,,no,no,,,,,,,,,,,,,,,,,,,,2026-07-02T22:07:42.219Z,2026-07-02T22:07:42.219Z
1528,node/3322481836,node,POINT(-43.6858036 -22.9146676),,,bicycle_parking,stands,20,,no,no,,,,,,,,,,,,,,,,,,,,2026-07-02T22:07:42.219Z,2026-07-02T22:07:42.219Z
2095,node/4371179594,node,POINT(-43.4913567 -22.9789886),,,bicycle_parking,,20,,no,,,,,,,,,,,,,,,,,,,,,2026-07-02T22:07:42.279Z,2026-07-02T22:07:42.279Z
1529,node/3322481837,node,POINT(-43.6866297 -22.9143217),Bike Park,,bicycle_parking,,,,yes,yes,,,,,,,,,,,,,,,,,,,,2026-07-02T22:07:42.219Z,2026-07-02T22:07:42.219Z
1530,node/3324061957,node,POINT(-43.1744571 -22.9051091),,,bicycle_parking,stands,20,,yes,no,,,Terminal Garagem Menezes Côrtes,,,,,,,,,,,,,,,,,2026-07-02T22:07:42.219Z,2026-07-02T22:07:42.219Z
1531,node/3324081061,node,POINT(-43.2177498 -22.9658698),,,bicycle_parking,stands,6,,no,no,,,,,,,,,,,,,,,,,,,,2026-07-02T22:07:42.219Z,2026-07-02T22:07:42.219Z
1532,node/3324127885,node,POINT(-43.6850279 -22.9204085),,,bicycle_parking,wall_loops,16,,no,no,,,,,,,,,,,,,,,,,,,,2026-07-02T22:07:42.219Z,2026-07-02T22:07:42.219Z
1533,node/3324142823,node,POINT(-43.1845375 -22.5706185),,,bicycle_parking,stands,8,,no,no,,,,,,,,,,,,,,,,,,,,2026-07-02T22:07:42.219Z,2026-07-02T22:07:42.219Z
1534,node/3324154640,node,POINT(-43.6824208 -22.9215251),,,bicycle_parking,stands,30,,no,no,,,Santa Cruz Shopping,,,,,,,,,,,,,,,,,2026-07-02T22:07:42.219Z,2026-07-02T22:07:42.219Z
1535,node/3337665095,node,POINT(-47.8852534 -15.7805878),,,bicycle_parking,wall_loops,2,,yes,no,,,,,,,,,,,,,,,,,,,,2026-07-02T22:07:42.219Z,2026-07-02T22:07:42.219Z
1536,node/3344890393,node,POINT(-46.6862055 -23.5571483),Espaço Contraponto,,arts_centre,informal,,,,,,,,,,,,São Paulo,Rua Medeiros de Albuquerque,55,,05436-060,,,,survey,,,,2026-07-02T22:07:42.219Z,2026-07-02T22:07:42.219Z
1537,node/3364066645,node,POINT(-47.9075409 -15.8097922),,,bicycle_parking,,,,,,,,,,,,,,,,,,,,,,,,,2026-07-02T22:07:42.219Z,2026-07-02T22:07:42.219Z
1538,node/3381386507,node,POINT(-43.2393356 -22.9316896),,,bicycle_parking,stands,6,,yes,no,,,MetrôRio,,,,,,,,,,,,,,,,,2026-07-02T22:07:42.219Z,2026-07-02T22:07:42.219Z
1539,node/3381455785,node,POINT(-43.3384793 -22.8455177),,,bicycle_parking,rack,7,,no,no,,,Academia Evolution Fitness,,,,,,,,,,,,,,,,,2026-07-02T22:07:42.219Z,2026-07-02T22:07:42.219Z
1540,node/3393225666,node,POINT(-43.2349092 -22.844328),,,bicycle_parking,stands,10,,no,no,,,,,,,,,,,,,,,,,,,,2026-07-02T22:07:42.219Z,2026-07-02T22:07:42.219Z
1541,node/3405484064,node,POINT(-43.1769726 -22.9019182),,,bicycle_parking,wall_loops,10,customers,yes,no,,,ACRJ,,,,,,,,,,,,,,,,,2026-07-02T22:07:42.219Z,2026-07-02T22:07:42.219Z
1542,node/3405533096,node,POINT(-43.219701 -22.98432),,,bicycle_parking,rack,10,,no,no,,,,,,,,,,,,,,,,,,,,2026-07-02T22:07:42.219Z,2026-07-02T22:07:42.219Z
1543,node/3409729163,node,POINT(-43.3587059 -23.0004563),,,bicycle_parking,stands,12,,no,no,,,Itaú,,,,,,,,,,,,,,,,,2026-07-02T22:07:42.219Z,2026-07-02T22:07:42.219Z
1544,node/3409767164,node,POINT(-43.3595633 -22.9895782),,,bicycle_parking,stands,8,,no,n,,,O2 Corporate & Offices,,,,,,,,,,,,,,,,,2026-07-02T22:07:42.219Z,2026-07-02T22:07:42.219Z
1545,node/3409767187,node,POINT(-43.3589907 -22.9885646),,,bicycle_parking,stands,8,,no,no,,,O2 Corporate & Offices,,,,,,,,,,,,,,,,,2026-07-02T22:07:42.219Z,2026-07-02T22:07:42.219Z
1546,node/3409767188,node,POINT(-43.3596753 -22.9881862),,,bicycle_parking,stands,8,,no,no,,,O2 Corporate & Offices,,,,,,,,,,,,,,,,,2026-07-02T22:07:42.219Z,2026-07-02T22:07:42.219Z
1547,node/3409776574,node,POINT(-43.2924449 -22.8311589),,,bicycle_parking,rack,10,,no,no,,,Redeconomia,,,,,,,,,,,,,,,,,2026-07-02T22:07:42.219Z,2026-07-02T22:07:42.219Z
1548,node/3409781191,node,POINT(-43.2976302 -22.8219754),,,bicycle_parking,rack,10,,no,no,,,,,,,,,,,,,,,,,,,,2026-07-02T22:07:42.219Z,2026-07-02T22:07:42.219Z
1549,node/3409791251,node,POINT(-43.3126776 -22.849233),,,bicycle_parking,rack,14,,no,no,,,,,,,,,,,,,,,,,,,,2026-07-02T22:07:42.219Z,2026-07-02T22:07:42.219Z
1550,node/3409792871,node,POINT(-43.3451575 -22.9395616),,,bicycle_parking,rack,3,,yes,no,,,,,,,,,,,,,,,,,,,,2026-07-02T22:07:42.219Z,2026-07-02T22:07:42.219Z
1551,node/3409807891,node,POINT(-43.4592879 -22.7424926),,,bicycle_parking,rack,40,,no,no,,,,,,,,,,,,,,,,,,,,2026-07-02T22:07:42.219Z,2026-07-02T22:07:42.219Z
1552,node/3427991591,node,POINT(-48.454413 -1.4764182),,,bicycle_parking,,,,,,,,,,,,,,,,,,,,,,,,,2026-07-02T22:07:42.219Z,2026-07-02T22:07:42.219Z
1553,node/3451256825,node,POINT(-47.8693043 -15.7586916),Bicicletário do CIC/EST,,bicycle_parking,wall_loops,,,,,,,,,,,,,,,,,,,,,,,,2026-07-02T22:07:42.219Z,2026-07-02T22:07:42.219Z
1554,node/3451256826,node,POINT(-47.8699802 -15.7585393),,,bicycle_parking,wall_loops,24,,no,no,no,,,,,,,,,,,,,,,,,,,2026-07-02T22:07:42.219Z,2026-07-02T22:07:42.219Z
1555,node/3451256827,node,POINT(-47.8706615 -15.7587226),,,bicycle_parking,,,,,,,,,,,,,,,,,,,,,,,,,2026-07-02T22:07:42.219Z,2026-07-02T22:07:42.219Z
1556,node/3451256828,node,POINT(-47.8703664 -15.7586348),,,bicycle_parking,,,,,,,,,,,,,,,,,,,,,,,,,2026-07-02T22:07:42.219Z,2026-07-02T22:07:42.219Z
1557,node/3452312978,node,POINT(-47.8706464 -15.7604577),,,bicycle_parking,,,,no,no,no,,,,,,,,,,,,,,,,,,,2026-07-02T22:07:42.219Z,2026-07-02T22:07:42.219Z
1558,node/3452313415,node,POINT(-47.8703547 -15.7627653),,,bicycle_parking,stands,24,,no,no,no,,,,,,,,,,,,,,,,,,,2026-07-02T22:07:42.219Z,2026-07-02T22:07:42.219Z
1559,node/3452313419,node,POINT(-47.8702374 -15.7640334),,,bicycle_parking,,,,,no,no,,,,,,,,,,,,,,,,,,,2026-07-02T22:07:42.219Z,2026-07-02T22:07:42.219Z
1560,node/3453969120,node,POINT(-47.869054 -15.7646025),,,bicycle_parking,stands,24,,no,,,,,,,,,,,,,,,,,,,,,2026-07-02T22:07:42.219Z,2026-07-02T22:07:42.219Z
1561,node/3457581293,node,POINT(-47.8665491 -15.7663871),,,bicycle_parking,stands,20,,no,,no,,,,,,,,,,,,,,,,,,,2026-07-02T22:07:42.219Z,2026-07-02T22:07:42.219Z
1562,node/3465668964,node,POINT(-43.3516457 -22.9897446),,,bicycle_parking,stands,4,,no,no,,,,,,,,,,,,,,,,,,,,2026-07-02T22:07:42.219Z,2026-07-02T22:07:42.219Z
1563,node/3465668965,node,POINT(-43.3541363 -22.9907215),,,bicycle_parking,stands,4,,no,no,,,,,,,,,,,,,,,,,,,,2026-07-02T22:07:42.219Z,2026-07-02T22:07:42.219Z
1564,node/3465769890,node,POINT(-43.3519392 -22.8976213),,,bicycle_parking,stands,6,,no,no,,,,,,,,,,,,,,,,,,,,2026-07-02T22:07:42.219Z,2026-07-02T22:07:42.219Z
1565,node/3465809215,node,POINT(-43.3743973 -22.9516904),,,bicycle_parking,stands,20,,no,no,,,,,,,,,,,,,,,,,,,,2026-07-02T22:07:42.219Z,2026-07-02T22:07:42.219Z
1566,node/3466087750,node,POINT(-43.3599054 -22.98762),,,bicycle_parking,stands,8,,no,no,,,O2 Corporate & Offices,,,,,,,,,,,,,,,,,2026-07-02T22:07:42.219Z,2026-07-02T22:07:42.219Z
1567,node/3466090964,node,POINT(-43.3601696 -22.9881669),,,bicycle_parking,stands,8,,no,no,,,O2 Corporate & Offices,,,,,,,,,,,,,,,,,2026-07-02T22:07:42.219Z,2026-07-02T22:07:42.219Z
1568,node/3466110994,node,POINT(-43.3594172 -22.9875879),,,bicycle_parking,stands,8,,no,no,,,O2 Corporate & Offices,,,,,,,,,,,,,,,,,2026-07-02T22:07:42.219Z,2026-07-02T22:07:42.219Z
1569,node/3466134256,node,POINT(-43.3597833 -22.9899274),,,bicycle_parking,stands,8,,no,n,,,O2 Corporate & Offices,,,,,,,,,,,,,,,,,2026-07-02T22:07:42.219Z,2026-07-02T22:07:42.219Z
1570,node/3491743293,node,POINT(-47.9498723 -15.8307896),Rodoviária Interestadual,,bicycle_parking,stands,,,,,,,,,,,,,,,,,,,,,,,,2026-07-02T22:07:42.219Z,2026-07-02T22:07:42.219Z
1571,node/3504810611,node,POINT(-47.8767046 -15.7658174),,,bicycle_parking,wall_loops,,,,,,,,,,,,,,,,,,,,,,,,2026-07-02T22:07:42.219Z,2026-07-02T22:07:42.219Z
1572,node/3507819524,node,POINT(-49.2123001 -25.4956032),,,bicycle_parking,,,,,,,,,,,,,,,,,,,,,,,,,2026-07-02T22:07:42.219Z,2026-07-02T22:07:42.219Z
1573,node/3507819568,node,POINT(-49.2057214 -25.5053557),,,bicycle_parking,,,,,,,,,,,,,,,,,,,,,,,,,2026-07-02T22:07:42.219Z,2026-07-02T22:07:42.219Z
1574,node/3510668843,node,POINT(-43.3135978 -23.0062088),,,bicycle_parking,rack,20,yes,no,no,,,,,,,,,,,,,,,,,,,,2026-07-02T22:07:42.219Z,2026-07-02T22:07:42.219Z
1575,node/3510695259,node,POINT(-43.3044525 -23.0087089),,,bicycle_parking,stands,3,,no,no,,,,,,,,,,,,,,,,,,,,2026-07-02T22:07:42.219Z,2026-07-02T22:07:42.219Z
1576,node/3510805374,node,POINT(-43.3062315 -23.0094996),,,bicycle_parking,rack,12,,no,no,,,,,,,,,,,,,,,,,,,,2026-07-02T22:07:42.219Z,2026-07-02T22:07:42.219Z
1577,node/3510835773,node,POINT(-43.3073806 -23.0102157),,,bicycle_parking,rack,15,,no,no,,,Cultura Inglesa,,,,,,,,,,,,,,,,,2026-07-02T22:07:42.219Z,2026-07-02T22:07:42.219Z
1578,node/3510887671,node,POINT(-43.310269 -23.0119659),,,bicycle_parking,rack,20,,no,no,,,Bodytech,,,,,,,,,,,,,,,,,2026-07-02T22:07:42.219Z,2026-07-02T22:07:42.219Z
1579,node/3510915217,node,POINT(-43.350549 -23.0100101),,,bicycle_parking,rack,6,,no,no,,,,,,,,,,,,,,,,,,,,2026-07-02T22:07:42.219Z,2026-07-02T22:07:42.219Z
1580,node/3524251636,node,POINT(-43.1827499 -22.9476651),,,bicycle_parking,stands,10,,no,no,,,,,,,,,,,,,,,,,,,,2026-07-02T22:07:42.219Z,2026-07-02T22:07:42.219Z
1581,node/3524400955,node,POINT(-43.3050748 -23.0128721),,,bicycle_parking,stands,3,,no,no,,,,,,,,,,,,,,,,,,,,2026-07-02T22:07:42.219Z,2026-07-02T22:07:42.219Z
1582,node/3524431819,node,POINT(-43.3045968 -23.0117984),,,bicycle_parking,stands,3,,no,no,,,,,,,,,,,,,,,,,,,,2026-07-02T22:07:42.219Z,2026-07-02T22:07:42.219Z
1583,node/3524451644,node,POINT(-43.3045444 -23.0102577),,,bicycle_parking,rack,5,,no,no,,,,,,,,,,,,,,,,,,,,2026-07-02T22:07:42.219Z,2026-07-02T22:07:42.219Z
1584,node/3524458297,node,POINT(-43.1833479 -22.9552505),,,bicycle_parking,stands,10,,no,no,,,,,,,,,,,,,,,,,,,,2026-07-02T22:07:42.219Z,2026-07-02T22:07:42.219Z
1585,node/3524478042,node,POINT(-43.1768354 -22.9062093),,,bicycle_parking,stands,2,yes,no,no,,,,,,,,,,,,,,,,,,,,2026-07-02T22:07:42.219Z,2026-07-02T22:07:42.219Z
1586,node/3524491193,node,POINT(-43.2329612 -22.9089694),,,bicycle_parking,stands,10,,yes,no,,,,,,,,,,,,,,,,,,,,2026-07-02T22:07:42.219Z,2026-07-02T22:07:42.219Z
1587,node/3524528219,node,POINT(-43.1968886 -22.9843641),,,bicycle_parking,stands,10,,no,no,,,,,,,,,,,,,,,,,,,,2026-07-02T22:07:42.219Z,2026-07-02T22:07:42.219Z
1588,node/3524538766,node,POINT(-43.1970388 -22.9849296),,,bicycle_parking,,20,,no,no,,,,,,,,,,,,,,,,,,,,2026-07-02T22:07:42.219Z,2026-07-02T22:07:42.219Z
1589,node/3541606221,node,POINT(-43.3134872 -22.8534028),,,bicycle_parking,stands,20,,no,no,,,,,,,,,,,,,,,,,,,,2026-07-02T22:07:42.219Z,2026-07-02T22:07:42.219Z
1590,node/3541628396,node,POINT(-43.318429 -22.8341144),,,bicycle_parking,anchors,10,,yes,no,,,Casa de Espinho,,,,,,,,,,,,,,,,,2026-07-02T22:07:42.219Z,2026-07-02T22:07:42.219Z
1591,node/3541777390,node,POINT(-43.3613627 -22.9233456),,,bicycle_parking,rack,10,,no,no,,,,,,,,,,,,,,,,,,,,2026-07-02T22:07:42.219Z,2026-07-02T22:07:42.219Z
1592,node/3541788854,node,POINT(-43.359977 -22.9274285),,,bicycle_parking,rack,10,,no,no,,,Prezunic,,,,,,,,,,,,,,,,,2026-07-02T22:07:42.219Z,2026-07-02T22:07:42.219Z
1593,node/3541798647,node,POINT(-42.9619283 -22.9623531),,,bicycle_parking,rack,15,,no,no,,,Terminal de Integração Rodoviária José Ferreira da Silva,,,,,,,,,,,,,,,,,2026-07-02T22:07:42.219Z,2026-07-02T22:07:42.219Z
1594,node/3541821464,node,POINT(-44.5637768 -22.4921522),,,bicycle_parking,rack,3,,no,no,,,,,,,,,,,,,,,,,,,,2026-07-02T22:07:42.219Z,2026-07-02T22:07:42.219Z
1595,node/3541825048,node,POINT(-43.1712437 -22.9403529),,,bicycle_parking,rack,4,,no,no,,,BR,,,,,,,,,,,,,,,,,2026-07-02T22:07:42.219Z,2026-07-02T22:07:42.219Z
1596,node/3541861914,node,POINT(-44.473142 -22.4824771),,,bicycle_parking,,104,,no,no,,,Associação Educacional Dom Bosco,,,,,,,,,,,,,,,,,2026-07-02T22:07:42.219Z,2026-07-02T22:07:42.219Z
1597,node/3541869174,node,POINT(-44.4643551 -22.4734432),,,bicycle_parking,,11,,no,no,,,Igreja do Cristo Ressuscitado,,,,,,,,,,,,,,,,,2026-07-02T22:07:42.219Z,2026-07-02T22:07:42.219Z
1598,node/3541910161,node,POINT(-43.0596403 -22.9386997),,,bicycle_parking,stands,150,,no,no,,,,,,,,,,,,,,,,,,,,2026-07-02T22:07:42.219Z,2026-07-02T22:07:42.219Z
1599,node/3566601894,node,POINT(-48.5515376 -27.5938646),,Bicicletário Ceisa Center,bicycle_parking,stands,8,yes,no,no,,,,,,,,,,,,,,,,,,,,2026-07-02T22:07:42.219Z,2026-07-02T22:07:42.219Z
1600,node/3566910335,node,POINT(-49.0780025 -26.9049712),,,bicycle_parking,,,,,,,,,,,,,,,,,,,,,,,,,2026-07-02T22:07:42.219Z,2026-07-02T22:07:42.219Z
1601,node/3566910336,node,POINT(-49.0792589 -26.906173),,,bicycle_parking,,,,,,,,,,,,,,,,,,,,,,,,,2026-07-02T22:07:42.232Z,2026-07-02T22:07:42.232Z
1602,node/3566910337,node,POINT(-49.0809634 -26.9060085),,,bicycle_parking,,,,,,,,,,,,,,,,,,,,,,,,,2026-07-02T22:07:42.232Z,2026-07-02T22:07:42.232Z
1603,node/3567438517,node,POINT(-49.0842107 -26.8910741),,,bicycle_parking,stands,7,,no,no,,,,,,,,,,,,,,,,,,,,2026-07-02T22:07:42.232Z,2026-07-02T22:07:42.232Z
1604,node/3567460270,node,POINT(-49.0779324 -26.8984923),,,bicycle_parking,,,,,,,,,,,,,,,,,,,,,,,,,2026-07-02T22:07:42.232Z,2026-07-02T22:07:42.232Z
1605,node/3569301600,node,POINT(-47.8951683 -15.75801),,,bicycle_parking,wall_loops,5,,no,,,,,,,,,,,,,,,,,,,,,2026-07-02T22:07:42.232Z,2026-07-02T22:07:42.232Z
1606,node/3579246630,node,POINT(-49.0657732 -26.9614965),,,bicycle_parking,,,,,,,,,,,,,,,,,,,,,,,,,2026-07-02T22:07:42.232Z,2026-07-02T22:07:42.232Z
1607,node/3587886086,node,POINT(-47.8705466 -15.7644645),,,bicycle_parking,wall_loops,,,,,,,,,,,,,,,,,,,,,,,,2026-07-02T22:07:42.232Z,2026-07-02T22:07:42.232Z
1608,node/3594399974,node,POINT(-47.8779342 -15.7667742),,,bicycle_parking,wall_loops,6,,no,,,,Sebinho,,,,,,,,,,,,,,,,,2026-07-02T22:07:42.232Z,2026-07-02T22:07:42.232Z
1609,node/3594399975,node,POINT(-47.8739683 -15.7753102),,,bicycle_parking,wall_loops,,,,,,,,,,,,,,,,,,,,,,,,2026-07-02T22:07:42.232Z,2026-07-02T22:07:42.232Z
1610,node/3594414148,node,POINT(-47.8937582 -15.7653815),,,bicycle_parking,wall_loops,,customers,,,,,UniCEUB,,,,,,,,,,,,,,,,,2026-07-02T22:07:42.232Z,2026-07-02T22:07:42.232Z
1611,node/3594414149,node,POINT(-47.8943905 -15.7665601),,,bicycle_parking,wall_loops,,customers,,,,,UniCEUB,,,,,,,,,,,,,,,,,2026-07-02T22:07:42.232Z,2026-07-02T22:07:42.232Z
1612,node/3594414150,node,POINT(-47.8934712 -15.766444),,,bicycle_parking,wall_loops,,customers,,,,,UniCEUB,,,,,,,,,,,,,,,,,2026-07-02T22:07:42.232Z,2026-07-02T22:07:42.232Z
1613,node/3603809714,node,POINT(-43.1789536 -22.931316),,,bicycle_parking,stands,5,,no,no,,,,,,,,,,,,,,,,,,,,2026-07-02T22:07:42.232Z,2026-07-02T22:07:42.232Z
1614,node/3603818371,node,POINT(-43.1785352 -22.9309801),,,bicycle_parking,stands,8,,no,no,,,,,,,,,,,,,,,,,,,,2026-07-02T22:07:42.232Z,2026-07-02T22:07:42.232Z
1615,node/3603840292,node,POINT(-43.1780693 -22.930481),,,bicycle_parking,stands,8,,no,no,,,,,,,,,,,,,,,,,,,,2026-07-02T22:07:42.232Z,2026-07-02T22:07:42.232Z
1616,node/3603840829,node,POINT(-43.1780015 -22.9310295),,,bicycle_parking,stands,8,,no,no,,,,,,,,,,,,,,,,,,,,2026-07-02T22:07:42.232Z,2026-07-02T22:07:42.232Z
1617,node/3603840831,node,POINT(-43.1777627 -22.9312814),,,bicycle_parking,stands,6,,no,no,,,,,,,,,,,,,,,,,,,,2026-07-02T22:07:42.232Z,2026-07-02T22:07:42.232Z
1618,node/3603864593,node,POINT(-43.1774811 -22.9301031),,,bicycle_parking,stands,2,,no,no,,,,,,,,,,,,,,,,,,,,2026-07-02T22:07:42.232Z,2026-07-02T22:07:42.232Z
1619,node/3607809765,node,POINT(-47.0792789 -22.8265582),,,bicycle_parking,wall_loops,4,,yes,,,,,,,,,,,,,,,,,,,,,2026-07-02T22:07:42.232Z,2026-07-02T22:07:42.232Z
1620,node/3610641524,node,POINT(-47.0507618 -22.9089338),,,bicycle_parking,wall_loops,,,,,,,,,,,,,,,,,,,,,,,,2026-07-02T22:07:42.232Z,2026-07-02T22:07:42.232Z
1621,node/3610663565,node,POINT(-47.0652808 -22.8218101),,,bicycle_parking,wall_loops,10,,no,,,,,,,,,,,,,,,,,,,,,2026-07-02T22:07:42.232Z,2026-07-02T22:07:42.232Z
1622,node/3617464086,node,POINT(-49.230685 -25.3905402),,,bicycle_parking,,,,,,,,,,,,,,,,,,,,,,,,,2026-07-02T22:07:42.232Z,2026-07-02T22:07:42.232Z
1623,node/3617638404,node,POINT(-49.2615081 -25.4210088),,,bicycle_parking,,,,,,,,,,,,,,,,,,,,,,,,,2026-07-02T22:07:42.232Z,2026-07-02T22:07:42.232Z
1624,node/3626002383,node,POINT(-43.1870511 -22.9752661),,,bicycle_parking,stands,10,,no,no,,,Coisa de Carioca,,,,,,,,,,,,,,,,,2026-07-02T22:07:42.232Z,2026-07-02T22:07:42.232Z
1625,node/3626002384,node,POINT(-43.1871383 -22.9754105),,,bicycle_parking,stands,10,,no,no,,,Coisa de Carioca,,,,,,,,,,,,,,,,,2026-07-02T22:07:42.232Z,2026-07-02T22:07:42.232Z
1626,node/3626002385,node,POINT(-43.1872201 -22.9755537),,,bicycle_parking,stands,10,,no,no,,,Coisa de Carioca,,,,,,,,,,,,,,,,,2026-07-02T22:07:42.232Z,2026-07-02T22:07:42.232Z
1627,node/3626010644,node,POINT(-43.1862733 -22.9741752),Posto Praia Skol 360,,bicycle_parking,stands,14,,no,,,,,,,,,,,,,,,,,,,,,2026-07-02T22:07:42.232Z,2026-07-02T22:07:42.232Z
1628,node/3626010877,node,POINT(-43.184086 -22.9476622),,,bicycle_parking,shed,14,customers,yes,no,,,Botafogo Praia Shopping,,,,,,,,,,,,,,,,,2026-07-02T22:07:42.232Z,2026-07-02T22:07:42.232Z
1629,node/3626025991,node,POINT(-43.1880959 -22.9771258),,,bicycle_parking,stands,10,,no,no,,,Rota 33,,,,,,,,,,,,,,,,,2026-07-02T22:07:42.232Z,2026-07-02T22:07:42.232Z
1630,node/3626025992,node,POINT(-43.1882407 -22.9774172),,,bicycle_parking,stands,22,,no,no,,,,,,,,,,,,,,,,,,,,2026-07-02T22:07:42.232Z,2026-07-02T22:07:42.232Z
1631,node/3626031360,node,POINT(-43.1890031 -22.9794968),,,bicycle_parking,stands,4,,no,no,,,Quiosque Chopp Brahma,,,,,,,,,,,,,,,,,2026-07-02T22:07:42.232Z,2026-07-02T22:07:42.232Z
1632,node/3626109840,node,POINT(-43.1892036 -22.9802617),,,bicycle_parking,stands,2,,no,,,,Quiosque Chopp Brahma,,,,,,,,,,,,,,,,,2026-07-02T22:07:42.232Z,2026-07-02T22:07:42.232Z
1633,node/3626111405,node,POINT(-43.1894812 -22.9829533),,,bicycle_parking,stands,4,,no,no,,,Botequim Carioca,,,,,,,,,,,,,,,,,2026-07-02T22:07:42.232Z,2026-07-02T22:07:42.232Z
1634,node/3626111406,node,POINT(-43.1894571 -22.9831163),,,bicycle_parking,stands,4,,no,no,,,Botequim Carioca,,,,,,,,,,,,,,,,,2026-07-02T22:07:42.232Z,2026-07-02T22:07:42.232Z
1635,node/3626111407,node,POINT(-43.1894303 -22.9832656),,,bicycle_parking,stands,4,,no,no,,,Botequim Carioca,,,,,,,,,,,,,,,,,2026-07-02T22:07:42.232Z,2026-07-02T22:07:42.232Z
1636,node/3626132440,node,POINT(-43.4544327 -22.7537849),,,bicycle_parking,wall_loops,12,,yes,no,,,TopShopping,,,,,,,,,,,,,,,,,2026-07-02T22:07:42.232Z,2026-07-02T22:07:42.232Z
1637,node/3626139270,node,POINT(-43.2094487 -22.9839241),,,bicycle_parking,stands,6,,no,no,,,,,,,,,,,,,,,,,,,,2026-07-02T22:07:42.232Z,2026-07-02T22:07:42.232Z
1638,node/3626164037,node,POINT(-43.2281461 -22.9888189),,,bicycle_parking,stands,2,,no,no,,,,,,,,,,,,,,,,,,,,2026-07-02T22:07:42.232Z,2026-07-02T22:07:42.232Z
1639,node/3626201017,node,POINT(-43.3569613 -22.9624848),,,bicycle_parking,stands,20,,no,no,,,,,,,,,,,,,,,,,,,,2026-07-02T22:07:42.232Z,2026-07-02T22:07:42.232Z
1640,node/3626206651,node,POINT(-43.1900938 -22.9366854),,,bicycle_parking,stands,8,,no,no,,,,,,,,,,,,,,,,,,,,2026-07-02T22:07:42.232Z,2026-07-02T22:07:42.232Z
1641,node/3626213393,node,POINT(-43.1812925 -22.9321225),,,bicycle_parking,stands,8,,no,no,,,,,,,,,,,,,,,,,,,,2026-07-02T22:07:42.232Z,2026-07-02T22:07:42.232Z
1642,node/3626322722,node,POINT(-43.3745792 -22.9234586),,,bicycle_parking,stands,14,,no,no,,,,,,,,,,,,,,,,,,,,2026-07-02T22:07:42.232Z,2026-07-02T22:07:42.232Z
1643,node/3626339799,node,POINT(-43.348845 -23.0005642),,,bicycle_parking,rack,7,,no,no,,,,,,,,,,,,,,,,,,,,2026-07-02T22:07:42.232Z,2026-07-02T22:07:42.232Z
1644,node/3626377076,node,POINT(-43.184435 -22.9331737),,,bicycle_parking,stands,8,,no,no,,,,,,,,,,,,,,,,,,,,2026-07-02T22:07:42.232Z,2026-07-02T22:07:42.232Z
1645,node/3626377077,node,POINT(-43.1890644 -22.9354339),,,bicycle_parking,stands,8,,no,no,,,,,,,,,,,,,,,,,,,,2026-07-02T22:07:42.232Z,2026-07-02T22:07:42.232Z
1646,node/3626377078,node,POINT(-43.1899523 -22.9364393),,,bicycle_parking,stands,6,,no,no,,,,,,,,,,,,,,,,,,,,2026-07-02T22:07:42.232Z,2026-07-02T22:07:42.232Z
1647,node/3626471938,node,POINT(-43.2397121 -22.9319963),,,bicycle_parking,stands,2,,no,no,,,,,,,,,,,,,,,,,,,,2026-07-02T22:07:42.232Z,2026-07-02T22:07:42.232Z
1648,node/3626471939,node,POINT(-43.2396343 -22.9317023),,,bicycle_parking,stands,3,,no,no,,,,,,,,,,,,,,,,,,,,2026-07-02T22:07:42.232Z,2026-07-02T22:07:42.232Z
1649,node/3626471979,node,POINT(-43.2236649 -22.9205275),,,bicycle_parking,stands,10,,no,no,,,,,,,,,,,,,,,,,,,,2026-07-02T22:07:42.232Z,2026-07-02T22:07:42.232Z
1650,node/3626479630,node,POINT(-43.2176702 -22.9178555),,,bicycle_parking,stands,10,,no,no,,,,,,,,,,,,,,,,,,,,2026-07-02T22:07:42.232Z,2026-07-02T22:07:42.232Z
1651,node/3626482657,node,POINT(-43.32437 -22.8475219),,,bicycle_parking,stands,40,,yes,no,,,,,,,,,,,,,,,,,,,,2026-07-02T22:07:42.232Z,2026-07-02T22:07:42.232Z
1652,node/3627326314,node,POINT(-43.1873233 -22.9732869),,,bicycle_parking,rack,10,,yes,no,,,SESC Copacabana,,,,,,,,,,,,,,,,,2026-07-02T22:07:42.232Z,2026-07-02T22:07:42.232Z
1653,node/3627330840,node,POINT(-43.1896078 -22.9357008),,,bicycle_parking,stands,8,,no,no,,,,,,,,,,,,,,,,,,,,2026-07-02T22:07:42.232Z,2026-07-02T22:07:42.232Z
1654,node/3627340534,node,POINT(-43.2098293 -22.9623046),,,bicycle_parking,rack,12,customers,no,no,,,,,,,,,,,,,,,,,,,,2026-07-02T22:07:42.232Z,2026-07-02T22:07:42.232Z
1655,node/3627350786,node,POINT(-43.192045 -22.9080839),,,bicycle_parking,rack,7,permissive,no,no,,,Edifício General Caldwell,,,,,,,,,,,,,,,,,2026-07-02T22:07:42.232Z,2026-07-02T22:07:42.232Z
1656,node/3627538511,node,POINT(-43.1869273 -22.934173),,,bicycle_parking,stands,8,,no,no,,,,,,,,,,,,,,,,,,,,2026-07-02T22:07:42.232Z,2026-07-02T22:07:42.232Z
1657,node/3627617000,node,POINT(-43.3628595 -22.9952059),,,bicycle_parking,rack,5,,no,no,,,Hospital Lourenço Jorge,,,,,,,,,,,,,,,,,2026-07-02T22:07:42.232Z,2026-07-02T22:07:42.232Z
1658,node/3627633044,node,POINT(-43.3166809 -23.0074333),,,bicycle_parking,rack,5,,no,yes,,,,,,,,,,,,,,,,,,,,2026-07-02T22:07:42.232Z,2026-07-02T22:07:42.232Z
1659,node/3627644472,node,POINT(-43.3143635 -23.0060458),,,bicycle_parking,rack,6,yes,no,no,,,,,,,,,,,,,,,,,,,,2026-07-02T22:07:42.232Z,2026-07-02T22:07:42.232Z
1660,node/3627645285,node,POINT(-43.3124242 -23.0061544),,,bicycle_parking,rack,8,,no,no,,,,,,,,,,,,,,,,,,,,2026-07-02T22:07:42.232Z,2026-07-02T22:07:42.232Z
1661,node/3627656156,node,POINT(-43.3839088 -22.9845663),,,bicycle_parking,rack,20,customers,no,,,,Country Clube Quintas do Rio,,,,,,,,,,,,,,,,,2026-07-02T22:07:42.232Z,2026-07-02T22:07:42.232Z
1662,node/3627662054,node,POINT(-43.3922416 -22.9953238),,,bicycle_parking,stands,30,customers,no,no,,,Escola Britânica,,,,,,,,,,,,,,,,,2026-07-02T22:07:42.232Z,2026-07-02T22:07:42.232Z
1663,node/3634570436,node,POINT(-47.8855968 -15.8040658),,,bicycle_parking,wall_loops,10,,no,,,,,,,,,,,,,,,,,,,,,2026-07-02T22:07:42.232Z,2026-07-02T22:07:42.232Z
1664,node/3653387385,node,POINT(-47.8855854 -15.8093802),,,bicycle_parking,wall_loops,5,,no,,,,,,,,,,,,,,,,,,,,,2026-07-02T22:07:42.232Z,2026-07-02T22:07:42.232Z
1665,node/3676821493,node,POINT(-43.2323199 -22.915725),,,bicycle_parking,rack,10,,no,no,,,Senai,,,,,,,,,,,,,,,,,2026-07-02T22:07:42.232Z,2026-07-02T22:07:42.232Z
1666,node/3676842661,node,POINT(-43.2335833 -22.9177903),,,bicycle_parking,rack,7,,no,,,,Academia Physical,,,,,,,,,,,,,,,,,2026-07-02T22:07:42.232Z,2026-07-02T22:07:42.232Z
1667,node/3676843179,node,POINT(-43.1767335 -22.9313025),,,bicycle_parking,stands,8,,no,no,,,,,,,,,,,,,,,,,,,,2026-07-02T22:07:42.232Z,2026-07-02T22:07:42.232Z
1668,node/3676845691,node,POINT(-43.1766825 -22.9256431),,,bicycle_parking,stands,6,,no,no,,,,,,,,,,,,,,,,,,,,2026-07-02T22:07:42.232Z,2026-07-02T22:07:42.232Z
1669,node/3676861622,node,POINT(-43.1768944 -22.9207023),,,bicycle_parking,stands,8,,no,no,,,,,,,,,,,,,,,,,,,,2026-07-02T22:07:42.232Z,2026-07-02T22:07:42.232Z
1670,node/3676861623,node,POINT(-43.1769105 -22.9204503),,,bicycle_parking,stands,8,,no,no,,,,,,,,,,,,,,,,,,,,2026-07-02T22:07:42.232Z,2026-07-02T22:07:42.232Z
1671,node/3676865961,node,POINT(-43.1831949 -22.9327723),,,bicycle_parking,rack,5,,no,no,,,Refúgio Hostel & Bistrô,,,,,,,,,,,,,,,,,2026-07-02T22:07:42.232Z,2026-07-02T22:07:42.232Z
1672,node/3676874031,node,POINT(-43.1781482 -22.9070035),,,bicycle_parking,stands,6,,no,no,,,,,,,,,,,,,,,,,,,,2026-07-02T22:07:42.232Z,2026-07-02T22:07:42.232Z
1673,node/3676874032,node,POINT(-43.1779497 -22.9074606),,,bicycle_parking,stands,6,,no,no,,,,,,,,,,,,,,,,,,,,2026-07-02T22:07:42.232Z,2026-07-02T22:07:42.232Z
1674,node/3676889557,node,POINT(-43.1918756 -22.938363),,,bicycle_parking,stands,4,,no,no,,,,,,,,,,,,,,,,,,,,2026-07-02T22:07:42.232Z,2026-07-02T22:07:42.232Z
1675,node/3676889559,node,POINT(-43.1921813 -22.9385557),,,bicycle_parking,stands,8,,no,no,,,,,,,,,,,,,,,,,,,,2026-07-02T22:07:42.232Z,2026-07-02T22:07:42.232Z
1676,node/3676891220,node,POINT(-43.1983021 -22.9406108),,,bicycle_parking,stands,8,,no,no,,,,,,,,,,,,,,,,,,,,2026-07-02T22:07:42.232Z,2026-07-02T22:07:42.232Z
1677,node/3676891221,node,POINT(-43.1993697 -22.9401143),,,bicycle_parking,stands,5,,no,no,,,,,,,,,,,,,,,,,,,,2026-07-02T22:07:42.232Z,2026-07-02T22:07:42.232Z
1678,node/3676891222,node,POINT(-43.1996298 -22.9400106),,,bicycle_parking,stands,6,,no,no,,,,,,,,,,,,,,,,,,,,2026-07-02T22:07:42.232Z,2026-07-02T22:07:42.232Z
1679,node/3676905055,node,POINT(-43.3558813 -22.9887056),,,bicycle_parking,stands,10,,no,no,,,,,,,,,,,,,,,,,,,,2026-07-02T22:07:42.232Z,2026-07-02T22:07:42.232Z
1680,node/3676905056,node,POINT(-43.3544114 -22.9889451),,,bicycle_parking,stands,10,,no,no,,,,,,,,,,,,,,,,,,,,2026-07-02T22:07:42.232Z,2026-07-02T22:07:42.232Z
1681,node/3678126582,node,POINT(-53.7167338 -29.7018294),,,bicycle_parking,,3,yes,no,,,,,,,,,,,,,,,,,survey,,,,2026-07-02T22:07:42.232Z,2026-07-02T22:07:42.232Z
1682,node/3684845720,node,POINT(-47.0753659 -22.904759),Bicicletário do SESC,,bicycle_parking,,8,permissive,no,,,,,,,,,,,,,,,,,,,,,2026-07-02T22:07:42.232Z,2026-07-02T22:07:42.232Z
1683,node/3685461892,node,POINT(-47.8829988 -15.7870775),,,bicycle_parking,wall_loops,10,,no,,,,,,,,,,,,,,,,,,,,,2026-07-02T22:07:42.232Z,2026-07-02T22:07:42.232Z
1684,node/3709920610,node,POINT(-43.1773221 -22.9340334),,,bicycle_parking,stands,6,,no,no,,,,,,,,,,,,,,,,,,,,2026-07-02T22:07:42.232Z,2026-07-02T22:07:42.232Z
1685,node/3709920612,node,POINT(-43.1772431 -22.9351596),,,bicycle_parking,stands,4,,no,no,,,,,,,,,,,,,,,,,,,,2026-07-02T22:07:42.232Z,2026-07-02T22:07:42.232Z
1686,node/3709920614,node,POINT(-43.1771905 -22.9360434),,,bicycle_parking,stands,6,,no,no,,,,,,,,,,,,,,,,,,,,2026-07-02T22:07:42.232Z,2026-07-02T22:07:42.232Z
1687,node/3716152860,node,POINT(-48.545934 -27.58973),,,bicycle_parking,stands,4,yes,no,no,no,,,,,,sett,,,,,,,,,,,,,2026-07-02T22:07:42.232Z,2026-07-02T22:07:42.232Z
1688,node/3717065214,node,POINT(-38.5735138 -3.7459898),Bicicletário da Geografia,,bicycle_parking,wall_loops,,,yes,,,,,,,,,,,,,,,,,,,,,2026-07-02T22:07:42.232Z,2026-07-02T22:07:42.232Z
1689,node/3717693353,node,POINT(-34.913702 -8.0923353),,,bicycle_parking,stands,10,,no,no,,,,,,,,,,,,,,,,,,,,2026-07-02T22:07:42.232Z,2026-07-02T22:07:42.232Z
1690,node/3718586691,node,POINT(-34.916976 -8.0955433),,,bicycle_parking,stands,,,,,,,Club Fitness,,,,,,,,,,,,,,,,,2026-07-02T22:07:42.232Z,2026-07-02T22:07:42.232Z
1691,node/3718670770,node,POINT(-34.9147823 -8.1342568),,,bicycle_parking,,,,yes,,,,,,,,,,,,,,,,,,,,,2026-07-02T22:07:42.232Z,2026-07-02T22:07:42.232Z
1692,node/3720515981,node,POINT(-34.870791 -8.0627541),,,bicycle_parking,wall_loops,7,,no,,,,,,,,,,,,,,,,,,,,,2026-07-02T22:07:42.232Z,2026-07-02T22:07:42.232Z
1693,node/3720546957,node,POINT(-34.8742595 -8.0650003),,,bicycle_parking,stands,10,,no,,,,,,,,,,,,,,,,,,,,,2026-07-02T22:07:42.232Z,2026-07-02T22:07:42.232Z
1694,node/3720546958,node,POINT(-34.8744554 -8.0641911),,,bicycle_parking,stands,10,,no,,,,,,,,,,,,,,,,,,,,,2026-07-02T22:07:42.232Z,2026-07-02T22:07:42.232Z
1695,node/3722249885,node,POINT(-48.1300008 -21.7735192),,,bicycle_parking,wall_loops,,customers,,no,,,,,,,,,,,,,,,,,,,,2026-07-02T22:07:42.232Z,2026-07-02T22:07:42.232Z
1696,node/3732309100,node,POINT(-43.3650713 -22.9995558),,,bicycle_parking,stands,20,,yes,no,,,,,,,,,,,,,,,,,,,,2026-07-02T22:07:42.232Z,2026-07-02T22:07:42.232Z
1697,node/3732335100,node,POINT(-43.0016729 -22.8192278),,,bicycle_parking,rack,18,,no,no,,,,,,,,,,,,,,,,,,,,2026-07-02T22:07:42.232Z,2026-07-02T22:07:42.232Z
1698,node/3732344779,node,POINT(-43.1772802 -22.930555),,,bicycle_parking,stands,8,,no,no,,,,,,,,,,,,,,,,,,,,2026-07-02T22:07:42.232Z,2026-07-02T22:07:42.232Z
1699,node/3732361784,node,POINT(-44.5403075 -23.0124276),,,bicycle_parking,rack,29,,no,no,,,,,,,,,,,,,,,,,,,,2026-07-02T22:07:42.232Z,2026-07-02T22:07:42.232Z
1700,node/3732364023,node,POINT(-44.2987771 -22.9694288),,,bicycle_parking,rack,5,,yes,no,,,,,,,,,,,,,,,,,,,,2026-07-02T22:07:42.232Z,2026-07-02T22:07:42.232Z
1701,node/3733443680,node,POINT(-49.087284 -26.9142723),,,bicycle_parking,,,,,,,,,,,,,,,,,,,,,,,,,2026-07-02T22:07:42.245Z,2026-07-02T22:07:42.245Z
1702,node/3738891860,node,POINT(-43.2274511 -22.988424),,,bicycle_parking,rack,5,,no,no,no,,,,,,,,,,,,,,,,,,,2026-07-02T22:07:42.245Z,2026-07-02T22:07:42.245Z
1703,node/3756403712,node,POINT(-46.6368563 -23.5494154),,,bicycle_parking,stands,,,,,,,,,,,,,,,,,,,,,,,,2026-07-02T22:07:42.245Z,2026-07-02T22:07:42.245Z
1704,node/3756623655,node,POINT(-46.6503077 -23.5668157),,,bicycle_parking,,2,,,,,,,,,,,,,,,,,,,,,,,2026-07-02T22:07:42.245Z,2026-07-02T22:07:42.245Z
1705,node/3756623657,node,POINT(-46.647531 -23.568909),,,bicycle_parking,,,,,,,,,,,,,,,,,,,,,,,,,2026-07-02T22:07:42.245Z,2026-07-02T22:07:42.245Z
1706,node/3756623658,node,POINT(-46.646692 -23.5695838),,,bicycle_parking,stands,4,,no,,,,,,,,,,,,,,,,,,,,,2026-07-02T22:07:42.245Z,2026-07-02T22:07:42.245Z
1707,node/3756710171,node,POINT(-46.6523427 -23.5650626),,,bicycle_parking,stands,2,,no,,,,,,,,,,,,,,,,,,,,,2026-07-02T22:07:42.245Z,2026-07-02T22:07:42.245Z
1708,node/3756710172,node,POINT(-46.6492232 -23.5676065),,,bicycle_parking,,2,,,,,,,,,,,,,,,,,,,,,,,2026-07-02T22:07:42.245Z,2026-07-02T22:07:42.245Z
1709,node/3756710173,node,POINT(-46.6486955 -23.5680783),,,bicycle_parking,stands,3,yes,no,no,,,,,,,,,,,,,,,,,,,,2026-07-02T22:07:42.245Z,2026-07-02T22:07:42.245Z
1710,node/3756710175,node,POINT(-46.6462622 -23.5699117),,,bicycle_parking,,,,,,,,,,,,,,,,,,,,,,,,,2026-07-02T22:07:42.245Z,2026-07-02T22:07:42.245Z
1711,node/3756710176,node,POINT(-46.6456552 -23.5699773),,,bicycle_parking,,,,,,,,,,,,,,,,,,,,,,,,,2026-07-02T22:07:42.245Z,2026-07-02T22:07:42.245Z
1712,node/3756710177,node,POINT(-46.6440949 -23.5709299),,,bicycle_parking,,,,,,,,,,,,,,,,,,,,,,,,,2026-07-02T22:07:42.245Z,2026-07-02T22:07:42.245Z
1713,node/3756710267,node,POINT(-46.6498212 -23.567188),,,bicycle_parking,,2,,,,,,,,,,,,,,,,,,,,,,,2026-07-02T22:07:42.245Z,2026-07-02T22:07:42.245Z
1714,node/3756710268,node,POINT(-46.6492931 -23.5672452),,,bicycle_parking,,2,,,,,,,,,,,,,,,,,,,,,,,2026-07-02T22:07:42.245Z,2026-07-02T22:07:42.245Z
1715,node/3756710269,node,POINT(-46.6479207 -23.5682583),,,bicycle_parking,,,,,,,,,,,,,,,,,,,,,,,,,2026-07-02T22:07:42.245Z,2026-07-02T22:07:42.245Z
1716,node/3756710270,node,POINT(-46.6465067 -23.5693117),,,bicycle_parking,,,,,,,,,,,,,,,,,,,,,,,,,2026-07-02T22:07:42.245Z,2026-07-02T22:07:42.245Z
1717,node/3756710271,node,POINT(-46.6458865 -23.5702179),,,bicycle_parking,,,,no,,,,,,,,,,,,,,,,,,,,,2026-07-02T22:07:42.245Z,2026-07-02T22:07:42.245Z
1718,node/3756710272,node,POINT(-46.6447634 -23.5706972),,,bicycle_parking,stands,4,,no,,,,,,,,,,,,,,,,,,,,,2026-07-02T22:07:42.245Z,2026-07-02T22:07:42.245Z
1719,node/3757483592,node,POINT(-46.6402207 -23.5699695),,,bicycle_parking,stands,,,,,,,,,,,,,,,,,,,,,,,,2026-07-02T22:07:42.245Z,2026-07-02T22:07:42.245Z
1720,node/3757483593,node,POINT(-46.6402247 -23.5698028),,,bicycle_parking,stands,,,,,,,,,,,,,,,,,,,,,,,,2026-07-02T22:07:42.245Z,2026-07-02T22:07:42.245Z
1721,node/3757483594,node,POINT(-46.6399451 -23.5707822),,,bicycle_parking,stands,,,,,,,,,,,,,,,,,,,,,,,,2026-07-02T22:07:42.245Z,2026-07-02T22:07:42.245Z
1722,node/3757483595,node,POINT(-46.6406038 -23.5772857),,,bicycle_parking,stands,,,,,,,,,,,,,,,,,,,,,,,,2026-07-02T22:07:42.245Z,2026-07-02T22:07:42.245Z
1723,node/3757483596,node,POINT(-46.641037 -23.5776409),,,bicycle_parking,stands,,,,,,,,,,,,,,,,,,,,,,,,2026-07-02T22:07:42.245Z,2026-07-02T22:07:42.245Z
1724,node/3757650400,node,POINT(-46.6397094 -23.571823),,,bicycle_parking,stands,,,,,,,,,,,,,,,,,,,,,,,,2026-07-02T22:07:42.245Z,2026-07-02T22:07:42.245Z
1725,node/3759018561,node,POINT(-46.6410256 -23.5755069),,,bicycle_parking,,,,,,,,,,,,,,,,,,,,,,,,,2026-07-02T22:07:42.245Z,2026-07-02T22:07:42.245Z
1726,node/3759018562,node,POINT(-46.6402968 -23.5740956),,,bicycle_parking,,,,,,,,,,,,,,,,,,,,,,,,,2026-07-02T22:07:42.245Z,2026-07-02T22:07:42.245Z
1727,node/3759018566,node,POINT(-46.6583341 -23.5599344),,,bicycle_parking,,,,,,,,,,,,,,,,,,,,,,,,,2026-07-02T22:07:42.245Z,2026-07-02T22:07:42.245Z
1728,node/3765422583,node,POINT(-49.233261 -25.452797),,,bicycle_parking,stands,16,,no,,,,,,,,,,,,,,,,,,,,,2026-07-02T22:07:42.245Z,2026-07-02T22:07:42.245Z
1729,node/3768730375,node,POINT(-47.8834313 -15.7830895),,,bicycle_parking,stands,14,,,,,,,,,,,,,,,,,,,,,,,2026-07-02T22:07:42.245Z,2026-07-02T22:07:42.245Z
1730,node/3772348324,node,POINT(-34.930183 -8.0654948),,,bicycle_parking,stands,20,,,,,,,,,,,,,,,,,,,,,,,2026-07-02T22:07:42.245Z,2026-07-02T22:07:42.245Z
1731,node/3772348325,node,POINT(-34.9310761 -8.0657909),Academia Chesf,,bicycle_parking,,10,,,,,,,,,,,,,,,,,,,,,,,2026-07-02T22:07:42.245Z,2026-07-02T22:07:42.245Z
1732,node/3772678365,node,POINT(-53.7188683 -29.7013516),,Para clientes em compras no Rede Super,bicycle_parking,,5,,,,,,,,,,,,,,,,,,,,,,,2026-07-02T22:07:42.245Z,2026-07-02T22:07:42.245Z
1733,node/3782844523,node,POINT(-43.4584652 -22.9859463),,,bicycle_parking,rack,11,,no,no,,,,,,,,,,,,,,,,,,,,2026-07-02T22:07:42.245Z,2026-07-02T22:07:42.245Z
1734,node/3784459013,node,POINT(-47.8703606 -15.7651474),,,bicycle_parking,stands,10,,no,,,,Banco do Brasil,,,,,,,,,,,,,,,,,2026-07-02T22:07:42.245Z,2026-07-02T22:07:42.245Z
1735,node/3798565894,node,POINT(-41.9130509 -22.4883959),Paraciclo Centro de Cidadania,,bicycle_parking,,,,no,,,,,,,,,,,,,,,,,,,,,2026-07-02T22:07:42.245Z,2026-07-02T22:07:42.245Z
1736,node/3799986157,node,POINT(-47.8702478 -15.7655212),,,bicycle_parking,stands,8,,no,,,,,,,,,,,,,,,,,,,,,2026-07-02T22:07:42.245Z,2026-07-02T22:07:42.245Z
1737,node/3803032520,node,POINT(-37.6679823 -10.9158503),Turma da Bike,,bicycle_parking,stands,10,yes,no,,,,,,,,,,,,,,,,,,,,,2026-07-02T22:07:42.245Z,2026-07-02T22:07:42.245Z
1738,node/3809963426,node,POINT(-34.8704502 -8.0612281),Cais do Sertão,,bicycle_parking,wall_loops,,permissive,no,,,,,,,,,,,,,,,,,,,,,2026-07-02T22:07:42.245Z,2026-07-02T22:07:42.245Z
1739,node/3816955889,node,POINT(-47.8799097 -15.7706487),,,bicycle_parking,wall_loops,,,,,,,,,,,,,,,,,,,,,,,,2026-07-02T22:07:42.245Z,2026-07-02T22:07:42.245Z
1740,node/3816955891,node,POINT(-47.8708618 -15.7570648),,,bicycle_parking,stands,14,,no,,,,,,,,,,,,,,,,,,,,,2026-07-02T22:07:42.245Z,2026-07-02T22:07:42.245Z
1741,node/3826768957,node,POINT(-47.8935527 -15.7571257),,,bicycle_parking,stands,4,,yes,,,,Laboratório Sabin,,,,,,,,,,,,,,,,,2026-07-02T22:07:42.245Z,2026-07-02T22:07:42.245Z
1742,node/3828870564,node,POINT(-46.549313 -23.6931568),,,bicycle_parking,,,,yes,,,,,,,,,,,,,,,,,,,,,2026-07-02T22:07:42.245Z,2026-07-02T22:07:42.245Z
1743,node/3837420191,node,POINT(-37.2774537 -7.026688),,,bicycle_parking,,,,no,,,,,,,,,,,,,,,,,,,,,2026-07-02T22:07:42.245Z,2026-07-02T22:07:42.245Z
1744,node/3837420192,node,POINT(-37.2768267 -7.0263602),,,bicycle_parking,,,,no,,,,,,,,,,,,,,,,,,,,,2026-07-02T22:07:42.245Z,2026-07-02T22:07:42.245Z
1745,node/3838718798,node,POINT(-47.8657855 -15.7679322),,,bicycle_parking,stands,14,,no,,,,,,,,,,,,,,,,,,,,,2026-07-02T22:07:42.245Z,2026-07-02T22:07:42.245Z
1746,node/3841243530,node,POINT(-47.8713189 -15.7631323),,,bicycle_parking,stands,14,,no,,,,,,,,,,,,,,,,,,,,,2026-07-02T22:07:42.245Z,2026-07-02T22:07:42.245Z
1747,node/3845294668,node,POINT(-48.1942902 -21.7840744),,,bicycle_parking,wall_loops,,customers,,no,,,,,,,,,,,,,,,,,,,,2026-07-02T22:07:42.245Z,2026-07-02T22:07:42.245Z
1748,node/3853310366,node,POINT(-34.9131265 -8.0322838),Bicicletário do Edf. Parnamirim,,bicycle_parking,stands,8,permissive,no,,,,,,,,,,,,,,,,,,,,,2026-07-02T22:07:42.245Z,2026-07-02T22:07:42.245Z
1749,node/3869788783,node,POINT(-34.8802284 -8.0583607),Bicicletário Alepe,,bicycle_parking,wall_loops,8,yes,,,yes,,,,,,,,,,,,,,,,,,,2026-07-02T22:07:42.245Z,2026-07-02T22:07:42.245Z
1750,node/3869788784,node,POINT(-34.880563 -8.0596271),Bicicletário Fundarpe,,bicycle_parking,wall_loops,10,permissive,,,yes,,,,,,,,,,,,,,,,,,,2026-07-02T22:07:42.245Z,2026-07-02T22:07:42.245Z
1751,node/3869788785,node,POINT(-34.8819687 -8.0579171),Bicicletário Parque 13 de Maio,,bicycle_parking,stands,10,yes,,,,,,,,,,,,,,,,,,,,,,2026-07-02T22:07:42.245Z,2026-07-02T22:07:42.245Z
1809,node/3890930996,node,POINT(-43.1720908 -22.931032),,,bicycle_parking,stands,6,,no,no,,,,,,,,,,,,,,,,,,,,2026-07-02T22:07:42.256Z,2026-07-02T22:07:42.256Z
1752,node/3869788786,node,POINT(-34.8725299 -8.0547014),Bicicletário Prefeitura,,bicycle_parking,stands,20,yes,,,yes,yes,,,,,gravel,,,,,,,,,,,,,2026-07-02T22:07:42.245Z,2026-07-02T22:07:42.245Z
1753,node/3869788787,node,POINT(-34.8722868 -8.0559436),Bicicletário TRT,,bicycle_parking,stands,14,permissive,no,,yes,,,,,,,,,,,,,,,,,,,2026-07-02T22:07:42.245Z,2026-07-02T22:07:42.245Z
1754,node/3871132827,node,POINT(-47.8889123 -15.7527822),,,bicycle_parking,wall_loops,,,no,,,,,,,,,,,,,,,,,,,,,2026-07-02T22:07:42.245Z,2026-07-02T22:07:42.245Z
1755,node/3874035861,node,POINT(-43.2449982 -22.9000491),Rio Bike Shop,,bicycle_parking,rack,,,yes,,,,,,,,,Rio de Janeiro,Rua Ana Neri,952,São Francisco Xavier,20960-005,,,,,,,,2026-07-02T22:07:42.245Z,2026-07-02T22:07:42.245Z
1756,node/3874074212,node,POINT(-43.1729334 -22.9276956),,,bicycle_parking,stands,10,,no,no,,,,,,,,,,,,,,,,,,,,2026-07-02T22:07:42.245Z,2026-07-02T22:07:42.245Z
1757,node/3874074213,node,POINT(-43.1730031 -22.9280488),,,bicycle_parking,stands,10,,no,no,,,,,,,,,,,,,,,,,,,,2026-07-02T22:07:42.245Z,2026-07-02T22:07:42.245Z
1758,node/3874074214,node,POINT(-43.1731104 -22.9285454),,,bicycle_parking,stands,6,,no,no,,,,,,,,,,,,,,,,,,,,2026-07-02T22:07:42.245Z,2026-07-02T22:07:42.245Z
1759,node/3874074215,node,POINT(-43.1732124 -22.9289456),,,bicycle_parking,stands,6,,no,no,,,,,,,,,,,,,,,,,,,,2026-07-02T22:07:42.245Z,2026-07-02T22:07:42.245Z
1760,node/3874074220,node,POINT(-43.173384 -22.9295063),,,bicycle_parking,stands,10,,no,no,,,,,,,,,,,,,,,,,,,,2026-07-02T22:07:42.245Z,2026-07-02T22:07:42.245Z
1761,node/3874095763,node,POINT(-43.2070604 -22.9605364),,,bicycle_parking,stands,10,,no,no,,,,,,,,,,,,,,,,,,,,2026-07-02T22:07:42.245Z,2026-07-02T22:07:42.245Z
1762,node/3874100410,node,POINT(-43.2048023 -22.9604306),,,bicycle_parking,stands,4,,no,no,,,,,,,,,,,,,,,,,,,,2026-07-02T22:07:42.245Z,2026-07-02T22:07:42.245Z
1763,node/3874106730,node,POINT(-43.2074199 -22.9605784),,,bicycle_parking,stands,8,,no,no,,,,,,,,,,,,,,,,,,,,2026-07-02T22:07:42.245Z,2026-07-02T22:07:42.245Z
1764,node/3874112675,node,POINT(-43.2081011 -22.9606821),,,bicycle_parking,stands,12,,no,no,,,,,,,,,,,,,,,,,,,,2026-07-02T22:07:42.245Z,2026-07-02T22:07:42.245Z
1765,node/3874112676,node,POINT(-43.2080475 -22.9604549),,,bicycle_parking,stands,6,,no,no,,,,,,,,,,,,,,,,,,,,2026-07-02T22:07:42.245Z,2026-07-02T22:07:42.245Z
1766,node/3874112677,node,POINT(-43.2088348 -22.960359),,,bicycle_parking,stands,6,,no,no,,,,,,,,,,,,,,,,,,,,2026-07-02T22:07:42.245Z,2026-07-02T22:07:42.245Z
1767,node/3874112678,node,POINT(-43.2074601 -22.9600178),,,bicycle_parking,stands,14,,no,no,,,,,,,,,,,,,,,,,,,,2026-07-02T22:07:42.245Z,2026-07-02T22:07:42.245Z
1768,node/3874119671,node,POINT(-43.2553185 -22.9986694),,,bicycle_parking,stands,40,,no,no,,,,,,,,,,,,,,,,,,,,2026-07-02T22:07:42.245Z,2026-07-02T22:07:42.245Z
1769,node/3874132420,node,POINT(-43.1866209 -22.9691025),,,bicycle_parking,stands,4,,no,no,,,,,,,,,,,,,,,,,,,,2026-07-02T22:07:42.245Z,2026-07-02T22:07:42.245Z
1770,node/3874135687,node,POINT(-43.1850062 -22.9680455),,,bicycle_parking,stands,8,,no,no,,,,,,,,,,,,,,,,,,,,2026-07-02T22:07:42.245Z,2026-07-02T22:07:42.245Z
1771,node/3874138858,node,POINT(-43.1909634 -22.9730537),,,bicycle_parking,stands,4,,no,no,,,,,,,,,,,,,,,,,,,,2026-07-02T22:07:42.245Z,2026-07-02T22:07:42.245Z
1772,node/3874138859,node,POINT(-43.1925083 -22.9756442),,,bicycle_parking,stands,4,,no,no,,,,,,,,,,,,,,,,,,,,2026-07-02T22:07:42.245Z,2026-07-02T22:07:42.245Z
1773,node/3874142799,node,POINT(-43.0877848 -22.8814079),,,bicycle_parking,rack,6,,no,no,,,,,,,,,,,,,,,,,,,,2026-07-02T22:07:42.245Z,2026-07-02T22:07:42.245Z
1774,node/3874152762,node,POINT(-43.0281778 -22.9547509),,,bicycle_parking,rack,8,,no,no,,,,,,,,,,,,,,,,,,,,2026-07-02T22:07:42.245Z,2026-07-02T22:07:42.245Z
1775,node/3887695870,node,POINT(-38.5328453 -13.0036946),,,bicycle_parking,stands,10,,,,,,,,,,,,,,,,,,,,,,,2026-07-02T22:07:42.245Z,2026-07-02T22:07:42.245Z
1776,node/3890396036,node,POINT(-43.1736333 -22.9183529),,,bicycle_parking,stands,10,,no,no,,,,,,,,,,,,,,,,,,,,2026-07-02T22:07:42.245Z,2026-07-02T22:07:42.245Z
1777,node/3890396038,node,POINT(-43.1728251 -22.9183666),,,bicycle_parking,stands,10,,no,,,,,,,,,,,,,,,,,,,,,2026-07-02T22:07:42.245Z,2026-07-02T22:07:42.245Z
1778,node/3890413205,node,POINT(-43.1706748 -22.9245882),,,bicycle_parking,stands,6,,no,no,,,,,,,,,,,,,,,,,,,,2026-07-02T22:07:42.245Z,2026-07-02T22:07:42.245Z
1779,node/3890413206,node,POINT(-43.1706748 -22.9248698),,,bicycle_parking,stands,6,,no,no,,,,,,,,,,,,,,,,,,,,2026-07-02T22:07:42.245Z,2026-07-02T22:07:42.245Z
1780,node/3890413207,node,POINT(-43.1697495 -22.9247315),,,bicycle_parking,stands,10,,no,no,,,,,,,,,,,,,,,,,,,,2026-07-02T22:07:42.245Z,2026-07-02T22:07:42.245Z
1781,node/3890413210,node,POINT(-43.1702092 -22.9258337),,,bicycle_parking,stands,10,,no,,,,,,,,,,,,,,,,,,,,,2026-07-02T22:07:42.245Z,2026-07-02T22:07:42.245Z
1782,node/3890413211,node,POINT(-43.1711402 -22.9261853),,,bicycle_parking,stands,10,,no,no,,,,,,,,,,,,,,,,,,,,2026-07-02T22:07:42.245Z,2026-07-02T22:07:42.245Z
1783,node/3890413212,node,POINT(-43.1709197 -22.9262464),,,bicycle_parking,stands,10,,no,no,,,,,,,,,,,,,,,,,,,,2026-07-02T22:07:42.245Z,2026-07-02T22:07:42.245Z
1784,node/3890417387,node,POINT(-43.1687088 -22.9220882),,,bicycle_parking,stands,10,,no,no,,,,,,,,,,,,,,,,,,,,2026-07-02T22:07:42.245Z,2026-07-02T22:07:42.245Z
1785,node/3890417388,node,POINT(-43.1684647 -22.9217967),,,bicycle_parking,stands,10,,no,no,,,,,,,,,,,,,,,,,,,,2026-07-02T22:07:42.245Z,2026-07-02T22:07:42.245Z
1786,node/3890417391,node,POINT(-43.1690413 -22.9230467),,,bicycle_parking,stands,10,,no,no,,,,,,,,,,,,,,,,,,,,2026-07-02T22:07:42.245Z,2026-07-02T22:07:42.245Z
1787,node/3890417394,node,POINT(-43.169371 -22.9239087),,,bicycle_parking,stands,10,,no,no,,,,,,,,,,,,,,,,,,,,2026-07-02T22:07:42.245Z,2026-07-02T22:07:42.245Z
1788,node/3890818316,node,POINT(-43.170538 -22.9266596),,,bicycle_parking,stands,10,,yes,yes,,,,,,,,,,,,,,,,,,,,2026-07-02T22:07:42.245Z,2026-07-02T22:07:42.245Z
1789,node/3890818318,node,POINT(-43.1714602 -22.9273095),,,bicycle_parking,stands,10,,no,no,,,,,,,,,,,,,,,,,,,,2026-07-02T22:07:42.245Z,2026-07-02T22:07:42.245Z
1790,node/3890818319,node,POINT(-43.1715738 -22.9272314),,,bicycle_parking,stands,10,,no,no,,,,,,,,,,,,,,,,,,,,2026-07-02T22:07:42.245Z,2026-07-02T22:07:42.245Z
1791,node/3890818320,node,POINT(-43.1715948 -22.9275872),,,bicycle_parking,stands,10,,no,no,,,,,,,,,,,,,,,,,,,,2026-07-02T22:07:42.245Z,2026-07-02T22:07:42.245Z
1792,node/3890818321,node,POINT(-43.1714859 -22.9276565),,,bicycle_parking,stands,§0,,no,no,,,,,,,,,,,,,,,,,,,,2026-07-02T22:07:42.245Z,2026-07-02T22:07:42.245Z
1793,node/3890818325,node,POINT(-43.17134 -22.9276737),,,bicycle_parking,stands,10,,no,no,,,,,,,,,,,,,,,,,,,,2026-07-02T22:07:42.245Z,2026-07-02T22:07:42.245Z
1794,node/3890818326,node,POINT(-43.1716183 -22.9279534),,,bicycle_parking,stands,10,,no,no,,,,,,,,,,,,,,,,,,,,2026-07-02T22:07:42.245Z,2026-07-02T22:07:42.245Z
1795,node/3890818328,node,POINT(-43.171652 -22.9281606),,,bicycle_parking,stands,10,,no,no,,,,,,,,,,,,,,,,,,,,2026-07-02T22:07:42.245Z,2026-07-02T22:07:42.245Z
1796,node/3890818335,node,POINT(-43.1716765 -22.9283294),,,bicycle_parking,stands,10,,no,no,,,,,,,,,,,,,,,,,,,,2026-07-02T22:07:42.245Z,2026-07-02T22:07:42.245Z
1797,node/3890818336,node,POINT(-43.1718999 -22.9284214),,,bicycle_parking,stands,10,,no,no,,,,,,,,,,,,,,,,,,,,2026-07-02T22:07:42.245Z,2026-07-02T22:07:42.245Z
1798,node/3890818337,node,POINT(-43.1717962 -22.9287831),,,bicycle_parking,stands,10,,no,no,,,,,,,,,,,,,,,,,,,,2026-07-02T22:07:42.245Z,2026-07-02T22:07:42.245Z
1799,node/3890818338,node,POINT(-43.1715476 -22.9286666),,,bicycle_parking,stands,10,,,,,,,,,,,,,,,,,,,,,,,2026-07-02T22:07:42.245Z,2026-07-02T22:07:42.245Z
1800,node/3890818339,node,POINT(-43.1714527 -22.9288979),,,bicycle_parking,stands,10,,no,no,,,,,,,,,,,,,,,,,,,,2026-07-02T22:07:42.245Z,2026-07-02T22:07:42.245Z
1801,node/3890818340,node,POINT(-43.1719266 -22.9289427),,,bicycle_parking,stands,10,,no,no,,,,,,,,,,,,,,,,,,,,2026-07-02T22:07:42.256Z,2026-07-02T22:07:42.256Z
1802,node/3890818345,node,POINT(-43.1719907 -22.9292619),,,bicycle_parking,stands,10,,no,no,,,,,,,,,,,,,,,,,,,,2026-07-02T22:07:42.256Z,2026-07-02T22:07:42.256Z
1803,node/3890818346,node,POINT(-43.1717853 -22.9293562),,,bicycle_parking,stands,10,,no,no,,,,,,,,,,,,,,,,,,,,2026-07-02T22:07:42.256Z,2026-07-02T22:07:42.256Z
1804,node/3890818348,node,POINT(-43.1722064 -22.9295783),,,bicycle_parking,stands,10,,no,no,,,,,,,,,,,,,,,,,,,,2026-07-02T22:07:42.256Z,2026-07-02T22:07:42.256Z
1805,node/3890818349,node,POINT(-43.1719677 -22.9296066),,,bicycle_parking,stands,10,,no,no,,,,,,,,,,,,,,,,,,,,2026-07-02T22:07:42.256Z,2026-07-02T22:07:42.256Z
1806,node/3890818350,node,POINT(-43.1722037 -22.9298821),,,bicycle_parking,stands,10,,no,no,,,,,,,,,,,,,,,,,,,,2026-07-02T22:07:42.256Z,2026-07-02T22:07:42.256Z
1807,node/3890818351,node,POINT(-43.1719033 -22.9302304),,,bicycle_parking,stands,12,,no,no,,,,,,,,,,,,,,,,,,,,2026-07-02T22:07:42.256Z,2026-07-02T22:07:42.256Z
1808,node/3890930995,node,POINT(-43.1720562 -22.9301958),,,bicycle_parking,stands,6,,no,no,,,,,,,,,,,,,,,,,,,,2026-07-02T22:07:42.256Z,2026-07-02T22:07:42.256Z
1810,node/3890930997,node,POINT(-43.1721527 -22.9318855),,,bicycle_parking,stands,10,,no,no,,,,,,,,,,,,,,,,,,,,2026-07-02T22:07:42.256Z,2026-07-02T22:07:42.256Z
1811,node/3890930998,node,POINT(-43.1721696 -22.9326877),,,bicycle_parking,stands,10,,no,no,,,,,,,,,,,,,,,,,,,,2026-07-02T22:07:42.256Z,2026-07-02T22:07:42.256Z
1812,node/3890930999,node,POINT(-43.1724445 -22.9328212),,,bicycle_parking,stands,8,,no,no,,,,,,,,,,,,,,,,,,,,2026-07-02T22:07:42.256Z,2026-07-02T22:07:42.256Z
1813,node/3890931000,node,POINT(-43.1728179 -22.9332158),,,bicycle_parking,stands,10,,no,no,,,,,,,,,,,,,,,,,,,,2026-07-02T22:07:42.256Z,2026-07-02T22:07:42.256Z
1814,node/3890931001,node,POINT(-43.1728048 -22.9334613),,,bicycle_parking,stands,10,,no,no,,,,,,,,,,,,,,,,,,,,2026-07-02T22:07:42.256Z,2026-07-02T22:07:42.256Z
1815,node/3890931002,node,POINT(-43.1728304 -22.9337213),,,bicycle_parking,stands,10,,no,no,,,,,,,,,,,,,,,,,,,,2026-07-02T22:07:42.256Z,2026-07-02T22:07:42.256Z
1816,node/3890931003,node,POINT(-43.1729761 -22.9342668),,,bicycle_parking,stands,10,,no,no,,,,,,,,,,,,,,,,,,,,2026-07-02T22:07:42.256Z,2026-07-02T22:07:42.256Z
1817,node/3890931012,node,POINT(-43.1727165 -22.9349484),,,bicycle_parking,stands,10,,no,no,,,,,,,,,,,,,,,,,,,,2026-07-02T22:07:42.256Z,2026-07-02T22:07:42.256Z
1818,node/3890931013,node,POINT(-43.1725953 -22.9346249),,,bicycle_parking,stands,10,,no,no,,,,,,,,,,,,,,,,,,,,2026-07-02T22:07:42.256Z,2026-07-02T22:07:42.256Z
1819,node/3890931014,node,POINT(-43.1718121 -22.9346595),,,bicycle_parking,stands,10,,no,no,,,,,,,,,,,,,,,,,,,,2026-07-02T22:07:42.256Z,2026-07-02T22:07:42.256Z
1820,node/3890931015,node,POINT(-43.1716324 -22.9349683),,,bicycle_parking,stands,6,,no,no,,,,,,,,,,,,,,,,,,,,2026-07-02T22:07:42.256Z,2026-07-02T22:07:42.256Z
1821,node/3890931017,node,POINT(-43.1714366 -22.9352771),,,bicycle_parking,stands,10,,no,no,,,,,,,,,,,,,,,,,,,,2026-07-02T22:07:42.256Z,2026-07-02T22:07:42.256Z
1822,node/3890931018,node,POINT(-43.1711093 -22.9355092),,,bicycle_parking,stands,10,,no,no,,,,,,,,,,,,,,,,,,,,2026-07-02T22:07:42.256Z,2026-07-02T22:07:42.256Z
1823,node/3890931022,node,POINT(-43.1718469 -22.9364306),,,bicycle_parking,stands,10,,no,no,,,,,,,,,,,,,,,,,,,,2026-07-02T22:07:42.256Z,2026-07-02T22:07:42.256Z
1824,node/3890931023,node,POINT(-43.1709296 -22.9361367),,,bicycle_parking,stands,10,,no,no,,,,,,,,,,,,,,,,,,,,2026-07-02T22:07:42.256Z,2026-07-02T22:07:42.256Z
1825,node/3890931024,node,POINT(-43.1712059 -22.9365764),,,bicycle_parking,stands,6,,no,no,,,,,,,,,,,,,,,,,,,,2026-07-02T22:07:42.256Z,2026-07-02T22:07:42.256Z
1826,node/3890931025,node,POINT(-43.1700123 -22.9357736),,,bicycle_parking,stands,10,,no,no,,,,,,,,,,,,,,,,,,,,2026-07-02T22:07:42.256Z,2026-07-02T22:07:42.256Z
1827,node/3890931026,node,POINT(-43.1687525 -22.9381558),,,bicycle_parking,stands,6,,no,no,,,,,,,,,,,,,,,,,,,,2026-07-02T22:07:42.256Z,2026-07-02T22:07:42.256Z
1828,node/3890931027,node,POINT(-43.1691567 -22.9389032),,,bicycle_parking,stands,10,,no,no,,,,,,,,,,,,,,,,,,,,2026-07-02T22:07:42.256Z,2026-07-02T22:07:42.256Z
1829,node/3890931028,node,POINT(-43.1690467 -22.9388983),,,bicycle_parking,rack,7,,no,no,,,,,,,,,,,,,,,,,,,,2026-07-02T22:07:42.256Z,2026-07-02T22:07:42.256Z
1830,node/3890931030,node,POINT(-43.1697641 -22.9390244),,,bicycle_parking,stands,6,,no,no,,,,,,,,,,,,,,,,,,,,2026-07-02T22:07:42.256Z,2026-07-02T22:07:42.256Z
1831,node/3890931031,node,POINT(-43.1697643 -22.9393765),,,bicycle_parking,stands,6,,no,no,,,,,,,,,,,,,,,,,,,,2026-07-02T22:07:42.256Z,2026-07-02T22:07:42.256Z
1832,node/3890931032,node,POINT(-43.1700098 -22.9400819),,,bicycle_parking,stands,10,,no,no,,,,,,,,,,,,,,,,,,,,2026-07-02T22:07:42.256Z,2026-07-02T22:07:42.256Z
1833,node/3890931033,node,POINT(-43.1700693 -22.9403996),,,bicycle_parking,stands,10,,no,no,,,,,,,,,,,,,,,,,,,,2026-07-02T22:07:42.256Z,2026-07-02T22:07:42.256Z
1834,node/3890931034,node,POINT(-43.1704139 -22.9409224),,,bicycle_parking,stands,10,,no,no,,,,,,,,,,,,,,,,,,,,2026-07-02T22:07:42.256Z,2026-07-02T22:07:42.256Z
1835,node/3890986469,node,POINT(-43.1791905 -22.9427736),,,bicycle_parking,stands,6,,no,no,,,,,,,,,,,,,,,,,,,,2026-07-02T22:07:42.256Z,2026-07-02T22:07:42.256Z
1836,node/3890986490,node,POINT(-43.1796445 -22.9430135),,,bicycle_parking,stands,6,,no,no,,,,,,,,,,,,,,,,,,,,2026-07-02T22:07:42.256Z,2026-07-02T22:07:42.256Z
1837,node/3890986491,node,POINT(-43.180203 -22.9435523),,,bicycle_parking,stands,6,,no,no,,,,,,,,,,,,,,,,,,,,2026-07-02T22:07:42.256Z,2026-07-02T22:07:42.256Z
1838,node/3890986498,node,POINT(-43.1806751 -22.9440389),,,bicycle_parking,stands,3,,no,no,,,,,,,,,,,,,,,,,,,,2026-07-02T22:07:42.256Z,2026-07-02T22:07:42.256Z
1839,node/3890986499,node,POINT(-43.1811029 -22.9446959),,,bicycle_parking,stands,6,,no,no,,,,,,,,,,,,,,,,,,,,2026-07-02T22:07:42.256Z,2026-07-02T22:07:42.256Z
1840,node/3890986500,node,POINT(-43.1812625 -22.9450417),,,bicycle_parking,stands,6,,no,no,,,,,,,,,,,,,,,,,,,,2026-07-02T22:07:42.256Z,2026-07-02T22:07:42.256Z
1841,node/3890986505,node,POINT(-43.1815254 -22.9460297),,,bicycle_parking,stands,2,,no,no,,,,,,,,,,,,,,,,,,,,2026-07-02T22:07:42.256Z,2026-07-02T22:07:42.256Z
1842,node/3890986506,node,POINT(-43.1815388 -22.946231),,,bicycle_parking,stands,6,,no,no,,,,,,,,,,,,,,,,,,,,2026-07-02T22:07:42.256Z,2026-07-02T22:07:42.256Z
1843,node/3890986513,node,POINT(-43.1808776 -22.9480995),,,bicycle_parking,stands,10,,no,no,,,,,,,,,,,,,,,,,,,,2026-07-02T22:07:42.256Z,2026-07-02T22:07:42.256Z
1844,node/3890986514,node,POINT(-43.1807153 -22.9484206),,,bicycle_parking,stands,6,,no,no,,,,,,,,,,,,,,,,,,,,2026-07-02T22:07:42.256Z,2026-07-02T22:07:42.256Z
1845,node/3901355012,node,POINT(-38.4703368 -12.9409522),,,bicycle_parking,stands,72,,yes,,,,,,,,,,,,,,,,,,,,,2026-07-02T22:07:42.256Z,2026-07-02T22:07:42.256Z
1846,node/3930720267,node,POINT(-43.2178944 -22.9810582),,,bicycle_parking,rack,10,private,yes,no,,,,,,,,,,,,,,,,,,,,2026-07-02T22:07:42.256Z,2026-07-02T22:07:42.256Z
1847,node/3942297109,node,POINT(-47.8830659 -15.7976335),,,bicycle_parking,stands,10,,no,,,,,,,,,,,,,,,,,,,,,2026-07-02T22:07:42.256Z,2026-07-02T22:07:42.256Z
1848,node/3942297110,node,POINT(-47.8832262 -15.7997129),,,bicycle_parking,stands,20,,no,,,,,,,,,,,,,,,,,,,,,2026-07-02T22:07:42.256Z,2026-07-02T22:07:42.256Z
1849,node/3952828261,node,POINT(-43.202825 -22.9612767),,,bicycle_parking,stands,6,,no,no,,,,,,,,,,,,,,,,,,,,2026-07-02T22:07:42.256Z,2026-07-02T22:07:42.256Z
1850,node/3952837857,node,POINT(-43.1924337 -22.9863484),,,bicycle_parking,rack,12,,no,no,,,,,,,,,,,,,,,,,,,,2026-07-02T22:07:42.256Z,2026-07-02T22:07:42.256Z
1851,node/3952841364,node,POINT(-43.1832443 -22.906704),,,bicycle_parking,stands,6,,no,no,,,,,,,,,,,,,,,,,,,,2026-07-02T22:07:42.256Z,2026-07-02T22:07:42.256Z
1852,node/3952844113,node,POINT(-43.1889788 -22.9550143),,,bicycle_parking,stands,6,,no,no,,,,,,,,,,,,,,,,,,,,2026-07-02T22:07:42.256Z,2026-07-02T22:07:42.256Z
1853,node/3952853208,node,POINT(-43.2047225 -22.9110041),,,bicycle_parking,wall_loops,30,,yes,no,,,Prefeitura do Rio de Janeiro,,,,,,,,,,,,,,,,,2026-07-02T22:07:42.256Z,2026-07-02T22:07:42.256Z
1854,node/3956094541,node,POINT(-43.4349685 -23.019772),,,bicycle_parking,rack,,,no,,,,,,,,,,,,,,,,,,,,,2026-07-02T22:07:42.256Z,2026-07-02T22:07:42.256Z
1855,node/3960113703,node,POINT(-43.4429626 -23.0109117),,,bicycle_parking,,,,,,,,,,,,,,,,,,,,,,,,,2026-07-02T22:07:42.256Z,2026-07-02T22:07:42.256Z
1856,node/3969268702,node,POINT(-43.4916336 -22.9793452),,,bicycle_parking,,30,,no,,,,,,,,,,,,,,,,,,,,,2026-07-02T22:07:42.256Z,2026-07-02T22:07:42.256Z
1857,node/3969268703,node,POINT(-43.4914254 -22.9792747),,,bicycle_parking,,30,,no,,,,,,,,,,,,,,,,,,,,,2026-07-02T22:07:42.256Z,2026-07-02T22:07:42.256Z
1858,node/3969333099,node,POINT(-38.5279238 -3.7279776),Praça do Ferreira,"Paraciclos do tipo ""u"" invertido patrocinados pela CDL. Uso gratuito.",bicycle_parking,stands,10,,no,,,,,,,,,,,,,,,,,,,,,2026-07-02T22:07:42.256Z,2026-07-02T22:07:42.256Z
1859,node/3971325068,node,POINT(-47.8830204 -15.7833102),,,bicycle_parking,,,,,,,,,,,,,,,,,,,,,,,,,2026-07-02T22:07:42.256Z,2026-07-02T22:07:42.256Z
1860,node/3973507958,node,POINT(-47.8881033 -15.7813106),,,bicycle_parking,wall_loops,9,,no,,,,,,,,,,,,,,,,,,,,,2026-07-02T22:07:42.256Z,2026-07-02T22:07:42.256Z
1861,node/3975082980,node,POINT(-48.2572187 -18.917497),,,bicycle_parking,,,,,,,,,,,,,,,,,,,,,,,,,2026-07-02T22:07:42.256Z,2026-07-02T22:07:42.256Z
1862,node/3987084954,node,POINT(-47.8742749 -15.7729948),,,bicycle_parking,,,,no,no,,,,,,,,,,,,,,,,,,,,2026-07-02T22:07:42.256Z,2026-07-02T22:07:42.256Z
1863,node/3989110820,node,POINT(-47.8956064 -15.7485721),,,bicycle_parking,stands,10,,,,,,,,,,,,,,,,,,,,,,,2026-07-02T22:07:42.256Z,2026-07-02T22:07:42.256Z
1864,node/3989110821,node,POINT(-47.8878083 -15.7768752),,,bicycle_parking,stands,10,,,,,,Banco do Brasil,,,,,,,,,,,,,,,,,2026-07-02T22:07:42.256Z,2026-07-02T22:07:42.256Z
1865,node/4032671831,node,POINT(-40.3512885 -20.4463914),,,bicycle_parking,,,,,,,,,,,,,,,,,,,,,,,,,2026-07-02T22:07:42.256Z,2026-07-02T22:07:42.256Z
1866,node/4035357135,node,POINT(-47.8848438 -15.7805519),,,bicycle_parking,stands,14,,no,,,,,,,,,,,,,,,,,,,,,2026-07-02T22:07:42.256Z,2026-07-02T22:07:42.256Z
2094,node/4371179593,node,POINT(-43.4913439 -22.9791224),,,bicycle_parking,,34,,no,,,,,,,,,,,,,,,,,,,,,2026-07-02T22:07:42.279Z,2026-07-02T22:07:42.279Z
1867,node/4043721948,node,POINT(-41.7823068 -22.3769332),,,bicycle_parking,rack,33,,no,no,,,Extra,,,,,,,,,,,,,,,,,2026-07-02T22:07:42.256Z,2026-07-02T22:07:42.256Z
1868,node/4044427014,node,POINT(-43.1967325 -22.9838203),,,bicycle_parking,stands,6,,no,,,,,,,,,,,,,,,,,,,,,2026-07-02T22:07:42.256Z,2026-07-02T22:07:42.256Z
1869,node/4044488453,node,POINT(-43.2007907 -22.9842731),,,bicycle_parking,stands,4,,no,,,,,,,,,,,,,,,,,,,,,2026-07-02T22:07:42.256Z,2026-07-02T22:07:42.256Z
1870,node/4044489343,node,POINT(-43.2007853 -22.9842286),,,bicycle_parking,stands,4,,no,,,,,,,,,,,,,,,,,,,,,2026-07-02T22:07:42.256Z,2026-07-02T22:07:42.256Z
1871,node/4044494372,node,POINT(-43.2118396 -22.9838074),,,bicycle_parking,stands,4,,no,,,,,,,,,,,,,,,,,,,,,2026-07-02T22:07:42.256Z,2026-07-02T22:07:42.256Z
1872,node/4044508434,node,POINT(-43.2111557 -22.9838346),,,bicycle_parking,stands,4,,no,,,,,,,,,,,,,,,,,,,,,2026-07-02T22:07:42.256Z,2026-07-02T22:07:42.256Z
1873,node/4044520009,node,POINT(-43.2089241 -22.9839479),,,bicycle_parking,stands,4,,no,,,,,,,,,,,,,,,,,,,,,2026-07-02T22:07:42.256Z,2026-07-02T22:07:42.256Z
1874,node/4044522389,node,POINT(-43.2104127 -22.9838922),,,bicycle_parking,stands,4,,no,,,,,,,,,,,,,,,,,,,,,2026-07-02T22:07:42.256Z,2026-07-02T22:07:42.256Z
1875,node/4044561304,node,POINT(-43.2072558 -22.9840442),,,bicycle_parking,stands,4,,no,,,,,,,,,,,,,,,,,,,,,2026-07-02T22:07:42.256Z,2026-07-02T22:07:42.256Z
1876,node/4044563569,node,POINT(-43.2071431 -22.9840171),,,bicycle_parking,stands,4,,no,,,,,,,,,,,,,,,,,,,,,2026-07-02T22:07:42.256Z,2026-07-02T22:07:42.256Z
1877,node/4044607214,node,POINT(-43.2063143 -22.9842195),,,bicycle_parking,stands,4,,no,,,,,,,,,,,,,,,,,,,,,2026-07-02T22:07:42.256Z,2026-07-02T22:07:42.256Z
1878,node/4044849084,node,POINT(-38.5103998 -13.0106733),,,bicycle_parking,stands,6,,no,,,,,,,,,,,,,,,,,,,,,2026-07-02T22:07:42.256Z,2026-07-02T22:07:42.256Z
1879,node/4044849085,node,POINT(-38.4911126 -13.0130803),,,bicycle_parking,stands,12,,,,,,,,,,,,,,,,,,,,,,,2026-07-02T22:07:42.256Z,2026-07-02T22:07:42.256Z
1880,node/4044851162,node,POINT(-38.4932137 -13.0112754),,,bicycle_parking,stands,12,,no,,,,,,,,,,,,,,,,,,,,,2026-07-02T22:07:42.256Z,2026-07-02T22:07:42.256Z
1881,node/4044851163,node,POINT(-38.4882758 -13.0138742),,,bicycle_parking,stands,12,,,,,,,,,,,,,,,,,,,,,,,2026-07-02T22:07:42.256Z,2026-07-02T22:07:42.256Z
1882,node/4044851247,node,POINT(-38.4918962 -13.0124577),,,bicycle_parking,stands,12,,,,,,,,,,,,,,,,,,,,,,,2026-07-02T22:07:42.256Z,2026-07-02T22:07:42.256Z
1883,node/4047736745,node,POINT(-40.3062045 -20.3370974),,,bicycle_parking,stands,50,,no,,,,,,,,,,,,,,,,,,,,,2026-07-02T22:07:42.256Z,2026-07-02T22:07:42.256Z
1884,node/4047736746,node,POINT(-40.3052356 -20.3380889),,,bicycle_parking,stands,56,,no,,,,,,,,,,,,,,,,,,,,,2026-07-02T22:07:42.256Z,2026-07-02T22:07:42.256Z
1885,node/4055130773,node,POINT(-38.511852 -3.7424157),Bicicletário Skina Center,,bicycle_parking,stands,8,,no,,,,,,,,,,,,,,,,,,,,,2026-07-02T22:07:42.256Z,2026-07-02T22:07:42.256Z
1886,node/4060084900,node,POINT(-38.4907097 -3.736101),,"Bicicletário ao ar livre, do tipo ""u"" invertido.",bicycle_parking,stands,8,,no,,,,Pátio Dom Luís,,,,,,,,,,,,,,,,,2026-07-02T22:07:42.256Z,2026-07-02T22:07:42.256Z
1887,node/4060117271,node,POINT(-38.4916804 -3.735324),,,bicycle_parking,stands,8,,no,,,,Le Pain Le Cafe,,,,,,,,,,,,,,,,,2026-07-02T22:07:42.256Z,2026-07-02T22:07:42.256Z
1888,node/4063540479,node,POINT(-47.87544 -15.7667371),,,bicycle_parking,,,,,,,,,,,,,,,,,,,,,,,,,2026-07-02T22:07:42.256Z,2026-07-02T22:07:42.256Z
1889,node/4077481841,node,POINT(-46.7055525 -23.5720783),,,bicycle_parking,stands,1,yes,no,no,,,,,,,,,,,,,,,,,,,,2026-07-02T22:07:42.256Z,2026-07-02T22:07:42.256Z
1890,node/4094230551,node,POINT(-43.2082391 -22.983988),,,bicycle_parking,stands,4,,no,,,,,,,,,,,,,,,,,,,,,2026-07-02T22:07:42.256Z,2026-07-02T22:07:42.256Z
1891,node/4094238389,node,POINT(-43.2056021 -22.984269),,,bicycle_parking,stands,4,,no,,,,,,,,,,,,,,,,,,,,,2026-07-02T22:07:42.256Z,2026-07-02T22:07:42.256Z
1892,node/4094242544,node,POINT(-43.204143 -22.9843283),,,bicycle_parking,stands,2,,no,,,,,,,,,,,,,,,,,,,,,2026-07-02T22:07:42.256Z,2026-07-02T22:07:42.256Z
1893,node/4094255394,node,POINT(-43.2044112 -22.9843184),,,bicycle_parking,stands,4,,no,,,,,,,,,,,,,,,,,,,,,2026-07-02T22:07:42.256Z,2026-07-02T22:07:42.256Z
1894,node/4094285233,node,POINT(-43.2037299 -22.9841999),,,bicycle_parking,stands,4,,no,,,,,,,,,,,,,,,,,,,,,2026-07-02T22:07:42.256Z,2026-07-02T22:07:42.256Z
1895,node/4094285234,node,POINT(-43.2079211 -22.9840135),,,bicycle_parking,stands,4,,no,,,,,,,,,,,,,,,,,,,,,2026-07-02T22:07:42.256Z,2026-07-02T22:07:42.256Z
1896,node/4094291061,node,POINT(-43.2031146 -22.9843822),,,bicycle_parking,stands,4,,no,,,,,,,,,,,,,,,,,,,,,2026-07-02T22:07:42.256Z,2026-07-02T22:07:42.256Z
1897,node/4094291972,node,POINT(-43.2021718 -22.9842063),,,bicycle_parking,stands,4,,no,,,,,,,,,,,,,,,,,,,,,2026-07-02T22:07:42.256Z,2026-07-02T22:07:42.256Z
1898,node/4094293108,node,POINT(-43.2047106 -22.9843085),,,bicycle_parking,stands,4,,no,,,,,,,,,,,,,,,,,,,,,2026-07-02T22:07:42.256Z,2026-07-02T22:07:42.256Z
1899,node/4094294831,node,POINT(-43.2024676 -22.984229),,,bicycle_parking,stands,4,,no,,,,,,,,,,,,,,,,,,,,,2026-07-02T22:07:42.256Z,2026-07-02T22:07:42.256Z
1900,node/4094297696,node,POINT(-43.2004427 -22.9845272),,,bicycle_parking,stands,4,yes,no,no,,,,,,,,,,,,,,,,,,,,2026-07-02T22:07:42.256Z,2026-07-02T22:07:42.256Z
1901,node/4094304008,node,POINT(-43.2000718 -22.9845524),,,bicycle_parking,stands,4,yes,no,no,,,,,,,,,,,,,,,,,,,,2026-07-02T22:07:42.267Z,2026-07-02T22:07:42.267Z
1902,node/4094313580,node,POINT(-43.1999896 -22.9844339),,,bicycle_parking,stands,4,,no,,,,,,,,,,,,,,,,,,,,,2026-07-02T22:07:42.267Z,2026-07-02T22:07:42.267Z
1903,node/4094321999,node,POINT(-43.1989395 -22.9846257),,,bicycle_parking,stands,4,,no,,,,,,,,,,,,,,,,,,,,,2026-07-02T22:07:42.267Z,2026-07-02T22:07:42.267Z
1904,node/4094335561,node,POINT(-43.1975467 -22.9845733),,,bicycle_parking,stands,4,yes,no,no,,,,,,,,,,,,,,,,,,,,2026-07-02T22:07:42.267Z,2026-07-02T22:07:42.267Z
1905,node/4094345089,node,POINT(-43.2008412 -22.984675),,,bicycle_parking,stands,4,,no,,,,,,,,,,,,,,,,,,,,,2026-07-02T22:07:42.267Z,2026-07-02T22:07:42.267Z
1906,node/4094355473,node,POINT(-43.1991836 -22.9844306),,,bicycle_parking,stands,4,,no,,,,,,,,,,,,,,,,,,,,,2026-07-02T22:07:42.267Z,2026-07-02T22:07:42.267Z
1907,node/4094356213,node,POINT(-43.2039518 -22.9843621),,,bicycle_parking,stands,4,,no,,,,,,,,,,,,,,,,,,,,,2026-07-02T22:07:42.267Z,2026-07-02T22:07:42.267Z
1908,node/4094375375,node,POINT(-43.2003802 -22.9844178),,,bicycle_parking,stands,4,yes,no,no,,,,,,,,,,,,,,,,,,,,2026-07-02T22:07:42.267Z,2026-07-02T22:07:42.267Z
1909,node/4094378017,node,POINT(-43.1966327 -22.9846292),,,bicycle_parking,stands,6,,no,,,,,,,,,,,,,,,,,,,,,2026-07-02T22:07:42.267Z,2026-07-02T22:07:42.267Z
1910,node/4094380389,node,POINT(-43.1963531 -22.9847498),,,bicycle_parking,stands,6,,no,,,,,,,,,,,,,,,,,,,,,2026-07-02T22:07:42.267Z,2026-07-02T22:07:42.267Z
1911,node/4094390327,node,POINT(-43.1954825 -22.9847987),,,bicycle_parking,stands,4,,no,,,,,,,,,,,,,,,,,,,,,2026-07-02T22:07:42.267Z,2026-07-02T22:07:42.267Z
1912,node/4094397591,node,POINT(-43.1980751 -22.9845515),,,bicycle_parking,stands,4,,no,,,,,,,,,,,,,,,,,,,,,2026-07-02T22:07:42.267Z,2026-07-02T22:07:42.267Z
1913,node/4094400791,node,POINT(-43.2017893 -22.9842839),,,bicycle_parking,stands,4,,no,,,,,,,,,,,,,,,,,,,,,2026-07-02T22:07:42.267Z,2026-07-02T22:07:42.267Z
1914,node/4094406461,node,POINT(-43.1996446 -22.9843914),,,bicycle_parking,stands,4,,no,,,,,,,,,,,,,,,,,,,,,2026-07-02T22:07:42.267Z,2026-07-02T22:07:42.267Z
1915,node/4094408555,node,POINT(-43.2008019 -22.9843034),,,bicycle_parking,stands,4,,no,,,,,,,,,,,,,,,,,,,,,2026-07-02T22:07:42.267Z,2026-07-02T22:07:42.267Z
1916,node/4094409475,node,POINT(-43.2012266 -22.9843295),,,bicycle_parking,stands,4,,no,,,,,,,,,,,,,,,,,,,,,2026-07-02T22:07:42.267Z,2026-07-02T22:07:42.267Z
1917,node/4094428174,node,POINT(-43.2027449 -22.9843914),,,bicycle_parking,stands,4,,no,,,,,,,,,,,,,,,,,,,,,2026-07-02T22:07:42.267Z,2026-07-02T22:07:42.267Z
1918,node/4094428675,node,POINT(-43.2084346 -22.9839819),,,bicycle_parking,stands,4,,no,,,,,,,,,,,,,,,,,,,,,2026-07-02T22:07:42.267Z,2026-07-02T22:07:42.267Z
1919,node/4094430769,node,POINT(-43.2082902 -22.9841051),,,bicycle_parking,stands,4,,no,,,,,,,,,,,,,,,,,,,,,2026-07-02T22:07:42.267Z,2026-07-02T22:07:42.267Z
1920,node/4094431203,node,POINT(-43.2038995 -22.9841837),,,bicycle_parking,stands,4,,no,,,,,,,,,,,,,,,,,,,,,2026-07-02T22:07:42.267Z,2026-07-02T22:07:42.267Z
1921,node/4094446061,node,POINT(-43.2082027 -22.9839801),,,bicycle_parking,stands,4,,no,,,,,,,,,,,,,,,,,,,,,2026-07-02T22:07:42.267Z,2026-07-02T22:07:42.267Z
1922,node/4094446108,node,POINT(-43.2083851 -22.9840023),,,bicycle_parking,stands,4,,no,,,,,,,,,,,,,,,,,,,,,2026-07-02T22:07:42.267Z,2026-07-02T22:07:42.267Z
1923,node/4094462888,node,POINT(-43.2139339 -22.9849015),,,bicycle_parking,stands,4,,no,,,,,,,,,,,,,,,,,,,,,2026-07-02T22:07:42.267Z,2026-07-02T22:07:42.267Z
1924,node/4094465992,node,POINT(-43.2139285 -22.9847878),,,bicycle_parking,stands,4,,no,,,,,,,,,,,,,,,,,,,,,2026-07-02T22:07:42.267Z,2026-07-02T22:07:42.267Z
1925,node/4094489938,node,POINT(-43.1912731 -22.943017),,,bicycle_parking,stands,6,,no,,,,,,,,,,,,,,,,,,,,,2026-07-02T22:07:42.267Z,2026-07-02T22:07:42.267Z
1926,node/4094489939,node,POINT(-43.1912901 -22.943059),,,bicycle_parking,stands,6,,no,,,,,,,,,,,,,,,,,,,,,2026-07-02T22:07:42.267Z,2026-07-02T22:07:42.267Z
1927,node/4096399602,node,POINT(-47.899265 -15.8140442),,,bicycle_parking,stands,6,,,,,,,,,,,,,,,,,,,,,,,2026-07-02T22:07:42.267Z,2026-07-02T22:07:42.267Z
1928,node/4100497432,node,POINT(-34.8801243 -8.0578231),,,bicycle_parking,stands,14,,no,,,,,,,,,,,,,,,,,,,,,2026-07-02T22:07:42.267Z,2026-07-02T22:07:42.267Z
1929,node/4104012952,node,POINT(-51.1480525 -30.0102384),,,bicycle_parking,wall_loops,10,customers,no,no,no,yes,Centro Administrativo Sicredi,,,,,,,,,,Mo-Fr 10:00-16:00,,,,,,,2026-07-02T22:07:42.267Z,2026-07-02T22:07:42.267Z
1930,node/4112191245,node,POINT(-53.7184399 -29.7055802),,,bicycle_parking,,3,,,,,,,,,,,,,,,,,,,,,,,2026-07-02T22:07:42.267Z,2026-07-02T22:07:42.267Z
1931,node/4117559554,node,POINT(-43.4857373 -23.0203045),,,bicycle_parking,,,,,,,,,,,,,,,,,,,,,,,,,2026-07-02T22:07:42.267Z,2026-07-02T22:07:42.267Z
1932,node/4124207004,node,POINT(-46.6390193 -23.549579),,,bicycle_parking,stands,14,yes,no,no,,,,,,,,,,,,,,,,,,,,2026-07-02T22:07:42.267Z,2026-07-02T22:07:42.267Z
1933,node/4127185546,node,POINT(-47.8782335 -15.7874034),,,bicycle_parking,stands,,,,,,,,,,,,,,,,,,,,,,,,2026-07-02T22:07:42.267Z,2026-07-02T22:07:42.267Z
1934,node/4133573865,node,POINT(-47.8944905 -15.8195513),,,bicycle_parking,,6,,,,,,,,,,,,,,,,,,,,,,,2026-07-02T22:07:42.267Z,2026-07-02T22:07:42.267Z
1935,node/4133574489,node,POINT(-47.8752572 -15.7733804),,,bicycle_parking,,6,,,,,,,,,,,,,,,,,,,,,,,2026-07-02T22:07:42.267Z,2026-07-02T22:07:42.267Z
1936,node/4159663789,node,POINT(-43.0960155 -22.8808226),,,bicycle_parking,stands,10,,,no,,,,,,,,,,,,,,,,,,,,2026-07-02T22:07:42.267Z,2026-07-02T22:07:42.267Z
1937,node/4159700636,node,POINT(-43.3737886 -22.9251676),,,bicycle_parking,stands,8,,no,no,,,,,,,,,,,,,,,,,,,,2026-07-02T22:07:42.267Z,2026-07-02T22:07:42.267Z
1938,node/4159713059,node,POINT(-43.0995665 -22.8645146),,,bicycle_parking,stands,6,,,no,,,Escola Municipal Altivo César,,,,,,,,,,,,,,,,,2026-07-02T22:07:42.267Z,2026-07-02T22:07:42.267Z
1939,node/4159720968,node,POINT(-43.0568207 -22.9421273),,,bicycle_parking,stands,8,,,no,,,Escola Municipal Francisco Portugal Neves,,,,,,,,,,,,,,,,,2026-07-02T22:07:42.267Z,2026-07-02T22:07:42.267Z
1940,node/4159727606,node,POINT(-43.0689991 -22.8686166),,,bicycle_parking,stands,10,,,no,,,Escola Municipal João Brazil,,,,,,,,,,,,,,,,,2026-07-02T22:07:42.267Z,2026-07-02T22:07:42.267Z
1941,node/4159882292,node,POINT(-43.0490399 -22.8761211),,,bicycle_parking,stands,10,,,no,,,Escola Municipal Rachide da Gloria Salim Sacker,,,,,,,,,,,,,,,,,2026-07-02T22:07:42.267Z,2026-07-02T22:07:42.267Z
1942,node/4159957674,node,POINT(-43.1729282 -22.965193),,,bicycle_parking,stands,6,,no,no,,,Quiosque Coco Verde,,,,,,,,,,,,,,,,,2026-07-02T22:07:42.267Z,2026-07-02T22:07:42.267Z
1943,node/4159971030,node,POINT(-43.1742009 -22.9657585),,,bicycle_parking,stands,8,,no,no,,,,,,,,,,,,,,,,,,,,2026-07-02T22:07:42.267Z,2026-07-02T22:07:42.267Z
1944,node/4159971032,node,POINT(-43.1743323 -22.9658153),,,bicycle_parking,stands,8,,no,no,,,,,,,,,,,,,,,,,,,,2026-07-02T22:07:42.267Z,2026-07-02T22:07:42.267Z
1945,node/4159971033,node,POINT(-43.1746341 -22.9659511),,,bicycle_parking,stands,8,,no,no,,,,,,,,,,,,,,,,,,,,2026-07-02T22:07:42.267Z,2026-07-02T22:07:42.267Z
1946,node/4159971034,node,POINT(-43.1747575 -22.9660055),,,bicycle_parking,stands,8,,no,no,,,,,,,,,,,,,,,,,,,,2026-07-02T22:07:42.267Z,2026-07-02T22:07:42.267Z
1947,node/4159982666,node,POINT(-43.1754937 -22.9663599),,,bicycle_parking,stands,8,,no,no,,,,,,,,,,,,,,,,,,,,2026-07-02T22:07:42.267Z,2026-07-02T22:07:42.267Z
1948,node/4159982667,node,POINT(-43.1756426 -22.9664278),,,bicycle_parking,stands,8,,no,no,,,,,,,,,,,,,,,,,,,,2026-07-02T22:07:42.267Z,2026-07-02T22:07:42.267Z
1949,node/4160001296,node,POINT(-43.177272 -22.9672576),,,bicycle_parking,stands,8,,no,no,,,,,,,,,,,,,,,,,,,,2026-07-02T22:07:42.267Z,2026-07-02T22:07:42.267Z
1950,node/4160001297,node,POINT(-43.1770226 -22.9671328),,,bicycle_parking,stands,8,,no,no,,,,,,,,,,,,,,,,,,,,2026-07-02T22:07:42.267Z,2026-07-02T22:07:42.267Z
1951,node/4160011409,node,POINT(-43.1778407 -22.9675625),,,bicycle_parking,stands,8,,no,no,,,,,,,,,,,,,,,,,,,,2026-07-02T22:07:42.267Z,2026-07-02T22:07:42.267Z
1952,node/4160011410,node,POINT(-43.1783543 -22.9678515),,,bicycle_parking,stands,8,,no,no,,,,,,,,,,,,,,,,,,,,2026-07-02T22:07:42.267Z,2026-07-02T22:07:42.267Z
1953,node/4160025838,node,POINT(-43.179163 -22.9683121),,,bicycle_parking,stands,4,,no,no,,,,,,,,,,,,,,,,,,,,2026-07-02T22:07:42.267Z,2026-07-02T22:07:42.267Z
1954,node/4160025839,node,POINT(-43.1790812 -22.9682676),,,bicycle_parking,stands,8,,no,no,,,,,,,,,,,,,,,,,,,,2026-07-02T22:07:42.267Z,2026-07-02T22:07:42.267Z
1955,node/4160025840,node,POINT(-43.1795653 -22.9685652),,,bicycle_parking,stands,8,,no,no,,,,,,,,,,,,,,,,,,,,2026-07-02T22:07:42.267Z,2026-07-02T22:07:42.267Z
1956,node/4160067904,node,POINT(-43.1808313 -22.969348),,,bicycle_parking,stands,8,,no,no,,,,,,,,,,,,,,,,,,,,2026-07-02T22:07:42.267Z,2026-07-02T22:07:42.267Z
1957,node/4160075789,node,POINT(-43.1809708 -22.9694295),,,bicycle_parking,stands,8,,no,no,,,,,,,,,,,,,,,,,,,,2026-07-02T22:07:42.267Z,2026-07-02T22:07:42.267Z
1958,node/4160075790,node,POINT(-43.1814469 -22.9697592),,,bicycle_parking,stands,8,,no,no,,,,,,,,,,,,,,,,,,,,2026-07-02T22:07:42.267Z,2026-07-02T22:07:42.267Z
1959,node/4160090592,node,POINT(-43.182033 -22.9701543),,,bicycle_parking,stands,8,,no,no,,,,,,,,,,,,,,,,,,,,2026-07-02T22:07:42.267Z,2026-07-02T22:07:42.267Z
1960,node/4160090593,node,POINT(-43.1823307 -22.9703494),,,bicycle_parking,stands,5,,no,no,,,,,,,,,,,,,,,,,,,,2026-07-02T22:07:42.267Z,2026-07-02T22:07:42.267Z
1961,node/4160090594,node,POINT(-43.1829342 -22.9708051),,,bicycle_parking,stands,4,,no,no,,,,,,,,,,,,,,,,,,,,2026-07-02T22:07:42.267Z,2026-07-02T22:07:42.267Z
1962,node/4160101689,node,POINT(-43.1828899 -22.970752),,,bicycle_parking,stands,8,,no,no,,,,,,,,,,,,,,,,,,,,2026-07-02T22:07:42.267Z,2026-07-02T22:07:42.267Z
1963,node/4160101690,node,POINT(-43.1833964 -22.9711394),,,bicycle_parking,stands,8,,no,no,,,,,,,,,,,,,,,,,,,,2026-07-02T22:07:42.267Z,2026-07-02T22:07:42.267Z
1964,node/4160111498,node,POINT(-43.1834746 -22.9712385),,,bicycle_parking,stands,8,,no,no,,,,,,,,,,,,,,,,,,,,2026-07-02T22:07:42.267Z,2026-07-02T22:07:42.267Z
1965,node/4160111499,node,POINT(-43.1838488 -22.9715706),,,bicycle_parking,stands,8,,no,no,,,,,,,,,,,,,,,,,,,,2026-07-02T22:07:42.267Z,2026-07-02T22:07:42.267Z
1966,node/4160111500,node,POINT(-43.1840674 -22.9717472),,,bicycle_parking,stands,8,,no,no,,,,,,,,,,,,,,,,,,,,2026-07-02T22:07:42.267Z,2026-07-02T22:07:42.267Z
1967,node/4160111501,node,POINT(-43.1843753 -22.9720842),,,bicycle_parking,stands,8,,no,no,,,,,,,,,,,,,,,,,,,,2026-07-02T22:07:42.267Z,2026-07-02T22:07:42.267Z
1968,node/4196222585,node,POINT(-38.5753326 -3.7435252),Engenharia Civil,,bicycle_parking,stands,14,,yes,,,,,,,,,,,,,,,,,,,,,2026-07-02T22:07:42.267Z,2026-07-02T22:07:42.267Z
1969,node/4198104196,node,POINT(-38.4920294 -3.733003),Mercadinho São Luiz,,bicycle_parking,rack,12,permissive,no,,,,,,,,,,,,,,,,,,,,,2026-07-02T22:07:42.267Z,2026-07-02T22:07:42.267Z
1970,node/4201149583,node,POINT(-38.5230989 -3.7313933),Parque Pajeú,,bicycle_parking,stands,14,yes,no,,,,,,,,,,,,,,,,,survey,,,,2026-07-02T22:07:42.267Z,2026-07-02T22:07:42.267Z
1971,node/4209353783,node,POINT(-43.185511 -22.9732221),,,bicycle_parking,stands,16,,no,,,,,,,,,,,,,,,,,,,,,2026-07-02T22:07:42.267Z,2026-07-02T22:07:42.267Z
1972,node/4209359832,node,POINT(-43.1855938 -22.9732989),,,bicycle_parking,stands,16,,no,,,,,,,,,,,,,,,,,,,,,2026-07-02T22:07:42.267Z,2026-07-02T22:07:42.267Z
1973,node/4209375350,node,POINT(-43.1872827 -22.9755284),,,bicycle_parking,stands,8,,no,,,,,,,,,,,,,,,,,,,,,2026-07-02T22:07:42.267Z,2026-07-02T22:07:42.267Z
1974,node/4209391031,node,POINT(-43.1876488 -22.9762677),,,bicycle_parking,stands,16,,no,,,,,,,,,,,,,,,,,,,,,2026-07-02T22:07:42.267Z,2026-07-02T22:07:42.267Z
1975,node/4209395924,node,POINT(-43.1883355 -22.9775542),,,bicycle_parking,stands,16,,no,,,,,,,,,,,,,,,,,,,,,2026-07-02T22:07:42.267Z,2026-07-02T22:07:42.267Z
1976,node/4209404279,node,POINT(-43.1891133 -22.9799693),,,bicycle_parking,stands,8,,no,,,,,,,,,,,,,,,,,,,,,2026-07-02T22:07:42.267Z,2026-07-02T22:07:42.267Z
1977,node/4209409568,node,POINT(-43.1886305 -22.9783815),,,bicycle_parking,stands,16,,no,,,,,,,,,,,,,,,,,,,,,2026-07-02T22:07:42.267Z,2026-07-02T22:07:42.267Z
1978,node/4209413444,node,POINT(-43.1889363 -22.9792803),,,bicycle_parking,stands,16,,no,,,,,,,,,,,,,,,,,,,,,2026-07-02T22:07:42.267Z,2026-07-02T22:07:42.267Z
1979,node/4209418778,node,POINT(-43.1893601 -22.9809027),,,bicycle_parking,stands,16,,no,,,,,,,,,,,,,,,,,,,,,2026-07-02T22:07:42.267Z,2026-07-02T22:07:42.267Z
1980,node/4209422089,node,POINT(-43.1895049 -22.9818583),,,bicycle_parking,stands,8,,no,,,,,,,,,,,,,,,,,,,,,2026-07-02T22:07:42.267Z,2026-07-02T22:07:42.267Z
1981,node/4209464607,node,POINT(-43.1893574 -22.9836115),,,bicycle_parking,stands,8,,no,,,,,,,,,,,,,,,,,,,,,2026-07-02T22:07:42.267Z,2026-07-02T22:07:42.267Z
1982,node/4209476847,node,POINT(-43.189124 -22.9844758),,,bicycle_parking,stands,16,,no,,,,,,,,,,,,,,,,,,,,,2026-07-02T22:07:42.267Z,2026-07-02T22:07:42.267Z
1983,node/4209541422,node,POINT(-43.1754253 -22.9646071),,,bicycle_parking,stands,8,,no,,,,,,,,,,,,,,,,,,,,,2026-07-02T22:07:42.267Z,2026-07-02T22:07:42.267Z
1984,node/4209548589,node,POINT(-43.1822158 -22.9676583),,,bicycle_parking,stands,8,,no,,,,,,,,,,,,,,,,,,,,,2026-07-02T22:07:42.267Z,2026-07-02T22:07:42.267Z
1985,node/4209562049,node,POINT(-43.1911358 -22.9807547),,,bicycle_parking,stands,4,,no,,,,,,,,,,,,,,,,,,,,,2026-07-02T22:07:42.267Z,2026-07-02T22:07:42.267Z
1986,node/4209566127,node,POINT(-43.1912283 -22.9812068),,,bicycle_parking,stands,8,,no,,,,,,,,,,,,,,,,,,,,,2026-07-02T22:07:42.267Z,2026-07-02T22:07:42.267Z
1987,node/4209574217,node,POINT(-43.1898295 -22.984748),,,bicycle_parking,stands,4,,no,,,,,,,,,,,,,,,,,,,,,2026-07-02T22:07:42.267Z,2026-07-02T22:07:42.267Z
1988,node/4209579786,node,POINT(-43.190393 -22.9838584),,,bicycle_rental,stands,8,,no,,,,,,,,,,,,,,,,,,,,,2026-07-02T22:07:42.267Z,2026-07-02T22:07:42.267Z
1989,node/4209587387,node,POINT(-43.1899551 -22.9758126),,,bicycle_parking,stands,4,,no,,,,,,,,,,,,,,,,,,,,,2026-07-02T22:07:42.267Z,2026-07-02T22:07:42.267Z
1990,node/4212956089,node,POINT(-46.6380012 -23.5441402),,,bicycle_parking,stands,400,,yes,,,,,,,,,,,,,,,,,,,,,2026-07-02T22:07:42.267Z,2026-07-02T22:07:42.267Z
1991,node/4217582994,node,POINT(-43.1910174 -22.9798188),,,bicycle_parking,stands,4,,no,,,,,,,,,,,,,,,,,,,,,2026-07-02T22:07:42.267Z,2026-07-02T22:07:42.267Z
1992,node/4223040982,node,POINT(-47.8675188 -15.7613365),,,bicycle_parking,wall_loops,32,,no,,,,,,,,,,,,,,,,,,,,,2026-07-02T22:07:42.267Z,2026-07-02T22:07:42.267Z
1993,node/4228139811,node,POINT(-48.0210055 -15.8292853),,,bicycle_parking,wall_loops,,,no,,,,,,,,,,,,,,,,,,,,,2026-07-02T22:07:42.267Z,2026-07-02T22:07:42.267Z
1994,node/4228583027,node,POINT(-38.4836298 -3.7579262),Leroy Merlin,,bicycle_parking,stands,32,permissive,yes,,,,,,,,,,,,,,,,,,,,,2026-07-02T22:07:42.267Z,2026-07-02T22:07:42.267Z
1995,node/4228585384,node,POINT(-38.4899002 -3.7551316),Shopping Iguatemi,,bicycle_parking,,,permissive,yes,,,,,,,,,,,,,,,,,,,,,2026-07-02T22:07:42.267Z,2026-07-02T22:07:42.267Z
1996,node/4230590434,node,POINT(-38.4871812 -3.7671858),Canteiro Central,,bicycle_parking,stands,4,,no,,,,,,,,,,,,,,,,,,,,,2026-07-02T22:07:42.267Z,2026-07-02T22:07:42.267Z
1997,node/4230590435,node,POINT(-38.486529 -3.7675648),Ayo Fitness Club,,bicycle_parking,stands,12,permissive,no,,,,,,,,,,,,,,,,,,,,,2026-07-02T22:07:42.267Z,2026-07-02T22:07:42.267Z
1998,node/4234199311,node,POINT(-38.5757012 -3.7472938),,,bicycle_parking,,,yes,yes,no,,,,,,,,,,,,,,,,,,,,2026-07-02T22:07:42.267Z,2026-07-02T22:07:42.267Z
1999,node/4234208803,node,POINT(-38.6112979 -3.8722937),,,bicycle_parking,,,,no,no,,,,,,,,,,,,,,,,,,,,2026-07-02T22:07:42.267Z,2026-07-02T22:07:42.267Z
2000,node/4239682796,node,POINT(-49.0657019 -26.9208012),,,bicycle_parking,stands,,,,,,,,,,,,,,,,,,,,,,,,2026-07-02T22:07:42.267Z,2026-07-02T22:07:42.267Z
2001,node/4243856721,node,POINT(-38.5032416 -3.7484786),Casa de Moá,,bicycle_parking,stands,4,customers,no,,,,,,,,,,,,,,,,,,,,,2026-07-02T22:07:42.279Z,2026-07-02T22:07:42.279Z
2002,node/4244754829,node,POINT(-49.0652164 -26.9202234),,,bicycle_parking,,,,,,,,,,,,,,,,,,,,,,,,,2026-07-02T22:07:42.279Z,2026-07-02T22:07:42.279Z
2003,node/4247627528,node,POINT(-38.5195358 -12.9895049),,,bicycle_parking,stands,,,,,,,,,,,,,,,,,,,,,,,,2026-07-02T22:07:42.279Z,2026-07-02T22:07:42.279Z
2004,node/4247769552,node,POINT(-46.6345061 -23.5522108),,,bicycle_parking,stands,2,,no,no,,,,,,,,,,,,,,,,,,,,2026-07-02T22:07:42.279Z,2026-07-02T22:07:42.279Z
2005,node/4248789526,node,POINT(-38.4819466 -3.7835238),,,bicycle_parking,stands,12,,yes,,,,Reserva Open Mall,,,,,,,,,,,,,,,,,2026-07-02T22:07:42.279Z,2026-07-02T22:07:42.279Z
2006,node/4254609507,node,POINT(-38.4891066 -3.7460744),,,bicycle_parking,stands,12,,no,,,,Mercadinhos São Luiz,,,,,,,,,,,,,,,,,2026-07-02T22:07:42.279Z,2026-07-02T22:07:42.279Z
2007,node/4255537340,node,POINT(-38.4335588 -12.9799798),,,bicycle_parking,stands,6,,no,,,,,,,,,,,,,,,,,,,,,2026-07-02T22:07:42.279Z,2026-07-02T22:07:42.279Z
2008,node/4255537341,node,POINT(-38.4937946 -13.0111781),,,bicycle_parking,stands,6,,no,,,,,,,,,,,,,,,,,,,,,2026-07-02T22:07:42.279Z,2026-07-02T22:07:42.279Z
2009,node/4256900572,node,POINT(-38.4688533 -12.9957161),,,bicycle_parking,wall_loops,5,,,,,,,,,,,,,,,,,,,,,,,2026-07-02T22:07:42.279Z,2026-07-02T22:07:42.279Z
2010,node/4261582139,node,POINT(-40.3078708 -20.3373183),,,bicycle_parking,stands,20,,no,,,,,,,,,,,,,,,,,,,,,2026-07-02T22:07:42.279Z,2026-07-02T22:07:42.279Z
2011,node/4261582140,node,POINT(-40.3079264 -20.337532),,,bicycle_parking,stands,30,,no,,,,,,,,,,,,,,,,,,,,,2026-07-02T22:07:42.279Z,2026-07-02T22:07:42.279Z
2012,node/4263612421,node,POINT(-38.4193946 -12.9755759),,,bicycle_parking,stands,,,,,,,,,,,,,,,,,,,,,,,,2026-07-02T22:07:42.279Z,2026-07-02T22:07:42.279Z
2013,node/4264550865,node,POINT(-43.179558 -22.8953481),,,bicycle_parking,stands,9,,no,no,,,,,,,,,,,,,,,,,,,,2026-07-02T22:07:42.279Z,2026-07-02T22:07:42.279Z
2014,node/4264550866,node,POINT(-43.1794386 -22.8950577),,,bicycle_parking,stands,9,,no,no,,,,,,,,,,,,,,,,,,,,2026-07-02T22:07:42.279Z,2026-07-02T22:07:42.279Z
2015,node/4264550869,node,POINT(-43.1793291 -22.894783),,,bicycle_parking,stands,9,,no,no,,,,,,,,,,,,,,,,,,,,2026-07-02T22:07:42.279Z,2026-07-02T22:07:42.279Z
2016,node/4264550872,node,POINT(-43.1790301 -22.894038),,,bicycle_parking,stands,9,,no,no,,,,,,,,,,,,,,,,,,,,2026-07-02T22:07:42.279Z,2026-07-02T22:07:42.279Z
2017,node/4264550879,node,POINT(-43.1791246 -22.8942681),,,bicycle_parking,stands,9,,no,no,,,,,,,,,,,,,,,,,,,,2026-07-02T22:07:42.279Z,2026-07-02T22:07:42.279Z
2018,node/4264550881,node,POINT(-43.1792182 -22.8945045),,,bicycle_parking,stands,9,,no,no,,,,,,,,,,,,,,,,,,,,2026-07-02T22:07:42.279Z,2026-07-02T22:07:42.279Z
2019,node/4264830966,node,POINT(-43.1752744 -22.9115183),,,bicycle_parking,stands,10,,no,no,,,,,,,,,,,,,,,,,,,,2026-07-02T22:07:42.279Z,2026-07-02T22:07:42.279Z
2020,node/4264830968,node,POINT(-43.1754513 -22.9110359),,,bicycle_parking,stands,8,,no,no,,,,,,,,,,,,,,,,,,,,2026-07-02T22:07:42.279Z,2026-07-02T22:07:42.279Z
2021,node/4264830969,node,POINT(-43.1771793 -22.906511),,,bicycle_parking,stands,10,,no,no,,,,,,,,,,,,,,,,,,,,2026-07-02T22:07:42.279Z,2026-07-02T22:07:42.279Z
2022,node/4264830970,node,POINT(-43.1764906 -22.9083179),,,bicycle_parking,stands,10,,no,no,,,,,,,,,,,,,,,,,,,,2026-07-02T22:07:42.279Z,2026-07-02T22:07:42.279Z
2023,node/4264928277,node,POINT(-43.2532101 -22.993274),,,bicycle_parking,stands,20,,no,no,,,,,,,,,,,,,,,,,,,,2026-07-02T22:07:42.279Z,2026-07-02T22:07:42.279Z
2024,node/4270037929,node,POINT(-38.4811028 -3.7686729),,,bicycle_parking,stands,12,permissive,no,,,,,,,,,,,,,,,,,,,,,2026-07-02T22:07:42.279Z,2026-07-02T22:07:42.279Z
2025,node/4270037930,node,POINT(-38.4815204 -3.7695115),,,bicycle_parking,stands,12,permissive,no,,,,,,,,,,,,,,,,,,,,,2026-07-02T22:07:42.279Z,2026-07-02T22:07:42.279Z
2026,node/4270037931,node,POINT(-38.4807659 -3.7711978),,,bicycle_parking,stands,12,permissive,no,,,,,,,,,,,,,,,,,,,,,2026-07-02T22:07:42.279Z,2026-07-02T22:07:42.279Z
2027,node/4271605805,node,POINT(-43.4432956 -23.0094688),,,bicycle_parking,,,,,,,,,,,,,,,,,,,,,,,,,2026-07-02T22:07:42.279Z,2026-07-02T22:07:42.279Z
2028,node/4286448025,node,POINT(-40.3051246 -20.3365333),,,bicycle_parking,stands,10,,no,,,,,,,,,,,,,,,,,,,,,2026-07-02T22:07:42.279Z,2026-07-02T22:07:42.279Z
2029,node/4293267197,node,POINT(-43.1713829 -22.9034776),,,bicycle_parking,stands,20,,no,no,,,,,,,,,,,,,,,,,,,,2026-07-02T22:07:42.279Z,2026-07-02T22:07:42.279Z
2030,node/4293267198,node,POINT(-43.1703018 -22.9042928),,,bicycle_parking,stands,20,,no,no,,,,,,,,,,,,,,,,,,,,2026-07-02T22:07:42.279Z,2026-07-02T22:07:42.279Z
2031,node/4293267199,node,POINT(-43.1705423 -22.9054349),,,bicycle_parking,stands,16,,no,no,,,,,,,,,,,,,,,,,,,,2026-07-02T22:07:42.279Z,2026-07-02T22:07:42.279Z
2032,node/4293267200,node,POINT(-43.1707547 -22.9060522),,,bicycle_parking,stands,16,,no,no,,,,,,,,,,,,,,,,,,,,2026-07-02T22:07:42.279Z,2026-07-02T22:07:42.279Z
2033,node/4293267204,node,POINT(-43.171586 -22.9052134),,,bicycle_parking,stands,18,,no,no,,,,,,,,,,,,,,,,,,,,2026-07-02T22:07:42.279Z,2026-07-02T22:07:42.279Z
2034,node/4293267209,node,POINT(-43.172755 -22.902539),,,bicycle_parking,stands,4,,no,no,,,,,,,,,,,,,,,,,,,,2026-07-02T22:07:42.279Z,2026-07-02T22:07:42.279Z
2035,node/4293267210,node,POINT(-43.1729302 -22.9022602),,,bicycle_parking,stands,4,,no,no,,,,,,,,,,,,,,,,,,,,2026-07-02T22:07:42.279Z,2026-07-02T22:07:42.279Z
2036,node/4293295590,node,POINT(-43.177314 -22.912874),,,bicycle_parking,stands,22,,no,no,,,,,,,,,,,,,,,,,,,,2026-07-02T22:07:42.279Z,2026-07-02T22:07:42.279Z
2037,node/4293334869,node,POINT(-43.1792843 -22.9656058),,,bicycle_parking,stands,6,,no,no,,,,,,,,,,,,,,,,,,,,2026-07-02T22:07:42.279Z,2026-07-02T22:07:42.279Z
2038,node/4293342539,node,POINT(-43.1853478 -22.9698389),,,bicycle_parking,stands,4,,no,no,,,,,,,,,,,,,,,,,,,,2026-07-02T22:07:42.279Z,2026-07-02T22:07:42.279Z
2039,node/4293544300,node,POINT(-43.2416834 -22.9799407),,,bicycle_parking,stands,20,,no,no,,,,,,,,,,,,,,,,,,,,2026-07-02T22:07:42.279Z,2026-07-02T22:07:42.279Z
2040,node/4293548347,node,POINT(-43.5385112 -22.9177145),,,bicycle_parking,stands,16,,yes,no,,,,,,,,,,,,,,,,,,,,2026-07-02T22:07:42.279Z,2026-07-02T22:07:42.279Z
2041,node/4293565065,node,POINT(-43.4053573 -22.8312699),,,bicycle_parking,stands,40,,no,no,,,,,,,,,,,,,,,,,,,,2026-07-02T22:07:42.279Z,2026-07-02T22:07:42.279Z
2042,node/4293613191,node,POINT(-43.1857292 -22.9035494),,,bicycle_parking,stands,6,,no,no,,,,,,,,,,,,,,,,,,,,2026-07-02T22:07:42.279Z,2026-07-02T22:07:42.279Z
2043,node/4293626701,node,POINT(-42.9620847 -22.9637808),,,bicycle_parking,rack,8,,no,no,,,Galeria R1,,,,,,,,,,,,,,,,,2026-07-02T22:07:42.279Z,2026-07-02T22:07:42.279Z
2044,node/4293643792,node,POINT(-43.2035304 -22.9120899),,,bicycle_parking,stands,6,,no,no,,,Centro de Operações Rio,,,,,,,,,,,,,,,,,2026-07-02T22:07:42.279Z,2026-07-02T22:07:42.279Z
2045,node/4293651752,node,POINT(-43.1809774 -22.9544529),,,bicycle_parking,stands,4,,no,no,,,,,,,,,,,,,,,,,,,,2026-07-02T22:07:42.279Z,2026-07-02T22:07:42.279Z
2046,node/4293696118,node,POINT(-43.3110395 -23.0072246),,,bicycle_parking,stands,52,yes,no,no,,,,,,,,,,,,,,,,,,,,2026-07-02T22:07:42.279Z,2026-07-02T22:07:42.279Z
2047,node/4293790126,node,POINT(-47.8941406 -15.7561859),,,bicycle_parking,wall_loops,,,no,,,,,,,,,,,,,,,,,,,,,2026-07-02T22:07:42.279Z,2026-07-02T22:07:42.279Z
2048,node/4299301918,node,POINT(-51.1438549 -30.0091428),,Paraciclos da EPTC,bicycle_parking,stands,2,yes,no,no,no,yes,Boulevard Strip Center Assis Brasil,,,,,,,,,,24/7,,,,,,,2026-07-02T22:07:42.279Z,2026-07-02T22:07:42.279Z
2049,node/4306259825,node,POINT(-43.1851815 -22.9558902),,,bicycle_parking,stands,4,,no,no,,,,,,,,,,,,,,,,,,,,2026-07-02T22:07:42.279Z,2026-07-02T22:07:42.279Z
2050,node/4306259826,node,POINT(-43.1859754 -22.9562039),,,bicycle_parking,stands,4,,no,no,,,,,,,,,,,,,,,,,,,,2026-07-02T22:07:42.279Z,2026-07-02T22:07:42.279Z
2051,node/4306279953,node,POINT(-43.1813805 -22.8962861),,,bicycle_parking,stands,5,,no,no,,,,,,,,,,,,,,,,,,,,2026-07-02T22:07:42.279Z,2026-07-02T22:07:42.279Z
2052,node/4306279954,node,POINT(-43.1803666 -22.896721),,,bicycle_parking,stands,9,,no,no,,,,,,,,,,,,,,,,,,,,2026-07-02T22:07:42.279Z,2026-07-02T22:07:42.279Z
2053,node/4306336178,node,POINT(-43.215723 -22.9838776),,,bicycle_parking,stands,28,,yes,no,,,,,,,,,,,,,,,,,,,,2026-07-02T22:07:42.279Z,2026-07-02T22:07:42.279Z
2054,node/4306341522,node,POINT(-43.2154548 -22.9835369),,,bicycle_parking,stands,28,,yes,no,,,,,,,,,,,,,,,,,,,,2026-07-02T22:07:42.279Z,2026-07-02T22:07:42.279Z
2055,node/4306355540,node,POINT(-43.2077288 -22.9623045),,,bicycle_parking,stands,7,,no,no,,,,,,,,,,,,,,,,,,,,2026-07-02T22:07:42.279Z,2026-07-02T22:07:42.279Z
2056,node/4306357942,node,POINT(-43.2079247 -22.9620451),,,bicycle_parking,stands,6,,no,no,,,,,,,,,,,,,,,,,,,,2026-07-02T22:07:42.279Z,2026-07-02T22:07:42.279Z
2057,node/4306365069,node,POINT(-43.2225566 -22.9652944),,,bicycle_parking,stands,20,,no,no,,,,,,,,,,,,,,,,,,,,2026-07-02T22:07:42.279Z,2026-07-02T22:07:42.279Z
2058,node/4306365070,node,POINT(-43.2227025 -22.9653428),,,bicycle_parking,stands,10,,no,no,,,,,,,,,,,,,,,,,,,,2026-07-02T22:07:42.279Z,2026-07-02T22:07:42.279Z
2059,node/4306380876,node,POINT(-43.2223714 -22.9649688),,,bicycle_parking,stands,10,,no,no,,,,,,,,,,,,,,,,,,,,2026-07-02T22:07:42.279Z,2026-07-02T22:07:42.279Z
2060,node/4306380877,node,POINT(-43.2223955 -22.9648774),,,bicycle_parking,rack,10,,no,no,,,,,,,,,,,,,,,,,,,,2026-07-02T22:07:42.279Z,2026-07-02T22:07:42.279Z
2061,node/4306391155,node,POINT(-43.184513 -22.9674842),,,bicycle_parking,stands,4,,no,no,,,,,,,,,,,,,,,,,,,,2026-07-02T22:07:42.279Z,2026-07-02T22:07:42.279Z
2062,node/4306391156,node,POINT(-43.1848107 -22.9670817),,,bicycle_parking,stands,20,,no,no,,,,,,,,,,,,,,,,,,,,2026-07-02T22:07:42.279Z,2026-07-02T22:07:42.279Z
2063,node/4306401666,node,POINT(-43.1733994 -22.9643006),,,bicycle_parking,stands,8,,no,no,,,,,,,,,,,,,,,,,,,,2026-07-02T22:07:42.279Z,2026-07-02T22:07:42.279Z
2064,node/4306425322,node,POINT(-43.2236978 -22.9846141),,,bicycle_parking,stands,26,,no,no,,,,,,,,,,,,,,,,,,,,2026-07-02T22:07:42.279Z,2026-07-02T22:07:42.279Z
2065,node/4306425323,node,POINT(-43.2237405 -22.9852838),,,bicycle_parking,stands,16,,no,no,,,,,,,,,,,,,,,,,,,,2026-07-02T22:07:42.279Z,2026-07-02T22:07:42.279Z
2066,node/4307016068,node,POINT(-43.1734757 -22.9020735),,,bicycle_parking,wall_loops,5,,no,no,,,,,,,,,,,,,,,,survey,,,,2026-07-02T22:07:42.279Z,2026-07-02T22:07:42.279Z
2067,node/4307827473,node,POINT(-47.941745 -15.7993423),,,bicycle_parking,,,,,,,,,,,,,,,,,,,,,,,,,2026-07-02T22:07:42.279Z,2026-07-02T22:07:42.279Z
2068,node/4309962485,node,POINT(-38.4968376 -3.7357247),Bicicletário Del Paseo,,bicycle_parking,stands,30,permissive,no,,,,,,,,,,,,,,,,,,,,,2026-07-02T22:07:42.279Z,2026-07-02T22:07:42.279Z
2069,node/4313207578,node,POINT(-38.6079985 -3.7728115),Terminal Conjunto Ceará,,bicycle_parking,shed,40,yes,yes,,,,Prefeitura Municipal de Fortaleza,,,,,,,,,,4:00-22:00,,,,,,,2026-07-02T22:07:42.279Z,2026-07-02T22:07:42.279Z
2070,node/4326186912,node,POINT(-43.3199061 -22.8341044),,,bicycle_parking,stands,10,,no,no,,,,,,,,,,,,,,,,,,,,2026-07-02T22:07:42.279Z,2026-07-02T22:07:42.279Z
2071,node/4326221327,node,POINT(-43.3293902 -22.9732127),,,bicycle_parking,stands,24,,no,no,,,,,,,,,,,,,,,,,,,,2026-07-02T22:07:42.279Z,2026-07-02T22:07:42.279Z
2072,node/4326227455,node,POINT(-43.1989598 -22.7985163),,,bicycle_parking,stands,20,,no,no,,,,,,,,,,,,,,,,,,,,2026-07-02T22:07:42.279Z,2026-07-02T22:07:42.279Z
2073,node/4326241182,node,POINT(-43.1868861 -22.9694745),,,bicycle_parking,stands,4,,no,no,,,,,,,,,,,,,,,,,,,,2026-07-02T22:07:42.279Z,2026-07-02T22:07:42.279Z
2074,node/4326246963,node,POINT(-43.1870082 -22.9695609),,,bicycle_parking,stands,4,,no,no,,,,,,,,,,,,,,,,,,,,2026-07-02T22:07:42.279Z,2026-07-02T22:07:42.279Z
2075,node/4326256919,node,POINT(-43.1835642 -22.9683904),,,bicycle_parking,stands,4,,no,no,,,,,,,,,,,,,,,,,,,,2026-07-02T22:07:42.279Z,2026-07-02T22:07:42.279Z
2076,node/4326256922,node,POINT(-43.1832987 -22.9682113),,,bicycle_parking,stands,4,,no,no,,,,,,,,,,,,,,,,,,,,2026-07-02T22:07:42.279Z,2026-07-02T22:07:42.279Z
2077,node/4326274689,node,POINT(-43.1834569 -22.9684879),,,bicycle_parking,stands,4,,no,no,,,,,,,,,,,,,,,,,,,,2026-07-02T22:07:42.279Z,2026-07-02T22:07:42.279Z
2078,node/4326298251,node,POINT(-43.2268743 -22.9748178),,,bicycle_parking,stands,6,,no,no,,,,,,,,,,,,,,,,,,,,2026-07-02T22:07:42.279Z,2026-07-02T22:07:42.279Z
2079,node/4326298252,node,POINT(-43.2270365 -22.9742326),,,bicycle_parking,stands,4,,no,no,,,,,,,,,,,,,,,,,,,,2026-07-02T22:07:42.279Z,2026-07-02T22:07:42.279Z
2080,node/4326298253,node,POINT(-43.2271693 -22.9740455),,,bicycle_parking,stands,6,,no,no,,,,,,,,,,,,,,,,,,,,2026-07-02T22:07:42.279Z,2026-07-02T22:07:42.279Z
2081,node/4326298259,node,POINT(-43.2270553 -22.9739023),,,bicycle_parking,stands,4,,no,no,,,,,,,,,,,,,,,,,,,,2026-07-02T22:07:42.279Z,2026-07-02T22:07:42.279Z
2082,node/4326298260,node,POINT(-43.2275274 -22.9740196),,,bicycle_parking,stands,6,,no,no,,,,,,,,,,,,,,,,,,,,2026-07-02T22:07:42.279Z,2026-07-02T22:07:42.279Z
2083,node/4326298261,node,POINT(-43.2276092 -22.9738158),,,bicycle_parking,stands,6,,no,no,,,,,,,,,,,,,,,,,,,,2026-07-02T22:07:42.279Z,2026-07-02T22:07:42.279Z
2084,node/4326298262,node,POINT(-43.227003 -22.9750617),,,bicycle_parking,stands,4,,no,no,,,,,,,,,,,,,,,,,,,,2026-07-02T22:07:42.279Z,2026-07-02T22:07:42.279Z
2085,node/4326298263,node,POINT(-43.2271599 -22.9750407),,,bicycle_parking,stands,10,,no,no,,,,,,,,,,,,,,,,,,,,2026-07-02T22:07:42.279Z,2026-07-02T22:07:42.279Z
2086,node/4326298264,node,POINT(-43.2274027 -22.9753),,,bicycle_parking,stands,6,,no,no,,,,,,,,,,,,,,,,,,,,2026-07-02T22:07:42.279Z,2026-07-02T22:07:42.279Z
2087,node/4341202004,node,POINT(-45.7922802 -23.1883458),,,bicycle_parking,,,,,,,,,,,,,,,,,,,,,,,,,2026-07-02T22:07:42.279Z,2026-07-02T22:07:42.279Z
2088,node/4356496541,node,POINT(-38.4883947 -13.0151963),,,bicycle_parking,stands,5,yes,,no,,,,,,,paved,,,,,,,,,,,,,2026-07-02T22:07:42.279Z,2026-07-02T22:07:42.279Z
2089,node/4359446808,node,POINT(-43.3628125 -22.9933583),,,bicycle_parking,,,,,,,,,,,,,,,,,,,,,,,,,2026-07-02T22:07:42.279Z,2026-07-02T22:07:42.279Z
2090,node/4369941145,node,POINT(-43.1679512 -22.9631608),,,bicycle_parking,,,,,,,,,,,,,,,,,,,,,,,,,2026-07-02T22:07:42.279Z,2026-07-02T22:07:42.279Z
2091,node/4371138007,node,POINT(-47.8915519 -15.7626778),,,bicycle_parking,wall_loops,6,,,,,,,,,,,,,,,,,,,,,,,2026-07-02T22:07:42.279Z,2026-07-02T22:07:42.279Z
2092,node/4371179591,node,POINT(-43.4915268 -22.9794564),,,bicycle_parking,,50,,no,,,,,,,,,,,,,,,,,,,,,2026-07-02T22:07:42.279Z,2026-07-02T22:07:42.279Z
2093,node/4371179592,node,POINT(-43.491417 -22.9790824),,,bicycle_parking,,46,,no,,,,,,,,,,,,,,,,,,,,,2026-07-02T22:07:42.279Z,2026-07-02T22:07:42.279Z
2096,node/4371338070,node,POINT(-38.4912796 -3.7314875),Espaço Meireles,,bicycle_parking,stands,8,,no,,,,,,,,,,,,,,,,,,,,,2026-07-02T22:07:42.279Z,2026-07-02T22:07:42.279Z
2097,node/4374472191,node,POINT(-46.5160009 -23.4509972),,,bicycle_parking,,,,,,,,,,,,,,,,,,,,,,,,,2026-07-02T22:07:42.279Z,2026-07-02T22:07:42.279Z
2098,node/4375642208,node,POINT(-38.4976714 -3.7331719),Praça Portugal,,bicycle_parking,stands,6,yes,no,no,,,Prefeitura Municipal de Fortaleza,,,,,,,,,,,,,,,,,2026-07-02T22:07:42.279Z,2026-07-02T22:07:42.279Z
2099,node/4382675506,node,POINT(-43.1919618 -22.9758232),,,bicycle_parking,rack,8,customers,yes,,,,Colégio Mallet Soares,,,,,,,,,,,,,,,,,2026-07-02T22:07:42.279Z,2026-07-02T22:07:42.279Z
2100,node/4385246512,node,POINT(-38.507052 -3.7318958),Centro Empresarial Consorte,,bicycle_parking,stands,10,permissive,no,,,,,,,,,,,,,,,,,,,,,2026-07-02T22:07:42.279Z,2026-07-02T22:07:42.279Z
2101,node/4389519285,node,POINT(-47.8895166 -15.7808674),,,bicycle_parking,wall_loops,12,,no,,,,,,,,,,,,,,,,,,,,,2026-07-02T22:07:42.290Z,2026-07-02T22:07:42.290Z
2102,node/4392042990,node,POINT(-38.4974987 -3.7327777),,,bicycle_parking,stands,6,,no,,,,,,,,,,,,,,,,,,,,,2026-07-02T22:07:42.290Z,2026-07-02T22:07:42.290Z
2103,node/4392042991,node,POINT(-38.4970404 -3.7329022),,,bicycle_parking,stands,8,,no,,,,,,,,,,,,,,,,,,,,,2026-07-02T22:07:42.290Z,2026-07-02T22:07:42.290Z
2104,node/4395020413,node,POINT(-43.231622 -22.9249046),,,bicycle_parking,stands,8,,no,no,,,,,,,,,,,,,,,,,,,,2026-07-02T22:07:42.290Z,2026-07-02T22:07:42.290Z
2105,node/4395047074,node,POINT(-43.2038247 -22.9845616),,,bicycle_parking,stands,24,,no,no,,,,,,,,,,,,,,,,,,,,2026-07-02T22:07:42.290Z,2026-07-02T22:07:42.290Z
2106,node/4395047075,node,POINT(-43.2060896 -22.9833497),,,bicycle_parking,stands,24,,no,no,,,,,,,,,,,,,,,,,,,,2026-07-02T22:07:42.290Z,2026-07-02T22:07:42.290Z
2107,node/4395047076,node,POINT(-43.2062507 -22.983756),,,bicycle_parking,stands,24,,no,no,,,,,,,,,,,,,,,,,,,,2026-07-02T22:07:42.290Z,2026-07-02T22:07:42.290Z
2108,node/4395047077,node,POINT(-43.206685 -22.9839275),,,bicycle_parking,stands,14,,no,no,,,,,,,,,,,,,,,,,,,,2026-07-02T22:07:42.290Z,2026-07-02T22:07:42.290Z
2109,node/4395069512,node,POINT(-43.2172298 -22.9837464),,,bicycle_parking,stands,14,,no,no,,,,,,,,,,,,,,,,,,,,2026-07-02T22:07:42.290Z,2026-07-02T22:07:42.290Z
2110,node/4395075794,node,POINT(-43.2233178 -22.9852885),,,bicycle_parking,stands,6,,no,no,,,,,,,,,,,,,,,,,,,,2026-07-02T22:07:42.290Z,2026-07-02T22:07:42.290Z
2111,node/4395086232,node,POINT(-43.3272261 -23.0024564),,,bicycle_parking,rack,6,,no,no,,,Golden Center,,,,,,,,,,,,,,,,,2026-07-02T22:07:42.290Z,2026-07-02T22:07:42.290Z
2112,node/4395120639,node,POINT(-43.3108506 -23.0061515),,,bicycle_parking,stands,38,,no,no,,,,,,,,,,,,,,,,,,,,2026-07-02T22:07:42.290Z,2026-07-02T22:07:42.290Z
2113,node/4395131452,node,POINT(-43.2751966 -23.0026172),,,bicycle_parking,stands,26,,no,no,,,,,,,,,,,,,,,,,,,,2026-07-02T22:07:42.290Z,2026-07-02T22:07:42.290Z
2114,node/4400995347,node,POINT(-43.2175781 -22.9640692),,,bicycle_parking,stands,8,,no,no,,,,,,,,,,,,,,,,,,,,2026-07-02T22:07:42.290Z,2026-07-02T22:07:42.290Z
2115,node/4400995348,node,POINT(-43.2172857 -22.9639013),,,bicycle_parking,stands,10,,no,no,,,,,,,,,,,,,,,,,,,,2026-07-02T22:07:42.290Z,2026-07-02T22:07:42.290Z
2116,node/4400995349,node,POINT(-43.2170497 -22.9639507),,,bicycle_parking,stands,12,,no,no,,,,,,,,,,,,,,,,,,,,2026-07-02T22:07:42.290Z,2026-07-02T22:07:42.290Z
2117,node/4400995350,node,POINT(-43.2166956 -22.9633234),,,bicycle_parking,stands,6,,no,no,,,,,,,,,,,,,,,,,,,,2026-07-02T22:07:42.290Z,2026-07-02T22:07:42.290Z
2118,node/4400995352,node,POINT(-43.216583 -22.963211),,,bicycle_parking,stands,2,,no,no,,,,,,,,,,,,,,,,,,,,2026-07-02T22:07:42.290Z,2026-07-02T22:07:42.290Z
2119,node/4400995353,node,POINT(-43.2164663 -22.9630073),,,bicycle_parking,stands,8,,no,no,,,,,,,,,,,,,,,,,,,,2026-07-02T22:07:42.290Z,2026-07-02T22:07:42.290Z
2120,node/4400995354,node,POINT(-43.2166688 -22.9627838),,,bicycle_parking,stands,4,,no,no,,,,,,,,,,,,,,,,,,,,2026-07-02T22:07:42.290Z,2026-07-02T22:07:42.290Z
2121,node/4401025493,node,POINT(-43.1775901 -22.8956626),,,bicycle_parking,stands,9,,no,no,,,,,,,,,,,,,,,,,,,,2026-07-02T22:07:42.290Z,2026-07-02T22:07:42.290Z
2122,node/4407261312,node,POINT(-43.2358573 -22.9135958),,,bicycle_parking,stands,4,,no,no,,,,,,,,,,,,,,,,,,,,2026-07-02T22:07:42.290Z,2026-07-02T22:07:42.290Z
2123,node/4407261313,node,POINT(-43.2361335 -22.913686),,,bicycle_parking,stands,4,,no,no,,,,,,,,,,,,,,,,,,,,2026-07-02T22:07:42.290Z,2026-07-02T22:07:42.290Z
2124,node/4407261316,node,POINT(-43.236906 -22.9138256),,,bicycle_parking,stands,4,,no,no,,,,,,,,,,,,,,,,,,,,2026-07-02T22:07:42.290Z,2026-07-02T22:07:42.290Z
2125,node/4407261317,node,POINT(-43.2377388 -22.9142703),,,bicycle_parking,stands,4,,no,no,,,,,,,,,,,,,,,,,,,,2026-07-02T22:07:42.290Z,2026-07-02T22:07:42.290Z
2126,node/4407261318,node,POINT(-43.2402266 -22.9148002),,,bicycle_parking,stands,4,,no,no,,,,,,,,,,,,,,,,,,,,2026-07-02T22:07:42.290Z,2026-07-02T22:07:42.290Z
2127,node/4407261319,node,POINT(-43.2407577 -22.9147187),,,bicycle_parking,stands,4,,no,no,,,,,,,,,,,,,,,,,,,,2026-07-02T22:07:42.290Z,2026-07-02T22:07:42.290Z
2128,node/4407261320,node,POINT(-43.2407872 -22.9149942),,,bicycle_parking,rack,6,customers,no,no,,,Hortifruti,,,,,,,,,,,,,,,,,2026-07-02T22:07:42.290Z,2026-07-02T22:07:42.290Z
2129,node/4407261321,node,POINT(-43.241109 -22.914988),,,bicycle_parking,stands,4,,no,no,,,,,,,,,,,,,,,,,,,,2026-07-02T22:07:42.290Z,2026-07-02T22:07:42.290Z
2130,node/4407261323,node,POINT(-43.2424153 -22.9150386),,,bicycle_parking,stands,4,,no,no,,,,,,,,,,,,,,,,,,,,2026-07-02T22:07:42.290Z,2026-07-02T22:07:42.290Z
2131,node/4407261324,node,POINT(-43.2432427 -22.9152079),,,bicycle_parking,stands,2,,no,no,,,,,,,,,,,,,,,,,,,,2026-07-02T22:07:42.290Z,2026-07-02T22:07:42.290Z
2132,node/4407261326,node,POINT(-43.2437161 -22.915471),,,bicycle_parking,stands,2,,no,no,,,,,,,,,,,,,,,,,,,,2026-07-02T22:07:42.290Z,2026-07-02T22:07:42.290Z
2133,node/4407261329,node,POINT(-43.2441466 -22.9155599),,,bicycle_parking,stands,4,,no,no,,,,,,,,,,,,,,,,,,,,2026-07-02T22:07:42.290Z,2026-07-02T22:07:42.290Z
2134,node/4407261331,node,POINT(-43.244329 -22.9153919),,,bicycle_parking,stands,4,,no,no,,,,,,,,,,,,,,,,,,,,2026-07-02T22:07:42.290Z,2026-07-02T22:07:42.290Z
2135,node/4407261332,node,POINT(-43.2451082 -22.9155303),,,bicycle_parking,stands,4,,no,no,,,,,,,,,,,,,,,,,,,,2026-07-02T22:07:42.290Z,2026-07-02T22:07:42.290Z
2136,node/4407261334,node,POINT(-43.2455883 -22.9156513),,,bicycle_parking,stands,4,,no,no,,,,,,,,,,,,,,,,,,,,2026-07-02T22:07:42.290Z,2026-07-02T22:07:42.290Z
2137,node/4407261335,node,POINT(-43.2454677 -22.9158138),,,clock,stands,4,,no,no,,,,,,,,,,,,,,,,,,,,2026-07-02T22:07:42.290Z,2026-07-02T22:07:42.290Z
2138,node/4407261336,node,POINT(-43.2425842 -22.9152906),,,bicycle_parking,stands,2,,no,no,,,,,,,,,,,,,,,,,,,,2026-07-02T22:07:42.290Z,2026-07-02T22:07:42.290Z
2139,node/4407261337,node,POINT(-43.2418426 -22.9151486),,,bicycle_parking,stands,4,,no,no,,,,,,,,,,,,,,,,,,,,2026-07-02T22:07:42.290Z,2026-07-02T22:07:42.290Z
2140,node/4407261338,node,POINT(-43.2462374 -22.9159675),,,bicycle_parking,stands,4,,no,no,,,,,,,,,,,,,,,,,,,,2026-07-02T22:07:42.290Z,2026-07-02T22:07:42.290Z
2141,node/4407261339,node,POINT(-43.2467551 -22.9160627),,,bicycle_parking,stands,4,,no,no,,,,,,,,,,,,,,,,,,,,2026-07-02T22:07:42.290Z,2026-07-02T22:07:42.290Z
2142,node/4407261340,node,POINT(-43.2474645 -22.9161899),,,bicycle_parking,stands,4,,no,no,,,,,,,,,,,,,,,,,,,,2026-07-02T22:07:42.290Z,2026-07-02T22:07:42.290Z
2143,node/4407261341,node,POINT(-43.2478387 -22.9162615),,,bicycle_parking,stands,4,,no,no,,,,,,,,,,,,,,,,,,,,2026-07-02T22:07:42.290Z,2026-07-02T22:07:42.290Z
2144,node/4414816244,node,POINT(-47.8668802 -15.7726358),,,bicycle_parking,wall_loops,,,no,,,,,,,,,,,,,,,,,,,,,2026-07-02T22:07:42.290Z,2026-07-02T22:07:42.290Z
2145,node/4418003590,node,POINT(-46.4655212 -23.5664673),,,bicycle_parking,,,,,,,,,,,,,,,,,,,,,,,,,2026-07-02T22:07:42.290Z,2026-07-02T22:07:42.290Z
2146,node/4418003591,node,POINT(-46.4649114 -23.5666517),,,bicycle_parking,,,,,,,,,,,,,,,,,,,,,,,,,2026-07-02T22:07:42.290Z,2026-07-02T22:07:42.290Z
2147,node/4419015550,node,POINT(-38.4817894 -3.7712356),,,bicycle_parking,stands,10,yes,no,,,,,,,,,,,,,,,,,,,,,2026-07-02T22:07:42.290Z,2026-07-02T22:07:42.290Z
2148,node/4419015551,node,POINT(-38.4820398 -3.7683627),,,bicycle_parking,stands,10,yes,no,,,,,,,,,,,,,,,,,,,,,2026-07-02T22:07:42.290Z,2026-07-02T22:07:42.290Z
2149,node/4425666560,node,POINT(-43.1825831 -22.9457083),,,bicycle_parking,stands,6,,no,no,,,,,,,,,,,,,,,,,,,,2026-07-02T22:07:42.290Z,2026-07-02T22:07:42.290Z
2150,node/4425671022,node,POINT(-47.90283 -15.8100337),,,bicycle_parking,,12,,,,,,,,,,,,,,,,,,,,,,,2026-07-02T22:07:42.290Z,2026-07-02T22:07:42.290Z
2151,node/4425691830,node,POINT(-43.1693478 -22.9048741),,,bicycle_parking,stands,10,,no,no,,,,,,,,,,,,,,,,,,,,2026-07-02T22:07:42.290Z,2026-07-02T22:07:42.290Z
2152,node/4425693527,node,POINT(-43.1737412 -22.902123),,,bicycle_parking,stands,20,,no,no,,,,,,,,,,,,,,,,,,,,2026-07-02T22:07:42.290Z,2026-07-02T22:07:42.290Z
2153,node/4425696599,node,POINT(-43.1826046 -22.9460714),,,bicycle_parking,stands,6,,no,no,,,,,,,,,,,,,,,,,,,,2026-07-02T22:07:42.290Z,2026-07-02T22:07:42.290Z
2154,node/4425696600,node,POINT(-43.1826073 -22.9463629),,,bicycle_parking,stands,10,,no,no,,,,,,,,,,,,,,,,,,,,2026-07-02T22:07:42.290Z,2026-07-02T22:07:42.290Z
2155,node/4425698565,node,POINT(-43.1826073 -22.9466667),,,bicycle_parking,stands,4,,no,no,,,,,,,,,,,,,,,,,,,,2026-07-02T22:07:42.290Z,2026-07-02T22:07:42.290Z
2156,node/4425705802,node,POINT(-43.1825724 -22.9472175),,,bicycle_parking,stands,4,,no,no,,,,,,,,,,,,,,,,,,,,2026-07-02T22:07:42.290Z,2026-07-02T22:07:42.290Z
2157,node/4425706681,node,POINT(-43.1825456 -22.9480498),,,bicycle_parking,stands,10,,no,no,,,,,,,,,,,,,,,,,,,,2026-07-02T22:07:42.290Z,2026-07-02T22:07:42.290Z
2158,node/4425710340,node,POINT(-43.1830699 -22.9491168),,,bicycle_parking,stands,8,,no,no,,,,,,,,,,,,,,,,,,,,2026-07-02T22:07:42.290Z,2026-07-02T22:07:42.290Z
2159,node/4425713583,node,POINT(-43.1839832 -22.9494997),,,bicycle_parking,stands,8,,no,no,,,,,,,,,,,,,,,,,,,,2026-07-02T22:07:42.290Z,2026-07-02T22:07:42.290Z
2160,node/4425713584,node,POINT(-43.1845036 -22.9495145),,,bicycle_parking,stands,8,,no,no,,,,,,,,,,,,,,,,,,,,2026-07-02T22:07:42.290Z,2026-07-02T22:07:42.290Z
2161,node/4425715734,node,POINT(-43.1826462 -22.9490613),,,bicycle_parking,stands,4,,no,no,,,,,,,,,,,,,,,,,,,,2026-07-02T22:07:42.290Z,2026-07-02T22:07:42.290Z
2162,node/4426498250,node,POINT(-38.4992067 -3.7489438),Nova Acrópole,,bicycle_parking,stands,6,yes,no,,,,,,,,,,,,,,,,,,,,,2026-07-02T22:07:42.290Z,2026-07-02T22:07:42.290Z
2163,node/4427984766,node,POINT(-43.1820573 -22.9439382),,,bicycle_parking,stands,8,,no,no,,,,,,,,,,,,,,,,,,,,2026-07-02T22:07:42.290Z,2026-07-02T22:07:42.290Z
2164,node/4427984767,node,POINT(-43.1823818 -22.9449312),,,bicycle_parking,stands,4,,no,no,,,,,,,,,,,,,,,,,,,,2026-07-02T22:07:42.290Z,2026-07-02T22:07:42.290Z
2165,node/4427984768,node,POINT(-43.1824489 -22.9451263),,,bicycle_parking,stands,12,,no,no,,,http://www.itaucinemas.com.br/pag/rio-de-janeiro-botafogo,,,,,,,,,,,,,,,,,2026-07-02T22:07:42.290Z,2026-07-02T22:07:42.290Z
2166,node/4427984769,node,POINT(-43.1825052 -22.9453733),,,bicycle_parking,stands,4,,no,no,,,,,,,,,,,,,,,,,,,,2026-07-02T22:07:42.290Z,2026-07-02T22:07:42.290Z
2167,node/4428021140,node,POINT(-43.1656429 -22.9152548),,,bicycle_parking,stands,14,,no,no,,,Bossa Nova Mall,,,,,,,,,,,,,,,,,2026-07-02T22:07:42.290Z,2026-07-02T22:07:42.290Z
2168,node/4428105152,node,POINT(-43.1765685 -22.8988392),,,bicycle_parking,stands,20,,no,no,,,,,,,,,,,,,,,,,,,,2026-07-02T22:07:42.290Z,2026-07-02T22:07:42.290Z
2169,node/4428110505,node,POINT(-43.1923869 -22.9553905),,,bicycle_parking,stands,4,,no,no,,,,,,,,,,,,,,,,,,,,2026-07-02T22:07:42.290Z,2026-07-02T22:07:42.290Z
2170,node/4428110506,node,POINT(-43.192554 -22.9554187),,,bicycle_parking,stands,4,,no,no,,,,,,,,,,,,,,,,,,,,2026-07-02T22:07:42.290Z,2026-07-02T22:07:42.290Z
2171,node/4428122387,node,POINT(-43.1841974 -22.9490081),,,bicycle_parking,stands,4,,no,no,,,,,,,,,,,,,,,,,,,,2026-07-02T22:07:42.290Z,2026-07-02T22:07:42.290Z
2172,node/4428122388,node,POINT(-43.1847983 -22.9492921),,,bicycle_parking,stands,4,,no,no,,,,,,,,,,,,,,,,,,,,2026-07-02T22:07:42.290Z,2026-07-02T22:07:42.290Z
2173,node/4428133489,node,POINT(-43.185035 -22.9494277),,,bicycle_parking,stands,4,,no,no,,,,,,,,,,,,,,,,,,,,2026-07-02T22:07:42.290Z,2026-07-02T22:07:42.290Z
2174,node/4428133490,node,POINT(-43.1853716 -22.9493563),,,bicycle_parking,stands,3,,no,no,,,,,,,,,,,,,,,,,,,,2026-07-02T22:07:42.290Z,2026-07-02T22:07:42.290Z
2175,node/4428133491,node,POINT(-43.1860408 -22.9493489),,,bicycle_parking,stands,4,,no,no,,,,,,,,,,,,,,,,,,,,2026-07-02T22:07:42.290Z,2026-07-02T22:07:42.290Z
2176,node/4428133492,node,POINT(-43.1863157 -22.9495119),,,bicycle_parking,stands,4,,no,no,,,,,,,,,,,,,,,,,,,,2026-07-02T22:07:42.290Z,2026-07-02T22:07:42.290Z
2177,node/4428133494,node,POINT(-43.1873966 -22.9495613),,,bicycle_parking,stands,4,,no,no,,,,,,,,,,,,,,,,,,,,2026-07-02T22:07:42.290Z,2026-07-02T22:07:42.290Z
2178,node/4428133496,node,POINT(-43.1879006 -22.9494543),,,bicycle_parking,stands,4,,no,no,,,,,,,,,,,,,,,,,,,,2026-07-02T22:07:42.290Z,2026-07-02T22:07:42.290Z
2179,node/4428133498,node,POINT(-43.1880526 -22.9494548),,,bicycle_parking,stands,2,,no,no,,,,,,,,,,,,,,,,,,,,2026-07-02T22:07:42.290Z,2026-07-02T22:07:42.290Z
2180,node/4428133500,node,POINT(-43.1880846 -22.949612),,,bicycle_parking,stands,4,,no,no,,,,,,,,,,,,,,,,,,,,2026-07-02T22:07:42.290Z,2026-07-02T22:07:42.290Z
2181,node/4428133501,node,POINT(-43.1890422 -22.9495774),,,bicycle_parking,stands,2,,no,no,,,,,,,,,,,,,,,,,,,,2026-07-02T22:07:42.290Z,2026-07-02T22:07:42.290Z
2182,node/4428133502,node,POINT(-43.1904798 -22.9498478),,,bicycle_parking,stands,4,,no,no,,,,,,,,,,,,,,,,,,,,2026-07-02T22:07:42.290Z,2026-07-02T22:07:42.290Z
2183,node/4428133503,node,POINT(-43.1907467 -22.9498997),,,bicycle_parking,stands,4,,no,no,,,,,,,,,,,,,,,,,,,,2026-07-02T22:07:42.290Z,2026-07-02T22:07:42.290Z
2184,node/4428133504,node,POINT(-43.192859 -22.9504789),,,bicycle_parking,stands,6,,no,no,,,,,,,,,,,,,,,,,,,,2026-07-02T22:07:42.290Z,2026-07-02T22:07:42.290Z
2185,node/4428133505,node,POINT(-43.1885178 -22.9529821),,,bicycle_parking,stands,4,,no,no,,,,,,,,,,,,,,,,,,,,2026-07-02T22:07:42.290Z,2026-07-02T22:07:42.290Z
2186,node/4428133506,node,POINT(-43.1875388 -22.9526339),,,bicycle_parking,stands,4,,no,no,,,,,,,,,,,,,,,,,,,,2026-07-02T22:07:42.290Z,2026-07-02T22:07:42.290Z
2187,node/4428133507,node,POINT(-43.187406 -22.9526018),,,bicycle_parking,stands,4,,no,no,,,,,,,,,,,,,,,,,,,,2026-07-02T22:07:42.290Z,2026-07-02T22:07:42.290Z
2188,node/4428133508,node,POINT(-43.183372 -22.9511013),,,bicycle_parking,stands,4,,no,no,,,,,,,,,,,,,,,,,,,,2026-07-02T22:07:42.290Z,2026-07-02T22:07:42.290Z
2189,node/4428133509,node,POINT(-43.1828476 -22.9509334),,,bicycle_parking,stands,4,,no,no,,,,,,,,,,,,,,,,,,,,2026-07-02T22:07:42.290Z,2026-07-02T22:07:42.290Z
2190,node/4428133510,node,POINT(-43.1826009 -22.9508469),,,bicycle_parking,stands,4,,no,no,,,,,,,,,,,,,,,,,,,,2026-07-02T22:07:42.290Z,2026-07-02T22:07:42.290Z
2191,node/4428133511,node,POINT(-43.1826397 -22.9506814),,,bicycle_parking,stands,4,,no,no,,,,,,,,,,,,,,,,,,,,2026-07-02T22:07:42.290Z,2026-07-02T22:07:42.290Z
2192,node/4428133512,node,POINT(-43.1827081 -22.9508877),,,bicycle_parking,stands,4,,no,no,,,,,,,,,,,,,,,,,,,,2026-07-02T22:07:42.290Z,2026-07-02T22:07:42.290Z
2193,node/4428133513,node,POINT(-43.1820684 -22.9506543),,,bicycle_parking,stands,4,,no,no,,,,,,,,,,,,,,,,,,,,2026-07-02T22:07:42.290Z,2026-07-02T22:07:42.290Z
2194,node/4428133514,node,POINT(-43.1820939 -22.9505678),,,bicycle_parking,stands,8,,no,no,,,,,,,,,,,,,,,,,,,,2026-07-02T22:07:42.290Z,2026-07-02T22:07:42.290Z
2195,node/4428133515,node,POINT(-43.1817493 -22.9505468),,,bicycle_parking,stands,4,,no,no,,,,,,,,,,,,,,,,,,,,2026-07-02T22:07:42.290Z,2026-07-02T22:07:42.290Z
2196,node/4428133516,node,POINT(-43.1818203 -22.950248),,,bicycle_parking,stands,8,,no,no,,,,,,,,,,,,,,,,,,,,2026-07-02T22:07:42.290Z,2026-07-02T22:07:42.290Z
2197,node/4435220028,node,POINT(-47.8725131 -15.7749768),,,bicycle_parking,,6,customers,no,,,,,,,,,,,,,,,,,,,,,2026-07-02T22:07:42.290Z,2026-07-02T22:07:42.290Z
2198,node/4443989832,node,POINT(-43.4652346 -23.0144802),,,bicycle_parking,rack,8,,no,no,,,Blue Atlantic Center,,,,,,,,,,,,,,,,,2026-07-02T22:07:42.290Z,2026-07-02T22:07:42.290Z
2199,node/4444003735,node,POINT(-43.4730546 -23.0290621),,,bicycle_parking,rack,5,,no,no,,,,,,,,,,,,,,,,,,,,2026-07-02T22:07:42.290Z,2026-07-02T22:07:42.290Z
2200,node/4444003736,node,POINT(-43.4722714 -23.0301013),,,bicycle_parking,rack,11,,no,no,,,Supermercado Atlântico,,,,,,,,,,,,,,,,,2026-07-02T22:07:42.290Z,2026-07-02T22:07:42.290Z
2201,node/4444008505,node,POINT(-43.3620815 -22.9163925),,,bicycle_parking,stands,6,,no,no,,,,,,,,,,,,,,,,,,,,2026-07-02T22:07:42.303Z,2026-07-02T22:07:42.303Z
2202,node/4444049198,node,POINT(-43.1828645 -22.9128743),,,bicycle_parking,stands,6,,no,no,,,,,,,,,,,,,,,,,,,,2026-07-02T22:07:42.303Z,2026-07-02T22:07:42.303Z
2203,node/4444049199,node,POINT(-43.1827827 -22.9130761),,,bicycle_parking,stands,6,,no,no,,,,,,,,,,,,,,,,,,,,2026-07-02T22:07:42.303Z,2026-07-02T22:07:42.303Z
2204,node/4444059952,node,POINT(-43.1769832 -22.9082466),,,bicycle_parking,stands,6,,no,no,,,,,,,,,,,,,,,,,,,,2026-07-02T22:07:42.303Z,2026-07-02T22:07:42.303Z
2205,node/4444059953,node,POINT(-43.1740799 -22.9118102),,,bicycle_parking,stands,6,,no,no,,,,,,,,,,,,,,,,,,,,2026-07-02T22:07:42.303Z,2026-07-02T22:07:42.303Z
2206,node/4444059954,node,POINT(-43.1743964 -22.9111209),,,bicycle_parking,stands,4,,no,no,,,,,,,,,,,,,,,,,,,,2026-07-02T22:07:42.303Z,2026-07-02T22:07:42.303Z
2207,node/4444059955,node,POINT(-43.1745602 -22.9109112),,,bicycle_parking,stands,4,,no,no,,,,,,,,,,,,,,,,,,,,2026-07-02T22:07:42.303Z,2026-07-02T22:07:42.303Z
2208,node/4444059956,node,POINT(-43.1747209 -22.9102092),,,bicycle_parking,stands,4,,no,no,,,,,,,,,,,,,,,,,,,,2026-07-02T22:07:42.303Z,2026-07-02T22:07:42.303Z
2209,node/4444059957,node,POINT(-43.1749677 -22.9095446),,,bicycle_parking,stands,4,,no,no,,,,,,,,,,,,,,,,,,,,2026-07-02T22:07:42.303Z,2026-07-02T22:07:42.303Z
2210,node/4444059958,node,POINT(-43.1750804 -22.9090678),,,bicycle_parking,stands,4,,no,no,,,,,,,,,,,,,,,,,,,,2026-07-02T22:07:42.303Z,2026-07-02T22:07:42.303Z
2211,node/4444059959,node,POINT(-43.1751233 -22.9089492),,,bicycle_parking,stands,4,,no,no,,,,,,,,,,,,,,,,,,,,2026-07-02T22:07:42.303Z,2026-07-02T22:07:42.303Z
2212,node/4444059960,node,POINT(-43.175413 -22.9083908),,,bicycle_parking,stands,6,,no,no,,,,,,,,,,,,,,,,,,,,2026-07-02T22:07:42.303Z,2026-07-02T22:07:42.303Z
2213,node/4444059961,node,POINT(-43.1759065 -22.9070542),,,bicycle_parking,stands,4,,no,no,,,,,,,,,,,,,,,,,,,,2026-07-02T22:07:42.303Z,2026-07-02T22:07:42.303Z
2214,node/4444059962,node,POINT(-43.1744554 -22.9066589),,,bicycle_parking,stands,2,,no,no,,,,,,,,,,,,,,,,,,,,2026-07-02T22:07:42.303Z,2026-07-02T22:07:42.303Z
2215,node/4444059963,node,POINT(-43.1745761 -22.9066787),,,bicycle_parking,stands,4,,no,no,,,,,,,,,,,,,,,,,,,,2026-07-02T22:07:42.303Z,2026-07-02T22:07:42.303Z
2216,node/4444162622,node,POINT(-43.1751982 -22.9050127),,,bicycle_parking,stands,6,,no,no,,,,,,,,,,,,,,,,,,,,2026-07-02T22:07:42.303Z,2026-07-02T22:07:42.303Z
2217,node/4444162623,node,POINT(-43.1748871 -22.9048126),,,bicycle_parking,stands,6,,no,no,,,,,,,,,,,,,,,,,,,,2026-07-02T22:07:42.303Z,2026-07-02T22:07:42.303Z
2218,node/4444182857,node,POINT(-43.1771213 -22.9014301),,,bicycle_parking,stands,4,,no,no,,,,,,,,,,,,,,,,,,,,2026-07-02T22:07:42.303Z,2026-07-02T22:07:42.303Z
2219,node/4451150540,node,POINT(-48.0175621 -16.0153906),Pista de Ciclismo,,bicycle_parking,,,,,,,,,,,,,,,,,,,,,,,,,2026-07-02T22:07:42.303Z,2026-07-02T22:07:42.303Z
2220,node/4465521641,node,POINT(-43.3508608 -22.8570883),,,bicycle_parking,,,,,,,,,,,,,,,,,,,,,,,,,2026-07-02T22:07:42.303Z,2026-07-02T22:07:42.303Z
2221,node/4465524702,node,POINT(-43.4666311 -23.0167853),,,bicycle_parking,rack,10,,,,,,,,,,,,,,,,,,,,,,,2026-07-02T22:07:42.303Z,2026-07-02T22:07:42.303Z
2222,node/4471375906,node,POINT(-43.1843024 -22.949034),,,bicycle_parking,stands,8,,no,no,,,,,,,,,,,,,,,,,,,,2026-07-02T22:07:42.303Z,2026-07-02T22:07:42.303Z
2223,node/4471377177,node,POINT(-43.1807331 -22.9422141),,,bicycle_parking,stands,4,,no,no,,,,,,,,,,,,,,,,,,,,2026-07-02T22:07:42.303Z,2026-07-02T22:07:42.303Z
2224,node/4471380199,node,POINT(-43.2410416 -22.9322898),,,bicycle_parking,stands,6,,no,no,,,,,,,,,,,,,,,,,,,,2026-07-02T22:07:42.303Z,2026-07-02T22:07:42.303Z
2225,node/4471380200,node,POINT(-43.2412213 -22.9324775),,,bicycle_parking,stands,4,,no,no,,,,,,,,,,,,,,,,,,,,2026-07-02T22:07:42.303Z,2026-07-02T22:07:42.303Z
2226,node/4471380201,node,POINT(-43.2410336 -22.9327246),,,bicycle_parking,stands,4,,no,no,,,,,,,,,,,,,,,,,,,,2026-07-02T22:07:42.303Z,2026-07-02T22:07:42.303Z
2227,node/4471380202,node,POINT(-43.2408512 -22.9325665),,,bicycle_parking,stands,2,,no,no,,,,,,,,,,,,,,,,,,,,2026-07-02T22:07:42.303Z,2026-07-02T22:07:42.303Z
2228,node/4471387719,node,POINT(-43.1963802 -22.9530686),,,bicycle_parking,stands,4,,no,no,,,,,,,,,,,,,,,,,,,,2026-07-02T22:07:42.303Z,2026-07-02T22:07:42.303Z
2229,node/4471387720,node,POINT(-43.1965975 -22.9535231),,,bicycle_parking,stands,2,,no,no,,,,,,,,,,,,,,,,,,,,2026-07-02T22:07:42.303Z,2026-07-02T22:07:42.303Z
2230,node/4472448026,node,POINT(-43.1683567 -22.9064707),,,bicycle_parking,stands,10,,no,no,,,,,,,,,,,,,,,,,,,,2026-07-02T22:07:42.303Z,2026-07-02T22:07:42.303Z
2231,node/4472462992,node,POINT(-43.2503159 -22.9166765),,,bicycle_parking,stands,4,,no,no,,,,,,,,,,,,,,,,,,,,2026-07-02T22:07:42.303Z,2026-07-02T22:07:42.303Z
2232,node/4472462993,node,POINT(-43.2504849 -22.9172521),,,bicycle_parking,stands,4,,no,no,,,,,,,,,,,,,,,,,,,,2026-07-02T22:07:42.303Z,2026-07-02T22:07:42.303Z
2233,node/4472468213,node,POINT(-43.1755154 -22.9006865),,,bicycle_parking,stands,16,,no,no,,,,,,,,,,,,,,,,,,,,2026-07-02T22:07:42.303Z,2026-07-02T22:07:42.303Z
2234,node/4472500528,node,POINT(-43.1723712 -22.9041837),,,bicycle_parking,stands,18,,no,no,,,,,,,,,,,,,,,,,,,,2026-07-02T22:07:42.303Z,2026-07-02T22:07:42.303Z
2235,node/4472515695,node,POINT(-43.1745773 -22.9011664),,,bicycle_parking,stands,20,,no,no,,,,,,,,,,,,,,,,,,,,2026-07-02T22:07:42.303Z,2026-07-02T22:07:42.303Z
2236,node/4472521239,node,POINT(-43.1840081 -22.9511864),,,bicycle_parking,stands,8,,no,no,,,,,,,,,,,,,,,,,,,,2026-07-02T22:07:42.303Z,2026-07-02T22:07:42.303Z
2237,node/4491489217,node,POINT(-53.7188095 -29.7018423),,,bicycle_parking,,4,destination,,,,,,,,,,,,,,,,,,,,,,2026-07-02T22:07:42.303Z,2026-07-02T22:07:42.303Z
2238,node/4497223492,node,POINT(-40.4853642 -20.6524577),,,bicycle_parking,wall_loops,,,,,,,,,,,,,,,,,,,,Mapillary,,,,2026-07-02T22:07:42.303Z,2026-07-02T22:07:42.303Z
2239,node/4497631865,node,POINT(-48.4813381 -27.6684667),,,bicycle_parking,wall_loops,6,,no,,,,,,,,,,,,,,,,,,,,,2026-07-02T22:07:42.303Z,2026-07-02T22:07:42.303Z
2240,node/4507066551,node,POINT(-43.1927273 -22.9549718),,,bicycle_parking,stands,6,,no,no,,,,,,,,,,,,,,,,,,,,2026-07-02T22:07:42.303Z,2026-07-02T22:07:42.303Z
2241,node/4507073846,node,POINT(-43.1757194 -22.899879),,,bicycle_parking,stands,20,,no,no,,,,,,,,,,,,,,,,,,,,2026-07-02T22:07:42.303Z,2026-07-02T22:07:42.303Z
2242,node/4507093015,node,POINT(-43.189415 -22.9567316),,,bicycle_parking,stands,8,,no,no,,,,,,,,,,,,,,,,,,,,2026-07-02T22:07:42.303Z,2026-07-02T22:07:42.303Z
2243,node/4507103037,node,POINT(-43.2228185 -22.9080248),,,bicycle_parking,stands,12,,no,no,,,,,,,,,,,,,,,,,,,,2026-07-02T22:07:42.303Z,2026-07-02T22:07:42.303Z
2244,node/4507116453,node,POINT(-43.1929238 -22.9541612),,,bicycle_parking,stands,4,,no,no,,,,,,,,,,,,,,,,,,,,2026-07-02T22:07:42.303Z,2026-07-02T22:07:42.303Z
2245,node/4507122721,node,POINT(-43.1933273 -22.9545301),,,bicycle_parking,stands,2,,no,no,,,,,,,,,,,,,,,,,,,,2026-07-02T22:07:42.303Z,2026-07-02T22:07:42.303Z
2246,node/4507122722,node,POINT(-43.1933149 -22.9546719),,,bicycle_parking,stands,4,,no,no,,,,,,,,,,,,,,,,,,,,2026-07-02T22:07:42.303Z,2026-07-02T22:07:42.303Z
2247,node/4507122723,node,POINT(-43.1937779 -22.9546818),,,bicycle_parking,stands,4,,no,no,,,,,,,,,,,,,,,,,,,,2026-07-02T22:07:42.303Z,2026-07-02T22:07:42.303Z
2248,node/4507122724,node,POINT(-43.1939261 -22.9548891),,,bicycle_parking,stands,4,yes,no,no,,,,,,,,,,,,,,,,,,,,2026-07-02T22:07:42.303Z,2026-07-02T22:07:42.303Z
2249,node/4516187374,node,POINT(-43.1764466 -22.900581),,,bicycle_parking,stands,20,,no,,,,,,,,,,,,,,,,,,,,,2026-07-02T22:07:42.303Z,2026-07-02T22:07:42.303Z
2250,node/4517440687,node,POINT(-38.5333322 -13.0044115),,,bicycle_parking,stands,6,yes,no,no,,,,,,,,,,,,,,,,,,,,2026-07-02T22:07:42.303Z,2026-07-02T22:07:42.303Z
2251,node/4518877916,node,POINT(-51.2209959 -30.030155),,,bicycle_parking,wall_loops,10,customers,no,no,no,yes,Santa Casa de Misericórdia,,,,,,,,,,24/7,,,,,,,2026-07-02T22:07:42.303Z,2026-07-02T22:07:42.303Z
2252,node/4524215246,node,POINT(-48.465304 -1.3891346),,,bicycle_parking,,,,,,,,,,,,,,,,,,,,,,,,,2026-07-02T22:07:42.303Z,2026-07-02T22:07:42.303Z
2253,node/4525520844,node,POINT(-43.215685 -22.9645338),,,bicycle_parking,stands,16,,no,,,,,,,,,,,,,,,,,,,,,2026-07-02T22:07:42.303Z,2026-07-02T22:07:42.303Z
2254,node/4526925297,node,POINT(-46.6417012 -23.5475885),,,bicycle_parking,stands,8,,no,,,,,,,,,,,,,,,,,,,,,2026-07-02T22:07:42.303Z,2026-07-02T22:07:42.303Z
2255,node/4526925298,node,POINT(-46.6425381 -23.547436),,,bicycle_parking,stands,8,,no,,,,,,,,,,,,,,,,,,,,,2026-07-02T22:07:42.303Z,2026-07-02T22:07:42.303Z
2256,node/4527340446,node,POINT(-44.7141233 -23.2165862),Bicicletario,,bicycle_parking,,,,,,,,,,,,,,,,,,,,,,,,,2026-07-02T22:07:42.303Z,2026-07-02T22:07:42.303Z
2257,node/4528328313,node,POINT(-44.7117301 -23.220004),,,bicycle_parking,,,,,,,,,,,,,,,,,,,,,,,,,2026-07-02T22:07:42.303Z,2026-07-02T22:07:42.303Z
2258,node/4529252019,node,POINT(-45.8915231 -23.219382),Bicicletário Vale Sul Shopping,,bicycle_parking,rack,45,customers,no,,,,Vale Sul Shopping,,,,,,,,,,,,,,,,,2026-07-02T22:07:42.303Z,2026-07-02T22:07:42.303Z
2259,node/4530075518,node,POINT(-46.6448332 -23.5944295),,,bicycle_parking,wall_loops,5,,no,,,,DeRose Method Vila Mariana,,,,,,,,,,,,,,,,,2026-07-02T22:07:42.303Z,2026-07-02T22:07:42.303Z
2260,node/4539929907,node,POINT(-48.1788199 -21.7826169),,,bicycle_parking,wall_loops,,,,,,,,,,,,,,,,,,,,,,,,2026-07-02T22:07:42.303Z,2026-07-02T22:07:42.303Z
2261,node/4539929908,node,POINT(-48.1788293 -21.7825858),,,bicycle_parking,wall_loops,,,,,,,,,,,,,,,,,,,,,,,,2026-07-02T22:07:42.303Z,2026-07-02T22:07:42.303Z
2262,node/4543829634,node,POINT(-43.4657485 -23.0188043),,,bicycle_parking,,,,,,,,,,,,,,,,,,,,,,,,,2026-07-02T22:07:42.303Z,2026-07-02T22:07:42.303Z
2263,node/4544750284,node,POINT(-53.7210539 -29.7012738),,,bicycle_parking,,,,,,,,,,,,,,,,,,,,,,,,,2026-07-02T22:07:42.303Z,2026-07-02T22:07:42.303Z
2264,node/4545672761,node,POINT(-43.1925833 -22.9549813),,,bicycle_parking,stands,6,,no,no,,,,,,,,,,,,,,,,,,,,2026-07-02T22:07:42.303Z,2026-07-02T22:07:42.303Z
2265,node/4545672762,node,POINT(-43.1926097 -22.954918),,,bicycle_parking,stands,4,,no,no,,,,,,,,,,,,,,,,,,,,2026-07-02T22:07:42.303Z,2026-07-02T22:07:42.303Z
2266,node/4545689578,node,POINT(-43.1941312 -22.9548084),,,bicycle_parking,stands,4,,no,no,,,,,,,,,,,,,,,,,,,,2026-07-02T22:07:42.303Z,2026-07-02T22:07:42.303Z
2267,node/4545689579,node,POINT(-43.1948907 -22.9550762),,,bicycle_parking,stands,4,,no,no,,,,,,,,,,,,,,,,,,,,2026-07-02T22:07:42.303Z,2026-07-02T22:07:42.303Z
2268,node/4545689580,node,POINT(-43.1958164 -22.9553938),,,bicycle_parking,stands,4,,no,no,,,,,,,,,,,,,,,,,,,,2026-07-02T22:07:42.303Z,2026-07-02T22:07:42.303Z
2269,node/4545701015,node,POINT(-43.1763805 -22.9000329),,,bicycle_parking,stands,20,,no,no,,,,,,,,,,,,,,,,,,,,2026-07-02T22:07:42.303Z,2026-07-02T22:07:42.303Z
2270,node/4545715726,node,POINT(-43.3622276 -22.9891393),,,bicycle_parking,stands,20,,yes,no,,,,,,,,,,,,,,,,,,,,2026-07-02T22:07:42.303Z,2026-07-02T22:07:42.303Z
2271,node/4545719589,node,POINT(-43.1964799 -22.9558387),,,bicycle_parking,stands,4,,no,no,,,,,,,,,,,,,,,,,,,,2026-07-02T22:07:42.303Z,2026-07-02T22:07:42.303Z
2272,node/4549148127,node,POINT(-38.4969753 -3.7389924),,,bicycle_parking,stands,4,,no,,,,,,,,,,,,,,,,,,,,,2026-07-02T22:07:42.303Z,2026-07-02T22:07:42.303Z
2273,node/4559179501,node,POINT(-38.5090116 -13.0006051),,,bicycle_parking,stands,4,,,,,,,,,,,,,,,,,,,,,,,2026-07-02T22:07:42.303Z,2026-07-02T22:07:42.303Z
2274,node/4559179502,node,POINT(-38.5116553 -13.006137),Paraciclo - BB,,bicycle_parking,stands,5,,no,,,,,,,,,,,,,,,,,,,,,2026-07-02T22:07:42.303Z,2026-07-02T22:07:42.303Z
2275,node/4560096152,node,POINT(-48.8410687 -26.2948094),,,bicycle_parking,stands,16,yes,no,no,no,,,,,,,,,,,,,,,,,,,2026-07-02T22:07:42.303Z,2026-07-02T22:07:42.303Z
2276,node/4567978266,node,POINT(-43.2818586 -22.6282356),,,bicycle_parking,floor,,,,,,,,,,,,,,,,,,,,,,,,2026-07-02T22:07:42.303Z,2026-07-02T22:07:42.303Z
2277,node/4576296313,node,POINT(-43.2390288 -22.8399026),,,bicycle_parking,,,,,,,,,,,,,,,,,,,,,,,,,2026-07-02T22:07:42.303Z,2026-07-02T22:07:42.303Z
2278,node/4585589499,node,POINT(-38.5357334 -3.7277727),Bandeira Cabeleireiros,,bicycle_parking,stands,2,permissive,no,,,,,,,,,Fortaleza,Rua Princesa Isabel,777,Centro,,,,,,,,,2026-07-02T22:07:42.303Z,2026-07-02T22:07:42.303Z
2279,node/4586895990,node,POINT(-49.3350322 -25.4793412),,,bicycle_parking,,10,permissive,no,,,,,,,,,,,,,,,,,,,,,2026-07-02T22:07:42.303Z,2026-07-02T22:07:42.303Z
2280,node/4594130352,node,POINT(-49.3220118 -25.4711934),,,bicycle_parking,,10,,,,,,,,,,,,,,,,,,,,,,,2026-07-02T22:07:42.303Z,2026-07-02T22:07:42.303Z
2281,node/4594130361,node,POINT(-49.3215425 -25.4705462),,,bicycle_parking,,10,,,,,,,,,,,,,,,,,,,,,,,2026-07-02T22:07:42.303Z,2026-07-02T22:07:42.303Z
2282,node/4594130379,node,POINT(-49.3276901 -25.4739043),,,bicycle_parking,,20,,,,,,,,,,,,,,,,,,,,,,,2026-07-02T22:07:42.303Z,2026-07-02T22:07:42.303Z
2283,node/4595460791,node,POINT(-49.3244421 -25.4740581),,,bicycle_parking,,20,,no,,,,,,,,,,,,,,,,,,,,,2026-07-02T22:07:42.303Z,2026-07-02T22:07:42.303Z
2284,node/4605907689,node,POINT(-43.7552722 -20.1062956),,,bicycle_parking,,,,,,,,Entrada Cachoeira,,,,,,,,,,,,,,,,,2026-07-02T22:07:42.303Z,2026-07-02T22:07:42.303Z
2285,node/4608400440,node,POINT(-43.1242358 -22.8924171),,,bicycle_parking,stands,20,,no,no,,,,,,,,,,,,,,,,,,,,2026-07-02T22:07:42.303Z,2026-07-02T22:07:42.303Z
2286,node/4609514929,node,POINT(-43.0957461 -22.8890931),,,bicycle_parking,stands,6,,,no,,,,,,,,,,,,,,,,,,,,2026-07-02T22:07:42.303Z,2026-07-02T22:07:42.303Z
2287,node/4609554038,node,POINT(-43.031306 -22.8754724),,,bicycle_parking,rack,5,,no,no,,,Plaza D'España,,,,,,,,,,,,,,,,,2026-07-02T22:07:42.303Z,2026-07-02T22:07:42.303Z
2288,node/4609616624,node,POINT(-43.2799105 -22.9012227),,,bicycle_parking,stands,4,,no,no,,,,,,,,,,,,,,,,,,,,2026-07-02T22:07:42.303Z,2026-07-02T22:07:42.303Z
2289,node/4609616626,node,POINT(-43.2800902 -22.9011683),,,bicycle_parking,stands,4,,no,no,,,,,,,,,,,,,,,,,,,,2026-07-02T22:07:42.303Z,2026-07-02T22:07:42.303Z
2290,node/4609616627,node,POINT(-43.2806817 -22.9011078),,,bicycle_parking,stands,6,,no,no,,,,,,,,,,,,,,,,,,,,2026-07-02T22:07:42.303Z,2026-07-02T22:07:42.303Z
2291,node/4609637917,node,POINT(-43.1251043 -22.8965543),,,bicycle_parking,rack,40,,no,no,,,UFF,,,,,,,,,,,,,,,,,2026-07-02T22:07:42.303Z,2026-07-02T22:07:42.303Z
2292,node/4612972005,node,POINT(-43.183966 -22.9455907),,,bicycle_parking,stands,10,,no,no,,,,,,,,,,,,,,,,,,,,2026-07-02T22:07:42.303Z,2026-07-02T22:07:42.303Z
2293,node/4612989265,node,POINT(-43.1814612 -22.9427543),,,bicycle_parking,rack,6,,yes,no,,,,,,,,,,,,,,,,,,,,2026-07-02T22:07:42.303Z,2026-07-02T22:07:42.303Z
2294,node/4613007249,node,POINT(-43.1730928 -22.9117975),,,bicycle_parking,stands,6,,no,no,,,,,,,,,,,,,,,,,,,,2026-07-02T22:07:42.303Z,2026-07-02T22:07:42.303Z
2295,node/4613015990,node,POINT(-43.3454656 -22.9994646),,,bicycle_parking,rack,5,customers,yes,no,,,,,,,,,,,,,,,,,,,,2026-07-02T22:07:42.303Z,2026-07-02T22:07:42.303Z
2296,node/4613015991,node,POINT(-43.3464527 -22.9994597),,,bicycle_parking,rack,5,customers,yes,no,,,,,,,,,,,,,,,,,,,,2026-07-02T22:07:42.303Z,2026-07-02T22:07:42.303Z
2297,node/4613015992,node,POINT(-43.346678 -22.9985215),,,bicycle_parking,rack,5,customers,yes,no,,,,,,,,,,,,,,,,,,,,2026-07-02T22:07:42.303Z,2026-07-02T22:07:42.303Z
2298,node/4613015993,node,POINT(-43.3463776 -22.9976919),,,bicycle_parking,rack,5,customers,yes,no,,,,,,,,,,,,,,,,,,,,2026-07-02T22:07:42.303Z,2026-07-02T22:07:42.303Z
2299,node/4613015994,node,POINT(-43.3463508 -22.9967438),,,bicycle_parking,rack,5,customers,yes,no,,,,,,,,,,,,,,,,,,,,2026-07-02T22:07:42.303Z,2026-07-02T22:07:42.303Z
2300,node/4613015995,node,POINT(-43.3455622 -22.9966252),,,bicycle_parking,rack,5,customers,yes,no,,,,,,,,,,,,,,,,,,,,2026-07-02T22:07:42.303Z,2026-07-02T22:07:42.303Z
2301,node/4613015996,node,POINT(-43.345648 -22.9976079),,,bicycle_parking,rack,5,customers,yes,no,,,,,,,,,,,,,,,,,,,,2026-07-02T22:07:42.314Z,2026-07-02T22:07:42.314Z
2302,node/4613031992,node,POINT(-43.186358 -22.8946352),,,bicycle_parking,stands,8,,no,no,,,,,,,,,,,,,,,,,,,,2026-07-02T22:07:42.314Z,2026-07-02T22:07:42.314Z
2303,node/4613040465,node,POINT(-43.1774711 -22.9407036),,,bicycle_parking,stands,4,,no,no,,,,,,,,,,,,,,,,,,,,2026-07-02T22:07:42.314Z,2026-07-02T22:07:42.314Z
2304,node/4613058496,node,POINT(-43.1848826 -22.9496258),,,bicycle_parking,stands,4,,no,no,,,,,,,,,,,,,,,,,,,,2026-07-02T22:07:42.314Z,2026-07-02T22:07:42.314Z
2305,node/4613058497,node,POINT(-43.184786 -22.9501259),,,bicycle_parking,stands,4,,no,no,,,,,,,,,,,,,,,,,,,,2026-07-02T22:07:42.314Z,2026-07-02T22:07:42.314Z
2306,node/4613058498,node,POINT(-43.1847458 -22.9503297),,,bicycle_parking,stands,4,,no,no,,,,,,,,,,,,,,,,,,,,2026-07-02T22:07:42.314Z,2026-07-02T22:07:42.314Z
2307,node/4613058499,node,POINT(-43.1846425 -22.9507422),,,bicycle_parking,stands,4,,no,no,,,,,,,,,,,,,,,,,,,,2026-07-02T22:07:42.314Z,2026-07-02T22:07:42.314Z
2308,node/4613058500,node,POINT(-43.1845567 -22.9511299),,,bicycle_parking,stands,2,,no,no,,,,,,,,,,,,,,,,,,,,2026-07-02T22:07:42.314Z,2026-07-02T22:07:42.314Z
2309,node/4614624290,node,POINT(-48.6322043 -26.9880145),,,bicycle_parking,,,,,,,,,,,,,,,,,,,,,,,,,2026-07-02T22:07:42.314Z,2026-07-02T22:07:42.314Z
2310,node/4621614013,node,POINT(-43.4625144 -23.0137032),,,bicycle_parking,rack,,,,,,,,,,,,,,,,,,,,,,,,2026-07-02T22:07:42.314Z,2026-07-02T22:07:42.314Z
2311,node/4645660659,node,POINT(-43.4874156 -23.0217227),,,bicycle_parking,rack,,private,no,,,,Up Life,,,,,,,,,,,,,,,,,2026-07-02T22:07:42.314Z,2026-07-02T22:07:42.314Z
2312,node/4654642847,node,POINT(-52.2326823 -31.761387),,,bicycle_parking,,,,,,,,,,,,,,,,,,,,,,,,,2026-07-02T22:07:42.314Z,2026-07-02T22:07:42.314Z
2313,node/4659462390,node,POINT(-43.9391203 -19.9320569),,,bicycle_parking,,,,,,,,,,,,,,,,,,,,,,,,,2026-07-02T22:07:42.314Z,2026-07-02T22:07:42.314Z
2314,node/4665656048,node,POINT(-40.2681065 -20.3246852),,,bicycle_parking,,,,,,,,,,,,,,,,,,,,,,,,,2026-07-02T22:07:42.314Z,2026-07-02T22:07:42.314Z
2315,node/4668169259,node,POINT(-49.06663 -26.9209628),Estação Bike Café,"O Estação Bike Café é um empreendimento que pretende trazer um novo conceito para a cidade de Blumenau, acreditamos que através da bicicleta podemos tornar nossa cidade muito melhor.",bicycle_parking,stands,50,customers,yes,yes,yes,yes,,,,,,,Rua Padre Jacobs,165,,,,,,,,,,2026-07-02T22:07:42.314Z,2026-07-02T22:07:42.314Z
2316,node/4678927275,node,POINT(-49.3261926 -25.4774004),,,bicycle_parking,,10,,no,,,,,,,,,,,,,,,,,,,,,2026-07-02T22:07:42.314Z,2026-07-02T22:07:42.314Z
2317,node/4684412836,node,POINT(-49.2713561 -25.4279247),,,bicycle_parking,stands,10,,no,,,,,,,,,,,,,,,,,,,,,2026-07-02T22:07:42.314Z,2026-07-02T22:07:42.314Z
2318,node/4688964646,node,POINT(-49.2731776 -25.4248088),,,bicycle_parking,,10,,no,,,,,,,,,,,,,,,,,,,,,2026-07-02T22:07:42.314Z,2026-07-02T22:07:42.314Z
2319,node/4688964647,node,POINT(-49.2741392 -25.4238906),,,bicycle_parking,,10,,,,,,,,,,,,,,,,,,,,,,,2026-07-02T22:07:42.314Z,2026-07-02T22:07:42.314Z
2320,node/4690893214,node,POINT(-52.7055326 -27.1141032),,,bicycle_parking,rack,44,yes,no,no,,yes,Universidade Federal da Fronteira Sul,,,,,,,,,,,,,,,,,2026-07-02T22:07:42.314Z,2026-07-02T22:07:42.314Z
2321,node/4691064730,node,POINT(-40.2836981 -20.3363877),,,bicycle_parking,wall_loops,,,no,,,,,,,,,,,,,,,,,,,,,2026-07-02T22:07:42.314Z,2026-07-02T22:07:42.314Z
2322,node/4693815350,node,POINT(-47.8983917 -15.7336226),,,bicycle_parking,wall_loops,,,yes,,,,,,,,,,,,,,,,,,,,,2026-07-02T22:07:42.314Z,2026-07-02T22:07:42.314Z
2323,node/4693991120,node,POINT(-47.8995876 -15.7890718),,,bicycle_parking,,,,no,,,,,,,,,,,,,,,,,,,,,2026-07-02T22:07:42.314Z,2026-07-02T22:07:42.314Z
2324,node/4708417487,node,POINT(-48.8358951 -26.2954192),,,bicycle_parking,,,,,,,,,,,,,,,,,,,,,,,,,2026-07-02T22:07:42.314Z,2026-07-02T22:07:42.314Z
2325,node/4708496567,node,POINT(-45.8786722 -23.1849077),,,bicycle_parking,stands,5,,no,,,,,,,,,,,,,,,,,,,,,2026-07-02T22:07:42.314Z,2026-07-02T22:07:42.314Z
2326,node/4708496568,node,POINT(-45.8851317 -23.1839478),,,bicycle_parking,,,,no,,,,,,,,,,,,,,,,,,,,,2026-07-02T22:07:42.314Z,2026-07-02T22:07:42.314Z
2327,node/4708496569,node,POINT(-45.8844694 -23.1825083),,,bicycle_parking,,8,,no,,,,,,,,,,,,,,,,,,,,,2026-07-02T22:07:42.314Z,2026-07-02T22:07:42.314Z
2328,node/4708496570,node,POINT(-45.8856624 -23.1810163),,,bicycle_parking,,,,no,,,,,,,,,,,,,,,,,,,,,2026-07-02T22:07:42.314Z,2026-07-02T22:07:42.314Z
2329,node/4723166750,node,POINT(-38.5014833 -3.7369034),Bicicletário Grupo Manga,,bicycle_parking,stands,6,,no,,,,,,,,,,,,,,,,,,,,,2026-07-02T22:07:42.314Z,2026-07-02T22:07:42.314Z
2330,node/4725024251,node,POINT(-49.1737463 -26.7385766),,,bicycle_parking,wall_loops,5,yes,no,no,,,,,,,,,,,,,,,,,,,,2026-07-02T22:07:42.314Z,2026-07-02T22:07:42.314Z
2331,node/4727745560,node,POINT(-43.4828223 -23.0203264),,,bicycle_parking,,,,,,,,,,,,,,,,,,,,,,,,,2026-07-02T22:07:42.314Z,2026-07-02T22:07:42.314Z
2332,node/4727745561,node,POINT(-43.4824053 -23.0203505),,,bicycle_parking,,,,,,,,,,,,,,,,,,,,,,,,,2026-07-02T22:07:42.314Z,2026-07-02T22:07:42.314Z
2333,node/4731267152,node,POINT(-49.1756009 -26.7412402),,,bicycle_parking,wall_loops,,yes,no,no,,,,,,,,,,,,,,,,,,,,2026-07-02T22:07:42.314Z,2026-07-02T22:07:42.314Z
2334,node/4735329531,node,POINT(-49.1727296 -26.7258235),,,bicycle_parking,wall_loops,,yes,yes,no,,,,,,,,,,,,,,,,,,,,2026-07-02T22:07:42.314Z,2026-07-02T22:07:42.314Z
2335,node/4735329532,node,POINT(-49.1727638 -26.7258777),,,bicycle_parking,wall_loops,,yes,yes,no,,,,,,,,,,,,,,,,,,,,2026-07-02T22:07:42.314Z,2026-07-02T22:07:42.314Z
2336,node/4750000212,node,POINT(-43.4892968 -23.0223972),,,bicycle_parking,,,,,,,,,,,,,,,,,,,,,,,,,2026-07-02T22:07:42.314Z,2026-07-02T22:07:42.314Z
2337,node/4751916558,node,POINT(-49.1769612 -26.7373199),,,bicycle_parking,ground_slots,,yes,no,no,,,,,,,,,,,,,,,,,,,,2026-07-02T22:07:42.314Z,2026-07-02T22:07:42.314Z
2338,node/4756270429,node,POINT(-38.4733713 -12.9968219),,,bicycle_parking,stands,26,,no,,,,,,,,,,,,,,,,,,,,,2026-07-02T22:07:42.314Z,2026-07-02T22:07:42.314Z
2339,node/4770278721,node,POINT(-49.1767677 -26.7350934),,,bicycle_parking,ground_slots,5,yes,no,no,,,,,,,,,,,,,,,,,,,,2026-07-02T22:07:42.314Z,2026-07-02T22:07:42.314Z
2340,node/4773598310,node,POINT(-51.2539447 -30.1046867),,,bicycle_parking,stands,3,customers,no,no,no,yes,Paseo Zona Sul,,,,,,,,,,Mo-Sa 10:00-22:00; Su 14:00-20:00,,,,,,,2026-07-02T22:07:42.314Z,2026-07-02T22:07:42.314Z
2341,node/4781686385,node,POINT(-49.2318559 -25.4515394),,,bicycle_parking,stands,5,,no,,,,,,,,,,,,,,,,,,,,,2026-07-02T22:07:42.314Z,2026-07-02T22:07:42.314Z
2342,node/4783262103,node,POINT(-48.1022371 -15.7943624),,,bicycle_parking,wall_loops,,,no,,,,,,,,,,,,,,,,,,,,,2026-07-02T22:07:42.314Z,2026-07-02T22:07:42.314Z
2343,node/4785159998,node,POINT(-47.8713102 -15.8172411),,,bicycle_parking,,,,,,,,ASBAC,,,,,,,,,,,,,,,,,2026-07-02T22:07:42.314Z,2026-07-02T22:07:42.314Z
2344,node/4787231143,node,POINT(-47.4473909 -23.4695013),,,bicycle_parking,,12,,,,,yes,,,,,asphalt,,,,,,,,,,,,,2026-07-02T22:07:42.314Z,2026-07-02T22:07:42.314Z
2345,node/4787362622,node,POINT(-51.0739431 -29.9978418),,,bicycle_parking,wall_loops,6,customers,no,no,no,yes,Lojas Colombo,,,,,,,,,,,,,,,,,2026-07-02T22:07:42.314Z,2026-07-02T22:07:42.314Z
2346,node/4787362623,node,POINT(-51.1969813 -29.9986036),,,bicycle_parking,wall_loops,7,customers,yes,no,yes,yes,Foro Regional do 4º Distrito,,,,,,,,,,Mo-Fr 09:00-18:00,,,,,,,2026-07-02T22:07:42.314Z,2026-07-02T22:07:42.314Z
2347,node/4787362624,node,POINT(-51.1233852 -30.002618),,,bicycle_parking,wall_loops,6,customers,no,no,no,yes,Boulevard Deville,,,,,,,,,,Su-Sa 09:00-24:00,,,,,,,2026-07-02T22:07:42.314Z,2026-07-02T22:07:42.314Z
2348,node/4787362625,node,POINT(-51.183755 -30.0049497),,,bicycle_parking,wall_loops,35,customers,no,no,yes,yes,Bourbon Shopping Assis Brasil,,,,,,,,,,Mo-Sa 08:00-23:00; Su 09:00-21:00,,,,,,,2026-07-02T22:07:42.314Z,2026-07-02T22:07:42.314Z
2349,node/4787362626,node,POINT(-51.1847465 -30.0071837),,,bicycle_parking,stands,5,customers,no,no,no,yes,Bourbon Shopping Assis Brasil,,,,,,,,,,Mo-Sa 08:00-23:00; Su 09:00-21:00,,,,,,,2026-07-02T22:07:42.314Z,2026-07-02T22:07:42.314Z
2350,node/4787362627,node,POINT(-51.1435142 -30.0100629),,Paraciclos da EPTC,bicycle_parking,stands,2,yes,no,no,no,yes,Nacional,,,,,,,,,,24/7,,,,,,,2026-07-02T22:07:42.314Z,2026-07-02T22:07:42.314Z
2351,node/4787362628,node,POINT(-51.1805235 -30.0117665),,Paraciclo da Braskem,bicycle_parking,stands,1,yes,no,no,no,yes,Colégio Salesiano Dom Bosco,,,,,,,,,,24/7,,,,,,,2026-07-02T22:07:42.314Z,2026-07-02T22:07:42.314Z
2352,node/4787362629,node,POINT(-51.1979049 -30.0121814),,,bicycle_parking,wall_loops,4,customers,no,no,no,yes,UniSuper São Geraldo,,,,,,,,,,Mo-Sa 07:30-20:30; Su 08:00-12:30,,,,,,,2026-07-02T22:07:42.314Z,2026-07-02T22:07:42.314Z
2353,node/4787362630,node,POINT(-51.1875744 -30.0125691),,Paraciclo da Braskem,bicycle_parking,stands,1,yes,no,no,no,yes,Centro de Ensino Pastor Dohms Higienópolis,,,,,,,,,,24/7,,,,,,,2026-07-02T22:07:42.314Z,2026-07-02T22:07:42.314Z
2354,node/4787362631,node,POINT(-51.2113488 -30.013903),,,bicycle_parking,stands,1,yes,no,no,no,yes,,,,,,,,,,,24/7,,,,,,,2026-07-02T22:07:42.314Z,2026-07-02T22:07:42.314Z
2355,node/4787362632,node,POINT(-51.2025806 -30.0173788),,Paraciclo da Braskem,bicycle_parking,stands,1,customers,no,no,yes,yes,Escola Técnica Irmão Pedro,,,,,,,,,,Mo-Fr 07:30-22:45,,,,,,,2026-07-02T22:07:42.314Z,2026-07-02T22:07:42.314Z
2356,node/4787362633,node,POINT(-51.197499 -30.0180083),,,bicycle_parking,stands,1,customers,no,no,no,yes,Panvel,,,,,,,,,,24/7,,,,,,,2026-07-02T22:07:42.314Z,2026-07-02T22:07:42.314Z
2357,node/4787362634,node,POINT(-51.2002333 -30.0185676),,Paraciclo da Braskem,bicycle_parking,stands,1,yes,no,no,no,yes,Studio Q,,,,,,,,,,24/7,,,,,,,2026-07-02T22:07:42.314Z,2026-07-02T22:07:42.314Z
2358,node/4787362635,node,POINT(-51.2084847 -30.0188678),,,bicycle_parking,stands,5,customers,no,no,no,yes,Vila Velô,,,,,,,,,,Mo-Fr 09:00-18:30; Sa 09:00-16:00,,,,,,,2026-07-02T22:07:42.314Z,2026-07-02T22:07:42.314Z
2359,node/4787362637,node,POINT(-51.1615313 -30.019671),,Paraciclo da Braskem,bicycle_parking,stands,1,yes,no,no,no,yes,Lav & Lev,,,,,,,,,,24/7,,,,,,,2026-07-02T22:07:42.314Z,2026-07-02T22:07:42.314Z
2360,node/4787362638,node,POINT(-51.1985138 -30.0200817),,,bicycle_parking,wall_loops,4,customers,no,no,no,yes,Panvel,,,,,,,,,,Mo-Sa 08:00-21:00; Su 10:00-19:00,,,,,,,2026-07-02T22:07:42.314Z,2026-07-02T22:07:42.314Z
2361,node/4787362639,node,POINT(-51.2073331 -30.0208885),,,bicycle_parking,stands,5,customers,no,no,no,yes,Zaffari Cristóvão,,,,,,,,,,Mo-Sa 08:00-23:00,,,,,,,2026-07-02T22:07:42.314Z,2026-07-02T22:07:42.314Z
2362,node/4787362640,node,POINT(-51.21064 -30.0216991),,,bicycle_parking,wall_loops,5,customers,no,no,no,yes,Porto Alegre Hostel Boutique,,,,,,,,,,24/7,,,,,,,2026-07-02T22:07:42.314Z,2026-07-02T22:07:42.314Z
2363,node/4787362641,node,POINT(-51.1908777 -30.0218012),,,bicycle_parking,stands,1,yes,no,no,no,yes,Panvel,,,,,,,,,,24/7,,,,,,,2026-07-02T22:07:42.314Z,2026-07-02T22:07:42.314Z
2364,node/4787362642,node,POINT(-51.1967506 -30.0225818),,,bicycle_parking,stands,3,customers,no,no,no,yes,Zaffari Bordini,,,,,,,,,,Mo-Sa 07:30-22:00; Su 09:00-21:00,,,,,,,2026-07-02T22:07:42.314Z,2026-07-02T22:07:42.314Z
2365,node/4787362643,node,POINT(-51.2190113 -30.0232561),,,bicycle_parking,wall_loops,10,customers,yes,no,yes,yes,Estação Rodoviária,,,,,,,,,,24/7,,,,,,,2026-07-02T22:07:42.314Z,2026-07-02T22:07:42.314Z
2366,node/4787362645,node,POINT(-51.191513 -30.0242608),,Paraciclo da Braskem,bicycle_parking,stands,1,yes,no,no,no,yes,Colégio Estadual Piratini,,,,,,,,,,24/7,,,,,,,2026-07-02T22:07:42.314Z,2026-07-02T22:07:42.314Z
2367,node/4787362646,node,POINT(-51.1921892 -30.024446),,Paraciclo da Braskem,bicycle_parking,stands,1,yes,no,no,no,yes,,,,,,,,,,,24/7,,,,,,,2026-07-02T22:07:42.314Z,2026-07-02T22:07:42.314Z
2368,node/4787362647,node,POINT(-51.2028607 -30.024512),,,bicycle_parking,stands,1,yes,no,no,no,yes,Panvel,,,,,,,,,,24/7,,,,,,,2026-07-02T22:07:42.314Z,2026-07-02T22:07:42.314Z
2369,node/4787362648,node,POINT(-51.2012084 -30.0247706),,,bicycle_parking,stands,4,customers,no,no,no,yes,Panvel,,,,,,,,,,24/7,,,,,,,2026-07-02T22:07:42.314Z,2026-07-02T22:07:42.314Z
2370,node/4787362649,node,POINT(-51.2227171 -30.0247861),,,bicycle_parking,stands,1,yes,no,no,no,yes,Sindiatacadistas,,,,,,,,,,24/7,,,,,,,2026-07-02T22:07:42.314Z,2026-07-02T22:07:42.314Z
2371,node/4787362650,node,POINT(-51.2043281 -30.0255211),,Paraciclo da Braskem,bicycle_parking,stands,1,yes,no,no,no,yes,,,,,,,,,,,24/7,,,,,,,2026-07-02T22:07:42.314Z,2026-07-02T22:07:42.314Z
2372,node/4787362651,node,POINT(-51.204648 -30.0259372),,Paraciclo da Braskem,bicycle_parking,stands,1,yes,no,no,no,yes,Centro Profissional Padre Chagas,,,,,,,,,,24/7,,,,,,,2026-07-02T22:07:42.314Z,2026-07-02T22:07:42.314Z
2373,node/4787362652,node,POINT(-51.2120775 -30.0259651),,,bicycle_parking,stands,12,customers,no,no,yes,yes,Shopping Total,,,,,,,,,,Mo-Sa 10:00-22:00; Su 11:00-22:00,,,,,,,2026-07-02T22:07:42.314Z,2026-07-02T22:07:42.314Z
2374,node/4787362653,node,POINT(-51.1740229 -30.0277941),,,bicycle_parking,wall_loops,4,customers,no,no,no,yes,Panvel,,,,,,,,,,Mo-Sa 07:30-23:00; Su 09:30-21:00,,,,,,,2026-07-02T22:07:42.314Z,2026-07-02T22:07:42.314Z
2375,node/4787362654,node,POINT(-51.2054904 -30.0278146),,Paraciclos da EPTC,bicycle_parking,stands,2,yes,no,no,no,yes,Departamento Municipal de Água e Esgotos,,,,,,,,,,24/7,,,,,,,2026-07-02T22:07:42.314Z,2026-07-02T22:07:42.314Z
2376,node/4787362655,node,POINT(-51.20563 -30.0280219),,,bicycle_parking,rack,4,customers,no,no,no,yes,Kevingston House,,,,,,,,,,Mo-Sa 10:00-19:00,,,,,,,2026-07-02T22:07:42.314Z,2026-07-02T22:07:42.314Z
2377,node/4787362656,node,POINT(-51.1763412 -30.0282992),,Paraciclo da Braskem,bicycle_parking,stands,1,yes,no,no,no,yes,Unisinos,,,,,,,,,,24/7,,,,,,,2026-07-02T22:07:42.314Z,2026-07-02T22:07:42.314Z
2378,node/4787362657,node,POINT(-51.1578494 -30.0286121),,,bicycle_parking,bollard,4,customers,no,no,no,yes,Viva Open Mall,,,,,,,,,,Mo-Sa 10:00-22:00; Su 14:00-20:00,,,,,,,2026-07-02T22:07:42.314Z,2026-07-02T22:07:42.314Z
2379,node/4787362658,node,POINT(-51.2147549 -30.0293994),,Paraciclos da EPTC,bicycle_parking,stands,3,yes,no,no,no,yes,Hospital Presidente Vargas,,,,,,,,,,24/7,,,,,,,2026-07-02T22:07:42.314Z,2026-07-02T22:07:42.314Z
2380,node/4787362659,node,POINT(-51.2064069 -30.0305562),,,bicycle_parking,wall_loops,5,customers,no,no,no,yes,Lola Bar,,,,,,,,,,Mo-Sa 18:00-23:00,,,,,,,2026-07-02T22:07:42.314Z,2026-07-02T22:07:42.314Z
2381,node/4787362661,node,POINT(-51.2153382 -30.0313293),,,bicycle_parking,wall_loops,3,customers,no,no,no,yes,Lato Sensu,,,,,,,,,,"Mo-Fr 07:00-12:00,15:00-21:00",,,,,,,2026-07-02T22:07:42.314Z,2026-07-02T22:07:42.314Z
2382,node/4787362662,node,POINT(-51.2126189 -30.0315619),,Paraciclo da EPTC,bicycle_parking,stands,1,yes,no,no,no,yes,Mini Shopping Bom Fim,,,,,,,,,,24/7,,,,,,,2026-07-02T22:07:42.314Z,2026-07-02T22:07:42.314Z
2383,node/4787362663,node,POINT(-51.2105286 -30.0318161),,,bicycle_parking,stands,1,yes,no,no,no,yes,Palavraria,,,,,,,,,,24/7,,,,,,,2026-07-02T22:07:42.314Z,2026-07-02T22:07:42.314Z
2384,node/4787362664,node,POINT(-51.207204 -30.0321851),,,bicycle_parking,wall_loops,5,customers,no,no,no,yes,CAF Fisioterapia,,,,,,,,,,Mo-Fr 07:00-20:00; Sa 08:00-12:00,,,,,,,2026-07-02T22:07:42.314Z,2026-07-02T22:07:42.314Z
2385,node/4787362665,node,POINT(-51.2306893 -30.0323071),,,bicycle_parking,rack,12,customers,no,no,yes,yes,Multipalco Theatro São Pedro,,,,,,,,,,Mo-Fr 07:00-19:30; Sa 11:00-16:00,,,,,,,2026-07-02T22:07:42.314Z,2026-07-02T22:07:42.314Z
2386,node/4787362666,node,POINT(-51.2184848 -30.0325943),,,bicycle_parking,stands,1,yes,no,no,no,yes,Cartório de Registro Civil 4ª Zona,,,,,,,,,,24/7,,,,,,,2026-07-02T22:07:42.314Z,2026-07-02T22:07:42.314Z
2387,node/4787362667,node,POINT(-51.2178296 -30.0326961),,,bicycle_parking,wall_loops,9,customers,no,no,no,yes,Condomínio Centro Profissional Chanceler Osvaldo Aranha,,,,,,,,,,Mo-Fr 08:00-18:00,,,,,,,2026-07-02T22:07:42.314Z,2026-07-02T22:07:42.314Z
2388,node/4787362668,node,POINT(-51.2108656 -30.0333853),,,bicycle_parking,stands,1,yes,no,no,no,yes,Pastel com Borda Bom Fim,,,,,,,,,,24/7,,,,,,,2026-07-02T22:07:42.314Z,2026-07-02T22:07:42.314Z
2389,node/4787362669,node,POINT(-51.1904265 -30.0338551),,,bicycle_parking,stands,1,yes,no,no,no,yes,Panvel,,,,,,,,,,24/7,,,,,,,2026-07-02T22:07:42.314Z,2026-07-02T22:07:42.314Z
2390,node/4787362671,node,POINT(-51.2355736 -30.0339989),,Paraciclo da Braskem,bicycle_parking,stands,1,yes,no,no,no,yes,,,,,,,,,,,24/7,,,,,,,2026-07-02T22:07:42.314Z,2026-07-02T22:07:42.314Z
2391,node/4787362672,node,POINT(-51.2127279 -30.0340592),,,bicycle_parking,wall_loops,5,customers,no,no,no,yes,Centro Profissional Arthur Rubinstein,,,,,,,,,,,,,,,,,2026-07-02T22:07:42.314Z,2026-07-02T22:07:42.314Z
2392,node/4787362673,node,POINT(-51.2127807 -30.0341366),,Paraciclo do PoA Bikes,bicycle_parking,stands,1,yes,no,no,no,yes,Centro Profissional Arthur Rubinstein,,,,,,,,,,24/7,,,,,,,2026-07-02T22:07:42.314Z,2026-07-02T22:07:42.314Z
2393,node/4787362674,node,POINT(-51.2132123 -30.0343816),,Paraciclos do PoA Bikes,bicycle_parking,bollard,2,yes,no,no,no,yes,Condomínio Edifício Telmo,,,,,,,,,,24/7,,,,,,,2026-07-02T22:07:42.314Z,2026-07-02T22:07:42.314Z
2394,node/4787362675,node,POINT(-51.2376344 -30.0345726),,,bicycle_parking,wall_loops,3,customers,no,no,no,yes,Tribunal Regional Eleitoral,,,,,,,,,,Mo-Fr 10:00-17:00,,,,,,,2026-07-02T22:07:42.314Z,2026-07-02T22:07:42.314Z
2395,node/4787362677,node,POINT(-51.2217023 -30.0351112),,Paraciclos da EPTC,bicycle_parking,stands,2,customers,no,no,no,yes,Edel Trade Center,,,,,,,,,,,,,,,,,2026-07-02T22:07:42.314Z,2026-07-02T22:07:42.314Z
2396,node/4787362678,node,POINT(-51.2254149 -30.0351913),,,bicycle_parking,wall_loops,6,yes,no,no,no,yes,Confeitaria Dá Gosto,,,,,,,,,,24/7,,,,,,,2026-07-02T22:07:42.314Z,2026-07-02T22:07:42.314Z
2397,node/4787362679,node,POINT(-51.2141974 -30.0352868),,Paraciclos da EPTC,bicycle_parking,stands,4,yes,no,no,no,yes,PMPA,,,,,,,,,,24/7,,,,,,,2026-07-02T22:07:42.314Z,2026-07-02T22:07:42.314Z
2398,node/4787362681,node,POINT(-51.2110022 -30.0353688),,,bicycle_parking,stands,1,yes,no,no,no,yes,Fome de Bolo,,,,,,,,,,24/7,,,,,,,2026-07-02T22:07:42.314Z,2026-07-02T22:07:42.314Z
2399,node/4787362682,node,POINT(-51.2110044 -30.0354048),,Paraciclo da Braskem,bicycle_parking,stands,1,yes,no,no,no,yes,Chocolates Prawer Bom Fim,,,,,,,,,,24/7,,,,,,,2026-07-02T22:07:42.314Z,2026-07-02T22:07:42.314Z
2400,node/4787362683,node,POINT(-51.2057778 -30.0357062),,,bicycle_parking,stands,1,yes,no,no,no,yes,Maria Bolaria,,,,,,,,,,24/7,,,,,,,2026-07-02T22:07:42.314Z,2026-07-02T22:07:42.314Z
2401,node/4787362685,node,POINT(-51.2112178 -30.0360887),,Paraciclos do PoA Bikes,bicycle_parking,stands,2,yes,no,no,no,yes,PMPA,,,,,,,,,,24/7,,,,,,,2026-07-02T22:07:42.325Z,2026-07-02T22:07:42.325Z
2402,node/4787362686,node,POINT(-51.2110957 -30.0364229),,Paraciclos da EPTC,bicycle_parking,stands,10,yes,no,no,no,yes,PMPA,,,,,,,,,,24/7,,,,,,,2026-07-02T22:07:42.325Z,2026-07-02T22:07:42.325Z
2403,node/4787362687,node,POINT(-51.2213913 -30.0366334),,,bicycle_parking,stands,1,yes,no,no,no,yes,,,,,,,,,,,24/7,,,,,,,2026-07-02T22:07:42.325Z,2026-07-02T22:07:42.325Z
2404,node/4787362688,node,POINT(-51.2205866 -30.0366352),,,bicycle_parking,wall_loops,3,customers,no,no,no,yes,Café República,,,,,,,,,,Tu-Sa 12:00-20:00; Su 13:00-20:00,,,,,,,2026-07-02T22:07:42.325Z,2026-07-02T22:07:42.325Z
2405,node/4787362689,node,POINT(-51.2207696 -30.0367617),,,bicycle_parking,stands,3,yes,no,no,no,yes,Via Sapiens,,,,,,,,,,24/7,,,,,,,2026-07-02T22:07:42.325Z,2026-07-02T22:07:42.325Z
2406,node/4787362690,node,POINT(-51.2074697 -30.0369686),,Paraciclo do PoA Bikes,bicycle_parking,stands,1,yes,no,no,no,yes,,,,,,,,,,,24/7,,,,,,,2026-07-02T22:07:42.325Z,2026-07-02T22:07:42.325Z
2407,node/4787362691,node,POINT(-51.2054032 -30.0372814),,Paraciclo do PoA Bikes,bicycle_parking,stands,1,yes,no,no,no,yes,,,,,,,,,,,24/7,,,,,,,2026-07-02T22:07:42.325Z,2026-07-02T22:07:42.325Z
2408,node/4787362692,node,POINT(-51.210003 -30.0373444),,,bicycle_parking,stands,1,yes,no,no,no,yes,Panvel,,,,,,,,,,24/7,,,,,,,2026-07-02T22:07:42.325Z,2026-07-02T22:07:42.325Z
2409,node/4787362693,node,POINT(-51.2128178 -30.0374044),,,bicycle_parking,wall_loops,8,yes,no,no,no,yes,PMPA,,,,,,,,,,24/7,,,,,,,2026-07-02T22:07:42.325Z,2026-07-02T22:07:42.325Z
2410,node/4787362694,node,POINT(-51.2298765 -30.0375061),,,bicycle_parking,wall_loops,10,yes,no,no,no,yes,Colégio ACM Centro,,,,,,,,,,24/7,,,,,,,2026-07-02T22:07:42.325Z,2026-07-02T22:07:42.325Z
2411,node/4787362695,node,POINT(-51.2376482 -30.0376553),,,bicycle_parking,stands,29,customers,no,no,yes,yes,Câmara Municipal,,,,,,,,,,"Mo-Fr 08:00-12:00,13:30-18:00",,,,,,,2026-07-02T22:07:42.325Z,2026-07-02T22:07:42.325Z
2412,node/4787362696,node,POINT(-51.204538 -30.0377165),,Paraciclo da Braskem,bicycle_parking,stands,1,yes,no,no,no,yes,Gaúcha Bike,,,,,,,,,,24/7,,,,,,,2026-07-02T22:07:42.325Z,2026-07-02T22:07:42.325Z
2413,node/4787362697,node,POINT(-51.2254094 -30.0379114),,,bicycle_parking,wall_loops,5,customers,no,no,no,yes,Preventiva,,,,,,,,,,Mo-Fr 07:00-21:00,,,,,,,2026-07-02T22:07:42.325Z,2026-07-02T22:07:42.325Z
2414,node/4787362698,node,POINT(-51.2127493 -30.037933),,,bicycle_parking,stands,2,yes,no,no,no,yes,Casa Perky,,,,,,,,,,24/7,,,,,,,2026-07-02T22:07:42.325Z,2026-07-02T22:07:42.325Z
2415,node/4787362699,node,POINT(-51.222753 -30.0381559),,,bicycle_parking,wall_loops,6,yes,no,no,no,yes,Sirius,,,,,,,,,,24/7,,,,,,,2026-07-02T22:07:42.325Z,2026-07-02T22:07:42.325Z
2416,node/4787362700,node,POINT(-51.2208193 -30.0383173),,,bicycle_parking,stands,5,customers,no,no,no,yes,Zaffari Lima e Silva,,,,,,,,,,Mo-Sa 08:00-23:00; Su 09:00-21:00,,,,,,,2026-07-02T22:07:42.325Z,2026-07-02T22:07:42.325Z
2417,node/4787362701,node,POINT(-51.205045 -30.0387092),,Paraciclos da EPTC,bicycle_parking,stands,3,yes,no,no,no,yes,Unidade Básica de Saúde Santa Cecília,,,,,,,,,,24/7,,,,,,,2026-07-02T22:07:42.325Z,2026-07-02T22:07:42.325Z
2418,node/4787362703,node,POINT(-51.2238444 -30.0391034),,Paraciclos da EPTC,bicycle_parking,stands,2,yes,no,no,no,yes,Condomínio Edifício Salomão Ioschpe,,,,,,,,,,24/7,,,,,,,2026-07-02T22:07:42.325Z,2026-07-02T22:07:42.325Z
2419,node/4787362704,node,POINT(-51.2201257 -30.0391914),,,bicycle_parking,wall_loops,4,customers,yes,no,no,yes,Farmácia Quíron Cidade Baixa,,,,,,,,,,Mo-Sa 09:00-21:00,,,,,,,2026-07-02T22:07:42.325Z,2026-07-02T22:07:42.325Z
2420,node/4787362705,node,POINT(-51.2234281 -30.0395037),,Paraciclo da Braskem,bicycle_parking,stands,1,yes,no,no,no,yes,,,,,,,,,,,24/7,,,,,,,2026-07-02T22:07:42.325Z,2026-07-02T22:07:42.325Z
2421,node/4787362706,node,POINT(-51.2248303 -30.0395799),,Paraciclo da Braskem,bicycle_parking,stands,1,yes,no,no,no,yes,Aquavit,,,,,,,,,,24/7,,,,,,,2026-07-02T22:07:42.325Z,2026-07-02T22:07:42.325Z
2422,node/4787362707,node,POINT(-51.235567 -30.0399758),,,bicycle_parking,stands,3,customers,no,no,yes,yes,Justiça Federal,,,,,,,,,,Mo-Fr 13:00-18:00,,,,,,,2026-07-02T22:07:42.325Z,2026-07-02T22:07:42.325Z
2423,node/4787362708,node,POINT(-51.218944 -30.0402204),,,bicycle_parking,wall_loops,4,yes,no,no,no,yes,Casa Azul,,,,,,,,,,24/7,,,,,,,2026-07-02T22:07:42.325Z,2026-07-02T22:07:42.325Z
2424,node/4787362709,node,POINT(-51.2153889 -30.0404615),,,bicycle_parking,wall_loops,7,customers,no,no,no,yes,Centro Profissional Farroupilha,,,,,,,,,,,,,,,,,2026-07-02T22:07:42.325Z,2026-07-02T22:07:42.325Z
2425,node/4787362710,node,POINT(-51.2223268 -30.0405427),,,bicycle_parking,wall_loops,5,customers,no,no,yes,yes,Caixa Econômica Federal,,,,,,,,,,Mo-Fr 10:00-16:00,,,,,,,2026-07-02T22:07:42.325Z,2026-07-02T22:07:42.325Z
2426,node/4787362711,node,POINT(-51.2186963 -30.0405937),,,bicycle_parking,stands,1,yes,no,no,no,yes,Dirty Old Man,,,,,,,,,,24/7,,,,,,,2026-07-02T22:07:42.325Z,2026-07-02T22:07:42.325Z
2427,node/4787362712,node,POINT(-51.2192311 -30.0406598),,,bicycle_parking,wall_loops,6,yes,no,no,no,yes,MEME Santo de Casa Estação Cultural,,,,,,,,,,24/7,,,,,,,2026-07-02T22:07:42.325Z,2026-07-02T22:07:42.325Z
2428,node/4787362713,node,POINT(-51.2073505 -30.0414221),,,bicycle_parking,wall_loops,10,customers,no,no,no,yes,UFRGS Campus Saúde,,,,,,,,,,Mo-Fr 07:30-22:30; Sa 07:30-12:00,,,,,,,2026-07-02T22:07:42.325Z,2026-07-02T22:07:42.325Z
2429,node/4787362714,node,POINT(-51.2124213 -30.0420158),,,bicycle_parking,wall_loops,7,customers,no,no,no,yes,Boteco Imperial,,,,,,,,,,"Su-Sa 11:00-14:00,17:00-24:00",,,,,,,2026-07-02T22:07:42.325Z,2026-07-02T22:07:42.325Z
2430,node/4787362715,node,POINT(-51.2207065 -30.0422059),,,bicycle_parking,tree,5,yes,no,no,no,yes,Espaço 900,,,,,,,,,,24/7,,,,,,,2026-07-02T22:07:42.325Z,2026-07-02T22:07:42.325Z
2431,node/4787362717,node,POINT(-51.2084221 -30.0427637),,,bicycle_parking,wall_loops,15,customers,no,no,no,yes,UFRGS Campus Saúde,,,,,,,,,,Mo-Fr 07:30-22:30; Sa 07:30-12:00,,,,,,,2026-07-02T22:07:42.325Z,2026-07-02T22:07:42.325Z
2432,node/4787362718,node,POINT(-51.2190311 -30.0428171),,,bicycle_parking,wall_loops,7,customers,yes,no,no,yes,Moinhos Fitness Venâncio,,,,,,,,,,Mo-Fr 06:30-24:00; Sa 10:00-15:00; Su 09:30-13:30,,,,,,,2026-07-02T22:07:42.325Z,2026-07-02T22:07:42.325Z
2433,node/4787362719,node,POINT(-51.208136 -30.0429598),,,bicycle_parking,bollard,5,customers,no,no,no,yes,UFRGS Campus Saúde,,,,,,,,,,Mo-Fr 07:30-22:30; Sa 07:30-12:00,,,,,,,2026-07-02T22:07:42.325Z,2026-07-02T22:07:42.325Z
2434,node/4787362720,node,POINT(-51.2058639 -30.043038),,,bicycle_parking,wall_loops,10,customers,no,no,no,yes,UFRGS Campus Saúde,,,,,,,,,,Mo-Fr 07:30-22:30; Sa 07:30-12:00,,,,,,,2026-07-02T22:07:42.325Z,2026-07-02T22:07:42.325Z
2435,node/4787362821,node,POINT(-51.2082179 -30.0430736),,,bicycle_parking,wall_loops,6,customers,no,no,no,yes,UFRGS Campus Saúde,,,,,,,,,,Mo-Fr 07:30-22:30; Sa 07:30-12:00,,,,,,,2026-07-02T22:07:42.325Z,2026-07-02T22:07:42.325Z
2436,node/4787362822,node,POINT(-51.2138925 -30.0431341),,Paraciclos da EPTC,bicycle_parking,stands,2,yes,no,no,no,yes,Centro de Saúde Modelo,,,,,,,,,,24/7,,,,,,,2026-07-02T22:07:42.325Z,2026-07-02T22:07:42.325Z
2437,node/4787362823,node,POINT(-51.1827677 -30.0431673),,,bicycle_parking,wall_loops,4,customers,no,no,no,yes,Panvel,,,,,,,,,,24/7,,,,,,,2026-07-02T22:07:42.325Z,2026-07-02T22:07:42.325Z
2438,node/4787362825,node,POINT(-51.2292731 -30.0450418),,,bicycle_parking,wall_loops,4,customers,no,no,no,yes,Premium Office,,,,,,,,,,,,,,,,,2026-07-02T22:07:42.325Z,2026-07-02T22:07:42.325Z
2439,node/4787362826,node,POINT(-51.2194387 -30.0453774),,Paraciclos da EPTC,bicycle_parking,stands,3,yes,no,no,no,yes,PMPA,,,,,,,,,,24/7,,,,,,,2026-07-02T22:07:42.325Z,2026-07-02T22:07:42.325Z
2440,node/4787362827,node,POINT(-51.2295477 -30.0462386),,,bicycle_parking,wall_loops,4,private,yes,no,yes,yes,Borges 2233,,,-1,,,,,,,,,,,,,,2026-07-02T22:07:42.325Z,2026-07-02T22:07:42.325Z
2441,node/4787362828,node,POINT(-51.2290268 -30.0465452),,Paraciclos da EPTC,bicycle_parking,stands,2,customers,no,no,no,yes,Secretaria Municipal de Obras e Viação,,,,,,,,,,"Mo-Fr 09:00-11:30,13:45-17:30",,,,,,,2026-07-02T22:07:42.325Z,2026-07-02T22:07:42.325Z
2442,node/4787362829,node,POINT(-51.2126928 -30.0466845),,,bicycle_parking,wall_loops,6,private,no,no,yes,yes,Coordenação de Educação para Mobilidade,,,,,,,,,,,,,,,,,2026-07-02T22:07:42.325Z,2026-07-02T22:07:42.325Z
2443,node/4787362830,node,POINT(-51.2212356 -30.0468095),,,bicycle_parking,wall_loops,5,customers,no,no,no,yes,Pro Gym Fitness,,,,,,,,,,Mo-Fr 06:30-23:00; Sa 10:00-13:00,,,,,,,2026-07-02T22:07:42.325Z,2026-07-02T22:07:42.325Z
2444,node/4787362831,node,POINT(-51.2300227 -30.0471491),,,bicycle_parking,stands,5,customers,no,no,no,yes,Trend City Center,,,,,,,,,,Su-Sa 07:30-23:30,,,,,,,2026-07-02T22:07:42.325Z,2026-07-02T22:07:42.325Z
2445,node/4787362832,node,POINT(-51.2185905 -30.0473497),,Paraciclos da EPTC,bicycle_parking,stands,4,yes,no,no,no,yes,Centro Municipal de Cultura,,,,,,,,,,24/7,,,,,,,2026-07-02T22:07:42.325Z,2026-07-02T22:07:42.325Z
2446,node/4787362833,node,POINT(-51.2240223 -30.0475688),,,bicycle_parking,stands,4,customers,no,no,no,yes,Time Villeroy,,,,,,,,,,Mo-Fr 06:00-22:00; Sa 09:00-13:00,,,,,,,2026-07-02T22:07:42.325Z,2026-07-02T22:07:42.325Z
2447,node/4787362834,node,POINT(-51.2183386 -30.0478461),,Paraciclos da Braskem,bicycle_parking,stands,4,yes,no,no,no,yes,PMPA,,,,,,,,,,24/7,,,,,,,2026-07-02T22:07:42.325Z,2026-07-02T22:07:42.325Z
2448,node/4787362835,node,POINT(-51.2269746 -30.0486128),,,bicycle_parking,wall_loops,20,private,no,no,no,yes,Tribunal Regional do Trabalho,,,,,,,,,,Mo-Fr 08:00-18:00,,,,,,,2026-07-02T22:07:42.325Z,2026-07-02T22:07:42.325Z
2449,node/4787362836,node,POINT(-51.2275657 -30.0489127),,,bicycle_parking,wall_loops,5,private,no,no,yes,yes,Tribunal Regional do Trabalho,,,,,,,,,,Mo-Fr 08:00-18:00,,,,,,,2026-07-02T22:07:42.325Z,2026-07-02T22:07:42.325Z
2450,node/4787362837,node,POINT(-51.1954233 -30.0492584),,,bicycle_parking,stands,1,yes,no,no,no,yes,Sindicado Médico do Rio Grande do Sul,,,,,,,,,,24/7,,,,,,,2026-07-02T22:07:42.325Z,2026-07-02T22:07:42.325Z
2451,node/4787362848,node,POINT(-51.2180735 -30.0508894),,,bicycle_parking,wall_loops,3,customers,no,no,no,yes,Radicom,,,,,,,,,,Mo-Fr 07:30-23:00; Sa 07:00-15:00,,,,,,,2026-07-02T22:07:42.325Z,2026-07-02T22:07:42.325Z
2491,node/4792388322,node,POINT(-47.8850355 -15.7807998),,,bicycle_parking,,,,,,,,Greens,,,,,,,,,,,,,,,,,2026-07-02T22:07:42.325Z,2026-07-02T22:07:42.325Z
2452,node/4787362849,node,POINT(-51.2245336 -30.0509886),,,bicycle_parking,wall_loops,5,customers,no,no,no,yes,Studio K,,,,,,,,,,Mo-Sa 09:00-19:00,,,,,,,2026-07-02T22:07:42.325Z,2026-07-02T22:07:42.325Z
2453,node/4787362850,node,POINT(-51.2228019 -30.0512959),,,bicycle_parking,wall_loops,18,customers,yes,no,yes,yes,Zaffari Menino Deus,,,,,,,,,,Mo-Sa 08:00-23:00; Su 09:00-21:00,,,,,,,2026-07-02T22:07:42.325Z,2026-07-02T22:07:42.325Z
2454,node/4787362851,node,POINT(-51.1802157 -30.0512582),,,bicycle_parking,wall_loops,36,customers,no,no,yes,yes,Jardim Botânico,,,,,,,,,,Tu-Su 08:00-17:00,,,,,,,2026-07-02T22:07:42.325Z,2026-07-02T22:07:42.325Z
2455,node/4787362852,node,POINT(-51.2291637 -30.0519658),,Paraciclos da EPTC,bicycle_parking,stands,3,yes,no,no,no,yes,PMPA,,,,,,,,,,24/7,,,,,,,2026-07-02T22:07:42.325Z,2026-07-02T22:07:42.325Z
2456,node/4787362853,node,POINT(-51.2248021 -30.0529185),,,bicycle_parking,bollard,2,customers,no,no,no,yes,Maestro Carnes e Complementos,,,,,,,,,,Mo-Fr 10:00-20:00; Sa 10:00-14:00,,,,,,,2026-07-02T22:07:42.325Z,2026-07-02T22:07:42.325Z
2457,node/4787362854,node,POINT(-51.1873916 -30.0537177),,,bicycle_parking,wall_loops,4,customers,no,no,no,yes,Panvel,,,,,,,,,,Mo-Sa 08:00-21:00; Su 09:00-18:00,,,,,,,2026-07-02T22:07:42.325Z,2026-07-02T22:07:42.325Z
2458,node/4787362855,node,POINT(-51.2274381 -30.0538502),,,bicycle_parking,wall_loops,5,customers,no,no,no,yes,Master Fitness Center,,,,,,,,,,Mo-Fr 06:30-22:30; Sa 09:00-13:00,,,,,,,2026-07-02T22:07:42.325Z,2026-07-02T22:07:42.325Z
2459,node/4787362856,node,POINT(-51.2070277 -30.05439),,,bicycle_parking,wall_loops,5,customers,no,no,yes,yes,SafePark ESPM,,,,,,,,,,Mo-Fr 07:00-23:30; Sa 07:00-17:00,,,,,,,2026-07-02T22:07:42.325Z,2026-07-02T22:07:42.325Z
2460,node/4787362857,node,POINT(-51.2220923 -30.0545378),,,bicycle_parking,wall_loops,6,customers,no,no,no,yes,Z Bikes,,,,,,,,,,"Mo-Fr 09:00-12:00,14:00-19:00; Sa 09:00-17:00",,,,,,,2026-07-02T22:07:42.325Z,2026-07-02T22:07:42.325Z
2461,node/4787362858,node,POINT(-51.2223143 -30.0547346),,Bicicletário da BikeTech,bicycle_parking,wall_loops,3,customers,no,no,no,yes,Oficina do Açaí Menino Deus,,,,,,,,,,Mo-Sa 09:00-19:00,,,,,,,2026-07-02T22:07:42.325Z,2026-07-02T22:07:42.325Z
2462,node/4787362859,node,POINT(-51.2288624 -30.0554637),,,bicycle_parking,tree,8,private,no,no,yes,yes,Grêmio Náutico Gaúcho,,,,,,,,,,Su-Sa 07:00-22:00,,,,,,,2026-07-02T22:07:42.325Z,2026-07-02T22:07:42.325Z
2463,node/4787362860,node,POINT(-51.2229001 -30.0570173),,,bicycle_parking,wall_loops,4,customers,no,no,no,yes,Farmácia Quíron Menino Deus,,,,,,,,,,Mo-Fr 08:00-19:30; Sa 09:00-15:00,,,,,,,2026-07-02T22:07:42.325Z,2026-07-02T22:07:42.325Z
2464,node/4787362861,node,POINT(-51.2226852 -30.0576174),,,bicycle_parking,wall_loops,4,customers,no,no,no,yes,Farmácias São João,,,,,,,,,,Mo-Sa 07:30-22:00; Su 09:00-20:00,,,,,,,2026-07-02T22:07:42.325Z,2026-07-02T22:07:42.325Z
2465,node/4787362862,node,POINT(-51.2294744 -30.058523),,,bicycle_parking,wall_loops,5,customers,no,no,no,yes,Hospital Mãe de Deus,,,,,,,,,,24/7,,,,,,,2026-07-02T22:07:42.325Z,2026-07-02T22:07:42.325Z
2466,node/4787362863,node,POINT(-51.2228957 -30.0587958),,,bicycle_parking,wall_loops,4,yes,no,no,no,yes,Centro Profissional Genebra,,,,,,,,,,24/7,,,,,,,2026-07-02T22:07:42.325Z,2026-07-02T22:07:42.325Z
2467,node/4787362864,node,POINT(-51.2307402 -30.0592879),,,bicycle_parking,stands,7,yes,no,no,no,yes,PMPA,,,,,,,,,,24/7,,,,,,,2026-07-02T22:07:42.325Z,2026-07-02T22:07:42.325Z
2468,node/4787362865,node,POINT(-51.2230158 -30.0594916),,,bicycle_parking,stands,9,customers,no,no,no,yes,Smart Fit Menino Deus,,,,,,,,,,Mo-Fr 06:00-23:00; Sa 09:00-18:00; Su 09:00-15:00,,,,,,,2026-07-02T22:07:42.325Z,2026-07-02T22:07:42.325Z
2469,node/4787362866,node,POINT(-51.2254752 -30.0600102),,,bicycle_parking,wall_loops,5,customers,no,no,yes,yes,Caixa Econômica Federal,,,,,,,,,,Mo-Fr 10:00-16:00,,,,,,,2026-07-02T22:07:42.325Z,2026-07-02T22:07:42.325Z
2470,node/4787362867,node,POINT(-51.2271943 -30.0600429),,,bicycle_parking,wall_loops,3,customers,no,no,no,yes,CCAA Menino Deus,,,,,,,,,,Mo-Fr 08:00-20:00; Sa 08:00-14:00,,,,,,,2026-07-02T22:07:42.325Z,2026-07-02T22:07:42.325Z
2471,node/4787362868,node,POINT(-51.2268403 -30.0600761),,,bicycle_parking,wall_loops,5,customers,yes,no,no,yes,Studio Posturale Menino Deus,,,,,,,,,,Mo-Fr 08:00-21:30,,,,,,,2026-07-02T22:07:42.325Z,2026-07-02T22:07:42.325Z
2472,node/4787362869,node,POINT(-51.2263639 -30.0601319),,,bicycle_parking,wall_loops,5,customers,no,no,no,yes,Minds Menino Deus,,,,,,,,,,Mo-Fr 08:00-22:00; Sa 09:00-17:00,,,,,,,2026-07-02T22:07:42.325Z,2026-07-02T22:07:42.325Z
2473,node/4787362870,node,POINT(-51.2130395 -30.0624575),,,bicycle_parking,bollard,4,yes,no,no,no,yes,PMPA,,,,,,,,,,24/7,,,,,,,2026-07-02T22:07:42.325Z,2026-07-02T22:07:42.325Z
2474,node/4787362871,node,POINT(-51.2135208 -30.0822775),,,bicycle_parking,stands,5,customers,no,no,yes,yes,Banco do Brasil,,,,,,,,,,Mo-Fr 10:00-16:00,,,,,,,2026-07-02T22:07:42.325Z,2026-07-02T22:07:42.325Z
2475,node/4787362873,node,POINT(-51.2539533 -30.1054094),,,bicycle_parking,wall_loops,4,customers,no,no,no,yes,Panvel,,,,,,,,,,Mo-Fr 08:00-23:00; Sa 08:00-22:00; Su 09:00-20:00,,,,,,,2026-07-02T22:07:42.325Z,2026-07-02T22:07:42.325Z
2476,node/4787362874,node,POINT(-51.2548219 -30.1057977),,,bicycle_parking,wall_loops,5,customers,no,no,yes,yes,Shopping Granville,,,,,,,,,,Mo-Sa 10:00-22:00,,,,,,,2026-07-02T22:07:42.325Z,2026-07-02T22:07:42.325Z
2477,node/4787362875,node,POINT(-51.2537397 -30.1088259),,,bicycle_parking,stands,6,customers,no,no,no,yes,Shopping Jardins da Praça,,,,,,,,,,Mo-Fr 09:00-22:00; Sa 09:00-12:00,,,,,,,2026-07-02T22:07:42.325Z,2026-07-02T22:07:42.325Z
2478,node/4787362876,node,POINT(-51.2546603 -30.1110359),,Paraciclos da EPTC,bicycle_parking,stands,2,yes,no,no,no,yes,Unidade Básica de Saúde Tristeza,,,,,,,,,,24/7,,,,,,,2026-07-02T22:07:42.325Z,2026-07-02T22:07:42.325Z
2479,node/4787362877,node,POINT(-51.2238369 -30.1443245),,,bicycle_parking,wall_loops,10,customers,no,no,yes,yes,Clube do Professor Gaúcho,,,,,,,,,,Tu-Su 08:00-22:00,,,,,,,2026-07-02T22:07:42.325Z,2026-07-02T22:07:42.325Z
2480,node/4788397737,node,POINT(-51.2242457 -30.0541614),,,bicycle_parking,wall_loops,4,customers,no,no,no,yes,Companhia Riograndense de Mineração,,,,,,,,,,"Mo-Fr 08:00-12:00,13:00-17:00",,,,,,,2026-07-02T22:07:42.325Z,2026-07-02T22:07:42.325Z
2481,node/4788424432,node,POINT(-51.1282817 -30.0389058),,Paraciclos da EPTC,bicycle_parking,stands,2,yes,no,no,no,yes,Unidade Básica de Saúde Morro Santana,,,,,,,,,,24/7,,,,,,,2026-07-02T22:07:42.325Z,2026-07-02T22:07:42.325Z
2482,node/4789039845,node,POINT(-51.2274538 -30.0509462),,,bicycle_parking,wall_loops,15,private,no,no,no,yes,Justiça do Trabalho,,,,,,,,,,Mo-Fr 10:00-18:00,,,,,,,2026-07-02T22:07:42.325Z,2026-07-02T22:07:42.325Z
2483,node/4789065102,node,POINT(-51.2011637 -30.0292712),,,bicycle_parking,stands,4,yes,no,no,no,yes,Edifício San Sebastian,,,,,,,,,,24/7,,,,,,,2026-07-02T22:07:42.325Z,2026-07-02T22:07:42.325Z
2484,node/4789115549,node,POINT(-51.201866 -30.0229909),,Paraciclo do PoA Bikes,bicycle_parking,stands,1,yes,no,no,no,yes,Condomínio Edifício Île de France,,,,,,,,,,24/7,,,,,,,2026-07-02T22:07:42.325Z,2026-07-02T22:07:42.325Z
2485,node/4789239527,node,POINT(-51.2293654 -30.0271882),,Paraciclos da EPTC,bicycle_parking,stands,4,yes,no,no,no,yes,Centro Integrado de Passagem Escolar e Lotação,,,,,,,,,,24/7,,,,,,,2026-07-02T22:07:42.325Z,2026-07-02T22:07:42.325Z
2486,node/4789251109,node,POINT(-51.1504311 -30.0657639),,Paraciclos da EPTC,bicycle_parking,stands,2,yes,no,no,no,yes,Terminal Antônio de Carvalho,,,,,,,,,,24/7,,,,,,,2026-07-02T22:07:42.325Z,2026-07-02T22:07:42.325Z
2487,node/4790040699,node,POINT(-51.2111591 -30.0374369),,,bicycle_parking,wall_loops,16,yes,no,no,no,yes,Prato Verde,,,,,,,,,,24/7,,,,,,,2026-07-02T22:07:42.325Z,2026-07-02T22:07:42.325Z
2488,node/4790170082,node,POINT(-51.2078089 -30.0467183),,,bicycle_parking,wall_loops,2,customers,no,no,no,yes,Mercado Ki Preço,,,,,,,,,,Mo-Sa 08:00-20:00; Su 08:00-24:00,,,,,,,2026-07-02T22:07:42.325Z,2026-07-02T22:07:42.325Z
2489,node/4792242926,node,POINT(-51.1329856 -30.1903843),,,bicycle_parking,wall_loops,10,customers,no,no,no,yes,Kiko Quiosque e Fruteira,,,,,,,,,,Su-Sa 08:00-19:00,,,,,,,2026-07-02T22:07:42.325Z,2026-07-02T22:07:42.325Z
2490,node/4792334927,node,POINT(-51.1466396 -30.1496409),,Paraciclos da EPTC,bicycle_parking,stands,2,yes,yes,no,no,yes,PMPA,,,,,,,,,,24/7,,,,,,,2026-07-02T22:07:42.325Z,2026-07-02T22:07:42.325Z
2492,node/4792484773,node,POINT(-51.2190679 -30.1359215),,,bicycle_parking,bollard,2,customers,yes,no,yes,yes,Jardim Verde Shopping,,,,,,,,,,Mo-Sa 09:30-19:00,,,,,,,2026-07-02T22:07:42.325Z,2026-07-02T22:07:42.325Z
2493,node/4799991703,node,POINT(-53.7153169 -29.7153067),,,bicycle_parking,wall_loops,9,,,,,,,,,,concrete,,,,,,,,,,,,,2026-07-02T22:07:42.325Z,2026-07-02T22:07:42.325Z
2494,node/4802540803,node,POINT(-38.5897541 -3.8115535),Bicicletário da Drogaria Fortaleza,,bicycle_parking,stands,4,,no,,,,,,,,,,,,,,,,,,,,,2026-07-02T22:07:42.325Z,2026-07-02T22:07:42.325Z
2495,node/4805279022,node,POINT(-48.5911638 -27.9030293),,,bicycle_parking,,,,,,,,,,,,,,,,,,,,,,,,,2026-07-02T22:07:42.325Z,2026-07-02T22:07:42.325Z
2496,node/4805805424,node,POINT(-51.2358317 -30.0641971),,,bicycle_parking,stands,24,customers,no,no,yes,yes,Sport Club Internacional,,,,,,,,,,,,,,,,,2026-07-02T22:07:42.325Z,2026-07-02T22:07:42.325Z
2497,node/4805805425,node,POINT(-51.2367531 -30.0644183),,,bicycle_parking,stands,12,customers,no,no,yes,yes,Sport Club Internacional,,,,,,,,,,,,,,,,,2026-07-02T22:07:42.325Z,2026-07-02T22:07:42.325Z
2498,node/4805805426,node,POINT(-51.2364613 -30.0671771),,,bicycle_parking,stands,64,customers,no,no,yes,yes,Sport Club Internacional,,,,,,,,,,,,,,,,,2026-07-02T22:07:42.325Z,2026-07-02T22:07:42.325Z
2499,node/4805961511,node,POINT(-51.2200181 -30.0333094),Bicicletário Patrícia Silva de Figueiredo,,bicycle_parking,bollard,10,customers,no,no,no,yes,UFRGS Campus Centro,,,,,,,,,,,,,,,,,2026-07-02T22:07:42.325Z,2026-07-02T22:07:42.325Z
2500,node/4805961512,node,POINT(-51.2339762 -30.0303715),Park Bike Indigo Center,,bicycle_parking,stands,14,customers,no,no,no,yes,Indigo Center,,,,,,,,,,24/7,,,,,,,2026-07-02T22:07:42.325Z,2026-07-02T22:07:42.325Z
2501,node/4805961513,node,POINT(-51.2020411 -30.0235602),,,bicycle_parking,wall_loops,5,customers,no,no,no,yes,Pátio Ivo Rizzo,,,,,,,,,,,,,,,,,2026-07-02T22:07:42.336Z,2026-07-02T22:07:42.336Z
2502,node/4805961514,node,POINT(-51.2033479 -30.0250691),,,bicycle_parking,wall_loops,4,customers,no,no,no,yes,Panvel,,,,,,,,,,Mo-Sa 08:00-22:00; Su 10:00-19:00,,,,,,,2026-07-02T22:07:42.336Z,2026-07-02T22:07:42.336Z
2503,node/4805961515,node,POINT(-51.2243012 -30.0266395),,Paraciclos da EPTC,bicycle_parking,stands,9,yes,yes,no,no,yes,PMPA,,,,,,,,,,24/7,,,,,,,2026-07-02T22:07:42.336Z,2026-07-02T22:07:42.336Z
2504,node/4805961516,node,POINT(-51.2289226 -30.0276191),,,bicycle_parking,wall_loops,8,yes,no,no,no,yes,PMPA,,,,,,,,,,24/7,,,,,,,2026-07-02T22:07:42.336Z,2026-07-02T22:07:42.336Z
2505,node/4805961517,node,POINT(-51.2059659 -30.0283363),,,bicycle_parking,stands,4,customers,no,no,no,yes,5ª Avenida Center,,,1,,,,,,,Mo-Fr 08:00-19:00; Sa 10:00-17:00,,,,,,,2026-07-02T22:07:42.336Z,2026-07-02T22:07:42.336Z
2506,node/4805961518,node,POINT(-51.2241601 -30.0285149),,Paraciclos da EPTC,bicycle_parking,stands,3,yes,no,no,no,yes,PMPA,,,,,,,,,,24/7,,,,,,,2026-07-02T22:07:42.336Z,2026-07-02T22:07:42.336Z
2507,node/4805961519,node,POINT(-51.2305558 -30.0288159),,,bicycle_parking,stands,4,yes,no,no,no,yes,Santander Cultural,,,,,,,,,,24/7,,,,,,,2026-07-02T22:07:42.336Z,2026-07-02T22:07:42.336Z
2508,node/4805961520,node,POINT(-51.2302569 -30.0292492),,,bicycle_parking,stands,12,yes,no,no,no,yes,Caixa Econômica Federal 7 de Setembro,,,,,,,,,,24/7,,,,,,,2026-07-02T22:07:42.336Z,2026-07-02T22:07:42.336Z
2509,node/4805964721,node,POINT(-51.2200845 -30.0312987),,Paraciclos da Braskem,bicycle_parking,stands,12,customers,no,no,yes,yes,Universidade Federal de Ciências da Saúde,,,,,,,,,,,,,,,,,2026-07-02T22:07:42.336Z,2026-07-02T22:07:42.336Z
2510,node/4805964723,node,POINT(-51.2247902 -30.03244),,,bicycle_parking,stands,1,customers,no,no,no,yes,Fundação de Economia e Estatística Siegfried Emanuel Heuser,,,,,,,,,,"Mo-Fr 08:30-12:00,13:30-18:00",,,,,,,2026-07-02T22:07:42.336Z,2026-07-02T22:07:42.336Z
2511,node/4805964724,node,POINT(-51.2085706 -30.0325275),,,bicycle_parking,wall_loops,4,customers,no,no,yes,yes,Bio Academia Ramiro,,,,,,,,,,Mo-Fr 06:30-23:00; Sa 09:00-18:00,,,,,,,2026-07-02T22:07:42.336Z,2026-07-02T22:07:42.336Z
2512,node/4805964725,node,POINT(-51.2206886 -30.0327927),,,bicycle_parking,wall_loops,14,customers,no,no,no,yes,UFRGS Campus Centro,,,,,,,,,,,,,,,,,2026-07-02T22:07:42.336Z,2026-07-02T22:07:42.336Z
2513,node/4805964726,node,POINT(-51.2222029 -30.0328084),,,bicycle_parking,bollard,10,customers,no,no,no,yes,UFRGS Campus Centro,,,,,,,,,,,,,,,,,2026-07-02T22:07:42.336Z,2026-07-02T22:07:42.336Z
2514,node/4805964727,node,POINT(-51.2195611 -30.0331555),,,bicycle_parking,bollard,5,customers,no,no,no,yes,UFRGS Campus Centro,,,,,,,,,,,,,,,,,2026-07-02T22:07:42.336Z,2026-07-02T22:07:42.336Z
2515,node/4805964728,node,POINT(-51.2215887 -30.0331672),,,bicycle_parking,bollard,9,customers,no,no,no,yes,UFRGS Campus Centro,,,,,,,,,,,,,,,,,2026-07-02T22:07:42.336Z,2026-07-02T22:07:42.336Z
2516,node/4805964729,node,POINT(-51.2205842 -30.0333493),,,bicycle_parking,bollard,5,customers,no,no,no,yes,UFRGS Campus Centro,,,,,,,,,,,,,,,,,2026-07-02T22:07:42.336Z,2026-07-02T22:07:42.336Z
2517,node/4805964731,node,POINT(-51.240496 -30.033829),,Paraciclo da Braskem,bicycle_parking,stands,1,yes,no,no,no,yes,Usina do Gasômetro,,,,,,,,,,24/7,,,,,,,2026-07-02T22:07:42.336Z,2026-07-02T22:07:42.336Z
2518,node/4805964733,node,POINT(-51.2399694 -30.0339488),,,bicycle_parking,stands,7,yes,no,no,no,yes,PMPA,,,,,,,,,,24/7,,,,,,,2026-07-02T22:07:42.336Z,2026-07-02T22:07:42.336Z
2519,node/4805964734,node,POINT(-51.2226872 -30.0341148),,,bicycle_parking,wall_loops,2,customers,no,no,no,yes,Graph Ideia,,,,,,,,,,Mo-Fr 08:00-19:00,,,,,,,2026-07-02T22:07:42.336Z,2026-07-02T22:07:42.336Z
2520,node/4805964735,node,POINT(-51.2250637 -30.0343052),,,bicycle_parking,stands,1,yes,no,no,no,yes,Academia DK1,,,,,,,,,,24/7,,,,,,,2026-07-02T22:07:42.336Z,2026-07-02T22:07:42.336Z
2521,node/4805964736,node,POINT(-51.2404359 -30.0346364),,,bicycle_parking,stands,7,yes,no,no,no,yes,PMPA,,,,,,,,,,24/7,,,,,,,2026-07-02T22:07:42.336Z,2026-07-02T22:07:42.336Z
2522,node/4805964737,node,POINT(-51.2289591 -30.0348795),,,bicycle_parking,stands,3,customers,no,no,no,yes,Zaffari Fernando Machado,,,,,,,,,,Mo-Sa 08:00-22:00; Su 09:00-21:00,,,,,,,2026-07-02T22:07:42.336Z,2026-07-02T22:07:42.336Z
2523,node/4805964738,node,POINT(-51.2265302 -30.0351408),,,bicycle_parking,wall_loops,10,customers,yes,no,yes,yes,Faculdade SENAC Campus I,,,,,,,,,,Mo-Fr 09:00-20:00; Sa 09:00-17:00,,,,,,,2026-07-02T22:07:42.336Z,2026-07-02T22:07:42.336Z
2524,node/4805964742,node,POINT(-51.213242 -30.0365138),,,bicycle_parking,wall_loops,6,yes,no,no,no,yes,PMPA,,,,,,,,,,24/7,,,,,,,2026-07-02T22:07:42.336Z,2026-07-02T22:07:42.336Z
2525,node/4805964743,node,POINT(-51.2091021 -30.036519),,,bicycle_parking,wall_loops,4,customers,no,no,no,yes,Panvel,,,,,,,,,,,,,,,,,2026-07-02T22:07:42.336Z,2026-07-02T22:07:42.336Z
2526,node/4805964744,node,POINT(-51.2131748 -30.0368823),,,bicycle_parking,wall_loops,4,yes,no,no,no,yes,PMPA,,,,,,,,,,24/7,,,,,,,2026-07-02T22:07:42.336Z,2026-07-02T22:07:42.336Z
2527,node/4805964745,node,POINT(-51.2316433 -30.0370354),,,bicycle_parking,wall_loops,8,customers,no,no,no,yes,UFRGS Escola de Administração,,,,,,,,,,,,,,,,,2026-07-02T22:07:42.336Z,2026-07-02T22:07:42.336Z
2528,node/4805964746,node,POINT(-51.2318158 -30.0376589),,,bicycle_parking,wall_loops,10,customers,no,no,yes,yes,Escola Técnica Estadual Parobé,,,,,,,,,,,,,,,,,2026-07-02T22:07:42.336Z,2026-07-02T22:07:42.336Z
2529,node/4805964747,node,POINT(-51.221661 -30.0382261),,,bicycle_parking,wall_loops,11,customers,no,no,no,yes,Chocólatras Anônimos Cidade Baixa,,,,,,,,,,Tu-Sa 08:30-20:00; Su-Mo 12:00-20:00,,,,,,,2026-07-02T22:07:42.336Z,2026-07-02T22:07:42.336Z
2530,node/4805964748,node,POINT(-51.2154376 -30.038387),,,bicycle_parking,wall_loops,7,yes,no,no,no,yes,PMPA,,,,,,,,,,24/7,,,,,,,2026-07-02T22:07:42.336Z,2026-07-02T22:07:42.336Z
2531,node/4805964749,node,POINT(-51.2075974 -30.0389718),,,bicycle_parking,stands,9,customers,no,no,no,yes,Hospital de Clínicas,,,,,,,,,,24/7,,,,,,,2026-07-02T22:07:42.336Z,2026-07-02T22:07:42.336Z
2532,node/4805964750,node,POINT(-51.2305943 -30.039008),,,bicycle_parking,wall_loops,10,customers,no,no,yes,yes,Companhia de Processamento Dados do Estado Rio Grande Sul,,,,,,,,,,Mo-Fr 08:00-18:00,,,,,,,2026-07-02T22:07:42.336Z,2026-07-02T22:07:42.336Z
2533,node/4805964751,node,POINT(-51.2191767 -30.0390989),,,bicycle_parking,stands,2,customers,no,no,no,yes,Shopping Nova Olaria,,,,,,,,,,Su-Sa 10:00-23:00,,,,,,,2026-07-02T22:07:42.336Z,2026-07-02T22:07:42.336Z
2857,node/5300766665,node,POINT(-46.6242253 -23.7170083),,,bicycle_parking,,,,,,,,,,,,,,,,,,,,,,,,,2026-07-02T22:07:42.367Z,2026-07-02T22:07:42.367Z
2534,node/4805964753,node,POINT(-51.2308709 -30.0394393),,,bicycle_parking,wall_loops,13,customers,no,no,no,yes,Centro Administrativo Fernando Ferrari,,,,,,,,,,Mo-Fr 08:00-18:30,,,,,,,2026-07-02T22:07:42.336Z,2026-07-02T22:07:42.336Z
2535,node/4805964754,node,POINT(-51.2302865 -30.0400837),,,bicycle_parking,wall_loops,5,customers,no,no,no,yes,Centro Administrativo Fernando Ferrari,,,,,,,,,,Mo-Fr 08:00-18:30,,,,,,,2026-07-02T22:07:42.336Z,2026-07-02T22:07:42.336Z
2536,node/4805964755,node,POINT(-51.2302832 -30.0404767),,,bicycle_parking,wall_loops,6,customers,no,no,no,yes,Centro Administrativo Fernando Ferrari,,,,,,,,,,Mo-Fr 08:00-18:30,,,,,,,2026-07-02T22:07:42.336Z,2026-07-02T22:07:42.336Z
2537,node/4805964756,node,POINT(-51.2300001 -30.0408202),,,bicycle_parking,wall_loops,15,customers,no,no,no,yes,Centro Administrativo Fernando Ferrari,,,,,,,,,,Mo-Fr 08:00-18:30,,,,,,,2026-07-02T22:07:42.336Z,2026-07-02T22:07:42.336Z
2538,node/4805964757,node,POINT(-51.2073493 -30.0417562),,,bicycle_parking,wall_loops,10,customers,no,no,no,yes,UFRGS Campus Saúde,,,,,,,,,,,,,,,,,2026-07-02T22:07:42.336Z,2026-07-02T22:07:42.336Z
2539,node/4805964758,node,POINT(-51.2073645 -30.0429269),,,bicycle_parking,wall_loops,10,customers,no,no,no,yes,UFRGS Campus Saúde,,,,,,,,,,,,,,,,,2026-07-02T22:07:42.336Z,2026-07-02T22:07:42.336Z
2540,node/4805964759,node,POINT(-51.2213867 -30.0460047),,,bicycle_parking,bollard,2,customers,no,no,no,yes,Condomínio Edifício Atlântida,,,,,,,,,,,,,,,,,2026-07-02T22:07:42.336Z,2026-07-02T22:07:42.336Z
2541,node/4805964760,node,POINT(-51.2311093 -30.0468187),,,bicycle_parking,wall_loops,21,customers,no,no,no,yes,Foro Central Prédio II,,,,,,,,,,Mo-Fr 09:00-18:00,,,,,,,2026-07-02T22:07:42.336Z,2026-07-02T22:07:42.336Z
2542,node/4805964761,node,POINT(-51.2154712 -30.0469435),,,bicycle_parking,wall_loops,10,private,no,no,yes,yes,Companhia de Processamento de Dados do Município de Porto Alegre,,,,,,,,,,Mo-Fr 08:30-17:30,,,,,,,2026-07-02T22:07:42.336Z,2026-07-02T22:07:42.336Z
2543,node/4805964762,node,POINT(-51.2168582 -30.0470588),,Paraciclos da EPTC,bicycle_parking,stands,2,yes,no,no,no,yes,Empresa Pública de Transporte e Circulação,,,,,,,,,,24/7,,,,,,,2026-07-02T22:07:42.336Z,2026-07-02T22:07:42.336Z
2544,node/4805964763,node,POINT(-51.2190309 -30.0471179),,,bicycle_parking,stands,17,customers,no,no,no,yes,Centro Municipal de Cultura Lupicínio Rodrigues,,,,,,,,,,Su-Sa 08:30-22:00,,,,,,,2026-07-02T22:07:42.336Z,2026-07-02T22:07:42.336Z
2545,node/4805964764,node,POINT(-51.2169442 -30.0471473),,,bicycle_parking,wall_loops,13,customers,no,no,yes,yes,Empresa Pública de Transporte e Circulação,,,,,,,,,,Mo-Fr 08:30-17:00,,,,,,,2026-07-02T22:07:42.336Z,2026-07-02T22:07:42.336Z
2546,node/4805964765,node,POINT(-51.2095976 -30.0505641),,Paraciclos da EPTC,bicycle_parking,stands,4,yes,no,no,no,yes,PMPA,,,,,,,,,,24/7,,,,,,,2026-07-02T22:07:42.336Z,2026-07-02T22:07:42.336Z
2547,node/4805964766,node,POINT(-51.1726922 -30.0555764),,,bicycle_parking,wall_loops,12,private,no,no,no,yes,PUCRS,,,,,,,,,,,,,,,,,2026-07-02T22:07:42.336Z,2026-07-02T22:07:42.336Z
2548,node/4805964767,node,POINT(-51.175368 -30.0556688),,,bicycle_parking,wall_loops,10,customers,no,no,no,yes,PUCRS,,,,,,,,,,24/7,,,,,,,2026-07-02T22:07:42.336Z,2026-07-02T22:07:42.336Z
2549,node/4805964768,node,POINT(-51.2206792 -30.0560058),,,bicycle_parking,wall_loops,10,yes,no,no,yes,yes,CETE,,,,,,,,,,Su-Sa 07:00-22:00,,,,,,,2026-07-02T22:07:42.336Z,2026-07-02T22:07:42.336Z
2550,node/4805964769,node,POINT(-51.1726177 -30.0580278),,,bicycle_parking,wall_loops,10,customers,no,no,yes,yes,PUCRS,,,,,,,,,,,,,,,,,2026-07-02T22:07:42.336Z,2026-07-02T22:07:42.336Z
2551,node/4805964771,node,POINT(-51.1737059 -30.060775),,,bicycle_parking,wall_loops,7,customers,no,no,yes,yes,PUCRS,,,,,,,,,,,,,,,,,2026-07-02T22:07:42.336Z,2026-07-02T22:07:42.336Z
2552,node/4805964772,node,POINT(-51.1705225 -30.0613887),,,bicycle_parking,stands,23,private,no,no,yes,yes,TecnoPUC,,,,,,,,,,,,,,,,,2026-07-02T22:07:42.336Z,2026-07-02T22:07:42.336Z
2553,node/4805964773,node,POINT(-51.1201009 -30.0674974),,,bicycle_parking,bollard,5,customers,no,no,no,yes,UFRGS Campus do Vale,,,,,,,,,,,,,,,,,2026-07-02T22:07:42.336Z,2026-07-02T22:07:42.336Z
2554,node/4805964774,node,POINT(-51.1214021 -30.0685289),,,bicycle_parking,wall_loops,5,customers,no,no,no,yes,UFRGS Campus do Vale,,,,,,,,,,,,,,,,,2026-07-02T22:07:42.336Z,2026-07-02T22:07:42.336Z
2555,node/4805964775,node,POINT(-51.140462 -30.0705514),,,bicycle_parking,bollard,5,customers,no,no,no,yes,UFRGS Campus do Vale,,,,,,,,,,,,,,,,,2026-07-02T22:07:42.336Z,2026-07-02T22:07:42.336Z
2556,node/4805964776,node,POINT(-51.1191576 -30.0712818),,,bicycle_parking,wall_loops,5,customers,no,no,no,yes,UFRGS Campus do Vale,,,,,,,,,,,,,,,,,2026-07-02T22:07:42.336Z,2026-07-02T22:07:42.336Z
2557,node/4805964777,node,POINT(-51.1189984 -30.072366),,,bicycle_parking,wall_loops,5,customers,no,no,no,yes,UFRGS Campus do Vale,,,,,,,,,,,,,,,,,2026-07-02T22:07:42.336Z,2026-07-02T22:07:42.336Z
2558,node/4805964778,node,POINT(-51.1200417 -30.0734528),,,bicycle_parking,wall_loops,5,customers,no,no,no,yes,UFRGS Campus do Vale,,,,,,,,,,,,,,,,,2026-07-02T22:07:42.336Z,2026-07-02T22:07:42.336Z
2559,node/4805964779,node,POINT(-51.2094753 -30.0785856),,,bicycle_parking,wall_loops,8,customers,yes,no,yes,yes,Nacional,,,,,,,,,,"Mo-Fr 08:00-12:00,13:30-19:00; Sa 08:00-12:00",,,,,,,2026-07-02T22:07:42.336Z,2026-07-02T22:07:42.336Z
2560,node/4805964780,node,POINT(-51.2446005 -30.0832343),,,bicycle_parking,stands,13,customers,yes,no,yes,yes,BarraShoppingSul,,,,,,,,,,Mo-Sa 10:00-22:00; Su 11:00-21:00,,,,,,,2026-07-02T22:07:42.336Z,2026-07-02T22:07:42.336Z
2561,node/4805964781,node,POINT(-51.2401271 -30.0854922),,,bicycle_parking,wall_loops,4,customers,no,no,yes,yes,Cristal Shop,,,,,,,,,,Mo-Sa 08:00-22:00,,,,,,,2026-07-02T22:07:42.336Z,2026-07-02T22:07:42.336Z
2562,node/4805964782,node,POINT(-51.2312131 -30.1024614),,,bicycle_parking,wall_loops,4,customers,no,no,no,yes,Biológika,,,,,,,,,,"Mo-Fr 08:00-12:00,13:30-19:00; Sa 08:00-12:00",,,,,,,2026-07-02T22:07:42.336Z,2026-07-02T22:07:42.336Z
2563,node/4805964783,node,POINT(-51.2531083 -30.1101582),,,bicycle_parking,stands,5,customers,yes,no,yes,yes,Zaffari Otto Niemeyer,,,,,,,,,,Mo-Sa 08:00-23:00; Su 09:00-21:00,,,,,,,2026-07-02T22:07:42.336Z,2026-07-02T22:07:42.336Z
2564,node/4806139229,node,POINT(-48.5216009 -27.6013574),,,bicycle_parking,,,,,,,,,,,,,,,,,,,,,,,,,2026-07-02T22:07:42.336Z,2026-07-02T22:07:42.336Z
2565,node/4806139752,node,POINT(-48.5216077 -27.6007804),,,bicycle_parking,,,,,,,,,,,,,,,,,,,,,,,,,2026-07-02T22:07:42.336Z,2026-07-02T22:07:42.336Z
2566,node/4806142431,node,POINT(-48.5204646 -27.6020501),,,bicycle_parking,informal,,,,,,,,,,,,,,,,,,,,,,,,2026-07-02T22:07:42.336Z,2026-07-02T22:07:42.336Z
2567,node/4806142432,node,POINT(-48.5204615 -27.6023368),,,bicycle_parking,,,,,,,,,,,,,,,,,,,,,,,,,2026-07-02T22:07:42.336Z,2026-07-02T22:07:42.336Z
2568,node/4806142433,node,POINT(-48.5217707 -27.5988886),,,bicycle_parking,,,,,,,,,,,,,,,,,,,,,,,,,2026-07-02T22:07:42.336Z,2026-07-02T22:07:42.336Z
2569,node/4807326685,node,POINT(-49.2675256 -25.4367228),,,bicycle_parking,,10,permissive,no,,,,,,,,,,,,,,,,,,,,,2026-07-02T22:07:42.336Z,2026-07-02T22:07:42.336Z
2570,node/4808656674,node,POINT(-51.2095168 -30.0198989),,,bicycle_parking,stands,1,yes,no,no,no,yes,,,,,,,,,,,24/7,,,,,,,2026-07-02T22:07:42.336Z,2026-07-02T22:07:42.336Z
2571,node/4808656676,node,POINT(-51.1974367 -30.0398607),,Paraciclos da EPTC,bicycle_parking,stands,2,yes,no,no,no,yes,PMPA,,,,,,,,,,24/7,,,,,,,2026-07-02T22:07:42.336Z,2026-07-02T22:07:42.336Z
2572,node/4809768776,node,POINT(-47.4127957 -23.4763565),,,bicycle_parking,,12,,,,,,,,,,asphalt,,,,,,,,,,,,,2026-07-02T22:07:42.336Z,2026-07-02T22:07:42.336Z
2573,node/4812162641,node,POINT(-47.4670245 -23.53966),,,bicycle_parking,,5,customers,,,,,,,,,concrete:lanes,,,,,,,,,,,,,2026-07-02T22:07:42.336Z,2026-07-02T22:07:42.336Z
2574,node/4812243740,node,POINT(-47.4645953 -23.5173119),,,bicycle_parking,stands,10,yes,no,,,,Prefeitura de Sorocaba,,,,,,,,,,,,,,,,,2026-07-02T22:07:42.336Z,2026-07-02T22:07:42.336Z
2575,node/4814328822,node,POINT(-47.4224637 -23.4806843),,,bicycle_parking,,12,,,,,,,,,,,,,,,,,,,,,,,2026-07-02T22:07:42.336Z,2026-07-02T22:07:42.336Z
2576,node/4814328824,node,POINT(-47.4229288 -23.4784859),,,bicycle_parking,,10,yes,,,,yes,,,,,paved,,,,,,,,,,,,,2026-07-02T22:07:42.336Z,2026-07-02T22:07:42.336Z
2577,node/4814328830,node,POINT(-47.4224095 -23.4806054),,,bicycle_parking,,12,,,,,,,,,,,,,,,,,,,,,,,2026-07-02T22:07:42.336Z,2026-07-02T22:07:42.336Z
2578,node/4818609399,node,POINT(-47.8731248 -15.7574371),,,bicycle_parking,wall_loops,,,,,,,,,,,,,,,,,,,,,,,,2026-07-02T22:07:42.336Z,2026-07-02T22:07:42.336Z
2579,node/4820723034,node,POINT(-53.7247413 -29.701469),,,bicycle_parking,,3,yes,no,,,,,,,,,,,,,,,,,survey,,,,2026-07-02T22:07:42.336Z,2026-07-02T22:07:42.336Z
2580,node/4820793917,node,POINT(-53.7161447 -29.7164462),,,bicycle_parking,,6,yes,,,,,,,,,,,,,,,,,,survey,,,,2026-07-02T22:07:42.336Z,2026-07-02T22:07:42.336Z
2581,node/4820847436,node,POINT(-53.716076 -29.7126718),,,bicycle_parking,,10,yes,no,,,,,,,,,,,,,,,,,survey,,,,2026-07-02T22:07:42.336Z,2026-07-02T22:07:42.336Z
2582,node/4820847445,node,POINT(-53.7171037 -29.7114631),,,bicycle_parking,,11,yes,no,,,,,,,,,,,,,,,,,survey,,,,2026-07-02T22:07:42.336Z,2026-07-02T22:07:42.336Z
2583,node/4825909288,node,POINT(-47.8914169 -15.761637),,,bicycle_parking,stands,,,,,,,,,,,,,,,,,,,,,,,,2026-07-02T22:07:42.336Z,2026-07-02T22:07:42.336Z
2584,node/4828011165,node,POINT(-49.1733812 -26.7527657),,,bicycle_parking,wall_loops,4,yes,no,no,,,,,,,,,,,,,,,,,,,,2026-07-02T22:07:42.336Z,2026-07-02T22:07:42.336Z
2585,node/4828892487,node,POINT(-43.4601274 -23.0181423),,,bicycle_parking,rack,,,,,,,,,,,,,,,,,,,,,,,,2026-07-02T22:07:42.336Z,2026-07-02T22:07:42.336Z
2586,node/4829457123,node,POINT(-49.2528159 -16.679726),,,bicycle_parking,,,,,,,,,,,,,,,,,,,,,,,,,2026-07-02T22:07:42.336Z,2026-07-02T22:07:42.336Z
2587,node/4833350178,node,POINT(-47.883287 -15.7477203),,,bicycle_parking,wall_loops,10,,,,,,,,,,,,,,,,,,,,,,,2026-07-02T22:07:42.336Z,2026-07-02T22:07:42.336Z
2588,node/4834820178,node,POINT(-51.198181 -30.0223143),,,bicycle_parking,wall_loops,24,customers,yes,no,yes,yes,Grêmio Náutico União Moinhos de Vento,,,,,,,,,,Su-Sa 05:00-24:00,,,,,,,2026-07-02T22:07:42.336Z,2026-07-02T22:07:42.336Z
2589,node/4835094721,node,POINT(-43.4708546 -23.0158439),,,bicycle_parking,,,,,,,,,,,,,,,,,,,,,,,,,2026-07-02T22:07:42.336Z,2026-07-02T22:07:42.336Z
2590,node/4835595933,node,POINT(-51.2243516 -30.0419712),,,bicycle_parking,stands,6,customers,yes,no,no,no,Museu Joaquim José Felizardo,,,,,,,,,,Mo 13:00-17:30; Tu-Fr 09:00-17:30,,,,,,,2026-07-02T22:07:42.336Z,2026-07-02T22:07:42.336Z
2591,node/4835595934,node,POINT(-51.2212799 -30.0592851),,,bicycle_parking,wall_loops,6,customers,no,no,no,yes,Escola Infante Dom Henrique,,,,,,,,,,,,,,,,,2026-07-02T22:07:42.336Z,2026-07-02T22:07:42.336Z
2592,node/4837454360,node,POINT(-48.5256574 -27.5991717),,,bicycle_parking,,,,,,,,,,,,,,,,,,,,,,,,,2026-07-02T22:07:42.336Z,2026-07-02T22:07:42.336Z
2593,node/4838981447,node,POINT(-49.0828834 -26.9077516),,,bicycle_parking,,,,,,,,,,,,,,,,,,,,,,,,,2026-07-02T22:07:42.336Z,2026-07-02T22:07:42.336Z
2594,node/4840291430,node,POINT(-51.2451936 -30.0774576),,,bicycle_parking,stands,6,customers,yes,no,yes,yes,Fundação Iberê Camargo,,,-1,,,,,,,Fr-Sa 13:00-18:00,,,,,,,2026-07-02T22:07:42.336Z,2026-07-02T22:07:42.336Z
2595,node/4840291457,node,POINT(-51.2453462 -30.0777863),,,bicycle_parking,wall_loops,5,private,no,no,no,yes,Fundação Iberê Camargo,,,,,,,,,,Fr-Sa 13:00-18:00,,,,,,,2026-07-02T22:07:42.336Z,2026-07-02T22:07:42.336Z
2596,node/4840407185,node,POINT(-51.1952196 -29.9726156),,,bicycle_parking,wall_loops,10,customers,no,no,no,yes,Arena do Grêmio,,,,,,,,,,,,,,,,,2026-07-02T22:07:42.336Z,2026-07-02T22:07:42.336Z
2597,node/4840407188,node,POINT(-51.1936277 -29.9731411),,,bicycle_parking,wall_loops,10,customers,no,no,no,yes,Arena do Grêmio,,,,,,,,,,,,,,,,,2026-07-02T22:07:42.336Z,2026-07-02T22:07:42.336Z
2598,node/4840407189,node,POINT(-51.1933469 -29.9734138),,,bicycle_parking,wall_loops,25,customers,no,no,no,yes,Arena do Grêmio,,,,,,,,,,,,,,,,,2026-07-02T22:07:42.336Z,2026-07-02T22:07:42.336Z
2599,node/4840407190,node,POINT(-51.1967174 -29.9736435),,,bicycle_parking,wall_loops,10,customers,no,no,no,yes,Arena do Grêmio,,,,,,,,,,,,,,,,,2026-07-02T22:07:42.336Z,2026-07-02T22:07:42.336Z
2600,node/4840407191,node,POINT(-51.1933999 -29.9745144),,,bicycle_parking,wall_loops,10,customers,no,no,no,yes,Arena do Grêmio,,,,,,,,,,,,,,,,,2026-07-02T22:07:42.336Z,2026-07-02T22:07:42.336Z
2601,node/4840407193,node,POINT(-51.1964746 -29.9748572),,,bicycle_parking,wall_loops,10,customers,no,no,no,yes,Arena do Grêmio,,,,,,,,,,,,,,,,,2026-07-02T22:07:42.346Z,2026-07-02T22:07:42.346Z
2602,node/4840407195,node,POINT(-51.1942656 -29.975259),,,bicycle_parking,wall_loops,10,customers,no,no,no,yes,Arena do Grêmio,,,,,,,,,,,,,,,,,2026-07-02T22:07:42.346Z,2026-07-02T22:07:42.346Z
2603,node/4840407197,node,POINT(-51.2032462 -29.9960314),,,bicycle_parking,stands,6,customers,no,no,yes,yes,DC Shopping,,,,,,,,,,Mo-Sa 10:00-21:00; Su 14:00-20:00,,,,,,,2026-07-02T22:07:42.346Z,2026-07-02T22:07:42.346Z
2604,node/4840407198,node,POINT(-51.1975158 -29.9973534),,Paraciclos da EPTC,bicycle_parking,stands,4,yes,yes,no,no,yes,PMPA,,,,,,,,,,24/7,,,,,,,2026-07-02T22:07:42.346Z,2026-07-02T22:07:42.346Z
2605,node/4840407199,node,POINT(-51.2026051 -30.0047549),,Paraciclo da Braskem,bicycle_parking,stands,1,yes,no,no,no,yes,Serviço Social do Comércio Unidade Navegantes,,,,,,,,,,24/7,,,,,,,2026-07-02T22:07:42.346Z,2026-07-02T22:07:42.346Z
2606,node/4840407203,node,POINT(-51.2040247 -30.0095105),,,bicycle_parking,wall_loops,20,customers,no,no,no,yes,Supper Rissul,,,,,,,,,,Mo-Sa 07:30-21:00; Su 08:30-20:00,,,,,,,2026-07-02T22:07:42.346Z,2026-07-02T22:07:42.346Z
2607,node/4840407214,node,POINT(-51.2067384 -30.0108902),,,bicycle_parking,bollard,6,yes,no,no,no,yes,Terreira da Tribo de Atuadores Ói Nóis Aqui Traveiz,,,,,,,,,,24/7,,,,,,,2026-07-02T22:07:42.346Z,2026-07-02T22:07:42.346Z
2608,node/4840407215,node,POINT(-51.1607513 -30.0127178),,,bicycle_parking,stands,9,customers,no,no,yes,yes,Bourbon Shopping Wallig,,,,,,,,,,Mo-Sa 10:00-22:00; Su 11:00-22:00,,,,,,,2026-07-02T22:07:42.346Z,2026-07-02T22:07:42.346Z
2609,node/4840407218,node,POINT(-51.1975947 -30.0333348),,,bicycle_parking,wall_loops,7,customers,no,no,yes,yes,Instituto Porto Alegre Unidade Central,,,,,,,,,,Mo-Fr 07:00-23:00; Sa 08:00-12:00,,,,,,,2026-07-02T22:07:42.346Z,2026-07-02T22:07:42.346Z
2610,node/4840407219,node,POINT(-51.2023004 -30.0338202),,,bicycle_parking,stands,3,customers,yes,no,yes,yes,Zaffari Cabral,,,,,,,,,,Mo-Sa 07:30-22:00; Su 09:00-21:00,,,,,,,2026-07-02T22:07:42.346Z,2026-07-02T22:07:42.346Z
2611,node/4840410525,node,POINT(-51.224138 -30.038843),,,bicycle_parking,wall_loops,4,yes,no,no,no,yes,,,,,,,,,,,24/7,,,,,,,2026-07-02T22:07:42.346Z,2026-07-02T22:07:42.346Z
2612,node/4844547939,node,POINT(-51.2272793 -30.0483783),,,bicycle_parking,wall_loops,25,private,no,no,no,yes,Tribunal Regional do Trabalho,,,,,,,,,,Mo-Fr 08:00-18:00,,,,,,,2026-07-02T22:07:42.346Z,2026-07-02T22:07:42.346Z
2613,node/4844565056,node,POINT(-51.2264352 -30.0511634),,,bicycle_parking,wall_loops,10,private,no,no,no,yes,Justiça do Trabalho,,,,,,,,,,Mo-Fr 10:00-18:00,,,,,,,2026-07-02T22:07:42.346Z,2026-07-02T22:07:42.346Z
2614,node/4846502444,node,POINT(-51.1711492 -30.0359425),,Paraciclo da Braskem,bicycle_parking,stands,1,yes,no,no,no,yes,Colégio Farroupilha,,,,,,,,,,24/7,,,,,,,2026-07-02T22:07:42.346Z,2026-07-02T22:07:42.346Z
2615,node/4846502445,node,POINT(-51.1619489 -30.0358222),,Paraciclo da Braskem,bicycle_parking,stands,1,yes,no,no,no,yes,Supermercado Bampi,,,,,,,,,,24/7,,,,,,,2026-07-02T22:07:42.346Z,2026-07-02T22:07:42.346Z
2616,node/4846502446,node,POINT(-51.1616012 -30.0218115),,,bicycle_parking,stands,8,customers,no,no,yes,yes,Bourbon Shopping Country,,,,,,,,,,Mo-Sa 10:00-22:00; Su 11:00-20:00,,,,,,,2026-07-02T22:07:42.346Z,2026-07-02T22:07:42.346Z
2617,node/4846502447,node,POINT(-51.1629242 -30.0277773),,,bicycle_parking,stands,64,customers,no,no,no,yes,Shopping Iguatemi,,,,,,,,,,Mo-Sa 10:00-22:00; Su 11:30-22:00,,,,,,,2026-07-02T22:07:42.346Z,2026-07-02T22:07:42.346Z
2618,node/4846742804,node,POINT(-53.7168192 -29.7137784),,,bicycle_parking,wall_loops,3,,,,,,,,,,concrete,,,,,,,,,,,,,2026-07-02T22:07:42.346Z,2026-07-02T22:07:42.346Z
2619,node/4848426554,node,POINT(-51.2368106 -30.0380247),,,bicycle_parking,wall_loops,20,customers,yes,no,yes,yes,Ministério da Fazenda,,,,,,,,,,Mo-Fr 09:00-17:00,,,,,,,2026-07-02T22:07:42.346Z,2026-07-02T22:07:42.346Z
2620,node/4848426555,node,POINT(-51.2310222 -30.0442233),,,bicycle_parking,wall_loops,10,customers,no,no,no,yes,Foro Central,,,,,,,,,,"Mo-Fr 09:00-11:30,13:30-17:00",,,,,,,2026-07-02T22:07:42.346Z,2026-07-02T22:07:42.346Z
2621,node/4849581259,node,POINT(-47.8935426 -15.7636701),,,bicycle_parking,wall_loops,,,,,,,,,,,,,,,,,,,,,,,,2026-07-02T22:07:42.346Z,2026-07-02T22:07:42.346Z
2622,node/4849669638,node,POINT(-49.0677143 -26.8796999),,,bicycle_parking,stands,6,yes,yes,no,no,no,,,,,paving_stones,,,,,,,,,,,,,2026-07-02T22:07:42.346Z,2026-07-02T22:07:42.346Z
2623,node/4851989822,node,POINT(-34.847758 -7.0688321),,,bicycle_parking,,,,,,,,manutenção de bicicletas,,,,,,,,,,,,,,,,,2026-07-02T22:07:42.346Z,2026-07-02T22:07:42.346Z
2624,node/4853613888,node,POINT(-51.205869 -30.031523),,,bicycle_parking,wall_loops,5,yes,no,no,no,yes,Bife,,,,,,,,,,24/7,,,,,,,2026-07-02T22:07:42.346Z,2026-07-02T22:07:42.346Z
2625,node/4853683517,node,POINT(-51.1219571 -30.031754),,,bicycle_parking,wall_loops,5,customers,no,no,yes,yes,Faculdade Porto-Alegrense,,,,,,,,,,,,,,,,,2026-07-02T22:07:42.346Z,2026-07-02T22:07:42.346Z
2626,node/4854013128,node,POINT(-51.1156583 -29.9825281),,,bicycle_parking,wall_loops,10,customers,no,no,yes,yes,Maxxi Atacado Sarandi,,,,,,,,,,Mo-Sa 08:00-21:00,,,,,,,2026-07-02T22:07:42.346Z,2026-07-02T22:07:42.346Z
2627,node/4854013146,node,POINT(-51.1400745 -30.0068866),,,bicycle_parking,wall_loops,10,customers,no,no,no,yes,Lojas TaQi Sarandi,,,,,,,,,,"Mo-Fr 08:30-12:00,13:30-18:00; Sa 09:00-12:00,13:00-17:00",,,,,,,2026-07-02T22:07:42.346Z,2026-07-02T22:07:42.346Z
2628,node/4854013179,node,POINT(-51.1441354 -30.0091917),,,bicycle_parking,wall_loops,16,customers,no,no,no,yes,Boulevard Strip Center Assis Brasil,,,,,,,,,,Su-Sa 10:00-22:00,,,,,,,2026-07-02T22:07:42.346Z,2026-07-02T22:07:42.346Z
2629,node/4854013229,node,POINT(-51.0924063 -30.0120921),,,bicycle_parking,wall_loops,7,customers,no,no,yes,yes,Big Água Viva,,,,,,,,,,Mo-Sa 08:00-21:00; Su 09:00-22:00,,,,,,,2026-07-02T22:07:42.346Z,2026-07-02T22:07:42.346Z
2630,node/4854013243,node,POINT(-51.1125649 -30.0317917),,Paraciclo da Braskem,bicycle_parking,stands,1,yes,no,no,no,yes,Escola Chico Mendes,,,,,,,,,,24/7,,,,,,,2026-07-02T22:07:42.346Z,2026-07-02T22:07:42.346Z
2631,node/4854013244,node,POINT(-51.1137202 -30.0324996),,,bicycle_parking,wall_loops,6,customers,no,no,yes,yes,Supermercado Brunetto,,,,,,,,,,Mo-Sa 07:30-20:30; Su 07:30-13:00,,,,,,,2026-07-02T22:07:42.346Z,2026-07-02T22:07:42.346Z
2632,node/4854032060,node,POINT(-51.1801028 -30.0494293),,,bicycle_parking,bollard,5,customers,no,no,no,yes,UFRGS Campus Olímpico,,,,,,,,,,,,,,,,,2026-07-02T22:07:42.346Z,2026-07-02T22:07:42.346Z
2633,node/4854032067,node,POINT(-51.1823669 -30.0503224),,,bicycle_parking,bollard,9,customers,no,no,no,yes,UFRGS Campus Olímpico,,,,,,,,,,,,,,,,,2026-07-02T22:07:42.346Z,2026-07-02T22:07:42.346Z
2634,node/4854032073,node,POINT(-51.1835322 -30.0503591),,,bicycle_parking,bollard,5,customers,no,no,no,yes,UFRGS Campus Olímpico,,,,,,,,,,,,,,,,,2026-07-02T22:07:42.346Z,2026-07-02T22:07:42.346Z
2635,node/4854032080,node,POINT(-51.1835539 -30.0504554),,,bicycle_parking,bollard,10,customers,no,no,no,yes,UFRGS Campus Olímpico,,,,,,,,,,,,,,,,,2026-07-02T22:07:42.346Z,2026-07-02T22:07:42.346Z
2636,node/4854032086,node,POINT(-51.1826731 -30.0506765),,,bicycle_parking,bollard,16,customers,no,no,no,yes,UFRGS Campus Olímpico,,,,,,,,,,,,,,,,,2026-07-02T22:07:42.346Z,2026-07-02T22:07:42.346Z
2637,node/4854032091,node,POINT(-51.182261 -30.0508887),,,bicycle_parking,bollard,5,customers,no,no,no,yes,UFRGS Campus Olímpico,,,,,,,,,,,,,,,,,2026-07-02T22:07:42.346Z,2026-07-02T22:07:42.346Z
2638,node/4854032094,node,POINT(-51.2005511 -30.0584926),,,bicycle_parking,wall_loops,13,customers,no,no,no,yes,Escola Rainha do Brasil,,,,,,,,,,Mo-Fr 07:30-17:30,,,,,,,2026-07-02T22:07:42.346Z,2026-07-02T22:07:42.346Z
2639,node/4854084793,node,POINT(-51.202483 -30.0202064),,Paraciclo do PoA Bikes,bicycle_parking,stands,1,yes,no,no,no,yes,Le Grand Burger,,,,,,,,,,24/7,,,,,,,2026-07-02T22:07:42.346Z,2026-07-02T22:07:42.346Z
2640,node/4854084795,node,POINT(-51.2088266 -30.0290869),,,bicycle_parking,wall_loops,5,yes,no,no,no,yes,Galeria Moinhos de Vento,,,,,,,,,,24/7,,,,,,,2026-07-02T22:07:42.346Z,2026-07-02T22:07:42.346Z
2641,node/4854085423,node,POINT(-51.2344633 -30.1030472),,,bicycle_parking,stands,6,customers,no,no,yes,yes,Otto 2500 Shopping,,,,,,,,,,Su-Sa 09:00-21:00,,,,,,,2026-07-02T22:07:42.346Z,2026-07-02T22:07:42.346Z
2642,node/4854502533,node,POINT(-51.182288 -30.0336157),,,bicycle_parking,wall_loops,4,customers,yes,no,yes,yes,Grêmio Náutico União Alto Petrópolis,,,,,,,,,,Su-Sa 06:30-23:00,,,,,,,2026-07-02T22:07:42.346Z,2026-07-02T22:07:42.346Z
2643,node/4854502534,node,POINT(-51.1900754 -30.2116908),,Paraciclos da EPTC,bicycle_parking,stands,2,yes,no,no,no,yes,PMPA,,,,,,,,,,24/7,,,,,,,2026-07-02T22:07:42.346Z,2026-07-02T22:07:42.346Z
2644,node/4862488421,node,POINT(-48.5434718 -27.5801735),,Bicicletário 2 da Praça Governador Celso Ramos,bicycle_parking,wall_loops,4,,no,no,,,,,,,,,,,,,24/7,,,,,,,2026-07-02T22:07:42.346Z,2026-07-02T22:07:42.346Z
2645,node/4879604707,node,POINT(-53.7144193 -29.70566),,,bicycle_parking,,5,,,,,,,,,,,,,,,,,,,,,,,2026-07-02T22:07:42.346Z,2026-07-02T22:07:42.346Z
2646,node/4880339956,node,POINT(-51.197613 -29.9967794),,,bicycle_parking,stands,5,customers,no,no,yes,yes,Banco do Brasil Navegantes,,,,,,,,,,Mo-Fr 10:00-16:00,,,,,,,2026-07-02T22:07:42.346Z,2026-07-02T22:07:42.346Z
2647,node/4880339978,node,POINT(-51.2012529 -30.0258981),,Bicicletário da BikeTech,bicycle_parking,wall_loops,3,yes,no,no,no,yes,Temakeria Japesca Moinhos,,,,,,,,,,24/7,,,,,,,2026-07-02T22:07:42.346Z,2026-07-02T22:07:42.346Z
2648,node/4880339980,node,POINT(-51.2197867 -30.0278773),,Paraciclos da EPTC,bicycle_parking,stands,2,yes,no,no,no,yes,PMPA,,,,,,,,,,24/7,,,,,,,2026-07-02T22:07:42.346Z,2026-07-02T22:07:42.346Z
2649,node/4880339984,node,POINT(-51.2141567 -30.0286171),,,bicycle_parking,wall_loops,5,customers,no,no,no,yes,Top Agência Produtora,,,,,,,,,,,,,,,,,2026-07-02T22:07:42.346Z,2026-07-02T22:07:42.346Z
2650,node/4880339992,node,POINT(-51.181321 -30.0292154),,Bicicletário da BikeTech,bicycle_parking,wall_loops,3,customers,no,no,no,yes,,,,,,,,,,,24/7,,,,,,,2026-07-02T22:07:42.346Z,2026-07-02T22:07:42.346Z
2651,node/4880339995,node,POINT(-51.2159216 -30.0306675),,Bicicletário da BikeTech,bicycle_parking,wall_loops,3,yes,no,no,no,yes,Raw,,,,,,,,,,24/7,,,,,,,2026-07-02T22:07:42.346Z,2026-07-02T22:07:42.346Z
2652,node/4880339999,node,POINT(-51.2143483 -30.0315976),,,bicycle_parking,wall_loops,10,customers,no,no,no,yes,Fleming Medicina,,,,,,,,,,,,,,,,,2026-07-02T22:07:42.346Z,2026-07-02T22:07:42.346Z
2653,node/4880340009,node,POINT(-51.2308226 -30.0328067),,,bicycle_parking,stands,4,customers,no,no,yes,yes,Assembleia Legislativa,,,,,,,,,,Mo-Fr 08:30-18:30,,,,,,,2026-07-02T22:07:42.346Z,2026-07-02T22:07:42.346Z
2654,node/4880340010,node,POINT(-51.2152698 -30.0331449),,,bicycle_parking,wall_loops,5,customers,no,no,no,yes,Rubik Pré-Enem,,,,,,,,,,Mo-Fr 08:00-19:00,,,,,,,2026-07-02T22:07:42.346Z,2026-07-02T22:07:42.346Z
2655,node/4880340014,node,POINT(-51.2058802 -30.0335147),,Paraciclo do PoA Bikes,bicycle_parking,stands,1,yes,no,no,no,yes,Barber Hair King,,,,,,,,,,24/7,,,,,,,2026-07-02T22:07:42.346Z,2026-07-02T22:07:42.346Z
2656,node/4880340016,node,POINT(-51.2058673 -30.0339179),,,bicycle_parking,wall_loops,5,customers,no,no,no,yes,Winner Fight & Fitness,,,,,,,,,,Mo-Fr 07:00-22:00; Sa 09:00-13:30,,,,,,,2026-07-02T22:07:42.346Z,2026-07-02T22:07:42.346Z
2657,node/4880340221,node,POINT(-51.2113041 -30.0358047),,,bicycle_parking,wall_loops,3,customers,no,no,no,yes,Armazém da Redenção,,,,,,,,,,Tu-Su 09:30-21:30,,,,,,,2026-07-02T22:07:42.346Z,2026-07-02T22:07:42.346Z
2658,node/4880340233,node,POINT(-51.2094763 -30.0362524),,,bicycle_parking,wall_loops,10,customers,no,no,yes,yes,Caixa Econômica Federal,,,,,,,,,,Mo-Fr 10:00-16:00,,,,,,,2026-07-02T22:07:42.346Z,2026-07-02T22:07:42.346Z
2659,node/4880340250,node,POINT(-51.2009756 -30.0383677),,,bicycle_parking,stands,3,customers,no,no,no,yes,Germina,,,,,,,,,,"Mo-Tu 11:30-20:00, We-Th 11:30-20:00; Fr 11:30-22:00; Sa 12:00-20:00; Su 12:00-15:00",,,,,,,2026-07-02T22:07:42.346Z,2026-07-02T22:07:42.346Z
2660,node/4880340260,node,POINT(-51.2243602 -30.0392653),,Bicicletário da BikeTech,bicycle_parking,wall_loops,3,yes,no,no,no,yes,Velho Tranquilo Barbearia,,,,,,,,,,24/7,,,,,,,2026-07-02T22:07:42.346Z,2026-07-02T22:07:42.346Z
2661,node/4880340269,node,POINT(-51.2196456 -30.0431935),,,bicycle_parking,wall_loops,2,customers,no,no,no,yes,Farmácias Associadas,,,,,,,,,,08:00-21:00,,,,,,,2026-07-02T22:07:42.346Z,2026-07-02T22:07:42.346Z
2662,node/4880340279,node,POINT(-51.225501 -30.0477191),,,bicycle_parking,stands,2,yes,no,no,no,yes,Fundação de Assistência Social e Cidadania,,,,,,,,,,24/7,,,,,,,2026-07-02T22:07:42.346Z,2026-07-02T22:07:42.346Z
2663,node/4880340281,node,POINT(-51.2229866 -30.0603524),,Paraciclo da EPTC,bicycle_parking,stands,1,yes,no,no,no,yes,PMPA,,,,,,,,,,24/7,,,,,,,2026-07-02T22:07:42.346Z,2026-07-02T22:07:42.346Z
2664,node/4880340282,node,POINT(-51.1490343 -30.0614721),,Paraciclos da EPTC,bicycle_parking,stands,2,yes,no,no,no,yes,Hospital Independência,,,,,,,,,,24/7,,,,,,,2026-07-02T22:07:42.346Z,2026-07-02T22:07:42.346Z
2665,node/4880340291,node,POINT(-51.2065385 -30.0809308),,Paraciclos da EPTC,bicycle_parking,stands,3,yes,no,no,no,yes,Ginásio de Esportes Lupi Martins,,,,,,,,,,24/7,,,,,,,2026-07-02T22:07:42.346Z,2026-07-02T22:07:42.346Z
2666,node/4880340302,node,POINT(-51.2482811 -30.0994379),,,bicycle_parking,wall_loops,5,customers,no,no,no,yes,UniRitter Campus Exclusivo,,,,,,,,,,,,,,,,,2026-07-02T22:07:42.346Z,2026-07-02T22:07:42.346Z
2667,node/4880340305,node,POINT(-51.2573255 -30.1074382),,,bicycle_parking,wall_loops,4,customers,no,no,no,yes,Positano Café,,,,,,,,,,Mo-Sa 08:30-19:00; Su 14:00-19:00,,,,,,,2026-07-02T22:07:42.346Z,2026-07-02T22:07:42.346Z
2668,node/4880429201,node,POINT(-51.2070418 -30.0200448),,Bicicletário da BikeTech,bicycle_parking,wall_loops,3,customers,no,no,no,yes,Lookbel,,,,,,,,,,Mo-Fr 09:00-18:30; Sa 09:00-13:00,,,,,,,2026-07-02T22:07:42.346Z,2026-07-02T22:07:42.346Z
2669,node/4880445012,node,POINT(-51.22294 -30.0329563),,,bicycle_parking,wall_loops,2,customers,no,no,no,yes,Casa do Estudante,,,,,,,,,,24/7,,,,,,,2026-07-02T22:07:42.346Z,2026-07-02T22:07:42.346Z
2670,node/4882051056,node,POINT(-51.2041128 -30.0376171),,Paraciclos da EPTC,bicycle_parking,stands,5,yes,yes,no,no,yes,PMPA,,,,,,,,,,24/7,,,,,,,2026-07-02T22:07:42.346Z,2026-07-02T22:07:42.346Z
2671,node/4882051086,node,POINT(-51.2280256 -30.1160088),,Paraciclos da EPTC,bicycle_parking,stands,3,customers,no,no,no,yes,Unidade Básica de Saúde Cidade de Deus,,,,,,,,,,"Mo-Fr 08:00-12:00,13:00-17:00",,,,,,,2026-07-02T22:07:42.346Z,2026-07-02T22:07:42.346Z
2672,node/4890260792,node,POINT(-38.5836922 -3.7375336),Terminal Antônio Bezerra,,bicycle_parking,shed,26,,yes,no,,,Prefeitura Municipal de Fortaleza,,,,,,,,,,,,,,,,,2026-07-02T22:07:42.346Z,2026-07-02T22:07:42.346Z
2673,node/4893932137,node,POINT(-51.2349153 -30.1081129),,Paraciclos da EPTC,bicycle_parking,stands,3,customers,no,no,no,yes,Unidade Básica de Saúde Camaquã,,,,,,,,,,Mo-Fr 07:00-18:00,,,,,,,2026-07-02T22:07:42.346Z,2026-07-02T22:07:42.346Z
2674,node/4893961972,node,POINT(-51.2056963 -30.0423293),,,bicycle_parking,wall_loops,5,customers,no,no,no,yes,UFRGS Campus Saúde,,,,,,,,,,,,,,,,,2026-07-02T22:07:42.346Z,2026-07-02T22:07:42.346Z
2675,node/4894184419,node,POINT(-51.1930323 -30.0291027),,Bicicletário da BikeTech,bicycle_parking,wall_loops,3,customers,no,no,no,yes,La Rouge Bistrô,,,,,,,,,,"Tu-We 12:00-15:00; Th 12:00-15:00,19:30-22:30; Fr 12:00-15:00; Sa-Su 12:00-16:00",,,,,,,2026-07-02T22:07:42.346Z,2026-07-02T22:07:42.346Z
2676,node/4895392134,node,POINT(-51.1937855 -30.0214598),,,bicycle_parking,wall_loops,5,customers,no,no,no,yes,Tok&Stok Auxiliadora,,,,,,,,,,Mo-Sa 09:00-22:00; Su 12:00-20:00,,,,,,,2026-07-02T22:07:42.346Z,2026-07-02T22:07:42.346Z
2677,node/4895392139,node,POINT(-51.2036772 -30.0271018),,Bicicletário da BikeTech,bicycle_parking,wall_loops,3,customers,no,no,no,yes,Galeria Champs Elysees,,,,,,,,,,Mo-Sa 10:00-19:00,,,,,,,2026-07-02T22:07:42.346Z,2026-07-02T22:07:42.346Z
2678,node/4895392140,node,POINT(-51.2030683 -30.0271209),,,bicycle_parking,wall_loops,3,customers,no,no,no,yes,Fit Academia,,,,,,,,,,Mo-Fr 06:30-22:00; Sa 09:00-15:00,,,,,,,2026-07-02T22:07:42.346Z,2026-07-02T22:07:42.346Z
2679,node/4895392145,node,POINT(-51.2131887 -30.0455779),,,bicycle_parking,wall_loops,10,customers,no,no,yes,yes,Shopping João Pessoa,,,,,,,,,,Mo-Sa 09:00-21:00; Su 12:00-18:00,,,,,,,2026-07-02T22:07:42.346Z,2026-07-02T22:07:42.346Z
2680,node/4895850622,node,POINT(-46.6846837 -23.5801748),,,bicycle_parking,wall_loops,40,,no,,,,Museu da Casa Brasileira,,,,,,,,,,,,,,,,,2026-07-02T22:07:42.346Z,2026-07-02T22:07:42.346Z
2681,node/4902386935,node,POINT(-52.7056392 -27.1134355),,,bicycle_parking,rack,44,yes,no,no,,yes,Universidade Federal da Fronteira Sul,,,,,,,,,,,,,,,,,2026-07-02T22:07:42.346Z,2026-07-02T22:07:42.346Z
2682,node/4905070673,node,POINT(-49.1733207 -26.7324829),,,bicycle_parking,ground_slots,2,yes,no,no,,,,,,,,,,,,,,,,,,,,2026-07-02T22:07:42.346Z,2026-07-02T22:07:42.346Z
2683,node/4906500482,node,POINT(-43.4098526 -22.9811881),,,bicycle_parking,stands,20,,no,no,,,,,,,,,,,,,,,,,,,,2026-07-02T22:07:42.346Z,2026-07-02T22:07:42.346Z
2684,node/4906512984,node,POINT(-43.4170202 -22.989131),,,bicycle_parking,stands,7,,no,no,,,,,,,,,,,,,,,,,,,,2026-07-02T22:07:42.346Z,2026-07-02T22:07:42.346Z
2685,node/4906522882,node,POINT(-43.4302004 -23.0006146),,,bicycle_parking,stands,22,,no,no,,,,,,,,,,,,,,,,,,,,2026-07-02T22:07:42.346Z,2026-07-02T22:07:42.346Z
2686,node/4906522883,node,POINT(-43.4334023 -23.0032219),,,bicycle_parking,stands,20,,no,no,,,,,,,,,,,,,,,,,,,,2026-07-02T22:07:42.346Z,2026-07-02T22:07:42.346Z
2687,node/4911693687,node,POINT(-53.7161576 -29.7121127),,,bicycle_parking,wall_loops,7,,no,,,,,,,,,,,,,,,,,,,,,2026-07-02T22:07:42.346Z,2026-07-02T22:07:42.346Z
2688,node/4928725835,node,POINT(-38.5003688 -3.7510534),SCSP - Secretaria de Conservação e Serviços Públicos de Fortaleza,,bicycle_parking,stands,6,permissive,yes,,,,,,,,,,,,,,,,,,,,,2026-07-02T22:07:42.346Z,2026-07-02T22:07:42.346Z
2689,node/4931106781,node,POINT(-47.8997535 -15.7390091),,,bicycle_parking,wall_loops,,,no,,,,,,,,,,,,,,,,,,,,,2026-07-02T22:07:42.346Z,2026-07-02T22:07:42.346Z
2690,node/4931518729,node,POINT(-38.4990197 -3.7503518),Rua Compartilhada,,bicycle_parking,stands,10,permissive,no,,,,,,,,,,,,,,,,,,,,,2026-07-02T22:07:42.346Z,2026-07-02T22:07:42.346Z
2691,node/4935696390,node,POINT(-51.2057816 -30.0361588),,,bicycle_parking,stands,1,yes,no,no,no,yes,Pandorga,,,,,,,,,,24/7,,,,,,,2026-07-02T22:07:42.346Z,2026-07-02T22:07:42.346Z
2692,node/4935696400,node,POINT(-51.2209898 -30.0418825),,,bicycle_parking,wall_loops,7,customers,no,no,no,yes,Opinião,,,,,,,,,,"Mo-Fr 09:00-12:00,13:30-18:00; Sa-Su 22:00-00:00",,,,,,,2026-07-02T22:07:42.346Z,2026-07-02T22:07:42.346Z
2693,node/4935696413,node,POINT(-51.2128095 -30.0444073),,,bicycle_parking,wall_loops,8,customers,no,no,no,yes,Colégio Estadual Júlio de Castilhos,,,,,,,,,,,,,,,,,2026-07-02T22:07:42.346Z,2026-07-02T22:07:42.346Z
2694,node/4935696621,node,POINT(-51.2149457 -30.0555295),,,bicycle_parking,wall_loops,8,customers,no,no,no,yes,Dia Market,,,,,,,,,,Mo-Sa 08:00-21:00; Su 09:00-14:00,,,,,,,2026-07-02T22:07:42.346Z,2026-07-02T22:07:42.346Z
2695,node/4935696625,node,POINT(-51.2366868 -30.0628121),,,bicycle_parking,bollard,4,yes,no,no,no,yes,,,,,,,,,,,24/7,,,,,,,2026-07-02T22:07:42.346Z,2026-07-02T22:07:42.346Z
2696,node/4935696630,node,POINT(-51.2328998 -30.0635168),,,bicycle_parking,bollard,4,yes,no,no,no,yes,,,,,,,,,,,24/7,,,,,,,2026-07-02T22:07:42.346Z,2026-07-02T22:07:42.346Z
2697,node/4935780942,node,POINT(-51.2194926 -30.0445747),,,bicycle_parking,wall_loops,8,customers,no,no,no,yes,Empresa Pública de Transporte e Circulação,,,,,,,,,,,,,,,,,2026-07-02T22:07:42.346Z,2026-07-02T22:07:42.346Z
2698,node/4937195548,node,POINT(-51.1285796 -29.9934982),,Paraciclos da EPTC,bicycle_parking,stands,2,yes,no,no,no,yes,PMPA,,,,,,,,,,24/7,,,,,,,2026-07-02T22:07:42.346Z,2026-07-02T22:07:42.346Z
2699,node/4937195557,node,POINT(-51.1343144 -29.9949813),,Paraciclos da EPTC,bicycle_parking,stands,2,yes,no,no,no,yes,Unidade Básica de Saúde Sarandi,,,,,,,,,,24/7,,,,,,,2026-07-02T22:07:42.346Z,2026-07-02T22:07:42.346Z
2700,node/4937195561,node,POINT(-51.134273 -29.9949988),,Paraciclo da EPTC,bicycle_parking,stands,1,customers,no,no,no,yes,Unidade Básica de Saúde Sarandi,,,,,,,,,,Mo-Fr 07:00-18:00,,,,,,,2026-07-02T22:07:42.346Z,2026-07-02T22:07:42.346Z
2701,node/4937195562,node,POINT(-51.1781333 -30.0147683),,,bicycle_parking,stands,3,customers,no,no,no,yes,Centro de Saúde IAPI,,,,,,,,,,Mo-Sa 07:00-18:00,,,,,,,2026-07-02T22:07:42.356Z,2026-07-02T22:07:42.356Z
2702,node/4937195567,node,POINT(-51.1493526 -30.0271394),,Paraciclos da EPTC,bicycle_parking,stands,2,yes,no,no,no,yes,Unidade Básica de Saúde Vila Ipiranga,,,,,,,,,,24/7,,,,,,,2026-07-02T22:07:42.356Z,2026-07-02T22:07:42.356Z
2703,node/4937195594,node,POINT(-51.1735461 -30.0374289),,Paraciclos da EPTC,bicycle_parking,stands,3,yes,no,no,no,yes,SMAM,,,,,,,,,,24/7,,,,,,,2026-07-02T22:07:42.356Z,2026-07-02T22:07:42.356Z
2704,node/4937197236,node,POINT(-51.1822892 -30.041292),,Paraciclos da EPTC,bicycle_parking,stands,2,yes,no,no,no,yes,PMPA,,,,,,,,,,24/7,,,,,,,2026-07-02T22:07:42.356Z,2026-07-02T22:07:42.356Z
2705,node/4937558628,node,POINT(-38.5538981 -3.7332386),Coffee Time Floricultura,,bicycle_parking,stands,6,permissive,yes,,,,,,,,,,,,,,,,,,,,,2026-07-02T22:07:42.356Z,2026-07-02T22:07:42.356Z
2706,node/4937832922,node,POINT(-51.2267021 -30.0348404),,,bicycle_parking,stands,4,yes,no,no,no,yes,,,,,,,,,,,24/7,,,,,,,2026-07-02T22:07:42.356Z,2026-07-02T22:07:42.356Z
2858,node/5303759540,node,POINT(-49.0258853 -28.4751667),,,bicycle_parking,,,yes,yes,,,,,,,,,,,,,,,,,,,,,2026-07-02T22:07:42.367Z,2026-07-02T22:07:42.367Z
2707,node/4937832927,node,POINT(-51.2318819 -30.0351573),,,bicycle_parking,wall_loops,2,yes,no,no,no,yes,Asprocergs,,,,,,,,,,24/7,,,,,,,2026-07-02T22:07:42.356Z,2026-07-02T22:07:42.356Z
2708,node/4937832930,node,POINT(-51.2239772 -30.0409154),,,bicycle_parking,wall_loops,2,yes,no,no,no,yes,BioStudio Cidade Baixa,,,,,,,,,,24/7,,,,,,,2026-07-02T22:07:42.356Z,2026-07-02T22:07:42.356Z
2709,node/4938911394,node,POINT(-38.5079624 -3.7331871),,,bicycle_parking,stands,8,permissive,no,,,,Floresta Bar,,,,,,,,,,,,,,,,,2026-07-02T22:07:42.356Z,2026-07-02T22:07:42.356Z
2710,node/4938947974,node,POINT(-38.4964591 -3.7308722),,,bicycle_parking,stands,8,customers,no,,,,Empório Delitália,,,,,,,,,,,,,,,,,2026-07-02T22:07:42.356Z,2026-07-02T22:07:42.356Z
2711,node/4942199463,node,POINT(-51.2201377 -30.0799441),,,bicycle_parking,wall_loops,5,customers,no,no,yes,yes,UniRitter Campus Zona Sul,,,,,,,,,,,,,,,,,2026-07-02T22:07:42.356Z,2026-07-02T22:07:42.356Z
2712,node/4942231340,node,POINT(-51.2357839 -30.0334662),,,bicycle_parking,wall_loops,5,customers,no,no,no,yes,IAB RS,,,,,,,,,,,,,,,,,2026-07-02T22:07:42.356Z,2026-07-02T22:07:42.356Z
2713,node/4942251977,node,POINT(-51.2241908 -30.0423643),,,bicycle_parking,wall_loops,4,yes,no,no,no,yes,Lusty Pole Dance Café,,,,,,,,,,24/7,,,,,,,2026-07-02T22:07:42.356Z,2026-07-02T22:07:42.356Z
2714,node/4955540097,node,POINT(-38.5015678 -3.7371631),,,bicycle_parking,stands,6,,no,,,,,,,,,,,,,,,,,,,,,2026-07-02T22:07:42.356Z,2026-07-02T22:07:42.356Z
2715,node/4968620797,node,POINT(-46.6297614 -23.573146),,,bicycle_parking,,,,,,,,,,,,,,,,,,,,,,,,,2026-07-02T22:07:42.356Z,2026-07-02T22:07:42.356Z
2716,node/4977252392,node,POINT(-51.1208566 -30.0687598),,,bicycle_parking,wall_loops,5,customers,no,no,no,yes,UFRGS Campus do Vale,,,,,,,,,,,,,,,,,2026-07-02T22:07:42.356Z,2026-07-02T22:07:42.356Z
2717,node/4981220452,node,POINT(-53.7135536 -29.6986316),,,bicycle_parking,wall_loops,4,yes,no,no,,,,,,,,,,,,,,,,survey,,,,2026-07-02T22:07:42.356Z,2026-07-02T22:07:42.356Z
2718,node/4983206444,node,POINT(-49.1758303 -26.741233),,,bicycle_parking,ground_slots,3,yes,no,no,,,,,,,,,,,,,,,,,,,,2026-07-02T22:07:42.356Z,2026-07-02T22:07:42.356Z
2719,node/4984936571,node,POINT(-47.8893737 -15.7804474),,,bicycle_parking,stands,6,customers,no,,,,DeRose Method Asa Norte,,,,,,,,,,,,,,,,,2026-07-02T22:07:42.356Z,2026-07-02T22:07:42.356Z
2720,node/4987017086,node,POINT(-43.4691531 -23.0141955),,,bicycle_parking,,,,,,,,,,,,,,,,,,,,,,,,,2026-07-02T22:07:42.356Z,2026-07-02T22:07:42.356Z
2721,node/4991435290,node,POINT(-53.7152984 -29.7134899),,,bicycle_parking,,8,,,,,,,,,,,,,,,,,,,,,,,2026-07-02T22:07:42.356Z,2026-07-02T22:07:42.356Z
2722,node/4991435291,node,POINT(-53.7154835 -29.713512),,,bicycle_parking,,17,,,,,,,,,,,,,,,,,,,,,,,2026-07-02T22:07:42.356Z,2026-07-02T22:07:42.356Z
2723,node/4997427610,node,POINT(-54.3199096 -30.3220163),,,bicycle_parking,ground_slots,6,customers,,no,,,,,,,,,,,,,,,,,,,,2026-07-02T22:07:42.356Z,2026-07-02T22:07:42.356Z
2724,node/4997427614,node,POINT(-54.321762 -30.3205322),,,bicycle_parking,ground_slots,5,permissive,,no,,,,,,,,,,,,,,,,,,,,2026-07-02T22:07:42.356Z,2026-07-02T22:07:42.356Z
2725,node/5001117194,node,POINT(-53.7132676 -29.7245566),,,bicycle_parking,,6,yes,,,,,,,,,,,,,,,,,,survey,,,,2026-07-02T22:07:42.356Z,2026-07-02T22:07:42.356Z
2726,node/5001117199,node,POINT(-53.7156726 -29.7185705),,,bicycle_parking,,11,yes,,,,,,,,,,,,,,,,,,survey,,,,2026-07-02T22:07:42.356Z,2026-07-02T22:07:42.356Z
2727,node/5001117206,node,POINT(-53.7174226 -29.7118254),,,bicycle_parking,,2,yes,,,,,,,,,,,,,,,,,,survey,,,,2026-07-02T22:07:42.356Z,2026-07-02T22:07:42.356Z
2728,node/5001117209,node,POINT(-53.7177761 -29.7148143),,,bicycle_parking,,14,yes,,,,,,,,,,,,,,,,,,survey,,,,2026-07-02T22:07:42.356Z,2026-07-02T22:07:42.356Z
2729,node/5001117210,node,POINT(-53.7178111 -29.714874),,,bicycle_parking,,5,yes,,,,,,,,,,,,,,,,,,survey,,,,2026-07-02T22:07:42.356Z,2026-07-02T22:07:42.356Z
2730,node/5003537725,node,POINT(-54.3282542 -30.3280263),,,bicycle_parking,,4,,,,,,,,,,,,,,,,,,,,,,,2026-07-02T22:07:42.356Z,2026-07-02T22:07:42.356Z
2731,node/5005181844,node,POINT(-49.2594437 -25.4125014),Centro Malachini Dias,,bicycle_parking,,,,,,,,,,,,,,,,,,,,,,,,,2026-07-02T22:07:42.356Z,2026-07-02T22:07:42.356Z
2732,node/5009997028,node,POINT(-54.3285198 -30.351449),,,bicycle_parking,,7,,,,,,,,,,,,,,,,,,,,,,,2026-07-02T22:07:42.356Z,2026-07-02T22:07:42.356Z
2733,node/5015175369,node,POINT(-54.3309505 -30.3343815),,,bicycle_parking,stands,40,,,,,,,,,,,,,,,,,,,,,,,2026-07-02T22:07:42.356Z,2026-07-02T22:07:42.356Z
2734,node/5015211919,node,POINT(-54.3288088 -30.3359105),,,bicycle_parking,,9,,,,,,,,,,,,,,,,,,,,,,,2026-07-02T22:07:42.356Z,2026-07-02T22:07:42.356Z
2735,node/5015211920,node,POINT(-54.3288028 -30.3359453),,,bicycle_parking,,7,,,,,,,,,,,,,,,,,,,,,,,2026-07-02T22:07:42.356Z,2026-07-02T22:07:42.356Z
2736,node/5019141836,node,POINT(-54.3286002 -30.328391),,,bicycle_parking,,7,,,,,,,,,,,,,,,,,,,,,,,2026-07-02T22:07:42.356Z,2026-07-02T22:07:42.356Z
2737,node/5019141837,node,POINT(-54.3285955 -30.3282498),,,bicycle_parking,,14,,,,,,,,,,,,,,,,,,,,,,,2026-07-02T22:07:42.356Z,2026-07-02T22:07:42.356Z
2738,node/5021025847,node,POINT(-54.3265256 -30.3279566),,,bicycle_parking,,3,,,,,,,,,,,,,,,,,,,,,,,2026-07-02T22:07:42.356Z,2026-07-02T22:07:42.356Z
2739,node/5024555876,node,POINT(-54.3214206 -30.3344735),,,bicycle_parking,,4,,,,,,,,,,,,,,,,,,,,,,,2026-07-02T22:07:42.356Z,2026-07-02T22:07:42.356Z
2740,node/5024555896,node,POINT(-54.321251 -30.3336384),,,bicycle_parking,,11,,,,,,,,,,,,,,,,,,,,,,,2026-07-02T22:07:42.356Z,2026-07-02T22:07:42.356Z
2741,node/5024556323,node,POINT(-54.3217576 -30.3342701),,,bicycle_parking,,5,,,,,,,,,,,,,,,,,,,,,,,2026-07-02T22:07:42.356Z,2026-07-02T22:07:42.356Z
2742,node/5024610786,node,POINT(-54.3277983 -30.3237291),,,bicycle_parking,,4,,,,,,,,,,,,,,,,,,,,,,,2026-07-02T22:07:42.356Z,2026-07-02T22:07:42.356Z
2743,node/5024610815,node,POINT(-54.3279934 -30.3268175),,,bicycle_parking,,7,,,,,,,,,,,,,,,,,,,,,,,2026-07-02T22:07:42.356Z,2026-07-02T22:07:42.356Z
2744,node/5024610817,node,POINT(-54.3279384 -30.3264685),,,bicycle_parking,,2,,,,,,,,,,,,,,,,,,,,,,,2026-07-02T22:07:42.356Z,2026-07-02T22:07:42.356Z
2745,node/5024610818,node,POINT(-54.3279092 -30.326314),,,bicycle_parking,,4,,,,,,,,,,,,,,,,,,,,,,,2026-07-02T22:07:42.356Z,2026-07-02T22:07:42.356Z
2746,node/5029365721,node,POINT(-47.8886657 -15.7748287),,,bicycle_parking,wall_loops,,,,,,,,,,,,,,,,,,,,,,,,2026-07-02T22:07:42.356Z,2026-07-02T22:07:42.356Z
2747,node/5030831457,node,POINT(-53.7142812 -29.7138603),,,bicycle_parking,,9,,,,,,,,,,,,,,,,,,,,,,,2026-07-02T22:07:42.356Z,2026-07-02T22:07:42.356Z
2748,node/5035645883,node,POINT(-47.8901251 -15.7532283),,,bicycle_parking,wall_loops,,,no,,,,,,,,,,,,,,,,,,,,,2026-07-02T22:07:42.356Z,2026-07-02T22:07:42.356Z
2749,node/5036649922,node,POINT(-43.9511506 -19.9200256),,,bicycle_parking,,,,,,,,,,,,,,,,,,,,,,,,,2026-07-02T22:07:42.356Z,2026-07-02T22:07:42.356Z
2750,node/5036650222,node,POINT(-43.9511648 -19.9198709),,,bicycle_parking,,,,,,,,,,,,,,,,,,,,,,,,,2026-07-02T22:07:42.356Z,2026-07-02T22:07:42.356Z
2751,node/5036650223,node,POINT(-43.9503934 -19.9217475),,,bicycle_parking,,,,,,,,,,,,,,,,,,,,,,,,,2026-07-02T22:07:42.356Z,2026-07-02T22:07:42.356Z
2752,node/5036650224,node,POINT(-43.9477224 -19.9219403),,,bicycle_parking,,,,,,,,,,,,,,,,,,,,,,,,,2026-07-02T22:07:42.356Z,2026-07-02T22:07:42.356Z
2753,node/5036743422,node,POINT(-43.9493177 -19.9229191),,,bicycle_parking,,,,,,,,,,,,,,,,,,,,,,,,,2026-07-02T22:07:42.356Z,2026-07-02T22:07:42.356Z
2754,node/5042848522,node,POINT(-43.9476609 -19.9208989),,,bicycle_parking,,,,,,,,,,,,,,,,,,,,,,,,,2026-07-02T22:07:42.356Z,2026-07-02T22:07:42.356Z
2755,node/5057410082,node,POINT(-49.1736297 -26.7489446),,,bicycle_parking,ground_slots,3,,no,,,,,,,,,,,,,,,,,,,,,2026-07-02T22:07:42.356Z,2026-07-02T22:07:42.356Z
2756,node/5059293817,node,POINT(-48.6789814 -27.6409135),,,bicycle_parking,wall_loops,8,yes,no,no,no,,,,,,,,,,,,,,,,,,,2026-07-02T22:07:42.356Z,2026-07-02T22:07:42.356Z
2757,node/5064445640,node,POINT(-48.5521947 -27.597936),,,bicycle_parking,stands,8,yes,no,no,,,,,,,,,,,,,,,,,,,,2026-07-02T22:07:42.356Z,2026-07-02T22:07:42.356Z
2758,node/5082796175,node,POINT(-49.0843914 -26.8943476),,,bicycle_parking,,,,,,,,,,,,,,,,,,,,,,,,,2026-07-02T22:07:42.356Z,2026-07-02T22:07:42.356Z
2759,node/5090752566,node,POINT(-46.6331818 -23.5408895),Caverna's Park,,parking,yes,,customers,,yes,,,,,,,concrete,São Paulo,Rua Carlos de Sousa Nazaré,88,Centro,01025-000,Mo-Sa 07:00-18:00,,,,,,,2026-07-02T22:07:42.356Z,2026-07-02T22:07:42.356Z
2760,node/5094461223,node,POINT(-43.9399164 -19.9236528),,,bicycle_parking,,,,,,,,,,,,,,,,,,,,,,,,,2026-07-02T22:07:42.356Z,2026-07-02T22:07:42.356Z
2761,node/5103916694,node,POINT(-47.8444662 -15.8104292),,,bicycle_parking,bollard,8,private,yes,,,,ANTT,,,-2,,,,,,,,,,,,,,2026-07-02T22:07:42.356Z,2026-07-02T22:07:42.356Z
2762,node/5110347647,node,POINT(-43.3607887 -22.91458),,,bicycle_parking,,,,,,,,,,,,,,,,,,,,,,,,,2026-07-02T22:07:42.356Z,2026-07-02T22:07:42.356Z
2763,node/5111323491,node,POINT(-51.31119 -30.107701),,,bicycle_parking,wall_loops,9,customers,no,no,yes,yes,Terminal Hidroviário de Guaíba,,,,,,,,,,Mo-Fr 06:00-21:00; Sa 07:00-21:00; Su 10:00-21:00,,,,,,,2026-07-02T22:07:42.356Z,2026-07-02T22:07:42.356Z
2764,node/5113887566,node,POINT(-38.5178893 -3.735758),,,bicycle_parking,stands,6,customers,,,,,,,,,,,,,,,,,,,,,,2026-07-02T22:07:42.356Z,2026-07-02T22:07:42.356Z
2765,node/5113887571,node,POINT(-38.5090966 -3.7310726),,,bicycle_parking,stands,6,permissive,no,,,,,,,,,,,,,,,,,,,,,2026-07-02T22:07:42.356Z,2026-07-02T22:07:42.356Z
2766,node/5115257789,node,POINT(-51.2200143 -30.0393117),,,bicycle_parking,stands,4,customers,no,no,no,yes,Shopping Nova Olaria,,,,,,,,,,Su-Sa 10:00-23:00,,,,,,,2026-07-02T22:07:42.356Z,2026-07-02T22:07:42.356Z
2767,node/5115365025,node,POINT(-51.2062147 -30.0286951),,,bicycle_parking,stands,3,customers,no,no,no,yes,5ª Avenida Center,,,,,,,,,,Mo-Fr 08:00-19:00; Sa 10:00-17:00,,,,,,,2026-07-02T22:07:42.356Z,2026-07-02T22:07:42.356Z
2768,node/5116249438,node,POINT(-51.2234652 -30.0548201),,,bicycle_parking,stands,3,private,yes,no,no,yes,Getúlio Vargas Prime Offices,,,2,,,,,,,,,,,,,,2026-07-02T22:07:42.356Z,2026-07-02T22:07:42.356Z
2769,node/5117805094,node,POINT(-38.5236184 -13.0061333),Estacionamento Shopping Barra,,bicycle_parking,stands,15,,yes,,,,,,,,,,,,,,,,,,,,,2026-07-02T22:07:42.356Z,2026-07-02T22:07:42.356Z
2770,node/5125771452,node,POINT(-51.1595432 -30.0114259),,,bicycle_parking,wall_loops,5,yes,no,no,no,yes,Centro Comercial Francisco Trein,,,,,,,,,,24/7,,,,,,,2026-07-02T22:07:42.356Z,2026-07-02T22:07:42.356Z
2771,node/5125771453,node,POINT(-51.1698341 -30.0600103),,,bicycle_parking,wall_loops,14,private,no,no,yes,yes,TecnoPUC,,,,,,,,,,Mo-Fr 08:00-18:00,,,,,,,2026-07-02T22:07:42.356Z,2026-07-02T22:07:42.356Z
2772,node/5125771454,node,POINT(-51.1597864 -30.0113912),,,bicycle_parking,wall_loops,5,yes,no,no,no,yes,Centro Comercial Francisco Trein,,,,,,,,,,24/7,,,,,,,2026-07-02T22:07:42.356Z,2026-07-02T22:07:42.356Z
2773,node/5125771455,node,POINT(-51.1761149 -29.9894837),,,bicycle_parking,wall_loops,14,customers,yes,no,yes,yes,Aeroporto Internacional Salgado Filho,,,,,,,,,,24/7,,,,,,,2026-07-02T22:07:42.356Z,2026-07-02T22:07:42.356Z
2774,node/5125771493,node,POINT(-51.1724711 -30.05954),,,bicycle_parking,wall_loops,5,customers,no,no,yes,yes,Colégio Marista Champagnat,,,,,,,,,,Mo-Fr 07:00-20:00,,,,,,,2026-07-02T22:07:42.356Z,2026-07-02T22:07:42.356Z
2775,node/5126584292,node,POINT(-51.194774 -30.0217831),,,bicycle_parking,stands,10,customers,no,no,no,yes,Trend 24,,,,,,,,,,,,,,,,,2026-07-02T22:07:42.356Z,2026-07-02T22:07:42.356Z
2776,node/5126584293,node,POINT(-51.1727483 -30.0395576),,,bicycle_parking,wall_loops,3,customers,no,no,yes,yes,Complex Skatepark,,,,,,,,,,Su-Sa 10:00-23:45,,,,,,,2026-07-02T22:07:42.356Z,2026-07-02T22:07:42.356Z
2777,node/5126584294,node,POINT(-51.1866418 -30.0497114),,,bicycle_parking,wall_loops,5,customers,no,no,no,yes,Top One Barão do Amazonas,,,,,,,,,,Mo-Fr 06:30-24:00; Sa 09:00-17:00; Su 10:00-15:00,,,,,,,2026-07-02T22:07:42.356Z,2026-07-02T22:07:42.356Z
2778,node/5126584375,node,POINT(-51.1943507 -30.0304952),,,bicycle_parking,wall_loops,8,customers,no,no,yes,yes,Igreja Evangélica Luterana do Brasil Centro Administrativo,,,,,,,,,,,,,,,,,2026-07-02T22:07:42.356Z,2026-07-02T22:07:42.356Z
2779,node/5126584550,node,POINT(-51.2304653 -30.0470874),,,bicycle_parking,stands,10,customers,no,no,no,yes,Trend City Center,,,,,,,,,,Su-Sa 07:30-23:30,,,,,,,2026-07-02T22:07:42.356Z,2026-07-02T22:07:42.356Z
2780,node/5126731036,node,POINT(-51.2103323 -30.0301384),,,bicycle_parking,wall_loops,7,private,no,no,no,yes,Edificio Itamogi,,,,,,,,,,24/7,,,,,,,2026-07-02T22:07:42.356Z,2026-07-02T22:07:42.356Z
2781,node/5126731037,node,POINT(-51.2059515 -30.0307572),,,bicycle_parking,wall_loops,5,yes,no,no,no,yes,Mantra,,,,,,,,,,24/7,,,,,,,2026-07-02T22:07:42.356Z,2026-07-02T22:07:42.356Z
2782,node/5126731038,node,POINT(-51.2110769 -30.0349947),,,bicycle_parking,wall_loops,3,yes,no,no,no,yes,Oi Gracia,,,,,,,,,,24/7,,,,,,,2026-07-02T22:07:42.356Z,2026-07-02T22:07:42.356Z
2783,node/5126731039,node,POINT(-51.2014631 -30.0249901),,Bicicletário da BikeTech,bicycle_parking,wall_loops,3,customers,no,no,no,yes,Bio Express Parcão,,,,,,,,,,Mo-Fr 06:30-22:30; Sa 09:00-18:00; Su 09:00-18:00,,,,,,,2026-07-02T22:07:42.356Z,2026-07-02T22:07:42.356Z
2784,node/5126731061,node,POINT(-51.2109044 -30.0355896),,Paraciclo do PoA Bikes,bicycle_parking,stands,1,yes,no,no,no,yes,Scarpazza,,,,,,,,,,24/7,,,,,,,2026-07-02T22:07:42.356Z,2026-07-02T22:07:42.356Z
2785,node/5126731063,node,POINT(-51.2107107 -30.0356904),,,bicycle_parking,stands,1,yes,no,no,no,yes,Casa Catarinense,,,,,,,,,,24/7,,,,,,,2026-07-02T22:07:42.356Z,2026-07-02T22:07:42.356Z
2786,node/5126759455,node,POINT(-51.2230693 -30.0382921),,,bicycle_parking,stands,2,yes,no,no,no,yes,Café República Cup,,,,,,,,,,24/7,,,,,,,2026-07-02T22:07:42.356Z,2026-07-02T22:07:42.356Z
2787,node/5126759456,node,POINT(-51.2234886 -30.0386642),,,bicycle_parking,wall_loops,3,yes,no,no,no,yes,Estética Nadya,,,,,,,,,,24/7,,,,,,,2026-07-02T22:07:42.356Z,2026-07-02T22:07:42.356Z
2788,node/5126759457,node,POINT(-51.2239329 -30.0388315),,,bicycle_parking,tree,3,yes,no,no,no,yes,Casa de Pelotas,,,,,,,,,,24/7,,,,,,,2026-07-02T22:07:42.356Z,2026-07-02T22:07:42.356Z
2789,node/5126759459,node,POINT(-51.2213478 -30.032964),,,bicycle_parking,bollard,5,customers,no,no,no,yes,UFRGS Campus Centro,,,,,,,,,,,,,,,,,2026-07-02T22:07:42.356Z,2026-07-02T22:07:42.356Z
2790,node/5126759460,node,POINT(-51.2215586 -30.0330211),,,bicycle_parking,stands,7,customers,no,no,no,yes,UFRGS Campus Centro,,,,,,,,,,,,,,,,,2026-07-02T22:07:42.356Z,2026-07-02T22:07:42.356Z
2791,node/5126777213,node,POINT(-51.2292031 -30.0573699),,,bicycle_parking,wall_loops,5,customers,yes,no,yes,yes,Praia de Belas Business Center,,,,,,,,,,,,,,,,,2026-07-02T22:07:42.356Z,2026-07-02T22:07:42.356Z
2792,node/5126777214,node,POINT(-51.2310709 -30.0459664),,,bicycle_parking,stands,40,private,yes,no,yes,yes,Estacionamento Fórum Central,,,,,,,,,,,,,,,,,2026-07-02T22:07:42.356Z,2026-07-02T22:07:42.356Z
2793,node/5129554021,node,POINT(-51.2056549 -30.0418786),,,bicycle_parking,wall_loops,5,customers,no,no,no,yes,UFRGS Campus Saúde,,,,,,,,,,,,,,,,,2026-07-02T22:07:42.356Z,2026-07-02T22:07:42.356Z
2794,node/5134071995,node,POINT(-51.101657 -29.9558801),,,bicycle_parking,wall_loops,14,private,no,no,no,yes,Escola Estadual Presidente Kennedy,,,,,,,,,,,,,,,,,2026-07-02T22:07:42.356Z,2026-07-02T22:07:42.356Z
2795,node/5134071999,node,POINT(-51.1800443 -29.9633057),,,bicycle_parking,wall_loops,10,customers,no,no,no,yes,Lupy Lan House,,,,,,,,,,Mo-Fr 10:00-22:00; Su 13:00-22:00,,,,,,,2026-07-02T22:07:42.356Z,2026-07-02T22:07:42.356Z
2796,node/5134072018,node,POINT(-51.176981 -29.9542479),,,bicycle_parking,wall_loops,15,customers,,no,no,yes,,,,,,,,,,,Mo-Fr 09:00-17:00,,,,,,,2026-07-02T22:07:42.356Z,2026-07-02T22:07:42.356Z
2797,node/5134072020,node,POINT(-51.178812 -29.8874212),,,bicycle_parking,bollard,15,yes,no,no,no,yes,Prefeitura,,,,,,,,,,24/7,,,,,,,2026-07-02T22:07:42.356Z,2026-07-02T22:07:42.356Z
2798,node/5134260616,node,POINT(-51.1632192 -29.8854535),,,bicycle_parking,bollard,50,customers,no,no,yes,yes,ULBRA,,,,,,,,,,Mo-Fr 07:30-22:00; Sa 08:00-14:00,,,,,,,2026-07-02T22:07:42.356Z,2026-07-02T22:07:42.356Z
2799,node/5134262121,node,POINT(-51.180225 -29.9174181),,,bicycle_parking,wall_loops,10,customers,no,no,no,yes,Unilasalle,,,,,,,,,,24/7,,,,,,,2026-07-02T22:07:42.356Z,2026-07-02T22:07:42.356Z
2800,node/5134262132,node,POINT(-51.1037146 -29.9532836),,,bicycle_parking,wall_loops,5,customers,no,no,yes,yes,Asun,,,,,,,,,,Mo-Sa 08:00-21:30; Su 08:00-20:30,,,,,,,2026-07-02T22:07:42.356Z,2026-07-02T22:07:42.356Z
2801,node/5134262135,node,POINT(-51.103 -29.953316),,,bicycle_parking,wall_loops,8,customers,no,no,yes,yes,Caixa Econômica Federal,,,,,,,,,,Mo-Fr 10:00-15:00,,,,,,,2026-07-02T22:07:42.367Z,2026-07-02T22:07:42.367Z
2802,node/5134262152,node,POINT(-51.0944215 -29.9542459),,,bicycle_parking,wall_loops,2,customers,no,no,no,yes,Farmácias Associadas,,,,,,,,,,Mo-Sa 08:00-21:00,,,,,,,2026-07-02T22:07:42.367Z,2026-07-02T22:07:42.367Z
2803,node/5135159090,node,POINT(-47.8750581 -15.7689336),,,bicycle_parking,,,customers,no,,,,Casa Thomas Jefferson,,,,,,,,,,,,,,,,,2026-07-02T22:07:42.367Z,2026-07-02T22:07:42.367Z
2804,node/5141096434,node,POINT(-43.9339286 -19.9216143),,,bicycle_parking,,,,,,,,,,,,,,,,,,,,,,,,,2026-07-02T22:07:42.367Z,2026-07-02T22:07:42.367Z
2805,node/5141096435,node,POINT(-43.9350659 -19.9243049),,,bicycle_parking,stands,5,,no,,,,,,,,,,,,,,,,,,,,,2026-07-02T22:07:42.367Z,2026-07-02T22:07:42.367Z
2806,node/5141096436,node,POINT(-43.9349868 -19.9244363),,,bicycle_parking,stands,5,,no,,,,,,,,,,,,,,,,,,,,,2026-07-02T22:07:42.367Z,2026-07-02T22:07:42.367Z
2807,node/5153006844,node,POINT(-53.8161658 -29.70444),,,bicycle_parking,wall_loops,12,customers,no,no,,,,,,,asphalt,,,,,,Mo-Sa 08:30-22:00,,,,,,,2026-07-02T22:07:42.367Z,2026-07-02T22:07:42.367Z
2808,node/5153998123,node,POINT(-38.4389041 -12.9700487),,,bicycle_parking,wall_loops,4,yes,no,,,,,,,,,,,,,,,,,,,,,2026-07-02T22:07:42.367Z,2026-07-02T22:07:42.367Z
2809,node/5158188731,node,POINT(-51.130888 -29.6935829),Bourbon Hipermercado,,bicycle_parking,wall_loops,11,customers,no,no,no,yes,,,,,,,,,,,Mo-Sa 08:00-22:00,,,,,,,2026-07-02T22:07:42.367Z,2026-07-02T22:07:42.367Z
2810,node/5158188732,node,POINT(-51.1279888 -29.6846517),Caixa Econômica Federal,,bicycle_parking,wall_loops,10,customers,no,no,no,yes,,,,,,,,,,,Mo-Fr 11:00-16:00,,,,,,,2026-07-02T22:07:42.367Z,2026-07-02T22:07:42.367Z
2811,node/5158188733,node,POINT(-51.1487939 -29.6927686),Fundação Escola Técnica Liberato Salzano Vieira da Cunha,,bicycle_parking,wall_loops,7,customers,no,no,no,yes,,,,,,,,,,,,,,,,,,2026-07-02T22:07:42.367Z,2026-07-02T22:07:42.367Z
2812,node/5158188735,node,POINT(-51.134878 -29.7156848),Trensurb,,bicycle_parking,wall_loops,32,yes,yes,no,no,yes,,,,,,,,,,,"Mo-Su, PH 05:00-23:20",,,,,,,2026-07-02T22:07:42.367Z,2026-07-02T22:07:42.367Z
2813,node/5158188736,node,POINT(-51.1404305 -29.7299404),Trensurb,,bicycle_parking,wall_loops,50,yes,yes,no,no,yes,,,,,,,,,,,"Mo-Su, PH 05:00-23:20",,,,,,,2026-07-02T22:07:42.367Z,2026-07-02T22:07:42.367Z
2814,node/5158188737,node,POINT(-51.1451076 -29.7488244),Trensurb,,bicycle_parking,wall_loops,50,yes,yes,no,no,yes,,,,,,,,,,,"Mo-Su, PH 05:00-23:20",,,,,,,2026-07-02T22:07:42.367Z,2026-07-02T22:07:42.367Z
2815,node/5158188773,node,POINT(-51.1191553 -29.6661917),,,bicycle_parking,wall_loops,9,customers,no,no,no,yes,Indigo Universidade Feevale,,,,,,,,,,,,,,,,,2026-07-02T22:07:42.367Z,2026-07-02T22:07:42.367Z
2816,node/5158188799,node,POINT(-51.1355725 -29.68464),,,bicycle_parking,wall_loops,2,customers,no,no,no,yes,Lojas Lebes,,,,,,,,,,Mo-Sa 08:30-18:30,,,,,,,2026-07-02T22:07:42.367Z,2026-07-02T22:07:42.367Z
2817,node/5159408164,node,POINT(-51.2066045 -30.0335633),,,bicycle_parking,wall_loops,3,yes,no,no,no,yes,Pãozeiro,,,,,,,,,,24/7,,,,,,,2026-07-02T22:07:42.367Z,2026-07-02T22:07:42.367Z
2818,node/5161881821,node,POINT(-43.9323021 -19.9272323),,,bicycle_parking,,,,,,,,,,,,,,,,,,,,,,,,,2026-07-02T22:07:42.367Z,2026-07-02T22:07:42.367Z
2819,node/5168316204,node,POINT(-51.1351127 -29.7010701),Trensurb,,bicycle_parking,tree,35,yes,yes,no,no,yes,,,,,,,,,,,"Mo-Su, PH 04:50-23:20",,,,,,,2026-07-02T22:07:42.367Z,2026-07-02T22:07:42.367Z
2820,node/5168316210,node,POINT(-51.1488571 -29.8232136),,,bicycle_parking,wall_loops,11,yes,no,no,no,yes,,,,,,,,,,,,,,,,,,2026-07-02T22:07:42.367Z,2026-07-02T22:07:42.367Z
2821,node/5168316211,node,POINT(-51.1655784 -29.8332837),,,bicycle_parking,bollard,24,yes,no,no,no,yes,Prefeitura,,,,,,,,,,24/7,,,,,,,2026-07-02T22:07:42.367Z,2026-07-02T22:07:42.367Z
2822,node/5168316212,node,POINT(-51.177341 -29.9539069),,,bicycle_parking,wall_loops,4,customers,no,no,no,yes,Agafarma,,,,,,,,,,,,,,,,,2026-07-02T22:07:42.367Z,2026-07-02T22:07:42.367Z
2823,node/5172829911,node,POINT(-54.317111 -30.3406897),,,bicycle_parking,,7,,,,,,,,,,,,,,,,,,,,,,,2026-07-02T22:07:42.367Z,2026-07-02T22:07:42.367Z
2824,node/5180238054,node,POINT(-54.3172699 -30.33988),,,bicycle_parking,,7,,,,,,,,,,,,,,,,,,,,,,,2026-07-02T22:07:42.367Z,2026-07-02T22:07:42.367Z
2825,node/5182527277,node,POINT(-54.3257363 -30.3332142),,,bicycle_parking,,4,,,,,,,,,,,,,,,,,,,,,,,2026-07-02T22:07:42.367Z,2026-07-02T22:07:42.367Z
2826,node/5182684787,node,POINT(-49.1766373 -26.7375573),,,bicycle_parking,wall_loops,5,yes,no,no,,,,,,,,,,,,,,,,,,,,2026-07-02T22:07:42.367Z,2026-07-02T22:07:42.367Z
2827,node/5200301954,node,POINT(-47.8852678 -15.7743234),,,bicycle_parking,stands,,,,,,,,,,,,,,,,,,,,,,,,2026-07-02T22:07:42.367Z,2026-07-02T22:07:42.367Z
2828,node/5200301955,node,POINT(-47.8851338 -15.7743037),,,bicycle_parking,wall_loops,,,,,,,,,,,,,,,,,,,,,,,,2026-07-02T22:07:42.367Z,2026-07-02T22:07:42.367Z
2829,node/5204740295,node,POINT(-43.225736 -22.9773635),,,bicycle_parking,stands,10,,no,no,,,,,,,,,,,,,,,,,,,,2026-07-02T22:07:42.367Z,2026-07-02T22:07:42.367Z
2830,node/5209399133,node,POINT(-49.1759068 -26.7373777),,,bicycle_parking,wall_loops,10,yes,no,no,,,,,,,,,,,,,,,,,,,,2026-07-02T22:07:42.367Z,2026-07-02T22:07:42.367Z
2831,node/5212766022,node,POINT(-43.9364494 -19.9362609),,,bicycle_parking,,,,,,,,,,,,,,,,,,,,,,,,,2026-07-02T22:07:42.367Z,2026-07-02T22:07:42.367Z
2832,node/5212938524,node,POINT(-43.9384793 -19.937364),,,bicycle_parking,,,,,,,,,,,,,,,,,,,,,,,,,2026-07-02T22:07:42.367Z,2026-07-02T22:07:42.367Z
2833,node/5213370170,node,POINT(-49.1735595 -26.7391569),,,bicycle_parking,ground_slots,2,yes,no,no,,,,,,,,,,,,,,,,,,,,2026-07-02T22:07:42.367Z,2026-07-02T22:07:42.367Z
2834,node/5245899510,node,POINT(-53.7943831 -29.6918683),,,bicycle_parking,wall_loops,5,,,,,,,,,,grass,,,,,,,,,,,,,2026-07-02T22:07:42.367Z,2026-07-02T22:07:42.367Z
2835,node/5247846949,node,POINT(-53.7181918 -29.6992484),,,bicycle_parking,,6,yes,,no,,,,,,,,,,,,,,,,,,,,2026-07-02T22:07:42.367Z,2026-07-02T22:07:42.367Z
2836,node/5256936024,node,POINT(-42.9065344 -22.76713),,,bicycle_parking,,,,,,,,,,,,,,,,,,,,,,,,,2026-07-02T22:07:42.367Z,2026-07-02T22:07:42.367Z
2837,node/5259802876,node,POINT(-42.8665868 -21.315996),,,bicycle_parking,,,,,,,,,,,,,,,,,,,,,,,,,2026-07-02T22:07:42.367Z,2026-07-02T22:07:42.367Z
2838,node/5264259262,node,POINT(-54.8058064 -22.229798),,,bicycle_parking,,,,,,,,,,,,,,,,,,,,,,,,,2026-07-02T22:07:42.367Z,2026-07-02T22:07:42.367Z
2839,node/5264259278,node,POINT(-54.8129604 -22.2180357),,,bicycle_parking,stands,10,,,,,,,,,,,,,,,,,,,,,,,2026-07-02T22:07:42.367Z,2026-07-02T22:07:42.367Z
2840,node/5264259279,node,POINT(-54.8119221 -22.217933),,,bicycle_parking,stands,10,,,,,,,,,,,,,,,,,,,,,,,2026-07-02T22:07:42.367Z,2026-07-02T22:07:42.367Z
2841,node/5265134350,node,POINT(-54.8359152 -22.2132751),,,bicycle_parking,stands,20,,,,,,,,,,,,,,,,,,,,,,,2026-07-02T22:07:42.367Z,2026-07-02T22:07:42.367Z
2842,node/5266030395,node,POINT(-53.792798 -29.6849585),,,bicycle_parking,wall_loops,9,,,,,,,,,,,,,,,,,,,,,,,2026-07-02T22:07:42.367Z,2026-07-02T22:07:42.367Z
2843,node/5266287489,node,POINT(-46.7031947 -23.5258012),,,bicycle_parking,wall_loops,,,,,,,,,,,,,,,,,,,,,,,,2026-07-02T22:07:42.367Z,2026-07-02T22:07:42.367Z
2844,node/5276821934,node,POINT(-43.5561022 -22.9023225),,,bicycle_parking,,,,,,,,,,,,,,,,,,,,,,,,,2026-07-02T22:07:42.367Z,2026-07-02T22:07:42.367Z
2845,node/5283610321,node,POINT(-43.9386372 -19.931415),,,bicycle_parking,,,,,,,,,,,,,,,,,,,,,,,,,2026-07-02T22:07:42.367Z,2026-07-02T22:07:42.367Z
2846,node/5283922221,node,POINT(-43.9368193 -19.9324597),,,bicycle_parking,,,,,,,,,,,,,,,,,,,,,,,,,2026-07-02T22:07:42.367Z,2026-07-02T22:07:42.367Z
2847,node/5287223421,node,POINT(-47.1531441 -22.8613808),,,bicycle_parking,stands,112,yes,no,no,,,Prefeitura Municipal de Campinas,,,,,,,,,,,,,,,,,2026-07-02T22:07:42.367Z,2026-07-02T22:07:42.367Z
2848,node/5291977443,node,POINT(-41.6895895 -3.936744),,,bicycle_parking,,,,,,,,,,,,,,,,,,,,,,,,,2026-07-02T22:07:42.367Z,2026-07-02T22:07:42.367Z
2849,node/5296220677,node,POINT(-51.1939283 -30.0224609),,,bicycle_parking,wall_loops,4,customers,no,no,no,yes,Panvel,,,,,,,,,,Su-Sa 07:00-22:00,,,,,,,2026-07-02T22:07:42.367Z,2026-07-02T22:07:42.367Z
2850,node/5296220684,node,POINT(-51.1937236 -30.0225931),,Bicicletário da BikeTech,bicycle_parking,wall_loops,3,customers,no,no,no,yes,Love It,,,,,,,,,,Tu-Sa 09:00-20:00; Su 10:00-15:00,,,,,,,2026-07-02T22:07:42.367Z,2026-07-02T22:07:42.367Z
2851,node/5296220686,node,POINT(-51.188102 -30.0301533),,,bicycle_parking,wall_loops,5,customers,no,no,no,yes,Diego Andino Pâtisserie,,,,,,,,,,24/7,,,,,,,2026-07-02T22:07:42.367Z,2026-07-02T22:07:42.367Z
2852,node/5296220687,node,POINT(-51.2262231 -30.0404391),,,bicycle_parking,wall_loops,4,yes,no,no,no,yes,I Love CB,,,,,,,,,,24/7,,,,,,,2026-07-02T22:07:42.367Z,2026-07-02T22:07:42.367Z
2853,node/5296220688,node,POINT(-51.2264472 -30.0502123),,,bicycle_parking,wall_loops,15,customers,,no,no,yes,Clube do Comércio Sede Esportiva,,,,,,,,,,Mo-Fr 07:00-22:00; Sa 07:00-21:00; Su 07:00-20:00,,,,,,,2026-07-02T22:07:42.367Z,2026-07-02T22:07:42.367Z
2854,node/5298040662,node,POINT(-47.8610657 -15.7673267),,,bicycle_parking,wall_loops,10,,yes,,,,,,,,,,,,,,,,,,,,,2026-07-02T22:07:42.367Z,2026-07-02T22:07:42.367Z
2855,node/5298101277,node,POINT(-47.8376467 -23.0518846),,,bicycle_parking,wall_loops,,yes,no,,no,,Ferroviário Futebol Clube,,,,,,,,,,,,,,,,,2026-07-02T22:07:42.367Z,2026-07-02T22:07:42.367Z
2856,node/5299319053,node,POINT(-47.9134684 -15.8141841),,,bicycle_parking,wall_loops,18,,no,,,,,,,,,,,,,,,,,,,,,2026-07-02T22:07:42.367Z,2026-07-02T22:07:42.367Z
2859,node/5306733107,node,POINT(-51.2552465 -30.1133503),,,bicycle_parking,wall_loops,4,customers,no,no,no,yes,PanVel,,,,,,,,,,24/7,,,,,,,2026-07-02T22:07:42.367Z,2026-07-02T22:07:42.367Z
2860,node/5309977773,node,POINT(-51.1477149 -29.8225456),,,bicycle_parking,wall_loops,10,yes,no,no,no,yes,,,,,,,,,,,,,,,,,,2026-07-02T22:07:42.367Z,2026-07-02T22:07:42.367Z
2861,node/5309977779,node,POINT(-51.212254 -30.0277228),,,bicycle_parking,wall_loops,17,customers,yes,no,no,yes,MED Gastro,,,,,,,,,,,,,,,,,2026-07-02T22:07:42.367Z,2026-07-02T22:07:42.367Z
2862,node/5314133413,node,POINT(-51.1875423 -30.054423),,,bicycle_parking,stands,9,customers,no,no,yes,yes,Bourbon Shopping Ipiranga,,,,,,,,,,Mo-Sa 10:00-22:00; Su 14:00-20:00,,,,,,,2026-07-02T22:07:42.367Z,2026-07-02T22:07:42.367Z
2863,node/5316639582,node,POINT(-51.2312966 -30.0972634),,,bicycle_parking,wall_loops,4,customers,no,no,no,yes,Panvel,,,,,,,,,,Su-Sa 07:30-23:00,,,,,,,2026-07-02T22:07:42.367Z,2026-07-02T22:07:42.367Z
2864,node/5316828811,node,POINT(-43.1775586 -22.9380714),,,bicycle_parking,rack,5,,no,,,,,,,,,,,,,,,,,,,,,2026-07-02T22:07:42.367Z,2026-07-02T22:07:42.367Z
2865,node/5320468010,node,POINT(-42.9065826 -22.7670632),,,bicycle_parking,,,,,,,,,,,,,,,,,,,,,,,,,2026-07-02T22:07:42.367Z,2026-07-02T22:07:42.367Z
2866,node/5321137822,node,POINT(-38.4884048 -13.0142277),,,bicycle_parking,,,,,,,,,,,,,,,,,,,,,,,,,2026-07-02T22:07:42.367Z,2026-07-02T22:07:42.367Z
2867,node/5326039530,node,POINT(-49.06308 -26.9293166),,,bicycle_parking,stands,6,customers,no,no,yes,,Banco do Brasil,,,,,,,,,,,,,,,,,2026-07-02T22:07:42.367Z,2026-07-02T22:07:42.367Z
2868,node/5333275177,node,POINT(-43.1938665 -22.976446),,,bicycle_parking,rack,20,,,,,,,,,,,,,,,,,,,,,,,2026-07-02T22:07:42.367Z,2026-07-02T22:07:42.367Z
2869,node/5334962528,node,POINT(-51.5053029 -29.1702756),,,bicycle_parking,stands,10,yes,no,no,no,yes,Prefeitura,,,,,,,,,,24/7,,,,,,,2026-07-02T22:07:42.367Z,2026-07-02T22:07:42.367Z
2870,node/5340026364,node,POINT(-49.1788805 -26.7319751),,,bicycle_parking,ground_slots,4,customers,no,no,no,,Água Doce Aquática e Fitness,,,,,,,,,,,,,,,,,2026-07-02T22:07:42.367Z,2026-07-02T22:07:42.367Z
2871,node/5341080414,node,POINT(-54.3324814 -30.3362254),,,bicycle_parking,,5,,,,,,,,,,,,,,,,,,,,,,,2026-07-02T22:07:42.367Z,2026-07-02T22:07:42.367Z
2872,node/5341824445,node,POINT(-51.0141543 -26.7739115),,,bicycle_parking,,,,,,,,,,,,,,,,,,,,,,,,,2026-07-02T22:07:42.367Z,2026-07-02T22:07:42.367Z
2873,node/5341833994,node,POINT(-49.1739853 -26.7505349),,,bicycle_parking,ground_slots,8,yes,no,no,no,,Supermercado Econômico,,,,,,,,,,,,,,,,,2026-07-02T22:07:42.367Z,2026-07-02T22:07:42.367Z
2874,node/5343200402,node,POINT(-49.1785544 -26.7315614),,,bicycle_parking,ground_slots,,yes,no,no,,,Casa do Sono,,,,,,,,,,,,,,,,,2026-07-02T22:07:42.367Z,2026-07-02T22:07:42.367Z
2875,node/5344921439,node,POINT(-54.3216077 -30.3346373),,,bicycle_parking,,10,,,,,,,,,,,,,,,,,,,,,,,2026-07-02T22:07:42.367Z,2026-07-02T22:07:42.367Z
2876,node/5344976870,node,POINT(-48.5741079 -27.600772),,,bicycle_parking,stands,,yes,no,no,,,,,,,,,,,,,,,,,,,,2026-07-02T22:07:42.367Z,2026-07-02T22:07:42.367Z
2877,node/5345601251,node,POINT(-49.0638085 -26.4807821),,,bicycle_parking,wall_loops,,,,,,,,,,,,,,,,,,,,,,,,2026-07-02T22:07:42.367Z,2026-07-02T22:07:42.367Z
2878,node/5346029834,node,POINT(-54.3343013 -30.3443355),,,bicycle_parking,,6,,,,,,,,,,,,,,,,,,,,,,,2026-07-02T22:07:42.367Z,2026-07-02T22:07:42.367Z
2879,node/5346029854,node,POINT(-54.3348614 -30.3496926),,,bicycle_parking,,5,,,,,,,,,,,,,,,,,,,,,,,2026-07-02T22:07:42.367Z,2026-07-02T22:07:42.367Z
2880,node/5347153660,node,POINT(-47.8733867 -15.8301136),,,bicycle_parking,stands,8,customers,no,,,,DeRose Method Lago Sul,,,,,,,,,,,,,,,,,2026-07-02T22:07:42.367Z,2026-07-02T22:07:42.367Z
2881,node/5347302343,node,POINT(-54.3300614 -30.3460235),,,bicycle_parking,,5,,,,,,,,,,,,,,,,,,,,,,,2026-07-02T22:07:42.367Z,2026-07-02T22:07:42.367Z
2882,node/5349601595,node,POINT(-49.1763634 -26.7395986),,,bicycle_parking,ground_slots,3,yes,,no,no,,,,,,,,,,,,,,,,,,,2026-07-02T22:07:42.367Z,2026-07-02T22:07:42.367Z
2883,node/5352840063,node,POINT(-43.5595726 -22.721746),,,bicycle_parking,high_capacity,30,yes,yes,,,,Prefeitura de Queimados,,,,,,,,,,,,,,,,,2026-07-02T22:07:42.367Z,2026-07-02T22:07:42.367Z
2884,node/5353466490,node,POINT(-41.9238564 -22.7739589),,,bicycle_parking,,,,,,,,,,,,,,,,,,,,,,,,,2026-07-02T22:07:42.367Z,2026-07-02T22:07:42.367Z
2885,node/5358102278,node,POINT(-41.9147017 -22.7737111),,,bicycle_parking,,,,no,,,,,,,,,,,,,,,,,,,,,2026-07-02T22:07:42.367Z,2026-07-02T22:07:42.367Z
2886,node/5361887762,node,POINT(-54.3158591 -30.3294898),,,bicycle_parking,,7,,,,,,,,,,,,,,,,,,,,,,,2026-07-02T22:07:42.367Z,2026-07-02T22:07:42.367Z
2887,node/5361887781,node,POINT(-54.3130904 -30.3215162),,,bicycle_parking,,4,,,,,,,,,,,,,,,,,,,,,,,2026-07-02T22:07:42.367Z,2026-07-02T22:07:42.367Z
2888,node/5362348341,node,POINT(-46.7165752 -23.7302603),,,bicycle_parking,wall_loops,,yes,no,,,,,,,,,,,,,,,,,,,,,2026-07-02T22:07:42.367Z,2026-07-02T22:07:42.367Z
2889,node/5366683945,node,POINT(-41.9198763 -22.774881),,,bicycle_parking,,,,,,,,,,,,,,,,,,,,,,,,,2026-07-02T22:07:42.367Z,2026-07-02T22:07:42.367Z
2890,node/5367007198,node,POINT(-49.2749863 -25.4490716),,,bicycle_parking,stands,68,yes,no,,,,,,,,,,,,,,,,,,,,,2026-07-02T22:07:42.367Z,2026-07-02T22:07:42.367Z
2891,node/5367728333,node,POINT(-49.1789729 -26.7313985),,,bicycle_parking,wall_loops,8,,no,,,,,,,,,,,,,,,,,,,,,2026-07-02T22:07:42.367Z,2026-07-02T22:07:42.367Z
2892,node/5367982082,node,POINT(-49.1748436 -26.7505804),,,bicycle_parking,wall_loops,5,,no,,,,,,,,,,,,,,,,,,,,,2026-07-02T22:07:42.367Z,2026-07-02T22:07:42.367Z
2893,node/5368723345,node,POINT(-47.8900392 -23.039273),,,bicycle_parking,tree,10,customers,no,,,,Supermercado Marcon,,,,,,,,,,,,,,,,,2026-07-02T22:07:42.367Z,2026-07-02T22:07:42.367Z
2894,node/5369283521,node,POINT(-42.9611769 -21.1052771),,,bicycle_parking,bicycle_parking,,private,yes,no,,,Itatiaia Móveis,,,,,,,,,,,,,,,,,2026-07-02T22:07:42.367Z,2026-07-02T22:07:42.367Z
2895,node/5375485243,node,POINT(-54.3278754 -30.3415201),,,bicycle_parking,,3,,,,,,,,,,,,,,,,,,,,,,,2026-07-02T22:07:42.367Z,2026-07-02T22:07:42.367Z
2896,node/5375822422,node,POINT(-47.8919052 -15.7591543),,,bicycle_parking,,,,,,,,TRE,,,,,,,,,,,,,,,,,2026-07-02T22:07:42.367Z,2026-07-02T22:07:42.367Z
2897,node/5379677209,node,POINT(-49.1678242 -26.7781057),,,bicycle_parking,ground_slots,,customers,,no,,,,,,,,,,,,,,,,,,,,2026-07-02T22:07:42.367Z,2026-07-02T22:07:42.367Z
2898,node/5381069142,node,POINT(-54.2867437 -30.3517436),,,bicycle_parking,,6,,,,,,,,,,,,,,,,,,,,,,,2026-07-02T22:07:42.367Z,2026-07-02T22:07:42.367Z
2899,node/5385798431,node,POINT(-54.3234856 -30.3344128),,,bicycle_parking,,10,,,,,,,,,,,,,,,,,,,,,,,2026-07-02T22:07:42.367Z,2026-07-02T22:07:42.367Z
2900,node/5405434922,node,POINT(-51.1892764 -29.9785303),,,bicycle_parking,wall_loops,8,customers,no,no,no,yes,UniSuper Humaitá,,,,,,,,,,"Mo-Sa 08:00-21:00; Su 08:00-12:30,15:00-20:30",,,,,,,2026-07-02T22:07:42.367Z,2026-07-02T22:07:42.367Z
2901,node/5405435133,node,POINT(-51.1903883 -29.9802609),,,bicycle_parking,wall_loops,4,yes,no,no,no,yes,,,,,,,,,,,24/7,,,,,,,2026-07-02T22:07:42.379Z,2026-07-02T22:07:42.379Z
2902,node/5405435145,node,POINT(-51.2237576 -30.0331171),,Paraciclos da Braskem,bicycle_parking,stands,2,yes,no,no,no,yes,,,,,,,,,,,24/7,,,,,,,2026-07-02T22:07:42.379Z,2026-07-02T22:07:42.379Z
2903,node/5405435151,node,POINT(-51.2116346 -30.0331455),,,bicycle_parking,wall_loops,9,private,no,no,no,yes,,,,,,,,,,,24/7,,,,,,,2026-07-02T22:07:42.379Z,2026-07-02T22:07:42.379Z
2904,node/5405435161,node,POINT(-51.2345084 -30.0337575),,,bicycle_parking,wall_loops,2,customers,no,no,no,yes,La Tasca,,,,,,,,,,Mo-Fr 09:00-22:00; Sa-Su 10:00-22:00,,,,,,,2026-07-02T22:07:42.379Z,2026-07-02T22:07:42.379Z
2905,node/5405435170,node,POINT(-51.2031871 -30.0740458),,,bicycle_parking,wall_loops,4,customers,no,no,no,yes,Panvel,,,,,,,,,,Mo-Sa 07:30-22:00; Su 09:00-20:00,,,,,,,2026-07-02T22:07:42.379Z,2026-07-02T22:07:42.379Z
2906,node/5405435179,node,POINT(-51.2286138 -30.1391683),,Paraciclo da Braskem,bicycle_parking,stands,1,yes,no,no,no,yes,,,,,,,,,,,24/7,,,,,,,2026-07-02T22:07:42.379Z,2026-07-02T22:07:42.379Z
2907,node/5409724396,node,POINT(-51.2325372 -30.0441926),,,bicycle_parking,tree,4,yes,no,no,no,yes,,,,,,,,,,,24/7,,,,,,,2026-07-02T22:07:42.379Z,2026-07-02T22:07:42.379Z
2908,node/5411007735,node,POINT(-54.3188216 -30.3427238),,,bicycle_parking,,8,,,,,,,,,,,,,,,,,,,,,,,2026-07-02T22:07:42.379Z,2026-07-02T22:07:42.379Z
2909,node/5412945675,node,POINT(-54.3276849 -30.3435432),,,bicycle_parking,,3,,,,,,,,,,,,,,,,,,,,,,,2026-07-02T22:07:42.379Z,2026-07-02T22:07:42.379Z
2910,node/5412945680,node,POINT(-54.3266349 -30.3414478),,,bicycle_parking,,4,,,,,,,,,,,,,,,,,,,,,,,2026-07-02T22:07:42.379Z,2026-07-02T22:07:42.379Z
3016,node/5837321104,node,POINT(-49.177555 -26.735749),,,bicycle_parking,ground_slots,4,,no,,,,,,,,,,,,,,,,,,,,,2026-07-02T22:07:42.390Z,2026-07-02T22:07:42.390Z
2911,node/5413409134,node,POINT(-51.215235 -30.0327573),,,bicycle_parking,stands,2,yes,no,no,no,yes,Centro de Estudos Budistas Bodisatva,,,,,,,,,,24/7,,,,,,,2026-07-02T22:07:42.379Z,2026-07-02T22:07:42.379Z
2912,node/5416366188,node,POINT(-51.2190877 -30.0554696),,,bicycle_parking,wall_loops,5,customers,yes,no,no,yes,EMATER,,,,,,,,,,"Mo-Fr 08:00-12:00,13:30-17:30",,,,,,,2026-07-02T22:07:42.379Z,2026-07-02T22:07:42.379Z
2913,node/5418418545,node,POINT(-49.1762561 -26.7410307),,,bicycle_parking,ground_slots,4,customers,no,no,,,,,,,,,,,,,,,,,,,,2026-07-02T22:07:42.379Z,2026-07-02T22:07:42.379Z
2914,node/5420875820,node,POINT(-46.7185509 -23.729725),,,bicycle_parking,wall_loops,,yes,no,,,,,,,,,,,,,,,,,,,,,2026-07-02T22:07:42.379Z,2026-07-02T22:07:42.379Z
2915,node/5425808392,node,POINT(-49.0688427 -26.9173155),,,bicycle_parking,stands,,customers,no,,,,Banco do Brasil,,,,,,,,,,,,,,,,,2026-07-02T22:07:42.379Z,2026-07-02T22:07:42.379Z
2916,node/5427479480,node,POINT(-40.3091698 -20.3647158),,,bicycle_parking,stands,,,,,,,,,,,,,,,,,,,,,,,,2026-07-02T22:07:42.379Z,2026-07-02T22:07:42.379Z
2917,node/5427556111,node,POINT(-40.3046429 -20.374831),,,bicycle_parking,stands,,,,,,,,,,,,,,,,,,,,,,,,2026-07-02T22:07:42.379Z,2026-07-02T22:07:42.379Z
2918,node/5429103693,node,POINT(-40.3052377 -20.3598042),,,bicycle_parking,stands,,,,,,,,,,,,,,,,,,,,,,,,2026-07-02T22:07:42.379Z,2026-07-02T22:07:42.379Z
2919,node/5430432105,node,POINT(-54.3151293 -30.3372777),,,bicycle_parking,,15,,,,,,,,,,,,,,,,,,,,,,,2026-07-02T22:07:42.379Z,2026-07-02T22:07:42.379Z
2920,node/5441544321,node,POINT(-47.8971533 -15.7992727),,,bicycle_parking,wall_loops,,,no,,,,,,,,,,,,,,,,,,,,,2026-07-02T22:07:42.379Z,2026-07-02T22:07:42.379Z
2921,node/5446083595,node,POINT(-54.3201406 -30.3288401),,,bicycle_parking,,3,,,,,,,,,,,,,,,,,,,,,,,2026-07-02T22:07:42.379Z,2026-07-02T22:07:42.379Z
2922,node/5448142623,node,POINT(-46.5755716 -23.5289182),,,bicycle_parking,,10,,no,,,,,,,,,,,,,,,,,,,,,2026-07-02T22:07:42.379Z,2026-07-02T22:07:42.379Z
2923,node/5453991421,node,POINT(-46.6292799 -23.5763738),,,bicycle_parking,stands,,,no,,,,,,,,,,,,,,,,,,,,,2026-07-02T22:07:42.379Z,2026-07-02T22:07:42.379Z
2924,node/5454037721,node,POINT(-46.6328114 -23.5797389),,,bicycle_parking,,,,,,,,,,,,,,,,,,,,,,,,,2026-07-02T22:07:42.379Z,2026-07-02T22:07:42.379Z
2925,node/5456505912,node,POINT(-51.2058312 -30.0349222),,,bicycle_parking,wall_loops,5,customers,no,no,no,yes,Oficina do Pilates,,,,,,,,,,,,,,,,,2026-07-02T22:07:42.379Z,2026-07-02T22:07:42.379Z
2926,node/5456506727,node,POINT(-51.2056114 -30.0355811),,,bicycle_parking,wall_loops,3,customers,no,no,no,yes,Insecta Shoes,,,,,,,,,,Mo-Fr 11:00-19:00; Sa 10:00-18:00,,,,,,,2026-07-02T22:07:42.379Z,2026-07-02T22:07:42.379Z
2927,node/5456506732,node,POINT(-51.2274185 -30.0485108),,,bicycle_parking,wall_loops,10,customers,no,no,no,yes,Tribunal Regional do Trabalho,,,,,,,,,,Mo-Fr 08:00-18:00,,,,,,,2026-07-02T22:07:42.379Z,2026-07-02T22:07:42.379Z
2928,node/5459382715,node,POINT(-46.7345435 -23.5607286),,,bicycle_parking,stands,15,yes,yes,,,,Instituto de Física da USP,,,,,,,,,,,,,,,,,2026-07-02T22:07:42.379Z,2026-07-02T22:07:42.379Z
2929,node/5459383821,node,POINT(-46.735342 -23.5600183),,,bicycle_parking,stands,20,yes,no,,,,Instituto de Física da USP,,,,,,,,,,,,,,,,,2026-07-02T22:07:42.379Z,2026-07-02T22:07:42.379Z
2930,node/5459383822,node,POINT(-46.7339358 -23.5595678),,,bicycle_parking,anchors,30,private,no,,,,IAG-USP,,,-1,,,,,,,,,,,,,,2026-07-02T22:07:42.379Z,2026-07-02T22:07:42.379Z
2931,node/5459383823,node,POINT(-46.7323718 -23.5615939),,,bicycle_parking,wall_loops,15,private,yes,,,,IO-USP,,,,,,,,,,,,,,,,,2026-07-02T22:07:42.379Z,2026-07-02T22:07:42.379Z
2932,node/5459383824,node,POINT(-46.7361199 -23.5614355),,,bicycle_parking,stands,20,yes,no,,,,IFUSP,,,,,,,,,,,,,,,,,2026-07-02T22:07:42.379Z,2026-07-02T22:07:42.379Z
2933,node/5459392180,node,POINT(-46.7303044 -23.5600889),,,bicycle_parking,stands,40,yes,yes,no,,,FAU-USP,,,,,,,,,,,,,,,,,2026-07-02T22:07:42.379Z,2026-07-02T22:07:42.379Z
2934,node/5459392181,node,POINT(-46.728198 -23.5579608),,,bicycle_parking,anchors,50,yes,yes,,,,FEA-USP,,,,,,,,,,,,,,,,,2026-07-02T22:07:42.379Z,2026-07-02T22:07:42.379Z
2935,node/5459392182,node,POINT(-46.7264018 -23.5601993),,,bicycle_parking,stands,6,yes,no,,,,,,,,,,,,,,,,,,,,,2026-07-02T22:07:42.379Z,2026-07-02T22:07:42.379Z
2936,node/5459447074,node,POINT(-46.6844025 -23.5660838),Bicicletário Estação Fradique Coutinho,Ao lado da Estação Fradique Coutinho,bicycle_parking,building,86,permissive,yes,no,yes,,ViaQuatro,,,,,,,,,,Mo-Su 04:40-24:00,,,,,,,2026-07-02T22:07:42.379Z,2026-07-02T22:07:42.379Z
2937,node/5463292669,node,POINT(-48.9198419 -27.0941875),,,bicycle_parking,,,,,,,,,,,,,,,,,,,,,,,,,2026-07-02T22:07:42.379Z,2026-07-02T22:07:42.379Z
2938,node/5465546283,node,POINT(-43.1873125 -22.9495669),,,bicycle_parking,stands,4,,no,no,,,,,,,,,,,,,,,,,,,,2026-07-02T22:07:42.379Z,2026-07-02T22:07:42.379Z
2939,node/5465744243,node,POINT(-49.1750635 -26.7419761),,,bicycle_parking,ground_slots,4,customers,no,no,,,Cresol,,,,,,,,,,,,,,,,,2026-07-02T22:07:42.379Z,2026-07-02T22:07:42.379Z
2940,node/5465744244,node,POINT(-49.1751491 -26.7419335),,,bicycle_parking,ground_slots,,yes,,no,,,,,,,,,,,,,,,,,,,,2026-07-02T22:07:42.379Z,2026-07-02T22:07:42.379Z
2941,node/5471566524,node,POINT(-48.019425 -15.8362145),,,bicycle_parking,,,,,,,,,,,,,,,,,,,,,,,,,2026-07-02T22:07:42.379Z,2026-07-02T22:07:42.379Z
2942,node/5474340394,node,POINT(-53.717133 -29.7114201),,,bicycle_parking,,16,yes,no,,,,,,,,,,,,,,,,,,,,,2026-07-02T22:07:42.379Z,2026-07-02T22:07:42.379Z
2943,node/5479143388,node,POINT(-49.1749462 -26.7340542),,,bicycle_parking,wall_loops,15,yes,yes,no,,,Rede Top Supermercados,,,,,,,,,,,,,,,,,2026-07-02T22:07:42.379Z,2026-07-02T22:07:42.379Z
2944,node/5479143390,node,POINT(-49.1745418 -26.7337233),,,bicycle_parking,wall_loops,8,yes,no,no,,,Rede Top Supermercados,,,,,,,,,,,,,,,,,2026-07-02T22:07:42.379Z,2026-07-02T22:07:42.379Z
2945,node/5479168604,node,POINT(-49.1755185 -26.7419725),,,bicycle_parking,ground_slots,3,yes,no,no,,,,,,,,,,,,,,,,,,,,2026-07-02T22:07:42.379Z,2026-07-02T22:07:42.379Z
2946,node/5509799028,node,POINT(-47.3243102 -22.7093894),,,bicycle_parking,,,private,yes,,,,,,,,,,,,,,,,,,,,,2026-07-02T22:07:42.379Z,2026-07-02T22:07:42.379Z
2947,node/5510773375,node,POINT(-43.3451596 -23.0096289),,,bicycle_parking,,,,,,,,,,,,,,,,,,,,,,,,,2026-07-02T22:07:42.379Z,2026-07-02T22:07:42.379Z
2948,node/5512068923,node,POINT(-54.9105614 -4.0968036),,,bicycle_parking,,,,,,,,,,,,,,,,,,,,,,,,,2026-07-02T22:07:42.379Z,2026-07-02T22:07:42.379Z
2949,node/5521199421,node,POINT(-49.0731425 -26.9085957),,,bicycle_parking,,,,,,,,,,,,,,,,,,,,,,,,,2026-07-02T22:07:42.379Z,2026-07-02T22:07:42.379Z
2950,node/5522508054,node,POINT(-49.3217395 -25.4728212),,,bicycle_parking,,,,,,,,,,,,,,,,,,,,,,,,,2026-07-02T22:07:42.379Z,2026-07-02T22:07:42.379Z
2951,node/5544624921,node,POINT(-48.4047387 -1.3679709),,,bicycle_parking,shed,200,yes,yes,,,,Supermercado Formosa,,,,,,,,,,,,,,,,,2026-07-02T22:07:42.379Z,2026-07-02T22:07:42.379Z
2952,node/5544624923,node,POINT(-48.4065398 -1.3596952),,,bicycle_parking,shed,200,yes,yes,,,,Preço Baixo,,,,,,,,,,,,,,,,,2026-07-02T22:07:42.379Z,2026-07-02T22:07:42.379Z
2953,node/5544624927,node,POINT(-48.4049562 -1.3540822),,,bicycle_parking,wall_hoops,10,yes,no,,,,Banco do Brasil,,,,,,,,,,,,,,,,,2026-07-02T22:07:42.379Z,2026-07-02T22:07:42.379Z
2954,node/5544624928,node,POINT(-48.4051023 -1.3540632),,,bicycle_parking,wall_hoops,10,yes,no,,,,Portugal,,,,,,,,,,,,,,,,,2026-07-02T22:07:42.379Z,2026-07-02T22:07:42.379Z
2955,node/5544624929,node,POINT(-48.406705 -1.3659077),,,bicycle_parking,informal,200,yes,no,,,,Colégio Impacto,,,,,,,,,,,,,,,,,2026-07-02T22:07:42.379Z,2026-07-02T22:07:42.379Z
2956,node/5544624930,node,POINT(-48.4290784 -1.3592089),,,bicycle_parking,wall_loops,200,yes,yes,,,,Assaí Atacadista,,,,,,,,,,,,,,,,,2026-07-02T22:07:42.379Z,2026-07-02T22:07:42.379Z
2957,node/5582892954,node,POINT(-49.069259 -26.9143728),,,bicycle_parking,wall_loops,16,yes,no,no,no,,,,,,,,,,,,,,,,,,,2026-07-02T22:07:42.379Z,2026-07-02T22:07:42.379Z
2958,node/5598950961,node,POINT(-48.6441913 -26.9919583),,,bicycle_parking,stands,,yes,,no,no,no,,,,,,,,,,,,,,,,,,2026-07-02T22:07:42.379Z,2026-07-02T22:07:42.379Z
2959,node/5599521052,node,POINT(-49.282258 -26.8243341),,,bicycle_parking,stands,,yes,no,no,,,,,,,,,,,,,,,,,,,,2026-07-02T22:07:42.379Z,2026-07-02T22:07:42.379Z
2960,node/5599521053,node,POINT(-49.2820126 -26.8252795),,,bicycle_parking,stands,,yes,no,no,,,,,,,,,,,,,,,,,,,,2026-07-02T22:07:42.379Z,2026-07-02T22:07:42.379Z
2961,node/5600995439,node,POINT(-49.0556408 -26.9222768),,,bicycle_parking,,,,,,,,,,,,,,,,,,,,,,,,,2026-07-02T22:07:42.379Z,2026-07-02T22:07:42.379Z
2962,node/5604450864,node,POINT(-38.5213146 -3.7565473),,,bicycle_parking,stands,32,customers,no,,,,,,,,,,,,,,,,,,,,,2026-07-02T22:07:42.379Z,2026-07-02T22:07:42.379Z
3853,node/9574059556,node,POINT(-48.6110634 -27.2032297),,,bicycle_parking,,,,,,,,,,,,,,,,,,,,,,,,,2026-07-02T22:07:42.484Z,2026-07-02T22:07:42.484Z
2963,node/5609477893,node,POINT(-47.8740793 -15.7767474),,"Bicicletário do tipo ""entorta roda"" descoberto, porém em frente à guarita de segurança da FEB",bicycle_parking,wall_loops,,private,no,,,,Federação Espírita Brasileira,,,,,,Federação Espírita Brasileira,,,,,,,,,,,2026-07-02T22:07:42.379Z,2026-07-02T22:07:42.379Z
2964,node/5615968958,node,POINT(-49.070155 -26.9147289),,,bicycle_parking,,,,,,,,,,,,,,,,,,,,,,,,,2026-07-02T22:07:42.379Z,2026-07-02T22:07:42.379Z
2965,node/5617185961,node,POINT(-38.4314139 -12.9690462),,,bicycle_parking,stands,6,,,,,,,,,,,,,,,,,,,,,,,2026-07-02T22:07:42.379Z,2026-07-02T22:07:42.379Z
2966,node/5620370777,node,POINT(-38.4482814 -12.9886928),,,bicycle_parking,stands,,customers,yes,,,,Pão de Acúcar,,,,,,,,,,,,,,,,,2026-07-02T22:07:42.379Z,2026-07-02T22:07:42.379Z
2967,node/5624753207,node,POINT(-40.3056139 -20.3359208),,,bicycle_parking,wall_loops,5,,no,no,no,yes,,,,,,,,,,,,,,,,,,2026-07-02T22:07:42.379Z,2026-07-02T22:07:42.379Z
2968,node/5625645829,node,POINT(-43.1851033 -22.9686074),,,bicycle_parking,stands,6,yes,no,,,,,,,,,,,,,,,,,,,,,2026-07-02T22:07:42.379Z,2026-07-02T22:07:42.379Z
2969,node/5629478422,node,POINT(-38.5044591 -12.9811386),,,bicycle_parking,,,,,,,,,,,,,,,,,,,,,,,,,2026-07-02T22:07:42.379Z,2026-07-02T22:07:42.379Z
2970,node/5633253558,node,POINT(-43.9996279 -19.9391886),,,bicycle_parking,wall_loops,20,private,no,no,,,CEFET-MG Campus Nova Gameleira,,,,,,,,,,,,,,,,,2026-07-02T22:07:42.379Z,2026-07-02T22:07:42.379Z
2971,node/5644825575,node,POINT(-53.7175028 -29.7016682),,,bicycle_parking,,5,,,,,,,,,,,,,,,,,,,,,,,2026-07-02T22:07:42.379Z,2026-07-02T22:07:42.379Z
2972,node/5644826601,node,POINT(-53.7194545 -29.7142365),,,bicycle_parking,,8,,,,,,,,,,,,,,,,,,,,,,,2026-07-02T22:07:42.379Z,2026-07-02T22:07:42.379Z
2973,node/5644928294,node,POINT(-49.1763932 -26.7376878),,,bicycle_parking,ground_slots,3,yes,no,no,,,,,,,,,,,,,,,,,,,,2026-07-02T22:07:42.379Z,2026-07-02T22:07:42.379Z
2974,node/5646639532,node,POINT(-49.0831777 -26.8867835),,,bicycle_parking,wall_loops,,,no,no,,,,,,,,,,,,,,,,,,,,2026-07-02T22:07:42.379Z,2026-07-02T22:07:42.379Z
2975,node/5648301651,node,POINT(-43.384817 -22.7365919),,,bicycle_parking,rack,5,,no,no,,,Forum da Comarca de Belford Roxo,,,,,,,,,,,,,,,,,2026-07-02T22:07:42.379Z,2026-07-02T22:07:42.379Z
2976,node/5653712414,node,POINT(-43.6008163 -22.8932797),,,bicycle_parking,front_wheel,14,yes,no,,,,,,,,,,,,,,,,,,,,,2026-07-02T22:07:42.379Z,2026-07-02T22:07:42.379Z
2977,node/5653713362,node,POINT(-43.5993641 -22.890246),,,bicycle_parking,front_wheel,6,yes,no,,,,,,,,,,,,,,,,,,,,,2026-07-02T22:07:42.379Z,2026-07-02T22:07:42.379Z
2978,node/5653713363,node,POINT(-43.5994993 -22.8901519),,,bicycle_parking,front_wheel,10,yes,no,,,,,,,,,,,,,,,,,,,,,2026-07-02T22:07:42.379Z,2026-07-02T22:07:42.379Z
2979,node/5653959056,node,POINT(-49.1674547 -26.7170854),,,bicycle_parking,ground_slots,,yes,no,no,,,,,,,,,,,,,,,,,,,,2026-07-02T22:07:42.379Z,2026-07-02T22:07:42.379Z
2980,node/5678510022,node,POINT(-38.4903779 -13.0131895),,,bicycle_parking,stands,12,,no,,,,,,,,,,,,,,,,,,,,,2026-07-02T22:07:42.379Z,2026-07-02T22:07:42.379Z
2981,node/5688129178,node,POINT(-46.6790338 -23.5586711),,,bicycle_parking,,1,,,,,,,,,,,,,,,,,,,,,,,2026-07-02T22:07:42.379Z,2026-07-02T22:07:42.379Z
2982,node/5688129179,node,POINT(-46.6792238 -23.5585038),,,bicycle_parking,,1,,,,,,,,,,,,,,,,,,,,,,,2026-07-02T22:07:42.379Z,2026-07-02T22:07:42.379Z
2983,node/5688129180,node,POINT(-46.6791017 -23.5583056),,,bicycle_parking,,1,,,,,,,,,,,,,,,,,,,,,,,2026-07-02T22:07:42.379Z,2026-07-02T22:07:42.379Z
2984,node/5726852622,node,POINT(-38.4402808 -12.9941605),,,bicycle_parking,stands,6,yes,no,,,,,,,,,,,,,,,,,,,,,2026-07-02T22:07:42.379Z,2026-07-02T22:07:42.379Z
2985,node/5728708118,node,POINT(-48.5776137 -27.5906457),,Bicicletário do SESC Estreito,bicycle_parking,stands,12,,no,no,,,SESC,,,,,,,,,,24/7,,,,,,,2026-07-02T22:07:42.379Z,2026-07-02T22:07:42.379Z
2986,node/5736473906,node,POINT(-34.9043463 -8.0384136),,,bicycle_parking,wall_loops,8,,no,,,,LIFE Academia,,,,,,,,,,,,,,,,,2026-07-02T22:07:42.379Z,2026-07-02T22:07:42.379Z
2987,node/5737557592,node,POINT(-38.5256222 -3.7302911),,,bicycle_parking,stands,8,permissive,yes,,,,,,,,,,,,,,,,,,,,,2026-07-02T22:07:42.379Z,2026-07-02T22:07:42.379Z
2988,node/5737557593,node,POINT(-38.5262623 -3.7295788),,,bicycle_parking,stands,10,yes,no,,,,,,,,,,,,,,,,,,,,,2026-07-02T22:07:42.379Z,2026-07-02T22:07:42.379Z
2989,node/5737806572,node,POINT(-49.1682956 -26.7158078),,,bicycle_parking,ground_slots,5,yes,no,no,,,,,,,,,,,,,,,,,,,,2026-07-02T22:07:42.379Z,2026-07-02T22:07:42.379Z
2990,node/5744481123,node,POINT(-42.4711039 -22.8952365),,,bicycle_parking,,,,,,,,bicicletário,,,,,,,,,,,,,,,,,2026-07-02T22:07:42.379Z,2026-07-02T22:07:42.379Z
2991,node/5752222643,node,POINT(-51.236941 -30.0428245),,,bicycle_parking,stands,7,yes,no,no,no,yes,,,,,,,,,,,24/7,,,,,,,2026-07-02T22:07:42.379Z,2026-07-02T22:07:42.379Z
2992,node/5752222645,node,POINT(-51.2383673 -30.0425264),,,bicycle_parking,stands,7,yes,no,no,no,yes,,,,,,,,,,,24/7,,,,,,,2026-07-02T22:07:42.379Z,2026-07-02T22:07:42.379Z
2993,node/5752222665,node,POINT(-51.2363267 -30.0427083),,,bicycle_parking,stands,7,yes,no,no,no,yes,,,,,,,,,,,24/7,,,,,,,2026-07-02T22:07:42.379Z,2026-07-02T22:07:42.379Z
2994,node/5752222691,node,POINT(-51.2400726 -30.0420449),,,bicycle_parking,stands,7,yes,no,no,no,yes,,,,,,,,,,,24/7,,,,,,,2026-07-02T22:07:42.379Z,2026-07-02T22:07:42.379Z
2995,node/5752222849,node,POINT(-51.2410936 -30.041394),,,bicycle_parking,stands,7,yes,no,no,no,yes,,,,,,,,,,,24/7,,,,,,,2026-07-02T22:07:42.379Z,2026-07-02T22:07:42.379Z
2996,node/5752222851,node,POINT(-51.2416036 -30.0390353),,,bicycle_parking,stands,7,yes,no,no,no,yes,,,,,,,,,,,24/7,,,,,,,2026-07-02T22:07:42.379Z,2026-07-02T22:07:42.379Z
2997,node/5752222852,node,POINT(-51.241525 -30.0398519),,,bicycle_parking,stands,7,yes,no,no,no,yes,,,,,,,,,,,24/7,,,,,,,2026-07-02T22:07:42.379Z,2026-07-02T22:07:42.379Z
2998,node/5752223147,node,POINT(-51.2407829 -30.0414735),,,bicycle_parking,stands,7,yes,no,no,no,yes,,,,,,,,,,,24/7,,,,,,,2026-07-02T22:07:42.379Z,2026-07-02T22:07:42.379Z
2999,node/5752223188,node,POINT(-51.2414054 -30.0392797),,,bicycle_parking,stands,7,yes,no,no,no,yes,,,,,,,,,,,24/7,,,,,,,2026-07-02T22:07:42.379Z,2026-07-02T22:07:42.379Z
3000,node/5752223384,node,POINT(-51.2416655 -30.0362669),,,bicycle_parking,stands,7,yes,no,no,no,yes,,,,,,,,,,,24/7,,,,,,,2026-07-02T22:07:42.379Z,2026-07-02T22:07:42.379Z
3001,node/5752223594,node,POINT(-51.2414616 -30.0342923),,,bicycle_parking,stands,7,yes,no,no,no,yes,,,,,,,,,,,24/7,,,,,,,2026-07-02T22:07:42.390Z,2026-07-02T22:07:42.390Z
3002,node/5752223658,node,POINT(-51.2413563 -30.0343851),,,bicycle_parking,stands,7,yes,no,no,no,yes,,,,,,,,,,,24/7,,,,,,,2026-07-02T22:07:42.390Z,2026-07-02T22:07:42.390Z
3003,node/5752223682,node,POINT(-51.2412248 -30.0355983),,,bicycle_parking,stands,7,yes,no,no,no,yes,,,,,,,,,,,24/7,,,,,,,2026-07-02T22:07:42.390Z,2026-07-02T22:07:42.390Z
3004,node/5752223685,node,POINT(-51.2413775 -30.0359801),,,bicycle_parking,stands,7,yes,no,no,no,yes,,,,,,,,,,,24/7,,,,,,,2026-07-02T22:07:42.390Z,2026-07-02T22:07:42.390Z
3005,node/5752223692,node,POINT(-51.2414656 -30.0358445),,,bicycle_parking,stands,7,yes,no,no,no,yes,,,,,,,,,,,24/7,,,,,,,2026-07-02T22:07:42.390Z,2026-07-02T22:07:42.390Z
3006,node/5752223771,node,POINT(-51.2419501 -30.0349095),,,bicycle_parking,stands,7,yes,no,no,no,yes,,,,,,,,,,,24/7,,,,,,,2026-07-02T22:07:42.390Z,2026-07-02T22:07:42.390Z
3007,node/5754754199,node,POINT(-38.5238438 -12.9897151),,,bicycle_parking,stands,10,customers,no,,,,,,,,,,,,,,,,,,,,,2026-07-02T22:07:42.390Z,2026-07-02T22:07:42.390Z
3008,node/5766304757,node,POINT(-46.6648463 -23.5268074),"paraciclo ""U"" invertido",,bicycle_parking,stands,12,,no,,,,,,,,,,,,,,,,,,,,,2026-07-02T22:07:42.390Z,2026-07-02T22:07:42.390Z
3009,node/5777081374,node,POINT(-49.1738901 -26.7488308),,,bicycle_parking,ground_slots,6,yes,no,no,,,,,,,,,,,,,,,,,,,,2026-07-02T22:07:42.390Z,2026-07-02T22:07:42.390Z
3010,node/5783047773,node,POINT(-49.1760975 -26.7293074),,,bicycle_parking,ground_slots,5,customers,no,no,,,,,,,,,,,,,,,,,,,,2026-07-02T22:07:42.390Z,2026-07-02T22:07:42.390Z
3011,node/5783047774,node,POINT(-49.1761361 -26.7297914),,,bicycle_parking,ground_slots,4,yes,no,no,,,,,,,,,,,,,,,,,,,,2026-07-02T22:07:42.390Z,2026-07-02T22:07:42.390Z
3012,node/5788356454,node,POINT(-49.2462695 -26.8838159),,,bicycle_parking,wide_stands,,yes,,no,,,,,,,,,,,,,,,,,,,,2026-07-02T22:07:42.390Z,2026-07-02T22:07:42.390Z
3013,node/5810367160,node,POINT(-46.6771907 -23.5599847),,,bicycle_parking,,5,,,,,,,,,,,,,,,,,,,,,,,2026-07-02T22:07:42.390Z,2026-07-02T22:07:42.390Z
3014,node/5824643862,node,POINT(-49.0591908 -26.9224095),,,bicycle_parking,stands,,,,,,,,,,,,,,,,,,,,,,,,2026-07-02T22:07:42.390Z,2026-07-02T22:07:42.390Z
3015,node/5836796360,node,POINT(-38.4990354 -3.7272505),,,bicycle_parking,stands,8,customers,no,,,,,,,,,,,,,,,,,,,,,2026-07-02T22:07:42.390Z,2026-07-02T22:07:42.390Z
3017,node/5837321108,node,POINT(-49.177615 -26.7380609),,,bicycle_parking,ground_slots,,yes,no,no,,,,,,,,,,,,,,,,,,,,2026-07-02T22:07:42.390Z,2026-07-02T22:07:42.390Z
3018,node/5842263915,node,POINT(-51.2026657 -30.0742018),,Paraciclo da Braskem,bicycle_parking,stands,1,yes,no,no,no,yes,,,,,,,,,,,24/7,,,,,,,2026-07-02T22:07:42.390Z,2026-07-02T22:07:42.390Z
3019,node/5861828260,node,POINT(-38.5614808 -3.7755285),,,bicycle_parking,stands,28,customers,yes,,,,Shopping Parangaba,,,,,,,,,,,,,,,,,2026-07-02T22:07:42.390Z,2026-07-02T22:07:42.390Z
3020,node/5866266188,node,POINT(-38.4855239 -13.0125397),,,bicycle_parking,,,,,,,,,,,,,,,,,,,,,,,,,2026-07-02T22:07:42.390Z,2026-07-02T22:07:42.390Z
3021,node/5877302618,node,POINT(-49.0655811 -26.9196796),,,bicycle_parking,anchors,,yes,no,no,,,,,,,,,,,,,,,,,,,,2026-07-02T22:07:42.390Z,2026-07-02T22:07:42.390Z
3022,node/5880242674,node,POINT(-49.1639478 -26.7106897),,,bicycle_parking,ground_slots,,,,,,,,,,,,,,,,,,,,,,,,2026-07-02T22:07:42.390Z,2026-07-02T22:07:42.390Z
3023,node/5889582692,node,POINT(-53.7264048 -29.7170878),,,bicycle_parking,,5,,,,,,,,,,,,,,,,,,,,,,,2026-07-02T22:07:42.390Z,2026-07-02T22:07:42.390Z
3024,node/5895359127,node,POINT(-49.1741361 -26.7500511),,,bicycle_parking,ground_slots,3,yes,,no,,,,,,,,,,,,,,,,,,,,2026-07-02T22:07:42.390Z,2026-07-02T22:07:42.390Z
3025,node/5897122635,node,POINT(-51.2198896 -30.1407499),,,bicycle_parking,wall_loops,4,customers,no,no,no,yes,Farmácias São João,,,,,,,,,,,,,,,,,2026-07-02T22:07:42.390Z,2026-07-02T22:07:42.390Z
3026,node/5897913383,node,POINT(-48.5228267 -27.6026739),,,bicycle_parking,,,,,,,,,,,,,,,,,,,,,,,,,2026-07-02T22:07:42.390Z,2026-07-02T22:07:42.390Z
3027,node/5900621611,node,POINT(-34.8967281 -8.0859587),,,bicycle_parking,,,,,,,,,,,,,,,,,,,,,,,,,2026-07-02T22:07:42.390Z,2026-07-02T22:07:42.390Z
3028,node/5903616874,node,POINT(-43.3855745 -22.9714732),,,bicycle_parking,rack,,,,,,,,,,,,,,,,,,,,,,,,2026-07-02T22:07:42.390Z,2026-07-02T22:07:42.390Z
3029,node/5907441335,node,POINT(-43.4633358 -22.9823979),,,bicycle_parking,rack,,,,,,,,,,,,,,,,,,,,,,,,2026-07-02T22:07:42.390Z,2026-07-02T22:07:42.390Z
3030,node/5907441398,node,POINT(-43.4631399 -22.982487),,,bicycle_parking,rack,,,,,,,,,,,,,,,,,,,,,,,,2026-07-02T22:07:42.390Z,2026-07-02T22:07:42.390Z
3031,node/5928845611,node,POINT(-46.6854847 -23.5647948),,,bicycle_parking,stands,1,yes,no,,,,,,,,,São Paulo,Rua Artur de Azevedo,1510,,05404-004,,,,,,,,2026-07-02T22:07:42.390Z,2026-07-02T22:07:42.390Z
3032,node/5967963363,node,POINT(-49.1749332 -26.7435113),,,bicycle_parking,ground_slots,,yes,,no,,,,,,,,,,,,,,,,,,,,2026-07-02T22:07:42.390Z,2026-07-02T22:07:42.390Z
3033,node/5972416250,node,POINT(-47.4287321 -22.5573829),,,bicycle_parking,,5,yes,no,,,,,,,,,,,,,,,,,,,,,2026-07-02T22:07:42.390Z,2026-07-02T22:07:42.390Z
3034,node/5972416251,node,POINT(-47.429762 -22.5554855),,,bicycle_parking,,30,yes,yes,,,,,,,,,,,,,,,,,,,,,2026-07-02T22:07:42.390Z,2026-07-02T22:07:42.390Z
3035,node/5972416252,node,POINT(-47.429526 -22.5552031),,,bicycle_parking,,10,yes,yes,,,,,,,,,,,,,,,,,,,,,2026-07-02T22:07:42.390Z,2026-07-02T22:07:42.390Z
3036,node/5972416253,node,POINT(-47.4296616 -22.554163),,,bicycle_parking,,10,yes,yes,,,,,,,,,,,,,,,,,,,,,2026-07-02T22:07:42.390Z,2026-07-02T22:07:42.390Z
3037,node/5991993435,node,POINT(-49.0696313 -26.9147331),,,bicycle_parking,wall_loops,4,yes,no,no,no,,,,,,,,,,,,,,,,,,,2026-07-02T22:07:42.390Z,2026-07-02T22:07:42.390Z
3038,node/5991993722,node,POINT(-49.0578724 -26.9221512),,,bicycle_parking,wall_loops,,,,,,,,,,,,,,,,,,,,,,,,2026-07-02T22:07:42.390Z,2026-07-02T22:07:42.390Z
3039,node/5993299772,node,POINT(-46.6838491 -23.5639865),,,bicycle_parking,,8,,,,,,,,,,,São Paulo,Rua Artur de Azevedo,1321,,05404-013,,,,,,,,2026-07-02T22:07:42.390Z,2026-07-02T22:07:42.390Z
3040,node/5993982657,node,POINT(-46.6832909 -23.5637021),,,bicycle_parking,,2,yes,no,,,,,,,,,São Paulo,Rua Doutor Virgílio de Carvalho Pinto,210,,05415-020,,,,,,,,2026-07-02T22:07:42.390Z,2026-07-02T22:07:42.390Z
3041,node/5993983088,node,POINT(-46.6832282 -23.5636183),,,bicycle_parking,,4,yes,yes,,,,,,,,,São Paulo,Rua Artur de Azevedo,1239,,05404-013,,,,,,,,2026-07-02T22:07:42.390Z,2026-07-02T22:07:42.390Z
3042,node/5996803907,node,POINT(-43.0483176 -22.8761111),,,bicycle_parking,stands,10,,,no,,,,,,,,,,,,,,,,,,,,2026-07-02T22:07:42.390Z,2026-07-02T22:07:42.390Z
3043,node/5999150350,node,POINT(-51.5043461 -29.1692282),,,bicycle_parking,wall_loops,6,customers,no,no,no,yes,Dolce Gusto,,,,,,,,,,,,,,,,,2026-07-02T22:07:42.390Z,2026-07-02T22:07:42.390Z
3044,node/6026258678,node,POINT(-49.1035746 -26.874983),,,bicycle_parking,wall_loops,,,,,,,,,,,,,,,,,,,,,,,,2026-07-02T22:07:42.390Z,2026-07-02T22:07:42.390Z
3045,node/6033311373,node,POINT(-49.0641032 -26.9228376),,,bicycle_parking,stands,,,,,,,,,,,,,,,,,,,,,,,,2026-07-02T22:07:42.390Z,2026-07-02T22:07:42.390Z
3046,node/6041789735,node,POINT(-38.5133122 -3.7194684),,,bicycle_parking,stands,10,yes,no,,,,,,,,,,,,,,,,,,,,,2026-07-02T22:07:42.390Z,2026-07-02T22:07:42.390Z
3047,node/6041789736,node,POINT(-38.5142462 -3.7191572),,,bicycle_parking,stands,6,yes,no,,,,,,,,,,,,,,,,,,,,,2026-07-02T22:07:42.390Z,2026-07-02T22:07:42.390Z
3048,node/6041789737,node,POINT(-38.5162966 -3.7189449),,,bicycle_parking,stands,8,yes,no,no,,,,,,,,,,,,,,,,,,,,2026-07-02T22:07:42.390Z,2026-07-02T22:07:42.390Z
3049,node/6051793333,node,POINT(-43.3717565 -22.9996066),,,bicycle_parking,stands,12,yes,no,no,,,,,,,,,,,,,,,,,,,,2026-07-02T22:07:42.390Z,2026-07-02T22:07:42.390Z
3050,node/6053755043,node,POINT(-49.1735763 -26.7269475),,,bicycle_parking,ground_slots,4,yes,no,no,,,,,,,,,,,,,,,,,,,,2026-07-02T22:07:42.390Z,2026-07-02T22:07:42.390Z
3051,node/6072355979,node,POINT(-51.198012 -23.3268259),,,bicycle_parking,stands,4,yes,,,,,,,,,,,,,,,,,,,,,,2026-07-02T22:07:42.390Z,2026-07-02T22:07:42.390Z
3052,node/6086878712,node,POINT(-38.4514656 -13.0031981),,,bicycle_parking,stands,20,,no,,,,,,,,,,,,,,,,,,,,,2026-07-02T22:07:42.390Z,2026-07-02T22:07:42.390Z
3053,node/6095304315,node,POINT(-38.5198755 -3.7186384),,,bicycle_parking,stands,6,yes,no,,,,,,,,,,,,,,,,,,,,,2026-07-02T22:07:42.390Z,2026-07-02T22:07:42.390Z
3054,node/6095304316,node,POINT(-38.5123364 -3.720015),,,bicycle_parking,stands,12,yes,no,,,,,,,,,,,,,,,,,,,,,2026-07-02T22:07:42.390Z,2026-07-02T22:07:42.390Z
3055,node/6101034211,node,POINT(-38.509275 -3.7212432),,,bicycle_parking,stands,6,yes,no,,,,,,,,,,,,,,,,,,,,,2026-07-02T22:07:42.390Z,2026-07-02T22:07:42.390Z
3056,node/6101034212,node,POINT(-38.5170855 -3.7188932),,,bicycle_parking,stands,6,yes,no,,,,,,,,,,,,,,,,,,,,,2026-07-02T22:07:42.390Z,2026-07-02T22:07:42.390Z
3057,node/6101034213,node,POINT(-38.5162953 -3.7237167),,,bicycle_parking,stands,6,yes,no,no,,,,,,,,,,,,,,,,,,,,2026-07-02T22:07:42.390Z,2026-07-02T22:07:42.390Z
3058,node/6103813285,node,POINT(-46.6498982 -23.5709449),,,bicycle_parking,,,,,,,,Google Campus,,,,,,,,,,,,,,,,,2026-07-02T22:07:42.390Z,2026-07-02T22:07:42.390Z
3059,node/6109357785,node,POINT(-46.582155 -23.5841616),,,bicycle_parking,,,,,,,,,,,,,,,,,,,,,,,,,2026-07-02T22:07:42.390Z,2026-07-02T22:07:42.390Z
3060,node/6109377185,node,POINT(-46.5872605 -23.5767703),,,bicycle_parking,,,,,,,,,,,,,,,,,,,,,,,,,2026-07-02T22:07:42.390Z,2026-07-02T22:07:42.390Z
3061,node/6111812748,node,POINT(-46.6779718 -23.5600909),,,bicycle_parking,wall_loops,3,,no,,,,Fridas Café Bar,,,,,,,,,,,,,,,,,2026-07-02T22:07:42.390Z,2026-07-02T22:07:42.390Z
3062,node/6125822691,node,POINT(-43.4141186 -22.9691829),,,bicycle_parking,,,,,,,,,,,,,,,,,,,,,,,,,2026-07-02T22:07:42.390Z,2026-07-02T22:07:42.390Z
3063,node/6137617285,node,POINT(-36.4185411 -10.4745575),,,bicycle_parking,,,,,,,,Comunidade da Resina,,,,,,,,,,,,,,,,,2026-07-02T22:07:42.390Z,2026-07-02T22:07:42.390Z
3064,node/6169468207,node,POINT(-49.2030201 -26.7227664),,,bicycle_parking,ground_slots,4,yes,no,no,no,,,,,,,,,,,,,,,,,,,2026-07-02T22:07:42.390Z,2026-07-02T22:07:42.390Z
3065,node/6172135590,node,POINT(-43.3516773 -22.8970606),,,bicycle_parking,stands,10,,no,no,,,,,,,,,,,,,,,,,,,,2026-07-02T22:07:42.390Z,2026-07-02T22:07:42.390Z
3066,node/6181787680,node,POINT(-48.4896505 -1.4463885),,,bicycle_parking,stands,28,yes,yes,yes,,,,,,,,,Rua Aristides Lobo,776,,66053-020,,,,,,,,2026-07-02T22:07:42.390Z,2026-07-02T22:07:42.390Z
3067,node/6181821785,node,POINT(-38.4527981 -12.9851267),,,bicycle_parking,,,,,,,,McDonald's,,,,,,,,,,,,,,,,,2026-07-02T22:07:42.390Z,2026-07-02T22:07:42.390Z
3068,node/6188377709,node,POINT(-46.6315786 -23.5311173),,,bicycle_parking,stands,2,customers,no,,,,Museu de Arte Sacra,,,,,,,,,,,,,,,,,2026-07-02T22:07:42.390Z,2026-07-02T22:07:42.390Z
3069,node/6193411352,node,POINT(-46.5877979 -23.5151526),,,bicycle_parking,,,,no,,,,,,,,,,,,,,,,,,,,,2026-07-02T22:07:42.390Z,2026-07-02T22:07:42.390Z
3070,node/6196373596,node,POINT(-45.5470285 -23.0086162),,,bicycle_parking,wall_loops,,,no,,,,,,,,,,,,,,,,,,,,,2026-07-02T22:07:42.390Z,2026-07-02T22:07:42.390Z
3071,node/6198747285,node,POINT(-38.4893682 -13.0127441),,,bicycle_parking,,,,,,,,,,,,,,,,,,,,,,,,,2026-07-02T22:07:42.390Z,2026-07-02T22:07:42.390Z
3072,node/6208097414,node,POINT(-48.4417522 -27.4308278),,,bicycle_parking,wall_loops,,yes,,no,,,,,,,,,,,,,,,,,,,,2026-07-02T22:07:42.390Z,2026-07-02T22:07:42.390Z
3073,node/6213783293,node,POINT(-49.1609752 -26.7012908),,,bicycle_parking,ground_slots,2,customers,no,no,,,Grützmacher Produtos Artesanais,,,,,,,,,,,,,,,,,2026-07-02T22:07:42.390Z,2026-07-02T22:07:42.390Z
3074,node/6215822276,node,POINT(-38.456204 -13.0063063),,,bicycle_parking,stands,10,,no,,,,,,,,,,,,,,,,,,,,,2026-07-02T22:07:42.390Z,2026-07-02T22:07:42.390Z
3075,node/6219877205,node,POINT(-49.2664357 -26.8465923),,,bicycle_parking,ground_slots,3,yes,,no,,,,,,,,,,,,,,,,,,,,2026-07-02T22:07:42.390Z,2026-07-02T22:07:42.390Z
3076,node/6219877206,node,POINT(-49.2664732 -26.8465982),,,bicycle_parking,anchors,5,yes,,no,,,,,,,,,,,,,,,,,,,,2026-07-02T22:07:42.390Z,2026-07-02T22:07:42.390Z
3077,node/6224096170,node,POINT(-49.1741744 -26.7454906),,,bicycle_parking,ground_slots,3,,no,,,,,,,,,,,,,,,,,,,,,2026-07-02T22:07:42.390Z,2026-07-02T22:07:42.390Z
3078,node/6224096171,node,POINT(-49.174222 -26.74529),,,bicycle_parking,wall_loops,,,,,,,,,,,,,,,,,,,,,,,,2026-07-02T22:07:42.390Z,2026-07-02T22:07:42.390Z
3079,node/6238999118,node,POINT(-49.2927706 -25.476497),,,bicycle_parking,,,,,,,,,,,,,,,,,,,,,,,,,2026-07-02T22:07:42.390Z,2026-07-02T22:07:42.390Z
3080,node/6244306671,node,POINT(-43.1760891 -22.9227974),,,bicycle_parking,stands,14,yes,yes,no,,,Villa Aymoré,,,,,,,,,,,,,,,,,2026-07-02T22:07:42.390Z,2026-07-02T22:07:42.390Z
3081,node/6249454259,node,POINT(-47.8822588 -21.9849685),,,bicycle_parking,stands,8,yes,no,no,,,UFSCar,,,,,,,,,,,,,,,,,2026-07-02T22:07:42.390Z,2026-07-02T22:07:42.390Z
3082,node/6254182180,node,POINT(-49.1611656 -26.8229255),,,bicycle_parking,ground_slots,10,,no,no,,,Comunidade Evangélica em Testo Central,,,,,,,,,,,,,,,,,2026-07-02T22:07:42.390Z,2026-07-02T22:07:42.390Z
3083,node/6259002562,node,POINT(-47.879366 -21.9882257),,,bicycle_parking,wall_loops,,,yes,no,,,,,,,,,,,,,,,,,,,,2026-07-02T22:07:42.390Z,2026-07-02T22:07:42.390Z
3084,node/6259016496,node,POINT(-47.8786388 -21.9820014),,,bicycle_parking,stands,,,no,no,,,,,,,,,,,,,,,,,,,,2026-07-02T22:07:42.390Z,2026-07-02T22:07:42.390Z
3085,node/6259016501,node,POINT(-47.8783916 -21.9829069),,,bicycle_parking,rack,,,no,,,,,,,,,,,,,,,,,,,,,2026-07-02T22:07:42.390Z,2026-07-02T22:07:42.390Z
3086,node/6261024638,node,POINT(-49.1514574 -26.8524026),,,bicycle_parking,anchors,,,,no,,,,,,,,,,,,,,,,,,,,2026-07-02T22:07:42.390Z,2026-07-02T22:07:42.390Z
3087,node/6261024672,node,POINT(-49.1642581 -26.8158153),,,bicycle_parking,ground_slots,5,customers,no,no,,,Academia Mind Fitness,,,,,,,,,,,,,,,,,2026-07-02T22:07:42.390Z,2026-07-02T22:07:42.390Z
3088,node/6263947703,node,POINT(-38.5094994 -3.7431955),,,bicycle_parking,stands,2,yes,no,,,,,,,,,,,,,,,,,,,,,2026-07-02T22:07:42.390Z,2026-07-02T22:07:42.390Z
3089,node/6263947704,node,POINT(-38.5092591 -3.7432134),,,bicycle_parking,stands,2,yes,no,,,,,,,,,,,,,,,,,,,,,2026-07-02T22:07:42.390Z,2026-07-02T22:07:42.390Z
3090,node/6268371469,node,POINT(-49.3117457 -25.6446603),,,bicycle_parking,stands,30,yes,,,,,,,,,,,,,,,,,,,,,,2026-07-02T22:07:42.390Z,2026-07-02T22:07:42.390Z
3091,node/6270520022,node,POINT(-47.8783095 -21.9882274),,,bicycle_parking,stands,,customers,yes,,,,,,,,,,,,,,,,,,,,,2026-07-02T22:07:42.390Z,2026-07-02T22:07:42.390Z
3092,node/6272970307,node,POINT(-47.8817425 -21.9877663),,,bicycle_parking,stands,8,,no,,,,,,,,,,,,,,,,,,,,,2026-07-02T22:07:42.390Z,2026-07-02T22:07:42.390Z
3093,node/6274370261,node,POINT(-47.8821494 -21.98719),,,bicycle_parking,stands,10,,,,,,,,,,,,,,,,,,,,,,,2026-07-02T22:07:42.390Z,2026-07-02T22:07:42.390Z
3094,node/6275173488,node,POINT(-47.882468 -21.9882844),,,bicycle_parking,anchors,5,,,,,,,,,,,,,,,,,,,,,,,2026-07-02T22:07:42.390Z,2026-07-02T22:07:42.390Z
3095,node/6284941226,node,POINT(-47.8923192 -23.0403019),,,bicycle_parking,wall_loops,4,yes,no,,,,Prefeitura Municipal de Laranjal Paulista,,,,,,,,,,,,,,,,,2026-07-02T22:07:42.390Z,2026-07-02T22:07:42.390Z
3096,node/6286876461,node,POINT(-49.2045806 -25.5313915),,,bicycle_parking,,,yes,,no,,,,,,,,,,,,,,,,,,,,2026-07-02T22:07:42.390Z,2026-07-02T22:07:42.390Z
3097,node/6313077122,node,POINT(-47.8847155 -21.982458),,,bicycle_parking,stands,,,no,no,,,,,,,,,,,,,,,,,,,,2026-07-02T22:07:42.390Z,2026-07-02T22:07:42.390Z
3098,node/6313103183,node,POINT(-47.8807208 -21.979946),,,bicycle_parking,wall_loops,,,yes,no,,,,,,,,,,,,,,,,,,,,2026-07-02T22:07:42.390Z,2026-07-02T22:07:42.390Z
3099,node/6331672935,node,POINT(-38.4487292 -12.9928639),,,bicycle_parking,stands,4,,no,,,,Selfit,,,,,,,,,,,,,,,,,2026-07-02T22:07:42.390Z,2026-07-02T22:07:42.390Z
3100,node/6332890847,node,POINT(-40.0260901 -19.3928775),,,bicycle_parking,,,,,,,,,,,,,,,,,,,,,,,,,2026-07-02T22:07:42.390Z,2026-07-02T22:07:42.390Z
3101,node/6338906550,node,POINT(-49.0840326 -26.8732679),,,bicycle_parking,wall_loops,15,,,,,,,,,,,,,,,,,,,,,,,2026-07-02T22:07:42.402Z,2026-07-02T22:07:42.402Z
3102,node/6359576727,node,POINT(-40.2176707 -20.1976153),,,bicycle_parking,,,,,,,,,,,,,,,,,,,,,,,,,2026-07-02T22:07:42.402Z,2026-07-02T22:07:42.402Z
3103,node/6361077254,node,POINT(-46.6965033 -23.5720285),,,bicycle_parking,,,customers,yes,no,,,Mobike,,,-2,,,,,,,Mo-Su 06:00-23:00,,,,,,,2026-07-02T22:07:42.402Z,2026-07-02T22:07:42.402Z
3104,node/6374786600,node,POINT(-53.7172122 -29.7017271),,,bicycle_parking,,3,customers,,,,,,,,,,,,,,,,,,,,,,2026-07-02T22:07:42.402Z,2026-07-02T22:07:42.402Z
3105,node/6381164458,node,POINT(-47.8657035 -15.7728468),,,bicycle_parking,stands,5,yes,no,,,,,,,,,,,,,,,,,,,,,2026-07-02T22:07:42.402Z,2026-07-02T22:07:42.402Z
3106,node/6404610665,node,POINT(-38.5615436 -3.7953753),,,bicycle_parking,stands,16,,no,no,,,,,,,,,,,,,,,,,,,,2026-07-02T22:07:42.402Z,2026-07-02T22:07:42.402Z
3107,node/6407963340,node,POINT(-35.9530954 -8.2945442),,,bicycle_parking,,,,yes,,,,,,,,,,,,,,,,,,,,,2026-07-02T22:07:42.402Z,2026-07-02T22:07:42.402Z
3108,node/6410644430,node,POINT(-49.0798407 -26.8958074),,,bicycle_parking,wall_loops,,yes,no,no,,,Coremma,,,,,,,,,,,,,,,,,2026-07-02T22:07:42.402Z,2026-07-02T22:07:42.402Z
3109,node/6415426539,node,POINT(-49.1797795 -26.7273254),,,bicycle_parking,ground_slots,3,customers,,no,,,Unifique,,,,,,,,,,,,,,,,,2026-07-02T22:07:42.402Z,2026-07-02T22:07:42.402Z
3110,node/6418719588,node,POINT(-40.3522165 -20.3207954),,,bicycle_parking,,,,,,,,,,,,,,,,,,,,,,,,,2026-07-02T22:07:42.402Z,2026-07-02T22:07:42.402Z
3111,node/6418727764,node,POINT(-46.6753715 -23.5929771),,,bicycle_parking,rack,4,yes,no,no,,,,,,,,,,,,,,,,,,,,2026-07-02T22:07:42.402Z,2026-07-02T22:07:42.402Z
3112,node/6419344986,node,POINT(-40.3515494 -20.3227679),,,bicycle_parking,,,,,,,,,,,,,,,,,,,,,,,,,2026-07-02T22:07:42.402Z,2026-07-02T22:07:42.402Z
3113,node/6432178753,node,POINT(-49.205921 -25.4132118),,,bicycle_parking,stands,5,yes,no,no,no,no,Prefeitura Municipal de Curitiba,,,,,,,,,,24/7,,,,,,,2026-07-02T22:07:42.402Z,2026-07-02T22:07:42.402Z
3114,node/6438997245,node,POINT(-49.0634312 -26.9228815),,,bicycle_parking,shed,8,,,,,,,,,,,,,,,,,,,,,,,2026-07-02T22:07:42.402Z,2026-07-02T22:07:42.402Z
3115,node/6441058426,node,POINT(-49.0854912 -26.8814127),,,bicycle_parking,stands,,,,,,,,,,,,,,,,,,,,,,,,2026-07-02T22:07:42.402Z,2026-07-02T22:07:42.402Z
3116,node/6445583350,node,POINT(-38.4978085 -3.7374552),,,bicycle_parking,stands,10,yes,no,no,,,,,,,,,,,,,,,,,,,,2026-07-02T22:07:42.402Z,2026-07-02T22:07:42.402Z
3117,node/6447820886,node,POINT(-40.3513416 -20.32254),,,bicycle_parking,,,,,,,,,,,,,,,,,,,,,,,,,2026-07-02T22:07:42.402Z,2026-07-02T22:07:42.402Z
3118,node/6470584162,node,POINT(-40.2951358 -20.3133172),,,bicycle_parking,stands,,yes,no,no,,,,,,,,,,,,,,,,Mapillary,,,,2026-07-02T22:07:42.402Z,2026-07-02T22:07:42.402Z
3119,node/6475453161,node,POINT(-48.5193466 -27.5985935),,,bicycle_parking,stands,5,,,,,,,,,,,,,,,,,,,,,,,2026-07-02T22:07:42.402Z,2026-07-02T22:07:42.402Z
3120,node/6514038364,node,POINT(-53.717357 -29.7021913),,,bicycle_parking,,3,,,,,,,,,,,,,,,,,,,,,,,2026-07-02T22:07:42.402Z,2026-07-02T22:07:42.402Z
3121,node/6515681897,node,POINT(-47.4394529 -23.5086786),,,bicycle_parking,,,,,,,,,,,,,,,,,,,,,,,,,2026-07-02T22:07:42.402Z,2026-07-02T22:07:42.402Z
3122,node/6518578331,node,POINT(-49.3071097 -25.4803486),,,bicycle_parking,,,,,,,,,,,,,,,,,,,,,,,,,2026-07-02T22:07:42.402Z,2026-07-02T22:07:42.402Z
3123,node/6518875084,node,POINT(-48.5518968 -27.5980695),,,bicycle_parking,stands,8,yes,no,no,,,,,,,,,,,,,,,,,,,,2026-07-02T22:07:42.402Z,2026-07-02T22:07:42.402Z
3124,node/6521579962,node,POINT(-38.4971487 -3.7345197),,,bicycle_parking,stands,6,yes,no,no,,,,,,,,,,,,,,,,,,,,2026-07-02T22:07:42.402Z,2026-07-02T22:07:42.402Z
3125,node/6528462391,node,POINT(-38.5010311 -3.7365406),,,bicycle_parking,stands,4,customers,no,no,,,,,,,,,,,,,,,,,,,,2026-07-02T22:07:42.402Z,2026-07-02T22:07:42.402Z
3126,node/6528532312,node,POINT(-38.5210806 -3.7313045),,,bicycle_parking,stands,10,permissive,,,,,,,,,,,,,,,,,,,,,,2026-07-02T22:07:42.402Z,2026-07-02T22:07:42.402Z
3127,node/6528532313,node,POINT(-38.5197837 -3.728209),,,bicycle_parking,stands,6,yes,no,,,,,,,,,,,,,,,,,,,,,2026-07-02T22:07:42.402Z,2026-07-02T22:07:42.402Z
3128,node/6533759975,node,POINT(-48.5501519 -27.5935367),,,bicycle_parking,stands,3,yes,no,no,no,,,,,,,,,,,,,,,,,,,2026-07-02T22:07:42.402Z,2026-07-02T22:07:42.402Z
3129,node/6535987020,node,POINT(-34.9357349 -8.0426148),,,bicycle_parking,,,,,,,,,,,,,,,,,,,,,,,,,2026-07-02T22:07:42.402Z,2026-07-02T22:07:42.402Z
3130,node/6538644446,node,POINT(-47.6316681 -22.7087857),,,bicycle_parking,building,,,,,,,,,,,,,,,,,,,,,,,,2026-07-02T22:07:42.402Z,2026-07-02T22:07:42.402Z
3131,node/6538647873,node,POINT(-47.6327696 -22.7046141),,,bicycle_parking,building,,,,,,,,,,,,,,,,,,,,,,,,2026-07-02T22:07:42.402Z,2026-07-02T22:07:42.402Z
3132,node/6538647874,node,POINT(-47.6325497 -22.7058302),,,bicycle_parking,building,,,,,,,,,,,,,,,,,,,,,,,,2026-07-02T22:07:42.402Z,2026-07-02T22:07:42.402Z
3133,node/6538647875,node,POINT(-47.6333946 -22.7096159),,,bicycle_parking,building,,,,,,,,,,,,,,,,,,,,,,,,2026-07-02T22:07:42.402Z,2026-07-02T22:07:42.402Z
3134,node/6538647876,node,POINT(-47.6322171 -22.7093882),,,bicycle_parking,building,,,,,,,,,,,,,,,,,,,,,,,,2026-07-02T22:07:42.402Z,2026-07-02T22:07:42.402Z
3135,node/6538647877,node,POINT(-47.6355698 -22.7110114),,,bicycle_parking,building,,,,,,,,,,,,,,,,,,,,,,,,2026-07-02T22:07:42.402Z,2026-07-02T22:07:42.402Z
3136,node/6538647878,node,POINT(-47.6355966 -22.7120332),,,bicycle_parking,building,,,,,,,,,,,,,,,,,,,,,,,,2026-07-02T22:07:42.402Z,2026-07-02T22:07:42.402Z
3137,node/6538647879,node,POINT(-47.6307579 -22.7126963),,,bicycle_parking,building,,,,,,,,,,,,,,,,,,,,,,,,2026-07-02T22:07:42.402Z,2026-07-02T22:07:42.402Z
3138,node/6538647880,node,POINT(-47.6304119 -22.7130254),,,bicycle_parking,building,,,,,,,,,,,,,,,,,,,,,,,,2026-07-02T22:07:42.402Z,2026-07-02T22:07:42.402Z
3139,node/6538647881,node,POINT(-47.6312327 -22.7135103),,,bicycle_parking,building,,,,,,,,,,,,,,,,,,,,,,,,2026-07-02T22:07:42.402Z,2026-07-02T22:07:42.402Z
3140,node/6538647882,node,POINT(-47.634277 -22.7063473),,,bicycle_parking,building,,,,,,,,,,,,,,,,,,,,,,,,2026-07-02T22:07:42.402Z,2026-07-02T22:07:42.402Z
3141,node/6542564797,node,POINT(-49.2655015 -25.430875),Vila Urbana,,bicycle_parking,,,,,,,,,,,,,,,,,,,,,,,,,2026-07-02T22:07:42.402Z,2026-07-02T22:07:42.402Z
3142,node/6542587115,node,POINT(-46.6922017 -23.5692193),,,bicycle_parking,stands,2,yes,no,no,,,,,,,,,,,,,,,,,,,,2026-07-02T22:07:42.402Z,2026-07-02T22:07:42.402Z
3143,node/6542888758,node,POINT(-47.6356921 -22.7112549),,,bicycle_parking,building,,,,,,,,,,,,,,,,,,,,,,,,2026-07-02T22:07:42.402Z,2026-07-02T22:07:42.402Z
3144,node/6548005900,node,POINT(-46.6918732 -23.5697305),,,bicycle_parking,,2,yes,no,no,,,,,,,,São Paulo,Avenida Brigadeiro Faria Lima,1340,,01451-001,,,,,,,,2026-07-02T22:07:42.402Z,2026-07-02T22:07:42.402Z
3145,node/6550117561,node,POINT(-46.6921977 -23.568425),,,bicycle_parking,stands,5,yes,no,no,,,,,,,,,,,,,,,,,,,,2026-07-02T22:07:42.402Z,2026-07-02T22:07:42.402Z
3146,node/6550117562,node,POINT(-46.6921218 -23.5685563),,,bicycle_parking,,1,yes,no,no,,,,,,,,,,,,,,,,,,,,2026-07-02T22:07:42.402Z,2026-07-02T22:07:42.402Z
3147,node/6550117563,node,POINT(-46.6920437 -23.5686996),,,bicycle_parking,,1,yes,no,no,,,,,,,,,,,,,,,,,,,,2026-07-02T22:07:42.402Z,2026-07-02T22:07:42.402Z
3148,node/6554091147,node,POINT(-47.6327252 -22.7091423),,,bicycle_parking,building,,,,,,,,,,,,,,,,,,,,,,,,2026-07-02T22:07:42.402Z,2026-07-02T22:07:42.402Z
3149,node/6556465128,node,POINT(-47.6317318 -22.708434),,,bicycle_parking,building,,,,,,,,,,,,,,,,,,,,,,,,2026-07-02T22:07:42.402Z,2026-07-02T22:07:42.402Z
3150,node/6557711448,node,POINT(-49.2546418 -25.4354881),,,bicycle_parking,,,,,,,,,,,,,,,,,,,,,,,,,2026-07-02T22:07:42.402Z,2026-07-02T22:07:42.402Z
3151,node/6563514157,node,POINT(-38.4572253 -13.0020218),,,bicycle_parking,wall_loops,,,no,,,,Rice,,,,,,,,,,,,,,,,,2026-07-02T22:07:42.402Z,2026-07-02T22:07:42.402Z
3152,node/6578867918,node,POINT(-38.5137914 -3.7352767),,,bicycle_parking,stands,8,yes,no,no,,,,,,,,,,,,,,,,,,,,2026-07-02T22:07:42.402Z,2026-07-02T22:07:42.402Z
3153,node/6612061997,node,POINT(-54.3358394 -15.5218306),praca dito bike,,bicycle_parking,,,yes,,,,,,,,,,,,,,,,,,,,,,2026-07-02T22:07:42.402Z,2026-07-02T22:07:42.402Z
3154,node/6624499964,node,POINT(-38.4975313 -3.7366521),,,bicycle_parking,stands,10,yes,no,no,,,,,,,,,,,,,,,,,,,,2026-07-02T22:07:42.402Z,2026-07-02T22:07:42.402Z
3155,node/6625433753,node,POINT(-46.6247904 -23.5471106),,,bicycle_parking,,,yes,no,no,,,,,,,,São Paulo,Avenida Rangel Pestana,969,,03001-000,,,,,,,,2026-07-02T22:07:42.402Z,2026-07-02T22:07:42.402Z
3156,node/6643621874,node,POINT(-49.1737781 -26.7381502),,,bicycle_parking,ground_slots,6,,no,,,,,,,,,,,,,,,,,,,,,2026-07-02T22:07:42.402Z,2026-07-02T22:07:42.402Z
3157,node/6648419864,node,POINT(-43.4630143 -22.9830494),,,bicycle_parking,,,private,yes,no,,,,,,,,,,,,,,,,,,,,2026-07-02T22:07:42.402Z,2026-07-02T22:07:42.402Z
3158,node/6681865932,node,POINT(-38.4611039 -12.9910504),,,bicycle_parking,wall_loops,1,customers,no,no,,,,,,,,,,,,,,,,,,,,2026-07-02T22:07:42.402Z,2026-07-02T22:07:42.402Z
3159,node/6699566268,node,POINT(-48.5234338 -27.6024893),,,bicycle_parking,,,,,,,,,,,,,,,,,,,,,,,,,2026-07-02T22:07:42.402Z,2026-07-02T22:07:42.402Z
3160,node/6701112056,node,POINT(-49.1768052 -26.7417971),,,bicycle_parking,ground_slots,,customers,,,,,Academia Movimento,,,,,,,,,,,,,,,,,2026-07-02T22:07:42.402Z,2026-07-02T22:07:42.402Z
3161,node/6707998345,node,POINT(-47.6356537 -22.7122668),,,bicycle_parking,building,,,,,,,,,,,,,,,,,,,,,,,,2026-07-02T22:07:42.402Z,2026-07-02T22:07:42.402Z
3162,node/6707998361,node,POINT(-47.6302088 -22.7124821),,,bicycle_parking,building,,,,,,,,,,,,,,,,,,,,,,,,2026-07-02T22:07:42.402Z,2026-07-02T22:07:42.402Z
3163,node/6707998362,node,POINT(-47.6315043 -22.7121134),,,bicycle_parking,building,,,,,,,,,,,,,,,,,,,,,,,,2026-07-02T22:07:42.402Z,2026-07-02T22:07:42.402Z
3164,node/6727691467,node,POINT(-43.9499173 -19.9317102),,,bicycle_parking,,,,,,,,,,,,,,,,,,,,,,,,,2026-07-02T22:07:42.402Z,2026-07-02T22:07:42.402Z
3165,node/6732713396,node,POINT(-40.2947502 -20.2997231),,,bicycle_parking,,,,,,,,,,,,,,,,,,,,,,,,,2026-07-02T22:07:42.402Z,2026-07-02T22:07:42.402Z
3166,node/6779894986,node,POINT(-38.4574125 -12.9861484),,,bicycle_parking,,,,,,,,SmartFit,,,,,,,,,,,,,,,,,2026-07-02T22:07:42.402Z,2026-07-02T22:07:42.402Z
3167,node/6795696821,node,POINT(-49.0850003 -26.8944816),,,bicycle_parking,wall_loops,3,,,no,,,,,,,,,,,,,,,,,,,,2026-07-02T22:07:42.402Z,2026-07-02T22:07:42.402Z
3168,node/6796985103,node,POINT(-38.5629815 -3.7948164),,,bicycle_parking,stands,16,,no,no,,,,,,,,,,,,,,,,,,,,2026-07-02T22:07:42.402Z,2026-07-02T22:07:42.402Z
3169,node/6799493385,node,POINT(-35.1995582 -5.8432644),,,bicycle_parking,,,,,,,,,,,,,,,,,,,,,,,,,2026-07-02T22:07:42.402Z,2026-07-02T22:07:42.402Z
3170,node/6806028077,node,POINT(-47.8980534 -15.7934652),,,bicycle_parking,yes,5,yes,no,no,,yes,Parque da Cidade,,,,,,,,,,,,,,,,,2026-07-02T22:07:42.402Z,2026-07-02T22:07:42.402Z
3171,node/6812469937,node,POINT(-46.6536923 -23.5496483),,,bicycle_parking,,1,yes,no,no,,,,,,,,,,,,,,,,,,,,2026-07-02T22:07:42.402Z,2026-07-02T22:07:42.402Z
3172,node/6841191147,node,POINT(-51.2834706 -28.8576298),,,bicycle_parking,,4,,no,no,,,,,,,,,,,,,,,,,,,,2026-07-02T22:07:42.402Z,2026-07-02T22:07:42.402Z
3173,node/6844582935,node,POINT(-49.2608083 -25.4346829),,,bicycle_parking,,10,,,,,,,,,,,,,,,,,,,,,,,2026-07-02T22:07:42.402Z,2026-07-02T22:07:42.402Z
3174,node/6845597766,node,POINT(-38.4965221 -3.7341361),,,bicycle_parking,stands,4,yes,no,no,,,,,,,,,,,,,,,,,,,,2026-07-02T22:07:42.402Z,2026-07-02T22:07:42.402Z
3175,node/6856423718,node,POINT(-46.682209 -23.5855093),,,bicycle_parking,wall_loops,8,yes,no,no,,,Parx,,,,,,,,,,,,,,,,,2026-07-02T22:07:42.402Z,2026-07-02T22:07:42.402Z
3176,node/6877034368,node,POINT(-43.3494694 -22.8590303),,,bicycle_parking,stands,5,,,,,,,,,,,,,,,,,,,,,,,2026-07-02T22:07:42.402Z,2026-07-02T22:07:42.402Z
3177,node/6893750907,node,POINT(-40.2900651 -20.3305541),,,bicycle_parking,,,,,,,,,,,,,,,,,,,,,,,,,2026-07-02T22:07:42.402Z,2026-07-02T22:07:42.402Z
3178,node/6902634385,node,POINT(-38.4951894 -3.8465928),Bicicletar Corporativo SDHDS,,bicycle_parking,,,yes,,,,,Prefeitura de Fortaleza,,,,,,,,,,,,,,,,,2026-07-02T22:07:42.402Z,2026-07-02T22:07:42.402Z
3179,node/6909388966,node,POINT(-46.8215458 -22.4361195),,,bicycle_parking,,,,,,,,,,,,,,,,,,,,,,,,,2026-07-02T22:07:42.402Z,2026-07-02T22:07:42.402Z
3180,node/6912282858,node,POINT(-49.2745558 -25.4474429),,,bicycle_parking,,,,,,,,,,,,,,,,,,,,,,,,,2026-07-02T22:07:42.402Z,2026-07-02T22:07:42.402Z
3181,node/6930726065,node,POINT(-38.5296224 -3.7319897),,,bicycle_parking,stands,10,,no,,,,,,,,,,,,,,,,,,,,,2026-07-02T22:07:42.402Z,2026-07-02T22:07:42.402Z
3182,node/6939866123,node,POINT(-49.1737627 -26.7341653),,,bicycle_parking,,,,,,,,,,,,,,,,,,,,,,,,,2026-07-02T22:07:42.402Z,2026-07-02T22:07:42.402Z
3183,node/6981696613,node,POINT(-51.0770729 0.019668),,,bicycle_parking,,,,,,,,,,,,,,,,,,,,,,,,,2026-07-02T22:07:42.402Z,2026-07-02T22:07:42.402Z
3184,node/6982916185,node,POINT(-38.508171 -13.0019055),,,bicycle_parking,stands,10,,no,,,,,,,,,,,,,,,,,,,,,2026-07-02T22:07:42.402Z,2026-07-02T22:07:42.402Z
3185,node/6983103026,node,POINT(-38.5078027 -13.0010962),,,bicycle_parking,stands,10,,no,,,,,,,,,,,,,,,,,,,,,2026-07-02T22:07:42.402Z,2026-07-02T22:07:42.402Z
3186,node/6983103028,node,POINT(-38.5084256 -13.0015167),,,bicycle_parking,stands,10,,no,,,,,,,,,,,,,,,,,,,,,2026-07-02T22:07:42.402Z,2026-07-02T22:07:42.402Z
3187,node/6983120681,node,POINT(-38.508393 -13.0014864),,,bicycle_parking,stands,6,,no,,,,,,,,,,,,,,,,,,,,,2026-07-02T22:07:42.402Z,2026-07-02T22:07:42.402Z
3188,node/6987064220,node,POINT(-49.0828379 -25.3701211),,,bicycle_parking,,,,,,,,,,,,,,,,,,,,,,,,,2026-07-02T22:07:42.402Z,2026-07-02T22:07:42.402Z
3189,node/7040767139,node,POINT(-38.489397 -3.7348223),,,bicycle_parking,wall_loops,16,yes,no,no,,,,,,,,,,,,,,,,,,,,2026-07-02T22:07:42.402Z,2026-07-02T22:07:42.402Z
3190,node/7041673817,node,POINT(-49.1690044 -26.7644091),,,bicycle_parking,wall_loops,5,,,,,,,,,,,,,,,,,,,,,,,2026-07-02T22:07:42.402Z,2026-07-02T22:07:42.402Z
3191,node/7052890792,node,POINT(-46.6540352 -23.5989062),,,bicycle_parking,,,private,,,,,,,,,,,,,,,,,,,,,,2026-07-02T22:07:42.402Z,2026-07-02T22:07:42.402Z
3192,node/7065262227,node,POINT(-49.1643608 -26.710187),,,bicycle_parking,ground_slots,5,customers,,no,,,Loja Marlou,,,,,,,,,,,,,,,,,2026-07-02T22:07:42.402Z,2026-07-02T22:07:42.402Z
3193,node/7069816989,node,POINT(-46.6851277 -23.5953783),,,bicycle_parking,building,,,,,,,,,,,,,,,,,,,,,,,,2026-07-02T22:07:42.402Z,2026-07-02T22:07:42.402Z
3194,node/7069816990,node,POINT(-46.6848764 -23.5953069),,,bicycle_parking,building,,,,,,,,,,,,,,,,,,,,,,,,2026-07-02T22:07:42.402Z,2026-07-02T22:07:42.402Z
3195,node/7069816991,node,POINT(-46.6845685 -23.5952161),,,bicycle_parking,building,,,,,,,,,,,,,,,,,,,,,,,,2026-07-02T22:07:42.402Z,2026-07-02T22:07:42.402Z
3196,node/7069816992,node,POINT(-46.6851418 -23.5954366),,,bicycle_parking,shed,,,,,,,,,,,,,,,,,,,,,,,,2026-07-02T22:07:42.402Z,2026-07-02T22:07:42.402Z
3197,node/7069816993,node,POINT(-46.6848552 -23.5953491),,,bicycle_parking,lockers,,,,,,,,,,,,,,,,,,,,,,,,2026-07-02T22:07:42.402Z,2026-07-02T22:07:42.402Z
3198,node/7069816994,node,POINT(-46.6845543 -23.595268),,,bicycle_parking,lockers,,,,,,,,,,,,,,,,,,,,,,,,2026-07-02T22:07:42.402Z,2026-07-02T22:07:42.402Z
3199,node/7070250270,node,POINT(-46.6847553 -23.5948537),,,bicycle_parking,,,,,,,,,,,,,,,,,,,,,,,,,2026-07-02T22:07:42.402Z,2026-07-02T22:07:42.402Z
3200,node/7070250271,node,POINT(-46.6849911 -23.5949022),,,bicycle_parking,,,,,,,,,,,,,,,,,,,,,,,,,2026-07-02T22:07:42.402Z,2026-07-02T22:07:42.402Z
3201,node/7070250272,node,POINT(-46.6852147 -23.594932),,,bicycle_parking,,,,,,,,,,,,,,,,,,,,,,,,,2026-07-02T22:07:42.413Z,2026-07-02T22:07:42.413Z
3202,node/7072274406,node,POINT(-46.6453848 -23.539673),,,bicycle_parking,building,,,,,,,,,,,,,,,,,,,,,,,,2026-07-02T22:07:42.413Z,2026-07-02T22:07:42.413Z
3203,node/7072274407,node,POINT(-46.6451764 -23.5398388),,,bicycle_parking,building,,,,,,,,,,,,,,,,,,,,,,,,2026-07-02T22:07:42.413Z,2026-07-02T22:07:42.413Z
3204,node/7072274408,node,POINT(-46.6453807 -23.5400272),,,bicycle_parking,building,,,,,,,,,,,,,,,,,,,,,,,,2026-07-02T22:07:42.413Z,2026-07-02T22:07:42.413Z
3205,node/7085961167,node,POINT(-46.5211336 -23.6694081),,,bicycle_parking,stands,,yes,no,no,,,,,,,,,,,,,,,,,,,,2026-07-02T22:07:42.413Z,2026-07-02T22:07:42.413Z
3206,node/7111841097,node,POINT(-46.5112817 -23.6710987),,,bicycle_parking,wall_loops,,yes,no,,,,,,,,,,,,,,,,,,,,,2026-07-02T22:07:42.413Z,2026-07-02T22:07:42.413Z
3207,node/7124826294,node,POINT(-46.5369956 -23.6466729),,,bicycle_parking,stands,,yes,no,,,,,,,,,,,,,,,,,,,,,2026-07-02T22:07:42.413Z,2026-07-02T22:07:42.413Z
3208,node/7158786458,node,POINT(-46.639543 -23.5476472),,,bicycle_parking,,,,,,,,,,,,,,,,,,,,,,,,,2026-07-02T22:07:42.413Z,2026-07-02T22:07:42.413Z
3209,node/7164734508,node,POINT(-42.810037 -5.0876276),,,bicycle_parking,wall_loops,,yes,no,,,,,,,,,,,,,,,,,,,,,2026-07-02T22:07:42.413Z,2026-07-02T22:07:42.413Z
3210,node/7176270866,node,POINT(-51.2283007 -30.0361223),,,bicycle_parking,loops,3,yes,no,no,,,,,,,,,,,,,,,,,,,,2026-07-02T22:07:42.413Z,2026-07-02T22:07:42.413Z
3211,node/7179596855,node,POINT(-52.4029747 -28.2663468),,,bicycle_parking,stands,5,yes,no,no,no,yes,,,,,,,,,,,24/7,,,,,,,2026-07-02T22:07:42.413Z,2026-07-02T22:07:42.413Z
3212,node/7188733279,node,POINT(-34.9045391 -8.1422728),,,bicycle_parking,stands,10,,,,,,,,,,,,,,,,,,,,,,,2026-07-02T22:07:42.413Z,2026-07-02T22:07:42.413Z
3213,node/7196296831,node,POINT(-38.4645498 -12.9935571),,,bicycle_parking,wall_loops,12,customers,no,no,,,,,,,,,,,,,,,,,,,,2026-07-02T22:07:42.413Z,2026-07-02T22:07:42.413Z
3214,node/7198335153,node,POINT(-48.5801748 -27.5853218),,Bicicletário do Banco do Brasil,bicycle_parking,stands,10,yes,no,no,,,Banco do Brasil,,,,,,,,,,24/7,,,,,,,2026-07-02T22:07:42.413Z,2026-07-02T22:07:42.413Z
3215,node/7198363194,node,POINT(-48.4560508 -27.4517088),Bicicletário do Terminal Integrado de Canasvieiras,,bicycle_parking,stands,20,yes,no,no,,,Prefeitura Municipal de Florianópolis,,,,,,Rua Francisco Faustino Martins,877,Vargem de Fora,88052-810,24/7,,,,,,,2026-07-02T22:07:42.413Z,2026-07-02T22:07:42.413Z
3216,node/7198369648,node,POINT(-48.5147014 -27.5017029),Bicicletário do Terminal Integrado de Sto. Antônio de Lisboa,,bicycle_parking,stands,3,yes,no,no,,,Prefeitura Municipal de Florianópolis,,,,,,Rua Padre Lourenço R. de Andrade,184,Santo Antônio de Lisboa,88050-400,24/7,,,,,,,2026-07-02T22:07:42.413Z,2026-07-02T22:07:42.413Z
3217,node/7200872150,node,POINT(-46.6342013 -23.6119362),,,bicycle_parking,,,yes,no,no,,,,,,,,São Paulo,Avenida Bosque da Saúde,404,,04142-080,,,,,,,,2026-07-02T22:07:42.413Z,2026-07-02T22:07:42.413Z
3218,node/7201079463,node,POINT(-48.614355 -27.6038481),Bicicletário da Beira Mar de São José,,bicycle_parking,stands,10,yes,no,no,,,,,,,,São José,Av. Acioni Souza Filho,,Kobrasol,,24/7,,,,,,,2026-07-02T22:07:42.413Z,2026-07-02T22:07:42.413Z
3219,node/7201082480,node,POINT(-48.6142315 -27.5842088),,,bicycle_parking,,,customers,no,unknown,,,Shopping Itaguaçu,,,,,São José,Rua Gerôncio Thives,1079,Barreiros,88117-900,Mo-Sa 10:00-22:00; Su 14:00-20:00,,,,,,,2026-07-02T22:07:42.413Z,2026-07-02T22:07:42.413Z
3220,node/7201083524,node,POINT(-48.6800657 -27.6235223),Bicicletário 1 do Passeio Pedra Branca,,bicycle_parking,stands,12,yes,no,no,,,,,,,,Palhoça,Rua da Universidade,,Pedra Branca,88137-270,24/7,,,,,,,2026-07-02T22:07:42.413Z,2026-07-02T22:07:42.413Z
3221,node/7201083525,node,POINT(-48.6795374 -27.6232627),Bicicletário 2 do Passeio Pedra Branca,,bicycle_parking,stands,8,yes,no,no,,,,,,,,Palhoça,Rua da Universidade,,Pedra Branca,88137-270,24/7,,,,,,,2026-07-02T22:07:42.413Z,2026-07-02T22:07:42.413Z
3222,node/7201083526,node,POINT(-48.6793948 -27.6230926),Bicicletário 3 do Passeio Pedra Branca,,bicycle_parking,stands,10,yes,no,no,,,,,,,,Palhoça,Rua da Universidade,,Pedra Branca,88137-270,24/7,,,,,,,2026-07-02T22:07:42.413Z,2026-07-02T22:07:42.413Z
3223,node/7201083527,node,POINT(-48.678702 -27.62287),Bicicletário 4 do Passeio Pedra Branca,,bicycle_parking,stands,10,yes,no,no,,,,,,,,Palhoça,Rua da Universidade,,Pedra Branca,88137-270,24/7,,,,,,,2026-07-02T22:07:42.413Z,2026-07-02T22:07:42.413Z
3224,node/7201083529,node,POINT(-48.6782181 -27.6226641),Bicicletário 6 do Passeio Pedra Branca,,bicycle_parking,stands,20,yes,no,no,,,,,,,,Palhoça,Rua da Universidade,,Pedra Branca,88137-270,24/7,,,,,,,2026-07-02T22:07:42.413Z,2026-07-02T22:07:42.413Z
3225,node/7201083530,node,POINT(-48.6770833 -27.6220769),Bicicletário 6 do Passeio Pedra Branca,,bicycle_parking,stands,6,yes,no,no,,,,,,,,Palhoça,Rua Jair Hamms,38,Pedra Branca,88137-084,24/7,,,,,,,2026-07-02T22:07:42.413Z,2026-07-02T22:07:42.413Z
3226,node/7201093855,node,POINT(-48.6794583 -27.6260422),Bicicletário do Centro Empresarial Pedra Branca,,bicycle_parking,wall_loops,8,yes,no,no,,,,,,,,Palhoça,Rua das Cegonhas,,Pedra Branca,88133-280,24/7,,,,,,,2026-07-02T22:07:42.413Z,2026-07-02T22:07:42.413Z
3227,node/7201201431,node,POINT(-48.5042222 -27.7496405),Bicicletário da Praia da Armação,,bicycle_parking,stands,10,yes,no,no,,,,,,,,Florianópolis,Rua Ênnio Cavallazzi,,Armação do Pântano do Sul,88066-386,24/7,,,,,,,2026-07-02T22:07:42.413Z,2026-07-02T22:07:42.413Z
3228,node/7206255941,node,POINT(-34.8960376 -8.0643997),,,bicycle_parking,stands,6,,no,,,,,,,,,,,,,,,,,,,,,2026-07-02T22:07:42.413Z,2026-07-02T22:07:42.413Z
3229,node/7206255942,node,POINT(-34.8957815 -8.0652244),,,bicycle_parking,stands,6,,no,,,,,,,,,,,,,,,,,,,,,2026-07-02T22:07:42.413Z,2026-07-02T22:07:42.413Z
3230,node/7206255943,node,POINT(-34.8946145 -8.064104),,,bicycle_parking,stands,4,,no,,,,,,,,,,,,,,,,,,,,,2026-07-02T22:07:42.413Z,2026-07-02T22:07:42.413Z
3231,node/7206255944,node,POINT(-34.8944844 -8.0640562),,,bicycle_parking,stands,4,,no,,,,,,,,,,,,,,,,,,,,,2026-07-02T22:07:42.413Z,2026-07-02T22:07:42.413Z
3232,node/7206255945,node,POINT(-34.8937543 -8.0656248),,,bicycle_parking,stands,6,,no,,,,,,,,,,,,,,,,,,,,,2026-07-02T22:07:42.413Z,2026-07-02T22:07:42.413Z
3233,node/7206255946,node,POINT(-34.9040629 -8.0466061),,,bicycle_parking,stands,10,,no,,,,,,,,,,,,,,,,,,,,,2026-07-02T22:07:42.413Z,2026-07-02T22:07:42.413Z
3234,node/7206255947,node,POINT(-34.9040936 -8.0359854),,,bicycle_parking,stands,10,,no,,,,,,,,,,,,,,,,,,,,,2026-07-02T22:07:42.413Z,2026-07-02T22:07:42.413Z
3235,node/7206255948,node,POINT(-34.8772143 -8.0604911),,,bicycle_parking,stands,10,,no,,,,,,,,,,,,,,,,,,,,,2026-07-02T22:07:42.413Z,2026-07-02T22:07:42.413Z
3236,node/7206255949,node,POINT(-34.8710321 -8.0615194),,,bicycle_parking,stands,10,,no,,,,,,,,,,,,,,,,,,,,,2026-07-02T22:07:42.413Z,2026-07-02T22:07:42.413Z
3237,node/7206255950,node,POINT(-34.8731067 -8.064658),,,bicycle_parking,stands,10,,no,,,,,,,,,,,,,,,,,,,,,2026-07-02T22:07:42.413Z,2026-07-02T22:07:42.413Z
3238,node/7213176418,node,POINT(-49.1780887 -26.7399887),,,bicycle_parking,ground_slots,2,customers,no,no,,,,,,,,,,,,,,,,,,,,2026-07-02T22:07:42.413Z,2026-07-02T22:07:42.413Z
3239,node/7231335265,node,POINT(-38.4231749 -12.9690688),,,bicycle_parking,,,,no,no,,,Smart Fit,,,,,,,,,,,,,,,,,2026-07-02T22:07:42.413Z,2026-07-02T22:07:42.413Z
3240,node/7231339006,node,POINT(-38.4329551 -12.9852832),,,bicycle_parking,,,private,no,no,,,Centro de Convenções,,,,,,,,,,,,,,,,,2026-07-02T22:07:42.413Z,2026-07-02T22:07:42.413Z
3241,node/7237120015,node,POINT(-34.878412 -7.1187512),,,bicycle_parking,,,,,,,,,,,,,,,,,,,,,Esri; survey,,,,2026-07-02T22:07:42.413Z,2026-07-02T22:07:42.413Z
3242,node/7237212114,node,POINT(-34.8811915 -7.1210661),,,bicycle_parking,wall_loops,30,,no,,,,,,,,,,,,,,,,,survey,,,,2026-07-02T22:07:42.413Z,2026-07-02T22:07:42.413Z
3243,node/7241266356,node,POINT(-32.4259088 -3.8494109),,,bicycle_parking,building,5,yes,,no,,,,,,,,,,,,,,,,,,,,2026-07-02T22:07:42.413Z,2026-07-02T22:07:42.413Z
3244,node/7248461481,node,POINT(-34.872331 -8.0588715),,,bicycle_parking,stands,20,,,,,,,,,,,,,,,,,,,,,,,2026-07-02T22:07:42.413Z,2026-07-02T22:07:42.413Z
3245,node/7248461482,node,POINT(-34.8717749 -8.0589966),,,bicycle_parking,stands,20,,,,,,,,,,,,,,,,,,,,,,,2026-07-02T22:07:42.413Z,2026-07-02T22:07:42.413Z
3246,node/7258241646,node,POINT(-34.8716589 -8.061846),,,bicycle_parking,stands,12,,,,,,,,,,,,,,,,,,,,,,,2026-07-02T22:07:42.413Z,2026-07-02T22:07:42.413Z
3247,node/7258241647,node,POINT(-34.8719089 -8.0617926),,,bicycle_parking,stands,12,,no,,,,,,,,,,,,,,,,,,,,,2026-07-02T22:07:42.413Z,2026-07-02T22:07:42.413Z
3248,node/7258245175,node,POINT(-34.8805384 -8.0576397),,,bicycle_parking,stands,10,,,,,,,,,,,,,,,,,,,,,,,2026-07-02T22:07:42.413Z,2026-07-02T22:07:42.413Z
3249,node/7258245176,node,POINT(-34.8815322 -8.0709069),,,bicycle_parking,stands,10,,,,,,,,,,,,,,,,,,,,,,,2026-07-02T22:07:42.413Z,2026-07-02T22:07:42.413Z
3250,node/7258245177,node,POINT(-34.88476 -8.0729486),,,bicycle_parking,stands,10,,,,,,,,,,,,,,,,,,,,,,,2026-07-02T22:07:42.413Z,2026-07-02T22:07:42.413Z
3251,node/7258245178,node,POINT(-34.8727598 -8.0537773),,,bicycle_parking,stands,20,,,,,,,,,,,,,,,,,,,,,,,2026-07-02T22:07:42.413Z,2026-07-02T22:07:42.413Z
3252,node/7258245179,node,POINT(-34.9010015 -8.1318319),,,bicycle_parking,stands,10,,,,,,,,,,,,,,,,,,,,,,,2026-07-02T22:07:42.413Z,2026-07-02T22:07:42.413Z
3253,node/7258245180,node,POINT(-34.9057682 -8.0372824),,,bicycle_parking,stands,10,,,,,,,,,,,,,,,,,,,,,,,2026-07-02T22:07:42.413Z,2026-07-02T22:07:42.413Z
3254,node/7258245181,node,POINT(-34.9115289 -8.0288304),,,bicycle_parking,stands,10,,,,,,,,,,,,,,,,,,,,,,,2026-07-02T22:07:42.413Z,2026-07-02T22:07:42.413Z
3255,node/7258245182,node,POINT(-34.8825237 -8.0941709),,,bicycle_parking,stands,8,,no,,,,,,,,,,,,,,,,,,,,,2026-07-02T22:07:42.413Z,2026-07-02T22:07:42.413Z
3256,node/7258245183,node,POINT(-34.8833811 -8.0976859),,,bicycle_parking,stands,8,,no,,,,,,,,,,,,,,,,,,,,,2026-07-02T22:07:42.413Z,2026-07-02T22:07:42.413Z
3257,node/7258245184,node,POINT(-34.8842797 -8.1000736),,,bicycle_parking,stands,8,,no,,,,,,,,,,,,,,,,,,,,,2026-07-02T22:07:42.413Z,2026-07-02T22:07:42.413Z
3258,node/7258254785,node,POINT(-34.8920562 -8.1154589),,,bicycle_parking,stands,8,,,,,,,,,,,,,,,,,,,,,,,2026-07-02T22:07:42.413Z,2026-07-02T22:07:42.413Z
3259,node/7258254786,node,POINT(-34.8940574 -8.1187668),,,bicycle_parking,stands,8,,,,,,,,,,,,,,,,,,,,,,,2026-07-02T22:07:42.413Z,2026-07-02T22:07:42.413Z
3260,node/7258254787,node,POINT(-34.8958598 -8.1220423),,,bicycle_parking,stands,8,,,,,,,,,,,,,,,,,,,,,,,2026-07-02T22:07:42.413Z,2026-07-02T22:07:42.413Z
3261,node/7258254788,node,POINT(-34.9001404 -8.1328623),,,bicycle_parking,stands,8,,no,,,,,,,,,,,,,,,,,,,,,2026-07-02T22:07:42.413Z,2026-07-02T22:07:42.413Z
3262,node/7258254789,node,POINT(-34.9035756 -8.1422658),,,bicycle_parking,stands,8,,no,,,,,,,,,,,,,,,,,,,,,2026-07-02T22:07:42.413Z,2026-07-02T22:07:42.413Z
3263,node/7258254790,node,POINT(-34.9052878 -8.1457456),,,bicycle_parking,stands,2,,,,,,,,,,,,,,,,,,,,,,,2026-07-02T22:07:42.413Z,2026-07-02T22:07:42.413Z
3264,node/7258301109,node,POINT(-34.9043845 -8.0411193),,,bicycle_parking,stands,24,,,,,,,,,,,,,,,,,,,,,,,2026-07-02T22:07:42.413Z,2026-07-02T22:07:42.413Z
3265,node/7258641636,node,POINT(-34.8721727 -8.0604966),,,bicycle_parking,stands,16,,,,,,,,,,,,,,,,,,,,,,,2026-07-02T22:07:42.413Z,2026-07-02T22:07:42.413Z
3266,node/7258969496,node,POINT(-34.9171208 -8.0412605),,,bicycle_parking,stands,50,,no,,,,,,,,,,,,,,,,,,,,,2026-07-02T22:07:42.413Z,2026-07-02T22:07:42.413Z
3267,node/7258969497,node,POINT(-34.9332813 -8.0214506),,,bicycle_parking,stands,30,,,,,,,,,,,,,,,,,,,,,,,2026-07-02T22:07:42.413Z,2026-07-02T22:07:42.413Z
3268,node/7278447944,node,POINT(-48.4994385 -27.1907634),,,bicycle_parking,,,,,,,,,,,,,,,,,,,,,,,,,2026-07-02T22:07:42.413Z,2026-07-02T22:07:42.413Z
3269,node/7289201242,node,POINT(-47.8812336 -21.979092),,,bicycle_parking,stands,16,yes,no,no,,,UFSCar,,,,,,,,,,,,,,,,,2026-07-02T22:07:42.413Z,2026-07-02T22:07:42.413Z
3270,node/7289206610,node,POINT(-47.8828892 -21.9846918),,,bicycle_parking,stands,10,yes,no,no,,,UFSCar,,,,,,,,,,,,,,,,,2026-07-02T22:07:42.413Z,2026-07-02T22:07:42.413Z
3271,node/7289206611,node,POINT(-47.8829118 -21.9847915),,,bicycle_parking,stands,6,yes,no,no,,,UFSCar,,,,,,,,,,,,,,,,,2026-07-02T22:07:42.413Z,2026-07-02T22:07:42.413Z
3272,node/7306672420,node,POINT(-40.3495981 -20.4442918),,,bicycle_parking,,,,,,,,,,,,,,,,,,,,,,,,,2026-07-02T22:07:42.413Z,2026-07-02T22:07:42.413Z
3273,node/7347416229,node,POINT(-54.6022347 -20.5264309),Bicicletário Supermercado Pires,,bicycle_parking,rack,5,yes,yes,no,,,Supermercado Pires,,,,,,,,,,,,,,,,,2026-07-02T22:07:42.413Z,2026-07-02T22:07:42.413Z
3274,node/7370270498,node,POINT(-34.8890073 -8.0586149),,,bicycle_parking,,,private,no,no,,,,,,,,,,,,,,,,,,,,2026-07-02T22:07:42.413Z,2026-07-02T22:07:42.413Z
3275,node/7370433513,node,POINT(-47.8839767 -21.9824467),,,bicycle_parking,stands,16,,,,,,,,,,,,,,,,,,,,,,,2026-07-02T22:07:42.413Z,2026-07-02T22:07:42.413Z
3276,node/7370438604,node,POINT(-47.8846142 -21.9824701),,,bicycle_parking,stands,16,,,,,,,,,,,,,,,,,,,,,,,2026-07-02T22:07:42.413Z,2026-07-02T22:07:42.413Z
3277,node/7370443309,node,POINT(-47.88077 -21.981975),,,bicycle_parking,stands,20,,,,,,,,,,,,,,,,,,,,,,,2026-07-02T22:07:42.413Z,2026-07-02T22:07:42.413Z
3278,node/7370444962,node,POINT(-47.8794675 -21.9822937),,,bicycle_parking,stands,16,,,,,,,,,,,,,,,,,,,,,,,2026-07-02T22:07:42.413Z,2026-07-02T22:07:42.413Z
3279,node/7370450302,node,POINT(-47.8828633 -21.9832761),,,bicycle_parking,stands,8,,no,,,,,,,,,,,,,,,,,,,,,2026-07-02T22:07:42.413Z,2026-07-02T22:07:42.413Z
3280,node/7370451695,node,POINT(-47.8829558 -21.984813),,,bicycle_parking,stands,10,,,,,,,,,,,,,,,,,,,,,,,2026-07-02T22:07:42.413Z,2026-07-02T22:07:42.413Z
3281,node/7370451933,node,POINT(-47.8827849 -21.982788),,,bicycle_parking,stands,20,,no,,,,,,,,,,,,,,,,,,,,,2026-07-02T22:07:42.413Z,2026-07-02T22:07:42.413Z
3282,node/7370458470,node,POINT(-47.8822071 -21.9823327),,,bicycle_parking,wall_loops,6,,no,,,,,,,,,,,,,,,,,,,,,2026-07-02T22:07:42.413Z,2026-07-02T22:07:42.413Z
3283,node/7468388066,node,POINT(-43.9183473 -19.8706347),,,bicycle_parking,,,,,,,,,,,,,,,,,,,,,,,,,2026-07-02T22:07:42.413Z,2026-07-02T22:07:42.413Z
3284,node/7486063384,node,POINT(-38.4858369 -13.0130918),,,bicycle_parking,stands,12,yes,no,no,,,,,,,,,,,,,,,,,,,,2026-07-02T22:07:42.413Z,2026-07-02T22:07:42.413Z
3285,node/7554411717,node,POINT(-47.341033 -23.3872133),,,bicycle_parking,,,,,,,,Subprefeitura Regional do Pirapitingui,,,,,,,,,,,,,,,,,2026-07-02T22:07:42.413Z,2026-07-02T22:07:42.413Z
3286,node/7561450944,node,POINT(-45.8865607 -23.1856279),,,bicycle_parking,,10,,,,,,,,,,,,,,,,,,,,,,,2026-07-02T22:07:42.413Z,2026-07-02T22:07:42.413Z
3287,node/7619917449,node,POINT(-46.6966323 -23.5597318),,,bicycle_parking,stands,20,yes,no,no,,,,,,,,,,,,,,,,,,,,2026-07-02T22:07:42.413Z,2026-07-02T22:07:42.413Z
3288,node/7642850527,node,POINT(-38.4735081 -12.9044971),,,bicycle_parking,building,,,,,,,,,,,,,,,,,,,,,,,,2026-07-02T22:07:42.413Z,2026-07-02T22:07:42.413Z
3289,node/7642850539,node,POINT(-38.4733439 -12.9048662),,,bicycle_parking,building,,,,,,,,,,,,,,,,,,,,,,,,2026-07-02T22:07:42.413Z,2026-07-02T22:07:42.413Z
3290,node/7642852692,node,POINT(-38.4738142 -12.9047793),,,bicycle_parking,building,,,,,,,,,,,,,,,,,,,,,,,,2026-07-02T22:07:42.413Z,2026-07-02T22:07:42.413Z
3291,node/7642891613,node,POINT(-38.4730256 -12.9055164),,,bicycle_parking,building,,,,,,,,,,,,,,,,,,,,,,,,2026-07-02T22:07:42.413Z,2026-07-02T22:07:42.413Z
3292,node/7689627081,node,POINT(-47.4719893 -23.4833023),,,bicycle_parking,,,,,,,,,,,,,,,,,,,,,,,,,2026-07-02T22:07:42.413Z,2026-07-02T22:07:42.413Z
3293,node/7696107974,node,POINT(-52.2275926 -31.7556798),,,bicycle_parking,,,,,,,,,,,,,,,,,,,,,,,,,2026-07-02T22:07:42.413Z,2026-07-02T22:07:42.413Z
3294,node/7697626794,node,POINT(-52.2281602 -31.7597486),,,bicycle_parking,,,,,,,,,,,,,,,,,,,,,,,,,2026-07-02T22:07:42.413Z,2026-07-02T22:07:42.413Z
3295,node/7747072761,node,POINT(-49.1723698 -26.7406598),,,bicycle_parking,ground_slots,5,,no,,,,,,,,,,,,,,,,,,,,,2026-07-02T22:07:42.413Z,2026-07-02T22:07:42.413Z
3296,node/7795553591,node,POINT(-35.0045624 -8.5046873),,,bicycle_parking,,,,,,,,,,,,,,Rua da Esperança,,,,,,,,,,,2026-07-02T22:07:42.413Z,2026-07-02T22:07:42.413Z
3297,node/7796710287,node,POINT(-46.6804319 -23.5622579),,,bicycle_parking,,4,customers,no,no,,,,,,,,,,,,,,,,,,,,2026-07-02T22:07:42.413Z,2026-07-02T22:07:42.413Z
3298,node/7814348336,node,POINT(-51.129529 -30.0421842),Bicicletário,,bicycle_parking,yes,,,,,,,,,,,,,,,,,,,,,,,,2026-07-02T22:07:42.413Z,2026-07-02T22:07:42.413Z
3299,node/7814348337,node,POINT(-51.1297495 -30.0419131),Bicicletário,,bicycle_parking,yes,,,,,,,,,,,,,,,,,,,,,,,,2026-07-02T22:07:42.413Z,2026-07-02T22:07:42.413Z
3300,node/7830019820,node,POINT(-44.1883921 -22.5315449),,,bicycle_parking,,,,,,,,,,,,,,,,,,,,,,,,,2026-07-02T22:07:42.413Z,2026-07-02T22:07:42.413Z
3301,node/7830019821,node,POINT(-44.1778018 -22.5410889),,,bicycle_parking,,,,,,,,,,,,,,,,,,,,,,,,,2026-07-02T22:07:42.424Z,2026-07-02T22:07:42.424Z
3302,node/7838125834,node,POINT(-54.6647662 -30.9800961),,,bicycle_parking,,10,,,,,,,,,,,,,,,,,,,,,,,2026-07-02T22:07:42.424Z,2026-07-02T22:07:42.424Z
3303,node/7841871503,node,POINT(-52.1928733 -29.6105986),,,bicycle_parking,,,,,,,,,,,,,,,,,,,,,,,,,2026-07-02T22:07:42.424Z,2026-07-02T22:07:42.424Z
3304,node/7843759429,node,POINT(-41.9287784 -22.7703615),,,bicycle_parking,,,,,,,,,,,,,,,,,,,,,,,,,2026-07-02T22:07:42.424Z,2026-07-02T22:07:42.424Z
3305,node/7845413355,node,POINT(-35.2272932 -5.824669),,,bicycle_parking,building,,,yes,no,,,,,,,,,,,,,,,,,,,,2026-07-02T22:07:42.424Z,2026-07-02T22:07:42.424Z
3306,node/7845413364,node,POINT(-35.2284178 -5.8251529),,,bicycle_parking,building,,,,,,,,,,,,,,,,,,,,,,,,2026-07-02T22:07:42.424Z,2026-07-02T22:07:42.424Z
3307,node/7855743364,node,POINT(-40.8538782 -19.2234386),,,bicycle_parking,building,,,,,,,,,,,,,,,,,,,,,,,,2026-07-02T22:07:42.424Z,2026-07-02T22:07:42.424Z
3308,node/7866681141,node,POINT(-40.2974044 -20.3532295),,,bicycle_parking,stands,,customers,yes,no,,,,,,,,,,,,,,,,,,,,2026-07-02T22:07:42.424Z,2026-07-02T22:07:42.424Z
3309,node/7877004670,node,POINT(-38.468835 -12.9924306),,,bicycle_parking,stands,14,yes,no,no,,,,,,,,,,,,,,,,,,,,2026-07-02T22:07:42.424Z,2026-07-02T22:07:42.424Z
3310,node/7900669345,node,POINT(-38.4614717 -12.9965318),,,bicycle_parking,stands,8,yes,no,no,,,,,,,,,,,,,,,,,,,,2026-07-02T22:07:42.424Z,2026-07-02T22:07:42.424Z
3311,node/7918391602,node,POINT(-48.5437391 -27.5811426),,Bicicletário 1 da Praça Governador Celso Ramos,bicycle_parking,wall_loops,3,,no,no,,,,,,,,,,,,,24/7,,,,,,,2026-07-02T22:07:42.424Z,2026-07-02T22:07:42.424Z
3312,node/7920956514,node,POINT(-38.4692397 -12.9915031),,,bicycle_parking,wall_loops,4,,yes,no,,,Colégio São Paulo,,,,,,,,,,,,,,,,,2026-07-02T22:07:42.424Z,2026-07-02T22:07:42.424Z
3313,node/7920956529,node,POINT(-38.4672738 -12.9911601),,,bicycle_parking,wall_loops,,,no,no,,,SmartFit,,,,,,,,,,,,,,,,,2026-07-02T22:07:42.424Z,2026-07-02T22:07:42.424Z
3314,node/7949550104,node,POINT(-49.2798486 -16.7439844),,,bicycle_parking,,,,,,,,,,,,,,,,,,,,,,,,,2026-07-02T22:07:42.424Z,2026-07-02T22:07:42.424Z
3315,node/7966822180,node,POINT(-38.5396254 -3.7815089),,,bicycle_parking,stands,,customers,no,no,,,,,,,,,,,,,,,,,,,,2026-07-02T22:07:42.424Z,2026-07-02T22:07:42.424Z
3316,node/8117120839,node,POINT(-46.6102579 -23.4896528),,,bicycle_parking,,1,,,,,,,,,,,,,,,,,,,,,,,2026-07-02T22:07:42.424Z,2026-07-02T22:07:42.424Z
3317,node/8122546017,node,POINT(-48.4013499 -1.3575721),Impacto Moto Bike,,bicycle_parking,,,,,,,,,,,,,,,,,,,,,,,,,2026-07-02T22:07:42.424Z,2026-07-02T22:07:42.424Z
3318,node/8130774198,node,POINT(-47.8417224 -23.0570515),,,bicycle_parking,stands,6,yes,no,no,,,Prefeitura Municipal de Laranjal Paulista,,,,,,,,,,,,,,,,,2026-07-02T22:07:42.424Z,2026-07-02T22:07:42.424Z
3319,node/8133832046,node,POINT(-43.1788965 -22.9369981),,,bicycle_parking,stands,10,,no,,,,,,,,,,,,,,,,,,,,,2026-07-02T22:07:42.424Z,2026-07-02T22:07:42.424Z
3320,node/8146260442,node,POINT(-51.9392025 -23.3998444),,,bicycle_parking,wall_loops,qppp,yes,no,,,,,,,,,,,,,,,,,,,,,2026-07-02T22:07:42.424Z,2026-07-02T22:07:42.424Z
3321,node/8175433492,node,POINT(-40.3304051 -20.425109),,,bicycle_parking,wall_loops,44,customers,yes,no,,,,,,,,,,,,,,,,,,,,2026-07-02T22:07:42.424Z,2026-07-02T22:07:42.424Z
3322,node/8222972070,node,POINT(-38.4682357 -13.0126069),,,bicycle_parking,stands,18,,,,,,,,,,,,,,,,,,,,,,,2026-07-02T22:07:42.424Z,2026-07-02T22:07:42.424Z
3323,node/8222972071,node,POINT(-38.4686561 -13.0130081),,,bicycle_parking,stands,18,,,,,,,,,,,,,,,,,,,,,,,2026-07-02T22:07:42.424Z,2026-07-02T22:07:42.424Z
3324,node/8222972073,node,POINT(-38.4678192 -13.0120768),,,bicycle_parking,stands,18,,,,,,,,,,,,,,,,,,,,,,,2026-07-02T22:07:42.424Z,2026-07-02T22:07:42.424Z
3325,node/8222972094,node,POINT(-38.4703459 -13.0142729),,,bicycle_parking,stands,18,,no,,,,,,,,,,,,,,,,,,,,,2026-07-02T22:07:42.424Z,2026-07-02T22:07:42.424Z
3326,node/8245088157,node,POINT(-38.471983 -13.0137033),,,bicycle_parking,stands,22,yes,no,no,,,,,,,,,,,,,,,,,,,,2026-07-02T22:07:42.424Z,2026-07-02T22:07:42.424Z
3327,node/8246276228,node,POINT(-47.3998553 -23.4991612),,,bicycle_parking,,,customers,no,,,,,,,,,,,,,,,,,,,,,2026-07-02T22:07:42.424Z,2026-07-02T22:07:42.424Z
3328,node/8262537075,node,POINT(-38.4612702 -13.0012601),,,bicycle_parking,wall_loops,2,,no,,,,Drogasil,,,,,,,,,,,,,,,,,2026-07-02T22:07:42.424Z,2026-07-02T22:07:42.424Z
3329,node/8264120579,node,POINT(-47.9015729 -15.8091433),Loca,,bicycle_parking,,,,,,,,,,,,,,,,,,,,,,,,,2026-07-02T22:07:42.424Z,2026-07-02T22:07:42.424Z
3330,node/8271497117,node,POINT(-38.0131624 -12.5781231),,,bicycle_parking,,,,,,,,,,,,,,,,,,,,,,,,,2026-07-02T22:07:42.424Z,2026-07-02T22:07:42.424Z
3331,node/8278561199,node,POINT(-46.704977 -23.5722629),,,bicycle_parking,stands,1,yes,no,no,,,,,,,,,,,,,,,,,,,,2026-07-02T22:07:42.424Z,2026-07-02T22:07:42.424Z
3332,node/8278561200,node,POINT(-46.7051946 -23.5721933),,,bicycle_parking,stands,1,yes,no,no,,,,,,,,,,,,,,,,,,,,2026-07-02T22:07:42.424Z,2026-07-02T22:07:42.424Z
3333,node/8278625027,node,POINT(-46.7071618 -23.5715651),,,bicycle_parking,stands,1,yes,no,no,,,,,,,,,,,,,,,,,,,,2026-07-02T22:07:42.424Z,2026-07-02T22:07:42.424Z
3334,node/8278944240,node,POINT(-48.5578737 -27.5886375),,,bicycle_parking,wall_loops,5,yes,no,no,,,Droga Raia,,,,concrete,,,,,,,,,,,,,2026-07-02T22:07:42.424Z,2026-07-02T22:07:42.424Z
3335,node/8285041631,node,POINT(-42.8139386 -5.0882279),Bicecletário de Teresina,,bicycle_parking,building,,,yes,no,,,PMT,,,,,,,,,,,,,,,,,2026-07-02T22:07:42.424Z,2026-07-02T22:07:42.424Z
3336,node/8334259492,node,POINT(-38.5311207 -3.7272405),,,bicycle_parking,stands,20,yes,no,no,,,,,,,,,,,,,,,,,,,,2026-07-02T22:07:42.424Z,2026-07-02T22:07:42.424Z
3337,node/8334727062,node,POINT(-38.3208729 -12.7054241),,,bicycle_parking,stands,10,,,,,,,,,,,,,,,,,,,,,,,2026-07-02T22:07:42.424Z,2026-07-02T22:07:42.424Z
3338,node/8356905185,node,POINT(-49.2313253 -25.5598368),,,bicycle_parking,stands,30,,no,no,,,,,,,,,,,,,,,,,,,,2026-07-02T22:07:42.424Z,2026-07-02T22:07:42.424Z
3339,node/8400754016,node,POINT(-38.4589696 -13.0026344),,,bicycle_parking,stands,4,customers,no,no,,,McDonald's,,,,,,,,,,,,,,,,,2026-07-02T22:07:42.424Z,2026-07-02T22:07:42.424Z
3340,node/8441780556,node,POINT(-49.1737251 -26.7326651),,,bicycle_parking,ground_slots,4,customers,,no,,,,,,,,,,,,,,,,,,,,2026-07-02T22:07:42.424Z,2026-07-02T22:07:42.424Z
3341,node/8446003325,node,POINT(-48.5768741 -27.6050656),,,bicycle_parking,wall_loops,12,,no,no,,,,,,,,,,,,,,,,,,,,2026-07-02T22:07:42.424Z,2026-07-02T22:07:42.424Z
3342,node/8484163293,node,POINT(-48.46546 -1.4273525),,,bicycle_parking,stands,3,,no,no,,,,,,,,,,,,,,,,,,,,2026-07-02T22:07:42.424Z,2026-07-02T22:07:42.424Z
3343,node/8484239760,node,POINT(-48.4891817 -1.4613074),,Gratuito para clientes,bicycle_parking,stands,18,yes,yes,no,,,,,,,,,,,,,,,,,,,,2026-07-02T22:07:42.424Z,2026-07-02T22:07:42.424Z
3344,node/8484254530,node,POINT(-48.4623694 -1.4305893),,Gratuito | Com ficha de Controle,bicycle_parking,stands,24,,,yes,,,,,,,,,,,,,,,,,,,,2026-07-02T22:07:42.424Z,2026-07-02T22:07:42.424Z
3345,node/8484264152,node,POINT(-48.4840306 -1.4343092),,Exclusivo para clientes | Com Ficha de Controle,bicycle_parking,stands,39,yes,yes,no,,,,,,,,,,,,,,,,,,,,2026-07-02T22:07:42.424Z,2026-07-02T22:07:42.424Z
3346,node/8484276681,node,POINT(-48.4838478 -1.4715422),,,bicycle_parking,stands,15,yes,,,,,,,,,,,,,,,,,,,,,,2026-07-02T22:07:42.424Z,2026-07-02T22:07:42.424Z
3347,node/8484276937,node,POINT(-48.4875935 -1.447898),,24h | Sem ficha de controle,bicycle_parking,stands,18,yes,yes,,,,,,,,,,,,,,,,,,,,,2026-07-02T22:07:42.424Z,2026-07-02T22:07:42.424Z
3348,node/8484296064,node,POINT(-48.4764404 -1.4654204),,,bicycle_parking,stands,18,,,,,,,,,,,,,,,,,,,,,,,2026-07-02T22:07:42.424Z,2026-07-02T22:07:42.424Z
3349,node/8484296065,node,POINT(-48.4763629 -1.4666153),,,bicycle_parking,stands,10,yes,yes,no,,,,,,,,,,,,,,,,,,,,2026-07-02T22:07:42.424Z,2026-07-02T22:07:42.424Z
3350,node/8484296066,node,POINT(-48.4944133 -1.45866),,,bicycle_parking,stands,,yes,yes,yes,,,,,,,,,,,,,,,,,,,,2026-07-02T22:07:42.424Z,2026-07-02T22:07:42.424Z
3351,node/8484323956,node,POINT(-48.4683379 -1.4673578),,,bicycle_parking,stands,10,permissive,yes,,,,,,,,,,,,,,,,,,,,,2026-07-02T22:07:42.424Z,2026-07-02T22:07:42.424Z
3352,node/8508502821,node,POINT(-48.9470229 -16.2755559),,,bicycle_parking,building,,,,,,,,,,,,,,,,,,,,,,,,2026-07-02T22:07:42.424Z,2026-07-02T22:07:42.424Z
3353,node/8508502822,node,POINT(-48.9469659 -16.2754044),,,bicycle_parking,building,,,,,,,,,,,,,,,,,,,,,,,,2026-07-02T22:07:42.424Z,2026-07-02T22:07:42.424Z
3354,node/8508502823,node,POINT(-48.9469304 -16.2753023),,,bicycle_parking,building,,,,,,,,,,,,,,,,,,,,,,,,2026-07-02T22:07:42.424Z,2026-07-02T22:07:42.424Z
3355,node/8508502824,node,POINT(-48.9468927 -16.2751996),,,bicycle_parking,building,,,,,,,,,,,,,,,,,,,,,,,,2026-07-02T22:07:42.424Z,2026-07-02T22:07:42.424Z
3356,node/8508502825,node,POINT(-48.9468588 -16.2751108),,,bicycle_parking,building,,,,,,,,,,,,,,,,,,,,,,,,2026-07-02T22:07:42.424Z,2026-07-02T22:07:42.424Z
3357,node/8508502830,node,POINT(-48.9469172 -16.2755924),,,bicycle_parking,building,,,,,,,,,,,,,,,,,,,,,,,,2026-07-02T22:07:42.424Z,2026-07-02T22:07:42.424Z
3358,node/8508502831,node,POINT(-48.9468602 -16.2754408),,,bicycle_parking,building,,,,,,,,,,,,,,,,,,,,,,,,2026-07-02T22:07:42.424Z,2026-07-02T22:07:42.424Z
3359,node/8508502832,node,POINT(-48.9468247 -16.2753387),,,bicycle_parking,building,,,,,,,,,,,,,,,,,,,,,,,,2026-07-02T22:07:42.424Z,2026-07-02T22:07:42.424Z
3360,node/8508502833,node,POINT(-48.946787 -16.275236),,,bicycle_parking,building,,,,,,,,,,,,,,,,,,,,,,,,2026-07-02T22:07:42.424Z,2026-07-02T22:07:42.424Z
3361,node/8508502834,node,POINT(-48.9467531 -16.2751472),,,bicycle_parking,building,,,,,,,,,,,,,,,,,,,,,,,,2026-07-02T22:07:42.424Z,2026-07-02T22:07:42.424Z
3362,node/8508502839,node,POINT(-48.9466883 -16.2756731),,,bicycle_parking,building,,,,,,,,,,,,,,,,,,,,,,,,2026-07-02T22:07:42.424Z,2026-07-02T22:07:42.424Z
3363,node/8508502840,node,POINT(-48.9466313 -16.2755215),,,bicycle_parking,building,,,,,,,,,,,,,,,,,,,,,,,,2026-07-02T22:07:42.424Z,2026-07-02T22:07:42.424Z
3364,node/8508502841,node,POINT(-48.9465959 -16.2754194),,,bicycle_parking,building,,,,,,,,,,,,,,,,,,,,,,,,2026-07-02T22:07:42.424Z,2026-07-02T22:07:42.424Z
3365,node/8508502842,node,POINT(-48.9465582 -16.2753167),,,bicycle_parking,building,,,,,,,,,,,,,,,,,,,,,,,,2026-07-02T22:07:42.424Z,2026-07-02T22:07:42.424Z
3366,node/8508502843,node,POINT(-48.9465243 -16.2752279),,,bicycle_parking,building,,,,,,,,,,,,,,,,,,,,,,,,2026-07-02T22:07:42.424Z,2026-07-02T22:07:42.424Z
3367,node/8508502848,node,POINT(-48.9465891 -16.2756999),,,bicycle_parking,building,,,,,,,,,,,,,,,,,,,,,,,,2026-07-02T22:07:42.424Z,2026-07-02T22:07:42.424Z
3368,node/8508502849,node,POINT(-48.9465321 -16.2755484),,,bicycle_parking,building,,,,,,,,,,,,,,,,,,,,,,,,2026-07-02T22:07:42.424Z,2026-07-02T22:07:42.424Z
3369,node/8508502850,node,POINT(-48.9464967 -16.2754463),,,bicycle_parking,building,,,,,,,,,,,,,,,,,,,,,,,,2026-07-02T22:07:42.424Z,2026-07-02T22:07:42.424Z
3370,node/8508502851,node,POINT(-48.9464589 -16.2753436),,,bicycle_parking,building,,,,,,,,,,,,,,,,,,,,,,,,2026-07-02T22:07:42.424Z,2026-07-02T22:07:42.424Z
3371,node/8508502852,node,POINT(-48.946425 -16.2752548),,,bicycle_parking,building,,,,,,,,,,,,,,,,,,,,,,,,2026-07-02T22:07:42.424Z,2026-07-02T22:07:42.424Z
3372,node/8508502857,node,POINT(-48.9463603 -16.2757795),,,bicycle_parking,building,,,,,,,,,,,,,,,,,,,,,,,,2026-07-02T22:07:42.424Z,2026-07-02T22:07:42.424Z
3373,node/8508502858,node,POINT(-48.9463033 -16.2756279),,,bicycle_parking,building,,,,,,,,,,,,,,,,,,,,,,,,2026-07-02T22:07:42.424Z,2026-07-02T22:07:42.424Z
3374,node/8508502859,node,POINT(-48.9462679 -16.2755259),,,bicycle_parking,building,,,,,,,,,,,,,,,,,,,,,,,,2026-07-02T22:07:42.424Z,2026-07-02T22:07:42.424Z
3375,node/8508502860,node,POINT(-48.9462301 -16.2754231),,,bicycle_parking,building,,,,,,,,,,,,,,,,,,,,,,,,2026-07-02T22:07:42.424Z,2026-07-02T22:07:42.424Z
3376,node/8508502861,node,POINT(-48.9461962 -16.2753344),,,bicycle_parking,building,,,,,,,,,,,,,,,,,,,,,,,,2026-07-02T22:07:42.424Z,2026-07-02T22:07:42.424Z
3377,node/8508502866,node,POINT(-48.9462587 -16.2757975),,,bicycle_parking,building,,,,,,,,,,,,,,,,,,,,,,,,2026-07-02T22:07:42.424Z,2026-07-02T22:07:42.424Z
3378,node/8508502867,node,POINT(-48.9462017 -16.2756459),,,bicycle_parking,building,,,,,,,,,,,,,,,,,,,,,,,,2026-07-02T22:07:42.424Z,2026-07-02T22:07:42.424Z
3379,node/8508502868,node,POINT(-48.9461663 -16.2755438),,,bicycle_parking,building,,,,,,,,,,,,,,,,,,,,,,,,2026-07-02T22:07:42.424Z,2026-07-02T22:07:42.424Z
3380,node/8508502869,node,POINT(-48.9461285 -16.2754411),,,bicycle_parking,building,,,,,,,,,,,,,,,,,,,,,,,,2026-07-02T22:07:42.424Z,2026-07-02T22:07:42.424Z
3381,node/8508502870,node,POINT(-48.9460946 -16.2753523),,,bicycle_parking,building,,,,,,,,,,,,,,,,,,,,,,,,2026-07-02T22:07:42.424Z,2026-07-02T22:07:42.424Z
3382,node/8508502875,node,POINT(-48.9460287 -16.2758905),,,bicycle_parking,building,,,,,,,,,,,,,,,,,,,,,,,,2026-07-02T22:07:42.424Z,2026-07-02T22:07:42.424Z
3383,node/8508502876,node,POINT(-48.9459717 -16.2757389),,,bicycle_parking,building,,,,,,,,,,,,,,,,,,,,,,,,2026-07-02T22:07:42.424Z,2026-07-02T22:07:42.424Z
3384,node/8508502877,node,POINT(-48.9459363 -16.2756369),,,bicycle_parking,building,,,,,,,,,,,,,,,,,,,,,,,,2026-07-02T22:07:42.424Z,2026-07-02T22:07:42.424Z
3385,node/8508502878,node,POINT(-48.9458985 -16.2755341),,,bicycle_parking,building,,,,,,,,,,,,,,,,,,,,,,,,2026-07-02T22:07:42.424Z,2026-07-02T22:07:42.424Z
3386,node/8508502879,node,POINT(-48.9458646 -16.2754454),,,bicycle_parking,building,,,,,,,,,,,,,,,,,,,,,,,,2026-07-02T22:07:42.424Z,2026-07-02T22:07:42.424Z
3387,node/8508502884,node,POINT(-48.9459368 -16.2759221),,,bicycle_parking,building,,,,,,,,,,,,,,,,,,,,,,,,2026-07-02T22:07:42.424Z,2026-07-02T22:07:42.424Z
3388,node/8508502885,node,POINT(-48.9458798 -16.2757706),,,bicycle_parking,building,,,,,,,,,,,,,,,,,,,,,,,,2026-07-02T22:07:42.424Z,2026-07-02T22:07:42.424Z
3389,node/8508502886,node,POINT(-48.9458444 -16.2756685),,,bicycle_parking,building,,,,,,,,,,,,,,,,,,,,,,,,2026-07-02T22:07:42.424Z,2026-07-02T22:07:42.424Z
3390,node/8508502887,node,POINT(-48.9458066 -16.2755657),,,bicycle_parking,building,,,,,,,,,,,,,,,,,,,,,,,,2026-07-02T22:07:42.424Z,2026-07-02T22:07:42.424Z
3391,node/8508502888,node,POINT(-48.9457728 -16.275477),,,bicycle_parking,building,,,,,,,,,,,,,,,,,,,,,,,,2026-07-02T22:07:42.424Z,2026-07-02T22:07:42.424Z
3392,node/8508502893,node,POINT(-48.9456282 -16.2753183),,,bicycle_parking,building,,,,,,,,,,,,,,,,,,,,,,,,2026-07-02T22:07:42.424Z,2026-07-02T22:07:42.424Z
3393,node/8508502894,node,POINT(-48.9455712 -16.2751667),,,bicycle_parking,building,,,,,,,,,,,,,,,,,,,,,,,,2026-07-02T22:07:42.424Z,2026-07-02T22:07:42.424Z
3394,node/8508502895,node,POINT(-48.9455358 -16.2750647),,,bicycle_parking,building,,,,,,,,,,,,,,,,,,,,,,,,2026-07-02T22:07:42.424Z,2026-07-02T22:07:42.424Z
3395,node/8508502896,node,POINT(-48.9454981 -16.2749619),,,bicycle_parking,building,,,,,,,,,,,,,,,,,,,,,,,,2026-07-02T22:07:42.424Z,2026-07-02T22:07:42.424Z
3396,node/8508502897,node,POINT(-48.9454771 -16.2749033),,,bicycle_parking,building,,,,,,,,,,,,,,,,,,,,,,,,2026-07-02T22:07:42.424Z,2026-07-02T22:07:42.424Z
3397,node/8508502905,node,POINT(-48.9457312 -16.2752877),,,bicycle_parking,building,,,,,,,,,,,,,,,,,,,,,,,,2026-07-02T22:07:42.424Z,2026-07-02T22:07:42.424Z
3398,node/8508502906,node,POINT(-48.9456742 -16.2751361),,,bicycle_parking,building,,,,,,,,,,,,,,,,,,,,,,,,2026-07-02T22:07:42.424Z,2026-07-02T22:07:42.424Z
3399,node/8508502907,node,POINT(-48.9456387 -16.2750341),,,bicycle_parking,building,,,,,,,,,,,,,,,,,,,,,,,,2026-07-02T22:07:42.424Z,2026-07-02T22:07:42.424Z
3400,node/8508502908,node,POINT(-48.945601 -16.2749313),,,bicycle_parking,building,,,,,,,,,,,,,,,,,,,,,,,,2026-07-02T22:07:42.424Z,2026-07-02T22:07:42.424Z
3401,node/8508502909,node,POINT(-48.9455671 -16.2748426),,,bicycle_parking,building,,,,,,,,,,,,,,,,,,,,,,,,2026-07-02T22:07:42.435Z,2026-07-02T22:07:42.435Z
3402,node/8508502914,node,POINT(-48.9459626 -16.2752164),,,bicycle_parking,building,,,,,,,,,,,,,,,,,,,,,,,,2026-07-02T22:07:42.435Z,2026-07-02T22:07:42.435Z
3403,node/8508502915,node,POINT(-48.9459056 -16.2750648),,,bicycle_parking,building,,,,,,,,,,,,,,,,,,,,,,,,2026-07-02T22:07:42.435Z,2026-07-02T22:07:42.435Z
3404,node/8508502916,node,POINT(-48.9458702 -16.2749627),,,bicycle_parking,building,,,,,,,,,,,,,,,,,,,,,,,,2026-07-02T22:07:42.435Z,2026-07-02T22:07:42.435Z
3405,node/8508502917,node,POINT(-48.9458324 -16.27486),,,bicycle_parking,building,,,,,,,,,,,,,,,,,,,,,,,,2026-07-02T22:07:42.435Z,2026-07-02T22:07:42.435Z
3406,node/8508502918,node,POINT(-48.9457985 -16.2747712),,,bicycle_parking,building,,,,,,,,,,,,,,,,,,,,,,,,2026-07-02T22:07:42.435Z,2026-07-02T22:07:42.435Z
3407,node/8508502923,node,POINT(-48.9460551 -16.2751752),,,bicycle_parking,building,,,,,,,,,,,,,,,,,,,,,,,,2026-07-02T22:07:42.435Z,2026-07-02T22:07:42.435Z
3408,node/8508502924,node,POINT(-48.9459981 -16.2750236),,,bicycle_parking,building,,,,,,,,,,,,,,,,,,,,,,,,2026-07-02T22:07:42.435Z,2026-07-02T22:07:42.435Z
3409,node/8508502925,node,POINT(-48.9459627 -16.2749215),,,bicycle_parking,building,,,,,,,,,,,,,,,,,,,,,,,,2026-07-02T22:07:42.435Z,2026-07-02T22:07:42.435Z
3410,node/8508502926,node,POINT(-48.945925 -16.2748188),,,bicycle_parking,building,,,,,,,,,,,,,,,,,,,,,,,,2026-07-02T22:07:42.435Z,2026-07-02T22:07:42.435Z
3411,node/8508502927,node,POINT(-48.9458911 -16.27473),,,bicycle_parking,building,,,,,,,,,,,,,,,,,,,,,,,,2026-07-02T22:07:42.435Z,2026-07-02T22:07:42.435Z
3412,node/8508502932,node,POINT(-48.9462845 -16.2751056),,,bicycle_parking,building,,,,,,,,,,,,,,,,,,,,,,,,2026-07-02T22:07:42.435Z,2026-07-02T22:07:42.435Z
3413,node/8508502933,node,POINT(-48.9462275 -16.2749541),,,bicycle_parking,building,,,,,,,,,,,,,,,,,,,,,,,,2026-07-02T22:07:42.435Z,2026-07-02T22:07:42.435Z
3414,node/8508502934,node,POINT(-48.946192 -16.274852),,,bicycle_parking,building,,,,,,,,,,,,,,,,,,,,,,,,2026-07-02T22:07:42.435Z,2026-07-02T22:07:42.435Z
3415,node/8508502935,node,POINT(-48.9461543 -16.2747493),,,bicycle_parking,building,,,,,,,,,,,,,,,,,,,,,,,,2026-07-02T22:07:42.435Z,2026-07-02T22:07:42.435Z
3416,node/8508502936,node,POINT(-48.9461204 -16.2746605),,,bicycle_parking,building,,,,,,,,,,,,,,,,,,,,,,,,2026-07-02T22:07:42.435Z,2026-07-02T22:07:42.435Z
3417,node/8508502941,node,POINT(-48.9463902 -16.2750707),,,bicycle_parking,building,,,,,,,,,,,,,,,,,,,,,,,,2026-07-02T22:07:42.435Z,2026-07-02T22:07:42.435Z
3418,node/8508502942,node,POINT(-48.9463332 -16.2749191),,,bicycle_parking,building,,,,,,,,,,,,,,,,,,,,,,,,2026-07-02T22:07:42.435Z,2026-07-02T22:07:42.435Z
3419,node/8508502943,node,POINT(-48.9462978 -16.2748171),,,bicycle_parking,building,,,,,,,,,,,,,,,,,,,,,,,,2026-07-02T22:07:42.435Z,2026-07-02T22:07:42.435Z
3420,node/8508502944,node,POINT(-48.94626 -16.2747143),,,bicycle_parking,building,,,,,,,,,,,,,,,,,,,,,,,,2026-07-02T22:07:42.435Z,2026-07-02T22:07:42.435Z
3421,node/8508502945,node,POINT(-48.9462261 -16.2746256),,,bicycle_parking,building,,,,,,,,,,,,,,,,,,,,,,,,2026-07-02T22:07:42.435Z,2026-07-02T22:07:42.435Z
3422,node/8508502950,node,POINT(-48.9466133 -16.2749972),,,bicycle_parking,building,,,,,,,,,,,,,,,,,,,,,,,,2026-07-02T22:07:42.435Z,2026-07-02T22:07:42.435Z
3423,node/8508502951,node,POINT(-48.9465563 -16.2748456),,,bicycle_parking,building,,,,,,,,,,,,,,,,,,,,,,,,2026-07-02T22:07:42.435Z,2026-07-02T22:07:42.435Z
3424,node/8508502952,node,POINT(-48.9465209 -16.2747436),,,bicycle_parking,building,,,,,,,,,,,,,,,,,,,,,,,,2026-07-02T22:07:42.435Z,2026-07-02T22:07:42.435Z
3425,node/8508502953,node,POINT(-48.9464831 -16.2746408),,,bicycle_parking,building,,,,,,,,,,,,,,,,,,,,,,,,2026-07-02T22:07:42.435Z,2026-07-02T22:07:42.435Z
3426,node/8508502954,node,POINT(-48.9464492 -16.2745521),,,bicycle_parking,building,,,,,,,,,,,,,,,,,,,,,,,,2026-07-02T22:07:42.435Z,2026-07-02T22:07:42.435Z
3427,node/8508502959,node,POINT(-48.9467174 -16.2749648),,,bicycle_parking,building,,,,,,,,,,,,,,,,,,,,,,,,2026-07-02T22:07:42.435Z,2026-07-02T22:07:42.435Z
3428,node/8508502960,node,POINT(-48.9466604 -16.2748132),,,bicycle_parking,building,,,,,,,,,,,,,,,,,,,,,,,,2026-07-02T22:07:42.435Z,2026-07-02T22:07:42.435Z
3429,node/8508502961,node,POINT(-48.9466249 -16.2747111),,,bicycle_parking,building,,,,,,,,,,,,,,,,,,,,,,,,2026-07-02T22:07:42.435Z,2026-07-02T22:07:42.435Z
3430,node/8508502962,node,POINT(-48.9465872 -16.2746084),,,bicycle_parking,building,,,,,,,,,,,,,,,,,,,,,,,,2026-07-02T22:07:42.435Z,2026-07-02T22:07:42.435Z
3431,node/8508502963,node,POINT(-48.9465533 -16.2745196),,,bicycle_parking,building,,,,,,,,,,,,,,,,,,,,,,,,2026-07-02T22:07:42.435Z,2026-07-02T22:07:42.435Z
3432,node/8508502972,node,POINT(-48.9463228 -16.2744135),,,bicycle_parking,building,,,,,,,,,,,,,,,,,,,,,,,,2026-07-02T22:07:42.435Z,2026-07-02T22:07:42.435Z
3433,node/8508502973,node,POINT(-48.946433 -16.2743553),,,bicycle_parking,building,,,,,,,,,,,,,,,,,,,,,,,,2026-07-02T22:07:42.435Z,2026-07-02T22:07:42.435Z
3434,node/8508502974,node,POINT(-48.9461911 -16.2744715),,,bicycle_parking,building,,,,,,,,,,,,,,,,,,,,,,,,2026-07-02T22:07:42.435Z,2026-07-02T22:07:42.435Z
3435,node/8508502975,node,POINT(-48.9461099 -16.274364),,,bicycle_parking,building,,,,,,,,,,,,,,,,,,,,,,,,2026-07-02T22:07:42.435Z,2026-07-02T22:07:42.435Z
3436,node/8508502976,node,POINT(-48.9462417 -16.274306),,,bicycle_parking,building,,,,,,,,,,,,,,,,,,,,,,,,2026-07-02T22:07:42.435Z,2026-07-02T22:07:42.435Z
3437,node/8508502977,node,POINT(-48.9463519 -16.2742478),,,bicycle_parking,building,,,,,,,,,,,,,,,,,,,,,,,,2026-07-02T22:07:42.435Z,2026-07-02T22:07:42.435Z
3438,node/8508502978,node,POINT(-48.9457156 -16.274561),,,bicycle_parking,building,,,,,,,,,,,,,,,,,,,,,,,,2026-07-02T22:07:42.435Z,2026-07-02T22:07:42.435Z
3439,node/8508502979,node,POINT(-48.9458474 -16.2745029),,,bicycle_parking,building,,,,,,,,,,,,,,,,,,,,,,,,2026-07-02T22:07:42.435Z,2026-07-02T22:07:42.435Z
3440,node/8508502980,node,POINT(-48.9459576 -16.2744448),,,bicycle_parking,building,,,,,,,,,,,,,,,,,,,,,,,,2026-07-02T22:07:42.435Z,2026-07-02T22:07:42.435Z
3441,node/8508502989,node,POINT(-48.945921 -16.2746411),,,bicycle_parking,building,,,,,,,,,,,,,,,,,,,,,,,,2026-07-02T22:07:42.435Z,2026-07-02T22:07:42.435Z
3442,node/8508502990,node,POINT(-48.9459904 -16.2746215),,,bicycle_parking,building,,,,,,,,,,,,,,,,,,,,,,,,2026-07-02T22:07:42.435Z,2026-07-02T22:07:42.435Z
3443,node/8508502991,node,POINT(-48.9460459 -16.274604),,,bicycle_parking,building,,,,,,,,,,,,,,,,,,,,,,,,2026-07-02T22:07:42.435Z,2026-07-02T22:07:42.435Z
3444,node/8508502992,node,POINT(-48.9456006 -16.2747476),,,bicycle_parking,building,,,,,,,,,,,,,,,,,,,,,,,,2026-07-02T22:07:42.435Z,2026-07-02T22:07:42.435Z
3445,node/8508502993,node,POINT(-48.9456708 -16.2747243),,,bicycle_parking,building,,,,,,,,,,,,,,,,,,,,,,,,2026-07-02T22:07:42.435Z,2026-07-02T22:07:42.435Z
3446,node/8508502994,node,POINT(-48.9457409 -16.2746972),,,bicycle_parking,building,,,,,,,,,,,,,,,,,,,,,,,,2026-07-02T22:07:42.435Z,2026-07-02T22:07:42.435Z
3447,node/8515154966,node,POINT(-42.8054336 -5.0845865),,,bicycle_parking,wall_loops,,yes,no,,,,,,,,,,,,,,,,,,,,,2026-07-02T22:07:42.435Z,2026-07-02T22:07:42.435Z
3448,node/8572668926,node,POINT(-46.6397954 -23.5962221),,,bicycle_parking,stands,1,,no,no,,,,,,,,,,,,,,,,,,,,2026-07-02T22:07:42.435Z,2026-07-02T22:07:42.435Z
3449,node/8612781069,node,POINT(-38.4681229 -12.883381),,,bicycle_parking,building,,,,,,,,,,,,,,,,,,,,,,,,2026-07-02T22:07:42.435Z,2026-07-02T22:07:42.435Z
3450,node/8622638696,node,POINT(-46.6402394 -23.5440867),,,bicycle_parking,stands,36,yes,no,no,,,,,,,,,,,,,,,,,,,,2026-07-02T22:07:42.435Z,2026-07-02T22:07:42.435Z
3451,node/8622695684,node,POINT(-46.6400578 -23.6039419),,,bicycle_parking,stands,1,,no,no,,,,,,,,,,,,,,,,,,,,2026-07-02T22:07:42.435Z,2026-07-02T22:07:42.435Z
3452,node/8680964519,node,POINT(-49.0705392 -26.8931503),,,bicycle_parking,,,,,,,,,,,,,,,,,,,,,,,,,2026-07-02T22:07:42.435Z,2026-07-02T22:07:42.435Z
3453,node/8680964529,node,POINT(-49.0710698 -26.9186703),,,bicycle_parking,,,,,,,,,,,,,,,,,,,,,,,,,2026-07-02T22:07:42.435Z,2026-07-02T22:07:42.435Z
3454,node/8691803319,node,POINT(-38.4968335 -3.7333045),,,bicycle_parking,stands,8,yes,no,no,,,,,,,,,,,,,,,,,,,,2026-07-02T22:07:42.435Z,2026-07-02T22:07:42.435Z
3455,node/8695414612,node,POINT(-40.8431539 -2.9003737),,,bicycle_parking,building,,,,,,,,,,,,,,,,,,,,,,,,2026-07-02T22:07:42.435Z,2026-07-02T22:07:42.435Z
3456,node/8723124594,node,POINT(-55.9171556 -13.0733809),,,bicycle_parking,,,,,,,,,,,,,,,,,,,,,,,,,2026-07-02T22:07:42.435Z,2026-07-02T22:07:42.435Z
3457,node/8739973936,node,POINT(-49.0708098 -26.9174189),,,bicycle_parking,wall_loops,5,,no,no,no,no,,,,,paving_stones,,,,,,,,,,,,,2026-07-02T22:07:42.435Z,2026-07-02T22:07:42.435Z
3458,node/8742512593,node,POINT(-38.5072631 -3.7226199),,,bicycle_parking,stands,10,yes,no,no,,,,,,,,,,,,,,,,,,,,2026-07-02T22:07:42.435Z,2026-07-02T22:07:42.435Z
3459,node/8747340171,node,POINT(-46.6351377 -23.5898678),,,bicycle_rental,streetpod,23,,no,yes,,,Bike Itaú,,,,,,,,,,,,,,,,,2026-07-02T22:07:42.435Z,2026-07-02T22:07:42.435Z
3460,node/8747340172,node,POINT(-46.6351402 -23.5898345),,,bicycle_parking,stands,2,,no,no,,,,,,,,,,,,,,,,,,,,2026-07-02T22:07:42.435Z,2026-07-02T22:07:42.435Z
3461,node/8761483214,node,POINT(-48.5133612 -27.4335512),,,bicycle_parking,,,,,,,,,,,,,,,,,,,,,,,,,2026-07-02T22:07:42.435Z,2026-07-02T22:07:42.435Z
3462,node/8769250050,node,POINT(-50.3242251 -27.8157661),,,bicycle_parking,wall_loops,7,,no,,,,,,,,,,,,,,,,,,,,,2026-07-02T22:07:42.435Z,2026-07-02T22:07:42.435Z
3463,node/8794681896,node,POINT(-48.7107539 -25.4302488),,,bicycle_parking,,7,yes,no,no,,,,,,,,,,,,,,,,,,,,2026-07-02T22:07:42.435Z,2026-07-02T22:07:42.435Z
3464,node/8807453862,node,POINT(-38.5672534 -3.7105411),,,bicycle_parking,,6,yes,,no,,,,,,,,,,,,,,,,,,,,2026-07-02T22:07:42.435Z,2026-07-02T22:07:42.435Z
3465,node/8814887992,node,POINT(-49.0831731 -26.9085821),,,bicycle_parking,wall_loops,,customers,no,no,,,,,,,,,,,,,,,,,,,,2026-07-02T22:07:42.435Z,2026-07-02T22:07:42.435Z
3466,node/8899355214,node,POINT(-38.4981992 -3.7360619),,,bicycle_parking,,5,yes,,,,,Oferecido pelo Banco do Brasil - Agência Aldeota,,,,,,,,,,,,,,,,,2026-07-02T22:07:42.435Z,2026-07-02T22:07:42.435Z
3467,node/8901799448,node,POINT(-46.6891034 -23.5385482),Paraciclo UBS Jardim Vera Cruz,Dentro do posto de saúde,bicycle_parking,stands,4,yes,no,no,,,,,,,,,,,,,Mo-Fr 07:00-19:00,,,,,,,2026-07-02T22:07:42.435Z,2026-07-02T22:07:42.435Z
3468,node/8905700783,node,POINT(-46.6837205 -23.5508007),,,bicycle_parking,wall_loops,10,yes,no,,,,,,,,,São Paulo,Praça Horácio Sabino,,,05412-010,,,,,,,,2026-07-02T22:07:42.435Z,2026-07-02T22:07:42.435Z
3469,node/8910224106,node,POINT(-46.6858568 -23.5507787),,,bicycle_parking,stands,2,yes,no,,,,,,,,,,,,,,,,,,,,,2026-07-02T22:07:42.435Z,2026-07-02T22:07:42.435Z
3470,node/8913857302,node,POINT(-38.4558133 -12.9903146),,,bicycle_parking,wall_loops,5,customers,no,no,,,Casa Esportiva,,,,,,,,,,,,,,,,,2026-07-02T22:07:42.435Z,2026-07-02T22:07:42.435Z
3471,node/8944535272,node,POINT(-49.0825394 -26.9093529),,,bicycle_parking,,,,,,,,,,,,,,,,,,,,,,,,,2026-07-02T22:07:42.435Z,2026-07-02T22:07:42.435Z
3472,node/8944535273,node,POINT(-49.0806712 -26.9131975),,,bicycle_parking,,,,yes,,,,,,,-1,,,,,,,,,,,,,,2026-07-02T22:07:42.435Z,2026-07-02T22:07:42.435Z
3473,node/8971285713,node,POINT(-49.1823685 -26.677227),,,bicycle_parking,,,,,,,,,,,,,,,,,,,,,,,,,2026-07-02T22:07:42.435Z,2026-07-02T22:07:42.435Z
3474,node/8978466034,node,POINT(-46.6755882 -23.5407546),,,bicycle_parking,stands,2,yes,no,no,,,,,,,,,,,,,,,,,,,,2026-07-02T22:07:42.435Z,2026-07-02T22:07:42.435Z
3475,node/8978466035,node,POINT(-46.6765827 -23.5415037),,,bicycle_parking,stands,8,yes,no,no,,,,,,,,,,,,,,,,,,,,2026-07-02T22:07:42.435Z,2026-07-02T22:07:42.435Z
3476,node/8978471238,node,POINT(-46.67007 -23.5355616),,,bicycle_parking,stands,2,yes,no,no,,,,,,,,,,,,,,,,,,,,2026-07-02T22:07:42.435Z,2026-07-02T22:07:42.435Z
3477,node/8978471239,node,POINT(-46.6711629 -23.5367959),,,bicycle_parking,stands,2,yes,no,no,,,,,,,,,,,,,,,,,,,,2026-07-02T22:07:42.435Z,2026-07-02T22:07:42.435Z
3478,node/8978471240,node,POINT(-46.6721972 -23.5363836),,,bicycle_parking,stands,2,yes,no,no,,,,,,,,,,,,,,,,,,,,2026-07-02T22:07:42.435Z,2026-07-02T22:07:42.435Z
3479,node/8997306297,node,POINT(-48.5034344 -27.1456042),,,bicycle_parking,,,,,,,,,,,,,,,,,,,,,,,,,2026-07-02T22:07:42.435Z,2026-07-02T22:07:42.435Z
3480,node/8997313794,node,POINT(-48.5927869 -27.1419144),,,bicycle_parking,,,,,,,,,,,,,,,,,,,,,,,,,2026-07-02T22:07:42.435Z,2026-07-02T22:07:42.435Z
3481,node/9001375189,node,POINT(-46.6538773 -23.5469164),,,bicycle_parking,stands,2,yes,no,no,,,,,,,,,,,,,,,,,,,,2026-07-02T22:07:42.435Z,2026-07-02T22:07:42.435Z
3482,node/9005335120,node,POINT(-48.5088618 -27.5896318),,,bicycle_parking,,,,,,,,,,,,,,,,,,,,,,,,,2026-07-02T22:07:42.435Z,2026-07-02T22:07:42.435Z
3483,node/9014307627,node,POINT(-51.9363497 -23.4051742),Paraciclo,,bicycle_parking,stands,10,yes,,no,,,,,,,,,,,,,,,,,,,,2026-07-02T22:07:42.435Z,2026-07-02T22:07:42.435Z
3484,node/9026889934,node,POINT(-48.5533351 -27.5969233),,,bicycle_parking,,,,,,,,,,,,,,,,,,,,,,,,,2026-07-02T22:07:42.435Z,2026-07-02T22:07:42.435Z
3485,node/9027126509,node,POINT(-49.0781534 -26.9029248),,,bicycle_parking,stands,10,customers,no,no,no,,Petz,,,,paving_stones,,,,,,,,,,,,,2026-07-02T22:07:42.435Z,2026-07-02T22:07:42.435Z
3486,node/9029218257,node,POINT(-49.065036 -26.9212592),,,bicycle_parking,,,,,,,,,,,,,,,,,,,,,,,,,2026-07-02T22:07:42.435Z,2026-07-02T22:07:42.435Z
3487,node/9035821945,node,POINT(-49.0807141 -26.9086542),,,bicycle_parking,wall_loops,3,customers,no,no,no,,,,,,,,,,,,,,,,,,,2026-07-02T22:07:42.435Z,2026-07-02T22:07:42.435Z
3488,node/9035821946,node,POINT(-49.0791786 -26.9074816),,,bicycle_parking,wall_loops,3,customers,no,no,no,,,,,,,,,,,,,,,,,,,2026-07-02T22:07:42.435Z,2026-07-02T22:07:42.435Z
3489,node/9038076019,node,POINT(-38.5471254 -3.7190336),,,bicycle_parking,stands,,yes,no,no,,,,,,,,,,,,,,,,,,,,2026-07-02T22:07:42.435Z,2026-07-02T22:07:42.435Z
3490,node/9039058449,node,POINT(-48.5120563 -27.5720616),,,bicycle_parking,stands,6,yes,no,no,no,yes,,,,,paving_stones,,,,,,,,,,,,,2026-07-02T22:07:42.435Z,2026-07-02T22:07:42.435Z
3491,node/9039058466,node,POINT(-48.5123111 -27.572174),,,bicycle_parking,stands,5,yes,no,no,no,yes,,,,,paving_stones,,,,,,,,,,,,,2026-07-02T22:07:42.435Z,2026-07-02T22:07:42.435Z
3492,node/9041254998,node,POINT(-49.080002 -26.9078873),,,bicycle_parking,wall_loops,9,customers,no,no,no,,,,,,,,,,,,,,,,,,,2026-07-02T22:07:42.435Z,2026-07-02T22:07:42.435Z
3493,node/9042120405,node,POINT(-48.5178874 -27.6003192),,,bicycle_parking,wall_loops,40,yes,no,no,no,no,,,,,concrete,,,,,,,,,,,,,2026-07-02T22:07:42.435Z,2026-07-02T22:07:42.435Z
3494,node/9042120481,node,POINT(-48.5222501 -27.6015932),,,bicycle_parking,crossbar,6,yes,no,no,no,no,,,,,concrete,,,,,,,,,,,,,2026-07-02T22:07:42.435Z,2026-07-02T22:07:42.435Z
3495,node/9061252260,node,POINT(-48.4992836 -27.1709428),,,bicycle_parking,stands,,,,,,,,,,,,,,,,,,,,,,,,2026-07-02T22:07:42.435Z,2026-07-02T22:07:42.435Z
3496,node/9064032773,node,POINT(-46.8662432 -23.4976363),,,bicycle_parking,,,yes,yes,,,,,,,,,,,,,,,,,,,,,2026-07-02T22:07:42.435Z,2026-07-02T22:07:42.435Z
3497,node/9068805336,node,POINT(-48.5289033 -27.1797488),,,bicycle_parking,,,customers,,,,,,,,,,,,,,,,,,,,,,2026-07-02T22:07:42.435Z,2026-07-02T22:07:42.435Z
3498,node/9071350499,node,POINT(-48.5649669 -27.1586924),,,bicycle_parking,wall_loops,33,,yes,,,,,,,,,,,,,,,,,,,,,2026-07-02T22:07:42.435Z,2026-07-02T22:07:42.435Z
3499,node/9074013196,node,POINT(-48.6321643 -26.9713615),,,bicycle_parking,stands,5,,,,,,,,,,,,,,,,,,,,,,,2026-07-02T22:07:42.435Z,2026-07-02T22:07:42.435Z
3500,node/9074092133,node,POINT(-43.113378 -22.8942216),,,bicycle_parking,,,,,,,,,,,,,,,,,,,,,,,,,2026-07-02T22:07:42.435Z,2026-07-02T22:07:42.435Z
3501,node/9082205973,node,POINT(-43.3400695 -22.9450478),,,bicycle_parking,stands,2,yes,,no,,,,,,,,,,,,,,,,,,,,2026-07-02T22:07:42.447Z,2026-07-02T22:07:42.447Z
3502,node/9082205974,node,POINT(-43.3400366 -22.9451895),,,bicycle_parking,stands,10,yes,,,,,,,,,,,,,,,,,,,,,,2026-07-02T22:07:42.447Z,2026-07-02T22:07:42.447Z
3503,node/9084771784,node,POINT(-49.1635059 -26.7069493),,,bicycle_parking,wall_loops,16,customers,no,no,,,,,,,,,,,,,,,,,,,,2026-07-02T22:07:42.447Z,2026-07-02T22:07:42.447Z
3504,node/9085301639,node,POINT(-48.6256318 -27.6112884),,,bicycle_parking,stands,6,,no,,,,,,,,,,,,,,,,,,,,,2026-07-02T22:07:42.447Z,2026-07-02T22:07:42.447Z
3505,node/9091333633,node,POINT(-38.4986409 -3.7374398),,,bicycle_parking,stands,12,permissive,,no,,,,,,,,,,,,,,,,,,,,2026-07-02T22:07:42.447Z,2026-07-02T22:07:42.447Z
3506,node/9102478342,node,POINT(-48.5462585 -27.5922609),,,bicycle_parking,stands,6,yes,no,,,,,,,,,,,,,,,,,,,,,2026-07-02T22:07:42.447Z,2026-07-02T22:07:42.447Z
3507,node/9102478356,node,POINT(-48.5468446 -27.5930288),,,bicycle_parking,stands,6,yes,no,,,,,,,,,,,,,,,,,,,,,2026-07-02T22:07:42.447Z,2026-07-02T22:07:42.447Z
3508,node/9102478799,node,POINT(-48.5480033 -27.5981609),,,bicycle_parking,stands,6,yes,,no,,,,,,,,,,,,,,,,,,,,2026-07-02T22:07:42.447Z,2026-07-02T22:07:42.447Z
3509,node/9102478843,node,POINT(-48.5482038 -27.5999823),,,bicycle_parking,stands,6,yes,no,no,,,,,,,,,,,,,,,,,,,,2026-07-02T22:07:42.447Z,2026-07-02T22:07:42.447Z
3510,node/9103590917,node,POINT(-38.4705322 -12.9953377),,,bicycle_parking,,,,no,,,,,,,,,,,,,,,,,,,,,2026-07-02T22:07:42.447Z,2026-07-02T22:07:42.447Z
3511,node/9103592817,node,POINT(-38.4712583 -12.9950807),,,bicycle_parking,stands,10,,no,,,,,,,,,,,,,,,,,,,,,2026-07-02T22:07:42.447Z,2026-07-02T22:07:42.447Z
3512,node/9103599218,node,POINT(-38.4710912 -12.9953852),,,bicycle_parking,stands,6,,no,,,,,,,,,,,,,,,,,,,,,2026-07-02T22:07:42.447Z,2026-07-02T22:07:42.447Z
3513,node/9103974544,node,POINT(-48.5520145 -27.5984437),,,bicycle_parking,stands,6,yes,no,no,,,,,,,,,,,,,,,,,,,,2026-07-02T22:07:42.447Z,2026-07-02T22:07:42.447Z
3514,node/9106529242,node,POINT(-48.5448591 -27.5856957),,,bicycle_parking,,,yes,yes,no,yes,yes,Centro Executivo Beiramar,,,,paved,,,,,,,,,,,,,2026-07-02T22:07:42.447Z,2026-07-02T22:07:42.447Z
3515,node/9112289948,node,POINT(-48.5577045 -27.5884479),,,bicycle_parking,stands,5,yes,no,no,,,,,,,concrete,,,,,,,,,,,,,2026-07-02T22:07:42.447Z,2026-07-02T22:07:42.447Z
3516,node/9112290008,node,POINT(-48.5603669 -27.5932819),,,bicycle_parking,stands,6,yes,no,no,,,,,,,,,,,,,,,,,,,,2026-07-02T22:07:42.447Z,2026-07-02T22:07:42.447Z
3517,node/9112290051,node,POINT(-48.5615357 -27.5921171),,,bicycle_parking,stands,3,yes,no,no,,,,,,,,,,,,,,,,,,,,2026-07-02T22:07:42.447Z,2026-07-02T22:07:42.447Z
3518,node/9115610443,node,POINT(-43.1242771 -22.8961042),,,bicycle_parking,,,,,,,,,,,,,,,,,,,,,,,,,2026-07-02T22:07:42.447Z,2026-07-02T22:07:42.447Z
3519,node/9117913156,node,POINT(-48.5753565 -27.6026652),,,bicycle_parking,stands,,yes,no,no,,,,,,,,,,,,,,,,,,,,2026-07-02T22:07:42.447Z,2026-07-02T22:07:42.447Z
3520,node/9118872964,node,POINT(-48.702461 -27.6432301),,,bicycle_parking,stands,11,yes,no,no,no,,,,,,paving_stones,,,,,,,,,,,,,2026-07-02T22:07:42.447Z,2026-07-02T22:07:42.447Z
3521,node/9123124551,node,POINT(-43.1258297 -22.9064091),,,bicycle_parking,,,,,,,,,,,,,,,,,,,,,,,,,2026-07-02T22:07:42.447Z,2026-07-02T22:07:42.447Z
3522,node/9124267817,node,POINT(-38.4553652 -12.9847446),,,bicycle_parking,wall_loops,4,,no,no,,,,,,,,,,,,,,,,,,,,2026-07-02T22:07:42.447Z,2026-07-02T22:07:42.447Z
3523,node/9124412506,node,POINT(-48.5003277 -27.5448218),,,bicycle_parking,stands,10,yes,no,no,,,,,,,,,,,,,,,,,,,,2026-07-02T22:07:42.447Z,2026-07-02T22:07:42.447Z
3524,node/9128379761,node,POINT(-48.6656872 -27.487827),,,bicycle_parking,wall_loops,5,,no,,,no,,,,,,,,,,,,,,,,,,2026-07-02T22:07:42.447Z,2026-07-02T22:07:42.447Z
3525,node/9138647594,node,POINT(-48.9562871 -26.928638),,,bicycle_parking,stands,8,yes,no,no,no,,,,,,,,,,,,,,,,,,,2026-07-02T22:07:42.447Z,2026-07-02T22:07:42.447Z
3526,node/9161439026,node,POINT(-43.1236937 -22.8961164),,,bicycle_parking,,,,,,,,,,,,,,,,,,,,,,,,,2026-07-02T22:07:42.447Z,2026-07-02T22:07:42.447Z
3527,node/9161439027,node,POINT(-43.1240571 -22.8960693),,,bicycle_parking,mac,20,,,no,,,,,,,,,,,,,,,,,,,,2026-07-02T22:07:42.447Z,2026-07-02T22:07:42.447Z
3528,node/9175283456,node,POINT(-48.4888861 -27.4399857),,,bicycle_parking,stands,5,yes,no,no,no,yes,,,,,paving_stones,,,,,,,,,,,,,2026-07-02T22:07:42.447Z,2026-07-02T22:07:42.447Z
3529,node/9178863252,node,POINT(-49.0610879 -26.9238968),,,bicycle_parking,wall_loops,5,customers,yes,,,,,,,,,,,,,,,,,,,,,2026-07-02T22:07:42.447Z,2026-07-02T22:07:42.447Z
3530,node/9198568678,node,POINT(-45.7074645 -23.0997729),,,bicycle_parking,,,,,,,,,,,,,,,,,,,,,,,,,2026-07-02T22:07:42.447Z,2026-07-02T22:07:42.447Z
3531,node/9199819212,node,POINT(-37.0503753 -10.8998017),,,bicycle_parking,,,,no,,,,,,,,,,,,,,,,,,,,,2026-07-02T22:07:42.447Z,2026-07-02T22:07:42.447Z
3532,node/9200053055,node,POINT(-37.0468211 -10.9461542),,,bicycle_parking,stands,,,yes,,,,,,,,,,,,,,,,,,,,,2026-07-02T22:07:42.447Z,2026-07-02T22:07:42.447Z
3533,node/9200053056,node,POINT(-37.0614974 -10.9438224),,,bicycle_parking,,,,yes,,,,,,,,,,,,,,,,,,,,,2026-07-02T22:07:42.447Z,2026-07-02T22:07:42.447Z
3534,node/9203450054,node,POINT(-48.8248035 -26.8999589),,,bicycle_parking,stands,5,yes,no,no,no,yes,Banco do Brasil,,,,paving_stones,,,,,,,,,,,,,2026-07-02T22:07:42.447Z,2026-07-02T22:07:42.447Z
3535,node/9204875996,node,POINT(-38.5161374 -3.7237303),,,bicycle_parking,stands,8,yes,no,no,,,,,,,,,,,,,,,,,,,,2026-07-02T22:07:42.447Z,2026-07-02T22:07:42.447Z
3536,node/9217303430,node,POINT(-48.5374931 -27.4900803),,,bicycle_parking,wall_loops,5,yes,no,no,no,no,,,,,concrete,,,,,,,,,,,,,2026-07-02T22:07:42.447Z,2026-07-02T22:07:42.447Z
3537,node/9245999839,node,POINT(-38.4578537 -13.0030685),,,bicycle_parking,wall_loops,5,customers,no,no,,,Villa San Luigi,,,,,,,,,,,,,,,,,2026-07-02T22:07:42.447Z,2026-07-02T22:07:42.447Z
3538,node/9283671877,node,POINT(-46.8731033 -23.4972527),,,bicycle_parking,,,yes,,,,,,,,,,,,,,,,,,,,,,2026-07-02T22:07:42.447Z,2026-07-02T22:07:42.447Z
3539,node/9293482034,node,POINT(-43.1839103 -22.9453871),,,bicycle_parking,stands,10,yes,no,no,,,,,,,,,,,,,,,,,,,,2026-07-02T22:07:42.447Z,2026-07-02T22:07:42.447Z
3540,node/9296410828,node,POINT(-67.8577374 -9.9594642),,,bicycle_parking,,20,yes,no,no,,,Bruno DERZE,,,,,,,,,,,,,,,,,2026-07-02T22:07:42.447Z,2026-07-02T22:07:42.447Z
3541,node/9297183961,node,POINT(-54.6201394 -20.4662007),Paraciclo Mercadão Municipal,,bicycle_parking,wall_loops,5,yes,no,no,,,Mercadão Municipal Antônio Valente,,,,,,,,,,,,,,,,,2026-07-02T22:07:42.447Z,2026-07-02T22:07:42.447Z
3542,node/9297256475,node,POINT(-54.5605863 -20.3985391),Paraciclo Shopping Bosque dos Ipês,,bicycle_parking,stands,50,customers,no,no,,,Shopping Bosque dos Ipês,,,,,,,,,,,,,,,,,2026-07-02T22:07:42.447Z,2026-07-02T22:07:42.447Z
3543,node/9297271468,node,POINT(-54.5885186 -20.4586688),Paraciclo Shopping Campo Grande (Estacionamento Interno),,bicycle_parking,tree,20,customers,yes,no,,,Shopping Campo Grande,,,,,,,,,,,,,,,,,2026-07-02T22:07:42.447Z,2026-07-02T22:07:42.447Z
3544,node/9300275768,node,POINT(-54.6266115 -20.4820115),Bicicletário Shopping Norte Sul Plaza,,bicycle_parking,wall_loops,10,yes,yes,no,,,Shopping Norte Sul Plaza,,,,,,,,,,,,,,,,,2026-07-02T22:07:42.447Z,2026-07-02T22:07:42.447Z
3545,node/9300290041,node,POINT(-54.5881678 -20.4628681),Paraciclo Câmara Municipal de Campo Grande,,bicycle_parking,wall_loops,10,permissive,no,no,,,Câmara Municipal de Campo Grande,,,,,,,,,,,,,,,,,2026-07-02T22:07:42.447Z,2026-07-02T22:07:42.447Z
3546,node/9300952419,node,POINT(-54.5944397 -20.4524649),Paraciclo Comper Ceará,,bicycle_parking,wall_loops,10,yes,yes,no,,,Comper,,,,,,,,,,,,,,,,,2026-07-02T22:07:42.447Z,2026-07-02T22:07:42.447Z
3547,node/9303720063,node,POINT(-54.6282013 -20.4351147),Paraciclo Supermercado Comper,,bicycle_parking,wall_loops,10,yes,no,no,,,Comper,,,,,,,,,,,,,,,,,2026-07-02T22:07:42.447Z,2026-07-02T22:07:42.447Z
3548,node/9303721812,node,POINT(-54.6201001 -20.4533252),Bicicletário da Feira Central,,bicycle_parking,stands,10,yes,no,no,,,Feira Central,,,,,,,,,,,,,,,,,2026-07-02T22:07:42.447Z,2026-07-02T22:07:42.447Z
3549,node/9303729999,node,POINT(-54.6197663 -20.4514342),Bicicletário da Feira Central,,bicycle_parking,stands,10,yes,no,no,,,Feira Central,,,,,,,,,,,,,,,,,2026-07-02T22:07:42.447Z,2026-07-02T22:07:42.447Z
3550,node/9303731892,node,POINT(-54.6189307 -20.4083619),Bicicletário da UCDB,,bicycle_parking,handlebar_holder,10,yes,no,no,,,UCDB,,,,,,,,,,,,,,,,,2026-07-02T22:07:42.447Z,2026-07-02T22:07:42.447Z
3551,node/9303772773,node,POINT(-54.5656941 -20.3900996),Paraciclo Supermercado Mister Junior,,bicycle_parking,wall_loops,7,customers,yes,no,,,Supermercado Mister Junior,,,,,,,,,,,,,,,,,2026-07-02T22:07:42.447Z,2026-07-02T22:07:42.447Z
3552,node/9304025023,node,POINT(-54.6589949 -20.4596284),Bicicletário Assaí Atacadista,,bicycle_parking,stands,40,yes,yes,no,,,Assaí Atacadista,,,,,,,,,,,,,,,,,2026-07-02T22:07:42.447Z,2026-07-02T22:07:42.447Z
3553,node/9305429927,node,POINT(-54.5538213 -20.4209925),Paraciclo Mercado Pag Poko,,bicycle_parking,wall_loops,5,yes,no,no,,,Mercado Pag Poko,,,,,,,,,,,,,,,,,2026-07-02T22:07:42.447Z,2026-07-02T22:07:42.447Z
3554,node/9306363730,node,POINT(-43.1842183 -22.957459),,,bicycle_parking,stands,4,yes,no,no,,,,,,,,,,,,,,,,,,,,2026-07-02T22:07:42.447Z,2026-07-02T22:07:42.447Z
3555,node/9306451876,node,POINT(-43.2562196 -22.9236548),,,bicycle_parking,stands,2,yes,,,,,,,,,,,,,,,,,,,,,,2026-07-02T22:07:42.447Z,2026-07-02T22:07:42.447Z
3556,node/9306471052,node,POINT(-46.6340786 -23.6055349),,,bicycle_parking,ground_slots,4,yes,no,no,,,,,,,,,,,,,,,,,,,,2026-07-02T22:07:42.447Z,2026-07-02T22:07:42.447Z
3557,node/9306598439,node,POINT(-34.8781455 -8.0679147),,,bicycle_parking,stands,10,yes,no,no,,,,,,,,,,,,,,,,,,,,2026-07-02T22:07:42.447Z,2026-07-02T22:07:42.447Z
3558,node/9306607434,node,POINT(-48.8441725 -26.3014569),,,bicycle_parking,stands,18,yes,,no,,,,,,,,,,,,,,,,,,,,2026-07-02T22:07:42.447Z,2026-07-02T22:07:42.447Z
3559,node/9306607435,node,POINT(-48.8441737 -26.3009933),,,bicycle_parking,stands,18,yes,,no,,,,,,,,,,,,,,,,,,,,2026-07-02T22:07:42.447Z,2026-07-02T22:07:42.447Z
3560,node/9306974947,node,POINT(-48.6310223 -26.988413),,,bicycle_parking,stands,6,yes,,no,,,,,,,,,,,,,,,,,,,,2026-07-02T22:07:42.447Z,2026-07-02T22:07:42.447Z
3561,node/9308180607,node,POINT(-43.1841245 -22.9557378),,,bicycle_parking,stands,2,yes,no,no,,,,,,,,,,,,,,,,,,,,2026-07-02T22:07:42.447Z,2026-07-02T22:07:42.447Z
3562,node/9308180609,node,POINT(-43.1839475 -22.9573821),,,bicycle_parking,stands,2,yes,no,no,,,,,,,,,,,,,,,,,,,,2026-07-02T22:07:42.447Z,2026-07-02T22:07:42.447Z
3563,node/9308543327,node,POINT(-43.1815431 -22.9546489),,,bicycle_parking,stands,4,yes,no,no,,,,,,,,,,,,,,,,,,,,2026-07-02T22:07:42.447Z,2026-07-02T22:07:42.447Z
3564,node/9308717874,node,POINT(-54.6162143 -20.4683032),Paraciclo,,bicycle_parking,stands,4,yes,no,no,,,,,,,,,,,,,,,,,,,,2026-07-02T22:07:42.447Z,2026-07-02T22:07:42.447Z
3565,node/9308717875,node,POINT(-54.616361 -20.468328),Paraciclo,,bicycle_parking,stands,4,yes,no,no,,,,,,,,,,,,,,,,,,,,2026-07-02T22:07:42.447Z,2026-07-02T22:07:42.447Z
3566,node/9308717876,node,POINT(-54.6165608 -20.4671758),Paraciclo,,bicycle_parking,stands,4,yes,no,no,,,,,,,,,,,,,,,,,,,,2026-07-02T22:07:42.447Z,2026-07-02T22:07:42.447Z
3567,node/9308717877,node,POINT(-54.6164406 -20.4671654),Paraciclo,,bicycle_parking,stands,4,yes,no,no,,,,,,,,,,,,,,,,,,,,2026-07-02T22:07:42.447Z,2026-07-02T22:07:42.447Z
3568,node/9308717878,node,POINT(-54.6164195 -20.4672688),Paraciclo,,bicycle_parking,stands,4,yes,no,no,,,,,,,,,,,,,,,,,,,,2026-07-02T22:07:42.447Z,2026-07-02T22:07:42.447Z
3569,node/9308717879,node,POINT(-54.616545 -20.4672792),Paraciclo,,bicycle_parking,stands,4,yes,no,no,,,,,,,,,,,,,,,,,,,,2026-07-02T22:07:42.447Z,2026-07-02T22:07:42.447Z
3570,node/9308717880,node,POINT(-54.6166787 -20.4665239),Paraciclo,,bicycle_parking,stands,4,yes,no,no,,,,,,,,,,,,,,,,,,,,2026-07-02T22:07:42.447Z,2026-07-02T22:07:42.447Z
3571,node/9308717881,node,POINT(-54.6166886 -20.4664512),Paraciclo,,bicycle_parking,stands,4,yes,no,no,,,,,,,,,,,,,,,,,,,,2026-07-02T22:07:42.447Z,2026-07-02T22:07:42.447Z
3572,node/9308717882,node,POINT(-54.6165742 -20.4664353),Paraciclo,,bicycle_parking,stands,4,yes,no,no,,,,,,,,,,,,,,,,,,,,2026-07-02T22:07:42.447Z,2026-07-02T22:07:42.447Z
3573,node/9308717883,node,POINT(-54.6165614 -20.4665064),Paraciclo,,bicycle_parking,stands,4,yes,no,no,,,,,,,,,,,,,,,,,,,,2026-07-02T22:07:42.447Z,2026-07-02T22:07:42.447Z
3574,node/9308717884,node,POINT(-54.6168498 -20.4655329),Paraciclo,,bicycle_parking,stands,4,yes,no,no,,,,,,,,,,,,,,,,,,,,2026-07-02T22:07:42.447Z,2026-07-02T22:07:42.447Z
3575,node/9308717885,node,POINT(-54.6168655 -20.465458),Paraciclo,,bicycle_parking,stands,4,yes,no,no,,,,,,,,,,,,,,,,,,,,2026-07-02T22:07:42.447Z,2026-07-02T22:07:42.447Z
3576,node/9308717886,node,POINT(-54.6167873 -20.4654514),Paraciclo,,bicycle_parking,stands,4,yes,no,no,,,,,,,,,,,,,,,,,,,,2026-07-02T22:07:42.447Z,2026-07-02T22:07:42.447Z
3577,node/9308717887,node,POINT(-54.6167552 -20.4655171),Paraciclo,,bicycle_parking,stands,4,yes,no,no,,,,,,,,,,,,,,,,,,,,2026-07-02T22:07:42.447Z,2026-07-02T22:07:42.447Z
3578,node/9308717888,node,POINT(-54.6171095 -20.4643018),Paraciclo,,bicycle_parking,stands,4,yes,no,no,,,,,,,,,,,,,,,,,,,,2026-07-02T22:07:42.447Z,2026-07-02T22:07:42.447Z
3579,node/9308717889,node,POINT(-54.6169834 -20.4642756),Paraciclo,,bicycle_parking,stands,4,yes,no,no,,,,,,,,,,,,,,,,,,,,2026-07-02T22:07:42.447Z,2026-07-02T22:07:42.447Z
3580,node/9308717890,node,POINT(-54.6171679 -20.4639228),Paraciclo,,bicycle_parking,stands,4,yes,no,no,,,,,,,,,,,,,,,,,,,,2026-07-02T22:07:42.447Z,2026-07-02T22:07:42.447Z
3581,node/9308717891,node,POINT(-54.6170441 -20.4639042),Paraciclo,,bicycle_parking,stands,4,yes,no,no,,,,,,,,,,,,,,,,,,,,2026-07-02T22:07:42.447Z,2026-07-02T22:07:42.447Z
3582,node/9308717892,node,POINT(-54.6173699 -20.4627212),Paraciclo,,bicycle_parking,stands,4,yes,no,no,,,,,,,,,,,,,,,,,,,,2026-07-02T22:07:42.447Z,2026-07-02T22:07:42.447Z
3583,node/9308717893,node,POINT(-54.6173827 -20.4626441),Paraciclo,,bicycle_parking,stands,4,yes,no,no,,,,,,,,,,,,,,,,,,,,2026-07-02T22:07:42.447Z,2026-07-02T22:07:42.447Z
3584,node/9308717894,node,POINT(-54.6172794 -20.4626305),Paraciclo,,bicycle_parking,stands,4,yes,no,no,,,,,,,,,,,,,,,,,,,,2026-07-02T22:07:42.447Z,2026-07-02T22:07:42.447Z
3585,node/9308717895,node,POINT(-54.6172671 -20.4627005),Paraciclo,,bicycle_parking,stands,4,yes,no,no,,,,,,,,,,,,,,,,,,,,2026-07-02T22:07:42.447Z,2026-07-02T22:07:42.447Z
3586,node/9308717896,node,POINT(-54.6176063 -20.4614234),Paraciclo,,bicycle_parking,stands,4,yes,no,no,,,,,,,,,,,,,,,,,,,,2026-07-02T22:07:42.447Z,2026-07-02T22:07:42.447Z
3587,node/9308717897,node,POINT(-54.6175088 -20.461407),Paraciclo,,bicycle_parking,stands,4,yes,no,no,,,,,,,,,,,,,,,,,,,,2026-07-02T22:07:42.447Z,2026-07-02T22:07:42.447Z
3588,node/9308717898,node,POINT(-54.6175193 -20.4613359),Paraciclo,,bicycle_parking,stands,4,yes,no,no,,,,,,,,,,,,,,,,,,,,2026-07-02T22:07:42.447Z,2026-07-02T22:07:42.447Z
3589,node/9308717899,node,POINT(-54.6176215 -20.4613485),Paraciclo,,bicycle_parking,stands,4,yes,no,no,,,,,,,,,,,,,,,,,,,,2026-07-02T22:07:42.447Z,2026-07-02T22:07:42.447Z
3590,node/9308717900,node,POINT(-54.6178474 -20.4601305),Paraciclo,,bicycle_parking,stands,4,yes,no,no,,,,,,,,,,,,,,,,,,,,2026-07-02T22:07:42.447Z,2026-07-02T22:07:42.447Z
3591,node/9308717901,node,POINT(-54.6178596 -20.4600588),Paraciclo,,bicycle_parking,stands,4,yes,no,no,,,,,,,,,,,,,,,,,,,,2026-07-02T22:07:42.447Z,2026-07-02T22:07:42.447Z
3592,node/9308717902,node,POINT(-54.6177569 -20.460043),Paraciclo,,bicycle_parking,stands,4,yes,no,no,,,,,,,,,,,,,,,,,,,,2026-07-02T22:07:42.447Z,2026-07-02T22:07:42.447Z
3593,node/9308717903,node,POINT(-54.617747 -20.4601103),Paraciclo,,bicycle_parking,stands,4,yes,no,no,,,,,,,,,,,,,,,,,,,,2026-07-02T22:07:42.447Z,2026-07-02T22:07:42.447Z
3594,node/9308717904,node,POINT(-54.6180873 -20.458779),Paraciclo,,bicycle_parking,stands,4,yes,no,no,,,,,,,,,,,,,,,,,,,,2026-07-02T22:07:42.447Z,2026-07-02T22:07:42.447Z
3595,node/9308717905,node,POINT(-54.6180972 -20.4587145),Paraciclo,,bicycle_parking,stands,4,yes,no,no,,,,,,,,,,,,,,,,,,,,2026-07-02T22:07:42.447Z,2026-07-02T22:07:42.447Z
3596,node/9308717906,node,POINT(-54.6180062 -20.4586975),Paraciclo,,bicycle_parking,stands,4,yes,no,no,,,,,,,,,,,,,,,,,,,,2026-07-02T22:07:42.447Z,2026-07-02T22:07:42.447Z
3597,node/9308717907,node,POINT(-54.6179881 -20.458761),Paraciclo,,bicycle_parking,stands,4,yes,no,no,,,,,,,,,,,,,,,,,,,,2026-07-02T22:07:42.447Z,2026-07-02T22:07:42.447Z
3598,node/9308717908,node,POINT(-54.6183173 -20.457549),Paraciclo,,bicycle_parking,stands,4,yes,no,no,,,,,,,,,,,,,,,,,,,,2026-07-02T22:07:42.447Z,2026-07-02T22:07:42.447Z
3599,node/9308717909,node,POINT(-54.6182169 -20.4575331),Paraciclo,,bicycle_parking,stands,4,yes,no,no,,,,,,,,,,,,,,,,,,,,2026-07-02T22:07:42.447Z,2026-07-02T22:07:42.447Z
3600,node/9308717910,node,POINT(-54.6182332 -20.4574412),Paraciclo,,bicycle_parking,stands,4,yes,no,no,,,,,,,,,,,,,,,,,,,,2026-07-02T22:07:42.447Z,2026-07-02T22:07:42.447Z
3601,node/9308717911,node,POINT(-54.6183319 -20.4574549),Paraciclo,,bicycle_parking,stands,4,yes,no,no,,,,,,,,,,,,,,,,,,,,2026-07-02T22:07:42.460Z,2026-07-02T22:07:42.460Z
3602,node/9308717912,node,POINT(-54.6185526 -20.4562659),Paraciclo,,bicycle_parking,stands,4,yes,no,no,,,,,,,,,,,,,,,,,,,,2026-07-02T22:07:42.460Z,2026-07-02T22:07:42.460Z
3603,node/9308717913,node,POINT(-54.6184562 -20.4562467),Paraciclo,,bicycle_parking,stands,4,yes,no,no,,,,,,,,,,,,,,,,,,,,2026-07-02T22:07:42.460Z,2026-07-02T22:07:42.460Z
3604,node/9309143906,node,POINT(-54.5864812 -20.3988649),Paraciclo sede PEMS,,bicycle_parking,rack,30,customers,no,no,,,Parque Estadual Matas do Segredo,,,,,,,,,,,,,,,,,2026-07-02T22:07:42.460Z,2026-07-02T22:07:42.460Z
3605,node/9309148842,node,POINT(-54.6139242 -20.4632485),Paraciclo Sicoob,,bicycle_parking,rack,7,yes,no,,,,Banco Sicoob,,,,,,,,,,,,,,,,,2026-07-02T22:07:42.460Z,2026-07-02T22:07:42.460Z
3606,node/9309158372,node,POINT(-54.552872 -20.4274167),Paraciclo,,bicycle_parking,wall_loops,6,yes,no,no,,,Farmácia Estrela Dalva,,,,,,,,,,,,,,,,,2026-07-02T22:07:42.460Z,2026-07-02T22:07:42.460Z
3607,node/9309161903,node,POINT(-54.5607941 -20.4194103),Paraciclo Supermercado Dourado,,bicycle_parking,wall_loops,5,yes,yes,no,,,Supermercado Dourado,,,,,,,,,,,,,,,,,2026-07-02T22:07:42.460Z,2026-07-02T22:07:42.460Z
3608,node/9309181086,node,POINT(-54.5723287 -20.4103892),Paraciclo CRS Nova Bahia,,bicycle_parking,wall_loops,10,yes,no,,,,CRS Nova Bahia,,,,,,,,,,,,,,,,,2026-07-02T22:07:42.460Z,2026-07-02T22:07:42.460Z
3609,node/9309187546,node,POINT(-54.56312 -20.421774),Paraciclo Supermercado Dourado,,bicycle_parking,wall_loops,6,yes,no,,,,Supermercado Dourado,,,,,,,,,,,,,,,,,2026-07-02T22:07:42.460Z,2026-07-02T22:07:42.460Z
3610,node/9309855457,node,POINT(-54.5562968 -20.4280644),Paraciclo Mercado Silva,,bicycle_parking,rack,6,customers,no,no,,,Mercado Silva,,,,,,,,,,,,,,,,,2026-07-02T22:07:42.460Z,2026-07-02T22:07:42.460Z
3611,node/9309855458,node,POINT(-54.5788176 -20.4275772),Paraciclo Parque do Sóter  (Entrada Norte),,bicycle_parking,rack,10,yes,no,no,,,Prefeitura,,,,,,,,,,,,,,,,,2026-07-02T22:07:42.460Z,2026-07-02T22:07:42.460Z
3612,node/9309855459,node,POINT(-54.5781745 -20.4303213),Paraciclo Parque do Sóter (Entrada Sul),,bicycle_parking,rack,6,yes,no,no,,,Prefeitura,,,,,,,,,,,,,,,,,2026-07-02T22:07:42.460Z,2026-07-02T22:07:42.460Z
3613,node/9309855461,node,POINT(-54.5726386 -20.4290781),Paraciclo Parque do Sóter (Entrada Leste),,bicycle_parking,rack,6,yes,no,no,,,Prefeitura,,,,,,,,,,,,,,,,,2026-07-02T22:07:42.460Z,2026-07-02T22:07:42.460Z
4183,node/11067979816,node,POINT(-42.801633 -22.9037636),,,bicycle_parking,,,,,,,,,,,,,,,,,,,,,,,,,2026-07-02T22:07:42.521Z,2026-07-02T22:07:42.521Z
3614,node/9309855462,node,POINT(-54.5708203 -20.4312193),Paraciclo Academia BS Trainer Studio,,bicycle_parking,rack,2,customers,no,no,,,BS Trainer Studio,,,,,,,,,,,,,,,,,2026-07-02T22:07:42.460Z,2026-07-02T22:07:42.460Z
3615,node/9309855463,node,POINT(-54.536976 -20.4555124),Paraciclo Mercado Santo Antônio,,bicycle_parking,handlebar_holder,6,customers,no,,,,Mercado Santo Antônio,,,,,,,,,,,,,,,,,2026-07-02T22:07:42.460Z,2026-07-02T22:07:42.460Z
3616,node/9309855509,node,POINT(-54.550173 -20.4706481),Paracilo Mercado Santo Antonio,,bicycle_parking,handlebar_holder,6,customers,no,no,,,Mercado Santo Antônio,,,,,,,,,,,,,,,,,2026-07-02T22:07:42.460Z,2026-07-02T22:07:42.460Z
3617,node/9309855510,node,POINT(-54.5500226 -20.4689221),Paraciclo Academia Saúde e Forma,,bicycle_parking,wall_loops,13,customers,,no,,,Academia Saúde e Forma,,,,,,,,,,,,,,,,,2026-07-02T22:07:42.460Z,2026-07-02T22:07:42.460Z
3618,node/9309855511,node,POINT(-54.5506927 -20.4229077),Paraciclo Aacademia Kadas Fitness,,bicycle_parking,front_wheel,2,customers,no,no,,,Academia Kadas Fitness,,,,,,,,,,,,,,,,,2026-07-02T22:07:42.460Z,2026-07-02T22:07:42.460Z
3619,node/9309855512,node,POINT(-54.6236693 -20.4805606),Paraciclo Academia Performance,,bicycle_parking,wall_loops,8,customers,no,no,,,Academia Perormance,,,,,,,,,,,,,,,,,2026-07-02T22:07:42.460Z,2026-07-02T22:07:42.460Z
3620,node/9315155813,node,POINT(-54.5620826 -20.3988628),Paraciclo Leroy Merlin,,bicycle_parking,stands,5,customers,no,no,,,Leroy Merlin,,,,,,,,,,,,,,,,,2026-07-02T22:07:42.460Z,2026-07-02T22:07:42.460Z
3621,node/9315190032,node,POINT(-54.5640515 -20.416402),Paraciclo Alpha Academia,,bicycle_parking,wall_loops,7,yes,no,no,,,Alpha Academia,,,,,,,,,,,,,,,,,2026-07-02T22:07:42.460Z,2026-07-02T22:07:42.460Z
3622,node/9315197392,node,POINT(-54.6624008 -20.4206317),Bicicletário UEMS,,bicycle_parking,stands,32,yes,yes,no,,,UEMS,,,,,,,,,,,,,,,,,2026-07-02T22:07:42.460Z,2026-07-02T22:07:42.460Z
3623,node/9315651816,node,POINT(-54.5701907 -20.4344543),Paraciclo Karandá Shopping,,bicycle_parking,handlebar_holder,5,yes,no,no,,,Karandá Shopping,,,,,,,,,,,,,,,,,2026-07-02T22:07:42.460Z,2026-07-02T22:07:42.460Z
3624,node/9315733821,node,POINT(-54.5702631 -20.4331247),Paraciclo Karandá Shopping,,bicycle_parking,handlebar_holder,4,yes,no,no,,,Karandá Shopping,,,,,,,,,,,,,,,,,2026-07-02T22:07:42.460Z,2026-07-02T22:07:42.460Z
3625,node/9315760539,node,POINT(-54.5980351 -20.437897),Bicicletário Sertão,,bicycle_parking,handlebar_holder,12,yes,no,no,,,Sertão,,,,,,,,,,,,,,,,,2026-07-02T22:07:42.460Z,2026-07-02T22:07:42.460Z
3626,node/9315773688,node,POINT(-54.5512494 -20.4397771),Paraciclo Agência BB - Parque dos Poderes,,bicycle_parking,stands,10,yes,no,no,,,Banco do Brasil,,,,,,,,,,,,,,,,,2026-07-02T22:07:42.460Z,2026-07-02T22:07:42.460Z
3627,node/9315781506,node,POINT(-54.6013202 -20.441544),Bicicletário Agência Bradesco,,bicycle_parking,stands,5,yes,no,no,,,Bradesco,,,,,,,,,,,,,,,,,2026-07-02T22:07:42.460Z,2026-07-02T22:07:42.460Z
3628,node/9315904795,node,POINT(-54.5920616 -20.4338626),Bicicletário Lotérica Cidade Morena,,bicycle_parking,rack,5,yes,no,no,,,Lotérica Cidade Morena,,,,,,,,,,,,,,,,,2026-07-02T22:07:42.460Z,2026-07-02T22:07:42.460Z
3629,node/9316202242,node,POINT(-54.6514954 -20.462762),Bicicletário Atacadão,,bicycle_parking,rack,12,yes,no,no,,,Atacadão,,,,,,,,,,,,,,,,,2026-07-02T22:07:42.460Z,2026-07-02T22:07:42.460Z
3630,node/9316808603,node,POINT(-43.3444495 -22.944612),,,bicycle_parking,,9,,no,no,,,operator=Rio Office Mall,,,,,,,,,,,,,,,,,2026-07-02T22:07:42.460Z,2026-07-02T22:07:42.460Z
3631,node/9316828047,node,POINT(-43.3403863 -22.9436812),,,bicycle_parking,stands,2,yes,,,,,,,,,,,,,,,,,,,,,,2026-07-02T22:07:42.460Z,2026-07-02T22:07:42.460Z
3632,node/9316828048,node,POINT(-43.3411521 -22.9422337),,,bicycle_parking,stands,2,yes,,,,,,,,,,,,,,,,,,,,,,2026-07-02T22:07:42.460Z,2026-07-02T22:07:42.460Z
3633,node/9316828049,node,POINT(-43.3414096 -22.9419293),,,bicycle_parking,stands,3,yes,,,,,,,,,,,,,,,,,,,,,,2026-07-02T22:07:42.460Z,2026-07-02T22:07:42.460Z
3634,node/9316828050,node,POINT(-43.3414753 -22.9418218),,,bicycle_parking,stands,3,yes,,,,,,,,,,,,,,,,,,,,,,2026-07-02T22:07:42.460Z,2026-07-02T22:07:42.460Z
3635,node/9316828051,node,POINT(-43.3416952 -22.9414587),,,bicycle_parking,stands,3,yes,,,,,,,,,,,,,,,,,,,,,,2026-07-02T22:07:42.460Z,2026-07-02T22:07:42.460Z
3636,node/9316828052,node,POINT(-43.3422424 -22.9410005),,,bicycle_parking,stands,3,yes,,,,,,,,,,,,,,,,,,,,,,2026-07-02T22:07:42.460Z,2026-07-02T22:07:42.460Z
3637,node/9316828053,node,POINT(-43.3423752 -22.9409561),,,bicycle_parking,stands,3,yes,,,,,,,,,,,,,,,,,,,,,,2026-07-02T22:07:42.460Z,2026-07-02T22:07:42.460Z
3638,node/9316828054,node,POINT(-43.3419661 -22.9409968),,,bicycle_parking,stands,3,yes,,,,,,,,,,,,,,,,,,,,,,2026-07-02T22:07:42.460Z,2026-07-02T22:07:42.460Z
3639,node/9316828055,node,POINT(-43.3417972 -22.9410499),,,bicycle_parking,stands,4,yes,,yes,,,,,,,,,,,,,,,,,,,,2026-07-02T22:07:42.460Z,2026-07-02T22:07:42.460Z
3640,node/9316828056,node,POINT(-43.3416389 -22.941129),,,bicycle_parking,stands,4,yes,,,,,,,,,,,,,,,,,,,,,,2026-07-02T22:07:42.460Z,2026-07-02T22:07:42.460Z
3641,node/9316828057,node,POINT(-43.3434595 -22.9404368),,,bicycle_parking,stands,6,yes,no,,,,,,,,,,,,,,,,,,,,,2026-07-02T22:07:42.460Z,2026-07-02T22:07:42.460Z
3642,node/9316828058,node,POINT(-43.3438628 -22.9398588),,,bicycle_parking,stands,2,yes,,,,,,,,,,,,,,,,,,,,,,2026-07-02T22:07:42.460Z,2026-07-02T22:07:42.460Z
3643,node/9316828059,node,POINT(-43.3440361 -22.9396537),,,bicycle_parking,stands,2,yes,no,,,,,,,,,,,,,,,,,,,,,2026-07-02T22:07:42.460Z,2026-07-02T22:07:42.460Z
3644,node/9316828060,node,POINT(-43.3445565 -22.9390547),,,bicycle_parking,stands,10,yes,no,,,,,,,,,,,,,,,,,,,,,2026-07-02T22:07:42.460Z,2026-07-02T22:07:42.460Z
3645,node/9316828061,node,POINT(-43.3443996 -22.9389374),,,bicycle_parking,stands,3,yes,no,,,,,,,,,,,,,,,,,,,,,2026-07-02T22:07:42.460Z,2026-07-02T22:07:42.460Z
3646,node/9316828062,node,POINT(-43.3435399 -22.9396636),,,bicycle_parking,stands,2,yes,no,,,,,,,,,,,,,,,,,,,,,2026-07-02T22:07:42.460Z,2026-07-02T22:07:42.460Z
3647,node/9316828063,node,POINT(-43.3434809 -22.9396439),,,bicycle_parking,stands,2,yes,no,,,,,,,,,,,,,,,,,,,,,2026-07-02T22:07:42.460Z,2026-07-02T22:07:42.460Z
3648,node/9316828064,node,POINT(-43.3431872 -22.9397167),,,bicycle_parking,stands,2,yes,,,,,,,,,,,,,,,,,,,,,,2026-07-02T22:07:42.460Z,2026-07-02T22:07:42.460Z
3649,node/9316828065,node,POINT(-43.3431047 -22.9395395),,,bicycle_parking,stands,2,,,,,,,,,,,,,,,,,,,,,,,2026-07-02T22:07:42.460Z,2026-07-02T22:07:42.460Z
3650,node/9316828066,node,POINT(-43.3429405 -22.9396229),,,bicycle_parking,stands,2,yes,,,,,,,,,,,,,,,,,,,,,,2026-07-02T22:07:42.460Z,2026-07-02T22:07:42.460Z
3651,node/9316828067,node,POINT(-43.3425294 -22.9395154),,,bicycle_parking,stands,2,yes,,,,,,,,,,,,,,,,,,,,,,2026-07-02T22:07:42.460Z,2026-07-02T22:07:42.460Z
3652,node/9316828068,node,POINT(-43.3425569 -22.9393715),,,bicycle_parking,stands,2,yes,,,,,,,,,,,,,,,,,,,,,,2026-07-02T22:07:42.460Z,2026-07-02T22:07:42.460Z
3653,node/9316828069,node,POINT(-43.3423685 -22.9393172),,,bicycle_parking,stands,2,yes,,,,,,,,,,,,,,,,,,,,,,2026-07-02T22:07:42.460Z,2026-07-02T22:07:42.460Z
3654,node/9316828070,node,POINT(-43.3421331 -22.9394006),,,bicycle_parking,stands,2,yes,,,,,,,,,,,,,,,,,,,,,,2026-07-02T22:07:42.460Z,2026-07-02T22:07:42.460Z
3655,node/9316828071,node,POINT(-43.3417026 -22.9392647),,,bicycle_parking,stands,2,yes,,,,,,,,,,,,,,,,,,,,,,2026-07-02T22:07:42.460Z,2026-07-02T22:07:42.460Z
3656,node/9316828072,node,POINT(-43.3415316 -22.9390578),,,bicycle_parking,stands,5,yes,,,,,,,,,,,,,,,,,,,,,,2026-07-02T22:07:42.460Z,2026-07-02T22:07:42.460Z
3657,node/9316828073,node,POINT(-43.3411393 -22.9391011),,,bicycle_parking,stands,2,yes,,,,,,,,,,,,,,,,,,,,,,2026-07-02T22:07:42.460Z,2026-07-02T22:07:42.460Z
3658,node/9316828074,node,POINT(-43.3411246 -22.9389522),,,bicycle_parking,stands,2,yes,,,,,,,,,,,,,,,,,,,,,,2026-07-02T22:07:42.460Z,2026-07-02T22:07:42.460Z
3659,node/9316828075,node,POINT(-43.3407712 -22.9388281),,,bicycle_parking,stands,2,yes,,,,,,,,,,,,,,,,,,,,,,2026-07-02T22:07:42.460Z,2026-07-02T22:07:42.460Z
3660,node/9316828076,node,POINT(-43.3409422 -22.9390263),,,bicycle_parking,stands,2,yes,,,,,,,,,,,,,,,,,,,,,,2026-07-02T22:07:42.460Z,2026-07-02T22:07:42.460Z
3661,node/9316828077,node,POINT(-43.3404128 -22.9387089),,,bicycle_parking,stands,2,yes,,,,,,,,,,,,,,,,,,,,,,2026-07-02T22:07:42.460Z,2026-07-02T22:07:42.460Z
3662,node/9316828078,node,POINT(-43.3401131 -22.9387855),,,bicycle_parking,stands,2,yes,,,,,,,,,,,,,,,,,,,,,,2026-07-02T22:07:42.460Z,2026-07-02T22:07:42.460Z
3663,node/9316828079,node,POINT(-43.3398113 -22.9386682),,,bicycle_parking,stands,2,yes,,,,,,,,,,,,,,,,,,,,,,2026-07-02T22:07:42.460Z,2026-07-02T22:07:42.460Z
3664,node/9316828080,node,POINT(-43.3394901 -22.9385243),,,bicycle_parking,stands,2,yes,,,,,,,,,,,,,,,,,,,,,,2026-07-02T22:07:42.460Z,2026-07-02T22:07:42.460Z
3665,node/9316828081,node,POINT(-43.3389 -22.9378209),,,bicycle_parking,stands,2,yes,,,,,,,,,,,,,,,,,,,,,,2026-07-02T22:07:42.460Z,2026-07-02T22:07:42.460Z
3666,node/9316828082,node,POINT(-43.3382228 -22.9375245),,,bicycle_parking,stands,3,yes,,,,,,,,,,,,,,,,,,,,,,2026-07-02T22:07:42.460Z,2026-07-02T22:07:42.460Z
3667,node/9316828083,node,POINT(-43.3374979 -22.9375078),,,bicycle_parking,stands,2,yes,,,,,,,,,,,,,,,,,,,,,,2026-07-02T22:07:42.460Z,2026-07-02T22:07:42.460Z
3668,node/9317946542,node,POINT(-54.6124536 -20.4959416),Paraciclo Atacadão Costa e Silva,,bicycle_parking,rack,40,yes,yes,no,,,Atacadão,,,,,,,,,,,,,,,,,2026-07-02T22:07:42.460Z,2026-07-02T22:07:42.460Z
3669,node/9317998306,node,POINT(-54.634128 -20.4544404),Paraciclo Comper Tamandaré,,bicycle_parking,wall_loops,20,yes,no,no,,,Supermercado Comper,,,,,,,,,,,,,,,,,2026-07-02T22:07:42.460Z,2026-07-02T22:07:42.460Z
3670,node/9318001782,node,POINT(-54.6569775 -20.5156044),Bicicletário Comper Tijuca,,bicycle_parking,rack,10,yes,no,no,,,Supermercado Comper,,,,,,,,,,,,,,,,,2026-07-02T22:07:42.460Z,2026-07-02T22:07:42.460Z
3671,node/9318789724,node,POINT(-35.2035431 -5.7764496),,,bicycle_parking,,,yes,,,,,,,,,,,,,,,,,,,,,,2026-07-02T22:07:42.460Z,2026-07-02T22:07:42.460Z
3672,node/9318789725,node,POINT(-35.2009755 -5.7845221),,,bicycle_parking,,,yes,,,,,,,,,,,,,,,,,,,,,,2026-07-02T22:07:42.460Z,2026-07-02T22:07:42.460Z
3673,node/9318789726,node,POINT(-35.2004099 -5.7847447),,,bicycle_parking,,,yes,,,,,,,,,,,,,,,,,,,,,,2026-07-02T22:07:42.460Z,2026-07-02T22:07:42.460Z
3674,node/9318789727,node,POINT(-35.200886 -5.8413731),,,bicycle_parking,,,yes,,,,,,,,,,,,,,,,,,,,,,2026-07-02T22:07:42.460Z,2026-07-02T22:07:42.460Z
3675,node/9318789728,node,POINT(-35.2003578 -5.841952),,,bicycle_parking,,,yes,,,,,,,,,,,,,,,,,,,,,,2026-07-02T22:07:42.460Z,2026-07-02T22:07:42.460Z
3676,node/9318789729,node,POINT(-35.1989658 -5.8426323),,,bicycle_parking,,,yes,,,,,,,,,,,,,,,,,,,,,,2026-07-02T22:07:42.460Z,2026-07-02T22:07:42.460Z
3677,node/9318789730,node,POINT(-35.1996624 -5.8431842),,,bicycle_parking,,,yes,,,,,,,,,,,,,,,,,,,,,,2026-07-02T22:07:42.460Z,2026-07-02T22:07:42.460Z
3678,node/9318789731,node,POINT(-35.2196385 -5.7957598),,,bicycle_parking,,,yes,,,,,,,,,,,,,,,,,,,,,,2026-07-02T22:07:42.460Z,2026-07-02T22:07:42.460Z
3679,node/9318789732,node,POINT(-35.2478691 -5.7590576),,,bicycle_parking,,,private,,,,,Partage Norte Shopping,,,,,,,,,,,,,,,,,2026-07-02T22:07:42.460Z,2026-07-02T22:07:42.460Z
3680,node/9318789733,node,POINT(-35.2531065 -5.752009),,,bicycle_parking,,,yes,,,,,Prefeitura,,,,,,,,,,,,,,,,,2026-07-02T22:07:42.460Z,2026-07-02T22:07:42.460Z
3681,node/9318789734,node,POINT(-35.2520668 -5.7615493),,,bicycle_parking,,,private,,,,,,,,,,,,,,,,,,,,,,2026-07-02T22:07:42.460Z,2026-07-02T22:07:42.460Z
3682,node/9318789735,node,POINT(-35.2068001 -5.815407),,,bicycle_parking,,,private,,,,,Nordestão,,,,,,,,,,,,,,,,,2026-07-02T22:07:42.460Z,2026-07-02T22:07:42.460Z
3683,node/9318789736,node,POINT(-35.2051543 -5.8110604),,,bicycle_parking,,,private,,,,,Shopping Midway Mall,,,,,,,,,,,,,,,,,2026-07-02T22:07:42.460Z,2026-07-02T22:07:42.460Z
3684,node/9318789737,node,POINT(-35.2062948 -5.8495314),,,bicycle_parking,,,private,,,,,Nordestão,,,,,,,,,,,,,,,,,2026-07-02T22:07:42.460Z,2026-07-02T22:07:42.460Z
3685,node/9319735912,node,POINT(-43.3441332 -22.9649364),,,bicycle_parking,stands,,,,,,,,,,,,,,,,,,,,,,,,2026-07-02T22:07:42.460Z,2026-07-02T22:07:42.460Z
3686,node/9320521500,node,POINT(-35.2109122 -5.8420383),,,bicycle_parking,,,yes,yes,,,,,,,,,,,,,,,,,,,,,2026-07-02T22:07:42.460Z,2026-07-02T22:07:42.460Z
3687,node/9321336936,node,POINT(-54.5305248 -20.4611769),Paraciclo Instituto Guataverá,,bicycle_parking,wall_loops,6,customers,no,no,,,Instituto Guapuverá,,,,,,,,,,,,,,,,,2026-07-02T22:07:42.460Z,2026-07-02T22:07:42.460Z
3688,node/9321336937,node,POINT(-54.5305934 -20.4611664),Paraciclo Panificadora Pão Dourado,,bicycle_parking,wall_loops,5,yes,no,no,,,Panificadora Pão Dourado,,,,,,,,,,,,,,,,,2026-07-02T22:07:42.460Z,2026-07-02T22:07:42.460Z
3689,node/9321336938,node,POINT(-54.5418096 -20.4392399),Paraciclo Uniderp-Agrárias,,bicycle_parking,wall_loops,15,customers,no,no,,,Uniderp Agrárias,,,,,,,,,,,,,,,,,2026-07-02T22:07:42.460Z,2026-07-02T22:07:42.460Z
3690,node/9321336939,node,POINT(-54.6250422 -20.4493873),Paraciclo Nutri + Coco Verde,,bicycle_parking,wall_loops,5,yes,yes,no,,,Nutri + Coco Verde,,,,,,,,,,,,,,,,,2026-07-02T22:07:42.460Z,2026-07-02T22:07:42.460Z
3691,node/9321336940,node,POINT(-54.6477486 -20.4359615),Paraciclo do Colégio Militar,,bicycle_parking,handlebar_holder,20,customers,yes,no,,,Colegio Militar,,,,,,,,,,,,,,,,,2026-07-02T22:07:42.460Z,2026-07-02T22:07:42.460Z
3692,node/9321336942,node,POINT(-54.6309564 -20.4971791),Paraciclo Lotéricas,,bicycle_parking,wall_loops,6,yes,no,no,,,Lotéricas Supermercado Duarte,,,,,,,,,,,,,,,,,2026-07-02T22:07:42.460Z,2026-07-02T22:07:42.460Z
3693,node/9321336943,node,POINT(-54.6311117 -20.4971777),Paraciclo Supermercado Duarte,,bicycle_parking,wall_loops,10,yes,no,no,,,Supermercado Duarte,,,,,,,,,,,,,,,,,2026-07-02T22:07:42.460Z,2026-07-02T22:07:42.460Z
3694,node/9321336944,node,POINT(-54.6238857 -20.495095),Paraciclo USB Piratininga,,bicycle_parking,wall_loops,6,yes,no,no,,,UBS Piratininga,,,,,,,,,,,,,,,,,2026-07-02T22:07:42.460Z,2026-07-02T22:07:42.460Z
3695,node/9321596715,node,POINT(-54.5921851 -20.523013),Bicicletário Supermercado Guaicurus,,bicycle_parking,rack,20,yes,no,no,,,Supermercado Guaicurus,,,,,,,,,,,,,,,,,2026-07-02T22:07:42.460Z,2026-07-02T22:07:42.460Z
3696,node/9321639218,node,POINT(-54.6699808 -20.4572337),Paraciclo Aeroporto (funcionários),,bicycle_parking,handlebar_holder,30,yes,no,no,,,,,,,,,,,,,,,,,,,,2026-07-02T22:07:42.460Z,2026-07-02T22:07:42.460Z
3697,node/9321691844,node,POINT(-54.5906816 -20.5224961),Bicicletário Hortifruti Santa Rita,,bicycle_parking,rack,5,yes,,no,,,Hortifruti Santa Rita,,,,,,,,,,,,,,,,,2026-07-02T22:07:42.460Z,2026-07-02T22:07:42.460Z
3698,node/9321705543,node,POINT(-54.5732322 -20.5162115),Bicicletário Campesino Supermercados,,bicycle_parking,rack,5,yes,no,no,,,Campesino Supermercados,,,,,,,,,,,,,,,,,2026-07-02T22:07:42.460Z,2026-07-02T22:07:42.460Z
3699,node/9321720071,node,POINT(-54.6448415 -20.537805),Bicicletário SUPERMERCADO ZAPE,,bicycle_parking,handlebar_holder,6,yes,no,no,,,SUPERMERCADO ZAPE,,,,,,,,,,,,,,,,,2026-07-02T22:07:42.460Z,2026-07-02T22:07:42.460Z
3700,node/9321722302,node,POINT(-54.602951 -20.5266458),,,bicycle_parking,,,,,,,,,,,,,,,,,,,,,,,,,2026-07-02T22:07:42.460Z,2026-07-02T22:07:42.460Z
3701,node/9321743654,node,POINT(-54.654351 -20.5349925),Bicicletário Mercearia Rocha,,bicycle_parking,front_wheel,10,yes,yes,no,,,Mercearia Rocha,,,,,,,,,,,,,,,,,2026-07-02T22:07:42.472Z,2026-07-02T22:07:42.472Z
3702,node/9321926953,node,POINT(-54.6620991 -20.4209858),Bicicletário UEMS,,bicycle_parking,stands,32,yes,yes,no,,,UEMS,,,,,,,,,,,,,,,,,2026-07-02T22:07:42.472Z,2026-07-02T22:07:42.472Z
3703,node/9321926954,node,POINT(-54.6622686 -20.4214651),Bicicletário UEMS,,bicycle_parking,stands,32,yes,yes,no,,,UEMS,,,,,,,,,,,,,,,,,2026-07-02T22:07:42.472Z,2026-07-02T22:07:42.472Z
3704,node/9321926955,node,POINT(-54.6643329 -20.4215084),Bicicletário UEMS,,bicycle_parking,stands,32,yes,yes,no,,,UEMS,,,,,,,,,,,,,,,,,2026-07-02T22:07:42.472Z,2026-07-02T22:07:42.472Z
3705,node/9321926956,node,POINT(-54.6643113 -20.421237),Bicicletário UEMS,,bicycle_parking,stands,32,yes,yes,no,,,UEMS,,,,,,,,,,,,,,,,,2026-07-02T22:07:42.472Z,2026-07-02T22:07:42.472Z
3706,node/9321926957,node,POINT(-54.6634209 -20.4216961),Bicicletário UEMS,,bicycle_parking,stands,32,yes,yes,no,,,UEMS,,,,,,,,,,,,,,,,,2026-07-02T22:07:42.472Z,2026-07-02T22:07:42.472Z
3707,node/9323772288,node,POINT(-54.6090966 -20.4684714),Bicicletário Hemosul,,bicycle_parking,front_wheel,12,yes,no,no,,,Hemosul,,,,,,,,,,,,,,,,,2026-07-02T22:07:42.472Z,2026-07-02T22:07:42.472Z
3708,node/9324250465,node,POINT(-54.6049037 -20.4679484),Bicicletário Universidade Estácio de Sá,,bicycle_parking,stands,12,private,no,no,,,Universidade Estácio de Sá,,,,,,,,,,,,,,,,,2026-07-02T22:07:42.472Z,2026-07-02T22:07:42.472Z
3709,node/9324321844,node,POINT(-54.6763921 -20.50021),,,bicycle_parking,wall_loops,6,customers,no,no,,,Supermercado Duarte,,,,,,,,,,,,,,,,,2026-07-02T22:07:42.472Z,2026-07-02T22:07:42.472Z
3710,node/9324372308,node,POINT(-54.6815848 -20.4983935),Bicicletário Real Supermercados,,bicycle_parking,wall_loops,50,yes,yes,no,,,Real Supermercados,,,,,,,,,,,,,,,,,2026-07-02T22:07:42.472Z,2026-07-02T22:07:42.472Z
3711,node/9324688771,node,POINT(-54.6284125 -20.5492531),,,bicycle_parking,front_wheel,10,yes,no,no,,,UBSF Jardim Los Angeles,,,,,,,,,,,,,,,,,2026-07-02T22:07:42.472Z,2026-07-02T22:07:42.472Z
3754,node/9337404537,node,POINT(-54.6705709 -20.5343783),Paraciclo,,bicycle_parking,wall_loops,10,yes,no,no,,,,,,,,,,,,,,,,,,,,2026-07-02T22:07:42.472Z,2026-07-02T22:07:42.472Z
3712,node/9324975245,node,POINT(-54.5731885 -20.4711391),Paraciclo B - Shopping das Araras,,bicycle_parking,wall_loops,15,yes,no,no,,,Shopping das Araras,,,,,,,,,,,,,,,,,2026-07-02T22:07:42.472Z,2026-07-02T22:07:42.472Z
3713,node/9324975246,node,POINT(-54.5738369 -20.4712826),Paraciclo A - Shopping das Araras,,bicycle_parking,wall_loops,15,yes,no,no,,,Shopping das Araras,,,,,,,,,,,,,,,,,2026-07-02T22:07:42.472Z,2026-07-02T22:07:42.472Z
3714,node/9324975247,node,POINT(-54.5837778 -20.4704746),Paraciclo - Assaí Joaquim Murtinho,,bicycle_parking,stands,20,yes,no,no,,,Assaí Atacadista,,,,,,,,,,,,,,,,,2026-07-02T22:07:42.472Z,2026-07-02T22:07:42.472Z
3715,node/9324975248,node,POINT(-54.5686292 -20.47157),Paraciclo Mercado Bolando,,bicycle_parking,rack,8,yes,no,no,,,Mercado Bolando,,,,,,,,,,,,,,,,,2026-07-02T22:07:42.472Z,2026-07-02T22:07:42.472Z
3716,node/9325215693,node,POINT(-54.6666823 -20.4454362),,,bicycle_parking,handlebar_holder,7,yes,no,no,,,Igreja Missionária,,,,,,,,,,,,,,,,,2026-07-02T22:07:42.472Z,2026-07-02T22:07:42.472Z
3717,node/9325262091,node,POINT(-54.6651156 -20.4453257),Bicicletário Terminal Julho de Castillho,,bicycle_parking,front_wheel,30,yes,yes,no,,,Terminal Julho de Castillho,,,,,,,,,,,,,,,,,2026-07-02T22:07:42.472Z,2026-07-02T22:07:42.472Z
3718,node/9325298726,node,POINT(-54.6788269 -20.4471749),Bicicletário Supermercado Nunes,,bicycle_parking,handlebar_holder,4,customers,yes,no,,,Supermercado Nunes,,,,,,,,,,,,,,,,,2026-07-02T22:07:42.472Z,2026-07-02T22:07:42.472Z
3719,node/9325312977,node,POINT(-54.682449 -20.4489647),Bicicletário Mercado Moreira,,bicycle_parking,front_wheel,6,customers,yes,no,,,Mercado Moreira,,,,,,,,,,,,,,,,,2026-07-02T22:07:42.472Z,2026-07-02T22:07:42.472Z
3720,node/9325778389,node,POINT(-54.6108837 -20.4795122),Paraciclo Comper Rui Barbosa,,bicycle_parking,rack,6,yes,yes,no,,,Comper Rui Barbosa,,,,,,,,,,,,,,,,,2026-07-02T22:07:42.472Z,2026-07-02T22:07:42.472Z
3721,node/9327518318,node,POINT(-54.5842178 -20.4719413),Paraciclo - Fort Tiradentes,,bicycle_parking,handlebar_holder,11,yes,no,no,,,Fort Atacadista,,,,,,,,,,,,,,,,,2026-07-02T22:07:42.472Z,2026-07-02T22:07:42.472Z
3722,node/9327723885,node,POINT(-54.606538 -20.4607251),Paraciclo Sul - Praça Belmar Fidalgo,,bicycle_parking,rack,8,yes,no,no,,,Prefeitura,,,,,,,,,,,,,,,,,2026-07-02T22:07:42.472Z,2026-07-02T22:07:42.472Z
3723,node/9327723886,node,POINT(-54.6067391 -20.4596395),Paraciclo Norte - Praça Belmar Fidalgo,,bicycle_parking,rack,8,yes,no,no,,,Prefeitura,,,,,,,,,,,,,,,,,2026-07-02T22:07:42.472Z,2026-07-02T22:07:42.472Z
3724,node/9334578897,node,POINT(-54.6600343 -20.5286413),,,bicycle_parking,front_wheel,6,yes,no,no,,,Grupo Liderança,,,,,,,,,,,,,,,,,2026-07-02T22:07:42.472Z,2026-07-02T22:07:42.472Z
3725,node/9334620232,node,POINT(-54.6549033 -20.510878),,,bicycle_parking,stands,20,yes,no,no,,,Banco do Brasil,,,,,,,,,,,,,,,,,2026-07-02T22:07:42.472Z,2026-07-02T22:07:42.472Z
3726,node/9334653211,node,POINT(-54.6539607 -20.5065965),,,bicycle_parking,handlebar_holder,6,customers,no,no,,,Supermercado do Produtor,,,,,,,,,,,,,,,,,2026-07-02T22:07:42.472Z,2026-07-02T22:07:42.472Z
3727,node/9334659185,node,POINT(-54.6501819 -20.4955974),Paraciclo Drogasil,,bicycle_parking,rack,1,customers,no,no,,,Drogasil,,,,,,,,,,,,,,,,,2026-07-02T22:07:42.472Z,2026-07-02T22:07:42.472Z
3728,node/9334665595,node,POINT(-54.6404037 -20.4792329),Bicicletário Supermercado Comper,,bicycle_parking,wall_loops,10,yes,yes,no,,,Supermercado Comper,,,,,,,,,,,,,,,,,2026-07-02T22:07:42.472Z,2026-07-02T22:07:42.472Z
3729,node/9334679546,node,POINT(-54.6450023 -20.4853484),Paraciclo Academia Hi-Power,,bicycle_parking,wall_loops,10,yes,no,no,,,Academia Hi-Power,,,,,,,,,,,,,,,,,2026-07-02T22:07:42.472Z,2026-07-02T22:07:42.472Z
3730,node/9334741564,node,POINT(-54.6284495 -20.4686633),Paraciclo Loja Falantes & Cia.,,bicycle_parking,wall_loops,4,yes,no,no,,,Loja Falantes & Cia.,,,,,,,,,,,,,,,,,2026-07-02T22:07:42.472Z,2026-07-02T22:07:42.472Z
3731,node/9334751731,node,POINT(-54.624944 -20.4661551),Paraciclo Senai,,bicycle_parking,wall_loops,9,customers,no,no,,,Senai,,,,,,,,,,,,,,,,,2026-07-02T22:07:42.472Z,2026-07-02T22:07:42.472Z
3732,node/9334760215,node,POINT(-54.6575747 -20.4396498),Paraciclo UPA Vila Almeida,,bicycle_parking,wall_loops,6,yes,no,no,,,UPA Vila Almeida,,,,,,,,,,,,,,,,,2026-07-02T22:07:42.472Z,2026-07-02T22:07:42.472Z
3733,node/9334766758,node,POINT(-54.6482108 -20.4939004),Paraciclo Correios AC Guanandi,,bicycle_parking,wall_loops,3,yes,no,no,,,Correios AC Guanandi,,,,,,,,,,,,,,,,,2026-07-02T22:07:42.472Z,2026-07-02T22:07:42.472Z
3734,node/9335087787,node,POINT(-54.6715625 -20.5373008),,,bicycle_parking,wall_loops,8,yes,no,no,,,,,,,,,,,,,,,,,,,,2026-07-02T22:07:42.472Z,2026-07-02T22:07:42.472Z
3735,node/9335087788,node,POINT(-54.6715696 -20.5373227),Paraciclo em frente a Drogaria Pacheco,,bicycle_parking,wall_loops,5,yes,no,no,,,,,,,,,,,,,,,,,,,,2026-07-02T22:07:42.472Z,2026-07-02T22:07:42.472Z
3736,node/9335087789,node,POINT(-54.6714741 -20.537319),Paraciclo em frente a loja de utilidades,,bicycle_parking,wall_loops,4,yes,no,no,,,,,,,,,,,,,,,,,,,,2026-07-02T22:07:42.472Z,2026-07-02T22:07:42.472Z
3737,node/9335116900,node,POINT(-54.6715537 -20.5371044),Paraciclo Drogaria Droga Mais,,bicycle_parking,wall_loops,10,yes,yes,no,,,Drogaria Droga Mais,,,,,,,,,,,,,,,,,2026-07-02T22:07:42.472Z,2026-07-02T22:07:42.472Z
3738,node/9335150285,node,POINT(-40.8185837 -21.0348113),,,bicycle_parking,,5,,,,,,,,,,,,,,,,,,,,,,,2026-07-02T22:07:42.472Z,2026-07-02T22:07:42.472Z
3739,node/9335165661,node,POINT(-54.6602128 -20.5054424),Paraciclo Depósito Milênio,,bicycle_parking,wall_loops,12,yes,no,no,,,Depósito Milênio,,,,,,,,,,,,,,,,,2026-07-02T22:07:42.472Z,2026-07-02T22:07:42.472Z
3740,node/9335177305,node,POINT(-54.6593052 -20.4867754),Paraciclo Casa & Cor,,bicycle_parking,wall_loops,4,yes,no,no,,,Casa & Cor,,,,,,,,,,,,,,,,,2026-07-02T22:07:42.472Z,2026-07-02T22:07:42.472Z
3741,node/9335191335,node,POINT(-54.679161 -20.4992628),Paraciclo Lotérica O Vitorioso,,bicycle_parking,wall_loops,7,yes,no,no,,,Lotérica O Vitorioso,,,,,,,,,,,,,,,,,2026-07-02T22:07:42.472Z,2026-07-02T22:07:42.472Z
3742,node/9335195396,node,POINT(-54.6818508 -20.4983279),Paraciclo Barbearia El Shaday,,bicycle_parking,wall_loops,5,yes,no,no,,,Barbearia El Shaday,,,,,,,,,,,,,,,,,2026-07-02T22:07:42.472Z,2026-07-02T22:07:42.472Z
3743,node/9335201668,node,POINT(-54.6763362 -20.5003842),Paraciclo Drogaria Nielly,,bicycle_parking,wall_loops,5,customers,no,no,,,Drogaria Nielly,,,,,,,,,,,,,,,,,2026-07-02T22:07:42.472Z,2026-07-02T22:07:42.472Z
3744,node/9335203743,node,POINT(-54.6811288 -20.498739),Paraciclo Loja Club Doopé,,bicycle_parking,wall_loops,3,yes,no,no,,,Loja Club Doopé,,,,,,,,,,,,,,,,,2026-07-02T22:07:42.472Z,2026-07-02T22:07:42.472Z
3745,node/9335207177,node,POINT(-54.6851231 -20.4972282),Paraciclo Academia Power Fitness,,bicycle_parking,wall_loops,5,yes,no,no,,,Academia Power Fitness,,,,,,,,,,,,,,,,,2026-07-02T22:07:42.472Z,2026-07-02T22:07:42.472Z
3746,node/9335286072,node,POINT(-54.5651376 -20.4702682),Paraciclo Nutri Pet,,bicycle_parking,wall_loops,7,customers,no,no,,,Nutri Pet,,,,,,,,,,,,,,,,,2026-07-02T22:07:42.472Z,2026-07-02T22:07:42.472Z
3747,node/9335286073,node,POINT(-54.5750624 -20.4773719),Paraciclo Tabernáculo da Revelação,,bicycle_parking,handlebar_holder,12,permissive,no,no,,,Tabernáculo,,,,,,,,,,,,,,,,,2026-07-02T22:07:42.472Z,2026-07-02T22:07:42.472Z
3748,node/9337354384,node,POINT(-54.6731068 -20.5424544),Paraciclo Drogaria Bem Viver,,bicycle_parking,wall_loops,3,yes,no,no,,,Drogaria Bem Viver,,,,,,,,,,,,,,,,,2026-07-02T22:07:42.472Z,2026-07-02T22:07:42.472Z
3749,node/9337359628,node,POINT(-54.6734007 -20.5429023),Paraciclo Atletic Academia,,bicycle_parking,wall_loops,14,yes,no,no,,,Atletic Academia,,,,,,,,,,,,,,,,,2026-07-02T22:07:42.472Z,2026-07-02T22:07:42.472Z
3750,node/9337366797,node,POINT(-54.6709585 -20.5355781),Paraciclo  Drogarias Farmais,,bicycle_parking,wall_loops,3,yes,no,no,,,Rede de Drogarias Farmais,,,,,,,,,,,,,,,,,2026-07-02T22:07:42.472Z,2026-07-02T22:07:42.472Z
3751,node/9337372030,node,POINT(-54.6709178 -20.5354438),Paraciclo Academia Sports Center,,bicycle_parking,wall_loops,8,yes,yes,no,,,Academia Sports Center,,,,,,,,,,,,,,,,,2026-07-02T22:07:42.472Z,2026-07-02T22:07:42.472Z
3752,node/9337379950,node,POINT(-54.6713117 -20.5365083),Paraciclo Ágape Multi Serviços,,bicycle_parking,wall_loops,2,yes,no,no,,,Ágape Multi Serviços,,,,,,,,,,,,,,,,,2026-07-02T22:07:42.472Z,2026-07-02T22:07:42.472Z
3753,node/9337404536,node,POINT(-54.670778 -20.5349185),Paraciclo Di Sapatus,,bicycle_parking,wall_loops,4,yes,no,no,,,Di Sapatus,,,,,,,,,,,,,,,,,2026-07-02T22:07:42.472Z,2026-07-02T22:07:42.472Z
3755,node/9337434450,node,POINT(-54.6700118 -20.5335215),Paraciclo,,bicycle_parking,wall_loops,7,yes,yes,no,,,,,,,,,,,,,,,,,,,,2026-07-02T22:07:42.472Z,2026-07-02T22:07:42.472Z
3756,node/9337436926,node,POINT(-54.6689208 -20.5301536),Paraciclo Supermercado Athenas,,bicycle_parking,wall_loops,5,customers,no,no,,,Supermercado Athenas,,,,,,,,,,,,,,,,,2026-07-02T22:07:42.472Z,2026-07-02T22:07:42.472Z
3757,node/9337497492,node,POINT(-54.6677449 -20.5262379),Paraciclo,,bicycle_parking,wall_loops,4,yes,yes,no,,,,,,,,,,,,,,,,,,,,2026-07-02T22:07:42.472Z,2026-07-02T22:07:42.472Z
3758,node/9337497493,node,POINT(-54.6664252 -20.5224332),,,bicycle_parking,wall_loops,9,yes,no,no,,,Supermercado Pires,,,,,,,,,,,,,,,,,2026-07-02T22:07:42.472Z,2026-07-02T22:07:42.472Z
3759,node/9337497494,node,POINT(-54.6663988 -20.5223399),,,bicycle_parking,wall_loops,5,yes,yes,no,,,Farmácia Popular Tijuca,,,,,,,,,,,,,,,,,2026-07-02T22:07:42.472Z,2026-07-02T22:07:42.472Z
3760,node/9337497495,node,POINT(-54.6656447 -20.5194462),Diel Cyber,,bicycle_parking,wall_loops,8,yes,yes,no,,,Diel Cyber,,,,,,,,,,,,,,,,,2026-07-02T22:07:42.472Z,2026-07-02T22:07:42.472Z
3761,node/9337497496,node,POINT(-54.6654942 -20.5189741),Paraciclo Mercado Quitanda Maior,,bicycle_parking,wall_loops,5,yes,no,no,,,Mercado Quitanda Maior,,,,,,,,,,,,,,,,,2026-07-02T22:07:42.472Z,2026-07-02T22:07:42.472Z
3762,node/9337497497,node,POINT(-54.6649495 -20.5173121),Paraciclo Supermercado Econômico,,bicycle_parking,handlebar_holder,5,yes,yes,,,,Supermercado Econômico,,,,,,,,,,,,,,,,,2026-07-02T22:07:42.472Z,2026-07-02T22:07:42.472Z
3763,node/9337497498,node,POINT(-54.6647035 -20.5165068),Paraciclo,,bicycle_parking,wall_loops,3,yes,no,no,,,,,,,,,,,,,,,,,,,,2026-07-02T22:07:42.472Z,2026-07-02T22:07:42.472Z
3764,node/9337497499,node,POINT(-54.6644799 -20.5158195),Paraciclo Supermercado Maná,,bicycle_parking,wall_loops,5,yes,yes,no,,,Supermercado Maná,,,,,,,,,,,,,,,,,2026-07-02T22:07:42.472Z,2026-07-02T22:07:42.472Z
3765,node/9337497500,node,POINT(-54.6640408 -20.5143993),Paraciclo Mercado Ouro Branco,,bicycle_parking,wall_loops,5,yes,yes,no,,,Mercado Ouro Branco,,,,,,,,,,,,,,,,,2026-07-02T22:07:42.472Z,2026-07-02T22:07:42.472Z
3766,node/9337497501,node,POINT(-54.6630407 -20.5111227),Paraciclo Supermercado Trazzi,,bicycle_parking,wall_loops,12,yes,yes,no,,,Supermercado Trazzi,,,,,,,,,,,,,,,,,2026-07-02T22:07:42.472Z,2026-07-02T22:07:42.472Z
3767,node/9337497503,node,POINT(-54.6626614 -20.5099729),Paraciclo Home Fight,,bicycle_parking,wall_loops,5,yes,no,no,,,Home Fight,,,,,,,,,,,,,,,,,2026-07-02T22:07:42.472Z,2026-07-02T22:07:42.472Z
3768,node/9337505902,node,POINT(-54.593646 -20.4331667),Grade do Terminal General Osório,,bicycle_parking,informal,,yes,,,,,,,,,,,,,,,,,,,,,,2026-07-02T22:07:42.472Z,2026-07-02T22:07:42.472Z
3769,node/9337624521,node,POINT(-54.6266996 -20.4780439),,,bicycle_parking,informal,,customers,no,no,,,Fort Atacadista,,,,,,,,,,,,,,,,,2026-07-02T22:07:42.472Z,2026-07-02T22:07:42.472Z
3770,node/9337726100,node,POINT(-54.6195864 -20.4670831),Paraciclo Mercadão Municipal,,bicycle_parking,wall_loops,5,yes,no,no,,,Mercadão Municipal Antônio Valente,,,,,,,,,,,,,,,,,2026-07-02T22:07:42.472Z,2026-07-02T22:07:42.472Z
3771,node/9337769215,node,POINT(-54.562427 -20.3870534),Paraciclo Supermercado Pires,,bicycle_parking,wall_loops,10,customers,yes,no,,,Supermercado Pires,,,,,,,,,,,,,,,,,2026-07-02T22:07:42.472Z,2026-07-02T22:07:42.472Z
3772,node/9337774069,node,POINT(-54.5704008 -20.3953104),Paraciclo Drogaria São Leopoldo,,bicycle_parking,wall_loops,5,yes,yes,no,,,Drogaria São Leopoldo,,,,,,,,,,,,,,,,,2026-07-02T22:07:42.472Z,2026-07-02T22:07:42.472Z
3773,node/9338005982,node,POINT(-54.5770665 -20.3895616),Paraciclo Supermercado Lunardi,,bicycle_parking,wall_loops,5,yes,yes,no,,,Supermercado Lunardi,,,,,,,,,,,,,,,,,2026-07-02T22:07:42.472Z,2026-07-02T22:07:42.472Z
3774,node/9338005983,node,POINT(-54.5724181 -20.3900266),Paraciclo,,bicycle_parking,wall_loops,5,yes,no,no,,,,,,,,,,,,,,,,,,,,2026-07-02T22:07:42.472Z,2026-07-02T22:07:42.472Z
3775,node/9338005984,node,POINT(-54.5745995 -20.3926229),Paraciclo Souza Supermercado,,bicycle_parking,wall_loops,8,yes,no,no,,,Souza Supermercado,,,,,,,,,,,,,,,,,2026-07-02T22:07:42.472Z,2026-07-02T22:07:42.472Z
3776,node/9338014608,node,POINT(-54.5920935 -20.4061854),,,bicycle_parking,wall_loops,5,yes,yes,no,,,,,,,,,,,,,,,,,,,,2026-07-02T22:07:42.472Z,2026-07-02T22:07:42.472Z
3777,node/9338030125,node,POINT(-54.558721 -20.3865787),Paraciclo Garoto Supermercado,,bicycle_parking,wall_loops,20,yes,no,no,,,Garoto Supermercado,,,,,,,,,,,,,,,,,2026-07-02T22:07:42.472Z,2026-07-02T22:07:42.472Z
3778,node/9338444678,node,POINT(-54.604939 -20.4468192),Paraciclo Drogasil,,bicycle_parking,wall_loops,1,yes,no,no,,,Drogasil,,,,,,,,,,,,,,,,,2026-07-02T22:07:42.472Z,2026-07-02T22:07:42.472Z
3779,node/9340247182,node,POINT(-54.6199188 -20.3967411),Paraciclo Mercado Marquez,,bicycle_parking,wall_loops,7,yes,no,no,,,Mercado Marquez,,,,,,,,,,,,,,,,,2026-07-02T22:07:42.472Z,2026-07-02T22:07:42.472Z
3780,node/9340294408,node,POINT(-54.6276353 -20.4334433),Paraciclo Academia Performance,,bicycle_parking,wall_loops,6,yes,no,no,,,Academia Performance,,,,,,,,,,,,,,,,,2026-07-02T22:07:42.472Z,2026-07-02T22:07:42.472Z
3781,node/9340334667,node,POINT(-54.6413081 -20.413373),Paraciclo Supermercado Pereira,,bicycle_parking,wall_loops,8,yes,yes,no,,,Supermercado Pereira,,,,,,,,,,,,,,,,,2026-07-02T22:07:42.472Z,2026-07-02T22:07:42.472Z
3782,node/9341036800,node,POINT(-54.5843319 -20.4588897),Paraciclo Petz,,bicycle_parking,wall_loops,7,yes,no,no,,,Estacionamento Petz,,,,,,,,,,,,,,,,,2026-07-02T22:07:42.472Z,2026-07-02T22:07:42.472Z
3783,node/9341687599,node,POINT(-54.6268371 -20.4226677),Paraciclo Mister João Supermercado,,bicycle_parking,wall_loops,9,yes,no,no,,,Mister João Supermercado,,,,,,,,,,,,,,,,,2026-07-02T22:07:42.472Z,2026-07-02T22:07:42.472Z
3784,node/9341687600,node,POINT(-54.6325773 -20.4210397),Paraciclo Telesom Soluções Técnicas,,bicycle_parking,wall_loops,4,yes,no,no,,,Telesom Soluções Técnicas,,,,,,,,,,,,,,,,,2026-07-02T22:07:42.472Z,2026-07-02T22:07:42.472Z
3785,node/9341699836,node,POINT(-54.638423 -20.422551),Paraciclo Supermercado Camila,,bicycle_parking,wall_loops,9,customers,yes,no,,,Supermercado Camila,,,,,,,,,,,,,,,,,2026-07-02T22:07:42.472Z,2026-07-02T22:07:42.472Z
3786,node/9341699837,node,POINT(-54.6484981 -20.4268114),Paraciclo Supermercado Nunes,,bicycle_parking,wall_loops,9,yes,no,no,,,Supermercado Nunes,,,,,,,,,,,,,,,,,2026-07-02T22:07:42.472Z,2026-07-02T22:07:42.472Z
3787,node/9344301116,node,POINT(-54.7028968 -20.4509801),Paraciclo Supermercado Barbosa,,bicycle_parking,wall_loops,5,yes,yes,no,,,Supermercado Barbosa,,,,,,,,,,,,,,,,,2026-07-02T22:07:42.472Z,2026-07-02T22:07:42.472Z
3788,node/9344311330,node,POINT(-54.6889515 -20.4414553),Paraciclo Nunes Supermercado,,bicycle_parking,wall_loops,10,yes,yes,no,,,Nunes Supermercado,,,,,,,,,,,,,,,,,2026-07-02T22:07:42.472Z,2026-07-02T22:07:42.472Z
3789,node/9344311331,node,POINT(-54.6717445 -20.4349909),Paraciclo Supermercado Dona Jandyra,,bicycle_parking,wall_loops,5,yes,yes,no,,,Supermercado Dona Jandyra,,,,,,,,,,,,,,,,,2026-07-02T22:07:42.472Z,2026-07-02T22:07:42.472Z
3790,node/9344325517,node,POINT(-54.7000855 -20.4476106),,,bicycle_parking,wall_loops,10,yes,yes,no,,,Supermercado Carioca II,,,,,,,,,,,,,,,,,2026-07-02T22:07:42.472Z,2026-07-02T22:07:42.472Z
3791,node/9344450530,node,POINT(-54.7085265 -20.4687062),Paraciclo Supermercado Carioca,,bicycle_parking,handlebar_holder,7,yes,no,no,,,Supermercado Carioca,,,,,,,,,,,,,,,,,2026-07-02T22:07:42.472Z,2026-07-02T22:07:42.472Z
3792,node/9344686963,node,POINT(-54.5803791 -20.4809579),Paraciclco Odontoclinic,,bicycle_parking,wall_loops,6,permissive,no,no,,,Odontoclinic,,,,,,,,,,,,,,,,,2026-07-02T22:07:42.472Z,2026-07-02T22:07:42.472Z
3793,node/9344686964,node,POINT(-54.5755028 -20.4775517),Paraciclo Marcio Cabelereiro,,bicycle_parking,wall_loops,2,customers,no,no,,,Marcio Cabelereiro,,,,,,,,,,,,,,,,,2026-07-02T22:07:42.472Z,2026-07-02T22:07:42.472Z
3794,node/9344686965,node,POINT(-54.5757771 -20.47774),Paraciclo Sr. Italo Barbearia,,bicycle_parking,wall_loops,2,permissive,no,no,,,Sr. Italo Barbearia,,,,,,,,,,,,,,,,,2026-07-02T22:07:42.472Z,2026-07-02T22:07:42.472Z
3795,node/9344686966,node,POINT(-54.5790537 -20.4800174),Paraciclo espaço Itatiaia,,bicycle_parking,wall_loops,4,customers,no,no,,,Espaço Itatiaia,,,,,,,,,,,,,,,,,2026-07-02T22:07:42.472Z,2026-07-02T22:07:42.472Z
3796,node/9344686967,node,POINT(-54.6557847 -20.5270755),Bicicletário Condomínio Aero Rancho CH7,,bicycle_parking,stands,18,permissive,yes,no,,,Condomínio Aero Rancho CH 7,,,,,,,,,,,,,,,,,2026-07-02T22:07:42.472Z,2026-07-02T22:07:42.472Z
3797,node/9346401819,node,POINT(-54.5808061 -20.4199625),Paraciclo Havan,,bicycle_parking,wall_loops,5,customers,yes,no,,,Havan,,,,,,,,,,,,,,,,,2026-07-02T22:07:42.472Z,2026-07-02T22:07:42.472Z
3798,node/9351565204,node,POINT(-43.3398967 -22.9564511),,,bicycle_parking,stands,35,yes,yes,no,,,Multiplan (ParkJacarepaguá),,,,,,,,,,,,,,,,,2026-07-02T22:07:42.472Z,2026-07-02T22:07:42.472Z
3799,node/9352462354,node,POINT(-38.4910974 -13.0125345),,,bicycle_parking,stands,20,yes,no,no,,,,,,,,,,,,,,,,,,,,2026-07-02T22:07:42.472Z,2026-07-02T22:07:42.472Z
3800,node/9354286757,node,POINT(-43.3412197 -22.9490113),,,bicycle_parking,,,yes,no,,,,,,,,,,,,,,,,,,,,,2026-07-02T22:07:42.472Z,2026-07-02T22:07:42.472Z
3801,node/9354286758,node,POINT(-43.3441768 -22.9462283),,,bicycle_parking,,,yes,no,,,,,,,,,,,,,,,,,,,,,2026-07-02T22:07:42.484Z,2026-07-02T22:07:42.484Z
3802,node/9363398212,node,POINT(-43.1940768 -22.9513114),,,bicycle_parking,stands,20,yes,no,no,,,,,,,,,,,,,,,,,,,,2026-07-02T22:07:42.484Z,2026-07-02T22:07:42.484Z
3803,node/9363517366,node,POINT(-43.195062 -22.9551309),,,bicycle_parking,stands,4,,no,no,,,,,,,,,,,,,,,,,,,,2026-07-02T22:07:42.484Z,2026-07-02T22:07:42.484Z
3804,node/9363538321,node,POINT(-43.193392 -22.9545531),,,bicycle_parking,stands,2,,no,no,,,,,,,,,,,,,,,,,,,,2026-07-02T22:07:42.484Z,2026-07-02T22:07:42.484Z
3805,node/9366924586,node,POINT(-43.3400851 -22.9458174),,,bicycle_parking,,,yes,no,no,,,Supermercado Prezunic,,,,,,,,,,,,,,,,,2026-07-02T22:07:42.484Z,2026-07-02T22:07:42.484Z
3806,node/9366924587,node,POINT(-43.3400019 -22.9457704),,,bicycle_parking,stands,2,yes,no,,,,,,,,,,,,,,,,,,,,,2026-07-02T22:07:42.484Z,2026-07-02T22:07:42.484Z
3807,node/9366924588,node,POINT(-43.3399858 -22.9458791),,,bicycle_parking,stands,4,yes,no,,,,,,,,,,,,,,,,,,,,,2026-07-02T22:07:42.484Z,2026-07-02T22:07:42.484Z
3808,node/9366924589,node,POINT(-43.3399765 -22.9459927),,,bicycle_parking,stands,2,yes,no,,,,,,,,,,,,,,,,,,,,,2026-07-02T22:07:42.484Z,2026-07-02T22:07:42.484Z
3809,node/9366924590,node,POINT(-43.3398705 -22.9469505),,,bicycle_parking,stands,5,yes,no,,,,,,,,,,,,,,,,,,,,,2026-07-02T22:07:42.484Z,2026-07-02T22:07:42.484Z
3810,node/9366924591,node,POINT(-43.3398973 -22.9468609),,,bicycle_parking,stands,5,yes,no,,,,,,,,,,,,,,,,,,,,,2026-07-02T22:07:42.484Z,2026-07-02T22:07:42.484Z
3811,node/9366924593,node,POINT(-43.3399355 -22.9474167),,,bicycle_parking,stands,4,yes,no,,,,,,,,,,,,,,,,,,,,,2026-07-02T22:07:42.484Z,2026-07-02T22:07:42.484Z
3812,node/9366924594,node,POINT(-43.3407838 -22.9486275),,,bicycle_parking,stands,´5,yes,no,,,,,,,,,,,,,,,,,,,,,2026-07-02T22:07:42.484Z,2026-07-02T22:07:42.484Z
3813,node/9367016736,node,POINT(-43.3332843 -22.9364711),,,bicycle_parking,stands,2,yes,no,no,,,,,,,,,,,,,,,,,,,,2026-07-02T22:07:42.484Z,2026-07-02T22:07:42.484Z
3814,node/9367016737,node,POINT(-43.333517 -22.9363532),,,bicycle_parking,stands,2,yes,no,no,,,,,,,,,,,,,,,,,,,,2026-07-02T22:07:42.484Z,2026-07-02T22:07:42.484Z
3815,node/9367016738,node,POINT(-43.3335754 -22.9363625),,,bicycle_parking,stands,2,yes,no,no,,,,,,,,,,,,,,,,,,,,2026-07-02T22:07:42.484Z,2026-07-02T22:07:42.484Z
3816,node/9367016739,node,POINT(-43.335748 -22.9369115),,,bicycle_parking,stands,3,yes,no,no,,,,,,,,,,,,,,,,,,,,2026-07-02T22:07:42.484Z,2026-07-02T22:07:42.484Z
3817,node/9377705039,node,POINT(-43.3410454 -22.9430956),,,bicycle_parking,wall_loops,10,yes,no,no,,,,,,,,,,,,,,,,,,,,2026-07-02T22:07:42.484Z,2026-07-02T22:07:42.484Z
3818,node/9377705040,node,POINT(-43.3411513 -22.9429104),,,bicycle_parking,wall_loops,8,yes,no,no,,,,,,,,,,,,,,,,,,,,2026-07-02T22:07:42.484Z,2026-07-02T22:07:42.484Z
3819,node/9381641172,node,POINT(-43.1926931 -22.9552069),,,bicycle_parking,stands,4,,no,no,,,,,,,,,,,,,,,,,,,,2026-07-02T22:07:42.484Z,2026-07-02T22:07:42.484Z
3820,node/9392267351,node,POINT(-43.1925175 -22.9551236),,,bicycle_parking,stands,4,,no,no,,,,,,,,,,,,,,,,,,,,2026-07-02T22:07:42.484Z,2026-07-02T22:07:42.484Z
3821,node/9408688447,node,POINT(-43.3518364 -22.9582461),,,bicycle_parking,wall_loops,12,yes,no,no,,,,,,,,,,,,,,,,,,,,2026-07-02T22:07:42.484Z,2026-07-02T22:07:42.484Z
3822,node/9408688448,node,POINT(-43.3511436 -22.9582897),,,bicycle_parking,wall_loops,4,yes,no,no,,,,,,,,,,,,,,,,,,,,2026-07-02T22:07:42.484Z,2026-07-02T22:07:42.484Z
3823,node/9408688449,node,POINT(-43.3513812 -22.9583078),,,bicycle_parking,wall_loops,4,yes,no,no,,,,,,,,,,,,,,,,,,,,2026-07-02T22:07:42.484Z,2026-07-02T22:07:42.484Z
3824,node/9412810664,node,POINT(-54.6098751 -20.465288),Paraciclo Bar Mr. Hoppy,,bicycle_parking,wall_loops,5,customers,no,no,,,Mr. Hoppy Bar,,,,,,,,,,,,,,,,,2026-07-02T22:07:42.484Z,2026-07-02T22:07:42.484Z
3825,node/9445146074,node,POINT(-38.5691332 -3.7336344),,,bicycle_parking,stands,16,yes,no,no,,,,,,,,,,,,,,,,,,,,2026-07-02T22:07:42.484Z,2026-07-02T22:07:42.484Z
3826,node/9445147517,node,POINT(-38.5705592 -3.7325373),,,bicycle_parking,stands,16,yes,no,no,,,,,,,,,,,,,,,,,,,,2026-07-02T22:07:42.484Z,2026-07-02T22:07:42.484Z
3827,node/9445147518,node,POINT(-38.5706945 -3.7325499),,,bicycle_parking,stands,14,yes,no,no,,,,,,,,,,,,,,,,,,,,2026-07-02T22:07:42.484Z,2026-07-02T22:07:42.484Z
3828,node/9451032858,node,POINT(-43.9282914 -19.9281353),,,bicycle_parking,,,yes,no,no,,,,,,,,,,,,,,,,,,,,2026-07-02T22:07:42.484Z,2026-07-02T22:07:42.484Z
3829,node/9451519613,node,POINT(-43.9400222 -19.93478),,,bicycle_parking,wall_loops,,private,no,no,,,,,,,,,,,,,,,,,,,,2026-07-02T22:07:42.484Z,2026-07-02T22:07:42.484Z
3830,node/9467098717,node,POINT(-38.4528046 -12.9792063),,,bicycle_parking,building,,,yes,no,,,,,,,,,,,,,,,,,,,,2026-07-02T22:07:42.484Z,2026-07-02T22:07:42.484Z
3831,node/9470193551,node,POINT(-43.2178812 -22.9478738),,,bicycle_parking,,,,,,,,,,,,,,,,,,,,,,,,,2026-07-02T22:07:42.484Z,2026-07-02T22:07:42.484Z
3832,node/9471845747,node,POINT(-43.1760227 -22.9262739),,,bicycle_parking,,,,,,,,,,,,,,,,,,,,,,,,,2026-07-02T22:07:42.484Z,2026-07-02T22:07:42.484Z
3833,node/9487830608,node,POINT(-38.5328707 -13.0058006),,,bicycle_parking,stands,,yes,no,no,,,,,,,,,,,,,,,,,,,,2026-07-02T22:07:42.484Z,2026-07-02T22:07:42.484Z
3834,node/9487996196,node,POINT(-38.5412632 -3.7167705),,,bicycle_parking,,8,,,,,,,,,,,,,,,,,,,,,,,2026-07-02T22:07:42.484Z,2026-07-02T22:07:42.484Z
3835,node/9492930353,node,POINT(-34.9208904 -8.0458944),,,bicycle_parking,paraciclo,,,,,,,,,,,,,,,,,,,,,,,,2026-07-02T22:07:42.484Z,2026-07-02T22:07:42.484Z
3836,node/9503721084,node,POINT(-46.7129388 -23.5654117),,,bicycle_parking,stands,5,,no,no,,,,,,,,,,,,,,,,,,,,2026-07-02T22:07:42.484Z,2026-07-02T22:07:42.484Z
3837,node/9503750145,node,POINT(-46.6184829 -23.58967),,,bicycle_parking,shed,,,,no,yes,,Extra,,,,,,,,,,,,,,,,,2026-07-02T22:07:42.484Z,2026-07-02T22:07:42.484Z
3838,node/9506789989,node,POINT(-46.73001 -23.5645854),,,bicycle_parking,,,,,,,,,,,,,,,,,,,,,,,,,2026-07-02T22:07:42.484Z,2026-07-02T22:07:42.484Z
3839,node/9518125817,node,POINT(-38.4581764 -13.0051405),,,bicycle_parking,,,,,,,,,,,,,,,,,,,,,,,,,2026-07-02T22:07:42.484Z,2026-07-02T22:07:42.484Z
3840,node/9524929497,node,POINT(-46.5508474 -23.4877083),Bicicletário Shopping Internacional,,bicycle_parking,stands,40,yes,yes,no,,,Shopping Internacional Guarulhos,,,,,,,,,,,,,,,,,2026-07-02T22:07:42.484Z,2026-07-02T22:07:42.484Z
3841,node/9524952216,node,POINT(-46.50161 -23.4592803),,,bicycle_parking,stands,153,yes,yes,no,,,Serviço Social do Comércio,,,,,,,,,,,,,,,,,2026-07-02T22:07:42.484Z,2026-07-02T22:07:42.484Z
3842,node/9530499628,node,POINT(-38.5445134 -3.7185494),,,bicycle_parking,,,,,,,,,,,,,,,,,,,,,,,,,2026-07-02T22:07:42.484Z,2026-07-02T22:07:42.484Z
3843,node/9530756081,node,POINT(-38.546738 -3.7227396),,,bicycle_parking,,,,,,,,,,,,,,,,,,,,,,,,,2026-07-02T22:07:42.484Z,2026-07-02T22:07:42.484Z
3844,node/9530832459,node,POINT(-39.8778534 -9.5915721),,,bicycle_parking,building,,,,,,,,,,,,,,,,,,,,,,,,2026-07-02T22:07:42.484Z,2026-07-02T22:07:42.484Z
3845,node/9543005603,node,POINT(-38.5985457 -3.716239),,,bicycle_parking,,6,yes,,no,,,,,,,,,,,,,,,,,,,,2026-07-02T22:07:42.484Z,2026-07-02T22:07:42.484Z
3846,node/9543031518,node,POINT(-38.5987123 -3.7157715),,,bicycle_parking,,6,yes,no,no,,,,,,,,,,,,,,,,,,,,2026-07-02T22:07:42.484Z,2026-07-02T22:07:42.484Z
3847,node/9553194239,node,POINT(-40.2942427 -20.308851),,,bicycle_parking,stands,6,,,,,,,,,,,,,,,,,,,,,,,2026-07-02T22:07:42.484Z,2026-07-02T22:07:42.484Z
3848,node/9559037417,node,POINT(-47.897608 -15.8110878),,,bicycle_parking,,,,,,,,,,,,,,,,,,,,,,,,,2026-07-02T22:07:42.484Z,2026-07-02T22:07:42.484Z
3849,node/9560655273,node,POINT(-47.8721963 -15.7892991),,,bicycle_parking,wall_loops,6,permissive,no,no,,,,,,,,,,,,,,,,,,,,2026-07-02T22:07:42.484Z,2026-07-02T22:07:42.484Z
3850,node/9561035917,node,POINT(-47.8926268 -15.7946524),,,bicycle_parking,,,yes,no,no,,,Venâncio Shopping,,,,,,,,,,,,,,,,,2026-07-02T22:07:42.484Z,2026-07-02T22:07:42.484Z
3851,node/9569654129,node,POINT(-43.9368825 -19.9387618),,,bicycle_parking,stands,10,yes,no,no,,,,,,,,,,,,,,,,,,,,2026-07-02T22:07:42.484Z,2026-07-02T22:07:42.484Z
3852,node/9574058830,node,POINT(-48.6432284 -27.1392898),,,bicycle_parking,wall_loops,4,yes,no,no,no,no,,,,,,,,,,,,,,,,,,2026-07-02T22:07:42.484Z,2026-07-02T22:07:42.484Z
3854,node/9574113615,node,POINT(-49.060912 -26.9235413),,,bicycle_parking,wall_loops,4,yes,no,no,no,yes,,,,,,,,,,,,,,,,,,2026-07-02T22:07:42.484Z,2026-07-02T22:07:42.484Z
3855,node/9574127417,node,POINT(-49.0618823 -26.9233529),,,bicycle_parking,stands,10,yes,no,no,no,yes,,,,,,,,,,,,,,,,,,2026-07-02T22:07:42.484Z,2026-07-02T22:07:42.484Z
3856,node/9576802148,node,POINT(-48.9274769 -27.2861318),,,bicycle_parking,wall_loops,5,yes,no,no,no,no,,,,,paving_stones,,,,,,,,,,,,,2026-07-02T22:07:42.484Z,2026-07-02T22:07:42.484Z
3857,node/9581839280,node,POINT(-46.7233501 -23.6405523),,,bicycle_parking,,,,,,yes,,,,,,,,,,,,,,,,,,,2026-07-02T22:07:42.484Z,2026-07-02T22:07:42.484Z
3858,node/9588647039,node,POINT(-48.9532884 -26.945826),,,bicycle_parking,stands,5,yes,no,no,no,yes,,,,,concrete,,,,,,,,,,,,,2026-07-02T22:07:42.484Z,2026-07-02T22:07:42.484Z
3859,node/9602072549,node,POINT(-43.934796 -19.9405455),Bicicletário Shopping Pátio Savassi (Entrada Rua Lavras),,bicycle_parking,loops,,yes,yes,no,,,Pátio Savassi,,,,,,,,,,,,,,,,,2026-07-02T22:07:42.484Z,2026-07-02T22:07:42.484Z
3860,node/9602072550,node,POINT(-43.9467186 -19.928013),Bicicletário Shopping Diamond Mall (Entrada Av. Olegário Maciel),,bicycle_parking,loops,,yes,yes,no,,,Diamond Mall,,,,,,,,,,,,,,,,,2026-07-02T22:07:42.484Z,2026-07-02T22:07:42.484Z
3861,node/9603435702,node,POINT(-48.5180765 -27.5923691),,,bicycle_parking,wall_loops,,private,,no,,,Paula Ramos Esporte Clube,,,,,,,,,,,,,,,,,2026-07-02T22:07:42.484Z,2026-07-02T22:07:42.484Z
3862,node/9607705450,node,POINT(-44.2407311 -22.9975117),,,bicycle_parking,,,private,,,,,,,,,,,,,,,,,,,,,,2026-07-02T22:07:42.484Z,2026-07-02T22:07:42.484Z
3863,node/9609637018,node,POINT(-48.9677361 -26.9247687),,,bicycle_parking,wall_loops,,yes,,no,no,,,,,,,,,,,,,,,,,,,2026-07-02T22:07:42.484Z,2026-07-02T22:07:42.484Z
3864,node/9622069106,node,POINT(-38.529782 -3.7358145),,,bicycle_parking,,,,,,,,,,,,,,,,,,,,,,,,,2026-07-02T22:07:42.484Z,2026-07-02T22:07:42.484Z
3865,node/9624245819,node,POINT(-46.5715624 -23.5499994),,,bicycle_parking,,6,customers,,,,,,,,,,,,,,,,,,,,,,2026-07-02T22:07:42.484Z,2026-07-02T22:07:42.484Z
3866,node/9627556555,node,POINT(-48.4449126 -27.4313848),,,bicycle_parking,wall_loops,,yes,yes,no,no,no,,,,,,,,,,,,,,,,,,2026-07-02T22:07:42.484Z,2026-07-02T22:07:42.484Z
3867,node/9630473862,node,POINT(-48.6539438 -26.906384),,,bicycle_parking,wall_loops,,yes,,no,,,,,,,,,,,,,,,,,,,,2026-07-02T22:07:42.484Z,2026-07-02T22:07:42.484Z
3868,node/9632091122,node,POINT(-48.6479813 -26.9943006),,,bicycle_parking,stands,10,yes,no,no,no,no,,,,,,,,,,,,,,,,,,2026-07-02T22:07:42.484Z,2026-07-02T22:07:42.484Z
3869,node/9632091144,node,POINT(-48.655694 -26.9954848),,,bicycle_parking,wall_loops,,,,,,,Faculdade Avantis,,,,,,,,,,,,,,,,,2026-07-02T22:07:42.484Z,2026-07-02T22:07:42.484Z
3870,node/9632091167,node,POINT(-48.6398809 -26.989557),,,bicycle_parking,stands,,yes,,no,no,yes,,,,,,,,,,,,,,,,,,2026-07-02T22:07:42.484Z,2026-07-02T22:07:42.484Z
3871,node/9632091186,node,POINT(-48.6428931 -26.9904275),,,bicycle_parking,stands,,yes,,no,no,no,,,,,,,,,,,,,,,,,,2026-07-02T22:07:42.484Z,2026-07-02T22:07:42.484Z
3872,node/9632091191,node,POINT(-48.6425659 -26.9907263),,,bicycle_parking,stands,,yes,,no,no,no,,,,,,,,,,,,,,,,,,2026-07-02T22:07:42.484Z,2026-07-02T22:07:42.484Z
3873,node/9632091257,node,POINT(-48.643274 -26.9915042),,,bicycle_parking,stands,,yes,,no,no,no,,,,,,,,,,,,,,,,,,2026-07-02T22:07:42.484Z,2026-07-02T22:07:42.484Z
3874,node/9632091265,node,POINT(-48.6431091 -26.9910382),,,bicycle_parking,stands,,yes,,no,no,no,,,,,,,,,,,,,,,,,,2026-07-02T22:07:42.484Z,2026-07-02T22:07:42.484Z
3875,node/9632091271,node,POINT(-48.643557 -26.9915066),,,bicycle_parking,stands,,yes,,no,no,no,,,,,,,,,,,,,,,,,,2026-07-02T22:07:42.484Z,2026-07-02T22:07:42.484Z
3876,node/9632091278,node,POINT(-48.641206 -26.9888309),,,bicycle_parking,stands,,yes,,no,no,yes,,,,,,,,,,,,,,,,,,2026-07-02T22:07:42.484Z,2026-07-02T22:07:42.484Z
3877,node/9632091279,node,POINT(-48.6410075 -26.9888166),,,bicycle_parking,stands,,yes,,no,no,yes,,,,,,,,,,,,,,,,,,2026-07-02T22:07:42.484Z,2026-07-02T22:07:42.484Z
3878,node/9632091282,node,POINT(-48.6430997 -26.9906856),,,bicycle_parking,stands,,yes,,no,no,no,,,,,,,,,,,,,,,,,,2026-07-02T22:07:42.484Z,2026-07-02T22:07:42.484Z
3879,node/9632091329,node,POINT(-48.6427242 -26.9892325),,,bicycle_parking,stands,,yes,,no,no,yes,,,,,,,,,,,,,,,,,,2026-07-02T22:07:42.484Z,2026-07-02T22:07:42.484Z
3880,node/9643815716,node,POINT(-49.0642874 -26.9217417),,,bicycle_parking,,8,yes,no,no,no,,,,,,,,,,,,,,,,,,,2026-07-02T22:07:42.484Z,2026-07-02T22:07:42.484Z
3881,node/9660861789,node,POINT(-49.0646676 -26.9225583),,,bicycle_parking,stands,,,,,,,,,,,,,,,,,,,,,,,,2026-07-02T22:07:42.484Z,2026-07-02T22:07:42.484Z
3882,node/9670524591,node,POINT(-46.7393495 -23.5596434),,,bicycle_parking,stands,8,,,,,,Prefeitura do Campus USP da Capital,,,,,,,,,,,,,,,,,2026-07-02T22:07:42.484Z,2026-07-02T22:07:42.484Z
3883,node/9672514890,node,POINT(-35.2802909 -8.0997035),,,bicycle_parking,building,,,,,,,,,,,,,,,,,,,,,,,,2026-07-02T22:07:42.484Z,2026-07-02T22:07:42.484Z
3884,node/9688508653,node,POINT(-49.6913284 -27.2519822),,,bicycle_parking,wall_loops,,yes,,no,no,,,,,,,,,,,,,,,,,,,2026-07-02T22:07:42.484Z,2026-07-02T22:07:42.484Z
3885,node/9693915064,node,POINT(-48.9724493 -21.1349679),,,bicycle_parking,stands,4,yes,no,no,,,,,,,,,,,,,,,,,,,,2026-07-02T22:07:42.484Z,2026-07-02T22:07:42.484Z
3886,node/9708301386,node,POINT(-48.6788455 -27.6412134),,,bicycle_parking,stands,4,yes,,no,,,,,,,,,,,,,,,,,,,,2026-07-02T22:07:42.484Z,2026-07-02T22:07:42.484Z
3887,node/9712756214,node,POINT(-49.0849359 -26.7979022),,,bicycle_parking,stands,,yes,yes,no,no,yes,,,,,,,,,,,,,,,,,,2026-07-02T22:07:42.484Z,2026-07-02T22:07:42.484Z
3888,node/9717906617,node,POINT(-37.0492982 -10.9037062),,,bicycle_parking,building,,yes,yes,no,,,,,,,,,,,,,,,,,,,,2026-07-02T22:07:42.484Z,2026-07-02T22:07:42.484Z
3889,node/9727626604,node,POINT(-38.5254368 -3.7323929),,,bicycle_parking,stands,10,yes,no,no,,,,,,,,,,,,,,,,,,,,2026-07-02T22:07:42.484Z,2026-07-02T22:07:42.484Z
3890,node/9738511013,node,POINT(-43.1723117 -22.9259605),,,bicycle_parking,,,,,,,,,,,,,,,,,,,,,,,,,2026-07-02T22:07:42.484Z,2026-07-02T22:07:42.484Z
3891,node/9738511014,node,POINT(-43.1725466 -22.9258572),,,bicycle_parking,,,,,,,,,,,,,,,,,,,,,,,,,2026-07-02T22:07:42.484Z,2026-07-02T22:07:42.484Z
3892,node/9741487339,node,POINT(-49.2588906 -26.1989187),,,bicycle_parking,,,,,,,,,,,,,,,,,,,,,,,,,2026-07-02T22:07:42.484Z,2026-07-02T22:07:42.484Z
3893,node/9749076170,node,POINT(-38.9490418 -12.2421924),,,bicycle_parking,,,,,,,,,,,,,,,,,,,,,,,,,2026-07-02T22:07:42.484Z,2026-07-02T22:07:42.484Z
3894,node/9754828309,node,POINT(-49.0574517 -26.9278265),,,bicycle_parking,stands,4,yes,no,no,no,yes,,,,,,,,,,,,,,,,,,2026-07-02T22:07:42.484Z,2026-07-02T22:07:42.484Z
3895,node/9755233793,node,POINT(-49.0337426 -26.9077857),,,bicycle_parking,wall_loops,,yes,,no,no,no,,,,,,,,,,,,,,,,,,2026-07-02T22:07:42.484Z,2026-07-02T22:07:42.484Z
3896,node/9760161732,node,POINT(-48.5136435 -27.5915205),,,bicycle_parking,stands,8,,,,,,,,,,,,,,,,,,,,,,,2026-07-02T22:07:42.484Z,2026-07-02T22:07:42.484Z
3897,node/9762181777,node,POINT(-48.9635432 -26.9285543),,,bicycle_parking,building,,private,yes,no,yes,yes,Círculo,,,,,,,,,,,,,,,,,2026-07-02T22:07:42.484Z,2026-07-02T22:07:42.484Z
3898,node/9768408936,node,POINT(-38.4993014 -3.7534091),,,bicycle_parking,,,,,,,,,,,,,,,,,,,,,,,,,2026-07-02T22:07:42.484Z,2026-07-02T22:07:42.484Z
3899,node/9772103869,node,POINT(-40.3737438 -17.827577),,,bicycle_parking,building,,,,,,,,,,,,,,,,,,,,,,,,2026-07-02T22:07:42.484Z,2026-07-02T22:07:42.484Z
3900,node/9783799269,node,POINT(-48.6290637 -27.0026341),,,bicycle_parking,stands,4,yes,,no,,,,,,,,,,,,,,,,,,,,2026-07-02T22:07:42.484Z,2026-07-02T22:07:42.484Z
3901,node/9783799281,node,POINT(-48.6296564 -27.0025302),,,bicycle_parking,stands,2,yes,,no,,,,,,,,,,,,,,,,,,,,2026-07-02T22:07:42.496Z,2026-07-02T22:07:42.496Z
3902,node/9783799282,node,POINT(-48.6294526 -27.0025624),,,bicycle_parking,stands,2,yes,,no,,,,,,,,,,,,,,,,,,,,2026-07-02T22:07:42.496Z,2026-07-02T22:07:42.496Z
3903,node/9784249939,node,POINT(-49.0792376 -26.9104657),,,bicycle_parking,stands,12,customers,no,no,no,,,,,,,,,,,,,,,,,,,2026-07-02T22:07:42.496Z,2026-07-02T22:07:42.496Z
3904,node/9785691282,node,POINT(-49.2563416 -25.4363104),,,bicycle_parking,,20,,,,,,,,,,,,,,,,,,,,,,,2026-07-02T22:07:42.496Z,2026-07-02T22:07:42.496Z
3905,node/9797571441,node,POINT(-43.0580037 -22.9408909),,,bicycle_parking,transoceânica,20,,,no,,,,,,,,,,,,,,,,,,,,2026-07-02T22:07:42.496Z,2026-07-02T22:07:42.496Z
3906,node/9797571442,node,POINT(-43.0584905 -22.9402495),,,bicycle_parking,,,,,,,,,,,,,,,,,,,,,,,,,2026-07-02T22:07:42.496Z,2026-07-02T22:07:42.496Z
3907,node/9801907445,node,POINT(-49.0178019 -28.4852266),,,bicycle_parking,stands,5,customers,no,no,,,,,,,,,,,,,,,,,,,,2026-07-02T22:07:42.496Z,2026-07-02T22:07:42.496Z
3908,node/9804885928,node,POINT(-53.7188375 -29.7165556),,,bicycle_parking,,10,,,,,,,,,,,,,,,,,,,,,,,2026-07-02T22:07:42.496Z,2026-07-02T22:07:42.496Z
3909,node/9810882413,node,POINT(-38.4574296 -12.9906123),,,bicycle_parking,wall_loops,5,customers,no,no,,,CNA,,,,,,,,,,,,,,,,,2026-07-02T22:07:42.496Z,2026-07-02T22:07:42.496Z
3910,node/9812393094,node,POINT(-49.620624 -27.041512),,,bicycle_parking,stands,20,yes,no,no,no,no,Banco do Brasil,,,,paved,,,,,,,,,,,,,2026-07-02T22:07:42.496Z,2026-07-02T22:07:42.496Z
3911,node/9821383278,node,POINT(-48.1002257 -15.8441563),,,bicycle_parking,,,permissive,no,no,,,,,,,,,,,,,,,,,,,,2026-07-02T22:07:42.496Z,2026-07-02T22:07:42.496Z
3912,node/9821383307,node,POINT(-48.1020244 -15.8441307),,,bicycle_parking,,,,,,,,,,,,,,,,,,,,,,,,,2026-07-02T22:07:42.496Z,2026-07-02T22:07:42.496Z
3913,node/9828956867,node,POINT(-43.3309454 -22.9357703),,,bicycle_parking,stands,2,yes,no,,,,,,,,,,,,,,,,,,,,,2026-07-02T22:07:42.496Z,2026-07-02T22:07:42.496Z
3914,node/9828956868,node,POINT(-43.3289773 -22.9343309),,,bicycle_parking,wall_loops,5,yes,no,,,,,,,,,,,,,,,,,,,,,2026-07-02T22:07:42.496Z,2026-07-02T22:07:42.496Z
3915,node/9833623106,node,POINT(-48.6399025 -27.6781387),,,bicycle_parking,stands,10,yes,,no,no,,,,,,,,,,,,,,,,,,,2026-07-02T22:07:42.496Z,2026-07-02T22:07:42.496Z
3916,node/9835970929,node,POINT(-38.5326345 -13.0106123),,,bicycle_parking,stands,,,,,,,,,,,,,,,,,,,,,,,,2026-07-02T22:07:42.496Z,2026-07-02T22:07:42.496Z
3917,node/9844537585,node,POINT(-48.1085301 -15.9334676),,,bicycle_parking,,,yes,yes,no,,,,,,,,,,,,,,,,,,,,2026-07-02T22:07:42.496Z,2026-07-02T22:07:42.496Z
3918,node/9844549624,node,POINT(-48.0267182 -16.0420551),,,bicycle_parking,,,,,,,,,,,,,,,,,,,,,,,,,2026-07-02T22:07:42.496Z,2026-07-02T22:07:42.496Z
3919,node/9849151651,node,POINT(-47.9518361 -15.8194913),Bicicletario interno e subterrâneo da Decathlon,,bicycle_parking,,,customers,yes,no,,yes,Decathlon,,,-1,,,,,,,,,,,,,,2026-07-02T22:07:42.496Z,2026-07-02T22:07:42.496Z
3920,node/9858543231,node,POINT(-49.0549488 -26.9298636),,,bicycle_parking,stands,,permissive,,no,no,,,,,,,,,,,,,,,,,,,2026-07-02T22:07:42.496Z,2026-07-02T22:07:42.496Z
3921,node/9860774006,node,POINT(-48.9377772 -26.9113434),,,bicycle_parking,stands,4,yes,no,no,no,,,,,,paving_stones,,,,,,,,,,,,,2026-07-02T22:07:42.496Z,2026-07-02T22:07:42.496Z
3922,node/9860774013,node,POINT(-48.9383948 -26.9114846),,,bicycle_parking,stands,4,yes,no,no,no,,,,,,paving_stones,,,,,,,,,,,,,2026-07-02T22:07:42.496Z,2026-07-02T22:07:42.496Z
3923,node/9860774014,node,POINT(-48.9414069 -26.9133621),,,bicycle_parking,stands,4,yes,no,no,no,,,,,,paving_stones,,,,,,,,,,,,,2026-07-02T22:07:42.496Z,2026-07-02T22:07:42.496Z
3924,node/9860778420,node,POINT(-48.9466614 -26.9175953),,,bicycle_parking,stands,4,yes,no,no,no,,,,,,paving_stones,,,,,,,,,,,,,2026-07-02T22:07:42.496Z,2026-07-02T22:07:42.496Z
3925,node/9860778421,node,POINT(-48.9468277 -26.9175235),,,bicycle_parking,stands,4,yes,no,no,no,,,,,,paving_stones,,,,,,,,,,,,,2026-07-02T22:07:42.496Z,2026-07-02T22:07:42.496Z
3926,node/9860778423,node,POINT(-48.9496064 -26.9216418),,,bicycle_parking,stands,4,yes,no,no,no,,,,,,paving_stones,,,,,,,,,,,,,2026-07-02T22:07:42.496Z,2026-07-02T22:07:42.496Z
3927,node/9860778425,node,POINT(-48.9518487 -26.9246802),,,bicycle_parking,stands,4,yes,no,no,no,,,,,,paving_stones,,,,,,,,,,,,,2026-07-02T22:07:42.496Z,2026-07-02T22:07:42.496Z
3928,node/9860778426,node,POINT(-48.9522538 -26.9251525),,,bicycle_parking,stands,4,yes,no,no,no,,,,,,paving_stones,,,,,,,,,,,,,2026-07-02T22:07:42.496Z,2026-07-02T22:07:42.496Z
3929,node/9860778436,node,POINT(-48.949878 -26.9306605),,,bicycle_parking,wall_loops,,yes,no,no,no,,,,,,,,,,,,,,,,,,,2026-07-02T22:07:42.496Z,2026-07-02T22:07:42.496Z
3930,node/9860778444,node,POINT(-48.9533642 -26.9279111),,,bicycle_parking,stands,10,yes,yes,no,no,,,,,,,,,,,,,,,,,,,2026-07-02T22:07:42.496Z,2026-07-02T22:07:42.496Z
3931,node/9865774413,node,POINT(-38.4348487 -12.9672915),,,bicycle_parking,wall_loops,2,yes,no,no,,,Drogasil,,,,,,,,,,,,,,,,,2026-07-02T22:07:42.496Z,2026-07-02T22:07:42.496Z
3932,node/9866565280,node,POINT(-49.0845705 -26.480495),,,bicycle_parking,stands,16,yes,,no,no,,,,,,,,,,,,,,,,,,,2026-07-02T22:07:42.496Z,2026-07-02T22:07:42.496Z
3933,node/9867954052,node,POINT(-44.3518005 -23.0207486),,,bicycle_parking,building,,,,,,,,,,,,,,,,,,,,,,,,2026-07-02T22:07:42.496Z,2026-07-02T22:07:42.496Z
3934,node/9869076163,node,POINT(-40.0516193 -19.405166),,,bicycle_parking,,,,,,,,,,,,,,,,,,,,,,,,,2026-07-02T22:07:42.496Z,2026-07-02T22:07:42.496Z
3935,node/9869084720,node,POINT(-40.0606044 -19.3998732),,,bicycle_parking,,,,,,,,,,,,,,,,,,,,,,,,,2026-07-02T22:07:42.496Z,2026-07-02T22:07:42.496Z
3936,node/9871394307,node,POINT(-49.0776903 -26.9017427),,,bicycle_parking,wall_loops,10,,no,no,no,no,Powergym,,,,,,,,,,,,,,,,,2026-07-02T22:07:42.496Z,2026-07-02T22:07:42.496Z
3937,node/9876594804,node,POINT(-49.0777195 -26.9882681),,,bicycle_parking,wall_loops,,,,,,,,,,,,,,,,,,,,,,,,2026-07-02T22:07:42.496Z,2026-07-02T22:07:42.496Z
3938,node/9876594805,node,POINT(-49.0777315 -26.9880207),,,bicycle_parking,wall_loops,,,,,,,,,,,,,,,,,,,,,,,,2026-07-02T22:07:42.496Z,2026-07-02T22:07:42.496Z
3939,node/9876612945,node,POINT(-49.0784383 -26.9880291),,,bicycle_parking,wall_loops,,,,,,,,,,,,,,,,,,,,,,,,2026-07-02T22:07:42.496Z,2026-07-02T22:07:42.496Z
3940,node/9876645496,node,POINT(-38.5154987 -3.7194027),,,bicycle_parking,,,,,,,,,,,,,,,,,,,,,,,,,2026-07-02T22:07:42.496Z,2026-07-02T22:07:42.496Z
3941,node/9876645497,node,POINT(-38.5145244 -3.7191579),,,bicycle_parking,,,,,,,,,,,,,,,,,,,,,,,,,2026-07-02T22:07:42.496Z,2026-07-02T22:07:42.496Z
3942,node/9876705533,node,POINT(-38.5110091 -3.7202879),,,bicycle_parking,stands,6,yes,no,no,,,,,,,,,,,,,,,,,,,,2026-07-02T22:07:42.496Z,2026-07-02T22:07:42.496Z
3943,node/9876705543,node,POINT(-38.5098058 -3.7207671),,,bicycle_parking,stands,12,yes,no,no,,,,,,,,,,,,,,,,,,,,2026-07-02T22:07:42.496Z,2026-07-02T22:07:42.496Z
3944,node/9881748314,node,POINT(-38.50211 -12.9219673),,,bicycle_parking,wall_loops,,customers,,no,,,SmartFit,,,,,,,,,,,,,,,,,2026-07-02T22:07:42.496Z,2026-07-02T22:07:42.496Z
3945,node/9893634484,node,POINT(-49.2763263 -26.8220649),,,bicycle_parking,stands,,,,,,,,,,,,,,,,,,,,,,,,2026-07-02T22:07:42.496Z,2026-07-02T22:07:42.496Z
3946,node/9899975273,node,POINT(-49.0607444 -26.9240573),,,bicycle_parking,stands,16,yes,no,no,no,,,,,,paving_stones,,,,,,,,,,,,,2026-07-02T22:07:42.496Z,2026-07-02T22:07:42.496Z
3947,node/9905033697,node,POINT(-47.8731775 -15.7635782),,,motorcycle_parking,wall_loops,,,yes,,,,,,,,,,,,,,,,,,,,,2026-07-02T22:07:42.496Z,2026-07-02T22:07:42.496Z
3948,node/9910787016,node,POINT(-49.2404303 -26.8918586),,,bicycle_parking,wall_loops,,yes,no,no,no,no,,,,,,,,,,,,,,,,,,2026-07-02T22:07:42.496Z,2026-07-02T22:07:42.496Z
3949,node/9912587920,node,POINT(-48.6429964 -27.6355831),,,bicycle_parking,stands,,yes,no,no,no,yes,,,,,,,,,,,,,,,,,,2026-07-02T22:07:42.496Z,2026-07-02T22:07:42.496Z
3950,node/9921236831,node,POINT(-38.4914028 -3.7254721),,,bicycle_parking,stands,12,yes,no,no,,,,,,,,,,,,,,,,,,,,2026-07-02T22:07:42.496Z,2026-07-02T22:07:42.496Z
3951,node/9921236905,node,POINT(-38.4884559 -3.7235231),,,bicycle_parking,stands,12,yes,no,no,,,,,,,,,,,,,,,,,,,,2026-07-02T22:07:42.496Z,2026-07-02T22:07:42.496Z
3952,node/9927456757,node,POINT(-38.5122491 -12.9702063),,,bicycle_parking,stands,6,yes,no,no,,,,,,,,,,,,,,,,,,,,2026-07-02T22:07:42.496Z,2026-07-02T22:07:42.496Z
3953,node/9945475862,node,POINT(-49.3814555 -26.9554004),,,bicycle_parking,stands,8,yes,no,no,no,no,,,,,,,,,,,,,,,,,,2026-07-02T22:07:42.496Z,2026-07-02T22:07:42.496Z
3954,node/9945614549,node,POINT(-38.2216977 -9.4105654),,,bicycle_parking,rack,18,yes,,,,,UniRios,,,,,,,,,,,,,,,,,2026-07-02T22:07:42.496Z,2026-07-02T22:07:42.496Z
3955,node/9945796556,node,POINT(-49.3857859 -27.0326461),,,bicycle_parking,ground_slots,3,yes,no,no,no,,,,,,,,,,,,,,,,,,,2026-07-02T22:07:42.496Z,2026-07-02T22:07:42.496Z
3956,node/9949967131,node,POINT(-34.899052 -8.0353395),,,bicycle_parking,wall_loops,6,,no,,,,,,,,,,,,,,,,,,,,,2026-07-02T22:07:42.496Z,2026-07-02T22:07:42.496Z
3957,node/9961813615,node,POINT(-43.2027293 -22.5338135),,,bicycle_parking,wall_loops,,customers,no,no,,,,,,,,,,,,,,,,,,,,2026-07-02T22:07:42.496Z,2026-07-02T22:07:42.496Z
3958,node/9964340295,node,POINT(-48.6569218 -27.5771204),,,bicycle_parking,stands,10,yes,no,no,no,yes,,,,,,,,,,,,,,,,,,2026-07-02T22:07:42.496Z,2026-07-02T22:07:42.496Z
3959,node/9964340296,node,POINT(-48.6568956 -27.5766176),,,bicycle_parking,stands,10,yes,no,no,no,yes,,,,,,,,,,,,,,,,,,2026-07-02T22:07:42.496Z,2026-07-02T22:07:42.496Z
3960,node/9988675580,node,POINT(-46.7250324 -23.5850928),,,bicycle_parking,wall_loops,,yes,yes,no,,,Shopping Butantã,,,-1,,,,,,,,,,,,,,2026-07-02T22:07:42.496Z,2026-07-02T22:07:42.496Z
3961,node/9989508178,node,POINT(-43.1902288 -22.9534293),,,bicycle_parking,stands,4,yes,no,no,,,,,,,,,,,,,,,,,,,,2026-07-02T22:07:42.496Z,2026-07-02T22:07:42.496Z
3962,node/9989508179,node,POINT(-43.1904932 -22.9535146),,,bicycle_parking,stands,4,yes,no,no,,,,,,,,,,,,,,,,,,,,2026-07-02T22:07:42.496Z,2026-07-02T22:07:42.496Z
3963,node/9989508180,node,POINT(-43.1897196 -22.9532281),,,bicycle_parking,stands,4,yes,no,no,,,,,,,,,,,,,,,,,,,,2026-07-02T22:07:42.496Z,2026-07-02T22:07:42.496Z
3964,node/9989508181,node,POINT(-43.1894658 -22.9531554),,,bicycle_parking,stands,4,yes,no,no,,,,,,,,,,,,,,,,,,,,2026-07-02T22:07:42.496Z,2026-07-02T22:07:42.496Z
3965,node/9989508182,node,POINT(-43.1890483 -22.9530241),,,bicycle_parking,stands,4,yes,no,no,,,,,,,,,,,,,,,,,,,,2026-07-02T22:07:42.496Z,2026-07-02T22:07:42.496Z
3966,node/9989508183,node,POINT(-43.1887588 -22.9530682),,,bicycle_parking,stands,4,yes,no,no,,,,,,,,,,,,,,,,,,,,2026-07-02T22:07:42.496Z,2026-07-02T22:07:42.496Z
3967,node/9989508184,node,POINT(-43.1855304 -22.9517611),,,bicycle_parking,stands,2,yes,no,no,,,,,,,,,,,,,,,,,,,,2026-07-02T22:07:42.496Z,2026-07-02T22:07:42.496Z
3968,node/9998107676,node,POINT(-49.273404 -26.8256422),,,bicycle_parking,wall_loops,,yes,no,no,no,no,,,,,,,,,,,,,,,,,,2026-07-02T22:07:42.496Z,2026-07-02T22:07:42.496Z
3969,node/10003155013,node,POINT(-48.6192025 -26.4610958),,,bicycle_parking,ground_slots,4,yes,no,no,no,yes,,,,,,,,,,,,,,,,,,2026-07-02T22:07:42.496Z,2026-07-02T22:07:42.496Z
3970,node/10015154401,node,POINT(-46.6403486 -23.5869261),,,bicycle_parking,,,,,,,,,,,,,,,,,,,,,,,,,2026-07-02T22:07:42.496Z,2026-07-02T22:07:42.496Z
3971,node/10015154402,node,POINT(-46.6406785 -23.5870968),,,bicycle_parking,,,,,,,,,,,,,,,,,,,,,,,,,2026-07-02T22:07:42.496Z,2026-07-02T22:07:42.496Z
3972,node/10015154403,node,POINT(-46.6408196 -23.5871693),,,bicycle_parking,,,,no,,,,,,,,,,,,,,,,,,,,,2026-07-02T22:07:42.496Z,2026-07-02T22:07:42.496Z
3973,node/10015154405,node,POINT(-46.6431053 -23.5879367),,,bicycle_parking,stands,2,,no,,,,,,,,,,,,,,,,,,,,,2026-07-02T22:07:42.496Z,2026-07-02T22:07:42.496Z
3974,node/10015154406,node,POINT(-46.6435788 -23.5880973),,,bicycle_parking,stands,2,,no,,,,,,,,,,,,,,,,,,,,,2026-07-02T22:07:42.496Z,2026-07-02T22:07:42.496Z
3975,node/10015154407,node,POINT(-46.6441435 -23.5882891),,,bicycle_parking,,,,,,,,,,,,,,,,,,,,,,,,,2026-07-02T22:07:42.496Z,2026-07-02T22:07:42.496Z
3976,node/10015154408,node,POINT(-46.6448701 -23.5885245),,,bicycle_parking,,,,,,,,,,,,,,,,,,,,,,,,,2026-07-02T22:07:42.496Z,2026-07-02T22:07:42.496Z
3977,node/10015154409,node,POINT(-46.6457938 -23.588849),,,bicycle_parking,,,,,,,,,,,,,,,,,,,,,,,,,2026-07-02T22:07:42.496Z,2026-07-02T22:07:42.496Z
3978,node/10015154410,node,POINT(-46.6462734 -23.5890219),,,bicycle_parking,,,,,,,,,,,,,,,,,,,,,,,,,2026-07-02T22:07:42.496Z,2026-07-02T22:07:42.496Z
3979,node/10015154411,node,POINT(-46.6472288 -23.5893577),,,bicycle_parking,,,,,,,,,,,,,,,,,,,,,,,,,2026-07-02T22:07:42.496Z,2026-07-02T22:07:42.496Z
3980,node/10015154412,node,POINT(-46.6474978 -23.5893967),,,bicycle_parking,,,,,,,,,,,,,,,,,,,,,,,,,2026-07-02T22:07:42.496Z,2026-07-02T22:07:42.496Z
3981,node/10015154413,node,POINT(-46.6476633 -23.589409),,,bicycle_parking,,,,,,,,,,,,,,,,,,,,,,,,,2026-07-02T22:07:42.496Z,2026-07-02T22:07:42.496Z
3982,node/10015154414,node,POINT(-46.6477619 -23.5894592),,,bicycle_parking,,,,,,,,,,,,,,,,,,,,,,,,,2026-07-02T22:07:42.496Z,2026-07-02T22:07:42.496Z
3983,node/10030585380,node,POINT(-48.6648867 -26.9018312),,,bicycle_parking,informal,,,,,,,,,,,,,,,,,,,,,,,,2026-07-02T22:07:42.496Z,2026-07-02T22:07:42.496Z
3984,node/10030585419,node,POINT(-48.6650596 -26.9021572),,,bicycle_parking,wall_loops,,yes,,no,no,,,,,,,,,,,,,,,,,,,2026-07-02T22:07:42.496Z,2026-07-02T22:07:42.496Z
3985,node/10030585624,node,POINT(-48.6523187 -26.9160989),,,bicycle_parking,stands,10,yes,yes,no,no,yes,,,,,,,,,,,,,,,,,,2026-07-02T22:07:42.496Z,2026-07-02T22:07:42.496Z
3986,node/10030585658,node,POINT(-48.6571104 -26.9034519),,,bicycle_parking,stands,,yes,no,no,no,,,,,,,,,,,,,,,,,,,2026-07-02T22:07:42.496Z,2026-07-02T22:07:42.496Z
3987,node/10030585664,node,POINT(-48.6544981 -26.906275),,,bicycle_parking,wave,6,yes,no,no,no,,,,,,,,,,,,,,,,,,,2026-07-02T22:07:42.496Z,2026-07-02T22:07:42.496Z
3988,node/10030585698,node,POINT(-48.6519105 -26.9167957),,,bicycle_parking,stands,10,yes,yes,no,no,yes,,,,,,,,,,,,,,,,,,2026-07-02T22:07:42.496Z,2026-07-02T22:07:42.496Z
3989,node/10030585704,node,POINT(-48.650187 -26.9188596),,,bicycle_parking,stands,10,yes,yes,no,no,yes,,,,,,,,,,,,,,,,,,2026-07-02T22:07:42.496Z,2026-07-02T22:07:42.496Z
3990,node/10030585821,node,POINT(-48.6422922 -26.9182914),,,bicycle_parking,stands,10,yes,no,no,,yes,,,,,,,,,,,,,,,,,,2026-07-02T22:07:42.496Z,2026-07-02T22:07:42.496Z
3991,node/10030585863,node,POINT(-48.65479 -26.9180293),,,bicycle_parking,shed,,,yes,,,,Bistek,,,,,,,,,,,,,,,,,2026-07-02T22:07:42.496Z,2026-07-02T22:07:42.496Z
3992,node/10043017946,node,POINT(-44.2952338 -23.0048226),,,bicycle_parking,building,,,,,,,,,,,,,,,,,,,,,,,,2026-07-02T22:07:42.496Z,2026-07-02T22:07:42.496Z
3993,node/10045300074,node,POINT(-47.8584569 -15.764769),,,bicycle_parking,,,,,,,,,,,,,,,,,,,,,,,,,2026-07-02T22:07:42.496Z,2026-07-02T22:07:42.496Z
3994,node/10054475600,node,POINT(-46.6607168 -23.607099),,,bicycle_parking,,3,,,,,,,,,,,,,,,,,,,,,,,2026-07-02T22:07:42.496Z,2026-07-02T22:07:42.496Z
3995,node/10054741467,node,POINT(-38.5251558 -3.7320357),,,bicycle_parking,stands,6,yes,no,no,,,,,,,,,,,,,,,,,,,,2026-07-02T22:07:42.496Z,2026-07-02T22:07:42.496Z
3996,node/10067105622,node,POINT(-48.769016 -27.2666798),,,bicycle_parking,wall_loops,5,yes,no,no,no,,,,,,,,,,,,,,,,,,,2026-07-02T22:07:42.496Z,2026-07-02T22:07:42.496Z
3997,node/10067282560,node,POINT(-51.0849147 -0.0072367),1º Bicicletário da Biblioteca Central da Unifap,,bicycle_parking,rack,10,yes,yes,no,,,,,,,,,,,,,,,,,,,,2026-07-02T22:07:42.496Z,2026-07-02T22:07:42.496Z
3998,node/10067282561,node,POINT(-51.0848068 -0.0071798),2º Bicicletário da Biblioteca Central da Unifap,,bicycle_parking,rack,10,yes,no,no,,,,,,,,,,,,,,,,,,,,2026-07-02T22:07:42.496Z,2026-07-02T22:07:42.496Z
3999,node/10067282562,node,POINT(-51.0835029 -0.0081717),Bicicletário do Restaurante Universitário,,bicycle_parking,rack,10,yes,no,,,,,,,,,,,,,,,,,,,,,2026-07-02T22:07:42.496Z,2026-07-02T22:07:42.496Z
4000,node/10067282563,node,POINT(-51.0833848 -0.0070729),Bicicletário do Auditório da UNIFAP,,bicycle_parking,rack,10,yes,,no,,,,,,,,,,,,,,,,,,,,2026-07-02T22:07:42.496Z,2026-07-02T22:07:42.496Z
4001,node/10067282564,node,POINT(-51.083882 -0.006045),Bicicletário do DERCA,,bicycle_parking,rack,10,yes,no,no,,,,,,,,,,,,,,,,,,,,2026-07-02T22:07:42.507Z,2026-07-02T22:07:42.507Z
4002,node/10067282565,node,POINT(-51.0839419 -0.0057216),Bicicletário do DEPSEC,,bicycle_parking,rack,10,yes,no,no,,,,,,,,,,,,,,,,,,,,2026-07-02T22:07:42.507Z,2026-07-02T22:07:42.507Z
4003,node/10067282566,node,POINT(-51.0838489 -0.0042379),Bicicletário do DEPLA,,bicycle_parking,rack,10,yes,yes,no,,,,,,,,,,,,,,,,,,,,2026-07-02T22:07:42.507Z,2026-07-02T22:07:42.507Z
4004,node/10067282567,node,POINT(-51.0838745 -0.0028537),Bicicletário do DCET,,bicycle_parking,rack,10,yes,yes,no,,,,,,,,,,,,,,,,,,,,2026-07-02T22:07:42.507Z,2026-07-02T22:07:42.507Z
4005,node/10068329805,node,POINT(-38.5694455 -3.8180629),,,bicycle_parking,,,yes,no,no,,,,,,,,,,,,,,,,,,,,2026-07-02T22:07:42.507Z,2026-07-02T22:07:42.507Z
4006,node/10068801617,node,POINT(-38.5689907 -3.8175521),,,bicycle_parking,,0,yes,no,no,,,,,,,,,,,,,,,,,,,,2026-07-02T22:07:42.507Z,2026-07-02T22:07:42.507Z
4007,node/10073204945,node,POINT(-38.5702322 -3.8166531),,,bicycle_parking,,,yes,no,no,,,,,,,,,,,,,,,,,,,,2026-07-02T22:07:42.507Z,2026-07-02T22:07:42.507Z
4008,node/10075067319,node,POINT(-38.5586928 -3.7108802),,,bicycle_parking,stands,6,yes,no,no,,,,,,,,,,,,,,,,,,,,2026-07-02T22:07:42.507Z,2026-07-02T22:07:42.507Z
4009,node/10092361682,node,POINT(-38.4715187 -12.9891837),,,bicycle_parking,stands,12,yes,yes,no,,,,,,,,,,,,,,,,,,,,2026-07-02T22:07:42.507Z,2026-07-02T22:07:42.507Z
4010,node/10096375546,node,POINT(-48.4984428 -27.7046211),,,bicycle_parking,stands,6,yes,no,,,,,,,,,,,,,,,,,,,,,2026-07-02T22:07:42.507Z,2026-07-02T22:07:42.507Z
4011,node/10099899525,node,POINT(-48.8461278 -26.2948272),,,bicycle_parking,wall_loops,5,yes,no,no,no,,Droga Raia,,,,,,,,,,,,,,,,,2026-07-02T22:07:42.507Z,2026-07-02T22:07:42.507Z
4012,node/10102256398,node,POINT(-48.6673978 -27.6070411),,,bicycle_parking,stands,8,yes,no,no,no,,,,,,,,,,,,,,,,,,,2026-07-02T22:07:42.507Z,2026-07-02T22:07:42.507Z
4013,node/10110329128,node,POINT(-43.1105161 -22.907022),,,bicycle_parking,stands,4,yes,no,no,,,,,,,,,,,,,,,,,,,,2026-07-02T22:07:42.507Z,2026-07-02T22:07:42.507Z
4014,node/10110329129,node,POINT(-43.1105522 -22.907062),,,bicycle_parking,stands,4,yes,,no,,,,,,,,,,,,,,,,,,,,2026-07-02T22:07:42.507Z,2026-07-02T22:07:42.507Z
4015,node/10110329130,node,POINT(-43.1100632 -22.9074113),,,bicycle_parking,stands,10,yes,no,no,,,,,,,,,,,,,,,,,,,,2026-07-02T22:07:42.507Z,2026-07-02T22:07:42.507Z
4016,node/10110329131,node,POINT(-43.1108001 -22.906717),,,bicycle_parking,stands,10,,,no,,,,,,,,,,,,,,,,,,,,2026-07-02T22:07:42.507Z,2026-07-02T22:07:42.507Z
4017,node/10117401869,node,POINT(-38.4687232 -12.9964432),,,bicycle_parking,stands,10,yes,no,no,,,,,,,,,,,,,,,,,,,,2026-07-02T22:07:42.507Z,2026-07-02T22:07:42.507Z
4018,node/10117401870,node,POINT(-38.4668971 -12.9848526),,,bicycle_parking,stands,12,yes,yes,no,,,BRT Salvador,,,,,,,,,,,,,,,,,2026-07-02T22:07:42.507Z,2026-07-02T22:07:42.507Z
4019,node/10117675223,node,POINT(-48.4578097 -1.4749464),,,bicycle_parking,,,,,,,,,,,,,,,,,,,,,,,,,2026-07-02T22:07:42.507Z,2026-07-02T22:07:42.507Z
4020,node/10125199731,node,POINT(-48.192552 -18.6523342),,,bicycle_parking,,,yes,,,,,,,,,,,,,,,,,,,,,,2026-07-02T22:07:42.507Z,2026-07-02T22:07:42.507Z
4021,node/10126569684,node,POINT(-49.8282686 -27.4041256),,,bicycle_parking,wall_loops,5,yes,no,no,no,,,,,,,,,,,,,,,,,,,2026-07-02T22:07:42.507Z,2026-07-02T22:07:42.507Z
4022,node/10128874852,node,POINT(-38.4790423 -3.7216542),,,bicycle_parking,stands,5,yes,no,no,,,,,,,,,,,,,,,,,,,,2026-07-02T22:07:42.507Z,2026-07-02T22:07:42.507Z
4023,node/10128874853,node,POINT(-38.4790195 -3.7216944),,,bicycle_parking,stands,3,yes,no,no,,,,,,,,,,,,,,,,,,,,2026-07-02T22:07:42.507Z,2026-07-02T22:07:42.507Z
4024,node/10128874854,node,POINT(-38.4801452 -3.7219586),,,bicycle_parking,rack,10,yes,no,no,,,,,,,,,,,,,,,,,,,,2026-07-02T22:07:42.507Z,2026-07-02T22:07:42.507Z
4025,node/10128874855,node,POINT(-38.485041 -3.7231963),,,bicycle_parking,stands,12,yes,no,no,,,,,,,,,,,,,,,,,,,,2026-07-02T22:07:42.507Z,2026-07-02T22:07:42.507Z
4026,node/10128874856,node,POINT(-38.4852203 -3.7231964),,,bicycle_parking,stands,12,yes,no,no,,,,,,,,,,,,,,,,,,,,2026-07-02T22:07:42.507Z,2026-07-02T22:07:42.507Z
4027,node/10128874857,node,POINT(-38.4854498 -3.7232032),,,bicycle_parking,stands,12,yes,no,no,,,,,,,,,,,,,,,,,,,,2026-07-02T22:07:42.507Z,2026-07-02T22:07:42.507Z
4028,node/10128874858,node,POINT(-38.4863765 -3.723217),,,bicycle_parking,stands,12,yes,no,no,,,,,,,,,,,,,,,,,,,,2026-07-02T22:07:42.507Z,2026-07-02T22:07:42.507Z
4029,node/10128874859,node,POINT(-38.4866077 -3.7232235),,,bicycle_parking,stands,12,yes,no,no,,,,,,,,,,,,,,,,,,,,2026-07-02T22:07:42.507Z,2026-07-02T22:07:42.507Z
4030,node/10128874860,node,POINT(-38.4868427 -3.7232306),,,bicycle_parking,stands,12,yes,no,no,,,,,,,,,,,,,,,,,,,,2026-07-02T22:07:42.507Z,2026-07-02T22:07:42.507Z
4031,node/10128874861,node,POINT(-38.4870343 -3.7232387),,,bicycle_parking,stands,12,yes,no,no,,,,,,,,,,,,,,,,,,,,2026-07-02T22:07:42.507Z,2026-07-02T22:07:42.507Z
4032,node/10128874862,node,POINT(-38.4874302 -3.7232548),,,bicycle_parking,stands,12,yes,no,no,,,,,,,,,,,,,,,,,,,,2026-07-02T22:07:42.507Z,2026-07-02T22:07:42.507Z
4033,node/10128874863,node,POINT(-38.4879525 -3.723345),,,bicycle_parking,stands,12,yes,no,no,,,,,,,,,,,,,,,,,,,,2026-07-02T22:07:42.507Z,2026-07-02T22:07:42.507Z
4034,node/10128874864,node,POINT(-38.4882613 -3.7234523),,,bicycle_parking,stands,12,yes,no,no,,,,,,,,,,,,,,,,,,,,2026-07-02T22:07:42.507Z,2026-07-02T22:07:42.507Z
4035,node/10128874865,node,POINT(-38.4883797 -3.7234879),,,bicycle_parking,stands,12,yes,no,no,,,,,,,,,,,,,,,,,,,,2026-07-02T22:07:42.507Z,2026-07-02T22:07:42.507Z
4036,node/10128874866,node,POINT(-38.4886118 -3.7235616),,,bicycle_parking,stands,12,yes,no,no,,,,,,,,,,,,,,,,,,,,2026-07-02T22:07:42.507Z,2026-07-02T22:07:42.507Z
4037,node/10128874867,node,POINT(-38.4887274 -3.7235939),,,bicycle_parking,stands,12,yes,no,no,,,,,,,,,,,,,,,,,,,,2026-07-02T22:07:42.507Z,2026-07-02T22:07:42.507Z
4038,node/10128874868,node,POINT(-38.4918059 -3.7255888),,,bicycle_parking,stands,12,yes,no,no,,,,,,,,,,,,,,,,,,,,2026-07-02T22:07:42.507Z,2026-07-02T22:07:42.507Z
4039,node/10128874869,node,POINT(-38.4941106 -3.7257906),,,bicycle_parking,stands,2,yes,no,no,,,,,,,,,,,,,,,,,,,,2026-07-02T22:07:42.507Z,2026-07-02T22:07:42.507Z
4040,node/10128874870,node,POINT(-38.4948187 -3.724912),,,bicycle_parking,stands,12,yes,no,no,,,,,,,,,,,,,,,,,,,,2026-07-02T22:07:42.507Z,2026-07-02T22:07:42.507Z
4041,node/10128874871,node,POINT(-38.4951614 -3.7249144),,,bicycle_parking,stands,12,yes,no,no,,,,,,,,,,,,,,,,,,,,2026-07-02T22:07:42.507Z,2026-07-02T22:07:42.507Z
4042,node/10128874872,node,POINT(-38.4955711 -3.7249175),,,bicycle_parking,stands,12,yes,no,no,,,,,,,,,,,,,,,,,,,,2026-07-02T22:07:42.507Z,2026-07-02T22:07:42.507Z
4043,node/10128874873,node,POINT(-38.4959643 -3.7249253),,,bicycle_parking,stands,12,yes,no,no,,,,,,,,,,,,,,,,,,,,2026-07-02T22:07:42.507Z,2026-07-02T22:07:42.507Z
4044,node/10128874874,node,POINT(-38.4963239 -3.7249306),,,bicycle_parking,stands,12,yes,no,no,,,,,,,,,,,,,,,,,,,,2026-07-02T22:07:42.507Z,2026-07-02T22:07:42.507Z
4045,node/10128874875,node,POINT(-38.4984044 -3.724751),,,bicycle_parking,stands,12,yes,no,no,,,,,,,,,,,,,,,,,,,,2026-07-02T22:07:42.507Z,2026-07-02T22:07:42.507Z
4046,node/10128874876,node,POINT(-38.4988837 -3.7246908),,,bicycle_parking,stands,12,yes,no,no,,,,,,,,,,,,,,,,,,,,2026-07-02T22:07:42.507Z,2026-07-02T22:07:42.507Z
4047,node/10128874877,node,POINT(-38.5001577 -3.7245205),,,bicycle_parking,stands,12,yes,no,no,,,,,,,,,,,,,,,,,,,,2026-07-02T22:07:42.507Z,2026-07-02T22:07:42.507Z
4048,node/10128874878,node,POINT(-38.5007467 -3.7244412),,,bicycle_parking,stands,12,yes,no,no,,,,,,,,,,,,,,,,,,,,2026-07-02T22:07:42.507Z,2026-07-02T22:07:42.507Z
4049,node/10128874879,node,POINT(-38.503542 -3.7234635),,,bicycle_parking,stands,12,yes,no,no,,,,,,,,,,,,,,,,,,,,2026-07-02T22:07:42.507Z,2026-07-02T22:07:42.507Z
4050,node/10128874880,node,POINT(-38.5040058 -3.7231909),,,bicycle_parking,stands,12,yes,no,no,,,,,,,,,,,,,,,,,,,,2026-07-02T22:07:42.507Z,2026-07-02T22:07:42.507Z
4051,node/10128874881,node,POINT(-38.5045771 -3.7228217),,,bicycle_parking,stands,12,yes,no,no,,,,,,,,,,,,,,,,,,,,2026-07-02T22:07:42.507Z,2026-07-02T22:07:42.507Z
4052,node/10128874882,node,POINT(-38.5048992 -3.7226169),,,bicycle_parking,stands,12,yes,no,no,,,,,,,,,,,,,,,,,,,,2026-07-02T22:07:42.507Z,2026-07-02T22:07:42.507Z
4053,node/10133840608,node,POINT(-51.1290416 -29.6808926),,,bicycle_parking,wall_loops,4,customers,no,no,,yes,,,,,,,,,,,,,,survey,,,,2026-07-02T22:07:42.507Z,2026-07-02T22:07:42.507Z
4054,node/10138910819,node,POINT(-49.2227899 -25.5252741),,,bicycle_parking,stands,,,,,,,,,,,,,,,,,,,,,,,,2026-07-02T22:07:42.507Z,2026-07-02T22:07:42.507Z
4055,node/10138910836,node,POINT(-49.2207553 -25.5275213),,,bicycle_parking,stands,,,,,,,,,,,,,,,,,,,,,,,,2026-07-02T22:07:42.507Z,2026-07-02T22:07:42.507Z
4056,node/10138910837,node,POINT(-49.2216543 -25.5274278),,,bicycle_parking,stands,,,,,,,,,,,,,,,,,,,,,,,,2026-07-02T22:07:42.507Z,2026-07-02T22:07:42.507Z
4057,node/10187260054,node,POINT(-43.1243997 -22.8970615),,,bicycle_parking,,,yes,yes,,,,Plaza Shopping Niterói,,,-0.5,,,,,,,,,,,,,,2026-07-02T22:07:42.507Z,2026-07-02T22:07:42.507Z
4058,node/10187403863,node,POINT(-47.0073019 -22.8846476),,,bicycle_parking,stands,,permissive,no,no,,,Decathlon,,,,,,,,,,,,,,,,,2026-07-02T22:07:42.507Z,2026-07-02T22:07:42.507Z
4059,node/10207442067,node,POINT(-43.2279629 -22.9655759),,,bicycle_parking,stands,14,,,,,,,,,,,,,,,,,,,,,,,2026-07-02T22:07:42.507Z,2026-07-02T22:07:42.507Z
4060,node/10208156385,node,POINT(-49.2369844 -25.5009111),,,bicycle_parking,stands,,,,,,,,,,0,,,,,,,,,,,,,,2026-07-02T22:07:42.507Z,2026-07-02T22:07:42.507Z
4061,node/10208156386,node,POINT(-49.2369526 -25.5008606),,,bicycle_parking,stands,,,,,,,,,,0,,,,,,,,,,,,,,2026-07-02T22:07:42.507Z,2026-07-02T22:07:42.507Z
4062,node/10208156387,node,POINT(-49.2373608 -25.5011527),,,bicycle_parking,stands,,,,,,,,,,0,,,,,,,,,,,,,,2026-07-02T22:07:42.507Z,2026-07-02T22:07:42.507Z
4063,node/10208156388,node,POINT(-49.2380291 -25.5013147),,,bicycle_parking,stands,,,,,,,,,,0,,,,,,,,,,,,,,2026-07-02T22:07:42.507Z,2026-07-02T22:07:42.507Z
4064,node/10212057849,node,POINT(-48.8344481 -25.476947),,,bicycle_parking,stands,6,,no,,,,,,,,,,,,,,,,,,,,,2026-07-02T22:07:42.507Z,2026-07-02T22:07:42.507Z
4065,node/10212057851,node,POINT(-48.8308059 -25.4823582),,,bicycle_parking,,50,,,,,,,,,,,,,,,,,,,,,,,2026-07-02T22:07:42.507Z,2026-07-02T22:07:42.507Z
4066,node/10231197147,node,POINT(-38.4592083 -12.9833763),,,bicycle_parking,wall_loops,,,,no,,,Mais Bike,,,,,,,,,,,,,,,,,2026-07-02T22:07:42.507Z,2026-07-02T22:07:42.507Z
4067,node/10265586036,node,POINT(-49.1416139 -26.879473),,,bicycle_parking,wall_loops,,yes,,,,,,,,,,,,,,,,,,,,,,2026-07-02T22:07:42.507Z,2026-07-02T22:07:42.507Z
4068,node/10268444298,node,POINT(-49.002724 -28.4809489),,,bicycle_parking,wall_loops,4,customers,no,no,,,Droga Raia,,,,,,,,,,,,,,,,,2026-07-02T22:07:42.507Z,2026-07-02T22:07:42.507Z
4069,node/10268444303,node,POINT(-48.9979078 -28.4778798),,,bicycle_parking,,3,,,,,,,,,,,,,,,,,,,,,,,2026-07-02T22:07:42.507Z,2026-07-02T22:07:42.507Z
4070,node/10268471612,node,POINT(-49.0003896 -28.4796808),,,bicycle_parking,wall_loops,2,private,no,no,,,Panvel,,,,,,,,,,,,,,,,,2026-07-02T22:07:42.507Z,2026-07-02T22:07:42.507Z
4071,node/10274563504,node,POINT(-48.6547995 -26.900851),,,bicycle_parking,,,,,,,,,,,,,,,,,,,,,,,,,2026-07-02T22:07:42.507Z,2026-07-02T22:07:42.507Z
4072,node/10274594679,node,POINT(-48.6548182 -26.8923059),,,bicycle_parking,wall_loops,12,yes,no,no,no,no,Milium,,,,,,,,,,,,,,,,,2026-07-02T22:07:42.507Z,2026-07-02T22:07:42.507Z
4073,node/10277110284,node,POINT(-49.1610644 -26.7013246),,,bicycle_parking,wall_loops,4,,,,,,,,,,,,,,,,,,,,,,,2026-07-02T22:07:42.507Z,2026-07-02T22:07:42.507Z
4074,node/10280706172,node,POINT(-48.6270518 -26.9993089),,,bicycle_parking,stands,12,yes,no,no,no,yes,,,,,,,,,,,,,,,,,,2026-07-02T22:07:42.507Z,2026-07-02T22:07:42.507Z
4075,node/10293117419,node,POINT(-49.1738116 -26.7380139),,,bicycle_parking,saddle_holder,,yes,no,,,,,,,,,,,,,,,,,,,,,2026-07-02T22:07:42.507Z,2026-07-02T22:07:42.507Z
4076,node/10293723577,node,POINT(-49.2706881 -25.4089584),,,bicycle_parking,stands,5,yes,no,,,,,,,,,,,,,,,,,,,,,2026-07-02T22:07:42.507Z,2026-07-02T22:07:42.507Z
4077,node/10296170917,node,POINT(-49.0918939 -22.3025651),,,bicycle_parking,,,,,,,,,,,,,,,,,,,,,,,,,2026-07-02T22:07:42.507Z,2026-07-02T22:07:42.507Z
4078,node/10313055835,node,POINT(-49.2676134 -25.4264521),,,bicycle_parking,wall_loops,12,,no,,,,,,,,,,,,,,,,,,,,,2026-07-02T22:07:42.507Z,2026-07-02T22:07:42.507Z
4079,node/10313055836,node,POINT(-49.2682893 -25.4264049),,,bicycle_parking,stands,10,,no,,,,,,,,,,,,,,,,,,,,,2026-07-02T22:07:42.507Z,2026-07-02T22:07:42.507Z
4080,node/10536190202,node,POINT(-49.1641107 -26.7105524),,,bicycle_parking,ground_slots,4,,,,,,,,,,,,,,,,,,,,,,,2026-07-02T22:07:42.507Z,2026-07-02T22:07:42.507Z
4081,node/10560759967,node,POINT(-49.1613507 -26.8227962),,,bicycle_parking,ground_slots,15,,,,,,,,,,,,,,,,,,,,,,,2026-07-02T22:07:42.507Z,2026-07-02T22:07:42.507Z
4082,node/10560759978,node,POINT(-49.1645527 -26.8141938),,,bicycle_parking,,4,,,,,,,,,,,,,,,,,,,,,,,2026-07-02T22:07:42.507Z,2026-07-02T22:07:42.507Z
4083,node/10564978873,node,POINT(-43.2007116 -22.984908),,,bicycle_parking,stands,8,yes,no,no,,,,,,,,,,,,,,,,,,,,2026-07-02T22:07:42.507Z,2026-07-02T22:07:42.507Z
4084,node/10565845937,node,POINT(-49.0746944 -26.9071483),,,bicycle_parking,stands,5,,,,,,,,,,,,,,,,,,,,,,,2026-07-02T22:07:42.507Z,2026-07-02T22:07:42.507Z
4085,node/10567726936,node,POINT(-43.1998316 -22.9845619),,,bicycle_parking,wall_loops,6,yes,no,no,,,,,,,,,,,,,,,,,,,,2026-07-02T22:07:42.507Z,2026-07-02T22:07:42.507Z
4086,node/10568233263,node,POINT(-43.1983549 -22.9834698),,,bicycle_parking,stands,10,yes,no,no,,,,,,,,,,,,,,,,,,,,2026-07-02T22:07:42.507Z,2026-07-02T22:07:42.507Z
4087,node/10568233264,node,POINT(-43.198631 -22.983454),,,bicycle_parking,stands,30,yes,no,no,,,,,,,,,,,,,,,,,,,,2026-07-02T22:07:42.507Z,2026-07-02T22:07:42.507Z
4088,node/10570115232,node,POINT(-43.1988353 -22.9845158),,,bicycle_parking,stands,4,yes,no,no,,,,,,,,,,,,,,,,,,,,2026-07-02T22:07:42.507Z,2026-07-02T22:07:42.507Z
4089,node/10570715531,node,POINT(-43.1987368 -22.9835526),,,bicycle_parking,stands,10,yes,no,no,,,,,,,,,,,,,,,,,,,,2026-07-02T22:07:42.507Z,2026-07-02T22:07:42.507Z
4090,node/10574955020,node,POINT(-49.385114 -26.9544321),,,bicycle_parking,stands,14,yes,,,,,,,,,,,,,,,,,,,,,,2026-07-02T22:07:42.507Z,2026-07-02T22:07:42.507Z
4091,node/10574957363,node,POINT(-49.3779324 -26.9571648),,,bicycle_parking,wall_loops,5,yes,no,no,no,,,,,,,,,,,,,,,,,,,2026-07-02T22:07:42.507Z,2026-07-02T22:07:42.507Z
4092,node/10579016199,node,POINT(-54.5823999 -25.5470959),,,bicycle_parking,wall_loops,5,permissive,no,no,,,,,,,,,,,,,,,,,,,,2026-07-02T22:07:42.507Z,2026-07-02T22:07:42.507Z
4093,node/10584987134,node,POINT(-54.578577 -25.5486278),,,bicycle_parking,wall_loops,,,,,,,,,,,,,,,,,,,,,,,,2026-07-02T22:07:42.507Z,2026-07-02T22:07:42.507Z
4094,node/10586826827,node,POINT(-49.0520588 -26.8665341),,,bicycle_parking,stands,,private,,,,,,,,,,,,,,,,,,,,,,2026-07-02T22:07:42.507Z,2026-07-02T22:07:42.507Z
4095,node/10605079042,node,POINT(-54.6753772 -30.9840256),,,bicycle_parking,,8,yes,,,,,,,,,,,,,,,,,,,,,,2026-07-02T22:07:42.507Z,2026-07-02T22:07:42.507Z
4096,node/10606075749,node,POINT(-38.4329399 -12.9696639),,,bicycle_parking,stands,12,,no,no,,,,,,,,,,,,,,,,,,,,2026-07-02T22:07:42.507Z,2026-07-02T22:07:42.507Z
4097,node/10607110320,node,POINT(-49.1747364 -26.7529479),,,bicycle_parking,wall_loops,,private,yes,,,,,,,,,,,,,,,,,,,,,2026-07-02T22:07:42.507Z,2026-07-02T22:07:42.507Z
4098,node/10610703061,node,POINT(-48.7100643 -25.4312051),,,bicycle_parking,,10,,,,,,,,,,,,,,,,,,,,,,,2026-07-02T22:07:42.507Z,2026-07-02T22:07:42.507Z
4099,node/10614252691,node,POINT(-36.9897657 -10.8940694),,,bicycle_parking,wall_loops,8,,no,,,,,,,,,,,,,,,,,,,,,2026-07-02T22:07:42.507Z,2026-07-02T22:07:42.507Z
4100,node/10618415050,node,POINT(-37.0490189 -10.9128391),,,bicycle_parking,,,,,,,,,,,,,,,,,,,,,,,,,2026-07-02T22:07:42.507Z,2026-07-02T22:07:42.507Z
4101,node/10656340182,node,POINT(-48.6516656 -26.9012761),,,bicycle_parking,wall_loops,6,yes,,no,,,,,,,,,,,,,,,,,,,,2026-07-02T22:07:42.521Z,2026-07-02T22:07:42.521Z
4102,node/10665519922,node,POINT(-34.9127856 -8.0363807),,,bicycle_parking,shed,50,customers,yes,yes,,,,,,,,,,,,,,,,,,,,2026-07-02T22:07:42.521Z,2026-07-02T22:07:42.521Z
4103,node/10689742045,node,POINT(-45.9181608 -20.4508583),,,bicycle_parking,,,,,,,,,,,,,,,,,,,,,,,,,2026-07-02T22:07:42.521Z,2026-07-02T22:07:42.521Z
4104,node/10703963805,node,POINT(-38.4556182 -12.9811478),,,bicycle_parking,stands,10,permissive,no,no,,,,,,,,,,,,,,,,,,,,2026-07-02T22:07:42.521Z,2026-07-02T22:07:42.521Z
4105,node/10710024320,node,POINT(-48.5031145 -26.2287244),,,bicycle_parking,wall_loops,4,,,,,,,,,,,,,,,,,,,,,,,2026-07-02T22:07:42.521Z,2026-07-02T22:07:42.521Z
4106,node/10716697835,node,POINT(-46.1972496 -23.5201479),,,bicycle_parking,stands,8,yes,no,no,,,,,,,,,,,,,,,,,,,,2026-07-02T22:07:42.521Z,2026-07-02T22:07:42.521Z
4107,node/10716770734,node,POINT(-46.5629534 -23.677023),,,bicycle_parking,stands,6,permissive,no,no,,,,,,,,,,,,,,,,,,,,2026-07-02T22:07:42.521Z,2026-07-02T22:07:42.521Z
4108,node/10716770735,node,POINT(-46.5568502 -23.6779624),,,bicycle_parking,wall_loops,4,yes,no,no,,,,,,,,,,,,,,,,,,,,2026-07-02T22:07:42.521Z,2026-07-02T22:07:42.521Z
4109,node/10716770736,node,POINT(-46.5577194 -23.6803617),,,bicycle_parking,stands,5,yes,no,no,,,,,,,,,,,,,,,,,,,,2026-07-02T22:07:42.521Z,2026-07-02T22:07:42.521Z
4110,node/10716770737,node,POINT(-46.5578903 -23.6839144),,,bicycle_parking,shed,,customers,yes,no,yes,,Golden Square Shopping,,,,,,,,,,,,,,,,,2026-07-02T22:07:42.521Z,2026-07-02T22:07:42.521Z
4111,node/10716770738,node,POINT(-46.5573938 -23.6801738),,,bicycle_parking,wall_loops,6,yes,no,no,,,Secretaria de Finanças de São Bernardo do Campo,,,,,,,,,,,,,,,,,2026-07-02T22:07:42.521Z,2026-07-02T22:07:42.521Z
4112,node/10716770739,node,POINT(-46.546861 -23.6859403),,,bicycle_parking,shed,6,customers,yes,no,yes,,Supermercado Sonda/Decathlon,,,,,,,,,,,,,,,,,2026-07-02T22:07:42.521Z,2026-07-02T22:07:42.521Z
4113,node/10716770740,node,POINT(-46.5507217 -23.6882818),,,bicycle_parking,stands,2,permissive,no,no,,,Prefeitura de São Bernardo do Campo,,,,,,,,,,,,,,,,,2026-07-02T22:07:42.521Z,2026-07-02T22:07:42.521Z
4114,node/10716770741,node,POINT(-46.5482137 -23.688974),,,bicycle_parking,stands,2,permissive,no,no,,,Prefeitura de São Bernardo do Campo,,,,,,,,,,,,,,,,,2026-07-02T22:07:42.521Z,2026-07-02T22:07:42.521Z
4115,node/10716770744,node,POINT(-46.57195 -23.6317139),,,bicycle_parking,wall_loops,30,yes,no,no,,,,,,,,,,,,,,,,,,,,2026-07-02T22:07:42.521Z,2026-07-02T22:07:42.521Z
4116,node/10718028615,node,POINT(-48.6866862 -27.6718238),,,bicycle_parking,stands,14,yes,no,no,no,no,,,,,,,,,,,,,,,,,,2026-07-02T22:07:42.521Z,2026-07-02T22:07:42.521Z
4117,node/10724436672,node,POINT(-43.0717922 -22.9360097),,,bicycle_parking,transoceânica,12,yes,no,no,,,,,,,,,,,,,,,,,,,,2026-07-02T22:07:42.521Z,2026-07-02T22:07:42.521Z
4118,node/10728819684,node,POINT(-49.1816067 -26.7517487),,,bicycle_parking,ground_slots,,,,,,,,,,,,,,,,,,,,,,,,2026-07-02T22:07:42.521Z,2026-07-02T22:07:42.521Z
4119,node/10728819693,node,POINT(-49.1795649 -26.7526857),,,bicycle_parking,ground_slots,5,,,,,,,,,,,,,,,,,,,,,,,2026-07-02T22:07:42.521Z,2026-07-02T22:07:42.521Z
4120,node/10737875200,node,POINT(-46.5656934 -23.6773608),,,bicycle_parking,stands,4,permissive,no,no,,,,,,,,,,,,,,,,,,,,2026-07-02T22:07:42.521Z,2026-07-02T22:07:42.521Z
4121,node/10737875201,node,POINT(-46.5638386 -23.6773749),,,bicycle_parking,stands,4,permissive,no,no,,,,,,,,,,,,,,,,,,,,2026-07-02T22:07:42.521Z,2026-07-02T22:07:42.521Z
4122,node/10750947440,node,POINT(-43.2535895 -22.9934609),,,bicycle_parking,stands,24,yes,no,no,,,,,,,,,,,,,,,,,,,,2026-07-02T22:07:42.521Z,2026-07-02T22:07:42.521Z
4123,node/10750959446,node,POINT(-43.2546387 -22.9923486),,,bicycle_parking,stands,36,yes,no,no,,,,,,,,,,,,,,,,,,,,2026-07-02T22:07:42.521Z,2026-07-02T22:07:42.521Z
4124,node/10750977733,node,POINT(-43.2532893 -22.9925111),,,bicycle_parking,stands,,yes,no,no,,,,,,,,,,,,,,,,,,,,2026-07-02T22:07:42.521Z,2026-07-02T22:07:42.521Z
4125,node/10767386939,node,POINT(-47.7792476 -15.7308178),,,bicycle_parking,handlebar_holder,24,,no,,,,,,,,,,,,,,,,,,,,,2026-07-02T22:07:42.521Z,2026-07-02T22:07:42.521Z
4126,node/10769242577,node,POINT(-49.0691833 -26.9196969),,,bicycle_parking,building,,,,,,,Shopping Neumarkt,,,,,,,,,,,,,,,,,2026-07-02T22:07:42.521Z,2026-07-02T22:07:42.521Z
4127,node/10771866571,node,POINT(-38.5585683 -3.7228442),,,bicycle_parking,stands,16,yes,no,no,,,,,,,,,,,,,,,,,,,,2026-07-02T22:07:42.521Z,2026-07-02T22:07:42.521Z
4128,node/10771866591,node,POINT(-38.5594338 -3.7226909),,,bicycle_parking,stands,4,yes,no,no,,,,,,,,,,,,,,,,,,,,2026-07-02T22:07:42.521Z,2026-07-02T22:07:42.521Z
4129,node/10797792190,node,POINT(-38.3963741 -12.9597048),,,bicycle_parking,wall_loops,5,customers,yes,no,,,Hiperideal,,,,,,,,,,,,,,,,,2026-07-02T22:07:42.521Z,2026-07-02T22:07:42.521Z
4130,node/10803316065,node,POINT(-43.8376713 -22.4669202),,,bicycle_parking,building,50,,,yes,,,,,,,,,,,,,,,,,,,,2026-07-02T22:07:42.521Z,2026-07-02T22:07:42.521Z
4131,node/10804739996,node,POINT(-48.91271 -27.0990837),,,bicycle_parking,stands,,,no,,,,,,,,,,,,,,,,,,,,,2026-07-02T22:07:42.521Z,2026-07-02T22:07:42.521Z
4132,node/10808762892,node,POINT(-49.2348996 -25.4497383),,,bicycle_parking,stands,8,,no,,,,,,,,,,,,,,,,,,,,,2026-07-02T22:07:42.521Z,2026-07-02T22:07:42.521Z
4133,node/10812297935,node,POINT(-49.2365737 -25.454032),,,bicycle_parking,stands,6,,no,,,,,,,,,,,,,,,,,,,,,2026-07-02T22:07:42.521Z,2026-07-02T22:07:42.521Z
4134,node/10812297936,node,POINT(-49.2358297 -25.4568784),,,bicycle_parking,wall_loops,,,,,,,,,,,,,,,,,,,,,,,,2026-07-02T22:07:42.521Z,2026-07-02T22:07:42.521Z
4135,node/10812297937,node,POINT(-49.2340638 -25.4526037),,,bicycle_parking,stands,12,,no,,,,,,,,,,,,,,,,,,,,,2026-07-02T22:07:42.521Z,2026-07-02T22:07:42.521Z
4136,node/10812297939,node,POINT(-49.2350967 -25.4498234),,,bicycle_parking,stands,16,,no,,,,,,,,,,,,,,,,,,,,,2026-07-02T22:07:42.521Z,2026-07-02T22:07:42.521Z
4137,node/10812297941,node,POINT(-49.2329107 -25.4483015),,,bicycle_parking,stands,18,,no,,,,,,,,,,,,,,,,,,,,,2026-07-02T22:07:42.521Z,2026-07-02T22:07:42.521Z
4138,node/10812297942,node,POINT(-49.2321813 -25.4505276),,,bicycle_parking,stands,6,,no,,,,,,,,,,,,,,,,,,,,,2026-07-02T22:07:42.521Z,2026-07-02T22:07:42.521Z
4139,node/10812297943,node,POINT(-49.231429 -25.4506309),,,bicycle_parking,wall_loops,8,,no,,,,,,,,,,,,,,,,,,,,,2026-07-02T22:07:42.521Z,2026-07-02T22:07:42.521Z
4140,node/10812297944,node,POINT(-49.2310579 -25.4513766),,,bicycle_parking,stands,4,,no,,,,,,,,,,,,,,,,,,,,,2026-07-02T22:07:42.521Z,2026-07-02T22:07:42.521Z
4141,node/10812297945,node,POINT(-49.2328626 -25.4521467),,,bicycle_parking,stands,9,,no,,,,,,,,,,,,,,,,,,,,,2026-07-02T22:07:42.521Z,2026-07-02T22:07:42.521Z
4142,node/10822856683,node,POINT(-49.2389388 -25.4444517),,,bicycle_parking,,,,,,,,,,,,,,,,,,,,,,,,,2026-07-02T22:07:42.521Z,2026-07-02T22:07:42.521Z
4143,node/10822856684,node,POINT(-49.2387384 -25.4447119),,,bicycle_parking,,,,,,,,,,,,,,,,,,,,,,,,,2026-07-02T22:07:42.521Z,2026-07-02T22:07:42.521Z
4144,node/10822856685,node,POINT(-49.2384969 -25.4463411),,,bicycle_parking,,,,,,,,,,,,,,,,,,,,,,,,,2026-07-02T22:07:42.521Z,2026-07-02T22:07:42.521Z
4145,node/10822856686,node,POINT(-49.2379157 -25.4478638),,,bicycle_parking,,,,,,,,,,,,,,,,,,,,,,,,,2026-07-02T22:07:42.521Z,2026-07-02T22:07:42.521Z
4146,node/10822856690,node,POINT(-49.2395175 -25.45065),,,bicycle_parking,,,,,,,,,,,,,,,,,,,,,,,,,2026-07-02T22:07:42.521Z,2026-07-02T22:07:42.521Z
4147,node/10822856691,node,POINT(-49.2396587 -25.4508953),,,bicycle_parking,,,,,,,,,,,,,,,,,,,,,,,,,2026-07-02T22:07:42.521Z,2026-07-02T22:07:42.521Z
4148,node/10836127628,node,POINT(-43.045372 -22.9403),,,bicycle_parking,transoceânica,10,,,no,,,,,,,,,,,,,,,,,,,,2026-07-02T22:07:42.521Z,2026-07-02T22:07:42.521Z
4149,node/10836192817,node,POINT(-48.6311829 -26.9997339),,,bicycle_parking,stands,10,yes,,,,,,,,,,,,,,,,,,,,,,2026-07-02T22:07:42.521Z,2026-07-02T22:07:42.521Z
4150,node/10836192844,node,POINT(-48.6335182 -27.0010347),,,bicycle_parking,stands,10,yes,,,no,yes,,,,,,,,,,,,,,,,,,2026-07-02T22:07:42.521Z,2026-07-02T22:07:42.521Z
4151,node/10858290867,node,POINT(-49.2646797 -25.4378372),,,bicycle_parking,stands,,,,,,,,,,,,,,,,,,,,,,,,2026-07-02T22:07:42.521Z,2026-07-02T22:07:42.521Z
4152,node/10868033245,node,POINT(-49.023643 -28.4895176),,,bicycle_parking,wall_loops,,customers,no,no,,,Giassi Supermercados,,,,,,,,,,,,,,,,,2026-07-02T22:07:42.521Z,2026-07-02T22:07:42.521Z
4153,node/10881807580,node,POINT(-37.0326821 -10.9059205),,,bicycle_parking,,,yes,,no,,,,,,,,,,,,,,,,,,,,2026-07-02T22:07:42.521Z,2026-07-02T22:07:42.521Z
4154,node/10884345687,node,POINT(-46.6461255 -23.5610902),,,bicycle_parking,stands,4,yes,no,no,,,,,,,,,,,,,,,,,,,,2026-07-02T22:07:42.521Z,2026-07-02T22:07:42.521Z
4155,node/10892455793,node,POINT(-47.9861379 -16.0028307),,,bicycle_parking,stands,,yes,no,no,,yes,,,,0,,,,,,,,,,,,,,2026-07-02T22:07:42.521Z,2026-07-02T22:07:42.521Z
4156,node/10912960749,node,POINT(-49.0616349 -26.9272815),,,bicycle_parking,stands,16,yes,no,no,,,,,,,,,,,,,,,,,,,,2026-07-02T22:07:42.521Z,2026-07-02T22:07:42.521Z
4157,node/10919485596,node,POINT(-43.026595 -22.9525582),,,bicycle_parking,stands,8 vagas,yes,no,no,,,,,,,,,,,,,,,,,,,,2026-07-02T22:07:42.521Z,2026-07-02T22:07:42.521Z
4158,node/10919487512,node,POINT(-43.024886 -22.9505009),,,bicycle_parking,stands,8,yes,no,no,,,,,,,,,,,,,,,,,,,,2026-07-02T22:07:42.521Z,2026-07-02T22:07:42.521Z
4159,node/10920255472,node,POINT(-49.0909478 -26.9037292),,,bicycle_parking,wall_loops,5,,,,,,,,,,,,,,,,,,,,,,,2026-07-02T22:07:42.521Z,2026-07-02T22:07:42.521Z
4160,node/10929814171,node,POINT(-51.9628402 -29.4676262),,,bicycle_parking,stands,,yes,no,no,no,,,,,,,,,,,,,,,,,,,2026-07-02T22:07:42.521Z,2026-07-02T22:07:42.521Z
4161,node/10939793304,node,POINT(-43.2209473 -22.9046238),,,bicycle_parking,stands,20,yes,no,no,,,,,,,,,,,,,,,,,,,,2026-07-02T22:07:42.521Z,2026-07-02T22:07:42.521Z
4162,node/10939823807,node,POINT(-43.2228569 -22.9082336),,,bicycle_parking,stands,20,yes,no,no,,,,,,,,,,,,,,,,,,,,2026-07-02T22:07:42.521Z,2026-07-02T22:07:42.521Z
4163,node/10942531167,node,POINT(-46.8969266 -23.4785687),,,bicycle_parking,,7,yes,no,no,,,,,,,,,,,,,,,,,,,,2026-07-02T22:07:42.521Z,2026-07-02T22:07:42.521Z
4164,node/10946630022,node,POINT(-46.7128604 -23.5604244),,,bicycle_parking,stands,30,yes,no,no,,,,,,,,,,,,,,,,,,,,2026-07-02T22:07:42.521Z,2026-07-02T22:07:42.521Z
4165,node/10957060855,node,POINT(-38.4029465 -12.9624516),,,bicycle_parking,,,customers,,no,,,,,,,,,,,,,,,,,,,,2026-07-02T22:07:42.521Z,2026-07-02T22:07:42.521Z
4166,node/10958547246,node,POINT(-53.7042618 -24.743011),,,bicycle_parking,,8,yes,no,no,,,,,,,,,,,,,,,,,,,,2026-07-02T22:07:42.521Z,2026-07-02T22:07:42.521Z
4167,node/10970000643,node,POINT(-46.6379151 -23.5033704),,,bicycle_parking,stands,1,yes,no,yes,,,,,,,,,,,,,,,,,,,,2026-07-02T22:07:42.521Z,2026-07-02T22:07:42.521Z
4168,node/10970003827,node,POINT(-46.649186 -23.5077504),,,bicycle_parking,wall_loops,10,customers,no,no,,,,,,,,,,,,,,,,,,,,2026-07-02T22:07:42.521Z,2026-07-02T22:07:42.521Z
4169,node/10983231436,node,POINT(-46.6907144 -23.5468183),,,bicycle_parking,stands,8,,no,,,,,,,,,,,,,,,,,,,,,2026-07-02T22:07:42.521Z,2026-07-02T22:07:42.521Z
4170,node/10985370809,node,POINT(-46.6583997 -23.5627925),,,bicycle_parking,stands,6,yes,no,no,,,,,,,,,,,,,,,,,,,,2026-07-02T22:07:42.521Z,2026-07-02T22:07:42.521Z
4171,node/10992432033,node,POINT(-43.236005 -22.9215938),,,bicycle_parking,,,,no,,,,,,,,,,,,,,,,,,,,,2026-07-02T22:07:42.521Z,2026-07-02T22:07:42.521Z
4172,node/10997663935,node,POINT(-38.4628558 -12.9161197),,,bicycle_parking,stands,108,,yes,,,,CCR Metrô Bahia,,,,,,,,,,,,,,,,,2026-07-02T22:07:42.521Z,2026-07-02T22:07:42.521Z
4173,node/11010623223,node,POINT(-46.6450661 -23.4823925),,,bicycle_parking,rack,,customers,yes,no,yes,,,,,,,,,,,,,,,,,,,2026-07-02T22:07:42.521Z,2026-07-02T22:07:42.521Z
4174,node/11012030669,node,POINT(-43.3126836 -22.8247669),,,bicycle_parking,stands,10,yes,no,no,,,McDonald's,,,,,,,,,,,,,,,,,2026-07-02T22:07:42.521Z,2026-07-02T22:07:42.521Z
4175,node/11012625188,node,POINT(-46.7309559 -23.5531596),,,bicycle_parking,stands,20,,yes,no,,,,,,,,,,,,,,,,,,,,2026-07-02T22:07:42.521Z,2026-07-02T22:07:42.521Z
4176,node/11028315763,node,POINT(-38.4597507 -12.994242),,,bicycle_parking,stands,6,yes,no,no,,,,,,,,,,,,,,,,,,,,2026-07-02T22:07:42.521Z,2026-07-02T22:07:42.521Z
4177,node/11032348897,node,POINT(-46.3705004 -23.9685108),,,bicycle_parking,,,,,,,,,,,,,,,,,,,,,,,,,2026-07-02T22:07:42.521Z,2026-07-02T22:07:42.521Z
4178,node/11040015280,node,POINT(-46.7310115 -23.5526114),,,bicycle_parking,wall_loops,10,,yes,no,,,,,,,,,,,,,,,,,,,,2026-07-02T22:07:42.521Z,2026-07-02T22:07:42.521Z
4179,node/11040349768,node,POINT(-34.9037822 -8.0365287),,,bicycle_parking,stands,30,,no,,,,,,,,,,,,,,,,,,,,,2026-07-02T22:07:42.521Z,2026-07-02T22:07:42.521Z
4180,node/11049630288,node,POINT(-48.6791734 -27.6625759),,,bicycle_parking,stands,12,yes,,no,,,,,,,,,,,,,,,,,,,,2026-07-02T22:07:42.521Z,2026-07-02T22:07:42.521Z
4181,node/11056845840,node,POINT(-49.2495024 -25.4771438),,,bicycle_parking,stands,5,yes,no,no,,,,,,,,,,,,,,,,,,,,2026-07-02T22:07:42.521Z,2026-07-02T22:07:42.521Z
4182,node/11067698008,node,POINT(-49.6453379 -27.2165604),,,bicycle_parking,stands,12,yes,no,no,no,,,,,,,,,,,,,,,,,,,2026-07-02T22:07:42.521Z,2026-07-02T22:07:42.521Z
4184,node/11068016232,node,POINT(-42.8356625 -22.9083811),,,bicycle_parking,,,,,,,,,,,,,,,,,,,,,,,,,2026-07-02T22:07:42.521Z,2026-07-02T22:07:42.521Z
4185,node/11068027513,node,POINT(-42.8230452 -22.9072688),,,bicycle_parking,,,,,,,,,,,,,,,,,,,,,,,,,2026-07-02T22:07:42.521Z,2026-07-02T22:07:42.521Z
4186,node/11069717719,node,POINT(-43.130666 -22.899633),,,bicycle_parking,stands,6,,,no,,,,,,,,,,,,,,,,,,,,2026-07-02T22:07:42.521Z,2026-07-02T22:07:42.521Z
4187,node/11069732293,node,POINT(-43.1047491 -22.898607),,,bicycle_parking,pórtico,12,,,no,,,,,,,,,,,,,,,,,,,,2026-07-02T22:07:42.521Z,2026-07-02T22:07:42.521Z
4188,node/11069737774,node,POINT(-43.1171499 -22.8942633),,,bicycle_parking,v,8,,,no,,,,,,,,,,,,,,,,,,,,2026-07-02T22:07:42.521Z,2026-07-02T22:07:42.521Z
4189,node/11069796409,node,POINT(-43.121433 -22.885136),,,bicycle_parking,pórtico,4,,,no,,,,,,,,,,,,,,,,,,,,2026-07-02T22:07:42.521Z,2026-07-02T22:07:42.521Z
4190,node/11070314734,node,POINT(-47.1609994 -22.8838437),,,bicycle_parking,stands,,,,,,,,,,,,,,,,,,,,,,,,2026-07-02T22:07:42.521Z,2026-07-02T22:07:42.521Z
4191,node/11070323366,node,POINT(-47.1778253 -22.8795891),,,bicycle_parking,stands,,,,,,,,,,,,,,,,,,,,,,,,2026-07-02T22:07:42.521Z,2026-07-02T22:07:42.521Z
4192,node/11070328682,node,POINT(-47.174297 -22.8803606),,,bicycle_parking,stands,,yes,yes,,,,,,,,,,,,,,,,,,,,,2026-07-02T22:07:42.521Z,2026-07-02T22:07:42.521Z
4193,node/11071311242,node,POINT(-49.0714538 -26.9430009),,,bicycle_parking,stands,,,,,,,,,,,,,,,,,,,,,,,,2026-07-02T22:07:42.521Z,2026-07-02T22:07:42.521Z
4194,node/11071328385,node,POINT(-43.1278244 -22.9035965),,,bicycle_parking,stands,10,,,,,,Museu Janete Costa,,,,,,,,,,,,,,,,,2026-07-02T22:07:42.521Z,2026-07-02T22:07:42.521Z
4195,node/11071328386,node,POINT(-43.1180053 -22.9043284),,,bicycle_parking,stands,4,,,no,,,,,,,,,,,,,,,,,,,,2026-07-02T22:07:42.521Z,2026-07-02T22:07:42.521Z
4196,node/11071338375,node,POINT(-43.084644 -22.9145582),,,bicycle_parking,stands,4,,,no,,,,,,,,,,,,,,,,,,,,2026-07-02T22:07:42.521Z,2026-07-02T22:07:42.521Z
4197,node/11071338376,node,POINT(-43.0948542 -22.9166106),,,bicycle_parking,stands,10,,,no,,,,,,,,,,,,,,,,,,,,2026-07-02T22:07:42.521Z,2026-07-02T22:07:42.521Z
4198,node/11071398165,node,POINT(-43.1186378 -22.9274599),,,bicycle_parking,stands,10,,,no,,,,,,,,,,,,,,,,,,,,2026-07-02T22:07:42.521Z,2026-07-02T22:07:42.521Z
4199,node/11071398166,node,POINT(-43.0735616 -22.9561468),,,bicycle_parking,stands,10,,,no,,,,,,,,,,,,,,,,,,,,2026-07-02T22:07:42.521Z,2026-07-02T22:07:42.521Z
4200,node/11071398167,node,POINT(-43.0627145 -22.9598999),,,bicycle_parking,stands,10,,,no,,,,,,,,,,,,,,,,,,,,2026-07-02T22:07:42.521Z,2026-07-02T22:07:42.521Z
4201,node/11071398168,node,POINT(-43.1173367 -22.8935215),,,bicycle_parking,stands,6,,,no,,,,,,,,,,,,,,,,,,,,2026-07-02T22:07:42.532Z,2026-07-02T22:07:42.532Z
4202,node/11071411649,node,POINT(-43.1213966 -22.8944712),,,bicycle_parking,stands,10,,,no,,,,,,,,,,,,,,,,,,,,2026-07-02T22:07:42.532Z,2026-07-02T22:07:42.532Z
4203,node/11071411650,node,POINT(-43.1207577 -22.8873722),,,bicycle_parking,stands,8,,,no,,,,,,,,,,,,,,,,,,,,2026-07-02T22:07:42.532Z,2026-07-02T22:07:42.532Z
4204,node/11071411651,node,POINT(-43.1265094 -22.9034268),,,bicycle_parking,stands,10,,,no,,,,,,,,,,,,,,,,,,,,2026-07-02T22:07:42.532Z,2026-07-02T22:07:42.532Z
4205,node/11071411652,node,POINT(-43.1259205 -22.9072761),,,bicycle_parking,stands,20,,,no,,,Museu de Arte Contemporânea de Niterói,,,,,,,,,,,,,,,,,2026-07-02T22:07:42.532Z,2026-07-02T22:07:42.532Z
4206,node/11071419380,node,POINT(-43.1127361 -22.8950223),,,bicycle_parking,stands,8,,no,,,,,,,,,,,,,,,,,,,,,2026-07-02T22:07:42.532Z,2026-07-02T22:07:42.532Z
4207,node/11071419381,node,POINT(-43.096124 -22.9148089),,,bicycle_parking,,10,,,no,,,,,,,,,,,,,,,,,,,,2026-07-02T22:07:42.532Z,2026-07-02T22:07:42.532Z
4208,node/11071438441,node,POINT(-43.0907455 -22.8814383),,,bicycle_parking,stands,10,,,no,,,Horto do Fonseca,,,,,,,,,,,,,,,,,2026-07-02T22:07:42.532Z,2026-07-02T22:07:42.532Z
4209,node/11071438519,node,POINT(-43.0940891 -22.9191277),,,bicycle_parking,stands,10,,,no,,,,,,,,,,,,,,,,,,,,2026-07-02T22:07:42.532Z,2026-07-02T22:07:42.532Z
4210,node/11071438520,node,POINT(-43.1227806 -22.8935643),,,bicycle_parking,stands,2,,,no,,,,,,,,,,,,,,,,,,,,2026-07-02T22:07:42.532Z,2026-07-02T22:07:42.532Z
4211,node/11071438521,node,POINT(-43.1226706 -22.8935678),,,bicycle_parking,stands,4,,,no,,,,,,,,,,,,,,,,,,,,2026-07-02T22:07:42.532Z,2026-07-02T22:07:42.532Z
4212,node/11071438526,node,POINT(-43.1216547 -22.8935895),,,bicycle_parking,stands,4,,,no,,,,,,,,,,,,,,,,,,,,2026-07-02T22:07:42.532Z,2026-07-02T22:07:42.532Z
4213,node/11071438527,node,POINT(-43.1204507 -22.8935956),,,bicycle_parking,stands,2,,,no,,,,,,,,,,,,,,,,,,,,2026-07-02T22:07:42.532Z,2026-07-02T22:07:42.532Z
4214,node/11071446793,node,POINT(-43.1165058 -22.9031467),,,bicycle_parking,stands,10,,,no,,,Universidade Federal Fluminense,,,,,,,,,,,,,,,,,2026-07-02T22:07:42.532Z,2026-07-02T22:07:42.532Z
4215,node/11071446794,node,POINT(-43.1326506 -22.9057113),,,bicycle_parking,stands,10,,,no,,,Universidade Federal Fluminense,,,,,,,,,,,,,,,,,2026-07-02T22:07:42.532Z,2026-07-02T22:07:42.532Z
4216,node/11071446795,node,POINT(-43.1321651 -22.8994004),,,bicycle_parking,stands,10,,,no,,,Universidade Federal Fluminense,,,,,,,,,,,,,,,,,2026-07-02T22:07:42.532Z,2026-07-02T22:07:42.532Z
4217,node/11071446796,node,POINT(-43.1354749 -22.900584),,,bicycle_parking,stands,10,,,no,,,Universidade Federal Fluminense,,,,,,,,,,,,,,,,,2026-07-02T22:07:42.532Z,2026-07-02T22:07:42.532Z
4218,node/11071463691,node,POINT(-43.1210511 -22.8936062),,,bicycle_parking,stands,2,,,no,,,,,,,,,,,,,,,,,,,,2026-07-02T22:07:42.532Z,2026-07-02T22:07:42.532Z
4219,node/11071481694,node,POINT(-43.1208165 -22.893612),,,bicycle_parking,stands,2,,,no,,,,,,,,,,,,,,,,,,,,2026-07-02T22:07:42.532Z,2026-07-02T22:07:42.532Z
4220,node/11071481695,node,POINT(-43.1204451 -22.8936229),,,bicycle_parking,stands,4,,,no,,,,,,,,,,,,,,,,,,,,2026-07-02T22:07:42.532Z,2026-07-02T22:07:42.532Z
4221,node/11071481696,node,POINT(-43.1203065 -22.8936239),,,bicycle_parking,stands,2,,,no,,,,,,,,,,,,,,,,,,,,2026-07-02T22:07:42.532Z,2026-07-02T22:07:42.532Z
4222,node/11071486987,node,POINT(-43.1198852 -22.8936454),,,bicycle_parking,stands,2,,,no,,,,,,,,,,,,,,,,,,,,2026-07-02T22:07:42.532Z,2026-07-02T22:07:42.532Z
4223,node/11071487079,node,POINT(-43.0787094 -22.880711),,,bicycle_parking,stands,6,,,no,,,,,,,,,,,,,,,,,,,,2026-07-02T22:07:42.532Z,2026-07-02T22:07:42.532Z
4224,node/11071487080,node,POINT(-42.989016 -22.8911669),,,bicycle_parking,stands,10,,,no,,,,,,,,,,,,,,,,,,,,2026-07-02T22:07:42.532Z,2026-07-02T22:07:42.532Z
4225,node/11071568931,node,POINT(-43.1212326 -22.8930849),,,bicycle_parking,stands,6,,,no,,,,,,,,,,,,,,,,,,,,2026-07-02T22:07:42.532Z,2026-07-02T22:07:42.532Z
4226,node/11071568932,node,POINT(-43.1208971 -22.8942438),,,bicycle_parking,stands,6,,,no,,,,,,,,,,,,,,,,,,,,2026-07-02T22:07:42.532Z,2026-07-02T22:07:42.532Z
4227,node/11071568933,node,POINT(-43.0090033 -22.9350225),,,bicycle_parking,stands,10,,,no,,,,,,,,,,,,,,,,,,,,2026-07-02T22:07:42.532Z,2026-07-02T22:07:42.532Z
4228,node/11071568934,node,POINT(-43.1237779 -22.8951436),,,bicycle_parking,stands,10,,,no,,,,,,,,,,,,,,,,,,,,2026-07-02T22:07:42.532Z,2026-07-02T22:07:42.532Z
4229,node/11071568935,node,POINT(-43.1254596 -22.9035687),,,bicycle_parking,stands,10,,,no,,,Museu do Ingá,,,,,,,,,,,,,,,,,2026-07-02T22:07:42.532Z,2026-07-02T22:07:42.532Z
4230,node/11071598676,node,POINT(-43.0930906 -22.8808878),,,bicycle_parking,stands,4,,,no,,,,,,,,,,,,,,,,,,,,2026-07-02T22:07:42.532Z,2026-07-02T22:07:42.532Z
4231,node/11071598677,node,POINT(-43.0948046 -22.9240299),,,bicycle_parking,stands,10,,,no,,,,,,,,,,,,,,,,,,,,2026-07-02T22:07:42.532Z,2026-07-02T22:07:42.532Z
4232,node/11071599456,node,POINT(-43.1233604 -22.8961544),,,bicycle_parking,stands,10,,,no,,,,,,,,,,,,,,,,,,,,2026-07-02T22:07:42.532Z,2026-07-02T22:07:42.532Z
4233,node/11071599457,node,POINT(-43.0951321 -22.8700175),,,bicycle_parking,stands,10,,,no,,,,,,,,,,,,,,,,,,,,2026-07-02T22:07:42.532Z,2026-07-02T22:07:42.532Z
4234,node/11071599458,node,POINT(-43.1067082 -22.9037885),,,bicycle_parking,stands,10,,,no,,,,,,,,,,,,,,,,,,,,2026-07-02T22:07:42.532Z,2026-07-02T22:07:42.532Z
4235,node/11071599459,node,POINT(-43.1064883 -22.903581),,,bicycle_parking,stands,4,,,no,,,,,,,,,,,,,,,,,,,,2026-07-02T22:07:42.532Z,2026-07-02T22:07:42.532Z
4236,node/11071599460,node,POINT(-43.0566999 -22.9420286),,,bicycle_parking,stands,8,,,no,,,,,,,,,,,,,,,,,,,,2026-07-02T22:07:42.532Z,2026-07-02T22:07:42.532Z
4237,node/11071599461,node,POINT(-43.0537158 -22.9060073),,,bicycle_parking,stands,8,,,no,,,,,,,,,,,,,,,,,,,,2026-07-02T22:07:42.532Z,2026-07-02T22:07:42.532Z
4238,node/11071599462,node,POINT(-43.0555093 -22.90633),,,bicycle_parking,stands,6,,,no,,,,,,,,,,,,,,,,,,,,2026-07-02T22:07:42.532Z,2026-07-02T22:07:42.532Z
4239,node/11071606318,node,POINT(-43.1045598 -22.8689664),,,bicycle_parking,stands,4,,,no,,,,,,,,,,,,,,,,,,,,2026-07-02T22:07:42.532Z,2026-07-02T22:07:42.532Z
4240,node/11071606319,node,POINT(-43.1143587 -22.8732292),,,bicycle_parking,stands,6,,,no,,,,,,,,,,,,,,,,,,,,2026-07-02T22:07:42.532Z,2026-07-02T22:07:42.532Z
4241,node/11071606320,node,POINT(-43.1149023 -22.8733678),,,bicycle_parking,stands,6,,,no,,,,,,,,,,,,,,,,,,,,2026-07-02T22:07:42.532Z,2026-07-02T22:07:42.532Z
4242,node/11071606321,node,POINT(-43.115662 -22.87429),,,bicycle_parking,stands,6,,,no,,,,,,,,,,,,,,,,,,,,2026-07-02T22:07:42.532Z,2026-07-02T22:07:42.532Z
4243,node/11071606322,node,POINT(-43.1223803 -22.8955039),,,bicycle_parking,stands,10,,,no,,,,,,,,,,,,,,,,,,,,2026-07-02T22:07:42.532Z,2026-07-02T22:07:42.532Z
4244,node/11071615810,node,POINT(-43.1212566 -22.8960599),,,bicycle_parking,stands,10,,,no,,,,,,,,,,,,,,,,,,,,2026-07-02T22:07:42.532Z,2026-07-02T22:07:42.532Z
4245,node/11071615811,node,POINT(-43.1184777 -22.8922966),,,bicycle_parking,stands,8,,,no,,,,,,,,,,,,,,,,,,,,2026-07-02T22:07:42.532Z,2026-07-02T22:07:42.532Z
4246,node/11071615812,node,POINT(-43.1090472 -22.8833508),,,bicycle_parking,stands,4,,,no,,,,,,,,,,,,,,,,,,,,2026-07-02T22:07:42.532Z,2026-07-02T22:07:42.532Z
4247,node/11071615813,node,POINT(-43.111791 -22.9058665),,,bicycle_parking,stands,4,,,no,,,,,,,,,,,,,,,,,,,,2026-07-02T22:07:42.532Z,2026-07-02T22:07:42.532Z
4248,node/11071643220,node,POINT(-43.1106579 -22.9092565),,,bicycle_parking,stands,6,,,no,,,,,,,,,,,,,,,,,,,,2026-07-02T22:07:42.532Z,2026-07-02T22:07:42.532Z
4249,node/11071643221,node,POINT(-43.0845447 -22.9172449),,,bicycle_parking,stands,6,,,no,,,,,,,,,,,,,,,,,,,,2026-07-02T22:07:42.532Z,2026-07-02T22:07:42.532Z
4250,node/11071643222,node,POINT(-43.1166056 -22.931505),,,bicycle_parking,stands,6,,,no,,,,,,,,,,,,,,,,,,,,2026-07-02T22:07:42.532Z,2026-07-02T22:07:42.532Z
4251,node/11071643224,node,POINT(-43.1019285 -22.8589323),,,bicycle_parking,stands,10,,,no,,,Complexo Esportivo do Barreto,,,,,,,,,,,,,,,,,2026-07-02T22:07:42.532Z,2026-07-02T22:07:42.532Z
4252,node/11071667919,node,POINT(-43.1354608 -22.9039431),,,bicycle_parking,stands,6,,,no,,,,,,,,,,,,,,,,,,,,2026-07-02T22:07:42.532Z,2026-07-02T22:07:42.532Z
4253,node/11071690957,node,POINT(-43.0889286 -22.9538967),,,bicycle_parking,mac,20,yes,no,no,,,,,,,,,,,,,,,,,,,,2026-07-02T22:07:42.532Z,2026-07-02T22:07:42.532Z
4254,node/11071690958,node,POINT(-43.0642221 -22.9290784),,,bicycle_parking,mac,20,,,no,,,,,,,,,,,,,,,,,,,,2026-07-02T22:07:42.532Z,2026-07-02T22:07:42.532Z
4255,node/11071710879,node,POINT(-43.1167606 -22.8942608),,,bicycle_parking,mac,20,,,no,,,,,,,,,,,,,,,,,,,,2026-07-02T22:07:42.532Z,2026-07-02T22:07:42.532Z
4256,node/11071711141,node,POINT(-43.0956714 -22.9152947),,,bicycle_parking,mac,20,,,no,,,,,,,,,,,,,,,,,,,,2026-07-02T22:07:42.532Z,2026-07-02T22:07:42.532Z
4257,node/11071711142,node,POINT(-43.0948683 -22.9211818),,,bicycle_parking,mac,10,,,no,,,,,,,,,,,,,,,,,,,,2026-07-02T22:07:42.532Z,2026-07-02T22:07:42.532Z
4258,node/11071711143,node,POINT(-43.0946157 -22.9158286),,,bicycle_parking,mac,10,,,no,,,,,,,,,,,,,,,,,,,,2026-07-02T22:07:42.532Z,2026-07-02T22:07:42.532Z
4259,node/11071731032,node,POINT(-43.1085324 -22.9116772),,,bicycle_parking,mac,20,yes,,,,,,,,,,,,,,,,,,,,,,2026-07-02T22:07:42.532Z,2026-07-02T22:07:42.532Z
4260,node/11071731033,node,POINT(-43.0580081 -22.9509276),,,bicycle_parking,mac,40,,,no,,,,,,,,,,,,,,,,,,,,2026-07-02T22:07:42.532Z,2026-07-02T22:07:42.532Z
4261,node/11073417701,node,POINT(-43.0988497 -22.932352),,,bicycle_parking,stands,80,yes,no,no,,,,,,,,,,,,,,,,,,,,2026-07-02T22:07:42.532Z,2026-07-02T22:07:42.532Z
4262,node/11073417702,node,POINT(-43.0577733 -22.9524833),,,bicycle_parking,mac,10,,,no,,,,,,,,,,,,,,,,,,,,2026-07-02T22:07:42.532Z,2026-07-02T22:07:42.532Z
4263,node/11073417703,node,POINT(-43.0511863 -22.962521),,,bicycle_parking,mac,20,,,no,,,,,,,,,,,,,,,,,,,,2026-07-02T22:07:42.532Z,2026-07-02T22:07:42.532Z
4264,node/11073417704,node,POINT(-43.0725108 -22.9560084),,,bicycle_parking,mac,20,,,no,,,,,,,,,,,,,,,,,,,,2026-07-02T22:07:42.532Z,2026-07-02T22:07:42.532Z
4265,node/11073426220,node,POINT(-43.0798702 -22.9549709),,,bicycle_parking,mac,20,,,no,,,,,,,,,,,,,,,,,,,,2026-07-02T22:07:42.532Z,2026-07-02T22:07:42.532Z
4266,node/11073426221,node,POINT(-43.0970308 -22.9540238),,,bicycle_parking,mac,20,,,no,,,,,,,,,,,,,,,,,,,,2026-07-02T22:07:42.532Z,2026-07-02T22:07:42.532Z
4267,node/11073426222,node,POINT(-43.0309971 -22.9633463),,,bicycle_parking,mac,20,,,no,,,,,,,,,,,,,,,,,,,,2026-07-02T22:07:42.532Z,2026-07-02T22:07:42.532Z
4268,node/11073426223,node,POINT(-43.0443584 -22.9703267),,,bicycle_parking,mac,20,,,no,,,,,,,,,,,,,,,,,,,,2026-07-02T22:07:42.532Z,2026-07-02T22:07:42.532Z
4269,node/11073426224,node,POINT(-43.0968519 -22.9535593),,,bicycle_parking,mac,20,yes,no,no,,,,,,,,,,,,,,,,,,,,2026-07-02T22:07:42.532Z,2026-07-02T22:07:42.532Z
4270,node/11073426225,node,POINT(-43.045162 -22.9706047),,,bicycle_parking,mac,20,,,no,,,,,,,,,,,,,,,,,,,,2026-07-02T22:07:42.532Z,2026-07-02T22:07:42.532Z
4271,node/11073426226,node,POINT(-43.0953319 -22.9254807),,,bicycle_parking,mac,20,,,no,,,,,,,,,,,,,,,,,,,,2026-07-02T22:07:42.532Z,2026-07-02T22:07:42.532Z
4272,node/11073463182,node,POINT(-43.1149681 -22.9025405),,,bicycle_parking,stands,4,,,no,,,,,,,,,,,,,,,,,,,,2026-07-02T22:07:42.532Z,2026-07-02T22:07:42.532Z
4273,node/11073463183,node,POINT(-43.1143516 -22.9022664),,,bicycle_parking,stands,4,,,no,,,,,,,,,,,,,,,,,,,,2026-07-02T22:07:42.532Z,2026-07-02T22:07:42.532Z
4274,node/11073463184,node,POINT(-43.1129351 -22.9009627),,,bicycle_parking,stands,4,,,no,,,,,,,,,,,,,,,,,,,,2026-07-02T22:07:42.532Z,2026-07-02T22:07:42.532Z
4275,node/11073463185,node,POINT(-43.1127906 -22.9007391),,,bicycle_parking,stands,4,,,no,,,,,,,,,,,,,,,,,,,,2026-07-02T22:07:42.532Z,2026-07-02T22:07:42.532Z
4276,node/11073505418,node,POINT(-43.1113733 -22.9026172),,,bicycle_parking,stands,4,,,no,,,,,,,,,,,,,,,,,,,,2026-07-02T22:07:42.532Z,2026-07-02T22:07:42.532Z
4277,node/11073505419,node,POINT(-43.1130513 -22.9046889),,,bicycle_parking,stands,2,,,no,,,,,,,,,,,,,,,,,,,,2026-07-02T22:07:42.532Z,2026-07-02T22:07:42.532Z
4278,node/11073505420,node,POINT(-43.1105812 -22.9021558),,,bicycle_parking,stands,4,,,no,,,,,,,,,,,,,,,,,,,,2026-07-02T22:07:42.532Z,2026-07-02T22:07:42.532Z
4279,node/11073505421,node,POINT(-43.1110915 -22.9028506),,,bicycle_parking,stands,4,,,no,,,,,,,,,,,,,,,,,,,,2026-07-02T22:07:42.532Z,2026-07-02T22:07:42.532Z
4280,node/11073505422,node,POINT(-43.1133897 -22.9064314),,,bicycle_parking,stands,8,,,no,,,,,,,,,,,,,,,,,,,,2026-07-02T22:07:42.532Z,2026-07-02T22:07:42.532Z
4281,node/11073506035,node,POINT(-43.1137577 -22.9023518),,,bicycle_parking,stands,4,,,no,,,,,,,,,,,,,,,,,,,,2026-07-02T22:07:42.532Z,2026-07-02T22:07:42.532Z
4282,node/11073506036,node,POINT(-43.1102109 -22.9000776),,,bicycle_parking,stands,2,,,no,,,,,,,,,,,,,,,,,,,,2026-07-02T22:07:42.532Z,2026-07-02T22:07:42.532Z
4283,node/11073506037,node,POINT(-43.1131064 -22.9029923),,,bicycle_parking,stands,4,,,no,,,,,,,,,,,,,,,,,,,,2026-07-02T22:07:42.532Z,2026-07-02T22:07:42.532Z
4284,node/11073506038,node,POINT(-43.1120046 -22.9019146),,,bicycle_parking,stands,4,,,no,,,,,,,,,,,,,,,,,,,,2026-07-02T22:07:42.532Z,2026-07-02T22:07:42.532Z
4285,node/11073506039,node,POINT(-43.1111469 -22.9011387),,,bicycle_parking,stands,4,,,no,,,,,,,,,,,,,,,,,,,,2026-07-02T22:07:42.532Z,2026-07-02T22:07:42.532Z
4286,node/11073506040,node,POINT(-43.114307 -22.9055299),,,bicycle_parking,stands,8,,,no,,,,,,,,,,,,,,,,,,,,2026-07-02T22:07:42.532Z,2026-07-02T22:07:42.532Z
4287,node/11073513487,node,POINT(-43.1092665 -22.9043968),,,bicycle_parking,stands,8,,,no,,,,,,,,,,,,,,,,,,,,2026-07-02T22:07:42.532Z,2026-07-02T22:07:42.532Z
4288,node/11073513488,node,POINT(-43.1066785 -22.9029986),,,bicycle_parking,stands,2,,,no,,,,,,,,,,,,,,,,,,,,2026-07-02T22:07:42.532Z,2026-07-02T22:07:42.532Z
4289,node/11073520900,node,POINT(-43.1086941 -22.9022109),,,bicycle_parking,stands,4,,,no,,,,,,,,,,,,,,,,,,,,2026-07-02T22:07:42.532Z,2026-07-02T22:07:42.532Z
4290,node/11073520901,node,POINT(-43.1098007 -22.9040413),,,bicycle_parking,stands,4,,,no,,,,,,,,,,,,,,,,,,,,2026-07-02T22:07:42.532Z,2026-07-02T22:07:42.532Z
4291,node/11073520902,node,POINT(-43.1102748 -22.9053493),,,bicycle_parking,stands,10,,,no,,,,,,,,,,,,,,,,,,,,2026-07-02T22:07:42.532Z,2026-07-02T22:07:42.532Z
4292,node/11073520903,node,POINT(-43.1061423 -22.9013962),,,bicycle_parking,stands,6,,,,,,,,,,,,,,,,,,,,,,,2026-07-02T22:07:42.532Z,2026-07-02T22:07:42.532Z
4293,node/11073520904,node,POINT(-43.1039489 -22.8995277),,,bicycle_parking,stands,4,,,no,,,,,,,,,,,,,,,,,,,,2026-07-02T22:07:42.532Z,2026-07-02T22:07:42.532Z
4294,node/11073549073,node,POINT(-43.1121453 -22.9076751),,,bicycle_parking,stands,8,,,no,,,,,,,,,,,,,,,,,,,,2026-07-02T22:07:42.532Z,2026-07-02T22:07:42.532Z
4295,node/11073549074,node,POINT(-43.111511 -22.9082244),,,bicycle_parking,stands,4,,,no,,,,,,,,,,,,,,,,,,,,2026-07-02T22:07:42.532Z,2026-07-02T22:07:42.532Z
4296,node/11073553704,node,POINT(-43.1044959 -22.9008379),,,bicycle_parking,stands,4,,,no,,,,,,,,,,,,,,,,,,,,2026-07-02T22:07:42.532Z,2026-07-02T22:07:42.532Z
4297,node/11073555005,node,POINT(-43.107646 -22.9039326),,,bicycle_parking,stands,4,,,no,,,,,,,,,,,,,,,,,,,,2026-07-02T22:07:42.532Z,2026-07-02T22:07:42.532Z
5590,node/13175631358,node,POINT(-48.9132728 -26.7111631),,,bicycle_parking,stands,,,,,,,,,,,,,,,,,,,,,,,,2026-07-02T22:07:42.739Z,2026-07-02T22:07:42.739Z
4298,node/11073634699,node,POINT(-43.1036587 -22.9044019),,,bicycle_parking,stands,4,,,no,,,,,,,,,,,,,,,,,,,,2026-07-02T22:07:42.532Z,2026-07-02T22:07:42.532Z
4299,node/11073634700,node,POINT(-43.1083051 -22.9092125),,,bicycle_parking,stands,4,,,no,,,,,,,,,,,,,,,,,,,,2026-07-02T22:07:42.532Z,2026-07-02T22:07:42.532Z
4300,node/11073634701,node,POINT(-43.1034441 -22.9045806),,,bicycle_parking,stands,4,,,no,,,,,,,,,,,,,,,,,,,,2026-07-02T22:07:42.532Z,2026-07-02T22:07:42.532Z
4301,node/11073634702,node,POINT(-43.1042215 -22.9055534),,,bicycle_parking,stands,4,,,no,,,,,,,,,,,,,,,,,,,,2026-07-02T22:07:42.546Z,2026-07-02T22:07:42.546Z
4302,node/11073634703,node,POINT(-43.1018767 -22.9035544),,,bicycle_parking,stands,4,,,no,,,,,,,,,,,,,,,,,,,,2026-07-02T22:07:42.546Z,2026-07-02T22:07:42.546Z
4303,node/11073634704,node,POINT(-43.1017262 -22.9034455),,,bicycle_parking,stands,4,,,no,,,,,,,,,,,,,,,,,,,,2026-07-02T22:07:42.546Z,2026-07-02T22:07:42.546Z
4304,node/11073666215,node,POINT(-43.1098766 -22.9065456),,,bicycle_parking,stands,6,,,no,,,,,,,,,,,,,,,,,,,,2026-07-02T22:07:42.546Z,2026-07-02T22:07:42.546Z
4305,node/11073666216,node,POINT(-43.1046546 -22.9021442),,,bicycle_parking,stands,4,,,no,,,,,,,,,,,,,,,,,,,,2026-07-02T22:07:42.546Z,2026-07-02T22:07:42.546Z
4306,node/11073666217,node,POINT(-43.1082105 -22.9055602),,,bicycle_parking,stands,4,,,no,,,,,,,,,,,,,,,,,,,,2026-07-02T22:07:42.546Z,2026-07-02T22:07:42.546Z
4307,node/11073666218,node,POINT(-43.1073005 -22.9054379),,,bicycle_parking,stands,6,,,no,,,,,,,,,,,,,,,,,,,,2026-07-02T22:07:42.546Z,2026-07-02T22:07:42.546Z
4308,node/11073666219,node,POINT(-43.1096264 -22.9079966),,,bicycle_parking,stands,4,,,,,,,,,,,,,,,,,,,,,,,2026-07-02T22:07:42.546Z,2026-07-02T22:07:42.546Z
4309,node/11073666220,node,POINT(-43.1066805 -22.9052442),,,bicycle_parking,stands,4,,,no,,,,,,,,,,,,,,,,,,,,2026-07-02T22:07:42.546Z,2026-07-02T22:07:42.546Z
4310,node/11073666221,node,POINT(-43.1055214 -22.9043196),,,bicycle_parking,stands,6,,,no,,,,,,,,,,,,,,,,,,,,2026-07-02T22:07:42.546Z,2026-07-02T22:07:42.546Z
4311,node/11073666222,node,POINT(-43.1031736 -22.9018723),,,bicycle_parking,stands,8,,,no,,,,,,,,,,,,,,,,,,,,2026-07-02T22:07:42.546Z,2026-07-02T22:07:42.546Z
4312,node/11073666223,node,POINT(-43.1024773 -22.9012258),,,bicycle_parking,stands,6  vagas,,,no,,,,,,,,,,,,,,,,,,,,2026-07-02T22:07:42.546Z,2026-07-02T22:07:42.546Z
4313,node/11073679429,node,POINT(-43.104619 -22.9035263),,,bicycle_parking,stands,4,,,no,,,,,,,,,,,,,,,,,,,,2026-07-02T22:07:42.546Z,2026-07-02T22:07:42.546Z
4314,node/11073679430,node,POINT(-43.1050116 -22.9047565),,,bicycle_parking,stands,4,,,no,,,,,,,,,,,,,,,,,,,,2026-07-02T22:07:42.546Z,2026-07-02T22:07:42.546Z
4315,node/11073679431,node,POINT(-43.1063979 -22.906528),,,bicycle_parking,stands,2,,,no,,,,,,,,,,,,,,,,,,,,2026-07-02T22:07:42.546Z,2026-07-02T22:07:42.546Z
4316,node/11073679432,node,POINT(-43.1050607 -22.9050071),,,bicycle_parking,stands,4,,,no,,,,,,,,,,,,,,,,,,,,2026-07-02T22:07:42.546Z,2026-07-02T22:07:42.546Z
4317,node/11073679433,node,POINT(-43.1017475 -22.9020636),,,bicycle_parking,stands,4,,,no,,,,,,,,,,,,,,,,,,,,2026-07-02T22:07:42.546Z,2026-07-02T22:07:42.546Z
4318,node/11073695505,node,POINT(-43.1098014 -22.9108436),,,bicycle_parking,stands,8,,,no,,,,,,,,,,,,,,,,,,,,2026-07-02T22:07:42.546Z,2026-07-02T22:07:42.546Z
4319,node/11073695506,node,POINT(-43.1079991 -22.9093247),,,bicycle_parking,stands,4,,,no,,,,,,,,,,,,,,,,,,,,2026-07-02T22:07:42.546Z,2026-07-02T22:07:42.546Z
4320,node/11073695507,node,POINT(-43.1067458 -22.9082209),,,bicycle_parking,stands,4,,,no,,,,,,,,,,,,,,,,,,,,2026-07-02T22:07:42.546Z,2026-07-02T22:07:42.546Z
4321,node/11073695508,node,POINT(-43.1058094 -22.9075975),,,bicycle_parking,stands,4,,,no,,,,,,,,,,,,,,,,,,,,2026-07-02T22:07:42.546Z,2026-07-02T22:07:42.546Z
4322,node/11073703887,node,POINT(-43.1092733 -22.8813559),,,bicycle_parking,stands,4,,,no,,,,,,,,,,,,,,,,,,,,2026-07-02T22:07:42.546Z,2026-07-02T22:07:42.546Z
4323,node/11073703888,node,POINT(-43.1254561 -22.9025366),,,bicycle_parking,stands,4,,,no,,,,,,,,,,,,,,,,,,,,2026-07-02T22:07:42.546Z,2026-07-02T22:07:42.546Z
4324,node/11073703889,node,POINT(-43.1224036 -22.9038282),,,bicycle_parking,stands,4,,,no,,,,,,,,,,,,,,,,,,,,2026-07-02T22:07:42.546Z,2026-07-02T22:07:42.546Z
4325,node/11073703891,node,POINT(-43.1145436 -22.9032444),,,bicycle_parking,stands,2,,,no,,,,,,,,,,,,,,,,,,,,2026-07-02T22:07:42.546Z,2026-07-02T22:07:42.546Z
4326,node/11073711815,node,POINT(-43.1040688 -22.9057117),,,bicycle_parking,stands,4,,,no,,,,,,,,,,,,,,,,,,,,2026-07-02T22:07:42.546Z,2026-07-02T22:07:42.546Z
4327,node/11073711816,node,POINT(-43.1032644 -22.9066758),,,bicycle_parking,stands,4,,,no,,,,,,,,,,,,,,,,,,,,2026-07-02T22:07:42.546Z,2026-07-02T22:07:42.546Z
4328,node/11073711817,node,POINT(-43.1014144 -22.9051201),,,bicycle_parking,stands,4,,,no,,,,,,,,,,,,,,,,,,,,2026-07-02T22:07:42.546Z,2026-07-02T22:07:42.546Z
4329,node/11073711818,node,POINT(-43.099421 -22.9034386),,,bicycle_parking,stands,4,,,no,,,,,,,,,,,,,,,,,,,,2026-07-02T22:07:42.546Z,2026-07-02T22:07:42.546Z
4330,node/11073711819,node,POINT(-43.1038015 -22.9080413),,,bicycle_parking,stands,2,,,no,,,,,,,,,,,,,,,,,,,,2026-07-02T22:07:42.546Z,2026-07-02T22:07:42.546Z
4331,node/11073711820,node,POINT(-43.1066822 -22.9107889),,,bicycle_parking,stands,10,,,no,,,,,,,,,,,,,,,,,,,,2026-07-02T22:07:42.546Z,2026-07-02T22:07:42.546Z
4332,node/11073711821,node,POINT(-43.1061536 -22.9112648),,,bicycle_parking,stands,4,,,no,,,,,,,,,,,,,,,,,,,,2026-07-02T22:07:42.546Z,2026-07-02T22:07:42.546Z
4333,node/11073784378,node,POINT(-46.7174779 -23.5614607),,,bicycle_parking,stands,50,yes,yes,no,,,,,,,,,,,,,,,,,,,,2026-07-02T22:07:42.546Z,2026-07-02T22:07:42.546Z
4334,node/11073873595,node,POINT(-43.1023805 -22.9013219),,,bicycle_parking,stands,2,,,no,,,,,,,,,,,,,,,,,,,,2026-07-02T22:07:42.546Z,2026-07-02T22:07:42.546Z
4335,node/11073873596,node,POINT(-43.1121433 -22.9056067),,,bicycle_parking,stands,10,,,no,,,,,,,,,,,,,,,,,,,,2026-07-02T22:07:42.546Z,2026-07-02T22:07:42.546Z
4336,node/11073873597,node,POINT(-43.1085125 -22.899408),,,bicycle_parking,stands,4,,,no,,,,,,,,,,,,,,,,,,,,2026-07-02T22:07:42.546Z,2026-07-02T22:07:42.546Z
4337,node/11073873598,node,POINT(-43.1198083 -22.8930327),,,bicycle_parking,stands,6,,,no,,,,,,,,,,,,,,,,,,,,2026-07-02T22:07:42.546Z,2026-07-02T22:07:42.546Z
4338,node/11073873599,node,POINT(-43.093825 -22.9204423),,,bicycle_parking,stands,6,,,no,,,,,,,,,,,,,,,,,,,,2026-07-02T22:07:42.546Z,2026-07-02T22:07:42.546Z
4339,node/11073874971,node,POINT(-43.0964718 -22.8626546),,,bicycle_parking,stands,4,,,no,,,,,,,,,,,,,,,,,,,,2026-07-02T22:07:42.546Z,2026-07-02T22:07:42.546Z
4340,node/11073874972,node,POINT(-43.1237126 -22.8944385),,,bicycle_parking,stands,4,,,no,,,,,,,,,,,,,,,,,,,,2026-07-02T22:07:42.546Z,2026-07-02T22:07:42.546Z
4341,node/11073874973,node,POINT(-43.0835424 -22.9152847),,,bicycle_parking,stands,4,,,no,,,,,,,,,,,,,,,,,,,,2026-07-02T22:07:42.546Z,2026-07-02T22:07:42.546Z
4342,node/11073895884,node,POINT(-43.1227525 -22.9043223),,,bicycle_parking,stands,4,,,no,,,,,,,,,,,,,,,,,,,,2026-07-02T22:07:42.546Z,2026-07-02T22:07:42.546Z
4343,node/11073895885,node,POINT(-43.1294985 -22.9042688),,,bicycle_parking,,,,,no,,,,,,,,,,,,,,,,,,,,2026-07-02T22:07:42.546Z,2026-07-02T22:07:42.546Z
4344,node/11073901679,node,POINT(-43.123034 -22.8883393),,,bicycle_parking,stands,4,,,no,,,,,,,,,,,,,,,,,,,,2026-07-02T22:07:42.546Z,2026-07-02T22:07:42.546Z
4345,node/11073901682,node,POINT(-43.1238186 -22.8873653),,,bicycle_parking,stands,4,,,no,,,,,,,,,,,,,,,,,,,,2026-07-02T22:07:42.546Z,2026-07-02T22:07:42.546Z
4346,node/11073944026,node,POINT(-43.1115346 -22.9043329),,,bicycle_parking,stands,4,,,no,,,,,,,,,,,,,,,,,,,,2026-07-02T22:07:42.546Z,2026-07-02T22:07:42.546Z
4347,node/11073944027,node,POINT(-43.1201092 -22.8943031),,,bicycle_parking,stands,14,,,no,,,,,,,,,,,,,,,,,,,,2026-07-02T22:07:42.546Z,2026-07-02T22:07:42.546Z
4348,node/11079490763,node,POINT(-49.2514576 -25.4421027),,,bicycle_parking,,,,,,,,,,,,,,,,,,,,,,,,,2026-07-02T22:07:42.546Z,2026-07-02T22:07:42.546Z
4349,node/11081052366,node,POINT(-43.093932 -22.9196624),,,bicycle_parking,stands,4,,,no,,,,,,,,,,,,,,,,,,,,2026-07-02T22:07:42.546Z,2026-07-02T22:07:42.546Z
4350,node/11081052367,node,POINT(-43.0941906 -22.9183228),,,bicycle_parking,stands,4,,,no,,,,,,,,,,,,,,,,,,,,2026-07-02T22:07:42.546Z,2026-07-02T22:07:42.546Z
4351,node/11081052368,node,POINT(-43.1023395 -22.9044368),,,bicycle_parking,stands,8,,,no,,,,,,,,,,,,,,,,,,,,2026-07-02T22:07:42.546Z,2026-07-02T22:07:42.546Z
4352,node/11081052369,node,POINT(-43.1199816 -22.8911687),,,bicycle_parking,stands,2,,,no,,,,,,,,,,,,,,,,,,,,2026-07-02T22:07:42.546Z,2026-07-02T22:07:42.546Z
4353,node/11081052370,node,POINT(-43.0969444 -22.8980059),,,bicycle_parking,stands,4,,,no,,,,,,,,,,,,,,,,,,,,2026-07-02T22:07:42.546Z,2026-07-02T22:07:42.546Z
4354,node/11081052371,node,POINT(-43.1194041 -22.8949436),,,bicycle_parking,stands,4,,,no,,,,,,,,,,,,,,,,,,,,2026-07-02T22:07:42.546Z,2026-07-02T22:07:42.546Z
4355,node/11081052372,node,POINT(-43.1059352 -22.9023535),,,bicycle_parking,stands,4,,,no,,,,,,,,,,,,,,,,,,,,2026-07-02T22:07:42.546Z,2026-07-02T22:07:42.546Z
4356,node/11081052373,node,POINT(-43.114976 -22.9045941),,,bicycle_parking,stands,8,,,no,,,,,,,,,,,,,,,,,,,,2026-07-02T22:07:42.546Z,2026-07-02T22:07:42.546Z
4357,node/11081052374,node,POINT(-43.1102251 -22.9082467),,,bicycle_parking,stands,4,,,no,,,,,,,,,,,,,,,,,,,,2026-07-02T22:07:42.546Z,2026-07-02T22:07:42.546Z
4358,node/11081097761,node,POINT(-43.0980214 -22.9315467),,,bicycle_parking,stands,6,,,no,,,,,,,,,,,,,,,,,,,,2026-07-02T22:07:42.546Z,2026-07-02T22:07:42.546Z
4359,node/11081097762,node,POINT(-43.1019432 -22.9059239),,,bicycle_parking,stands,4,,,no,,,,,,,,,,,,,,,,,,,,2026-07-02T22:07:42.546Z,2026-07-02T22:07:42.546Z
4360,node/11081097763,node,POINT(-43.1209946 -22.8860104),,,bicycle_parking,stands,4,,,no,,,,,,,,,,,,,,,,,,,,2026-07-02T22:07:42.546Z,2026-07-02T22:07:42.546Z
4361,node/11081097764,node,POINT(-43.1216602 -22.8941938),,,bicycle_parking,stands,6,,,no,,,,,,,,,,,,,,,,,,,,2026-07-02T22:07:42.546Z,2026-07-02T22:07:42.546Z
4362,node/11081097765,node,POINT(-43.1028512 -22.9015846),,,bicycle_parking,stands,4,,,no,,,,,,,,,,,,,,,,,,,,2026-07-02T22:07:42.546Z,2026-07-02T22:07:42.546Z
4363,node/11081097766,node,POINT(-43.1195796 -22.8862398),,,bicycle_parking,stands,4,,,no,,,,,,,,,,,,,,,,,,,,2026-07-02T22:07:42.546Z,2026-07-02T22:07:42.546Z
4364,node/11081097767,node,POINT(-43.1041427 -22.9087724),,,bicycle_parking,stands,4,,,no,,,,,,,,,,,,,,,,,,,,2026-07-02T22:07:42.546Z,2026-07-02T22:07:42.546Z
4365,node/11081097768,node,POINT(-43.1089618 -22.9056445),,,bicycle_parking,stands,4,,,no,,,,,,,,,,,,,,,,,,,,2026-07-02T22:07:42.546Z,2026-07-02T22:07:42.546Z
4366,node/11081097769,node,POINT(-43.1261715 -22.8964914),,,bicycle_parking,stands,4,,,no,,,,,,,,,,,,,,,,,,,,2026-07-02T22:07:42.546Z,2026-07-02T22:07:42.546Z
4367,node/11081136931,node,POINT(-43.077239 -22.9339196),,,bicycle_parking,transoceânica,8,yes,no,no,,,,,,,,,,,,,,,,,,,,2026-07-02T22:07:42.546Z,2026-07-02T22:07:42.546Z
4368,node/11081136933,node,POINT(-43.0621414 -22.9369768),,,bicycle_parking,transoceânica,10,,,no,,,,,,,,,,,,,,,,,,,,2026-07-02T22:07:42.546Z,2026-07-02T22:07:42.546Z
4369,node/11081136934,node,POINT(-43.0534601 -22.9411405),,,bicycle_parking,transoceânica,10,,no,no,,,,,,,,,,,,,,,,,,,,2026-07-02T22:07:42.546Z,2026-07-02T22:07:42.546Z
4370,node/11081146702,node,POINT(-43.1147196 -22.8926958),,,bicycle_parking,stands,4,,,no,,,,,,,,,,,,,,,,,,,,2026-07-02T22:07:42.546Z,2026-07-02T22:07:42.546Z
4371,node/11081148324,node,POINT(-43.0354106 -22.9443742),,,bicycle_parking,transoceânica,10,,,no,,,,,,,,,,,,,,,,,,,,2026-07-02T22:07:42.546Z,2026-07-02T22:07:42.546Z
4372,node/11081148325,node,POINT(-43.0319931 -22.9468298),,,bicycle_parking,transoceânica,12,,,no,,,,,,,,,,,,,,,,,,,,2026-07-02T22:07:42.546Z,2026-07-02T22:07:42.546Z
4373,node/11081148326,node,POINT(-43.0296891 -22.9495554),,,bicycle_parking,transoceânica,10,,,no,,,,,,,,,,,,,,,,,,,,2026-07-02T22:07:42.546Z,2026-07-02T22:07:42.546Z
4374,node/11081180719,node,POINT(-43.1222407 -22.8939516),,,bicycle_parking,stands,14,,,no,,,,,,,,,,,,,,,,,,,,2026-07-02T22:07:42.546Z,2026-07-02T22:07:42.546Z
4375,node/11081197671,node,POINT(-43.0410512 -22.9413378),,,bicycle_parking,transoceânica,10,,,no,,,,,,,,,,,,,,,,,,,,2026-07-02T22:07:42.546Z,2026-07-02T22:07:42.546Z
4376,node/11081214203,node,POINT(-43.1234193 -22.8933891),,,bicycle_parking,stands,4,,,no,,,,,,,,,,,,,,,,,,,,2026-07-02T22:07:42.546Z,2026-07-02T22:07:42.546Z
4377,node/11081214204,node,POINT(-43.1230196 -22.8934038),,,bicycle_parking,stands,6,,,no,,,,,,,,,,,,,,,,,,,,2026-07-02T22:07:42.546Z,2026-07-02T22:07:42.546Z
4378,node/11081230361,node,POINT(-43.1195261 -22.8934641),,,bicycle_parking,stands,4,,,no,,,,,,,,,,,,,,,,,,,,2026-07-02T22:07:42.546Z,2026-07-02T22:07:42.546Z
4379,node/11081230362,node,POINT(-43.1194477 -22.8934623),,,bicycle_parking,stands,4,,,no,,,,,,,,,,,,,,,,,,,,2026-07-02T22:07:42.546Z,2026-07-02T22:07:42.546Z
4380,node/11081230363,node,POINT(-43.1191892 -22.8934755),,,bicycle_parking,stands,6,,,no,,,,,,,,,,,,,,,,,,,,2026-07-02T22:07:42.546Z,2026-07-02T22:07:42.546Z
4381,node/11081230364,node,POINT(-43.1190327 -22.8934886),,,bicycle_parking,stands,4,,,no,,,,,,,,,,,,,,,,,,,,2026-07-02T22:07:42.546Z,2026-07-02T22:07:42.546Z
4382,node/11081230365,node,POINT(-43.1184523 -22.8935167),,,bicycle_parking,stands,4,,,no,,,,,,,,,,,,,,,,,,,,2026-07-02T22:07:42.546Z,2026-07-02T22:07:42.546Z
4383,node/11081246505,node,POINT(-43.1220381 -22.8934369),,,bicycle_parking,stands,4,,,no,,,,,,,,,,,,,,,,,,,,2026-07-02T22:07:42.546Z,2026-07-02T22:07:42.546Z
4384,node/11081246506,node,POINT(-43.1214316 -22.8934393),,,bicycle_parking,stands,4,,,no,,,,,,,,,,,,,,,,,,,,2026-07-02T22:07:42.546Z,2026-07-02T22:07:42.546Z
4385,node/11081246507,node,POINT(-43.1210854 -22.8934726),,,bicycle_parking,stands,6,,,no,,,,,,,,,,,,,,,,,,,,2026-07-02T22:07:42.546Z,2026-07-02T22:07:42.546Z
4386,node/11081246508,node,POINT(-43.1205301 -22.8934845),,,bicycle_parking,stands,4,,,no,,,,,,,,,,,,,,,,,,,,2026-07-02T22:07:42.546Z,2026-07-02T22:07:42.546Z
4387,node/11081246509,node,POINT(-43.1198676 -22.8934985),,,bicycle_parking,stands,6,,,no,,,,,,,,,,,,,,,,,,,,2026-07-02T22:07:42.546Z,2026-07-02T22:07:42.546Z
4388,node/11081331907,node,POINT(-43.1192593 -22.8854419),,,bicycle_parking,stands,20,,,no,,,,,,,,,,,,,,,,,,,,2026-07-02T22:07:42.546Z,2026-07-02T22:07:42.546Z
4389,node/11081331908,node,POINT(-43.1239474 -22.885321),,,bicycle_parking,stands,6,,,no,,,,,,,,,,,,,,,,,,,,2026-07-02T22:07:42.546Z,2026-07-02T22:07:42.546Z
4390,node/11081331909,node,POINT(-43.1141049 -22.9053025),,,bicycle_parking,stands,12,,,no,,,,,,,,,,,,,,,,,,,,2026-07-02T22:07:42.546Z,2026-07-02T22:07:42.546Z
4391,node/11081331910,node,POINT(-43.114517 -22.9032724),,,bicycle_parking,stands,8,,,no,,,,,,,,,,,,,,,,,,,,2026-07-02T22:07:42.546Z,2026-07-02T22:07:42.546Z
4392,node/11081331911,node,POINT(-43.1150039 -22.9025724),,,bicycle_parking,stands,10,,,no,,,,,,,,,,,,,,,,,,,,2026-07-02T22:07:42.546Z,2026-07-02T22:07:42.546Z
4393,node/11081331912,node,POINT(-43.1101445 -22.9096264),,,bicycle_parking,stands,6,,,no,,,,,,,,,,,,,,,,,,,,2026-07-02T22:07:42.546Z,2026-07-02T22:07:42.546Z
4394,node/11081331913,node,POINT(-43.1113699 -22.9027514),,,bicycle_parking,stands,4,,,no,,,,,,,,,,,,,,,,,,,,2026-07-02T22:07:42.546Z,2026-07-02T22:07:42.546Z
4395,node/11081343677,node,POINT(-43.1124769 -22.878408),,,bicycle_parking,stands,10,,,no,,,,,,,,,,,,,,,,,,,,2026-07-02T22:07:42.546Z,2026-07-02T22:07:42.546Z
4396,node/11081343678,node,POINT(-43.1161141 -22.8726907),,,bicycle_parking,stands,18,,,no,,,,,,,,,,,,,,,,,,,,2026-07-02T22:07:42.546Z,2026-07-02T22:07:42.546Z
4397,node/11081343679,node,POINT(-43.1068967 -22.8747584),,,bicycle_parking,stands,4,,,no,,,,,,,,,,,,,,,,,,,,2026-07-02T22:07:42.546Z,2026-07-02T22:07:42.546Z
4398,node/11081343680,node,POINT(-43.1046614 -22.8715618),,,bicycle_parking,stands,6,,,no,,,,,,,,,,,,,,,,,,,,2026-07-02T22:07:42.546Z,2026-07-02T22:07:42.546Z
4399,node/11081343681,node,POINT(-43.0955095 -22.870162),,,bicycle_parking,stands,14,,,no,,,,,,,,,,,,,,,,,,,,2026-07-02T22:07:42.546Z,2026-07-02T22:07:42.546Z
4400,node/11081343682,node,POINT(-43.1027403 -22.8805665),,,bicycle_parking,stands,4,,,no,,,,,,,,,,,,,,,,,,,,2026-07-02T22:07:42.546Z,2026-07-02T22:07:42.546Z
4401,node/11081343683,node,POINT(-43.0966249 -22.8807862),,,bicycle_parking,stands,4,,no,no,,,,,,,,,,,,,,,,,,,,2026-07-02T22:07:42.558Z,2026-07-02T22:07:42.558Z
4402,node/11081343684,node,POINT(-43.0962899 -22.8811252),,,bicycle_parking,stands,8,,no,no,,,,,,,,,,,,,,,,,,,,2026-07-02T22:07:42.558Z,2026-07-02T22:07:42.558Z
4403,node/11081343685,node,POINT(-43.0888517 -22.8814032),,,bicycle_parking,stands,4,,,no,,,,,,,,,,,,,,,,,,,,2026-07-02T22:07:42.558Z,2026-07-02T22:07:42.558Z
4404,node/11081343686,node,POINT(-43.0872664 -22.8814365),,,bicycle_parking,stands,4,,,no,,,,,,,,,,,,,,,,,,,,2026-07-02T22:07:42.558Z,2026-07-02T22:07:42.558Z
4405,node/11081343687,node,POINT(-43.0829402 -22.8816279),,,bicycle_parking,stands,6,,,no,,,,,,,,,,,,,,,,,,,,2026-07-02T22:07:42.558Z,2026-07-02T22:07:42.558Z
4406,node/11081343688,node,POINT(-43.0845464 -22.881518),,,bicycle_parking,stands,4,,,no,,,,,,,,,,,,,,,,,,,,2026-07-02T22:07:42.558Z,2026-07-02T22:07:42.558Z
4407,node/11081346842,node,POINT(-43.1082932 -22.9095795),,,bicycle_parking,stands,8,,,no,,,,,,,,,,,,,,,,,,,,2026-07-02T22:07:42.558Z,2026-07-02T22:07:42.558Z
4408,node/11081346843,node,POINT(-43.1112528 -22.9045119),,,bicycle_parking,stands,4,,,no,,,,,,,,,,,,,,,,,,,,2026-07-02T22:07:42.558Z,2026-07-02T22:07:42.558Z
4409,node/11081346844,node,POINT(-43.1119162 -22.9075013),,,bicycle_parking,stands,10,,,no,,,,,,,,,,,,,,,,,,,,2026-07-02T22:07:42.558Z,2026-07-02T22:07:42.558Z
4410,node/11081346845,node,POINT(-43.1050775 -22.9022756),,,bicycle_parking,stands,4,,,no,,,,,,,,,,,,,,,,,,,,2026-07-02T22:07:42.558Z,2026-07-02T22:07:42.558Z
4411,node/11081346846,node,POINT(-43.1033625 -22.9107568),,,bicycle_parking,stands,4,,,no,,,,,,,,,,,,,,,,,,,,2026-07-02T22:07:42.558Z,2026-07-02T22:07:42.558Z
4412,node/11081351920,node,POINT(-43.1006881 -22.9010577),,,bicycle_parking,stands,4,,,no,,,,,,,,,,,,,,,,,,,,2026-07-02T22:07:42.558Z,2026-07-02T22:07:42.558Z
4413,node/11081351921,node,POINT(-43.0993556 -22.9018024),,,bicycle_parking,stands,4,,,no,,,,,,,,,,,,,,,,,,,,2026-07-02T22:07:42.558Z,2026-07-02T22:07:42.558Z
4414,node/11081351922,node,POINT(-43.0986941 -22.9024525),,,bicycle_parking,stands,4,,,no,,,,,,,,,,,,,,,,,,,,2026-07-02T22:07:42.558Z,2026-07-02T22:07:42.558Z
4415,node/11081351923,node,POINT(-43.0918985 -22.9203031),,,bicycle_parking,stands,6,,,no,,,,,,,,,,,,,,,,,,,,2026-07-02T22:07:42.558Z,2026-07-02T22:07:42.558Z
4416,node/11081351924,node,POINT(-43.0926008 -22.9204391),,,bicycle_parking,stands,4,,,no,,,,,,,,,,,,,,,,,,,,2026-07-02T22:07:42.558Z,2026-07-02T22:07:42.558Z
4417,node/11081351925,node,POINT(-43.0947311 -22.9234927),,,bicycle_parking,stands,10,,,no,,,,,,,,,,,,,,,,,,,,2026-07-02T22:07:42.558Z,2026-07-02T22:07:42.558Z
4418,node/11081369469,node,POINT(-42.9935071 -22.8879168),,,bicycle_parking,stands,4,,,no,,,,,,,,,,,,,,,,,,,,2026-07-02T22:07:42.558Z,2026-07-02T22:07:42.558Z
4419,node/11081369470,node,POINT(-42.9851295 -22.9094513),,,bicycle_parking,stands,14,,,no,,,,,,,,,,,,,,,,,,,,2026-07-02T22:07:42.558Z,2026-07-02T22:07:42.558Z
4420,node/11081376681,node,POINT(-42.9879004 -22.891833),,,bicycle_parking,stands,2,,,no,,,,,,,,,,,,,,,,,,,,2026-07-02T22:07:42.558Z,2026-07-02T22:07:42.558Z
4421,node/11081376682,node,POINT(-42.9889565 -22.8912249),,,bicycle_parking,stands,4,,,no,,,,,,,,,,,,,,,,,,,,2026-07-02T22:07:42.558Z,2026-07-02T22:07:42.558Z
4422,node/11081390212,node,POINT(-43.0573232 -22.9068886),,,bicycle_parking,stands,14,,,no,,,,,,,,,,,,,,,,,,,,2026-07-02T22:07:42.558Z,2026-07-02T22:07:42.558Z
4423,node/11081390213,node,POINT(-43.0539677 -22.8928704),,,bicycle_parking,stands,14,,,no,,,,,,,,,,,,,,,,,,,,2026-07-02T22:07:42.558Z,2026-07-02T22:07:42.558Z
4424,node/11081390214,node,POINT(-43.0559335 -22.9066856),,,bicycle_parking,stands,6,,,no,,,,,,,,,,,,,,,,,,,,2026-07-02T22:07:42.558Z,2026-07-02T22:07:42.558Z
4425,node/11081390215,node,POINT(-43.0404128 -22.8985821),,,bicycle_parking,stands,4,,,no,,,,,,,,,,,,,,,,,,,,2026-07-02T22:07:42.558Z,2026-07-02T22:07:42.558Z
4426,node/11081484079,node,POINT(-43.0975373 -22.9528337),,,bicycle_parking,stands,16,yes,no,no,,,,,,,,,,,,,,,,,,,,2026-07-02T22:07:42.558Z,2026-07-02T22:07:42.558Z
4427,node/11081484080,node,POINT(-43.0937236 -22.9534633),,,bicycle_parking,stands,10,yes,no,no,,,,,,,,,,,,,,,,,,,,2026-07-02T22:07:42.558Z,2026-07-02T22:07:42.558Z
4428,node/11081484081,node,POINT(-43.0892276 -22.9538804),,,bicycle_parking,stands,10,yes,no,no,,,,,,,,,,,,,,,,,,,,2026-07-02T22:07:42.558Z,2026-07-02T22:07:42.558Z
4429,node/11081484082,node,POINT(-43.0817143 -22.954769),,,bicycle_parking,stands,10,,,no,,,,,,,,,,,,,,,,,,,,2026-07-02T22:07:42.558Z,2026-07-02T22:07:42.558Z
4430,node/11081484083,node,POINT(-43.0775534 -22.9553256),,,bicycle_parking,stands,10,,,no,,,,,,,,,,,,,,,,,,,,2026-07-02T22:07:42.558Z,2026-07-02T22:07:42.558Z
4431,node/11081484084,node,POINT(-43.1147932 -22.9327343),,,bicycle_parking,stands,10,,,no,,,,,,,,,,,,,,,,,,,,2026-07-02T22:07:42.558Z,2026-07-02T22:07:42.558Z
4432,node/11081484085,node,POINT(-43.0454434 -22.9708986),,,bicycle_parking,stands,14,,,no,,,,,,,,,,,,,,,,,,,,2026-07-02T22:07:42.558Z,2026-07-02T22:07:42.558Z
4433,node/11081484086,node,POINT(-43.1130853 -22.9347395),,,bicycle_parking,stands,8,,,no,,,,,,,,,,,,,,,,,,,,2026-07-02T22:07:42.558Z,2026-07-02T22:07:42.558Z
4434,node/11081484087,node,POINT(-43.1170217 -22.9312242),,,bicycle_parking,stands,8,,,no,,,,,,,,,,,,,,,,,,,,2026-07-02T22:07:42.558Z,2026-07-02T22:07:42.558Z
4435,node/11081484088,node,POINT(-43.1164716 -22.9317248),,,bicycle_parking,stands,10,,,no,,,,,,,,,,,,,,,,,,,,2026-07-02T22:07:42.558Z,2026-07-02T22:07:42.558Z
4436,node/11081484089,node,POINT(-43.1176541 -22.9297191),,,bicycle_parking,stands,4,,,no,,,,,,,,,,,,,,,,,,,,2026-07-02T22:07:42.558Z,2026-07-02T22:07:42.558Z
4437,node/11081524338,node,POINT(-43.1001479 -22.9336427),,,bicycle_parking,stands,20,yes,no,no,,,,,,,,,,,,,,,,,,,,2026-07-02T22:07:42.558Z,2026-07-02T22:07:42.558Z
4438,node/11081524339,node,POINT(-43.1061235 -22.8987297),,,bicycle_parking,stands,6,,,no,,,,,,,,,,,,,,,,,,,,2026-07-02T22:07:42.558Z,2026-07-02T22:07:42.558Z
4439,node/11081524340,node,POINT(-43.1013704 -22.9082237),,,bicycle_parking,stands,4,,,no,,,,,,,,,,,,,,,,,,,,2026-07-02T22:07:42.558Z,2026-07-02T22:07:42.558Z
4440,node/11081524341,node,POINT(-43.1056287 -22.9044414),,,bicycle_parking,stands,4,,,no,,,,,,,,,,,,,,,,,,,,2026-07-02T22:07:42.558Z,2026-07-02T22:07:42.558Z
4441,node/11081542456,node,POINT(-43.1027725 -22.9026841),,,bicycle_parking,stands,6,,,no,,,,,,,,,,,,,,,,,,,,2026-07-02T22:07:42.558Z,2026-07-02T22:07:42.558Z
4442,node/11081542457,node,POINT(-43.103234 -22.9020907),,,bicycle_parking,stands,4,,,no,,,,,,,,,,,,,,,,,,,,2026-07-02T22:07:42.558Z,2026-07-02T22:07:42.558Z
4443,node/11081542458,node,POINT(-43.1176126 -22.9040078),,,bicycle_parking,stands,4,,,no,,,,,,,,,,,,,,,,,,,,2026-07-02T22:07:42.558Z,2026-07-02T22:07:42.558Z
4444,node/11081542459,node,POINT(-43.1048878 -22.9070488),,,bicycle_parking,stands,4,,,no,,,,,,,,,,,,,,,,,,,,2026-07-02T22:07:42.558Z,2026-07-02T22:07:42.558Z
4445,node/11081542460,node,POINT(-43.1112982 -22.8997971),,,bicycle_parking,stands,4,,,no,,,,,,,,,,,,,,,,,,,,2026-07-02T22:07:42.558Z,2026-07-02T22:07:42.558Z
4446,node/11081542461,node,POINT(-43.1185915 -22.8936903),,,bicycle_parking,stands,6,,,no,,,,,,,,,,,,,,,,,,,,2026-07-02T22:07:42.558Z,2026-07-02T22:07:42.558Z
4447,node/11081591807,node,POINT(-43.1242054 -22.8886874),,,bicycle_parking,stands,6,,,no,,,,,,,,,,,,,,,,,,,,2026-07-02T22:07:42.558Z,2026-07-02T22:07:42.558Z
4448,node/11081591808,node,POINT(-43.1174219 -22.8927196),,,bicycle_parking,stands,6,,,no,,,,,,,,,,,,,,,,,,,,2026-07-02T22:07:42.558Z,2026-07-02T22:07:42.558Z
4449,node/11081591809,node,POINT(-43.1354607 -22.9005117),,,bicycle_parking,stands,22,,,no,,,,,,,,,,,,,,,,,,,,2026-07-02T22:07:42.558Z,2026-07-02T22:07:42.558Z
4450,node/11081601211,node,POINT(-43.1225603 -22.8898397),,,bicycle_parking,stands,6,,,no,,,,,,,,,,,,,,,,,,,,2026-07-02T22:07:42.558Z,2026-07-02T22:07:42.558Z
4451,node/11081601212,node,POINT(-43.1252039 -22.8855307),,,bicycle_parking,stands,10,,,no,,,,,,,,,,,,,,,,,,,,2026-07-02T22:07:42.558Z,2026-07-02T22:07:42.558Z
4452,node/11081601213,node,POINT(-43.1178717 -22.8734138),,,bicycle_parking,stands,20,,,no,,,,,,,,,,,,,,,,,,,,2026-07-02T22:07:42.558Z,2026-07-02T22:07:42.558Z
4453,node/11081601214,node,POINT(-43.108838 -22.8773527),,,bicycle_parking,stands,6,,,no,,,,,,,,,,,,,,,,,,,,2026-07-02T22:07:42.558Z,2026-07-02T22:07:42.558Z
4454,node/11081614739,node,POINT(-43.0686957 -22.9585248),,,bicycle_parking,stands,24,,yes,no,,,,,,,,,,,,,,,,,,,,2026-07-02T22:07:42.558Z,2026-07-02T22:07:42.558Z
4455,node/11081614740,node,POINT(-43.1167007 -22.8952866),,,bicycle_parking,stands,8,,,no,,,E.M. Aberto Torres,,,,,,,,,,,,,,,,,2026-07-02T22:07:42.558Z,2026-07-02T22:07:42.558Z
4456,node/11081614741,node,POINT(-43.115655 -22.8731426),,,bicycle_parking,stands,8,,,no,,,E.M.  Maestro H. Villa Lobos,,,,,,,,,,,,,,,,,2026-07-02T22:07:42.558Z,2026-07-02T22:07:42.558Z
4457,node/11081614742,node,POINT(-43.0653911 -22.8825552),,,bicycle_parking,stands,,,,no,,,8,,,,,,,,,,,,,,,,,2026-07-02T22:07:42.558Z,2026-07-02T22:07:42.558Z
4458,node/11081641247,node,POINT(-43.0825403 -22.8828246),,,bicycle_parking,stands,12,,,no,,,E.M. Paulo Freire,,,,,,,,,,,,,,,,,2026-07-02T22:07:42.558Z,2026-07-02T22:07:42.558Z
4459,node/11082170755,node,POINT(-49.2763626 -25.4405875),,,bicycle_parking,stands,,,,,,,,,,,,,,,,,,,,,,,,2026-07-02T22:07:42.558Z,2026-07-02T22:07:42.558Z
4460,node/11083699351,node,POINT(-43.1298264 -22.9082991),,,bicycle_parking,stands,12,,,no,,,,,,,,,,,,,,,,,,,,2026-07-02T22:07:42.558Z,2026-07-02T22:07:42.558Z
4461,node/11083705829,node,POINT(-43.0266338 -22.8824309),,,bicycle_parking,stands,12,,,no,,,E.M. Honorina de Carvalho,,,,,,,,,,,,,,,,,2026-07-02T22:07:42.558Z,2026-07-02T22:07:42.558Z
4462,node/11083705830,node,POINT(-43.0583343 -22.8963654),,,bicycle_parking,stands,16,,no,no,,,E.M. Levi Carneiro,,,,,,,,,,,,,,,,,2026-07-02T22:07:42.558Z,2026-07-02T22:07:42.558Z
4463,node/11083705831,node,POINT(-43.0694574 -22.8685589),,,bicycle_parking,stands,6,,,no,,,Escola Municipal João Brazil,,,,,,,,,,,,,,,,,2026-07-02T22:07:42.558Z,2026-07-02T22:07:42.558Z
4464,node/11083705832,node,POINT(-43.1082952 -22.9037773),,,bicycle_parking,stands,8,,,no,,,E.M. Julia Cortines,,,,,,,,,,,,,,,,,2026-07-02T22:07:42.558Z,2026-07-02T22:07:42.558Z
4465,node/11083705833,node,POINT(-43.1094483 -22.8953571),,,bicycle_parking,stands,8,,,no,,,E.M. Santos Dumont,,,,,,,,,,,,,,,,,2026-07-02T22:07:42.558Z,2026-07-02T22:07:42.558Z
4466,node/11083705834,node,POINT(-43.1235596 -22.8873633),,,bicycle_parking,stands,2,,,no,,,,,,,,,,,,,,,,,,,,2026-07-02T22:07:42.558Z,2026-07-02T22:07:42.558Z
4467,node/11083705835,node,POINT(-43.0875209 -22.9294845),,,bicycle_parking,stands,4,,,no,,,,,,,,,,,,,,,,,,,,2026-07-02T22:07:42.558Z,2026-07-02T22:07:42.558Z
4468,node/11083705836,node,POINT(-43.1282238 -22.8903693),,,bicycle_parking,stands,20,,,no,,,Caminho Niemayer,,,,,,,,,,,,,,,,,2026-07-02T22:07:42.558Z,2026-07-02T22:07:42.558Z
4469,node/11083742280,node,POINT(-43.1170703 -22.9314271),,,bicycle_parking,stands,10,,,no,,,,,,,,,,,,,,,,,,,,2026-07-02T22:07:42.558Z,2026-07-02T22:07:42.558Z
4470,node/11083742281,node,POINT(-43.0877051 -22.9166439),,,bicycle_parking,stands,16,,,no,,,,,,,,,,,,,,,,,,,,2026-07-02T22:07:42.558Z,2026-07-02T22:07:42.558Z
4471,node/11083752905,node,POINT(-43.1098656 -22.907576),,,bicycle_parking,stands,6,,,no,,,,,,,,,,,,,,,,,,,,2026-07-02T22:07:42.558Z,2026-07-02T22:07:42.558Z
4472,node/11083753316,node,POINT(-43.0662579 -22.9329828),,,bicycle_parking,transoceânica,10,,,no,,,,,,,,,,,,,,,,,,,,2026-07-02T22:07:42.558Z,2026-07-02T22:07:42.558Z
4473,node/11083753317,node,POINT(-43.0526455 -22.9625388),,,bicycle_parking,stands,10,,,no,,,,,,,,,,,,,,,,,,,,2026-07-02T22:07:42.558Z,2026-07-02T22:07:42.558Z
4474,node/11083753318,node,POINT(-43.0650977 -22.9593515),,,bicycle_parking,stands,12,,,no,,,,,,,,,,,,,,,,,,,,2026-07-02T22:07:42.558Z,2026-07-02T22:07:42.558Z
4475,node/11083753319,node,POINT(-43.0578565 -22.960998),,,bicycle_parking,stands,10,,,no,,,,,,,,,,,,,,,,,,,,2026-07-02T22:07:42.558Z,2026-07-02T22:07:42.558Z
4476,node/11083753320,node,POINT(-43.0536746 -22.9620789),,,bicycle_parking,stands,10,,,no,,,,,,,,,,,,,,,,,,,,2026-07-02T22:07:42.558Z,2026-07-02T22:07:42.558Z
4477,node/11083753898,node,POINT(-43.0565049 -22.9545996),,,bicycle_parking,stands,8,,,no,,,,,,,,,,,,,,,,,,,,2026-07-02T22:07:42.558Z,2026-07-02T22:07:42.558Z
4478,node/11083753899,node,POINT(-43.015798 -22.9433669),,,bicycle_parking,stands,20,,,no,,,,,,,,,,,,,,,,,,,,2026-07-02T22:07:42.558Z,2026-07-02T22:07:42.558Z
4479,node/11083753900,node,POINT(-43.0980024 -22.9490153),,,bicycle_parking,stands,8,,,no,,,,,,,,,,,,,,,,,,,,2026-07-02T22:07:42.558Z,2026-07-02T22:07:42.558Z
4480,node/11083753901,node,POINT(-43.0966274 -22.9478186),,,bicycle_parking,stands,6,,,no,,,,,,,,,,,,,,,,,,,,2026-07-02T22:07:42.558Z,2026-07-02T22:07:42.558Z
4481,node/11083753902,node,POINT(-43.0243222 -22.9433063),,,bicycle_parking,stands,24,,,no,,,,,,,,,,,,,,,,,,,,2026-07-02T22:07:42.558Z,2026-07-02T22:07:42.558Z
4482,node/11083753903,node,POINT(-43.0551268 -22.9453167),,,bicycle_parking,stands,24,,,no,,,,,,,,,,,,,,,,,,,,2026-07-02T22:07:42.558Z,2026-07-02T22:07:42.558Z
4483,node/11083753904,node,POINT(-43.0580652 -22.9411561),,,bicycle_parking,stands,10,,,no,,,,,,,,,,,,,,,,,,,,2026-07-02T22:07:42.558Z,2026-07-02T22:07:42.558Z
4484,node/11083782946,node,POINT(-43.0619945 -22.9368876),,,bicycle_parking,stands,10,,,no,,,,,,,,,,,,,,,,,,,,2026-07-02T22:07:42.558Z,2026-07-02T22:07:42.558Z
4485,node/11083782947,node,POINT(-43.0653787 -22.9376964),,,bicycle_parking,stands,16,,,no,,,,,,,,,,,,,,,,,,,,2026-07-02T22:07:42.558Z,2026-07-02T22:07:42.558Z
4486,node/11083782948,node,POINT(-43.0699579 -22.9373422),,,bicycle_parking,stands,8,,,no,,,,,,,,,,,,,,,,,,,,2026-07-02T22:07:42.558Z,2026-07-02T22:07:42.558Z
4487,node/11083782949,node,POINT(-43.0030255 -22.9274234),,,bicycle_parking,stands,4,,,no,,,,,,,,,,,,,,,,,,,,2026-07-02T22:07:42.558Z,2026-07-02T22:07:42.558Z
4488,node/11083782950,node,POINT(-43.0966881 -22.9538796),,,bicycle_parking,stands,8,yes,no,no,,,,,,,,,,,,,,,,,,,,2026-07-02T22:07:42.558Z,2026-07-02T22:07:42.558Z
4489,node/11083782951,node,POINT(-43.0851061 -22.954432),,,bicycle_parking,stands,8,,,no,,,,,,,,,,,,,,,,,,,,2026-07-02T22:07:42.558Z,2026-07-02T22:07:42.558Z
4490,node/11083782952,node,POINT(-43.0751545 -22.9558187),,,bicycle_parking,stands,4,,,no,,,,,,,,,,,,,,,,,,,,2026-07-02T22:07:42.558Z,2026-07-02T22:07:42.558Z
4491,node/11083782953,node,POINT(-43.0748831 -22.9558632),,,bicycle_parking,stands,8,,,no,,,,,,,,,,,,,,,,,,,,2026-07-02T22:07:42.558Z,2026-07-02T22:07:42.558Z
4492,node/11083782954,node,POINT(-43.073938 -22.9558152),,,bicycle_parking,stands,24,,,no,,,,,,,,,,,,,,,,,,,,2026-07-02T22:07:42.558Z,2026-07-02T22:07:42.558Z
4493,node/11083785255,node,POINT(-43.0952107 -22.9535047),,,bicycle_parking,stands,8,yes,no,no,,,,,,,,,,,,,,,,,,,,2026-07-02T22:07:42.558Z,2026-07-02T22:07:42.558Z
4494,node/11083785256,node,POINT(-43.0590609 -22.9527316),,,bicycle_parking,stands,10,,,no,,,,,,,,,,,,,,,,,,,,2026-07-02T22:07:42.558Z,2026-07-02T22:07:42.558Z
4495,node/11083785257,node,POINT(-43.0581473 -22.9519085),,,bicycle_parking,stands,10,,,no,,,,,,,,,,,,,,,,,,,,2026-07-02T22:07:42.558Z,2026-07-02T22:07:42.558Z
4496,node/11083785258,node,POINT(-43.0319055 -22.9461438),,,bicycle_parking,stands,4,,,no,,,,,,,,,,,,,,,,,,,,2026-07-02T22:07:42.558Z,2026-07-02T22:07:42.558Z
4497,node/11083785259,node,POINT(-43.027413 -22.939526),,,bicycle_parking,stands,6,,,no,,,,,,,,,,,,,,,,,,,,2026-07-02T22:07:42.558Z,2026-07-02T22:07:42.558Z
4498,node/11083785260,node,POINT(-43.027527 -22.9393161),,,bicycle_parking,stands,8,,,no,,,,,,,,,,,,,,,,,,,,2026-07-02T22:07:42.558Z,2026-07-02T22:07:42.558Z
4499,node/11083785261,node,POINT(-43.0261693 -22.937668),,,bicycle_parking,stands,4,,,no,,,,,,,,,,,,,,,,,,,,2026-07-02T22:07:42.558Z,2026-07-02T22:07:42.558Z
4500,node/11083785262,node,POINT(-43.0294242 -22.9425208),,,bicycle_parking,stands,8,,,no,,,,,,,,,,,,,,,,,,,,2026-07-02T22:07:42.558Z,2026-07-02T22:07:42.558Z
4501,node/11083785263,node,POINT(-43.0286132 -22.9412971),,,bicycle_parking,stands,4,,,no,,,,,,,,,,,,,,,,,,,,2026-07-02T22:07:42.628Z,2026-07-02T22:07:42.628Z
4502,node/11083785264,node,POINT(-43.0255782 -22.9368775),,,bicycle_parking,stands,6,,,no,,,,,,,,,,,,,,,,,,,,2026-07-02T22:07:42.628Z,2026-07-02T22:07:42.628Z
4503,node/11083785265,node,POINT(-43.0127067 -22.927791),,,bicycle_parking,stands,10,,,no,,,,,,,,,,,,,,,,,,,,2026-07-02T22:07:42.628Z,2026-07-02T22:07:42.628Z
4504,node/11083797259,node,POINT(-43.1183068 -22.8937985),,,bicycle_parking,stands,10,,,no,,,,,,,,,,,,,,,,,,,,2026-07-02T22:07:42.628Z,2026-07-02T22:07:42.628Z
4505,node/11083797260,node,POINT(-43.1029693 -22.8615817),,,bicycle_parking,stands,10,,,no,,,,,,,,,,,,,,,,,,,,2026-07-02T22:07:42.628Z,2026-07-02T22:07:42.628Z
4506,node/11083797261,node,POINT(-43.111829 -22.9003297),,,bicycle_parking,stands,4,,,no,,,,,,,,,,,,,,,,,,,,2026-07-02T22:07:42.628Z,2026-07-02T22:07:42.628Z
4507,node/11083797262,node,POINT(-43.1118979 -22.9002264),,,bicycle_parking,stands,6,,,no,,,,,,,,,,,,,,,,,,,,2026-07-02T22:07:42.628Z,2026-07-02T22:07:42.628Z
4508,node/11083797263,node,POINT(-43.1118757 -22.9002781),,,bicycle_parking,stands,6,,,no,,,,,,,,,,,,,,,,,,,,2026-07-02T22:07:42.628Z,2026-07-02T22:07:42.628Z
4509,node/11083797264,node,POINT(-43.111836 -22.9001759),,,bicycle_parking,stands,6,,,no,,,,,,,,,,,,,,,,,,,,2026-07-02T22:07:42.628Z,2026-07-02T22:07:42.628Z
4510,node/11083810451,node,POINT(-43.1121423 -22.9001557),,,bicycle_parking,stands,6,,,no,,,,,,,,,,,,,,,,,,,,2026-07-02T22:07:42.628Z,2026-07-02T22:07:42.628Z
4511,node/11083810452,node,POINT(-43.1120086 -22.8999866),,,bicycle_parking,stands,6,,,no,,,,,,,,,,,,,,,,,,,,2026-07-02T22:07:42.628Z,2026-07-02T22:07:42.628Z
4512,node/11084081096,node,POINT(-43.1092706 -22.9123905),,,bicycle_parking,mac,10,,,no,,,,,,,,,,,,,,,,,,,,2026-07-02T22:07:42.628Z,2026-07-02T22:07:42.628Z
4513,node/11084081097,node,POINT(-43.1155635 -22.9045844),,,bicycle_parking,stands,8,,,no,,,,,,,,,,,,,,,,,,,,2026-07-02T22:07:42.628Z,2026-07-02T22:07:42.628Z
4514,node/11084081098,node,POINT(-43.0579378 -22.9537705),,,bicycle_parking,mac,18,,,no,,,,,,,,,,,,,,,,,,,,2026-07-02T22:07:42.628Z,2026-07-02T22:07:42.628Z
4515,node/11085816515,node,POINT(-43.1221123 -22.903476),,,bicycle_parking,stands,4,,,no,,,,,,,,,,,,,,,,,,,,2026-07-02T22:07:42.628Z,2026-07-02T22:07:42.628Z
4516,node/11085816516,node,POINT(-43.1082476 -22.9041375),,,bicycle_parking,stands,6,,,no,,,,,,,,,,,,,,,,,,,,2026-07-02T22:07:42.628Z,2026-07-02T22:07:42.628Z
4517,node/11085816517,node,POINT(-43.1075516 -22.9030727),,,bicycle_parking,stands,10,,,no,,,,,,,,,,,,,,,,,,,,2026-07-02T22:07:42.628Z,2026-07-02T22:07:42.628Z
4518,node/11085882253,node,POINT(-43.1122721 -22.9054514),,,bicycle_parking,stands,4,,,no,,,,,,,,,,,,,,,,,,,,2026-07-02T22:07:42.628Z,2026-07-02T22:07:42.628Z
4519,node/11085892587,node,POINT(-42.9890469 -22.8911791),,,bicycle_parking,stands,6,,,no,,,,,,,,,,,,,,,,,,,,2026-07-02T22:07:42.628Z,2026-07-02T22:07:42.628Z
4520,node/11085912611,node,POINT(-43.1012119 -22.898656),,,bicycle_parking,stands,4,,,no,,,,,,,,,,,,,,,,,,,,2026-07-02T22:07:42.628Z,2026-07-02T22:07:42.628Z
4521,node/11085930427,node,POINT(-43.1213198 -22.8853633),,,bicycle_parking,stands,12,,,no,,,,,,,,,,,,,,,,,,,,2026-07-02T22:07:42.628Z,2026-07-02T22:07:42.628Z
4522,node/11085946933,node,POINT(-43.1212288 -22.8931167),,,bicycle_parking,stands,10,,,no,,,,,,,,,,,,,,,,,,,,2026-07-02T22:07:42.628Z,2026-07-02T22:07:42.628Z
4523,node/11085951405,node,POINT(-43.1101422 -22.9083228),,,bicycle_parking,stands,4,,,no,,,,,,,,,,,,,,,,,,,,2026-07-02T22:07:42.628Z,2026-07-02T22:07:42.628Z
4524,node/11086032459,node,POINT(-43.0665894 -22.9329621),,,bicycle_parking,stands,10,,,no,,,,,,,,,,,,,,,,,,,,2026-07-02T22:07:42.628Z,2026-07-02T22:07:42.628Z
4525,node/11086035513,node,POINT(-43.1002362 -22.9337189),,,bicycle_parking,stands,8,,,no,,,,,,,,,,,,,,,,,,,,2026-07-02T22:07:42.628Z,2026-07-02T22:07:42.628Z
4526,node/11086038798,node,POINT(-43.0326217 -22.9469405),,,bicycle_parking,stands,8,,,no,,,,,,,,,,,,,,,,,,,,2026-07-02T22:07:42.628Z,2026-07-02T22:07:42.628Z
4527,node/11086074837,node,POINT(-43.1002826 -22.9341368),,,bicycle_parking,stands,20,yes,no,no,,,,,,,,,,,,,,,,,,,,2026-07-02T22:07:42.628Z,2026-07-02T22:07:42.628Z
4528,node/11086074838,node,POINT(-43.1001667 -22.9340228),,,bicycle_parking,stands,20,yes,no,no,,,,,,,,,,,,,,,,,,,,2026-07-02T22:07:42.628Z,2026-07-02T22:07:42.628Z
4529,node/11086074839,node,POINT(-43.1004594 -22.9341478),,,bicycle_parking,stands,20,yes,no,no,,,,,,,,,,,,,,,,,,,,2026-07-02T22:07:42.628Z,2026-07-02T22:07:42.628Z
4530,node/11086446982,node,POINT(-43.1197625 -22.9260836),,,bicycle_parking,stands,10,,,no,,,,,,,,,,,,,,,,,,,,2026-07-02T22:07:42.628Z,2026-07-02T22:07:42.628Z
4531,node/11095254609,node,POINT(-49.2721225 -25.4349429),,,bicycle_parking,,,,,,,,,,,,,,,,,,,,,,,,,2026-07-02T22:07:42.628Z,2026-07-02T22:07:42.628Z
4532,node/11097918292,node,POINT(-43.0277611 -22.9530808),,,bicycle_parking,,,,,,,,,,,,,,,,,,,,,,,,,2026-07-02T22:07:42.628Z,2026-07-02T22:07:42.628Z
4533,node/11100322791,node,POINT(-49.2729283 -25.4324952),,,bicycle_parking,,,,,,,,,,,,,,,,,,,,,,,,,2026-07-02T22:07:42.628Z,2026-07-02T22:07:42.628Z
4534,node/11102384273,node,POINT(-48.5298749 -27.6160133),,,bicycle_parking,,,yes,no,,,,,,,,,,,,,,,,,,,,,2026-07-02T22:07:42.628Z,2026-07-02T22:07:42.628Z
4535,node/11104656103,node,POINT(-51.2231735 -30.0384512),,,bicycle_parking,stands,2,yes,no,no,no,yes,Café República Cup,,,,,,,,,,24/7,,,,,,,2026-07-02T22:07:42.628Z,2026-07-02T22:07:42.628Z
4536,node/11107951118,node,POINT(-49.2714854 -25.4439982),,,bicycle_parking,,,,,,,,,,,,,,,,,,,,,,,,,2026-07-02T22:07:42.628Z,2026-07-02T22:07:42.628Z
4537,node/11108054959,node,POINT(-49.2756315 -25.4465359),,,bicycle_parking,,,,,,,,,,,,,,,,,,,,,,,,,2026-07-02T22:07:42.628Z,2026-07-02T22:07:42.628Z
4538,node/11108054960,node,POINT(-49.2758908 -25.4466389),,,bicycle_parking,,,,,,,,,,,,,,,,,,,,,,,,,2026-07-02T22:07:42.628Z,2026-07-02T22:07:42.628Z
4539,node/11108337281,node,POINT(-46.686173 -23.565227),,,bicycle_parking,stands,2,,no,no,,,,,,,,,,,,,,,,,,,,2026-07-02T22:07:42.628Z,2026-07-02T22:07:42.628Z
4540,node/11113860855,node,POINT(-42.9442709 -22.9680817),,,bicycle_parking,shed,,,,,,,,,,,,,,,,,,,,,,,,2026-07-02T22:07:42.628Z,2026-07-02T22:07:42.628Z
4541,node/11123581236,node,POINT(-49.3597999 -18.010033),,,bicycle_parking,shed,10,permit,no,no,,,,,,,,,,,,,,,,,,,,2026-07-02T22:07:42.628Z,2026-07-02T22:07:42.628Z
4542,node/11140051092,node,POINT(-49.2337536 -25.4516707),,,bicycle_parking,wall_loops,8,,no,,,,,,,,,,,,,,,,,,,,,2026-07-02T22:07:42.628Z,2026-07-02T22:07:42.628Z
4543,node/11140153494,node,POINT(-49.2333289 -25.4487044),,,bicycle_parking,stands,4,,no,,,,,,,,,,,,,,,,,,,,,2026-07-02T22:07:42.628Z,2026-07-02T22:07:42.628Z
4544,node/11141079162,node,POINT(-49.2328932 -25.4482504),,,bicycle_parking,stands,20,,no,,,,,,,,,,,,,,,,,,,,,2026-07-02T22:07:42.628Z,2026-07-02T22:07:42.628Z
4545,node/11141079175,node,POINT(-49.2327446 -25.4461933),,,bicycle_parking,stands,6,,no,,,,,,,,,,,,,,,,,,,,,2026-07-02T22:07:42.628Z,2026-07-02T22:07:42.628Z
4546,node/11141149668,node,POINT(-49.2320675 -25.4475032),,,bicycle_parking,stands,18,,no,,,,,,,,,,,,,,,,,,,,,2026-07-02T22:07:42.628Z,2026-07-02T22:07:42.628Z
4547,node/11141800352,node,POINT(-49.2316632 -25.4502946),,,bicycle_parking,stands,3,,no,,,,,,,,,,,,,,,,,,,,,2026-07-02T22:07:42.628Z,2026-07-02T22:07:42.628Z
4548,node/11146183081,node,POINT(-44.9099349 -20.1730198),,,bicycle_parking,stands,4,,no,no,,,CEFET-MG Campus Divinópolis,,,,,,,,,,,,,,,,,2026-07-02T22:07:42.628Z,2026-07-02T22:07:42.628Z
4549,node/11156056611,node,POINT(-46.7315458 -23.5553581),,,bicycle_parking,wall_loops,10,yes,no,no,,,,,,,,,,,,,,,,,,,,2026-07-02T22:07:42.628Z,2026-07-02T22:07:42.628Z
4550,node/11156056612,node,POINT(-46.731745 -23.554571),,,bicycle_parking,wall_loops,10,permit,yes,no,,,,,,,,,,,,,,,,,,,,2026-07-02T22:07:42.628Z,2026-07-02T22:07:42.628Z
4551,node/11156056622,node,POINT(-46.7370121 -23.5622525),,,bicycle_parking,wall_loops,8,,no,no,,,,,,,,,,,,,,,,,,,,2026-07-02T22:07:42.628Z,2026-07-02T22:07:42.628Z
4552,node/11156164699,node,POINT(-46.7295497 -23.5538895),,,bicycle_parking,wall_loops,20,yes,yes,no,,,,,,,,,,,,,,,,,,,,2026-07-02T22:07:42.628Z,2026-07-02T22:07:42.628Z
4553,node/11156164702,node,POINT(-46.7324593 -23.5564626),,,bicycle_parking,wall_loops,10,,yes,no,,,,,,,,,,,,,,,,,,,,2026-07-02T22:07:42.628Z,2026-07-02T22:07:42.628Z
4554,node/11156164703,node,POINT(-46.7213626 -23.5597731),,,bicycle_parking,wall_loops,20,,,,,,,,,,,,,,,,,,,,,,,2026-07-02T22:07:42.628Z,2026-07-02T22:07:42.628Z
4555,node/11156164704,node,POINT(-46.7160067 -23.5628027),,,bicycle_parking,stands,12,,,no,,,,,,,,,,,,,,,,,,,,2026-07-02T22:07:42.628Z,2026-07-02T22:07:42.628Z
4556,node/11156176308,node,POINT(-46.7248949 -23.5622397),,,bicycle_parking,stands,10,,yes,no,,,,,,,,,,,,,,,,,,,,2026-07-02T22:07:42.628Z,2026-07-02T22:07:42.628Z
4557,node/11156176310,node,POINT(-46.7266209 -23.5671515),,,bicycle_parking,wall_loops,5,permit,no,no,,,,,,,,,,,,,,,,,,,,2026-07-02T22:07:42.628Z,2026-07-02T22:07:42.628Z
4558,node/11157629047,node,POINT(-46.720248 -23.5575053),,,bicycle_parking,wall_loops,5,,yes,no,,,,,,,,,,,,,,,,,,,,2026-07-02T22:07:42.628Z,2026-07-02T22:07:42.628Z
4559,node/11157629048,node,POINT(-46.7255748 -23.5587061),,,bicycle_parking,stands,5,,no,no,,,,,,,,,,,,,,,,,,,,2026-07-02T22:07:42.628Z,2026-07-02T22:07:42.628Z
4560,node/11157629056,node,POINT(-46.7280741 -23.5574454),,,bicycle_parking,stands,10,,no,no,,,,,,,,,,,,,,,,,,,,2026-07-02T22:07:42.628Z,2026-07-02T22:07:42.628Z
4561,node/11158962478,node,POINT(-46.694957 -23.5610975),,,bicycle_parking,stands,1,yes,no,no,,,,,,,,,,,,,,,,,,,,2026-07-02T22:07:42.628Z,2026-07-02T22:07:42.628Z
4562,node/11158962479,node,POINT(-46.6945478 -23.5613669),,,bicycle_parking,stands,1,yes,no,no,,,,,,,,,,,,,,,,,,,,2026-07-02T22:07:42.628Z,2026-07-02T22:07:42.628Z
4563,node/11159372240,node,POINT(-46.7218944 -23.562498),,,bicycle_parking,stands,10,yes,yes,no,,,,,,,,,,,,,,,,,,,,2026-07-02T22:07:42.628Z,2026-07-02T22:07:42.628Z
4564,node/11166898336,node,POINT(-46.7079351 -23.5536961),,,bicycle_parking,stands,2,yes,no,no,,,,,,,,,,,,,,,,,,,,2026-07-02T22:07:42.628Z,2026-07-02T22:07:42.628Z
4565,node/11166898337,node,POINT(-46.7082377 -23.5530761),,,bicycle_parking,stands,2,yes,no,no,,,,,,,,,,,,,,,,,,,,2026-07-02T22:07:42.628Z,2026-07-02T22:07:42.628Z
4566,node/11166898338,node,POINT(-46.709353 -23.5528728),,,bicycle_parking,stands,6,yes,no,no,,,,,,,,,,,,,,,,,,,,2026-07-02T22:07:42.628Z,2026-07-02T22:07:42.628Z
4567,node/11167417741,node,POINT(-46.7256189 -23.5579658),,,bicycle_parking,wall_loops,10,yes,no,no,,,,,,,,,,,,,,,,,,,,2026-07-02T22:07:42.628Z,2026-07-02T22:07:42.628Z
4568,node/11168360007,node,POINT(-48.6323507 -27.0017129),,,bicycle_parking,stands,10,yes,,,no,yes,,,,,,,,,,,,,,,,,,2026-07-02T22:07:42.628Z,2026-07-02T22:07:42.628Z
4569,node/11170235761,node,POINT(-46.6851593 -23.5649922),,,bicycle_parking,stands,2,,no,no,,,,,,,,,,,,,,,,,,,,2026-07-02T22:07:42.628Z,2026-07-02T22:07:42.628Z
4570,node/11201401092,node,POINT(-49.1669779 -26.7148129),,,bicycle_parking,ground_slots,3,,,,,,,,,,,,,,,,,,,,,,,2026-07-02T22:07:42.628Z,2026-07-02T22:07:42.628Z
4571,node/11201401093,node,POINT(-49.1669612 -26.7147595),,,bicycle_parking,,6,,,,,,,,,,,,,,,,,,,,,,,2026-07-02T22:07:42.628Z,2026-07-02T22:07:42.628Z
4572,node/11222521484,node,POINT(-46.6850575 -23.5666435),,,bicycle_parking,stands,10,yes,no,no,,,,,,,,,,,,,,,,,,,,2026-07-02T22:07:42.628Z,2026-07-02T22:07:42.628Z
4573,node/11223231839,node,POINT(-38.5702455 -3.7409573),,,bicycle_parking,,,,,,,,,,,,,,,,,,,,,,,,,2026-07-02T22:07:42.628Z,2026-07-02T22:07:42.628Z
4574,node/11227599914,node,POINT(-38.57575 -3.7471808),,,bicycle_parking,stands,,yes,yes,no,,,,,,,,,,,,,,,,,,,,2026-07-02T22:07:42.628Z,2026-07-02T22:07:42.628Z
4575,node/11230310853,node,POINT(-49.0635661 -26.9275344),,,bicycle_parking,stands,,,,,,,,,,,,,,,,,,,,,,,,2026-07-02T22:07:42.628Z,2026-07-02T22:07:42.628Z
4576,node/11234747902,node,POINT(-43.4558709 -22.757057),,,bicycle_parking,,,,,,,,,,,,,,,,,,,,,,,,,2026-07-02T22:07:42.628Z,2026-07-02T22:07:42.628Z
4577,node/11246916943,node,POINT(-49.1760707 -26.7292197),,,bicycle_parking,ground_slots,3,customers,no,no,,,,,,,,,,,,,,,,,,,,2026-07-02T22:07:42.628Z,2026-07-02T22:07:42.628Z
4578,node/11251948682,node,POINT(-52.0877788 -32.0403356),,,bicycle_parking,,,,,,,,,,,,,,,,,,,,,,,,,2026-07-02T22:07:42.628Z,2026-07-02T22:07:42.628Z
4579,node/11254245823,node,POINT(-49.176878 -26.7362937),,,bicycle_parking,,,,,,,,,,,,,,,,,,,,,,,,,2026-07-02T22:07:42.628Z,2026-07-02T22:07:42.628Z
4580,node/11254245833,node,POINT(-49.1749489 -26.7484691),,,bicycle_parking,ground_slots,3,customers,no,no,,,Ballet Cultura,,,,,,,,,,,,,,,,,2026-07-02T22:07:42.628Z,2026-07-02T22:07:42.628Z
4581,node/11254960858,node,POINT(-49.1769945 -26.7359236),,,bicycle_parking,ground_slots,6,,no,,,,Sicredi,,,,,,,,,,,,,,,,,2026-07-02T22:07:42.628Z,2026-07-02T22:07:42.628Z
4582,node/11261733463,node,POINT(-49.1640738 -26.7110632),,,bicycle_parking,wall_loops,,,,no,,,,,,,,,,,,,,,,,,,,2026-07-02T22:07:42.628Z,2026-07-02T22:07:42.628Z
4583,node/11267309027,node,POINT(-46.7296837 -23.5748421),,,bicycle_parking,,8,yes,no,,,,,,,,,,,,,,,,,,,,,2026-07-02T22:07:42.628Z,2026-07-02T22:07:42.628Z
4584,node/11290009743,node,POINT(-49.1766541 -26.7307783),,,bicycle_parking,ground_slots,,,,,,,,,,,,,,,,,,,,,,,,2026-07-02T22:07:42.628Z,2026-07-02T22:07:42.628Z
4585,node/11290009744,node,POINT(-49.176408 -26.7307205),,,bicycle_parking,ground_slots,,,,,,,,,,,,,,,,,,,,,,,,2026-07-02T22:07:42.628Z,2026-07-02T22:07:42.628Z
4586,node/11301231097,node,POINT(-48.1334623 -15.834282),,,bicycle_parking,,5,yes,no,no,,,,,,,,,,,,,,,,,,,,2026-07-02T22:07:42.628Z,2026-07-02T22:07:42.628Z
4587,node/11304960469,node,POINT(-38.5741898 -3.7466136),,,bicycle_parking,,,,,,,,,,,,,,,,,,,,,,,,,2026-07-02T22:07:42.628Z,2026-07-02T22:07:42.628Z
4588,node/11304961869,node,POINT(-38.5735128 -3.7462979),,,bicycle_parking,stands,,,no,,,,,,,,,,,,,,,,,,,,,2026-07-02T22:07:42.628Z,2026-07-02T22:07:42.628Z
4589,node/11305184919,node,POINT(-46.7270978 -23.5597713),,,bicycle_parking,stands,20,,,,,,,,,,,,,,,,,,,,,,,2026-07-02T22:07:42.628Z,2026-07-02T22:07:42.628Z
4590,node/11307630518,node,POINT(-49.2374165 -25.4547323),,,bicycle_parking,stands,,,,,,,,,,,,,,,,,,,,,,,,2026-07-02T22:07:42.628Z,2026-07-02T22:07:42.628Z
4591,node/11310891704,node,POINT(-49.1626254 -26.70658),,,bicycle_parking,,,,yes,,,,,,,,,,,,,,,,,,,,,2026-07-02T22:07:42.628Z,2026-07-02T22:07:42.628Z
4592,node/11310891720,node,POINT(-49.1636581 -26.7066372),,,bicycle_parking,wall_loops,,customers,no,no,,,,,,,,,,,,,,,,,,,,2026-07-02T22:07:42.628Z,2026-07-02T22:07:42.628Z
4593,node/11324771651,node,POINT(-38.4331879 -12.9832934),,,bicycle_parking,stands,20,yes,,no,,,,,,,,,,,,,,,,,,,,2026-07-02T22:07:42.628Z,2026-07-02T22:07:42.628Z
4594,node/11335811067,node,POINT(-49.2358007 -25.4569206),,,bicycle_parking,stands,,,,,,,,,,,,,,,,,,,,,,,,2026-07-02T22:07:42.628Z,2026-07-02T22:07:42.628Z
4595,node/11335811068,node,POINT(-49.2361017 -25.4565243),,,bicycle_parking,stands,,,,,,,,,,,,,,,,,,,,,,,,2026-07-02T22:07:42.628Z,2026-07-02T22:07:42.628Z
4596,node/11335877782,node,POINT(-49.2367811 -25.4573089),,,bicycle_parking,stands,,,,,,,,,,,,,,,,,,,,,,,,2026-07-02T22:07:42.628Z,2026-07-02T22:07:42.628Z
4597,node/11339190488,node,POINT(-38.4952004 -3.8051037),,,bicycle_parking,stands,14,yes,no,no,,,,,,,,,,,,,,,,,,,,2026-07-02T22:07:42.628Z,2026-07-02T22:07:42.628Z
4598,node/11342439527,node,POINT(-38.4904784 -3.801405),,,bicycle_parking,stands,4,,,,,,,,,,,,,,,,,,,,,,,2026-07-02T22:07:42.628Z,2026-07-02T22:07:42.628Z
4599,node/11342439536,node,POINT(-38.4892613 -3.8014565),,,bicycle_parking,stands,2,,,,,,,,,,,,,,,,,,,,,,,2026-07-02T22:07:42.628Z,2026-07-02T22:07:42.628Z
4600,node/11364635943,node,POINT(-38.5056959 -3.7314527),,,bicycle_parking,stands,8,yes,no,no,,,,,,,,,,,,,,,,,,,,2026-07-02T22:07:42.628Z,2026-07-02T22:07:42.628Z
4601,node/11375848424,node,POINT(-51.1721944 -23.2818858),,,bicycle_parking,building,,,,,,,,,,,,,,,,,,,,,,,,2026-07-02T22:07:42.639Z,2026-07-02T22:07:42.639Z
4602,node/11377859358,node,POINT(-38.5306418 -13.0034562),,,bicycle_parking,stands,10,yes,no,no,,,,,,,,,,,,,,,,,,,,2026-07-02T22:07:42.639Z,2026-07-02T22:07:42.639Z
4603,node/11377894512,node,POINT(-43.5570272 -22.7153154),JP Bicicletário e Estacionamento,,parking,yes,,,,,,,,,,,,,,,,,,,,,,,,2026-07-02T22:07:42.639Z,2026-07-02T22:07:42.639Z
4604,node/11384838943,node,POINT(-45.4029012 -23.8048129),,,bicycle_parking,,5,yes,no,no,,,,,,,,,,,,,,,,,,,,2026-07-02T22:07:42.639Z,2026-07-02T22:07:42.639Z
4605,node/11386142290,node,POINT(-46.721556 -23.5595649),,,bicycle_parking,stands,6,,no,,,,,,,,,,,,,,,,,,,,,2026-07-02T22:07:42.639Z,2026-07-02T22:07:42.639Z
4606,node/11398839691,node,POINT(-46.7359599 -23.558735),,,bicycle_parking,stands,4,,,,,,,,,,,,,,,,,,,,,,,2026-07-02T22:07:42.639Z,2026-07-02T22:07:42.639Z
4607,node/11398839692,node,POINT(-46.7360516 -23.5585394),,,bicycle_parking,stands,4,,,,,,,,,,,,,,,,,,,,,,,2026-07-02T22:07:42.639Z,2026-07-02T22:07:42.639Z
4608,node/11403578532,node,POINT(-54.5811421 -20.4484067),Paraciclo Vanguard Home - Central de decorados,"Inclui ponto de apoio para o ciclista: Bomba de ar (antes de usar é bom operar ela para expulsar o excesso de água que ela junta por ficar descoberta), totem com ferramentas para colocar e fazer manutenção na bicicleta.",bicycle_parking,stands,4,yes,no,no,,,Vanguard Decorações,,,,,,,,,,,,,,,,,2026-07-02T22:07:42.639Z,2026-07-02T22:07:42.639Z
4609,node/11408804156,node,POINT(-49.1773588 -26.7330831),,,bicycle_parking,wall_loops,3,,,,,,,,,,,,,,,,,,,,,,,2026-07-02T22:07:42.639Z,2026-07-02T22:07:42.639Z
4610,node/11408804159,node,POINT(-49.1765092 -26.7349334),,,bicycle_parking,wall_loops,,,yes,,,,,,,,,,,,,,,,,,,,,2026-07-02T22:07:42.639Z,2026-07-02T22:07:42.639Z
4611,node/11409432265,node,POINT(-43.1736589 -22.9048946),,,bicycle_parking,stands,16,yes,no,no,,,,,,,,,,,,,,,,,,,,2026-07-02T22:07:42.639Z,2026-07-02T22:07:42.639Z
4612,node/11409437476,node,POINT(-43.1729896 -22.9044399),,,bicycle_parking,stands,16,yes,no,no,,,,,,,,,,,,,,,,,,,,2026-07-02T22:07:42.639Z,2026-07-02T22:07:42.639Z
4613,node/11409624758,node,POINT(-46.6559154 -23.5339487),,,bicycle_parking,stands,8,yes,yes,no,,,,,,,,,,,,,,,,,,,,2026-07-02T22:07:42.639Z,2026-07-02T22:07:42.639Z
4614,node/11415335873,node,POINT(-49.1671121 -26.7166757),,,bicycle_parking,ground_slots,3,,,,,,,,,,,,,,,,,,,,,,,2026-07-02T22:07:42.639Z,2026-07-02T22:07:42.639Z
4615,node/11415335879,node,POINT(-49.1648497 -26.7128327),,,bicycle_parking,ground_slots,4,,,,,,,,,,,,,,,,,,,,,,,2026-07-02T22:07:42.639Z,2026-07-02T22:07:42.639Z
4616,node/11417699980,node,POINT(-46.7321194 -23.5586158),,,bicycle_parking,stands,8,,no,,,,,,,,,,,,,,,,,,,,,2026-07-02T22:07:42.639Z,2026-07-02T22:07:42.639Z
4617,node/11428873163,node,POINT(-46.6876801 -23.5590092),,,bicycle_parking,stands,2,yes,no,no,,,,,,,,,,,,,,,,,,,,2026-07-02T22:07:42.639Z,2026-07-02T22:07:42.639Z
4618,node/11445320247,node,POINT(-38.3736805 -12.9517854),,,bicycle_parking,stands,10,yes,no,,,,,,,,,,,,,,,,,,,,,2026-07-02T22:07:42.639Z,2026-07-02T22:07:42.639Z
4619,node/11451923089,node,POINT(-41.6757464 -14.1947714),,,bicycle_parking,wall_loops,4,yes,no,no,,,,,,,,,,,,,,,,,,,,2026-07-02T22:07:42.639Z,2026-07-02T22:07:42.639Z
4620,node/11464519622,node,POINT(-49.177506 -26.7327268),,,bicycle_parking,wall_loops,4,customers,no,no,,,Farmácia Preço Popular,,,,,,,,,,,,,,,,,2026-07-02T22:07:42.639Z,2026-07-02T22:07:42.639Z
4621,node/11479629857,node,POINT(-54.56372 -20.4576578),,,bicycle_parking,stands,10,yes,no,no,,,Espaço Múltiplo Uso FIREBIKERS,,,,,,,,,,,,,,,,,2026-07-02T22:07:42.639Z,2026-07-02T22:07:42.639Z
4622,node/11508954663,node,POINT(-38.4973031 -3.7369561),,,bicycle_parking,wall_loops,12,permissive,yes,no,,,,,,,,,,,,,,,,,,,,2026-07-02T22:07:42.639Z,2026-07-02T22:07:42.639Z
4623,node/11516968569,node,POINT(-38.5318682 -3.7277074),,,bicycle_parking,,,,,,,,,,,,,,,,,,,,,,,,,2026-07-02T22:07:42.639Z,2026-07-02T22:07:42.639Z
4624,node/11523839570,node,POINT(-49.1725583 -26.7558164),,,bicycle_parking,ground_slots,3,customers,no,no,,,,,,,,,,,,,,,,,,,,2026-07-02T22:07:42.639Z,2026-07-02T22:07:42.639Z
4625,node/11524757877,node,POINT(-32.4269177 -3.8708649),,,bicycle_parking,,,,,,,,,,,,,,,,,,,,,,,,,2026-07-02T22:07:42.639Z,2026-07-02T22:07:42.639Z
4626,node/11524834796,node,POINT(-32.4333633 -3.8696364),,,bicycle_parking,,,,,,,,,,,,,,,,,,,,,,,,,2026-07-02T22:07:42.639Z,2026-07-02T22:07:42.639Z
4627,node/11527905971,node,POINT(-38.5072981 -3.7300451),,,bicycle_parking,wall_loops,2,customers,no,no,,,,,,,,,,,,,,,,,,,,2026-07-02T22:07:42.639Z,2026-07-02T22:07:42.639Z
4628,node/11533727574,node,POINT(-38.5242895 -3.7232301),,,bicycle_parking,stands,4,,,,,,,,,,,,,,,,,,,,,,,2026-07-02T22:07:42.639Z,2026-07-02T22:07:42.639Z
4629,node/11540184949,node,POINT(-48.8319057 -25.476916),,,bicycle_parking,,5,,,,,,,,,,,,,,,,,,,,,,,2026-07-02T22:07:42.639Z,2026-07-02T22:07:42.639Z
4630,node/11543495612,node,POINT(-43.0840054 -22.8812542),,,bicycle_parking,stands,4 vagas,,,,,,,,,,,,,,,,,,,,,,,2026-07-02T22:07:42.639Z,2026-07-02T22:07:42.639Z
4631,node/11543495613,node,POINT(-43.1087182 -22.8804995),,,bicycle_parking,stands,6 vagas,,,,,,,,,,,,,,,,,,,,,,,2026-07-02T22:07:42.639Z,2026-07-02T22:07:42.639Z
4632,node/11543495614,node,POINT(-43.1323952 -22.9011344),,,bicycle_parking,stands,30 vagas,,,,,,,,,,,,,,,,,,,,,,,2026-07-02T22:07:42.639Z,2026-07-02T22:07:42.639Z
4633,node/11543495615,node,POINT(-43.1121562 -22.9016661),,,bicycle_parking,stands,4 vagas,,,,,,,,,,,,,,,,,,,,,,,2026-07-02T22:07:42.639Z,2026-07-02T22:07:42.639Z
4634,node/11543495616,node,POINT(-43.1123734 -22.9014704),,,bicycle_parking,stands,4 vagas,,,,,,,,,,,,,,,,,,,,,,,2026-07-02T22:07:42.639Z,2026-07-02T22:07:42.639Z
4635,node/11543495617,node,POINT(-43.1125508 -22.9012897),,,bicycle_parking,stands,14 vagas,,,,,,,,,,,,,,,,,,,,,,,2026-07-02T22:07:42.639Z,2026-07-02T22:07:42.639Z
4636,node/11543585788,node,POINT(-43.0996665 -22.8649201),,,bicycle_parking,stands,10 vagas,,,,,,,,,,,,,,,,,,,,,,,2026-07-02T22:07:42.639Z,2026-07-02T22:07:42.639Z
4637,node/11543585789,node,POINT(-43.0986015 -22.8640699),,,bicycle_parking,stands,2 vagas,,,,,,,,,,,,,,,,,,,,,,,2026-07-02T22:07:42.639Z,2026-07-02T22:07:42.639Z
4638,node/11543585790,node,POINT(-43.0984805 -22.8639922),,,bicycle_parking,stands,4 vagas,,,,,,,,,,,,,,,,,,,,,,,2026-07-02T22:07:42.639Z,2026-07-02T22:07:42.639Z
4639,node/11543585791,node,POINT(-43.0573795 -22.9611828),,,bicycle_parking,stands,8 vagas,,,,,,,,,,,,,,,,,,,,,,,2026-07-02T22:07:42.639Z,2026-07-02T22:07:42.639Z
4640,node/11543585792,node,POINT(-43.0682822 -22.8893536),,,bicycle_parking,stands,18 vagas,,,,,,,,,,,,,,,,,,,,,,,2026-07-02T22:07:42.639Z,2026-07-02T22:07:42.639Z
4641,node/11543585793,node,POINT(-43.1197437 -22.8909818),,,bicycle_parking,stands,2 vagas,,,,,,,,,,,,,,,,,,,,,,,2026-07-02T22:07:42.639Z,2026-07-02T22:07:42.639Z
4642,node/11543585794,node,POINT(-43.1195818 -22.8937763),,,bicycle_parking,stands,8 vagas,,,,,,,,,,,,,,,,,,,,,,,2026-07-02T22:07:42.639Z,2026-07-02T22:07:42.639Z
4643,node/11543585795,node,POINT(-43.1213458 -22.8933953),,,bicycle_parking,stands,6 vagas,,,,,,,,,,,,,,,,,,,,,,,2026-07-02T22:07:42.639Z,2026-07-02T22:07:42.639Z
4644,node/11543585796,node,POINT(-43.1185894 -22.8894608),,,bicycle_parking,stands,10 vagas,,,,,,,,,,,,,,,,,,,,,,,2026-07-02T22:07:42.639Z,2026-07-02T22:07:42.639Z
4645,node/11543585797,node,POINT(-43.1170532 -22.8893309),,,bicycle_parking,stands,10 vagas,,,,,,,,,,,,,,,,,,,,,,,2026-07-02T22:07:42.639Z,2026-07-02T22:07:42.639Z
4646,node/11543585798,node,POINT(-43.1223699 -22.8912973),,,bicycle_parking,stands,6 vagas,,,,,,,,,,,,,,,,,,,,,,,2026-07-02T22:07:42.639Z,2026-07-02T22:07:42.639Z
4647,node/11543585799,node,POINT(-43.1222375 -22.8938419),,,bicycle_parking,stands,6 vagas,,,,,,,,,,,,,,,,,,,,,,,2026-07-02T22:07:42.639Z,2026-07-02T22:07:42.639Z
4648,node/11543585800,node,POINT(-43.1197751 -22.8922051),,,bicycle_parking,stands,4 vagas,,,,,,,,,,,,,,,,,,,,,,,2026-07-02T22:07:42.639Z,2026-07-02T22:07:42.639Z
4649,node/11543585801,node,POINT(-43.1223003 -22.8933419),,,bicycle_parking,stands,6 vagas,,,,,,,,,,,,,,,,,,,,,,,2026-07-02T22:07:42.639Z,2026-07-02T22:07:42.639Z
4650,node/11543585802,node,POINT(-43.1219735 -22.8971624),,,bicycle_parking,stands,6 vagas,,,,,,,,,,,,,,,,,,,,,,,2026-07-02T22:07:42.639Z,2026-07-02T22:07:42.639Z
4651,node/11543585803,node,POINT(-43.0960893 -22.9272087),,,bicycle_parking,stands,10 vagas,,,,,,,,,,,,,,,,,,,,,,,2026-07-02T22:07:42.639Z,2026-07-02T22:07:42.639Z
4652,node/11543585804,node,POINT(-43.0962537 -22.9281354),,,bicycle_parking,stands,10 vagas,,,,,,,,,,,,,,,,,,,,,,,2026-07-02T22:07:42.639Z,2026-07-02T22:07:42.639Z
4653,node/11543585805,node,POINT(-43.097535 -22.8708528),,,bicycle_parking,stands,4 vagas,,,,,,,,,,,,,,,,,,,,,,,2026-07-02T22:07:42.639Z,2026-07-02T22:07:42.639Z
4654,node/11543585806,node,POINT(-43.0947347 -22.8727247),,,bicycle_parking,stands,4 vagas,,,,,,,,,,,,,,,,,,,,,,,2026-07-02T22:07:42.639Z,2026-07-02T22:07:42.639Z
4655,node/11543585807,node,POINT(-43.0785504 -22.8811694),,,bicycle_parking,stands,20 vagas,,,,,,,,,,,,,,,,,,,,,,,2026-07-02T22:07:42.639Z,2026-07-02T22:07:42.639Z
4656,node/11543585808,node,POINT(-43.084254 -22.8812646),,,bicycle_parking,stands,4 vagas,,,,,,,,,,,,,,,,,,,,,,,2026-07-02T22:07:42.639Z,2026-07-02T22:07:42.639Z
4657,node/11543621611,node,POINT(-43.0995447 -22.9032872),,,bicycle_parking,stands,10 vagas,,,,,,,,,,,,,,,,,,,,,,,2026-07-02T22:07:42.639Z,2026-07-02T22:07:42.639Z
4658,node/11543621612,node,POINT(-43.1005178 -22.9051422),,,bicycle_parking,stands,10 vagas,,,,,,,,,,,,,,,,,,,,,,,2026-07-02T22:07:42.639Z,2026-07-02T22:07:42.639Z
4659,node/11543621613,node,POINT(-43.1027781 -22.9075353),,,bicycle_parking,stands,2 vagas,,,,,,,,,,,,,,,,,,,,,,,2026-07-02T22:07:42.639Z,2026-07-02T22:07:42.639Z
4660,node/11543621614,node,POINT(-43.1044059 -22.9068117),,,bicycle_parking,stands,6 vagas,,,,,,,,,,,,,,,,,,,,,,,2026-07-02T22:07:42.639Z,2026-07-02T22:07:42.639Z
4661,node/11543621615,node,POINT(-43.1066038 -22.9052872),,,bicycle_parking,stands,2 vagas,,,,,,,,,,,,,,,,,,,,,,,2026-07-02T22:07:42.639Z,2026-07-02T22:07:42.639Z
4662,node/11543621616,node,POINT(-43.106822 -22.9050518),,,bicycle_parking,stands,10 vagas,,,,,,,,,,,,,,,,,,,,,,,2026-07-02T22:07:42.639Z,2026-07-02T22:07:42.639Z
4663,node/11543621617,node,POINT(-43.1081636 -22.9053201),,,bicycle_parking,stands,6 vagas,,,,,,,,,,,,,,,,,,,,,,,2026-07-02T22:07:42.639Z,2026-07-02T22:07:42.639Z
4664,node/11543621618,node,POINT(-43.1138805 -22.9019953),,,bicycle_parking,stands,4 vagas,,,,,,,,,,,,,,,,,,,,,,,2026-07-02T22:07:42.639Z,2026-07-02T22:07:42.639Z
4665,node/11546955033,node,POINT(-43.1094296 -22.9081711),,,bicycle_parking,stands,4 vagas,,,,,,,,,,,,,,,,,,,,,,,2026-07-02T22:07:42.639Z,2026-07-02T22:07:42.639Z
4666,node/11546955034,node,POINT(-43.1116471 -22.8982492),,,bicycle_parking,stands,4 vagas,,,,,,,,,,,,,,,,,,,,,,,2026-07-02T22:07:42.639Z,2026-07-02T22:07:42.639Z
4667,node/11546955035,node,POINT(-43.1062198 -22.9048772),,,bicycle_parking,stands,4 vagas,,,,,,,,,,,,,,,,,,,,,,,2026-07-02T22:07:42.639Z,2026-07-02T22:07:42.639Z
4668,node/11546955176,node,POINT(-43.110408 -22.9089891),,,bicycle_parking,stands,6 vagas,,,,,,,,,,,,,,,,,,,,,,,2026-07-02T22:07:42.639Z,2026-07-02T22:07:42.639Z
4669,node/11546955177,node,POINT(-43.1118299 -22.9021809),,,bicycle_parking,stands,6 vagas,,,,,,,,,,,,,,,,,,,,,,,2026-07-02T22:07:42.639Z,2026-07-02T22:07:42.639Z
4670,node/11546955178,node,POINT(-43.1101493 -22.9055189),,,bicycle_parking,stands,6 vagas,,,,,,,,,,,,,,,,,,,,,,,2026-07-02T22:07:42.639Z,2026-07-02T22:07:42.639Z
4671,node/11546955179,node,POINT(-43.1034434 -22.9020472),,,bicycle_parking,stands,4 vagas,,,,,,,,,,,,,,,,,,,,,,,2026-07-02T22:07:42.639Z,2026-07-02T22:07:42.639Z
4672,node/11546955180,node,POINT(-43.1020565 -22.901688),,,bicycle_parking,stands,6 vagas,,,,,,,,,,,,,,,,,,,,,,,2026-07-02T22:07:42.639Z,2026-07-02T22:07:42.639Z
4673,node/11546955181,node,POINT(-43.1045802 -22.9037146),,,bicycle_parking,stands,6 vagas,,,,,,,,,,,,,,,,,,,,,,,2026-07-02T22:07:42.639Z,2026-07-02T22:07:42.639Z
4674,node/11546955182,node,POINT(-43.1041122 -22.9004688),,,bicycle_parking,stands,2 vagas,,,,,,,,,,,,,,,,,,,,,,,2026-07-02T22:07:42.639Z,2026-07-02T22:07:42.639Z
4675,node/11546955183,node,POINT(-43.1044206 -22.9005651),,,bicycle_parking,stands,2 vagas,,,,,,,,,,,,,,,,,,,,,,,2026-07-02T22:07:42.639Z,2026-07-02T22:07:42.639Z
4676,node/11546955184,node,POINT(-43.103589 -22.8999318),,,bicycle_parking,stands,6 vagas,,,,,,,,,,,,,,,,,,,,,,,2026-07-02T22:07:42.639Z,2026-07-02T22:07:42.639Z
4677,node/11546955185,node,POINT(-43.1045615 -22.9006161),,,bicycle_parking,stands,2 vagas,,,,,,,,,,,,,,,,,,,,,,,2026-07-02T22:07:42.639Z,2026-07-02T22:07:42.639Z
4678,node/11546961744,node,POINT(-43.1110035 -22.90651),,,bicycle_parking,stands,6 vagas,,,,,,,,,,,,,,,,,,,,,,,2026-07-02T22:07:42.639Z,2026-07-02T22:07:42.639Z
4679,node/11546961745,node,POINT(-43.1110498 -22.906571),,,bicycle_parking,stands,4 vagas,,,,,,,,,,,,,,,,,,,,,,,2026-07-02T22:07:42.639Z,2026-07-02T22:07:42.639Z
4680,node/11546961746,node,POINT(-43.1105283 -22.9070863),,,bicycle_parking,stands,4 vagas,,,,,,,,,,,,,,,,,,,,,,,2026-07-02T22:07:42.639Z,2026-07-02T22:07:42.639Z
4681,node/11546961747,node,POINT(-43.10959 -22.9078541),,,bicycle_parking,stands,6 vagas,,,,,,,,,,,,,,,,,,,,,,,2026-07-02T22:07:42.639Z,2026-07-02T22:07:42.639Z
4682,node/11546964449,node,POINT(-43.1092748 -22.9029668),,,bicycle_parking,stands,4 vagas,,,,,,,,,,,,,,,,,,,,,,,2026-07-02T22:07:42.639Z,2026-07-02T22:07:42.639Z
4683,node/11546964450,node,POINT(-43.1128399 -22.9059514),,,bicycle_parking,stands,4 vagas,,,,,,,,,,,,,,,,,,,,,,,2026-07-02T22:07:42.639Z,2026-07-02T22:07:42.639Z
4684,node/11546964451,node,POINT(-43.1121945 -22.9035698),,,bicycle_parking,stands,6 vagas,,,,,,,,,,,,,,,,,,,,,,,2026-07-02T22:07:42.639Z,2026-07-02T22:07:42.639Z
4685,node/11546964452,node,POINT(-43.1148731 -22.9027569),,,bicycle_parking,stands,2 vagas,,,,,,,,,,,,,,,,,,,,,,,2026-07-02T22:07:42.639Z,2026-07-02T22:07:42.639Z
4686,node/11546964453,node,POINT(-43.1139857 -22.9036492),,,bicycle_parking,stands,4 vagas,,,,,,,,,,,,,,,,,,,,,,,2026-07-02T22:07:42.639Z,2026-07-02T22:07:42.639Z
4687,node/11546973345,node,POINT(-43.0579514 -22.9501059),,,bicycle_parking,stands,18 vagas,,,,,,,,,,,,,,,,,,,,,,,2026-07-02T22:07:42.639Z,2026-07-02T22:07:42.639Z
4688,node/11546973346,node,POINT(-43.0580448 -22.9500564),,,bicycle_parking,stands,6 vagas,,,,,,,,,,,,,,,,,,,,,,,2026-07-02T22:07:42.639Z,2026-07-02T22:07:42.639Z
4689,node/11546973347,node,POINT(-43.0574293 -22.9495254),,,bicycle_parking,stands,6 vagas,,,,,,,,,,,,,,,,,,,,,,,2026-07-02T22:07:42.639Z,2026-07-02T22:07:42.639Z
4690,node/11546973348,node,POINT(-43.0966453 -22.9510079),,,bicycle_parking,stands,10 vagas,,,,,,,,,,,,,,,,,,,,,,,2026-07-02T22:07:42.639Z,2026-07-02T22:07:42.639Z
4691,node/11546973349,node,POINT(-43.0637769 -22.9359546),,,bicycle_parking,stands,6 vagas,,,,,,,,,,,,,,,,,,,,,,,2026-07-02T22:07:42.639Z,2026-07-02T22:07:42.639Z
4692,node/11546983926,node,POINT(-43.0284159 -22.9724434),,,bicycle_parking,stands,12 vagas,,,,,,,,,,,,,,,,,,,,,,,2026-07-02T22:07:42.639Z,2026-07-02T22:07:42.639Z
4693,node/11546983927,node,POINT(-43.0262496 -22.938361),,,bicycle_parking,stands,12 vagas,,,,,,,,,,,,,,,,,,,,,,,2026-07-02T22:07:42.639Z,2026-07-02T22:07:42.639Z
4694,node/11546983928,node,POINT(-43.0262169 -22.9384148),,,bicycle_parking,stands,10 vagas,,,,,,,,,,,,,,,,,,,,,,,2026-07-02T22:07:42.639Z,2026-07-02T22:07:42.639Z
4695,node/11546988032,node,POINT(-43.1008136 -22.9049255),,,bicycle_parking,stands,6 vagas,,,,,,,,,,,,,,,,,,,,,,,2026-07-02T22:07:42.639Z,2026-07-02T22:07:42.639Z
4696,node/11546988033,node,POINT(-43.1007373 -22.9048899),,,bicycle_parking,stands,6 vagas,,,,,,,,,,,,,,,,,,,,,,,2026-07-02T22:07:42.639Z,2026-07-02T22:07:42.639Z
4697,node/11546988034,node,POINT(-43.1249495 -22.9036552),,,bicycle_parking,stands,6 vagas,,,,,,,,,,,,,,,,,,,,,,,2026-07-02T22:07:42.639Z,2026-07-02T22:07:42.639Z
4698,node/11546988035,node,POINT(-43.1242093 -22.9032427),,,bicycle_parking,stands,4 vagas,,,,,,,,,,,,,,,,,,,,,,,2026-07-02T22:07:42.639Z,2026-07-02T22:07:42.639Z
4699,node/11546996395,node,POINT(-43.1056336 -22.9071578),,,bicycle_parking,stands,2,,,,,,,,,,,,,,,,,,,,,,,2026-07-02T22:07:42.639Z,2026-07-02T22:07:42.639Z
4700,node/11547010116,node,POINT(-43.1197427 -22.9261102),,,bicycle_parking,stands,10 vagas,,,,,,,,,,,,,,,,,,,,,,,2026-07-02T22:07:42.639Z,2026-07-02T22:07:42.639Z
4701,node/11547010117,node,POINT(-43.1231225 -22.928452),,,bicycle_parking,stands,6 vagas,,,,,,,,,,,,,,,,,,,,,,,2026-07-02T22:07:42.650Z,2026-07-02T22:07:42.650Z
4702,node/11547014180,node,POINT(-43.1223598 -22.8824009),,,bicycle_parking,stands,10 vagas,,,,,,,,,,,,,,,,,,,,,,,2026-07-02T22:07:42.650Z,2026-07-02T22:07:42.650Z
4703,node/11547014181,node,POINT(-42.9889405 -22.8912186),,,bicycle_parking,stands,4 vagas,,,,,,,,,,,,,,,,,,,,,,,2026-07-02T22:07:42.650Z,2026-07-02T22:07:42.650Z
4704,node/11547014182,node,POINT(-42.9890002 -22.8910914),,,bicycle_parking,stands,8 vagas,,,,,,,,,,,,,,,,,,,,,,,2026-07-02T22:07:42.650Z,2026-07-02T22:07:42.650Z
4705,node/11547014183,node,POINT(-43.0486222 -22.8765184),,,bicycle_parking,stands,10 vagas,,,,,,,,,,,,,,,,,,,,,,,2026-07-02T22:07:42.650Z,2026-07-02T22:07:42.650Z
4706,node/11547015911,node,POINT(-43.0946518 -22.9177244),,,bicycle_parking,stands,8 vagas,,,,,,,,,,,,,,,,,,,,,,,2026-07-02T22:07:42.650Z,2026-07-02T22:07:42.650Z
4707,node/11547015912,node,POINT(-43.0660077 -22.9064769),,,bicycle_parking,stands,4 vagas,,,,,,,,,,,,,,,,,,,,,,,2026-07-02T22:07:42.650Z,2026-07-02T22:07:42.650Z
4708,node/11547015913,node,POINT(-43.0967565 -22.905332),,,bicycle_parking,stands,8 vagas,,,,,,,,,,,,,,,,,,,,,,,2026-07-02T22:07:42.650Z,2026-07-02T22:07:42.650Z
4709,node/11547015914,node,POINT(-43.0975692 -22.9055173),,,bicycle_parking,stands,10 vagas,,,,,,,,,,,,,,,,,,,,,,,2026-07-02T22:07:42.650Z,2026-07-02T22:07:42.650Z
4710,node/11547024130,node,POINT(-43.1000658 -22.9013313),,,bicycle_parking,stands,8 vagas,,,,,,,,,,,,,,,,,,,,,,,2026-07-02T22:07:42.650Z,2026-07-02T22:07:42.650Z
4711,node/11547024131,node,POINT(-43.1019002 -22.897327),,,bicycle_parking,stands,4 vagas,,,,,,,,,,,,,,,,,,,,,,,2026-07-02T22:07:42.650Z,2026-07-02T22:07:42.650Z
4712,node/11547024132,node,POINT(-43.1292626 -22.8996895),,,bicycle_parking,stands,10 vagas,,,,,,,,,,,,,,,,,,,,,,,2026-07-02T22:07:42.650Z,2026-07-02T22:07:42.650Z
4713,node/11547024133,node,POINT(-43.0968455 -22.9139009),,,bicycle_parking,stands,10 vagas,,,,,,,,,,,,,,,,,,,,,,,2026-07-02T22:07:42.650Z,2026-07-02T22:07:42.650Z
4714,node/11547024134,node,POINT(-43.0863533 -22.9181594),,,bicycle_parking,stands,2 vagas,,,,,,,,,,,,,,,,,,,,,,,2026-07-02T22:07:42.650Z,2026-07-02T22:07:42.650Z
4715,node/11547024135,node,POINT(-43.0860469 -22.9176666),,,bicycle_parking,stands,4 vagas,,,,,,,,,,,,,,,,,,,,,,,2026-07-02T22:07:42.650Z,2026-07-02T22:07:42.650Z
4716,node/11551894578,node,POINT(-38.5693469 -3.7406307),,,bicycle_parking,stands,6,yes,no,no,,,,,,,,,,,,,,,,,,,,2026-07-02T22:07:42.650Z,2026-07-02T22:07:42.650Z
4717,node/11557711953,node,POINT(-38.4982478 -3.7385262),,,bicycle_parking,stands,4,yes,no,no,,,,,,,,,,,,,,,,,,,,2026-07-02T22:07:42.650Z,2026-07-02T22:07:42.650Z
4718,node/11569684823,node,POINT(-43.208848 -22.8983141),,,bicycle_parking,stands,8,yes,no,no,,,,,,,,,,,,,,,,,,,,2026-07-02T22:07:42.650Z,2026-07-02T22:07:42.650Z
4719,node/11592953535,node,POINT(-46.6770834 -23.6386186),,,bicycle_parking,stands,6,,,,,yes,,,,,,,,,,,,,,,,,,2026-07-02T22:07:42.650Z,2026-07-02T22:07:42.650Z
4720,node/11610506169,node,POINT(-60.7050177 2.8099869),,,bicycle_parking,,,,,,,,,,,,,,,,,,,,,,,,,2026-07-02T22:07:42.650Z,2026-07-02T22:07:42.650Z
4721,node/11657179124,node,POINT(-38.5646558 -3.7148327),,,bicycle_parking,,,customers,yes,no,,,,,,,,,,,,,,,,,,,,2026-07-02T22:07:42.650Z,2026-07-02T22:07:42.650Z
4722,node/11664901544,node,POINT(-43.2099792 -22.900335),,,bicycle_parking,stands,44,yes,yes,no,,,,,,,,,,,,,,,,,,,,2026-07-02T22:07:42.650Z,2026-07-02T22:07:42.650Z
4723,node/11684833337,node,POINT(-49.2754354 -25.432607),,,bicycle_parking,stands,,,,,,,,,,,,,,,,,,,,,,,,2026-07-02T22:07:42.650Z,2026-07-02T22:07:42.650Z
4724,node/11684833338,node,POINT(-49.2759285 -25.4335293),,,bicycle_parking,stands,,,,,,,,,,,,,,,,,,,,,,,,2026-07-02T22:07:42.650Z,2026-07-02T22:07:42.650Z
4725,node/11685978186,node,POINT(-38.5112049 -3.7303876),,,bicycle_parking,stands,,yes,,no,,,,,,,,,,,,,,,,,,,,2026-07-02T22:07:42.650Z,2026-07-02T22:07:42.650Z
4726,node/11691892076,node,POINT(-47.0692832 -22.8153083),,,bicycle_parking,,,,no,no,,,,,,,,,,,,,,,,,,,,2026-07-02T22:07:42.650Z,2026-07-02T22:07:42.650Z
4727,node/11691892077,node,POINT(-47.0693012 -22.8151803),,,bicycle_parking,,,,no,no,,,,,,,,,,,,,,,,,,,,2026-07-02T22:07:42.650Z,2026-07-02T22:07:42.650Z
4728,node/11710138608,node,POINT(-49.168134 -26.8295951),,,bicycle_parking,,,,yes,,,,,,,,,,,,,,,,,,,,,2026-07-02T22:07:42.650Z,2026-07-02T22:07:42.650Z
4729,node/11716632725,node,POINT(-38.5461254 -3.7198544),,,bicycle_parking,,,,,,,,,,,,,,,,,,,,,,,,,2026-07-02T22:07:42.650Z,2026-07-02T22:07:42.650Z
4730,node/11727915987,node,POINT(-46.6484273 -23.550071),,,bicycle_parking,stands,10,yes,no,no,,,,,,,,,,,,,,,,,,,,2026-07-02T22:07:42.650Z,2026-07-02T22:07:42.650Z
4731,node/11766486549,node,POINT(-35.885409 -7.2172153),,,bicycle_parking,stands,14,yes,,,,,STTP,,,,,,,,,,,,,,,,,2026-07-02T22:07:42.650Z,2026-07-02T22:07:42.650Z
4732,node/11773742825,node,POINT(-37.0215964 -10.9081997),,,bicycle_parking,,,,,,,,,,,,,,,,,,,,,,,,,2026-07-02T22:07:42.650Z,2026-07-02T22:07:42.650Z
4733,node/11793294702,node,POINT(-38.5075149 -3.8161077),,,bicycle_parking,stands,10,yes,no,no,,,,,,,,,,,,,,,,,,,,2026-07-02T22:07:42.650Z,2026-07-02T22:07:42.650Z
4734,node/11807591039,node,POINT(-46.7317726 -23.5592785),,,bicycle_parking,,,,,no,,,,,,,,,,,,,,,,,,,,2026-07-02T22:07:42.650Z,2026-07-02T22:07:42.650Z
4735,node/11808305163,node,POINT(-49.2193833 -25.4371478),,,bicycle_parking,stands,,,,,,,,,,,,,,,,,,,,,,,,2026-07-02T22:07:42.650Z,2026-07-02T22:07:42.650Z
4736,node/11812379851,node,POINT(-46.7204289 -23.5577947),,,bicycle_parking,,,,,,,,,,,,,,,,,,,,,,,,,2026-07-02T22:07:42.650Z,2026-07-02T22:07:42.650Z
4737,node/11812469403,node,POINT(-46.721165 -23.5576683),,,bicycle_parking,stands,10,,no,,,,,,,,,,,,,,,,,,,,,2026-07-02T22:07:42.650Z,2026-07-02T22:07:42.650Z
4738,node/11812469404,node,POINT(-46.7196626 -23.5578352),,,bicycle_parking,,,,yes,,,,,,,,,,,,,,,,,,,,,2026-07-02T22:07:42.650Z,2026-07-02T22:07:42.650Z
4739,node/11813987080,node,POINT(-46.6676418 -23.562417),,,bicycle_parking,stands,4,,no,,,,,,,,,,,,,,,,,,,,,2026-07-02T22:07:42.650Z,2026-07-02T22:07:42.650Z
4740,node/11819794628,node,POINT(-46.7211043 -23.5590575),,,bicycle_parking,wall_loops,15,yes,yes,no,,,,,,,,,,,,,,,,,,,,2026-07-02T22:07:42.650Z,2026-07-02T22:07:42.650Z
4741,node/11828429823,node,POINT(-46.7236736 -23.5630433),,,bicycle_parking,wall_loops,30,,yes,no,,,,,,,,,,,,,,,,,,,,2026-07-02T22:07:42.650Z,2026-07-02T22:07:42.650Z
4742,node/11828994026,node,POINT(-49.2822766 -25.4298212),,,bicycle_parking,,,,,,,,,,,,,,,,,,,,,,,,,2026-07-02T22:07:42.650Z,2026-07-02T22:07:42.650Z
4743,node/11828994027,node,POINT(-49.2810172 -25.4303976),,,bicycle_parking,,10,,,,,,,,,,,,,,,,,,,,,,,2026-07-02T22:07:42.650Z,2026-07-02T22:07:42.650Z
4744,node/11829247316,node,POINT(-46.7327493 -23.5568316),,,bicycle_parking,wall_loops,10,,yes,no,,,,,,,,,,,,,,,,,,,,2026-07-02T22:07:42.650Z,2026-07-02T22:07:42.650Z
4745,node/11832984270,node,POINT(-43.1740719 -22.9016265),,,bicycle_parking,stands,16,,no,,,,,,,,,,,,,,,,,,,,,2026-07-02T22:07:42.650Z,2026-07-02T22:07:42.650Z
4746,node/11837439736,node,POINT(-46.6604371 -23.5442621),,,bicycle_parking,stands,8,yes,no,no,,,,,,,,,,,,,,,,,,,,2026-07-02T22:07:42.650Z,2026-07-02T22:07:42.650Z
4747,node/11839210733,node,POINT(-46.6490921 -23.5447237),,,bicycle_parking,stands,6,,,,,,,,,,,,,,,,,,,,,,,2026-07-02T22:07:42.650Z,2026-07-02T22:07:42.650Z
4748,node/11839441372,node,POINT(-46.6979414 -23.5613491),,,bicycle_parking,stands,4,,no,,,,,,,,,,,,,,,,,,,,,2026-07-02T22:07:42.650Z,2026-07-02T22:07:42.650Z
4749,node/11844457548,node,POINT(-43.1745266 -22.912622),,,bicycle_parking,stands,6,yes,no,no,,,,,,,,,,,,,,,,,,,,2026-07-02T22:07:42.650Z,2026-07-02T22:07:42.650Z
4750,node/11863120176,node,POINT(-49.2574067 -25.4478552),,,bicycle_parking,stands,,,,,,,,,,,,,,,,,,,,,,,,2026-07-02T22:07:42.650Z,2026-07-02T22:07:42.650Z
4751,node/11873990349,node,POINT(-43.3715712 -22.9696821),,,bicycle_parking,stands,10,yes,no,no,,,,,,,,,,,,,,,,,,,,2026-07-02T22:07:42.650Z,2026-07-02T22:07:42.650Z
4752,node/11873990358,node,POINT(-43.3728303 -22.9696768),,,bicycle_parking,stands,10,yes,no,no,,,,,,,,,,,,,,,,,,,,2026-07-02T22:07:42.650Z,2026-07-02T22:07:42.650Z
4753,node/11873992379,node,POINT(-43.3731297 -22.9696696),,,bicycle_parking,stands,10,yes,no,no,,,,,,,,,,,,,,,,,,,,2026-07-02T22:07:42.650Z,2026-07-02T22:07:42.650Z
4754,node/11873992380,node,POINT(-43.3723042 -22.9696735),,,bicycle_parking,stands,10,yes,no,no,,,,,,,,,,,,,,,,,,,,2026-07-02T22:07:42.650Z,2026-07-02T22:07:42.650Z
4755,node/11873992411,node,POINT(-43.3710513 -22.9703056),,,bicycle_parking,stands,10,yes,no,no,,,,,,,,,,,,,,,,,,,,2026-07-02T22:07:42.650Z,2026-07-02T22:07:42.650Z
4756,node/11873992449,node,POINT(-43.3710587 -22.9707727),,,bicycle_parking,stands,10,yes,no,no,,,,,,,,,,,,,,,,,,,,2026-07-02T22:07:42.650Z,2026-07-02T22:07:42.650Z
4757,node/11873992450,node,POINT(-43.371066 -22.9714071),,,bicycle_parking,stands,10,yes,no,no,,,,,,,,,,,,,,,,,,,,2026-07-02T22:07:42.650Z,2026-07-02T22:07:42.650Z
4758,node/11873992451,node,POINT(-43.3710696 -22.9719825),,,bicycle_parking,stands,10,yes,no,no,,,,,,,,,,,,,,,,,,,,2026-07-02T22:07:42.650Z,2026-07-02T22:07:42.650Z
4759,node/11873992507,node,POINT(-43.3715226 -22.9725005),,,bicycle_parking,stands,8,yes,no,no,,,,,,,,,,,,,,,,,,,,2026-07-02T22:07:42.650Z,2026-07-02T22:07:42.650Z
4760,node/11874035568,node,POINT(-43.3736888 -22.9709478),,,bicycle_parking,stands,10,yes,no,no,,,,,,,,,,,,,,,,,,,,2026-07-02T22:07:42.650Z,2026-07-02T22:07:42.650Z
4761,node/11874035569,node,POINT(-43.3736924 -22.9711747),,,bicycle_parking,stands,10,yes,no,no,,,,,,,,,,,,,,,,,,,,2026-07-02T22:07:42.650Z,2026-07-02T22:07:42.650Z
4762,node/11874130406,node,POINT(-43.3750706 -22.9724701),,,bicycle_parking,stands,8,yes,no,no,,,,,,,,,,,,,,,,,,,,2026-07-02T22:07:42.650Z,2026-07-02T22:07:42.650Z
4763,node/11874969128,node,POINT(-38.5525041 -3.7862566),,,bicycle_parking,wall_loops,10,,yes,,,,,,,,,,,,,,,,,,,,,2026-07-02T22:07:42.650Z,2026-07-02T22:07:42.650Z
4764,node/11884934501,node,POINT(-46.7337503 -23.5557819),,,bicycle_parking,stands,10,,no,,,,,,,,,,,,,,,,,,,,,2026-07-02T22:07:42.650Z,2026-07-02T22:07:42.650Z
4765,node/11888792944,node,POINT(-46.7148732 -23.563441),,,bicycle_parking,stands,10,,no,,,,,,,,,,,,,,,,,,,,,2026-07-02T22:07:42.650Z,2026-07-02T22:07:42.650Z
4766,node/11891952140,node,POINT(-38.5540385 -3.7864806),,,bicycle_parking,wall_loops,8,,no,,,,,,,,,,,,,,,,,,,,,2026-07-02T22:07:42.650Z,2026-07-02T22:07:42.650Z
4767,node/11901657771,node,POINT(-38.5536987 -3.7882039),,,bicycle_parking,wall_loops,10,,no,,,,,,,,,,,,,,,,,,,,,2026-07-02T22:07:42.650Z,2026-07-02T22:07:42.650Z
4768,node/11910467788,node,POINT(-38.5519077 -3.7883341),,,bicycle_parking,wall_loops,,,no,,,,,,,,,,,,,,,,,,,,,2026-07-02T22:07:42.650Z,2026-07-02T22:07:42.650Z
4769,node/11914344150,node,POINT(-49.0873963 -26.898678),,,bicycle_parking,,4,,no,no,,,,,,,,,,,,,,,,,,,,2026-07-02T22:07:42.650Z,2026-07-02T22:07:42.650Z
4770,node/11922820106,node,POINT(-38.5532687 -3.7902071),,,bicycle_parking,wall_loops,10,,no,,,,,,,,,,,,,,,,,,,,,2026-07-02T22:07:42.650Z,2026-07-02T22:07:42.650Z
4771,node/11948545339,node,POINT(-34.8972729 -7.9088939),,,bicycle_parking,stands,20,private,no,no,,,,,,,,,,,,,,,,,,,,2026-07-02T22:07:42.650Z,2026-07-02T22:07:42.650Z
4772,node/11954356601,node,POINT(-43.6469481 -22.9655662),,,bicycle_parking,,,,,,,,,,,,,,,,,,,,,,,,,2026-07-02T22:07:42.650Z,2026-07-02T22:07:42.650Z
4773,node/11956196810,node,POINT(-48.7770145 -27.6862564),,,bicycle_parking,,,,,,,,,,,,,,,,,,,,,,,,,2026-07-02T22:07:42.650Z,2026-07-02T22:07:42.650Z
4774,node/11957141109,node,POINT(-45.3826607 -23.6274679),,,bicycle_parking,,14,,,,,,,,,,,,,,,,,,,,,,,2026-07-02T22:07:42.650Z,2026-07-02T22:07:42.650Z
4775,node/11957141110,node,POINT(-45.382239 -23.6269912),,,bicycle_parking,,20,,,,,,,,,,,,,,,,,,,,,,,2026-07-02T22:07:42.650Z,2026-07-02T22:07:42.650Z
4776,node/11957198572,node,POINT(-45.4067646 -23.6203232),,,bicycle_parking,,22,,,,,,,,,,,,,,,,,,,,,,,2026-07-02T22:07:42.650Z,2026-07-02T22:07:42.650Z
4777,node/11958672431,node,POINT(-38.5787824 -3.7457806),,,bicycle_parking,stands,,permissive,yes,no,,,,,,0,,,,,,,,,,,,,,2026-07-02T22:07:42.650Z,2026-07-02T22:07:42.650Z
4778,node/11979182892,node,POINT(-51.2307883 -30.0507591),,,bicycle_parking,stands,10,yes,no,no,no,yes,,,,,concrete,,,,,,,,,,,,,2026-07-02T22:07:42.650Z,2026-07-02T22:07:42.650Z
4779,node/11979182894,node,POINT(-51.2309757 -30.0504338),,,bicycle_parking,stands,7,yes,no,no,no,yes,,,,,concrete,,,,,,,,,,,,,2026-07-02T22:07:42.650Z,2026-07-02T22:07:42.650Z
4780,node/11985660996,node,POINT(-45.3763089 -23.8198788),,,bicycle_parking,stands,100,,no,,,,,,,,,,,,,,,,,,,,,2026-07-02T22:07:42.650Z,2026-07-02T22:07:42.650Z
4781,node/11989020043,node,POINT(-49.3080563 -25.4361052),,,bicycle_parking,,10,,,,,,,,,,,,,,,,,,,,,,,2026-07-02T22:07:42.650Z,2026-07-02T22:07:42.650Z
4782,node/11993063364,node,POINT(-49.1792927 -26.7327597),,,bicycle_parking,ground_slots,5,yes,no,no,,,,,,,,,,,,,,,,,,,,2026-07-02T22:07:42.650Z,2026-07-02T22:07:42.650Z
4783,node/12001086004,node,POINT(-41.6735709 -14.2116563),,,bicycle_parking,wall_loops,7,yes,no,yes,,,,,,,,,,,,,,,,,,,,2026-07-02T22:07:42.650Z,2026-07-02T22:07:42.650Z
4784,node/12011169527,node,POINT(-47.9861748 -21.1330414),,,bicycle_parking,wall_loops,16,yes,no,,,,,,,,,,,,,,,,,,,,,2026-07-02T22:07:42.650Z,2026-07-02T22:07:42.650Z
4785,node/12026593149,node,POINT(-49.2193385 -25.437207),,,bicycle_parking,,10,,,,,,,,,,,,,,,,,,,,,,,2026-07-02T22:07:42.650Z,2026-07-02T22:07:42.650Z
4786,node/12031313260,node,POINT(-49.4185251 -25.4077867),,,bicycle_parking,stands,10,yes,no,no,,,"VLóce Bike, Run & Foods",,,,,,,,,,,,,,,,,2026-07-02T22:07:42.650Z,2026-07-02T22:07:42.650Z
4787,node/12040865405,node,POINT(-49.1765613 -26.7353104),,,bicycle_parking,anchors,4,customers,yes,no,,,Farmácia São João,,,,,,,,,,,,,,,,,2026-07-02T22:07:42.650Z,2026-07-02T22:07:42.650Z
4788,node/12041865928,node,POINT(-45.9601542 -22.9127711),,,bicycle_parking,stands,5,,no,,,,,,,,,,,,,,,,,,,,,2026-07-02T22:07:42.650Z,2026-07-02T22:07:42.650Z
4789,node/12059511244,node,POINT(-49.243443 -16.6759767),,,bicycle_parking,wall_loops,7,yes,no,no,,,Faculdade de Direito,,,,,,,,,,,,,,,,,2026-07-02T22:07:42.650Z,2026-07-02T22:07:42.650Z
4790,node/12060373981,node,POINT(-49.2424677 -16.6783623),,,bicycle_parking,wall_loops,10,permissive,no,no,,,,,,,,,,,,,,,,,,,,2026-07-02T22:07:42.650Z,2026-07-02T22:07:42.650Z
4791,node/12060384456,node,POINT(-49.2760271 -16.7411146),,,bicycle_parking,shed,100,permissive,yes,no,,,,,,,,,,,,,,,,,,,,2026-07-02T22:07:42.650Z,2026-07-02T22:07:42.650Z
4792,node/12060387594,node,POINT(-49.2735769 -16.7072723),,,bicycle_parking,shed,68,permissive,yes,no,,,Goiânia Shopping,,,,,,,,,,,,,,,,,2026-07-02T22:07:42.650Z,2026-07-02T22:07:42.650Z
4793,node/12060392695,node,POINT(-49.235625 -16.7054478),,,bicycle_parking,wall_loops,20,yes,no,no,,,,,,,,,,,,,,,,,,,,2026-07-02T22:07:42.650Z,2026-07-02T22:07:42.650Z
4794,node/12063037120,node,POINT(-46.7259629 -23.5576007),,,bicycle_parking,wall_loops,6,,no,,,,,,,,,,,,,,,,,,,,,2026-07-02T22:07:42.650Z,2026-07-02T22:07:42.650Z
4795,node/12063093348,node,POINT(-46.7274284 -23.5577044),,,bicycle_parking,wall_loops,20,,no,,,,,,,,,,,,,,,,,,,,,2026-07-02T22:07:42.650Z,2026-07-02T22:07:42.650Z
4796,node/12063107643,node,POINT(-46.7267581 -23.5579763),,,bicycle_parking,stands,6,,no,,,,,,,,,,,,,,,,,,,,,2026-07-02T22:07:42.650Z,2026-07-02T22:07:42.650Z
4797,node/12064072200,node,POINT(-49.1707539 -26.7254418),,,bicycle_parking,ground_slots,5,customers,no,no,,,Autoescola Kath,,,,,,,,,,,,,,,,,2026-07-02T22:07:42.650Z,2026-07-02T22:07:42.650Z
4798,node/12064085162,node,POINT(-49.1761046 -26.7407069),,,bicycle_parking,ground_slots,3,customers,no,no,,,,,,,,,,,,,,,,,,,,2026-07-02T22:07:42.650Z,2026-07-02T22:07:42.650Z
4799,node/12066424910,node,POINT(-47.9881589 -15.8109767),,,bicycle_parking,wall_loops,,yes,no,no,,yes,,,,0,,,,,,,,,,,,,,2026-07-02T22:07:42.650Z,2026-07-02T22:07:42.650Z
4800,node/12077322331,node,POINT(-46.6342684 -23.5526308),,,bicycle_parking,stands,5,,no,,,,,,,,,,,,,,,,,,,,,2026-07-02T22:07:42.650Z,2026-07-02T22:07:42.650Z
4801,node/12079486052,node,POINT(-51.1417071 -29.6648456),,,bicycle_parking,,,customers,yes,no,,,,,,,,,,,,,,,,,,,,2026-07-02T22:07:42.660Z,2026-07-02T22:07:42.660Z
4802,node/12086388373,node,POINT(-49.1762051 -26.7408449),,,bicycle_parking,ground_slots,3,customers,no,no,,,,,,,,,,,,,,,,,,,,2026-07-02T22:07:42.660Z,2026-07-02T22:07:42.660Z
4803,node/12091037826,node,POINT(-49.3043736 -25.647983),,,bicycle_parking,stands,20,yes,no,no,,,,,,,,,,,,,,,,,,,,2026-07-02T22:07:42.660Z,2026-07-02T22:07:42.660Z
4804,node/12100669183,node,POINT(-46.7263848 -23.5576649),,,bicycle_parking,wall_loops,6,,no,,,,,,,,,,,,,,,,,,,,,2026-07-02T22:07:42.660Z,2026-07-02T22:07:42.660Z
4805,node/12104480790,node,POINT(-38.4049618 -12.9390744),,,bicycle_parking,stands,6,yes,no,no,,,,,,,,,,,,,,,,,,,,2026-07-02T22:07:42.660Z,2026-07-02T22:07:42.660Z
4806,node/12109400684,node,POINT(-49.1782533 -26.7321109),,,bicycle_parking,ground_slots,5,yes,,no,,,CEIM Professora Dorotéa Hoeft Borchardt,,,,,,,,,,,,,,,,,2026-07-02T22:07:42.660Z,2026-07-02T22:07:42.660Z
4807,node/12117259016,node,POINT(-49.1765934 -26.7397392),,,bicycle_parking,ground_slots,3,yes,yes,no,no,,,,,,,,,,,,,,,,,,,2026-07-02T22:07:42.660Z,2026-07-02T22:07:42.660Z
4808,node/12120261587,node,POINT(-46.636194 -23.5442659),,,bicycle_parking,stands,14,,no,no,,,,,,,,,,,,,,,,,,,,2026-07-02T22:07:42.660Z,2026-07-02T22:07:42.660Z
4809,node/12120261588,node,POINT(-46.6366292 -23.5445521),,,bicycle_parking,stands,20,,no,no,,,,,,,,,,,,,,,,,,,,2026-07-02T22:07:42.660Z,2026-07-02T22:07:42.660Z
4810,node/12128291763,node,POINT(-49.2916108 -25.4425109),,,bicycle_parking,stands,,,,,,,,,,,,,,,,,,,,,,,,2026-07-02T22:07:42.660Z,2026-07-02T22:07:42.660Z
4811,node/12132503802,node,POINT(-46.6903793 -23.5893804),,,bicycle_parking,stands,10,,no,,,,,,,,,,,,,,,,,,,,,2026-07-02T22:07:42.660Z,2026-07-02T22:07:42.660Z
4812,node/12132511855,node,POINT(-46.6863513 -23.5833594),,,bicycle_parking,,,,,,,,,,,,,,,,,,,,,,,,,2026-07-02T22:07:42.660Z,2026-07-02T22:07:42.660Z
4813,node/12136668460,node,POINT(-49.1603985 -26.6992127),,,bicycle_parking,ground_slots,3,customers,no,no,,,,,,,,,,,,,,,,,,,,2026-07-02T22:07:42.660Z,2026-07-02T22:07:42.660Z
4814,node/12141126434,node,POINT(-49.1755396 -26.7369925),,,bicycle_parking,stands,4,yes,no,no,no,,,,,,,,,,,,,,,,,,,2026-07-02T22:07:42.660Z,2026-07-02T22:07:42.660Z
4815,node/12172239444,node,POINT(-43.2108279 -22.7997667),,,bicycle_parking,stands,8,yes,no,no,,,,,,,,,,,,,,,,,,,,2026-07-02T22:07:42.660Z,2026-07-02T22:07:42.660Z
4816,node/12172239455,node,POINT(-43.2106777 -22.7992012),,,bicycle_parking,stands,8,yes,no,no,,,,,,,,,,,,,,,,,,,,2026-07-02T22:07:42.660Z,2026-07-02T22:07:42.660Z
4817,node/12177536727,node,POINT(-50.4533346 -21.186185),,,bicycle_parking,wall_loops,5,yes,no,,,,,,,,,,,,,,,,,,,,,2026-07-02T22:07:42.660Z,2026-07-02T22:07:42.660Z
4818,node/12182061129,node,POINT(-37.0491566 -10.9138574),,,bicycle_parking,stands,4,yes,no,no,,,,,,,,,,,,,,,,,,,,2026-07-02T22:07:42.660Z,2026-07-02T22:07:42.660Z
4819,node/12184898291,node,POINT(-38.4485588 -12.9846196),,,bicycle_parking,stands,12,,,,,,,,,,,,,,,,,,,,,,,2026-07-02T22:07:42.660Z,2026-07-02T22:07:42.660Z
4820,node/12188423509,node,POINT(-47.3780851 -22.1707676),,,bicycle_parking,wall_loops,11,yes,,no,,,,,,,,,,,,,,,,,,,,2026-07-02T22:07:42.660Z,2026-07-02T22:07:42.660Z
4821,node/12193706486,node,POINT(-49.1778343 -26.7399547),,,bicycle_parking,ground_slots,1,customers,,no,,,Testo Notícias,,,,,,,,,,,,,,,,,2026-07-02T22:07:42.660Z,2026-07-02T22:07:42.660Z
4822,node/12195586659,node,POINT(-38.5176686 -3.7510452),,,bicycle_parking,,,,,,,,,,,,,,,,,,,,,,,,,2026-07-02T22:07:42.660Z,2026-07-02T22:07:42.660Z
4823,node/12195586667,node,POINT(-38.518607 -3.7529978),,,bicycle_parking,,,,,,,,,,,,,,,,,,,,,,,,,2026-07-02T22:07:42.660Z,2026-07-02T22:07:42.660Z
4824,node/12195586687,node,POINT(-38.5206385 -3.751328),,,bicycle_parking,,,,,,,,,,,,,,,,,,,,,,,,,2026-07-02T22:07:42.660Z,2026-07-02T22:07:42.660Z
4825,node/12196810606,node,POINT(-49.1677988 -26.7164083),,,bicycle_parking,ground_slots,4,yes,,no,,,Hospital e Maternidade Rio do Testo,,,,,,,,,,,,,,,,,2026-07-02T22:07:42.660Z,2026-07-02T22:07:42.660Z
4826,node/12197236455,node,POINT(-47.5633599 -22.4088046),,,bicycle_parking,stands,,,,,,,,,,,,,,,,,,,,,,,,2026-07-02T22:07:42.660Z,2026-07-02T22:07:42.660Z
4827,node/12197675849,node,POINT(-46.6654168 -23.6010887),,,bicycle_parking,,,,no,no,,,Smart Fit,,,,,,,,,,,,,,,,,2026-07-02T22:07:42.660Z,2026-07-02T22:07:42.660Z
4828,node/12197768759,node,POINT(-46.7145825 -23.5647071),,,bicycle_parking,wall_loops,,,no,,,,,,,,,,,,,,,,,,,,,2026-07-02T22:07:42.660Z,2026-07-02T22:07:42.660Z
4829,node/12214321622,node,POINT(-43.0929857 -22.9535616),,,bicycle_parking,stands,6,yes,no,no,,,,,,,,,,,,,,,,,,,,2026-07-02T22:07:42.660Z,2026-07-02T22:07:42.660Z
4830,node/12214321710,node,POINT(-43.0860291 -22.9542777),,,bicycle_parking,mac,20,yes,no,no,,,,,,,,,,,,,,,,,,,,2026-07-02T22:07:42.660Z,2026-07-02T22:07:42.660Z
4831,node/12215665153,node,POINT(-43.0730497 -22.9559338),,,bicycle_parking,stands,12,yes,no,no,,,,,,,,,,,,,,,,,,,,2026-07-02T22:07:42.660Z,2026-07-02T22:07:42.660Z
4832,node/12216947291,node,POINT(-46.6706787 -23.5543443),,,bicycle_parking,,,,,,,,,,,,,,,,,,,,,,,,,2026-07-02T22:07:42.660Z,2026-07-02T22:07:42.660Z
4833,node/12228190914,node,POINT(-46.6607293 -23.557844),,,bicycle_parking,stands,4,,no,,,,,,,,,,,,,,,,,,,,,2026-07-02T22:07:42.660Z,2026-07-02T22:07:42.660Z
4834,node/12258147073,node,POINT(-43.3156177 -22.2197774),,,bicycle_parking,stands,20,yes,no,no,,,,,,,,,,,,,,,,,,,,2026-07-02T22:07:42.660Z,2026-07-02T22:07:42.660Z
4835,node/12282353275,node,POINT(-46.7110839 -23.6289735),,,bicycle_parking,stands,,yes,no,no,,,,,,,,,,,,,,,,,,,,2026-07-02T22:07:42.660Z,2026-07-02T22:07:42.660Z
4836,node/12294504125,node,POINT(-46.6024355 -23.4576267),,,bicycle_parking,,2,customers,,yes,,,,,,,,,,,,,,,,,,,,2026-07-02T22:07:42.660Z,2026-07-02T22:07:42.660Z
4837,node/12307812285,node,POINT(-43.1837851 -22.9330996),,,bicycle_parking,stands,20,,no,,,,,,,,,,,,,,,,,,,,,2026-07-02T22:07:42.660Z,2026-07-02T22:07:42.660Z
4838,node/12307821060,node,POINT(-43.1902263 -22.9380572),,,bicycle_parking,stands,8,,no,,,,,,,,,,,,,,,,,,,,,2026-07-02T22:07:42.660Z,2026-07-02T22:07:42.660Z
4839,node/12309420825,node,POINT(-49.1739243 -26.7479805),,,bicycle_parking,ground_slots,5,customers,,no,,,Dárien Bike Shop,,,,,,,,,,,,,,,,,2026-07-02T22:07:42.660Z,2026-07-02T22:07:42.660Z
4840,node/12309420836,node,POINT(-49.1736165 -26.7497906),,,bicycle_parking,ground_slots,2,yes,no,no,,,,,,,,,,,,,,,,,,,,2026-07-02T22:07:42.660Z,2026-07-02T22:07:42.660Z
4841,node/12310362573,node,POINT(-49.2880324 -25.4046073),,,bicycle_parking,,12,,,,,,,,,,,,,,,,,,,,,,,2026-07-02T22:07:42.660Z,2026-07-02T22:07:42.660Z
4842,node/12324242559,node,POINT(-42.8200485 -22.9158581),,,bicycle_parking,wall_loops,5,,no,,,,,,,,,,,,,,,,,,,,,2026-07-02T22:07:42.660Z,2026-07-02T22:07:42.660Z
4843,node/12324284419,node,POINT(-42.8192267 -22.916112),,,bicycle_parking,,,,,,,,,,,,,,,,,,,,,,,,,2026-07-02T22:07:42.660Z,2026-07-02T22:07:42.660Z
4844,node/12324336985,node,POINT(-42.8205018 -22.9143386),,,bicycle_parking,,,,,,,,,,,,,,,,,,,,,,,,,2026-07-02T22:07:42.660Z,2026-07-02T22:07:42.660Z
4845,node/12329190731,node,POINT(-43.2084716 -22.8981638),,,bicycle_parking,stands,4,,no,,,,,,,,,,,,,,,,,,,,,2026-07-02T22:07:42.660Z,2026-07-02T22:07:42.660Z
4846,node/12336933410,node,POINT(-46.8571922 -23.5175033),,,bicycle_parking,stands,,,yes,,,,,,,0,,,,,,,,,,,,,,2026-07-02T22:07:42.660Z,2026-07-02T22:07:42.660Z
4847,node/12351363251,node,POINT(-52.0943395 -32.0404588),,,bicycle_parking,,,,,,,,,,,,,,,,,,,,,,,,,2026-07-02T22:07:42.660Z,2026-07-02T22:07:42.660Z
4848,node/12358383724,node,POINT(-43.6647877 -22.9407087),,,bicycle_parking,stands,26,yes,no,no,,,,,,,,,,,,,,,,,,,,2026-07-02T22:07:42.660Z,2026-07-02T22:07:42.660Z
4849,node/12358395940,node,POINT(-43.6772667 -22.9279396),,,bicycle_parking,stands,4,yes,no,no,,,,,,,,,,,,,,,,,,,,2026-07-02T22:07:42.660Z,2026-07-02T22:07:42.660Z
4850,node/12358395941,node,POINT(-43.6776576 -22.9276424),,,bicycle_parking,stands,6,yes,no,no,,,,,,,,,,,,,,,,,,,,2026-07-02T22:07:42.660Z,2026-07-02T22:07:42.660Z
4851,node/12372350618,node,POINT(-39.1169917 -12.6829987),,,bicycle_parking,,,private,no,no,,yes,,,,,,,,,,,,,,survey,,,,2026-07-02T22:07:42.660Z,2026-07-02T22:07:42.660Z
4852,node/12372701253,node,POINT(-49.1736426 -26.7476523),,,bicycle_parking,ground_slots,3,yes,no,no,,,,,,,,,,,,,,,,,,,,2026-07-02T22:07:42.660Z,2026-07-02T22:07:42.660Z
4853,node/12372701254,node,POINT(-49.1736627 -26.7480852),,,bicycle_parking,ground_slots,3,yes,no,no,,,,,,,,,,,,,,,,,,,,2026-07-02T22:07:42.660Z,2026-07-02T22:07:42.660Z
4854,node/12372701255,node,POINT(-49.1736711 -26.7482915),,,bicycle_parking,ground_slots,4,yes,no,no,,,,,,,,,,,,,,,,,,,,2026-07-02T22:07:42.660Z,2026-07-02T22:07:42.660Z
4855,node/12373713812,node,POINT(-43.6155564 -22.9159454),,,bicycle_parking,anchors,4,yes,no,no,,,,,,,,,,,,,,,,,,,,2026-07-02T22:07:42.660Z,2026-07-02T22:07:42.660Z
4856,node/12373811474,node,POINT(-43.6017192 -22.9143338),,,bicycle_parking,anchors,6,yes,no,no,,,,,,,,,,,,,,,,,,,,2026-07-02T22:07:42.660Z,2026-07-02T22:07:42.660Z
4857,node/12373837093,node,POINT(-43.5952587 -22.9131356),,,bicycle_parking,anchors,6,yes,no,no,,,,,,,,,,,,,,,,,,,,2026-07-02T22:07:42.660Z,2026-07-02T22:07:42.660Z
4858,node/12383506079,node,POINT(-34.862462 -7.1271897),,,bicycle_parking,stands,8,unknown,no,no,,,,,,,,,,,,,,,,,,,,2026-07-02T22:07:42.660Z,2026-07-02T22:07:42.660Z
4859,node/12384542308,node,POINT(-38.5710003 -3.759287),,,bicycle_parking,wall_loops,30,,no,,,,,,,,,,,,,,,,,,,,,2026-07-02T22:07:42.660Z,2026-07-02T22:07:42.660Z
4860,node/12386742637,node,POINT(-43.1755039 -22.929613),,,bicycle_parking,shed,10,private,yes,no,,,,,,,,,,,,,,,,,,,,2026-07-02T22:07:42.660Z,2026-07-02T22:07:42.660Z
4861,node/12388864523,node,POINT(-51.0142358 -26.7711457),,,bicycle_parking,stands,4,,yes,,,,,,,,,,,,,,,,,,,,,2026-07-02T22:07:42.660Z,2026-07-02T22:07:42.660Z
4862,node/12391680008,node,POINT(-49.6478948 -27.2311393),,,bicycle_parking,safe_loops,,yes,yes,no,,,,,,,,,,,,,,,,,,,,2026-07-02T22:07:42.660Z,2026-07-02T22:07:42.660Z
4863,node/12393909276,node,POINT(-43.1741501 -22.9118742),,,bicycle_parking,stands,6,,no,,,,,,,,,,,,,,,,,,,,,2026-07-02T22:07:42.660Z,2026-07-02T22:07:42.660Z
4864,node/12397737693,node,POINT(-38.6095076 -3.7908084),,,bicycle_parking,,,,,,,,,,,,,,,,,,,,,,,,,2026-07-02T22:07:42.660Z,2026-07-02T22:07:42.660Z
4865,node/12398693232,node,POINT(-48.494058 -1.4530208),,,bicycle_parking,,,,,,,,,,,,,,,,,,,,,,,,,2026-07-02T22:07:42.660Z,2026-07-02T22:07:42.660Z
4866,node/12399992078,node,POINT(-48.4649655 -1.4327509),,,bicycle_parking,wall_loops,,,no,no,,,,,,,,,,,,,,,,,,,,2026-07-02T22:07:42.660Z,2026-07-02T22:07:42.660Z
4867,node/12399992080,node,POINT(-48.4647041 -1.4329317),,,bicycle_parking,wall_loops,,,no,no,,,,,,,,,,,,,,,,,,,,2026-07-02T22:07:42.660Z,2026-07-02T22:07:42.660Z
4868,node/12400415446,node,POINT(-48.4559395 -1.4265334),,,bicycle_parking,,,,,,,,,,,,,,,,,,,,,,,,,2026-07-02T22:07:42.660Z,2026-07-02T22:07:42.660Z
4869,node/12400613151,node,POINT(-48.4813366 -1.4582443),,,bicycle_parking,wall_loops,,,no,no,,,,,,,,,,,,,,,,,,,,2026-07-02T22:07:42.660Z,2026-07-02T22:07:42.660Z
4870,node/12401135862,node,POINT(-43.2007661 -22.9869042),,,bicycle_parking,stands,,,,,,,,,,,,,,,,,,,,,,,,2026-07-02T22:07:42.660Z,2026-07-02T22:07:42.660Z
4871,node/12401135863,node,POINT(-43.1998636 -22.9869647),,,bicycle_parking,,,,,,,,,,,,,,,,,,,,,,,,,2026-07-02T22:07:42.660Z,2026-07-02T22:07:42.660Z
4872,node/12401135864,node,POINT(-43.2000768 -22.9869662),,,bicycle_parking,stands,,,,,,,,,,,,,,,,,,,,,,,,2026-07-02T22:07:42.660Z,2026-07-02T22:07:42.660Z
4873,node/12401135865,node,POINT(-43.201062 -22.9868989),,,bicycle_parking,,,,,,,,,,,,,,,,,,,,,,,,,2026-07-02T22:07:42.660Z,2026-07-02T22:07:42.660Z
4874,node/12401135866,node,POINT(-43.2012746 -22.9868947),,,bicycle_parking,stands,,,,,,,,,,,,,,,,,,,,,,,,2026-07-02T22:07:42.660Z,2026-07-02T22:07:42.660Z
4875,node/12401135867,node,POINT(-43.2017118 -22.9868536),,,bicycle_parking,stands,,,no,,,,,,,,,,,,,,,,,,,,,2026-07-02T22:07:42.660Z,2026-07-02T22:07:42.660Z
4876,node/12401135869,node,POINT(-43.2031664 -22.9867766),,,bicycle_parking,stands,,,no,,,,,,,,,,,,,,,,,,,,,2026-07-02T22:07:42.660Z,2026-07-02T22:07:42.660Z
4877,node/12401135870,node,POINT(-43.2035983 -22.9867556),,,bicycle_parking,stands,,,,,,,,,,,,,,,,,,,,,,,,2026-07-02T22:07:42.660Z,2026-07-02T22:07:42.660Z
4878,node/12401135871,node,POINT(-43.2039346 -22.9867352),,,bicycle_parking,stands,,,,,,,,,,,,,,,,,,,,,,,,2026-07-02T22:07:42.660Z,2026-07-02T22:07:42.660Z
4879,node/12401135875,node,POINT(-43.2082065 -22.9865282),,,bicycle_parking,,,,,,,,,,,,,,,,,,,,,,,,,2026-07-02T22:07:42.660Z,2026-07-02T22:07:42.660Z
4880,node/12401135881,node,POINT(-43.2135066 -22.9862472),,,bicycle_parking,,,,,,,,,,,,,,,,,,,,,,,,,2026-07-02T22:07:42.660Z,2026-07-02T22:07:42.660Z
4881,node/12401135885,node,POINT(-43.2173133 -22.9866046),,,bicycle_parking,,,,,,,,,,,,,,,,,,,,,,,,,2026-07-02T22:07:42.660Z,2026-07-02T22:07:42.660Z
4882,node/12401135886,node,POINT(-43.2165183 -22.9865148),,,bicycle_parking,,,,,,,,,,,,,,,,,,,,,,,,,2026-07-02T22:07:42.660Z,2026-07-02T22:07:42.660Z
4883,node/12401921363,node,POINT(-48.4573755 -1.428791),,,bicycle_parking,stands,24,yes,no,no,,,,,,,,,,,,,,,,,,,,2026-07-02T22:07:42.660Z,2026-07-02T22:07:42.660Z
4884,node/12401921364,node,POINT(-48.4566395 -1.4276626),,,bicycle_parking,stands,24,yes,no,no,,,,,,,,,,,,,,,,,,,,2026-07-02T22:07:42.660Z,2026-07-02T22:07:42.660Z
4885,node/12402750978,node,POINT(-46.7319894 -23.5621426),,,bicycle_parking,,,,,,,,,,,,,,,,,,,,,,,,,2026-07-02T22:07:42.660Z,2026-07-02T22:07:42.660Z
4886,node/12402750988,node,POINT(-46.73257 -23.5609228),,,bicycle_parking,,,,,,,,,,,,,,,,,,,,,,,,,2026-07-02T22:07:42.660Z,2026-07-02T22:07:42.660Z
4887,node/12402758134,node,POINT(-49.1766246 -26.7377657),,,bicycle_parking,wall_loops,3,,no,,,,,,,,,,,,,,,,,,,,,2026-07-02T22:07:42.660Z,2026-07-02T22:07:42.660Z
4888,node/12405603271,node,POINT(-38.4146756 -12.9735698),,,bicycle_parking,stands,18,,no,no,,,,,,,,,,,,,,,,,,,,2026-07-02T22:07:42.660Z,2026-07-02T22:07:42.660Z
4889,node/12405603272,node,POINT(-38.4147043 -12.9732881),,,bicycle_parking,stands,18,,no,no,,,,,,,,,,,,,,,,,,,,2026-07-02T22:07:42.660Z,2026-07-02T22:07:42.660Z
4890,node/12405603273,node,POINT(-38.4113577 -12.9713723),,,bicycle_parking,stands,18,,no,no,,,,,,,,,,,,,,,,,,,,2026-07-02T22:07:42.660Z,2026-07-02T22:07:42.660Z
4891,node/12405603274,node,POINT(-38.4085768 -12.9695883),,,bicycle_parking,stands,18,,no,no,,,,,,,,,,,,,,,,,,,,2026-07-02T22:07:42.660Z,2026-07-02T22:07:42.660Z
4892,node/12405603277,node,POINT(-38.4073337 -12.9687872),,,bicycle_parking,stands,20,,no,no,,,,,,,,,,,,,,,,,,,,2026-07-02T22:07:42.660Z,2026-07-02T22:07:42.660Z
4893,node/12405603278,node,POINT(-38.4061725 -12.9679144),,,bicycle_parking,stands,10,,no,no,,,,,,,,,,,,,,,,,,,,2026-07-02T22:07:42.660Z,2026-07-02T22:07:42.660Z
4894,node/12410542208,node,POINT(-43.2146003 -22.9863078),,,bicycle_parking,,,,,,,,,,,,,,,,,,,,,,,,,2026-07-02T22:07:42.660Z,2026-07-02T22:07:42.660Z
4895,node/12412856301,node,POINT(-48.5652761 -1.2620915),,,bicycle_parking,,,,,,,,,,,,,,,,,,,,,,,,,2026-07-02T22:07:42.660Z,2026-07-02T22:07:42.660Z
4896,node/12416076748,node,POINT(-46.4611177 -23.4839769),,,bicycle_parking,,,,,,,,,,,,,,,,,,,,,,,,,2026-07-02T22:07:42.660Z,2026-07-02T22:07:42.660Z
4897,node/12421745417,node,POINT(-43.2061289 -22.9866365),,,bicycle_parking,,,,,,,,,,,,,,,,,,,,,,,,,2026-07-02T22:07:42.660Z,2026-07-02T22:07:42.660Z
4898,node/12421745647,node,POINT(-43.1975018 -22.9872165),,,bicycle_parking,,,,,,,,,,,,,,,,,,,,,,,,,2026-07-02T22:07:42.660Z,2026-07-02T22:07:42.660Z
4899,node/12422868969,node,POINT(-38.4751489 -3.716368),,,bicycle_parking,,,,,,,,,,,,,,,,,,,,,,,,,2026-07-02T22:07:42.660Z,2026-07-02T22:07:42.660Z
4900,node/12425955346,node,POINT(-43.0199454 -22.8566996),,,bicycle_parking,wall_loops,,,no,,,,,,,,,,,,,,,,,,,,,2026-07-02T22:07:42.660Z,2026-07-02T22:07:42.660Z
4901,node/12425955369,node,POINT(-42.8908715 -22.9328175),,,bicycle_parking,wall_loops,10,,yes,,,,,,,,,,,,,,,,,,,,,2026-07-02T22:07:42.671Z,2026-07-02T22:07:42.671Z
4902,node/12425955370,node,POINT(-42.9003217 -22.9350677),,,bicycle_parking,wall_loops,8,,no,,,,,,,,,,,,,,,,,,,,,2026-07-02T22:07:42.671Z,2026-07-02T22:07:42.671Z
4903,node/12425955371,node,POINT(-42.9331895 -22.9123289),,,bicycle_parking,wall_loops,,,no,,,,,,,,,,,,,,,,,,,,,2026-07-02T22:07:42.671Z,2026-07-02T22:07:42.671Z
4904,node/12425966896,node,POINT(-42.8347797 -22.9086175),,,bicycle_parking,,,,,,,,,,,,,,,,,,,,,,,,,2026-07-02T22:07:42.671Z,2026-07-02T22:07:42.671Z
4905,node/12425994280,node,POINT(-42.8634051 -22.9245588),,,bicycle_parking,wall_loops,10,,no,,,,,,,,,,,,,,,,,,,,,2026-07-02T22:07:42.671Z,2026-07-02T22:07:42.671Z
4906,node/12426008250,node,POINT(-42.8197469 -22.9142786),,,bicycle_parking,wall_loops,,,no,,,,,,,,,,,,,,,,,,,,,2026-07-02T22:07:42.671Z,2026-07-02T22:07:42.671Z
4907,node/12426008251,node,POINT(-42.8744231 -22.9302996),,,bicycle_parking,wall_loops,10,,no,,,,,,,,,,,,,,,,,,,,,2026-07-02T22:07:42.671Z,2026-07-02T22:07:42.671Z
4908,node/12426030164,node,POINT(-42.8270045 -22.9079968),,,bicycle_parking,wall_loops,10,,no,,,,,,,,,,,,,,,,,,,,,2026-07-02T22:07:42.671Z,2026-07-02T22:07:42.671Z
4909,node/12426030165,node,POINT(-42.8196459 -22.9180914),,,bicycle_parking,wall_loops,,,no,,,,,,,,,,,,,,,,,,,,,2026-07-02T22:07:42.671Z,2026-07-02T22:07:42.671Z
4910,node/12426036207,node,POINT(-42.9361627 -22.9051282),,,bicycle_parking,wall_loops,,,no,,,,,,,,,,,,,,,,,,,,,2026-07-02T22:07:42.671Z,2026-07-02T22:07:42.671Z
4911,node/12426041245,node,POINT(-42.8189163 -22.9166161),,,bicycle_parking,wall_loops,,,no,,,,,,,,,,,,,,,,,,,,,2026-07-02T22:07:42.671Z,2026-07-02T22:07:42.671Z
4912,node/12426041246,node,POINT(-42.9281035 -22.9203787),,,bicycle_parking,wall_loops,8,,no,,,,,,,,,,,,,,,,,,,,,2026-07-02T22:07:42.671Z,2026-07-02T22:07:42.671Z
4913,node/12426045141,node,POINT(-42.8788695 -22.9314096),,,bicycle_parking,wall_loops,10,,yes,,,,,,,,,,,,,,,,,,,,,2026-07-02T22:07:42.671Z,2026-07-02T22:07:42.671Z
4914,node/12426045219,node,POINT(-42.9242256 -22.927341),,,bicycle_parking,,,,,,,,,,,,,,,,,,,,,,,,,2026-07-02T22:07:42.671Z,2026-07-02T22:07:42.671Z
4915,node/12426139549,node,POINT(-42.9309631 -22.916098),,,bicycle_parking,,,,no,,,,,,,,,,,,,,,,,,,,,2026-07-02T22:07:42.671Z,2026-07-02T22:07:42.671Z
4916,node/12427880595,node,POINT(-49.2775358 -25.4390838),,,bicycle_parking,,4,,,,,,,,,,,,,,,,,,,,,,,2026-07-02T22:07:42.671Z,2026-07-02T22:07:42.671Z
4917,node/12427880596,node,POINT(-49.2738994 -25.4262065),,,bicycle_parking,,6,,,,,,,,,,,,,,,,,,,,,,,2026-07-02T22:07:42.671Z,2026-07-02T22:07:42.671Z
4918,node/12427880597,node,POINT(-49.272938 -25.4324944),,,bicycle_parking,,8,,,,,,,,,,,,,,,,,,,,,,,2026-07-02T22:07:42.671Z,2026-07-02T22:07:42.671Z
4919,node/12433995998,node,POINT(-35.2349167 -5.8200617),,,bicycle_parking,,,,,,,,,,,,,,,,,,,,,,,,,2026-07-02T22:07:42.671Z,2026-07-02T22:07:42.671Z
4920,node/12434723782,node,POINT(-49.1782543 -26.7530441),,,bicycle_parking,ground_slots,2,customers,no,no,,,,,,,,,,,,,,,,,,,,2026-07-02T22:07:42.671Z,2026-07-02T22:07:42.671Z
4921,node/12434723793,node,POINT(-49.1793349 -26.7528079),,,bicycle_parking,ground_slots,,customers,no,no,,,,,,,,,,,,,,,,,,,,2026-07-02T22:07:42.671Z,2026-07-02T22:07:42.671Z
4922,node/12441580158,node,POINT(-46.3442708 -23.9639192),,,bicycle_parking,stands,5,,no,,,,,,,,,,,,,,,,,,,,,2026-07-02T22:07:42.671Z,2026-07-02T22:07:42.671Z
4923,node/12441821153,node,POINT(-46.3437236 -23.9640737),,,bicycle_parking,building,,private,yes,,,,,,,,,,,,,,,,,,,,,2026-07-02T22:07:42.671Z,2026-07-02T22:07:42.671Z
4924,node/12442545568,node,POINT(-46.6906583 -23.5647512),,,bicycle_parking,stands,4,,no,,,,,,,,,,,,,,,,,,,,,2026-07-02T22:07:42.671Z,2026-07-02T22:07:42.671Z
4925,node/12451581950,node,POINT(-49.1741147 -26.7328235),,,bicycle_parking,ground_slots,6,,no,,,,,,,,,,,,,,,,,,,,,2026-07-02T22:07:42.671Z,2026-07-02T22:07:42.671Z
4926,node/12452927705,node,POINT(-54.6134207 -20.5029798),,,bicycle_parking,wall_loops,,,,,,,,,,,,,,,,,,,,,,,,2026-07-02T22:07:42.671Z,2026-07-02T22:07:42.671Z
4927,node/12452927706,node,POINT(-54.6121681 -20.502868),,,bicycle_parking,wall_loops,,,,,,,,,,,,,,,,,,,,,,,,2026-07-02T22:07:42.671Z,2026-07-02T22:07:42.671Z
4928,node/12457192447,node,POINT(-43.2152594 -22.9618784),,,bicycle_parking,stands,4,,no,,,,,,,,,,,,,,,,,,,,,2026-07-02T22:07:42.671Z,2026-07-02T22:07:42.671Z
4929,node/12463991483,node,POINT(-49.3143009 -25.4319383),,,bicycle_parking,,8,yes,,no,,,,,,,,,,,,,,,,,,,,2026-07-02T22:07:42.671Z,2026-07-02T22:07:42.671Z
4930,node/12463991484,node,POINT(-49.3149403 -25.4339579),,,bicycle_parking,,8,yes,,no,,,,,,,,,,,,,,,,,,,,2026-07-02T22:07:42.671Z,2026-07-02T22:07:42.671Z
4931,node/12463991485,node,POINT(-49.3150373 -25.4354349),,,bicycle_parking,,4,yes,,no,,,,,,,,,,,,,,,,,,,,2026-07-02T22:07:42.671Z,2026-07-02T22:07:42.671Z
4932,node/12463991487,node,POINT(-49.3139989 -25.4338434),,,bicycle_parking,,6,yes,,no,,,,,,,,,,,,,,,,,,,,2026-07-02T22:07:42.671Z,2026-07-02T22:07:42.671Z
4933,node/12466088989,node,POINT(-40.4709648 -20.390863),,,bicycle_parking,wall_loops,3,,,,,,,,,,,,,,,,,,,,,,,2026-07-02T22:07:42.671Z,2026-07-02T22:07:42.671Z
4934,node/12466088990,node,POINT(-40.4709913 -20.3908616),,,bicycle_parking,wall_loops,3,,,,,,,,,,,,,,,,,,,,,,,2026-07-02T22:07:42.671Z,2026-07-02T22:07:42.671Z
4935,node/12466088991,node,POINT(-40.4710147 -20.3908538),,,bicycle_parking,wall_loops,3,,,,,,,,,,,,,,,,,,,,,,,2026-07-02T22:07:42.671Z,2026-07-02T22:07:42.671Z
4936,node/12466125037,node,POINT(-49.0612245 -26.9221931),,,bicycle_parking,ground_slots,5,yes,no,no,,,,,,,,,,,,,,,,,,,,2026-07-02T22:07:42.671Z,2026-07-02T22:07:42.671Z
4937,node/12467524813,node,POINT(-47.8572566 -15.7656756),,,bicycle_parking,,,,,,,,,,,,,,,,,,,,,,,,,2026-07-02T22:07:42.671Z,2026-07-02T22:07:42.671Z
4938,node/12467685177,node,POINT(-47.8606964 -15.7633836),,,bicycle_parking,,,,,,,,,,,,,,,,,,,,,,,,,2026-07-02T22:07:42.671Z,2026-07-02T22:07:42.671Z
4939,node/12467685182,node,POINT(-47.8689439 -15.7647313),,,bicycle_parking,,,,,,,,,,,,,,,,,,,,,,,,,2026-07-02T22:07:42.671Z,2026-07-02T22:07:42.671Z
4940,node/12467685183,node,POINT(-47.8578115 -15.765196),,,bicycle_parking,,,,,,,,,,,,,,,,,,,,,,,,,2026-07-02T22:07:42.671Z,2026-07-02T22:07:42.671Z
4941,node/12475088534,node,POINT(-49.177388 -26.736102),,,bicycle_parking,wall_loops,2,yes,no,no,,,,,,,,,,,,,,,,,,,,2026-07-02T22:07:42.671Z,2026-07-02T22:07:42.671Z
4942,node/12476993570,node,POINT(-48.9609731 -1.0126476),,,bicycle_parking,,,,,,,,,,,,,,,,,,,,,,,,,2026-07-02T22:07:42.671Z,2026-07-02T22:07:42.671Z
4943,node/12479197177,node,POINT(-46.5574582 -23.6328773),,,bicycle_parking,wall_loops,,,no,no,,,,,,,,,,,,,,,,,,,,2026-07-02T22:07:42.671Z,2026-07-02T22:07:42.671Z
4944,node/12479197178,node,POINT(-46.5577599 -23.6335592),,,bicycle_parking,wall_loops,,,no,no,,,,,,,,,,,,,,,,,,,,2026-07-02T22:07:42.671Z,2026-07-02T22:07:42.671Z
4945,node/12479451348,node,POINT(-46.6444372 -23.5065768),,,bicycle_parking,stands,2,,no,,,,,,,,,,,,,,,,,,,,,2026-07-02T22:07:42.671Z,2026-07-02T22:07:42.671Z
4946,node/12487024229,node,POINT(-46.6585466 -23.5626812),,,bicycle_parking,,,,,,,,,,,,,,,,,,,,,,,,,2026-07-02T22:07:42.671Z,2026-07-02T22:07:42.671Z
4947,node/12492871430,node,POINT(-43.2177013 -22.9737127),,,bicycle_parking,stands,3,,no,,,,,,,,,,,,,,,,,,,,,2026-07-02T22:07:42.671Z,2026-07-02T22:07:42.671Z
4948,node/12500512047,node,POINT(-38.5862777 -3.7063644),,,bicycle_parking,stands,6,yes,no,no,,,,,,,,,,,,,,,,,,,,2026-07-02T22:07:42.671Z,2026-07-02T22:07:42.671Z
4949,node/12500909936,node,POINT(-49.2928542 -25.4300697),,,bicycle_parking,stands,,yes,no,no,,,,,,,,,,,,,,,,,,,,2026-07-02T22:07:42.671Z,2026-07-02T22:07:42.671Z
4950,node/12502233752,node,POINT(-48.0644576 -15.8798654),CASA mix,,bicycle_parking,,,,,,,,,,,,,,,,,,,,,,,,,2026-07-02T22:07:42.671Z,2026-07-02T22:07:42.671Z
4951,node/12516648560,node,POINT(-46.726954 -23.579465),,,bicycle_parking,,,,,,,,,,,,,,,,,,,,,,,,,2026-07-02T22:07:42.671Z,2026-07-02T22:07:42.671Z
4952,node/12516704934,node,POINT(-49.3017026 -25.4158258),,,bicycle_parking,,6,,,,,,,,,,,,,,,,,,,,,,,2026-07-02T22:07:42.671Z,2026-07-02T22:07:42.671Z
4953,node/12519503140,node,POINT(-38.4714052 -12.994577),,,bicycle_parking,stands,12,yes,no,no,,,,,,,,,,,,,,,,,,,,2026-07-02T22:07:42.671Z,2026-07-02T22:07:42.671Z
4954,node/12542338193,node,POINT(-34.8801458 -8.0593432),,,bicycle_parking,stands,10,yes,,no,,,Ameciclo,,,,,,,,,,,,,,,,,2026-07-02T22:07:42.671Z,2026-07-02T22:07:42.671Z
4955,node/12543341201,node,POINT(-43.0482969 -22.9438063),,,bicycle_parking,stands,10,yes,no,no,,,,,,,,,,,,,,,,,,,,2026-07-02T22:07:42.671Z,2026-07-02T22:07:42.671Z
4956,node/12543341216,node,POINT(-43.0478809 -22.9442263),,,bicycle_parking,wall_loops,10,yes,no,no,,,,,,,,,,,,,,,,,,,,2026-07-02T22:07:42.671Z,2026-07-02T22:07:42.671Z
4957,node/12564207401,node,POINT(-52.5372067 -25.8554486),,,bicycle_parking,wall_loops,,,,,,,,,,,,,,,,,,,,,,,,2026-07-02T22:07:42.671Z,2026-07-02T22:07:42.671Z
4958,node/12566497046,node,POINT(-38.5116079 -3.720165),,,bicycle_parking,,,,,,,,,,,,,,,,,,,,,,,,,2026-07-02T22:07:42.671Z,2026-07-02T22:07:42.671Z
4959,node/12575253157,node,POINT(-49.273502 -25.4308352),,,bicycle_parking,,6,yes,no,no,,,,,,,,,,,,,,,,,,,,2026-07-02T22:07:42.671Z,2026-07-02T22:07:42.671Z
4960,node/12578510527,node,POINT(-43.1092454 -22.9027891),,,bicycle_parking,stands,4,yes,no,no,,,,,,,,,,,,,,,,,,,,2026-07-02T22:07:42.671Z,2026-07-02T22:07:42.671Z
4961,node/12578510528,node,POINT(-43.1092978 -22.9026177),,,bicycle_parking,stands,4,yes,no,no,,,,,,,,,,,,,,,,,,,,2026-07-02T22:07:42.671Z,2026-07-02T22:07:42.671Z
4962,node/12578871601,node,POINT(-41.791063 -22.3978438),,,bicycle_parking,wall_loops,10,,no,,,,,,,,,,,,,,,,,,,,,2026-07-02T22:07:42.671Z,2026-07-02T22:07:42.671Z
4963,node/12578924367,node,POINT(-41.8060001 -22.3905115),,,bicycle_parking,,,,no,,,,,,,,,,,,,,,,,,,,,2026-07-02T22:07:42.671Z,2026-07-02T22:07:42.671Z
4964,node/12579082690,node,POINT(-41.7836263 -22.3907808),,,bicycle_parking,wall_loops,3,,no,,,,,,,,,,,,,,,,,,,,,2026-07-02T22:07:42.671Z,2026-07-02T22:07:42.671Z
4965,node/12579126985,node,POINT(-41.7836781 -22.3908273),,,bicycle_parking,stands,4,,no,,,,,,,,,,,,,,,,,,,,,2026-07-02T22:07:42.671Z,2026-07-02T22:07:42.671Z
4966,node/12579130069,node,POINT(-41.7843935 -22.3915238),,,bicycle_parking,stands,2,,no,,,,,,,,,,,,,,,,,,,,,2026-07-02T22:07:42.671Z,2026-07-02T22:07:42.671Z
4967,node/12579307876,node,POINT(-41.7839906 -22.3942785),,,bicycle_parking,wall_loops,6,,no,,,,,,,,,,,,,,,,,,,,,2026-07-02T22:07:42.671Z,2026-07-02T22:07:42.671Z
4968,node/12579386642,node,POINT(-41.7958423 -22.3706764),,,bicycle_parking,,,,no,,,,,,,,,,,,,,,,,,,,,2026-07-02T22:07:42.671Z,2026-07-02T22:07:42.671Z
4969,node/12579478363,node,POINT(-41.7826809 -22.3706881),,,bicycle_parking,stands,2,,no,,,,,,,,,,,,,,,,,,,,,2026-07-02T22:07:42.671Z,2026-07-02T22:07:42.671Z
4970,node/12579485829,node,POINT(-41.7808965 -22.3799949),,,bicycle_parking,stands,4,,no,,,,,,,,,,,,,,,,,,,,,2026-07-02T22:07:42.671Z,2026-07-02T22:07:42.671Z
4971,node/12579486063,node,POINT(-41.7852369 -22.3698828),,,bicycle_parking,wall_loops,6,,no,,,,,,,,,,,,,,,,,,,,,2026-07-02T22:07:42.671Z,2026-07-02T22:07:42.671Z
4972,node/12579493522,node,POINT(-41.7813007 -22.3772614),,,bicycle_parking,,,,,,,,,,,,,,,,,,,,,,,,,2026-07-02T22:07:42.671Z,2026-07-02T22:07:42.671Z
4973,node/12579496828,node,POINT(-41.7819475 -22.3743452),,,bicycle_parking,stands,2,,no,,,,,,,,,,,,,,,,,,,,,2026-07-02T22:07:42.671Z,2026-07-02T22:07:42.671Z
4974,node/12579502291,node,POINT(-41.7826503 -22.3705584),,,bicycle_parking,stands,2,,no,,,,,,,,,,,,,,,,,,,,,2026-07-02T22:07:42.671Z,2026-07-02T22:07:42.671Z
4975,node/12579505749,node,POINT(-41.7816022 -22.3762401),,,bicycle_parking,wall_loops,12,,no,,,,,,,,,,,,,,,,,,,,,2026-07-02T22:07:42.671Z,2026-07-02T22:07:42.671Z
4976,node/12579505772,node,POINT(-41.7787377 -22.392302),,,bicycle_parking,stands,2,,no,,,,,,,,,,,,,,,,,,,,,2026-07-02T22:07:42.671Z,2026-07-02T22:07:42.671Z
4977,node/12579512157,node,POINT(-41.7805549 -22.3802746),,,bicycle_parking,stands,16,,no,,,,,,,,,,,,,,,,,,,,,2026-07-02T22:07:42.671Z,2026-07-02T22:07:42.671Z
4978,node/12579516701,node,POINT(-41.7787377 -22.392302),,,bicycle_parking,,,,,,,,,,,,,,,,,,,,,,,,,2026-07-02T22:07:42.671Z,2026-07-02T22:07:42.671Z
4979,node/12584876810,node,POINT(-43.0989746 -22.9324925),,,bicycle_parking,wall_loops,10,yes,no,no,,,,,,,,,,,,,,,,,,,,2026-07-02T22:07:42.671Z,2026-07-02T22:07:42.671Z
4980,node/12584876811,node,POINT(-43.099362 -22.9328965),,,bicycle_parking,stands,20,yes,no,no,,,,,,,,,,,,,,,,,,,,2026-07-02T22:07:42.671Z,2026-07-02T22:07:42.671Z
4981,node/12584876892,node,POINT(-43.0717887 -22.936303),,,bicycle_parking,stands,10,yes,no,no,,,,,,,,,,,,,,,,,,,,2026-07-02T22:07:42.671Z,2026-07-02T22:07:42.671Z
4982,node/12586242091,node,POINT(-42.1306738 -7.011357),CICLISOUSA,,bicycle_parking,,,,,,,,,,,,,,,,,,,,,,,,,2026-07-02T22:07:42.671Z,2026-07-02T22:07:42.671Z
4983,node/12598463167,node,POINT(-46.3230256 -23.9445123),,,bicycle_parking,stands,18,yes,no,no,,,,,,,,,,,,,,,,,,,,2026-07-02T22:07:42.671Z,2026-07-02T22:07:42.671Z
4984,node/12598463168,node,POINT(-46.3230412 -23.9447455),,,bicycle_parking,stands,10,yes,no,no,,,,,,,,,,,,,,,,,,,,2026-07-02T22:07:42.671Z,2026-07-02T22:07:42.671Z
4985,node/12600675105,node,POINT(-43.4054914 -23.0004734),,,bicycle_parking,stands,10,yes,no,no,,,,,,,,,,,,,,,,,,,,2026-07-02T22:07:42.671Z,2026-07-02T22:07:42.671Z
4986,node/12607917470,node,POINT(-34.8504258 -7.1414211),Biblioteca CCSA,,bicycle_parking,wall_loops,5,yes,yes,,,yes,,,,,,,,,,,,,,,,,,2026-07-02T22:07:42.671Z,2026-07-02T22:07:42.671Z
4987,node/12609744984,node,POINT(-52.5310821 -25.8613139),,,bicycle_parking,,,,,,,,,,,,,,,,,,,,,,,,,2026-07-02T22:07:42.671Z,2026-07-02T22:07:42.671Z
4988,node/12617931388,node,POINT(-38.5409766 -3.77902),,,bicycle_parking,,,,,,,,,,,0,,,,,,,,,,,,,,2026-07-02T22:07:42.671Z,2026-07-02T22:07:42.671Z
4989,node/12622268153,node,POINT(-38.9752497 -12.2356843),,,bicycle_parking,wall_loops,,,no,,,,,,,,,,,,,,,,,,,,,2026-07-02T22:07:42.671Z,2026-07-02T22:07:42.671Z
4990,node/12629757860,node,POINT(-40.368385 -20.3822635),,,bicycle_parking,,,,,,,,,,,,,,,,,,,,,,,,,2026-07-02T22:07:42.671Z,2026-07-02T22:07:42.671Z
4991,node/12639442009,node,POINT(-49.2818563 -25.4224791),,,bicycle_parking,stands,6,,,,,,,,,,,,,,,,,,,,,,,2026-07-02T22:07:42.671Z,2026-07-02T22:07:42.671Z
4992,node/12645503984,node,POINT(-40.4260918 -20.3532395),,,bicycle_parking,wall_loops,15,,,,,,,,,,,,,,,,,,,,,,,2026-07-02T22:07:42.671Z,2026-07-02T22:07:42.671Z
4993,node/12646860792,node,POINT(-43.1776417 -22.9297173),,,bicycle_parking,wall_loops,3,,no,,,,,,,,,,,,,,,,,,,,,2026-07-02T22:07:42.671Z,2026-07-02T22:07:42.671Z
4994,node/12646863994,node,POINT(-43.177823 -22.9297584),,,bicycle_parking,stands,5,,no,,,,,,,,,,,,,,,,,,,,,2026-07-02T22:07:42.671Z,2026-07-02T22:07:42.671Z
4995,node/12647318166,node,POINT(-52.5413101 -25.8551919),,,bicycle_parking,stands,,,,,,,,,,,,,,,,,,,,,,,,2026-07-02T22:07:42.671Z,2026-07-02T22:07:42.671Z
4996,node/12648216981,node,POINT(-38.5747048 -3.742532),,,bicycle_parking,,,,,,,,,,,,,,,,,,,,,,,,,2026-07-02T22:07:42.671Z,2026-07-02T22:07:42.671Z
4997,node/12648216983,node,POINT(-38.5775994 -3.7448823),,,bicycle_parking,,,,,,,,,,,,,,,,,,,,,,,,,2026-07-02T22:07:42.671Z,2026-07-02T22:07:42.671Z
4998,node/12648216984,node,POINT(-38.5778344 -3.7449166),,,bicycle_parking,,,,,,,,,,,,,,,,,,,,,,,,,2026-07-02T22:07:42.671Z,2026-07-02T22:07:42.671Z
4999,node/12648216989,node,POINT(-38.5729634 -3.7451086),,,bicycle_parking,,,,,,,,,,,,,,,,,,,,,,,,,2026-07-02T22:07:42.671Z,2026-07-02T22:07:42.671Z
5000,node/12648229577,node,POINT(-38.5754411 -3.7433452),,,bicycle_parking,shed,,,,,,,,,,,,,,,,,,,,,,,,2026-07-02T22:07:42.671Z,2026-07-02T22:07:42.671Z
5001,node/12676756566,node,POINT(-38.5355236 -3.7438748),,,bicycle_parking,,,,,,,,,,,,,,,,,,,,,,,,,2026-07-02T22:07:42.683Z,2026-07-02T22:07:42.683Z
5002,node/12680151524,node,POINT(-43.9337814 -19.9319763),,,bicycle_parking,stands,4,,no,,,,,,,,,,,,,,,,,,,,,2026-07-02T22:07:42.683Z,2026-07-02T22:07:42.683Z
5003,node/12681036269,node,POINT(-44.0059912 -19.8967973),,,bicycle_parking,stands,5,,no,,,,,,,,,,,,,,,,,,,,,2026-07-02T22:07:42.683Z,2026-07-02T22:07:42.683Z
5004,node/12681122280,node,POINT(-43.9891938 -19.9143111),,,bicycle_parking,stands,4,,no,,,,,,,,,,,,,,,,,,,,,2026-07-02T22:07:42.683Z,2026-07-02T22:07:42.683Z
5005,node/12681654553,node,POINT(-43.897884 -19.899266),,,bicycle_parking,stands,5,,no,,,,,,,,,,,,,,,,,,,,,2026-07-02T22:07:42.683Z,2026-07-02T22:07:42.683Z
5006,node/12682125987,node,POINT(-43.934417 -19.9255887),,,bicycle_parking,stands,5,,no,,,,,,,,,,,,,,,,,,,,,2026-07-02T22:07:42.683Z,2026-07-02T22:07:42.683Z
5007,node/12682144023,node,POINT(-43.9358998 -19.9238059),,,bicycle_parking,stands,5,,no,,,,,,,,,,,,,,,,,,,,,2026-07-02T22:07:42.683Z,2026-07-02T22:07:42.683Z
5008,node/12684884551,node,POINT(-43.9690475 -19.8094424),,,bicycle_parking,,,,yes,no,,,,,,,,,,,,,,,,,,,,2026-07-02T22:07:42.683Z,2026-07-02T22:07:42.683Z
5009,node/12704888951,node,POINT(-38.4240795 -12.9779196),,,bicycle_parking,stands,,yes,no,no,,,,,,,,,,,,,,,,,,,,2026-07-02T22:07:42.683Z,2026-07-02T22:07:42.683Z
5010,node/12732183037,node,POINT(-38.4017084 -12.9644742),,,bicycle_parking,stands,20,yes,no,no,,,,,,,,,,,,,,,,,,,,2026-07-02T22:07:42.683Z,2026-07-02T22:07:42.683Z
5011,node/12734033444,node,POINT(-46.0584187 -23.457614),,,bicycle_parking,wall_loops,,,,,,,,,,,,,,,,,,,,,,,,2026-07-02T22:07:42.683Z,2026-07-02T22:07:42.683Z
5012,node/12739819188,node,POINT(-50.0502252 -25.2414026),,,bicycle_parking,,10,,,,,,,,,,,,,,,,,,,,,,,2026-07-02T22:07:42.683Z,2026-07-02T22:07:42.683Z
5013,node/12745598802,node,POINT(-43.0295499 -22.9752561),,,bicycle_parking,wall_loops,16,yes,no,no,,,,,,,,,,,,,,,,,,,,2026-07-02T22:07:42.683Z,2026-07-02T22:07:42.683Z
5014,node/12747922768,node,POINT(-47.6957239 -22.6712817),,,bicycle_parking,stands,16,yes,yes,,,,,,,,,,,,,,,,,,,,,2026-07-02T22:07:42.683Z,2026-07-02T22:07:42.683Z
5015,node/12748063069,node,POINT(-43.1763437 -22.9391045),,,bicycle_parking,floor,10,,,,,,Itau,,,,,,,,,,,,,,,,,2026-07-02T22:07:42.683Z,2026-07-02T22:07:42.683Z
5016,node/12750401779,node,POINT(-43.1709924 -22.9199439),,,bicycle_parking,wall_loops,20,,no,,,,,,,,,,,,,,,,,,,,,2026-07-02T22:07:42.683Z,2026-07-02T22:07:42.683Z
5017,node/12751089976,node,POINT(-36.6621389 -9.7507554),,,bicycle_parking,wall_loops,,yes,no,no,,,,,,,,,,,,,,,,,,,,2026-07-02T22:07:42.683Z,2026-07-02T22:07:42.683Z
5018,node/12770522663,node,POINT(-38.514993 -13.0094388),,,bicycle_parking,stands,,yes,no,no,,,,,,,,,,,,,,,,,,,,2026-07-02T22:07:42.683Z,2026-07-02T22:07:42.683Z
5019,node/12770522664,node,POINT(-38.5143493 -13.0096158),,,bicycle_parking,stands,,yes,no,no,,,,,,,,,,,,,,,,,,,,2026-07-02T22:07:42.683Z,2026-07-02T22:07:42.683Z
5020,node/12791919414,node,POINT(-46.0307608 -23.4190902),,,bicycle_parking,,,,,,,,,,,,,,,,,,,,,,,,,2026-07-02T22:07:42.683Z,2026-07-02T22:07:42.683Z
5021,node/12804403278,node,POINT(-42.3366827 -22.8728465),,,bicycle_parking,wall_loops,,,no,,,,,,,,,,,,,,,,,,,,,2026-07-02T22:07:42.683Z,2026-07-02T22:07:42.683Z
5022,node/12809467761,node,POINT(-49.2567918 -25.4339351),,,bicycle_parking,stands,,,,,,,,,,,,,,,,,,,,,,,,2026-07-02T22:07:42.683Z,2026-07-02T22:07:42.683Z
5023,node/12809499628,node,POINT(-49.245174 -25.4047433),,,bicycle_parking,stands,,,,,,,,,,,,,,,,,,,,,,,,2026-07-02T22:07:42.683Z,2026-07-02T22:07:42.683Z
5024,node/12849348279,node,POINT(-49.1929323 -25.4797828),,,bicycle_parking,,18,,,,,,,,,,,,,,,,,,,,,,,2026-07-02T22:07:42.683Z,2026-07-02T22:07:42.683Z
5025,node/12849887959,node,POINT(-47.0707477 -22.8170114),,,bicycle_parking,stands,,,no,,,,,,,,,,,,,,,,,,,,,2026-07-02T22:07:42.683Z,2026-07-02T22:07:42.683Z
5026,node/12881384513,node,POINT(-46.7326197 -23.5580634),,,bicycle_parking,stands,4,,no,,,,,,,,,,,,,,,,,,,,,2026-07-02T22:07:42.683Z,2026-07-02T22:07:42.683Z
5027,node/12889464825,node,POINT(-43.3667749 -22.969843),,Bicicletário para trabalhadores do local,bicycle_parking,,,,,,,,,,,,,,,,,,,,,,,,,2026-07-02T22:07:42.683Z,2026-07-02T22:07:42.683Z
5028,node/12889477599,node,POINT(-43.355862 -22.9597064),Bicicletário Assaí,Bicicletário na lateral direita do estacionamento do mercado Assaí,bicycle_parking,,,,,,,,,,,,,,,,,,Mo-Su 07:00-22:00,,,,,,,2026-07-02T22:07:42.683Z,2026-07-02T22:07:42.683Z
5029,node/12913795907,node,POINT(-49.1735635 -26.7378992),,,bicycle_parking,saddle_holder,,yes,no,,,,,,,,,,,,,,,,,,,,,2026-07-02T22:07:42.683Z,2026-07-02T22:07:42.683Z
5030,node/12920182370,node,POINT(-34.9002559 -8.0351261),,,bicycle_parking,,8,,no,,,,,,,,,,,,,,,,,,,,,2026-07-02T22:07:42.683Z,2026-07-02T22:07:42.683Z
5031,node/12941427228,node,POINT(-53.7185006 -29.7221987),,,bicycle_parking,,4,,,,,,,,,,,,,,,,,,,,,,,2026-07-02T22:07:42.683Z,2026-07-02T22:07:42.683Z
5032,node/12941440637,node,POINT(-53.7142313 -29.7029415),,,bicycle_parking,,4,,,,,,,,,,,,,,,,,,,,,,,2026-07-02T22:07:42.683Z,2026-07-02T22:07:42.683Z
5033,node/12943413192,node,POINT(-34.8702512 -8.0607004),,,bicycle_parking,stands,10,,no,,,,,,,,,,,,,,,,,,,,,2026-07-02T22:07:42.683Z,2026-07-02T22:07:42.683Z
5034,node/12944942693,node,POINT(-34.9030285 -8.0316851),,,bicycle_parking,stands,28,,yes,,,,,,,,,,,,,,,,,,,,,2026-07-02T22:07:42.683Z,2026-07-02T22:07:42.683Z
5035,node/12947172150,node,POINT(-42.8170253 -22.9226442),,,bicycle_parking,wall_loops,10,yes,no,no,,,,,,,,,,,,,,,,,,,,2026-07-02T22:07:42.683Z,2026-07-02T22:07:42.683Z
5036,node/12956183867,node,POINT(-41.6698726 -14.195778),,,bicycle_parking,wall_loops,7,customers,yes,no,,,,,,,,,,,,,,,,,,,,2026-07-02T22:07:42.683Z,2026-07-02T22:07:42.683Z
5037,node/12957881163,node,POINT(-49.177499 -26.7375243),,,bicycle_parking,wall_loops,,private,yes,,,,Farmalan,,,,,,,,,,,,,,,,,2026-07-02T22:07:42.683Z,2026-07-02T22:07:42.683Z
5038,node/12959312326,node,POINT(-42.3384159 -22.8745751),,,bicycle_parking,wall_loops,10,,no,,,,,,,,,,,,,,,,,,,,,2026-07-02T22:07:42.683Z,2026-07-02T22:07:42.683Z
5039,node/12965110675,node,POINT(-49.3282516 -25.4042222),,,bicycle_parking,,6,,,,,,,,,,,,,,,,,,,,,,,2026-07-02T22:07:42.683Z,2026-07-02T22:07:42.683Z
5040,node/12965157572,node,POINT(-50.0972488 -29.1662845),,,bicycle_parking,,,,,,,,,,,,,,,,,,,,,,,,,2026-07-02T22:07:42.683Z,2026-07-02T22:07:42.683Z
5041,node/12967141616,node,POINT(-41.3269217 -21.7608487),Bicicletário da Rodoviária Roberto Silveira,,bicycle_parking,,,,no,,,,,,,,,,,,,,,,,,,,,2026-07-02T22:07:42.683Z,2026-07-02T22:07:42.683Z
5042,node/12985796296,node,POINT(-46.6572778 -23.5414956),,,bicycle_parking,stands,20,,no,,,,,,,,,,,,,,,,,,,,,2026-07-02T22:07:42.683Z,2026-07-02T22:07:42.683Z
5043,node/12986651942,node,POINT(-48.5899403 -27.902854),,,bicycle_parking,wall_loops,9,,,,,,,,,,,,,,,,,,,,,,,2026-07-02T22:07:42.683Z,2026-07-02T22:07:42.683Z
5044,node/12986706369,node,POINT(-43.2475846 -22.8124697),,,bicycle_parking,stands,20,,yes,,,,,,,,,,,,,,,,,,,,,2026-07-02T22:07:42.683Z,2026-07-02T22:07:42.683Z
5045,node/12988216585,node,POINT(-46.6394022 -23.5809718),,,bicycle_parking,stands,2,,no,,,,,,,,,,,,,,,,,,,,,2026-07-02T22:07:42.683Z,2026-07-02T22:07:42.683Z
5046,node/12992858405,node,POINT(-46.7214898 -23.5598552),,,bicycle_parking,wall_loops,7,,no,,,,,,,,,,,,,,,,,,,,,2026-07-02T22:07:42.683Z,2026-07-02T22:07:42.683Z
5047,node/12992875274,node,POINT(-46.7229384 -23.5604664),,,bicycle_parking,stands,6,,no,,,,,,,,,,,,,,,,,,,,,2026-07-02T22:07:42.683Z,2026-07-02T22:07:42.683Z
5048,node/12992889767,node,POINT(-46.7214712 -23.5598199),,,bicycle_parking,wall_loops,7,,no,,,,,,,,,,,,,,,,,,,,,2026-07-02T22:07:42.683Z,2026-07-02T22:07:42.683Z
5049,node/12994889384,node,POINT(-42.9542939 -22.9442636),,,bicycle_parking,stands,8,private,no,no,,,,,,,,,,,,,,,,,,,,2026-07-02T22:07:42.683Z,2026-07-02T22:07:42.683Z
5050,node/12999636530,node,POINT(-46.7220394 -23.5625127),,,bicycle_parking,stands,12,,yes,,,,,,,,,,,,,,,,,,,,,2026-07-02T22:07:42.683Z,2026-07-02T22:07:42.683Z
5051,node/13004610484,node,POINT(-42.702795 -22.9548604),,,bicycle_parking,wall_loops,5,yes,no,no,,,,,,,,,,,,,,,,,,,,2026-07-02T22:07:42.683Z,2026-07-02T22:07:42.683Z
5052,node/13004799426,node,POINT(-34.9245979 -8.1131239),,,bicycle_parking,stands,10,yes,no,no,,,,,,,,,,,,,,,,,,,,2026-07-02T22:07:42.683Z,2026-07-02T22:07:42.683Z
5053,node/13007570077,node,POINT(-46.6412824 -23.5873531),,,bicycle_parking,stands,2,,no,,,,,,,,,,,,,,,,,,,,,2026-07-02T22:07:42.683Z,2026-07-02T22:07:42.683Z
5054,node/13014548571,node,POINT(-49.2651788 -25.4293964),,,bicycle_parking,,8,,,,,,,,,,,,,,,,,,,,,,,2026-07-02T22:07:42.683Z,2026-07-02T22:07:42.683Z
5055,node/13017211484,node,POINT(-42.8784061 -22.931367),,,bicycle_parking,wall_loops,10,,no,,,,,,,,,,,,,,,,,,,,,2026-07-02T22:07:42.683Z,2026-07-02T22:07:42.683Z
5056,node/13018732450,node,POINT(-38.50594 -3.723247),,,bicycle_parking,,,,,,,,,,,,,,,,,,,,,,,,,2026-07-02T22:07:42.683Z,2026-07-02T22:07:42.683Z
5057,node/13018732457,node,POINT(-38.5066014 -3.722931),,,bicycle_parking,,,,,,,,,,,,,,,,,,,,,,,,,2026-07-02T22:07:42.683Z,2026-07-02T22:07:42.683Z
5058,node/13021399556,node,POINT(-48.5152878 -27.5998333),,,bicycle_parking,,,,no,no,,,,,,,,,,,,,,,,,,,,2026-07-02T22:07:42.683Z,2026-07-02T22:07:42.683Z
5059,node/13025723446,node,POINT(-43.2476203 -22.8640335),,,bicycle_parking,,,,,,,,,,,,,,,,,,,,,,,,,2026-07-02T22:07:42.683Z,2026-07-02T22:07:42.683Z
5060,node/13025742351,node,POINT(-43.2415604 -22.8766678),,,bicycle_parking,,,,,,,,,,,,,,,,,,,,,,,,,2026-07-02T22:07:42.683Z,2026-07-02T22:07:42.683Z
5061,node/13026935388,node,POINT(-38.5119306 -3.7200883),,,bicycle_parking,,,,,,,,,,,,,,,,,,,,,,,,,2026-07-02T22:07:42.683Z,2026-07-02T22:07:42.683Z
5062,node/13029799949,node,POINT(-46.682156 -23.5584826),,,bicycle_parking,stands,10,,no,,,,,,,,,,,,,,,,,,,,,2026-07-02T22:07:42.683Z,2026-07-02T22:07:42.683Z
5063,node/13034235888,node,POINT(-48.463295 -27.6045676),,,bicycle_parking,,,,,,,,,,,,,,,,,,,,,,,,,2026-07-02T22:07:42.683Z,2026-07-02T22:07:42.683Z
5064,node/13043540591,node,POINT(-52.3975331 -28.2646305),,,bicycle_parking,stands,,,no,,,,,,,,,,,,,,,,,,,,,2026-07-02T22:07:42.683Z,2026-07-02T22:07:42.683Z
5065,node/13049129385,node,POINT(-48.1437407 -15.8290417),,,bicycle_parking,,,,,,,,,,,,,,,,,,,,,,,,,2026-07-02T22:07:42.683Z,2026-07-02T22:07:42.683Z
5066,node/13049129386,node,POINT(-48.1428469 -15.8294855),,,bicycle_parking,,,,,,,,,,,,,,,,,,,,,,,,,2026-07-02T22:07:42.683Z,2026-07-02T22:07:42.683Z
5067,node/13084780589,node,POINT(-41.799241 -22.4053514),,,bicycle_parking,wall_loops,,,no,,,,,,,,,,,,,,,,,,,,,2026-07-02T22:07:42.683Z,2026-07-02T22:07:42.683Z
5068,node/13104127221,node,POINT(-40.0763907 -19.862325),,,bicycle_parking,wall_loops,,private,no,,,,,,,,,,,,,,,,,,,,,2026-07-02T22:07:42.683Z,2026-07-02T22:07:42.683Z
5069,node/13106649978,node,POINT(-49.4854438 -16.6771466),,,bicycle_parking,,,,,,,,,,,,,,,,,,,,,,,,,2026-07-02T22:07:42.683Z,2026-07-02T22:07:42.683Z
5070,node/13111278291,node,POINT(-49.1707841 -26.7280375),,,bicycle_parking,wall_loops,,yes,no,no,,,,,,,,,,,,,,,,,,,,2026-07-02T22:07:42.683Z,2026-07-02T22:07:42.683Z
5071,node/13112920829,node,POINT(-34.9368575 -8.0858345),Estação Werneck,,bicycle_parking,stands,10,yes,no,no,,,Prefeitura do Recife,,,,,,,,,,,,P540,,,,,2026-07-02T22:07:42.683Z,2026-07-02T22:07:42.683Z
5072,node/13112920830,node,POINT(-34.8771718 -8.0198156),Creche Dorgiane dos Santos Xavier Souza,,bicycle_parking,stands,10,yes,no,no,,,Prefeitura do Recife,,,,,,,,,,,,P539,,,,,2026-07-02T22:07:42.683Z,2026-07-02T22:07:42.683Z
5073,node/13112920831,node,POINT(-34.8827512 -8.0476192),Praça Maestro Milton Rodrigues,,bicycle_parking,stands,10,yes,no,no,,,Prefeitura do Recife,,,,,,,,,,,,P538,,,,,2026-07-02T22:07:42.683Z,2026-07-02T22:07:42.683Z
5074,node/13112920832,node,POINT(-34.8981081 -8.0437621),Praça Cabipa,,bicycle_parking,stands,6,yes,no,no,,,Prefeitura do Recife,,,,,,,,,,,,P537,,,,,2026-07-02T22:07:42.683Z,2026-07-02T22:07:42.683Z
5075,node/13112920833,node,POINT(-34.9325309 -8.0860762),Praça Juliete Moura,,bicycle_parking,stands,6,yes,no,no,,,Prefeitura do Recife,,,,,,,,,,,,P536,,,,,2026-07-02T22:07:42.683Z,2026-07-02T22:07:42.683Z
5076,node/13112920834,node,POINT(-34.8721835 -8.0644766),Banco Bradesco,,bicycle_parking,stands,6,yes,no,no,,,Prefeitura do Recife,,,,,,,,,,,,P535,,,,,2026-07-02T22:07:42.683Z,2026-07-02T22:07:42.683Z
5077,node/13112920835,node,POINT(-34.9268831 -8.1037652),Praça Maria Lucia,,bicycle_parking,stands,10,yes,no,no,,,Prefeitura do Recife,,,,,,,,,,,,P534,,,,,2026-07-02T22:07:42.683Z,2026-07-02T22:07:42.683Z
5078,node/13112920836,node,POINT(-34.9464761 -8.1163471),Quadra Neópolis,,bicycle_parking,stands,10,yes,no,no,,,Prefeitura do Recife,,,,,,,,,,,,P533,,,,,2026-07-02T22:07:42.683Z,2026-07-02T22:07:42.683Z
5079,node/13112920837,node,POINT(-34.9515212 -8.1111243),Praça da Truaca,,bicycle_parking,stands,6,yes,no,no,,,Prefeitura do Recife,,,,,,,,,,,,P532,,,,,2026-07-02T22:07:42.683Z,2026-07-02T22:07:42.683Z
5080,node/13112920838,node,POINT(-34.9507915 -8.1111115),Praça Tempo de Crescer,,bicycle_parking,stands,10,yes,no,no,,,Prefeitura do Recife,,,,,,,,,,,,P531,,,,,2026-07-02T22:07:42.683Z,2026-07-02T22:07:42.683Z
5081,node/13112920839,node,POINT(-34.9506921 -8.1121923),Praça Raízes,,bicycle_parking,stands,10,yes,no,no,,,Prefeitura do Recife,,,,,,,,,,,,P530,,,,,2026-07-02T22:07:42.683Z,2026-07-02T22:07:42.683Z
5082,node/13112920840,node,POINT(-34.950104 -8.1143814),Praça do Tamarindo,,bicycle_parking,stands,10,yes,no,no,,,Prefeitura do Recife,,,,,,,,,,,,P529,,,,,2026-07-02T22:07:42.683Z,2026-07-02T22:07:42.683Z
5083,node/13112920841,node,POINT(-34.9510884 -8.1133074),Praça Três Marias,,bicycle_parking,stands,10,yes,no,no,,,Prefeitura do Recife,,,,,,,,,,,,P528,,,,,2026-07-02T22:07:42.683Z,2026-07-02T22:07:42.683Z
5084,node/13112920842,node,POINT(-34.9470032 -8.117584),Praça dos Iburenses,,bicycle_parking,stands,10,yes,no,no,,,Prefeitura do Recife,,,,,,,,,,,,P527,,,,,2026-07-02T22:07:42.683Z,2026-07-02T22:07:42.683Z
5085,node/13112920843,node,POINT(-34.8836217 -8.0677544),IPHAN,,bicycle_parking,stands,10,yes,no,no,,,Prefeitura do Recife,,,,,,,,,,,,P526,,,,,2026-07-02T22:07:42.683Z,2026-07-02T22:07:42.683Z
5086,node/13112920844,node,POINT(-34.9396992 -8.0782211),Praça Padre Romano Zufferey,,bicycle_parking,stands,10,yes,no,no,,,Prefeitura do Recife,,,,,,,,,,,,P525,,,,,2026-07-02T22:07:42.683Z,2026-07-02T22:07:42.683Z
5087,node/13112920845,node,POINT(-34.8969895 -8.0719379),Praça de Joana Bezerra,,bicycle_parking,stands,10,yes,no,no,,,Prefeitura do Recife,,,,,,,,,,,,P524,,,,,2026-07-02T22:07:42.683Z,2026-07-02T22:07:42.683Z
5088,node/13112920846,node,POINT(-34.9007637 -8.0719222),Praça José da Costa Porto,,bicycle_parking,stands,10,yes,no,no,,,Prefeitura do Recife,,,,,,,,,,,,P523,,,,,2026-07-02T22:07:42.683Z,2026-07-02T22:07:42.683Z
5089,node/13112920847,node,POINT(-34.9165449 -8.0850655),Praça do Mangue,,bicycle_parking,stands,12,yes,no,no,,,Prefeitura do Recife,,,,,,,,,,,,P522,,,,,2026-07-02T22:07:42.683Z,2026-07-02T22:07:42.683Z
5090,node/13112920848,node,POINT(-34.8891225 -8.0990709),Praça Marcantônio Vilaça,,bicycle_parking,stands,10,yes,no,no,,,Prefeitura do Recife,,,,,,,,,,,,P521,,,,,2026-07-02T22:07:42.683Z,2026-07-02T22:07:42.683Z
5091,node/13112920849,node,POINT(-34.8760222 -8.0781711),Porto Terra Nova,,bicycle_parking,stands,14,yes,no,no,,,Prefeitura do Recife,,,,,,,,,,,,P520,,,,,2026-07-02T22:07:42.683Z,2026-07-02T22:07:42.683Z
5092,node/13112920850,node,POINT(-34.953711 -8.0815153),Praça Don Helder,,bicycle_parking,stands,6,yes,no,no,,,Prefeitura do Recife,,,,,,,,,,,,P519,,,,,2026-07-02T22:07:42.683Z,2026-07-02T22:07:42.683Z
5093,node/13112920851,node,POINT(-34.9553558 -8.0832271),Praça João Vinte e Três,,bicycle_parking,stands,6,yes,no,no,,,Prefeitura do Recife,,,,,,,,,,,,P518,,,,,2026-07-02T22:07:42.683Z,2026-07-02T22:07:42.683Z
5094,node/13112920852,node,POINT(-34.9556462 -8.0818098),2a Praça da Vila dos Bancários,,bicycle_parking,stands,6,yes,no,no,,,Prefeitura do Recife,,,,,,,,,,,,P517,,,,,2026-07-02T22:07:42.683Z,2026-07-02T22:07:42.683Z
5095,node/13112920853,node,POINT(-34.95243 -8.037334),Praça Saberé,,bicycle_parking,stands,10,yes,no,no,,,Prefeitura do Recife,,,,,,,,,,,,P516,,,,,2026-07-02T22:07:42.683Z,2026-07-02T22:07:42.683Z
5096,node/13112920854,node,POINT(-34.962555 -8.023725),Praça Mano Marlon Lins,,bicycle_parking,stands,10,yes,no,no,,,Prefeitura do Recife,,,,,,,,,,,,P515,,,,,2026-07-02T22:07:42.683Z,2026-07-02T22:07:42.683Z
5097,node/13112920855,node,POINT(-34.952404 -8.025928),Escola Municipal Nova Morada,,bicycle_parking,stands,4,yes,no,no,,,Prefeitura do Recife,,,,,,,,,,,,P513,,,,,2026-07-02T22:07:42.683Z,2026-07-02T22:07:42.683Z
5098,node/13112920856,node,POINT(-34.954411 -8.026612),Praça dos Ipês,,bicycle_parking,stands,16,yes,no,no,,,Prefeitura do Recife,,,,,,,,,,,,P512,,,,,2026-07-02T22:07:42.683Z,2026-07-02T22:07:42.683Z
5099,node/13112920857,node,POINT(-34.932417 -8.030682),Quadra Sobral,,bicycle_parking,stands,10,yes,no,no,,,Prefeitura do Recife,,,,,,,,,,,,P511,,,,,2026-07-02T22:07:42.683Z,2026-07-02T22:07:42.683Z
5100,node/13112920858,node,POINT(-34.914461 -8.054413),COMPAZ Miguel Arraes,,bicycle_parking,stands,20,yes,no,no,,,Prefeitura do Recife,,,,,,,,,,,,P510,,,,,2026-07-02T22:07:42.683Z,2026-07-02T22:07:42.683Z
5101,node/13112920859,node,POINT(-34.910183 -8.050529),Praça Professor Calazans,,bicycle_parking,stands,10,yes,no,no,,,Prefeitura do Recife,,,,,,,,,,,,P509,,,,,2026-07-02T22:07:42.694Z,2026-07-02T22:07:42.694Z
5102,node/13112920860,node,POINT(-34.906106 -8.002406),Creche Escola Municipal João Amazonas,,bicycle_parking,stands,6,yes,no,no,,,Prefeitura do Recife,,,,,,,,,,,,P508,,,,,2026-07-02T22:07:42.694Z,2026-07-02T22:07:42.694Z
5103,node/13112920861,node,POINT(-34.906219 -8.002599),Escola Municipal Olindina Monteiro de Oliveira França,,bicycle_parking,stands,4,yes,no,no,,,Prefeitura do Recife,,,,,,,,,,,,P507,,,,,2026-07-02T22:07:42.694Z,2026-07-02T22:07:42.694Z
5104,node/13112920862,node,POINT(-34.89785 -8.045637),Restaurante Pahu Poke,,bicycle_parking,stands,10,yes,no,no,,,Prefeitura do Recife,,,,,,,,,,,,P506,,,,,2026-07-02T22:07:42.694Z,2026-07-02T22:07:42.694Z
5105,node/13112920863,node,POINT(-34.922569 -8.000434),Mercado Público de Nova Descoberta,,bicycle_parking,stands,10,yes,no,no,,,Prefeitura do Recife,,,,,,,,,,,,P505,,,,,2026-07-02T22:07:42.694Z,2026-07-02T22:07:42.694Z
5106,node/13112920864,node,POINT(-34.900691 -8.004986),Campo de Singapura,,bicycle_parking,stands,10,yes,no,no,,,Prefeitura do Recife,,,,,,,,,,,,P504,,,,,2026-07-02T22:07:42.694Z,2026-07-02T22:07:42.694Z
5107,node/13112920865,node,POINT(-34.889038 -8.018404),Escola Municipal Poeta Solano Trindade,,bicycle_parking,stands,4,yes,no,no,,,Prefeitura do Recife,,,,,,,,,,,,P503,,,,,2026-07-02T22:07:42.694Z,2026-07-02T22:07:42.694Z
5108,node/13112920866,node,POINT(-34.888921 -8.018392),Escola Municipal Antônio Heráclio do Rego,,bicycle_parking,stands,6,yes,no,no,,,Prefeitura do Recife,,,,,,,,,,,,P502,,,,,2026-07-02T22:07:42.694Z,2026-07-02T22:07:42.694Z
5109,node/13112920867,node,POINT(-34.894823 -8.040292),Praça da FEB,,bicycle_parking,stands,10,yes,no,no,,,Prefeitura do Recife,,,,,,,,,,,,P501,,,,,2026-07-02T22:07:42.694Z,2026-07-02T22:07:42.694Z
5110,node/13112920868,node,POINT(-34.891603 -8.037655),Largo da Encruzilhada,,bicycle_parking,stands,10,yes,no,no,,,Prefeitura do Recife,,,,,,,,,,,,P500,,,,,2026-07-02T22:07:42.694Z,2026-07-02T22:07:42.694Z
5111,node/13112920869,node,POINT(-34.896367 -8.033181),Praça do Rosarinho,,bicycle_parking,stands,10,yes,no,no,,,Prefeitura do Recife,,,,,,,,,,,,P499,,,,,2026-07-02T22:07:42.694Z,2026-07-02T22:07:42.694Z
5112,node/13112920870,node,POINT(-34.941218 -8.016487),CRAS Dois Irmãos,,bicycle_parking,stands,10,yes,no,no,,,Prefeitura do Recife,,,,,,,,,,,,P498,,,,,2026-07-02T22:07:42.694Z,2026-07-02T22:07:42.694Z
5113,node/13112920871,node,POINT(-34.927204 -8.024885),CRAS Alto do Mandu,,bicycle_parking,stands,10,yes,no,no,,,Prefeitura do Recife,,,,,,,,,,,,P497,,,,,2026-07-02T22:07:42.694Z,2026-07-02T22:07:42.694Z
5114,node/13112920872,node,POINT(-34.904224 -8.041909),Baobá,,bicycle_parking,stands,10,yes,no,no,,,Prefeitura do Recife,,,,,,,,,,,,P496,,,,,2026-07-02T22:07:42.694Z,2026-07-02T22:07:42.694Z
5115,node/13112920873,node,POINT(-34.909673 -8.037485),Estação La Greca,,bicycle_parking,stands,10,yes,no,no,,,Prefeitura do Recife,,,,,,,,,,,,P495,,,,,2026-07-02T22:07:42.694Z,2026-07-02T22:07:42.694Z
5116,node/13112920874,node,POINT(-34.894031 -8.067784),Praça Miguel de Cervantes,,bicycle_parking,stands,10,yes,no,no,,,Prefeitura do Recife,,,,,,,,,,,,P494,,,,,2026-07-02T22:07:42.694Z,2026-07-02T22:07:42.694Z
5117,node/13112920875,node,POINT(-34.891015 -8.094028),COMPAZ atriz Leda Alves,,bicycle_parking,stands,10,yes,no,no,,,Prefeitura do Recife,,,,,,,,,,,,P493,,,,,2026-07-02T22:07:42.694Z,2026-07-02T22:07:42.694Z
5118,node/13112920876,node,POINT(-34.89927 -8.039986),Secretaria de Meio Ambiente,,bicycle_parking,stands,10,yes,no,no,,,Prefeitura do Recife,,,,,,,,,,,,P492,,,,,2026-07-02T22:07:42.694Z,2026-07-02T22:07:42.694Z
5119,node/13112920877,node,POINT(-34.907579 -8.139783),Sá e Souza,,bicycle_parking,stands,10,yes,no,no,,,Prefeitura do Recife,,,,,,,,,,,,P491,,,,,2026-07-02T22:07:42.694Z,2026-07-02T22:07:42.694Z
5120,node/13112920878,node,POINT(-34.919941 -8.105742),Praça Jardim América,,bicycle_parking,stands,10,yes,no,no,,,Prefeitura do Recife,,,,,,,,,,,,P490,,,,,2026-07-02T22:07:42.694Z,2026-07-02T22:07:42.694Z
5121,node/13112920879,node,POINT(-34.910224 -8.085383),Quadra Imbiribeira,,bicycle_parking,stands,10,yes,no,no,,,Prefeitura do Recife,,,,,,,,,,,,P489,,,,,2026-07-02T22:07:42.694Z,2026-07-02T22:07:42.694Z
5122,node/13112920880,node,POINT(-34.917809 -8.03228),Largura,,bicycle_parking,stands,10,yes,no,no,,,Prefeitura do Recife,,,,,,,,,,,,P488,,,,,2026-07-02T22:07:42.694Z,2026-07-02T22:07:42.694Z
5123,node/13112920881,node,POINT(-34.904604 -8.044202),,,bicycle_parking,stands,,yes,no,no,,,Prefeitura do Recife,,,,,,,,,,,,P487.2,,,,,2026-07-02T22:07:42.694Z,2026-07-02T22:07:42.694Z
5124,node/13112920882,node,POINT(-34.904873 -8.044362),,,bicycle_parking,stands,,yes,no,no,,,Prefeitura do Recife,,,,,,,,,,,,P487.1,,,,,2026-07-02T22:07:42.694Z,2026-07-02T22:07:42.694Z
5125,node/13112920883,node,POINT(-34.904601 -8.045068),Praça José Sales Filho,,bicycle_parking,stands,10,yes,no,no,,,Prefeitura do Recife,,,,,,,,,,,,P486,,,,,2026-07-02T22:07:42.694Z,2026-07-02T22:07:42.694Z
5126,node/13112920884,node,POINT(-34.876978 -8.054677),Orora,,bicycle_parking,stands,10,yes,no,no,,,Prefeitura do Recife,,,,,,,,,,,,P485,,,,,2026-07-02T22:07:42.694Z,2026-07-02T22:07:42.694Z
5127,node/13112920885,node,POINT(-34.881892 -8.04546),Praça Dona Elizabeth,,bicycle_parking,stands,10,yes,no,no,,,Prefeitura do Recife,,,,,,,,,,,,P484,,,,,2026-07-02T22:07:42.694Z,2026-07-02T22:07:42.694Z
5128,node/13112920886,node,POINT(-34.88124 -8.04595),Praça Adulccio Junior,,bicycle_parking,stands,10,yes,no,no,,,Prefeitura do Recife,,,,,,,,,,,,P483,,,,,2026-07-02T22:07:42.694Z,2026-07-02T22:07:42.694Z
5129,node/13112920887,node,POINT(-34.9023837 -8.0861692),Praça Eduardo Campos (Ilha de Deus),,bicycle_parking,stands,10,yes,no,no,,,Prefeitura do Recife,,,,,,,,,,,,P482,,,,,2026-07-02T22:07:42.694Z,2026-07-02T22:07:42.694Z
5130,node/13112920888,node,POINT(-34.936864 -8.136767),Polo Academia da Cidade - Jordão Baixo,,bicycle_parking,stands,10,yes,no,no,,,Prefeitura do Recife,,,,,,,,,,,,P480,,,,,2026-07-02T22:07:42.694Z,2026-07-02T22:07:42.694Z
5131,node/13112920889,node,POINT(-34.905241 -8.087266),,,bicycle_parking,stands,,yes,no,no,,,Prefeitura do Recife,,,,,,,,,,,,P479.2,,,,,2026-07-02T22:07:42.694Z,2026-07-02T22:07:42.694Z
5132,node/13112920890,node,POINT(-34.905338 -8.086933),,,bicycle_parking,stands,,yes,no,no,,,Prefeitura do Recife,,,,,,,,,,,,P479.1,,,,,2026-07-02T22:07:42.694Z,2026-07-02T22:07:42.694Z
5133,node/13112920891,node,POINT(-34.907628 -8.053024),RM,,bicycle_parking,stands,10,yes,no,no,,,Prefeitura do Recife,,,,,,,,,,,,P478,,,,,2026-07-02T22:07:42.694Z,2026-07-02T22:07:42.694Z
5134,node/13112920892,node,POINT(-34.908172 -8.137121),Feira agroecológia de Setubal,,bicycle_parking,stands,10,yes,no,no,,,Prefeitura do Recife,,,,,,,,,,,,P477,,,,,2026-07-02T22:07:42.694Z,2026-07-02T22:07:42.694Z
5135,node/13112920893,node,POINT(-34.9006234 -8.0876702),Marco Zero da Ilha de Deus,,bicycle_parking,stands,10,yes,no,no,,,Prefeitura do Recife,,,,,,,,,,,,P476,,,,,2026-07-02T22:07:42.694Z,2026-07-02T22:07:42.694Z
5136,node/13112920894,node,POINT(-34.925466 -8.092827),Praça do Tourão,,bicycle_parking,stands,10,yes,no,no,,,Prefeitura do Recife,,,,,,,,,,,,P475,,,,,2026-07-02T22:07:42.694Z,2026-07-02T22:07:42.694Z
5137,node/13112920895,node,POINT(-34.913412 -8.046696),Praça Prof. Barreto Campelo,,bicycle_parking,stands,10,yes,no,no,,,Prefeitura do Recife,,,,,,,,,,,,P474,,,,,2026-07-02T22:07:42.694Z,2026-07-02T22:07:42.694Z
5138,node/13112920896,node,POINT(-34.87934 -8.062035),Douro,,bicycle_parking,stands,10,yes,no,no,,,Prefeitura do Recife,,,,,,,,,,,,P473,,,,,2026-07-02T22:07:42.694Z,2026-07-02T22:07:42.694Z
5139,node/13112920897,node,POINT(-34.926109 -8.020037),EREM Clotilde de Oliveira,,bicycle_parking,stands,10,yes,no,no,,,Prefeitura do Recife,,,,,,,,,,,,P472,,,,,2026-07-02T22:07:42.694Z,2026-07-02T22:07:42.694Z
5140,node/13112920898,node,POINT(-34.905053 -8.029923),Escola Est. Professor Motta e Albuquerque,,bicycle_parking,stands,10,yes,no,no,,,Prefeitura do Recife,,,,,,,,,,,,P471,,,,,2026-07-02T22:07:42.694Z,2026-07-02T22:07:42.694Z
5141,node/13112920899,node,POINT(-34.950044 -8.115168),Bacurau - Galo,,bicycle_parking,stands,10,yes,no,no,,,Prefeitura do Recife,,,,,,,,,,,,P252,,,,,2026-07-02T22:07:42.694Z,2026-07-02T22:07:42.694Z
5142,node/13112920900,node,POINT(-34.906404 -8.134607),Conjunto Europa,,bicycle_parking,stands,10,yes,no,no,,,Prefeitura do Recife,,,,,,,,,,,,P470,,,,,2026-07-02T22:07:42.694Z,2026-07-02T22:07:42.694Z
5143,node/13112921001,node,POINT(-34.879806 -8.061773),Procuradoria Geral do Estado,,bicycle_parking,stands,10,yes,no,no,,,Prefeitura do Recife,,,,,,,,,,,,P469,,,,,2026-07-02T22:07:42.694Z,2026-07-02T22:07:42.694Z
5144,node/13112921002,node,POINT(-34.87857 -8.053736),Vapor,,bicycle_parking,stands,10,yes,no,no,,,Prefeitura do Recife,,,,,,,,,,,,P468,,,,,2026-07-02T22:07:42.694Z,2026-07-02T22:07:42.694Z
5145,node/13112921003,node,POINT(-34.87932 -8.051184),Central CadÚnico,,bicycle_parking,stands,10,yes,no,no,,,Prefeitura do Recife,,,,,,,,,,,,P467,,,,,2026-07-02T22:07:42.694Z,2026-07-02T22:07:42.694Z
5146,node/13112921004,node,POINT(-34.901911 -8.118732),Travessa Carapuceiro,,bicycle_parking,stands,10,yes,no,no,,,Prefeitura do Recife,,,,,,,,,,,,P466,,,,,2026-07-02T22:07:42.694Z,2026-07-02T22:07:42.694Z
5147,node/13112921005,node,POINT(-34.913271 -8.092967),Lagoa do Araçá,,bicycle_parking,stands,10,yes,no,no,,,Prefeitura do Recife,,,,,,,,,,,,P465,,,,,2026-07-02T22:07:42.694Z,2026-07-02T22:07:42.694Z
5148,node/13112921006,node,POINT(-34.915443 -8.096513),Lagoa do Araçá,,bicycle_parking,stands,10,yes,no,no,,,Prefeitura do Recife,,,,,,,,,,,,P464,,,,,2026-07-02T22:07:42.694Z,2026-07-02T22:07:42.694Z
5149,node/13112921007,node,POINT(-34.887765 -8.104557),Borsoi,,bicycle_parking,stands,10,yes,no,no,,,Prefeitura do Recife,,,,,,,,,,,,P463,,,,,2026-07-02T22:07:42.694Z,2026-07-02T22:07:42.694Z
5150,node/13112921008,node,POINT(-34.892679 -8.058173),Sindicato dos Contabilistas,,bicycle_parking,stands,10,yes,no,no,,,Prefeitura do Recife,,,,,,,,,,,,P462,,,,,2026-07-02T22:07:42.694Z,2026-07-02T22:07:42.694Z
5151,node/13112921009,node,POINT(-34.907454 -8.003033),Praça da Infãncia Córrego do Morcego,,bicycle_parking,stands,10,yes,no,no,,,Prefeitura do Recife,,,,,,,,,,,,P461,,,,,2026-07-02T22:07:42.694Z,2026-07-02T22:07:42.694Z
5152,node/13112921010,node,POINT(-34.924598 -8.031438),Parque Jardim do Poço,,bicycle_parking,stands,8,yes,no,no,,,Prefeitura do Recife,,,,,,,,,,,,P460,,,,,2026-07-02T22:07:42.694Z,2026-07-02T22:07:42.694Z
5153,node/13112921011,node,POINT(-34.925246 -8.032042),Parque Jardim do Poço,,bicycle_parking,stands,8,yes,no,no,,,Prefeitura do Recife,,,,,,,,,,,,P459,,,,,2026-07-02T22:07:42.694Z,2026-07-02T22:07:42.694Z
5154,node/13112921012,node,POINT(-34.914133 -8.031846),Parcão Sítio da Trindade,,bicycle_parking,stands,10,yes,no,no,,,Prefeitura do Recife,,,,,,,,,,,,P458,,,,,2026-07-02T22:07:42.694Z,2026-07-02T22:07:42.694Z
5155,node/13112921013,node,POINT(-34.922842 -8.033828),Rua dos Arcos,,bicycle_parking,stands,10,yes,no,no,,,Prefeitura do Recife,,,,,,,,,,,,P457,,,,,2026-07-02T22:07:42.694Z,2026-07-02T22:07:42.694Z
5156,node/13112921014,node,POINT(-34.881683 -8.069768),Dantas Barreto,,bicycle_parking,stands,10,yes,no,no,,,Prefeitura do Recife,,,,,,,,,,,,P456,,,,,2026-07-02T22:07:42.694Z,2026-07-02T22:07:42.694Z
5157,node/13112921015,node,POINT(-34.901764 -8.05432),Praça João Pereira Borges,,bicycle_parking,stands,10,yes,no,no,,,Prefeitura do Recife,,,,,,,,,,,,P455,,,,,2026-07-02T22:07:42.694Z,2026-07-02T22:07:42.694Z
5158,node/13112921016,node,POINT(-34.950863 -8.016237),UFRPE 2,,bicycle_parking,stands,8,yes,no,no,,,Prefeitura do Recife,,,,,,,,,,,,P454,,,,,2026-07-02T22:07:42.694Z,2026-07-02T22:07:42.694Z
5159,node/13112921017,node,POINT(-34.945253 -8.016447),UFRPE,,bicycle_parking,stands,10,yes,no,no,,,Prefeitura do Recife,,,,,,,,,,,,P453,,,,,2026-07-02T22:07:42.694Z,2026-07-02T22:07:42.694Z
5160,node/13112921018,node,POINT(-34.908225 -8.129184),Parque Santos Dumont 2,,bicycle_parking,stands,10,yes,no,no,,,Prefeitura do Recife,,,,,,,,,,,,P452,,,,,2026-07-02T22:07:42.694Z,2026-07-02T22:07:42.694Z
5161,node/13112921019,node,POINT(-34.907551 -8.13028),Parque Santos Dumont 1,,bicycle_parking,stands,10,yes,no,no,,,Prefeitura do Recife,,,,,,,,,,,,P451,,,,,2026-07-02T22:07:42.694Z,2026-07-02T22:07:42.694Z
5162,node/13112921020,node,POINT(-34.901952 -8.121301),Bruno Veloso,,bicycle_parking,stands,10,yes,no,no,,,Prefeitura do Recife,,,,,,,,,,,,P450,,,,,2026-07-02T22:07:42.694Z,2026-07-02T22:07:42.694Z
5163,node/13112921021,node,POINT(-34.909269 -8.134723),Parque Ecológico Rio Azul,,bicycle_parking,stands,10,yes,no,no,,,Prefeitura do Recife,,,,,,,,,,,,P449,,,,,2026-07-02T22:07:42.694Z,2026-07-02T22:07:42.694Z
5164,node/13112921022,node,POINT(-34.889162 -8.107903),Praça Walt Disney,,bicycle_parking,stands,10,yes,no,no,,,Prefeitura do Recife,,,,,,,,,,,,P448,,,,,2026-07-02T22:07:42.694Z,2026-07-02T22:07:42.694Z
5165,node/13112921023,node,POINT(-34.889522 -8.106064),Praça Cidade do Porto,,bicycle_parking,stands,10,yes,no,no,,,Prefeitura do Recife,,,,,,,,,,,,P447,,,,,2026-07-02T22:07:42.694Z,2026-07-02T22:07:42.694Z
5166,node/13112921024,node,POINT(-34.890877 -8.106038),Praça Comandante Alex,,bicycle_parking,stands,10,yes,no,no,,,Prefeitura do Recife,,,,,,,,,,,,P446,,,,,2026-07-02T22:07:42.694Z,2026-07-02T22:07:42.694Z
5167,node/13112921025,node,POINT(-34.909087 -8.109634),Estação e metrô Antônio Falcão,,bicycle_parking,stands,10,yes,no,no,,,Prefeitura do Recife,,,,,,,,,,,,P445,,,,,2026-07-02T22:07:42.694Z,2026-07-02T22:07:42.694Z
5168,node/13112921026,node,POINT(-34.894148 -8.071839),AACD,,bicycle_parking,stands,22,yes,no,no,,,Prefeitura do Recife,,,,,,,,,,,,P444,,,,,2026-07-02T22:07:42.694Z,2026-07-02T22:07:42.694Z
5169,node/13112921027,node,POINT(-34.958396 -8.084302),Quadra de Jardim Planalto,,bicycle_parking,stands,6,yes,no,no,,,Prefeitura do Recife,,,,,,,,,,,,P443,,,,,2026-07-02T22:07:42.694Z,2026-07-02T22:07:42.694Z
5170,node/13112921028,node,POINT(-34.964395 -8.091995),Escola Municipal de Tejipió,,bicycle_parking,stands,6,yes,no,no,,,Prefeitura do Recife,,,,,,,,,,,,P442,,,,,2026-07-02T22:07:42.694Z,2026-07-02T22:07:42.694Z
5171,node/13112921029,node,POINT(-34.964639 -8.091186),Estação Coqueiral,,bicycle_parking,stands,10,yes,no,no,,,Prefeitura do Recife,,,,,,,,,,,,P441,,,,,2026-07-02T22:07:42.694Z,2026-07-02T22:07:42.694Z
5172,node/13112921030,node,POINT(-34.918527 -8.073582),Praça do ABC,,bicycle_parking,stands,10,yes,no,no,,,Prefeitura do Recife,,,,,,,,,,,,P440,,,,,2026-07-02T22:07:42.694Z,2026-07-02T22:07:42.694Z
5173,node/13112921031,node,POINT(-34.918298 -8.071787),Praça Irmã Douraci Joaguim,,bicycle_parking,stands,10,yes,no,no,,,Prefeitura do Recife,,,,,,,,,,,,P439,,,,,2026-07-02T22:07:42.694Z,2026-07-02T22:07:42.694Z
5174,node/13112921032,node,POINT(-34.92525 -8.083425),Praça Zeppelin (Jiquiá),,bicycle_parking,stands,10,yes,no,no,,,Prefeitura do Recife,,,,,,,,,,,,P438,,,,,2026-07-02T22:07:42.694Z,2026-07-02T22:07:42.694Z
5175,node/13112921033,node,POINT(-34.921882 -8.114094),Praça da Sudene,,bicycle_parking,stands,10,yes,no,no,,,Prefeitura do Recife,,,,,,,,,,,,P437,,,,,2026-07-02T22:07:42.694Z,2026-07-02T22:07:42.694Z
5176,node/13112921034,node,POINT(-34.924747 -8.112414),Praça Aleixo de Oliveira,,bicycle_parking,stands,10,yes,no,no,,,Prefeitura do Recife,,,,,,,,,,,,P436,,,,,2026-07-02T22:07:42.694Z,2026-07-02T22:07:42.694Z
5177,node/13112921035,node,POINT(-34.918499 -8.11461),Praça Vicente Antunes,,bicycle_parking,stands,10,yes,no,no,,,Prefeitura do Recife,,,,,,,,,,,,P435,,,,,2026-07-02T22:07:42.694Z,2026-07-02T22:07:42.694Z
5178,node/13112921036,node,POINT(-34.887377 -8.086239),Praça da Lua,,bicycle_parking,stands,10,yes,no,no,,,Prefeitura do Recife,,,,,,,,,,,,P434,,,,,2026-07-02T22:07:42.694Z,2026-07-02T22:07:42.694Z
5179,node/13112921037,node,POINT(-34.883828 -8.099856),Barraca de Pingo,,bicycle_parking,stands,10,yes,no,no,,,Prefeitura do Recife,,,,,,,,,,,,P433,,,,,2026-07-02T22:07:42.694Z,2026-07-02T22:07:42.694Z
5180,node/13112921038,node,POINT(-34.918605 -8.115912),Praça do Sargento,,bicycle_parking,stands,10,yes,no,no,,,Prefeitura do Recife,,,,,,,,,,,,P432,,,,,2026-07-02T22:07:42.694Z,2026-07-02T22:07:42.694Z
5181,node/13112921039,node,POINT(-34.919767 -8.07872),Praça Franco Gomes Coutinho,,bicycle_parking,stands,10,yes,no,no,,,Prefeitura do Recife,,,,,,,,,,,,P431,,,,,2026-07-02T22:07:42.694Z,2026-07-02T22:07:42.694Z
5182,node/13112921040,node,POINT(-34.930639 -8.072198),Praça Nossa Senhora de Fátima,,bicycle_parking,stands,10,yes,no,no,,,Prefeitura do Recife,,,,,,,,,,,,P430,,,,,2026-07-02T22:07:42.694Z,2026-07-02T22:07:42.694Z
5183,node/13112921041,node,POINT(-34.927955 -8.072877),Praça Zeppelin (San Martin),,bicycle_parking,stands,10,yes,no,no,,,Prefeitura do Recife,,,,,,,,,,,,P429,,,,,2026-07-02T22:07:42.694Z,2026-07-02T22:07:42.694Z
5184,node/13112921042,node,POINT(-34.921773 -8.083229),Praça Professor Paulo Silveira do Nascimento,,bicycle_parking,stands,10,yes,no,no,,,Prefeitura do Recife,,,,,,,,,,,,P428,,,,,2026-07-02T22:07:42.694Z,2026-07-02T22:07:42.694Z
5185,node/13112921043,node,POINT(-34.911402 -8.071678),Praça Sargento Max Wolf Filho,,bicycle_parking,stands,10,yes,no,no,,,Prefeitura do Recife,,,,,,,,,,,,P427,,,,,2026-07-02T22:07:42.694Z,2026-07-02T22:07:42.694Z
5186,node/13112921044,node,POINT(-34.954845 -8.031226),TI Caxangá,,bicycle_parking,stands,6,yes,no,no,,,Prefeitura do Recife,,,,,,,,,,,,P426,,,,,2026-07-02T22:07:42.694Z,2026-07-02T22:07:42.694Z
5187,node/13112921045,node,POINT(-34.876596 -8.079951),Orla de Brasilia Teimosa (Buraco da Véia),,bicycle_parking,stands,10,yes,no,no,,,Prefeitura do Recife,,,,,,,,,,,,P425,,,,,2026-07-02T22:07:42.694Z,2026-07-02T22:07:42.694Z
5188,node/13112921046,node,POINT(-34.908857 -8.099821),Acad. da cidade – Polo Cafezópolis,,bicycle_parking,stands,10,yes,no,no,,,Prefeitura do Recife,,,,,,,,,,,,P424,,,,,2026-07-02T22:07:42.694Z,2026-07-02T22:07:42.694Z
5189,node/13112921047,node,POINT(-34.87587 -8.020313),Academia da Cidade Polo Chão de estrelas,,bicycle_parking,stands,10,yes,no,no,,,Prefeitura do Recife,,,,,,,,,,,,P423,,,,,2026-07-02T22:07:42.694Z,2026-07-02T22:07:42.694Z
5190,node/13112921048,node,POINT(-34.929403 -8.010254),Buriti,,bicycle_parking,stands,10,yes,no,no,,,Prefeitura do Recife,,,,,,,,,,,,P422,,,,,2026-07-02T22:07:42.694Z,2026-07-02T22:07:42.694Z
5191,node/13112921049,node,POINT(-34.888587 -8.044902),CMEI Prof. FRANCISCO do Amaral Lopes,,bicycle_parking,stands,10,yes,no,no,,,Prefeitura do Recife,,,,,,,,,,,,P421,,,,,2026-07-02T22:07:42.694Z,2026-07-02T22:07:42.694Z
5192,node/13112921050,node,POINT(-34.902784 -8.048016),Parque das Graças 03,,bicycle_parking,stands,20,yes,no,no,,,Prefeitura do Recife,,,,,,,,,,,,P420,,,,,2026-07-02T22:07:42.694Z,2026-07-02T22:07:42.694Z
5193,node/13112921051,node,POINT(-34.903651 -8.049569),Parque das Graças 02,,bicycle_parking,stands,10,yes,no,no,,,Prefeitura do Recife,,,,,,,,,,,,P419,,,,,2026-07-02T22:07:42.694Z,2026-07-02T22:07:42.694Z
5194,node/13112921052,node,POINT(-34.902913 -8.045406),Parque das Graças 01,,bicycle_parking,stands,12,yes,no,no,,,Prefeitura do Recife,,,,,,,,,,,,P418,,,,,2026-07-02T22:07:42.694Z,2026-07-02T22:07:42.694Z
5195,node/13112921053,node,POINT(-34.921716 -8.05029),TI Getulio Vargas 02,,bicycle_parking,stands,20,yes,no,no,,,Prefeitura do Recife,,,,,,,,,,,,P417,,,,,2026-07-02T22:07:42.694Z,2026-07-02T22:07:42.694Z
5196,node/13112921054,node,POINT(-34.943299 -8.038463),TI CDU,,bicycle_parking,stands,16,yes,no,no,,,Prefeitura do Recife,,,,,,,,,,,,P415,,,,,2026-07-02T22:07:42.694Z,2026-07-02T22:07:42.694Z
5197,node/13112921055,node,POINT(-34.917754 -8.025911),Mercado de Casa Amarela 04,,bicycle_parking,stands,10,yes,no,no,,,Prefeitura do Recife,,,,,,,,,,,,P414,,,,,2026-07-02T22:07:42.694Z,2026-07-02T22:07:42.694Z
5198,node/13112921056,node,POINT(-34.885148 -8.062604),Praça Maciel Pinheiro,,bicycle_parking,stands,10,yes,no,no,,,Prefeitura do Recife,,,,,,,,,,,,P413,,,,,2026-07-02T22:07:42.694Z,2026-07-02T22:07:42.694Z
5199,node/13112921057,node,POINT(-34.907299 -8.050652),Praça Eça de Queiroz,,bicycle_parking,stands,10,yes,no,no,,,Prefeitura do Recife,,,,,,,,,,,,P412,,,,,2026-07-02T22:07:42.694Z,2026-07-02T22:07:42.694Z
5200,node/13112921058,node,POINT(-34.90451 -8.053573),Dpt. Remo Do Sport Club Do Recife,,bicycle_parking,stands,10,yes,no,no,,,Prefeitura do Recife,,,,,,,,,,,,P411,,,,,2026-07-02T22:07:42.694Z,2026-07-02T22:07:42.694Z
5201,node/13112921059,node,POINT(-34.932698 -8.028989),Simonesia,,bicycle_parking,stands,4,yes,no,no,,,Prefeitura do Recife,,,,,,,,,,,,P410,,,,,2026-07-02T22:07:42.705Z,2026-07-02T22:07:42.705Z
5202,node/13112921060,node,POINT(-34.899404 -8.068887),,,bicycle_parking,stands,,yes,no,no,,,Prefeitura do Recife,,,,,,,,,,,,P409,,,,,2026-07-02T22:07:42.705Z,2026-07-02T22:07:42.705Z
5203,node/13112921061,node,POINT(-34.881264 -8.015904),CRAS Campina do Barreto,,bicycle_parking,stands,10,yes,no,no,,,Prefeitura do Recife,,,,,,,,,,,,P408,,,,,2026-07-02T22:07:42.705Z,2026-07-02T22:07:42.705Z
5204,node/13112921062,node,POINT(-34.929304 -8.016857),Praça do Burity,,bicycle_parking,stands,10,yes,no,no,,,Prefeitura do Recife,,,,,,,,,,,,P407,,,,,2026-07-02T22:07:42.705Z,2026-07-02T22:07:42.705Z
5205,node/13112921063,node,POINT(-34.925422 -8.096667),Academia da Cidade Polo Simão Borba,,bicycle_parking,stands,6,yes,no,no,,,Prefeitura do Recife,,,,,,,,,,,,P406,,,,,2026-07-02T22:07:42.705Z,2026-07-02T22:07:42.705Z
5206,node/13112921064,node,POINT(-34.89503 -8.060339),Praça Chora Menino,,bicycle_parking,stands,6,yes,no,no,,,Prefeitura do Recife,,,,,,,,,,,,P405,,,,,2026-07-02T22:07:42.705Z,2026-07-02T22:07:42.705Z
5207,node/13112921065,node,POINT(-34.946227 -8.118421),Praça dos Taxistas,,bicycle_parking,stands,6,yes,no,no,,,Prefeitura do Recife,,,,,,,,,,,,P404,,,,,2026-07-02T22:07:42.705Z,2026-07-02T22:07:42.705Z
5208,node/13112921066,node,POINT(-34.892775 -8.035682),Praça Dom Miguel Valverde 03,,bicycle_parking,stands,6,yes,no,no,,,Prefeitura do Recife,,,,,,,,,,,,P403,,,,,2026-07-02T22:07:42.705Z,2026-07-02T22:07:42.705Z
5209,node/13112921067,node,POINT(-34.892489 -8.035839),Praça Dom Miguel Valverde 02,,bicycle_parking,stands,6,yes,no,no,,,Prefeitura do Recife,,,,,,,,,,,,P402,,,,,2026-07-02T22:07:42.705Z,2026-07-02T22:07:42.705Z
5210,node/13112921068,node,POINT(-34.892587 -8.035414),Praça Dom Miguel Valverde 01,,bicycle_parking,stands,6,yes,no,no,,,Prefeitura do Recife,,,,,,,,,,,,P401,,,,,2026-07-02T22:07:42.705Z,2026-07-02T22:07:42.705Z
5211,node/13112921069,node,POINT(-34.932783 -8.067368),Praça João Pessoa de Queiroz,,bicycle_parking,stands,10,yes,no,no,,,Prefeitura do Recife,,,,,,,,,,,,P400,,,,,2026-07-02T22:07:42.705Z,2026-07-02T22:07:42.705Z
5212,node/13112921070,node,POINT(-34.910226 -8.050543),Praça Prof. Calazans,,bicycle_parking,stands,10,yes,no,no,,,Prefeitura do Recife,,,,,,,,,,,,P399,,,,,2026-07-02T22:07:42.705Z,2026-07-02T22:07:42.705Z
5213,node/13112921071,node,POINT(-34.94702 -8.117503),Praça dos Iburenses - Academia Recife,,bicycle_parking,stands,10,yes,no,no,,,Prefeitura do Recife,,,,,,,,,,,,P398,,,,,2026-07-02T22:07:42.705Z,2026-07-02T22:07:42.705Z
5214,node/13112921072,node,POINT(-34.89256 -8.034676),Escola Municipal Engenheiro Edinaldo Miranda de Oliveira,,bicycle_parking,stands,10,yes,no,no,,,Prefeitura do Recife,,,,,,,,,,,,P397,,,,,2026-07-02T22:07:42.705Z,2026-07-02T22:07:42.705Z
5215,node/13112921073,node,POINT(-34.893419 -8.0666),Academia da Cidade Polo Ilha do Leite,,bicycle_parking,stands,10,yes,no,no,,,Prefeitura do Recife,,,,,,,,,,,,P396,,,,,2026-07-02T22:07:42.705Z,2026-07-02T22:07:42.705Z
5216,node/13112921074,node,POINT(-34.919859 -8.105865),Praça Jardim América,,bicycle_parking,stands,10,yes,no,no,,,Prefeitura do Recife,,,,,,,,,,,,P395,,,,,2026-07-02T22:07:42.705Z,2026-07-02T22:07:42.705Z
5217,node/13112921075,node,POINT(-34.921888 -8.063776),Praça do Bongi 02,,bicycle_parking,stands,6,yes,no,no,,,Prefeitura do Recife,,,,,,,,,,,,P394,,,,,2026-07-02T22:07:42.705Z,2026-07-02T22:07:42.705Z
5218,node/13112921076,node,POINT(-34.906456 -8.077713),Estação Afogados 02,,bicycle_parking,stands,4,yes,no,no,,,Prefeitura do Recife,,,,,,,,,,,,P393,,,,,2026-07-02T22:07:42.705Z,2026-07-02T22:07:42.705Z
5219,node/13112921077,node,POINT(-34.90643 -8.077317),Estação Afogados 01,,bicycle_parking,stands,6,yes,no,no,,,Prefeitura do Recife,,,,,,,,,,,,P392,,,,,2026-07-02T22:07:42.705Z,2026-07-02T22:07:42.705Z
5220,node/13112921078,node,POINT(-34.93423 -8.094366),Praça da Vitória,,bicycle_parking,stands,10,yes,no,no,,,Prefeitura do Recife,,,,,,,,,,,,P391,,,,,2026-07-02T22:07:42.705Z,2026-07-02T22:07:42.705Z
5221,node/13112921079,node,POINT(-34.93012 -8.093229),Praça Jornalista Anibal Fernandes,,bicycle_parking,stands,10,yes,no,no,,,Prefeitura do Recife,,,,,,,,,,,,P390,,,,,2026-07-02T22:07:42.705Z,2026-07-02T22:07:42.705Z
5222,node/13112921080,node,POINT(-34.932518 -8.093423),Praça Manfredo Nigro,,bicycle_parking,stands,10,yes,no,no,,,Prefeitura do Recife,,,,,,,,,,,,P389,,,,,2026-07-02T22:07:42.705Z,2026-07-02T22:07:42.705Z
5223,node/13112921081,node,POINT(-34.933347 -8.094168),Praça José Cecílio de Lira,,bicycle_parking,stands,10,yes,no,no,,,Prefeitura do Recife,,,,,,,,,,,,P388,,,,,2026-07-02T22:07:42.705Z,2026-07-02T22:07:42.705Z
5224,node/13112921082,node,POINT(-34.931675 -8.094303),Praça São Braz,,bicycle_parking,stands,10,yes,no,no,,,Prefeitura do Recife,,,,,,,,,,,,P387,,,,,2026-07-02T22:07:42.705Z,2026-07-02T22:07:42.705Z
5225,node/13112921083,node,POINT(-34.93143 -8.09648),Praça Eduardo Cardoso,,bicycle_parking,stands,10,yes,no,no,,,Prefeitura do Recife,,,,,,,,,,,,P386,,,,,2026-07-02T22:07:42.705Z,2026-07-02T22:07:42.705Z
5226,node/13112921084,node,POINT(-34.938989 -8.095365),Praça 4 de Outubro,,bicycle_parking,stands,10,yes,no,no,,,Prefeitura do Recife,,,,,,,,,,,,P385,,,,,2026-07-02T22:07:42.705Z,2026-07-02T22:07:42.705Z
5227,node/13112921085,node,POINT(-34.943836 -8.095502),Praça Nossa Senhora de Lourdes,,bicycle_parking,stands,10,yes,no,no,,,Prefeitura do Recife,,,,,,,,,,,,P384,,,,,2026-07-02T22:07:42.705Z,2026-07-02T22:07:42.705Z
5228,node/13112921086,node,POINT(-34.933831 -8.089414),Mercado de Areias,,bicycle_parking,stands,10,yes,no,no,,,Prefeitura do Recife,,,,,,,,,,,,P383,,,,,2026-07-02T22:07:42.705Z,2026-07-02T22:07:42.705Z
5229,node/13112921087,node,POINT(-34.936713 -8.094601),Praça da Lavadeira,,bicycle_parking,stands,10,yes,no,no,,,Prefeitura do Recife,,,,,,,,,,,,P382,,,,,2026-07-02T22:07:42.705Z,2026-07-02T22:07:42.705Z
5230,node/13112921088,node,POINT(-34.936488 -8.101343),Campo de Areias,,bicycle_parking,stands,10,yes,no,no,,,Prefeitura do Recife,,,,,,,,,,,,P381,,,,,2026-07-02T22:07:42.705Z,2026-07-02T22:07:42.705Z
5231,node/13112921089,node,POINT(-34.938385 -8.097552),Praça João Stanislau,,bicycle_parking,stands,10,yes,no,no,,,Prefeitura do Recife,,,,,,,,,,,,P380,,,,,2026-07-02T22:07:42.705Z,2026-07-02T22:07:42.705Z
5232,node/13112921090,node,POINT(-34.928055 -8.10024),Hospital Eduardo Campos da Pessoa Idosa,,bicycle_parking,stands,10,yes,no,no,,,Prefeitura do Recife,,,,,,,,,,,,P379,,,,,2026-07-02T22:07:42.705Z,2026-07-02T22:07:42.705Z
5233,node/13112921091,node,POINT(-34.961801 -8.086909),Hospital Otávio de Freitas,,bicycle_parking,stands,10,yes,no,no,,,Prefeitura do Recife,,,,,,,,,,,,P378,,,,,2026-07-02T22:07:42.705Z,2026-07-02T22:07:42.705Z
5234,node/13112921092,node,POINT(-34.96149 -8.08243),Escola Municipal Professora Maria da Paz Brandão Alves,,bicycle_parking,stands,10,yes,no,no,,,Prefeitura do Recife,,,,,,,,,,,,P377,,,,,2026-07-02T22:07:42.705Z,2026-07-02T22:07:42.705Z
5235,node/13112921093,node,POINT(-34.956638 -8.090533),Estação Tejipió,,bicycle_parking,stands,10,yes,no,no,,,Prefeitura do Recife,,,,,,,,,,,,P376,,,,,2026-07-02T22:07:42.705Z,2026-07-02T22:07:42.705Z
5236,node/13112921094,node,POINT(-34.927558 -8.065398),Praça da Cavalaria 02,,bicycle_parking,stands,10,yes,no,no,,,Prefeitura do Recife,,,,,,,,,,,,P375,,,,,2026-07-02T22:07:42.705Z,2026-07-02T22:07:42.705Z
5237,node/13112921095,node,POINT(-34.927059 -8.065575),Praça da Cavalaria 01,,bicycle_parking,stands,10,yes,no,no,,,Prefeitura do Recife,,,,,,,,,,,,P374,,,,,2026-07-02T22:07:42.705Z,2026-07-02T22:07:42.705Z
5238,node/13112921096,node,POINT(-34.932112 -8.067679),EREM Professora Helena Pugó,,bicycle_parking,stands,20,yes,no,no,,,Prefeitura do Recife,,,,,,,,,,,,P373,,,,,2026-07-02T22:07:42.705Z,2026-07-02T22:07:42.705Z
5239,node/13112921097,node,POINT(-34.928825 -8.071083),Praça de San Martin (Praça da Infância),,bicycle_parking,stands,10,yes,no,no,,,Prefeitura do Recife,,,,,,,,,,,,P372,,,,,2026-07-02T22:07:42.705Z,2026-07-02T22:07:42.705Z
5240,node/13112921098,node,POINT(-34.940126 -8.08056),Praça do El Salvador,,bicycle_parking,stands,10,yes,no,no,,,Prefeitura do Recife,,,,,,,,,,,,P371,,,,,2026-07-02T22:07:42.705Z,2026-07-02T22:07:42.705Z
5241,node/13112921099,node,POINT(-34.940573 -8.071672),Hospital da Mulher (Emergência),,bicycle_parking,stands,10,yes,no,no,,,Prefeitura do Recife,,,,,,,,,,,,P370,,,,,2026-07-02T22:07:42.705Z,2026-07-02T22:07:42.705Z
5242,node/13112921100,node,POINT(-34.94103 -8.070992),Hospital da Mulher (Acesso Funcionários),,bicycle_parking,stands,10,yes,no,no,,,Prefeitura do Recife,,,,,,,,,,,,P369,,,,,2026-07-02T22:07:42.705Z,2026-07-02T22:07:42.705Z
5243,node/13112921101,node,POINT(-34.940774 -8.072143),Hospital da Mulher (Administração),,bicycle_parking,stands,10,yes,no,no,,,Prefeitura do Recife,,,,,,,,,,,,P368,,,,,2026-07-02T22:07:42.705Z,2026-07-02T22:07:42.705Z
5244,node/13112921102,node,POINT(-34.904849 -8.081301),T.I Largo da Paz,,bicycle_parking,stands,10,yes,no,no,,,Prefeitura do Recife,,,,,,,,,,,,P367,,,,,2026-07-02T22:07:42.705Z,2026-07-02T22:07:42.705Z
5245,node/13112921103,node,POINT(-34.917902 -8.073999),Escola Municipal Professor Antônio de Brito Alves,,bicycle_parking,stands,10,yes,no,no,,,Prefeitura do Recife,,,,,,,,,,,,P366,,,,,2026-07-02T22:07:42.705Z,2026-07-02T22:07:42.705Z
5246,node/13112921104,node,POINT(-34.911157 -8.079081),Maternidade Professor Bandeira Filho,,bicycle_parking,stands,10,yes,no,no,,,Prefeitura do Recife,,,,,,,,,,,,P365,,,,,2026-07-02T22:07:42.705Z,2026-07-02T22:07:42.705Z
5247,node/13112921105,node,POINT(-34.905679 -8.07812),Mercado de Afogados,,bicycle_parking,stands,10,yes,no,no,,,Prefeitura do Recife,,,,,,,,,,,,P364,,,,,2026-07-02T22:07:42.705Z,2026-07-02T22:07:42.705Z
5248,node/13112921106,node,POINT(-34.906812 -8.077758),Calçada do metrô de Afogados,,bicycle_parking,stands,10,yes,no,no,,,Prefeitura do Recife,,,,,,,,,,,,P363,,,,,2026-07-02T22:07:42.705Z,2026-07-02T22:07:42.705Z
5249,node/13112921107,node,POINT(-34.902053 -8.061897),Calçada do Sport Clube do Recife,,bicycle_parking,stands,10,yes,no,no,,,Prefeitura do Recife,,,,,,,,,,,,P362,,,,,2026-07-02T22:07:42.705Z,2026-07-02T22:07:42.705Z
5250,node/13112921108,node,POINT(-34.953117 -8.050748),Restaurante Universitário (UFPE),,bicycle_parking,stands,10,yes,no,no,,,Prefeitura do Recife,,,,,,,,,,,,P361,,,,,2026-07-02T22:07:42.705Z,2026-07-02T22:07:42.705Z
5251,node/13112921109,node,POINT(-34.9457 -8.052232),Reitoria UFPE,,bicycle_parking,stands,10,yes,no,no,,,Prefeitura do Recife,,,,,,,,,,,,P360,,,,,2026-07-02T22:07:42.705Z,2026-07-02T22:07:42.705Z
5252,node/13112921110,node,POINT(-34.952951 -8.046323),Cemitério da Várzea,,bicycle_parking,stands,10,yes,no,no,,,Prefeitura do Recife,,,,,,,,,,,,P359,,,,,2026-07-02T22:07:42.705Z,2026-07-02T22:07:42.705Z
5591,node/13176664832,node,POINT(-44.7195678 -23.2214388),,,bicycle_parking,wall_loops,20,,yes,,,,,,,,,,,,,,,,,,,,,2026-07-02T22:07:42.739Z,2026-07-02T22:07:42.739Z
5253,node/13112921111,node,POINT(-34.959424 -8.048868),Praça da Várzea,,bicycle_parking,stands,10,yes,no,no,,,Prefeitura do Recife,,,,,,,,,,,,P358,,,,,2026-07-02T22:07:42.705Z,2026-07-02T22:07:42.705Z
5254,node/13112921112,node,POINT(-34.959424 -8.048726),Praça Pinto Damásio,,bicycle_parking,stands,10,yes,no,no,,,Prefeitura do Recife,,,,,,,,,,,,P357,,,,,2026-07-02T22:07:42.705Z,2026-07-02T22:07:42.705Z
5255,node/13112921113,node,POINT(-34.95816 -8.050249),Melhor Cantinho da Cidade,,bicycle_parking,stands,10,yes,no,no,,,Prefeitura do Recife,,,,,,,,,,,,P356,,,,,2026-07-02T22:07:42.705Z,2026-07-02T22:07:42.705Z
5256,node/13112921114,node,POINT(-34.958382 -8.050628),Praça do Rosário,,bicycle_parking,stands,10,yes,no,no,,,Prefeitura do Recife,,,,,,,,,,,,P355,,,,,2026-07-02T22:07:42.705Z,2026-07-02T22:07:42.705Z
5257,node/13112921115,node,POINT(-34.907993 -8.04109),Ascendino Neves,,bicycle_parking,stands,10,yes,no,no,,,Prefeitura do Recife,,,,,,,,,,,,P354,,,,,2026-07-02T22:07:42.705Z,2026-07-02T22:07:42.705Z
5258,node/13112921116,node,POINT(-34.940214 -8.048151),Praça do Bom Pastor,,bicycle_parking,stands,10,yes,no,no,,,Prefeitura do Recife,,,,,,,,,,,,P353,,,,,2026-07-02T22:07:42.705Z,2026-07-02T22:07:42.705Z
5259,node/13112921117,node,POINT(-34.947151 -8.036372),Praça Estevão Sá,,bicycle_parking,stands,10,yes,no,no,,,Prefeitura do Recife,,,,,,,,,,,,P352,,,,,2026-07-02T22:07:42.705Z,2026-07-02T22:07:42.705Z
5260,node/13112921118,node,POINT(-34.908901 -8.065535),Praça Cosme Viana,,bicycle_parking,stands,10,yes,no,no,,,Prefeitura do Recife,,,,,,,,,,,,P351,,,,,2026-07-02T22:07:42.705Z,2026-07-02T22:07:42.705Z
5261,node/13112921119,node,POINT(-34.943977 -8.056172),Escola Professor Leal de Barros,,bicycle_parking,stands,10,yes,no,no,,,Prefeitura do Recife,,,,,,,,,,,,P350,,,,,2026-07-02T22:07:42.705Z,2026-07-02T22:07:42.705Z
5262,node/13112921120,node,POINT(-34.943348 -8.03624),Praça Luiz de Lacerda,,bicycle_parking,stands,10,yes,no,no,,,Prefeitura do Recife,,,,,,,,,,,,P349,,,,,2026-07-02T22:07:42.705Z,2026-07-02T22:07:42.705Z
5263,node/13112921121,node,POINT(-34.932589 -8.030911),Praça Nova Esperança,,bicycle_parking,stands,10,yes,no,no,,,Prefeitura do Recife,,,,,,,,,,,,P348,,,,,2026-07-02T22:07:42.705Z,2026-07-02T22:07:42.705Z
5264,node/13112921122,node,POINT(-34.934944 -8.039667),Praça Cordislândia,,bicycle_parking,stands,10,yes,no,no,,,Prefeitura do Recife,,,,,,,,,,,,P347,,,,,2026-07-02T22:07:42.705Z,2026-07-02T22:07:42.705Z
5265,node/13112921123,node,POINT(-34.931443 -8.045391),Praça Professor Coelho de Almeida,,bicycle_parking,stands,10,yes,no,no,,,Prefeitura do Recife,,,,,,,,,,,,P346,,,,,2026-07-02T22:07:42.705Z,2026-07-02T22:07:42.705Z
5266,node/13112921124,node,POINT(-34.912518 -8.056582),Praça do Berardo,,bicycle_parking,stands,10,yes,no,no,,,Prefeitura do Recife,,,,,,,,,,,,P345,,,,,2026-07-02T22:07:42.705Z,2026-07-02T22:07:42.705Z
5267,node/13112921125,node,POINT(-34.931021 -8.062798),Praça da Chesf,,bicycle_parking,stands,10,yes,no,no,,,Prefeitura do Recife,,,,,,,,,,,,P344,,,,,2026-07-02T22:07:42.705Z,2026-07-02T22:07:42.705Z
5268,node/13112921126,node,POINT(-34.932018 -8.06513),Praça Luiz Gonzaga,,bicycle_parking,stands,4,yes,no,no,,,Prefeitura do Recife,,,,,,,,,,,,P343,,,,,2026-07-02T22:07:42.705Z,2026-07-02T22:07:42.705Z
5269,node/13112921127,node,POINT(-34.933376 -8.066907),Praça da Paz Arcebispo Dom Helder Câmara,,bicycle_parking,stands,10,yes,no,no,,,Prefeitura do Recife,,,,,,,,,,,,P342,,,,,2026-07-02T22:07:42.705Z,2026-07-02T22:07:42.705Z
5270,node/13112921128,node,POINT(-34.927325 -8.056242),Praça da Fé,,bicycle_parking,stands,10,yes,no,no,,,Prefeitura do Recife,,,,,,,,,,,,P341,,,,,2026-07-02T22:07:42.705Z,2026-07-02T22:07:42.705Z
5271,node/13112921129,node,POINT(-34.92624 -8.059943),COMPAZ Escritor Ariano Suassuna,,bicycle_parking,stands,10,yes,no,no,,,Prefeitura do Recife,,,,,,,,,,,,P340,,,,,2026-07-02T22:07:42.705Z,2026-07-02T22:07:42.705Z
5272,node/13112921130,node,POINT(-34.926057 -8.06),COMPAZ Escritor Ariano Suassuna,,bicycle_parking,stands,10,yes,no,no,,,Prefeitura do Recife,,,,,,,,,,,,P339,,,,,2026-07-02T22:07:42.705Z,2026-07-02T22:07:42.705Z
5273,node/13112921131,node,POINT(-34.926036 -8.059568),COMPAZ Escritor Ariano Suassuna,,bicycle_parking,stands,10,yes,no,no,,,Prefeitura do Recife,,,,,,,,,,,,P338,,,,,2026-07-02T22:07:42.705Z,2026-07-02T22:07:42.705Z
5274,node/13112921132,node,POINT(-34.926897 -8.050059),Praça Áureo Xavier,,bicycle_parking,stands,10,yes,no,no,,,Prefeitura do Recife,,,,,,,,,,,,P337,,,,,2026-07-02T22:07:42.705Z,2026-07-02T22:07:42.705Z
5275,node/13112921133,node,POINT(-34.925347 -8.049242),Praça Dom José Pereira Alves,,bicycle_parking,stands,10,yes,no,no,,,Prefeitura do Recife,,,,,,,,,,,,P336,,,,,2026-07-02T22:07:42.705Z,2026-07-02T22:07:42.705Z
5276,node/13112921134,node,POINT(-34.908331 -8.04248),Praça Batista da Silva,,bicycle_parking,stands,10,yes,no,no,,,Prefeitura do Recife,,,,,,,,,,,,P335,,,,,2026-07-02T22:07:42.705Z,2026-07-02T22:07:42.705Z
5277,node/13112921135,node,POINT(-34.915332 -8.044783),Praça Gregório Bezerra,,bicycle_parking,stands,10,yes,no,no,,,Prefeitura do Recife,,,,,,,,,,,,P334,,,,,2026-07-02T22:07:42.705Z,2026-07-02T22:07:42.705Z
5278,node/13112921136,node,POINT(-34.903803 -8.056312),Praça José da Mota Silveira,,bicycle_parking,stands,10,yes,no,no,,,Prefeitura do Recife,,,,,,,,,,,,P333,,,,,2026-07-02T22:07:42.705Z,2026-07-02T22:07:42.705Z
5279,node/13112921137,node,POINT(-34.904332 -8.047389),Praça Domingos Giovanetti,,bicycle_parking,stands,10,yes,no,no,,,Prefeitura do Recife,,,,,,,,,,,,P332,,,,,2026-07-02T22:07:42.705Z,2026-07-02T22:07:42.705Z
5280,node/13112921138,node,POINT(-34.904993 -8.049865),Praça Paulo Freire,,bicycle_parking,stands,10,yes,no,no,,,Prefeitura do Recife,,,,,,,,,,,,P331,,,,,2026-07-02T22:07:42.705Z,2026-07-02T22:07:42.705Z
5281,node/13112921139,node,POINT(-34.892724 -8.026138),Estádio do Arruda,,bicycle_parking,stands,10,yes,no,no,,,Prefeitura do Recife,,,,,,,,,,,,P330,,,,,2026-07-02T22:07:42.705Z,2026-07-02T22:07:42.705Z
5282,node/13112921140,node,POINT(-34.877331 -8.032432),Praça de Campo Grande,,bicycle_parking,stands,10,yes,no,no,,,Prefeitura do Recife,,,,,,,,,,,,P329,,,,,2026-07-02T22:07:42.705Z,2026-07-02T22:07:42.705Z
5283,node/13112921141,node,POINT(-34.922249 -8.010314),Campo de Concentração de Treinamento de Futebol Internacional do Brasil,,bicycle_parking,stands,10,yes,no,no,,,Prefeitura do Recife,,,,,,,,,,,,P328,,,,,2026-07-02T22:07:42.705Z,2026-07-02T22:07:42.705Z
5284,node/13112921142,node,POINT(-34.885128 -8.039258),Praça Augusto Rodrigues,,bicycle_parking,stands,10,yes,no,no,,,Prefeitura do Recife,,,,,,,,,,,,P327,,,,,2026-07-02T22:07:42.705Z,2026-07-02T22:07:42.705Z
5285,node/13112921143,node,POINT(-34.910298 -8.037617),Quadra do Viaduto João Tude Melo,,bicycle_parking,stands,10,yes,no,no,,,Prefeitura do Recife,,,,,,,,,,,,P326,,,,,2026-07-02T22:07:42.705Z,2026-07-02T22:07:42.705Z
5286,node/13112921144,node,POINT(-34.911385 -8.034301),Praça Dr. José Vilela 02,,bicycle_parking,stands,10,yes,no,no,,,Prefeitura do Recife,,,,,,,,,,,,P325,,,,,2026-07-02T22:07:42.705Z,2026-07-02T22:07:42.705Z
5287,node/13112921145,node,POINT(-34.911542 -8.034201),Praça Dr. José Vilela 01,,bicycle_parking,stands,10,yes,no,no,,,Prefeitura do Recife,,,,,,,,,,,,P324,,,,,2026-07-02T22:07:42.705Z,2026-07-02T22:07:42.705Z
5288,node/13112921146,node,POINT(-34.88756 -8.01786),Praça Maria José dos Santos,,bicycle_parking,stands,10,yes,no,no,,,Prefeitura do Recife,,,,,,,,,,,,P323,,,,,2026-07-02T22:07:42.705Z,2026-07-02T22:07:42.705Z
5289,node/13112921147,node,POINT(-34.893929 -8.025131),Praça Newton Vaz,,bicycle_parking,stands,10,yes,no,no,,,Prefeitura do Recife,,,,,,,,,,,,P322,,,,,2026-07-02T22:07:42.705Z,2026-07-02T22:07:42.705Z
5290,node/13112921148,node,POINT(-34.89415 -8.008204),Praça Maria da Conceição de Barros,,bicycle_parking,stands,10,yes,no,no,,,Prefeitura do Recife,,,,,,,,,,,,P321,,,,,2026-07-02T22:07:42.705Z,2026-07-02T22:07:42.705Z
5291,node/13112921149,node,POINT(-34.887709 -8.032715),Escola Embaixador Gilberto Amado,,bicycle_parking,stands,10,yes,no,no,,,Prefeitura do Recife,,,,,,,,,,,,P320,,,,,2026-07-02T22:07:42.705Z,2026-07-02T22:07:42.705Z
5292,node/13112921150,node,POINT(-34.93407 -8.021096),Praça de Apipucos,,bicycle_parking,stands,10,yes,no,no,,,Prefeitura do Recife,,,,,,,,,,,,P319,,,,,2026-07-02T22:07:42.705Z,2026-07-02T22:07:42.705Z
5293,node/13112921151,node,POINT(-34.886474 -8.031968),Maternidade Professor Bandeira Filho,,bicycle_parking,stands,10,yes,no,no,,,Prefeitura do Recife,,,,,,,,,,,,P317,,,,,2026-07-02T22:07:42.705Z,2026-07-02T22:07:42.705Z
5294,node/13112921152,node,POINT(-34.887033 -8.051501),Secretaria Executiva de Vigilência em Saúde SEVS,,bicycle_parking,stands,10,yes,no,no,,,Prefeitura do Recife,,,,,,,,,,,,P316,,,,,2026-07-02T22:07:42.705Z,2026-07-02T22:07:42.705Z
5295,node/13112921153,node,POINT(-34.909362 -8.026665),Praça Josenildo Lins,,bicycle_parking,stands,10,yes,no,no,,,Prefeitura do Recife,,,,,,,,,,,,P315,,,,,2026-07-02T22:07:42.705Z,2026-07-02T22:07:42.705Z
5296,node/13112921154,node,POINT(-34.887137 -8.039819),Praça Castro Alves,,bicycle_parking,stands,10,yes,no,no,,,Prefeitura do Recife,,,,,,,,,,,,P314,,,,,2026-07-02T22:07:42.705Z,2026-07-02T22:07:42.705Z
5297,node/13112921155,node,POINT(-34.883142 -8.041221),Academia da Cidade Polo Torreão,,bicycle_parking,stands,10,yes,no,no,,,Prefeitura do Recife,,,,,,,,,,,,P313,,,,,2026-07-02T22:07:42.705Z,2026-07-02T22:07:42.705Z
5298,node/13112921156,node,POINT(-34.879121 -8.025585),Praça de Vinte de Julho,,bicycle_parking,stands,10,yes,no,no,,,Prefeitura do Recife,,,,,,,,,,,,P312,,,,,2026-07-02T22:07:42.705Z,2026-07-02T22:07:42.705Z
5299,node/13112921157,node,POINT(-34.881429 -8.016671),Campo Campina de Barreto,,bicycle_parking,stands,10,yes,no,no,,,Prefeitura do Recife,,,,,,,,,,,,P311,,,,,2026-07-02T22:07:42.705Z,2026-07-02T22:07:42.705Z
5300,node/13112921158,node,POINT(-34.877107 -8.02185),USF Prof. Antônio Francisco Areias,,bicycle_parking,stands,10,yes,no,no,,,Prefeitura do Recife,,,,,,,,,,,,P310,,,,,2026-07-02T22:07:42.705Z,2026-07-02T22:07:42.705Z
5301,node/13112921159,node,POINT(-34.926694 -8.00283),Praça Josélia,,bicycle_parking,stands,10,yes,no,no,,,Prefeitura do Recife,,,,,,,,,,,,P309,,,,,2026-07-02T22:07:42.716Z,2026-07-02T22:07:42.716Z
5302,node/13112921160,node,POINT(-34.883099 -8.022786),Praça Desenhista Eulino Santos,,bicycle_parking,stands,10,yes,no,no,,,Prefeitura do Recife,,,,,,,,,,,,P308,,,,,2026-07-02T22:07:42.716Z,2026-07-02T22:07:42.716Z
5303,node/13112921161,node,POINT(-34.891949 -8.038326),Calçada da Av. João de Barros,,bicycle_parking,stands,10,yes,no,no,,,Prefeitura do Recife,,,,,,,,,,,,P307,,,,,2026-07-02T22:07:42.716Z,2026-07-02T22:07:42.716Z
5304,node/13112921162,node,POINT(-34.906336 -8.022375),Praça Deputado Fabio Correa,,bicycle_parking,stands,10,yes,no,no,,,Prefeitura do Recife,,,,,,,,,,,,P306,,,,,2026-07-02T22:07:42.716Z,2026-07-02T22:07:42.716Z
5305,node/13112921163,node,POINT(-34.921227 -8.012574),Quadra do Vasco,,bicycle_parking,stands,10,yes,no,no,,,Prefeitura do Recife,,,,,,,,,,,,P305,,,,,2026-07-02T22:07:42.716Z,2026-07-02T22:07:42.716Z
5306,node/13112921164,node,POINT(-34.928384 -8.027899),Praça do Monteiro,,bicycle_parking,stands,10,yes,no,no,,,Prefeitura do Recife,,,,,,,,,,,,P304,,,,,2026-07-02T22:07:42.716Z,2026-07-02T22:07:42.716Z
5307,node/13112921165,node,POINT(-34.913993 -8.037022),Praça Jorn. Francisco Pessoa de Queiroz,,bicycle_parking,stands,10,yes,no,no,,,Prefeitura do Recife,,,,,,,,,,,,P303,,,,,2026-07-02T22:07:42.716Z,2026-07-02T22:07:42.716Z
5308,node/13112921166,node,POINT(-34.900583 -8.057962),Praça Otávio de Freitas,,bicycle_parking,stands,10,yes,no,no,,,Prefeitura do Recife,,,,,,,,,,,,P302,,,,,2026-07-02T22:07:42.716Z,2026-07-02T22:07:42.716Z
5309,node/13112921167,node,POINT(-34.892145 -8.036484),Mercado da Encruzilhada (Belém),,bicycle_parking,stands,18,yes,no,no,,,Prefeitura do Recife,,,,,,,,,,,,P301,,,,,2026-07-02T22:07:42.716Z,2026-07-02T22:07:42.716Z
5310,node/13112921168,node,POINT(-34.900547 -8.041828),Praça Marcelino Champagnat,,bicycle_parking,stands,10,yes,no,no,,,Prefeitura do Recife,,,,,,,,,,,,P300,,,,,2026-07-02T22:07:42.716Z,2026-07-02T22:07:42.716Z
5311,node/13112921169,node,POINT(-34.901488 -8.043824),Praça Elvira de Souza,,bicycle_parking,stands,10,yes,no,no,,,Prefeitura do Recife,,,,,,,,,,,,P299,,,,,2026-07-02T22:07:42.716Z,2026-07-02T22:07:42.716Z
5312,node/13112921170,node,POINT(-34.917937 -8.038042),Praça Flor de Santana,,bicycle_parking,stands,10,yes,no,no,,,Prefeitura do Recife,,,,,,,,,,,,P298,,,,,2026-07-02T22:07:42.716Z,2026-07-02T22:07:42.716Z
5313,node/13112921171,node,POINT(-34.911113 -8.038094),Praça Everaldo Bidou Lambbe,,bicycle_parking,stands,10,yes,no,no,,,Prefeitura do Recife,,,,,,,,,,,,P297,,,,,2026-07-02T22:07:42.716Z,2026-07-02T22:07:42.716Z
5314,node/13112921172,node,POINT(-34.91385 -8.040173),Praça Compositor Antônio Maria,,bicycle_parking,stands,10,yes,no,no,,,Prefeitura do Recife,,,,,,,,,,,,P296,,,,,2026-07-02T22:07:42.716Z,2026-07-02T22:07:42.716Z
5315,node/13112921173,node,POINT(-34.922475 -8.037233),Praça Vagner Love,,bicycle_parking,stands,10,yes,no,no,,,Prefeitura do Recife,,,,,,,,,,,,P295,,,,,2026-07-02T22:07:42.716Z,2026-07-02T22:07:42.716Z
5316,node/13112921174,node,POINT(-34.900727 -8.02397),Escola Municipal da Mangabeira,,bicycle_parking,stands,10,yes,no,no,,,Prefeitura do Recife,,,,,,,,,,,,P294,,,,,2026-07-02T22:07:42.716Z,2026-07-02T22:07:42.716Z
5317,node/13112921175,node,POINT(-34.931229 -8.010048),Canteiro Central da Avenida José Américo,,bicycle_parking,stands,10,yes,no,no,,,Prefeitura do Recife,,,,,,,,,,,,P293,,,,,2026-07-02T22:07:42.716Z,2026-07-02T22:07:42.716Z
5318,node/13112921176,node,POINT(-34.932825 -8.0178),Praça Sr. Bartolomeu,,bicycle_parking,stands,10,yes,no,no,,,Prefeitura do Recife,,,,,,,,,,,,P292,,,,,2026-07-02T22:07:42.716Z,2026-07-02T22:07:42.716Z
5319,node/13112921177,node,POINT(-34.904211 -8.021005),Centro de Saúde Dr. Luiz Wilson,,bicycle_parking,stands,10,yes,no,no,,,Prefeitura do Recife,,,,,,,,,,,,P291,,,,,2026-07-02T22:07:42.716Z,2026-07-02T22:07:42.716Z
5320,node/13112921178,node,POINT(-34.903306 -8.020276),Largo Bomba do Hemetério,,bicycle_parking,stands,10,yes,no,no,,,Prefeitura do Recife,,,,,,,,,,,,P290,,,,,2026-07-02T22:07:42.716Z,2026-07-02T22:07:42.716Z
5321,node/13112921179,node,POINT(-34.892381 -8.036496),Mercado da Encruzilhada,,bicycle_parking,stands,10,yes,no,no,,,Prefeitura do Recife,,,,,,,,,,,,P289,,,,,2026-07-02T22:07:42.716Z,2026-07-02T22:07:42.716Z
5322,node/13112921180,node,POINT(-34.90648 -8.029259),Praça Marcos Bocoiô,,bicycle_parking,stands,10,yes,no,no,,,Prefeitura do Recife,,,,,,,,,,,,P288,,,,,2026-07-02T22:07:42.716Z,2026-07-02T22:07:42.716Z
5323,node/13112921181,node,POINT(-34.897958 -8.030074),Praça Amaro Albino Pimentel,,bicycle_parking,stands,10,yes,no,no,,,Prefeitura do Recife,,,,,,,,,,,,P287,,,,,2026-07-02T22:07:42.716Z,2026-07-02T22:07:42.716Z
5324,node/13112921182,node,POINT(-34.882671 -8.009851),Praça na Rua Alice Tibiriçá,,bicycle_parking,stands,10,yes,no,no,,,Prefeitura do Recife,,,,,,,,,,,,P286,,,,,2026-07-02T22:07:42.716Z,2026-07-02T22:07:42.716Z
5325,node/13112921183,node,POINT(-34.883045 -8.012874),Praça André Antunes,,bicycle_parking,stands,10,yes,no,no,,,Prefeitura do Recife,,,,,,,,,,,,P285,,,,,2026-07-02T22:07:42.716Z,2026-07-02T22:07:42.716Z
5326,node/13112921184,node,POINT(-34.877927 -8.020391),Praça USF Irmã Terezinha,,bicycle_parking,stands,10,yes,no,no,,,Prefeitura do Recife,,,,,,,,,,,,P284,,,,,2026-07-02T22:07:42.716Z,2026-07-02T22:07:42.716Z
5327,node/13112921185,node,POINT(-34.889461 -8.014039),Praça do Fundão,,bicycle_parking,stands,10,yes,no,no,,,Prefeitura do Recife,,,,,,,,,,,,P283,,,,,2026-07-02T22:07:42.716Z,2026-07-02T22:07:42.716Z
5328,node/13112921186,node,POINT(-34.916663 -7.989077),Escola Estadual Prof. José dos Anjos,,bicycle_parking,stands,10,yes,no,no,,,Prefeitura do Recife,,,,,,,,,,,,P282,,,,,2026-07-02T22:07:42.716Z,2026-07-02T22:07:42.716Z
5329,node/13112921187,node,POINT(-34.913872 -7.999824),USF/ Praça Alto do Capitão,,bicycle_parking,stands,10,yes,no,no,,,Prefeitura do Recife,,,,,,,,,,,,P281,,,,,2026-07-02T22:07:42.716Z,2026-07-02T22:07:42.716Z
5330,node/13112921188,node,POINT(-34.901627 -8.000872),Praça Canavial,,bicycle_parking,stands,10,yes,no,no,,,Prefeitura do Recife,,,,,,,,,,,,P280,,,,,2026-07-02T22:07:42.716Z,2026-07-02T22:07:42.716Z
5331,node/13112921189,node,POINT(-34.898421 -8.032335),Praça Paulo Bernardo,,bicycle_parking,stands,10,yes,no,no,,,Prefeitura do Recife,,,,,,,,,,,,P279,,,,,2026-07-02T22:07:42.716Z,2026-07-02T22:07:42.716Z
5332,node/13112921190,node,POINT(-34.8894026 -8.0292462),Praça Ulisses Leon de Oliveira,,bicycle_parking,stands,10,yes,no,no,,,Prefeitura do Recife,,,,,,,,,,,,P278,,,,,2026-07-02T22:07:42.716Z,2026-07-02T22:07:42.716Z
5333,node/13112921191,node,POINT(-34.887623 -8.028423),Praça da rotatória,,bicycle_parking,stands,10,yes,no,no,,,Prefeitura do Recife,,,,,,,,,,,,P277,,,,,2026-07-02T22:07:42.716Z,2026-07-02T22:07:42.716Z
5334,node/13112921192,node,POINT(-34.876334 -8.025006),Praça Sargento Pincel,,bicycle_parking,stands,10,yes,no,no,,,Prefeitura do Recife,,,,,,,,,,,,P276,,,,,2026-07-02T22:07:42.716Z,2026-07-02T22:07:42.716Z
5335,node/13112921193,node,POINT(-34.876512 -8.025546),Praça do Lindomar,,bicycle_parking,stands,10,yes,no,no,,,Prefeitura do Recife,,,,,,,,,,,,P275,,,,,2026-07-02T22:07:42.716Z,2026-07-02T22:07:42.716Z
5336,node/13112921194,node,POINT(-34.881685 -8.024248),Praça Dalceu,,bicycle_parking,stands,10,yes,no,no,,,Prefeitura do Recife,,,,,,,,,,,,P274,,,,,2026-07-02T22:07:42.716Z,2026-07-02T22:07:42.716Z
5337,node/13112921195,node,POINT(-34.887708 -8.049551),Praça Márcio Condonga,,bicycle_parking,stands,10,yes,no,no,,,Prefeitura do Recife,,,,,,,,,,,,P273,,,,,2026-07-02T22:07:42.716Z,2026-07-02T22:07:42.716Z
5338,node/13112921196,node,POINT(-34.88346 -8.039759),Canteiro Central da Rua Othon Paraíso,,bicycle_parking,stands,10,yes,no,no,,,Prefeitura do Recife,,,,,,,,,,,,P272,,,,,2026-07-02T22:07:42.716Z,2026-07-02T22:07:42.716Z
5339,node/13112921197,node,POINT(-34.877434 -8.055833),Montreal,,bicycle_parking,stands,10,yes,no,no,,,Prefeitura do Recife,,,,,,,,,,,,P271,,,,,2026-07-02T22:07:42.716Z,2026-07-02T22:07:42.716Z
5340,node/13112921198,node,POINT(-34.880989 -8.060789),Restaurante Ôge,,bicycle_parking,stands,10,yes,no,no,,,Prefeitura do Recife,,,,,,,,,,,,P270,,,,,2026-07-02T22:07:42.716Z,2026-07-02T22:07:42.716Z
5341,node/13112921199,node,POINT(-34.870118 -8.066052),Parque de Esculturas,,bicycle_parking,stands,10,yes,no,no,,,Prefeitura do Recife,,,,,,,,,,,,P269,,,,,2026-07-02T22:07:42.716Z,2026-07-02T22:07:42.716Z
5342,node/13112921200,node,POINT(-34.883362 -8.0405),Canteiro Central da Rua Othon Paraíso,,bicycle_parking,stands,10,yes,no,no,,,Prefeitura do Recife,,,,,,,,,,,,P268,,,,,2026-07-02T22:07:42.716Z,2026-07-02T22:07:42.716Z
5343,node/13112921201,node,POINT(-34.9044502 -8.109552),Le Parc 2,,bicycle_parking,stands,6,yes,no,no,,,Prefeitura do Recife,,,,,,,,,,,,P267,,,,,2026-07-02T22:07:42.716Z,2026-07-02T22:07:42.716Z
5344,node/13112921202,node,POINT(-34.892814 -8.07969),Praça em frente a COMPESA,,bicycle_parking,stands,10,yes,no,no,,,Prefeitura do Recife,,,,,,,,,,,,P266,,,,,2026-07-02T22:07:42.716Z,2026-07-02T22:07:42.716Z
5345,node/13112921203,node,POINT(-34.896521 -8.070371),Praça de Joana Bezerra,,bicycle_parking,stands,10,yes,no,no,,,Prefeitura do Recife,,,,,,,,,,,,P265,,,,,2026-07-02T22:07:42.716Z,2026-07-02T22:07:42.716Z
5346,node/13112921204,node,POINT(-34.897482 -8.062248),Pontilhão da Paissandu,,bicycle_parking,stands,10,yes,no,no,,,Prefeitura do Recife,,,,,,,,,,,,P264,,,,,2026-07-02T22:07:42.716Z,2026-07-02T22:07:42.716Z
5347,node/13112921205,node,POINT(-34.898268 -8.056429),Praça do Derby,,bicycle_parking,stands,10,yes,no,no,,,Prefeitura do Recife,,,,,,,,,,,,P263,,,,,2026-07-02T22:07:42.716Z,2026-07-02T22:07:42.716Z
5348,node/13112921206,node,POINT(-34.880251 -8.072869),Catamaran,,bicycle_parking,stands,10,yes,no,no,,,Prefeitura do Recife,,,,,,,,,,,,P262,,,,,2026-07-02T22:07:42.716Z,2026-07-02T22:07:42.716Z
5349,node/13112921207,node,POINT(-34.9037635 -8.1111506),Le Parc,,bicycle_parking,stands,6,yes,no,no,,,Prefeitura do Recife,,,,,,,,,,,,P261,,,,,2026-07-02T22:07:42.716Z,2026-07-02T22:07:42.716Z
5350,node/13112921208,node,POINT(-34.876891 -8.067243),Rua da Carioca,,bicycle_parking,stands,10,yes,no,no,,,Prefeitura do Recife,,,,,,,,,,,,P260,,,,,2026-07-02T22:07:42.716Z,2026-07-02T22:07:42.716Z
5351,node/13112921209,node,POINT(-34.880826 -8.071375),Forte das Cinco Pontas,,bicycle_parking,stands,10,yes,no,no,,,Prefeitura do Recife,,,,,,,,,,,,P259,,,,,2026-07-02T22:07:42.716Z,2026-07-02T22:07:42.716Z
5352,node/13112921210,node,POINT(-34.950094 -8.115151),Praça dos Guerreiros,,bicycle_parking,stands,10,yes,no,no,,,Prefeitura do Recife,,,,,,,,,,,,P258,,,,,2026-07-02T22:07:42.716Z,2026-07-02T22:07:42.716Z
5353,node/13112921211,node,POINT(-34.947362 -8.130905),Praça da UR5,,bicycle_parking,stands,10,yes,no,no,,,Prefeitura do Recife,,,,,,,,,,,,P257,,,,,2026-07-02T22:07:42.716Z,2026-07-02T22:07:42.716Z
5354,node/13112921212,node,POINT(-34.886124 -8.042649),Campo Armador Antônio Moreno,,bicycle_parking,stands,10,yes,no,no,,,Prefeitura do Recife,,,,,,,,,,,,P255,,,,,2026-07-02T22:07:42.716Z,2026-07-02T22:07:42.716Z
5355,node/13112921213,node,POINT(-34.877948 -8.054155),Capitão,,bicycle_parking,stands,10,yes,no,no,,,Prefeitura do Recife,,,,,,,,,,,,P254,,,,,2026-07-02T22:07:42.716Z,2026-07-02T22:07:42.716Z
5356,node/13112921214,node,POINT(-34.870974 -8.053399),Museu Forte do Brum,,bicycle_parking,stands,10,yes,no,no,,,Prefeitura do Recife,,,,,,,,,,,,P253,,,,,2026-07-02T22:07:42.716Z,2026-07-02T22:07:42.716Z
5357,node/13112921215,node,POINT(-34.877703 -8.054352),Bacurau - Galo,,bicycle_parking,stands,10,yes,no,no,,,Prefeitura do Recife,,,,,,,,,,,,P252,,,,,2026-07-02T22:07:42.716Z,2026-07-02T22:07:42.716Z
5358,node/13112921216,node,POINT(-34.880844 -8.065571),Rua da Palma,,bicycle_parking,stands,4,yes,no,no,,,Prefeitura do Recife,,,,,,,,,,,,P251,,,,,2026-07-02T22:07:42.716Z,2026-07-02T22:07:42.716Z
5359,node/13112921217,node,POINT(-34.89641 -8.058486),Igreja de Nossa Senhora das Fronteiras,,bicycle_parking,stands,10,yes,no,no,,,Prefeitura do Recife,,,,,,,,,,,,P250,,,,,2026-07-02T22:07:42.716Z,2026-07-02T22:07:42.716Z
5360,node/13112921218,node,POINT(-34.883058 -8.063276),Rua Imperatriz Tereza Cristina (SECR),,bicycle_parking,stands,10,yes,no,no,,,Prefeitura do Recife,,,,,,,,,,,,P249,,,,,2026-07-02T22:07:42.716Z,2026-07-02T22:07:42.716Z
5361,node/13112921219,node,POINT(-34.897201 -8.069119),Quadra da Praça Joana Bezerra,,bicycle_parking,stands,10,yes,no,no,,,Prefeitura do Recife,,,,,,,,,,,,P248,,,,,2026-07-02T22:07:42.716Z,2026-07-02T22:07:42.716Z
5362,node/13112921220,node,POINT(-34.885324 -8.064536),Praça na Rua Velha,,bicycle_parking,stands,10,yes,no,no,,,Prefeitura do Recife,,,,,,,,,,,,P247,,,,,2026-07-02T22:07:42.716Z,2026-07-02T22:07:42.716Z
5363,node/13112921221,node,POINT(-34.899747 -8.072545),Praça na Rua Ibiporã,,bicycle_parking,stands,10,yes,no,no,,,Prefeitura do Recife,,,,,,,,,,,,P246,,,,,2026-07-02T22:07:42.716Z,2026-07-02T22:07:42.716Z
5364,node/13112921222,node,POINT(-34.900287 -8.054847),Praça Jenner de Souza,,bicycle_parking,stands,10,yes,no,no,,,Prefeitura do Recife,,,,,,,,,,,,P245,,,,,2026-07-02T22:07:42.716Z,2026-07-02T22:07:42.716Z
5365,node/13112921223,node,POINT(-34.893497 -8.063156),Praça Dom Bosco 02,,bicycle_parking,stands,4,yes,no,no,,,Prefeitura do Recife,,,,,,,,,,,,P244,,,,,2026-07-02T22:07:42.716Z,2026-07-02T22:07:42.716Z
5366,node/13112921224,node,POINT(-34.900274 -8.07002),Praça Cássia Kiss de Lima,,bicycle_parking,stands,10,yes,no,no,,,Prefeitura do Recife,,,,,,,,,,,,P243,,,,,2026-07-02T22:07:42.716Z,2026-07-02T22:07:42.716Z
5367,node/13112921225,node,POINT(-34.898203 -8.060148),Praça na Rua Epaminondas de Melo 02,,bicycle_parking,stands,4,yes,no,no,,,Prefeitura do Recife,,,,,,,,,,,,P242,,,,,2026-07-02T22:07:42.716Z,2026-07-02T22:07:42.716Z
5368,node/13112921226,node,POINT(-34.903516 -8.075248),Escola Municipal Novo Mangue,,bicycle_parking,stands,10,yes,no,no,,,Prefeitura do Recife,,,,,,,,,,,,P241,,,,,2026-07-02T22:07:42.716Z,2026-07-02T22:07:42.716Z
5369,node/13112921227,node,POINT(-34.872742 -8.061931),Rua dos Amores,,bicycle_parking,stands,10,yes,no,no,,,Prefeitura do Recife,,,,,,,,,,,,P240,,,,,2026-07-02T22:07:42.716Z,2026-07-02T22:07:42.716Z
5370,node/13112921228,node,POINT(-34.871469 -8.062339),Rua do Bom Jesus,,bicycle_parking,stands,10,yes,no,no,,,Prefeitura do Recife,,,,,,,,,,,,P239,,,,,2026-07-02T22:07:42.716Z,2026-07-02T22:07:42.716Z
5371,node/13112921229,node,POINT(-34.876785 -8.054688),Quadra de Futsal da Aurora,,bicycle_parking,stands,10,yes,no,no,,,Prefeitura do Recife,,,,,,,,,,,,P237,,,,,2026-07-02T22:07:42.716Z,2026-07-02T22:07:42.716Z
5372,node/13112921230,node,POINT(-34.874193 -8.050858),Praça Aurora,,bicycle_parking,stands,10,yes,no,no,,,Prefeitura do Recife,,,,,,,,,,,,P236,,,,,2026-07-02T22:07:42.716Z,2026-07-02T22:07:42.716Z
5373,node/13112921231,node,POINT(-34.881934 -8.041654),Quadra Kássio Rinaldo,,bicycle_parking,stands,10,yes,no,no,,,Prefeitura do Recife,,,,,,,,,,,,P235,,,,,2026-07-02T22:07:42.716Z,2026-07-02T22:07:42.716Z
5374,node/13112921232,node,POINT(-34.881279 -8.04036),Praça Agamenon (Ilha do Joaneiro),,bicycle_parking,stands,10,yes,no,no,,,Prefeitura do Recife,,,,,,,,,,,,P234,,,,,2026-07-02T22:07:42.716Z,2026-07-02T22:07:42.716Z
5375,node/13112921233,node,POINT(-34.88729 -8.043009),Ministério do Trabalho e Emprego (MTE),,bicycle_parking,stands,10,yes,no,no,,,Prefeitura do Recife,,,,,,,,,,,,P233,,,,,2026-07-02T22:07:42.716Z,2026-07-02T22:07:42.716Z
5376,node/13112921234,node,POINT(-34.877865 -8.065145),Igreja de Nossa Sra do Rosário dos Pretos,,bicycle_parking,stands,10,yes,no,no,,,Prefeitura do Recife,,,,,,,,,,,,P232,,,,,2026-07-02T22:07:42.716Z,2026-07-02T22:07:42.716Z
5377,node/13112921235,node,POINT(-34.889557 -8.064563),Igreja de São Gonçalo,,bicycle_parking,stands,10,yes,no,no,,,Prefeitura do Recife,,,,,,,,,,,,P231,,,,,2026-07-02T22:07:42.716Z,2026-07-02T22:07:42.716Z
5378,node/13112921236,node,POINT(-34.879605 -8.038264),CEHAB,,bicycle_parking,stands,10,yes,no,no,,,Prefeitura do Recife,,,,,,,,,,,,P230,,,,,2026-07-02T22:07:42.716Z,2026-07-02T22:07:42.716Z
5379,node/13112921237,node,POINT(-34.882639 -8.066281),Casa da Cultura,,bicycle_parking,stands,10,yes,no,no,,,Prefeitura do Recife,,,,,,,,,,,,P229,,,,,2026-07-02T22:07:42.716Z,2026-07-02T22:07:42.716Z
5380,node/13112921238,node,POINT(-34.878633 -8.040533),Campo do Onze,,bicycle_parking,stands,10,yes,no,no,,,Prefeitura do Recife,,,,,,,,,,,,P228,,,,,2026-07-02T22:07:42.716Z,2026-07-02T22:07:42.716Z
5381,node/13112921239,node,POINT(-34.89253 -8.048825),Agência Caixa (Rua Dr. Leopoldo Lins),,bicycle_parking,stands,10,yes,no,no,,,Prefeitura do Recife,,,,,,,,,,,,P227,,,,,2026-07-02T22:07:42.716Z,2026-07-02T22:07:42.716Z
5382,node/13112921240,node,POINT(-34.893086 -8.049572),Praça Otília,,bicycle_parking,stands,10,yes,no,no,,,Prefeitura do Recife,,,,,,,,,,,,P226,,,,,2026-07-02T22:07:42.716Z,2026-07-02T22:07:42.716Z
5383,node/13112921241,node,POINT(-34.883053 -8.047908),Praça Numa Pompilho,,bicycle_parking,stands,10,yes,no,no,,,Prefeitura do Recife,,,,,,,,,,,,P225,,,,,2026-07-02T22:07:42.716Z,2026-07-02T22:07:42.716Z
5384,node/13112921242,node,POINT(-34.882972 -8.050882),Praça do Campo Santo (UTEC),,bicycle_parking,stands,10,yes,no,no,,,Prefeitura do Recife,,,,,,,,,,,,P223,,,,,2026-07-02T22:07:42.716Z,2026-07-02T22:07:42.716Z
5385,node/13112921243,node,POINT(-34.884051 -8.052544),INSS (Rua dos Palmares),,bicycle_parking,stands,10,yes,no,no,,,Prefeitura do Recife,,,,,,,,,,,,P222,,,,,2026-07-02T22:07:42.716Z,2026-07-02T22:07:42.716Z
5386,node/13112921244,node,POINT(-34.890047 -8.056195),Rua João Fernandes Vieira,,bicycle_parking,stands,10,yes,no,no,,,Prefeitura do Recife,,,,,,,,,,,,P220,,,,,2026-07-02T22:07:42.716Z,2026-07-02T22:07:42.716Z
5387,node/13112921245,node,POINT(-34.887995 -8.055856),Liceu/Nóbrega,,bicycle_parking,stands,10,yes,no,no,,,Prefeitura do Recife,,,,,,,,,,,,P219,,,,,2026-07-02T22:07:42.716Z,2026-07-02T22:07:42.716Z
5388,node/13112921246,node,POINT(-34.887004 -8.057618),Rua Corredor do Bispo,,bicycle_parking,stands,10,yes,no,no,,,Prefeitura do Recife,,,,,,,,,,,,P218,,,,,2026-07-02T22:07:42.716Z,2026-07-02T22:07:42.716Z
5389,node/13112921247,node,POINT(-34.877461 -8.064372),Rua Duque de Caxias,,bicycle_parking,stands,10,yes,no,no,,,Prefeitura do Recife,,,,,,,,,,,,P217,,,,,2026-07-02T22:07:42.716Z,2026-07-02T22:07:42.716Z
5390,node/13112921248,node,POINT(-34.882917 -8.052985),Praça Nelson Ferreira,,bicycle_parking,stands,10,yes,no,no,,,Prefeitura do Recife,,,,,,,,,,,,P216,,,,,2026-07-02T22:07:42.716Z,2026-07-02T22:07:42.716Z
5391,node/13112921249,node,POINT(-34.884976 -8.072245),Praça Sérgio Loreto,,bicycle_parking,stands,10,yes,no,no,,,Prefeitura do Recife,,,,,,,,,,,,P215,,,,,2026-07-02T22:07:42.716Z,2026-07-02T22:07:42.716Z
5392,node/13112921250,node,POINT(-34.875797 -8.047268),ETE Almirante Soares Dutra,,bicycle_parking,stands,10,yes,no,no,,,Prefeitura do Recife,,,,,,,,,,,,P213,,,,,2026-07-02T22:07:42.716Z,2026-07-02T22:07:42.716Z
5393,node/13112921251,node,POINT(-34.882247 -8.070524),Av. Dantas Barreto (Magno Equipamentos),,bicycle_parking,stands,10,yes,no,no,,,Prefeitura do Recife,,,,,,,,,,,,P212,,,,,2026-07-02T22:07:42.716Z,2026-07-02T22:07:42.716Z
5394,node/13112921252,node,POINT(-34.881156 -8.069169),Av. Dantas Barreto (Armarinho Mundial),,bicycle_parking,stands,10,yes,no,no,,,Prefeitura do Recife,,,,,,,,,,,,P211,,,,,2026-07-02T22:07:42.716Z,2026-07-02T22:07:42.716Z
5395,node/13112921253,node,POINT(-34.876882 -8.066582),Travessa do Arsenal da Guerra,,bicycle_parking,stands,10,yes,no,no,,,Prefeitura do Recife,,,,,,,,,,,,P210,,,,,2026-07-02T22:07:42.716Z,2026-07-02T22:07:42.716Z
5396,node/13112921254,node,POINT(-34.878125 -8.060864),Teatro Santa Izabel,,bicycle_parking,stands,10,yes,no,no,,,Prefeitura do Recife,,,,,,,,,,,,P209,,,,,2026-07-02T22:07:42.716Z,2026-07-02T22:07:42.716Z
5397,node/13112921255,node,POINT(-34.883783 -8.062773),Rua Sete de Setembro,,bicycle_parking,stands,10,yes,no,no,,,Prefeitura do Recife,,,,,,,,,,,,P208,,,,,2026-07-02T22:07:42.716Z,2026-07-02T22:07:42.716Z
5398,node/13112921256,node,POINT(-34.878953 -8.063946),Rua Matias de Albuquerque,,bicycle_parking,stands,10,yes,no,no,,,Prefeitura do Recife,,,,,,,,,,,,P207,,,,,2026-07-02T22:07:42.716Z,2026-07-02T22:07:42.716Z
5399,node/13112921257,node,POINT(-34.884272 -8.062917),Rua Imperatriz Tereza Cristina (UTEC),,bicycle_parking,stands,10,yes,no,no,,,Prefeitura do Recife,,,,,,,,,,,,P206,,,,,2026-07-02T22:07:42.716Z,2026-07-02T22:07:42.716Z
5400,node/13112921258,node,POINT(-34.869912 -8.0597),Cais do Sertão 02,,bicycle_parking,stands,10,yes,no,no,,,Prefeitura do Recife,,,,,,,,,,,,P204,,,,,2026-07-02T22:07:42.716Z,2026-07-02T22:07:42.716Z
5401,node/13112921259,node,POINT(-34.882224 -8.04375),Praça Prof. Agamenon Magalhães,,bicycle_parking,stands,10,yes,no,no,,,Prefeitura do Recife,,,,,,,,,,,,P203,,,,,2026-07-02T22:07:42.727Z,2026-07-02T22:07:42.727Z
5402,node/13112921260,node,POINT(-34.874673 -8.044687),Praça Onze de Junho,,bicycle_parking,stands,10,yes,no,no,,,Prefeitura do Recife,,,,,,,,,,,,P202,,,,,2026-07-02T22:07:42.727Z,2026-07-02T22:07:42.727Z
5403,node/13112921261,node,POINT(-34.869899 -8.056903),Praça do Pilar,,bicycle_parking,stands,10,yes,no,no,,,Prefeitura do Recife,,,,,,,,,,,,P201,,,,,2026-07-02T22:07:42.727Z,2026-07-02T22:07:42.727Z
5404,node/13112921262,node,POINT(-34.873707 -8.06248),Praça Ascenso Ferreira,,bicycle_parking,stands,10,yes,no,no,,,Prefeitura do Recife,,,,,,,,,,,,P200,,,,,2026-07-02T22:07:42.727Z,2026-07-02T22:07:42.727Z
5405,node/13112921263,node,POINT(-34.876884 -8.065236),Praça Dezessete,,bicycle_parking,stands,10,yes,no,no,,,Prefeitura do Recife,,,,,,,,,,,,P199,,,,,2026-07-02T22:07:42.727Z,2026-07-02T22:07:42.727Z
5406,node/13112921264,node,POINT(-34.883036 -8.057172),Praça 13 de Maio,,bicycle_parking,stands,10,yes,no,no,,,Prefeitura do Recife,,,,,,,,,,,,P198,,,,,2026-07-02T22:07:42.727Z,2026-07-02T22:07:42.727Z
5407,node/13112921265,node,POINT(-34.876554 -8.046823),Mercado Público Santo Amaro,,bicycle_parking,stands,10,yes,no,no,,,Prefeitura do Recife,,,,,,,,,,,,P195,,,,,2026-07-02T22:07:42.727Z,2026-07-02T22:07:42.727Z
5408,node/13112921266,node,POINT(-34.881862 -8.054547),Escola Sizenando Silveira,,bicycle_parking,stands,10,yes,no,no,,,Prefeitura do Recife,,,,,,,,,,,,P194,,,,,2026-07-02T22:07:42.727Z,2026-07-02T22:07:42.727Z
5409,node/13112921267,node,POINT(-34.875872 -8.045735),DER,,bicycle_parking,stands,10,yes,no,no,,,Prefeitura do Recife,,,,,,,,,,,,P193,,,,,2026-07-02T22:07:42.727Z,2026-07-02T22:07:42.727Z
5410,node/13112921268,node,POINT(-34.876503 -8.064019),Centro POP,,bicycle_parking,stands,10,yes,no,no,,,Prefeitura do Recife,,,,,,,,,,,,P192,,,,,2026-07-02T22:07:42.727Z,2026-07-02T22:07:42.727Z
5411,node/13112921269,node,POINT(-34.932366 -8.094894),Praça VDC,,bicycle_parking,stands,10,yes,no,no,,,Prefeitura do Recife,,,,,,,,,,,,P191,,,,,2026-07-02T22:07:42.727Z,2026-07-02T22:07:42.727Z
5412,node/13112921270,node,POINT(-34.933449 -8.095948),Praça do Sena,,bicycle_parking,stands,10,yes,no,no,,,Prefeitura do Recife,,,,,,,,,,,,P190,,,,,2026-07-02T22:07:42.727Z,2026-07-02T22:07:42.727Z
5413,node/13112921271,node,POINT(-34.943445 -8.047958),Praça Ministro João Gonçalves de Souza,,bicycle_parking,stands,10,yes,no,no,,,Prefeitura do Recife,,,,,,,,,,,,P189,,,,,2026-07-02T22:07:42.727Z,2026-07-02T22:07:42.727Z
5414,node/13112921272,node,POINT(-34.939783 -8.049256),Praça Bom Partor,,bicycle_parking,stands,10,yes,no,no,,,Prefeitura do Recife,,,,,,,,,,,,P188,,,,,2026-07-02T22:07:42.727Z,2026-07-02T22:07:42.727Z
5415,node/13112921273,node,POINT(-34.950275 -8.04175),Praça Brasilit (Praça do Caxito - Várzea),,bicycle_parking,stands,10,yes,no,no,,,Prefeitura do Recife,,,,,,,,,,,,P187,,,,,2026-07-02T22:07:42.727Z,2026-07-02T22:07:42.727Z
5416,node/13112921274,node,POINT(-34.929929 -8.084265),Estação Santa Luzia,,bicycle_parking,stands,10,yes,no,no,,,Prefeitura do Recife,,,,,,,,,,,,P186,,,,,2026-07-02T22:07:42.727Z,2026-07-02T22:07:42.727Z
5417,node/13112921275,node,POINT(-34.913458 -8.077304),Estação Ipiranga,,bicycle_parking,stands,10,yes,no,no,,,Prefeitura do Recife,,,,,,,,,,,,P185,,,,,2026-07-02T22:07:42.727Z,2026-07-02T22:07:42.727Z
5592,node/13197831084,node,POINT(-43.1876761 -22.9525202),,,bicycle_parking,stands,3,,no,,,,,,,,,,,,,,,,,,,,,2026-07-02T22:07:42.739Z,2026-07-02T22:07:42.739Z
5418,node/13112921276,node,POINT(-34.907617 -8.090517),Estação Imbiribeira,,bicycle_parking,stands,10,yes,no,no,,,Prefeitura do Recife,,,,,,,,,,,,P183,,,,,2026-07-02T22:07:42.727Z,2026-07-02T22:07:42.727Z
5419,node/13112921277,node,POINT(-34.891262 -8.05476),Praça Oswaldo Cruz,,bicycle_parking,stands,10,yes,no,no,,,Prefeitura do Recife,,,,,,,,,,,,P182,,,,,2026-07-02T22:07:42.727Z,2026-07-02T22:07:42.727Z
5420,node/13112921278,node,POINT(-34.871947 -8.039867),Praça General Carlos Pinto (Tacaruna),,bicycle_parking,stands,10,yes,no,no,,,Prefeitura do Recife,,,,,,,,,,,,P181,,,,,2026-07-02T22:07:42.727Z,2026-07-02T22:07:42.727Z
5421,node/13112921279,node,POINT(-34.902955 -8.036143),Praça Souto Filho,,bicycle_parking,stands,10,yes,no,no,,,Prefeitura do Recife,,,,,,,,,,,,P180,,,,,2026-07-02T22:07:42.727Z,2026-07-02T22:07:42.727Z
5422,node/13112921280,node,POINT(-34.894945 -8.051925),Praça Parque Amorim,,bicycle_parking,stands,10,yes,no,no,,,Prefeitura do Recife,,,,,,,,,,,,P179,,,,,2026-07-02T22:07:42.727Z,2026-07-02T22:07:42.727Z
5423,node/13112921281,node,POINT(-34.910353 -8.038023),Vila do Vintém,,bicycle_parking,stands,6,yes,no,no,,,Prefeitura do Recife,,,,,,,,,,,,P178,,,,,2026-07-02T22:07:42.727Z,2026-07-02T22:07:42.727Z
5424,node/13112921282,node,POINT(-34.882806 -8.043896),Creche Escola Dep. Alcides Teixeira,,bicycle_parking,stands,6,yes,no,no,,,Prefeitura do Recife,,,,,,,,,,,,P177,,,,,2026-07-02T22:07:42.727Z,2026-07-02T22:07:42.727Z
5425,node/13112921283,node,POINT(-34.945896 -8.058707),Terminal Engenho do Meio,,bicycle_parking,stands,10,yes,no,no,,,Prefeitura do Recife,,,,,,,,,,,,P176,,,,,2026-07-02T22:07:42.727Z,2026-07-02T22:07:42.727Z
5426,node/13112921284,node,POINT(-34.935715 -8.097174),Academia da Cidade Polo Heróis da Restauração,,bicycle_parking,stands,10,yes,no,no,,,Prefeitura do Recife,,,,,,,,,,,,P175,,,,,2026-07-02T22:07:42.727Z,2026-07-02T22:07:42.727Z
5427,node/13112921285,node,POINT(-34.882671 -8.049417),SESC de Santo Amaro,,bicycle_parking,stands,10,yes,no,no,,,Prefeitura do Recife,,,,,,,,,,,,P174,,,,,2026-07-02T22:07:42.727Z,2026-07-02T22:07:42.727Z
5428,node/13112921286,node,POINT(-34.89552 -8.073515),COMPAZ Dom Helder Câmara,,bicycle_parking,stands,10,yes,no,no,,,Prefeitura do Recife,,,,,,,,,,,,P173,,,,,2026-07-02T22:07:42.727Z,2026-07-02T22:07:42.727Z
5429,node/13112921287,node,POINT(-34.895386 -8.073605),COMPAZ Dom Helder Câmara,,bicycle_parking,stands,10,yes,no,no,,,Prefeitura do Recife,,,,,,,,,,,,P172,,,,,2026-07-02T22:07:42.727Z,2026-07-02T22:07:42.727Z
5430,node/13112921288,node,POINT(-34.936864 -8.136465),Academia da Cidade Polo Jordão,,bicycle_parking,stands,4,yes,no,no,,,Prefeitura do Recife,,,,,,,,,,,,P171,,,,,2026-07-02T22:07:42.727Z,2026-07-02T22:07:42.727Z
5431,node/13112921289,node,POINT(-34.941472 -8.134298),Praça Jordão Alto,,bicycle_parking,stands,10,yes,no,no,,,Prefeitura do Recife,,,,,,,,,,,,P170,,,,,2026-07-02T22:07:42.727Z,2026-07-02T22:07:42.727Z
5432,node/13112921290,node,POINT(-34.959592 -8.049448),Academia Recife - Polo praça da Várzea,,bicycle_parking,stands,10,yes,no,no,,,Prefeitura do Recife,,,,,,,,,,,,P169,,,,,2026-07-02T22:07:42.727Z,2026-07-02T22:07:42.727Z
5433,node/13112921291,node,POINT(-34.882935 -8.018425),Praça Jacarezinho,,bicycle_parking,stands,10,yes,no,no,,,Prefeitura do Recife,,,,,,,,,,,,P168,,,,,2026-07-02T22:07:42.727Z,2026-07-02T22:07:42.727Z
5434,node/13112921292,node,POINT(-34.872014 -8.054396),Prefeitura do Recife,,bicycle_parking,stands,10,yes,no,no,,,Prefeitura do Recife,,,,,,,,,,,,P167,,,,,2026-07-02T22:07:42.727Z,2026-07-02T22:07:42.727Z
5435,node/13112921293,node,POINT(-34.931499 -8.075173),Praça Caxito (san martin),,bicycle_parking,stands,10,yes,no,no,,,Prefeitura do Recife,,,,,,,,,,,,P166,,,,,2026-07-02T22:07:42.727Z,2026-07-02T22:07:42.727Z
5436,node/13112921294,node,POINT(-34.878013 -8.0849),Orla de Brasília Teimosa 03,,bicycle_parking,stands,10,yes,no,no,,,Prefeitura do Recife,,,,,,,,,,,,P165,,,,,2026-07-02T22:07:42.727Z,2026-07-02T22:07:42.727Z
5437,node/13112921295,node,POINT(-34.879131 -8.087805),Orla de Brasília Teimosa 02,,bicycle_parking,stands,10,yes,no,no,,,Prefeitura do Recife,,,,,,,,,,,,P164,,,,,2026-07-02T22:07:42.727Z,2026-07-02T22:07:42.727Z
5438,node/13112921296,node,POINT(-34.877466 -8.082998),Orla de Brasília Teimosa 01,,bicycle_parking,stands,10,yes,no,no,,,Prefeitura do Recife,,,,,,,,,,,,P163,,,,,2026-07-02T22:07:42.727Z,2026-07-02T22:07:42.727Z
5439,node/13112921297,node,POINT(-34.906305 -8.08061),Largo da Paz,,bicycle_parking,stands,10,yes,no,no,,,Prefeitura do Recife,,,,,,,,,,,,P162,,,,,2026-07-02T22:07:42.727Z,2026-07-02T22:07:42.727Z
5440,node/13112921298,node,POINT(-34.879427 -8.018555),Praça Onildo Almeida,,bicycle_parking,stands,10,yes,no,no,,,Prefeitura do Recife,,,,,,,,,,,,P161,,,,,2026-07-02T22:07:42.727Z,2026-07-02T22:07:42.727Z
5441,node/13112921299,node,POINT(-34.885232 -8.008985),Praça Capiba - Cajueiro,,bicycle_parking,stands,10,yes,no,no,,,Prefeitura do Recife,,,,,,,,,,,,P160,,,,,2026-07-02T22:07:42.727Z,2026-07-02T22:07:42.727Z
5442,node/13112921300,node,POINT(-34.879546 -8.021061),Praça Mago Jefferson,,bicycle_parking,stands,10,yes,no,no,,,Prefeitura do Recife,,,,,,,,,,,,P159,,,,,2026-07-02T22:07:42.727Z,2026-07-02T22:07:42.727Z
5443,node/13112921301,node,POINT(-34.878815 -8.063005),Praça do Sebo,,bicycle_parking,stands,10,yes,no,no,,,Prefeitura do Recife,,,,,,,,,,,,P158,,,,,2026-07-02T22:07:42.727Z,2026-07-02T22:07:42.727Z
5444,node/13112921302,node,POINT(-34.877726 -8.066597),Rua do Livramento,,bicycle_parking,stands,10,yes,no,no,,,Prefeitura do Recife,,,,,,,,,,,,P157,,,,,2026-07-02T22:07:42.727Z,2026-07-02T22:07:42.727Z
5445,node/13112921303,node,POINT(-34.938078 -8.042365),Academia da Cidade Polo Praça do Salgueiro,,bicycle_parking,stands,4,yes,no,no,,,Prefeitura do Recife,,,,,,,,,,,,P156,,,,,2026-07-02T22:07:42.727Z,2026-07-02T22:07:42.727Z
5446,node/13112921304,node,POINT(-34.887586 -8.049569),PROCAPE,,bicycle_parking,stands,10,yes,no,no,,,Prefeitura do Recife,,,,,,,,,,,,P155,,,,,2026-07-02T22:07:42.727Z,2026-07-02T22:07:42.727Z
5447,node/13112921305,node,POINT(-34.916198 -8.092784),Lagoa do Araçá,,bicycle_parking,stands,10,yes,no,no,,,Prefeitura do Recife,,,,,,,,,,,,P154,,,,,2026-07-02T22:07:42.727Z,2026-07-02T22:07:42.727Z
5448,node/13112921306,node,POINT(-34.883655 -8.011007),Praça Jarbas Pernambucano,,bicycle_parking,stands,10,yes,no,no,,,Prefeitura do Recife,,,,,,,,,,,,P153,,,,,2026-07-02T22:07:42.727Z,2026-07-02T22:07:42.727Z
5449,node/13112921307,node,POINT(-34.894812 -8.030564),Praça Santos Dumont,,bicycle_parking,stands,10,yes,no,no,,,Prefeitura do Recife,,,,,,,,,,,,P152,,,,,2026-07-02T22:07:42.727Z,2026-07-02T22:07:42.727Z
5450,node/13112921308,node,POINT(-34.901771 -8.050326),Instituto Capibaribe,,bicycle_parking,stands,10,yes,no,no,,,Prefeitura do Recife,,,,,,,,,,,,P151,,,,,2026-07-02T22:07:42.727Z,2026-07-02T22:07:42.727Z
5451,node/13112921309,node,POINT(-34.912128 -8.029036),Sítio da Trindade,,bicycle_parking,stands,10,yes,no,no,,,Prefeitura do Recife,,,,,,,,,,,,P150,,,,,2026-07-02T22:07:42.727Z,2026-07-02T22:07:42.727Z
5452,node/13112921310,node,POINT(-34.917293 -8.02077),Largo Dom Luiz,,bicycle_parking,stands,10,yes,no,no,,,Prefeitura do Recife,,,,,,,,,,,,P149,,,,,2026-07-02T22:07:42.727Z,2026-07-02T22:07:42.727Z
5453,node/13112921311,node,POINT(-34.937115 -8.094025),Academia da Cidade Polo Lavadeiras 02,,bicycle_parking,stands,4,yes,no,no,,,Prefeitura do Recife,,,,,,,,,,,,P148,,,,,2026-07-02T22:07:42.727Z,2026-07-02T22:07:42.727Z
5454,node/13112921312,node,POINT(-34.918908 -8.116744),Academia Recife - Polo IPSEP,,bicycle_parking,stands,10,yes,no,no,,,Prefeitura do Recife,,,,,,,,,,,,P147,,,,,2026-07-02T22:07:42.727Z,2026-07-02T22:07:42.727Z
5455,node/13112921313,node,POINT(-34.879225 -8.05854),Aurora 01,,bicycle_parking,stands,10,yes,no,no,,,Prefeitura do Recife,,,,,,,,,,,,P146,,,,,2026-07-02T22:07:42.727Z,2026-07-02T22:07:42.727Z
5456,node/13112921314,node,POINT(-34.922394 -8.010338),Academia da Cidade Polo Vila Um Por Todos,,bicycle_parking,stands,4,yes,no,no,,,Prefeitura do Recife,,,,,,,,,,,,P145,,,,,2026-07-02T22:07:42.727Z,2026-07-02T22:07:42.727Z
5457,node/13112921315,node,POINT(-34.931329 -8.058297),Campo do Quinze,,bicycle_parking,stands,10,yes,no,no,,,Prefeitura do Recife,,,,,,,,,,,,P144,,,,,2026-07-02T22:07:42.727Z,2026-07-02T22:07:42.727Z
5458,node/13112921316,node,POINT(-34.930798 -8.057218),Parque Arraial Novo do Bom Jesus,,bicycle_parking,stands,10,yes,no,no,,,Prefeitura do Recife,,,,,,,,,,,,P143,,,,,2026-07-02T22:07:42.727Z,2026-07-02T22:07:42.727Z
5459,node/13112921317,node,POINT(-34.927898 -8.041813),Creche Municipal Menino Jesus da Bomba Grande,,bicycle_parking,stands,10,yes,no,no,,,Prefeitura do Recife,,,,,,,,,,,,P141,,,,,2026-07-02T22:07:42.727Z,2026-07-02T22:07:42.727Z
5460,node/13112921318,node,POINT(-34.913907 -8.096051),Academia da Cidade Polo Lagoa do Araçá,,bicycle_parking,stands,10,yes,no,no,,,Prefeitura do Recife,,,,,,,,,,,,P140,,,,,2026-07-02T22:07:42.727Z,2026-07-02T22:07:42.727Z
5461,node/13112921319,node,POINT(-34.884016 -8.084774),Escola Municipal Engenheiro Umberto Gondim,,bicycle_parking,stands,10,yes,no,no,,,Prefeitura do Recife,,,,,,,,,,,,P139,,,,,2026-07-02T22:07:42.727Z,2026-07-02T22:07:42.727Z
5462,node/13112921320,node,POINT(-34.913769 -8.029909),Colégio Apoio Recife,,bicycle_parking,stands,10,yes,no,no,,,Prefeitura do Recife,,,,,,,,,,,,P138,,,,,2026-07-02T22:07:42.727Z,2026-07-02T22:07:42.727Z
5463,node/13112921321,node,POINT(-34.944924 -8.051418),Sudene / Lindolfo Color,,bicycle_parking,stands,8,yes,no,no,,,Prefeitura do Recife,,,,,,,,,,,,P137,,,,,2026-07-02T22:07:42.727Z,2026-07-02T22:07:42.727Z
5464,node/13112921322,node,POINT(-34.927623 -8.067027),Academia da Cidade - Polo San Martin,,bicycle_parking,stands,10,yes,no,no,,,Prefeitura do Recife,,,,,,,,,,,,P135,,,,,2026-07-02T22:07:42.727Z,2026-07-02T22:07:42.727Z
5465,node/13112921323,node,POINT(-34.896131 -8.072979),Joana Bezerra,,bicycle_parking,stands,10,yes,no,no,,,Prefeitura do Recife,,,,,,,,,,,,P134,,,,,2026-07-02T22:07:42.727Z,2026-07-02T22:07:42.727Z
5466,node/13112921324,node,POINT(-34.915053 -8.019519),Morro da Conceição,,bicycle_parking,stands,10,yes,no,no,,,Prefeitura do Recife,,,,,,,,,,,,P133,,,,,2026-07-02T22:07:42.727Z,2026-07-02T22:07:42.727Z
5467,node/13112921325,node,POINT(-34.891961 -8.038346),Encruzilhada / Av. Norte,,bicycle_parking,stands,10,yes,no,no,,,Prefeitura do Recife,,,,,,,,,,,,P132,,,,,2026-07-02T22:07:42.727Z,2026-07-02T22:07:42.727Z
5468,node/13112921326,node,POINT(-34.881036 -8.04607),Frei Cassimiro 01,,bicycle_parking,stands,10,yes,no,no,,,Prefeitura do Recife,,,,,,,,,,,,P131,,,,,2026-07-02T22:07:42.727Z,2026-07-02T22:07:42.727Z
5469,node/13112921327,node,POINT(-34.907253 -8.032921),Praça Melvin Jones,,bicycle_parking,stands,10,yes,no,no,,,Prefeitura do Recife,,,,,,,,,,,,P130,,,,,2026-07-02T22:07:42.727Z,2026-07-02T22:07:42.727Z
5470,node/13112921328,node,POINT(-34.914533 -8.023179),Praça do Trabalho,,bicycle_parking,stands,10,yes,no,no,,,Prefeitura do Recife,,,,,,,,,,,,P129,,,,,2026-07-02T22:07:42.727Z,2026-07-02T22:07:42.727Z
5471,node/13112921329,node,POINT(-34.928756 -8.070869),Praça de San Martin,,bicycle_parking,stands,10,yes,no,no,,,Prefeitura do Recife,,,,,,,,,,,,P128,,,,,2026-07-02T22:07:42.727Z,2026-07-02T22:07:42.727Z
5472,node/13112921330,node,POINT(-34.893379 -8.065171),Praça Doutor Fernando Figueira,,bicycle_parking,stands,10,yes,no,no,,,Prefeitura do Recife,,,,,,,,,,,,P127,,,,,2026-07-02T22:07:42.727Z,2026-07-02T22:07:42.727Z
5473,node/13112921331,node,POINT(-34.892993 -8.116877),Antônio Falcão,,bicycle_parking,stands,8,yes,no,no,,,Prefeitura do Recife,,,,,,,,,,,,P126,,,,,2026-07-02T22:07:42.727Z,2026-07-02T22:07:42.727Z
5474,node/13112921332,node,POINT(-34.950311 -8.034472),Academia da Cidade Polo Praça do Poeta,,bicycle_parking,stands,10,yes,no,no,,,Prefeitura do Recife,,,,,,,,,,,,P125,,,,,2026-07-02T22:07:42.727Z,2026-07-02T22:07:42.727Z
5475,node/13112921333,node,POINT(-34.949389 -8.058693),IFPE,,bicycle_parking,stands,10,yes,no,no,,,Prefeitura do Recife,,,,,,,,,,,,P124,,,,,2026-07-02T22:07:42.727Z,2026-07-02T22:07:42.727Z
5476,node/13112921334,node,POINT(-34.943379 -8.057911),Academia Recife - Polo Engenho do Meio,,bicycle_parking,stands,10,yes,no,no,,,Prefeitura do Recife,,,,,,,,,,,,P123,,,,,2026-07-02T22:07:42.727Z,2026-07-02T22:07:42.727Z
5477,node/13112921335,node,POINT(-34.912957 -8.116765),Geraldão,,bicycle_parking,stands,6,yes,no,no,,,Prefeitura do Recife,,,,,,,,,,,,P122,,,,,2026-07-02T22:07:42.727Z,2026-07-02T22:07:42.727Z
5478,node/13112921336,node,POINT(-34.891521 -8.037412),Largo da Encruzilhada,,bicycle_parking,stands,10,yes,no,no,,,Prefeitura do Recife,,,,,,,,,,,,P121,,,,,2026-07-02T22:07:42.727Z,2026-07-02T22:07:42.727Z
5479,node/13112921337,node,POINT(-34.915446 -8.096438),Academia Recife - Polo Lagoa do Araçá,,bicycle_parking,stands,4,yes,no,no,,,Prefeitura do Recife,,,,,,,,,,,,P120,,,,,2026-07-02T22:07:42.727Z,2026-07-02T22:07:42.727Z
5480,node/13112921338,node,POINT(-34.937166 -8.057904),Academia da Cidade Polo Roda de Fogo,,bicycle_parking,stands,10,yes,no,no,,,Prefeitura do Recife,,,,,,,,,,,,P119,,,,,2026-07-02T22:07:42.727Z,2026-07-02T22:07:42.727Z
5481,node/13112921339,node,POINT(-34.940371 -8.089444),Academia Recife - Polo Barro,,bicycle_parking,stands,10,yes,no,no,,,Prefeitura do Recife,,,,,,,,,,,,P118,,,,,2026-07-02T22:07:42.727Z,2026-07-02T22:07:42.727Z
5482,node/13112921340,node,POINT(-34.918629 -8.073318),Praça do ABC 02,,bicycle_parking,stands,6,yes,no,no,,,Prefeitura do Recife,,,,,,,,,,,,P117,,,,,2026-07-02T22:07:42.727Z,2026-07-02T22:07:42.727Z
5483,node/13112921341,node,POINT(-34.883104 -8.013948),Academia da Cidade - Polo Cajueiro,,bicycle_parking,stands,6,yes,no,no,,,Prefeitura do Recife,,,,,,,,,,,,P116,,,,,2026-07-02T22:07:42.727Z,2026-07-02T22:07:42.727Z
5484,node/13112921342,node,POINT(-34.915835 -8.022155),Academia Recife - Polo Casa Amarela 02,,bicycle_parking,stands,4,yes,no,no,,,Prefeitura do Recife,,,,,,,,,,,,P115,,,,,2026-07-02T22:07:42.727Z,2026-07-02T22:07:42.727Z
5485,node/13112921343,node,POINT(-34.888924 -8.009416),Academia Recife - Polo Água Fria,,bicycle_parking,stands,10,yes,no,no,,,Prefeitura do Recife,,,,,,,,,,,,P114,,,,,2026-07-02T22:07:42.727Z,2026-07-02T22:07:42.727Z
5486,node/13112921344,node,POINT(-34.880346 -8.064066),Rua da Palma 02,,bicycle_parking,stands,4,yes,no,no,,,Prefeitura do Recife,,,,,,,,,,,,P113,,,,,2026-07-02T22:07:42.727Z,2026-07-02T22:07:42.727Z
5487,node/13112921345,node,POINT(-34.897055 -8.069898),Academia Recife e da Cidade - Polo Coque,,bicycle_parking,stands,10,yes,no,no,,,Prefeitura do Recife,,,,,,,,,,,,P112,,,,,2026-07-02T22:07:42.727Z,2026-07-02T22:07:42.727Z
5488,node/13112921346,node,POINT(-34.877564 -8.039529),Academia da Cidade - Polo Santo Amaro,,bicycle_parking,stands,10,yes,no,no,,,Prefeitura do Recife,,,,,,,,,,,,P111,,,,,2026-07-02T22:07:42.727Z,2026-07-02T22:07:42.727Z
5489,node/13112921347,node,POINT(-34.888056 -8.044548),Academia Recife - Polo Santo Amaro,,bicycle_parking,stands,10,yes,no,no,,,Prefeitura do Recife,,,,,,,,,,,,P110,,,,,2026-07-02T22:07:42.727Z,2026-07-02T22:07:42.727Z
5490,node/13112921348,node,POINT(-34.914073 -7.999891),USF Alto do Capitão/ Academia da Cidade 02,,bicycle_parking,stands,4,yes,no,no,,,Prefeitura do Recife,,,,,,,,,,,,P109,,,,,2026-07-02T22:07:42.727Z,2026-07-02T22:07:42.727Z
5491,node/13112921349,node,POINT(-34.886958 -8.031969),Praça do Hipódromo/Academia Recife,,bicycle_parking,stands,10,yes,no,no,,,Prefeitura do Recife,,,,,,,,,,,,P108,,,,,2026-07-02T22:07:42.727Z,2026-07-02T22:07:42.727Z
5492,node/13112921350,node,POINT(-34.887995 -8.062182),Pátio Santa Cruz,,bicycle_parking,stands,10,yes,no,no,,,Prefeitura do Recife,,,,,,,,,,,,P107,,,,,2026-07-02T22:07:42.727Z,2026-07-02T22:07:42.727Z
5493,node/13112921351,node,POINT(-34.932187 -8.016489),Parque da Macaxeira,,bicycle_parking,stands,10,yes,no,no,,,Prefeitura do Recife,,,,,,,,,,,,P106,,,,,2026-07-02T22:07:42.727Z,2026-07-02T22:07:42.727Z
5494,node/13112921352,node,POINT(-34.913747 -8.046486),Praça da Torre,,bicycle_parking,stands,10,yes,no,no,,,Prefeitura do Recife,,,,,,,,,,,,P105,,,,,2026-07-02T22:07:42.727Z,2026-07-02T22:07:42.727Z
5495,node/13112921353,node,POINT(-34.931581 -8.04531),Canal do Cavouco 01,,bicycle_parking,stands,10,yes,no,no,,,Prefeitura do Recife,,,,,,,,,,,,P104,,,,,2026-07-02T22:07:42.727Z,2026-07-02T22:07:42.727Z
5496,node/13112921354,node,POINT(-34.910138 -8.033238),Praça de Parnamirim,,bicycle_parking,stands,10,yes,no,no,,,Prefeitura do Recife,,,,,,,,,,,,P103,,,,,2026-07-02T22:07:42.727Z,2026-07-02T22:07:42.727Z
5497,node/13112921355,node,POINT(-34.886373 -8.043641),UPE/Reitoria,,bicycle_parking,stands,10,yes,no,no,,,Prefeitura do Recife,,,,,,,,,,,,P102,,,,,2026-07-02T22:07:42.727Z,2026-07-02T22:07:42.727Z
5498,node/13112921356,node,POINT(-34.884729 -8.062083),Teatro do Parque 02,,bicycle_parking,stands,4,yes,no,no,,,Prefeitura do Recife,,,,,,,,,,,,P101,,,,,2026-07-02T22:07:42.727Z,2026-07-02T22:07:42.727Z
5499,node/13112921357,node,POINT(-34.880218 -8.06284),Avenida Guararapes 03 (Canteiro),,bicycle_parking,stands,10,yes,no,no,,,Prefeitura do Recife,,,,,,,,,,,,P100,,,,,2026-07-02T22:07:42.727Z,2026-07-02T22:07:42.727Z
5500,node/13112921358,node,POINT(-34.880231 -8.062696),Avenida Guararapes 02 (Correios),,bicycle_parking,stands,4,yes,no,no,,,Prefeitura do Recife,,,,,,,,,,,,P099,,,,,2026-07-02T22:07:42.727Z,2026-07-02T22:07:42.727Z
5501,node/13112921359,node,POINT(-34.87419 -8.037299),Upinha CHIÉ,,bicycle_parking,stands,10,yes,no,no,,,Prefeitura do Recife,,,,,,,,,,,,P098,,,,,2026-07-02T22:07:42.739Z,2026-07-02T22:07:42.739Z
5502,node/13112921360,node,POINT(-34.889887 -8.057979),Soledade,,bicycle_parking,stands,10,yes,no,no,,,Prefeitura do Recife,,,,,,,,,,,,P097,,,,,2026-07-02T22:07:42.739Z,2026-07-02T22:07:42.739Z
5503,node/13112921361,node,POINT(-34.899204 -8.055936),Praça do Derby,,bicycle_parking,stands,10,yes,no,no,,,Prefeitura do Recife,,,,,,,,,,,,P096,,,,,2026-07-02T22:07:42.739Z,2026-07-02T22:07:42.739Z
5504,node/13112921362,node,POINT(-34.896634 -8.03307),Praça do Rosarinho,,bicycle_parking,stands,10,yes,no,no,,,Prefeitura do Recife,,,,,,,,,,,,P095,,,,,2026-07-02T22:07:42.739Z,2026-07-02T22:07:42.739Z
5505,node/13112921363,node,POINT(-34.875846 -8.03779),Academia da Cidade de Campo Grande,,bicycle_parking,stands,8,yes,no,no,,,Prefeitura do Recife,,,,,,,,,,,,P094,,,,,2026-07-02T22:07:42.739Z,2026-07-02T22:07:42.739Z
5506,node/13112921364,node,POINT(-34.942139 -8.057373),Praça do Engenho do Meio,,bicycle_parking,stands,10,yes,no,no,,,Prefeitura do Recife,,,,,,,,,,,,P093,,,,,2026-07-02T22:07:42.739Z,2026-07-02T22:07:42.739Z
5507,node/13112921365,node,POINT(-34.938746 -8.081651),Praça de Jardim São Paulo 01,,bicycle_parking,stands,10,yes,no,no,,,Prefeitura do Recife,,,,,,,,,,,,P092,,,,,2026-07-02T22:07:42.739Z,2026-07-02T22:07:42.739Z
5508,node/13112921366,node,POINT(-34.882871 -8.085991),EREM João Bezerra,,bicycle_parking,stands,20,yes,no,no,,,Prefeitura do Recife,,,,,,,,,,,,P091,,,,,2026-07-02T22:07:42.739Z,2026-07-02T22:07:42.739Z
5509,node/13112921367,node,POINT(-34.884067 -8.084801),Redesenho - Rua das Oficinas,,bicycle_parking,stands,6,yes,no,no,,,Prefeitura do Recife,,,,,,,,,,,,P090,,,,,2026-07-02T22:07:42.739Z,2026-07-02T22:07:42.739Z
5510,node/13112921368,node,POINT(-34.879766 -8.05152),Sede CTTU,,bicycle_parking,stands,10,yes,no,no,,,Prefeitura do Recife,,,,,,,,,,,,P089,,,,,2026-07-02T22:07:42.739Z,2026-07-02T22:07:42.739Z
5511,node/13112921369,node,POINT(-34.881962 -8.056721),Parque 13 de Maio,,bicycle_parking,stands,8,yes,no,no,,,Prefeitura do Recife,,,,,,,,,,,,P088,,,,,2026-07-02T22:07:42.739Z,2026-07-02T22:07:42.739Z
5512,node/13112921370,node,POINT(-34.876178 -8.065162),Cais do Imperador,,bicycle_parking,stands,14,yes,no,no,,,Prefeitura do Recife,,,,,,,,,,,,P086,,,,,2026-07-02T22:07:42.739Z,2026-07-02T22:07:42.739Z
5513,node/13112921371,node,POINT(-34.894387 -8.071099),Fórum Desembargador Rodolfo Aureliano,,bicycle_parking,stands,20,yes,no,no,,,Prefeitura do Recife,,,,,,,,,,,,P085,,,,,2026-07-02T22:07:42.739Z,2026-07-02T22:07:42.739Z
5514,node/13112921372,node,POINT(-34.908555 -8.131018),Centro Esportivo Santos Dumont,,bicycle_parking,stands,10,yes,no,no,,,Prefeitura do Recife,,,,,,,,,,,,P084,,,,,2026-07-02T22:07:42.739Z,2026-07-02T22:07:42.739Z
5515,node/13112921373,node,POINT(-34.92586 -8.059966),COMPAZ Escritor Ariano Suassuna,,bicycle_parking,stands,4,yes,no,no,,,Prefeitura do Recife,,,,,,,,,,,,P080,,,,,2026-07-02T22:07:42.739Z,2026-07-02T22:07:42.739Z
5516,node/13112921374,node,POINT(-34.877185 -8.055309),Rua da Aurora,,bicycle_parking,stands,20,yes,no,no,,,Prefeitura do Recife,,,,,,,,,,,,P078,,,,,2026-07-02T22:07:42.739Z,2026-07-02T22:07:42.739Z
5517,node/13112921375,node,POINT(-34.921197 -8.050516),TI Getúlio Vargas 01,,bicycle_parking,stands,8,yes,no,no,,,Prefeitura do Recife,,,,,,,,,,,,P077,,,,,2026-07-02T22:07:42.739Z,2026-07-02T22:07:42.739Z
5518,node/13112921376,node,POINT(-34.91878 -8.07308),Academia Recife - Praça do ABC,,bicycle_parking,stands,8,yes,no,no,,,Prefeitura do Recife,,,,,,,,,,,,P076,,,,,2026-07-02T22:07:42.739Z,2026-07-02T22:07:42.739Z
5519,node/13112921377,node,POINT(-34.966685 -8.076034),Jardim Botânico do Recife,,bicycle_parking,stands,18,yes,no,no,,,Prefeitura do Recife,,,,,,,,,,,,P075,,,,,2026-07-02T22:07:42.739Z,2026-07-02T22:07:42.739Z
5520,node/13112921378,node,POINT(-34.892143 -8.037227),Mercado da Encruzilhada,,bicycle_parking,stands,4,yes,no,no,,,Prefeitura do Recife,,,,,,,,,,,,P074,,,,,2026-07-02T22:07:42.739Z,2026-07-02T22:07:42.739Z
5521,node/13112921379,node,POINT(-34.90451 -8.036719),Parque da Jaqueira,,bicycle_parking,stands,4,yes,no,no,,,Prefeitura do Recife,,,,,,,,,,,,P072,,,,,2026-07-02T22:07:42.739Z,2026-07-02T22:07:42.739Z
5522,node/13112921380,node,POINT(-34.90274 -8.010439),Compaz Governador Eduardo Campos,,bicycle_parking,stands,10,yes,no,no,,,Prefeitura do Recife,,,,,,,,,,,,P071,,,,,2026-07-02T22:07:42.739Z,2026-07-02T22:07:42.739Z
5523,node/13112921381,node,POINT(-34.911451 -8.03877),Praça Barão de Caiara,,bicycle_parking,stands,11,yes,no,no,,,Prefeitura do Recife,,,,,,,,,,,,P070,,,,,2026-07-02T22:07:42.739Z,2026-07-02T22:07:42.739Z
5524,node/13112921382,node,POINT(-34.9324 -8.015638),Parque da Macaxeira,,bicycle_parking,stands,34,yes,no,no,,,Prefeitura do Recife,,,,,,,,,,,,P067,,,,,2026-07-02T22:07:42.739Z,2026-07-02T22:07:42.739Z
5525,node/13112921383,node,POINT(-34.892448 -8.056592),ABRE,,bicycle_parking,stands,12,yes,no,no,,,Prefeitura do Recife,,,,,,,,,,,,P066,,,,,2026-07-02T22:07:42.739Z,2026-07-02T22:07:42.739Z
5526,node/13112921384,node,POINT(-34.889372 -8.05801),Fafire,,bicycle_parking,stands,12,yes,no,no,,,Prefeitura do Recife,,,,,,,,,,,,P065,,,,,2026-07-02T22:07:42.739Z,2026-07-02T22:07:42.739Z
5527,node/13112921385,node,POINT(-34.887418 -8.059141),Shopping Boa Vista,,bicycle_parking,stands,12,yes,no,no,,,Prefeitura do Recife,,,,,,,,,,,,P063,,,,,2026-07-02T22:07:42.739Z,2026-07-02T22:07:42.739Z
5528,node/13112921386,node,POINT(-34.882883 -8.061331),Avenida Conde da Boa Vista,,bicycle_parking,stands,12,yes,no,no,,,Prefeitura do Recife,,,,,,,,,,,,P062,,,,,2026-07-02T22:07:42.739Z,2026-07-02T22:07:42.739Z
5529,node/13112921387,node,POINT(-34.881751 -8.061865),Avenida Conde da Boa Vista,,bicycle_parking,stands,12,yes,no,no,,,Prefeitura do Recife,,,,,,,,,,,,P061,,,,,2026-07-02T22:07:42.739Z,2026-07-02T22:07:42.739Z
5530,node/13112921388,node,POINT(-34.882549 -8.056494),Parque 13 de Maio,,bicycle_parking,stands,10,yes,no,no,,,Prefeitura do Recife,,,,,,,,,,,,P060,,,,,2026-07-02T22:07:42.739Z,2026-07-02T22:07:42.739Z
5531,node/13112921389,node,POINT(-34.877902 -8.046954),Senai,,bicycle_parking,stands,52,yes,no,no,,,Prefeitura do Recife,,,,,,,,,,,,P057,,,,,2026-07-02T22:07:42.739Z,2026-07-02T22:07:42.739Z
5532,node/13112921390,node,POINT(-34.908875 -8.052561),Mercado Madalena,,bicycle_parking,stands,10,yes,no,no,,,Prefeitura do Recife,,,,,,,,,,,,P056,,,,,2026-07-02T22:07:42.739Z,2026-07-02T22:07:42.739Z
5533,node/13112921391,node,POINT(-34.886579 -8.055233),Rua Gen. José Semeão,,bicycle_parking,stands,10,yes,no,no,,,Prefeitura do Recife,,,,,,,,,,,,P055,,,,,2026-07-02T22:07:42.739Z,2026-07-02T22:07:42.739Z
5534,node/13112921392,node,POINT(-34.873615 -8.065165),Paço Alfândega,,bicycle_parking,stands,12,yes,no,no,,,Prefeitura do Recife,,,,,,,,,,,,P048,,,,,2026-07-02T22:07:42.739Z,2026-07-02T22:07:42.739Z
5535,node/13112921393,node,POINT(-34.928387 -8.03861),Parque Caiara,,bicycle_parking,stands,17,yes,no,no,,,Prefeitura do Recife,,,,,,,,,,,,P043,,,,,2026-07-02T22:07:42.739Z,2026-07-02T22:07:42.739Z
5536,node/13112921394,node,POINT(-34.921254 -8.051709),Mercado do Cordeiro,,bicycle_parking,stands,28,yes,no,no,,,Prefeitura do Recife,,,,,,,,,,,,P042,,,,,2026-07-02T22:07:42.739Z,2026-07-02T22:07:42.739Z
5537,node/13112921395,node,POINT(-34.894536 -8.019887),Mercado de Água Fria / Beberibe,,bicycle_parking,stands,26,yes,no,no,,,Prefeitura do Recife,,,,,,,,,,,,P041,,,,,2026-07-02T22:07:42.739Z,2026-07-02T22:07:42.739Z
5538,node/13112921396,node,POINT(-34.887297 -8.105262),,,bicycle_parking,stands,,yes,no,no,,,Prefeitura do Recife,,,,,,,,,,,,P036,,,,,2026-07-02T22:07:42.739Z,2026-07-02T22:07:42.739Z
5539,node/13112921397,node,POINT(-34.881748 -8.090842),Orla do Pina - JCPM,,bicycle_parking,stands,8,yes,no,no,,,Prefeitura do Recife,,,,,,,,,,,,P033,,,,,2026-07-02T22:07:42.739Z,2026-07-02T22:07:42.739Z
5540,node/13112921398,node,POINT(-34.903987 -8.140958),Parque Dona Lindú 01,,bicycle_parking,stands,10,yes,no,no,,,Prefeitura do Recife,,,,,,,,,,,,P031,,,,,2026-07-02T22:07:42.739Z,2026-07-02T22:07:42.739Z
5541,node/13112921399,node,POINT(-34.880214 -8.063604),Rua da Palma,,bicycle_parking,stands,2,yes,no,no,,,Prefeitura do Recife,,,,,,,,,,,,P029,,,,,2026-07-02T22:07:42.739Z,2026-07-02T22:07:42.739Z
5542,node/13112921400,node,POINT(-34.879381 -8.066437),Pátio do Carmo,,bicycle_parking,stands,4,yes,no,no,,,Prefeitura do Recife,,,,,,,,,,,,P028,,,,,2026-07-02T22:07:42.739Z,2026-07-02T22:07:42.739Z
5543,node/13112921401,node,POINT(-34.927322 -8.066792),Praça Noel Rodrigues,,bicycle_parking,stands,6,yes,no,no,,,Prefeitura do Recife,,,,,,,,,,,,P027,,,,,2026-07-02T22:07:42.739Z,2026-07-02T22:07:42.739Z
5544,node/13112921402,node,POINT(-34.897725 -8.002664),Praça da Convenção,,bicycle_parking,stands,10,yes,no,no,,,Prefeitura do Recife,,,,,,,,,,,,P026,,,,,2026-07-02T22:07:42.739Z,2026-07-02T22:07:42.739Z
5545,node/13112921403,node,POINT(-34.888635 -8.063164),Mercado da Boa Vista,,bicycle_parking,stands,4,yes,no,no,,,Prefeitura do Recife,,,,,,,,,,,,P025,,,,,2026-07-02T22:07:42.739Z,2026-07-02T22:07:42.739Z
5546,node/13112921404,node,POINT(-34.916501 -8.108098),Praça Mauriceia,,bicycle_parking,stands,8,yes,no,no,,,Prefeitura do Recife,,,,,,,,,,,,P024,,,,,2026-07-02T22:07:42.739Z,2026-07-02T22:07:42.739Z
5547,node/13112921405,node,POINT(-34.906912 -8.078229),Mercado de Afogados,,bicycle_parking,stands,10,yes,no,no,,,Prefeitura do Recife,,,,,,,,,,,,P023,,,,,2026-07-02T22:07:42.739Z,2026-07-02T22:07:42.739Z
5548,node/13112921406,node,POINT(-34.959687 -8.048768),Praça da Várzea,,bicycle_parking,stands,8,yes,no,no,,,Prefeitura do Recife,,,,,,,,,,,,P022,,,,,2026-07-02T22:07:42.739Z,2026-07-02T22:07:42.739Z
5549,node/13112921407,node,POINT(-34.931587 -8.058957),Escola Municipal Arraial Novo do Bom Jesus,,bicycle_parking,stands,4,yes,no,no,,,Prefeitura do Recife,,,,,,,,,,,,P021,,,,,2026-07-02T22:07:42.739Z,2026-07-02T22:07:42.739Z
5550,node/13112921408,node,POINT(-34.876762 -8.081022),Orla de Brasília Teimosa,,bicycle_parking,stands,4,yes,no,no,,,Prefeitura do Recife,,,,,,,,,,,,P020,,,,,2026-07-02T22:07:42.739Z,2026-07-02T22:07:42.739Z
5551,node/13112921409,node,POINT(-34.894086 -8.019307),Avenida Beberibe,,bicycle_parking,stands,8,yes,no,no,,,Prefeitura do Recife,,,,,,,,,,,,P019,,,,,2026-07-02T22:07:42.739Z,2026-07-02T22:07:42.739Z
5552,node/13112921410,node,POINT(-34.880217 -8.054963),Escola Waldemar de Oliveira,,bicycle_parking,stands,4,yes,no,no,,,Prefeitura do Recife,,,,,,,,,,,,P017,,,,,2026-07-02T22:07:42.739Z,2026-07-02T22:07:42.739Z
5553,node/13112921411,node,POINT(-34.90665 -8.050904),Praça Eça de Queiroz,,bicycle_parking,stands,2,yes,no,no,,,Prefeitura do Recife,,,,,,,,,,,,P016,,,,,2026-07-02T22:07:42.739Z,2026-07-02T22:07:42.739Z
5554,node/13112921412,node,POINT(-34.90885 -8.052375),Mercado da Madalena,,bicycle_parking,stands,8,yes,no,no,,,Prefeitura do Recife,,,,,,,,,,,,P015,,,,,2026-07-02T22:07:42.739Z,2026-07-02T22:07:42.739Z
5555,node/13112921413,node,POINT(-34.918677 -8.026514),Largo de Casa Amarela,,bicycle_parking,stands,4,yes,no,no,,,Prefeitura do Recife,,,,,,,,,,,,P014,,,,,2026-07-02T22:07:42.739Z,2026-07-02T22:07:42.739Z
5556,node/13112921414,node,POINT(-34.917861 -8.026468),Mercado de Casa Amarela,,bicycle_parking,stands,8,yes,no,no,,,Prefeitura do Recife,,,,,,,,,,,,P013,,,,,2026-07-02T22:07:42.739Z,2026-07-02T22:07:42.739Z
5557,node/13112921415,node,POINT(-34.917574 -8.027073),Rua Dona Ana Xavier,,bicycle_parking,stands,2,yes,no,no,,,Prefeitura do Recife,,,,,,,,,,,,P012,,,,,2026-07-02T22:07:42.739Z,2026-07-02T22:07:42.739Z
5558,node/13112921416,node,POINT(-34.892384 -8.03739),Mercado da Encruzilhada,,bicycle_parking,stands,8,yes,no,no,,,Prefeitura do Recife,,,,,,,,,,,,P011,,,,,2026-07-02T22:07:42.739Z,2026-07-02T22:07:42.739Z
5559,node/13112921417,node,POINT(-34.888082 -8.062322),Igreja da Santa Cruz,,bicycle_parking,stands,2,yes,no,no,,,Prefeitura do Recife,,,,,,,,,,,,P009,,,,,2026-07-02T22:07:42.739Z,2026-07-02T22:07:42.739Z
5560,node/13112921418,node,POINT(-34.882042 -8.06229),Cinema São Luiz,,bicycle_parking,stands,2,yes,no,no,,,Prefeitura do Recife,,,,,,,,,,,,P008,,,,,2026-07-02T22:07:42.739Z,2026-07-02T22:07:42.739Z
5561,node/13112921419,node,POINT(-34.881081 -8.058568),Parque Treze de Maio,,bicycle_parking,stands,2,yes,no,no,,,Prefeitura do Recife,,,,,,,,,,,,P007,,,,,2026-07-02T22:07:42.739Z,2026-07-02T22:07:42.739Z
5562,node/13112921420,node,POINT(-34.878239 -8.056185),Praça Visconde de Mauá,,bicycle_parking,stands,2,yes,no,no,,,Prefeitura do Recife,,,,,,,,,,,,P006,,,,,2026-07-02T22:07:42.739Z,2026-07-02T22:07:42.739Z
5563,node/13112921421,node,POINT(-34.882865 -8.066729),Praça Visconde de Mauá,,bicycle_parking,stands,4,yes,no,no,,,Prefeitura do Recife,,,,,,,,,,,,P005,,,,,2026-07-02T22:07:42.739Z,2026-07-02T22:07:42.739Z
5564,node/13112921422,node,POINT(-34.881357 -8.064471),Praça Joaquim Nabuco,,bicycle_parking,stands,6,yes,no,no,,,Prefeitura do Recife,,,,,,,,,,,,P004,,,,,2026-07-02T22:07:42.739Z,2026-07-02T22:07:42.739Z
5565,node/13112921423,node,POINT(-34.878392 -8.064233),Praça da Independência,,bicycle_parking,stands,10,yes,no,no,,,Prefeitura do Recife,,,,,,,,,,,,P003,,,,,2026-07-02T22:07:42.739Z,2026-07-02T22:07:42.739Z
5566,node/13112921424,node,POINT(-34.872747 -8.062669),Avenida Rio Branco,,bicycle_parking,stands,10,yes,no,no,,,Prefeitura do Recife,,,,,,,,,,,,P002,,,,,2026-07-02T22:07:42.739Z,2026-07-02T22:07:42.739Z
5567,node/13113030822,node,POINT(-41.7836199 -22.3860037),,,bicycle_parking,,,,no,no,,,,,,,,,,,,,,,,,,,,2026-07-02T22:07:42.739Z,2026-07-02T22:07:42.739Z
5568,node/13116918101,node,POINT(-47.2300394 -22.8921961),,,bicycle_parking,,,,,,,,,,,,,,,,,,,,,,,,,2026-07-02T22:07:42.739Z,2026-07-02T22:07:42.739Z
5569,node/13120160197,node,POINT(-43.130768 -22.8979361),,,bicycle_parking,stands,20,,no,,,,,,,,,,,,,,,,,,,,,2026-07-02T22:07:42.739Z,2026-07-02T22:07:42.739Z
5570,node/13128083424,node,POINT(-36.1587304 -6.4940958),,,bicycle_parking,wall_loops,,,no,no,,,,,,,,,,,,,,,,,,,,2026-07-02T22:07:42.739Z,2026-07-02T22:07:42.739Z
5571,node/13134600918,node,POINT(-46.6313175 -23.6477702),,,bicycle_parking,,,,,,,,,,,,,,,,,,,,,,,,,2026-07-02T22:07:42.739Z,2026-07-02T22:07:42.739Z
5572,node/13144203526,node,POINT(-38.4667402 -12.9860539),,,bicycle_parking,stands,10,yes,,no,,,,,,,,,,,,,,,,,,,,2026-07-02T22:07:42.739Z,2026-07-02T22:07:42.739Z
5573,node/13156836050,node,POINT(-38.5105781 -12.9993792),,,bicycle_parking,stands,10,yes,no,no,,,,,,,,,,,,,,,,,,,,2026-07-02T22:07:42.739Z,2026-07-02T22:07:42.739Z
5574,node/13156944737,node,POINT(-38.5111335 -12.9995433),,,bicycle_parking,stands,2,yes,yes,no,,,,,,,,,,,,,,,,,,,,2026-07-02T22:07:42.739Z,2026-07-02T22:07:42.739Z
5575,node/13157301909,node,POINT(-43.16266 -22.94771),,,bicycle_parking,stands,8,,no,,,,,,,,,,,,,,,,,,,,,2026-07-02T22:07:42.739Z,2026-07-02T22:07:42.739Z
5576,node/13158139609,node,POINT(-38.5096405 -13.0060361),,,bicycle_parking,stands,,,,,,,,,,,,,,,,,,,,,,,,2026-07-02T22:07:42.739Z,2026-07-02T22:07:42.739Z
5577,node/13158139610,node,POINT(-38.509991 -13.0036349),,,bicycle_parking,stands,10,yes,,no,,,,,,,,,,,,,,,,,,,,2026-07-02T22:07:42.739Z,2026-07-02T22:07:42.739Z
5578,node/13160585261,node,POINT(-49.3260611 -16.6200218),,,bicycle_parking,,,,,,,,,,,,,,,,,,,,,,,,,2026-07-02T22:07:42.739Z,2026-07-02T22:07:42.739Z
5579,node/13160585345,node,POINT(-49.3168581 -16.6065683),,,bicycle_parking,,,,,no,,,,,,,,,,,,,,,,,,,,2026-07-02T22:07:42.739Z,2026-07-02T22:07:42.739Z
5580,node/13160937759,node,POINT(-38.4516292 -12.9781031),,,bicycle_parking,stands,,,no,no,,,,,,,,,,,,,,,,,,,,2026-07-02T22:07:42.739Z,2026-07-02T22:07:42.739Z
5581,node/13168766817,node,POINT(-44.7153772 -23.2203282),,,bicycle_parking,wall_loops,,,no,,,,,,,,,,,,,,,,,,,,,2026-07-02T22:07:42.739Z,2026-07-02T22:07:42.739Z
5582,node/13171625624,node,POINT(-47.4658942 -23.5821258),,,bicycle_parking,,10,private,,no,,,,,,,,,,,,,24/7,,,,,,,2026-07-02T22:07:42.739Z,2026-07-02T22:07:42.739Z
5583,node/13173770428,node,POINT(-44.7117683 -23.2164185),,,bicycle_parking,wall_loops,5,,no,,,,,,,,,,,,,,,,,,,,,2026-07-02T22:07:42.739Z,2026-07-02T22:07:42.739Z
5584,node/13173778387,node,POINT(-44.7115112 -23.2161635),,,bicycle_parking,wall_loops,10,,no,,,,,,,,,,,,,,,,,,,,,2026-07-02T22:07:42.739Z,2026-07-02T22:07:42.739Z
5585,node/13173781140,node,POINT(-44.7138812 -23.2169304),,,bicycle_parking,wall_loops,20,,no,,,,,,,,,,,,,,,,,,,,,2026-07-02T22:07:42.739Z,2026-07-02T22:07:42.739Z
5586,node/13173999685,node,POINT(-44.7140289 -23.2175481),,,bicycle_parking,wall_loops,,,no,,,,,,,,,,,,,,,,,,,,,2026-07-02T22:07:42.739Z,2026-07-02T22:07:42.739Z
5587,node/13174018744,node,POINT(-44.7141336 -23.217011),,,bicycle_parking,wall_loops,,,no,,,,,,,,,,,,,,,,,,,,,2026-07-02T22:07:42.739Z,2026-07-02T22:07:42.739Z
5588,node/13174572225,node,POINT(-44.7144217 -23.2188757),,,bicycle_parking,wall_loops,6,,no,,,,,,,,,,,,,,,,,,,,,2026-07-02T22:07:42.739Z,2026-07-02T22:07:42.739Z
5589,node/13175631343,node,POINT(-48.9102097 -26.7116006),,,bicycle_parking,stands,,,,,,,,,,,,,,,,,,,,,,,,2026-07-02T22:07:42.739Z,2026-07-02T22:07:42.739Z
5593,node/13202514860,node,POINT(-49.1786738 -26.7364108),,,bicycle_parking,ground_slots,2,customers,no,no,no,,Rádio Pomerode,,,,,,,,,,,,,,,,,2026-07-02T22:07:42.739Z,2026-07-02T22:07:42.739Z
5594,node/13241557084,node,POINT(-49.1784545 -26.735802),,,bicycle_parking,wall_loops,4,yes,no,no,no,,,,,,,,,,,,,,,,,,,2026-07-02T22:07:42.739Z,2026-07-02T22:07:42.739Z
5595,node/13245847140,node,POINT(-34.9302253 -8.0840623),Terminal Santa Luzia,,bicycle_parking,stands,5,yes,no,no,,,Nova Mobi,,,,,,,,,,,,P186,,,,,2026-07-02T22:07:42.739Z,2026-07-02T22:07:42.739Z
5596,node/13248710804,node,POINT(-46.9002924 -22.7431067),,,bicycle_parking,wall_hoops,,yes,yes,no,,,,,,,,,,,,,,,,,,,,2026-07-02T22:07:42.739Z,2026-07-02T22:07:42.739Z
5597,node/13249877909,node,POINT(-38.4918625 -12.9985121),,,bicycle_parking,stands,,yes,no,no,,,Banco do Brasil,,,,,,,,,,,,,,,,,2026-07-02T22:07:42.739Z,2026-07-02T22:07:42.739Z
5598,node/13256916040,node,POINT(-54.7111253 -2.4162229),,,bicycle_parking,wall_loops,7,yes,,,,,,,,,,,,,,,,,,,,,,2026-07-02T22:07:42.739Z,2026-07-02T22:07:42.739Z
