raw_description,canonical_description,frequency
"AVENIDA CAXANGA, SOB  AO SEMAFORO N.533","AVENIDA CAXANGA, SOB  AO SEMAFORO N.533",1
Abandonar na via objetos ou substncias.,Abandonar na via objetos ou substâncias.,27
Abandonar na via objetos ou substâncias.,Abandonar na via objetos ou substâncias.,51
Atirar do veculo objetos ou substncias.,Atirar do veículo objetos ou substâncias.,519
Atirar do veculo ou abandonar na via pblica objetos ou substncias.,Atirar do veículo ou abandonar na via pública objetos ou substâncias.,12
Atirar do veículo objetos ou substâncias.,Atirar do veículo objetos ou substâncias.,728
Atirar do veículo ou abandonar na via pública objetos ou substâncias.,Atirar do veículo ou abandonar na via pública objetos ou substâncias.,21
Avanar o sinal de parada obrigatria.,Avançar o sinal de parada obrigatória.,2444
Avanar o sinal vermelho do semforo - fiscalizao eletrnica.,Avançar o sinal vermelho do semáforo. (fiscalização eletrônica).,87048
Avanar o sinal vermelho do semforo ou de parada obrigatria.,Avançar o sinal vermelho do semáforo ou de parada obrigatória.,24954
Avanar o sinal vermelho do semforo.,Avançar o sinal vermelho do semáforo. (fiscalização eletrônica).,96447
Avançar o sinal de parada obrigatória.,Avançar o sinal de parada obrigatória.,5573
Avançar o sinal vermelho do semáforo - fiscalização eletrônica.,Avançar o sinal vermelho do semáforo. (fiscalização eletrônica).,328576
Avançar o sinal vermelho do semáforo ou de parada obrigatória.,Avançar o sinal vermelho do semáforo ou de parada obrigatória.,50349
"Avançar o sinal vermelho do semáforo, exceto onde houver sinalização que permita a livre conversão à","Avançar o sinal vermelho do semáforo, exceto onde houver sinalização que permita a livre conversão à direita.",42115
Avançar o sinal vermelho do semáforo.,Avançar o sinal vermelho do semáforo. (fiscalização eletrônica).,123318
Bloquear a via com veculo.,Bloquear a via com veículo.,93
Bloquear a via com veículo.,Bloquear a via com veículo.,558
Condutor que se recusar a submeter a qualquer dos procedimentos previstos no artigo 277 do CTB,Condutor que se recusar a submeter a qualquer dos procedimentos previstos no artigo 277 do CTB,25
Conduzir animais nas partes externas do veculo.,Conduzir animais nas partes externas do veículo.,42
Conduzir animais nas partes externas do veículo.,Conduzir pessoas nas partes externas do veículo.,36
Conduzir carga nas partes externas do veculo.,Conduzir carga nas partes externas do veículo.,16
Conduzir carga nas partes externas do veículo.,Conduzir carga nas partes externas do veículo.,44
Conduzir ciclo fazendo malabarismo ou equilibrando-se em uma roda.,Conduzir ciclo fazendo malabarismo ou equilibrando-se em uma roda.,5
Conduzir ciclo sem segurar o guidom com ambas as mos.,Conduzir ciclo sem segurar o guidom com ambas as mãos.,5
Conduzir ciclo sem segurar o guidom com ambas as mãos.,Conduzir ciclo sem segurar o guidom com ambas as mãos.,18
Conduzir ciclo transportando carga incompatível com suas especificações.,Conduzir ciclo transportando carga incompatível com suas especificações.,7
Conduzir ciclo transportando crianas sem condies de cuidar de sua prpria segurana.,Conduzir ciclo transportando crianças sem condições de cuidar de sua própria segurança.,3
Conduzir ciclo transportando crianças sem condições de cuidar de sua própria segurança.,Conduzir ciclo transportando crianças sem condições de cuidar de sua própria segurança.,18
Conduzir ciclo transportando passageiro fora da garupa ou do assento especial a ele destinado.,Conduzir ciclo transportando passageiro fora da garupa ou do assento especial a ele destinado.,19
Conduzir ciclomotor em vias de trânsito rápido.,Conduzir ciclomotor em vias de trânsito rápido.,1
"Conduzir com inscrições, adesivos, legendas e símbolos de caráter publicitário pintados no pára-brisa e em toda a extensão da parte traseira do veículo.","Conduzir o veículo com inscrições, adesivos, legendas e símbolos de caráter publicitário afixados no pára-brisa e em toda a extensão da parte traseira do veículo.",8
Conduzir motoc/moton/transportando carga em desacordo c/  2 do artigo 139 - a CTB,Conduzir motoc/moton/transportando carga em desacordo c/  2 do artigo 139 - a CTB,5
Conduzir motoc/moton/transportando carga em desacordo c/ § 2º do artigo 139 - a CTB,"Conduzir motocicleta, motoneta ou ciclomotor transportando carga em desacordo com o § 2º do art. 139-A do CTB.",5
"Conduzir motocicleta, motoneta e ciclomotor com capacete de segurana sem viseira ou culos de proteo.","Conduzir motocicleta, motoneta e ciclomotor com capacete de segurança sem viseira ou óculos de proteção.",655
"Conduzir motocicleta, motoneta e ciclomotor com capacete de segurança sem viseira ou óculos de proteção.","Conduzir motocicleta, motoneta e ciclomotor com capacete de segurança sem viseira ou óculos de proteção.",15858
"Conduzir motocicleta, motoneta e ciclomotor com faris apagados.","Conduzir motocicleta, motoneta e ciclomotor com faróis apagados.",981
"Conduzir motocicleta, motoneta e ciclomotor com faróis apagados.","Conduzir motocicleta, motoneta e ciclomotor com faróis apagados.",1971
"Conduzir motocicleta, motoneta e ciclomotor rebocando outro veculo.","Conduzir motocicleta, motoneta e ciclomotor rebocando outro veículo.",5
"Conduzir motocicleta, motoneta e ciclomotor rebocando outro veículo.","Conduzir motocicleta, motoneta e ciclomotor rebocando outro veículo.",31
"Conduzir motocicleta, motoneta e ciclomotor sem usar capacete de segurana com viseira ou culos de proteo e vesturio de acordo com as normas e especificaes aprovadas pelo CONTRAN.","Conduzir motocicleta, motoneta e ciclomotor sem usar capacete de segurança com viseira ou óculos de proteção e vestuário de acordo com as normas e especificações aprovadas pelo CONTRAN.",917
"Conduzir motocicleta, motoneta e ciclomotor sem usar capacete de segurana.","Conduzir motocicleta, motoneta e ciclomotor sem usar capacete de segurança.",4196
"Conduzir motocicleta, motoneta e ciclomotor sem usar capacete de segurança com viseira ou óculos de proteção e vestuário de acordo com as normas e especificações aprovadas pelo CONTRAN.","Conduzir motocicleta, motoneta e ciclomotor sem usar capacete de segurança com viseira ou óculos de proteção e vestuário de acordo com as normas e especificações aprovadas pelo CONTRAN.",1148
"Conduzir motocicleta, motoneta e ciclomotor sem usar capacete de segurança.","Conduzir motocicleta, motoneta e ciclomotor sem usar capacete de segurança.",16402
"Conduzir motocicleta, motoneta e ciclomotor sem vesturio aprovado pelo CONTRAN.","Conduzir motocicleta, motoneta e ciclomotor sem vestuário aprovado pelo CONTRAN.",28
"Conduzir motocicleta, motoneta e ciclomotor sem vestuário aprovado pelo CONTRAN.","Conduzir motocicleta, motoneta e ciclomotor sem vestuário aprovado pelo CONTRAN.",104
"Conduzir motocicleta, motoneta e ciclomotor sem vestuário de acordo com as normas e as especificaçõe","Conduzir motocicleta, motoneta e ciclomotor sem vestuário de acordo com as normas e as especificaçõe",1
"Conduzir motocicleta, motoneta e ciclomotor transportando criana menor de sete anos.","Conduzir motocicleta, motoneta ou ciclomotor transportando criança menor de 10 (dez) anos.",41
"Conduzir motocicleta, motoneta e ciclomotor transportando criana sem condies de cuidar de sua pr","Conduzir motocicleta, motoneta e ciclomotor transportando criança sem condições de cuidar de sua própria segurança.",4
"Conduzir motocicleta, motoneta e ciclomotor transportando criana sem condies de cuidar de sua prpria segurana.","Conduzir motocicleta, motoneta e ciclomotor transportando criança sem condições de cuidar de sua própria segurança.",10
"Conduzir motocicleta, motoneta e ciclomotor transportando crianca menor de 7 anos ou que no tenha, nas circunstncias, condies de cuidar de sua prpria segurana.","Conduzir motocicleta, motoneta e ciclomotor transportando crianca menor de 7 anos ou que não tenha, nas circunstâncias, condições de cuidar de sua própria segurança.",3
"Conduzir motocicleta, motoneta e ciclomotor transportando crianca menor de 7 anos ou que não tenha, nas circunstâncias, condições de cuidar de sua própria segurança.","Conduzir motocicleta, motoneta e ciclomotor transportando crianca menor de 7 anos ou que não tenha, nas circunstâncias, condições de cuidar de sua própria segurança.",8
"Conduzir motocicleta, motoneta e ciclomotor transportando criança menor de 10 (dez) anos.","Conduzir motocicleta, motoneta ou ciclomotor transportando criança menor de 10 (dez) anos.",55
"Conduzir motocicleta, motoneta e ciclomotor transportando criança menor de sete anos.","Conduzir motocicleta, motoneta ou ciclomotor transportando criança menor de 10 (dez) anos.",65
"Conduzir motocicleta, motoneta e ciclomotor transportando criança sem condições de cuidar de sua pró","Conduzir motocicleta, motoneta ou ciclomotor transportando criança que não tenha, nas circunstâncias, condições de cuidar da própria segurança.",1
"Conduzir motocicleta, motoneta e ciclomotor transportando criança sem condições de cuidar de sua própria segurança.","Conduzir motocicleta, motoneta e ciclomotor transportando criança sem condições de cuidar de sua própria segurança.",76
"Conduzir motocicleta, motoneta e ciclomotor transportando passageiro fora do assento suplementar col","Conduzir motocicleta, motoneta ou ciclomotor transportando passageiro fora do assento suplementar colocado atrás do condutor ou em carro lateral.",24
"Conduzir motocicleta, motoneta e ciclomotor transportando passageiro fora do assento suplementar colocado atrs do condutor ou em carro lateral.","Conduzir motocicleta, motoneta ou ciclomotor transportando passageiro fora do assento suplementar colocado atrás do condutor ou em carro lateral.",6
"Conduzir motocicleta, motoneta e ciclomotor transportando passageiro fora do assento suplementar colocado atrás do condutor ou em carro lateral.","Conduzir motocicleta, motoneta ou ciclomotor transportando passageiro fora do assento suplementar colocado atrás do condutor ou em carro lateral.",42
"Conduzir motocicleta, motoneta e ciclomotor transportando passageiro sem o capacete de segurana com viseira ou culos de proteo, ou fora do assento suplementar colocado atrs do condutor ou em carro lateral.","Conduzir motocicleta, motoneta e ciclomotor transportando passageiro sem o capacete de segurança com viseira ou óculos de proteção, ou fora do assento suplementar colocado atrás do condutor ou em carro lateral.",166
"Conduzir motocicleta, motoneta e ciclomotor transportando passageiro sem o capacete de segurana.","Conduzir motocicleta, motoneta ou ciclomotor transportando passageiro sem capacete de segurança.",3056
"Conduzir motocicleta, motoneta e ciclomotor transportando passageiro sem o capacete de segurança com viseira ou óculos de proteção, ou fora do assento suplementar colocado atrás do condutor ou em carro lateral.","Conduzir motocicleta, motoneta e ciclomotor transportando passageiro sem o capacete de segurança com viseira ou óculos de proteção, ou fora do assento suplementar colocado atrás do condutor ou em carro lateral.",288
"Conduzir motocicleta, motoneta e ciclomotor transportando passageiro sem o capacete de segurança.","Conduzir motocicleta, motoneta ou ciclomotor transportando passageiro sem capacete de segurança.",9800
"Conduzir motocicleta, motoneta e ciclomotor transportando passageiro sem viseira ou culos de proteo.","Conduzir motocicleta, motoneta e ciclomotor transportando passageiro sem viseira ou óculos de proteção.",20
"Conduzir motocicleta, motoneta e ciclomotor transportando passageiro sem viseira ou óculos de proteção.","Conduzir motocicleta, motoneta e ciclomotor transportando passageiro sem viseira ou óculos de proteção.",1365
"Conduzir motocicleta, motoneta ou ciclomotor com a utilização de capacete de segurança sem viseira o","Conduzir motocicleta, motoneta ou ciclomotor com viseira ou óculos de proteção em desacordo com a regulamentação do CONTRAN.",1127
"Conduzir motocicleta, motoneta ou ciclomotor com viseira ou óculos de proteção em desacordo com a re","Conduzir motocicleta, motoneta ou ciclomotor com viseira ou óculos de proteção em desacordo com a regulamentação do CONTRAN.",9644
"Conduzir motocicleta, motoneta ou ciclomotor transportando passageiro com o capacete de segurança co","Conduzir motocicleta, motoneta ou ciclomotor transportando passageiro com capacete de segurança com viseira ou óculos de proteção em desacordo com a regulamentação do CONTRAN.",310
"Conduzir motocicleta, motoneta ou ciclomotor transportando passageiro com o capacete de segurança se","Conduzir motocicleta, motoneta ou ciclomotor transportando passageiro com capacete de segurança com viseira ou óculos de proteção em desacordo com a regulamentação do CONTRAN.",207
"Conduzir motocicleta, motoneta, ciclomotor  e ciclo transportando carga incompatvel com suas especificaes.","Conduzir motocicleta, motoneta, ciclomotor  e ciclo transportando carga incompatível com suas especificações.",2
"Conduzir motocicleta, motoneta, ciclomotor  e ciclo transportando carga incompatível com suas especificações.","Conduzir motocicleta, motoneta, ciclomotor  e ciclo transportando carga incompatível com suas especificações.",3
"Conduzir motocicleta, motoneta, ciclomotor e ciclo fazendo malabarismo ou equilibrando-se apenas em uma roda.","Conduzir motocicleta, motoneta, ciclomotor e ciclo fazendo malabarismo ou equilibrando-se apenas em uma roda.",14
"Conduzir motocicleta, motoneta, ciclomotor e ciclo sem segurar o guidom com ambas as mos, salvo eventualmente para indicao de manobras.","Conduzir motocicleta, motoneta, ciclomotor e ciclo sem segurar o guidom com ambas as mãos, salvo eventualmente para indicação de manobras.",4
"Conduzir motocicleta, motoneta, ciclomotor e ciclo sem segurar o guidom com ambas as mãos, salvo eventualmente para indicação de manobras.","Conduzir motocicleta, motoneta, ciclomotor e ciclo sem segurar o guidom com ambas as mãos, salvo eventualmente para indicação de manobras.",1
"Conduzir motocicleta, motoneta, ciclomotor fazendo malabarismo ou equilibrando-se em uma roda.","Conduzir motocicleta, motoneta, ciclomotor fazendo malabarismo ou equilibrando-se em uma roda.",439
"Conduzir motocicleta, motoneta, ciclomotor sem segurar o guidom com ambas as mos.","Conduzir motocicleta, motoneta, ciclomotor sem segurar o guidom com ambas as mãos.",163
"Conduzir motocicleta, motoneta, ciclomotor sem segurar o guidom com ambas as mãos.","Conduzir motocicleta, motoneta, ciclomotor sem segurar o guidom com ambas as mãos.",287
"Conduzir motocicleta, motoneta, ciclomotor transportando carga incompatvel com suas especificaes.","Conduzir motocicleta, motoneta ou ciclomotor transportando carga incompatível com suas especificações.",12
"Conduzir motocicleta, motoneta, ciclomotor transportando carga incompatível com suas especificações.","Conduzir motocicleta, motoneta ou ciclomotor transportando carga incompatível com suas especificações.",58
Conduzir o veculo com a caracterstica alterada.,Conduzir o veículo com a característica alterada.,129
Conduzir o veculo com a cor alterada.,Conduzir o veículo com a cor alterada.,12
Conduzir o veculo com a cor ou caracterstica alterada.,Conduzir o veículo com a cor ou característica alterada.,12
Conduzir o veculo com a placa violada ou falsificada.,"Conduzir o veículo com o lacre, a inscrição do chassi, o selo, a placa ou qualquer outro elemento de identificação do veículo violado ou falsificado.",30
"Conduzir o veculo com defeito no sistema de iluminao, de sinalizao ou com lmpadas queimadas.","Conduzir o veículo com defeito no sistema de iluminação, de sinalização ou com lâmpadas queimadas.",1025
Conduzir o veculo com defeito no sistema de iluminao/ lmpada queimada.,Conduzir o veículo com defeito no sistema de iluminação/ lâmpada queimada.,5
"Conduzir o veculo com descarga livre ou silenciador de motor de exploso defeituoso, deficiente ou inoperante.","Conduzir o veículo com descarga livre ou silenciador de motor de explosão defeituoso, deficiente ou inoperante.",5
Conduzir o veculo com descarga livre.,Conduzir o veículo com descarga livre.,104
Conduzir o veculo com equipamento obrigatrio em desacordo com o estabelecido pelo CONTRAN.,Conduzir o veículo com equipamento obrigatório em desacordo com o estabelecido pelo CONTRAN.,76
Conduzir o veculo com equipamento obrigatrio ineficiente ou inoperante.,Conduzir o veículo com equipamento obrigatório ineficiente ou inoperante.,563
Conduzir o veculo com equipamento ou acessrio proibido.,Conduzir o veículo com equipamento ou acessório proibido.,43
Conduzir o veculo com inscrio do chassi violada ou falsificada.,Conduzir o veculo com inscrio do chassi violada ou falsificada.,2
Conduzir o veculo com lmpadas queimadas.,Conduzir o veículo com lâmpadas queimadas.,6
Conduzir o veculo com o equipamento do sistema de iluminao e de sinalizao alterados.,Conduzir o veículo com o equipamento do sistema de iluminação e de sinalização alterados.,132
Conduzir o veculo com o lacre de identificao violado ou falsificado.,"Conduzir o veículo com o lacre, a inscrição do chassi, o selo, a placa ou qualquer outro elemento de identificação do veículo violado ou falsificado.",1176
Conduzir o veculo com o selo violado ou falsificado.,"Conduzir o veículo com o lacre, a inscrição do chassi, o selo, a placa ou qualquer outro elemento de identificação do veículo violado ou falsificado.",28
Conduzir o veculo com qualquer outro elemento de identificao violado ou falsificado.,Conduzir o veculo com qualquer outro elemento de identificao violado ou falsificado.,4
Conduzir o veculo com qualquer uma das placas sem condies de legibilidade e visibilidade.,Conduzir o veículo com qualquer uma das placas sem condições de legibilidade e visibilidade.,2950
Conduzir o veculo com registrador instantneo inaltervel de velocidade e tempo viciado ou defeituoso.,Conduzir o veículo com registrador instantâneo inalterável de velocidade e tempo viciado ou defeituoso.,8
"Conduzir o veculo com silenciador de motor de exploso defeituoso, deficiente ou inoperante.","Conduzir o veículo com descarga livre ou silenciador de motor de explosão defeituoso, deficiente ou inoperante.",11
"Conduzir o veculo com vidros total ou parcialmente cobertos por pelculas, painis/ pintura.","Conduzir o veículo com vidros total ou parcialmente cobertos por películas, painéis/ pintura.",18
"Conduzir o veculo de carga, com falta de inscrio da tara e demais inscries previstas no CTB.","Conduzir o veículo de carga, com falta de inscrição da tara e demais inscrições previstas no CTB.",1
"Conduzir o veculo em mau estado de conservao, comprometendo a segurana.","Conduzir o veículo em mau estado de conservação, comprometendo a segurança.",482
"Conduzir o veculo em mau estado de conservao, comprometendo a seguranca, ou reprovado na avaliao de inspeo de segurana e de emisso de poluentes e rudo, previstas no Art.104.","Conduzir o veículo em mau estado de conservação, comprometendo a seguranca, ou reprovado na avaliação de inspeção de segurança e de emissão de poluentes e ruído, previstas no Art.104.",114
Conduzir o veculo que no esteja registrado e devidamente licenciado.,Conduzir o veículo que não esteja registrado e devidamente licenciado.,136
Conduzir o veculo que no esteja registrado.,Conduzir o veículo que no esteja registrado.,931
Conduzir o veculo registrado que no esteja devidamente licenciado.,Conduzir o veículo registrado que no esteja devidamente licenciado.,8879
Conduzir o veculo reprovado na avaliao de emisso de poluentes e rudo.,Conduzir o veculo reprovado na avaliao de emisso de poluentes e rudo.,2
Conduzir o veculo reprovado na avaliao de inspeo de segurana.,Conduzir o veculo reprovado na avaliao de inspeo de segurana.,1
Conduzir o veculo sem acionar o limpador de pra-brisa sob chuva.,Conduzir o veículo sem acionar o limpador de para-brisa sob chuva.,6
Conduzir o veculo sem equipamento obrigatrio ou estando este ineficiente ou inoperante.,Conduzir o veículo sem equipamento obrigatório ou estando este ineficiente ou inoperante.,191
Conduzir o veculo sem equipamento obrigatrio.,Conduzir o veículo com equipamento obrigatório ineficiente ou inoperante.,343
Conduzir o veculo sem portar a autorizao para conduo de escolares.,Conduzir o veículo sem portar a autorização para condução de escolares.,3
Conduzir o veculo sem qualquer uma das placas de identificao.,Conduzir o veículo sem qualquer uma das placas de identificação.,198
"Conduzir o veculo sem ter sido submetido  inspeo de segurana veicular, quando obrigatria.","Conduzir o veículo sem ter sido submetido à inspeção de segurança veicular, quando obrigatória.",68
Conduzir o veculo transportando passageiros em compartimento de carga.,Conduzir o veículo transportando passageiros em compartimento de carga.,465
"Conduzir o veiculo com lacre, a inscrio do chassi, o selo, a placa ou qualquer outro elemento de identificao do veculo violado ou  falsificado.","Conduzir o veículo com o lacre, a inscrição do chassi, o selo, a placa ou qualquer outro elemento de identificação do veículo violado ou falsificado.",19
"Conduzir o veiculo com lacre, a inscrição do chassi, o selo, a placa ou qualquer outro elemento de identificação do veículo violado ou  falsificado.","Conduzir o veículo com o lacre, a inscrição do chassi, o selo, a placa ou qualquer outro elemento de identificação do veículo violado ou falsificado.",32
Conduzir o veículo com a característica alterada.,Conduzir o veículo com a cor ou característica alterada.,1173
Conduzir o veículo com a cor alterada.,Conduzir o veículo com a cor alterada.,58
Conduzir o veículo com a cor ou característica alterada.,Conduzir o veículo com a cor ou característica alterada.,37
Conduzir o veículo com a placa violada ou falsificada.,"Conduzir o veículo com o lacre, a inscrição do chassi, o selo, a placa ou qualquer outro elemento de identificação do veículo violado ou falsificado.",263
"Conduzir o veículo com cortinas ou persianas fechadas, não autorizadas pela legislação.","Conduzir o veículo com cortinas ou persianas fechadas, não autorizadas pela legislação.",1
"Conduzir o veículo com defeito no sistema de iluminação, de sinalização ou com lâmpadas queimadas.","Conduzir o veículo com defeito no sistema de iluminação, de sinalização ou com lâmpadas queimadas.",1893
Conduzir o veículo com defeito no sistema de iluminação/ lâmpada queimada.,Conduzir o veículo com defeito no sistema de iluminação/ lâmpada queimada.,193
Conduzir o veículo com defeito no sistema de sinalização/ lâmpada queimada.,Conduzir o veículo com defeito no sistema de sinalização/ lâmpada queimada.,30
"Conduzir o veículo com descarga livre ou silenciador de motor de explosão defeituoso, deficiente ou inoperante.","Conduzir o veículo com descarga livre ou silenciador de motor de explosão defeituoso, deficiente ou inoperante.",1
Conduzir o veículo com descarga livre.,Conduzir o veículo com descarga livre.,1555
Conduzir o veículo com dispositivo anti-radar.,Conduzir o veículo com dispositivo anti-radar.,21
Conduzir o veículo com equipamento obrigatório em desacordo com o estabelecido pelo CONTRAN.,Conduzir o veículo com equipamento obrigatório em desacordo com o estabelecido pelo CONTRAN.,972
Conduzir o veículo com equipamento obrigatório ineficiente ou inoperante.,Conduzir o veículo sem equipamento obrigatório ou estando este ineficiente ou inoperante.,2695
Conduzir o veículo com equipamento ou acessório proibido.,Conduzir o veículo com equipamento ou acessório proibido.,643
Conduzir o veículo com inscrição do chassi violada ou falsificada.,"Conduzir o veículo com o lacre, a inscrição do chassi, o selo, a placa ou qualquer outro elemento de identificação do veículo violado ou falsificado.",6
"Conduzir o veículo com inscrições, adesivos, legendas e símbolos de caráter publicitário afixados no pára-brisa e em toda a extensão da parte traseira do veículo.","Conduzir o veículo com inscrições, adesivos, legendas e símbolos de caráter publicitário afixados no pára-brisa e em toda a extensão da parte traseira do veículo.",19
"Conduzir o veículo com inscrições, adesivos, legendas e símbolos de caráter publicitários afixados ou pintados no pára-brisa e em toda a extensão da parte traseira do veículo, excetuadas as hipóteses previstas no Código de Transito Brasileiro.","Conduzir o veículo com inscrições, adesivos, legendas e símbolos de caráter publicitários afixados ou pintados no pára-brisa e em toda a extensão da parte traseira do veículo, excetuadas as hipóteses previstas no Código de Transito Brasileiro.",8
Conduzir o veículo com lâmpadas queimadas.,Conduzir o veículo com lâmpadas queimadas.,363
Conduzir o veículo com o equipamento do sistema de iluminação e de sinalização alterados.,Conduzir o veículo com o equipamento do sistema de iluminação e de sinalização alterados.,404
Conduzir o veículo com o lacre de identificação violado ou falsificado.,"Conduzir o veículo com o lacre, a inscrição do chassi, o selo, a placa ou qualquer outro elemento de identificação do veículo violado ou falsificado.",924
Conduzir o veículo com o selo violado ou falsificado.,"Conduzir o veículo com o lacre, a inscrição do chassi, o selo, a placa ou qualquer outro elemento de identificação do veículo violado ou falsificado.",272
Conduzir o veículo com qualquer outro elemento de identificação violado ou falsificado.,"Conduzir o veículo com o lacre, a inscrição do chassi, o selo, a placa ou qualquer outro elemento de identificação do veículo violado ou falsificado.",30
Conduzir o veículo com qualquer uma das placas sem condições de legibilidade e visibilidade.,Conduzir o veículo com qualquer uma das placas sem condições de legibilidade e visibilidade.,9897
Conduzir o veículo com registrador instantâneo inalterável de velocidade e tempo viciado ou defeituoso.,Conduzir o veículo com registrador instantâneo inalterável de velocidade e tempo viciado ou defeituoso.,67
"Conduzir o veículo com silenciador de motor de explosão defeituoso, deficiente ou inoperante.","Conduzir o veículo com descarga livre ou silenciador de motor de explosão defeituoso, deficiente ou inoperante.",566
"Conduzir o veículo com vidros parcialmente cobertos por película refletivas ou não, painéis decorativos ou pinturas.","Conduzir o veículo com vidros parcialmente cobertos por película refletivas ou não, painéis decorativos ou pinturas.",3
"Conduzir o veículo com vidros total ou parcialmente cobertos por películas, painéis/ pintura.","Conduzir o veículo com vidros total ou parcialmente cobertos por películas, painéis/ pintura.",87
"Conduzir o veículo com vidros totalmente cobertos por películas refletivas ou não, painéis decorativos ou pinturas.","Conduzir o veículo com vidros parcialmente cobertos por película refletivas ou não, painéis decorativos ou pinturas.",14
"Conduzir o veículo de carga, com falta de inscrição da tara e demais inscrições previstas no CTB.","Conduzir o veículo de carga, com falta de inscrição da tara e demais inscrições previstas no CTB.",1
"Conduzir o veículo em mau estado de conservação, comprometendo a seguranca, ou reprovado na avaliação de inspeção de segurança e de emissão de poluentes e ruído, previstas no Art.104.","Conduzir o veículo em mau estado de conservação, comprometendo a seguranca, ou reprovado na avaliação de inspeção de segurança e de emissão de poluentes e ruído, previstas no Art.104.",96
"Conduzir o veículo em mau estado de conservação, comprometendo a segurança.","Conduzir o veículo em mau estado de conservação, comprometendo a segurança.",4145
Conduzir o veículo que não esteja registrado e devidamente licenciado.,Conduzir o veículo que não esteja registrado e devidamente licenciado.,319
Conduzir o veículo que não esteja registrado.,Conduzir o veículo que não esteja registrado.,741
Conduzir o veículo registrado que não esteja devidamente licenciado.,Conduzir o veículo que não esteja registrado e devidamente licenciado.,33656
Conduzir o veículo reprovado na avaliação de inspeção de segurança.,Conduzir o veículo reprovado na avaliação de inspeção de segurança.,83
Conduzir o veículo sem acionar o limpador de pára-brisa sob chuva.,Conduzir o veículo sem acionar o limpador de para-brisa sob chuva.,5
Conduzir o veículo sem equipamento obrigatório ou estando este ineficiente ou inoperante.,Conduzir o veículo sem equipamento obrigatório ou estando este ineficiente ou inoperante.,385
Conduzir o veículo sem equipamento obrigatório.,Conduzir o veículo com equipamento obrigatório ineficiente ou inoperante.,2936
Conduzir o veículo sem portar a autorização para condução de escolares.,Conduzir o veículo sem portar a autorização para condução de escolares.,4
Conduzir o veículo sem qualquer uma das placas de identificação.,Conduzir o veículo sem qualquer uma das placas de identificação.,977
"Conduzir o veículo sem ter sido submetido à inspeção de segurança veicular, quando obrigatória.","Conduzir o veículo sem ter sido submetido à inspeção de segurança veicular, quando obrigatória.",676
Conduzir o veículo transportando passageiros em compartimento de carga.,Conduzir o veículo transportando passageiros em compartimento de carga.,1305
Conduzir pessoas nas partes externas do veculo.,Conduzir pessoas nas partes externas do veículo.,15
Conduzir pessoas nas partes externas do veículo.,Conduzir pessoas nas partes externas do veículo.,71
"Conduzir pessoas, animais ou carga nas partes externas do veículo, salvo nos casos devidamente autorizados.","Conduzir pessoas, animais ou carga nas partes externas do veículo, salvo nos casos devidamente autorizados.",10
Conduzir veculo de transporte de passageiros ou carga em desacordo com as condies estabelecidas n,Conduzir veículo de transporte de passageiros ou carga em desacordo com as condições estabelecidas no art. 67-C do CTB,1
Conduzir veculo sem os documentos de porte obrigatrio referidos no CTB.,Conduzir veículo sem os documentos de porte obrigatório referidos no CTB.,1023
Conduzir veículo de transporte de passageiros ou carga em desacordo com as condições estabelecidas no art. 67-C do CTB,Conduzir veículo de transporte de passageiros ou carga em desacordo com as condições estabelecidas no art. 67-C do CTB,1
Conduzir veículo sem os documentos de porte obrigatório referidos no CTB.,Conduzir veículo sem os documentos de porte obrigatório referidos no CTB.,7713
"Confeccionar, distribuir ou colocar, em veculo prprio ou de terceiros, placas de identificao no","Confeccionar, distribuir ou colocar, em veículo próprio ou de terceiros, placas de identificação não autorizadas pela regulamentação.",1
"Confeccionar, distribuir ou colocar, em veculo prprio ou de terceiros, placas de identificao no autorizadas pela regulamentao do CONTRAN.","Confeccionar, distribuir ou colocar, em veículo próprio ou de terceiros, placas de identificação não autorizadas pela regulamentação.",1
"Confeccionar, distribuir ou colocar, em veículo próprio ou de terceiros, placas de identificação não","Confeccionar, distribuir ou colocar, em veículo próprio ou de terceiros, placas de identificação não autorizadas pela regulamentação.",5
"Confeccionar, distribuir ou colocar, em veículo próprio ou de terceiros, placas de identificação não autorizadas pela regulamentação do CONTRAN.","Confeccionar, distribuir ou colocar, em veículo próprio ou de terceiros, placas de identificação não autorizadas pela regulamentação do CONTRAN.",2
"Confiar ou entregar a direção de veículo a pessoa que, mesmo habilitada, por seu estado físico ou ps","Confiar ou entregar a direção de veículo a pessoa que, mesmo habilitada, por seu estado físico ou psíquico, não estiver em condições de dirigi-lo com segurança.",1
"Confiar ou entregar a direção de veículo a pessoa que, mesmo habilitada, por seu estado físico ou psíquico, não estiver em condições de dirigi-lo com segurança.","Confiar ou entregar a direção de veículo a pessoa que, mesmo habilitada, por seu estado físico ou psíquico, não estiver em condições de dirigi-lo com segurança.",4
"Deixa de deslocar, com antecedncia, o veculo para a faixa mais  esquerda ou mais  direita, dentro da respectiva mo de direo, quando for manobrar para um desses lados.","Deixa de deslocar, com antecedência, o veículo para a faixa mais à esquerda ou mais à direita, dentro da respectiva mão de direção, quando for manobrar para um desses lados.",15
"Deixa de deslocar, com antecedência, o veículo para a faixa mais à esquerda ou mais à direita, dentro da respectiva mão de direção, quando for manobrar para um desses lados.","Deixa de deslocar, com antecedência, o veículo para a faixa mais à esquerda ou mais à direita, dentro da respectiva mão de direção, quando for manobrar para um desses lados.",102
Deixar a empresa seguradora de comunicar ao órgão executivo de trânsito competente a ocorrência de perda total do veículo e de lhe devolver as respectivas placas e documentos.,Deixar a empresa seguradora de comunicar ao órgão executivo de trânsito competente a ocorrência de perda total do veículo e de lhe devolver as respectivas placas e documentos.,3
Deixar de adentrar s reas destinadas  pesagem de veculos.,Deixar de adentrar s reas destinadas  pesagem de veculos.,1
Deixar de atualizar o cadastro de habilitação do condutor.,Deixar de atualizar o cadastro de registro do veículo ou de habilitação do condutor.,2
Deixar de atualizar o cadastro de registro do veculo ou de habilitao do condutor.,Deixar de atualizar o cadastro de registro do veículo ou de habilitação do condutor.,1
Deixar de atualizar o cadastro de registro do veículo ou de habilitação do condutor.,Deixar de atualizar o cadastro de registro do veículo ou de habilitação do condutor.,3
Deixar de atualizar o cadastro de registro do veículo.,Deixar de atualizar o cadastro de registro do veículo.,19
"Deixar de conservar nas faixas da direita, o veculo lento e de maior porte.","Deixar de conservar nas faixas da à direita, o veículo lento e de maior porte.",13
"Deixar de conservar nas faixas da direita, o veículo lento e de maior porte.","Deixar de conservar nas faixas da à direita, o veículo lento e de maior porte.",22
"Deixar de conservar o veculo na faixa a ele destinada pela sinalizao de regulamentao, exceto em","Deixar de conservar o veículo na faixa a ele destinada pela sinalização de regulamentação, exceto em situações de emergência.",2622
"Deixar de conservar o veculo na faixa a ele destinada pela sinalizao de regulamentao, exceto em situaes de emergncias.","Deixar de conservar o veículo na faixa a ele destinada pela sinalização de regulamentação, exceto em situações de emergências.",398
"Deixar de conservar o veículo na faixa a ele destinada pela sinalização de regulamentação, exceto em","Deixar de conservar o veículo na faixa a ele destinada pela sinalização de regulamentação, exceto em situações de emergência.",1923
"Deixar de conservar o veículo na faixa a ele destinada pela sinalização de regulamentação, exceto em situações de emergências.","Deixar de conservar o veículo na faixa a ele destinada pela sinalização de regulamentação, exceto em situações de emergências.",3191
Deixar de dar passagem aos veculos de operao e fiscalizao de trnsito devidamente identificados,"Deixar de dar passagem aos veículos de operação e fiscalização de trânsito devidamente identificados, quando em serviço de urgência.",11
Deixar de dar passagem aos veculos de operao e fiscalizao de trnsito devidamente identificados.,"Deixar de dar passagem aos veículos de operação e fiscalização de trânsito devidamente identificados, quando em serviço de urgência.",3
Deixar de dar passagem aos veculos de polcia em servio de urgncia e devidamente identificados.,Deixar de dar passagem aos veículos de polícia em serviço de urgência e devidamente identificados.,32
Deixar de dar passagem aos veculos de socorro de incndio e salvamento em servio de urgncia e dev,Deixar de dar passagem aos veículos de socorro de incêndio e salvamento em serviço de urgência e devidamente identificados.,57
Deixar de dar passagem aos veculos de socorro de incndio e salvamento em servio de urgncia e devidamente identificados.,Deixar de dar passagem aos veículos de socorro de incêndio e salvamento em serviço de urgência e devidamente identificados.,6
Deixar de dar passagem aos veculos precedidos de bat,Deixar de dar passagem aos veículos precedidos de batedores devidamente identificados.,2
Deixar de dar passagem aos veículos de operação e fiscalização de trânsito devidamente identificados,"Deixar de dar passagem aos veículos de operação e fiscalização de trânsito devidamente identificados, quando em serviço de urgência.",34
Deixar de dar passagem aos veículos de operação e fiscalização de trânsito devidamente identificados.,"Deixar de dar passagem aos veículos de operação e fiscalização de trânsito devidamente identificados, quando em serviço de urgência.",69
Deixar de dar passagem aos veículos de polícia em serviço de urgência e devidamente identificados.,Deixar de dar passagem aos veículos de polícia em serviço de urgência e devidamente identificados.,30
Deixar de dar passagem aos veículos de socorro de incêndio e salvamento em serviço de urgência e dev,Deixar de dar passagem aos veículos de socorro de incêndio e salvamento em serviço de urgência e devidamente identificados.,38
Deixar de dar passagem aos veículos de socorro de incêndio e salvamento em serviço de urgência e devidamente identificados.,Deixar de dar passagem aos veículos de socorro de incêndio e salvamento em serviço de urgência e devidamente identificados.,33
Deixar de dar passagem aos veículos precedidos de bat,Deixar de dar passagem aos veículos precedidos de batedores devidamente identificados.,27
Deixar de dar passagem aos veículos precedidos de batedores devidamente identificados.,Deixar de dar passagem aos veículos precedidos de batedores devidamente identificados.,17
"Deixar de dar passagem as ambulncias, em servio de urgncia e devidamente identificados.","Deixar de dar passagem as ambulâncias, em serviço de urgência e devidamente identificados.",315
"Deixar de dar passagem as ambulâncias, em serviço de urgência e devidamente identificados.","Deixar de dar passagem as ambulâncias, em serviço de urgência e devidamente identificados.",449
"Deixar de dar passagem pela esquerda, quando solicitado.","Deixar de dar passagem pela à esquerda, quando solicitado.",9
Deixar de dar preferncia de passagem a pedestre e a veculo no motorizado na faixa a ele destinada,Deixar de dar preferência de passagem a pedestre ou a veículo não motorizado que se encontre na faixa a ele destinada.,982
Deixar de dar preferncia de passagem a pedestre e a veculo no motorizado na faixa a ele destinada.,Deixar de dar preferência de passagem a pedestre ou a veículo não motorizado que se encontre na faixa a ele destinada.,144
Deixar de dar preferncia de passagem a pedestre e a veculo no motorizado quando iniciado a traves,"Deixar de dar preferência de passagem a pedestre ou a veículo não motorizado que tenha iniciado a travessia, mesmo que não haja sinalização a ele destinada.",34
Deixar de dar preferncia de passagem a pedestre e a veculo no motorizado quando iniciado a travessia mesmo que no haja sinalizao a ele destinada.,"Deixar de dar preferência de passagem a pedestre ou a veículo não motorizado que tenha iniciado a travessia, mesmo que não haja sinalização a ele destinada.",15
Deixar de dar preferncia de passagem a pedestre e a veculo no motorizado que no haja concludo a,"Deixar de dar preferência de passagem a pedestre ou a veículo não motorizado que não haja concluído a travessia, mesmo que ocorra sinal verde para o veículo.",330
Deixar de dar preferncia de passagem a pedestre e a veculo no motorizado que no haja concludo a travessia mesmo que ocorra sinal verde para o veculo.,"Deixar de dar preferência de passagem a pedestre ou a veículo não motorizado que não haja concluído a travessia, mesmo que ocorra sinal verde para o veículo.",104
Deixar de dar preferncia de passagem a pedestre e a veiculo no motorizado que esteja atravessando,Deixar de dar preferência de passagem a pedestre ou a veículo não motorizado que esteja atravessando a via transversal para onde se dirige o veículo.,46
Deixar de dar preferncia de passagem a pedestre e a veiculo no motorizado que esteja atravessando a via transversal para onde se dirige o veiculo.,Deixar de dar preferência de passagem a pedestre ou a veículo não motorizado que esteja atravessando a via transversal para onde se dirige o veículo.,26
"Deixar de dar preferncia de passagem a pedestre portadores de deficincia fsica, crianas, idosos","Deixar de dar preferência de passagem a pedestres com deficiência física, crianças, idosos ou gestantes.",18
"Deixar de dar preferncia de passagem a pedestre portadores de deficincia fsica, crianas, idosos e gestantes.","Deixar de dar preferência de passagem a pedestre portadores de deficiência física, crianças, idosos e gestantes.",9
Deixar de dar preferncia de passagem nas intersees com sinalizao de regulamentao - D a Prefe,Deixar de dar preferência de passagem nas interseções com sinalização de regulamentação de “Dê a Preferência”.,1
"Deixar de dar preferncia de passagem, em interseco no sinalizada, a veculo que estiver circulan","Deixar de dar preferência de passagem, em interseção não sinalizada, a veículo que estiver circulando por rodovia ou rotatória.",5
"Deixar de dar preferncia de passagem, em interseco no sinalizada, a veculo que vier da direita.","Deixar de dar preferência de passagem, em interseção não sinalizada, a veículo que vier da direita.",5
"Deixar de dar preferncia de passagem, em interseo no sinalizada, a veculo que estiver circulando por rodovia ou rotatria ou a veculo que vier da direita.","Deixar de dar preferncia de passagem, em interseo no sinalizada, a veculo que estiver circulando por rodovia ou rotatria ou a veculo que vier da direita.",1
Deixar de dar preferência de passagem a pedestre e a veiculo não motorizado que esteja atravessando,Deixar de dar preferência de passagem a pedestre ou a veículo não motorizado que esteja atravessando a via transversal para onde se dirige o veículo.,21
Deixar de dar preferência de passagem a pedestre e a veiculo não motorizado que esteja atravessando a via transversal para onde se dirige o veiculo.,Deixar de dar preferência de passagem a pedestre ou a veículo não motorizado que esteja atravessando a via transversal para onde se dirige o veículo.,114
Deixar de dar preferência de passagem a pedestre e a veículo não motorizado na faixa a ele destinada,Deixar de dar preferência de passagem a pedestre ou a veículo não motorizado que se encontre na faixa a ele destinada.,489
Deixar de dar preferência de passagem a pedestre e a veículo não motorizado na faixa a ele destinada.,Deixar de dar preferência de passagem a pedestre ou a veículo não motorizado que se encontre na faixa a ele destinada.,1132
Deixar de dar preferência de passagem a pedestre e a veículo não motorizado quando iniciado a traves,"Deixar de dar preferência de passagem a pedestre ou a veículo não motorizado que tenha iniciado a travessia, mesmo que não haja sinalização a ele destinada.",23
Deixar de dar preferência de passagem a pedestre e a veículo não motorizado quando iniciado a travessia mesmo que não haja sinalização a ele destinada.,"Deixar de dar preferência de passagem a pedestre ou a veículo não motorizado que tenha iniciado a travessia, mesmo que não haja sinalização a ele destinada.",44
Deixar de dar preferência de passagem a pedestre e a veículo não motorizado que não haja concluído a,"Deixar de dar preferência de passagem a pedestre ou a veículo não motorizado que não haja concluído a travessia, mesmo que ocorra sinal verde para o veículo.",153
Deixar de dar preferência de passagem a pedestre e a veículo não motorizado que não haja concluído a travessia mesmo que ocorra sinal verde para o veículo.,"Deixar de dar preferência de passagem a pedestre ou a veículo não motorizado que não haja concluído a travessia, mesmo que ocorra sinal verde para o veículo.",623
"Deixar de dar preferência de passagem a pedestre portadores de deficiência física, crianças, idosos","Deixar de dar preferência de passagem a pedestres com deficiência física, crianças, idosos ou gestantes.",25
"Deixar de dar preferência de passagem a pedestre portadores de deficiência física, crianças, idosos e gestantes.","Deixar de dar preferência de passagem a pedestre portadores de deficiência física, crianças, idosos e gestantes.",25
"Deixar de dar preferência de passagem em intersecção não sinalizada, a veículo que estiver circuland","Deixar de dar preferência de passagem, em interseção não sinalizada, a veículo que estiver circulando por rodovia ou rotatória.",1
Deixar de dar preferência de passagem nas interseções com sinalização de regulamentação - Dê a Prefe,Deixar de dar preferência de passagem nas interseções com sinalização de regulamentação de “Dê a Preferência”.,22
Deixar de dar preferência de passagem nas interseções com sinalização de regulamentação - Dê a Preferência.,Deixar de dar preferência de passagem nas interseções com sinalização de regulamentação de “Dê a Preferência”.,3
"Deixar de dar preferência de passagem, em intersecção não sinalizada, a veículo que estiver circulan","Deixar de dar preferência de passagem, em interseção não sinalizada, a veículo que estiver circulando por rodovia ou rotatória.",17
"Deixar de dar preferência de passagem, em intersecção não sinalizada, a veículo que estiver circulando por rotatória.","Deixar de dar preferência de passagem, em interseção não sinalizada, a veículo que estiver circulando por rodovia ou rotatória.",10
"Deixar de dar preferência de passagem, em intersecção não sinalizada, a veículo que vier da direita.","Deixar de dar preferência de passagem, em interseção não sinalizada, a veículo que vier da direita.",18
"Deixar de deslocar, com antecedncia, o veculo para a faixa mais  direita, quando for manobrar.","Deixar de deslocar, com antecedncia, o veculo para a faixa mais  direita, quando for manobrar.",6146
"Deixar de deslocar, com antecedncia, o veculo para a faixa mais  esquerda, quando for manobrar.","Deixar de deslocar, com antecedncia, o veculo para a faixa mais  esquerda, quando for manobrar.",7825
"Deixar de deslocar, com antecedência, o veículo para a faixa mais à direita, quando for manobrar.","Deixar de deslocar, com antecedência, o veículo para a faixa mais à à esquerda, quando for manobrar.",4196
"Deixar de deslocar, com antecedência, o veículo para a faixa mais à esquerda, quando for manobrar.","Deixar de deslocar, com antecedência, o veículo para a faixa mais à à esquerda, quando for manobrar.",6987
"Deixar de efetuar o registro de veculo no prazo de trinta dias, junto ao rgo executivo de trnsito.","Deixar de efetuar o registro de veículo no prazo de trinta dias, junto ao órgão executivo de trânsito.",2
"Deixar de efetuar o registro de veículo no prazo de trinta dias, junto ao órgão executivo de trânsito.","Deixar de efetuar o registro de veículo no prazo de trinta dias, junto ao órgão executivo de trânsito.",19
"Deixar de efetuar registro do veculo em 30 dias, quando for alterada qualquer caracterstica do ve","Deixar de efetuar o registro do veículo no prazo de 30 dias, quando for alterada qualquer característica do veículo.",2
"Deixar de efetuar registro do veculo em 30 dias, quando mudar o municpio de domiclio ou residnci","Deixar de efetuar o registro do veículo no prazo de 30 dias, quando mudar o município de domicílio ou residência.",2
"Deixar de efetuar registro do veículo em 30 dias, quando for alterada qualquer característica do veí","Deixar de efetuar o registro do veículo no prazo de 30 dias, quando for alterada qualquer característica do veículo.",1
"Deixar de efetuar registro do veículo em 30 dias, quando mudar o município de domicílio ou residência.","Deixar de efetuar o registro do veículo no prazo de 30 dias, quando mudar o município de domicílio ou residência.",7
Deixar de guardar a distncia lateral de um metro e cinqenta centmetros ao passar ou ultrapassar b,"Deixar de guardar a distância lateral de 1,5 m ao passar ou ultrapassar bicicleta.",3
Deixar de guardar a distncia lateral de um metro e cinqenta centmetros ao passar ou ultrapassar bicicleta.,Deixar de guardar a distância lateral de um metro e cinqüenta centímetros ao passar ou ultrapassar bicicleta.,1
Deixar de guardar a distância lateral de um metro e cinqüenta centímetros ao passar ou ultrapassar b,"Deixar de guardar a distância lateral de 1,5 m ao passar ou ultrapassar bicicleta.",345
Deixar de guardar a distância lateral de um metro e cinqüenta centímetros ao passar ou ultrapassar bicicleta.,Deixar de guardar a distância lateral de um metro e cinqüenta centímetros ao passar ou ultrapassar bicicleta.,6
"Deixar de guardar distncia de segurana lateral e frontal entre o seu veculo e os demais, bem como","Deixar de guardar distância de segurança lateral e frontal entre seu veículo e os demais, bem como em relação ao bordo da pista, considerando a velocidade, as condições climáticas do local da circulação e do veículo.",39
"Deixar de guardar distncia de segurana lateral e frontal entre o seu veculo e os demais, bem como em relao ao bordo da pista.","Deixar de guardar distância de segurança lateral e frontal entre o seu veículo e os demais, bem como em relação ao bordo da pista.",5
"Deixar de guardar distância de segurança lateral e frontal entre o seu veículo e os demais, bem como","Deixar de guardar distância de segurança lateral e frontal entre seu veículo e os demais, bem como em relação ao bordo da pista, considerando a velocidade, as condições climáticas do local da circulação e do veículo.",124
"Deixar de guardar distância de segurança lateral e frontal entre o seu veículo e os demais, bem como em relação ao bordo da pista.","Deixar de guardar distância de segurança lateral e frontal entre o seu veículo e os demais, bem como em relação ao bordo da pista.",46
"Deixar de indicar com antecedncia, mediante gesto regulamentar de brao ou luz indicadora de dire","Deixar de indicar com antecedência, mediante gesto regulamentar de braço ou luz indicadora de direção, o início da marcha, a realização da manobra de parar o veículo, a mudança de direção ou de faixa de circulação.",7609
"Deixar de indicar com antecedncia, mediante gesto regulamentar de brao ou luz indicadora de direo de veculo, o incio da marcha, a realizao da manobra de parar o veculo, a mudana de direo ou de faixa de circulao.","Deixar de indicar com antecedência, mediante gesto regulamentar de braço ou luz indicadora de direção de veículo, o início da marcha, a realização da manobra de parar o veículo, a mudança de direção ou de faixa de circulação.",35
"Deixar de indicar com antecedncia, mediante gesto regulamentar de brao ou luz indicadora de direo do veculo, mudana de direo.","Deixar de indicar com antecedência, mediante gesto regulamentar de braço ou luz indicadora de direção do veículo, mudança de direção.",372
"Deixar de indicar com antecedncia, mediante gesto regulamentar de brao ou luz indicadora de direo do veculo, mudana de faixa de circulao.","Deixar de indicar com antecedência, mediante gesto regulamentar de braço ou luz indicadora de direção do veículo, mudança de direção.",264
"Deixar de indicar com antecedncia, mediante gesto regulamentar de brao ou luz indicadora de direo do veculo, o incio da marcha.","Deixar de indicar com antecedência, mediante gesto regulamentar de braço ou luz indicadora de direção do veículo, mudança de direção.",63
"Deixar de indicar com antecedência, mediante gesto regulamentar de braço ou luz indicadora de direçã","Deixar de indicar com antecedência, mediante gesto regulamentar de braço ou luz indicadora de direção, o início da marcha, a realização da manobra de parar o veículo, a mudança de direção ou de faixa de circulação.",3146
"Deixar de indicar com antecedência, mediante gesto regulamentar de braço ou luz indicadora de direção de veículo, o início da marcha, a realização da manobra de parar o veículo, a mudança de direção ou de faixa de circulação.","Deixar de indicar com antecedência, mediante gesto regulamentar de braço ou luz indicadora de direção de veículo, o início da marcha, a realização da manobra de parar o veículo, a mudança de direção ou de faixa de circulação.",69
"Deixar de indicar com antecedência, mediante gesto regulamentar de braço ou luz indicadora de direção do veículo, a realização de manobra de parar o veículo.","Deixar de indicar com antecedência, mediante gesto regulamentar de braço ou luz indicadora de direção de veículo, o início da marcha, a realização da manobra de parar o veículo, a mudança de direção ou de faixa de circulação.",13
"Deixar de indicar com antecedência, mediante gesto regulamentar de braço ou luz indicadora de direção do veículo, mudança de direção.","Deixar de indicar com antecedência, mediante gesto regulamentar de braço ou luz indicadora de direção do veículo, mudança de direção.",1358
"Deixar de indicar com antecedência, mediante gesto regulamentar de braço ou luz indicadora de direção do veículo, mudança de faixa de circulação.","Deixar de indicar com antecedência, mediante gesto regulamentar de braço ou luz indicadora de direção de veículo, o início da marcha, a realização da manobra de parar o veículo, a mudança de direção ou de faixa de circulação.",725
"Deixar de indicar com antecedência, mediante gesto regulamentar de braço ou luz indicadora de direção do veículo, o início da marcha.","Deixar de indicar com antecedência, mediante gesto regulamentar de braço ou luz indicadora de direção do veículo, o início da marcha.",110
"Deixar de manter acesas,  noite, as luzes de posio, quando o veculo estiver parado para fins de","Deixar de manter acesas,  noite, as luzes de posio, quando o veculo estiver parado para fins de",4
"Deixar de manter acesas, à noite, as luzes de posição, quando o veículo estiver parado para fins de","Deixar de manter acesas, à noite, as luzes de posição, quando o veículo estiver parado para fins de embarque ou desembarque de passageiros, carga ou descarga de mercadorias.",4
"Deixar de manter acesas, à noite, as luzes de posição, quando o veículo estiver parado para fins de embarque ou desembarque de passageiros.","Deixar de manter acesas, à noite, as luzes de posição, quando o veículo estiver parado para fins de embarque ou desembarque de passageiros, carga ou descarga de mercadorias.",2
"Deixar de manter ligado, nas situaes de atendimento de emergncia, o sistema de iluminao vermelh","Deixar de manter ligado, nas situações de atendimento de emergência, o sistema de iluminação intermitente dos veículos de emergência, ainda que parados.",3
"Deixar de manter ligado, nas situações de atendimento de emergência, o sistema de iluminação vermelh","Deixar de manter ligado, nas situações de atendimento de emergência, o sistema de iluminação intermitente dos veículos de emergência, ainda que parados.",1
"Deixar de manter ligado, nas situações de atendimento de emergência, o sistema de iluminação vermelha intermitente ainda que parados.","Deixar de manter ligado, nas situações de atendimento de emergência, o sistema de iluminação intermitente dos veículos de emergência, ainda que parados.",1
"Deixar de parar o veculo no acostamento  direita, para aguardar a oportunidade de cruzar pista ou","Deixar de parar o veículo no acostamento à direita, para aguardar a oportunidade de cruzar pista ou",4
Deixar de parar o veículo antes de transpor linha férrea.,Deixar de parar o veículo antes de transpor linha férrea.,1
"Deixar de parar o veículo no acostamento à direita, para aguardar a oportunidade de cruzar pista ou","Deixar de parar o veículo no acostamento à direita, para aguardar a oportunidade de cruzar pista ou",1
Deixar de parar sempre que a marcha for interceptada por agrupamentos de veículos.,Deixar de parar sempre que a marcha for interceptada por agrupamentos de veículos.,1
Deixar de parar sempre que a respectiva marcha for interceptada por agrupamento de pessoas.,Deixar de parar sempre que a respectiva marcha for interceptada por agrupamento de pessoas.,10
Deixar de reduzir a velocidade de forma compatvel com a segurana do trnsito nos locais onde o tr,"Deixar de reduzir a velocidade de forma compatível com a segurança do trânsito nos locais onde o trânsito esteja sendo controlado por agente da autoridade de trânsito, mediante sinais sonoros ou gestos.",26
"Deixar de reduzir a velocidade de forma compatvel com a segurana do trnsito nos locais onde o trnsito esteja sendo controlado pelo agente da autoridade, mediante sinais sonoros ou gestos.","Deixar de reduzir a velocidade de forma compatível com a segurança do trânsito nos locais onde o trânsito esteja sendo controlado por agente da autoridade de trânsito, mediante sinais sonoros ou gestos.",2
Deixar de reduzir a velocidade de forma compatível com a segurança do trânsito nos locais onde o trâ,"Deixar de reduzir a velocidade de forma compatível com a segurança do trânsito nos locais onde o trânsito esteja sendo controlado por agente da autoridade de trânsito, mediante sinais sonoros ou gestos.",32
"Deixar de reduzir a velocidade de forma compatível com a segurança do trânsito nos locais onde o trânsito esteja sendo controlado pelo agente da autoridade, mediante sinais sonoros ou gestos.","Deixar de reduzir a velocidade de forma compatível com a segurança do trânsito nos locais onde o trânsito esteja sendo controlado por agente da autoridade de trânsito, mediante sinais sonoros ou gestos.",39
Deixar de reduzir a velocidade do veculo de forma compatvel com a segurana do trnsito  aproxima,Deixar de reduzir a velocidade do veculo de forma compatvel com a segurana do trnsito  aproxima,5
Deixar de reduzir a velocidade do veculo de forma compatvel com a segurana do trnsito ao aproxim,Deixar de reduzir a velocidade do veículo de forma compatível com a segurança do trânsito ao aproximar-se de locais sinalizados com advertência de obras ou trabalhadores na pista.,3
Deixar de reduzir a velocidade do veculo de forma compatvel com a segurana do trnsito ao ultrapa,Deixar de reduzir a velocidade do veículo de forma compatível com a segurança do trânsito ao ultrapassar ciclista.,4
Deixar de reduzir a velocidade do veculo de forma compatvel com a segurana do trnsito nas proxim,"Deixar de reduzir a velocidade do veículo de forma compatível com a segurança do trânsito nas proximidades de escolas, hospitais, estações de embarque e desembarque de passageiros.",12
Deixar de reduzir a velocidade do veculo de forma compatvel com a segurana do trnsito nos trecho,Deixar de reduzir a velocidade do veículo de forma compatível com a segurança do trânsito nos trechos em curva de pequeno raio.,2
Deixar de reduzir a velocidade do veculo de forma compatvel com a segurana do trnsito nos trechos em curva de pequeno raio.,Deixar de reduzir a velocidade do veículo de forma compatível com a segurança do trânsito nos trechos em curva de pequeno raio.,1
Deixar de reduzir a velocidade do veculo de forma compatvel com a segurana do trnsito onde haja,Deixar de reduzir a velocidade do veículo de forma compatível com a segurança do trânsito onde haja intensa movimentação de pedestres.,22
Deixar de reduzir a velocidade do veculo de forma compatvel com a segurana do trnsito onde haja intensa movimentao de pedestres.,Deixar de reduzir a velocidade do veículo de forma compatível com a segurança do trânsito onde haja intensa movimentação de pedestres.,5
Deixar de reduzir a velocidade do veiculo de forma compativel com a seguranca do trnsito quando se,"Deixar de reduzir a velocidade do veículo de forma compatível com a segurança do trânsito ao se aproximar de passeatas, aglomerações, cortejos, préstitos e desfiles.",6
"Deixar de reduzir a velocidade do veiculo de forma compativel com a seguranca do trnsito quando se aproximar de passeatas, aglomeraces, cortejos, prstitos e desfiles.","Deixar de reduzir a velocidade do veiculo de forma compativel com a seguranca do trânsito quando se aproximar de passeatas, aglomeracões, cortejos, préstitos e desfiles.",4
Deixar de reduzir a velocidade do veiculo de forma compativel com a seguranca do trânsito quando se,"Deixar de reduzir a velocidade do veículo de forma compatível com a segurança do trânsito ao se aproximar de passeatas, aglomerações, cortejos, préstitos e desfiles.",13
"Deixar de reduzir a velocidade do veiculo de forma compativel com a seguranca do trânsito quando se aproximar de passeatas, aglomeracões, cortejos, préstitos e desfiles.","Deixar de reduzir a velocidade do veiculo de forma compativel com a seguranca do trânsito quando se aproximar de passeatas, aglomeracões, cortejos, préstitos e desfiles.",6
Deixar de reduzir a velocidade do veículo de forma compatível com a segurança do trânsito ao aproxim,Deixar de reduzir a velocidade do veículo de forma compatível com a segurança do trânsito ao aproximar-se de ou passar por interseção não sinalizada.,9
Deixar de reduzir a velocidade do veículo de forma compatível com a segurança do trânsito ao aproximar-se da guia da calçada(meio-fio).,Deixar de reduzir a velocidade do veículo de forma compatível com a segurança do trânsito ao aproximar-se da guia da calçada(meio-fio).,1
Deixar de reduzir a velocidade do veículo de forma compatível com a segurança do trânsito ao aproximar-se de locais sinalizados com advertência de obras ou trabalhadores na pista.,Deixar de reduzir a velocidade do veículo de forma compatível com a segurança do trânsito ao aproximar-se de locais sinalizados com advertência de obras ou trabalhadores na pista.,2
Deixar de reduzir a velocidade do veículo de forma compatível com a segurança do trânsito ao aproximar-se de ou passar por interseção não sinalizada.,Deixar de reduzir a velocidade do veículo de forma compatível com a segurança do trânsito ao aproximar-se de ou passar por interseção não sinalizada.,4
Deixar de reduzir a velocidade do veículo de forma compatível com a segurança do trânsito ao ultrapa,Deixar de reduzir a velocidade do veículo de forma compatível com a segurança do trânsito ao ultrapassar ciclista.,15
Deixar de reduzir a velocidade do veículo de forma compatível com a segurança do trânsito ao ultrapassar ciclista.,Deixar de reduzir a velocidade do veículo de forma compatível com a segurança do trânsito ao ultrapassar ciclista.,3
Deixar de reduzir a velocidade do veículo de forma compatível com a segurança do trânsito em declive.,Deixar de reduzir a velocidade do veículo de forma compatível com a segurança do trânsito em declive.,1
Deixar de reduzir a velocidade do veículo de forma compatível com a segurança do trânsito nas proxim,"Deixar de reduzir a velocidade do veículo de forma compatível com a segurança do trânsito nas proximidades de escolas, hospitais, estações de embarque e desembarque de passageiros.",10
"Deixar de reduzir a velocidade do veículo de forma compatível com a segurança do trânsito nas proximidades das escolas, hospitais, estações de embarque e desembarque de passageiros ou onde haja intensa movimentação de pedestres.","Deixar de reduzir a velocidade do veículo de forma compatível com a segurança do trânsito nas proximidades das escolas, hospitais, estações de embarque e desembarque de passageiros ou onde haja intensa movimentação de pedestres.",2
Deixar de reduzir a velocidade do veículo de forma compatível com a segurança do trânsito nas proximidades de escolas.,Deixar de reduzir a velocidade do veículo de forma compatível com a segurança do trânsito nas proximidades de hospitais.,2
Deixar de reduzir a velocidade do veículo de forma compatível com a segurança do trânsito nas proximidades de estações de embarque e desembarque de passageiros.,Deixar de reduzir a velocidade do veículo de forma compatível com a segurança do trânsito nas proximidades de estações de embarque e desembarque de passageiros.,2
Deixar de reduzir a velocidade do veículo de forma compatível com a segurança do trânsito nas proximidades de hospitais.,Deixar de reduzir a velocidade do veículo de forma compatível com a segurança do trânsito nas proximidades de hospitais.,1
Deixar de reduzir a velocidade do veículo de forma compatível com a segurança do trânsito nos trechos em curva de pequeno raio.,Deixar de reduzir a velocidade do veículo de forma compatível com a segurança do trânsito nos trechos em curva de pequeno raio.,3
Deixar de reduzir a velocidade do veículo de forma compatível com a segurança do trânsito onde haja,Deixar de reduzir a velocidade do veículo de forma compatível com a segurança do trânsito onde haja intensa movimentação de pedestres.,26
Deixar de reduzir a velocidade do veículo de forma compatível com a segurança do trânsito onde haja intensa movimentação de pedestres.,Deixar de reduzir a velocidade do veículo de forma compatível com a segurança do trânsito onde haja intensa movimentação de pedestres.,24
Deixar de reduzir a velocidade do veículo de forma compatível com a segurança do trânsito à aproxima,Deixar de reduzir a velocidade do veículo de forma compatível com a segurança do trânsito à aproximação de animais na pista.,1
Deixar de reduzir a velocidade do veículo de forma compatível com a segurança do trânsito à aproximação de animais na pista.,Deixar de reduzir a velocidade do veículo de forma compatível com a segurança do trânsito à aproximação de animais na pista.,5
Deixar de reduzir velocidade do veículo de forma compatível com a segurança do trânsito nas vias rurais cuja faixa de domínio não esteja cercada.,Deixar de reduzir velocidade do veículo de forma compatível com a segurança do trânsito nas vias rurais cuja faixa de domínio não esteja cercada.,1
Deixar de retirar todo e qualquer objeto utilizado para sinalização temporária da via.,Deixar de retirar todo e qualquer objeto utilizado para sinalização temporária da via.,1
Deixar de sinalizar a,"Deixar de sinalizar a via para tornar visível o local, quando tiver que permanecer no acostamento.",1
"Deixar de sinalizar a via para tornar visvel o local, quando tiver de remover o veculo da pista de","Deixar de sinalizar a via, de forma a prevenir os demais condutores e tornar visível o local, quando tiver de remover o veículo da pista de rolamento ou permanecer no acostamento.",1
"Deixar de sinalizar a via para tornar visvel o local, quando tiver que permanecer no acostamento.","Deixar de sinalizar a via, de forma a prevenir os demais condutores e tornar visível o local, quando tiver de remover o veículo da pista de rolamento ou permanecer no acostamento.",2
"Deixar de sinalizar a via para tornar visível o local, quando tiver de remover o veículo da pista de","Deixar de sinalizar a via, de forma a prevenir os demais condutores e tornar visível o local, quando tiver de remover o veículo da pista de rolamento ou permanecer no acostamento.",10
"Deixar de sinalizar a via para tornar visível o local, quando tiver de remover o veículo da pista de rolamento.","Deixar de sinalizar a via para tornar visível o local, quando tiver de remover o veículo da pista de rolamento.",3
"Deixar de sinalizar a via para tornar visível o local, quando tiver que permanecer no acostamento.","Deixar de sinalizar a via para tornar visível o local, quando tiver que permanecer no acostamento.",1
"Deixar de sinalizar qualquer obstculo  livre circulao,  segurana de veculo e pedestres, na ca","Deixar de sinalizar qualquer obstculo  livre circulao,  segurana de veculo e pedestres, na ca",1
"Deixar de sinalizar qualquer obstáculo a circulação, à segurança de veículo e pedestres, na calçada ou pista - agravamento 3x.","Deixar de sinalizar qualquer obstáculo a circulação, à segurança de veículo e pedestres, na calçada ou pista - agravamento 3x.",2
"Deixar de sinalizar qualquer obstáculo a livre circulação, à segurança de veículo e pedestres, tanto no leito da via terrestre como na calçada  - agravamento 5x.","Deixar de sinalizar qualquer obstáculo a livre circulação, à segurança de veículo e pedestres, tanto no leito da via terrestre como na calçada  - agravamento 5x.",1
"Deixar de sinalizar qualquer obstáculo a livre circulação, à segurança de veículo e pedestres, tanto no leito da via terrestre como na calçada - agravamento 4x.","Deixar de sinalizar qualquer obstáculo a livre circulação, à segurança de veículo e pedestres, tanto no leito da via terrestre como na calçada  - agravamento 5x.",1
Deixar o condutor de prestar socorro à vítima de acidente de trânsito quando solicitado pela autoridade e seus agentes.,Deixar o condutor de prestar socorro à vítima de acidente de trânsito quando solicitado pela autoridade e seus agentes.,5
"Deixar o condutor de usar o cinto de segurana, conforme o Art. 65, do CTB.","Deixar o condutor de usar o cinto de segurança, conforme o Art. 65, do CTB.",14626
"Deixar o condutor de usar o cinto de segurança, conforme o Art. 65, do CTB.","Deixar o passageiro de usar o cinto de segurança, conforme o Art. 65, do CTB.",47018
Deixar o condutor envolvido em acidente com vtima de adotar providncias para remover o veculo do,"Deixar o condutor envolvido em sinistro com vítima de adotar providências para remover o veículo do local, quando determinadas por policial ou agente da autoridade de trânsito.",3
"Deixar o condutor envolvido em acidente com vtima de adotar providncias, podendo faz-lo, no senti","Deixar o condutor envolvido em sinistro com vítima de adotar providências, podendo fazê-lo, no sentido de evitar perigo para o trânsito no local.",13
"Deixar o condutor envolvido em acidente com vtima de adotar providncias, podendo faz-lo, no sentido de evitar perigo para o trnsito local.","Deixar o condutor envolvido em sinistro com vítima de adotar providências, podendo fazê-lo, no sentido de evitar perigo para o trânsito no local.",3
Deixar o condutor envolvido em acidente com vtima de identificar-se ao policial e de lhe prestar in,Deixar o condutor envolvido em sinistro com vítima de identificar-se ao policial e de lhe prestar informações necessárias à confecção do boletim de ocorrência.,6
Deixar o condutor envolvido em acidente com vtima de identificar-se ao policial e de lhe prestar informaes necessrias  confeco do boletim de ocorrncia.,Deixar o condutor envolvido em acidente com vítima de identificar-se ao policial e de lhe prestar informações necessárias à confecção do boletim de ocorrência.,4
"Deixar o condutor envolvido em acidente com vtima de preservar o local, de forma a facilitar os tra","Deixar o condutor envolvido em sinistro com vítima de preservar o local, de forma a facilitar os trabalhos da polícia e da perícia.",5
"Deixar o condutor envolvido em acidente com vtima de preservar o local, de forma a facilitar os trabalhos da polcia e da percia.","Deixar o condutor envolvido em acidente com vítima de preservar o local, de forma a facilitar os trabalhos da polícia e da perícia.",2
"Deixar o condutor envolvido em acidente com vtima de prestar ou providenciar socorro  vtima, pode","Deixar o condutor envolvido em acidente com vítima de prestar ou providenciar socorro à vítima, podendo fazê-lo.",20
"Deixar o condutor envolvido em acidente com vtima de prestar ou providenciar socorro  vtima, podendo faz-lo.","Deixar o condutor envolvido em acidente com vítima de prestar ou providenciar socorro à vítima, podendo fazê-lo.",10
Deixar o condutor envolvido em acidente com vítima de adotar providências para remover o veículo do,Deixar o condutor envolvido em acidente com vítima de adotar providências para remover o veículo do,1
"Deixar o condutor envolvido em acidente com vítima de adotar providências para remover o veículo do local, quando determinadas por policial ou agente da autoridade de trânsito.","Deixar o condutor envolvido em sinistro com vítima de adotar providências para remover o veículo do local, quando determinadas por policial ou agente da autoridade de trânsito.",2
"Deixar o condutor envolvido em acidente com vítima de adotar providências, podendo fazê-lo, no senti","Deixar o condutor envolvido em sinistro com vítima de adotar providências, podendo fazê-lo, no sentido de evitar perigo para o trânsito no local.",13
"Deixar o condutor envolvido em acidente com vítima de adotar providências, podendo fazê-lo, no sentido de evitar perigo para o trânsito local.","Deixar o condutor envolvido em sinistro com vítima de adotar providências, podendo fazê-lo, no sentido de evitar perigo para o trânsito no local.",7
Deixar o condutor envolvido em acidente com vítima de identificar-se ao policial e de lhe prestar in,Deixar o condutor envolvido em acidente com vítima de identificar-se ao policial e de lhe prestar informações necessárias à confecção do boletim de ocorrência.,2
Deixar o condutor envolvido em acidente com vítima de identificar-se ao policial e de lhe prestar informações necessárias à confecção do boletim de ocorrência.,Deixar o condutor envolvido em acidente com vítima de identificar-se ao policial e de lhe prestar informações necessárias à confecção do boletim de ocorrência.,79
"Deixar o condutor envolvido em acidente com vítima de preservar o local, de forma a facilitar os tra","Deixar o condutor envolvido em sinistro com vítima de preservar o local, de forma a facilitar os trabalhos da polícia e da perícia.",7
"Deixar o condutor envolvido em acidente com vítima de preservar o local, de forma a facilitar os trabalhos da polícia e da perícia.","Deixar o condutor envolvido em acidente com vítima de preservar o local, de forma a facilitar os trabalhos da polícia e da perícia.",39
"Deixar o condutor envolvido em acidente com vítima de prestar ou providenciar socorro à vítima, pode","Deixar o condutor envolvido em sinistro com vítima de prestar ou providenciar socorro à vítima, podendo fazê-lo.",20
"Deixar o condutor envolvido em acidente com vítima de prestar ou providenciar socorro à vítima, podendo fazê-lo.","Deixar o condutor envolvido em acidente com vítima de prestar ou providenciar socorro à vítima, podendo fazê-lo.",123
Deixar o condutor ou passageiro de usar o cinto de segurana.,Deixar o condutor ou passageiro de usar o cinto de segurança.,2929
Deixar o condutor ou passageiro de usar o cinto de segurança.,Deixar o condutor ou passageiro de usar o cinto de segurança.,5237
"Deixar o condutor, envolvido em acidente sem vtima, de adotar providncias para remover o veculo d","Deixar o condutor envolvido em sinistro sem vítima de adotar providências para remover o veículo do local, quando necessária tal medida para assegurar a segurança e a fluidez do trânsito.",42
"Deixar o condutor, envolvido em acidente sem vtima, de adotar providncias para remover o veculo do local, quando necessria tal medida para assegurar a segurana e a fluidez do trnsito.","Deixar o condutor, envolvido em acidente sem vítima, de adotar providências para remover o veículo do local, quando necessária tal medida para assegurar a segurança e a fluidez do trânsito.",42
"Deixar o condutor, envolvido em acidente sem vítima, de adotar providências para remover o veículo d","Deixar o condutor envolvido em sinistro sem vítima de adotar providências para remover o veículo do local, quando necessária tal medida para assegurar a segurança e a fluidez do trânsito.",22
"Deixar o condutor, envolvido em acidente sem vítima, de adotar providências para remover o veículo do local, quando necessária tal medida para assegurar a segurança e a fluidez do trânsito.","Deixar o condutor, envolvido em acidente sem vítima, de adotar providências para remover o veículo do local, quando necessária tal medida para assegurar a segurança e a fluidez do trânsito.",265
"Deixar o passageiro de usar o cinto de segurana, conforme o Art. 65, do CTB.","Deixar o passageiro de usar o cinto de segurança, conforme o Art. 65, do CTB.",14340
"Deixar o passageiro de usar o cinto de segurança, conforme o Art. 65, do CTB.","Deixar o passageiro de usar o cinto de segurança, conforme o Art. 65, do CTB.",18556
Desobedecer s ordens emanadas da autoridade competente de trnsito ou de seus agentes.,Desobedecer às ordens emanadas da autoridade competentee de trânsito ou de seus agentes.,4681
Desobedecer às ordens emanadas da autoridade competente de trânsito ou de seus agentes.,Desobedecer às ordens emanadas da autoridade competentee de trânsito ou de seus agentes.,13318
Dirigir ameaando os demais veculos.,Dirigir ameaçando os demais veículos.,156
Dirigir ameaando os pedestres que estejam atravessando a via pblica.,Dirigir ameaçando os pedestres que estejam atravessando a via pública.,291
"Dirigir ameacando pedestres que estejam atravessando a via publica, ou demais veiculos.","Dirigir ameacando pedestres que estejam atravessando a via publica, ou demais veiculos.",59
Dirigir ameaçando os demais veículos.,Dirigir ameaçando os demais veículos.,212
Dirigir ameaçando os pedestres que estejam atravessando a via pública.,Dirigir ameaçando os pedestres que estejam atravessando a via pública.,307
"Dirigir o veculo com apenas uma das mos, exceto quando permitido pelo CTB.","Dirigir o veículo com apenas uma das mãos, exceto quando permitido pelo CTB.",7152
Dirigir o veculo com incapacidade fsica ou mental temporria que comprometa a segurana do trnsit,Dirigir o veículo com incapacidade física ou mental temporária que comprometa a segurança do trânsito.,9
Dirigir o veculo com incapacidade fsica ou mental temporria que comprometa a segurana do trnsito.,Dirigir o veículo com incapacidade física ou mental temporária que comprometa a segurança do trânsito.,1
Dirigir o veculo com o brao do lado de fora.,Dirigir o veículo com o braço do lado de fora.,2763
Dirigir o veculo manuseando o telefone celular.,Dirigir o veículo manuseando o telefone celular.,60703
Dirigir o veculo segurando o telefone celular.,Dirigir o veículo manuseando o telefone celular.,162732
Dirigir o veculo transportando animais  sua esquerda ou entre os braos e pernas.,Dirigir o veculo transportando animais  sua esquerda ou entre os braos e pernas.,638
"Dirigir o veculo transportando pessoas,  sua esquerda ou entre os braos e pernas.","Dirigir o veculo transportando pessoas,  sua esquerda ou entre os braos e pernas.",10
"Dirigir o veculo transportando pessoas, animais ou volume  sua esquerda ou entre os braos e pernas.","Dirigir o veículo transportando pessoas, animais ou volume à sua esquerda ou entre os braços e pernas.",20
Dirigir o veculo transportando volume  sua esquerda ou entre os braos e pernas.,Dirigir o veculo transportando volume  sua esquerda ou entre os braos e pernas.,163
Dirigir o veculo usando calado que no se firme nos ps ou que comprometa a utilizao dos pedais.,Dirigir o veículo usando calçado que no se firme nos pés ou que comprometa a utilização dos pedais.,43019
Dirigir o veculo utilizando-se de fones nos ouvidos conectados  aparelhagem sonora.,Dirigir o veculo utilizando-se de fones nos ouvidos conectados  aparelhagem sonora.,1810
Dirigir o veculo utilizando-se de fones nos ouvidos conectados a aparelhagem sonora ou de telefone celular.,Dirigir o veículo utilizando-se de fones nos ouvidos conectados a aparelhagem sonora ou de telefone celular.,9898
Dirigir o veculo utilizando-se de telefone celular.,Dirigir o veículo utilizando-se de telefone celular.,41743
"Dirigir o veículo com apenas uma das mãos, exceto quando permitido pelo CTB.","Dirigir o veículo com apenas uma das mãos, exceto quando permitido pelo CTB.",8682
Dirigir o veículo com incapacidade física ou mental temporária que comprometa a segurança do trânsit,Dirigir o veículo com incapacidade física ou mental temporária que comprometa a segurança do trânsito.,6
Dirigir o veículo com incapacidade física ou mental temporária que comprometa a segurança do trânsito.,Dirigir o veículo com incapacidade física ou mental temporária que comprometa a segurança do trânsito.,12
Dirigir o veículo com o braço do lado de fora.,Dirigir o veículo com o braço do lado de fora.,2426
Dirigir o veículo manuseando o telefone celular.,Dirigir o veículo manuseando o telefone celular.,39909
Dirigir o veículo segurando o telefone celular.,Dirigir o veículo manuseando o telefone celular.,131828
Dirigir o veículo transportando animais à sua esquerda ou entre os braços e pernas.,Dirigir o veículo transportando animais à sua à esquerda ou entre os braços e pernas.,809
"Dirigir o veículo transportando pessoas, animais ou volume à sua esquerda ou entre os braços e pernas.","Dirigir o veículo transportando pessoas, animais ou volume à sua esquerda ou entre os braços e pernas.",47
"Dirigir o veículo transportando pessoas, à sua esquerda ou entre os braços e pernas.","Dirigir o veículo transportando pessoas, à sua à esquerda ou entre os braços e pernas.",23
Dirigir o veículo transportando volume à sua esquerda ou entre os braços e pernas.,"Dirigir o veículo transportando pessoas, animais ou volume à sua esquerda ou entre os braços e pernas.",42
Dirigir o veículo usando calçado que não se firme nos pés ou que comprometa a utilização dos pedais.,Dirigir o veículo usando calçado que não se firme nos pés ou que comprometa a utilização dos pedais.,80525
Dirigir o veículo utilizando-se de fones nos ouvidos conectados a aparelhagem sonora ou de telefone celular.,Dirigir o veículo utilizando-se de fones nos ouvidos conectados a aparelhagem sonora ou de telefone celular.,16139
Dirigir o veículo utilizando-se de fones nos ouvidos conectados à aparelhagem sonora.,Dirigir o veículo utilizando-se de fones nos ouvidos conectados a aparelhagem sonora ou de telefone celular.,4988
Dirigir o veículo utilizando-se de telefone celular.,Dirigir o veículo utilizando-se de telefone celular.,223119
Dirigir sem ateno ou sem os cuidados indispensveis  Segurana.,Dirigir sem ateno ou sem os cuidados indispensveis  Segurana.,45755
Dirigir sem atenção ou sem os cuidados indispensáveis à Segurança.,Dirigir sem atenção ou sem os cuidados indispensáveis à segurança.,18471
Dirigir sob a influncia de alcool ou de qualquer substncia entorpecente ou que determine dependncia fsica ou psquica.,Dirigir sob a influência de alcool ou de qualquer substância entorpecente ou que determine dependência física ou psíquica.,49
Dirigir sob a influncia de lcool.,Dirigir sob a influência de álcool.,85
Dirigir sob a influncia de qualquer outra substncia que determine dependencia.,Dirigir sob a influência de qualquer outra substância que determine dependencia.,3
Dirigir sob a influncia de qualquer substncia psicoativa que determine dependncia,Dirigir sob a influência de qualquer substância psicoativa que determine dependência.,2
Dirigir sob a influência de alcool ou de qualquer substância entorpecente ou que determine dependência física ou psíquica.,Dirigir sob a influência de alcool ou de qualquer substância entorpecente ou que determine dependência física ou psíquica.,95
Dirigir sob a influência de qualquer outra substância que determine dependencia.,Dirigir sob a influência de qualquer outra substância que determine dependencia.,15
Dirigir sob a influência de qualquer substância psicoativa que determine dependência,Dirigir sob a influência de qualquer substância psicoativa que determine dependência.,9
Dirigir sob a influência de álcool.,Dirigir sob a influência de álcool.,1456
Dirigir veculo com CNH de categoria diferente da do veculo que esteja conduzindo.,Dirigir veículo com CNH de categoria diferente da do veículo que esteja conduzindo.,1
Dirigir veculo com Carteira Nacional de Habilitao de categoria diferente da do veculo.,Dirigir com Carteira Nacional de Habilitação de categoria diferente da do veículo.,223
"Dirigir veculo com Carteira Nacional de Habilitao, Permisso para Dirigir ou Autorizao para Con","Dirigir com Carteira Nacional de Habilitação, Permissão para Dirigir ou Autorização para Conduzir Ciclomotor cassada ou com suspensão do direito de dirigir.",63
"Dirigir veculo com Carteira Nacional de Habilitao, Permisso para Dirigir ou Autorizao para Conduzir Ciclomotor cassada.","Dirigir com Carteira Nacional de Habilitação, Permissão para Dirigir ou Autorização para Conduzir Ciclomotor cassada ou com suspensão do direito de dirigir.",12
"Dirigir veculo com Carteira Nacional de Habilitao, Permisso para Dirigir ou Autorizao para Conduzir Ciclomotor com suspenso do direito de dirigir.","Dirigir veculo com Carteira Nacional de Habilitao, Permisso para Dirigir ou Autorizao para Conduzir Ciclomotor com suspenso do direito de dirigir.",6
Dirigir veculo com Permisso para Dirigir de categoria diferente da do veculo.,Dirigir com Permissão para Dirigir de categoria diferente da do veículo.,7
Dirigir veculo com validade da CNH vencida h mais de trinta dias.,Dirigir veículo com validade da CNH vencida há mais de trinta dias.,124
Dirigir veculo com validade da CNH/PPD vencida h mais de trinta dias.,Dirigir com Carteira Nacional de Habilitação ou Permissão para Dirigir vencida há mais de 30 (trinta) dias.,1165
Dirigir veculo sem possuir CNH ou Permisso para Dirigir.,Dirigir veículo sem possuir CNH ou Permissão para Dirigir.,112
"Dirigir veculo sem possuir Carteira Nacional de Habilitao, Permisso para Dirigir ou Autorizao","Dirigir sem possuir Carteira Nacional de Habilitação, Permissão para Dirigir ou Autorização para Conduzir Ciclomotor.",3818
"Dirigir veculo sem possuir Carteira Nacional de Habilitao, Permisso para Dirigir ou Autorizao para Conduzir Ciclomotor","Dirigir veículo sem possuir Carteira Nacional de Habilitação, Permissão para Dirigir ou Autorização para Conduzir Ciclomotor",1432
Dirigir veculo sem usar aparelho auxiliar de audio.,Dirigir veículo sem usar aparelho auxiliar de audição.,2
Dirigir veculo sem usar lentes corretoras de viso imposta por ocasio da concesso ou da renovao da licena para conduzir.,Dirigir veículo sem usar lentes corretoras de visão imposta por ocasião da concessão ou da renovação da licença para conduzir.,1
Dirigir veculo sem usar lentes corretoras de viso.,Dirigir sem usar lentes corretoras de visão.,38
Dirigir veiculo com C.N.H. ou Permissao para Dirigir de categoria diferente da do veiculo que esteja conduzindo.,Dirigir veiculo com C.N.H. ou Permissao para Dirigir de categoria diferente da do veiculo que esteja conduzindo.,14
Dirigir veiculo com Carteira Nacional de Habilitao ou Permissao para Dirigir cassada ou com suspenso do direito de dirigir.,Dirigir veiculo com Carteira Nacional de Habilitação ou Permissao para Dirigir cassada ou com suspensão do direito de dirigir.,2
Dirigir veiculo com Carteira Nacional de Habilitação ou Permissao para Dirigir cassada ou com suspensão do direito de dirigir.,Dirigir veiculo com Carteira Nacional de Habilitação ou Permissao para Dirigir cassada ou com suspensão do direito de dirigir.,18
"Dirigir veiculo sem usar lentes corretoras de viso, aparelho auxiliar de audio, de prtese fsica ou as adaptaes do veiculo impostas por ocasio da concesso ou da renovao da licenca para conduzir.","Dirigir veiculo sem usar lentes corretoras de visão, aparelho auxiliar de audição, de prótese física ou as adaptações do veiculo impostas por ocasião da concessão ou da renovação da licenca para conduzir.",16
"Dirigir veiculo sem usar lentes corretoras de visão, aparelho auxiliar de audição, de prótese física ou as adaptações do veiculo impostas por ocasião da concessão ou da renovação da licenca para conduzir.","Dirigir veiculo sem usar lentes corretoras de visão, aparelho auxiliar de audição, de prótese física ou as adaptações do veiculo impostas por ocasião da concessão ou da renovação da licenca para conduzir.",35
Dirigir veículo com CNH de categoria diferente da do veículo que esteja conduzindo.,Dirigir veículo com CNH de categoria diferente da do veículo que esteja conduzindo.,53
Dirigir veículo com CNH de categoria diferente da do veículo.,Dirigir veículo com CNH de categoria diferente da do veículo.,21
Dirigir veículo com CNH ou PPD cassada.,Dirigir veículo com CNH ou PPD cassada.,19
Dirigir veículo com CNH ou PPD com suspensão do direito de dirigir.,Dirigir veículo com CNH ou PPD com suspensão do direito de dirigir.,30
Dirigir veículo com Carteira Nacional de Habilitação de categoria diferente da do veículo.,Dirigir com Carteira Nacional de Habilitação de categoria diferente da do veículo.,304
"Dirigir veículo com Carteira Nacional de Habilitação, Permissão para Dirigir ou Autorização para Con","Dirigir com Carteira Nacional de Habilitação, Permissão para Dirigir ou Autorização para Conduzir Ciclomotor cassada ou com suspensão do direito de dirigir.",358
"Dirigir veículo com Carteira Nacional de Habilitação, Permissão para Dirigir ou Autorização para Conduzir Ciclomotor cassada.","Dirigir com Carteira Nacional de Habilitação, Permissão para Dirigir ou Autorização para Conduzir Ciclomotor cassada ou com suspensão do direito de dirigir.",12
"Dirigir veículo com Carteira Nacional de Habilitação, Permissão para Dirigir ou Autorização para Conduzir Ciclomotor com suspensão do direito de dirigir.","Dirigir com Carteira Nacional de Habilitação, Permissão para Dirigir ou Autorização para Conduzir Ciclomotor cassada ou com suspensão do direito de dirigir.",22
Dirigir veículo com PPD de categoria diferente da do veículo que esteja conduzindo.,Dirigir veículo com CNH de categoria diferente da do veículo que esteja conduzindo.,10
Dirigir veículo com PPD de categoria diferente da do veículo.,Dirigir veículo com CNH de categoria diferente da do veículo.,1
Dirigir veículo com Permissão para Dirigir de categoria diferente da do veículo.,Dirigir com Permissão para Dirigir de categoria diferente da do veículo.,4
Dirigir veículo com validade da CNH vencida há mais de trinta dias.,Dirigir veículo com validade da CNH vencida há mais de trinta dias.,1069
Dirigir veículo com validade da CNH/PPD vencida há mais de trinta dias.,Dirigir com Carteira Nacional de Habilitação ou Permissão para Dirigir vencida há mais de 30 (trinta) dias.,2414
Dirigir veículo sem adaptações impostas na concessão/renovação da licença para conduzir.,Dirigir veículo sem adaptações impostas na concessão/renovação da licença para conduzir.,3
Dirigir veículo sem possuir CNH ou Permissão para Dirigir.,Dirigir veículo sem possuir CNH ou Permissão para Dirigir.,3388
"Dirigir veículo sem possuir Carteira Nacional de Habilitação, Permissão para Dirigir ou Autorização","Dirigir sem possuir Carteira Nacional de Habilitação, Permissão para Dirigir ou Autorização para Conduzir Ciclomotor.",4286
"Dirigir veículo sem possuir Carteira Nacional de Habilitação, Permissão para Dirigir ou Autorização para Conduzir Ciclomotor","Dirigir veículo sem possuir Carteira Nacional de Habilitação, Permissão para Dirigir ou Autorização para Conduzir Ciclomotor",1090
Dirigir veículo sem possuir cursos específicos obrigatórios.,Dirigir veículo sem possuir cursos específicos obrigatórios.,1
Dirigir veículo sem usar aparelho auxiliar de audição.,Dirigir veículo sem usar aparelho auxiliar de audição.,4
Dirigir veículo sem usar lentes corretoras de visão imposta por ocasião da concessão ou da renovação da licença para conduzir.,Dirigir veículo sem usar lentes corretoras de visão imposta por ocasião da concessão ou da renovação da licença para conduzir.,131
Dirigir veículo sem usar lentes corretoras de visão.,Dirigir sem usar lentes corretoras de visão.,293
Disputar corrida por esprito de emulao.,Disputar corrida por espírito de emulação.,13
Disputar corrida por espírito de emulação.,Disputar corrida por espírito de emulação.,7
Disputar corrida.,Disputar corrida.,18
"Em movimento deixar de manter acesa a luz baixa de dia, em rodovias de pista simples situadas fora d","Quando o veículo estiver em movimento, deixar de manter acesa a luz baixa, de dia, em rodovias de pista simples situadas fora dos perímetros urbanos, no caso de veículos desprovidos de luzes de rodagem diurna.",1
Entrar ou sair de fila de veículos estacionados sem dar preferência de passagem a pedestres e a outr,Entrar ou sair de fila de veículos estacionados sem dar preferência de passagem a pedestres e a outros veículos.,3
Entrar ou sair de fila de veículos estacionados sem dar preferência de passagem a pedestres e a outros veículos.,Entrar ou sair de fila de veículos estacionados sem dar preferência de passagem a pedestres e a outros veículos.,2
Entrar ou sair de reas lindeiras sem estar adequadamente posicionado para ingresso na via e sem as,Entrar ou sair de áreas lindeiras sem estar adequadamente posicionado para ingresso na via e sem as precauções com a segurança de pedestres e de outros veículos.,95
Entrar ou sair de reas lindeiras sem estar adequadamente posicionado para ingresso na via e sem as precaues com a segurana de pedestres e de outros veculos.,Entrar ou sair de áreas lindeiras sem estar adequadamente posicionado para ingresso na via e sem as precauções com a segurança de pedestres e de outros veículos.,21
Entrar ou sair de áreas lindeiras sem estar adequadamente posicionado para ingresso na via e sem as,Entrar ou sair de áreas lindeiras sem estar adequadamente posicionado para ingresso na via e sem as precauções com a segurança de pedestres e de outros veículos.,678
Entrar ou sair de áreas lindeiras sem estar adequadamente posicionado para ingresso na via e sem as precauções com a segurança de pedestres e de outros veículos.,Entrar ou sair de áreas lindeiras sem estar adequadamente posicionado para ingresso na via e sem as precauções com a segurança de pedestres e de outros veículos.,414
Entregar a direção do veiculo à pessoa com C.N.H. ou Permissão para Dirigir cassada ou com suspensão do direito de dirigir.,Entregar a direção do veiculo à pessoa com C.N.H. ou Permissão para Dirigir cassada ou com suspensão do direito de dirigir.,2
Entregar a direção do veículo a pessoa com C.N.H. ou Permissão para Dirigir de categoria diferente da do veículo que esteja conduzindo.,Entregar a direção do veículo a pessoa com C.N.H. ou Permissão para Dirigir de categoria diferente da do veículo que esteja conduzindo.,1
Entregar o veículo a pessoa sem usar lentes corretoras de visão.,Entregar o veículo a pessoa sem usar lentes corretoras de visão.,1
Entregar veculo a pessoa com CNH/PPD vencida h mais de trinta dias.,Entregar a direção do veículo a pessoa com Carteira Nacional de Habilitação ou Permissão para Dirigir vencida há mais de 30 (trinta) dias.,13
Entregar veculo a pessoa com Carteira Nacional de Habilitao de categoria diferente da do veculo,Entregar a direção do veículo a pessoa com Carteira Nacional de Habilitação de categoria diferente da do veículo.,10
Entregar veculo a pessoa com Carteira Nacional de Habilitao de categoria diferente da do veculo que esteja conduzindo.,Entregar veculo a pessoa com Carteira Nacional de Habilitao de categoria diferente da do veculo que esteja conduzindo.,2
"Entregar veculo a pessoa com Carteira Nacional de Habilitao, Permisso para Dirigir ou Autoriza","Entregar a direção do veículo a pessoa com Carteira Nacional de Habilitação, Permissão para Dirigir ou Autorização para Conduzir Ciclomotor cassada ou com suspensão do direito de dirigir.",5
"Entregar veculo a pessoa com Carteira Nacional de Habilitao, Permisso para Dirigir ou Autorizao para Conduzir Ciclomotor cassada.","Entregar a direção do veículo a pessoa com Carteira Nacional de Habilitação, Permissão para Dirigir ou Autorização para Conduzir Ciclomotor cassada ou com suspensão do direito de dirigir.",1
"Entregar veculo a pessoa com Carteira Nacional de Habilitao, Permisso para Dirigir ou Autorizao para Conduzir Ciclomotor com suspenso do direito de dirigir.","Entregar veculo a pessoa com Carteira Nacional de Habilitao, Permisso para Dirigir ou Autorizao para Conduzir Ciclomotor com suspenso do direito de dirigir.",1
Entregar veculo a pessoa com Permisso para Dirigir de categoria diferente da do veculo que esteja,Entregar veculo a pessoa com Permisso para Dirigir de categoria diferente da do veculo que esteja,1
Entregar veculo a pessoa sem possuir Carteira Nacional de Habilitao ou Permisso Para Dirigir.,"Entregar veículo a pessoa sem possuir Carteira Nacional de Habilitação, Permissão para Dirigir ou Autorização para Conduzir Ciclomotor.",16
"Entregar veculo a pessoa sem possuir Carteira Nacional de Habilitao, Permisso para Dirigir ou Au","Entregar a direção do veículo a pessoa sem possuir Carteira Nacional de Habilitação, Permissão para Dirigir ou Autorização para Conduzir Ciclomotor.",63
"Entregar veculo a pessoa sem possuir Carteira Nacional de Habilitao, Permisso para Dirigir ou Autorizao para Conduzir Ciclomotor.","Entregar a direção do veículo a pessoa sem possuir Carteira Nacional de Habilitação, Permissão para Dirigir ou Autorização para Conduzir Ciclomotor.",23
Entregar veículo a pessoa com CNH de categoria diferente da do veículo que esteja conduzindo.,Entregar veículo a pessoa com CNH de categoria diferente da do veículo que esteja conduzindo.,6
Entregar veículo a pessoa com CNH ou PPD com suspensão do direito de dirigir.,Entregar veículo a pessoa com CNH ou PPD com suspensão do direito de dirigir.,1
Entregar veículo a pessoa com CNH vencida há mais de trinta dias.,Entregar veículo a pessoa com CNH vencida há mais de trinta dias.,14
Entregar veículo a pessoa com CNH/PPD vencida há mais de trinta dias.,Entregar a direção do veículo a pessoa com Carteira Nacional de Habilitação ou Permissão para Dirigir vencida há mais de 30 (trinta) dias.,78
Entregar veículo a pessoa com Carteira Nacional de Habilitação de categoria diferente da do veículo,Entregar a direção do veículo a pessoa com Carteira Nacional de Habilitação de categoria diferente da do veículo.,7
"Entregar veículo a pessoa com Carteira Nacional de Habilitação, Permissão para Dirigir ou Autorizaçã","Entregar a direção do veículo a pessoa com Carteira Nacional de Habilitação, Permissão para Dirigir ou Autorização para Conduzir Ciclomotor cassada ou com suspensão do direito de dirigir.",7
"Entregar veículo a pessoa com Carteira Nacional de Habilitação, Permissão para Dirigir ou Autorização para Conduzir Ciclomotor cassada.","Entregar a direção do veículo a pessoa com Carteira Nacional de Habilitação, Permissão para Dirigir ou Autorização para Conduzir Ciclomotor cassada ou com suspensão do direito de dirigir.",1
Entregar veículo a pessoa sem possuir Carteira Nacional de Habilitação ou Permissão Para Dirigir.,"Entregar veículo a pessoa sem possuir Carteira Nacional de Habilitação, Permissão para Dirigir ou Autorização para Conduzir Ciclomotor.",439
"Entregar veículo a pessoa sem possuir Carteira Nacional de Habilitação, Permissão para Dirigir ou Au","Entregar a direção do veículo a pessoa sem possuir Carteira Nacional de Habilitação, Permissão para Dirigir ou Autorização para Conduzir Ciclomotor.",128
"Entregar veículo a pessoa sem possuir Carteira Nacional de Habilitação, Permissão para Dirigir ou Autorização para Conduzir Ciclomotor.","Entregar veículo a pessoa sem possuir Carteira Nacional de Habilitação, Permissão para Dirigir ou Autorização para Conduzir Ciclomotor.",70
Entregar veículo a pessoa sem usar lentes corretoras de visão impostas por ocasião da concessão ou da renovação da licença para conduzir.,Entregar veículo a pessoa sem usar lentes corretoras de visão impostas por ocasião da concessão ou da renovação da licença para conduzir.,1
Estacionar o veculo afastado da guia da calada (meio-fio) a mais de um metro.,Estacionar o veículo afastado da guia da calçada (meio-fio) a mais de um metro.,153
Estacionar o veculo afastado da guia da calada (meio-fio) de cinqenta centmetros a um metro.,Estacionar o veículo afastado da guia da calçada (meio-fio) de cinquenta centímetros a um metro.,42
Estacionar o veculo ao lado de outro veculo em fila dupla.,Estacionar o veículo ao lado de outro veículo em fila dupla.,11808
Estacionar o veculo ao lado ou sobre canteiros centrais divisores de pista de rolamento.,Estacionar o veículo ao lado ou sobre canteiros centrais divisores de pista de rolamento.,1612
Estacionar o veculo ao lado ou sobre gramados ou jardim pblico.,Estacionar o veículo ao lado ou sobre gramados ou jardim público.,2233
Estacionar o veculo ao lado ou sobre marcas de canalizao.,Estacionar o veículo ao lado ou sobre marcas de canalização.,3468
"Estacionar o veculo em aclive ou declive, no estando devidamente freado e sem calo de segurana,","Estacionar o veículo em aclive ou declive, não estando devidamente freado e sem calço de segurança, quando se tratar de veículo com peso bruto total superior a 3.500 kg.",4
"Estacionar o veculo em aclive ou declive, no estando devidamente freado e sem calo de segurana, quando se tratar de veculo com peso bruto total superior a trs mil e quinhentos quilogramas.","Estacionar o veículo em aclive ou declive, não estando devidamente freado e sem calço de segurança, quando se tratar de veículo com peso bruto total superior a três mil e quinhentos quilogramas.",3
Estacionar o veculo em desacordo com as condies regulamentadas - estacionamento rotativo.,Estacionar o veículo em desacordo com as condições regulamentadas pela sinalização: estacionamento rotativo.,186503
Estacionar o veculo em desacordo com as condies regulamentadas - ponto ou vaga de txi.,Estacionar o veículo em desacordo com as condições regulamentadas pela sinalização: ponto ou vaga de táxi.,25323
Estacionar o veculo em desacordo com as condies regulamentadas - vaga de carga / descarga.,Estacionar o veículo em desacordo com as condições regulamentadas pela sinalização: vaga de carga e descarga.,17143
Estacionar o veculo em desacordo com as condies regulamentadas - vaga idoso.,Estacionar o veículo em desacordo com as condições regulamentadas - vaga idoso.,2026
Estacionar o veculo em desacordo com as condies regulamentadas - vaga portador de necessidades especiais.,Estacionar o veículo em desacordo com as condições regulamentadas - vaga portador de necessidades especiais.,739
Estacionar o veculo em desacordo com as condies regulamentadas especificamente pela sinalizao.,Estacionar o veículo em desacordo com as condições regulamentadas especificamente pela sinalização.,14719
Estacionar o veculo em desacordo com as posies estabelecidas no Cdigo de Trnsito Brasileiro.,Estacionar o veículo em desacordo com as posições estabelecidas no Código de Trânsito Brasileiro.,3073
Estacionar o veculo em locais e horrios de estacionamento e parada proibidos pela sinalizao (pla,Estacionar o veículo em locais e horários de estacionamento e parada proibidos pela sinalização: placa Proibido Parar e Estacionar.,24586
Estacionar o veculo em locais e horrios de estacionamento e parada proibidos pela sinalizao (placa - Proibido Parar e Estacionar).,Estacionar o veículo em locais e horários de estacionamento e parada proibidos pela sinalização (placa - Proibido Parar e Estacionar).,5086
Estacionar o veculo em locais e horrios proibidos especificamente pela sinalizao (Placa - Proibi,Estacionar o veículo em locais e horários proibidos especificamente pela sinalização: placa Proibido Estacionar.,214463
Estacionar o veculo em locais e horrios proibidos especificamente pela sinalizao (Placa - Proibido Estacionar).,Estacionar o veículo em locais e horários proibidos especificamente pela sinalização (Placa - Proibido Estacionar).,49781
Estacionar o veculo impedindo a movimentao de outro veculo.,Estacionar o veículo impedindo a movimentação de outro veículo.,6780
Estacionar o veculo na contramo de direo.,Estacionar o veículo na contramão de direção.,10690
Estacionar o veculo na pista de rolamento das estradas.,Estacionar o veículo na pista de rolamento das estradas.,2
Estacionar o veculo na pista de rolamento das rodovias.,Estacionar o veículo na pista de rolamento das rodovias.,2
Estacionar o veculo na pista de rolamento das vias de trnsito rpido.,Estacionar o veículo na pista de rolamento das vias de trânsito rápido.,42
Estacionar o veculo na pista de rolamento das vias dotadas de acostamento.,Estacionar o veículo na pista de rolamento das vias dotadas de acostamento.,2
"Estacionar o veculo na rea de cruzamento de vias, prejudicando a circulao de veculos e pedestre","Estacionar o veículo na área de cruzamento de vias, prejudicando a circulação de veículos e pedestres.",155
"Estacionar o veculo na rea de cruzamento de vias, prejudicando a circulao de veculos e pedestres.","Estacionar o veículo na área de cruzamento de vias, prejudicando a circulação de veículos e pedestres.",46
Estacionar o veculo nas esquinas e a menos de cinco metros do bordo do alinhamento da via transvers,Estacionar o veículo nas esquinas e a menos de cinco metros do bordo do alinhamento da via transversal.,5988
Estacionar o veculo nas esquinas e a menos de cinco metros do bordo do alinhamento da via transversal.,Estacionar o veículo nas esquinas e a menos de cinco metros do bordo do alinhamento da via transversal.,1474
Estacionar o veculo nas ilhas ou refgios.,Estacionar o veículo nas ilhas ou refúgios.,1999
Estacionar o veculo nas pontes.,Estacionar o veículo nas pontes.,70
"Estacionar o veculo nas vagas reservadas aos idosos, sem credencial que comprove tal condio.","Estacionar o veículo nas vagas reservadas aos idosos, sem credencial que comprove tal condição.",7344
"Estacionar o veculo nas vagas reservadas s pessoas com deficincia, sem credencial que comprove ta","Estacionar o veículo nas vagas reservadas às pessoas com deficiência, sem credencial que comprove tal condição.",3432
"Estacionar o veculo nas vagas reservadas s pessoas com deficincia, sem credencial que comprove tal condio","Estacionar o veículo nas vagas reservadas às pessoas com deficiência, sem credencial que comprove tal condição.",719
"Estacionar o veculo no passeio ou sobre faixa destinada a pedestre, sobre ciclovia ou ciclofaixa, bem como nas ilhas, refgios, ao lado ou sobre canteiros centrais, divisores de pista de rolamento, marcas de canalizao, gramados ou jardim publico.","Estacionar o veículo no passeio ou sobre faixa destinada a pedestre, sobre ciclovia ou ciclofaixa, bem como nas ilhas, refúgios, ao lado ou sobre canteiros centrais, divisores de pista de rolamento, marcas de canalização, gramados ou jardim publico.",2748
Estacionar o veculo no passeio.,Estacionar o veículo no passeio.,100665
"Estacionar o veculo nos acostamentos, salvo motivo de fora maior.","Estacionar o veículo nos acostamentos, salvo motivo de força maior.",10
Estacionar o veculo nos tneis.,Estacionar o veículo nos túneis.,9
Estacionar o veculo nos viadutos.,Estacionar o veículo nos viadutos.,33
"Estacionar o veculo onde houver guia de calada (meio-fio) rebaixada, destinada  entrada ou sada","Estacionar o veículo onde houver guia de calçada (meio-fio) rebaixada, destinada à entrada ou saída de veículos.",7181
"Estacionar o veculo onde houver guia de calada (meio-fio) rebaixada, destinada  entrada ou sada de veculos.","Estacionar o veículo onde houver guia de calçada (meio-fio) rebaixada, destinada à entrada ou saída de veículos.",1680
Estacionar o veculo sobre ciclovia ou ciclofaixa.,Estacionar o veículo sobre ciclovia ou ciclofaixa.,3184
Estacionar o veculo sobre faixa destinada a pedestre.,Estacionar o veículo sobre faixa destinada a pedestre.,3483
Estacionar o veiculo em desacordo com as condies regulamentadas especificamente pela sinalizao (placa - Estacionamento Regulamentado),Estacionar o veiculo em desacordo com as condições regulamentadas especificamente pela sinalização (placa - Estacionamento Regulamentado),9815
Estacionar o veiculo em desacordo com as condições regulamentadas especificamente pela sinalização (placa - Estacionamento Regulamentado),Estacionar o veiculo em desacordo com as condições regulamentadas especificamente pela sinalização (placa - Estacionamento Regulamentado),24291
"Estacionar o veiculo na pista de rolamento das estradas, das rodovias, das vias de trnsito rpido e das vias dotadas de acostamento.","Estacionar o veiculo na pista de rolamento das estradas, das rodovias, das vias de trânsito rápido e das vias dotadas de acostamento.",2
"Estacionar o veiculo na pista de rolamento das estradas, das rodovias, das vias de trânsito rápido e das vias dotadas de acostamento.","Estacionar o veiculo na pista de rolamento das estradas, das rodovias, das vias de trânsito rápido e das vias dotadas de acostamento.",15
"Estacionar o veiculo nos viadutos, pontes e tneis.","Estacionar o veiculo nos viadutos, pontes e túneis.",48
"Estacionar o veiculo nos viadutos, pontes e túneis.","Estacionar o veiculo nos viadutos, pontes e túneis.",152
Estacionar o veículo afastado da guia da calçada (meio-fio) a mais de um metro.,Estacionar o veículo afastado da guia da calçada (meio-fio) a mais de um metro.,279
Estacionar o veículo afastado da guia da calçada (meio-fio) de cinqüenta centímetros a um metro.,Estacionar o veículo afastado da guia da calçada (meio-fio) de cinquenta centímetros a um metro.,193
Estacionar o veículo ao lado de outro veículo em fila dupla.,Estacionar o veículo ao lado de outro veículo em fila dupla.,35313
Estacionar o veículo ao lado ou sobre canteiros centrais divisores de pista de rolamento.,Estacionar o veículo ao lado ou sobre canteiros centrais divisores de pista de rolamento.,6875
Estacionar o veículo ao lado ou sobre gramados ou jardim público.,Estacionar o veículo ao lado ou sobre gramados ou jardim público.,15166
Estacionar o veículo ao lado ou sobre marcas de canalização.,Estacionar o veículo ao lado ou sobre marcas de canalização.,24800
"Estacionar o veículo em aclive ou declive, não estando devidamente freado e sem calço de segurança, quando se tratar de veículo com peso bruto total superior a três mil e quinhentos quilogramas.","Estacionar o veículo em aclive ou declive, não estando devidamente freado e sem calço de segurança, quando se tratar de veículo com peso bruto total superior a três mil e quinhentos quilogramas.",8
Estacionar o veículo em desacordo com a regulamentação - Vaga de curta duração.,Estacionar o veículo em desacordo com a regulamentação - Vaga de curta duração.,4
Estacionar o veículo em desacordo com as condições regulamentadas - estacionamento rotativo.,Estacionar o veículo em desacordo com as condições regulamentadas pela sinalização: estacionamento rotativo.,401344
Estacionar o veículo em desacordo com as condições regulamentadas - ponto ou vaga de táxi.,Estacionar o veículo em desacordo com as condições regulamentadas pela sinalização: ponto ou vaga de táxi.,70769
Estacionar o veículo em desacordo com as condições regulamentadas - vaga de carga / descarga.,Estacionar o veículo em desacordo com as condições regulamentadas pela sinalização: vaga de carga e descarga.,51271
Estacionar o veículo em desacordo com as condições regulamentadas - vaga idoso.,Estacionar o veículo em desacordo com as condições regulamentadas - vaga idoso.,25139
Estacionar o veículo em desacordo com as condições regulamentadas - vaga portador de necessidades especiais.,Estacionar o veículo em desacordo com as condições regulamentadas - vaga portador de necessidades especiais.,14204
Estacionar o veículo em desacordo com as condições regulamentadas especificamente pela sinalização.,Estacionar o veiculo em desacordo com as condições regulamentadas especificamente pela sinalização (placa - Estacionamento Regulamentado),68217
Estacionar o veículo em desacordo com as posições estabelecidas no Código de Trânsito Brasileiro.,Estacionar o veículo em desacordo com as posições estabelecidas no Código de Trânsito Brasileiro.,4797
Estacionar o veículo em locais e horários de estacionamento e parada proibidos pela sinalização (pla,Estacionar o veículo em locais e horários de estacionamento e parada proibidos pela sinalização: placa Proibido Parar e Estacionar.,17866
Estacionar o veículo em locais e horários de estacionamento e parada proibidos pela sinalização (placa - Proibido Parar e Estacionar).,Estacionar o veículo em locais e horários de estacionamento e parada proibidos pela sinalização (placa - Proibido Parar e Estacionar).,32189
Estacionar o veículo em locais e horários proibidos especificamente pela sinalização (Placa - Proibi,Estacionar o veículo em locais e horários proibidos especificamente pela sinalização: placa Proibido Estacionar.,138607
Estacionar o veículo em locais e horários proibidos especificamente pela sinalização (Placa - Proibido Estacionar).,Estacionar o veículo em locais e horários proibidos especificamente pela sinalização (Placa - Proibido Estacionar).,396323
Estacionar o veículo impedindo a movimentação de outro veículo.,Estacionar o veículo impedindo a movimentação de outro veículo.,25474
Estacionar o veículo na contramão de direção.,Estacionar o veículo na contramão de direção.,12850
Estacionar o veículo na pista de rolamento das estradas.,Estacionar o veículo na pista de rolamento das estradas.,28
Estacionar o veículo na pista de rolamento das rodovias.,Estacionar o veículo na pista de rolamento das estradas.,6
Estacionar o veículo na pista de rolamento das vias de trânsito rápido.,Estacionar o veículo na pista de rolamento das vias de trânsito rápido.,65
Estacionar o veículo na pista de rolamento das vias dotadas de acostamento.,Estacionar o veículo na pista de rolamento das vias dotadas de acostamento.,60
"Estacionar o veículo na área de cruzamento de vias, prejudicando a circulação de veículos e pedestre","Estacionar o veículo na área de cruzamento de vias, prejudicando a circulação de veículos e pedestres.",85
"Estacionar o veículo na área de cruzamento de vias, prejudicando a circulação de veículos e pedestres.","Estacionar o veículo na área de cruzamento de vias, prejudicando a circulação de veículos e pedestres.",587
Estacionar o veículo nas esquinas e a menos de cinco metros do bordo do alinhamento da via transvers,Estacionar o veículo nas esquinas e a menos de cinco metros do bordo do alinhamento da via transversal.,4551
Estacionar o veículo nas esquinas e a menos de cinco metros do bordo do alinhamento da via transversal.,Estacionar o veículo nas esquinas e a menos de cinco metros do bordo do alinhamento da via transversal.,13406
Estacionar o veículo nas ilhas ou refúgios.,Estacionar o veículo nas ilhas ou refúgios.,3833
Estacionar o veículo nas pontes.,Estacionar o veículo nas pontes.,285
"Estacionar o veículo nas vagas reservadas aos idosos, sem credencial que comprove tal condição.","Estacionar o veículo nas vagas reservadas aos idosos, sem credencial que comprove tal condição.",6467
"Estacionar o veículo nas vagas reservadas às pessoas com deficiência, sem credencial que comprove ta","Estacionar o veículo nas vagas reservadas às pessoas com deficiência, sem credencial que comprove tal condição.",2671
"Estacionar o veículo nas vagas reservadas às pessoas com deficiência, sem credencial que comprove tal condição","Estacionar o veículo nas vagas reservadas às pessoas com deficiência, sem credencial que comprove tal condição.",1558
"Estacionar o veículo no passeio ou sobre faixa destinada a pedestre, sobre ciclovia ou ciclofaixa, bem como nas ilhas, refúgios, ao lado ou sobre canteiros centrais, divisores de pista de rolamento, marcas de canalização, gramados ou jardim publico.","Estacionar o veículo no passeio ou sobre faixa destinada a pedestre, sobre ciclovia ou ciclofaixa, bem como nas ilhas, refúgios, ao lado ou sobre canteiros centrais, divisores de pista de rolamento, marcas de canalização, gramados ou jardim publico.",7116
Estacionar o veículo no passeio.,Estacionar o veículo no passeio.,183473
"Estacionar o veículo nos acostamentos, salvo motivo de força maior.","Estacionar o veículo nos acostamentos, salvo motivo de força maior.",73
Estacionar o veículo nos túneis.,Estacionar o veículo nos túneis.,27
Estacionar o veículo nos viadutos.,Estacionar o veículo nos viadutos.,106
"Estacionar o veículo onde houver guia de calçada (meio-fio) rebaixada, destinada à entrada ou saída",Estacionar o veículo onde houver guia de calçada (meio-fio) rebaixada destinada à entrada ou saída de veículos.,5137
"Estacionar o veículo onde houver guia de calçada (meio-fio) rebaixada, destinada à entrada ou saída de veículos.","Estacionar o veículo onde houver guia de calçada (meio-fio) rebaixada, destinada à entrada ou saída de veículos.",12089
Estacionar o veículo sobre ciclovia ou ciclofaixa.,Estacionar o veículo sobre ciclovia ou ciclofaixa.,5421
Estacionar o veículo sobre faixa destinada a pedestre.,Estacionar o veículo sobre faixa destinada a pedestre.,10191
"Estacionar veculo junto ou sobre hidrantes de incndio, registro de gua ou tampas de poos de visi","Estacionar veículo junto ou sobre hidrantes de incêndio, registro de água ou tampas de poços de visita de galerias subterrâneas, desde que devidamente identificados.",6
"Estacionar veculo junto ou sobre hidrantes de incndio, registro de gua ou tampas de poos de visita de galerias subterrneas, desde que devidamente identificados, conforme especificao do CONTRAN.","Estacionar veículo junto ou sobre hidrantes de incêndio, registro de água ou tampas de poços de visita de galerias subterrâneas, desde que devidamente identificados, conforme especificação do CONTRAN.",26
Estacionar veculo onde houver sinalizao horizontal delimitadora de ponto de embarque e desembarqu,Estacionar veículo onde houver sinalização horizontal delimitadora de ponto de embarque ou desembarque de passageiros de transporte coletivo.,2698
"Estacionar veculo onde houver sinalizao horizontal delimitadora de ponto de embarque e desembarque de passageiros de transporte coletivo ou, na inexistncia desta sinalizao, no intervalo compreendido entre dez metros antes e depois do marco do ponto.","Estacionar veículo onde houver sinalização horizontal delimitadora de ponto de embarque e desembarque de passageiros de transporte coletivo ou, na inexistência desta sinalização, no intervalo compreendido entre dez metros antes e depois do marco do ponto.",724
"Estacionar veículo junto ou sobre hidrantes de incêndio, registro de água ou tampas de poços de visi","Estacionar veículo junto ou sobre hidrantes de incêndio, registro de água ou tampas de poços de visita de galerias subterrâneas, desde que devidamente identificados.",2
"Estacionar veículo junto ou sobre hidrantes de incêndio, registro de água ou tampas de poços de visita de galerias subterrâneas, desde que devidamente identificados, conforme especificação do CONTRAN.","Estacionar veículo junto ou sobre hidrantes de incêndio, registro de água ou tampas de poços de visita de galerias subterrâneas, desde que devidamente identificados, conforme especificação do CONTRAN.",233
Estacionar veículo onde houver sinalização horizontal delimitadora de ponto de embarque e desembarqu,Estacionar veículo onde houver sinalização horizontal delimitadora de ponto de embarque ou desembarque de passageiros de transporte coletivo.,2330
"Estacionar veículo onde houver sinalização horizontal delimitadora de ponto de embarque e desembarque de passageiros de transporte coletivo ou, na inexistência desta sinalização, no intervalo compreendido entre dez metros antes e depois do marco do ponto.","Estacionar veículo onde houver sinalização horizontal delimitadora de ponto de embarque e desembarque de passageiros de transporte coletivo ou, na inexistência desta sinalização, no intervalo compreendido entre dez metros antes e depois do marco do ponto.",8970
Evadir-se para no efetuar o pagamento do pedgio.,Evadir-se para não efetuar o pagamento do pedágio.,1
Evadir-se para não efetuar o pagamento do pedágio.,Evadir-se para não efetuar o pagamento do pedágio.,2
Executar operao de converso  direita em locais proibidos pela sinalizao.,Executar operao de converso  direita em locais proibidos pela sinalizao.,6591
Executar operao de converso  direita ou  esquerda em locais proibidos pela sinalizao.,Executar operação de conversão à direita ou à esquerda em locais proibidos pela sinalização.,4044
Executar operao de converso  esquerda em locais proibidos pela sinalizao.,Executar operao de converso  esquerda em locais proibidos pela sinalizao.,47490
"Executar operao de retorno com prejuzo da livre circulao ou da segurana, ainda que em locais p","Executar operação de retorno com prejuízo da livre circulação ou da segurança, ainda que em locais permitidos.",1166
"Executar operao de retorno com prejuzo da livre circulao ou da segurana, ainda que em locais permitidos.","Executar operação de retorno com prejuízo da livre circulação ou da segurança, ainda que em locais permitidos.",300
Executar operao de retorno em locais proibidos pela sinalizao.,Executar operação de retorno em locais proibidos pela sinalização.,4633
Executar operao de retorno nas curvas.,Executar operação de retorno nas curvas.,5
"Executar operao de retorno nas intersees, entrando na contramo de direo da via transversal.","Executar operação de retorno nas interseções, entrando na contramão de direção da via transversal.",358
Executar operao de retorno nas pontes.,Executar operação de retorno nas pontes.,65
Executar operao de retorno nos viadutos.,Executar operação de retorno nos viadutos.,4
Executar operao de retorno passando por cima de ajardinamento.,Executar operação de retorno passando por cima de ajardinamento.,3
"Executar operao de retorno passando por cima de calada, passeio.","Executar operação de retorno passando por cima de calçada, passeio.",358
"Executar operao de retorno passando por cima de calcada, passeio, ilhas, ajardinamento ou canteiros de divises de pista de rolamento, refgios e faixas de pedestres e nas de veculos no motorizados.","Executar operação de retorno passando por cima de calcada, passeio, ilhas, ajardinamento ou canteiros de divisões de pista de rolamento, refúgios e faixas de pedestres e nas de veículos não motorizados.",127
Executar operao de retorno passando por cima de canteiros de divises de pista de rolamento.,Executar operação de retorno passando por cima de canteiros de divises de pista de rolamento.,1512
Executar operao de retorno passando por cima de faixas de pedestres.,Executar operação de retorno passando por cima de faixas de pedestres.,938
Executar operao de retorno passando por cima de faixas de veculos no motorizados.,Executar operação de retorno passando por cima de faixas de veículos no motorizados.,15
"Executar operao de retorno passando por cima de ilhas, refgio.","Executar operação de retorno passando por cima de ilhas, refúgio.",44
Executar operação de conversão à direita em locais proibidos pela sinalização.,Executar operação de conversão à à direita em locais proibidos pela sinalização.,13289
Executar operação de conversão à direita ou à esquerda em locais proibidos pela sinalização.,Executar operação de conversão à direita ou à esquerda em locais proibidos pela sinalização.,6476
Executar operação de conversão à esquerda em locais proibidos pela sinalização.,Executar operação de conversão à à esquerda em locais proibidos pela sinalização.,156633
"Executar operação de retorno com prejuízo da livre circulação ou da segurança, ainda que em locais p","Executar operação de retorno com prejuízo da livre circulação ou da segurança, ainda que em locais permitidos.",1822
"Executar operação de retorno com prejuízo da livre circulação ou da segurança, ainda que em locais permitidos.","Executar operação de retorno com prejuízo da livre circulação ou da segurança, ainda que em locais permitidos.",1300
Executar operação de retorno em locais proibidos pela sinalização.,Executar operação de retorno em locais proibidos pela sinalização.,7976
"Executar operação de retorno nas curvas, aclives, declives, pontes, viadutos e tuneis.","Executar operação de retorno nas curvas, aclives, declives, pontes, viadutos e tuneis.",6
Executar operação de retorno nas curvas.,Executar operação de retorno nas curvas.,42
"Executar operação de retorno nas interseções, entrando na contramão de direção da via transversal.","Executar operação de retorno nas interseções, entrando na contramão de direção da via transversal.",1974
Executar operação de retorno nas pontes.,Executar operação de retorno nas pontes.,212
Executar operação de retorno nos aclives ou declives.,Executar operação de retorno nos aclives ou declives.,1
Executar operação de retorno nos túneis.,Executar operação de retorno nos túneis.,4
Executar operação de retorno nos viadutos.,Executar operação de retorno nos viadutos.,4
Executar operação de retorno passando por cima de ajardinamento.,Executar operação de retorno passando por cima de ajardinamento.,13
"Executar operação de retorno passando por cima de calcada, passeio, ilhas, ajardinamento ou canteiros de divisões de pista de rolamento, refúgios e faixas de pedestres e nas de veículos não motorizados.","Executar operação de retorno passando por cima de calcada, passeio, ilhas, ajardinamento ou canteiros de divisões de pista de rolamento, refúgios e faixas de pedestres e nas de veículos não motorizados.",401
"Executar operação de retorno passando por cima de calçada, passeio.","Executar operação de retorno passando por cima de calçada, passeio.",653
Executar operação de retorno passando por cima de canteiros de divisões de pista de rolamento.,Executar operação de retorno passando por cima de canteiros de divisões de pista de rolamento.,2704
Executar operação de retorno passando por cima de faixas de pedestres.,Executar operação de retorno passando por cima de faixas de pedestres.,1897
Executar operação de retorno passando por cima de faixas de veículos não motorizados.,Executar operação de retorno passando por cima de faixas de veículos não motorizados.,31
"Executar operação de retorno passando por cima de ilhas, refúgio.","Executar operação de retorno passando por cima de ilhas, refúgio.",144
FUGIR O CONDUTOR A ACAO POLICIAL,Fugir à ação policial.,71
Falsificar ou adulterar documento de habilitao.,Falsificar ou adulterar documento de habilitao.,1
Falsificar ou adulterar documento de identificação do veículo.,Falsificar ou adulterar documento de identificação do veículo.,3
Fazer falsa declaração de domicílio para fins de habilitação.,Fazer falsa declaração de domicílio para fins de habilitação.,1
"Fazer ou deixar que se faa reparo em veculo na via pblica, salvo nos casos de impedimento absolut","Fazer ou deixar que se faça reparo em veículo na via pública, salvo nos casos de impedimento absoluto de sua remoção e em que o veículo esteja devidamente sinalizado.",1
"Fazer ou deixar que se faa reparo em veculo na via pblica, salvo nos casos de impedimento absoluto de sua remoo e em que o veculo esteja devidamente sinalizado, nas demais vias (que no rodovias/trnsito rapido).","Fazer ou deixar que se faça reparo em veículo na via pública, salvo nos casos de impedimento absoluto de sua remoção e em que o veículo esteja devidamente sinalizado, nas demais vias (que não rodovias/trânsito rapido).",2
"Fazer ou deixar que se faça reparo em veículo na via pública, salvo nos casos de impedimento absoluto de sua remoção e em que o veículo esteja devidamente sinalizado, em pista de rolamento de rodovias e vias de trânsito rápido.","Fazer ou deixar que se faça reparo em veículo na via pública, salvo nos casos de impedimento absoluto de sua remoção e em que o veículo esteja devidamente sinalizado, em pista de rolamento de rodovias e vias de trânsito rápido.",3
"Fazer ou deixar que se faça reparo em veículo na via pública, salvo nos casos de impedimento absoluto de sua remoção e em que o veículo esteja devidamente sinalizado, nas demais vias (que não rodovias/trânsito rapido).","Fazer ou deixar que se faça reparo em veículo na via pública, salvo nos casos de impedimento absoluto de sua remoção e em que o veículo esteja devidamente sinalizado, nas demais vias (que não rodovias/trânsito rapido).",15
Fazer uso do facho de luz alta dos faris em vias providas de iluminao pblica.,Fazer uso do facho de luz alta dos faróis em vias providas de iluminação pública.,108
Fazer uso do facho de luz alta dos faróis em vias providas de iluminação pública.,Fazer uso do facho de luz alta dos faróis em vias providas de iluminação pública.,40
"Forar passagem entre veculos que, transitando em sentidos opostos, estejam na iminncia de passar","Forçar passagem entre veículos que, transitando em sentidos opostos, estejam na iminência de passar um pelo outro ao realizar operação de ultrapassagem.",16
"Forar passagem entre veculos que, transitando em sentidos opostos, estejam na iminncia de passar um pelo outro ao realizar operao de ultrapassagem.","Forçar passagem entre veículos que, transitando em sentidos opostos, estejam na iminência de passar um pelo outro ao realizar operação de ultrapassagem.",21
"Forçar passagem entre veículos que, transitando em sentidos opostos, estejam na iminência de passar","Forçar passagem entre veículos que, transitando em sentidos opostos, estejam na iminência de passar um pelo outro ao realizar operação de ultrapassagem.",55
"Forçar passagem entre veículos que, transitando em sentidos opostos, estejam na iminência de passar um pelo outro ao realizar operação de ultrapassagem.","Forçar passagem entre veículos que, transitando em sentidos opostos, estejam na iminência de passar um pelo outro ao realizar operação de ultrapassagem.",306
Obstaculizar a via indevidamente - agravamento 5x.,Obstaculizar a via indevidamente - agravamento 5x.,1
Obstaculizar a via indevidamente - sem agravamento.,"Obstaculizar a via indevidamente, sem agravamento.",8
Organizar a conduta prevista no caput do Art. 253-A.,Organizar a conduta prevista no caput do Art. 253-A.,1
Parar o veculo afastado da guia da calada (meio-fio) a mais de um metro.,Parar o veículo afastado da guia da calçada (meio-fio) a mais de um metro.,2220
Parar o veculo afastado da guia da calada (meio-fio) de cinqenta centmetros a um metro.,Parar o veículo afastado da guia da calçada (meio-fio) de cinquenta centímetros a um metro.,33
Parar o veculo em desacordo com as posies estabelecidas no Cdigo de Trnsito Brasileiro.,Parar o veículo em desacordo com as posições estabelecidas no Código de Trânsito Brasileiro.,215
Parar o veculo em local e horrio proibidos especificamente pela sinalizao (placa - Proibido Para,Parar o veículo em local e horário proibidos especificamente pela sinalização: placa Proibido Parar.,2130
Parar o veculo em local e horrio proibidos especificamente pela sinalizao (placa - Proibido Parar).,Parar o veículo em local e horário proibidos especificamente pela sinalização (placa - Proibido Parar).,975
Parar o veculo na contramo de direo.,Parar o veículo na contramão de direção.,94
Parar o veculo na pista de rolamento das demais vias dotadas de acostamento.,Parar o veículo na pista de rolamento das demais vias dotadas de acostamento.,44
Parar o veculo na pista de rolamento das estradas.,Parar o veículo na pista de rolamento das estradas.,13
Parar o veculo na pista de rolamento das rodovias.,Parar o veículo na pista de rolamento das rodovias.,5
Parar o veculo na pista de rolamento das vias de trnsito rpido.,Parar o veículo na pista de rolamento das vias de trânsito rápido.,100
"Parar o veculo na rea de cruzamento de vias, prejudicando a circulao de veculos e pedestres.","Parar o veículo na área de cruzamento de vias, prejudicando a circulação de veículos e pedestres.",10243
Parar o veculo nas esquinas e a menos de cinco metros do bordo do alinhamento da via transversal.,Parar o veículo nas esquinas e a menos de cinco metros do bordo do alinhamento da via transversal.,153
Parar o veculo nas ilhas ou refgios.,Parar o veículo nas ilhas ou refúgios.,98
Parar o veculo nas marcas de canalizao.,Parar o veículo nas marcas de canalização.,449
Parar o veculo nas pontes.,Parar o veículo nas pontes.,22
"Parar o veculo no passeio ou sobre faixa destinada a pedestres, nas ilhas, refgios, canteiros centrais e divisores de pista de rolamento e marcas de canalizao.","Parar o veículo no passeio ou sobre faixa destinada a pedestres, nas ilhas, refúgios, canteiros centrais e divisores de pista de rolamento e marcas de canalização.",47
Parar o veculo no passeio.,Parar o veículo no passeio.,2865
Parar o veculo nos canteiros centrais e divisores de pista de rolamento.,Parar o veículo nos canteiros centrais e divisores de pista de rolamento.,354
Parar o veculo nos tneis.,Parar o veículo nos túneis.,1
Parar o veculo nos viadutos.,Parar o veículo nos viadutos.,7
Parar o veculo sobre a faixa de pedestre na mudana de sinal luminos (fiscalizao eletrnica).,Parar o veículo sobre a faixa de pedestres na mudança de sinal luminoso. (fiscalização eletrônica).,3837
Parar o veculo sobre a faixa de pedestre na mudana de sinal luminoso.,Parar o veículo sobre a faixa de pedestres na mudança de sinal luminoso. (fiscalização eletrônica).,10068
Parar o veculo sobre a faixa de pedestres na mudanca de sinal luminoso.,Parar o veículo sobre a faixa de pedestres na mudança de sinal luminoso. (fiscalização eletrônica).,590
Parar o veculo sobre faixa destinada a pedestres.,Parar o veículo sobre faixa destinada a pedestres.,4953
"Parar o veiculo na pista de rolamento das estradas, das rodovias, das vias de trnsito rpido e das demais vias dotadas de acostamento.","Parar o veiculo na pista de rolamento das estradas, das rodovias, das vias de trânsito rápido e das demais vias dotadas de acostamento.",50
"Parar o veiculo na pista de rolamento das estradas, das rodovias, das vias de trânsito rápido e das demais vias dotadas de acostamento.","Parar o veiculo na pista de rolamento das estradas, das rodovias, das vias de trânsito rápido e das demais vias dotadas de acostamento.",101
Parar o veículo afastado da guia da calçada (meio-fio) a mais de um metro.,Parar o veículo afastado da guia da calçada (meio-fio) a mais de um metro.,1223
Parar o veículo afastado da guia da calçada (meio-fio) de cinqüenta centímetros a um metro.,Parar o veículo afastado da guia da calçada (meio-fio) de cinquenta centímetros a um metro.,303
Parar o veículo em desacordo com as posições estabelecidas no Código de Trânsito Brasileiro.,Parar o veículo em desacordo com as posições estabelecidas no Código de Trânsito Brasileiro.,201
Parar o veículo em local e horário proibidos especificamente pela sinalização (placa - Proibido Para,Parar o veículo em local e horário proibidos especificamente pela sinalização: placa Proibido Parar.,2420
Parar o veículo em local e horário proibidos especificamente pela sinalização (placa - Proibido Parar).,Parar o veículo em local e horário proibidos especificamente pela sinalização (placa - Proibido Parar).,1087
Parar o veículo na contramão de direção.,Parar o veículo na contramão de direção.,203
Parar o veículo na pista de rolamento das demais vias dotadas de acostamento.,Parar o veículo na pista de rolamento das demais vias dotadas de acostamento.,34
Parar o veículo na pista de rolamento das estradas.,Parar o veículo na pista de rolamento das estradas.,17
Parar o veículo na pista de rolamento das rodovias.,Parar o veículo na pista de rolamento das estradas.,18
Parar o veículo na pista de rolamento das vias de trânsito rápido.,Parar o veículo na pista de rolamento das vias de trânsito rápido.,108
"Parar o veículo na área de cruzamento de vias, prejudicando a circulação de veículos e pedestres.","Parar o veículo na área de cruzamento de vias, prejudicando a circulação de veículos e pedestres.",17365
Parar o veículo nas esquinas e a menos de cinco metros do bordo do alinhamento da via transversal.,Parar o veículo nas esquinas e a menos de cinco metros do bordo do alinhamento da via transversal.,584
Parar o veículo nas ilhas ou refúgios.,Parar o veículo nas ilhas ou refúgios.,82
Parar o veículo nas marcas de canalização.,Parar o veículo nas marcas de canalização.,606
Parar o veículo nas pontes.,Parar o veículo nas pontes.,22
"Parar o veículo no passeio ou sobre faixa destinada a pedestres, nas ilhas, refúgios, canteiros centrais e divisores de pista de rolamento e marcas de canalização.","Parar o veículo no passeio ou sobre faixa destinada a pedestres, nas ilhas, refúgios, canteiros centrais e divisores de pista de rolamento e marcas de canalização.",160
Parar o veículo no passeio.,Parar o veículo no passeio.,3572
Parar o veículo nos canteiros centrais e divisores de pista de rolamento.,Parar o veículo nos canteiros centrais e divisores de pista de rolamento.,364
"Parar o veículo nos viadutos, pontes e túneis.","Parar o veículo nos viadutos, pontes e túneis.",4
Parar o veículo nos viadutos.,Parar o veículo nos viadutos.,11
Parar o veículo sobre a faixa de pedestre na mudança de sinal luminos (fiscalização eletrônica).,Parar o veículo sobre a faixa de pedestres na mudança de sinal luminoso. (fiscalização eletrônica).,37004
Parar o veículo sobre a faixa de pedestre na mudança de sinal luminoso.,Parar o veículo sobre a faixa de pedestres na mudança de sinal luminoso. (fiscalização eletrônica).,11929
Parar o veículo sobre a faixa de pedestres na mudanca de sinal luminoso.,Parar o veículo sobre a faixa de pedestres na mudança de sinal luminoso. (fiscalização eletrônica).,1675
Parar o veículo sobre ciclovia ou ciclofaixa.,Parar o veículo sobre ciclovia ou ciclofaixa.,1362
Parar o veículo sobre faixa destinada a pedestres.,Parar o veículo sobre faixa destinada a pedestres.,4958
"Participar na via, como condutor, de competio sem permisso da autoridade de trnsito com circunsc","Participar, na via, como condutor, de exibição e demonstração de perícia em manobra de veículo sem permissão da autoridade de trânsito com circunscrição sobre a via.",1
"Participar na via, como condutor, de competição sem permissão da autoridade de trânsito com circunsc","Participar na via, como condutor, de competição sem permissão da autoridade de trânsito com circunsc",2
"Participar na via, como condutor, de eventos organizados sem permissão da autoridade de trânsito com","Participar na via, como condutor, de eventos organizados sem permissão da autoridade de trânsito com",1
"Participar na via, como condutor, de eventos organizados sem permissão da autoridade de trânsito com circunscrição sobre a via.","Participar na via, como condutor, de eventos organizados sem permissão da autoridade de trânsito com circunscrição sobre a via.",1
"Participar na via, como condutor, de exibio e demonstrao de percia em manobra de veculo, sem p","Participar, na via, como condutor, de exibição e demonstração de perícia em manobra de veículo sem permissão da autoridade de trânsito com circunscrição sobre a via.",6
"Participar na via, como condutor, de exibio e demonstrao de percia em manobra de veculo, sem permisso da autoridade de trnsito com circunscrio sobre a via.","Participar, na via, como condutor, de exibição e demonstração de perícia em manobra de veículo sem permissão da autoridade de trânsito com circunscrição sobre a via.",2
"Participar na via, como condutor, de exibição e demonstração de perícia em manobra de veículo, sem p","Participar, na via, como condutor, de exibição e demonstração de perícia em manobra de veículo sem permissão da autoridade de trânsito com circunscrição sobre a via.",7
"Participar na via, como condutor, de exibição e demonstração de perícia em manobra de veículo, sem permissão da autoridade de trânsito com circunscrição sobre a via.","Participar, na via, como condutor, de exibição e demonstração de perícia em manobra de veículo sem permissão da autoridade de trânsito com circunscrição sobre a via.",11
Permitir posse/conduo do veculo a pessoa com CNH de categoria diferente da do veculo.,Permitir que pessoa com Carteira Nacional de Habilitação de categoria diferente da do veículo tome posse do veículo e passe a conduzi-lo na via.,13
Permitir posse/conduo do veculo a pessoa com CNH/PPD vencida h mais de 30 dias.,Permitir que pessoa com Carteira Nacional de Habilitação ou Permissão para Dirigir vencida há mais de 30 (trinta) dias tome posse do veículo e passe a conduzi-lo na via.,51
"Permitir posse/conduo do veculo a pessoa com Carteira Nacional de Habilitao, Permisso para Dir","Permitir que pessoa com Carteira Nacional de Habilitação, Permissão para Dirigir ou Autorização para Conduzir Ciclomotor cassada ou com suspensão do direito de dirigir tome posse do veículo e passe a conduzi-lo na via.",5
"Permitir posse/conduo do veculo a pessoa sem Carteira Nacional de Habilitao, Permisso para Dir","Permitir que pessoa sem possuir Carteira Nacional de Habilitação, Permissão para Dirigir ou Autorização para Conduzir Ciclomotor tome posse do veículo e passe a conduzi-lo na via.",276
"Permitir posse/conduo do veculo a pessoa sem Carteira Nacional de Habilitao, Permisso para Dirigir ou Autorizao para Conduzir Ciclomotor.","Permitir posse/condução do veículo a pessoa sem Carteira Nacional de Habilitação, Permissão para Dirigir ou Autorização para Conduzir Ciclomotor.",38
Permitir posse/conduo do veculo a pessoa sem usar lentes corretoras de viso.,Permitir que pessoa sem usar lentes corretoras de visão tome posse do veículo e passe a conduzi-lo na via.,2
Permitir posse/condução do veículo a pessoa com CNH de categoria diferente da do veículo.,Permitir que pessoa com Carteira Nacional de Habilitação de categoria diferente da do veículo tome posse do veículo e passe a conduzi-lo na via.,32
Permitir posse/condução do veículo a pessoa com CNH/PPD vencida há mais de 30 dias.,Permitir que pessoa com Carteira Nacional de Habilitação ou Permissão para Dirigir vencida há mais de 30 (trinta) dias tome posse do veículo e passe a conduzi-lo na via.,132
"Permitir posse/condução do veículo a pessoa com Carteira Nacional de Habilitação, Permissão para Dir","Permitir que pessoa com Carteira Nacional de Habilitação, Permissão para Dirigir ou Autorização para Conduzir Ciclomotor cassada ou com suspensão do direito de dirigir tome posse do veículo e passe a conduzi-lo na via.",70
"Permitir posse/condução do veículo a pessoa com Carteira Nacional de Habilitação, Permissão para Dirigir ou Autorização para Conduzir Ciclomotor com suspensão do direito de dirigir.","Permitir que pessoa com Carteira Nacional de Habilitação, Permissão para Dirigir ou Autorização para Conduzir Ciclomotor cassada ou com suspensão do direito de dirigir tome posse do veículo e passe a conduzi-lo na via.",1
Permitir posse/condução do veículo a pessoa sem CNH ou PPD.,Permitir posse/condução do veículo a pessoa sem CNH ou PPD.,27
"Permitir posse/condução do veículo a pessoa sem Carteira Nacional de Habilitação, Permissão para Dir","Permitir que pessoa sem possuir Carteira Nacional de Habilitação, Permissão para Dirigir ou Autorização para Conduzir Ciclomotor tome posse do veículo e passe a conduzi-lo na via.",918
"Permitir posse/condução do veículo a pessoa sem Carteira Nacional de Habilitação, Permissão para Dirigir ou Autorização para Conduzir Ciclomotor.","Permitir posse/condução do veículo a pessoa sem Carteira Nacional de Habilitação, Permissão para Dirigir ou Autorização para Conduzir Ciclomotor.",48
Permitir posse/condução do veículo a pessoa sem usar lentes corretoras de visão.,Permitir que pessoa sem usar lentes corretoras de visão tome posse do veículo e passe a conduzi-lo na via.,15
Permitir que pessoa tome posse do veculo automotor e passe a conduzi-lo na via sem possuir CNH ou PPD.,Permitir que pessoa tome posse do veículo automotor e passe a conduzi-lo na via sem possuir CNH ou PPD.,5
Permitir que pessoa tome posse do veículo automotor e passe a conduzi-lo na via com CNH de categoria diferente da do veículo que esteja conduzindo.,Permitir que pessoa tome posse do veículo automotor e passe a conduzi-lo na via com CNH de categoria diferente da do veículo que esteja conduzindo.,1
Permitir que pessoa tome posse do veículo automotor e passe a conduzi-lo na via com CNH vencida há mais de 30 dias.,Permitir que pessoa tome posse do veículo automotor e passe a conduzi-lo na via com CNH vencida há mais de 30 dias.,4
Permitir que pessoa tome posse do veículo automotor e passe a conduzi-lo na via sem possuir CNH ou PPD.,Permitir que pessoa tome posse do veículo automotor e passe a conduzi-lo na via sem possuir CNH ou PPD.,56
Permitir que tome posse do veiculo automotor e passe a conduzi-lo na via a pessoa com C.N.H. ou Permisso cassada ou com suspenso do direito de dirigir.,Permitir que tome posse do veiculo automotor e passe a conduzi-lo na via a pessoa com C.N.H. ou Permisso cassada ou com suspenso do direito de dirigir.,1
Permitir que tome posse do veiculo automotor e passe a conduzi-lo na via com C.N.H. ou Permissão para Dirigir de categoria diferente da do veículo que esteja conduzindo.,Permitir que tome posse do veiculo automotor e passe a conduzi-lo na via com C.N.H. ou Permissão para Dirigir de categoria diferente da do veículo que esteja conduzindo.,1
Portar no veculo placas de identificao em desacordo com as especificaes e modelos estabelecidos,Portar no veículo placas de identificação em desacordo com as especificações e modelos estabelecidos pelo CONTRAN.,1081
Portar no veculo placas de identificao em desacordo com as especificaes e modelos estabelecidos pelo CONTRAN.,Portar no veículo placas de identificação em desacordo com as especificações e modelos estabelecidos pelo CONTRAN.,65
Portar no veículo placas de identificação em desacordo com as especificações e modelos estabelecidos,Portar no veículo placas de identificação em desacordo com as especificações e modelos estabelecidos pelo CONTRAN.,1027
Portar no veículo placas de identificação em desacordo com as especificações e modelos estabelecidos pelo CONTRAN.,Portar no veículo placas de identificação em desacordo com as especificações e modelos estabelecidos pelo CONTRAN.,254
Promover na via competição sem permissão da autoridade de trânsito com circunscrição sobre a via.,Promover na via competição sem permissão da autoridade de trânsito com circunscrição sobre a via.,1
"Promover, na via, competicao esportiva, eventos organizados, exibição e demonstração de perícia em manobra de veículo ou deles participar, como condutor, sem permissão da autoridade de trânsito com circunscrição sobre a via.","Promover, na via, competicao esportiva, eventos organizados, exibição e demonstração de perícia em manobra de veículo ou deles participar, como condutor, sem permissão da autoridade de trânsito com circunscrição sobre a via.",2
"Promover, na via, eventos organizados sem permissão da autoridade de trânsito com circunscrição sobr","Promover, na via, eventos organizados sem permissão da autoridade de trânsito com circunscrição sobr",1
"Promover, na via, exibio e demonstrao de percia em manobra de veculo sem permisso da autorida","Promover, na via, exibição e demonstração de perícia em manobra de veículo sem permissão da autoridade de trânsito com circunscrição sobre a via.",16
"Promover, na via, exibio e demonstrao de percia em manobra de veculo sem permisso da autoridade de trnsito com circunscrio sobre a via.","Promover, na via, exibio e demonstrao de percia em manobra de veculo sem permisso da autoridade de trnsito com circunscrio sobre a via.",3
"Promover, na via, exibição e demonstração de perícia em manobra de veículo sem permissão da autorida","Promover, na via, exibição e demonstração de perícia em manobra de veículo sem permissão da autoridade de trânsito com circunscrição sobre a via.",45
"Promover, na via, exibição e demonstração de perícia em manobra de veículo sem permissão da autoridade de trânsito com circunscrição sobre a via.","Participar na via, como condutor, de exibição e demonstração de perícia em manobra de veículo, sem permissão da autoridade de trânsito com circunscrição sobre a via.",50
"Quando o veculo estiver em movimento deixar de manter a placa traseira iluminada,  noite.","Quando o veículo estiver em movimento deixar de manter a placa traseira iluminada, à noite.",1217
Quando o veculo estiver em movimento deixar de manter acesa a luz baixa de dia nas rodovias.,Quando o veculo estiver em movimento deixar de manter acesa a luz baixa de dia nas rodovias.,1
"Quando o veculo estiver em movimento deixar de manter acesa a luz baixa de dia, nos tneis providos","Quando o veículo estiver em movimento, deixar de manter acesa a luz baixa, de dia, sob chuva, neblina ou cerração.",7
"Quando o veculo estiver em movimento deixar de manter acesa a luz baixa de dia, nos tneis providos de iluminao pblica e nas rodovias.","Quando o veculo estiver em movimento deixar de manter acesa a luz baixa de dia, nos tneis providos de iluminao pblica e nas rodovias.",2
Quando o veculo estiver em movimento deixar de manter acesa a luz baixa durante a noite.,Quando o veículo estiver em movimento deixar de manter acesa a luz baixa durante a noite.,5331
"Quando o veculo estiver em movimento deixar de manter acesa a luz baixa, de dia e de noite, tratand","Quando o veículo estiver em movimento, deixar de manter acesa a luz baixa, de dia, no caso de motocicletas, motonetas e ciclomotores.",4
"Quando o veculo estiver em movimento deixar de manter acesa a luz baixa, de dia e de noite, tratando-se de ciclomotores.","Quando o veculo estiver em movimento deixar de manter acesa a luz baixa, de dia e de noite, tratando-se de ciclomotores.",1
"Quando o veculo estiver em movimento deixar de manter acesa a luz baixa, de dia e de noite, tratando-se de veculo de transporte coletivo de passageiros, circulando em faixas ou pistas a eles destinadas.","Quando o veculo estiver em movimento deixar de manter acesa a luz baixa, de dia e de noite, tratando-se de veculo de transporte coletivo de passageiros, circulando em faixas ou pistas a eles destinadas.",2
Quando o veculo estiver em movimento deixar de manter acesas pelo menos as luzes de posio sob chu,"Quando o veículo estiver em movimento, deixar de manter acesas pelo menos as luzes de posição sob chuva forte, neblina ou cerração.",1
"Quando o veculo estiver em movimento deixar de manter acesas pelo menos as luzes de posio sob chuva forte, neblina ou cerrao.","Quando o veículo estiver em movimento, deixar de manter acesas pelo menos as luzes de posição sob chuva forte, neblina ou cerração.",11
"Quando o veículo estiver em movimento deixar de manter a placa traseira iluminada, à noite.","Quando o veículo estiver em movimento deixar de manter a placa traseira iluminada, à noite.",586
"Quando o veículo estiver em movimento deixar de manter acesa a luz baixa de dia, nos túneis providos de iluminação pública.","Quando o veículo estiver em movimento deixar de manter acesa a luz baixa de dia, nos túneis providos de iluminação pública.",3
"Quando o veículo estiver em movimento deixar de manter acesa a luz baixa de dia, nos túneis.","Quando o veículo estiver em movimento, deixar de manter acesa a luz baixa, de dia, em túneis.",36
"Quando o veículo estiver em movimento deixar de manter acesa a luz baixa de dia, sob chuva, neblina","Quando o veículo estiver em movimento, deixar de manter acesa a luz baixa, de dia, sob chuva, neblina ou cerração.",17
Quando o veículo estiver em movimento deixar de manter acesa a luz baixa durante a noite.,Quando o veículo estiver em movimento deixar de manter acesa a luz baixa durante a noite.,2943
"Quando o veículo estiver em movimento deixar de manter acesa a luz baixa, de dia e de noite, tratando-se de ciclomotores.","Quando o veículo estiver em movimento deixar de manter acesa a luz baixa, de dia e de noite, tratando-se de ciclomotores.",14
"Quando o veículo estiver em movimento deixar de manter acesa a luz baixa, de dia e de noite, tratando-se de veículo de transporte coletivo de passageiros, circulando em faixas ou pistas a eles destinadas.","Quando o veículo estiver em movimento deixar de manter acesa a luz baixa, de dia e de noite, tratando-se de veículo de transporte coletivo de passageiros, circulando em faixas ou pistas a eles destinadas.",9
"Quando o veículo estiver em movimento deixar de manter acesa a luz baixa, de dia, no caso de motocic","Quando o veículo estiver em movimento, deixar de manter acesa a luz baixa, de dia, no caso de motocicletas, motonetas e ciclomotores.",173
"Quando o veículo estiver em movimento deixar de manter acesas pelo menos as luzes de posição sob chuva forte, neblina ou cerração.","Quando o veículo estiver em movimento, deixar de manter acesas pelo menos as luzes de posição sob chuva forte, neblina ou cerração.",4
"Quando o veículo estiver em movimento, deixar de manter acesa a luz baixa, de dia no caso de veículo","Quando o veículo estiver em movimento, deixar de manter acesa a luz baixa, de dia, no caso de veículos de transporte coletivo de passageiros em circulação em faixas ou pistas a eles destinadas.",1
Rebocar outro veculo com cabo flexvel ou corda.,Rebocar outro veículo com cabo flexível ou corda.,39
Rebocar outro veículo com cabo flexível ou corda.,Rebocar outro veículo com cabo flexível ou corda.,103
"Recusar-se a entregar  autoridade de trnsito ou a seus agentes, mediante recibo, os documentos de","Recusar-se a entregar  autoridade de trnsito ou a seus agentes, mediante recibo, os documentos de",75
"Recusar-se a entregar  autoridade de trnsito ou a seus agentes, mediante recibo, os documentos de habilitao, de registro, de licenciamento de veculo e outros exigidos por lei.","Recusar-se a entregar à autoridade de trânsito ou a seus agentes, mediante recibo, os documentos de habilitação, de registro, de licenciamento de veículo e outros exigidos por lei, para averiguação de sua autenticidade.",123
"Recusar-se a entregar à autoridade de trânsito ou a seus agentes, mediante recibo, os documentos de","Recusar-se a entregar à autoridade de trânsito ou a seus agentes, mediante recibo, os documentos de habilitação, de registro, de licenciamento de veículo e outros exigidos por lei, para averiguação de sua autenticidade.",49
"Recusar-se a entregar à autoridade de trânsito ou a seus agentes, mediante recibo, os documentos de habilitação, de registro, de licenciamento de veículo e outros exigidos por lei.","Recusar-se a entregar à autoridade de trânsito ou a seus agentes, mediante recibo, os documentos de habilitação, de registro, de licenciamento de veículo e outros exigidos por lei, para averiguação de sua autenticidade.",1442
"Recusar-se a ser submetido a teste, exame clnico, percia ou outro procedimento que permita certifi","Recusar-se a ser submetido a teste, exame clínico, perícia ou outro procedimento que permita certificar influência de álcool ou outra substância psicoativa.",149
"Recusar-se a ser submetido a teste, exame clnico, percia ou outro procedimento que permita certificar influncia de lcool ou outra substncia psicoativa, na forma estabelecida pelo art. 277.","Recusar-se a ser submetido a teste, exame clínico, perícia ou outro procedimento que permita certificar influência de álcool ou outra substância psicoativa, na forma estabelecida pelo art. 277.",45
"Recusar-se a ser submetido a teste, exame clínico, perícia ou outro procedimento que permita certifi","Recusar-se a ser submetido a teste, exame clínico, perícia ou outro procedimento que permita certificar influência de álcool ou outra substância psicoativa.",194
"Recusar-se a ser submetido a teste, exame clínico, perícia ou outro procedimento que permita certificar influência de álcool ou outra substância psicoativa, na forma estabelecida pelo art. 277.","Recusar-se a ser submetido a teste, exame clínico, perícia ou outro procedimento que permita certificar influência de álcool ou outra substância psicoativa, na forma estabelecida pelo art. 277.",205
"Retirar do local veculo legalmente retido para regularizao, sem permisso da autoridade competent","Retirar do local veículo legalmente retido para regularização, sem permissão da autoridade competente ou de seus agentes.",20
"Retirar do local veculo legalmente retido para regularizao, sem permisso da autoridade competente ou de seus agentes.","Retirar do local veículo legalmente retido para regularização, sem permissão da autoridade competente ou de seus agentes.",37
"Retirar do local veículo legalmente retido para regularização, sem permissão da autoridade competent","Retirar do local veículo legalmente retido para regularização, sem permissão da autoridade competente ou de seus agentes.",55
"Retirar do local veículo legalmente retido para regularização, sem permissão da autoridade competente ou de seus agentes.","Retirar do local veículo legalmente retido para regularização, sem permissão da autoridade competente ou de seus agentes.",556
"Seguir o veiculo em servico de urgncia, estando este com prioridade de passagem devidamente identif","Seguir veículo em serviço de urgência, estando este com prioridade de passagem devidamente identificada por dispositivos regulamentares de alarme sonoro e iluminação intermitente.",28
"Seguir o veiculo em servico de urgncia, estando este com prioridade de passagem devidamente identificada por dispositivos regulamentares de alarme sonoro e iluminao vermelha intermitentes.","Seguir o veiculo em servico de urgência, estando este com prioridade de passagem devidamente identificada por dispositivos regulamentares de alarme sonoro e iluminação vermelha intermitentes.",4
"Seguir o veiculo em servico de urgência, estando este com prioridade de passagem devidamente identif","Seguir veículo em serviço de urgência, estando este com prioridade de passagem devidamente identificada por dispositivos regulamentares de alarme sonoro e iluminação intermitente.",18
"Seguir o veiculo em servico de urgência, estando este com prioridade de passagem devidamente identificada por dispositivos regulamentares de alarme sonoro e iluminação vermelha intermitentes.","Seguir o veiculo em servico de urgência, estando este com prioridade de passagem devidamente identificada por dispositivos regulamentares de alarme sonoro e iluminação vermelha intermitentes.",62
Ter seu veculo imobilizado na via por falta de combustvel.,Ter seu veículo imobilizado na via por falta de combustível.,69
Ter seu veículo imobilizado na via por falta de combustível.,Ter seu veículo imobilizado na via por falta de combustível.,183
"Transitar ao lado de outro veculo, interrompendo ou perturbando o trnsito.","Transitar ao lado de outro veículo, interrompendo ou perturbando o trânsito.",18
"Transitar ao lado de outro veículo, interrompendo ou perturbando o trânsito.","Transitar ao lado de outro veículo, interrompendo ou perturbando o trânsito.",59
"Transitar com a autorização vencida, expedida para veículo com dimensões excedentes.","Transitar com a autorização vencida, expedida para veículo com dimensões excedentes.",1
Transitar com o facho de luz alta de forma a perturbar a viso de outro condutor.,Transitar com o facho de luz alta de forma a perturbar a visão de outro condutor.,9
Transitar com o facho de luz alta de forma a perturbar a visão de outro condutor.,Transitar com o farol desregulado ou com o facho de luz alta de forma a perturbar a visão de outro condutor.,67
Transitar com o farol desregulado de forma a perturbar a viso de outro condutor.,Transitar com o facho de luz alta de forma a perturbar a visão de outro condutor.,21
Transitar com o farol desregulado de forma a perturbar a visão de outro condutor.,Transitar com o farol desregulado ou com o facho de luz alta de forma a perturbar a visão de outro condutor.,28
Transitar com o farol desregulado ou com o facho de luz alta de forma a perturbar a visão de outro condutor.,Transitar com o farol desregulado ou com o facho de luz alta de forma a perturbar a visão de outro condutor.,2
Transitar com o veculo com lotao excedente.,Transitar com o veículo com lotação excedente.,491
"Transitar com o veculo com suas dimenses ou de sua carga superiores aos limites estabelecidos legalmente ou pela sinalizao, sem autorizao.","Transitar com o veículo com suas dimensões ou de sua carga superiores aos limites estabelecidos legalmente ou pela sinalização, sem autorização.",5
"Transitar com o veculo danificando a via, suas instalaes e equipamentos.","Transitar com o veículo danificando a via, suas instalações e equipamentos.",11
"Transitar com o veculo derramando, lanando ou arrastando qualquer objeto que possa acarretar risco","Transitar com o veículo derramando, lançando ou arrastando qualquer objeto que possa acarretar risco de sinistro.",2
"Transitar com o veculo derramando, lanando ou arrastando qualquer objeto que possa acarretar risco de acidente.","Transitar com o veículo derramando, lançando ou arrastando qualquer objeto que possa acarretar risco de sinistro.",1
"Transitar com o veculo derramando, lanando ou arrastando sobre a via carga que esteja transportando.","Transitar com o veculo derramando, lanando ou arrastando sobre a via carga que esteja transportando.",1
"Transitar com o veculo derramando, lanandosobre a via combustvel ou lubrificante que esteja utili",Transitar com o veículo derramando ou lançando sobre a via combustível ou lubrificante que esteja utilizando.,1
"Transitar com o veculo e/ou carga com dimenses superiores aos limites estabelecidos legalmente, se","Transitar com o veículo ou carga com dimensões superiores aos limites estabelecidos legalmente, sem autorização.",1
"Transitar com o veculo e/ou carga com dimenses superiores aos limites estabelecidos legalmente, sem autorizao.","Transitar com o veículo e/ou carga com dimensões superiores aos limites estabelecidos legalmente, se",9
Transitar com o veculo e/ou carga com dimenses superiores aos limites estabelecidos pela sinaliza,"Transitar com o veículo ou carga com dimensões superiores aos limites estabelecidos pela sinalização, sem autorização.",4
Transitar com o veculo efetuando transporte remunerado de pessoas quando no for licenciado para esse fim.,"Transitar com o veículo efetuando transporte remunerado de pessoas ou bens, quando não for licenciado para esse fim.",3
"Transitar com o veculo em caladas, passeios, passarelas, ciclovias, ciclofaixas, ilhas, refgios, ajardinamentos, canteiros centrais e divisores de pista de rolamento, acostamentos, marcas de canalizao, gramados e jardins pblicos.","Transitar com o veículo em calçadas, passeios, passarelas, ciclovias, ciclofaixas, ilhas, refúgios, ajardinamentos, canteiros centrais e divisores de pista de rolamento, acostamentos, marcas de canalização, gramados e jardins públicos.",1035
"Transitar com o veculo na faixa ou pista da direita, regulamentada como de circulao exclusiva par","Transitar com o veículo na faixa ou pista da direita regulamentada como de circulação exclusiva para determinado tipo de veículo, exceto para acesso a imóveis lindeiros ou conversões à direita.",829
"Transitar com o veculo na faixa ou pista da direita, regulamentada como de circulao exclusiva para determinado tipo de veculo.","Transitar com o veículo na faixa ou pista da direita, regulamentada como de circulação exclusiva para determinado tipo de veículo.",245
Transitar com o veculo na faixa ou pista da esquerda regulamentada como de circulao exclusiva par,Transitar com o veículo na faixa ou pista da esquerda regulamentada como de circulação exclusiva para determinado tipo de veículo.,524
Transitar com o veculo na faixa ou pista da esquerda regulamentada como de circulao exclusiva para determinado tipo de veculo.,Transitar com o veículo na faixa ou pista da esquerda regulamentada como de circulação exclusiva para determinado tipo de veículo.,967
"Transitar com o veculo produzindo fumaa, gases ou partculas em nveis superiores aos fixados pelo CONTRAN.","Transitar com o veículo produzindo fumaça, gases ou partículas em níveis superiores aos fixados pelo CONTRAN.",4
Transitar com o veículo arrastando a carga que esteja transportando.,Transitar com o veículo arrastando a carga que esteja transportando.,3
Transitar com o veículo com excesso de peso.,Transitar com o veículo com excesso de peso.,1
Transitar com o veículo com falta de inscrição necessárias à sua identificação.,Transitar com o veículo com falta de inscrição necessárias à sua identificação.,1
Transitar com o veículo com lotação excedente.,Transitar com o veículo com lotação excedente.,1701
"Transitar com o veículo com suas dimensões ou de sua carga superiores aos limites estabelecidos legalmente ou pela sinalização, sem autorização.","Transitar com o veículo com suas dimensões ou de sua carga superiores aos limites estabelecidos legalmente ou pela sinalização, sem autorização.",8
"Transitar com o veículo danificando a via, suas instalações e equipamentos.","Transitar com o veículo danificando a via, suas instalações e equipamentos.",22
"Transitar com o veículo derramando, lançando ou arrastando qualquer objeto que possa acarretar risco","Transitar com o veículo derramando, lançando ou arrastando qualquer objeto que possa acarretar risco de sinistro.",5
"Transitar com o veículo derramando, lançando ou arrastando qualquer objeto que possa acarretar risco de acidente.","Transitar com o veículo derramando, lançando ou arrastando qualquer objeto que possa acarretar risco de acidente.",21
"Transitar com o veículo derramando, lançando ou arrastando sobre a via carga que esteja transportando.","Transitar com o veículo derramando, lançando ou arrastando sobre a via carga que esteja transportando.",1
"Transitar com o veículo derramando, lançandosobre a via combustível ou lubrificante que esteja utili",Transitar com o veículo derramando ou lançando sobre a via combustível ou lubrificante que esteja utilizando.,3
"Transitar com o veículo derramando, lançandosobre a via combustível ou lubrificante que esteja utilizando.",Transitar com o veículo derramando ou lançando sobre a via combustível ou lubrificante que esteja utilizando.,2
Transitar com o veículo desengrenado em declive.,Transitar com o veículo desengrenado em declive.,1
Transitar com o veículo desligado em declive.,Transitar com o veículo desengrenado em declive.,1
"Transitar com o veículo e/ou carga com dimensões superiores aos limites estabelecidos legalmente, se","Transitar com o veículo e/ou carga com dimensões superiores aos limites estabelecidos legalmente, se",3
"Transitar com o veículo e/ou carga com dimensões superiores aos limites estabelecidos legalmente, sem autorização.","Transitar com o veículo com suas dimensões ou de sua carga superiores aos limites estabelecidos legalmente ou pela sinalização, sem autorização.",92
Transitar com o veículo e/ou carga com dimensões superiores aos limites estabelecidos pela sinalizaç,"Transitar com o veículo ou carga com dimensões superiores aos limites estabelecidos pela sinalização, sem autorização.",1
"Transitar com o veículo e/ou carga com dimensões superiores aos limites estabelecidos pela sinalização, sem autorização.","Transitar com o veículo com suas dimensões ou de sua carga superiores aos limites estabelecidos legalmente ou pela sinalização, sem autorização.",24
"Transitar com o veículo efetuando transporte remunerado de bens, quando não for licenciado para esse","Transitar com o veículo efetuando transporte remunerado de pessoas ou bens, quando não for licenciado para esse fim.",2
"Transitar com o veículo efetuando transporte remunerado de bens, quando não for licenciado para esse fim.","Transitar com o veículo efetuando transporte remunerado de pessoas ou bens, quando não for licenciado para esse fim.",13
"Transitar com o veículo efetuando transporte remunerado de pessoas ou bens, quando não for licenciado para esse fim, salvo casos de forca maior ou com permissão da autoridade competente.","Transitar com o veículo efetuando transporte remunerado de pessoas ou bens, quando não for licenciado para esse fim, salvo casos de forca maior ou com permissão da autoridade competente.",17
Transitar com o veículo efetuando transporte remunerado de pessoas quando não for licenciado para es,"Transitar com o veículo efetuando transporte remunerado de pessoas ou bens, quando não for licenciado para esse fim.",2
Transitar com o veículo efetuando transporte remunerado de pessoas quando não for licenciado para esse fim.,"Transitar com o veículo efetuando transporte remunerado de pessoas ou bens, quando não for licenciado para esse fim.",34
"Transitar com o veículo em calçadas, passeios, passarelas, ciclovias, ciclofaixas, ilhas, refúgios, ajardinamentos, canteiros centrais e divisores de pista de rolamento, acostamentos, marcas de canalização, gramados e jardins públicos.","Transitar com o veículo em calçadas, passeios, passarelas, ciclovias, ciclofaixas, ilhas, refúgios, ajardinamentos, canteiros centrais e divisores de pista de rolamento, acostamentos, marcas de canalização, gramados e jardins públicos.",1507
Transitar com o veículo em desacordo com a autorização especial expedida para transitar com dimensões excedentes.,Transitar com o veículo em desacordo com a autorização especial expedida para transitar com dimensões excedentes.,1
Transitar com o veículo em desacordo com as especificações necessárias à sua identificação.,Transitar com o veículo em desacordo com as especificações necessárias à sua identificação.,3
"Transitar com o veículo em desacordo com as especificações, e com falta de inscrição e simbologia necessarias à sua identificação, quando exigidas pela legislação.","Transitar com o veículo em desacordo com as especificações, e com falta de inscrição e simbologia necessarias à sua identificação, quando exigidas pela legislação.",2
"Transitar com o veículo excedendo a capacidade máxima de tração, acima de 1.000 kg.","Transitar com o veículo excedendo a capacidade máxima de tração, entre 601 e 1.000 kg.",1
"Transitar com o veículo excedendo a capacidade máxima de tração, entre 601 e 1.000 kg.","Transitar com o veículo excedendo a capacidade máxima de tração, entre 601 e 1.000 kg.",1
"Transitar com o veículo na faixa ou pista da direita, regulamentada como de circulação exclusiva par","Transitar com o veículo na faixa ou pista da direita regulamentada como de circulação exclusiva para determinado tipo de veículo, exceto para acesso a imóveis lindeiros ou conversões à direita.",565
"Transitar com o veículo na faixa ou pista da direita, regulamentada como de circulação exclusiva para determinado tipo de veículo.","Transitar com o veículo na faixa ou pista da direita, regulamentada como de circulação exclusiva para determinado tipo de veículo.",6608
Transitar com o veículo na faixa ou pista da esquerda regulamentada como de circulação exclusiva par,Transitar com o veículo na faixa ou pista da esquerda regulamentada como de circulação exclusiva para determinado tipo de veículo.,1100
Transitar com o veículo na faixa ou pista da esquerda regulamentada como de circulação exclusiva para determinado tipo de veículo.,Transitar com o veículo na faixa ou pista da esquerda regulamentada como de circulação exclusiva para determinado tipo de veículo.,15714
"Transitar com o veículo produzindo fumaça, gases ou partículas em níveis superiores aos fixados pelo CONTRAN.","Transitar com o veículo produzindo fumaça, gases ou partículas em níveis superiores aos fixados pelo CONTRAN.",9
Transitar com veculo derramando a carga que esteja transportando.,Transitar com veículo derramando a carga que esteja transportando.,18
Transitar com veculo em acostamentos.,Transitar com veículo em acostamentos.,5
"Transitar com veculo em ajardinamentos, gramados e jardins pblicos.","Transitar com veículo em ajardinamentos, gramados e jardins públicos.",34
"Transitar com veculo em caladas, passeios.","Transitar com veículo em calçadas, passeios.",2548
Transitar com veculo em canteiros centrais divisores de pista de rolamento.,Transitar com veículo em canteiros centrais divisores de pista de rolamento.,2314
"Transitar com veculo em ciclovias, ciclofaixas.",Transitar com veículo em ciclovias ou ciclofaixas.,881
"Transitar com veculo em ilhas, refgios.",Transitar com veículo em ilhas ou refúgios.,105
Transitar com veculo em marcas de canalizao.,Transitar com veículo em marcas de canalização.,1476
Transitar com veculo em passarelas.,Transitar com veículo em passarelas.,88
Transitar com veculo lanando a carga que esteja transportando.,Transitar com veículo lançando a carga que esteja transportando.,3
Transitar com veículo derramando a carga que esteja transportando.,Transitar com o veículo arrastando a carga que esteja transportando.,37
Transitar com veículo em acostamentos.,Transitar com veículo em acostamentos.,111
"Transitar com veículo em ajardinamentos, gramados e jardins públicos.","Transitar com veículo em ajardinamentos, gramados e jardins públicos.",215
"Transitar com veículo em calçadas, passeios.",Transitar com veículo em calçadas e passeios.,12454
Transitar com veículo em canteiros centrais divisores de pista de rolamento.,Transitar com veículo em canteiros centrais divisores de pista de rolamento.,9342
"Transitar com veículo em ciclovias, ciclofaixas.",Transitar com veículo em ciclovias ou ciclofaixas.,6219
"Transitar com veículo em ilhas, refúgios.",Transitar com veículo em ilhas ou refúgios.,477
Transitar com veículo em marcas de canalização.,Transitar com veículo em marcas de canalização.,12308
Transitar com veículo em passarelas.,Transitar com veículo em passarelas.,299
Transitar com veículo lançando a carga que esteja transportando.,Transitar com veículo derramando a carga que esteja transportando.,11
Transitar em locais e horrios no permitidos pela regulamentao - Caminho.,Transitar em locais e horários não permitidos pela regulamentação - Caminhão.,154
Transitar em locais e horrios no permitidos pela regulamentao - rodzio.,Transitar em locais e horários não permitidos pela regulamentação - rodízio.,42
"Transitar em locais e horrios no permitidos pela regulamentao estabelecida pela autoridade competente, para todos os tipos de veculos.","Transitar em locais e horários não permitidos pela regulamentação estabelecida pela autoridade competente, para todos os tipos de veículos.",2409
Transitar em locais e horrios no permitidos pela regulamentao estabelecida pela autoridade.,Transitar em locais e horários no permitidos pela regulamentação estabelecida pela autoridade.,52983
Transitar em locais e horários não permitidos pela regulamentação - Caminhão.,Transitar em locais e horários não permitidos pela regulamentação - Caminhão.,7652
Transitar em locais e horários não permitidos pela regulamentação - rodízio.,Transitar em locais e horários não permitidos pela regulamentação - Caminhão.,139
"Transitar em locais e horários não permitidos pela regulamentação estabelecida pela autoridade competente, para todos os tipos de veículos.","Transitar em locais e horários não permitidos pela regulamentação estabelecida pela autoridade competente, para todos os tipos de veículos.",3455
Transitar em locais e horários não permitidos pela regulamentação estabelecida pela autoridade.,Transitar em locais e horários não permitidos pela regulamentação estabelecida pela autoridade.,221884
"Transitar em marcha  r, salvo na distncia necessria a pequenas manobras e de forma a no causar","Transitar em marcha  r, salvo na distncia necessria a pequenas manobras e de forma a no causar",367
"Transitar em marcha  r, salvo na distncia necessria a pequenas manobras e de forma a no causar risco  segurana.","Transitar em marcha à ré, salvo na distância necessária a pequenas manobras e de forma a não causar riscos à segurança.",112
"Transitar em marcha à ré, salvo na distância necessária a pequenas manobras e de forma a não causar","Transitar em marcha à ré, salvo na distância necessária a pequenas manobras e de forma a não causar riscos à segurança.",245
"Transitar em marcha à ré, salvo na distância necessária a pequenas manobras e de forma a não causar risco à segurança.","Transitar em marcha à ré, salvo na distância necessária a pequenas manobras e de forma a não causar riscos à segurança.",528
"Transitar em velocidade inferior  metade da mxima da via, salvo faixa da direita.","Transitar em velocidade inferior  metade da mxima da via, salvo faixa da direita.",4
Transitar em velocidade superior  mxima permitida em mais de 50%.,Transitar em velocidade superior à máxima permitida para o local em mais de 50%.,103
Transitar em velocidade superior  mxima permitida para o local em at 20% (vinte por cento).,Transitar em velocidade superior à máxima permitida para o local em até 20% (vinte por cento).,1
Transitar em velocidade superior  mxima permitida para o local em mais de 20% (vinte por cento) at,Transitar em velocidade superior à máxima permitida para o local em mais de 20% (vinte por cento) até 50% (cinqüenta por cento).,73166
Transitar em velocidade superior  mxima permitida para o local em mais de 20% (vinte por cento) at 50% (cinqenta por cento).,Transitar em velocidade superior à máxima permitida para o local em mais de 20% (vinte por cento) até 50% (cinqüenta por cento).,20854
Transitar em velocidade superior  mxima permitida para o local em mais de 50%.,Transitar em velocidade superior  mxima permitida para o local em mais de 50%.,5664
Transitar em velocidade superior à máxima permitida em mais de 50%.,Transitar em velocidade superior à máxima permitida para o local em mais de 50%.,13902
Transitar em velocidade superior à máxima permitida para o local em até 20% (vinte por cento).,Transitar em velocidade superior à máxima permitida para o local em até 20% (vinte por cento).,1740471
Transitar em velocidade superior à máxima permitida para o local em mais de 20% (vinte por cento) at,Transitar em velocidade superior à máxima permitida para o local em mais de 20% (vinte por cento) até 50% (cinquenta por cento).,72496
Transitar em velocidade superior à máxima permitida para o local em mais de 20% (vinte por cento) até 50% (cinqüenta por cento).,Transitar em velocidade superior à máxima permitida para o local em mais de 20% (vinte por cento) até 50% (cinqüenta por cento).,173170
Transitar em velocidade superior à máxima permitida para o local em mais de 50%.,Transitar em velocidade superior à máxima permitida para o local em mais de 50%.,7280
Transitar na faixa ou via exclusiva regulam.  p/  transp.  pbl.  coletivo passag.,Transitar na faixa ou via exclusiva regulam.  p/  transp.  públ.  coletivo passag.,52255
Transitar na faixa ou via exclusiva regulam.  p/  transp.  públ.  coletivo passag.,Transitar na faixa ou via exclusiva regulam.  p/  transp.  públ.  coletivo passag.,268733
Transitar pela contramo de direo em vias com duplo sentido de circulao.,Transitar pela contramão de direção em vias com duplo sentido de circulação.,4124
Transitar pela contramo de direo em vias com sinalizao de regulamentao de sentido nico.,Transitar pela contramão de direção em vias com sinalização de regulamentação de sentido único.,13145
Transitar pela contramão de direção em vias com duplo sentido de circulação.,Transitar pela contramão de direção em vias com duplo sentido de circulação.,11409
Transitar pela contramão de direção em vias com sinalização de regulamentação de sentido único.,Transitar pela contramão de direção em vias com sinalização de regulamentação de sentido único.,34232
"Transpor, sem autorizao,  bloqueio virio com ou sem sinalizao ou dispositivos auxiliares.","Transpor, sem autorização,  bloqueio viário com ou sem sinalização ou dispositivos auxiliares.",472
"Transpor, sem autorizao, bloqueio virio com ou sem sinalizao ou dispositivos auxiliares, deixar de adentrar s areas destinadas  pesagem de veculos ou evadir-se para no efetuar o pagamento do pedgio.","Transpor, sem autorização, bloqueio viário com ou sem sinalização ou dispositivos auxiliares, deixar de adentrar às areas destinadas à pesagem de veículos ou evadir-se para não efetuar o pagamento do pedágio.",21
"Transpor, sem autorizao, bloqueio virio policial.","Transpor, sem autorização, bloqueio viário policial.",116
"Transpor, sem autorização,  bloqueio viário com ou sem sinalização ou dispositivos auxiliares.","Transpor, sem autorização,  bloqueio viário com ou sem sinalização ou dispositivos auxiliares.",1784
"Transpor, sem autorização, bloqueio viário com ou sem sinalização ou dispositivos auxiliares, deixar de adentrar às areas destinadas à pesagem de veículos ou evadir-se para não efetuar o pagamento do pedágio.","Transpor, sem autorização, bloqueio viário com ou sem sinalização ou dispositivos auxiliares, deixar de adentrar às areas destinadas à pesagem de veículos ou evadir-se para não efetuar o pagamento do pedágio.",29
"Transpor, sem autorização, bloqueio viário policial.","Transpor, sem autorização, bloqueio viário policial.",1296
Transportar crianas sem observncia das normas de segurana especiais estabelecidas no CTB.,Transportar crianças em veículo automotor sem observância das normas de segurança especiais estabelecidas no Código de Trânsito Brasileiro.,1440
Transportar crianças sem observância das normas de segurança especiais estabelecidas no CTB.,Transportar crianças em veículo automotor sem observância das normas de segurança especiais estabelecidas no Código de Trânsito Brasileiro.,3824
"Transportar em veculo destinado ao transporte de passageiros, carga excedente em desacordo com o es",Transportar em veículo destinado ao transporte de passageiros carga excedente em desacordo com o estabelecido no CTB.,9
"Transportar em veculo destinado ao transporte de passageiros, carga excedente em desacordo com o estabelecido no Art. 109 do CTB.","Transportar em veículo destinado ao transporte de passageiros, carga excedente em desacordo com o estabelecido no Art. 109 do CTB.",9
"Transportar em veículo destinado ao transporte de passageiros, carga excedente em desacordo com o es",Transportar em veículo destinado ao transporte de passageiros carga excedente em desacordo com o estabelecido no CTB.,1
"Transportar em veículo destinado ao transporte de passageiros, carga excedente em desacordo com o estabelecido no Art. 109 do CTB.","Transportar em veículo destinado ao transporte de passageiros, carga excedente em desacordo com o estabelecido no Art. 109 do CTB.",106
Transportar produto perigoso a granel desprovido de Certificado de Capacitação válido.,Transportar produto perigoso a granel desprovido de Certificado de Capacitação válido.,1
Ultrapassar outro veculo em intersees.,Ultrapassar outro veículo em interseções.,13
Ultrapassar outro veculo pelo acostamento.,Ultrapassar outro veículo pelo acostamento.,3
Ultrapassar outro veículo em interseções.,Ultrapassar outro veículo em interseções.,23
Ultrapassar outro veículo pelo acostamento.,Ultrapassar outro veículo pelo acostamento.,2
"Ultrapassar pela contramo outro veculo nas curvas, sem visibilidade suficiente.","Ultrapassar pela contramão outro veículo nas curvas, sem visibilidade suficiente.",1
Ultrapassar pela contramo outro veculo nas faixas de pedestre.,Ultrapassar pela contramão outro veículo nas faixas de pedestre.,6
Ultrapassar pela contramo outro veculo nas pontes.,Ultrapassar pela contramão outro veículo nas pontes.,1
Ultrapassar pela contramo outro veculo onde houver marcao viria longitudinal de diviso de flux,Ultrapassar pela contramão outro veículo onde houver marcação viária longitudinal de divisão de fluxos opostos do tipo linha dupla contínua ou simples contínua amarela.,420
Ultrapassar pela contramo outro veculo onde houver marcao viria longitudinal de diviso de fluxos opostos do tipo linha dupla contnua ou simples contnua amarela.,Ultrapassar pela contramão outro veículo onde houver marcação viária longitudinal de divisão de fluxos opostos do tipo linha dupla contínua ou simples contínua amarela.,32
Ultrapassar pela contramo outro veculo parado em fila junto a cruzamentos.,Ultrapassar pela contramão outro veículo parado em fila junto a cruzamentos.,13
Ultrapassar pela contramo outro veculo parado em fila junto a qualquer outro impedimento  livre c,Ultrapassar pela contramão outro veículo parado em fila junto a qualquer outro impedimento à livre circulação.,5
Ultrapassar pela contramo outro veculo parado em fila junto a qualquer outro impedimento  livre circulao.,Ultrapassar pela contramão outro veículo parado em fila junto a qualquer outro impedimento à livre circulação.,5
"Ultrapassar pela contramo outro veculo parado em fila junto a sinais luminosos, porteiras, cancelas, cruzamentos ou qualquer outro impedimento  livre circulao.","Ultrapassar pela contramão outro veículo parado em fila junto a sinais luminosos, porteiras, cancelas, cruzamentos ou qualquer outro impedimento à livre circulação.",10
Ultrapassar pela contramo outro veculo parado em fila junto a sinais luminosos.,Ultrapassar pela contramão outro veículo parado em fila junto a sinais luminosos.,3
"Ultrapassar pela contramão outro veículo nas curvas, aclives e declives sem visibilidade suficiente.","Ultrapassar pela contramão outro veículo nas curvas, aclives e declives sem visibilidade suficiente.",1
"Ultrapassar pela contramão outro veículo nas curvas, sem visibilidade suficiente.","Ultrapassar pela contramão outro veículo nas curvas, aclives e declives sem visibilidade suficiente.",8
Ultrapassar pela contramão outro veículo nas faixas de pedestre.,Ultrapassar pela contramão outro veículo nas faixas de pedestre.,16
"Ultrapassar pela contramão outro veículo nas pontes, viadutos ou túneis.","Ultrapassar pela contramão outro veículo nas pontes, viadutos ou túneis.",2
Ultrapassar pela contramão outro veículo nas pontes.,Ultrapassar pela contramão outro veículo nas pontes.,25
"Ultrapassar pela contramão outro veículo nos aclives e declives, sem visibilidade suficiente.","Ultrapassar pela contramão outro veículo nas curvas, aclives e declives sem visibilidade suficiente.",6
Ultrapassar pela contramão outro veículo nos túneis.,Ultrapassar pela contramão outro veículo nos viadutos.,65
Ultrapassar pela contramão outro veículo nos viadutos.,Ultrapassar pela contramão outro veículo nos viadutos.,1
Ultrapassar pela contramão outro veículo onde houver marcação viária longitudinal de divisão de flux,Ultrapassar pela contramão outro veículo onde houver marcação viária longitudinal de divisão de fluxos opostos do tipo linha dupla contínua ou simples contínua amarela.,335
Ultrapassar pela contramão outro veículo onde houver marcação viária longitudinal de divisão de fluxos opostos do tipo linha dupla contínua ou simples contínua amarela.,Ultrapassar pela contramão outro veículo onde houver marcação viária longitudinal de divisão de fluxos opostos do tipo linha dupla contínua ou simples contínua amarela.,118
Ultrapassar pela contramão outro veículo parado em fila junto a cruzamentos.,Ultrapassar pela contramão outro veículo parado em fila junto a cruzamentos.,187
"Ultrapassar pela contramão outro veículo parado em fila junto a porteiras, cancelas.",Ultrapassar pela contramão outro veículo parado em fila junto a porteiras ou cancelas.,4
Ultrapassar pela contramão outro veículo parado em fila junto a qualquer outro impedimento à livre c,Ultrapassar pela contramão outro veículo parado em fila junto a qualquer outro impedimento à livre circulação.,9
Ultrapassar pela contramão outro veículo parado em fila junto a qualquer outro impedimento à livre circulação.,Ultrapassar pela contramão outro veículo parado em fila junto a qualquer outro impedimento à livre circulação.,52
"Ultrapassar pela contramão outro veículo parado em fila junto a sinais luminosos, porteiras, cancelas, cruzamentos ou qualquer outro impedimento à livre circulação.","Ultrapassar pela contramão outro veículo parado em fila junto a sinais luminosos, porteiras, cancelas, cruzamentos ou qualquer outro impedimento à livre circulação.",17
Ultrapassar pela contramão outro veículo parado em fila junto a sinais luminosos.,Ultrapassar pela contramão outro veículo parado em fila junto a sinais luminosos.,321
"Ultrapassar pela direita veculo de transporte coletivo ou de escolares, parado para embarque ou des","Ultrapassar pela direita veículo de transporte coletivo ou de escolares, parado para embarque ou desembarque de passageiros, salvo quando houver refúgio de segurança para o pedestre.",2
"Ultrapassar pela direita veculo de transporte coletivo ou de escolares, parado para embarque ou desembarque de passageiros.","Ultrapassar pela direita veículo de transporte coletivo ou de escolares, parado para embarque ou desembarque de passageiros.",2
"Ultrapassar pela direita veículo de transporte coletivo ou de escolares, parado para embarque ou des","Ultrapassar pela direita veículo de transporte coletivo ou de escolares, parado para embarque ou desembarque de passageiros.",3
"Ultrapassar pela direita veículo de transporte coletivo ou de escolares, parado para embarque ou desembarque de passageiros.","Ultrapassar pela direita veículo de transporte coletivo ou de escolares, parado para embarque ou desembarque de passageiros.",5
"Ultrapassar pela direita, salvo quando o veculo da frente estiver colocado na faixa apropriada e de","Ultrapassar pela direita, salvo quando o veículo da frente estiver colocado na faixa apropriada e der sinal de que vai entrar à esquerda.",53
"Ultrapassar pela direita, salvo quando o veculo da frente estiver colocado na faixa apropriada e der sinal para entrar  esquerda.","Ultrapassar pela direita, salvo quando o veículo da frente estiver colocado na faixa apropriada e der sinal de que vai entrar à esquerda.",7
"Ultrapassar pela direita, salvo quando o veículo da frente estiver colocado na faixa apropriada e de","Ultrapassar pela direita, salvo quando o veículo da frente estiver colocado na faixa apropriada e der sinal de que vai entrar à esquerda.",58
"Ultrapassar pela direita, salvo quando o veículo da frente estiver colocado na faixa apropriada e der sinal para entrar à esquerda.","Ultrapassar pela direita, salvo quando o veículo da frente estiver colocado na faixa apropriada e der sinal de que vai entrar à esquerda.",31
"Ultrapassar veculo em movimento que integre cortejo, prstito, desfile e formaes militares.","Ultrapassar veículo em movimento que integre cortejo, préstito, desfile e formações militares.",1
"Ultrapassar veculos motorizados em fila, parados em razo de bloqueio virio parcial.","Ultrapassar veículos motorizados em fila, parados em razão de bloqueio viário parcial.",3
"Ultrapassar veculos motorizados em fila, parados em razo de cancela.","Ultrapassar veículos motorizados em fila, parados em razão de cancela.",1
"Ultrapassar veculos motorizados em fila, parados em razo de qualquer outro obstculo.","Ultrapassar veículos motorizados em fila, parados em razão de qualquer obstáculo.",19
"Ultrapassar veculos motorizados em fila, parados em razo de sinal luminoso, cancela, bloqueio virio parcial ou qualquer outro obstculo, com exceo dos veculos no motorizados.","Ultrapassar veículos motorizados em fila, parados em razão de sinal luminoso, cancela, bloqueio viário parcial ou qualquer outro obstáculo, com exceção dos veículos não motorizados.",4
"Ultrapassar veculos motorizados em fila, parados em razo de sinal luminoso.","Ultrapassar veículos motorizados em fila, parados em razão de sinal luminoso.",44
"Ultrapassar veículo em movimento que integre cortejo, préstito, desfile e formações militares.","Ultrapassar veículo em movimento que integre cortejo, préstito, desfile e formações militares.",43
"Ultrapassar veículos motorizados em fila, parados em razão de bloqueio viário parcial.","Ultrapassar veículos motorizados em fila, parados em razão de bloqueio viário parcial.",27
"Ultrapassar veículos motorizados em fila, parados em razão de cancela.","Ultrapassar veículos motorizados em fila, parados em razão de cancela.",12
"Ultrapassar veículos motorizados em fila, parados em razão de qualquer outro obstáculo.","Ultrapassar veículos motorizados em fila, parados em razão de qualquer outro obstáculo.",26
"Ultrapassar veículos motorizados em fila, parados em razão de sinal luminoso, cancela, bloqueio viário parcial ou qualquer outro obstáculo, com exceção dos veículos não motorizados.","Ultrapassar veículos motorizados em fila, parados em razão de sinal luminoso, cancela, bloqueio viário parcial ou qualquer outro obstáculo, com exceção dos veículos não motorizados.",28
"Ultrapassar veículos motorizados em fila, parados em razão de sinal luminoso.","Ultrapassar veículos motorizados em fila, parados em razão de sinal luminoso.",740
Usar buzina em desacordo com os padres e freqncias estabelecidas pelo CONTRAN.,Usar buzina em desacordo com os padrões e frequências estabelecidas pelo CONTRAN.,17
Usar buzina em desacordo com os padrões e freqüências estabelecidas pelo CONTRAN.,Usar buzina em desacordo com os padrões e frequências estabelecidas pelo CONTRAN.,39
Usar buzina em locais e horrios proibidos pela sinalizao.,Usar buzina em locais e horários proibidos pela sinalização.,8
Usar buzina em locais e horários proibidos pela sinalização.,Usar buzina em locais e horários proibidos pela sinalização.,33
Usar buzina em situao que no a de simples toque breve como advertncia ao pedestre ou a condutore,Usar buzina em situação que não a de simples toque breve como advertência ao pedestre ou a condutores de outros veículos.,884
Usar buzina em situao que no a de simples toque breve como advertncia ao pedestre ou a condutores de outros veculos.,Usar buzina em situação que não a de simples toque breve como advertência ao pedestre ou a condutores de outros veículos.,70
Usar buzina em situação que não a de simples toque breve como advertência ao pedestre ou a condutore,Usar buzina em situação que não a de simples toque breve como advertência ao pedestre ou a condutores de outros veículos.,389
Usar buzina em situação que não a de simples toque breve como advertência ao pedestre ou a condutores de outros veículos.,Usar buzina em situação que não a de simples toque breve como advertência ao pedestre ou a condutores de outros veículos.,485
Usar buzina entre as vinte e duas e as seis horas.,Usar buzina entre as vinte e duas e as seis horas.,12
Usar buzina prolongada e sucessivamente a qualquer pretexto.,Usar buzina prolongada e sucessivamente a qualquer pretexto.,4078
"Usar indevidamente no veículo aparelho de alarme que perturbe o sossego público, em desacordo com normas fixadas pelo CONTRAN.","Usar indevidamente no veículo aparelho de alarme que perturbe o sossego público, em desacordo com normas fixadas pelo CONTRAN.",4
"Usar indevidamente no veículo aparelho que produza sons e ruído que perturbem o sossego público, em desacordo com normas fixadas pelo CONTRAN.","Usar indevidamente no veículo aparelho de alarme ou que produza sons e ruído que perturbem o sossego público, em desacordo com normas fixadas pelo CONTRAN.",10
"Usar no veculo aparelho de alarme ou que produza sons e rudo que perturbem o sossego pblico, em d","Usar indevidamente no veículo aparelho de alarme ou que produza sons e ruído que perturbem o sossego público, em desacordo com normas fixadas pelo CONTRAN.",7
"Usar no veculo aparelho de alarme ou que produza sons e rudo que perturbem o sossego pblico, em desacordo com normas fixadas pelo CONTRAN.","Usar indevidamente no veículo aparelho de alarme ou que produza sons e ruído que perturbem o sossego público, em desacordo com normas fixadas pelo CONTRAN.",3
Usar no veculo equipamento com som em volume ou freqncia que no sejam autorizados pelo CONTRAN.,Usar no veículo equipamento com som em volume ou freqncia que no sejam autorizados pelo CONTRAN.,140
"Usar no veículo aparelho de alarme ou que produza sons e ruído que perturbem o sossego público, em d","Usar indevidamente no veículo aparelho de alarme ou que produza sons e ruído que perturbem o sossego público, em desacordo com normas fixadas pelo CONTRAN.",41
"Usar no veículo aparelho de alarme ou que produza sons e ruído que perturbem o sossego público, em desacordo com normas fixadas pelo CONTRAN.","Usar indevidamente no veículo aparelho de alarme ou que produza sons e ruído que perturbem o sossego público, em desacordo com normas fixadas pelo CONTRAN.",2
Usar no veículo equipamento com som em volume ou freqüência que não sejam autorizados pelo CONTRAN.,Usar no veículo equipamento com som em volume ou frequência que não sejam autorizados pelo CONTRAN.,247
"Usar o veculo para arremessar sobre os pedestres, gua ou detritos.",Usar o veículo para arremessar água ou detritos sobre os pedestres.,53
"Usar o veculo para arremessar sobre os veculos, gua ou detritos.",Usar o veículo para arremessar água ou detritos sobre os veículos.,8
"Usar o veculo para arremessar, sobre os pedestres, gua ou detritos.","Usar veículo para arremessar, sobre os pedestres ou veículos, água ou detritos.",1
"Usar o veculo para arremessar, sobre os veculos, gua ou detritos.",Usar o veículo para arremessar água ou detritos sobre os veículos.,1
"Usar o veículo para arremessar sobre os pedestres, água ou detritos.",Usar o veículo para arremessar água ou detritos sobre os pedestres.,137
"Usar o veículo para arremessar sobre os veículos, água ou detritos.",Usar o veículo para arremessar água ou detritos sobre os veículos.,67
"Usar o veículo para arremessar, sobre os pedestres, água ou detritos.","Usar veículo para arremessar, sobre os pedestres ou veículos, água ou detritos.",51
"Usar o veículo para arremessar, sobre os veículos, água ou detritos.","Usar veículo para arremessar, sobre os pedestres ou veículos, água ou detritos.",19
"Usar qualquer veculo para, deliberadamente, interromper circulao na via sem autorizao do rgo.","Usar veículo para, deliberadamente, interromper a circulação na via sem autorização do órgão ou entidade de trânsito com circunscrição sobre ela.",3
"Usar qualquer veículo para, deliberadamente, interromper circulação na via sem autorização do órgão.","Usar veículo para, deliberadamente, interromper a circulação na via sem autorização do órgão ou entidade de trânsito com circunscrição sobre ela.",8
"Usar veculo para arremessar, sobre os pedestres ou veculos, gua ou detritos.","Usar veículo para arremessar, sobre os pedestres ou veículos, água ou detritos.",3
"Usar veculo para, deliberadamente, perturbar circulao na via sem autorizao do rgo.","Usar veículo para, deliberadamente, perturbar a circulação na via sem autorização do órgão ou entidade de trânsito com circunscrição sobre ela.",1
"Usar veículo para arremessar, sobre os pedestres ou veículos, água ou detritos.","Usar veículo para arremessar, sobre os pedestres ou veículos, água ou detritos.",12
"Usar veículo para, deliberadamente, perturbar circulação na via sem autorização do órgão.","Usar veículo para, deliberadamente, perturbar circulação na via sem autorização do órgão.",3
"Usar veículo para, deliberadamente, restringir circulação na via sem autorização do órgão.","Usar veículo para, deliberadamente, restringir a circulação na via sem autorização do órgão ou entidade de trânsito com circunscrição sobre ela.",2
"Utilizar a via para depsito de mercadorias, materiais ou equipamentos.","Utilizar a via para depósito de mercadorias, materiais ou equipamentos.",1
"Utilizar a via para depósito de mercadorias, materiais ou equipamentos.","Utilizar a via para depósito de mercadorias, materiais ou equipamentos.",4
"Utilizar as luzes do veculo, o pisca-alerta, exceto em imobilizaes ou situaes de emergncia.","Utilizar as luzes do veículo, o pisca-alerta, exceto em imobilizações ou situações de emergência.",50
"Utilizar as luzes do veículo, baixa e alta, de forma intermitente, exceto quando permitido pelo CTB.","Utilizar as luzes do veículo, baixa e alta, de forma intermitente, exceto quando permitido pelo CTB.",13
"Utilizar as luzes do veículo, o pisca-alerta, exceto em imobilizações ou situações de emergência.","Utilizar as luzes do veículo, o pisca-alerta, exceto em imobilizações ou situações de emergência.",314
Utilizar veculo para demonstrar/exibir manobra perigosa mediante arrancada brusca,"Utilizar-se de veículo para demonstrar ou exibir manobra perigosa, mediante arrancada brusca, derrapagem ou frenagem com deslizamento ou arrastamento de pneus",433
Utilizar veculo para demonstrar/exibir manobra perigosa mediante derrapagem/frenagem com deslizamen,"Utilizar-se de veículo para demonstrar ou exibir manobra perigosa, mediante arrancada brusca, derrapagem ou frenagem com deslizamento ou arrastamento de pneus",103
Utilizar veculo para demonstrar/exibir manobra perigosa mediante derrapagem/frenagem com deslizamento/arrastamento de pneus,Utilizar veículo para demonstrar/exibir manobra perigosa mediante derrapagem/frenagem com deslizamento/arrastamento de pneus,31
Utilizar veículo para demonstrar/exibir manobra perigosa mediante arrancada brusca,"Utilizar-se de veículo para demonstrar ou exibir manobra perigosa, mediante arrancada brusca, derrapagem ou frenagem com deslizamento ou arrastamento de pneus",66
Utilizar veículo para demonstrar/exibir manobra perigosa mediante derrapagem/frenagem com deslizamen,"Utilizar-se de veículo para demonstrar ou exibir manobra perigosa, mediante arrancada brusca, derrapagem ou frenagem com deslizamento ou arrastamento de pneus",108
Utilizar veículo para demonstrar/exibir manobra perigosa mediante derrapagem/frenagem com deslizamento/arrastamento de pneus,Utilizar veículo para demonstrar/exibir manobra perigosa mediante derrapagem/frenagem com deslizamento/arrastamento de pneus,400
"Utilizar-se de veculo para demonstrar ou exibir manobra perigosa, mediante arrancada brusca, derrapagem ou frenagem com deslizamento ou arrastamento de pneus.","Utilizar-se de veículo para demonstrar ou exibir manobra perigosa, mediante arrancada brusca, derrapagem ou frenagem com deslizamento ou arrastamento de pneus.",7
"Utilizar-se de veculo para, em via pblica, demonstrar ou exibir derrapagem ou frenagem com deslizamento ou arrastamento de pneus.","Utilizar-se de veculo para, em via pblica, demonstrar ou exibir derrapagem ou frenagem com deslizamento ou arrastamento de pneus.",9
"Utilizar-se de veculo para, em via pblica, demonstrar ou exibir manobra perigosa, arrancada brusca, derrapagem ou frenagem, deslizamento ou arrastamento de pneus.","Utilizar-se de veículo para, em via pública, demonstrar ou exibir manobra perigosa, arrancada brusca, derrapagem ou frenagem, deslizamento ou arrastamento de pneus.",61
"Utilizar-se de veculo para, em via pblica, demonstrar ou exibir, arrancada brusca.","Utilizar-se de veículo para, em via pública, demonstrar ou exibir, arrancada brusca.",32
"Utilizar-se de veículo para demonstrar ou exibir manobra perigosa, mediante arrancada brusca, derrapagem ou frenagem com deslizamento ou arrastamento de pneus.","Utilizar-se de veículo para demonstrar ou exibir manobra perigosa, mediante arrancada brusca, derrapagem ou frenagem com deslizamento ou arrastamento de pneus.",210
"Utilizar-se de veículo para, em via pública, demonstrar ou exibir derrapagem ou frenagem com deslizamento ou arrastamento de pneus.","Utilizar-se de veículo para, em via pública, demonstrar ou exibir manobra perigosa, arrancada brusca, derrapagem ou frenagem, deslizamento ou arrastamento de pneus.",124
"Utilizar-se de veículo para, em via pública, demonstrar ou exibir manobra perigosa, arrancada brusca, derrapagem ou frenagem, deslizamento ou arrastamento de pneus.","Utilizar-se de veículo para, em via pública, demonstrar ou exibir manobra perigosa, arrancada brusca, derrapagem ou frenagem, deslizamento ou arrastamento de pneus.",145
"Utilizar-se de veículo para, em via pública, demonstrar ou exibir, arrancada brusca.","Utilizar-se de veículo para, em via pública, demonstrar ou exibir, arrancada brusca.",517
"proibido ao pedestre atravessar a via dentro das reas de cruzamento, exceto onde permitido pela s","É proibido ao pedestre atravessar a via dentro das áreas de cruzamento, exceto onde permitido pela sinalização.",1
"proibido ao pedestre cruzar pistas de rolamento nos viadutos, exceto onde permitido.","É proibido ao pedestre cruzar pistas de rolamento nos viadutos, exceto onde permitido.",1
proibido ao pedestre desobedecer  sinalizao de trnsito especfica.,proibido ao pedestre desobedecer  sinalizao de trnsito especfica.,1
É proibido ao pedestre andar fora da faixa própria.,É proibido ao pedestre andar fora da faixa própria.,1
"É proibido ao pedestre atravessar a via dentro das áreas de cruzamento, exceto onde permitido pela s","É proibido ao pedestre atravessar a via dentro das áreas de cruzamento, exceto onde permitido pela sinalização.",1
"É proibido ao pedestre cruzar pistas de rolamento nas pontes, exceto onde permitido.","É proibido ao pedestre cruzar pistas de rolamento nos viadutos, exceto onde permitido.",1
"É proibido ao pedestre cruzar pistas de rolamento nos viadutos, exceto onde permitido.","É proibido ao pedestre cruzar pistas de rolamento nos viadutos, exceto onde permitido.",2
"É proibido ao pedestre cruzar pistas de rolamento nos viadutos, pontes ou túneis, salvo onde exista permissão.","É proibido ao pedestre cruzar pistas de rolamento nos viadutos, pontes ou túneis, salvo onde exista permissão.",1
É proibido ao pedestre desobedecer à sinalização de trânsito específica.,É proibido ao pedestre desobedecer à sinalização de trânsito específica.,17
"É proibido ao pedestre permanecer ou andar nas pistas de rolamento, exceto para cruzá-las onde for p","É proibido ao pedestre permanecer ou andar nas pistas de rolamento, exceto para cruzá-las onde for permitido.",1
"É proibido ao pedestre permanecer ou andar nas pistas de rolamento, exceto para cruzá-las onde for permitido.","É proibido ao pedestre permanecer ou andar nas pistas de rolamento, exceto para cruzá-las onde for permitido.",4
