violation_code,law_code,description,description_corrected
5010,"Art. 162, Inc. I","Dirigir veculo sem possuir Carteira Nacional de Habilitao, Permisso para Dirigir ou Autorizao","Dirigir sem possuir Carteira Nacional de Habilitação, Permissão para Dirigir ou Autorização para Conduzir Ciclomotor."
5010,"Art. 162, Inc. I","Dirigir veículo sem possuir Carteira Nacional de Habilitação, Permissão para Dirigir ou Autorização","Dirigir sem possuir Carteira Nacional de Habilitação, Permissão para Dirigir ou Autorização para Conduzir Ciclomotor."
5029,"Art. 162, Inc. II","Dirigir veculo com Carteira Nacional de Habilitao, Permisso para Dirigir ou Autorizao para Con","Dirigir com Carteira Nacional de Habilitação, Permissão para Dirigir ou Autorização para Conduzir Ciclomotor cassada ou com suspensão do direito de dirigir."
5029,"Art. 162, Inc. II","Dirigir veículo com Carteira Nacional de Habilitação, Permissão para Dirigir ou Autorização para Con","Dirigir com Carteira Nacional de Habilitação, Permissão para Dirigir ou Autorização para Conduzir Ciclomotor cassada ou com suspensão do direito de dirigir."
5037,"Art. 162, Inc. III",Dirigir veculo com Carteira Nacional de Habilitao de categoria diferente da do veculo.,Dirigir com Carteira Nacional de Habilitação de categoria diferente da do veículo.
5037,"Art. 162, Inc. III",Dirigir veculo com Permisso para Dirigir de categoria diferente da do veculo.,Dirigir com Permissão para Dirigir de categoria diferente da do veículo.
5037,"Art. 162, Inc. III",Dirigir veículo com Carteira Nacional de Habilitação de categoria diferente da do veículo.,Dirigir com Carteira Nacional de Habilitação de categoria diferente da do veículo.
5037,"Art. 162, Inc. III",Dirigir veículo com Permissão para Dirigir de categoria diferente da do veículo.,Dirigir com Permissão para Dirigir de categoria diferente da do veículo.
5045,"Art. 162, Inc. V",Dirigir veculo com validade da CNH/PPD vencida h mais de trinta dias.,Dirigir com Carteira Nacional de Habilitação ou Permissão para Dirigir vencida há mais de 30 (trinta) dias.
5045,"Art. 162, Inc. V",Dirigir veículo com validade da CNH/PPD vencida há mais de trinta dias.,Dirigir com Carteira Nacional de Habilitação ou Permissão para Dirigir vencida há mais de 30 (trinta) dias.
5053,"Art. 162, Inc. VI",Dirigir veculo sem usar lentes corretoras de viso.,Dirigir sem usar lentes corretoras de visão.
5053,"Art. 162, Inc. VI",Dirigir veículo sem usar lentes corretoras de visão.,Dirigir sem usar lentes corretoras de visão.
5061,"Art. 163, c/c Art. 162, Inc. I","Entregar veculo a pessoa sem possuir Carteira Nacional de Habilitao, Permisso para Dirigir ou Au","Entregar a direção do veículo a pessoa sem possuir Carteira Nacional de Habilitação, Permissão para Dirigir ou Autorização para Conduzir Ciclomotor."
5061,"Art. 163, c/c Art. 162, Inc. I","Entregar veículo a pessoa sem possuir Carteira Nacional de Habilitação, Permissão para Dirigir ou Au","Entregar a direção do veículo a pessoa sem possuir Carteira Nacional de Habilitação, Permissão para Dirigir ou Autorização para Conduzir Ciclomotor."
5070,"Art. 163, c/c Art. 162, Inc. II","Entregar veculo a pessoa com Carteira Nacional de Habilitao, Permisso para Dirigir ou Autoriza","Entregar a direção do veículo a pessoa com Carteira Nacional de Habilitação, Permissão para Dirigir ou Autorização para Conduzir Ciclomotor cassada ou com suspensão do direito de dirigir."
5070,"Art. 163, c/c Art. 162, Inc. II","Entregar veículo a pessoa com Carteira Nacional de Habilitação, Permissão para Dirigir ou Autorizaçã","Entregar a direção do veículo a pessoa com Carteira Nacional de Habilitação, Permissão para Dirigir ou Autorização para Conduzir Ciclomotor cassada ou com suspensão do direito de dirigir."
5088,"Art. 163, c/c Art. 162, Inc. III",Entregar veculo a pessoa com Carteira Nacional de Habilitao de categoria diferente da do veculo,Entregar a direção do veículo a pessoa com Carteira Nacional de Habilitação de categoria diferente da do veículo.
5088,"Art. 163, c/c Art. 162, Inc. III",Entregar veículo a pessoa com Carteira Nacional de Habilitação de categoria diferente da do veículo,Entregar a direção do veículo a pessoa com Carteira Nacional de Habilitação de categoria diferente da do veículo.
5096,"Art. 163, c/c Art. 162, Inc. V",Entregar veculo a pessoa com CNH/PPD vencida h mais de trinta dias.,Entregar a direção do veículo a pessoa com Carteira Nacional de Habilitação ou Permissão para Dirigir vencida há mais de 30 (trinta) dias.
5096,"Art. 163, c/c Art. 162, Inc. V",Entregar veículo a pessoa com CNH/PPD vencida há mais de trinta dias.,Entregar a direção do veículo a pessoa com Carteira Nacional de Habilitação ou Permissão para Dirigir vencida há mais de 30 (trinta) dias.
5118,"Art. 164, c/c Art. 162, Inc. I","Permitir posse/condução do veículo a pessoa sem Carteira Nacional de Habilitação, Permissão para Dir","Permitir que pessoa sem possuir Carteira Nacional de Habilitação, Permissão para Dirigir ou Autorização para Conduzir Ciclomotor tome posse do veículo e passe a conduzi-lo na via."
5118,"Art. 164, c/c Art. 162, Inc. I","Permitir posse/conduo do veculo a pessoa sem Carteira Nacional de Habilitao, Permisso para Dir","Permitir que pessoa sem possuir Carteira Nacional de Habilitação, Permissão para Dirigir ou Autorização para Conduzir Ciclomotor tome posse do veículo e passe a conduzi-lo na via."
5126,"Art. 164, c/c Art. 162, Inc. II","Permitir posse/condução do veículo a pessoa com Carteira Nacional de Habilitação, Permissão para Dir","Permitir que pessoa com Carteira Nacional de Habilitação, Permissão para Dirigir ou Autorização para Conduzir Ciclomotor cassada ou com suspensão do direito de dirigir tome posse do veículo e passe a conduzi-lo na via."
5126,"Art. 164, c/c Art. 162, Inc. II","Permitir posse/conduo do veculo a pessoa com Carteira Nacional de Habilitao, Permisso para Dir","Permitir que pessoa com Carteira Nacional de Habilitação, Permissão para Dirigir ou Autorização para Conduzir Ciclomotor cassada ou com suspensão do direito de dirigir tome posse do veículo e passe a conduzi-lo na via."
5134,"Art. 164, c/c Art. 162, Inc. III",Permitir posse/condução do veículo a pessoa com CNH de categoria diferente da do veículo.,Permitir que pessoa com Carteira Nacional de Habilitação de categoria diferente da do veículo tome posse do veículo e passe a conduzi-lo na via.
5134,"Art. 164, c/c Art. 162, Inc. III",Permitir posse/conduo do veculo a pessoa com CNH de categoria diferente da do veculo.,Permitir que pessoa com Carteira Nacional de Habilitação de categoria diferente da do veículo tome posse do veículo e passe a conduzi-lo na via.
5142,"Art. 164, c/c Art. 162, Inc. V",Permitir posse/condução do veículo a pessoa com CNH/PPD vencida há mais de 30 dias.,Permitir que pessoa com Carteira Nacional de Habilitação ou Permissão para Dirigir vencida há mais de 30 (trinta) dias tome posse do veículo e passe a conduzi-lo na via.
5142,"Art. 164, c/c Art. 162, Inc. V",Permitir posse/conduo do veculo a pessoa com CNH/PPD vencida h mais de 30 dias.,Permitir que pessoa com Carteira Nacional de Habilitação ou Permissão para Dirigir vencida há mais de 30 (trinta) dias tome posse do veículo e passe a conduzi-lo na via.
5150,"Art. 164, c/c Art. 162, Inc. VI",Permitir posse/condução do veículo a pessoa sem usar lentes corretoras de visão.,Permitir que pessoa sem usar lentes corretoras de visão tome posse do veículo e passe a conduzi-lo na via.
5150,"Art. 164, c/c Art. 162, Inc. VI",Permitir posse/conduo do veculo a pessoa sem usar lentes corretoras de viso.,Permitir que pessoa sem usar lentes corretoras de visão tome posse do veículo e passe a conduzi-lo na via.
5169,Art. 165,Dirigir sob a influência de álcool.,Dirigir sob a influência de álcool.
5169,Art. 165,Dirigir sob a influência de qualquer substância psicoativa que determine dependência,Dirigir sob a influência de qualquer substância psicoativa que determine dependência.
5169,Art. 165,Dirigir sob a influncia de lcool.,Dirigir sob a influência de álcool.
5169,Art. 165,Dirigir sob a influncia de qualquer substncia psicoativa que determine dependncia,Dirigir sob a influência de qualquer substância psicoativa que determine dependência.
5177,Art. 166,"Confiar ou entregar a direção de veículo a pessoa que, mesmo habilitada, por seu estado físico ou ps","Confiar ou entregar a direção de veículo a pessoa que, mesmo habilitada, por seu estado físico ou psíquico, não estiver em condições de dirigi-lo com segurança."
5185,Art. 167,"Deixar o condutor de usar o cinto de segurana, conforme o Art. 65, do CTB.","Deixar o condutor de usar o cinto de segurança, conforme o Art. 65, do CTB."
5185,Art. 167,"Deixar o condutor de usar o cinto de segurança, conforme o Art. 65, do CTB.","Deixar o condutor de usar o cinto de segurança, conforme o Art. 65, do CTB."
5185,Art. 167,"Deixar o passageiro de usar o cinto de segurana, conforme o Art. 65, do CTB.","Deixar o passageiro de usar o cinto de segurança, conforme o Art. 65, do CTB."
5185,Art. 167,"Deixar o passageiro de usar o cinto de segurança, conforme o Art. 65, do CTB.","Deixar o passageiro de usar o cinto de segurança, conforme o Art. 65, do CTB."
5193,Art.168,Transportar crianas sem observncia das normas de segurana especiais estabelecidas no CTB.,Transportar crianças em veículo automotor sem observância das normas de segurança especiais estabelecidas no Código de Trânsito Brasileiro.
5193,Art.168,Transportar crianças sem observância das normas de segurança especiais estabelecidas no CTB.,Transportar crianças em veículo automotor sem observância das normas de segurança especiais estabelecidas no Código de Trânsito Brasileiro.
5207,Art. 169,Dirigir sem atenção ou sem os cuidados indispensáveis à Segurança.,Dirigir sem atenção ou sem os cuidados indispensáveis à segurança.
5207,Art. 169,Dirigir sem ateno ou sem os cuidados indispensveis Segurana.,Dirigir sem atenção ou sem os cuidados indispensáveis à segurança.
5215,Art. 170,Dirigir ameaando os demais veculos.,Dirigir ameaçando os demais veículos.
5215,Art. 170,Dirigir ameaando os pedestres que estejam atravessando a via pblica.,Dirigir ameaçando os pedestres que estejam atravessando a via pública.
5215,Art. 170,Dirigir ameaçando os demais veículos.,Dirigir ameaçando os demais veículos.
5215,Art. 170,Dirigir ameaçando os pedestres que estejam atravessando a via pública.,Dirigir ameaçando os pedestres que estejam atravessando a via pública.
5223,Art. 171,"Usar o veculo para arremessar sobre os pedestres, gua ou detritos.",Usar o veículo para arremessar água ou detritos sobre os pedestres.
5223,Art. 171,"Usar o veculo para arremessar sobre os veculos, gua ou detritos.",Usar o veículo para arremessar água ou detritos sobre os veículos.
5223,Art. 171,"Usar o veículo para arremessar sobre os pedestres, água ou detritos.",Usar o veículo para arremessar água ou detritos sobre os pedestres.
5223,Art. 171,"Usar o veículo para arremessar sobre os veículos, água ou detritos.",Usar o veículo para arremessar água ou detritos sobre os veículos.
5231,Art. 172,Abandonar na via objetos ou substâncias.,Abandonar na via objetos ou substâncias.
5231,Art. 172,Abandonar na via objetos ou substncias.,Abandonar na via objetos ou substâncias.
5231,Art. 172,Atirar do veculo objetos ou substncias.,Atirar do veículo objetos ou substâncias.
5231,Art. 172,Atirar do veículo objetos ou substâncias.,Atirar do veículo objetos ou substâncias.
5240,Art. 173,Disputar corrida.,Disputar corrida.
5258,Art. 174,"Promover, na via, exibição e demonstração de perícia em manobra de veículo sem permissão da autorida","Promover, na via, exibição e demonstração de perícia em manobra de veículo sem permissão da autoridade de trânsito com circunscrição sobre a via."
5258,Art. 174,"Promover, na via, exibio e demonstrao de percia em manobra de veculo sem permisso da autorida","Promover, na via, exibição e demonstração de perícia em manobra de veículo sem permissão da autoridade de trânsito com circunscrição sobre a via."
5266,Art. 174,"Participar na via, como condutor, de competio sem permisso da autoridade de trnsito com circunsc","Participar, na via, como condutor, de exibição e demonstração de perícia em manobra de veículo sem permissão da autoridade de trânsito com circunscrição sobre a via."
5266,Art. 174,"Participar na via, como condutor, de exibição e demonstração de perícia em manobra de veículo, sem p","Participar, na via, como condutor, de exibição e demonstração de perícia em manobra de veículo sem permissão da autoridade de trânsito com circunscrição sobre a via."
5266,Art. 174,"Participar na via, como condutor, de exibio e demonstrao de percia em manobra de veculo, sem p","Participar, na via, como condutor, de exibição e demonstração de perícia em manobra de veículo sem permissão da autoridade de trânsito com circunscrição sobre a via."
5274,Art. 175,Utilizar veculo para demonstrar/exibir manobra perigosa mediante arrancada brusca,"Utilizar-se de veículo para demonstrar ou exibir manobra perigosa, mediante arrancada brusca, derrapagem ou frenagem com deslizamento ou arrastamento de pneus"
5274,Art. 175,Utilizar veculo para demonstrar/exibir manobra perigosa mediante derrapagem/frenagem com deslizamen,"Utilizar-se de veículo para demonstrar ou exibir manobra perigosa, mediante arrancada brusca, derrapagem ou frenagem com deslizamento ou arrastamento de pneus"
5274,Art. 175,Utilizar veículo para demonstrar/exibir manobra perigosa mediante arrancada brusca,"Utilizar-se de veículo para demonstrar ou exibir manobra perigosa, mediante arrancada brusca, derrapagem ou frenagem com deslizamento ou arrastamento de pneus"
5274,Art. 175,Utilizar veículo para demonstrar/exibir manobra perigosa mediante derrapagem/frenagem com deslizamen,"Utilizar-se de veículo para demonstrar ou exibir manobra perigosa, mediante arrancada brusca, derrapagem ou frenagem com deslizamento ou arrastamento de pneus"
5282,"Art. 176, Inc. I","Deixar o condutor envolvido em acidente com vítima de prestar ou providenciar socorro à vítima, pode","Deixar o condutor envolvido em sinistro com vítima de prestar ou providenciar socorro à vítima, podendo fazê-lo."
5282,"Art. 176, Inc. I","Deixar o condutor envolvido em acidente com vtima de prestar ou providenciar socorro vtima, pode","Deixar o condutor envolvido em sinistro com vítima de prestar ou providenciar socorro à vítima, podendo fazê-lo."
5290,"Art. 176, Inc. II","Deixar o condutor envolvido em acidente com vítima de adotar providências, podendo fazê-lo, no senti","Deixar o condutor envolvido em sinistro com vítima de adotar providências, podendo fazê-lo, no sentido de evitar perigo para o trânsito no local."
5290,"Art. 176, Inc. II","Deixar o condutor envolvido em acidente com vtima de adotar providncias, podendo faz-lo, no senti","Deixar o condutor envolvido em sinistro com vítima de adotar providências, podendo fazê-lo, no sentido de evitar perigo para o trânsito no local."
5304,"Art. 176, Inc. III","Deixar o condutor envolvido em acidente com vítima de preservar o local, de forma a facilitar os tra","Deixar o condutor envolvido em sinistro com vítima de preservar o local, de forma a facilitar os trabalhos da polícia e da perícia."
5304,"Art. 176, Inc. III","Deixar o condutor envolvido em acidente com vtima de preservar o local, de forma a facilitar os tra","Deixar o condutor envolvido em sinistro com vítima de preservar o local, de forma a facilitar os trabalhos da polícia e da perícia."
5312,"Art. 176, Inc. IV",Deixar o condutor envolvido em acidente com vtima de adotar providncias para remover o veculo do,"Deixar o condutor envolvido em sinistro com vítima de adotar providências para remover o veículo do local, quando determinadas por policial ou agente da autoridade de trânsito."
5320,"Art. 176, Inc. V",Deixar o condutor envolvido em acidente com vtima de identificar-se ao policial e de lhe prestar in,Deixar o condutor envolvido em sinistro com vítima de identificar-se ao policial e de lhe prestar informações necessárias à confecção do boletim de ocorrência.
5347,Art. 178,"Deixar o condutor, envolvido em acidente sem vítima, de adotar providências para remover o veículo d","Deixar o condutor envolvido em sinistro sem vítima de adotar providências para remover o veículo do local, quando necessária tal medida para assegurar a segurança e a fluidez do trânsito."
5347,Art. 178,"Deixar o condutor, envolvido em acidente sem vtima, de adotar providncias para remover o veculo d","Deixar o condutor envolvido em sinistro sem vítima de adotar providências para remover o veículo do local, quando necessária tal medida para assegurar a segurança e a fluidez do trânsito."
5363,"Art. 179, Inc. II","Fazer ou deixar que se faa reparo em veculo na via pblica, salvo nos casos de impedimento absolut","Fazer ou deixar que se faça reparo em veículo na via pública, salvo nos casos de impedimento absoluto de sua remoção e em que o veículo esteja devidamente sinalizado."
5371,Art. 180,Ter seu veculo imobilizado na via por falta de combustvel.,Ter seu veículo imobilizado na via por falta de combustível.
5371,Art. 180,Ter seu veículo imobilizado na via por falta de combustível.,Ter seu veículo imobilizado na via por falta de combustível.
5380,"Art. 181, Inc. I",Estacionar o veculo nas esquinas e a menos de cinco metros do bordo do alinhamento da via transvers,Estacionar o veículo nas esquinas e a menos de cinco metros do bordo do alinhamento da via transversal.
5380,"Art. 181, Inc. I",Estacionar o veículo nas esquinas e a menos de cinco metros do bordo do alinhamento da via transvers,Estacionar o veículo nas esquinas e a menos de cinco metros do bordo do alinhamento da via transversal.
5398,"Art. 181, Inc. II",Estacionar o veculo afastado da guia da calada (meio-fio) de cinqenta centmetros a um metro.,Estacionar o veículo afastado da guia da calçada (meio-fio) de cinquenta centímetros a um metro.
5398,"Art. 181, Inc. II",Estacionar o veículo afastado da guia da calçada (meio-fio) de cinqüenta centímetros a um metro.,Estacionar o veículo afastado da guia da calçada (meio-fio) de cinquenta centímetros a um metro.
5401,"Art. 181, Inc. III",Estacionar o veculo afastado da guia da calada (meio-fio) a mais de um metro.,Estacionar o veículo afastado da guia da calçada (meio-fio) a mais de um metro.
5401,"Art. 181, Inc. III",Estacionar o veículo afastado da guia da calçada (meio-fio) a mais de um metro.,Estacionar o veículo afastado da guia da calçada (meio-fio) a mais de um metro.
5410,"Art. 181, Inc. IV",Estacionar o veculo em desacordo com as posies estabelecidas no Cdigo de Trnsito Brasileiro.,Estacionar o veículo em desacordo com as posições estabelecidas no Código de Trânsito Brasileiro.
5410,"Art. 181, Inc. IV",Estacionar o veículo em desacordo com as posições estabelecidas no Código de Trânsito Brasileiro.,Estacionar o veículo em desacordo com as posições estabelecidas no Código de Trânsito Brasileiro.
5428,"Art. 181, Inc. V",Estacionar o veculo na pista de rolamento das estradas.,Estacionar o veículo na pista de rolamento das estradas.
5428,"Art. 181, Inc. V",Estacionar o veculo na pista de rolamento das rodovias.,Estacionar o veículo na pista de rolamento das rodovias.
5428,"Art. 181, Inc. V",Estacionar o veculo na pista de rolamento das vias de trnsito rpido.,Estacionar o veículo na pista de rolamento das vias de trânsito rápido.
5428,"Art. 181, Inc. V",Estacionar o veculo na pista de rolamento das vias dotadas de acostamento.,Estacionar o veículo na pista de rolamento das vias dotadas de acostamento.
5428,"Art. 181, Inc. V",Estacionar o veículo na pista de rolamento das estradas.,Estacionar o veículo na pista de rolamento das estradas.
5428,"Art. 181, Inc. V",Estacionar o veículo na pista de rolamento das vias de trânsito rápido.,Estacionar o veículo na pista de rolamento das vias de trânsito rápido.
5428,"Art. 181, Inc. V",Estacionar o veículo na pista de rolamento das vias dotadas de acostamento.,Estacionar o veículo na pista de rolamento das vias dotadas de acostamento.
5436,"Art. 181, Inc. VI","Estacionar veculo junto ou sobre hidrantes de incndio, registro de gua ou tampas de poos de visi","Estacionar veículo junto ou sobre hidrantes de incêndio, registro de água ou tampas de poços de visita de galerias subterrâneas, desde que devidamente identificados."
5436,"Art. 181, Inc. VI","Estacionar veículo junto ou sobre hidrantes de incêndio, registro de água ou tampas de poços de visi","Estacionar veículo junto ou sobre hidrantes de incêndio, registro de água ou tampas de poços de visita de galerias subterrâneas, desde que devidamente identificados."
5444,"Art. 181, Inc. VII","Estacionar o veculo nos acostamentos, salvo motivo de fora maior.","Estacionar o veículo nos acostamentos, salvo motivo de força maior."
5444,"Art. 181, Inc. VII","Estacionar o veículo nos acostamentos, salvo motivo de força maior.","Estacionar o veículo nos acostamentos, salvo motivo de força maior."
5452,"Art. 181, Inc. VIII",Estacionar o veculo ao lado ou sobre canteiros centrais divisores de pista de rolamento.,Estacionar o veículo ao lado ou sobre canteiros centrais divisores de pista de rolamento.
5452,"Art. 181, Inc. VIII",Estacionar o veculo ao lado ou sobre gramados ou jardim pblico.,Estacionar o veículo ao lado ou sobre gramados ou jardim público.
5452,"Art. 181, Inc. VIII",Estacionar o veculo ao lado ou sobre marcas de canalizao.,Estacionar o veículo ao lado ou sobre marcas de canalização.
5452,"Art. 181, Inc. VIII",Estacionar o veculo nas ilhas ou refgios.,Estacionar o veículo nas ilhas ou refúgios.
5452,"Art. 181, Inc. VIII",Estacionar o veculo no passeio.,Estacionar o veículo no passeio.
5452,"Art. 181, Inc. VIII",Estacionar o veculo sobre ciclovia ou ciclofaixa.,Estacionar o veículo sobre ciclovia ou ciclofaixa.
5452,"Art. 181, Inc. VIII",Estacionar o veculo sobre faixa destinada a pedestre.,Estacionar o veículo sobre faixa destinada a pedestre.
5452,"Art. 181, Inc. VIII",Estacionar o veículo ao lado ou sobre canteiros centrais divisores de pista de rolamento.,Estacionar o veículo ao lado ou sobre canteiros centrais divisores de pista de rolamento.
5452,"Art. 181, Inc. VIII",Estacionar o veículo ao lado ou sobre gramados ou jardim público.,Estacionar o veículo ao lado ou sobre gramados ou jardim público.
5452,"Art. 181, Inc. VIII",Estacionar o veículo ao lado ou sobre marcas de canalização.,Estacionar o veículo ao lado ou sobre marcas de canalização.
5452,"Art. 181, Inc. VIII",Estacionar o veículo nas ilhas ou refúgios.,Estacionar o veículo nas ilhas ou refúgios.
5452,"Art. 181, Inc. VIII",Estacionar o veículo no passeio.,Estacionar o veículo no passeio.
5452,"Art. 181, Inc. VIII",Estacionar o veículo sobre ciclovia ou ciclofaixa.,Estacionar o veículo sobre ciclovia ou ciclofaixa.
5452,"Art. 181, Inc. VIII",Estacionar o veículo sobre faixa destinada a pedestre.,Estacionar o veículo sobre faixa destinada a pedestre.
5460,"Art. 181, Inc. IX","Estacionar o veculo onde houver guia de calada (meio-fio) rebaixada, destinada entrada ou sada",Estacionar o veículo onde houver guia de calçada (meio-fio) rebaixada destinada à entrada ou saída de veículos.
5460,"Art. 181, Inc. IX","Estacionar o veículo onde houver guia de calçada (meio-fio) rebaixada, destinada à entrada ou saída",Estacionar o veículo onde houver guia de calçada (meio-fio) rebaixada destinada à entrada ou saída de veículos.
5479,"Art. 181, Inc. X",Estacionar o veculo impedindo a movimentao de outro veculo.,Estacionar o veículo impedindo a movimentação de outro veículo.
5479,"Art. 181, Inc. X",Estacionar o veículo impedindo a movimentação de outro veículo.,Estacionar o veículo impedindo a movimentação de outro veículo.
5487,"Art. 181, Inc. XI",Estacionar o veculo ao lado de outro veculo em fila dupla.,Estacionar o veículo ao lado de outro veículo em fila dupla.
5487,"Art. 181, Inc. XI",Estacionar o veículo ao lado de outro veículo em fila dupla.,Estacionar o veículo ao lado de outro veículo em fila dupla.
5495,"Art. 181, Inc. XII","Estacionar o veculo na rea de cruzamento de vias, prejudicando a circulao de veculos e pedestre","Estacionar o veículo na área de cruzamento de vias, prejudicando a circulação de veículos e pedestres."
5495,"Art. 181, Inc. XII","Estacionar o veículo na área de cruzamento de vias, prejudicando a circulação de veículos e pedestre","Estacionar o veículo na área de cruzamento de vias, prejudicando a circulação de veículos e pedestres."
5509,"Art. 181, Inc. XIII",Estacionar veculo onde houver sinalizao horizontal delimitadora de ponto de embarque e desembarqu,Estacionar veículo onde houver sinalização horizontal delimitadora de ponto de embarque ou desembarque de passageiros de transporte coletivo.
5509,"Art. 181, Inc. XIII",Estacionar veículo onde houver sinalização horizontal delimitadora de ponto de embarque e desembarqu,Estacionar veículo onde houver sinalização horizontal delimitadora de ponto de embarque ou desembarque de passageiros de transporte coletivo.
5517,"Art. 181, Inc. XIV",Estacionar o veculo nas pontes.,Estacionar o veículo nas pontes.
5517,"Art. 181, Inc. XIV",Estacionar o veculo nos tneis.,Estacionar o veículo nos túneis.
5517,"Art. 181, Inc. XIV",Estacionar o veculo nos viadutos.,Estacionar o veículo nos viadutos.
5517,"Art. 181, Inc. XIV",Estacionar o veículo nas pontes.,Estacionar o veículo nas pontes.
5517,"Art. 181, Inc. XIV",Estacionar o veículo nos túneis.,Estacionar o veículo nos túneis.
5517,"Art. 181, Inc. XIV",Estacionar o veículo nos viadutos.,Estacionar o veículo nos viadutos.
5525,"Art. 181, Inc. XV",Estacionar o veculo na contramo de direo.,Estacionar o veículo na contramão de direção.
5525,"Art. 181, Inc. XV",Estacionar o veículo na contramão de direção.,Estacionar o veículo na contramão de direção.
5533,"Art. 181, Inc. XVI","Estacionar o veculo em aclive ou declive, no estando devidamente freado e sem calo de segurana,","Estacionar o veículo em aclive ou declive, não estando devidamente freado e sem calço de segurança, quando se tratar de veículo com peso bruto total superior a 3.500 kg."
5541,"Art. 181, Inc. XVII",Estacionar o veculo em desacordo com as condies regulamentadas especificamente pela sinalizao.,Estacionar o veículo em desacordo com as condições regulamentadas especificamente pela sinalização.
5541,"Art. 181, Inc. XVII",Estacionar o veculo em desacordo com as condies regulamentadas - estacionamento rotativo.,Estacionar o veículo em desacordo com as condições regulamentadas pela sinalização: estacionamento rotativo.
5541,"Art. 181, Inc. XVII",Estacionar o veculo em desacordo com as condies regulamentadas - ponto ou vaga de txi.,Estacionar o veículo em desacordo com as condições regulamentadas pela sinalização: ponto ou vaga de táxi.
5541,"Art. 181, Inc. XVII",Estacionar o veculo em desacordo com as condies regulamentadas - vaga de carga / descarga.,Estacionar o veículo em desacordo com as condições regulamentadas pela sinalização: vaga de carga e descarga.
5541,"Art. 181, Inc. XVII",Estacionar o veículo em desacordo com as condições regulamentadas especificamente pela sinalização.,Estacionar o veículo em desacordo com as condições regulamentadas especificamente pela sinalização.
5541,"Art. 181, Inc. XVII",Estacionar o veículo em desacordo com as condições regulamentadas - estacionamento rotativo.,Estacionar o veículo em desacordo com as condições regulamentadas pela sinalização: estacionamento rotativo.
5541,"Art. 181, Inc. XVII",Estacionar o veículo em desacordo com as condições regulamentadas - ponto ou vaga de táxi.,Estacionar o veículo em desacordo com as condições regulamentadas pela sinalização: ponto ou vaga de táxi.
5541,"Art. 181, Inc. XVII",Estacionar o veículo em desacordo com as condições regulamentadas - vaga de carga / descarga.,Estacionar o veículo em desacordo com as condições regulamentadas pela sinalização: vaga de carga e descarga.
5550,"Art. 181, Inc. XVIII",Estacionar o veculo em locais e horrios proibidos especificamente pela sinalizao (Placa - Proibi,"Estacionar o veículo em locais e horários proibidos especificamente pela sinalização: placa ""Proibido Estacionar""."
5550,"Art. 181, Inc. XVIII",Estacionar o veículo em locais e horários proibidos especificamente pela sinalização (Placa - Proibi,"Estacionar o veículo em locais e horários proibidos especificamente pela sinalização: placa ""Proibido Estacionar""."
5568,"Art. 181, Inc. XIX",Estacionar o veculo em locais e horrios de estacionamento e parada proibidos pela sinalizao (pla,"Estacionar o veículo em locais e horários de estacionamento e parada proibidos pela sinalização: placa ""Proibido Parar e Estacionar""."
5568,"Art. 181, Inc. XIX",Estacionar o veículo em locais e horários de estacionamento e parada proibidos pela sinalização (pla,"Estacionar o veículo em locais e horários de estacionamento e parada proibidos pela sinalização: placa ""Proibido Parar e Estacionar""."
5576,"Art. 182, Inc. I",Parar o veculo nas esquinas e a menos de cinco metros do bordo do alinhamento da via transversal.,Parar o veículo nas esquinas e a menos de cinco metros do bordo do alinhamento da via transversal.
5576,"Art. 182, Inc. I",Parar o veículo nas esquinas e a menos de cinco metros do bordo do alinhamento da via transversal.,Parar o veículo nas esquinas e a menos de cinco metros do bordo do alinhamento da via transversal.
5584,"Art. 182, Inc. II",Parar o veculo afastado da guia da calada (meio-fio) de cinqenta centmetros a um metro.,Parar o veículo afastado da guia da calçada (meio-fio) de cinquenta centímetros a um metro.
5584,"Art. 182, Inc. II",Parar o veículo afastado da guia da calçada (meio-fio) de cinqüenta centímetros a um metro.,Parar o veículo afastado da guia da calçada (meio-fio) de cinquenta centímetros a um metro.
5592,"Art. 182, Inc. III",Parar o veculo afastado da guia da calada (meio-fio) a mais de um metro.,Parar o veículo afastado da guia da calçada (meio-fio) a mais de um metro.
5592,"Art. 182, Inc. III",Parar o veículo afastado da guia da calçada (meio-fio) a mais de um metro.,Parar o veículo afastado da guia da calçada (meio-fio) a mais de um metro.
5606,"Art. 182, Inc. IV",Parar o veculo em desacordo com as posies estabelecidas no Cdigo de Trnsito Brasileiro.,Parar o veículo em desacordo com as posições estabelecidas no Código de Trânsito Brasileiro.
5606,"Art. 182, Inc. IV",Parar o veículo em desacordo com as posições estabelecidas no Código de Trânsito Brasileiro.,Parar o veículo em desacordo com as posições estabelecidas no Código de Trânsito Brasileiro.
5614,"Art. 182, Inc. V",Parar o veculo na pista de rolamento das demais vias dotadas de acostamento.,Parar o veículo na pista de rolamento das demais vias dotadas de acostamento.
5614,"Art. 182, Inc. V",Parar o veculo na pista de rolamento das estradas.,Parar o veículo na pista de rolamento das estradas.
5614,"Art. 182, Inc. V",Parar o veculo na pista de rolamento das rodovias.,Parar o veículo na pista de rolamento das rodovias.
5614,"Art. 182, Inc. V",Parar o veculo na pista de rolamento das vias de trnsito rpido.,Parar o veículo na pista de rolamento das vias de trânsito rápido.
5614,"Art. 182, Inc. V",Parar o veículo na pista de rolamento das demais vias dotadas de acostamento.,Parar o veículo na pista de rolamento das demais vias dotadas de acostamento.
5614,"Art. 182, Inc. V",Parar o veículo na pista de rolamento das estradas.,Parar o veículo na pista de rolamento das estradas.
5614,"Art. 182, Inc. V",Parar o veículo na pista de rolamento das vias de trânsito rápido.,Parar o veículo na pista de rolamento das vias de trânsito rápido.
5622,"Art. 182, Inc. VI",Parar o veculo nas ilhas ou refgios.,Parar o veículo nas ilhas ou refúgios.
5622,"Art. 182, Inc. VI",Parar o veculo nas marcas de canalizao.,Parar o veículo nas marcas de canalização.
5622,"Art. 182, Inc. VI",Parar o veculo no passeio.,Parar o veículo no passeio.
5622,"Art. 182, Inc. VI",Parar o veculo nos canteiros centrais e divisores de pista de rolamento.,Parar o veículo nos canteiros centrais e divisores de pista de rolamento.
5622,"Art. 182, Inc. VI",Parar o veculo sobre faixa destinada a pedestres.,Parar o veículo sobre faixa destinada a pedestres.
5622,"Art. 182, Inc. VI",Parar o veículo nas marcas de canalização.,Parar o veículo nas marcas de canalização.
5622,"Art. 182, Inc. VI",Parar o veículo no passeio.,Parar o veículo no passeio.
5622,"Art. 182, Inc. VI",Parar o veículo nos canteiros centrais e divisores de pista de rolamento.,Parar o veículo nos canteiros centrais e divisores de pista de rolamento.
5622,"Art. 182, Inc. VI",Parar o veículo sobre faixa destinada a pedestres.,Parar o veículo sobre faixa destinada a pedestres.
5630,"Art. 182, Inc. VII","Parar o veculo na rea de cruzamento de vias, prejudicando a circulao de veculos e pedestres.","Parar o veículo na área de cruzamento de vias, prejudicando a circulação de veículos e pedestres."
5630,"Art. 182, Inc. VII","Parar o veículo na área de cruzamento de vias, prejudicando a circulação de veículos e pedestres.","Parar o veículo na área de cruzamento de vias, prejudicando a circulação de veículos e pedestres."
5649,"Art. 182, Inc. VIII",Parar o veculo nas pontes.,Parar o veículo nas pontes.
5649,"Art. 182, Inc. VIII",Parar o veculo nos tneis.,Parar o veículo nos túneis.
5649,"Art. 182, Inc. VIII",Parar o veculo nos viadutos.,Parar o veículo nos viadutos.
5649,"Art. 182, Inc. VIII",Parar o veículo nas pontes.,Parar o veículo nas pontes.
5657,"Art. 182, Inc. IX",Parar o veculo na contramo de direo.,Parar o veículo na contramão de direção.
5657,"Art. 182, Inc. IX",Parar o veículo na contramão de direção.,Parar o veículo na contramão de direção.
5665,"Art. 182, Inc. X",Parar o veculo em local e horrio proibidos especificamente pela sinalizao (placa - Proibido Para,"Parar o veículo em local e horário proibidos especificamente pela sinalização: placa ""Proibido Parar""."
5665,"Art. 182, Inc. X",Parar o veículo em local e horário proibidos especificamente pela sinalização (placa - Proibido Para,"Parar o veículo em local e horário proibidos especificamente pela sinalização: placa ""Proibido Parar""."
5673,Art. 183,Parar o veculo sobre a faixa de pedestre na mudana de sinal luminos (fiscalizao eletrnica).,Parar o veículo sobre a faixa de pedestres na mudança de sinal luminoso.
5673,Art. 183,Parar o veculo sobre a faixa de pedestre na mudana de sinal luminoso.,Parar o veículo sobre a faixa de pedestres na mudança de sinal luminoso.
5673,Art. 183,Parar o veículo sobre a faixa de pedestre na mudança de sinal luminos (fiscalização eletrônica).,Parar o veículo sobre a faixa de pedestres na mudança de sinal luminoso. (fiscalização eletrônica).
5673,Art. 183,Parar o veículo sobre a faixa de pedestre na mudança de sinal luminoso.,Parar o veículo sobre a faixa de pedestres na mudança de sinal luminoso.
5681,"Art. 184, Inc. I","Transitar com o veculo na faixa ou pista da direita, regulamentada como de circulao exclusiva par","Transitar com o veículo na faixa ou pista da direita regulamentada como de circulação exclusiva para determinado tipo de veículo, exceto para acesso a imóveis lindeiros ou conversões à direita."
5681,"Art. 184, Inc. I","Transitar com o veículo na faixa ou pista da direita, regulamentada como de circulação exclusiva par","Transitar com o veículo na faixa ou pista da direita regulamentada como de circulação exclusiva para determinado tipo de veículo, exceto para acesso a imóveis lindeiros ou conversões à direita."
5690,"Art. 184, Inc. II",Transitar com o veculo na faixa ou pista da esquerda regulamentada como de circulao exclusiva par,Transitar com o veículo na faixa ou pista da esquerda regulamentada como de circulação exclusiva para determinado tipo de veículo.
5690,"Art. 184, Inc. II",Transitar com o veículo na faixa ou pista da esquerda regulamentada como de circulação exclusiva par,Transitar com o veículo na faixa ou pista da esquerda regulamentada como de circulação exclusiva para determinado tipo de veículo.
5703,"Art. 185, Inc. I","Deixar de conservar o veculo na faixa a ele destinada pela sinalizao de regulamentao, exceto em","Deixar de conservar o veículo na faixa a ele destinada pela sinalização de regulamentação, exceto em situações de emergência."
5703,"Art. 185, Inc. I","Deixar de conservar o veículo na faixa a ele destinada pela sinalização de regulamentação, exceto em","Deixar de conservar o veículo na faixa a ele destinada pela sinalização de regulamentação, exceto em situações de emergência."
5711,"Art. 185, Inc. II","Deixar de conservar nas faixas da direita, o veculo lento e de maior porte.","Deixar de conservar nas faixas da à direita, o veículo lento e de maior porte."
5711,"Art. 185, Inc. II","Deixar de conservar nas faixas da direita, o veículo lento e de maior porte.","Deixar de conservar nas faixas da à direita, o veículo lento e de maior porte."
5720,"Art. 186, Inc. I",Transitar pela contramão de direção em vias com duplo sentido de circulação.,Transitar pela contramão de direção em vias com duplo sentido de circulação.
5720,"Art. 186, Inc. I",Transitar pela contramo de direo em vias com duplo sentido de circulao.,Transitar pela contramão de direção em vias com duplo sentido de circulação.
5738,"Art. 186, Inc. II",Transitar pela contramão de direção em vias com sinalização de regulamentação de sentido único.,Transitar pela contramão de direção em vias com sinalização de regulamentação de sentido único.
5738,"Art. 186, Inc. II",Transitar pela contramo de direo em vias com sinalizao de regulamentao de sentido nico.,Transitar pela contramão de direção em vias com sinalização de regulamentação de sentido único.
5746,"Art. 187, Inc. I",Transitar em locais e horários não permitidos pela regulamentação - Caminhão.,Transitar em locais e horários não permitidos pela regulamentação - Caminhão.
5746,"Art. 187, Inc. I",Transitar em locais e horários não permitidos pela regulamentação estabelecida pela autoridade.,Transitar em locais e horários não permitidos pela regulamentação estabelecida pela autoridade.
5746,"Art. 187, Inc. I",Transitar em locais e horários não permitidos pela regulamentação - rodízio.,Transitar em locais e horários não permitidos pela regulamentação - rodízio.
5746,"Art. 187, Inc. I",Transitar em locais e horrios no permitidos pela regulamentao - Caminho.,Transitar em locais e horários não permitidos pela regulamentação - Caminhão.
5746,"Art. 187, Inc. I",Transitar em locais e horrios no permitidos pela regulamentao estabelecida pela autoridade.,Transitar em locais e horários no permitidos pela regulamentação estabelecida pela autoridade.
5746,"Art. 187, Inc. I",Transitar em locais e horrios no permitidos pela regulamentao - rodzio.,Transitar em locais e horários não permitidos pela regulamentação - rodízio.
5762,Art. 188,"Transitar ao lado de outro veculo, interrompendo ou perturbando o trnsito.","Transitar ao lado de outro veículo, interrompendo ou perturbando o trânsito."
5762,Art. 188,"Transitar ao lado de outro veículo, interrompendo ou perturbando o trânsito.","Transitar ao lado de outro veículo, interrompendo ou perturbando o trânsito."
5770,Art. 189,Deixar de dar passagem aos veculos de operao e fiscalizao de trnsito devidamente identificados,"Deixar de dar passagem aos veículos de operação e fiscalização de trânsito devidamente identificados, quando em serviço de urgência."
5770,Art. 189,Deixar de dar passagem aos veculos de polcia em servio de urgncia e devidamente identificados.,Deixar de dar passagem aos veículos de polícia em serviço de urgência e devidamente identificados.
5770,Art. 189,Deixar de dar passagem aos veculos de socorro de incndio e salvamento em servio de urgncia e dev,Deixar de dar passagem aos veículos de socorro de incêndio e salvamento em serviço de urgência e devidamente identificados.
5770,Art. 189,Deixar de dar passagem aos veículos de operação e fiscalização de trânsito devidamente identificados,"Deixar de dar passagem aos veículos de operação e fiscalização de trânsito devidamente identificados, quando em serviço de urgência."
5770,Art. 189,Deixar de dar passagem aos veículos de polícia em serviço de urgência e devidamente identificados.,Deixar de dar passagem aos veículos de polícia em serviço de urgência e devidamente identificados.
5770,Art. 189,Deixar de dar passagem aos veículos de socorro de incêndio e salvamento em serviço de urgência e dev,Deixar de dar passagem aos veículos de socorro de incêndio e salvamento em serviço de urgência e devidamente identificados.
5770,Art. 189,Deixar de dar passagem aos veículos precedidos de batedores devidamente identificados.,Deixar de dar passagem aos veículos precedidos de batedores devidamente identificados.
5770,Art. 189,"Deixar de dar passagem as ambulâncias, em serviço de urgência e devidamente identificados.","Deixar de dar passagem as ambulâncias, em serviço de urgência e devidamente identificados."
5770,Art. 189,"Deixar de dar passagem as ambulncias, em servio de urgncia e devidamente identificados.","Deixar de dar passagem as ambulâncias, em serviço de urgência e devidamente identificados."
5789,Art. 190,"Seguir o veiculo em servico de urgência, estando este com prioridade de passagem devidamente identif","Seguir veículo em serviço de urgência, estando este com prioridade de passagem devidamente identificada por dispositivos regulamentares de alarme sonoro e iluminação intermitente."
5789,Art. 190,"Seguir o veiculo em servico de urgncia, estando este com prioridade de passagem devidamente identif","Seguir veículo em serviço de urgência, estando este com prioridade de passagem devidamente identificada por dispositivos regulamentares de alarme sonoro e iluminação intermitente."
5797,Art. 191,"Forar passagem entre veculos que, transitando em sentidos opostos, estejam na iminncia de passar","Forçar passagem entre veículos que, transitando em sentidos opostos, estejam na iminência de passar um pelo outro ao realizar operação de ultrapassagem."
5797,Art. 191,"Forçar passagem entre veículos que, transitando em sentidos opostos, estejam na iminência de passar","Forçar passagem entre veículos que, transitando em sentidos opostos, estejam na iminência de passar um pelo outro ao realizar operação de ultrapassagem."
5800,Art. 192,"Deixar de guardar distância de segurança lateral e frontal entre o seu veículo e os demais, bem como","Deixar de guardar distância de segurança lateral e frontal entre seu veículo e os demais, bem como em relação ao bordo da pista, considerando a velocidade, as condições climáticas do local da circulação e do veículo."
5800,Art. 192,"Deixar de guardar distncia de segurana lateral e frontal entre o seu veculo e os demais, bem como","Deixar de guardar distância de segurança lateral e frontal entre seu veículo e os demais, bem como em relação ao bordo da pista, considerando a velocidade, as condições climáticas do local da circulação e do veículo."
5819,Art. 193,Transitar com veculo em acostamentos.,Transitar com veículo em acostamentos.
5819,Art. 193,"Transitar com veculo em ajardinamentos, gramados e jardins pblicos.","Transitar com veículo em ajardinamentos, gramados e jardins públicos."
5819,Art. 193,"Transitar com veculo em caladas, passeios.","Transitar com veículo em calçadas, passeios."
5819,Art. 193,Transitar com veculo em canteiros centrais divisores de pista de rolamento.,Transitar com veículo em canteiros centrais divisores de pista de rolamento.
5819,Art. 193,"Transitar com veculo em ciclovias, ciclofaixas.",Transitar com veículo em ciclovias ou ciclofaixas.
5819,Art. 193,"Transitar com veculo em ilhas, refgios.",Transitar com veículo em ilhas ou refúgios.
5819,Art. 193,Transitar com veculo em marcas de canalizao.,Transitar com veículo em marcas de canalização.
5819,Art. 193,Transitar com veculo em passarelas.,Transitar com veículo em passarelas.
5819,Art. 193,Transitar com veículo em acostamentos.,Transitar com veículo em acostamentos.
5819,Art. 193,"Transitar com veículo em ajardinamentos, gramados e jardins públicos.","Transitar com veículo em ajardinamentos, gramados e jardins públicos."
5819,Art. 193,"Transitar com veículo em calçadas, passeios.",Transitar com veículo em calçadas e passeios.
5819,Art. 193,Transitar com veículo em canteiros centrais divisores de pista de rolamento.,Transitar com veículo em canteiros centrais divisores de pista de rolamento.
5819,Art. 193,"Transitar com veículo em ciclovias, ciclofaixas.",Transitar com veículo em ciclovias ou ciclofaixas.
5819,Art. 193,"Transitar com veículo em ilhas, refúgios.",Transitar com veículo em ilhas ou refúgios.
5819,Art. 193,Transitar com veículo em marcas de canalização.,Transitar com veículo em marcas de canalização.
5819,Art. 193,Transitar com veículo em passarelas.,Transitar com veículo em passarelas.
5827,Art. 194,"Transitar em marcha à ré, salvo na distância necessária a pequenas manobras e de forma a não causar","Transitar em marcha à ré, salvo na distância necessária a pequenas manobras e de forma a não causar riscos à segurança."
5827,Art. 194,"Transitar em marcha r, salvo na distncia necessria a pequenas manobras e de forma a no causar","Transitar em marcha à ré, salvo na distância necessária a pequenas manobras e de forma a não causar riscos à segurança."
5835,Art. 195,Desobedecer às ordens emanadas da autoridade competente de trânsito ou de seus agentes.,Desobedecer às ordens emanadas da autoridade competentee de trânsito ou de seus agentes.
5835,Art. 195,Desobedecer s ordens emanadas da autoridade competente de trnsito ou de seus agentes.,Desobedecer às ordens emanadas da autoridade competentee de trânsito ou de seus agentes.
5843,Art. 196,"Deixar de indicar com antecedência, mediante gesto regulamentar de braço ou luz indicadora de direçã","Deixar de indicar com antecedência, mediante gesto regulamentar de braço ou luz indicadora de direção, o início da marcha, a realização da manobra de parar o veículo, a mudança de direção ou de faixa de circulação."
5843,Art. 196,"Deixar de indicar com antecedncia, mediante gesto regulamentar de brao ou luz indicadora de dire","Deixar de indicar com antecedência, mediante gesto regulamentar de braço ou luz indicadora de direção, o início da marcha, a realização da manobra de parar o veículo, a mudança de direção ou de faixa de circulação."
5851,Art. 197,"Deixar de deslocar, com antecedência, o veículo para a faixa mais à direita, quando for manobrar.","Deixar de deslocar, com antecedência, o veículo para a faixa mais à à esquerda, quando for manobrar."
5851,Art. 197,"Deixar de deslocar, com antecedência, o veículo para a faixa mais à esquerda, quando for manobrar.","Deixar de deslocar, com antecedência, o veículo para a faixa mais à à esquerda, quando for manobrar."
5851,Art. 197,"Deixar de deslocar, com antecedncia, o veculo para a faixa mais direita, quando for manobrar.","Deixar de deslocar, com antecedência, o veículo para a faixa mais à à esquerda, quando for manobrar."
5851,Art. 197,"Deixar de deslocar, com antecedncia, o veculo para a faixa mais esquerda, quando for manobrar.","Deixar de deslocar, com antecedência, o veículo para a faixa mais à à esquerda, quando for manobrar."
5860,Art. 198,"Deixar de dar passagem pela esquerda, quando solicitado.","Deixar de dar passagem pela à esquerda, quando solicitado."
5878,Art. 199,"Ultrapassar pela direita, salvo quando o veculo da frente estiver colocado na faixa apropriada e de","Ultrapassar pela direita, salvo quando o veículo da frente estiver colocado na faixa apropriada e der sinal de que vai entrar à esquerda."
5878,Art. 199,"Ultrapassar pela direita, salvo quando o veículo da frente estiver colocado na faixa apropriada e de","Ultrapassar pela direita, salvo quando o veículo da frente estiver colocado na faixa apropriada e der sinal de que vai entrar à esquerda."
5886,Art. 200,"Ultrapassar pela direita veculo de transporte coletivo ou de escolares, parado para embarque ou des","Ultrapassar pela direita veículo de transporte coletivo ou de escolares, parado para embarque ou desembarque de passageiros, salvo quando houver refúgio de segurança para o pedestre."
5894,Art. 201,Deixar de guardar a distância lateral de um metro e cinqüenta centímetros ao passar ou ultrapassar b,"Deixar de guardar a distância lateral de 1,5 m ao passar ou ultrapassar bicicleta."
5894,Art. 201,Deixar de guardar a distncia lateral de um metro e cinqenta centmetros ao passar ou ultrapassar b,"Deixar de guardar a distância lateral de 1,5 m ao passar ou ultrapassar bicicleta."
5908,"Art. 202, Inc. I",Ultrapassar outro veculo pelo acostamento.,Ultrapassar outro veículo pelo acostamento.
5916,"Art. 202, Inc. II",Ultrapassar outro veculo em intersees.,Ultrapassar outro veículo em interseções.
5916,"Art. 202, Inc. II",Ultrapassar outro veículo em interseções.,Ultrapassar outro veículo em interseções.
5924,"Art. 203, Inc. I","Ultrapassar pela contramão outro veículo nas curvas, sem visibilidade suficiente.","Ultrapassar pela contramão outro veículo nas curvas, sem visibilidade suficiente."
5924,"Art. 203, Inc. I","Ultrapassar pela contramo outro veculo nas curvas, sem visibilidade suficiente.","Ultrapassar pela contramão outro veículo nas curvas, sem visibilidade suficiente."
5932,"Art. 203, Inc. II",Ultrapassar pela contramão outro veículo nas faixas de pedestre.,Ultrapassar pela contramão outro veículo nas faixas de pedestre.
5932,"Art. 203, Inc. II",Ultrapassar pela contramo outro veculo nas faixas de pedestre.,Ultrapassar pela contramão outro veículo nas faixas de pedestre.
5959,"Art. 203, Inc. IV",Ultrapassar pela contramão outro veículo parado em fila junto a cruzamentos.,Ultrapassar pela contramão outro veículo parado em fila junto a cruzamentos.
5959,"Art. 203, Inc. IV","Ultrapassar pela contramão outro veículo parado em fila junto a porteiras, cancelas.",Ultrapassar pela contramão outro veículo parado em fila junto a porteiras ou cancelas.
5959,"Art. 203, Inc. IV",Ultrapassar pela contramão outro veículo parado em fila junto a qualquer outro impedimento à livre c,Ultrapassar pela contramão outro veículo parado em fila junto a qualquer outro impedimento à livre circulação.
5959,"Art. 203, Inc. IV",Ultrapassar pela contramão outro veículo parado em fila junto a sinais luminosos.,Ultrapassar pela contramão outro veículo parado em fila junto a sinais luminosos.
5959,"Art. 203, Inc. IV",Ultrapassar pela contramo outro veculo parado em fila junto a cruzamentos.,Ultrapassar pela contramão outro veículo parado em fila junto a cruzamentos.
5959,"Art. 203, Inc. IV",Ultrapassar pela contramo outro veculo parado em fila junto a qualquer outro impedimento livre c,Ultrapassar pela contramão outro veículo parado em fila junto a qualquer outro impedimento à livre circulação.
5959,"Art. 203, Inc. IV",Ultrapassar pela contramo outro veculo parado em fila junto a sinais luminosos.,Ultrapassar pela contramão outro veículo parado em fila junto a sinais luminosos.
5967,"Art. 203, Inc. V",Ultrapassar pela contramão outro veículo onde houver marcação viária longitudinal de divisão de flux,Ultrapassar pela contramão outro veículo onde houver marcação viária longitudinal de divisão de fluxos opostos do tipo linha dupla contínua ou simples contínua amarela.
5967,"Art. 203, Inc. V",Ultrapassar pela contramo outro veculo onde houver marcao viria longitudinal de diviso de flux,Ultrapassar pela contramão outro veículo onde houver marcação viária longitudinal de divisão de fluxos opostos do tipo linha dupla contínua ou simples contínua amarela.
5975,Art. 204,"Deixar de parar o veculo no acostamento direita, para aguardar a oportunidade de cruzar pista ou","Deixar de parar o veículo no acostamento à direita para aguardar a oportunidade de cruzar a pista ou entrar à esquerda, onde não houver local apropriado para operação de retorno."
5983,Art. 205,"Ultrapassar veculo em movimento que integre cortejo, prstito, desfile e formaes militares.","Ultrapassar veículo em movimento que integre cortejo, préstito, desfile e formações militares."
5983,Art. 205,"Ultrapassar veículo em movimento que integre cortejo, préstito, desfile e formações militares.","Ultrapassar veículo em movimento que integre cortejo, préstito, desfile e formações militares."
5991,"Art. 206, Inc. I",Executar operação de retorno em locais proibidos pela sinalização.,Executar operação de retorno em locais proibidos pela sinalização.
5991,"Art. 206, Inc. I",Executar operao de retorno em locais proibidos pela sinalizao.,Executar operação de retorno em locais proibidos pela sinalização.
6009,"Art. 206, Inc. II",Executar operação de retorno nas curvas.,Executar operação de retorno nas curvas.
6009,"Art. 206, Inc. II",Executar operação de retorno nas pontes.,Executar operação de retorno nas pontes.
6009,"Art. 206, Inc. II",Executar operao de retorno nas curvas.,Executar operação de retorno nas curvas.
6009,"Art. 206, Inc. II",Executar operao de retorno nas pontes.,Executar operação de retorno nas pontes.
6009,"Art. 206, Inc. II",Executar operao de retorno nos viadutos.,Executar operação de retorno nos viadutos.
6017,"Art. 206, Inc. III",Executar operação de retorno passando por cima de ajardinamento.,Executar operação de retorno passando por cima de ajardinamento.
6017,"Art. 206, Inc. III","Executar operação de retorno passando por cima de calçada, passeio.","Executar operação de retorno passando por cima de calçada, passeio."
6017,"Art. 206, Inc. III",Executar operação de retorno passando por cima de canteiros de divisões de pista de rolamento.,Executar operação de retorno passando por cima de canteiros de divisões de pista de rolamento.
6017,"Art. 206, Inc. III",Executar operação de retorno passando por cima de faixas de pedestres.,Executar operação de retorno passando por cima de faixas de pedestres.
6017,"Art. 206, Inc. III",Executar operação de retorno passando por cima de faixas de veículos não motorizados.,Executar operação de retorno passando por cima de faixas de veículos não motorizados.
6017,"Art. 206, Inc. III","Executar operação de retorno passando por cima de ilhas, refúgio.","Executar operação de retorno passando por cima de ilhas, refúgio."
6017,"Art. 206, Inc. III",Executar operao de retorno passando por cima de ajardinamento.,Executar operação de retorno passando por cima de ajardinamento.
6017,"Art. 206, Inc. III","Executar operao de retorno passando por cima de calada, passeio.","Executar operação de retorno passando por cima de calçada, passeio."
6017,"Art. 206, Inc. III",Executar operao de retorno passando por cima de canteiros de divises de pista de rolamento.,Executar operação de retorno passando por cima de canteiros de divises de pista de rolamento.
6017,"Art. 206, Inc. III",Executar operao de retorno passando por cima de faixas de pedestres.,Executar operação de retorno passando por cima de faixas de pedestres.
6017,"Art. 206, Inc. III",Executar operao de retorno passando por cima de faixas de veculos no motorizados.,Executar operação de retorno passando por cima de faixas de veículos no motorizados.
6017,"Art. 206, Inc. III","Executar operao de retorno passando por cima de ilhas, refgio.","Executar operação de retorno passando por cima de ilhas, refúgio."
6025,"Art. 206, Inc. IV","Executar operação de retorno nas interseções, entrando na contramão de direção da via transversal.","Executar operação de retorno nas interseções, entrando na contramão de direção da via transversal."
6025,"Art. 206, Inc. IV","Executar operao de retorno nas intersees, entrando na contramo de direo da via transversal.","Executar operação de retorno nas interseções, entrando na contramão de direção da via transversal."
6033,"Art. 206, Inc. V","Executar operação de retorno com prejuízo da livre circulação ou da segurança, ainda que em locais p","Executar operação de retorno com prejuízo da livre circulação ou da segurança, ainda que em locais permitidos."
6033,"Art. 206, Inc. V","Executar operao de retorno com prejuzo da livre circulao ou da segurana, ainda que em locais p","Executar operação de retorno com prejuízo da livre circulação ou da segurança, ainda que em locais permitidos."
6041,Art. 207,Executar operação de conversão à direita em locais proibidos pela sinalização.,Executar operação de conversão à à direita em locais proibidos pela sinalização.
6041,Art. 207,Executar operação de conversão à esquerda em locais proibidos pela sinalização.,Executar operação de conversão à à esquerda em locais proibidos pela sinalização.
6041,Art. 207,Executar operao de converso direita em locais proibidos pela sinalizao.,Executar operação de converso à direita em locais proibidos pela sinalização.
6041,Art. 207,Executar operao de converso esquerda em locais proibidos pela sinalizao.,Executar operação de converso à esquerda em locais proibidos pela sinalização.
6050,Art. 208,Avanar o sinal de parada obrigatria.,Avançar o sinal de parada obrigatória.
6050,Art. 208,Avanar o sinal vermelho do semforo.,Avançar o sinal vermelho do semáforo.
6050,Art. 208,Avanar o sinal vermelho do semforo - fiscalizao eletrnica.,Avançar o sinal vermelho do semáforo. (fiscalização eletrônica).
6050,Art. 208,Avançar o sinal de parada obrigatória.,Avançar o sinal de parada obrigatória.
6050,Art. 208,Avançar o sinal vermelho do semáforo.,Avançar o sinal vermelho do semáforo.
6050,Art. 208,"Avançar o sinal vermelho do semáforo, exceto onde houver sinalização que permita a livre conversão à","Avançar o sinal vermelho do semáforo, exceto onde houver sinalização que permita a livre conversão à direita."
6050,Art. 208,Avançar o sinal vermelho do semáforo - fiscalização eletrônica.,Avançar o sinal vermelho do semáforo. (fiscalização eletrônica).
6068,Art. 209,"Transpor, sem autorização, bloqueio viário com ou sem sinalização ou dispositivos auxiliares.","Transpor, sem autorização, bloqueio viário com ou sem sinalização ou dispositivos auxiliares."
6068,Art. 209,"Transpor, sem autorizao, bloqueio virio com ou sem sinalizao ou dispositivos auxiliares.","Transpor, sem autorização, bloqueio viário com ou sem sinalização ou dispositivos auxiliares."
6076,Art. 210,"Transpor, sem autorização, bloqueio viário policial.","Transpor, sem autorização, bloqueio viário policial."
6076,Art. 210,"Transpor, sem autorizao, bloqueio virio policial.","Transpor, sem autorização, bloqueio viário policial."
6084,Art. 211,"Ultrapassar veculos motorizados em fila, parados em razo de bloqueio virio parcial.","Ultrapassar veículos motorizados em fila, parados em razão de bloqueio viário parcial."
6084,Art. 211,"Ultrapassar veculos motorizados em fila, parados em razo de qualquer outro obstculo.","Ultrapassar veículos motorizados em fila, parados em razão de qualquer obstáculo."
6084,Art. 211,"Ultrapassar veculos motorizados em fila, parados em razo de sinal luminoso.","Ultrapassar veículos motorizados em fila, parados em razão de sinal luminoso."
6084,Art. 211,"Ultrapassar veículos motorizados em fila, parados em razão de sinal luminoso.","Ultrapassar veículos motorizados em fila, parados em razão de sinal luminoso."
6122,"Art. 214, Inc. I",Deixar de dar preferência de passagem a pedestre e a veículo não motorizado na faixa a ele destinada,Deixar de dar preferência de passagem a pedestre ou a veículo não motorizado que se encontre na faixa a ele destinada.
6122,"Art. 214, Inc. I",Deixar de dar preferncia de passagem a pedestre e a veculo no motorizado na faixa a ele destinada,Deixar de dar preferência de passagem a pedestre ou a veículo não motorizado que se encontre na faixa a ele destinada.
6130,"Art. 214, Inc. II",Deixar de dar preferência de passagem a pedestre e a veículo não motorizado que não haja concluído a,"Deixar de dar preferência de passagem a pedestre ou a veículo não motorizado que não haja concluído a travessia, mesmo que ocorra sinal verde para o veículo."
6130,"Art. 214, Inc. II",Deixar de dar preferncia de passagem a pedestre e a veculo no motorizado que no haja concludo a,"Deixar de dar preferência de passagem a pedestre ou a veículo não motorizado que não haja concluído a travessia, mesmo que ocorra sinal verde para o veículo."
6149,"Art. 214, Inc. III","Deixar de dar preferência de passagem a pedestre portadores de deficiência física, crianças, idosos","Deixar de dar preferência de passagem a pedestres com deficiência física, crianças, idosos ou gestantes."
6149,"Art. 214, Inc. III","Deixar de dar preferncia de passagem a pedestre portadores de deficincia fsica, crianas, idosos","Deixar de dar preferência de passagem a pedestres com deficiência física, crianças, idosos ou gestantes."
6157,"Art. 214, Inc. IV",Deixar de dar preferência de passagem a pedestre e a veículo não motorizado quando iniciado a traves,"Deixar de dar preferência de passagem a pedestre ou a veículo não motorizado que tenha iniciado a travessia, mesmo que não haja sinalização a ele destinada."
6157,"Art. 214, Inc. IV",Deixar de dar preferncia de passagem a pedestre e a veculo no motorizado quando iniciado a traves,"Deixar de dar preferência de passagem a pedestre ou a veículo não motorizado que tenha iniciado a travessia, mesmo que não haja sinalização a ele destinada."
6165,"Art. 214, Inc. V",Deixar de dar preferência de passagem a pedestre e a veiculo não motorizado que esteja atravessando,Deixar de dar preferência de passagem a pedestre ou a veículo não motorizado que esteja atravessando a via transversal para onde se dirige o veículo.
6165,"Art. 214, Inc. V",Deixar de dar preferncia de passagem a pedestre e a veiculo no motorizado que esteja atravessando,Deixar de dar preferência de passagem a pedestre ou a veículo não motorizado que esteja atravessando a via transversal para onde se dirige o veículo.
6173,"Art. 215, Inc. I, alínea a","Deixar de dar preferência de passagem, em intersecção não sinalizada, a veículo que estiver circulan","Deixar de dar preferência de passagem, em interseção não sinalizada, a veículo que estiver circulando por rodovia ou rotatória."
6173,"Art. 215, Inc. I, alínea b","Deixar de dar preferência de passagem, em intersecção não sinalizada, a veículo que vier da direita.","Deixar de dar preferência de passagem, em interseção não sinalizada, a veículo que vier da direita."
6173,"Art. 215, Inc. I, alnea a","Deixar de dar preferncia de passagem, em interseco no sinalizada, a veculo que estiver circulan","Deixar de dar preferência de passagem, em interseção não sinalizada, a veículo que estiver circulando por rodovia ou rotatória."
6173,"Art. 215, Inc. I, alnea b","Deixar de dar preferncia de passagem, em interseco no sinalizada, a veculo que vier da direita.","Deixar de dar preferência de passagem, em interseção não sinalizada, a veículo que vier da direita."
6181,"Art. 215, Inc. II",Deixar de dar preferência de passagem nas interseções com sinalização de regulamentação - Dê a Prefe,Deixar de dar preferência de passagem nas interseções com sinalização de regulamentação de “Dê a Preferência”.
6181,"Art. 215, Inc. II",Deixar de dar preferncia de passagem nas intersees com sinalizao de regulamentao - D a Prefe,Deixar de dar preferência de passagem nas interseções com sinalização de regulamentação de “Dê a Preferência”.
6190,Art. 216,Entrar ou sair de áreas lindeiras sem estar adequadamente posicionado para ingresso na via e sem as,Entrar ou sair de áreas lindeiras sem estar adequadamente posicionado para ingresso na via e sem as precauções com a segurança de pedestres e de outros veículos.
6190,Art. 216,Entrar ou sair de reas lindeiras sem estar adequadamente posicionado para ingresso na via e sem as,Entrar ou sair de áreas lindeiras sem estar adequadamente posicionado para ingresso na via e sem as precauções com a segurança de pedestres e de outros veículos.
6203,Art. 217,Entrar ou sair de fila de veículos estacionados sem dar preferência de passagem a pedestres e a outr,Entrar ou sair de fila de veículos estacionados sem dar preferência de passagem a pedestres e a outros veículos.
6254,Art. 219,"Transitar em velocidade inferior metade da mxima da via, salvo faixa da direita.","Transitar em velocidade inferior metade da máxima da via, salvo faixa da à direita."
6262,"Art. 220, Inc. I",Deixar de reduzir a velocidade do veiculo de forma compativel com a seguranca do trânsito quando se,"Deixar de reduzir a velocidade do veículo de forma compatível com a segurança do trânsito ao se aproximar de passeatas, aglomerações, cortejos, préstitos e desfiles."
6262,"Art. 220, Inc. I",Deixar de reduzir a velocidade do veiculo de forma compativel com a seguranca do trnsito quando se,"Deixar de reduzir a velocidade do veículo de forma compatível com a segurança do trânsito ao se aproximar de passeatas, aglomerações, cortejos, préstitos e desfiles."
6270,"Art. 220, Inc. II",Deixar de reduzir a velocidade de forma compatível com a segurança do trânsito nos locais onde o trâ,"Deixar de reduzir a velocidade de forma compatível com a segurança do trânsito nos locais onde o trânsito esteja sendo controlado por agente da autoridade de trânsito, mediante sinais sonoros ou gestos."
6270,"Art. 220, Inc. II",Deixar de reduzir a velocidade de forma compatvel com a segurana do trnsito nos locais onde o tr,"Deixar de reduzir a velocidade de forma compatível com a segurança do trânsito nos locais onde o trânsito esteja sendo controlado por agente da autoridade de trânsito, mediante sinais sonoros ou gestos."
6289,"Art. 220, Inc. III",Deixar de reduzir a velocidade do veculo de forma compatvel com a segurana do trnsito ao aproxim,Deixar de reduzir a velocidade do veículo de forma compatível com a segurança do trânsito ao aproximar-se da guia da calçada ou acostamento.
6297,"Art. 220, Inc. IV",Deixar de reduzir a velocidade do veculo de forma compatvel com a segurana do trnsito ao aproxim,Deixar de reduzir a velocidade do veículo de forma compatível com a segurança do trânsito ao aproximar-se de ou passar por interseção não sinalizada.
6297,"Art. 220, Inc. IV",Deixar de reduzir a velocidade do veículo de forma compatível com a segurança do trânsito ao aproxim,Deixar de reduzir a velocidade do veículo de forma compatível com a segurança do trânsito ao aproximar-se de ou passar por interseção não sinalizada.
6319,"Art. 220, Inc. VI",Deixar de reduzir a velocidade do veculo de forma compatvel com a segurana do trnsito nos trecho,Deixar de reduzir a velocidade do veículo de forma compatível com a segurança do trânsito nos trechos em curva de pequeno raio.
6327,"Art. 220, Inc. VII",Deixar de reduzir a velocidade do veculo de forma compatvel com a segurana do trnsito ao aproxim,Deixar de reduzir a velocidade do veículo de forma compatível com a segurança do trânsito ao aproximar-se de locais sinalizados com advertência de obras ou trabalhadores na pista.
6360,"Art. 220, Inc. XI",Deixar de reduzir a velocidade do veculo de forma compatvel com a segurana do trnsito aproxima,Deixar de reduzir a velocidade do veículo de forma compatível com a segurança do trânsito à aproximação de animais na pista.
6360,"Art. 220, Inc. XI",Deixar de reduzir a velocidade do veículo de forma compatível com a segurança do trânsito à aproxima,Deixar de reduzir a velocidade do veículo de forma compatível com a segurança do trânsito à aproximação de animais na pista.
6386,"Art. 220, Inc. XIII",Deixar de reduzir a velocidade do veculo de forma compatvel com a segurana do trnsito ao ultrapa,Deixar de reduzir a velocidade do veículo de forma compatível com a segurança do trânsito ao ultrapassar ciclista.
6386,"Art. 220, Inc. XIII",Deixar de reduzir a velocidade do veículo de forma compatível com a segurança do trânsito ao ultrapa,Deixar de reduzir a velocidade do veículo de forma compatível com a segurança do trânsito ao ultrapassar ciclista.
6394,"Art. 220, Inc. XIV",Deixar de reduzir a velocidade do veculo de forma compatvel com a segurana do trnsito nas proxim,"Deixar de reduzir a velocidade do veículo de forma compatível com a segurança do trânsito nas proximidades de escolas, hospitais, estações de embarque e desembarque de passageiros."
6394,"Art. 220, Inc. XIV",Deixar de reduzir a velocidade do veculo de forma compatvel com a segurana do trnsito onde haja,Deixar de reduzir a velocidade do veículo de forma compatível com a segurança do trânsito onde haja intensa movimentação de pedestres.
6394,"Art. 220, Inc. XIV",Deixar de reduzir a velocidade do veículo de forma compatível com a segurança do trânsito nas proxim,"Deixar de reduzir a velocidade do veículo de forma compatível com a segurança do trânsito nas proximidades de escolas, hospitais, estações de embarque e desembarque de passageiros."
6394,"Art. 220, Inc. XIV",Deixar de reduzir a velocidade do veículo de forma compatível com a segurança do trânsito onde haja,Deixar de reduzir a velocidade do veículo de forma compatível com a segurança do trânsito onde haja intensa movimentação de pedestres.
6408,Art. 221,Portar no veculo placas de identificao em desacordo com as especificaes e modelos estabelecidos,Portar no veículo placas de identificação em desacordo com as especificações e modelos estabelecidos pelo CONTRAN.
6408,Art. 221,Portar no veículo placas de identificação em desacordo com as especificações e modelos estabelecidos,Portar no veículo placas de identificação em desacordo com as especificações e modelos estabelecidos pelo CONTRAN.
6416,"Art. 221, pargrafo nico","Confeccionar, distribuir ou colocar, em veculo prprio ou de terceiros, placas de identificao no","Confeccionar, distribuir ou colocar, em veículo próprio ou de terceiros, placas de identificação não autorizadas pela regulamentação."
6416,"Art. 221, parágrafo único","Confeccionar, distribuir ou colocar, em veículo próprio ou de terceiros, placas de identificação não","Confeccionar, distribuir ou colocar, em veículo próprio ou de terceiros, placas de identificação não autorizadas pela regulamentação."
6424,Art. 222,"Deixar de manter ligado, nas situações de atendimento de emergência, o sistema de iluminação vermelh","Deixar de manter ligado, nas situações de atendimento de emergência, o sistema de iluminação intermitente dos veículos de emergência, ainda que parados."
6424,Art. 222,"Deixar de manter ligado, nas situaes de atendimento de emergncia, o sistema de iluminao vermelh","Deixar de manter ligado, nas situações de atendimento de emergência, o sistema de iluminação intermitente dos veículos de emergência, ainda que parados."
6432,Art. 223,Transitar com o facho de luz alta de forma a perturbar a visão de outro condutor.,Transitar com o facho de luz alta de forma a perturbar a visão de outro condutor.
6432,Art. 223,Transitar com o facho de luz alta de forma a perturbar a viso de outro condutor.,Transitar com o facho de luz alta de forma a perturbar a visão de outro condutor.
6432,Art. 223,Transitar com o farol desregulado de forma a perturbar a visão de outro condutor.,Transitar com o farol desregulado de forma a perturbar a visão de outro condutor.
6432,Art. 223,Transitar com o farol desregulado de forma a perturbar a viso de outro condutor.,Transitar com o facho de luz alta de forma a perturbar a visão de outro condutor.
6440,Art. 224,Fazer uso do facho de luz alta dos faris em vias providas de iluminao pblica.,Fazer uso do facho de luz alta dos faróis em vias providas de iluminação pública.
6440,Art. 224,Fazer uso do facho de luz alta dos faróis em vias providas de iluminação pública.,Fazer uso do facho de luz alta dos faróis em vias providas de iluminação pública.
6459,"Art. 225, Inc. I","Deixar de sinalizar a via para tornar visível o local, quando tiver de remover o veículo da pista de","Deixar de sinalizar a via, de forma a prevenir os demais condutores e tornar visível o local, quando tiver de remover o veículo da pista de rolamento ou permanecer no acostamento."
6459,"Art. 225, Inc. I","Deixar de sinalizar a via para tornar visvel o local, quando tiver de remover o veculo da pista de","Deixar de sinalizar a via, de forma a prevenir os demais condutores e tornar visível o local, quando tiver de remover o veículo da pista de rolamento ou permanecer no acostamento."
6459,"Art. 225, Inc. I","Deixar de sinalizar a via para tornar visvel o local, quando tiver que permanecer no acostamento.","Deixar de sinalizar a via, de forma a prevenir os demais condutores e tornar visível o local, quando tiver de remover o veículo da pista de rolamento ou permanecer no acostamento."
6475,Art. 226,Deixar de retirar todo e qualquer objeto utilizado para sinalização temporária da via.,Deixar de retirar todo e qualquer objeto utilizado para sinalização temporária da via.
6483,"Art. 227, Inc. I",Usar buzina em situação que não a de simples toque breve como advertência ao pedestre ou a condutore,Usar buzina em situação que não a de simples toque breve como advertência ao pedestre ou a condutores de outros veículos.
6483,"Art. 227, Inc. I",Usar buzina em situao que no a de simples toque breve como advertncia ao pedestre ou a condutore,Usar buzina em situação que não a de simples toque breve como advertência ao pedestre ou a condutores de outros veículos.
6491,"Art. 227, Inc. II",Usar buzina prolongada e sucessivamente a qualquer pretexto.,Usar buzina prolongada e sucessivamente a qualquer pretexto.
6513,"Art. 227, Inc. IV",Usar buzina em locais e horários proibidos pela sinalização.,Usar buzina em locais e horários proibidos pela sinalização.
6513,"Art. 227, Inc. IV",Usar buzina em locais e horrios proibidos pela sinalizao.,Usar buzina em locais e horários proibidos pela sinalização.
6521,"Art. 227, Inc. V",Usar buzina em desacordo com os padres e freqncias estabelecidas pelo CONTRAN.,Usar buzina em desacordo com os padrões e frequências estabelecidas pelo CONTRAN.
6521,"Art. 227, Inc. V",Usar buzina em desacordo com os padrões e freqüências estabelecidas pelo CONTRAN.,Usar buzina em desacordo com os padrões e frequências estabelecidas pelo CONTRAN.
6530,Art. 228,Usar no veculo equipamento com som em volume ou freqncia que no sejam autorizados pelo CONTRAN.,Usar no veículo equipamento com som em volume ou freqncia que no sejam autorizados pelo CONTRAN.
6530,Art. 228,Usar no veículo equipamento com som em volume ou freqüência que não sejam autorizados pelo CONTRAN.,Usar no veículo equipamento com som em volume ou frequência que não sejam autorizados pelo CONTRAN.
6548,Art. 229,"Usar no veculo aparelho de alarme ou que produza sons e rudo que perturbem o sossego pblico, em d","Usar indevidamente no veículo aparelho de alarme ou que produza sons e ruído que perturbem o sossego público, em desacordo com normas fixadas pelo CONTRAN."
6548,Art. 229,"Usar no veículo aparelho de alarme ou que produza sons e ruído que perturbem o sossego público, em d","Usar indevidamente no veículo aparelho de alarme ou que produza sons e ruído que perturbem o sossego público, em desacordo com normas fixadas pelo CONTRAN."
6556,"Art. 230, Inc. I",Conduzir o veculo com a placa violada ou falsificada.,"Conduzir o veículo com o lacre, a inscrição do chassi, o selo, a placa ou qualquer outro elemento de identificação do veículo violado ou falsificado."
6556,"Art. 230, Inc. I",Conduzir o veculo com o lacre de identificao violado ou falsificado.,"Conduzir o veículo com o lacre, a inscrição do chassi, o selo, a placa ou qualquer outro elemento de identificação do veículo violado ou falsificado."
6556,"Art. 230, Inc. I",Conduzir o veculo com o selo violado ou falsificado.,"Conduzir o veículo com o lacre, a inscrição do chassi, o selo, a placa ou qualquer outro elemento de identificação do veículo violado ou falsificado."
6556,"Art. 230, Inc. I",Conduzir o veículo com a placa violada ou falsificada.,"Conduzir o veículo com o lacre, a inscrição do chassi, o selo, a placa ou qualquer outro elemento de identificação do veículo violado ou falsificado."
6556,"Art. 230, Inc. I",Conduzir o veículo com inscrição do chassi violada ou falsificada.,"Conduzir o veículo com o lacre, a inscrição do chassi, o selo, a placa ou qualquer outro elemento de identificação do veículo violado ou falsificado."
6556,"Art. 230, Inc. I",Conduzir o veículo com o lacre de identificação violado ou falsificado.,"Conduzir o veículo com o lacre, a inscrição do chassi, o selo, a placa ou qualquer outro elemento de identificação do veículo violado ou falsificado."
6556,"Art. 230, Inc. I",Conduzir o veículo com o selo violado ou falsificado.,"Conduzir o veículo com o lacre, a inscrição do chassi, o selo, a placa ou qualquer outro elemento de identificação do veículo violado ou falsificado."
6556,"Art. 230, Inc. I",Conduzir o veículo com qualquer outro elemento de identificação violado ou falsificado.,"Conduzir o veículo com o lacre, a inscrição do chassi, o selo, a placa ou qualquer outro elemento de identificação do veículo violado ou falsificado."
6564,"Art. 230, Inc. II",Conduzir o veculo transportando passageiros em compartimento de carga.,Conduzir o veículo transportando passageiros em compartimento de carga.
6564,"Art. 230, Inc. II",Conduzir o veículo transportando passageiros em compartimento de carga.,Conduzir o veículo transportando passageiros em compartimento de carga.
6572,"Art. 230, Inc. III",Conduzir o veículo com dispositivo anti-radar.,Conduzir o veículo com dispositivo anti-radar.
6580,"Art. 230, Inc. IV",Conduzir o veculo sem qualquer uma das placas de identificao.,Conduzir o veículo sem qualquer uma das placas de identificação.
6580,"Art. 230, Inc. IV",Conduzir o veículo sem qualquer uma das placas de identificação.,Conduzir o veículo sem qualquer uma das placas de identificação.
6599,"Art. 230, Inc. V",Conduzir o veculo que no esteja registrado.,Conduzir o veículo que no esteja registrado.
6599,"Art. 230, Inc. V",Conduzir o veculo registrado que no esteja devidamente licenciado.,Conduzir o veículo registrado que no esteja devidamente licenciado.
6599,"Art. 230, Inc. V",Conduzir o veículo que não esteja registrado.,Conduzir o veículo que não esteja registrado.
6599,"Art. 230, Inc. V",Conduzir o veículo registrado que não esteja devidamente licenciado.,Conduzir o veículo registrado que não esteja devidamente licenciado.
6602,"Art. 230, Inc. VI",Conduzir o veculo com qualquer uma das placas sem condies de legibilidade e visibilidade.,Conduzir o veículo com qualquer uma das placas sem condições de legibilidade e visibilidade.
6602,"Art. 230, Inc. VI",Conduzir o veículo com qualquer uma das placas sem condições de legibilidade e visibilidade.,Conduzir o veículo com qualquer uma das placas sem condições de legibilidade e visibilidade.
6610,"Art. 230, Inc. VII",Conduzir o veculo com a caracterstica alterada.,Conduzir o veículo com a característica alterada.
6610,"Art. 230, Inc. VII",Conduzir o veculo com a cor alterada.,Conduzir o veículo com a cor alterada.
6610,"Art. 230, Inc. VII",Conduzir o veículo com a característica alterada.,Conduzir o veículo com a característica alterada.
6610,"Art. 230, Inc. VII",Conduzir o veículo com a cor alterada.,Conduzir o veículo com a cor alterada.
6629,"Art. 230, Inc. VIII","Conduzir o veculo sem ter sido submetido inspeo de segurana veicular, quando obrigatria.","Conduzir o veículo sem ter sido submetido à inspeção de segurança veicular, quando obrigatória."
6629,"Art. 230, Inc. VIII","Conduzir o veículo sem ter sido submetido à inspeção de segurança veicular, quando obrigatória.","Conduzir o veículo sem ter sido submetido à inspeção de segurança veicular, quando obrigatória."
6637,"Art. 230, Inc. IX",Conduzir o veculo com equipamento obrigatrio ineficiente ou inoperante.,Conduzir o veículo com equipamento obrigatório ineficiente ou inoperante.
6637,"Art. 230, Inc. IX",Conduzir o veculo sem equipamento obrigatrio.,Conduzir o veículo com equipamento obrigatório ineficiente ou inoperante.
6637,"Art. 230, Inc. IX",Conduzir o veículo com equipamento obrigatório ineficiente ou inoperante.,Conduzir o veículo com equipamento obrigatório ineficiente ou inoperante.
6637,"Art. 230, Inc. IX",Conduzir o veículo sem equipamento obrigatório.,Conduzir o veículo com equipamento obrigatório ineficiente ou inoperante.
6645,"Art. 230, Inc. X",Conduzir o veculo com equipamento obrigatrio em desacordo com o estabelecido pelo CONTRAN.,Conduzir o veículo com equipamento obrigatório em desacordo com o estabelecido pelo CONTRAN.
6645,"Art. 230, Inc. X",Conduzir o veículo com equipamento obrigatório em desacordo com o estabelecido pelo CONTRAN.,Conduzir o veículo com equipamento obrigatório em desacordo com o estabelecido pelo CONTRAN.
6653,"Art. 230, Inc. XI",Conduzir o veculo com descarga livre.,Conduzir o veículo com descarga livre.
6653,"Art. 230, Inc. XI",Conduzir o veículo com descarga livre.,Conduzir o veículo com descarga livre.
6653,"Art. 230, Inc. XI","Conduzir o veículo com silenciador de motor de explosão defeituoso, deficiente ou inoperante.","Conduzir o veículo com silenciador de motor de explosão defeituoso, deficiente ou inoperante."
6661,"Art. 230, Inc. XII",Conduzir o veculo com equipamento ou acessrio proibido.,Conduzir o veículo com equipamento ou acessório proibido.
6661,"Art. 230, Inc. XII",Conduzir o veículo com equipamento ou acessório proibido.,Conduzir o veículo com equipamento ou acessório proibido.
6670,"Art. 230, Inc. XIII",Conduzir o veculo com o equipamento do sistema de iluminao e de sinalizao alterados.,Conduzir o veículo com o equipamento do sistema de iluminação e de sinalização alterados.
6670,"Art. 230, Inc. XIII",Conduzir o veículo com o equipamento do sistema de iluminação e de sinalização alterados.,Conduzir o veículo com o equipamento do sistema de iluminação e de sinalização alterados.
6700,"Art. 230, Inc. XVI","Conduzir o veculo com vidros total ou parcialmente cobertos por pelculas, painis/ pintura.","Conduzir o veículo com vidros total ou parcialmente cobertos por películas, painéis/ pintura."
6700,"Art. 230, Inc. XVI","Conduzir o veículo com vidros total ou parcialmente cobertos por películas, painéis/ pintura.","Conduzir o veículo com vidros total ou parcialmente cobertos por películas, painéis/ pintura."
6726,"Art. 230, Inc. XVIII","Conduzir o veculo em mau estado de conservao, comprometendo a segurana.","Conduzir o veículo em mau estado de conservação, comprometendo a segurança."
6726,"Art. 230, Inc. XVIII","Conduzir o veículo em mau estado de conservação, comprometendo a segurança.","Conduzir o veículo em mau estado de conservação, comprometendo a segurança."
6734,"Art. 230, Inc. XIX",Conduzir o veculo sem acionar o limpador de pra-brisa sob chuva.,Conduzir o veículo sem acionar o limpador de para-brisa sob chuva.
6734,"Art. 230, Inc. XIX",Conduzir o veículo sem acionar o limpador de pára-brisa sob chuva.,Conduzir o veículo sem acionar o limpador de para-brisa sob chuva.
6769,"Art. 230, Inc. XXII","Conduzir o veculo com defeito no sistema de iluminao, de sinalizao ou com lmpadas queimadas.","Conduzir o veículo com defeito no sistema de iluminação, de sinalização ou com lâmpadas queimadas."
6769,"Art. 230, Inc. XXII","Conduzir o veículo com defeito no sistema de iluminação, de sinalização ou com lâmpadas queimadas.","Conduzir o veículo com defeito no sistema de iluminação, de sinalização ou com lâmpadas queimadas."
6777,"Art. 231, Inc. I","Transitar com o veculo danificando a via, suas instalaes e equipamentos.","Transitar com o veículo danificando a via, suas instalações e equipamentos."
6777,"Art. 231, Inc. I","Transitar com o veículo danificando a via, suas instalações e equipamentos.","Transitar com o veículo danificando a via, suas instalações e equipamentos."
6785,"Art. 231, Inc. II, alnea a",Transitar com veculo derramando a carga que esteja transportando.,Transitar com veículo derramando a carga que esteja transportando.
6785,"Art. 231, Inc. II, alnea a",Transitar com veculo lanando a carga que esteja transportando.,Transitar com veículo lançando a carga que esteja transportando.
6785,"Art. 231, Inc. II, alínea a",Transitar com veículo derramando a carga que esteja transportando.,Transitar com veículo derramando a carga que esteja transportando.
6793,"Art. 231, Inc. II, alnea b","Transitar com o veculo derramando, lanandosobre a via combustvel ou lubrificante que esteja utili",Transitar com o veículo derramando ou lançando sobre a via combustível ou lubrificante que esteja utilizando.
6793,"Art. 231, Inc. II, alínea b","Transitar com o veículo derramando, lançandosobre a via combustível ou lubrificante que esteja utili",Transitar com o veículo derramando ou lançando sobre a via combustível ou lubrificante que esteja utilizando.
6807,"Art. 231, Inc. II, alnea c","Transitar com o veculo derramando, lanando ou arrastando qualquer objeto que possa acarretar risco","Transitar com o veículo derramando, lançando ou arrastando qualquer objeto que possa acarretar risco de sinistro."
6807,"Art. 231, Inc. II, alínea c","Transitar com o veículo derramando, lançando ou arrastando qualquer objeto que possa acarretar risco","Transitar com o veículo derramando, lançando ou arrastando qualquer objeto que possa acarretar risco de sinistro."
6823,"Art. 231, Inc. IV","Transitar com o veculo e/ou carga com dimenses superiores aos limites estabelecidos legalmente, se","Transitar com o veículo ou carga com dimensões superiores aos limites estabelecidos legalmente, sem autorização."
6823,"Art. 231, Inc. IV",Transitar com o veculo e/ou carga com dimenses superiores aos limites estabelecidos pela sinaliza,"Transitar com o veículo ou carga com dimensões superiores aos limites estabelecidos pela sinalização, sem autorização."
6823,"Art. 231, Inc. IV",Transitar com o veículo e/ou carga com dimensões superiores aos limites estabelecidos pela sinalizaç,"Transitar com o veículo ou carga com dimensões superiores aos limites estabelecidos pela sinalização, sem autorização."
6858,"Art. 231, Inc. VII",Transitar com o veculo com lotao excedente.,Transitar com o veículo com lotação excedente.
6858,"Art. 231, Inc. VII",Transitar com o veículo com lotação excedente.,Transitar com o veículo com lotação excedente.
6866,"Art. 231, Inc. VIII","Transitar com o veículo efetuando transporte remunerado de bens, quando não for licenciado para esse","Transitar com o veículo efetuando transporte remunerado de pessoas ou bens, quando não for licenciado para esse fim."
6866,"Art. 231, Inc. VIII",Transitar com o veículo efetuando transporte remunerado de pessoas quando não for licenciado para es,"Transitar com o veículo efetuando transporte remunerado de pessoas ou bens, quando não for licenciado para esse fim."
6874,"Art. 231, Inc. IX",Transitar com o veículo desligado em declive.,Transitar com o veículo desligado em declive.
6912,Art. 232,Conduzir veculo sem os documentos de porte obrigatrio referidos no CTB.,Conduzir veículo sem os documentos de porte obrigatório referidos no CTB.
6912,Art. 232,Conduzir veículo sem os documentos de porte obrigatório referidos no CTB.,Conduzir veículo sem os documentos de porte obrigatório referidos no CTB.
6920,"Art. 233 c/c 123, inc. III","Deixar de efetuar registro do veculo em 30 dias, quando for alterada qualquer caracterstica do ve","Deixar de efetuar o registro do veículo no prazo de 30 dias, quando for alterada qualquer característica do veículo."
6920,"Art. 233 c/c 123, inc. II","Deixar de efetuar registro do veculo em 30 dias, quando mudar o municpio de domiclio ou residnci","Deixar de efetuar o registro do veículo no prazo de 30 dias, quando mudar o município de domicílio ou residência."
6920,"Art. 233 c/c 123, inc. III","Deixar de efetuar registro do veículo em 30 dias, quando for alterada qualquer característica do veí","Deixar de efetuar o registro do veículo no prazo de 30 dias, quando for alterada qualquer característica do veículo."
6947,Art. 235,Conduzir animais nas partes externas do veculo.,Conduzir animais nas partes externas do veículo.
6947,Art. 235,Conduzir animais nas partes externas do veículo.,Conduzir animais nas partes externas do veículo.
6947,Art. 235,Conduzir carga nas partes externas do veculo.,Conduzir carga nas partes externas do veículo.
6947,Art. 235,Conduzir carga nas partes externas do veículo.,Conduzir carga nas partes externas do veículo.
6947,Art. 235,Conduzir pessoas nas partes externas do veculo.,Conduzir pessoas nas partes externas do veículo.
6947,Art. 235,Conduzir pessoas nas partes externas do veículo.,Conduzir pessoas nas partes externas do veículo.
6955,Art. 236,Rebocar outro veculo com cabo flexvel ou corda.,Rebocar outro veículo com cabo flexível ou corda.
6955,Art. 236,Rebocar outro veículo com cabo flexível ou corda.,Rebocar outro veículo com cabo flexível ou corda.
6971,Art. 238,"Recusar-se a entregar à autoridade de trânsito ou a seus agentes, mediante recibo, os documentos de","Recusar-se a entregar à autoridade de trânsito ou a seus agentes, mediante recibo, os documentos de habilitação, de registro, de licenciamento de veículo e outros exigidos por lei, para averiguação de sua autenticidade."
6971,Art. 238,"Recusar-se a entregar autoridade de trnsito ou a seus agentes, mediante recibo, os documentos de","Recusar-se a entregar à autoridade de trânsito ou a seus agentes, mediante recibo, os documentos de habilitação, de registro, de licenciamento de veículo e outros exigidos por lei, para averiguação de sua autenticidade."
6980,Art. 239,"Retirar do local veculo legalmente retido para regularizao, sem permisso da autoridade competent","Retirar do local veículo legalmente retido para regularização, sem permissão da autoridade competente ou de seus agentes."
6980,Art. 239,"Retirar do local veículo legalmente retido para regularização, sem permissão da autoridade competent","Retirar do local veículo legalmente retido para regularização, sem permissão da autoridade competente ou de seus agentes."
7005,Art. 241,Deixar de atualizar o cadastro de habilitação do condutor.,Deixar de atualizar o cadastro de habilitação do condutor.
7030,"Art. 244, Inc. I","Conduzir motocicleta, motoneta e ciclomotor sem usar capacete de segurana.","Conduzir motocicleta, motoneta e ciclomotor sem usar capacete de segurança."
7030,"Art. 244, Inc. I","Conduzir motocicleta, motoneta e ciclomotor sem usar capacete de segurança.","Conduzir motocicleta, motoneta e ciclomotor sem usar capacete de segurança."
7030,"Art. 244, Inc. I","Conduzir motocicleta, motoneta e ciclomotor sem vesturio aprovado pelo CONTRAN.","Conduzir motocicleta, motoneta e ciclomotor sem vestuário aprovado pelo CONTRAN."
7048,"Art. 244, Inc. II","Conduzir motocicleta, motoneta e ciclomotor transportando passageiro fora do assento suplementar col","Conduzir motocicleta, motoneta ou ciclomotor transportando passageiro fora do assento suplementar colocado atrás do condutor ou em carro lateral."
7048,"Art. 244, Inc. II","Conduzir motocicleta, motoneta e ciclomotor transportando passageiro sem o capacete de segurana.","Conduzir motocicleta, motoneta ou ciclomotor transportando passageiro sem capacete de segurança."
7048,"Art. 244, Inc. II","Conduzir motocicleta, motoneta e ciclomotor transportando passageiro sem o capacete de segurança.","Conduzir motocicleta, motoneta ou ciclomotor transportando passageiro sem capacete de segurança."
7056,"Art. 244, Inc. III, c/c §1º",Conduzir ciclo fazendo malabarismo ou equilibrando-se em uma roda.,Conduzir ciclo fazendo malabarismo ou equilibrando-se em uma roda.
7056,"Art. 244, Inc. III","Conduzir motocicleta, motoneta, ciclomotor fazendo malabarismo ou equilibrando-se em uma roda.","Conduzir motocicleta, motoneta, ciclomotor fazendo malabarismo ou equilibrando-se em uma roda."
7064,"Art. 244, Inc. IV","Conduzir motocicleta, motoneta e ciclomotor com faris apagados.","Conduzir motocicleta, motoneta e ciclomotor com faróis apagados."
7064,"Art. 244, Inc. IV","Conduzir motocicleta, motoneta e ciclomotor com faróis apagados.","Conduzir motocicleta, motoneta e ciclomotor com faróis apagados."
7072,"Art. 244, Inc. V","Conduzir motocicleta, motoneta e ciclomotor transportando criana menor de sete anos.","Conduzir motocicleta, motoneta ou ciclomotor transportando criança menor de 10 (dez) anos."
7072,"Art. 244, Inc. V","Conduzir motocicleta, motoneta e ciclomotor transportando criança menor de 10 (dez) anos.","Conduzir motocicleta, motoneta ou ciclomotor transportando criança menor de 10 (dez) anos."
7072,"Art. 244, Inc. V","Conduzir motocicleta, motoneta e ciclomotor transportando criança menor de sete anos.","Conduzir motocicleta, motoneta ou ciclomotor transportando criança menor de 10 (dez) anos."
7072,"Art. 244, Inc. V","Conduzir motocicleta, motoneta e ciclomotor transportando criança sem condições de cuidar de sua pró","Conduzir motocicleta, motoneta ou ciclomotor transportando criança que não tenha, nas circunstâncias, condições de cuidar da própria segurança."
7080,"Art. 244, Inc. VI","Conduzir motocicleta, motoneta e ciclomotor rebocando outro veculo.","Conduzir motocicleta, motoneta e ciclomotor rebocando outro veículo."
7080,"Art. 244, Inc. VI","Conduzir motocicleta, motoneta e ciclomotor rebocando outro veículo.","Conduzir motocicleta, motoneta e ciclomotor rebocando outro veículo."
7099,"Art.244, Inc. VII, c/c §1º",Conduzir ciclo sem segurar o guidom com ambas as mãos.,Conduzir ciclo sem segurar o guidom com ambas as mãos.
7099,"Art.244, Inc. VII, c/c 1",Conduzir ciclo sem segurar o guidom com ambas as mos.,Conduzir ciclo sem segurar o guidom com ambas as mãos.
7099,"Art. 244, Inc. VII","Conduzir motocicleta, motoneta, ciclomotor sem segurar o guidom com ambas as mãos.","Conduzir motocicleta, motoneta, ciclomotor sem segurar o guidom com ambas as mãos."
7099,"Art. 244, Inc. VII","Conduzir motocicleta, motoneta, ciclomotor sem segurar o guidom com ambas as mos.","Conduzir motocicleta, motoneta, ciclomotor sem segurar o guidom com ambas as mãos."
7102,"Art. 244, Inc. VIII","Conduzir motocicleta, motoneta, ciclomotor transportando carga incompatível com suas especificações.","Conduzir motocicleta, motoneta ou ciclomotor transportando carga incompatível com suas especificações."
7102,"Art. 244, Inc. VIII","Conduzir motocicleta, motoneta, ciclomotor transportando carga incompatvel com suas especificaes.","Conduzir motocicleta, motoneta ou ciclomotor transportando carga incompatível com suas especificações."
7102,Art. 244 inciso VIII,Conduzir motoc/moton/transportando carga em desacordo c/ 2 do artigo 139 - a CTB,"Conduzir motocicleta, motoneta ou ciclomotor transportando carga em desacordo com o § 2º do art. 139-A do CTB."
7102,Art. 244 inciso VIII,Conduzir motoc/moton/transportando carga em desacordo c/ § 2º do artigo 139 - a CTB,"Conduzir motocicleta, motoneta ou ciclomotor transportando carga em desacordo com o § 2º do art. 139-A do CTB."
7110,"Art. 244, § 1º, alínea a",Conduzir ciclo transportando passageiro fora da garupa ou do assento especial a ele destinado.,Conduzir ciclo transportando passageiro fora da garupa ou do assento especial a ele destinado.
7137,"Art. 244, 1, alnea c",Conduzir ciclo transportando crianas sem condies de cuidar de sua prpria segurana.,Conduzir ciclo transportando crianças sem condições de cuidar de sua própria segurança.
7137,"Art. 244, § 1º, alínea c",Conduzir ciclo transportando crianças sem condições de cuidar de sua própria segurança.,Conduzir ciclo transportando crianças sem condições de cuidar de sua própria segurança.
7145,Art. 245,"Utilizar a via para depsito de mercadorias, materiais ou equipamentos.","Utilizar a via para depósito de mercadorias, materiais ou equipamentos."
7153,Art. 246,"Deixar de sinalizar qualquer obstculo livre circulao, segurana de veculo e pedestres, na ca","Obstaculizar a via indevidamente, sem agravamento."
7153,Art. 246,Obstaculizar a via indevidamente - sem agravamento.,"Obstaculizar a via indevidamente, sem agravamento."
7218,Art. 248,"Transportar em veculo destinado ao transporte de passageiros, carga excedente em desacordo com o es",Transportar em veículo destinado ao transporte de passageiros carga excedente em desacordo com o estabelecido no CTB.
7218,Art. 248,"Transportar em veículo destinado ao transporte de passageiros, carga excedente em desacordo com o es",Transportar em veículo destinado ao transporte de passageiros carga excedente em desacordo com o estabelecido no CTB.
7226,Art. 249,"Deixar de manter acesas, à noite, as luzes de posição, quando o veículo estiver parado para fins de","Deixar de manter acesas, à noite, as luzes de posição, quando o veículo estiver parado para fins de embarque ou desembarque de passageiros, carga ou descarga de mercadorias."
7226,Art. 249,"Deixar de manter acesas, noite, as luzes de posio, quando o veculo estiver parado para fins de","Deixar de manter acesas, à noite, as luzes de posição, quando o veículo estiver parado para fins de embarque ou desembarque de passageiros, carga ou descarga de mercadorias."
7234,"Art. 250, Inc. I, alnea a",Quando o veculo estiver em movimento deixar de manter acesa a luz baixa durante a noite.,Quando o veículo estiver em movimento deixar de manter acesa a luz baixa durante a noite.
7234,"Art. 250, Inc. I, alínea a",Quando o veículo estiver em movimento deixar de manter acesa a luz baixa durante a noite.,Quando o veículo estiver em movimento deixar de manter acesa a luz baixa durante a noite.
7242,"Art. 250, I, b","Quando o veculo estiver em movimento deixar de manter acesa a luz baixa de dia, nos tneis providos","Quando o veículo estiver em movimento, deixar de manter acesa a luz baixa, de dia, sob chuva, neblina ou cerração."
7242,"Art. 250, I, b","Quando o veículo estiver em movimento deixar de manter acesa a luz baixa de dia, nos túneis.","Quando o veículo estiver em movimento, deixar de manter acesa a luz baixa, de dia, em túneis."
7242,"Art. 250, I, b","Quando o veículo estiver em movimento deixar de manter acesa a luz baixa de dia, sob chuva, neblina","Quando o veículo estiver em movimento, deixar de manter acesa a luz baixa, de dia, sob chuva, neblina ou cerração."
7250,"Art. 250, Inc. I, alnea c","Quando o veculo estiver em movimento deixar de manter acesa a luz baixa, de dia e de noite, tratand","Quando o veículo estiver em movimento, deixar de manter acesa a luz baixa, de dia, no caso de veículos de transporte coletivo de passageiros em circulação em faixas ou pistas a eles destinadas."
7250,"Art. 250, I, c","Quando o veículo estiver em movimento, deixar de manter acesa a luz baixa, de dia no caso de veículo","Quando o veículo estiver em movimento, deixar de manter acesa a luz baixa, de dia, no caso de veículos de transporte coletivo de passageiros em circulação em faixas ou pistas a eles destinadas."
7269,"Art. 250, Inc. I, alnea d","Quando o veculo estiver em movimento deixar de manter acesa a luz baixa, de dia e de noite, tratand","Quando o veículo estiver em movimento, deixar de manter acesa a luz baixa, de dia, no caso de motocicletas, motonetas e ciclomotores."
7269,"Art. 250, I, d","Quando o veículo estiver em movimento deixar de manter acesa a luz baixa, de dia, no caso de motocic","Quando o veículo estiver em movimento, deixar de manter acesa a luz baixa, de dia, no caso de motocicletas, motonetas e ciclomotores."
7277,"Art. 250, Inc. II",Quando o veculo estiver em movimento deixar de manter acesas pelo menos as luzes de posio sob chu,"Quando o veículo estiver em movimento, deixar de manter acesas pelo menos as luzes de posição sob chuva forte, neblina ou cerração."
7285,"Art. 250, Inc. III","Quando o veculo estiver em movimento deixar de manter a placa traseira iluminada, noite.","Quando o veículo estiver em movimento deixar de manter a placa traseira iluminada, noite."
7285,"Art. 250, Inc. III","Quando o veículo estiver em movimento deixar de manter a placa traseira iluminada, à noite.","Quando o veículo estiver em movimento deixar de manter a placa traseira iluminada, à noite."
7293,"Art. 251, Inc. I","Utilizar as luzes do veculo, o pisca-alerta, exceto em imobilizaes ou situaes de emergncia.","Utilizar as luzes do veículo, o pisca-alerta, exceto em imobilizações ou situações de emergência."
7293,"Art. 251, Inc. I","Utilizar as luzes do veículo, o pisca-alerta, exceto em imobilizações ou situações de emergência.","Utilizar as luzes do veículo, o pisca-alerta, exceto em imobilizações ou situações de emergência."
7307,"Art. 251, Inc. II","Utilizar as luzes do veículo, baixa e alta, de forma intermitente, exceto quando permitido pelo CTB.","Utilizar as luzes do veículo, baixa e alta, de forma intermitente, exceto quando permitido pelo CTB."
7315,"Art. 252, Inc. I",Dirigir o veculo com o brao do lado de fora.,Dirigir o veículo com o braço do lado de fora.
7315,"Art. 252, Inc. I",Dirigir o veículo com o braço do lado de fora.,Dirigir o veículo com o braço do lado de fora.
7323,"Art. 252, Inc. II",Dirigir o veculo transportando animais sua esquerda ou entre os braos e pernas.,Dirigir o veículo transportando animais sua à esquerda ou entre os braços e pernas.
7323,"Art. 252, Inc. II","Dirigir o veculo transportando pessoas, sua esquerda ou entre os braos e pernas.","Dirigir o veículo transportando pessoas, sua à esquerda ou entre os braços e pernas."
7323,"Art. 252, Inc. II",Dirigir o veculo transportando volume sua esquerda ou entre os braos e pernas.,Dirigir o veículo transportando volume sua à esquerda ou entre os braços e pernas.
7323,"Art. 252, Inc. II",Dirigir o veículo transportando animais à sua esquerda ou entre os braços e pernas.,Dirigir o veículo transportando animais à sua à esquerda ou entre os braços e pernas.
7323,"Art. 252, Inc. II","Dirigir o veículo transportando pessoas, à sua esquerda ou entre os braços e pernas.","Dirigir o veículo transportando pessoas, à sua à esquerda ou entre os braços e pernas."
7331,"Art. 252, Inc. III",Dirigir o veculo com incapacidade fsica ou mental temporria que comprometa a segurana do trnsit,Dirigir o veículo com incapacidade física ou mental temporária que comprometa a segurança do trânsito.
7331,"Art. 252, Inc. III",Dirigir o veículo com incapacidade física ou mental temporária que comprometa a segurança do trânsit,Dirigir o veículo com incapacidade física ou mental temporária que comprometa a segurança do trânsito.
7340,"Art. 252, Inc. IV",Dirigir o veculo usando calado que no se firme nos ps ou que comprometa a utilizao dos pedais.,Dirigir o veículo usando calçado que no se firme nos pés ou que comprometa a utilização dos pedais.
7340,"Art. 252, Inc. IV",Dirigir o veículo usando calçado que não se firme nos pés ou que comprometa a utilização dos pedais.,Dirigir o veículo usando calçado que não se firme nos pés ou que comprometa a utilização dos pedais.
7358,"Art. 252, Inc. V","Dirigir o veculo com apenas uma das mos, exceto quando permitido pelo CTB.","Dirigir o veículo com apenas uma das mãos, exceto quando permitido pelo CTB."
7358,"Art. 252, Inc. V","Dirigir o veículo com apenas uma das mãos, exceto quando permitido pelo CTB.","Dirigir o veículo com apenas uma das mãos, exceto quando permitido pelo CTB."
7366,"Art. 252, Inc. VI",Dirigir o veculo utilizando-se de fones nos ouvidos conectados aparelhagem sonora.,Dirigir o veículo utilizando-se de fones nos ouvidos conectados à aparelhagem sonora.
7366,"Art. 252, Inc. VI",Dirigir o veculo utilizando-se de telefone celular.,Dirigir o veículo utilizando-se de telefone celular.
7366,"Art. 252, Inc. VI",Dirigir o veículo utilizando-se de fones nos ouvidos conectados à aparelhagem sonora.,Dirigir o veículo utilizando-se de fones nos ouvidos conectados à aparelhagem sonora.
7366,"Art. 252, Inc. VI",Dirigir o veículo utilizando-se de telefone celular.,Dirigir o veículo utilizando-se de telefone celular.
7374,Art. 253,Bloquear a via com veculo.,Bloquear a via com veículo.
7374,Art. 253,Bloquear a via com veículo.,Bloquear a via com veículo.
7404,"Art. 254, Inc. III","proibido ao pedestre atravessar a via dentro das reas de cruzamento, exceto onde permitido pela s","É proibido ao pedestre atravessar a via dentro das áreas de cruzamento, exceto onde permitido pela sinalização."
7439,"Art. 254, Inc. VI",É proibido ao pedestre desobedecer à sinalização de trânsito específica.,É proibido ao pedestre desobedecer à sinalização de trânsito específica.
7439,"Art. 254, Inc. VI",proibido ao pedestre desobedecer sinalizao de trnsito especfica.,É proibido ao pedestre desobedecer à sinalização de trânsito específica.
7455,"Art. 218, Inc. I",Transitar em velocidade superior à máxima permitida para o local em até 20% (vinte por cento).,Transitar em velocidade superior à máxima permitida para o local em até 20% (vinte por cento).
7455,"Art. 218, Inc. I",Transitar em velocidade superior mxima permitida para o local em at 20% (vinte por cento).,Transitar em velocidade superior à máxima permitida para o local em até 20% (vinte por cento).
7463,"Art. 218, Inc. II",Transitar em velocidade superior à máxima permitida para o local em mais de 20% (vinte por cento) at,Transitar em velocidade superior à máxima permitida para o local em mais de 20% (vinte por cento) até 50% (cinquenta por cento).
7463,"Art. 218, Inc. II",Transitar em velocidade superior mxima permitida para o local em mais de 20% (vinte por cento) at,Transitar em velocidade superior à máxima permitida para o local em mais de 20% (vinte por cento) até 50% (cinquenta por cento).
7471,"Art. 218, Inc. III",Transitar em velocidade superior à máxima permitida para o local em mais de 50%.,Transitar em velocidade superior à máxima permitida para o local em mais de 50%.
7471,"Art. 218, Inc. III",Transitar em velocidade superior mxima permitida para o local em mais de 50%.,Transitar em velocidade superior à máxima permitida para o local em mais de 50%.
7579,Art. 165-A,"Recusar-se a ser submetido a teste, exame clínico, perícia ou outro procedimento que permita certifi","Recusar-se a ser submetido a teste, exame clínico, perícia ou outro procedimento que permita certificar influência de álcool ou outra substância psicoativa."
7579,Art. 165-A,"Recusar-se a ser submetido a teste, exame clnico, percia ou outro procedimento que permita certifi","Recusar-se a ser submetido a teste, exame clínico, perícia ou outro procedimento que permita certificar influência de álcool ou outra substância psicoativa."
7587,"Art. 184, Inc. III",Transitar na faixa ou via exclusiva regulam. p/ transp. pbl. coletivo passag.,Transitar na faixa ou via exclusiva regulamentada para transporte público coletivo de passageiros.
7587,"Art. 184, Inc. III",Transitar na faixa ou via exclusiva regulam. p/ transp. públ. coletivo passag.,Transitar na faixa ou via exclusiva regulamentada para transporte público coletivo de passageiros.
7617,Art. 253-A,"Usar qualquer veculo para, deliberadamente, interromper circulao na via sem autorizao do rgo.","Usar veículo para, deliberadamente, interromper a circulação na via sem autorização do órgão ou entidade de trânsito com circunscrição sobre ela."
7617,Art. 253-A,"Usar qualquer veículo para, deliberadamente, interromper circulação na via sem autorização do órgão.","Usar veículo para, deliberadamente, interromper a circulação na via sem autorização do órgão ou entidade de trânsito com circunscrição sobre ela."
7617,ART. 253-A,"Usar veculo para, deliberadamente, perturbar circulao na via sem autorizao do rgo.","Usar veículo para, deliberadamente, perturbar a circulação na via sem autorização do órgão ou entidade de trânsito com circunscrição sobre ela."
7617,Art. 253-A,"Usar veículo para, deliberadamente, restringir circulação na via sem autorização do órgão.","Usar veículo para, deliberadamente, restringir a circulação na via sem autorização do órgão ou entidade de trânsito com circunscrição sobre ela."
7625,"ARt. 181, inc. XX","Estacionar o veculo nas vagas reservadas aos idosos, sem credencial que comprove tal condio.","Estacionar o veículo nas vagas reservadas aos idosos, sem credencial que comprove tal condição."
7625,"Art. 181, inc. XX","Estacionar o veculo nas vagas reservadas s pessoas com deficincia, sem credencial que comprove ta","Estacionar o veículo nas vagas reservadas às pessoas com deficiência, sem credencial que comprove tal condição."
7625,"ARt. 181, inc. XX","Estacionar o veículo nas vagas reservadas aos idosos, sem credencial que comprove tal condição.","Estacionar o veículo nas vagas reservadas aos idosos, sem credencial que comprove tal condição."
7625,"Art. 181, inc. XX","Estacionar o veículo nas vagas reservadas às pessoas com deficiência, sem credencial que comprove ta","Estacionar o veículo nas vagas reservadas às pessoas com deficiência, sem credencial que comprove tal condição."
7633,"Art. 252, nico",Dirigir o veculo manuseando o telefone celular.,Dirigir o veículo manuseando o telefone celular.
7633,"Art. 252, nico",Dirigir o veculo segurando o telefone celular.,Dirigir o veículo manuseando o telefone celular.
7633,"Art. 252, §único",Dirigir o veículo manuseando o telefone celular.,Dirigir o veículo manuseando o telefone celular.
7633,"Art. 252, §único",Dirigir o veículo segurando o telefone celular.,Dirigir o veículo manuseando o telefone celular.
7670,"Art. 182, XI",Parar o veículo sobre ciclovia ou ciclofaixa.,Parar o veículo sobre ciclovia ou ciclofaixa.
7684,"Art. 244, X","Conduzir motocicleta, motoneta ou ciclomotor com a utilização de capacete de segurança sem viseira o","Conduzir motocicleta, motoneta ou ciclomotor com viseira ou óculos de proteção em desacordo com a regulamentação do CONTRAN."
7684,"Art. 244, X","Conduzir motocicleta, motoneta ou ciclomotor com viseira ou óculos de proteção em desacordo com a re","Conduzir motocicleta, motoneta ou ciclomotor com viseira ou óculos de proteção em desacordo com a regulamentação do CONTRAN."
7714,"Art. 244, XI","Conduzir motocicleta, motoneta ou ciclomotor transportando passageiro com o capacete de segurança co","Conduzir motocicleta, motoneta ou ciclomotor transportando passageiro com capacete de segurança com viseira ou óculos de proteção em desacordo com a regulamentação do CONTRAN."
7714,"Art. 244, XI","Conduzir motocicleta, motoneta ou ciclomotor transportando passageiro com o capacete de segurança se","Conduzir motocicleta, motoneta ou ciclomotor transportando passageiro com capacete de segurança com viseira ou óculos de proteção em desacordo com a regulamentação do CONTRAN."
7722,"Art. 250, I, e","Em movimento deixar de manter acesa a luz baixa de dia, em rodovias de pista simples situadas fora d","Quando o veículo estiver em movimento, deixar de manter acesa a luz baixa, de dia, em rodovias de pista simples situadas fora dos perímetros urbanos, no caso de veículos desprovidos de luzes de rodagem diurna."
7765,"Art. 278, § único c/c 210",FUGIR O CONDUTOR A ACAO POLICIAL,Fugir à ação policial.
