id,code,name_concatenated,official_name,short_name,pavement_code,pavement_description
11442,119385,10T DOS PRAZERES,10ª Tavessa dos Prazeres,10Tr dos Prazeres,N,Via Não Pavimentada
9210,83275,10T CORREGO DA BICA,10ª Travessa Córrego da Bica,10ªTr  Córrego da Bica,N,Via Não Pavimentada
9218,83380,11T CORREGO DA BICA,11ª Travessa Córrego da Bica,11Tr Córrego da Bica,N,Via Não Pavimentada
9958,91928,1PR ANAJAS,1ª Paralela Anajás,1ª Pr. Anajás,S,Via Pavimentada
11408,119016,1PR CAMOCIM,1ª Paralela Camocim,1ª Paralela Camocim,N,Via Não Pavimentada
9970,92061,1SB BARAO DE CAMAQUA,1ª Subida Barão de Camaquã,1Sb Barão de Camaqua,S,Via Pavimentada
8911,79839,1SB CORREGO DO LEONCIO,1ª Subida Córrego do Leoncio,1Sb Corrego do Leoncio,S,Via Pavimentada
10164,95800,1SB CORREGO DO MARRECO,1ª Subida Córrego do Marreco,1ª Sb Córrego do Marreco,S,Via Pavimentada
10422,100544,1SB DA BRASILEIRA,1ª Subida da Brasileira,1Sb da Brasileira,S,Via Pavimentada
1040,4626,1SB DA IMBAUBA,1ª Subida da Imbaúba,1Sb da Imbauba,S,Via Pavimentada
8925,79960,1SB DA JOSELIA,1ª Subida da Josélia,1ª Sb. da Josélia,S,Via Pavimentada
8349,73156,1SB DO CORREGO DA LOURA,1ª Subida do Córrego da Loura,1ª Sb do  Córrego da Loura,S,Via Pavimentada
9280,84115,1SB DO COTO,1ª Subida do Cotó,1Sb do Coto,S,Via Pavimentada
9640,87793,1SB DO JOAQUIM,1ª Subida do Joaquim,1Sb do Joaquim,S,Via Pavimentada
7007,59420,1SB DO SARGENTO,1ª Subida do Sargento,1Sb do Sargento,X,Não definida
10461,100960,1SB DO TOINHO,1ª Subida do Toinho,1Sb do Toinho,S,Via Pavimentada
11175,116106,1SB GONCALVES,1ª Subida Gonçalves,1Sb Gonçalves,S,Via Pavimentada
11232,116858,1TR VERTENTES DO LERIO,1ª Tavessa Vertentes do  Lério,1ª Trv. Vertentes do  Lério,N,Via Não Pavimentada
9715,88684,1TR ADALBERTO ELIAS DA COSTA,1ª Travessa Adalberto Elias da Costa,1Tr Adalberto Elias da Costa,N,Via Não Pavimentada
9284,84166,1TR AFONSO OLINDENSE,1ª Travessa Afonso Olindense,1Tr Afonso Olindense,N,Via Não Pavimentada
8923,79944,1TR AGUIA BRANCA,1ª Travessa Águia Branca,1Tr Aguia Branca,S,Via Pavimentada
8217,71625,1TR ALEXANDRE DE GUSMAO,1ª Travessa Alexandre de Gusmão,1ª Tr.  Alexandre de Gusmão,S,Via Pavimentada
8318,72796,1TR ALFREDO GAMA,1ª Travessa Alfredo Gama,1Tr Alfredo Gama,S,Via Pavimentada
11579,124648,1TR ALICE GOMES,1ª Travessa Alice Gomes,1Tr. Alice Gomes,N,Via Não Pavimentada
11557,121436,1TR ALTO BOM JESUS,1ª Travessa Alto Bom Jesus,1Tr Alto Bom Jesus,X,Não definida
10318,98809,1TR ALTO BRASIL,1ª Travessa Alto Brasil,1Tr Alto Brasil,X,Não definida
9136,82376,1TR ALTO DA BELA VISTA,1ª Travessa Alto da Bela Vista,1Tr Alto da Bela Vista,S,Via Pavimentada
2217,15156,1TR ALTO DA BICA,1ª Travessa Alto da Bica,1Tr Alto da Bica,X,Não definida
8293,72524,1TR ALTO DA BOA ESPERANCA,1ª Travessa Alto da Boa Esperança,1Tr Alto da Boa Esperanca,S,Via Pavimentada
8637,76295,1TR ALTO DO EUCALIPTO,1ª Travessa Alto do Eucalipto,1Tr Alto do Eucalipto,S,Via Pavimentada
11181,116165,1TR ALTO JEQUIRI,1ª Travessa Alto Jequiri,1Tr Alto Jequiri,X,Não definida
8235,71803,1TR ALTO JOSE BONIFACIO,1ª Travessa Alto José Bonifácio,1Tr Alto José Bonifacio,P,Via Parcialmente Pavimentada
10335,98990,1TR ALTO NOSSA SENHORA DE FATIMA,1ª Travessa Alto N S de Fatima,1Tr Alto Nossa Senhora de Fatima,S,Via Pavimentada
11021,113980,1TR AMERICA CISNEIROS,1ª Travessa América Cisneiros,1Tr America Cisneiros,S,Via Pavimentada
10690,111066,1TR ANA LIMA BRANDAO,1ª Travessa Ana Lima Brandão,1Tr Ana Lima Brandao,N,Via Não Pavimentada
9352,85235,1TR ANTONIO ANTAO DE CARVALHO  REIS,1ª Travessa Antônio Antão de Carvalho Reis,1Tr Antônio Antão de Carvalho Reis,N,Via Não Pavimentada
294,114430,1TR ANTONIO CAMELO,1ª Travessa Antônio Camelo,1Tr Antônio Camelo,S,Via Pavimentada
10528,107034,1TR ANTONIO CARNEIRO,1ª Travessa Antônio Carneiro,1Tr Antônio Carneiro,S,Via Pavimentada
8930,80004,1TR ANTONIO CORREIA DE ARAUJO,1ª Travessa Antônio Correia de Araújo,1Tr Antônio Correia de Araujo,N,Via Não Pavimentada
10714,110086,1TR ANTONIO PAES BARRETO,1ª Travessa Antônio Paes Barreto,1Tr Antônio Paes Barreto,X,Não definida
10462,100978,1TR ARACAGI,1ª Travessa Aracagi,1Tr Aracagi,X,Não definida
10612,108928,1TR ARISTONICO DE OLIVEIRA,1ª Travessa Aristônico de Oliveira,1Tr Aristonico de Oliveira,X,Não definida
9440,86088,1TR ARLINDA PEREIRA DE SANTANA,1ª Travessa Arlinda Pereira de Santana,1Tr Arlinda Pereira de Santana,X,Não definida
9912,91391,1TR ARLINDO CISNEIRO,1ª Travessa Arlindo Cisneiro,1Tr Arlindo Cisneiro,S,Via Pavimentada
8282,72400,1TR ARNALDO PAES DE ANDRADE,1ª Travessa Arnaldo Paes de Andrade,1Tr Arnaldo Paes de Andrade,S,Via Pavimentada
6832,57800,1TR ARNOLDO MAGALHAES,1ª Travessa Arnoldo Magalhães,1Tr Arnoldo Magalhães,P,Via Parcialmente Pavimentada
10826,111490,1TR ARY PETER,1ª Travessa Ary Peter,1Tr Ary Peter,S,Via Pavimentada
11252,117048,1TR ASA BRANCA,1ª Travessa Asa Branca,1Tr Asa Branca,S,Via Pavimentada
11335,118079,1TR ASSIS BRASIL,1ª Travessa Assis Brasil,1TR. ASSIS BRASIL,N,Via Não Pavimentada
8505,74667,1TR AVENCA,1ª Travessa Avenca,1Tr Avenca,S,Via Pavimentada
11401,118923,1TR BAMBU,1ª Travessa Bambu,1Tr Bambu,S,Via Pavimentada
8297,72591,1TR BARAO DO CAPIBARIBE,1ª Travessa Barão do Capibaribe,1Tr Barão do Capibaribe,P,Via Parcialmente Pavimentada
11199,116491,1TR BELEM DE JUDA,1ª Travessa Belém de Judá,1Tr Belem de Juda,N,Via Não Pavimentada
11317,117862,1TR BELMINO CORREIA,1ª Travessa Belmino Correia,1Tr Belmino Correia,X,Não definida
11453,119504,1TR BENICIO DIAS,1ª Travessa Benício Dias,1ª Trv. Benício Dias,S,Via Pavimentada
9268,84026,1TR BERLIM,1ª Travessa Berlim,1Tr Berlim,N,Via Não Pavimentada
8874,79324,1TR BEZINHA,1ª Travessa Bezinha,1Tr Bezinha,N,Via Não Pavimentada
11120,115193,1TR BOANERGES PEREIRA,1ª Travessa Boanerges Pereira,1Tr Boanerges Pereira,X,Não definida
10538,107581,1TR BOM DESTINO,1ª Travessa Bom Destino,1Tr Bom Destino,X,Não definida
6974,59951,1TR BRASILANDIA,1ª Travessa Brasilândia,1Tr Brasilandia,S,Via Pavimentada
10848,111759,1TR BUENO,1ª Travessa Bueno,1Tr Bueno,X,Não definida
9451,86231,1TR BULHOES MARQUES,1ª Travessa Bulhões Marques,1Tr Bulhoes Marques,S,Via Pavimentada
11128,115541,1TR CABO EUTROPIO,1ª Travessa Cabo Eutrópio,1Tr Cabo Eutropio,N,Via Não Pavimentada
11831,700339,1TR CABO EUTROPIO,1ª Travessa Cabo Eutrópio,1Tr Cabo Eutropio,N,Via Não Pavimentada
11251,117030,1TR CABO JOSE DA CONCEICAO,1ª Travessa Cabo José da Conceição,1Tr Cabo José da Conceição,N,Via Não Pavimentada
9246,83801,1TR CAMBARATIBA,1ª Travessa Cambaratiba,1Tr Cambaratiba,S,Via Pavimentada
10593,108707,1TR CAMBORIU,1ª Travessa Camboriu,1Tr Camboriu,S,Via Pavimentada
11745,125830,1TR CAMETA,1ª Travessa Cameta,1ª Trv. Cameta,X,Não definida
11813,138142,1TR CAMOCIM,1ª Travessa Camocim,1Tr Camocim,N,Via Não Pavimentada
11533,120979,1TR CAMPO DO BANGU,1ª Travessa Campo do Bangu,1Tr Campo do Bangu,S,Via Pavimentada
11180,116157,1TR CAMPO DO ONZE,1ª Travessa Campo do Onze,1Tr Campo do Onze,N,Via Não Pavimentada
11287,117579,1TR CAMPOS TABAIARES,1ª Travessa Campos Tabaiares,1Tr Campos Tabaiares,N,Via Não Pavimentada
11140,115673,1TR CANDIDO MENDES,1ª Travessa Cândido Mendes,1Tr Cândido Mendes,N,Via Não Pavimentada
11397,119121,1TR CANTORA DOLORES DURAN,1ª Travessa Cantora Dolores Duran,1ª Trv. Cantora Dolores Duran,S,Via Pavimentada
11379,118672,1TR CAPANEMA,1ª Travessa Capanema,1Tr Capanema,X,Não definida
11000,113743,1TR CARAIBA,1ª Travessa Caraiba,Trv 1Traversa Caraiba,X,Não definida
10919,112712,1TR CARIJOS,1ª Travessa carijos,1Tr Carijos,S,Via Pavimentada
8312,72737,1TR CARLOPILOS,1ª Travessa Carlópolis,1Tr Carlopilos,P,Via Parcialmente Pavimentada
11042,114278,1TR CARLOS GOMES,1ª Travessa Carlos Gomes,1Tr Carlos Gomes,X,Não definida
10239,97195,1TR CHA DE ALEGRIA,1ª Travessa Chã de Alegria,1Tr Cha de Alegria,X,Não definida
10595,108723,1TR CHAGAS FERREIRA,1ª Travessa Chagas Ferreira,1Tr Chagas Ferreira,N,Via Não Pavimentada
11265,117277,1TR CHALE,1ª Travessa chalé,1tr. Chalé,N,Via Não Pavimentada
9088,81841,1TR CHAPADA DO ARARIPE,1ª Travessa Chapada do Araripe,1Tr Chapada do Araripe,N,Via Não Pavimentada
11328,117994,1TR CHIADOR,1ª Travessa Chiador,1Tr Chiador,N,Via Não Pavimentada
7996,69159,1TR COMPOSITOR VINICIUS DE MORAIS,1ª Travessa Compositor Vinícius de Morais,1Tr Comp Vinicius de Morais,N,Via Não Pavimentada
11298,117676,1TR CONEGO JOSE FERNANDES MACHADO,1ª Travessa Cônego José Fernandes Machado,1Tr Conego José Fernandes Machado,S,Via Pavimentada
10554,107280,1TR CONTINENTAL,1ª Travessa Continental,1Tr Continental,X,Não definida
9124,82244,1TR CORIPOS,1ª Travessa Coripos,1Tr Coripos,X,Não definida
10996,113700,1TR COROADO,1ª Travessa Coroado,Trv 1 Traversa Coroado,S,Via Pavimentada
11642,124451,1TR CORONEL FERNANDO MACHADO,1ª Travessa Coronel Fernando Machado,1Tr Cel. Fernando Machado,N,Via Não Pavimentada
10598,108766,1TR CORONEL MIZAEL DE MENDONCA,1ª Travessa Coronel Mizael de Mendonça,1Tr Cel Mizael de Mendonca,N,Via Não Pavimentada
293,100137,1TR CORREGO DA AREIA,1ª Travessa Córrego da Areia,1Tr Corrego da Areia,X,Não definida
8848,78913,1TR CORREGO DO CARROCEIRO,1ª Travessa Córrego do Carroceiro,1Tr Corrego do Carroceiro,X,Não definida
5412,44580,1TR CORREGO DO CURIO,1ª Travessa Córrego do Curio,1Tr Corrego do Curio,X,Não definida
11012,113875,1TR CORREGO DO DEODATO,1ª Travessa Córrego do Deodato,1Tr Corrego do Deodato,S,Via Pavimentada
10824,111473,1TR CORREGO DO EUCLIDES,1ª Travessa Córrego do Euclides,1Tr Corrego do Euclides,S,Via Pavimentada
10504,106020,1TR CORREGO NOVO,1ª Travessa Córrego Novo,1Tr Corrego Novo,N,Via Não Pavimentada
10090,94773,1TR CORREGO SAO JOSE,1ª Travessa Córrego São José,1Tr Corrego São José,S,Via Pavimentada
9129,82295,1TR CUSTODIA,1ª Travessa Custódia,1Tr Custodia,S,Via Pavimentada
4893,39748,1TR DA ALEGRIA,1ª Travessa da Alegria,1Tr da Alegria,S,Via Pavimentada
8255,72079,1TR DA APARECIDA,1ª Travessa da Aparecida,1Tr da Aparecida,N,Via Não Pavimentada
134,24635,1TR DA CAIXA D'AGUA,1ª Travessa da Caixa D`Água,1Tr da Caixa D`Água,N,Via Não Pavimentada
9443,86134,1TR DA CAMPINAS,1ª Travessa da Campinas,1Tr da Campinas,X,Não definida
2014,12963,1TR DA CORDILHEIRA,1ª Travessa da Cordilheira,1Tr da Cordilheira,S,Via Pavimentada
10717,110116,1TR DA ESTRADA DOS PINTOS,1ª Travessa da Estrada dos Pintos,1Tr da Estrada Dos Pintos,X,Não definida
6380,53295,1TR DA FASE,1ª Travessa da FASE,1Tr da Fase,N,Via Não Pavimentada
8420,74136,1TR DA HOLMES FONTES,1ª Travessa da Holmes Fontes,1Tr da Holmes Fontes,S,Via Pavimentada
4650,37559,1TR DA ITAPICURU,1ª Travessa da Itapicuru,1Tr da Itapicuru,X,Não definida
10665,109983,1TR DANIEL ANTONIO RODRIGUES,1ª Travessa Daniel Antônio Rodrigues,1Tr Daniel Antônio Rodrigues,X,Não definida
10489,101362,1TR DA PAZ,1ª Travessa da Paz,1Tr da Paz,N,Via Não Pavimentada
11504,120685,1TR DA PAZ,1ª Travessa da Paz,1Tr da Paz,X,Não definida
10509,101486,1TR DA RECUPERACAO,1ª Travessa da Recuperação,1Tr da Recuperacao,P,Via Parcialmente Pavimentada
6591,55182,1TR DAS PALMEIRAS,1ª Travessa das Palmeiras,1Tr das Palmeiras,S,Via Pavimentada
11656,124591,1TR DA UNIAO,1ª Travessa da União,1ª Trav. da União,S,Via Pavimentada
10813,111350,1TR DEODORO DA FONSECA,1ª Travessa Deodoro da Fonseca,1Tr Deodoro da Fonseca,S,Via Pavimentada
10429,100633,1TR DEPUTADO GOMES DE SA,1ª Travessa Deputado Gomes de Sá,1Tr Dep Gomes de Sa,X,Não definida
10782,110868,1TR DES PEDRO RIBEIRO MALTA,1ª Travessa Desembargador Pedro Ribeiro Malta,1Tr Des Pedro Ribeiro Malta,N,Via Não Pavimentada
2317,15954,1TR DES RODOLFO AURELIANO,1ª Travessa Desembargador Rodolfo Aureliano,1ª Tr Des Rodolfo Aureliano,N,Via Não Pavimentada
5296,43460,1TR DIADEMA,1ª Travessa Diadema,1Tr Diadema,X,Não definida
10490,101370,1TR DIAMANTE,1ª Travessa Diamante,1Tr Diamante,X,Não definida
5274,43354,1TR DINOPOLIS,1ª Travessa Dinópolis,1Tr Dinópolis,N,Via Não Pavimentada
521,72346,1TR DO ARANDU,1ª Travessa do Arandu,1Tr do Arandu,S,Via Pavimentada
11268,117315,1TR DO CAMPO,1ª Travessa do Campo,1Tr do Campo,N,Via Não Pavimentada
2054,13331,1TR DO CANAL,1ª Travessa do Canal,1Tr do Canal,X,Não definida
8206,71528,1TR DO CORREGO DA CALMA,1ª Travessa do Córrego da Calma,1Tr do Corrego da Calma,S,Via Pavimentada
11605,122009,1TR DO DENDE,1ª Travessa do Dende,1Tr do Dende,X,Não definida
11250,117021,1TR DOIS RIOS,1ª Travessa Dois Rios,1Tr Dois Rios,S,Via Pavimentada
11131,115584,1TR DO LIRIO,1ª Travessa do Lirio,1Tr do Lirio,N,Via Não Pavimentada
4128,32816,1TR DOM FELICIANO,1ª Travessa Dom Feliciano,1Tr Dom Feliciano,S,Via Pavimentada
9899,91235,1TR DO MUSSU,1ª Travessa do Mussu,1Tr do Mussu,N,Via Não Pavimentada
705,1481,1TR DONA BENVINDA DE FARIAS,1ª Travessa Dona Benvida de Farias,1ª Tr D. Benvinda de Farias,N,Via Não Pavimentada
11117,115169,1TR DONA CARENTINA,1ª Travessa Dona Carentina,1Tr Dona Carentina,S,Via Pavimentada
10933,114111,1TR DONA MARGARIDA,1ª Travessa Dona Margarida,Trv 1 Traversa Dona Margarida,N,Via Não Pavimentada
3537,27162,1TR DO OLIMPIO,1ª Travessa do Olímpio,1Tr do Olimpio,X,Não definida
11851,701211,1TR DO OLIVEIRA,1ª Travessa do Oliveira,1Tr do Oliveira,X,Não definida
10784,110884,1TR DOS MILAGRES,1ª Travessa Dos Milagres,1ª Tr Dos Milagres,N,Via Não Pavimentada
8300,72800,1TR DOS PRAZERES,1ª Travessa dos Prazeres,1ª Tr dos Prazeres,S,Via Pavimentada
10413,100358,1TR DOUTOR FELIX MENDONçA,1ª Travessa Doutor Felix Mendonça,1Tr Dr Felix Mendonça,X,Não definida
10687,111015,1TR DOZE DE JUNHO,1ª Travessa Doze de Junho,1ª Trv Doze de Junho,N,Via Não Pavimentada
9202,83151,1TR DR ADELINO FILHO,1ª Travessa Dr Adelino Filho,1Tr Dr Adelino Filho,N,Via Não Pavimentada
10942,112917,1TR DR ARSENIO TAVARES,1ª Travessa Dr. Arsênio Tavares,1ª Trv. Dr. Arsênio Tavares,S,Via Pavimentada
9410,85782,1TR DR LUIZ RAMOS LEAL,1ª Travessa Dr Luiz Ramos Leal,1Tr Dr Luiz Ramos Leal,N,Via Não Pavimentada
9079,81728,1TR DR TOME DIAS,1ª Travessa Dr Tomé Dias,1Tr Dr Tome Dias,S,Via Pavimentada
11322,117900,1TR EDEIA,1ª Travessa Edeia,1ª Trv. Edeia,S,Via Pavimentada
11357,118443,1TR EDVALDO DE OLIVEIRA,1ª Travessa Edvaldo de Oliveira,1Tr Edvaldo de Oliveira,X,Não definida
11144,115738,1TR EMILIO MONTEIRO FONSECA,1ª Travessa Emilio Monteiro Fonseca,1Tr Emilio Monteiro Fonseca,N,Via Não Pavimentada
9272,84050,1TR ENGENHEIRO ABDIAS DE CARVALHO,1ª Travessa Engenheiro Abdias de Carvalho,1Tr Eng Abdias de Carvalho,S,Via Pavimentada
11428,119237,1TR ERNESTO DE PAULA SANTOS,1ª Travessa Ernesto de Paula Santos,1tr.Ernesto de Paula Santos,X,Não definida
10907,112550,1TR ERUNDINA NEGREIROS DE ARAUJO,1ª Travessa Erundina Negreiros de Araujo,1Tr Erundina Negreiros de Araujo,S,Via Pavimentada
10950,113093,1TR ESTRADA DO CURADO,1ª Travessa Estrada do Curado,1Tr Estrada do Curado,X,Não definida
10182,96296,1TR FAGUNDES,1ª Travessa Fagundes,1Tr Fagundes,S,Via Pavimentada
11070,114561,1TR FAUSTO RABELO,1ª Travessa Fausto Rabelo,1Tr Fausto Rabelo,X,Não definida
6141,51110,1TR FEACA,1ª Travessa FEACA,1Tr Feaca,N,Via Não Pavimentada
3986,31321,1TR FELICIANO CASTILHO,1ª Travessa Feliciano Castilho,1Tr Feliciano Castilho,X,Não definida
8321,72834,1TR FERNANDINHO,1ª Travessa Fernandinho,1Tr Fernandinho,S,Via Pavimentada
10603,108855,1TR FERNANDO AECIO G SOUZA,1ª Travessa Fernando Aécio G Souza,1Tr Fernando Aecio G Souza,N,Via Não Pavimentada
8317,72788,1TR FERRAZ DE VASCONCELOS,1ª Travessa Ferraz de Vasconcelos,1Tr Ferraz de Vasconcelos,S,Via Pavimentada
11115,115134,1TR FLOR DO SERTAO,1ª Travessa Flor do Sertao,1Tr Flor do Sertao,N,Via Não Pavimentada
4841,39373,1TR FLORES DO ORIENTE,1ª Travessa Flores do Oriente,1Tr Flores do Oriente,S,Via Pavimentada
10492,101400,1TR FORMOSA,1ª Travessa Formosa,1Tr. Formosa,N,Via Não Pavimentada
11657,124613,1TR FRANCISCO PASSOS,1ª Travessa Francisco Passos,1Tr. Francisco Passos,N,Via Não Pavimentada
8635,76279,1TR FREDERICO OZANAN,1ª Travessa Frederico Ozanan,1Tr Frederico Ozanan,S,Via Pavimentada
8600,75809,1TR FREI CASSIMIRO,1ª Travessa Frei Cassimiro,1Tr Frei Cassimiro,S,Via Pavimentada
11494,120570,1TR FREI DAMIAO,1ª Travessa Frei Damiao,1Tr Frei Damiao,X,Não definida
11404,118966,1TR FRUTUOSO GOMES,1ª Travessa Frutuoso Gomes,1Tr Frutuoso Gomes,X,Não definida
10991,113654,1TR FRUTUOSO GOMES,1ª Travessa Frutuoso Gomes,1ª Trv Frutuoso Gomes,N,Via Não Pavimentada
332,126187,1TR GALILEIA,1ª Travessa Galiléia,1ª Tr. Galiléia,N,Via Não Pavimentada
11838,700592,1TR GENERAL MENA BARRETO,1ª Travessa General Mena Barreto,1Tr Gal Mena Barreto,X,Não definida
9055,81477,1TR GENERAL SOUZA GOMES,1ª Travessa General Souza Gomes,1Tr Gal Souza Gomes,N,Via Não Pavimentada
11350,118354,1TR GETULIO VARGAS,1ª Travessa Getulio Vargas,1Tr Getulio Vargas,S,Via Pavimentada
11164,115940,1TR GOIANIRA,1ª Travessa Goianira,1Tr Goianira,N,Via Não Pavimentada
11116,115150,1TR GOVERNADOR ROBERTO SILVEIRA,1ª Travessa Governador Roberto Silveira,1Tr Gov Roberto Silveira,X,Não definida
10988,113620,1TR GRAVATA,1ª Travessa Gravatá,Trv 1 Traversa Gravata,X,Não definida
10625,109673,1TR GREGORIO JUNIOR,1ª Travessa Gregório Júnior,1Tr Gregorio Junior,S,Via Pavimentada
10524,101656,1TR GUARULHOS,1ª Travessa Guarulhos,1Tr Guarulhos,X,Não definida
10069,94412,1TR HERMILIO GOMES,1ª Travessa Hermílio Gomes,1ª Trv. Hermílio Gomes,P,Via Parcialmente Pavimentada
10818,111392,1TR HIDROLANDIA,1ª Travessa Hidrolândia,1Tr Hidrolândia,N,Via Não Pavimentada
8140,70769,1TR INTERLANDIA,1ª Travessa Interlandia,1Tr Interlandia,N,Via Não Pavimentada
69,115290,1TR JAGUARE,1ª Travessa Jaguare,1Tr Jaguare,X,Não definida
11407,119008,1TR JOAO CABRAL DE MELO NETO,1ª Travessa João Cabral de Melo Neto,1Tr João Cabral de Melo Neto,P,Via Parcialmente Pavimentada
11601,121878,1TR JOAO CAVALCANTI PETRIBU,1ª Travessa João Cavalcanti Petribu,1Tr João Cavalcanti Petribu,N,Via Não Pavimentada
8009,69396,1TR JOAO CORREIA FILHO,1ª Travessa João Correia Filho,1Tr João Correia Filho,S,Via Pavimentada
10155,96059,1TR JOAQUIM DA SILVA CALDAS,1ª Travessa Joaquim da Silva Caldas,1Tr Joaquim da Silva Caldas,S,Via Pavimentada
11103,114979,1TR JOHN BISPO,1ª Travessa John Bispo,1Tr John Bispo,S,Via Pavimentada
315,119628,1TR JONHATHAS DE VASCONCELOS,1ª Travessa Jonhathas de Vasconcelos,1tr. Jonhathas de Vasconcelos,X,Não definida
11497,120618,1TR JORNALISTA COSTA PORTO,1ª Travessa Jornalista Costa Porto,1Tr Jorn Costa Porto,N,Via Não Pavimentada
10681,110051,1TR JOSE DA SILVA LUCENA,1ª Travessa José da Silva Lucena,1Tr José da Silva Lucena,X,Não definida
10706,115380,1TR JOSE FIRMO PIRES,1ª Travessa José Firmo Pires,1ª Trv. José Firmo Pires,X,Não definida
11111,115061,1TR JOSE MARTORANO,1ª Travessa José Martorano,1Tr José Martorano,X,Não definida
9165,82651,1TR JOSE MENEZES DE LYRA FILHO,1ª Travessa José Menezes de Lyra Filho,1ª Tr. José Menezes de Lyra Filho,N,Via Não Pavimentada
6095,50792,1TR JUSTICA E PAZ,1ª Travessa Justiça e Paz,1Tr Justica e Paz,N,Via Não Pavimentada
10917,112690,1TR LADEIRA DO BARTOLOMEU,1ª Travessa ladeira do bartolomeu,1Tr Ladeira do Bartolomeu,S,Via Pavimentada
8739,77712,1TR LAGE DE UNA,1ª Travessa Laje de Una,1Tr. Laje de Una,N,Via Não Pavimentada
11045,114308,1TR LAVRINHAS,1ª Travessa Lavrinhas,1Tr Lavrinhas,S,Via Pavimentada
11514,120944,1TR LEAL,1ª Travessa Leal,1Tr Leal,X,Não definida
11846,701025,1TR LEDINHA,1ª Travessa Ledinha,1Tr Ledinha,S,Via Pavimentada
10947,113069,1TR LEONCIO RODRIGUES,1ª Travessa Leoncio Rodrigues,1Tr Leoncio Rodrigues,S,Via Pavimentada
11275,117439,1TR LEOPOLDO BULHOES,1ª Travessa Leopoldo Bulhões,1Tr Leopoldo Bulhoes,X,Não definida
1303,6580,1TR LIBERDADE,1ª Travessa Liberdade,1Tr Liberdade,S,Via Pavimentada
10806,111279,1TR LISBOA,1ª Travessa Lisboa,1Tr Lisboa,S,Via Pavimentada
11650,124540,1TR LUIS EURICO TEJERA LISBOA,1ª Travessa Luiz Eurico Tejera Lisboa,1Tr.  Luiz Eurico Tejera Lisboa,S,Via Pavimentada
10751,110426,1TR LUIZ SOUTO DOURADO,1ª Travessa Luiz Souto Dourado,1Tr Luiz Souto Dourado,X,Não definida
10685,112895,1TR LUPERCIO,1ª Travessa  Lupércio,1ªTrv. Lupércio,N,Via Não Pavimentada
11067,114537,1TR MAJOR MARIO PORTELA,1ª Travessa Major Mario Portela,1Tr Major Mario Portela,S,Via Pavimentada
8944,80144,1TR MANDACARU,1ª Travessa Mandacaru,1Tr Mandacaru,S,Via Pavimentada
10641,109827,1TR MANOEL GONCALVES DA LUZ,1ª Travessa Manoel Gonçalves da Luz,1Tr Manoel Gonçalves da Luz,S,Via Pavimentada
558,280,1TR MANUEL SALVADOR,1ª Travessa Manuel Salvador,1Tr Manuel Salvador,N,Via Não Pavimentada
9660,87971,1TR MARAGOGIPE,1ª Travessa Maragogipe,1Tr Maragogipe,N,Via Não Pavimentada
2174,14745,1TR MARCIA MENDES,1ª Travessa Marcia Mendes,1Tr Marcia Mendes,N,Via Não Pavimentada
11730,125776,1TR MARECHAL BITTENCOUT,1ª Travessa Marechal Bittencout,1tr. Marechal Bittencout,X,Não definida
8135,70882,1TR MARQUES DE BAIPENDI,1ª Travessa Marquês de Baipendi,1Tr Marques de Baipendi,S,Via Pavimentada
10322,98868,1TR MERCURIO,1ª Travessa Mercurio,1Tr Mercurio,S,Via Pavimentada
10923,112755,1TR MONTEREY,1ª Travessa Monterey,1Tr Monterey,S,Via Pavimentada
11225,116769,1TR MORRO DO PILAR,1ª Travessa Morro do Pilar,1Tr Morro do Pilar,P,Via Parcialmente Pavimentada
10948,113077,1TR NELSON DE SENA,1ª Travessa Nelson de Sena,1Tr Nelson de Sena,N,Via Não Pavimentada
7983,68870,1TR N S DOS PRAZERES,1ª Travessa Nossa Senhora dos Prazeres,1ª Tr N. Srª dos Prazeres,N,Via Não Pavimentada
8880,79405,1TR N S DA PENHA,1ª Travessa N S da Penha,1Tr N S da Penha,X,Não definida
11530,121258,1TR OTAVIANO DE ALMEIDA ROSA,1ª Travessa Otaviano de Almeida Rosa,1Tr Otaviano de Almeida Rosa,S,Via Pavimentada
11197,116424,1TR PADRE MOSCA DE CARVALHO,1ª Travessa padre mosca de carvalho,1Tr padre mosca de carvalho,S,Via Pavimentada
11093,114855,1TR PADRE ANTONIO PRADO,1ª Travessa Padre Mosca de Carvalho,1Tr Padre Mosca de Carvalho,N,Via Não Pavimentada
1678,10103,1TR PAJUSSARA,1ª Travessa Pajussara,1ª Tr Pajussara,X,Não definida
11371,118583,1TR PARNAGUA,1ª Travessa Parnagua,1Tr Parnagua,X,Não definida
11565,121517,1TR PARQUE SANTA MARIA,1ª Travessa Parque Santa Maria,1Tr  Parque Stª Maria,N,Via Não Pavimentada
10802,111244,1TR PASTOR BENOBY CARVALHO DE SOUZA,1ª Travessa Pastor Benoby Carvalho de Souza,1Tr Pastor Benoby Carvalho de Souza,S,Via Pavimentada
10867,111902,1TR PEDRO BATISTA,1ª Travessa Pedro Batista,1Tr Pedro Batista,S,Via Pavimentada
11288,117587,1TR PELOPIDAS ARROUXELAS GALVAO,1ª Travessa Pelópidas Arrouxelas Galvão,1Tr Pelopidas Arrouxelas Galvao,X,Não definida
11519,120820,1TR PEREIRA BARRETO,1ª Travessa Pereira Barreto,1Tr Pereira Barreto,X,Não definida
11396,119180,1TR PERNAMBUCO,1ª Travessa Pernambuco,1Tr Pernambuco,N,Via Não Pavimentada
11263,117153,1TR PICO DA NEBLINA,1ª Travessa Pico da Neblina,1Tr Pico da Neblina,S,Via Pavimentada
10949,113085,1TR PIRACICABA,1ª Travessa Piracicaba,1Tr Piracicaba,N,Via Não Pavimentada
10457,100919,1TR PIRIZAL,1ª Travessa Pirizal,1Tr Pirizal,S,Via Pavimentada
10795,111180,1TR PITA,1ª Travessa Pita,1Tr Pita,X,Não definida
11084,114766,1TR PLATINA,1ª Travessa Platina,1Tr Platina,N,Via Não Pavimentada
4127,32808,1TR PLINIO COELHO,1ª Travessa Plínio Coelho,1Tr Plinio Coelho,S,Via Pavimentada
11390,118818,1TR POLONI,1ª Travessa Poloni,1Tr Poloni,N,Via Não Pavimentada
8320,72826,1TR POPULAR,1ª Travessa Popular,1Tr Popular,S,Via Pavimentada
11216,116688,1TR PRESIDENTE DUTRA,1ª Travessa Presidente Dutra,1Tr Pres Dutra,P,Via Parcialmente Pavimentada
11123,115231,1TR PRESIDENTE KENNEDY,1ª Travessa Presidente Kennedy,1Tr Pres Kennedy,X,Não definida
8105,70394,1TR PRIMEIRO DE JANEIRO,1ª Travessa Primeiro de Janeiro,1Tr Primeiro de Janeiro,S,Via Pavimentada
10952,113360,1TR PRINCIPE DA BEIRA,1ª Travessa Principe da Beira,1Tr Principe da Beira,P,Via Parcialmente Pavimentada
10778,110825,1TR PROFESSOR JOAQUIM AMAZONAS,1ª Travessa Professor Joaquim Amazonas,1Tr Prof Joaquim Amazonas,X,Não definida
10643,109835,1TR PROFESSOR JOSUE DE CASTRO,1ª Travessa Professor Josué de Castro,1Tr Prof Josue de Castro,N,Via Não Pavimentada
4181,33308,1TR PROFESSOR PELAGIO SILVEIRA,1ª Travessa Professor Pelágio Silveira,1Tr Prof Pelagio Silveira,S,Via Pavimentada
9435,86193,1TR PROFESSOR SILVIO RABELO,1ª Travessa Professor Silvio Rabelo,1Tr Prof Silvio Rabelo,X,Não definida
10776,110809,1TR PROFESSOR SIMOES BARBOSA,1ª Travessa Professor Simões Barbosa,1Tr Prof Simões Barbosa,S,Via Pavimentada
4682,37818,1TR QUATRO DE SETEMBRO,1ª Travessa Quatro de Setembro,1Tr Quatro de Setembro,X,Não definida
8165,71048,1TR RANDOLFO PINTO FERREIRA,1ª Travessa Randolfo Pinto Ferreira,1Tr Randolfo Pinto Ferreira,X,Não definida
11160,115894,1TR REALEZA,1ª Travessa Realeza,1Tr Realeza,N,Via Não Pavimentada
11059,114456,1TR RUA NOVA,1ª Travessa Rua Nova,1tr Rua Nova,S,Via Pavimentada
8266,72176,1TR SANTA LUCIA,1ª Travessa Santa Lúcia,1Tr Santa Lucia,S,Via Pavimentada
10568,107450,1TR SANTA MARIA,1ª Travessa Santa Maria,1Tr Santa Maria,X,Não definida
10427,100595,1TR SANTO ANTONIO,1ª Travessa Santo Antônio,1Tr Santo Antônio,N,Via Não Pavimentada
11574,121606,1TR SANTO CRISTO,1ª Travessa Santo Cristo,1Tr Santo Cristo,X,Não definida
6222,51888,1TR SAO GOTARDO,1ª Travessa São Gotardo,1Tr São Gotardo,X,Não definida
11061,114472,1TR SAO JOAO,1ª Travessa São João,1Tr São João,S,Via Pavimentada
3809,29580,1TR SAO JOAO EUDES,1ª Travessa São João Eudes,1Tr São João Eudes,N,Via Não Pavimentada
9043,81337,1TR SAO JOSE,1ª Travessa São José,1Tr São José,N,Via Não Pavimentada
9891,90980,1TR SAO JOSE,1ª Travessa São José,1Tr São José,X,Não definida
7978,68837,1TR SAO LAZARO,1ª Travessa São Lázaro,1Tr São Lazaro,N,Via Não Pavimentada
1419,7706,1TR SAO MATEUS,1ª Travessa São Mateus,1Tr São Mateus,S,Via Pavimentada
8402,73725,1TR SAO MIGUEL,1ª Travessa São Miguel,1Tr São Miguel,N,Via Não Pavimentada
10546,107204,1TR SAO PEDRO,1ª Travessa São Pedro,1Tr São Pedro,X,Não definida
11285,117552,1TR SEIS DE MARCO,1ª Travessa Seis de Março,1Tr Seis de Março,N,Via Não Pavimentada
11106,115002,1TR SERGIO BITENCOURT,1ª Travessa Sérgio Bitencourt,1Tr Sergio Bitencourt,S,Via Pavimentada
11259,117110,1TR SERRA DA MANTIQUEIRA,1ª Travessa Serra da Mantiqueira,1Tr Serra da Mantiqueira,S,Via Pavimentada
11122,115223,1TR SERTANIA,1ª Travessa Sertania,1Tr Sertania,N,Via Não Pavimentada
10570,107522,1TR SETE DE SETEMBRO,1ª Travessa Sete de Setembro,1Tr Sete de Setembro,X,Não definida
11386,118745,1TR SIDROLANDIA,1ª Travessa Sidrolandia,1Tr Sidrolandia,S,Via Pavimentada
6103,50873,1TR SINDICATO DOS COMERCIARIOS,1ª Travessa Sindicato dos Comerciários,1ªTr. Sindicato dos Comerciários,N,Via Não Pavimentada
8446,74233,1TR SIRIJI,1ª Travessa Siriji,1Tr Siriji,S,Via Pavimentada
8276,72273,1TR SITIO DAS PALMEIRAS,1ª Travessa Sítio das Palmeiras,1Tr Sítio  das Palmeiras,N,Via Não Pavimentada
10213,96717,1TR SODRELIA,1ª Travessa Sodrélia,1Tr Sodrelia,X,Não definida
11065,114510,1TR SO NOS DOIS,1ª Travessa  Só  Nós Dois,1ª Trv.  Só  Nós Dois,N,Via Não Pavimentada
8902,79650,1TR SUCUPIRA,1ª Travessa Sucupira,1Tr Sucupira,P,Via Parcialmente Pavimentada
9231,83585,1TR SUZANO,1ª Travessa Suzano,1Tr Suzano,S,Via Pavimentada
4619,37230,1TR TACIABA,1ª Travessa Taciaba,1Tr Taciaba,X,Não definida
9812,90115,1TR TAMANDARE,1ª Travessa Tamandaré,1Tr Tamandare,X,Não definida
11715,125245,1TR TAMBOARA,1ª Travessa Tamboara,1Tr Tamboara,N,Via Não Pavimentada
11281,117501,1TR TENENTE ROLAND RITTMISTER,1ª Travessa Tenente Roland Rittmister,1Tr Ten Roland Rittmister,N,Via Não Pavimentada
11075,114634,1TR TEOFILO OTONI,1ª Travessa Teofilo Otoni,1Tr Teofilo Otoni,X,Não definida
10130,95265,1TR TIJOLOS,1ª Travessa Tijolos,1Tr Tijolos,X,Não definida
8323,72850,1TR TRES MORROS,1ª Travessa Tres Morros,1Tr Tres Morros,S,Via Pavimentada
10863,111872,1TR TUPIRACABA,1ª Travessa Tupiracaba,1Tr Tupiracaba,S,Via Pavimentada
9256,83909,1TR UBIRATA,1ª Travessa Ubiratã,1Tr Ubirata,P,Via Parcialmente Pavimentada
10794,111171,1TR URANIA,1ª Travessa Urania,1Tr Urania,S,Via Pavimentada
9076,81698,1TR URUPES,1ª Travessa Urupes,1Tr Urupes,S,Via Pavimentada
11616,123315,1TR VALE DO ITAJAI,1ª Travessa Vale do Itajai,1Tr Vale do Itajai,N,Via Não Pavimentada
7098,60283,1TR VASCO DA GAMA,1ª Travessa Vasco da Gama,1Tr Vasco da Gama,S,Via Pavimentada
11108,115029,1TR VERDEJANTE,1ª Travessa Verdejante,1Tr Verdejante,S,Via Pavimentada
11155,115851,1TR VEREADOR OTACILIO AZEVEDO,1ª Travessa Vereador Otacilio Azevedo,1Tr Ver Otacilio Azevedo,N,Via Não Pavimentada
11257,117099,1TR VEREADOR SERGIO GODOY,1ª Travessa Vereador Sérgio Godoy,1Tr Ver Sergio Godoy,S,Via Pavimentada
10597,108758,1TR VERTENTES DO LERIO,1ª Travessa Vertentes do Lério,1Tr Vertentes do Lerio,N,Via Não Pavimentada
8826,78662,1TR VIRGILIO CAMPELO,1ª Travessa Virgilio Campelo,1Tr Virgilio Campelo,S,Via Pavimentada
11517,120804,1TR VISCONDE DE GARRETT,1ª Travessa Visconde de Garrett,1Tr Visc de Garrett,N,Via Não Pavimentada
11837,700584,1TR WALDEMAR REIS DO REGO,1ª Travessa Waldemar Reis do Rego,1Tr Waldemar Reis do Rego,X,Não definida
10837,111651,1TR XAVIER SIBRINHO,1ª Travessa Xavier Sobrinho,1Tr Xavier Sobrinho,S,Via Pavimentada
11609,123021,1BE DELFIM,1º  Beco Delfim,1º Bec Delfim,S,Via Pavimentada
11658,124621,1TR DAS PALMEIRAS,1º Travessa das Palmeiras,1º Tr das Plameiras,N,Via Não Pavimentada
10920,112720,1TR DO DENDE,1º Travessa do dende,1Tr do dende,S,Via Pavimentada
11767,126349,1TR DR SABINO PINHO,1º Travessa Doutor Sabino Pinho,1º Tr Dr Sabino Pinho,N,Via Não Pavimentada
11611,123277,1TR HORIZONTINA,1º Travessa Horizontina,1º trv. Horizontina,X,Não definida
10174,96156,1TR ITACOLOMIS,1º Travessa Itacolomis,1º Trv Itacolomis,S,Via Pavimentada
11620,123374,1TR CHAVAL,1 Travessa Chaval,1Tr Chaval,S,Via Pavimentada
11055,114405,1TR DA FRONTEIRA,1 Travessa da Fronteira,1Tr da Fronteira,S,Via Pavimentada
10895,112437,1TR DOS BANDEIRANTES,1 Travessa dos Bandeirantes,1 Tr dos Bandeirantes,N,Via Não Pavimentada
11769,126381,1TR DRA AMARILES BARBOSA DE AGUIAR,1 Travessa Doutora Amariles Barbosa de Aguiar,1TR Dra Amariles Barbosa de Aguiar,N,Via Não Pavimentada
343,126306,1TR JOSE CARLOS N DA MATA MACHADO,1Travessa José Carlos N da Mata Machado,1Tr José Carlos N da Mata Machado,N,Via Não Pavimentada
11640,124435,1TR PROFESSOR ROBERTO DE AMORIM ALMEIDA,1 Travessa Professor Roberto de Amorim Almeida,1 Tr. Prof. Roberto de Amorim Almeida,N,Via Não Pavimentada
11793,137243,1TR SERRA PELADA,1 Travessa Serra Pelada,1tr Serra Pelada,N,Via Não Pavimentada
11712,125199,1TR GONCALVES DIAS,1 Travesssa Gonlçalves Dias,1Tr Gonçalves Dias,S,Via Pavimentada
8928,79987,2SB CORREGO DO LEONCIO,2ª Subida Córrego do Leôncio,2ª Sb. Córrego do Leôncio,S,Via Pavimentada
11348,118346,2SB DA PACIENCIA,2ª Subida da Paciência,2ª Sb. da Paciência,S,Via Pavimentada
9457,86339,2SB DO BOLEIRO,2ª Subida do Boleiro,2Sb do Boleiro,S,Via Pavimentada
9462,86401,2SB DO CACIMBAO,2ª Subida do Cacimbão,2ª Sb do Cacimbão,S,Via Pavimentada
8989,80632,2SB DO COMISSARIO,2ª Subida do Comissário,2ª Sb do Comissário,S,Via Pavimentada
8260,72117,2SB DO CORREGO DO EUCLIDES,2ª Subida do Córrego do Euclides,2ª Sb do Córrego do Euclides,S,Via Pavimentada
9282,84123,2SB DO COTO,2ª Subida do Cotó,2ª Sb do Cotó,S,Via Pavimentada
8920,79910,2SB FELISBURGO,2ª Subida Felisburgo,2Sb Felisburgo,S,Via Pavimentada
11324,117943,2TR ALTO DO RESERVATORIO,2ª Tavessa Alto do Reservatório,2ª Trv. Alto do Reservatório,N,Via Não Pavimentada
10968,113220,2TR LUPERCIO,2ª Tavessa Lupércio,2ª Trv. Lupércio,N,Via Não Pavimentada
11749,125938,2TR VARZIA NOVA,2ª Traverssa Varzia Nova,2Tr Varzia Nova,N,Via Não Pavimentada
8922,79936,2TR AGUIA BRANCA,2ª Travessa Águia Branca,2Tr Aguia Branca,S,Via Pavimentada
70,115320,1TR BELO ORIENTE,2ª Travessa Alegria,2Tr Alegria,X,Não definida
11558,121444,2TR ALTO BOM JESUS,2ª Travessa Alto Bom Jesus,2Tr Alto Bom Jesus,X,Não definida
11342,118206,2TR ALTO DA BELA VISTA,2ª Travessa Alto da Bela Vista,2Tr Alto da Bela Vista,X,Não definida
2219,15172,2TR ALTO DA BICA,2ª Travessa Alto da Bica,2Tr Alto da Bica,X,Não definida
10718,110124,2TR ALTO DA BOA ESPERANCA,2ª Travessa Alto da Boa Esperança,2Tr Alto da Boa Esperanca,X,Não definida
44,72311,2TR ALTO DA CONQUISTA,2ª Travessa Alto da Conquista,2Tr Alto da Conquista,X,Não definida
1039,4618,2TR ALTO DA SERRINHA,2ª Travessa Alto da Serrinha,2Tr Alto da Serrinha,S,Via Pavimentada
9181,82929,2TR ALTO DA TELHA,2ª Travessa Alto da Telha,2Tr Alto da Telha,S,Via Pavimentada
11095,114871,2TR ALTO DO CRUZEIRO,2ª Travessa Alto do Cruzeiro,2Tr Alto do Cruzeiro,S,Via Pavimentada
9144,82414,2TR ALTO DO PARAISO,2ª Travessa Alto do Paraíso,2Tr Alto do Paraiso,S,Via Pavimentada
8200,71447,2TR ALTO DOS COQUEIROS,2ª Travessa Alto dos Coqueiros,2Tr Alto Dos Coqueiros,X,Não definida
8355,73229,2TR ANA CARNEIRO D'ALBUQUERQUE,2ª Travessa Ana Carneiro D`Albuquerque,2ª Tr Ana Carneiro D`Albuquerque,S,Via Pavimentada
9353,85243,2TR ANTONIO ANTAO DE CARVALHO REIS,2ª Travessa Antônio Antão de Carvalho Reis,2Tr Antônio Antao de Carvalho Reis,X,Não definida
10529,107042,2TR ANTONIO CARNEIRO,2ª Travessa Antônio Carneiro,2Tr Antônio Carneiro,S,Via Pavimentada
8931,80012,2TR ANTONIO CORREIA DE ARAUJO,2ª Travessa Antônio Correia de Araújo,2Tr Antônio Correia de Araujo,N,Via Não Pavimentada
10715,110094,2TR ANTONIO PAES BARRETO,2ª Travessa Antônio Paes Barreto,2Tr Antônio Paes Barreto,X,Não definida
10565,107425,2TR ARNALDO PAES DE ANDRADE,2ª Travessa Arnaldo Paes de Andrade,2Tr Arnaldo Paes de Andrade,S,Via Pavimentada
6834,57835,2TR ARNOLDO MAGALHAES,2ª Travessa Arnoldo Magalhães,2Tr Arnoldo Magalhães,N,Via Não Pavimentada
8803,78425,2TR ATLANTICA,2ª Travessa Atlântica,2Tr Atlantica,X,Não definida
6082,50660,2TR BANCARIOS,2ª Travessa Bancários,2ª Tr. Bancarios,N,Via Não Pavimentada
4868,40100,2TR BARAO DE JAPARANA,2ª Travessa Barão de Japarana,2Tr Barão de Japarana,N,Via Não Pavimentada
11464,120243,2TR BELEM DE JUDA,2ª Travessa Belém de Judá,2Tr Belem de Juda,N,Via Não Pavimentada
8403,73741,2TR BENJAMIM TORREAO,2ª Travessa Benjamin Torreão,2ª Tr Benjamin Torreão,S,Via Pavimentada
9267,84018,2TR BERLIM,2ª Travessa Berlim,2Tr Berlim,N,Via Não Pavimentada
8858,79111,2TR BEZINHA,2ª Travessa Bezinha,2Tr Bezinha,N,Via Não Pavimentada
6131,51020,2TR BOANERGES PEREIRA,2ª Travessa Boanerges Pereira,2Tr Boanerges Pereira,S,Via Pavimentada
11550,121304,2TR BONIFACIO DE ANDRADE,2ª Travessa Bonifácio de Andrade,2Tr Bonifacio de Andrade,S,Via Pavimentada
7071,60046,2TR BRASILANDIA,2ª Travessa Brasilândia,2Tr Brasilandia,S,Via Pavimentada
11029,114081,2TR CABO EUTROPIO,2ª Travessa Cabo Eutrópio,2Tr Cabo Eutropio,N,Via Não Pavimentada
10711,115495,2TR CABO EUTROPIO,2ª Travessa Cabo Eutrópio,2Tr Cabo Eutropio,N,Via Não Pavimentada
10594,108715,2TR CAMBORIU,2ª Travessa Camboriu,2Tr Camboriu,X,Não definida
8945,80152,2TR CAMETA,2ª Travessa Cameta,2Tr Cameta,X,Não definida
11607,123005,2TR CAMOCIM,2ª Travessa Camocim,2Tr Camocim,S,Via Pavimentada
9219,83410,2TR CAMPINAS,2ª Travessa Campinas,2Tr Campinas,P,Via Parcialmente Pavimentada
11847,701033,2TR CAMPO DO ONZE,2ª Travessa Campo do Onze,2Tr Campo do Onze,N,Via Não Pavimentada
11001,113751,2TR CARAIBA,2ª Travessa Caraíba,Trv 2 Traversa Caraiba,X,Não definida
9227,83526,2TR CHAGAS FERREIRA,2ª Travessa Chagas Ferreira,2Tr Chagas Ferreira,S,Via Pavimentada
11724,125466,2TR CHALE,2ª Travessa Chalé,2Tr Chalé,N,Via Não Pavimentada
8778,78174,2TR CHAPADA DO ARARIPE,2ª Travessa Chapada do Araripe,2Tr Chapada do Araripe,N,Via Não Pavimentada
11316,117854,2TR CHIADOR,2ª Travessa Chiador,2Tr Chiador,N,Via Não Pavimentada
7997,69175,2TR COMPOSITOR VINICIUS DE MORAIS,2ª Travessa Compositor Vinicius de Morais,2Tr Comp Vinicius de Morais,X,Não definida
10555,107298,2TR CONTINENTAL,2ª Travessa Continental,2Tr Continental,X,Não definida
10997,113719,2TR COROADO,2ª Travessa Coroado,2Tr Coroado,S,Via Pavimentada
8873,79316,2TR CORREGO DA BICA,2ª Travessa Córrego da Bica,2Tr Córrego da Bica,N,Via Não Pavimentada
11008,113832,2TR CORREGO DA CALMA,2ª Travessa Córrego da Calma,2Tr Corrego da Calma,S,Via Pavimentada
10541,107166,2TR CORREGO DA FORTUNA,2ª Travessa Córrego da Fortuna,2Tr Corrego da Fortuna,X,Não definida
9240,83690,2TR CORREGO DA TELHA,2ª Travessa Córrego da Telha,2Tr Corrego da Telha,S,Via Pavimentada
10866,111899,2TR CORREGO DO CURIO,2ª Travessa Córrego do Curió,2Tr Corrego do Curio,N,Via Não Pavimentada
10048,93904,2TR CORREGO SANTA TEREZINHA,2ª Travessa Córrego Santa Terezinha,2Tr Corrego Santa Terezinha,S,Via Pavimentada
10107,94919,2TR CORREGO SAO JOSE,2ª Travessa Córrego São José,2Tr Corrego São José,S,Via Pavimentada
11343,118214,2TR CUSTODIA,2ª Travessa Custodia,2Tr Custodia,X,Não definida
8894,79561,2TR DA FLORESTA,2ª Travessa da Floresta,2Tr da Floresta,P,Via Parcialmente Pavimentada
11054,114391,2TR DA FRONTEIRA,2ª Travessa da Fronteira,2tr da Fronteira,S,Via Pavimentada
8437,74144,2TR DA HOLMES FONTES,2ª Travessa da Holmes Fontes,2Tr da Holmes Fontes,P,Via Parcialmente Pavimentada
4651,37567,2TR DA ITAPICURU,2ª Travessa da Itapicuru,2Tr da Itapicuru,X,Não definida
8525,74870,2TR DA LINHA,2ª Travessa da Linha,2Tr da Linha,N,Via Não Pavimentada
8679,76880,2TR DA LINHA NOVA,2ª Travessa da Linha Nova,2Tr da Linha Nova,X,Não definida
9561,87483,2TR DA MACAIBA,2ª Travessa da Macaíba,2Tr da Macaiba,S,Via Pavimentada
8927,79979,2TR DAMOLANDIA,2ª Travessa  Damolandia,2Tr  Damolandia,N,Via Não Pavimentada
11583,121665,2TR DA PAZ,2ª Travessa da Paz,2Tr da Paz,N,Via Não Pavimentada
11505,120693,2TR DA PAZ,2ª Travessa da Paz,2Tr da Paz,N,Via Não Pavimentada
9432,86045,2TR DA RECUPERACAO,2ª Travessa da Recuperação,2Tr da Recuperacao,P,Via Parcialmente Pavimentada
8085,70190,2TR DA REGENERACAO,2ª Travessa da Regeneração,2Tr da Regeneracao,X,Não definida
49,84883,2TR DA RUA DO MEIO,2ª Travessa da rua do Meio,2ª Tr.  da rua do Meio,N,Via Não Pavimentada
9157,82570,2TR DA SUBIDA DA MEDALHA MILAGROSA,2ª Travessa da Subida da Medalha Milagrosa,2Tr da Subida da Medalha Milagrosa,S,Via Pavimentada
10421,100447,2TR DA UNIAO,2ª Travessa da União,2Tr da União,S,Via Pavimentada
9580,100293,2TR DEPUTADO BEROALDO LOPES MAIA,2ª Travessa Deputado Beroaldo Lopes Maia,2Tr Dep Beroaldo Lopes Maia,X,Não definida
8548,75264,2TR DES ALTINO,2ª Travessa Desembargador Altino,2ª Tr Des. Altino,N,Via Não Pavimentada
10781,110850,2TR DES PEDRO RIBEIRO MALTA,2ª Travessa Desembargador Pedro Ribeiro Malta,2ª Tr Des Pedro Ribeiro Malta,N,Via Não Pavimentada
2262,15806,2TR DES RODOLFO AURELIANO,2ª Travessa Desembargador Rodolfo Aureliano,2ª Tr. Des. Rodolfo Aureliano,N,Via Não Pavimentada
5275,43362,2TR DINOPOLIS,2ª Travessa Dinópolis,2Tr Dinopolis,X,Não definida
522,72354,2TR DO ARANDU,2ª Travessa do Arandu,2Tr do Arandu,S,Via Pavimentada
9560,87475,2TR DO CHAFARIZ,2ª Travessa do Chafariz,2Tr do Chafariz,S,Via Pavimentada
10921,112739,2TR DO DENDE,2ª Travessa do Dendê,2ª Tr do Dendê,P,Via Parcialmente Pavimentada
9713,88668,2TR DO EUCALIPTO,2ª Travessa do Eucalipto,2Tr do Eucalipto,X,Não definida
11132,115592,2TR DO LIRIO,2ª Travessa do Lírio,2Tr do Lirio,S,Via Pavimentada
1872,11770,2TR DOM FELICIANO,2ª Travessa Dom Feliciano,2Tr Dom Feliciano,S,Via Pavimentada
10911,112585,2TR DONA CARENTINA,2ª Travessa Dona Carentina,2Tr Dona Carentina,X,Não definida
8347,73130,2TR DO OLIVEIRA,2ª Travessa do Oliveira,2Tr do Oliveira,N,Via Não Pavimentada
135,24643,2TR DO RABILO,2ª Travessa do Rabilo,2Tr do Rabilo,S,Via Pavimentada
11417,119105,2TR DOS MILAGRES,2ª Travessa dos Milagres,2ª Trv. dos Milagres,N,Via Não Pavimentada
8353,73180,2TR DOS PRAZERES,2ª Travessa dos Prazeres,2ª Tr dos Prazeres,S,Via Pavimentada
9290,84247,2TR DOUTOR ANTIOGENES CHAVES,2ª Travessa Doutor Antiogenes Chaves,2Tr Dr Antiogenes Chaves,X,Não definida
9112,82058,2TR DR ARSENIO TAVARES,2ª Travessa Doutor Arsênio Tavares,2Tr Dr Arsênio Tavares,N,Via Não Pavimentada
10412,100340,2TR DOUTOR FELIX MENDONCA,2ª Travessa Doutor Félix Mendonça,2Tr Dr Félix Mendonça,S,Via Pavimentada
11822,700053,2TR DOZE DE JULHO,2ª Travessa Doze de Julho,2Tr Doze de Julho,X,Não definida
8547,75256,2TR DR VILAS BOAS,2ª Travessa Dr Vilas Boas,2Tr Dr Vilas Boas,X,Não definida
11398,118907,2TR EMILIANO BRAGA,2ª Travessa Emiliano Braga,2Tr Emiliano Braga,N,Via Não Pavimentada
11098,114901,2TR ERUNDINA NEGREIROS DE ARAUJO,2ª Travessa Erundina Negreiros de Araújo,2Tr Erundina Negreiros de Araujo,S,Via Pavimentada
11214,116661,2TR ESCRITOR DULCE CHACON,2ª Travessa Escritor Dulce Chacon,2Tr Escritor Dulce Chacon,X,Não definida
11693,125920,2TR EXP JESUINO,2ª Travessa Expedicionário Jesuíno,2Tr Exp. Jesuíno,N,Via Não Pavimentada
318,119598,2TR FABINHO,2ª Travessa Fabinho,2Tr Fabinho,N,Via Não Pavimentada
10591,108049,2TR FALCAO DE LACERDA,2ª Travessa Falcão de Lacerda,2Tr Falcão de Lacerda,X,Não definida
8878,79383,2TR FATIMA TEIXEIRA,2ª Travessa Fátima Teixeira,2Tr Fátima Teixeira,N,Via Não Pavimentada
11071,114570,2TR FAUSTO RABELO,2ª Travessa Fausto Rabelo,2Tr Fausto Rabelo,N,Via Não Pavimentada
6148,51179,2TR FEACA,2ª Travessa FEACA,2Tr Feaca,N,Via Não Pavimentada
11758,126063,2TR FELICIANO CASTILHO,2ª Travessa Feliciano Castilho,2ª Tr Feliciano Castilho,N,Via Não Pavimentada
8322,72842,2TR FERNANDINHO,2ª Travessa Fernandinho,2Tr Fernandinho,S,Via Pavimentada
4700,37958,2TR FLORES DO ORIENTE,2ª Travessa Flores do Oriente,2Tr Flores do Oriente,S,Via Pavimentada
10493,101419,2TR FORMOSA,2ª Travessa Formosa,2ª Trv Formosa,N,Via Não Pavimentada
11496,120596,2TR FREI DAMIAO,2ª Travessa Frei Damião,2Tr Frei Damiao,X,Não definida
333,126195,2TR GALILEIA,2ª Travessa Galiléia,2ª Tr Galiléia,N,Via Não Pavimentada
9057,81493,2TR GENERAL SOUZA GOMES,2ª Travessa General Souza Gomes,2Tr Gal Souza Gomes,N,Via Não Pavimentada
11594,121797,2TR GOIANIRA,2ª Travessa Goianira,2Tr Goianira,X,Não definida
10558,107352,2TR GONCALVES DIAS,2ª Travessa Gonçalves Dias,2Tr Gonçalves Dias,P,Via Parcialmente Pavimentada
10989,113638,2TR GRAVATA,2ª Travessa Gravatá,Trv 2 Trv Gravata,S,Via Pavimentada
10537,107310,2TR GUAIANAZES,2ª Travessa Guaianazes,2Tr Guaianazes,X,Não definida
10561,107387,2TR HERMILIO GOMES,2ª Travessa Hermilio Gomes,2Tr Hermilio Gomes,N,Via Não Pavimentada
10819,111406,2TR HIDROLANDIA,2ª Travessa Hidrolândia,Trv 2 Trv Hidrolandia,S,Via Pavimentada
304,115525,2TR IBIPORA,2ª Travessa Ibiporã,2Tr Ibipora,X,Não definida
28,89443,2TR INTERLANDIA,2ª Travessa Interlandia,2Tr Interlandia,N,Via Não Pavimentada
11388,118753,2TR IPITANGA,2ª Travessa Ipitanga,2Tr Ipitanga,X,Não definida
8774,78115,2TR JAGUARUNA,2ª Travessa Jaguaruna,2Tr Jaguaruna,X,Não definida
9558,87440,2TR JAPURA,2ª Travessa Japurá,2Tr Japura,X,Não definida
11291,117617,2TR JOAO CARNEIRO DA CUNHA,2ª Travessa João Carneiro da Cunha,2Tr João Carneiro da Cunha,S,Via Pavimentada
10592,108570,2TR JOAO CAVALCANTI PETRIBU,2ª Travessa João Cavalcanti Petribu,2Tr João Cavalcanti Petribu,N,Via Não Pavimentada
8010,69400,2TR JOAO CORREIA FILHO,2ª Travessa João Correia Filho,2Tr João Correia Filho,S,Via Pavimentada
10599,108782,2TR JOAO RIO BRANCO DE LIMA,2ª Travessa João Rio Branco de Lima,2Tr João Rio Branco de Lima,S,Via Pavimentada
10154,96040,2TR JOAQUIM DA SILVA CALDAS,2ª Travessa Joaquim da Silva Caldas,2Tr Joaquim da Silva Caldas,S,Via Pavimentada
11102,114960,2TR JOHN BISPO,2ª Travessa John Bispo,2Tr John Bispo,S,Via Pavimentada
11501,120669,2TR JORNALISTA COSTA PORTO,2ª Travessa Jornalista Costa Porto,2Tr Jorn Costa Porto,P,Via Parcialmente Pavimentada
11544,121223,2TR JORNALISTA NELSON RODRIGUES,2ª Travessa Jornalista Nelson Rodrigues,2Tr Jorn Nelson Rodrigues,S,Via Pavimentada
8756,77909,2TR JOSE CORREIA,2ª Travessa José Correia,2ª Tr José Correia,S,Via Pavimentada
10682,110060,2TR JOSE DA SILVA LUCENA,2ª Travessa José da Silva Lucena,2Tr José da Silva Lucena,X,Não definida
6381,54291,2TR JUSTICA E PAZ,2ª Travessa Justiça e Paz,2Tr Justica e Paz,N,Via Não Pavimentada
8740,77720,2TR LAGE DE UNA,2ª Travessa Lage de Una,2ª Tr. Lage de Una,N,Via Não Pavimentada
11046,114316,2TR LAVRINHAS,2ª Travessa Lavrinhas,R. 2¬ Trav. Lavrinhas,S,Via Pavimentada
11531,120936,2TR LEAL,2ª Travessa Leal,2Tr Leal,N,Via Não Pavimentada
11848,701041,2TR LEDINHA,2ª Travessa Ledinha,2Tr Ledinha,N,Via Não Pavimentada
11276,117447,2TR LEOPOLDO BULHOES,2ª Travessa Leopoldo Bulhões,2Tr Leopoldo Bulhoes,X,Não definida
10808,111295,2TR LISBOA,2ª Travessa Lisboa,2Tr Lisboa,S,Via Pavimentada
8386,73555,2TR MAJOR MARIO PORTELA,2ª Travessa Major Mario Portela,2Tr Major Mario Portela,S,Via Pavimentada
11431,119261,2TR MALMEQUER,2ª Travessa Malmequer,2ª trv. Malmequer,X,Não definida
10267,97802,2TR MANUEL SALVADOR,2ª Travessa Manuel Salvador,2Tr Manuel Salvador,X,Não definida
9279,84107,2TR MARIA GONCALVES,2ª Travessa Maria Gonçalves,2Tr Maria Gonçalves,X,Não definida
3876,30279,2TR MARIPA,2ª Travessa Maripá,2Tr Maripa,S,Via Pavimentada
8134,70874,2TR MARQUES DE BAIPENDI,2ª Travessa Marquês de Baipendi,2Tr Marques de Baipendi,S,Via Pavimentada
8195,71390,2TR MAXIMINO BUARQUE,2ª Travessa Maximino Buarque,2Tr Maximino Buarque,X,Não definida
10798,111210,2TR MERCURIO,2ª Travessa Mercúrio,2Tr Mercurio,S,Via Pavimentada
11211,116637,RUA 2ª TRAV. MOACIR SALES,2ª Travessa Moacir Sales,2ª Trv. Moacir Sales,S,Via Pavimentada
1500,8451,2TR N S DO CARMO,2ª Travessa N S do Carmo,2Tr N S do Carmo,P,Via Parcialmente Pavimentada
8358,73261,2TR ONZE DE AGOSTO,2ª Travessa Onze de Agosto,2Tr Onze de Agosto,S,Via Pavimentada
11546,121240,2TR OTAVIANO DE ALMEIDA ROSA,2ª Travessa Otaviano de Almeida Rosa,2Tr Otaviano de Almeida Rosa,P,Via Parcialmente Pavimentada
11094,114863,2TR PADRE ANTONIO PRADO,2ª travessa Padre Antônio Prado,2Tr Padre Antônio Prado,S,Via Pavimentada
725,1694,2TR PAJUSSARA,2ª Travessa Pajussara,2Tr Pajussara,X,Não definida
9229,83542,2TR PAJUSSARA,2ª Travessa Pajussara,2ª Tr Pajussara,S,Via Pavimentada
8240,71854,2TR PARANA D'OESTE,2ª Travessa Paraná D'Oeste,2Tr Paraná D'Oeste,N,Via Não Pavimentada
11374,118613,2TR PARNAGUA,2ª Travessa Parnaguá,2ª Tr Parnaguá,S,Via Pavimentada
11566,121525,2TR PARQUE SANTA MARIA,2ª Travessa Parque Santa Maria,2ª Tr. Parque Stª Maria,N,Via Não Pavimentada
9140,82392,2TR PAULINO DE FARIAS,2ª Travessa Paulino de Farias,2Tr Paulino de Farias,S,Via Pavimentada
10862,111864,2TR PEDRO BATISTA,2ª Travessa Pedro Batista,2Tr Pedro Batista,N,Via Não Pavimentada
9223,83470,2TR PEDRO BOULITREAU,2ª Travessa Pedro Boulitreau,2Tr Pedro Boulitreau,X,Não definida
11520,120839,2TR PEREIRA BARRETO,2ª Travessa Pereira Barreto,2Tr Pereira Barreto,N,Via Não Pavimentada
11424,119199,2TR PERNAMBUCO,2ª Travessa Pernambuco,2Tr Pernambuco,N,Via Não Pavimentada
11264,117161,2TR PICO DA NEBLINA,2ª Travessa Pico da Neblina,2Tr Pico da Neblina,X,Não definida
10459,100935,2TR PIRIZAL,2ª Travessa Pirizal,2Tr Pirizal,S,Via Pavimentada
11433,119296,2TR PLINIO COELHO,2ª Travessa Plínio Coelho,2Tr Travessa Plínio Coelho,N,Via Não Pavimentada
11097,114898,2TR POPULAR,2ª Travessa Popular,2Tr Popular,S,Via Pavimentada
11215,116670,2TR PRESIDENTE DUTRA,2ª Travessa Presidente Dutra,2Tr Pres Dutra,X,Não definida
9230,83569,2TR PRESIDENTE KENNEDY,2ª Travessa Presidente Kennedy,2Tr Pres Kennedy,N,Via Não Pavimentada
9445,86150,2TR PROFESSOR HENRIQUE DE LUCENA,2ª Travessa Professor Henrique de Lucena,2ª Tr. Profº Henrique de Lucena,S,Via Pavimentada
11498,120626,2TR PROFESSOR JOAQUIM AMAZONAS,2ª Travessa Professor Joaquim Amazonas,2Tr Prof Joaquim Amazonas,N,Via Não Pavimentada
10644,109843,2TR PROFESSOR JOSUE DE CASTRO,2ª Travessa Professor Josué de Castro,2Tr Prof Josue de Castro,N,Via Não Pavimentada
9448,86185,2TR PROFESSOR SILVIO RABELO,2ª Travessa Professor Silvio Rabelo,2Tr Prof Silvio Rabelo,S,Via Pavimentada
10777,110817,2TR PROFESSOR SIMOES BARBOSA,2ª Travessa Professor Simões Barbosa,2Tr Prof Simoes Barbosa,X,Não definida
4696,37893,2TR QUATRO DE SETEMBRO,2ª Travessa Quatro de Setembro,2Tr Quatro de Setembro,X,Não definida
2331,16144,2TR QUINZE DE NOVEMBRO,2ª Travessa Quinze de Novembro,2Tr Quinze de Novembro,S,Via Pavimentada
11161,115908,2TR REALEZA,2ª Travessa Realeza,2Tr Realeza,N,Via Não Pavimentada
9944,91723,2TR SANTA GERTRUDES,2ª Travessa Santa Gertrudes,2Tr Santa Gertrudes,S,Via Pavimentada
10567,107441,2TR SANTA MARIA,2ª Travessa Santa Maria,2Tr Santa Maria,X,Não definida
11879,705241,2TR SANTA ROSA,2ª Travessa Santa Rosa,2Tr Santa Rosa,X,Não definida
10428,100625,2TR SANTO ANTONIO,2ª Travessa Santo Antônio,2Tr Santo Antônio,N,Via Não Pavimentada
1465,8133,2TR SANTO HELENO,2ª Travessa Santo Heleno,2Tr Santo Heleno,X,Não definida
8339,73059,2TR SANTOS DUMONT,2ª Travessa Santos Dumont,2Tr Santos Dumont,S,Via Pavimentada
8717,77518,2TR SAO BENEDITO,2ª Travessa São Benedito,2Tr São Benedito,X,Não definida
7982,68861,2TR SAO LAZARO,2ª Travessa São Lazaro,2Tr São Lazaro,N,Via Não Pavimentada
10547,107212,2TR SAO PEDRO,2ª Travessa São Pedro,2Tr São Pedro,S,Via Pavimentada
8267,72184,2TR SAO PEDRO,2ª Travessa São Pedro,2Tr São Pedro,S,Via Pavimentada
8218,71633,2TR SAO SEBASTIAO,2ª Travessa São Sebastião,2Tr São Sebastiao,S,Via Pavimentada
11105,114995,2TR SERGIO BITENCOURT,2ª Travessa Sérgio Bitencourt,2Tr Sergio Bitencourt,P,Via Parcialmente Pavimentada
11260,117129,2TR SERRA DA MANTIQUEIRA,2ª Travessa Serra da Mantiqueira,2Tr Serra da Mantiqueira,X,Não definida
11794,137251,2TR SERRA PELADA,2ª Travessa Serra Pelada,2Tr Serra Pelada,X,Não definida
10571,107530,2TR SETE DE SETEMBRO,2ª Travessa Sete de Setembro,2Tr Sete de Setembro,X,Não definida
2100,13765,2TR SIRIJI,2ª Travessa Siriji,2Tr Siriji,X,Não definida
10214,96725,2TR SODRELIA,2ª Travessa Sodrélia,2Tr Sodrelia,S,Via Pavimentada
11300,117692,2TR SOLDADO GREGORIO VILALVA,2ª Travessa Soldado Gregório Vilalva,2Tr Soldado Gregorio Vilalva,X,Não definida
8832,78743,2TR SO NOS DOIS,2ª Travessa Só Nos Dois,2Tr So Nos Dois,S,Via Pavimentada
10747,110388,2TR SUCUPIRA,2ª Travessa Sucupira,2Tr Sucupira,X,Não definida
10442,100730,2TR TEREZA CARNEIRO,2ª Travessa Tereza Carneiro,2Tr Tereza Carneiro,S,Via Pavimentada
8324,72877,2TR TRES MORROS,2ª Travessa Três Morros,2Tr Tres Morros,S,Via Pavimentada
10860,111848,2TR TUPIRACABA,2ª Travessa Tupiracaba,2Tr Tupiracaba,S,Via Pavimentada
9255,83895,2TR UBIRATA,2ª Travessa Ubiratã,2Tr Ubirata,S,Via Pavimentada
10823,111457,2TR UMUARAMA,2ª Travessa Umuarama,2Tr Umuarama,X,Não definida
300,111155,2TR URANIA,2ª Travessa Urânia,2Tr Urania,X,Não definida
11109,115037,2TR VERDEJANTE,2ª Travessa Verdejante,2Tr Verdejante,S,Via Pavimentada
11156,115860,2TR VEREADOR OTACILIO AZEVEDO,2ª Travessa Vereador Otacílio Azevedo,2Tr Ver Otacilio Azevedo,N,Via Não Pavimentada
11636,124370,2TR VERTENTES DO LERIO,2ª Travessa Vertentes do Lério,2Tr. Vertentes do Lério,S,Via Pavimentada
3951,31003,2TR VISCONDE DE BARBACENA,2ª Travessa Visconde de Barbacena,2Tr Visc de Barbacena,X,Não definida
11518,120812,2TR VISCONDE DE GARRETT,2ª Travessa Visconde de Garrett,2Tr Visc de Garrett,N,Via Não Pavimentada
11836,700576,2TR WALDEMAR REIS DO REGO,2ª Travessa Waldemar Reis do Rego,2ª Tr Waldemar Reis do Rego,X,Não definida
10838,111660,2TR XAVIER SOBRINHO,2ª Travessa Xavier Sobrinho,2Tr Xavier Sobrinho,N,Via Não Pavimentada
11622,123390,2TR ANCHIETA,2º Travessa Anchieta,2tr  Anchieta,S,Via Pavimentada
11051,114367,2TR ANTONIO CAMELO,2º Travessa Antônio Camelo,2ª Tr Antônio Camelo,S,Via Pavimentada
11768,126357,2TR DR SABINO PINHO,2º Travessa Doutor Sabino Pinho,2º Tr Dr Sabino Pinho,N,Via Não Pavimentada
11325,117951,2TR EDEIA,2º travessa Edeia,2tr Edeia,N,Via Não Pavimentada
342,126292,2TR TENENTE MINDELO,2º Travessa Tenente Mindelo,2Tr Tenente Mindelo,S,Via Pavimentada
11326,117960,2TR ASSIS BRASIL,2Tr Assis Brasil,2TR ASSIS BRASIL,N,Via Não Pavimentada
296,124753,2TR ALICE GOMES,2 Travessa Alice Gomes,2tr Alice Gomes,S,Via Pavimentada
9286,84182,RUA 2TR CHA DE ALEGRIA,2 Travessa Chá de Alegria,2 Tr. Chá de Alegria,P,Via Parcialmente Pavimentada
11621,123382,2TR CHAVAL,2 Travessa Chaval,2tr Chaval,S,Via Pavimentada
10896,112445,2TR DOS BANDEIRANTES,2 Travessa dos Bandeirantes,2 Tr dos Bandeirantes,S,Via Pavimentada
11770,126390,2TR DRA AMARILES BARBOSA DE AGUIAR,2 Travessa Doutora Amariles Barbosa de Aguiar,2tr Dra Amariles Barbosa de Aguiar,N,Via Não Pavimentada
8476,80675,2TR FELISBURGO,2 Travessa Felisburgo,2 tr. Felisburgo,S,Via Pavimentada
11654,124575,2TR PROFESSOR ROBERTO DE AMORIM ALMEIDA,2Travessa Roberto de Amorim Almeida,2Tr Roberto de Amorim Almeida,N,Via Não Pavimentada
9653,87904,3PR ALTO DO PARAISO,3ª Paralela Alto do Paraíso,3Pr Alto do Paraíso,N,Via Não Pavimentada
9186,82996,3SB CORREGO MANOEL CARROCEIRO,3ª Subida Córrego Manoel Carroceiro,3ª Sb Córrego Manoel Carroceiro,S,Via Pavimentada
9649,87874,3SB DO CORREGO DO JOAQUIM,3ª Subida do Córrego do Joaquim,3Sb do Córrego do Joaquim,S,Via Pavimentada
7942,68306,3SB SANTA TEREZA,3ª Subida Santa Tereza,3Sb Santa Tereza,S,Via Pavimentada
11562,121487,3TR ALTO BOM JESUS,3ª Travessa Alto Bom Jesus,3Tr Alto Bom Jesus,X,Não definida
7092,60216,3TR ALTO DO EUCALIPTO,3ª Travessa Alto do Eucalipto,3Tr Alto do Eucalipto,X,Não definida
10520,101613,3TR ALTO DO FORMOSO,3ª Travessa Alto do Formoso,3Tr Alto do Formoso,S,Via Pavimentada
10530,107050,3TR ANTONIO CARNEIRO,3ª Travessa Antônio Carneiro,3Tr Antônio Carneiro,S,Via Pavimentada
10716,110108,3TR ANTONIO PAES BARRETO,3ª Travessa Antônio Paes Barreto,3Tr Antônio Paes Barreto,X,Não definida
10236,97160,3TR AREALVA,3ª Travessa Arealva,3Tr Arealva,S,Via Pavimentada
10564,107417,3TR ARNALDO PAES DE ANDRADE,3ª Travessa Arnaldo Paes de Andrade,3Tr Arnaldo Paes de Andrade,X,Não definida
11463,120235,3TR BELEM DE JUDA,3ª Travessa Belém de Judá,3Tr Belem de Juda,N,Via Não Pavimentada
7086,60143,3TR BRASILANDIA,3ª Travessa Brasilândia,3Tr Brasilandia,S,Via Pavimentada
302,115509,3TR CABO EUTROPIO,3ª Travessa Cabo Eutrópio,3Tr Cabo Eutropio,N,Via Não Pavimentada
11608,123013,3TR CAMOCIM,3ª Travessa Camocim,3Tr Camocim,S,Via Pavimentada
11099,114910,3TR CAMPO DO ONZE,3ª Travessa Campo do Onze,3Tr Campo do Onze,N,Via Não Pavimentada
9470,86525,3TR CARLOPOLIS,3ª Travessa Carlópolis,3Tr Carlopolis,S,Via Pavimentada
11723,125458,3TR CHALE,3ª Travessa Chalé,3Tr Chalé,N,Via Não Pavimentada
11537,121118,3TR CHAPADA DO ARARIPE,3ª Travessa Chapada do Araripe,3Tr Chapada do Araripe,N,Via Não Pavimentada
11333,118044,3TR CHIADOR,3ª Travessa Chiador,3Tr Chiador,N,Via Não Pavimentada
8038,69701,3TR COMPOSITOR VINICIUS DE MORAIS,3ª Travessa Compositor Vinícius de Morais,3Tr Comp Vinicius de Morais,N,Via Não Pavimentada
9188,83020,3TR CORREGO DA BICA,3ª Travessa Córrego da Bica,3Tr Córrego da Bica,N,Via Não Pavimentada
9195,83089,3TR CORREGO DO CARROCEIRO,3ª Travessa Córrego do Carroceiro,3Tr Corrego do Carroceiro,S,Via Pavimentada
10868,111910,3TR CORREGO DO CURIO,3ª Travessa Córrego do Curió,3ª Tr Córrego do Curió,N,Via Não Pavimentada
8804,78441,3TR CORREGO DO MARACANA,3ª Travessa Córrego do Maracanã,3Tr Corrego do Maracana,S,Via Pavimentada
10111,94960,3TR CORREGO SAO JOSE,3ª Travessa Córrego São José,3Tr Corrego São José,S,Via Pavimentada
8162,71013,3TR DA CELIA,3ª Travessa da Célia,3Tr da Celia,S,Via Pavimentada
2026,13099,3TR DA CORDILHEIRA,3ª Travessa da Cordilheira,3Tr da Cordilheira,S,Via Pavimentada
10945,113050,3TR DA FLORESTA,3ª Travessa da Floresta,3Tr da Floresta,N,Via Não Pavimentada
11294,117641,3TR DA REGENERACAO,3ª Travessa da Regeneração,3Tr. da Regeneração,N,Via Não Pavimentada
9158,82589,3TR DA SUBIDA DA MEDALHA MILAGROSA,3ª Travessa da Subida da Medalha Milagrosa,3Tr da Subida da Medalha Milagrosa,P,Via Parcialmente Pavimentada
10420,100439,3TR DA UNIAO,3ª Travessa da União,3Tr da União,S,Via Pavimentada
11696,125024,3TR DES PEDRO RIBEIRO MALTA,3ª Travessa Desembargador Pedro Ribeiro Malta,3Tr Desembargador Pedro Ribeiro Malta,N,Via Não Pavimentada
42,72362,3TR DO ARANDU,3ª Travessa do Arandu,3Tr do Arandu,S,Via Pavimentada
11118,115177,3TR DONA CARENTINA,3ª Travessa Dona Carentina,3Tr Dona Carentina,X,Não definida
10152,95605,3TR DO NASCENTE,3ª Travessa do Nascente,3Tr do Nascente,N,Via Não Pavimentada
10785,110892,3TR DOS MILAGRES,3ª Travessa Dos Milagres,3ª Trav. Dos Milagres,N,Via Não Pavimentada
10419,100420,3TR DOS PRAZERES,3ª Travessa dos Prazeres,3ª Tr dos Prazeres,S,Via Pavimentada
9500,86878,3TR DR ELIAS GOMES,3ª Travessa Doutor Elias Gomes,3ª Tr. Dr Elias Gomes,N,Via Não Pavimentada
9294,84280,3TR DR SEVERINO MAGALHAES,3ª Travessa Dr Severino Magalhães,3Tr Dr Severino Magalhães,X,Não definida
9134,82341,3TR EDVALDO DE OLIVEIRA,3ª Travessa Edvaldo de Oliveira,3Tr Edvaldo de Oliveira,X,Não definida
10906,112542,3TR ERUNDINA NEGREIROS DE ARAUJO,3ª Travessa Erundina Negreiros de Araujo,3Tr Erundina Negreiros de Araujo,S,Via Pavimentada
317,119580,3TR FAUSTO RABELO,3ª Travessa Fausto Rabelo,3Tr Fausto Rabelo,X,Não definida
11492,120553,3TR FREI DAMIAO,3ª Travessa Frei Damião,3Tr Frei Damiao,X,Não definida
334,126209,3TR GALILEIA,3ª Travessa Galiléia,3ª Tr Galiléia,N,Via Não Pavimentada
8497,74535,3TR GENERAL MENA BARRETO,3ª Travessa General Mena Barreto,3Tr Gal Mena Barreto,N,Via Não Pavimentada
10566,107433,3TR GUAIANAZES,3ª Travessa Guaianazes,3Tr Guaianazes,X,Não definida
10553,107271,3TR HERMILIO GOMES,3ª Travessa Hermílio Gomes,3Tr Hermilio Gomes,N,Via Não Pavimentada
10816,111384,3TR HIDROLANDIA,3ª Travessa Hidrolândia,Trv 3 Trv Hidrolandia,S,Via Pavimentada
336,126250,3TR DA HOLMES FONTES,3ª Travessa Holmes Fontes,3ª Trv. Holmes Fontes,S,Via Pavimentada
9966,91995,3TR IMBAUBA,3ª Travessa Imbaúba,3Tr Imbauba,S,Via Pavimentada
11426,119210,3TR IPITANGA,3ª Travessa Ipitanga,3Tr Ipitanga,X,Não definida
1703,10324,3TR JAGUARUNA,3ª Travessa Jaguaruna,3Tr Jaguaruna,X,Não definida
8534,74977,3TR JATICY,3ª Travessa Jaticy,3Tr Jaticy,N,Via Não Pavimentada
11290,117609,3TR JOAO CARNEIRO DA CUNHA,3ª Travessa João Carneiro da Cunha,3Tr João Carneiro da Cunha,X,Não definida
11169,116041,3TR JOAO CAVALCANTI PETRIBU,3ª Travessa João Cavalcanti Petribu,3Tr João Cavalcanti Petribu,N,Via Não Pavimentada
10383,99635,3TR JOAQUIM DA SILVA CALDAS,3ª Travessa Joaquim da Silva Caldas,3Tr Joaquim da Silva Caldas,S,Via Pavimentada
6918,58645,3TR JOSE CORREIA,3ª Travessa José Correia,3Tr. José Correia,N,Via Não Pavimentada
11339,118141,3TR JOSE REBOUCAS,3ª Travessa José Rebouças,3Tr José Reboucas,S,Via Pavimentada
6101,50857,3TR JUSTICA E PAZ,3ª Travessa Justiça e Paz,3Tr Justica e Paz,N,Via Não Pavimentada
11047,114324,3TR LAVRINHAS,3ª Travessa Lavrinhas,3Tr Lavrinhas,S,Via Pavimentada
10822,111449,3TR LEDINHA,3ª Travessa Ledinha,3Tr Ledinha,N,Via Não Pavimentada
10811,111325,3TR LISBOA,3ª Travessa Lisboa,3Tr Lisboa,S,Via Pavimentada
10941,112909,3TR LUPERCIO,3ª Travessa Lupércio,3ª Trv. Lupércio,N,Via Não Pavimentada
11244,116971,3TR MATO GROSSO,3ª Travessa Mato Grosso,3Tr Mato Grosso,S,Via Pavimentada
10797,111201,3TR MERCURIO,3ª Travessa Mercúrio,3Tr Mercurio,S,Via Pavimentada
8315,72761,3TR ONZE DE AGOSTO,3ª Travessa Onze de Agosto,3Tr Onze de Agosto,X,Não definida
2150,14494,3TR PADRE HENRIQUE,3ª Travessa Padre Henrique,3Tr Padre Henrique,X,Não definida
11567,121533,3TR PARQUE SANTA MARIA,3ª Travessa Parque Santa Maria,3ª Tr Parque Stª Maria,N,Via Não Pavimentada
11522,120855,3TR PEREIRA BARRETO,3ª Travessa Pereira Barreto,3Tr Pereira Barreto,S,Via Pavimentada
8167,71080,3TR PIO MUNIZ DE FARIAS,3ª Travessa Pio Muniz de Farias,3Tr Pio Muniz de Farias,N,Via Não Pavimentada
11435,119318,3TR PLINIO COELHO,3ª Travessa Plínio Coelho,3ª Trv. Plínio Coelho,S,Via Pavimentada
1755,10618,3TR PORTO REAL,3ª Travessa Porto Real,3Tr Porto Real,P,Via Parcialmente Pavimentada
11217,116696,3TR PRESIDENTE DUTRA,3ª Travessa Presidente Dutra,3Tr Pres Dutra,N,Via Não Pavimentada
9446,86169,3TR PROFESSOR HENRIQUE DE LUCENA,3ª Travessa Professor Henrique de Lucena,3ª Tr Profº Henrique de Lucena,S,Via Pavimentada
11081,114723,3TR PROFESSOR JOAQUIM AMAZONAS,3ª Travessa Professor Joaquim Amazonas,3Tr Prof Joaquim Amazonas,S,Via Pavimentada
11389,118788,3TR PROFESSOR SIMOES BARBOSA,3ª Travessa Professor Simões Barbosa,3ª Trv. Prof. Simões Barbosa,N,Via Não Pavimentada
4665,37702,3TR QUATRO DE SETEMBRO,3ª Travessa Quatro de Setembro,3Tr Quatro de Setembro,X,Não definida
2306,16071,3TR QUINZE DE NOVEMBRO,3ª Travessa Quinze de Novembro,3Tr Quinze de Novembro,S,Via Pavimentada
11237,116904,3TR RABILO,3ª Travessa Rabilo,3Tr Rabilo,X,Não definida
10349,99244,3TR REALEZA,3ª Travessa Realeza,3Tr Realeza,S,Via Pavimentada
11754,125989,3TR SANTO ANTONIO,3ª Travessa Santo Antônio,3ª Tr Sto Antônio,N,Via Não Pavimentada
2089,13641,3TR SAO BENEDITO,3ª Travessa São Benedito,3Tr São Benedito,X,Não definida
7981,68853,3TR SAO LAZARO,3ª Travessa São Lázaro,3Tr São Lazaro,N,Via Não Pavimentada
11346,118320,3TR SAO SEBASTIAO,3ª Travessa São Sebastião,3Tr. São Sebastião,S,Via Pavimentada
9533,87262,3TR SEBASTIAO GRANDE,3ª Travessa Sebastião Grande,3Tr Sebastiao Grande,N,Via Não Pavimentada
10572,107549,3TR SETE DE SETEMBRO,3ª Travessa Sete de Setembro,3Tr Sete de Setembro,X,Não definida
8448,74241,3TR SIRIJI,3ª Travessa Siriji,3Tr Siriji,X,Não definida
8830,78719,3TR SO NOS DOIS,3ª Travessa Só Nós Dois,3Tr So Nos Dois,S,Via Pavimentada
10749,110400,3TR SUCUPIRA,3ª Travessa Sucupira,3Tr Sucupira,X,Não definida
9543,87378,3TR TREZE DE MAIO,3ª Travessa Treze de Maio,3Tr Treze de Maio,S,Via Pavimentada
11634,124354,3TR VERTENTES DO LERIO,3ª Travessa Vertentes do Lério,3Tr Vertentes do Lério,N,Via Não Pavimentada
11052,114375,3TR ANTONIO CAMELO,3º Travessa Antônio Camelo,3ª Tr Antônio Camelo,S,Via Pavimentada
10342,99082,3TR DR SABINO PINHO,3º Travessa Doutor Sabino Pinho,3º Trv Dr Sabino Pinho,S,Via Pavimentada
11771,126411,3TR DRA AMARILES BARBOSA DE AGUIAR,3 Tavessa Doutora Amariles Barbosa de Aguiar,3Tr Dra Amariles Barbosa de Aguiar,N,Via Não Pavimentada
8138,70734,4TR ALEXANDRE DE GUSMAO,4ª Travessa Alexandre de Gusmão,4Tr Alexandre de Gusmão,S,Via Pavimentada
7093,60224,4TR ALTO DO EUCALIPTO,4ª Travessa Alto do Eucalipto,4Tr Alto do Eucalipto,S,Via Pavimentada
11625,123420,4TR ANTONIO CAMELO,4ª Travessa Antônio Camelo,4Tr Antônio Camelo,S,Via Pavimentada
10563,107409,4TR ARNALDO PAES DE ANDRADE,4ª Travessa Arnaldo Paes de Andrade,4ª Tr. Arnaldo Paes de Andrade,N,Via Não Pavimentada
303,115517,4TR CABO EUTROPIO,4ª Travessa Cabo Eutrópio,4Tr Cabo Eutropio,N,Via Não Pavimentada
11812,138134,4TR CAMOCIM,4ª Travessa Camocim,4tr Camocim,N,Via Não Pavimentada
10845,111724,4TR CHAGAS FERREIRA,4ª Travessa Chagas Ferreira,4Tr Chagas Ferreira,S,Via Pavimentada
11329,118001,4TR CHIADOR,4ª Travessa Chiador,4Tr Chiador,N,Via Não Pavimentada
8039,69710,4TR COMPOSITOR VINICIUS DE MORAIS,4ª Travessa Compositor Vinícius de Morais,4Tr Comp Vinicius de Morais,N,Via Não Pavimentada
9191,83054,4TR CORREGO DA BICA,4ª Travessa Córrego da Bica,4Tr Córrego da Bica,N,Via Não Pavimentada
9197,83100,4TR CORREGO DO CARROCEIRO,4ª Travessa Córrego do Carroceiro,4Tr Corrego do Carroceiro,S,Via Pavimentada
10517,101583,4TR DA UNIAO,4ª Travessa da União,4Tr da União,S,Via Pavimentada
8705,77356,4TR DELFIM,4ª Travessa Delfim,4Tr Delfim,N,Via Não Pavimentada
8351,73164,4TR DOS PRAZERES,4ª Travessa dos Prazeres,4ª Tr dos Prazeres,N,Via Não Pavimentada
9639,87785,4TR DO TADEU,4ª Travessa do Tadeu,4Tr do Tadeu,S,Via Pavimentada
9133,82333,4TR EDVALDO DE OLIVEIRA,4ª Travessa Edvaldo de Oliveira,4Tr Edvaldo de Oliveira,S,Via Pavimentada
8636,76287,4TR FREDERICO OZANAN,4ª Travessa Frederico Ozanan,4Tr Frederico Ozanan,S,Via Pavimentada
9485,86703,4TR GUAIANAZES,4ª Travessa Guaianazes,4Tr Guaianazes,X,Não definida
10369,99449,4TR INACIO DE BARROS BARRETO,4ª Travessa Inacio de Barros Barreto,4Tr Inacio de Barros Barreto,S,Via Pavimentada
1804,11150,4TR JAGUARUNA,4ª Travessa Jaguaruna,4ªTr. Jaguaruna,N,Via Não Pavimentada
11286,117560,4TR JOAO CARNEIRO DA CUNHA,4ª Travessa João Carneiro da Cunha,4Tr João Carneiro da Cunha,X,Não definida
10924,112763,4TR JOAO CAVALCANTI PETRIBU,4ª Travessa João Cavalcanti Petribu,4ªTrv. João Cavalcanti Petribu,N,Via Não Pavimentada
8480,80691,4TR LIBERDADE,4ª Travessa Liberdade,4Tr Liberdade,S,Via Pavimentada
8369,73350,4TR ONZE DE AGOSTO,4ª Travessa Onze de Agosto,4Tr Onze de Agosto,S,Via Pavimentada
8241,71870,4TR PARANA D' OESTE,4ª Travessa Paraná D' Oeste,4ª Tr.  Paraná D' Oeste,X,Não definida
9097,81930,4TR PEREIRA BARRETO,4ª Travessa Pereira Barreto,4ª Tr. Pereira Barreto,N,Via Não Pavimentada
11437,119334,4TR PLINIO COELHO,4ª Travessa Plínio Coelho,4Tr Plínio Coelho,N,Via Não Pavimentada
11218,116700,4TR PRESIDENTE DUTRA,4ª Travessa Presidente Dutra,4Tr Pres Dutra,S,Via Pavimentada
8256,72087,4TR PROFESSOR ARTUR DE SA,4ª Travessa Professor Artur de Sá,4Tr Prof Artur de Sa,X,Não definida
9447,86177,4TR PROFESSOR HENRIQUE DE LUCENA,4ª Travessa Professor Henrique de Lucena,4ª Tr. Professor Henrique de Lucena,S,Via Pavimentada
11376,118630,4TR QUATRO DE SETEMBRO,4ª Travessa Quatro de Setembro,4Tr Quatro de Setembro,X,Não definida
11238,116912,4TR RABILO,4ª Travessa Rabilo,4Tr Rabilo,X,Não definida
6953,58980,4TR REALEZA,4ª Travessa Realeza,4Tr Realeza,N,Via Não Pavimentada
8460,74411,4TR SANTA GERTRUDES,4ª Travessa Santa Gertrudes,4Tr Santa Gertrudes,S,Via Pavimentada
11568,121541,4TR SANTA MARIA,4ª Travessa Santa Maria,4Tr Santa Maria,P,Via Parcialmente Pavimentada
11755,125997,4TR SANTO ANTONIO,4ª Travessa Santo Antônio,4ª Tr Sto Antônio,N,Via Não Pavimentada
7977,68829,4TR SAO LAZARO,4ª Travessa São Lázaro,4Tr São Lazaro,N,Via Não Pavimentada
10573,107557,4TR SETE DE SETEMBRO,4ª Travessa Sete de Setembro,4Tr Sete de Setembro,X,Não definida
11635,124362,4TR VERTENTES DO LERIO,4ª Travessa Vertentes do Lério,4Tr Vertentes do Lério,N,Via Não Pavimentada
10531,107085,4SB OLHO D' AGUA,4º Subida Olho D'Água,4º Sub. Olho D'Água,S,Via Pavimentada
11772,126420,4TR DRA AMARILES BARBOSA DE AGUIAR,4º Travessa Doutora Amariles Barbosa de Aguiar,4º Tr Dra Amariles Barbosa de Aguiar,N,Via Não Pavimentada
433,126365,4TR DR SABINO PINHO,4º Travessa Doutor Sabino Pinho,4º Tr Dr Sabino Pinho,N,Via Não Pavimentada
8921,79928,4TR DAMOLANDIA,4 Travessa Damolândia,4 tr. Damolândia,N,Via Não Pavimentada
10707,115398,5TR DOS PRAZERES,5ª Travesa dos Prazeres,5ª Tr dos Prazeres,N,Via Não Pavimentada
10918,112704,5TR JOAO CAVALCANTI PETRIBU,5ª Travesa João Cavalcanti Petribu,5Tr. João Cavalcanti Petribu,N,Via Não Pavimentada
10841,111694,5TR VERTENTES DO LERIO,5ª Travesa Vertentes do Lério,5Tr Vertentes do Lério,N,Via Não Pavimentada
7094,60232,5TR ALTO DO EUCALIPTO,5ª Travessa Alto do Eucalipto,5Tr Alto do Eucalipto,S,Via Pavimentada
9170,82708,5TR ANIBAL BENEVOLO,5ª Travessa Aníbal Benévolo,5ª Tr Aníbal Benévolo,S,Via Pavimentada
11293,117633,5TR CAMOCIM,5ª Travessa Camocim,5Tr Camocim,X,Não definida
8434,74101,5TR CARLOPOLIS,5ª Travessa Carlópolis,5ª Tr. Carlopolis,S,Via Pavimentada
10843,111716,5TR CHAGAS FERREIRA,5ª Travessa Chagas Ferreira,5Tr Chagas Ferreira,P,Via Parcialmente Pavimentada
287,93769,5TR CHAGAS FERREIRA,5ª Travessa Chagas Ferreira,5ª Tr. Chagas Ferreira,N,Via Não Pavimentada
11332,118036,5TR CHIADOR,5ª Travessa Chiador,5Tr Chiador,N,Via Não Pavimentada
10579,107689,5TR COMPOSITOR VINICIUS DE MORAIS,5ª Travessa Compositor Vinícius de Morais,5ª Tr. Comp. Vinícius de Morais,N,Via Não Pavimentada
8847,78883,5TR CORREGO DA BICA,5ª Travessa Córrego da Bica,5Tr Córrego da Bica,N,Via Não Pavimentada
9044,81345,5TR CORREGO DO CARROCEIRO,5ª Travessa Córrego do Carroceiro,5ª Tr. Córrego do Carroceiro,S,Via Pavimentada
2749,19801,5TR DA MOLANDIA,5ª Travessa Da Molândia,5ª Trv. da Molândia,S,Via Pavimentada
11104,114987,5TR DA UNIAO,5ª Travessa da União,5ª Trv. da União,S,Via Pavimentada
9128,82287,5TR EDVALDO DE OLIVEIRA,5ª Travessa Edvaldo de Oliveira,5Tr Edvaldo de Oliveira,S,Via Pavimentada
1354,7080,5TR JARDIM PRIMAVERA,5ª Travessa Jardim Primavera,5Tr Jardim Primavera,S,Via Pavimentada
11297,117668,5TR JOAO CARNEIRO DA CUNHA,5ª Travessa João Carneiro da Cunha,5Tr João Carneiro da Cunha,P,Via Parcialmente Pavimentada
11860,701408,5TR JOSE REBOUCAS,5ª Travessa José Rebouças,5Tr José Rebouças,S,Via Pavimentada
11077,114677,5TR VEREADOR OTACILIO AZEVEDO,5ª Travessa Otacílio Azevedo,5ª Tr. Otacílio Azevedo,N,Via Não Pavimentada
10136,95397,5TR PARANA D'OESTE,5ª Travessa Paraná D'Oeste,5ª Tr. Paraná D'Oeste,N,Via Não Pavimentada
11219,116718,5TR PRESIDENTE DUTRA,5ª Travessa Presidente Dutra,5Tr Pres Dutra,N,Via Não Pavimentada
9437,86215,5TR PROFESSOR HENRIQUE DE LUCENA,5ª Travessa Professor Henrique de Lucena,5ª Tr Prfº. Henrique de Lucena,S,Via Pavimentada
10351,99260,5TR REALEZA,5ª Travessa Realeza,5Tr Realeza,N,Via Não Pavimentada
11569,121550,5TR SANTA MARIA,5ª Travessa Santa Maria,5ª Tr. Stª Maria,N,Via Não Pavimentada
10965,113190,5TR SAO LAZARO,5ª Travessa São Lázaro,5ª Tr São Lazaro,N,Via Não Pavimentada
11184,116190,5TR SAO LAZARO,5ª Travessa São Lázaro,5ª Tr São Lazaro,N,Via Não Pavimentada
11242,116955,5TR SETE DE SETEMBRO,5ª Travessa Sete de Setembro,5ª Trv. Sete de Setembro,N,Via Não Pavimentada
11773,126438,5TR DRA AMARILES BARBOSA DE AGUIAR,5º Travessa Doutora Amariles Barbosa de Aguiar,5Tr Dra Amariles Barbosa de Aguiar,N,Via Não Pavimentada
3669,126373,5TR DR SABINO PINHO,5º Travessa Doutor Sabino Pinho,5º Tr Dr Sabino Pinho,N,Via Não Pavimentada
8630,76210,5TR SODRELANDIA,5º Travessa Sodrelândia,5º Trv Sodrelândia,S,Via Pavimentada
8974,80454,TRV DR ALTO CAETE,5 Travessa Damolândia,5 tr. Damolândia,S,Via Pavimentada
9121,82201,6TR ANANIAS CATANHO,6ª Travessa Ananias Catanho,6Tr Ananias Catanho,S,Via Pavimentada
11334,118052,6TR CHIADOR,6ª Travessa Chiador,6Tr Chiador,N,Via Não Pavimentada
11007,113824,6TR CORREGO DA BICA,6ª Travessa Córrego da Bica,6Tr Córrego da Bica,N,Via Não Pavimentada
10704,115355,6TR DA BATALHA,6ª Travessa da Batalha,6Tr da Batalha,N,Via Não Pavimentada
10313,98760,6TR DA MOCIDADE,6ª Travessa da Mocidade,6Tr da Mocidade,S,Via Pavimentada
10338,99015,6TR DOIS DE FEVEREIRO,6ª Travessa Dois de Fevereiro,6Tr Dois de Fevereiro,S,Via Pavimentada
10708,115401,6TR DOS PRAZERES,6ª Travessa dos Prazeres,6Tr dos Prazeres,S,Via Pavimentada
10880,112216,6TR JOAO CAVALCANTI PETRIBU,6ª Travessa João Cavalcanti Petribu,6ª Trav. João Cavalcanti Petribu,N,Via Não Pavimentada
1684,10170,6TR MARAGOGIPE,6ª Travessa Maragogipe,6Tr Maragogipe,X,Não definida
9436,86207,6TR PROFESSOR HENRIQUE DE LUCENA,6ª Travessa Professor Henrique de Lucena,6Tr Professor Henrique de Lucena,N,Via Não Pavimentada
11570,121568,6TR SANTA MARIA,6ª Travessa Santa Maria,6ª Trv. Stª Maria,N,Via Não Pavimentada
11311,117803,6TR SAO LAZARO,6ª Travessa São Lázaro,6Tr São Lázaro,N,Via Não Pavimentada
11399,118915,6TR VEREADOR OTACILIO AZEVEDO,6ª Travessa Vereador Otacílio Azevedo,6ª Trv. Vereador Otacílio Azevedo,N,Via Não Pavimentada
10879,112186,6TR VERTENTES DO LERIO,6ª Travessa Vertentes do Lério,6ª Tr. Vertentes do Lério,N,Via Não Pavimentada
10219,96849,6TR DO ALTO DO TIRO,6º Travesa do Alto do Tiro,6º Trv do Alto do Tiro,S,Via Pavimentada
10344,99120,6TR DRA AMARILES BARBOSA DE AGUIAR,6º Travessa Doutora Amariles Barbosa de Aguiar,6º Trv Dra Amariles Barbosa de Aguiar,S,Via Pavimentada
11331,118028,7TR CHIADOR,7ª Travessa Chiador,7Tr Chiador,N,Via Não Pavimentada
8868,79235,7TR CORREGO DA BICA,7ª Travessa Córrego da Bica,7Tr Córrego da Bica,N,Via Não Pavimentada
10709,115410,7TR DOS PRAZERES,7ª Travessa dos Prazeres,7Tr dos Prazeres,S,Via Pavimentada
8004,69345,7TR MARAGOGIPE,7ª Travessa Maragogipe,7Tr Maragogipe,S,Via Pavimentada
11227,116785,7TR PRESIDENTE DUTRA,7ª Travessa Presidente Dutra,7Tr Pres Dutra,N,Via Não Pavimentada
10958,113131,7TR SAO LAZARO,7ª Travessa São Lázaro,7Tr São Lázaro,N,Via Não Pavimentada
11330,118010,8TR CHIADOR,8ª Travessa Chiador,8ª Trv. Chiador,N,Via Não Pavimentada
9201,83143,8TR CORREGO DA BICA,8ª Travessa Córrego da Bica,8Tr Córrego da Bica,N,Via Não Pavimentada
8003,69337,8TR MARAGOGIPE,8ª Travessa Maragogipe,8Tr Maragogipe,N,Via Não Pavimentada
11079,114693,8TR DOS PRAZERES,8º Travessa dos Prazeres,8ª Tr dos Prazeres,S,Via Pavimentada
9203,83160,9TR CORREGO DA BICA,9ª Travessa Córrego da Bica,9Tr Córrego da Bica,N,Via Não Pavimentada
9190,83046,9TR CORREGO DO CARROCEIRO,9ª Travessa Córrego do Carroceiro,9ª Tr. Córrego do Carroceiro,N,Via Não Pavimentada
11207,116599,9TR DOS PRAZERES,9ª Travessa dos Prazeres,9ª Tr dos Prazeres,N,Via Não Pavimentada
9341,85138,RUA ALTO ANTONIO FELIX,Alto do Olho D`Água,Alt do Olho D`Agua,S,Via Pavimentada
335,126217,AV ADOLPHO BLOCH,Avenida Adolpho Bloch,Av.  Adolpho Bloch,P,Via Parcialmente Pavimentada
10287,98116,AV ADVOGADO JOSE PAULO CAVALCANTI,Avenida Advogado José Paulo Cavalcanti,Av Adv José Paulo Cavalcanti,S,Via Pavimentada
650,1074,AV AFONSO OLINDENSE,Avenida Afonso Olindense,Av Afonso Olindense,S,Via Pavimentada
9476,86592,AV AGOSTINHO GOMES,Avenida Agostinho Gomes,Av Agostinho Gomes,S,Via Pavimentada
817,2496,AV ALFREDO LISBOA,Avenida Alfredo Lisboa,Av Alfredo Lisboa,S,Via Pavimentada
1094,5100,AV ANGRA DOS REIS,Avenida Angra dos Reis,Av Angra Dos Reis,S,Via Pavimentada
1102,5177,AV ANIBAL BENEVOLO,Avenida Aníbal Benévolo,Av Anibal Benevolo,S,Via Pavimentada
1181,5770,AV ANTONIO DE GOES,Avenida  Antônio de Goes,Av. Antônio de Goes,S,Via Pavimentada
1240,6300,AV ANTONIO TORRES GALVAO,Avenida Antônio Torres Galvão,Av Antônio Torres Galvao,S,Via Pavimentada
1457,8060,AV ARMINDO MOURA,Avenida Armindo Moura,Av Armindo Moura,S,Via Pavimentada
9519,87017,AV ARNALDO PAES DE ANDRADE,Avenida Arnaldo Paes de Andrade,Av Arnaldo Paes de Andrade,S,Via Pavimentada
2338,16225,AV ATLANTICA,Avenida Atlântica,Av. Atlântica,N,Via Não Pavimentada
1907,12050,AV BARAO DE BONITO,Avenida Barão de Bonito,Av Barão de Bonito,S,Via Pavimentada
1657,9881,AV BARBOSA LIMA,Avenida Barbosa Lima,Av Barbosa Lima,S,Via Pavimentada
1727,10529,AV BEBERIBE,Avenida Beberibe,Av Beberibe,S,Via Pavimentada
8767,78069,AV BEIRA MAR,Avenida Beira Mar,Av Beira Mar,S,Via Pavimentada
1747,10596,AV BEIRA RIO,Avenida Beira Rio,Av Beira Rio,P,Via Parcialmente Pavimentada
10019,93092,AV BICENTENARIO DA REVOLUCAO FRANCESA,Avenida Bicentenário da Revolução Francesa,Av Bicentenário da Revolução Francesa,S,Via Pavimentada
1864,11720,AV BOA VIAGEM,Avenida Boa Viagem,Av Boa Viagem,S,Via Pavimentada
10151,95591,AV BRASILIA FORMOSA,Avenida Brasília Formosa,Av Brasilia Formosa,S,Via Pavimentada
6522,54542,AV BRIGADEIRO SECO,Avenida Brigadeiro Seco,Av Brigadeiro Seco,X,Não definida
2086,13625,AV CAMARAO,Avenida Camarão,Av Camarao,S,Via Pavimentada
2109,13846,AV CAMPINA GRANDE,Avenida Campina Grande,Av Campina Grande,S,Via Pavimentada
9864,90700,AV CAMPO VERDE,Avenida Campo Verde,Av Campo Verde,S,Via Pavimentada
3401,25917,AV CANAA,Avenida Canaã,Av Canaa,N,Via Não Pavimentada
3188,23841,RUA CAPITAO FELIPE FERREIRA,Avenida Capitão Felipe Ferreira,R. Cap Felipe Ferreira,S,Via Pavimentada
3571,27464,AV CAPITAO GREGORIO DE CALDAS,Avenida Capitão Gregório de Caldas,Av Cap Gregorio de Caldas,S,Via Pavimentada
2307,15903,AV CAXANGA,Avenida Caxangá,Av Caxanga,S,Via Pavimentada
11446,119423,AV CELSO FURTADO,Avenida Celso Furtado,Av. Celso Furtado,S,Via Pavimentada
2391,16748,AV CENTENARIO ALBERTO SANTOS DUMONT,Avenida Centenário Alberto Santos Dumont,Av Centenario Alberto Santos Dumont,S,Via Pavimentada
2416,16756,AV CENTRAL,Avenida Central,Av Central,P,Via Parcialmente Pavimentada
8719,77216,AV CHAGAS FERREIRA,Avenida Chagas Ferreira,Av Chagas Ferreira,P,Via Parcialmente Pavimentada
8431,74071,AV CHAPADA DO ARARIPE,Avenida Chapada do Araripe,Av Chapada do Araripe,S,Via Pavimentada
113,16659,AV CHARLES DARWIN,Avenida Charles Darwin,Av Charles Darwin,S,Via Pavimentada
5758,47708,AV CHICO MENDES,Avenida Chico Mendes,Av Chico Mendes,N,Via Não Pavimentada
9391,85650,AV CIDADE DE MONTEIRO,Avenida Cidade de Monteiro,Av Cidade de Monteiro,S,Via Pavimentada
6470,54119,AV CONCRIS,Avenida Concris,Av. Concris,P,Via Parcialmente Pavimentada
1867,11738,AV CONDE DA BOA VISTA,Avenida Conde da Boa Vista,Av Conde da Boa Vista,S,Via Pavimentada
702,1465,AV CONS AGUIAR,Avenida Conselheiro Aguiar,Av Cons Aguiar,S,Via Pavimentada
6999,59382,AV CONSELHEIRO ROSA E SILVA,Avenida Conselheiro Rosa e Silva,Av Cons Rosa e Silva,S,Via Pavimentada
517,57142,AV CONSUL JOSEPH NOUJAIM,Avenida Consul Joseph Noujaim,Av. Consul Joseph Noujaim,P,Via Parcialmente Pavimentada
7588,64769,AV CONSUL VILARES FRAGOSO,Avenida Cônsul Vilares Fragoso,Av Consul Vilares Fragoso,S,Via Pavimentada
6045,50296,AV CORACAO DE JESUS,Avenida Coração de Jesus,Av Coracao de Jesus,S,Via Pavimentada
2517,17698,AV CORREIA DE BRITO,Avenida Correia de Brito,Av Correia de Brito,S,Via Pavimentada
8070,70033,AV COSTA E SILVA,Avenida Costa e Silva,Av. Costa e Silva,S,Via Pavimentada
2607,18481,AV CRUZ CABUGA,Avenida Cruz Cabuga,Av Cruz Cabuga,S,Via Pavimentada
1474,8214,AV DA ARQUITETURA,Avenida da Arquitetura,Av da Arquitetura,S,Via Pavimentada
2922,21466,AV DA ENGENHARIA,Avenida da Engenharia,Av da Engenharia,S,Via Pavimentada
2658,19054,AV DANTAS BARRETO,Avenida Dantas Barreto,Av Dantas Barreto,S,Via Pavimentada
468,56898,AV DA RECUPERACAO,Avenida da Recuperação,Av. da Recuperação,S,Via Pavimentada
6485,54267,AV DA SAUDADE,Avenida da Saudade,Av da Saudade,S,Via Pavimentada
10286,98086,AV DES GUERRA BARRETO,Avenida Desembargador Guerra Barreto,Av Des Guerra Barreto,S,Via Pavimentada
4522,36374,AV DES JOSE NEVES,Avenida Desembargador José Neves,Av Des José Neves,S,Via Pavimentada
5582,46043,AV DES NESTOR DIOGENES DE MELLO,Avenida Desembargador Nestor Diógenes de Melo,Av Des Nestor Diógenes de Mello,S,Via Pavimentada
6466,54089,AV DES PEDRO RIBEIRO MALTA,Avenida Desembargador Pedro Ribeiro Malta,Av Des Pedro Ribeiro Malta,S,Via Pavimentada
2719,19526,AV DEZESSETE DE AGOSTO,Avenida Dezessete de Agosto,Av. Dezessete de Agosto,S,Via Pavimentada
2779,20052,AV DOIS RIOS,Avenida Dois Rios,Av Dois Rios,S,Via Pavimentada
10170,96105,AV DOM HELDER CAMARA,Avenida Dom Helder Câmara,Av Dom Helder Camara,S,Via Pavimentada
7918,68012,AV DOM JOAO VI,Avenida Dom João VI,Av Dom João Vi,S,Via Pavimentada
836,2674,AV DONA ALICE MONTENEGRO LESSA,Avenida Dona Alice Montenegro Lessa,Av Dona Alice Montenegro Lessa,S,Via Pavimentada
2179,14788,AV DONA CARENTINA,Avenida Dona Carentina,Av Dona Carentina,S,Via Pavimentada
2386,16691,AV DONA CELIA ARRAES,Avenida Dona Célia Arraes,Av Dona Celia Arraes,S,Via Pavimentada
3118,23213,AV DONA EUNICE PEREIRA,Avenida Dona Eunice Pereira,Av Dona Eunice Pereira,N,Via Não Pavimentada
2835,20583,AV DOS ECONOMISTAS,Avenida dos Economistas,Av dos Economistas,S,Via Pavimentada
10265,97772,AV DOS FUNCIONARIOS,Avenida dos Funcionários,Av dos Funcionarios,S,Via Pavimentada
3119,23221,AV DR EURICO CHAVES,Avenida Doutor Eurico Chaves,Av Dr Eurico Chaves,S,Via Pavimentada
4550,36641,AV DR JOSE RUFINO,Avenida Doutor José Rufino,Av Dr José Rufino,S,Via Pavimentada
7847,67377,AV DOZE DE JUNHO,Avenida Doze de Junho,Av Doze de Junho,S,Via Pavimentada
2751,19828,AV DR DIRCEU VELLOSO TOSCANO DE BRITO,Avenida Dr Dirceu Velloso Toscano de Brito,Av Dr Dirceu Velloso Toscano de Brito,P,Via Parcialmente Pavimentada
2296,15881,AV DR JAYME DA FONTE,Avenida Dr Jayme da Fonte,Av Dr Jayme da Fonte,S,Via Pavimentada
5011,40797,AV DR MALAQUIAS,Avenida Dr Malaquias,Av Dr Malaquias,S,Via Pavimentada
6527,54593,AV DR SEIXAS,Avenida Dr Seixas,Av Dr Seixas,N,Via Não Pavimentada
1521,8664,AV EMBAIXADOR ASSIS CHATEAUBRIAND,Avenida Embaixador Assis Chateaubriand,Av Embaixador Assis Chateaubriand,P,Via Parcialmente Pavimentada
2914,21393,AV ENCANTA MOCA,Avenida Encanta Moça,Av Encanta Moça,S,Via Pavimentada
541,175,AV ENGENHEIRO ABDIAS DE CARVALHO,Avenida Engenheiro Abdias de Carvalho,Av Eng Abdias de Carvalho,S,Via Pavimentada
659,1147,AV ENGENHEIRO AGAMENON DE MAGALHAES MELO,Avenida Engenheiro Agamenon de Magalhães Melo,Av Eng Agamenon de Magalhães Melo,S,Via Pavimentada
967,3786,AV ENGENHEIRO ALVES DE SOUZA,Avenida Engenheiro Alves de Souza,Av Eng Alves de Souza,S,Via Pavimentada
2792,20184,AV ENGENHEIRO DOMINGOS FERREIRA,Avenida Engenheiro Domingos Ferreira,Av Eng Domingos Ferreira,S,Via Pavimentada
4454,35807,AV ENGENHEIRO JOSE ESTELITA,Avenida Engenheiro José Estelita,Av Eng José Estelita,S,Via Pavimentada
2927,21512,AV ENGENHO BABILONIA,Avenida Engenho Babilonia,Av Engenho Babilonia,S,Via Pavimentada
2931,21563,AV ENGENHO BARRA DO NORTE,Avenida Engenho Barra do Norte,Av Engenho Barra do Norte,S,Via Pavimentada
2947,21792,AV ENGENHO CANA BRAVA,Avenida Engenho Cana Brava,Av Engenho Cana Brava,S,Via Pavimentada
2975,22071,AV ENGENHO MURIBARA,Avenida Engenho Muribara,Av Engenho Muribara,S,Via Pavimentada
2976,22080,AV ENGENHO MURIBECA,Avenida Engenho Muribeca,Av Engenho Muribeca,S,Via Pavimentada
2990,22187,AV ENGENHO SERRA VERDE,Avenida Engenho Serra Verde,Av Engenho Serra Verde,S,Via Pavimentada
3049,22675,AV ESPERANTINOPOLIS,Avenida Esperantinopolis,Av Esperantinopolis,S,Via Pavimentada
3066,22799,AV ESTANCIA,Avenida Estância,Av Estancia,S,Via Pavimentada
3226,24228,AV FERNANDO SIMOES BARBOSA,Avenida Fernando Simões Barbosa,Av Fernando Simoes Barbosa,S,Via Pavimentada
132,24619,AV FLOR DE SANTANA,Avenida Flor de Santana,Av Flor de Santana,S,Via Pavimentada
11596,121835,AV FREI DAMIAO,Avenida Frei Damião,Av. Frei Damiao,S,Via Pavimentada
8486,84964,AV GAROTA DE IPANEMA,Avenida Garota de Ipanema,Av Garota de Ipanema,S,Via Pavimentada
3444,26298,AV GEDALHA,Avenida Gedalha,Av Gedalha,P,Via Parcialmente Pavimentada
1780,11029,AV GENERAL BENTO DA GAMA,Avenida General Bento da Gama,Av Gal Bento da Gama,S,Via Pavimentada
4501,36226,AV GENERAL JOSE MARIA LATINO,Avenida General José Maria Latino,Av Gal José Maria Latino,N,Via Não Pavimentada
4965,40371,AV GENERAL MAC ARTHUR,Avenida General Mac Arthur,Av Gal Mac Arthur,S,Via Pavimentada
6428,53775,AV GENERAL SAN MARTIN,Avenida General San Martin,Av Gal San Martin,S,Via Pavimentada
9803,90026,AV GETULIO VARGAS,Avenida Getúlio Vargas,Av Getulio Vargas,S,Via Pavimentada
661,1155,AV GOVERNADOR AGAMENON MAGALHAES,Avenida Governador Agamenon Magalhães,Av Gov Agamenon Magalhães,S,Via Pavimentada
2203,15024,AV GOVERNADOR CARLOS DE LIMA CAVALCANTI,Avenida Governador Carlos de Lima Cavalcanti,Av Gov Carlos de Lima Cavalcanti,S,Via Pavimentada
6938,58823,AV GOVERNADOR ROBERTO SILVEIRA,Avenida Governador Roberto Silveira,Av Gov Roberto Silveira,S,Via Pavimentada
7217,61280,AV GOVERNADOR TORRES GALVAO,Avenida Governador Torres Galvão,Av Gov Torres Galvao,S,Via Pavimentada
3628,27995,AV GUARAPUAVA,Avenida Guarapuava,Av Guarapuava,S,Via Pavimentada
3630,28010,AV GUARARAPES,Avenida Guararapes,Av Guararapes,S,Via Pavimentada
3697,28622,AV HELIO FALCAO,Avenida Hélio Falcão,Av Helio Falcao,S,Via Pavimentada
3735,28932,AV HERCULANO BANDEIRA,Avenida Herculano Bandeira,Av Herculano Bandeira,S,Via Pavimentada
3751,29076,AV HILDEBRANDO DE VASCONCELOS,Avenida Hildebrando de Vasconcelos,Av Hildebrando de Vasconcelos,S,Via Pavimentada
3817,29670,AV IBURA,Avenida Ibura,Av Ibura,S,Via Pavimentada
4589,36943,AV IMPERADOR DOM PEDRO I,Avenida Imperador Dom Pedro I,Av Imperador Dom Pedro I,S,Via Pavimentada
3860,30139,AV INACIO DE BARROS BARRETO,Avenida Inácio de Barros Barreto,Av Inacio de Barros Barreto,S,Via Pavimentada
3867,30180,AV INACIO MONTEIRO,Avenida Inacio Monteiro,Av Inacio Monteiro,P,Via Parcialmente Pavimentada
5355,44059,AV INDUSTRIAL MENDO SAMPAIO,Avenida Industrial Mendo Sampaio,Av Industrial Mendo Sampaio,S,Via Pavimentada
4031,31844,AV IZABEL DE GOES,Avenida Izabel de Goes,Av. Izabel de Goes,P,Via Parcialmente Pavimentada
8155,70947,AV JARDIM BRASILIA,Avenida Jardim Brasília,Av Jardim Brasilia,N,Via Não Pavimentada
4143,32948,AV JEMIL ASFORA,Avenida Jemil Asfora,Av. Jemil Asfora,P,Via Parcialmente Pavimentada
10499,105007,AV JOAO CABRAL DE M. NETO,Avenida João Cabral de Melo Neto,Av João Cabral de M. Neto,S,Via Pavimentada
4193,33405,AV JOAO DE BARROS,Avenida João de Barros,Av João de Barros,S,Via Pavimentada
9265,83992,AV JOAO RIO BRANCO DE LIMA,Avenida João Rio Branco de Lima,Av João Rio Branco de Lima,S,Via Pavimentada
4354,34797,AV JOAQUIM RIBEIRO,Avenida Joaquim Ribeiro,Av Joaquim Ribeiro,S,Via Pavimentada
4376,34940,AV JOCKEI CLUB,Avenida Jockey Clube,Av. Jockey Clube,N,Via Não Pavimentada
10266,97780,AV JORNALISTA ANIBAL FERNANDES,Avenida Jornalista Aníbal Fernandes,Av Jorn Anibal Fernandes,S,Via Pavimentada
9262,83968,AV JORNALISTA COSTA PORTO,Avenida Jornalista Costa Porto,Av Jorn Costa Porto,S,Via Pavimentada
6291,52493,AV JORNALISTA POSSIDONIO CAVALCANTI BASTOS,Avenida Jornalista Possidonio Cavalcanti Bastos,Av Jorn Possidonio Cavalcanti Bastos,P,Via Parcialmente Pavimentada
10052,94064,AV JOSE AMERICO DE ALMEIDA,Avenida José Américo de Almeida,Av José Americo de Almeida,S,Via Pavimentada
4462,35866,AV JOSE FERREIRA LINS,Avenida José Ferreira Lins,Av José Ferreira Lins,S,Via Pavimentada
4474,35971,AV JOSE GONCALVES DE MEDEIROS,Avenida José Gonçalves de Medeiros,Av José Gonçalves de Medeiros,S,Via Pavimentada
4591,36960,AV JOSELIA,Avenida Josélia,Av Joselia,S,Via Pavimentada
4617,37214,AV JULIO CESAR,Avenida Júlio César,Av Julio Cesar,N,Via Não Pavimentada
5573,45985,AV JUSTICA E PAZ,Avenida Justiça e Paz,Av Justica e Paz,S,Via Pavimentada
4791,38768,AV LIBERDADE,Avenida Liberdade,Av Liberdade,S,Via Pavimentada
1347,7005,AV LIBERDADE,Avenida Liberdade,Av Liberdade,S,Via Pavimentada
176,39020,AV LINO JORDAO,Avenida Lino Jordao,Av Lino Jordao,P,Via Parcialmente Pavimentada
4807,39063,AV LINS PETIT,Avenida Lins Petit,Av Lins Petit,S,Via Pavimentada
10087,94587,AV LUIZ ANTONIO DE ARAUJO,Avenida Luiz Antônio de Araújo,Av Luiz Antônio de Araújo,S,Via Pavimentada
4923,39950,AV LUIZ DE LACERDA,Avenida Luiz de Lacerda,Av Luiz de Lacerda,P,Via Parcialmente Pavimentada
5568,45942,AV MAESTRO NELSON FERREIRA,Avenida Maestro Nelson Ferreira,Av Maestro Nelson Ferreira,P,Via Parcialmente Pavimentada
5008,40770,AV MALACO,Avenida Malacó,Av Malaco,S,Via Pavimentada
5034,41017,AV MANAUS,Avenida Manaus,Av Manaus,S,Via Pavimentada
5081,41459,AV MANOEL BORBA,Avenida Manoel Borba,Av Manoel Borba,S,Via Pavimentada
5105,41653,AV MANOEL GONCALVES DA LUZ,Avenida Manoel Goncalves da Luz,Av Manoel Goncalves da Luz,S,Via Pavimentada
5111,41696,AV MANOEL LOPES,Avenida Manoel Lopes,Av Manoel Lopes,S,Via Pavimentada
10157,95613,AV MARECHAL CORDEIRO DE FARIAS,Avenida Marechal Cordeiro de Farias,Av Marechal Cordeiro de Farias,P,Via Parcialmente Pavimentada
4599,37052,AV MARECHAL JUAREZ TAVORA,Avenida Marechal Juarez Távora,Av Marechal Juarez Tavora,S,Via Pavimentada
5292,43451,AV MARECHAL MASCARENHAS DE MORAES,Avenida Marechal Mascarenhas de Moraes,Av Marechal Mascarenhas de Moraes,S,Via Pavimentada
5205,42625,AV MARIA IRENE,Avenida Maria Irene,Av Maria Irene,S,Via Pavimentada
5230,42986,AV MARIO ALVARES PEREIRA DE LYRA,Avenida Mário Álvares Pereira de Lyra,Av. Mário Álvares Pereira de Lyra,S,Via Pavimentada
5246,43125,AV MARIO MELO,Avenida Mario Melo,Av Mario Melo,S,Via Pavimentada
5720,47406,AV MARQUES DE OLINDA,Avenida Marquês de Olinda,Av Marques de Olinda,S,Via Pavimentada
10284,98000,AV MARTIN LUTHER KING,Avenida Martin Luther King,Av Martin Luther King,S,Via Pavimentada
5276,43370,AV MARTINS DE BARROS,Avenida Martins de Barros,Av Martins de Barros,S,Via Pavimentada
5309,43648,AV MATO GROSSO,Avenida Mato Grosso,Av Mato Grosso,S,Via Pavimentada
10580,107719,AV MAURICIO DE NASSAU,Avenida Mauricio de Nassau,Av Mauricio de Nassau,S,Via Pavimentada
7861,67482,AV MELVIN JONES,Avenida Melvin Jones,Av Melvin Jones,S,Via Pavimentada
5390,44300,AV MILITAR,Avenida Militar,Av Militar,S,Via Pavimentada
8685,76961,AV MINISTRO APOLONIO SALES,Avenida Ministro Apolônio Sales,Av Min Apolonio Sales,S,Via Pavimentada
5738,47520,AV MINISTRO OLIVEIRA SALAZAR,Avenida Ministro Oliveira Salazar,Av Min Oliveira Salazar,P,Via Parcialmente Pavimentada
5451,44865,AV MONACO,Avenida Mônaco,Av Monaco,N,Via Não Pavimentada
5457,44938,AV MONTE ALEGRE,Avenida Monte Alegre,Av Monte Alegre,S,Via Pavimentada
5478,45152,AV MONTEVIDEU,Avenida Montevidéu,Av Montevideu,S,Via Pavimentada
5497,45322,AV MUCIO UCHOA CAVALCANTI,Avenida Mucio Uchoa Cavalcante,Av Mucio Uchoa Cavalcante,S,Via Pavimentada
5525,45560,AV MUSTARDINHA,Avenida Mustardinha,Av Mustardinha,P,Via Parcialmente Pavimentada
5603,46205,AV NICOLAU COPERNICO,Avenida Nicolau Copérnico,Av Nicolau Copernico,N,Via Não Pavimentada
5621,46540,AV NORTE MIGUEL ARRAES DE ALENCAR,Avenida Norte Miguel Arraes de Alencar,Av. Norte Miguel Arraes de Alencar,S,Via Pavimentada
5652,46701,AV NOVA DO FUNDAO,Avenida Nova do Fundão,Av Nova do Fundao,S,Via Pavimentada
7476,63398,AV N S APARECIDA,Avenida N S Aparecida,Av N S Aparecida,S,Via Pavimentada
2195,15210,AV N S DO CARMO,Avenida N S do Carmo,Av N S do Carmo,S,Via Pavimentada
5736,47511,AV OLIVEIRA LIMA,Avenida Oliveira Lima,Av Oliveira Lima,S,Via Pavimentada
5749,47619,AV OPERARIA,Avenida Operária,Av Operaria,S,Via Pavimentada
4630,37311,AV OPERARIO JULIO ROCHA,Avenida Operário Júlio Rocha,Av Operario Julio Rocha,S,Via Pavimentada
10144,95494,AV OTHON BEZERRA DE MELO,Avenida Othon Bezerra de Melo,Av Othon Bezerra de Melo,N,Via Não Pavimentada
7646,65226,AV PADRE CICERO,Avenida Padre Cícero,Av. Padre Cícero,S,Via Pavimentada
3802,29530,AV PADRE IBIAPINA,Avenida Padre Ibiapina,Av Padre Ibiapina,S,Via Pavimentada
6232,51942,AV PADRE MOSCA DE CARVALHO,Avenida Padre Mosca de Carvalho,Av Padre Mosca de Carvalho,S,Via Pavimentada
5997,49832,AV PAPA PAULO SEXTO,Avenida Papa Paulo VI,Av Papa Paulo Sexto,N,Via Não Pavimentada
5945,49352,AV PARNAMIRIM,Avenida Parnamirim,Av Parnamirim,S,Via Pavimentada
6017,50024,AV PEDRO ALLAIN,Avenida Pedro Allain,Av Pedro Allain,S,Via Pavimentada
6050,50334,AV PEDRO DE MELO PEDROZA,Avenida Pedro de Melo Predrosa,Av Pedro de Melo Predrosa,N,Via Não Pavimentada
11450,119474,AV PERNAMBUCO,Avenida Pernambuco,Av Pernambuco,S,Via Pavimentada
6098,50822,AV PERNAMBUCO,Avenida Pernambuco,Av Pernambuco,S,Via Pavimentada
6159,51250,AV PINHEIROS,Avenida Pinheiros,Av Pinheiros,P,Via Parcialmente Pavimentada
6176,51390,AV PIRACICABA,Avenida Piracicaba,Av Piracicaba,P,Via Parcialmente Pavimentada
3363,25607,AV POETA FRANCA JUNIOR,Avenida Poeta Franca Junior,Av Poeta Franca Junior,N,Via Não Pavimentada
10076,94382,AV POETA VINICIUS DE MORAIS,Avenida Poeta Vinícius de Morais,Av Poeta Vinicius de Morais,N,Via Não Pavimentada
6285,52434,AV PORTO SEGURO,Avenida Porto Seguro,Av Porto Seguro,P,Via Parcialmente Pavimentada
6290,52485,AV PORTUGAL,Avenida Portugal,Av Portugal,S,Via Pavimentada
2355,16390,AV PREFEITO ANTONIO PEREIRA,Avenida Prefeito Antônio Pereira,Av Pref Antônio Pereira,S,Via Pavimentada
7871,67555,AV PREFEITO ARTUR LIMA CAVALCANTI,Avenida Prefeito Artur Lima Cavalcanti,Av Pref Artur Lima Cavalcanti,S,Via Pavimentada
4806,38903,AV PREFEITO LIMA CASTRO,Avenida Prefeito Lima de Castro,Av. Pref. Lima de Castro,S,Via Pavimentada
2036,13188,AV PRESIDENTE CAFE FILHO,Avenida Presidente Café Filho,Av Pres Cafe Filho,N,Via Não Pavimentada
2832,20567,AV PRESIDENTE DUTRA,Avenida Presidente Dutra,Av Pres Dutra,S,Via Pavimentada
8533,74969,AV PRESIDENTE DUTRA,Avenida Presidente Dutra,Av Pres Dutra,P,Via Parcialmente Pavimentada
4663,37672,AV PRESIDENTE KENNEDY,Avenida Presidente Kennedy,Av Pres Kennedy,S,Via Pavimentada
4594,37010,AV PRESIDENTE MEDICI,Avenida Presidente Médici,Av Pres Medici,P,Via Parcialmente Pavimentada
1505,8516,AV PROFESSOR ARTUR DE SA,Avenida Professor Artur de Sá,Av Prof Artur de Sa,S,Via Pavimentada
9051,81450,AV PROFESSOR BARROS LIMA,Avenida Professor Barros Lima,Av Prof Barros Lima,P,Via Parcialmente Pavimentada
8283,72427,AV PROFESSOR ESTEVAO FRANCISCO DA COSTA,Avenida Professor Estevão Francisco da Costa,Av Prof Estevao Francisco da Costa,P,Via Parcialmente Pavimentada
4266,34045,AV PROFESSOR JOAO MEDEIROS,Avenida Professor João Medeiros,Av Prof João Medeiros,S,Via Pavimentada
4328,34614,AV PROFESSOR JOAQUIM CAVALCANTI,Avenida Professor Joaquim Cavalcanti,Av Prof. Joaquim Cavalcanti,S,Via Pavimentada
4409,35270,AV PROFESSOR JOSE DOS ANJOS,Avenida Professor José dos Anjos,Av Prof. José dos Anjos,S,Via Pavimentada
4914,39896,AV PROFESSOR LUIZ FREIRE,Avenida Professor Luiz Freire,Av Prof Luiz Freire,S,Via Pavimentada
5483,45179,AV PROFESSOR MORAES REGO,Avenida Professor Moraes Rego,Av Prof Moraes Rego,S,Via Pavimentada
6367,53171,AV QUEIXARAMOBIM,Avenida Queixaramobim,Av Queixaramobim,P,Via Parcialmente Pavimentada
3492,26751,AV QUINZE DE NOVEMBRO,Avenida Quinze de Novembro,Av Quinze de Novembro,S,Via Pavimentada
6717,56537,AV RAIMUNDO DINIZ,Avenida Raimundo Diniz,Av Raimundo Diniz,S,Via Pavimentada
6760,56871,AV RECIFE,Avenida Recife,Av Recife,S,Via Pavimentada
4321,34533,AV REITOR JOAQUIM AMAZONAS,Avenida Reitor Joaquim Amazonas,Av Reitor Joaquim Amazonas,S,Via Pavimentada
11344,118249,AV REITOR MANOEL RODRIGUES,Avenida Reitor Manoel Rodrigues,Av Reitor Manoel Rodrigues,S,Via Pavimentada
6107,57150,AV REPUBLICA DO LIBANO,Avenida Republica do Libano,Av Republica do Libano,S,Via Pavimentada
6817,57630,AV RIO BRANCO,Avenida Rio Branco,Av Rio Branco,S,Via Pavimentada
8375,73458,AV RIO CAPIBARIBE,Avenida Rio Capibaribe,Av Rio Capibaribe,S,Via Pavimentada
6842,57916,AV RIO GRANDE,Avenida Rio Grande,Av Rio Grande,P,Via Parcialmente Pavimentada
6872,58211,AV RIO LARGO,Avenida Rio Largo,Av Rio Largo,P,Via Parcialmente Pavimentada
6876,58254,AV RIO MORNO,Avenida Rio Morno,Av. Rio Morno,N,Via Não Pavimentada
6912,58564,AV RIO SAO FRANCISCO,Avenida Rio São Francisco,Av Rio São Francisco,S,Via Pavimentada
6926,58718,AV RIO VERDE,Avenida Rio Verde,Av Rio Verde,S,Via Pavimentada
7023,59595,AV RUI BARBOSA,Avenida Rui Barbosa,Av Rui Barbosa,S,Via Pavimentada
6384,53406,AV SALDANHA MARINHO,Avenida Saldanha Marinho,Av Saldanha Marinho,S,Via Pavimentada
6436,53830,AV SANTA FE,Avenida Santa Fé,Av Santa Fe,S,Via Pavimentada
6446,53929,AV SANTAREM,Avenida Santarem,Av Santarem,S,Via Pavimentada
182,38997,AV SANTO ANTONIO,Avenida Santo Antônio,Av Santo Antônio,S,Via Pavimentada
6450,53961,AV SANTOS,Avenida Santos,Av Santos,P,Via Parcialmente Pavimentada
6453,53996,AV SANTOS DUMONT,Avenida Santos Dumont,Av Santos Dumont,S,Via Pavimentada
269,80748,AV SAO PAULO,Avenida São Paulo,Av São Paulo,S,Via Pavimentada
5983,49670,AV SAO PAULO,Avenida São Paulo,Av São Paulo,S,Via Pavimentada
4826,39233,AV SAO XAVIER,Avenida São Xavier,Av São Xavier,S,Via Pavimentada
6471,54127,AV SAPUCAIA,Avenida Sapucaia,Av Sapucaia,S,Via Pavimentada
6482,54232,AV SATURNINO DE BRITO,Avenida Saturnino de Brito,Av Saturnino de Brito,S,Via Pavimentada
6519,54534,AV SEBASTIAO SALAZAR,Avenida Sebastião Salazar,Av Sebastiao Salazar,S,Via Pavimentada
7488,63487,AV SENADOR ANTONIO FARIAS,Avenida Senador Antônio Farias,Av Sen Antônio Farias,S,Via Pavimentada
6939,58831,AV SENADOR ROBERT KENNEDY,Avenida Senador Robert Kennedy,Av Sen Robert Kennedy,S,Via Pavimentada
8436,74128,AV SERRA DA MANTIQUEIRA,Avenida Serra da Mantiqueira,Av Serra da Mantiqueira,S,Via Pavimentada
6988,59307,AV SONHO REAL,Avenida Sonho Real,Av Sonho Real,S,Via Pavimentada
5288,43621,AV SPORT CLUBE DO RECIFE,Avenida Sport Clube do Recife,Av Sport Clube do Recife,S,Via Pavimentada
6703,56391,AV SUL GOV. CID SAMPAIO,Avenida Sul Gov. Cid Sampaio,Av. Sul Gov. Cid Sampaio,S,Via Pavimentada
6548,54780,AV TANCREDO NEVES,Avenida Tancredo Neves,Av Tancredo Neves,P,Via Parcialmente Pavimentada
7078,60097,AV TAPAJOS,Avenida Tapajos,Av Tapajos,S,Via Pavimentada
8487,84972,AV TEMPO FELIZ,Avenida Tempo Feliz,Av Tempo Feliz,S,Via Pavimentada
3186,23825,AV TENENTE FELIPE BANDEIRA DE MELO,Avenida Tenente Felipe Bandeira de Melo,Av Ten Felipe Bandeira de Melo,P,Via Parcialmente Pavimentada
8991,80756,AV TIRADENTES,Avenida Tiradentes,Av Tiradentes,S,Via Pavimentada
7254,61573,AV TRINTA DE OUTUBRO,Avenida Trinta de Outubro,Av Trinta de Outubro,P,Via Parcialmente Pavimentada
7417,62790,AV VALENCA,Avenida Valença,Av Valença,P,Via Parcialmente Pavimentada
1956,12408,AV VEREADOR OTACILIO AZEVEDO,Avenida Vereador Otacílio Azevedo,Av Ver Otacilio Azevedo,S,Via Pavimentada
7597,64823,AV VINTE DE JANEIRO,Avenida Vinte de Janeiro,Av Vinte de Janeiro,S,Via Pavimentada
7609,64920,AV VINTE E TRES DE OUTUBRO,Avenida Vinte e Tres de Outubro,Av Vinte e Tres de Outubro,S,Via Pavimentada
747,1880,AV VISCONDE DE ALBUQUERQUE,Avenida Visconde de Albuquerque,Av Visc de Albuquerque,S,Via Pavimentada
4782,38687,AV VISCONDE DE SAO LEOPOLDO,Avenida Visconde de São Leopoldo,Av Visc de São Leopoldo,P,Via Parcialmente Pavimentada
6693,56286,AV VISCONDE DE SUASSUNA,Avenida Visconde de Suassuna,Av Visc de Suassuna,S,Via Pavimentada
8668,76716,BEC BRAZOPOLIS,Beco Brazópolis,Bec Brazópolis,P,Via Parcialmente Pavimentada
2181,14850,BEC CARIRI,Beco Cariri,Bec Cariri,S,Via Pavimentada
8286,72443,BEC DA MACAIBA,Beco da Macaiba,Bec da Macaiba,X,Não definida
6312,52698,BEC DA PITOMBEIRA,Beco da Pitombeira,Bec da Pitombeira,S,Via Pavimentada
9552,87165,BEC DA SAUDADE,Beco da Saudade,Bec da Saudade,X,Não definida
7231,61379,BEC DA TRAMWAYS,Beco da Tramways,Bec da Tramways,N,Via Não Pavimentada
10578,107670,BEC DA VITORIA,Beco da Vitória,Bec da Vitoria,X,Não definida
8891,79537,BEC DO ACUCAR,Beco do Açucar,Bec do Acucar,N,Via Não Pavimentada
5202,45888,BEC DO CARANGUEIJO,Beco do Caranguejo,Bec do Carangueijo,X,Não definida
108,14753,BEC DO CARDIN,Beco do Cardin,Bec do Cardin,N,Via Não Pavimentada
2456,17205,BEC DO COMISSARIADO,Beco do Comissariado,Bec do Comissariado,N,Via Não Pavimentada
8269,72214,BEC DO FERRO VELHO DOIS,Beco do Ferro Velho Dois,Bec do Ferro Velho Dois,N,Via Não Pavimentada
8270,72222,BEC DO FERRO VELHO TRES,Beco do Ferro Velho Três,Bec do Ferro Velho Três,S,Via Pavimentada
8268,72206,BEC DO FERRO VELHO UM,Beco do Ferro Velho Um,Bec do Ferro Velho Um,N,Via Não Pavimentada
11855,701254,BEC DO GANSO,Beco do Ganso,Bec do Ganso,N,Via Não Pavimentada
8180,71250,BEC DOIS DE NOVEMBRO,Beco Dois de Novembro,Bec Dois de Novembro,X,Não definida
5266,43281,BEC DO MARROQUIM,Beco do Marroquim,Bec do Marroquim,S,Via Pavimentada
5327,43796,BEC DO MAXIXE,Beco do Maxixe,Bec do Maxixe,S,Via Pavimentada
11845,700827,BEC DOS CADUCOS,Beco dos Caducos,Bec dos Caducos,N,Via Não Pavimentada
6708,56421,BEC DO SUPAPO,Beco do Supapo,Bec do Supapo,S,Via Pavimentada
9791,89893,BEC GALOPOLIS,Beco Galópolis,Bec Galopolis,S,Via Pavimentada
11443,119393,BEC PALOMBETA,Beco Palombeta,Bec. Palombeta,X,Não definida
1581,9180,BEC SAO FRANCISCO,Beco São Francisco,Bec São Francisco,X,Não definida
3523,27049,BEC SAO GONCALO,Beco São Gonçalo,Bec São Goncalo,S,Via Pavimentada
8125,70629,BEC TRES CACETES,Beco Três Cacetes,Bec Tres Cacetes,X,Não definida
1967,12475,RUA BREJO DA MADRE DE DEUS,Brejo da Madre de Deus,R. Brejo da Madre de Deus,N,Via Não Pavimentada
802,2330,C DA ALFANDEGA,Cais da Alfândega,C da Alfândega,S,Via Pavimentada
2704,19380,C DA DETENCAO,Cais da Detenção,C da Detenção,S,Via Pavimentada
1301,6564,C DO APOLO,Cais do Apolo,C. do Apolo,S,Via Pavimentada
10615,108995,C DO PORTO DO RECIFE,Cais do Porto do Recife,C do Porto do Recife,X,Não definida
8558,75396,C SANTA RITA,Cais Santa Rita,C. Santa Rita,S,Via Pavimentada
7949,68403,RUA REPUBLICA DA ARGELIA ( CICLOVIA ),Ciclovia República da Argélia,Ciclovia Rep. da Argélia,N,Via Não Pavimentada
2430,16764,COR CENTRAL,Córrego Central,Cor Central,S,Via Pavimentada
2072,13501,COR DA CALMA,Córrego da Calma,Cor da Calma,S,Via Pavimentada
2657,19046,COR DANTAS,Córrego Dantas,Cor Dantas,S,Via Pavimentada
538,159,COR DO ABDIAS,Córrego do Abdias,Cor do Abdias,P,Via Parcialmente Pavimentada
1401,7587,COR DO ARCANJO,Córrego do Arcanjo,Cor do Arcanjo,S,Via Pavimentada
1695,10260,COR DO BARTOLOMEU,Córrego do Bartolomeu,Cor do Bartolomeu,S,Via Pavimentada
1876,11827,COR DO BOLEIRO,Córrego do Boleiro,Cor do Boleiro,S,Via Pavimentada
2231,15296,COR DO CAROA,Córrego do Caroá,Cor do Caroa,S,Via Pavimentada
3859,30120,COR DO INACIO,Córrego do Inácio,Cor do Inacio,S,Via Pavimentada
9648,87866,COR DO SARGENTO,Córrego do Sargento,Cor do Sargento,S,Via Pavimentada
9179,82805,COR DO VISGUEIRO,Córrego do Visgueiro,Cor do Visgueiro,S,Via Pavimentada
4485,36064,COR JOSE IDALINO,Córrego José Idalino,Cor José Idalino,S,Via Pavimentada
8328,72931,COR MANOEL JOAO,Córrego Manoel João,Cor Manoel João,N,Via Não Pavimentada
1791,10987,COR PASTOR EV BENOBY CARVALHO DE SOUZA,Córrego Pastor Evangélico Benoby Carvalho de Sou,Cor Pastor Ev Benoby Carvalho de Souza,S,Via Pavimentada
6032,50156,COR PEDRO DA COCADA,Córrego Pedro da Cocada,Cor Pedro da Cocada,S,Via Pavimentada
7441,63002,DIQ DO RECIFE,Dique do Recife,Diq do Recife,X,Não definida
7356,62286,RUA DR JOSE FIGUEIREDO MATOS,Dr. José Figueiredo Matos,R. Dr. José Figueiredo Matos,S,Via Pavimentada
11698,125040,ENT AV REPUBLICA DO LIBANO,Entrada  Avenida República do Líbano,Ent.  Avenida República do Líbano,S,Via Pavimentada
10608,108898,ENT DA BR101 - AV NORTE,Entrada BR 101-Avenida Norte,Ent BR 101-Avenida Norte,S,Via Pavimentada
10281,97985,ENT BR101 NORTE-TERMINAL INT.DO BARRO,Entrada BR 101 Norte-Terminal Integrado do Barro,Ent BR 101 Norte-Terminal Integrado do Barro,S,Via Pavimentada
10605,108880,ENT COMPLEXO DA MACAXEIRA,Entrada Complexo da Macaxeira,Ent Complexo da Macaxeira,S,Via Pavimentada
10765,110620,ENT DA RUA DR JOSE RUFINO,Entrada da Rua Doutor José Rufino,Ent da R. Dr José Rufino,S,Via Pavimentada
11559,121460,ENT RUA DR JOSE RUFINO,Entrada Rua Doutor José Rufino,Ent R. Dr José Rufino,S,Via Pavimentada
10692,111090,ENT TERMINAL INTEGRADO DO BARRO(NORTE),Entrada Terminal Integrado do Barro (Norte),Ent Terminal Integrado do Barro (Norte),S,Via Pavimentada
10855,111805,ENT TERMINAL INTEGRADO DO BARRO(SUL),Entrada Terminal Integrado do Barro (Sul),Ent Terminal Integrado do Barro (Sul),S,Via Pavimentada
11564,121509,ESC ALTO DA ESPERANCA,Escadaria Alto da Esperança,Esc Alto da Esperança,S,Via Pavimentada
10883,112259,ESC CAMPO DA UNIAO,Escadaria Campo da União,Esc. Campo da  União,S,Via Pavimentada
10395,99856,EST DA FOP,Estrada da FOP,Est da Fop,N,Via Não Pavimentada
10054,94102,EST DA LADEIRA DO SERENO,Estrada da Ladeira do Sereno,Est. da Ladeira do Sereno,N,Via Não Pavimentada
9060,81558,EST DA MUMBECA,Estrada da Mumbeca,Est da Mumbeca,P,Via Parcialmente Pavimentada
10903,112500,EST DA PONTE PRETA,Estrada da Ponte Preta,Est da Pte Preta,N,Via Não Pavimentada
7307,61999,EST DAS UBAIAS,Estrada das Ubaias,Est das Ubaias,S,Via Pavimentada
1720,10650,EST DE BELEM,Estrada de Belém,Est. de Belém,S,Via Pavimentada
8768,78077,EST DE FERRO DE SAO FRANCISCO,Estrada de Ferro São Francisco,Est. de Ferro de São Francisco,N,Via Não Pavimentada
7757,66354,EST DE PASSARINHO,Estrada de Passarinho,Est. de Passarinho,S,Via Pavimentada
9547,87122,EST PAU FERRO,Estrada de Pau ferro,Est. de Pau Ferro,N,Via Não Pavimentada
1475,8222,EST DO ARRAIAL,Estrada do Arraial,Est. do Arraial,S,Via Pavimentada
1651,9830,EST DO BARBALHO,Estrada do Barbalho,Est do Barbalho,P,Via Parcialmente Pavimentada
10053,94072,EST DO BARRO BRANCO,Estrada do Barro Branco,Est do Barro Branco,N,Via Não Pavimentada
1898,12009,EST DO BONGI,Estrada do Bongi,Est do Bongi,P,Via Parcialmente Pavimentada
2043,13226,EST DO CAIARA,Estrada do Caiara,Est. do Caiara,P,Via Parcialmente Pavimentada
2630,18759,EST DO CURADO,Estrada do Curado,Est. do Curado,S,Via Pavimentada
2909,21385,EST DO ENCANAMENTO,Estrada do Encanamento,Est do Encanamento,S,Via Pavimentada
3294,24988,EST DO FORTE DO ARRAIAL N. DO B. JESUS,Estrada do Forte do Arraial Novo do Bom Jesus,Est. do Forte do Arraial N. do B. Jesus,S,Via Pavimentada
3383,25771,EST DO FRIGORIFICO,Estrada do Frigorífico,Est. do Frigorífico,P,Via Parcialmente Pavimentada
3995,31356,EST DO MORNO,Estrada do Morno,Est. do Morno,N,Via Não Pavimentada
9053,81469,EST DO ORFANATO,Estrada do Orfanato,Est do Orfanato,N,Via Não Pavimentada
8712,77453,EST DO PAIOL,Estrada do Paiol,Est do Paiol,P,Via Parcialmente Pavimentada
5956,49441,EST DO PASSARINHO,Estrada do Passarinho,Est do Passarinho,P,Via Parcialmente Pavimentada
9065,81523,EST DOS MACACOS,Estrada dos Macacos,Est. dos Macacos,P,Via Parcialmente Pavimentada
10092,94609,EST DOS PINTOS,Estrada dos Pintos,Est dos Pintos,P,Via Parcialmente Pavimentada
6776,57061,EST DOS REMEDIOS,Estrada dos Remédios,Est. dos Remédios,S,Via Pavimentada
2460,17230,EST MORRO DA CONCEICAO,Estrada Morro da Conceição,Est. Morro da Conceição,S,Via Pavimentada
6747,56820,EST REAL DO POCO,Estrada Real do Poço,Est Real do Poço,S,Via Pavimentada
10719,110132,EST SITIO SAPUCAIA,Estrada Sítio Sapucaia,Est Sítio Sapucaia,N,Via Não Pavimentada
7436,62952,EST VELHA DE AGUA FRIA,Estrada Velha de Água Fria,Est. Velha de Água Fria,S,Via Pavimentada
11158,115886,REF GIRADOURO DO SPORT,Giradouro do Sport,Giradouro do Sport,S,Via Pavimentada
11762,126101,RUA GIRADOURO FELIPE CAMARAO,Giradouro Felipe Camarão,Giradouro Felipe Camarão,S,Via Pavimentada
266,80705,LAD DA COHAB,Ladeira da Cohab,Lad. da Cohab,S,Via Pavimentada
1296,6521,LAD DO APIQUE,Ladeira do Apique,Lad do Apique,S,Via Pavimentada
1699,10278,LAD DO BARTOLOMEU,Ladeira do Bartolomeu,Lad do Bartolomeu,S,Via Pavimentada
6468,54100,LAD DO SAPOTI,Ladeira do Sapoti,Lad do Sapoti,S,Via Pavimentada
2917,21415,LGO DA ENCRUZILHADA,Largo da Encruzilhada,Prc Largo da Encruzilhada,S,Via Pavimentada
5524,45551,LGO DA MUSTARDINHA,Largo da Mustardinha,Lgo da Mustardinha,S,Via Pavimentada
6432,53791,LGO DA SANTA CRUZ,Largo da Santa Cruz,Lgo da Santa Cruz,S,Via Pavimentada
8397,73687,LGO DA VILA SAO MIGUEL,Largo da Vila São Miguel,Lgo da Vila São Miguel,S,Via Pavimentada
2245,15431,LGO DE CASA AMARELA,Largo de Casa Amarela,Lgo de Casa Amarela,S,Via Pavimentada
11660,124664,LGO DO CAJA,Largo do Cajá,Lgo do Cajá,N,Via Não Pavimentada
2158,14591,LGO DO CAPUA,Largo do Capuá,Lgo do Capuá,N,Via Não Pavimentada
8656,76570,LGO DO ENCANTA MOCA,Largo do Encanta Moça,Lgo do Encanta Moça,S,Via Pavimentada
10617,109100,LGO DOM BOSCO,Largo Dom Bosco,Lgo Dom Bosco,X,Não definida
8863,79170,LGO DO MERCADO DO CORDEIRO,Largo do Mercado do Cordeiro,Lgo do Mercado do Cordeiro,S,Via Pavimentada
4888,39683,LGO DOM LUIZ,Largo Dom Luiz,Lgo Dom Luiz,S,Via Pavimentada
2249,15474,LGO DOS CASADOS,Largo dos Casados,Lgo dos Casados,S,Via Pavimentada
8373,73423,LGO DOS COELHOS,Largo dos Coelhos,Lgo dos Coelhos,S,Via Pavimentada
4284,34185,LGO JOAO PESSOA,Largo João Pessoa,Lgo João Pessoa,S,Via Pavimentada
11545,121231,LGO VINTE E UM DE ABRIL,Largo Vinte e Um de Abril,Lgo Vinte e Um de Abril,X,Não definida
8620,76066,LGO VISCONDE DE MAUA,Largo Visconde de Mauá,Lgo Visc. de Mauá,S,Via Pavimentada
8479,75043,PRQ INFANTIL WALT DISNEY,Parque Infantil Walt Disney,Prq Infantil Walt Disney,S,Via Pavimentada
7803,66796,PAT DE SAO PEDRO,Pátio de São Pedro,Pat de São Pedro,S,Via Pavimentada
10407,100242,PAT N S DO CARMO,Pátio Nossa Senhora do Carmo,Pátio N. Srª do Carmo,S,Via Pavimentada
2030,13137,PTE AGAMENON MAGALHAES,Ponte Agamenon Magalhães,Pte Agamenon Magalhães,S,Via Pavimentada
11194,116351,PTE ALCA DA PONTE GOV PAULO GUERRA,Ponte Alça da Ponte Governador Paulo Guerra,Pte. Alça da Pte. Gov. Paulo Guerra,N,Via Não Pavimentada
9707,88579,PTE ARNOLDO MAGALHAES,Ponte Arnoldo Magalhães,Pte Arnoldo Magalhães,S,Via Pavimentada
8567,75442,PTE AURELIO DE CASTRO CAVALCANTI,Ponte Aurélio de Castro Cavalcanti,Pte Aurélio de Castro Cavalcanti,S,Via Pavimentada
8174,71200,PTE BARQUEIRO SINVAL PEIXOTO DA SILVA,Ponte Barqueiro Sinval Peixoto da Silva,Pte Barqueiro Sinval Peixoto da Silva,S,Via Pavimentada
7827,67121,PTE BOA VISTA,Ponte Boa Vista,Pte Boa Vista,S,Via Pavimentada
9709,88641,PTE BOM JARDIM,Ponte Bom Jardim,Pte Bom Jardim,S,Via Pavimentada
7835,67210,PTE BUARQUE DE MACEDO,Ponte Buarque de Macedo,Pte Buarque de Macedo,S,Via Pavimentada
9718,88714,PTE BUENOS AYRES,Ponte Buenos Ayres,Pte Buenos Ayres,S,Via Pavimentada
8072,70050,PTE CANAVIAL,Ponte Canavial,Pte Canavial,S,Via Pavimentada
7863,67512,PTE CONDE MAURICIO DE NASSAU,Ponte Conde Maurício de Nassau,Pte Conde Mauríicio de Nassau,S,Via Pavimentada
9721,88773,PTE CORAL,Ponte Coral,Pte Coral,S,Via Pavimentada
8153,70939,PTE CORREIA DE BRITO,Ponte Correia de Brito,Pte Correia de Brito,S,Via Pavimentada
9719,88749,PTE DA BELA VISTA,Ponte da Bela Vista,Pte da Bela Vista,S,Via Pavimentada
9720,88757,PTE DA HARMONIA,Ponte da Harmonia,Pte da Harmonia,S,Via Pavimentada
2118,13960,PTE DE AFOGADOS,Ponte de Afogados,Pte de Afogados,S,Via Pavimentada
8231,71781,PTE DE APIPUCOS,Ponte de Apipucos,Pte de Apipucos,S,Via Pavimentada
8490,88919,PTE DE DOIS IRMAOS,Ponte de Dois Irmãos,Pte de Dois Irmãos,S,Via Pavimentada
9722,88781,PTE DELMIRO GOUVEIA,Ponte Delmiro Gouveia,Pte Delmiro Gouveia,S,Via Pavimentada
9711,88650,PTE DO ARROMBO,Ponte do Arrombo,Pte do Arrombo,S,Via Pavimentada
7833,67199,PTE DO BREDO,Ponte do Bredo,Pte do Bredo,S,Via Pavimentada
9717,88706,PTE DO CACOTE,Ponte do Caçote,Pte do Caçote,S,Via Pavimentada
7855,67440,PTE DO JIQUIA,Ponte do Jiquiá,Pte do Jiquiá,S,Via Pavimentada
7859,67474,PTE DO LIMOEIRO,Ponte do Limoeiro,Pte do Limoeiro,S,Via Pavimentada
284,88986,PTE DO LOGRADOURO,Ponte do Logradouro,Pte do Logradouro,S,Via Pavimentada
7867,67539,PTE DO MOTOCOLOMBO,Ponte do Motocolombó,Pte do Motocolombo,S,Via Pavimentada
9725,88854,PTE DOS REMEDIOS,Ponte dos Remédios,Pte dos Remedios,S,Via Pavimentada
9572,88960,PTE DO VINTEM,Ponte do Vintém,Pte do Vintém,S,Via Pavimentada
7841,67326,PTE DUARTE COELHO,Ponte Duarte Coelho,Pte Duarte Coelho,S,Via Pavimentada
7887,67695,PTE TORRE ENG CANDIDO PINTO DE MELO,Ponte Engenheiro Cândido Pinto de Melo,Pte Eng Cândido Pinto de Melo,S,Via Pavimentada
7839,67300,PTE ESTACIO COIMBRA,Ponte Estácio Coimbra,Pte Estácio Coimbra,S,Via Pavimentada
9730,89001,PTE FERREA BRENAND,Ponte Férrea Brenand,Pte Férrea Brenand,S,Via Pavimentada
9727,88862,PTE GENERAL EUDORO CORREIA,Ponte General Eudoro Correia,Pte Gal Eudoro Correia,S,Via Pavimentada
8916,79863,PTE GILBERTO FREYRE,Ponte Gilberto Freyre,Pte Gilberto Freyre,S,Via Pavimentada
7845,67369,PTE GIRATORIA,Ponte Giratória,Pte Giratória,S,Via Pavimentada
7872,67563,PTE GOVERNADOR PAULO GUERRA,Ponte Governador Paulo Guerra,Pte Gov Paulo Guerra,S,Via Pavimentada
10295,98434,PTE GREGORIO BEZERRA,Ponte Gregório Bezerra,Pte Gregório Bezerra,S,Via Pavimentada
6112,88900,PTE GUABIRABA,Ponte Guabiraba,Pte Guabiraba,S,Via Pavimentada
57,88870,PTE JOAO DE BARROS,Ponte João de Barros,Pte João de Barros,S,Via Pavimentada
10619,109207,PTE JOAQUIM CARDOSO,Ponte Joaquim Cardoso,Pte Joaquim  Cardoso,S,Via Pavimentada
7852,67415,PTE JORDAO,Ponte Jordão,Pte Jordao,S,Via Pavimentada
8543,75191,PTE JOSE DE BARROS LIMA,Ponte José de Barros lima,Pte José de Barros Lima,S,Via Pavimentada
9574,88978,PTE MANOEL GONCALVES DA LUZ,Ponte Manoel Gonçalves da Luz,Pte Manoel Gonçalves da Luz,S,Via Pavimentada
7890,67717,PTE MARECHAL HUMBERTO CASTELO BRANCO,Ponte Marechal Humberto Castelo Branco,Pte Marechal Humberto Castelo Branco,S,Via Pavimentada
9731,89010,PTE NESTOR SILVA,Ponte Nestor Silva,Pte Nestor Silva,S,Via Pavimentada
9723,88790,PTE PAISSANDU,Ponte Paissandu,Pte Paissandu,S,Via Pavimentada
9945,91731,PTE PAULA BATISTA,Ponte Paula Batista,Pte Paula Batista,S,Via Pavimentada
8074,70084,PTE PORTAO DO GELO,Ponte Portão do Gelo,Pte Portão do Gelo,S,Via Pavimentada
7857,67466,PTE PREFEITO LIMA DE CASTRO,Ponte Prefeito Lima de Castro,Pte Pref Lima de Castro,S,Via Pavimentada
528,88889,PTE PRETA DE AFOGADOS,Ponte Preta de Afogados,Pte Preta de Afogados,S,Via Pavimentada
7851,67407,PTE PRINCESA IZABEL,Ponte Princesa Izabel,Pte Princesa Izabel,S,Via Pavimentada
8861,79154,PTE PROFESSOR ESTEVAO FRANCISCO DA COSTA,Ponte Professor Estevão Francisco da Costa,Pte Prof Estevão Francisco da Costa,S,Via Pavimentada
7865,67520,PTE PROFESSOR MORAES REGO,Ponte Professor Moraes Rego,Pte Prof Moraes Rego,S,Via Pavimentada
8492,88935,PTE RAIMUNDO FARIAS,Ponte Raimundo Farias,Pte Raimundo Farias,S,Via Pavimentada
9569,88943,PTE RAIMUNDO LEITAO,Ponte Raimundo Leitão,Pte Raimundo Leitão,S,Via Pavimentada
9570,88951,PTE RICARDO SALAZAR,Ponte Ricardo Salazar,Pte Ricardo Salazar,S,Via Pavimentada
8491,88927,PTE RIVALDO DE CARVALHO,Ponte Rivaldo de Carvalho,Pte Rivaldo de Carvalho,S,Via Pavimentada
9708,88595,PTE SAO BENEDITO,Ponte São Benedito,Pte São Benedito,S,Via Pavimentada
7882,67660,PTE SEIS DE MARCO,Ponte Seis de Março,Pte Seis de Março,S,Via Pavimentada
7885,67679,PTE TACARUNA,Ponte Tacaruna,Pte Tacaruna,S,Via Pavimentada
11787,127078,PTE VICE PRESIDENTE JOSE ALENCAR,Ponte Vice Presidente José Alencar,Pte. Vice Presidente José Alencar,S,Via Pavimentada
8674,76821,PRC ABELARDO BALTAR,Praça Abelardo Baltar,Prc Abelardo Baltar,S,Via Pavimentada
7717,65900,PRC ABELARDO RIJO,Praça Abelardo Rijo,Prc Abelardo Rijo,S,Via Pavimentada
7713,65854,PRC ALFREDO PINTO,Praça Alfredo Pinto,Prc Alfredo Pinto,N,Via Não Pavimentada
10127,95230,PRC AMARO ALBINO PIMENTEL,Praça Amaro Albino Pimentel,Prc Amaro Albino Pimentel,X,Não definida
425,3590,PRC ARARI FERREIRA FONSECA,Praça Arari Ferreira Fonseca,Prc Arari Ferreira Fonseca,S,Via Pavimentada
7715,65870,PRC ARSENAL DA MARINHA,Praça Arsenal da Marinha,Prç. Arsenal da Marinha,S,Via Pavimentada
10302,98655,PRC ASTERIO RUFINO ALVES,Praça Astério Rufino Alves,Prc Asterio Rufino Alves,N,Via Não Pavimentada
10301,98647,PRC ATOR BARRETO JUNIOR,Praça Ator Barreto Júnior,Prc Ator Barreto Junior,N,Via Não Pavimentada
2044,13234,PRC BARAO DE CAIARA,Praça Barão de Caiara,Prc Barão de Caiara,S,Via Pavimentada
7736,66125,PRC BATISTA DA SILVA,Praça Batista da Silva,Prc Batista da Silva,S,Via Pavimentada
7727,66036,PRC BERNARDO VIEIRA DE MELO,Praça Bernardo Vieira de Melo,Prc Bernardo Vieira de Melo,S,Via Pavimentada
7804,66800,PRC CABO PEDRO NETO,Praça Cabo Pedro Neto,Prc Cabo Pedro Neto,X,Não definida
7742,66192,PRC CHORA MENINO,Praça Chora menino,Prc Chora Menino,S,Via Pavimentada
8766,78042,PRC DA AV. MAURICIO DE NASSAU,Praça da Avenida Maurício de Nassau,Prç. da Av.  Maurício de Nassau,S,Via Pavimentada
7732,66109,PRC DA BANDEIRA,Praça da Bandeira,Prc. da Bandeira,S,Via Pavimentada
6332,52850,PRC DA BIBLIA,Praça da Biblia,Prc. da Biblia,S,Via Pavimentada
7741,66184,PRC DA COMUNIDADE LUSO BRASILEIRA,Praça da Comunidade Luso Brasileira,Prc da Comunidade Luso Brasileira,S,Via Pavimentada
7745,66214,PRC DA CONCEICAO,Praça da Conceição,Prc da Conceição,S,Via Pavimentada
7749,66265,PRC DA CONVENCAO,Praça da Convenção,Prc da Convencao,S,Via Pavimentada
8237,71820,PRC DA ESPERANCA,Praça da Esperança,Prc da Esperanca,S,Via Pavimentada
7753,66303,PRC DA INDEPENDENCIA,Praça da Independência,Prc da Independencia,S,Via Pavimentada
7782,66605,PRC DA LIBERDADE,Praça da Liberdade,Prc da Liberdade,S,Via Pavimentada
7805,66826,PRC DA PAZ,Praça da Paz,Prc da Paz,S,Via Pavimentada
9483,86673,PRC AV. PROF ESTEVAO F. DA COSTA,Praça da Professor Estevão Francisco da Costa,Prç. Av. Profº. Estevão F. da Costa,S,Via Pavimentada
9680,88269,PRC DA REDENCAO,Praça da Redenção,Prc da Redencao,S,Via Pavimentada
7787,66877,PRC DA REPUBLICA,Praça da República,Prc da Republica,S,Via Pavimentada
7788,66885,PRC RESTAURACAO,Praça da Restauração,Prc. da Restauração,S,Via Pavimentada
8374,73440,PRC DA RUA GOMES TABORDA,Praça da Rua Gomes Taborda,Prc da R. Gomes Taborda,S,Via Pavimentada
8943,80136,PRC DA RUA OTAVIO SARMENTO CARDOSO,Praça da Rua Otávio Sarmento Cardoso,Prc da R. Otavio Sarmento Cardoso,S,Via Pavimentada
10498,103799,PRC DA RUA SANTOS LEITE,Praça da Rua Santos Leite,Prc da R. Santos Leite,P,Via Parcialmente Pavimentada
10245,97292,PRC DA RUA TITO LIVIO SOARES,Praça da Rua Tito Lívio Soares,Prc da R. Tito Livio Soares,N,Via Não Pavimentada
7740,66176,PRC DAS CINCO PONTAS,Praça das Cinco Pontas,Prc das Cinco Pontas,S,Via Pavimentada
8400,79693,PRC DA VITORIA,Praça da Vitória,Prc da Vitoria,X,Não definida
10601,108839,PRC DE APIPUCOS,Praça de Apipucos,Prc de Apipucos,S,Via Pavimentada
7738,66150,PRC DE CAMPO GRANDE,Praça de Campo Grande,Prc de Campo Grande,S,Via Pavimentada
8791,78271,PRC DE CASA FORTE,Praça de Casa Forte,Prc de Casa Forte,S,Via Pavimentada
7750,66273,PRC DEZESSETE,Praça Dezessete,Prc Dezessete,S,Via Pavimentada
7731,66087,PRC DO BOM PASTOR,Praça do Bom Pastor,Prc do Bom Pastor,S,Via Pavimentada
7747,66249,PRC DO CAMPO SANTO,Praça do Campo Santo,Prc do Campo Santo,S,Via Pavimentada
7739,66168,PRC DO CAXANGA,Praça do Caxanga,Prc do Caxanga,S,Via Pavimentada
7752,66290,PRC DO DERBY,Praça do Derby,Prc. do Derby,S,Via Pavimentada
8075,70092,PRC DO ENGENHO MASSAGANA,Praça do Engenho Massagana,Prc do Engenho Massagana,S,Via Pavimentada
7759,66370,PRC DO ENTRONCAMENTO,Praça do Entroncamento,Prc do Entroncamento,S,Via Pavimentada
8716,77500,PRC DO GIRADOURO DO SPORT,Praça do Giradouro do Sport,Prc do Giradouro do Sport,S,Via Pavimentada
7767,66451,PRC DO INTERNACIONAL,Praça do Internacional,Prc do Internacional,S,Via Pavimentada
7725,66010,PRC DO JARDIM SAO PAULO,Praça do Jardim São Paulo,Prc do Jardim São Paulo,S,Via Pavimentada
8650,76422,PRC DO JORDAO,Praça do Jordão,Prc do Jordao,S,Via Pavimentada
7754,66311,PRC DOM DIOGO CAMARAO,Praça Dom Diogo Camarao,Prc Dom Diogo Camarao,S,Via Pavimentada
7755,66338,PRC DOMINGOS GIOVANETTI,Praça Domingos Giovanetti,Prc Domingos Giovanetti,S,Via Pavimentada
8288,72460,PRC DOM JOSE PEREIRA ALVES,Praça Dom José Pereira Alves,Prc Dom José Pereira Alves,S,Via Pavimentada
7796,66729,PRC DO MONTEIRO,Praca do Monteiro,Prç. do Monteiro,S,Via Pavimentada
7821,67075,PRC DOM VITAL,Praça Dom Vital,Prc Dom Vital,S,Via Pavimentada
9764,89486,PRC DO PARAISO,Praça do Paraíso,Prc do Paraiso,X,Não definida
278,85030,PRC DO SENA,Praça do Sena,Prc do Sena,S,Via Pavimentada
7818,67032,PRC DO TRABALHO,Praça do Trabalho,Prc do Trabalho,S,Via Pavimentada
11459,120154,PRC DOUTOR PEDRO ALVES NETO,Praça Doutor Pedro Alves Neto,Prc Dr Pedro Alves Neto,S,Via Pavimentada
3139,23345,PRC DR FERNANDO FIGUEIRA,Praça Dr Fernando Figueira,Prc Dr Fernando Figueira,S,Via Pavimentada
7784,66630,PRC DR LULA CABRAL DE MELO,Praça Dr Lula Cabral de Melo,Prc Dr Lula Cabral de Melo,S,Via Pavimentada
7756,66346,PRC ELVIRA ANDRADE DE SOUZA,Praça Elvira Andrade de Souza,Prc Elvira Andrade de Souza,S,Via Pavimentada
9058,81507,PRC FARIAS NEVES,Praça Farias Neves,Prc Farias Neves,S,Via Pavimentada
7808,66850,PRC FERNANDO GALVAO,Praça Fernando Galvão,Prc Fernando Galvao,S,Via Pavimentada
8554,75302,PRC FILONILA FERREIRA,Praça Filonila Ferreira,Prc Filonila Ferreira,S,Via Pavimentada
7762,66427,PRC FLOR DE SANTANA,Praça Flor de Santana,Prc Flor de Santana,S,Via Pavimentada
8577,75540,PRC FREI CANECA,Praça Frei Caneca,Prc Frei Caneca,S,Via Pavimentada
7723,65986,PRC GENERAL ABREU E LIMA,Praça General Abreu e Lima,Prc Gal Abreu e Lima,S,Via Pavimentada
7746,66230,PRC GENERAL CARLOS PINTO,Praca General Carlos Pinto,Prc. Gal. Carlos Pinto,S,Via Pavimentada
8302,72630,PRC GOVERNADOR PAULO GUERRA,Praça Governador Paulo Guerra,Prc Gov Paulo Guerra,S,Via Pavimentada
9841,90441,PRC GREGORIO BEZERRA,Praça Gregório Bezerra,Prc Gregorio Bezerra,S,Via Pavimentada
7776,66532,PRC INDUSTRIAL MIGUEL SANTOS,Praça Industrial Miguel Santos,Prc Industrial Miguel Santos,S,Via Pavimentada
7774,66516,PRC JOAO PESSOA DE QUEIROZ,Praça João Pessoa de Queiroz,Prc João Pessoa de Queiroz,S,Via Pavimentada
11381,118699,PRC JOAO VINTE E TRES,Praça João Vinte e Três,Prç. João Vinte e Três,S,Via Pavimentada
7779,66575,PRC JOAQUIM NABUCO,Praça Joaquim Nabuco,Prc Joaquim Nabuco,S,Via Pavimentada
519,72320,PRC JOCKEY CLUBE,Praça Jockey Clube,Prc. Jockey Clube,S,Via Pavimentada
9291,84255,PRC JORNALISTA FRANCISCO PESSOA DE QUEIROZ,Praça Jornalista Francisco Pessoa de Queiroz,Prc Jorn Francisco Pessoa de Queiroz,S,Via Pavimentada
8541,75175,PRC JOSENILDO PAES BARRETO,Praça Josenildo Paes Barreto,Prc Josenildo Paes Barreto,X,Não definida
251,68276,PRC LUIS GUILHARDINI,Praça Luís Guilhardini,Prç. Luís Guilhardini,S,Via Pavimentada
1837,11495,PRC LUIZ GONZAGA,Praça Luiz Gonzaga,Prc Luiz Gonzaga,X,Não definida
4561,36714,PRC LUIZ SOUTO DOURADO,Praça Luiz Souto Dourado,Prc Luiz Souto Dourado,P,Via Parcialmente Pavimentada
7795,66710,PRC MACHADO DE ASSIS,Praça Machado de Assis,Prc Machado de Assis,P,Via Parcialmente Pavimentada
7794,66702,PRC MACIEL PINHEIRO,Praça Maciel Pinheiro,Prc Maciel Pinheiro,S,Via Pavimentada
10216,96784,PRC MANO TEODOSIO,Praça Mano Teodósio,Prc Mano Teodosio,S,Via Pavimentada
104,6971,PRC MANUEL MARKMAN,Praça Manuel Markman,Prc Manuel Markman,S,Via Pavimentada
7786,66664,PRC MARCELINO CHAMPAGNAT,Praça Marcelino Champagnat,Prc Marcelino Champagnat,S,Via Pavimentada
7797,66737,PRC MARIA DA CONCEICAO,Praça Maria da Conceição,Prc Maria da Conceição,S,Via Pavimentada
8454,74314,PRC MERCIA DE ALBUQUERQUE,Praça Mercia de Albuquerque,Prc. Mercia de Albuquerque,N,Via Não Pavimentada
7791,66672,PRC MIGUEL DE CERVANTES,Praça Miguel de Cervantes,Prc Miguel de Cervantes,S,Via Pavimentada
7812,66923,PRC MINISTRO SALGADO FILHO,Praça Ministro Salgado Filho,Prc Min Salgado Filho,S,Via Pavimentada
9302,84425,PRC NA RUA JOAO CRESCENCIO,Praça na Rua João Crescêncio,Prc na R. João Crescêncio,S,Via Pavimentada
8336,73024,PRC NOVA REPUBLICA,Praça Nova Republica,Prc Nova Republica,X,Não definida
8591,75698,PRC ODILIA FREIRE DOS SANTOS,Praça Odília Freire dos Santos,Prc Odilia Freire Dos Santos,S,Via Pavimentada
7800,66753,PRC ONZE DE JUNHO,Praça Onze de Junho,Prc. Onze de Junho,S,Via Pavimentada
7801,66761,PRC OSWALDO CRUZ,Praça Oswaldo Cruz,Prc Oswaldo Cruz,S,Via Pavimentada
7802,66770,PRC OTHON BEZERRA DE MELO,Praça Othon Bezerra de Melo,Prc Othon Bezerra de Melo,S,Via Pavimentada
8301,79685,PRC PANTANAL,Praça Pantanal,Prc. Pantanal,N,Via Não Pavimentada
8365,73326,PRC PARQUE AMORIM,Praça Parque Amorim,Prc Parque Amorim,S,Via Pavimentada
7806,66834,PRC PINTO DAMASO,Praça Pinto Damaso,Prc. Pinto Damaso,S,Via Pavimentada
2237,15369,PRC POETA FERNANDO PESSOA,Praça Poeta Fernando Pessoa,Prc Poeta Fernando Pessoa,N,Via Não Pavimentada
8622,76082,PRC PRESIDENTE KENNEDY,Praça Presidente Kennedy,Prc Pres Kennedy,S,Via Pavimentada
7716,65897,PRC PROFESSOR AGEU MAGALHAES,Praça Professor Ageu Magalhães,Prc. Prof Ageu Magalhães,S,Via Pavimentada
7734,66117,PRC PROFESSOR BARRETO CAMPELLO,Praça Professor Barreto Campello,Prç. Prof. Barreto Campello,S,Via Pavimentada
7743,66206,PRC PROFESSOR COELHO DE ALMEIDA,Praça Professor Coelho de Almeida,Prc Prof Coelho de Almeida,N,Via Não Pavimentada
8789,78255,PRC PROFESSOR DOUTOR ANTONIO FIGUEIRA,Praça Professor Doutor Antônio Figueira,Prc. Prof. Dr. Antônio Figueira,S,Via Pavimentada
7764,66443,PRC PROFESSOR FLEMING,Praça Professor Fleming,Prc Prof Fleming,S,Via Pavimentada
7789,66893,PRC RADIO JORNAL DO COMERCIO,Praça Rádio Jornal do Comércio,Prc Radio Jornal do Comercio,S,Via Pavimentada
7810,66869,PRC RIO BRANCO,Praça Rio Branco,Prc Rio Branco,S,Via Pavimentada
7769,66915,PRC SALGUEIRO,Praça Salgueiro,Prc Salgueiro,S,Via Pavimentada
10103,94846,PRC SAO BENEDITO PEREIRA DOS SANTOS,Praça São Benedito Pereira dos Santos,Prc São Benedito Pereira Dos Santos,S,Via Pavimentada
8455,74322,PRC SAO BRAZ,Praça São Braz,Prc São Braz,N,Via Não Pavimentada
7772,66494,PRC SAO JOSE DOS MANGUINHOS,Praça São José dos Manguinhos,Prc São José dos Manguinhos,S,Via Pavimentada
10257,97500,PRC S D 9750,Praça S D 9750,Prc. S D 9750,S,Via Pavimentada
8864,79669,PRC SEBASTIAO PONTES,Praça Sebastião Pontes,Prc. Sebastão Pontes,S,Via Pavimentada
7814,66982,PRC SERGIO LORETO,Praça Sérgio Loreto,Prc Sergio Loreto,S,Via Pavimentada
7446,63045,PRC TOBIAS VITORINO DA SILVA,Praça Tobias Vitorino da Silva,Prc Tobias Vitorino da Silva,S,Via Pavimentada
7819,67059,PRC VENANCIO DE REZENDE,Praça Venâncio de Rezende,Prç.  Venâncio de Rezende,S,Via Pavimentada
8723,77232,PRC VILA DO MOINHO RECIFE,Praça Vila do Moinho Recife,Prc Vila do Moinho Recife,S,Via Pavimentada
10148,95532,PRC VINTE DE JULHO,Praça Vinte de Julho,Prc Vinte de Julho,N,Via Não Pavimentada
7798,66745,PRC VISCONDE DE MAUA,Praça Visconde de Mauá,Prc Visc de Maua,S,Via Pavimentada
11734,125555,RUA PRAIA DE BOA VIAGEM,Praia de Boa Viagem,Praia de Boa Viagem,N,Via Não Pavimentada
11736,125563,RUA PRAIA DO PINA,Praia do Pina,Praia do Pina,N,Via Não Pavimentada
72,115347,REF AV.ALBERTO SANTOS DUMONT,Refúgio Avenida Alberto Santos Dumont,Ref Av. Alberto Santos Dumont,S,Via Pavimentada
10614,108944,REF AVENIDA MILITAR,Refugio Avenida Militar,Ref Avenida Militar,X,Não definida
10752,110469,REF CAMPOS DA UFPE,Refúgio Campus da UFPE,Ref Campos da Ufpe,S,Via Pavimentada
10756,110485,REF CAMPOS DA UFPE-2,Refúgio Campus da UFPE-2,Ref Campos da Ufpe-2,S,Via Pavimentada
10757,110493,REF CAMPOS DA UFPE-3,Refúgio Campus da UFPE-3,Ref Campos da Ufpe-3,S,Via Pavimentada
10758,110507,REF CAMPOS DA UFPE-4,Refúgio Campus da UFPE-4,Ref Campos da Ufpe-4,S,Via Pavimentada
10600,108820,REF DA AV MAURICIO DE NASSAU,Refúgio da Avenida Maurício de Nassau,Ref da Av Maurício de Nassau,S,Via Pavimentada
10639,109762,REF DA RUA SEVERINO PESSOA,Refúgio da Rua Severino Pessoa,Ref da R. Severino Pessoa,S,Via Pavimentada
10101,94803,REF DA RUA VALE DO SIRIJI,Refúgio da Rua Vale do Siriji,Ref da R. Vale do Siriji,S,Via Pavimentada
10753,110477,REF DO CAMPOS DA UFPE-1,Refúgio do Campus da UFPE 1,Ref  do Campus da UFPE 1,S,Via Pavimentada
11172,116084,RUA CAMBOA-RIACHO,Riacho Camboa,Riacho Camboa,N,Via Não Pavimentada
6813,57606,RUA RIO BEBERIBE,Rio Beberibe,Rio Beberibe,N,Via Não Pavimentada
10726,110205,RUA BEBERIBE-RIO,Rio Beberibe,Rio Beberibe,N,Via Não Pavimentada
9589,109002,RUA CAPIBARIBE-RIO,Rio Capibaribe,Rio Capibaribe,N,Via Não Pavimentada
6859,58092,RUA RIO JABOATAO,Rio Jaboatão,Rio Jaboatão,N,Via Não Pavimentada
410,109800,RUA JIQUIA-RIO,Rio Jiquiá,Rio Jiquiá,N,Via Não Pavimentada
6867,58165,RUA RIO JIQUIA,Rio Jiquiá,Rio Jiquiá,N,Via Não Pavimentada
11599,121860,RUA MATERIA-RIO,Rio Matéria,Rio Matéria,N,Via Não Pavimentada
6879,58262,RUA RIO MOXOTO,Rio Moxotó,Rio Moxotó,N,Via Não Pavimentada
10961,113166,RUA PACAS-RIO,Rio Pacas,Rio Pacas,N,Via Não Pavimentada
10631,109711,RUA PINA-RIO,Rio Pina,Rio Pina,N,Via Não Pavimentada
10645,109886,RUA TEJIPIO-RIO,Rio Tejipió,Rio Tejipió,N,Via Não Pavimentada
10497,101680,RUA MAESTRO ALCIDES LEAO,R. Maestro Alcides Leão,R. Maestro Alcides Leão,S,Via Pavimentada
394,90018,ROD BR CENTO E UM,Rodovia BR Cento e Um,Rod Br Cento e Um,S,Via Pavimentada
10925,112771,RUA 01,Rua 01,R. 01,X,Não definida
10913,112623,RUA 02,Rua 02,R. 02,X,Não definida
11310,117790,RUA 03,Rua 03,R. 03,X,Não definida
11313,117820,RUA 04,Rua 04,R. 04,X,Não definida
11315,117846,RUA 05,Rua 05,R. 05,X,Não definida
6106,116025,RUA 06,Rua 06,R. 06,X,Não definida
11327,117986,RUA 07,Rua 07,R. 07,X,Não definida
11314,117838,RUA 08,Rua 08,R. 08,X,Não definida
2712,19461,RUA 10 DE NOVEMBRO,Rua 10 de Novembro,R. 10 de Novembro,S,Via Pavimentada
7243,61468,RUA 14 DE NOVEMBRO,Rua 14 de Novembro,R. 14 de Novembro,N,Via Não Pavimentada
7242,61450,RUA 18 DE DEZEMBRO,Rua 18 de Dezembro,R. 18 de Dezembro,N,Via Não Pavimentada
993,4146,RUA 28 DE JANEIRO,Rua 28 de Janeiro,R. 28 de Janeiro,X,Não definida
9175,82759,RUA 8,Rua 8,R. 8,S,Via Pavimentada
11819,138290,RUA A,Rua A,R. A,N,Via Não Pavimentada
97,124419,RUA A,Rua A,R. A,N,Via Não Pavimentada
488,116394,RUA AACD,Rua AACD,R.AACD,S,Via Pavimentada
361,43,RUA ABADIA,Rua Abadia,R. Abadia,N,Via Não Pavimentada
9872,90786,RUA ABADIA DOS DOURADOS,Rua Abadia dos Dourados,R. Abadia Dos Dourados,X,Não definida
362,51,RUA ABADIANIA,Rua Abadiânia,R. Abadiania,S,Via Pavimentada
9889,90964,RUA ABAETE,Rua Abaete,R. Abaete,X,Não definida
452,86,RUA ABAETETUBA,Rua Abaetetuba,R. Abaetetuba,S,Via Pavimentada
1473,8206,RUA ABAIABA,Rua Abaiaba,R. Abaiaba,N,Via Não Pavimentada
533,108,RUA ABAIARA,Rua Abaiara,R. Abaiara,S,Via Pavimentada
9325,84662,RUA ABAIRA,Rua Abaira,R. Abaira,N,Via Não Pavimentada
535,124,RUA ABAPA,Rua Abapá,R. Abapa,X,Não definida
536,132,RUA ABARE,Rua Abaré,R. Abare,X,Não definida
537,140,RUA ABATIA,Rua Abatia,R. Abatia,S,Via Pavimentada
359,27,RUA A B C,Rua A B C,R. A B C,S,Via Pavimentada
539,167,RUA ABDIAS CABRAL DE MOURA,Rua Abdias Cabral de Moura,R. Abdias Cabral de Moura,P,Via Parcialmente Pavimentada
548,183,RUA ABDIAS DE OLIVEIRA,Rua Abdias de Oliveira,R. Abdias de Oliveira,S,Via Pavimentada
550,205,RUA ABDISIO VEIGA,Rua Abdísio Veiga,R. Abdisio Veiga,S,Via Pavimentada
551,213,RUA ABDON BATISTA,Rua Abdon Batista,R. Abdon Batista,S,Via Pavimentada
552,221,RUA ABDON LIMA,Rua Abdon Lima,R. Abdon Lima,S,Via Pavimentada
555,256,RUA ABELARDO,Rua Abelardo,R. Abelardo,S,Via Pavimentada
7896,67792,RUA ABELARDO LUZ,Rua Abelardo Luz,R. Abelardo Luz,N,Via Não Pavimentada
559,299,RUA ABELARDO MACHADO BOTELHO,Rua Abelardo Machado Botelho,R. Abelardo Machado Botelho,S,Via Pavimentada
560,302,RUA ABELARDO RODRIGUES,Rua Abelardo Rodrigues,R. Abelardo Rodrigues,S,Via Pavimentada
9475,86584,RUA ABEL DE SA BEZERRA CAVALCANTI,Rua Abel de Sá Bezerra Cavalcanti,R. Abel de Sa Bezerra Cavalcanti,S,Via Pavimentada
554,248,RUA ABEL MANOEL DO NASCIMENTO,Rua Abel Manoel do Nascimento,R. Abel Manoel do Nascimento,N,Via Não Pavimentada
562,329,RUA ABIGAIL ARAUJO,Rua Abigail Araújo,R. Abigail Araujo,X,Não definida
563,345,RUA ABRAHAM LINCOLN,Rua Abraham Lincoln,R. Abraham Lincoln,S,Via Pavimentada
540,337,RUA ABRAHAO ALLIZ,Rua Abrahão Alliz,R. Abrahao Alliz,S,Via Pavimentada
564,353,RUA ABRANTES,Rua Abrantes,R. Abrantes,S,Via Pavimentada
8102,70351,RUA ABRE CAMPO,Rua Abre Campo,R. Abre Campo,S,Via Pavimentada
566,370,RUA ABREU ALBANO,Rua Abreu Albano,R. Abreu Albano,S,Via Pavimentada
7889,67709,RUA ABREULANDIA,Rua Abreulandia,R. Abreulandia,N,Via Não Pavimentada
569,396,RUA ABREUS,Rua Abreus,R. Abreus,S,Via Pavimentada
9296,84310,RUA ABROLHOS,Rua Abrolhos,R. Abrolhos,S,Via Pavimentada
571,418,RUA ABUFARI,Rua Abufari,R. Abufari,S,Via Pavimentada
572,426,RUA ABURA,Rua Abura,R. Abura,X,Não definida
3698,28630,RUA ACADEMICO HELIO RAMOS,Rua Acadêmico Hélio Ramos,R. Academico Helio Ramos,S,Via Pavimentada
575,450,RUA ACAIACA,Rua Acaiaca,R. Acaiaca,S,Via Pavimentada
576,469,RUA ACAJUTIBA,Rua Acajutiba,R. Acajutiba,P,Via Parcialmente Pavimentada
578,477,RUA ACANGATA,Rua Acangatá,R. Acangata,S,Via Pavimentada
579,485,RUA ACARA,Rua Acará,R. Acara,S,Via Pavimentada
9735,89125,RUA ACARAI,Rua Acaraí,R. Acarai,N,Via Não Pavimentada
7449,63070,RUA ACARAPE,Rua Acarapé,R. Acarape,S,Via Pavimentada
580,493,RUA ACARI,Rua Acari,R. Acari,S,Via Pavimentada
582,507,RUA ACAU,Rua Acaú,R. Acau,S,Via Pavimentada
583,515,RUA ACAUA,Rua Acauã,R. Acaua,S,Via Pavimentada
584,523,RUA ACHILLES MARQUES,Rua Achilles Marques,R. Achilles Marques,N,Via Não Pavimentada
585,531,RUA ACIOLI,Rua Acioli,R. Acioli,S,Via Pavimentada
586,540,RUA ACOPIARA,Rua Acopiára,R. Acopiara,N,Via Não Pavimentada
421,558,RUA ACORIZAL,Rua Acorizal,R. Acorizal,S,Via Pavimentada
588,574,RUA ACU,Rua Açu,R. Acu,X,Não definida
272,85995,RUA ACUCENA,Rua Açucena,R. Acucena,N,Via Não Pavimentada
2112,13897,RUA ACUPER,Rua Açuper,R. Acuper,S,Via Pavimentada
592,612,RUA ADALBERTO CAMARGO,Rua Adalberto Camargo,R. Adalberto Camargo,S,Via Pavimentada
593,620,RUA ADALBERTO ELIAS DA COSTA,Rua Adalberto Elias da Costa,R. Adalberto Elias da Costa,S,Via Pavimentada
10330,98949,RUA ADALBERTO GUERRA,Rua Adalberto Guerra,R. Adalberto Guerra,S,Via Pavimentada
594,639,RUA ADALBERTO MARROQUIM,Rua Adalberto Marroquim,R. Adalberto Marroquim,N,Via Não Pavimentada
597,663,RUA ADALGISA,Rua Adalgisa,R. Adalgisa,N,Via Não Pavimentada
598,671,RUA ADAMANTINA,Rua Adamantina,R. Adamantina,S,Via Pavimentada
599,680,RUA ADAMIR MENEZES,Rua Adamir Menezes,R. Adamir Menezes,S,Via Pavimentada
600,698,RUA ADAUTO CARNEIRO LEAL,Rua Adauto Carneiro Leal,R. Adauto Carneiro Leal,S,Via Pavimentada
604,710,RUA ADEILDO PORTELA,Rua Adeildo Portela,R. Adeildo Portela,S,Via Pavimentada
605,728,RUA ADELAIDE,Rua Adelaide,R. Adelaide,S,Via Pavimentada
279,85049,RUA ADELAIDE SILVEIRA DE H. CAVALCANTI,Rua Adelaide Silveira de Holanda Cavalcanti,R. Adelaide Silveira de H. Cavalcanti,N,Via Não Pavimentada
608,744,RUA ADELANDIA,Rua Adelândia,R. Adelandia,S,Via Pavimentada
10224,97284,RUA ADELIA,Rua Adélia,R. Adelia,S,Via Pavimentada
3599,27740,RUA ADELIA ALVES,Rua Adélia Alves,R. Adelia Alves,N,Via Não Pavimentada
8148,70840,RUA ADELINO DE BARROS,Rua Adelino de Barros,R. Adelino de Barros,S,Via Pavimentada
615,795,RUA ADELINO FRUTUOSO,Rua Adelino Frutuoso,R. Adelino Frutuoso,P,Via Parcialmente Pavimentada
10449,100781,RUA ADELMAR DE OLIVEIRA,Rua Adelmar de Oliveira,R. Adelmar de Oliveira,N,Via Não Pavimentada
10381,99619,RUA ADELMAR LAFAYETTE,Rua Adelmar Lafayette,R. Adelmar Lafayette,N,Via Não Pavimentada
616,809,RUA ADELMAR TAVARES,Rua Adelmar Tavares,R. Adelmar Tavares,S,Via Pavimentada
617,817,RUA ADEMAR PIRES TRAVASSO,Rua Ademar Pires Travasso,R. Ademar Pires Travasso,P,Via Parcialmente Pavimentada
4168,33154,RUA ADEMIR MARTINS,Rua Ademir Martins,R. Ademir Martins,X,Não definida
618,825,RUA ADERBAL DE MELO,Rua Aderbal de Melo,R. Aderbal de Melo,S,Via Pavimentada
8364,73318,RUA ADHELMAR DE OLIVEIRA,Rua Adhelmar de Oliveira,R. Adhelmar de Oliveira,N,Via Não Pavimentada
1201,5983,RUA ADILSON SANTOS XAVIER,Rua Adilson Santos Xavier,R. Adilson Santos Xavier,X,Não definida
1086,5037,RUA ADIRSON LOCIO,Rua Adirson Lócio,R. Adirson Locio,N,Via Não Pavimentada
9456,86320,RUA ADJANE,Rua Adjane,R. Adjane,S,Via Pavimentada
4421,35718,RUA ADOLFO ALVES,Rua Adolfo Alves,R. Adolfo Alves,S,Via Pavimentada
621,841,RUA ADOLFO BEZERRA,Rua Adolfo Bezerra,R. Adolfo Bezerra,S,Via Pavimentada
623,850,RUA ADOLFO CAMINHA,Rua Adolfo Caminha,R. Adolfo Caminha,S,Via Pavimentada
624,868,RUA ADOLFO CELSO,Rua Adolfo Celso,R. Adolfo Celso,S,Via Pavimentada
627,884,RUA ADOLFO CORREIA,Rua Adolfo Correia,R. Adolfo Correia,S,Via Pavimentada
628,892,RUA ADOLFO FARO,Rua Adolfo Faro,R. Adolfo Faro,S,Via Pavimentada
629,906,RUA ADOLFO FERREIRA,Rua Adolfo Ferreira,R. Adolfo Ferreira,S,Via Pavimentada
631,922,RUA ADOLFO SIMOES BARBOSA,Rua Adolfo Simões Barbosa,R. Adolfo Simoes Barbosa,S,Via Pavimentada
634,949,RUA ADONIS DE SOUZA,Rua Adônis de Souza,R. Adonis de Souza,N,Via Não Pavimentada
635,957,RUA ADRIANOPOLIS,Rua Adrianópolis,R. Adrianopolis,N,Via Não Pavimentada
11576,121622,RUA ADUSTINA,Rua Adustina,R. Adustina,S,Via Pavimentada
8950,80217,RUA ADVOGADO CLARINDO PEREIRA DE CARVALHO,Rua Advogado Clarindo Pereira de Carvalho,R. Adv Clarindo Pereira de Carvalho,N,Via Não Pavimentada
637,973,RUA AFOGADOS DA INGAZEIRA,Rua Afogados da Ingazeira,R. Afogados da Ingazeira,S,Via Pavimentada
638,981,RUA AFONSO ARINOS,Rua Afonso Arinos,R. Afonso Arinos,S,Via Pavimentada
640,1007,RUA AFONSO BATISTA,Rua Afonso Batista,R. Afonso Batista,S,Via Pavimentada
641,1015,RUA AFONSO CELSO,Rua Afonso Celso,R. Afonso Celso,S,Via Pavimentada
7897,67806,RUA AFONSO COSTA,Rua Afonso Costa,R. Afonso Costa,S,Via Pavimentada
645,1031,RUA AFONSO CUNHA,Rua Afonso Cunha,R. Afonso Cunha,P,Via Parcialmente Pavimentada
639,990,RUA AFONSO DE ALBUQUERQUE MELO,Rua Afonso de Albuquerque Melo,R. Afonso de Albuquerque Melo,S,Via Pavimentada
647,1040,RUA AFONSO FERREIRA MAIA,Rua Afonso Ferreira Maia,R. Afonso Ferreira Maia,P,Via Parcialmente Pavimentada
6161,51276,RUA AFONSO PENA,Rua Afonso Pena,R. Afonso Pena,N,Via Não Pavimentada
652,1082,RUA AFONSO PENA,Rua Afonso Pena,R. Afonso Pena,S,Via Pavimentada
655,1104,RUA AFRANIO,Rua Afrânio,R. Afranio,S,Via Pavimentada
10244,97250,RUA AGACI,Rua Agaci,R. Agaci,X,Não definida
7530,63886,RUA AGAMENON BEZERRA LAFAYETE,Rua Agamenon Bezerra Lafayete,R. Agamenon Bezerra Lafayete,S,Via Pavimentada
672,1180,RUA AGENOR LOPES,Rua Agenor Lopes,R. Agenor Lopes,S,Via Pavimentada
8796,78328,RUA AGEU,Rua Ageu,R. Ageu,X,Não definida
674,1201,RUA AGISSE,Rua Agisse,R. Agisse,X,Não definida
678,1228,RUA AGOSTINHO BARBALHO,Rua Agostinho Barbalho,R. Agostinho Barbalho,P,Via Parcialmente Pavimentada
680,1236,RUA AGOSTINHO BEZERRA,Rua Agostinho Bezerra,R. Agostinho Bezerra,X,Não definida
9063,81612,RUA AGOSTINHO DOS SANTOS,Rua Agostinho dos Santos,R. Agostinho dos Santos,S,Via Pavimentada
4950,40185,RUA AGOSTINHO GONCALVES TORREIRO,Rua Agostinho Gonçalves Torreiro,R. Agostinho Gonçalves Torreiro,N,Via Não Pavimentada
682,1260,RUA AGRESTE,Rua Agreste,R. Agreste,S,Via Pavimentada
683,1279,RUA AGRESTINA,Rua Agrestina,R. Agrestina,S,Via Pavimentada
8161,71005,RUA AGRICIO SILVA,Rua Agrício Silva,R. Agricio Silva,N,Via Não Pavimentada
684,1287,RUA AGRICOLANDIA,Rua Agricolândia,R. Agricolandia,S,Via Pavimentada
4205,33499,RUA AGRICULTOR JOAO BEZERRA DE OLIVEIRA,Rua Agricultor João Bezerra de Oliveira,R. Agricultor João Bezerra de Oliveira,S,Via Pavimentada
687,1317,RUA AGRIPINO LACERDA,Rua Agripino Lacerda,R. Agripino Lacerda,N,Via Não Pavimentada
688,1325,RUA AGROLANDIA,Rua Agrolândia,R. Agrolandia,N,Via Não Pavimentada
2056,14311,RUA AGRONOMICA,Rua Agronômica,R. Agronomica,X,Não definida
692,1341,RUA AGUA AZUL,Rua Água Azul,R. Agua Azul,S,Via Pavimentada
9887,90948,RUA AGUA BOA,Rua Água Boa,R. Agua Boa,X,Não definida
10131,95273,RUA AGUA BRANCA,Rua Água Branca,R. Agua Branca,N,Via Não Pavimentada
8971,80420,RUA AGUA CLARA,Rua Água Clara,R. Agua Clara,S,Via Pavimentada
8110,70459,RUA AGUA COMPRIDA,Rua Água Comprida,R. Agua Comprida,S,Via Pavimentada
9969,92045,RUA AGUAI,Rua Aguaí,R. Aguai,S,Via Pavimentada
8319,72818,RUA AGUA-MARINHA,Rua Água-Marinha,R. Água-Marinha,S,Via Pavimentada
696,1384,RUA AGUANIL,Rua Aguanil,R. Aguanil,S,Via Pavimentada
8926,90140,RUA AGUAPEI,Rua Aguapei,R. Aguapei,N,Via Não Pavimentada
700,1430,RUA AGUA PRETA,Rua Água Preta,R. Agua Preta,S,Via Pavimentada
9454,86312,RUA AGUA SANTA,Rua Água Santa,R. Agua Santa,S,Via Pavimentada
697,1392,RUA AGUAS BELAS,Rua Águas Belas,R. Aguas Belas,S,Via Pavimentada
699,1422,RUA AGUAS DE PRATA,Rua Águas de Prata,R. Aguas de Prata,S,Via Pavimentada
9885,90921,RUA AGUAS FORMOSAS,Rua Águas Formosas,R. Aguas Formosas,N,Via Não Pavimentada
9877,90840,RUA AGUAS VERMELHAS,Rua Águas Vermelhas,R. Aguas Vermelhas,X,Não definida
581,1449,RUA AGUATI,Rua Aguati,R. Aguati,N,Via Não Pavimentada
8728,77577,RUA AGUA VIVA,Rua Água Viva,R. Água Viva,N,Via Não Pavimentada
9108,90158,RUA AGUDOS,Rua Agudos,R. Agudos,N,Via Não Pavimentada
10684,110370,RUA AGUIA,Rua Aguia,R. Aguia,S,Via Pavimentada
701,1457,RUA AGUIA BRANCA,Rua Águia Branca,R. Aguia Branca,S,Via Pavimentada
8077,70122,RUA AGULHA,Rua Agulha,R. Agulha,P,Via Parcialmente Pavimentada
8816,78573,RUA AGULHAO,Rua Agulhão,R. Agulhão,S,Via Pavimentada
9225,83500,RUA AGUTI,Rua Aguti,R. Aguti,S,Via Pavimentada
9755,90166,RUA AIAPUA,Rua Aiapuã,R. Aiapua,N,Via Não Pavimentada
677,1490,RUA AIDE,Rua Aidê,R. Aide,P,Via Parcialmente Pavimentada
4332,122017,RUA AIPI,Rua Aipi,R. Aipi,X,Não definida
708,1520,RUA AIRAO,Rua Airão,R. Airao,X,Não definida
709,1538,RUA AIRES BELO,Rua Aires Belo,R. Aires Belo,S,Via Pavimentada
710,1554,RUA AIRI,Rua Airí,R. Airi,S,Via Pavimentada
9567,90182,RUA AIRITUBA,Rua Airituba,R. Airituba,N,Via Não Pavimentada
11678,124923,RUA AJALMAR CORREIA,Rua Ajalmar Correia,R. Ajalmar Correial,N,Via Não Pavimentada
447,1562,RUA AJAPI,Rua Ajapi,R. Ajapi,N,Via Não Pavimentada
7462,63240,RUA AJOLMAR CORREIA - AGENTE POLICIA,Rua Ajolmar Correia - Agente Policia,R. Ajolmar Correia - Agente Policia,S,Via Pavimentada
9676,88234,RUA AJURUA,Rua Ajuruá,R. Ajurua,S,Via Pavimentada
717,1619,RUA ALAGOANA,Rua Alagoana,R. Alagoana,S,Via Pavimentada
3019,22446,RUA ALAGOAS,Rua Alagoas,R. Alagoas,S,Via Pavimentada
718,1627,RUA ALAGOAS,Rua Alagoas,R. Alagoas,P,Via Parcialmente Pavimentada
720,1643,RUA ALAGOINHA,Rua Alagoinha,R. Alagoinha,S,Via Pavimentada
721,1651,RUA ALAIDE,Rua Alaide,R. Alaide,P,Via Parcialmente Pavimentada
606,736,RUA ALAIDE DE SA LEITAO,Rua Alaíde de Sá Leitão,R. Alaíde de Sá Leitão,N,Via Não Pavimentada
723,1678,RUA ALAMBARI,Rua Alambari,R. Alambari,S,Via Pavimentada
726,1708,RUA ALAMEDA DAS HORTENCIAS,Rua Alameda das Hortências,R. Alameda das Hortências,P,Via Parcialmente Pavimentada
724,1686,RUA ALAMEDA SAO FRANCISCO DE ASSIS,Rua Alameda São Francisco de Assis,R. Alameda São Francisco de Assis,X,Não definida
8499,74560,ALA SAO FRANCISCO SALLES,Rua Alameda São Francisco Salles,Ala São Francisco Salles,X,Não definida
727,1716,RUA ALARICO BEZERRA,Rua Alarico Bezerra,R. Alarico Bezerra,S,Via Pavimentada
728,1724,RUA ALBACORA,Rua Albacora,R. Albacora,S,Via Pavimentada
729,1740,RUA ALBATROZ,Rua Albatroz,R. Albatroz,P,Via Parcialmente Pavimentada
10095,94633,RUA ALBERICO GLASNER DA ROCHA,Rua Alberico Glasner da Rocha,R. Alberico Glasner da Rocha,S,Via Pavimentada
730,1759,RUA ALBERTINA,Rua Albertina,R. Albertina,S,Via Pavimentada
5449,44849,RUA ALBERTINO JOSE DE OLIVEIRA,Rua Albertino José de Oliveira,R. Albertino José de Oliveira,S,Via Pavimentada
733,1783,RUA ALBERTO DE OLIVEIRA,Rua Alberto de Oliveira,R. Alberto de Oliveira,S,Via Pavimentada
731,1767,RUA ALBERTO LUNDGREN,Rua Alberto Lundgren,R. Alberto Lundgren,S,Via Pavimentada
734,1791,RUA ALBERTO PAIVA,Rua Alberto Paiva,R. Alberto Paiva,S,Via Pavimentada
737,1813,RUA ALBERTO PATRONI,Rua Alberto Patroni,R. Alberto Patroni,N,Via Não Pavimentada
742,1856,RUA ALBINO KROSS,Rua Albino Kross,R. Albino Kross,S,Via Pavimentada
744,1864,RUA ALBINO MEIRA,Rua Albino Meira,R. Albino Meira,S,Via Pavimentada
746,1872,RUA ALBINO REINE,Rua Albino Reine,R. Albino Reine,S,Via Pavimentada
748,1899,RUA ALCANTARA,Rua Alcântara,R. Alcantara,S,Via Pavimentada
11866,701564,RUA ALCANTARA MACHADO,Rua Alcântara Machado,R. Alcantara Machado,X,Não definida
751,1910,RUA ALCANTIL,Rua Alcantil,R. Alcantil,S,Via Pavimentada
754,1937,RUA ALCEDO MARROCOS,Rua Alcedo Marrocos,R. Alcedo Marrocos,S,Via Pavimentada
756,1953,RUA ALCIDES CARNEIRO LEAL,Rua Alcides Carneiro Leal,R. Alcides Carneiro Leal,S,Via Pavimentada
9562,87491,RUA ALCIDES CERARDI,Rua  Alcides Cerardi,R. Alcides Cerardi,S,Via Pavimentada
757,1961,RUA ALCIDES CODECEIRA,Rua Alcides Codeceira,R. Alcides Codeceira,N,Via Não Pavimentada
759,1970,RUA ALCIDES LIMA,Rua Alcides Lima,R. Alcides Lima,P,Via Parcialmente Pavimentada
761,1996,RUA ALCIDES ZLOCCOWICK,Rua Alcides Zloccowick,R. Alcides Zloccowick,S,Via Pavimentada
431,2003,RUA ALCINA,Rua Alcina,R. Alcina,S,Via Pavimentada
762,2011,RUA ALCOBACA,Rua Alcobaça,R. Alcobaca,X,Não definida
764,2038,RUA ALDEIA,Rua Aldeia,R. Aldeia,S,Via Pavimentada
765,2046,RUA ALDEMAR DA COSTA ALMEIDA,Rua Aldemar da Costa Almeida,R. Aldemar da Costa Almeida,S,Via Pavimentada
766,2054,RUA ALDEMAR DE OLIVEIRA,Rua Aldemar de Oliveira,R. Aldemar de Oliveira,S,Via Pavimentada
10440,100722,RUA ALDERICO DE P. C. ALBUQUERQUE,Rua Alderico de Paula Cavalcanti Albuquerque,R. Alderico de Paula Cavalcanti Albuquerque,S,Via Pavimentada
769,2070,RUA ALDERICO PEREIRA REGO,Rua Alderico Pereira Rego,R. Alderico Pereira Rego,S,Via Pavimentada
774,2135,RUA ALEGRE,Rua Alegre,R. Alegre,S,Via Pavimentada
9896,91200,RUA ALEGRETE,Rua Alegrete,R. Alegrete,S,Via Pavimentada
11682,124869,RUA ALEGRIA,Rua Alegria,R. Alegria,X,Não definida
777,2151,RUA ALEIXO DE ABREU,Rua Aleixo de Abreu,R. Aleixo de Abreu,N,Via Não Pavimentada
778,2160,RUA ALEMANHA,Rua Alemanha,R. Alemanha,N,Via Não Pavimentada
780,2186,RUA ALENQUER,Rua Alenquer,R. Alenquer,S,Via Pavimentada
781,2194,RUA ALEXANDRE ALMEIDA,Rua Alexandre Almeida,R. Alexandre Almeida,S,Via Pavimentada
8844,78859,RUA ALEXANDRE ALVES DE ALMEIDA,Rua Alexandre Alves de Almeida,R. Alexandre Alves de Almeida,S,Via Pavimentada
783,2208,RUA ALEXANDRE BELL,Rua Alexandre Bell,R. Alexandre Bell,N,Via Não Pavimentada
785,2216,RUA ALEXANDRE DE CARVALHO,Rua Alexandre de Carvalho,R. Alexandre de Carvalho,N,Via Não Pavimentada
789,2232,RUA ALEXANDRE DE GUSMAO,Rua Alexandre de Gusmão,R. Alexandre de Gusmão,S,Via Pavimentada
9146,82422,RUA ALEXANDRE GOMES DA FONSECA,Rua Alexandre Gomes da Fonseca,R. Alexandre Gomes da Fonseca,N,Via Não Pavimentada
7159,60763,RUA ALEXANDRE GUSMAO,Rua Alexandre Gusmão,R. Alexandre Gusmao,N,Via Não Pavimentada
8976,80470,RUA ALEXANDRE KRUSE FILHO,Rua Alexandre Kruse Filho,R. Alexandre Kruse Filho,N,Via Não Pavimentada
8352,73172,RUA ALEXANDRE MOURA,Rua Alexandre Moura,R. Alexandre Moura,S,Via Pavimentada
790,2240,RUA ALEXANDRE PADILHA,Rua Alexandre Padilha,R. Alexandre Padilha,N,Via Não Pavimentada
792,2259,RUA ALEXANDRE RODRIGUES FERREIRA,Rua Alexandre Rodrigues Ferreira,R. Alexandre Rodrigues Ferreira,S,Via Pavimentada
794,2267,RUA ALEXANDRE SELVA,Rua Alexandre Selva,R. Alexandre Selva,S,Via Pavimentada
795,2275,RUA ALEXANDRIA,Rua Alexandria,R. Alexandria,S,Via Pavimentada
10397,99872,RUA ALEXANDRINA,Rua Alexandrina,R. Alexandrina,N,Via Não Pavimentada
797,2283,RUA ALEXANDRINO,Rua Alexandrino,R. Alexandrino,S,Via Pavimentada
799,2305,RUA ALEXANDRINO MARTINS RODRIGUES,Rua Alexandrino Martins Rodrigues,R. Alexandrino Martins Rodrigues,P,Via Parcialmente Pavimentada
800,2313,RUA ALEXANDRITA,Rua Alexandrita,R. Alexandrita,S,Via Pavimentada
801,2321,RUA ALEXANIA,Rua Alexânia,R. Alexania,S,Via Pavimentada
432,2348,RUA ALFANDEGA,Rua Alfândega,R. Alfândega,S,Via Pavimentada
803,2356,RUA ALFENAS,Rua Alfenas,R. Alfenas,X,Não definida
804,2364,RUA ALFEU BOA VENTURA,Rua Alfeu Boa Ventura,R. Alfeu Boa Ventura,N,Via Não Pavimentada
11876,705187,RUA ALFREDO ABRIL,Rua Alfredo Abril,R. Alfredo Abril,P,Via Parcialmente Pavimentada
807,2399,RUA ALFREDO BECKER,Rua Alfredo Becker,R. Alfredo Becker,S,Via Pavimentada
786,2429,RUA ALFREDO COUTINHO,Rua Alfredo Coutinho,R. Alfredo Coutinho,S,Via Pavimentada
808,2402,RUA ALFREDO DE CARVALHO,Rua Alfredo de Carvalho,R. Alfredo de Carvalho,S,Via Pavimentada
809,2410,RUA ALFREDO DE CASTRO,Rua Alfredo de Castro,R. Alfredo de Castro,S,Via Pavimentada
815,2470,RUA ALFREDO DE FREITAS,Rua Alfredo de Freitas,R. Alfredo de Freitas,S,Via Pavimentada
820,2526,RUA ALFREDO DE MEDEIROS,Rua Alfredo de Medeiros,R. Alfredo de Medeiros,S,Via Pavimentada
811,2445,RUA ALFREDO DUARTE FILHO,Rua Alfredo Duarte Filho,R. Alfredo Duarte Filho,S,Via Pavimentada
9389,85634,RUA ALFREDO EUGENIO M DE ALMEIDA,Rua Alfredo Eugenio M de Almeida,R. Alfredo Eugenio M de Almeida,S,Via Pavimentada
812,2453,RUA ALFREDO FERNANDES,Rua Alfredo Fernandes,R. Alfredo Fernandes,S,Via Pavimentada
814,2461,RUA ALFREDO FREIRE,Rua Alfredo Freire,R. Alfredo Freire,S,Via Pavimentada
816,2488,RUA ALFREDO GAMA,Rua Alfredo Gama,R. Alfredo Gama,S,Via Pavimentada
818,2500,RUA ALFREDO MAIA,Rua Alfredo Maia,R. Alfredo Maia,S,Via Pavimentada
819,2518,RUA ALFREDO MARCONDES,Rua Alfredo Marcondes,R. Alfredo Marcondes,P,Via Parcialmente Pavimentada
626,2534,RUA ALFREDO MOREIRA,Rua Alfredo Moreira,R. Alfredo Moreira,S,Via Pavimentada
822,2550,RUA ALFREDO OSORIO,Rua Alfredo Osório,R. Alfredo Osorio,S,Via Pavimentada
7443,63010,RUA ALFREDO PEREIRA BORBA,Rua Alfredo Pereira Borba,R. Alfredo Pereira Borba,S,Via Pavimentada
826,2585,RUA ALFREDO ROLIM,Rua Alfredo Rolim,R. Alfredo Rolim,S,Via Pavimentada
9521,87033,RUA ALFREDO VIEIRA,Rua Alfredo Vieira,R. Alfredo Vieira,S,Via Pavimentada
827,2593,RUA ALFREDO VIEIRA DE MELO,Rua Alfredo Vieira de Melo,R. Alfredo Vieira de Melo,S,Via Pavimentada
828,2607,RUA ALGAROBA,Rua Algaroba,R. Algaroba,N,Via Não Pavimentada
9453,86290,RUA ALGODAO,Rua Algodão,R. Algodao,S,Via Pavimentada
8005,69353,RUA ALGODOES,Rua Algodões,R. Algodoes,N,Via Não Pavimentada
829,2615,RUA ALHANDRA,Rua Alhandra,R. Alhandra,N,Via Não Pavimentada
830,2623,RUA ALHEIROS MAIA,Rua Alheiros Maia,R. Alheiros Maia,P,Via Parcialmente Pavimentada
832,2631,RUA ALIADOS,Rua Aliados,R. Aliados,S,Via Pavimentada
833,2640,RUA ALIANCA,Rua Aliança,R. Alianca,P,Via Parcialmente Pavimentada
3911,30597,RUA ALIANCA,Rua Aliança,R. Alianca,P,Via Parcialmente Pavimentada
834,2658,RUA ALICE GOMES,Rua Alice Gomes,R. Alice Gomes,S,Via Pavimentada
835,2666,RUA ALICE MILET MORAES,Rua Alice Milet Moraes,R. Alice Milet Moraes,S,Via Pavimentada
837,2682,RUA ALICE TIBIRICA,Rua Alice Tibiriçá,R. Alice Tibirica,S,Via Pavimentada
839,2690,RUA ALINE,Rua Aline,R. Aline,X,Não definida
840,2704,RUA ALIPIO BAZANTE,Rua Alípio Bazante,R. Alipio Bazante,P,Via Parcialmente Pavimentada
842,2712,RUA ALIZIO CAVALCANTI,Rua Alízio Cavalcanti,R. Alizio Cavalcanti,N,Via Não Pavimentada
843,2720,RUA ALLAN KARDEC,Rua Allan Kardec,R. Allan Kardec,S,Via Pavimentada
8340,73067,RUA ALMADINA,Rua Almadina,R. Almadina,S,Via Pavimentada
9999,92568,RUA ALMEIDA,Rua Almeida,R. Almeida,X,Não definida
844,2747,RUA ALMEIDA CUNHA,Rua Almeida Cunha,R. Almeida Cunha,S,Via Pavimentada
845,2755,RUA ALMEIDA JUNIOR,Rua Almeida Júnior,R. Almeida Junior,N,Via Não Pavimentada
846,2763,RUA ALMEIRIM,Rua Almeirim,R. Almeirim,N,Via Não Pavimentada
847,2771,RUA ALMENARA,Rua Almenara,R. Almenara,S,Via Pavimentada
849,2780,RUA ALMERINDO GOMES,Rua Almerindo Gomes,R. Almerindo Gomes,S,Via Pavimentada
850,2798,RUA ALMINIO AFONSO,Rua Almínio Afonso,R. Alminio Afonso,S,Via Pavimentada
1430,7790,RUA ALMIRANTE ARY PARREIRAS,Rua Almirante Ary Parreiras,R. Alm Ary Parreiras,P,Via Parcialmente Pavimentada
1692,10235,RUA ALMIRANTE BARROSO,Rua Almirante Barroso,R. Alm Barroso,S,Via Pavimentada
9892,90999,RUA ALMIRANTE BARROSO,Rua Almirante Barroso,R. Alm Barroso,S,Via Pavimentada
1714,10448,RUA ALMIRANTE BATISTA LEAO,Rua Almirante Batista Leão,R. Alm Batista Leao,P,Via Parcialmente Pavimentada
2405,17000,RUA ALMIRANTE COCHRANE,Rua Almirante Cochrane,R. Alm Cochrane,N,Via Não Pavimentada
2644,18880,RUA ALMIRANTE CUSTODIO DE MELO,Rua Almirante Custódio de Melo,R. Alm Custodio de Melo,S,Via Pavimentada
2874,20940,RUA ALMIRANTE EDUARDO WANDENKOLK,Rua Almirante Eduardo Wandenkolk,R. Alm Eduardo Wandenkolk,N,Via Não Pavimentada
10159,95648,RUA ALMIRANTE JAMES NORTON,Rua Almirante James Norton,R. Alm James Norton,N,Via Não Pavimentada
4275,34100,RUA ALMIRANTE JOAO PASCOE,Rua Almirante João Pascoe,R. Alm João Pascoe,N,Via Não Pavimentada
5567,45934,RUA ALMIRANTE NELSON FERNANDES,Rua Almirante Nelson Fernandes,R. Alm Nelson Fernandes,S,Via Pavimentada
8418,73954,RUA ALMIRANTE NORONHA,Rua Almirante Noronha,R. Alm Noronha,S,Via Pavimentada
5580,46531,RUA ALMIRANTE NORONHA DE CARVALHO,Rua Almirante Noronha de Carvalho,R. Alm Noronha de Carvalho,S,Via Pavimentada
6047,50300,RUA ALMIRANTE PEDRO MAX,Rua Almirante Pedro Max,R. Alm Pedro Max,N,Via Não Pavimentada
6383,53392,RUA ALMIRANTE SALDANHA DA GAMA,Rua Almirante Saldanha da Gama,R. Alm Saldanha da Gama,S,Via Pavimentada
6654,55930,RUA ALMIRANTE SOARES DUTRA,Rua Almirante Soares Dutra,R. Alm Soares Dutra,N,Via Não Pavimentada
7058,59919,RUA ALMIRANTE TAMANDARE,Rua Almirante Tamandaré,R. Alm Tamandare,S,Via Pavimentada
851,2801,RUA ALMIR AZEVEDO,Rua Almir Azevedo,R. Almir Azevedo,N,Via Não Pavimentada
7947,68390,RUA ALMIR CUSTODIO DE LIMA,Rua Almir Custódio de Lima,R. Almir Custódio de Lima,S,Via Pavimentada
10016,93017,RUA ALMOCREVE JOAQUIM CARDOZO DA SILVA,Rua Almocreve Joaquim Cardozo da Silva,R. Almocreve Joaquim Cardozo da Silva,N,Via Não Pavimentada
852,2810,RUA ALMOFALA,Rua Almofala,R. Almofala,S,Via Pavimentada
854,2836,RUA ALOANDIA,Rua Aloândia,R. Aloandia,S,Via Pavimentada
8905,79782,RUA ALOISIO LEAL,Rua Aloísio Leal,R. Aloisio Leal,N,Via Não Pavimentada
4131,32832,RUA ALPESTRE,Rua Alpestre,R. Alpestre,S,Via Pavimentada
857,2852,RUA ALPINOPOLIS,Rua Alpinópolis,R. Alpinopolis,S,Via Pavimentada
858,2860,RUA ALTAMIRA,Rua Altamira,R. Altamira,S,Via Pavimentada
10340,99031,RUA ALTEMAR DUTRA - CANTOR,Rua Altemar Dutra - Cantor,R. Altemar Dutra - Cantor,N,Via Não Pavimentada
860,2887,RUA ALTEROSAS,Rua Alterosa,R. Alterosa,S,Via Pavimentada
784,2895,RUA ALTINHO,Rua Altinho,R. Altinho,S,Via Pavimentada
861,2909,RUA ALTINO,Rua Altino,R. Altino,S,Via Pavimentada
945,3514,RUA ALTO 13 DE MAIO,Rua Alto 13 de Maio,R. Alto 13 de Maio,P,Via Parcialmente Pavimentada
865,2933,RUA ALTO ALEGRE,Rua Alto Alegre,R. Alto Alegre,S,Via Pavimentada
868,2950,RUA ALTO ARAGUAIA,Rua Alto Araguaia,R. Alto Araguaia,S,Via Pavimentada
1493,8389,RUA ALTO ARTUR CORREIA,Rua Alto Artur Correia,R. Alto Artur Correia,S,Via Pavimentada
11556,121428,RUA ALTO BOM JESUS,Rua Alto Bom Jesus,R. Alto Bom Jesus,S,Via Pavimentada
875,3000,RUA ALTO BONITO,Rua Alto Bonito,R. Alto Bonito,S,Via Pavimentada
877,3018,RUA ALTO BRASIL,Rua Alto Brasil,R. Alto Brasil,S,Via Pavimentada
882,3034,RUA ALTO BURITI,Rua Alto Buriti,R. Alto Buriti,S,Via Pavimentada
8736,77674,RUA ALTO CACHOEIRA,Rua Alto Cachoeira,R. Alto Cachoeira,N,Via Não Pavimentada
886,3050,RUA ALTO CALCADO,Rua Alto Calçado,R. Alto Calcado,S,Via Pavimentada
8794,78301,RUA ALTO DA BELA VISTA,Rua Alto da Bela Vista,R. Alto da Bela Vista,S,Via Pavimentada
871,2976,RUA ALTO DA BELA VISTA,Rua Alto da Bela Vista,R. Alto da Bela Vista,S,Via Pavimentada
874,2992,RUA ALTO DA BICA,Rua Alto da Bica,R. Alto da Bica,S,Via Pavimentada
8281,72389,RUA ALTO DA BOA ESPERANCA,Rua Alto da Boa Esperança,R. Alto da Boa Esperanca,S,Via Pavimentada
881,3026,RUA ALTO DA BRASILEIRA,Rua Alto da Brasileira,R. Alto da Brasileira,S,Via Pavimentada
889,3093,RUA ALTO DA COLINA,Rua Alto da Colina,R. Alto da Colina,X,Não definida
890,3107,RUA ALTO DA CONQUISTA,Rua Alto da Conquista,R. Alto da Conquista,P,Via Parcialmente Pavimentada
11460,120200,RUA ALTO DA ESPERANCA,Rua Alto da Esperança,R. Alto da Esperanca,S,Via Pavimentada
899,3158,RUA ALTO DA FAVELA,Rua Alto da Favela,R. Alto da Favela,S,Via Pavimentada
910,3255,RUA ALTO DA LOIRA,Rua Alto da Loira,R. Alto da Loira,S,Via Pavimentada
913,3271,RUA ALTO DA MANIPEBA,Rua Alto da Manipeba,R. Alto da Manipeba,S,Via Pavimentada
8513,75060,RUA ALTO DA PEDRA BRANCA,Rua Alto da Pedra Branca,R. Alto da Pedra Branca,N,Via Não Pavimentada
927,3433,RUA ALTO DA QUEIMADA,Rua Alto da Queimada,R. Alto da Queimada,S,Via Pavimentada
918,3344,RUA ALTO DA SAUDADE,Rua Alto da Saudade,R. Alto da Saudade,S,Via Pavimentada
942,3506,RUA ALTO DA SERRINHA,Rua Alto da Serrinha,R. Alto da Serrinha,S,Via Pavimentada
11535,121070,RUA ALTO DAS LARANJEIRAS,Rua Alto das Laranjeiras,R. Alto das Laranjeiras,X,Não definida
914,3310,RUA ALTO DAS MORENAS,Rua Alto das Morenas,R. Alto das Morenas,S,Via Pavimentada
924,3417,RUA ALTO DAS PEDRINHAS,Rua Alto das Pedrinhas,R. Alto das Pedrinhas,S,Via Pavimentada
9105,81990,RUA ALTO DA TELHA,Rua Alto da Telha,R. Alto da Telha,S,Via Pavimentada
8509,74713,RUA ALTO DA UNIAO,Rua Alto da União,R. Alto da Uniao,S,Via Pavimentada
9087,81817,RUA ALTO DO ABACAXI,Rua Alto do Abacaxi,R. Alto do Abacaxi,N,Via Não Pavimentada
867,2941,RUA ALTO DO AMPARO,Rua Alto do Amparo,R. Alto do Amparo,S,Via Pavimentada
869,2968,RUA ALTO DO BAMBUI,Rua Alto do Bambuí,R. Alto do Bambui,S,Via Pavimentada
872,2984,RUA ALTO DO BENJAMIM,Rua Alto do Benjamim,R. Alto do Benjamim,S,Via Pavimentada
8514,74772,RUA ALTO DO CACHAMBU,Rua Alto do Cachambu,R. Alto do Cachambu,N,Via Não Pavimentada
887,3069,RUA ALTO DO CAROLA,Rua Alto do Carola,R. Alto do Carola,S,Via Pavimentada
888,3077,RUA ALTO DO CEU,Rua Alto do Céu,R. Alto do Ceu,S,Via Pavimentada
8532,74950,RUA ALTO DO CEU,Rua Alto do Céu,R. Alto do Ceu,N,Via Não Pavimentada
2688,19305,RUA ALTO DO DEODATO,Rua Alto do Deodato,R. Alto do Deodato,S,Via Pavimentada
898,3140,RUA ALTO DO EUCALIPTO,Rua Alto do Eucalipto,R. Alto do Eucalipto,S,Via Pavimentada
8391,73628,RUA ALTO DO EUCALIPTO,Rua Alto do Eucalipto,R. Alto do Eucalipto,S,Via Pavimentada
891,3115,RUA ALTO DO FORMOSO,Rua Alto do Formoso,R. Alto do Formoso,S,Via Pavimentada
3648,28304,RUA ALTO DO GUILHERMINO,Rua Alto do Guilhermino,R. Alto do Guilhermino,S,Via Pavimentada
905,3212,RUA ALTO DO JOAQUIM,Rua Alto do Joaquim,R. Alto do Joaquim,S,Via Pavimentada
8467,74470,RUA ALTO DO JORDAO,Rua Alto do Jordão,R. Alto do Jordao,P,Via Parcialmente Pavimentada
9947,91812,RUA ALTO DO LEONARDO,Rua Alto do Leonardo,R. Alto do Leonardo,S,Via Pavimentada
8395,73660,RUA ALTO DO MANDU,Rua Alto do Mandu,R. Alto do Mandu,S,Via Pavimentada
896,3280,RUA ALTO DO MARACANA,Rua Alto do Maracanã,R. Alto do Maracana,P,Via Parcialmente Pavimentada
920,3352,RUA ALTO DO PARAISO,Rua Alto do Paraíso,R. Alto do Paraiso,S,Via Pavimentada
8703,77330,RUA ALTO DO PARNAIOCA,Rua Alto do Parnaioca,R. Alto do Parnaioca,N,Via Não Pavimentada
926,3425,RUA ALTO DO PEREIRINHA,Rua Alto do Pereirinha,R. Alto do Pereirinha,S,Via Pavimentada
923,3395,RUA ALTO DO PITU,Rua Alto do Pitú,R. Alto do Pitu,S,Via Pavimentada
930,3450,RUA ALTO DO REFUGIO,Rua Alto do Refúgio,R. Alto do Refugio,S,Via Pavimentada
933,3468,RUA ALTO DO RESERVATORIO,Rua Alto do Reservatório,R. Alto do Reservatorio,S,Via Pavimentada
8748,77810,RUA ALTO DOS BOIS,Rua Alto dos Bois,R. Alto Dos Bois,N,Via Não Pavimentada
2406,17507,RUA ALTO DOS COQUEIROS,Rua Alto dos Coqueiros,R. Alto Dos Coqueiros,S,Via Pavimentada
950,3522,RUA ALTO DO TIRO,Rua Alto do Tiro,R. Alto do Tiro,P,Via Parcialmente Pavimentada
8462,74438,RUA ALTO DO VENACIO,Rua Alto do Venâcio,R. Alto do Venâcio,S,Via Pavimentada
893,3123,RUA ALTO EGITO,Rua Alto Egito,R. Alto Egito,S,Via Pavimentada
895,3131,RUA ALTO ERVAL NOVO,Rua Alto Erval Novo,R. Alto Erval Novo,P,Via Parcialmente Pavimentada
9920,91456,5TR ALTO DO TIRO,Rua Alto Formoso,R. Alto Formoso,P,Via Parcialmente Pavimentada
879,3182,RUA ALTO ITAUNA,Rua Alto Itaúna,R. Alto Itauna,P,Via Parcialmente Pavimentada
902,3190,RUA ALTO JARDIM PROGRESSO,Rua Alto Jardim Progresso,R. Alto Jardim Progresso,S,Via Pavimentada
9421,85910,RUA ALTO JEQUIRI,Rua Alto Jequiri,R. Alto Jequiri,N,Via Não Pavimentada
8795,78310,RUA ALTO JOSE BONIFACIO,Rua Alto José Bonifacio,R. Alto José Bonifacio,S,Via Pavimentada
904,3204,RUA ALTO JOSE BONIFACIO,Rua Alto José Bonifácio,R. Alto José Bonifacio,S,Via Pavimentada
907,3220,RUA ALTO JOSE CORREIA,Rua Alto José Correia,R. Alto José Correia,S,Via Pavimentada
8742,77755,RUA ALTO JOSE DO PINHO,Rua Alto José do Pinho,R. Alto José do Pinho,S,Via Pavimentada
908,3239,RUA ALTO JOSE IDALINO,Rua Alto José Idalino,R. Alto José Idalino,S,Via Pavimentada
909,3247,RUA ALTOLANDIA,Rua Altolândia,R. Altolandia,S,Via Pavimentada
911,3263,RUA ALTO LONGA,Rua Alto Longá,R. Alto Longa,S,Via Pavimentada
916,3336,RUA ALTO NOSSA SENHORA DE FATIMA,Rua Alto Nossa Senhora de Fátima,R. Alto Nossa Senhora de Fatima,S,Via Pavimentada
915,3328,RUA ALTO NOVO MUNDO,Rua Alto Novo Mundo,R. Alto Novo Mundo,S,Via Pavimentada
921,3379,RUA ALTO PARANAIBA,Rua Alto Paranaiba,R. Alto Paranaiba,S,Via Pavimentada
922,3387,RUA ALTO PIQUIRI,Rua Alto Piquiri,R. Alto Piquiri,S,Via Pavimentada
938,3476,RUA ALTO SANTA HELENA,Rua Alto Santa Helena,R. Alto Santa Helena,S,Via Pavimentada
8394,73652,RUA ALTO SANTA ISABEL,Rua Alto Santa Isabel,R. Alto Santa Isabel,S,Via Pavimentada
939,3492,RUA ALTO SANTA LUZIA,Rua Alto Santa Luzia,R. Alto Santa Luzia,S,Via Pavimentada
8393,73644,RUA ALTO SANTA TEREZA,Rua Alto Santa Tereza,R. Alto Santa Tereza,S,Via Pavimentada
10382,99627,RUA ALTO SANTO ANTONIO,Rua Alto Santo Antônio,R. Alto Santo Antônio,S,Via Pavimentada
11592,121789,RUA ALTO SAO JOSE,Rua Alto São José,R. Alto São José,P,Via Parcialmente Pavimentada
8430,74063,RUA ALTO SERRA CAIADA,Rua Alto Serra Caiada,R. Alto Serra Caiada,S,Via Pavimentada
952,3549,RUA ALTO VERDE,Rua Alto Verde,R. Alto Verde,S,Via Pavimentada
11515,120782,RUA ALTO VISCONDE GARRETT,Rua Alto Visconde Garrett,R. Alto Visconde Garrett,N,Via Não Pavimentada
953,3557,RUA ALUISIO DE AZEVEDO,Rua Aluisio de Azevedo,R. Aluisio de Azevedo,S,Via Pavimentada
8453,74292,RUA ALUISIO JOAQUIM DA COSTA,Rua Aluísio Joaquim da Costa,R. Aluisio Joaquim da Costa,S,Via Pavimentada
424,3581,RUA ALUISIO PINTO,Rua Aluísio Pinto,R. Aluisio Pinto,S,Via Pavimentada
8576,75531,RUA ALUIZIO PERIQUITO,Rua Aluizio Periquito,R. Aluizio Periquito,S,Via Pavimentada
8158,70971,RUA ALVACAO,Rua Alvação,R. Alvacao,X,Não definida
426,3603,RUA ALVARAES,Rua Alvaraes,R. Alvaraes,P,Via Parcialmente Pavimentada
427,3611,RUA ALVARENGA PEIXOTO,Rua Alvarenga Peixoto,R. Alvarenga Peixoto,S,Via Pavimentada
430,3638,RUA ALVARES CABRAL,Rua Álvares Cabral,R. Alvares Cabral,S,Via Pavimentada
428,3620,RUA ALVARES DE AZEVEDO,Rua Alvares de Azevedo,R. Alvares de Azevedo,S,Via Pavimentada
954,3654,RUA ALVARES FLORENSE,Rua Álvares Florense,R. Alvares Florense,S,Via Pavimentada
5445,44806,RUA ALVARES PIRES,Rua Alvares Pires,R. Alvares Pires,N,Via Não Pavimentada
956,3662,RUA ALVARO AMORIM,Rua Alvaro Amorim,R. Alvaro Amorim,P,Via Parcialmente Pavimentada
958,3689,RUA ALVARO CRUZ,Rua Álvaro Cruz,R. Alvaro Cruz,S,Via Pavimentada
961,3700,RUA ALVARO FRAGOSO,Rua Álvaro Fragoso,R. Alvaro Fragoso,S,Via Pavimentada
966,3735,RUA ALVARO MACEDO,Rua Alvaro Macedo,R. Alvaro Macedo,S,Via Pavimentada
897,3743,RUA ALVARO MOREYRA,Rua Álvaro Moreyra,R. Alvaro Moreyra,S,Via Pavimentada
6325,52817,RUA ALVARO NICEAS PIRES,Rua Álvaro Nicéas Pires,R. Alvaro Niceas Pires,S,Via Pavimentada
10448,100773,RUA ALVARO PIRES,Rua Álvaro Pires,R. Alvaro Pires,X,Não definida
947,3760,RUA ALVARO TEIXEIRA DE MESQUITA,Rua Álvaro Teixeira de Mesquita,R. Alvaro Teixeira de Mesquita,S,Via Pavimentada
949,3778,RUA ALVENOPOLIS,Rua Alvenópolis,R. Alvenopolis,N,Via Não Pavimentada
968,3794,RUA ALVILANDIA,Rua Alvilandia,R. Alvilandia,S,Via Pavimentada
11808,137960,RUA ALVORADA,Rua Alvorada,R. Alvorada,X,Não definida
969,3808,RUA ALVORADA,Rua Alvorada,R. Alvorada,N,Via Não Pavimentada
10510,101494,RUA ALVORADA,Rua Alvorada,R. Alvorada,X,Não definida
970,3816,RUA ALVORADA DO NORTE,Rua Alvorada do Norte,R. Alvorada do Norte,P,Via Parcialmente Pavimentada
94,3824,RUA ALVORADA DO SUL,Rua Alvorada do Sul,R. Alvorada do Sul,P,Via Parcialmente Pavimentada
10001,92592,RUA ALZIRA DO COUTO BARROS GONDIM,Rua Alzira do Couto Barros Gondim,R. Alzira do Couto Barros Gondim,S,Via Pavimentada
11780,126969,RUA ALZIRO RARUR,RUA ALZIRO RARUR,R. Alziro Rarur,S,Via Pavimentada
96,3840,RUA AMADEU CARMO FERREIRA,Rua Amadeu Carmo Ferreira,R. Amadeu Carmo Ferreira,P,Via Parcialmente Pavimentada
456,3867,RUA AMADOR ARAUJO,Rua Amador Araújo,R. Amador Araujo,S,Via Pavimentada
457,3875,RUA AMADOR BUENO,Rua Amador Bueno,R. Amador Bueno,S,Via Pavimentada
92,3891,RUA AMALIA,Rua Amália,R. Amalia,N,Via Não Pavimentada
89,3905,RUA AMALIA BERNARDINO DE SOUZA,Rua Amália Bernardino de Souza,R. Amalia Bernardino de Souza,P,Via Parcialmente Pavimentada
90,3913,RUA AMALITA,Rua Amalita,R. Amalita,S,Via Pavimentada
9199,83127,RUA AMAMBI,Rua Amambi,R. Amambi,N,Via Não Pavimentada
91,3921,RUA AMANA,Rua Amana,R. Amana,S,Via Pavimentada
972,3956,RUA AMANDA,Rua Amanda,R. Amanda,S,Via Pavimentada
973,3964,RUA AMAPA,Rua Amapá,R. Amapa,S,Via Pavimentada
975,3972,RUA AMAPORA,Rua Amaporã,R. Amapora,S,Via Pavimentada
976,3980,RUA AMARAJI,Rua Amaraji,R. Amaraji,S,Via Pavimentada
977,3999,RUA AMARANTE,Rua Amarante,R. Amarante,S,Via Pavimentada
1954,12572,RUA AMARATI,Rua Amarati,R. Amarati,P,Via Parcialmente Pavimentada
8052,69841,RUA AMARINA MARTINS,Rua Amarina Martins,R. Amarina Martins,X,Não definida
982,4049,RUA AMARO ALBINO PIMENTEL,Rua Amaro Albino Pimentel,R. Amaro Albino Pimentel,P,Via Parcialmente Pavimentada
983,4057,RUA AMARO BEZERRA,Rua Amaro Bezerra,R. Amaro Bezerra,S,Via Pavimentada
986,4073,RUA AMARO CORDEIRO,Rua Amaro Cordeiro,R. Amaro Cordeiro,N,Via Não Pavimentada
987,4081,RUA AMARO COUTINHO,Rua Amaro Coutinho,R. Amaro Coutinho,S,Via Pavimentada
489,4090,RUA AMARO DUARTE,Rua Amaro Duarte,R. Amaro Duarte,S,Via Pavimentada
8149,70866,RUA DE AMARO FRANCISCO DE SOUZA,Rua Amaro Francisco de Souza,R. Amaro Francisco de Souza,N,Via Não Pavimentada
8253,72052,RUA AMARO GOMES POROCA,Rua Amaro Gomes Poroca,R. Amaro Gomes Poroca,S,Via Pavimentada
490,4103,RUA AMARO LAFAYETE,Rua Amaro Lafayete,R. Amaro Lafayete,S,Via Pavimentada
989,4111,RUA AMARO LOPES MADEIRA,Rua Amaro Lopes Madeira,R. Amaro Lopes Madeira,S,Via Pavimentada
5490,45217,RUA AMARO LUIS DE CARVALHO,Rua Amaro Luís de Carvalho,R. Amaro Luis de Carvalho,S,Via Pavimentada
6300,52590,RUA AMARO LUIZ DE CARVALHO,Rua Amaro Luiz de Carvalho,R. Amaro Luiz de Carvalho,S,Via Pavimentada
8601,75825,RUA AMARO RIBEIRO,Rua Amaro Ribeiro,R. Amaro Ribeiro,N,Via Não Pavimentada
4661,37656,RUA AMATARI,Rua Amatari,R. Amatari,S,Via Pavimentada
8275,72265,RUA AMATURA,Rua Amatura,R. Amatura,S,Via Pavimentada
994,4162,RUA AMAURI DE MEDEIROS,Rua Amauri de Medeiros,R. Amauri de Medeiros,S,Via Pavimentada
995,4170,RUA AMAZONAS,Rua Amazonas,R. Amazonas,S,Via Pavimentada
7467,63282,RUA AMAZONAS,Rua Amazonas,R. Amazonas,N,Via Não Pavimentada
8274,72257,RUA AMAZONIA,Rua Amazônia,R. Amazonia,N,Via Não Pavimentada
997,4189,RUA AMBAR,Rua Âmbar,R. Ambar,S,Via Pavimentada
998,4197,RUA AMBORE,Rua Amboré,R. Ambore,S,Via Pavimentada
1001,4219,RUA AMBROSIO MACHADO,Rua Ambrósio Machado,R. Ambrosio Machado,P,Via Parcialmente Pavimentada
1003,4227,RUA AMBROZINA CARNEIRO,Rua Ambrozina Carneiro,R. Ambrozina Carneiro,S,Via Pavimentada
8006,69361,RUA AMEIXAS,Rua Ameixas,R. Ameixas,S,Via Pavimentada
8356,73237,RUA AMELIA,Rua Amélia,R. Amelia,S,Via Pavimentada
422,4243,RUA AMELIA JESUINA,Rua Amélia Jesuína,R. Amelia Jesuina,S,Via Pavimentada
1006,4260,RUA AMELIA XAVIER SAMPAIO,Rua Amélia Xavier Sampaio,R. Amelia Xavier Sampaio,P,Via Parcialmente Pavimentada
1007,4278,RUA AMELIOPOLIS,Rua Ameliópolis,R. Ameliopolis,S,Via Pavimentada
1008,4286,RUA AMERICA,Rua América,R. America,S,Via Pavimentada
1010,4294,RUA AMERICA CISNEIROS,Rua América Cisneiros,R. America Cisneiros,S,Via Pavimentada
1011,4308,RUA AMERICANA,Rua Americana,R. Americana,X,Não definida
1013,4324,RUA AMERICO DE CAMPOS,Rua Américo de Campos,R. Americo de Campos,S,Via Pavimentada
1015,4340,RUA AMERICO VIRGILIO,Rua Américo Virgílio,R. Americo Virgilio,P,Via Parcialmente Pavimentada
9657,87947,RUA AMETISTA,Rua Ametista,R. Ametista,N,Via Não Pavimentada
1018,4383,RUA AMOREIRA,Rua Amoreira,R. Amoreira,P,Via Parcialmente Pavimentada
1020,4405,RUA AMOROSO COSTA,Rua Amoroso Costa,R. Amoroso Costa,P,Via Parcialmente Pavimentada
1021,4413,RUA AMPARO,Rua Amparo,R. Amparo,N,Via Não Pavimentada
11861,701432,RUA AMPERE,Rua Ampere,R. Ampere,S,Via Pavimentada
1022,4421,RUA I,Rua Ampére,R. Ampere,S,Via Pavimentada
1016,4359,RUA AMSTERDAM,Rua Amsterdam,R. Amsterdam,N,Via Não Pavimentada
1024,4430,RUA ANA,Rua Ana,R. Ana,S,Via Pavimentada
999,4448,RUA ANA ALBUQUERQUE LIMA,Rua Ana Albuquerque Lima,R. Ana Albuquerque Lima,S,Via Pavimentada
86,4456,RUA ANA ANGELICA,Rua Ana Angélica,R. Ana Angelica,S,Via Pavimentada
8764,78000,RUA ANA CAMELO DA SILVA,Rua Ana Camelo da Silva,R. Ana Camelo da Silva,S,Via Pavimentada
1009,4499,RUA ANA CARNEIRO D'ALBUQUERQUE,Rua Ana Carneiro D`Albuquerque,R. Ana Carneiro D`Albuquerque,S,Via Pavimentada
1036,4588,RUA ANADIA,Rua Anadia,R. Anadia,S,Via Pavimentada
1029,4502,RUA ANA DIAS,Rua Ana Dias,R. Ana Dias,S,Via Pavimentada
1038,4600,RUA ANAGE,Rua Anage,R. Anage,S,Via Pavimentada
9816,90204,RUA ANAJANOPOLIS,Rua Anajanópolis,R. Anajanopolis,N,Via Não Pavimentada
11871,701629,RUA ANAJAS,Rua Anajas,R. Anajas,S,Via Pavimentada
9965,91987,RUA ANAJATUBA,Rua Anajatuba,R. Anajatuba,S,Via Pavimentada
1042,4634,RUA ANALANDIA,Rua Analândia,R. Analandia,S,Via Pavimentada
11471,120316,RUA ANA LINDA BRANDAO,Rua Ana Linda Brandão,R. Ana Lima Brandao,N,Via Não Pavimentada
1030,4510,RUA ANA LUCIA,Rua Ana Lúcia,R. Ana Lúcia,S,Via Pavimentada
3878,30295,RUA ANAMA,Rua Anamã,R. Anama,S,Via Pavimentada
1031,4529,RUA ANA MAURICIA WANDERLEY,Rua Ana Maurícia Wanderley,R. Ana Mauricia Wanderley,S,Via Pavimentada
7901,67830,RUA ANANAS,Rua Ananás,R. Ananas,N,Via Não Pavimentada
423,4537,RUA ANA NERY,Rua Ana Nery,R. Ana Nery,S,Via Pavimentada
1044,4650,RUA ANANIAS,Rua Ananias,R. Ananias,X,Não definida
1045,4669,RUA ANANIAS CATANHO,Rua Ananias Catanho,R. Ananias Catanho,S,Via Pavimentada
1032,4545,RUA ANA OTILIA DE FARIAS,Rua Ana Otília de Farias,R. Ana Otilia de Farias,S,Via Pavimentada
1033,4553,RUA ANA PIRES LUSTOSA,Rua Ana Pires Lustosa,R. Ana Pires Lustosa,P,Via Parcialmente Pavimentada
1047,4677,RUA ANAPOLIS,Rua Anápolis,R. Anapolis,S,Via Pavimentada
11878,705233,RUA ANA RECH,Rua Ana Rech,R. Ana Rech,X,Não definida
7933,68152,RUA ANATALIA DE SOUZA ALVES DE MELO,Rua Anatália de Souza Alves de Melo,R. Anatalia de Souza Alves de Melo,S,Via Pavimentada
1049,4693,RUA ANAUA,Rua Anauá,R. Anaua,P,Via Parcialmente Pavimentada
1051,4715,RUA ANCHIETA,Rua Anchieta,R. Anchieta,S,Via Pavimentada
1053,4731,RUA ANDALUZA,Rua Andaluza,R. Andaluza,N,Via Não Pavimentada
8368,73342,RUA ANDARAI,Rua Andaraí,R. Andarai,X,Não definida
1055,4758,RUA ANDIRA,Rua Andira,R. Andira,S,Via Pavimentada
7544,64041,RUA ANDIROBA,Rua Andiroba,R. Andiroba,P,Via Parcialmente Pavimentada
7783,66621,RUA ANDORINHA,Rua Andorinha,R. Andorinha,S,Via Pavimentada
1062,4812,RUA ANDRADINA,Rua Andradina,R. Andradina,S,Via Pavimentada
7726,66028,RUA ANDRE BARROS DE OLIVEIRA,Rua Andre Barros de Oliveira,R. Andre Barros de Oliveira,S,Via Pavimentada
1065,4847,RUA ANDRE BEZERRA,Rua André Bezerra,R. Andre Bezerra,S,Via Pavimentada
1067,4855,RUA ANDRE CAVALCANTE,Rua André Cavalcante,R. Andre Cavalcante,S,Via Pavimentada
1064,4839,RUA ANDRE DE ALBUQUERQUE,Rua André de Albuquerque,R. Andre de Albuquerque,S,Via Pavimentada
1068,4863,RUA ANDRE DIAS FIGUEREDO,Rua André Dias Figueredo,R. André Dias Figueredo,S,Via Pavimentada
1070,4880,RUA ANDRE GIDE,Rua André Gide,R. Andre Gide,S,Via Pavimentada
1069,4871,RUA ANDRELANDIA,Rua Andrelandia,R. Andrelandia,S,Via Pavimentada
9150,82503,RUA ANDRE MOTA,Rua André Mota,R. Andre Mota,S,Via Pavimentada
1073,4910,RUA ANDRE NEGREIROS MAIA,Rua André Negreiros Maia,R. Andre Negreiros Maia,P,Via Parcialmente Pavimentada
1074,4928,RUA ANDRE REBOUCAS,Rua André Rebouças,R. Andre Reboucas,S,Via Pavimentada
6990,59315,RUA ANDRE VIDAL DE NEGREIROS,Rua André Vidal de Negreiros,R. Andre Vidal de Negreiros,N,Via Não Pavimentada
1075,4936,RUA ANDRE VIEIRA DE MELO,Rua André Vieira de Melo,R. Andre Vieira de Melo,S,Via Pavimentada
3642,28142,RUA ANEL,Rua Anel,R. Anel,N,Via Não Pavimentada
1077,4952,RUA ANEQUIM,Rua Anequim,R. Anequim,S,Via Pavimentada
1078,4960,RUA ANGAI,Rua Angaí,R. Angai,S,Via Pavimentada
1079,4979,RUA ANGATUBA,Rua Angatuba,R. Angatuba,S,Via Pavimentada
1081,4987,RUA ANGATURAMA,Rua Angaturama,R. Angaturama,S,Via Pavimentada
1085,5029,RUA ANGELICA,Rua Angélica,R. Angelica,P,Via Parcialmente Pavimentada
1083,5002,RUA ANGELINA,Rua Angelina,R. Angelina,S,Via Pavimentada
1087,5045,RUA ANGELO AGOSTINI,Rua Ângelo Agostini,R. Angelo Agostini,S,Via Pavimentada
1093,5096,RUA ANGICAL,Rua Angical,R. Angical,S,Via Pavimentada
11905,705837,RUA ANGICO,Rua Angico,R. Angico,X,Não definida
7332,67768,RUA ANGICO,Rua Angico,R. Angico,N,Via Não Pavimentada
10022,93122,RUA ANGOLA,Rua Angola,R. Angola,N,Via Não Pavimentada
1095,5118,RUA ANGUERA,Rua Anguera,R. Anguera,N,Via Não Pavimentada
1096,5126,RUA ANGUERETA,Rua Anguereta,R. Anguereta,S,Via Pavimentada
1097,5134,RUA ANGUSTURA,Rua Angustura,R. Angustura,S,Via Pavimentada
1100,5150,RUA ANHANGUERA,Rua Anhanguera,R. Anhanguera,N,Via Não Pavimentada
1101,5169,RUA ANHEMBI,Rua Anhembi,R. Anhembi,S,Via Pavimentada
1107,5185,RUA ANIBAL CARDOSO,Rua Aníbal Cardoso,R. Anibal Cardoso,S,Via Pavimentada
1108,5193,RUA ANIBAL FALCAO,Rua Aníbal Falcão,R. Aníbal Falcão,P,Via Parcialmente Pavimentada
8186,71315,RUA ANIBAL PORTELA,Rua Aníbal Portela,R. Anibal Portela,S,Via Pavimentada
4077,32328,RUA ANICEDA CASELLI,Rua Aniceda Caselli,R. Aniceda Caselli,N,Via Não Pavimentada
1112,5223,RUA ANITA,Rua Anita,R. Anita,S,Via Pavimentada
8503,74632,RUA ANITA FERREIRA DA SILVA,Rua Anita Ferreira da Silva,R. Anita Ferreira da Silva,N,Via Não Pavimentada
1113,5231,RUA ANITA GARIBALDI,Rua Anita Garibaldi,R. Anita Garibaldi,S,Via Pavimentada
1114,5240,RUA ANITOPOLIS,Rua Anitópolis,R. Anitopolis,S,Via Pavimentada
1115,5258,RUA ANIZIO GALVAO,Rua Anízio Galvão,R. Anizio Galvao,S,Via Pavimentada
1027,4472,RUA ANNA BEZERRA,Rua Anna Bezerra,R. Anna Bezerra,P,Via Parcialmente Pavimentada
1076,4944,RUA ANNE FRANK,Rua Anne Frank,R. Anne Frank,N,Via Não Pavimentada
9228,83534,RUA ANORI,Rua Anori,R. Anori,S,Via Pavimentada
1118,5290,RUA ANTAS,Rua Antas,R. Antas,S,Via Pavimentada
1120,5312,RUA ANTENOR NAVARRO,Rua Antenor Navarro,R. Antenor Navarro,S,Via Pavimentada
1119,5304,RUA ANTERO MOTA,Rua Antero Mota,R. Antero Mota,S,Via Pavimentada
1126,5355,RUA ANTONIA MOLITERNO,Rua Antônia Moliterno,R. Antonia Moliterno,S,Via Pavimentada
5916,49077,RUA ANTONIETA BARROS SOARES,Rua Antonieta Barros Soares,R. Antonieta Barros Soares,S,Via Pavimentada
1129,5371,RUA ANTONINA,Rua Antonina,R. Antonina,N,Via Não Pavimentada
1131,5398,RUA ANTONINA UCHOA,Rua Antonina Uchôa,R. Antonina Uchoa,N,Via Não Pavimentada
10221,96920,RUA ANTONIO ALCANTARA MACHADO,Rua Antônio Alcantara Machado,R. Antônio Alcantara Machado,N,Via Não Pavimentada
10445,100749,RUA ANTONIO ALFREDO DE MENEZES,Rua Antônio Alfredo de Menezes,R. Antônio Alfredo de Menezes,X,Não definida
1137,5444,RUA ANTONIO ALMEIDA,Rua Antônio Almeida,R. Antônio Almeida,N,Via Não Pavimentada
4191,33383,RUA ANTONIO ANTAO DE CARVALHO REIS,Rua Antônio Antão de Carvalho Reis,R. Antônio Antao de Carvalho Reis,S,Via Pavimentada
1139,5460,RUA ANTONIO APOLINARIO,Rua Antônio Apolinário,R. Antônio Apolinario,S,Via Pavimentada
1141,5487,RUA ANTONIO AURELIANO,Rua Antônio Aureliano,R. Antônio Aureliano,S,Via Pavimentada
9992,92460,RUA ANTONIO BATISTA DE SOUZA,Rua Antônio Batista de Souza,R. Antônio Batista de Souza,S,Via Pavimentada
1142,5495,RUA ANTONIO BEZERRA,Rua Antônio Bezerra,R. Antônio Bezerra,N,Via Não Pavimentada
1143,5509,RUA ANTONIO BORGES UCHOA,Rua Antônio Borges Uchôa,R. Antônio Borges Uchoa,S,Via Pavimentada
7451,63096,RUA ANTONIO CAMELO,Rua Antônio Camelo,R. Antônio Camelo,S,Via Pavimentada
1146,5525,RUA ANTONIO CAMILO DIAS,Rua Antônio Camilo Dias,R. Antônio Camilo Dias,S,Via Pavimentada
1147,5533,RUA ANTONIO CARDOSO DA FONTE,Rua Antônio Cardoso da Fonte,R. Antônio Cardoso da Fonte,P,Via Parcialmente Pavimentada
1148,5541,RUA ANTONIO CARLOS,Rua Antônio Carlos,R. Antônio Carlos,S,Via Pavimentada
1151,5568,RUA ANTONIO CARLOS DE ANDRADE,Rua Antônio Carlos de Andrade,R. Antônio Carlos de Andrade,N,Via Não Pavimentada
1152,5576,RUA ANTONIO CARLOS RIBEIRO DE ANDRADE,Rua Antônio Carlos Ribeiro de Andrade,R. Antônio Carlos Ribeiro de Andrade,N,Via Não Pavimentada
1153,5584,RUA ANTONIO CARNEIRO,Rua Antônio Carneiro,R. Antônio Carneiro,P,Via Parcialmente Pavimentada
3102,23116,RUA ANTONIO CARNEIRO,Rua Antônio Carneiro,R. Antônio Carneiro,S,Via Pavimentada
8709,77402,RUA ANTONIO CAVALCANTI DE ARAUJO,Rua Antônio Cavalcanti de Araújo,R. Antônio Cavalcanti de Araujo,S,Via Pavimentada
1158,5614,RUA ANTONIO CELSO UCHOA CAVALCANTI,Rua Antônio Celso Uchôa Cavalcanti,R. Antônio Celso Uchoa Cavalcanti,S,Via Pavimentada
1164,5630,RUA ANTONIO CONSELHEIRO,Rua Antônio Conselheiro,R. Antônio Conselheiro,S,Via Pavimentada
8929,79995,RUA ANTONIO CORREIA DE ARAUJO,Rua Antônio Correia de Araújo,R. Antônio Correia de Araujo,P,Via Parcialmente Pavimentada
4093,32476,RUA ANTONIO COSTA BARBOSA,Rua Antônio Costa Barbosa,R. Antônio Costa Barbosa,S,Via Pavimentada
1166,5657,RUA ANTONIO CURADO,Rua Antônio Curado,R. Antônio Curado,S,Via Pavimentada
1236,6262,RUA ANTONIO DA SILVA,Rua Antônio da Silva,R. Antônio da Silva,N,Via Não Pavimentada
1155,5592,RUA ANTONIO DE CASTRO,Rua Antônio de Castro,R. Antônio de Castro,S,Via Pavimentada
9868,90743,RUA ANTONIO DE PADUA M FERNANDES,Rua Antônio de Pádua M Fernandes,R. Antônio de Padua M Fernandes,P,Via Parcialmente Pavimentada
1230,6211,RUA ANTONIO DE SA,Rua Antônio de Sá,R. Antônio de Sa,S,Via Pavimentada
1232,6220,RUA ANTONIO DE SA LEITAO,Rua Antônio de Sá Leitão,R. Antônio de Sa Leitao,S,Via Pavimentada
1207,6246,RUA ANTONIO DE SANTA,Rua Antônio de Santa,R. Antônio de Santa,S,Via Pavimentada
1169,5673,RUA ANTONIO DIAS ADORNO,Rua Antônio Dias Adorno,R. Antônio Dias Adorno,S,Via Pavimentada
1171,5681,RUA ANTONIO EDUARDO AMORIM,Rua Antônio Eduardo Amorim,R. Antônio Eduardo Amorim,N,Via Não Pavimentada
1172,5690,RUA ANTONIO FALCAO,Rua Antônio Falcão,R. Antônio Falcão,S,Via Pavimentada
1176,5738,RUA ANTONIO FERREIRA,Rua Antônio Ferreira,R. Antônio Ferreira,S,Via Pavimentada
1179,5754,RUA ANTONIO FIGUEIREDO,Rua Antônio Figueiredo,R. Antônio Figueiredo,P,Via Parcialmente Pavimentada
1180,5762,RUA ANTONIO FRANCA,Rua Antônio França,R. Antônio França,N,Via Não Pavimentada
1182,5789,RUA ANTONIO GOMES DE FREITAS,Rua Antônio Gomes de Freitas,R. Antônio Gomes de Freitas,S,Via Pavimentada
1183,5797,RUA ANTONIO GOMES DE OLIVEIRA,Rua Antônio Gomes de Oliveira,R. Antônio Gomes de Oliveira,S,Via Pavimentada
1184,5800,RUA ANTONIO GONCALVES DA CRUZ,Rua Antônio Gonçalves da Cruz,R. Antônio Gonçalves da Cruz,S,Via Pavimentada
1160,5819,RUA ANTONIO GUEDES DE ARAUJO,Rua Antônio Guedes de Araújo,R. Antônio Guedes de Araujo,N,Via Não Pavimentada
1187,5843,RUA ANTONIO HENRIQUE,Rua Antônio Henrique,R. Antônio Henrique,S,Via Pavimentada
1190,5878,RUA ANTONIO JUSTINO,Rua Antônio Justino,R. Antônio Justino,S,Via Pavimentada
1193,5908,RUA ANTONIO LUCENA,Rua Antônio Lucena,R. Antônio Lucena,N,Via Não Pavimentada
1194,5916,RUA ANTONIO LUIZ DA SILVA,Rua Antônio Luiz da Silva,R. Antônio Luiz da Silva,S,Via Pavimentada
1195,5924,RUA ANTONIO LUIZ SOARES,Rua Antônio Luiz Soares,R. Antônio Luiz Soares,N,Via Não Pavimentada
755,1945,RUA ANTONIO LUMACK DO MONTE,Rua Antônio Lumack do Monte,R. Antônio Lumack do Monte,S,Via Pavimentada
1156,5932,RUA ANTONIO MACARIO,Rua Antônio Macário,R. Antônio Macario,S,Via Pavimentada
1197,5959,RUA ANTONIO MACHADO,Rua Antônio Machado,R. Antônio Machado,S,Via Pavimentada
10204,96598,RUA ANTONIO MACHADO GOMES DA SILVA,Rua Antônio Machado Gomes da Silva,R. Antônio Machado Gomes da Silva,N,Via Não Pavimentada
321,126691,RUA ANTONIO MARIA CARDOSO,Rua Antônio Maria Cardoso,R. Antônio Maria Cardoso,N,Via Não Pavimentada
9204,83178,RUA ANTONIO MARQUES PINHETO,Rua Antônio Marques Pinheto,R. Antônio Marques Pinheto,N,Via Não Pavimentada
1202,5991,RUA ANTONIO MEIRA,Rua Antônio Meira,R. Antônio Meira,S,Via Pavimentada
1204,6009,RUA ANTONIO NOGUEIRA,Rua Antônio Nogueira,R. Antônio Nogueira,P,Via Parcialmente Pavimentada
1205,6017,RUA ANTONIO NOVAIS,Rua Antônio Novais,R. Antônio Novais,S,Via Pavimentada
1208,6033,RUA ANTONIO PAES BARRETO,Rua Antônio Paes Barreto,R. Antônio Paes Barreto,P,Via Parcialmente Pavimentada
1206,6025,RUA ANTONIO PAES DE ANDRADE,Rua Antônio Paes de Andrade,R. Antônio Paes de Andrade,N,Via Não Pavimentada
1209,6041,RUA ANTONIO PASSOS,Rua Antônio Passos,R. Antônio Passos,S,Via Pavimentada
1210,6050,RUA ANTONIO PAULINO,Rua Antônio Paulino,R. Antônio Paulino,S,Via Pavimentada
1211,6068,RUA ANTONIO PEDRO DE FIGUEIREDO,Rua Antônio Pedro de Figueiredo,R. Antônio Pedro de Figueiredo,S,Via Pavimentada
9669,88145,RUA ANTONIO PEREIRA,Rua Antônio Pereira,R. Antônio Pereira,S,Via Pavimentada
1213,6084,RUA ANTONIO PINHEIRO,Rua Antônio Pinheiro,R. Antônio Pinheiro,P,Via Parcialmente Pavimentada
1214,6092,RUA ANTONIO PINTO LAPA,Rua Antônio Pinto Lapa,R. Antônio Pinto Lapa,S,Via Pavimentada
1215,6106,RUA ANTONIO PORFIRIO DE SANTANA,Rua Antônio Porfírio de Santana,R. Antônio Porfirio de Santana,S,Via Pavimentada
1218,6122,RUA ANTONIO RABELO,Rua Antônio Rabelo,R. Antônio Rabelo,P,Via Parcialmente Pavimentada
1220,6149,RUA ANTONIO RAMIRO COSTA,Rua Antônio Ramiro Costa,R. Antônio Ramiro Costa,S,Via Pavimentada
1219,6130,RUA ANTONIO RANGEL,Rua Antônio Rangel,R. Antônio Rangel,S,Via Pavimentada
1222,6165,RUA ANTONIO ROCHA,Rua Antônio Rocha,R. Antônio Rocha,N,Via Não Pavimentada
937,3751,RUA ANTONIO RODRIGUES,Rua Antônio Rodrigues,R. Antônio Rodrigues,N,Via Não Pavimentada
5386,44512,RUA ANTONIO RODRIGUES,Rua Antônio Rodrigues,R. Antônio Rodrigues,X,Não definida
6276,52345,RUA ANTONIO SERAFIM DE SOUZA,Rua Antônio Serafim de Souza,R. Antônio Serafim de Souza,X,Não definida
1237,6270,RUA ANTONIO SIMOES,Rua Antônio Simões,R. Antônio Simoes,S,Via Pavimentada
5344,43931,RUA ANTONIO TERTULIANO C. OLIVEIRA,Rua Antônio Tertuliano C. Oliveira,R. Antônio Tertuliano C. Oliveira,X,Não definida
1238,6289,RUA ANTONIO TIBURCIO,Rua Antônio Tibúrcio,R. Antônio Tiburcio,N,Via Não Pavimentada
1239,6297,RUA ANTONIO TOLENTINO,Rua Antônio Tolentino,R. Antônio Tolentino,N,Via Não Pavimentada
8329,72940,RUA ANTONIO UCHOA,Rua Antônio Uchôa,R. Antônio Uchoa,N,Via Não Pavimentada
1243,6327,RUA ANTONIO VALDEVINO COSTA,Rua Antônio Valdevino Costa,R. Antônio Valdevino Costa,S,Via Pavimentada
1245,6335,RUA ANTONIO VAZ,Rua Antônio Vaz,R. Antônio Vaz,N,Via Não Pavimentada
1246,6343,RUA ANTONIO VICENTE,Rua Antônio Vicente,R. Antônio Vicente,S,Via Pavimentada
1249,6378,RUA ANTONIO VIEIRA,Rua Antônio Vieira,R. Antônio Vieira,P,Via Parcialmente Pavimentada
1248,6360,RUA ANTONIO VITAL,Rua Antônio Vital,R. Antônio Vital,S,Via Pavimentada
1251,6394,RUA ANTONIO VITRUVIO,Rua Antônio Vitrúvio,R. Antônio Vitruvio,S,Via Pavimentada
7355,62278,RUA ANTROPOLOGO WALDEMAR VALENTE,Rua Antropologo Waldemar Valente,R. Antropologo Waldemar Valente,S,Via Pavimentada
7652,65293,RUA ANUM,Rua Anum,R. Anum,N,Via Não Pavimentada
1256,6440,RUA APACHES,Rua Apaches,R. Apaches,S,Via Pavimentada
8244,71960,RUA APARECIDA,Rua Aparecida,R. Aparecida,N,Via Não Pavimentada
1257,6459,RUA APARECIDA,Rua Aparecida,R. Aparecida,S,Via Pavimentada
1258,6467,RUA APARECIDA DE MINAS,Rua Aparecida de Minas,R. Aparecida de Minas,S,Via Pavimentada
1259,6475,RUA APENINOS,Rua Apeninos,R. Apeninos,S,Via Pavimentada
11877,705225,RUA APEU,Rua Apeu,R. Apeu,S,Via Pavimentada
9819,90220,RUA APIABA,Rua Apiaba,R. Apiaba,N,Via Não Pavimentada
9820,90239,RUA APIACA,Rua Apiaca,R. Apiaca,N,Via Não Pavimentada
1295,6513,RUA APINAGES,Rua Apinagés,R. Apinages,S,Via Pavimentada
1299,6548,RUA APIUNA,Rua Apiuna,R. Apiuna,S,Via Pavimentada
9464,86428,RUA APIXUNA,Rua Apixuna,R. Apixuna,N,Via Não Pavimentada
6084,50695,RUA APOCALIPSE,Rua Apocalípse,R. Apocalipse,S,Via Pavimentada
1304,6599,RUA APORE,Rua Apore,R. Apore,N,Via Não Pavimentada
1305,6602,RUA APOREMA,Rua Aporema,R. Aporema,S,Via Pavimentada
1306,6610,RUA APOTI,Rua Apoti,R. Apoti,S,Via Pavimentada
1307,6629,RUA APRIGIO ALVES,Rua Aprígio Alves,R. Aprigio Alves,S,Via Pavimentada
1308,6637,RUA APRIGIO GUIMARAES,Rua Aprígio Guimarães,R. Aprigio Guimaraes,S,Via Pavimentada
9998,92533,RUA PROFESSOR ARTUR COUTINHO,Ruaa Professor Artur Coutinho,R. Prof Artur Coutinho,P,Via Parcialmente Pavimentada
1311,6661,RUA APUCARANA,Rua Apucarana,R. Apucarana,S,Via Pavimentada
9821,90247,RUA APUIARES,Rua Apuiarés,R. Apuiares,N,Via Não Pavimentada
1313,6670,RUA APULCRO DE ASSUNCAO,Rua Apulcro de Assunção,R. Apulcro de Assuncao,S,Via Pavimentada
1315,6688,RUA APULEU VIEIRA,Rua Apuleu Vieira,R. Apuleu Vieira,S,Via Pavimentada
1316,6696,RUA APURA,Rua Apurá,R. Apura,S,Via Pavimentada
1317,6700,RUA APUREMA,Rua Apurema,R. Apurema,S,Via Pavimentada
1318,6718,RUA AQUARIUS,Rua Aquárius,R. Aquárius,S,Via Pavimentada
1324,6742,RUA AQUIDABA,Rua Aquidaba,R. Aquidaba,S,Via Pavimentada
1325,6750,RUA AQUIDAUANA,Rua Aquidauana,R. Aquidauana,P,Via Parcialmente Pavimentada
1322,6734,RUA AQUIRAZ,Rua Aquiraz,R. Aquiraz,S,Via Pavimentada
8862,79162,RUA ARA,Rua Ara,R. Ara,X,Não definida
1328,6785,RUA ARABAIANA,Rua Arabaiana,R. Arabaiana,S,Via Pavimentada
9906,91359,RUA ARABARY,Rua Arabary,R. Arabary,S,Via Pavimentada
1329,6807,RUA ARABELA,Rua Arabela,R. Arabela,S,Via Pavimentada
1330,6815,RUA ARABIDE,Rua Arabidé,R. Arabide,S,Via Pavimentada
1332,6823,RUA ARABUTA,Rua Arabutá,R. Arabutá,S,Via Pavimentada
9643,87823,RUA ARABUTA,Rua Arabutã,R. Arabutã,S,Via Pavimentada
9822,90255,RUA ARACACU,Rua Aracaçu,R. Aracacu,N,Via Não Pavimentada
1320,6912,RUA ARACAGI,Rua Aracagi,R. Aracagi,S,Via Pavimentada
9873,90794,RUA ARACAI,Rua Aracai,R. Aracai,X,Não definida
8973,80446,RUA ARACAI,Rua Aracai,R. Aracai,S,Via Pavimentada
1333,6831,RUA ARACAIBA,Rua Aracaiba,R. Aracaiba,S,Via Pavimentada
1337,6866,RUA ARACAJU,Rua Aracaju,R. Aracaju,S,Via Pavimentada
2929,21547,RUA ARACAJU,Rua Aracajú,R. Aracaju,N,Via Não Pavimentada
3853,30066,RUA ARACAJU,Rua Aracajú,R. Aracaju,N,Via Não Pavimentada
1340,6890,RUA ARACARI,Rua Aracari,R. Aracari,P,Via Parcialmente Pavimentada
1342,6904,RUA ARACATI,Rua Aracati,R. Aracati,N,Via Não Pavimentada
1334,6840,RUA ARACATIARA,Rua Aracatiara,R. Aracatiara,S,Via Pavimentada
1343,6920,RUA ARACATIBA,Rua Araçatiba,R. Aracatiba,X,Não definida
1335,6858,RUA ARACATU,Rua Aracatu,R. Aracatu,S,Via Pavimentada
1,6939,RUA ARACATUBA,Rua Araçatuba,R. Aracatuba,S,Via Pavimentada
2,6947,RUA ARACE,Rua Arace,R. Arace,S,Via Pavimentada
9159,82597,RUA ARACI,Rua Araci,R. Araci,S,Via Pavimentada
1345,6980,RUA ARACITABA,Rua Aracitaba,R. Aracitaba,S,Via Pavimentada
3,6955,RUA ARACOIABA,Rua Araçoiaba,R. Aracoiaba,X,Não definida
1346,6998,RUA ARACRUZ,Rua Aracruz,R. Aracruz,S,Via Pavimentada
10760,110558,RUA ARACUAN,Rua Aracuan,R. Aracuan,N,Via Não Pavimentada
434,7030,RUA ARAGARCAS,Rua Aragarcas,R. Aragarcas,S,Via Pavimentada
1350,7048,RUA ARAGOIANIA,Rua Aragoiânia,R. Aragoiania,S,Via Pavimentada
5313,43672,RUA ARAGOMINAS,Rua Aragominas,R. Aragominas,N,Via Não Pavimentada
1351,7056,RUA ARAGUACEMA,Rua Araguacema,R. Araguacema,N,Via Não Pavimentada
7995,69140,RUA ARAGUACI,Rua Araguaci,R. Araguaci,S,Via Pavimentada
5973,49603,RUA ARAGUACU,Rua Araguacu,R. Araguacu,N,Via Não Pavimentada
9823,90263,RUA ARAGUACUI,Rua Araguaçuí,R. Araguacui,N,Via Não Pavimentada
2106,13811,RUA ARAGUAIA,Rua Araguaia,R. Araguaia,N,Via Não Pavimentada
1262,7064,RUA ARAGUAIA,Rua Araguaia,R. Araguaia,P,Via Parcialmente Pavimentada
1352,7072,RUA ARAGUAINA,Rua Araguaina,R. Araguaina,S,Via Pavimentada
1355,7099,RUA ARAGUANA,Rua Araguana,R. Araguana,S,Via Pavimentada
1357,7110,RUA ARAGUARI,Rua Araguari,R. Araguari,S,Via Pavimentada
1264,7129,RUA ARAGUATINS,Rua Araguatins,R. Araguatins,S,Via Pavimentada
9824,90271,RUA ARAMACA,Rua Aramaçá,R. Aramaca,N,Via Não Pavimentada
381,91146,RUA ARAMARI,Rua Aramari,R. Aramari,S,Via Pavimentada
1359,7153,RUA ARAMBORE,Rua Aramboré,R. Arambore,S,Via Pavimentada
1360,7161,RUA ARAMINA,Rua Aramina,R. Aramina,S,Via Pavimentada
1361,7170,RUA ARAMIRIM,Rua Aramirim,R. Aramirim,S,Via Pavimentada
1277,7188,RUA ARANA,Rua Araná,R. Arana,S,Via Pavimentada
10328,98922,RUA ARANDU,Rua Arandu,R. Arandu,S,Via Pavimentada
1321,7200,RUA ARANTINA,Rua Arantina,R. Arantina,X,Não definida
1362,7218,RUA ARAO BOTLER,Rua Arão Botler,R.  Arão Botler,S,Via Pavimentada
1364,7226,RUA ARAPA,Rua Arapá,R. Arapa,X,Não definida
1365,7234,RUA ARAPARI,Rua Arapari,R. Arapari,S,Via Pavimentada
1366,7242,RUA ARAPIRACA,Rua Arapiraca,R. Arapiraca,S,Via Pavimentada
9825,90280,RUA ARAPIXI,Rua Arapixi,R. Arapixi,N,Via Não Pavimentada
1368,7250,RUA ARAPIXUNA,Rua Arapixuna,R. Arapixuna,S,Via Pavimentada
1371,7269,RUA ARAPOEMA,Rua Arapoema,R. Arapoema,N,Via Não Pavimentada
1372,7277,RUA ARAPONA,Rua Araponã,R. Arapona,S,Via Pavimentada
1373,7285,RUA ARAPONGAS,Rua Arapongas,R. Arapongas,S,Via Pavimentada
9551,87157,RUA ARAPORE,Rua Araporé,R. Arapore,X,Não definida
1375,7307,RUA ARAPOTI,Rua Arapoti,R. Arapoti,P,Via Parcialmente Pavimentada
1376,7315,RUA ARAPUA,Rua Arapuã,R. Arapua,S,Via Pavimentada
10212,96709,RUA ARAQUEM,Rua Araquém,R. Araquem,S,Via Pavimentada
527,76651,RUA ARARA,Rua Arara,R. Arara,N,Via Não Pavimentada
7829,67148,RUA ARARA,Rua Arara,R. Arara,N,Via Não Pavimentada
1377,7331,RUA ARARANGUA,Rua Araranguá,R. Ararangua,S,Via Pavimentada
1378,7340,RUA ARARAQUARA,Rua Araraquara,R. Araraquara,S,Via Pavimentada
9826,90298,RUA ARARENDA,Rua Ararendá,R. Ararenda,N,Via Não Pavimentada
1380,7366,RUA ARARI,Rua Arari,R. Arari,S,Via Pavimentada
1381,7374,RUA ARARIBA,Rua Araribá,R. Arariba,S,Via Pavimentada
1234,7382,RUA ARARIBOIA,Rua Araribóia,R. Arariboia,N,Via Não Pavimentada
463,7404,RUA ARARIPE,Rua Araripe,R. Araripe,S,Via Pavimentada
1382,7412,RUA ARARIPE JUNIOR,Rua Araripe Júnior,R. Araripe Junior,S,Via Pavimentada
1383,7420,RUA ARARIPINA,Rua Araripina,R. Araripina,S,Via Pavimentada
10475,101214,RUA ARARUAMA,Rua Araruama,R. Araruama,X,Não definida
1386,7447,RUA ARARUBA,Rua Ararubá,R. Araruba,S,Via Pavimentada
9827,90301,RUA ARARUIPE,Rua Araruípe,R. Araruipe,N,Via Não Pavimentada
1387,7455,RUA ARARUNA,Rua Araruna,R. Araruna,S,Via Pavimentada
1389,7471,RUA ARATAMA,Rua Aratama,R. Aratama,P,Via Parcialmente Pavimentada
168,32026,RUA ARATIBA,Rua Aratiba,R. Aratiba,S,Via Pavimentada
1393,7528,RUA ARATINGA,Rua Aratinga,R. Aratinga,S,Via Pavimentada
1394,7536,RUA ARATUBA,Rua Aratuba,R. Aratuba,S,Via Pavimentada
9828,90310,RUA ARAUA,Rua Arauá,R. Araua,N,Via Não Pavimentada
1397,7552,RUA ARAUNA,Rua Araúna,R. Arauna,S,Via Pavimentada
7971,68683,RUA ARAXA,Rua Araxá,R. Araxa,X,Não definida
1398,7560,RUA ARAXA,Rua Araxá,R. Araxa,N,Via Não Pavimentada
2639,18830,RUA ARCA DA ALIANCA,Rua Arca da Aliança,R. Arca da Aliança,S,Via Pavimentada
3283,24872,RUA ARCA DE NOE,Rua Arca de Noé,R. Arca de Noé,S,Via Pavimentada
1399,7579,RUA ARCANGELO,Rua Arcângelo,R. Arcangelo,S,Via Pavimentada
9874,90816,RUA ARCEBURGO,Rua Arceburgo,R. Arceburgo,S,Via Pavimentada
1406,7609,RUA ARCELINA DE OLIVEIRA,Rua Arcelina de Oliveira,R. Arcelina de Oliveira,S,Via Pavimentada
10037,93416,RUA ARCO IRIS,Rua Arco Íris,R. Arco Iris,N,Via Não Pavimentada
1410,7633,RUA ARCOVERDE,Rua Arcoverde,R. Arcoverde,S,Via Pavimentada
1413,7650,RUA AREALVA,Rua Arealva,R. Arealva,S,Via Pavimentada
1416,7676,RUA AREIA BRANCA,Rua Areia Branca,R. Areia Branca,N,Via Não Pavimentada
1418,7692,RUA ARENOPOLIS,Rua Arenópolis,R. Arenopolis,S,Via Pavimentada
1420,7714,RUA ARES,Rua Arês,R. Ares,S,Via Pavimentada
1422,7722,RUA ARGEMIRO GALVAO,Rua Argemiro Galvão,R. Argemiro Galvao,N,Via Não Pavimentada
1423,7730,RUA ARGEMIRO MIRANDA,Rua Argemiro Miranda,R. Argemiro Miranda,S,Via Pavimentada
1425,7757,RUA ARGERITA,Rua Argerita,R. Argerita,S,Via Pavimentada
1426,7765,RUA ARGINA AGUIAR,Rua Argina Aguiar,R. Argina Aguiar,S,Via Pavimentada
370,91030,RUA ARIADO,Rua Ariado,R. Ariado,X,Não definida
1428,7773,RUA ARIAU,Rua Ariau,R. Ariau,S,Via Pavimentada
1429,7781,RUA ARI BARROSO,Rua Ari Barroso,R. Ari Barroso,S,Via Pavimentada
1434,7820,RUA ARIMA,Rua Arimã,R. Arima,S,Via Pavimentada
368,91014,RUA ARINOS,Rua Arinos,R. Arinos,X,Não definida
4872,79189,RUA ARIOCO,Rua Ariocó,R. Arioco,X,Não definida
100,7846,RUA ARIPIBU,Rua Aripibu,R. Aripibu,S,Via Pavimentada
102,7854,RUA ARIPUANA,Rua Aripuanã,R. Aripuana,N,Via Não Pavimentada
10814,111368,RUA ARISTARCHO DOURADO DE AZEVEDO,Rua  Aristarcho Dourado de Azevedo,R. Aristarcho Dourado de Azevedo,N,Via Não Pavimentada
1344,7862,RUA ARISTARCHO LOPES,Rua Aristarcho Lopes,R. Aristarcho Lopes,S,Via Pavimentada
1412,7870,RUA ARISTARCO PAVAO,Rua Aristarco Pavão,R. Aristarco Pavao,N,Via Não Pavimentada
1438,7889,RUA ARISTIDES LOBO,Rua Aristides Lobo,R. Aristides Lobo,S,Via Pavimentada
1440,7897,RUA ARISTIDES MUNIZ,Rua Aristides Muniz,R. Aristides Muniz,S,Via Pavimentada
8948,80187,RUA ARISTONICO OLIVEIRA,Rua Aristõnico Oliveira,R. Aristonico Oliveira,P,Via Parcialmente Pavimentada
1442,7919,RUA ARISTOTELES AMORIM DE SANTANA,Rua Aristoteles Amorim de Santana,R. Aristoteles Amorim de Santana,P,Via Parcialmente Pavimentada
1444,7935,RUA ARIZONA,Rua Arizona,R. Arizona,S,Via Pavimentada
9434,86061,RUA ARLINDA PEREIRA DE SANTANA,Rua Arlinda Pereira de Santana,R. Arlinda Pereira de Santana,N,Via Não Pavimentada
1402,7943,RUA ARLINDO CISNEIRO,Rua Arlindo Cisneiros,R. Arlindo Cisneiro,S,Via Pavimentada
1445,7951,RUA ARLINDO GOUVEIA,Rua Arlindo Gouveia,R. Arlindo Gouveia,S,Via Pavimentada
3699,28649,RUA ARLINDO MELO,Rua Arlíndo Melo,R. Arlindo Melo,P,Via Parcialmente Pavimentada
11776,126926,RUA ARLINDO RAMOS PEREIRA,RUA ARLINDO RAMOS PEREIRA,R. Arlindo Ramos Pereira,S,Via Pavimentada
1446,7960,RUA ARLINDO SA,Rua Arlindo Sá,R. Arlindo Sa,S,Via Pavimentada
1447,7978,RUA ARMANDO BURLE,Rua Armando Burle,R. Armando Burle,P,Via Parcialmente Pavimentada
8450,74268,RUA ARMANDO DA FONTE,Rua Armando da Fonte,R. Armando da Fonte,X,Não definida
10191,96393,RUA ARMANDO FAJARDO,Rua Armando Fajardo,R. Armando Fajardo,X,Não definida
1449,7994,RUA ARMANDO GAIOSO,Rua Armando Gaioso,R. Armando Gaioso,S,Via Pavimentada
1451,8010,RUA ARMANDO PINA,Rua Armando Pina,R. Armando Pina,S,Via Pavimentada
1452,8036,RUA ARMANDO SALES DE OLIVEIRA,Rua Armando Sales de Oliveira,R. Armando Sales de Oliveira,P,Via Parcialmente Pavimentada
1454,8044,RUA ARMANDO SORIANO,Rua Armando Soriano,R. Armando Soriano,S,Via Pavimentada
1099,5142,RUA ARMANDO TORRES MONTEIRO,Rua Armando Torres Monteiro,R. Armando Torres Monteiro,N,Via Não Pavimentada
1460,8087,RUA ARNALDO BASTOS,Rua Arnaldo Bastos,R. Arnaldo Bastos,S,Via Pavimentada
1462,8109,RUA ARNALDO CONSTANTINO DA SILVA,Rua Arnaldo Constantino da Silva,R. Arnaldo Constantino da Silva,N,Via Não Pavimentada
4200,33448,RUA ARNALDO DA ROSA TEIXEIRA,Rua Arnaldo da Rosa Teixeira,R. Arnaldo da Rosa Teixeira,S,Via Pavimentada
1463,8117,RUA ARNALDO DE FRANCA CALDAS,Rua Arnaldo de França Caldas,R. Arnaldo de Franca Caldas,S,Via Pavimentada
8245,71978,RUA ARNALDO DE MOURA LEITE,Rua Arnaldo de Moura Leite,R. Arnaldo de Moura Leite,S,Via Pavimentada
1384,8141,RUA ARNALDO PIMENTEL,Rua Arnaldo Pimentel,R. Arnaldo Pimentel,S,Via Pavimentada
10426,100587,RUA ARMALDO RODRIGUES CRUZ,Rua Arnaldo Rodrigues Cruz,R. Arnaldo Rodrigues Cruz,N,Via Não Pavimentada
6264,52248,RUA ARNALDO ROSA TEIXEIRA,Rua Arnaldo Rosa Teixeira,R. Arnaldo Rosa Teixeira,S,Via Pavimentada
1466,8150,RUA ARNAUD HOLANDA,Rua Arnaud Holanda,R. Arnaud Holanda,S,Via Pavimentada
9587,100099,RUA ARNICA,Rua Arnica,R. Arnica,N,Via Não Pavimentada
1469,8176,RUA ARNOBIO MARQUES,Rua Arnóbio Marques,R. Arnobio Marques,S,Via Pavimentada
1467,8168,RUA ARNOLDO MAGALHAES,Rua Arnoldo Magalhães,R. Arnoldo Magalhães,S,Via Pavimentada
8192,71366,RUA ARNOPOLIS,Rua Arnópolis,R. Arnopolis,X,Não definida
9806,90336,RUA AROAZES,Rua Aroazes,R. Aroazes,N,Via Não Pavimentada
1470,8184,RUA AROEIRA,Rua Aroeira,R. Aroeira,S,Via Pavimentada
273,85367,RUA AROLDO BARBOSA,Rua Aroldo Barbosa,R. Aroldo Barbosa,S,Via Pavimentada
5597,46132,RUA ARPOADOR,Rua Arpoador,R. Arpoador,N,Via Não Pavimentada
9168,82686,RUA ARQUELAU SILVEIRA LIRA,Rua Arquelau Silveira Lira,R. Arquelau Silveira Lira,P,Via Parcialmente Pavimentada
1472,8192,RUA ARQUIMEDES DE OLIVEIRA,Rua Arquimedes de Oliveira,R. Arquimedes de Oliveira,S,Via Pavimentada
5217,42692,RUA ARQUITETA MARIA LUCIA BARBOSA,Rua Arquiteta Maria Lucia Barbosa,R. Arquiteta Maria Lucia Barbosa,S,Via Pavimentada
1513,8605,RUA ARQUITETO ASDRUBAL SARMENTO,Rua Arquiteto Asdrubal Sarmento,R. Arquiteto Asdrubal Sarmento,S,Via Pavimentada
1551,8966,RUA ARQUITETO AUGUSTO REINALDO,Rua Arquiteto Augusto Reinaldo,R. Arquiteto Augusto Reinaldo,S,Via Pavimentada
3209,24066,RUA ARQUITETO FERNANDO ALMEIDA,Rua Arquiteto Fernando Almeida,R. Arquiteto Fernando Almeida,P,Via Parcialmente Pavimentada
4492,36129,RUA ARQUITETO JOSE LUIZ DE SANTANA FILHO,Rua Arquiteto José Luiz de Santana Filho,R. Arquiteto José Luiz de Santana Filho,S,Via Pavimentada
4931,40029,RUA ARQUITETO LUIZ NUNES,Rua Arquiteto Luiz Nunes,R. Arquiteto Luiz Nunes,S,Via Pavimentada
7358,62308,RUA ARQUITETO PAULO BARBOSA MAGALHAES,Rua Arquiteto Paulo Barbosa Magalhães,R. Arquiteto Paulo Barbosa Magalhães,S,Via Pavimentada
6775,57045,RUA ARQUITETO REINALDO ALVES MAIA,Rua Arquiteto Reinaldo Alves Maia,R. Arquiteto Reinaldo Alves Maia,S,Via Pavimentada
8807,78476,RUA ARRAIA,Rua Arraia,R. Arraia,S,Via Pavimentada
7445,63037,RUA ARROZAL,Rua Arrozal,R. Arrozal,S,Via Pavimentada
1479,8257,RUA ARRUDA BELTRAO,Rua Arruda Beltrão,R. Arruda Beltrao,P,Via Parcialmente Pavimentada
1480,8265,RUA ARRUDA CAMARA,Rua Arruda Câmara,R. Arruda Camara,S,Via Pavimentada
1483,8290,RUA ARSENIO CALACA,Rua Arsênio Calaça,R. Arsenio Calaca,S,Via Pavimentada
8839,78816,RUA ARTELANO DE BARROS CAVALCANTI,Rua Artelano de Barros Cavalcanti,R. Artelano de Barros Cavalcanti,S,Via Pavimentada
1485,8311,RUA ARTEMIS,Rua Artêmis,R. Artêmis,S,Via Pavimentada
1498,8435,RUA ARTHUR LOPES,Rua Arthur Lopes,R. Arthur Lopes,N,Via Não Pavimentada
553,230,RUA ARTISTA ABEL LAFLEUR,Rua Artista Abel Lafleur,R. Artista Abel Lafleur,S,Via Pavimentada
1488,8346,RUA ARTUR AZEVEDO,Rua Artur  Azevedo,R. Artur Azevedo,S,Via Pavimentada
1489,8354,RUA ARTUR BARRETO LINS,Rua Artur Barreto Lins,R. Artur Barreto Lins,P,Via Parcialmente Pavimentada
1490,8362,RUA ARTUR BERNARDES,Rua Artur Bernardes,R. Artur Bernardes,S,Via Pavimentada
1492,8370,RUA ARTUR CAMPELO,Rua Artur Campelo,R. Artur Campelo,S,Via Pavimentada
1494,8397,RUA ARTUR COUTINHO,Rua Artur Coutinho,R. Artur Coutinho,S,Via Pavimentada
1497,8427,RUA ARTUR LICIO,Rua Artur Lício,R. Artur Licio,S,Via Pavimentada
1501,8460,RUA ARTUR MUNIZ,Rua Artur Muniz,R. Artur Muniz,S,Via Pavimentada
10112,94978,RUA ARTUR NOGUEIRA,Rua Artur Nogueira,R. Artur Nogueira,N,Via Não Pavimentada
1502,8486,RUA ARTUR ORLANDO,Rua Artur Orlando,R. Artur Orlando,S,Via Pavimentada
1504,8508,RUA ARTUR ROBERTO FERREIRA,Rua Artur Roberto Ferreira,R. Artur Roberto Ferreira,N,Via Não Pavimentada
1507,8524,RUA ARTUR WANDERLEY,Rua Artur Wanderley,R. Artur Wanderley,N,Via Não Pavimentada
9829,90344,RUA ARUMANDUBA,Rua Arumanduba,R. Arumanduba,P,Via Parcialmente Pavimentada
1431,7803,RUA ARY PETER,Rua Ary Peter,R. Ary Peter,S,Via Pavimentada
10190,96385,RUA ARY SERGIO CARDIM,Rua Ary Sérgio Cardim,R. Ary Sergio Cardim,N,Via Não Pavimentada
4352,136913,RUA ASA BRANCA,Rua Asa Branca,R. Asa Branca,N,Via Não Pavimentada
4863,39608,RUA ASA BRANCA,Rua Asa Branca,R. Asa Branca,S,Via Pavimentada
1512,8591,RUA ASCENCO FERREIRA,Rua Ascenço Ferreira,R. Ascenço Ferreira,S,Via Pavimentada
1511,8575,RUA ASCENDINO NEVES,Rua Ascendino Neves,R. Ascendino Neves,S,Via Pavimentada
414,8613,RUA ASSAI,Rua Assaí,R. Assai,S,Via Pavimentada
1514,8621,RUA ASSAITUBA,Rua Assaituba,R. Assaituba,S,Via Pavimentada
7444,63029,RUA ASSARAI,Rua Assaraí,R. Assarai,S,Via Pavimentada
1517,8630,RUA ASSARE,Rua Assare,R. Assare,X,Não definida
1519,8656,RUA ASSIS BRASIL,Rua Assis Brasil,R. Assis Brasil,S,Via Pavimentada
11587,121703,RUA ASSUCENA,Rua Assucena,R. Assucena,S,Via Pavimentada
1524,8672,RUA ASSUNCAO,Rua Assunção,R. Assuncao,S,Via Pavimentada
1526,8680,RUA ASSUREMA,Rua Assurema,R. Assurema,S,Via Pavimentada
1527,8699,RUA ASTERIO RUFINO ALVES,Rua Astério Rufino Alves,R. Asterio Rufino Alves,S,Via Pavimentada
1528,8702,RUA ASTOLFO DUTRA,Rua Astolfo Dutra,R. Astolfo Dutra,N,Via Não Pavimentada
1529,8710,RUA ASTORGA,Rua Astorga,R. Astorga,S,Via Pavimentada
770,2089,"RUA ALDRIN,ASTRONAUTA",Rua Astronauta Aldrin,R. Astronauta Aldrin,S,Via Pavimentada
7906,67890,RUA ASTRONAUTA COLLINS,Rua Astronauta Collins,R. Astronauta Collins,N,Via Não Pavimentada
1458,8079,RUA ASTRONAUTA NEIL ARMSTRONG,Rua Astronauta Neil Armstrong,R. Astronauta Neil Armstrong,S,Via Pavimentada
1532,8745,RUA ATALAIA,Rua Atalaia,R. Atalaia,N,Via Não Pavimentada
1534,8761,RUA ATALANTA,Rua Atalanta,R. Atalanta,S,Via Pavimentada
450,8770,RUA ATALEIA,Rua Ataléia,R. Ataleia,S,Via Pavimentada
1536,8800,RUA ATAPUZ,Rua Atapuz,R. Atapuz,S,Via Pavimentada
62,100013,RUA ATENAS,Rua Atenas,R. Atenas,N,Via Não Pavimentada
9688,88340,RUA ATIACU,Rua Atiaçu,R. Atiacu,S,Via Pavimentada
1539,8842,RUA ATLANTICO,Rua Atlântico,R. Atlantico,S,Via Pavimentada
7440,62995,RUA ATLETICO,Rua Atlético,R. Atletico,P,Via Parcialmente Pavimentada
2339,16233,RUA ATOR CLENIO WANDERLEY,Rua Ator Clênio Wanderley,R. Ator Clenio Wanderley,S,Via Pavimentada
127,21210,RUA ATOR ELPIDIO CAMARA,Rua Ator Elpídio Câmara,R. Ator Elpidio Camara,S,Via Pavimentada
9365,85391,RUA ATOR MARCUS SIQUEIRA,Rua Ator Marcus Siqueira,R. Ator Marcus Siqueira,S,Via Pavimentada
1300,6556,RUA ATOR RODOLFO MAYER,Rua Ator Rodolfo Mayer,R. Ator Rodolfo Mayer,N,Via Não Pavimentada
1540,8850,RUA ATUM,Rua Atum,R. Atum,S,Via Pavimentada
1542,8877,RUA AUGUSTO BAMBERG DE MELO,Rua Augusto Bamberg de Melo,R. Augusto Bamberg de Melo,P,Via Parcialmente Pavimentada
9303,84441,RUA AUGUSTO BOLITREAU FRAGOSO,Rua Augusto Bolitreau Fragoso,R. A Bolitreau Fragoso,S,Via Pavimentada
1544,8885,RUA AUGUSTO CALHEIROS,Rua Augusto Calheiros,R. Augusto Calheiros,S,Via Pavimentada
1541,8869,RUA AUGUSTO DOS ANJOS,Rua Augusto dos Anjos,R. Augusto Dos Anjos,N,Via Não Pavimentada
1549,8931,RUA AUGUSTO LIMA,Rua Augusto Lima,R. Augusto Lima,S,Via Pavimentada
1554,8990,RUA AUGUSTO RODRIGUES,Rua Augusto Rodrigues,R. Augusto Rodrigues,S,Via Pavimentada
1556,9008,RUA AUGUSTO SEVERO,Rua Augusto Severo,R. Augusto Severo,N,Via Não Pavimentada
8787,78239,RUA AUGUSTO SILVA,Rua Augusto Silva,R. Augusto Silva,X,Não definida
1558,9024,RUA AUREA,Rua Áurea,R. Aurea,P,Via Parcialmente Pavimentada
1561,9040,RUA AURELIANO LEAL,Rua Aureliano Leal,R. Aureliano Leal,S,Via Pavimentada
1564,9059,RUA AURELIANO QUINTAS,Rua Aureliano Quintas,R. Aureliano Quintas,P,Via Parcialmente Pavimentada
1569,9091,RUA AURELIO DOMINGUES,Rua Aurélio Domingues,R. Aurelio Domingues,S,Via Pavimentada
7457,63193,RUA AUREO BRADLEY,Rua Áureo Bradley,R. Aureo Bradley,P,Via Parcialmente Pavimentada
1571,9113,RUA AUREO XAVIER,Rua Áureo Xavier,R. Aureo Xavier,P,Via Parcialmente Pavimentada
1575,9148,RUA AURIFLAMA,Rua Auriflama,R. Auriflama,S,Via Pavimentada
1573,9121,RUA AURILANCIA,Rua Aurilância,R. Aurilancia,S,Via Pavimentada
1574,9130,RUA AURILANDIA,Rua Aurilândia,R. Aurilandia,S,Via Pavimentada
1576,9156,RUA AURINO EUTIQUIO DA ROCHA,Rua Aurino Eutíquio da Rocha,R. Aurino Eutíquio da Rocha,P,Via Parcialmente Pavimentada
11210,116610,RUA AURORA,Rua Aurora,R. Aurora,N,Via Não Pavimentada
1579,9172,RUA AURORA CACOTE,Rua Aurora Caçote,R. Aurora Caçote,S,Via Pavimentada
1531,8737,RUA AUSTRICLINIO FERRAZ,Rua Austriclínio Ferraz,R. Austriclinio Ferraz,S,Via Pavimentada
1584,9202,RUA AUSTRO COSTA,Rua Austro Costa,R. Austro Costa,S,Via Pavimentada
1586,9229,RUA AUTAZES,Rua Autazes,R. Autazes,S,Via Pavimentada
464,14338,RUA AVAI,Rua Avaí,R. Avai,N,Via Não Pavimentada
1588,9237,RUA AVARE,Rua Avaré,R. Avare,S,Via Pavimentada
1589,9245,RUA AVEIRO,Rua Aveiro,R. Aveiro,S,Via Pavimentada
1590,9253,RUA AVELAR,Rua Avelar,R. Avelar,S,Via Pavimentada
1592,9261,RUA AVELINO CHAVES,Rua Avelino Chaves,R. Avelino Chaves,S,Via Pavimentada
1594,9288,RUA AVELOZ,Rua Aveloz,R. Aveloz,N,Via Não Pavimentada
1595,9296,RUA AVENCA,Rua Avenca,R. Avenca,S,Via Pavimentada
6167,51322,RUA AVIADOR PINTO RIBEIRO,Rua Aviador Pinto Ribeiro,R. Aviador Pinto Ribeiro,S,Via Pavimentada
6754,56995,RUA AVIADOR REGO BARROS,Rua Aviador Rego Barros,R. Aviador Rego Barros,S,Via Pavimentada
6592,55190,RUA AVIADOR SEVERIANO LINS,Rua Aviador Severiano Lins,R. Aviador Severiano Lins,P,Via Parcialmente Pavimentada
10366,99414,RUA AXINIM,Rua Axinim,R. Axinim,S,Via Pavimentada
10447,100765,RUA AYRTON SENNA,Rua Ayrton Senna,R. Ayrton Senna,S,Via Pavimentada
1598,9318,RUA AZAMBUJA,Rua Azambuja,R. Azambuja,X,Não definida
1600,9334,RUA AZEREDO COUTINHO,Rua Azeredo Coutinho,R. Azeredo Coutinho,S,Via Pavimentada
1601,9342,RUA AZEVEDO CRUZ,Rua Azevedo Cruz,R. Azevedo Cruz,S,Via Pavimentada
8960,80314,RUA AZUL,Rua Azul,R. Azul,S,Via Pavimentada
1603,9369,RUA AZUL,Rua Azul,R. Azul,S,Via Pavimentada
2155,14567,RUA AZULADO,Rua Azulado,R. Azulado,X,Não definida
7807,66842,RUA AZULAO,Rua Azulão,R. Azulao,N,Via Não Pavimentada
1604,9377,RUA AZURITA,Rua Azurita,R. Azurita,S,Via Pavimentada
93,124400,RUA B,Rua B,R. B,N,Via Não Pavimentada
357,138215,RUA B,Rua B,R. B,N,Via Não Pavimentada
1421,9385,RUA B,Rua B,R. B,N,Via Não Pavimentada
1562,9393,RUA BABACULANDIA,Rua Babaçulândia,R. Babaculandia,P,Via Parcialmente Pavimentada
8721,77224,RUA BABILONIA,Rua Babilônia,R. Babilonia,S,Via Pavimentada
1606,9415,RUA BACABAL,Rua Bacabal,R. Bacabal,S,Via Pavimentada
9832,90360,RUA BACATUBA,Rua Bacatuba,R. Bacatuba,N,Via Não Pavimentada
5259,43230,RUA BACAXA,Rua Bacaxá,R. Bacaxa,X,Não definida
1548,8923,RUA BACHAREL AUGUSTO GENUINO ALBUQUERQUE,Rua Bacharel Augusto Genuino Albuquerque,R. Bacharel Augusto Genuino Albuquerque,N,Via Não Pavimentada
10874,111970,RUA BACHAREL HERMANO LUCENA,Rua Bacharel Hermano Lucena,R. Bacharel Hermano Lucena,N,Via Não Pavimentada
10627,109690,RUA BACIA DO PINA,Rua Bacia do Pina,R. Bacia do Pina,X,Não definida
1613,9474,RUA BACILANDIA,Rua Bacilandia,R. Bacilandia,S,Via Pavimentada
416,9482,RUA BACURI,Rua Bacuri,R. Bacuri,S,Via Pavimentada
8502,74624,RUA BACURITI,Rua Bacuriti,R. Bacuriti,S,Via Pavimentada
4487,36072,RUA BADAJOS,Rua Badajos,R. Badajos,S,Via Pavimentada
1615,9512,RUA BADEJO,Rua Badejo,R. Badejo,S,Via Pavimentada
1616,9520,RUA BAGE,Rua Bagé,R. Bage,X,Não definida
1619,9555,RUA BAGUARI,Rua Baguari,R. Baguari,S,Via Pavimentada
1621,9563,RUA BAHIA,Rua Bahia,R. Bahia,S,Via Pavimentada
9746,89257,RUA BAHIA FORMOSA,Rua Bahia Formosa,R. Bahia Formosa,S,Via Pavimentada
1623,9598,RUA BAIANOPOLIS,Rua Baianópolis,R. Baianopolis,S,Via Pavimentada
9752,89311,RUA BAIPENDI,Rua Baipendi,R. Baipendi,S,Via Pavimentada
1629,9628,RUA BAIXA GRANDE,Rua Baixa Grande,R. Baixa Grande,S,Via Pavimentada
1631,9636,RUA BAIXA JOSE RIBEIRO,Rua Baixa José Ribeiro,R. Baixa José Ribeiro,S,Via Pavimentada
3584,27561,RUA BALBINA,Rua Balbina,R. Balbina,N,Via Não Pavimentada
1610,9660,RUA BALDIM,Rua Baldim,R. Baldim,S,Via Pavimentada
10472,101095,RUA BALDO DO VIVEIRO,Rua Baldo do Viveiro,R. Baldo do Viveiro,X,Não definida
1635,9687,RUA BALIZA,Rua Baliza,R. Baliza,S,Via Pavimentada
1636,9695,RUA BALSAMO,Rua Bálsamo,R. Balsamo,S,Via Pavimentada
1639,9725,RUA BALTAZAR DA SILVA LISBOA,Rua Baltazar da Silva Lisboa,R. Baltazar da Silva Lisboa,N,Via Não Pavimentada
8698,77194,RUA BALTAZAR GONCALVES,Rua Baltazar Gonçalves,R. Baltazar Gonçalves,N,Via Não Pavimentada
1637,9709,RUA BALTAZAR PASSOS,Rua Baltazar Passos,R. Baltazar Passos,S,Via Pavimentada
1638,9717,RUA BALTAZAR PEREIRA,Rua Baltazar Pereira,R. Baltazar Pereira,S,Via Pavimentada
11692,124842,RUA BAMBOLE,Rua Bambolê,R. Bambolê,N,Via Não Pavimentada
1641,9741,RUA BAMBUI,Rua Bambuí,R. Bambui,S,Via Pavimentada
11800,137820,RUA BAMBULUA,Rua Bambuluá,R. bambuluá,X,Não definida
1647,9792,RUA BANDEIRANTE,Rua Bandeirante,R. Bandeirante,S,Via Pavimentada
6671,56081,RUA BARAO DA SOLEDADE,Rua Barão da Soledade,R. Barão da Soledade,N,Via Não Pavimentada
7648,65242,RUA BARAO DA VITORIA,Rua Barão da Vitória,R. Barão da Vitoria,S,Via Pavimentada
698,1406,RUA BARAO DE AGUA BRANCA,Rua Barão de Água Branca,R. Barão de Agua Branca,S,Via Pavimentada
719,1635,RUA BARAO DE ALAGOAS,Rua Barão de Alagoas,R. Barão de Alagoas,N,Via Não Pavimentada
1037,4596,RUA BARAO DE ANADIA,Rua Barão de Anadia,R. Barão de Anadia,P,Via Parcialmente Pavimentada
1130,5380,RUA BARAO DE ANTONINA,Rua Barão de Antonina,R. Barão de Antonina,N,Via Não Pavimentada
9780,89648,RUA BARAO DE ATALAIA,Rua Barão de Atalaia,R. Barão de Atalaia,X,Não definida
11717,125253,RUA BARAO DE ATALAIA,Rua Barão de Atalaia,R. Barão de Atalaia,S,Via Pavimentada
6,10537,RUA BARAO DE BEBERIBE,Rua Barão de Beberibe,R. Barão de Beberibe,S,Via Pavimentada
1925,12190,RUA BARAO DE BOTOVI,Rua Barão de Botovi,R. Barão de Botovi,S,Via Pavimentada
1969,12734,RUA BARAO DE BUIQUE,Rua Barão de Buíque,R. Barão de Buique,S,Via Pavimentada
2082,13587,RUA BARAO DE CAMAQUA,Rua Barão de Camaquã,R. Barão de Camaqua,S,Via Pavimentada
2241,15393,RUA BARAO DE CARUARU,Rua Barão de Caruaru,R. Barão de Caruaru,S,Via Pavimentada
2369,16519,RUA BARAO DE CERRO LARGO,Rua Barão de Cerro Largo,R. Barão de Cerro Largo,P,Via Parcialmente Pavimentada
2403,16985,RUA BARAO DE COCAIS,Rua Barão de Cocáis,R. Barão de Cocais,S,Via Pavimentada
2483,17442,RUA BARAO DE CONTENDAS,Rua Barão de Contendas,R. Barão de Contendas,S,Via Pavimentada
10105,94862,RUA BARAO DE COTEGIPE,Rua Barão de Cotegipe,R. Barão de Cotegipe,P,Via Parcialmente Pavimentada
2815,20419,RUA BARAO DE DRUMOND,Rua Barão de Drumond,R. Barão de Drumond,S,Via Pavimentada
3498,26816,RUA BARAO DE GOIANA,Rua Barão de Goiana,R. Barão de Goiana,S,Via Pavimentada
3559,27324,RUA BARAO DE GRAJAU,Rua Barão de Grajaú,R. Barão de Grajau,P,Via Parcialmente Pavimentada
3564,27367,RUA BARAO DE GRANITO,Rua Barão de Granito,R. Barão de Granito,S,Via Pavimentada
3833,29840,RUA BARAO DE IGARASSU,Rua Barão de Igarassu,R. Barão de Igarassu,S,Via Pavimentada
3964,31135,RUA BARAO DE ITAMARACA,Rua Barão de Itamaracá,R. Barão de Itamaraca,S,Via Pavimentada
4003,31429,RUA BARAO DE ITAPISSUMA,Rua Barão de Itapissuma,R. Barão de Itapissuma,S,Via Pavimentada
4064,32220,RUA BARAO DE JACUI,Rua Barão de Jacuí,R. Barão de Jacui,S,Via Pavimentada
4102,32557,RUA BARAO DE JAPARANA,Rua Barão de Japaraná,R. Barão de Japarana,S,Via Pavimentada
4666,37710,RUA BARAO DE LADARIO,Rua Barão de Ladário,R. Barão de Ladario,S,Via Pavimentada
4856,39535,RUA BARAO DE LUCENA,Rua Barão de Lucena,R. Barão de Lucena,S,Via Pavimentada
5028,40959,RUA BARAO DE MAMORE,Rua Barão de Mamore,R. Barão de Mamore,S,Via Pavimentada
5340,43907,RUA BARAO DE MELGACO,Rua Barão de Melgaço,R. Barão de Melgaco,N,Via Não Pavimentada
5459,44954,RUA BARAO DE MONTE ALTO,Rua Barão de Monte Alto,R. Barão de Monte Alto,N,Via Não Pavimentada
5517,45489,RUA BARAO DE MURIBECA,Rua Barão de Muribeca,R. Barão de Muribeca,S,Via Pavimentada
5437,45519,RUA BARAO DE MURITIBA,Rua Barão de Muritiba,R. Barão de Muritiba,N,Via Não Pavimentada
5698,47198,RUA BARAO DE OEIRAS,Rua Barão de Oeiras,R. Barão de Oeiras,S,Via Pavimentada
5852,48526,RUA BARAO DE PAJEU,Rua Barão de Pajeú,R. Barão de Pajeu,S,Via Pavimentada
5863,48607,RUA BARAO DE PALMARES,Rua Barão de Palmares,R. Barão de Palmares,X,Não definida
8380,73490,RUA BARAO DE SANTO ANGELO,Rua Barão de Santo Ângelo,R. Barão de Santo Angelo,S,Via Pavimentada
1916,12122,RUA BARAO DE SAO BORJA,Rua Barão de São Borja,R. Barão de São Borja,S,Via Pavimentada
6690,56260,RUA BARAO DE SOUZA LEAO,Rua Barão de Souza Leão,R. Barão de Souza Leão,S,Via Pavimentada
7484,63460,RUA BARAO DE TAMANDARE,Rua Barão de Tamandaré,R. Barão de Tamandare,S,Via Pavimentada
7057,59900,RUA BARAO DE TAMANDARE,Rua Barão de Tamandaré,R. Barão de Tamandare,P,Via Parcialmente Pavimentada
7105,60372,RUA BARAO DE TEFE,Rua Barão de Tefé,R. Barão de Tefe,S,Via Pavimentada
11910,707031,RUA BARAO DE TIMBAUBA,Rua Barão de Timbaúba,R. Barão de Timbaúba,N,Via Não Pavimentada
7223,61328,RUA BARAO DE TRACUNHAEM,Rua Barão de Tracunhaém,R. Barão de Tracunhaem,S,Via Pavimentada
7551,64122,RUA BARAO DE VERA CRUZ,Rua Barão de Vera Cruz,R. Barão de Vera Cruz,P,Via Parcialmente Pavimentada
2149,14486,RUA BARAO DO CAPIBARIBE,Rua Barão do Capibaribe,R. Barão do Capibaribe,P,Via Parcialmente Pavimentada
4816,39152,RUA BARAO DO LIVRAMENTO,Rua Barão do Livramento,R. Barão do Livramento,N,Via Não Pavimentada
6576,55042,RUA BARAO DO SERRO AZUL,Rua Barão do Serro Azul,R. Barão do Serro Azul,N,Via Não Pavimentada
3763,29165,RUA BARAO HOMEM DE MELO,Rua Barão Homem de Melo,R. Barão Homem de Melo,P,Via Parcialmente Pavimentada
4836,39322,RUA BARAO LOPES NETO,Rua Barão Lopes Neto,R. Barão Lopes Neto,P,Via Parcialmente Pavimentada
5353,44016,RUA BARAO MENDES JAQUES,Rua Barão Mendes Jaques,R. Barão Mendes Jaques,N,Via Não Pavimentada
5920,49115,RUA BARAO PARANAPIACABA,Rua Barão Paranapiaçaba,R. Barão Paranapiacaba,N,Via Não Pavimentada
7910,67938,RUA BARAO RODRIGUES MENDES,Rua Barão Rodrigues Mendes,R. Barão Rodrigues Mendes,S,Via Pavimentada
1650,9822,RUA BARAUNA,Rua Baraúna,R. Barauna,S,Via Pavimentada
3836,29912,RUA BARBACENA,Rua Barbacena,R. Barbacena,N,Via Não Pavimentada
1656,9873,RUA BARBARA DE ALENCAR,Rua Bárbara de Alencar,R. Barbara de Alencar,S,Via Pavimentada
1655,9865,RUA BARBARA HELIODORA,Rua Bárbara Heliodora,R. Barbara Heliodora,N,Via Não Pavimentada
1658,9890,RUA BARBOSA VIANA,Rua Barbosa Viana,R. Barbosa Viana,P,Via Parcialmente Pavimentada
1659,9920,RUA BARCELOS,Rua Barcelos,R. Barcelos,N,Via Não Pavimentada
10425,100579,RUA BACHAREL SEVERINO TORRES G DO NASCIMENTO,Rua Barechal Severino Torres Galindo do Nascimento,R. Bel. Severino Torres Galindo do Nascimento,N,Via Não Pavimentada
9738,89168,RUA BARELANDIA,Rua Barelândia,R. Barelandia,N,Via Não Pavimentada
1682,10146,RUA BARIRI,Rua Bariri,R. Bariri,P,Via Parcialmente Pavimentada
1643,9946,RUA BAROLANDIA,Rua Barolândia,R. Barolandia,S,Via Pavimentada
4002,31410,RUA BARONESA DE ITAPISSUMA,Rua Baronesa de Itapissuma,R. Baronesa de Itapissuma,N,Via Não Pavimentada
5864,48615,RUA BARONESA DE PALMARES,Rua Baronesa de Palmares,R. Baronesa de Palmares,S,Via Pavimentada
6564,54941,RUA BARRA BONITA,Rua Barra Bonita,R. Barra Bonita,S,Via Pavimentada
1668,10006,RUA BARRA DA GUABIRABA,Rua Barra da Guabiraba,R. Barra da Guabiraba,N,Via Não Pavimentada
8011,69418,RUA BARRA DE GUABIRABA,Rua Barra de Guabiraba,R. Barra de Guabiraba,N,Via Não Pavimentada
8012,69426,RUA BARRA DE SAO PEDRO,Rua Barra de São Pedro,R. Barra de São Pedro,N,Via Não Pavimentada
8014,69442,RUA BARRA DO BREJO,Rua Barra do Brejo,R. Barra do Brejo,N,Via Não Pavimentada
8013,69434,RUA BARRA DO JARDIM,Rua Barra do Jardim,R. Barra do Jardim,N,Via Não Pavimentada
9833,90379,RUA BARRA DO RIACHAO,Rua Barra do Riachão,R. Barra do Riachao,S,Via Pavimentada
1673,10065,RUA BARRA DO SAGI,Rua Barra do Sagi,R. Barra do Sagi,S,Via Pavimentada
1666,9970,RUA BARRA DOS COQUEIROS,Rua Barra dos Coqueiros,R. Barra Dos Coqueiros,P,Via Parcialmente Pavimentada
9749,89281,RUA BARRA DOURADA,Rua Barra Dourada,R. Barra Dourada,P,Via Parcialmente Pavimentada
9834,90387,RUA BARRA FELIZ,Rua Barra Feliz,R. Barra Feliz,N,Via Não Pavimentada
1886,11878,RUA BARRA GRANDE,Rua Barra Grande,R. Barra Grande,N,Via Não Pavimentada
1670,10022,RUA BARRA LONGA,Rua Barra Longa,R. Barra Longa,P,Via Parcialmente Pavimentada
1672,10049,RUA BARRA NOVA,Rua Barra Nova,R. Barra Nova,S,Via Pavimentada
1674,10073,RUA BARRA SECA,Rua Barra Seca,R. Barra Seca,S,Via Pavimentada
1675,10081,RUA BARRA VELHA,Rua Barra Velha,R. Barra Velha,S,Via Pavimentada
1676,10090,RUA BARRA VERDE,Rua Barra Verde,R. Barra Verde,S,Via Pavimentada
3597,27715,RUA BARREIRINHA,Rua Barreirinha,R. Barreirinha,X,Não definida
1681,10138,RUA BARREIROS,Rua Barreiros,R. Barreiros,S,Via Pavimentada
4655,37605,RUA BARRINHA,Rua Barrinha,R. Barrinha,X,Não definida
9936,91600,RUA BARRO BRANCO,Rua Barro Branco,R. Barro Branco,X,Não definida
1685,10189,RUA BARROS BARRETO,Rua Barros Barreto,R. Barros Barreto,P,Via Parcialmente Pavimentada
4385,35181,RUA BARROSO,Rua Barroso,R. Barroso,N,Via Não Pavimentada
1694,10251,RUA BARROS REGO,Rua Barros Rego,R. Barros Rego,P,Via Parcialmente Pavimentada
1693,10243,RUA BARROS SOBRINHO,Rua Barros Sobrinho,R. Barros Sobrinho,S,Via Pavimentada
1701,10308,RUA BARTOLOMEU DE GUSMAO,Rua Bartolomeu de Gusmão,R. Bartolomeu de Gusmao,S,Via Pavimentada
6249,52140,RUA BARTOLOMEU MARQUES,Rua Bartolomeu Marques,R. Bartolomeu Marques,S,Via Pavimentada
1704,10332,RUA BASILIO DA GAMA,Rua Basílio da Gama,R. Basilio da Gama,S,Via Pavimentada
1706,10359,RUA BASTOS RIBEIRO,Rua Bastos Ribeiro,R. Bastos Ribeiro,P,Via Parcialmente Pavimentada
1707,10367,RUA BASTOS TIGRE,Rua Bastos Tigre,R. Bastos Tigre,S,Via Pavimentada
1708,10375,RUA BATAGUACU,Rua Bataguaçu,R. Bataguacu,S,Via Pavimentada
9835,90395,RUA BATAIPORA,Rua Bataiporã,R. Bataipora,N,Via Não Pavimentada
1709,10383,RUA BATALHA,Rua Batalha,R. Batalha,N,Via Não Pavimentada
4015,31542,RUA BATALHA DE TEJUCUPAPO,Rua Batalha de Tejucupapo,R. Batalha de Tejucupapo,N,Via Não Pavimentada
1710,10391,RUA BATATAIS,Rua Batatais,R. Batatais,S,Via Pavimentada
1711,10405,RUA BATATAN,Rua Batatan,R. Batatan,S,Via Pavimentada
1266,10413,RUA BATINGA,Rua Batinga,R. Batinga,N,Via Não Pavimentada
1715,10464,RUA BATURITE,Rua Baturité,R. Baturite,N,Via Não Pavimentada
1716,10472,RUA BAULANADIA,Rua Baulanadia,R. Baulanadia,S,Via Pavimentada
1718,10480,RUA BAUNILHA,Rua Baunilha,R. Baunilha,X,Não definida
1719,10499,RUA BAURU,Rua Bauru,R. Bauru,S,Via Pavimentada
8346,73121,RUA BEATRIZ,Rua Beatriz,R. Beatriz,S,Via Pavimentada
4,10502,RUA BEATRIZ,Rua Beatriz,R. Beatriz,S,Via Pavimentada
8251,72028,RUA BEATRIZ VIEIRA,Rua Beatriz Vieira,R. Beatriz Vieira,N,Via Não Pavimentada
5,10510,RUA BEBEDOURO,Rua Bebedouro,R. Bebedouro,S,Via Pavimentada
8333,72990,RUA BEBINHO SALGADO,Rua Bebinho Salgado,R. Bebinho Salgado,S,Via Pavimentada
8,10553,RUA BEETHOVEN,Rua Beethoven,R. Beethoven,X,Não definida
9,10561,RUA BEGE,Rua Bege,R. Bege,X,Não definida
4867,136948,RUA BEIJA FLOR,Rua Beija Flor,R. Beija Flo,N,Via Não Pavimentada
7771,66486,RUA BEIJA FLOR,Rua Beija Flor,R. Beija Flor,P,Via Parcialmente Pavimentada
10739,110280,RUA BEIJA FLOR,Rua Beija Flor,R. Beija Flor,X,Não definida
10,10570,RUA BEIJUPIRA,Rua Beijupira,R. Beijupira,S,Via Pavimentada
10474,101117,RUA BEIRA RIO,Rua Beira Rio,R. Beira Rio,X,Não definida
11733,125806,RUA BEIRA RIO,Rua Beira Rio,R. Beira Rio,X,Não definida
8090,70238,RUA BEIRA RIO,Rua Beira Rio,R. Beira Rio,N,Via Não Pavimentada
10484,101290,RUA BELA,Rua Bela,R. Bela,X,Não definida
10354,99295,RUA BELA AURORA,Rua Bela Aurora,R. Bela Aurora,X,Não definida
8413,73881,RUA BELAC AULIS,Rua Belac Aulis,R. Belac Aulis,N,Via Não Pavimentada
7447,63053,RUA BELA CRUZ,Rua Bela Cruz,R. Bela Cruz,S,Via Pavimentada
1756,10626,RUA BELARMINO CARNEIRO,Rua Belarmino Carneiro,R. Belarmino Carneiro,S,Via Pavimentada
1757,10634,RUA BELARMINO HENRIQUE,Rua Belarmino Henrique,R. Belarmino Henrique,S,Via Pavimentada
1759,10642,RUA BELA VISTA,Rua Bela Vista,R. Bela Vista,S,Via Pavimentada
8641,76325,RUA BELA VISTA,Rua Bela Vista,R. Bela Vista,S,Via Pavimentada
11795,137685,RUA BELEM,Rua Belém,R. Belém,N,Via Não Pavimentada
8985,80586,RUA BELEM DE JUDA,Rua Belém de Judá,R. Belem de Juda,S,Via Pavimentada
8401,73717,RUA BELEM DE MARIA,Rua Belém de Maria,R. Belem de Maria,P,Via Parcialmente Pavimentada
1723,10669,RUA BELEM DE MARIA,Rua Belém de Maria,R. Belem de Maria,N,Via Não Pavimentada
1725,10685,RUA BELEM DE SAO FRANCISCO,Rua Belém de São Francisco,R. Belem de São Francisco,P,Via Parcialmente Pavimentada
9135,82350,RUA BELEM NOVO,Rua Belém Novo,R. Belem Novo,X,Não definida
9050,81442,RUA BELMINO CORREIA,Rua Belmino Correia,R. Belmino Correia,S,Via Pavimentada
1739,10715,RUA BELMIRO CORREA,Rua Belmiro Corrêa,R. Belmiro Corrêa,S,Via Pavimentada
1738,10707,RUA BELMIRO DE BARROS,Rua Belmiro de Barros,R. Belmiro de Barros,S,Via Pavimentada
1740,10723,RUA BELMONTE,Rua Belmonte,R. Belmonte,S,Via Pavimentada
1741,10731,RUA BELO CAMPO,Rua Belo Campo,R. Belo Campo,S,Via Pavimentada
1743,10740,RUA BELO HORIZONTE,Rua Belo Horizonte,R. Belo Horizonte,S,Via Pavimentada
6186,51489,RUA BELO HORIZONTE,Rua Belo Horizonte,R. Belo Horizonte,S,Via Pavimentada
1745,10758,RUA BELO JARDIM,Rua Belo Jardim,R. Belo Jardim,S,Via Pavimentada
1761,10766,RUA BELO MONTE,Rua Belo Monte,R. Belo Monte,X,Não definida
1762,10774,RUA BELO ORIENTE,Rua Belo Oriente,R. Belo Oriente,P,Via Parcialmente Pavimentada
8603,75833,RUA BELO VALE,Rua Belo Vale,R. Belo Vale,P,Via Parcialmente Pavimentada
1764,10790,RUA BELTERRA,Rua Belterra,R. Belterra,S,Via Pavimentada
1767,10820,RUA BELUNO,Rua Beluno,R. Beluno,S,Via Pavimentada
1768,10839,RUA BEM ME QUER,Rua Bem me quer,R. Bem Me Quer,N,Via Não Pavimentada
1769,10847,RUA BEMPOSTA,Rua Bemposta,R. Bemposta,S,Via Pavimentada
7748,66257,RUA BEM TE VI,Rua Bem te vi,R. Bem Te Vi,S,Via Pavimentada
1772,10855,RUA BEM-TE-VI,Rua Bem-te-vi,R. Bem-te-vi,P,Via Parcialmente Pavimentada
8015,69450,RUA BEM TE VI,Rua Bem Te Vi,R. Bem Te Vi,N,Via Não Pavimentada
1773,10863,RUA BENEDITA LYRA,Rua Benedita Lyra,R. Benedita Lyra,S,Via Pavimentada
1783,10910,RUA BENFICA,Rua Benfica,R. Benfica,P,Via Parcialmente Pavimentada
5604,46620,RUA BENFICA,Rua Benfica,R. Benfica,N,Via Não Pavimentada
7184,61000,RUA BENGALAS,Rua Bengalas,R. Bengalas,X,Não definida
8866,79219,RUA BENICIO DIAS,Rua Benício Dias,R. Benicio Dias,S,Via Pavimentada
8220,71650,RUA BENICIO TAVARES WHATLEY DIAS,Rua Benício Tavares Whatley Dias,R. Benicio Tavares Whatley Dias,S,Via Pavimentada
1785,10936,RUA BENJAMIN AZEVEDO,Rua Benjamin Azevêdo,R. Benjamin Azevêdo,S,Via Pavimentada
1786,10944,RUA BENJAMIN CONSTANT,Rua Benjamin Constant,R. Benjamin Constant,S,Via Pavimentada
6540,54712,RUA BENJAMIN CONSTANT,Rua Benjamin Constant,R. Benjamin Constant,N,Via Não Pavimentada
1787,10952,RUA BENJAMIN CONSTANT DE MAGALHAES,Rua Benjamin Constant de Magalhães,R. Benjamin Constant de Magalhães,N,Via Não Pavimentada
1789,10960,RUA BENJAMIN FONSECA,Rua Benjamin Fonseca,R. Benjamin Fonseca,N,Via Não Pavimentada
1254,6424,RUA BENJAMIM MACHADO,Rua Benjamin Machado,R. Benjamim Machado,N,Via Não Pavimentada
1790,10979,RUA BENJAMIN TORREAO,Rua Benjamin Torreão,R. Benjamin Torreao,S,Via Pavimentada
1779,11010,RUA BENTO DE ABREU,Rua Bento de Abreu,R. Bento de Abreu,S,Via Pavimentada
9776,89613,RUA BENTO GONCALVES,Rua Bento Gonçalves,R. Bento Gonçalves,X,Não definida
1782,11045,RUA BENTO JUSTINO DE SOUZA,Rua Bento Justino de Souza,R. Bento Justino de Souza,N,Via Não Pavimentada
1778,11053,RUA BENTO LOYOLA,Rua Bento Loyola,R. Bento Loyola,S,Via Pavimentada
5302,43508,RUA BENTOPOLIS,Rua Bentópolis,R. Bentopolis,S,Via Pavimentada
1746,11070,RUA BENTO TEIXEIRA,Rua Bento Teixeira,R. Bento Teixeira,N,Via Não Pavimentada
1797,11088,RUA BENVENUTO CELINI,Rua Benvenuto Celini,R. Benvenuto Celini,S,Via Pavimentada
1802,11134,RUA BEQUIMAO,Rua Bequimão,R. Bequimao,P,Via Parcialmente Pavimentada
7954,68470,RUA BERGUEDOF ELLIOT,Rua Berguedof Elliot,R. Berguedof Elliot,N,Via Não Pavimentada
1766,10812,RUA BERILO,Rua Berilo,R. Berilo,S,Via Pavimentada
768,2062,RUA BERILO PERNAMBUCANO,Rua Berilo Pernambucano,R. Berilo Pernambucano,N,Via Não Pavimentada
11850,701130,RUA BERIZAL,Rua Berizal,R. Berizal,X,Não definida
1805,11169,RUA BERLIM,Rua Berlim,R. Berlim,P,Via Parcialmente Pavimentada
1807,11193,RUA BERNADETE XAVIER GOMES,Rua Bernadete Xavier Gomes,R. Bernadete Xavier Gomes,P,Via Parcialmente Pavimentada
1808,11207,RUA BERNARDIM RIBEIRO,Rua Bernardim Ribeiro,R. Bernardim Ribeiro,P,Via Parcialmente Pavimentada
1810,11215,RUA BERNARDINO ALVES MAIA,Rua Bernardino Alves Maia,R. Bernardino Alves Maia,N,Via Não Pavimentada
1811,11223,RUA BERNARDINO DA COSTA,Rua Bernardino da Costa,R. Bernardino da Costa,S,Via Pavimentada
1821,11339,RUA BERNARDINO DE CARVALHO,Rua Bernardino de Carvalho,R. Bernardino de Carvalho,P,Via Parcialmente Pavimentada
1815,11266,RUA BERNARDINO SOARES DA SILVA,Rua Bernardino Soares da Silva,R. Bernardino Soares da Silva,S,Via Pavimentada
1820,11320,RUA BERNARDO DE VASCONCELOS,Rua Bernardo de Vasconcelos,R. Bernardo de Vasconcelos,X,Não definida
1817,11282,RUA BERNARDO GABRIEL,Rua Bernardo Gabriel,R. Bernardo Gabriel,N,Via Não Pavimentada
1818,11290,RUA BERNARDO GUIMARAES,Rua Bernardo Guimarães,R. Bernardo Guimaraes,S,Via Pavimentada
1819,11312,RUA BERNARDO SAYAO,Rua Bernardo Sayão,R. Bernardo Sayao,P,Via Parcialmente Pavimentada
1822,11347,RUA BERNARDO VIEIRA DE MELO,Rua Bernardo Vieira de Melo,R. Bernardo Vieira de Melo,P,Via Parcialmente Pavimentada
1823,11355,RUA BERTIOGA,Rua Bertioga,R. Bertioga,S,Via Pavimentada
8676,76830,RUA BERTOLINA,Rua Bertolina,R. Bertolina,S,Via Pavimentada
1825,11371,RUA BERTOPOLIS,Rua Bertópolis,R. Bertopolis,N,Via Não Pavimentada
3320,25186,RUA BERURI,Rua Beruri,R. Beruri,S,Via Pavimentada
1826,11380,RUA BETANIA,Rua Betânia,R. Betania,S,Via Pavimentada
8800,78409,RUA BETARA,Rua Betara,Rua Betara,X,Não definida
1827,11398,RUA BETIM,Rua Betim,R. Betim,N,Via Não Pavimentada
1828,11401,RUA BETINHA,Rua Betinha,R. Betinha,S,Via Pavimentada
1831,11436,RUA BEZERRA DA PALMA,Rua Bezerra da Palma,R. Bezerra da Palma,P,Via Parcialmente Pavimentada
1829,11410,RUA BEZERRA DE CARVALHO,Rua Bezerra de Carvalho,R. Bezerra de Carvalho,S,Via Pavimentada
1830,11428,RUA BEZERRA DE MENEZES,Rua Bezerra de Menezes,R. Bezerra de Menezes,N,Via Não Pavimentada
1832,11444,RUA BEZERROS,Rua Bezerros,R. Bezerros,S,Via Pavimentada
8859,79120,RUA BEZINHA,Rua Bezinha,R. Bezinha,S,Via Pavimentada
1834,11460,RUA BIANN DE MEDEIROS,Rua Biann de Medeiros,R. Biann de Medeiros,S,Via Pavimentada
1835,11479,RUA BIANOR DE MEDEIROS,Rua Bianor de Medeiros,R. Bianor de Medeiros,S,Via Pavimentada
1836,11487,RUA BIANOR DE OLIVEIRA,Rua Bianor de Oliveira,R. Bianor de Oliveira,S,Via Pavimentada
11466,120260,RUA BIGUACU,Rua Biguaçu,R. Biguaçu,P,Via Parcialmente Pavimentada
1839,11541,RUA BILAC,Rua Bilac,R. Bilac,S,Via Pavimentada
7902,67857,RUA BIONE,Rua Bione,R. Bione,S,Via Pavimentada
1841,11568,RUA BISMARCK DE FREITAS,Rua Bismarck de Freitas,R. Bismarck de Freitas,P,Via Parcialmente Pavimentada
2175,14761,RUA BISPO CARDOSO AYRES,Rua Bispo Cardoso Ayres,R. Bispo Cardoso Ayres,S,Via Pavimentada
7,10545,RUA BITUPITA,Rua Bitupita,R. Bitupita,N,Via Não Pavimentada
1848,11614,RUA BITURI,Rua Bituri,R. Bituri,S,Via Pavimentada
1849,11622,RUA BITURUNA,Rua Bituruna,R. Bituruna,S,Via Pavimentada
1850,11630,RUA BIZARRA,Rua Bizarra,R. Bizarra,X,Não definida
1853,11657,RUA BLUMENAU,Rua Blumenau,R. Blumenau,S,Via Pavimentada
8379,73482,RUA BOA ESPERANCA,Rua Boa Esperança,R. Boa Esperanca,S,Via Pavimentada
8638,76309,RUA BOA ESPERANCA,Rua Boa Esperança,R. Boa Esperanca,S,Via Pavimentada
1855,11673,RUA BOANERGES PEREIRA,Rua Boanerges Pereira,R. Boanerges Pereira,S,Via Pavimentada
1856,11681,RUA BOA NOVA,Rua Boa Nova,R. Boa Nova,S,Via Pavimentada
1607,9423,RUA BOAPABA,Rua Boapaba,R. Boapaba,X,Não definida
7979,69477,RUA BOAS NOVAS,Rua Boas Novas,R. Boas Novas,N,Via Não Pavimentada
8659,76600,RUA BOAVENTURA RODRIGUES,Rua Boaventura Rodrigues,R. Boaventura Rodrigues,S,Via Pavimentada
11409,119024,RUA BOA VISTA,Rua Boa Vista,Rua Boa Vista,N,Via Não Pavimentada
8867,79227,RUA BOCAIANA,Rua Bocaiana,R. Bocaiana,N,Via Não Pavimentada
1873,11797,RUA BODOCO,Rua Bodocó,R. Bodoco,S,Via Pavimentada
1874,11800,RUA BODOCONGO,Rua Bodocongó,R. Bodocongo,P,Via Parcialmente Pavimentada
1877,11835,RUA BOLIVAR,Rua Bolivar,R. Bolivar,S,Via Pavimentada
1894,11967,RUA BOMBA DO HEMETERIO,Rua Bomba do Hemetério,R. Bomba do Hemeterio,S,Via Pavimentada
1878,11843,RUA BOM CONSELHO,Rua Bom Conselho,R. Bom Conselho,S,Via Pavimentada
2161,14621,RUA BOM DESTINO,Rua Bom Destino,R. Bom Destino,P,Via Parcialmente Pavimentada
1880,11851,RUA BOM GOSTO,Rua Bom Gosto,R. Bom Gosto,P,Via Parcialmente Pavimentada
1881,11860,RUA BOM JARDIM,Rua Bom Jardim,R. Bom Jardim,N,Via Não Pavimentada
10859,111830,RUA BOM JESUS,Rua Bom Jesus,R. Bom Jesus,X,Não definida
10602,108847,RUA BOM JESUS,Rua Bom Jesus,R. Bom Jesus,N,Via Não Pavimentada
9838,90417,RUA BOM JESUS DA LAPA,Rua Bom Jesus da Lapa,R. Bom Jesus da Lapa,N,Via Não Pavimentada
9837,90409,RUA BOM JESUS DA SERRA,Rua Bom Jesus da Serra,R. Bom Jesus da Serra,N,Via Não Pavimentada
1889,11908,RUA BOM NOME,Rua Bom Nome,R. Bom Nome,S,Via Pavimentada
1860,11916,RUA BOM PASTOR,Rua Bom Pastor,R. Bom Pastor,P,Via Parcialmente Pavimentada
9890,90972,RUA BOM REPOUSO,Rua Bom Repouso,R. Bom Repouso,X,Não definida
9082,81744,RUA BOM REPOUSO,Rua Bom Repouso,R. Bom Repouso,S,Via Pavimentada
10320,98833,RUA BOM SOSSEGO,Rua Bom Sossego,R. Bom Sossego,S,Via Pavimentada
1892,11959,RUA BOM SUCESSO,Rua Bom Sucesso,R. Bom Sucesso,S,Via Pavimentada
159,31771,RUA BOM SUCESSO,Rua Bom Sucesso,R. Bom Sucesso,N,Via Não Pavimentada
1896,11983,RUA BONANCA,Rua Bonança,R. Bonanca,S,Via Pavimentada
3994,31976,RUA BONFIM,Rua Bonfim,R. Bonfim,N,Via Não Pavimentada
1897,11991,RUA BONFIM,Rua Bonfim,R. Bonfim,S,Via Pavimentada
9792,89907,RUA BONFINOPOLIS,Rua Bonfinópolis,R. Bonfinópolis,N,Via Não Pavimentada
1901,12017,RUA BONIFACIO DE ANDRADE,Rua Bonifácio de Andrade,R. Bonifacio de Andrade,S,Via Pavimentada
5770,47821,RUA BONINA,Rua Bonina,R. Bonina,X,Não definida
2620,18651,RUA BONINA,Rua Bonina,R. Bonina,S,Via Pavimentada
1904,12033,RUA BONINAL,Rua Boninal,R. Boninal,S,Via Pavimentada
1905,12041,RUA BONITO,Rua Bonito,R. Bonito,P,Via Parcialmente Pavimentada
1908,12068,RUA BONITO DE SANTA FE,Rua Bonito de Santa Fé,R. Bonito de Santa Fe,S,Via Pavimentada
1909,12076,RUA BOQUEIRAO,Rua Boqueirão,R. Boqueirao,S,Via Pavimentada
1910,12084,RUA BOQUIRA,Rua Boquira,R. Boquira,S,Via Pavimentada
3335,25313,RUA BORBA,Rua Borba,R. Borba,S,Via Pavimentada
1913,12106,RUA BORBA GATO,Rua Borba Gato,R. Borba Gato,P,Via Parcialmente Pavimentada
1915,12114,RUA BORBOREMA,Rua Borborema,R. Borborema,N,Via Não Pavimentada
1917,12130,RUA BORGES DA FONSECA,Rua Borges da Fonseca,R. Borges da Fonseca,P,Via Parcialmente Pavimentada
1919,12149,RUA BORRAZOPOLIS,Rua Borrazópolis,R. Borrazopolis,N,Via Não Pavimentada
1924,12181,RUA BOTOVI,Rua Botovi,R. Botovi,X,Não definida
1927,12203,RUA BOTUCATU,Rua Botucatu,R. Botucatu,S,Via Pavimentada
1928,12211,RUA BOTUMIRIM,Rua Botumirim,R. Botumirim,S,Via Pavimentada
9839,90425,RUA BOTUQUARA,Rua Botuquara,R. Botuquara,N,Via Não Pavimentada
1929,12220,RUA BOTUVERA,Rua Botuverá,R. Botuvera,P,Via Parcialmente Pavimentada
9750,89290,RUA BRACO DO NORTE,Rua Braço do Norte,R. Braco do Norte,P,Via Parcialmente Pavimentada
1931,12238,RUA BRAGANCA,Rua Bragança,R. Braganca,P,Via Parcialmente Pavimentada
10031,93360,RUA BRAGANTINA,Rua Bragantina,R. Bragantina,S,Via Pavimentada
3636,28070,RUA BRANCA,Rua Branca,R. Branca,N,Via Não Pavimentada
3576,27480,RUA BRANQUINHA,Rua Branquinha,R. Branquinha,N,Via Não Pavimentada
1933,12254,RUA BRASABANTE,Rua Brasabante,R. Brasabante,S,Via Pavimentada
10769,110655,RUA BRASIL,Rua Brasil,R. Brasil,N,Via Não Pavimentada
1538,8834,RUA BRASIL,Rua Brasil,R. Brasil,X,Não definida
1935,12270,RUA BRASILANDIA,Rua Brasilândia,R. Brasilandia,S,Via Pavimentada
1937,12289,RUA BRASILEIA,Rua Brasiléia,R. Brasileia,S,Via Pavimentada
258,81264,RUA BRASILIA,Rua Brasília,R. Brasilia,S,Via Pavimentada
526,76520,RUA BRASILIA,Rua Brasília,R. Brasilia,S,Via Pavimentada
6163,51284,RUA BRASILIA,Rua Brasília,R. Brasilia,N,Via Não Pavimentada
9875,90824,RUA BRASILIA DE MINAS,Rua Brasília de Minas,R. Brasilia de Minas,X,Não definida
1939,12300,RUA BRASITANIA,Rua Brasitania,R. Brasitania,S,Via Pavimentada
10032,93378,RUA BRASLANDIA,Rua Braslândia,R. Braslandia,N,Via Não Pavimentada
10293,98256,RUA BRASOPOLIS,Rua Brasópolis,R. Brasopolis,N,Via Não Pavimentada
10046,93637,RUA BRAS PIRES,Rua Bras Pires,R. Bras Pires,S,Via Pavimentada
1938,12297,RUA BRASUELA,Rua Brasuela,R. Brasuela,S,Via Pavimentada
1941,12319,RUA BRAULIO CAVALCANTI,Rua Braúlio Cavalcanti,R. Braulio Cavalcanti,P,Via Parcialmente Pavimentada
1942,12327,RUA BRAULIO GONCALVES,Rua Bráulio Gonçalves,R. Braulio Gonçalves,S,Via Pavimentada
8093,70270,RUA BRAUNAS,Rua Braúnas,R. Braunas,S,Via Pavimentada
1950,12386,RUA BRAZOPOLIS,Rua Brazópolis,R. Brazopolis,S,Via Pavimentada
9805,90050,RUA BRECHIM,Rua Brechim,R. Brechim,X,Não definida
9793,89915,RUA BREJAUBA,Rua Brejauba,R. Brejauba,S,Via Pavimentada
1951,12394,RUA BREJETUBA,Rua Brejetuba,R. Brejetuba,X,Não definida
1960,12424,RUA BREJINHO,Rua Brejinho,R. Brejinho,S,Via Pavimentada
1962,12440,RUA BREJO BONITO,Rua Brejo Bonito,R. Brejo Bonito,S,Via Pavimentada
1964,12459,RUA BREJO DA CRUZ,Rua Brejo da Cruz,R. Brejo da Cruz,P,Via Parcialmente Pavimentada
1961,12432,RUA BREJO DE AREIA,Rua Brejo de Areia,R. Brejo de Areia,S,Via Pavimentada
1943,12483,RUA BREJOLANDIA,Rua Brejolândia,R. Brejolandia,S,Via Pavimentada
1944,12491,RUA BREJO NOVO,Rua Brejo Novo,R. Brejo Novo,S,Via Pavimentada
11790,127612,RUA BRIGADEIRO ANTONIO DE SAMPAIO,Rua Brigadeiro Antônio de Sampaio,R. Brig.Antônio de Sampaio,S,Via Pavimentada
8597,75760,RUA BRIGADEIRO CYRO,Rua Brigadeiro Cyro,R. Brigadeiro Cyro,S,Via Pavimentada
1971,12513,RUA BRILHANTE,Rua Brilhante,R. Brilhante,N,Via Não Pavimentada
1972,12521,RUA BRITANIA,Rua Britânia,R. Britania,N,Via Não Pavimentada
1952,12548,RUA BRITO FREIRE,Rua Brito Freire,R. Brito Freire,N,Via Não Pavimentada
1953,12556,RUA BRITO MENDONCA,Rua Brito Mendonça,R. Brito Mendonca,S,Via Pavimentada
436,12564,RUA BROCOTO,Rua Brocotó,R. Brocoto,S,Via Pavimentada
10870,111945,RUA BROMELIA,Rua Bromélia,R. Bromélia,N,Via Não Pavimentada
1975,12599,RUA BRUMADO,Rua Brumado,R. Brumado,P,Via Parcialmente Pavimentada
9176,82767,RUA BRUMAL,Rua Brumal,R. Brumal,S,Via Pavimentada
1978,12610,RUA BRUNO MAIA,Rua Bruno Maia,R. Bruno Maia,S,Via Pavimentada
1979,12629,RUA BRUNO VELOSO,Rua Bruno Veloso,R. Bruno Veloso,P,Via Parcialmente Pavimentada
9840,90433,RUA BUAITIREMA,Rua Buaitirema,R. Buaitirema,N,Via Não Pavimentada
1980,12645,RUA BUARQUE DE MACEDO,Rua Buarque de Macedo,R. Buarque de Macedo,S,Via Pavimentada
2694,19550,RUA BUENO,Rua Bueno,R. Bueno,X,Não definida
1983,12688,RUA BUENOLANDIA,Rua Buenolândia,R. Buenolandia,S,Via Pavimentada
8887,79480,RUA BUENOPOLIS,Rua Buenópolis,R. Buenopolis,S,Via Pavimentada
1981,12661,RUA BUENOS AIRES,Rua Buenos Aires,R. Buenos Aires,S,Via Pavimentada
1985,12700,RUA BUGARI,Rua Bugari,R. Bugari,S,Via Pavimentada
4853,39519,RUA BUGRE,Rua Bugre,R. Bugre,S,Via Pavimentada
1989,12726,RUA BUIQUE,Rua Buíque,R. Buique,S,Via Pavimentada
107,12742,RUA BUJARI,Rua Bujari,R. Bujari,S,Via Pavimentada
1990,12750,RUA BUJARU,Rua Bujaru,R. Bujaru,S,Via Pavimentada
1992,12769,RUA BULANDY,Rua Bulandy,R. Bulandy,S,Via Pavimentada
1993,12777,RUA BULGARIA,Rua Bulgária,R. Bulgaria,N,Via Não Pavimentada
1994,12785,RUA BULHOES MARQUES,Rua Bulhões Marques,R. Bulhoes Marques,S,Via Pavimentada
9758,89354,RUA BUQUIM,Rua Buquim,R. Buquim,S,Via Pavimentada
1997,12807,RUA BURITAMA,Rua Buritama,R. Buritama,S,Via Pavimentada
10242,97241,RUA BURITIRANO,Rua Buritirano,R. Buritirano,S,Via Pavimentada
9399,85707,RUA BURITIS,Rua Buritís,R. Buritis,S,Via Pavimentada
9388,85790,RUA BURITIZAL,Rua Buritizal,R. Buritizal,S,Via Pavimentada
9761,89389,RUA BURITIZEIRO,Rua Buritizeiro,R. Buritizeiro,S,Via Pavimentada
2001,12840,RUA BUTRIM,Rua Butrim,R. Butrim,P,Via Parcialmente Pavimentada
5218,42889,RUA BUZIOS,Rua Búzios,R. Buzios,N,Via Não Pavimentada
11814,138223,RUA C,Rua C,R. C,N,Via Não Pavimentada
344,137529,RUA C,Rua C,R. C,N,Via Não Pavimentada
9304,84450,RUA CAAPIRANGA,Rua Caapiranga,R. Caapiranga,X,Não definida
2003,12866,RUA CAAPORA,Rua Caaporã,R. Caapora,S,Via Pavimentada
2585,18279,RUA CAARAPO,Rua Caarapó,R. Caarapo,X,Não definida
8017,69485,RUA CABANAS,Rua Cabanas,R. Cabanas,N,Via Não Pavimentada
2004,12874,RUA CABEDELO,Rua Cabedelo,R. Cabedelo,N,Via Não Pavimentada
10113,94986,RUA CABIUNAS,Rua Cabiúnas,R. Cabiunas,S,Via Pavimentada
2005,12882,RUA CABO,Rua Cabo,R. Cabo,S,Via Pavimentada
10091,94790,RUA CABO ANTONIO CARLOS,Rua Cabo Antônio Carlos,R. Cabo Antônio Carlos,N,Via Não Pavimentada
1349,7021,RUA CABO ARAGAO,Rua Cabo Aragão,R. Cabo Aragao,S,Via Pavimentada
9216,83356,RUA CABO BRANCO,Rua Cabo Branco,R. Cabo Branco,S,Via Pavimentada
7820,67067,RUA CABOCLINHO,Rua Caboclinho,R. Caboclinho,N,Via Não Pavimentada
2408,16861,RUA CABO CLODOALDO URSULANO,Rua Cabo Clodoaldo Ursulano,R. Cabo Clodoaldo Ursulano,S,Via Pavimentada
11421,119156,RUA CABO DA BOA ESPERANCA,Rua Cabo da Boa Esperança,R. Cabo da Boa Esperança,N,Via Não Pavimentada
3012,22381,RUA CABO EPITACIO LUCENA,Rua Cabo Epitácio Lucena,R. Cabo Epitacio Lucena,S,Via Pavimentada
3132,23299,RUA CABO EUTROPIO,Rua Cabo Eutrópio,R. Cabo Eutropio,S,Via Pavimentada
3526,27073,RUA CABO GONCALO DE PAIVA,Rua Cabo Gonçalo de Paiva,R. Cabo Goncalo de Paiva,S,Via Pavimentada
9206,83232,RUA CABO HERMITO DE SA,Rua Cabo Hermito de Sá,R. Cabo Hermito de Sa,S,Via Pavimentada
3764,29173,RUA CABO HONORATO,Rua Cabo Honorato,R. Cabo Honorato,S,Via Pavimentada
3766,29181,RUA CABO HONORIO,Rua Cabo Honório,R. Cabo Honorio,S,Via Pavimentada
4434,35602,RUA CABO JOSE DA CONCEICAO,Rua Cabo José da Conceição,R. Cabo José da Conceição,S,Via Pavimentada
169,35955,RUA CABO JOSE GOMES,Rua Cabo José Gomes,R. Cabo José Gomes,S,Via Pavimentada
4866,39721,RUA CABO LUIZ AUGUSTO,Rua Cabo Luiz Augusto,R. Cabo Luiz Augusto,P,Via Parcialmente Pavimentada
7879,67628,RUA CABO MARAVILHA,Rua Cabo Maravilha,R. Cabo Maravilha,S,Via Pavimentada
5782,47929,RUA CABO OSCAR ROSSIM,Rua Cabo Oscar Rossim,R. Cabo Oscar Rossim,S,Via Pavimentada
2008,12920,RUA CABO VERDE,Rua Cabo Verde,R. Cabo Verde,S,Via Pavimentada
7687,65587,RUA CABO WALMIR ERNESTO HOLDEN,Rua Cabo Walmir Ernesto Holden,R. Cabo Walmir Ernesto Holden,S,Via Pavimentada
10374,99538,RUA CABRALIA,Rua Cabrália,R. Cabralia,N,Via Não Pavimentada
2015,12971,RUA CABROBO,Rua Cabrobó,R. Cabrobo,S,Via Pavimentada
2016,12980,RUA CABURAI,Rua Caburai,R. Caburai,S,Via Pavimentada
8818,78590,RUA CACAO,Rua Cação,R. Cação,S,Via Pavimentada
2018,13005,RUA CACAPAVA,Rua Caçapava,R. Cacapava,S,Via Pavimentada
2019,13013,RUA CACAREMA,Rua Caçarema,R. Cacarema,S,Via Pavimentada
2020,13021,RUA CACAU,Rua Cacau,R. Cacau,P,Via Parcialmente Pavimentada
2021,13048,RUA CACHOEIRA,Rua Cachoeira,R. Cachoeira,S,Via Pavimentada
4047,32000,RUA CACHOEIRA DO SUL,Rua Cachoeira do Sul,R. Cachoeira do Sul,N,Via Não Pavimentada
2022,13056,RUA CACHOEIRINHA,Rua Cachoeirinha,R. Cachoeirinha,S,Via Pavimentada
8673,76775,RUA CACILDA IOLANDA PORCIUNCULA,Rua Cacilda Iolanda Porciúncula,R. Cacilda Iolanda Porciuncula,S,Via Pavimentada
2025,13080,RUA CACULE,Rua Caçule,R. Cacule,X,Não definida
11465,120251,RUA CADAJAS,Rua Cadajás,R. Cadajas,P,Via Parcialmente Pavimentada
2028,13110,RUA CAEM,Rua Caem,R. Caem,S,Via Pavimentada
2032,13145,RUA CAETANO MONTEIRO,Rua Caetano Monteiro,R. Caetano Monteiro,N,Via Não Pavimentada
9878,90859,RUA CAETANOPOLIS,Rua Caetanópolis,R. Caetanopolis,X,Não definida
2033,13153,RUA CAETES,Rua Caetés,R. Caetes,S,Via Pavimentada
3130,23272,RUA CAETES,Rua Caetés,R. Caetes,N,Via Não Pavimentada
9804,90034,RUA CAETITE,Rua Caetité,R. Caetite,S,Via Pavimentada
2034,13170,RUA CAFARNAUM,Rua Cafarnaum,R. Cafarnaum,P,Via Parcialmente Pavimentada
8327,72923,RUA CAFEARA,Rua Cafeara,R. Cafeara,S,Via Pavimentada
2040,13200,RUA CAFELANDIA,Rua Cafelândia,R. Cafelandia,S,Via Pavimentada
10270,97853,RUA CAFEZOPOLIS,Rua Cafesópolis,R. Cafesopolis,N,Via Não Pavimentada
11906,705845,RUA CAIANA,Rua Caiana,R. Caiana,X,Não definida
9781,89656,RUA CAIAPO,Rua Caiapó,R. Caiapo,X,Não definida
9843,90450,RUA CAIBATE,Rua Caibaté,R. Caibate,N,Via Não Pavimentada
10370,99465,RUA CAIBI,Rua Caibi,R. Caibi,S,Via Pavimentada
363,13242,RUA CAICARA,Rua Caiçara,R. Caicara,S,Via Pavimentada
417,13250,RUA CAICO,Rua Caicó,R. Caico,N,Via Não Pavimentada
366,90468,RUA CAIDA,Rua Caída,R. Caida,N,Via Não Pavimentada
10108,94927,RUA CAIO LINS CAVALCANTI,Rua Caio Lins Cavalcanti,R. Caio Lins Cavalcanti,N,Via Não Pavimentada
2045,13269,RUA CAIO PEREIRA,Rua Caio Pereira,R. Caio Pereira,S,Via Pavimentada
2047,13277,RUA CAIPOS,Rua Caipós,R. Caipos,S,Via Pavimentada
2324,16080,RUA CAIPU,Rua Caipu,R. Caipu,S,Via Pavimentada
2050,13293,RUA CAIRBAR SCHUTEL,Rua Cairbar Schutel,R. Cairbar Schutel,N,Via Não Pavimentada
2051,13307,RUA CAIRU,Rua Cairú,R. Cairu,S,Via Pavimentada
2053,13323,RUA CAITITU,Rua Caititu,R. Caititu,S,Via Pavimentada
2055,13340,RUA CAJA,Rua Cajá,R. Caja,N,Via Não Pavimentada
2058,13366,RUA CAJAPIO,Rua Cajápio,R. Cajapio,S,Via Pavimentada
2059,13382,RUA CAJOBI,Rua Cajobi,R. Cajobi,S,Via Pavimentada
10150,95583,RUA CAJUI,Rua Cajui,R. Cajui,N,Via Não Pavimentada
373,91065,RUA CAJURI,Rua Cajuri,R. Cajuri,X,Não definida
2063,13420,RUA CALAMA,Rua Calama,R. Calama,X,Não definida
11553,121355,RUA CALATINA,Rua Calatina,R. Calatina,N,Via Não Pavimentada
2065,13447,RUA CALCADOS,Rua Calçados,R. Calcados,X,Não definida
2066,13455,RUA CALCOENE,Rua Calçoene,R. Calcoene,S,Via Pavimentada
2071,13498,RUA CALIFORNIA,Rua Califórnia,R. California,N,Via Não Pavimentada
6528,54607,RUA CALIFORNIA,Rua Califórnia,R. California,N,Via Não Pavimentada
8478,74594,RUA CALOGI,Rua Calogi,R. Calogi,S,Via Pavimentada
2075,13536,RUA CALUMBI,Rua Calumbi,R. Calumbi,S,Via Pavimentada
82,13544,RUA CAMACARI,Rua Camaçari,R. Camacari,X,Não definida
9883,90905,RUA CAMACHO,Rua Camacho,R. Camacho,N,Via Não Pavimentada
5303,43516,RUA CAMAJAR,Rua Camajar,R. Camajar,S,Via Pavimentada
9568,90476,RUA CAMANAU,Rua Camanau,R. Camanau,N,Via Não Pavimentada
110,13552,RUA CAMANDUCAIA,Rua Camanducaia,R. Camanducaia,S,Via Pavimentada
371,91049,RUA CAMAPUA,Rua Camapuã,R. Camapua,P,Via Parcialmente Pavimentada
2083,13595,RUA CAMARA,Rua Camará,R. Camara,S,Via Pavimentada
2091,13668,RUA CAMARATUBA,Rua Camaratuba,R. Camaratuba,S,Via Pavimentada
2088,13633,RUA CAMARGO,Rua Camargo,R. Camargo,S,Via Pavimentada
2090,13650,RUA CAMBARA,Rua Cambará,R. Cambara,S,Via Pavimentada
481,90484,RUA CAMBIRA,Rua Cambira,R. Cambira,N,Via Não Pavimentada
3412,26018,RUA CAMBOA DO CARMO,Rua Camboa do Carmo,R. Camboa do Carmo,X,Não definida
2092,13676,RUA CAMBOIM,Rua Camboim,R. Camboim,P,Via Parcialmente Pavimentada
2093,13684,RUA CAMBORIU,Rua Camboriú,R. Camboriu,S,Via Pavimentada
2095,13692,RUA CAMBUCA,Rua Cambuca,R. Cambuca,S,Via Pavimentada
2096,13706,RUA CAMBUCI,Rua Cambuci,R. Cambuci,S,Via Pavimentada
2010,13714,RUA CAMBUI,Rua Cambuí,R. Cambui,S,Via Pavimentada
10289,98175,RUA CAMBUI,Rua Cambuí,R. Cambui,N,Via Não Pavimentada
2077,13722,RUA CAMBUQUIRA,Rua Cambuquira,R. Cambuquira,N,Via Não Pavimentada
2097,13730,RUA CAMETA,Rua Cametá,R. Cameta,S,Via Pavimentada
2098,13749,RUA CAMILO COLLIER,Rua Camilo Collier,R. Camilo Collier,S,Via Pavimentada
1417,7684,RUA CAMINHO DA AREINHA,Rua Caminho da Areinha,R. Caminho da Areinha,P,Via Parcialmente Pavimentada
4676,37907,RUA CAMIRANGA,Rua Camiranga,R. Camiranga,S,Via Pavimentada
8111,70467,RUA CAMIRIM,Rua Camirim,R. Camirim,S,Via Pavimentada
2102,13781,RUA CAMOCIM,Rua Camocim,R. Camocim,P,Via Parcialmente Pavimentada
4147,33057,RUA CAMORIM,Rua Camorim,R. Camorim,X,Não definida
2105,13803,RUA CAMPANARIO,Rua Campanário,R. Campanario,S,Via Pavimentada
11875,705101,RUA CAMPANHA,Rua Campanha,R. Campanha,N,Via Não Pavimentada
9923,91472,RUA CAMPANHA,Rua Campanha,R. Campanha,P,Via Parcialmente Pavimentada
2107,13820,RUA CAMPESTRE,Rua Campestre,R. Campestre,N,Via Não Pavimentada
2110,13862,RUA CAMPINACU,Rua Campinaçu,R. Campinacu,S,Via Pavimentada
3060,22756,RUA CAMPINA GRANDE,Rua Campina Grande,R. Campina Grande,N,Via Não Pavimentada
2108,13838,RUA CAMPINAS,Rua Campinas,R. Campinas,S,Via Pavimentada
1890,13889,RUA CAMPINORTE,Rua Campinorte,R. Campinorte,N,Via Não Pavimentada
2113,13919,RUA CAMPO ALEGRE,Rua Campo Alegre,R. Campo Alegre,N,Via Não Pavimentada
11224,116750,RUA CAMPO ALEGRE,Rua Campo Alegre,R. Campo Alegre,N,Via Não Pavimentada
8096,70300,RUA CAMPO BELO,Rua Campo Belo,R. Campo Belo,N,Via Não Pavimentada
10519,101605,RUA CAMPO DA UNIAO,Rua Campo da União,R. Campo da União,S,Via Pavimentada
11165,115967,RUA CAMPO DA VOVOZINHA,Rua Campo da Vovozinha,R. Campo da Vovozinha,S,Via Pavimentada
9459,86371,RUA CAMPO DO BANCO,Rua Campo do Banco,R. Campo do Banco,X,Não definida
11532,120960,RUA CAMPO DO BANGU,Rua Campo do Bangu,R. Campo do Bangu,S,Via Pavimentada
11135,115622,RUA CAMPO DO JORDAO,Rua Campo do Jordão,R. Campo do Jordao,P,Via Parcialmente Pavimentada
9836,90808,RUA CAMPO DO MEIO,Rua Campo do Meio,R. Campo do Meio,X,Não definida
2124,14001,RUA CAMPO DO ONZE,Rua Campo do Onze,R. Campo do Onze,S,Via Pavimentada
8095,70297,RUA CAMPO FLORIDO,Rua Campo Florido,R. Campo Florido,S,Via Pavimentada
10118,95133,RUA CAMPO FLORIDO,Rua Campo Florido,R. Campo Florido,N,Via Não Pavimentada
2116,13951,RUA CAMPO FORMOSO,Rua Campo Formoso,R. Campo Formoso,S,Via Pavimentada
2120,13978,RUA CAMPO GRANDE,Rua Campo Grande,R. Campo Grande,S,Via Pavimentada
2121,13986,RUA CAMPO LARGO,Rua Campo Largo,R. Campo Largo,P,Via Parcialmente Pavimentada
9002,81272,RUA CAMPONESA,Rua Camponesa,R. Camponesa,N,Via Não Pavimentada
10894,112429,RUA CAMPO REAL,RUA CAMPO REAL,R. CAMPO REAL,N,Via Não Pavimentada
6199,51608,RUA CAMPO REDONDO,Rua Campo Redondo,R. Campo Redondo,S,Via Pavimentada
10396,99864,RUA CAMPOS ALTOS,Rua Campos Altos,R. Campos Altos,S,Via Pavimentada
9913,91405,RUA CAMPOS BELOS,Rua Campos Belos,R. Campos Belos,X,Não definida
8473,81248,RUA CAMPOS DOIS RIOS,Rua Campos Dois Rios,R. Campos Dois Rios,N,Via Não Pavimentada
2122,13994,RUA CAMPOS DO JORDAO,Rua Campos do Jordão,R. Campos do Jordao,S,Via Pavimentada
3190,23868,RUA CAMPOS FLORIDOS,Rua Campos Floridos,R. Campos Floridos,N,Via Não Pavimentada
9876,90832,RUA CAMPOS GERAIS,Rua Campos Gerais,R. Campos Gerais,X,Não definida
8032,69647,RUA CAMPOS LINDOS,Rua Campos Lindos,R. Campos Lindos,N,Via Não Pavimentada
1269,14036,RUA CAMPOS NOVOS,Rua Campos Novos,R. Campos Novos,P,Via Parcialmente Pavimentada
2125,14010,RUA CAMPOS SALES,Rua Campos Sales,R. Campos Sales,S,Via Pavimentada
8735,77666,RUA CAMPOS TABAIARES,Rua Campos Tabaiares,R. Campos Tabaiares,N,Via Não Pavimentada
6513,54488,RUA CAMPO VERDE,Rua Campo Verde,R. Campo Verde,P,Via Parcialmente Pavimentada
2126,14028,RUA CAMUTANGA,Rua Camutanga,R. Camutanga,P,Via Parcialmente Pavimentada
3453,107573,RUA CANAA,Rua Canaã,R. Canaa,X,Não definida
11662,124680,RUA CANAA,Rua Canaã,R. canaã,S,Via Pavimentada
8023,69558,RUA CANAA,Rua Canaã,R. Canaa,S,Via Pavimentada
1270,14044,RUA CANAAN,Rua Canaan,R. Canaan,S,Via Pavimentada
9744,89230,RUA CANABARRO,Rua Canabarro,R. Canabarro,N,Via Não Pavimentada
3414,26034,RUA CANADA,Rua Canadá,R. Canada,S,Via Pavimentada
78,126659,RUA CANADA,Rua Canadá,R. Canadá,N,Via Não Pavimentada
1272,14060,RUA CANADA,Rua Canadá,R. Canada,S,Via Pavimentada
10225,98639,RUA CANAFE,Rua Canafé,R. Canafé,S,Via Pavimentada
8771,78093,RUA CANAL DO JORDAO,Rua Canal do Jordão,R. Canal do Jordao,N,Via Não Pavimentada
1275,14095,RUA CANANEIA,Rua Cananéia,R. Cananeia,S,Via Pavimentada
1276,14109,RUA CANAPI,Rua Canapi,R. Canapi,S,Via Pavimentada
459,14117,RUA CANAPOLIS,Rua Canápolis,R. Canapolis,S,Via Pavimentada
7768,66478,RUA CANARIO,Rua Canário,R. Canário,S,Via Pavimentada
10745,110353,RUA CANARIO,Rua Canário,R. Canário,S,Via Pavimentada
7813,66940,RUA CANARIO DO IMPERIO,Rua Canário do Império,R. Canario do Imperio,N,Via Não Pavimentada
1280,14133,RUA CANASTRA SEVERINO AUGUSTO OLIVEIRA,Rua Canastra,R. Canastra,S,Via Pavimentada
7452,63100,RUA CANATIBA,Rua Canatiba,R. Canatiba,N,Via Não Pavimentada
8104,70378,RUA CANA VERDE,Rua Cana Verde,R. Cana Verde,N,Via Não Pavimentada
1281,14141,RUA CANAVIAL,Rua Canavial,R. Canavial,S,Via Pavimentada
7453,63142,RUA CANAVIEIRA,Rua Canavieira,R. Canavieira,S,Via Pavimentada
10712,110256,RUA CANCAO,Rua  Canção,R.Canção,X,Não definida
11475,120359,RUA CANCAO,Rua Canção,R. Cancao,N,Via Não Pavimentada
1282,14150,RUA CANCUELE,Rua Cançuele,R. Cancuele,S,Via Pavimentada
1283,14168,RUA CANDEAL,Rua Candeal,R. Candeal,S,Via Pavimentada
492,14184,RUA CANDELARIA,Rua Candelária,R. Candelaria,N,Via Não Pavimentada
5743,47570,RUA CANDELARIA,Rua Candelária,R. Candelaria,N,Via Não Pavimentada
8977,80489,RUA CANDIBA,Rua Candiba,R. Candiba,S,Via Pavimentada
5189,42480,RUA CANDIDA,Rua Cândida,R. Candida,S,Via Pavimentada
117,14214,RUA CANDIDA LOPES MARQUES,Rua Cândida Lopes Marques,R. Candida Lopes Marques,P,Via Parcialmente Pavimentada
2128,14249,RUA CANDIDO LACERDA,Rua Cândido Lacerda,R. Candido Lacerda,S,Via Pavimentada
2129,14257,RUA CANDIDO MENDES,Rua Cândido Mendes,R. Candido Mendes,S,Via Pavimentada
8071,70041,RUA CANDIDO PORTINARI,Rua Cândido Portinari,R. Candido Portinari,S,Via Pavimentada
9760,89370,RUA CANDOI,Rua Candói,R. Candoi,S,Via Pavimentada
7333,67776,RUA CANELA,Rua Canela,R. Canela,N,Via Não Pavimentada
5952,49417,RUA CANELA,Rua Canela,R. Canela,X,Não definida
2132,14290,RUA CANELEIRA,Rua Caneleira,R. Caneleira,S,Via Pavimentada
2134,14303,RUA CANGUARETAMA,Rua Canguaretama,R. Canguaretama,S,Via Pavimentada
2078,14320,RUA CANHOTINHO,Rua Canhotinho,R. Canhotinho,S,Via Pavimentada
3993,31690,RUA CANOAS,Rua Canoas,R. Canoas,N,Via Não Pavimentada
9546,89095,RUA CANOINHA,Rua Canoinha,R. Canoinha,N,Via Não Pavimentada
2136,14354,RUA CANSANCAO,Rua Cansancao,R. Cansancao,S,Via Pavimentada
2139,14389,RUA CANTO ALEGRE,Rua Canto Alegre,R. Canto Alegre,S,Via Pavimentada
10255,98523,RUA CANTO DA VILA,Rua Canto da Vila,R. Canto da Vila,N,Via Não Pavimentada
10892,112399,RUA CANTO DO MAR,Rua Canto do Mar,R.  Canto do Mar,N,Via Não Pavimentada
7680,65544,RUA CANTORA CARMEM MIRANDA,Rua Cantora Carmem Miranda,R. Cantora Carmem Miranda,S,Via Pavimentada
11628,124125,RUA CANTORA CASSIA ELLER,Rua Cantora Cássia Eller,R. Cantora Cássia Eller,N,Via Não Pavimentada
9815,90190,RUA CANTORA CLARA NUNES,Rua Cantora Clara Nunes,R. Cantora Clara Nunes,P,Via Parcialmente Pavimentada
7730,66079,RUA CANTORA CLARA NUNES,Rua Cantora Clara Nunes,R. Cantora Clara Nunes,S,Via Pavimentada
7853,67423,RUA CANTORA CLARA NUNES,Rua Cantora Clara Nunes,R. Cantora Clara Nunes,S,Via Pavimentada
11630,124168,RUA CANTORA CLEMENTINA DE JESUS,Rua Cantora Clementina de Jesus,R. Cantora Clementina de Jesus,X,Não definida
9756,89737,RUA CANTORA DALVA DE OLIVEIRA,Rua Cantora Dalva de Oliveira,R. Cantor Cantora Dalva de Oliveira,S,Via Pavimentada
2648,18937,RUA CANTORA DALVA DE OLIVEIRA,Rua Cantora Dalva de Oliveira,R. Cantora Dalva de Oliveira,S,Via Pavimentada
10789,110930,RUA CANTOR ADOLIRAN BARBOSA,Rua Cantor Adoliran Barbosa,R. Cantor Adoliran Barbosa,S,Via Pavimentada
6447,53937,RUA CANTORA DOLORES DURAN,Rua Cantora Dolores Duran,R. Cantora Dolores Duran,S,Via Pavimentada
11695,125016,RUA CANTORA ELIS REGINA,Rua Cantora Elis Regina,R. Cantora Elis Regina,X,Não definida
7719,65935,RUA CANTORA ELIZETH CARDOSO,Rua Cantora Elizeth Cardoso,R. Cantora Elizeth Cardoso,S,Via Pavimentada
64,110973,RUA CANTORA EMILINHA BORBA,Rua Cantora Emilinha Borba,R. Cantora Emilinha Borba,S,Via Pavimentada
8026,69582,RUA CANTOR ALTEMAR DUTRA,Rua Cantor Altemar Dutra,R. Cantor Altemar Dutra,N,Via Não Pavimentada
11631,124176,RUA FRANCISCO JULIAO,Rua Cantora Maíza Matarazzo,R. Cantora Maiza Matarazzo,X,Não definida
7718,65927,RUA CANTORA MAIZA MATARAZZO,Rua Cantora Maíza Matarazzo,R. Cantora Maiza Matarazzo,S,Via Pavimentada
7654,65315,RUA CANTOR ANTONIO MARCOS,Rua Cantor Antônio Marcos,R Cantor Antônio Marcos,S,Via Pavimentada
7662,65382,RUA CANTOR ATAULFO ALVES,Rua Cantor Ataulfo Alves,R. Cantor Ataulfo Alves,S,Via Pavimentada
10791,110957,RUA CANTOR AUGUSTINHO DOS SANTOS,Rua Cantor Augustinho dos Santos,R. Cantor Augustinho dos Santos,S,Via Pavimentada
9402,85723,RUA CANTOR CAPIBA,Rua Cantor Capiba,R. Cantor Capiba,S,Via Pavimentada
7586,64742,RUA CANTOR CARLOS ALEXANDRE,Rua Cantor Carlos Alexandre,R. Cantor Carlos Alexandre,S,Via Pavimentada
7584,64726,RUA CANTOR CARLOS GALHARDO,Rua Cantor Carlos Galhardo,R. Cantor Carlos Galhardo,S,Via Pavimentada
65,110981,RUA CANTOR CARLOS GARDEAU,Rua Cantor Carlos Gardeu,R Cantor Carlos Gardeu,S,Via Pavimentada
245,64513,RUA CANTOR CARLOS PRESTES,Rua Cantor Carlos Prestes,R. Cantor Carlos Prestes,S,Via Pavimentada
7582,64700,RUA CANTOR CARTOLA,Rua Cantor Cartola,R. Cantor Cartola,S,Via Pavimentada
10792,110965,RUA CANTOR CAZUZA,Rua Cantor Cazuza,R Cantor Cazuza,S,Via Pavimentada
9618,87556,RUA CANTOR CHICO SCIENCE,Rua Cantor Chico Science,R. Cantor Chico Science,S,Via Pavimentada
11699,125059,RUA CANTOR EVALDO BRAGA,Rua Cantor Evaldo Braga,R. Cantor Evaldo Braga,S,Via Pavimentada
66,110990,RUA CANTOR FRANCISCO ALVES,Rua Cantor Francisco Alves,R. Cantor Francisco Alves,S,Via Pavimentada
9403,85731,RUA CANTOR GONZAGUINHA,Rua Cantor Gonzaguinha,R. Cantor Gonzaquinha,S,Via Pavimentada
9338,85090,RUA CANTOR JACKSON DO PANDEIRO,Rua Cantor Jackson do Pandeiro,R. Cantor Jackson do Pandeiro,S,Via Pavimentada
11578,124150,RUA CANTOR JESSE,Rua Cantor Jesse,R. Cantor Jesse,X,Não definida
10790,110949,RUA CANTOR JOAO PAULO,Rua Cantor João Paulo,R. Cantor João Paulo,S,Via Pavimentada
11604,124630,RUA CANTOR LEANDRO,Rua Cantor Leandro,R. Cantor Leandro,S,Via Pavimentada
11700,125067,RUA CANTOR LUIZ DE ALMEIDA,Rua Cantor  Luiz de Almeida,R. Cantor Luiz de Almeida,X,Não definida
7592,64785,RUA CANTOR NELSON GONçALVES,Rua Cantor Nelson Gonçalves,R. Cantor Nelson Gonçalves,S,Via Pavimentada
2747,19771,RUA CANTOR NILTON CESAR,Rua Cantor Nilton Cesar,R. Cantor Nilton Cesar,S,Via Pavimentada
9787,89761,RUA CANTOR NOEL ROSA,Rua Cantor Noel Rosa,R. Cantor Noel Rosa,S,Via Pavimentada
7665,65412,RUA CANTOR ORLANDO SILVA,Rua Cantor Orlando Silva,R. Cantor Orlando Silva,S,Via Pavimentada
7643,65188,RUA CANTOR PAULO SERGIO,Rua Cantor Paulo Sérgio,R. Cantor Paulo Sergio,S,Via Pavimentada
7577,64645,RUA CANTOR PIXINGUINHA,Rua Cantor Pixinguinha,R. Cantor Pixinguinha,S,Via Pavimentada
7640,65374,RUA CANTOR RAUL SEIXAS,Rua Cantor Raul Seixas,R. Cantor Raul Seixas,S,Via Pavimentada
7714,65862,RUA CANTOR RENATO RUSSO,Rua Cantor Renato Russo,R. Cantor Renato Russo,S,Via Pavimentada
6467,54097,RUA CANTOR SILVIO CALDAS,Rua Cantor Silvio Caldas,R. Cantor Silvio Caldas,S,Via Pavimentada
7610,64939,RUA CANTOR TIM MAIA,Rua Cantor Tim Maia,R. Cantor Tim Maia,P,Via Parcialmente Pavimentada
9401,85715,RUA CANTOR TOM JOBIM,Rua Cantor Tom Jobim,R. Cantor Tom Jobim,S,Via Pavimentada
7666,65420,RUA CANTOR VICENTE CELESTINO,Rua Cantor Vicente Celestino,R. Cantor Vicente Celestino,S,Via Pavimentada
7691,65617,RUA CANTOR VINICIUS DE MORAIS,Rua Cantor Vinicius de Morais,R. Cantor Vinicius de Morais,S,Via Pavimentada
9846,90514,RUA CANUMA,Rua Canuma,R. Canuma,N,Via Não Pavimentada
9847,90522,RUA CANUTAMA,Rua Canutama,R. Canutama,N,Via Não Pavimentada
9848,90530,RUA CAPACINI,Rua Capacini,R. Capacini,N,Via Não Pavimentada
2142,14400,RUA CAPANE,Rua Capané,R. Capane,S,Via Pavimentada
4679,37788,RUA CAPANEMA,Rua Capanema,R. Capanema,S,Via Pavimentada
2144,14427,RUA CAPARAO,Rua Caparaó,R. Caparao,S,Via Pavimentada
9886,90930,RUA CAPELA NOVA,Rua Capela Nova,R. Capela Nova,X,Não definida
2147,14451,RUA CAPELINHA,Rua Capelinha,R. Capelinha,S,Via Pavimentada
2148,14478,RUA CAPETINGA,Rua Capetinga,R. Capetinga,S,Via Pavimentada
8019,69507,RUA CAPILE,Rua Capilé,R. Capile,P,Via Parcialmente Pavimentada
9789,89869,RUA CAPINOPOLIS,Rua Capinópolis,R. Capinopolis,P,Via Parcialmente Pavimentada
7456,63177,RUA CAPINZAL,Rua Capinzal,R. Capinzal,S,Via Pavimentada
1268,14516,RUA CAPISTRANO DE ABREU,Rua Capistrano de Abreu,R. Capistrano de Abreu,S,Via Pavimentada
632,930,RUA CAPITAO ADOLFO TAQUIS,Rua Capitão Adolfo Táquis,R. Cap Adolfo Taquis,S,Via Pavimentada
823,2569,RUA CAPITAO ALFREDO PASSOS,Rua Capitão Alfredo Passos,R. Cap Alfredo Passos,S,Via Pavimentada
458,3883,RUA CAPITAO AMADOR RODRIGUES,Rua Capitão Amador Rodrigues,R. Cap Amador Rodrigues,N,Via Não Pavimentada
985,4065,RUA CAPITAO AMARO CERQUEIRA,Rua Capitão Amaro Cerqueira,R. Cap Amaro Cerqueira,N,Via Não Pavimentada
1223,6173,RUA CAPITAO ANTONIO DA ROCHA,Rua Capitão Antônio da Rocha,R. Cap Antônio da Rocha,S,Via Pavimentada
1168,5665,RUA CAPITAO ANTONIO DIAS,Rua Capitão Antônio Dias,R. Cap Antônio Dias,S,Via Pavimentada
1221,6157,RUA CAPITAO ANTONIO DO REGO,Rua Capitão Antônio do Rego,R. Cap Antonio do Rego,N,Via Não Pavimentada
1199,5967,RUA CAPITAO ANTONIO MANHAES DE MATTOS,Rua Capitão Antônio Manhães de Mattos,R. Capitão Antônio Manhães de Mattos,S,Via Pavimentada
1235,6254,RUA CAPITAO ANTONIO SANTIAGO,Rua Capitão Antônio Santiago,R. Cap Antônio Santiago,S,Via Pavimentada
1396,7544,RUA CAPITAO ARAUJO MIRANDA,Rua Capitão Araujo Miranda,R. Cap Araujo Miranda,P,Via Parcialmente Pavimentada
1565,9067,RUA CAPITAO AURELIO DE ARAUJO,Rua Capitão Aurélio de Araujo,R. Cap Aurelio de Araujo,P,Via Parcialmente Pavimentada
1691,10227,RUA CAPITAO BARROSO PEREIRA,Rua Capitão Barroso Pereira,R. Cap Barroso Pereira,P,Via Parcialmente Pavimentada
10058,94129,RUA CAPITAO BENEDITO BRAGANCA,Rua Capitão Benedito Bragança,R. Cap Benedito Braganca,N,Via Não Pavimentada
1947,12343,RUA CAPITAO BRAZ,Rua Capitão Braz,R. Cap Braz,N,Via Não Pavimentada
1949,12378,RUA CAPITAO BRAZ DA ROCHA,Rua Capitão Braz da Rocha,R. Cap Braz da Rocha,S,Via Pavimentada
1948,12351,RUA CAPITAO BRAZ DE BARROS,Rua Capitão Braz de Barros,R. Cap Braz de Barros,N,Via Não Pavimentada
2342,16268,RUA CAPITAO CLEMENTE DA ROCHA,Rua Capitão Clemente da Rocha,R. Cap Clemente da Rocha,N,Via Não Pavimentada
2533,17930,RUA CAPITAO COSMO DO REGO,Rua Capitão Cosmo do Rego,R. Cap Cosmo do Rego,S,Via Pavimentada
2660,19062,RUA CAPITAO DANILO PALADINI,Rua Capitão Danilo Paladini,R. Cap Danilo Paladini,S,Via Pavimentada
2791,20176,RUA CAPITAO DOMINGOS DA COSTA,Rua Capitão Domingos da Costa,R. Cap Domingos da Costa,P,Via Parcialmente Pavimentada
3076,22888,RUA CAPITAO ESTEVAO FERNANDES,Rua Capitão Estevão Fernandes,R. Cap Estevao Fernandes,S,Via Pavimentada
3233,24295,RUA CAPITAO FERNAO DE MELO,Rua Capitão Fernão de Melo,R. Cap Fernao de Melo,N,Via Não Pavimentada
3310,25127,RUA CAPITAO FRANCISCO BARREIRAS,Rua Capitão Francisco Barreiras,R. Cap Francisco Barreiras,S,Via Pavimentada
3329,25240,RUA CAPITAO FRANCISCO COUTINHO,Rua Capitão Francisco Coutinho,R. Cap Francisco Coutinho,S,Via Pavimentada
3351,25470,RUA CAPITAO FRANCISCO DA ROCHA,Rua Capitão Francisco da Rocha,R. Cap Francisco da Rocha,N,Via Não Pavimentada
3349,25453,RUA CAPITAO FRANCISCO RAMOS,Rua Capitão Francisco Ramos,R. Cap Francisco Ramos,S,Via Pavimentada
3460,26433,RUA CAPITAO GERALDO OLIVEIRA,Rua Capitão Geraldo Oliveira,R. Cap Geraldo Oliveira,S,Via Pavimentada
3541,27456,RUA CAPITAO GREGORIO DE ALBUQUERQUE,Rua Capitão Gregório de Albuquerque,R. Cap Gregorio de Albuquerque,P,Via Parcialmente Pavimentada
4049,32107,RUA CAPITAO JACINTO DA CRUZ,Rua Capitão Jacinto da Cruz,R. Cap Jacinto da Cruz,S,Via Pavimentada
4146,33049,RUA CAPITAO JERONIMO AMARAL,Rua Capitão Jerônimo Amaral,R. Cap Jeronimo Amaral,P,Via Parcialmente Pavimentada
4180,33294,RUA CAPITAO JOAO DE ALBUQUERQUE,Rua Capitão João de Albuquerque,R. Cap João de Albuquerque,S,Via Pavimentada
4257,33944,RUA CAPITAO JOAO LOPES,Rua Capitão João Lopes,R. Cap João Lopes,N,Via Não Pavimentada
4286,34207,RUA CAPITAO JOAO PONTES,Rua Capitão João Pontes,R. Cap João Pontes,N,Via Não Pavimentada
4295,34290,RUA CAPITAO JOAO ROMA,Rua Capitão João Roma,R. Cap João Roma,S,Via Pavimentada
4495,36153,RUA CAPITAO JOSE DA LUZ,Rua Capitão José da Luz,R. Cap José da Luz,S,Via Pavimentada
4525,36390,RUA CAPITAO JOSE NOGUEIRA COSTA,Rua Capitão José Nogueira Costa,R. Cap José Nogueira Costa,S,Via Pavimentada
4802,38857,RUA CAPITAO LIMA,Rua Capitão Lima,R. Cap Lima,S,Via Pavimentada
8696,77127,RUA CAPITAO LOPES BRAGANCA,Rua Capitão Lopes Bragança,R. Cap Lopes Braganca,S,Via Pavimentada
4906,39845,RUA CAPITAO LUIZ DORNELES,Rua Capitão Luiz Dorneles,R. Cap Luiz Dorneles,S,Via Pavimentada
5058,41220,RUA CAPITAO MANUEL DE AGUIAR,Rua Capitão Manuel de Aguiar,R. Cap Manuel de Aguiar,N,Via Não Pavimentada
5067,41319,RUA CAPITAO MANUEL DE ARAUJO MIRANDA,Rua Capitão Manuel de Araujo Miranda,R. Cap Manuel de Araujo Miranda,S,Via Pavimentada
5140,42005,RUA CAPITAO MANUEL MUNIZ,Rua Capitão Manuel Muniz,R. Cap Manuel Muniz,P,Via Parcialmente Pavimentada
6001,49867,RUA CAPITAO PAULO TEIXEIRA,Rua Capitão Paulo Teixeira,R. Cap Paulo Teixeira,N,Via Não Pavimentada
6051,50342,RUA CAPITAO PEDRO MIRANDA,Rua Capitão Pedro Miranda,R. Cap Pedro Miranda,S,Via Pavimentada
6244,52043,RUA CAPITAO PONCIANO,Rua Capitão Ponciano,R. Cap Ponciano,S,Via Pavimentada
6759,56863,RUA CAPITAO REBELINHO,Rua Capitão Rebelinho,R. Cap Rebelinho,S,Via Pavimentada
496,56979,RUA CAPITAO REGINALDO CARNEIRO DA CUNHA,Rua Capitão Reginaldo Carneiro da Cunha,R. Cap Reginaldo Carneiro da Cunha,S,Via Pavimentada
7032,59668,RUA CAPITAO RUY LUCENA,Rua Capitão Ruy Lucena,R. Cap Ruy Lucena,S,Via Pavimentada
6394,53503,RUA CAPITAO SALGUEIRO,Rua Capitão Salgueiro,R. Cap Salgueiro,S,Via Pavimentada
6406,53619,RUA CAPITAO SAMPAIO XAVIER,Rua Capitão Sampaio Xavier,R. Cap Sampaio Xavier,S,Via Pavimentada
6505,54429,RUA CAPITAO SEBASTIAO FERREIRA,Rua Capitão Sebastião Ferreira,R. Cap Sebastiao Ferreira,N,Via Não Pavimentada
7121,60496,RUA CAPITAO TEMUDO,Rua Capitão Temudo,R. Cap Temudo,S,Via Pavimentada
10306,98701,RUA CAPITAO VALDIR,Rua Capitão Valdir,R. Capitão Valdir,P,Via Parcialmente Pavimentada
7573,64343,RUA CAPITAO VICENTE CURADO,Rua Capitão Vicente Curado,R. Cap Vicente Curado,S,Via Pavimentada
37,64408,RUA CAPITAO VICENTE DA MOTA,Rua Capitão Vicente da Mota,R. Cap Vicente da Mota,S,Via Pavimentada
7338,64416,RUA CAPITAO VICENTE MOUTINHO,Rua Capitão Vicente Moutinho,R. Cap Vicente Moutinho,S,Via Pavimentada
7685,65560,RUA CAPITAO WALDIR DE MELO,Rua Capitão Waldir de Melo,R. Cap Waldir de Melo,N,Via Não Pavimentada
8647,76392,RUA CAPITAO WALTER HENRIQUE,Rua Capitão Walter Henrique,R. Cap Walter Henrique,S,Via Pavimentada
7710,65838,RUA CAPITAO ZUZINHA,Rua Capitão Zuzinha,R. Cap Zuzinha,S,Via Pavimentada
2153,14532,RUA CAPITOLIO,Rua Capitólio,R. Capitolio,S,Via Pavimentada
1920,12157,RUA CAPIVARI,Rua Capivari,R. Capivari,X,Não definida
2159,14605,RUA CAPRICHO,Rua Capricho,R. Capricho,P,Via Parcialmente Pavimentada
9080,81736,RUA CAPUTIRA,Rua Caputira,R. Caputira,N,Via Não Pavimentada
2156,14575,RUA CAPY,Rua Capy,R. Capy,S,Via Pavimentada
418,120286,RUA CAQUETA,Rua Caqueta,R. Caqueta,S,Via Pavimentada
8688,77003,RUA CARACATUBA,Rua Caraçatuba,R. Caracatuba,P,Via Parcialmente Pavimentada
2160,14613,RUA CARACITUBA,Rua Caracituba,R. Caracituba,P,Via Parcialmente Pavimentada
8024,69566,RUA CARAIBA,Rua Caraiba,R. Caraiba,N,Via Não Pavimentada
10999,113735,RUA CARAIBA,Rua Caraíba,R. Caraiba,S,Via Pavimentada
9844,90492,RUA CARAIPE,Rua Caraipe,R. Caraipe,P,Via Parcialmente Pavimentada
8099,70335,RUA CARAIPE,Rua Caraípe,R. Caraipe,S,Via Pavimentada
2899,21288,RUA CARAJA,Rua Carajá,R. Carajá,N,Via Não Pavimentada
11002,113760,RUA CARAJA,Rua Carajá,R. Caraja,S,Via Pavimentada
2164,14664,RUA CARAMURU,Rua Caramuru,R. Caramuru,N,Via Não Pavimentada
5711,47295,RUA CARAMURU,Rua Caramuru,R. Caramuru,N,Via Não Pavimentada
9845,90506,RUA CARANAIBA,Rua Caranaíba,R. Caranaiba,N,Via Não Pavimentada
10229,97004,RUA CARANDAI,Rua Carandai,Rua Carandai,P,Via Parcialmente Pavimentada
9850,90549,RUA CARANDAI,Rua Carandaí,R. Carandai,P,Via Parcialmente Pavimentada
11874,705020,RUA CARANGOLA,Rua Carangola,R. Carangola,X,Não definida
2166,14680,RUA CARAPEBA,Rua Carapeba,R. Carapeba,S,Via Pavimentada
9851,90557,RUA CARAPICUIBA,Rua Carapicuíba,R. Carapicuiba,N,Via Não Pavimentada
10380,99600,RUA CARAPO,Rua Carapó,R. Carapo,S,Via Pavimentada
2168,14710,RUA CARATINGA,Rua Caratinga,R. Caratinga,S,Via Pavimentada
2170,14729,RUA CARAUBAS,Rua Caraúbas,R. Caraubas,S,Via Pavimentada
2172,14737,RUA CARAVELAS,Rua Caravelas,R. Caravelas,S,Via Pavimentada
2162,14648,RUA CARAYBAS,Rua Caraybas,R. Caraybas,S,Via Pavimentada
9328,84700,RUA CARBONITA,Rua Carbonita,R. Carbonita,N,Via Não Pavimentada
9881,90883,RUA CARBONITA,Rua Carbonita,R. Carbonita,X,Não definida
9248,83810,RUA CARCERES,Rua Cárceres,R. Carceres,S,Via Pavimentada
7777,66540,RUA CARDEAL,Rua Cardeal,R. Cardeal,N,Via Não Pavimentada
1411,7641,RUA CARDEAL ARCOVERDE,Rua Cardeal Arcoverde,R. Cardeal Arcoverde,S,Via Pavimentada
1545,8893,RUA CARDEAL D AUGUSTO,Rua Cardeal Dom Augusto,R. Cardeal Dom Augusto,S,Via Pavimentada
2178,14770,RUA CARDOSO REIS,Rua Cardoso Reis,R. Cardoso Reis,S,Via Pavimentada
9880,90875,RUA CAREACU,Rua Careaçu,R. Careacu,N,Via Não Pavimentada
3577,27499,RUA CAREIRO,Rua Careiro,R. Careiro,N,Via Não Pavimentada
8788,78247,RUA CARICE,Rua Caricé,R. Carice,N,Via Não Pavimentada
2180,14800,RUA CARIJOS,Rua Carijós,R. Carijos,S,Via Pavimentada
1267,14818,RUA CARIMA,Rua Carimã,R. Carima,S,Via Pavimentada
2182,14869,RUA CARLOPOLIS,Rua Carlópolis,R. Carlopolis,S,Via Pavimentada
9336,84832,RUA CARLOS ALBERTO BARBOSA,Rua Carlos Alberto Barbosa,R. Carlos Alberto Barbosa,N,Via Não Pavimentada
2185,14885,RUA CARLOS ALBERTO VALENCA,Rua Carlos Alberto Valença,R. Carlos Alberto Valenca,S,Via Pavimentada
11589,121746,RUA CARLOS AUGUSTO VALENCA,Rua Carlos Augusto Valença,R. Carlos Augusto Valenca,X,Não definida
2171,14915,RUA CARLOS BORROMEU,Rua Carlos Borromeu,R. Carlos Borromeu,S,Via Pavimentada
2188,14923,RUA CARLOS DE BRITO,Rua Carlos de Brito,R. Carlos de Brito,S,Via Pavimentada
2201,15008,RUA CARLOS DE LAET,Rua Carlos de Laet,R. Carlos de Laet,N,Via Não Pavimentada
2209,15075,RUA CARLOS DE OLIVEIRA FILHO,Rua Carlos de Oliveira Filho,R. Carlos de Oliveira Filho,P,Via Parcialmente Pavimentada
2191,14958,RUA CARLOS ESTEVAO,Rua Carlos Estevão,R. Carlos Estevao,S,Via Pavimentada
2192,14966,RUA CARLOS FERNANDES,Rua Carlos Fernandes,R. Carlos Fernandes,S,Via Pavimentada
2194,14974,RUA CARLOS FERREIRA DA CRUZ,Rua Carlos Ferreira da Cruz,R. Carlos Ferreira da Cruz,N,Via Não Pavimentada
2196,14982,RUA CARLOS GOMES,Rua Carlos Gomes,R. Carlos Gomes,S,Via Pavimentada
7837,67229,RUA CARLOS LAMARCA,Rua Carlos Lamarca,R. Carlos Lamarca,S,Via Pavimentada
2206,15040,RUA CARLOS LIRA FILHO,Rua Carlos Lira Filho,R. Carlos Lira Filho,S,Via Pavimentada
2207,15059,RUA CARLOS LUIZ,Rua Carlos Luiz,R. Carlos Luiz,S,Via Pavimentada
7940,68292,RUA CARLOS MARIGHELLA,Rua Carlos Marighella,R. Carlos Marighella,S,Via Pavimentada
2210,15083,RUA CARLOS PENA FILHO,Rua Carlos Pena Filho,R. Carlos Pena Filho,P,Via Parcialmente Pavimentada
2211,15091,RUA CARLOS PEREIRA FALCAO,Rua Carlos Pereira Falcão,R. Carlos Pereira Falcão,S,Via Pavimentada
2212,15105,RUA CARLOS PERY DE LEMOS,Rua Carlos Pery de Lemos,R. Carlos Pery de Lemos,S,Via Pavimentada
11890,705543,RUA CARLOS PESSOA DE MELO,Rua Carlos Pessoa de Melo,R. Carlos Pessoa de Melo,S,Via Pavimentada
2213,15113,RUA CARLOS PORTO CARREIRO,Rua Carlos Porto Carreiro,R. Carlos Porto Carreiro,P,Via Parcialmente Pavimentada
2214,15121,RUA CARLOS RIOS,Rua Carlos Rios,R. Carlos Rios,P,Via Parcialmente Pavimentada
2215,15130,RUA CARLOS SALAZAR,Rua Carlos Salazar,R. Carlos Salazar,X,Não definida
4201,33456,RUA CARLOS VANILDO PIRES,Rua Carlos Vanildo Pires,R. Carlos Vanildo Pires,X,Não definida
1294,6505,RUA CARLOS XAVIER PAES BARRETO,Rua Carlos Xavier Paes Barreto,R. Carlos Xavier Paes Barreto,S,Via Pavimentada
2218,15164,RUA CARMEM,Rua Carmem,R. Carmem,S,Via Pavimentada
2220,15180,RUA CARMEN DE SOUZA LEAO,Rua Carmem de Souza Leão,R. Carmen de Souza Leão,S,Via Pavimentada
2221,15199,RUA CARMESIA,Rua Carmésia,R. Carmesia,S,Via Pavimentada
109,15202,RUA CARMINHA,Rua Carminha,R. Carminha,N,Via Não Pavimentada
2222,15229,RUA CARMOPOLIS,Rua Carmópolis,R. Carmopolis,S,Via Pavimentada
2223,15237,RUA CARNAIBA,Rua Carnaíba,R. Carnaiba,S,Via Pavimentada
9852,90565,RUA CARNAUBAL,Rua Carnaubal,R. Carnaubal,N,Via Não Pavimentada
2225,15253,RUA CARNEIRO DE MARIZ,Rua Carneiro de Mariz,R. Carneiro de Mariz,S,Via Pavimentada
2227,15261,RUA CARNEIRO PESSOA,Rua Carneiro Pessoa,R. Carneiro Pessoa,S,Via Pavimentada
2228,15270,RUA CARNEIRO VILELA,Rua Carneiro Vilela,R. Carneiro Vilela,S,Via Pavimentada
2230,15288,RUA CARNIJO,Rua Carnijo,R. Carnijo,S,Via Pavimentada
2232,15300,RUA CAROBA,Rua Caroba,R. Caroba,N,Via Não Pavimentada
9333,84794,RUA CAROLINA MARTINS SOBRAL,Rua Carolina Martins Sobral,R. Carolina Martins Sobral,S,Via Pavimentada
2235,15342,RUA CARPINA,Rua Carpina,R. Carpina,S,Via Pavimentada
8025,69574,RUA CARQUEJA,Rua Carqueja,R. Carqueja,N,Via Não Pavimentada
2240,15385,RUA CARUARU,Rua Caruaru,R. Caruaru,S,Via Pavimentada
1923,12173,RUA CARUAURI,Rua Caruauri,R. Carauari,N,Via Não Pavimentada
2242,15407,RUA CARVALHO DE MENDONCA,Rua Carvalho de Mendonça,R. Carvalho de Mendonca,S,Via Pavimentada
2244,15423,RUA CASA AMARELA,Rua Casa Amarela,R. Casa Amarela,S,Via Pavimentada
2246,15440,RUA CASA BRANCA,Rua Casa Branca,R. Casa Branca,N,Via Não Pavimentada
2251,15490,RUA CASCADURA,Rua Cascadura,R. Cascadura,N,Via Não Pavimentada
7455,63169,RUA CASCATA,Rua Cascata,R. Cascata,P,Via Parcialmente Pavimentada
8037,69680,RUA CASEARA,Rua Caseara,R. Caseara,X,Não definida
2252,15504,RUA CASSATUBA,Rua Cassatuba,R. Cassatuba,S,Via Pavimentada
9205,83224,RUA CASSIA,Rua Cássia,R. Cassia,S,Via Pavimentada
2253,15512,RUA CASSIANO,Rua Cassiano,R. Cassiano,S,Via Pavimentada
2255,15520,RUA CASSIANO LEITE,Rua Cassiano Leite,R. Cassiano Leite,S,Via Pavimentada
2257,15547,RUA CASSILANDIA,Rua Cassilandia,R. Cassilandia,N,Via Não Pavimentada
2258,15555,RUA CASSIMIRO DE ABREU,Rua Cassimiro de Abreu,R. Cassimiro de Abreu,S,Via Pavimentada
9198,83119,RUA CASSIPORE,Rua Cassiporé,R. Cassipore,S,Via Pavimentada
2260,15571,RUA CASSITERITA,Rua Cassiterita,R. Cassiterita,P,Via Parcialmente Pavimentada
2261,15580,RUA CASTANHAL,Rua Castanhal,R. Castanhal,S,Via Pavimentada
2265,15601,RUA CASTELANDIA,Rua Castelândia,R. Castelandia,S,Via Pavimentada
2273,15695,RUA CASTELO,Rua Castelo,R. Castelo,N,Via Não Pavimentada
2267,15636,RUA CASTOR,Rua Castor,R. Castor,S,Via Pavimentada
2268,15644,RUA CASTRO ALVES,Rua Castro Alves,R. Castro Alves,S,Via Pavimentada
2269,15652,RUA CASTRO LEAO,Rua Castro Leão,R. Castro Leao,S,Via Pavimentada
2270,15660,RUA CASTRO MENEZES,Rua Castro Menezes,R. Castro Menezes,N,Via Não Pavimentada
5297,43478,RUA CATAGI,Rua Catagi,R. Catagi,S,Via Pavimentada
8305,72664,RUA CATAGUASES,Rua Cataguases,R. Cataguases,N,Via Não Pavimentada
9705,89060,RUA CATALAO,Rua Catalão,R. Catalao,S,Via Pavimentada
2271,15687,RUA CATALHAO,Rua Catalhão,R. Catalhao,S,Via Pavimentada
1274,14087,RUA CATANHEDE,Rua Catanhede,R. Catanhede,S,Via Pavimentada
2279,15741,RUA CATENDE,Rua Catende,R. Catende,P,Via Parcialmente Pavimentada
2280,15750,RUA CATIARA,Rua Catiara,R. Catiara,N,Via Não Pavimentada
8510,74721,RUA CATIGUA,Rua Catiguá,R. Catigua,S,Via Pavimentada
478,75795,RUA CATIMBAU,Rua Catimbau,R. Catimbau,S,Via Pavimentada
2281,15768,RUA CATOLANDIA,Rua Catolândia,R. Catolandia,P,Via Parcialmente Pavimentada
2284,15784,RUA CATOLE DO ROCHA,Rua Catolé do Rocha,R. Catole do Rocha,S,Via Pavimentada
9854,90573,RUA CATUIRA,Rua Catuira,R. Catuira,N,Via Não Pavimentada
2287,15814,RUA CATULO DA PAIXAO CEARENSE,Rua Catulo da Paixão Cearense,R. Catulo da Paixao Cearense,S,Via Pavimentada
2289,15830,RUA CATUME,Rua Catumé,R. Catume,N,Via Não Pavimentada
2290,15849,RUA CATURAI,Rua Caturai,R. Caturai,P,Via Parcialmente Pavimentada
2291,15857,RUA CATURAMA,Rua Caturama,R. Caturama,P,Via Parcialmente Pavimentada
2293,15865,RUA CATURITE,Rua Caturité,R. Caturite,S,Via Pavimentada
2294,15873,RUA CAUCAIA,Rua Caucáia,R. Caucaia,S,Via Pavimentada
10761,110566,RUA CAURE,Rua Caurê,R. Caure,N,Via Não Pavimentada
8806,78468,RUA CAVALA,Rua Cavala,R. Cavala,S,Via Pavimentada
8546,75230,RUA CAVIANA,Rua Caviana,R. Caviana,S,Via Pavimentada
2298,15890,RUA CAXAMBU,Rua Caxambu,R. Caxambu,S,Via Pavimentada
8932,80020,RUA CAXANGA AGAPE,Rua Caxangá Ágape,R. Caxanga Agape,S,Via Pavimentada
2314,15920,RUA CEARA,Rua Ceará,R. Ceara,S,Via Pavimentada
2315,15938,RUA CEARA MIRIM,Rua Ceará Mirim,R. Ceará Mirim,N,Via Não Pavimentada
11470,120308,RUA CECILIA MEIRELES,Rua Cecília Meireles,R. Cecilia Meireles,N,Via Não Pavimentada
2318,15962,RUA CECILIA REIS,Rua Cecília Reis,R. Cecilia Reis,S,Via Pavimentada
2320,15989,RUA CEDRO,Rua Cedro,R. Cedro,S,Via Pavimentada
9488,86746,RUA CELCINA MAIA PEREIRA,Rua Celcina Maia Pereira,R. Celcina Maia Pereira,S,Via Pavimentada
2295,15997,RUA CELESTE,Rua Celeste,R. Celeste,X,Não definida
2299,16012,RUA CELESTINO NEVES,Rua Celestino Neves,R. Celestino Neves,S,Via Pavimentada
2385,16683,RUA CELIA,Rua Célia,R. Celia,N,Via Não Pavimentada
8955,80268,RUA CELINA,Rua Celina,R. Celina,S,Via Pavimentada
2390,16721,RUA CELIO TAVARES,Rua Celio Tavares,R. Celio Tavares,N,Via Não Pavimentada
5857,48780,RUA CENDHEC,Rua CENDHEC,R. Cendhec,N,Via Não Pavimentada
7895,67784,RUA CENTENARIO,Rua Centenário,R. Centenario,P,Via Parcialmente Pavimentada
11554,121401,RUA CENTENARIO DA ABOLICAO,Rua Centenário da Abolição,R. Centenario da Abolicao,X,Não definida
9734,89117,RUA CENTENARIO DO SUL,Rua Centenário do Sul,R. Centenario do Sul,S,Via Pavimentada
8416,73911,RUA CENTO E TRINTA E CINCO,Rua Cento e Trinta e Cinco,R. Cento e Trinta e Cinco,S,Via Pavimentada
2431,16780,RUA CENTRALINA,Rua Centralina,R. Centralina,S,Via Pavimentada
10966,113204,RUA CEREJEIRA,Rua Cerejeira,R.  Cerejeira,N,Via Não Pavimentada
2432,16802,RUA CERES,Rua Ceres,R. Ceres,S,Via Pavimentada
2433,16810,RUA CERRO AZUL,Rua Cerro Azul,R. Cerro Azul,S,Via Pavimentada
2367,16497,RUA CERRO CORA,Rua Cerro Cora,R. Cerro Cora,S,Via Pavimentada
2368,16500,RUA CERRO LARGO,Rua Cerro Largo,R. Cerro Largo,S,Via Pavimentada
2370,16527,RUA CERRO NEGRO,Rua Cerro Negro,R. Cerro Negro,P,Via Parcialmente Pavimentada
2371,16535,RUA CESAR LOUREIRO,Rua César Loureiro,R. Cesar Loureiro,S,Via Pavimentada
9234,83615,RUA CEU AZUL,Rua Céu Azul,R. Ceu Azul,S,Via Pavimentada
8493,74497,RUA CEZARIA CAMPELLO,Rua Cezária Campello,R. Cezaria Campello,N,Via Não Pavimentada
6396,53538,RUA CGT,Rua CGT,R. Cgt,N,Via Não Pavimentada
2378,16608,RUA CHA DE ALEGRIA,Rua Chã de Alegria,R. Cha de Alegria,S,Via Pavimentada
103,6963,RUA CHA GRANDE,Rua Chã Grande,R. Cha Grande,S,Via Pavimentada
8306,72672,RUA CHALE,Rua Chalé,R. Chale,N,Via Não Pavimentada
9482,86665,RUA CHAPADA,Rua Chapada,R. Chapada,N,Via Não Pavimentada
8307,72680,RUA CHAPADA DO NORTE,Rua Chapada do Norte,R. Chapada do Norte,N,Via Não Pavimentada
112,16640,RUA CHAPECO,Rua Chapecó,R. Chapeco,S,Via Pavimentada
10367,99422,RUA CHA PRETO,Rua Chá Preta,R.  Chá  Preta,S,Via Pavimentada
2344,16292,RUA CHAVAL,Rua Chaval,R. Chaval,X,Não definida
2347,16314,RUA CHAVES MARTINS,Rua Chaves Martins,R. Chaves Martins,S,Via Pavimentada
11474,120340,RUA CHEGA DE SAUDADE,Rua Chega de Saudade,R. Chega de Saudade,N,Via Não Pavimentada
8308,72699,RUA CHIADOR,Rua Chiador,R. Chiador,N,Via Não Pavimentada
2348,16322,RUA CHICHORRO DA GAMA,Rua Chichorro da Gama,R. Chichorro da Gama,S,Via Pavimentada
7498,63592,RUA CHICO MENDES,Rua Chico Mendes,R. Chico Mendes,S,Via Pavimentada
2384,16675,RUA CHILE,Rua Chile,R. Chile,P,Via Parcialmente Pavimentada
7828,67130,RUA CHORAO,Rua Chorão,R. Chorao,N,Via Não Pavimentada
2300,16020,RUA CHUI,Rua Chuí,R. Chui,N,Via Não Pavimentada
9888,90956,RUA CIANA,Rua Ciana,R. Ciana,X,Não definida
2349,16330,RUA CIANORTE,Rua Cianorte,R. Cianorte,S,Via Pavimentada
2350,16349,RUA CIBELE,Rua Cibele,R. Cibele,P,Via Parcialmente Pavimentada
9588,100102,RUA CICERO DIAS,Rua Cícero Dias,R. Cicero Dias,S,Via Pavimentada
2352,16373,RUA CICERO DIAS DA CRUZ,Rua Cícero Dias da Cruz,R. Cicero Dias da Cruz,S,Via Pavimentada
10160,95745,RUA CIDADE DE DEUS,Rua Cidade de Deus,R. Cidade de Deus,N,Via Não Pavimentada
7968,68624,RUA CIDADE DO PORTO,Rua Cidade do Porto,R. Cidade do Porto,N,Via Não Pavimentada
43,72303,RUA CIDRA,Rua Cidra,R. Cidra,S,Via Pavimentada
11473,120332,RUA CIENTISTA ALBERT SABIN,Rua Cientista Albert Sabin,R. Cientista Albert Sabin,N,Via Não Pavimentada
9385,85600,RUA CIENTISTA NELSON CHAVES,Rua Cientista Nelson Chaves,R. Cientista Nelson Chaves,S,Via Pavimentada
3812,29610,RUA CIENTISTA NILSON REZENDE,Rua Cientista Nilson Rezende,R. Cientista Nilson Rezende,S,Via Pavimentada
11482,120421,RUA CIENTISTA OSWALDO LIMA,Rua Cientista Oswaldo Lima,R. Cientista Oswaldo Lima,N,Via Não Pavimentada
2357,16411,RUA CINCO DE JULHO,Rua Cinco de Julho,R. Cinco de Julho,S,Via Pavimentada
2358,16420,RUA CINCO DE MAIO,Rua Cinco de Maio,R. Cinco de Maio,N,Via Não Pavimentada
2359,16438,RUA CINCO DE NOVEMBRO,Rua Cinco de Novembro,R. Cinco de Novembro,S,Via Pavimentada
10074,94374,RUA CINCO DE SETEMBRO,Rua Cinco de Setembro,R. Cinco de Setembro,N,Via Não Pavimentada
11508,120723,RUA CINQUENTA E DOIS,Rua Cinquenta e Dois,R. Ciquenta e Dois,N,Via Não Pavimentada
9138,82384,RUA CINTRA,Rua Cintra,R. Cintra,S,Via Pavimentada
8822,78620,RUA CIOBA,Rua Cioba,R. Cioba,S,Via Pavimentada
2366,16470,RUA CIPOTANIA,Rua Cipotânia,R. Cipotania,N,Via Não Pavimentada
2303,16047,RUA CIRILINO AFONSO DE MELO,Rua Cirilino Afonso de Melo,R. Cirilino Afonso de Melo,N,Via Não Pavimentada
2304,16055,RUA CIRILO BARRETO,Rua Cirilo Barreto,R. Cirilo Barreto,S,Via Pavimentada
9904,91324,RUA CISNEIROS,Rua Cisneiros,R. Cisneiros,S,Via Pavimentada
2326,16101,RUA CLARA,Rua Clara,R. Clara,N,Via Não Pavimentada
2328,16110,RUA CLARA BASBAUM,Rua Clara Basbaum,R. Clara Basbaum,S,Via Pavimentada
5282,43427,RUA CLARAIBA,Rua Claraíba,R. Claraiba,S,Via Pavimentada
8411,73865,RUA CLARANA,Rua Claranã,R. Clarana,N,Via Não Pavimentada
8141,70777,RUA CLARICE DE OLIVEIRA,Rua Clarice de Oliveira,R. Clarice de Oliveira,S,Via Pavimentada
4544,36587,RUA CLARICE LISPECTOR,Rua Clarice Lispector,R. Clarice Lispector,P,Via Parcialmente Pavimentada
4078,32336,RUA CLARICE LISPECTOR,Rua Clarice Lispector,R. Clarice Lispector,P,Via Parcialmente Pavimentada
2332,16160,RUA CLARINIA,Rua Clarínia,R. Clarinia,S,Via Pavimentada
2337,16217,RUA CLAUDINO DOS SANTOS,Rua Claudino dos Santos,R. Claudino Dos Santos,P,Via Parcialmente Pavimentada
2333,16179,RUA CLAUDINO JOSE DE LIMA,Rua Claudino José de Lima,R. Claudino José de Lima,S,Via Pavimentada
2334,16187,RUA CLAUDIO BARBOSA AGUIAR,Rua Cláudio Barbosa Aguiar,R. Claudio Barbosa Aguiar,N,Via Não Pavimentada
2335,16195,RUA CLAUDIO BROTHERHOOD,Rua Claudio Brotherhood,R. Claudio Brotherhood,S,Via Pavimentada
4167,33146,RUA CLAUDIO DA HORA,Rua Cláudio da Hora,R. Claudio da Hora,X,Não definida
11774,126900,RUA CLAUDIO GALVAO NERY DA SILVA,RUA CLAUDIO GALVÃO NERY DA SILVA,R. Claudio Galvão Nery da Silva,S,Via Pavimentada
2336,16209,RUA CLAUDIO MANUEL,Rua Cláudio Manuel,R. Claudio Manuel,N,Via Não Pavimentada
2341,16250,RUA CLEMENTE PEREIRA,Rua Clemente Pereira,R. Clemente Pereira,S,Via Pavimentada
7826,67113,RUA CLEO DA ROCHA WIEDERMANN,Rua Cléo da Rocha Wiedermann,R. Cleo da Rocha Wiedermann,P,Via Parcialmente Pavimentada
2435,16829,RUA CLETO CAMPELO,Rua Cleto Campelo,R. Cleto Campelo,S,Via Pavimentada
2436,16837,RUA CLETO PRAIA,Rua Cleto Praia,R. Cleto Praia,S,Via Pavimentada
2437,16845,RUA CLEVELANDIA,Rua Clevelândia,R. Clevelandia,S,Via Pavimentada
10967,113212,RUA CLODOALDO DA SILVA TORRES,Rua  Clodoaldo da Silva Torres,R. Clodoaldo da Silva Torres,N,Via Não Pavimentada
2438,16853,RUA CLODOALDO DE SOUZA,Rua Clodoaldo de Souza,R. Clodoaldo de Souza,S,Via Pavimentada
2409,16870,RUA CLODOMIRO SELVA,Rua Clodomiro Selva,R. Clodomiro Selva,S,Via Pavimentada
2394,16896,RUA CLOTILDE DE OLIVEIRA,Rua Clotilde de Oliveira,R. Clotilde de Oliveira,P,Via Parcialmente Pavimentada
2393,16888,RUA CLOTILDE MACHADO,Rua Clotilde Machado,R. Clotilde Machado,N,Via Não Pavimentada
2395,16900,RUA CLOVIS AVILA,Rua Clóvis Ávila,R. Clovis Avila,S,Via Pavimentada
2397,16918,RUA CLOVIS BEVILAQUA,Rua Clóvis Beviláqua,R. Clovis Bevilaqua,S,Via Pavimentada
2400,16942,RUA CLOVIS DA SILVEIRA BARROS,Rua Clóvis da Silveira Barros,R. Clovis da Silveira Barros,S,Via Pavimentada
8639,76317,RUA CLOVIS PEIXOTO,Rua Clovis Peixoto,R. Clovis Peixoto,S,Via Pavimentada
2401,16950,RUA CLUBE NAUTICO CAPIBARIBE,Rua Clube Náutico Capibaribe,R. Clube Nautico Capibaribe,S,Via Pavimentada
8968,80381,RUA COARIZ,Rua Coariz,R. Coariz,X,Não definida
2404,16993,RUA COCAL,Rua Cocal,R. Cocal,X,Não definida
2411,17027,RUA CODAJAS,Rua Codajas,R. Codajas,N,Via Não Pavimentada
2440,17060,RUA COELHO LEITE,Rua Coelho Leite,R. Coelho Leite,S,Via Pavimentada
2441,17078,RUA COELHO NETO,Rua Coelho Neto,R. Coelho Neto,P,Via Parcialmente Pavimentada
2442,17086,RUA COIMBRA,Rua Coimbra,R. Coimbra,S,Via Pavimentada
2443,17094,RUA COITEGI,Rua Coitegi,R. Coitegi,S,Via Pavimentada
2444,17108,RUA COLARES,Rua Colares,R. Colares,N,Via Não Pavimentada
2446,17116,RUA COLATINA,Rua Colatina,R. Colatina,S,Via Pavimentada
2448,17124,RUA COLINA DOS ANDES,Rua Colina dos Andes,R. Colina Dos Andes,S,Via Pavimentada
8030,69620,RUA COLINAS DO TOCANTINS,Rua Colinas do Tocantins,R. Colinas do Tocantins,S,Via Pavimentada
8045,69779,RUA COLMEIA,Rua Colmeia,R. Colmeia,N,Via Não Pavimentada
2450,17140,RUA COLOMBIA,Rua Colômbia,R. Colombia,X,Não definida
2452,17167,RUA COLONIA,Rua Colonia,R. Colonia,N,Via Não Pavimentada
2453,17175,RUA COLONIA ISABEL,Rua Colônia Isabel,R. Colônia Isabel,S,Via Pavimentada
10143,95486,RUA COLONIA LEOPOLDINA,Rua Colônia Leopoldina,R. Colonia Leopoldina,X,Não definida
6544,54755,RUA COLORADO,Rua Colorado,R. Colorado,S,Via Pavimentada
10323,98876,RUA COLORADO,Rua Colorado,R. Colorado,N,Via Não Pavimentada
1461,8095,RUA COMANDANTE ARNALDO DA COSTA VARELA,Rua Comandante Arnaldo da Costa Varela,R. Comandante Arnaldo da Costa Varela,N,Via Não Pavimentada
4717,38300,RUA COMANDANTE CARLOS ALBERTO BARROS,Rua Comandante Carlos Alberto Barros,R. Comandante Carlos Alberto Barros,S,Via Pavimentada
3421,26077,RUA COMANDANTE GARCIA D'AVILLA,Rua Comandante Garcia D`Avila,R. Comandante Garcia D`Avilla,S,Via Pavimentada
7984,68896,RUA COMBINADO,Rua Combinado,R. Combinado,X,Não definida
7216,61271,RUA COMENDADOR ADELINO GONCALVES,Rua Comendador Adelino Gonçalves,R. Comendador Adelino Gonçalves,S,Via Pavimentada
453,3646,RUA COMENDADOR ALVARES DE CARVALHO,Rua Comendador Álvares de Carvalho,R. Comendador Alvares de Carvalho,S,Via Pavimentada
1795,11002,RUA COMENDADOR BENTO AGUIAR,Rua Comendador Bento Aguiar,R. Comendador Bento Aguiar,S,Via Pavimentada
1813,11240,RUA COMENDADOR BERNARDINO COSTA,Rua Comendador Bernardino Costa,R. Comendador Bernardino Costa,S,Via Pavimentada
9032,81175,RUA COMENDADOR ELIAS JORGE KABBAZ,Rua Comendador Elias Jorge Kabbaz,R. Comendador Elias Jorge Kabbaz,P,Via Parcialmente Pavimentada
3365,25623,RUA COMENDADOR FRANCO FERREIRA,Rua Comendador Franco Ferreira,R. Comendador Franco Ferreira,S,Via Pavimentada
4587,36927,RUA COMENDADOR JOSE VITA,Rua Comendador José Vita,R. Comendador José Vita,S,Via Pavimentada
5480,45160,RUA COMENDADOR MORAES,Rua Comendador Moraes,R. Comendador Moraes,S,Via Pavimentada
6348,52930,RUA COMENDADOR QUEIROZ DE OLIVEIRA,Rua Comendador Queiroz de Oliveira,R. Comendador Queiroz de Oliveira,S,Via Pavimentada
5806,48160,RUA COMISSARIO OTHON COUCEIRO,Rua Comissário Othon Couceiro,R. Comissario Othon Couceiro,N,Via Não Pavimentada
1200,5975,RUA COMPOSITOR ANTONIO MARIA,Rua Compositor Antônio Maria,R. Comp Antônio Maria,S,Via Pavimentada
1537,8818,RUA COMPOSITOR ATAULFO ALVES,Rua Compositor Ataulfo Alves,R. Comp Ataulfo Alves,X,Não definida
8466,74462,RUA COMPOSITOR EDGAR MORAES,Rua Compositor Edgar Moraes,R. Comp Edgar Moraes,P,Via Parcialmente Pavimentada
10044,93491,RUA COMPOSITOR GILDO BRANCO,Rua Compositor Gildo Branco,R. Comp Gildo Branco,N,Via Não Pavimentada
360,35,RUA COMPOSITOR JOAO SANTIAGO,Rua Compositor João Santiago,R. Comp João Santiago,S,Via Pavimentada
7722,65978,RUA COMPOSITOR JOAO VALENCA,Rua Compositor João Valença,R. Comp João Valenca,S,Via Pavimentada
4445,35688,RUA COMPOSITOR JOSE DANTAS,Rua Compositor José Dantas,R. Comp José Dantas,S,Via Pavimentada
9489,86754,RUA COMPOSITOR JOSE GONCALVES JUNIOR,Rua Compositor José Gonçalves Júnior,R. Comp José Gonçalves Junior,S,Via Pavimentada
9125,82252,RUA COMPOSITOR LUIZ BANDEIRA,Rua Compositor Luiz Bandeira,R. Comp Luiz Bandeira,N,Via Não Pavimentada
353,126861,RUA COMPOSITOR MARIO GRIZ,RUA COMPOSITOR MÁRIO GRIZ,R. Compositor Mário Griz,S,Via Pavimentada
6743,56790,RUA COMPOSITOR RAUL VALENCA,Rua Compositor Raul Valença,R. Comp Raul Valenca,P,Via Parcialmente Pavimentada
11778,126942,RUA COMPOSITOR SEBASTIAO LOPES,RUA COMPOSITOR SEBASTIÃO LOPES,R. Compositor Sebastião Lopes,S,Via Pavimentada
85,3930,RUA COMPOSITOR SERGIO LISBOA,Rua Compositor Sérgio Lisboa,R. Comp Sergio Lisboa,N,Via Não Pavimentada
10276,97918,RUA COMPOSITOR VINICIUS DE MORAIS,Rua Compositor Vinícius de Morais,R. Comp Vinicius de Morais,N,Via Não Pavimentada
9771,89567,RUA COMPOSITOR WALDIR AZEVEDO,Rua Compositor Waldir Azevedo,R. Comp. Waldir Azevedo,N,Via Não Pavimentada
11681,124958,RUA COMPOSITOR ZUMBA,Rua compositor Zumba,R. compositor Zumba,N,Via Não Pavimentada
10292,98248,RUA CONCEICAO DE MACABU,Rua Conceição de Macabu,R. Conceição de Macabu,P,Via Parcialmente Pavimentada
2462,17256,RUA CONCEICAO DE MELU,Rua Conceição de Melu,R. Conceição de Melu,S,Via Pavimentada
10027,93319,RUA CONCRIZ,Rua Concriz,R. Concriz,N,Via Não Pavimentada
2466,17280,RUA CONDADO,Rua Condado,R. Condado,S,Via Pavimentada
7825,67105,RUA CONDE,Rua Conde,R. Conde,N,Via Não Pavimentada
1617,9539,RUA CONDE BAGNUOLO,Rua Conde Bagnuolo,R. Conde Bagnuolo,N,Via Não Pavimentada
772,2119,RUA CONDE DE ALEGRETE,Rua Conde de Alegrete,R. Conde de Alegrete,N,Via Não Pavimentada
3912,30600,RUA CONDE DE IRAJA,Rua Conde de Irajá,R. Conde de Iraja,S,Via Pavimentada
9327,84689,RUA CONDE DE NASSAU,Rua Conde de Nassau,R. Conde de Nassau,N,Via Não Pavimentada
6378,53287,RUA CONDE DE SABUGOSA,Rua Conde de Sabugosa,R. Conde de Sabugosa,S,Via Pavimentada
2707,19402,RUA CONDE D'EU,Rua Conde D`Eu,R. Conde D`Eu,S,Via Pavimentada
6085,50709,RUA CONDE PEREIRA CARNEIRO,Rua Conde Pereira Carneiro,R. Conde Pereira Carneiro,P,Via Parcialmente Pavimentada
1679,10111,RUA CONDESSA DE BARRAL,Rua Condessa de Barral,R. Condessa de Barral,S,Via Pavimentada
2286,79723,RUA CONDEUBA,Rua Condeuba,R. Condeuba,X,Não definida
243,64629,RUA CONDE VILA FLOR,Rua Conde Vila Flor,R. Conde Vila Flor,S,Via Pavimentada
2468,17310,RUA CONDOR,Rua Condor,R. Condor,S,Via Pavimentada
2470,17329,RUA CONDURU,Rua Conduru,R. Conduru,S,Via Pavimentada
1157,5606,RUA CONEGO ANTONIO CAVALCANTE,Rua Cônego Antônio Cavalcante,R. Conego Antônio Cavalcante,S,Via Pavimentada
1649,9814,RUA CONEGO BARATA,Rua Cônego Barata,R. Conego Barata,S,Via Pavimentada
4279,34126,RUA CONEGO JOAO PEDROZA,Rua Cônego João Pedroza,R. Cônego João Pedroza,S,Via Pavimentada
4458,35831,RUA CONEGO JOSE FERNANDES MACHADO,Rua Cônego José Fernandes Machado,R. Conego José Fernandes Machado,S,Via Pavimentada
4612,37184,RUA CONEGO JULIO CABRAL,Rua Cônego Julio Cabral,R. Conego Julio Cabral,N,Via Não Pavimentada
4813,39101,RUA CONEGO LIRA,Rua Cônego Lira,R. Conego Lira,S,Via Pavimentada
4918,39918,RUA CONEGO LUIZ GONZAGA DO MONTE,Rua Cônego Luiz Gonzaga do Monte,R. Conego Luiz Gonzaga do Monte,N,Via Não Pavimentada
4952,40207,RUA CONEGO LUIZ VIEIRA,Rua Cônego Luiz Vieira,R. Conego Luiz Vieira,S,Via Pavimentada
5718,47384,RUA CONEGO OLIMPIO TORRES,Rua Cônego Olímpio Torres,R. Conego Olimpio Torres,P,Via Parcialmente Pavimentada
6969,59110,RUA CONEGO ROMEU,Rua Conego Romeu,R. Conego Romeu,S,Via Pavimentada
7672,65480,RUA CONEGO XAVIER PEDROSA,Rua Cônego Xavier Pedroza,R.  Cônego Xavier Pedroza,P,Via Parcialmente Pavimentada
2471,17337,RUA CONFEDERACAO DO EQUADOR,Rua Confederação do Equador,R. Confederacao do Equador,S,Via Pavimentada
156,31747,RUA CONFEDERACAO DO EQUADOR,Rua Confederação do Equador,R. Confederacao do Equador,N,Via Não Pavimentada
11420,119148,RUA CONFEDERACAO DOS TAMOYOS,Rua Confederação dos Tamoyos,R. Conf. dos Tamoyos,N,Via Não Pavimentada
2473,17353,RUA CONGATI,Rua Congati,R. Congati,S,Via Pavimentada
2474,17361,RUA CONGO,Rua Congo,R. Congo,S,Via Pavimentada
462,17370,RUA CONGONGI,Rua Congongi,R. Congongi,N,Via Não Pavimentada
2475,17388,RUA CONGONHAL,Rua Congonhal,R. Congonhal,N,Via Não Pavimentada
2476,17396,RUA CONGONHAS,Rua Congonhas,R. Congonhas,X,Não definida
1686,10197,RUA CONS BARROS BARRETO,Rua Conselheiro Barros Barreto,R. Cons Barros Barreto,S,Via Pavimentada
8504,74659,RUA CONS CARIPI,Rua Conselheiro Caripi,R. Cons Caripi,S,Via Pavimentada
3394,25860,RUA CONS FURTADO,Rua Conselheiro Furtado,R. Cons Furtado,S,Via Pavimentada
5528,45586,RUA CONS NABUCO,Rua Conselheiro Nabuco,R. Cons Nabuco,S,Via Pavimentada
8407,73814,RUA CONS ORLANDO,Rua Conselheiro Orlando,R. Cons Orlando,S,Via Pavimentada
6072,50547,RUA CONS PENA,Rua Conselheiro Pena,R. Conselheiro Pena,N,Via Não Pavimentada
6094,50776,RUA CONS PERETTI,Rua Conselheiro Peretti,R. Cons Peretti,S,Via Pavimentada
6259,52221,RUA CONS PORTELA,Rua Conselheiro Portela,R. Cons Portela,S,Via Pavimentada
229,57290,RUA CONS RIBAS,Rua Conselheiro Ribas,R. Cons. Ribas,S,Via Pavimentada
6618,55492,RUA CONS SILVEIRA DE SOUZA,Rua Conselheiro Silveira de Souza,R. Cons Silveira de Souza,P,Via Parcialmente Pavimentada
7161,60801,RUA CONS THEODORO,Rua Conselheiro Theodoro,R. Cons Theodoro,S,Via Pavimentada
10303,98663,RUA CONSOLACAO,Rua Consolação,R. Consolação,S,Via Pavimentada
2479,17426,RUA CONSTANCA,Rua Constança,R. Constanca,S,Via Pavimentada
3715,28789,RUA CONSTRUTOR LUIZ CARVALHEDO DE CASTRO,Rua Construtor Luiz Carvalhedo de Castro,R. Construtor Luiz Carvalhedo de Castro,S,Via Pavimentada
11899,705756,RUA CONSUL JOSEPH NOUJAIM,Rua Consul Joseph Noujaim,R. Consul Joseph Noujaim,X,Não definida
9344,85154,RUA CONSUL SAID AOUN,Rua Consul Said Aoun,R. Consul Said Aoun,S,Via Pavimentada
2481,17434,RUA CONTENDAS,Rua Contendas,R. Contendas,N,Via Não Pavimentada
10551,107255,RUA CONTINENTAL,Rua Continental,R. Continental,P,Via Parcialmente Pavimentada
2484,17450,RUA CONTINENTAL,Rua Continental,R. Continental,P,Via Parcialmente Pavimentada
2263,79707,RUA CONTORNO,Rua Contorno,R. Contorno,X,Não definida
2504,17477,RUA COPACABANA,Rua Copacabana,R. Copacabana,S,Via Pavimentada
2505,17485,RUA COPAIBA,Rua Copaíba,R. Copaiba,S,Via Pavimentada
8757,77917,RUA COPA SETENTA,Rua Copa Setenta,R. Copa Setenta,S,Via Pavimentada
4170,33189,RUA COPATANA,Rua Copatana,R. Copatana,N,Via Não Pavimentada
7454,63150,RUA COPIXABA,Rua Copixaba,R. Copixaba,X,Não definida
4675,37753,RUA COQUEIRINHO,Rua Coqueirinho,R. Coqueirinho,S,Via Pavimentada
9314,84549,RUA COQUEIRO SECO,Rua Coqueiro Seco,R. Coqueiro Seco,S,Via Pavimentada
2380,17531,RUA CORACAO DE JESUS,Rua Coração de Jesus,R. Coracao de Jesus,N,Via Não Pavimentada
7975,68802,RUA CORACAO DE MARIA,Rua Coração de Maria,R. Coracao de Maria,N,Via Não Pavimentada
2508,17540,RUA CORACAO DE MARIA,Rua Coração de Maria,R. Coracao de Maria,S,Via Pavimentada
609,752,RUA CORAL,Rua Coral,R. Coral,N,Via Não Pavimentada
2509,17558,RUA CORBELIA,Rua Corbélia,R. Corbelia,S,Via Pavimentada
8127,70645,RUA CORDEIRO,Rua Cordeiro,R. Cordeiro,S,Via Pavimentada
3204,24031,RUA CORDEIRO DE DEUS,Rua Cordeiro de Deus,R. Cordeiro de Deus,N,Via Não Pavimentada
10246,97306,RUA CORDEIROPOLIS,Rua Cordeirópolis,R. Cordeiropolis,S,Via Pavimentada
2512,17574,RUA CORDELIA GOIS SILVA,Rua Cordélia Gois Silva,R. Cordelia Gois Silva,N,Via Não Pavimentada
7450,63088,RUA CORDILHEIRA,Rua Cordilheira,R. Cordilheira,P,Via Parcialmente Pavimentada
1285,17582,RUA CORDISBURGO,Rua Cordisburgo,R. Cordisburgo,N,Via Não Pavimentada
10218,96830,RUA CORDISLANDIA,Rua Cordislândia,R. Cordislandia,S,Via Pavimentada
1286,17590,RUA COREAL,Rua Coreal,R. Coreal,S,Via Pavimentada
1287,17604,RUA COREMAS,Rua Coremas,R. Coremas,P,Via Parcialmente Pavimentada
8697,77143,RUA CORINTHO DE ARRUDA FALCAO,Rua Corintho de Arruda Falcão,R. Corintho de Arruda Falcao,N,Via Não Pavimentada
1288,17612,RUA CORINTO,Rua Corinto,R. Corinto,X,Não definida
1290,17639,RUA CORIPOS,Rua Coripós,R. Coripos,S,Via Pavimentada
8889,79510,RUA CORNELIO PENA,Rua Cornélio Pena,R. Cornelio Pena,X,Não definida
1292,17655,RUA COROACI,Rua Coroaci,R. Coroaci,S,Via Pavimentada
10995,113697,RUA COROADO,Rua Coroado,R. Coroado,S,Via Pavimentada
1293,17663,RUA COROATA,Rua Coroatá,R. Coroata,N,Via Não Pavimentada
11222,116734,RUA COROA VERMELHA,Rua Coroa Vermelha,R. Coroa Vermelha,N,Via Não Pavimentada
779,2178,RUA CORONEL ALENCAR DE CARVALHO,Rua Coronel Alencar de Carvalho,R. Cel Alencar de Carvalho,S,Via Pavimentada
810,2437,RUA CORONEL ALFREDO DUARTE,Rua Coronel Alfredo Duarte,R. Cel Alfredo Duarte,S,Via Pavimentada
1014,4332,RUA CORONEL AMERICO FONTENELE,Rua Coronel Américo Fontenele,R. Cel Americo Fontenele,N,Via Não Pavimentada
1116,5266,RUA CORONEL ANIZIO RODRIGUES COELHO,Rua Coronel Anizio Rodrigues Coelho,R. Cel Anizio Rodrigues Coelho,S,Via Pavimentada
8695,77119,RUA CORONEL AVIADOR ROBERTO PESSOA RAMOS,Rua Coronel Aviador Roberto Pessoa Ramos,R. Cel Aviador Roberto Pessoa Ramos,N,Via Não Pavimentada
1776,10898,RUA CORONEL BENEDITO CHAVES,Rua Coronel Benedito Chaves,R. Cel Benedito Chaves,P,Via Parcialmente Pavimentada
1737,11061,RUA CORONEL BENTO MAGALHAES,Rua Coronel Bento Magalhães,R. Cel Bento Magalhães,S,Via Pavimentada
8919,79898,RUA CORONEL CELIO REGUEIRA,Rua Coronel Celio Regueira,R. Cel Celio Regueira,S,Via Pavimentada
2768,19950,RUA CORONEL DJALMA LEITE,Rua Coronel Djalma Leite,R. Cel Djalma Leite,P,Via Parcialmente Pavimentada
3149,23450,RUA CORONEL EZEQUIEL,Rua Coronel Ezequiel,R. Cel Ezequiel,N,Via Não Pavimentada
10000,92576,RUA CORONEL FABRICIANO,Rua Coronel Fabriciano,R. Cel Fabriciano,P,Via Parcialmente Pavimentada
3215,24112,RUA CORONEL FERNANDO FURTADO,Rua Coronel Fernando Furtado,R. Cel Fernando Furtado,P,Via Parcialmente Pavimentada
3219,24155,RUA CORONEL FERNANDO MACHADO,Rua Coronel Fernando Machado,R. Cel Fernando Machado,N,Via Não Pavimentada
3458,26417,RUA CORONEL GERALDO GOMES DE MATOS,Rua Coronel Geraldo Gomes de Matos,R. Cel Geraldo Gomes de Matos,P,Via Parcialmente Pavimentada
11676,124907,RUA CORONEL GERALDO MATOS,Rua Coronel Geraldo Matos,R. Cel. Geraldo Matos,S,Via Pavimentada
3544,27219,RUA CORONEL GOULART,Rua Coronel Goulart,R. Cel Goulart,P,Via Parcialmente Pavimentada
11684,124974,RUA CORONEL IVAN RUI DE OLIVEIRA,Rua coronel Ivan Rui de Oliveira,R.coronel Ivan Rui de Oliveira,N,Via Não Pavimentada
8414,73890,RUA CORONEL JOAO BATISTA DO REGO BARROS,Rua Coronel João Batista do Rego Barros,R. Cel João Batista do Rego Barros,S,Via Pavimentada
4293,34274,RUA CORONEL JOAO RODRIGUES,Rua Coronel João Rodrigues,R. Cel João Rodrigues,N,Via Não Pavimentada
4296,34304,RUA CORONEL JOAO RUFINO,Rua Coronel João Rufino,R. Cel João Rufino,S,Via Pavimentada
4506,36250,RUA CORONEL JOSE MARTINS,Rua Coronel José Martins,R. Cel José Martins,S,Via Pavimentada
4710,38040,RUA CORONEL LAMENHA,Rua Coronel Lamenha,R. Cel Lamenha,S,Via Pavimentada
4804,38881,RUA CORONEL LIMA BOTELHO,Rua Coronel Lima Botelho,R. Cel Lima Botelho,P,Via Parcialmente Pavimentada
10149,95540,RUA CORONEL LIMA RODRIGUES,Rua Coronel Lima Rodrigues,R. Cel Lima Rodrigues,N,Via Não Pavimentada
4861,39586,RUA CORONEL LUCIANO MELO,Rua Coronel Luciano Melo,R. Cel Luciano Melo,N,Via Não Pavimentada
5064,41262,RUA CORONEL MANOEL ALVES DE QUEIROZ,Rua Coronel Manoel Alves de Queiroz,R. Cel Manoel Alves de Queiroz,P,Via Parcialmente Pavimentada
5245,43117,RUA CORONEL MARIO LIBORIO,Rua Coronel Mário Libório,R. Cel Mario Libório,S,Via Pavimentada
5420,44660,RUA CORONEL MIZAEL DE MENDONCA,Rua Coronel Mizael de Mendonça,R. Cel Mizael de Mendonca,S,Via Pavimentada
5521,45527,RUA CORONEL MURTA,Rua Coronel Murta,R. Cel Murta,N,Via Não Pavimentada
5725,47457,RUA CORONEL OLIVEIRA,Rua Coronel Oliveira,R. Cel Oliveira,P,Via Parcialmente Pavimentada
5832,48356,RUA CORONEL PACHECO,Rua Coronel Pacheco,R. Cel Pacheco,S,Via Pavimentada
6144,51144,RUA CORONEL PILAR,Rua Coronel Pilar,R. Cel Pilar,S,Via Pavimentada
8224,71692,RUA CORONEL ROMEU SOBREIRA,Rua Coronel Romeu Sobreira,R. Cel Romeu Sobreira,S,Via Pavimentada
6495,54356,RUA CORONEL SEARA,Rua Coronel Seara,R. Cel Seara,S,Via Pavimentada
6541,54720,RUA CORONEL SERGIO HENRIQUE CARDIM,Rua Coronel Sérgio Henrique Cardim,R. Cel Sergio Henrique Cardim,S,Via Pavimentada
6612,55409,RUA CORONEL SILVA TORRES,Rua Coronel Silva Torres,R. Cel Silva Torres,S,Via Pavimentada
6624,55530,RUA CORONEL SILVESTRE BASTOS,Rua Coronel Silvestre Bastos,R. Cel Silvestre Bastos,P,Via Parcialmente Pavimentada
7202,61174,RUA CORONEL TOMAZ GONCALVES,Rua Coronel Tomaz Gonçalves,R. Cel Tomaz Gonçalves,S,Via Pavimentada
7364,62375,RUA CORONEL URBANO RIBEIRO DE SENA,Rua Coronel Urbano Ribeiro de Sena,R. Cel Urbano Ribeiro de Sena,S,Via Pavimentada
7375,62421,RUA CORONEL URIEL SERGIO CARDIM,Rua Coronel Uriel Sérgio Cardim,R. Cel Uriel Sérgio Cardim,S,Via Pavimentada
7585,64734,RUA CORONEL VILAGRAN,Rua Coronel Vilagran,R. Cel Vilagran,S,Via Pavimentada
7623,65013,RUA CORONEL VIRGILIO DE MEDEIROS,Rua Coronel Virgílio de Medeiros,R. Cel Virgilio de Medeiros,N,Via Não Pavimentada
2514,17671,RUA CORREDOR DO BISPO,Rua Corredor do Bispo,R. Corredor do Bispo,S,Via Pavimentada
1192,5894,RUA CORREGO ANTONIO LEAO,Rua Córrego Antônio Leão,R. Corrego Antônio Leao,S,Via Pavimentada
1224,6181,RUA CORREGO ANTONIO RODRIGUES,Rua Córrego Antônio Rodrigues,R. Corrego Antônio Rodrigues,S,Via Pavimentada
1895,11975,RUA CORREGO BOMBEIRENSE,Rua Córrego Bombeirense,R. Corrego Bombeirense,S,Via Pavimentada
1414,7668,RUA CORREGO DA AREIA,Rua Córrego da Areia,R. Corrego da Areia,S,Via Pavimentada
2541,17809,RUA CORREGO DA BICA,Rua Córrego da Bica,R. Córrego da Bica,S,Via Pavimentada
9067,81540,RUA CORREGO DA FORTUNA,Rua Córrego da Fortuna,R. Corrego da Fortuna,P,Via Parcialmente Pavimentada
2530,17787,RUA CORREGO DA JAQUEIRA,Rua Córrego da Jaqueira,R. Corrego da Jaqueira,S,Via Pavimentada
4843,39390,RUA CORREGO DA LOURA,Rua Córrego da Loura,R. Córrego da Loura,S,Via Pavimentada
2528,17760,RUA CORREGO DA PRATA,Rua Córrego da Prata,R. Corrego da Prata,N,Via Não Pavimentada
9104,81981,RUA CORREGO DA TELHA,Rua Córrego da Telha,R. Corrego da Telha,P,Via Parcialmente Pavimentada
2239,15377,RUA CORREGO DO CARROCEIRO,Rua Córrego do Carroceiro,R. Corrego do Carroceiro,S,Via Pavimentada
2457,17213,RUA CORREGO DO COMISSARIO,Rua Córrego do Comissário,R. Corrego do Comissario,S,Via Pavimentada
8139,70750,RUA CORREGO DO CURIO,Rua Córrego do Curió,R. Corr. do Curió,S,Via Pavimentada
2695,19313,RUA CORREGO DO DEODATO,Rua Córrego do Deodato,R. Corrego do Deodato,P,Via Parcialmente Pavimentada
3104,23124,RUA CORREGO DO EUCLIDES,Rua Córrego do Euclides,R. Corrego do Euclides,S,Via Pavimentada
3206,24040,RUA CORREGO DO FERNANDINHO,Rua Córrego do Fernandinho,R. Corrego do Fernandinho,S,Via Pavimentada
3449,26344,RUA CORREGO DO JENIPAPO,Rua Córrego do Jenipapo,R. Córrego do Jenipapo,S,Via Pavimentada
4318,34487,RUA CORREGO DO JOAQUIM,Rua Córrego do Joaquim,R. Corrego do Joaquim,S,Via Pavimentada
4761,38539,RUA CORREGO DO LEONCIO,Rua Córrego do Leôncio,R. Córrego do Leôncio,S,Via Pavimentada
5265,43273,RUA CORREGO DO MARRECO,Rua Córrego do Marreco,R. Corrego do Marreco,S,Via Pavimentada
5816,48232,RUA CORREGO DO OURO,Rua Córrego do Ouro,R. Corrego do Ouro,S,Via Pavimentada
2527,17752,RUA CORREGO DO SARGENTO,Rua Córrego do Sargento,R. Corrego do Sargento,S,Via Pavimentada
4212,33561,RUA CORREGO JOAO CARVOEIRO,Rua Córrego João Carvoeiro,R. Corrego João Carvoeiro,S,Via Pavimentada
4241,33790,RUA CORREGO JOAO FRANCISCO,Rua Córrego João Francisco,R. Corrego João Francisco,S,Via Pavimentada
3672,35300,RUA CORREGO JOSE APRIGIO,Rua Córrego José Aprígio,R. Corrego José Aprigio,S,Via Pavimentada
4475,35998,RUA CORREGO JOSE GRANDE,Rua Córrego José Grande,R. Corrego José Grande,S,Via Pavimentada
5357,44075,RUA CORREGO MANOEL DAS MENINAS,Rua Córrego Manoel das Meninas,R. Corrego Manoel das Meninas,P,Via Parcialmente Pavimentada
2529,17779,RUA CORREGO NOVO,Rua Córrego Novo,R. Corrego Novo,N,Via Não Pavimentada
9106,82007,RUA CORREGO SANTA TEREZINHA,Rua Córrego Santa Terezinha,R. Corrego Santa Terezinha,S,Via Pavimentada
8966,80365,RUA CORREGO SAO JOSE,Rua Córrego São José,R. Corrego São José,S,Via Pavimentada
2516,17680,RUA CORREIA DE ARAUJO,Rua Correia de Araújo,R. Correia de Araujo,S,Via Pavimentada
2521,17728,RUA CORRENTES,Rua Correntes,R. Correntes,N,Via Não Pavimentada
2079,13579,RUA CORRENTEZA,Rua Correnteza,R. Correnteza,S,Via Pavimentada
2543,17825,RUA CORRENTINAS,Rua Correntinas,R. Correntinas,S,Via Pavimentada
2544,17841,RUA CORTES,Rua Cortês,R. Cortes,S,Via Pavimentada
2545,17868,RUA CORURIPE,Rua Coruripe,R. Coruripe,S,Via Pavimentada
446,78450,RUA CORVINA,Rua Corvina,R. Corvina,S,Via Pavimentada
2548,17884,RUA COSME BEZERRA CAVALCANTI,Rua Cosme Bezerra Cavalcanti,R. Cosme Bezerra Cavalcanti,P,Via Parcialmente Pavimentada
2532,17922,RUA COSME VIANA,Rua Cosme Viana,R. Cosme Viana,S,Via Pavimentada
1150,5550,RUA COSMO AVELINO FERREIRA,Rua Cosmo Avelino Ferreira,R. Cosmo Avelino Ferreira,S,Via Pavimentada
2534,17949,RUA COSMOPOLIS,Rua Cosmópolis,R. Cosmopolis,S,Via Pavimentada
2535,17957,RUA COSMORAMA,Rua Cosmorama,R. Cosmorama,S,Via Pavimentada
2537,17973,RUA COSTA AZEVEDO,Rua Costa Azevedo,R. Costa Azevedo,S,Via Pavimentada
2538,17981,RUA COSTA DIAS,Rua Costa Dias,R. Costa Dias,S,Via Pavimentada
2539,17990,RUA COSTA GOMES,Rua Costa Gomes,R. Costa Gomes,S,Via Pavimentada
2540,18007,RUA COSTA HONORATO,Rua Costa Honorato,R. Costa Honorato,S,Via Pavimentada
2526,18015,RUA COSTA LIMA,Rua Costa Lima,R. Costa Lima,S,Via Pavimentada
2552,18023,RUA COSTA MAIA,Rua Costa Maia,R. Costa Maia,S,Via Pavimentada
7352,81221,RUA COSTA MELO,Rua Costa Melo,R. Costa Melo,N,Via Não Pavimentada
2553,18031,RUA COSTA PINTO,Rua Costa Pinto,R. Costa Pinto,S,Via Pavimentada
2556,18040,RUA COSTA RIBEIRO,Rua Costa Ribeiro,R. Costa Ribeiro,S,Via Pavimentada
2557,18058,RUA COSTA SENA,Rua Costa Sena,R. Costa Sena,N,Via Não Pavimentada
2558,18066,RUA COSTA SEPULVEDA,Rua Costa Sepúlveda,R. Costa Sepulveda,N,Via Não Pavimentada
2564,18112,RUA COTUNGUBA,Rua Cotunguba,R. Cotunguba,S,Via Pavimentada
8031,69639,RUA COUTO DE MAGALHAES,Rua Couto de Magalhães,R. Couto de Magalhães,S,Via Pavimentada
2565,18120,RUA COUTO MAGALHAES,Rua Couto Magalhães,R. Couto Magalhães,S,Via Pavimentada
2567,18139,RUA COUTO SOARES,Rua Couto Soares,R. Couto Soares,P,Via Parcialmente Pavimentada
2569,18147,RUA COXIM,Rua Coxim,R. Coxim,S,Via Pavimentada
2570,18155,RUA CRAIBAS,Rua Craíbas,R. Craibas,S,Via Pavimentada
2573,18180,RUA CRAOLANDIA,Rua Craolandia,R. Craolandia,S,Via Pavimentada
2571,18163,RUA CRATEM,Rua Cratem,R. Cratem,S,Via Pavimentada
2572,18171,RUA CRATO,Rua Crato,R. Crato,X,Não definida
2576,18201,RUA CRAVEIRO LEITE,Rua Craveiro Leite,R. Craveiro Leite,N,Via Não Pavimentada
2579,18228,RUA CRAVINA,Rua Cravina,R. Cravina,N,Via Não Pavimentada
2581,18236,RUA CRAVO BRANCO,Rua Cravo Branco,R. Cravo Branco,S,Via Pavimentada
2582,18244,RUA CRAVOLANDIA,Rua Cravolandia,R. Cravolandia,S,Via Pavimentada
10209,96679,RUA CRICIUMA,Rua Criciuma,R. Criciuma,S,Via Pavimentada
10129,95257,RUA CRISALIA,Rua Crisalia,R. Crisalia,S,Via Pavimentada
2586,18287,RUA CRISOLIA,Rua Crisólia,R. Crisolia,N,Via Não Pavimentada
2587,18295,RUA CRISOLITA,Rua Crisólita,R. Crisolita,S,Via Pavimentada
2588,18309,RUA CRISOPOLIS,Rua Crisópolis,R. Crisopolis,S,Via Pavimentada
7912,67954,RUA CRISOSTOMO,Rua Crisóstomo,R. Crisostomo,S,Via Pavimentada
10485,101303,RUA CRISTAL,Rua Cristal,R. Cristal,N,Via Não Pavimentada
2590,18317,RUA CRISTAL,Rua Cristal,R. Cristal,S,Via Pavimentada
7875,67580,RUA CRISTALANDIA,Rua Cristalândia,R. Cristalandia,P,Via Parcialmente Pavimentada
2591,18325,RUA CRISTALIA,Rua Cristália,R. Cristalia,P,Via Parcialmente Pavimentada
10495,101451,RUA CRISTALINA,Rua Cristalina,R. Cristalina,N,Via Não Pavimentada
2592,18333,RUA CRISTALINA,Rua Cristalina,R. Cristalina,S,Via Pavimentada
6030,50130,RUA CRISTIANO CORDEIRO,Rua Cristiano Cordeiro,R. Cristiano Cordeiro,N,Via Não Pavimentada
2593,18341,RUA CRISTIANOPOLIS,Rua Cristianópolis,R. Cristianopolis,S,Via Pavimentada
11887,705527,RUA CRISTINA TAVARES,Rua Cristina Tavares,R. Cristina Tavares,S,Via Pavimentada
2594,18350,RUA CRISTINO CASTRO,Rua Cristino  Castro,R. Cristino Castro,P,Via Parcialmente Pavimentada
2598,18392,RUA CRISTOVAO CAVALCANTI,Rua Cristóvão Cavalcanti,R. Cristovao Cavalcanti,P,Via Parcialmente Pavimentada
2599,18406,RUA CRISTOVAO COLOMBO,Rua Cristóvão Colombo,R. Cristovao Colombo,S,Via Pavimentada
2600,18414,RUA CRISTOVAO JAQUES,Rua Cristóvão Jaques,R. Cristovao Jaques,S,Via Pavimentada
2603,18430,RUA CROMINIA,Rua Cromínia,R. Crominia,S,Via Pavimentada
2604,18457,RUA CRUCILANDIA,Rua Crucilândia,R. Crucilandia,P,Via Parcialmente Pavimentada
2605,18465,RUA CRUSSAI,Rua Crussai,R. Crussai,S,Via Pavimentada
2606,18473,RUA CRUZ ALTA,Rua Cruz Alta,R. Cruz Alta,N,Via Não Pavimentada
2608,18490,RUA CRUZ DAS GRACAS,Rua Cruz das Graças,R. Cruz das Gracas,X,Não definida
2612,18546,RUA CRUZEIRO DO FORTE,Rua Cruzeiro do Forte,R. Cruzeiro do Forte,P,Via Parcialmente Pavimentada
10398,99880,RUA CRUZEIRO DO OESTE,Rua Cruzeiro do Oeste,R. Cruzeiro do Oeste,X,Não definida
2613,18562,RUA CRUZEIRO DO SUL,Rua Cruzeiro do Sul,R. Cruzeiro do Sul,S,Via Pavimentada
2610,18511,RUA CRUZ E SOUZA,Rua Cruz e Souza,R. Cruz e Souza,S,Via Pavimentada
2609,18503,RUA CRUZ MACEDO,Rua Cruz Macedo,R. Cruz Macedo,N,Via Não Pavimentada
9859,90620,RUA CUIARI,Rua Cuiarí,R. Cuiari,N,Via Não Pavimentada
9745,89249,RUA CUINARANA,Rua Cuinarana,R. Cuinarana,N,Via Não Pavimentada
259,76856,RUA CUITE,Rua Cuité,R. Cuite,N,Via Não Pavimentada
1632,9644,RUA CUITE,Rua Cuité,R. Cuite,S,Via Pavimentada
8671,76759,RUA CUITEGI,Rua Cuitegi,R. Cuitegi,N,Via Não Pavimentada
2618,18635,RUA CUMARI,Rua Cumari,R. Cumari,S,Via Pavimentada
114,14176,RUA CUNANIL,Rua Cunanil,R. Cunanil,S,Via Pavimentada
2622,18678,RUA CUNHA PORA,Rua Cunha Porã,R. Cunha Pora,S,Via Pavimentada
2624,18694,RUA CUPERTINO CINTRA,Rua Cupertino Cintra,R. Cupertino Cintra,N,Via Não Pavimentada
9784,89672,RUA CUPIRA,Rua Cupira,R. Cupira,X,Não definida
2629,18740,RUA CURACA,Rua Curaça,R. Curaca,S,Via Pavimentada
9860,90638,RUA CURARI,Rua Curari,R. Curari,P,Via Parcialmente Pavimentada
2632,18767,RUA CURIMATA,Rua Curimatã,R. Curimata,P,Via Parcialmente Pavimentada
8684,76937,RUA CURIMATAU,Rua Curimatau,R. Curimatau,N,Via Não Pavimentada
2634,18775,RUA CURIMBATA,Rua Curimbatá,R. Curimbata,S,Via Pavimentada
7761,66419,RUA CURIO,Rua Curió,R. Curio,N,Via Não Pavimentada
10743,110337,RUA CURIO,Rua Curió,R. Curio,X,Não definida
2635,18783,RUA CURIO,Rua Curió,R. Curio,S,Via Pavimentada
11017,113921,RUA CURITIBA,Rua Curitiba,R. Curitiba,S,Via Pavimentada
2636,18791,RUA CURITIBA,Rua Curitiba,R. Curitiba,S,Via Pavimentada
2637,18813,RUA CURRAIS NOVOS,Rua Currais Novos,R. Currais Novos,S,Via Pavimentada
4538,37370,RUA CURUA,Rua Curuá,R. Curua,S,Via Pavimentada
268,80730,RUA CURUCA,Rua Curuca,R. Curuca,S,Via Pavimentada
10180,96288,RUA CURUPA,Rua Curupa,R. Curupa,S,Via Pavimentada
2640,18848,RUA CURUPAITI,Rua Curupaiti,R. Curupaiti,S,Via Pavimentada
8482,80764,RUA CURUPIARA,Rua Curupiara,R. Curupiara,S,Via Pavimentada
2641,18856,RUA CURVELA,Rua Curvela,R. Curvela,S,Via Pavimentada
2642,18864,RUA DA CUSTODIA,Rua Custódia,R. Custódia,S,Via Pavimentada
119,137537,RUA D,Rua D,R. D,N,Via Não Pavimentada
11815,138231,RUA D,Rua D,R. D,N,Via Não Pavimentada
11688,124800,RUA DA ACEROLA,Rua da Acerola,R da Acerola,N,Via Não Pavimentada
5548,45721,RUA DA ACUCENA,Rua da Açucena,R. da Açucena,N,Via Não Pavimentada
7770,67270,RUA DA ALEGRIA,Rua da Alegria,R. da Alegria,N,Via Não Pavimentada
1852,11649,RUA DA ALEGRIA,Rua da Alegria,R. da Alegria,S,Via Pavimentada
1816,11274,RUA DA ALEGRIA,Rua da Alegria,R. da Alegria,X,Não definida
4830,39454,RUA DA ALEGRIA,Rua da Alegria,R. da Alegria,X,Não definida
10514,101540,RUA DA ALEGRIA,Rua da Alegria,R. da Alegria,S,Via Pavimentada
776,2143,RUA DA ALEGRIA,Rua da Alegria,R. da Alegria,S,Via Pavimentada
10897,112453,RUA DA ALVORADA,RUA DA ALVORADA,R. DA ALVORADA,N,Via Não Pavimentada
1017,4375,RUA DA AMIZADE,Rua da Amizade,R. da Amizade,S,Via Pavimentada
3390,25844,RUA DA AMIZADE,Rua da Amizade,R. da Amizade,P,Via Parcialmente Pavimentada
8465,74454,RUA DA ARATACA,Rua da Arataca,R. da Arataca,S,Via Pavimentada
8078,70130,RUA DA AREIA,Rua da Areia,R. da Areia,S,Via Pavimentada
1518,8648,RUA DA ASSEMBLEIA,Rua da Assembleia,R. da Assembleia,S,Via Pavimentada
1391,7480,RUA DA ASSEMBLEIA,Rua da Assembléia,R. da Assembleia,S,Via Pavimentada
1577,9164,RUA DA AURORA,Rua da Aurora,R. da Aurora,S,Via Pavimentada
1612,9466,RUA DA BACIA,Rua da Bacia,R. da Bacia,N,Via Não Pavimentada
1633,9652,RUA DA BAIXA VERDE,Rua da Baixa Verde,R. da Baixa Verde,S,Via Pavimentada
573,434,RUA DA BAIXINHA,Rua da Baixinha,R. da Baixinha,X,Não definida
8103,70360,RUA DA BARCA,Rua da Barca,R. da Barca,S,Via Pavimentada
1662,9954,RUA DA BARRA,Rua da Barra,R. da Barra,S,Via Pavimentada
5491,45225,RUA DA BELA VISTA,Rua da Bela Vista,R. da Bela Vista,S,Via Pavimentada
10852,111783,RUA DA BENCAO,Rua da Benção,R. da Bencao,X,Não definida
11708,125156,RUA DA BENCAO I,Rua da Benção I,R da Benção I,S,Via Pavimentada
8849,78948,RUA DA BETA,Rua da Beta,R. da Beta,P,Via Parcialmente Pavimentada
11619,123366,RUA DA BICICLETA,Rua da Bicicleta,R. da Bicicleta,S,Via Pavimentada
1870,11746,RUA DA BOA VONTADE,Rua  da Boa Vontade,R. da Boa Vontade,S,Via Pavimentada
2017,12998,RUA DA CACAMBA,Rua da Caçamba,R. da Cacamba,S,Via Pavimentada
2145,14443,RUA DA CAPELA,Rua da Capela,R. da Capela,S,Via Pavimentada
2154,14540,RUA DA CAPIVARA,Rua da Capivara,R. da Capivara,S,Via Pavimentada
10201,96563,RUA DA CARAMBOLA,Rua da Carambola,R. da Carambola,X,Não definida
364,14826,RUA DA CARIOCA,Rua da Carioca,R. da Carioca,S,Via Pavimentada
2234,15326,RUA DA CAROLINA,Rua da Carolina,R. da Carolina,S,Via Pavimentada
10040,93440,RUA DA CARRAPATEIRA,Rua da Carrapateira,R. da Carrapateira,S,Via Pavimentada
2236,15350,RUA DA CARRAPETA,Rua da Carrapeta,R. da Carrapeta,S,Via Pavimentada
2243,15415,RUA DA CARVOEIRA,Rua da Carvoeira,R. da Carvoeira,X,Não definida
8606,75868,RUA DA CLARAVAL,Rua da Claraval,R. da Claraval,S,Via Pavimentada
11551,121312,RUA DA COBAL,Rua da COBAL,R. da Cobal,S,Via Pavimentada
233,61603,RUA DA COMUNIDADE,Rua da Comunidade,R. da Comunidade,N,Via Não Pavimentada
2458,17221,RUA DA CONCEICAO,Rua da Conceição,R. da Conceição,S,Via Pavimentada
10471,101087,RUA DA CONCEICAO,Rua da Conceição,R. da Conceição,X,Não definida
2463,17264,RUA DA CONCORDIA,Rua da Concórdia,R. da Concórdia,S,Via Pavimentada
2472,17345,RUA DA CONFRATERNIZACAO,Rua da Confraternização,R. da Confraternizacao,S,Via Pavimentada
8952,80233,RUA DA CONQUISTA,Rua da Conquista,R. da Conquista,S,Via Pavimentada
8112,70475,RUA DA CONQUISTA,Rua da Conquista,R. da Conquista,N,Via Não Pavimentada
2361,17523,RUA DA CORAGEM,Rua da Coragem,R. da Coragem,S,Via Pavimentada
9381,88455,RUA DA CUCA,Rua da Cuca,R. da Cuca,S,Via Pavimentada
5942,49328,RUA DA CUT,Rua da CUT,R. da Cut,N,Via Não Pavimentada
9244,83780,RUA DA CUTIA,Rua da Cutia,R. da Cutia,S,Via Pavimentada
7414,62766,RUA DACY DE MELO CAVALCANTI,Rua Dacy de Melo Cavalcanti,R. Dacy de Melo Cavalcanti,S,Via Pavimentada
2680,19224,RUA DA DEMOCRACIA,Rua da Democracia,R. da Democracia,S,Via Pavimentada
2733,19640,RUA DA DILIGENCIA,Rua da Diligência,R. da Diligencia,N,Via Não Pavimentada
9696,88420,RUA DA EMILIA,Rua da Emília,R. da Emilia,S,Via Pavimentada
2915,21407,RUA DA ENCOSTA,Rua da Encosta,R. da Encosta,S,Via Pavimentada
1809,11606,RUA DA ESPERANCA,Rua da Esperança,R. da Esperanca,S,Via Pavimentada
3046,22659,RUA DA ESPERANCA,Rua da Esperança,R. da Esperanca,P,Via Parcialmente Pavimentada
10985,113565,RUA DA ESPERANCA,Rua da Esperança,R. da Esperança,N,Via Não Pavimentada
11246,116998,RUA DA ESPERANCA,Rua da Esperança,R. da Esperança,N,Via Não Pavimentada
11705,125121,RUA DA ESPERANCA I,Rua da Esperança I,R da Esperança I,S,Via Pavimentada
3084,22969,RUA DA ESTRELA,Rua da Estrela,R. da Estrela,S,Via Pavimentada
5931,49239,RUA DA FASE,Rua da FASE,R. da Fase,N,Via Não Pavimentada
8484,84956,RUA DA FELICIDADE,Rua da Felicidade,R. da Felicidade,S,Via Pavimentada
11811,137995,RUA DA FELICIDADE,Rua da Felicidade,R. da  Felicidade,X,Não definida
11702,125091,RUA DA FELICIDADE I,Rua da Felicidade I,R da Felicidade I,S,Via Pavimentada
3269,24767,RUA DA FLORESTA,Rua da Floresta,R. da Floresta,N,Via Não Pavimentada
3205,24210,RUA DA FRATERNIDADE,Rua da Fraternidade,R. da Fraternidade,N,Via Não Pavimentada
8840,78824,RUA DA FRONTEIRA,Rua da Fronteira,R. da Fronteira,N,Via Não Pavimentada
3393,25852,RUA DA FUNDICAO,Rua da Fundição,R. da Fundicao,S,Via Pavimentada
3488,26727,RUA DA GLORIA,Rua da Glória,R. da Gloria,S,Via Pavimentada
2647,18910,RUA DAGOBERTO PIRES,Rua Dagoberto Pires,R. Dagoberto Pires,S,Via Pavimentada
147,28215,RUA DA GUIA,Rua da Guia,R. da Guia,S,Via Pavimentada
3689,28517,RUA DA HARMONIA,Rua da Harmonia,R. da Harmonia,S,Via Pavimentada
3771,29238,RUA DA HORA,Rua da Hora,R. da Hora,S,Via Pavimentada
10586,107778,RUA DA HORTA DOIS,Rua da Horta Dois,R. da Horta Dois,P,Via Parcialmente Pavimentada
10585,107760,RUA DA HORTA UM,Rua da Horta Um,R. da Horta Um,N,Via Não Pavimentada
11552,121347,RUA DA IMAGINACAO,Rua da Imaginação,R. da Imaginacao,N,Via Não Pavimentada
3851,30058,RUA DA IMBAUBA,Rua da Imbaúba,R. da Imbauba,S,Via Pavimentada
3877,30287,RUA DA INDUSTRIA,Rua da Indústria,R. da Industria,S,Via Pavimentada
3889,30392,RUA DA INTENDENCIA,Rua da Intendência,R. da Intendência,S,Via Pavimentada
10544,107182,RUA DA JAQUEIRA,Rua da Jaqueira,R. da Jaqueira,S,Via Pavimentada
11801,137839,RUA DA JAQUEIRA,Rua da Jaqueira,R. da Jaqueira,X,Não definida
384,91170,RUA DA JAQUEIRA,Rua da Jaqueira,R. da Jaqueira,S,Via Pavimentada
8731,77623,RUA DA JAQUEIRA,Rua da Jaqueira,R. da Jaqueira,P,Via Parcialmente Pavimentada
11663,124699,RUA DA JAQUEIRA,Rua da Jaqueira,R. da Jaqueira,S,Via Pavimentada
10856,112380,RUA DA JAQUEIRA,RUA DA JAQUEIRA,R. DA JAQUEIRA,S,Via Pavimentada
9356,85278,RUA DA JUVENTUDE,Rua da Juventude,R. da Juventude,X,Não definida
5873,48690,RUA DA LIBERDADE,Rua da Liberdade,R. da Liberdade,N,Via Não Pavimentada
8136,70700,RUA DA LINHA,Rua da Linha,R. da Linha,N,Via Não Pavimentada
186,39055,RUA DA LINHA,Rua da Linha,R. da Linha,N,Via Não Pavimentada
4812,39098,RUA DA LIRA,Rua da Lira,R. da Lira,P,Via Parcialmente Pavimentada
234,61611,RUA DA LUTA,Rua da Luta,R. da Luta,N,Via Não Pavimentada
4968,40398,RUA DA MACAIBA,Rua da Macaíba,R. da Macaiba,S,Via Pavimentada
11690,124826,RUA DA MANGABA,Rua da Mangaba,R. da Mangaba,N,Via Não Pavimentada
5044,41114,RUA DA MANGABEIRA,Rua da Mangabeira,R. da Mangabeira,S,Via Pavimentada
11806,137944,RUA DA MANGUEIRA,Rua da Mangueira,R. da mangueira,S,Via Pavimentada
467,19003,RUA DAMASCO,Rua Damasco,R. Damasco,S,Via Pavimentada
2653,19011,RUA DAMASQUEIRO,Rua Damasqueiro,R. Damasqueiro,S,Via Pavimentada
10721,110140,RUA DA MATA,Rua da Mata,R. da Mata,N,Via Não Pavimentada
5301,43494,RUA DA MATA,Rua da Mata,R. da Mata,S,Via Pavimentada
5312,43664,RUA DA MATRIZ,Rua da Matriz,R. da Matriz,S,Via Pavimentada
10088,94595,RUA DA MEIGUICE,Rua da Meiguice,R. da Meiguice,N,Via Não Pavimentada
9611,88196,RUA DAMIANOPOLIS,Rua Damianópolis,R. Damianopolis,S,Via Pavimentada
5443,44784,RUA DA MOEDA,Rua da Moeda,R. da Moeda,S,Via Pavimentada
2650,18953,RUA DAMOLANDIA,Rua Damolandia,R. Damolandia,P,Via Parcialmente Pavimentada
5553,45764,RUA DA NATIVIDADE,Rua da Natividade,R. da Natividade,S,Via Pavimentada
9916,91421,RUA DANCING DAYS,Rua Dancing Days,R. Dancing Days,P,Via Parcialmente Pavimentada
3774,29254,RUA DANDARA,Rua Dandara,R. Dandara,S,Via Pavimentada
2651,18961,RUA DANIEL,Rua Daniel,R. Daniel,S,Via Pavimentada
2633,18988,RUA DANIEL ANTONIO RODRIGUES,Rua Daniel Antônio Rodrigues,R. Daniel Antônio Rodrigues,N,Via Não Pavimentada
8962,80330,RUA DANIEL LISBOA,Rua Daniel Lisboa,R. Daniel Lisboa,N,Via Não Pavimentada
2655,19038,RUA DANTAS,Rua Dantas,R. Dantas,S,Via Pavimentada
5702,47228,RUA DA OLARIA,Rua da Olaria,R. da Olaria,S,Via Pavimentada
5860,48585,RUA DA PALMA,Rua da Palma,R. da Palma,S,Via Pavimentada
10539,107140,RUA DA PAZ,Rua da Paz,R. da Paz,N,Via Não Pavimentada
10488,101354,RUA  DA PAZ,Rua da Paz,R. da Paz,N,Via Não Pavimentada
6005,49905,RUA DA PAZ,Rua da Paz,R. da Paz,S,Via Pavimentada
11201,116530,RUA DA PAZ,Rua da Paz,R. da Paz,S,Via Pavimentada
1530,8729,RUA DA PAZ,Rua da Paz,R. da Paz,P,Via Parcialmente Pavimentada
10511,101508,RUA DA PAZ,Rua da Paz,R. da Paz,S,Via Pavimentada
11503,120677,RUA DA PAZ,Rua da Paz,R. da Paz,N,Via Não Pavimentada
289,93866,RUA DA PAZ,Rua da Paz,R. da Paz,S,Via Pavimentada
11142,115711,RUA DA PAZ,Rua da Paz,R. da Paz,X,Não definida
11149,118281,RUA DA PAZ,Rua da Paz,R. da Paz,S,Via Pavimentada
11707,125148,RUA DA PAZ I,Rua da Paz I,R da Paz I,S,Via Pavimentada
6077,50610,RUA DA PENHA,Rua da Penha,R. da Penha,S,Via Pavimentada
6140,51101,RUA DA PIEDADE,Rua da Piedade,R. da Piedade,S,Via Pavimentada
8097,70319,RUA DA PITOMBEIRA,Rua da Pitombeira,R. da Pitombeira,S,Via Pavimentada
6212,51780,RUA DA PITOMBINHA,Rua da Pitombinha,R. da Pitombinha,S,Via Pavimentada
6298,52566,RUA DA PRAIA,Rua da Praia,R. da Praia,S,Via Pavimentada
9975,92134,RUA DA PRATA,Rua  da Prata,R. da Prata,S,Via Pavimentada
9185,82988,RUA DA PRIMAVERA,Rua da Primavera,R. da Primavera,X,Não definida
6316,52710,RUA DA PROMESSA,Rua da Promessa,R. da Promessa,S,Via Pavimentada
11799,137812,RUA DA PROSPERIDADE,Rua da Prosperidade,R. da Prosperidade,N,Via Não Pavimentada
8114,70505,RUA DA PROSPERIDADE,Rua da Prosperidade,R. da Prosperidade,N,Via Não Pavimentada
6730,56677,RUA DA RAPOSA,Rua da Raposa,R. da Raposa,S,Via Pavimentada
8033,69655,RUA DARCINOPOLIS,Rua Darcinopolis,R. Darcinopolis,X,Não definida
2459,17493,RUA DA REDE,Rua da Rede,R. da Rede,S,Via Pavimentada
6748,56952,RUA DA REGENERACAO,Rua da Regeneração,R. da Regeneracao,P,Via Parcialmente Pavimentada
2661,19070,RUA DARIO MEIRA,Rua Dário Meira,R. Dario Meira,S,Via Pavimentada
2663,19089,RUA DARIO VELOSO,Rua Dário Veloso,R. Dario Veloso,S,Via Pavimentada
11687,124796,RUA DA RIQUEZA,Rua da Riqueza,R. da Riqueza,N,Via Não Pavimentada
80,58882,RUA DA RODA,Rua da Roda,R. da Roda,X,Não definida
9549,87130,RUA DA ROSA,Rua da Rosa,R. da Rosa,N,Via Não Pavimentada
7898,67814,RUA DAS AGUAS VERDES,Rua das Águas Verdes,R. das Aguas Verdes,S,Via Pavimentada
10574,107590,RUA DA SALVACAO,Rua da Salvação,R. da Salvacao,X,Não definida
142,29882,RUA DAS ANGELICAS,Rua das Angélicas,R. das Angelicas,S,Via Pavimentada
6433,53805,RUA DA SANTA CRUZ,Rua da Santa Cruz,R. da Santa Cruz,S,Via Pavimentada
8747,77801,RUA DAS ARARAS,Rua das Araras,R. das Araras,N,Via Não Pavimentada
6486,54275,RUA DA SAUDADE,Rua da Saudade,R. da Saudade,S,Via Pavimentada
11256,117080,RUA DA SAUDADE,Rua da Saudade,R. da Saudade,N,Via Não Pavimentada
11595,121800,RUA DA SAUDE,Rua da Saúde,R. da Saude,X,Não definida
1680,10120,RUA DAS BARREIRAS,Rua das Barreiras,R. das Barreiras,S,Via Pavimentada
2064,13439,RUA DAS CALCADAS,Rua das Calçadas,R. das Calcadas,P,Via Parcialmente Pavimentada
2264,15598,RUA DAS CASTANHOLAS,Rua das Castanholas,R. das Castanholas,N,Via Não Pavimentada
2283,15776,RUA DAS COLINAS,Rua das Colinas,R. das Colinas,N,Via Não Pavimentada
2583,18252,RUA DAS CREOULAS,Rua das Creoulas,R. das Creoulas,S,Via Pavimentada
7516,63770,RUA DAS CRIANCAS,Rua das Crianças,R. das Criancas,P,Via Parcialmente Pavimentada
8627,76155,RUA DAS CRIANÇAS,Rua das Crianças,R. das Crianças,S,Via Pavimentada
2584,18260,RUA DAS CRIANCAS,Rua das Crianças,R. das Criancas,S,Via Pavimentada
8773,78107,RUA DA SERRINHA,Rua da Serrinha,R. da Serrinha,N,Via Não Pavimentada
2549,17892,RUA DAS ESTRELAS,Rua das Estrelas,R. das Estrelas,N,Via Não Pavimentada
4598,136930,RUA DAS FLORES,Rua das Flores,R. das Flores,N,Via Não Pavimentada
10788,110922,RUA DAS FLORES,Rua das Flores,R. das Flores,X,Não definida
9652,87890,RUA DAS FLORES,Rua das Flores,R. das Flores,S,Via Pavimentada
4724,38156,RUA DAS FLORES,Rua das Flores,R. das Flores,N,Via Não Pavimentada
3266,24732,RUA DAS FLORES,Rua das Flores,R. das Flores,S,Via Pavimentada
1509,8559,RUA DAS FLORES,Rua das Flores,R. das Flores,P,Via Parcialmente Pavimentada
3385,25798,RUA DAS FRONTEIRAS,Rua das Fronteiras,R. das Fronteiras,S,Via Pavimentada
3554,27294,RUA DAS GRACAS,Rua das Graças,R. das Gracas,S,Via Pavimentada
9910,91383,RUA DAS HORTAS,Rua das Hortas,R. das Hortas,S,Via Pavimentada
4720,38121,RUA DAS LARANJEIRAS,Rua das Laranjeiras,R. das Laranjeiras,N,Via Não Pavimentada
4789,38741,RUA DAS LEVADAS,Rua das Levadas,R. das Levadas,S,Via Pavimentada
4778,38652,RUA DAS MARIPOUSAS,Rua das Mariposas,R. das Maripousas,X,Não definida
5431,44733,RUA DAS MOCAS,Rua das Moças,R. das Moças,S,Via Pavimentada
5598,46140,RUA DAS NEVES,Rua das Neves,R. das Neves,S,Via Pavimentada
7711,65846,RUA DAS NEVES,Rua das Neves,R. das Neves,N,Via Não Pavimentada
201,46337,RUA DAS NINFAS,Rua das Ninfas,R. das Ninfas,S,Via Pavimentada
6669,56073,RUA DA SOLEDADE,Rua da Soledade,R. da Soledade,S,Via Pavimentada
11617,123340,RUA DA SOLIDARIEDADE,Rua da Solidariedade,R. da Solidariedade,S,Via Pavimentada
7661,67318,RUA DAS ORQUIDEAS,Rua das Orquídeas,R. das Orquídeas,N,Via Não Pavimentada
5540,45675,RUA DAS ORQUIDIAS,Rua das Orquídeas,R. das Orquidias,S,Via Pavimentada
10435,100684,RUA DAS PALMEIRAS,Rua das Palmeiras,R. das Palmeiras,S,Via Pavimentada
10994,113689,RUA DAS PALMEIRAS,Rua das Palmeiras,R. das Palmeiras,S,Via Pavimentada
11661,124672,RUA DAS PALMEIRAS,Rua das Palmeiras,R. das Palmeiras,S,Via Pavimentada
6100,50849,RUA DAS PERNAMBUCANAS,Rua das Pernambucanas,R. das Pernambucanas,S,Via Pavimentada
10878,112178,RUA DAS ROSAS,Rua das Rosas,Rua das Rosas,N,Via Não Pavimentada
7785,66648,RUA DAS ROSAS,Rua das Rosas,R. das Rosas,N,Via Não Pavimentada
7856,67458,RUA DAS ROSAS,Rua das Rosas,R. das Rosas,P,Via Parcialmente Pavimentada
4562,136921,RUA DAS ROSAS,Rua das Rosas,R. das Rosas,N,Via Não Pavimentada
7785,66648,RUA DAS ROSAS,Rua das Rosas,R. das Rosas,N,Via Não Pavimentada
7856,67458,RUA DAS ROSAS,Rua das Rosas,R. das Rosas,P,Via Parcialmente Pavimentada
5550,45748,RUA DAS SAUDADES,Rua das Saudades,R. das Saudades,S,Via Pavimentada
4977,40460,RUA DAS SUCUPIRAS,Rua das Sucupiras,R. das Sucupiras,X,Não definida
4983,40517,RUA DAS TAPIOCAS,Rua das Tapiocas,R. das Tapiocas,X,Não definida
6699,56340,RUA DA SUCUPIRA,Rua da Sucupira,R. da Sucupira,S,Via Pavimentada
8187,72192,RUA DA TAPA,Rua da Tapa,R. da Tapa,S,Via Pavimentada
10944,112950,RUA DA TORRE,Rua da Torre,R. da Torre,N,Via Não Pavimentada
11798,137731,RUA DA TRANQUILIDADE,Rua da Tranquilidade,Rua da Tranquilidade,S,Via Pavimentada
435,11762,RUA DA UNIAO,Rua da União,R. da Uniao,S,Via Pavimentada
8850,78956,RUA DA UNIAO,Rua da União,R. da Uniao,P,Via Parcialmente Pavimentada
11509,120731,RUA DA UNIAO,Rua da União,R. da Uniao,X,Não definida
7328,62235,RUA DA UNIAO,Rua da União,R. da Uniao,S,Via Pavimentada
1265,8788,RUA DA UNIAO,Rua da União,R. da Uniao,X,Não definida
10512,101516,RUA DA UNIAO,Rua da União,R. da Uniao,X,Não definida
3237,24333,RUA DA UNIDADE,Rua da Unidade,R. da Unidade,N,Via Não Pavimentada
7970,68675,RUA DAVI CAPISTRANO,Rua Davi Capistrano,R. Davi Capistrano,N,Via Não Pavimentada
2664,19100,RUA DAVID KAUFFMAN,Rua David Kauffman,R. David Kauffman,N,Via Não Pavimentada
8494,74500,RUA DAVID NASSER,Rua David Nasser,R. David Nasser,N,Via Não Pavimentada
2665,19119,RUA DAVID PERNETA,Rua David Perneta,R. David Perneta,S,Via Pavimentada
7337,64564,RUA DA VILA,Rua da Vila,R. da Vila,S,Via Pavimentada
2668,19135,RUA DAVINO PONTUAL,Rua Davino Pontual,R. Davino Pontual,S,Via Pavimentada
10834,111619,RUA DA VITORIA,Rua da Vitória,R. da Vitória,S,Via Pavimentada
7459,63452,RUA DA VITORIA,Rua da Vitória,R. da Vitoria,S,Via Pavimentada
1859,11711,RUA DA VITORIA,Rua da Vitória,R. da Vitoria,S,Via Pavimentada
10621,109304,RUA DA VITORIA,Rua da Vitória,R. da Vitoria,P,Via Parcialmente Pavimentada
10403,100200,RUA DA VITORIA,Rua da Vitória,R. da Vitoria,S,Via Pavimentada
7647,65234,RUA DA VITORIA,Rua da Vitória,R. da Vitoria,S,Via Pavimentada
11710,125172,RUA DA VITORIA I,Rua da Vitória I,R. da Vitória I,S,Via Pavimentada
7657,65340,RUA DA VOLTA,Rua da Volta,R. da Volta,N,Via Não Pavimentada
9523,87050,RUA DEANNA CLARK XAVIER,Rua Deanna Clark Xavier,R. Deanna Clark Xavier,S,Via Pavimentada
3165,23590,RUA DEAO FARIA,Rua Deao Faria,R. Deao Faria,N,Via Não Pavimentada
1297,6530,RUA DE APIPUCOS,Rua de Apipucos,R. de Apipucos,S,Via Pavimentada
2678,19194,RUA DELEGADO DELGADO PARAIZO,Rua Delegado Delgado Paraizo,R. Delegado Delgado Paraizo,N,Via Não Pavimentada
420,126802,RUA DELEGADO JORGE BRANDAO,RUA DELEGADO JORGE BRANDÃO,R. Delegado Jorge Brandão,S,Via Pavimentada
10983,113530,RUA DELEGADO JOSE BATISTA MORENO,Rua Delegado José Batista Moreno,R. Delegado José Batista Moreno,N,Via Não Pavimentada
11747,125865,RUA DELEGADO JOSE BATISTA MORENO,Rua Delegado José Batista Moreno,R. Del. José Batista Moreno,N,Via Não Pavimentada
8261,72125,RUA DELEGADO TERCIO SOARES DE AQUINO,Rua Delegado Tércio Soares de Aquino,R. Delegado Tercio Soares de Aquino,S,Via Pavimentada
9484,86690,RUA DELEGADO TRINDADE HENRIQUES,Rua Delegado Trindade Henriques,R. Delegado Trindade Henriques,N,Via Não Pavimentada
2671,19151,RUA DELFIM,Rua Delfim,R. Delfim,P,Via Parcialmente Pavimentada
2673,19160,RUA DELFIM MOREIRA,Rua Delfim Moreira,R. Delfim Moreira,S,Via Pavimentada
2674,19178,RUA DELFINO,Rua Delfino,R. Delfino,N,Via Não Pavimentada
2676,19186,RUA DELFINOPOLIS,Rua Delfinópolis,R. Delfinopolis,S,Via Pavimentada
2679,19208,RUA DELICIA,Rua Delícia,R. Delicia,X,Não definida
124,21199,RUA DELMIRO GOUVEIA,Rua Delmiro Gouveia,R. Delmiro Gouveia,S,Via Pavimentada
11205,116572,RUA DELMIRO LUNA,Rua Delmiro Luna,R. Delmiro Luna,N,Via Não Pavimentada
2681,19232,RUA DEMOCRATA,Rua Democrata,R. Democrata,X,Não definida
2682,19240,RUA DEMOCRITO CAVALCANTI,Rua Demócrito Cavalcanti,R. Democrito Cavalcanti,P,Via Parcialmente Pavimentada
2683,19259,RUA DEMOCRITO DE SOUZA FILHO,Rua Demócrito de Souza Filho,R. Democrito de Souza Filho,S,Via Pavimentada
2684,19267,RUA DEMOSTENES DE OLINDA,Rua Demóstenes de Olinda,R. Demostenes de Olinda,S,Via Pavimentada
11805,137936,RUA DENDEZAL,Rua Dendezal,R. Dendezal,X,Não definida
8801,78417,RUA DENTUDO,Rua Dentudo,R. Dentudo,S,Via Pavimentada
2696,19321,RUA DEODATO TORRES,Rua Deodato Torres,R. Deodato Torres,S,Via Pavimentada
2699,19348,RUA DEODORO DA FONSECA,Rua Deodoro da Fonseca,R. Deodoro da Fonseca,S,Via Pavimentada
2700,19356,RUA DEOLINDO TAVARES,Rua Deolindo Tavares,R. Deolindo Tavares,S,Via Pavimentada
3030,22527,RUA DA PERNAMBUCO,Rua de Pernambuco,R. da Pernambuco,N,Via Não Pavimentada
9494,86800,RUA DEPUTADO ABILIO MOREIRA LOPES,Rua Deputado Abílio Moreira Lopes,R. Dep Abilio Moreira Lopes,N,Via Não Pavimentada
9172,82724,RUA DEPUTADO ADALBERTO GUERRA,Rua Deputado Adalberto Guerra,R. Dep Adalberto Guerra,N,Via Não Pavimentada
657,1120,RUA DEPUTADO AFRANIO GODOY,Rua Deputado Afrânio Godoy,R. Dep Afranio Godoy,N,Via Não Pavimentada
9493,86797,RUA DEPUTADO ALCIDES TEIXEIRA,Rua Deputado Alcides Teixeira,R. Dep Alcides Teixeira,N,Via Não Pavimentada
7957,68500,RUA DEPUTADO ALDE SAMPAIO,Rua Deputado Alde Sampaio,R. Dep Alde Sampaio,N,Via Não Pavimentada
1242,6319,RUA DEPUTADO AMAURY PEDROSA,Rua Deputado Amaury Pedrosa,R. Dep Amaury Pedrosa,N,Via Não Pavimentada
1188,5851,RUA DEPUTADO ANTONIO HERACLIO,Rua Deputado Antônio Heráclio,R. Dep Antônio Heraclio,S,Via Pavimentada
10410,100323,RUA DEPUTADO BEROALDO LOPES MAIA,Rua Deputado Beroaldo Lopes Maia,R. Dep Beroaldo Lopes Maia,S,Via Pavimentada
3638,28096,RUA DEPUTADO CARLOS CARIBE,Rua Deputado Carlos Caribé,R. Dep Carlos Caribe,N,Via Não Pavimentada
8707,77372,RUA DEPUTADO CELSO MIRANDA,Rua Deputado Celso Miranda,R. Dep Celso Miranda,N,Via Não Pavimentada
11686,124788,RUA DEPUTADO CONSTANCIO MARANHAO,Rua Deputado Constâncio Maranhão,R. Dep. Constâncio Maranhão,X,Não definida
2623,18686,RUA DEPUTADO CUNHA RABELO,Rua Deputado Cunha Rabelo,R. Dep Cunha Rabelo,P,Via Parcialmente Pavimentada
8706,77364,RUA DEPUTADO EDSON MOURY FERNANDES,Rua Deputado Edson Moury Fernandes,R. Dep Edson Moury Fernandes,N,Via Não Pavimentada
2454,17183,RUA DEPUTADO ELIAS LIBANIO RIBEIRO,Rua Deputado Elias Libanio Ribeiro,R. Dep Elias Libanio Ribeiro,S,Via Pavimentada
7728,66052,RUA DEPUTADO GOMES DE SA,Rua Deputado Gomes de Sá,R. Dep Gomes de Sa,S,Via Pavimentada
9370,85448,RUA DEPUTADO JOAQUIM COUTINHO,Rua Deputado Joaquim Coutinho,R. Dep Joaquim Coutinho,S,Via Pavimentada
4652,37575,RUA DEPUTADO JOSE FERNANDES,Rua Deputado José Fernandes,R. Dep José Fernandes,S,Via Pavimentada
929,3441,RUA DEPUTADO JOSE FRANCISCO DE MELO CAVALCANTI,Rua Deputado José Francisco de Melo Cavalcanti,R. Dep José Francisco de Melo Cavalcanti,P,Via Parcialmente Pavimentada
9372,85464,RUA DEPUTADO LUIZ DIAS LINS,Rua Deputado Luiz Dias Lins,R. Dep Luiz Dias Lins,S,Via Pavimentada
5121,41815,RUA DEPUTADO MANOEL PAES,Rua Deputado Manoel Paes,R. Dep Manoel Paes,P,Via Parcialmente Pavimentada
7286,62049,RUA DEPUTADO MARIO MONTEIRO,Rua Deputado Mário Monteiro,R. Dep Mario Monteiro,S,Via Pavimentada
9149,82490,RUA DEPUTADO METODIO GODOY,Rua Deputado Metodio Godoy,R. Dep Metodio Godoy,N,Via Não Pavimentada
11637,124389,RUA DEPUTADO OSVALDO RABELO,Rua Deputado Osvaldo Rabelo,R. Deputado Osvaldo Rabelo,N,Via Não Pavimentada
6037,50202,RUA DEPUTADO PEDRO FALCAO,Rua Deputado Pedro Falcão,R. Dep Pedro Falcao,N,Via Não Pavimentada
7869,67547,RUA DEPUTADO PEDRO PIRES FERREIRA,Rua Deputado Pedro Pires Ferreira,R. Dep Pedro Pires Ferreira,S,Via Pavimentada
6062,50440,RUA DEPUTADO PEDRO VELHO,Rua Deputado Pedro Velho,R. Dep Pedro Velho,N,Via Não Pavimentada
4582,36870,RUA DEPUTADO SALVIANO MACHADO,Rua Deputado Salviano Machado,R. Dep Salviano Machado,S,Via Pavimentada
7336,64556,RUA DEPUTADO VIEIRA SOUTO,Rua Deputado Vieira Souto,R. Dep Vieira Souto,S,Via Pavimentada
2702,19364,RUA DERMEVAL LOBAO,Rua Dermeval Lobão,R. Dermeval Lobao,S,Via Pavimentada
6930,58750,RUA SANTA RITA,Rua de Santa Rita,R. de Santa Rita,S,Via Pavimentada
4388,35050,RUA DE SAO JORGE,Rua de São Jorge,R. de São Jorge,P,Via Parcialmente Pavimentada
557,272,RUA DES ABELARDO LIMA,Rua Desembargador Abelardo Lima,R. Des Abelardo Lima,N,Via Não Pavimentada
625,876,RUA DES ADOLFO CIRIACO,Rua Desembargador Adolfo Ciríaco,R. Des Adolfo Ciriaco,S,Via Pavimentada
322,126713,RUA DES AGENOR FERREIRA DE LIMA,Rua Desembargador Agenor Ferreira de Lima,R. Des. Agenor Ferreira de Lima,X,Não definida
863,2917,RUA DES ALTINO,Rua Desembargador Altino,R. Des Altino,N,Via Não Pavimentada
1212,6076,RUA DES ANGELO JORDAO,Rua Desembargador Angelo Jordão,R. Des Angelo Jordao,P,Via Parcialmente Pavimentada
1092,5088,RUA DES ANGELO JORDAO,Rua Desembargador Angelo Jordão,R. Des Angelo Jordao,S,Via Pavimentada
1186,5835,RUA DES ANTONIO GUIMARAES,Rua Desembargador Antônio Guimarães,R. Des Antônio Guimaraes,S,Via Pavimentada
1932,12246,RUA DES BRANDAO DA ROCHA,Rua Desembargador Brandão da Rocha,R. Des Brandao da Rocha,N,Via Não Pavimentada
2152,14524,RUA DES CAPISTRANO DE MORAES E SILVA,Rua Desembargador Capistrano de Moraes e Silva,R. Des Capistrano de Moraes e Silva,S,Via Pavimentada
10207,97268,RUA DES CELIO DE CASTRO MONTENEGRO,Rua Desembargador Célio de Castro Montenegro,R. Des Celio de Castro Montenegro,X,Não definida
2621,18660,RUA DES CUNHA BARRETO,Rua Desembargador Cunha Barreto,R. Des Cunha Barreto,S,Via Pavimentada
2750,19810,RUA DES DIRCEU BORGES,Rua Desembargador Dirceu Borges,R. Des Dirceu Borges,N,Via Não Pavimentada
2848,20729,RUA DES EDMUNDO JORDAO,Rua Desembargador Edmundo Jordão,R. Des Edmundo Jordao,S,Via Pavimentada
3140,23353,RUA DES EVANDRO NETTO,Rua Desembargador Evandro Netto,R. Des Evandro Netto,S,Via Pavimentada
3287,24929,RUA DES FONSECA GALVAO,Rua Desembargador Fonseca Galvão,R. Des Fonseca Galvao,S,Via Pavimentada
3339,25372,RUA DES FRANCISCO LUIZ,Rua Desembargador Francisco Luiz,R. Des. Francisco Luiz,S,Via Pavimentada
3377,25720,RUA DES FREITAS,Rua Desembargador Freitas,R. Des Freitas,S,Via Pavimentada
3507,26905,RUA DES GOIS CAVALCANTE,Rua Desembargador Góis Cavalcante,R. Des Gois Cavalcante,S,Via Pavimentada
3535,27146,RUA DES GONDIM,Rua Desembargador Gondim,R. Des Gondim,P,Via Parcialmente Pavimentada
6234,51969,RUA DES GUERRA BARRETO,Rua Desembargador Guerra Barreto,R. Des Guerra Barreto,S,Via Pavimentada
3723,28860,RUA DES HERACLITO CAVALCANTI,Rua Desembargador Heráclito Cavalcanti,R. Des Heraclito Cavalcanti,P,Via Parcialmente Pavimentada
4198,33421,RUA DES JOAO BATISTA,Rua Desembargador João Batista,R. Des João Batista,S,Via Pavimentada
4273,34096,RUA DES JOAO PAES,Rua Desembargador João Paes,R. Des João Paes,S,Via Pavimentada
4835,39314,RUA DES LOPES GAMA,Rua Desembargador Lopes Gama,R. Des Lopes Gama,S,Via Pavimentada
8230,71765,RUA DES LUIZ MARINHO,Rua Desembargador Luiz Marinho,R. Des Luiz Marinho,X,Não definida
4944,40142,RUA DES LUIZ SALAZAR,Rua Desembargador Luiz Salazar,R. Des Luiz Salazar,S,Via Pavimentada
5130,41890,RUA DES MANOEL DE SA PEREIRA,Rua Desembargador Manoel de Sá Pereira,R. Des Manoel de Sa Pereira,P,Via Parcialmente Pavimentada
5279,43400,RUA DES MARTINS PEREIRA,Rua Desembargador Martins Pereira,R. Des Martins Pereira,S,Via Pavimentada
5333,43842,RUA DES MEDEIROS CORREIA,Rua Desembargador Medeiros Correia,R. Des Medeiros Correia,P,Via Parcialmente Pavimentada
5467,45292,RUA DES MOTTA JUNIOR,Rua Desembargador Motta Júnior,R. Des Motta Junior,S,Via Pavimentada
5779,47899,RUA DES OSCAR COUTINHO,Rua Desembargador Oscar Coutinho,R. Des Oscar Coutinho,S,Via Pavimentada
11797,137707,RUA DES OTILIO NEIVA,Rua Desembargador Otílio Neiva,Rua Desembargador Otílio Neiva,S,Via Pavimentada
5986,49700,RUA DES PAULO ANDRE,Rua Desembargador Paulo André,R. Des Paulo Andre,S,Via Pavimentada
7486,63479,RUA DES PEDRO RIBEIRO MALTA,Rua Desembargador Ribeiro Malta,R. Des Pedro Ribeiro Malta,S,Via Pavimentada
6945,58890,RUA DES RODERICK GALVAO,Rua Desembargador Roderick Galvão,R. Des Roderick Galvao,S,Via Pavimentada
6948,58920,RUA DES RODOLFO AURELIANO,Rua Desembargador Rodolfo Aureliano,R. Des Rodolfo Aureliano,N,Via Não Pavimentada
6460,54020,RUA DES SANTOS PEREIRA,Rua Desembargador Santos Pereira,R. Des Santos Pereira,N,Via Não Pavimentada
7164,60828,RUA DES THOMAZ CYRILO WANDERLEY,Rua Desembargador Thomaz Cyrilo Wanderley,R. Des Thomaz Cyrilo Wanderley,S,Via Pavimentada
7628,65056,RUA DES VIRGILIO DE SA PEREIRA,Rua Desembargador Virgilio de Sá Pereira,R. Des Virgilio de Sá Pereira,N,Via Não Pavimentada
8086,70203,RUA DESENHISTA EULINO SANTOS,Rua Desenhista Eulino Santos,R. Desenhista Eulino Santos,S,Via Pavimentada
7964,68578,RUA DESPORTIST GEO,Rua Desportista Géo,R. Desportista Géo,N,Via Não Pavimentada
7188,61042,RUA DESPORTIST VALDOMIRO SILVA,Rua Desportista Valdomiro Silva,R. Desportista Valdomiro Silva,S,Via Pavimentada
10082,94480,RUA DESPORTIST WALDIR SANTANA,Rua Desportista Waldir Santana,R. Desportist Waldir Santana,N,Via Não Pavimentada
2690,19410,RUA DEUS TE GUARDE,Rua Deus Te Guarde,R. Deus Te Guarde,N,Via Não Pavimentada
8449,74250,RUA DEZ,Rua Dez,R. Dez,S,Via Pavimentada
2710,19445,RUA DEZ DE JANEIRO,Rua Dez de Janeiro,R. Dez de Janeiro,S,Via Pavimentada
2711,19453,RUA DEZ DE JULHO,Rua Dez de Julho,R. Dez de Julho,S,Via Pavimentada
7501,63622,RUA DEZ DE MAIO,Rua Dez de Maio,R. Dez de Maio,S,Via Pavimentada
7509,63711,RUA DEZENOVE DE ABRIL,Rua Dezenove de abril,R. Dezenove de Abril,S,Via Pavimentada
2715,19488,RUA DEZENOVE DE ABRIL,Rua Dezenove de Abril,R. Dezenove de Abril,S,Via Pavimentada
7460,63223,RUA DEZENOVE DE AGOSTO,Rua Dezenove de Agosto,R. Dezenove de Agosto,S,Via Pavimentada
2716,19496,RUA DEZENOVE DE MARCO,Rua Dezenove de Março,R. Dezenove de Marco,S,Via Pavimentada
2717,19500,RUA DEZENOVE DE NOVEMBRO,Rua Dezenove de Novembro,R. Dezenove de Novembro,S,Via Pavimentada
8208,71544,RUA DEZESETE,Rua Dezesete,R. Dezesete,S,Via Pavimentada
2718,19518,RUA DEZESSEIS DE JULHO,Rua Dezesseis de Julho,R. Dezesseis de Julho,P,Via Parcialmente Pavimentada
2713,19470,RUA DEZESSEIS DE OUTUBRO,Rua Dezesseis de Outubro,R. Dezesseis de Outubro,P,Via Parcialmente Pavimentada
11488,120510,RUA DEZESSETE DE JUNHO,Rua Dezessete de Junho,R. Dezessete de Junho,N,Via Não Pavimentada
4549,36633,RUA DEZOITO DE DEZEMBRO,Rua Dezoito de Dezembro,R. Dezoito de Dezembro,N,Via Não Pavimentada
2724,19534,RUA DEZOITO DE MARCO,Rua Dezoito de Março,R. Dezoito de Marco,S,Via Pavimentada
2652,18996,RUA DHALIA,Rua Dhália,R. Dhalia,S,Via Pavimentada
2692,19542,RUA DIADEMA,Rua Diadema,R. Diadema,S,Via Pavimentada
6812,57584,RUA DIAMANTE,Rua Diamante,R. Diamante,N,Via Não Pavimentada
9757,89346,RUA DIAMANTE DO NORTE,Rua Diamante do Norte,R. Diamante do Norte,P,Via Parcialmente Pavimentada
2705,19569,RUA DIAMANTINO,Rua Diamantino,R. Diamantino,P,Via Parcialmente Pavimentada
2727,19585,RUA DIANOPOLIS,Rua Dianópolis,R. Dianopolis,S,Via Pavimentada
2728,19593,RUA DIARIO DE PERNAMBUCO,Rua Diário de Pernambuco,R. Diario de Pernambuco,S,Via Pavimentada
2729,19607,RUA DIAS CARDOSO,Rua Dias Cardoso,R. Dias Cardoso,X,Não definida
2730,19623,RUA DIAS D'AVILA,Rua Dias D`Avila,R. Dias D`Avila,P,Via Parcialmente Pavimentada
7923,68055,RUA DILERMANO MELO DO NASCIMENTO,Rua Dilermano Melo do Nascimento,R. Dilermano Melo do Nascimento,S,Via Pavimentada
9343,85146,RUA DILERMANO REIS,Rua Dilermano Reis,R. Dilermano Reis,S,Via Pavimentada
8693,77062,RUA DINAMERICO FAY DE ANDRADE,Rua Dinamérico Fay de Andrade,R. Dinamérico Fay de Andrade,S,Via Pavimentada
2734,19666,RUA DINIZ,Rua Diniz,R. Diniz,P,Via Parcialmente Pavimentada
2735,19674,RUA DINIZ BARRETO,Rua Diniz Barreto,R. Diniz Barreto,N,Via Não Pavimentada
5268,43303,RUA DINOPOLIS,Rua Dinópolis,R. Dinopolis,S,Via Pavimentada
2736,19682,RUA DIOCLECIO CEZAR,Rua Dioclecio Cezar,R. Dioclecio Cezar,S,Via Pavimentada
2742,19720,RUA DIOGENES SAMPAIO,Rua Diogenes Sampaio,R. Diogenes Sampaio,P,Via Parcialmente Pavimentada
2738,19690,RUA DIOGO ALVARES,Rua Diogo Álvares,R. Diogo Alvares,S,Via Pavimentada
10116,95117,RUA DIOGO BARBOSA MACHADO,Rua Diogo Barbosa Machado,R. Diogo Barbosa Machado,N,Via Não Pavimentada
2741,19712,RUA DIOGO COUTO,Rua Diogo Couto,R. Diogo Couto,X,Não definida
2744,19747,RUA DIOGO DE VASCONCELOS,Rua Diogo de Vasconcelos,R. Diogo de Vasconcelos,P,Via Parcialmente Pavimentada
2745,19755,RUA DIOLANDIA,Rua Diolândia,R. Diolandia,S,Via Pavimentada
2746,19763,RUA DIONISIO CERQUEIRA,Rua Dionísio Cerqueira,R. Dionísio Cerqueira,S,Via Pavimentada
10056,94668,RUA DIRCEU PESSOA,Rua Dirceu Pessoa,R. Dirceu Pessoa,S,Via Pavimentada
11359,118664,RUA DIREITA,Rua Direita,R. Direita,N,Via Não Pavimentada
2752,19836,RUA DIREITA,Rua Direita,R. Direita,S,Via Pavimentada
9413,85812,RUA DIVINEIA,Rua Divinéia,R. Divineia,S,Via Pavimentada
2754,19844,RUA DIVINESIA,Rua Divinésia,R. Divinesia,P,Via Parcialmente Pavimentada
2755,19852,RUA DIVINO,Rua Divino,R. Divino,S,Via Pavimentada
2758,19879,RUA DIVINOLANDIA,Rua Divinolândia,R. Divinolandia,S,Via Pavimentada
2760,19895,RUA DIVINOPOLIS,Rua Divinópolis,R. Divinopolis,S,Via Pavimentada
2757,19860,RUA DIVINO SALVADOR,Rua Divino Salvador,R. Divino Salvador,N,Via Não Pavimentada
9754,89338,RUA DIVISA,Rua  Divisa,R. Divisa,S,Via Pavimentada
2762,19917,RUA DIVISOPOLIS,Rua Divisopolis,R. Divisopolis,S,Via Pavimentada
2765,19933,RUA DJALMA FARIAS,Rua Djalma Farias,R. Djalma Farias,P,Via Parcialmente Pavimentada
2767,19941,RUA DJALMA HONORIO,Rua Djalma Honório,R. Djalma Honorio,S,Via Pavimentada
2770,19976,RUA DJANIRA,Rua Djanira,R. Djanira,S,Via Pavimentada
587,566,RUA DO ACRE,Rua do Acre,R. do Acre,S,Via Pavimentada
10086,94579,RUA DO AFETO,Rua do Afeto,R. do Afeto,S,Via Pavimentada
9109,82031,RUA DO AGAVE,Rua do Agave,R. do Agave,S,Via Pavimentada
771,2097,RUA DO ALECRIM,Rua do Alecrim,R. do Alecrim,S,Via Pavimentada
1084,5010,RUA DO ANGELIM,Rua do Angelim,R. do Angelim,X,Não definida
1110,5215,RUA DO ANIL,Rua do Anil,R. do Anil,S,Via Pavimentada
1302,6572,RUA DO APOLO,Rua do Apolo,R. do Apolo,S,Via Pavimentada
1339,6882,RUA DO ARACA,Rua do Araçá,R. do Araca,N,Via Não Pavimentada
1348,7013,RUA DO ARAGAO,Rua do Aragão,R. do Aragao,S,Via Pavimentada
1640,9733,RUA DO BAMBU,Rua do Bambu,R. do Bambu,S,Via Pavimentada
1648,9806,RUA DO BANHO,Rua do Banho,R. do Banho,S,Via Pavimentada
1888,11894,RUA DO BOM JESUS,Rua do Bom Jesus,R. do Bom Jesus,S,Via Pavimentada
1955,12580,RUA DO BRUM,Rua do Brum,R. do Brum,S,Via Pavimentada
3919,30643,RUA DO CABOCLO,Rua do Caboclo,R. do Caboclo,S,Via Pavimentada
2024,13072,RUA DO CACIMBAO,Rua do Cacimbão,R. do Cacimbao,X,Não definida
11507,120715,RUA DO CAJUEIRO,Rua do Cajueiro,R. do Cajueiro,N,Via Não Pavimentada
10575,107603,RUA DO CAJUEIRO,Rua do Cajueiro,R. do Cajueiro,S,Via Pavimentada
267,80721,RUA DO CAMPO,Rua do Campo,R. do Campo,S,Via Pavimentada
2111,13870,RUA DO CAMPO,Rua do Campo,R. do Campo,P,Via Parcialmente Pavimentada
6397,53546,RUA DO CAMPO,Rua do Campo,R. do Campo,N,Via Não Pavimentada
9783,89664,RUA DO CANAL,Rua do Canal,R. do Canal,X,Não definida
9930,91545,RUA DO CANAL,Rua do Canal,R. do Canal,S,Via Pavimentada
1593,9270,RUA DO CANAL,Rua do Canal,R. do Canal,X,Não definida
2130,14265,RUA DO CANDOMBLE,Rua do Candomblé,R. do Candomblé,P,Via Parcialmente Pavimentada
2135,14346,RUA DO CANO,Rua do Cano,R. do Cano,P,Via Parcialmente Pavimentada
2138,14370,RUA DO CANTO,Rua do Canto,R. do Canto,S,Via Pavimentada
2157,14583,RUA DO CAPRICHO,Rua do Capricho,R. do Capricho,S,Via Pavimentada
8119,70564,RUA DO CASARAO,Rua do Casarão,R. do Casarao,N,Via Não Pavimentada
8946,80160,RUA DO CATOLE,Rua do Catolé,R. do Catole,X,Não definida
2375,16578,RUA DO CHACON,Rua do Chacon,R. do Chacon,S,Via Pavimentada
2376,16586,RUA DO CHAFARIZ,Rua do Chafariz,R. do Chafariz,S,Via Pavimentada
2363,16454,RUA DO CINEMA,Rua do Cinema,R. do Cinema,S,Via Pavimentada
11506,120707,RUA DO CISNE,Rua do Cisne,R. do Cisne,X,Não definida
11547,121274,RUA DO CRAVO,Rua do Cravo,R. do Cravo,S,Via Pavimentada
2628,18732,RUA DO CRENTE,Rua do Crente,R. do Crente,S,Via Pavimentada
2625,18708,RUA DO CUPIM,Rua do Cupim,R. do Cupim,S,Via Pavimentada
10922,112747,RUA DO DENDE,Rua do dende,R. do Dende,S,Via Pavimentada
2686,19283,RUA DO DENDE,Rua do Dendê,R. do Dende,P,Via Parcialmente Pavimentada
2687,19291,RUA DO DENDEZEIRO,Rua do Dendezeiro,R. do Dendezeiro,S,Via Pavimentada
2703,19372,RUA DO DESPACHO,Rua do Despacho,R. do Despacho,S,Via Pavimentada
2706,19399,RUA DESTERRO,Rua do Desterro,R. do Desterro,N,Via Não Pavimentada
437,19780,RUA DO DIQUE,Rua do Dique,R. do Dique,S,Via Pavimentada
3054,22713,RUA DO ESPINHEIRO,Rua do Espinheiro,R. do Espinheiro,S,Via Pavimentada
9616,88188,RUA DO ESTUDANTE,Rua do Estudante,R. do Estudante,X,Não definida
6353,52973,RUA DO FERREIRA,Rua do Ferreira,R. do Ferreira,S,Via Pavimentada
3284,24899,RUA DO FOGO,Rua do Fogo,R. do Fogo,S,Via Pavimentada
10891,112364,RUA DO FOGO,RUA DO FOGO,R. DO FOGO,S,Via Pavimentada
3286,24910,RUA DO FONSECA,Rua do Fonseca,R. do Fonseca,S,Via Pavimentada
3296,24996,RUA DO FORTE,Rua do Forte,R. do Forte,S,Via Pavimentada
10085,94560,RUA DO FREVO,Rua do Frevo,R. do Frevo,N,Via Não Pavimentada
3395,25879,RUA DO FUTURO,Rua do Futuro,R. do Futuro,S,Via Pavimentada
11703,125105,RUA DO FUTURO I,Rua do Futuro I,R do Futuro I,S,Via Pavimentada
11856,701262,RUA DO GANSO,Rua do Ganso,R. do Ganso,X,Não definida
4874,88501,RUA DO GARNIZE,Rua do Garnizé,R. do Garnize,S,Via Pavimentada
5522,45535,RUA DO GIRASSOL,Rua do Girassol,R. do Girassol,S,Via Pavimentada
3483,26689,RUA DO GIRIQUITI,Rua do Giriquiti,R. do Giriquiti,S,Via Pavimentada
3781,29335,RUA DO HOSPICIO,Rua do Hospício,R. do Hospicio,S,Via Pavimentada
3302,25054,RUA DOIS,Rua Dois,R. Dois,N,Via Não Pavimentada
3285,24902,TRV RUA DOIS,Rua Dois,Trv R. Dois,X,Não definida
2771,19984,RUA DOIS DE FEVEREIRO,Rua Dois de Fevereiro,R. Dois de Fevereiro,S,Via Pavimentada
2776,20010,RUA DOIS DE JANEIRO,Rua Dois de Janeiro,R. Dois de Janeiro,S,Via Pavimentada
8211,71560,RUA DOIS DE JULHO,Rua Dois de Julho,R. Dois de Julho,N,Via Não Pavimentada
2777,20028,RUA DOIS DE JULHO,Rua Dois de Julho,R. Dois de Julho,S,Via Pavimentada
11528,120910,RUA DOIS DE JUNHO,Rua Dois de Junho,R. Dois de Junho,X,Não definida
2778,20036,RUA DOIS DE MAIO,Rua Dois de Maio,R. Dois de Maio,S,Via Pavimentada
7482,63444,RUA DOIS DE SETEMBRO,Rua Dois de Setembro,R. Dois de Setembro,S,Via Pavimentada
2774,20001,RUA DOIS IRMAOS,Rua Dois Irmãos,R. Dois Irmaos,S,Via Pavimentada
8979,80519,RUA DOIS LEOES,Rua Dois Leões,R. Dois Leoes,X,Não definida
8613,76007,RUA DOIS RIOS,Rua Dois Rios,R. Dois Rios,N,Via Não Pavimentada
8997,80837,RUA DO ITACI,Rua do Itaci,R. do Itaci,N,Via Não Pavimentada
4119,32735,RUA DO JARDIM,Rua do Jardim,R. do Jardim,S,Via Pavimentada
3487,26719,RUA DO JARDIM,Rua do Jardim,R. do Jardim,S,Via Pavimentada
11659,124656,RUA DO JASMIM,Rua do Jasmim,R. do Jasmim,S,Via Pavimentada
7854,67431,RUA DO JASMIM,Rua do Jasmim,R. do Jasmim,N,Via Não Pavimentada
11586,121690,RUA DO JASMIM,Rua do Jasmim,R. do Jasmim,S,Via Pavimentada
4129,32824,RUA DO JASMIM,Rua do Jasmim,R. do Jasmim,S,Via Pavimentada
7480,63428,RUA DO JASMIM,Rua do Jasmim,R. do Jasmim,S,Via Pavimentada
5545,45691,RUA DO JASMIN,Rua do Jasmin,R. dos Jasmin,P,Via Parcialmente Pavimentada
4138,32905,RUA DO JAU,Rua do Jaú,R. do Jau,S,Via Pavimentada
9703,88510,RUA DO JOAO PERFEITO,Rua do João Perfeito,R. do João Perfeito,S,Via Pavimentada
9921,91464,RUA DOLCINOPOLIS,Rua Dolcinópolis,R. Dolcinopolis,S,Via Pavimentada
9550,87149,RUA DO LIRIO,Rua do Lírio,R. do Lirio,S,Via Pavimentada
11548,121282,RUA DO LIRIO,Rua do Lírio,R. do Lirio,X,Não definida
306,121720,RUA DO LIRIO,Rua do Lírio,R. do Lirio,S,Via Pavimentada
4815,39144,RUA DO LIVRAMENTO,Rua do Livramento,R. do Livramento,S,Via Pavimentada
9988,92444,RUA DOLORES SALGADO,Rua Dolores Salgado,R. Dolores Salgado,S,Via Pavimentada
10630,110264,RUA DO LOURO,Rua do Louro,R. do Louro,N,Via Não Pavimentada
4986,40541,RUA DO MACHADO,Rua do Machado,R. do Machado,S,Via Pavimentada
11789,127086,RUA DO MANGUE,Rua do Mangue,Rua do Mangue,S,Via Pavimentada
11689,124818,RUA DO MANGUITO,Rua do Manguito,R. do Manguito,N,Via Não Pavimentada
1196,5940,RUA DOM ANTONIO DE MACEDO,Rua Dom Antônio de Macedo,R. Dom Antônio de Macedo,P,Via Parcialmente Pavimentada
1247,6351,RUA DOM ANTONIO VICOSO,Rua Dom Antônio Vicoso,R. Dom Antônio Vicoso,S,Via Pavimentada
5260,43249,RUA DO MARQUES,Rua do Marques,R. do Marques,P,Via Parcialmente Pavimentada
8382,73512,RUA DO MARUIM,Rua do Maruim,R. do Maruim,S,Via Pavimentada
9178,82791,RUA DOM BASILIO,Rua Dom Basílio,R. Dom Basilio,S,Via Pavimentada
1921,12165,RUA DOM BOSCO,Rua Dom Bosco,R. Dom Bosco,S,Via Pavimentada
2190,14940,RUA DOM CARLOS COELHO,Rua Dom Carlos Coelho,R. Dom Carlos Coelho,S,Via Pavimentada
8870,79278,RUA DOM CAVITI,Rua Dom Caviti,R. Dom Caviti,X,Não definida
2726,19577,RUA DOM DIAMANTINO COSTA,Rua Dom Diamantino Costa,R. Dom Diamantino Costa,N,Via Não Pavimentada
2816,20427,RUA DOM DUARTE,Rua Dom Duarte,R. Dom Duarte,S,Via Pavimentada
8517,74802,RUA DO MEIO,Rua do Meio,R. do Meio,N,Via Não Pavimentada
2782,20087,RUA DOMELIA,Rua Domélia,R. Domelia,X,Não definida
3075,22870,RUA DOM ESTEVAO BRIOSO,Rua Dom Estevão Brioso,R. Dom Estevao Brioso,S,Via Pavimentada
3126,23426,RUA DOM EXPEDITO LOPES,Rua Dom Expedito Lopes,R. Dom Expedito Lopes,N,Via Não Pavimentada
3146,23418,RUA DOM EXPEDITO MOURA,Rua Dom Expedito Moura,R. Dom Expedito Moura,S,Via Pavimentada
855,2844,RUA DOM FELICIANO,Rua Dom Feliciano,R. Dom Feliciano,S,Via Pavimentada
7565,64270,RUA DOM HELDER CAMARA,Rua Dom Helder Câmara,R. Dom Helder Camara,S,Via Pavimentada
2783,20095,RUA DOMICIO DA GAMA,Rua Domício da Gama,R. Domicio da Gama,S,Via Pavimentada
2784,20109,RUA DOMICIO RANGEL,Rua Domicio Rangel,R. Domicio Rangel,S,Via Pavimentada
2787,20133,RUA DOMINGOS ANTONIO JORGE,Rua Domingos Antônio Jorge,R. Domingos Antônio Jorge,S,Via Pavimentada
2788,20141,RUA DOMINGOS BASTOS,Rua Domingos Bastos,R. Domingos Bastos,S,Via Pavimentada
2789,20150,RUA DOMINGOS BORGES DE BARROS,Rua Domingos Borges de Barros,R. Domingos Borges de Barros,N,Via Não Pavimentada
73,125407,RUA DOMINGOS DE BARROS MELO,Rua Domingos de Barros Melo,R. Domingos de Barros Melo,X,Não definida
2794,20206,RUA DOMINGOS JOSE MARTINS,Rua Domingos José Martins,R. Domingos José Martins,S,Via Pavimentada
2795,20214,RUA DOMINGOS SAVIO,Rua Domingos Sávio,R. Domingos Savio,S,Via Pavimentada
2797,20230,RUA DOMINGOS TEOTONIO,Rua Domingos Teotonio,R. Domingos Teotonio,P,Via Parcialmente Pavimentada
4225,33669,RUA DOM JOAO COSTA,Rua Dom João Costa,R. Dom João Costa,P,Via Parcialmente Pavimentada
4305,34371,RUA DOM JOAO DE SOUZA,Rua Dom João de Souza,R. Dom João de Souza,S,Via Pavimentada
7969,68667,RUA DOM JOAO MOTA,Rua Dom João Mota,R. D. João Mota,N,Via Não Pavimentada
4268,34061,RUA DOM JOAO MOURA,Rua Dom João Moura,R. Dom João Moura,P,Via Parcialmente Pavimentada
4319,34495,RUA DOM JOAQUIM,Rua Dom Joaquim,R. Dom Joaquim,S,Via Pavimentada
4491,36110,RUA DOM JOSE LOPES,Rua Dom José Lopes,R. Dom José Lopes,S,Via Pavimentada
8442,74195,RUA DOM JOSE PEREIRA,Rua Dom José Pereira,R. Dom José Pereira,S,Via Pavimentada
4534,36498,RUA DOM JOSE PEREIRA ALVES,Rua Dom José Pereira Alves,R. Dom José Pereira Alves,S,Via Pavimentada
4575,36811,RUA DOM JOSE TAVORA,Rua Dom José Tavora,R. Dom José Tavora,S,Via Pavimentada
4671,38105,RUA DOM LARA,Rua Dom Lara,R. Dom Lara,N,Via Não Pavimentada
5010,40789,RUA DOM MALAN,Rua Dom Malan,R. Dom Malan,S,Via Pavimentada
8303,72656,RUA DOM MANOEL DA COSTA,Rua Dom Manoel da Costa,R. Dom Manoel da Costa,S,Via Pavimentada
5123,41823,RUA DOM MANOEL PEREIRA,Rua Dom Manoel Pereira,R. Dom Manoel Pereira,S,Via Pavimentada
5321,43737,RUA DOM MAURICIO,Rua Dom Maurício,R. Dom Mauricio,S,Via Pavimentada
5378,44245,RUA DOM MIGUEL DE LIMA VALVERDE,Rua Dom Miguel de Lima Valverde,R. Dom Miguel de Lima Valverde,S,Via Pavimentada
8354,73202,RUA DO MOINHO,Rua do Moinho,R. do Moinho,S,Via Pavimentada
5456,44920,RUA DO MONTE,Rua do Monte,R. do Monte,S,Via Pavimentada
10166,95931,RUA DOM PAULO II,Rua Dom Paulo II,R. Dom Paulo II,S,Via Pavimentada
10371,99481,RUA DOM PEDRITO,Rua Dom Pedrito,R. Dom Pedrito,S,Via Pavimentada
6038,50210,RUA DOM PEDRO HENRIQUE,Rua Dom Pedro Henrique,R. Dom Pedro Henrique,S,Via Pavimentada
6041,50253,RUA DOM PEDRO LEITAO,Rua Dom Pedro Leitão,R. Dom Pedro Leitao,N,Via Não Pavimentada
6510,54461,RUA DOM SEBASTIAO LEME,Rua Dom Sebastião Leme,R. Dom Sebastiao Leme,S,Via Pavimentada
6621,55514,RUA DOM SILVERIO,Rua Dom Silverio,R. Dom Silverio,S,Via Pavimentada
5506,45381,RUA DO MUNIZ,Rua do Muniz,R. do Muniz,P,Via Parcialmente Pavimentada
9900,91260,RUA DO MUSSU,Rua do Mussu,R. do Mussu,S,Via Pavimentada
237,65196,RUA DOM VITAL,Rua Dom Vital,R. Dom Vital,S,Via Pavimentada
591,604,RUA DONA ADA VIEIRA,Rua Dona Ada Vieira,R. Dona Ada Vieira,S,Via Pavimentada
763,2020,RUA DONA ALDA DE ANDRADE,Rua Dona Alda de Andrade,R. Dona Alda de Andrade,N,Via Não Pavimentada
1025,4464,RUA DONA ANA AURORA,Rua Dona Ana Aurora,R. Dona Ana Aurora,P,Via Parcialmente Pavimentada
1035,4570,RUA DONA ANA XAVIER,Rua Dona Ana Xavier,R. Dona Ana Xavier,S,Via Pavimentada
1125,5347,RUA DONA ANTONIA BEZERRA,Rua Dona Antonia Bezerra,R. Dona Antonia Bezerra,S,Via Pavimentada
1252,6408,RUA DONA ANUNCIADA,Rua Dona Anunciada,R. Dona Anunciada,S,Via Pavimentada
1253,6416,RUA DONA ANUNCIADA DE MORAIS,Rua Dona Anunciada de Morais,R. Dona Anunciada de Morais,S,Via Pavimentada
1326,6769,RUA DONA AQUILINA,Rua Dona Aquilina,R. Dona Aquilina,P,Via Parcialmente Pavimentada
9698,88447,RUA DONA BENTA,Rua Dona Benta,R. Dona Benta,S,Via Pavimentada
1800,11118,RUA DONA BENVINDA,Rua Dona Benvinda,R. Dona Benvinda,S,Via Pavimentada
1801,11126,RUA DONA BENVINDA DE FARIAS,Rua Dona Benvinda de Farias,R. Dona Benvinda de Farias,S,Via Pavimentada
2547,17876,RUA DONA COSMA FROES,Rua Dona Cosma Froes,R. Dona Cosma Froes,S,Via Pavimentada
2325,16098,RUA DONA CYPRIANA DA SILVA DIAS,Rua Dona Cypriana da Silva Dias,R. Dona Cypriana da Silva Dias,N,Via Não Pavimentada
128,21237,RUA DONA ELVIRA,Rua Dona Elvira,R. Dona Elvira,S,Via Pavimentada
7571,64327,RUA DONA ESTELA GOMES DE LIMA,Rua Dona Estela Gomes de Lima,R. Dona Estela Gomes de Lima,S,Via Pavimentada
3099,23086,RUA DONA ETELVINA BATISTA,Rua Dona Etelvina Batista,R. Dona Etelvina Batista,S,Via Pavimentada
3100,23094,RUA DONA ETELVINA FIGUEIREDO,Rua Dona Etelvina Figueiredo,R. Dona Etelvina Figueiredo,N,Via Não Pavimentada
3824,29750,RUA DONA IDALINA,Rua Dona Idalina,R. Dona Idalina,N,Via Não Pavimentada
3879,30309,RUA DONA INES CORREA DE ARAUJO,Rua Dona Inês Correa de Araújo,R. Dona Inês Correa de Araújo,N,Via Não Pavimentada
4030,31836,RUA DONA IZABEL DE BARROS,Rua Dona Izabel de Barros,R. Dona Izabel de Barros,N,Via Não Pavimentada
6128,50997,RUA DONA JANDIRA DE SIQUEIRA CAVALCANTI,Rua Dona Jandira de Siqueira Cavalcanti,R. Dona Jandira de Siqueira Cavalcanti,N,Via Não Pavimentada
4607,37133,RUA DONA JULIETA,Rua Dona Julieta,R. Dona Julieta,S,Via Pavimentada
4729,38202,RUA DONA LAURA GONDIM,Rua Dona Laura Gondim,R. Dona Laura Gondim,S,Via Pavimentada
4776,38644,RUA DONA LEONOR PORTO,Rua Dona Leonor Porto,R. Dona Leonor Porto,S,Via Pavimentada
5004,40720,RUA DONA MAGINA PONTUAL,Rua Dona Magina Pontual,R. Dona Magina Pontual,S,Via Pavimentada
11030,114090,RUA DONA MARGARIDA,Rua Dona Margarida,R. Dona Margarida,N,Via Não Pavimentada
5180,42382,RUA DONA MARIA AUGUSTA NOGUEIRA,Rua Dona Maria Augusta Nogueira,R. Dona Maria Augusta Nogueira,S,Via Pavimentada
5194,42528,RUA DONA MARIA CESAR,Rua Dona Maria Cesar,R. Dona Maria Cesar,S,Via Pavimentada
5188,42471,RUA DONA MARIA DE ANGELIS,Rua Dona Maria de Ângelis,R. Dona Maria de Angelis,S,Via Pavimentada
5214,42676,RUA DONA MARIA LACERDA,Rua Dona Maria Lacerda,R. Dona Maria Lacerda,P,Via Parcialmente Pavimentada
505,42706,RUA DONA MARIA LUIZA GUERRA,Rua Dona Maria Luiza Guerra,R. Dona Maria Luiza Guerra,P,Via Parcialmente Pavimentada
4877,42765,RUA DONA MARIA VIEIRA,Rua Dona Maria Vieira,R. Dona Maria Vieira,S,Via Pavimentada
5590,46094,RUA DONA NETINHA,Rua Dona Netinha,R. Dona Netinha,X,Não definida
3897,30457,RUA DONA NITA,Rua Dona Nita,R. Dona Nita,S,Via Pavimentada
5708,47279,RUA DONA OLEGARINHA,Rua Dona Olegarinha,R. Dona Olegarinha,S,Via Pavimentada
6931,58769,RUA DONA RITA DE SOUZA,Rua Dona Rita de Souza,R. Dona Rita de Souza,S,Via Pavimentada
9700,88471,RUA DO NARIZINHO,Rua do Narizinho,R. do Narizinho,S,Via Pavimentada
7012,59471,RUA DONA ROSA DA FONSECA,Rua Dona Rosa da Fonseca,R. Dona Rosa da Fonseca,S,Via Pavimentada
5541,45683,RUA DO NASCENTE,Rua do Nascente,R. do Nascente,S,Via Pavimentada
8115,70513,RUA DONA SINHA,Rua Dona Sinhá,R. Dona Sinha,X,Não definida
7394,62588,RUA DONA UZINHA NUNES,Rua Dona Uzinha Nunes,R. Dona Uzinha Nunes,S,Via Pavimentada
7638,65145,RUA DONA VIRTUOSA DE LUCENA,Rua Dona Virtuosa de Lucena,R. Dona Virtuosa de Lucena,S,Via Pavimentada
5611,46442,RUA DO NOGUEIRA,Rua do Nogueira,R. do Nogueira,S,Via Pavimentada
5371,47074,RUA DO OBSERVATORIO,Rua do Observatório,R. do Observatorio,S,Via Pavimentada
5684,47082,RUA DO OCEANO,Rua do Oceano,R. do Oceano,N,Via Não Pavimentada
5685,47090,RUA DO OCIDENTE,Rua do Ocidente,R. do Ocidente,P,Via Parcialmente Pavimentada
8986,80594,RUA DO PACHECO,Rua do Pacheco,R. do Pacheco,S,Via Pavimentada
9368,85421,RUA DO PASSO,Rua do Passo,R. do Passo,S,Via Pavimentada
6164,51292,RUA DO PATROCINADOR,Rua do Patrocinador,R. do Patrocinador,N,Via Não Pavimentada
8765,78018,RUA DO PATROCINIO,Rua do Patrocínio,R. do Patrocinio,N,Via Não Pavimentada
9699,88463,RUA DO PEDRINHO,Rua do Pedrinho,R. do Pedrinho,S,Via Pavimentada
6064,50458,RUA DO PEIXE,Rua do Peixe,R. do Peixe,S,Via Pavimentada
6067,50482,RUA DO PEIXOTO,Rua do Peixoto,R. do Peixoto,S,Via Pavimentada
8987,80608,RUA DO PICA PAU,Rua do Pica Pau,R. do Pica Pau,S,Via Pavimentada
6143,51136,RUA DO PILAR,Rua do Pilar,R. do Pilar,N,Via Não Pavimentada
9142,82406,RUA DO POENTE,Rua do Poente,R. do Poente,S,Via Pavimentada
6240,52000,RUA DO POMBAL,Rua do Pombal,R. do Pombal,S,Via Pavimentada
6250,52159,RUA DO PORAO,Rua do Porão,R. do Porao,S,Via Pavimentada
6309,52680,RUA DO PRINCIPE,Rua do Príncipe,R. do Principe,S,Via Pavimentada
6314,52701,RUA DO PROGRESSO,Rua do Progresso,R. do Progresso,S,Via Pavimentada
11513,120774,RUA DO PROGRESSO,Rua do Progresso,R. do Progresso,X,Não definida
3538,27170,RUA DO PROGRESSO,Rua do Progresso,R. do Progresso,N,Via Não Pavimentada
10114,94994,RUA DORA,Rua Dora,R. Dora,S,Via Pavimentada
2799,20257,RUA DORALICE,Rua Doralice,R. Doralice,S,Via Pavimentada
6435,56634,RUA DO RAMOS,Rua do Ramos,R. do Ramos,X,Não definida
2800,20265,RUA DORANDIA,Rua Dorândia,R. Dorandia,S,Via Pavimentada
6726,56650,RUA DO RANGEL,Rua do Rangel,R. do Rangel,S,Via Pavimentada
8975,80462,RUA DO RATINHO,Rua do Ratinho,R. do Ratinho,S,Via Pavimentada
9169,82694,RUA DORESOPOLIS,Rua Doresópolis,R. Doresopolis,N,Via Não Pavimentada
3874,30252,RUA DO RIACHINHO,Rua do Riachinho,R. do Riachinho,S,Via Pavimentada
226,57266,RUA DO RIACHUELO,Rua do Riachuelo,R. do Riachuelo,S,Via Pavimentada
6802,57495,RUA DO RIO,Rua do Rio,R. do Rio,P,Via Parcialmente Pavimentada
2330,16136,RUA DORMENTOS,Rua Dormentos,R. Dormentos,S,Via Pavimentada
7005,59404,RUA DO ROSARIO,Rua do Rosário,R. do Rosario,S,Via Pavimentada
2804,20303,RUA DOROTHEA VIEIRA,Rua Dorothéia Vieira,R. Dorothea Vieira,S,Via Pavimentada
248,69078,RUA DOS ABACATEIROS,Rua dos Abacateiros,R. dos Abacateiros,P,Via Parcialmente Pavimentada
6421,53724,RUA DO SANCHO,Rua do Sancho,R. do Sancho,S,Via Pavimentada
1058,4782,RUA DOS ANDRADAS,Rua dos Andradas,R. dos Andradas,N,Via Não Pavimentada
7993,69086,RUA DOS ANGICOS,Rua dos Angicos,R. dos Angicos,N,Via Não Pavimentada
1117,5274,RUA DOS ANJOS,Rua dos Anjos,R. dos Anjos,S,Via Pavimentada
1407,7617,RUA DOS ARCOS,Rua dos Arcos,R. dos Arcos,S,Via Pavimentada
7900,67822,RUA DOS ARRECIFES,Rua dos Arrecifes,R. dos Arrecifes,S,Via Pavimentada
1486,8320,RUA DOS ARTISTAS,Rua dos Artistas,R. dos Artistas,S,Via Pavimentada
10898,112461,RUA DOS BANDEIRANTES,RUA DOS BANDEIRANTES,R. DOS BANDEIRANTES,N,Via Não Pavimentada
2009,12939,RUA DOS CABOCLINHOS,Rua dos Caboclinhos,R. dos Caboclinhos,N,Via Não Pavimentada
6673,56111,RUA DOS CARIJOS,Rua dos Carijós,R. dos Carijos,S,Via Pavimentada
2248,15466,RUA DOS CASADOS,Rua dos Casados,R. dos Casados,P,Via Parcialmente Pavimentada
10993,113670,RUA DOS COCAIS,Rua dos Cocais,R. dos Cocais,S,Via Pavimentada
2414,17043,RUA DOS COELHOS,Rua dos Coelhos,R. dos Coelhos,S,Via Pavimentada
9777,89621,RUA DOS COQUEIROS,Rua dos Coqueiros,R. dos Coqueiros,S,Via Pavimentada
8823,78638,RUA DOS COQUINHOS,Rua dos Coquinhos,R. dos Coquinhos,S,Via Pavimentada
2575,18198,RUA DOS CRAVEIROS,Rua dos Craveiros,R. dos Craveiros,P,Via Parcialmente Pavimentada
7850,67393,RUA DOS GIRASSOIS,Rua dos Girassóis,R. dos Girassois,S,Via Pavimentada
6645,55760,RUA DO SINO,Rua do Sino,R. do Sino,S,Via Pavimentada
9059,81515,RUA DO SITIO SAO BRAZ,Rua do Sítio São Bráz,R. do Sítio São Braz,P,Via Parcialmente Pavimentada
7838,67296,RUA DOS LIRIOS,Rua dos Lírios,R. dos Lirios,N,Via Não Pavimentada
5527,45578,RUA DOS LIRIOS,Rua dos Lírios,R. dos Lirios,S,Via Pavimentada
10876,112160,RUA DOS LIRIOS,Rua dos Lírios,Rua dos Lírios,N,Via Não Pavimentada
5335,43869,RUA DOS MEDICIS,Rua dos Médicis,R. dos Medicis,S,Via Pavimentada
1409,7625,RUA DOS MILAGRES,Rua dos Milagres,R. dos Milagres,P,Via Parcialmente Pavimentada
5556,45810,RUA DOS NAVEGANTES,Rua dos Navegantes,R. dos Navegantes,S,Via Pavimentada
1846,11584,RUA DO SOL,Rua do Sol,R. do Sol,S,Via Pavimentada
11414,119075,RUA DO SOL,Rua do Sol,R. do Sol,N,Via Não Pavimentada
6665,56030,RUA DO SOL,Rua do Sol,R. do Sol,S,Via Pavimentada
2519,17701,RUA DO SOL NASCENTE,Rua do Sol Nascente,R. do Sol Nascente,N,Via Não Pavimentada
5730,47627,RUA DOS OPERARIOS,Rua dos Operários,R. dos Operarios,S,Via Pavimentada
6678,56170,RUA DO SOSSEGO,Rua do Sossego,R. do Sossego,S,Via Pavimentada
1385,7439,RUA DO SOSSEGO,Rua do Sossego,R. do Sossego,P,Via Parcialmente Pavimentada
8538,75108,RUA DOS PALMARES,Rua dos Palmares,R. dos Palmares,S,Via Pavimentada
6065,50466,RUA DOS PEIXINHOS,Rua dos Peixinhos,R. dos Peixinhos,S,Via Pavimentada
6117,50920,RUA DOS PESCADORES,Rua dos Pescadores,R. dos Pescadores,S,Via Pavimentada
10470,101079,RUA DOS PESCADORES,Rua dos Pescadores,R. dos Pescadores,X,Não definida
4160,33014,RUA DOS PRAZERES,Rua dos Prazeres,R. dos Prazeres,S,Via Pavimentada
6301,52604,RUA DOS PRAZERES,Rua dos Prazeres,R. dos Prazeres,S,Via Pavimentada
5900,48976,RUA DOS SEM TERRA PE,Rua Dos Sem Terra PE,R. Dos Sem Terra PE,S,Via Pavimentada
4033,31860,RUA DOS SINOS,Rua dos Sinos,R. dos Sinos,N,Via Não Pavimentada
4978,40479,RUA DOS TAMBORIS,Rua dos Tamboris,R. dos Tamboris,N,Via Não Pavimentada
8405,73776,RUA DOS TAPES,Rua dos Tapes,R. dos Tapes,N,Via Não Pavimentada
7172,60895,RUA DOS TIJOLOS,Rua dos Tijolos,R. dos Tijolos,P,Via Parcialmente Pavimentada
8519,74837,RUA DO TRIANGULO,Rua do Triângulo,R. do Triangulo,N,Via Não Pavimentada
8680,76902,RUA DO TRIANGULO,Rua do Triângulo,R. do Triangulo,S,Via Pavimentada
7250,61530,RUA DO TRILHO,Rua do Trilho,R. do Trilho,N,Via Não Pavimentada
7235,61590,RUA DO TRIUNFO,Rua do Triunfo,R. do Triunfo,S,Via Pavimentada
7357,62294,RUA DO UNIVERSO,Rua do Universo,R. do Universo,S,Via Pavimentada
9743,89222,RUA DOURADINA,Rua Douradina,R. Douradina,P,Via Parcialmente Pavimentada
2805,20311,RUA DOURADINHA,Rua Douradinha,R. Douradinha,S,Via Pavimentada
2806,20320,RUA DOURADOS,Rua Dourados,R. Dourados,N,Via Não Pavimentada
979,4022,RUA DRA AMARILES BARBOSA DE AGUIAR,Rua Doutora Amariles Barbosa de Aguiar,R. Dra Amariles Barbosa de Aguiar,S,Via Pavimentada
1005,4251,RUA DRA AMELIA DE SIQUEIRA,Rua Doutora Amélia de Siqueira,R. Dra Amélia de Siqueira,N,Via Não Pavimentada
612,779,RUA DR ADELINO,Rua Doutor Adelino,R. Dr Adelino,S,Via Pavimentada
732,1775,RUA DR ALBERTO MOREIRA,Rua Doutor Alberto Moreira,R. Dr Alberto Moreira,N,Via Não Pavimentada
884,3042,RUA DR ALTO CAETE,Rua Doutor Alto Caete,R. Dr Alto Caete,S,Via Pavimentada
87,3565,RUA DR ALUISIO BALTAR,Rua Doutor Aluísio Baltar,R. Dr Aluísio Baltar,S,Via Pavimentada
9253,83879,RUA DOUTOR ANTIOGENES CHAVES,Rua Doutor Antiógenes Chaves,R. Dr Antiogenes Chaves,X,Não definida
1165,5649,RUA DR ANTONIO CORREA DE OLIVEIRA,Rua Doutor Antônio Correia de Oliveira,R. Dr Antônio Correa de Oliveira,P,Via Parcialmente Pavimentada
1227,6203,RUA DR ANTONIO DA ROSA BORGES,Rua Doutor Antônio da Rosa Borges,R. Dr Antônio da Rosa Borges,S,Via Pavimentada
5872,48682,RUA DRA PALMIRA LIRA PALMEIRA VALENCA,Rua Doutora Palmira Lira Palmeira Valença,R. Dra Palmira Lira Palmeira Valença,S,Via Pavimentada
10099,94706,RUA DOUTOR ARISTACHO DOURADO DE AZEVEDO,Rua Doutor Aristacho Dourado de Azevedo,R. Dr Aristacho Dourado de Azevedo,N,Via Não Pavimentada
10416,100382,RUA DOUTOR ARMANDO RABELO,Rua Doutor Armando Rabelo,R. Dr. Armando Rabelo,X,Não definida
1484,8303,RUA DR ARSENIO TAVARES,Rua Doutor Arsênio Tavares,R. Dr Arsenio Tavares,S,Via Pavimentada
11458,120138,RUA DOUTOR ARTHUR DE ARAUJO NEVES,Rua Doutor Arthur de Araújo Neves,R. Dr Arthur de Araujo Neves,S,Via Pavimentada
1496,8419,RUA DR ARTUR GONCALVES FIGUEREDO,Rua Doutor Artur Goncalves Figueredo,R. Dr Artur Gonçalves Figueredo,S,Via Pavimentada
8664,76678,RUA DR ASTROGILDO ALVES DE CARVALHO,Rua Doutor Astrogildo Alves de Carvalho,R. Dr Astrogildo Alves de Carvalho,S,Via Pavimentada
1552,8974,RUA DR AUGUSTO REINALDO SILVA,Rua Doutor Augusto Reinaldo Silva,R. Dr Augusto Reinaldo Silva,N,Via Não Pavimentada
1553,8982,RUA DR AUGUSTO RIBEIRO,Rua Doutor Augusto Ribeiro,R. Dr Augusto Ribeiro,S,Via Pavimentada
10409,100315,RUA DOUTOR BENEVENUTO TELES NETO,Rua Doutor Benevenuto Teles Neto,R. Dr Benevenuto Teles Neto,S,Via Pavimentada
2208,15067,RUA DR CARLOS MAVIGNIER,Rua Doutor Carlos Mavignier,R. Dr Carlos Mavignier,S,Via Pavimentada
5017,40860,RUA DR CASTRO E SILVA,Rua Doutor Castro e Silva,R. Dr Castro e Silva,S,Via Pavimentada
10333,98973,RUA DOUTOR COARACY DE MEDEIROS,Rua Doutor Coaracy de Medeiros,R. Dr Coaracy de Medeiros,P,Via Parcialmente Pavimentada
2520,17710,RUA DR CORREA DA SILVA,Rua Doutor Correa da Silva,R. Dr Correa da Silva,S,Via Pavimentada
2827,20524,RUA DR DURVAL,Rua Doutor Durval,R. Dr Durval,S,Via Pavimentada
10096,94641,RUA DOUTOR DUSTAN DE CARVALHO SOARES,Rua Doutor Dustan de Carvalho Soares,R. Dr Dustan de Carvalho Soares,S,Via Pavimentada
10963,113174,RUA DOUTOR EDUARDO CABRAL DE MELO,Rua doutor eduardo cabral de melo,R. dr. eduardo cabral de melo,N,Via Não Pavimentada
327,126128,RUA DR EDUARDO CABRAL DE MELO,Rua Doutor Eduardo Cabral de Melo,R. Dr. Eduardo Cabral de Melo,N,Via Não Pavimentada
2875,20958,RUA DR EDUARDO WANDERLEY,Rua Doutor Eduardo Wanderley,R. Dr Eduardo Wanderley,S,Via Pavimentada
3131,23280,RUA DR EUTICHIO DE BARROS CORREA,Rua Doutor Eutíchio de Barros Correia,R. Dr Eutíchio de Barros Correia,S,Via Pavimentada
11785,127051,RUA DOUTOR INACIO JOAO CAUAS,RUA DOUTOR INÁCIO JOÂO CAUÀS,R. Dr. Inácio João Cauás,S,Via Pavimentada
4238,33774,RUA DR JOAO FIGUEIRA,Rua Doutor João Figueira,R. Dr João Figueira,S,Via Pavimentada
4250,33880,RUA DR JOAO LACERDA,Rua Doutor João Lacerda,R. Dr João Lacerda,S,Via Pavimentada
4330,34770,RUA DR JOAQUIM PORTELA,Rua Doutor Joaquim Portela,R. Dr Joaquim Portela,S,Via Pavimentada
8657,76589,RUA DOUTOR JOSE AZEVEDO DE MENEZES,Rua Doutor José Azevedo de Menezes,R. Dr José Azevedo de Menezes,P,Via Parcialmente Pavimentada
4438,35637,RUA DR JOSE CORNELIO,Rua Doutor José Cornélio,R. Dr José Cornelio,S,Via Pavimentada
7966,68608,RUA DR JOSE GUIMARAES ARAUJO,Rua Doutor José Guimarães de Araújo,R. Dr José Guimarães de Araújo,N,Via Não Pavimentada
8580,75574,RUA DOUTOR JOSE HENRIQUE WANDERLEY,Rua Doutor José Henrique Wanderley,R. Dr José Henrique Wanderley,S,Via Pavimentada
4496,36161,RUA DR JOSE MACHADO,Rua Doutor José Machado,R. Dr José Machado,N,Via Não Pavimentada
4497,36196,RUA DR JOSE MARIA,Rua Doutor José Maria,R. Dr José Maria,S,Via Pavimentada
4502,36234,RUA DR JOSE MARIANO,Rua Doutor José Mariano,R. Dr José Mariano,S,Via Pavimentada
8663,76660,RUA DR JOSE PACIFICO PEREIRA,Rua Doutor José Pacífico Pereira,R. Dr José Pacifico Pereira,S,Via Pavimentada
7431,62928,RUA DR LAURENO LIMA,Rua Doutor Laureno Lima,R. Dr Laureno Lima,S,Via Pavimentada
9212,83291,RUA DOUTOR LEONIDAS CRAVO GAMA,Rua Doutor Leônidas Cravo Gama,R. Dr Leonidas Cravo Gama,S,Via Pavimentada
4902,39810,RUA DR LUIZ CORREA DE OLIVEIRA,Rua Doutor Luiz Corrêa de Oliveira,R. Dr Luiz Corrêa de Oliveira,S,Via Pavimentada
4907,39853,RUA DR LUIZ ESTEVAO,Rua Doutor Luiz Estevão,R. Dr Luiz Estevao,N,Via Não Pavimentada
7466,63274,RUA DR MANOEL MALA,Rua Doutor Manoel Mala,R. Dr Manoel Mala,N,Via Não Pavimentada
8579,75566,RUA DOUTOR MOACIR BARACHO,Rua Doutor Moacir Baracho,R. Dr Moacir Baracho,S,Via Pavimentada
10297,98450,RUA DOUTOR MURILO ALMEIDA,Rua Doutor Murilo Almeida,R. Dr Murilo Almeida,S,Via Pavimentada
10840,111686,RUA DOUTOR MURILO ARRAES DE ALENCAR,Rua Doutor Murilo Arraes de Alencar,R. Dr. Murilo Arraes de Alencar,N,Via Não Pavimentada
9579,100285,RUA DOUTOR ORLANDO PIMENTEL,Rua Doutor Orlando Pimentel,R. Dr Orlando Pimentel,X,Não definida
6215,51829,RUA DR PLACIDO DE OLIVEIRA,Rua Doutor Plácido de Oliveira,R. Dr Placido de Oliveira,P,Via Parcialmente Pavimentada
6732,56693,RUA DR RAPOSO PINTO,Rua Doutor Raposo Pinto,R. Dr Raposo Pinto,S,Via Pavimentada
6720,56561,RUA DR RAYMUNDO GOMES GONDIM,Rua Doutor Raymundo Gomes Gondim,R. Dr. Raymundo Gomes Gondim,S,Via Pavimentada
11677,124915,RUA DR ROBERTO AGRA,Rua Doutor Roberto Agra,R. Dr. Roberto Agra,N,Via Não Pavimentada
8959,80306,RUA DOUTOR ROMERO MARQUES,Rua Doutor Romero Marques,R. Dr Romero Marques,N,Via Não Pavimentada
7021,59579,RUA DR RUFINO DE ALENCAR,Rua Doutor Rufino de Alencar,R. Dr Rufino de Alencar,N,Via Não Pavimentada
8760,77968,RUA DOUTOR RUY LIMA CAVALCANTI,Rua Doutor Ruy Lima Cavalcanti,R. Dr Ruy Lima Cavalcanti,S,Via Pavimentada
10882,112240,RUA DOUTOR RUY PINTO CUNHA,Rua Doutor  Ruy  Pinto Cunha,R.Dr. Ruy Pinto Cunha,N,Via Não Pavimentada
9499,86860,RUA DR SERGIO ROMERO,Rua Doutor Sérgio Romero,R Dr Sérgio Romero,N,Via Não Pavimentada
7104,60356,RUA DR TAVARES CORREIA,Rua Doutor Tavares Correia,R. Dr Tavares Correia,P,Via Parcialmente Pavimentada
7207,61212,RUA DR TOME DIAS,Rua Doutor Tomé Dias,R. Dr Tome Dias,S,Via Pavimentada
10023,93165,RUA DR ULYSSES LINS DE ALBUQUERQUE,Rua Doutor Ulysses Lins de Albuquerque,R. Dr Ulysses Lins de Albuquerque,N,Via Não Pavimentada
240,64580,RUA DR VILAS BOAS,Rua Doutor Vilas Boa,R. Dr Vilas Boas,S,Via Pavimentada
9498,86851,RUA DR WALDEREDO,Rua Doutor Walderedo,Rua Dr Walderedo,N,Via Não Pavimentada
7540,63983,RUA DO VEIGA,Rua do Veiga,R. do Veiga,S,Via Pavimentada
7552,64130,RUA DO VERAS,Rua do Veras,R. do Veras,S,Via Pavimentada
7656,65331,RUA DO VIVEIRO,Rua do Viveiro,R. do Viveiro,S,Via Pavimentada
9497,86843,RUA DO ZE CARNEIRO,Rua do Zé Carneiro,R. do Ze Carneiro,S,Via Pavimentada
2809,20354,RUA DOZE DE JANEIRO,Rua Doze de janeiro,R. Doze de Janeiro,S,Via Pavimentada
2810,20362,RUA DOZE DE JULHO,Rua Doze de julho,R. Doze de Julho,S,Via Pavimentada
9339,85111,RUA DOZE DE JULHO,Rua Doze de Julho,R. Doze de Julho,S,Via Pavimentada
6080,50652,RUA DOZE DE JUNHO,Rua Doze de Junho,R. Doze de Junho,S,Via Pavimentada
2801,20273,RUA DOZE DE JUNHO,Rua Doze de Junho,R. Doze de Junho,N,Via Não Pavimentada
2811,20370,RUA DOZE DE MAIO,Rua Doze de Maio,R. Doze de Maio,S,Via Pavimentada
7510,63720,RUA DOZE DE OUTUBRO,Rua Doze de Outubro,R. Doze de Outubro,S,Via Pavimentada
10437,100692,RUA DOZE DE OUTUBRO,Rua Doze de Outubro,R. Doze de Outubro,X,Não definida
2812,20389,RUA DOZE DE OUTUBRO,Rua Doze de Outubro,R. Doze de Outubro,S,Via Pavimentada
2813,20397,RUA DRACENA,Rua Dracena,R. Dracena,S,Via Pavimentada
11914,707074,RUA DR ACHILLES AMORIM MOURA,Rua Dr Achilles Amorim Moura,R. Dr Achilles Amorim Moura,N,Via Não Pavimentada
613,787,RUA DR ADELINO FILHO,Rua Dr Adelino Filho,R. Dr Adelino Filho,P,Via Parcialmente Pavimentada
10094,94617,RUA DR ADIGE MARANHAO,Rua Dr Adige Maranhão,R. Dr Adige Maranhao,N,Via Não Pavimentada
630,914,RUA DR ADOLFO DE MORAES GUEDES ALCOFORADO,Rua Dr Adolfo de Moraes Guedes Alcoforado,R. Dr Adolfo de Moraes Guedes Alcoforado,N,Via Não Pavimentada
11270,117358,RUA DR ADRIANO VIEIRA,Rua Dr Adriano Vieira,R. Dr Adriano Vieira,P,Via Parcialmente Pavimentada
2814,20400,RUA DRAGAO DO MAR,Rua Dragão do Mar,R. Dragao do Mar,S,Via Pavimentada
8222,71676,RUA DRA HELENA MOURA LEITE,Rua Dra Helena Moura Leite,R. Dra Helena Moura Leite,S,Via Pavimentada
3962,31119,RUA DRA ITAMAR DE MORAIS E SILVA,Rua Dra Itamar de Morais e Silva,R. Dra Itamar de Morais e Silva,N,Via Não Pavimentada
738,1821,RUA DR ALBERTO WANDERLEY,Rua Dr Alberto Wanderley,R. Dr Alberto Wanderley,S,Via Pavimentada
821,2542,RUA DR ALFREDO NADER,Rua Dr Alfredo Nader,R. Dr Alfredo Nader,S,Via Pavimentada
88,3573,RUA DR ALUISIO MARQUES,Rua Dr Aluísio Marques,R. Dr Aluisio Marques,N,Via Não Pavimentada
959,3697,RUA DR ALVARO FERRAZ,Rua Dr Álvaro Ferraz,R. Dr Alvaro Ferraz,S,Via Pavimentada
990,4120,RUA DR AMARO PEDROSA,Rua Dr Amaro Pedrosa,R. Dr Amaro Pedrosa,S,Via Pavimentada
9994,92487,RUA DR ANAURO DORNELLAS CAMARA,Rua Dr Anauro Dornellas Câmara,R. Dr Anauro Dornellas Camara,S,Via Pavimentada
1060,4804,RUA DR ANDRADE LYRA,Rua Dr Andrade Lyra,R. Dr Andrade Lyra,S,Via Pavimentada
1109,5207,RUA DR ANICETO RIBEIRO VAREJAO,Rua Dr Aniceto Ribeiro Varejão,R. Dr Aniceto Ribeiro Varejao,S,Via Pavimentada
10075,94676,RUA DR ANTONIO H DE CASTRO NETO,Rua Dr Antônio H de Castro Neto,R. Dr Antônio H de Castro Neto,P,Via Parcialmente Pavimentada
8079,70149,RUA DR ANTONIO MAGALHAES ARAUJO,Rua Dr Antônio Magalhães Araújo,R. Dr Antônio Magalhães Araujo,S,Via Pavimentada
9522,87041,RUA DR ANTONIO PAULO FEITOSA,Rua Dr Antônio Paulo Feitosa,R. Dr Antônio Paulo Feitosa,S,Via Pavimentada
6278,52361,RUA DRA RITA GOMES ALBUQUERQUE,Rua Dra Rita Gomes Albuquerque,R. Dra Rita Gomes Albuquerque,S,Via Pavimentada
1455,8052,RUA DR ARMANDO TAVARES,Rua Dr Armando Tavares,R. Dr Armando Tavares,S,Via Pavimentada
10197,96512,RUA DR ARNALDO PEIXOTO,Rua Dr Arnaldo Peixoto,R. Dr Arnaldo Peixoto,S,Via Pavimentada
1495,8400,RUA DR ARTUR GONCALVES,Rua Dr Artur Gonçalves,R. Dr Artur Gonçalves,S,Via Pavimentada
9532,87254,RUA DR ARTUR NEVES,Rua Dr Artur Neves,R. Dr Artur Neves,P,Via Parcialmente Pavimentada
6275,52337,RUA DR ARTUR ORLANDO DE ANDRADE BEZERRA,Rua Dr Artur Orlando de Andrade Bezerra,R. Dr Artur Orlando de Andrade Bezerra,S,Via Pavimentada
7737,66133,RUA DR ARTUR ORLANDO DE ANDRADE BEZERRA,Rua Dr Artur Orlando de Andrade Bezerra,R. Dr Artur Orlando de Andrade Bezerra,N,Via Não Pavimentada
1510,8567,RUA DR ASCANIO PEIXOTO,Rua Dr Ascânio Peixoto,R. Dr Ascanio Peixoto,S,Via Pavimentada
1546,8907,RUA DR AUGUSTO CAVALCANTI,Rua Dr Augusto Cavalcanti,R. Dr Augusto Cavalcanti,S,Via Pavimentada
1547,8915,RUA DR AUGUSTO CHACON,Rua Dr Augusto Chacon,R. Dr Augusto Chacon,S,Via Pavimentada
99,8958,RUA DR AUGUSTO MACIEL,Rua Dr Augusto Maciel,R. Dr Augusto Maciel,S,Via Pavimentada
1646,9784,RUA DR BANDEIRA FILHO,Rua Dr Bandeira Filho,R. Dr Bandeira Filho,S,Via Pavimentada
1700,10286,RUA DR BARTOLOMEU ANACLETO,Rua Dr Bartolomeu Anacleto,R. Dr Bartolomeu Anacleto,S,Via Pavimentada
1713,10430,RUA DR BATISTA DE CARVALHO,Rua Dr Batista de Carvalho,R. Dr Batista de Carvalho,S,Via Pavimentada
8937,80080,RUA DR BENIGNO JORDAO DE VASCONCELOS,Rua Dr Benigno Jordao de Vasconcelos,R. Dr Benigno Jordao de Vasconcelos,S,Via Pavimentada
1798,11096,RUA DR BENEVENUTO TELES NETO,Rua Dr Benvenuto Teles Neto,R. Dr Benevenuto Teles Neto,S,Via Pavimentada
1803,11142,RUA DR BERARDO,Rua Dr Berardo,R. Dr Berardo,P,Via Parcialmente Pavimentada
1838,11517,RUA DR BIDO KRAUSE,Rua Dr Bido Krause,R. Dr Bido Krause,N,Via Não Pavimentada
1974,12530,RUA DR BRITO ALVES,Rua Dr Brito Alves,R. Dr Brito Alves,S,Via Pavimentada
2184,14877,RUA DR CARLOS ALBERTO DE MENEZES,Rua Dr Carlos Alberto de Menezes,R. Dr Carlos Alberto de Menezes,S,Via Pavimentada
18,28169,RUA DR CARLOS ALVES,Rua Dr Carlos Alves,R. Dr Carlos Alves,S,Via Pavimentada
2189,14931,RUA DR CARLOS CHAGAS,Rua Dr Carlos Chagas,R. Dr Carlos Chagas,S,Via Pavimentada
9387,85626,RUA DR CESAR MONTEZUMA,Rua Dr Cesar Montezuma,R. Dr Cesar Montezuma,S,Via Pavimentada
8101,70343,RUA DR CESIO REGUEIRA COSTA,Rua Dr Césio Regueira Costa,R. Dr Cesio Regueira Costa,X,Não definida
2709,19437,RUA DR DEVALDO BORGES,Rua Dr Devaldo Borges,R. Dr Devaldo Borges,S,Via Pavimentada
2786,20125,RUA DR DOMINGOS DE ABREU VASCONCELOS,Rua Dr Domingos de Abreu Vasconcelos,R. Dr Domingos de Abreu Vasconcelos,S,Via Pavimentada
1072,4901,RUA DR ELEAZAR MACHADO,Rua Dr Eleazar Machado,R. Dr Eleazar Machado,N,Via Não Pavimentada
9510,86932,RUA DR ELIAS GOMES,Rua Dr Elias Gomes,R. Dr Elias Gomes,S,Via Pavimentada
2904,21342,RUA DR EMILIO RIBAS,Rua Dr Emílio Ribas,R. Dr Emilio Ribas,P,Via Parcialmente Pavimentada
2908,21377,RUA DR ENALDO CAMPELO,Rua Dr Enaldo Campelo,R. Dr Enaldo Campelo,N,Via Não Pavimentada
2918,21423,RUA DR ENEAS DE LUCENA,Rua Dr Enéas de Lucena,R. Dr Eneas de Lucena,S,Via Pavimentada
3010,22365,RUA DR EPIFANIO OSWALDO DA CUNHA BEZERRA,Rua Dr Epifanio Oswaldo da Cunha Bezerra,R. Dr Epifanio Oswaldo da Cunha Bezerra,S,Via Pavimentada
9763,89419,RUA DR EUDES COSTA,Rua Dr Eudes Costa,R. Dr Eudes Costa,S,Via Pavimentada
3179,23710,RUA DR FEITOZA,Rua Dr Feitoza,R. Dr Feitoza,S,Via Pavimentada
8898,79600,RUA DR FELIPE FIGUEIROA DE FARIA,Rua Dr Felipe Figueiroa de Faria,R. Dr Felipe Figueiroa de Faria,P,Via Parcialmente Pavimentada
3208,24058,RUA DR FERNANDO ALLAIN,Rua Dr Fernando Allain,R. Dr Fernando Allain,S,Via Pavimentada
9269,84042,RUA DR FLAVIO FERREIRA DA SILVA MAROJO,Rua Dr Flávio Ferreira da Silva Marojo,R. Dr Flavio Ferreira da Silva Marojo,S,Via Pavimentada
3379,25747,RUA DR FREITAS LINS,Rua Dr Freitas Lins,R. Dr Freitas Lins,N,Via Não Pavimentada
10004,92665,RUA DR GASPAR REGUEIRA COSTA,Rua Dr Gaspar Regueira Costa,R. Dr Gaspar Regueira Costa,S,Via Pavimentada
3436,26220,RUA DR GASTAO DA SILVEIRA,Rua Dr Gastão da Silveira,R. Dr Gastao da Silveira,P,Via Parcialmente Pavimentada
3445,26301,RUA DR GENARO GUIMARAES,Rua Dr Genaro Guimaraes,R. Dr Genaro Guimaraes,S,Via Pavimentada
9331,84751,RUA DR GEORGE WILLIAM BUTLER,Rua Dr George William Butler,R. Dr George William Butler,S,Via Pavimentada
3457,26409,RUA DR GERALDO DE ANDRADE,Rua Dr Geraldo de Andrade,R. Dr Geraldo de Andrade,P,Via Parcialmente Pavimentada
7994,69094,RUA DR GERALDO SILVEIRA,Rua Dr Geraldo Silveira,R. Dr Geraldo Silveira,S,Via Pavimentada
3476,26611,RUA DR GIL RODRIGUES DOS SANTOS,Rua Dr Gil Rodrigues dos Santos,R. Dr Gil Rodrigues Dos Santos,P,Via Parcialmente Pavimentada
10008,92762,RUA DR GILSON MACHADO GUIMARAES,Rua Dr Gilson Machado Guimaraes,R. Dr Gilson Machado Guimaraes,S,Via Pavimentada
3518,27014,RUA DR GOMES PORTO,Rua Dr Gomes Porto,R. Dr Gomes Porto,S,Via Pavimentada
3540,27197,RUA DR GONZAGA MARANHAO,Rua Dr Gonzaga Maranhão,R. Dr Gonzaga Maranhao,P,Via Parcialmente Pavimentada
3685,28479,RUA DR GUSTAVO PINTO,Rua Dr Gustavo Pinto,R. Dr Gustavo Pinto,S,Via Pavimentada
11894,705586,RUA DR HELIO MENDONCA,Rua Dr Hélio Mendonça,R. Dr Helio Mendonca,X,Não definida
3710,28746,RUA DR HENRIQUE LINS,Rua Dr Henrique Lins,R. Dr Henrique Lins,S,Via Pavimentada
3762,29157,RUA DR HOLMES DO REGO BARROS,Rua Dr Holmes do Rego Barros,R. Dr Holmes do Rego Barros,P,Via Parcialmente Pavimentada
5411,44571,RUA DR INOCENCIO FILHO,Rua Dr Inocêncio Filho,R. Dr Inocencio Filho,X,Não definida
7937,68586,RUA DR JADER HERACLIO DO REGO,Rua Dr Jáder Heráclio do Rego,R. Dr Jader Heraclio do Rego,N,Via Não Pavimentada
4186,33359,RUA DR JOAO ASFORA,Rua Dr João Asfora,R. Dr João Asfora,S,Via Pavimentada
4221,33634,RUA DR JOAO COIMBRA,Rua Dr João Coimbra,R. Dr João Coimbra,S,Via Pavimentada
4223,33650,RUA DR JOAO COSTA,Rua Dr João Costa,R. Dr João Costa,S,Via Pavimentada
9691,88374,RUA DR JOAO CRISOSTOMO DA SILVA,Rua Dr João Crisóstomo da Silva,R. Dr João Crisostomo da Silva,S,Via Pavimentada
4231,33715,RUA DR JOAO ELISIO,Rua Dr João Elísio,R. Dr João Elisio,S,Via Pavimentada
8528,74900,RUA DR JOAO GUILHERME DE P SOBRINHO,Rua Dr João Guilherme de Pontes Sobrinho,R. Dr João Guilherme de P Sobrinho,P,Via Parcialmente Pavimentada
4260,33995,RUA DR JOAO MARQUES,Rua Dr João Marques,R. Dr João Marques,S,Via Pavimentada
10247,97403,RUA DR JOAO SANTOS FILHO,Rua Dr João Santos Filho,R. Dr João Santos Filho,S,Via Pavimentada
4314,34452,RUA DR JOAO VIEIRA DE MENEZES,Rua Dr João Vieira de Menezes,R. Dr João Vieira de Menezes,S,Via Pavimentada
4322,34541,RUA DR JOAQUIM ARRUDA FALCAO,Rua Dr Joaquim Arruda Falcão,R. Dr Joaquim Arruda Falcao,P,Via Parcialmente Pavimentada
5562,45861,RUA DR JOAQUIM DOS SANTOS SOUTO,Rua Dr Joaquim dos Santos Souto,R. Dr Joaquim Dos Santos Souto,S,Via Pavimentada
4400,35173,RUA DR JOSE ALBERTO MAIA,Rua Dr José Alberto Maia,R. Dr José Alberto Maia,N,Via Não Pavimentada
4408,35262,RUA DR JOSE ANASTACIO DA SILVA GUIMARAES,Rua Dr José Anastácio da Silva Guimarães,R. Dr José Anastacio da Silva Guimaraes,S,Via Pavimentada
5419,44652,RUA DR JOSE CARNEIRO VILAR,Rua Dr José Carneiro Vilar,R. Dr José Carneiro Vilar,N,Via Não Pavimentada
4435,35610,RUA DR JOSE CONSTANTINO,Rua Dr José Constantino,R. Dr José Constantino,S,Via Pavimentada
4441,35653,RUA DR JOSE CORREIA XAVIER GAIAO,Rua Dr José Correia Xavier Gaião,R. Dr José Correia Xavier Gaiao,S,Via Pavimentada
3677,35378,RUA DR JOSE DE BARROS,Rua Dr José de Barros,R. Dr José de Barros,S,Via Pavimentada
4472,35947,RUA DR JOSE DE GOES,Rua Dr José de Goes,R. Dr José de Goes,P,Via Parcialmente Pavimentada
11901,705772,RUA DR JOSE DE SA PESSOA,Rua Dr José de Sá Pessoa,R. Dr José de Sa Pessoa,X,Não definida
4467,35904,RUA DR JOSE FULCO,Rua Dr José Fulco,R. Dr José Fulco,S,Via Pavimentada
4480,36030,RUA DR JOSE HIGINO RIBEIRO CAMPOS,Rua Dr José Higino Ribeiro Campos,R. Dr José Higino Ribeiro Campos,S,Via Pavimentada
2449,17132,RUA DR JOSE JULIO TRINDADE,Rua Dr José Júlio Trindade,R. Dr José Julio Trindade,S,Via Pavimentada
4463,36170,RUA DR JOSE MARCELINO,Rua Dr José Marcelino,R. Dr José Marcelino,S,Via Pavimentada
4482,36188,RUA DR JOSE MARCIONILO DE BARROS LINS,Rua Dr José Marcionilo de Barros Lins,R. Dr José Marcionilo de Barros Lins,P,Via Parcialmente Pavimentada
4483,36358,RUA DR JOSE MUNGUBA SOBRINHO,Rua Dr José Munguba Sobrinho,R. Dr José Munguba Sobrinho,S,Via Pavimentada
4539,36552,RUA DR JOSE RAMOS DE VASCONCELOS,Rua Dr José Ramos de Vasconcelos,R. Dr José Ramos de Vasconcelos,S,Via Pavimentada
4546,36609,RUA DR JOSE RIBEIRO CAMPOS,Rua Dr José Ribeiro Campos,R. Dr José Ribeiro Campos,N,Via Não Pavimentada
4613,37192,RUA DR JULIO CAMPELO,Rua Dr Júlio Campelo,R. Dr Julio Campelo,S,Via Pavimentada
4631,37320,RUA DR JULIO DE SANTA CRUZ DE OLIVEIRA,Rua Dr Júlio de Santa Cruz de Oliveira,R. Dr Julio de Santa Cruz de Oliveira,S,Via Pavimentada
374,91081,RUA DR LAURENCIO LIMA,Rua Dr Laurênio Lima,R. Dr Laurenio Lima,N,Via Não Pavimentada
4780,38679,RUA DR LEOPOLDO LINS,Rua Dr Leopoldo Lins,R. Dr Leopoldo Lins,S,Via Pavimentada
4800,38830,RUA DR LIDIO PARAIBA,Rua Dr Lídio Paraíba,R. Dr Lidio Paraiba,S,Via Pavimentada
9538,87300,RUA DR LUIZ BARBALHO UCHOA CAVALCANTI,Rua Dr Luis Barbalho Uchôa Cavalcanti,R. Dr Luis Barbalho Uchôa Cavalcanti,N,Via Não Pavimentada
6809,57550,RUA DR LUIZ BARBALHO UCHOA CAVALCANTI,Rua Dr. Luiz Barbalho Uchoa Cavalcanti,R. Dr. Luiz Barbalho Uchoa Cavalcanti,N,Via Não Pavimentada
9257,83917,RUA DR LUIZ DE MELO REIS,Rua Dr Luiz de Melo Reis,R. Dr Luiz de Melo Reis,S,Via Pavimentada
4921,39934,RUA DR LUIZ INACIO PESSOA DE MELO,Rua Dr Luiz Inácio Pessoa de Melo,R. Dr Luiz Inacio Pessoa de Melo,S,Via Pavimentada
4938,40070,RUA DR LUIZ RAMOS LEAL,Rua Dr Luiz Ramos Leal,R. Dr Luiz Ramos Leal,P,Via Parcialmente Pavimentada
4939,40088,RUA DR LUIZ RIBEIRO BASTOS,Rua Dr Luiz Ribeiro Bastos,R. Dr Luiz Ribeiro Bastos,S,Via Pavimentada
4953,40231,RUA DR LUNA,Rua Dr Luna,R. Dr Luna,X,Não definida
4989,40550,RUA DR MACHADO,Rua Dr Machado,R. Dr Machado,P,Via Parcialmente Pavimentada
2467,17302,RUA DR MANOEL DE BARROS NETO,Rua Dr Manoel de Barros Neto,R. Dr Manoel de Barros Neto,S,Via Pavimentada
798,2291,RUA DR MARCELINO GOMES CANDAU,Rua Dr Marcelino Gomes Candau,R. Dr Marcelino Gomes Candau,N,Via Não Pavimentada
2465,17272,RUA DR MARIO MELO FILHO,Rua Dr Mario Melo Filho,R. Dr Mario Melo Filho,S,Via Pavimentada
2455,17191,RUA DR MAURICIO BARRETO PEDROSA,Rua Dr Mauricio Barreto Pedrosa,R. Dr Mauricio Barreto Pedrosa,S,Via Pavimentada
5365,44148,RUA DR METODIO MARANHAO,Rua Dr Metódio Maranhão,R. Dr Metodio Maranhao,S,Via Pavimentada
5379,44261,RUA DR MIGUEL VIEIRA FERREIRA,Rua Dr Miguel Vieira Ferreira,R. Dr Miguel Vieira Ferreira,S,Via Pavimentada
9367,85413,RUA DR MOACIR SALES,Rua Dr Moacir Sales,R. Dr Moacir Sales,S,Via Pavimentada
5537,45640,RUA DR NAPOLEAO LAUREANO,Rua Dr Napoleão Laureano,R. Dr Napoleao Laureano,S,Via Pavimentada
3758,29114,RUA DR NAZARENO CAMPELO,Rua Dr Nazareno Campelo,R. Dr Nazareno Campelo,P,Via Parcialmente Pavimentada
8412,73873,RUA DR NEHEMIAS GUEIROS,Rua Dr Nehemias Gueiros,R. Dr Nehemias Gueiros,P,Via Parcialmente Pavimentada
508,46299,RUA DR NINA RODRIGUES,Rua Dr Nina Rodrigues,R. Dr Nina Rodrigues,S,Via Pavimentada
5608,46256,RUA DR NYLO DORNELLAS CAMARA,Rua Dr Nylo Dornellas Câmara,R. Dr Nylo Dornellas Câmara,S,Via Pavimentada
5693,47147,RUA DR ODILON LIMA,Rua Dr Odilon Lima,R. Dr Odilon Lima,S,Via Pavimentada
8594,75744,RUA DR OSVALDO LIMA,Rua Dr Osvaldo Lima,R. Dr Osvaldo Lima,S,Via Pavimentada
8363,73300,RUA DR OSVALDO SALSA,Rua Dr Osvaldo Salsa,R. Dr Osvaldo Salsa,S,Via Pavimentada
5795,48054,RUA DR OTAVIO BANDEIRA,Rua Dr Otávio Bandeira,R. Dr Otavio Bandeira,S,Via Pavimentada
5797,48062,RUA DR OTAVIO COUTINHO,Rua Dr Otávio Coutinho,R. Dr Otavio Coutinho,S,Via Pavimentada
5800,48100,RUA DR OTAVIO DE MORAES VASCONCELOS,Rua Dr Otavio de Moraes Vasconcelos,R. Dr Otavio de Moraes Vasconcelos,S,Via Pavimentada
5845,48470,RUA DR PAES DE MELO,Rua Dr Paes de Melo,R. Dr Paes de Melo,S,Via Pavimentada
511,49743,RUA DR PAULO CORREIA,Rua Dr Paulo Correia,R. Dr Paulo Correia,S,Via Pavimentada
9366,85405,RUA DR PAULO DE BIASE,Rua Dr Paulo de Biase,R. Dr Paulo de Biase,P,Via Parcialmente Pavimentada
5440,44750,RUA DR PAULO JACINTO,Rua Dr Paulo Jacinto,R. Dr Paulo Jacinto,N,Via Não Pavimentada
5996,49824,RUA DR PAULO RAMOS,Rua Dr Paulo Ramos,R. Dr Paulo Ramos,S,Via Pavimentada
6230,52060,RUA DR PEDRO CAMELO,Rua Dr Pedro Camelo,R. Dr Pedro Camelo,S,Via Pavimentada
6033,50164,RUA DR PEDRO CORREA,Rua Dr Pedro Corrêa,R. Dr Pedro Correa,S,Via Pavimentada
6049,50326,RUA DR PEDRO DE MELLO CAHU,Rua Dr Pedro de Mello Cahú,R. Dr Pedro de Mello Cahú,S,Via Pavimentada
6043,50270,RUA DR PEDRO LUIZ OSORIO,Rua Dr Pedro Luiz Osório,R. Dr Pedro Luiz Osorio,S,Via Pavimentada
8936,80063,RUA DR PEDRO MOSCOSO,Rua Dr Pedro Moscoso,R. Dr Pedro Moscoso,S,Via Pavimentada
9458,86347,RUA DR PELAGIO SILVEIRA,Rua Dr Pelagio da Silveira,R. Dr Pelagio da Silveira,N,Via Não Pavimentada
6091,50750,RUA DR PEREIRA DA SILVA,Rua Dr Pereira da Silva,R. Dr Pereira da Silva,P,Via Parcialmente Pavimentada
6099,50830,RUA DR PERNAMBUCO,Rua Dr Pernambuco,R. Dr Pernambuco,N,Via Não Pavimentada
6269,52272,RUA DR PORTO,Rua Dr Porto,R. Dr Porto,N,Via Não Pavimentada
6716,56529,RUA DR RAIMUNDO CAVALCANTI UCHOA,Rua Dr Raimundo Cavalcanti Uchôa,R. Dr Raimundo Cavalcanti Uchoa,N,Via Não Pavimentada
6741,56774,RUA DR RAUL LAFAYETTE,Rua Dr Raul Lafayette,R. Dr Raul Lafayette,S,Via Pavimentada
10185,96334,RUA DR RINALDO VICTOR FERNANDES,Rua Dr Rinaldo Victor Fernandes,R. Dr Rinaldo Victor Fernandes,S,Via Pavimentada
6344,52884,RUA DR ROBENILDO ROCHA LEAO,Rua Dr Robenildo Rocha Leão,R. Dr Robenildo Rocha Leao,N,Via Não Pavimentada
6374,53252,RUA DR SABINO PINHO,Rua Dr Sabino Pinho,R. Dr Sabino Pinho,S,Via Pavimentada
9332,84786,RUA DR SALOMAO KELNER,Rua Dr Salomão Kelner,R. Dr Salomao Kelner,S,Via Pavimentada
6415,53660,RUA DR SAMUEL HARDMAN C DE ALBUQUERQUE,Rua Dr Samuel Hardman Cavalcanti de Albuquerque,R. Dr Samuel Hardman Cavalcanti de Albuquerque,S,Via Pavimentada
6416,53678,RUA DR SAMUEL LINS,Rua Dr Samuel Lins,R. Dr Samuel Lins,N,Via Não Pavimentada
6491,54313,RUA DR SAULO SUASSUNA,Rua Dr Saulo Suassuna,R. Dr Saulo Suassuna,P,Via Parcialmente Pavimentada
6493,54330,RUA DR SEABRA,Rua Dr Seabra,R. Dr Seabra,P,Via Parcialmente Pavimentada
7962,68551,RUA DR SEBASTIAO DE SOUZA,Rua Dr Sebastião de Souza,R. Dr Sebastiao de Souza,N,Via Não Pavimentada
6511,54470,RUA DR SEBASTIAO LINS,Rua Dr Sebastião Lins,R. Dr Sebastiao Lins,S,Via Pavimentada
6589,55174,RUA DR SEVERINO JATOBA,Rua Dr Severino Jatobá,R. Dr Severino Jatoba,P,Via Parcialmente Pavimentada
9534,87289,RUA DR SEVERINO MAGALHAES,Rua Dr Severino Magalhães,R. Dr Severino Magalhães,N,Via Não Pavimentada
6595,55220,RUA DR SEVERINO PINHEIRO,Rua Dr Severino Pinheiro,R. Dr Severino Pinheiro,S,Via Pavimentada
6604,55328,RUA DR SILVA FERREIRA,Rua Dr Silva Ferreira,R. Dr Silva Ferreira,S,Via Pavimentada
6605,55344,RUA DR SILVA FILHO,Rua Dr Silva Filho,R. Dr Silva Filho,S,Via Pavimentada
6272,52302,RUA DR SINESIO DE MEDEIROS CORREIA,Rua Dr Sinésio de Medeiros Correia,R. Dr Sinésio de Medeiros Correia,S,Via Pavimentada
6667,56057,RUA DR SOLANO CARNEIRO DA CUNHA,Rua Dr Solano Carneiro da Cunha,R. Dr Solano Carneiro da Cunha,P,Via Parcialmente Pavimentada
7119,60470,RUA DR TELESPHORO FRAGOSO,Rua Dr Telesphoro Fragoso,R. Dr Telesphoro Fragoso,S,Via Pavimentada
7218,61565,RUA DR TRINDADE HENRIQUE,Rua Dr Trindade Henrique,R. Dr Trindade Henrique,S,Via Pavimentada
249,68640,RUA DR TUBAL URQUIZA VALENCA,Rua Dr Tubal Urquiza Valença,R. Dr Tubal Urquiza Valenca,N,Via Não Pavimentada
9308,84492,RUA DR URBANO VITALINO DE MELO FILHO,Rua Dr Urbano Vitalino de Melo Filho,R. Dr Urbano Vitalino de Melo Filho,S,Via Pavimentada
7407,62685,RUA DR VALDIR PESSOA,Rua Dr Valdir Pessoa,R. Dr Valdir Pessoa,P,Via Parcialmente Pavimentada
7574,64351,RUA DR VICENTE FERREIRA,Rua Dr Vicente Ferreira,R. Dr Vicente Ferreira,S,Via Pavimentada
34,64378,RUA DR VICENTE GOMES,Rua Dr Vicente Gomes,R. Dr Vicente Gomes,S,Via Pavimentada
36,64394,RUA DR VICENTE MEIRA,Rua Dr Vicente Meira,R. Dr Vicente Meira,S,Via Pavimentada
7342,64459,RUA DR VICENTE RABELLO,Rua Dr Vicente Rabello,R. Dr Vicente Rabello,N,Via Não Pavimentada
7626,65030,RUA DR VIRGILIO MOTA,Rua Dr Virgílio Mota,R. Dr Virgilio Mota,S,Via Pavimentada
7634,65102,RUA DR VIRGINIO MARQUES,Rua Dr Virgínio Marques,R. Dr Virginio Marques,S,Via Pavimentada
9293,84271,RUA DR WALDECY,Rua Dr Waldecy,R. Dr Waldecy,N,Via Não Pavimentada
7700,65706,RUA DR ZAMENHOF,Rua Dr Zamenhof,R. Dr Zamenhof,S,Via Pavimentada
2817,20435,RUA DUARTE FILHO,Rua Duarte Filho,R. Duarte Filho,S,Via Pavimentada
2818,20443,RUA DUARTE NUNES LEAO,Rua Duarte Nunes Leão,R. Duarte Nunes Leao,N,Via Não Pavimentada
2820,20460,RUA DUAS BARRAS,Rua Duas Barras,R. Duas Barras,S,Via Pavimentada
7037,59714,RUA DUAS ESTRADAS,Rua Duas Estradas,R. Duas Estradas,X,Não definida
2822,20478,RUA DUERE,Rua Duerê,R. Duere,P,Via Parcialmente Pavimentada
3557,27308,RUA DULCE OLIVEIRA,Rua Dulce Oliveira,R. Dulce Oliveira,N,Via Não Pavimentada
2823,20486,RUA DULCINEIA,Rua Dulcinéia,R. Dulcineia,S,Via Pavimentada
2824,20494,RUA DUMONT,Rua Dumont,R. Dumont,P,Via Parcialmente Pavimentada
2825,20508,RUA DUNAS,Rua Dunas,R. Dunas,S,Via Pavimentada
1611,9458,RUA DUQUE BACELAR,Rua Duque Bacelar,R. Duque Bacelar,P,Via Parcialmente Pavimentada
2313,15911,RUA DUQUE DE CAXIAS,Rua Duque de Caxias,R. Duque de Caxias,S,Via Pavimentada
3082,22942,RUA DUQUE ESTRADA,Rua Duque Estrada,R. Duque Estrada,S,Via Pavimentada
9898,91219,RUA DURANTE,Rua Durante,R. Durante,X,Não definida
2828,20532,RUA DURVAL DE ALMEIDA PEREIRA,Rua Durval de Almeida Pereira,R. Durval de Almeida Pereira,N,Via Não Pavimentada
11863,701505,RUA DURVAL GOUVEIA,Rua Durval Gouveia,R. Durval Gouveia,S,Via Pavimentada
11781,126977,RUA DURVAL SELVA,RUA DURVAL SELVA,R. Durval Selva,S,Via Pavimentada
11816,138240,RUA E,Rua E,R. E,N,Via Não Pavimentada
120,137545,RUA E,Rua E,R. E,N,Via Não Pavimentada
859,2879,RUA ECONOMISTA ADALBERTO RANGEL GOMES,Rua Economista Adalberto Rangel Gomes,R. Economista Adalberto Rangel Gomes,N,Via Não Pavimentada
9578,100277,RUA ECONOMISTA FELIX MENDONCA,Rua Economista Félix Mendonça,R. Economista Félix Mendonça,S,Via Pavimentada
2836,20591,RUA ECOPORANGA,Rua Ecoporanga,R. Ecoporanga,S,Via Pavimentada
2837,20605,RUA EDEIA,Rua Edéia,R. Edeia,S,Via Pavimentada
2840,20630,RUA EDGAR BEZERRA LOPES,Rua Edgar Bezerra Lopes,R. Edgar Bezerra Lopes,N,Via Não Pavimentada
2841,20648,RUA EDGAR CAMPELO,Rua Edgar Campelo,R. Edgar Campelo,N,Via Não Pavimentada
864,2925,RUA EDGAR D'AMORIM,Rua Edgar D' Amorim,R. Edgar D`Amorim,S,Via Pavimentada
2842,20656,RUA EDGAR WERNECK,Rua Edgar Werneck,R. Edgar Werneck,P,Via Parcialmente Pavimentada
2843,20664,RUA EDILBERTO LEAL BARBOSA,Rua Edilberto Leal Barbosa,R. Edilberto Leal Barbosa,N,Via Não Pavimentada
10083,94498,RUA EDITE QUEIROZ DE ANDRADE QUINTAS,Rua Edite Queiroz de Andrade Quintas,R. Edite Queiroz de Andrade Quintas,N,Via Não Pavimentada
2845,20680,RUA EDMAR MOURY FERNANDES,Rua Edmar Moury Fernandes,R. Edmar Moury Fernandes,S,Via Pavimentada
2849,20737,RUA EDMUNDO LOPES,Rua Edmundo Lopes,R. Edmundo Lopes,N,Via Não Pavimentada
2850,20745,RUA EDNA,Rua Edna,R. Edna,S,Via Pavimentada
8456,74349,RUA EDSON,Rua Edson,R. Edson,S,Via Pavimentada
2831,20753,RUA EDSON ALVARES,Rua Edson Álvares,R. Edson Alvares,S,Via Pavimentada
2852,20770,RUA EDSON FILHO,Rua Edson Filho,R. Edson Filho,S,Via Pavimentada
10873,111961,RUA EDSON LUSTOSA CANTARELLI,Rua Edson Lustosa Cantarelli,R. Edson Lustosa Cantarelli,N,Via Não Pavimentada
9123,82228,RUA EDUARDO,Rua Eduardo,R. Eduardo,X,Não definida
2854,20796,RUA EDUARDO ANTONIO,Rua Eduardo Antônio,R. Eduardo Antônio,X,Não definida
11897,705616,RUA EDUARDO CARDOSO,Rua Eduardo Cardoso,R. Eduardo Cardoso,X,Não definida
8933,80039,RUA EDUARDO CUSTODIO,Rua Eduardo Custódio,R. Eduardo Custodio,S,Via Pavimentada
2858,20826,RUA EDUARDO DE ANDRADE,Rua Eduardo de Andrade,R. Eduardo de Andrade,P,Via Parcialmente Pavimentada
2859,20834,RUA EDUARDO DE CARVALHO,Rua Eduardo de Carvalho,R. Eduardo de Carvalho,S,Via Pavimentada
2863,20850,RUA EDUARDO DUBEUX,Rua Eduardo Dubeux,R. Eduardo Dubeux,S,Via Pavimentada
2865,20869,RUA EDUARDO FONSECA,Rua Eduardo Fonseca,R. Eduardo Fonseca,N,Via Não Pavimentada
2866,20877,RUA EDUARDO GUIMARAES,Rua Eduardo Guimarães,R. Eduardo Guimaraes,S,Via Pavimentada
329,126144,RUA GOVERNADOR EDUARDO HENRIQUE DE ACIOLY CAMPOS,Rua Eduardo Henrique de Acioly Campos,R. Eduardo Henrique de Acioly Campos,N,Via Não Pavimentada
2868,20893,RUA EDUARDO JORGE,Rua Eduardo Jorge,R. Eduardo Jorge,S,Via Pavimentada
2870,20907,RUA EDUARDO MENDES,Rua Eduardo Mendes,R. Eduardo Mendes,S,Via Pavimentada
2871,20915,RUA EDUARDO MENEZES,Rua Eduardo Menezes,R. Eduardo Menezes,S,Via Pavimentada
2873,20931,RUA EDUARDO PRADO,Rua Eduardo Prado,R. Eduardo Prado,S,Via Pavimentada
9431,86037,RUA EDUCADORA MARIA JOSE GUIMARAES ARAUJO,Rua Educadora Maria José Guimarães Araújo,R. Educadora Maria José Guimaraes Araujo,N,Via Não Pavimentada
2856,20800,RUA EDU LOPES,Rua Edu Lopes,R. Edu Lopes,S,Via Pavimentada
2878,20974,RUA EDVALDO DE OLIVEIRA,Rua Edvaldo de Oliveira,R. Edvaldo de Oliveira,S,Via Pavimentada
9997,92525,RUA EDVALDO MARANHAO FERREIRA,Rua Edvaldo Maranhão Ferreira,R. Edvaldo Maranhao Ferreira,S,Via Pavimentada
2879,20982,RUA EDWARD JENNER,Rua Edward Jenner,R. Edward Jenner,S,Via Pavimentada
2884,21016,RUA EGAS MUNIZ,Rua Egas Muniz,R. Egas Muniz,S,Via Pavimentada
2885,21024,RUA ELADIO CAMBOIM,Rua Eládio Camboim,R. Eladio Camboim,S,Via Pavimentada
2887,21032,RUA ELADIO RAMOS,Rua Eládio Ramos,R. Eladio Ramos,S,Via Pavimentada
2889,21040,RUA ELDORADO,Rua Eldorado,R. Eldorado,S,Via Pavimentada
2861,21059,RUA ELESBAO VELOSO,Rua Elesbão Veloso,R. Elesbao Veloso,S,Via Pavimentada
8188,71331,RUA ELETRA,Rua Eletra,R. Eletra,S,Via Pavimentada
9118,82163,RUA ELIANE FRAGOSO DO NASCIMENTO,Rua Eliane Fragoso do Nascimento,R. Eliane Fragoso do Nascimento,S,Via Pavimentada
2894,21083,RUA ELIAS GOMES,Rua Elias Gomes,R. Elias Gomes,S,Via Pavimentada
2895,21091,RUA ELIETE AGUIAR,Rua Eliete Aguiar,R. Eliete Aguiar,S,Via Pavimentada
2494,21105,RUA ELIEZER OLIMPIO DE MOURA,Rua Eliezer Olímpio de Moura,R. Eliezer Olimpio de Moura,P,Via Parcialmente Pavimentada
5610,46272,RUA ELISA CABRAL,Rua Elisa Cabral,R. Elisa Cabral,N,Via Não Pavimentada
2495,21113,RUA ELISIO MEDRADO,Rua Elisio Medrado,R. Elisio Medrado,P,Via Parcialmente Pavimentada
11742,125741,RUA ELIS REGINA,Rua Elis Regina,R. Elis Regina,X,Não definida
2496,21121,RUA ELIZA DIAS FERREIRA,Rua Eliza Dias Ferreira,R. Eliza Dias Ferreira,N,Via Não Pavimentada
2497,21130,RUA ELIZA LEAL WANDERLEY,Rua Eliza Leal Wanderley,R. Eliza Leal Wanderley,S,Via Pavimentada
2499,21156,RUA ELIZEU CAVALCANTI,Rua Elizeu Cavalcanti,R. Elizeu Cavalcanti,S,Via Pavimentada
13,21148,RUA ELIZEU CESAR,Rua Elizeu César,R. Elizeu Cesar,X,Não definida
123,21180,RUA ELOI MENDES,Rua Eloi Mendes,R. Eloi Mendes,N,Via Não Pavimentada
2500,21172,RUA ELOY MALTA DE ALENCAR,Rua Eloy Malta de Alencar,R. Eloy Malta de Alencar,S,Via Pavimentada
126,21202,RUA ELPIDIO BRANCO,Rua Elpidio Branco,R. Elpidio Branco,S,Via Pavimentada
2501,21229,RUA ELPIDIO MONTEIRO,Rua Elpídio Monteiro,R. Elpidio Monteiro,S,Via Pavimentada
8113,70491,RUA ELSHADAY,Rua Elshaday,R. Elshaday,N,Via Não Pavimentada
130,21245,RUA ELVIRA CARREIRA DE OLIVEIRA,Rua Elvira Carreira de Oliveira,R. Elvira Carreira de Oliveira,P,Via Parcialmente Pavimentada
2896,21253,RUA ELZA,Rua Elza,R. Elza,S,Via Pavimentada
1261,6491,RUA ELZIRO ZARUR,Rua Elziro Zarur,R. Elziro Zarur,S,Via Pavimentada
40,68365,RUA EMANOEL BEZERRA DOS SANTOS,Rua Emanoel Bezerra dos Santos,R. Emanoel Bezerra dos Santos,S,Via Pavimentada
2897,21261,RUA EMATUBA,Rua Ematuba,R. Ematuba,N,Via Não Pavimentada
9377,85537,RUA EMBAIXADOR MAURICIO NABUCO,Rua Embaixador Mauricio Nabuco,R. Embaixador Mauricio Nabuco,S,Via Pavimentada
8625,76139,RUA EMBAIXADOR NEGRAO DE LIMA,Rua Embaixador Negrao de Lima,R. Embaixador Negrao de Lima,P,Via Parcialmente Pavimentada
2898,21270,RUA EMBOABAS,Rua Emboabas,R. Emboabas,S,Via Pavimentada
477,74586,RUA EMBORAI,Rua Emborai,R. Emborai,S,Via Pavimentada
2323,89079,RUA EMBU-GUACU,Rua Embu-guaçu,R. Embu-Guacu,S,Via Pavimentada
2900,21300,RUA EMETERIO MACIEL,Rua Emetério Maciel,R. Emetério Maciel,S,Via Pavimentada
2901,21318,RUA EMIDIO CARVALHEIRA,Rua Emídio Carvalheira,R. Emidio Carvalheira,S,Via Pavimentada
2905,21350,RUA EMILIANO BRAGA,Rua Emiliano Braga,R. Emiliano Braga,P,Via Parcialmente Pavimentada
9182,82937,RUA EMILIANO PERNETA,Rua Emiliano Perneta,R. Emiliano Perneta,S,Via Pavimentada
2902,21326,RUA EMILIA TORREAO,Rua Emília Torreão,R. Emilia Torreao,S,Via Pavimentada
2903,21334,RUA EMILIO MONTEIRO FONSECA,Rua Emílio Monteiro Fonseca,R. Emilio Monteiro Fonseca,S,Via Pavimentada
2907,21369,RUA EMMA DA COSTA GOMES,Rua Emma da Costa Gomes,R. Emma da Costa Gomes,N,Via Não Pavimentada
7892,67725,RUA EMOCY KRAUSE,Rua Emocy Krause,R. Emocy Krause,X,Não definida
9390,85642,RUA EMPRESARIO EDSON QUEIROZ,Rua Empresario Edson Queiroz,R. Empresario Edson Queiroz,S,Via Pavimentada
9357,85480,RUA EMPRESARIO ERNESTO LUNDGREN,Rua Empresario Ernesto Lundgren,R. Empresario Ernesto Lundgren,S,Via Pavimentada
9375,85510,RUA EMPRESARIO RICARDO BRENNAND,Rua Empresario Ricardo Brennand,R. Empresario Ricardo Brennand,S,Via Pavimentada
2919,21431,RUA ENEAS DE OLIVEIRA FILHO,Rua Eneas de Oliveira Filho,R. Eneas de Oliveira Filho,S,Via Pavimentada
6299,52582,RUA ENEAS JORGE ANDRADE,Rua Enéas Jorge Andrade,R. Eneas Jorge Andrade,S,Via Pavimentada
4360,34843,RUA ENEAS JORGE DE ANDRADE,Rua Eneas Jorge de Andrade,R. Eneas Jorge de Andrade,S,Via Pavimentada
2920,21440,RUA ENEDINA,Rua Enedina,R. Enedina,S,Via Pavimentada
8020,69515,RUA ENEDINO CAMPELLO,Rua Enedino Campello,R. Enedino Campello,N,Via Não Pavimentada
2921,21458,RUA ENEIDA,Rua Eneida,R. Eneida,N,Via Não Pavimentada
358,19,RUA ENEIDA FERREIRA LIMA,Rua Eneida Ferreira Lima,R. Eneida Ferreira Lima,N,Via Não Pavimentada
5351,43990,RUA ENFERMEIRO MANOEL ANGELO,Rua Enfermeiro Manoel Ângelo,R. Enfermeiro Manoel Angelo,X,Não definida
2389,16713,RUA ENGENHEIRO ALDE DE CASTRO SALGADO,Rua Engenheiro Alde de Castro Salgado,R. Eng Alde de Castro Salgado,S,Via Pavimentada
957,3670,RUA ENGENHEIRO ALVARO CELSO,Rua Engenheiro Álvaro Celso,R. Eng Alvaro Celso,S,Via Pavimentada
10097,94684,RUA ENGENHEIRO ANDRE DIAS DE ARRUDA FALCAO,Rua Engenheiro André Dias de Arruda Falcão,R. Eng André Dias de Arruda Falcão,S,Via Pavimentada
1464,8125,RUA ENGENHEIRO ARNALDO LIMA,Rua Engenheiro Arnaldo Lima,R. Eng Arnaldo Lima,S,Via Pavimentada
9072,81647,RUA ENGENHEIRO ARNULFO FALCAO,Rua Engenheiro Arnulfo Falcao,R. Eng Arnulfo Falcao,P,Via Parcialmente Pavimentada
286,93750,RUA ENGENHEIRO AVIDOS,Rua Engenheiro Ávidos,R. Eng Avidos,N,Via Não Pavimentada
1634,9679,RUA ENGENHEIRO BALDUINO,Rua Engenheiro Balduino,R. Eng Balduino,X,Não definida
1644,9768,RUA ENGENHEIRO BANDEIRA DE MELO,Rua Engenheiro Bandeira de Melo,R. Eng Bandeira de Melo,S,Via Pavimentada
1689,10219,RUA ENGENHEIRO BARROS LINS,Rua Engenheiro Barros Lins,R. Eng Barros Lins,S,Via Pavimentada
1765,10804,RUA ENGENHEIRO BELTRAO,Rua Engenheiro Beltrão,R. Eng Beltrao,S,Via Pavimentada
8279,72290,RUA ENGENHEIRO BRANDAO CAVALCANTE,Rua Engenheiro Brandão Cavalcante,R. Eng Brandao Cavalcante,S,Via Pavimentada
2067,13463,RUA ENGENHEIRO CALDAS,Rua Engenheiro Caldas,R. Eng Caldas,S,Via Pavimentada
2387,16705,RUA ENGENHEIRO CELIO DE CARLI,Rua Engenheiro Célio de Carli,R. Eng Celio de Carli,P,Via Parcialmente Pavimentada
7951,68411,RUA ENGENHEIRO CLAUDIO BELEM,Rua Engenheiro Claudio Belem,R. Eng Claudio Belem,X,Não definida
2398,16926,RUA ENGENHEIRO CLOVIS CASTRO,Rua Engenheiro Clóvis Castro,R. Eng Clóvis Castro,S,Via Pavimentada
59,93700,RUA ENGENHEIRO CORREIA,Rua Engenheiro Correia,R. Eng Correia,P,Via Parcialmente Pavimentada
2763,20079,RUA ENGENHEIRO DOMBER,Rua Engenheiro Domber,R. Eng Domber,S,Via Pavimentada
8775,78123,RUA ENGENHEIRO EDGAR D'AMORIM,Rua Engenheiro Edgar D`Amorim,R. Eng Edgar D`Amorim,S,Via Pavimentada
8619,76058,RUA ENGENHEIRO ESTEVAM MARINHO,Rua Engenheiro Estevam Marinho,R. Eng Estevam Marinho,S,Via Pavimentada
7563,64254,RUA ENGENHEIRO FERNANDO ANDRADE,Rua Engenheiro Fernando Andrade,R. Eng. Fernando Andrade,S,Via Pavimentada
9148,82473,RUA ENGENHEIRO FLORISVAL SILVESTRE NETO,Rua Engenheiro Florisval Silvestre Neto,R. Eng Florisval Silvestre Neto,N,Via Não Pavimentada
3462,26476,RUA ENGENHEIRO GERCINO DE PONTES,Rua Engenheiro Gercino de Pontes,R. Eng Gercino de Pontes,N,Via Não Pavimentada
3714,28770,RUA ENGENHEIRO HENRIQUE MARQUES LINS,Rua Engenheiro Henrique Marques Lins,R. Eng Henrique Marques Lins,P,Via Parcialmente Pavimentada
4089,32433,RUA ENGENHEIRO JAIR FURTADO MEIRELLES,Rua Engenheiro Jair Furtado Meirelles,R. Eng Jair Furtado Meirelles,P,Via Parcialmente Pavimentada
4326,34592,RUA ENGENHEIRO JOAQUIM CAMERINO,Rua Engenheiro Joaquim Camerino,R. Eng Joaquim Camerino,N,Via Não Pavimentada
3671,35297,RUA ENGENHEIRO JOSE APOLINARIO,Rua Engenheiro José Apolinario,R. Eng José Apolinario,P,Via Parcialmente Pavimentada
10122,95184,RUA ENGENHEIRO JOSE BATISTA,Rua Engenheiro José Batista,R. Eng José Batista,X,Não definida
4422,35483,RUA ENGENHEIRO JOSE BRANDAO CAVALCANTE,Rua Engenheiro José Brandão Cavalcante,R. Eng José Brandao Cavalcante,P,Via Parcialmente Pavimentada
9360,85316,RUA ENGENHEIRO JOSE MARIO FREIRE,Rua Engenheiro José Mario Freire,R. Eng José Mario Freire,P,Via Parcialmente Pavimentada
9117,82147,RUA ENGENHEIRO JOSE SOARES,Rua Engenheiro José Soares,R. Eng José Soares,N,Via Não Pavimentada
4736,38261,RUA ENGENHEIRO LAURO BORBA,Rua Engenheiro Lauro Borba,R. Eng Lauro Borba,S,Via Pavimentada
4766,38580,RUA ENGENHEIRO LEONARDO ARCOVERDE,Rua Engenheiro Leonardo Arcoverde,R. Eng Leonardo Arcoverde,N,Via Não Pavimentada
9034,81191,RUA ENGENHEIRO LUIZ COLLIER,Rua Engenheiro Luiz Collier,R. Eng Luiz Collier,N,Via Não Pavimentada
4951,40193,RUA ENGENHEIRO LUIZ VAUTHIER,Rua Engenheiro Luiz Vauthier,R. Eng Luiz Vauthier,S,Via Pavimentada
7834,67202,RUA ENGENHEIRO MANOEL CESAR DE MORAES REGO,Rua Engenheiro Manoel Cesar de Moraes Rego,R. Eng Manoel Cesar de Moraes Rego,N,Via Não Pavimentada
8225,71706,RUA ENGENHEIRO MARCELO ASFORA,Rua Engenheiro Marcelo Asfora,R. Eng Marcelo Asfora,S,Via Pavimentada
7176,60933,RUA ENGENHEIRO MOACYR PARAHYBA,Rua Engenheiro Moacyr Parahyba,R. Eng Moacyr Parahyba,S,Via Pavimentada
4071,32271,RUA ENGENHEIRO MURILO CARLOS,Rua Engenheiro Murilo Carlos,R. Eng Murilo Carlos,N,Via Não Pavimentada
5555,45802,RUA ENGENHEIRO NAVARRO,Rua Engenheiro Navarro,R. Eng Navarro,S,Via Pavimentada
5586,46060,RUA ENGENHEIRO NESTOR MOREIRA REIS,Rua Engenheiro Nestor Moreira Reis,R. Eng Nestor Moreira Reis,S,Via Pavimentada
5773,47856,RUA ENGENHEIRO OSCAR FERREIRA,Rua Engenheiro Oscar Ferreira,R. Eng Oscar Ferreira,S,Via Pavimentada
5794,48046,RUA ENGENHEIRO OTAVIO ARANTES,Rua Engenheiro Otavio Arantes,R. Eng Otavio Arantes,N,Via Não Pavimentada
6840,57894,RUA ENGENHEIRO PEREIRA BORGES,Rua engenheiro Pereira Borges,R. eng. Pereira Borges,X,Não definida
6185,52124,RUA ENGENHEIRO PONTES,Rua Engenheiro Pontes,R. Eng Pontes,S,Via Pavimentada
247,68632,RUA ENGENHEIRO SALES ZAICANER,Rua Engenheiro Sales Zaicaner,R. Eng Sales Zaicaner,N,Via Não Pavimentada
6409,53627,RUA ENGENHEIRO SAMPAIO,Rua Engenheiro Sampaio,R. Eng Sampaio,S,Via Pavimentada
7130,60577,RUA ENGENHEIRO TEOFILO DE FREITAS,Rua Engenheiro Teófilo de Freitas,R. Eng Teofilo de Freitas,S,Via Pavimentada
7311,62014,RUA ENGENHEIRO UBALDO GOMES DE MATOS,Rua Engenheiro Ubaldo Gomes de Matos,R. Eng Ubaldo Gomes de Matos,S,Via Pavimentada
7533,63932,RUA ENGENHEIRO VASCONCELOS BITTENCOURT,Rua Engenheiro Vasconcelos Bittencourt,R. Eng Vasconcelos Bittencourt,S,Via Pavimentada
10331,98957,RUA ENGENHEIRO VIRGILIO SCHETTINI DE OLIVEIRA,Rua Engenheiro Virgílio Schettini de Oliveira,R. Eng Virgilio Schettini de Oliveira,X,Não definida
7699,65692,RUA ENGENHEIRO ZAEL DIOGENES,Rua Engenheiro Zael Diogenes,R. Eng Zael Diogenes,S,Via Pavimentada
2998,22250,RUA ENGENHO 3 MARIAS,Rua Engenho 3 Marias,R. Engenho 3 Marias,S,Via Pavimentada
2923,21474,RUA ENGENHO AGUA BRANCA,Rua Engenho Agua Branca,R. Engenho Agua Branca,S,Via Pavimentada
2924,21482,RUA ENGENHO AGUA CLARA,Rua Engenho Agua Clara,R. Engenho Agua Clara,N,Via Não Pavimentada
2925,21490,RUA ENGENHO AGUA DOCE,Rua Engenho Agua Doce,R. Engenho Agua Doce,N,Via Não Pavimentada
9802,90000,RUA ENGENHO ARACI,Rua Engenho Araci,R. Engenho Araci,S,Via Pavimentada
2926,21504,RUA ENGENHO ARAQUARA,Rua Engenho Araquara,R. Engenho Araquara,S,Via Pavimentada
2928,21520,RUA ENGENHO BARRA AZUL,Rua Engenho Barra Azul,R. Engenho Barra Azul,N,Via Não Pavimentada
122,21539,RUA ENGENHO BARRA BRANCA,Rua Engenho Barra Branca,R. Engenho Barra Branca,S,Via Pavimentada
2930,21555,RUA ENGENHO BARRA DO DIA,Rua Engenho Barra do Dia,R. Engenho Barra do Dia,S,Via Pavimentada
2932,21571,RUA ENGENHO BARRA NOVA,Rua Engenho Barra Nova,R. Engenho Barra Nova,N,Via Não Pavimentada
2933,21580,RUA ENGENHO BARRO ALTO,Rua Engenho Barro Alto,R. Engenho Barro Alto,S,Via Pavimentada
2934,21598,RUA ENGENHO BELA FLOR,Rua Engenho Bela Flor,R. Engenho Bela Flor,S,Via Pavimentada
2935,21601,RUA ENGENHO BELA ROSA,Rua Engenho Bela Rosa,R. Engenho Bela Rosa,S,Via Pavimentada
2493,21610,RUA ENGENHO BELA VIDA,Rua Engenho Bela Vida,R. Engenho Bela Vida,P,Via Parcialmente Pavimentada
11,21628,RUA ENGENHO BELEZA,Rua Engenho Beleza,R. Engenho Beleza,S,Via Pavimentada
2489,21636,RUA ENGENHO BELO PRADO,Rua Engenho Belo Prado,R. Engenho Belo Prado,S,Via Pavimentada
2490,21644,RUA ENGENHO BEM QUERER,Rua Engenho Bem Querer,R. Engenho Bem Querer,S,Via Pavimentada
2491,21652,RUA ENGENHO BOA SORTE,Rua Engenho Boa Sorte,R. Engenho Boa Sorte,S,Via Pavimentada
2492,21660,RUA ENGENHO BOM DESTINO,Rua Engenho Bom Destino,R. Engenho Bom Destino,S,Via Pavimentada
2936,21687,RUA ENGENHO BOM MIRAR,Rua Engenho Bom Mirar,R. Engenho Bom Mirar,S,Via Pavimentada
2937,21695,RUA ENGENHO BOM NOME,Rua Engenho Bom Nome,R. Engenho Bom Nome,S,Via Pavimentada
2938,21709,RUA ENGENHO BOM RECREIO,Rua Engenho Bom Recreio,R. Engenho Bom Recreio,P,Via Parcialmente Pavimentada
2939,21717,RUA ENGENHO BONDADE,Rua Engenho Bondade,R. Engenho Bondade,S,Via Pavimentada
2940,21725,RUA ENGENHO BOQUEIRAO,Rua Engenho Boqueirao,R. Engenho Boqueirao,S,Via Pavimentada
11555,121410,RUA ENGENHO BULHOES,Rua Engenho Bulhões,R. Engenho Bulhoes,X,Não definida
2942,21741,RUA ENGENHO BURANHEM,Rua Engenho Buranhém,R. Engenho Buranhem,S,Via Pavimentada
2943,21750,RUA ENGENHO CABORGE,Rua Engenho Caborge,R. Engenho Caborge,S,Via Pavimentada
2944,21768,RUA ENGENHO CABUCU,Rua Engenho Cabucu,R. Engenho Cabucu,S,Via Pavimentada
2945,21776,RUA ENGENHO CAMBOINHA,Rua Engenho Camboinha,R. Engenho Camboinha,N,Via Não Pavimentada
9472,86550,RUA ENGENHO CAMPO VERDE,Rua Engenho Campo Verde,R. Engenho Campo Verde,P,Via Parcialmente Pavimentada
2948,21806,RUA ENGENHO CANAVIEIRA,Rua Engenho Canavieira,R. Engenho Canavieira,S,Via Pavimentada
2950,21814,RUA ENGENHO CANGACA,Rua Engenho Cangaca,R. Engenho Cangaca,N,Via Não Pavimentada
2951,21822,RUA ENGENHO CANTO ALEGRE,Rua Engenho Canto Alegre,R. Engenho Canto Alegre,N,Via Não Pavimentada
2952,21830,RUA ENGENHO CAPELINHA,Rua Engenho Capelinha,R. Engenho Capelinha,N,Via Não Pavimentada
2953,21849,RUA ENGENHO CARAU,Rua Engenho Carau,R. Engenho Carau,S,Via Pavimentada
2954,21857,RUA ENGENHO CARAUNA,Rua Engenho Caraúna,R. Engenho Carauna,N,Via Não Pavimentada
2955,21865,RUA ENGENHO CRIMEIA,Rua Engenho Crimeia,R. Engenho Crimeia,N,Via Não Pavimentada
8890,79529,RUA ENGENHO CRIMELIA,Rua Engenho Crimélia,R. Engenho Crimelia,X,Não definida
2956,21873,RUA ENGENHO CURRALINHO,Rua Engenho Curralinho,R. Engenho Curralinho,S,Via Pavimentada
121,21881,RUA ENGENHO D'AGUA,Rua Engenho D`Agua,R. Engenho D`Agua,S,Via Pavimentada
2957,21890,RUA ENGENHO DIAMANTE,Rua Engenho Diamante,R. Engenho Diamante,S,Via Pavimentada
2959,21903,RUA ENGENHO DUAS BARRAS,Rua Engenho Duas Barras,R. Engenho Duas Barras,S,Via Pavimentada
2960,21911,RUA ENGENHO ESPELHO,Rua Engenho Espelho,R. Engenho Espelho,S,Via Pavimentada
2961,21920,RUA ENGENHO FELICIDADE,Rua Engenho Felicidade,R. Engenho Felicidade,S,Via Pavimentada
2962,21938,RUA ENGENHO FIRMEZA,Rua Engenho Firmeza,R. Engenho Firmeza,S,Via Pavimentada
2964,21954,RUA ENGENHO FLOR DA ILHA,Rua Engenho Flor da Ilha,R. Engenho Flor da Ilha,X,Não definida
2963,21946,RUA ENGENHO FLOR DO BOSQUE,Rua Engenho Flor do Bosque,R. Engenho Flor do Bosque,S,Via Pavimentada
2965,21962,RUA ENGENHO JIQUI,Rua Engenho Jiqui,R. Engenho Jiqui,S,Via Pavimentada
2966,21970,RUA ENGENHO JUA,Rua Engenho Juá,R. Engenho Jua,S,Via Pavimentada
2967,21989,RUA ENGENHO LAJE BONITA,Rua Engenho Laje Bonita,R. Engenho Laje Bonita,S,Via Pavimentada
2968,21997,RUA ENGENHO LINDA FLOR,Rua Engenho Linda Flor,R. Engenho Linda Flor,N,Via Não Pavimentada
1671,10030,RUA ENGENHO MAJESTOSO,Rua Engenho Majestoso,R. Engenho Majestoso,S,Via Pavimentada
2949,22012,RUA ENGENHO MAMELUCO,Rua Engenho Mameluco,R. Engenho Mameluco,S,Via Pavimentada
2971,22020,RUA ENGENHO MATA LIMPA,Rua Engenho Mata Limpa,R. Engenho Mata Limpa,S,Via Pavimentada
2972,22039,RUA ENGENHO MATAPAGIPE,Rua Engenho Matapagipe,R. Engenho Matapagipe,S,Via Pavimentada
12,22047,RUA ENGENHO MATARI,Rua Engenho Matari,R. Engenho Matari,S,Via Pavimentada
2973,22055,RUA ENGENHO MEGAIPE,Rua Engenho Megaípe,R. Engenho Megaipe,S,Via Pavimentada
2974,22063,RUA ENGENHO MEGAO,Rua Engenho Megaó,R. Engenho Megao,S,Via Pavimentada
2978,22098,RUA ENGENHO NORUEGA,Rua Engenho Noruéga,R. Engenho Noruega,N,Via Não Pavimentada
2996,22233,RUA ENGENHO NOVA VILA,Rua Engenho Nova Vila,R. Engenho Nova Vila,S,Via Pavimentada
2979,22101,RUA ENGENHO NOVO,Rua Engenho Novo,R. Engenho Novo,S,Via Pavimentada
2999,22268,RUA ENGENHO PANTORRA,Rua Engenho Pantorra,R. Engenho Pantorra,S,Via Pavimentada
2981,22110,RUA ENGENHO PAROL,Rua Engenho Parol,R. Engenho Parol,S,Via Pavimentada
3000,22276,RUA ENGENHO PAU AMARELO,Rua Engenho Pau Amarelo,R. Engenho Pau Amarelo,S,Via Pavimentada
3001,22284,RUA ENGENHO PEDRA LAVRADA,Rua Engenho Pedra Lavrada,R. Engenho Pedra Lavrada,S,Via Pavimentada
3002,22292,RUA ENGENHO PIOCA,Rua Engenho Pioca,R. Engenho Pioca,N,Via Não Pavimentada
3003,22306,RUA ENGENHO PIRAJA,Rua Engenho Pirajá,R. Engenho Piraja,S,Via Pavimentada
3005,22314,RUA ENGENHO POETA,Rua Engenho Poeta,R. Engenho Poeta,P,Via Parcialmente Pavimentada
2983,22128,RUA ENGENHO PRIMOROSO,Rua Engenho Primoroso,R. Engenho Primoroso,S,Via Pavimentada
2984,22136,RUA ENGENHO RAINHA DOS ANJOS,Rua Engenho Rainha dos Anjos,R. Engenho Rainha Dos Anjos,N,Via Não Pavimentada
2985,22144,RUA ENGENHO RIACHO DOCE,Rua Engenho Riacho Doce,R. Engenho Riacho Doce,N,Via Não Pavimentada
2986,22152,RUA ENGENHO SALGADINHO,Rua Engenho Salgadinho,R. Engenho Salgadinho,S,Via Pavimentada
2988,22160,RUA ENGENHO SEGREDO,Rua Engenho Segredo,R. Engenho Segredo,S,Via Pavimentada
2989,22179,RUA ENGENHO SERRA GRANDE,Rua Engenho Serra Grande,R. Engenho Serra Grande,S,Via Pavimentada
2992,22195,RUA ENGENHO TABARE,Rua Engenho Tabaré,R. Engenho Tabare,S,Via Pavimentada
2993,22209,RUA ENGENHO TAQUARA,Rua Engenho Taquara,R. Engenho Taquara,S,Via Pavimentada
2994,22217,RUA ENGENHO TERRA VERMELHA,Rua Engenho Terra Vermelha,R. Engenho Terra Vermelha,S,Via Pavimentada
2995,22225,RUA ENGENHO TIMBI,Rua Engenho Timbi,R. Engenho Timbi,S,Via Pavimentada
2997,22241,RUA ENGENHO TITARA,Rua Engenho Titara,R. Engenho Titara,S,Via Pavimentada
9861,90646,RUA ENTREMONTES,Rua Entremontes,R. Entremontes,P,Via Parcialmente Pavimentada
393,86410,RUA ENVIRA,Rua Envira,R. Envira,N,Via Não Pavimentada
3007,22330,RUA EPAMINONDAS CRISTOVAO DE OLIVEIRA,Rua Epaminondas Cristóvão de Oliveira,R. Epaminondas Cristovao de Oliveira,S,Via Pavimentada
3008,22349,RUA EPAMINONDAS DE MELO,Rua Epaminondas de Melo,R. Epaminondas de Melo,S,Via Pavimentada
3009,22357,RUA EPAMINONDAS MENDONCA,Rua Epaminondas Mendonça,R. Epaminondas Mendonca,P,Via Parcialmente Pavimentada
3014,22390,RUA EPITACIO PESSOA,Rua Epitácio Pessoa,R. Epitacio Pessoa,S,Via Pavimentada
3015,22403,RUA EQUADOR,Rua Equador,R. Equador,N,Via Não Pavimentada
3017,22420,RUA ERALDO DE BARROS,Rua Eraldo de Barros,R. Eraldo de Barros,X,Não definida
5407,44440,RUA ERALDO GUEIROS LEITE,Rua Eraldo Gueiros Leite,R. Eraldo Gueiros Leite,N,Via Não Pavimentada
9226,83518,RUA EREMITA,Rua Eremita,R. Eremita,S,Via Pavimentada
3020,22454,RUA ERNANI,Rua Ernani,R. Ernani,X,Não definida
3021,22462,RUA ERNANI BRAGA,Rua Ernani Braga,R. Ernani Braga,S,Via Pavimentada
3022,22470,RUA ERNESTO CAVALCANTI,Rua Ernesto Cavalcanti,R. Ernesto Cavalcanti,P,Via Parcialmente Pavimentada
3025,22497,RUA ERNESTO DE PAULA SANTOS,Rua Ernesto de Paula Santos,R. Ernesto de Paula Santos,S,Via Pavimentada
3024,22489,RUA ERNESTO NAZARETH,Rua Ernesto Nazareth,R. Ernesto Nazareth,S,Via Pavimentada
3027,22500,RUA ERNESTO RUFINO,Rua Ernesto Rufino,R. Ernesto Rufino,S,Via Pavimentada
787,2224,RUA ERUNDINA NEGREIROS DE ARAUJO,Rua Erundina Negreiros de Araújo,R. Erundina Negreiros de Araujo,S,Via Pavimentada
2970,22535,RUA ERVAL,Rua Erval,R. Erval,S,Via Pavimentada
3033,22551,RUA ERVALIA,Rua Ervália,R. Ervalia,S,Via Pavimentada
3036,22578,RUA ESBERARD,Rua Esberard,R. Esberard,P,Via Parcialmente Pavimentada
3037,22586,RUA ESCADA,Rua Escada,R. Escada,S,Via Pavimentada
3040,22594,RUA ESCOLA DE SAGRES,Rua Escola de Sagres,R. Escola de Sagres,S,Via Pavimentada
1959,12416,RUA ESCRITOR ALEXANDRE NEPTUNO,Rua Escritor Alexandre Neptuno,R. Escritor Alexandre Neptuno,S,Via Pavimentada
964,3727,RUA ESCRITOR ALVARO LINS,Rua Escritor Álvaro Lins,R. Escritor Alvaro Lins,P,Via Parcialmente Pavimentada
2373,16551,RUA ESCRITOR CEZARIO DE MELO,Rua Escritor Cezário de Melo,R. Escritor Cezario de Melo,N,Via Não Pavimentada
54,84930,RUA ESCRITOR CIRO DOS ANJOS,Rua Escritor Ciro dos Anjos,R. Escritor Ciro Dos Anjos,S,Via Pavimentada
9382,85570,RUA ESCRITOR DULCE CHACON,Rua Escritor Dulce Chacon,R. Escritor Dulce Chacon,S,Via Pavimentada
3143,23388,RUA ESCRITOR EVARISTO MAIA,Rua Escritor Evaristo Maia,R. Escritor Evaristo Maia,X,Não definida
4348,34738,RUA ESCRITOR JOAQUIM NOBERTO,Rua Escritor Joaquim Noberto,R. Escritor Joaquim Noberto,N,Via Não Pavimentada
4803,38865,RUA ESCRITOR LIMA BARRETO,Rua Escritor Lima Barreto,R. Escritor Lima Barreto,S,Via Pavimentada
4809,39071,RUA ESCRITOR LINS DO REGO,Rua Escritor Lins do Rego,R. Escritor Lins do Rego,S,Via Pavimentada
7959,68527,RUA ESCRITOR VANILDO BEZERRA CAVALCANTI,Rua Escritor Vanildo Bezerra Cavalcanti,R. Escritor Vanildo Bezerra Cavalcanti,N,Via Não Pavimentada
3041,22608,RUA ESDRAS FARIAS,Rua Esdras Farias,R. Esdras Farias,P,Via Parcialmente Pavimentada
11479,120391,RUA ESMERALDA,Rua Esmeralda,R. Esmeralda,N,Via Não Pavimentada
3042,22616,RUA ESMERALDAS,Rua Esmeraldas,R. Esmeraldas,S,Via Pavimentada
3043,22624,RUA ESMERALDINO BANDEIRA,Rua Esmeraldino Bandeira,R. Esmeraldino Bandeira,S,Via Pavimentada
3045,22640,RUA ESPARDATE,Rua Espadarte,R. Espadarte,S,Via Pavimentada
3044,22632,RUA ESPARADRAPO,Rua Esparadrapo,R. Esparadrapo,S,Via Pavimentada
11810,137987,RUA ESPERANçA,Rua Esperança,R. Esperança,X,Não definida
10496,101460,RUA ESPERANCA,Rua Esperança,R. Esperança,N,Via Não Pavimentada
10552,107263,RUA ESPERANCA,Rua Esperança,R. Esperanca,P,Via Parcialmente Pavimentada
8886,79472,RUA ESPERANCA,Rua Esperança,R. Esperanca,X,Não definida
2510,17566,RUA ESPERANCA,Rua Esperança,R. Esperanca,X,Não definida
9004,80896,RUA ESPERANCA D'OESTE,Rua Esperança D`Oeste,R. Esperança D`Oeste,P,Via Parcialmente Pavimentada
9001,80870,RUA ESPERANCA DO NORTE,Rua Esperança do Norte,R. Esperanca do Norte,P,Via Parcialmente Pavimentada
9740,89192,RUA ESPERANTINA,Rua Esperantina,R. Esperantina,S,Via Pavimentada
3050,22683,RUA ESPERANTO,Rua Esperanto,R. Esperanto,S,Via Pavimentada
3052,22691,RUA ESPERIDIAO CORDEIRO DE MORAIS,Rua Esperidião Cordeiro de Morais,R. Esperidiao Cordeiro de Morais,S,Via Pavimentada
3053,22705,RUA ESPINHARA,Rua Espinhara,R. Espinhara,X,Não definida
3056,22721,RUA ESPINOSA,Rua Espinosa,R. Espinosa,S,Via Pavimentada
3057,22730,RUA ESPIRITO SANTO,Rua Espírito Santo,R. Espirito Santo,S,Via Pavimentada
3059,22748,RUA ESPLANADA,Rua Esplanada,R. Esplanada,S,Via Pavimentada
3061,22764,RUA ESTACIO COIMBRA,Rua Estácio Coimbra,R. Estacio Coimbra,S,Via Pavimentada
3062,22772,RUA ESTACIO DE SA,Rua Estácio de Sá,R. Estacio de Sa,S,Via Pavimentada
5750,47635,RUA ESTACIO VARJAL,Rua Estácio Varjal,R. Estácio Varjal,N,Via Não Pavimentada
376,91626,RUA ESTACIO VARJAL,Rua Estácio Varjal,R. Estácio Varjal,N,Via Não Pavimentada
3063,22780,RUA ESTADO DE ISRAEL,Rua Estado de Israel,R. Estado de Israel,S,Via Pavimentada
3068,22802,RUA ESTANISLAU CORREA,Rua Estanislau Correa,R. Estanislau Correa,S,Via Pavimentada
3069,22810,RUA ESTELA BORGES,Rua Estela Borges,R. Estela Borges,N,Via Não Pavimentada
3071,22837,RUA ESTER,Rua Ester,R. Ester,S,Via Pavimentada
3072,22845,RUA ESTER FOIGEL,Rua Ester Foigel,R. Ester Foigel,S,Via Pavimentada
3074,22861,RUA ESTEVAO DE ARAUJO,Rua Estevão de Araujo,R. Estevao de Araujo,X,Não definida
3077,22900,RUA ESTEVAO DE OLIVEIRA,Rua Estevão de Oliveira,R. Estevao de Oliveira,S,Via Pavimentada
3078,22918,RUA ESTEVAO DE SA,Rua Estevão de Sa,R. Estevao de Sa,P,Via Parcialmente Pavimentada
3013,22896,RUA ESTEVAO GERSON,Rua Estevão Gerson,R. Estevao Gerson,N,Via Não Pavimentada
8216,71617,RUA ESTRADA NOVA,Rua Estrada Nova,R. Estrada Nova,S,Via Pavimentada
3083,22950,RUA ESTREITA DO ROSARIO,Rua Estreita do Rosário,R. Estreita do Rosario,S,Via Pavimentada
3086,22977,RUA ESTRELA BRILHANTE,Rua Estrela Brilhante,R. Estrela Brilhante,S,Via Pavimentada
3092,23019,RUA ESTRELA DA JORDANIA,Rua Estrela da Jordânia,R. Estrela da Jordania,S,Via Pavimentada
3087,22985,RUA ESTRELA DALVA,Rua Estrela DAlva,R. Estrela Dalva,S,Via Pavimentada
3088,22993,RUA ESTRELA D'OESTE,Rua Estrela D`Oeste,R. Estrela D`Oeste,P,Via Parcialmente Pavimentada
3091,23000,RUA ESTRELA DO INDAIA,Rua Estrela do Indaiá,R. Estrela do Indaia,S,Via Pavimentada
3093,23027,RUA ESTRELA DO LESTE,Rua Estrela do Leste,R. Estrela do Leste,X,Não definida
3094,23035,RUA ESTRELA DO MAR,Rua Estrela do Mar,R. Estrela do Mar,S,Via Pavimentada
3095,23043,RUA ESTRELA DO NORTE,Rua Estrela do Norte,R. Estrela do Norte,N,Via Não Pavimentada
61,100005,RUA ESTRELA DO SUL,Rua Estrela do Sul,R. Estrela do Sul,N,Via Não Pavimentada
3096,23051,RUA ESTRELA DO SUL,Rua Estrela do Sul,R. Estrela do Sul,N,Via Não Pavimentada
3098,23060,RUA ESTRELIANA,Rua Estreliana,R. Estreliana,P,Via Parcialmente Pavimentada
7963,68560,RUA ALCIDES DO NASCIMENTO LINS - ESTUD,Rua Estudante Alcides do Nascimento Lins,R. Estudante Alcides do Nascimento Lins,N,Via Não Pavimentada
10262,97721,RUA ESTUDANTE ANTONIO FARIAS FILHO,Rua Estudante Antônio Farias Filho,R. Estudante Antônio Farias Filho,S,Via Pavimentada
7531,63908,RUA ESTUDANTE ARLINDO ALMEIDA FILHO,Rua Estudante Arlindo Almeida Filho,R. Estudante Arlindo Almeida Filho,S,Via Pavimentada
3721,28843,RUA ESTUDANTE FLAVIO FAUSTINO DA SILVA BRAZ,Rua Estudante Flávio Faustino da Silva Braz,R. Estudante Flavio Faustino da Silva Braz,S,Via Pavimentada
4157,32980,RUA ESTUDANTE JEREMIAS BASTOS,Rua Estudante Jeremias Bastos,R. Estudante Jeremias Bastos,S,Via Pavimentada
6646,55778,RUA ESTUDANTE SINVAL MEIRA HENRIQUE,Rua Estudante Sinval Meira Henrique,R. Estudante Sinval Meira Henrique,S,Via Pavimentada
5827,48305,RUA ETAPAS,Rua ETAPAS,R. Etapas,N,Via Não Pavimentada
8164,71030,RUA ETELVINA OLIVEIRA,Rua Etelvina Oliveira,R. Etelvina Oliveira,S,Via Pavimentada
3101,23108,RUA EUCLIDES DA CUNHA,Rua Euclides da Cunha,R. Euclides da Cunha,S,Via Pavimentada
3108,23132,RUA EUCLIDES FONSECA,Rua Euclides Fonseca,R. Euclides Fonseca,S,Via Pavimentada
3110,23140,RUA EUCLIDES FRAZAO,Rua Euclides Frazão,R. Euclides Frazao,S,Via Pavimentada
8738,77690,RUA EUCLIDES GOMES DE FREITAS,Rua Euclides Gomes de Freitas,R. Euclides Gomes de Freitas,S,Via Pavimentada
7945,68330,RUA EUDALVO GOMES DA SILVA,Rua Eudalvo Gomes da Silva,R. Eudalvo Gomes da Silva,S,Via Pavimentada
3114,23175,RUA EUDORO PIRES,Rua Eudoro Pires,R. Eudoro Pires,S,Via Pavimentada
9083,81760,RUA EUGENIO COIMBRA,Rua Eugênio Coimbra,R. Eugenio Coimbra,N,Via Não Pavimentada
3115,23183,RUA EUGENIO COIMBRA JUNIOR,Rua Eugênio Coimbra Júnior,R. Eugenio Coimbra Junior,S,Via Pavimentada
3116,23191,RUA EUGENIO SAMICO,Rua Eugênio Samico,R. Eugenio Samico,P,Via Parcialmente Pavimentada
9221,83429,RUA EUGENOPOLIS,Rua Eugenopolis,R. Eugenopolis,P,Via Parcialmente Pavimentada
9856,90581,RUA EUGENOPOLIS,Rua Eugenópolis,R. Eugenopolis,N,Via Não Pavimentada
9449,89087,RUA EUNAPOLIS,Rua Eunápolis,R. Eunapolis,P,Via Parcialmente Pavimentada
9882,90891,RUA EURICO BATISTA FERREIRA,Rua Eurico Batista Ferreira,R. Eurico Batista Ferreira,N,Via Não Pavimentada
3122,23230,RUA EURICO DE SOUZA LEAO,Rua Eurico de Souza Leão,R. Eurico de Souza Leão,S,Via Pavimentada
3125,23256,RUA EURICO VITRUVIO,Rua Eurico Vitrúvio,R. Eurico Vitruvio,S,Via Pavimentada
3134,23302,RUA EUXENITA,Rua Euxenita,R. Euxenita,S,Via Pavimentada
3135,23310,RUA EUZEBIO ATHANAZIO,Rua Euzébio Athanásio,R. Euzébio Athanásio,N,Via Não Pavimentada
3136,23329,RUA EUZEBIO DE MATOS,Rua Euzébio de Matos,R. Euzebio de Matos,S,Via Pavimentada
9775,89605,RUA EVALDO BRAGA,Rua Evaldo Braga,R. Evaldo Braga,X,Não definida
7347,68349,RUA EVALDO LUIS FERREIRA DE SOUZA,Rua Evaldo Luís Ferreira de Souza,R. Evaldo Luis Ferreira de Souza,S,Via Pavimentada
9490,86762,RUA EVANILDO COELHO DE ARAUJO,Rua Evanildo Coelho de Araújo,R. Evanildo Coelho de Araujo,N,Via Não Pavimentada
3141,23361,RUA EVARISTO CARNEIRO LEAO,Rua Evaristo Carneiro Leão,R. Evaristo Carneiro Leao,S,Via Pavimentada
3144,23396,RUA EVARISTO DA VEIGA,Rua Evaristo da Veiga,R. Evaristo da Veiga,S,Via Pavimentada
3142,23370,RUA EVARISTO FERREIRA DA SILVA,Rua Evaristo Ferreira da Silva,R. Evaristo Ferreira da Silva,N,Via Não Pavimentada
3145,23400,RUA EVERARDO VASCONCELOS,Rua Everardo Vasconcelos,R. Everardo Vasconcelos,S,Via Pavimentada
681,1244,RUA EXP AGOSTINHO MONTEIRO,Rua Expedicionário Agostinho Monteiro,R. Exp Agostinho Monteiro,P,Via Parcialmente Pavimentada
706,1503,RUA EXP AILSON SIMOES,Rua Expedicionário Ailson Simões,R. Exp Ailson Simões,P,Via Parcialmente Pavimentada
753,1929,RUA EXP ALCEBIADES DA CUNHA,Rua Expedicionário Alcebiades da Cunha,R. Exp Alcebiades da Cunha,P,Via Parcialmente Pavimentada
1226,6190,RUA EXP ANTONIO ROMANO,Rua Expedicionário Antônio Romano,R. Exp Antônio Romano,P,Via Parcialmente Pavimentada
2654,19020,RUA EXP DAMASIO GOMES,Rua Expedicionário Damásio Gomes,R. Exp Damásio Gomes,N,Via Não Pavimentada
3129,23264,RUA EXP EURIDES FERNANDES,Rua Expedicionário Eurides Fernandes,R. Exp Eurides Fernandes,P,Via Parcialmente Pavimentada
3360,25577,RUA EXP FRANCISCO VITORIANO,Rua Expedicionário Francisco Vitoriano,R. Exp Francisco Vitoriano,S,Via Pavimentada
3644,28274,RUA EXP GUILHERME BRASILEIRO,Rua Expedicionário Guilherme Brasileiro,R. Exp Guilherme Brasileiro,N,Via Não Pavimentada
3864,30163,RUA EXP INACIO GOMES,Rua Expedicionário Inácio Gomes,R. Exp Inácio Gomes,S,Via Pavimentada
4094,32484,RUA EXP JAMIL DAGLI,Rua Expedicionário Jamil Dagli,R. Exp Jamil Dagli,P,Via Parcialmente Pavimentada
4169,33170,RUA EXP JESUINO VENTURA,Rua Expedicionário Jesuíno Ventura,R. Exp Jesuíno Ventura,S,Via Pavimentada
9307,84484,RUA EXP JOAO MANCIAS,Rua Expedicionário João Mancias,R. Exp João Mancias,S,Via Pavimentada
4234,33987,RUA EXP JOAO MARIA,Rua Expedicionário João Maria,R. Exp João Maria,S,Via Pavimentada
11908,707015,RUA EXP JOAO PECANHA,Rua Expedicionário João Peçanha,R. Exp João Peçanha,N,Via Não Pavimentada
4392,35084,RUA EXP JORGE DA COSTA LIMA,Rua Expedicionário Jorge da Costa Lima,R. Exp Jorge da Costa Lima,N,Via Não Pavimentada
4583,36889,RUA EXP JOSE VICENTE,Rua Expedicionário José Vicente,R. Exp José Vicente,N,Via Não Pavimentada
4680,37796,RUA EXP LAERCIO DE MENDONCA,Rua Expedicionário Laércio de Mendonça,R. Exp.  Laércio de Mendonça,S,Via Pavimentada
4730,38210,RUA EXP LAURENTINO NONATO,Rua Expedicionário Laurentino Nonato,R. Exp Laurentino Nonato,S,Via Pavimentada
5803,48135,RUA EXP OTELO RIBEIRO,Rua Expedicionário Otelo Ribeiro,R. Exp Otelo Ribeiro,P,Via Parcialmente Pavimentada
6069,50512,RUA EXP PELOPIDAS PASSAMANI,Rua Expedicionário Pelópidas Passamani,R. Exp. Pelópidas Passamani,S,Via Pavimentada
6503,54402,RUA EXP SEBASTIAO CLEMENTINO,Rua Expedicionário Sebastião Clementino,R. Exp Sebastião Clementino,S,Via Pavimentada
6635,55654,RUA EXP SIMAO FERNANDES,Rua Expedicionário Simão Fernandes,R. Exp. Simão Fernandes,S,Via Pavimentada
7126,60534,RUA EXP TEODORO RIBEIRO,Rua Expedicionário Teodoro Ribeiro,R. Exp. Teodoro Ribeiro,N,Via Não Pavimentada
7127,60542,RUA EXP TEODORO SATIVA,Rua Expedicionário Teodoro Sativa,R. Exp Teodoro Sativa,S,Via Pavimentada
7398,62626,RUA EXP VALDEMAR ADELINO,Rua Expedicionário Valdemar Adelino,R. Exp Valdemar Adelino,N,Via Não Pavimentada
3147,23434,RUA EXTREMA,Rua Extrema,R. Extrema,S,Via Pavimentada
3148,23442,RUA EXTREMOZ,Rua Extremoz,R. Extremoz,S,Via Pavimentada
11817,138258,RUA F,Rua F,R. F,N,Via Não Pavimentada
3150,23469,RUA F,Rua F,R. F,X,Não definida
307,137553,RUA F,Rua F,R. F,N,Via Não Pavimentada
3151,23477,RUA FABINHO,Rua Fabinho,R. Fabinho,S,Via Pavimentada
3156,23523,RUA FAGUNDES,Rua Fagundes,R. Fagundes,S,Via Pavimentada
3157,23531,RUA FAGUNDES VARELA,Rua Fagundes Varela,R. Fagundes Varela,S,Via Pavimentada
10741,110310,RUA FALCAO,Rua Falcão,R. Falcão,X,Não definida
3160,23566,RUA FALCAO DE LACERDA,Rua Falcão de Lacerda,R. Falcão de Lacerda,S,Via Pavimentada
10977,113476,RUA FALTA DENOMINACAO,Rua Falta Denominação,R. Falta Denominacao,N,Via Não Pavimentada
11384,118729,RUA FALTA DENIMINAçAO,Rua Falta Denominação,R. Falta Denominação,N,Via Não Pavimentada
7998,69213,RUA FALTA DENOMINACAO,Rua Falta Denominação,R. Falta Denominacao,X,Não definida
11050,114359,RUA FALTA DENOMINACAO,Rua Falta Denominação,R. Falta Denominacao,N,Via Não Pavimentada
10835,111635,RUA FALTA DENOMINACAO,Rua Falta Denominação,R. Falta Denominacao,X,Não definida
11361,118486,RUA FALTA DENOMINACAO,Rua Falta Denominação,R. Falta Denominacao,S,Via Pavimentada
11366,118532,RUA FALTA DENOMINACAO,Rua Falta Denominação,R. Falta Denominacao,N,Via Não Pavimentada
11367,118540,RUA FALTA DENOMINACAO,Rua Falta Denominação,R. Falta Denominacao,X,Não definida
11266,117285,RUA FALTA DEMOMINACAO,Rua Falta Denominação,R. Falta Denominação,N,Via Não Pavimentada
11318,117870,RUA FALTA DENOMINACAO,Rua Falta Denominação,R. Falta Denominacao,N,Via Não Pavimentada
10979,113492,RUA FALTA DENOMINACAO,Rua Falta Denominação,R. Falta Denominacao,N,Via Não Pavimentada
10864,112348,RUA FALTA DENOMINACAO,Rua Falta Denominação,R. Falta Denominacao,X,Não definida
11092,114847,RUA FALTA DENOMINACAO,Rua Falta Denominação,R. Falta Denominacao,S,Via Pavimentada
11364,118516,RUA FALTA DENOMINACAO,Rua Falta Denominação,R. Falta Denominacao,N,Via Não Pavimentada
11038,114189,RUA FALTA DENOMINACAO,Rua Falta Denominação,R. Falta Denominacao,N,Via Não Pavimentada
10890,112356,RUA FALTA DENOMINACAO,Rua Falta Denominação,R. Falta Denominacao,S,Via Pavimentada
10929,112801,RUA FALTA DENOMINACAO,Rua Falta Denominação,R. Falta Denominacao,X,Não definida
11032,114138,RUA FALTA DENOMINACAO,Rua Falta Denominação,R. Falta Denominacao,X,Não definida
10693,111104,RUA FALTA DENOMINACAO,Rua Falta Denominação,R. Falta Denominacao,S,Via Pavimentada
10694,111112,RUA FALTA DENOMINACAO,Rua Falta Denominação,R. Falta Denominacao,S,Via Pavimentada
10815,111376,RUA FALTA DENOMINACAO,Rua Falta Denominação,R. Falta Denominacao,X,Não definida
10820,111422,RUA FALTA DENOMINAÞO,Rua Falta Denominação,R. Falta Denominaøìo,N,Via Não Pavimentada
10835,111635,RUA FALTA DENOMINACAO,Rua Falta Denominação,R. Falta Denominacao,X,Não definida
10885,112283,RUA FALTA DENOMINACAO,Rua Falta Denominação,R. Falta Denominacao,X,Não definida
10886,112291,RUA FALTA DENOMINACAO,Rua Falta Denominação,R. Falta Denominacao,X,Não definida
10905,112534,RUA FALTA DENOMINACAO,Rua Falta Denominação,R. Falta Denominacao,S,Via Pavimentada
10908,112569,RUA FALTA DENOMINACAO,Rua Falta Denominação,R. Falta Denominacao,S,Via Pavimentada
10912,112607,RUA FALTA DENOMINACAO,Rua Falta Denominação,R. Falta Denominacao,S,Via Pavimentada
11209,116602,RUA FALTA DENOMINACAO,Rua Falta Denominação,R. Falta Denominacao,N,Via Não Pavimentada
11049,114340,RUA FALTA DENOMINACAO,Rua Falta Denominação,R. Falta Denominacao,N,Via Não Pavimentada
10938,112879,RUA FALTA DENOMINACAO,Rua Falta Denominação,R. Falta Denominacao,N,Via Não Pavimentada
10927,112798,RUA FALTA DENOMINACAO,Rua Falta Denominação,R. Falta Denominacao,N,Via Não Pavimentada
10930,112810,RUA FALTA DENOMINACAO,Rua Falta Denominação,R. Falta Denominacao,X,Não definida
10937,112860,RUA FALTA DENOMINACAO,Rua Falta Denominação,R. Falta Denominacao,X,Não definida
10946,113441,RUA FALTA DENOMINACAO,Rua Falta Denominação,R. Falta Denominacao,N,Via Não Pavimentada
10977,113476,RUA FALTA DENOMINACAO,Rua Falta Denominação,R. Falta Denominacao,N,Via Não Pavimentada
10982,113522,RUA FALTA DENOMINACAO,Rua Falta Denominação,R. Falta Denominacao,N,Via Não Pavimentada
10974,113433,RUA FALTA DENOMINACAO,Rua Falta Denominação,R. Falta Denominacao,N,Via Não Pavimentada
10975,113450,RUA FALTA DENOMINACAO,Rua Falta Denominação,R. Falta Denominacao,N,Via Não Pavimentada
10976,113468,RUA FALTA DENOMINACAO,Rua Falta Denominação,R. Falta Denominacao,N,Via Não Pavimentada
10978,113484,RUA FALTA DENOMINACAO,Rua Falta Denominação,R. Falta Denominacao,N,Via Não Pavimentada
10979,113492,RUA FALTA DENOMINACAO,Rua Falta Denominação,R. Falta Denominacao,N,Via Não Pavimentada
10980,113506,RUA FALTA DENOMINACAO,Rua Falta Denominação,R. Falta Denominacao,N,Via Não Pavimentada
10981,113514,RUA FALTA DENOMINACAO,Rua Falta Denominação,R. Falta Denominacao,N,Via Não Pavimentada
11367,118540,RUA FALTA DENOMINACAO,Rua Falta Denominação,R. Falta Denominacao,X,Não definida
11050,114359,RUA FALTA DENOMINACAO,Rua Falta Denominação,R. Falta Denominacao,N,Via Não Pavimentada
11087,114804,RUA FALTA DENOMINACAO,Rua Falta Denominação,R. Falta Denominacao,S,Via Pavimentada
11134,115614,RUA FALTA DENOMINACAO,Rua Falta Denominação,R. Falta Denominacao,S,Via Pavimentada
11166,115975,RUA FALTA DENOMINACAO,Rua Falta Denominação,R. Falta Denominacao,X,Não definida
11171,116297,RUA FALTA DENOMINACAO,Rua Falta Denominação,R. Falta Denominacao,X,Não definida
11183,116181,RUA FALTA DENOMINACAO,Rua Falta Denominação,R. Falta Denominacao,X,Não definida
11188,116270,RUA FALTA DENOMINACAO,Rua Falta Denominação,R. Falta Denominacao,N,Via Não Pavimentada
11189,116289,RUA FALTA DENOMINACAO,Rua Falta Denominação,R. Falta Denominacao,X,Não definida
11191,116300,RUA FALTA DENOMINACAO,Rua Falta Denominação,R. Falta Denominacao,X,Não definida
11196,116408,RUA FALTA DENOMINACAO,Rua Falta Denominação,R. Falta Denominacao,N,Via Não Pavimentada
11362,118494,RUA FALTA DENOMINACAO,Rua Falta Denominação,R. Falta Denominacao,N,Via Não Pavimentada
11266,117285,RUA FALTA DEMOMINACAO,Rua Falta Denominação,R. Falta Denominação,N,Via Não Pavimentada
11308,117781,RUA FALTA DENOMINACAO,Rua Falta Denominação,R. Falta Denominacao,X,Não definida
11321,117897,RUA FALTA DENOMINACAO,Rua Falta Denominação,R. Falta Denominacao,N,Via Não Pavimentada
11319,117889,RUA FALTA DENOMINACAO,Rua Falta Denominação,R. Falta Denominacao,N,Via Não Pavimentada
11369,118567,RUA FALTA DENOMINACAO,Rua Falta Denominação,R. Falta Denominacao,N,Via Não Pavimentada
11318,117870,RUA FALTA DENOMINACAO,Rua Falta Denominação,R. Falta Denominacao,N,Via Não Pavimentada
11358,118451,RUA FALTA DENOMINAçAO,Rua Falta Denominação,R. Falta Denominação,X,Não definida
11361,118486,RUA FALTA DENOMINACAO,Rua Falta Denominação,R. Falta Denominacao,S,Via Pavimentada
11365,118524,RUA FALTA DENOMINACAO,Rua Falta Denominação,R. Falta Denominacao,N,Via Não Pavimentada
11167,115983,RUA FALTA DENOMINACAO,Rua Falta Denominação,R. Falta Denominacao,X,Não definida
11363,118508,RUA FALTA DENOMINACAO,Rua Falta Denominação,R. Falta Denominacao,N,Via Não Pavimentada
11366,118532,RUA FALTA DENOMINACAO,Rua Falta Denominação,R. Falta Denominacao,N,Via Não Pavimentada
11368,118559,RUA FALTA DENOMINACAO,Rua Falta Denominação,R. Falta Denominacao,N,Via Não Pavimentada
11360,118478,RUA FALTA DENOMINACAO,Rua Falta Denominação,R. Falta Denominacao,X,Não definida
11384,118729,RUA FALTA DENIMINAçAO,Rua Falta Denominação,R. Falta Denominação,N,Via Não Pavimentada
11406,118990,RUA FALTA DENOMINAçAO,Rua Falta Denominação,R. Falta Denominaþao,X,Não definida
7998,69213,RUA FALTA DENOMINACAO,Rua Falta Denominação,R. Falta Denominacao,X,Não definida
11192,116319,RUA FALTA DENOMINACAO,Rua Falta Denominação,R. Falta Denominacao,P,Via Parcialmente Pavimentada
10998,113727,RUA FALTA DENOMINACAO,Rua Falta Denominação,R. Falta Denominacao,S,Via Pavimentada
297,112330,RUA FALTA DENOMINACAO,Rua Falta Denominação,R. Falta Denominacao,X,Não definida
10926,112780,TRV JOAQUIM CORREIA,Rua Falta Denominação,R. Falta Denominacao,S,Via Pavimentada
10754,111627,RUA FALTA DENOMINACAO,Rua Falta Denominação,R. Falta Denominacao,S,Via Pavimentada
11185,116203,RUA FALTA DENOMINACAO,Rua Falta Denominação,R. Falta Denominacao,N,Via Não Pavimentada
11096,114880,RUA FALTA DENOMINACAO,Rua Falta Denominação,R. Falta Denominacao,S,Via Pavimentada
10864,112348,RUA FALTA DENOMINACAO,Rua Falta Denominação,R. Falta Denominacao,X,Não definida
10935,112852,RUA FALTA DENONIMACAO,Rua Falta Denominação,R. Falta Denonimacao,S,Via Pavimentada
3164,23582,RUA FARIA BRITO,Rua Faria Brito,R. Faria Brito,S,Via Pavimentada
3166,23604,RUA FARIAS LEMOS,Rua Farias Lemos,R. Farias Lemos,X,Não definida
7515,63762,RUA FARIAS LIMA,Rua Farias Lima,R. Farias Lima,N,Via Não Pavimentada
3168,23612,RUA FARIAS NEVES,Rua Farias Neves,R. Farias Neves,N,Via Não Pavimentada
2354,16381,RUA FARMACEUTI CICERO DINIZ,Rua Farmacêutico Cícero Diniz,R. Farmaceutico Cícero Diniz,P,Via Parcialmente Pavimentada
3169,23620,RUA FARROUPILHA,Rua Farroupilha,R. Farroupilha,S,Via Pavimentada
10482,101273,RUA FASCINACAO,Rua Fascinação,R. Fascinacao,N,Via Não Pavimentada
3172,23647,RUA FATIMA TEIXEIRA,Rua Fátima Teixeira,R. Fatima Teixeira,X,Não definida
3173,23655,RUA FAUSTINO PORTO,Rua Faustino Porto,R. Faustino Porto,S,Via Pavimentada
3174,23663,RUA FAUSTO CARDOSO,Rua Fausto Cardoso,R. Fausto Cardoso,S,Via Pavimentada
3175,23671,RUA FAUSTO RABELO,Rua Fausto Rabelo,R. Fausto Rabelo,S,Via Pavimentada
3176,23680,RUA FAZENDA NOVA,Rua Fazenda Nova,R. Fazenda Nova,N,Via Não Pavimentada
6438,53856,RUA FEACA,Rua FEACA,R. Feaca,S,Via Pavimentada
9315,84557,RUA FEIRA GRANDE,Rua Feira Grande,R. Feira Grande,S,Via Pavimentada
3178,23701,RUA FEIRA NOVA,Rua Feira Nova,R. Feira Nova,S,Via Pavimentada
3181,23736,RUA FELICIANO CASTILHO,Rua Feliciano Castilho,R. Feliciano Castilho,S,Via Pavimentada
3184,23779,RUA FELICIANO DE MELLO,Rua Feliciano de Mello,R. Feliciano de Mello,P,Via Parcialmente Pavimentada
3182,23744,RUA FELICIANO GOMES,Rua Feliciano Gomes,R. Feliciano Gomes,S,Via Pavimentada
3183,23752,RUA FELICIANO JOSE DE FARIAS,Rua Feliciano José de Farias,R. Feliciano José de Farias,S,Via Pavimentada
3039,23760,RUA FELICIANO LINS,Rua Feliciano Lins,R. Feliciano Lins,S,Via Pavimentada
3185,23787,RUA FELICINA,Rua Felicina,R. Felicina,S,Via Pavimentada
3109,23809,RUA FELICIO DOS SANTOS,Rua Felicio dos Santos,R. Felicio Dos Santos,P,Via Parcialmente Pavimentada
3187,23833,RUA FELIPE CAMARAO,Rua Felipe Camarão,R. Felipe Camarao,S,Via Pavimentada
3192,23884,RUA FELIPE DE OLIVEIRA,Rua Felipe de Oliveira,R. Felipe de Oliveira,S,Via Pavimentada
3193,23906,RUA FELIPE DOS SANTOS,Rua Felipe dos Santos,R. Felipe Dos Santos,S,Via Pavimentada
3189,23850,RUA FELIPE GUERRA,Rua Felipe Guerra,R. Felipe Guerra,P,Via Parcialmente Pavimentada
3191,23876,RUA FELIPE MOURA,Rua Felipe Moura,R. Felipe Moura,S,Via Pavimentada
3194,23914,RUA FELISBURGO,Rua Felisburgo,R. Felisburgo,S,Via Pavimentada
3198,23973,RUA FELIX CAVALCANTE ALBUQUERQUE,Rua Félix Cavalcante Albuquerque,R. Felix Cavalcante Albuquerque,S,Via Pavimentada
3197,23965,RUA FELIX DE BRITO E MELO,Rua Félix de Brito e Melo,R. Félix de Brito e Melo,S,Via Pavimentada
3201,24007,RUA FELIXLANDIA,Rua Felixlândia,R. Felixlandia,S,Via Pavimentada
3203,24015,RUA FELIX PACHECO,Rua Félix Pacheco,R. Felix Pacheco,S,Via Pavimentada
3200,23990,RUA FELIX PEIXOTO,Rua Félix Peixoto,R. Felix Peixoto,P,Via Parcialmente Pavimentada
10780,110841,RUA FELIZ,Rua Feliz,R. Feliz,S,Via Pavimentada
9316,84573,RUA FELIZ DESERTO,Rua Feliz Deserto,R. Feliz Deserto,S,Via Pavimentada
5882,48771,RUA FEMEB,Rua FEMEB,R. Femeb,N,Via Não Pavimentada
8700,77313,RUA FERNANDES BELO,Rua Fernandes Belo,R. Fernandes Belo,N,Via Não Pavimentada
773,2127,RUA FERNANDO AECIO G DE SOUZA,Rua Fernando Aécio Granjeiro de Souza,R. Fernando Aécio G de Souza,N,Via Não Pavimentada
3211,24074,RUA FERNANDO BARROCA,Rua Fernando Barroca,R. Fernando Barroca,P,Via Parcialmente Pavimentada
9946,91774,RUA FERNANDO BENVINDO DA FONSECA,Rua Fernando Benvindo da Fonseca,R. Fernando Benvindo da Fonseca,S,Via Pavimentada
525,76511,RUA FERNANDO CARVALHEIRA,Rua Fernando Carvalheira,R. Fernando Carvalheira,N,Via Não Pavimentada
3660,28398,RUA FERNANDO CAVALHEIRA,Rua Fernando Cavalheira,R. Fernando Cavalheira,N,Via Não Pavimentada
3213,24090,RUA FERNANDO CESAR,Rua Fernando César,R. Fernando Cesar,S,Via Pavimentada
3212,24082,RUA FERNANDO CESAR D'ANDRADE,Rua Fernando César D`Andrade,R. Fernando César D`Andrade,N,Via Não Pavimentada
3228,24244,RUA FERNANDO DA VEIGA PESSOA,Rua Fernando da Veiga Pessoa,R. Fernando da Veiga Pessoa,S,Via Pavimentada
3225,24201,RUA FERNANDO DE OLIVEIRA LAMENHA,Rua Fernando de Oliveira Lamenha,R. Fernando de Oliveira Lamenha,S,Via Pavimentada
10063,94250,RUA FERNANDO DE SOUZA CAETE,Rua Fernando de Souza Caeté,R. Fernando de Souza Caete,S,Via Pavimentada
3214,24104,RUA FERNANDO FERRARI,Rua Fernando Ferrari,R. Fernando Ferrari,S,Via Pavimentada
3217,24120,RUA FERNANDO GRIZ,Rua Fernando Griz,R. Fernando Griz,N,Via Não Pavimentada
324,126730,RUA FERNANDO JOSE DE MELO CORREIA,Rua Fernando Jose de Melo correia,R. Fernando Jose de Melo correia,S,Via Pavimentada
3218,24147,RUA FERNANDO LOPES,Rua Fernando Lopes,R. Fernando Lopes,S,Via Pavimentada
3223,24180,RUA FERNANDO NOBRE,Rua Fernando Nobre,R. Fernando Nobre,S,Via Pavimentada
3224,24198,RUA FERNANDO NORONHA,Rua Fernando Noronha,R. Fernando Noronha,P,Via Parcialmente Pavimentada
6850,57983,RUA FERNANDO PEREZ GARCIA,Rua Fernando Perez Garcia,R. Fernando Perez Garcia,X,Não definida
3229,24252,RUA FERNANDOPOLIS,Rua Fernandópolis,R. Fernandopolis,S,Via Pavimentada
3227,24236,RUA FERNANDO TOMAZ DA SILVA,Rua Fernando Tomaz da Silva,R. Fernando Tomaz da Silva,S,Via Pavimentada
3231,24279,RUA FERNAO DIAS,Rua Fernão Dias,R. Fernao Dias,S,Via Pavimentada
3232,24287,RUA FERNAO LOPES,Rua Fernão Lopes,R. Fernao Lopes,N,Via Não Pavimentada
3234,24309,RUA FERNAO VELHO,Rua Fernão Velho,R. Fernao Velho,X,Não definida
3235,24317,RUA FERRAZ DE VASCONCELOS,Rua Ferraz de Vasconcelos,R. Ferraz de Vasconcelos,S,Via Pavimentada
3238,24341,RUA FERREIRA LOPES,Rua Ferreira Lopes,R. Ferreira Lopes,S,Via Pavimentada
3240,24350,RUA FERREIRA VIANA,Rua Ferreira Viana,R. Ferreira Viana,X,Não definida
7815,66990,RUA FERREIRO,Rua Ferreiro,R. Ferreiro,N,Via Não Pavimentada
10742,110329,RUA FERREIRO,Rua Ferreiro,R. Ferreiro,X,Não definida
8007,69370,RUA FERREIROS,Rua Ferreiros,R. Ferreiros,X,Não definida
7472,63339,RUA FERROVIARIO VALMIR MORAES,Rua Ferroviário Valmir Moraes,R. Ferroviário Valmir Moraes,P,Via Parcialmente Pavimentada
707,1511,RUA FERROVIARIO VALMIR MORAES,Rua Ferroviário Valmir Moraes,R. Ferroviário Valmir Moraes,N,Via Não Pavimentada
10208,96644,RUA FERVEDOURO,Rua Fervedouro,R. Fervedouro,S,Via Pavimentada
3245,24384,RUA FIDELANDIA,Rua Fidelândia,R. Fidelandia,S,Via Pavimentada
3242,24376,RUA FIDELIS BATISTA DE AGUIAR,Rua Fidélis Batista de Aguiar,R. Fidelis Batista de Aguiar,P,Via Parcialmente Pavimentada
3248,24406,RUA FIDELIS MOLITERNO,Rua Fidélis Moliterno,R. Fidelis Moliterno,S,Via Pavimentada
3251,24430,RUA FIGUEIRA DE MELO,Rua Figueira de Melo,R. Figueira de Melo,P,Via Parcialmente Pavimentada
3250,24422,RUA FIGUEIRA FILHO,Rua Figueira Filho,R. Figueira Filho,S,Via Pavimentada
3252,24449,RUA FIGUEIROA FARIA,Rua Figueiroa Faria,R. Figueiroa Faria,S,Via Pavimentada
178,49883,RUA FIJ,Rua FIJ,R. Fij,N,Via Não Pavimentada
3253,24457,RUA FILADELFIA,Rua Filadélfia,R. Filadelfia,N,Via Não Pavimentada
3195,23922,RUA FILISMINO DA SILVA,Rua Filismino da Silva,R. Filismino da Silva,S,Via Pavimentada
3255,24490,RUA FIRMAMENTO,Rua Firmamento,R. Firmamento,N,Via Não Pavimentada
3257,24511,RUA FIRMINO DE BARROS,Rua Firmino de Barros,R. Firmino de Barros,S,Via Pavimentada
3258,24538,RUA FIRMINO DE FIGUEIREDO,Rua Firmino de Figueiredo,R. Firmino de Figueiredo,P,Via Parcialmente Pavimentada
3259,24546,RUA FIRMINO LEONCIO,Rua Firmino Leôncio,R. Firmino Leoncio,S,Via Pavimentada
3260,24554,RUA FIRMINOPOLIS,Rua Firminópolis,R. Firminopolis,S,Via Pavimentada
9664,88064,RUA FISCAL INALDO XAVIER DE S SANTOS,Rua Fiscal Inaldo Xaxier de Siqueira Santos,R. Fiscal Inaldo Xaxier de Siqueira Santos,S,Via Pavimentada
8424,74004,RUA FLAMENGO,Rua Flamengo,R. Flamengo,N,Via Não Pavimentada
10065,94285,RUA FLAVIO GUERRA,Rua Flávio Guerra,R. Flavio Guerra,S,Via Pavimentada
4114,32670,RUA FLEXAL,Rua Flexal,R. Flexal,S,Via Pavimentada
392,83720,RUA FLORA,Rua Flora,R. Flora,X,Não definida
137,24660,RUA FLORAI,Rua Floraí,R. Florai,S,Via Pavimentada
138,24678,RUA FLORALIA,Rua Florália,R. Floralia,S,Via Pavimentada
139,24686,RUA FLORANIA,Rua Florânia,R. Florania,N,Via Não Pavimentada
136,24651,RUA FLORA RICA,Rua Flora Rica,R. Flora Rica,P,Via Parcialmente Pavimentada
3456,26395,RUA FLORA RICA,Rua Flora Rica,R. Flora Rica,N,Via Não Pavimentada
320,126675,RUA FLORASENSE,Rua Florasense,Rua Florasense,N,Via Não Pavimentada
16,24597,RUA FLOR DE LIZ,Rua Flôr de Liz,R. Flôr de Liz,N,Via Não Pavimentada
131,24600,RUA FLOR DE MARIZ,Rua Flor de Mariz,R. Flor de Mariz,S,Via Pavimentada
133,24627,RUA FLOR DO SERTAO,Rua Flor do Sertão,R. Flor do Sertao,S,Via Pavimentada
3244,24716,RUA FLORENCA,Rua Florença,R. Florenca,S,Via Pavimentada
3265,24724,RUA FLORENTINO OLIMPIO DOS SANTOS,Rua Florentino Olímpio dos Santos,R. Florentino Olimpio Dos Santos,P,Via Parcialmente Pavimentada
3264,24708,RUA FLORESCENTE,Rua Florescente,R. Florescente,S,Via Pavimentada
3267,24740,RUA FLORES DA CUNHA,Rua Flores da Cunha,R. Flores da Cunha,P,Via Parcialmente Pavimentada
5547,45713,RUA FLORES DE MAIO,Rua Flores de Maio,R. Flores de Maio,S,Via Pavimentada
183,39039,RUA FLORES DO ORIENTE,Rua Flores do Oriente,R. Flores do Oriente,S,Via Pavimentada
3268,24759,RUA FLORES DO PIAUI,Rua Flores do Piauí,R. Flores do Piaui,P,Via Parcialmente Pavimentada
7986,68918,RUA FLORESTA,Rua Floresta,R. Floresta,P,Via Parcialmente Pavimentada
3270,24775,RUA FLORESTA AZUL,Rua Floresta Azul,R. Floresta Azul,S,Via Pavimentada
3271,24783,RUA FLORESTAL,Rua Florestal,R. Florestal,N,Via Não Pavimentada
3273,24791,RUA FLORESTINA,Rua Florestina,R. Florestina,S,Via Pavimentada
3274,24805,RUA FLORESTOPOLIS,Rua Florestópolis,R. Florestopolis,S,Via Pavimentada
3275,24813,RUA FLORIANO,Rua Floriano,R. Floriano,S,Via Pavimentada
3277,24821,RUA FLORIANO BARBOSA DE OLIVEIRA,Rua Floriano Barbosa de Oliveira,R. Floriano Barbosa de Oliveira,S,Via Pavimentada
3278,24830,RUA FLORIANO FRANCISCO DE OLIVEIRA,Rua Floriano Francisco de Oliveira,R. Floriano Francisco de Oliveira,S,Via Pavimentada
4509,36277,RUA FLORIANO PEIXOTO,Rua Floriano Peixoto,R. Floriano Peixoto,S,Via Pavimentada
3281,24864,RUA FLORIANO PEIXOTO,Rua Floriano Peixoto,R. Floriano Peixoto,S,Via Pavimentada
3279,24848,RUA FLORIANOPOLIS,Rua Florianópolis,R. Florianopolis,S,Via Pavimentada
476,24880,RUA FLORINEA,Rua Florínea,R. Florinea,S,Via Pavimentada
6268,52264,RUA FOLCLORISTA LUIZ DA CAMARA CASCUDO,Rua Folclorista Luiz da Câmara Cascudo,R. Folclorista Luiz da Camara Cascudo,S,Via Pavimentada
3288,24945,RUA FONSECA OLIVEIRA,Rua Fonseca Oliveira,R. Fonseca Oliveira,S,Via Pavimentada
3290,24953,RUA FONTE BOA,Rua Fonte Boa,R. Fonte Boa,P,Via Parcialmente Pavimentada
10455,100889,RUA FONTE BRANCA,Rua Fonte Branca,R. Fonte Branca,X,Não definida
10494,101427,RUA FORMOSA,Rua Formosa,R.Formosa,N,Via Não Pavimentada
3291,24961,RUA FORMOSA,Rua Formosa,R. Formosa,S,Via Pavimentada
5242,43095,RUA FORMOSO DO ARAGUAIA,Rua Formoso do Araguaia,R. Formoso do Araguaia,N,Via Não Pavimentada
3293,24970,RUA FORTALEZA,Rua Fortaleza,R. Fortaleza,S,Via Pavimentada
2946,21784,RUA FORTALEZA,Rua Fortaleza,R. Fortaleza,N,Via Não Pavimentada
3297,25003,RUA FORTIM,Rua Fortim,R. Fortim,S,Via Pavimentada
9130,82309,"RUA FERNANDO GUSMAO,FOTOGRAFO",Rua Fotógrafo Fernando Gusmão,R. Fotógrafo Fernando Gusmão,N,Via Não Pavimentada
7470,63304,RUA FOZ DO IGUACU,Rua Foz do Iguaçu,R. Foz do Iguaçu,S,Via Pavimentada
3300,25038,RUA FRAGATAS,Rua Fragatas,R. Fragatas,N,Via Não Pavimentada
3301,25046,RUA FRAGOSO,Rua Fragoso,R. Fragoso,S,Via Pavimentada
3362,25593,RUA FRANCA,Rua França,R. Franca,S,Via Pavimentada
3367,25640,RUA FRANCA PEREIRA,Rua Franca Pereira,R. Franca Pereira,S,Via Pavimentada
3303,25062,RUA FRANCISCA BENIGNA CAVALCANTE,Rua Francisca Benigna Calvalcante,R. Francisca Benigna Cavalcante,N,Via Não Pavimentada
3305,25089,RUA FRANCISCO ABREU,Rua Francisco Abreu,R. Francisco Abreu,N,Via Não Pavimentada
3306,25097,RUA FRANCISCO ALVES,Rua Francisco Alves,R. Francisco Alves,S,Via Pavimentada
3309,25119,RUA FRANCISCO BARRETO,Rua Francisco Barreto,R. Francisco Barreto,P,Via Parcialmente Pavimentada
3312,25143,RUA FRANCISCO BELTRAO,Rua Francisco Beltrão,R. Francisco Beltrao,P,Via Parcialmente Pavimentada
3315,25160,RUA FRANCISCO BERENGUER,Rua Francisco Berenguer,R. Francisco Berenguer,S,Via Pavimentada
3317,25178,RUA FRANCISCO BEZERRA MONTEIRO,Rua Francisco Bezerra Monteiro,R. Francisco Bezerra Monteiro,S,Via Pavimentada
9378,85545,RUA FRANCISCO CAJUEIRO,Rua Francisco Cajueiro,R. Francisco Cajueiro,S,Via Pavimentada
3321,25194,RUA FRANCISCO CAMARINO,Rua Francisco Camarino,R. Francisco Camarino,S,Via Pavimentada
8824,78646,RUA FRANCISCO CAMPOS,Rua Francisco Campos,R. Francisco Campos,S,Via Pavimentada
3324,25208,RUA FRANCISCO CONTE,Rua Francisco Conte,R. Francisco Conte,P,Via Parcialmente Pavimentada
3326,25216,RUA FRANCISCO CORREIA DE ARAUJO,Rua Francisco Correia de Araujo,R. Francisco Correia de Araujo,N,Via Não Pavimentada
3327,25224,RUA FRANCISCO CORREIA DE MORAIS,Rua Francisco Correia de Moraes,R. Francisco Correia de Moraes,S,Via Pavimentada
3328,25232,RUA FRANCISCO CORTEZ,Rua Francisco Cortez,R. Francisco Cortez,S,Via Pavimentada
3330,25259,RUA FRANCISCO DA CUNHA,Rua Francisco da Cunha,R. Francisco da Cunha,S,Via Pavimentada
3308,25100,RUA FRANCISCO DE ASSIS,Rua Francisco de Assis,R. Francisco de Assis,S,Via Pavimentada
3311,25135,RUA FRANCISCO DE BARROS BARRETO,Rua Francisco de Barros Barreto,R. Francisco de Barros Barreto,S,Via Pavimentada
9517,86991,RUA FRANCISCO DE MORAES HERACLIO,Rua Francisco de Moraes Heraclio,R. Francisco de Moraes Heraclio,N,Via Não Pavimentada
3345,25410,RUA FRANCISCO DE PAULA MACHADO,Rua Francisco de Paula Machado,R. Francisco de Paula Machado,S,Via Pavimentada
3350,25461,RUA FRANCISCO DO REGO,Rua Francisco do Rego,R. Francisco do Rego,N,Via Não Pavimentada
3333,25291,RUA FRANCISCO GOMES MACHADO,Rua Francisco Gomes Machado,R. Francisco Gomes Machado,S,Via Pavimentada
8335,73016,RUA FRANCISCO GOMES SIMAS,Rua Francisco Gomes Simas,R. Francisco Gomes Simas,S,Via Pavimentada
454,3484,RUA FRANCISCO GONCALVES RIBEIRO,Rua Francisco Gonçalves Ribeiro,R. Francisco Gonçalves Ribeiro,X,Não definida
351,126845,RUA FRANCISCO HENRIQUE CALS,RUA FRANCISCO HENRIQUE CALS,R. Francisco Henrique Cals,S,Via Pavimentada
3336,25321,RUA FRANCISCO JACINTO,Rua Francisco Jacinto,R. Francisco Jacinto,S,Via Pavimentada
3337,25330,RUA FRANCISCO LACERDA,Rua Francisco Lacerda,R. Francisco Lacerda,S,Via Pavimentada
3338,25356,RUA FRANCISCO LEOPOLDINO,Rua Francisco Leopoldino,R. Francisco Leopoldino,P,Via Parcialmente Pavimentada
9380,85561,RUA FRANCISCO MIRANDA,Rua Francisco Miranda,R. Francisco Miranda,S,Via Pavimentada
7468,63290,RUA FRANCISCO PASSOS,Rua Francisco Passos,R. Francisco Passos,S,Via Pavimentada
3346,25429,RUA FRANCISCO PAULO DOS SANTOS,Rua Francisco Paulo dos Santos,R. Francisco Paulo Dos Santos,S,Via Pavimentada
3347,25437,RUA FRANCISCO PORFIRIO,Rua Francisco Porfírio,R. Francisco Porfirio,S,Via Pavimentada
3348,25445,RUA FRANCISCO RABELO,Rua Francisco Rabelo,R. Francisco Rabelo,S,Via Pavimentada
3352,25488,RUA FRANCISCO RODRIGUES LOBO,Rua Francisco Rodrigues Lobo,R. Francisco Rodrigues Lobo,P,Via Parcialmente Pavimentada
3353,25496,RUA FRANCISCO ROLIM,Rua Francisco Rolim,R. Francisco Rolim,N,Via Não Pavimentada
7267,61735,RUA FRANCISCO RUSSO,Rua Francisco Russo,R. Francisco Russo,P,Via Parcialmente Pavimentada
3355,25518,RUA FRANCISCO SILVEIRA,Rua Francisco Silveira,R. Francisco Silveira,S,Via Pavimentada
3356,25526,RUA FRANCISCO TORRES,Rua Francisco Torres,R. Francisco Torres,P,Via Parcialmente Pavimentada
3342,25542,RUA FRANCISCO UCHOA,Rua Francisco Uchôa,R. Francisco Uchoa,S,Via Pavimentada
3357,25550,RUA FRANCISCO VALPASSOS,Rua Francisco Valpassos,R. Francisco Valpassos,S,Via Pavimentada
3359,25569,RUA FRANCISCO VITA,Rua Francisco Vita,R. Francisco Vita,S,Via Pavimentada
6358,53031,RUA FRANCISCO XAVIER,Rua Francisco Xavier,R. Francisco Xavier,X,Não definida
3366,25631,RUA FRANCO DA ROCHA,Rua Franco da Rocha,R. Franco da Rocha,S,Via Pavimentada
3364,25615,RUA FRANCO GONDIM,Rua Franco Gondin,R. Franco Gondim,S,Via Pavimentada
3368,25658,RUA FRANKLIN TAVORA,Rua Franklin Távora,R. Franklin Tavora,S,Via Pavimentada
3369,25666,RUA FREDERICO,Rua Frederico,R. Frederico,S,Via Pavimentada
3372,25682,RUA FREDERICO F DE ALBUQUERQUE,Rua Frederico Fragoso de Albuquerque,R. Frederico F de Albuquerque,N,Via Não Pavimentada
3373,25690,RUA FREDERICO LUNDGREN,Rua Frederico Lundgren,R. Frederico Lundgren,N,Via Não Pavimentada
3374,25704,RUA FREDERICO MACIEL,Rua Frederico Maciel,R. Frederico Maciel,N,Via Não Pavimentada
3376,25712,RUA FREDERICO OZANAN,Rua Frederico Ozanan,R. Frederico Ozanan,S,Via Pavimentada
455,3859,RUA FREI AMADOR,Rua Frei Amador,R. Frei Amador,N,Via Não Pavimentada
1535,8796,RUA FREI ATANAZIO,Rua Frei Atanázio,R. Frei Atanazio,S,Via Pavimentada
2131,14281,RUA FREI CANECA,Rua Frei Caneca,R. Frei Caneca,S,Via Pavimentada
2250,15482,RUA FREI CASANOVA,Rua Frei Casanova,R. Frei Casanova,S,Via Pavimentada
2256,15539,RUA FREI CASSIMIRO,Rua Frei Cassimiro,R. Frei Cassimiro,S,Via Pavimentada
11526,120898,RUA FREI DAMIAO,Rua Frei Damião,R. Frei Damiao,N,Via Não Pavimentada
3199,23981,RUA FREI FELIX DE OLIVOLA,Rua Frei Félix de Olívola,R. Frei Felix de Olivola,S,Via Pavimentada
3354,25500,RUA FREI FRANCISCO SAMPAIO,Rua Frei Francisco Sampaio,R. Frei Francisco Sampaio,S,Via Pavimentada
3539,27189,RUA FREI GONZAGA,Rua Frei Gonzaga,R. Frei Gonzaga,S,Via Pavimentada
3703,28681,RUA FREI HENRIQUE,Rua Frei Henrique,R. Frei Henrique,S,Via Pavimentada
3705,28703,RUA FREI HENRIQUE DE COIMBRA,Rua Frei Henrique de Coimbra,R. Frei Henrique de Coimbra,S,Via Pavimentada
4043,31950,RUA FREI JABOATAO,Rua Frei Jaboatão,R. Frei Jaboatao,P,Via Parcialmente Pavimentada
4387,35041,RUA FREI JORGE,Rua Frei Jorge,R. Frei Jorge,S,Via Pavimentada
4748,38407,RUA FREI LEANDRO,Rua Frei Leandro,R. Frei Leandro,S,Via Pavimentada
4852,39489,RUA FREI LOUREIRO,Rua Frei Loureiro,R. Frei Loureiro,S,Via Pavimentada
4949,40177,RUA FREI LUIS DE SOUZA,Rua Frei Luís de Souza,R. Frei Luis de Souza,P,Via Parcialmente Pavimentada
5091,41548,RUA FREI MANUEL CALADO,Rua Frei Manuel Calado,R. Frei Manuel Calado,N,Via Não Pavimentada
7185,61018,RUA FREI MARTINHO,Rua Frei Martinho,R. Frei Martinho,S,Via Pavimentada
5273,43346,RUA FREI MARTINHO LIMPER,Rua Frei Martinho Límper,R. Frei Martinho Limper,S,Via Pavimentada
6691,56278,RUA FREI MATIAS TEVIS,Rua Frei Matias Tévis,R. Frei Matias Tévis,S,Via Pavimentada
163,31801,RUA FREI MIGUELINHO,Rua Frei Miguelinho,R. Frei Miguelinho,S,Via Pavimentada
5741,47554,RUA FREI ONOFRE,Rua Frei Onofre,R. Frei Onofre,S,Via Pavimentada
5757,47694,RUA FREI ORLANDO,Rua Frei Orlando,R. Frei Orlando,S,Via Pavimentada
10070,94331,RUA FREIRE DE ANDRADE,Rua Freire de Andrade,R. Freire de Andrade,S,Via Pavimentada
10057,95087,RUA FREI ROGERIO,Rua Frei Rogerio,R. Frei Rogerio,N,Via Não Pavimentada
7144,60640,RUA FREI TEOFILO DE VIRGOLETTA,Rua Frei Teófilo de Virgoletta,R. Frei Teofilo de Virgoletta,S,Via Pavimentada
5475,45110,RUA FREI TITO DE ALENCAR LIMA,Rua Frei Tito de Alencar Lima,R. Frei Tito de Alencar Lima,S,Via Pavimentada
518,64475,RUA FREI VICENTE DO SALVADOR,Rua Frei Vicente do Salvador,R. Frei Vicente do Salvador,X,Não definida
3380,25755,RUA FREIXEIRAS,Rua Freixeiras,R. Freixeiras,S,Via Pavimentada
3382,25763,RUA FRIGIO LIMA,Rua Frígio Lima,R. Frigio Lima,S,Via Pavimentada
8648,76406,RUA FROIS,Rua Frois,R. Frois,N,Via Não Pavimentada
3386,25801,RUA FRUTAL,Rua Frutal,R. Frutal,S,Via Pavimentada
3387,25810,RUA FRUTUOSO DE BARROS,Rua Frutuoso de Barros,R. Frutuoso de Barros,N,Via Não Pavimentada
3389,25828,RUA FRUTUOSO GOMES,Rua Frutuoso Gomes,R. Frutuoso Gomes,S,Via Pavimentada
10550,107247,RUA FUTURO,Rua Futuro,R. Futuro,P,Via Parcialmente Pavimentada
11638,124397,RUA G,Rua G,R. G,N,Via Não Pavimentada
11818,138266,RUA G,Rua G,R. G,N,Via Não Pavimentada
8718,77526,RUA GAGO COUTINHO,Rua Gago Coutinho,R. Gago Coutinho,S,Via Pavimentada
7793,66680,RUA GAIVOTA,Rua Gaivota,R. Gaivota,N,Via Não Pavimentada
3404,25933,RUA GALANTE,Rua Galante,R. Galante,S,Via Pavimentada
3411,26000,RUA GALBOA,Rua Galboa,R. Galboa,S,Via Pavimentada
3406,25950,RUA GALEAO,Rua Galeão,R. Galeao,S,Via Pavimentada
3405,25941,RUA GALENA,Rua Galena,R. Galena,S,Via Pavimentada
3407,25968,RUA GALIA,Rua Gália,R. Galia,N,Via Não Pavimentada
331,126179,RUA GALILEIA,Rua  Galiléia,R. Galiléia,N,Via Não Pavimentada
3408,25976,RUA GALILEIA,Rua Galiléia,R. Galileia,S,Via Pavimentada
3409,25984,RUA GALINEIA,Rua Galinéia,R. Galineia,N,Via Não Pavimentada
10713,110272,RUA GALO DE CAMPINA,Rua Galo de Campina,R. Galo de Campina,X,Não definida
7751,66281,RUA GALO DE CAMPINA,Rua Galo de Campina,R. Galo de Campina,N,Via Não Pavimentada
9786,89699,RUA GALOPOLIS,Rua Galópolis,R. Galopolis,S,Via Pavimentada
3410,25992,RUA GALVAO RAPOSO,Rua Galvão Raposo,R. Galvão Raposo,S,Via Pavimentada
3413,26026,RUA GAMELEIRA,Rua Gameleira,R. Gameleira,X,Não definida
3415,26042,RUA GARANHUNS,Rua Garanhuns,R. Garanhuns,S,Via Pavimentada
8144,70807,RUA GARCA REAL,Rua Garça Real,R. Garca Real,N,Via Não Pavimentada
3418,26069,RUA GARCIA,Rua Garcia,R. Garcia,S,Via Pavimentada
3422,26093,RUA GARDENIA,Rua Gardênia,R. Gardenia,S,Via Pavimentada
3423,26107,RUA GARIBALDE,Rua Garibalde,R. Garibalde,S,Via Pavimentada
3424,26115,RUA GARIBALDINA,Rua Garibaldina,R. Garibaldina,S,Via Pavimentada
3425,26123,RUA GARIMPO,Rua Garimpo,R. Garimpo,S,Via Pavimentada
11821,700045,RUA GAROPABA,Rua Garopaba,R. Garopaba,X,Não definida
3430,26174,RUA GASPAR DE LEMOS,Rua Gaspar de Lemos,R. Gaspar de Lemos,S,Via Pavimentada
3429,26166,RUA GASPAR DRUMOND,Rua Gaspar Drumond,R. Gaspar Drumond,P,Via Parcialmente Pavimentada
3432,26190,RUA GASPAR PEREZ,Rua Gaspar Perez,R. Gaspar Perez,S,Via Pavimentada
3434,26204,RUA GASPAR REGUEIRA,Rua Gaspar Regueira,R. Gaspar Regueira,S,Via Pavimentada
3435,26212,RUA GASTAO DE CARVALHO,Rua Gastão de Carvalho,R. Gastao de Carvalho,P,Via Parcialmente Pavimentada
3439,26239,RUA GASTAO VIDIGAL,Rua Gastão Vidigal,R. Gastao Vidigal,S,Via Pavimentada
3440,26247,RUA GASTON CAMARA,Rua Gaston Camara,R. Gaston Camara,S,Via Pavimentada
3441,26255,RUA GATO FELIX,Rua Gato Félix,R. Gato Felix,N,Via Não Pavimentada
3442,26263,RUA GAVEA,Rua Gávea,R. Gavea,S,Via Pavimentada
1605,9407,RUA GAVINHA,Rua Gavinha,R. Gavinha,X,Não definida
367,26280,RUA GAZEA,Rua Gázea,R. Gazea,S,Via Pavimentada
567,388,RUA GENERAL ABREU E LIMA,Rua General Abreu e Lima,R. Gal Abreu e Lima,S,Via Pavimentada
603,701,RUA GENERAL ADAUTO GOMES BARBOSA,Rua General Adauto Gomes Barbosa,R. Gal Adauto Gomes Barbosa,N,Via Não Pavimentada
704,1473,RUA GENERAL AGUIAR,Rua General Aguiar,R. Gal Aguiar,S,Via Pavimentada
1012,4316,RUA GENERAL AMERICANO FREIRE,Rua General Americano Freire,R. Gal Americano Freire,S,Via Pavimentada
1233,6238,RUA GENERAL ANTONIO SAMPAIO,Rua General Antônio Sampaio,R. Gal Antônio Sampaio,S,Via Pavimentada
1503,8494,RUA GENERAL ARTUR OSCAR,Rua General Artur Oscar,R. Gal Artur Oscar,S,Via Pavimentada
2084,13609,RUA GENERAL CAMARA,Rua General Câmara,R. Gal Camara,N,Via Não Pavimentada
118,14222,RUA GENERAL CANDIDO BORGES CASTELO BRANCO,Rua General Cândido Borges Castelo Branco,R. Gal Candido Borges Castelo Branco,S,Via Pavimentada
2205,15032,RUA GENERAL CARLOS LIRA,Rua General Carlos Lira,R. Gal Carlos Lira,P,Via Parcialmente Pavimentada
2383,16667,RUA GENERAL CHARLES DE GAULLE,Rua General Charles de Gaulle,R. Gal Charles de Gaulle,S,Via Pavimentada
9354,85251,RUA GENERAL CHRISTOVAM COLOMBO DE SOUZA,Rua General Christóvam Colombo de Souza,R. Gal Christovam Colombo de Souza,S,Via Pavimentada
2439,17051,RUA GENERAL COELHO CINTRA,Rua General Coelho Cintra,R. Gal Coelho Cintra,S,Via Pavimentada
2851,20761,RUA GENERAL EDSON AMANCIO RAMALHO,Rua General Edson Amancio Ramalho,R. Gal Edson Amancio Ramalho,P,Via Parcialmente Pavimentada
352,126853,RUA GENERAL ELLERY,RUA GENERAL ELLERY,R. Gal. Ellery,S,Via Pavimentada
3081,22926,RUA GENERAL ESTILAC LEAL,Rua General Estilac Leal,R. Gal Estilac Leal,S,Via Pavimentada
3332,25283,RUA GENERAL FRANCISCO FIGUEIROA,Rua General Francisco Figueiroa,R. Gal Francisco Figueiroa,S,Via Pavimentada
3494,26778,RUA GENERAL GOES MONTEIRO,Rua General Góes Monteiro,R. Gal Goes Monteiro,P,Via Parcialmente Pavimentada
3652,28339,RUA GENERAL GUIMARAES COVA,Rua General Guimarães Cova,R. Gal Guimaraes Cova,S,Via Pavimentada
10312,98752,RUA GENERAL HELIO DE ALBUQUERQUE MELLO,Rua General Hélio de Albuquerque Mello,R. Gal Hélio de Albuquerque Mello,N,Via Não Pavimentada
3749,29050,RUA GENERAL HILARIO GURJAO,Rua General Hilário Gurjão,R. Gal Hilario Gurjao,S,Via Pavimentada
4341,34703,RUA GENERAL JOAQUIM INACIO,Rua General Joaquim Inácio,R. Gal Joaquim Inacio,S,Via Pavimentada
6531,54631,RUA GENERAL JOSE SEMEAO,Rua General José Semeão,R. Gal José Semeao,S,Via Pavimentada
4664,37680,RUA GENERAL LABATUT,Rua General Labatut,R. Gal Labatut,S,Via Pavimentada
9509,86924,RUA GENERAL LEONIDAS DE LIMA BOTELHO,Rua General Leonidas de Lima Botelho,R. Gal Leonidas de Lima Botelho,S,Via Pavimentada
4926,39977,RUA GENERAL LUIS MALLET,Rua General Luis Mallet,R. Gal Luis Mallet,S,Via Pavimentada
5125,41840,RUA GENERAL MANUEL RABELO,Rua General Manuel Rabelo,R. Gal Manuel Rabelo,N,Via Não Pavimentada
5339,43893,RUA GENERAL MEIRA BARRETO,Rua General Meira Barreto,R. Gal Meira Barreto,S,Via Pavimentada
5350,43982,RUA GENERAL MENA BARRETO,Rua General Mena Barreto,R. Gal Mena Barreto,S,Via Pavimentada
6236,51985,RUA GENERAL POLIDORO,Rua General Polidoro,R. Gal Polidoro,S,Via Pavimentada
6391,53473,RUA GENERAL SALGADO,Rua General Salgado,R. Gal Salgado,S,Via Pavimentada
6688,56243,RUA GENERAL SOUZA DOCA,Rua General Souza Doca,R. Gal Souza Doca,P,Via Parcialmente Pavimentada
9056,81485,RUA GENERAL SOUZA GOMES,Rua General Souza Gomes,R. Gal Souza Gomes,N,Via Não Pavimentada
7403,62650,RUA GENERAL VALDEMAR ROCHA,Rua General Valdemar Rocha,R. Gal Valdemar Rocha,N,Via Não Pavimentada
7432,62936,RUA GENERAL VARGAS,Rua General Vargas,R. Gal Vargas,S,Via Pavimentada
9369,85430,RUA GENERAL VIRIATO DE MEDEIROS,Rua General Viriato de Medeiros,R. Gal Viriato de Medeiros,S,Via Pavimentada
7670,65463,RUA GENERAL XAVIER DE BARROS,Rua General Xavier de Barros,R. Gal Xavier de Barros,N,Via Não Pavimentada
806,2380,RUA GENESIO TEOFILO BEZERRA FILHO,Rua Genésio Teófilo Bezerra Filho,R. Genesio Teofilo Bezerra Filho,S,Via Pavimentada
3448,26336,RUA GENIBALDO VASCONCELOS TEIXEIRA,Rua Genibaldo Vasconcelos Teixeira,R. Genibaldo Vasconcelos Teixeira,P,Via Parcialmente Pavimentada
3450,26352,RUA GENTIL CARDOSO,Rua Gentil Cardoso,R. Gentil Cardoso,S,Via Pavimentada
11468,120278,RUA GEOLANDIA,Rua Geolândia,R. Geolandia,S,Via Pavimentada
10453,100862,RUA GEOLANDIA,Rua Geolândia,R. Geolandia,X,Não definida
60,99961,RUA GEORGE DE SOUZA PACHECO,Rua George de Souza Pacheco,R. George de Souza Pacheco,N,Via Não Pavimentada
11764,126110,RUA GEORGE LATACHE PIMENTEL JUNIOR,Rua George Latache Pimentel Júnior,R. George Latache Pimentel Júnior,N,Via Não Pavimentada
323,126721,RUA GERALDO DE MAGALHAES MELO,Rua Geraldo de Magalhães Melo,R. Geraldo de Magalhães Melo,S,Via Pavimentada
50,84891,RUA GERALDO GAMBOA,Rua Geraldo Gambôa,R. Geraldo Gambôa,N,Via Não Pavimentada
3459,26425,RUA GERALDO GONCALVES PEREIRA,Rua Geraldo Gonçalves Pereira,R. Geraldo Gonçalves Pereira,N,Via Não Pavimentada
3461,26441,RUA GERALDO PARAIBA,Rua Geraldo Paraíba,R. Geraldo Paraiba,N,Via Não Pavimentada
3464,26484,RUA GERINALDO ALVES,Rua Gerinaldo Alves,R. Gerinaldo Alves,S,Via Pavimentada
6831,57797,RUA GERMANO GUILHERME DA SILVA,Rua Germano Guilherme Da Silva,R. Germano Guilherme da Silva,N,Via Não Pavimentada
3465,26492,RUA GERONCIO FALCAO,Rua Gerôncio Falcão,R. Geroncio Falcao,S,Via Pavimentada
1054,4740,RUA GERSON BRITO DOS SANTOS,Rua Gerson Brito dos Santos,R. Gerson Brito Dos Santos,S,Via Pavimentada
3466,26506,RUA GERSON DE BARROS PINANGE,Rua Gerson de Barros Pinangé,R. Gerson de Barros Pinange,S,Via Pavimentada
7155,60712,RUA GERSON GOMES FERRAZ,Rua Gerson Gomes Ferraz,R. Gerson Gomes Ferraz,N,Via Não Pavimentada
3467,26514,RUA GERSON MONTEIRO DE LIMA,Rua Gerson Monteiro de Lima,R. Gerson Monteiro de Lima,N,Via Não Pavimentada
3469,26530,RUA GERVASIO CAMPELO,Rua Gervásio Campelo,R. Gervasio Campelo,P,Via Parcialmente Pavimentada
3470,26549,RUA GERVASIO FIORAVANTE,Rua Gervásio Fioravante,R. Gervasio Fioravante,S,Via Pavimentada
3471,26565,RUA GERVASIO PIRES,Rua Gervásio Pires,R. Gervasio Pires,S,Via Pavimentada
3473,26573,RUA GERVASIO SALES,Rua Gervásio Sales,R. Gervasio Sales,N,Via Não Pavimentada
8759,77950,RUA GESUINA MAGALHAES DE ANDRADE,Rua Gesuina Magalhães de Andrade,R. Gesuina Magalhães de Andrade,X,Não definida
6171,51365,RUA GETULIO VARGAS,Rua Getúlio Vargas,R. Getulio Vargas,N,Via Não Pavimentada
7925,68071,RUA GILBERTO GOUVEIA,Rua Gilberto Gouveia,R. Gilberto Gouveia,S,Via Pavimentada
3475,26603,RUA GIL CARNEIRO DA CUNHA,Rua Gil Carneiro da Cunha,R. Gil Carneiro da Cunha,S,Via Pavimentada
9249,83844,RUA GILDA DE ABREU,Rua Gilda de Abreu,R. Gilda de Abreu,S,Via Pavimentada
3477,26620,RUA GILDO NETO,Rua Gildo Neto,R. Gildo Neto,S,Via Pavimentada
3479,26646,RUA GILVANDRO SOARES,Rua Gilvandro Soares,R. Gilvandro Soares,N,Via Não Pavimentada
3480,26654,RUA GIMIRIM,Rua Gimirim,R. Gimirim,S,Via Pavimentada
10049,93963,RUA GIQUI,Rua Giqui,R. Giqui,S,Via Pavimentada
3482,26670,RUA GIRASOL,Rua Girasol,R. Girasol,S,Via Pavimentada
5226,136999,RUA GIRASSOL,Rua Girassol,R. Girassol,N,Via Não Pavimentada
3546,27235,RUA GIRASSOL,Rua Girassol,R. Girassol,P,Via Parcialmente Pavimentada
9687,88331,RUA GIRUA,Rua Giruá,R. Girua,S,Via Pavimentada
3478,26638,RUA GIVALDO MOTTA,Rua Givaldo Motta,R. Givaldo Motta,X,Não definida
9491,86770,RUA GLAUBER ROCHA,Rua Glauber Rocha,R. Glauber Rocha,N,Via Não Pavimentada
3486,26700,RUA GLAURA,Rua Glaura,R. Glaura,P,Via Parcialmente Pavimentada
3490,26743,RUA GLORIA DO GOITA,Rua Gloria do Goita,R. Gloria do Goita,S,Via Pavimentada
32,63371,RUA GLORINHA,Rua Glorinha,R. Glorinha,S,Via Pavimentada
8345,73113,RUA GLUCINIO,Rua Glucínio,R. Glucinio,S,Via Pavimentada
3495,26786,RUA GOIABEIRAS,Rua Goiabeiras,R. Goiabeiras,S,Via Pavimentada
3496,26794,RUA GOIALANDIA,Rua Goialândia,R. Goialandia,S,Via Pavimentada
3497,26808,RUA GOIANA,Rua Goiana,R. Goiana,S,Via Pavimentada
3502,26840,RUA GOIANDIRA,Rua Goiandira,R. Goiandira,S,Via Pavimentada
3504,26859,RUA GOIANESIA,Rua Goianésia,R. Goianesia,S,Via Pavimentada
3501,26832,RUA GOIANIA,Rua Goiânia,R. Goiania,N,Via Não Pavimentada
23,63380,RUA GOIANINHA,Rua Goianinha,R. Goianinha,X,Não definida
3505,26867,RUA GOIANIRA,Rua Goianira,R. Goianira,N,Via Não Pavimentada
8171,71170,RUA GOIANOPOLIS,Rua Goianópolis,R. Goianopolis,S,Via Pavimentada
3506,26883,RUA GOIAS,Rua Goiás,R. Goias,S,Via Pavimentada
5928,49182,RUA GOIATINS,Rua Goiatins,R. Goiatins,N,Via Não Pavimentada
9062,81604,RUA GOIATUBA,Rua Goiatuba,R. Goiatuba,S,Via Pavimentada
8885,79464,RUA GOITA,Rua Goitá,R. Goita,S,Via Pavimentada
7475,63363,RUA GOITACAZES,Rua Goitacazes,R. Goitacazes,X,Não definida
3510,26921,RUA GOLFINHO,Rua Golfinho,R. Golfinho,S,Via Pavimentada
3512,26956,RUA GOMES BEZERRA CAVALCANTI,Rua Gomes Bezerra Cavalcanti,R. Gomes Bezerra Cavalcanti,N,Via Não Pavimentada
3513,26964,RUA GOMES COUTINHO,Rua Gomes Coutinho,R. Gomes Coutinho,S,Via Pavimentada
3514,26980,RUA GOMES DE MATOS JUNIOR,Rua Gomes de Matos Júnior,R. Gomes de Matos Junior,S,Via Pavimentada
3516,26999,RUA GOMES DE MOURA,Rua Gomes de Moura,R. Gomes de Moura,N,Via Não Pavimentada
3491,26972,RUA GOMES FREIRE,Rua Gomes Freire,R. Gomes Freire,N,Via Não Pavimentada
3517,27006,RUA GOMES PACHECO,Rua Gomes Pacheco,R. Gomes Pacheco,S,Via Pavimentada
3519,27022,RUA GOMES TABORDA,Rua Gomes Taborda,R. Gomes Taborda,S,Via Pavimentada
3525,27065,RUA GONCALO LEITAO,Rua Goncalo Leitao,R. Goncalo Leitao,S,Via Pavimentada
3528,27090,RUA GONCALVES CRESPO,Rua Goncalves Crespo,R. Gonçalves Crespo,S,Via Pavimentada
3531,27120,RUA GONCALVES DE MAGALHAES,Rua Gonçalves de Magalhães,R. Gonçalves de Magalhães,S,Via Pavimentada
3529,27103,RUA GONCALVES DIAS,Rua Gonçalves Dias,R. Gonçalves Dias,S,Via Pavimentada
3530,27111,RUA GONCALVES LEDO,Rua Goncalves Ledo,R. Gonçalves Ledo,S,Via Pavimentada
3533,27138,RUA GONCALVES MAIA,Rua Gonçalves Maia,R. Gonçalves Maia,S,Via Pavimentada
3545,27227,RUA GOUVEIA DE BARROS,Rua Gouveia de Barros,R. Gouveia de Barros,S,Via Pavimentada
8575,75515,RUA GOUVELANDIA,Rua Gouvelândia,R. Gouvelandia,X,Não definida
2764,19925,RUA GOVERNADOR DIX SEPT ROSADO,Rua Governador Dix Sept Rosado,R. Gov Dix Sept Rosado,S,Via Pavimentada
4765,38571,RUA GOVERNADOR LEOPOLDO NEVES,Rua Governador Leopoldo Neves,R. Gov Leopoldo Neves,P,Via Parcialmente Pavimentada
4838,39349,RUA GOVERNADOR LOPO GARRO,Rua Governador Lopo Garro,R. Gov Lopo Garro,S,Via Pavimentada
9075,81680,RUA GOVERNADOR MOURA CAVALCANTI,Rua Governador Moura Cavalcanti,R. Gov Moura Cavalcanti,N,Via Não Pavimentada
5508,45403,RUA GOVERNADOR MUNIZ FALCAO,Rua Governador Muniz Falcão,R. Gov Muniz Falcao,S,Via Pavimentada
8332,72974,RUA GOVERNADOR SEABRA,Rua Governador Seabra,R. Gov Seabra,P,Via Parcialmente Pavimentada
7395,62596,RUA GOVERNADOR VALADARES,Rua Governador Valadares,R. Gov Valadares,N,Via Não Pavimentada
3547,27243,RUA GRACA ARANHA,Rua Graça Aranha,R. Graca Aranha,S,Via Pavimentada
3550,27260,RUA GRACILIANO CARDOSO,Rua Graciliano Cardoso,R. Graciliano Cardoso,S,Via Pavimentada
3553,27286,RUA GRACILIANO RAMOS,Rua Graciliano Ramos,R. Graciliano Ramos,S,Via Pavimentada
3558,27316,RUA GRAJAU,Rua Grajaú,R. Grajau,P,Via Parcialmente Pavimentada
3560,27332,RUA GRAMINEIA,Rua Gramineia,R. Gramineia,N,Via Não Pavimentada
3561,27340,RUA GRANADA,Rua Granada,R. Granada,X,Não definida
9281,85103,RUA GRANDE OTELO,Rua Grande Otelo,Rua Grande Otelo,S,Via Pavimentada
3562,27359,RUA GRANITO,Rua Granito,R. Granito,N,Via Não Pavimentada
3566,27383,RUA GRAO MOGOL,Rua Grão Mogol,R. Grao Mogol,S,Via Pavimentada
3567,27405,RUA GRASIELA,Rua Grasiela,R. Grasiela,S,Via Pavimentada
3568,27413,RUA GRATULIANO GLASNER,Rua Gratuliano Glasner,R. Gratuliano Glasner,S,Via Pavimentada
7823,67083,RUA GRAUNA,Rua Grauna,R. Grauna,N,Via Não Pavimentada
10990,113646,RUA GRAVATA,Rua Gravatá,R. Gravata,S,Via Pavimentada
3569,27421,RUA GRAVATA,Rua Gravatá,R. Gravata,S,Via Pavimentada
1712,10421,RUA GRAVATAI,Rua Gravataí,R. Gravatai,P,Via Parcialmente Pavimentada
5454,44903,RUA GREGORIO BEZERRA,Rua Gregório Bezerra,R. Gregorio Bezerra,S,Via Pavimentada
3573,27472,RUA GREGORIO JUNIOR,Rua Gregório Júnior,R. Gregorio Junior,S,Via Pavimentada
3579,27510,RUA GRENAL,Rua Grenal,R. Grenal,S,Via Pavimentada
3580,27529,RUA GRIJALVA COSTA,Rua Grijalva Costa,R. Grijalva Costa,S,Via Pavimentada
3582,27537,RUA GRINALDA,Rua Grinalda,R. Grinalda,N,Via Não Pavimentada
10375,99546,RUA GRISERIO,Rua Grisério,R. Griserio,N,Via Não Pavimentada
3583,27545,RUA GROSELIA,Rua Grosélia,R. Groselia,N,Via Não Pavimentada
11666,124729,RUA GROTAO,Rua Grotão,R. Grotão,S,Via Pavimentada
3585,27570,RUA GRUPIARA,Rua Grupiara,R. Grupiara,S,Via Pavimentada
10477,101230,RUA GUABIRABA,Rua Guabiraba,R. Guabiraba,S,Via Pavimentada
2619,18643,RUA GUACU,Rua Guacu,R. Guacu,N,Via Não Pavimentada
3588,27626,RUA GUADALAJARA,Rua Guadalajara,R. Guadalajara,S,Via Pavimentada
3587,27600,RUA GUADALUPE,Rua Guadalupe,R. Guadalupe,S,Via Pavimentada
8501,74616,RUA GUAI,Rua Guai,R. Guai,S,Via Pavimentada
3595,27685,RUA GUAIANAZES,Rua Guaianazes,R. Guaianazes,S,Via Pavimentada
3589,27642,RUA GUAIBA,Rua Guaiba,R. Guaiba,S,Via Pavimentada
3591,27650,RUA GUAICARA,Rua Guaiçara,R. Guaicara,S,Via Pavimentada
10273,97896,RUA GUAICUI,Rua Guaiçuí,R. Guaicui,S,Via Pavimentada
3593,27669,RUA GUAICURUS,Rua Guaicurus,R. Guaicurus,S,Via Pavimentada
3594,27677,RUA GUAIMBE,Rua Guaimbé,R. Guaimbe,S,Via Pavimentada
3596,27693,RUA GUAIRA,Rua Guaíra,R. Guaira,S,Via Pavimentada
9000,80861,RUA GUAIRACA,Rua Guairaca,R. Guairaca,S,Via Pavimentada
9765,89516,RUA GUAJA,Rua Guajá,R. Guaja,X,Não definida
264,84034,RUA GUAJARA,Rua Guajara,R. Guajara,P,Via Parcialmente Pavimentada
385,27723,RUA GUAMA,Rua Guama,R. Guama,S,Via Pavimentada
3598,27731,RUA GUAMARI,Rua Guamari,R. Guamari,S,Via Pavimentada
3600,27758,RUA GUANABARA,Rua Guanabara,R. Guanabara,S,Via Pavimentada
3602,27774,RUA GUANACES,Rua Guanacés,R. Guanaces,S,Via Pavimentada
3555,27766,RUA GUANAMBI,Rua Guanambi,R. Guanambi,P,Via Parcialmente Pavimentada
3603,27782,RUA GUAPE,Rua Guapé,R. Guape,S,Via Pavimentada
3605,27790,RUA GUAPIACU,Rua Guapiaçu,R. Guapiacu,N,Via Não Pavimentada
3606,27804,RUA GUAPIARA,Rua Guapiara,R. Guapiara,S,Via Pavimentada
3607,27812,RUA GUAPIMIRIM,Rua Guapimirim,R. Guapimirim,S,Via Pavimentada
9566,89184,RUA GUAPIRAMA,Rua Guapirama,R. Guapirama,N,Via Não Pavimentada
3608,27820,RUA GUAPO,Rua Guapo,R. Guapo,S,Via Pavimentada
1914,77542,RUA GUAPORANGA,Rua Guaporanga,R. Guaporanga,S,Via Pavimentada
2485,27839,RUA GUAPORE,Rua Guaporé,R. Guapore,X,Não definida
3609,27847,RUA GUAPOREMA,Rua Guaporema,R. Guaporema,S,Via Pavimentada
3610,27855,RUA GUAPUA,Rua Guapuá,R. Guapua,S,Via Pavimentada
3611,27863,RUA GUARABIRA,Rua Guarabira,R. Guarabira,P,Via Parcialmente Pavimentada
3612,27871,RUA GUARACI,Rua Guaraci,R. Guaraci,S,Via Pavimentada
3613,27880,RUA GUARACIABA,Rua Guaraciaba,R. Guaraciaba,S,Via Pavimentada
3745,29033,RUA GUARAI,Rua Guarai,R. Guarai,P,Via Parcialmente Pavimentada
3615,27901,RUA GUARAJA,Rua Guarajá,R. Guaraja,S,Via Pavimentada
3617,27910,RUA GUARAJUBA,Rua Guarajuba,R. Guarajuba,S,Via Pavimentada
158,31763,RUA GUARAMA,Rua Guarama,R. Guarama,N,Via Não Pavimentada
8961,80322,RUA GUARAMIRANGA,Rua Guaramiranga,R. Guaramiranga,S,Via Pavimentada
8909,79820,RUA GUARAMIRIM,Rua Guaramirim,R. Guaramirim,N,Via Não Pavimentada
3618,27928,RUA GUARANA,Rua Guaraná,R. Guarana,S,Via Pavimentada
3619,27936,RUA GUARANESIA,Rua Guaranesia,R. Guaranesia,S,Via Pavimentada
3621,27944,RUA GUARANI,Rua Guarani,R. Guarani,P,Via Parcialmente Pavimentada
3623,27952,RUA GUARANIACU,Rua Guaraniacu,R. Guaraniacu,S,Via Pavimentada
5224,42935,RUA GUARANIS,Rua Guaranis,R. Guaranis,N,Via Não Pavimentada
3626,27979,RUA GUARANTA,Rua Guaranta,R. Guaranta,S,Via Pavimentada
2068,13471,RUA GUARAPUA,Rua Guarapuá,R. Guarapua,X,Não definida
3629,28002,RUA GUARAQUEBACA,Rua Guaraquebaca,R. Guaraquebaca,S,Via Pavimentada
8106,70408,RUA GUARAREMA,Rua Guararema,R. Guararema,X,Não definida
656,1112,RUA GUARATIBA,Rua Guaratiba,R. Guaratiba,S,Via Pavimentada
3632,28037,RUA GUARATINGA,Rua Guaratinga,R. Guaratinga,P,Via Parcialmente Pavimentada
3633,28045,RUA GUARATINGUETA,Rua Guaratingueta,R. Guaratingueta,S,Via Pavimentada
3634,28053,RUA GUARATUBA,Rua Guaratuba,R. Guaratuba,S,Via Pavimentada
8341,73083,RUA GUARAUNA,Rua Guarauna,R. Guarauna,S,Via Pavimentada
5103,41807,RUA GUARDIAO MANOEL PACHECO,Rua Guardiao Manoel Pacheco,R. Guardiao Manoel Pacheco,P,Via Parcialmente Pavimentada
8311,72729,RUA GUAREMIRIM,Rua Guaremirim,R. Guaremirim,X,Não definida
8953,80241,RUA GUARITA,Rua Guarita,R. Guarita,S,Via Pavimentada
3639,28100,RUA GUARUJA,Rua Guarujá,R. Guaruja,S,Via Pavimentada
3640,28118,RUA GUARULHOS,Rua Guarulhos,R. Guarulhos,N,Via Não Pavimentada
9213,83313,RUA GUARUS,Rua Guarús,R. Guarus,N,Via Não Pavimentada
8666,76694,RUA GUATA,Rua Guatá,R. Guata,N,Via Não Pavimentada
3641,28134,RUA GUATAMBU,Rua Guatambu,R. Guatambu,S,Via Pavimentada
5990,49735,RUA GUATAPARA,Rua Guatapará,R. Guatapara,X,Não definida
17,28150,RUA GUATIMOZIM,Rua Guatimozim,R. Guatimozim,P,Via Parcialmente Pavimentada
11843,700797,RUA GUAXUPE,Rua Guaxupé,R. Guaxupe,S,Via Pavimentada
19,28177,RUA GUEDES ALCOFORADO,Rua Guedes Alcoforado,R. Guedes Alcoforado,S,Via Pavimentada
20,28185,RUA GUEDES PEREIRA,Rua Guedes Pereira,R. Guedes Pereira,S,Via Pavimentada
493,28193,RUA GUERRA DE HOLANDA,Rua Guerra de Holanda,R. Guerra de Holanda,P,Via Parcialmente Pavimentada
3814,29637,RUA GUERRA DOS MASCATES,Rua Guerra dos Mascates,R. Guerra Dos Mascates,N,Via Não Pavimentada
461,28207,RUA GUERRA JUNQUEIRO,Rua Guerra Junqueiro,R. Guerra Junqueiro,S,Via Pavimentada
148,28223,RUA GUIDO BONE,Rua Guido Bone,R. Guido Bone,S,Via Pavimentada
149,28231,RUA GUIDOVAL,Rua Guidoval,R. Guidoval,N,Via Não Pavimentada
145,28240,RUA GUILHERME DE ALMEIDA,Rua Guilherme de Almeida,R. Guilherme de Almeida,N,Via Não Pavimentada
146,28258,RUA GUILHERME DE ARAUJO,Rua Guilherme de Araújo,R. Guilherme de Araujo,S,Via Pavimentada
3645,28282,RUA GUILHERME MARCONI,Rua Guilherme Marcone,R. Guilherme Marcone,N,Via Não Pavimentada
3646,28290,RUA GUILHERME PINTO,Rua Guilherme Pinto,R. Guilherme Pinto,S,Via Pavimentada
11883,705497,RUA GUILHERME ALAZAR,Rua Guilherme Salazar,R. Guilherme Alazar,X,Não definida
10264,97748,RUA GUILHERME SALAZAR,Rua Guilherme Salazar,R. Guilherme Salazar,N,Via Não Pavimentada
3649,28312,RUA GUIMARAES,Rua Guimarães,R. Guimaraes,S,Via Pavimentada
3653,28347,RUA GUIMARAES PEIXOTO,Rua Guimarães Peixoto,R. Guimaraes Peixoto,S,Via Pavimentada
7907,67903,RUA GUIMARANIA,Rua Guimarânia,R. Guimarania,S,Via Pavimentada
3849,30031,RUA GUINE,Rua Guiné,R. Guine,N,Via Não Pavimentada
10035,93394,RUA GUINE BISSAL,Rua Guiné Bissal,R. Guine Bissal,N,Via Não Pavimentada
9005,80900,RUA GUIRABA,Rua Guiraba,R. Guiraba,S,Via Pavimentada
3657,28363,RUA GUIRAGIBE,Rua Guiragibe,R. Guiragibe,P,Via Parcialmente Pavimentada
8500,74608,RUA GUIRICEMA,Rua Guiricema,R. Guiricema,S,Via Pavimentada
11671,124761,RUA GURIATAN,Rua Guriatan,R. Guriatan,S,Via Pavimentada
9006,80918,RUA GURIU,Rua Guriu,R. Guriu,S,Via Pavimentada
2006,12890,RUA GURJAO,Rua Gurjão,R. Gurjao,S,Via Pavimentada
3661,28401,RUA GURJAU,Rua Gurjaú,R. Gurjau,P,Via Parcialmente Pavimentada
3663,28410,RUA GURUPA,Rua Gurupa,R. Gurupa,S,Via Pavimentada
3680,28428,RUA GURUPE,Rua Gurupé,R. Gurupe,N,Via Não Pavimentada
8573,75507,RUA GURUPE MIRIM,Rua Gurupé Mirim,R. Gurupé Mirim,S,Via Pavimentada
3681,28444,RUA GURUPI,Rua Gurupi,R. Gurupi,S,Via Pavimentada
3683,28460,RUA GUSTAVO BARROZO,Rua Gustavo Barrozo,R. Gustavo Barrozo,S,Via Pavimentada
10038,93424,RUA GUSTAVO CINTRA PASHAUS,Rua Gustavo Cintra Pashaus,R. Gustavo Cintra Pashaus,N,Via Não Pavimentada
9993,92479,RUA GUSTAVO DE SA BARRETO,Rua Gustavo de Sá Barreto,R. Gustavo de Sa Barreto,S,Via Pavimentada
3687,28487,RUA GUTEMBERG CAMPELO,Rua Gutemberg Campelo,R. Gutemberg Campelo,S,Via Pavimentada
11903,705810,RUA GUTI,Rua Guti,R. Guti,X,Não definida
2486,28495,RUA GUTIUBA,Rua Gutiúba,R. Gutiuba,S,Via Pavimentada
10283,98531,RUA GUY BASTOS JUNIOR,Rua Guy Bastos Júnior,R. Guy Bastos Júnior,S,Via Pavimentada
11862,701467,RUA H,Rua H,R. H,S,Via Pavimentada
3688,28509,RUA HAMILTON RIBEIRO,Rua Hamilton Ribeiro,R. Hamilton Ribeiro,S,Via Pavimentada
3691,28525,RUA HARRY BLACK,Rua Harry Black,R. Harry Black,N,Via Não Pavimentada
3692,28533,RUA HARRY LECA,Rua Harry Leca,R. Harry Leca,N,Via Não Pavimentada
144,28541,RUA HAVAI,Rua Havaí,R. Havai,S,Via Pavimentada
3650,28550,RUA HEIJI GEMBA,Rua Heiji Gemba,R. Heiji Gemba,S,Via Pavimentada
140,28568,RUA HEITOR MAIA,Rua Heitor Maia,R. Heitor Maia,S,Via Pavimentada
143,28576,RUA HEITOR MAIA FILHO,Rua Heitor Maia Filho,R. Heitor Maia Filho,S,Via Pavimentada
3695,28606,RUA HELENA DE LEMOS,Rua Helena de Lemos,R. Helena de Lemos,S,Via Pavimentada
4873,80772,RUA HELIA,Rua Hélia,R. Helia,N,Via Não Pavimentada
8900,79626,RUA HELIO ALMEIDA,Rua Hélio Almeida,R. Helio Almeida,S,Via Pavimentada
3696,28614,RUA HELIO BRANDAO,Rua Hélio Brandão,R. Helio Brandao,S,Via Pavimentada
3700,28657,RUA HELIOPOLIS,Rua Heliópolis,R. Heliopolis,S,Via Pavimentada
3701,28665,RUA HELVECIA,Rua Helvécia,R. Helvecia,S,Via Pavimentada
3702,28673,RUA HEMATITA,Rua Hematita,R. Hematita,S,Via Pavimentada
3704,28690,RUA HENRIQUE CAPITULINO,Rua Henrique Capitulino,R. Henrique Capitulino,S,Via Pavimentada
3706,28711,RUA HENRIQUE DIAS,Rua Henrique Dias,R. Henrique Dias,S,Via Pavimentada
3713,28762,RUA HENRIQUE MACHADO,Rua Henrique Machado,R. Henrique Machado,S,Via Pavimentada
3716,28797,RUA HENRIQUE MILET,Rua Henrique Milet,R. Henrique Milet,S,Via Pavimentada
3717,28800,RUA HENRIQUE MOREIRA,Rua Henrique Moreira,R. Henrique Moreira,S,Via Pavimentada
3718,28819,RUA HENRIQUE MOSER,Rua Henrique Moser,R. Henrique Moser,N,Via Não Pavimentada
3719,28827,RUA HENRIQUE PORTELA,Rua Henrique Portela,R. Henrique Portela,S,Via Pavimentada
3720,28835,RUA HENRIQUE RABELO,Rua Henrique Rabelo,R. Henrique Rabelo,P,Via Parcialmente Pavimentada
3722,28851,RUA HENRIQUETA TORREIRO,Rua Henriqueta Torreiro,R. Henriqueta Torreiro,P,Via Parcialmente Pavimentada
3709,28738,RUA HENRY KOSTER,Rua Henry Koster,R. Henry Koster,S,Via Pavimentada
3728,28886,RUA HERCILIA DE MEDEIROS,Rua Hercília de Medeiros,R. Hercilia de Medeiros,S,Via Pavimentada
3730,28894,RUA HERCILIO CUNHA,Rua Hercílio Cunha,R. Hercilio Cunha,S,Via Pavimentada
3731,28908,RUA HERCILIO DE REZENDE,Rua Hercílio de Rezende,R. Hercilio de Rezende,S,Via Pavimentada
3732,28916,RUA HERCILIO DE SOUZA,Rua Hercílio de Souza,R. Hercilio de Souza,S,Via Pavimentada
10525,101672,RUA HERCILIO TEXEIRA LINS,Rua Hercílio Teixeira Lins,R. Hercílio Teixeira Lins,N,Via Não Pavimentada
3733,28924,RUA HERCULANDIA,Rua Herculândia,R. Herculandia,N,Via Não Pavimentada
3736,28940,RUA HERCULES FLORENCE,Rua Hércules Florence,R. Hercules Florence,P,Via Parcialmente Pavimentada
3738,28967,RUA HERMES DA FONSECA,Rua Hermes da Fonseca,R. Hermes da Fonseca,S,Via Pavimentada
3740,28983,RUA HERMILIO BORBA FILHO,Rua Hermilio Borba Filho,R. Hermilio Borba Filho,S,Via Pavimentada
3739,28975,RUA HERMILIO GOMES,Rua Hermílio Gomes,R. Hermilio Gomes,P,Via Parcialmente Pavimentada
3741,28991,RUA HERMINIA LINS,Rua Hermínia Lins,R. Herminia Lins,S,Via Pavimentada
3743,29017,RUA HERMOGENES DE MORAIS,Rua Hermógenes de Morais,R. Hermogenes de Morais,S,Via Pavimentada
11911,707040,RUA HERVAL D OESTE,Rua Herval D`Oeste,R. erval D`Oeste,N,Via Não Pavimentada
3031,22543,RUA HERVAL SECO,Rua Herval Seco,R. Herval Seco,S,Via Pavimentada
3746,29041,RUA HIDROLANDIA,Rua Hidrolândia,R. Hidrolandia,S,Via Pavimentada
3750,29068,RUA HIDROLINA,Rua Hidrolina,R. Hidrolina,S,Via Pavimentada
10240,97233,RUA HILCA MACHADO,Rua Hilca Machado,R. Hilca Machado,S,Via Pavimentada
11726,125482,RUA HINGA,Rua Hingá,R. Hingá,S,Via Pavimentada
3756,29106,RUA HIPOLITO BRAGA,Rua Hipólito Braga,R. Hipolito Braga,S,Via Pavimentada
5414,44601,RUA HIRAN DE LIMA PEREIRA,Rua Hiran de Lima Pereira,R. Hiran de Lima Pereira,S,Via Pavimentada
4356,34800,RUA HISBELO CAMPOS,Rua Hisbelo Campos,R. Hisbelo Campos,S,Via Pavimentada
7956,68497,RUA HISTORIAD FERNANDO PIO,Rua Historiad Fernando Pio,R. Hist Fernando Pio,N,Via Não Pavimentada
4386,35033,AV HISTORIAD JORDAO EMERENCIANO,Rua Historiador Jordão Emerenciano,Av Hist.  Jordão Emerenciano,P,Via Parcialmente Pavimentada
10194,96490,RUA HISTORIADOR LUIZ DO NASCIMENTO,Rua Historiador Luiz do Nascimento,R. Hist Luiz do Nascimento,S,Via Pavimentada
3759,29122,RUA HOEL SETTE,Rua Hoel Sette,R. Hoel Sette,S,Via Pavimentada
3761,29149,RUA HOLMES FONTES,Rua Holmes Fontes,R. Holmes Fontes,S,Via Pavimentada
3768,29203,RUA HONORIO CORREA,Rua Honório Corrêia,R. Honório Corrêia,S,Via Pavimentada
9507,86916,RUA HONORIO DE SOUZA,Rua Honorio de Souza,R. Honorio de Souza,N,Via Não Pavimentada
3770,29220,RUA HONOROPOLIS,Rua Honorópolis,R. Honoropolis,S,Via Pavimentada
3773,29246,RUA HORACIO CAHU,Rua Horácio Cahu,R. Horacio Cahu,S,Via Pavimentada
10424,100560,RUA HORACIO FRANCA,Rua Horácio França,R. Horacio Franca,N,Via Não Pavimentada
3776,29270,RUA HORACIO SALDANHA,Rua Horacio Saldanha,R. Horacio Saldanha,N,Via Não Pavimentada
3777,29289,RUA HORACIO SILVA,Rua Horácio Silva,R. Horacio Silva,S,Via Pavimentada
8511,74756,RUA HORIZONTE,Rua Horizonte,R. Horizonte,S,Via Pavimentada
11412,119059,RUA HORIZONTE,Rua Horizonte,R. Horizonte,N,Via Não Pavimentada
6226,51918,RUA HORIZONTINA,Rua Horizontina,R. Horizontina,P,Via Parcialmente Pavimentada
11868,701572,RUA HORTELA,Rua Hortelã,R. Hortelã,X,Não definida
482,29327,RUA HORTELA,Rua Hortelã,R. Hortelã,S,Via Pavimentada
9528,87114,RUA HORTENCIA,Rua Hortência,R. Hortencia,N,Via Não Pavimentada
3784,29343,RUA HORTOLANDIA,Rua Hortolandia,R. Hortolandia,N,Via Não Pavimentada
3785,29351,RUA HUGO CARNEIRO,Rua Hugo Carneiro,R. Hugo Carneiro,N,Via Não Pavimentada
3786,29360,RUA HUGO DE CARVALHO,Rua Hugo de Carvalho,R. Hugo de Carvalho,S,Via Pavimentada
3787,29378,RUA HUGO NAPOLEAO,Rua Hugo Napoleão,R. Hugo Napoleao,P,Via Parcialmente Pavimentada
3779,29300,RUA HULHA NEGRA,Rua Hulha Negra,R. Hulha Negra,N,Via Não Pavimentada
3789,29394,RUA HUMAITA,Rua Humaitá,R. Humaita,S,Via Pavimentada
7930,68128,RUA HUMBERTO ALBUQUERQUE CAMARA NETO,Rua Humberto Albuquerque Câmara Neto,R. Humberto Albuquerque Camara Neto,S,Via Pavimentada
3791,29416,RUA HUMBERTO CARNEIRO,Rua Humberto Carneiro,R. Humberto Carneiro,S,Via Pavimentada
3790,29408,RUA HUMBERTO DE CAMPOS,Rua Humberto de Campos,R. Humberto de Campos,P,Via Parcialmente Pavimentada
3793,29440,RUA IAPU,Rua Iapu,R. Iapu,P,Via Parcialmente Pavimentada
5786,47961,RUA IARA,Rua Iara,R. Iara,X,Não definida
3795,29467,RUA IARA CRISTINA,Rua Iara Cristina,R. Iara Cristina,P,Via Parcialmente Pavimentada
10304,98671,RUA IBATE,Rua Ibaté,R. Ibate,S,Via Pavimentada
9317,84581,RUA IBATEGUARA,Rua Ibateguara,R. Ibateguara,S,Via Pavimentada
10803,111252,RUA IBIA,Rua Ibia,Rua Ibia,X,Não definida
3798,29491,RUA IBIA,Rua Ibiá,R. Ibia,S,Via Pavimentada
9689,88358,RUA IBIACA,Rua Ibiaçá,R. Ibiaca,S,Via Pavimentada
9003,80888,RUA IBIACI,Rua Ibiaci,R. Ibiaci,S,Via Pavimentada
9690,88366,RUA IBIACU,Rua Ibiaçu,R. Ibiacu,S,Via Pavimentada
3800,29513,RUA IBIAPABA,Rua Ibiapaba,R. Ibiapaba,N,Via Não Pavimentada
3801,29521,RUA IBIAPINA,Rua Ibiapina,R. Ibiapina,S,Via Pavimentada
9007,80926,RUA IBIAPORA,Rua Ibiapora,R. Ibiapora,S,Via Pavimentada
3804,29548,RUA IBIARA,Rua Ibiara,R. Ibiara,S,Via Pavimentada
9624,87610,RUA IBICARAI,Rua Ibicaraí,R. Ibicarai,X,Não definida
9009,80942,RUA IBICARE,Rua Ibicare,R. Ibicare,S,Via Pavimentada
3805,29556,RUA IBICARI,Rua Ibicari,R. Ibicari,S,Via Pavimentada
9010,80950,RUA IBICOARA,Rua Ibicoara,R. Ibicoara,S,Via Pavimentada
9012,80977,RUA IBICUI,Rua Ibicui,R. Ibicui,P,Via Parcialmente Pavimentada
3806,29564,RUA IBIMIRIM,Rua Ibimirim,R. Ibimirim,P,Via Parcialmente Pavimentada
3808,29572,RUA IBIPITUBA,Rua Ibipituba,R. Ibipituba,S,Via Pavimentada
10294,98264,RUA IBIPORA,Rua Ibiporã,R. Ibipora,N,Via Não Pavimentada
9011,80969,RUA IBIPORANGA,Rua Ibiporanga,R. Ibiporanga,P,Via Parcialmente Pavimentada
9013,80985,RUA IBIRA,Rua Ibira,R. Ibira,S,Via Pavimentada
9014,80993,RUA IBIRACI,Rua Ibiraci,R. Ibiraci,S,Via Pavimentada
9015,81000,RUA IBIRACU,Rua Ibiracu,R. Ibiracu,P,Via Parcialmente Pavimentada
9016,81019,RUA IBIRAJA,Rua Ibirajá,R. Ibiraja,S,Via Pavimentada
9018,81027,RUA IBIRAJUBA,Rua Ibirajuba,R. Ibirajuba,P,Via Parcialmente Pavimentada
9747,89265,RUA IBIRAMA,Rua Ibirama,R. Ibirama,P,Via Parcialmente Pavimentada
3810,29599,RUA IBIRANA,Rua Ibirana,R. Ibirana,P,Via Parcialmente Pavimentada
9019,81035,RUA IBIRANGA,Rua Ibiranga,R. Ibiranga,P,Via Parcialmente Pavimentada
9020,81043,RUA IBIRAPUA,Rua Ibirapua,R. Ibirapua,P,Via Parcialmente Pavimentada
9021,81051,RUA IBIRATINGA,Rua Ibiratinga,R. Ibiratinga,P,Via Parcialmente Pavimentada
3811,29602,RUA IBIRITE,Rua Ibirité,R. Ibirite,S,Via Pavimentada
9022,81060,RUA IBITIARA,Rua Ibitiara,R. Ibitiara,P,Via Parcialmente Pavimentada
9023,81078,RUA IBITIGUARA,Rua Ibitiguara,R. Ibitiguara,P,Via Parcialmente Pavimentada
9663,89052,RUA IBITINGA,Rua Ibitinga,R. Ibitinga,S,Via Pavimentada
9024,81086,RUA IBITIRANGA,Rua Ibitiranga,R. Ibitiranga,P,Via Parcialmente Pavimentada
8384,73539,RUA IBITITA,Rua Ibitita,R. Ibitita,X,Não definida
9245,83798,RUA IBIUNA,Rua Ibiúna,R. Ibiuna,N,Via Não Pavimentada
3818,29688,RUA ICANA,Rua Icana,R. Icana,P,Via Parcialmente Pavimentada
3819,29696,RUA ICAPO,Rua Icapó,R. Icapo,N,Via Não Pavimentada
3820,29718,RUA ICARAI,Rua Icaraí,R. Icarai,N,Via Não Pavimentada
3821,29726,RUA ICO,Rua Icó,R. Ico,N,Via Não Pavimentada
9422,85928,RUA ICONHA,Rua Iconha,R. Iconha,N,Via Não Pavimentada
3822,29734,RUA IDA,Rua Ida,R. Ida,S,Via Pavimentada
3823,29742,RUA IDA MARIA,Rua Ida Maria,R. Ida Maria,S,Via Pavimentada
3825,29769,RUA IDEAL,Rua Ideal,R. Ideal,S,Via Pavimentada
3827,29785,RUA IGACY,Rua Igacy,R. Igacy,X,Não definida
5148,42099,RUA IGARA,Rua Igará,R. Igara,S,Via Pavimentada
8629,76171,RUA IGARAPE,Rua Igarapé,R. Igarape,S,Via Pavimentada
9025,81094,RUA IGARAPEBA,Rua Igarapeba,R. Igarapeba,S,Via Pavimentada
3832,29831,RUA IGARASSU,Rua Igarassu,R. Igarassu,S,Via Pavimentada
9808,90077,RUA IGARATINGA,Rua Igaratinga,R. Igaratinga,N,Via Não Pavimentada
11543,121215,RUA IGREJA MARANATA,Rua Igreja Maranatá,R. Igreja Maranata,S,Via Pavimentada
9394,85677,RUA IGUA,Rua Iguá,R. Igua,X,Não definida
3933,30783,RUA IGUACU,Rua Iguaçu,R. Iguaçu,N,Via Não Pavimentada
141,29874,RUA IGUAI,Rua Iguai,R. Iguai,X,Não definida
9987,92436,RUA IGUAPE,Rua Iguapé,R. Iguape,S,Via Pavimentada
3835,29904,RUA IGUARACI,Rua Iguaraci,R. Iguaraci,S,Via Pavimentada
3837,29920,RUA IGUATAMA,Rua Iguatama,R. Iguatama,S,Via Pavimentada
3840,29939,RUA IGUATU,Rua Iguatu,R. Iguatu,P,Via Parcialmente Pavimentada
2649,18945,RUA IJACI,Rua Ijaci,R. Ijaci,N,Via Não Pavimentada
3841,29947,RUA IJUI,Rua Ijui,R. Ijui,S,Via Pavimentada
3843,29955,RUA ILDEFONSO ARAUJO DO REGO,Rua Ildefonso Araujo do Rego,R. Ildefonso Araujo do Rego,S,Via Pavimentada
3844,29963,RUA ILDEFONSO LOPES,Rua Ildefonso Lopes,R. Ildefonso Lopes,S,Via Pavimentada
3845,29971,RUA ILDEFONSO MAGNO,Rua Ildefonso Magno,R. Ildefonso Magno,S,Via Pavimentada
3780,29319,RUA ILEXUINA,Rua Ilexuina,R. Ilexuina,N,Via Não Pavimentada
3846,29980,RUA ILHABELA,Rua Ilhabela,R. Ilhabela,X,Não definida
3816,29661,RUA ILHA DO TEMPORAL,Rua Ilha do Temporal,R. Ilha do Temporal,S,Via Pavimentada
3847,30015,RUA ILHEUS,Rua Ilheus,R. Ilheus,S,Via Pavimentada
3848,30023,RUA ILHOTA,Rua Ilhota,R. Ilhota,N,Via Não Pavimentada
9217,83364,RUA ILICINEA,Rua Ilicinea,R. Ilicinea,N,Via Não Pavimentada
3754,29084,RUA ILOPOLIS,Rua Ilopolis,R. Ilopolis,S,Via Pavimentada
3850,30040,RUA IMACULADA,Rua Imaculada,R. Imaculada,S,Via Pavimentada
3854,30074,RUA IMBIRIBA,Rua Imbiriba,R. Imbiriba,S,Via Pavimentada
3855,30082,RUA IMBITUBA,Rua Imbituba,R. Imbituba,N,Via Não Pavimentada
6056,50393,RUA IMPERADOR DOM PEDRO II,Rua Imperador Dom Pedro II,R. Imperador Dom Pedro II,S,Via Pavimentada
7151,60682,RUA IMPERATRIZ TEREZA CRISTINA,Rua Imperatriz Tereza Cristina,R. Imperatriz Tereza Cristina,S,Via Pavimentada
3857,30104,RUA IMPERIAL,Rua Imperial,R. Imperial,S,Via Pavimentada
11786,127060,RUA INACIO CORDEIRO DO NASCIMENTO,RUA INÁCIO CORDEIRO DO NASCIMENTO,R. Inácio Cordeiro do Nascimento,S,Via Pavimentada
3863,30155,RUA INACIO GALVAO DOS SANTOS,Rua Inácio Galvão dos Santos,R. Inacio Galvão dos Santos,S,Via Pavimentada
3865,30171,RUA INACIO LEOPOLDO,Rua Inacio Leopoldo,R. Inacio Leopoldo,S,Via Pavimentada
3870,30198,RUA INACIO QUATY,Rua Inácio Quaty,R. Inacio Quaty,N,Via Não Pavimentada
3871,30201,RUA INAJA,Rua Inajá,R. Inaja,S,Via Pavimentada
3872,30210,RUA INALDO BARTOLOMEU DE CARVALHO,Rua Inaldo Bartolomeu de Carvalho,R. Inaldo Bartolomeu de Carvalho,S,Via Pavimentada
282,89028,RUA INCONFIDENCIA,Rua Inconfidência,R. Inconfidencia,N,Via Não Pavimentada
3873,30236,RUA INCONFIDENTES,Rua Inconfidentes,R. Inconfidentes,S,Via Pavimentada
9026,81108,RUA INDAIA DO SUL,Rua Indaiá do Sul,R. Indaia do Sul,S,Via Pavimentada
9751,89303,RUA INDAIAL,Rua Indaial,R. Indaial,N,Via Não Pavimentada
643,1023,RUA INDEPENDENCIA,Rua Independência,R. Independencia,S,Via Pavimentada
3875,30260,RUA INDIANOPOLIS,Rua Indianopolis,R. Indianopolis,S,Via Pavimentada
10036,93408,RUA INDIO CATUPIRI,Rua Índio Catupiri,R. Indio Catupiri,N,Via Não Pavimentada
9563,87505,RUA INDUSTRIAL ANTONIO CARLOS MENEZES,Rua Industrial Antônio Carlos Menezes,R. Industrial Antônio Carlos Menezes,S,Via Pavimentada
9670,88153,RUA INDUSTRIAL JOSE PAULO ALIMONDA,Rua Industrial José Paulo Alimonda,R. Industrial José Paulo Alimonda,P,Via Parcialmente Pavimentada
3880,30317,RUA INES DE CASTRO,Rua Inês de Castro,R. Inês de Castro,S,Via Pavimentada
11675,124893,RUA INES DE CASTRO,Rua Inês de Castro,R.Inês de Castro,N,Via Não Pavimentada
3881,30325,RUA INES MATUTINA,Rua Inês Matutina,R. Ines Matutina,N,Via Não Pavimentada
3708,28720,RUA INF DOM HENRIQUE,Rua Infante Dom Henrique,R. Inf. Dom Henrique,X,Não definida
3882,30333,RUA INGA,Rua Ingá,R. Inga,S,Via Pavimentada
3885,30350,RUA INHAMUNS,Rua Inhamuns,R. Inhamuns,P,Via Parcialmente Pavimentada
9318,84603,RUA INHAPI,Rua Inhapi,R. Inhapi,N,Via Não Pavimentada
3888,30384,RUA INOCENCIO SILVA,Rua Inocêncio Silva,R. Inocencio Silva,S,Via Pavimentada
11832,700398,RUA INTERLANDIA,Rua Interlândia,R. Interlandia,P,Via Parcialmente Pavimentada
3018,22438,RUA INVESTIGAD ERALDO PERREIRA VIANA,Rua Investigador Eraldo Pereira Viana,R. Investigad Eraldo Pereira Viana,N,Via Não Pavimentada
47,84875,RUA INVESTIGAD JOSE DE CARVALHO,Rua Investigador José de Carvalho,R. Invest. José de Carvalho,N,Via Não Pavimentada
3892,30414,RUA IOBI,Rua Iobi,R. Iobi,S,Via Pavimentada
1175,5720,RUA IOLANDA RODRIGUES SOBRAL,Rua Iolanda Rodrigues Sobral,R. Iolanda Rodrigues Sobral,N,Via Não Pavimentada
3893,30422,RUA IPAMERI,Rua Ipameri,R. Ipameri,N,Via Não Pavimentada
3894,30430,RUA IPANEMA,Rua Ipanema,R. Ipanema,P,Via Parcialmente Pavimentada
3896,30449,RUA IPATINGA,Rua Ipatinga,R. Ipatinga,P,Via Parcialmente Pavimentada
3898,30465,RUA IPINIRAS,Rua Ipiniras,R. Ipiniras,S,Via Pavimentada
3900,30481,RUA IPITANGA,Rua Ipitanga,R. Ipitanga,S,Via Pavimentada
9809,90085,RUA IPOEMA,Rua Ipoema,R. Ipoema,N,Via Não Pavimentada
3902,30490,RUA IPOJUCA,Rua Ipojuca,R. Ipojuca,P,Via Parcialmente Pavimentada
3903,30503,RUA IPOMEIA,Rua Ipoméia,R. Ipomeia,N,Via Não Pavimentada
3904,30511,RUA IPORA,Rua Ipora,R. Ipora,N,Via Não Pavimentada
3905,30520,RUA IPUA,Rua Ipuá,R. Ipua,S,Via Pavimentada
483,30538,RUA IPUBI,Rua Ipubi,R. Ipubi,S,Via Pavimentada
3906,30546,RUA IRACEMA,Rua Iracema,R. Iracema,S,Via Pavimentada
4115,32689,RUA IRACEMA,Rua Iracema,R. Iracema,S,Via Pavimentada
3907,30554,RUA IRACEMA GUERRA,Rua Iracema Guerra,R. Iracema Guerra,X,Não definida
3908,30562,RUA IRAGUACU,Rua Iraguaçu,R. Iraguacu,N,Via Não Pavimentada
9952,91855,RUA IRAI DE MINAS,Rua Iraí de Minas,R. Irai de Minas,S,Via Pavimentada
3918,30627,RUA IRAKITAN,Rua Irakitan,R. Irakitan,S,Via Pavimentada
8587,75663,RUA IRAMAIA,Rua Iramaia,R. Iramaia,S,Via Pavimentada
9465,86436,RUA IRANDUBA,Rua Iranduba,R. Iranduba,N,Via Não Pavimentada
2857,20818,RUA IRANGAR,Rua Irangar,R. Irangar,S,Via Pavimentada
499,31720,RUA IRANI,Rua Irani,R. Irani,N,Via Não Pavimentada
3917,30619,RUA IRANI,Rua Irani,R. Irani,S,Via Pavimentada
3899,30473,RUA IRAPIRANGA,Rua Irapiranga,R. Irapiranga,S,Via Pavimentada
9641,87807,RUA IRAPORE,Rua Iraporé,R. Irapore,S,Via Pavimentada
3920,30660,RUA IRAPUA,Rua Irapuã,R. Irapua,N,Via Não Pavimentada
3921,30678,RUA IRAPUA,Rua Irapuã,R. Irapua,S,Via Pavimentada
9810,90093,RUA IRATAMA,Rua Iratama,R. Iratama,N,Via Não Pavimentada
9811,90107,RUA IRATI,Rua Irati,R. Irati,S,Via Pavimentada
9027,81116,RUA IRATINGA,Rua Iratinga,R. Iratinga,S,Via Pavimentada
3922,30686,RUA IRECE,Rua Irecê,R. Irece,S,Via Pavimentada
3923,30694,RUA IRENE RAMOS GOMES DE MATTOS,Rua Irene Ramos Gomes de Mattos,R. Irene Ramos Gomes de Mattos,S,Via Pavimentada
10189,96377,RUA IRENE SILVA MAIA,Rua Irene Silva Maia,R. Irene Silva Maia,N,Via Não Pavimentada
77,126527,RUA IRLANDA,RUA IRLANDA,R. IRLANDA,N,Via Não Pavimentada
1028,4480,RUA IRMA ANA BRIGIDA,Rua Irmã Ana Brígida,R. Irma Ana Brigida,S,Via Pavimentada
4858,39551,RUA IRMA LUCIA,Rua Irmã Lúcia,R. Irma Lucia,S,Via Pavimentada
5177,42366,RUA IRMA MARIA ARGEMIRA,Rua Irmã Maria Argemira,R. Irma Maria Argemira,S,Via Pavimentada
506,42714,RUA IRMA MARIA DA PAZ,Rua Irma Maria da Paz,R. Irma Maria da Paz,S,Via Pavimentada
5196,42544,RUA IRMA MARIA DAVID,Rua Irmã Maria David,R. Irma Maria David,S,Via Pavimentada
6169,51349,RUA IRMA MARIA EVANGELISTA,Rua Irma Maria Evangelista,R. Irma Maria Evangelista,S,Via Pavimentada
2531,17795,RUA IRUPI,Rua Irupi,R. Irupi,N,Via Não Pavimentada
3924,30708,RUA ISAAC BURIL,Rua Isaac Buril,R. Isaac Buril,S,Via Pavimentada
3925,30716,RUA ISAAC MARKMAN,Rua Isaac Markman,R. Isaac Markman,P,Via Parcialmente Pavimentada
3927,30724,RUA ISAAC SALAZAR,Rua Isaac Salazar,R. Isaac Salazar,S,Via Pavimentada
9515,86975,RUA ISAIAS BORBA DA COSTA,Rua Isaías Borba da Costa,R. Isaias Borba da Costa,N,Via Não Pavimentada
6133,51047,RUA ISAURA GOMES,Rua Isaura Gomes,R. Isaura Gomes,S,Via Pavimentada
10401,100145,RUA ISIS DIAS DE OLIVEIRA,Rua Isis Dias de Oliveira,R Isis Dias de Oliveira,S,Via Pavimentada
10110,94943,RUA ISRAEL FELIPE LINS,Rua Israel Felipe Lins,R. Israel Felipe Lins,X,Não definida
3929,30740,RUA ISRAEL FONSECA,Rua Israel Fonseca,R. Israel Fonseca,S,Via Pavimentada
9990,92452,RUA ISRAEL LIMA DE OLIVEIRA CASTRO,Rua Israel Lima de Oliveira Castro,R. Israel Lima de Oliveira Castro,S,Via Pavimentada
7349,68225,RUA ITABAIANA,Rua Itabaiana,R. Itabaiana,S,Via Pavimentada
9759,89362,RUA ITABAPOANA,Rua Itabapoana,R. Itabapoana,N,Via Não Pavimentada
9807,90069,RUA ITABERA,Rua Itabera,R. Itabera,S,Via Pavimentada
3932,30775,RUA ITABERABA,Rua Itaberaba,R. Itaberaba,S,Via Pavimentada
3934,30791,RUA ITABI,Rua Itabi,R. Itabi,S,Via Pavimentada
3935,30805,RUA ITABIRA,Rua Itabira,R. Itabira,N,Via Não Pavimentada
3937,30813,RUA ITABORA,Rua Itabora,R. Itabora,S,Via Pavimentada
10476,101222,RUA ITABORAI,Rua Itaboraí,R. Itaborai,X,Não definida
3914,30848,RUA ITABUNA,Rua Itabuna,R. Itabuna,S,Via Pavimentada
3915,30856,RUA ITACAJA,Rua Itacajá,R. Itacaja,S,Via Pavimentada
3916,30864,RUA ITACAMBIRA,Rua Itacambira,R. Itacambira,P,Via Parcialmente Pavimentada
3939,30872,RUA ITACARE,Rua Itacare,R. Itacare,P,Via Parcialmente Pavimentada
3941,30880,RUA ITACARI,Rua Itacari,R. Itacari,S,Via Pavimentada
3942,30899,RUA ITACOLOMIS,Rua Itacolomis,R. Itacolomis,S,Via Pavimentada
9790,89877,RUA ITACURABA,Rua Itacuraba,R. Itacuraba,N,Via Não Pavimentada
3943,30910,RUA ITAGI,Rua Itagi,R. Itagi,N,Via Não Pavimentada
3944,30929,RUA ITAGIBA,Rua Itagibá,R. Itagiba,S,Via Pavimentada
10029,93327,RUA ITAGUAI,Rua Itaguaí,R. Itaguai,N,Via Não Pavimentada
9741,89206,RUA ITAGUAJE,Rua Itaguaje,R. Itaguaje,N,Via Não Pavimentada
9686,88323,RUA ITAGUARA,Rua Itaguara,R. Itaguara,X,Não definida
4012,31526,RUA ITAGUATIARA,Rua Itaguatiara,R. Itaguatiara,S,Via Pavimentada
8034,69663,RUA ITAGUATINS,Rua Itaguatins,R. Itaguatins,S,Via Pavimentada
3947,30953,RUA ITAI,Rua Itai,R. Itai,N,Via Não Pavimentada
3948,30961,RUA ITAIBA,Rua Itaiba,R. Itaiba,S,Via Pavimentada
5763,47767,RUA ITAIBO,Rua Itaibó,R. Itaibo,S,Via Pavimentada
9813,90123,RUA ITAICABA,Rua Itaicaba,R. Itaicaba,P,Via Parcialmente Pavimentada
3949,30988,RUA ITAICUBA,Rua Itaiçuba,R. Itaicuba,P,Via Parcialmente Pavimentada
3950,30996,RUA ITAIMBE,Rua Itaimbé,R. Itaimbe,S,Via Pavimentada
9473,86576,RUA ITAINOPOLIS,Rua Itainópolis,R. Itainopolis,N,Via Não Pavimentada
3952,31011,RUA ITAIOPOLIS,Rua Itaiopolis,R. Itaiopolis,S,Via Pavimentada
9656,87920,RUA ITAIOPOLIS,Rua Itaiópolis,R. Itaiopolis,S,Via Pavimentada
8632,76244,RUA ITAJACY,Rua Itajacy,R. Itajacy,S,Via Pavimentada
3954,31046,RUA ITAJAI,Rua Itajaí,R. Itajai,S,Via Pavimentada
3955,31054,RUA ITAJARA,Rua Itajara,R. Itajara,S,Via Pavimentada
3957,31062,RUA ITAJOBI,Rua Itajobi,R. Itajobi,S,Via Pavimentada
4021,31623,RUA ITAJUBA,Rua Itajubá,R. Itajuba,S,Via Pavimentada
11231,116840,RUA ITAJUBA,Rua Itajubá,R. Itajuba,N,Via Não Pavimentada
9742,89214,RUA ITAJUIPE,Rua Itajuipe,R. Itajuipe,N,Via Não Pavimentada
9798,90131,RUA ITAJUTIBA,Rua Itajutiba,R. Itajutiba,S,Via Pavimentada
3959,31089,RUA ITALACY,Rua Italacy,R. Italacy,P,Via Parcialmente Pavimentada
3960,31097,RUA ITALIA,Rua Itália,R. Italia,N,Via Não Pavimentada
3961,31100,RUA ITALIANA,Rua Italiana,R. Italiana,N,Via Não Pavimentada
3963,31127,RUA ITAMARACA,Rua Itamaracá,R. Itamaraca,N,Via Não Pavimentada
3966,31143,RUA ITAMARATI,Rua Itamarati,R. Itamarati,S,Via Pavimentada
8947,80179,RUA ITAMARI,Rua Itamari,R. Itamari,N,Via Não Pavimentada
3967,31151,RUA ITAMIRIM,Rua Itamirim,R. Itamirim,N,Via Não Pavimentada
3968,31160,RUA ITAMOGI,Rua Itamogi,R. Itamogi,S,Via Pavimentada
3969,31178,RUA ITAMONTE,Rua Itamonte,R. Itamonte,S,Via Pavimentada
3970,31186,RUA ITANAGE,Rua Itanagé,R. Itanage,S,Via Pavimentada
3972,31208,RUA ITANHANDU,Rua Itanhandu,R. Itanhandu,P,Via Parcialmente Pavimentada
3973,31216,RUA ITANHENGA,Rua Itanhenga,R. Itanhenga,S,Via Pavimentada
3976,31224,RUA ITAPAGE,Rua Itapagé,R. Itapage,X,Não definida
3977,31232,RUA ITAPAGIPE,Rua Itapagipe,R. Itapagipe,N,Via Não Pavimentada
6582,55107,RUA ITAPARICA,Rua Itaparica,R. Itaparica,S,Via Pavimentada
3979,31259,RUA ITAPE,Rua Itape,R. Itape,X,Não definida
3981,31275,RUA ITAPECERICA,Rua Itapecerica,R. Itapecerica,S,Via Pavimentada
3980,31267,RUA ITAPECIRICA,Rua Itapecirica,R. Itapecirica,N,Via Não Pavimentada
3982,31283,RUA ITAPEJARA,Rua Itapejara,R. Itapejara,N,Via Não Pavimentada
3983,31305,RUA ITAPEMIRIM,Rua Itapemirim,R. Itapemirim,S,Via Pavimentada
3985,31313,RUA ITAPERUNA,Rua Itaperuna,R. Itaperuna,S,Via Pavimentada
8631,76228,RUA ITAPESSOCA,Rua Itapessoca,R. Itapessoca,S,Via Pavimentada
3987,31330,RUA ITAPETIM,Rua Itapetim,R. Itapetim,S,Via Pavimentada
3988,31348,RUA ITAPETININGA,Rua Itapetininga,R. Itapetininga,S,Via Pavimentada
3996,31364,RUA ITAPEVA,Rua Itapeva,R. Itapeva,S,Via Pavimentada
9419,85880,RUA ITAPEVI,Rua Itapevi,R. Itapevi,S,Via Pavimentada
3998,31372,RUA ITAPICURU,Rua Itapicuru,R. Itapicuru,S,Via Pavimentada
9684,88293,RUA ITAPINA,Rua Itapina,R. Itapina,S,Via Pavimentada
3999,31380,RUA ITAPIRA,Rua Itapira,R. Itapira,S,Via Pavimentada
4000,31399,RUA ITAPIRANGA,Rua Itapiranga,R. Itapiranga,P,Via Parcialmente Pavimentada
4004,31437,RUA ITAPIUNA,Rua Itapiúna,R. Itapiuna,S,Via Pavimentada
11668,124737,RUA ITAPOANA,Rua Itapoana,R. Itapoana,S,Via Pavimentada
4006,31453,RUA ITAPOLIS,Rua Itápolis,R. Itapolis,P,Via Parcialmente Pavimentada
4008,31461,RUA ITAPORANGA,Rua Itaporanga,R. Itaporanga,S,Via Pavimentada
4009,31470,RUA ITAPUA,Rua Itapuã,R. Itapua,N,Via Não Pavimentada
6514,54496,RUA ITAPUA,Rua Itapuã,R. Itapua,P,Via Parcialmente Pavimentada
4011,31488,RUA ITAPUI,Rua Itapui,R. Itapui,S,Via Pavimentada
9857,90590,RUA ITAQUA,Rua Itaqua,R. Itaqua,P,Via Parcialmente Pavimentada
3991,31518,RUA ITAQUARI,Rua Itaquari,R. Itaquari,N,Via Não Pavimentada
8278,72281,RUA ITAQUETINGA,Rua Itaquetinga,R. Itaquetinga,S,Via Pavimentada
3990,31500,RUA ITAQUI,Rua Itaqui,R. Itaqui,N,Via Não Pavimentada
4014,31534,RUA ITAQUICE,Rua Itaquicé,R. Itaquice,S,Via Pavimentada
466,18554,RUA ITARANA,Rua Itarana,R. Itarana,N,Via Não Pavimentada
4016,31550,RUA ITARAPINA,Rua Itarapina,R. Itarapina,S,Via Pavimentada
3997,31569,RUA ITARARE,Rua Itararé,R. Itarare,N,Via Não Pavimentada
4017,31577,RUA ITAREMA,Rua Itarema,R. Itarema,S,Via Pavimentada
255,75418,RUA ITARUNA,Rua Itaruna,R. Itaruna,X,Não definida
4018,31585,RUA ITATIAIA,Rua Itatiaia,R. Itatiaia,S,Via Pavimentada
9858,90603,RUA ITATIRA,Rua Itatira,R. Itatira,N,Via Não Pavimentada
4024,31658,RUA ITATIUBA,Rua Itatiuba,R. Itatiuba,N,Via Não Pavimentada
4020,31607,RUA ITATUBA,Rua Itatuba,R. Itatuba,S,Via Pavimentada
4001,31402,RUA ITAU,Rua Itaú,R. Itau,N,Via Não Pavimentada
3958,31070,RUA ITAUBA,Rua Itauba,R. Itauba,S,Via Pavimentada
4022,31631,RUA ITAUM,Rua Itaum,R. Itaum,S,Via Pavimentada
4023,31640,RUA ITAUNA,Rua Itaúna,R. Itauna,S,Via Pavimentada
4025,31666,RUA ITIQUIRA,Rua Itiquira,R. Itiquira,P,Via Parcialmente Pavimentada
4026,31674,RUA ITIUBA,Rua Itiúba,R. Itiuba,S,Via Pavimentada
1319,6726,RUA ITU,Rua Itú,R. Itu,N,Via Não Pavimentada
497,31704,RUA ITUACU,Rua Ituaçu,R. Ituacu,S,Via Pavimentada
498,31712,RUA ITUBERA,Rua Itubera,R. Itubera,P,Via Parcialmente Pavimentada
8170,71153,RUA ITUVERAVA,Rua Ituverava,R. Ituverava,N,Via Não Pavimentada
7914,67970,RUA IURI XAVIER PEREIRA,Rua Iúri Xavier Pereira,R. Iuri Xavier Pereira,S,Via Pavimentada
157,31755,RUA IVAI,Rua Ivai,R. Ivai,N,Via Não Pavimentada
7943,68314,RUA IVAN ROCHA AGUIAR,Rua Ivan Rocha Aguiar,R. Ivan Rocha Aguiar,X,Não definida
160,31780,RUA IVO AUGUSTO,Rua Ivo Augusto,R. Ivo Augusto,S,Via Pavimentada
161,31798,RUA IVOLANDIA,Rua Ivolândia,R. Ivolandia,S,Via Pavimentada
8518,74829,RUA IVONETE FERREIRA DA SILVA,Rua Ivonete Ferreira da Silva,R. Ivonete Ferreira da Silva,S,Via Pavimentada
9674,88218,RUA IVORA,Rua Ivora,R. Ivora,X,Não definida
4034,31879,RUA IZABEL DE SOUZA,Rua Izabel de Souza,R. Izabel de Souza,S,Via Pavimentada
4032,31852,RUA IZABEL MAGALHAES,Rua Izabel Magalhães,R. Izabel Magalhães,S,Via Pavimentada
4035,31887,RUA IZALTINO LOBO,Rua Izaltino Lobo,R. Izaltino Lobo,N,Via Não Pavimentada
4038,31895,RUA IZAURA CARNEIRO DA CUNHA,Rua Izaura Carneiro da Cunha,R. Izaura Carneiro da Cunha,S,Via Pavimentada
4041,31933,RUA JABAQUARA,Rua Jabaquara,R. Jabaquara,N,Via Não Pavimentada
4042,31941,RUA JABOATAO,Rua Jaboatao,R. Jaboatao,S,Via Pavimentada
9675,88226,RUA JABORA,Rua Jaborá,R. Jabora,S,Via Pavimentada
8041,69736,RUA JABORANDI,Rua Jaborandi,R. Jaborandi,N,Via Não Pavimentada
4045,31984,RUA JACANA,Rua Jaçanã,R. Jacana,P,Via Parcialmente Pavimentada
9416,85855,RUA JACARACI,Rua Jacaraci,R. Jacaraci,P,Via Parcialmente Pavimentada
4046,31992,RUA JACARANDA,Rua Jacarandá,R. Jacaranda,S,Via Pavimentada
10259,97705,RUA JACARANDIRA,Rua Jacarandira,R. Jacarandira,P,Via Parcialmente Pavimentada
9575,88307,RUA JACARAU,Rua Jacaraú,R. Jacarau,S,Via Pavimentada
8472,89141,RUA JACARAU,Rua Jacaraú,R. Jacarau,N,Via Não Pavimentada
167,32018,RUA JACAREACANGA,Rua Jacareacanga,R. Jacareacanga,S,Via Pavimentada
2061,13404,RUA JACAREPAGUA,Rua Jacarepaguá,R. Jacarepagua,X,Não definida
3664,32034,RUA JACAUNA,Rua Jacaúna,R. Jacauna,P,Via Parcialmente Pavimentada
5950,49395,RUA JACI,Rua Jaci,R. Jaci,P,Via Parcialmente Pavimentada
155,32077,RUA JACIGUA,Rua Jaciguá,R. Jacigua,N,Via Não Pavimentada
10417,100390,RUA JACINTO CARIRY,Rua Jacinto Cariry,R. Jacinto Cariry,X,Não definida
4050,32115,RUA JACINTO FREIRE DE ANDRADE,Rua Jacinto Freire de Andrade,R. Jacinto Freire de Andrade,N,Via Não Pavimentada
4051,32123,RUA JACINTO MACHADO,Rua Jacinto Machado,R. Jacinto Machado,N,Via Não Pavimentada
9417,85863,RUA JACIPORA,Rua Jaciporã,R. Jacipora,P,Via Parcialmente Pavimentada
4052,32131,RUA JACIRA,Rua Jacira,R. Jacira,P,Via Parcialmente Pavimentada
4053,32140,RUA JACK AYRES,Rua Jack Ayres,R. Jack Ayres,S,Via Pavimentada
4054,32158,RUA JACKSON DE FIGUEIREDO,Rua Jackson de Figueiredo,R. Jackson de Figueiredo,S,Via Pavimentada
4056,32174,RUA JACOB,Rua Jacob,R. Jacob,S,Via Pavimentada
4060,32190,RUA JACOBINA,Rua Jacobina,R. Jacobina,S,Via Pavimentada
4059,32182,RUA JACOB KAHAN,Rua Jacob Kahan,R. Jacob Kahan,N,Via Não Pavimentada
4061,32204,RUA JACOME ARAUJO,Rua Jácome Araújo,R. Jacome Araujo,S,Via Pavimentada
4055,32166,RUA JACO VELOSINO,Rua Jacó Velosino,R. Jaco Velosino,S,Via Pavimentada
4063,32212,RUA JACQUES MARITAIN,Rua Jacques Maritain,R. Jacques Maritain,X,Não definida
375,91090,RUA JACUI,Rua Jacuí,R. Jacui,N,Via Não Pavimentada
9319,84611,RUA JACUIPE,Rua Jacuípe,R. Jacuipe,N,Via Não Pavimentada
4065,32239,RUA JACUNDA,Rua Jacundá,R. Jacunda,P,Via Parcialmente Pavimentada
4067,32255,RUA JACUTINGA,Rua Jacutinga,R. Jacutinga,S,Via Pavimentada
152,32050,RUA JACY,Rua Jacy,R. Jacy,P,Via Parcialmente Pavimentada
153,32069,RUA JACYARA,Rua Jacyara,R. Jacyara,S,Via Pavimentada
4040,31925,RUA J A DA SILVEIRA,Rua J A da Silveira,R. J A da Silveira,S,Via Pavimentada
4068,32263,RUA JADER DE ANDRADE,Rua Jáder de Andrade,R. Jader de Andrade,S,Via Pavimentada
9682,88285,RUA JADER DE PONTES JARDIM,Rua Jáder de Pontes Jardim,R. Jader de Pontes Jardim,S,Via Pavimentada
4073,32298,RUA JAGUARA,Rua Jaguara,R. Jaguara,N,Via Não Pavimentada
4075,32310,RUA JAGUARANA,Rua Jaguarana,R. Jaguarana,S,Via Pavimentada
8094,70289,RUA JAGUARE,Rua Jaguare,R. Jaguare,P,Via Parcialmente Pavimentada
4079,32344,RUA JAGUARETAMA,Rua Jaguaretama,R. Jaguaretama,S,Via Pavimentada
4081,32352,RUA JAGUARI,Rua Jaguari,R. Jaguari,S,Via Pavimentada
4082,32360,RUA JAGUARIAIVA,Rua Jaguariaiva,R. Jaguariaiva,S,Via Pavimentada
4074,32301,RUA JAGUARIBARA,Rua Jaguaribara,R. Jaguaribara,S,Via Pavimentada
4083,32379,RUA JAGUARIBE,Rua Jaguaribe,R. Jaguaribe,S,Via Pavimentada
10256,97489,RUA JAGUARUANA,Rua Jaguaruana,R. Jaguaruana,N,Via Não Pavimentada
4084,32395,RUA JAGUARUNA,Rua Jaguaruna,R. Jaguaruna,S,Via Pavimentada
4085,32409,RUA JAICOS,Rua Jaicos,R. Jaicos,N,Via Não Pavimentada
4088,32425,RUA JAIME RAMIRO COSTA,Rua Jaime Ramiro Costa,R. Jaime Ramiro Costa,S,Via Pavimentada
4091,32441,RUA JALES,Rua Jales,R. Jales,S,Via Pavimentada
484,32450,RUA JALISCO,Rua Jalisco,R. Jalisco,S,Via Pavimentada
4092,32468,RUA JAMAICA,Rua Jamaica,R. Jamaica,S,Via Pavimentada
6359,53040,RUA JAMESSON ARAUJO,Rua Jamesson Araujo,R. Jamesson Araujo,X,Não definida
7781,66591,RUA JANDAIA,Rua Jandaia,R. Jandaia,N,Via Não Pavimentada
4097,32492,RUA JANDAIA,Rua Jandaia,R. Jandaia,N,Via Não Pavimentada
4099,32514,RUA JANDIROBA,Rua Jandiroba,R. Jandiroba,N,Via Não Pavimentada
8998,80845,RUA JANIOPOLIS,Rua Janiopolis,R. Janiopolis,P,Via Parcialmente Pavimentada
3658,28371,RUA JANIRO PONTES,Rua Janiro Pontes,R. Janiro Pontes,N,Via Não Pavimentada
9736,89133,RUA JANSEN,Rua Jansen,R. Jansen,N,Via Não Pavimentada
4005,31445,RUA JANUARIO,Rua Januário,R. Januario,N,Via Não Pavimentada
4100,32522,RUA JANUARIO BARBOSA,Rua Januário Barbosa,R. Januario Barbosa,S,Via Pavimentada
8406,73806,RUA JAPARAIBA,Rua Japaraíba,R. Japaraiba,N,Via Não Pavimentada
4104,32573,RUA JAPARANDUBA,Rua Japaranduba,R. Japaranduba,S,Via Pavimentada
4103,32565,RUA JAPARATINGA,Rua Japaratinga,R. Japaratinga,N,Via Não Pavimentada
4105,32581,RUA JAPARATUBA,Rua Japaratuba,R. Japaratuba,S,Via Pavimentada
4106,32590,RUA JAPECANGA,Rua Japecanga,R. Japecanga,S,Via Pavimentada
4107,32603,RUA JAPERI,Rua Japeri,R. Japeri,S,Via Pavimentada
391,76783,RUA JAPERICA,Rua Japerica,R. Japerica,S,Via Pavimentada
4109,32620,RUA JAPIRA,Rua Japira,R. Japira,S,Via Pavimentada
4110,32638,RUA JAPOATA,Rua Japoatã,R. Japoata,N,Via Não Pavimentada
4111,32646,RUA JAPOMIM,Rua Japomim,R. Japomim,N,Via Não Pavimentada
4113,32662,RUA JAPURA,Rua Japurá,R. Japura,P,Via Parcialmente Pavimentada
4117,32700,RUA JARAGUA,Rua Jaraguá,R. Jaragua,S,Via Pavimentada
10290,98183,RUA JARAGUARI,Rua Jaraguari,R. Jaraguari,P,Via Parcialmente Pavimentada
7944,68322,RUA JARBAS PEREIRA MARQUES,Rua Jarbas Pereira Marques,R. Jarbas Pereira Marques,S,Via Pavimentada
11891,705551,RUA JARBAS VASCONCELOS REIS PEREIRA,Rua Jarbas Vasconcelos Reis Pereira,R. Jarbas Vasconcelos Reis Pereira,S,Via Pavimentada
4120,32743,RUA JARDIM ALEGRE,Rua Jardim Alegre,R. Jardim Alegre,S,Via Pavimentada
10309,98736,RUA JARDIM CARIOCA,Rua Jardim Carioca,R. Jardim Carioca,S,Via Pavimentada
4121,32751,RUA JARDIM DO FORTE,Rua Jardim do Forte,R. Jardim do Forte,S,Via Pavimentada
9090,81868,RUA JARDIM IRENE,Rua Jardim Irene,R. Jardim Irene,N,Via Não Pavimentada
4125,32786,RUA JARDIMIRIM,Rua Jardimirim,R. Jardimirim,S,Via Pavimentada
3314,25151,RUA JARDIM PRIMAVERA,Rua Jardim Primavera,R. Jardim Primavera,N,Via Não Pavimentada
11823,700070,RUA JARDIM DO SERIDO,Rua Jardim Seridó,R. Jardim Seridó,S,Via Pavimentada
9739,89176,RUA JARDINESIA,Rua Jardinésia,R. Jardinesia,N,Via Não Pavimentada
9414,85839,RUA JASMIM,Rua Jasmim,R. Jasmim,N,Via Não Pavimentada
11802,137847,RUA JASPE,Rua Jaspe,R. Jaspe,S,Via Pavimentada
2759,19887,RUA JATAI,Rua Jatai,R. Jatai,N,Via Não Pavimentada
4133,32840,RUA JATAUBA,Rua Jataúba,R. Jatauba,P,Via Parcialmente Pavimentada
4108,32611,RUA JATEI,Rua Jateí,R. Jatei,S,Via Pavimentada
4135,32875,RUA JATICY,Rua Jaticy,R. Jaticy,S,Via Pavimentada
4137,32891,RUA JATOBA,Rua Jatoba,R. Jatoba,S,Via Pavimentada
4086,32417,RUA JAYME LOYO,Rua Jayme Loyo,R. Jayme Loyo,S,Via Pavimentada
4140,32921,RUA JEAN EMILE FAVRE,Rua Jean Emile Favre,R. Jean Emile Favre,S,Via Pavimentada
4142,32930,RUA JEAN MERMOZ,Rua Jean Mermoz,R. Jean Mermoz,S,Via Pavimentada
4144,32956,RUA JENER DE SOUZA,Rua Jener de Souza,R. Jener de Souza,S,Via Pavimentada
8507,74683,RUA JENIPAPO,Rua Jenipapo,R. Jenipapo,S,Via Pavimentada
9208,83240,RUA JEQUIRI,Rua Jequiri,R. Jequiri,P,Via Parcialmente Pavimentada
4145,32964,RUA JEQUITIBA,Rua Jequitibá,R. Jequitiba,S,Via Pavimentada
7911,67946,RUA JEQUITIBA,Rua Jequitibá,R. Jequitiba,S,Via Pavimentada
328,126136,RUA JERICO,Rua Jericó,R. Jericó,N,Via Não Pavimentada
4159,33006,RUA JERICO,Rua Jericó,R. Jerico,S,Via Pavimentada
4150,33073,RUA JERONIMO CORTE REAL,Rua Jeronimo Corte Real,R. Jeronimo Corte Real,N,Via Não Pavimentada
4162,33030,RUA JERONIMO DE ALBUQUERQUE,Rua Jerônimo de Albuquerque,R. Jeronimo de Albuquerque,S,Via Pavimentada
4164,33120,RUA JERONIMO DE OLIVEIRA LIMA,Rua Jerônimo de Oliveira Lima,R. Jeronimo de Oliveira Lima,S,Via Pavimentada
4155,33090,RUA JERONIMO HERACLITO,Rua Jerônimo Heráclio,R. Jerônimo Heráclio,S,Via Pavimentada
151,33103,RUA JERONIMO INOJOSA,Rua Jerônimo  Inojosa,R. Jerônimo  Inojosa,N,Via Não Pavimentada
4165,33138,RUA JERONIMO VILELA,Rua Jerônimo Vilela,R. Jeronimo Vilela,S,Via Pavimentada
419,125440,RUA JERUSALEM,Rua Jerusalém,R. Jerusalém,S,Via Pavimentada
8254,72060,RUA JERUSALEM,Rua Jerusalém,R. Jerusalem,N,Via Não Pavimentada
8633,76252,RUA JESUANIA,Rua Jesuânia,R. Jesuania,S,Via Pavimentada
4136,32883,RUA JETEJAQUISON,Rua Jetjackson,R. Jetejaquison,X,Não definida
2062,13412,RUA JITAUNA,Rua Jitaúna,R. Jitauna,X,Não definida
4172,33200,RUA JITO,Rua Jitó,R. Jito,P,Via Parcialmente Pavimentada
486,33260,RUA JOA,Rua Joá,R. Joa,S,Via Pavimentada
1273,14079,RUA JOACABA,Rua Joaçaba,R. Joacaba,S,Via Pavimentada
2563,18104,RUA JOANA D'ARC,Rua Joana D`Arc,R. Joana D`Arc,S,Via Pavimentada
6542,54739,RUA JOANA D'ARC,Rua Joana D`Arc,R. Joana D`Arc,S,Via Pavimentada
4175,33235,RUA JOANA FRANCISCA DE AZEVEDO,Rua Joana Francisca de Azevedo,R. Joana Francisca de Azevedo,S,Via Pavimentada
4176,33243,RUA JOANESIA,Rua Joanesia,R. Joanesia,S,Via Pavimentada
485,33251,RUA JOANOPOLIS,Rua Joanópolis,R. Joanopolis,X,Não definida
4182,33316,RUA JOAO ALVES CARNEIRO,Rua João Alves Carneiro,R. João Alves Carneiro,N,Via Não Pavimentada
4183,33324,RUA JOAO AMARAL,Rua João Amaral,R. João Amaral,S,Via Pavimentada
4185,33340,RUA JOAO ANSBERTO LOPES,Rua João Ansberto Lopes,R. João Ansberto Lopes,S,Via Pavimentada
10010,92770,RUA JOAO ARRUDA MARINHO,Rua João Arruda Marinho,R. João Arruda Marinho,S,Via Pavimentada
8683,76929,RUA JOAO BANDEIRA DE MELO,Rua João Bandeira de Melo,R. João Bandeira de Melo,S,Via Pavimentada
11896,705608,RUA JOAO BAPTISTA P. CARNEIRO CAMPELLO,Rua João Baptista Pimenta Carneiro Campello,R. João Baptista Pimenta Carneiro Campello,N,Via Não Pavimentada
4188,33367,RUA JOAO BARBALHO,Rua João Barbalho,R. João Barbalho,P,Via Parcialmente Pavimentada
4192,33391,RUA JOAO BARRETO DE ACIOLY LINS,Rua João Barreto de Acioly Lins,R. João Barreto de Acioly Lins,P,Via Parcialmente Pavimentada
1173,5703,RUA JOAO BATISTA DE BARROS RIBEIRO,Rua João Batista de Barros Ribeiro,R. João Batista de Barros Ribeiro,S,Via Pavimentada
9773,89591,RUA JOAO BATISTA DE OLIVEIRA,Rua João batista de Oliveira,R. João Batista de Oliveira,S,Via Pavimentada
4203,33472,RUA JOAO BENTO BATISTA,Rua João Bento Batista,R. João Bento Batista,P,Via Parcialmente Pavimentada
4204,33480,RUA JOAO BEZERRA,Rua João Bezerra,R. João Bezerra,N,Via Não Pavimentada
9430,86029,RUA JOAO BEZERRA DE MENEZES,Rua João Bezerra de Menezes,R. João Bezerra de Menezes,N,Via Não Pavimentada
9309,84506,RUA JOAO BORBA CARVALHO FILHO,Rua João Borba Carvalho Filho,R. João Borba Carvalho Filho,S,Via Pavimentada
4206,33502,RUA JOAO BORBA MARANHAO,Rua João Borba Maranhão,R. João Borba Maranhao,S,Via Pavimentada
4207,33510,RUA JOAO BRAGA,Rua João Braga,R. João Braga,P,Via Parcialmente Pavimentada
4208,33529,RUA JOAO CANDIDO,Rua João Cândido,R. João Candido,S,Via Pavimentada
4209,33537,RUA JOAO CARDOSO AIRES,Rua João Cardoso Aires,R. João Cardoso Aires,P,Via Parcialmente Pavimentada
4210,33545,RUA JOAO CARLOS GUIMARAES,Rua João Carlos Guimarães,R. João Carlos Guimaraes,S,Via Pavimentada
10582,107743,RUA JOAO CARLOS PEREIRA DA MOTA,Rua João Carlos Pereira da Mota,R. João Carlos Pereira da Mota,S,Via Pavimentada
4211,33553,RUA JOAO CARNEIRO DA CUNHA,Rua João Carneiro da Cunha,R. João Carneiro da Cunha,S,Via Pavimentada
4214,33588,RUA JOAO CAUAS,Rua João Cauás,R. João Cauas,P,Via Parcialmente Pavimentada
4217,33596,RUA JOAO CAVALCANTI PETRIBU,Rua João Cavalcanti Petribu,R. João Cavalcanti Petribu,S,Via Pavimentada
4218,33600,RUA JOAO CESAR DE LIMA,Rua João César de Lima,R. João César de Lima,S,Via Pavimentada
4220,33626,RUA JOAO COELHO PEREIRA,Rua João Coelho Pereira,R. João Coelho Pereira,P,Via Parcialmente Pavimentada
4222,33642,RUA JOAO CONDE,Rua João Condé,R. João Conde,N,Via Não Pavimentada
8939,80101,RUA JOAO CORDEIRO DE SOUZA,Rua João Cordeiro de Souza,R. João Cordeiro de Souza,S,Via Pavimentada
8008,69388,RUA JOAO CORREIA FILHO,Rua João Correia Filho,R. João Correia Filho,P,Via Parcialmente Pavimentada
4227,33677,RUA JOAO CRESCENCIO,Rua João Crescêncio,R. João Crescencio,S,Via Pavimentada
4263,34029,RUA JOAO DA MATA,Rua João da Mata,R. João da Mata,S,Via Pavimentada
4303,34355,RUA JOAO DA SILVA TELES,Rua João da Silva Teles,R. João da Silva Teles,S,Via Pavimentada
4184,33332,RUA JOAO DE ANDRADE,Rua João de Andrade,R. João de Andrade,S,Via Pavimentada
4213,33570,RUA JOAO DE CARVALHO,Rua João de Carvalho,R. João de Carvalho,S,Via Pavimentada
4229,33685,RUA JOAO DE DEUS,Rua João de Deus,R. João de Deus,S,Via Pavimentada
4254,33910,RUA JOAO DE LIMA,Rua João de Lima,R. João de Lima,S,Via Pavimentada
4306,34380,RUA JOAO DE SOUZA CANTO,Rua João de Souza Canto,R. João de Souza Canto,X,Não definida
4230,33693,RUA JOAO DIAS MARTINS,Rua João Dias Martins,R. João Dias Martins,S,Via Pavimentada
7928,68101,RUA JOAO ELEUTERIO DA SILVA,Rua João Eleutério da Silva,R. João Eleuterio da Silva,S,Via Pavimentada
4232,33723,RUA JOAO ELISIO RAMOS,Rua João Elísio Ramos,R. João Elisio Ramos,S,Via Pavimentada
4233,33731,RUA JOAO EUGENIO DE LIMA,Rua João Eugênio de Lima,R. João Eugenio de Lima,S,Via Pavimentada
4215,33740,RUA JOAO EZEQUIEL,Rua João Ezequiel,R. João Ezequiel,S,Via Pavimentada
4235,33758,RUA JOAO FERNANDES VIEIRA,Rua João Fernandes Vieira,R. João Fernandes Vieira,S,Via Pavimentada
4237,33766,RUA JOAO FERREIRA,Rua João Ferreira,R. João Ferreira,S,Via Pavimentada
4239,33782,RUA JOAO FONTES,Rua João Fontes,R. João Fontes,S,Via Pavimentada
4243,33804,RUA JOAO FRANCISCO LISBOA,Rua João Francisco Lisboa,R. João Francisco Lisboa,S,Via Pavimentada
9942,91707,RUA JOAO GONCALVES,Rua João Gonçalves,R. João Gonçalves,S,Via Pavimentada
4244,33839,RUA JOAO GUILHERME,Rua João Guilherme,R. João Guilherme,S,Via Pavimentada
4245,33855,RUA JOAO IVO DA SILVA,Rua João Ivo da Silva,R. João Ivo da Silva,S,Via Pavimentada
4249,33863,RUA JOAO JOAQUIM DE MELLO FILHO,Rua João Joaquim de Mello Filho,R. João Joaquim de Mello Filho,S,Via Pavimentada
3624,27960,RUA JOAO JULIO PROTETOR,Rua João Júlio Protetor,R. João Julio Protetor,S,Via Pavimentada
4251,33898,RUA JOAO LEITE,Rua João Leite,R. João Leite,S,Via Pavimentada
4253,33901,RUA JOAO LIBERATO,Rua João Liberato,R. João Liberato,S,Via Pavimentada
4256,33936,RUA JOAO LIPPO,Rua João Lippo,R. João Lippo,N,Via Não Pavimentada
4255,33928,RUA JOAO LIRA,Rua João Lira,R. João Lira,S,Via Pavimentada
4259,33960,RUA JOAO LUIZ,Rua João Luiz,R. João Luiz,S,Via Pavimentada
4261,34002,RUA JOAO MARQUES DOS ANJOS,Rua João Marques dos Anjos,R. João Marques Dos Anjos,S,Via Pavimentada
4262,34010,RUA JOAO MARTINS DE ATHAYDE,Rua João Martins de Athayde,R. João Martins de Athayde,N,Via Não Pavimentada
4267,34053,RUA JOAO MEIRA LINS,Rua João Meira Lins,R. João Meira Lins,S,Via Pavimentada
7915,67989,RUA JOAO MENDES ARAUJO,Rua João Mendes de Araújo,R. João Mendes Araújo,S,Via Pavimentada
10450,100790,RUA JOAO MONTEIRO FILHO,Rua João Monteiro Filho,R. João Monteiro Filho,N,Via Não Pavimentada
4271,34070,RUA JOAO MURILO DE OLIVEIRA,Rua João Murilo de Oliveira,R. João Murilo de Oliveira,N,Via Não Pavimentada
9539,87319,RUA JOAO PAULO II,Rua João Paulo II,R. João Paulo Ii,N,Via Não Pavimentada
4277,34118,RUA JOAO PEDRO DA SILVA,Rua João Pedro da Silva,R. João Pedro da Silva,N,Via Não Pavimentada
4281,34142,RUA JOAO PERDIGAO,Rua João Perdigão,R. João Perdigao,S,Via Pavimentada
4282,34150,RUA JOAO PEREIRA DE MELO,Rua João Pereira de Melo,R. João Pereira de Melo,S,Via Pavimentada
4280,34134,RUA JOAO PERETI,Rua João Pereti,R. João Pereti,S,Via Pavimentada
2969,22004,RUA JOAO PESSOA,Rua João Pessoa,R. João Pessoa,N,Via Não Pavimentada
4283,34177,RUA JOAO PESSOA,Rua João Pessoa,R. João Pessoa,N,Via Não Pavimentada
4285,34193,RUA JOAO PINTO,Rua João Pinto,R. João Pinto,S,Via Pavimentada
9512,86940,RUA JOAO PRAXEDES DE OLIVEIRA FILHO,Rua João Praxedes de Oliveira Filho,R. João Praxedes de Oliveira Filho,S,Via Pavimentada
4287,34215,RUA JOAO RAMALHO,Rua João Ramalho,R. João Ramalho,S,Via Pavimentada
4288,34223,RUA JOAO RAMOS,Rua João Ramos,R. João Ramos,S,Via Pavimentada
4289,34231,RUA JOAO REGUEIRA,Rua João Regueira,R. João Regueira,N,Via Não Pavimentada
4290,34240,RUA JOAO RIQUE,Rua João Rique,R. João Rique,S,Via Pavimentada
7927,68098,RUA JOAO ROBERTO BORGES DE SOUZA,Rua João Roberto Borges de Souza,R. João Roberto Borges de Souza,X,Não definida
2617,18600,RUA JOAO ROMA,Rua João Roma,R. João Roma,N,Via Não Pavimentada
4299,34312,RUA JOAO ROZENDO,Rua João Rozendo,R. João Rozendo,P,Via Parcialmente Pavimentada
4301,34339,RUA JOAO SALES MENEZES,Rua João Sales Menezes,R. João Sales Menezes,P,Via Parcialmente Pavimentada
9959,91936,RUA JOAO SERGIO DE MELO,Rua João Sérgio de Melo,R. João Sergio de Melo,S,Via Pavimentada
4304,34363,RUA JOAO SOUTO MAIOR,Rua João Souto Maior,R. João Souto Maior,X,Não definida
4307,34398,RUA JOAO SUASSUNA,Rua  João Suassuna,R. João Suassuna,S,Via Pavimentada
4308,34401,RUA JOAO TAVARES,Rua João Tavares,R. João Tavares,S,Via Pavimentada
4309,34428,RUA JOAO TEIXEIRA,Rua João Teixeira,R. João Teixeira,S,Via Pavimentada
8223,71684,RUA JOAO TEOBALDO DE AZEVEDO,Rua João Teobaldo de Azevedo,R. João Teobaldo de Azevedo,S,Via Pavimentada
4311,34436,RUA JOAO TRAJANO DA SILVA,Rua João Trajano da Silva,R. João Trajano da Silva,S,Via Pavimentada
10253,97438,RUA JOAO TUDE DE MELO,Rua João Tude de Melo,R. João Tude de Melo,S,Via Pavimentada
4313,34444,RUA JOAO UZEDA LUNA,Rua João Uzêda Luna,R. João Uzeda Luna,S,Via Pavimentada
4316,34479,RUA JOAO XAVIER PEDROSA,Rua João Xavier Pedrosa,R. João Xavier Pedrosa,S,Via Pavimentada
4276,34509,RUA JOAQUIM AGUIAR,Rua Joaquim Aguiar,R. Joaquim Aguiar,S,Via Pavimentada
4298,34517,RUA JOAQUIM ALHEIROS,Rua Joaquim Alheiros,R. Joaquim Alheiros,N,Via Não Pavimentada
4320,34525,RUA JOAQUIM AMARAL CARDOSO,Rua Joaquim Amaral Cardoso,R. Joaquim Amaral Cardoso,S,Via Pavimentada
4323,34550,RUA JOAQUIM BANDEIRA,Rua Joaquim Bandeira,R. Joaquim Bandeira,P,Via Parcialmente Pavimentada
4325,34584,RUA JOAQUIM BOTELHO,Rua Joaquim Botelho,R. Joaquim Botelho,S,Via Pavimentada
7926,68080,RUA JOAQUIM CAMARA FERREIRA,Rua Joaquim Câmara Ferreira,R. Joaquim Camara Ferreira,S,Via Pavimentada
4327,34606,RUA JOAQUIM CARNEIRO DA SILVA,Rua Joaquim Carneiro da Silva,R. Joaquim Carneiro da Silva,S,Via Pavimentada
4333,34649,RUA JOAQUIM CORREIA,Rua Joaquim Correia,R. Joaquim Correia,S,Via Pavimentada
4357,34827,RUA JOAQUIM DA SILVA CALDAS,Rua Joaquim da Silva Caldas,R. Joaquim da Silva Caldas,P,Via Parcialmente Pavimentada
4324,34576,RUA JOAQUIM DE BRITO,Rua Joaquim de Brito,R. Joaquim de Brito,S,Via Pavimentada
4339,34681,RUA JOAQUIM DE FRANCA,Rua Joaquim de França,R. Joaquim de Franca,S,Via Pavimentada
4359,34835,RUA JOAQUIM DE SOUZA CAVALCANTI,Rua Joaquim de Souza Cavalcanti,R. Joaquim de Souza Cavalcanti,N,Via Não Pavimentada
4365,34878,RUA JOAQUIM DE VASCONCELOS PEREIRA,Rua Joaquim de Vasconcelos Pereira,R. Joaquim de Vasconcelos Pereira,P,Via Parcialmente Pavimentada
4334,34657,RUA JOAQUIM FELIPE,Rua Joaquim Felipe,R. Joaquim Felipe,S,Via Pavimentada
4337,34665,RUA JOAQUIM FERREIRA,Rua Joaquim Ferreira,R. Joaquim Ferreira,S,Via Pavimentada
10145,95508,RUA JOAQUIM FERREIRA LIMA,Rua Joaquim Ferreira Lima,R. Joaquim Ferreira Lima,N,Via Não Pavimentada
74,119520,RUA JOAQUIM GENUINO AMANCIO,Rua Joaquim Genuíno Amâncio,R. Joaquim Genuino Amancio,S,Via Pavimentada
262,76554,RUA JOAQUIM GONCALVES LEDO,Rua Joaquim Goncalves Ledo,R. Joaquim Gonçalves Ledo,N,Via Não Pavimentada
4340,34690,RUA JOAQUIM GONCALVES TORREIRO,Rua Joaquim Gonçalves Torreiro,R. Joaquim Gonçalves Torreiro,P,Via Parcialmente Pavimentada
4346,34720,RUA JOAQUIM NABUCO,Rua Joaquim Nabuco,R. Joaquim Nabuco,S,Via Pavimentada
4349,34746,RUA JOAQUIM PEREIRA DA COSTA,Rua Joaquim Pereira da Costa,R. Joaquim Pereira da Costa,P,Via Parcialmente Pavimentada
4350,34754,RUA JOAQUIM PESSOA,Rua Joaquim Pessoa,R. Joaquim Pessoa,P,Via Parcialmente Pavimentada
4351,34762,RUA JOAQUIM PINHEIRO,Rua Joaquim Pinheiro,R. Joaquim Pinheiro,S,Via Pavimentada
4353,34789,RUA JOAQUIM RABELO,Rua Joaquim Rabelo,R. Joaquim Rabelo,S,Via Pavimentada
10951,113107,RUA JOAQUIM SANTANA,Rua  Joaquim Santana,R. Joaquim Santana,N,Via Não Pavimentada
4373,34924,RUA JOAQUIM SOARES,Rua Joaquim Soares,R. Joaquim Soares,S,Via Pavimentada
4361,34851,RUA JOAQUIM TAVORA,Rua Joaquim Távora,R. Joaquim Tavora,P,Via Parcialmente Pavimentada
4363,34860,RUA JOAQUIM TEIXEIRA,Rua Joaquim Teixeira,R. Joaquim Teixeira,S,Via Pavimentada
4367,34894,RUA JOAQUIM XAVIER DE ANDRADE,Rua Joaquim Xavier de Andrade,R. Joaquim Xavier de Andrade,N,Via Não Pavimentada
4372,34916,RUA JOAQUINA DA CONCEICAO AZEVEDO,Rua Joaquina da Conceição Azevedo,R. Joaquina da Conceição Azevedo,P,Via Parcialmente Pavimentada
11529,120928,RUA JOCA LEAL,Rua Joca Leal,R. Joca Leal,N,Via Não Pavimentada
4375,34932,RUA JOCA LEAL,Rua Joca Leal,R. Joca Leal,S,Via Pavimentada
11101,114952,RUA JOHN BISPO I,Rua John Bispo I,R. John Bispo I,P,Via Parcialmente Pavimentada
11100,114944,RUA JOHN BISPO II,Rua John Bispo II,R. John Bispo Ii,S,Via Pavimentada
4379,34975,RUA JOHN GUSTAV PETER,Rua John Gustav Peter,R. John Gustav Peter,S,Via Pavimentada
4381,34983,RUA JOINVILE,Rua Joinvile,R. Joinvile,P,Via Parcialmente Pavimentada
10345,99147,RUA JONAS GUERRA,Rua Jonas Guerra,R. Jonas Guerra,S,Via Pavimentada
4382,34991,RUA JONATHAS DE VASCONCELOS,Rua Jonathas de Vasconcelos,R. Jonathas de Vasconcelos,P,Via Parcialmente Pavimentada
4383,35009,RUA JORACI CAMARGO,Rua Joraci Camargo,R. Joraci Camargo,N,Via Não Pavimentada
3665,35017,RUA JORDANIA,Rua Jordânia,R. Jordania,S,Via Pavimentada
4384,35025,RUA JORDAO,Rua Jordão,R. Jordao,S,Via Pavimentada
4389,35068,RUA JORGE ABRANTES,Rua Jorge Abrantes,R. Jorge Abrantes,S,Via Pavimentada
7917,68004,RUA JORGE COUCEIRO,Rua Jorge Couceiro,R. Jorge Couceiro,X,Não definida
4393,35092,RUA JORGE COUCEIRO DA COSTA EIRAS,Rua Jorge Couceiro da Costa Eiras,R. Jorge Couceiro da Costa Eiras,P,Via Parcialmente Pavimentada
4390,35076,RUA JORGE DE ALBUQUERQUE,Rua Jorge de Albuquerque,R. Jorge de Albuquerque,S,Via Pavimentada
4394,35106,RUA JORGE DE LIMA,Rua Jorge de Lima,R. Jorge de Lima,P,Via Parcialmente Pavimentada
8242,71900,RUA JORGE GOMES DE SA,Rua Jorge Gomes de Sá,R. Jorge Gomes de Sa,S,Via Pavimentada
4395,35122,RUA JORGE MELO,Rua Jorge Melo,R. Jorge Melo,S,Via Pavimentada
4396,35130,RUA JORGE TASSO NETTO,Rua Jorge Tasso Netto,R. Jorge Tasso Netto,S,Via Pavimentada
620,833,RUA JORNALISTA ADETH LEITE,Rua Jornalista Adeth Leite,R. Jorn Adeth Leite,S,Via Pavimentada
9299,84387,RUA JORNALISTA ADONIAS LIRA C. DE MOURA,Rua Jornalista Adonias Lira C de Moura,R. Jorn Adonias Lira C. de Moura,S,Via Pavimentada
9692,88382,RUA JORNALISTA ADROALDO SILVA,Rua Jornalista Adroaldo Silva,R. Jorn Adroaldo Silva,S,Via Pavimentada
825,2577,RUA JORNALISTA ALFREDO PORTO SILVEIRA,Rua Jornalista Alfredo Porto Silveira,R. Jorn Alfredo Porto Silveira,S,Via Pavimentada
7958,68519,RUA JORNALISTA ALTAMIRO CUNHA,Rua Jornalista Altamiro Cunha,R. Jorn Altamiro Cunha,N,Via Não Pavimentada
7831,67172,RUA JORNALISTA ANDRADE LIMA FILHO,Rua Jornalista Andrade Lima Filho,R. Jorn Andrade Lima Filho,S,Via Pavimentada
5400,44385,RUA JORNALISTA ANDRE LIMA FILHO,Rua Jornalista André Lima Filho,R. Jorn Andre Lima Filho,X,Não definida
8183,71285,RUA JORNALISTA ARISTOFANES TRINDADE,Rua Jornalista Aristófanes Trindade,R. Jorn Aristofanes Trindade,N,Via Não Pavimentada
9300,84395,RUA JORNALISTA AUGUSTO BOUDOX,Rua Jornalista Augusto Boudox,R. Jorn Augusto Boudox,S,Via Pavimentada
11588,121738,RUA JORNALISTA CALINICIO RAMOS DA SILVA,Rua Jornalista Calinício Ramos da Silva,R. Jorn Calinicio Ramos da Silva,X,Não definida
2340,16241,RUA JORNALISTA CLEOFHAS DE OLIVEIRA,Rua Jornalista Cleofhas de Oliveira,R. Jorn Cleofhas de Oliveira,S,Via Pavimentada
2846,20710,RUA JORNALISTA EDMUNDO BITTENCOURT,Rua Jornalista Edmundo Bittencourt,R. Jorn Edmundo Bittencourt,S,Via Pavimentada
9693,88390,RUA JORNALISTA EDMUNDO MORAIS,Rua Jornalista Edmundo Morais,R. Jorn Edmundo Morais,S,Via Pavimentada
2853,20788,RUA JORNALISTA EDSON REGIS,Rua Jornalista Edson Regis,R. Jorn Edson Regis,S,Via Pavimentada
1327,6777,RUA JORNALISTA ERNANI REGIS,Rua Jornalista Ernani Regis,R. Jorn Ernani Regis,X,Não definida
8536,75027,RUA JORNALISTA FRANCISCO ALMEIDA,Rua Jornalista Francisco Almeida,R. Jorn Francisco Almeida,S,Via Pavimentada
880,3301,RUA JORNALISTA GILBERTO OSORIO,Rua Jornalista Gilberto Osório,R. Jorn Gilberto Osorio,S,Via Pavimentada
7960,68535,RUA JORNALISTA GILSON CORREIA,Rua Jornalista Gilson Correia,R. Jorn Gilson Correia,N,Via Não Pavimentada
8828,78689,RUA JORNALISTA GIVANILDO ALVES,Rua Jornalista Givanildo Alves,R. Jorn Givanildo Alves,N,Via Não Pavimentada
7213,61247,RUA JORNALISTA GOMES MARANHAO,Rua Jornalista Gomes Maranhao,R. Jorn Gomes Maranhao,S,Via Pavimentada
8553,75299,RUA JORNALISTA GONDIM DA FONSECA,Rua Jornalista Gondim da Fonseca,R. Jorn Gondim da Fonseca,N,Via Não Pavimentada
3727,28878,RUA JORNALISTA HERBERT MOSES,Rua Jornalista Herbert Moses,R. Jorn Herbert Moses,S,Via Pavimentada
4424,35505,RUA JORNALISTA JOSE CAMPELO JUNIOR,Rua Jornalista José Campelo Júnior,R. Jorn José Campelo Junior,S,Via Pavimentada
4555,36650,RUA JORNALISTA JOSE DE SA,Rua Jornalista José de Sa,R. Jorn José de Sa,X,Não definida
9666,88080,RUA JORNALISTA JOSE FERNANDES,Rua Jornalista José Fernandes,R. Jorn José Fernandes,S,Via Pavimentada
11748,125873,RUA JORNALISTA JOSE LEITE FILHO,Rua Jornalista José Leite Filho,R. jor. José Leite Filho,X,Não definida
714,1589,RUA JORNALISTA JOSE MARIANO MELO,Rua Jornalista José Mariano Melo,R. Jorn José Mariano Melo,N,Via Não Pavimentada
9099,81957,RUA JORNALISTA JOSIMAR MOREIRA,Rua Jornalista Josimar Moreira,R. Jorn Josimar Moreira,N,Via Não Pavimentada
4586,36919,RUA JORNALISTA LUDOVICO DE ATAIDE CAVALCANTI,Rua Jornalista Ludovico de Ataíde Cavalcanti,R. Jorn Ludovico de Ataide Cavalcanti,S,Via Pavimentada
7967,68616,RUA JORNALISTA LUIZ BELTRAO DE ANDRADE LIMA,Rua Jornalista Luiz Beltrão de Andrade Lima,R. Jorn Luiz Beltrao de Andrade Lima,N,Via Não Pavimentada
9681,88277,RUA JORNALISTA LUIZ JATOBA,Rua Jornalista Luiz Jatobá,R. Jorn Luiz Jatoba,S,Via Pavimentada
9871,90778,RUA JORNALISTA LUIZ TEIXEIRA,Rua Jornalista Luiz Teixeira,R. Jorn Luiz Teixeira,P,Via Parcialmente Pavimentada
5016,40843,RUA JORNALISTA MALEBRANCHE BERNARD,Rua Jornalista Malebranche Bernard,R. Jorn Malebranche Bernard,P,Via Parcialmente Pavimentada
9685,88315,RUA JORNALISTA MURILO GUEDES,Rua Jornalista Murilo Guedes,R. Jorn Murilo Guedes,S,Via Pavimentada
2360,16624,RUA JORNALISTA MURILO MARROQUIM,Rua Jornalista Murilo Marroquim,R. Jorn Murilo Marroquim,S,Via Pavimentada
5569,45950,RUA JORNALISTA NELSON FIRMO,Rua Jornalista Nelson Firmo,R. Jorn Nelson Firmo,S,Via Pavimentada
9487,86720,RUA JORNALISTA NELSON PEREIRA DE LIMA,Rua Jornalista Nelson Pereira de Lima,R. Jorn Nelson Pereira de Lima,N,Via Não Pavimentada
9374,85502,RUA JORNALISTA NELSON RODRIGUES,Rua Jornalista Nelson Rodrigues,R. Jorn Nelson Rodrigues,S,Via Pavimentada
6351,52957,RUA JORNALISTA NILO PEREIRA,Rua Jornalista Nilo Pereira,R. Jorn. Nilo Pereira,N,Via Não Pavimentada
5799,48097,RUA JORNALISTA OTAVIO MORAES,Rua Jornalista Otavio Morais,R. Jorn Otavio Morais,S,Via Pavimentada
5989,49727,RUA JORNALISTA PAULO BITTENCOURT,Rua Jornalista Paulo Bittencourt,R. Jorn Paulo Bittencourt,S,Via Pavimentada
11895,705594,RUA JORNALISTA PAULO DO COUTO,Rua Jornalista Paulo do Couto,R. Jorn Paulo do Couto,S,Via Pavimentada
9502,86894,RUA JORNALISTA PAULO MATOS,Rua Jornalista Paulo Matos,R. Jorn Paulo Matos,N,Via Não Pavimentada
5397,44350,RUA JORNALISTA RENATO MEDEIROS,Rua Jornalista Renato Medeiros,R. Jorn Renato Medeiros,X,Não definida
9769,89559,RUA JORNALISTA SAMUEL WAINER,Rua Jornalista Samuel Wainer,R. Jorn Samuel Wainer,X,Não definida
11893,705578,RUA JORNALISTA SANEIVA DE VASCONCELOS,Rua Jornalista Saneiva de Vasconcelos,R. Jorn Saneiva de Vasconcelos,S,Via Pavimentada
6490,54305,RUA JORNALISTA SAULO FREIRE,Rua Jornalista Saulo Freire,R. Jorn Saulo Freire,S,Via Pavimentada
6946,58904,RUA JORNALISTA SILVIO OLIVEIRA,Rua jornalista Silvio Oliveira,R. jor. Silvio Oliveira,X,Não definida
7224,61336,RUA JORNALISTA TRAJANO CHACON,Rua Jornalista Trajano Chacon,R. Jorn Trajano Chacon,S,Via Pavimentada
220,53376,RUA JORNALISTA VILMA LESSA,Rua Jornalista Vilma Lessa,R. Jorn Vilma Lessa,S,Via Pavimentada
7684,65552,RUA JORNALISTA WALDETE AGRA,Rua Jornalista Waldete Agra,R. Jorn Waldete Agra,P,Via Parcialmente Pavimentada
3796,29475,RUA JORNALISTA WILSON CARNEIRO DA CUNHA,Rua Jornalista Wilson Carneiro da Cunha,R. Jorn Wilson Carneiro da Cunha,N,Via Não Pavimentada
7707,65803,RUA JORNALISTA WILSON LUSTOSA,Rua Jornalista Wilson Lustosa,R. Jorn Wilson Lustosa,S,Via Pavimentada
8438,74160,RUA JORNAL VANGUARDA,Rua Jornal Vanguarda,R. Jornal Vanguarda,S,Via Pavimentada
4399,35165,RUA JOSE ACIOLE,Rua José Aciole,R. José Aciole,N,Via Não Pavimentada
4398,35157,RUA JOSE ADERVAL CHAVES,Rua José Aderval Chaves,R. José Aderval Chaves,P,Via Parcialmente Pavimentada
4404,35211,RUA JOSE ALEXANDRE CACADOR,Rua José Alexandre Caçador,R. José Alexandre Cacador,S,Via Pavimentada
4407,35246,RUA JOSE ALVES DO NASCIMENTO,Rua José Alves do Nascimento,R. José Alves do Nascimento,N,Via Não Pavimentada
10308,98728,RUA JOSE AMARAL,Rua José Amaral,R. José Amaral,S,Via Pavimentada
2372,16543,RUA JOSE ANFILOQUIO AGUIAR,Rua José Anfilóquio Aguiar,R. José Anfiloquio Aguiar,N,Via Não Pavimentada
4417,35289,RUA JOSE ANTONIO DA COSTA FILHO,Rua José Antônio da Costa Filho,R. José Antônio da Costa Filho,S,Via Pavimentada
3673,35319,RUA JOSE ARMANDO MACHADO,Rua José Armando Machado,R. José Armando Machado,N,Via Não Pavimentada
10187,96350,RUA JOSE AUGUSTO DE BARROS,Rua José Augusto de Barros,R. José Augusto de Barros,P,Via Parcialmente Pavimentada
3674,35335,RUA JOSE AUSTREGESILO,Rua José Austregésilo,R. José Austregesilo,S,Via Pavimentada
3675,35343,RUA JOSE AVELAR,Rua José avelar,R. José Avelar,S,Via Pavimentada
3676,35351,RUA JOSE AZEVEDO MAIA,Rua José Azevedo Maia,R. José Azevedo Maia,S,Via Pavimentada
6753,56987,RUA JOSE BAPTISTA DE ALMEIDA,Rua José Baptista de Almeida,R. José Baptista de Almeida,S,Via Pavimentada
3678,35386,RUA JOSE BARBOSA DE LIRA,Rua José Barbosa de Lira,R. José Barbosa de Lira,S,Via Pavimentada
7724,66001,RUA JOSE BARROS BEZERRA,Rua José Barros Bezerra,R. José Barros Barros Bezerra,S,Via Pavimentada
9586,100064,RUA JOSE BATISTA DE CARVALHO,Rua José Batista de Carvalho,R. José Batista de Carvalho,S,Via Pavimentada
172,35424,RUA JOSE BENEDITO MOURY FERNANDES,Rua José Benedito Moury Fernandes,R. José Benedito Moury Fernandes,S,Via Pavimentada
171,35416,RUA JOSE BENTO BATISTA,Rua José Bento Batista,R. José Bento Batista,P,Via Parcialmente Pavimentada
173,35432,RUA JOSE BEZERRA CAMARA,Rua José Bezerra Camara,R. José Bezerra Camara,N,Via Não Pavimentada
174,35440,RUA JOSE BEZERRA CAVALCANTE,Rua José Bezerra Cavalcante,R. José Bezerra Cavalcante,S,Via Pavimentada
4418,35467,RUA JOSE BONIFACIO,Rua José Bonifácio,R. José Bonifacio,S,Via Pavimentada
4512,36307,RUA JOSE BONIFACIO,Rua José Bonifácio,R. José Bonifacio,S,Via Pavimentada
1443,7927,RUA JOSE CAETANO,Rua José Caetano,R. José Caetano,S,Via Pavimentada
1050,4707,RUA JOSE CARLOS BURLI(CINEASTA),Rua José Carlos Burli (Cineasta),R. José Carlos Burli (Cineasta),N,Via Não Pavimentada
9673,88200,RUA JOSE CARLOS CAVALCANTI BORGES,Rua José Carlos Cavalcanti Borges,R. José Carlos Cavalcanti Borges,S,Via Pavimentada
347,126780,RUA JOSE CARLOS GUERRA,Rua José Carlos Guerra,R. José Carlos Guerra,S,Via Pavimentada
252,68241,RUA JOSE CARLOS NOVAES DA MATA MACHADO,Rua José Carlos Novaes da Mata Machado,R. José Carlos Novaes da Mata Machado,S,Via Pavimentada
4428,35548,RUA JOSE CARNEIRO LINS,Rua José Carneiro Lins,R. José Carneiro Lins,S,Via Pavimentada
4432,35580,RUA JOSE CARVALHEIRA,Rua José Carvalheira,R. José Carvalheira,S,Via Pavimentada
4430,35572,RUA JOSE CATUITE DE ALMEIDA,Rua José Catuíte de Almeida,R. José Catuite de Almeida,S,Via Pavimentada
4433,35599,RUA JOSE CLEMENTINO,Rua José Clementino,R. José Clementino,S,Via Pavimentada
175,35459,RUA JOSE DA BOMBA,Rua José da Bomba,R. José da Bomba,S,Via Pavimentada
4443,35661,RUA JOSE DA CRUZ PINHEIRO FILHO,Rua José da Cruz Pinheiro Filho,R. José da Cruz Pinheiro Filho,S,Via Pavimentada
4563,36730,RUA JOSE DA SILVA LUCENA,Rua José da Silva Lucena,R. José da Silva Lucena,S,Via Pavimentada
4401,35190,RUA JOSE DE ALENCAR,Rua José de Alencar,R. José de Alencar,S,Via Pavimentada
4405,35220,RUA JOSE DE ALMEIDA MACIEL,Rua José de Almeida Maciel,R. José de Almeida Maciel,N,Via Não Pavimentada
4406,35238,RUA JOSE DE ALMEIDA SEIXAS,Rua José de Almeida Seixas,R. José de Almeida Seixas,P,Via Parcialmente Pavimentada
10080,94463,RUA JOSE DE BARROS BEZERRA,Rua José de Barros Bezerra,R. José de Barros Bezerra,S,Via Pavimentada
4429,35564,RUA JOSE DE CARVALHO GAMA,Rua José de Carvalho Gama,R. José de Carvalho Gama,S,Via Pavimentada
4456,35815,RUA JOSE DE FARIAS,Rua José de Farias,R. José de Farias,S,Via Pavimentada
4471,35939,RUA JOSE DE GODOY E VASCONCELOS,Rua José de Godoy e Vasconcelos,R. José de Godoy e Vasconcelos,S,Via Pavimentada
4484,36056,RUA JOSE DE HOLANDA,Rua José de Holanda,R. José de Holanda,S,Via Pavimentada
4446,35696,RUA JOSE D'EMERY CARNEIRO,Rua José D`Emery Carneiro,R. José D`Emery Carneiro,S,Via Pavimentada
369,91022,RUA JOSE DEMETRIO FILHO,Rua José Demétrio Filho,R. José Demetrio Filho,N,Via Não Pavimentada
4447,35700,RUA JOSE DEMETRIOS,Rua José Demétrios,R. José Demetrios,S,Via Pavimentada
4515,36331,RUA JOSE DE MOURA E SILVA,Rua José de Moura e Silva,R. José de Moura e Silva,N,Via Não Pavimentada
4556,36668,RUA JOSE DE SA CARNEIRO,Rua José de Sá Carneiro,R. José de Sa Carneiro,S,Via Pavimentada
4567,36765,RUA JOSE DE SOUZA MARMELO,Rua José de Sousa Marmelo,R. José de Sousa Marmelo,S,Via Pavimentada
11647,124532,RUA JOSE DE SOUZA,Rua José de Souza,R. José de Souza,S,Via Pavimentada
4566,36757,RUA JOSE DE SOUZA BARRETO,Rua José de Souza Barreto,R. José de Souza Barreto,X,Não definida
4579,36854,RUA JOSE DE VASCONCELOS,Rua José de Vasconcelos,R. José de Vasconcelos,S,Via Pavimentada
76,126519,RUA JOSE DE VASCONCELOS,Rua José de Vasconcelos,Rua José de Vasconcelos,N,Via Não Pavimentada
11597,121843,RUA JOSE DO BANDOLIM,Rua José do Bandolim,R. José do Bandolim,S,Via Pavimentada
170,35726,RUA JOSE DOMINGOS DE LIMA,Rua José Domingos de Lima,R. José Domingos de Lima,S,Via Pavimentada
4448,35734,RUA JOSE DOMINGOS REGUEIRA,Rua José Domingos Regueira,R. José Domingos Regueira,X,Não definida
4449,35742,RUA JOSE DOMINGUES DA SILVA,Rua José Domingues da Silva,R. José Domingues da Silva,S,Via Pavimentada
4532,36463,RUA JOSE DO PATROCINIO,Rua José do Patrocinio,R. José do Patrocinio,N,Via Não Pavimentada
4558,36692,RUA JOSE DOS SANTOS,Rua José dos Santos,R. José Dos Santos,S,Via Pavimentada
11913,707066,RUA JOSE DURVAL CARNEIRO CAMPELO,Rua José Durval Carneiro Campelo,R. José Durval Carneiro,N,Via Não Pavimentada
4450,35769,RUA JOSE EDUARDO MOURA,Rua José Eduardo Moura,R. José Eduardo Moura,S,Via Pavimentada
4451,35777,RUA JOSE EGIDIO,Rua José Egídio,R. José Egidio,X,Não definida
4072,32280,RUA JOSE EUSTACIO VIEIRA -VOVO ZERINHO,Rua José Eustáquio Vieira - Vovô Zerinho,R. José Eustácio Vieira -Vovô Zerinho,S,Via Pavimentada
6357,53015,RUA JOSE EVANILDO BARBOSA,Rua José Evanildo Barbosa,R. José Evanildo Barbosa,S,Via Pavimentada
8578,75558,RUA JOSEFA PAES DE CARVALHO,Rua Josefa Paes de Carvalho,R. Josefa Paes de Carvalho,X,Não definida
10128,95249,RUA JOSE FELIPE SANTIAGO,Rua José Felipe Santiago,R. José Felipe Santiago,S,Via Pavimentada
8236,71811,RUA JOSE FELIX,Rua José Félix,R. José Felix,S,Via Pavimentada
4461,35858,RUA JOSE FERNANDES DE SOUZA,Rua José Fernandes de Souza,R. José Fernandes de Souza,N,Via Não Pavimentada
4459,35840,RUA JOSE FERNANDES PORTUGAL,Rua José Fernandes Portugal,R. José Fernandes Portugal,S,Via Pavimentada
5406,44431,RUA JOSE FIRMO PIRES,Rua José Firmo Pires,R. José Firmo Pires,N,Via Não Pavimentada
4464,35882,RUA JOSE FRANCISCO DE SOUZA,Rua José Francisco de Souza,R. José Francisco de Souza,S,Via Pavimentada
4465,35890,RUA JOSE FRIGUEIRO,Rua José Frigueiro,R. José Frigueiro,N,Via Não Pavimentada
4469,35912,RUA JOSE FULGINO DE MELO,Rua José Fulgino de Melo,R. José Fulgino de Melo,N,Via Não Pavimentada
7386,62510,RUA JOSE GERALDO DE CARVALHO,Rua José Geraldo de Carvalho,R. José Geraldo de Carvalho,N,Via Não Pavimentada
4473,35963,RUA JOSE GOMES DE MOURA,Rua José Gomes de Moura,R. José Gomes de Moura,P,Via Parcialmente Pavimentada
4479,36021,RUA JOSE HIGINO,Rua José Higino,R. José Higino,S,Via Pavimentada
4481,36048,RUA JOSE HIPOLITO CARDOSO,Rua José Hipólito Cardoso,R. José Hipolito Cardoso,S,Via Pavimentada
5502,45349,RUA JOSE INOCENCIO PEREIRA,Rua José Inocêncio Pereira,R. José Inocencio Pereira,S,Via Pavimentada
355,126888,RUA JOSE JULIO DE OLIVEIRA,RUA JOSÉ JÚLIO DE OLIVEIRA,R. José Júlio de Oliveira,S,Via Pavimentada
4590,36951,RUA JOSELANDIA,Rua Joselândia,R. Joselandia,N,Via Não Pavimentada
7448,63061,RUA JOSE LEONCIO GALVAO,Rua José Leoncio Galvao,R. José Leoncio Galvao,S,Via Pavimentada
4489,36099,RUA JOSE LINS DO REGO,Rua José Lins do Rego,R. José Lins do Rego,S,Via Pavimentada
9119,82180,RUA JOSE LINS DO REGO,Rua José Lins do Rego,R. José Lins do Rego,S,Via Pavimentada
4490,36102,RUA JOSE LISTER,Rua José Líster,R. José Lister,S,Via Pavimentada
4493,36137,RUA JOSE LUIZ DA SILVEIRA BARROS,Rua José Luiz da Silveira Barros,R. José Luiz da Silveira Barros,S,Via Pavimentada
9363,85340,RUA JOSE LUIZ DA S BARROS SOBRINHO,Rua José Luiz de O Barros Sobrinho,R. José Luiz de O Barros Sobrinho,S,Via Pavimentada
4494,36145,RUA JOSE LUIZ TEIXEIRA LEITE,Rua José Luíz Teixeira Leite,R. José Luíz Teixeira Leite,S,Via Pavimentada
8658,76597,RUA JOSE LUIZ VIEIRA,Rua José Luiz Vieira,R. José Luiz Vieira,S,Via Pavimentada
7929,68110,RUA JOSE MANOEL,Rua José Manoel,R. José Manoel,S,Via Pavimentada
9486,86711,RUA JOSE MARCELO DOS SANTOS,Rua José Marcelo dos Santos,R. José Marcelo Dos Santos,N,Via Não Pavimentada
8229,71757,RUA JOSE MARIA DE MIRANDA,Rua José Maria de Miranda,R. José Maria de Miranda,S,Via Pavimentada
8770,78085,RUA JOSE MARIA DE MIRANDA II,Rua José Maria de Miranda II,R. José Maria de Miranda II,N,Via Não Pavimentada
4505,36242,RUA JOSE MARIANO FILHO,Rua José Mariano Filho,R. José Mariano Filho,S,Via Pavimentada
4500,36218,RUA JOSE MARIO FREIRE,Rua José Mário Freire,R. José Mario Freire,S,Via Pavimentada
4507,36269,RUA JOSE MARTORANO,Rua José Martorano,R. José Martorano,S,Via Pavimentada
4510,36285,RUA JOSE MENEZES DE LYRA FILHO,Rua José Menezes de Lyra Filho,R. José Menezes de Lyra Filho,S,Via Pavimentada
7913,67962,RUA JOSE MILTON BARBOSA,Rua José Milton Barbosa,R. José Milton Barbosa,S,Via Pavimentada
4511,36293,RUA JOSE MIRANDA,Rua José Miranda,R. José Miranda,S,Via Pavimentada
2186,14893,RUA JOSE MOLITERNO,Rua José Moliterno,R. José Moliterno,N,Via Não Pavimentada
4513,36315,RUA JOSE MOREIRA LEAL,Rua José Moreira Leal,R. José Moreira Leal,S,Via Pavimentada
4514,36323,RUA JOSE MOREIRA REIS,Rua José Moreira Reis,R. José Moreira Reis,N,Via Não Pavimentada
4516,36340,RUA JOSE MUCIO MONTEIRO,Rua José Múcio Monteiro,R. José Mucio Monteiro,S,Via Pavimentada
4519,36366,RUA JOSE NATARIO,Rua José Natário,R. José Natario,S,Via Pavimentada
4524,36382,RUA JOSE NOGUEIRA,Rua José Nogueira,R. José Nogueira,P,Via Parcialmente Pavimentada
10089,94757,RUA JOSENOPOLIS,Rua Josénopolis,R. Josenopolis,P,Via Parcialmente Pavimentada
4527,36412,RUA JOSE NORONHA,Rua José Noronha,R. José Noronha,S,Via Pavimentada
4526,36404,RUA JOSE NOYA,Rua José Noya,R. José Noya,S,Via Pavimentada
4528,36420,RUA JOSE OSORIO,Rua José Osório,R. José Osorio,S,Via Pavimentada
4529,36439,RUA JOSE OSWALD,Rua José Oswald,R. José Oswald,N,Via Não Pavimentada
4530,36447,RUA JOSE PAES DE BARROS,Rua José Paes de Barros,R. José Paes de Barros,S,Via Pavimentada
4531,36455,RUA JOSE PARAISO,Rua José Paraíso,R. José Paraiso,S,Via Pavimentada
4533,36471,RUA JOSE PENANTE,Rua José Penante,R. José Penante,S,Via Pavimentada
95,3832,RUA JOSE PEREGRINO,Rua José Peregrino,R. José Peregrino,S,Via Pavimentada
4535,36501,RUA JOSE PESSOA DE QUEIROZ,Rua José Pessoa de Queiroz,R. José Pessoa de Queiroz,S,Via Pavimentada
4593,36978,RUA JOSEPH TURTON,Rua Joseph Turton,R. Joseph Turton,S,Via Pavimentada
4536,36510,RUA JOSE PIMENTEL,Rua José Pimentel,R. José Pimentel,S,Via Pavimentada
4537,36528,RUA JOSE PONCIANO,Rua José Ponciano,R. José Ponciano,S,Via Pavimentada
4540,36560,RUA JOSE REBOUCAS,Rua José Rebouças,R. José Reboucas,S,Via Pavimentada
4547,36617,RUA JOSE RODRIGUES,Rua José Rodrigues,R. José Rodrigues,S,Via Pavimentada
4548,36625,RUA JOSE RODRIGUES DA ROCHA,Rua José Rodrigues da Rocha,R. José Rodrigues da Rocha,S,Via Pavimentada
4560,36706,RUA JOSE SANTOS ARAQUAN,Rua José Santos Araquan,R. José Santos Araquan,S,Via Pavimentada
7877,67610,RUA JOSE SEVERINO DE AGUIAR,Rua José Severino de Aguiar,R. José Severino de Aguiar,X,Não definida
4568,36773,RUA JOSE STIVAL,Rua José Stival,R. José Stival,S,Via Pavimentada
4574,36803,RUA JOSE TAVARES DA MOTA,Rua José Tavares da Mota,R. José Tavares da Mota,S,Via Pavimentada
4572,36790,RUA JOSE TAVARES DE HOLANDA,Rua José Tavares de Holanda,R. José Tavares de Holanda,N,Via Não Pavimentada
4576,36820,RUA JOSE TIBURCIO CAVALCANTI,Rua José Tiburcio Cavalcanti,R. José Tiburcio Cavalcanti,S,Via Pavimentada
4577,36838,RUA JOSE TRAJANO,Rua José Trajano,R. José Trajano,S,Via Pavimentada
4578,36846,RUA JOSE TRIGUEIRO,Rua José Trigueiro,R. José Trigueiro,S,Via Pavimentada
4581,36862,RUA JOSE VELOSO,Rua José Veloso,R. José Veloso,S,Via Pavimentada
4585,36900,RUA JOSE VICENTE MEIRA FILHO,Rua José Vicente Meira Filho,R. José Vicente Meira Filho,P,Via Parcialmente Pavimentada
8527,74896,RUA JOSIAS RODRIGUES DOS SANTOS,Rua Josias Rodrigues dos Santos,R. Josias Rodrigues Dos Santos,N,Via Não Pavimentada
9329,84735,RUA JOSITA ALMEIDA,Rua Josita Almeida,R. Josita Almeida,S,Via Pavimentada
346,126772,RUA JOSITA DE ALMEIDA,Rua Josita de Almeida,R. Josita de Almeida,S,Via Pavimentada
8410,73857,RUA JOSUE PEREIRA,Rua Josué Pereira,R. Josue Pereira,S,Via Pavimentada
5048,41130,RUA JOTA SOARES,Rua Jota Soares,R. Jota Soares,N,Via Não Pavimentada
8426,74012,RUA JOUBERT DE CARVALHO,Rua Joubert de Carvalho,R. Joubert de Carvalho,S,Via Pavimentada
4595,37028,RUA JOVELINO SELVA,Rua Jovelino Selva,R. Jovelino Selva,S,Via Pavimentada
9358,85286,RUA JOVEM JOAO SANTOS NETO,Rua Jovem João Santos Neto,R. Jovem João Santos Neto,P,Via Parcialmente Pavimentada
2773,19992,RUA JUARA,Rua Juara,R. Juara,X,Não definida
4596,37044,RUA JUAREZ MILLET,Rua Juarez Millet,R. Juarez Millet,P,Via Parcialmente Pavimentada
8035,69671,RUA JUARINA,Rua Juarina,R. Juarina,S,Via Pavimentada
4600,37060,RUA JUAZEIRO,Rua Juazeiro,R. Juazeiro,S,Via Pavimentada
4601,37087,RUA JUBIM,Rua Jubim,R. Jubim,S,Via Pavimentada
10362,99384,RUA JUDITE,Rua Judite,R. Judite,S,Via Pavimentada
4603,37109,RUA JUDITH,Rua Judith,R. Judith,S,Via Pavimentada
1499,8443,RUA JUIZ ARTUR MACIEL,Rua Juiz Artur Maciel,R. Juiz Artur Maciel,S,Via Pavimentada
11694,124990,RUA JUIZ GERALDO VALENCA,Rua Juiz Geraldo Valença,R. Juiz Geraldo Valença,N,Via Não Pavimentada
9116,82120,RUA JUIZ MILTON LYRA,Rua Juiz Milton Lyra,R. Juiz Milton Lyra,N,Via Não Pavimentada
11885,705500,RUA JUIZ PEDRO MONTENEGRO,Rua Juiz Pedro Montenegro,R. Juiz Pedro Montenegro,S,Via Pavimentada
8842,78832,RUA JULIA DE SOUZA FRAGA,Rua Julia de Souza Fraga,R. Julia de Souza Fraga,N,Via Não Pavimentada
4606,37125,RUA JULIANIA,Rua Juliania,R. Juliania,S,Via Pavimentada
4605,37117,RUA JULIAO NETO,Rua Julião Neto,R. Juliao Neto,S,Via Pavimentada
4609,37150,RUA JULIO ANTUNES CAMPELO,Rua Julio Antunes Campelo,R. Julio Antunes Campelo,S,Via Pavimentada
4611,37176,RUA JULIO BERNARDO,Rua Júlio Bernardo,R. Julio Bernardo,S,Via Pavimentada
4614,37206,RUA JULIO DE CASTILHO,Rua Julio de Castilho,R. Julio de Castilho,P,Via Parcialmente Pavimentada
5841,48437,RUA JULIO JOSE DE SOUZA,Rua Júlio José de Souza,R. Julio José de Souza,S,Via Pavimentada
5314,43680,RUA JULIO LIBORIO DA SILVA,Rua Júlio Libório da Silva,R. Julio Liborio da Silva,S,Via Pavimentada
4621,37257,RUA JULIO LIMA,Rua Júlio Lima,R. Julio Lima,S,Via Pavimentada
4625,37281,RUA JULIO PIRES,Rua Júlio Pires,R. Julio Pires,S,Via Pavimentada
4626,37290,RUA JULIO RAMOS,Rua Júlio Ramos,R. Julio Ramos,S,Via Pavimentada
4628,37303,RUA JULIO RIOS,Rua Júlio Rios,R. Julio Rios,S,Via Pavimentada
4632,37338,RUA JULIO VERNE,Rua Júlio Verne,R. Julio Verne,P,Via Parcialmente Pavimentada
4633,37346,RUA JUMA,Rua Juma,R. Juma,S,Via Pavimentada
4634,37354,RUA JUNDIA,Rua Jundiá,R. Jundia,S,Via Pavimentada
4635,37362,RUA JUNDIAI,Rua Jundiaí,R. Jundiai,S,Via Pavimentada
4637,37389,RUA JUNQUEIRA FREIRE,Rua Junqueira Freire,R. Junqueira Freire,S,Via Pavimentada
4638,37397,RUA JUNQUEIRO,Rua Junqueiro,R. Junqueiro,S,Via Pavimentada
4639,37400,RUA JUPARANA,Rua Juparana,R. Juparana,N,Via Não Pavimentada
2614,18570,RUA JUPIA,Rua Jupia,R. Jupia,S,Via Pavimentada
4642,37427,RUA JUPIACARA,Rua Jupiáçara,R. Jupiacara,N,Via Não Pavimentada
4570,37435,RUA JUPIATA,Rua Jupiatá,R. Jupiata,P,Via Parcialmente Pavimentada
4571,37443,RUA JUPIRACY,Rua Jupiracy,R. Jupiracy,S,Via Pavimentada
4518,37460,RUA JURANDA,Rua Juranda,R. Juranda,S,Via Pavimentada
4643,37478,RUA JUREMA,Rua Jurema,R. Jurema,N,Via Não Pavimentada
8754,77887,RUA JUREMAL,Rua Juremal,R. Juremal,S,Via Pavimentada
4644,37486,RUA JURIPIRANGA,Rua Juripiranga,R. Juripiranga,S,Via Pavimentada
7775,66524,RUA JURITI,Rua Juriti,R. Juriti,N,Via Não Pavimentada
4645,37494,RUA JURITI,Rua Juriti,R. Juriti,S,Via Pavimentada
10481,101265,RUA JURUA,Rua Juruá,R. Jurua,X,Não definida
7489,63495,RUA JURUMIRIM,Rua Jurumirim,R. Jurumirim,N,Via Não Pavimentada
4646,37516,RUA JURUPATA,Rua Jurupatã,R. Jurupata,N,Via Não Pavimentada
4647,37524,RUA JURUPATAN,Rua Jurupatan,R. Jurupatan,S,Via Pavimentada
4648,37532,RUA JUSCELANDIA,Rua Juscelândia,R. Juscelandia,N,Via Não Pavimentada
7965,69000,RUA JUSSARA,Rua Jussara,R. Jussara,N,Via Não Pavimentada
9976,92177,RUA JUSSARI,Rua Jussari,R. Jussari,X,Não definida
715,1597,RUA JUSTINA ASSUNCAO DE FRANCA,Rua Justina Assunção de França,R. Justina Assunção de Franca,S,Via Pavimentada
10376,99554,RUA JUTAI,Rua Jutai,R. Jutai,N,Via Não Pavimentada
4656,37613,RUA JUVANDA,Rua Juvanda,R. Juvanda,S,Via Pavimentada
4657,37621,RUA JUVENAL GALENO,Rua Juvenal Galeno,R. Juvenal Galeno,N,Via Não Pavimentada
4659,37648,RUA JUVENCIO MARQUES DA CUNHA,Rua Juvêncio Marques da Cunha,R. Juvencio Marques da Cunha,S,Via Pavimentada
10559,107360,RUA JUVENILIA,Rua Juvenilia,R. Juvenilia,N,Via Não Pavimentada
4662,37664,RUA JUVINA FRANCISCA DE OLIVEIRA,Rua Juvina Francisca de Oliveira,R. Juvina Francisca de Oliveira,S,Via Pavimentada
2379,16616,RUA LACERDOPOLIS,Rua Lacerdópolis,R. Lacerdopolis,S,Via Pavimentada
4668,37729,RUA LADARIO DE SOUZA,Rua Ladário de Souza,R. Ladário de Souza,S,Via Pavimentada
4672,37737,RUA LADEIRA DE PEDRA,Rua Ladeira de Pedra,R. Ladeira de Pedra,S,Via Pavimentada
4677,37761,RUA LADY LEAO,Rua Lady Leão,R. Lady Leao,S,Via Pavimentada
4678,37770,RUA LAETE LEMOS,Rua Laete Lemos,R. Laete Lemos,S,Via Pavimentada
4681,37800,RUA LAGAMAR,Rua Lagamar,R. Lagamar,P,Via Parcialmente Pavimentada
4689,37869,RUA LAGE DE UNA,Rua Lage de Una,R. Lage de Una,S,Via Pavimentada
4683,37826,RUA LAGE GRANDE,Rua Lage Grande,R. Lage Grande,S,Via Pavimentada
111,12360,RUA LAGOA DA CANOA,Rua Lagoa da Canoa,R. Lagoa da Canoa,N,Via Não Pavimentada
4698,37923,RUA LAGOA DE ITAENGA,Rua Lagoa de Itaenga,R. Lagoa de Itaenga,S,Via Pavimentada
4699,37940,RUA LAGOA DO OURO,Rua Lagoa do Ouro,R. Lagoa do Ouro,S,Via Pavimentada
1863,11924,RUA LAGOA DO RANCHO,Rua Lagoa do Rancho,R. Lagoa do Rancho,S,Via Pavimentada
8993,80799,RUA LAGOA DOURADA,Rua Lagoa Dourada,R. Lagoa Dourada,N,Via Não Pavimentada
10173,96148,RUA LAGOA DO ZUMBI,Rua Lagoa do Zumbi,R. Lagoa do Zumbi,S,Via Pavimentada
8994,80802,RUA LAGOA FORMOSA,Rua Lagoa Formosa,R. Lagoa Formosa,N,Via Não Pavimentada
8992,80780,RUA LAGOA NOVA,Rua Lagoa Nova,R. Lagoa Nova,S,Via Pavimentada
4701,37966,RUA LAGOA PRETA,Rua Lagoa Preta,R. Lagoa Preta,S,Via Pavimentada
4702,37974,RUA LAGOA REAL,Rua Lagoa Real,R. Lagoa Real,S,Via Pavimentada
4703,37982,RUA LAGOA SANTA,Rua Lagoa Santa,R. Lagoa Santa,S,Via Pavimentada
4705,37990,RUA LAGOA SECA,Rua Lagoa Seca,R. Lagoa Seca,P,Via Parcialmente Pavimentada
4706,38008,RUA LAGOA VERMELHA,Rua Lagoa Vermelha,R. Lagoa Vermelha,S,Via Pavimentada
1374,7293,RUA LAGO AZUL,Rua Lago Azul,R. Lago Azul,S,Via Pavimentada
4695,37885,RUA LAGO VERDE,Rua Lago Verde,R. Lago Verde,S,Via Pavimentada
4708,38024,RUA LAGUNA,Rua Laguna,R. Laguna,S,Via Pavimentada
7988,68985,RUA LAJEADO,Rua Lajeado,R. Lajeado,N,Via Não Pavimentada
4684,37834,RUA LAGEDINHO,Rua Lajedinho,R. Lajedinho,S,Via Pavimentada
7183,60992,RUA LAJEDO,Rua Lajedo,R. Lajedo,X,Não definida
4685,37842,RUA LAJEDO,Rua Lajedo,R. Lajedo,S,Via Pavimentada
4687,37850,RUA LAJES,Rua Lajes,R. Lajes,N,Via Não Pavimentada
4709,38032,RUA LAMBARI,Rua Lambari,R. Lambari,S,Via Pavimentada
4712,38059,RUA LANDELINO CAMARA,Rua Landelino Câmara,R. Landelino Camara,S,Via Pavimentada
8383,73520,RUA LANDIN SALES,Rua Landin Sales,R. Landin Sales,S,Via Pavimentada
83,24414,RUA LAPA,Rua Lapa,R. Lapa,N,Via Não Pavimentada
8207,71536,RUA LAPELA,Rua Lapela,R. Lapela,S,Via Pavimentada
4691,38113,RUA LARANJAL,Rua Laranjal,R. Laranjal,N,Via Não Pavimentada
4722,38130,RUA LARGA DO FEITOSA,Rua Larga do Feitosa,R. Larga do Feitosa,S,Via Pavimentada
4723,38148,RUA LARGA DO ROSARIO,Rua Larga do Rosário,R. Larga do Rosario,X,Não definida
4958,40282,RUA LARGO DO POCO,Rua Largo do Poço,R. Largo do Poco,S,Via Pavimentada
4725,38164,RUA LASSERRE,Rua Lassérre,R. Lasserre,X,Não definida
4726,38172,RUA LASTRO,Rua Lastro,R. Lastro,N,Via Não Pavimentada
5404,44423,RUA LAURA BANDEIRA DE MELLO,Rua Laura Bandeira de Mello,R. Laura Bandeira de Mello,S,Via Pavimentada
4727,38180,RUA LAURA CAMPELO,Rua Laura Campelo,R. Laura Campelo,S,Via Pavimentada
4731,38229,RUA LAURENTINO TAVARES DE CARVALHO,Rua Laurentino Tavares de Carvalho,R. Laurentino Tavares de Carvalho,S,Via Pavimentada
4732,38237,RUA LAURINDO COELHO,Rua Laurindo Coelho,R. Laurindo Coelho,S,Via Pavimentada
4734,38245,RUA LAURINDO LEAO,Rua Laurindo Leão,R. Laurindo Leao,S,Via Pavimentada
4735,38253,RUA LAURINDO RODRIGUES CAMPELO,Rua Laurindo Rodrigues Campelo,R. Laurindo Rodrigues Campelo,N,Via Não Pavimentada
4737,38270,RUA LAURO DE FREITAS,Rua Lauro de Freitas,R. Lauro de Freitas,N,Via Não Pavimentada
4741,38326,RUA LAURO DE SOUZA,Rua Lauro de Souza,R. Lauro de Souza,N,Via Não Pavimentada
4738,38296,RUA LAURO MONTENEGRO,Rua Lauro Montenegro,R. Lauro Montenegro,S,Via Pavimentada
11759,126071,RUA LAURO RIBEIRO DE GUSMAO,Rua Lauro Ribeiro de Gusmão,R. Lauro Ribeiro de Gusmão,N,Via Não Pavimentada
4739,38318,RUA LAURO SODRE,Rua Lauro Sodré,R. Lauro Sodre,S,Via Pavimentada
7811,66907,RUA LAVANDEIRA,Rua Lavandeira,R. Lavandeira,N,Via Não Pavimentada
4742,38334,RUA LAVINIA,Rua Lavínia,R. Lavinia,P,Via Parcialmente Pavimentada
8468,74489,RUA LAVRAS DO SUL,Rua Lavras do Sul,R. Lavras do Sul,S,Via Pavimentada
4743,38342,RUA LAVRINHAS,Rua Lavrinhas,R. Lavrinhas,S,Via Pavimentada
4692,38350,RUA LAZARO FONTES,Rua Lázaro Fontes,R. Lazaro Fontes,S,Via Pavimentada
11527,120901,RUA LEAL,Rua Leal,R. Leal,N,Via Não Pavimentada
4744,38377,RUA LEAL DE BARROS,Rua Leal de Barros,R. Leal de Barros,P,Via Parcialmente Pavimentada
4745,38385,RUA LEANDRO BARRETO,Rua Leandro Barreto,R. Leandro Barreto,S,Via Pavimentada
4749,38415,RUA LEAO COROADO,Rua Leão Coroado,R. Leao Coroado,S,Via Pavimentada
4750,38423,RUA LEAO FALCAO,Rua Leão Falcão,R. Leão Falcão,P,Via Parcialmente Pavimentada
4751,38431,RUA LEAO XIII,Rua Leão Treze,R. Leão Treze,S,Via Pavimentada
6317,52728,RUA LEA PABST CRAVEIRO,Rua Léa Pabst Craveiro,R. Lea Pabst Craveiro,S,Via Pavimentada
4752,38440,RUA LEBLON,Rua Leblon,R. Leblon,S,Via Pavimentada
9351,85227,RUA LEBLON,Rua Leblon,R. Leblon,P,Via Parcialmente Pavimentada
4753,38458,RUA LEBON REGIS,Rua Lebon Regis,R. Lebon Regis,X,Não definida
4754,38466,RUA LEDINHA,Rua Ledinha,R. Ledinha,P,Via Parcialmente Pavimentada
4755,38474,RUA LEILA FELIX KARAM,Rua Leila Felix Karam,R. Leila Felix Karam,P,Via Parcialmente Pavimentada
5972,49590,RUA LEME,Rua Leme,R. Leme,N,Via Não Pavimentada
4718,38490,RUA LEMOS TORRES,Rua Lemos Torres,R. Lemos Torres,S,Via Pavimentada
8834,78778,RUA LENIRA,Rua Lenira,R. Lenira,S,Via Pavimentada
4758,38504,RUA LEOBERTO LEAL,Rua Leoberto Leal,R. Leoberto Leal,N,Via Não Pavimentada
4759,38512,RUA LEOBINA PEREIRA,Rua Leobina Pereira,R. Leobina Pereira,S,Via Pavimentada
4767,38598,RUA LEONARDO BEZERRA CAVALCANTI,Rua Leonardo Bezerra Cavalcanti,R. Leonardo Bezerra Cavalcante,S,Via Pavimentada
4771,38601,RUA LEONARDO DA VINCI,Rua Leonardo da Vinci,R. Leonardo da Vinci,S,Via Pavimentada
4762,38547,RUA LEONCIO RODRIGUES,Rua Leoncio Rodrigues,R. Leoncio Rodrigues,S,Via Pavimentada
9438,86738,RUA LEONEL ALVES PONTES,Rua Leonel Alves Pontes,R. Leonel Alves Pontes,N,Via Não Pavimentada
4760,38520,RUA LEON HELMER,Rua Leon Helmer,R. Leon Helmer,S,Via Pavimentada
4774,38628,RUA LEONIDAS AMARAL,Rua Leônidas Amaral,R. Leonidas Amaral,S,Via Pavimentada
4763,38555,RUA LEONOR SOARES PESSOA,Rua Leonor Soares Pessoa,R. Leonor Soares Pessoa,N,Via Não Pavimentada
4787,38717,RUA LEOPOLDINO SILVA,Rua Leopoldino Silva,R. Leopoldino Silva,N,Via Não Pavimentada
4764,38563,RUA LEOPOLDO BULHOES,Rua Leopoldo Bulhões,R. Leopoldo Bulhoes,P,Via Parcialmente Pavimentada
4785,38695,RUA LEOPOLIS,Rua Leópolis,R. Leopolis,N,Via Não Pavimentada
4786,38709,RUA LEOVIGILDO JUNIOR,Rua Leovigildo Júnior,R. Leovigildo Junior,S,Via Pavimentada
10805,111260,RUA LE PARC,Rua Le Parc,R. Le Parc,X,Não definida
4788,38725,RUA LESTE,Rua Leste,R. Leste,S,Via Pavimentada
4790,38750,RUA LEVINO FERREIRA,Rua Levino Ferreira,R. Levino Ferreira,N,Via Não Pavimentada
8076,70114,RUA LEVINOPOLIS,Rua Levinópolis,R. Levinopolis,S,Via Pavimentada
1982,12670,RUA LEVINOPOLIS,Rua Levinópolis,R. Levinopolis,S,Via Pavimentada
11220,116726,RUA LIBERDADE,Rua Liberdade,R. Liberdade,N,Via Não Pavimentada
4796,38776,RUA LIBIA CASTRO ASSIS,Rua Libia Castro Assis,R. Libia Castro Assis,S,Via Pavimentada
10373,99520,RUA LICURI,Rua Licuri,R. Licuri,N,Via Não Pavimentada
4798,38806,RUA LIDIA DA CRUZ CAVALCANTI,Rua Lídia da Cruz Cavalcanti,R. Lidia da Cruz Cavalcanti,N,Via Não Pavimentada
4799,38814,RUA LIDIA GUIMARAES,Rua Lidia Guimaraes,R. Lidia Guimaraes,N,Via Não Pavimentada
4797,38792,RUA LIDIA RODRIGUES ALVES,Rua Lidia Rodrigues Alves,R. Lidia Rodrigues Alves,S,Via Pavimentada
4801,38849,RUA LILAZ,Rua Lilaz,R. Lilaz,S,Via Pavimentada
4805,38890,RUA LIMA CAMPOS,Rua Lima Campos,R. Lima Campos,S,Via Pavimentada
24,38911,RUA LIMA DUARTE,Rua Lima Duarte,R. Lima Duarte,S,Via Pavimentada
26,38938,RUA LIMEIRA,Rua Limeira,R. Limeira,P,Via Parcialmente Pavimentada
10666,110000,RUA LIMITE DE MUNICIPIO,Rua Limite de Município,R. Limite de Municipio,P,Via Parcialmente Pavimentada
500,38946,RUA LIMOEIRO,Rua Limoeiro,R. Limoeiro,S,Via Pavimentada
501,38954,RUA LINDA BELA,Rua Linda Bela,R. Linda Bela,X,Não definida
11472,120324,RUA LINDA FLOR,Rua Linda Flôr,R. Linda Flor,N,Via Não Pavimentada
180,38970,RUA LINDOIA DO NORTE,Rua Lindóia do Norte,R. Lindoia do Norte,S,Via Pavimentada
184,39047,RUA LINDOLFO COLLOR,Rua Lindolfo Color,R. Lindolfo Color,S,Via Pavimentada
8783,78433,RUA LINGUADO,Rua Linguado,R. Linguado,N,Via Não Pavimentada
181,38989,RUA LINHA NOVA,Rua Linha Nova,R. Linha Nova,S,Via Pavimentada
8117,70530,RUA LINS DO REGO,Rua Lins do Rego,R. Lins do Rego,S,Via Pavimentada
509,46302,RUA LIRIO DOS VALES,Rua Lirio dos Vales,R. Lirio Dos Vales,N,Via Não Pavimentada
7494,63541,RUA LIRIO DO VALE,Rua Lírio do Vale,R. Lirio do Vale,S,Via Pavimentada
11704,125113,RUA LIRIO DO VALE I,Rua Lírio do Vale I,R Lírio do Vale I,S,Via Pavimentada
11803,137855,RUA LIRIO FORMOSO,Rua Lírio Formoso,"R,. Lírio Formoso",N,Via Não Pavimentada
8444,74217,RUA LIRIO DOS VALES,Rua Liro dos Vales,R. Liro dos Vales,N,Via Não Pavimentada
4814,39128,RUA LISBOA,Rua Lisboa,R. Lisboa,S,Via Pavimentada
4819,39179,RUA LIZARDA,Rua Lizarda,R. Lizarda,S,Via Pavimentada
4820,39187,RUA LOANDA,Rua Loanda,R. Loanda,S,Via Pavimentada
9529,87220,RUA LOCUTOR ABILO DE CASTRO,Rua Locutor Abílio de Castro,R. Locutor Abílio de Castro,P,Via Parcialmente Pavimentada
4829,39268,RUA LONDRINA,Rua Londrina,R. Londrina,S,Via Pavimentada
4832,39284,RUA LONTRAS,Rua Lontras,R. Lontras,S,Via Pavimentada
4834,39306,RUA LOPES DE CARVALHO,Rua Lopes de Carvalho,R. Lopes de Carvalho,S,Via Pavimentada
4837,39330,RUA LOPES TROVAO,Rua Lopes Trovão,R. Lopes Trovao,S,Via Pavimentada
4840,39357,RUA LORENA,Rua Lorena,R. Lorena,S,Via Pavimentada
2646,18902,RUA LORETO,Rua Loreto,R. Loreto,S,Via Pavimentada
4842,39381,RUA LOUIS PASTEUR,Rua Louis Pasteur,R. Louis Pasteur,S,Via Pavimentada
7916,67997,RUA LOURDES MARIA WANDERLEY PONTES,Rua Lourdes Maria Wanderley Pontes,R. Lourdes Maria Wanderley Pontes,S,Via Pavimentada
4847,39420,RUA LOURDES REGUEIRA,Rua Lourdes Regueira,R. Lourdes Regueira,X,Não definida
9285,84174,RUA LOURDINHA BITTENCOURT,Rua Lourdinha Bittencourt,R. Lourdinha Bittencourt,S,Via Pavimentada
4849,39446,RUA LOURENCO BEZERRA,Rua Lourenço Bezerra,R. Lourenco Bezerra,S,Via Pavimentada
4825,39470,RUA LOURENCO DA SILVA,Rua Lourenço da Silva,R. Lourenco da Silva,S,Via Pavimentada
4851,39462,RUA LOURENCO DE SA,Rua Lourenço de Sá,R. Lourenco de Sa,S,Via Pavimentada
11912,707058,RUA LOURIVAL BANDEIRA DE MELO,Rua Lourival Bandeira de Melo,R. Lourival Bandeira de Melo,N,Via Não Pavimentada
8512,74764,RUA LOURIVAL JUNIOR,Rua Lourival Junio,R. Lourival Junio,N,Via Não Pavimentada
3693,28584,RUA LUAR DE PRATA,Rua Luar de Prata,R. Luar de Prata,N,Via Não Pavimentada
2595,18619,RUA LUCEIA,Rua Lucéia,R. Luceia,S,Via Pavimentada
4854,39527,RUA LUCELIA,Rua Lucélia,R. Lucelia,P,Via Parcialmente Pavimentada
4862,39594,RUA LUCIANO COSTA,Rua Luciano Costa,R. Luciano Costa,S,Via Pavimentada
4864,39624,RUA LUCILO VAREJAO,Rua Lucilo Varejao,R. Lucilo Varejao,S,Via Pavimentada
8714,77461,RUA LUCRECIA,Rua Lucrécia,R. Lucrecia,X,Não definida
4884,39640,RUA LUDGERO DA PAZ,Rua Ludgero da Paz,R. Ludgero da Paz,S,Via Pavimentada
7905,67881,RUA LUIS ANDRADE DE SA E BENEVIDES,Rua Luis Andrade de Sá e Benevides,R. Luis Andrade de Sá e Benevides,S,Via Pavimentada
7350,68233,RUA LUIS DE ALMEIDA ARAUJO,Rua Luis de Almeida Araújo,R. Luis de Almeida Araujo,S,Via Pavimentada
11651,124559,RUA LUIS EURICO TEJERA LISBOA,Rua Luis Eurico Tejera Lisboa,R Luis Eurico Tejera Lisboa,N,Via Não Pavimentada
4917,39900,RUA LUIS GAMA,Rua Luís Gama,R. Luis Gama,X,Não definida
4886,39667,RUA LUISIANIA,Rua Luisiânia,R. Luisiania,S,Via Pavimentada
5464,45047,RUA LUIS INACIO MARANHAO FILHO,Rua Luis Inácio Maranhão Filho,R. Luis Inacio Maranhao Filho,S,Via Pavimentada
4922,39942,RUA LUIS JACINTO DA SILVA,Rua Luis Jacinto da Silva,R. Luis Jacinto da Silva,S,Via Pavimentada
254,68250,RUA LUIS JOSE DA CUNHA,Rua Luis José da Cunha,R. Luis José da Cunha,S,Via Pavimentada
4887,39675,RUA LUISLANDIA,Rua Luislândia,R. Luislandia,S,Via Pavimentada
4885,39659,RUA LUIZA,Rua Luiza,R. Luiza,S,Via Pavimentada
8001,69272,RUA LUIZA DA COSTA MELO,Rua Luiza da Costa Melo,R. Luiza da Costa Melo,S,Via Pavimentada
4961,40320,RUA LUIZA DE OLIVEIRA,Rua Luiza de Oliveira,R. Luiza de Oliveira,N,Via Não Pavimentada
4892,39730,RUA LUIZ AUGUSTO RABELO,Rua Luiz Augusto Rabelo,R. Luiz Augusto Rabelo,N,Via Não Pavimentada
4865,39705,RUA LUIZ AVELINO DE ANDRADE,Rua Luiz Avelino de Andrade,R. Luiz Avelino de Andrade,N,Via Não Pavimentada
4894,39756,RUA LUIZ BARBALHO,Rua Luiz Barbalho,R. Luiz Barbalho,S,Via Pavimentada
4895,39764,RUA LUIZ CAMARA,Rua Luíz Câmara,R. Luíz Câmara,S,Via Pavimentada
5364,44130,RUA LUIZ CARLOS ALMEIDA,Rua Luiz Carlos Almeida,R. Luiz Carlos Almeida,S,Via Pavimentada
8750,77844,RUA LUIZ CARLOS GUILHERME,Rua Luiz Carlos Guilherme,R. Luiz Carlos Guilherme,P,Via Parcialmente Pavimentada
4898,39780,RUA LUIZ CERQUEIRA,Rua Luiz Cerqueira,R. Luiz Cerqueira,S,Via Pavimentada
4899,39799,RUA LUIZ CESARIO DE MELO,Rua Luiz Cesário de Melo,R. Luiz Cesario de Melo,S,Via Pavimentada
4901,39802,RUA LUIZ CLERICUZZI,Rua Luiz Clericuzzi,R. Luiz Clericuzzi,P,Via Parcialmente Pavimentada
9537,87211,RUA LUIZ CORREA,Rua Luiz Corrêa,R. Luiz Correa,X,Não definida
291,100080,RUA LUIZ DA CAMARA CASCUDO,Rua Luiz da Câmara Cascudo,R. Luiz da Camara Cascudo,P,Via Parcialmente Pavimentada
4930,40010,RUA LUIZ DA MOTTA SILVEIRA,Rua Luiz da Motta Silveira,R. Luiz da Motta Silveira,P,Via Parcialmente Pavimentada
4896,39772,RUA LUIZ DE CAMOES,Rua Luiz de Camões,R. Luiz de Camoes,N,Via Não Pavimentada
8461,74420,RUA LUIZ DE FARIA BARBOSA,Rua Luiz de Faria Barbosa,R. Luiz de Faria Barbosa,S,Via Pavimentada
4908,39861,RUA LUIZ FARIAS,Rua Luiz Farias,R. Luiz Farias,S,Via Pavimentada
4912,39888,RUA LUIZ FIGUEIROA,Rua Luiz Figueiroa,R. Luiz Figueroa,S,Via Pavimentada
3443,26271,RUA LUIZ GONZAGA,Rua Luiz Gonzaga,R. Luiz Gonzaga,P,Via Parcialmente Pavimentada
9931,91553,RUA LUIZ GONZAGA DE SOUZA,Rua Luiz Gonzaga de Souza,R. Luiz Gonzaga de Souza,S,Via Pavimentada
325,126748,RUA LUIZ GONZAGA VASCONCELOS,Rua Luiz Gonzaga de Vasconcelos,R. Luiz Gonzaga de Vasconcelos,S,Via Pavimentada
4919,39926,RUA LUIZ GUIMARAES,Rua Luiz Guimarães,R. Luiz Guimaraes,P,Via Parcialmente Pavimentada
6147,51160,RUA LUIZ LIRA,Rua Luiz Lira,R. Luiz Lira,S,Via Pavimentada
4927,39985,RUA LUIZ MALHEIROS,Rua Luiz Malheiros,R. Luiz Malheiros,S,Via Pavimentada
4925,39969,RUA LUIZ MARANHAO,Rua Luiz Maranhão,R. Luiz Maranhao,N,Via Não Pavimentada
4929,40002,RUA LUIZ MENDONCA,Rua Luiz Mendonça,R. Luiz Mendonca,X,Não definida
4909,40037,RUA LUIZ PAES DE ANDRADE,Rua Luiz Paes de Andrade,R. Luiz Paes de Andrade,S,Via Pavimentada
4934,40045,RUA LUIZ PEREIRA DE FARIAS,Rua Luiz Pereira de Farias,R. Luiz Pereira de Farias,S,Via Pavimentada
4935,40053,RUA LUIZ PIMENTEL,Rua Luiz Pimentel,R. Luiz Pimentel,S,Via Pavimentada
4936,40061,RUA LUIZ PINHEIRO,Rua Luiz Pinheiro,R. Luiz Pinheiro,P,Via Parcialmente Pavimentada
9469,86517,RUA LUIZ RODOLFO ARAUJO JUNIOR,Rua Luiz Rodolfo Araujo Junior,R. Luiz Rodolfo Araujo Junior,S,Via Pavimentada
4941,40096,RUA LUIZ RODOLFO DE ARAUJO,Rua Luiz Rodolfo de Araújo,R. Luiz Rodolfo de Araujo,S,Via Pavimentada
4869,40118,RUA LUIZ ROMA,Rua Luiz Roma,R. Luiz Roma,X,Não definida
4942,40126,RUA LUIZ SALES,Rua Luiz Sales,R. Luiz Sales,S,Via Pavimentada
4945,40150,RUA LUIZ SEPULVEDA,Rua Luiz Sepúlveda,R. Luiz Sepulveda,N,Via Não Pavimentada
4947,40169,RUA LUIZ SOARES,Rua Luiz Soares,R. Luiz Soares,S,Via Pavimentada
7953,68462,RUA LUIZ SOUTO DOURADO,Rua Luiz Souto Dourado,R. Luiz Souto Dourado,N,Via Não Pavimentada
9951,91847,RUA LUMINARIA,Rua Luminária,R. Luminaria,S,Via Pavimentada
11873,701688,RUA LUMINOSA,Rua Luminosa,R. Luminosa,X,Não definida
4954,40240,RUA LUPERCIO,Rua Lupércio,R. Lupercio,S,Via Pavimentada
9625,87629,RUA LUPERCIO MIRANDA,Rua Lupércio Miranda,R. Lupercio Miranda,S,Via Pavimentada
4955,40258,RUA LUPIANOPOLIS,Rua Lupianopolis,R. Lupianopolis,N,Via Não Pavimentada
4959,40290,RUA LUSIANIA,Rua Lusiânia,R. Lusiania,S,Via Pavimentada
4957,40274,RUA LUSTOSA,Rua Lustosa,R. Lustosa,S,Via Pavimentada
9733,89109,RUA LUZILANDIA,Rua Luzilândia,R. Luzilandia,N,Via Não Pavimentada
4962,40339,RUA LUZITANIA,Rua Luzitania,R. Luzitania,S,Via Pavimentada
4964,40363,RUA MABEL,Rua Mabel,R. Mabel,N,Via Não Pavimentada
206,46370,RUA MACAE,Rua Macaé,R. Macae,N,Via Não Pavimentada
4967,40380,RUA MACAE,Rua Macaé,R. Macae,P,Via Parcialmente Pavimentada
4969,40401,RUA MACAMBE,Rua Macambé,R. Macambe,S,Via Pavimentada
4973,40436,RUA MACAPARANA,Rua Macaparana,R. Macaparana,S,Via Pavimentada
4976,40452,RUA MACARANI,Rua Macarani,R. Macarani,P,Via Parcialmente Pavimentada
10011,92789,RUA MACARE,Rua Macaré,R. Macare,S,Via Pavimentada
9968,92037,RUA MACATUBA,Rua Macatuba,R. Macatuba,S,Via Pavimentada
4980,40495,RUA MACAU,Rua Macáu,R. Macau,S,Via Pavimentada
4979,40487,RUA MACAUBAL,Rua Macaubal,R. Macaubal,S,Via Pavimentada
4984,40525,RUA MACEDO COSTA,Rua Macêdo Costa,R. Macedo Costa,N,Via Não Pavimentada
2941,21733,RUA MACEIO,Rua Maceió,R. Maceio,N,Via Não Pavimentada
4985,40533,RUA MACEIO,Rua Maceió,R. Maceio,S,Via Pavimentada
4991,40568,RUA MACHADO DE ASSIS,Rua Machado de Assis,R. Machado de Assis,S,Via Pavimentada
4992,40576,RUA MACIEIRA,Rua Macieira,R. Macieira,S,Via Pavimentada
4993,40584,RUA MACIEL MONTEIRO,Rua Maciel Monteiro,R. Maciel Monteiro,S,Via Pavimentada
4994,40592,RUA MACUJE,Rua Macujê,R. Macuje,S,Via Pavimentada
10480,101257,RUA MADEIRA,Rua Madeira,R. Madeira,X,Não definida
2691,19429,RUA MADRE DE DEUS,Rua Madre de Deus,R. Madre de Deus,S,Via Pavimentada
1533,8753,RUA MADRE DEUS,Rua Madre Deus,R. Madre Deus,P,Via Parcialmente Pavimentada
4995,40606,RUA MADRE LINCH,Rua Madre Linch,R. Madre Linch,S,Via Pavimentada
4827,39241,RUA MADRE LOYOLA,Rua Madre Loyola,R. Madre Loyola,S,Via Pavimentada
6982,59226,RUA MADRE ROSA,Rua Madre Rosa,R. Madre Rosa,S,Via Pavimentada
6995,59358,RUA MADRE ROSA GATTORNO,Rua Madre Rosa Gattorno,R. Madre Rosa Gattorno,S,Via Pavimentada
4996,40614,RUA MADRESSILVA,Rua Madressilva,R. Madressilva,S,Via Pavimentada
3474,26590,RUA MADRE TEREZA DE CALCUTA,Rua Madre Tereza de Calcutá,R. Madre Tereza de Calcuta,N,Via Não Pavimentada
4997,40622,RUA MADRID,Rua Madrid,R. Madrid,N,Via Não Pavimentada
9349,85200,RUA MAESTRO ALCIDES LEAO,Rua Maestro Alcides Leão,Rua Maestro Alcides Leão,S,Via Pavimentada
9029,81140,RUA MAESTRO FERNANDO BORGES,Rua Maestro Fernando Borges,R. Maestro Fernando Borges,N,Via Não Pavimentada
2478,17418,RUA MAESTRO GILBERTO FREYRE,Rua Maestro Gilberto Freyre,R. Maestro Gilberto Freyre,S,Via Pavimentada
4569,36781,RUA MAESTRO JONES JOHNSON,Rua Maestro Jones Johnson,R. Maestro Jones Johnson,P,Via Parcialmente Pavimentada
7843,67342,RUA MAESTRO JONES JOHNSON,Rua Maestro Jones Johnson,R. Maestro Jones Johnson,S,Via Pavimentada
9621,87599,RUA MAESTRO NELSON FERREIRA,Rua Maestro Nelson Ferreira,R. Maestro Nelson Ferreira,S,Via Pavimentada
1191,5886,RUA MAESTRO VICENTE FITIPALDI,Rua Maestro Vicente Fitipaldi,R. Maestro Vicente Fitipaldi,N,Via Não Pavimentada
4998,40630,RUA MAETINGA,Rua Maetinga,R. Maetinga,S,Via Pavimentada
8408,73830,RUA MAFRA,Rua Mafra,R. Mafra,N,Via Não Pavimentada
5000,40673,RUA MAGALHAES BASTOS,Rua Magalhães Bastos,R. Magalhães Bastos,S,Via Pavimentada
4999,40665,RUA MAGALHAES DE ALMEIDA,Rua Magalhães de Almeida,R. Magalhães de Almeida,N,Via Não Pavimentada
5001,40681,RUA MAGANEL,Rua Maganel,R. Maganel,S,Via Pavimentada
5002,40690,RUA MAGDA,Rua Magda,R. Magda,S,Via Pavimentada
5005,40738,RUA MAGNOLIA,Rua Magnólia,R. Magnolia,S,Via Pavimentada
5006,40746,RUA MAGUARI,Rua Maguari,R. Maguari,S,Via Pavimentada
8958,80292,RUA MAITRE CATOLE,Rua Maitre Catolé,R. Maitre Catole,N,Via Não Pavimentada
5003,40711,RUA MAJESTADE,Rua Majestade,R. Majestade,P,Via Parcialmente Pavimentada
649,1066,RUA MAJOR AFONSO LEAL,Rua Major Afonso Leal,R. Major Afonso Leal,S,Via Pavimentada
1450,8001,RUA MAJOR ARMANDO DE SOUZA MELLO,Rua Major Armando de Souza Mello,R. Major Armando de Souza Mello,S,Via Pavimentada
2377,16594,RUA MAJOR CHAGAS DE OLIVEIRA,Rua Major Chagas de Oliveira,R. Major Chagas de Oliveira,S,Via Pavimentada
2412,17035,RUA MAJOR CODECEIRA,Rua Major Codeceira,R. Major Codeceira,S,Via Pavimentada
2666,19127,RUA MAJOR DAVINO,Rua Major Davino,R. Major Davino,S,Via Pavimentada
3167,23795,RUA MAJOR FELICIO,Rua Major Felício,R. Major Felicio,S,Via Pavimentada
3438,26468,RUA MAJOR GERCINO,Rua Major Gercino,R. Major Gercino,S,Via Pavimentada
3493,26760,RUA MAJOR GODOFREDO LUIZ PEREIRA DE LIMA,Rua Major Godofredo Luiz Pereira de Lima,R. Major Godofredo Luiz Pereira de Lima,S,Via Pavimentada
3643,28266,RUA MAJOR GUILHERME BONIFACIO,Rua Major Guilherme Bonifácio,R. Major Guilherme Bonifacio,N,Via Não Pavimentada
3775,29262,RUA MAJOR HORACIO PIRES GALVAO,Rua Major Horácio Pires Galvão,R. Major Horacio Pires Galvao,N,Via Não Pavimentada
4039,31909,RUA MAJOR IZIDORO,Rua Major Izidoro,R. Major Izidoro,S,Via Pavimentada
4292,34266,RUA MAJOR JOAO RIBEIRO PINHEIRO,Rua Major João Ribeiro Pinheiro,R. Major João Ribeiro Pinheiro,S,Via Pavimentada
4329,34622,RUA MAJOR JOAQUIM CAVALCANTE,Rua Major Joaquim Cavalcanti,R. Major Joaquim Cavalcanti,S,Via Pavimentada
4654,37591,RUA MAJOR JUSTINO DA SILVEIRA,Rua Major Justino da Silveira,R. Major Justino da Silveira,S,Via Pavimentada
5164,42234,RUA MAJOR MARCELO MENEZES,Rua Major Marcelo Menezes,R. Major Marcelo Menezes,P,Via Parcialmente Pavimentada
5248,43141,RUA MAJOR MARIO PORTELA,Rua Major Mário Portela,R. Major Mario Portela,N,Via Não Pavimentada
5577,46027,RUA MAJOR NEREU GUERRA,Rua Major Nereu Guerra,R. Major Nereu Guerra,S,Via Pavimentada
5853,48534,RUA MAJOR PAJUABA,Rua Major Pajuaba,R. Major Pajuaba,S,Via Pavimentada
6339,53023,RUA MAJOR QUINTEIRO,Rua Major Quinteiro,R. Major Quinteiro,S,Via Pavimentada
7016,59528,RUA MAJOR RUBENS VAZ,Rua Major Rubens Vaz,R. Major Rubens Vaz,P,Via Parcialmente Pavimentada
6606,55352,RUA MAJOR SILVA CASTRO,Rua Major Silva Castro,R. Major Silva Castro,S,Via Pavimentada
7562,64246,RUA MAJOR VIANA,Rua Major Viana,R. Major Viana,S,Via Pavimentada
5014,40819,RUA MALAQUIAS DA ROCHA,Rua Malaquias da Rocha,R. Malaquias da Rocha,S,Via Pavimentada
5013,40800,RUA MALAQUIAS GONCALVES DA ROCHA,Rua Malaquias Gonçalves da Rocha,R. Malaquias Gonçalves da Rocha,S,Via Pavimentada
9762,89397,RUA MALHADA,Rua Malhada,R. Malhada,S,Via Pavimentada
5015,40827,RUA MALMEQUER,Rua Malmequer,R. Malmequer,S,Via Pavimentada
5019,40878,RUA MALTA,Rua Malta,R. Malta,S,Via Pavimentada
5022,40886,RUA MAMANGUAPE,Rua Mamanguape,R. Mamanguape,S,Via Pavimentada
5024,40924,RUA MAMEDE COELHO,Rua Mamede Coelho,R. Mamede Coelho,P,Via Parcialmente Pavimentada
5025,40932,RUA MAMEDE SIMOES,Rua Mamede Simões,R. Mamede Simoes,S,Via Pavimentada
11429,119245,RUA MAMELUCO,Rua Mameluco,R. Mameluco,N,Via Não Pavimentada
5026,40940,RUA MAMORE,Rua Mamoré,R. Mamore,N,Via Não Pavimentada
5030,40967,RUA MAMORI,Rua Mamori,R. Mamori,S,Via Pavimentada
5264,43265,RUA MANACA,Rua Manacá,R. Manaca,S,Via Pavimentada
5031,40983,RUA MANACAPURU,Rua Manacapuru,R. Manacapuru,S,Via Pavimentada
5032,40991,RUA MANAIRA,Rua Manaira,R. Manaira,N,Via Não Pavimentada
5033,41009,RUA MANAQUIRI,Rua Manaquiri,R. Manaquiri,S,Via Pavimentada
5035,41033,RUA MANCIO LIMA,Rua Mâncio Lima,R. Mancio Lima,N,Via Não Pavimentada
5036,41041,RUA MANDACARU,Rua Mandacaru,R. Mandacaru,S,Via Pavimentada
5039,41068,RUA MANDAGUACU,Rua Mandaguacu,R. Mandaguacu,N,Via Não Pavimentada
5040,41076,RUA MANDARI,Rua Mandari,R. Mandari,N,Via Não Pavimentada
5041,41084,RUA MANDIORE,Rua Mandioré,R. Mandiore,P,Via Parcialmente Pavimentada
5042,41092,RUA MANDURI,Rua Manduri,R. Manduri,P,Via Parcialmente Pavimentada
5043,41106,RUA MANDUZINHO,Rua Manduzinho,R. Manduzinho,S,Via Pavimentada
9386,85618,RUA MANFREDO BORSTELMANN,Rua Manfredo Borstelmann,R. Manfredo Borstelmann,S,Via Pavimentada
10073,94366,RUA MANFREDO NIGRO,Rua Manfredo Nigro,R. Manfredo Nigro,N,Via Não Pavimentada
11691,124834,RUA MANGARA,Rua Mangará,R. Mangará,N,Via Não Pavimentada
5050,41149,RUA MANGERICAO,Rua Mangericão,R. Mangericao,S,Via Pavimentada
11853,701238,RUA MANGUITO,Rua Manguito,R. Manguito,X,Não definida
5053,41165,RUA MANICORE,Rua Manicoré,R. Manicore,S,Via Pavimentada
523,76791,RUA MANITUBA,Rua Manituba,R. Manituba,S,Via Pavimentada
5055,41181,RUA MANJEIRO,Rua Manjeiro,R. Manjeiro,S,Via Pavimentada
9425,85944,RUA MANJOPE,Rua Manjope,R. Manjope,S,Via Pavimentada
8214,71587,RUA MANOEL ADELINO,Rua Manoel Adelino,R. Manoel Adelino,X,Não definida
5488,45195,RUA MANOEL ALEIXO DA SILVA,Rua Manoel Aleixo da Silva,R. Manoel Aleixo da Silva,S,Via Pavimentada
5059,41238,RUA MANOEL ALVES DA COSTA,Rua Manoel Alves da Costa,R. Manoel Alves da Costa,S,Via Pavimentada
5065,41289,RUA MANOEL ANTONIO FERREIRA,Rua Manoel Antônio Ferreira,R. Manoel Antônio Ferreira,N,Via Não Pavimentada
5066,41297,RUA MANOEL APOLINARIO,Rua Manoel Apolinário,R. Manoel Apolinario,S,Via Pavimentada
386,41300,RUA MANOEL ARAO,Rua Manoel Arão,R. Manoel Arao,S,Via Pavimentada
5068,41327,RUA MANOEL ARIOSTO,Rua Manoel Ariosto,R. Manoel Ariosto,S,Via Pavimentada
5071,41351,RUA MANOEL AZEVEDO,Rua Manoel Azevedo,R. Manoel Azevedo,S,Via Pavimentada
5072,41360,RUA MANOEL AZEVEDO DE ANDRADE,Rua Manoel Azevedo de Andrade,R. Manoel Azevedo de Andrade,N,Via Não Pavimentada
7520,63800,RUA MANOEL BANDEIRA,Rua Manoel Bandeira,R. Manoel Bandeira,N,Via Não Pavimentada
10623,109657,RUA MANOEL BENICIO FONTINELLI,Rua Manoel Benício Fontinelli,R. Manoel Benicio Fontinelli,N,Via Não Pavimentada
5079,41432,RUA MANOEL BERKMANN,Rua Manoel Berkmann,R. Manoel Berkmann,S,Via Pavimentada
5078,41424,RUA MANOEL BERNARDES,Rua Manoel Bernardes,R. Manoel Bernardes,P,Via Parcialmente Pavimentada
5083,41475,RUA MANOEL BRANDAO,Rua Manoel Brandão,R. Manoel Brandao,P,Via Parcialmente Pavimentada
5088,41491,RUA MANOEL BRAZAO,Rua Manoel Brazão,R. Manoel Brazao,S,Via Pavimentada
9383,85588,RUA MANOEL BUFFONE PIRES,Rua Manoel Buffone Pires,R. Manoel Buffone Pires,S,Via Pavimentada
5090,41521,RUA MANOEL CAETANO,Rua Manoel Caetano,R. Manoel Caetano,S,Via Pavimentada
9346,85170,RUA MANOEL CAVALCANTI BEZERRA,Rua Manoel Cavalcanti Bezerra,R. Manoel Cavalcante Bezerra,S,Via Pavimentada
5096,41599,RUA MANOEL CORIOLANO,Rua Manoel Coriolano,R. Manoel Coriolano,S,Via Pavimentada
5097,41602,RUA MANOEL CORREIA,Rua Manoel Correia,R. Manoel Correia,S,Via Pavimentada
5098,41610,RUA MANOEL CORTE REAL,Rua Manoel Corte Real,R. Manoel Corte Real,P,Via Parcialmente Pavimentada
5057,41211,RUA MANOEL DE ABREU,Rua Manoel de Abreu,R. Manoel de Abreu,P,Via Parcialmente Pavimentada
2615,18597,RUA MANOEL DE ALBUQUERQUE FERNANDES,Rua Manoel de Albuquerque Fernandes,R. Manoel de Albuquerque Fernandes,S,Via Pavimentada
5063,41254,RUA MANOEL DE ALMEIDA,Rua Manoel de Almeida,R. Manoel de Almeida,S,Via Pavimentada
5069,41335,RUA MANOEL DE ARRUDA CAMARA,Rua Manoel de Arruda Câmara,R. Manoel de Arruda Camara,S,Via Pavimentada
5086,41483,RUA MANOEL DE BRITO,Rua Manoel de Brito,R. Manoel de Brito,P,Via Parcialmente Pavimentada
5120,41785,RUA MANOEL DE MORAIS,Rua Manoel de Morais,R. Manoel de Morais,N,Via Não Pavimentada
7120,60488,RUA MANOEL DE NOBREGA,Rua Manoel de Nobrega,R. Manoel de Nobrega,N,Via Não Pavimentada
5100,41629,RUA MANOEL DIDIER,Rua Manoel Didier,R. Manoel Didier,N,Via Não Pavimentada
5101,41637,RUA MANOEL ELIAS,Rua Manoel Elias,R. Manoel Elias,P,Via Parcialmente Pavimentada
5102,41645,RUA MANOEL ESTEVAO DA COSTA,Rua Manoel Estevão da Costa,R. Manoel Estevao da Costa,S,Via Pavimentada
9196,83097,RUA MANOEL FERREIRA DE MORAES,Rua Manoel Ferreira de Moraes,R. Manoel Ferreira de Moraes,N,Via Não Pavimentada
8271,72230,RUA MANOEL GONCALVES DE OLIVEIRA,Rua Manoel Gonçalves de Oliveira,R. Manoel Gonçalves de Oliveira,S,Via Pavimentada
3570,27430,RUA MANOEL HELENO FILHO,Rua Manoel Heleno Filho,R. Manoel Heleno Filho,N,Via Não Pavimentada
5108,41661,RUA MANOEL INACIO,Rua Manoel Inácio,R. Manoel Inacio,S,Via Pavimentada
5109,41670,RUA MANOEL JOAQUIM DE ALMEIDA,Rua Manoel Joaquim de Almeida,R. Manoel Joaquim de Almeida,S,Via Pavimentada
5110,41688,RUA MANOEL JOAQUIM DE CASTRO,Rua Manoel Joaquim de Castro,R. Manoel Joaquim de Castro,S,Via Pavimentada
7348,68217,RUA MANOEL LISBOA DE MOURA,Rua Manoel Lisboa de Moura,R. Manoel Lisboa de Moura,S,Via Pavimentada
5112,41700,RUA MANOEL LOPES DE ALBUQUERQUE,Rua Manoel Lopes de Albuquerque,R. Manoel Lopes de Albuquerque,S,Via Pavimentada
10186,96342,RUA MANOEL LOPES DE BARROS,Rua Manoel Lopes de Barros,R. Manoel Lopes de Barros,N,Via Não Pavimentada
5113,41718,RUA MANOEL LUBAMBO,Rua Manoel Lubambo,R. Manoel Lubambo,S,Via Pavimentada
10415,100374,RUA MANOEL LUIZ DE FRANCA CALDAS,Rua Manoel Luiz de França Caldas,R. Manoel Luiz de Franca Caldas,S,Via Pavimentada
5119,41777,RUA MANOEL MESQUITA,Rua Manoel Mesquita,R. Manoel Mesquita,S,Via Pavimentada
5087,41793,RUA MANOEL MOREIRA,Rua Manoel Moreira,R. Manoel Moreira,S,Via Pavimentada
9654,87912,RUA MANOEL MOREIRA DE SOUZA,Rua Manoel Moreira de Souza,R. Manoel Moreira de Souza,S,Via Pavimentada
11063,114499,RUA MANOEL PACHECO,Rua Manoel Pacheco,R. Manoel Pacheco,N,Via Não Pavimentada
5124,41831,RUA MANOEL PESSOA DE LUNA FILHO,Rua Manoel Pessoa de Luna Filho,R. Manoel Pessoa de Luna Filho,N,Via Não Pavimentada
5127,41874,RUA MANOEL RODRIGUES DO PASSO,Rua Manoel Rodrigues do Passo,R. Manoel Rodrigues do Passo,N,Via Não Pavimentada
5128,41882,RUA MANOEL RODRIGUES PORTO,Rua Manoel Rodrigues Porto,R. Manoel Rodrigues Porto,S,Via Pavimentada
2503,17469,RUA MANOEL SERAFIM DO COUTO,Rua Manoel Serafim do Couto,R. Manoel Serafim do Couto,P,Via Parcialmente Pavimentada
5131,41904,RUA MANOEL SILVA,Rua Manoel Silva,R. Manoel Silva,N,Via Não Pavimentada
5133,41920,RUA MANOEL TEIXEIRA,Rua Manoel Teixeira,R. Manoel Teixeira,P,Via Parcialmente Pavimentada
5136,41955,RUA MANOEL VIEIRA,Rua Manoel Vieira,R. Manoel Vieira,S,Via Pavimentada
5138,41963,RUA MANTENA,Rua Mantena,R. Mantena,S,Via Pavimentada
5139,41980,RUA MANTIQUEIRA,Rua Mantiqueira,R. Mantiqueira,S,Via Pavimentada
5060,41246,RUA MANUEL ALVES DEUSDARA,Rua Manuel Alves Deusdará,R. Manuel Alves Deusdara,S,Via Pavimentada
5070,41343,RUA MANUEL AUGUSTO,Rua Manuel Augusto,R. Manuel Augusto,S,Via Pavimentada
5077,41416,RUA MANUEL BATISTA DE AZEVEDO,Rua Manuel Batista de Azevedo,R. Manuel Batista de Azevedo,N,Via Não Pavimentada
5080,41440,RUA MANUEL BEZERRA,Rua Manuel Bezerra,R. Manuel Bezerra,P,Via Parcialmente Pavimentada
5092,41556,RUA MANUEL CANUTO MESQUITA,Rua Manuel Canuto Mesquita,R. Manuel Canuto Mesquita,P,Via Parcialmente Pavimentada
5076,41408,RUA MANOEL DE BARROS LIMA,Rua Manuel de Barros Lima,R. Manuel de Barros Lima,S,Via Pavimentada
5093,41564,RUA MANUEL DE CARVALHO,Rua Manuel de Carvalho,R. Manuel de Carvalho,S,Via Pavimentada
5115,41734,RUA MANUEL DE MACEDO,Rua Manuel de Macêdo,R. Manuel de Macedo,S,Via Pavimentada
5116,41750,RUA MANUEL DE MEDEIROS,Rua Manuel de Medeiros,R. Manuel de Medeiros,S,Via Pavimentada
4777,42013,RUA MANUEL PADILHA,Rua Manuel Padilha,R. Manuel Padilha,S,Via Pavimentada
5141,42030,RUA MANUEL SALVADOR,Rua Manuel Salvador,R. Manuel Salvador,S,Via Pavimentada
8157,70963,RUA MAPARI,Rua Mapari,R. Mapari,X,Não definida
5142,42056,RUA MAQUINE,Rua Maquiné,R. Maquine,S,Via Pavimentada
3614,27898,RUA MARAA,Rua Maraã,R. Maraa,N,Via Não Pavimentada
5145,42072,RUA MARABA,Rua Marabá,R. Maraba,N,Via Não Pavimentada
5146,42080,RUA MARACA,Rua Maracá,R. Maraca,S,Via Pavimentada
3828,29807,RUA MARACAI,Rua Maracaí,R. Maracai,S,Via Pavimentada
5149,42102,RUA MARACAJA,Rua Maracajá,R. Maracaja,N,Via Não Pavimentada
4713,38067,RUA MARACANAZINHO,Rua Maracanazinho,R. Maracanazinho,N,Via Não Pavimentada
5150,42110,RUA MARACATU,Rua Maracatu,R. Maracatu,S,Via Pavimentada
3783,29866,RUA MARACATU DO FORTE,Rua Maracatu do Forte,R. Maracatu do Forte,S,Via Pavimentada
5152,42129,RUA MARAGOGI,Rua Maragogi,R. Maragogi,S,Via Pavimentada
5153,42137,RUA MARAGOGIPE,Rua Maragogipe,R. Maragogipe,S,Via Pavimentada
5154,42145,RUA MARAIAL,Rua Maraial,R. Maraial,S,Via Pavimentada
5155,42153,RUA MARAJO,Rua Marajó,R. Marajo,S,Via Pavimentada
5158,42161,RUA MARANGUAPE,Rua Maranguape,R. Maranguape,S,Via Pavimentada
5085,42439,RUA MARANHAO SOBRINHO,Rua Maranhão Sobrinho,R. Maranhao Sobrinho,S,Via Pavimentada
5160,42200,RUA MARATA,Rua Marata,R. Marata,P,Via Parcialmente Pavimentada
5161,42218,RUA MARAU,Rua Maraú,R. Marau,S,Via Pavimentada
79,115363,RUA MARAVILHA,Rua Maravilha,R. Maravilha,N,Via Não Pavimentada
5184,42447,RUA MARAVILHA,Rua Maravilha,R. Maravilha,S,Via Pavimentada
5186,42455,RUA MARCELINO LISBOA,Rua Marcelino Lisboa,R. Marcelino Lisboa,S,Via Pavimentada
5163,42226,RUA MARCELO GAMA,Rua Marcelo Gama,R. Marcelo Gama,S,Via Pavimentada
5165,42242,RUA MARCELON DE CASTRO LIRA,Rua Marcelon de Castro Lira,R. Marcelon de Castro Lira,S,Via Pavimentada
7502,63630,RUA MARCIA MENDES,Rua Marcia Mendes,R. Marcia Mendes,N,Via Não Pavimentada
5166,42250,RUA MARCILIO DIAS,Rua Marcílio Dias,R. Marcilio Dias,S,Via Pavimentada
1136,5436,RUA MARCILIO FERREIRA,Rua Marcílio Ferreira,R. Marcilio Ferreira,N,Via Não Pavimentada
10399,99899,RUA MARCILIO RAMOS,Rua Marcílio Ramos,R. Marcilio Ramos,P,Via Parcialmente Pavimentada
5168,42269,RUA MARCIONILO PEDROZA,Rua Marcionilo Pedroza,R. Marcionilo Pedroza,S,Via Pavimentada
5169,42285,RUA MARCOS ANDRE,Rua Marcos André,R. Marcos Andre,S,Via Pavimentada
760,1988,RUA MARCOS FREIRE,Rua Marcos Freire,R. Marcos Freire,S,Via Pavimentada
6146,51152,RUA MINISTRO MARCOS FREIRE,Rua Marcos Freire,R. Marco Freire,S,Via Pavimentada
5170,42293,RUA MARCOS PARENTE,Rua Marcos Parente,R. Marcos Parente,P,Via Parcialmente Pavimentada
4158,32999,RUA MARCOS SANTANA,Rua Marcos Santana,R. Marcos Santana,X,Não definida
5171,42307,RUA MARDONIO DE ALBUQUERQUE NASCIMENTO,Rua Mardônio de Albuquerque Nascimento,R. Mardonio de Albuquerque Nascimento,S,Via Pavimentada
1845,11576,RUA MARECHAL BITTENCOURT,Rua Marechal Bittencourt,R. Marechal Bittencourt,P,Via Parcialmente Pavimentada
8433,74098,RUA MARECHAL CASTELO BRANCO,Rua Marechal Castelo Branco,R. Marechal Castelo Branco,N,Via Não Pavimentada
2577,18210,RUA MARECHAL CRAVEIRO LOPES,Rua Marechal Craveiro Lopes,R. Marechal Craveiro Lopes,S,Via Pavimentada
2697,19330,RUA MARECHAL DEODORO,Rua Marechal Deodoro,R. Marechal Deodoro,P,Via Parcialmente Pavimentada
3737,28959,RUA MARECHAL HERMES,Rua Marechal Hermes,R. Marechal Hermes,S,Via Pavimentada
5114,41726,RUA MARECHAL MANOEL LUIS OSORIO,Rua Marechal Manoel Luís Osório,R. Marechal Manoel Luis Osorio,S,Via Pavimentada
6975,59161,RUA MARECHAL RONDON,Rua Marechal Rondon,R. Marechal Rondon,S,Via Pavimentada
7097,60275,RUA MARECHAL TAUMATURGO,Rua Marechal Taumaturgo,R. Marechal Taumaturgo,S,Via Pavimentada
10478,107000,RUA MARGARIDA,Rua Margarida,R. Margarida,S,Via Pavimentada
5172,42315,RUA MARGARIDA,Rua Margarida,R. Margarida,N,Via Não Pavimentada
7503,63649,RUA MARI,Rua Mari,R. Mari,S,Via Pavimentada
9371,85456,RUA MARIA ADELAIDE CASTELO BRANCO,Rua Maria Adelaide Castelo Branco,R. Maria Adelaide Castelo Branco,S,Via Pavimentada
5176,42340,RUA MARIA ALICE,Rua Maria Alice,R. Maria Alice,S,Via Pavimentada
8130,70661,RUA MARIA ALICE DE ALMEIDA,Rua Maria Alice de Almeida,R. Maria Alice de Almeida,S,Via Pavimentada
5187,42463,RUA MARIA AMALIA,Rua Maria Amália,R. Maria Amalia,S,Via Pavimentada
5179,42374,RUA MARIA AUGUSTA,Rua Maria Augusta,R. Maria Augusta,S,Via Pavimentada
5182,42390,RUA MARIA AUGUSTA DE SOUZA,Rua Maria Augusta de Souza,R. Maria Augusta de Souza,N,Via Não Pavimentada
5183,42404,RUA MARIA AUGUSTA VILA CHAN,Rua Maria Augusta Vila Chan,R. Maria Augusta Vila Chan,S,Via Pavimentada
8049,69817,RUA MARIA BRAGA,Rua Maria Braga,R. Maria Braga,X,Não definida
11833,700436,RUA MARIA BRIGIDA,Rua Maria Brígida,R. Maria Brigida,P,Via Parcialmente Pavimentada
116,14206,RUA MARIA CANDIDA,Rua Maria Cândida,R. Maria Candida,S,Via Pavimentada
5193,42510,RUA MARIA CAROLINA,Rua Maria Carolina,R. Maria Carolina,S,Via Pavimentada
5195,42536,RUA MARIA CRISTINA TASSO DE SOUZA,Rua Maria Cristina Tasso de Souza,R. Maria Cristina Tasso de Souza,P,Via Parcialmente Pavimentada
5201,42595,RUA MARIA DA FE,Rua Maria da Fé,R. Maria da Fe,S,Via Pavimentada
5204,42617,RUA MARIA DA HORA,Rua Maria da Hora,R. Maria da Hora,S,Via Pavimentada
8050,69825,RUA MARIA DA PAZ,Rua Maria da Paz,R. Maria da Paz,X,Não definida
5200,42587,RUA MARIA DE FATIMA SOARES,Rua Maria de Fátima Soares,R. Maria de Fatima Soares,P,Via Parcialmente Pavimentada
4910,39870,RUA MARIA DELBA DA SILVA,Rua Maria Delba da Silva,R. Maria Delba da Silva,N,Via Não Pavimentada
10414,100366,RUA MARIA DE LOURDES C. DOS SANTOS,Rua Maria de Lourdes Criapetta dos Santos,R. Maria de Lourdes C. Dos Santos,N,Via Não Pavimentada
5215,42684,RUA MARIA DE LOURDES DA SILVA,Rua Maria de Lourdes da Silva,R. Maria de Lourdes da Silva,S,Via Pavimentada
5197,42552,RUA MARIA DIGNA,Rua Maria Digna,R. Maria Digna,N,Via Não Pavimentada
5191,42498,RUA MARIA DO CARMO,Rua Maria do Carmo,R. Maria do Carmo,S,Via Pavimentada
5192,42501,RUA MARIA DO CARMO CATUNDA,Rua Maria do Carmo Catunda,R. Maria do Carmo Catunda,P,Via Parcialmente Pavimentada
8163,71021,RUA MARIA DOS PRAZERES SERAFIM,Rua Maria dos Prazeres Serafim,R. Mª dos Prazeres Serafim,P,Via Parcialmente Pavimentada
5198,42560,RUA MARIA EMILIA CAVALCANTI,Rua Maria Emilia Cavalcanti,R. Maria Emilia Cavalcanti,S,Via Pavimentada
4098,32506,RUA MARIA EMILIA CAVALCANTI,Rua Maria Emília Cavalcanti,R. Maria Emília Cavalcanti,S,Via Pavimentada
5199,42579,RUA MARIA ESTEVAO,Rua Maria Estevão,R. Maria Estevao,S,Via Pavimentada
8193,71374,RUA MARIA GONCALVES,Rua Maria Gonçalves,R. Maria Gonçalves,S,Via Pavimentada
5203,42609,RUA MARIA GOUVEIA,Rua Maria Gouveia,R. Maria Gouveia,P,Via Parcialmente Pavimentada
6157,52116,RUA MARIA HENRIQUETA DE SOUZA,Rua Maria Henriqueta de Souza,R. Maria Henriqueta de Souza,S,Via Pavimentada
5207,42633,RUA MARIA JABOATAO,Rua Maria Jaboatao,R. Maria Jaboatao,P,Via Parcialmente Pavimentada
5208,42641,RUA MARIA JESUS BRASIL MATOS,Rua Maria Jesus Brasil Matos,R. Maria Jesus Brasil Matos,N,Via Não Pavimentada
11898,705624,RUA MARIA JOSE DE BARROS HATEM,Rua Maria José de Barros Hatem,R. Maria José de Barros Hatem,X,Não definida
5209,42650,RUA MARIA JOSE DE LIMA,Rua Maria José de Lima,R. Maria José de Lima,P,Via Parcialmente Pavimentada
10081,94471,RUA MARIA JOSE DE MORAIS BEZERRA,Rua Maria José de Morais Bezerra,R. Maria José de Morais Bezerra,S,Via Pavimentada
5212,42668,RUA MARIA JOSE MOTA DA SILVEIRA,Rua Maria José Mota da Silveira,R. Maria José Mota da Silveira,S,Via Pavimentada
9071,81833,RUA MARIA LIMA DA SILVA,Rua Maria Lima da Silva,R. Maria Lima da Silva,S,Via Pavimentada
8132,70688,RUA MARIA LUZIA DOS SANTOS,Rua Maria Luzia dos Santos,R. Maria Luzia Dos Santos,S,Via Pavimentada
4882,42803,RUA MARIALVA,Rua Marialva,R. Marialva,S,Via Pavimentada
8182,71277,RUA MARIA MARTINS,Rua Maria Martins,R. Maria Martins,S,Via Pavimentada
9359,85308,RUA MARIANO CARNEIRO DA CUNHA,Rua Mariano Carneiro da Cunha,R. Mariano Carneiro da Cunha,S,Via Pavimentada
46,84840,RUA MARIANO GOMES DE OLIVEIRA,Rua Mariano Gomes de Oliveira,R. Mariano Gomes de Oliveira,N,Via Não Pavimentada
5476,45128,RUA MARIANO JOAQUIM DA SILVA,Rua Mariano Joaquim da Silva,R. Mariano Joaquim da Silva,S,Via Pavimentada
4883,42838,RUA MARIANTE,Rua Mariante,R. Mariante,S,Via Pavimentada
507,42722,RUA MARIA PEREIRA DE LUCENA,Rua Maria Pereira de Lucena,R. Maria Pereira de Lucena,S,Via Pavimentada
504,42854,RUA MARIAPOLIS,Rua Mariápolis,R. Mariapolis,S,Via Pavimentada
4875,42730,RUA MARIA QUITERIA,Rua Maria Quitéria,R. Maria Quiteria,S,Via Pavimentada
4876,42749,RUA MARIA RAMOS,Rua Maria Ramos,R. Maria Ramos,S,Via Pavimentada
4880,42781,RUA MARIA TERESA,Rua Maria Teresa,R. Maria Teresa,S,Via Pavimentada
4881,42790,RUA MARIA TEREZA DOURADO E SILVA,Rua Maria Tereza Dourado e Silva,R. Maria Tereza Dourado e Silva,S,Via Pavimentada
4878,42773,RUA MARIA VICENTINA DA SILVA,Rua Maria Vicentina da Silva,R. Maria Vicentina da Silva,N,Via Não Pavimentada
1902,12025,RUA MARIBONDO,Rua Maribondo,R. Maribondo,S,Via Pavimentada
2060,13390,RUA MARICA,Rua Maricá,R. Marica,X,Não definida
5219,42897,RUA MARILAC,Rua Marilac,R. Marilac,S,Via Pavimentada
5220,42900,RUA MARILANDIA,Rua Marilândia,R. Marilandia,S,Via Pavimentada
5222,42919,RUA MARILENA,Rua Marilena,R. Marilena,S,Via Pavimentada
5223,42927,RUA MARILIA,Rua Marília,R. Marilia,P,Via Parcialmente Pavimentada
5225,42943,RUA MARINGA,Rua Maringá,R. Maringa,N,Via Não Pavimentada
5227,42951,RUA MARINHINHA,Rua Marinhinha,R. Marinhinha,S,Via Pavimentada
2002,12858,RUA MARINO DE MELO BERENGUER,Rua Marino de Melo Berenguer,R. Marino de Melo Berenguer,N,Via Não Pavimentada
10226,96962,RUA MARIO ALBUQUERQUE CAVALCANTE,Rua Mário Albuquerque Cavalcante,R. Mário Albuquerque Cavalcante,N,Via Não Pavimentada
10516,101575,RUA MARIO ALVES DE SOUZA VIEIRA,Rua Mário Alves de Souza Vieira,R. Mário Alves de Souza Vieira,S,Via Pavimentada
191,43001,RUA MARIO APOLINARIO,Rua Mário Apolinário,R. Mario Apolinario,X,Não definida
5234,43010,RUA MARIO BARRETO,Rua Mario Barreto,R. Mario Barreto,N,Via Não Pavimentada
5235,43028,RUA MARIO BHERING,Rua Mário Bhering,R. Mario Bhering,S,Via Pavimentada
5236,43036,RUA MARIO CAMPELO,Rua Mário Campelo,R. Mario Campelo,S,Via Pavimentada
5232,42994,RUA MARIO DE ANDRADE,Rua Mário de Andrade,R. Mario de Andrade,S,Via Pavimentada
5239,43052,RUA MARIO DOMINGUES,Rua Mário Domingues,R. Mario Domingues,S,Via Pavimentada
9376,85529,RUA MARIO GIL RODRIGUES,Rua Mario Gil Rodrigues,R. Mario Gil Rodrigues,S,Via Pavimentada
5470,45063,RUA MARIO GOMES,Rua Mário Gomes,R. Mario Gomes,S,Via Pavimentada
5241,43079,RUA MARIO GOMES DE MATTOS,Rua Mário Gomes de Mattos,R. Mário Gomes de Mattos,S,Via Pavimentada
10451,100846,RUA MARIO JOSE DE SOUZA,Rua Mário José de Souza,R. Mario José de Souza,N,Via Não Pavimentada
5243,43109,RUA MARIO LIBANIO,Rua Mário Libânio,R. Mario Libanio,S,Via Pavimentada
534,116,RUA MARIO ORLANDO ( FOLIAO ),Rua Mário Orlando - O Folião,Rua Mário Orlando - O Folião,P,Via Parcialmente Pavimentada
5247,43133,RUA MARIO PEDERNEIRAS,Rua Mario Pederneiras,R. Mario Pederneiras,S,Via Pavimentada
9085,81787,RUA MARIO SA CARNEIRO,Rua Mario Sa Carneiro,R. Mario Sa Carneiro,N,Via Não Pavimentada
5252,43168,RUA MARIO SETE,Rua Mário Sete,R. Mario Sete,P,Via Parcialmente Pavimentada
8069,70025,RUA MARIO SOUTO MAIOR,Rua Mário Souto Maior,R. Mario Souto Maior,S,Via Pavimentada
5254,43184,RUA MARIPA,Rua Maripá,R. Maripa,S,Via Pavimentada
5255,43192,RUA MARISTELA,Rua Maristela,R. Maristela,S,Via Pavimentada
3340,25399,RUA MARITINGA,Rua Maritinga,R. Maritinga,P,Via Parcialmente Pavimentada
5256,43206,RUA MARIZ E BARROS,Rua Mariz e Barros,R. Mariz e Barros,S,Via Pavimentada
5257,43214,RUA MARIZ VILELA,Rua Mariz Vilela,R. Mariz Vilela,S,Via Pavimentada
5258,43222,RUA MARLIERIA,Rua Marlieria,R. Marlieria,S,Via Pavimentada
9200,83135,RUA MARMELANDIA,Rua Marmelândia,R. Marmelandia,N,Via Não Pavimentada
5261,43257,RUA MARQUES AMORIM,Rua Marques Amorim,R. Marques Amorim,S,Via Pavimentada
565,361,RUA MARQUES DE ABRANTES,Rua Marquês de Abrantes,R. Marques de Abrantes,P,Via Parcialmente Pavimentada
1089,5053,RUA MARQUES DE ALEGRETE,Rua Marquês de Alegrete,R. Marques de Alegrete,N,Via Não Pavimentada
1626,9610,RUA MARQUES DE BAIPENDI,Rua Marquês de Baipendi,R. Marques de Baipendi,P,Via Parcialmente Pavimentada
3971,31194,RUA MARQUES DE ITANHAEM,Rua Marquês de Itanhaém,R. Marques de Itanhaem,P,Via Parcialmente Pavimentada
192,42811,RUA MARQUES DE MARIALVA,Rua Marquês de Marialva,R. Marques de Marialva,S,Via Pavimentada
194,42870,RUA MARQUES DE MARICA,Rua Marquês de Maricá,R. Marques de Marica,S,Via Pavimentada
5263,44997,RUA MARQUES DE MONTE BELO,Rua Marquês de Monte Belo,R. Marques de Monte Belo,S,Via Pavimentada
5918,49093,RUA MARQUES DE PARANAGUA,Rua Marquês de Paranaguá,R. Marques de Paranagua,S,Via Pavimentada
6345,52906,RUA MARQUES DE QUELUZ,Rua Marquês de Queluz,R. Marques de Queluz,X,Não definida
9702,88498,RUA MARQUES DE RABICO,Rua Marquês de Rabico,R. Marques de Rabico,S,Via Pavimentada
6472,54135,RUA MARQUES DE SAPUCAIA,Rua Marquês de Sapucaia,R. Marques de Sapucaia,N,Via Não Pavimentada
7059,59927,RUA MARQUES DE TAMANDARE,Rua Marquês de Tamandaré,R. Marques de Tamandare,P,Via Parcialmente Pavimentada
7420,62812,RUA MARQUES DE VALENCA,Rua Marques de Valenca,R. Marques de Valenca,S,Via Pavimentada
3744,29025,RUA MARQUES DO HERVAL,Rua Marquês do Herval,R. Marques do Herval,S,Via Pavimentada
5909,49018,RUA MARQUES DO PARANA,Rua Marquês do Paraná,R. Marques do Parana,S,Via Pavimentada
6770,56880,RUA MARQUES DO RECIFE,Rua Marquês do Recife,R. Marques do Recife,S,Via Pavimentada
7506,63673,RUA MARROCOS,Rua Marrocos,R. Marrocos,X,Não definida
188,43290,RUA MARSELHA,Rua Marselha,R. Marselha,N,Via Não Pavimentada
5269,43320,RUA MARTIN AFONSO,Rua Martin Afonso,R. Martin Afonso,N,Via Não Pavimentada
5270,43338,RUA MARTINHO CAMPOS,Rua Martinho Campos,R. Martinho Campos,S,Via Pavimentada
8204,71498,RUA MARTINOPOLIS,Rua Martinópolis,R. Martinopolis,S,Via Pavimentada
9061,81566,RUA MARTINS FONTE,Rua Martins Fonte,R. Martins Fonte,S,Via Pavimentada
5277,43389,RUA MARTINS JUNIOR,Rua Martins Júnior,R. Martins Junior,S,Via Pavimentada
5278,43397,RUA MARTINS PENA,Rua Martins Pena,R. Martins Pena,S,Via Pavimentada
5281,43419,RUA MARTINS RIBEIRO,Rua Martins Ribeiro,R. Martins Ribeiro,S,Via Pavimentada
10275,97900,RUA MARUMBI,Rua Marumbi,R. Marumbi,S,Via Pavimentada
5144,42064,RUA MAR VERMELHO,Rua Mar Vermelho,R. Mar Vermelho,N,Via Não Pavimentada
10771,110671,RUA MASCOTE,Rua Mascote,R. Mascote,S,Via Pavimentada
8429,74055,RUA MASSAPE,Rua Massape,R. Massape,N,Via Não Pavimentada
5298,43486,RUA MASSARANDUBA,Rua Massaranduba,R. Massaranduba,S,Via Pavimentada
10364,99392,RUA MASSUARI,Rua Massuari,R. Massuari,S,Via Pavimentada
9321,84620,RUA MATA GRANDE,Rua Mata Grande,R. Mata Grande,N,Via Não Pavimentada
5305,43540,RUA MATEIRA,Rua Mateira,R. Mateira,S,Via Pavimentada
9233,83607,RUA MATELANDIA,Rua Matelândia,R. Matelandia,S,Via Pavimentada
5307,43575,RUA MATEUS TARTARUGA,Rua Mateus Tartaruga,R. Mateus Tartaruga,P,Via Parcialmente Pavimentada
5285,43583,RUA MATHUZALEM WANDERLEY,Rua Mathuzalém Wanderley,R. Mathuzalem Wanderley,N,Via Não Pavimentada
5287,43613,RUA MATIAS COELHO,Rua Matias Coelho,R. Matias Coelho,S,Via Pavimentada
5286,43605,RUA MATIAS DE ALBUQUERQUE,Rua Matias de Albuquerque,R. Matias de Albuquerque,S,Via Pavimentada
5310,43656,RUA MATOSO DA CAMARA,Rua Matoso da Câmara,R. Matoso da Camara,S,Via Pavimentada
5317,43702,RUA MAUA,Rua Mauá,R. Maua,S,Via Pavimentada
5318,43710,RUA MAUES,Rua Maués,R. Maues,N,Via Não Pavimentada
5319,43729,RUA MAURICEIA,Rua Mauricéia,R. Mauriceia,S,Via Pavimentada
5322,43745,RUA MAURICIO DE ARAUJO,Rua Maurício de Araujo,R. Mauricio de Araujo,N,Via Não Pavimentada
8711,77437,RUA MAURICIO DE NASSAU,Rua Mauricio de Nassau,R. Mauricio de Nassau,N,Via Não Pavimentada
5323,43753,RUA MAURILANDIA,Rua Maurilândia,R. Maurilandia,N,Via Não Pavimentada
5324,43761,RUA MAURITI,Rua Mauriti,R. Mauriti,S,Via Pavimentada
5325,43770,RUA MAURO BORRIONE,Rua Mauro Borrione,R. Mauro Borrione,N,Via Não Pavimentada
5326,43788,RUA MAXIMINO BUARQUE DE GUSMAO,Rua Maximino Buarque de Gusmao,R. Maximino Buarque de Gusmao,S,Via Pavimentada
5640,46582,RUA MAYANA,Rua Mayana,R. Mayana,N,Via Não Pavimentada
6494,54348,RUA MDF,Rua MDF,R. Mdf,N,Via Não Pavimentada
5328,43800,RUA MEARIM,Rua Mearim,R. Mearim,N,Via Não Pavimentada
5330,43818,RUA MECEJANA,Rua Mecejana,R. Mecejana,S,Via Pavimentada
5332,43834,RUA MEDEIROS DE ALBUQUERQUE,Rua Medeiros de Albuquerque,R. Medeiros de Albuquerque,S,Via Pavimentada
11485,120448,RUA MEDICO JOAO RUFINO,Rua Médico João Rufino,R. Med João Rufino,N,Via Não Pavimentada
10227,96970,RUA MEDICO MARIO GUIMARAES,Rua Médico Mário Guimarães,R. Med Mario Guimaraes,S,Via Pavimentada
5336,43877,RUA MEDINA,Rua Medina,R. Medina,S,Via Pavimentada
5338,43885,RUA MEDUSA,Rua Medusa,R. Medusa,S,Via Pavimentada
5342,43915,RUA MELANIO DE BARROS CORREIA,Rua Melânio de Barros Correia,R. Melanio de Barros Correia,N,Via Não Pavimentada
8762,77984,RUA MELQUI RIBEIRO ROMA,Rua Melqui Ribeiro Roma,R. Melqui Ribeiro Roma,S,Via Pavimentada
5345,43940,RUA MELQUISEDEQUE DE LIMA,Rua Melquisedeque de Lima,R. Melquisedeque de Lima,S,Via Pavimentada
5346,43958,RUA MELU,Rua Melu,R. Melu,S,Via Pavimentada
5348,43974,RUA MEM DE SA,Rua Mem de Sá,R. Mem de Sa,S,Via Pavimentada
11880,705250,RUA MENDANHA,Rua Mendanha,R. Mendanha,X,Não definida
5354,44024,RUA MENDES JUNIOR,Rua Mendes Júnior,R. Mendes Junior,S,Via Pavimentada
5021,44040,RUA MENDES MARTINS,Rua Mendes Martins,R. Mendes Martins,S,Via Pavimentada
5356,44067,RUA MENEZES DRUMOND,Rua Menezes Drumond,R. Menezes Drumond,S,Via Pavimentada
11709,125164,RUA MENINO JESUS,Rua Menino Jesus,R.Menino Jesus,S,Via Pavimentada
6058,50415,RUA MENINOS E MENINAS DE RUA,Rua Meninos e Meninas de Rua,R. Meninos e Meninas de Rua,P,Via Parcialmente Pavimentada
5362,44105,RUA MERCURIO,Rua Mercúrio,R. Mercurio,S,Via Pavimentada
5363,44121,RUA MERYLAND VIEIRA,Rua Meryland Vieira,R. Meryland Vieira,S,Via Pavimentada
9289,84239,RUA MESSEJANA,Rua Messejana,R. Messejana,N,Via Não Pavimentada
1775,10880,RUA MESSIAS,Rua Messias,R. Messias,S,Via Pavimentada
9037,81280,RUA MESTRE ANTONIO VALERIANO,Rua Mestre Antônio Valeriano,R. Mestre Antônio Valeriano,S,Via Pavimentada
4027,31682,RUA MESTRE VITALINO,Rua Mestre Vitalino,R. Mestre Vitalino,N,Via Não Pavimentada
8957,80284,RUA METODIO BARROS,Rua Metodio Barros,R. Metodio Barros,S,Via Pavimentada
5366,44156,RUA MEXIANA,Rua Mexiana,R. Mexiana,N,Via Não Pavimentada
5367,44164,RUA MICHEL FELIX KARAN,Rua Michel Felix Karan,R. Michel Felix Karan,S,Via Pavimentada
8367,73334,RUA MIGUELANDIA,Rua Miguelândia,R. Miguelandia,X,Não definida
5370,44180,RUA MIGUEL ANGELO,Rua Miguel Ângelo,R. Miguel Angelo,P,Via Parcialmente Pavimentada
5372,44199,RUA MIGUEL CALMON,Rua Miguel Calmon,R. Miguel Calmon,S,Via Pavimentada
5374,44202,RUA MIGUEL CARNEIRO,Rua Miguel Carneiro,R. Miguel Carneiro,S,Via Pavimentada
5375,44210,RUA MIGUEL CAVALCANTI DE ALBUQUERQUE,Rua Miguel Cavalcanti de Albuquerque,R. Miguel Cavalcanti de Albuquerque,S,Via Pavimentada
5376,44229,RUA MIGUEL COUTO,Rua Miguel Couto,R. Miguel Couto,S,Via Pavimentada
9297,84336,RUA MIGUEL LAPENDA,Rua Miguel Lapenda,R. Miguel Lapenda,N,Via Não Pavimentada
5377,44237,RUA MIGUEL LEAO,Rua Miguel Leão,R. Miguel Leao,S,Via Pavimentada
5384,44288,RUA MIL NOVECENTOS E ONZE,Rua Mil Novecentos e Onze,R. Mil Novecentos e Onze,S,Via Pavimentada
5391,44318,RUA MIMOSO,Rua Mimoso,R. Mimoso,N,Via Não Pavimentada
5392,44326,RUA MIMOSO DO SUL,Rua Mimoso do Sul,R. Mimoso do Sul,N,Via Não Pavimentada
5393,44334,RUA MINAS GERAIS,Rua Minas Gerais,R. Minas Gerais,S,Via Pavimentada
5398,44369,RUA MINEIRO,Rua Mineiro,R. Mineiro,N,Via Não Pavimentada
5399,44377,RUA MINEIROLANDIA,Rua Mineirolândia,R. Mineirolandia,S,Via Pavimentada
9492,86789,RUA MINISTRO ALBUQUERQUE LIMA,Rua Ministro Albuquerque Lima,R. Min Albuquerque Lima,N,Via Não Pavimentada
8845,78867,RUA MINISTRO CLEMENTE MARIANI,Rua Ministro Clemente Mariani,R. Min Clemente Mariani,N,Via Não Pavimentada
6108,57169,RUA MINISTRO COSTA CAVALCANTI,Rua Ministro Costa cavalcanti,R. Min Costa Cavalcanti,P,Via Parcialmente Pavimentada
11900,705764,RUA MINISTRO DILSON FUNARO,Rua Ministro Dilson Funaro,R. Min Dilson Funaro,X,Não definida
326,126756,RUA MINISTRO FERNANDO LYRA,Rua Ministro Fernando Lyra,R. Min. Fernando Lyra,S,Via Pavimentada
4178,33286,RUA MINISTRO JOAO ALBERTO,Rua Ministro João Alberto,R. Min João Alberto,S,Via Pavimentada
7961,68543,RUA MINISTRO MARCOS FREIRE,Rua Ministro Marcos Freire,R. Min Marcos Freire,P,Via Parcialmente Pavimentada
2364,16462,RUA MINISTRO MARIO ANDREAZZA,Rua Ministro Mário Andreazza,R. Min Mario Andreazza,S,Via Pavimentada
5570,45969,RUA MINISTRO NELSON HUNGRIA,Rua Ministro Nelson Hungria,R. Min Nelson Hungria,P,Via Parcialmente Pavimentada
9187,83011,RUA MINISTRO PASCHOAL CARLOS MAGNO,Rua Ministro Paschoal Carlos Magno,R. Min Paschoal Carlos Magno,S,Via Pavimentada
6392,53481,RUA MINISTRO SALGADO FILHO,Rua Ministro Salgado Filho,R. Min Salgado Filho,S,Via Pavimentada
5401,44393,RUA MIPIBU,Rua Mipibu,R. Mipibu,N,Via Não Pavimentada
5402,44407,RUA MIRABELA,Rua Mirabela,R. Mirabela,S,Via Pavimentada
5403,44415,RUA MIRACEMA,Rua Miracema,R. Miracema,S,Via Pavimentada
2574,18627,RUA MIRACICA,Rua Miracica,R. Miracica,N,Via Não Pavimentada
11872,701637,RUA MIRADOR,Rua Mirador,R. Mirador,S,Via Pavimentada
5104,44458,RUA MIRAGUAIA,Rua Miraguaia,R. Miraguaia,X,Não definida
5389,44466,RUA MIRAI,Rua Miraí,R. Mirai,S,Via Pavimentada
189,44482,RUA MIRALTA,Rua Miralta,R. Miralta,S,Via Pavimentada
5361,44490,RUA MIRALUZ,Rua Miraluz,R. Miraluz,S,Via Pavimentada
5385,44504,RUA MIRANDA,Rua Miranda,R. Miranda,S,Via Pavimentada
5387,44520,RUA MIRANDA FALCAO,Rua Miranda Falcão,R. Miranda Falcao,S,Via Pavimentada
5408,44539,RUA MIRANDELA,Rua Mirandela,R. Mirandela,S,Via Pavimentada
5409,44547,RUA MIRANDIBA,Rua Mirandiba,R. Mirandiba,S,Via Pavimentada
10291,98230,RUA MIRANDOPOLIS,Rua Mirandópolis,R. Mirandopolis,P,Via Parcialmente Pavimentada
5410,44563,RUA MIRASANTA,Rua Mirasanta,R. Mirasanta,S,Via Pavimentada
9183,82953,RUA MIRASSOL,Rua Mirassol,R. Mirassol,X,Não definida
5413,44598,RUA MIRAVANIA,Rua Miravânia,R. Miravania,S,Via Pavimentada
5492,45233,RUA MIRIAM LOPES VERBENA,Rua Mirian Lopes Verbena,R. Mirian Lopes Verbena,S,Via Pavimentada
5415,44610,RUA MIRINZAL,Rua Mirinzal,R. Mirinzal,S,Via Pavimentada
5416,44628,RUA MIRIRI,Rua Miriri,R. Miriri,S,Via Pavimentada
4378,34967,RUA MIS JOEL CARLSON,Rua Missionário Joel Carlson,R. Mis Joel Carlson,S,Via Pavimentada
7102,60321,RUA MIS JOEL CASSIO,Rua Missionário Joel Cássio,R. Mis Joel Cássio,N,Via Não Pavimentada
9894,91189,RUA MISSOES,Rua Missões,R. Missões,S,Via Pavimentada
5423,44679,RUA MIZAEL MONTENEGRO,Rua Mizael Montenegro,R. Mizael Montenegro,S,Via Pavimentada
5425,44695,RUA MOACIR ALBUQUERQUE,Rua Moacir Albuquerque,R. Moacir Albuquerque,P,Via Parcialmente Pavimentada
1132,5401,RUA MOACIR CARDOSO,Rua Moacir Cardoso,R. Moacir Cardoso,N,Via Não Pavimentada
5426,44709,RUA MOACIR COUTINHO,Rua Moacir Coutinho,R. Moacir Coutinho,S,Via Pavimentada
7316,62103,RUA MOACY NEVES,Rua Moacy Neves,R. Moacy Neves,S,Via Pavimentada
5428,44717,RUA MOCAJUBA,Rua Mocajuba,R. Mocajuba,N,Via Não Pavimentada
5429,44725,RUA MOCAMBIQUE,Rua Moçambique,R. Moçambique,P,Via Parcialmente Pavimentada
5438,44741,RUA MOCIDADE,Rua Mocidade,R. Mocidade,S,Via Pavimentada
5441,44768,RUA MOCOCA,Rua Mococa,R. Mococa,S,Via Pavimentada
5442,44776,RUA MODELO,Rua Modelo,R. Modelo,S,Via Pavimentada
5444,44792,RUA MOEMA,Rua Moema,R. Moema,S,Via Pavimentada
27,76813,RUA MOGEIRO,Rua Mogeiro,R. Mogeiro,S,Via Pavimentada
5447,44822,RUA MOGI DAS CRUZES,Rua Mogi das Cruzes,R. Mogi das Cruzes,P,Via Parcialmente Pavimentada
11826,700215,RUA MOGI GUACU,Rua Mogi-Guassu,R. Mogi-Guassu,N,Via Não Pavimentada
9048,81418,RUA MOGI-MIRIM,Rua Mogi-mirim,R. Mogi-Mirim,S,Via Pavimentada
5446,44814,RUA MOGY,Rua Mogy,R. Mogy,S,Via Pavimentada
5450,44857,RUA MOISES CORREA SILVA,Rua Moisés Corrêa Silva,R. Moisés Corrêa Silva,S,Via Pavimentada
5452,44881,RUA MONDAI,Rua Mondaí,R. Mondai,N,Via Não Pavimentada
8445,74225,RUA MONICA RAPOSO,Rua Mônica Raposo,R. Mônica Raposo,N,Via Não Pavimentada
1004,4235,RUA MONSENHOR AMBROSINO LEITE,Rua Monsenhor Ambrosino Leite,R. Monsenhor Ambrosino Leite,S,Via Pavimentada
1481,8273,RUA MONSENHOR ARRUDA CAMARA,Rua Monsenhor Arruda Câmara,R. Monsenhor Arruda Camara,S,Via Pavimentada
2074,13528,RUA MONSENHOR CALLOU,Rua Monsenhor Callou,R. Monsenhor Callou,S,Via Pavimentada
853,2828,RUA MONSENHOR FERREIRA LIMA,Rua Monsenhor Ferreira Lima,R. Monsenhor Ferreira Lima,S,Via Pavimentada
3755,29092,RUA MONSENHOR HIPOLITO,Rua Monsenhor Hipólito,R. Monsenhor Hipolito,P,Via Parcialmente Pavimentada
4190,33375,RUA MONSENHOR JOAO BARBALHO,Rua Monsenhor João Barbalho,R. Monsenhor João Barbalho,S,Via Pavimentada
4272,34088,RUA MONSENHOR JOAO OLIMPIO DOS SANTOS,Rua Monsenhor João Olímpio dos Santos,R. Monsenhor João Olimpio Dos Santos,S,Via Pavimentada
4623,37265,RUA MONSENHOR JULIO MARIA,Rua Monsenhor Júlio Maria,R. Monsenhor Julio Maria,S,Via Pavimentada
4822,39209,RUA MONSENHOR LOBO,Rua Monsenhor Lobo,R. Monsenhor Lobo,N,Via Não Pavimentada
8568,75450,RUA MONSENHOR NIVALDO ESTELLA DE MELLO,Rua Monsenhor Nivaldo Estella de Mello,R. Monsenhor Nivaldo Estella de Mello,X,Não definida
8285,78905,RUA MONSENHOR PAULO,Rua Monsenhor Paulo,R. Monsenhor Paulo,S,Via Pavimentada
7195,61107,RUA MONSENHOR SEVERINO NOGUEIRA,Rua Monsenhor Severino Nogueira,R. Monsenhor Severino Nogueira,S,Via Pavimentada
6603,55310,RUA MONSENHOR SILVA,Rua Monsenhor Silva,R. Monsenhor Silva,S,Via Pavimentada
7041,59757,RUA MONSENHOR TABOSA,Rua Monsenhor Tabosa,R. Monsenhor Tabosa,N,Via Não Pavimentada
7123,60518,RUA MONSENHOR TEOBALDO ROCHA,Rua Monsenhor Teobaldo Rocha,R. Monsenhor Teobaldo Rocha,S,Via Pavimentada
7564,64262,RUA MONSENHOR VIANA,Rua Monsenhor Viana,R. Monsenhor Viana,P,Via Parcialmente Pavimentada
5455,44911,RUA MONTALVANIA,Rua Montalvânia,R. Montalvania,X,Não definida
6536,54666,RUA MONTE ALEGRE,Rua Monte Alegre,R. Monte Alegre,N,Via Não Pavimentada
5434,44962,RUA MONTE ALVERNE,Rua Monte Alverne,R. Monte Alverne,P,Via Parcialmente Pavimentada
5435,44970,RUA MONTE AZUL,Rua Monte Azul,R. Monte Azul,N,Via Não Pavimentada
8531,74942,RUA MONTE BELO,Rua Monte Belo,R. Monte Belo,S,Via Pavimentada
5436,44989,RUA MONTE BELO,Rua Monte Belo,R. Monte Belo,S,Via Pavimentada
8121,70580,RUA MONTE CANAA,Rua Monte Canaã,R. Monte Canaa,N,Via Não Pavimentada
8725,77267,RUA MONTE CARMELO,Rua Monte Carmelo,R. Monte Carmelo,S,Via Pavimentada
5460,45004,RUA MONTE CARMELO,Rua Monte Carmelo,R. Monte Carmelo,S,Via Pavimentada
5462,45020,RUA MONTE CASTELO,Rua Monte Castelo,R. Monte Castelo,S,Via Pavimentada
11129,115550,RUA MONTE CASTELO,Rua Monte Castelo,R. Monte Castelo,X,Não definida
8522,74845,RUA MONTE CASTELO,Rua Monte Castelo,R. Monte Castelo,S,Via Pavimentada
5463,45039,RUA MONTE CELESTE,Rua Monte Celeste,R. Monte Celeste,S,Via Pavimentada
382,91154,RUA MONTE CLARO,Rua Monte Claro,R. Monte Claro,X,Não definida
9089,81850,RUA MONTE DAS OLIVEIRAS,Rua Monte das Oliveiras,R. Monte das Oliveiras,N,Via Não Pavimentada
372,91057,RUA MONTE DAS TABOCAS,Rua Monte das Tabocas,R. Monte das Tabocas,N,Via Não Pavimentada
4019,31593,RUA MONTE DAS TABOCAS,Rua Monte das Tabocas,R. Monte das Tabocas,N,Via Não Pavimentada
5461,45012,RUA MONTE DO CARMO,Rua Monte do Carmo,R. Monte do Carmo,S,Via Pavimentada
8743,77763,RUA MONTE DOS  SANTOS,Rua Monte dos Santos,R. Monte dos Santos,N,Via Não Pavimentada
9093,81892,RUA MONTE GUARARAPES,Rua Monte Guararapes,R. Monte Guararapes,S,Via Pavimentada
8730,77607,RUA MONTE HEREBE,Rua Monte Herebe,R. Monte Herebe,S,Via Pavimentada
5468,45055,RUA MONTE HOREB,Rua Monte Horeb,R. Monte Horeb,S,Via Pavimentada
10770,110663,RUA MONTEIRO LOBATO,Rua Monteiro Lobato,R. Monteiro Lobato,N,Via Não Pavimentada
5674,46930,RUA MONTEIRO LOBATO,Rua Monteiro Lobato,R. Monteiro Lobato,P,Via Parcialmente Pavimentada
9322,84638,RUA MONTEIROPOLIS,Rua Monteirópolis,R. Monteiropolis,N,Via Não Pavimentada
63,100021,RUA MONTE LIBANO,Rua Monte Libano,R. Monte Libano,N,Via Não Pavimentada
7989,69019,RUA MONTE LINDO,Rua Monte Lindo,R. Monte Lindo,N,Via Não Pavimentada
8212,71579,RUA MONTE-MOR,Rua Monte-Mor,R. Monte-Mor,X,Não definida
8439,74179,RUA MONTE PASCOAL,Rua Monte Pascoal,R. Monte Pascoal,S,Via Pavimentada
5471,45071,RUA MONTE PAVAO,Rua Monte Pavão,R. Monte Pavao,S,Via Pavimentada
3668,93882,RUA MONTEREY,Rua Monterey,R. Monterey,X,Não definida
5473,45098,RUA MONTEREY,Rua Monterey,R. Monterey,P,Via Parcialmente Pavimentada
5907,49000,RUA MONTE SANTO,Rua Monte Santo,R. Monte Santo,S,Via Pavimentada
2626,18716,RUA MONTESE,Rua Montese,R. Montese,N,Via Não Pavimentada
8640,77275,RUA MONTE SIAO,Rua Monte Sião,R. Monte Siao,S,Via Pavimentada
9086,81809,RUA MONTE SINAI,Rua Monte Sinai,R. Monte Sinai,P,Via Parcialmente Pavimentada
11510,120740,RUA MONTE SINAI,Rua Monte Sinai,R. Monte Sinai,X,Não definida
8745,77780,RUA MONTE DAS TABOCAS,Rua Monte Taboca,R. Monte Taboca,N,Via Não Pavimentada
11524,120871,RUA MORADA NOVA,Rua Morada Nova,R. Morada Nova,N,Via Não Pavimentada
10986,113573,RUA MORADA VERDE,Rua Morada Verde,R. Morada Verde,N,Via Não Pavimentada
5487,45187,RUA MORAES DE INHAMA,Rua Moraes de Inhamã,R. Moraes de Inhama,S,Via Pavimentada
5489,45209,RUA MORAIS E SILVA,Rua Morais e Silva,R. Morais e Silva,S,Via Pavimentada
5493,45241,RUA MOREIRA REIS,Rua Moreira Reis,R. Moreira Reis,S,Via Pavimentada
276,85014,RUA MORENA FLOR,Rua Morena Flor,R. Morena Flor,S,Via Pavimentada
3666,45250,RUA MORENO,Rua Moreno,R. Moreno,S,Via Pavimentada
9070,81825,RUA MORRO DA CONCEICAO,Rua Morro da Conceição,R. Morro da Conceição,S,Via Pavimentada
8515,74780,RUA MORRO DEDO DE DEUS,Rua Morro Dedo de Deus,R. Morro Dedo de Deus,N,Via Não Pavimentada
8535,74985,RUA MORRO DO PILAR,Rua Morro do Pilar,R. Morro do Pilar,S,Via Pavimentada
4870,45268,RUA MORUMBI,Rua Morumbi,R. Morumbi,N,Via Não Pavimentada
5465,45276,RUA MOSSORO,Rua Mossoró,R. Mossoro,P,Via Parcialmente Pavimentada
5466,45284,RUA MOSTARDAS,Rua Mostardas,R. Mostardas,S,Via Pavimentada
5482,45306,RUA MOTOCOLOMBO,Rua Motocolombó,R. Motocolombo,S,Via Pavimentada
1123,5320,RUA MOTORISTA ANTONIO PAULINO DE LIMA,Rua Motorista Antônio Paulino de Lima,R. Motorista Antônio Paulino de Lima,N,Via Não Pavimentada
1124,5339,RUA MOTORISTA JOSE ALVES DE ARAUJO,Rua Motorista José Alves de Araújo,R. Motorista José Alves de Araujo,N,Via Não Pavimentada
2542,17817,RUA MOURA,Rua Moura,R. Moura,N,Via Não Pavimentada
7461,63231,RUA MOZART SIQUEIRA,Rua Mozart Siqueira,R. Mozart Siqueira,S,Via Pavimentada
8337,73032,RUA MUCIO CATAO,Rua Mucio Catão,R. Mucio Catao,N,Via Não Pavimentada
5500,45330,RUA MUCURI,Rua Mucuri,R. Mucuri,S,Via Pavimentada
8451,74276,RUA MUCURICI,Rua Mucurici,R. Mucurici,S,Via Pavimentada
45,76481,RUA MULUNGU,Rua Mulungu,R. Mulungu,N,Via Não Pavimentada
5503,45357,RUA MUNDAU,Rua Mundau,R. Mundau,S,Via Pavimentada
2748,19798,RUA MUNHOZ,Rua Munhoz,R. Munhoz,N,Via Não Pavimentada
5505,45373,RUA MUNHOZ DE MELO,Rua Munhoz de Melo,R. Munhoz de Melo,N,Via Não Pavimentada
5510,45420,RUA MUNIZ FERREIRA,Rua Muniz Ferreira,R. Muniz Ferreira,S,Via Pavimentada
5511,45438,RUA MUNIZ FREIRE,Rua Muniz Freire,R. Muniz Freire,N,Via Não Pavimentada
5512,45446,RUA MUNIZ GALVAO,Rua Muniz Galvão,R. Muniz Galvao,S,Via Pavimentada
5513,45454,RUA MUNIZ TAVARES,Rua Muniz Tavares,R. Muniz Tavares,S,Via Pavimentada
9423,85936,RUA MUQUI,Rua Muqui,R. Muqui,N,Via Não Pavimentada
10042,93483,RUA MURAJA,Rua Murajá,R. Muraja,X,Não definida
5515,45462,RUA MURIAE,Rua Muriaé,R. Muriae,S,Via Pavimentada
5516,45470,RUA MURIBECA,Rua Muribeca,R. Muribeca,N,Via Não Pavimentada
5518,45497,RUA MURICI,Rua Murici,R. Murici,S,Via Pavimentada
260,76538,RUA MURICILANDIA,Rua Muricilandia,R. Muricilandia,P,Via Parcialmente Pavimentada
8053,69850,RUA MURILO ANASTACIO DE OLIVEIRA,Rua Murilo Anastácio de Oliveira,R. Murilo Anastacio de Oliveira,S,Via Pavimentada
9162,82635,RUA MURILO MENEZES LIRA,Rua Murilo Menezes Lira,R. Murilo Menezes Lira,N,Via Não Pavimentada
8906,79790,RUA MURITI,Rua Muriti,R. Muriti,S,Via Pavimentada
5519,45500,RUA MURITIBA,Rua Muritiba,R. Muritiba,P,Via Parcialmente Pavimentada
7903,67865,RUA MUSICO FELINHO,Rua Musico Felinho,R. Musico Felinho,X,Não definida
5523,45543,RUA MUSSUREPE,Rua Mussurepe,R. Mussurepe,S,Via Pavimentada
10183,96300,RUA NACIP RAYDAN,Rua Nacip Raydan,R. Nacip Raydan,S,Via Pavimentada
5529,45594,RUA NADIA,Rua Nádia,R. Nadia,P,Via Parcialmente Pavimentada
5531,45608,RUA NAGE,Rua Nage,R. Nage,S,Via Pavimentada
10188,96369,RUA NAIR R GADELHA,Rua Nair Ribeiro Gadelha,R. Nair R Gadelha,N,Via Não Pavimentada
5533,45616,RUA NAJA,Rua Najá,R. Naja,N,Via Não Pavimentada
5535,45624,RUA NANTES,Rua Nantes,R. Nantes,N,Via Não Pavimentada
8667,76708,RUA NANUQUE,Rua Nanuque,R. Nanuque,X,Não definida
5538,45659,RUA NAPOLEAO TEIXEIRA DE MACEDO,Rua Napoleão Teixeira de Macêdo,R. Napoleao Teixeira de Macedo,P,Via Parcialmente Pavimentada
5539,45667,RUA NAPOLIS,Rua Nápolis,R. Napolis,P,Via Parcialmente Pavimentada
5546,45705,RUA NATAL,Rua Natal,R. Natal,S,Via Pavimentada
3006,22322,RUA NATAL,Rua Natal,R. Natal,N,Via Não Pavimentada
8168,71102,RUA NATALINO TEIXEIRA,Rua Natalino Teixeira,R. Natalino Teixeira,S,Via Pavimentada
5549,45730,RUA NATERCIO DE HOLANDA,Rua Natércio de Holanda,R. Natercio de Holanda,S,Via Pavimentada
2115,13935,RUA NATINGUI,Rua Natingui,R. Natingui,S,Via Pavimentada
5554,45772,RUA NATIVIDADE DA SERRA,Rua Natividade da Serra,R. Natividade da Serra,N,Via Não Pavimentada
5551,45756,RUA NATIVIDADE SALDANHA,Rua Natividade Saldanha,R. Natividade Saldanha,S,Via Pavimentada
1255,6432,RUA NATURALIST AUGUSTO RUSKY,Rua Naturalista Augusto Rusky,R. Naturalist Augusto Rusky,S,Via Pavimentada
6791,57746,RUA NAUM,Rua Naum,R. Naum,N,Via Não Pavimentada
5557,45829,RUA NAVIRAI,Rua Naviraí,R. Navirai,S,Via Pavimentada
319,137677,RUA NAZARE,Rua Nazaré,R. Nazaré,N,Via Não Pavimentada
5558,45837,RUA NAZARE,Rua Nazaré,R. Nazare,S,Via Pavimentada
5559,45845,RUA NAZARE DA MATA,Rua Nazaré da Mata,R. Nazare da Mata,S,Via Pavimentada
10352,99279,RUA NAZARE DE MINAS,Rua Nazaré de Minas,R. Nazare de Minas,P,Via Parcialmente Pavimentada
5561,45853,RUA NAZARENO,Rua Nazareno,R. Nazareno,S,Via Pavimentada
9957,91901,RUA NAZARIO,Rua Nazário,R. Nazario,S,Via Pavimentada
5565,45918,RUA NELSON AVILA,Rua Nelson Ávila,R. Nelson Avila,N,Via Não Pavimentada
9545,87394,RUA NELSON DE SENA,Rua Nelson de Sena,R. Nelson de Sena,P,Via Parcialmente Pavimentada
7999,69248,RUA NELSON DE SOUZA KOHL,Rua Nelson de Souza Kohl,R. Nelson de Souza Kohl,S,Via Pavimentada
10177,96180,RUA NELSON RAPOSO,Rua Nelson Raposo,R. Nelson Raposo,S,Via Pavimentada
5574,45993,RUA NELSON VIANA,Rua Nelson Viana,R. Nelson Viana,S,Via Pavimentada
5576,46019,RUA NEOPOLIS,Rua Neópolis,R. Neopolis,S,Via Pavimentada
5578,46035,RUA NEREU RAMOS,Rua Nereu Ramos,R. Nereu Ramos,P,Via Parcialmente Pavimentada
5564,45896,RUA NEROPOLIS,Rua Nerópolis,R. Neropolis,S,Via Pavimentada
5584,46051,RUA NESTOR MOREIRA,Rua Nestor Moreira,R. Nestor Moreira,S,Via Pavimentada
5587,46078,RUA NESTOR SILVA,Rua Nestor Silva,R. Nestor Silva,S,Via Pavimentada
5588,46086,RUA NESTOR TAVARES,Rua Nestor Tavares,R. Nestor Tavares,S,Via Pavimentada
5591,46108,RUA NETO CAMPELO,Rua Neto Campelo,R. Neto Campelo,S,Via Pavimentada
5593,46116,RUA NETO CAMPELO JUNIOR,Rua Neto Campelo Júnior,R. Neto Campelo Junior,P,Via Parcialmente Pavimentada
5595,46124,RUA NETO MENDONCA,Rua Neto Mendonça,R. Neto Mendonça,S,Via Pavimentada
5600,46175,RUA NICARAGUA,Rua Nicarágua,R. Nicaragua,S,Via Pavimentada
8190,71358,RUA NICEAS ARCOVERDE GUSMAO,Rua Nicéas Arcoverde Gusmão,R. Niceas Arcoverde Gusmao,S,Via Pavimentada
7920,68020,RUA NICOLAU JERONIMO DE BARROS,Rua Nicolau Jerônimo de Barros,R. Nicolau Jeronimo de Barros,S,Via Pavimentada
5572,46213,RUA NICOLAU PEREIRA,Rua Nicolau Pereira,R. Nicolau Pereira,S,Via Pavimentada
5605,46221,RUA NICOLINO MIRANDA,Rua Nicolino Miranda,R. Nicolino Miranda,S,Via Pavimentada
5606,46230,RUA NICOMEDES HARTMANN,Rua Nicomedes Hartmann,R. Nicomedes Hartmann,N,Via Não Pavimentada
5607,46248,RUA NILOPOLIS,Rua Nilópolis,R. Nilopolis,P,Via Parcialmente Pavimentada
8582,75604,RUA NILSON SABINO PINHO,Rua Nilson Sabino Pinho,R. Nilson Sabino Pinho,S,Via Pavimentada
11629,124141,RUA NILTON CARLOS,Rua Nilton Carlos,R. Nilton Carlos,N,Via Não Pavimentada
30,46280,RUA NINA,Rua Nina,R. Nina,S,Via Pavimentada
8289,72478,RUA NINIVE,Rua Nínive,R. Ninive,N,Via Não Pavimentada
29,46329,RUA NISIA FLORESTA,Rua Nísia Floresta,R. Nisia Floresta,S,Via Pavimentada
203,46345,RUA NISSIN BENSOUSSAN,Rua Nissin Bensoussan,R. Nissin Bensoussan,S,Via Pavimentada
204,46353,RUA NITEROI,Rua Niterói,R. Niteroi,S,Via Pavimentada
205,46361,RUA NIVALDO GOMES,Rua Nivaldo Gomes,R. Nivaldo Gomes,P,Via Parcialmente Pavimentada
207,46388,RUA NOBERTO SILVA,Rua Noberto Silva,R. Noberto Silva,N,Via Não Pavimentada
11126,116513,RUA NOBRE,Rua Nobre,R. Nobre,X,Não definida
209,46400,RUA NOBRE DE LACERDA,Rua Nobre de Lacerda,R. Nobre de Lacerda,S,Via Pavimentada
211,46418,RUA NOBREGA,Rua Nóbrega,R. Nobrega,S,Via Pavimentada
4116,32697,RUA NOBRES,Rua Nobres,R. Nobres,S,Via Pavimentada
187,46434,RUA NOEL ROSA,Rua Noel Rosa,R. Noel Rosa,S,Via Pavimentada
5613,46469,RUA NOGUEIRA DE MELO,Rua Nogueira de Melo,R. Nogueira de Melo,P,Via Parcialmente Pavimentada
5614,46477,RUA NOGUEIRA DE SOUZA,Rua Nogueira de Souza,R. Nogueira de Souza,S,Via Pavimentada
5612,46450,RUA NOGUEIRA LIMA,Rua Nogueira Lima,R. Nogueira Lima,S,Via Pavimentada
5617,46493,RUA NORDESTE,Rua Nordeste,R. Nordeste,S,Via Pavimentada
5619,46507,RUA NORDESTINA,Rua Nordestina,R. Nordestina,N,Via Não Pavimentada
5620,46515,RUA NORMANDIA,Rua Normândia,R. Normandia,S,Via Pavimentada
5271,46523,RUA NOROESTE,Rua Noroeste,R. Noroeste,S,Via Pavimentada
5637,46558,RUA NORTELANDIA,Rua Nortelândia,R. Nortelandia,S,Via Pavimentada
5638,46566,RUA NORUEGA,Rua Noruega,R. Noruega,N,Via Não Pavimentada
9557,87424,RUA NOSSA SRA APARECIDA,Rua Nossa Senhora Aparecida,R. Nossa Srª Aparecida,N,Via Não Pavimentada
2319,15970,RUA NOSSA SENHORA DA CONCEICAO,Rua Nossa Senhora da Conceição,R. N S da Conceição,S,Via Pavimentada
9583,100048,RUA NOSSA SENHORA DA CONCEICAO,Rua Nossa Senhora da Conceição,R. N S da Conceição,S,Via Pavimentada
11039,114227,RUA NOSSA SENHORA DE FATIMA,Rua Nossa Senhora de Fátima,R. N. Srª de Fátima,N,Via Não Pavimentada
6363,53139,RUA NOSSA SENHORA DE FATIMA,Rua Nossa Senhora de Fátima,R. N S de Fátima,S,Via Pavimentada
6242,52027,RUA N S DE POMPEIA,Rua Nossa Senhora de Pompéia,R. N S de Pompéia,S,Via Pavimentada
9555,87408,RUA NOSSA SRA DO CARMO,Rua Nossa Senhora do Carmo,R. N S do Carmo,N,Via Não Pavimentada
10222,96938,RUA NOSSA SENHORA DO CARMO,Rua Nossa Senhora do Carmo,R. NSra do Carmo,S,Via Pavimentada
510,46310,RUA NOSSA SRA DO CARMO,Rua Nossa Senhora do Carmo,R. N  Sra do Carmo,S,Via Pavimentada
7974,68799,RUA N S DOS PRAZERES,Rua Nossa Senhora dos Prazeres,R. N. Srª dos Prazeres,N,Via Não Pavimentada
7260,61654,RUA NOSSO CHAO,Rua Nosso Chão,R. Nosso Chao,N,Via Não Pavimentada
1854,11665,RUA NOVA,Rua Nova,R. Nova,S,Via Pavimentada
8836,78794,RUA NOVA,Rua Nova,R. Nova,S,Via Pavimentada
5639,46574,RUA NOVA,Rua Nova,R. Nova,S,Via Pavimentada
308,120022,RUA NOVA,Rua Nova,R. Nova,X,Não definida
7505,63665,RUA NOVA,Rua Nova,R. Nova,N,Via Não Pavimentada
11741,125733,RUA NOVA,Rua Nova,R. Nova,X,Não definida
648,1058,RUA NOVA ALIANCA,Rua Nova Aliança,R. Nova Alianca,P,Via Parcialmente Pavimentada
5642,46590,RUA NOVA AMERICA,Rua Nova América,R. Nova America,N,Via Não Pavimentada
8607,75876,RUA NOVA ARACA,Rua Nova Araçá,R. Nova Araca,X,Não definida
5643,46604,RUA NOVA AURORA,Rua Nova Aurora,R. Nova Aurora,S,Via Pavimentada
5644,46612,RUA NOVA BETANIA,Rua Nova Betânia,R. Nova Betânia,S,Via Pavimentada
5645,46639,RUA NOVA BRESCIA,Rua Nova Bréscia,R. Nova Bréscia,S,Via Pavimentada
11044,114294,RUA NOVA CANAA,Rua Nova Canaã,R. Nova Canaã,N,Via Não Pavimentada
5646,46647,RUA NOVA CANAA,Rua Nova Canaã,R. Nova Canaa,S,Via Pavimentada
8098,70327,RUA NOVA CORRENTE,Rua Nova Corrente,R. Nova Corrente,S,Via Pavimentada
5647,46655,RUA NOVA CRUZ,Rua Nova Cruz,R. Nova Cruz,N,Via Não Pavimentada
8608,75884,RUA NOVA CULTURA,Rua Nova Cultura,R. Nova Cultura,S,Via Pavimentada
3565,27375,RUA NOVA DA BOA VISTA,Rua Nova da Boa Vista,R. Nova da Boa Vista,P,Via Parcialmente Pavimentada
8583,75620,RUA NOVA DA CABANGA,Rua Nova da Cabanga,R. Nova da Cabanga,P,Via Parcialmente Pavimentada
5648,46663,RUA NOVA DESCOBERTA,Rua Nova Descoberta,R. Nova Descoberta,S,Via Pavimentada
7844,67350,RUA NOVA ESPERANCA,Rua Nova Esperança,R. Nova Esperanca,N,Via Não Pavimentada
5650,46671,RUA NOVA ESPERANCA,Rua Nova Esperança,R. Nova Esperanca,S,Via Pavimentada
5651,46680,RUA NOVA EUROPA,Rua Nova Europa,R. Nova Europa,P,Via Parcialmente Pavimentada
5654,46710,RUA NOVA FRIBURGO,Rua Nova Friburgo,R. Nova Friburgo,N,Via Não Pavimentada
10849,111767,1TR RUA NOVA GALILEIA,Rua  Nova Galiléia,R.  Nova Galiléia,N,Via Não Pavimentada
5655,46728,RUA NOVA GRANADA,Rua Nova Granada,R. Nova Granada,S,Via Pavimentada
5656,46736,RUA NOVA IBIA,Rua Nova Ibiá,R. Nova Ibia,S,Via Pavimentada
5657,46744,RUA NOVA IGUACU,Rua Nova Iguaçu,R. Nova Iguacu,S,Via Pavimentada
10377,99562,RUA NOVAIS,Rua Novais,R. Novais,N,Via Não Pavimentada
5658,46760,RUA NOVA JALES,Rua Nova Jales,R. Nova Jales,S,Via Pavimentada
11626,123439,RUA NOVA JERUSALEM,Rua Nova Jerusalem,R. Nova Jerusalem,N,Via Não Pavimentada
5660,46787,RUA NOVA LONDRINA,Rua Nova Londrina,R. Nova Londrina,P,Via Parcialmente Pavimentada
5661,46795,RUA NOVA LUZITANIA,Rua Nova Luzitania,R. Nova Luzitania,S,Via Pavimentada
9905,91332,RUA NOVA MILANO,Rua Nova Milano,R. Nova Milano,S,Via Pavimentada
11523,120863,RUA NOVA MORADA,Rua Nova Morada,R. Nova Morada,P,Via Parcialmente Pavimentada
9977,92231,RUA NOVA OLINDA,Rua Nova Olinda,R. Nova Olinda,X,Não definida
8042,69744,RUA NOVA OLINDA,Rua Nova Olinda,R. Nova Olinda,N,Via Não Pavimentada
5663,46825,RUA NOVA PADUA,Rua Nova Padua,R. Nova Padua,S,Via Pavimentada
5664,46833,RUA NOVA PALMEIRA,Rua Nova Palmeira,R. Nova Palmeira,P,Via Parcialmente Pavimentada
8609,75914,RUA NOVA PRATA,Rua Nova Prata,R. Nova Prata,X,Não definida
8334,73008,RUA NOVA REPUBLICA,Rua Nova Republica,R. Nova Republica,N,Via Não Pavimentada
5666,46850,RUA JURACI AMELIA DE SOUZA,Rua Nova Resende,R. Nova Resende,S,Via Pavimentada
5669,46876,RUA NOVA SERRANA,Rua Nova Serrana,R. Nova Serrana,S,Via Pavimentada
5671,46884,RUA NOVA TRENTO,Rua Nova Trento,R. Nova Trento,S,Via Pavimentada
1271,14052,RUA NOVA VENENCIA,Rua Nova Venência,R. Nova Venencia,S,Via Pavimentada
5673,46914,RUA NOVA VERONA,Rua Nova Verona,R. Nova Verona,S,Via Pavimentada
11525,120880,RUA NOVA VIDA,Rua Nova Vida,R. Nova Vida,S,Via Pavimentada
8825,78654,RUA NOVE DE MARCO,Rua Nove de Março,R. Nove de Marco,S,Via Pavimentada
9094,81906,RUA NOVENTA E CINCO,Rua Noventa E Cinco,R. Noventa e Cinco,N,Via Não Pavimentada
7876,67598,RUA NOVO ACORDO,Rua Novo Acordo,R. Novo Acordo,P,Via Parcialmente Pavimentada
8040,69728,RUA NOVO ALEGRE,Rua Novo Alegre,R. Novo Alegre,X,Não definida
5676,46973,RUA NOVO HORIZONTE,Rua Novo Horizonte,R. Novo Horizonte,S,Via Pavimentada
7495,63568,RUA NOVO HORIZONTE,Rua Novo Horizonte,R. Novo Horizonte,P,Via Parcialmente Pavimentada
8043,69752,RUA NOVO JARDIM,Rua Novo Jardim,R. Novo Jardim,N,Via Não Pavimentada
5677,46981,RUA NOVO LINO,Rua Novo Lino,R. Novo Lino,X,Não definida
5678,46990,RUA NOVO ORIENTE,Rua Novo Oriente,R. Novo Oriente,X,Não definida
11521,120847,RUA NOVO TEMPO,Rua Novo Tempo,R. Novo Tempo,N,Via Não Pavimentada
712,1570,RUA N S DA AJUDA,Rua N S da Ajuda,R. N S da Ajuda,S,Via Pavimentada
7493,63533,RUA N S DA CONCEICAO,Rua N S da Conceição,R. N S da Conceição,S,Via Pavimentada
3489,26735,RUA N S DA GLORIA,Rua N S da Glória,R. N S da Gloria,S,Via Pavimentada
2860,20842,RUA N S DA PENHA,Rua N S da Penha,R. N S da Penha,P,Via Parcialmente Pavimentada
9408,85774,RUA N S DA PIEDADE,Rua N S da Piedade,R. N S da Piedade,N,Via Não Pavimentada
6488,54283,RUA N S DA SAUDE,Rua N s da Saúde,R. N S da Saude,S,Via Pavimentada
256,72397,RUA N S DAS GRACAS,Rua N S das Graças,R. N S das Gracas,S,Via Pavimentada
8133,70696,RUA N S DAS GRACAS,Rua N S das Graças,R. N S das Gracas,X,Não definida
11575,121614,RUA N S DE FATIMA,Rua N S de Fátima,R. N S de Fatima,X,Não definida
3170,23639,RUA N S DE FATIMA,Rua N S de Fátima,R. N S de Fatima,S,Via Pavimentada
4845,39403,RUA N S DE LOURDES,Rua N S de Lourdes,R. N S de Lourdes,S,Via Pavimentada
1478,8249,RUA N S DO CARMO,Rua N S do Carmo,R. N S do Carmo,S,Via Pavimentada
6986,59285,RUA N S DO ROSARIO,Rua N S do Rosário,R. N S do Rosario,P,Via Parcialmente Pavimentada
5680,47015,RUA NUMA POMPILHO,Rua Numa Pompilho,R. Numa Pompilho,S,Via Pavimentada
5681,47023,RUA NUNES MACHADO,Rua Nunes Machado,R. Nunes Machado,S,Via Pavimentada
5682,47031,RUA NUPEBA,Rua Nupeba,R. Nupeba,X,Não definida
5683,47040,RUA NUPORANGA,Rua Nuporanga,R. Nuporanga,S,Via Pavimentada
602,47066,RUA OASIS,Rua Oásis,R. Oasis,N,Via Não Pavimentada
491,47058,RUA OBIDOS,Rua Óbidos,R. Obidos,S,Via Pavimentada
2137,14362,RUA OCARA,Rua Ocara,R. Ocara,N,Via Não Pavimentada
5686,47104,RUA OCIDENTAL,Rua Ocidental,R. Ocidental,S,Via Pavimentada
5688,47112,RUA ODALISCA,Rua Odalisca,R. Odalisca,S,Via Pavimentada
5691,47120,RUA ODETE MONTEIRO,Rua Odete Monteiro,R. Odete Monteiro,S,Via Pavimentada
11892,705560,RUA ODETE SANTOS VASCONCELOS,Rua Odete Santos Vasconcelos,R. Odete Santos Vasconcelos,S,Via Pavimentada
5472,45080,RUA ODIJAS CARVALHO DE SOUZA,Rua Odijas Carvalho de Souza,R. Odijas Carvalho de Souza,P,Via Parcialmente Pavimentada
5692,47139,RUA ODILON ARAUJO,Rua Odilon Araujo,R. Odilon Araujo,P,Via Parcialmente Pavimentada
5694,47155,RUA ODILON TUCUMAN,Rua Odilon Tucuman,R. Odilon Tucuman,S,Via Pavimentada
5695,47163,RUA ODON RODRIGUES DE MORAIS REGO,Rua Odon Rodrigues de Morais Rego,R. Odon Rodrigues de Morais Rego,N,Via Não Pavimentada
5696,47171,RUA ODORICO MENDES,Rua Odorico Mendes,R. Odorico Mendes,S,Via Pavimentada
5697,47180,RUA OEIRAS,Rua Oeiras,R. Oeiras,N,Via Não Pavimentada
5699,47201,RUA OESTE,Rua Oeste,R. Oeste,S,Via Pavimentada
5701,47210,RUA OITICICA LINS,Rua Oiticica Lins,R. Oiticica Lins,S,Via Pavimentada
9565,87521,RUA OITO,Rua Oito,R. Oito,S,Via Pavimentada
5672,46892,RUA OITO DE FEVEREIRO,Rua Oito de Fevereiro,R. Oito de Fevereiro,N,Via Não Pavimentada
4565,36749,RUA OITO DE MARCO,Rua Oito de Março,R. Oito de Marco,N,Via Não Pavimentada
5704,47236,RUA OLAVO BILAC,Rua Olavo Bilac,R. Olavo Bilac,S,Via Pavimentada
5707,47260,RUA OLEGARIO MARIANO,Rua Olegário Mariano,R. Olegario Mariano,S,Via Pavimentada
5710,47287,RUA OLGA,Rua Olga,R. Olga,N,Via Não Pavimentada
5712,47309,RUA OLIMPIA,Rua Olímpia,R. Olimpia,S,Via Pavimentada
5713,47317,RUA OLIMPIO,Rua Olimpio,R. Olimpio,S,Via Pavimentada
5715,47333,RUA OLIMPIO BONALD,Rua Olimpio Bonald,R. Olimpio Bonald,S,Via Pavimentada
5716,47341,RUA OLIMPIO CHACON,Rua Olímpio Chacon,R. Olimpio Chacon,S,Via Pavimentada
5717,47350,RUA OLIMPIO COSTA,Rua Olímpio Costa,R. Olimpio Costa,P,Via Parcialmente Pavimentada
5714,47325,RUA OLIMPIO DE ARROXELAS GALVAO,Rua Olímpio de Arroxelas Galvão,R. Olímpio de Arroxelas Galvão,S,Via Pavimentada
5641,47376,RUA OLIMPIO TAVARES,Rua Olímpio Tavares,R. Olimpio Tavares,S,Via Pavimentada
5719,47392,RUA OLINDA,Rua Olinda,R. Olinda,S,Via Pavimentada
10233,97071,RUA OLINDA,Rua Olinda,R. Olinda,N,Via Não Pavimentada
5721,47414,RUA OLINDA MARIA DA SILVA,Rua Olinda Maria da Silva,R. Olinda Maria da Silva,N,Via Não Pavimentada
5722,47422,RUA OLINDINA,Rua Olindina,R. Olindina,S,Via Pavimentada
10300,98620,RUA OLIVA,Rua Oliva,R. Oliva,N,Via Não Pavimentada
5724,47449,RUA OLIVEDOS,Rua Olivedos,R. Olivedos,S,Via Pavimentada
5731,47473,RUA OLIVEIRA FONSECA,Rua Oliveira Fonseca,R. Oliveira Fonseca,P,Via Parcialmente Pavimentada
5732,47481,RUA OLIVEIRA FORTES,Rua Oliveira Fortes,R. Oliveira Fortes,S,Via Pavimentada
5733,47490,RUA OLIVEIRA GOES,Rua Oliveira Góes,R. Oliveira Goes,P,Via Parcialmente Pavimentada
10321,98841,RUA OLIVENCA,Rua Olivença,R. Olivenca,S,Via Pavimentada
5740,47546,RUA OLIVIA MENELAU,Rua Olivia Menelau,R. Olivia Menelau,P,Via Parcialmente Pavimentada
200,47368,RUA OLYMPIO  DE MENEZES,Rua Olympio de Menezes,R. Olympio de Menezes,S,Via Pavimentada
5742,47562,RUA ONDINA,Rua Ondina,R. Ondina,S,Via Pavimentada
9659,87963,RUA ONIX,Rua Ônix,R. Onix,N,Via Não Pavimentada
5744,47589,RUA ONZE DE AGOSTO,Rua Onze de Agosto,R. Onze de Agosto,S,Via Pavimentada
10588,107816,RUA ONZE DE AGOSTO,Rua Onze de Agosto,R. Onze de Agosto,P,Via Parcialmente Pavimentada
5746,47597,RUA ONZE DE FEVEREIRO,Rua Onze de Fevereiro,R. Onze de Fevereiro,S,Via Pavimentada
5748,47600,RUA ONZE DE JUNHO,Rua Onze de Junho,R. Onze de Junho,S,Via Pavimentada
7479,63410,RUA ONZE DE MAIO,Rua Onze de Maio,R. Onze de Maio,S,Via Pavimentada
193,42862,RUA ONZE DE NOVEMBRO,Rua Onze de Novembro,R. Onze de Novembro,N,Via Não Pavimentada
10026,93270,RUA ONZE DE SETEMBRO,Rua Onze de Setembro,R. Onze de Setembro,N,Via Não Pavimentada
5751,47643,RUA ORATORIOS,Rua Oratórios,R. Oratorios,X,Não definida
5752,47651,RUA ORESTES BARBOSA,Rua Orestes Barbosa,R. Orestes Barbosa,S,Via Pavimentada
55,84948,RUA ORFEU DO CARNAVAL,Rua Orfeu do Carnaval,R. Orfeu do Carnaval,S,Via Pavimentada
4649,37540,RUA ORI,Rua Ori,R. Ori,X,Não definida
6516,54518,RUA ORIENTE,Rua Oriente,R. Oriente,N,Via Não Pavimentada
5753,47660,RUA ORIENTE,Rua Oriente,R. Oriente,S,Via Pavimentada
11410,119032,RUA ORIENTE,Rua Oriente,Rua Oriente,N,Via Não Pavimentada
5755,47686,RUA ORLANDIA,Rua Orlândia,R. Orlandia,S,Via Pavimentada
9928,91510,RUA ORLANDO PINTO,Rua Orlando Pinto,R. Orlando Pinto,N,Via Não Pavimentada
8226,71714,RUA ORLANDO SILVA,Rua Orlando Silva,R. Orlando Silva,S,Via Pavimentada
438,47724,RUA ORLEANS,Rua Orleans,R. Orleans,S,Via Pavimentada
5761,47740,RUA OROS,Rua Orós,R. Oros,S,Via Pavimentada
8147,70831,RUA ORQUIDEA,Rua Orquídea,R. Orquídea,N,Via Não Pavimentada
295,116505,RUA ORQUIDEA BELA,Rua Orquídea Bela,R. Orquídea Bela,S,Via Pavimentada
5762,47759,RUA ORQUIDEAS,Rua Orquideas,R. Orquideas,S,Via Pavimentada
5771,47830,RUA OSASCO,Rua Osasco,R. Osasco,N,Via Não Pavimentada
5764,47775,RUA OSCAR BERARDO,Rua Oscar Berardo,R. Oscar Berardo,N,Via Não Pavimentada
5766,47783,RUA OSCAR BRANDAO,Rua Oscar Brandão,R. Oscar Brandao,S,Via Pavimentada
5767,47791,RUA OSCAR BRANDAO DA ROCHA,Rua Oscar Brandão da Rocha,R. Oscar Brandao da Rocha,S,Via Pavimentada
5768,47805,RUA OSCAR CARNEIRO,Rua Oscar Carneiro,R. Oscar Carneiro,S,Via Pavimentada
5772,47848,RUA OSCAR DE BARROS,Rua Oscar de Barros,R. Oscar de Barros,S,Via Pavimentada
5775,47864,RUA OSCARITO,Rua Oscarito,R. Oscarito,S,Via Pavimentada
11679,124931,RUA OSCAR JUCA REGO LIMA,Rua Oscar Jucá Rêgo Lima,R. Oscar Jucá Rêgo Lima,N,Via Não Pavimentada
8299,72605,RUA OSCAR MELO,Rua Oscar Melo,R. Oscar Melo,S,Via Pavimentada
5776,47872,RUA OSCAR PASSOS,Rua Oscar Passos,R. Oscar Passos,S,Via Pavimentada
5780,47902,RUA OSCAR PINTO,Rua Oscar Pinto,R. Oscar Pinto,S,Via Pavimentada
5781,47910,RUA OSCAR RAPOSO,Rua Oscar Raposo,R. Oscar Raposo,P,Via Parcialmente Pavimentada
8056,69884,RUA OSCAR SEVERINO DE SANTANA,Rua Oscar Severino de Santana,R. Oscar Severino de Santana,X,Não definida
10124,95206,RUA OSMAR DE AQUINO,Rua Osmar de Aquino,R. Osmar de Aquino,S,Via Pavimentada
5785,47953,RUA OSORIO BORBA,Rua Osorio Borba,R. Osorio Borba,P,Via Parcialmente Pavimentada
5784,47945,RUA OSORIO DE ALMEIDA,Rua Osório de Almeida,R. Osorio de Almeida,N,Via Não Pavimentada
5787,47970,RUA OSVALDO CRUZ,Rua Osvaldo Cruz,R. Osvaldo Cruz,S,Via Pavimentada
5789,47988,RUA OSVALDO GUIMARAES,Rua Osvaldo Guimaraes,R. Osvaldo Guimaraes,S,Via Pavimentada
5790,47996,RUA OSVALDO MACHADO,Rua Osvaldo Machado,R. Osvaldo Machado,S,Via Pavimentada
5792,48020,RUA OTACILIO PESSOA,Rua Otacílio Pessoa,R. Otacilio Pessoa,S,Via Pavimentada
5793,48038,RUA OTAVIANO DE ALMEIDA ROSA,Rua Otaviano de Almeida Rosa,R. Otaviano de Almeida Rosa,P,Via Parcialmente Pavimentada
9915,91413,RUA OTAVIANO HERACLIO DUARTE,Rua Otaviano Heráclio Duarte,R. Otaviano Heraclio Duarte,N,Via Não Pavimentada
8338,73040,RUA OTAVIO DE LIRA,Rua Otávio de Lira,R. Otavio de Lira,N,Via Não Pavimentada
5801,48119,RUA OTAVIO SARMENTO CARDOSO,Rua Otávio Sarmento Cardoso,R. Otavio Sarmento Cardoso,S,Via Pavimentada
5807,48178,RUA OTHON PARAISO,Rua Othon Paraíso,R. Othon Paraiso,S,Via Pavimentada
5811,48194,RUA OURANIA,Rua Ourânia,R. Ourania,S,Via Pavimentada
5813,48208,RUA OUREM,Rua Ourém,R. Ourem,S,Via Pavimentada
5814,48216,RUA OURICANGAS,Rua Ouriçangas,R. Ouricangas,N,Via Não Pavimentada
5815,48224,RUA OURICURI,Rua Ouricuri,R. Ouricuri,S,Via Pavimentada
5820,48259,RUA OURO BRANCO,Rua Ouro Branco,R. Ouro Branco,S,Via Pavimentada
5822,48267,RUA OURO FINO,Rua Ouro Fino,R. Ouro Fino,S,Via Pavimentada
5824,48283,RUA OURO VERDE,Rua Ouro Verde,R. Ouro Verde,N,Via Não Pavimentada
5828,48313,RUA PACAEMBU,Rua Pacaembu,R. Pacaembu,S,Via Pavimentada
5829,48321,RUA PACAJUS,Rua Pacajus,R. Pacajus,S,Via Pavimentada
5830,48330,RUA PACATU,Rua Pacatu,R. Pacatu,X,Não definida
5831,48348,RUA PACATUBA,Rua Pacatuba,R. Pacatuba,S,Via Pavimentada
5833,48364,RUA PACIFICA,Rua Pacífica,R. Pacifica,X,Não definida
11809,137979,RUA PACIFICO,Rua Pacífico,R. Pacífico,S,Via Pavimentada
5812,48372,RUA PACIFICO DA LUZ,Rua Pacifico da Luz,R. Pacifico da Luz,S,Via Pavimentada
5835,48399,RUA PACIFICO DOS SANTOS,Rua Pacífico dos Santos,R. Pacifico Dos Santos,S,Via Pavimentada
5836,48402,RUA PACONE,Rua Paconé,R. Pacone,N,Via Não Pavimentada
5838,48410,RUA PACOTI,Rua Pacoti,R. Pacoti,S,Via Pavimentada
5840,48429,RUA PACOVAL,Rua Pacoval,R. Pacoval,N,Via Não Pavimentada
5842,48445,RUA PADILHA,Rua Padilha,R. Padilha,S,Via Pavimentada
1052,4723,RUA PADRE ANCHIETA,Rua Padre Anchieta,R. Padre Anchieta,S,Via Pavimentada
8142,70785,RUA PADRE ANDRE CAMAROTTI,Rua Padre André Camarotti,R. Padre André Camarotti,S,Via Pavimentada
1174,5711,RUA PADRE ANTONIO FERNANDES,Rua Padre Antônio Fernandes,R. Padre Antônio Fernandes,S,Via Pavimentada
4707,38016,RUA PADRE ANTONIO LAGRECA,Rua Padre Antônio Lagreca,R. Padre Antônio Lagreca,P,Via Parcialmente Pavimentada
1217,6114,RUA PADRE ANTONIO PRADO,Rua Padre Antônio Prado,R. Padre Antônio Prado,S,Via Pavimentada
7291,61859,RUA PADRE ANTONIO VIEIRA,Rua Padre Antônio Vieira,R. Padre Antônio Vieira,N,Via Não Pavimentada
1250,6386,RUA PADRE ANTONIO VIEIRA,Rua Padre Antônio Vieira,R. Padre Antônio Vieira,N,Via Não Pavimentada
7111,60437,RUA PADRE BARTOLOMEU,Rua Padre Bartolomeu,R. Padre Bartolomeu,N,Via Não Pavimentada
1814,11258,RUA PADRE BERNARDINO PESSOA,Rua Padre Bernardino Pessoa,R. Padre Bernardino Pessoa,S,Via Pavimentada
2013,12955,RUA PADRE CABRAL,Rua Padre Cabral,R. Padre Cabral,S,Via Pavimentada
2151,14508,RUA PADRE CAPISTRANO,Rua Padre Capistrano,R. Padre Capistrano,S,Via Pavimentada
2167,14702,RUA PADRE CARAPUCEIRO,Rua Padre Carapuceiro,R. Padre Carapuceiro,S,Via Pavimentada
2187,14907,RUA PADRE CARLOS DE BARROS BARRETO,Rua Padre Carlos de Barros Barreto,R. Padre Carlos de Barros Barreto,N,Via Não Pavimentada
2202,15016,RUA PADRE CARLOS LEONCIO,Rua Padre Carlos Leôncio,R. Padre Carlos Leoncio,S,Via Pavimentada
2382,16632,RUA PADRE CHAMPAGNAT,Rua Padre Champagnat,R. Padre Champagnat,N,Via Não Pavimentada
2027,13102,RUA PADRE CICERO,Rua Padre Cícero,R. Padre Cicero,S,Via Pavimentada
2351,16357,RUA PADRE CICERO,Rua Padre Cícero,R. Padre Cicero,P,Via Parcialmente Pavimentada
2602,18422,RUA PADRE CROMACIO LEAO,Rua Padre Cromácio Leão,R. Padre Cromacio Leao,S,Via Pavimentada
2670,19143,RUA PADRE DEHON,Rua Padre Dehon,R. Padre Dehon,S,Via Pavimentada
7379,62464,RUA PADRE DIAS,Rua Padre Dias,R. Padre Dias,N,Via Não Pavimentada
2731,19631,RUA PADRE DIAS MARTINS,Rua Padre Dias Martins,R. Padre Dias Martins,S,Via Pavimentada
7463,63258,RUA PADRE DIOGO,Rua Padre Diogo,R. Padre Diogo,N,Via Não Pavimentada
8287,72451,RUA PADRE DIOGO ANTONIO FEIJO,Rua Padre Diogo Antônio Feijó,R. Padre Diogo Antônio Feijo,N,Via Não Pavimentada
2743,19739,RUA PADRE DIOGO RODRIGUES,Rua Padre Diogo Rodrigues,R. Padre Diogo Rodrigues,S,Via Pavimentada
2798,20249,RUA PADRE DONINO,Rua Padre Donino,R. Padre Donino,N,Via Não Pavimentada
2247,15458,RUA PADRE EDWALDO GOMES,Rua Padre Edwaldo Gomes,Rua Pe. Edwaldo Gomes,S,Via Pavimentada
3070,22829,RUA PADRE ESTELIO DALISON,Rua Padre Estélio Dalison,R. Padre Estelio Dalison,S,Via Pavimentada
3112,23159,RUA PADRE EUCLIDES JARDIM,Rua Padre Euclides Jardim,R. Padre Euclides Jardim,P,Via Parcialmente Pavimentada
3222,24171,RUA PADRE FERNANDO MULLER,Rua Padre Fernando Muller,R. Padre Fernando Muller,P,Via Parcialmente Pavimentada
3230,24260,RUA PADRE FERNAO CARDIM,Rua Padre Fernão Cardim,R. Padre Fernao Cardim,S,Via Pavimentada
3280,24856,RUA PADRE FLORIANO,Rua Padre Floriano,R. Padre Floriano,S,Via Pavimentada
6373,53244,RUA PADRE FRANCISCO TAVARES DE BRAGANCA,Rua Padre Francisco Tavares de Bragança,R. Padre Francisco Tavares de Braganca,X,Não definida
3399,25909,RUA PADRE GABRIEL MOUSINHO,Rua Padre Gabriel Mousinho,R. Padre Gabriel Mousinho,S,Via Pavimentada
3481,26662,RUA PADRE GIORDANO,Rua Padre Giordano,R. Padre Giordano,S,Via Pavimentada
2143,14419,RUA PADRE HENRIQUE,Rua Padre Henrique,R. Padre Henrique,N,Via Não Pavimentada
7578,64670,RUA PADRE HENRIQUE,Rua Padre Henrique,R. Padre Henrique,S,Via Pavimentada
3883,30341,RUA PADRE INGLES,Rua Padre Inglês,R. Padre Ingles,S,Via Pavimentada
4148,33065,RUA PADRE JERONIMO DE CASTRO,Rua Padre Jerônimo de Castro,R. Padre Jeronimo de Castro,S,Via Pavimentada
4291,34258,RUA PADRE JOAO RIBEIRO,Rua Padre João Ribeiro,R. Padre João Ribeiro,S,Via Pavimentada
4674,37745,RUA PADRE JOSE,Rua Padre José,R. Padre José,S,Via Pavimentada
4444,35670,RUA PADRE JOSE CUSTODIO,Rua Padre José Custódio,R. Padre José Custodio,P,Via Parcialmente Pavimentada
7048,59820,RUA PADRE JOSE DE ANCHIETA,Rua Padre José de Anchieta,R. Padre José de Anchieta,N,Via Não Pavimentada
4557,36676,RUA PADRE JOSE DE SA LEITAO,Rua Padre José de Sá Leitão,R. Padre José de Sa Leitao,S,Via Pavimentada
516,57134,RUA PADRE JOSE DOS SANTOS MOUSINHO,Rua Padre José dos Santos Mousinho,R. Padre José Dos Santos Mousinho,S,Via Pavimentada
4542,36579,RUA PADRE JOSE REGUEIRA,Rua Padre José Regueira,R. Padre José Regueira,S,Via Pavimentada
4714,38075,RUA PADRE LANDIM,Rua Padre Landim,R. Padre Landim,S,Via Pavimentada
4747,38393,RUA PADRE LEANDRO CAMELO,Rua Padre Leandro Camelo,R. Padre Leandro Camelo,S,Via Pavimentada
4756,38482,RUA PADRE LEMOS,Rua Padre Lemos,R. Padre Lemos,S,Via Pavimentada
4772,38610,RUA PADRE LEONARDO GRECO,Rua Padre Leonardo Greco,R. Padre Leonardo Greco,S,Via Pavimentada
25,38920,RUA PADRE LIMA E SA,Rua Padre Lima e Sá,R. Padre Lima e Sa,S,Via Pavimentada
2011,12947,RUA PADRE LINHARES,Rua Padre Linhares,R. Padre Linhares,S,Via Pavimentada
179,39012,RUA PADRE LINO,Rua Padre Lino,R. Padre Lino,P,Via Parcialmente Pavimentada
4905,39837,RUA PADRE LUIZ DA GRA,Rua Padre Luiz da Grã,R. Padre Luiz da Gra,S,Via Pavimentada
4928,39993,RUA PADRE LUIZ MARQUES TEIXEIRA,Rua Padre Luiz Marques Teixeira,R. Padre Luiz Marques Teixeira,S,Via Pavimentada
4943,40134,RUA PADRE LUIZ RODRIGUES,Rua Padre Luiz Rodrigues,R. Padre Luiz Rodrigues,S,Via Pavimentada
5126,41858,RUA PADRE MANUEL RIBEIRO DA ROCHA,Rua Padre Manuel Ribeiro da Rocha,R. Padre Manuel Ribeiro da Rocha,N,Via Não Pavimentada
5382,44270,RUA PADRE MIGUELINHO,Rua Padre Miguelinho,R. Padre Miguelinho,P,Via Parcialmente Pavimentada
5507,45390,RUA PADRE MUNIZ,Rua Padre Muniz,R. Padre Muniz,S,Via Pavimentada
199,46426,RUA PADRE NOBREGA,Rua Padre Nóbrega,R. Padre Nobrega,S,Via Pavimentada
5726,47465,RUA PADRE OLIVEIRA,Rua Padre Oliveira,R. Padre Oliveira,S,Via Pavimentada
5735,47503,RUA PADRE OLIVEIRA ROLIM,Rua Padre Oliveira Rolim,R. Padre Oliveira Rolim,S,Via Pavimentada
2057,13358,RUA PADRE PARAISO,Rua Padre Paraíso,R. Padre Paraiso,X,Não definida
6322,52779,RUA PADRE PUBLIO CALADO,Rua Padre Públio Calado,R. Padre Publio Calado,X,Não definida
6956,59005,RUA PADRE RODRIGUES CAMPELO,Rua Padre Rodrigues Campelo,R. Padre Rodrigues Campelo,S,Via Pavimentada
6964,59080,RUA PADRE ROMA,Rua Padre Roma,R. Padre Roma,S,Via Pavimentada
1057,4774,RUA PADRE ROMANO ZUFFERY,Rua Padre Romano Zuffery,R. Padre Romano Zuffery,N,Via Não Pavimentada
9320,85472,RUA PADRE ROMEU PEREA,Rua Padre Romeu Perea,R. Padre Romeu Perea,S,Via Pavimentada
6979,59196,RUA PADRE ROQUE,Rua Padre Roque,R. Padre Roque,S,Via Pavimentada
5094,41572,RUA PADRE SEVERINO,Rua Padre Severino,R. Padre Severino,S,Via Pavimentada
7924,68063,RUA PADRE SEVERINO SANTIAGO,Rua Padre Severino Santiago,R. Padre Severino Santiago,S,Via Pavimentada
6625,55549,RUA PADRE SILVINO GUEDES,Rua Padre Silvino Guedes,R. Padre Silvino Guedes,S,Via Pavimentada
6640,55697,RUA PADRE SIMAO TRAVASSOS,Rua Padre Simão Travassos,R. Padre Simao Travassos,S,Via Pavimentada
7132,60593,RUA PADRE TEOFILO TWORZ,Rua Padre Teófilo Tworz,R. Padre Teofilo Tworz,P,Via Parcialmente Pavimentada
7170,60879,RUA PADRE TIAGO ALBERIONE,Rua Padre Tiago Alberione,R. Padre Tiago Alberione,S,Via Pavimentada
7542,64025,RUA PADRE VENANCIO,Rua Padre Venâncio,R. Padre Venancio,S,Via Pavimentada
7590,64777,RUA PADRE VILLEMAIN,Rua Padre Villemain,R. Pe Villemain,P,Via Parcialmente Pavimentada
5843,48453,RUA PAES CABRAL,Rua Paes Cabral,R. Paes Cabral,S,Via Pavimentada
5846,48488,RUA PAGE,Rua Pagé,R. Page,N,Via Não Pavimentada
5847,48496,RUA PAGY,Rua Pagy,R. Pagy,S,Via Pavimentada
8159,70980,RUA PAIAL,Rua Paial,R. Paial,X,Não definida
5848,48500,RUA PAISSANDU,Rua Paissandú,R. Paissandú,S,Via Pavimentada
5851,48518,RUA PAJEU,Rua Pajeú,R. Pajeu,N,Via Não Pavimentada
5855,48542,RUA PAJUSSARA,Rua Pajussara,R. Pajussara,S,Via Pavimentada
5856,48550,RUA PALAME,Rua Palame,R. Palame,X,Não definida
5858,48577,RUA PALESTINA,Rua Palestina,R. Palestina,N,Via Não Pavimentada
5862,48593,RUA PALMARES,Rua Palmares,R. Palmares,P,Via Parcialmente Pavimentada
5865,48623,RUA PALMEIRA,Rua Palmeira,R. Palmeira,N,Via Não Pavimentada
7222,61310,RUA PALMEIRA DOS INDIOS,Rua Palmeira dos Indios,R. Palmeira Dos Indios,S,Via Pavimentada
5866,48631,RUA PALMEIRANDIA,Rua Palmeirândia,R. Palmeirandia,X,Não definida
11904,705829,RUA PALMEIRANTE,Rua Palmeirante,R. Palmeirante,X,Não definida
7331,67750,RUA PALMEIRANTE,Rua Palmeirante,R. Palmeirante,N,Via Não Pavimentada
5867,48640,RUA PALMEIRINA,Rua Palmeirina,R. Palmeirina,S,Via Pavimentada
8852,79006,RUA PALMEIRINHA,Rua Palmeirinha,R. Palmeirinha,X,Não definida
7886,67687,RUA PALMEIROPOLIS,Rua Palmeirópolis,R. Pameiropolis,N,Via Não Pavimentada
5760,47732,RUA PALMELO,Rua Palmelo,R. Palmelo,P,Via Parcialmente Pavimentada
5869,48666,RUA PALMINOPOLIS,Rua Palminópolis,R. Palminopolis,N,Via Não Pavimentada
5871,48674,RUA PALMIRANTE,Rua Palmirante,R. Palmirante,S,Via Pavimentada
10146,95516,RUA PALMITAL,Rua Palmital,R. Palmital,N,Via Não Pavimentada
5874,48704,RUA PALMITINA,Rua Palmitina,R. Palmitina,N,Via Não Pavimentada
5876,48712,RUA PALMITOS,Rua Palmitos,R. Palmitos,S,Via Pavimentada
10423,100552,RUA PALOMBETA,Rua Palombeta,R. Palombeta,X,Não definida
5878,48739,RUA PAMA,Rua Pama,R. Pama,X,Não definida
465,48747,RUA PAMPEIRO,Rua Pampeiro,R. Pampeiro,X,Não definida
5879,48755,RUA PAMPOLA,Rua Pampola,R. Pampola,S,Via Pavimentada
5881,48763,RUA PAMPULHA,Rua Pampulha,R. Pampulha,S,Via Pavimentada
5883,48798,RUA PANASCO,Rua Panasco,R. Panasco,S,Via Pavimentada
8464,74446,RUA PANCAS,Rua Pancas,R. Pancas,P,Via Parcialmente Pavimentada
5884,48801,RUA PANDIA CALOGERAS,Rua Pandiá Calógeras,R. Pandia Calogeras,S,Via Pavimentada
5885,48810,RUA PANELAS,Rua Panelas,R. Panelas,N,Via Não Pavimentada
5887,48836,RUA PANGARE,Rua Pangaré,R. Pangare,N,Via Não Pavimentada
5886,48828,RUA PANORAMA,Rua Panorama,R. Panorama,S,Via Pavimentada
5888,48844,RUA PANTALEAO CIRNE,Rua Pantaleão Cirne,R. Pantaleao Cirne,N,Via Não Pavimentada
11190,116831,RUA PANTANAL,Rua Pantanal,R. Pantanal,N,Via Não Pavimentada
8610,75949,RUA PANTANO,Rua Pântano,R. Pantano,X,Não definida
3659,28380,RUA PAO DE ACUCAR,Rua Pão de Açúcar,R. Pao de Acucar,X,Não definida
8965,80616,RUA DO PAPA CAPIM,Rua Papa-capim,R. do Papa Capim,S,Via Pavimentada
7778,66559,RUA PAPA CAPIM,Rua Papa Capim,R. Papa Capim,N,Via Não Pavimentada
4315,34460,RUA PAPA JOAO XXIII,Rua Papa João XXIII,R. Papa João XXIII,S,Via Pavimentada
5889,48852,RUA PAPANDUVA,Rua Papanduva,R. Papanduva,S,Via Pavimentada
11725,125474,RUA PAPOULA,Rua Papoula,R. Papoula,X,Não definida
5929,49204,RUA PAQUEVIRA,Rua Paquevira,R. Paquevira,S,Via Pavimentada
5890,48860,RUA PARA,Rua Pará,R. Para,P,Via Parcialmente Pavimentada
7504,63657,RUA PARAGUAI,Rua Paraguai,R. Paraguai,S,Via Pavimentada
5892,48887,RUA PARAGUASSU,Rua Paraguassu,R. Paraguassu,S,Via Pavimentada
9418,85871,RUA PARAGUATA,Rua Paraguata,R. Paraguata,X,Não definida
5894,48909,RUA PARAGUATA,Rua Paraguatá,R. Paraguata,S,Via Pavimentada
3035,22560,RUA PARAIBA,Rua Paraíba,R. Paraiba,N,Via Não Pavimentada
5895,48917,RUA PARAIBA,Rua Paraíba,R. Paraiba,S,Via Pavimentada
9629,87661,RUA PARAIBA DO SUL,Rua Paraíba do Sul,R. Paraiba do Sul,X,Não definida
5896,48925,RUA PARAIBUNA,Rua Paraibuna,R. Paraibuna,N,Via Não Pavimentada
387,49190,RUA PARAIPABA,Rua Paraipaba,R. Paraipaba,S,Via Pavimentada
1840,11550,RUA DO PARAISO,Rua Paraíso,R. do Paraiso,S,Via Pavimentada
5897,48941,RUA PARAISO,Rua Paraíso,R. Paraiso,S,Via Pavimentada
5898,48950,RUA PARAISO DO LESTE,Rua Paraíso do Leste,R. Paraiso do Leste,S,Via Pavimentada
5899,48968,RUA PARAISO DO NORTE,Rua Paraíso do Norte,R. Paraiso do Norte,P,Via Parcialmente Pavimentada
5901,48984,RUA PARAISOPOLIS,Rua Paraisópolis,R. Paraisopolis,S,Via Pavimentada
8197,71420,RUA PARALELA,Rua Paralela,R. Paralela,X,Não definida
5904,48992,RUA PARAMBU,Rua Parambu,R. Parambu,S,Via Pavimentada
8829,78697,RUA PARANA,Rua Paraná,R. Parana,X,Não definida
5911,49026,RUA PARANA,Rua Paraná,R. Parana,S,Via Pavimentada
2502,76805,RUA PARANABI,Rua Paranabi,R. Paranabi,S,Via Pavimentada
5915,49069,RUA PARANACITY,Rua Paranacity,R. Paranacity,N,Via Não Pavimentada
5913,49042,RUA PARANA D'OESTE,Rua Paraná D`Oeste,R. Paraná D`Oeste,S,Via Pavimentada
9938,91642,RUA PARANAGI,Rua Paranagi,R. Paranagi,P,Via Parcialmente Pavimentada
5917,49085,RUA PARANAGUA,Rua Paranaguá,R. Paranagua,S,Via Pavimentada
5826,49107,RUA PARANAIBA,Rua Paranaíba,R. Paranaiba,X,Não definida
8529,74918,RUA PARANA PIACICABA,Rua Paraná Piacicaba,R. Paraná Piacicaba,N,Via Não Pavimentada
8851,78980,RUA PARANAPOEMA,Rua Paranapoema,R. Paranapoema,X,Não definida
8621,76074,RUA PARANAPUA,Rua Paranapuã,R. Paranapua,S,Via Pavimentada
5921,49123,RUA PARANATAMA,Rua Paranatama,R. Paranatama,S,Via Pavimentada
5923,49131,RUA PARANAVAI,Rua Paranavai,R. Paranavai,N,Via Não Pavimentada
5924,49140,RUA PARANGABA,Rua Parangaba,R. Parangaba,S,Via Pavimentada
5925,49158,RUA PARANHOS,Rua Paranhos,R. Paranhos,S,Via Pavimentada
8611,75973,RUA PARAPUI,Rua Parapui,R. Parapui,X,Não definida
5926,49166,RUA PARARY,Rua Parary,R. Parary,N,Via Não Pavimentada
5930,49212,RUA PARATI,Rua Parati,R. Parati,N,Via Não Pavimentada
10078,94390,RUA PARATIBE,Rua Paratibe,R. Paratibe,P,Via Parcialmente Pavimentada
5905,49220,RUA PARATIBE,Rua Paratibe,R. Paratibe,S,Via Pavimentada
10200,96555,RUA PARATIGE,Rua Paratige,R. Paratige,S,Via Pavimentada
1999,12823,RUA PARATINGA,Rua Paratinga,R. Paratinga,X,Não definida
5932,49247,RUA PARAU,Rua Paraú,R. Parau,S,Via Pavimentada
5933,49255,RUA PARAUNA,Rua Paraúna,R. Parauna,S,Via Pavimentada
5927,49174,RUA PARDAL,Rua Pardal,R. Pardal,S,Via Pavimentada
7830,67156,RUA PARDAL,Rua Pardal,R. Pardal,N,Via Não Pavimentada
5934,49263,RUA PARDALIA,Rua Pardália,R. Pardalia,S,Via Pavimentada
5935,49271,RUA PARENTE VIANA,Rua Parente Viana,R. Parente Viana,S,Via Pavimentada
5937,49280,RUA PARGO,Rua Pargo,R. Pargo,S,Via Pavimentada
5424,44687,RUA PARICONHA,Rua Pariconha,R. Pariconha,N,Via Não Pavimentada
5938,49298,RUA PARINTINS,Rua Parintins,R. Parintins,S,Via Pavimentada
3384,25780,RUA PARIPUEIRA,Rua Paripueira,R. Paripueira,X,Não definida
5941,49310,RUA PARIS,Rua Paris,R. Paris,N,Via Não Pavimentada
5939,49301,RUA PARISI,Rua Parisi,R. Parisi,P,Via Parcialmente Pavimentada
4697,37915,RUA PARNAGUA,Rua Parnaguá,R. Parnagua,X,Não definida
5943,49336,RUA PARNAIBA,Rua Parnaíba,R. Parnaiba,S,Via Pavimentada
5947,49360,RUA PARNARAMA,Rua Parnarama,R. Parnarama,N,Via Não Pavimentada
9753,89320,RUA PARNASO,Rua Parnaso,R. Parnaso,N,Via Não Pavimentada
5949,49387,RUA PAROL,Rua Parol,R. Parol,S,Via Pavimentada
3792,29424,RUA PARQUE SANTA MARIA,Rua Parque Santa Maria,R. Parque Santa Maria,S,Via Pavimentada
5912,49034,RUA PARTIDO DOS TRABALHADORES,Rua Partido dos Trabalhadores,R. Partido Dos Trabalhadores,S,Via Pavimentada
5951,49409,RUA PARU,Rua Parú,R. Paru,S,Via Pavimentada
5953,49425,RUA PASCOAL SIVINI,Rua Pascoal Sivini,R. Pascoal Sivini,S,Via Pavimentada
3815,29645,RUA PAS DOURADAS,Rua Pás Douradas,R. Pás Douradas,N,Via Não Pavimentada
10372,99511,RUA PASSARELA,Rua Passarela,R. Passarela,S,Via Pavimentada
5957,49450,RUA PASSIRA,Rua Passira,R. Passira,S,Via Pavimentada
5958,49468,RUA PASSO DA PATRIA,Rua Passo da Pátria,R. Passo da Pátria,S,Via Pavimentada
5959,49476,RUA PASSO DA SANTA CRUZ,Rua Passo da Santa Cruz,R. Passo da Santa Cruz,P,Via Parcialmente Pavimentada
7261,61662,RUA PASTOR ALBERICO DE SOUZA,Rua Pastor Albérico de Souza,R. Pastor Alberico de Souza,S,Via Pavimentada
991,4138,RUA PASTOR AMARO DE SENA,Rua Pastor Amaro de Sena,R. Pastor Amaro de Sena,P,Via Parcialmente Pavimentada
349,126829,RUA PASTOR HELIO VIDAL DE FREITAS,RUA PASTOR HÈLIO VIDAL DE FREITAS,R. Pastor Hélio Vidal de Freitas,S,Via Pavimentada
3930,30759,RUA PASTOR ISRAEL VIEIRA FERREIRA,Rua Pastor Israel Vieira Ferreira,R. Pastor Israel Vieira Ferreira,N,Via Não Pavimentada
8624,76120,RUA PASTOR JOSE AMARO DA SILVA,Rua Pastor José Amaro da Silva,R. Pastor José Amaro da Silva,S,Via Pavimentada
7773,66508,RUA PATATIVA,Rua Patativa,R. Patativa,S,Via Pavimentada
441,49484,RUA PATATIVA,Rua Patativa,R. Patativa,S,Via Pavimentada
10740,110299,RUA PATATIVA,Rua Patativa,R. Patativa,X,Não definida
11804,137898,RUA PATIO DO POVO,Rua Pátio do Povo,R. Pátio do Povo,N,Via Não Pavimentada
5960,49506,RUA PATRIARCA,Rua Patriarca,R. Patriarca,S,Via Pavimentada
5961,49514,RUA PATRIMONIO,Rua Patrimônio,R. Patrimonio,P,Via Parcialmente Pavimentada
5963,49522,RUA PATROCINIO,Rua Patrocinio,R. Patrocinio,S,Via Pavimentada
5964,49530,RUA PAU-BRASIL,Rua Pau Brasil,R. Pau Brasil,N,Via Não Pavimentada
5965,49549,RUA PAUDALHO,Rua Paudalho,R. Paudalho,S,Via Pavimentada
5967,49557,RUA PAU D'ARCO,Rua Pau D`Arco,R. Pau D`Arco,S,Via Pavimentada
9466,86444,RUA PAUINI,Rua Pauini,R. Pauini,N,Via Não Pavimentada
5970,49573,RUA PAULA BATISTA,Rua Paula Batista,R. Paula Batista,S,Via Pavimentada
5969,49565,RUA PAUL HARRIS,Rua Paul Harris,R. Paul Harris,S,Via Pavimentada
6245,52051,RUA PAULINA DE BRITO,Rua Paulina de Brito,R. Paulina de Brito,S,Via Pavimentada
7939,68284,RUA PAULINE REICHSTUL,Rua Pauline Reichstul,R. Pauline Reichstul,S,Via Pavimentada
5769,47813,RUA PAULINIA,Rua Paulinia,R. Paulinia,S,Via Pavimentada
1622,9571,RUA PAULINIA,Rua Paulínia,R. Paulinia,S,Via Pavimentada
5976,49620,RUA PAULINO CAMARA,Rua Paulino Câmara,R. Paulino Camara,S,Via Pavimentada
5974,49611,RUA PAULINO DE ANDRADE,Rua Paulino de Andrade,R. Paulino de Andrade,S,Via Pavimentada
5977,49638,RUA PAULINO DE FARIAS,Rua Paulino de Farias,R. Paulino de Farias,S,Via Pavimentada
8067,70009,RUA PAULINO DE SOUZA LIMA,Rua Paulino de Souza Lima,R. Paulino de Souza Lima,N,Via Não Pavimentada
5980,49646,RUA PAULINO GOMES DE SOUZA,Rua Paulino Gomes de Souza,R. Paulino Gomes de Souza,S,Via Pavimentada
5981,49654,RUA PAULISTA,Rua Paulista,R. Paulista,S,Via Pavimentada
5982,49662,RUA PAULISTANO,Rua Paulistano,R. Paulistano,N,Via Não Pavimentada
5985,49697,RUA PAULO AFONSO,Rua Paulo Afonso,R. Paulo Afonso,S,Via Pavimentada
9937,91618,RUA PAULO BRANDAO CAVALCANTI FILHO,Rua Paulo Brandão Cavalcanti Filho,R. Paulo Brandão Cavalcanti Filho,P,Via Parcialmente Pavimentada
5914,49050,RUA PAULO BRANDAO CAVALCANTI FILHO,Rua Paulo Brandão Cavalcanti Filho,R. Paulo Brandão Cavalcanti Filho,S,Via Pavimentada
5987,49719,RUA PAULO DE ARRUDA,Rua Paulo de Arruda,R. Paulo de Arruda,S,Via Pavimentada
512,49751,RUA PAULO DE FRONTIN,Rua Paulo de Frontin,R. Paulo de Frontin,S,Via Pavimentada
5995,49816,RUA PAULO DE PAULA LOPES,Rua Paulo de Paula Lopes,R. Paulo de Paula Lopes,N,Via Não Pavimentada
11728,125750,RUA PAULO GRACINDO,Rua Paulo Gracindo,R. Paulo Gracindo,X,Não definida
197,49760,RUA PAULO GUERRA,Rua Paulo Guerra,R. Paulo Guerra,N,Via Não Pavimentada
198,49778,RUA PAULO INOJOSA,Rua Paulo Inojosa,R. Paulo Inojosa,S,Via Pavimentada
5993,49794,RUA PAULO MAFRA,Rua Paulo Mafra,R. Paulo Mafra,P,Via Parcialmente Pavimentada
7408,62693,RUA PAULO NEVES BAPTISTA,Rua Paulo Neves Baptista,R. Paulo Neves Baptista,S,Via Pavimentada
5994,49808,RUA PAULO PARISIO,Rua Paulo Parísio,R. Paulo Parisio,P,Via Parcialmente Pavimentada
5991,49786,RUA PAULOPOLIS,Rua Paulópolis,R. Paulopolis,N,Via Não Pavimentada
9444,86142,RUA PAULO ROGERIO DE ANDRADE LIMA,Rua Paulo Rogério de Andrade Lima,R. Paulo Rogerio de Andrade Lima,N,Via Não Pavimentada
5998,49840,RUA PAULO SETUBAL,Rua Paulo Setúbal,R. Paulo Setubal,S,Via Pavimentada
6002,49875,RUA PAU-PEREIRA,Rua Pau-Pereira,R. Pau-Pereira,S,Via Pavimentada
9903,91316,RUA PAVERANA,Rua Paverana,R. Paverana,S,Via Pavimentada
6004,49891,RUA PAVUNA,Rua Pavuna,R. Pavuna,S,Via Pavimentada
6006,49913,RUA PEDERNEIRAS,Rua Pederneiras,R. Pederneiras,S,Via Pavimentada
6007,49921,RUA PEDRA AZUL,Rua Pedra Azul,R. Pedra Azul,P,Via Parcialmente Pavimentada
6008,49930,RUA PEDRA BONITA,Rua Pedra Bonita,R. Pedra Bonita,S,Via Pavimentada
6009,49948,RUA PEDRA BRANCA,Rua Pedra Branca,R. Pedra Branca,S,Via Pavimentada
6010,49956,RUA PEDRA DOURADA,Rua Pedra Dourada,R. Pedra Dourada,S,Via Pavimentada
6012,49972,RUA PEDRA FINA,Rua Pedra Fina,R. Pedra Fina,N,Via Não Pavimentada
8643,76341,RUA PEDRA LAVRADA,Rua Pedra Lavrada,R. Pedra Lavrada,S,Via Pavimentada
6011,49964,RUA PEDRALVA,Rua Pedralva,R. Pedralva,S,Via Pavimentada
9630,87670,RUA PEDRANOPOLIS,Rua Pedranópolis,R. Pedranópolis,N,Via Não Pavimentada
9635,87742,RUA PEDRAS DE FOGO,Rua Pedras de Fogo,R. Pedras de Fogo,N,Via Não Pavimentada
6016,50016,RUA PEDRO AFONSO,Rua Pedro Afonso,R. Pedro Afonso,S,Via Pavimentada
7277,61794,RUA PEDRO ALVARES CABRAL,Rua Pedro Alvares Cabral,R. Pedro Alvares Cabral,N,Via Não Pavimentada
6019,50040,RUA PEDRO ALVARES CABRAL,Rua Pedro Álvares Cabral,R. Pedro Alvares Cabral,N,Via Não Pavimentada
6020,50059,RUA PEDRO ALVES,Rua Pedro Alves,R. Pedro Alves,S,Via Pavimentada
6021,50067,RUA PEDRO AMERICO,Rua Pedro Américo,R. Pedro Americo,S,Via Pavimentada
6023,50075,RUA PEDRO AMERICO GALVAO,Rua Pedro Americo Galvão,R. Pedro Americo Galvao,S,Via Pavimentada
8150,70890,RUA PEDRO BATISTA,Rua Pedro Batista,R. Pedro Batista,S,Via Pavimentada
6026,50105,RUA PEDRO BERGAMO,Rua Pedro Bergamo,R. Pedro Bergamo,S,Via Pavimentada
4202,33464,RUA PEDRO BORBA DA COSTA,Rua Pedro Borba da Costa,R. Pedro Borba da Costa,X,Não definida
11454,119512,RUA PEDRO BORGES,Rua Pedro Borges,R. Pedro Borges,S,Via Pavimentada
6028,50121,RUA PEDRO BOULITREAU,Rua Pedro Boulitreau,R. Pedro Boulitreau,S,Via Pavimentada
1984,12696,RUA PEDRO CABRAL DE OLIVEIRA,Rua Pedro Cabral de Oliveira,R. Pedro Cabral de Oliveira,S,Via Pavimentada
6031,50148,RUA PEDRO CELSO,Rua Pedro Celso,R. Pedro Celso,N,Via Não Pavimentada
6035,50180,RUA PEDRO DA CUNHA ANDRADE,Rua Pedro da Cunha Andrade,R. Pedro da Cunha Andrade,P,Via Parcialmente Pavimentada
6061,50431,RUA PEDRO DE TOLEDO,Rua Pedro de Toledo,R. Pedro de Toledo,S,Via Pavimentada
7514,63754,RUA PEDRO ELIAS DE LIMA,Rua Pedro Elias de Lima,R. Pedro Elias de Lima,S,Via Pavimentada
6036,50199,RUA PEDRO ERNESTO,Rua Pedro Ernesto,R. Pedro Ernesto,S,Via Pavimentada
6040,50237,RUA PEDRO IVO,Rua Pedro Ivo,R. Pedro Ivo,S,Via Pavimentada
5999,50245,RUA PEDRO JOSE VIEIRA,Rua Pedro José Vieira,R. Pedro José Vieira,N,Via Não Pavimentada
6042,50261,RUA PEDRO LESSA,Rua Pedro Lessa,R. Pedro Lessa,S,Via Pavimentada
6044,50288,RUA PEDRO LUND,Rua Pedro Lund,R. Pedro Lund,S,Via Pavimentada
9695,88412,RUA PEDRO MALAZART,Rua Pedro Malazart,R. Pedro Malazart,S,Via Pavimentada
6048,50318,RUA PEDRO MELO,Rua Pedro Melo,R. Pedro Melo,S,Via Pavimentada
6052,50350,RUA PEDRO NUNES,Rua Pedro Nunes,R. Pedro Nunes,X,Não definida
9984,92347,RUA PEDRO PAES DE MENDONCA,Rua Pedro Paes de Mendonça,R. Pedro Paes de Mendonca,S,Via Pavimentada
7972,68713,RUA PEDRO PAES MENDONCA,Rua Pedro Paes Mendonça,R. Pedro Paes Mendonça,S,Via Pavimentada
6053,50369,RUA PEDRO PAULO DE SOUZA,Rua Pedro Paulo de Souza,R. Pedro Paulo de Souza,S,Via Pavimentada
6054,50377,RUA PEDRO RATIS,Rua Pedro Ratis,R. Pedro Ratis,S,Via Pavimentada
6055,50385,RUA PEDRO RODRIGUES DE BARROS,Rua Pedro Rodrigues de Barros,R. Pedro Rodrigues de Barros,N,Via Não Pavimentada
3938,30821,RUA PEDRO SA,Rua Pedro Sá,R. Pedro Sa,N,Via Não Pavimentada
257,72419,RUA PEDRO S FONSECA,Rua Pedro S Fonseca,R. Pedro S Fonseca,N,Via Não Pavimentada
6059,50423,RUA PEDRO TEIXEIRA,Rua Pedro Teixeira,R. Pedro Teixeira,S,Via Pavimentada
6068,50490,RUA PELOPIDAS ARROXELAS GALVAO,Rua Pelopidas Arroxelas Galvão,R. Pelopidas Arroxelas Galvao,P,Via Parcialmente Pavimentada
6070,50520,RUA PELOTAS,Rua Pelotas,R. Pelotas,N,Via Não Pavimentada
6073,50555,RUA PENAFORTE,Rua Penaforte,R. Penaforte,S,Via Pavimentada
6074,50563,RUA PENALVA,Rua Penalva,R. Penalva,S,Via Pavimentada
6075,50580,RUA PENAPOLIS,Rua Penápolis,R. Penapolis,X,Não definida
388,50601,RUA PENEDO,Rua Penedo,R. Penedo,S,Via Pavimentada
6079,50636,RUA PENTECOSTE,Rua Pentecostes,R. Pentecoste,S,Via Pavimentada
4122,32760,RUA PEQUEZEIRO,Rua Pequezeiro,R. Pequezeiro,S,Via Pavimentada
442,50679,RUA PERDIZES,Rua Perdizes,R. Perdizes,S,Via Pavimentada
6083,50687,RUA PEREIRA BARRETO,Rua Pereira Barreto,R. Pereira Barreto,P,Via Parcialmente Pavimentada
6087,50725,RUA PEREIRA COUTINHO FILHO,Rua Pereira Coutinho Filho,R. Pereira Coutinho Filho,S,Via Pavimentada
6086,50717,RUA PEREIRA DA COSTA,Rua Pereira da Costa,R. Pereira da Costa,S,Via Pavimentada
6088,50733,RUA PEREIRA DE MORAES,Rua Pereira de Moraes,R. Pereira de Moraes,S,Via Pavimentada
6089,50741,RUA PEREIRA PASSOS,Rua Pereira Passos,R. Pereira Passos,S,Via Pavimentada
6093,50768,RUA PEREIRA SIMOES,Rua Pereira Simões,R. Pereira Simoes,S,Via Pavimentada
8160,70998,RUA PERICLES SANTOS,Rua Péricles Santos,R. Pericles Santos,N,Via Não Pavimentada
8785,78212,RUA PERIMETRAL,Rua Perimetral,R. Perimetral,S,Via Pavimentada
9554,87181,RUA PERI-MIRIM,Rua Peri-Mirim,R. Peri-Mirim,N,Via Não Pavimentada
6096,50806,RUA PERITIBA,Rua Peritiba,R. Peritiba,S,Via Pavimentada
6104,50881,RUA PEROBA,Rua Peroba,R. Peroba,S,Via Pavimentada
6114,50890,RUA PEROLA,Rua Pérola,R. Perola,S,Via Pavimentada
6102,50865,RUA PERO VAZ DE CAMINHA,Rua Pero Vaz de Caminha,R. Pero Vaz de Caminha,S,Via Pavimentada
6116,50911,RUA PERPENDICULAR,Rua Perpendicular,R. Perpendicular,P,Via Parcialmente Pavimentada
8469,75957,RUA PERUIBE,Rua Peruíbe,R. Peruibe,X,Não definida
6097,50814,RUA PERY,Rua Pery,R. Pery,S,Via Pavimentada
6115,50903,RUA PESQUEIRA,Rua Pesqueira,R. Pesqueira,S,Via Pavimentada
8496,74527,RUA PESQUEIRO,Rua Pesqueiro,R. Pesqueiro,N,Via Não Pavimentada
6119,50946,RUA PESSOA DE MELO,Rua Pessoa de Melo,R. Pessoa de Melo,S,Via Pavimentada
6118,50938,RUA PESSOA GUERRA,Rua Pessoa Guerra,R. Pessoa Guerra,N,Via Não Pavimentada
6120,50954,RUA PETROLANDIA,Rua Petrolândia,R.Petrolândia,S,Via Pavimentada
6122,50962,RUA PETROLINA,Rua Petrolina,R. Petrolina,S,Via Pavimentada
6123,50970,RUA PETRONILA BOTELHO,Rua Petronila Botelho,R. Petronila Botelho,S,Via Pavimentada
9379,85553,RUA PETRONILA DE QUEIROZ CAMPOS,Rua Petronila de Queiroz Campos,R. Petronila de Queiroz Campos,S,Via Pavimentada
1618,9547,RUA PETROPOLIS,Rua Petrópolis,R. Petropolis,S,Via Pavimentada
6130,51012,RUA PETROVINA,Rua Petrovina,R. Petrovina,S,Via Pavimentada
196,49492,RUA PEUVA,Rua Pêuva,R. Peuva,X,Não definida
6132,51039,RUA PHAELANTE DA CAMARA,Rua Phaelante da Câmara,R. Phaelante da Camara,S,Via Pavimentada
8646,76376,RUA PHILARETTE CARNEIRO NOBRE DE LACERDA,Rua Philarette Carneiro Nobre de Lacerda,R. Philarette Carneiro Nobre de Lacerda,P,Via Parcialmente Pavimentada
6137,51071,RUA PIANCO,Rua Piancó,R. Pianco,N,Via Não Pavimentada
3928,30732,RUA PIANISTA ISNAR MARIANO,Rua Pianista Isnar Mariano,R. Pianista Isnar Mariano,P,Via Parcialmente Pavimentada
6545,54763,RUA PIANISTA SERGIO SOBREIRA,Rua Pianista Sérgio Sobreira,R. Pianista Sergio Sobreira,N,Via Não Pavimentada
6134,51055,RUA PIASSABUSSU,Rua Piassabussu,R. Piassabussu,N,Via Não Pavimentada
8470,75965,RUA PIATA,Rua Piatá,R. Piata,X,Não definida
6135,51063,RUA PIAUI,Rua Piauí,R. Piaui,S,Via Pavimentada
7824,67091,RUA PICA PAU,Rua Pica-pau,R. Pica Pau,N,Via Não Pavimentada
8419,73962,RUA PICO DA BANDEIRA,Rua Pico da Bandeira,R. Pico da Bandeira,S,Via Pavimentada
8526,74888,RUA PICO DA NEBLINA,Rua Pico da Neblina,R. Pico da Neblina,S,Via Pavimentada
8729,77593,RUA PICO DA PEVA,Rua Pico da Peva,R. Pico da Peva,S,Via Pavimentada
6138,51080,RUA PICOS,Rua Picos,R. Picos,N,Via Não Pavimentada
6139,51098,RUA PICUI,Rua Picui,R. Picui,P,Via Parcialmente Pavimentada
6142,51128,RUA PIERRE CURIE,Rua Pierre Cúrie,R. Pierre Curie,N,Via Não Pavimentada
7948,68993,RUA PILOES,Rua Pilões,R. Piloes,N,Via Não Pavimentada
7200,61158,RUA PILOTO FERNANDO GURGEL,Rua Piloto Fernando Gurgel,R. Piloto Fernando Gurgel,S,Via Pavimentada
11916,900133,RUA PILOTO NESTOR SILVA JUNIOR,Rua Piloto Nestor Silva Júnior,R. Piloto Nestor Silva Junior,S,Via Pavimentada
9214,83330,RUA PINARE,Rua Pinaré,R. Pinare,N,Via Não Pavimentada
6149,51187,RUA PINDAI,Rua Pindaí,R. Pindai,S,Via Pavimentada
11499,120634,RUA PINDARE,Rua Pindaré,R. Pindare,N,Via Não Pavimentada
6151,51209,RUA PINDOBA,Rua Pindoba,R. Pindoba,S,Via Pavimentada
6152,51217,RUA PINDORAMA,Rua Pindorama,R. Pindorama,N,Via Não Pavimentada
6153,51225,RUA PINDORETAMA,Rua Pindoretama,R. Pindoretama,X,Não definida
6154,51233,RUA PINGUIM,Rua Pinguim,R. Pinguim,S,Via Pavimentada
6155,51241,RUA PINHAL,Rua Pinhal,R. Pinhal,S,Via Pavimentada
8617,76031,RUA PINHALZINHO,Rua Pinhalzinho,R. Pinhalzinho,X,Não definida
8615,76015,RUA PINHEIRAL,Rua Pinheiral,R. Pinheiral,X,Não definida
6160,51268,RUA PINHEIRO MACHADO,Rua Pinheiro Machado,R. Pinheiro Machado,N,Via Não Pavimentada
10549,107239,RUA PINTASSILGO,Rua Pintassilgo,R. Pintassilgo,X,Não definida
6165,51306,RUA PINTO CAMPOS,Rua Pinto Campos,R. Pinto Campos,N,Via Não Pavimentada
6166,51314,RUA PINTO JUNIOR,Rua Pinto Júnior,R. Pinto Junior,S,Via Pavimentada
671,1171,RUA PINTOR AGENOR DE ALBUQUERQUE CESAR,Rua Pintor Agenor de Albuquerque César,R. Pintor Agenor de Albuquerque Cesar,S,Via Pavimentada
1134,5428,RUA PINTOR ANTONIO ALBUQUERQUE,Rua Pintor Antônio Albuquerque,R. Pintor Antônio Albuquerque,S,Via Pavimentada
274,85375,RUA PINTOR FRANCISCO LAURIA,Rua Pintor Francisco Lauria,R. Pintor Francisco Lauria,S,Via Pavimentada
658,1139,RUA PINTOR HELIO FEIJO,Rua Pintor Hélio Feijó,R. Pintor Helio Feijo,S,Via Pavimentada
9971,92070,RUA PINTOR LULA CARDOSO AYRES,Rua Pintor Lula Cardoso Ayres,R. Pintor Lula Cardoso Ayres,S,Via Pavimentada
5074,41378,RUA PINTOR MANOEL BANDEIRA,Rua Pintor Manoel Bandeira,R. Pintor Manoel Bandeira,S,Via Pavimentada
9933,91570,RUA PINTOR MARIO NUNES,Rua Pintor Mário Nunes,R. Pintor Mario Nunes,S,Via Pavimentada
11481,120413,RUA PINTOR PABLO PICASSO,Rua Pintor Pablo Picasso,R. Pintor Pablo Picasso,N,Via Não Pavimentada
3447,26328,RUA PIO GENESIO GUERRA,Rua Pio Genésio Guerra,R. Pio Genésio Guerra,N,Via Não Pavimentada
5615,46485,RUA PIO IX,Rua Pio IX,R. Pio Nono,P,Via Parcialmente Pavimentada
5509,45411,RUA PIO MUNIZ DE FARIAS,Rua Pio Muniz de Farias,R. Pio Muniz de Farias,N,Via Não Pavimentada
6168,51330,RUA PIORINI,Rua Piorini,R. Piorini,S,Via Pavimentada
2808,20346,RUA PIO XII,Rua Pio XII,R. Pio Xii,S,Via Pavimentada
6173,51373,RUA PIRACANJUBA,Rua Piracanjuba,R. Piracanjuba,S,Via Pavimentada
6175,51381,RUA PIRACEMA,Rua Piracema,R. Piracema,S,Via Pavimentada
6178,51403,RUA PIRAGIBE,Rua Piragibe,R. Piragibe,N,Via Não Pavimentada
6179,51420,RUA PIRAIBA,Rua Piraíba,R. Piraiba,S,Via Pavimentada
6180,51438,RUA PIRAJA,Rua Pirajá,R. Piraja,P,Via Parcialmente Pavimentada
6181,51446,RUA PIRAJU,Rua Piraju,R. Piraju,S,Via Pavimentada
6182,51454,RUA PIRAJUI,Rua Pirajui,R. Pirajui,S,Via Pavimentada
6183,51462,RUA PIRAMBOIA,Rua Pirambóia,R. Piramboia,S,Via Pavimentada
4615,37451,RUA PIRAMBU,Rua Pirambu,R. Pirambu,S,Via Pavimentada
6187,51497,RUA PIRANGI,Rua Pirangi,R. Pirangi,N,Via Não Pavimentada
6370,53210,RUA PIRANGI,Rua Pirangi,R. Pirangi,S,Via Pavimentada
6188,51500,RUA PIRANGUCU,Rua Pirangucu,R. Pirangucu,S,Via Pavimentada
1912,12092,RUA PIRANHAS,Rua Piranhas,R. Piranhas,N,Via Não Pavimentada
6190,51527,RUA PIRAPEMAS,Rua Pirapemas,R. Pirapemas,S,Via Pavimentada
9637,87769,RUA PIRAPETINGA,Rua Pirapetinga,R. Pirapetinga,X,Não definida
298,111147,RUA PIRAPITANGA,Rua Pirapitanga,Rua Pirapitanga,X,Não definida
10134,95311,RUA PIRAPO,Rua Pirapó,R. Pirapo,N,Via Não Pavimentada
6195,51578,RUA PIRAPORA,Rua Pirapora,R. Pirapora,S,Via Pavimentada
6194,51560,RUA PIRAPORA,Rua Pirapora,R. Pirapora,N,Via Não Pavimentada
8618,76040,RUA PIRAPOZINHO,Rua Pirapozinho,R. Pirapozinho,X,Não definida
6196,51586,RUA PIRAPUI,Rua Pirapui,R. Pirapui,S,Via Pavimentada
6198,51594,RUA PIRAQUARA,Rua Piraquara,R. Piraquara,N,Via Não Pavimentada
8176,71218,RUA PIRATINI,Rua Piratini,R. Piratini,S,Via Pavimentada
5679,47007,RUA PIRATINI,Rua Piratini,R. Piratini,N,Via Não Pavimentada
6201,51616,RUA PIRATININGA,Rua Piratininga,R. Piratininga,S,Via Pavimentada
8372,73407,RUA PIRATUBA,Rua Piratuba,R. Piratuba,X,Não definida
1609,9440,RUA PIRAUA,Rua Pirauá,R. Piraua,X,Não definida
6202,51659,RUA PIRAUNA,Rua Piraúna,R. Pirauna,S,Via Pavimentada
8325,72885,RUA PIRIA,Rua Piriá,R. Piria,N,Via Não Pavimentada
4112,32654,RUA PIRITIBA,Rua Piritiba,R. Piritiba,X,Não definida
6206,51705,RUA PIRITUBA,Rua Pirituba,R. Pirituba,N,Via Não Pavimentada
6204,51683,RUA PIRIZAL,Rua Pirizal,R. Pirizal,S,Via Pavimentada
6205,51691,RUA PIRPIRITUBA,Rua Pirpirituba,R. Pirpirituba,S,Via Pavimentada
6207,51713,RUA PISTOIA,Rua Pistóia,R. Pistoia,P,Via Parcialmente Pavimentada
6208,51721,RUA PITA,Rua Pita,R. Pita,S,Via Pavimentada
6209,51730,RUA PITANGA,Rua Pitanga,R. Pitanga,S,Via Pavimentada
3261,24562,RUA PITANGUEIRA,Rua Pitangueira,R. Pitangueira,P,Via Parcialmente Pavimentada
6210,51748,RUA PITANGUI,Rua Pitangui,R. Pitangui,N,Via Não Pavimentada
8107,70416,RUA PITARANA,Rua Pitarana,R. Pitarana,S,Via Pavimentada
7519,63797,RUA PITER CANEDO PORTUNARIO,Rua Piter Canedo Portunário,R. Piter Canedo Portunário,P,Via Parcialmente Pavimentada
6211,51764,RUA PITIGUARAS,Rua Pitiguaras,R. Pitiguaras,S,Via Pavimentada
8173,71471,RUA PITIGUARI,Rua Pitiguari,R. Pitiguari,N,Via Não Pavimentada
6113,51772,RUA PITIMBU,Rua Pitimbú,R. Pitimbu,N,Via Não Pavimentada
6213,51799,RUA PITUBA,Rua Pituba,R. Pituba,S,Via Pavimentada
2233,15318,RUA PIUM,Rua Pium,R. Pium,N,Via Não Pavimentada
7932,68144,RUA PIUMA,Rua Piuma,R. Piuma,X,Não definida
6214,51810,RUA PLACIDO DE CASTRO,Rua Plácido de Castro,R. Plácido de Castro,S,Via Pavimentada
11865,701513,RUA PLANALTINA,Rua Planaltina,R. Planaltina,X,Não definida
6218,51845,RUA PLANALTO,Rua Planalto,R. Planalto,S,Via Pavimentada
6219,51853,RUA PLANURA,Rua Planura,R. Planura,S,Via Pavimentada
8196,71412,RUA PLATINA,Rua Platina,R. Platina,N,Via Não Pavimentada
6220,51870,RUA PLINIO COELHO,Rua Plínio Coelho,R. Plinio Coelho,S,Via Pavimentada
6223,51896,RUA POA,Rua Poá,R. Poa,S,Via Pavimentada
6224,51900,RUA POCAO,Rua Poção,R. Pocao,S,Via Pavimentada
9679,88250,RUA POCINHOS,Rua Pocinhos,R. Pocinhos,N,Via Não Pavimentada
9627,87645,RUA POCO BRANCO,Rua Poço Branco,R. Poco Branco,X,Não definida
9628,87653,RUA POCO COMPRIDO,Rua Poço Comprido,R. Poco Comprido,X,Não definida
9536,87203,RUA POCO FUNDO,Rua Poço Fundo,R. Poco Fundo,N,Via Não Pavimentada
9553,87173,RUA POCOS DE CALDAS,Rua Poços de Caldas,R. Pocos de Caldas,S,Via Pavimentada
6228,51934,RUA POCRANE,Rua Pocrane,R. Pocrane,N,Via Não Pavimentada
11483,120430,RUA POETA APRENDIZ,Rua Poeta Aprendiz,R. Poeta Aprendiz,P,Via Parcialmente Pavimentada
2362,16446,RUA POETA CARLOS DRUMMOND DE ANDRADE,Rua Poeta Carlos Drummond de Andrade,R. Poeta Carlos Drummond de Andrade,S,Via Pavimentada
10871,111953,RUA POETA ITERBIO HOMEM DE SIQUEIRA,Rua Poeta Itérbio Homem de Siqueira,R.  Poeta Itérbio Homem de Siqueira,N,Via Não Pavimentada
9505,86908,RUA POETA JAYME GRIZ,Rua Poeta Jayme Griz,R. Poeta Jayme Griz,N,Via Não Pavimentada
11680,124940,RUA POETA JOSE NEVES DE OLIVEIRA,Rua Poeta José Neves de Oliveira,R. Poeta José Neves de Oliveira,N,Via Não Pavimentada
5075,41386,RUA POETA MANUEL BANDEIRA,Rua Poeta Manuel Bandeira,R. Poeta Manuel Bandeira,P,Via Parcialmente Pavimentada
5229,42978,RUA POETA MARIO DE ALENCAR,Rua Poeta Mário de Alencar,R. Poeta Mario de Alencar,S,Via Pavimentada
9384,85596,RUA POETA MAURO MOTA,Rua Poeta Mauro Mota,R. Poeta Mauro Mota,P,Via Parcialmente Pavimentada
10034,93386,RUA POETA RAYMUNDO ASFORA,Rua Poeta Raymundo Asfora,R. Poeta Raymundo Asfora,P,Via Parcialmente Pavimentada
6668,56065,RUA POETA SOLANO TRINDADE,Rua Poeta Solano Trindade,R. Poeta Solano Trindade,P,Via Parcialmente Pavimentada
7708,65811,RUA POETA ZEZITO NEVES,Rua Poeta Zezito Neves,R. Poeta Zezito Neves,S,Via Pavimentada
1585,9210,RUA POETISA AUTA DE SOUZA,Rua Poetisa Auta de Souza,R. Poetisa Auta de Souza,S,Via Pavimentada
8727,77569,RUA POETISA MARIA CELINA MAIA,Rua Poetisa Maria Celina Maia,R. Poetisa Maria Celina Maia,N,Via Não Pavimentada
5759,47716,RUA POJUCA,Rua Pojuca,R. Pojuca,S,Via Pavimentada
1614,9504,RUA POJUCA,Rua Pojuca,R. Pojuca,S,Via Pavimentada
6235,51977,RUA POLATINA,Rua Polatina,R. Polatina,S,Via Pavimentada
6239,51993,RUA POLONI,Rua Poloni,R. Poloni,P,Via Parcialmente Pavimentada
5052,41157,RUA POMBOS,Rua Pombos,R. Pombos,S,Via Pavimentada
6241,52019,RUA POMPEIA,Rua Pompéia,R. Pompeia,S,Via Pavimentada
8903,79731,RUA PONGAI,Rua Pongai,R. Pongai,S,Via Pavimentada
6246,52086,RUA PONTALINA,Rua Pontalina,R. Pontalina,S,Via Pavimentada
6247,52094,RUA PONTALINDA,Rua Pontalinda,R. Pontalinda,N,Via Não Pavimentada
6231,52078,RUA PONTA PORA,Rua Ponta Porã,R. Ponta Pora,S,Via Pavimentada
1824,11363,RUA PONTAS DE PEDRA,Rua Pontas de Pedra,R. Pontas de Pedra,S,Via Pavimentada
10100,96008,RUA PONTE BRANCA,Rua Ponte Branca,R. Ponte Branca,X,Não definida
8598,75779,RUA PONTE DE PEDRA,Rua Ponte de Pedra,R. Ponte de Pedra,X,Não definida
9634,87734,RUA PONTE NOVA,Rua Ponte Nova,R. Ponte Nova,S,Via Pavimentada
9862,90654,RUA PONTO CHIQUE,Rua Ponto Chique,R. Ponto Chique,S,Via Pavimentada
9619,87564,RUA PONTO NOVO,Rua Ponto Novo,R. Ponto Novo,S,Via Pavimentada
6248,52132,RUA POPULAR,Rua Popular,R. Popular,S,Via Pavimentada
8995,80810,RUA PORANGA,Rua Poranga,R. Poranga,X,Não definida
10332,98965,RUA PORANGABA,Rua Porangaba,R. Porangaba,S,Via Pavimentada
6252,52167,RUA PORAQUE,Rua Poraquê,R. Poraque,S,Via Pavimentada
6253,52175,RUA PORCINA COELHO,Rua Porcina Coelho,R. Porcina Coelho,N,Via Não Pavimentada
6255,52183,RUA PORCIUNCULA,Rua Porciúncula,R. Porciuncula,X,Não definida
6256,52191,RUA PORECATU,Rua Porecatu,R. Porecatu,S,Via Pavimentada
6257,52205,RUA PORIATA,Rua Poriata,R. Poriata,X,Não definida
6258,52213,RUA PORTAO DO GELO,Rua Portão do Gelo,R. Portao do Gelo,N,Via Não Pavimentada
6265,52256,RUA PORTELANDIA,Rua Portelândia,R. Portelandia,P,Via Parcialmente Pavimentada
6270,52280,RUA PORTO ACRE,Rua Porto Acre,R. Porto Acre,S,Via Pavimentada
6271,52299,RUA PORTO ALEGRE,Rua Porto Alegre,R. Porto Alegre,P,Via Parcialmente Pavimentada
1799,11100,RUA PORTO BELO,Rua Porto Belo,R. Porto Belo,S,Via Pavimentada
6273,52310,RUA PORTO CALVO,Rua Porto Calvo,R. Porto Calvo,X,Não definida
8984,80578,RUA PORTO DAS FLORES,Rua Porto das Flores,R. Porto das Flores,S,Via Pavimentada
6282,52396,RUA PORTO DE PEDRAS,Rua Porto de Pedras,R. Porto de Pedras,N,Via Não Pavimentada
6274,52329,RUA PORTO ESTRELA,Rua Porto Estrela,R. Porto Estrela,N,Via Não Pavimentada
6277,52353,RUA PORTO LUCENA,Rua Porto Lucena,R. Porto Lucena,S,Via Pavimentada
6815,57614,RUA PORTO MAUA,Rua Porto Mauá,R. Porto Maua,S,Via Pavimentada
6279,52370,RUA PORTO MOZ,Rua Porto Moz,R. Porto Moz,S,Via Pavimentada
6280,52388,RUA PORTO NACIONAL,Rua Porto Nacional,R. Porto Nacional,S,Via Pavimentada
6283,52400,RUA PORTO REAL,Rua Porto Real,R. Porto Real,S,Via Pavimentada
9582,100030,RUA PORTO RICO,Rua Porto Rico,R. Porto Rico,N,Via Não Pavimentada
7909,67920,RUA PORTO RICO,Rua Porto Rico,R. Porto Rico,S,Via Pavimentada
11223,116742,RUA PORTO SEGURO,Rua Porto Seguro,R. Porto Seguro,N,Via Não Pavimentada
6286,52442,RUA PORTO SERGIO,Rua Porto Sérgio,R. Porto Sergio,N,Via Não Pavimentada
6287,52450,RUA PORTO UNIAO,Rua Porto União,R. Porto Uniao,S,Via Pavimentada
6288,52469,RUA PORTO VILMA,Rua Porto Vilma,R. Porto Vilma,S,Via Pavimentada
6289,52477,RUA PORTO VITORIA,Rua Porto Vitória,R. Porto Vitoria,N,Via Não Pavimentada
11280,117498,RUA PORTUGAL,Rua Portugal,R. Portugal,S,Via Pavimentada
8999,80853,RUA POTE,Rua Pote,R. Pote,X,Não definida
9220,83755,RUA POTENGI,Rua Potengi,R. Potengi,S,Via Pavimentada
6292,52507,RUA POTENGY,Rua Potengy,R. Potengy,P,Via Parcialmente Pavimentada
8956,80276,RUA POTIRA,Rua Potira,R. Potira,S,Via Pavimentada
6295,52523,RUA POTIRAGUA,Rua Potiraguá,R. Potiragua,S,Via Pavimentada
6296,52531,RUA POTIRETAMA,Rua Potiretama,R. Potiretama,S,Via Pavimentada
4126,32794,RUA POTY,Rua Poty,R. Poty,S,Via Pavimentada
6294,52515,RUA POTYRA,Rua Potyra,R. Potyra,S,Via Pavimentada
6150,51195,RUA PRACA DO PANTANAL,Rua Praca do Pantanal,Rua Praca do Pantanal,P,Via Parcialmente Pavimentada
6297,52558,RUA PRADINIA,Rua Pradínia,R. Pradinia,S,Via Pavimentada
9795,89940,RUA PRADOPOLIS,Rua Pradópolis,R. Pradopolis,S,Via Pavimentada
2643,18872,RUA PRADOS,Rua Prados,R. Prados,S,Via Pavimentada
8996,80829,RUA PRAINHA,Rua Prainha,R. Prainha,X,Não definida
11902,705802,RUA PRATA,Rua Prata,R. Prata,X,Não definida
9305,84468,RUA PRATANIA,Rua Pratânia,R. Pratania,X,Não definida
9799,89974,RUA PRATAPOLIS,Rua Pratápolis,R. Pratapolis,S,Via Pavimentada
9520,87025,RUA PREFEITO AGOSTINHO NUNES MACHADO,Rua Prefeito Agostinho Nunes Machado,R. Pref Agostinho Nunes Machado,S,Via Pavimentada
10875,111988,RUA PREFEITO AUGUSTO LUCENA,Rua Prefeito Augusto Lucena,R. Prefeito Augusto Lucena,N,Via Não Pavimentada
8550,75280,RUA PREFEITO JORGE MARTINS,Rua Prefeito Jorge Martins,R. Pref Jorge Martins,S,Via Pavimentada
1806,11185,RUA PRESIDENTE BERNARDES,Rua Presidente Bernardes,R. Pres Bernades,S,Via Pavimentada
2561,18074,RUA PRESIDENTE COSTA E SILVA,Rua Presidente Costa e Silva,R. Pres Costa e Silva,P,Via Parcialmente Pavimentada
8710,77429,RUA PRESIDENTE EMILIO GARRASTAZU MEDICI,Rua Presidente Emílio Garrastazu Médici,R. Pres Emílio Garrastazu Médici,N,Via Não Pavimentada
3011,22373,RUA PRESIDENTE EPITACIO,Rua Presidente Epitácio,R. Pres Epitacio,S,Via Pavimentada
3769,29211,RUA PRESIDENTE HONORIO HERMETO,Rua Presidente Honório Hermeto,R. Pres Honorio Hermeto,P,Via Parcialmente Pavimentada
6191,51535,RUA PRESIDENTE KENNEDY,Rua Presidente Kennedy,R. Pres Kennedy,N,Via Não Pavimentada
8686,76988,RUA PRESIDENTE KENNEDY,Rua Presidente Kennedy,R. Pres Kennedy,P,Via Parcialmente Pavimentada
4857,39543,RUA PRESIDENTE LUCENA,Rua Presidente Lucena,R. Pres Lucena,S,Via Pavimentada
5609,46264,RUA PRESIDENTE NILO PECANHA,Rua Presidente Nilo Peçanha,R. Pres Nilo Peçanha,P,Via Parcialmente Pavimentada
5706,47252,RUA PRESIDENTE OLEGARIO MACIEL,Rua Presidente Olegário Maciel,R. Pres Olegario Maciel,S,Via Pavimentada
7546,64068,RUA PRESIDENTE VENCESLAU,Rua Presidente Venceslau,R. Pres Venceslau,N,Via Não Pavimentada
7694,65641,RUA PRESIDENTE WASHINGTON LUIZ,Rua Presidente Washington Luiz,R. Pres Washington Luiz,S,Via Pavimentada
7695,65650,RUA PRESIDENTE WEIZMAN,Rua Presidente Weizman,R. Pres Weizman,X,Não definida
6303,52620,RUA PRETEXTATO MACIEL,Rua Pretextato Maciel,R. Pretextato Maciel,S,Via Pavimentada
6304,52639,RUA PRIMAVERA,Rua Primavera,R. Primavera,S,Via Pavimentada
3834,29890,RUA PRIMAVERA,Rua Primavera,R. Primavera,S,Via Pavimentada
10960,113158,RUA PRIMAVERA,Rua Primavera,R. Primavera,N,Via Não Pavimentada
2890,21067,RUA PRIMEIRO DE DEZEMBRO,Rua Primeiro de Dezembro,R. Primeiro de Dezembro,N,Via Não Pavimentada
6305,52647,RUA PRIMEIRO DE JANEIRO,Rua Primeiro de Janeiro,R. Primeiro de Janeiro,S,Via Pavimentada
6306,52655,RUA PRIMEIRO DE MAIO,Rua Primeiro de Maio,R. Primeiro de Maio,P,Via Parcialmente Pavimentada
7508,63703,RUA PRIMEIRO DE MAIO,Rua Primeiro de Maio,R. Primeiro de Maio,S,Via Pavimentada
6307,52663,RUA PRIMEIRO DE MARCO,Rua Primeiro de Março,R. Primeiro de Marco,S,Via Pavimentada
11272,117382,RUA PRIMO SCHINCARIOL,Rua primo schincariol,R.primo schincariol,N,Via Não Pavimentada
3241,24368,RUA PRINCESA,Rua Princesa,R. Princesa,N,Via Não Pavimentada
3778,29297,RUA PRINCESA DAS AGUAS,Rua Princesa das Águas,R. Princesa das Aguas,N,Via Não Pavimentada
164,31810,RUA PRINCESA ISABEL,Rua Princesa Isabel,R. Princesa Isabel,S,Via Pavimentada
6308,52671,RUA PRINCIPAL,Rua Principal,R. Principal,S,Via Pavimentada
1735,10588,RUA PRINCIPE DA BEIRA,Rua Príncipe da Beira,R. Principe da Beira,P,Via Parcialmente Pavimentada
6203,51667,RUA PROCURADOR GALBA DE ALMEIDA MATOS,Rua Procurador Galba de Almeida Matos,R. Procurador Galba de Almeida Matos,N,Via Não Pavimentada
1082,4995,RUA PROFESSORA ANGELA PINTO,Rua Professora Ângela Pinto,R. Profa Angela Pinto,S,Via Pavimentada
1127,5363,RUA PROFESSORA ANTONIA RIBEIRO CAMPOS,Rua Professora Antônia Ribeiro Campos,R. Profa Antonia Ribeiro Campos,N,Via Não Pavimentada
6524,54569,RUA PROFESSORA ANUNCIADA DA ROCHA MELO,Rua Professora Anunciada da Rocha Melo,R. Profa Anunciada da Rocha Melo,S,Via Pavimentada
1405,7595,RUA PROFESSORA ARCELINA CAMARA,Rua Professora Arcelina Câmara,R. Profa Arcelina Camara,P,Via Parcialmente Pavimentada
1424,7749,RUA PROFESSORA ARGEMIRA REGO BARROS,Rua Professora Argemira Rego Barros,R. Profa Argemira Rego Barros,S,Via Pavimentada
1582,9199,RUA PROFESSORA AURORA SOARES,Rua Professora Aurora Soares,R. Profa Aurora Soares,X,Não definida
2023,13064,RUA PROFESSORA CACILDA BRECKENFELD,Rua Professora Cacilda Breckenfeld,R. Profa Cacilda Breckenfeld,S,Via Pavimentada
11469,120294,RUA PROFESSORA CAROLINA MORAIS,Rua Professora Carolina Morais,R. Profa Carolina Morais,N,Via Não Pavimentada
596,655,RUA PROFESSOR ADALBERTO NEVES,Rua Professor Adalberto Neves,R. Prof Adalberto Neves,S,Via Pavimentada
532,94,RUA PROFESSOR ADALTO PONTES,Rua Professor Adalto Pontes,R. Prof Adalto Pontes,N,Via Não Pavimentada
8166,71064,RUA PROFESSOR ADARICO NEGROMONTE,Rua Professor Adarico Negromonte,R. Prof Adarico Negromonte,N,Via Não Pavimentada
9996,92495,RUA PROFESSOR ADERBAL GALVAO,Rua Professor Aderbal Galvão,R. Prof Aderbal Galvao,P,Via Parcialmente Pavimentada
11779,126950,RUA PROFESSORA DONA NOCA,RUA PROFESSORA DONA NOCA,Rua Prof. Dona Noca,S,Via Pavimentada
673,1198,RUA PROFESSOR AGEU MAGALHAES,Rua Professor Ageu Magalhães,R. Prof Ageu Magalhães,S,Via Pavimentada
9160,82600,RUA PROFESSORA IRACEMA PIRES FERREIRA,Rua Professora Iracema Pires Ferreira,R. Profa Iracema Pires Ferreira,N,Via Não Pavimentada
3627,27987,RUA PROFESSORA ISABEL BARACHO,Rua Professora Isabel Baracho,R. Profa Isabel Baracho,N,Via Não Pavimentada
11614,123293,RUA PROFESSORA JANAINA DORNELAS,Rua Professora Janaína Dornelas,R. Profª Janaína Dornelas,N,Via Não Pavimentada
4728,38199,RUA PROFESSORA LAURA FERREIRA DA COSTA,Rua Professora Laura Ferreira da Costa,R. Profa Laura Ferreira da Costa,S,Via Pavimentada
52,84913,RUA PROFESSOR ALEXANDRE BORGES,Rua Professor Alexandre Borges,R. Prof Alexandre Borges,X,Não definida
8572,75485,RUA PROFESSOR ALOISIO MAGALHAES,Rua Professor Aloísio Magalhães,R. Prof Aloisio Magalhães,S,Via Pavimentada
8715,77488,RUA PROFESSOR ALOISIO PESSOA DE ARAUJO,Rua Professor Aloisio Pessoa de Araujo,R. Prof Aloisio Pessoa de Araujo,S,Via Pavimentada
4846,39411,RUA PROFESSORA LOURDES DUTRA,Rua Professora Lourdes Dutra,R. Profa Lourdes Dutra,S,Via Pavimentada
4860,39578,RUA PROFESSORA LUCIA MARIA SALES NEVES,Rua Professora Lucia Maria Sales Neves,R. Profa Lucia Maria Sales Neves,S,Via Pavimentada
10014,93009,RUA PROFESSORA LUCY ALVAREZ,Rua Professora Lucy Alvarez,R. Profa Lucy Alvarez,N,Via Não Pavimentada
962,3719,RUA PROFESSOR ALVARO LIMA,Rua Professor Álvaro Lima,R. Prof Alvaro Lima,S,Via Pavimentada
8813,78530,RUA PROFESSORA MARIA DA PAZ BRANDAO ALVES,Rua Professora Maria da Paz Brandão Alves,R. Profa Maria da Paz Brandao Alves,S,Via Pavimentada
3799,29505,RUA PROFESSORA MARIA DE LOURDES LEITE NOGUEIRA,Rua Professora Maria de Lourdes Leite Nogueira,R. Profa Maria de Lourdes Leite Nogueira,N,Via Não Pavimentada
10198,96547,RUA PROFESSORA MARIA DO CARMO ARAUJO,Rua Professora Maria do Carmo Araújo,R. Profa Maria do Carmo Araujo,P,Via Parcialmente Pavimentada
524,76503,RUA PROFESSORA MARIA DOS ANJOS MANTA,Rua Professora Maria dos Anjos Manta,R. Profa Maria Dos Anjos Manta,S,Via Pavimentada
8856,79073,RUA PROFESSORA MARIA EUGENIA VASCONCELOS LIMA,Rua Professora Maria Eugênia Vasconcelos Lima,R. Profa Maria Eugenia Vasconcelos Lima,S,Via Pavimentada
11615,123307,RUA PROFESSORA MARINALVA VIEIRA,Rua Professora Marinalva Vieira,R. Profª Marinalva Vieira,N,Via Não Pavimentada
8792,78280,RUA PROFESSORA MAURINA RODRIGUES DOS SANTOS,Rua Professora Maurina Rodrigues dos Santos,R. Profa Maurina Rodrigues Dos Santos,S,Via Pavimentada
1059,4790,RUA PROFESSOR ANDRADE BEZERRA,Rua Professor Andrade Bezerra,R. Prof Andrade Bezerra,S,Via Pavimentada
1140,5479,RUA PROFESSOR ANTONIO AUSTREGESILO,Rua Professor Antônio Austregesilo,R. Prof Antônio Austregesilo,S,Via Pavimentada
1161,5622,RUA PROFESSOR ANTONIO COELHO,Rua Professor Antônio Coelho,R. Prof Antônio Coelho,N,Via Não Pavimentada
1178,5746,RUA PROFESSOR ANTONIO FERREIRA LIMA,Rua Professor Antônio Ferreira Lima,R. Prof Antônio Ferreira Lima,S,Via Pavimentada
10098,94692,RUA PROFESSOR ANTONIO LUIZ LINS DE BARROS,Rua Professor Antônio Luiz Lins de Barros,R. Prof Antônio Luiz Lins de Barros,P,Via Parcialmente Pavimentada
9768,89540,RUA PROFESSORA PRICILLA FERREIRA,Rua Professora Pricilla Ferreira,R. Profa Pricilla Ferreira,N,Via Não Pavimentada
10120,95150,RUA PROFESSOR ARMANDO DE MEIRA LINS,Rua Professor Armando de Meira Lins,R. Prof Armando de Meira Lins,P,Via Parcialmente Pavimentada
8972,80438,RUA PROFESSOR ARNALDO CARNEIRO LEAO,Rua Professor Arnaldo Carneiro Leão,R. Prof Arnaldo Carneiro Leão,S,Via Pavimentada
6991,59323,RUA PROFESSORA ROSILDA COSTA,Rua Professora Rosilda Costa,R. Profa Rosilda Costa,S,Via Pavimentada
5868,48658,RUA PROFESSOR ARSENIO TAVARES,Rua Professor Arsênio Tavares,R. Prof Arsenio Tavares,N,Via Não Pavimentada
6129,51004,RUA PROFESSORA SEVERINA MIRANDA DA SILVA,Rua Professora Severina Miranda da Silva,R. Profª Severina Miranda da Silva,S,Via Pavimentada
1550,8940,RUA PROFESSOR AUGUSTO LINS E SILVA,Rua Professor Augusto Lins e Silva,R. Prof Augusto Lins e Silva,S,Via Pavimentada
1557,9016,RUA PROFESSOR AUGUSTO WANDERLEY FILHO,Rua Professor Augusto Wanderley Filho,R. Prof Augusto Wanderley Filho,S,Via Pavimentada
1566,9075,RUA PROF AURELIO DE CASTRO CAVALCANTI,Rua Professor Aurélio de Castro Cavalcanti,R. Prof Aurélio de Castro Cavalcanti,P,Via Parcialmente Pavimentada
1597,9300,RUA PROFESSOR AVERTANO ROCHA,Rua Professor Avertano Rocha,R. Prof Avertano Rocha,S,Via Pavimentada
7704,65773,RUA PROF ZENIA GUERRA,Rua Professora Zênia Guerra,R. Profa Zênia Guerra,P,Via Parcialmente Pavimentada
1642,9750,RUA PROFESSOR BANDEIRA,Rua Professor Bandeira,R. Prof Bandeira,P,Via Parcialmente Pavimentada
10051,94650,RUA PROFESSOR BARROS LIMA,Rua Professor Barros Lima,R. Prof Barros Lima,S,Via Pavimentada
1705,10340,RUA PROFESSOR BASILIO DE MAGALHAES,Rua Professor Basilio de Magalhães,R. Prof Basilio de Magalhães,P,Via Parcialmente Pavimentada
1777,10901,RUA PROFESSOR BENEDITO MONTEIRO,Rua Professor Benedito Monteiro,R. Prof Benedito Monteiro,S,Via Pavimentada
2069,13480,RUA PROFESSOR CALDAS FILHO,Rua Professor Caldas Filho,R. Prof Caldas Filho,S,Via Pavimentada
2127,14230,RUA PROFESSOR CANDIDO DUARTE,Rua Professor Cândido Duarte,R. Prof Candido Duarte,S,Via Pavimentada
9126,82260,RUA PROFESSOR CAROLINO GONCALVES,Rua Professor Carolino Goncalves,R. Prof Carolino Gonçalves,N,Via Não Pavimentada
2321,16004,RUA PROFESSOR CELESTIN MALZAC,Rua Professor Celestin Malzac,R. Prof Celestin Malzac,P,Via Parcialmente Pavimentada
2343,16284,RUA PROFESSOR CHARLES KOURY,Rua Professor Charles Koury,R. Prof Charles Koury,S,Via Pavimentada
2345,16306,RUA PROFESSOR CHAVES BATISTA,Rua Professor Chaves Batista,R. Prof Chaves Batista,S,Via Pavimentada
8199,71439,RUA PROFESSOR COELHO DE ALMEIDA,Rua Professor Coelho de Almeida,R. Prof Coelho de Almeida,S,Via Pavimentada
8081,70165,RUA PROFESSOR COSTA PINTO,Rua Professor Costa Pinto,R. Prof Costa Pinto,S,Via Pavimentada
2839,20621,RUA PROFESSOR EDGAR ALTINO,Rua Professor Edgar Altino,R. Prof Edgar Altino,S,Via Pavimentada
11783,126993,RUA PROFESSOR EDRIZIO BARBOSA PINTO,RUA PROFESSOR EDRÍZIO BARBOSA PINTO,R. Prof. Edrízio Barbosa Pinto,S,Via Pavimentada
2877,20966,RUA PROFESSOR EDUARDO WANDERLEY FILHO,Rua Professor Eduardo Wanderley Filho,R. Prof Eduardo Wanderley Filho,P,Via Parcialmente Pavimentada
3029,22519,RUA PROFESSOR ERNESTO SILVA,Rua Professor Ernesto Silva,R. Prof Ernesto Silva,S,Via Pavimentada
3138,23337,RUA PROFESSOR EVALDO ALTINO,Rua Professor Evaldo Altino,R. Prof Evaldo Altino,N,Via Não Pavimentada
9817,90212,RUA PROFESSOR EVERARDO DA CUNHA LUNA,Rua Professor Everardo da Cunha Luna,R. Prof Everardo da Cunha Luna,N,Via Não Pavimentada
1071,4898,RUA PROFESSOR FERDINANDO NEVES,Rua Professor Ferdinando Neves,R. Prof Ferdinando Neves,N,Via Não Pavimentada
3221,24163,RUA PROFESSOR FERNANDO MOTA,Rua Professor Fernando Mota,R. Prof Fernando Mota,S,Via Pavimentada
3341,25534,RUA PROFESSOR FRANCISCO DA TRINDADE,Rua Professor Francisco da Trindade,R. Prof Francisco da Trindade,S,Via Pavimentada
3331,25275,RUA PROFESSOR FRANCISCO FIGUEIREDO,Rua Professor Francisco Figueiredo,R. Prof Francisco Figueiredo,S,Via Pavimentada
3371,25674,RUA PROFESSOR FREDERICO CURIO,Rua Professor Frederico Cúrio,R. Prof Frederico Curio,S,Via Pavimentada
3524,27057,RUA PROFESSOR GONCALO JOSE DE MELO,Rua Professor Gonçalo José de Melo,R. Prof Goncalo José de Melo,N,Via Não Pavimentada
3536,27154,RUA PROFESSOR GONDIM FILHO,Rua Professor Gondim Filho,R. Prof Gondim Filho,S,Via Pavimentada
11541,121193,RUA PROF HELIO MAIA,Rua Professor Hélio Maia,R. Prof Hélio Maia,S,Via Pavimentada
3711,28754,RUA PROFESSOR HENRIQUE DE LUCENA,Rua Professor Henrique de Lucena,R. Prof Henrique de Lucena,S,Via Pavimentada
530,60,RUA PROFESSOR IREMAR FALCONE DE MELO,Rua Professor Iremar Falcone de Melo,R. Prof Iremar Falcone de Melo,N,Via Não Pavimentada
9879,90867,RUA PROFESSOR ISAAC PEREIRA DA SILVA,Rua Professor Isaac Pereira da Silva,R. Prof Isaac Pereira da Silva,X,Não definida
9518,87009,RUA PROFESSOR JARBAS MANSO,Rua Professor Jarbas Manso,R. Prof Jarbas Manso,N,Via Não Pavimentada
4151,33081,RUA PROFESSOR JERONIMO GUEIROS,Rua Professor Jerônimo Gueiros,R. Prof Jeronimo Gueiros,P,Via Parcialmente Pavimentada
4294,34282,RUA PROFESSOR JOAO RODRIGUES,Rua Professor João Rodrigues,R. Prof João Rodrigues,S,Via Pavimentada
10269,97810,RUA PROFESSOR JOAQUIM AMAZONAS,Rua Professor Joaquim Amazonas,R. Prof Joaquim Amazonas,P,Via Parcialmente Pavimentada
4368,34908,RUA PROFESSOR JOAQUIM XAVIER DE BRITO,Rua Professor Joaquim Xavier de Brito,R. Prof Joaquim Xavier de Brito,S,Via Pavimentada
7955,68489,RUA PROFESSOR JOEL ALBUQUERQUE PONTES,Rua Professor Joel Albuquerque Pontes,R. Prof Joel Albuquerque Pontes,N,Via Não Pavimentada
11480,120405,RUA PROFESSOR JOEL PONTES,Rua Professor Joel Pontes,R. Prof Joel Pontes,N,Via Não Pavimentada
9779,89630,RUA PROFESSOR JORGE DE MELLO CAHU,Rua Professor Jorge de Mello Cahu,R. Prof Jorge de Mello Cahu,S,Via Pavimentada
9772,89575,RUA PROFESSOR JORGE LOBO,Rua Professor Jorge Lobo,R. Prof Jorge Lobo,X,Não definida
2523,17744,RUA PROFESSOR JOSE AMARINO DOS REIS,Rua Professor José Amarino dos Reis,R. Prof José Amarino Dos Reis,S,Via Pavimentada
4420,35475,RUA PROFESSOR JOSE BRANDAO,Rua Professor José Brandão,R. Prof José Brandao,S,Via Pavimentada
8884,79448,RUA PROFESSOR JOSE BRASILEIRO VILANOVA,Rua Professor José Brasileiro Vilanova,R. Prof José Brasileiro Vilanova,N,Via Não Pavimentada
4423,35491,RUA PROFESSOR JOSE CALAZANS,Rua Professor José Calazans,R. Prof José Calazans,N,Via Não Pavimentada
4426,35530,RUA PROFESSOR JOSE CARNEIRO,Rua Professor José Carneiro,R. Prof José Carneiro,S,Via Pavimentada
4436,35629,RUA PROFESSOR JOSE CONSTANTINO DA SILVA,Rua Professor José Constantino da Silva,R. Prof José Constantino da Silva,S,Via Pavimentada
3794,29459,RUA PROFESSOR JOSE JOAQUIM DE ALMEIDA,Rua Professor José Joaquim de Almeida,R. Prof José Joaquim de Almeida,N,Via Não Pavimentada
5668,46868,RUA PROFESSOR JOSE JOAQUIM DE ALMEIDA,Rua Professor José Joaquim de Almeida,R. Prof José Joaquim de Almeida,N,Via Não Pavimentada
11477,120375,RUA PROFESSOR JOSE LOBO,Rua Professor José Lobo,R. Prof José Lobo,N,Via Não Pavimentada
11685,124982,RUA PROFESSOR JOSE SOARES DA SILVA,Rua Professôr José Soares da Silva,R. prof. José Soares da Silva,N,Via Não Pavimentada
3886,30368,RUA PROFESSOR JOSE TORRES PIRES,Rua Professor José Torres Pires,R. Prof. José Torres Pires,S,Via Pavimentada
4584,36897,RUA PROFESSOR JOSE VICENTE,Rua Professor José Vicente,R. Prof José Vicente,P,Via Parcialmente Pavimentada
10158,95630,RUA PROFESSOR JOSUE DE CASTRO,Rua Professor Josué de Castro,R. Prof Josue de Castro,N,Via Não Pavimentada
4620,37249,RUA PROFESSOR JULIO FERREIRA DE MELO,Rua Professor Júlio Ferreira de Melo,R. Prof Julio Ferreira de Melo,S,Via Pavimentada
4624,37273,RUA PROFESSOR JULIO OLIVEIRA,Rua Professor Julio Oliveira,R. Prof Julio Oliveira,P,Via Parcialmente Pavimentada
4810,39080,RUA PROFESSOR LINS E SILVA,Rua Professor Lins e Silva,R. Prof Lins e Silva,S,Via Pavimentada
4824,39225,RUA PROFESSOR LOBO DE MIRANDA,Rua Professor Lobo de Miranda,R. Prof Lobo de Miranda,S,Via Pavimentada
9468,86460,RUA PROFESSOR LUIZ A GONDIM GUIMARAES,Rua Professor Luiz A Gondim Guimarães,R. Prof Luiz A Gondim Guimaraes,P,Via Parcialmente Pavimentada
4904,39829,RUA PROFESSOR LUIZ DELGADO,Rua Professor Luiz Delgado,R. Prof Luiz Delgado,S,Via Pavimentada
10260,97713,RUA PROFESSOR LUIZ GONZAGA PORTO,Rua Professor Luiz Gonzaga Porto,R. Prof Luiz Gonzaga Porto,P,Via Parcialmente Pavimentada
7922,68047,RUA PROFESSOR LUIZ RODRIGUES DE MELO,Rua Professor Luiz Rodrigues de Melo,R. Prof Luiz Rodrigues de Melo,S,Via Pavimentada
5089,41513,RUA PROFESSOR MANOEL CAVALCANTI DE ALBUQUERQUE,Rua Professor Manoel Cavalcanti de Albuquerque,R. Prof Manoel Cavalcante de Albuquerque,S,Via Pavimentada
6572,54992,RUA PROF MANOEL HENRIQUE A. DE MORAES,Rua Professor Manoel Henrique Almeida de Moraes,R. Prof Manoel Henrique A. de Moraes,N,Via Não Pavimentada
5134,41939,RUA PROFESSOR MANUEL TORRES,Rua Professor Manuel Torres,R. Prof Manuel Torres,S,Via Pavimentada
5238,43044,RUA PROFESSOR MARIO CASTRO,Rua Professor Mário Castro,R. Prof Mário Castro,S,Via Pavimentada
9373,85499,RUA PROFESSOR MARIO NEVES BAPTISTA,Rua Professor Mário Neves Baptista,R. Prof Mario Neves Baptista,S,Via Pavimentada
5250,43150,RUA PROFESSOR MARIO RAMOS,Rua Professor Mário Ramos,R. Prof Mario Ramos,S,Via Pavimentada
9514,86967,RUA PROFESSOR MARTINIANO JOSE FERNANDES,Rua Professor Martiniano José Fernandes,R. Prof Martiniano José Fernandes,N,Via Não Pavimentada
8589,75680,RUA PROFESSOR MIRANDA CURIO,Rua Professor Miranda Curió,R. Prof Miranda Curio,P,Via Parcialmente Pavimentada
4971,40428,RUA PROFESSOR MUSSA HAZIN,Rua Professor Mussa Hazin,R. Prof Mussa Hazin,S,Via Pavimentada
5566,45926,RUA PROFESSOR NELSON CASTRO E SILVA,Rua Professor Nelson Castro e Silva,R. Prof Nelson Castro e Silva,S,Via Pavimentada
5571,45977,RUA PROFESSOR NELSON MELO,Rua Professor Nelson Melo,R. Prof Nelson Melo,S,Via Pavimentada
2356,16403,RUA PROFESSOR NESTOR BEZERRA,Rua Professor Nestor Bezerra,R. Prof Nestor Bezerra,P,Via Parcialmente Pavimentada
5783,47937,RUA PROFESSOR OSIAS RIBEIRO,Rua Professor Osias Ribeiro,R. Prof Osias Ribeiro,S,Via Pavimentada
5798,48070,RUA PROFESSOR OTAVIO DE FREITAS,Rua Professor Otávio de Freitas,R. Prof Otavio de Freitas,S,Via Pavimentada
5802,48127,RUA PROFESSOR OTAVIO TAVARES,Rua Professor Otávio Tavares,R. Prof Otavio Tavares,N,Via Não Pavimentada
5834,48380,RUA PROFESSOR PACIFICO PEREIRA,Rua Professor Pacifico Pereira,R. Prof Pacifico Pereira,P,Via Parcialmente Pavimentada
6024,50083,RUA PROFESSOR PEDRO AUGUSTO,Rua Professor Pedro Augusto,R. Prof Pedro Augusto,P,Via Parcialmente Pavimentada
4173,33219,RUA PROFESSOR PELAGIO SILVEIRA,Rua Professor Pelágio Silveira,R. Prof Pelagio Silveira,P,Via Parcialmente Pavimentada
11907,707007,RUA PROFESSOR POTIGUAR MATOS,Rua Professor Potiguar Matos,R. Prof Potiguar Matos,N,Via Não Pavimentada
11639,124427,RUA PROFESSOR ROBERTO DE AMORIM ALMEIDA,Rua Professor Roberto de Amorim Almeida,R. Prof. Roberto de Amorim Almeida,N,Via Não Pavimentada
11782,126985,RUA PROFESSOR RODOLFO ALBUQUERQUE DE ARAUJO,RUA PROFESSOR RODOLFO ALBUQUERQUE DE ARAÚJO,R. Prof.Rodolfo Albuquerque de Araújo,S,Via Pavimentada
5754,47678,RUA PROFESSOR RODOLPHO LYRA,Rua Professor Rodolpho Lyra,R. Prof Rodolpho Lyra,N,Via Não Pavimentada
7028,59633,RUA PROFESSOR RUI DA SILVEIRA CASTRO,Rua Professor Rui da Silveira Castro,R. Prof Rui da Silveira Castro,S,Via Pavimentada
7033,59676,RUA PROFESSOR RUTILHO,Rua Professor Rutilho,R. Prof Rutilho,P,Via Parcialmente Pavimentada
7025,59609,RUA PROFESSOR RUY BAPTISTA,Rua Professor Ruy Baptista,R. Prof Ruy Baptista,S,Via Pavimentada
6529,54615,RUA PROFESSOR SELVA JUNIOR,Rua Professor Selva Junior,R. Prof Selva Junior,P,Via Parcialmente Pavimentada
10121,95176,RUA PROFESSOR SEVERINO JORDAO EMERENCIANO,Rua Professor Severino Jordao Emerenciano,R. Prof Severino Jordao Emerenciano,N,Via Não Pavimentada
6629,55581,RUA PROFESSOR SILVIO DA CUNHA SANTOS,Rua Professor Sílvio da Cunha Santos,R. Prof Silvio da Cunha Santos,P,Via Parcialmente Pavimentada
9153,82511,RUA PROFESSOR SILVIO MARANHAO,Rua Professor Sílvio Maranhão,R. Prof Silvio Maranhao,N,Via Não Pavimentada
6631,55603,RUA PROFESSOR SILVIO RABELO,Rua Professor Sílvio Rabelo,R. Prof Silvio Rabelo,S,Via Pavimentada
8981,80551,RUA PROFESSOR SIMOES BARBOSA,Rua Professor Simões Barbosa,R. Prof Simoes Barbosa,S,Via Pavimentada
292,100129,RUA PROFESSOR SOLON SOARES,Rua Professor Solon Soares,R. Prof Solon Soares,N,Via Não Pavimentada
6682,56200,RUA PROFESSOR SOUTO MAIOR,Rua Professor Souto Maior,R. Prof Souto Maior,S,Via Pavimentada
7125,60526,RUA PROFESSOR TEODULO MIRANDA,Rua Professor Teódulo Miranda,R. Prof Teodulo Miranda,S,Via Pavimentada
7226,61344,RUA PROFESSOR TRAJANO DE MENDONCA,Rua Professor Trajano de Mendonça,R. Prof Trajano de Mendonca,S,Via Pavimentada
4831,39276,RUA PROFESSOR URSULINO DANTAS VELOSO,Rua Professor Ursulino Dantas Veloso,R. Prof Ursulino Dantas Veloso,S,Via Pavimentada
7402,62642,RUA PROFESSOR VALDEMAR DE OLIVEIRA,Rua Professor Valdemar de Oliveira,R. Prof Valdemar de Oliveira,S,Via Pavimentada
9163,82643,RUA PROFESSOR YVES MAUPEAU,Rua Professor Yves Maupeau,R. Prof Yves Maupeau,N,Via Não Pavimentada
6025,50091,RUA PROF PEDRO AUGUSTO CARNEIRO LEAO,Rua Prof Pedro Augusto Carneiro Leão,R. Prof Pedro Augusto Carneiro Leao,S,Via Pavimentada
6319,52752,RUA PRUDENTE DE MORAES,Rua Prudente de Moraes,R. Prudente de Moraes,P,Via Parcialmente Pavimentada
6321,52760,RUA PRUDENTOPOLIS,Rua Prudentópolis,R. Prudentopolis,S,Via Pavimentada
9096,82023,RUA PUBLICITAR COLOMBO CAMPOS,Rua Publicitário Colombo Campos,R. Publicitário Colombo Campos,N,Via Não Pavimentada
389,52787,RUA PUNA,Rua Puna,R. Puna,S,Via Pavimentada
6323,52795,RUA PUNARE,Rua Punaré,R. Punare,X,Não definida
6324,52809,RUA PUREZA,Rua Pureza,R. Pureza,S,Via Pavimentada
9008,80934,RUA PURILANDIA,Rua Purilandia,R. Purilandia,S,Via Pavimentada
208,46396,RUA PUTINGA,Rua Putinga,R. Putinga,S,Via Pavimentada
6326,52825,RUA PUXINANA,Rua Puxinana,R. Puxinana,S,Via Pavimentada
9559,87459,RUA QUADRA P,Rua Quadra P,R. Quadra P,X,Não definida
6689,56251,RUA QUADRO SOUZA LEAO,Rua Quadro Souza Leão,R. Quadro Souza Leao,N,Via Não Pavimentada
9800,89982,RUA QUARAI,Rua Quaraí,R. Quaraí,S,Via Pavimentada
6328,52833,RUA QUARENTA E OITO,Rua Quarenta e Oito,R. Quarenta e Oito,S,Via Pavimentada
379,91120,RUA QUARENTA E UM,Rua Quarenta e Um,R. Quarenta e Um,N,Via Não Pavimentada
6331,52841,RUA QUATA,Rua Quata,R. Quata,S,Via Pavimentada
8628,76163,RUA QUATITUBA,Rua Quatituba,R. Quatituba,S,Via Pavimentada
9174,82740,RUA QUATORZE,Rua Quatorze,R. Quatorze,X,Não definida
5665,46841,RUA QUATORZE DE MARCO,Rua Quatorze de Março,R. Quatorze de Marco,N,Via Não Pavimentada
6126,50989,RUA QUATRO DE FEVEREIRO,Rua Quatro de Fevereiro,R. Quatro de Fevereiro,S,Via Pavimentada
6340,52868,RUA QUATRO DE MARCO,Rua Quatro de Março,R. Quatro de Marco,S,Via Pavimentada
2872,20923,RUA QUATRO DE OUTUBRO,Rua Quatro de Outubro,R. Quatro de Outubro,N,Via Não Pavimentada
6342,52876,RUA QUATRO DE OUTUBRO,Rua Quatro de Outubro,R. Quatro de Outubro,S,Via Pavimentada
4608,37141,RUA QUATRO DE SETEMBRO,Rua Quatro de Setembro,R. Quatro de Setembro,S,Via Pavimentada
6347,52922,RUA QUEIRA DEUS,Rua Queira Deus,R. Queira Deus,P,Via Parcialmente Pavimentada
9794,89931,RUA QUEIROZOPOLIS,Rua Queirozópolis,R. Queirozopolis,S,Via Pavimentada
6350,52949,RUA QUELUZ,Rua Queluz,R. Queluz,S,Via Pavimentada
6346,52914,RUA QUELUZITA,Rua Queluzita,R. Queluzita,S,Via Pavimentada
6352,52965,RUA QUERENCIA DO NORTE,Rua Querência do Norte,R. Querencia do Norte,S,Via Pavimentada
6354,52981,RUA QUILOMBO,Rua Quilombo,R. Quilombo,S,Via Pavimentada
9069,81639,RUA QUILOMBOS,Rua Quilombos,R. Quilombos,S,Via Pavimentada
805,2372,RUA QUIMICO ALFEU RABELO,Rua Químico Alfeu Rabelo,R. Quimico Alfeu Rabelo,S,Via Pavimentada
6355,52990,RUA QUINARI,Rua Quinari,R. Quinari,N,Via Não Pavimentada
6356,53007,RUA QUINTA DO SOL,Rua Quinta do Sol,R. Quinta do Sol,X,Não definida
2099,13757,RUA QUINTANA,Rua Quintana,R. Quintana,N,Via Não Pavimentada
6360,53058,RUA QUINTINO BOCAIUVA,Rua Quintino Bocaiúva,R. Quintino Bocaiuva,S,Via Pavimentada
6361,53066,RUA QUINTINO GALHARDO,Rua Quintino Galhardo,R. Quintino Galhardo,S,Via Pavimentada
3767,29190,RUA QUINZE DE FEVEREIRO,Rua Quinze de Fevereiro,R. Quinze de Fevereiro,N,Via Não Pavimentada
6229,53074,RUA QUINZE DE JUNHO,Rua Quinze de Junho,R. Quinze de Junho,S,Via Pavimentada
6333,53082,RUA QUINZE DE MARCO,Rua Quinze de Março,R. Quinze de Marco,S,Via Pavimentada
11014,113891,1TR VANDERSON WANDERLEY,Rua Quinze de Novembro,R. Quinze de Novembro,S,Via Pavimentada
6335,53090,RUA QUINZE DE NOVEMBRO,Rua Quinze de Novembro,R. Quinze de Novembro,S,Via Pavimentada
7525,63835,RUA QUINZE DE NOVEMBRO,Rua Quinze de Novembro,R. Quinze de Novembro,S,Via Pavimentada
6337,53104,RUA QUIPAPA,Rua Quipapá,R. Quipapa,S,Via Pavimentada
6338,53112,RUA QUIRI,Rua Quiri,R. Quiri,S,Via Pavimentada
6362,53120,RUA QUIRINOPOLIS,Rua Quirinópolis,R. Quirinopolis,S,Via Pavimentada
9114,82104,RUA QUITERIO INACIO DE MELO,Rua Quitério Inácio de Melo,R. Quiterio Inacio de Mello,S,Via Pavimentada
6365,53155,RUA QUIXABAS,Rua Quixabás,R. Quixabas,N,Via Não Pavimentada
6366,53163,RUA QUIXADA,Rua Quixadá,R. Quixada,X,Não definida
3262,24570,RUA RABILO,Rua Rabilo,R. Rabilo,S,Via Pavimentada
3527,27081,RUA RADIALISTA AMARILIO NICEAS,Rua Radialista Amarílio Niceas,R. Radialista Amarilio Niceas,S,Via Pavimentada
7232,61387,RUA RADIALISTA ANTIOGENES TAVARES,Rua Radialista Antiógenes Tavares,R. Radialista Antiogenes Tavares,P,Via Parcialmente Pavimentada
7760,66389,RUA RADIALISTA CEZAR BRASIL,Rua Radialista Cezar Brasil,R. Radialista Cezar Brasil,S,Via Pavimentada
11701,125083,RUA RADIALISTA EDILSON TORRES,Rua Radialista Edilson Torres,R. Radialista Edilson Torres,N,Via Não Pavimentada
11777,126934,RUA RADIALISTA FERNANDO CASTELAO,RUA RADIALISTA FERNANDO CASTELÂO,R. Radialista Fernando Castelão,S,Via Pavimentada
9364,85383,RUA RADIALISTA TORRES FILHO,Rua Radialista Torres Filho,R. Radialista Torres Filho,S,Via Pavimentada
6714,56480,RUA RAFAEL ADOBATTI,Rua Rafael Adobatti,R. Rafael Adobatti,N,Via Não Pavimentada
6715,56510,RUA RAIMUNDA COELHO,Rua Raimunda Coelho,R. Raimunda Coelho,N,Via Não Pavimentada
6719,56553,RUA RAIMUNDO FREIXEIRA,Rua Raimundo Freixeira,R. Raimundo Freixeira,S,Via Pavimentada
5504,45365,RUA RAIMUNDO GONCALVES FIGUEIREDO,Rua Raimundo Gonçalves Figueiredo,R. Raimundo Gonçalves Figueiredo,S,Via Pavimentada
7521,63819,RUA RAIMUNDO JACO,Rua Raimundo Jacó,R. Raimundo Jaco,S,Via Pavimentada
6721,56588,RUA RAINHA DOS ANJOS,Rua Rainha dos Anjos,R. Rainha Dos Anjos,S,Via Pavimentada
2374,16560,RUA RAIO DE SOL,Rua Raio de Sol,R. Raio de Sol,N,Via Não Pavimentada
7187,61034,RUA RAJADA,Rua Rajada,R. Rajada,X,Não definida
6722,56600,RUA RAMIRO COSTA,Rua Ramiro Costa,R. Ramiro Costa,N,Via Não Pavimentada
9177,82783,RUA RAMIRO MACEDO,Rua Ramiro Macêdo,R. Ramiro Macedo,S,Via Pavimentada
6723,56618,RUA RAMIZ GALVAO,Rua Ramiz Galvão,R. Ramiz Galvao,S,Via Pavimentada
6724,56642,RUA RANDOLFO PINTO FERREIRA,Rua Randolfo Pinto Ferreira,R. Randolfo Pinto Ferreira,P,Via Parcialmente Pavimentada
7938,68195,RUA RANUSIA ALVES RODRIGUES,Rua Ranúsia Alves Rodrigues,R. Ranúsia Alves Rodrigues,S,Via Pavimentada
6728,56669,RUA RAPHAEL DE OLIVEIRA ALVES,Rua Raphael de Oliveira Alves,R. Raphael de Oliveira Alves,S,Via Pavimentada
6733,56707,RUA RAPOSO TAVARES,Rua Raposo Tavares,R. Raposo Tavares,S,Via Pavimentada
11753,125970,RUA RAPOSO TAVARES,Rua Raposo Tavares,R.  Raposo Tavares,N,Via Não Pavimentada
7049,59838,RUA RAPOSO TAVARES - BANDEIRANTE,Rua Raposo Tavares - Bandeirante,R. Raposo Tavares - Bandeirante,N,Via Não Pavimentada
9620,87572,RUA RATAPOLIS,Rua Ratápolis,R. Ratápolis,S,Via Pavimentada
6740,56766,RUA RATICLIFE,Rua Raticlife,R. Raticlife,S,Via Pavimentada
6609,55379,RUA RAUL AZEDO,Rua Raul Azedo,R. Raul Azedo,S,Via Pavimentada
8221,71668,RUA RAUL BATISTA DOS SANTOS,Rua Raul Batista dos Santos,R. Raul Batista Dos Santos,S,Via Pavimentada
6735,56723,RUA RAUL CESARIO DE MELO,Rua Raul Cesário de Melo,R. Raul Cesario de Melo,S,Via Pavimentada
9295,84298,RUA RAUL FREIRE DE SOUZA,Rua Raul Freire de Souza,R. Raul Freire de Souza,N,Via Não Pavimentada
6105,56731,RUA RAUL LEONI,Rua Raul Leoni,R. Raul Leoni,S,Via Pavimentada
6737,56740,RUA RAUL MORAIS,Rua Raul Morais,R. Raul Morais,P,Via Parcialmente Pavimentada
6738,56758,RUA RAUL POMPEIA,Rua Raul Pompéia,R. Raul Pompeia,S,Via Pavimentada
6742,56782,RUA RAUL SOARES,Rua Raul Soares,R. Raul Soares,S,Via Pavimentada
6745,56804,RUA RAVENA,Rua Ravena,R. Ravena,S,Via Pavimentada
6746,56812,RUA REAL,Rua Real,R. Real,N,Via Não Pavimentada
6755,56839,RUA REAL DA TORRE,Rua Real da Torre,R. Real da Torre,S,Via Pavimentada
6757,56847,RUA REALENGO,Rua Realengo,R. Realengo,N,Via Não Pavimentada
11881,705284,RUA REALEZA,Rua Realeza,R. Realeza,S,Via Pavimentada
6758,56855,RUA REALEZA,Rua Realeza,R. Realeza,N,Via Não Pavimentada
10842,111708,RUA RECANTO DO RIO,Rua Recanto do Rio,R. Recanto do Rio,N,Via Não Pavimentada
11739,125571,RUA RECANTO FELIZ,Rua Recanto Feliz,R. Recanto Feliz,N,Via Não Pavimentada
3124,23248,RUA RECIFE,Rua Recife,R. Recife,N,Via Não Pavimentada
6771,56928,RUA REDENTOR,Rua Redentor,R. Redentor,S,Via Pavimentada
6752,56944,RUA REGENCIA,Rua Regência,R. Regencia,P,Via Parcialmente Pavimentada
3177,23698,RUA REGENTE FEIJO,Rua Regente Feijó,R. Regente Feijo,N,Via Não Pavimentada
6750,56960,RUA REGINA,Rua Regina,R. Regina,S,Via Pavimentada
6772,57002,RUA REGO MELO,Rua Rego Melo,R. Rego Melo,S,Via Pavimentada
6773,57010,RUA REGO MONTEIRO,Rua Rego Monteiro,R. Rego Monteiro,S,Via Pavimentada
6774,57029,RUA REGUEIRA COSTA,Rua Regueira Costa,R. Regueira Costa,S,Via Pavimentada
11915,707082,RUA REINALDO DORNELES CAMARA,Rua Reinaldo Dorneles Câmara,R. Reinaldo Dorneles Camara,N,Via Não Pavimentada
9120,82198,RUA REITOR EDINALDO BASTOS,Rua Reitor Edinaldo Bastos,R. Reitor Edinaldo Bastos,S,Via Pavimentada
7816,67008,RUA REITOR GERALDO LAFAYETE,Rua Reitor Geraldo Lafayete,R. Reitor Geraldo Lafayete,S,Via Pavimentada
6233,51950,RUA REITOR GERALDO LAFAYETE,Rua Reitor Geraldo Lafayete,R. Reitor Geraldo Lafayete,S,Via Pavimentada
1608,9431,RUA RENASCENCA,Rua Renascença,R. Renascenca,S,Via Pavimentada
6013,49999,RUA RENATA BRITO BEZERRA DE MELO,Rua Renata Brito Bezerra de Melo,R. Renata Brito Bezerra de Melo,N,Via Não Pavimentada
6780,57100,RUA RENATO DE MEDEIROS,Rua Renato de Medeiros,R. Renato de Medeiros,S,Via Pavimentada
515,57126,RUA RENATO SILVA,Rua Renato Silva,R. Renato Silva,N,Via Não Pavimentada
5418,44644,RUA REPARTIMENTO,Rua Repartimento,R. Repartimento,N,Via Não Pavimentada
6090,57177,RUA RESPLENDOR,Rua Resplendor,R. Resplendor,S,Via Pavimentada
2101,13773,RUA RESTINGA,Rua Restinga,R. Restinga,S,Via Pavimentada
6109,57193,RUA RETIRO SAUDOSO,Rua Retiro Saudoso,R. Retiro Saudoso,S,Via Pavimentada
1185,5827,RUA REVERENDO ANTONIO GUEIROS,Rua Reverendo Antônio Gueiros,R. Reverendo Antônio Gueiros,S,Via Pavimentada
8980,80543,RUA REVERENDO BRASILIANO ANTONIO DE OLIVEIRA,Rua Reverendo Brasíliano Antônio de Oliveira,R. Reverendo Brasiliano Antônio de Oliveira,S,Via Pavimentada
6413,53643,RUA REVERENDO SAMUEL FALCAO,Rua Reverendo Samuel Falcão,R. Reverendo Samuel Falcao,P,Via Parcialmente Pavimentada
3797,29483,RUA REVOLUCAO PERNAMBUCANA,Rua Revolução Pernambucana,R. Revolucao Pernambucana,N,Via Não Pavimentada
3826,29777,RUA REVOLUCAO PRAEIRA,Rua Revolução Praeira,R. Revolução Praeira,N,Via Não Pavimentada
6111,57207,RUA REZENDE,Rua Rezende,R. Rezende,P,Via Parcialmente Pavimentada
223,57231,RUA RIACHAO,Rua Riachao,R. Riachao,S,Via Pavimentada
8044,69760,RUA RIACHINHO,Rua Riachinho,R. Riachinho,N,Via Não Pavimentada
224,57240,RUA RIACHO DAS ALMAS,Rua Riacho das Almas,R. Riacho das Almas,S,Via Pavimentada
225,57258,RUA RIACHO DE SANTANA,Rua Riacho de Santana,R. Riacho de Santana,S,Via Pavimentada
2844,20672,RUA RIALTO,Rua Rialto,R. Rialto,X,Não definida
9796,89958,RUA RIANAPOLIS,Rua Rianápolis,R. Rianapolis,S,Via Pavimentada
228,57282,RUA RIBAMAR,Rua Ribamar,R. Ribamar,S,Via Pavimentada
230,57312,RUA RIBEIRAO,Rua Ribeirão,R. Ribeirão,S,Via Pavimentada
231,57320,RUA RIBEIRAO BONITO,Rua Ribeirão Bonito,R. Ribeirão Bonito,S,Via Pavimentada
232,57339,RUA RIBEIRAO BRANCO,Rua Ribeirão Branco,R. Ribeirão Branco,X,Não definida
6782,57347,RUA RIBEIRAO CLARO,Rua Ribeirão Claro,R. Ribeirão Claro,N,Via Não Pavimentada
6783,57355,RUA RIBEIRAO DAS NEVES,Rua Ribeirão das Neves,R. Ribeirão das Neves,S,Via Pavimentada
6785,57363,RUA RIBEIRAO DO PINHAL,Rua Ribeirão do Pinhal,R. Ribeirão do Pinhal,S,Via Pavimentada
6786,57371,RUA RIBEIRAO PRETO,Rua Ribeirão Preto,R. Ribeirão Preto,P,Via Parcialmente Pavimentada
6788,57380,RUA RIBEIRAO VERMELHO,Rua Ribeirão Vermelho,R. Ribeirão Vermelho,S,Via Pavimentada
6789,57398,RUA RIBEIRO DE BRITO,Rua Ribeiro de Brito,R. Ribeiro de Brito,S,Via Pavimentada
6792,57410,RUA RIBEIRO PESSOA,Rua Ribeiro Pessoa,R. Ribeiro Pessoa,S,Via Pavimentada
6795,57436,RUA RIBEIROPOLIS,Rua Ribeirópolis,R. Ribeiropolis,S,Via Pavimentada
6793,57428,RUA RIBEIRO ROMA,Rua Ribeiro Roma,R. Ribeiro Roma,P,Via Parcialmente Pavimentada
6796,57444,RUA RICARDO HARDMAN,Rua Ricardo Hardman,R. Ricardo Hardman,S,Via Pavimentada
6799,57452,RUA RICARDO SALAZAR,Rua Ricardo Salazar,R. Ricardo Salazar,S,Via Pavimentada
10964,113182,RUA RICARDO SAMICO,Rua Ricardo samico,R.Ricardo samico,N,Via Não Pavimentada
6801,57460,RUA RIFAINA,Rua Rifaina,R. Rifaina,N,Via Não Pavimentada
6804,57517,RUA RIO ACIMA,Rua Rio Acima,R. Rio Acima,S,Via Pavimentada
6805,57525,RUA RIO AMAZONAS,Rua Rio Amazonas,R. Rio Amazonas,S,Via Pavimentada
6807,57533,RUA RIO APA,Rua Rio Apá,R. Rio Apa,P,Via Parcialmente Pavimentada
6808,57541,RUA RIO ARAGUAIA,Rua Rio Araguáia,R. Rio Araguaia,S,Via Pavimentada
6810,57568,RUA RIO ARINOS,Rua Rio Arinos,R. Rio Arinos,S,Via Pavimentada
6811,57576,RUA RIO AZUL,Rua Rio Azul,R. Rio Azul,S,Via Pavimentada
9613,87530,RUA RIO BOM,Rua Rio Bom,R. Rio Bom,S,Via Pavimentada
6816,57622,RUA RIO BONITO,Rua Rio Bonito,R. Rio Bonito,N,Via Não Pavimentada
6227,51926,RUA RIO BOTAFOGO,Rua Rio Botafogo,R. Rio Botafogo,N,Via Não Pavimentada
6818,57649,RUA RIO BRANCO DO SUL,Rua Rio Branco do Sul,R. Rio Branco do Sul,S,Via Pavimentada
6819,57657,RUA RIO BRIGIDA,Rua Rio Brígida,R. Rio Brigida,S,Via Pavimentada
6820,57681,RUA RIO CANINDE,Rua Rio Canindé,R. Rio Caninde,S,Via Pavimentada
6821,57690,RUA RIO CAPIBARIBE,Rua Rio Capibaribe,R. Rio Capibaribe,P,Via Parcialmente Pavimentada
6822,57703,RUA RIO CAQUETA,Rua Rio Caqueta,R. Rio Caqueta,S,Via Pavimentada
6824,57720,RUA RIO CHUY,Rua Rio Chuy,R. Rio Chuy,P,Via Parcialmente Pavimentada
6825,57738,RUA RIO CLARO,Rua Rio Claro,R. Rio Claro,P,Via Parcialmente Pavimentada
8969,80390,RUA RIO COARI,Rua Rio Coari,R. Rio Coari,S,Via Pavimentada
6826,57754,RUA RIO COLORADO,Rua Rio Colorado,R. Rio Colorado,N,Via Não Pavimentada
6829,57770,RUA RIO CORRENTE,Rua Rio Corrente,R. Rio Corrente,N,Via Não Pavimentada
6830,57789,RUA RIO COTINGUIBA,Rua Rio Cotinguiba,R. Rio Cotinguiba,N,Via Não Pavimentada
9541,87327,RUA RIO CURIMATAU,Rua Rio Curimataú,R. Rio Curimatau,X,Não definida
8123,70602,RUA RIO DA BARRA,Rua Rio da Barra,R. Rio da Barra,S,Via Pavimentada
6903,58491,RUA RIO DA PRATA,Rua Rio da Prata,R. Rio da Prata,S,Via Pavimentada
6828,57762,RUA RIO DAS CONTAS,Rua Rio das Contas,R. Rio das Contas,S,Via Pavimentada
6838,57878,RUA RIO DAS FLORES,Rua Rio das Flores,R. Rio das Flores,N,Via Não Pavimentada
6895,58408,RUA RIO DAS PEDRAS,Rua Rio das Pedras,R. Rio das Pedras,S,Via Pavimentada
6907,58530,RUA RIO DE JANEIRO,Rua Rio de Janeiro,R. Rio de Janeiro,S,Via Pavimentada
6833,57819,RUA RIO DOCE,Rua Rio Doce,R. Rio Doce,S,Via Pavimentada
10487,101320,RUA RIO DOCE,Rua Rio Doce,R. Rio Doce,N,Via Não Pavimentada
9355,85260,RUA RIO DO OESTE,Rua Rio do Oeste,R. Rio do Oeste,P,Via Parcialmente Pavimentada
6823,57711,RUA RIO DOS CEDROS,Rua Rio dos Cedros,R. Rio Dos Cedros,N,Via Não Pavimentada
6835,57843,RUA RIO DOURO,Rua Rio Douro,R. Rio Douro,P,Via Parcialmente Pavimentada
6836,57851,RUA RIO ESPERA,Rua Rio Espera,R. Rio Espera,P,Via Parcialmente Pavimentada
9241,83704,RUA RIO ESPINHARAS,Rua Rio Espinharas,R. Rio Espinharas,X,Não definida
8118,70548,RUA RIO DAS FLORES,Rua Rio Flores,R. Rio Flores,N,Via Não Pavimentada
6839,57886,RUA RIO FORMOSO,Rua Rio Formoso,R. Rio Formoso,S,Via Pavimentada
6841,57908,RUA RIO GRAMAME,Rua Rio Gramame,R. Rio Gramame,S,Via Pavimentada
6843,57924,RUA RIO GRANDE DO NORTE,Rua Rio Grande do Norte,R. Rio Grande do Norte,N,Via Não Pavimentada
6845,57932,RUA RIO GRANDE DO SUL,Rua Rio Grande do Sul,R. Rio Grande do Sul,S,Via Pavimentada
6846,57940,RUA RIOGRANDINA,Rua Riograndina,R. Riograndina,S,Via Pavimentada
6847,57959,RUA RIO GUAIBA,Rua Rio Guaíba,R. Rio Guaiba,S,Via Pavimentada
6848,57967,RUA RIO GUAIRA,Rua Rio Guaíra,R. Rio Guaira,S,Via Pavimentada
6849,57975,RUA RIO GUAJU,Rua Rio Guaju,R. Rio Guaju,S,Via Pavimentada
11393,118877,RUA RIO GUAPORE,Rua Rio Guapore,R. Rio Guapore,N,Via Não Pavimentada
6851,57991,RUA RIO GUAPORE,Rua Rio Guaporé,R. Rio Guapore,S,Via Pavimentada
6852,58009,RUA RIO GURUPI,Rua Rio Gurupi,R. Rio Gurupi,N,Via Não Pavimentada
6853,58017,RUA RIO ICA,Rua Rio Içá,R. Rio Ica,S,Via Pavimentada
6854,58025,RUA RIO IGARAPE,Rua Rio Igarapé,R. Rio Igarape,X,Não definida
222,58033,RUA RIO IGUACU,Rua Rio Iguaçu,R. Rio Iguacu,N,Via Não Pavimentada
6855,58041,RUA RIO INDAIA,Rua Rio Indaia,R. Rio Indaia,S,Via Pavimentada
6856,58050,RUA RIO IPOJUCA,Rua Rio Ipojuca,R. Rio Ipojuca,N,Via Não Pavimentada
6857,58068,RUA RIO ITORORO,Rua Rio Itororó,R. Rio Itororo,S,Via Pavimentada
6858,58084,RUA RIO IVO,Rua Rio Ivo,R. Rio Ivo,P,Via Parcialmente Pavimentada
6861,58106,RUA RIO JACUIPE,Rua Rio Jacuípe,R. Rio Jacuipe,N,Via Não Pavimentada
6862,58114,RUA RIO JAMARI,Rua Rio Jamari,R. Rio Jamari,S,Via Pavimentada
6863,58122,RUA RIO JAMUNDA,Rua Rio Jamunda,R. Rio Jamunda,N,Via Não Pavimentada
6864,58130,RUA RIO JARATUBA,Rua Rio Jaratuba,R. Rio Jaratuba,N,Via Não Pavimentada
6865,58149,RUA RIO JARI,Rua Rio Jari,R. Rio Jari,N,Via Não Pavimentada
6866,58157,RUA RIO JAVARI,Rua Rio Javari,R. Rio Javari,P,Via Parcialmente Pavimentada
6868,58173,RUA RIO JORDAO,Rua Rio Jordão,Rua Rio Jordão,N,Via Não Pavimentada
10635,109720,RUA JORDAO-RIO,Rua Rio Jordão,R.Rio  Jordão,N,Via Não Pavimentada
6869,58181,RUA JURUA,Rua Rio Juruá,R. Rio Juruá,N,Via Não Pavimentada
6870,58190,RUA RIO JURUENA,Rua Rio Juruena,R. Rio Juruena,S,Via Pavimentada
8838,78808,RUA RIOLANDIA,Rua Riolandia,R. Riolandia,N,Via Não Pavimentada
6871,58203,RUA RIOLANDIA,Rua Riolândia,R. Riolandia,S,Via Pavimentada
4044,31968,RUA RIO MADEIRA,Rua Rio Madeira,R. Rio Madeira,S,Via Pavimentada
6873,58220,RUA RIO MADEIRA,Rua Rio Madeira,R. Rio Madeira,N,Via Não Pavimentada
6874,58238,RUA RIO MAJU,Rua Rio Majú,R. Rio Maju,S,Via Pavimentada
6875,58246,RUA RIO MARANHAO,Rua Rio Maranhão,R. Rio Maranhao,N,Via Não Pavimentada
10697,112003,RUA MORNO-RIO,Rua Rio Morno,R.Rio Morno,N,Via Não Pavimentada
11445,119415,RUA MOXOTO-RIO,Rua Rio Moxoto,R. Rio Moxoto,N,Via Não Pavimentada
6880,58270,RUA RIO NEGRO,Rua Rio Negro,R. Rio Negro,S,Via Pavimentada
8381,73504,RUA RIO NILO,Rua Rio Nilo,R. Rio Nilo,N,Via Não Pavimentada
6881,58289,RUA RIO NOVO,Rua Rio Novo,R. Rio Novo,S,Via Pavimentada
6883,58297,RUA RIO NOVO DO SUL,Rua Rio Novo do Sul,R. Rio Novo do Sul,S,Via Pavimentada
6884,58300,RUA RIO OCEANICO,Rua Rio Oceânico,R. Rio Oceanico,N,Via Não Pavimentada
8122,70599,RUA RIO OESTE,Rua Rio Oeste,R. Rio Oeste,X,Não definida
6886,58319,RUA RIO OIAPOQUE,Rua Rio Oiapoque,R. Rio Oiapoque,N,Via Não Pavimentada
6887,58327,RUA RIO PADUARI,Rua Rio Paduari,R. Rio Paduari,N,Via Não Pavimentada
6888,58335,RUA RIO PAJEU,Rua Rio Pajeú,R. Rio Pajeu,S,Via Pavimentada
6889,58343,RUA RIO PARACATU,Rua Rio Paracatu,R. Rio Paracatu,S,Via Pavimentada
6890,58351,RUA RIO PARAGUACU,Rua Rio Paraguacu,R. Rio Paraguacu,N,Via Não Pavimentada
6891,58360,RUA RIO PARANA,Rua Rio Paraná,R. Rio Parana,P,Via Parcialmente Pavimentada
6892,58378,RUA RIO PARANAIBA,Rua Rio Paranaíba,R. Rio Paranaiba,S,Via Pavimentada
475,59072,RUA PARATIBE-RIO,Rua Rio Paratibe,R. Rio Paratibe,N,Via Não Pavimentada
6893,58386,RUA RIO PARDO,Rua Rio Pardo,R. Rio Pardo,P,Via Parcialmente Pavimentada
6894,58394,RUA RIO PARNAIBA,Rua Rio Parnaiba,R. Rio Parnaiba,S,Via Pavimentada
6896,58424,RUA RIO PIAUI,Rua Rio Piaui,R. Rio Piaui,N,Via Não Pavimentada
6897,58432,RUA RIO PINDARE,Rua Rio Pindaré,R. Rio Pindaré,S,Via Pavimentada
6899,58440,RUA RIO PIRACICABA,Rua Rio Piracicaba,R. Rio Piracicaba,P,Via Parcialmente Pavimentada
841,58467,RUA RIO POTI,Rua Rio Poti,R. Rio Poti,S,Via Pavimentada
6902,58483,RUA RIO PRADO,Rua Rio Prado,R. Rio Prado,P,Via Parcialmente Pavimentada
6904,58505,RUA RIO PRETO,Rua Rio Preto,R. Rio Preto,S,Via Pavimentada
6905,58513,RUA RIO PURUS,Rua Rio Purus,R. Rio Purus,N,Via Não Pavimentada
6906,58521,RUA RIO REAL,Rua Rio Real,R. Rio Real,S,Via Pavimentada
6909,58548,RUA RIO RUFINO,Rua Rio Rufino,R. Rio Rufino,S,Via Pavimentada
6911,58556,RUA RIO SANHAUA,Rua Rio Sanhauá,R. Rio Sanhaua,S,Via Pavimentada
6913,58572,RUA RIO SOLIMOES,Rua Rio Solimões,R. Rio Solimoes,S,Via Pavimentada
6914,58580,RUA RIO SUL,Rua Rio Sul,R. Rio Sul,S,Via Pavimentada
6915,58599,RUA RIO TAPADO,Rua Rio Tapado,R. Rio Tapado,P,Via Parcialmente Pavimentada
6878,58602,RUA RIO TAPAJOS,Rua Rio Tapajós,R. Rio Tapajos,S,Via Pavimentada
6898,58610,RUA RIO TAQUARI,Rua Rio Taquari,R. Rio Taquari,N,Via Não Pavimentada
6916,58629,RUA RIO TEFE,Rua Rio Tefe,R. Rio Tefe,S,Via Pavimentada
6917,58637,RUA RIO TEJIPIO,Rua Rio Tejipio,R. Rio Tejipio,P,Via Parcialmente Pavimentada
6919,58653,RUA RIO TINTO,Rua Rio Tinto,R. Rio Tinto,P,Via Parcialmente Pavimentada
6921,58661,RUA RIO TOCANTINS,Rua Rio Tocantins,R. Rio Tocantins,S,Via Pavimentada
6922,58670,RUA RIO TURIACU,Rua Rio Turiaçu,R. Rio Turiaçu,S,Via Pavimentada
6923,58688,RUA RIO UNA,Rua Rio Una,R. Rio Una,N,Via Não Pavimentada
11413,119067,RUA RIO UNA,Rua Rio Una,R. Rio Una,N,Via Não Pavimentada
6924,58696,RUA RIO URUGUAI,Rua Rio Uruguai,R. Rio Uruguai,N,Via Não Pavimentada
6925,58700,RUA RIO URUPES,Rua Rio Urupes,R. Rio Urupes,N,Via Não Pavimentada
6927,58726,RUA RIO VERMELHO,Rua Rio Vermelho,R. Rio Vermelho,S,Via Pavimentada
6928,58734,RUA RIO XINGU,Rua Rio Xingu,R. Rio Xingu,S,Via Pavimentada
10012,92851,RUA RITA ALVES GOMES,Rua Rita Alves Gomes,R. Rita Alves Gomes,N,Via Não Pavimentada
6933,58777,RUA RITA ANTONIO FELIX,Rua Rita Antônio Felix,R. Rita Antônio Felix,S,Via Pavimentada
7050,59846,RUA RITAPOLIS,Rua Ritápolis,R. Ritapolis,S,Via Pavimentada
6934,58793,RUA RIVADAVIA GUERRA,Rua Rivadávia Guerra,R. Rivadavia Guerra,S,Via Pavimentada
6937,58815,RUA RIVERLANDIA,Rua Riverlandia,R. Riverlandia,S,Via Pavimentada
8820,78611,RUA ROBALO,Rua Robalo,Rua Robalo,S,Via Pavimentada
7539,63975,RUA ROBERTO EUGENIO MACAS,Rua Roberto Eugênio Macas,R. Roberto Eugenio Macas,S,Via Pavimentada
6942,58840,RUA ROCA SALES,Rua Roca Sales,R. Roca Sales,S,Via Pavimentada
6943,58858,RUA ROCHA PITA,Rua Rocha Pita,R. Rocha Pita,S,Via Pavimentada
6944,58866,RUA ROCHA POMBO,Rua Rocha Pombo,R. Rocha Pombo,P,Via Parcialmente Pavimentada
449,24694,RUA ROCHEDO,Rua Rochedo,R. Rochedo,X,Não definida
2259,15563,RUA RODEIO,Rua Rodeio,R. Rodeio,N,Via Não Pavimentada
6947,58912,RUA RODOLFO DE ARAUJO JUNIOR,Rua Rodolfo de Araujo Júnior,R. Rodolfo de Araujo Junior,X,Não definida
6949,58939,RUA RODOLFO DE HOLANDA,Rua Rodolfo de Holanda,R. Rodolfo de Holanda,S,Via Pavimentada
22,58947,RUA RODOLFO RANGEL MOREIRA,Rua Rodolfo Rangel Moreira,R. Rodolfo Rangel Moreira,S,Via Pavimentada
6951,58963,RUA RODRIGO COSTA,Rua Rodrigo Costa,R. Rodrigo Costa,N,Via Não Pavimentada
6950,58955,RUA RODRIGO DELAMARE,Rua Rodrigo Delamare,R. Rodrigo Delamare,S,Via Pavimentada
6952,58971,RUA RODRIGO OTAVIO FILHO,Rua Rodrigo Otávio Filho,R. Rodrigo Otavio Filho,S,Via Pavimentada
6955,58998,RUA RODRIGUES ALVES,Rua Rodrigues Alves,R. Rodrigues Alves,P,Via Parcialmente Pavimentada
6960,59030,RUA RODRIGUES DE MENDONCA,Rua Rodrigues de Mendonça,R. Rodrigues de Mendonca,S,Via Pavimentada
6957,59013,RUA RODRIGUES FERREIRA,Rua Rodrigues Ferreira,R. Rodrigues Ferreira,S,Via Pavimentada
6961,59048,RUA RODRIGUES SETE,Rua Rodrigues Sete,R. Rodrigues Sete,S,Via Pavimentada
6963,59064,RUA ROLANDIA,Rua Rolândia,R. Rolandia,S,Via Pavimentada
6967,59099,RUA ROMELANDIA,Rua Romelândia,R. Romelandia,X,Não definida
8876,79359,RUA ROMEU BEZERRA PONTES,Rua Romeu Bezerra Pontes,R. Romeu Bezerra Pontes,N,Via Não Pavimentada
8051,69833,RUA ROMEU GOMES,Rua Romeu Gomes,R. Romeu Gomes,X,Não definida
6970,59129,RUA ROMEU WANDERLEI,Rua Romeu Wanderley,R. Romeu Wanderley,S,Via Pavimentada
2645,18899,RUA ROMILDO JOSE FERREIRA GOMES,Rua Romildo José Ferreira Gomes,R. Romildo José Ferreira Gomes,N,Via Não Pavimentada
1260,6483,RUA ROMUALDO GAMBOA,Rua Romualdo Gamboa,R. Romualdo Gamboa,S,Via Pavimentada
901,3166,RUA ROMULO DA FONSECA GOMES,Rua Rômulo da Fonseca Gomes,R. Romulo da Fonseca Gomes,P,Via Parcialmente Pavimentada
6972,59145,RUA ROMULO PESSOA,Rua Rômulo Pessoa,R. Romulo Pessoa,P,Via Parcialmente Pavimentada
6977,59170,RUA RONDONIA,Rua Rondônia,R. Rondonia,S,Via Pavimentada
9237,83666,RUA RONDONOPOLIS,Rua Rondonopolis,R. Rondonopolis,N,Via Não Pavimentada
6318,52736,RUA ROQUE PAES BARRETO,Rua Roque Paes Barreto,R. Roque Paes Barreto,S,Via Pavimentada
6981,59218,RUA RORAIMA,Rua Roraima,R. Roraima,S,Via Pavimentada
6992,59331,RUA ROSA BORGES,Rua Rosa Borges,R. Rosa Borges,N,Via Não Pavimentada
6993,59340,RUA ROSA CANDIDA,Rua Rosa Cândida,R. Rosa Candida,S,Via Pavimentada
7490,63509,RUA ROSA CLARA,Rua Rosa Clara,R. Rosa Clara,P,Via Parcialmente Pavimentada
1736,10677,RUA ROSAL,Rua Rosal,R. Rosal,N,Via Não Pavimentada
6984,59269,RUA ROSALANDIA,Rua Rosalândia,R. Rosalandia,S,Via Pavimentada
7004,59390,RUA ROSALIA CISNEIROS,Rua Rosalia Cisneiros,R. Rosalia Cisneiros,S,Via Pavimentada
7474,63347,RUA ROSALINA DE BARROS PORTELA,Rua Rosalina de Barros Portela,R. Rosalina de Barros Portela,S,Via Pavimentada
6985,59277,RUA ROSALINDA,Rua Rosalinda,R. Rosalinda,X,Não definida
6997,59374,RUA ROSA MAGALHAES,Rua Rosa Magalhães,R. Rosa Magalhães,S,Via Pavimentada
305,121711,RUA ROSA MESQUITA,Rua Rosa Mesquita,R. Rosa Mesquita,S,Via Pavimentada
7006,59412,RUA ROSARIO DA BOA VISTA,Rua Rosário da Boa Vista,R. Rosario da Boa Vista,S,Via Pavimentada
6987,59293,RUA ROSARIO DE MINAS,Rua Rosário de Minas,R. Rosario de Minas,S,Via Pavimentada
9737,89150,RUA ROSARIO DO CATETE,Rua Rosário do Catete,R. Rosario do Catete,N,Via Não Pavimentada
7008,59439,RUA ROSARIO DO OESTE,Rua Rosário do Oeste,R. Rosário do Oeste,P,Via Parcialmente Pavimentada
8443,74209,RUA ROSA SARON,Rua Rosa Saron,R. Rosa Saron,X,Não definida
9585,100056,RUA ROSA SELVAGEM,Rua Rosa Selvagem,R. Rosa Selvagem,N,Via Não Pavimentada
2049,13285,RUA ROSELANDIA,Rua Roselândia,R. Roselandia,X,Não definida
7010,59447,RUA ROSINA BAZANTE,Rua Rosina Bazante,R. Rosina Bazante,S,Via Pavimentada
3656,28355,RUA ROTEIRO,Rua Roteiro,R. Roteiro,N,Via Não Pavimentada
10132,95281,RUA ROUXINOL,Rua Rouxinol,R. Rouxinol,S,Via Pavimentada
10548,107220,RUA ROUXINOL,Rua Rouxinol,R. Rouxinol,X,Não definida
7013,59498,RUA RUBEM BERARDO,Rua Rubem Berardo,R. Rubem Berardo,N,Via Não Pavimentada
7014,59501,RUA RUBEM BERTA,Rua Rubem Berta,R. Rubem Berta,N,Via Não Pavimentada
9662,87998,RUA RUBI,Rua Rubi,R. Rubi,P,Via Parcialmente Pavimentada
11807,137952,RUA RUBI,Rua Rubi,R. Rubi,N,Via Não Pavimentada
7017,59536,RUA RUBIACEA,Rua Rubiácea,R. Rubiacea,P,Via Parcialmente Pavimentada
7018,59544,RUA RUBIATABA,Rua Rubiataba,R. Rubiataba,S,Via Pavimentada
7020,59560,RUA RUBIM,Rua Rubim,R. Rubim,N,Via Não Pavimentada
7019,59552,RUA RUBINEIA,Rua Rubinéia,R. Rubineia,S,Via Pavimentada
7022,59587,RUA RUFINO MANOEL CAETANO,Rua Rufino Manoel Caetano,R. Rufino Manoel Caetano,X,Não definida
7026,59617,RUA RUI CALACA,Rua Rui Calaca,R. Rui Calaca,S,Via Pavimentada
7027,59625,RUA RUI DUARTE,Rua Rui Duarte,R. Rui Duarte,S,Via Pavimentada
6192,51551,RUA RUI FRAZAO,Rua Rui Frazão,R. Rui Frazao,S,Via Pavimentada
5477,45144,RUA RUI FRAZAO SOARES,Rua Rui Frazão Soares,R. Rui Frazao Soares,S,Via Pavimentada
7029,59641,RUA RUILANDIA,Rua Ruilândia,R. Ruilandia,S,Via Pavimentada
7031,59650,RUA RUTE MOURA,Rua Rute Moura,R. Rute Moura,S,Via Pavimentada
6368,53198,RUA SABARA,Rua Sabara,R. Sabara,S,Via Pavimentada
6369,53201,RUA SABAUNA,Rua Sabaúna,R. Sabauna,S,Via Pavimentada
5659,46779,RUA SABIA,Rua Sabiá,R. Sabia,N,Via Não Pavimentada
9073,81655,RUA SABIA,Rua Sabiá,R. Sabia,N,Via Não Pavimentada
10744,110345,RUA SABIA,Rua Sabiá,R. Sabiá,N,Via Não Pavimentada
6372,53236,RUA SABINO CAMPOS,Rua Sabino Campos,R. Sabino Campos,S,Via Pavimentada
2834,20575,RUA SABINO DE SOUZA CASTRO,Rua Sabino de Souza Castro,R. Sabino de Souza Castro,S,Via Pavimentada
6371,53228,RUA SABINOPOLIS,Rua Sabinópolis,R. Sabinopolis,S,Via Pavimentada
1833,11452,RUA SABOA,Rua Saboa,R. Saboa,S,Via Pavimentada
6599,55271,RUA SABU,Rua Sabu,R. Sabu,X,Não definida
6377,53279,RUA SACADURA CABRAL,Rua Sacadura Cabral,R. Sacadura Cabral,N,Via Não Pavimentada
6375,53260,RUA SACAMBU,Rua Sacambu,R. Sacambu,P,Via Parcialmente Pavimentada
213,53317,RUA SA E SOUZA,Rua Sá e Souza,R. Sa e Souza,P,Via Parcialmente Pavimentada
214,53325,RUA SAFIRA,Rua Safira,R. Safira,S,Via Pavimentada
9661,87980,RUA SAFIRA,Rua Safira,R. Safira,P,Via Parcialmente Pavimentada
215,53333,RUA SAGRADA FAMILIA,Rua Sagrada Familia,R. Sagrada Familia,S,Via Pavimentada
217,53341,RUA SAGRES,Rua Sagres,R. Sagres,S,Via Pavimentada
218,53350,RUA SAIRE,Rua Saire,R. Saire,N,Via Não Pavimentada
219,53368,RUA SALAMANDRA,Rua Salamandra,R. Salamandra,X,Não definida
6382,53384,RUA SALDANHA,Rua Saldanha,R. Saldanha,X,Não definida
6385,53414,RUA DO SA LEITAO,Rua Sá Leitão,R. do Sa Leitao,X,Não definida
6386,53422,RUA SALEMA,Rua Salema,R. Salema,N,Via Não Pavimentada
6388,53449,RUA SALESOPOLIS,Rua Salesópolis,R. Salesopolis,S,Via Pavimentada
6389,53457,RUA SALETE,Rua Salete,R. Salete,S,Via Pavimentada
6390,53465,RUA SALGADO,Rua Salgado,R. Salgado,S,Via Pavimentada
6393,53490,RUA SALGUEIRO,Rua Salgueiro,R. Salgueiro,S,Via Pavimentada
9326,84670,RUA SALINOPOLIS,Rua Salinópolis,R. Salinopolis,N,Via Não Pavimentada
6395,53520,RUA SALMAO,Rua Salmão,R. Salmao,S,Via Pavimentada
11011,113867,RUA SALUTARES,Rua salutares,R. Salutares,P,Via Parcialmente Pavimentada
6400,53562,RUA SALVADOR DE SA,Rua Salvador de Sá,R. Salvador de Sa,S,Via Pavimentada
6403,53570,RUA SALVADOR VITAL,Rua Salvador Vital,R. Salvador Vital,P,Via Parcialmente Pavimentada
6404,53589,RUA SALVATERRA,Rua Salvaterra,R. Salvaterra,S,Via Pavimentada
6405,53597,RUA SAMAMBAIA,Rua Samambaia,R. Samambaia,S,Via Pavimentada
8396,73679,RUA SAMARIA,Rua Samaria,R. Samaria,N,Via Não Pavimentada
8489,84980,RUA SAMBA EM PRELUDIO,Rua Samba em Prelúdio,R. Samba Em Preludio,S,Via Pavimentada
7881,67652,RUA SAMPAIO,Rua Sampaio,R. Sampaio,N,Via Não Pavimentada
6410,53635,RUA SAMUEL CAMPELO,Rua Samuel Campelo,R. Samuel Campelo,S,Via Pavimentada
6414,53651,RUA SAMUEL FARIAS,Rua Samuel Farias,R. Samuel Farias,S,Via Pavimentada
6418,53686,RUA SAMUEL MARTINS,Rua Samuel Martins,R. Samuel Martins,P,Via Parcialmente Pavimentada
212,53694,RUA SAMUEL MORSE,Rua Samuel Morse,R. Samuel Morse,N,Via Não Pavimentada
6419,53708,RUA SAMUEL PINTO,Rua Samuel Pinto,R. Samuel Pinto,S,Via Pavimentada
6420,53716,RUA SANANDUVA,Rua Sananduva,R. Sananduva,S,Via Pavimentada
6423,53732,RUA SANDALO,Rua Sândalo,R. Sandalo,S,Via Pavimentada
7874,67571,RUA SANDOLANDIA,Rua Sandolândia,R. Sandolandia,N,Via Não Pavimentada
6424,53740,RUA SANDOVAL BEZERRA,Rua Sandoval Bezerra,R. Sandoval Bezerra,S,Via Pavimentada
6425,53759,RUA SANDOVALIA,Rua Sandovália,R. Sandovalia,S,Via Pavimentada
10021,93114,RUA SANFONEIRO LUIZ GONZAGA,Rua Sanfoneiro Luiz Gonzaga,R. Sanfoneiro Luiz Gonzaga,N,Via Não Pavimentada
4216,109525,RUA SANHACO,Rua Sanhacó,R. Sanhacó,N,Via Não Pavimentada
6426,53767,RUA SANHARO,Rua Sanharó,R. Sanharo,P,Via Parcialmente Pavimentada
6431,53783,RUA SANSAO RIBEIRO,Rua Sansão Ribeiro,R. Sansão Ribeiro,S,Via Pavimentada
611,760,RUA SANTA ADELIA,Rua Santa Adélia,R. Santa Adelia,S,Via Pavimentada
670,1163,RUA SANTA AGDA,Rua Santa Ágda,R. Santa Agda,P,Via Parcialmente Pavimentada
685,1295,RUA SANTA AGRIPINA,Rua Santa Agripina,R. Santa Agripina,S,Via Pavimentada
3361,25585,RUA SANTA ANA,Rua Santa Ana,R. Santa Ana,N,Via Não Pavimentada
1654,9857,RUA SANTA BARBARA,Rua Santa Bárbara,R. Santa Bárbara,S,Via Pavimentada
9963,91960,RUA SANTA BARBARA,Rua Santa Bárbara,R. Santa Barbara,P,Via Parcialmente Pavimentada
1970,12505,RUA SANTA BRIGIDA,Rua Santa Brígida,R. Santa Brigida,S,Via Pavimentada
2276,15717,RUA SANTA CATARINA,Rua Santa Catarina,R. Santa Catarina,S,Via Pavimentada
2316,15946,RUA SANTA CECILIA,Rua Santa Cecília,R. Santa Cecilia,S,Via Pavimentada
4670,38091,RUA SANTA CICERA,Rua Santa Cícera,R. Santa Cicera,N,Via Não Pavimentada
2329,16128,RUA SANTA CLARA,Rua Santa Clara,R. Santa Clara,S,Via Pavimentada
7419,63584,RUA SANTA CLARA,Rua Santa Clara,R. Santa Clara,S,Via Pavimentada
9633,87700,RUA SANTA CLARA DO SUL,Rua Santa Clara do Sul,R. Santa Clara do Sul,S,Via Pavimentada
6434,53813,RUA SANTA CRUZ DO CAPIBARIBE,Rua Santa Cruz do Capibaribe,R. Santa Cruz do Capibaribe,N,Via Não Pavimentada
1866,11940,RUA SANTA CRUZ DO DESERTO,Rua Santa Cruz do Deserto,R. Santa Cruz do Deserto,N,Via Não Pavimentada
2803,20290,RUA SANTA DOROTEIA,Rua Santa Doroteia,R. Santa Doroteia,N,Via Não Pavimentada
2880,20990,RUA SANTA EDWIRGES,Rua Santa Edwirges,R. Santa Edwirges,P,Via Parcialmente Pavimentada
2883,21008,RUA SANTA EFIGENIA,Rua Santa Efigênia,R. Santa Efigenia,S,Via Pavimentada
3117,23205,RUA SANTA EULALIA,Rua Santa Eulália,R. Santa Eulalia,S,Via Pavimentada
11018,113930,RUA SANTA FE,Rua Santa Fé,Rua Santa Fé,S,Via Pavimentada
3254,24481,RUA SANTA FILOMENA,Rua Santa Filomena,R. Santa Filomena,N,Via Não Pavimentada
3468,26522,RUA SANTA GERTRUDES,Rua Santa Gertrudes,R. Santa Gertrudes,S,Via Pavimentada
3910,30570,RUA SANTA HELENA,Rua Santa Helena,R. Santa Helena,P,Via Parcialmente Pavimentada
3694,28592,RUA SANTA HELENA,Rua Santa Helena,R. Santa Helena,P,Via Parcialmente Pavimentada
4028,31828,RUA SANTA IZABEL,Rua Santa Izabel,R. Santa Izabel,S,Via Pavimentada
2638,18821,RUA SANTA JOANA,Rua Santa Joana,R. Santa Joana,S,Via Pavimentada
11233,116866,RUA SANTA JOANA,Rua Santa Joana,R. Santa Joana,X,Não definida
4174,33227,RUA SANTA JOANA D'ARC,Rua Santa Joana D'Arc,R. Santa Joana D'Arc,P,Via Parcialmente Pavimentada
4775,38636,RUA SANTA LEONOR,Rua Santa Leonor,R. Santa Leonor,S,Via Pavimentada
4779,38660,RUA SANTA LEOPOLDINA,Rua Santa Leopoldina,R. Santa Leopoldina,P,Via Parcialmente Pavimentada
4859,39560,RUA SANTA LUCIA,Rua Santa Lúcia,R. Santa Lucia,P,Via Parcialmente Pavimentada
4716,38083,RUA SANTA LUCIA,Rua Santa Lúcia,R. Santa Lucia,N,Via Não Pavimentada
3426,26131,RUA SANTA LUCIA,Rua Santa Lúcia,R. Santa Lucia,N,Via Não Pavimentada
6437,53848,RUA SANTALUZ,Rua Santaluz,R. Santaluz,X,Não definida
4960,40312,RUA SANTA LUZIA,Rua Santa Luzia,R. Santa Luzia,S,Via Pavimentada
7499,63606,RUA SANTA LUZIA,Rua Santa Luzia,R. Santa Luzia,S,Via Pavimentada
5174,42323,RUA SANTA MARGARIDA,Rua Santa Margarida,R. Santa Margarida,N,Via Não Pavimentada
2042,13218,RUA SANTA MARIA,Rua Santa Maria,R. Santa Maria,S,Via Pavimentada
5175,42331,RUA SANTA MARIA,Rua Santa Maria,R. Santa Maria,S,Via Pavimentada
2000,12831,RUA SANTA MARIA GORETTI,Rua Santa Maria Goretti,R. Santa Maria Goretti,S,Via Pavimentada
6439,53864,RUA SANTA MARIA MADALENA,Rua Santa Maria Madalena,R. Santa Maria Madalena,S,Via Pavimentada
5360,44091,RUA SANTA MERCEDES,Rua Santa Mercedes,R. Santa Mercedes,P,Via Parcialmente Pavimentada
3451,26360,RUA SANTA MONICA,Rua Santa Monica,R. Santa Monica,N,Via Não Pavimentada
5453,44890,RUA SANTA MONICA,Rua Santa Mônica,R. Santa Monica,P,Via Parcialmente Pavimentada
8331,72958,RUA SANTANA,Rua Santana,R. Santana,S,Via Pavimentada
6441,53880,RUA SANTANA DE ARAUJO,Rua Santana de Araujo,R. Santana de Araujo,N,Via Não Pavimentada
6443,53899,RUA SANTANA DE CASTRO,Rua Santana de Castro,R. Santana de Castro,S,Via Pavimentada
8670,76732,RUA SANTANA DE MANGUEIRA,Rua Santana de Mangueira,R. Santana de Mangueira,N,Via Não Pavimentada
8313,72745,RUA SANTANA DO IPANEMA,Rua Santana do Ipanema,R. Santana do Ipanema,P,Via Parcialmente Pavimentada
6444,53902,RUA SANTANESIA,Rua Santanésia,R. Santanésia,N,Via Não Pavimentada
6440,53872,RUA SANT'ANNA,Rua  Sant'Anna,R. Sant'Anna,S,Via Pavimentada
6445,53910,RUA SANTANOPOLIS,Rua Santanópolis,R. Santanopolis,N,Via Não Pavimentada
8016,69469,RUA SANTA PAULA,Rua Santa Paula,R. Santa Paula,N,Via Não Pavimentada
6364,53147,RUA SANTA QUITERIA,Rua Santa Quitéria,R. Santa Quiteria,X,Não definida
2305,16063,RUA SANTA RITA,Rua Santa Rita,R. Santa Rita,S,Via Pavimentada
6983,59242,RUA SANTA ROSA,Rua Santa Rosa,R. Santa Rosa,S,Via Pavimentada
10232,97063,RUA SANTA ROSA,Rua Santa Rosa,R. Sta Rosa,S,Via Pavimentada
6996,59366,RUA SANTA ROSA DE LIMA,Rua Santa Rosa de Lima,R. Santa Rosa de Lima,N,Via Não Pavimentada
6613,55417,RUA SANTA SILVANA,Rua Santa Silvana,R. Santa Silvana,S,Via Pavimentada
7148,60674,RUA SANTA TEREZA,Rua Santa Tereza,R. Santa Tereza,S,Via Pavimentada
6184,51470,RUA SANTA TEREZINHA,Rua Santa Terezinha,R. Santa Terezinha,N,Via Não Pavimentada
8530,74934,RUA SANTA VITORIA,Rua Santa Vitória,R. Santa Vitoria,P,Via Parcialmente Pavimentada
7976,68810,RUA SANTA VITORIA,Rua Santa Vitória,R. Santa Vitoria,N,Via Não Pavimentada
6448,53945,RUA SANTELMO,Rua Santelmo,R. Santelmo,S,Via Pavimentada
3945,30937,RUA SANTIAGO,Rua Santiago,R. Santiago,N,Via Não Pavimentada
6449,53953,RUA SANTINAS,Rua Santinas,R. Santinas,S,Via Pavimentada
4821,39195,RUA SANTO AMARO,Rua Santo Amaro,R. Santo Amaro,S,Via Pavimentada
980,4030,RUA SANTO AMARO,Rua Santo Amaro,R. Santo Amaro,P,Via Parcialmente Pavimentada
1048,4685,RUA SANTO ANASTACIO,Rua Santo Anastácio,R. Santo Anastacio,S,Via Pavimentada
1063,4820,RUA SANTO ANDRE,Rua Santo André,R. Santo Andre,S,Via Pavimentada
1090,5061,RUA SANTO ANGELO,Rua Santo Ângelo,R. Santo Angelo,P,Via Parcialmente Pavimentada
9642,87815,RUA SANTO ANTONIO,Rua Santo Antônio,R. Santo Antônio,S,Via Pavimentada
8831,78735,RUA SANTO ANTONIO,Rua Santo Antônio,R. Santo Antônio,N,Via Não Pavimentada
10468,101052,RUA SANTO ANTONIO,Rua Santo Antônio,R. Santo Antônio,X,Não definida
1133,5410,RUA SANTO ANTONIO,Rua Santo Antônio,R. Santo Antônio,S,Via Pavimentada
7481,63436,RUA PADOPOLIS,Rua Santo Antônio,Rua  Santo Antônio,S,Via Pavimentada
11584,121681,RUA SANTO ANTONIO,Rua Santo Antônio,R. Santo Antônio,S,Via Pavimentada
8644,76350,RUA SANTO ANTONIO,Rua Santo Antônio,R. Santo Antônio,P,Via Parcialmente Pavimentada
11573,121592,RUA SANTO CRISTO,Rua Santo Cristo,R. Santo Cristo,X,Não definida
2596,18368,RUA SANTO CRISTO,Rua Santo Cristo,R. Santo Cristo,S,Via Pavimentada
2891,21075,RUA SANTO ELIAS,Rua Santo Elias,R. Santo Elias,S,Via Pavimentada
3073,22853,RUA SANTO ESTEVAO,Rua Santo Estevão,R. Santo Estevao,N,Via Não Pavimentada
1448,7986,RUA SANTO HELENO,Rua Santo Heleno,R. Santo Heleno,S,Via Pavimentada
8593,75736,RUA SANTO HILARIO,Rua Santo Hilário,R. Santo Hilario,X,Não definida
6451,53970,RUA SANTOS ARAUJO,Rua Santos Araújo,R. Santos Araujo,S,Via Pavimentada
2550,17906,RUA SANTOS COSME E DAMIAO,Rua Santos Cosme e Damião,R. Santos Cosme e Damiao,S,Via Pavimentada
6452,53988,RUA SANTOS LEITE,Rua Santos Leite,R. Santos Leite,S,Via Pavimentada
6458,54003,RUA SANTOS-MARINHO,Rua Santos-Marinho,R. Santos-Marinho,S,Via Pavimentada
6459,54011,RUA SANTOS MOREIRA,Rua Santos Moreira,R. Santos Moreira,S,Via Pavimentada
7362,62359,RUA SANTO URBANO,Rua Santo Urbano,R. Santo Urbano,N,Via Não Pavimentada
1660,9938,RUA SAO BARNABE,Rua São Barnabé,R. São Barnabe,S,Via Pavimentada
1774,10871,RUA SAO BENEDITO,Rua São Benedito,R. São Benedito,S,Via Pavimentada
7921,68039,RUA SAO BENTO,Rua São Bento,R. São Bento,S,Via Pavimentada
1793,10995,RUA SAO BENTO,Rua São Bento,R. São Bento,S,Via Pavimentada
9814,90174,RUA SAO BENTO DO NORTE,Rua São Bento do Norte,R. São Bento do Norte,P,Via Parcialmente Pavimentada
8588,75671,RUA SAO BENTO DO SUL,Rua São Bento do Sul,R. São Bento do Sul,X,Não definida
6461,54038,RUA SAO BENTO DO UNA,Rua São Bento do Una,R. São Bento do Una,S,Via Pavimentada
8895,79570,RUA SAO BERNARDO,Rua São Bernardo,R. São Bernardo,S,Via Pavimentada
11206,116580,RUA SãO BERNARDO,Rua São Bernardo,R. São Bernardo,N,Via Não Pavimentada
1946,12335,RUA SAO BRAZ,Rua São Braz,R. São Braz,S,Via Pavimentada
2029,13129,RUA SAO CAETANO,Rua São Caetano,R. São Caetano,S,Via Pavimentada
6462,54046,RUA SAO CARLOS,Rua São Carlos,R. São Carlos,S,Via Pavimentada
4833,39292,RUA SAO COSME E DAMIAO,Rua São Cosme e Damião,R. São Cosme e Damiao,N,Via Não Pavimentada
2597,18384,RUA SAO CRISTOVAO,Rua São Cristovão,R. São Cristovao,S,Via Pavimentada
675,1210,RUA SAO CRISTOVAO,Rua São Cristóvão,R. São Cristovao,S,Via Pavimentada
2785,20117,RUA SAO DOMINGOS,Rua São Domingos,R. São Domingos,N,Via Não Pavimentada
2796,20222,RUA SAO DOMINGOS SAVIO,Rua São Domingos Sávio,R. São Domingos Savio,S,Via Pavimentada
3196,23930,RUA SAO FELIX,Rua São Félix,R. São Felix,S,Via Pavimentada
3247,24392,RUA SAO FIDELIS,Rua São Fidelis,R. São Fidelis,S,Via Pavimentada
4757,39110,RUA SAO FRANCISCO,Rua São Francisco,R. São Francisco,S,Via Pavimentada
11062,114480,RUA SAO FRANCISCO,Rua São Francisco,R. São Francisco,X,Não definida
3304,25070,RUA SAO FRANCISCO,Rua São Francisco,R. São Francisco,S,Via Pavimentada
7529,63878,RUA SAO FRANCISCO DE ASSIS,Rua São Francisco de Assis,R. São Francisco de Assis,S,Via Pavimentada
3344,25402,RUA SAO FRANCISCO DE PAULA,Rua São Francisco de Paula,R. São Francisco de Paula,N,Via Não Pavimentada
3398,25895,RUA SAO GABRIEL,Rua São Gabriel,R. São Gabriel,N,Via Não Pavimentada
5955,49433,RUA SAO GENARIO,Rua São Genario,R. São Genario,N,Via Não Pavimentada
3455,26387,RUA SAO GERALDO,Rua São Geraldo,R. São Geraldo,S,Via Pavimentada
10465,101028,RUA SAO GERALDO,Rua São Geraldo,R. São Geraldo,X,Não definida
3522,27030,RUA SAO GONCALO,Rua São Gonçalo,R. São Goncalo,S,Via Pavimentada
2410,17019,RUA SAO GONCALO DO AMARANTE,Rua São Gonçalo do Amarante,R. São Goncalo do Amarante,S,Via Pavimentada
3543,27200,RUA SAO GOTARDO,Rua São Gotardo,R. São Gotardo,P,Via Parcialmente Pavimentada
4161,33022,RUA SAO JERONIMO,Rua São Jerônimo,R. São Jeronimo,S,Via Pavimentada
8626,76147,RUA SAO JOAO,Rua São João,R. São João,N,Via Não Pavimentada
11572,121584,RUA SAO JOAO,Rua São João,R. São João,X,Não definida
11235,116882,RUA SãO JOãO,Rua São João,R. São João,P,Via Parcialmente Pavimentada
3431,26182,RUA SAO JOAO,Rua São João,R. São João,N,Via Não Pavimentada
10783,110876,RUA SAO JOAO,Rua São João,R. São João,S,Via Pavimentada
4177,33278,RUA SAO JOAO,Rua São João,R. São João,S,Via Pavimentada
4199,33430,RUA SAO JOAO BATISTA,Rua São João Batista,R. São João Batista,S,Via Pavimentada
9479,86622,RUA SAO JOAO BEIRA RIO,Rua São João Beira Rio,R. São João Beira Rio,N,Via Não Pavimentada
8458,74365,RUA SAO JOAO DA LAGOA,Rua São João da Lagoa,R. São João da Lagoa,S,Via Pavimentada
8586,75647,RUA SAO JOAO DA LAGOA,Rua São João da Lagoa,R. São João da Lagoa,P,Via Parcialmente Pavimentada
3890,30406,RUA SAO JOAO EUDES,Rua São João Eudes,R. São João Eudes,S,Via Pavimentada
556,264,RUA SAO JOAO I,Rua São João I,R. São João I,S,Via Pavimentada
11203,116556,RUA SãO JOAQUIM,Rua São Joaquim,R. São Joaquim,N,Via Não Pavimentada
4344,34711,RUA SAO JOAQUIM DO MONTE,Rua São Joaquim do Monte,R. São Joaquim do Monte,S,Via Pavimentada
11563,121495,RUA SAO JORGE,Rua Sao Jorge,R. Sao Jorge,S,Via Pavimentada
694,1376,RUA SAO JORGE,Rua São Jorge,R. São Jorge,P,Via Parcialmente Pavimentada
8177,71226,RUA SAO JOSE,Rua São José,R. São José,S,Via Pavimentada
4823,39217,RUA SAO JOSE,Rua São José,R. São José,S,Via Pavimentada
380,91138,RUA SAO JOSE,Rua São José,R. São José,P,Via Parcialmente Pavimentada
10443,101001,RUA SAO JOSE,Rua São José,R. São José,N,Via Não Pavimentada
8653,76457,RUA SAO JOSE,Rua São José,R. São José,N,Via Não Pavimentada
4397,35149,RUA SAO JOSE,Rua São José,R. São José,S,Via Pavimentada
4439,35645,RUA SAO JOSE DA COROA GRANDE,Rua São José da Coroa Grande,R. São José da Coroa Grande,S,Via Pavimentada
4488,36080,RUA SAO JOSE DA LAJE,Rua São José da Laje,R. São José da Laje,S,Via Pavimentada
3679,35408,RUA SAO JOSE DO BELMONTE,Rua São José do Belmonte,R. São José do Belmonte,N,Via Não Pavimentada
4452,35785,RUA SAO JOSE DO EGITO,Rua São José do Egito,R. São José do Egito,S,Via Pavimentada
4545,36595,RUA SAO JOSE DO RIBAMAR,Rua São José do Ribamar,R. São José do Ribamar,S,Via Pavimentada
4602,37095,RUA SAO JUDAS TADEU,Rua São Judas Tadeu,R. São Judas Tadeu,P,Via Parcialmente Pavimentada
7985,68900,RUA SAO LAZARO,Rua São Lázaro,R. São Lazaro,N,Via Não Pavimentada
4848,39438,RUA SAO LOURENCO,Rua São Lourenço,R. São Lourenco,S,Via Pavimentada
10314,98779,RUA SAO LOURENCO DA MATA,Rua São Lourenço da Mata,R. São Lourenco da Mata,S,Via Pavimentada
9340,85120,RUA SAO LUCAS,Rua São Lucas,R. São Lucas,S,Via Pavimentada
9704,88544,RUA SAO LUCAS,Rua São Lucas,R. São Lucas,X,Não definida
4891,39691,RUA SAO LUIZ,Rua São Luiz,R. São Luiz,S,Via Pavimentada
11234,116874,RUA SãO MARCOS,Rua São Marcos,R. São Marcos,P,Via Parcialmente Pavimentada
1379,7358,RUA SAO MARCOS,Rua São Marcos,R. São Marcos,P,Via Parcialmente Pavimentada
10466,101036,RUA SAO MARCOS,Rua São Marcos,R. São Marcos,X,Não definida
11706,125130,RUA SAO MARCOS I,Rua São Marcos I,R São Marcos I,S,Via Pavimentada
4828,39250,RUA SAO MATEUS,Rua São Mateus,R. São Mateus,S,Via Pavimentada
5291,43567,RUA SAO MATEUS,Rua São Mateus,R. São Mateus,S,Via Pavimentada
1392,7498,RUA SAO MATEUS,Rua São Mateus,R. São Mateus,S,Via Pavimentada
7512,63746,RUA SAO MIGUEL,Rua São Miguel,R. São Miguel,N,Via Não Pavimentada
1560,9032,RUA SAO MIGUEL,Rua São Miguel,R. São Miguel,S,Via Pavimentada
5368,44172,RUA SAO MIGUEL,Rua São Miguel,R. São Miguel,S,Via Pavimentada
5601,46191,RUA SAO NICOLAU,Rua São Nicolau,R. São Nicolau,S,Via Pavimentada
10464,101010,RUA SAO PAULO,Rua São Paulo,R. São Paulo,X,Não definida
3403,25925,RUA SAO PAULO,Rua São Paulo,R. São Paulo,S,Via Pavimentada
690,1333,RUA SAO PEDRO,Rua São Pedro,R. São Pedro,S,Via Pavimentada
11571,121576,RUA SAO PEDRO,Rua São Pedro,R. São Pedro,X,Não definida
10469,101060,RUA SAO PEDRO,Rua São Pedro,R. São Pedro,X,Não definida
7849,67385,RUA SAO PEDRO,Rua São Pedro,R. São Pedro,S,Via Pavimentada
2039,13196,RUA SAO PEDRO,Rua São Pedro,R. São Pedro,S,Via Pavimentada
6015,50008,RUA SAO PEDRO,Rua São Pedro,R. São Pedro,S,Via Pavimentada
8649,76414,RUA SAO PEDRO,Rua São Pedro,R. São Pedro,N,Via Não Pavimentada
11796,137693,RUA SAO PEDRO,Rua São Pedro,R. São Pedro,N,Via Não Pavimentada
8421,73970,RUA SAO PEDRO,Rua São Pedro,R. São Pedro,P,Via Parcialmente Pavimentada
6712,56472,RUA SAO RAFAEL,Rua São Rafael,R. São Rafael,S,Via Pavimentada
3158,23540,RUA SAO RAIMUNDO,Rua São Raimundo,R. São Raimundo,N,Via Não Pavimentada
6968,59102,RUA SAO ROMAO,Rua São Romão,R. São Romao,S,Via Pavimentada
9831,90352,RUA SAO ROQUE,Rua São Roque,R. São Roque,N,Via Não Pavimentada
3180,23728,RUA SAO SALVADOR,Rua São Salvador,R. São Salvador,N,Via Não Pavimentada
6398,53554,RUA SAO SALVADOR,Rua São Salvador,R. São Salvador,S,Via Pavimentada
1388,7463,RUA SAO SEBASTIAO,Rua São Sebastião,R. São Sebastiao,S,Via Pavimentada
9927,91502,RUA SAO SEBASTIAO,Rua São Sebastião,R. São Sebastiao,S,Via Pavimentada
6496,54364,RUA SAO SEBASTIAO,Rua São Sebastião,R. São Sebastiao,P,Via Parcialmente Pavimentada
6583,55115,RUA SAO SEVERINO,Rua São Severino,R. São Severino,N,Via Não Pavimentada
6622,55522,RUA SAO SILVESTRE,Rua São Silvestre,R. São Silvestre,P,Via Parcialmente Pavimentada
6632,55638,RUA SAO SIMAO,Rua São Simão,R. São Simao,N,Via Não Pavimentada
7206,61204,RUA SAO TOME,Rua São Tomé,R. São Tome,N,Via Não Pavimentada
7423,62847,RUA SAO VALERIANO,Rua São Valeriano,R. São Valeriano,S,Via Pavimentada
7568,64300,RUA SAO VICENTE,Rua São Vicente,R. São Vicente,S,Via Pavimentada
177,39004,RUA SAO VICENTE,Rua São Vicente,R. São Vicente,S,Via Pavimentada
7340,64432,RUA SAO VICENTE DE PAULA,Rua São Vicente de Paula,R. São Vicente de Paula,N,Via Não Pavimentada
7575,64360,RUA SAO VICENTE FERRER,Rua São Vicente Ferrer,R. São Vicente Ferrer,S,Via Pavimentada
9429,86010,RUA SAPATEIRO JOSE DAS NEVES CAVALCANTI,Rua Sapateiro José das Neves Cavalcanti,R. Sapateiro José das Neves Cavalcanti,S,Via Pavimentada
6463,54062,RUA SAPE,Rua Sapé,R. Sape,X,Não definida
6464,54070,RUA SAPEZAL,Rua Sapezal,R. Sapezal,S,Via Pavimentada
9867,90735,RUA SAPIRANGA,Rua Sapiranga,R. Sapiranga,S,Via Pavimentada
1661,73253,RUA SAPO,Rua Sapo,R. Sapo,S,Via Pavimentada
6474,54151,RUA SAPUCAGI,Rua Sapucagi,R. Sapucagi,S,Via Pavimentada
6473,54143,RUA SAPUCAIA DO SUL,Rua Sapucaia do Sul,R. Sapucaia do Sul,S,Via Pavimentada
6475,54160,RUA SAPUCARANA,Rua Sapucarana,R. Sapucarana,P,Via Parcialmente Pavimentada
6476,54178,RUA SAQUAREMA,Rua Saquarema,R. Saquarema,X,Não definida
6477,54186,RUA SARAMUNETE,Rua Saramunete,R. Saramunete,S,Via Pavimentada
6478,54194,RUA SARANDI,Rua Sarandi,R. Sarandi,S,Via Pavimentada
10337,99007,RUA SARANDIRA,Rua Sarandira,R. Sarandira,S,Via Pavimentada
9626,87637,RUA SARAPUI,Rua Sarapuí,R. Sarapui,S,Via Pavimentada
654,1090,RUA SARGENTO AFONSO RODRIGUES,Rua Sargento Afonso Rodrigues,R. Sgt Afonso Rodrigues,N,Via Não Pavimentada
10115,95036,RUA SARGENTO ANTONIO BEZERRA,Rua Sargento Antônio Bezerra,R. Sgt Antônio Bezerra,N,Via Não Pavimentada
1702,10316,RUA SARGENTO BASILEU NOGUEIRA,Rua Sargento Basileu Nogueira,R. Sgt Basileu Nogueira,N,Via Não Pavimentada
2274,15709,RUA SARGENTO CATANHO,Rua Sargento Catanho,R. Sgt Catanho,N,Via Não Pavimentada
1289,17620,RUA SARGENTO CORIOLANDO SANTIAGO,Rua Sargento Coriolando Santiago,R. Sgt Coriolando Santiago,S,Via Pavimentada
11869,701599,RUA SARGENTO ERALDO,Rua Sargento Eraldo,R. Sgt Eraldo,S,Via Pavimentada
9658,87955,RUA SARGENTO ESMERALDO,Rua Sargento Esmeraldo,R. Sgt Esmeraldo,X,Não definida
3154,23493,RUA SARGENTO FABIO PAVANI,Rua Sargento Fabio Pavani,R. Sgt Fabio Pavani,P,Via Parcialmente Pavimentada
8344,73105,RUA SARGENTO JAIME PANTALEAO,Rua Sargento Jaime Pantaleão,R. Sgt Jaime Pantaleao,N,Via Não Pavimentada
4258,33952,RUA SARGENTO JOAO LOPES FILHO,Rua Sargento João Lopes Filho,R. Sgt João Lopes Filho,S,Via Pavimentada
4658,37630,RUA SARGENTO JUVENCIO,Rua Sargento Juvêncio,R. Sgt Juvencio,S,Via Pavimentada
5095,41580,RUA SARGENTO MANOEL CHAGAS,Rua Sargento Manoel Chagas,R. Sgt Manoel Chagas,S,Via Pavimentada
5343,43923,RUA SARGENTO MELO JUNIOR,Rua Sargento Melo Júnior,R. Sgt Melo Junior,S,Via Pavimentada
7015,59510,RUA SARGENTO RUBENS LEITE,Rua Sargento Rubens Leite,R. Sgt Rubens Leite,S,Via Pavimentada
6502,54399,RUA SARGENTO SEBASTIAO CHAVES,Rua Sargento Sebastiao Chaves,R. Sgt Sebastiao Chaves,P,Via Parcialmente Pavimentada
6628,55573,RUA SARGENTO SILVINO MACEDO,Rua Sargento Silvino Macêdo,R. Sgt Sargento Silvino Macêdo,S,Via Pavimentada
6630,55590,RUA SARGENTO SILVIO DELMAR HOLLEMBACH,Rua Sargento Sílvio Delmar Hollembach,R. Sgt Silvio Delmar Hollembach,P,Via Parcialmente Pavimentada
7405,62677,RUA SARGENTO WALDIR CORREIA,Rua Sargento Waldir Correia,R. Sgt Waldir Correia,S,Via Pavimentada
7697,65676,RUA SARGENTO WILSON VIANA,Rua Sargento Wilson Viana,R. Sgt Wilson Viana,S,Via Pavimentada
7698,65684,RUA SARGENTO WOLFF,Rua Sargento Wolff,R. Sgt Wolff,P,Via Parcialmente Pavimentada
6479,54216,RUA SATIRO DIAS,Rua Sátiro Dias,R. Satiro Dias,N,Via Não Pavimentada
9323,84646,RUA SATUBA,Rua Satuba,R. Satuba,N,Via Não Pavimentada
6465,54240,RUA SATURNINO MEIRELES,Rua Saturnino Meireles,R. Saturnino Meireles,S,Via Pavimentada
6484,54259,RUA SATURNO,Rua Saturno,R. Saturno,P,Via Parcialmente Pavimentada
9242,83712,RUA SAUBARA,Rua Saubara,R. Saubara,N,Via Não Pavimentada
11775,126918,RUA SAVIO VIEIRA,RUA SÁVIO VIEIRA,R. Sávio Vieira,S,Via Pavimentada
978,4014,RUA S D 0401,Rua S D 0401,R. S D 0401,S,Via Pavimentada
8068,70017,RUA S D 1002,Rua S D 1002,R. S D 1002,N,Via Não Pavimentada
8082,70173,RUA S D 1005,Rua S D 1005,R. S D 1005,N,Via Não Pavimentada
8612,75981,RUA S D 1053,Rua S D 1053,R. S D 1053,X,Não definida
8616,76023,RUA S D 1055,Rua S D 1055,R. S D 1055,X,Não definida
10545,107190,RUA S D 107190,Rua S D 10719,R. S D 107190,N,Via Não Pavimentada
8689,77020,RUA S D 1094,Rua S D 1094,R. S D 1094,S,Via Pavimentada
8690,77038,RUA S D 1095,Rua S D 1095,R. S D 1095,S,Via Pavimentada
8691,77046,RUA S D 1096,Rua S D 1096,R. S D 1096,S,Via Pavimentada
445,77704,RUA S D 1113,Rua S D 1113,R. S D 1113,X,Não definida
310,120103,RUA S D 12010,Rua S D 12010,R. S D 12010,S,Via Pavimentada
11457,120111,RUA S D 12011,Rua S D 12011,R. S D 12011,S,Via Pavimentada
11582,121657,RUA S D 121657,Rua S D 121657,R. S D 121657,X,Não definida
1995,12793,RUA S D 1279,Rua S D 1279,R. S D 1279,X,Não definida
309,120030,RUA SD 2003,Rua SD 2003,R. SD 2003,N,Via Não Pavimentada
3861,30147,RUA S D 3014,Rua S D 3014,R. S D 3014,S,Via Pavimentada
4123,32778,RUA S D 3277,Rua S D 3277,R. S D 3277,S,Via Pavimentada
4338,34673,RUA S D 3467,Rua S D 3467,R. S D 3467,P,Via Parcialmente Pavimentada
8584,75639,RUA S D 4038,Rua S D 4038,R. S D 4038,S,Via Pavimentada
5474,45101,RUA S D 4510,Rua S D 4510,R. S D 4510,X,Não definida
8189,71340,RUA S D 5010,Rua S D 5010,R. S D 5010,S,Via Pavimentada
8753,77879,RUA S D 5038,Rua S D 5038,R. S D 5038,S,Via Pavimentada
8808,78484,RUA S D 5055,Rua S D 5055,R. S D 5055,S,Via Pavimentada
8810,78506,RUA S D 5057,Rua S D 5057,R. S D 5057,X,Não definida
8811,78514,RUA S D 5058,Rua S D 5058,R. S D 5058,S,Via Pavimentada
8912,79847,RUA S D 5108,Rua S D 5108,R. S D 5108,S,Via Pavimentada
9035,81213,RUA S D 5161,Rua S D 5161,R. S D 5161,N,Via Não Pavimentada
270,81361,RUA S D 5174,Rua S D 5174,R. S D 5174,N,Via Não Pavimentada
9047,81400,RUA S D 5176,Rua S D 5176,R. S D 5176,S,Via Pavimentada
9049,81426,RUA S D 5178,Rua S D 5178,R. S D 5178,S,Via Pavimentada
9030,81159,RUA S D 5181,Rua S D 5181,R. S D 5181,S,Via Pavimentada
9155,82546,RUA S D 5241,Rua S D 5241,R. S D 5241,X,Não definida
9156,82554,RUA S D 5242,Rua S D 5242,R. S D 5242,S,Via Pavimentada
9166,82660,RUA S D 5249,Rua S D 5249,R. S D 5249,S,Via Pavimentada
9167,82678,RUA S D 5250,Rua S D 5250,R. S D 5250,S,Via Pavimentada
9209,83267,RUA S D 5292,Rua S D 5292,R. S D 5292,X,Não definida
9274,84069,RUA S D 5366,Rua S D 5366,R. S D 5366,S,Via Pavimentada
9275,84077,RUA S D 5367,Rua S D 5367,R. S D 5367,S,Via Pavimentada
9276,84085,RUA S D 5368,Rua S D 5368,R. S D 5368,S,Via Pavimentada
9277,84093,RUA S D 5369,Rua S D 5369,R. S D 5369,P,Via Parcialmente Pavimentada
9288,84212,RUA S D 5381,Rua S D 5381,R. S D 5381,S,Via Pavimentada
271,85359,RUA S D 5479,Rua S D 5479,R. S D 5479,S,Via Pavimentada
9397,85693,RUA S D 5513,Rua S D 5513,R. S D 5513,S,Via Pavimentada
9404,85740,RUA SD 5518,Rua SD 5518,R. SD 5518,S,Via Pavimentada
9406,85758,RUA S D 5519,Rua S D 5519,R. S D 5519,S,Via Pavimentada
9411,85804,RUA S D 5524,Rua S D 5524,R. S D 5524,S,Via Pavimentada
6781,57118,RUA S D 5718,Rua S D 5718,R. S D 5718,S,Via Pavimentada
7055,59889,RUA S D 5988,Rua S D 5988,R. S D 5988,X,Não definida
8540,75124,RUA S D 6009,Rua S D 6009,R. S D 6009,S,Via Pavimentada
7492,63525,RUA S D 6352,Rua S D 6352,R. S D 6352,X,Não definida
7904,67873,RUA S D 6787,Rua S D 6787,R. S D 6787,S,Via Pavimentada
7931,68136,RUA S D 6813,Rua S D 6813,R. S D 6813,S,Via Pavimentada
7934,68160,RUA S D 6816,Rua S D 6816,R. S D 6816,S,Via Pavimentada
246,69060,RUA S D 6906,Rua S D 6906,R. S D 6906,X,Não definida
8000,69264,RUA S D 6926,Rua S D 6926,R. S D 6926,S,Via Pavimentada
8021,69523,RUA S D 6952,Rua S D 6952,R. S D 6952,X,Não definida
8048,69809,RUA S D 6980,Rua S D 6980,R. S D 6980,X,Não definida
8054,69868,RUA S D 6986,Rua S D 6986,R. S D 6986,S,Via Pavimentada
8055,69876,RUA S D 6987,Rua S D 6987,R. S D 6987,X,Não definida
8057,69892,RUA S D 6989,Rua S D 6989,R. S D 6989,X,Não definida
8058,69906,RUA S D 6990,Rua S D 6990,R. S D 6990,S,Via Pavimentada
8059,69914,RUA S D 6991,Rua S D 6991,R. S D 6991,X,Não definida
8060,69922,RUA S D 6992,Rua S D 6992,R. S D 6992,X,Não definida
8061,69930,RUA S D 6993,Rua S D 6993,R. S D 6993,X,Não definida
8062,69949,RUA S D 6994,Rua S D 6994,R. S D 6994,X,Não definida
8063,69957,RUA S D 6995,Rua S D 6995,R. S D 6995,X,Não definida
8064,69965,RUA S D 6996,Rua S D 6996,R. S D 6996,X,Não definida
8065,69973,RUA S D 6997,Rua S D 6997,R. S D 6997,X,Não definida
3667,69981,RUA S D 6998,Rua S D 6998,R. S D 6998,X,Não definida
8066,69990,RUA S D 6999,Rua S D 6999,R. S D 6999,X,Não definida
11888,705535,RUA S D 705535,Rua S D 705535,R. S D 705535,N,Via Não Pavimentada
8243,71951,RUA S D 7195,Rua S D 7195,R. S D 7195,S,Via Pavimentada
8247,71986,RUA S D 7198,Rua S D 7198,R. S D 7198,N,Via Não Pavimentada
8249,71994,RUA S D 7199,Rua S D 7199,R. S D 7199,P,Via Parcialmente Pavimentada
8250,72001,RUA S D 7200,Rua S D 7200,R. S D 7200,S,Via Pavimentada
8252,72036,RUA S D 7203,Rua S D 7203,R. S D 7203,S,Via Pavimentada
8291,72508,RUA S D 7250,Rua S D 7250,R. S D 7250,S,Via Pavimentada
8294,72559,RUA S D 7255,Rua S D 7255,R. S D 7255,S,Via Pavimentada
8295,72567,RUA S D 7256,Rua S D 7256,R. S D 7256,S,Via Pavimentada
8296,72583,RUA S D 7258,Rua S D 7258,R. S D 7258,S,Via Pavimentada
8549,75272,RUA S D 7527,Rua S D 7527,R. S D 7527,X,Não definida
8599,75787,RUA S D 7579,Rua S D 7579,R. S D 7579,S,Via Pavimentada
8681,76910,RUA S D 7691,Rua S D 7691,R. S D 7691,X,Não definida
8853,79022,RUA S D 7902,Rua S D 7902,R. S D 7902,X,Não definida
8924,79952,RUA S D 7995,Rua S D 7995,R. S D 7995,S,Via Pavimentada
8990,80640,RUA S D 8064,Rua S D 8064,R. S D 8064,S,Via Pavimentada
8474,80659,RUA S D 8065,Rua S D 8065,R. S D 8065,S,Via Pavimentada
8475,80667,RUA S D 8066,Rua S D 8066,R. S D 8066,S,Via Pavimentada
265,81671,RUA S D 8167,Rua S D 8167,R. S D 8167,N,Via Não Pavimentada
9264,83976,RUA S D 8397,Rua S D 8397,R. S D 8397,S,Via Pavimentada
51,84905,RUA S D 8490,Rua S D 8490,R. S D 8490,X,Não definida
9433,86053,RUA S D 8605,Rua S D 8605,R. S D 8605,P,Via Parcialmente Pavimentada
9442,86126,RUA S D 8612,Rua S D 8612,R. S D 8612,N,Via Não Pavimentada
9495,86827,RUA S D 8682,Rua S D 8682,R. S D 8682,N,Via Não Pavimentada
9525,87076,RUA S D 8707,Rua S D 8707,R. S D 8707,S,Via Pavimentada
9526,87084,RUA S D 8708,Rua S D 8708,R. S D 8708,S,Via Pavimentada
9895,91197,RUA S D 9119,Rua S D 9119,R. S D 9119,X,Não definida
9919,91448,RUA S D 9144,Rua S D 9144,R. S D 9144,X,Não definida
9929,91537,RUA S D 9153,Rua S D 9153,R. S D 9153,S,Via Pavimentada
9935,91596,RUA S D 9159,Rua S D 9159,R. S D 9159,X,Não definida
9943,91715,RUA S D 9171,Rua S D 9171,R. S D 9171,S,Via Pavimentada
9950,91839,RUA S D 9183,Rua S D 9183,R. S D 9183,S,Via Pavimentada
9956,91898,RUA S D 9189,Rua S D 9189,R. S D 9189,S,Via Pavimentada
9982,92304,RUA S D 9230,Rua S D 9230,R. S D 9230,S,Via Pavimentada
10041,93467,RUA S D 9346,Rua S D 9346,R. S D 9346,X,Não definida
10045,93629,RUA S D 9362,Rua S D 9362,R. S D 9362,S,Via Pavimentada
10064,94269,RUA S D 9426,Rua S D 9426,R. S D 9426,S,Via Pavimentada
10033,94420,RUA S D 9442,Rua S D 9442,R. S D 9442,X,Não definida
10079,94447,RUA S D 9444,Rua S D 9444,R. S D 9444,X,Não definida
10084,94552,RUA S D 9452,Rua S D 9452,R. S D 9452,X,Não definida
10125,95214,RUA S D 9521,Rua S D 9521,R. S D 9521,N,Via Não Pavimentada
10135,95320,RUA S D 9532,Rua S D 9532,R. S D 9532,S,Via Pavimentada
10137,95400,RUA S D 9540,Rua S D 9540,R. S D 9540,S,Via Pavimentada
10138,95427,RUA S D 9542,Rua S D 9542,R. S D 9542,S,Via Pavimentada
10165,95877,RUA S D 9587,Rua S D 9587,R. S D 9587,X,Não definida
10153,96016,RUA S D 9601,Rua S D 9601,R. S D 9601,X,Não definida
10172,96130,RUA S D 9613,Rua S D 9613,R. S D 9613,S,Via Pavimentada
10175,96164,RUA S D 9616,Rua S D 9616,R. S D 9616,N,Via Não Pavimentada
10178,96202,RUA S D 9620,Rua S D 9620,R. S D 9620,S,Via Pavimentada
10192,96431,RUA S D 9643,Rua S D 9643,R. S D 9643,X,Não definida
10193,96482,RUA S D 9648,Rua S D 9648,R. S D 9648,X,Não definida
10205,96610,RUA S D 9661,Rua S D 9661,R. S D 9661,X,Não definida
10210,96687,RUA S D 9668,Rua S D 9668,R. S D 9668,X,Não definida
10211,96695,RUA S D 9669,Rua S D 9669,R. S D 9669,X,Não definida
10231,97055,RUA S D 9705,Rua S D 9705,R. S D 9705,X,Não definida
10258,97543,RUA S D 9754,Rua S D 9754,R. S D 9754,X,Não definida
10278,97942,RUA S D 9794,Rua S D 9794,R. S D 9794,X,Não definida
10279,97969,RUA S D 9796,Rua S D 9796,R. S D 9796,S,Via Pavimentada
10282,97993,RUA S D 9799,Rua S D 9799,R. S D 9799,N,Via Não Pavimentada
10285,98019,RUA S D 9801,Rua S D 9801,R. S D 9801,S,Via Pavimentada
10268,98060,RUA S D 9806,Rua S D 9806,R. S D 9806,S,Via Pavimentada
10288,98140,RUA S D 9814,Rua S D 9814,R. S D 9814,S,Via Pavimentada
10324,98884,RUA S D 9888,Rua S D 9888,R. S D 9888,X,Não definida
10325,98892,RUA S D 9889,Rua S D 9889,R. S D 9889,X,Não definida
10326,98906,RUA S D 9890,Rua S D 9890,R. S D 9890,X,Não definida
10334,98981,RUA S D 9898,Rua S D 9898,R. S D 9898,X,Não definida
10339,99023,RUA S D 9902,Rua S D 9902,R. S D 9902,S,Via Pavimentada
10341,99058,RUA S D 9905,Rua S D 9905,R. S D 9905,S,Via Pavimentada
10358,99341,RUA S D 9934,Rua S D 9934,R. S D 9934,S,Via Pavimentada
10359,99350,RUA S D 9935,Rua S D 9935,R. S D 9935,S,Via Pavimentada
10360,99368,RUA S D 9936,Rua S D 9936,R. S D 9936,S,Via Pavimentada
10361,99376,RUA S D 9937,Rua S D 9937,R. S D 9937,S,Via Pavimentada
10385,99724,RUA S D 9972,Rua S D 9972,R. S D 9972,N,Via Não Pavimentada
10386,99732,RUA S D 9973,Rua S D 9973,R. S D 9973,N,Via Não Pavimentada
10387,99740,RUA S D 9974,Rua S D 9974,R. S D 9974,X,Não definida
10388,99759,RUA S D 9975,Rua S D 9975,R. S D 9975,N,Via Não Pavimentada
10389,99767,RUA S D 9976,Rua S D 9976,R. S D 9976,N,Via Não Pavimentada
10390,99791,RUA S D 9979,Rua S D 9979,R. S D 9979,X,Não definida
10391,99805,RUA S D 9980,Rua S D 9980,R. S D 9980,N,Via Não Pavimentada
10392,99813,RUA S D 9981,Rua S D 9981,R. S D 9981,N,Via Não Pavimentada
10393,99821,RUA S D 9982,Rua S D 9982,R. S D 9982,N,Via Não Pavimentada
10394,99848,RUA S D 9984,Rua S D 9984,R. S D 9984,N,Via Não Pavimentada
6492,54321,RUA SEABRA,Rua Seabra,R. Seabra,N,Via Não Pavimentada
6500,54380,RUA SEBASTIAO ALVES,Rua Sebastião Alves,R. Sebastiao Alves,S,Via Pavimentada
6901,58475,RUA SEBASTIAO CONSTANTINO DA SILVA,Rua Sebastião Constantino da Silva,R. Sebastião Constantino da Silva,S,Via Pavimentada
6499,54372,RUA SEBASTIAO DE ALENCASTRO SALAZAR,Rua Sebastião de Alencastro Salazar,R. Sebastiao de Alencastro Salazar,S,Via Pavimentada
6518,54526,RUA SEBASTIAO REGO BARROS,Rua Sebastião do Rego Barros,R. Sebastião do Rego Barros,S,Via Pavimentada
6506,54437,RUA SEBASTIAO FLORENTINO CAMPOS,Rua Sebastião Florentino Campos,R. Sebastiao Florentino Campos,P,Via Parcialmente Pavimentada
6507,54445,RUA SEBASTIAO GALVAO,Rua Sebastião Galvão,R. Sebastiao Galvao,P,Via Parcialmente Pavimentada
6508,54453,RUA SEBASTIAO GRANDE,Rua Sebastião Grande,R. Sebastiao Grande,P,Via Parcialmente Pavimentada
6515,54500,RUA SEBASTIAO MALTA ARCOVERDE,Rua Sebastião Malta Arcoverde,R. Sebastiao Malta Arcoverde,S,Via Pavimentada
9884,90913,RUA SECRETARIA ZORAIDE FERNANDES MATOS,Rua Secretária Zoraide Fernandes Matos,R. Secretária Zoraide Fernandes Matos,N,Via Não Pavimentada
6523,54550,RUA SECUNDINO CARNEIRO,Rua Secundino Carneiro,R. Secundino Carneiro,S,Via Pavimentada
9934,91588,RUA SEIS,Rua Seis,R. Seis,S,Via Pavimentada
2829,20540,RUA SEIS DE FEVEREIRO,Rua Seis de fevereiro,R. Seis de Fevereiro,N,Via Não Pavimentada
6525,54577,RUA SEIS DE MARCO,Rua Seis de Marco,R. Seis de Marco,S,Via Pavimentada
6526,54585,RUA SEIVAL,Rua Seival,R. Seival,S,Via Pavimentada
3484,26697,RUA SELMA,Rua Selma,R. Selma,S,Via Pavimentada
6530,54623,RUA SELVES,Rua Selves,R. Selves,S,Via Pavimentada
2551,17914,RUA SELVIRIA,Rua Selviria,R. Selviria,X,Não definida
9115,82112,RUA SEM DENOMINAÞO,Rua Sem Denominação,R. Sem Denominação,S,Via Pavimentada
11491,120545,RUA SEMPRE LIVRE,Rua Sempre Livre,R. Sempre Livre,N,Via Não Pavimentada
10984,113557,RUA SEMPRE VERDE,Rua Sempre Verde,R. Sempre Verde,N,Via Não Pavimentada
11490,120537,RUA SEMPRE VIDA,Rua Sempre Vida,R. Sempre Vida,N,Via Não Pavimentada
10438,100706,RUA SEMPRE VIVA,Rua Sempre Viva,R. Sempre Viva,P,Via Parcialmente Pavimentada
6535,54658,RUA SEMPRE VIVA,Rua Sempre Viva,R. Sempre Viva,S,Via Pavimentada
9513,86959,RUA SENADOR ADERBAL JUREMA,Rua Senador Aderbal Jurema,R. Sen Aderbal Jurema,N,Via Não Pavimentada
735,1805,RUA SENADOR ALBERTO PASQUALINI,Rua Senador Alberto Pasqualini,R. Sen Alberto Pasqualini,S,Via Pavimentada
9147,82430,RUA SENADOR BARROS DE CARVALHO,Rua Senador Barros de Carvalho,R. Sen Barros de Carvalho,N,Via Não Pavimentada
11672,124850,RUA SENADOR DARCY RIBEIRO,Rua Senador Darcy Ribeiro,R. Sen. Darcy Ribeiro,N,Via Não Pavimentada
3152,23485,RUA SENADOR FABIO DE BARROS,Rua Senador Fábio de Barros,R. Sen Fabio de Barros,S,Via Pavimentada
3256,24503,RUA SENADOR FIRMINO,Rua Senador Firmino,R. Sen Firmino,P,Via Parcialmente Pavimentada
9045,81353,RUA SENADOR HELIO COUTINHO,Rua Senador Helio Coutinho,R. Sen Helio Coutinho,S,Via Pavimentada
4453,35793,RUA SENADOR JOSE ERMIRIO DE MORAIS,Rua Senador José Ermirio de Morais,R. Sen José Ermirio de Morais,N,Via Não Pavimentada
4478,36005,RUA SENADOR JOSE HENRIQUE,Rua Senador José Henrique,R. Sen José Henrique,S,Via Pavimentada
4610,37168,RUA SENADOR JULIO BARBOSA,Rua Senador Júlio Barbosa,R. Sen Julio Barbosa,N,Via Não Pavimentada
5388,44296,RUA SENADOR MILTON DE CAMPOS,Rua Senador Milton de Campos,R. Sen Milton de Campos,S,Via Pavimentada
7471,63312,RUA SENADOR NILO COELHO,Rua Senador Nilo Coelho,R. Sen Nilo Coelho,N,Via Não Pavimentada
5777,47880,RUA SENADOR OSCAR PASSOS,Rua Senador Oscar Passos,R. Sen Oscar Passos,S,Via Pavimentada
6034,50172,RUA SENADOR PEDRO CORREIA,Rua Senador Pedro Correia,R. Sen Pedro Correia,S,Via Pavimentada
6243,52035,RUA SENADOR POMPEU,Rua Senador Pompeu,R. Sen Pompeu,N,Via Não Pavimentada
6655,55948,RUA SENADOR SOARES MEIRELES,Rua Senador Soares Meireles,R. Sen Soares Meireles,S,Via Pavimentada
9577,100269,RUA SENADOR THOMAZ LOBO,Rua Senador Thomaz Lobo,R. Sen Thomaz Lobo,P,Via Parcialmente Pavimentada
6533,54640,RUA SENA MADUREIRA,Rua Sena Madureira,R. Sena Madureira,S,Via Pavimentada
8390,73601,RUA SENHOR DO BONFIM,Rua Senhor do Bonfim,R. Senhor do Bonfim,S,Via Pavimentada
8871,79294,RUA SENOLANDIA,Rua Senolandia,R. Senolandia,N,Via Não Pavimentada
10068,94323,RUA SENZALA,Rua Senzala,R. Senzala,S,Via Pavimentada
6537,54674,RUA SEPATINI,Rua Sepatini,R. Sepatini,S,Via Pavimentada
6538,54682,RUA SEPETIBA,Rua Sepetiba,R. Sepetiba,N,Via Não Pavimentada
6539,54690,RUA SERAFINA CARNEIRO,Rua Serafina Carneiro,R. Serafina Carneiro,S,Via Pavimentada
98,7137,RUA SERGI,Rua Sergi,R. Sergi,S,Via Pavimentada
8815,78565,RUA SERGIO BITTENCOURT,Rua Sérgio Bittencourt,R. Sergio Bittencourt,S,Via Pavimentada
10408,100250,RUA SERGIO CARDOSO,Rua Sérgio Cardoso,R. Sergio Cardoso,N,Via Não Pavimentada
354,126870,RUA SERGIO HIGNO DOS SANTOS,RUA SÉRGIO HIGNO DOS SANTOS,R. Sérgio Higno dos Santos,S,Via Pavimentada
6543,54747,RUA SERGIO MAGALHAES,Rua Sérgio Magalhães,R. Sergio Magalhães,S,Via Pavimentada
3016,22411,RUA SERGIPE,Rua Sergipe,R. Sergipe,N,Via Não Pavimentada
6550,54798,RUA SERGIPE,Rua Sergipe,R. Sergipe,X,Não definida
8316,72770,RUA SERIDO,Rua Seridó,R. Serido,X,Não definida
6551,54801,RUA SERIEMA,Rua Seriema,R. Seriema,N,Via Não Pavimentada
6552,54810,RUA SERINHAEM,Rua Serinhaem,R. Serinhaem,S,Via Pavimentada
6557,54860,RUA SERRA,Rua Serra,R. Serra,S,Via Pavimentada
2163,14656,RUA SERRA AZUL,Rua Serra Azul,R. Serra Azul,N,Via Não Pavimentada
8746,77798,RUA SERRA BENTA,Rua Serra Benta,R. Serra Benta,N,Via Não Pavimentada
6558,54879,RUA SERRA BONGA,Rua Serra Bonga,R. Serra Bonga,S,Via Pavimentada
6559,54887,RUA SERRA BRANCA,Rua Serra Branca,R. Serra Branca,N,Via Não Pavimentada
8734,77658,RUA SERRA BRANCA,Rua Serra Branca,R. Serra Branca,S,Via Pavimentada
6560,54909,RUA SERRA CAIADA,Rua Serra Caiada,R. Serra Caiada,S,Via Pavimentada
8392,73636,RUA SERRA DA BOA ESPERANCA,Rua Serra da Boa Esperanca,R. Serra da Boa Esperanca,S,Via Pavimentada
8523,74853,RUA SERRA DA BORBOREMA,Rua Serra da Borborema,R. Serra da Borborema,N,Via Não Pavimentada
6561,54917,RUA SERRA DA CANASTRA,Rua Serra da Canastra,R. Serra da Canastra,S,Via Pavimentada
8741,77747,RUA SERRA DA ESPERANCA,Rua Serra da Esperanca,R. Serra da Esperanca,S,Via Pavimentada
8404,73750,RUA SERRA DA JACOBINA,Rua Serra da Jacobina,R. Serra da Jacobina,N,Via Não Pavimentada
2165,14672,RUA SERRA DA PRATA,Rua Serra da Prata,R. Serra da Prata,P,Via Parcialmente Pavimentada
8524,74861,RUA SERRA DA RAIZ,Rua Serra da Raiz,R. Serra da Raiz,N,Via Não Pavimentada
8744,77771,RUA SERRA DAS RUSSAS,Rua Serra das Russas,R. Serra das Russas,S,Via Pavimentada
8428,74047,RUA SERRA DO CACHIMBO,Rua Serra do Cachimbo,R. Serra do Cachimbo,N,Via Não Pavimentada
8786,78220,RUA SERRA DO CALABOUCO,Rua Serra do Calabouço,R. Serra do Calabouco,P,Via Parcialmente Pavimentada
8737,77682,RUA SERRA DO ERVAL,Rua Serra do Erval,R. Serra do Erval,N,Via Não Pavimentada
8516,74799,RUA SERRA DO MAR,Rua Serra do Mar,R. Serra do Mar,N,Via Não Pavimentada
8733,77631,RUA SERRA DO PIAUI,Rua Serra do Piauí,R. Serra do Piaui,S,Via Pavimentada
8782,78204,RUA SERRA DO PIRIQUI,Rua Serra do Piriqui,R. Serra do Piriqui,N,Via Não Pavimentada
11200,116521,RUA SERRA DOS COQUEIROS,Rua Serra dos Coqueiros,R. Serra Dos Coqueiros,S,Via Pavimentada
6562,54925,RUA SERRA DOURADA,Rua Serra Dourada,R. Serra Dourada,S,Via Pavimentada
8827,78670,RUA SERRA E SOUZA,Rua Serra e Souza,R. Serra e Souza,N,Via Não Pavimentada
8918,79880,RUA SERRA FORMOSA,Rua Serra Formosa,R. Serra Formosa,P,Via Parcialmente Pavimentada
9101,81965,RUA SERRA GERAL,Rua Serra Geral,R. Serra Geral,X,Não definida
8423,73997,RUA SERRA GRANDE,Rua Serra Grande,R. Serra Grande,N,Via Não Pavimentada
8799,78379,RUA SERRA IBIAPABA,Rua Serra Ibiapaba,R. Serra Ibiapaba,P,Via Parcialmente Pavimentada
6563,54933,RUA SERRA LAVRADA,Rua Serra Lavrada,R. Serra Lavrada,S,Via Pavimentada
8459,74381,RUA SERRA LUIS GOMES,Rua Serra Luiz Gomes,R. Serra Luiz Gomes,S,Via Pavimentada
589,582,RUA SERRANA,Rua Serrana,R. Serrana,S,Via Pavimentada
1664,9962,RUA SERRA NEGRA,Rua Serra Negra,R. Serra Negra,S,Via Pavimentada
8790,78263,RUA SERRA NEGRA,Rua Serra Negra,R. Serra Negra,S,Via Pavimentada
6573,55000,RUA SERRANIA,Rua Serrania,R. Serrania,P,Via Parcialmente Pavimentada
6574,55026,RUA SERRANOS,Rua Serranos,R. Serranos,N,Via Não Pavimentada
6566,54950,RUA SERRA NOVA,Rua Serra Nova,R. Serra Nova,S,Via Pavimentada
8779,78182,RUA SERRA PACAOS,Rua Serra Pacaos,R. Serra Pacaos,N,Via Não Pavimentada
11792,137235,RUA SERRA PELADA,Rua Serra Pelada,R. Serra Pelada,X,Não definida
6568,54968,RUA SERRA PRETA,Rua Serra Preta,R. Serra Preta,S,Via Pavimentada
6571,54984,RUA SERRA TALHADA,Rua Serra Talhada,R. Serra Talhada,S,Via Pavimentada
8793,78298,RUA SERRA TALHADA,Rua Serra Talhada,R. Serra Talhada,S,Via Pavimentada
9098,81949,RUA SERRA TUMUCUMAQUE,Rua Serra Tumucumaque,R. Serra Tumucumaque,N,Via Não Pavimentada
10479,101249,RUA SERRA VERDE,Rua Serra Verde,R. Serra Verde,X,Não definida
7523,63827,RUA SERRINHA,Rua Serrinha,R. Serrinha,S,Via Pavimentada
6575,55034,RUA SERRITA,Rua Serrita,R. Serrita,S,Via Pavimentada
6577,55050,RUA SERROLANDIA,Rua Serrolândia,R. Serrolandia,N,Via Não Pavimentada
9164,83950,RUA SERTANEJA,Rua Sertaneja,R. Sertaneja,X,Não definida
6554,54836,RUA SERTANIA,Rua Sertânia,R. Sertania,P,Via Parcialmente Pavimentada
6555,54844,RUA SERTANOPOLIS,Rua Sertanópolis,R. Sertanopolis,S,Via Pavimentada
6556,54852,RUA SERTAOZINHO,Rua Sertãozinho,R. Sertaozinho,S,Via Pavimentada
8203,71480,RUA SETE DE JANEIRO,Rua Sete de Janeiro,R. Sete de Janeiro,N,Via Não Pavimentada
2838,20613,RUA SETE DE SETEMBRO,Rua Sete de Setembro,R. Sete de Setembro,N,Via Não Pavimentada
6580,55085,RUA SETE DE SETEMBRO,Rua Sete de Setembro,R. Sete de Setembro,S,Via Pavimentada
7511,63738,RUA SETE DE SETEMBRO,Rua Sete de Setembro,R. Sete de Setembro,S,Via Pavimentada
6579,55077,RUA SETE PECADOS,Rua Sete Pecados,R. Sete Pecados,S,Via Pavimentada
6581,55093,RUA SETUBAL,Rua Setubal,R. Setubal,S,Via Pavimentada
3831,29823,RUA SETUBINHA,Rua Setubinha,R. Setubinha,S,Via Pavimentada
9668,88137,RUA SEVERINA GOMES,Rua Severina Gomes,R. Severina Gomes,P,Via Parcialmente Pavimentada
8131,70670,RUA SEVERINA MARIA DA CONCEICAO,Rua Severina Maria da Conceição,R. Severina Maria da Conceição,S,Via Pavimentada
1875,11819,RUA SEVERINA SANTANA PEDROSA,Rua Severina Santana Pedrosa,R. Severina Santana Pedrosa,P,Via Parcialmente Pavimentada
8896,79588,RUA SEVERINA SILVA REGO,Rua Severina Silva Rego,R. Severina Silva Rego,S,Via Pavimentada
6584,55123,RUA SEVERINO ABELARDO DE FREITAS,Rua Severino Abelardo de Freitas,R. Severino Abelardo de Freitas,S,Via Pavimentada
345,126764,RUA SEVERINO AUGUSTO DE OLIVEIRA,Rua Severino Augusto de Oliveira,R. Severino Augusto de Oliveira,S,Via Pavimentada
5347,43966,RUA SEVERINO BARBOSA DE CARVALHO,Rua Severino Barbosa de Carvalho,R. Severino Barbosa de Carvalho,X,Não definida
6585,55140,RUA SEVERINO BERNARDINO PEREIRA,Rua Severino Bernardino Pereira,R. Severino Bernardino Pereira,S,Via Pavimentada
6587,55158,RUA SEVERINO CARNEIRO,Rua Severino Carneiro,R. Severino Carneiro,S,Via Pavimentada
7458,63215,RUA SEVERINO GALDINO DE OLIVEIRA,Rua Severino Galdino de Oliveira,R. Severino Galdino de Oliveira,S,Via Pavimentada
6588,55166,RUA SEVERINO GLACES,Rua Severino Glacês,R. Severino Glaces,X,Não definida
8983,80560,RUA SEVERINO JOSE TORRES,Rua Severino José Torres,R. Severino José Torres,N,Via Não Pavimentada
8904,79774,RUA SEVERINO LUIZ DE FRANCA,Rua Severino Luiz de França,R. Severino Luiz de Franca,S,Via Pavimentada
6593,55204,RUA SEVERINO MEIRA,Rua Severino Meira,R. Severino Meira,S,Via Pavimentada
75,126500,RUA SEVERINO MIGUEL MOURA,Rua Severino Miguel Moura,R. Severino Miguel Moura,S,Via Pavimentada
6594,55212,RUA SEVERINO PESSOA,Rua Severino Pessoa,R. Severino Pessoa,S,Via Pavimentada
6596,55239,RUA SEVERINO VAREJAO,Rua Severino Varejão,R. Severino Varejao,S,Via Pavimentada
3813,29629,RUA SHOPPING CENTER,Rua Shopping Center,R. Shopping Center,S,Via Pavimentada
6597,55247,RUA SIBAUNA,Rua Sibauna,R. Sibauna,P,Via Parcialmente Pavimentada
443,55255,RUA SIBIRO,Rua Sibiro,R. Sibiro,N,Via Não Pavimentada
6598,55263,RUA SIDERAL,Rua Sideral,R. Sideral,P,Via Parcialmente Pavimentada
7528,63860,RUA SIDEROPOLIS,Rua Siderópolis,R. Sideropolis,X,Não definida
4653,37583,RUA SIDROLANDIA,Rua Sidrolândia,R. Sidrolandia,S,Via Pavimentada
7011,59463,RUA SIDROLANDIA,Rua Sidrolândia,R. Sidrolandia,S,Via Pavimentada
6600,55280,RUA SIGISMUNDO CABRAL DE MELO,Rua Sigismundo Cabral de Melo,R. Sigismundo Cabral de Melo,S,Via Pavimentada
6601,55298,RUA SIGISMUNDO GONCALVES,Rua Sigismundo Goncalves,R. Sigismundo Gonçalves,S,Via Pavimentada
6607,55360,RUA SILVA JARDIM,Rua Silva Jardim,R. Silva Jardim,N,Via Não Pavimentada
6734,56715,RUA SILVA LOBATO,Rua Silva Lobato,R. Silva Lobato,S,Via Pavimentada
10133,95290,RUA SILVANIA,Rua Silvania,R. Silvania,P,Via Parcialmente Pavimentada
6615,55433,RUA SILVANO,Rua Silvano,R. Silvano,S,Via Pavimentada
7842,67334,RUA SILVANOPOLIS,Rua Silvanopolis,R. Silvanopolis,N,Via Não Pavimentada
6610,55387,RUA SILVA RABELO,Rua Silva Rabelo,R. Silva Rabelo,S,Via Pavimentada
6611,55395,RUA SILVA RAMOS,Rua Silva Ramos,R. Silva Ramos,N,Via Não Pavimentada
6616,55441,RUA SILVEIRA DE CARVALHO,Rua Silveira de Carvalho,R. Silveira de Carvalho,S,Via Pavimentada
6617,55450,RUA SILVEIRA LIRA,Rua Silveira Lira,R. Silveira Lira,S,Via Pavimentada
6567,55468,RUA SILVEIRA LOBO,Rua Silveira Lobo,R. Silveira Lobo,S,Via Pavimentada
6412,55484,RUA SILVEIRA NETO,Rua Silveira Neto,R. Silveira Neto,S,Via Pavimentada
6620,55506,RUA SILVEIRANIA,Rua Silveirânia,R. Silveirania,N,Via Não Pavimentada
1934,12262,RUA SILVES,Rua Silves,R. Silves,N,Via Não Pavimentada
7526,63843,RUA SILVESTRE,Rua Silvestre,R. Silvestre,N,Via Não Pavimentada
6626,55557,RUA SILVINO LIRA,Rua Silvino Lira,R. Silvino Lira,S,Via Pavimentada
6627,55565,RUA SILVINO LOPES,Rua Silvino Lopes,R. Silvino Lopes,S,Via Pavimentada
6634,55646,RUA SIMAO BORBA,Rua Simão Borba,R. Simao Borba,S,Via Pavimentada
6637,55670,RUA SIMAO MENDES,Rua Simão Mendes,R. Simao Mendes,S,Via Pavimentada
6639,55689,RUA SIMOES NETO,Rua Simões Neto,R. Simoes Neto,S,Via Pavimentada
636,965,RUA SIMONESIA,Rua Simonésia,R. Simonesia,N,Via Não Pavimentada
6641,55719,RUA SIMONSEN,Rua Simonsen,R. Simonsen,S,Via Pavimentada
5844,48461,RUA SIMPERE,Rua SIMPERE,R. Simpere,S,Via Pavimentada
6642,55727,RUA SIMPLICIO MENDES,Rua Simplício Mendes,R. Simplicio Mendes,S,Via Pavimentada
5791,48003,RUA SINDICATO DOS BANCARIOS,Rua Sindicato dos Bancários,R. Sindicato Dos Bancarios,P,Via Parcialmente Pavimentada
5819,48240,RUA SINDICATO DOS COMERCIARIOS,Rua Sindicato dos Comerciários,R. Sindicato Dos Comerciarios,N,Via Não Pavimentada
5805,48151,RUA SINDICATO DOS CONDOMINIOS,Rua Sindicato dos Condomínios,R. Sindicato Dos Condominios,N,Via Não Pavimentada
5825,48291,RUA SINDICATO DOS METALURGICOS,Rua Sindicato dos Metalúrgicos,R. Sindicato Dos Metalurgicos,P,Via Parcialmente Pavimentada
5810,48186,RUA SINDICATO DOS TECELOES,Rua Sindicato dos Tecelões,R. Sindicato Dos Teceloes,N,Via Não Pavimentada
6387,53430,RUA SINDICATO DOS URBANITARIOS,Rua Sindicato dos Urbanitários,R. Sindicato Dos Urbanitarios,N,Via Não Pavimentada
5804,48143,RUA SINDICATO DOS VIGILANTES,Rua Sindicato dos Vigilantes,R. Sindicato Dos Vigilantes,S,Via Pavimentada
6643,55751,RUA SINIMBU,Rua Sinimbu,R. Sinimbu,N,Via Não Pavimentada
5948,49379,RUA SINTEL,Rua SINTEL,R. Sintel,N,Via Não Pavimentada
6647,55794,RUA SIQUEIRA CAMPOS,Rua Siqueira Campos,R. Siqueira Campos,S,Via Pavimentada
7491,63517,RUA SIQUEIRA CAMPOS,Rua Siqueira Campos,R. Siqueira Campos,S,Via Pavimentada
6648,55816,RUA SIRIJI,Rua Siriji,R. Siriji,S,Via Pavimentada
3454,26379,RUA SIRINHAEM,Rua Sirinhaem,R. Sirinhaem,S,Via Pavimentada
5448,44830,RUA SIRIO,Rua Sírio,R. Sirio,N,Via Não Pavimentada
9953,91863,RUA SITIA,Rua Sitiá,R. Sitia,S,Via Pavimentada
6650,55840,RUA SITIO ALEGRE,Rua Sítio Alegre,R. Sítio  Alegre,X,Não definida
15,55867,RUA SITIO DOS COQUEIROS,Rua Sítio dos Coqueiros,R. Sítio  Dos Coqueiros,N,Via Não Pavimentada
6651,55891,RUA SITIO DOS MOREIRAS,Rua Sítio Dos Moreiras,R. Sítio  Dos Moreiras,S,Via Pavimentada
9972,92118,RUA SITIO DOS NOBRES,RUA SITIO DOS NOBRES,R. SITIO DOS NOBRES,N,Via Não Pavimentada
10900,112470,RUA SITIO DOS NOBRES,RUA SITIO DOS NOBRES,R. SITIO DOS NOBRES,N,Via Não Pavimentada
8713,77291,RUA SITIO GAMEIRO,Rua Sítio Gameiro,R. Sítio Gameiro,N,Via Não Pavimentada
8662,76643,RUA SITIO GRANDE,Rua Sitio Grande,R. Sítio Grande,S,Via Pavimentada
11580,121630,RUA SITIO SAPUCAIA,Rua Sítio Sapucaia,R. Sítio  Sapucaia,N,Via Não Pavimentada
6652,55921,RUA SOARES DE AZEVEDO,Rua Soares de Azevedo,R. Soares de Azevedo,S,Via Pavimentada
6656,55956,RUA SOARES MORENO,Rua Soares Moreno,R. Soares Moreno,S,Via Pavimentada
3334,25305,RUA SOBRAL,Rua Sobral,R. Sobral,N,Via Não Pavimentada
6657,55972,RUA SOBRAL PINTO,Rua Sobral Pinto,R. Sobral Pinto,S,Via Pavimentada
6658,55999,RUA SOBREIRO,Rua Sobreiro,R. Sobreiro,N,Via Não Pavimentada
8422,73989,RUA SOCIAL,Rua Social,R. Social,N,Via Não Pavimentada
244,64505,RUA SOCIOLOGO GILBERTO FREYRE,Rua Sociólogo Gilberto Freyre,R. Sociologo Gilberto Freyre,S,Via Pavimentada
6660,56006,RUA SODRELANDIA,Rua Sodrelândia,R. Sodrelandia,S,Via Pavimentada
6663,56014,RUA SODRELIA,Rua Sodrélia,R. Sodrelia,S,Via Pavimentada
6666,56049,RUA SOLANEA,Rua Solânea,R. Solanea,S,Via Pavimentada
561,310,RUA SOLDADO ABELARDO ROSA,Rua Soldado Abelardo Rosa,R. Soldado Abelardo Rosa,S,Via Pavimentada
595,647,RUA SOLDADO ADALBERTO DE MELO,Rua Soldado Adalberto de Melo,R. Soldado Adalberto de Melo,S,Via Pavimentada
740,1830,RUA SOLDADO ALBINO CESAR,Rua Soldado Albino Cesar,R. Soldado Albino Cesar,N,Via Não Pavimentada
1138,5452,RUA SOLDADO ANTONIO APARECIDO,Rua Soldado Antônio Aparecido,R. Soldado Antônio Aparecido,S,Via Pavimentada
2199,14990,RUA SOLDADO CARLOS HUMBERTO,Rua Soldado Carlos Humberto,R. Soldado Carlos Humberto,S,Via Pavimentada
3325,26450,RUA SOLDADO GERALDO ROSA,Rua Soldado Geraldo Rosa,R. Soldado Geraldo Rosa,X,Não definida
3551,27278,RUA SOLDADO GRACILIANO,Rua Soldado Graciliano,R. Soldado Graciliano,S,Via Pavimentada
3578,27502,RUA SOLDADO GREGORIO VILALVA,Rua Soldado Gregório Vilalva,R. Soldado Gregorio Vilalva,N,Via Não Pavimentada
3742,29009,RUA SOLDADO HERMINIO DA SILVA,Rua Soldado Hermínio da Silva,R. Soldado Herminio da Silva,N,Via Não Pavimentada
4366,34886,RUA SOLDADO JOAQUIM XAVIER,Rua Soldado Joaquim Xavier,R. Soldado Joaquim Xavier,S,Via Pavimentada
4588,36935,RUA SOLDADO JOSE VIVANCO,Rua Soldado José Vivanco,R. Soldado José Vivanco,P,Via Parcialmente Pavimentada
5253,43176,RUA SOLDADO MARIO KOSEL FILHO,Rua Soldado Mario Kosel Filho,R. Soldado Mario Kosel Filho,S,Via Pavimentada
6000,49859,RUA SOLDADO PAULO TANSINI,Rua Soldado Paulo Tansini,R. Soldado Paulo Tansini,X,Não definida
6644,56626,RUA SOLDADO RAMIZ MENDES,Rua Soldado Ramiz Mendes,R. Soldado Ramiz Mendes,S,Via Pavimentada
6971,59137,RUA SOLDADO ROMILDO OTTENEN,Rua Soldado Romildo Ottenen,R. Soldado Romildo Ottenen,N,Via Não Pavimentada
6504,54410,RUA SOLDADO SEBASTIAO FELICIO,Rua Soldado Sebastiao Felicio,R. Soldado Sebastiao Felicio,P,Via Parcialmente Pavimentada
8623,76090,RUA SOLDADO SINESIO DE ARAGAO,Rua Soldado Sinésio de Aragão,R. Soldado Sinesio de Aragao,S,Via Pavimentada
7537,63959,RUA SOLDADO VASCO TEIXEIRA,Rua Soldado Vasco Teixeira,R. Soldado Vasco Teixeira,N,Via Não Pavimentada
7622,65005,RUA SOLDADO VIRGILIO LUCIO,Rua Soldado Virgílio Lúcio,R. Soldado Virgilio Lucio,S,Via Pavimentada
6672,56103,RUA SOLEMAR,Rua Solemar,R. Solemar,S,Via Pavimentada
3670,31739,RUA SOLIDAO,Rua Solidão,R. Solidao,X,Não definida
6674,56120,RUA SOLIDONIO LEITE,Rua Solidônio Leite,R. Solidonio Leite,S,Via Pavimentada
4970,40410,RUA SOLIMOES,Rua Solimões,R. Solimoes,S,Via Pavimentada
6675,56138,RUA SOLONOPOLIS,Rua Solonópolis,R. Solonopolis,N,Via Não Pavimentada
6676,56146,RUA SOMBRIO,Rua Sombrio,R. Sombrio,S,Via Pavimentada
7935,68179,RUA SONIA MARIA LOPES MORAES,Rua Sônia Maria Lopes Moraes,R. Sonia Maria Lopes Moraes,P,Via Parcialmente Pavimentada
2627,18724,RUA SONORA,Rua Sonora,R. Sonora,N,Via Não Pavimentada
9973,92126,RUA SO NOS DOIS,Rua Só Nós Dois,R. So Nos Dois,P,Via Parcialmente Pavimentada
9581,100307,RUA SORIANO DE CARVALHO FURTADO,Rua Soriano de Carvalho Furtado,R. Soriano de Carvalho Furtado,X,Não definida
6677,56162,RUA SOROCABA,Rua Sorocaba,R. Sorocaba,S,Via Pavimentada
5536,45632,RUA SORRISO DE MARIA,Rua Sorriso de Maria,R. Sorriso de Maria,S,Via Pavimentada
10562,107395,RUA SOSSEGO,Rua Sossego,R. Sossego,N,Via Não Pavimentada
6680,56189,RUA SOUSANIA,Rua Sousânia,R. Sousania,N,Via Não Pavimentada
6681,56197,RUA SOUTO FILHO,Rua Souto Filho,R. Souto Filho,S,Via Pavimentada
7893,67733,RUA SOUTO NETO,Rua Souto Neto,R. Souto Neto,X,Não definida
9028,81132,RUA SOUZA,Rua Souza,R. Souza,N,Via Não Pavimentada
6685,56235,RUA SOUZA BANDEIRA,Rua Souza Bandeira,R. Souza Bandeira,P,Via Parcialmente Pavimentada
6684,56227,RUA SOUZA DE ANDRADE,Rua Souza de Andrade,R. Souza de Andrade,S,Via Pavimentada
4975,40444,RUA SOUZA PORTO,Rua Souza Porto,R. Souza Porto,S,Via Pavimentada
10439,100714,RUA SOZINHA,Rua Sozinha,R. Sozinha,N,Via Não Pavimentada
9978,92274,RUA SUBIDA DA UNIAO,Rua Subida da União,R. Sub da União,S,Via Pavimentada
6698,56324,RUA SUBIDA DO S,Rua Subida do S,R. Subida do S,S,Via Pavimentada
7991,69035,RUA SUCUPIRA,Rua Sucupira,R. Sucupira,N,Via Não Pavimentada
6700,56359,RUA SUDESTE,Rua Sudeste,R. Sudeste,S,Via Pavimentada
6701,56367,RUA SUDOESTE,Rua Sudoeste,R. Sudoeste,S,Via Pavimentada
6702,56383,RUA SUELI LUNA MENELAU,Rua Sueli Luna Menelau,R. Sueli Luna Menelau,P,Via Parcialmente Pavimentada
9415,85847,RUA SUIRIRI,Rua Suiriri,R. Suiriri,X,Não definida
8869,79260,RUA SUMARI,Rua Sumari,R. Sumari,P,Via Parcialmente Pavimentada
6695,56294,RUA SUMAUMA,Rua Sumauma,R. Sumauma,S,Via Pavimentada
6696,56308,RUA SUME,Rua Sumé,R. Sume,S,Via Pavimentada
6709,56430,RUA SUPIA,Rua Supiá,R. Supia,S,Via Pavimentada
6710,56448,RUA SURUBIM,Rua Surubim,R. Surubim,S,Via Pavimentada
6697,56316,RUA SUSSUARANA,Rua Sussuarana,R. Sussuarana,X,Não definida
6711,56464,RUA SUZANO,Rua Suzano,R. Suzano,S,Via Pavimentada
6602,55301,RUA SYLO BITTENCOURT,Rua Sylo Bittencourt,R. Sylo Bittencourt,S,Via Pavimentada
7035,59692,RUA TABAIARES,Rua Tabaiares,R. Tabaiares,S,Via Pavimentada
7036,59706,RUA TABAJARAS,Rua Tabajaras,R. Tabajaras,S,Via Pavimentada
7038,59722,RUA TABATINGA,Rua Tabatinga,R. Tabatinga,S,Via Pavimentada
7039,59730,RUA TABAUNA,Rua Tabaúna,R. Tabauna,S,Via Pavimentada
9171,82716,RUA TABELIAO JOAO ROMA,Rua Tabeliao João Roma,R. Tabeliao João Roma,N,Via Não Pavimentada
7040,59749,RUA TABIRA,Rua Tabira,R. Tabira,S,Via Pavimentada
6570,54976,RUA TABOCAS,Rua Tabocas,R. Tabocas,S,Via Pavimentada
7042,59765,RUA TACAETE,Rua Tacaeté,R. Tacaete,P,Via Parcialmente Pavimentada
7043,59773,RUA TACAICO,Rua Tacaico,R. Tacaico,S,Via Pavimentada
7044,59781,RUA TACAIMBO,Rua Tacaimbó,R. Tacaimbo,S,Via Pavimentada
7045,59790,RUA TACARATU,Rua Tacaratu,R. Tacaratu,S,Via Pavimentada
4618,37222,RUA TACIABA,Rua Taciaba,R. Taciaba,S,Via Pavimentada
7046,59803,RUA TACIBA,Rua Taciba,R. Taciba,S,Via Pavimentada
8672,76767,RUA TACIMA,Rua Tacima,R. Tacima,N,Via Não Pavimentada
7047,59811,RUA TACINA,Rua Tacina,R. Tacina,S,Via Pavimentada
9638,87777,RUA TACURU,Rua Tacuru,R. Tacuru,S,Via Pavimentada
9863,90670,RUA TAGUA,Rua Taguá,R. Tagua,S,Via Pavimentada
9330,84743,RUA TAGUAI,Rua Taguaí,R. Taguai,S,Via Pavimentada
7052,59854,RUA TAGUATINGA,Rua Taguatinga,R. Taguatinga,S,Via Pavimentada
7053,59862,RUA TAIM,Rua Taím,R. Taim,S,Via Pavimentada
8814,78549,RUA TAINHA,Rua Tainha,R. Tainha,S,Via Pavimentada
7054,59870,RUA TAIO,Rua Taió,R. Taio,S,Via Pavimentada
9266,84000,RUA TAIPU,Rua Taipu,R. Taipu,P,Via Parcialmente Pavimentada
7056,59897,RUA TAMANDARE,Rua Tamandaré,R. Tamandare,X,Não definida
7060,59935,RUA TAMANIQUA,Rua Tamaniqua,R. Tamaniqua,S,Via Pavimentada
6936,59943,RUA TAMARA,Rua Tâmara,R. Tamara,S,Via Pavimentada
6954,59960,RUA TAMAREIRA,Rua Tamareira,R. Tamareira,S,Via Pavimentada
7061,59978,RUA TAMARINDO,Rua Tamarindo,R. Tamarindo,X,Não definida
7062,59986,RUA TAMBAU,Rua Tambaú,R. Tambau,X,Não definida
7063,59994,RUA TAMBE,Rua També,R. Tambe,S,Via Pavimentada
7064,60003,RUA TAMBIA,Rua Tâmbia,R. Tambia,S,Via Pavimentada
7065,60011,RUA TAMBOARA,Rua Tamboara,R. Tamboara,S,Via Pavimentada
7069,60038,RUA TAMBORIL,Rua Tamboril,R. Tamboril,S,Via Pavimentada
7072,60054,RUA TAMOIOS,Rua Tamoios,R. Tamoios,S,Via Pavimentada
7068,60020,RUA TANABI,Rua Tanabi,R. Tanabi,N,Via Não Pavimentada
9865,90719,RUA TANAPE,Rua Tanape,R. Tanape,P,Via Parcialmente Pavimentada
7478,63401,RUA TANCREDO NEVES,Rua Tancredo Neves,R. Tancredo Neves,S,Via Pavimentada
7073,60062,RUA TANGUA,Rua Tanguá,R. Tangua,S,Via Pavimentada
7074,60070,RUA TANGUARA,Rua Tanguará,R. Tanguara,N,Via Não Pavimentada
3299,25020,RUA TANQUES D'ARCA,Rua Tanques D`Arca,R. Tanques D`Arca,S,Via Pavimentada
7076,60089,RUA TAPACURA,Rua Tapacurá,R. Tapacura,N,Via Não Pavimentada
11198,116483,RUA TAPAJOS,Rua Tapajós,R. Tapajos,X,Não definida
7081,60100,RUA TAPEJARA,Rua Tapejara,R. Tapejara,P,Via Parcialmente Pavimentada
7082,60119,RUA TAPERAGUASES,Rua Taperaguases,R. Taperaguases,S,Via Pavimentada
7083,60127,RUA TAPEROA,Rua Taperoá,R. Taperoa,S,Via Pavimentada
7085,60135,RUA TAPES,Rua Tapes,R. Tapes,X,Não definida
8156,70955,RUA TAPIASSU,Rua Tapiassu,R. Tapiassu,S,Via Pavimentada
7087,60151,RUA TAPIRAI,Rua Tapiraí,R. Tapirai,S,Via Pavimentada
9866,90727,RUA TAPIRAMA,Rua Tapirama,R. Tapirama,S,Via Pavimentada
7089,60160,RUA TAPIRANGA,Rua Tapiranga,R. Tapiranga,S,Via Pavimentada
7090,60178,RUA TAPIREMA,Rua Tapirema,R. Tapirema,S,Via Pavimentada
1977,12602,RUA TAPAUA,Rua Tapua,R. Tapaua,N,Via Não Pavimentada
2076,13560,RUA TAPUIARA,Rua Tapuiara,R. Tapuiara,P,Via Parcialmente Pavimentada
7091,60208,RUA TAQUARA,Rua Taquara,R. Taquara,S,Via Pavimentada
5290,43630,RUA TAQUARALTO,Rua Taquaralto,R. Taquaralto,P,Via Parcialmente Pavimentada
1966,12467,RUA TAQUARANA,Rua Taquarana,R. Taquarana,N,Via Não Pavimentada
7095,60240,RUA TAQUARITINGA,Rua Taquaritinga,R. Taquaritinga,S,Via Pavimentada
283,89036,RUA TAQUARITUBA,Rua Taquarituba,R. Taquarituba,N,Via Não Pavimentada
275,85006,RUA TARDE EM ITAPOA,Rua Tarde em Itapoã,R. Tarde em Itapoã,S,Via Pavimentada
444,73199,RUA TARITUBA,Rua Taritubá,R. Tarituba,S,Via Pavimentada
9615,87548,RUA TARUACU,Rua Taruaçu,R. Taruacu,S,Via Pavimentada
9797,89966,RUA TARUMIRIM,Rua Tarumirim,R. Tarumirim,S,Via Pavimentada
7096,60267,RUA TASSO FRAGOSO,Rua Tasso Fragoso,R. Tasso Fragoso,S,Via Pavimentada
9345,85162,RUA TATICI,Rua Tatici,R. Tatici,S,Via Pavimentada
10254,97470,RUA TATUAMUNHA,Rua Tatuamunha,R. Tatuamunha,N,Via Não Pavimentada
9732,89044,RUA TATUI,Rua Tatuí,R. Tatui,P,Via Parcialmente Pavimentada
7099,60291,RUA TAUA,Rua Tauá,R. Taua,S,Via Pavimentada
7100,60305,RUA TAUBATE,Rua Taubaté,R. Taubate,S,Via Pavimentada
2073,13510,RUA TAUNAY,Rua Taunay,R. Taunay,X,Não definida
390,60364,RUA TEBAS,Rua Tebas,R. Tebas,N,Via Não Pavimentada
3637,28088,RUA TEFE,Rua Tefé,R. Tefe,N,Via Não Pavimentada
7107,60380,RUA TEIXEIRA,Rua Teixeira,R. Teixeira,S,Via Pavimentada
7088,60399,RUA TEIXEIRA COIMBRA,Rua Teixeira Coimbra,R. Teixeira Coimbra,N,Via Não Pavimentada
7108,60402,RUA TEIXEIRA DE FREITAS,Rua Teixeira de Freitas,R. Teixeira de Freitas,S,Via Pavimentada
7109,60410,RUA TEIXEIRA DE MELO,Rua Teixeira de Melo,R. Teixeira de Melo,S,Via Pavimentada
7110,60429,RUA TEIXEIRA PINTO,Rua Teixeira Pinto,R. Teixeira Pinto,S,Via Pavimentada
7112,60445,RUA TEJIPIO,Rua Tejipió,R. Tejipio,S,Via Pavimentada
7113,60453,RUA TEJUCUPAPO,Rua Tejucupapo,R. Tejucupapo,N,Via Não Pavimentada
7115,60461,RUA TELES JUNIOR,Rua Teles Júnior,R. Teles Junior,S,Via Pavimentada
686,1309,RUA TENENTE AGRIPINO,Rua Tenente Agripino,R. Ten Agripino,S,Via Pavimentada
1189,5860,RUA TENENTE ANTONIO JOAO,Rua Tenente Antônio João,R. Ten. Antônio João,S,Via Pavimentada
1568,9083,RUA TENENTE AURELIO SAMPAIO,Rua Tenente Aurélio Sampaio,R. Ten Aurelio Sampaio,S,Via Pavimentada
1570,9105,RUA TENENTE AURELIO VIEIRA,Rua Tenente Aurelio Vieira,R. Ten Aurelio Vieira,N,Via Não Pavimentada
2790,20168,RUA TENENTE DOMINGOS DE BRITO,Rua Tenente Domingos de Brito,R. Ten Domingos de Brito,S,Via Pavimentada
2802,20281,RUA TENENTE DORNELAS,Rua Tenente Dornelas,R. Ten Dornelas,S,Via Pavimentada
3298,25011,RUA TENENTE FORTUNA,Rua Tenente Fortuna,R. Ten Fortuna,S,Via Pavimentada
3651,28320,RUA TENENTE GUIMARAES,Rua Tenente Guimarães,R. Ten Guimaraes,N,Via Não Pavimentada
4163,33111,RUA TENENTE JERONIMO DE MESQUITA,Rua Tenente Jeronimo de Mesquita,R. Ten Jeronimo de Mesquita,P,Via Parcialmente Pavimentada
4219,33618,RUA TENENTE JOAO CICERO,Rua Tenente João Cícero,R. Ten João Cicero,S,Via Pavimentada
4265,34037,RUA TENENTE JOAO MAURICIO CAMPOS,Rua Tenente João Mauricio Campos,R. Ten João Mauricio Campos,S,Via Pavimentada
6973,59153,RUA TENENTE JOSE ANTONIO DA SILVA,Rua Tenente José Antônio da Silva,R. Ten. José Antônio da Silva,X,Não definida
5395,44342,RUA TENENTE MINDELO,Rua Tenente Mindelo,R. Ten Mindelo,P,Via Parcialmente Pavimentada
5705,47244,RUA TENENTE OLDEGARDO SAPUCAIA,Rua Tenente Oldegardo Sapucaia,R. Ten Oldegardo Sapucaia,S,Via Pavimentada
6263,52230,RUA TENENTE PORTELA,Rua Tenente Portela,R. Ten Portela,N,Via Não Pavimentada
11909,707023,RUA TENENTE RISTIMISTER,Rua Tenente Ristimister,R. Tenente Ristimister,N,Via Não Pavimentada
6962,59056,RUA TENENTE ROLAND RITTMISTER,Rua Tenente Roland Rittmister,R. Ten Roland Rittmister,N,Via Não Pavimentada
7689,65595,RUA TENENTE WANDERLEY,Rua Tenente Wanderley,R. Ten Wanderley,S,Via Pavimentada
4371,35513,RUA TENORIO PEIXOTO,Rua Tenório Peixoto,R. Tenorio Peixoto,S,Via Pavimentada
7572,64335,RUA TENOR VICENTE CELESTINO,Rua Tenor Vicente Celestino,R. Tenor Vicente Celestino,N,Via Não Pavimentada
7128,60550,RUA TEOFILANDIA,Rua Teofilândia,R. Teofilandia,S,Via Pavimentada
7129,60569,RUA TEOFILO BRAGA,Rua Teofilo Braga,R. Teofilo Braga,N,Via Não Pavimentada
7137,60607,RUA TEOFILO DE VASCONCELOS,Rua Teófilo de Vasconcelos,R. Teofilo de Vasconcelos,S,Via Pavimentada
7131,60585,RUA TEOFILO OTONI,Rua Teófilo Otoni,R. Teofilo Otoni,P,Via Parcialmente Pavimentada
7139,60615,RUA TEOLANDIA,Rua Teolândia,R. Teolandia,P,Via Parcialmente Pavimentada
7146,60658,RUA TEOTONIO DE MELO FILHO,Rua Teotônio de Melo Filho,R. Teotonio de Melo Filho,N,Via Não Pavimentada
7142,60623,RUA TEOTONIO FREIRE,Rua Teotônio Freire,R. Teotonio Freire,S,Via Pavimentada
9531,87246,RUA TEOTONIO VILELA,Rua Teotônio Vilela,R. Teotônio Vilela,N,Via Não Pavimentada
7147,60666,RUA TERESOPOLIS,Rua Teresópolis,R. Teresopolis,N,Via Não Pavimentada
1998,12815,RUA TEREZA CARNEIRO,Rua Tereza Carneiro,R. Tereza Carneiro,S,Via Pavimentada
2451,17159,RUA TEREZA DE BARROS GUIMARAES,Rua Tereza de Barros Guimaraes,R. Tereza de Barros Guimaraes,S,Via Pavimentada
7153,60704,RUA TEREZINA,Rua Terezina,R. Terezina,P,Via Parcialmente Pavimentada
7156,60720,RUA TEREZINHA LIMA,Rua Terezinha Lima,R. Terezinha Lima,S,Via Pavimentada
9801,89990,RUA TERRA BOA,Rua Terra Boa,R. Terra Boa,S,Via Pavimentada
281,85065,AV TERRA BRANCA,Rua Terra Branca,R. Terra Branca,S,Via Pavimentada
8477,74578,RUA TERRA GRANDE,Rua Terra Grande,R. Terra Grande,S,Via Pavimentada
7158,60747,RUA TERRA NOVA,Rua Terra Nova,R. Terra Nova,S,Via Pavimentada
11476,120367,RUA TERRA RICA,Rua Terra Rica,R. Terra Rica,X,Não definida
7157,60739,RUA TERTULIANO ARAUJO,Rua Tertuliano Araújo,R. Tertuliano Araújo,S,Via Pavimentada
235,60771,RUA TEUTONIA,Rua Teutônia,R. Teutônia,S,Via Pavimentada
236,60780,RUA THEODOMIRO SELVA,Rua Theodomiro Selva,R. Theodomiro Selva,P,Via Parcialmente Pavimentada
7160,60798,RUA THEODORICO SELVA,Rua Theodorico Selva,R. Theodorico Selva,S,Via Pavimentada
7163,60810,RUA THOMAZ CANTUARIA,Rua Thomaz Cantuária,R. Thomaz Cantuaria,X,Não definida
9697,88439,RUA TIA ANASTACIA,Rua Tia Anastacia,R. Tia Anastacia,S,Via Pavimentada
7171,60887,RUA TIANGUA,Rua Tianguá,R. Tiangua,S,Via Pavimentada
7165,60836,RUA TIBAGI,Rua Tibagi,R. Tibagi,N,Via Não Pavimentada
7166,60844,RUA TIBIRICA,Rua Tibiriçá,R. Tibirica,P,Via Parcialmente Pavimentada
7168,60852,RUA TIETE,Rua Tietê,R. Tiete,S,Via Pavimentada
7169,60860,RUA TIGUASSU,Rua Tiguassu,R. Tiguassu,S,Via Pavimentada
5575,46000,RUA TIJUCA,Rua Tijuca,R. Tijuca,S,Via Pavimentada
7174,60909,RUA TIJUCAL,Rua Tijucal,R. Tijucal,S,Via Pavimentada
7175,60917,RUA TIJUCAS,Rua Tijucas,R. Tijucas,S,Via Pavimentada
4139,32913,RUA TIMBAUBA,Rua Timbaúba,R. Timbauba,S,Via Pavimentada
7180,60976,RUA TIMBE,Rua Timbé,R. Timbe,S,Via Pavimentada
7178,60950,RUA TIMBIRAS,Rua Timbiras,R. Timbiras,S,Via Pavimentada
7179,60968,RUA TIMBO,Rua Timbó,R. Timbo,N,Via Não Pavimentada
7177,60941,RUA TIMBURI,Rua Timburi,R. Timburi,S,Via Pavimentada
4171,33197,RUA TIMORANTE,Rua Timorante,R. Timorante,X,Não definida
5417,44636,RUA TINGUI,Rua Tingui,R. Tingui,N,Via Não Pavimentada
7186,61026,RUA TINHORAO,Rua Tinhorão,R. Tinhorao,S,Via Pavimentada
8169,71129,RUA TIQUARACU,Rua Tiquaraçu,R. Tiquaracu,S,Via Pavimentada
11230,116823,RUA TITANIA,Rua Titânia,R. Titania,N,Via Não Pavimentada
7189,61050,RUA TITO LIVIO SOARES,Rua Tito Lívio Soares,R. Tito Livio Soares,P,Via Parcialmente Pavimentada
7190,61069,RUA TITO ROSAS,Rua Tito Rosas,R. Tito Rosas,S,Via Pavimentada
7191,61077,RUA TIUMA,Rua Tiuma,R. Tiuma,S,Via Pavimentada
8202,71463,RUA TIZIU,Rua Tiziu,R. Tiziu,N,Via Não Pavimentada
10746,110361,RUA TIZIU,Rua Tiziu,R. Tiziu,X,Não definida
7192,61085,RUA TOBATI,Rua Tobati,R. Tobati,S,Via Pavimentada
7193,61093,RUA TOBIAS BARRETO,Rua Tobias Barreto,R. Tobias Barreto,S,Via Pavimentada
7196,61115,RUA TOCANTINOPOLIS,Rua Tocantinopolis,R. Tocantinopolis,S,Via Pavimentada
7197,61123,RUA TOCANTINS,Rua Tocantins,R. Tocantins,N,Via Não Pavimentada
10458,100927,RUA TOCANTINS,Rua Tocantins,R. Tocantins,X,Não definida
7198,61131,RUA TODOS OS SANTOS,Rua Todos os Santos,R. Todos Os Santos,S,Via Pavimentada
7199,61140,RUA TOLEDO,Rua Toledo,R. Toledo,S,Via Pavimentada
7201,61166,RUA TOMAZ FERREIRA,Rua Tomaz Ferreira,R. Tomaz Ferreira,S,Via Pavimentada
7203,61182,RUA TOMAZ GONZAGA,Rua Tomaz Gonzaga,R. Tomaz Gonzaga,S,Via Pavimentada
7205,61190,RUA TOMAZINA,Rua Tomazina,R. Tomazina,S,Via Pavimentada
7212,61239,RUA TOME DO REGO CAVALCANTI,Rua Tomé do Rego Cavalcanti,R. Tome do Rego Cavalcanti,N,Via Não Pavimentada
7208,61220,RUA TOME GIBSON,Rua Tomé Gibson,R. Tomé Gibson,S,Via Pavimentada
10454,100870,RUA TOM JOBIM,Rua Tom Jobim,R. Tom Jobim,X,Não definida
7214,61255,RUA TOPAZIO,Rua Topázio,R. Topazio,S,Via Pavimentada
7221,61301,RUA TORITAMA,Rua Toritama,R. Toritama,P,Via Parcialmente Pavimentada
10350,99252,RUA TORQUATO DA SILVA CASTRO,Rua Torquato da Silva Castro,R. Torquato da Silva Castro,S,Via Pavimentada
383,91162,RUA TORRE,Rua Torre,R. Torre,S,Via Pavimentada
7219,61298,RUA TORRES HOMEM,Rua Torres Homem,R. Torres Homem,P,Via Parcialmente Pavimentada
10003,92622,RUA TOTA VENTURA,Rua Tota Ventura,R. Tota Ventura,S,Via Pavimentada
11013,113883,RUA TRACUNHAEM,Rua Tracunhaem,R. Tracunhaem,S,Via Pavimentada
9324,84654,RUA TRAIPU,Rua Traipu,R. Traipu,N,Via Não Pavimentada
7227,61352,RUA TRAJANO DE MORAIS,Rua Trajano de Morais,R. Trajano de Morais,S,Via Pavimentada
7229,61360,RUA TRAMANDAI,Rua Tramandaí,R. Tramandai,S,Via Pavimentada
9954,91871,RUA TRAPIA,Rua Trapiá,R. Trapia,S,Via Pavimentada
8080,70157,RUA TREINADOR CLAUDIO COUTINHO,Rua Treinador Cláudio Coutinho,R. Treinador Claudio Coutinho,S,Via Pavimentada
7233,61395,RUA TREMENDAL,Rua Tremendal,R. Tremendal,S,Via Pavimentada
11066,114529,RUA TRES CARNEIROS -RIACHO,Rua Três Carneiros-Riacho,R. Três Carneiros-Riacho,S,Via Pavimentada
7234,61409,RUA TRES DE AGOSTO,Rua Três de Agosto,R. Tres de Agosto,S,Via Pavimentada
10230,97020,RUA TRES DE FEVEREIRO,Rua Tres de Fevereiro,R. Tres de Fevereiro,N,Via Não Pavimentada
7238,61425,RUA TRES DE MAIO,Rua Três de Maio,R. Tres de Maio,S,Via Pavimentada
7239,61433,RUA TRES DE MARCO,Rua Tres de Marco,R. Tres de Marco,S,Via Pavimentada
5723,47430,RUA TRES DE SETEMBRO,Rua Três de Setembro,R. Tres de Setembro,N,Via Não Pavimentada
8387,73571,RUA TRES IRMAOS,Rua Três Irmaos,R. Tres Irmaos,S,Via Pavimentada
7236,61417,RUA TRES LAGOAS,Rua Três Lagoas,R. Tres Lagoas,S,Via Pavimentada
7241,61441,RUA TRES MORROS,Rua Três Morros,R. Tres Morros,S,Via Pavimentada
10061,94188,RUA TREVISO,Rua Treviso,R. Treviso,N,Via Não Pavimentada
6066,50474,RUA TREZE DE AGOSTO,Rua Treze de Agosto,R. Treze de Agosto,S,Via Pavimentada
6057,50407,RUA TREZE DE DEZEMBRO,Rua Treze de Dezembro,R. Treze de Dezembro,S,Via Pavimentada
7246,61484,RUA TREZE DE JULHO,Rua Treze de Julho,R. Treze de Julho,S,Via Pavimentada
7244,61476,RUA TREZE DE JUNHO,Rua Treze de Junho,R. Treze de Junho,P,Via Parcialmente Pavimentada
7527,63851,RUA TREZE DE MAIO,Rua Treze de Maio,R. Treze de Maio,S,Via Pavimentada
9556,87416,RUA TREZE DE MAIO,Rua Treze de Maio,R. Treze de Maio,X,Não definida
7247,61492,RUA TREZE DE MAIO,Rua Treze de Maio,R. Treze de Maio,S,Via Pavimentada
5675,46949,RUA TREZE DE MARCO,Rua Treze de Março,R. Treze de Marco,N,Via Não Pavimentada
11302,117714,RUA TREZE DE MARCO,Rua Treze de Março,R. Treze de Março,S,Via Pavimentada
7248,61506,RUA TRIANGULO,Rua Triângulo,R. Triangulo,N,Via Não Pavimentada
7249,61522,RUA TRIGO DE LOUREIRO,Rua Trigo de Loureiro,R. Trigo de Loureiro,P,Via Parcialmente Pavimentada
7252,61549,RUA TRIMONTE,Rua Trimonte,R. Trimonte,S,Via Pavimentada
7253,61557,RUA TRINDADE,Rua Trindade,R. Trindade,S,Via Pavimentada
10433,100668,RUA TRINTA DE JULHO,Rua Trinta de Julho,R. Trinta de Julho,S,Via Pavimentada
10228,96989,RUA TRINTA E UM DE MARCO,Rua Trinta e Um de Março,R. Trinta e Um de Marco,X,Não definida
7255,61581,RUA TRINTA E UM DE MARCO,Rua Trinta e Um de Março,R. Trinta e Um de Marco,P,Via Parcialmente Pavimentada
7256,61620,RUA TRISTAO DA CUNHA,Rua Tristão da Cunha,R. Tristao da Cunha,S,Via Pavimentada
7257,61638,RUA TROIA,Rua Tróia,R. Troia,S,Via Pavimentada
11269,117331,RUA TUCANO,Rua Tucano,R. Tucano,N,Via Não Pavimentada
7262,61670,RUA TUCUMA,Rua Tucumã,R. Tucuma,N,Via Não Pavimentada
7263,61689,RUA TUCUNARE,Rua Tucunaré,R. Tucunare,S,Via Pavimentada
7264,61697,RUA TUINA,Rua Tuína,R. Tuina,S,Via Pavimentada
1436,7838,RUA TULA FREIRE DE SOUZA,Rua Tula Freire de Souza,R. Tula Freire de Souza,S,Via Pavimentada
7266,61719,RUA TUMIRITINGA,Rua Tumiritinga,R. Tumiritinga,P,Via Parcialmente Pavimentada
11760,126098,RUA TUNEL FELIPE CAMARAO,Rua Túnel Felipe Camarão,R. Túnel Felipe Camarão,S,Via Pavimentada
7268,61743,RUA TUPA,Rua Tupã,R. Tupa,S,Via Pavimentada
6578,55069,RUA TUPANACI,Rua Tupanaci,R. Tupanaci,X,Não definida
9785,89680,RUA TUPANATINGA,Rua Tupanatinga,R. Tupanatinga,S,Via Pavimentada
7269,61751,RUA TUPANCI,Rua Tupanci,R. Tupanci,S,Via Pavimentada
7270,61760,RUA TUPANDI,Rua Tupandi,R. Tupandi,S,Via Pavimentada
7271,61778,RUA TUPARETAMA,Rua Tuparetama,R. Tuparetama,P,Via Parcialmente Pavimentada
480,71161,RUA TUPE,Rua Tupé,R. Tupe,X,Não definida
7278,61808,RUA TUPIARA,Rua Tupiara,R. Tupiara,N,Via Não Pavimentada
11015,113905,RUA TUPINAMBA,Rua Tupinambá,R. Tupinambá,S,Via Pavimentada
7279,61816,RUA TUPINAMBAS,Rua Tupinambas,R. Tupinambas,S,Via Pavimentada
11148,115789,RUA TUPINAMBAS,Rua Tupinambás,R. Tupinambas,X,Não definida
7280,61824,RUA TUPINANCY,Rua Tupinancy,R. Tupinancy,P,Via Parcialmente Pavimentada
7282,61832,RUA TUPINARE,Rua Tupinaré,R. Tupinare,S,Via Pavimentada
7292,61875,RUA TUPINIQUINS,Rua Tupiniquins,R. Tupiniquins,S,Via Pavimentada
7288,61840,RUA TUPIRACABA,Rua Tupiracaba,R. Tupiracaba,P,Via Parcialmente Pavimentada
7293,61883,RUA TUPIRAMA,Rua Tupirama,R. Tupirama,X,Não definida
7990,69027,RUA TUPIRATINS,Rua Tupiratins,R. Tupiratins,N,Via Não Pavimentada
7294,61891,RUA TUPITINGA,Rua Tupitinga,R. Tupitinga,S,Via Pavimentada
7274,61786,RUA TUPY,Rua Tupy,R. Tupy,N,Via Não Pavimentada
7295,61905,RUA TURIACU,Rua Turiaçu,R. Turiaçu,P,Via Parcialmente Pavimentada
7305,61972,RUA TURIM,Rua Turim,R. Turim,X,Não definida
7296,61913,RUA TURIUBA,Rua Turiuba,R. Turiuba,S,Via Pavimentada
7298,61921,RUA TURMALINA,Rua Turmalina,R. Turmalina,N,Via Não Pavimentada
7299,61948,RUA TURVINIA,Rua Turvínia,R. Turvinia,S,Via Pavimentada
7301,61956,RUA TURVO,Rua Turvo,R. Turvo,S,Via Pavimentada
7303,61964,RUA TUTOIA,Rua Tutóia,R. Tutoia,S,Via Pavimentada
7306,61980,RUA UBA,Rua Ubá,R. Uba,S,Via Pavimentada
9767,89532,RUA UBAITABA,Rua Ubaitaba,R. Ubaitaba,N,Via Não Pavimentada
7309,62006,RUA UBAJARA,Rua Ubajara,R. Ubajara,N,Via Não Pavimentada
7283,62022,RUA UBATA,Rua Ubata,R. Ubata,S,Via Pavimentada
7284,62030,RUA UBATANGA,Rua Ubatanga,R. Ubatanga,S,Via Pavimentada
7287,62057,RUA UBAUNA,Rua Ubaúna,R. Ubauna,S,Via Pavimentada
7312,62065,RUA UBERABA,Rua Uberaba,R. Uberaba,P,Via Parcialmente Pavimentada
7210,62073,RUA UBERLANDIA,Rua Uberlândia,R. Uberlandia,S,Via Pavimentada
6156,52108,RUA UBIRAJARA JUSTINIANO REIS,Rua Ubirajara Justiniano Reis,R. Ubirajara Justiniano Reis,S,Via Pavimentada
9477,86606,RUA UBIRAJARA VILARIM,Rua Ubirajara Vilarim,R. Ubirajara Vilarim,N,Via Não Pavimentada
7314,62081,RUA UBIRATA,Rua Ubiratã,R. Ubirata,S,Via Pavimentada
7315,62090,RUA UBYRACY,Rua Ubyracy,R. Ubyracy,S,Via Pavimentada
8860,79138,RUA UDU,Rua Udu,R. Udu,N,Via Não Pavimentada
7318,62120,RUA UIRAUNA,Rua Uiraúna,R. Uirauna,N,Via Não Pavimentada
7317,62111,RUA ULHOA CINTRA,Rua Ulhoa Cintra,R. Ulhoa Cintra,S,Via Pavimentada
10307,98710,RUA ULISSES COSTA,Rua Ulisses Costa,R. Ulisses Costa,P,Via Parcialmente Pavimentada
7497,63576,RUA ULISSES GUIMARAES,Rua Ulisses Guimarães,R. Ulisses Guimaraes,S,Via Pavimentada
10622,109649,RUA ULISSES MONTARROLHOS,Rua Ulisses Montarrolhos,R. Ulisses Montarrolhos,S,Via Pavimentada
31,62138,RUA ULISSES PERNAMBUCANO,Rua Ulisses Pernambucano,R. Ulisses Pernambucano,S,Via Pavimentada
33,62146,RUA ULISSES VIANA DE SOUZA,Rua Ulisses Viana de Souza,R. Ulisses Viana de Souza,S,Via Pavimentada
8678,76864,RUA UMARI,Rua Umari,R. Umari,N,Via Não Pavimentada
4470,35920,RUA UMAS,Rua Umas,R. Umas,X,Não definida
7319,62154,RUA UMBURANAS,Rua Umburanas,R. Umburanas,S,Via Pavimentada
7320,62162,RUA UMBURETAMA,Rua Umburetama,R. Umburetama,P,Via Parcialmente Pavimentada
6929,58742,RUA UMBUZEIRO,Rua Umbuzeiro,R. Umbuzeiro,P,Via Parcialmente Pavimentada
7321,62189,RUA UMIRIM,Rua Umirim,R. Umirim,S,Via Pavimentada
7323,62197,RUA UMUARAMA,Rua Umuarama,R. Umuarama,P,Via Parcialmente Pavimentada
7325,62200,RUA UNA,Rua  Una,R. Una,S,Via Pavimentada
7326,62219,RUA UNAI,Rua Unaí,R. Unai,X,Não definida
7327,62227,RUA UNDERVAL,Rua Underval,R. Underval,S,Via Pavimentada
7354,62260,RUA UNIAO DA VITORIA,Rua União da Vitória,R. Uniao da Vitoria,S,Via Pavimentada
7330,62243,RUA UNIAO DE CAETE,Rua União de Caeté,R. Uniao de Caete,N,Via Não Pavimentada
7353,62251,RUA UNIAO DOS PALMARES,Rua União dos Palmares,R. Uniao Dos Palmares,N,Via Não Pavimentada
8708,77399,RUA UNIFLOR,Rua Uniflor,R. Uniflor,S,Via Pavimentada
1624,9601,RUA UNINI,Rua Unini,R. Unini,S,Via Pavimentada
7359,62316,RUA UPATININGA,Rua Upatininga,R. Upatininga,S,Via Pavimentada
8452,74284,RUA UR,Rua Ur,R. Ur,N,Via Não Pavimentada
7360,62324,RUA URANDI,Rua Urandi,R. Urandi,S,Via Pavimentada
7361,62332,RUA URANIA,Rua Urânia,R. Urania,S,Via Pavimentada
7363,62367,RUA URBANO DUARTE,Rua Urbano Duarte,R. Urbano Duarte,N,Via Não Pavimentada
7368,62383,RUA URBANO SABINO,Rua Urbano Sabino,R. Urbano Sabino,X,Não definida
7369,62391,RUA URCA,Rua Urca,R. Urca,P,Via Parcialmente Pavimentada
7370,62405,RUA URIEL DE HOLANDA,Rua Uriel de Holanda,R. Uriel de Holanda,S,Via Pavimentada
7374,62413,RUA URIEL PAES BARRETO,Rua Uriel Paes Barreto,R. Uriel Paes Barreto,S,Via Pavimentada
7377,62430,RUA URSULINO PINTO DE CARVALHO,Rua Ursulino Pinto de Carvalho,R. Ursulino Pinto de Carvalho,N,Via Não Pavimentada
5283,43435,RUA URUANA,Rua Uruana,R. Uruana,X,Não definida
7378,62456,RUA URUBA,Rua Urubá,R. Uruba,S,Via Pavimentada
1812,11231,RUA URUBA,Rua Urubá,R. Uruba,S,Via Pavimentada
8128,70653,RUA URUBICI,Rua Urubici,R. Urubici,X,Não definida
10030,93351,RUA URUBICI,Rua Urubici,R. Urubici,S,Via Pavimentada
7380,62472,RUA URUCANIA,Rua Urucânia,R. Urucania,X,Não definida
10365,99406,RUA URUCARA,Rua Urucara,R. Urucara,S,Via Pavimentada
9467,86452,RUA URUCURITIBA,Rua Urucuritiba,R. Urucuritiba,N,Via Não Pavimentada
3946,31496,RUA URUGUAI,Rua Uruguai,R. Uruguai,N,Via Não Pavimentada
11512,120766,RUA URUGUAIANA,Rua Uruguaiana,R. Uruguaiana,X,Não definida
7384,62499,RUA URUGUAIANA,Rua Uruguaiana,R. Uruguaiana,S,Via Pavimentada
7385,62502,RUA URUGUAJARA,Rua Uruguajara,R. Uruguajara,N,Via Não Pavimentada
1763,10782,RUA URUPEMAS,Rua Urupemas,R. Urupemas,P,Via Parcialmente Pavimentada
7387,62529,RUA URUPES,Rua Urupés,R. Urupes,S,Via Pavimentada
7388,62537,RUA URURAI,Rua Ururaí,R. Ururai,S,Via Pavimentada
7389,62545,RUA URUSSANGA,Rua Urussanga,R. Urussanga,S,Via Pavimentada
8152,70912,RUA URUTAGUA,Rua Urutaguá,R. Urutagua,X,Não definida
7391,62561,RUA URUTAI,Rua Urutaí,R. Urutai,S,Via Pavimentada
7392,62570,RUA UTINGA,Rua Utinga,R. Utinga,S,Via Pavimentada
7396,62600,RUA VALDELANDIA,Rua Valdelândia,R. Valdelandia,N,Via Não Pavimentada
7397,62618,RUA VALDEMAR,Rua Valdemar,R. Valdemar,S,Via Pavimentada
7400,62634,RUA VALDEMAR FALCAO,Rua Valdemar Falcão,R. Valdemar Falcao,S,Via Pavimentada
7409,62707,RUA VALE DO CARIRI,Rua Vale do Cariri,R. Vale do Cariri,P,Via Parcialmente Pavimentada
7411,62723,RUA VALE DO ITAJAI,Rua Vale do Itajaí,R. Vale do Itajai,S,Via Pavimentada
7412,62731,RUA VALE DO JACUI,Rua Vale do Jacuí,R. Vale do Jacui,S,Via Pavimentada
7413,62740,RUA VALE DO JAGUARIBE,Rua Vale do Jaguaribe,R. Vale do Jaguaribe,P,Via Parcialmente Pavimentada
10139,95443,RUA VALE DO MONTE,Rua Vale do Monte,R. Vale do Monte,N,Via Não Pavimentada
11486,120499,RUA VALE DO SENHOR,Rua Vale do Senhor,R. Vale do Senhor,N,Via Não Pavimentada
11598,121851,RUA VALE DO SIRIJI,Rua Vale do Siriji,R. Vale do Siriji,S,Via Pavimentada
7415,62774,RUA VALE DO SIRIJI,Rua Vale do Siriji,R. Vale do Siriji,S,Via Pavimentada
7410,62715,RUA VALE FUNDO,Rua Vale Fundo,R. Vale Fundo,S,Via Pavimentada
7418,62804,RUA VALENCA FILHO,Rua Valença Filho,R. Valenca Filho,N,Via Não Pavimentada
7422,62839,RUA VALENTINS,Rua Valentins,R. Valentins,P,Via Parcialmente Pavimentada
7424,62855,RUA VALERIANO LOBO,Rua Valeriano Lobo,R. Valeriano Lobo,S,Via Pavimentada
3856,30090,RUA VALE VERDE,Rua Vale Verde,R. Vale Verde,P,Via Parcialmente Pavimentada
7416,62782,RUA VALE VERDE,Rua Vale Verde,R. Vale Verde,X,Não definida
7429,62901,RUA VALPARAISO,Rua Valparaiso,R. Valparaiso,S,Via Pavimentada
7430,62910,RUA VANGLORIA,Rua Vanglória,R. Vangloria,S,Via Pavimentada
2278,15733,RUA VANINI,Rua Vanini,R. Vanini,N,Via Não Pavimentada
9074,81663,RUA VARGEM BONITA,Rua Várgem Bonita,R. Vargem Bonita,S,Via Pavimentada
7406,62960,RUA VARGEM LINDA,Rua Várgem Linda,R. Vargem Linda,N,Via Não Pavimentada
7426,62863,RUA VARJOTA,Rua Varjota,R. Varjota,S,Via Pavimentada
7532,63924,RUA VARSOVIA,Rua Varsovia,R. Varsovia,S,Via Pavimentada
7427,62871,RUA VARZEA COMPRIDA,Rua Várzea Comprida,R. Varzea Comprida,N,Via Não Pavimentada
7428,62880,RUA VARZEA DO GILO,Rua Várzea do Giló,R. Varzea do Gilo,N,Via Não Pavimentada
11416,119091,RUA VASCO DA GAMA,Rua Vasco da Gama,R. Vasco da Gama,N,Via Não Pavimentada
7534,63940,RUA VASCO DA GAMA,Rua Vasco da Gama,R. Vasco da Gama,S,Via Pavimentada
3788,29386,RUA VASSOURINHAS,Rua Vassourinhas,R. Vassourinhas,N,Via Não Pavimentada
7538,63967,RUA VATICANO,Rua Vaticano,R. Vaticano,N,Via Não Pavimentada
8661,76635,RUA VAZANTE,Rua Vazante,R. Vazante,N,Via Não Pavimentada
7541,63991,RUA VELAME,Rua Velame,R. Velame,X,Não definida
7434,62944,RUA VELHA,Rua Velha,R. Velha,S,Via Pavimentada
7543,64033,RUA VENANCIO LEONARDO EVANGELISTA,Rua Venâncio Leonardo Evangelista,R. Venancio Leonardo Evangelista,S,Via Pavimentada
1056,4766,RUA VENCEDORA,Rua Vencedora,R. Vencedora,P,Via Parcialmente Pavimentada
7545,64050,RUA VENCESLAU,Rua Venceslau,R. Venceslau,S,Via Pavimentada
7547,64076,RUA VENEZA,Rua Veneza,R. Veneza,N,Via Não Pavimentada
10846,111732,RUA VENEZA,Rua Veneza,R. Veneza,X,Não definida
2487,64084,RUA VENEZUELA,Rua Venezuela,R. Venezuela,S,Via Pavimentada
2488,64092,RUA VENTUROSA,Rua Venturosa,R. Venturosa,S,Via Pavimentada
7549,64106,RUA VENUS,Rua Vênus,R. Venus,S,Via Pavimentada
11253,117056,RUA VERA CRUZ,Rua Vera Cruz,R. Vera Cruz,S,Via Pavimentada
7550,64114,RUA VERA CRUZ,Rua Vera Cruz,R. Vera Cruz,S,Via Pavimentada
7553,64149,RUA VERANOPOLIS,Rua Veranopolis,R. Veranopolis,S,Via Pavimentada
84,64157,RUA VERBENA,Rua Verbena,R. Verbena,S,Via Pavimentada
11478,120383,RUA VERDE,Rua Verde,R. Verde,N,Via Não Pavimentada
7554,64165,RUA VERDEJANTE,Rua Verdejante,R. Verdejante,S,Via Pavimentada
7556,64173,RUA VERDES MARES,Rua Verdes Mares,R. Verdes Mares,S,Via Pavimentada
10109,94935,RUA VEREADOR CANUTO VICTOR DE CARVALHO,Rua Vereador Canuto Victor de Carvalho,R. Ver Canuto Victor de Carvalho,P,Via Parcialmente Pavimentada
8022,69540,RUA VEREADOR CARLOS DUARTE,Rua Vereador Carlos Duarte,R. Ver. Carlos Duarte,N,Via Não Pavimentada
7952,68454,RUA VEREADOR ERIBERTO GUEIROS,Rua Vereador Eriberto Gueiros,R. Ver Eriberto Gueiros,N,Via Não Pavimentada
250,68659,RUA VEREADOR EVANDRO CAVALCANTI,Rua Vereador Evandro Cavalcanti,R. Ver Evandro Cavalcanti,N,Via Não Pavimentada
7258,61646,RUA VEREADOR FRANCISCO DE PAULA SANTANA,Rua Vereador Francisco de Paula Santana,R. Ver. Francisco de Paula Santana,S,Via Pavimentada
350,126837,RUA VEREADOR HELIO SEIXAS,RUA VEREADOR HELIO SEIXAS,R. Vereador Hélio Seixas,S,Via Pavimentada
9964,91979,RUA VEREADOR JOSE ALLAIN,Rua Vereador José Allain,R. Ver Jose Allain,S,Via Pavimentada
5662,46817,RUA VEREADOR LUIS CAVALCANTI,Rua Vereador Luis Cavalcanti,R. Ver Luis Cavalcanti,P,Via Parcialmente Pavimentada
348,126799,RUA VEREADOR LUIZ VIDAL,Rua Vereador Luiz Vidal,R. Ver. Luiz Vidal,S,Via Pavimentada
9471,86533,RUA VEREADOR MIVALDO CAVALCANTI MAIA,Rua Vereador Mivaldo Cavalcanti Maia,R. Ver Mivaldo Cavalcanti Maia,N,Via Não Pavimentada
8292,72516,RUA VEREADOR PETRUS CAMARA,Rua Vereador Petrus Camara,R. Ver Petrus Camara,S,Via Pavimentada
7404,62669,RUA VEREADOR RAMOS PEDROSA,Rua Vereador Ramos Pedrosa,R. Ver Ramos Pedrosa,S,Via Pavimentada
9017,81256,RUA VEREADOR RUBEM GAMBOA,Rua Vereador Rubem Gamboa,R. Ver Rubem Gamboa,N,Via Não Pavimentada
9361,85324,RUA VEREADOR SERGIO GODOY,Rua Vereador Sérgio Godoy,R. Ver Sergio Godoy,S,Via Pavimentada
6546,54771,RUA VEREADOR SERGIO XAVIER,Rua Vereador Sérgio Xavier,R. Ver Sergio Xavier,S,Via Pavimentada
10126,95222,RUA VEREADOR WILSON DE BARROS LEAL,Rua Vereador Wilson de Barros Leal,R. Ver Wilson de Barros Leal,N,Via Não Pavimentada
7557,64181,RUA VERMELHA,Rua Vermelha,R. Vermelha,S,Via Pavimentada
9092,81884,RUA VERMILHO,Rua Vermilho,R. Vermilho,X,Não definida
7558,64190,RUA VERMOND,Rua Vermond,R. Vermond,S,Via Pavimentada
7559,64203,RUA VERTENTES,Rua Vertentes,R. Vertentes,S,Via Pavimentada
285,93696,RUA VERTENTES DO LERIO,Rua Vertentes do Lério,R. Vertentes do Lerio,P,Via Parcialmente Pavimentada
7560,64211,RUA VERTENTES DOS LIRIOS,Rua Vertentes dos Lírios,R. Vertentes dos Lírios,S,Via Pavimentada
7561,64220,RUA VESPASIANO,Rua Vespasiano,R. Vespasiano,S,Via Pavimentada
7483,64238,RUA VESUVIO,Rua Vesúvio,R. Vesuvio,S,Via Pavimentada
2769,19968,RUA VIANA,Rua Viana,R. Viana,N,Via Não Pavimentada
7566,64289,RUA VIANOPOLIS,Rua Vianópolis,R. Vianopolis,N,Via Não Pavimentada
7567,64297,RUA VICENCIA,Rua Vicência,R. Vicencia,P,Via Parcialmente Pavimentada
7569,64319,RUA VICENTE AMORIM,Rua Vicente Amorim,R. Vicente Amorim,S,Via Pavimentada
7339,64424,RUA VICENTE DO REGO MONTEIRO,Rua Vicente do Rego Monteiro,R. Vicente do Rego Monteiro,S,Via Pavimentada
35,64386,RUA VICENTE LICINIO,Rua Vicente Licínio,R. Vicente Licinio,S,Via Pavimentada
7341,64440,RUA VICENTE PINZON,Rua Vicente Pinzon,R. Vicente Pinzon,N,Via Não Pavimentada
7343,64467,RUA VICENTE RIBEIRO DE BARROS,Rua Vicente Ribeiro de Barros,R. Vicente Ribeiro de Barros,N,Via Não Pavimentada
7344,64483,RUA VICENTE ZIRPOLI,Rua Vicente Zírpoli,R. Vicente Zirpoli,S,Via Pavimentada
7345,64491,RUA VICENTINA,Rua Vicentina,R. Vicentina,S,Via Pavimentada
8181,71269,RUA VICTOR FELICIANO,Rua Victor Feliciano,R. Victor Feliciano,N,Via Não Pavimentada
7335,64530,RUA VIDAL DE NEGREIROS,Rua Vidal de Negreiros,R. Vidal de Negreiros,S,Via Pavimentada
39,64548,RUA VIDEIRA,Rua Videira,R. Videira,S,Via Pavimentada
2761,19909,RUA VIEIRAS,Rua Vieiras,R. Vieiras,N,Via Não Pavimentada
1683,10154,RUA VIGARIO BARRETO,Rua Vigário Barreto,R. Vigario Barreto,S,Via Pavimentada
7122,60500,RUA VIGARIO TENORIO,Rua Vigário Tenório,R. Vigário Tenório,S,Via Pavimentada
8018,69493,RUA VILA CAPILE,Rua Vila Capilé,R. Vila Capile,P,Via Parcialmente Pavimentada
242,64602,RUA VILA CRUZ,Rua Vila Cruz,R. Vila Cruz,X,Não definida
10587,107808,RUA VILA ESMERALDA,Rua Vila Esmeralda,R. Vila Esmeralda,S,Via Pavimentada
7576,64610,RUA VILA FLOR,Rua Vila Flor,R. Vila Flor,S,Via Pavimentada
238,64653,RUA VILA ISABEL,Rua Vila Isabel,R. Vila Isabel,N,Via Não Pavimentada
7587,64750,RUA VILALVA,Rua Vilalva,R. Vilalva,N,Via Não Pavimentada
239,64661,RUA VILA MODELO,Rua Vila Modelo,R. Vila Modelo,N,Via Não Pavimentada
10473,101109,RUA VILA NETO,Rua Vila Neto,R. Vila Neto,X,Não definida
10168,95990,RUA VILA NOVA ESPERANCA,Rua Vila Nova Esperança,R. Vila Nova Esperanca,X,Não definida
7579,64688,RUA VILA REAL,Rua Vila Real,R. Vila Real,S,Via Pavimentada
7580,64696,RUA VILA RICA,Rua Vila Rica,R. Vila Rica,S,Via Pavimentada
11336,118087,RUA VILA RUI ANTONIO DA ROSA BORGES,Rua Vila Rui Antônio da Rosa Borges,R. Vila Rui Antônio da Rosa Borges,N,Via Não Pavimentada
8378,73474,RUA VILA TEIMOSA,Rua Vila Teimosa,R. Vila Teimosa,S,Via Pavimentada
9678,88242,RUA VILA UM POR TODOS,Rua Vila Um Por Todos,R. Vila Um Por Todos,S,Via Pavimentada
7583,64718,RUA VILA VELHA,Rua Vila Velha,R. Vila Velha,P,Via Parcialmente Pavimentada
8234,71790,RUA VILA VISEU,Rua Vila Viseu,R. Vila Viseu,N,Via Não Pavimentada
7596,64815,RUA VINTE DE FEVEREIRO,Rua Vinte de Fevereiro,R. Vinte de Fevereiro,S,Via Pavimentada
3830,29815,RUA VINTE DE NOVEMBRO,Rua Vinte de Novembro,R. Vinte de Novembro,N,Via Não Pavimentada
7593,64793,RUA VINTE E DOIS DE ABRIL,Rua Vinte e Dois de Abril,R. Vinte e Dois de Abril,S,Via Pavimentada
7720,65960,RUA VINTE E DOIS DE ABRIL,Rua Vinte e Dois de Abril,R. Vinte e Dois de Abril,N,Via Não Pavimentada
7599,64831,RUA VINTE E DOIS DE AGOSTO,Rua Vinte e Dois de Agosto,R. Vinte e Dois de Agosto,P,Via Parcialmente Pavimentada
8652,76430,RUA VINTE E DOIS DE JULHO,Rua Vinte e Dois de Julho,R. Vinte e Dois de Julho,X,Não definida
7595,64807,RUA VINTE E DOIS DE OUTUBRO,Rua Vinte e Dois de Outubro,R. Vinte e Dois de Outubro,S,Via Pavimentada
6170,51357,RUA VINTE E DOIS DE SETEMBRO,Rua Vinte e Dois de Setembro,R. Vinte e Dois de Setembro,P,Via Parcialmente Pavimentada
2830,20559,RUA VINTE E NOVE DE AGOSTO,Rua Vinte e Nove de Agosto,R. Vinte e Nove de Agosto,N,Via Não Pavimentada
2826,20516,RUA VINTE E NOVE DE JUNHO,Rua Vinte e Nove de Junho,R. Vinte e Nove de Junho,S,Via Pavimentada
7601,64840,RUA VINTE E QUATRO DE AGOSTO,Rua Vinte e Quatro de Agosto,R. Vinte e Quatro de Agosto,S,Via Pavimentada
7602,64858,RUA VINTE E QUATRO DE FEVEREIRO,Rua Vinte e Quatro de Fevereiro,R. Vinte e Quatro de Fevereiro,P,Via Parcialmente Pavimentada
7603,64866,RUA VINTE E QUATRO DE JUNHO,Rua Vinte e Quatro de Junho,R. Vinte e Quatro de Junho,S,Via Pavimentada
2819,20451,RUA VINTE E QUATRO DE JUNHO,Rua Vinte e Quatro de Junho,R. Vinte e Quatro de Junho,N,Via Não Pavimentada
7604,64874,RUA VINTE E QUATRO DE MAIO,Rua Vinte e Quatro de Maio,R. Vinte e Quatro de Maio,S,Via Pavimentada
7606,64882,RUA VINTE E QUATRO DE OUTUBRO,Rua Vinte e Quatro de Outubro,R. Vinte e Quatro de Outubro,S,Via Pavimentada
7607,64890,RUA VINTE E SEIS DE JANEIRO,Rua Vinte e Seis de Janeiro,R. Vinte e Seis de Janeiro,S,Via Pavimentada
7334,64904,RUA VINTE E SEIS DE MARCO,Rua Vinte e Seis de Março,R. Vinte e Seis de Marco,P,Via Parcialmente Pavimentada
7608,64912,RUA VINTE E SETE DE JANEIRO,Rua Vinte e Sete de Janeiro,R. Vinte e Sete de Janeiro,S,Via Pavimentada
10017,93025,RUA VINTE E TRES DE ABRIL,Rua Vinte e Três de Abril,R. Vinte e Tres de Abril,N,Via Não Pavimentada
8654,76473,RUA VINTE E TRES DE AGOSTO,Rua Vinte e Três de Agosto,R. Vinte e Tres de Agosto,S,Via Pavimentada
5496,45314,RUA VINTE E TRES DE MARCO,Rua Vinte e Tres de Março,R. Vinte e Tres de Marco,X,Não definida
378,91111,RUA VINTE E UM,Rua Vinte e Um,R. Vinte e Um,S,Via Pavimentada
2781,20060,RUA VINTE E UM DE ABRIL,Rua Vinte e Um de Abril,R. Vinte e Um de Abril,X,Não definida
7507,63690,RUA VINTE E UM DE ABRIL,Rua Vinte e Um de Abril,R. Vinte e Um de Abril,S,Via Pavimentada
7611,64947,RUA VINTE E UM DE ABRIL,Rua Vinte e Um de Abril,R. Vinte e Um de Abril,S,Via Pavimentada
7619,64971,RUA VINTE E UM DE DEZEMBRO,Rua Vinte e Um de Dezembro,R. Vinte e Um de Dezembro,S,Via Pavimentada
7617,64955,RUA VINTE E UM DE JUNHO,Rua Vinte e Um de Junho,R. Vinte e Um de Junho,S,Via Pavimentada
7618,64963,RUA VINTE E UM DE MAIO,Rua Vinte e Um de Maio,R. Vinte e Um de Maio,S,Via Pavimentada
7598,64980,RUA VINTE E UM DE SETEMBRO,Rua Vinte e Um de Setembro,R. Vinte e Um de Setembro,X,Não definida
7620,64998,RUA VIOLETA,Rua Violeta,R. Violeta,S,Via Pavimentada
11673,124877,RUA VIOLONISTA ERNANE REIS,Rua violonista Ernane Reis,R. violonista Ernane Reis,N,Via Não Pavimentada
3635,28061,RUA VIOLONISTA ERNANE REIS,Rua Violonista Ernane Reis,R. Violonista Ernane Reis,N,Via Não Pavimentada
7624,65021,RUA VIRGILIO DE MELO FRANCO,Rua Virgílio de Melo Franco,R. Virgilio de Melo Franco,P,Via Parcialmente Pavimentada
7627,65048,RUA VIRGILIO OLIVEIRA,Rua Virgílio Oliveira,R. Virgílio Oliveira,P,Via Parcialmente Pavimentada
7629,65064,RUA VIRGINIA,Rua Virgínia,R. Virginia,S,Via Pavimentada
7630,65072,RUA VIRGINIA HERACLIO,Rua Virgínia Heráclio,R. Virginia Heraclio,S,Via Pavimentada
7631,65080,RUA VIRGINIA LORETO,Rua Virgínia Loreto,R. Virginia Loreto,S,Via Pavimentada
7632,65099,RUA VIRGINIO CAMPELLO,Rua Virgínio Campello,R. Virginio Campello,S,Via Pavimentada
7635,65110,RUA VIRGINOPOLIS,Rua Virginópolis,R. Virginopolis,S,Via Pavimentada
7636,65129,RUA VIRGOLANDIA,Rua Virgolândia,R. Virgolandia,S,Via Pavimentada
7637,65137,RUA VIRIATO CORREIA,Rua Viriato Correia,R. Viriato Correia,S,Via Pavimentada
531,78,RUA VISCONDE DE ABAETE,Rua Visconde de Abaeté,R. Visc de Abaete,S,Via Pavimentada
750,1902,RUA VISCONDE DE ALCANTARA,Rua Visconde de Alcântara,R. Visc de Alcântara,S,Via Pavimentada
1356,7102,RUA VISCONDE DE ARAGUAYA,Rua Visconde de Araguaya,R. Visc de Araguaya,S,Via Pavimentada
1602,9350,RUA VISCONDE DE AZUARA,Rua Visconde de Azuara,R. Visc de Azuara,P,Via Parcialmente Pavimentada
1652,9849,RUA VISCONDE DE BARBACENA,Rua Visconde de Barbacena,R. Visc de Barbacena,S,Via Pavimentada
1887,11886,RUA VISCONDE DE BOM JARDIM,Rua Visconde de Bom Jardim,R. Visc de Bom Jardim,S,Via Pavimentada
2007,12912,RUA VISCONDE DE CABO FRIO,Rua Visconde de Cabo Frio,R. Visc de Cabo Frio,S,Via Pavimentada
2052,13315,RUA VISCONDE DE CAIRU,Rua Visconde de Cairu,R. Visc de Cairu,S,Via Pavimentada
2266,15610,RUA VISCONDE DE CASTILHO,Rua Visconde de Castilho,R. Visc de Castilho,S,Via Pavimentada
2522,17736,RUA VISCONDE DE CORREIA BOTELHO,Rua Visconde de Correia Botelho,R. Visc de Correia Botelho,P,Via Parcialmente Pavimentada
2611,18538,RUA VISCONDE DE CRUZEIRO,Rua Visconde de Cruzeiro,R. Visconde de Cruzeiro,N,Via Não Pavimentada
3427,26140,RUA VISCONDE DE GARRETT,Rua Visconde de Garrett,R. Visc de Garrett,P,Via Parcialmente Pavimentada
3499,26824,RUA VISCONDE DE GOIANA,Rua Visconde de Goiana,R. Visc de Goiana,S,Via Pavimentada
3631,28029,RUA VISCONDE DE GUARARAPES,Rua Visconde de Guararapes,R. Visc de Guararapes,S,Via Pavimentada
3887,30376,RUA VISCONDE DE INHAUMA,Rua Visconde de Inhauma,R. Visc de Inhauma,N,Via Não Pavimentada
3913,30830,RUA VISCONDE DE ITABORAI,Rua Visconde de Itaboraí,R. Visc de Itaborai,S,Via Pavimentada
3978,31240,RUA VISCONDE DE ITAPARICA,Rua Visconde de Itaparica,R. Visc de Itaparica,S,Via Pavimentada
4156,32972,RUA VISCONDE DE JEQUITINHONHA,Rua Visconde de Jequitinhonha,R. Visc de Jequitinhonha,S,Via Pavimentada
5023,40894,RUA VISCONDE DE MAMANGUAPE,Rua Visconde de Mamanguape,R. Visc de Mamanguape,P,Via Parcialmente Pavimentada
5316,43699,RUA VISCONDE DE MAUA,Rua Visconde de Mauá,R. Visc de Maua,X,Não definida
5823,48275,RUA VISCONDE DE OURO PRETO,Rua Visconde de Ouro Preto,R. Visc de Ouro Preto,S,Via Pavimentada
6071,50539,RUA VISCONDE DE PELOTAS,Rua Visconde de Pelotas,R. Visc de Pelotas,S,Via Pavimentada
6284,52426,RUA VISCONDE DE PORTO SEGURO,Rua Visconde de Porto Seguro,R. Visc de Porto Seguro,S,Via Pavimentada
513,53309,RUA VISCONDE DE SA BANDEIRA,Rua Visconde de Sá Bandeira,R. Visc de Sa Bandeira,P,Via Parcialmente Pavimentada
10353,99287,RUA VISCONDE DE SANTO ALBINO,Rua Visconde de Santo Albino,R. Visc de Santo Albino,S,Via Pavimentada
7101,60313,RUA VISCONDE DE TAUNAY,Rua Visconde de Taunay,R. Visc de Taunay,S,Via Pavimentada
1891,11932,RUA VISCONDE DO BOM RETIRO,Rua Visconde do Bom Retiro,R. Visc do Bom Retiro,X,Não definida
7381,62480,RUA VISCONDE DO URUGUAI,Rua Visconde do Uruguai,R. Visc do Uruguai,S,Via Pavimentada
5944,49344,RUA VISCONDE PARNAIBA,Rua Visconde Parnaíba,R. Visc Parnaiba,P,Via Parcialmente Pavimentada
9701,88480,RUA VISCONDE DE SABUGOSA,Rua Visconde Sabugosa,R. Visc Sabugosa,S,Via Pavimentada
4817,39160,RUA VIS DO LIVRAMENTO,Rua Viscondessa do Livramento,R. Vis do Livramento,S,Via Pavimentada
7641,65153,RUA VISGUEIRO,Rua Visgueiro,R. Visgueiro,S,Via Pavimentada
9748,89273,RUA VISTA ALEGRE,Rua Vista Alegre,R. Vista Alegre,S,Via Pavimentada
7642,65170,RUA VISTA NOVA,Rua Vista Nova,R. Vista Nova,N,Via Não Pavimentada
7644,65200,RUA VITAL BRASIL,Rua Vital Brasil,R. Vital Brasil,S,Via Pavimentada
7645,65218,RUA VITAL DE OLIVEIRA,Rua Vital de Oliveira,R. Vital de Oliveira,S,Via Pavimentada
1441,7900,RUA VITORIA,Rua Vitória,R.Vitoria,X,Não definida
7649,65269,RUA VITORIA DA CONQUISTA,Rua Vitória da Conquista,R. Vitoria da Conquista,P,Via Parcialmente Pavimentada
7650,65277,RUA VITORIA DE SANTO ANTAO,Rua Vitoria de Santo Antao,R. Vitoria de Santo Antao,S,Via Pavimentada
1338,6874,RUA VITORIANA,Rua Vitoriana,R. Vitoriana,S,Via Pavimentada
7653,65307,RUA VITORIANO EBLA,Rua Vitoriano Ebla,R. Vitoriano Ebla,S,Via Pavimentada
7655,65323,RUA VITORIANO PALHARES,Rua Vitoriano Palhares,R. Vitoriano Palhares,S,Via Pavimentada
7651,65285,RUA VITORIA REGIA,Rua Vitória Régia,R. Vitoria Regia,X,Não definida
6779,57088,RUA VITORIA REGIA,Rua Vitória Régia,R. Vitoria Regia,S,Via Pavimentada
10523,101648,RUA VITORIA REGIA,Rua Vitória Régia,R. Vitoria Regia,N,Via Não Pavimentada
7658,65358,RUA VOLTA ALEGRE,Rua Volta Alegre,R. Volta Alegre,N,Via Não Pavimentada
1291,17647,RUA VOLTA DO SINO,Rua Volta do Sino,R. Volta do Sino,N,Via Não Pavimentada
7659,65366,RUA VOLTA GRANDE,Rua Volta Grande,R. Volta Grande,S,Via Pavimentada
7663,65390,RUA VOLUNTARIOS DA PATRIA,Rua Voluntários da Pátria,R. Voluntarios da Patria,S,Via Pavimentada
7664,65404,RUA VOTORANTIN,Rua Votorantin,R. Votorantin,S,Via Pavimentada
356,126896,RUA VULPIANO MACHADO,RUA VULPIANO MACHADO,R. Vulpiano Machado,S,Via Pavimentada
7692,65625,RUA WAGNER,Rua Wagner,R. Wagner,S,Via Pavimentada
8126,70637,RUA WALDEMAR CEZAR MARINHO,Rua Waldemar Cezar Marinho,R. Waldemar Cezar Marinho,S,Via Pavimentada
7690,65609,RUA WALDEMAR NERY CARNEIRO MONTEIRO,Rua Waldemar Nery Carneiro Monteiro,R. Waldemar Nery Carneiro Monteiro,P,Via Parcialmente Pavimentada
11834,700487,RUA WALDEMAR REIS DO REGO,Rua Waldemar Reis do Rego,R. Waldemar Reis do Rego,S,Via Pavimentada
11683,124966,RUA WALDEMIR DA SILVA TELLES,Rua Waldemir da Silva Telles,R. Waldemir da Silva Telles,N,Via Não Pavimentada
9530,87238,RUA WALDEMIR TELLES,Rua Waldemir Telles,R. Waldemir Teles,N,Via Não Pavimentada
7686,65579,RUA WALFRIDO DE MEDEIROS,Rua Walfrido de Medeiros,R. Walfrido de Medeiros,S,Via Pavimentada
9516,86983,RUA WALMIR MORAES,Rua Walmir Moraes,R. Walmir Moraes,N,Via Não Pavimentada
11674,124885,RUA WALTER TURTON,Rua Walter Turton,R. Walter Turton,N,Via Não Pavimentada
10020,93106,RUA WASHINGTON DUARTE ESPINOLA,Rua Washington Duarte Espínola,R. Washington Duarte Espínola,P,Via Parcialmente Pavimentada
10533,107115,RUA WELLINGTON DO NASCIMENTO FLOR,Rua Wellington do Nascimento Flor,R. Wellington do Nascimento Flor,S,Via Pavimentada
7696,65668,RUA WILFRID RUSSEL SHORTO,Rua Wilfrid Russel Shorto,R. Wilfrid Russel Shorto,S,Via Pavimentada
7667,65439,RUA XAMBRE,Rua Xambre,R. Xambre,S,Via Pavimentada
7675,65510,RUA XAPURI,Rua Xapuri,R. Xapuri,S,Via Pavimentada
7668,65447,RUA XAVANTES,Rua Xavantes,R. Xavantes,S,Via Pavimentada
7669,65455,RUA XAVANTINA,Rua Xavantina,R. Xavantina,N,Via Não Pavimentada
4640,37419,RUA XAVIER DE BRITO,Rua Xavier de Brito,R. Xavier de Brito,S,Via Pavimentada
7671,65471,RUA XAVIER MARQUES,Rua Xavier Marques,R. Xavier Marques,S,Via Pavimentada
7673,65498,RUA XAVIER SOBRINHO,Rua Xavier Sobrinho,R. Xavier Sobrinho,S,Via Pavimentada
7780,66583,RUA XEXEU,Rua Xexéu,R. Xexeu,S,Via Pavimentada
9716,88692,RUA XEXEU,Rua Xexéu,R. Xexeu,N,Via Não Pavimentada
7706,65790,RUA XIMBORE,Rua Ximboré,R. Ximbore,S,Via Pavimentada
7674,65501,RUA XIQUE-XIQUE,Rua Xique-Xique,R. Xique-Xique,S,Via Pavimentada
8238,71838,RUA XUCURU,Rua Xurucu,R. Xucuru,S,Via Pavimentada
11444,119407,RUA YITZHAK RABIN,Rua Yitzhak Rabin,R. Yitzhak Rabin,N,Via Não Pavimentada
7676,65528,RUA YOLANDA,Rua Yolanda,R. Yolanda,P,Via Parcialmente Pavimentada
7678,65536,RUA YONY SAMPAIO,Rua Yony Sampaio,R. Yony Sampaio,S,Via Pavimentada
7681,65730,RUA ZEFERINO AGRA,Rua Zeferino Agra,R. Zeferino Agra,S,Via Pavimentada
7683,65749,RUA ZEFERINO GALVAO,Rua Zeferino Galvão,R. Zeferino Galvao,S,Via Pavimentada
7702,65757,RUA ZEFERINO PINHO,Rua Zeferino Pinho,R. Zeferino Pinho,P,Via Parcialmente Pavimentada
7703,65765,RUA ZEFERINO SALES,Rua Zeferino Sales,R. Zeferino Sales,P,Via Parcialmente Pavimentada
7701,65722,RUA ZELIA,Rua Zélia,R. Zelia,S,Via Pavimentada
7705,65781,RUA ZENOBIO LINS,Rua Zenóbio Lins,R. Zenobio Lins,S,Via Pavimentada
11711,125180,RUA ZEPPELIN,Rua Zeppelin,R Zeppelin,S,Via Pavimentada
7709,65820,RUA ZEZITO COSTA REGO,Rua Zezito Costa Rego,R. Zezito Costa Rego,P,Via Parcialmente Pavimentada
9870,90760,RUA ZILDA S DE SANTANA,Rua Zilda S de Santana,R. Zilda S de Santana,P,Via Parcialmente Pavimentada
9161,82627,RUA ZULEIDE MOURA,Rua Zuleide Moura,R. Zuleide Moura,N,Via Não Pavimentada
10013,92959,RUA ZUMBI DOS PALMARES,Rua Zumbi dos Palmares,R. Zumbi Dos Palmares,P,Via Parcialmente Pavimentada
11633,124206,SUB ABC,Subida ABC,Sub Abc,X,Não definida
8137,70726,SUB ALTO DO CAPITAO,Subida Alto do Capitão,Sub Alto do Capitão,S,Via Pavimentada
11306,117765,SUB DA ANITA,Subida da Anita,Sub. da Anita,S,Via Pavimentada
10059,94161,SUB DA ASSEMBLEIA,Subida da Assembléia,Sub da Assembleia,S,Via Pavimentada
9955,91880,SUB DA BACARDI,Subida da Bacardi,Sub da Bacardi,S,Via Pavimentada
10062,94196,SUB DA BRASILEIRA,Subida da Brasileira,Sub da Brasileira,S,Via Pavimentada
10203,96580,SUB DA CARRAPETA,Subida da Carrapeta,Sub da Carrapeta,S,Via Pavimentada
3417,26050,SUB DA GARAPEIRA,Subida da Garapeira,Sub da Garapeira,X,Não definida
5971,49581,SUB DA MAMBAIA,Subida da Mambaia,Sub da Mambaia,S,Via Pavimentada
5331,43826,SUB DA MEDALHA MILAGROSA,Subida da Medalha Milagrosa,Sub da Medalha Milagrosa,S,Via Pavimentada
8749,77836,SUB DA PITOMBINHA,Subida da Pitombinha,Sub da Pitombinha,S,Via Pavimentada
8777,78166,SUB DA RUA AVENCA,Subida da Rua Avenca,Sub da R. Avenca,N,Via Não Pavimentada
574,442,SUB DO ACAFRAO,Subida do Açafrão,Sub do Açafrão,S,Via Pavimentada
9644,87831,SUB DO ANDRADE,Subida do Andrade,Sub do Andrade,S,Via Pavimentada
8605,75850,SUB DO CAJUEIRO,Subida do Cajueiro,Sub do Cajueiro,S,Via Pavimentada
3446,26310,SUB DO GENESIO,Subida do Genésio,Sub do Genesio,S,Via Pavimentada
11493,120561,SUB DO JACARE,Subida do Jacaré,Sub do Jacare,X,Não definida
9081,82015,SUB DO JAPONES,Subida do Japonês,Sub do Japones,S,Via Pavimentada
9645,87840,SUB DO JOAQUIM,Subida do Joaquim,Sub do Joaquim,S,Via Pavimentada
2288,15822,SUB DO MERERE,Subida do Mereré,Sub do Merere,X,Não definida
2277,15725,SUB DONA CATARINA,Subida Dona Catarina,Sub Dona Catarina,S,Via Pavimentada
2562,18090,SUB DONA COTINHA,Subida Dona Cotinha,Sub Dona Cotinha,P,Via Parcialmente Pavimentada
9420,85901,SUB DO PATRONATO,Subida do Patronato,Sub do Patronato,S,Via Pavimentada
2867,20885,SUB DO PENSAMENTO,Subida do Pensamento,Sub do Pensamento,S,Via Pavimentada
9651,87882,SUB DO RESERVATORIO,Subida do Reservatório,Sub do Reservatorio,S,Via Pavimentada
9350,85219,SUB DOS GONCALVES,Subida dos Gonçalves,Sub dos Gonçalves,N,Via Não Pavimentada
10060,94170,SUB DO TOINHO,Subida do Toinho,Sub do Toinho,S,Via Pavimentada
6027,50113,SUB PEDRO BRAZ,Subida Pedro Braz,Sub Pedro Braz,S,Via Pavimentada
9647,87858,SUB PIORINI,Subida Piorini,Sub Piorini,S,Via Pavimentada
10446,100757,SUB SAO BENTO,Subida São Bento,Sub São Bento,X,Não definida
8205,71510,SUB TAPAJOS,Subida Tapajós,Sub Tapajos,X,Não definida
10434,100676,SUB TEREZA CARNEIRO,Subida Tereza Carneiro,Sub Tereza Carneiro,X,Não definida
9980,92290,SUB TRES MORROS,Subida Tres Morros,Sub. Tres Morros,S,Via Pavimentada
311,119644,SUB URBANO,Subida Urbano,Sub. Urbano,N,Via Não Pavimentada
11516,120790,SUB VISCONDE DE GARRETT,Subida Visconde de Garrett,Sub Visc de Garrett,N,Via Não Pavimentada
10532,107107,TRV ESBERARD,Tavessa Esberard,Trv. Esberard,N,Via Não Pavimentada
8555,75329,TRV AFONSO OLINDENSE,Travessa Afonso Olindense,Trv Afonso Olindense,S,Via Pavimentada
10869,111929,TRV AGOSTINHO BARBALHO,Travessa Agostinho Barbalho,Trv Agostinho Barbalho,X,Não definida
10954,113379,TRV AGUA COMPRIDA,Travessa Água Comprida,Trv Agua Comprida,X,Não definida
9926,91499,TRV AGUAS DE PRATA,Travessa Águas de Prata,Trv Águas de Prata,S,Via Pavimentada
8669,76724,TRV ALAGOINHA,Travessa Alagoinha,Trv Alagoinha,S,Via Pavimentada
10696,111139,TRV ALCOBACA,Travessa Alcobaça,Trv Alcobaca,S,Via Pavimentada
9902,91308,TRV ALIANCA,Travessa Aliança,Trv Alianca,N,Via Não Pavimentada
11009,114103,TRV ALICE GOMES,Travessa Alice Gomes,Trv Alice Gomes,N,Via Não Pavimentada
11080,114707,TRV ALMEIDA,Travessa Almeida,Trv Almeida,X,Não definida
7987,68926,TRV ALTEROSA,Travessa Alterosa,Trv Alterosa,N,Via Não Pavimentada
9427,85960,TRV ALTO BRASIL,Travessa Alto Brasil,Trv Alto Brasil,S,Via Pavimentada
10463,100986,TRV ALTO DA BRASILEIRA,Travessa Alto da Brasileira,Trv Alto da Brasileira,X,Não definida
8273,72249,TRV ALTO DA CONQUISTA,Travessa Alto da Conquista,Trv Alto da Conquista,S,Via Pavimentada
9461,86398,TRV ALTO DA FAVELA,Travessa Alto da Favela,Trv Alto da Favela,S,Via Pavimentada
9924,91480,TRV ALTO DA SERRINHA,Travessa Alto da Serrinha,Trv Alto da Serrinha,S,Via Pavimentada
4932,40215,TRV ALTODA SERRINHA,Travessa Alto da Serrinha,Trv Alto da Serrinha,N,Via Não Pavimentada
11720,125288,TRV ALTO DO BENJAMIM,Travessa Alto do Benjamim,Trv. Alto do Benjamim,N,Via Não Pavimentada
9672,88170,TRV ALTO DO CABOCLINHO,Travessa Alto do Caboclinho,Trv  Alto do Caboclinho,N,Via Não Pavimentada
9788,89850,TRV ALTO DO CEU,Travessa Alto do Céu,Trv Alto do Ceu,X,Não definida
9979,92282,TRV ALTO DO LEONARDO,Travessa Alto do Leonardo,Trv. Alto do Leonardo,S,Via Pavimentada
10163,95788,TRV ALTO DO MARRECO,Travessa Alto do Marreco,Trv Alto do Marreco,S,Via Pavimentada
10526,107018,TRV ALTO DO OLHO D'AGUA,Travessa Alto do Olho D`Água,Trv Alto do Olho D`Água,N,Via Não Pavimentada
8988,80624,TRV ALTO DO PACHECO,Travessa Alto do Pacheco,Trv Alto do Pacheco,X,Não definida
11022,114006,TRV ALTO DO PERERINHA,Travessa Alto do Pereirinha,Trv Alto do Pereirinha,P,Via Parcialmente Pavimentada
11351,118362,TRV ALTO DO REFUGIO,Travessa Alto do Refúgio,Trv. Alto do Refúgio,S,Via Pavimentada
4693,37877,TRV ALTO DO RESERVATORIO,Travessa Alto do Reservatório,Trv Alto do Reservatorio,S,Via Pavimentada
11177,116122,TRV ALTO JEQUIRI,Travessa Alto Jequiri,Trv Alto Jequiri,P,Via Parcialmente Pavimentada
11870,701602,TRV ALTO JOSE BONIFACIO,Travessa Alto José Bonifácio,Trv Alto José Bonifacio,X,Não definida
1278,14125,TRV ALTO NOSSA SENHORA DE FATIMA,Travessa Alto Nossa Senhora de Fatima,Trv Alto Nossa Senhora de Fatima,S,Via Pavimentada
10357,99333,TRV ALTO NOSSA SENHORA DE FATIMA,Travessa Alto Nossa Senhora de Fátima,Trv. Alto N. Sra. de Fátima,S,Via Pavimentada
11462,120219,TRV ALTO PARAGUAI,Travessa Alto Paraguai,Trv Alto Paraguai,X,Não definida
8938,80098,TRV ALTO SAO JOSE,Travessa Alto São José,Trv Alto São José,N,Via Não Pavimentada
11020,113964,TRV AMERICA CISNEIROS,Travessa América Cisneiros,Trv America Cisneiros,S,Via Pavimentada
10317,98795,TRV AMOREIRA,Travessa Amoreira,Trv Amoreira,S,Via Pavimentada
10691,111074,TRV ANA LIMA BRANDAO,Travessa Ana Lima Brandão,Trv Ana Lima Brandao,X,Não definida
11163,115932,TRV ANCHIETA,Travessa Anchieta,Trv Anchieta,N,Via Não Pavimentada
10384,99643,TRV ANICEDA CASELLI,Travessa Aniceda Caselli,Trv Aniceda Caselli,X,Não definida
11058,114448,TRV ANTONIO CAMELO,Travessa Antônio Camelo,Trv Antônio Camelo,S,Via Pavimentada
10955,113387,TRV ANTONIO CARNEIRO,Travessa Antônio Carneiro,Trv Antônio Carneiro,S,Via Pavimentada
10527,107026,TRV ANTONIO CARNEIRO,Travessa Antônio Carneiro,TrV Antônio Carneiro,N,Via Não Pavimentada
8893,79553,TRV ANTONIO COSTA BARBOSA,Travessa Antônio Costa Barbosa,Trv Antônio Costa Barbosa,S,Via Pavimentada
10661,109932,TRV ANTONIO EDUARDO AMORIM,Travessa Antônio Eduardo Amorim,Trv Antônio Eduardo Amorim,N,Via Não Pavimentada
10305,98680,TRV ANTONIO MEIRA,Travessa Antônio Meira,Trv Antônio Meira,X,Não definida
11056,114413,TRV APARECIDA,Travessa Aparecida,Trv Aparecida,S,Via Pavimentada
3378,25739,TRV AQUIRAZ,Travessa Aquiraz,Trv Aquiraz,S,Via Pavimentada
6217,51837,TRV ARAPONGAS,Travessa Arapongas,Trv Arapongas,S,Via Pavimentada
11091,114839,TRV ARARIPE JUNIOR,Travessa Araripe Junior,Trv.  Araripe Junior,S,Via Pavimentada
11664,124702,TRV ARAXA,Travessa Araxá,Trv  Araxá,S,Via Pavimentada
9671,88161,TRV AREALVA,Travessa Arealva,Trv Arealva,N,Via Não Pavimentada
11299,117684,TRV ARISTARCO PAVAO,Travessa Aristarco Pavão,Trv Aristarco Pavao,X,Não definida
10611,108910,TRV ARISTONICO DE OLIVEIRA,Travessa Aristonico de Oliveira,Trv Aristonico de Oliveira,X,Não definida
9441,86118,TRV ARLINDA PEREIRA DE SANTANA,Travessa Arlinda Pereira de Santana,Trv Arlinda Pereira de Santana,N,Via Não Pavimentada
11432,119270,TRV ARNOLDO MAGALHAES,Travessa Arnoldo Magalhães,Trv. Arnoldo Magalhães,N,Via Não Pavimentada
11624,123412,TRV ARTELANO DE BARROS CAVALCANTI,Travessa Artelano de Barros Cavalvanti,Trv Artelano de Barros Cavalcanti,S,Via Pavimentada
10825,111481,TRV ARY PETER,Travessa Ary Peter,Trv Ary Peter,X,Não definida
11179,116149,TRV ASA BRANCA,Travessa Asa Branca,Trv Asa Branca,S,Via Pavimentada
11152,115819,TRV ASSIS BRASIL,Travessa Assis Brasil,Trv Assis Brasil,N,Via Não Pavimentada
8798,78344,TRV ATLANTICA,Travessa Atlântica,Trv Atlantica,S,Via Pavimentada
8083,70181,TRV AUGUSTO RODRIGUES,Travessa Augusto Rodrigues,Trv Augusto Rodrigues,N,Via Não Pavimentada
9907,91367,1TR AUREA,Travessa Áurea,Trv Aurea,S,Via Pavimentada
503,76112,TRV AUSTRO COSTA,Travessa Austro Costa,Trv Austro Costa,S,Via Pavimentada
280,85057,TRV AVENCA,Travessa Avenca,Trv Avenca,S,Via Pavimentada
9173,82732,TRV AVIADOR REGO BARROS,Travessa Aviador Rego Barros,Trv Aviador Rego Barros,S,Via Pavimentada
4066,32247,TRV BADEJO,Travessa Badejo,Trv Badejo,S,Via Pavimentada
11829,700274,TRV BARAO DE BONITO,Travessa Barão de Bonito,Trv Barão de Bonito,X,Não definida
11320,118257,TRV BARAO DE CAPIBARIBE,Travessa Barão de Capibaribe,Trv Barão de Capibaribe,S,Via Pavimentada
9239,83682,TRV BARAO DE LADARIO,Travessa Barão de Ladário,Trv Barão de Ladario,X,Não definida
9298,84379,TRV BARAO DE MURIBECA,Travessa Barão de Muribeca,Trv Barão de Muribeca,S,Via Pavimentada
11195,116360,TRV BARAO DE SANTO ANGELO,Travessa Barão de Santo Ângelo,Trv Barão de Santo Angelo,N,Via Não Pavimentada
4956,40266,TRV BARAO JAPARANA,Travessa Barão Japarana,Trv Barão Japarana,S,Via Pavimentada
10024,93254,TRV BARRA DOS COQUEIROS,Travessa Barra dos Coqueiros,Trv Barra Dos Coqueiros,N,Via Não Pavimentada
8865,79197,TRV BARRA LONGA,Travessa Barra Longa,Trv Barra Longa,N,Via Não Pavimentada
8265,72168,TRV BARRA SECA,Travessa Barra Seca,Trv Barra Seca,S,Via Pavimentada
8495,74519,TRV BARROS REGO,Travessa Barros Rego,Trv Barros Rego,N,Via Não Pavimentada
9222,83445,TRV BAURU,Travessa Bauru,Trv Bauru,P,Via Parcialmente Pavimentada
1043,4642,TRV BELA VISTA,Travessa Bela Vista,Trv Bela Vista,S,Via Pavimentada
11452,119482,TRV BELMINO CORREIA,Travessa Belmino Correia,Trv Belmino Correia,N,Via Não Pavimentada
9235,83631,TRV BELMIRO DE BARROS,Travessa Belmiro de Barros,Trv Belmiro de Barros,P,Via Parcialmente Pavimentada
9078,81710,TRV BEM-ME-QUER,Travessa Bem-me-quer,Trv Bem-me-quer,S,Via Pavimentada
8508,74691,TRV BEM POSTA,Travessa Bem Posta,Trv Bem Posta,S,Via Pavimentada
11010,113859,TRV BENTO DE ABREU,Travessa Bento de Abreu,Trv Bento de Abreu,S,Via Pavimentada
9261,83941,TRV BERLIM,Travessa Berlim,Trv Berlim,N,Via Não Pavimentada
11312,117811,TRV BERNARDIM RIBEIRO,Travessa Bernardim Ribeiro,Trv Bernardim Ribeiro,N,Via Não Pavimentada
106,126314,TRV BETIM,Travessa Betim,Trv. Betim,S,Via Pavimentada
11766,126330,TRV BEZERRA DA PALMA,Travessa Bezerra da Palma,Trv Bezerra da Palma,N,Via Não Pavimentada
11124,115240,TRV BOANERGES PEREIRA,Travessa Boanerges Pereira,Trv Boanerges Pereira,S,Via Pavimentada
11121,115207,TRV BOANERGES PEREIRA,Travessa Boanerges Pereira,Trv Boanerges Pereira,S,Via Pavimentada
11193,116343,TRV BOAVENTURA RODRIGUES,Travessa Boaventura Rodrigues,Trv Boaventura Rodrigues,S,Via Pavimentada
10763,110582,TRV BONFIM,Travessa Bonfim,Trv Bonfim,N,Via Não Pavimentada
11162,115924,TRV BONITO,Travessa Bonito,Trv Bonito,X,Não definida
10768,110647,TRV BRASIL,Travessa Brasil,Trv Brasil,N,Via Não Pavimentada
9967,92010,TRV BRASILEIA,Travessa Brasiléia,Trv Brasileia,X,Não definida
11355,118427,TRV BRASILIA FORMOSA,Travessa Brasilia Formosa,Trv. Brasilia Formosa,S,Via Pavimentada
11456,119636,TRV BRAULIO CAVALCANTI,Travessa Braulio Cavalcanti,Trv. Braulio Cavalcanti,X,Não definida
10779,110833,TRV BRIGADEIRO ANTONIO DE SAMPAIO,Travessa Brigadeiro Antônio de Sampaio,Trv. Brig. Antônio de Sampaio,N,Via Não Pavimentada
313,119601,TRV BRUNO VELOSO,Travessa Bruno Veloso,Trv Bruno Veloso,N,Via Não Pavimentada
11830,700320,TRV CABO EUTROPIO,Travessa Cabo Eutropio,Trv Cabo Eutropio,X,Não definida
9452,86240,TRV CABO EUTROPIO,Travessa Cabo Eutrópio,Trv Cabo Eutropio,N,Via Não Pavimentada
11174,116092,TRV CABO HERMITO DE SA,Travessa Cabo Hermito de Sá,Trv Cabo Hermito de Sa,S,Via Pavimentada
10050,93998,TRV CABO HERMITO DE SA,Travessa Cabo Hermito de Sá,Trv Cabo Hermito de Sa,S,Via Pavimentada
11249,117013,TRV CABO JOSE DA CONCEIçãO,Travessa Cabo José da Conceição,Trv Cabo José da Conceituo,N,Via Não Pavimentada
7992,69043,TRV CACIMBAO,Travessa Cacimbão,Trv Cacimbao,X,Não definida
11840,700657,TRV CAIARA,Travessa Caiara,Trv Caiara,N,Via Não Pavimentada
9932,91561,TRV CAJAPIO,Travessa Cajapio,Trv Cajapio,X,Não definida
9480,86630,TRV CAJUI,Travessa Cajui,Trv Cajui,X,Não definida
11752,125962,TRV CAMACHO,Travessa Camacho,Trv. Camacho,X,Não definida
8471,88404,TRV CAMBE,Travessa Cambe,Trv Cambe,X,Não definida
5304,43532,TRV CAMBORIU,Travessa Camboriu,Trv Camboriu,S,Via Pavimentada
11534,120987,TRV CAMPO DO BANGU,Travessa Campo do Bangu,Trv Campo do Bangu,S,Via Pavimentada
10119,95141,TRV CAMPO FLORIDO,Travessa Campo Florido,Trv Campo Florido,N,Via Não Pavimentada
8726,77550,TRV CAMPOS TABAIARES,Travessa Campos Tabaiares,Trv Campos Tabaiares,N,Via Não Pavimentada
10405,100218,TRV CANAA,Travessa Canaa,Tr. Canaa,N,Via Não Pavimentada
11141,115681,TRV CANDIDO MENDES,Travessa Candido Mendes,Trv Candido Mendes,N,Via Não Pavimentada
11632,124192,TRV CANTORA DOLORES DURAN,Travessa Cantora Dolores Duran,Trv. Cantora Dolores Duran,S,Via Pavimentada
10234,97110,TRV CAPANEMA,Travessa Capanema,Trv Capanema,S,Via Pavimentada
10737,110230,TRV CAPILE,Travessa Capilé,Trv Capile,N,Via Não Pavimentada
520,72338,TRV CAPITAO AURELIO DE ARAUJO,Travessa Capitão Aurelio de Araujo,Trv Cap Aurelio de Araujo,N,Via Não Pavimentada
8899,79618,TRV CAP DOMINGOS DA COSTA,Travessa Capitão Domingos da Costa,Trv Cap Domingos da Costa,N,Via Não Pavimentada
11114,115088,TRV CAPITAO GREGORIO DE ALBUQUERQUE,Travessa Capitão Gregório de Albuquerque,Trv Cap Gregorio de Albuquerque,S,Via Pavimentada
10772,110680,TRV CAPITAO SALGUEIRO,Travessa Capitão Salgueiro,Trv Cap Salgueiro,S,Via Pavimentada
11385,118737,TRV CARAPEBA,Travessa Carapeba,Trv. Carapeba,N,Via Não Pavimentada
10836,111643,TRV CARATINGA,Travessa Caratinga,Trv Caratinga,X,Não definida
9941,91685,TRV CARAVELAS,Travessa Caravelas,Tr. Caravelas,N,Via Não Pavimentada
8435,74110,TRV CARLOPOLIS,Travessa Carlópolis,Trv Carlópolis,P,Via Parcialmente Pavimentada
11041,114260,TRV CARLOS GOMES,Travessa Carlos Gomes,Trv Carlos Gomes,S,Via Pavimentada
10347,99171,TRV CARNEIRO PESSOA,Travessa Carneiro Pessoa,Trv Carneiro Pessoa,S,Via Pavimentada
8843,78840,TRV CASCADURA,Travessa Cascadura,Trv Cascadura,N,Via Não Pavimentada
11182,116173,TRV CASSIA,Travessa Cássia,Trv Cassia,X,Não definida
11053,114383,TRV CATURAI,Travessa Caturaí,Trv. Caturaí,S,Via Pavimentada
7518,63789,TRV CAVALCANTE,Travessa Cavalcante,Trv Cavalcante,N,Via Não Pavimentada
693,1350,TRV CAXAMBU,Travessa Caxambu,Trv Caxambu,S,Via Pavimentada
11341,118192,TRV CENTRAL,Travessa Central,Trv Central,N,Via Não Pavimentada
9428,85979,TRV CENTRAL,Travessa Central,Trv Central,S,Via Pavimentada
11086,114782,TRV CERRO NEGRO,Travessa Cerro Negro,Trv Cerro Negro,N,Via Não Pavimentada
10123,95192,TRV CEZARIA CAMPELO,Travessa Cezaria Campelo,Trv Cezaria Campelo,N,Via Não Pavimentada
9917,91430,TRV CHA DE ALEGRIA,Travessa Chã de Alegria,Trv Cha de Alegria,S,Via Pavimentada
10596,108731,TRV CHAGAS  FERREIRA,Travessa Chagas Ferreira,Trv Chaga Ferreira,N,Via Não Pavimentada
9439,86070,TRV CHALE,Travessa Chalé,Trv Chale,N,Via Não Pavimentada
10368,99430,TRV CHA PRETO,Travessa Chá Preto,Trv. Chá Preto,N,Via Não Pavimentada
10327,98914,TRV CHAVES MARTINS,Travessa Chaves Martins,Trv Chaves Martins,N,Via Não Pavimentada
10689,111058,TRV CHEGA DE SAUDADE,Travessa Chega de Saudade,Trv Chega de Saudade,X,Não definida
11267,117307,TRV CHIADOR,Travessa Chiador,Trv Chiador,N,Via Não Pavimentada
9636,87750,TRV CINTRA,Travessa Cintra,Trv Cintra,X,Não definida
10723,110167,TRV CIPOTANIA,Travessa Cipotania,Trv. Cipotania,N,Via Não Pavimentada
7351,73245,TRV CLARANA,Travessa Claranã,Trv Clarana,N,Via Não Pavimentada
2104,13790,TRV CLODOMIRO SELVA,Travessa Clodomiro Selva,Trv Clodomiro Selva,X,Não definida
9334,84808,TRV CLOTILDE DE OLIVEIRA,Travessa Clotilde de Oliveira,Trv Clotilde de Oliveira,P,Via Parcialmente Pavimentada
11610,123250,TRV COELHO NETO,Travessa Coelho Neto,Trv. Coelho Neto,X,Não definida
10169,96091,TRV COMENDADOR FRANCO FERREIRA,Travessa Comendador Franco Ferreira,Trv Comendador Franco Ferreira,S,Via Pavimentada
288,93831,TRV COMPOSITOR EDGAR MORAES,Travessa Compositor Edgar Moraes,Trv Comp Edgar Moraes,X,Não definida
10432,100650,TRV COMPOSITOR JOAO VALENCA,Travessa Compositor João Valença,Trv Comp João Valenca,X,Não definida
3155,23507,TRV COMPOSITOR VINICIUS DE MORAIS,Travessa Compositor Vinícius de Morais,Trv Comp Vinicius de Morais,X,Não definida
10710,115428,TRV CONCEICAO DE MACABU,Travessa Conceição de Macabu,Trv Conceição de Macabu,S,Via Pavimentada
11301,117706,TRV CONEGO JOSE FERNANDES MACHADO,Travessa Cônego José Fernandes Machado,Trv Conego José Fernandes Machado,P,Via Parcialmente Pavimentada
8857,79090,TRV CONS THEODORO,Travessa Conselheiro Theodoro,Trv Cons Theodoro,N,Via Não Pavimentada
10176,96172,TRV CONTINENTAL,Travessa Continental,Trv Continental,S,Via Pavimentada
10786,110906,TRV CORACAO DE JESUS,Travessa Coração de Jesus,Trv Coracao de Jesus,S,Via Pavimentada
10959,113140,TRV CORACAO DE MARIA,Travessa Coração de Maria,Trv Coracao de Maria,N,Via Não Pavimentada
11835,700509,TRV CORDISLANDIA,Travessa Cordislandia,Trv Cordislandia,X,Não definida
263,76848,TRV CORINTO,Travessa Corinto,Trv Corinto,S,Via Pavimentada
9107,82236,TRV CORIPOS,Travessa Coripos,Trv Coripos,X,Não definida
10736,110221,TRV CORONEL FERNANDO FURTADO,Travessa Coronel Fernando Furtado,Trv Cel Fernando Furtado,N,Via Não Pavimentada
11727,125490,TRV CORONEL PILAR,Travessa Coronel Pilar,trv. Cel Pilar,N,Via Não Pavimentada
377,91103,TRV CORREGO BOMBEIRENSE,Travessa Córrego Bombeirense,Trv Corrego Bombeirense,S,Via Pavimentada
9064,81620,TRV CORREGO DA BICA,Travessa Córrego da Bica,Trv Córrego da Bica,N,Via Não Pavimentada
11591,121770,TRV CORREGO DA FORTUNA,Travessa Córrego da Fortuna,Trv Corrego da Fortuna,P,Via Parcialmente Pavimentada
8846,78875,TRV CORREGO DO CARROCEIRO,Travessa Córrego do Carroceiro,Trv Corrego do Carroceiro,P,Via Parcialmente Pavimentada
11016,113913,TRV CORREGO DO DEODATO,Travessa Córrego do Deodato,Trv Córrego do Deodato,P,Via Parcialmente Pavimentada
8264,72150,TRV CORREGO DO EUCLIDES,Travessa Córrego do Euclides,Trv Corrego do Euclides,S,Via Pavimentada
11088,114812,TRV CORREGO DO MARRECO,Travessa Córrego do Marreco,Trv Corrego do Marreco,P,Via Parcialmente Pavimentada
10943,112941,TRV CORREGO DO OURO,Travessa Córrego do Ouro,Trv Corrego do Ouro,S,Via Pavimentada
10161,95761,TRV CORREGO JOSE APRIGIO,Travessa Córrego José Aprígio,Trv Corrego José Aprigio,S,Via Pavimentada
10821,111430,TRV CORREGO JOSE GRANDE,Travessa Córrego José Grande,Trv Corrego José Grande,S,Via Pavimentada
10505,106038,TRV CORREGO NOVO,Travessa Córrego Novo,Trv Corrego Novo,N,Via Não Pavimentada
9113,82066,TRV CORREGO SANTA TEREZINHA,Travessa Córrego Santa Terezinha,Trv Corrego Santa Terezinha,S,Via Pavimentada
9111,82040,TRV CORREGO SAO JOSE,Travessa Córrego São José,Trv Corrego São José,S,Via Pavimentada
11606,122971,TRV CORREIA DE BRITO,Travessa  Correia de Brito,Trv. Correia de Brito,X,Não definida
8592,75710,TRV CORREIA NETO,Travessa Correia Neto,Trv Correia Neto,S,Via Pavimentada
10202,96571,TRV CRICIUMA,Travessa Criciúma,Trv Criciuma,S,Via Pavimentada
10491,101389,TRV CRISTALINA,Travessa Cristalina,Trv Cristalina,N,Via Não Pavimentada
8970,80403,TRV CRUZ CABUGA,Travessa Cruz Cabugá,Trv Cruz Cabuga,S,Via Pavimentada
11228,116807,TRV CUIARI,Travessa Cuiari,Trv Cuiari,P,Via Parcialmente Pavimentada
11226,116777,TRV CURUCA,Travessa Curuca,Trv Curuca,X,Não definida
1847,11592,TRV DA ALEGRIA,Travessa da Alegria,Trv da Alegria,S,Via Pavimentada
10893,112410,TRV DA ALIANCA,Travessa da Aliança,Trv da Aliança,S,Via Pavimentada
741,1848,TRV DA AV SUL,Travessa da Avenida Sul,Trv da Av Sul,X,Não definida
1754,10600,TRV DA BELA,Travessa da Bela,Trv da Bela,N,Via Não Pavimentada
8875,79332,TRV DA CAPELA,Travessa da Capela,Trv da Capela,N,Via Não Pavimentada
2477,17400,TRV DA CONGREGACAO,Travessa da Congregação,Trv da Congregacao,X,Não definida
11713,125229,TRV DA CUTIA,Travessa da Cutia,Trv da Cutia,N,Via Não Pavimentada
11025,114049,TRV DA DEMOCRACIA,Travessa da Democracia,Trv. da Democracia,S,Via Pavimentada
9238,83674,TRV DA ESPERANCA,Travessa da Esperança,Trv da Esperanca,X,Não definida
10299,98558,TRV DA EST DO FORTE D ARRAIAL N D B JESUS,TRAVESSA DA EST DO FORTE D ARRAIAL N D B JESUS,TRV DA EST DO FORTE D ARRAIAL N D B JESUS,S,Via Pavimentada
10055,94110,TRV DA ESTRADA MUMBECA,Travessa da Estrada Mumbeca,Trv da Estrada Mumbeca,S,Via Pavimentada
11060,114464,TRV DA FRONTEIRA,Travessa da Fronteira,Trv. da Fronteira,S,Via Pavimentada
10543,107174,TRV DA JAQUEIRA,Travessa da Jaqueira,Trv da Jaqueira,N,Via Não Pavimentada
9460,86380,TRV DA MACAIBA,Travessa da Macaiba,Trv da Macaiba,S,Via Pavimentada
11750,125946,TRV DA MANGABEIRA,Travessa da Mangabeira,Trv. da Mangabeira,X,Não definida
10117,95125,TRV DA MATA,Travessa da Mata,Trv da Mata,N,Via Não Pavimentada
10809,111309,TRV DANCING DAYS,Travessa Dancing Days,Trv Dancing Days,S,Via Pavimentada
11005,113794,TRV DANIEL,Travessa Daniel,Trv Daniel,S,Via Pavimentada
11076,114650,TRV DANIEL ANTONIO RODRIGUES,Travessa Daniel Antônio Rodrigues,Trv Daniel Antônio Rodrigues,X,Não definida
8752,77860,TRV DA OLARIA,Travessa da Olaria,Trv da Olaria,X,Não definida
10540,107158,TRV DA PAZ,Travessa da Paz,Trv da Paz,N,Via Não Pavimentada
10513,101524,TRV DA PAZ,Travessa da Paz,Trv da Paz,X,Não definida
8888,79499,TRV DA PITOMBEIRA,Travessa da Pitombeira,Trv da Pitombeira,S,Via Pavimentada
10508,101478,TRV DA RECUPERACAO,Travessa da Recuperação,Trv da Recuperacao,S,Via Pavimentada
2507,17515,TRV DA REDE,Travessa da Rede,Trv da Rede,S,Via Pavimentada
8124,70610,TRV DA REGENERACAO,Travessa da Regeneração,Trv da Regeneracao,X,Não definida
11187,116262,TRV DA ROSA,Travessa da Rosa,Trv da Rosa,N,Via Não Pavimentada
8913,79855,TRV DA RUA GUAPUA,Travessa da Rua Guapua,Trv da R. Guapua,P,Via Parcialmente Pavimentada
8776,78158,TRV DA RUA LAGE DE UNA,Travessa da Rua Lage do Una,Trv da R. Lage do Una,N,Via Não Pavimentada
11590,121754,TRV DAS ARARAS,Travessa das Araras,Trv das Araras,X,Não definida
9535,87297,TRV DAS FLORES,Travessa das Flores,Trv das Flores,S,Via Pavimentada
9908,91375,TRV DAS HORTAS,Travessa das Hortas,Trv das Hortas,S,Via Pavimentada
11746,125849,TRV DAS LEVADAS,Travessa das Levadas,Trv. das Levadas,N,Via Não Pavimentada
8227,71722,TRV DAS UBAIAS,Travessa das Ubaias,Trv das Ubaias,S,Via Pavimentada
8483,84999,TRV DA TERNURA,Travessa da Ternura,Trv da Ternura,S,Via Pavimentada
8581,75590,TRV DA TRINDADE,Travessa da Trindade,Trv da Trindade,S,Via Pavimentada
1858,11690,TRV DA UNIAO,Travessa da União,Trv da União,S,Via Pavimentada
1871,11754,TRV DA VITORIA,Travessa da Vitória,Trv da Vitoria,X,Não definida
11670,124745,TRV DA VITORIA,Travessa da Vitória,Trv da Vitória,N,Via Não Pavimentada
10577,107662,TRV DA VITORIA,Travessa da Vitória,Trv da Vitoria,X,Não definida
9211,83283,TRV DA VOLTA,Travessa da Volta,Trv da Volta,N,Via Não Pavimentada
9496,86835,TRV DELEGADO TRINDADE HENRIQUES,Travessa Delegado Trindade Henriques,Trv Delegado Trindade Henriques,P,Via Parcialmente Pavimentada
8704,77348,TRV DELFIM,Travessa Delfim,Trv Delfim,N,Via Não Pavimentada
10812,111341,TRV DEODORO DA FONSECA,Travessa Deodoro da Fonseca,Trv Deodoro da Fonseca,S,Via Pavimentada
10411,100331,TRV DEPUTADO BEROALDO LOPES MAIA,Travessa Deputado Beroaldo Lopes Maia,Trv Dep Beroaldo Lopes Maia,S,Via Pavimentada
10430,100641,TRV DEPUTADO GOMES DE SA,Travessa Deputado Gomes de Sá,Trv Dep Gomes de Sa,S,Via Pavimentada
312,119652,TRV DES JOSE NEVES,Travessa Desembargador José Neves,Trv Des. José Neves,N,Via Não Pavimentada
11641,124443,TRV DES LUIZ MARINHO,Travessa Desembargador Luiz Marinho,Trv Desembargador Luiz Marinho,N,Via Não Pavimentada
10613,108936,TRV DESPORTIST GEO,Travessa Desportista Geo,Trv Desportist Geo,N,Via Não Pavimentada
9031,81167,TRV DESTERRO,Travessa Desterro,Trv Desterro,X,Não definida
11740,125725,TRV DEZENOVE DE ABRIL,Travessa Dezenove de Abril,Tr. Dezenove de Abril,X,Não definida
502,71730,TRV DIANOPOLIS,Travessa Dianópolis,Trv Dianopolis,N,Via Não Pavimentada
10787,110914,TRV DINIS,Travessa Dinis,Trv Dinis,N,Via Não Pavimentada
1019,4391,TRV DO AMORIM,Travessa do Amorim,Trv do Amorim,S,Via Pavimentada
11751,125954,TRV DO ANIL,Travessa do Anil,Trv. do Anil,X,Não definida
10576,107654,TRV DO APOLO,Travessa do Apolo,Trv do Apolo,S,Via Pavimentada
1482,8281,TRV DO ARSENAL DE GUERRA,Travessa do Arsenal de Guerra,Trv do Arsenal de Guerra,S,Via Pavimentada
11402,118940,TRV DO BAMBU,Travessa do Bambu,Trv do Bambu,S,Via Pavimentada
1645,9776,TRV DO BANDEIRA,Travessa do Bandeira,Trv do Bandeira,S,Via Pavimentada
9766,89524,TRV DO CACIMBAO,Travessa do Cacimbão,Trv do Cacimbão,N,Via Não Pavimentada
8595,75752,TRV DO CAIS DA DETENCAO,Travessa do Cais da Detenção,Trv do Cais da Detencao,S,Via Pavimentada
8108,70424,TRV DO CAJUEIRO,Travessa do Cajueiro,Trv do Cajueiro,N,Via Não Pavimentada
8539,75116,TRV DO CAMPO,Travessa do Campo,Trv do Campo,N,Via Não Pavimentada
6039,50229,TRV DO CAMPO,Travessa do Campo,Trv do Campo,P,Via Parcialmente Pavimentada
11718,125261,TRV DO CAPRICHO,Travessa do Capricho,Trv do Capricho,N,Via Não Pavimentada
2302,16039,TRV DO CIRIGADO,Travessa do Cirigado,Trv do Cirigado,X,Não definida
3048,22667,TRV DO COMISSARIO,Travessa do Comissário,Trv do Comissario,X,Não definida
11305,117757,TRV DO CONGO,Travessa do Congo,Trv do Congo,S,Via Pavimentada
2536,17965,TRV DO COSTA,Travessa do Costa,Trv do Costa,S,Via Pavimentada
8892,79545,TRV DO CRISTAL,Travessa do Cristal,Trv do Cristal,X,Não definida
3159,23558,TRV DO FALCAO,Travessa do Falcão,Trv do Falcao,S,Via Pavimentada
3163,23574,TRV DO FARIAS,Travessa do Farias,Trv do Farias,S,Via Pavimentada
3236,24325,TRV DO FERREIRA,Travessa do Ferreira,Trv do Ferreira,S,Via Pavimentada
10355,99317,TRV DO FIGUEIROA FARIAS,Travessa do Figueiroa Farias,Trv do Figueiroa Farias,N,Via Não Pavimentada
8542,75183,TRV DO FORTE,Travessa do Forte,Trv do Forte,S,Via Pavimentada
11857,701270,TRV DO GANSO,Travessa do Ganso,Trv do Ganso,X,Não definida
3428,26158,TRV DO GASPAR,Travessa do Gaspar,Trv do Gaspar,P,Via Parcialmente Pavimentada
3549,27251,TRV DO GIRASSOL,Travessa do Girassol,Trv do Girassol,N,Via Não Pavimentada
3511,26930,TRV DO GOMES,Travessa do Gomes,Trv do Gomes,S,Via Pavimentada
3682,28452,TRV DO GUSMAO,Travessa do Gusmão,Trv do Gusmao,S,Via Pavimentada
10460,100951,TRV DO HORTELA,Travessa do Hortela,Trv do Hortela,X,Não definida
11168,116017,TRV DOIS,Travessa Dois,Trv Dois,S,Via Pavimentada
11240,116939,TRV DOIS RIOS,Travessa Dois Rios,Trv Dois Rios,S,Via Pavimentada
150,32085,TRV DO JACINTO,Travessa do Jacinto,Trv do Jacinto,N,Via Não Pavimentada
11130,115576,TRV DO LIRIO,Travessa do Lírio,Trv do Lirio,N,Via Não Pavimentada
4982,40509,TRV DO MACEDO,Travessa do Macêdo,Trv do Macedo,S,Via Pavimentada
5984,49689,TRV DOM BASILIO,Travessa Dom Basilio,Trv Dom Basilio,S,Via Pavimentada
5358,44083,TRV DO MERCADO,Travessa do Mercado,Trv do Mercado,S,Via Pavimentada
9901,91278,TRV DO MUSSU,Travessa do Mussu,Trv do Mussu,N,Via Não Pavimentada
7973,68780,TRV DONA AQUILINA,Travessa Dona Aquilina,Trv Dona Aquilina,X,Não definida
11119,115185,TRV DONA CARENTINA,Travessa Dona Carentina,Trv Dona Carentina,X,Não definida
11289,117595,TRV DONA CIPRIANA DA SILVA DIAS,Travessa Dona Cipriana da Silva Dias,Trv Dona Cipriana da Silva Dias,X,Não definida
11031,114120,2TR DONA MARGARIDA,Travessa Dona Margarida,Trv Dona 2 Margarida,N,Via Não Pavimentada
9631,87688,TRV DO NASCENTE,Travessa do Nascente,Trv do Nascente,X,Não definida
11618,123358,TRV DO OCEANO,Travessa do oceano,Trv do Oceano,S,Via Pavimentada
10047,93661,TRV DO OESTE,Travessa do Oeste,Trv do Oeste,P,Via Parcialmente Pavimentada
8092,70262,TRV DO OLIVEIRA,Travessa do Oliveira,Trv do Oliveira,S,Via Pavimentada
11262,117145,TRV DO PAPA-CAPIM,Travessa do Papa-Capim,Trv do Papa-Capim,N,Via Não Pavimentada
11261,117137,TRV DO PATROCINADOR,Travessa do Patrocinador,Trv do Patrocinador,N,Via Não Pavimentada
9077,81701,TRV DO PICA PAU,Travessa do Pica-Pau,Trv do Pica-Pau,S,Via Pavimentada
277,85022,TRV DO POETA APRENDIZ,Travessa do Poeta Aprendiz,Trv do Poeta Aprendiz,N,Via Não Pavimentada
6731,56685,TRV DO RAPOSO,Travessa do Raposo,Trv do Raposo,S,Via Pavimentada
10850,111775,TRV DO ROSARIO,Travessa do Rosário,Trv do Rosario,S,Via Pavimentada
9960,91944,TRV DO SABINO,Travessa do Sabino,Trv do Sabino,X,Não definida
11372,118591,TRV DOS ALIADOS,Travessa dos Aliados,Trv Dos Aliados,X,Não definida
10828,111520,TRV DO SANCHO,Travessa do Sancho,Trv do Sancho,S,Via Pavimentada
8370,73369,TRV DOS COELHOS,Travessa dos Coelhos,Trv dos Coelhos,X,Não definida
6553,54828,TRV DOS CONDOMINIOS,Travessa dos Condomínios,Trv Dos Condominios,N,Via Não Pavimentada
10638,109738,TRV DOS JASMIN,Travessa dos Jasmin,Trv dos Jasmin,N,Via Não Pavimentada
5284,43443,TRV DOS MARTIRIOS,Travessa dos Martírios,Trv dos Martirios,S,Via Pavimentada
10735,110213,TRV DOS PEIXINHOS,Travessa dos Peixinhos,Trv dos Peixinhos,X,Não definida
11212,116645,TRV DOS TIJOLOS,Travessa dos Tijolos,Trv Dos Tijolos,X,Não definida
11852,701220,TRV DO SUPAPO,Travessa do Supapo,Trv do Supapo,N,Via Não Pavimentada
7103,60348,TRV DO TAVARES,Travessa do Tavares,Trv do Tavares,N,Via Não Pavimentada
10343,99090,TRV DRA AMARILES BARBOSA DE AGUIAR,Travessa Doutora Amariles Barbosa de Aguiar,Trv Dra. Amariles Barbosa de Aguiar,S,Via Pavimentada
10298,98477,TRV DOUTOR ANTONIO CORREA DE OLIVEIRA,Travessa Doutor Antônio Correa de Oliveira,Trv Dr Antônio Correa de Oliveira,N,Via Não Pavimentada
10914,112658,TRV DR BENEVENUTO TELES NETO,Travessa Doutor Benevuto Teles Neto,Trv. Dr. Benevuto Teles Neto,S,Via Pavimentada
11721,125296,TRV DR BENIGNO JORDAO DE VASCONCELOS,Travessa Doutor Benigno Jordão de Vasconcelos,Trv Dr. Benigno Jordão de Vasconcelos,N,Via Não Pavimentada
8389,73598,TRV DR EUTIQUIO DE BARROS,Travessa Doutor Eutíquio de Barros,Trv Dr Eutíquio de Barros,S,Via Pavimentada
8498,74543,TRV DR JOSE ANASTACIO DA SILVA GUIMARAES,Travessa Doutor José Anastácio da Silva Guimarã,Trv Dr José Anastácio da Silva Guimarães,P,Via Parcialmente Pavimentada
11338,118125,TRV DR PORTO,Travessa Doutor Porto,Trv Dr. Porto,N,Via Não Pavimentada
11743,125822,TRV DOUTOR SAMUEL LINS,Travessa Doutor Samuel Lins,Tr. Dr. Samuel Lins,X,Não definida
9306,84476,TRV DR URBANO VITALINO DE MELO FILHO,Travessa Doutor Urbano Vitalino de Melo Filho,Trv Dr. Urbano Vitalino de Melo Filho,S,Via Pavimentada
7421,62820,TRV DO VALENTE,Travessa do Valente,Trv do Valente,X,Não definida
7143,60631,TRV DO VIVEIRO,Travessa do Viveiro,Trv do Viveiro,S,Via Pavimentada
2807,20338,TRV DOWSLEY,Travessa Dowsley,Trv Dowsley,S,Via Pavimentada
4048,32093,TRV DRACENA,Travessa Dracena,Trv Dracena,S,Via Pavimentada
10664,109975,TRV DR CARLOS ALBERTO DE MENEZES,Travessa Dr Carlos Alberto de Menezes,Trv Dr Carlos Alberto de Menezes,X,Não definida
11434,119300,TRV DR EUDES COSTA,Travessa Dr Eudes Costa,Trv Dr Eudes Costa,X,Não definida
10196,96504,TRV DR GEORGE WILLIAM BUTLER,Travessa Dr George William Butler,Trv Dr George William Butler,S,Via Pavimentada
8901,79642,TRV DR JOSE MARCIONILO DE BARROS LINS,Travessa Dr José Marcionilo de Barros Lins,Trv Dr José Marcionilo de Barros Lins,S,Via Pavimentada
8185,71307,TRV DR MACHADO,Travessa Dr Machado,Trv Dr Machado,S,Via Pavimentada
10766,110639,TRV DR MIGUEL VIEIRA FERREIRA,Travessa Dr Miguel Vieira Ferreira,Trv Dr Miguel Vieira Ferreira,X,Não definida
11307,117773,TRV DUARTE NUNES LEAO,Travessa Duarte Nunes Leão,Trv Duarte Nunes Leao,X,Não definida
8809,78492,TRV DULCINEIA,Travessa Dulcineia,Trv Dulcineia,S,Via Pavimentada
9131,82317,TRV EDNA,Travessa Edna,Trv Edna,S,Via Pavimentada
9132,82325,TRV EDNA,Travessa Edna,Trv Edna,X,Não definida
11392,118869,TRV EDSON FILHO,Travessa Edson Filho,Trv Edson Filho,S,Via Pavimentada
8879,79391,TRV EDUARDO CUSTODIO,Travessa Eduardo Custodio,Trv Eduardo Custodio,X,Não definida
330,126152,TRV GOVERNADOR EDUARDO HENRIQUE DE ACIOLY CAMPOS,Travessa Eduardo Henrique de Acioly Campos,Tr Eduardo Henrique de Acioly Campos,N,Via Não Pavimentada
6837,57860,TRV ELIEZER OLIMPIO DE MOURA,Travessa Eliezer Olimpio de Moura,Trv Eliezer Olimpio de Moura,N,Via Não Pavimentada
11732,125792,TRV ELIS REGINA,Travessa Elis Regina,Tr. Elis Regina,X,Não definida
11395,118893,TRV EMETERIO MACIEL,Travessa Emeterio Maciel,Trv Emeterio Maciel,N,Via Não Pavimentada
11147,115770,TRV EMILIO MONTEIRO FONSECA,Travessa Emilio Monteiro Fonseca,Trv Emilio Monteiro Fonseca,P,Via Parcialmente Pavimentada
8655,76562,TRV ENCANTA MOCA,Travessa Encanta Moça,Trv Encanta Moça,S,Via Pavimentada
10847,111740,TRV ENGENHEIRO CELIO DE CARLI,Travessa Engenheiro Célio de Carli,Trv Eng Celio de Carli,S,Via Pavimentada
11157,115878,TRV ENGENHEIRO CORREIA,Travessa Engenheiro Correia,Trv Eng Correia,X,Não definida
8645,76368,TRV ENGENHO CANTO ALEGRE,Travessa Engenho Canto Alegre,Trv Engenho Canto Alegre,N,Via Não Pavimentada
1508,8540,TRV ENGENHO ESPELHO,Travessa Engenho Espelho,Trv Engenho Espelho,X,Não definida
11418,119113,TRV ENGENHO MURIBECA,Travessa Engenho Muribeca,Trv. Eng. Muribeca,N,Via Não Pavimentada
9236,83640,TRV EPAMINONDAS MENDONçA,Travessa Epaminondas Mendonça,Trv Epaminondas Mendonça,S,Via Pavimentada
11427,119229,TRV ERNESTO DE PAULA SANTOS,Travessa Ernesto de Paula Santos,Trv. Ernesto de Paula Santos,X,Não definida
10725,110191,TRV ERUNDINA NEGREIROS DE ARAUJO,Travessa Erundina Negreiros de Araújo,Trv Erundina Negreiros de Araujo,S,Via Pavimentada
11026,114057,TRV ESCOLA DE SAGRES,Travessa Escola de Sagres,Trv Escola de Sagres,S,Via Pavimentada
11500,120650,TRV ESMERALDA,Travessa Esmeralda,Trv Esmeralda,N,Via Não Pavimentada
8089,70220,TRV ESPERANCA,Travessa Esperança,Trv Esperanca,N,Via Não Pavimentada
11854,701246,TRV ESPINHARA,Travessa Espinhara,Trv Espinhara,X,Não definida
487,40223,TRV ESPINOSA,Travessa Espinosa,Trv Espinosa,X,Não definida
5046,41122,TRV ESTRADA DO BONGI,Travessa Estrada do Bongi,Trv Estrada do Bongi,N,Via Não Pavimentada
10853,111791,TRV ESTRADA DO CURADO,Travessa Estrada do Curado,Trv Estrada do Curado,S,Via Pavimentada
2114,13854,TRV ESTRADA DO ORFANATO,Travessa Estrada do Orfanato,Tr Estrada do Orfanato,N,Via Não Pavimentada
9335,84816,TRV ESTRELA DO LESTE,Travessa Estrela do Leste,Trv Estrela do Leste,X,Não definida
8348,73148,TRV ESTRELA DO MAR,Travessa Estrela do Mar,Trv Estrela do Mar,S,Via Pavimentada
11278,117463,TRV ESTUDANTE ARLINDO ALMEIDA FILHO,Travessa Estudante Arlindo Almeida Filho,Trv Estudante Arlindo Almeida Filho,N,Via Não Pavimentada
6076,50598,TRV ETAPAS,Travessa ETAPAS,Trv Etapas,X,Não definida
11229,116815,TRV EUGENOPOLIS,Travessa Eugenopolis,Trv Eugenopolis,X,Não definida
7946,68373,TRV EVALDO LUIS FERREIRA DE SOUZA,Travessa Evaldo Luis Ferreira de Souza,Trv. Evaldo Luis Ferreira de Souza,S,Via Pavimentada
9033,81183,TRV EXP JESUINO VENTURA,Travessa Expedicionário Jesuíno Ventura,Trv Exp Jesuíno Ventura,N,Via Não Pavimentada
10179,96210,TRV EXP LAURENTINO NONATO,Travessa Exp Laurentino Nonato,Trv Exp Laurentino Nonato,X,Não definida
10184,96318,TRV FAGUNDES,Travessa Fagundes,Trv Fagundes,S,Via Pavimentada
10683,110078,TRV FARIAS LEMOS,Travessa Farias Lemos,Trv Farias Lemos,X,Não definida
10483,101281,TRV FASCINACAO,Travessa Fascinação,Trv Fascinacao,X,Não definida
11859,701343,TRV FATIMA TEIXEIRA,Travessa Fátima Teixeira,Trv Fatima Teixeira,X,Não definida
11069,114553,TRV FAUSTO RABELO,Travessa Fausto Rabelo,Trv Fausto Rabelo,X,Não definida
10831,111589,TRV FELIPE MOURA,Travessa Felipe Moura,Trv Felipe Moura,X,Não definida
10604,108863,TRV FERNANDO AECIO G SOUZA,Travessa Fernando Aécio G Souza,Trv Fernando Aecio G Souza,N,Via Não Pavimentada
9949,91820,TRV FERVEDOURO,Travessa Fervedouro,Trv Fervedouro,S,Via Pavimentada
5739,47538,TRV FIRMINOPOLIS,Travessa Firminópolis,Trv Firminópolis,S,Via Pavimentada
11107,115010,TRV FLOR DO SERTAO,Travessa Flor do Sertão,Trv Flor do Sertao,S,Via Pavimentada
10957,113123,TRV FLORESTA,Travessa Floresta,Trv Floresta,P,Via Parcialmente Pavimentada
10705,115371,TRV FLORIANO,Travessa Floriano,trv. Floriano,S,Via Pavimentada
11150,115797,TRV FRANCISCO BELTRAO,Travessa Francisco Beltrão,Trv Francisco Beltrao,P,Via Parcialmente Pavimentada
8724,77240,TRV FRANCISCO BERENGUER,Travessa Francisco Berenguer,Trv Francisco Berenguer,N,Via Não Pavimentada
8209,71552,TRV FRANCISCO DO REGO,Travessa Francisco do Rego,Trv Francisco do Rego,N,Via Não Pavimentada
8758,77941,TRV FRANCISCO LACERDA,Travessa Francisco Lacerda,Trv Francisco Lacerda,S,Via Pavimentada
11449,119466,TRV FRANCISCO LEOPOLDINO,Travessa Francisco Leopoldino,Trv Francisco Leopoldino,N,Via Não Pavimentada
10969,113255,TRV FRANCISCO RODRIGUES LOBO,Travessa Francisco Rodrigues Lobo,Trv Francisco Rodrigues Lobo,P,Via Parcialmente Pavimentada
8634,76260,TRV FREDERICO OZANAN,Travessa Frederico Ozanan,Trv Frederico Ozanan,S,Via Pavimentada
11495,120588,TRV FREI DAMIAO,Travessa Frei Damião,Trv Frei Damiao,X,Não definida
8978,80497,TRV FREI LOUREIRO,Travessa Frei Loureiro,Trv Frei Loureiro,S,Via Pavimentada
11151,115800,TRV FREI LUIS DE SOUSA,Travessa Frei Luis de Sousa,Trv Frei Luis de Sousa,P,Via Parcialmente Pavimentada
11403,118958,TRV FRUTUOSO GOMES,Travessa Frutuoso Gomes,Trv Frutuoso Gomes,N,Via Não Pavimentada
9251,83860,TRV GARCIA,Travessa Garcia,Trv Garcia,S,Via Pavimentada
8088,70211,TRV GARIBALDE,Travessa Garibalde,Trv Garibalde,N,Via Não Pavimentada
10452,100854,TRV GARIBALDINA,Travessa Garibaldina,Trv Garibaldina,X,Não definida
11273,117404,TRV GASTAO VIDIGAL,Travessa Gastão Vidigal,Trv Gastao Vidigal,X,Não definida
10106,94870,TRV GENERAL JOSE MARIA LATINO,Travessa General José Maria Latino,Trv Gal José Maria Latino,N,Via Não Pavimentada
11839,700606,TRV GENERAL MENA BARRETO,Travessa General Mena Barreto,Trv Gal Mena Barreto,P,Via Parcialmente Pavimentada
9102,81973,TRV GENTIL CARDOSO,Travessa Gentil Cardoso,Trv Gentil Cardoso,S,Via Pavimentada
11345,118303,TRV GERSON DE BARROS PIRANGE,Travessa Gerson de Barros Pirange,Trv. Gerson de Barros Pirange,N,Via Não Pavimentada
11849,701122,TRV GOIANIRA,Travessa Goianira,Trv Goianira,N,Via Não Pavimentada
11542,121207,TRV GOCALO LEITAO,Travessa Gonçalo Leitão,Trv Gonçalo Leitão,S,Via Pavimentada
10536,107301,TRV GONCALVES DIAS,Travessa Gonçalves Dias,Trv Gonçalves Dias,N,Via Não Pavimentada
10909,112577,TRV GOVERNADOR ROBERTO SILVEIRA,Travessa Governador Roberto Silveira,Trv Gov Roberto Silveira,X,Não definida
11110,115053,TRV GOVERNADOR TORRES GALVAO,Travessa Governador Torres Galvão,Trv Gov Torres Galvao,X,Não definida
11277,117455,TRV GRAMINERA,Travessa Graminera,Trv Graminera,N,Via Não Pavimentada
11627,123447,TRV GRANADA,Travessa Granada,Trv Granada,S,Via Pavimentada
10271,97861,TRV GREGORIO JUNIOR,Travessa Gregório Júnior,Trv Gregorio Junior,S,Via Pavimentada
11023,114014,TRV GRENAL,Travessa Grenal,Trv Grenal,P,Via Parcialmente Pavimentada
10556,107336,TRV GUAIANAZES,Travessa Guaianazes,Trv Guaianazes,X,Não definida
9393,85669,TRV GUANABARA,Travessa Guanabara,Trv Guanabara,X,Não definida
8310,72710,TRV GUARACI,Travessa Guaraci,Trv Guaraci,X,Não definida
8964,80349,TRV GUARACIABA,Travessa Guaraciaba,Trv Guaraciaba,S,Via Pavimentada
11068,114545,TRV GUARAI,Travessa Guarai,Trv Guarai,N,Via Não Pavimentada
9564,87513,TRV GUARANILANDIA,Travessa Guaranilândia,Trv Guaranilandia,S,Via Pavimentada
11283,117528,TRV GUARDIAO MANOEL PACHECO,Travessa Guardião Manoel Pacheco,Trv Guardiao Manoel Pacheco,N,Via Não Pavimentada
10522,101630,TRV GUARULHOS,Travessa Guarulhos,Trv Guarulhos,N,Via Não Pavimentada
11842,700789,TRV GUAXUPE,Travessa Guaxupé,Trv Guaxupe,S,Via Pavimentada
11411,119040,TRV HAVAI,Travessa Havaí,Trv. Havaí,N,Via Não Pavimentada
11356,118435,TRV HELIOPOLIS,Travessa Heliópolis,Trv Heliopolis,X,Não definida
9084,81779,TRV HERMILIO GOMES,Travessa Hermílio Gomes,Trv Hermilio Gomes,N,Via Não Pavimentada
10072,94358,TRV HONOROPOLIS,Travessa Honoropolis,Trv Honoropolis,N,Via Não Pavimentada
10005,92673,TRV HORACIO SILVA,Travessa Horacio Silva,Trv Horacio Silva,X,Não definida
10640,109819,TRV HORIZONTINA,Travessa Horizontina,Trv Horizontina,S,Via Pavimentada
11127,115533,TRV IBIPORA,Travessa Ibiporã,Trv Ibipora,N,Via Não Pavimentada
9986,92401,TRV IDA,Travessa Ida,Trv Ida,S,Via Pavimentada
11539,121177,TRV IGREJA MARANATA,Travessa Igreja Maranata,Trv Igreja Maranata,X,Não definida
8398,73695,TRV IJUI,Travessa Ijuí,Trv Ijui,P,Via Parcialmente Pavimentada
10406,100226,TRV IMBAUBA,Travessa Imbauba,Trv Imbauba,X,Não definida
11028,114073,TRV IMPERIAL,Travessa Imperial,Trv Imperial,X,Não definida
1987,12718,TRV IMPERIO SERRANO,Travessa Império Serrano,Trv Imperio Serrano,S,Via Pavimentada
1034,4561,TRV INACIO MONTEIRO,Travessa Inácio Monteiro,Trv Inacio Monteiro,S,Via Pavimentada
8940,80110,TRV INTERLANDIA,Travessa Interlandia,Trv Interlandia,P,Via Parcialmente Pavimentada
11035,114154,TRV IPANEMA,Travessa Ipanema,Trv Ipanema,X,Não definida
11340,118184,TRV IPATINGA,Travessa Ipatinga,Trv Ipatinga,X,Não definida
11380,118680,TRV IPITANGA,Travessa Ipitanga,Trv Ipitanga,X,Não definida
11027,114065,TRV IRAKITAN,Travessa Irakitan,Trv Irakitan,X,Não definida
11757,126055,TRV IRMA ANA BRIGIDA,Travessa Irmã Ana Brigida,Trv.  Irmã Ana Brigida,S,Via Pavimentada
11337,118117,TRV ITAIOPOLIS,Travessa Itaiopolis,Trv Itaiopolis,X,Não definida
11377,118648,TRV ITAMONTE,Travessa Itamonte,Trv Itamonte,X,Não definida
10018,93050,TRV ITANAGE,Travessa Itanagé,Trv Itanage,S,Via Pavimentada
10810,111317,TRV ITAPEVA,Travessa Itapeva,Trv Itapeva,S,Via Pavimentada
4963,40347,TRV ITAPIRANGA,Travessa Itapiranga,Trv Itapiranga,P,Via Parcialmente Pavimentada
338,126276,TRV ITAQUICE,Travessa Itaquice,Trv Itaquice,N,Via Não Pavimentada
11383,118710,TRV ITAUNA,Travessa Itauna,Trv Itauna,S,Via Pavimentada
9192,83062,TRV IZABEL DE GOES,Travessa Izabel de Goes,Trv Izabel de Goes,P,Via Parcialmente Pavimentada
11033,114146,TRV IZALTINO LOBO,Travessa Izaltino Lobo,Trv Izaltino Lobo,N,Via Não Pavimentada
11176,116114,TRV JACI,Travessa Jaci,Trv Jaci,N,Via Não Pavimentada
11178,116130,TRV JACIPORA,Travessa Jacipora,Trv Jacipora,S,Via Pavimentada
301,116033,TRV JAGUARE,Travessa Jaguaré,Trv Jaguare,X,Não definida
11440,119369,TRV JAPARATINGA,Travessa Japaratinga,Trv Japaratinga,X,Não definida
10832,111597,TRV JAPOMIM,Travessa Japomim,Trv Japomim,X,Não definida
7346,68381,TRV JARBAS PEREIRA MARQUES,Travessa Jarbas Pereira Marques,Trv. Jarbas Pereira Marques,S,Via Pavimentada
8151,70904,TRV JOAO BENTO BATISTA,Travessa João Bento Batista,Trv João Bento Batista,N,Via Não Pavimentada
10584,107751,TRV JOAO CARLOS PEREIRA DA MOTA,Travessa João Carlos Pereira da Mota,Trv João Carlos Pereira da Mota,S,Via Pavimentada
11561,121479,TRV JOAO CAVALCANTI PETRIBU,Travessa João Cavalcanti Petribu,Trv. João Cavalcanti Petribu,N,Via Não Pavimentada
8908,79812,TRV JOAO LEITE,Travessa João Leite,Trv João Leite,X,Não definida
10662,109940,TRV JOAO MURILI DE OLIVEIRA,Travessa João Murili de Oliveira,Trv João Murili de Oliveira,N,Via Não Pavimentada
10738,110248,TRV JOAO PRAXEDES DE OLIVEIRA FILHO,Travessa João Praxedes de Oliveira Filho,Trv João Praxedes de Oliveira Filho,X,Não definida
11825,700193,TRV JOAO SALES MENEZES,Travessa João Sales Menezes,Trv João Sales Menezes,X,Não definida
11394,118885,TRV JOAO SALES MENEZES,Travessa João Sales Menezes,Trv João Sales Menezes,X,Não definida
11378,118656,TRV JOAO VINTE E TRES,Travessa João Vinte e Tres,Trv João Vinte e Tres,X,Não definida
8120,70572,TRV JOAO XAVIER PEDROSA,Travessa João Xavier Pedrosa,Trv João Xavier Pedrosa,N,Via Não Pavimentada
8388,73580,TRV JOAQUIM DA SILVA CALDAS,Travessa Joaquim da Silva Caldas,Trv Joaquim da Silva Caldas,S,Via Pavimentada
11024,114022,TRV JOAQUIM GONCALVES TORREIRO,Travessa Joaquim Gonçalves Torreiro,Trv Joaquim Gonçalves Torreiro,N,Via Não Pavimentada
11820,700029,TRV JOAQUIM PINHEIRO,Travessa Joaquim Pinheiro,Trv Joaquim Pinheiro,N,Via Não Pavimentada
11405,118982,TRV JOAQUIM RIBEIRO,Travessa Joaquim Ribeiro,Trv Joaquim Ribeiro,X,Não definida
314,119610,TRV JONATHAS DE VASCONCELOS,Travessa Jonathas de Vasconcelos,Tr. Jonathas de Vasconcelos,X,Não definida
10007,92754,TRV JORGE COUCEIRO DA COSTA EIRAS,Travessa Jorge Couceiro da Costa Eiras,Trv. Jorge Couceiro da Costa Eiras,N,Via Não Pavimentada
10679,110019,TRV JORNALISTA ERNANI REGIS,Travessa Jornalista Ernani Regis,Trv Jorn Ernani Regis,X,Não definida
11538,121169,TRV JORNALISTA NELSON RODRIGUES,Travessa Jornalista Nelson Rodrigues,Trv Jorn Nelson Rodrigues,X,Não definida
9194,83747,TRV JORNALISTA WALDETE AGRA,Travessa Jornalista Waldete Agra,Trv Jorn Waldete Agra,N,Via Não Pavimentada
9985,92398,TRV JOSE AMERICO DE ALMEIDA,Travessa José Américo de Almeida,Trv José Americo de Almeida,P,Via Parcialmente Pavimentada
10147,95524,TRV JOSE AVELAR,Travessa José Avelar,R. Trv José Avelar,P,Via Parcialmente Pavimentada
10066,94307,TRV JOSE CARLOS N. DA MATA MACHADO,Travessa José Carlos N da Mata Machado,Trv José Carlos N. da Mata Machado,S,Via Pavimentada
10002,92614,TRV JOSE DA SILVA LUCENA,Travessa José da Silva Lucena,Trv José da Silva Lucena,X,Não definida
11073,114618,TRV JOSE DEMETRIOS,Travessa José Demetrios,Trv José Demetrios,X,Não definida
11722,125423,TRV JOSE FIRMO PIRES,Travessa  José Firmino Pires,Trv. José Firmino Pires,X,Não definida
8692,77054,TRV JOSE HIPOLITO CARDOSO,Travessa José Hipólito Cardoso,Trv José Hipolito Cardoso,N,Via Não Pavimentada
8537,75086,TRV JOSE LEITE,Travessa José Leite,Trv José Leite,P,Via Parcialmente Pavimentada
10557,107344,TRV JOSENOPOLIS,Travessa Josénopolis,Trv Josenopolis,N,Via Não Pavimentada
71,115339,TRV JOSE PENANTE,Travessa José Penante,Trv José Penante,X,Não definida
8665,76686,TRV JOSE RODRIGUES DA ROCHA,Travessa José Rodrigues da Rocha,Trv José Rodrigues da Rocha,S,Via Pavimentada
8371,73377,TRV JULIO BERNARDO,Travessa Júlio Bernardo,Trv Julio Bernardo,S,Via Pavimentada
11186,116238,TRV JULIO CESAR,Travessa Julio César,Trv Julio Cesar,X,Não definida
9046,81370,TRV JUNDIAI,Travessa Jundiaí,Trv Jundiai,P,Via Parcialmente Pavimentada
2685,19275,TRV JUREMAL,Travessa Juremal,Trv Juremal,X,Não definida
9215,83348,TRV JURITI,Travessa Juriti,Trv Juriti,S,Via Pavimentada
11004,113786,TRV LADEIRA DE PEDRA,Travessa Ladeira de Pedra,Trv Ladeira de Pedra,X,Não definida
10329,98930,TRV LADY LEAO,Travessa Lady Leão,Trv Lady Leao,S,Via Pavimentada
11057,114421,TRV LAGOA SECA,Travessa Lagoa Seca,Trv Lagoa Seca,S,Via Pavimentada
4871,76104,TRV LAJES,Travessa Lajes,Trv Lajes,X,Não definida
11731,125784,TRV LARGO DO POCO,Travessa Largo do Poço,Trv Largo do Poço,N,Via Não Pavimentada
8817,78581,TRV LASSERRE,Travessa Lasserre,Trv Lasserre,X,Não definida
10223,97276,TRV LAURINDO COELHO,Travessa Laurindo Coelho,Trv Laurindo Coelho,S,Via Pavimentada
10833,111600,TRV LAVINIA,Travessa Lavinia,Trv Lavinia,N,Via Não Pavimentada
11043,114286,TRV LAVRINHAS,Travessa Lavrinhas,Tr. Lavrinhas,N,Via Não Pavimentada
10971,113271,TRV LAZARO FONTES,Travessa Lazaro Fontes,Trv Lazaro Fontes,S,Via Pavimentada
8259,72109,TRV LEDINHA,Travessa Ledinha,Trv Ledinha,N,Via Não Pavimentada
479,78760,TRV LENIRA,Travessa Lenira,Trv Lenira,X,Não definida
11078,114685,TRV LEONCIO RODRIGUES,Travessa Leôncio Rodrigues,Trv Leoncio Rodrigues,S,Via Pavimentada
11274,117412,TRV LEOPOLDO BULHOES,Travessa Leopoldo Bulhões,Trv Leopoldo Bulhoes,X,Não definida
10858,111821,TRV LIBERDADE,Travessa Liberdade,Trv Liberdade,N,Via Não Pavimentada
10695,111120,TRV LIDIA RODRIGUES ALVES,Travessa Lídia Rodrigues Alves,Trv Lidia Rodrigues Alves,X,Não definida
68,115282,TRV LIMA CAMPOS,Travessa Lima Campos,Trv Lima Campos,S,Via Pavimentada
10807,111287,TRV LISBOA,Travessa Lisboa,Trv Lisboa,S,Via Pavimentada
8457,74357,TRV LUCELIA,Travessa Lucélia,Trv Lucelia,N,Via Não Pavimentada
10916,112674,TRV LUIS GAMA,Travessa Luis Gama,Trv Luis Gama,N,Via Não Pavimentada
6636,55662,TRV LUIZ AGONIA,Travessa Luiz Agonia,Trv Luiz Agonia,X,Não definida
10346,99163,TRV LUIZ GUIMARAES,Travessa Luiz Guimarães,Trv Luiz Guimaraes,N,Via Não Pavimentada
58,93688,TRV LUIZ MALHEIROS,Travessa Luiz Malheiros,Tr. Luiz Malheiros,N,Via Não Pavimentada
10750,110418,TRV LUIZ SOUTO DOURADO,Travessa Luiz Souto Dourado,Trv Luiz Souto Dourado,X,Não definida
10724,110183,TRV LUZITANIA,Travessa Luzitania,Trv Luzitania,S,Via Pavimentada
2085,13617,TRV MACAUBAL,Travessa Macaubal,Trv Macaubal,X,Não definida
11858,701327,TRV MACHADO,Travessa Machado,Trv Machado,S,Via Pavimentada
11248,118290,TRV MACIEL MONTEIRO,Travessa Maciel Monteiro,Trv.  Maciel Monteiro,S,Via Pavimentada
8854,79049,TRV MAESTRO ALCIDES LEAO,Travessa Maestro Alcides Leão,Trv Maestro Alcides Leao,S,Via Pavimentada
10217,96792,TRV MAESTRO JONES JOHNSON,Travessa Maestro Jones Johnson,Trv Maestro Jones Johnson,S,Via Pavimentada
10830,111570,TRV MAJOR MARIO PORTELA,Travessa Major Mario Portela,Trv Major Mario Portela,S,Via Pavimentada
261,76546,TRV MAJOR MARIO PORTELA,Travessa Major Mario Portela,Trv Major Mario Portela,X,Não definida
11430,119253,TRV MALMEQUER,Travessa Malmequer,Trv. Malmequer,N,Via Não Pavimentada
11841,700720,TRV MANICORE,Travessa Manicoré,Trv Manicore,X,Não definida
10956,113395,TRV MANOEL ANTONIO FERREIRA,Travessa Manoel Antônio Ferreira,Trv Manoel Antônio Ferreira,P,Via Parcialmente Pavimentada
10156,96067,TRV MANOEL GONCALVES DA LUZ,Travessa Manoel Gonçalves da Luz,Trv Manoel Gonçalves da Luz,S,Via Pavimentada
11655,124583,TRV MANOEL LISBOA DE MOURA,Travessa Manoel Lisboa de Moura,Trv Manoel Lisboa de Moura,N,Via Não Pavimentada
9622,87602,TRV MANOEL MOREIRA DE SOUZA,Travessa Manoel Moreira de Souza,Trv Manoel Moreira de Souza,X,Não definida
6959,59021,TRV MANOEL RODRIGUES DO PASSO,Travessa Manoel Rodrigues do Passo,Trv Manoel Rodrigues do Passo,X,Não definida
570,400,TRV MANUEL SALVADOR,Travessa Manuel Salvador,Trv Manuel Salvador,N,Via Não Pavimentada
10686,111007,TRV MARACANAZINHO,Travessa Maracanazinho,Trv Maracanazinho,N,Via Não Pavimentada
10280,97977,TRV MARAGOGIPE,Travessa Maragogipe,Trv Maragogipe,N,Via Não Pavimentada
6480,54224,TRV MARAU,Travessa Marau,Trv Marau,S,Via Pavimentada
1669,10014,TRV MARCIA MENDES,Travessa Marcia Mendes,Trv Marcia Mendes,N,Via Não Pavimentada
10400,99902,TRV MARCILIO RAMOS,Travessa Marcilio Ramos,Trv Marcilio Ramos,S,Via Pavimentada
11415,119083,TRV MARCOS FREIRE,Travessa Marcos Freire,Trv Marcos Freire,X,Não definida
11729,125768,TRV MARECHAL BITTENCOUT,Travessa Marechal Bittencout,Tr.Marechal Bittencout,X,Não definida
8556,75345,TRV MARIA CAROLINA,Travessa Maria Carolina,Trv Maria Carolina,S,Via Pavimentada
4101,32530,TRV MARIA EMILIA,Travessa Maria Emília,Trv Maria Emilia,S,Via Pavimentada
11064,114502,TRV MARIA JOSE LIMA,Travessa Maria José Lima,Trv Maria José Lima,S,Via Pavimentada
11354,118419,TRV MARIA LACERDA,Travessa Maria Lacerda,Trv Maria Lacerda,S,Via Pavimentada
10861,111856,TRV MARIA LUZIA DOS SANTOS,Travessa Maria Luzia dos Santos,Trv Maria Luzia Dos Santos,X,Não definida
9127,82279,TRV MARIA TEREZA,Travessa Maria Tereza,Trv Maria Tereza,X,Não definida
10839,111678,TRV MARIO ALBUQUERQUE CAVALCANTE,Travessa Mario Albuquerque Cavalcante,Trv Mario Albuquerque Cavalcante,N,Via Não Pavimentada
3858,30112,TRV MARIPA,Travessa Maripá,Trv Maripa,S,Via Pavimentada
10629,109703,TRV MARQUES DO PARANA,Travessa Marques do Paraná,Trv Marques do Parana,N,Via Não Pavimentada
5563,45870,TRV MASCARENHAS DE MORAES,Travessa Mascarenhas de Moraes,Trv Mascarenhas de Moraes,N,Via Não Pavimentada
8763,77992,TRV MAURICIO DE NASSAU,Travessa Mauricio de Nassau,Trv Mauricio de Nassau,X,Não definida
10560,107379,TRV MELQUI RIBEIRO ROMA,Travessa Melqui Ribeiro Roma,Trv Melqui Ribeiro Roma,X,Não definida
9232,83593,TRV MERCURIO,Travessa Mercúrio,Trv Mercurio,X,Não definida
11125,115274,TRV MIMOSO,Travessa Mimoso,Trv Mimoso,X,Não definida
4457,35823,TRV MINISTRO PASCHOAL CARLOS MAGNO,Travessa Ministro Paschoal Carlos Magno,Trv Min Paschoal Carlos Magno,P,Via Parcialmente Pavimentada
10663,109959,TRV MOACIR ALBUQUERQUE,Travessa Moacir Albuquerque,Trv Moacir Albuquerque,X,Não definida
8935,80055,TRV MOEMA,Travessa Moema,Trv Moema,N,Via Não Pavimentada
115,14192,TRV MONSENHOR TEOBALDO ROCHA,Travessa Monsenhor Teobaldo Rocha,Trv Monsenhor Teobaldo Rocha,S,Via Pavimentada
722,1660,TRV MONTE BELO,Travessa Monte Belo,Trv Monte Belo,S,Via Pavimentada
9091,81876,TRV MONTE GUARARAPES,Travessa Monte Guararapes,Trv Monte Guararapes,X,Não definida
8432,74080,TRV MONTE PASCOAL,Travessa Monte Pascoal,Trv Monte Pascoal,N,Via Não Pavimentada
9939,91669,TRV MONTEREY,Travessa Monterey,Trv Monterey,S,Via Pavimentada
9426,85952,TRV MONTE SANTO,Travessa Monte Santo,Trv Monte Santo,S,Via Pavimentada
11536,121100,TRV MORRO DEDO DE DEUS,Travessa Morro Dedo de Deus,Trv Morro Dedo de Deus,N,Via Não Pavimentada
11236,116890,TRV MUCIO CATãO,Travessa Mucio Catão,Trv Mucio Catão,N,Via Não Pavimentada
8942,80128,TRV MUNIZ GALVAO,Travessa Muniz Galvão,Trv Muniz Galvão,S,Via Pavimentada
3343,96270,TRV MURITI,Travessa Muriti,Trv Muriti,S,Via Pavimentada
9189,83038,TRV MUSTARDINHA,Travessa Mustardinha,Trv Mustardinha,N,Via Não Pavimentada
11382,118702,TRV NELSON DE SENA,Travessa Nelson de Sena,Trv Nelson de Sena,N,Via Não Pavimentada
7908,67911,TRV NICOLAU JERONIMO DE BARROS,Travessa Nicolau Jeronimo de Barros,Trv Nicolau Jeronimo de Barros,S,Via Pavimentada
11370,118575,TRV NILOPOLIS,Travessa Nilópolis,Trv Nilopolis,X,Não definida
11303,117722,TRV NILTON CARLOS,Travessa Nilton Carlos,Trv Nilton Carlos,S,Via Pavimentada
67,115568,TRV NOVA AURORA,Travessa Nova Aurora,Trv Nova Aurora,N,Via Não Pavimentada
10904,112518,TRV NOVA ESPERANCA,Travessa Nova Esperança,Trv Nova Esperanca,S,Via Pavimentada
10319,98817,TRV NOVA MILANO,Travessa Nova Milano,Trv Nova Milano,S,Via Pavimentada
11271,117374,TRV NOVA REPUBLICA,Travessa Nova República,Trv. Nova República,N,Via Não Pavimentada
10688,111031,TRV N S APARECIDA,Travessa N S Aparecida,Trv N S Aparecida,S,Via Pavimentada
10503,106011,TRV N S DA PENHA,Travessa N S da Penha,Trv N S da Penha,X,Não definida
1487,8338,TRV N S DO CARMO,Travessa N S do Carmo,Trv N S do Carmo,X,Não definida
11436,119326,TRV N S DO ROSARIO,Travessa N S do Rosário,Trv N S do Rosario,S,Via Pavimentada
11255,117072,TRV OLDEGARDO SAPUCAIA,Travessa Oldegardo Sapucaia,Trv Oldegardo Sapucaia,S,Via Pavimentada
8326,72915,TRV ONZE DE AGOSTO,Travessa Onze de Agosto,Trv Onze de Agosto,S,Via Pavimentada
9481,86649,TRV ONZE DE AGOSTO,Travessa Onze de Agosto,Trv Onze de Agosto,X,Não definida
11040,114243,TRV OTACILIO PESSOA,Travessa Otacílio Pessoa,Trv Otacilio Pessoa,S,Via Pavimentada
1599,9326,TRV PADRE AZEVEDO,Travessa Padre Azevedo,Trv Padre Azevedo,S,Via Pavimentada
9103,82171,TRV PADRE CARAPUCEIRO,Travessa Padre Carapuceiro,Trv Padre Carapuceiro,S,Via Pavimentada
10569,107468,TRV PADRE CICERO,Travessa Padre Cícero,Trv Padre Cicero,S,Via Pavimentada
9154,82520,TRV PADRE CICERO,Travessa Padre Cícero,Trv Padre Cicero,P,Via Parcialmente Pavimentada
11072,114596,TRV PADRE DIOGO RODRIGUES,Travessa Padre Diogo Rodrigues,Trv Padre Diogo Rodrigues,X,Não definida
8855,79057,TRV PADRE LANDIM,Travessa Padre Landim,Trv Padre Landim,S,Via Pavimentada
10535,107131,TRV PADRE MOSCA DE CARVALHO,Travessa Padre Mosca de Carvalho,Trv Padre Mosca de Carvalho,P,Via Parcialmente Pavimentada
8881,79413,TRV PADRE TEOFILO TWORZ,Travessa Padre Teófilo Tworz,Trv Padre Teofilo Tworz,N,Via Não Pavimentada
9259,83925,TRV PAGY,Travessa Pagy,Trv Pagy,S,Via Pavimentada
9292,84263,TRV PALMITAL,Travessa Palmital,Trv Palmital,N,Via Não Pavimentada
9243,83739,TRV PAOLOPOLIS,Travessa Paolopolis,Trv Paolopolis,N,Via Não Pavimentada
10829,111546,TRV PAPA JOAO XXIII,Travessa Papa João XXIII,Trv Papa João XXIII,N,Via Não Pavimentada
11323,117919,TRV PARA,Travessa  Pará,Trv. Pará,N,Via Não Pavimentada
9962,91952,TRV PARAGUASSU,Travessa Paraguassu,Trv Paraguassu,N,Via Não Pavimentada
9714,88676,TRV PARANAGI,Travessa Paranagi,Trv Paranagi,S,Via Pavimentada
11441,119377,TRV PARANAGUA,Travessa Paranaguá,Trv Paranaguá,N,Via Não Pavimentada
10658,109908,TRV PARIS,Travessa Paris,Trv Paris,N,Via Não Pavimentada
10799,111228,TRV PASTOR ARAPIXUNA,Travessa Pastor Arapixuna,Trv Pastor Arapixuna,X,Não definida
10801,111236,TRV PASTOR BENOBY CARVALHO DE SOUZA,Travessa Pastor Benoby Carvalho de Souza,Trv Pastor Benoby Carvalho de Souza,S,Via Pavimentada
11353,118400,TRV PATROCINIO,Travessa Patrocínio,Trv Patrocinio,S,Via Pavimentada
11243,116963,TRV PEDRA DOURADA,Travessa Pedra Dourada,Trv Pedra Dourada,S,Via Pavimentada
6018,50032,TRV PEDRO ALBUQUERQUE,Travessa Pedro Albuquerque,Trv Pedro Albuquerque,S,Via Pavimentada
11423,119172,TRV PEDRO BORGES,Travessa Pedro Borges,Trv Pedro Borges,X,Não definida
8046,69795,TRV PEDRO BOULITREAU,Travessa Pedro Boulitreau,Trv Pedro Boulitreau,S,Via Pavimentada
8833,78751,TRV PEDRO CELSO,Travessa Pedro Celso,Trv Pedro Celso,X,Não definida
11422,119164,TRV PEDRO DA COCADA,Travessa Pedro da Cocada,Trv Pedro da Cocada,S,Via Pavimentada
10857,111813,TRV PEDRO ELIAS DE LIMA,Travessa Pedro Elias de Lima,Trv Pedro Elias de Lima,S,Via Pavimentada
11006,113808,TRV PEDRO TEIXEIRA,Travessa Pedro Teixeira,Trv Pedro Teixeira,S,Via Pavimentada
11282,117510,TRV PELOPIDAS ARROXELAS GALVAO,Travessa Pelopidas Arroxelas Galvão,Trv Pelopidas Arroxelas Galvão,N,Via Não Pavimentada
11425,119202,TRV PERNAMBUCO,Travessa Pernambuco,Trv Pernambuco,N,Via Não Pavimentada
10162,96245,TRV PEROBA,Travessa Peroba,Trv Peroba,X,Não definida
8702,77321,TRV PICO DA PEVA,Travessa Pico da Peva,Trv Pico da Peva,X,Não definida
3113,23167,TRV PINDORETAMA,Travessa Pindoretama,Trv Pindoretama,S,Via Pavimentada
8359,73270,TRV PIRACICABA,Travessa Piracicaba,Trv Piracicaba,N,Via Não Pavimentada
11765,126322,TRV PIRAJA,Travessa Pirajá,Trv Pirajá,N,Via Não Pavimentada
11082,114740,TRV PIRATINI,Travessa Piratini,Trv Piratini,X,Não definida
10456,100900,TRV PIRIZAL,Travessa Pirizal,Trv Pirizal,S,Via Pavimentada
10796,111198,TRV PITA,Travessa Pita,Trv Pita,S,Via Pavimentada
9122,82210,TRV PLANURA,Travessa Planura,Trv Planura,X,Não definida
11085,114774,TRV PLATINA,Travessa Platina,Trv Platina,N,Via Não Pavimentada
4118,32719,TRV PLINIO COELHO,Travessa Plínio Coelho,Trv. Plinio Coelho,S,Via Pavimentada
10659,109916,TRV POETA MANUEL BANDEIRA,Travessa Poeta Manuel Bandeira,Trv Poeta Manuel Bandeira,S,Via Pavimentada
11239,116920,TRV POETA MARIO DE ALENCAR,Travessa Poeta Mario de Alencar,Trv Poeta Mario de Alencar,S,Via Pavimentada
11391,118826,TRV POLONI,Travessa Poloni,Trv Poloni,X,Não definida
11037,114170,TRV PORTO RICO,Travessa Porto Rico,Trv Porto Rico,N,Via Não Pavimentada
8907,79804,TRV PONTENGI,Travessa Potengi,Trv Pontengi,P,Via Parcialmente Pavimentada
11438,119342,TRV POTENGI,Travessa Potengi,Trv. Potengi,X,Não definida
11204,116564,TRV PRESIDENTE EMILIO GARRASTAZUL MEDECI,Travessa Presidente Emílio Garrastazu Médici,Trv Pres Emílio Garrastazu Médici,N,Via Não Pavimentada
8687,76996,TRV PRESIDENTE KENNEDY,Travessa Presidente Kennedy,Trv Pres Kennedy,N,Via Não Pavimentada
11439,119350,TRV PRESIDENTE OLEGARIO MACIEL,Travessa Presidente Olegário Maciel,Trv Pres Olegario Maciel,X,Não definida
11146,115762,TRV PRESIDENTE VENCESLAU,Travessa Presidente Venceslau,Trv Pres Venceslau,P,Via Parcialmente Pavimentada
10973,113417,TRV PRINCIPE DA BEIRA,Travessa Príncipe da Beira,Trv Principe da Beira,S,Via Pavimentada
10940,112887,TRV PROF ROSILDA COSTA,Travessa Professora Rosilda Costa,Trv. Profª Rosilda Costa,S,Via Pavimentada
10762,110574,TRV PROFESSOR ARTUR COUTINHO,Travessa Professor Artur Coutinho,Trv Prof Artur Coutinho,P,Via Parcialmente Pavimentada
10006,92738,TRV PROFESSOR EDUARDO WANDERLEY FILHO,Travessa Professor Eduardo Wanderley Filho,Trv Prof Eduardo Wanderley Filho,N,Via Não Pavimentada
9869,90751,TRV PROFESSOR EVERARDO DA CUNHA LIMA,Travessa Professor Everardo da Cunha Lima,Trv Prof Everardo da Cunha Lima,X,Não definida
10774,110787,TRV PROFESSOR JOAQUIM AMAZONAS,Travessa Professor Joaquim Amazonas,Trv Prof Joaquim Amazonas,X,Não definida
11540,121185,TRV PROFESSOR MARIO NEVES BAPTISTA,Travessa Professor Mario Neves Baptista,Trv Prof Mario Neves Baptista,S,Via Pavimentada
11352,118389,TRV PROFESSOR MORAES REGO,Travessa Professor Moraes Rego,Trv Prof Moraes Rego,S,Via Pavimentada
9450,86223,TRV PROFESSOR SILVIO RABELO,Travessa Professor Silvio Rabelo,Trv Prof Silvio Rabelo,S,Via Pavimentada
10775,110795,TRV PROFESSOR SIMOES BARBOSA,Travessa Professor Simões Barbosa,Trv Prof Simoes Barbosa,N,Via Não Pavimentada
10759,110531,TRV PROF JOSE AMARINO DOS REIS,Travessa Prof José Amarino dos Reis,Trv Prof José Amarino Dos Reis,S,Via Pavimentada
3263,24589,TRV RABILO,Travessa Rabilo,Trv Rabilo,S,Via Pavimentada
5458,44946,TRV RAIMUNDO GONCALVES FIGUEIREDO,Travessa Raimundo Gonçalves Figueiredo,Trv Raimundo Gonçalves Figueiredo,S,Via Pavimentada
10348,99236,TRV REALEZA,Travessa Realeza,Trv Realeza,N,Via Não Pavimentada
11649,125814,TRV RESTINGA,Travessa Restinga,Tr.Restinga,X,Não definida
11138,115649,TRV RIACHO DE SANTANA,Travessa Riacho de Santana,Trv Riacho de Santana,S,Via Pavimentada
11137,115630,TRV RIO ACIMA,Travessa Rio Acima,Trv Rio Acima,X,Não definida
8660,76619,TRV RIO CORRENTE,Travessa Rio Corrente,Trv Rio Corrente,N,Via Não Pavimentada
10486,101311,TRV RIO DOCE,Travessa Rio Doce,Trv Rio Doce,N,Via Não Pavimentada
11143,115720,TRV RIO ESPERA,Travessa Rio Espera,Trv Rio Espera,S,Via Pavimentada
10102,94838,TRV RIO GRAMAME,Travessa Rio Gramame,Trv Rio Gramame,X,Não definida
11279,117471,TRV RIO JAMUNDA,Travessa Rio Jamunda,Trv Rio Jamunda,N,Via Não Pavimentada
11258,117102,TRV RIO LARGO,Travessa Rio Largo,Trv Rio Largo,N,Via Não Pavimentada
10039,93432,TRV RIO MOXOTO,Travessa Rio Moxoto,Tr. Rio Moxoto,N,Via Não Pavimentada
9193,83070,TRV RIO TAPADO,Travessa Rio Tapado,Trv Rio Tapado,S,Via Pavimentada
11153,115827,TRV RIO XINGU,Travessa Rio Xingu,Trv Rio Xingu,X,Não definida
4134,32859,TRV RITA ANTONIO FELIX,Travessa Rita Antônio Felix,Trv Rita Antônio Felix,X,Não definida
11284,117544,TRV RODRIGO DELAMARE,Travessa Rodrigo Delamare,Trv Rodrigo Delamare,X,Não definida
9260,83933,TRV ROMELANDIA,Travessa Romelandia,Trv Romelandia,X,Não definida
9250,83852,TRV ROMEU BEZERRA PONTES,Travessa Romeu Bezerra Pontes,Trv Romeu Bezerra Pontes,S,Via Pavimentada
10379,99597,TRV RONDONOPOLIS,Travessa Rondonopolis,Trv Rondonopolis,X,Não definida
6614,55425,TRV RORAIMA,Travessa Roraima,Trv Roraima,S,Via Pavimentada
8694,77089,TRV ROSINA BAZANTE,Travessa Rosina Bazante,Trv Rosina Bazante,S,Via Pavimentada
9287,84190,TRV RUA DO RIO,Travessa Rua do Rio,Trv R. do Rio,N,Via Não Pavimentada
9542,87343,TRV RUA RIO COARI,Travessa Rua Rio Coari,Trv R. Rio Coari,X,Não definida
11882,705381,TRV RUFINO MANOEL CAETANO,Travessa Rufino Manoel Caetano,Trv Rufino Manoel Caetano,X,Não definida
11003,113778,TRV SABAUNA,Travessa Sabauna,Trv Sabauna,S,Via Pavimentada
11019,113956,TRV SANTA EFIGENIA,Travessa Santa Efigenia,Trv Santa Efigenia,S,Via Pavimentada
8967,80373,TRV SANTA EULALIA,Travessa Santa Eulália,Trv Santa Eulalia,X,Não definida
11202,116548,TRV SANTA FE,Travessa Santa Fé,Trv Santa Fe,N,Via Não Pavimentada
8290,72486,TRV SANTA LUCIA,Travessa Santa Lúcia,Trv Santa Lucia,P,Via Parcialmente Pavimentada
9337,85081,TRV SANTA MARIA,Travessa Santa Maria,Trv Santa Maria,S,Via Pavimentada
9095,81914,TRV SANTA TEREZA,Travessa Santa Tereza,Trv Santa Tereza,S,Via Pavimentada
9184,82970,TRV SANTA VITORIA,Travessa Santa Vitória,Trv Santa Vitoria,S,Via Pavimentada
11549,121290,TRV SANTO ANGELO,Travessa Santo Ângelo,Trv Santo Angelo,S,Via Pavimentada
11756,126047,TRV SANTO ANTONIO,Travessa Santo Antônio,Trv. Stº Antônio,N,Via Não Pavimentada
7500,63614,TRV SANTOS,Travessa Santos,Trv Santos,P,Via Parcialmente Pavimentada
11623,123404,TRV SAO JOAO,Travessa São João,Trv S. João,S,Via Pavimentada
9893,91006,TRV SAO JOAO BATISTA,Travessa São João Batista,Trv São João Batista,S,Via Pavimentada
9940,91677,TRV SAO JOAO EUDES,Travessa São João Eudes,Trv. São João Eudes,P,Via Parcialmente Pavimentada
8819,78603,TRV SAO JORGE,Travessa São Jorge,Trv São Jorge,X,Não definida
8172,71196,TRV SAO JOSE,Travessa São José,Trv São José,S,Via Pavimentada
7980,68845,TRV SAO LAZARO,Travessa São Lazaro,Trv São Lazaro,N,Via Não Pavimentada
10316,98787,TRV SAO LUCAS,Travessa São Lucas,Trv São Lucas,S,Via Pavimentada
10467,101044,TRV SAO MARCOS,Travessa São Marcos,Trv São Marcos,X,Não definida
11247,117005,TRV SAO MARCOS,Travessa São Marcos,Trv São Marcos,N,Via Não Pavimentada
11254,117064,TRV SãO MATEUS,Travessa São Mateus,Trv São Mateus,X,Não definida
10071,94340,TRV SAO MIGUEL,Travessa São Miguel,Trv São Miguel,S,Via Pavimentada
11653,124567,TRV SAO SEBASTIAO,Travessa São Sebatião,Trv. São Sebastião,N,Via Não Pavimentada
10589,108022,TRV SAPEZAL,Travessa Sapezal,Trv. Sapezal,N,Via Não Pavimentada
8872,79308,TRV SARGENTO JOAO LOPES FILHO,Travessa Sargento João Lopes Filho,Trv Sgt João Lopes Filho,N,Via Não Pavimentada
10680,110027,TRV SARGENTO SILVINO DE MACEDO,Travessa Sargento Silvino de Macedo,Trv Sgt Silvino de Macedo,N,Via Não Pavimentada
10660,109924,TRV SARGENTO SILVIO DELMAR HOLLEMBACH,Travessa Sargento Silvio Delmar Hollembach,Trv Sgt Silvio Delmar Hollembach,N,Via Não Pavimentada
11145,115746,TRV SATIRO DIAS,Travessa Satiro Dias,Trv Satiro Dias,S,Via Pavimentada
8184,71293,TRV SEBASTIAO GALVAO,Travessa Sebastião Galvão,Trv Sebastiao Galvao,N,Via Não Pavimentada
8258,72095,TRV SEIS DE MARCO,Travessa Seis de Marco,Trv Seis de Marco,S,Via Pavimentada
11489,120529,TRV SEMPRE VIDA,Travessa Sempre Vida,Trv Sempre Vida,N,Via Não Pavimentada
10402,100196,TRV SEMPRE VIVA,Travessa Sempre Viva,Trv Sempre Viva,X,Não definida
10418,100404,TRV SENADOR THOMAZ LOBO,Travessa Senador Thomaz Lobo,Trv Sen Thomaz Lobo,P,Via Parcialmente Pavimentada
8699,77305,TRV SERRA DO CALABOUCO,Travessa Serra do Calabouço,Trv Serra do Calabouco,S,Via Pavimentada
10104,94854,TRV SERRA NOVA,Travessa Serra Nova,Trv Serra Nova,S,Via Pavimentada
10237,97187,TRV SERRA PRETA,Travessa Serra Preta,Trv Serra Preta,N,Via Não Pavimentada
11665,124710,TRV SEVERINA GOMES,Travessa Severina Gomes,Trv Severina Gomes,S,Via Pavimentada
8877,79367,TRV SEVERINA SANTANA PEDROSA,Travessa Severina Santana Pedrosa,Trv Severina Santana Pedrosa,X,Não definida
8027,69590,TRV SEVERINO PESSOA,Travessa Severino Pessoa,Trv Severino Pessoa,S,Via Pavimentada
8934,80047,TRV SIBAUNA,Travessa Sibauna,Trv Sibauna,P,Via Parcialmente Pavimentada
10773,110760,TRV SIDROLANDIA,Travessa Sidrolandia,Trv Sidrolandia,S,Via Pavimentada
5877,48720,TRV SINDICATO DOS BANCARIOS,Travessa Sindicato dos Bancários,Trv Sindicato Dos Bancarios,X,Não definida
10534,107123,TRV SINDICATO DOS CONDOMINIOS,Travessa Sindicato dos Condomínios,Trv Sindicato Dos Condominios,N,Via Não Pavimentada
8440,74187,TRV SIRIJI,Travessa Siriji,Trv Siriji,S,Via Pavimentada
11581,121649,TRV SITIO SAPUCAIA,Travessa Sitio Sapucaia,Trv Sítio  Sapucaia,N,Via Não Pavimentada
11296,117650,TRV SOLDADO GREGORIO VILALVA,Travessa Soldado Gregório Vilalva,Trv Soldado Gregorio Vilalva,X,Não definida
11241,116947,TRV SOLDADO SEBASTIAO FELICIO,Travessa Soldado Sebastião Felício,Trv Soldado Sebastiao Felicio,N,Via Não Pavimentada
10910,114642,TRV SOLONOPOLIS,Travessa Solonopolis,Trv Solonopolis,X,Não definida
10171,96113,TRV SO NOS DOIS,Travessa Só Nos Dois,Trv So Nos Dois,S,Via Pavimentada
10515,101559,TRV SUBIDA DA UNIAO,Travessa Subida da união,Trv. Subida da união,S,Via Pavimentada
10748,110396,TRV SUCUPIRA,Travessa Sucupira,Trv Sucupira,N,Via Não Pavimentada
11613,123285,TRV SUMARI,Travessa Sumari,Trv. Sumari,X,Não definida
10590,108030,TRV SUZANO,Travessa Suzano,Trv Suzano,X,Não definida
11292,117625,TRV VERTENTES DO LERIO,Travessas Vertentes do Lério,Trv. Vertentes do Lério,N,Via Não Pavimentada
8797,78336,TRV TACAETE,Travessa Tacaete,Trv Tacaete,N,Via Não Pavimentada
11375,118621,TRV TACIABA,Travessa Taciaba,Trv Taciaba,X,Não definida
7464,63266,TRV TAMANDARE,Travessa Tamandaré,Trv Tamandaré,S,Via Pavimentada
8091,70246,TRV TAMBOARA,Travessa Tamboara,Trv Tamboara,S,Via Pavimentada
7862,67490,TRV TANCREDO NEVES,Travessa Tancredo Neves,Trv Tancredo Neves,X,Não definida
11036,114162,TRV TANCREDO NEVES,Travessa Tancredo Neves,Trv Tancredo Neves,X,Não definida
9667,88099,TRV TAPACURA,Travessa Tapacura,Trv Tapacura,N,Via Não Pavimentada
10356,99325,TRV TAPIRAI,Travessa Tapirai,Trv Tapirai,X,Não definida
9283,84140,TRV TAUA,Travessa Taua,Trv Taua,X,Não definida
8883,79677,TRV TAUBATE,Travessa Taubaté,Trv Taubate,X,Não definida
8897,79596,TRV TEIXEIRA,Travessa Teixeira,Trv Teixeira,N,Via Não Pavimentada
340,126284,TRV TENENTE MINDELO,Travessa Tenente Mindelo,Trv Tenente Mindelo,S,Via Pavimentada
11074,114626,TRV TEOFILO OTONI,Travessa Teófilo Otoni,Trv Teofilo Otoni,S,Via Pavimentada
10518,101591,TRV TEREZA CARNEIRO,Travessa Tereza Carneiro,Trv.  Tereza Carneiro,N,Via Não Pavimentada
337,126268,TRV TEREZINA,Travessa Terezina,Trv Terezina,N,Via Não Pavimentada
7182,60984,TRV TIRADENTES,Travessa Tiradentes,Trv Tiradentes,S,Via Pavimentada
11170,116076,TRV TOM JOBIM,Travessa Tom Jobim,Trv Tom Jobim,X,Não definida
11113,115070,TRV TOTA VENTURA,Travessa Tota Ventura,Trv. Tota Ventura,N,Via Não Pavimentada
10206,96628,TRV TRES DE AGOSTO,Travessa Tres de Agosto,Trv Tres de Agosto,S,Via Pavimentada
10764,110590,TRV TUMIRITINGA,Travessa Tumiritinga,Trv Tumiritinga,X,Não definida
10865,111880,TRV TUPIRACABA,Travessa Tupiracaba,Trv Tupiracaba,S,Via Pavimentada
11602,121886,TRV TUTOIA,Travessa Tutoia,Trv Tutoia,S,Via Pavimentada
7265,61700,TRV TUYUTY,Travessa Tuyuty,Trv Tuyuty,S,Via Pavimentada
9254,83887,TRV UBIRATA,Travessa Ubirata,Trv Ubirata,S,Via Pavimentada
11714,125237,TRV ULISSES COSTA,Travessa Ulisses Costa,Trv Ulisses Costa,S,Via Pavimentada
10624,109665,TRV ULISSES MONTARROLHOS,Travessa Ulisses Montarrolhos,Trv Ulisses Montarrolhos,S,Via Pavimentada
10793,111163,TRV URANIA,Travessa Urania,Trv Urania,S,Via Pavimentada
11511,120758,TRV URUGUAIANA,Travessa Uruguaiana,Trv Uruguaiana,X,Não definida
10992,113662,TRV URUPES,Travessa Urupês,Trv Urupes,X,Não definida
8812,78522,TRV VALDEMAR,Travessa Valdemar,Trv Valdemar,S,Via Pavimentada
9310,84522,TRV VALDEMAR FALCAO,Travessa Valdemar Falcão,Trv Valdemar Falcao,S,Via Pavimentada
11245,116980,TRV VALE DO ITAJAI,Travessa Vale do Itajaí,Trv Vale do Itajai,N,Via Não Pavimentada
10141,95451,TRV VALE DO MONTE,Travessa Vale do Monte,Trv. Vale do Monte,N,Via Não Pavimentada
10902,112488,TRV VASCO DA GAMA,Travessa Vasco da Gama,Trv Vasco da Gama,S,Via Pavimentada
716,1600,TRV VENCEDORA,Travessa Vencedora,Trv Vencedora,X,Não definida
11154,115843,TRV VEREADOR OTACILIO AZEVEDO,Travessa Vereador Otacílio Azevedo,Trv Ver Otacilio Azevedo,N,Via Não Pavimentada
9362,85332,TRV VEREADOR SERGIO GODOY,Travessa Vereador Sérgio Godoy,Trv Ver Sergio Godoy,S,Via Pavimentada
8219,71641,TRV VICENTE DO REGO MONTEIRO,Travessa Vicente do Rego Monteiro,Trv Vicente do Rego Monteiro,X,Não definida
11083,114758,TRV VICTOR FELICIANO,Travessa Victor Feliciano,Trv Victor Feliciano,N,Via Não Pavimentada
11828,700223,TRV VINTE E DOIS DE AGOSTO,Travessa Vinte E Dois de Agosto,Trv Vinte e Dois de Agosto,S,Via Pavimentada
8954,80250,TRV VINTE E UM DE SETEMBRO,Travessa Vinte E Um de Setembro,Trv Vinte e Um de Setembro,X,Não definida
8228,71749,TRV VISCONDE DE ARAGUAYA,Travessa Visconde de Araguaya,Trv Visc de Araguaya,S,Via Pavimentada
11304,117730,TRV VISCONDE DE CORREIA BOTELHO,Travessa Visconde de Correia Botelho,Trv Visc de Correia Botelho,S,Via Pavimentada
9706,88552,TRV VISCONDE DE PELOTAS,Travessa Visconde de Pelotas,Trv Visc de Pelotas,N,Via Não Pavimentada
9527,87106,TRV VISCONDE DE SAO LEOPOLDO,Travessa Visconde de São Leopoldo,Trv Visc de São Leopoldo,S,Via Pavimentada
8028,69612,TRV VISCONDE DO URUGUAI,Travessa Visconde do Uruguai,Trv Visc do Uruguai,S,Via Pavimentada
8951,80225,TRV WALDEMAR REIS DO REGO,Travessa Waldemar Reis do Rego,Trv Waldemar Reis do Rego,N,Via Não Pavimentada
11133,115606,TRV WALDEMIR TELES,Travessa Waldemir Teles,Trv Waldemir Teles,S,Via Pavimentada
9311,84530,TRV WASHINGTON DUARTE ESPINDOLA,Travessa Washington Duarte Espíndola,Trv Washington Duarte Espindola,S,Via Pavimentada
2141,14397,TRV XAVIER SOBRINHO,Travessa Xavier Sobrinho,Trv Xavier Sobrinho,X,Não definida
5599,46167,TRV XIMBORE,Travessa Ximboré,Trv Ximbore,N,Via Não Pavimentada
11784,127000,RUA PROFESSOR ANTONIO MARIA CARDOSO,TRV ALTO DO ROSARIO,R. X,X,Não definida
316,119539,TRV NOVA JERUSALEM,TRV NOVA JERUSALEM,R. X,X,Não definida
11697,125032,VDO DA REPUBLICA DO LIBANO,VDO REPUBLICA DO LIBANO,R. X,X,Não definida
9039,81310,VDO ALCA DO COMPLEXO CEASA,Viaduto Alça do Complexo Ceasa,Vdo Alça do Complexo Ceasa,S,Via Pavimentada
9524,87068,VDO ALCA DO COMPLEXO CEASA,Viaduto Alça do Complexo Ceasa,Vdo Alça do Complexo Ceasa,S,Via Pavimentada
9395,85685,VDO ALCA DO COMPLEXO CEASA,Viaduto Alça do Complexo Ceasa,Vdo Alça do Complexo Ceasa,S,Via Pavimentada
9041,81329,VDO ALCA DO COMPLEXO CEASA,Viaduto Alça do Complexo Ceasa,Vdo Alça do Complexo Ceasa,S,Via Pavimentada
8569,75469,VDO CAXANGA,Viaduto Caxangá,Vdo Caxangá,S,Via Pavimentada
11643,124460,VDO DA AV VISCONDE DE SAO LEOPOLDO,Viaduto da Avenida Visconde de São Leopoldo,Vdo. da Av. Visconde de São Leopoldo,N,Via Não Pavimentada
11646,124478,VDO DA CEASA,Viaduto da Ceasa,Vdo. da Ceasa,N,Via Não Pavimentada
7758,66362,VDO DAS CINCO PONTAS,Viaduto das Cinco Pontas,Vdo das Cinco Pontas,S,Via Pavimentada
8571,75477,VDO DOIS IRMAOS,Viaduto Dois Irmãos,Vdo Dois Irmãos,S,Via Pavimentada
9347,85197,VDO ENG ROBERTO PEREIRA DE CARVELHO,Viaduto Engenheiro Roberto Pereira de Carvalho,Vdo Eng Roberto Perreira de Carvalho,S,Via Pavimentada
10249,97420,VDO GOVERNADOR CORDEIRO DE FARIAS,Viaduto Governador Cordeiro de Farias,Vdo Gov. Cordeiro de Farias,S,Via Pavimentada
8561,75426,VDO INDEPENDENCIA,Viaduto Independência,Vdo Independência,S,Via Pavimentada
8309,72702,VDO LEANDRO BARRETO,Viaduto Leandro Barreto,Vdo Leandro Barreto,N,Via Não Pavimentada
8545,75205,VDO PAPA JOAO PAULO II,Viaduto Papa João Paulo II,Vdo Papa João Paulo II,S,Via Pavimentada
8564,75434,VDO PRESIDENTE MEDICI,Viaduto Presidente Médici,Vdo Pres Médici,S,Via Pavimentada
8780,78190,VDO PRESIDENTE TANCREDO NEVES,Viaduto Presidente Tancredo Neves,Vdo Pres Tancredo Neves,S,Via Pavimentada
9301,84417,VDO REITORIA,Viaduto Reitoria,Vdo Reitoria,S,Via Pavimentada
9038,81299,VDO S D 5168,Viaduto S D 5168,Vdo S D 5168,S,Via Pavimentada
10506,106054,VDO ULYSSES GUIMARAES,Viaduto Ulysses Guimarães,Vdo Ulysses Guimarães,S,Via Pavimentada
8751,77852,VIL ASA BRANCA,Vila Asa Branca,Vila Asa Branca,S,Via Pavimentada
8385,73547,VIL ASCENDINO,Vila Ascendino,Vila Ascendino,S,Via Pavimentada
8178,71234,VIL ASSUNCAO,Vila Assunção,Vila Assunção,N,Via Não Pavimentada
8116,70521,VIL BEIJA-FLOR,Vila Beija-Flor,Vila Beija-Flor,S,Via Pavimentada
8145,70815,VIL CUSTODIA,Vila Custódia,Vila Custódia,N,Via Não Pavimentada
8143,70793,VIL DO SALGADO,Vila do Salgado,Vil do Salgado,S,Via Pavimentada
8506,74675,VIL DO SOSSEGO,Vila do Sossego,Vila do Sossego,N,Via Não Pavimentada
9224,83488,VIL EDGAR CAMPELO,Vila Edgar Campelo,Vil Edgar Campelo,N,Via Não Pavimentada
8557,75361,VIL EDMAR OLIVEIRA E SILVA,Vila Edmar Oliveira e Silva,Vil Edmar Oliveira e Silva,N,Via Não Pavimentada
8284,72435,VIL ELIETE,Vila Eliete,Vila Eliete,N,Via Não Pavimentada
8179,71242,VIL ELISA TEREZA,Vila Elisa Tereza,Vil Elisa Tereza,N,Via Não Pavimentada
8417,73938,VIL FELIPE ANTMAN,Vila Felipe Antman,Vil Felipe Antman,N,Via Não Pavimentada
81,71773,VIL IRACY,Vila Iracy,Vila Iracy,S,Via Pavimentada
8362,73296,VIL JACOBINA,Vila Jacobina,Vil Jacobina,N,Via Não Pavimentada
8642,76333,VIL LAGOA DA CANOA,Vila Lagoa da Canoa,Vil Lagoa da Canoa,N,Via Não Pavimentada
7936,68187,VIL MIAMI,Vila Miami,Vil Miami,N,Via Não Pavimentada
8882,79421,VIL NAPOLEAO MACEDO,Vila Napoleão Macedo,Vil Napoleao Macedo,S,Via Pavimentada
8109,70440,VIL N S DA CONCEICAO,Vila Nossa Senhora da Conceição,Vil N S da Conceição,N,Via Não Pavimentada
9544,87386,VIL N S DE FATIMA,Vila Nossa Senhora de Fátima,Vil N S de Fátima,S,Via Pavimentada
10311,98744,VIL N S DA CONCEICAO,Vila N S da Conceição,Vil N S da Conceição,N,Via Não Pavimentada
8342,73091,VIL N S DE LOURDES,Vila N S de Lourdes,Vil N S de Lourdes,S,Via Pavimentada
8263,72141,VIL REX,Vila Rex,Vil Rex,N,Via Não Pavimentada
8409,73849,VIL RISSETE,Vila Rissete,Vila Rissete,N,Via Não Pavimentada
41,68209,VIL ROSA,Vila Rosa,Vil Rosa,N,Via Não Pavimentada
11719,125270,VIL SANTO ANTONIO,Vila Santo Antônio,Vil. S. Antônio.,X,Não definida
8360,73288,VIL SAO CARLOS,Vila São Carlos,Vil São Carlos,N,Via Não Pavimentada
8215,71595,VIL SAO JOSE,Vila São José,Vila São José,N,Via Não Pavimentada
8427,74039,VIL SAO JUDAS TADEU,Vila São Judas Tadeu,Vil São Judas Tadeu,N,Via Não Pavimentada
8146,70823,VIL SAO LUIZ,Vila São Luiz,Vil São Luiz,N,Via Não Pavimentada
8949,80195,VIL SARGENTO BIU,Vila Sargento Biu,Vila Sgtº Biu,N,Via Não Pavimentada
8560,75400,VIL ZENAIDE,Vila Zenaide,Vila Zenaide,S,Via Pavimentada
